Eval_AverageReturn,Eval_StdReturn,Eval_MaxReturn,Eval_MinReturn,Eval_AverageEpLen,step,Train_EpisodeReturn,Train_EpisodeLen,actor_loss,entropy,critic_loss,q_values,target_values,actor_lr,critic_lr,temperature
6.8,4.0199504,15.0,3.0,6.8,0,,,,,,,,,,
,,,,,6,7.0,7,,,,,,,,
,,,,,13,7.0,7,,,,,,,,
,,,,,18,5.0,5,,,,,,,,
,,,,,21,3.0,3,,,,,,,,
,,,,,30,9.0,9,,,,,,,,
,,,,,38,8.0,8,,,,,,,,
,,,,,41,3.0,3,,,,,,,,
,,,,,45,4.0,4,,,,,,,,
,,,,,51,6.0,6,,,,,,,,
,,,,,54,3.0,3,,,,,,,,
,,,,,58,4.0,4,,,,,,,,
,,,,,63,5.0,5,,,,,,,,
,,,,,67,4.0,4,,,,,,,,
,,,,,73,6.0,6,,,,,,,,
,,,,,81,8.0,8,,,,,,,,
,,,,,84,3.0,3,,,,,,,,
,,,,,90,6.0,6,,,,,,,,
,,,,,94,4.0,4,,,,,,,,
,,,,,101,7.0,7,,,,,,,,
,,,,,106,5.0,5,,,,,,,,
,,,,,112,6.0,6,,,,,,,,
,,,,,121,9.0,9,,,,,,,,
,,,,,140,19.0,19,,,,,,,,
,,,,,145,5.0,5,,,,,,,,
,,,,,151,6.0,6,,,,,,,,
,,,,,154,3.0,3,,,,,,,,
,,,,,158,4.0,4,,,,,,,,
,,,,,162,4.0,4,,,,,,,,
,,,,,170,8.0,8,,,,,,,,
,,,,,182,12.0,12,,,,,,,,
,,,,,195,13.0,13,,,,,,,,
,,,,,201,6.0,6,,,,,,,,
,,,,,208,7.0,7,,,,,,,,
,,,,,211,3.0,3,,,,,,,,
,,,,,216,5.0,5,,,,,,,,
,,,,,227,11.0,11,,,,,,,,
,,,,,230,3.0,3,,,,,,,,
,,,,,233,3.0,3,,,,,,,,
,,,,,240,7.0,7,,,,,,,,
,,,,,245,5.0,5,,,,,,,,
,,,,,250,5.0,5,,,,,,,,
,,,,,253,3.0,3,,,,,,,,
,,,,,256,3.0,3,,,,,,,,
,,,,,260,4.0,4,,,,,,,,
,,,,,264,4.0,4,,,,,,,,
,,,,,268,4.0,4,,,,,,,,
,,,,,278,10.0,10,,,,,,,,
,,,,,281,3.0,3,,,,,,,,
,,,,,284,3.0,3,,,,,,,,
,,,,,288,4.0,4,,,,,,,,
,,,,,299,11.0,11,,,,,,,,
,,,,,303,4.0,4,,,,,,,,
,,,,,310,7.0,7,,,,,,,,
,,,,,321,11.0,11,,,,,,,,
,,,,,326,5.0,5,,,,,,,,
,,,,,329,3.0,3,,,,,,,,
,,,,,334,5.0,5,,,,,,,,
,,,,,344,10.0,10,,,,,,,,
,,,,,348,4.0,4,,,,,,,,
,,,,,352,4.0,4,,,,,,,,
,,,,,357,5.0,5,,,,,,,,
,,,,,363,6.0,6,,,,,,,,
,,,,,368,5.0,5,,,,,,,,
,,,,,372,4.0,4,,,,,,,,
,,,,,377,5.0,5,,,,,,,,
,,,,,389,12.0,12,,,,,,,,
,,,,,400,11.0,11,,,,,,,,
,,,,,412,12.0,12,,,,,,,,
,,,,,420,8.0,8,,,,,,,,
,,,,,426,6.0,6,,,,,,,,
,,,,,429,3.0,3,,,,,,,,
,,,,,442,13.0,13,,,,,,,,
,,,,,448,6.0,6,,,,,,,,
,,,,,457,9.0,9,,,,,,,,
,,,,,461,4.0,4,,,,,,,,
,,,,,465,4.0,4,,,,,,,,
,,,,,468,3.0,3,,,,,,,,
,,,,,472,4.0,4,,,,,,,,
,,,,,479,7.0,7,,,,,,,,
,,,,,482,3.0,3,,,,,,,,
,,,,,486,4.0,4,,,,,,,,
,,,,,489,3.0,3,,,,,,,,
,,,,,494,5.0,5,,,,,,,,
,,,,,501,7.0,7,,,,,,,,
,,,,,505,4.0,4,,,,,,,,
,,,,,510,5.0,5,,,,,,,,
,,,,,517,7.0,7,,,,,,,,
,,,,,520,3.0,3,,,,,,,,
,,,,,530,10.0,10,,,,,,,,
,,,,,533,3.0,3,,,,,,,,
,,,,,537,4.0,4,,,,,,,,
,,,,,541,4.0,4,,,,,,,,
,,,,,545,4.0,4,,,,,,,,
,,,,,553,8.0,8,,,,,,,,
,,,,,556,3.0,3,,,,,,,,
,,,,,560,4.0,4,,,,,,,,
,,,,,564,4.0,4,,,,,,,,
,,,,,569,5.0,5,,,,,,,,
,,,,,574,5.0,5,,,,,,,,
,,,,,583,9.0,9,,,,,,,,
,,,,,586,3.0,3,,,,,,,,
,,,,,591,5.0,5,,,,,,,,
,,,,,596,5.0,5,,,,,,,,
,,,,,601,5.0,5,,,,,,,,
,,,,,609,8.0,8,,,,,,,,
,,,,,622,13.0,13,,,,,,,,
,,,,,629,7.0,7,,,,,,,,
,,,,,636,7.0,7,,,,,,,,
,,,,,642,6.0,6,,,,,,,,
,,,,,645,3.0,3,,,,,,,,
,,,,,648,3.0,3,,,,,,,,
,,,,,651,3.0,3,,,,,,,,
,,,,,654,3.0,3,,,,,,,,
,,,,,657,3.0,3,,,,,,,,
,,,,,665,8.0,8,,,,,,,,
,,,,,669,4.0,4,,,,,,,,
,,,,,672,3.0,3,,,,,,,,
,,,,,682,10.0,10,,,,,,,,
,,,,,686,4.0,4,,,,,,,,
,,,,,694,8.0,8,,,,,,,,
,,,,,703,9.0,9,,,,,,,,
,,,,,710,7.0,7,,,,,,,,
,,,,,714,4.0,4,,,,,,,,
,,,,,718,4.0,4,,,,,,,,
,,,,,722,4.0,4,,,,,,,,
,,,,,727,5.0,5,,,,,,,,
,,,,,732,5.0,5,,,,,,,,
,,,,,735,3.0,3,,,,,,,,
,,,,,739,4.0,4,,,,,,,,
,,,,,742,3.0,3,,,,,,,,
,,,,,745,3.0,3,,,,,,,,
,,,,,751,6.0,6,,,,,,,,
,,,,,755,4.0,4,,,,,,,,
,,,,,761,6.0,6,,,,,,,,
,,,,,766,5.0,5,,,,,,,,
,,,,,769,3.0,3,,,,,,,,
,,,,,774,5.0,5,,,,,,,,
,,,,,778,4.0,4,,,,,,,,
,,,,,781,3.0,3,,,,,,,,
,,,,,784,3.0,3,,,,,,,,
,,,,,792,8.0,8,,,,,,,,
,,,,,796,4.0,4,,,,,,,,
,,,,,802,6.0,6,,,,,,,,
,,,,,805,3.0,3,,,,,,,,
,,,,,821,16.0,16,,,,,,,,
,,,,,827,6.0,6,,,,,,,,
,,,,,830,3.0,3,,,,,,,,
,,,,,837,7.0,7,,,,,,,,
,,,,,845,8.0,8,,,,,,,,
,,,,,849,4.0,4,,,,,,,,
,,,,,854,5.0,5,,,,,,,,
,,,,,861,7.0,7,,,,,,,,
,,,,,866,5.0,5,,,,,,,,
,,,,,874,8.0,8,,,,,,,,
,,,,,879,5.0,5,,,,,,,,
,,,,,887,8.0,8,,,,,,,,
,,,,,891,4.0,4,,,,,,,,
,,,,,902,11.0,11,,,,,,,,
,,,,,911,9.0,9,,,,,,,,
,,,,,914,3.0,3,,,,,,,,
,,,,,918,4.0,4,,,,,,,,
,,,,,922,4.0,4,,,,,,,,
,,,,,933,11.0,11,,,,,,,,
,,,,,936,3.0,3,,,,,,,,
,,,,,941,5.0,5,,,,,,,,
,,,,,951,10.0,10,,,,,,,,
,,,,,962,11.0,11,,,,,,,,
,,,,,966,4.0,4,,,,,,,,
,,,,,969,3.0,3,,,,,,,,
,,,,,975,6.0,6,,,,,,,,
,,,,,983,8.0,8,,,,,,,,
,,,,,988,5.0,5,,,,,,,,
,,,,,992,4.0,4,,,,,,,,
,,,,,996,4.0,4,,,,,,,,
,,,,,999,3.0,3,,,,,,,,
,,,,,1006,7.0,7,,,,,,,,
,,,,,1009,3.0,3,,,,,,,,
,,,,,1013,4.0,4,,,,,,,,
,,,,,1025,12.0,12,,,,,,,,
,,,,,1030,5.0,5,,,,,,,,
,,,,,1035,5.0,5,,,,,,,,
,,,,,1038,3.0,3,,,,,,,,
,,,,,1041,3.0,3,,,,,,,,
,,,,,1045,4.0,4,,,,,,,,
,,,,,1061,16.0,16,,,,,,,,
,,,,,1076,15.0,15,,,,,,,,
,,,,,1083,7.0,7,,,,,,,,
,,,,,1087,4.0,4,,,,,,,,
,,,,,1090,3.0,3,,,,,,,,
,,,,,1093,3.0,3,,,,,,,,
,,,,,1105,12.0,12,,,,,,,,
,,,,,1128,23.0,23,,,,,,,,
,,,,,1132,4.0,4,,,,,,,,
,,,,,1138,6.0,6,,,,,,,,
,,,,,1149,11.0,11,,,,,,,,
,,,,,1152,3.0,3,,,,,,,,
,,,,,1155,3.0,3,,,,,,,,
,,,,,1158,3.0,3,,,,,,,,
,,,,,1165,7.0,7,,,,,,,,
,,,,,1168,3.0,3,,,,,,,,
,,,,,1171,3.0,3,,,,,,,,
,,,,,1175,4.0,4,,,,,,,,
,,,,,1180,5.0,5,,,,,,,,
,,,,,1183,3.0,3,,,,,,,,
,,,,,1187,4.0,4,,,,,,,,
,,,,,1190,3.0,3,,,,,,,,
,,,,,1199,9.0,9,,,,,,,,
,,,,,1208,9.0,9,,,,,,,,
,,,,,1218,10.0,10,,,,,,,,
,,,,,1229,11.0,11,,,,,,,,
,,,,,1243,14.0,14,,,,,,,,
,,,,,1259,16.0,16,,,,,,,,
,,,,,1269,10.0,10,,,,,,,,
,,,,,1274,5.0,5,,,,,,,,
,,,,,1279,5.0,5,,,,,,,,
,,,,,1291,12.0,12,,,,,,,,
,,,,,1295,4.0,4,,,,,,,,
,,,,,1300,5.0,5,,,,,,,,
,,,,,1305,5.0,5,,,,,,,,
,,,,,1309,4.0,4,,,,,,,,
,,,,,1316,7.0,7,,,,,,,,
,,,,,1320,4.0,4,,,,,,,,
,,,,,1329,9.0,9,,,,,,,,
,,,,,1336,7.0,7,,,,,,,,
,,,,,1340,4.0,4,,,,,,,,
,,,,,1348,8.0,8,,,,,,,,
,,,,,1354,6.0,6,,,,,,,,
,,,,,1358,4.0,4,,,,,,,,
,,,,,1370,12.0,12,,,,,,,,
,,,,,1373,3.0,3,,,,,,,,
,,,,,1376,3.0,3,,,,,,,,
,,,,,1381,5.0,5,,,,,,,,
,,,,,1385,4.0,4,,,,,,,,
,,,,,1390,5.0,5,,,,,,,,
,,,,,1394,4.0,4,,,,,,,,
,,,,,1407,13.0,13,,,,,,,,
,,,,,1411,4.0,4,,,,,,,,
,,,,,1416,5.0,5,,,,,,,,
,,,,,1423,7.0,7,,,,,,,,
,,,,,1431,8.0,8,,,,,,,,
,,,,,1434,3.0,3,,,,,,,,
,,,,,1439,5.0,5,,,,,,,,
,,,,,1448,9.0,9,,,,,,,,
,,,,,1453,5.0,5,,,,,,,,
,,,,,1471,18.0,18,,,,,,,,
,,,,,1478,7.0,7,,,,,,,,
,,,,,1481,3.0,3,,,,,,,,
,,,,,1484,3.0,3,,,,,,,,
,,,,,1497,13.0,13,,,,,,,,
,,,,,1514,17.0,17,,,,,,,,
,,,,,1522,8.0,8,,,,,,,,
,,,,,1527,5.0,5,,,,,,,,
,,,,,1538,11.0,11,,,,,,,,
,,,,,1544,6.0,6,,,,,,,,
,,,,,1549,5.0,5,,,,,,,,
,,,,,1557,8.0,8,,,,,,,,
,,,,,1560,3.0,3,,,,,,,,
,,,,,1572,12.0,12,,,,,,,,
,,,,,1576,4.0,4,,,,,,,,
,,,,,1582,6.0,6,,,,,,,,
,,,,,1589,7.0,7,,,,,,,,
,,,,,1596,7.0,7,,,,,,,,
,,,,,1601,5.0,5,,,,,,,,
,,,,,1605,4.0,4,,,,,,,,
,,,,,1608,3.0,3,,,,,,,,
,,,,,1614,6.0,6,,,,,,,,
,,,,,1619,5.0,5,,,,,,,,
,,,,,1624,5.0,5,,,,,,,,
,,,,,1636,12.0,12,,,,,,,,
,,,,,1644,8.0,8,,,,,,,,
,,,,,1649,5.0,5,,,,,,,,
,,,,,1652,3.0,3,,,,,,,,
,,,,,1655,3.0,3,,,,,,,,
,,,,,1660,5.0,5,,,,,,,,
,,,,,1663,3.0,3,,,,,,,,
,,,,,1668,5.0,5,,,,,,,,
,,,,,1673,5.0,5,,,,,,,,
,,,,,1684,11.0,11,,,,,,,,
,,,,,1690,6.0,6,,,,,,,,
,,,,,1699,9.0,9,,,,,,,,
,,,,,1703,4.0,4,,,,,,,,
,,,,,1708,5.0,5,,,,,,,,
,,,,,1727,19.0,19,,,,,,,,
,,,,,1730,3.0,3,,,,,,,,
,,,,,1742,12.0,12,,,,,,,,
,,,,,1756,14.0,14,,,,,,,,
,,,,,1762,6.0,6,,,,,,,,
,,,,,1765,3.0,3,,,,,,,,
,,,,,1770,5.0,5,,,,,,,,
,,,,,1773,3.0,3,,,,,,,,
,,,,,1780,7.0,7,,,,,,,,
,,,,,1794,14.0,14,,,,,,,,
,,,,,1804,10.0,10,,,,,,,,
,,,,,1812,8.0,8,,,,,,,,
,,,,,1816,4.0,4,,,,,,,,
,,,,,1823,7.0,7,,,,,,,,
,,,,,1826,3.0,3,,,,,,,,
,,,,,1833,7.0,7,,,,,,,,
,,,,,1838,5.0,5,,,,,,,,
,,,,,1847,9.0,9,,,,,,,,
,,,,,1858,11.0,11,,,,,,,,
,,,,,1861,3.0,3,,,,,,,,
,,,,,1867,6.0,6,,,,,,,,
,,,,,1875,8.0,8,,,,,,,,
,,,,,1891,16.0,16,,,,,,,,
,,,,,1896,5.0,5,,,,,,,,
,,,,,1900,4.0,4,,,,,,,,
,,,,,1904,4.0,4,,,,,,,,
,,,,,1907,3.0,3,,,,,,,,
,,,,,1910,3.0,3,,,,,,,,
,,,,,1914,4.0,4,,,,,,,,
,,,,,1924,10.0,10,,,,,,,,
,,,,,1932,8.0,8,,,,,,,,
,,,,,1938,6.0,6,,,,,,,,
,,,,,1943,5.0,5,,,,,,,,
,,,,,1948,5.0,5,,,,,,,,
,,,,,1958,10.0,10,,,,,,,,
,,,,,1965,7.0,7,,,,,,,,
,,,,,1969,4.0,4,,,,,,,,
,,,,,1972,3.0,3,,,,,,,,
,,,,,1992,20.0,20,,,,,,,,
,,,,,1995,3.0,3,,,,,,,,
,,,,,2003,8.0,8,,,,,,,,
,,,,,2009,6.0,6,,,,,,,,
,,,,,2013,4.0,4,,,,,,,,
,,,,,2017,4.0,4,,,,,,,,
,,,,,2026,9.0,9,,,,,,,,
,,,,,2034,8.0,8,,,,,,,,
,,,,,2037,3.0,3,,,,,,,,
,,,,,2041,4.0,4,,,,,,,,
,,,,,2051,10.0,10,,,,,,,,
,,,,,2074,23.0,23,,,,,,,,
,,,,,2079,5.0,5,,,,,,,,
,,,,,2093,14.0,14,,,,,,,,
,,,,,2099,6.0,6,,,,,,,,
,,,,,2103,4.0,4,,,,,,,,
,,,,,2116,13.0,13,,,,,,,,
,,,,,2121,5.0,5,,,,,,,,
,,,,,2129,8.0,8,,,,,,,,
,,,,,2136,7.0,7,,,,,,,,
,,,,,2152,16.0,16,,,,,,,,
,,,,,2156,4.0,4,,,,,,,,
,,,,,2163,7.0,7,,,,,,,,
,,,,,2172,9.0,9,,,,,,,,
,,,,,2179,7.0,7,,,,,,,,
,,,,,2185,6.0,6,,,,,,,,
,,,,,2199,14.0,14,,,,,,,,
,,,,,2203,4.0,4,,,,,,,,
,,,,,2208,5.0,5,,,,,,,,
,,,,,2214,6.0,6,,,,,,,,
,,,,,2230,16.0,16,,,,,,,,
,,,,,2235,5.0,5,,,,,,,,
,,,,,2257,22.0,22,,,,,,,,
,,,,,2264,7.0,7,,,,,,,,
,,,,,2270,6.0,6,,,,,,,,
,,,,,2295,25.0,25,,,,,,,,
,,,,,2298,3.0,3,,,,,,,,
,,,,,2304,6.0,6,,,,,,,,
,,,,,2308,4.0,4,,,,,,,,
,,,,,2313,5.0,5,,,,,,,,
,,,,,2323,10.0,10,,,,,,,,
,,,,,2327,4.0,4,,,,,,,,
,,,,,2330,3.0,3,,,,,,,,
,,,,,2341,11.0,11,,,,,,,,
,,,,,2352,11.0,11,,,,,,,,
,,,,,2358,6.0,6,,,,,,,,
,,,,,2363,5.0,5,,,,,,,,
,,,,,2367,4.0,4,,,,,,,,
,,,,,2379,12.0,12,,,,,,,,
,,,,,2389,10.0,10,,,,,,,,
,,,,,2400,11.0,11,,,,,,,,
,,,,,2409,9.0,9,,,,,,,,
,,,,,2416,7.0,7,,,,,,,,
,,,,,2425,9.0,9,,,,,,,,
,,,,,2429,4.0,4,,,,,,,,
,,,,,2434,5.0,5,,,,,,,,
,,,,,2437,3.0,3,,,,,,,,
,,,,,2443,6.0,6,,,,,,,,
,,,,,2454,11.0,11,,,,,,,,
,,,,,2457,3.0,3,,,,,,,,
,,,,,2467,10.0,10,,,,,,,,
,,,,,2470,3.0,3,,,,,,,,
,,,,,2478,8.0,8,,,,,,,,
,,,,,2482,4.0,4,,,,,,,,
,,,,,2487,5.0,5,,,,,,,,
,,,,,2490,3.0,3,,,,,,,,
,,,,,2506,16.0,16,,,,,,,,
,,,,,2512,6.0,6,,,,,,,,
,,,,,2522,10.0,10,,,,,,,,
,,,,,2530,8.0,8,,,,,,,,
,,,,,2537,7.0,7,,,,,,,,
,,,,,2547,10.0,10,,,,,,,,
,,,,,2550,3.0,3,,,,,,,,
,,,,,2563,13.0,13,,,,,,,,
,,,,,2575,12.0,12,,,,,,,,
,,,,,2582,7.0,7,,,,,,,,
,,,,,2586,4.0,4,,,,,,,,
,,,,,2593,7.0,7,,,,,,,,
,,,,,2596,3.0,3,,,,,,,,
,,,,,2612,16.0,16,,,,,,,,
,,,,,2616,4.0,4,,,,,,,,
,,,,,2623,7.0,7,,,,,,,,
,,,,,2629,6.0,6,,,,,,,,
,,,,,2635,6.0,6,,,,,,,,
,,,,,2644,9.0,9,,,,,,,,
,,,,,2652,8.0,8,,,,,,,,
,,,,,2665,13.0,13,,,,,,,,
,,,,,2668,3.0,3,,,,,,,,
,,,,,2676,8.0,8,,,,,,,,
,,,,,2682,6.0,6,,,,,,,,
,,,,,2685,3.0,3,,,,,,,,
,,,,,2689,4.0,4,,,,,,,,
,,,,,2695,6.0,6,,,,,,,,
,,,,,2702,7.0,7,,,,,,,,
,,,,,2707,5.0,5,,,,,,,,
,,,,,2711,4.0,4,,,,,,,,
,,,,,2715,4.0,4,,,,,,,,
,,,,,2725,10.0,10,,,,,,,,
,,,,,2733,8.0,8,,,,,,,,
,,,,,2738,5.0,5,,,,,,,,
,,,,,2741,3.0,3,,,,,,,,
,,,,,2749,8.0,8,,,,,,,,
,,,,,2765,16.0,16,,,,,,,,
,,,,,2775,10.0,10,,,,,,,,
,,,,,2781,6.0,6,,,,,,,,
,,,,,2785,4.0,4,,,,,,,,
,,,,,2792,7.0,7,,,,,,,,
,,,,,2796,4.0,4,,,,,,,,
,,,,,2802,6.0,6,,,,,,,,
,,,,,2807,5.0,5,,,,,,,,
,,,,,2826,19.0,19,,,,,,,,
,,,,,2835,9.0,9,,,,,,,,
,,,,,2841,6.0,6,,,,,,,,
,,,,,2845,4.0,4,,,,,,,,
,,,,,2852,7.0,7,,,,,,,,
,,,,,2866,14.0,14,,,,,,,,
,,,,,2877,11.0,11,,,,,,,,
,,,,,2882,5.0,5,,,,,,,,
,,,,,2887,5.0,5,,,,,,,,
,,,,,2895,8.0,8,,,,,,,,
,,,,,2909,14.0,14,,,,,,,,
,,,,,2916,7.0,7,,,,,,,,
,,,,,2929,13.0,13,,,,,,,,
,,,,,2936,7.0,7,,,,,,,,
,,,,,2942,6.0,6,,,,,,,,
,,,,,2950,8.0,8,,,,,,,,
,,,,,2956,6.0,6,,,,,,,,
,,,,,2964,8.0,8,,,,,,,,
,,,,,2976,12.0,12,,,,,,,,
,,,,,2983,7.0,7,,,,,,,,
,,,,,2986,3.0,3,,,,,,,,
,,,,,3007,21.0,21,,,,,,,,
,,,,,3018,11.0,11,,,,,,,,
,,,,,3022,4.0,4,,,,,,,,
,,,,,3036,14.0,14,,,,,,,,
,,,,,3040,4.0,4,,,,,,,,
,,,,,3047,7.0,7,,,,,,,,
,,,,,3053,6.0,6,,,,,,,,
,,,,,3058,5.0,5,,,,,,,,
,,,,,3065,7.0,7,,,,,,,,
,,,,,3073,8.0,8,,,,,,,,
,,,,,3079,6.0,6,,,,,,,,
,,,,,3083,4.0,4,,,,,,,,
,,,,,3087,4.0,4,,,,,,,,
,,,,,3092,5.0,5,,,,,,,,
,,,,,3095,3.0,3,,,,,,,,
,,,,,3100,5.0,5,,,,,,,,
,,,,,3104,4.0,4,,,,,,,,
,,,,,3110,6.0,6,,,,,,,,
,,,,,3123,13.0,13,,,,,,,,
,,,,,3126,3.0,3,,,,,,,,
,,,,,3130,4.0,4,,,,,,,,
,,,,,3133,3.0,3,,,,,,,,
,,,,,3136,3.0,3,,,,,,,,
,,,,,3140,4.0,4,,,,,,,,
,,,,,3144,4.0,4,,,,,,,,
,,,,,3148,4.0,4,,,,,,,,
,,,,,3157,9.0,9,,,,,,,,
,,,,,3161,4.0,4,,,,,,,,
,,,,,3167,6.0,6,,,,,,,,
,,,,,3171,4.0,4,,,,,,,,
,,,,,3179,8.0,8,,,,,,,,
,,,,,3184,5.0,5,,,,,,,,
,,,,,3195,11.0,11,,,,,,,,
,,,,,3198,3.0,3,,,,,,,,
,,,,,3202,4.0,4,,,,,,,,
,,,,,3207,5.0,5,,,,,,,,
,,,,,3211,4.0,4,,,,,,,,
,,,,,3214,3.0,3,,,,,,,,
,,,,,3218,4.0,4,,,,,,,,
,,,,,3227,9.0,9,,,,,,,,
,,,,,3233,6.0,6,,,,,,,,
,,,,,3239,6.0,6,,,,,,,,
,,,,,3242,3.0,3,,,,,,,,
,,,,,3247,5.0,5,,,,,,,,
,,,,,3254,7.0,7,,,,,,,,
,,,,,3265,11.0,11,,,,,,,,
,,,,,3271,6.0,6,,,,,,,,
,,,,,3280,9.0,9,,,,,,,,
,,,,,3285,5.0,5,,,,,,,,
,,,,,3309,24.0,24,,,,,,,,
,,,,,3312,3.0,3,,,,,,,,
,,,,,3315,3.0,3,,,,,,,,
,,,,,3321,6.0,6,,,,,,,,
,,,,,3325,4.0,4,,,,,,,,
,,,,,3338,13.0,13,,,,,,,,
,,,,,3346,8.0,8,,,,,,,,
,,,,,3363,17.0,17,,,,,,,,
,,,,,3366,3.0,3,,,,,,,,
,,,,,3377,11.0,11,,,,,,,,
,,,,,3391,14.0,14,,,,,,,,
,,,,,3403,12.0,12,,,,,,,,
,,,,,3409,6.0,6,,,,,,,,
,,,,,3429,20.0,20,,,,,,,,
,,,,,3442,13.0,13,,,,,,,,
,,,,,3449,7.0,7,,,,,,,,
,,,,,3455,6.0,6,,,,,,,,
,,,,,3460,5.0,5,,,,,,,,
,,,,,3481,21.0,21,,,,,,,,
,,,,,3486,5.0,5,,,,,,,,
,,,,,3502,16.0,16,,,,,,,,
,,,,,3508,6.0,6,,,,,,,,
,,,,,3514,6.0,6,,,,,,,,
,,,,,3521,7.0,7,,,,,,,,
,,,,,3528,7.0,7,,,,,,,,
,,,,,3532,4.0,4,,,,,,,,
,,,,,3535,3.0,3,,,,,,,,
,,,,,3538,3.0,3,,,,,,,,
,,,,,3544,6.0,6,,,,,,,,
,,,,,3548,4.0,4,,,,,,,,
,,,,,3555,7.0,7,,,,,,,,
,,,,,3565,10.0,10,,,,,,,,
,,,,,3569,4.0,4,,,,,,,,
,,,,,3579,10.0,10,,,,,,,,
,,,,,3595,16.0,16,,,,,,,,
,,,,,3598,3.0,3,,,,,,,,
,,,,,3606,8.0,8,,,,,,,,
,,,,,3620,14.0,14,,,,,,,,
,,,,,3624,4.0,4,,,,,,,,
,,,,,3631,7.0,7,,,,,,,,
,,,,,3640,9.0,9,,,,,,,,
,,,,,3651,11.0,11,,,,,,,,
,,,,,3657,6.0,6,,,,,,,,
,,,,,3660,3.0,3,,,,,,,,
,,,,,3664,4.0,4,,,,,,,,
,,,,,3670,6.0,6,,,,,,,,
,,,,,3674,4.0,4,,,,,,,,
,,,,,3679,5.0,5,,,,,,,,
,,,,,3683,4.0,4,,,,,,,,
,,,,,3689,6.0,6,,,,,,,,
,,,,,3701,12.0,12,,,,,,,,
,,,,,3711,10.0,10,,,,,,,,
,,,,,3726,15.0,15,,,,,,,,
,,,,,3736,10.0,10,,,,,,,,
,,,,,3743,7.0,7,,,,,,,,
,,,,,3767,24.0,24,,,,,,,,
,,,,,3785,18.0,18,,,,,,,,
,,,,,3790,5.0,5,,,,,,,,
,,,,,3806,16.0,16,,,,,,,,
,,,,,3821,15.0,15,,,,,,,,
,,,,,3825,4.0,4,,,,,,,,
,,,,,3831,6.0,6,,,,,,,,
,,,,,3836,5.0,5,,,,,,,,
,,,,,3841,5.0,5,,,,,,,,
,,,,,3844,3.0,3,,,,,,,,
,,,,,3850,6.0,6,,,,,,,,
,,,,,3855,5.0,5,,,,,,,,
,,,,,3858,3.0,3,,,,,,,,
,,,,,3875,17.0,17,,,,,,,,
,,,,,3880,5.0,5,,,,,,,,
,,,,,3886,6.0,6,,,,,,,,
,,,,,3890,4.0,4,,,,,,,,
,,,,,3895,5.0,5,,,,,,,,
,,,,,3899,4.0,4,,,,,,,,
,,,,,3914,15.0,15,,,,,,,,
,,,,,3923,9.0,9,,,,,,,,
,,,,,3928,5.0,5,,,,,,,,
,,,,,3937,9.0,9,,,,,,,,
,,,,,3945,8.0,8,,,,,,,,
,,,,,3955,10.0,10,,,,,,,,
,,,,,3966,11.0,11,,,,,,,,
,,,,,3969,3.0,3,,,,,,,,
,,,,,3973,4.0,4,,,,,,,,
,,,,,3979,6.0,6,,,,,,,,
,,,,,3988,9.0,9,,,,,,,,
,,,,,3994,6.0,6,,,,,,,,
,,,,,4005,11.0,11,,,,,,,,
,,,,,4010,5.0,5,,,,,,,,
,,,,,4025,15.0,15,,,,,,,,
,,,,,4040,15.0,15,,,,,,,,
,,,,,4051,11.0,11,,,,,,,,
,,,,,4060,9.0,9,,,,,,,,
,,,,,4066,6.0,6,,,,,,,,
,,,,,4074,8.0,8,,,,,,,,
,,,,,4081,7.0,7,,,,,,,,
,,,,,4085,4.0,4,,,,,,,,
,,,,,4089,4.0,4,,,,,,,,
,,,,,4095,6.0,6,,,,,,,,
,,,,,4099,4.0,4,,,,,,,,
,,,,,4116,17.0,17,,,,,,,,
,,,,,4121,5.0,5,,,,,,,,
,,,,,4133,12.0,12,,,,,,,,
,,,,,4143,10.0,10,,,,,,,,
,,,,,4146,3.0,3,,,,,,,,
,,,,,4150,4.0,4,,,,,,,,
,,,,,4154,4.0,4,,,,,,,,
,,,,,4158,4.0,4,,,,,,,,
,,,,,4163,5.0,5,,,,,,,,
,,,,,4167,4.0,4,,,,,,,,
,,,,,4174,7.0,7,,,,,,,,
,,,,,4179,5.0,5,,,,,,,,
,,,,,4187,8.0,8,,,,,,,,
,,,,,4201,14.0,14,,,,,,,,
,,,,,4211,10.0,10,,,,,,,,
,,,,,4223,12.0,12,,,,,,,,
,,,,,4227,4.0,4,,,,,,,,
,,,,,4232,5.0,5,,,,,,,,
,,,,,4243,11.0,11,,,,,,,,
,,,,,4250,7.0,7,,,,,,,,
,,,,,4258,8.0,8,,,,,,,,
,,,,,4267,9.0,9,,,,,,,,
,,,,,4282,15.0,15,,,,,,,,
,,,,,4287,5.0,5,,,,,,,,
,,,,,4293,6.0,6,,,,,,,,
,,,,,4307,14.0,14,,,,,,,,
,,,,,4315,8.0,8,,,,,,,,
,,,,,4324,9.0,9,,,,,,,,
,,,,,4331,7.0,7,,,,,,,,
,,,,,4337,6.0,6,,,,,,,,
,,,,,4341,4.0,4,,,,,,,,
,,,,,4348,7.0,7,,,,,,,,
,,,,,4352,4.0,4,,,,,,,,
,,,,,4357,5.0,5,,,,,,,,
,,,,,4365,8.0,8,,,,,,,,
,,,,,4372,7.0,7,,,,,,,,
,,,,,4377,5.0,5,,,,,,,,
,,,,,4383,6.0,6,,,,,,,,
,,,,,4393,10.0,10,,,,,,,,
,,,,,4398,5.0,5,,,,,,,,
,,,,,4406,8.0,8,,,,,,,,
,,,,,4410,4.0,4,,,,,,,,
,,,,,4415,5.0,5,,,,,,,,
,,,,,4419,4.0,4,,,,,,,,
,,,,,4430,11.0,11,,,,,,,,
,,,,,4435,5.0,5,,,,,,,,
,,,,,4443,8.0,8,,,,,,,,
,,,,,4447,4.0,4,,,,,,,,
,,,,,4451,4.0,4,,,,,,,,
,,,,,4454,3.0,3,,,,,,,,
,,,,,4460,6.0,6,,,,,,,,
,,,,,4466,6.0,6,,,,,,,,
,,,,,4471,5.0,5,,,,,,,,
,,,,,4475,4.0,4,,,,,,,,
,,,,,4480,5.0,5,,,,,,,,
,,,,,4490,10.0,10,,,,,,,,
,,,,,4495,5.0,5,,,,,,,,
,,,,,4500,5.0,5,,,,,,,,
,,,,,4503,3.0,3,,,,,,,,
,,,,,4506,3.0,3,,,,,,,,
,,,,,4511,5.0,5,,,,,,,,
,,,,,4521,10.0,10,,,,,,,,
,,,,,4524,3.0,3,,,,,,,,
,,,,,4529,5.0,5,,,,,,,,
,,,,,4537,8.0,8,,,,,,,,
,,,,,4540,3.0,3,,,,,,,,
,,,,,4543,3.0,3,,,,,,,,
,,,,,4547,4.0,4,,,,,,,,
,,,,,4551,4.0,4,,,,,,,,
,,,,,4557,6.0,6,,,,,,,,
,,,,,4574,17.0,17,,,,,,,,
,,,,,4585,11.0,11,,,,,,,,
,,,,,4591,6.0,6,,,,,,,,
,,,,,4599,8.0,8,,,,,,,,
,,,,,4603,4.0,4,,,,,,,,
,,,,,4608,5.0,5,,,,,,,,
,,,,,4613,5.0,5,,,,,,,,
,,,,,4618,5.0,5,,,,,,,,
,,,,,4622,4.0,4,,,,,,,,
,,,,,4628,6.0,6,,,,,,,,
,,,,,4632,4.0,4,,,,,,,,
,,,,,4640,8.0,8,,,,,,,,
,,,,,4646,6.0,6,,,,,,,,
,,,,,4651,5.0,5,,,,,,,,
,,,,,4656,5.0,5,,,,,,,,
,,,,,4665,9.0,9,,,,,,,,
,,,,,4670,5.0,5,,,,,,,,
,,,,,4679,9.0,9,,,,,,,,
,,,,,4684,5.0,5,,,,,,,,
,,,,,4688,4.0,4,,,,,,,,
,,,,,4693,5.0,5,,,,,,,,
,,,,,4696,3.0,3,,,,,,,,
,,,,,4700,4.0,4,,,,,,,,
,,,,,4704,4.0,4,,,,,,,,
,,,,,4713,9.0,9,,,,,,,,
,,,,,4719,6.0,6,,,,,,,,
,,,,,4724,5.0,5,,,,,,,,
,,,,,4729,5.0,5,,,,,,,,
,,,,,4733,4.0,4,,,,,,,,
,,,,,4738,5.0,5,,,,,,,,
,,,,,4746,8.0,8,,,,,,,,
,,,,,4752,6.0,6,,,,,,,,
,,,,,4758,6.0,6,,,,,,,,
,,,,,4763,5.0,5,,,,,,,,
,,,,,4779,16.0,16,,,,,,,,
,,,,,4791,12.0,12,,,,,,,,
,,,,,4807,16.0,16,,,,,,,,
,,,,,4815,8.0,8,,,,,,,,
,,,,,4820,5.0,5,,,,,,,,
,,,,,4827,7.0,7,,,,,,,,
,,,,,4835,8.0,8,,,,,,,,
,,,,,4849,14.0,14,,,,,,,,
,,,,,4857,8.0,8,,,,,,,,
,,,,,4869,12.0,12,,,,,,,,
,,,,,4873,4.0,4,,,,,,,,
,,,,,4886,13.0,13,,,,,,,,
,,,,,4892,6.0,6,,,,,,,,
,,,,,4899,7.0,7,,,,,,,,
,,,,,4904,5.0,5,,,,,,,,
,,,,,4913,9.0,9,,,,,,,,
,,,,,4917,4.0,4,,,,,,,,
,,,,,4924,7.0,7,,,,,,,,
,,,,,4930,6.0,6,,,,,,,,
,,,,,4933,3.0,3,,,,,,,,
,,,,,4937,4.0,4,,,,,,,,
,,,,,4942,5.0,5,,,,,,,,
,,,,,4945,3.0,3,,,,,,,,
,,,,,4952,7.0,7,,,,,,,,
,,,,,4957,5.0,5,,,,,,,,
,,,,,4960,3.0,3,,,,,,,,
,,,,,4971,11.0,11,,,,,,,,
,,,,,4985,14.0,14,,,,,,,,
,,,,,4994,9.0,9,,,,,,,,
,,,,,4998,4.0,4,,,,,,,,
5.9,2.5079873,11.0,3.0,5.9,5000,,,-8.112968444824219,81.12968444824219,64.94514465332031,0.05950598418712616,7.547230243682861,0.0003,0.0003,0.1
,,,,,5002,4.0,4,,,,,,,,
,,,,,5005,3.0,3,,,,,,,,
,,,,,5012,7.0,7,,,,,,,,
,,,,,5017,5.0,5,,,,,,,,
,,,,,5020,3.0,3,,,,,,,,
,,,,,5031,11.0,11,,,,,,,,
,,,,,5034,3.0,3,,,,,,,,
,,,,,5038,4.0,4,,,,,,,,
,,,,,5049,11.0,11,,,,,,,,
,,,,,5057,8.0,8,,,,,,,,
,,,,,5066,9.0,9,,,,,,,,
,,,,,5069,3.0,3,,,,,,,,
,,,,,5078,9.0,9,,,,,,,,
,,,,,5085,7.0,7,,,,,,,,
,,,,,5093,8.0,8,,,,,,,,
,,,,,5096,3.0,3,,,,,,,,
,,,,,5099,3.0,3,,,,,,,,
,,,,,5102,3.0,3,,,,,,,,
,,,,,5107,5.0,5,,,,,,,,
,,,,,5110,3.0,3,,,,,,,,
,,,,,5121,11.0,11,,,,,,,,
,,,,,5124,3.0,3,,,,,,,,
,,,,,5128,4.0,4,,,,,,,,
,,,,,5132,4.0,4,,,,,,,,
,,,,,5135,3.0,3,,,,,,,,
,,,,,5138,3.0,3,,,,,,,,
,,,,,5143,5.0,5,,,,,,,,
,,,,,5146,3.0,3,,,,,,,,
,,,,,5149,3.0,3,,,,,,,,
,,,,,5154,5.0,5,,,,,,,,
,,,,,5157,3.0,3,,,,,,,,
,,,,,5163,6.0,6,,,,,,,,
,,,,,5166,3.0,3,,,,,,,,
,,,,,5174,8.0,8,,,,,,,,
,,,,,5177,3.0,3,,,,,,,,
,,,,,5184,7.0,7,,,,,,,,
,,,,,5201,17.0,17,,,,,,,,
,,,,,5204,3.0,3,,,,,,,,
,,,,,5209,5.0,5,,,,,,,,
,,,,,5212,3.0,3,,,,,,,,
,,,,,5216,4.0,4,,,,,,,,
,,,,,5220,4.0,4,,,,,,,,
,,,,,5231,11.0,11,,,,,,,,
,,,,,5235,4.0,4,,,,,,,,
,,,,,5241,6.0,6,,,,,,,,
,,,,,5245,4.0,4,,,,,,,,
,,,,,5249,4.0,4,,,,,,,,
,,,,,5257,8.0,8,,,,,,,,
,,,,,5260,3.0,3,,,,,,,,
,,,,,5263,3.0,3,,,,,,,,
,,,,,5267,4.0,4,,,,,,,,
,,,,,5271,4.0,4,,,,,,,,
,,,,,5279,8.0,8,,,,,,,,
,,,,,5284,5.0,5,,,,,,,,
,,,,,5291,7.0,7,,,,,,,,
,,,,,5296,5.0,5,,,,,,,,
,,,,,5306,10.0,10,,,,,,,,
,,,,,5311,5.0,5,,,,,,,,
,,,,,5314,3.0,3,,,,,,,,
,,,,,5319,5.0,5,,,,,,,,
,,,,,5325,6.0,6,,,,,,,,
,,,,,5329,4.0,4,,,,,,,,
,,,,,5332,3.0,3,,,,,,,,
,,,,,5345,13.0,13,,,,,,,,
,,,,,5354,9.0,9,,,,,,,,
,,,,,5360,6.0,6,,,,,,,,
,,,,,5364,4.0,4,,,,,,,,
,,,,,5368,4.0,4,,,,,,,,
,,,,,5384,16.0,16,,,,,,,,
,,,,,5392,8.0,8,,,,,,,,
,,,,,5396,4.0,4,,,,,,,,
,,,,,5402,6.0,6,,,,,,,,
,,,,,5415,13.0,13,,,,,,,,
,,,,,5426,11.0,11,,,,,,,,
,,,,,5434,8.0,8,,,,,,,,
,,,,,5441,7.0,7,,,,,,,,
,,,,,5445,4.0,4,,,,,,,,
,,,,,5448,3.0,3,,,,,,,,
,,,,,5455,7.0,7,,,,,,,,
,,,,,5469,14.0,14,,,,,,,,
,,,,,5475,6.0,6,,,,,,,,
,,,,,5478,3.0,3,,,,,,,,
,,,,,5484,6.0,6,,,,,,,,
,,,,,5489,5.0,5,,,,,,,,
,,,,,5494,5.0,5,,,,,,,,
,,,,,5499,5.0,5,,,,,,,,
,,,,,5502,3.0,3,,,,,,,,
,,,,,5507,5.0,5,,,,,,,,
,,,,,5515,8.0,8,,,,,,,,
,,,,,5521,6.0,6,,,,,,,,
,,,,,5528,7.0,7,,,,,,,,
,,,,,5533,5.0,5,,,,,,,,
,,,,,5546,13.0,13,,,,,,,,
,,,,,5554,8.0,8,,,,,,,,
,,,,,5559,5.0,5,,,,,,,,
,,,,,5567,8.0,8,,,,,,,,
,,,,,5571,4.0,4,,,,,,,,
,,,,,5574,3.0,3,,,,,,,,
,,,,,5577,3.0,3,,,,,,,,
,,,,,5580,3.0,3,,,,,,,,
,,,,,5587,7.0,7,,,,,,,,
,,,,,5592,5.0,5,,,,,,,,
,,,,,5601,9.0,9,,,,,,,,
,,,,,5611,10.0,10,,,,,,,,
,,,,,5618,7.0,7,,,,,,,,
,,,,,5622,4.0,4,,,,,,,,
,,,,,5625,3.0,3,,,,,,,,
,,,,,5634,9.0,9,,,,,,,,
,,,,,5638,4.0,4,,,,,,,,
,,,,,5642,4.0,4,,,,,,,,
,,,,,5645,3.0,3,,,,,,,,
,,,,,5649,4.0,4,,,,,,,,
,,,,,5652,3.0,3,,,,,,,,
,,,,,5656,4.0,4,,,,,,,,
,,,,,5659,3.0,3,,,,,,,,
,,,,,5662,3.0,3,,,,,,,,
,,,,,5667,5.0,5,,,,,,,,
,,,,,5670,3.0,3,,,,,,,,
,,,,,5673,3.0,3,,,,,,,,
,,,,,5679,6.0,6,,,,,,,,
,,,,,5684,5.0,5,,,,,,,,
,,,,,5689,5.0,5,,,,,,,,
,,,,,5693,4.0,4,,,,,,,,
,,,,,5698,5.0,5,,,,,,,,
,,,,,5714,16.0,16,,,,,,,,
,,,,,5723,9.0,9,,,,,,,,
,,,,,5726,3.0,3,,,,,,,,
,,,,,5729,3.0,3,,,,,,,,
,,,,,5739,10.0,10,,,,,,,,
,,,,,5744,5.0,5,,,,,,,,
,,,,,5747,3.0,3,,,,,,,,
,,,,,5750,3.0,3,,,,,,,,
,,,,,5765,15.0,15,,,,,,,,
,,,,,5778,13.0,13,,,,,,,,
,,,,,5781,3.0,3,,,,,,,,
,,,,,5793,12.0,12,,,,,,,,
,,,,,5805,12.0,12,,,,,,,,
,,,,,5815,10.0,10,,,,,,,,
,,,,,5821,6.0,6,,,,,,,,
,,,,,5829,8.0,8,,,,,,,,
,,,,,5844,15.0,15,,,,,,,,
,,,,,5847,3.0,3,,,,,,,,
,,,,,5851,4.0,4,,,,,,,,
,,,,,5855,4.0,4,,,,,,,,
,,,,,5863,8.0,8,,,,,,,,
,,,,,5867,4.0,4,,,,,,,,
,,,,,5872,5.0,5,,,,,,,,
,,,,,5877,5.0,5,,,,,,,,
,,,,,5881,4.0,4,,,,,,,,
,,,,,5884,3.0,3,,,,,,,,
,,,,,5895,11.0,11,,,,,,,,
,,,,,5900,5.0,5,,,,,,,,
,,,,,5903,3.0,3,,,,,,,,
,,,,,5907,4.0,4,,,,,,,,
,,,,,5911,4.0,4,,,,,,,,
,,,,,5915,4.0,4,,,,,,,,
,,,,,5923,8.0,8,,,,,,,,
,,,,,5927,4.0,4,,,,,,,,
,,,,,5931,4.0,4,,,,,,,,
,,,,,5934,3.0,3,,,,,,,,
,,,,,5939,5.0,5,,,,,,,,
,,,,,5945,6.0,6,,,,,,,,
,,,,,5950,5.0,5,,,,,,,,
,,,,,5957,7.0,7,,,,,,,,
,,,,,5962,5.0,5,,,,,,,,
,,,,,5968,6.0,6,,,,,,,,
,,,,,5971,3.0,3,,,,,,,,
,,,,,5974,3.0,3,,,,,,,,
,,,,,5979,5.0,5,,,,,,,,
,,,,,5982,3.0,3,,,,,,,,
,,,,,5986,4.0,4,,,,,,,,
,,,,,5989,3.0,3,,,,,,,,
,,,,,5998,9.0,9,,,,,,,,
,,,,,6000,,,-8.8106107711792,88.10610961914062,39.82362747192383,20.99765396118164,24.413652420043945,0.0003,0.0003,0.1
,,,,,6002,4.0,4,,,,,,,,
,,,,,6005,3.0,3,,,,,,,,
,,,,,6016,11.0,11,,,,,,,,
,,,,,6020,4.0,4,,,,,,,,
,,,,,6026,6.0,6,,,,,,,,
,,,,,6039,13.0,13,,,,,,,,
,,,,,6047,8.0,8,,,,,,,,
,,,,,6050,3.0,3,,,,,,,,
,,,,,6059,9.0,9,,,,,,,,
,,,,,6062,3.0,3,,,,,,,,
,,,,,6066,4.0,4,,,,,,,,
,,,,,6093,27.0,27,,,,,,,,
,,,,,6096,3.0,3,,,,,,,,
,,,,,6104,8.0,8,,,,,,,,
,,,,,6112,8.0,8,,,,,,,,
,,,,,6115,3.0,3,,,,,,,,
,,,,,6120,5.0,5,,,,,,,,
,,,,,6126,6.0,6,,,,,,,,
,,,,,6129,3.0,3,,,,,,,,
,,,,,6132,3.0,3,,,,,,,,
,,,,,6137,5.0,5,,,,,,,,
,,,,,6140,3.0,3,,,,,,,,
,,,,,6143,3.0,3,,,,,,,,
,,,,,6147,4.0,4,,,,,,,,
,,,,,6154,7.0,7,,,,,,,,
,,,,,6157,3.0,3,,,,,,,,
,,,,,6170,13.0,13,,,,,,,,
,,,,,6176,6.0,6,,,,,,,,
,,,,,6179,3.0,3,,,,,,,,
,,,,,6193,14.0,14,,,,,,,,
,,,,,6196,3.0,3,,,,,,,,
,,,,,6200,4.0,4,,,,,,,,
,,,,,6208,8.0,8,,,,,,,,
,,,,,6211,3.0,3,,,,,,,,
,,,,,6214,3.0,3,,,,,,,,
,,,,,6230,16.0,16,,,,,,,,
,,,,,6234,4.0,4,,,,,,,,
,,,,,6237,3.0,3,,,,,,,,
,,,,,6241,4.0,4,,,,,,,,
,,,,,6246,5.0,5,,,,,,,,
,,,,,6251,5.0,5,,,,,,,,
,,,,,6257,6.0,6,,,,,,,,
,,,,,6263,6.0,6,,,,,,,,
,,,,,6272,9.0,9,,,,,,,,
,,,,,6276,4.0,4,,,,,,,,
,,,,,6279,3.0,3,,,,,,,,
,,,,,6286,7.0,7,,,,,,,,
,,,,,6292,6.0,6,,,,,,,,
,,,,,6318,26.0,26,,,,,,,,
,,,,,6323,5.0,5,,,,,,,,
,,,,,6326,3.0,3,,,,,,,,
,,,,,6330,4.0,4,,,,,,,,
,,,,,6333,3.0,3,,,,,,,,
,,,,,6339,6.0,6,,,,,,,,
,,,,,6342,3.0,3,,,,,,,,
,,,,,6346,4.0,4,,,,,,,,
,,,,,6357,11.0,11,,,,,,,,
,,,,,6372,15.0,15,,,,,,,,
,,,,,6377,5.0,5,,,,,,,,
,,,,,6385,8.0,8,,,,,,,,
,,,,,6393,8.0,8,,,,,,,,
,,,,,6402,9.0,9,,,,,,,,
,,,,,6414,12.0,12,,,,,,,,
,,,,,6422,8.0,8,,,,,,,,
,,,,,6426,4.0,4,,,,,,,,
,,,,,6431,5.0,5,,,,,,,,
,,,,,6435,4.0,4,,,,,,,,
,,,,,6439,4.0,4,,,,,,,,
,,,,,6443,4.0,4,,,,,,,,
,,,,,6449,6.0,6,,,,,,,,
,,,,,6454,5.0,5,,,,,,,,
,,,,,6459,5.0,5,,,,,,,,
,,,,,6462,3.0,3,,,,,,,,
,,,,,6470,8.0,8,,,,,,,,
,,,,,6474,4.0,4,,,,,,,,
,,,,,6478,4.0,4,,,,,,,,
,,,,,6481,3.0,3,,,,,,,,
,,,,,6488,7.0,7,,,,,,,,
,,,,,6492,4.0,4,,,,,,,,
,,,,,6499,7.0,7,,,,,,,,
,,,,,6502,3.0,3,,,,,,,,
,,,,,6512,10.0,10,,,,,,,,
,,,,,6517,5.0,5,,,,,,,,
,,,,,6523,6.0,6,,,,,,,,
,,,,,6528,5.0,5,,,,,,,,
,,,,,6532,4.0,4,,,,,,,,
,,,,,6535,3.0,3,,,,,,,,
,,,,,6538,3.0,3,,,,,,,,
,,,,,6543,5.0,5,,,,,,,,
,,,,,6547,4.0,4,,,,,,,,
,,,,,6553,6.0,6,,,,,,,,
,,,,,6560,7.0,7,,,,,,,,
,,,,,6571,11.0,11,,,,,,,,
,,,,,6577,6.0,6,,,,,,,,
,,,,,6589,12.0,12,,,,,,,,
,,,,,6595,6.0,6,,,,,,,,
,,,,,6601,6.0,6,,,,,,,,
,,,,,6604,3.0,3,,,,,,,,
,,,,,6616,12.0,12,,,,,,,,
,,,,,6622,6.0,6,,,,,,,,
,,,,,6625,3.0,3,,,,,,,,
,,,,,6635,10.0,10,,,,,,,,
,,,,,6640,5.0,5,,,,,,,,
,,,,,6645,5.0,5,,,,,,,,
,,,,,6654,9.0,9,,,,,,,,
,,,,,6663,9.0,9,,,,,,,,
,,,,,6668,5.0,5,,,,,,,,
,,,,,6674,6.0,6,,,,,,,,
,,,,,6684,10.0,10,,,,,,,,
,,,,,6689,5.0,5,,,,,,,,
,,,,,6693,4.0,4,,,,,,,,
,,,,,6696,3.0,3,,,,,,,,
,,,,,6704,8.0,8,,,,,,,,
,,,,,6707,3.0,3,,,,,,,,
,,,,,6716,9.0,9,,,,,,,,
,,,,,6719,3.0,3,,,,,,,,
,,,,,6728,9.0,9,,,,,,,,
,,,,,6736,8.0,8,,,,,,,,
,,,,,6745,9.0,9,,,,,,,,
,,,,,6748,3.0,3,,,,,,,,
,,,,,6751,3.0,3,,,,,,,,
,,,,,6754,3.0,3,,,,,,,,
,,,,,6758,4.0,4,,,,,,,,
,,,,,6762,4.0,4,,,,,,,,
,,,,,6767,5.0,5,,,,,,,,
,,,,,6774,7.0,7,,,,,,,,
,,,,,6778,4.0,4,,,,,,,,
,,,,,6782,4.0,4,,,,,,,,
,,,,,6786,4.0,4,,,,,,,,
,,,,,6792,6.0,6,,,,,,,,
,,,,,6798,6.0,6,,,,,,,,
,,,,,6803,5.0,5,,,,,,,,
,,,,,6813,10.0,10,,,,,,,,
,,,,,6818,5.0,5,,,,,,,,
,,,,,6823,5.0,5,,,,,,,,
,,,,,6826,3.0,3,,,,,,,,
,,,,,6838,12.0,12,,,,,,,,
,,,,,6849,11.0,11,,,,,,,,
,,,,,6860,11.0,11,,,,,,,,
,,,,,6865,5.0,5,,,,,,,,
,,,,,6869,4.0,4,,,,,,,,
,,,,,6872,3.0,3,,,,,,,,
,,,,,6876,4.0,4,,,,,,,,
,,,,,6887,11.0,11,,,,,,,,
,,,,,6891,4.0,4,,,,,,,,
,,,,,6894,3.0,3,,,,,,,,
,,,,,6899,5.0,5,,,,,,,,
,,,,,6903,4.0,4,,,,,,,,
,,,,,6907,4.0,4,,,,,,,,
,,,,,6924,17.0,17,,,,,,,,
,,,,,6927,3.0,3,,,,,,,,
,,,,,6941,14.0,14,,,,,,,,
,,,,,6951,10.0,10,,,,,,,,
,,,,,6954,3.0,3,,,,,,,,
,,,,,6969,15.0,15,,,,,,,,
,,,,,6973,4.0,4,,,,,,,,
,,,,,6987,14.0,14,,,,,,,,
,,,,,6992,5.0,5,,,,,,,,
,,,,,6998,6.0,6,,,,,,,,
,,,,,7000,,,-8.62085247039795,86.20852661132812,90.70032501220703,30.639698028564453,30.25719451904297,0.0003,0.0003,0.1
,,,,,7001,3.0,3,,,,,,,,
,,,,,7005,4.0,4,,,,,,,,
,,,,,7011,6.0,6,,,,,,,,
,,,,,7017,6.0,6,,,,,,,,
,,,,,7026,9.0,9,,,,,,,,
,,,,,7029,3.0,3,,,,,,,,
,,,,,7034,5.0,5,,,,,,,,
,,,,,7041,7.0,7,,,,,,,,
,,,,,7046,5.0,5,,,,,,,,
,,,,,7051,5.0,5,,,,,,,,
,,,,,7054,3.0,3,,,,,,,,
,,,,,7057,3.0,3,,,,,,,,
,,,,,7060,3.0,3,,,,,,,,
,,,,,7063,3.0,3,,,,,,,,
,,,,,7067,4.0,4,,,,,,,,
,,,,,7080,13.0,13,,,,,,,,
,,,,,7085,5.0,5,,,,,,,,
,,,,,7093,8.0,8,,,,,,,,
,,,,,7099,6.0,6,,,,,,,,
,,,,,7103,4.0,4,,,,,,,,
,,,,,7107,4.0,4,,,,,,,,
,,,,,7122,15.0,15,,,,,,,,
,,,,,7128,6.0,6,,,,,,,,
,,,,,7131,3.0,3,,,,,,,,
,,,,,7134,3.0,3,,,,,,,,
,,,,,7146,12.0,12,,,,,,,,
,,,,,7150,4.0,4,,,,,,,,
,,,,,7154,4.0,4,,,,,,,,
,,,,,7160,6.0,6,,,,,,,,
,,,,,7164,4.0,4,,,,,,,,
,,,,,7173,9.0,9,,,,,,,,
,,,,,7176,3.0,3,,,,,,,,
,,,,,7179,3.0,3,,,,,,,,
,,,,,7184,5.0,5,,,,,,,,
,,,,,7188,4.0,4,,,,,,,,
,,,,,7194,6.0,6,,,,,,,,
,,,,,7199,5.0,5,,,,,,,,
,,,,,7203,4.0,4,,,,,,,,
,,,,,7207,4.0,4,,,,,,,,
,,,,,7222,15.0,15,,,,,,,,
,,,,,7231,9.0,9,,,,,,,,
,,,,,7236,5.0,5,,,,,,,,
,,,,,7242,6.0,6,,,,,,,,
,,,,,7246,4.0,4,,,,,,,,
,,,,,7252,6.0,6,,,,,,,,
,,,,,7256,4.0,4,,,,,,,,
,,,,,7271,15.0,15,,,,,,,,
,,,,,7279,8.0,8,,,,,,,,
,,,,,7283,4.0,4,,,,,,,,
,,,,,7287,4.0,4,,,,,,,,
,,,,,7290,3.0,3,,,,,,,,
,,,,,7295,5.0,5,,,,,,,,
,,,,,7298,3.0,3,,,,,,,,
,,,,,7302,4.0,4,,,,,,,,
,,,,,7307,5.0,5,,,,,,,,
,,,,,7312,5.0,5,,,,,,,,
,,,,,7319,7.0,7,,,,,,,,
,,,,,7324,5.0,5,,,,,,,,
,,,,,7327,3.0,3,,,,,,,,
,,,,,7330,3.0,3,,,,,,,,
,,,,,7342,12.0,12,,,,,,,,
,,,,,7358,16.0,16,,,,,,,,
,,,,,7361,3.0,3,,,,,,,,
,,,,,7370,9.0,9,,,,,,,,
,,,,,7374,4.0,4,,,,,,,,
,,,,,7377,3.0,3,,,,,,,,
,,,,,7381,4.0,4,,,,,,,,
,,,,,7397,16.0,16,,,,,,,,
,,,,,7402,5.0,5,,,,,,,,
,,,,,7410,8.0,8,,,,,,,,
,,,,,7413,3.0,3,,,,,,,,
,,,,,7422,9.0,9,,,,,,,,
,,,,,7429,7.0,7,,,,,,,,
,,,,,7432,3.0,3,,,,,,,,
,,,,,7439,7.0,7,,,,,,,,
,,,,,7445,6.0,6,,,,,,,,
,,,,,7451,6.0,6,,,,,,,,
,,,,,7461,10.0,10,,,,,,,,
,,,,,7469,8.0,8,,,,,,,,
,,,,,7475,6.0,6,,,,,,,,
,,,,,7478,3.0,3,,,,,,,,
,,,,,7481,3.0,3,,,,,,,,
,,,,,7491,10.0,10,,,,,,,,
,,,,,7501,10.0,10,,,,,,,,
,,,,,7504,3.0,3,,,,,,,,
,,,,,7507,3.0,3,,,,,,,,
,,,,,7510,3.0,3,,,,,,,,
,,,,,7517,7.0,7,,,,,,,,
,,,,,7526,9.0,9,,,,,,,,
,,,,,7531,5.0,5,,,,,,,,
,,,,,7535,4.0,4,,,,,,,,
,,,,,7540,5.0,5,,,,,,,,
,,,,,7547,7.0,7,,,,,,,,
,,,,,7551,4.0,4,,,,,,,,
,,,,,7558,7.0,7,,,,,,,,
,,,,,7565,7.0,7,,,,,,,,
,,,,,7579,14.0,14,,,,,,,,
,,,,,7585,6.0,6,,,,,,,,
,,,,,7593,8.0,8,,,,,,,,
,,,,,7598,5.0,5,,,,,,,,
,,,,,7603,5.0,5,,,,,,,,
,,,,,7614,11.0,11,,,,,,,,
,,,,,7617,3.0,3,,,,,,,,
,,,,,7625,8.0,8,,,,,,,,
,,,,,7631,6.0,6,,,,,,,,
,,,,,7636,5.0,5,,,,,,,,
,,,,,7641,5.0,5,,,,,,,,
,,,,,7646,5.0,5,,,,,,,,
,,,,,7658,12.0,12,,,,,,,,
,,,,,7661,3.0,3,,,,,,,,
,,,,,7666,5.0,5,,,,,,,,
,,,,,7672,6.0,6,,,,,,,,
,,,,,7682,10.0,10,,,,,,,,
,,,,,7692,10.0,10,,,,,,,,
,,,,,7698,6.0,6,,,,,,,,
,,,,,7706,8.0,8,,,,,,,,
,,,,,7712,6.0,6,,,,,,,,
,,,,,7716,4.0,4,,,,,,,,
,,,,,7721,5.0,5,,,,,,,,
,,,,,7724,3.0,3,,,,,,,,
,,,,,7727,3.0,3,,,,,,,,
,,,,,7743,16.0,16,,,,,,,,
,,,,,7746,3.0,3,,,,,,,,
,,,,,7749,3.0,3,,,,,,,,
,,,,,7752,3.0,3,,,,,,,,
,,,,,7757,5.0,5,,,,,,,,
,,,,,7760,3.0,3,,,,,,,,
,,,,,7766,6.0,6,,,,,,,,
,,,,,7774,8.0,8,,,,,,,,
,,,,,7780,6.0,6,,,,,,,,
,,,,,7790,10.0,10,,,,,,,,
,,,,,7798,8.0,8,,,,,,,,
,,,,,7807,9.0,9,,,,,,,,
,,,,,7810,3.0,3,,,,,,,,
,,,,,7813,3.0,3,,,,,,,,
,,,,,7820,7.0,7,,,,,,,,
,,,,,7824,4.0,4,,,,,,,,
,,,,,7827,3.0,3,,,,,,,,
,,,,,7831,4.0,4,,,,,,,,
,,,,,7839,8.0,8,,,,,,,,
,,,,,7846,7.0,7,,,,,,,,
,,,,,7853,7.0,7,,,,,,,,
,,,,,7856,3.0,3,,,,,,,,
,,,,,7864,8.0,8,,,,,,,,
,,,,,7870,6.0,6,,,,,,,,
,,,,,7879,9.0,9,,,,,,,,
,,,,,7883,4.0,4,,,,,,,,
,,,,,7887,4.0,4,,,,,,,,
,,,,,7891,4.0,4,,,,,,,,
,,,,,7895,4.0,4,,,,,,,,
,,,,,7900,5.0,5,,,,,,,,
,,,,,7903,3.0,3,,,,,,,,
,,,,,7907,4.0,4,,,,,,,,
,,,,,7912,5.0,5,,,,,,,,
,,,,,7923,11.0,11,,,,,,,,
,,,,,7927,4.0,4,,,,,,,,
,,,,,7938,11.0,11,,,,,,,,
,,,,,7942,4.0,4,,,,,,,,
,,,,,7952,10.0,10,,,,,,,,
,,,,,7956,4.0,4,,,,,,,,
,,,,,7963,7.0,7,,,,,,,,
,,,,,7969,6.0,6,,,,,,,,
,,,,,7974,5.0,5,,,,,,,,
,,,,,7982,8.0,8,,,,,,,,
,,,,,7988,6.0,6,,,,,,,,
,,,,,7992,4.0,4,,,,,,,,
,,,,,7997,5.0,5,,,,,,,,
,,,,,8000,,,-8.793947219848633,87.93946838378906,118.16567993164062,32.94469451904297,31.868667602539062,0.0003,0.0003,0.1
,,,,,8001,4.0,4,,,,,,,,
,,,,,8005,4.0,4,,,,,,,,
,,,,,8010,5.0,5,,,,,,,,
,,,,,8014,4.0,4,,,,,,,,
,,,,,8018,4.0,4,,,,,,,,
,,,,,8024,6.0,6,,,,,,,,
,,,,,8027,3.0,3,,,,,,,,
,,,,,8034,7.0,7,,,,,,,,
,,,,,8037,3.0,3,,,,,,,,
,,,,,8043,6.0,6,,,,,,,,
,,,,,8046,3.0,3,,,,,,,,
,,,,,8053,7.0,7,,,,,,,,
,,,,,8060,7.0,7,,,,,,,,
,,,,,8063,3.0,3,,,,,,,,
,,,,,8083,20.0,20,,,,,,,,
,,,,,8091,8.0,8,,,,,,,,
,,,,,8100,9.0,9,,,,,,,,
,,,,,8103,3.0,3,,,,,,,,
,,,,,8111,8.0,8,,,,,,,,
,,,,,8117,6.0,6,,,,,,,,
,,,,,8128,11.0,11,,,,,,,,
,,,,,8131,3.0,3,,,,,,,,
,,,,,8136,5.0,5,,,,,,,,
,,,,,8147,11.0,11,,,,,,,,
,,,,,8150,3.0,3,,,,,,,,
,,,,,8157,7.0,7,,,,,,,,
,,,,,8170,13.0,13,,,,,,,,
,,,,,8176,6.0,6,,,,,,,,
,,,,,8179,3.0,3,,,,,,,,
,,,,,8190,11.0,11,,,,,,,,
,,,,,8193,3.0,3,,,,,,,,
,,,,,8196,3.0,3,,,,,,,,
,,,,,8199,3.0,3,,,,,,,,
,,,,,8206,7.0,7,,,,,,,,
,,,,,8212,6.0,6,,,,,,,,
,,,,,8222,10.0,10,,,,,,,,
,,,,,8225,3.0,3,,,,,,,,
,,,,,8232,7.0,7,,,,,,,,
,,,,,8236,4.0,4,,,,,,,,
,,,,,8240,4.0,4,,,,,,,,
,,,,,8249,9.0,9,,,,,,,,
,,,,,8252,3.0,3,,,,,,,,
,,,,,8267,15.0,15,,,,,,,,
,,,,,8272,5.0,5,,,,,,,,
,,,,,8276,4.0,4,,,,,,,,
,,,,,8286,10.0,10,,,,,,,,
,,,,,8291,5.0,5,,,,,,,,
,,,,,8299,8.0,8,,,,,,,,
,,,,,8304,5.0,5,,,,,,,,
,,,,,8308,4.0,4,,,,,,,,
,,,,,8312,4.0,4,,,,,,,,
,,,,,8315,3.0,3,,,,,,,,
,,,,,8318,3.0,3,,,,,,,,
,,,,,8322,4.0,4,,,,,,,,
,,,,,8325,3.0,3,,,,,,,,
,,,,,8329,4.0,4,,,,,,,,
,,,,,8332,3.0,3,,,,,,,,
,,,,,8350,18.0,18,,,,,,,,
,,,,,8353,3.0,3,,,,,,,,
,,,,,8362,9.0,9,,,,,,,,
,,,,,8365,3.0,3,,,,,,,,
,,,,,8371,6.0,6,,,,,,,,
,,,,,8374,3.0,3,,,,,,,,
,,,,,8378,4.0,4,,,,,,,,
,,,,,8381,3.0,3,,,,,,,,
,,,,,8391,10.0,10,,,,,,,,
,,,,,8395,4.0,4,,,,,,,,
,,,,,8399,4.0,4,,,,,,,,
,,,,,8403,4.0,4,,,,,,,,
,,,,,8418,15.0,15,,,,,,,,
,,,,,8426,8.0,8,,,,,,,,
,,,,,8436,10.0,10,,,,,,,,
,,,,,8449,13.0,13,,,,,,,,
,,,,,8453,4.0,4,,,,,,,,
,,,,,8459,6.0,6,,,,,,,,
,,,,,8463,4.0,4,,,,,,,,
,,,,,8466,3.0,3,,,,,,,,
,,,,,8469,3.0,3,,,,,,,,
,,,,,8474,5.0,5,,,,,,,,
,,,,,8481,7.0,7,,,,,,,,
,,,,,8488,7.0,7,,,,,,,,
,,,,,8493,5.0,5,,,,,,,,
,,,,,8497,4.0,4,,,,,,,,
,,,,,8500,3.0,3,,,,,,,,
,,,,,8509,9.0,9,,,,,,,,
,,,,,8514,5.0,5,,,,,,,,
,,,,,8518,4.0,4,,,,,,,,
,,,,,8525,7.0,7,,,,,,,,
,,,,,8541,16.0,16,,,,,,,,
,,,,,8544,3.0,3,,,,,,,,
,,,,,8551,7.0,7,,,,,,,,
,,,,,8556,5.0,5,,,,,,,,
,,,,,8564,8.0,8,,,,,,,,
,,,,,8572,8.0,8,,,,,,,,
,,,,,8583,11.0,11,,,,,,,,
,,,,,8587,4.0,4,,,,,,,,
,,,,,8591,4.0,4,,,,,,,,
,,,,,8595,4.0,4,,,,,,,,
,,,,,8598,3.0,3,,,,,,,,
,,,,,8603,5.0,5,,,,,,,,
,,,,,8607,4.0,4,,,,,,,,
,,,,,8612,5.0,5,,,,,,,,
,,,,,8615,3.0,3,,,,,,,,
,,,,,8626,11.0,11,,,,,,,,
,,,,,8641,15.0,15,,,,,,,,
,,,,,8646,5.0,5,,,,,,,,
,,,,,8651,5.0,5,,,,,,,,
,,,,,8655,4.0,4,,,,,,,,
,,,,,8662,7.0,7,,,,,,,,
,,,,,8665,3.0,3,,,,,,,,
,,,,,8669,4.0,4,,,,,,,,
,,,,,8674,5.0,5,,,,,,,,
,,,,,8678,4.0,4,,,,,,,,
,,,,,8682,4.0,4,,,,,,,,
,,,,,8688,6.0,6,,,,,,,,
,,,,,8691,3.0,3,,,,,,,,
,,,,,8694,3.0,3,,,,,,,,
,,,,,8698,4.0,4,,,,,,,,
,,,,,8702,4.0,4,,,,,,,,
,,,,,8706,4.0,4,,,,,,,,
,,,,,8710,4.0,4,,,,,,,,
,,,,,8721,11.0,11,,,,,,,,
,,,,,8724,3.0,3,,,,,,,,
,,,,,8739,15.0,15,,,,,,,,
,,,,,8747,8.0,8,,,,,,,,
,,,,,8750,3.0,3,,,,,,,,
,,,,,8756,6.0,6,,,,,,,,
,,,,,8759,3.0,3,,,,,,,,
,,,,,8762,3.0,3,,,,,,,,
,,,,,8765,3.0,3,,,,,,,,
,,,,,8773,8.0,8,,,,,,,,
,,,,,8778,5.0,5,,,,,,,,
,,,,,8784,6.0,6,,,,,,,,
,,,,,8790,6.0,6,,,,,,,,
,,,,,8803,13.0,13,,,,,,,,
,,,,,8808,5.0,5,,,,,,,,
,,,,,8812,4.0,4,,,,,,,,
,,,,,8817,5.0,5,,,,,,,,
,,,,,8827,10.0,10,,,,,,,,
,,,,,8830,3.0,3,,,,,,,,
,,,,,8834,4.0,4,,,,,,,,
,,,,,8841,7.0,7,,,,,,,,
,,,,,8849,8.0,8,,,,,,,,
,,,,,8852,3.0,3,,,,,,,,
,,,,,8856,4.0,4,,,,,,,,
,,,,,8872,16.0,16,,,,,,,,
,,,,,8875,3.0,3,,,,,,,,
,,,,,8879,4.0,4,,,,,,,,
,,,,,8892,13.0,13,,,,,,,,
,,,,,8895,3.0,3,,,,,,,,
,,,,,8899,4.0,4,,,,,,,,
,,,,,8902,3.0,3,,,,,,,,
,,,,,8909,7.0,7,,,,,,,,
,,,,,8914,5.0,5,,,,,,,,
,,,,,8918,4.0,4,,,,,,,,
,,,,,8921,3.0,3,,,,,,,,
,,,,,8924,3.0,3,,,,,,,,
,,,,,8928,4.0,4,,,,,,,,
,,,,,8932,4.0,4,,,,,,,,
,,,,,8944,12.0,12,,,,,,,,
,,,,,8950,6.0,6,,,,,,,,
,,,,,8955,5.0,5,,,,,,,,
,,,,,8963,8.0,8,,,,,,,,
,,,,,8966,3.0,3,,,,,,,,
,,,,,8971,5.0,5,,,,,,,,
,,,,,8988,17.0,17,,,,,,,,
,,,,,8993,5.0,5,,,,,,,,
,,,,,9000,,,-8.666560173034668,86.66560363769531,141.12533569335938,35.94098663330078,36.7950553894043,0.0003,0.0003,0.1
,,,,,9003,10.0,10,,,,,,,,
,,,,,9007,4.0,4,,,,,,,,
,,,,,9013,6.0,6,,,,,,,,
,,,,,9018,5.0,5,,,,,,,,
,,,,,9024,6.0,6,,,,,,,,
,,,,,9028,4.0,4,,,,,,,,
,,,,,9033,5.0,5,,,,,,,,
,,,,,9041,8.0,8,,,,,,,,
,,,,,9045,4.0,4,,,,,,,,
,,,,,9055,10.0,10,,,,,,,,
,,,,,9063,8.0,8,,,,,,,,
,,,,,9070,7.0,7,,,,,,,,
,,,,,9074,4.0,4,,,,,,,,
,,,,,9085,11.0,11,,,,,,,,
,,,,,9088,3.0,3,,,,,,,,
,,,,,9091,3.0,3,,,,,,,,
,,,,,9094,3.0,3,,,,,,,,
,,,,,9097,3.0,3,,,,,,,,
,,,,,9109,12.0,12,,,,,,,,
,,,,,9113,4.0,4,,,,,,,,
,,,,,9121,8.0,8,,,,,,,,
,,,,,9125,4.0,4,,,,,,,,
,,,,,9131,6.0,6,,,,,,,,
,,,,,9135,4.0,4,,,,,,,,
,,,,,9138,3.0,3,,,,,,,,
,,,,,9142,4.0,4,,,,,,,,
,,,,,9146,4.0,4,,,,,,,,
,,,,,9150,4.0,4,,,,,,,,
,,,,,9154,4.0,4,,,,,,,,
,,,,,9161,7.0,7,,,,,,,,
,,,,,9165,4.0,4,,,,,,,,
,,,,,9168,3.0,3,,,,,,,,
,,,,,9171,3.0,3,,,,,,,,
,,,,,9176,5.0,5,,,,,,,,
,,,,,9181,5.0,5,,,,,,,,
,,,,,9186,5.0,5,,,,,,,,
,,,,,9189,3.0,3,,,,,,,,
,,,,,9196,7.0,7,,,,,,,,
,,,,,9201,5.0,5,,,,,,,,
,,,,,9207,6.0,6,,,,,,,,
,,,,,9210,3.0,3,,,,,,,,
,,,,,9221,11.0,11,,,,,,,,
,,,,,9224,3.0,3,,,,,,,,
,,,,,9231,7.0,7,,,,,,,,
,,,,,9244,13.0,13,,,,,,,,
,,,,,9254,10.0,10,,,,,,,,
,,,,,9267,13.0,13,,,,,,,,
,,,,,9270,3.0,3,,,,,,,,
,,,,,9277,7.0,7,,,,,,,,
,,,,,9288,11.0,11,,,,,,,,
,,,,,9293,5.0,5,,,,,,,,
,,,,,9297,4.0,4,,,,,,,,
,,,,,9306,9.0,9,,,,,,,,
,,,,,9317,11.0,11,,,,,,,,
,,,,,9321,4.0,4,,,,,,,,
,,,,,9327,6.0,6,,,,,,,,
,,,,,9331,4.0,4,,,,,,,,
,,,,,9334,3.0,3,,,,,,,,
,,,,,9337,3.0,3,,,,,,,,
,,,,,9341,4.0,4,,,,,,,,
,,,,,9345,4.0,4,,,,,,,,
,,,,,9348,3.0,3,,,,,,,,
,,,,,9352,4.0,4,,,,,,,,
,,,,,9357,5.0,5,,,,,,,,
,,,,,9370,13.0,13,,,,,,,,
,,,,,9375,5.0,5,,,,,,,,
,,,,,9381,6.0,6,,,,,,,,
,,,,,9385,4.0,4,,,,,,,,
,,,,,9391,6.0,6,,,,,,,,
,,,,,9394,3.0,3,,,,,,,,
,,,,,9397,3.0,3,,,,,,,,
,,,,,9407,10.0,10,,,,,,,,
,,,,,9419,12.0,12,,,,,,,,
,,,,,9425,6.0,6,,,,,,,,
,,,,,9435,10.0,10,,,,,,,,
,,,,,9448,13.0,13,,,,,,,,
,,,,,9454,6.0,6,,,,,,,,
,,,,,9457,3.0,3,,,,,,,,
,,,,,9462,5.0,5,,,,,,,,
,,,,,9466,4.0,4,,,,,,,,
,,,,,9473,7.0,7,,,,,,,,
,,,,,9476,3.0,3,,,,,,,,
,,,,,9484,8.0,8,,,,,,,,
,,,,,9489,5.0,5,,,,,,,,
,,,,,9493,4.0,4,,,,,,,,
,,,,,9511,18.0,18,,,,,,,,
,,,,,9514,3.0,3,,,,,,,,
,,,,,9520,6.0,6,,,,,,,,
,,,,,9527,7.0,7,,,,,,,,
,,,,,9530,3.0,3,,,,,,,,
,,,,,9543,13.0,13,,,,,,,,
,,,,,9550,7.0,7,,,,,,,,
,,,,,9555,5.0,5,,,,,,,,
,,,,,9560,5.0,5,,,,,,,,
,,,,,9565,5.0,5,,,,,,,,
,,,,,9575,10.0,10,,,,,,,,
,,,,,9580,5.0,5,,,,,,,,
,,,,,9584,4.0,4,,,,,,,,
,,,,,9589,5.0,5,,,,,,,,
,,,,,9593,4.0,4,,,,,,,,
,,,,,9600,7.0,7,,,,,,,,
,,,,,9603,3.0,3,,,,,,,,
,,,,,9611,8.0,8,,,,,,,,
,,,,,9616,5.0,5,,,,,,,,
,,,,,9619,3.0,3,,,,,,,,
,,,,,9628,9.0,9,,,,,,,,
,,,,,9631,3.0,3,,,,,,,,
,,,,,9637,6.0,6,,,,,,,,
,,,,,9647,10.0,10,,,,,,,,
,,,,,9652,5.0,5,,,,,,,,
,,,,,9655,3.0,3,,,,,,,,
,,,,,9661,6.0,6,,,,,,,,
,,,,,9674,13.0,13,,,,,,,,
,,,,,9682,8.0,8,,,,,,,,
,,,,,9697,15.0,15,,,,,,,,
,,,,,9703,6.0,6,,,,,,,,
,,,,,9707,4.0,4,,,,,,,,
,,,,,9712,5.0,5,,,,,,,,
,,,,,9715,3.0,3,,,,,,,,
,,,,,9718,3.0,3,,,,,,,,
,,,,,9730,12.0,12,,,,,,,,
,,,,,9735,5.0,5,,,,,,,,
,,,,,9739,4.0,4,,,,,,,,
,,,,,9744,5.0,5,,,,,,,,
,,,,,9747,3.0,3,,,,,,,,
,,,,,9750,3.0,3,,,,,,,,
,,,,,9762,12.0,12,,,,,,,,
,,,,,9767,5.0,5,,,,,,,,
,,,,,9772,5.0,5,,,,,,,,
,,,,,9779,7.0,7,,,,,,,,
,,,,,9784,5.0,5,,,,,,,,
,,,,,9788,4.0,4,,,,,,,,
,,,,,9793,5.0,5,,,,,,,,
,,,,,9801,8.0,8,,,,,,,,
,,,,,9804,3.0,3,,,,,,,,
,,,,,9807,3.0,3,,,,,,,,
,,,,,9812,5.0,5,,,,,,,,
,,,,,9817,5.0,5,,,,,,,,
,,,,,9820,3.0,3,,,,,,,,
,,,,,9830,10.0,10,,,,,,,,
,,,,,9833,3.0,3,,,,,,,,
,,,,,9847,14.0,14,,,,,,,,
,,,,,9850,3.0,3,,,,,,,,
,,,,,9855,5.0,5,,,,,,,,
,,,,,9860,5.0,5,,,,,,,,
,,,,,9868,8.0,8,,,,,,,,
,,,,,9872,4.0,4,,,,,,,,
,,,,,9876,4.0,4,,,,,,,,
,,,,,9880,4.0,4,,,,,,,,
,,,,,9885,5.0,5,,,,,,,,
,,,,,9897,12.0,12,,,,,,,,
,,,,,9904,7.0,7,,,,,,,,
,,,,,9908,4.0,4,,,,,,,,
,,,,,9921,13.0,13,,,,,,,,
,,,,,9928,7.0,7,,,,,,,,
,,,,,9932,4.0,4,,,,,,,,
,,,,,9938,6.0,6,,,,,,,,
,,,,,9942,4.0,4,,,,,,,,
,,,,,9949,7.0,7,,,,,,,,
,,,,,9955,6.0,6,,,,,,,,
,,,,,9962,7.0,7,,,,,,,,
,,,,,9968,6.0,6,,,,,,,,
,,,,,9977,9.0,9,,,,,,,,
,,,,,9986,9.0,9,,,,,,,,
,,,,,9990,4.0,4,,,,,,,,
,,,,,9995,5.0,5,,,,,,,,
5.8,3.7629776,16.0,3.0,5.8,10000,,,-8.867525100708008,88.67524719238281,148.82122802734375,33.68513870239258,33.33113098144531,0.0003,0.0003,0.1
,,,,,10002,7.0,7,,,,,,,,
,,,,,10005,3.0,3,,,,,,,,
,,,,,10008,3.0,3,,,,,,,,
,,,,,10015,7.0,7,,,,,,,,
,,,,,10018,3.0,3,,,,,,,,
,,,,,10029,11.0,11,,,,,,,,
,,,,,10032,3.0,3,,,,,,,,
,,,,,10036,4.0,4,,,,,,,,
,,,,,10043,7.0,7,,,,,,,,
,,,,,10049,6.0,6,,,,,,,,
,,,,,10052,3.0,3,,,,,,,,
,,,,,10057,5.0,5,,,,,,,,
,,,,,10066,9.0,9,,,,,,,,
,,,,,10075,9.0,9,,,,,,,,
,,,,,10079,4.0,4,,,,,,,,
,,,,,10082,3.0,3,,,,,,,,
,,,,,10085,3.0,3,,,,,,,,
,,,,,10088,3.0,3,,,,,,,,
,,,,,10095,7.0,7,,,,,,,,
,,,,,10098,3.0,3,,,,,,,,
,,,,,10105,7.0,7,,,,,,,,
,,,,,10110,5.0,5,,,,,,,,
,,,,,10117,7.0,7,,,,,,,,
,,,,,10122,5.0,5,,,,,,,,
,,,,,10127,5.0,5,,,,,,,,
,,,,,10143,16.0,16,,,,,,,,
,,,,,10147,4.0,4,,,,,,,,
,,,,,10157,10.0,10,,,,,,,,
,,,,,10160,3.0,3,,,,,,,,
,,,,,10173,13.0,13,,,,,,,,
,,,,,10176,3.0,3,,,,,,,,
,,,,,10187,11.0,11,,,,,,,,
,,,,,10191,4.0,4,,,,,,,,
,,,,,10198,7.0,7,,,,,,,,
,,,,,10205,7.0,7,,,,,,,,
,,,,,10211,6.0,6,,,,,,,,
,,,,,10214,3.0,3,,,,,,,,
,,,,,10219,5.0,5,,,,,,,,
,,,,,10223,4.0,4,,,,,,,,
,,,,,10233,10.0,10,,,,,,,,
,,,,,10244,11.0,11,,,,,,,,
,,,,,10249,5.0,5,,,,,,,,
,,,,,10254,5.0,5,,,,,,,,
,,,,,10257,3.0,3,,,,,,,,
,,,,,10262,5.0,5,,,,,,,,
,,,,,10266,4.0,4,,,,,,,,
,,,,,10269,3.0,3,,,,,,,,
,,,,,10278,9.0,9,,,,,,,,
,,,,,10284,6.0,6,,,,,,,,
,,,,,10287,3.0,3,,,,,,,,
,,,,,10290,3.0,3,,,,,,,,
,,,,,10297,7.0,7,,,,,,,,
,,,,,10307,10.0,10,,,,,,,,
,,,,,10310,3.0,3,,,,,,,,
,,,,,10316,6.0,6,,,,,,,,
,,,,,10322,6.0,6,,,,,,,,
,,,,,10329,7.0,7,,,,,,,,
,,,,,10343,14.0,14,,,,,,,,
,,,,,10355,12.0,12,,,,,,,,
,,,,,10359,4.0,4,,,,,,,,
,,,,,10368,9.0,9,,,,,,,,
,,,,,10374,6.0,6,,,,,,,,
,,,,,10378,4.0,4,,,,,,,,
,,,,,10382,4.0,4,,,,,,,,
,,,,,10388,6.0,6,,,,,,,,
,,,,,10399,11.0,11,,,,,,,,
,,,,,10405,6.0,6,,,,,,,,
,,,,,10409,4.0,4,,,,,,,,
,,,,,10424,15.0,15,,,,,,,,
,,,,,10430,6.0,6,,,,,,,,
,,,,,10433,3.0,3,,,,,,,,
,,,,,10444,11.0,11,,,,,,,,
,,,,,10449,5.0,5,,,,,,,,
,,,,,10457,8.0,8,,,,,,,,
,,,,,10461,4.0,4,,,,,,,,
,,,,,10466,5.0,5,,,,,,,,
,,,,,10472,6.0,6,,,,,,,,
,,,,,10476,4.0,4,,,,,,,,
,,,,,10482,6.0,6,,,,,,,,
,,,,,10495,13.0,13,,,,,,,,
,,,,,10499,4.0,4,,,,,,,,
,,,,,10505,6.0,6,,,,,,,,
,,,,,10510,5.0,5,,,,,,,,
,,,,,10514,4.0,4,,,,,,,,
,,,,,10519,5.0,5,,,,,,,,
,,,,,10523,4.0,4,,,,,,,,
,,,,,10527,4.0,4,,,,,,,,
,,,,,10533,6.0,6,,,,,,,,
,,,,,10536,3.0,3,,,,,,,,
,,,,,10540,4.0,4,,,,,,,,
,,,,,10554,14.0,14,,,,,,,,
,,,,,10561,7.0,7,,,,,,,,
,,,,,10564,3.0,3,,,,,,,,
,,,,,10567,3.0,3,,,,,,,,
,,,,,10571,4.0,4,,,,,,,,
,,,,,10576,5.0,5,,,,,,,,
,,,,,10584,8.0,8,,,,,,,,
,,,,,10587,3.0,3,,,,,,,,
,,,,,10592,5.0,5,,,,,,,,
,,,,,10598,6.0,6,,,,,,,,
,,,,,10604,6.0,6,,,,,,,,
,,,,,10609,5.0,5,,,,,,,,
,,,,,10614,5.0,5,,,,,,,,
,,,,,10619,5.0,5,,,,,,,,
,,,,,10627,8.0,8,,,,,,,,
,,,,,10630,3.0,3,,,,,,,,
,,,,,10633,3.0,3,,,,,,,,
,,,,,10638,5.0,5,,,,,,,,
,,,,,10643,5.0,5,,,,,,,,
,,,,,10647,4.0,4,,,,,,,,
,,,,,10652,5.0,5,,,,,,,,
,,,,,10655,3.0,3,,,,,,,,
,,,,,10662,7.0,7,,,,,,,,
,,,,,10667,5.0,5,,,,,,,,
,,,,,10681,14.0,14,,,,,,,,
,,,,,10687,6.0,6,,,,,,,,
,,,,,10696,9.0,9,,,,,,,,
,,,,,10699,3.0,3,,,,,,,,
,,,,,10704,5.0,5,,,,,,,,
,,,,,10707,3.0,3,,,,,,,,
,,,,,10719,12.0,12,,,,,,,,
,,,,,10723,4.0,4,,,,,,,,
,,,,,10727,4.0,4,,,,,,,,
,,,,,10734,7.0,7,,,,,,,,
,,,,,10742,8.0,8,,,,,,,,
,,,,,10746,4.0,4,,,,,,,,
,,,,,10749,3.0,3,,,,,,,,
,,,,,10754,5.0,5,,,,,,,,
,,,,,10758,4.0,4,,,,,,,,
,,,,,10763,5.0,5,,,,,,,,
,,,,,10769,6.0,6,,,,,,,,
,,,,,10788,19.0,19,,,,,,,,
,,,,,10791,3.0,3,,,,,,,,
,,,,,10798,7.0,7,,,,,,,,
,,,,,10802,4.0,4,,,,,,,,
,,,,,10805,3.0,3,,,,,,,,
,,,,,10809,4.0,4,,,,,,,,
,,,,,10822,13.0,13,,,,,,,,
,,,,,10833,11.0,11,,,,,,,,
,,,,,10838,5.0,5,,,,,,,,
,,,,,10841,3.0,3,,,,,,,,
,,,,,10846,5.0,5,,,,,,,,
,,,,,10860,14.0,14,,,,,,,,
,,,,,10868,8.0,8,,,,,,,,
,,,,,10871,3.0,3,,,,,,,,
,,,,,10875,4.0,4,,,,,,,,
,,,,,10878,3.0,3,,,,,,,,
,,,,,10882,4.0,4,,,,,,,,
,,,,,10885,3.0,3,,,,,,,,
,,,,,10892,7.0,7,,,,,,,,
,,,,,10896,4.0,4,,,,,,,,
,,,,,10900,4.0,4,,,,,,,,
,,,,,10905,5.0,5,,,,,,,,
,,,,,10908,3.0,3,,,,,,,,
,,,,,10912,4.0,4,,,,,,,,
,,,,,10917,5.0,5,,,,,,,,
,,,,,10920,3.0,3,,,,,,,,
,,,,,10923,3.0,3,,,,,,,,
,,,,,10931,8.0,8,,,,,,,,
,,,,,10934,3.0,3,,,,,,,,
,,,,,10937,3.0,3,,,,,,,,
,,,,,10941,4.0,4,,,,,,,,
,,,,,10953,12.0,12,,,,,,,,
,,,,,10963,10.0,10,,,,,,,,
,,,,,10969,6.0,6,,,,,,,,
,,,,,10972,3.0,3,,,,,,,,
,,,,,10975,3.0,3,,,,,,,,
,,,,,10979,4.0,4,,,,,,,,
,,,,,10982,3.0,3,,,,,,,,
,,,,,10987,5.0,5,,,,,,,,
,,,,,10993,6.0,6,,,,,,,,
,,,,,10998,5.0,5,,,,,,,,
,,,,,11000,,,-8.973776817321777,89.73776245117188,163.96514892578125,34.256919860839844,35.532257080078125,0.0003,0.0003,0.1
,,,,,11001,3.0,3,,,,,,,,
,,,,,11008,7.0,7,,,,,,,,
,,,,,11015,7.0,7,,,,,,,,
,,,,,11020,5.0,5,,,,,,,,
,,,,,11032,12.0,12,,,,,,,,
,,,,,11040,8.0,8,,,,,,,,
,,,,,11051,11.0,11,,,,,,,,
,,,,,11055,4.0,4,,,,,,,,
,,,,,11059,4.0,4,,,,,,,,
,,,,,11067,8.0,8,,,,,,,,
,,,,,11072,5.0,5,,,,,,,,
,,,,,11085,13.0,13,,,,,,,,
,,,,,11089,4.0,4,,,,,,,,
,,,,,11092,3.0,3,,,,,,,,
,,,,,11097,5.0,5,,,,,,,,
,,,,,11107,10.0,10,,,,,,,,
,,,,,11115,8.0,8,,,,,,,,
,,,,,11118,3.0,3,,,,,,,,
,,,,,11121,3.0,3,,,,,,,,
,,,,,11134,13.0,13,,,,,,,,
,,,,,11137,3.0,3,,,,,,,,
,,,,,11143,6.0,6,,,,,,,,
,,,,,11147,4.0,4,,,,,,,,
,,,,,11150,3.0,3,,,,,,,,
,,,,,11153,3.0,3,,,,,,,,
,,,,,11159,6.0,6,,,,,,,,
,,,,,11163,4.0,4,,,,,,,,
,,,,,11166,3.0,3,,,,,,,,
,,,,,11173,7.0,7,,,,,,,,
,,,,,11178,5.0,5,,,,,,,,
,,,,,11191,13.0,13,,,,,,,,
,,,,,11194,3.0,3,,,,,,,,
,,,,,11198,4.0,4,,,,,,,,
,,,,,11211,13.0,13,,,,,,,,
,,,,,11216,5.0,5,,,,,,,,
,,,,,11219,3.0,3,,,,,,,,
,,,,,11223,4.0,4,,,,,,,,
,,,,,11233,10.0,10,,,,,,,,
,,,,,11236,3.0,3,,,,,,,,
,,,,,11247,11.0,11,,,,,,,,
,,,,,11262,15.0,15,,,,,,,,
,,,,,11269,7.0,7,,,,,,,,
,,,,,11279,10.0,10,,,,,,,,
,,,,,11282,3.0,3,,,,,,,,
,,,,,11289,7.0,7,,,,,,,,
,,,,,11294,5.0,5,,,,,,,,
,,,,,11299,5.0,5,,,,,,,,
,,,,,11302,3.0,3,,,,,,,,
,,,,,11318,16.0,16,,,,,,,,
,,,,,11337,19.0,19,,,,,,,,
,,,,,11343,6.0,6,,,,,,,,
,,,,,11356,13.0,13,,,,,,,,
,,,,,11360,4.0,4,,,,,,,,
,,,,,11365,5.0,5,,,,,,,,
,,,,,11372,7.0,7,,,,,,,,
,,,,,11377,5.0,5,,,,,,,,
,,,,,11382,5.0,5,,,,,,,,
,,,,,11385,3.0,3,,,,,,,,
,,,,,11391,6.0,6,,,,,,,,
,,,,,11396,5.0,5,,,,,,,,
,,,,,11402,6.0,6,,,,,,,,
,,,,,11405,3.0,3,,,,,,,,
,,,,,11412,7.0,7,,,,,,,,
,,,,,11415,3.0,3,,,,,,,,
,,,,,11423,8.0,8,,,,,,,,
,,,,,11427,4.0,4,,,,,,,,
,,,,,11431,4.0,4,,,,,,,,
,,,,,11439,8.0,8,,,,,,,,
,,,,,11443,4.0,4,,,,,,,,
,,,,,11452,9.0,9,,,,,,,,
,,,,,11456,4.0,4,,,,,,,,
,,,,,11460,4.0,4,,,,,,,,
,,,,,11466,6.0,6,,,,,,,,
,,,,,11469,3.0,3,,,,,,,,
,,,,,11474,5.0,5,,,,,,,,
,,,,,11478,4.0,4,,,,,,,,
,,,,,11481,3.0,3,,,,,,,,
,,,,,11485,4.0,4,,,,,,,,
,,,,,11491,6.0,6,,,,,,,,
,,,,,11498,7.0,7,,,,,,,,
,,,,,11501,3.0,3,,,,,,,,
,,,,,11505,4.0,4,,,,,,,,
,,,,,11509,4.0,4,,,,,,,,
,,,,,11512,3.0,3,,,,,,,,
,,,,,11515,3.0,3,,,,,,,,
,,,,,11520,5.0,5,,,,,,,,
,,,,,11527,7.0,7,,,,,,,,
,,,,,11534,7.0,7,,,,,,,,
,,,,,11539,5.0,5,,,,,,,,
,,,,,11542,3.0,3,,,,,,,,
,,,,,11546,4.0,4,,,,,,,,
,,,,,11557,11.0,11,,,,,,,,
,,,,,11564,7.0,7,,,,,,,,
,,,,,11568,4.0,4,,,,,,,,
,,,,,11580,12.0,12,,,,,,,,
,,,,,11584,4.0,4,,,,,,,,
,,,,,11591,7.0,7,,,,,,,,
,,,,,11594,3.0,3,,,,,,,,
,,,,,11597,3.0,3,,,,,,,,
,,,,,11605,8.0,8,,,,,,,,
,,,,,11612,7.0,7,,,,,,,,
,,,,,11615,3.0,3,,,,,,,,
,,,,,11619,4.0,4,,,,,,,,
,,,,,11622,3.0,3,,,,,,,,
,,,,,11625,3.0,3,,,,,,,,
,,,,,11641,16.0,16,,,,,,,,
,,,,,11648,7.0,7,,,,,,,,
,,,,,11652,4.0,4,,,,,,,,
,,,,,11655,3.0,3,,,,,,,,
,,,,,11659,4.0,4,,,,,,,,
,,,,,11663,4.0,4,,,,,,,,
,,,,,11666,3.0,3,,,,,,,,
,,,,,11669,3.0,3,,,,,,,,
,,,,,11677,8.0,8,,,,,,,,
,,,,,11689,12.0,12,,,,,,,,
,,,,,11713,24.0,24,,,,,,,,
,,,,,11716,3.0,3,,,,,,,,
,,,,,11720,4.0,4,,,,,,,,
,,,,,11723,3.0,3,,,,,,,,
,,,,,11726,3.0,3,,,,,,,,
,,,,,11741,15.0,15,,,,,,,,
,,,,,11748,7.0,7,,,,,,,,
,,,,,11756,8.0,8,,,,,,,,
,,,,,11759,3.0,3,,,,,,,,
,,,,,11765,6.0,6,,,,,,,,
,,,,,11770,5.0,5,,,,,,,,
,,,,,11774,4.0,4,,,,,,,,
,,,,,11777,3.0,3,,,,,,,,
,,,,,11786,9.0,9,,,,,,,,
,,,,,11789,3.0,3,,,,,,,,
,,,,,11794,5.0,5,,,,,,,,
,,,,,11797,3.0,3,,,,,,,,
,,,,,11801,4.0,4,,,,,,,,
,,,,,11816,15.0,15,,,,,,,,
,,,,,11822,6.0,6,,,,,,,,
,,,,,11827,5.0,5,,,,,,,,
,,,,,11830,3.0,3,,,,,,,,
,,,,,11835,5.0,5,,,,,,,,
,,,,,11847,12.0,12,,,,,,,,
,,,,,11855,8.0,8,,,,,,,,
,,,,,11860,5.0,5,,,,,,,,
,,,,,11868,8.0,8,,,,,,,,
,,,,,11873,5.0,5,,,,,,,,
,,,,,11876,3.0,3,,,,,,,,
,,,,,11881,5.0,5,,,,,,,,
,,,,,11886,5.0,5,,,,,,,,
,,,,,11895,9.0,9,,,,,,,,
,,,,,11907,12.0,12,,,,,,,,
,,,,,11910,3.0,3,,,,,,,,
,,,,,11913,3.0,3,,,,,,,,
,,,,,11919,6.0,6,,,,,,,,
,,,,,11927,8.0,8,,,,,,,,
,,,,,11937,10.0,10,,,,,,,,
,,,,,11943,6.0,6,,,,,,,,
,,,,,11947,4.0,4,,,,,,,,
,,,,,11951,4.0,4,,,,,,,,
,,,,,11961,10.0,10,,,,,,,,
,,,,,11969,8.0,8,,,,,,,,
,,,,,11974,5.0,5,,,,,,,,
,,,,,11980,6.0,6,,,,,,,,
,,,,,11987,7.0,7,,,,,,,,
,,,,,11990,3.0,3,,,,,,,,
,,,,,11996,6.0,6,,,,,,,,
,,,,,11999,3.0,3,,,,,,,,
,,,,,12000,,,-8.722346305847168,87.22346496582031,133.26171875,34.75202178955078,33.392574310302734,0.0003,0.0003,0.1
,,,,,12003,4.0,4,,,,,,,,
,,,,,12007,4.0,4,,,,,,,,
,,,,,12010,3.0,3,,,,,,,,
,,,,,12018,8.0,8,,,,,,,,
,,,,,12021,3.0,3,,,,,,,,
,,,,,12025,4.0,4,,,,,,,,
,,,,,12028,3.0,3,,,,,,,,
,,,,,12033,5.0,5,,,,,,,,
,,,,,12036,3.0,3,,,,,,,,
,,,,,12039,3.0,3,,,,,,,,
,,,,,12044,5.0,5,,,,,,,,
,,,,,12049,5.0,5,,,,,,,,
,,,,,12058,9.0,9,,,,,,,,
,,,,,12062,4.0,4,,,,,,,,
,,,,,12066,4.0,4,,,,,,,,
,,,,,12069,3.0,3,,,,,,,,
,,,,,12073,4.0,4,,,,,,,,
,,,,,12082,9.0,9,,,,,,,,
,,,,,12087,5.0,5,,,,,,,,
,,,,,12090,3.0,3,,,,,,,,
,,,,,12093,3.0,3,,,,,,,,
,,,,,12099,6.0,6,,,,,,,,
,,,,,12104,5.0,5,,,,,,,,
,,,,,12110,6.0,6,,,,,,,,
,,,,,12113,3.0,3,,,,,,,,
,,,,,12118,5.0,5,,,,,,,,
,,,,,12124,6.0,6,,,,,,,,
,,,,,12142,18.0,18,,,,,,,,
,,,,,12149,7.0,7,,,,,,,,
,,,,,12158,9.0,9,,,,,,,,
,,,,,12165,7.0,7,,,,,,,,
,,,,,12170,5.0,5,,,,,,,,
,,,,,12174,4.0,4,,,,,,,,
,,,,,12181,7.0,7,,,,,,,,
,,,,,12197,16.0,16,,,,,,,,
,,,,,12206,9.0,9,,,,,,,,
,,,,,12211,5.0,5,,,,,,,,
,,,,,12219,8.0,8,,,,,,,,
,,,,,12224,5.0,5,,,,,,,,
,,,,,12237,13.0,13,,,,,,,,
,,,,,12242,5.0,5,,,,,,,,
,,,,,12246,4.0,4,,,,,,,,
,,,,,12253,7.0,7,,,,,,,,
,,,,,12256,3.0,3,,,,,,,,
,,,,,12263,7.0,7,,,,,,,,
,,,,,12266,3.0,3,,,,,,,,
,,,,,12270,4.0,4,,,,,,,,
,,,,,12276,6.0,6,,,,,,,,
,,,,,12280,4.0,4,,,,,,,,
,,,,,12286,6.0,6,,,,,,,,
,,,,,12289,3.0,3,,,,,,,,
,,,,,12301,12.0,12,,,,,,,,
,,,,,12306,5.0,5,,,,,,,,
,,,,,12311,5.0,5,,,,,,,,
,,,,,12314,3.0,3,,,,,,,,
,,,,,12319,5.0,5,,,,,,,,
,,,,,12323,4.0,4,,,,,,,,
,,,,,12327,4.0,4,,,,,,,,
,,,,,12331,4.0,4,,,,,,,,
,,,,,12334,3.0,3,,,,,,,,
,,,,,12345,11.0,11,,,,,,,,
,,,,,12351,6.0,6,,,,,,,,
,,,,,12357,6.0,6,,,,,,,,
,,,,,12362,5.0,5,,,,,,,,
,,,,,12371,9.0,9,,,,,,,,
,,,,,12377,6.0,6,,,,,,,,
,,,,,12380,3.0,3,,,,,,,,
,,,,,12390,10.0,10,,,,,,,,
,,,,,12401,11.0,11,,,,,,,,
,,,,,12407,6.0,6,,,,,,,,
,,,,,12411,4.0,4,,,,,,,,
,,,,,12415,4.0,4,,,,,,,,
,,,,,12419,4.0,4,,,,,,,,
,,,,,12422,3.0,3,,,,,,,,
,,,,,12431,9.0,9,,,,,,,,
,,,,,12441,10.0,10,,,,,,,,
,,,,,12445,4.0,4,,,,,,,,
,,,,,12453,8.0,8,,,,,,,,
,,,,,12458,5.0,5,,,,,,,,
,,,,,12462,4.0,4,,,,,,,,
,,,,,12468,6.0,6,,,,,,,,
,,,,,12472,4.0,4,,,,,,,,
,,,,,12478,6.0,6,,,,,,,,
,,,,,12485,7.0,7,,,,,,,,
,,,,,12490,5.0,5,,,,,,,,
,,,,,12493,3.0,3,,,,,,,,
,,,,,12502,9.0,9,,,,,,,,
,,,,,12506,4.0,4,,,,,,,,
,,,,,12521,15.0,15,,,,,,,,
,,,,,12527,6.0,6,,,,,,,,
,,,,,12535,8.0,8,,,,,,,,
,,,,,12538,3.0,3,,,,,,,,
,,,,,12549,11.0,11,,,,,,,,
,,,,,12556,7.0,7,,,,,,,,
,,,,,12562,6.0,6,,,,,,,,
,,,,,12565,3.0,3,,,,,,,,
,,,,,12568,3.0,3,,,,,,,,
,,,,,12579,11.0,11,,,,,,,,
,,,,,12584,5.0,5,,,,,,,,
,,,,,12587,3.0,3,,,,,,,,
,,,,,12591,4.0,4,,,,,,,,
,,,,,12600,9.0,9,,,,,,,,
,,,,,12604,4.0,4,,,,,,,,
,,,,,12608,4.0,4,,,,,,,,
,,,,,12613,5.0,5,,,,,,,,
,,,,,12620,7.0,7,,,,,,,,
,,,,,12624,4.0,4,,,,,,,,
,,,,,12629,5.0,5,,,,,,,,
,,,,,12636,7.0,7,,,,,,,,
,,,,,12639,3.0,3,,,,,,,,
,,,,,12647,8.0,8,,,,,,,,
,,,,,12650,3.0,3,,,,,,,,
,,,,,12662,12.0,12,,,,,,,,
,,,,,12671,9.0,9,,,,,,,,
,,,,,12680,9.0,9,,,,,,,,
,,,,,12683,3.0,3,,,,,,,,
,,,,,12693,10.0,10,,,,,,,,
,,,,,12696,3.0,3,,,,,,,,
,,,,,12700,4.0,4,,,,,,,,
,,,,,12707,7.0,7,,,,,,,,
,,,,,12722,15.0,15,,,,,,,,
,,,,,12725,3.0,3,,,,,,,,
,,,,,12729,4.0,4,,,,,,,,
,,,,,12733,4.0,4,,,,,,,,
,,,,,12740,7.0,7,,,,,,,,
,,,,,12743,3.0,3,,,,,,,,
,,,,,12749,6.0,6,,,,,,,,
,,,,,12754,5.0,5,,,,,,,,
,,,,,12758,4.0,4,,,,,,,,
,,,,,12762,4.0,4,,,,,,,,
,,,,,12773,11.0,11,,,,,,,,
,,,,,12779,6.0,6,,,,,,,,
,,,,,12782,3.0,3,,,,,,,,
,,,,,12785,3.0,3,,,,,,,,
,,,,,12788,3.0,3,,,,,,,,
,,,,,12797,9.0,9,,,,,,,,
,,,,,12801,4.0,4,,,,,,,,
,,,,,12806,5.0,5,,,,,,,,
,,,,,12809,3.0,3,,,,,,,,
,,,,,12812,3.0,3,,,,,,,,
,,,,,12820,8.0,8,,,,,,,,
,,,,,12834,14.0,14,,,,,,,,
,,,,,12838,4.0,4,,,,,,,,
,,,,,12845,7.0,7,,,,,,,,
,,,,,12849,4.0,4,,,,,,,,
,,,,,12857,8.0,8,,,,,,,,
,,,,,12862,5.0,5,,,,,,,,
,,,,,12866,4.0,4,,,,,,,,
,,,,,12871,5.0,5,,,,,,,,
,,,,,12876,5.0,5,,,,,,,,
,,,,,12880,4.0,4,,,,,,,,
,,,,,12886,6.0,6,,,,,,,,
,,,,,12890,4.0,4,,,,,,,,
,,,,,12896,6.0,6,,,,,,,,
,,,,,12902,6.0,6,,,,,,,,
,,,,,12906,4.0,4,,,,,,,,
,,,,,12909,3.0,3,,,,,,,,
,,,,,12914,5.0,5,,,,,,,,
,,,,,12918,4.0,4,,,,,,,,
,,,,,12921,3.0,3,,,,,,,,
,,,,,12929,8.0,8,,,,,,,,
,,,,,12935,6.0,6,,,,,,,,
,,,,,12939,4.0,4,,,,,,,,
,,,,,12948,9.0,9,,,,,,,,
,,,,,12951,3.0,3,,,,,,,,
,,,,,12958,7.0,7,,,,,,,,
,,,,,12961,3.0,3,,,,,,,,
,,,,,12967,6.0,6,,,,,,,,
,,,,,12974,7.0,7,,,,,,,,
,,,,,12979,5.0,5,,,,,,,,
,,,,,12983,4.0,4,,,,,,,,
,,,,,12988,5.0,5,,,,,,,,
,,,,,12993,5.0,5,,,,,,,,
,,,,,13000,,,-8.596773147583008,85.96772766113281,110.78187561035156,35.13557434082031,33.80632019042969,0.0003,0.0003,0.1
,,,,,13002,9.0,9,,,,,,,,
,,,,,13005,3.0,3,,,,,,,,
,,,,,13009,4.0,4,,,,,,,,
,,,,,13018,9.0,9,,,,,,,,
,,,,,13021,3.0,3,,,,,,,,
,,,,,13024,3.0,3,,,,,,,,
,,,,,13039,15.0,15,,,,,,,,
,,,,,13047,8.0,8,,,,,,,,
,,,,,13054,7.0,7,,,,,,,,
,,,,,13073,19.0,19,,,,,,,,
,,,,,13084,11.0,11,,,,,,,,
,,,,,13092,8.0,8,,,,,,,,
,,,,,13096,4.0,4,,,,,,,,
,,,,,13103,7.0,7,,,,,,,,
,,,,,13106,3.0,3,,,,,,,,
,,,,,13112,6.0,6,,,,,,,,
,,,,,13116,4.0,4,,,,,,,,
,,,,,13122,6.0,6,,,,,,,,
,,,,,13128,6.0,6,,,,,,,,
,,,,,13134,6.0,6,,,,,,,,
,,,,,13138,4.0,4,,,,,,,,
,,,,,13141,3.0,3,,,,,,,,
,,,,,13146,5.0,5,,,,,,,,
,,,,,13151,5.0,5,,,,,,,,
,,,,,13161,10.0,10,,,,,,,,
,,,,,13169,8.0,8,,,,,,,,
,,,,,13182,13.0,13,,,,,,,,
,,,,,13185,3.0,3,,,,,,,,
,,,,,13195,10.0,10,,,,,,,,
,,,,,13199,4.0,4,,,,,,,,
,,,,,13202,3.0,3,,,,,,,,
,,,,,13210,8.0,8,,,,,,,,
,,,,,13214,4.0,4,,,,,,,,
,,,,,13217,3.0,3,,,,,,,,
,,,,,13222,5.0,5,,,,,,,,
,,,,,13226,4.0,4,,,,,,,,
,,,,,13229,3.0,3,,,,,,,,
,,,,,13233,4.0,4,,,,,,,,
,,,,,13236,3.0,3,,,,,,,,
,,,,,13244,8.0,8,,,,,,,,
,,,,,13248,4.0,4,,,,,,,,
,,,,,13251,3.0,3,,,,,,,,
,,,,,13257,6.0,6,,,,,,,,
,,,,,13263,6.0,6,,,,,,,,
,,,,,13266,3.0,3,,,,,,,,
,,,,,13269,3.0,3,,,,,,,,
,,,,,13276,7.0,7,,,,,,,,
,,,,,13284,8.0,8,,,,,,,,
,,,,,13288,4.0,4,,,,,,,,
,,,,,13292,4.0,4,,,,,,,,
,,,,,13295,3.0,3,,,,,,,,
,,,,,13300,5.0,5,,,,,,,,
,,,,,13307,7.0,7,,,,,,,,
,,,,,13311,4.0,4,,,,,,,,
,,,,,13316,5.0,5,,,,,,,,
,,,,,13324,8.0,8,,,,,,,,
,,,,,13327,3.0,3,,,,,,,,
,,,,,13331,4.0,4,,,,,,,,
,,,,,13343,12.0,12,,,,,,,,
,,,,,13360,17.0,17,,,,,,,,
,,,,,13370,10.0,10,,,,,,,,
,,,,,13373,3.0,3,,,,,,,,
,,,,,13381,8.0,8,,,,,,,,
,,,,,13385,4.0,4,,,,,,,,
,,,,,13395,10.0,10,,,,,,,,
,,,,,13399,4.0,4,,,,,,,,
,,,,,13406,7.0,7,,,,,,,,
,,,,,13412,6.0,6,,,,,,,,
,,,,,13418,6.0,6,,,,,,,,
,,,,,13423,5.0,5,,,,,,,,
,,,,,13427,4.0,4,,,,,,,,
,,,,,13431,4.0,4,,,,,,,,
,,,,,13436,5.0,5,,,,,,,,
,,,,,13443,7.0,7,,,,,,,,
,,,,,13448,5.0,5,,,,,,,,
,,,,,13451,3.0,3,,,,,,,,
,,,,,13454,3.0,3,,,,,,,,
,,,,,13460,6.0,6,,,,,,,,
,,,,,13465,5.0,5,,,,,,,,
,,,,,13469,4.0,4,,,,,,,,
,,,,,13476,7.0,7,,,,,,,,
,,,,,13493,17.0,17,,,,,,,,
,,,,,13501,8.0,8,,,,,,,,
,,,,,13506,5.0,5,,,,,,,,
,,,,,13511,5.0,5,,,,,,,,
,,,,,13522,11.0,11,,,,,,,,
,,,,,13529,7.0,7,,,,,,,,
,,,,,13533,4.0,4,,,,,,,,
,,,,,13537,4.0,4,,,,,,,,
,,,,,13540,3.0,3,,,,,,,,
,,,,,13545,5.0,5,,,,,,,,
,,,,,13555,10.0,10,,,,,,,,
,,,,,13558,3.0,3,,,,,,,,
,,,,,13561,3.0,3,,,,,,,,
,,,,,13567,6.0,6,,,,,,,,
,,,,,13573,6.0,6,,,,,,,,
,,,,,13578,5.0,5,,,,,,,,
,,,,,13584,6.0,6,,,,,,,,
,,,,,13588,4.0,4,,,,,,,,
,,,,,13604,16.0,16,,,,,,,,
,,,,,13612,8.0,8,,,,,,,,
,,,,,13620,8.0,8,,,,,,,,
,,,,,13626,6.0,6,,,,,,,,
,,,,,13629,3.0,3,,,,,,,,
,,,,,13633,4.0,4,,,,,,,,
,,,,,13643,10.0,10,,,,,,,,
,,,,,13646,3.0,3,,,,,,,,
,,,,,13651,5.0,5,,,,,,,,
,,,,,13657,6.0,6,,,,,,,,
,,,,,13660,3.0,3,,,,,,,,
,,,,,13665,5.0,5,,,,,,,,
,,,,,13671,6.0,6,,,,,,,,
,,,,,13680,9.0,9,,,,,,,,
,,,,,13684,4.0,4,,,,,,,,
,,,,,13688,4.0,4,,,,,,,,
,,,,,13691,3.0,3,,,,,,,,
,,,,,13703,12.0,12,,,,,,,,
,,,,,13708,5.0,5,,,,,,,,
,,,,,13714,6.0,6,,,,,,,,
,,,,,13728,14.0,14,,,,,,,,
,,,,,13731,3.0,3,,,,,,,,
,,,,,13734,3.0,3,,,,,,,,
,,,,,13738,4.0,4,,,,,,,,
,,,,,13743,5.0,5,,,,,,,,
,,,,,13753,10.0,10,,,,,,,,
,,,,,13760,7.0,7,,,,,,,,
,,,,,13763,3.0,3,,,,,,,,
,,,,,13769,6.0,6,,,,,,,,
,,,,,13774,5.0,5,,,,,,,,
,,,,,13780,6.0,6,,,,,,,,
,,,,,13788,8.0,8,,,,,,,,
,,,,,13799,11.0,11,,,,,,,,
,,,,,13806,7.0,7,,,,,,,,
,,,,,13817,11.0,11,,,,,,,,
,,,,,13826,9.0,9,,,,,,,,
,,,,,13838,12.0,12,,,,,,,,
,,,,,13842,4.0,4,,,,,,,,
,,,,,13851,9.0,9,,,,,,,,
,,,,,13858,7.0,7,,,,,,,,
,,,,,13867,9.0,9,,,,,,,,
,,,,,13870,3.0,3,,,,,,,,
,,,,,13874,4.0,4,,,,,,,,
,,,,,13879,5.0,5,,,,,,,,
,,,,,13886,7.0,7,,,,,,,,
,,,,,13889,3.0,3,,,,,,,,
,,,,,13896,7.0,7,,,,,,,,
,,,,,13900,4.0,4,,,,,,,,
,,,,,13913,13.0,13,,,,,,,,
,,,,,13921,8.0,8,,,,,,,,
,,,,,13928,7.0,7,,,,,,,,
,,,,,13931,3.0,3,,,,,,,,
,,,,,13944,13.0,13,,,,,,,,
,,,,,13950,6.0,6,,,,,,,,
,,,,,13953,3.0,3,,,,,,,,
,,,,,13959,6.0,6,,,,,,,,
,,,,,13964,5.0,5,,,,,,,,
,,,,,13974,10.0,10,,,,,,,,
,,,,,13978,4.0,4,,,,,,,,
,,,,,13983,5.0,5,,,,,,,,
,,,,,13988,5.0,5,,,,,,,,
,,,,,13999,11.0,11,,,,,,,,
,,,,,14000,,,-8.903388977050781,89.03388977050781,149.7666778564453,34.3681640625,32.52073669433594,0.0003,0.0003,0.1
,,,,,14004,5.0,5,,,,,,,,
,,,,,14017,13.0,13,,,,,,,,
,,,,,14031,14.0,14,,,,,,,,
,,,,,14035,4.0,4,,,,,,,,
,,,,,14041,6.0,6,,,,,,,,
,,,,,14045,4.0,4,,,,,,,,
,,,,,14049,4.0,4,,,,,,,,
,,,,,14056,7.0,7,,,,,,,,
,,,,,14059,3.0,3,,,,,,,,
,,,,,14066,7.0,7,,,,,,,,
,,,,,14073,7.0,7,,,,,,,,
,,,,,14078,5.0,5,,,,,,,,
,,,,,14084,6.0,6,,,,,,,,
,,,,,14089,5.0,5,,,,,,,,
,,,,,14093,4.0,4,,,,,,,,
,,,,,14098,5.0,5,,,,,,,,
,,,,,14103,5.0,5,,,,,,,,
,,,,,14112,9.0,9,,,,,,,,
,,,,,14127,15.0,15,,,,,,,,
,,,,,14131,4.0,4,,,,,,,,
,,,,,14135,4.0,4,,,,,,,,
,,,,,14141,6.0,6,,,,,,,,
,,,,,14148,7.0,7,,,,,,,,
,,,,,14152,4.0,4,,,,,,,,
,,,,,14157,5.0,5,,,,,,,,
,,,,,14171,14.0,14,,,,,,,,
,,,,,14176,5.0,5,,,,,,,,
,,,,,14183,7.0,7,,,,,,,,
,,,,,14190,7.0,7,,,,,,,,
,,,,,14197,7.0,7,,,,,,,,
,,,,,14200,3.0,3,,,,,,,,
,,,,,14203,3.0,3,,,,,,,,
,,,,,14207,4.0,4,,,,,,,,
,,,,,14214,7.0,7,,,,,,,,
,,,,,14220,6.0,6,,,,,,,,
,,,,,14223,3.0,3,,,,,,,,
,,,,,14236,13.0,13,,,,,,,,
,,,,,14241,5.0,5,,,,,,,,
,,,,,14250,9.0,9,,,,,,,,
,,,,,14254,4.0,4,,,,,,,,
,,,,,14257,3.0,3,,,,,,,,
,,,,,14262,5.0,5,,,,,,,,
,,,,,14266,4.0,4,,,,,,,,
,,,,,14270,4.0,4,,,,,,,,
,,,,,14275,5.0,5,,,,,,,,
,,,,,14281,6.0,6,,,,,,,,
,,,,,14285,4.0,4,,,,,,,,
,,,,,14291,6.0,6,,,,,,,,
,,,,,14294,3.0,3,,,,,,,,
,,,,,14299,5.0,5,,,,,,,,
,,,,,14304,5.0,5,,,,,,,,
,,,,,14308,4.0,4,,,,,,,,
,,,,,14314,6.0,6,,,,,,,,
,,,,,14322,8.0,8,,,,,,,,
,,,,,14331,9.0,9,,,,,,,,
,,,,,14335,4.0,4,,,,,,,,
,,,,,14338,3.0,3,,,,,,,,
,,,,,14342,4.0,4,,,,,,,,
,,,,,14346,4.0,4,,,,,,,,
,,,,,14349,3.0,3,,,,,,,,
,,,,,14353,4.0,4,,,,,,,,
,,,,,14362,9.0,9,,,,,,,,
,,,,,14367,5.0,5,,,,,,,,
,,,,,14377,10.0,10,,,,,,,,
,,,,,14383,6.0,6,,,,,,,,
,,,,,14389,6.0,6,,,,,,,,
,,,,,14400,11.0,11,,,,,,,,
,,,,,14405,5.0,5,,,,,,,,
,,,,,14416,11.0,11,,,,,,,,
,,,,,14420,4.0,4,,,,,,,,
,,,,,14424,4.0,4,,,,,,,,
,,,,,14427,3.0,3,,,,,,,,
,,,,,14435,8.0,8,,,,,,,,
,,,,,14440,5.0,5,,,,,,,,
,,,,,14444,4.0,4,,,,,,,,
,,,,,14453,9.0,9,,,,,,,,
,,,,,14459,6.0,6,,,,,,,,
,,,,,14468,9.0,9,,,,,,,,
,,,,,14474,6.0,6,,,,,,,,
,,,,,14478,4.0,4,,,,,,,,
,,,,,14482,4.0,4,,,,,,,,
,,,,,14485,3.0,3,,,,,,,,
,,,,,14488,3.0,3,,,,,,,,
,,,,,14491,3.0,3,,,,,,,,
,,,,,14494,3.0,3,,,,,,,,
,,,,,14497,3.0,3,,,,,,,,
,,,,,14504,7.0,7,,,,,,,,
,,,,,14509,5.0,5,,,,,,,,
,,,,,14514,5.0,5,,,,,,,,
,,,,,14517,3.0,3,,,,,,,,
,,,,,14521,4.0,4,,,,,,,,
,,,,,14524,3.0,3,,,,,,,,
,,,,,14529,5.0,5,,,,,,,,
,,,,,14540,11.0,11,,,,,,,,
,,,,,14544,4.0,4,,,,,,,,
,,,,,14549,5.0,5,,,,,,,,
,,,,,14574,25.0,25,,,,,,,,
,,,,,14577,3.0,3,,,,,,,,
,,,,,14584,7.0,7,,,,,,,,
,,,,,14593,9.0,9,,,,,,,,
,,,,,14599,6.0,6,,,,,,,,
,,,,,14602,3.0,3,,,,,,,,
,,,,,14608,6.0,6,,,,,,,,
,,,,,14612,4.0,4,,,,,,,,
,,,,,14616,4.0,4,,,,,,,,
,,,,,14620,4.0,4,,,,,,,,
,,,,,14624,4.0,4,,,,,,,,
,,,,,14627,3.0,3,,,,,,,,
,,,,,14631,4.0,4,,,,,,,,
,,,,,14635,4.0,4,,,,,,,,
,,,,,14639,4.0,4,,,,,,,,
,,,,,14646,7.0,7,,,,,,,,
,,,,,14654,8.0,8,,,,,,,,
,,,,,14657,3.0,3,,,,,,,,
,,,,,14664,7.0,7,,,,,,,,
,,,,,14671,7.0,7,,,,,,,,
,,,,,14677,6.0,6,,,,,,,,
,,,,,14681,4.0,4,,,,,,,,
,,,,,14685,4.0,4,,,,,,,,
,,,,,14690,5.0,5,,,,,,,,
,,,,,14693,3.0,3,,,,,,,,
,,,,,14697,4.0,4,,,,,,,,
,,,,,14704,7.0,7,,,,,,,,
,,,,,14710,6.0,6,,,,,,,,
,,,,,14716,6.0,6,,,,,,,,
,,,,,14721,5.0,5,,,,,,,,
,,,,,14724,3.0,3,,,,,,,,
,,,,,14737,13.0,13,,,,,,,,
,,,,,14744,7.0,7,,,,,,,,
,,,,,14748,4.0,4,,,,,,,,
,,,,,14751,3.0,3,,,,,,,,
,,,,,14754,3.0,3,,,,,,,,
,,,,,14758,4.0,4,,,,,,,,
,,,,,14764,6.0,6,,,,,,,,
,,,,,14768,4.0,4,,,,,,,,
,,,,,14777,9.0,9,,,,,,,,
,,,,,14782,5.0,5,,,,,,,,
,,,,,14786,4.0,4,,,,,,,,
,,,,,14790,4.0,4,,,,,,,,
,,,,,14800,10.0,10,,,,,,,,
,,,,,14808,8.0,8,,,,,,,,
,,,,,14811,3.0,3,,,,,,,,
,,,,,14814,3.0,3,,,,,,,,
,,,,,14819,5.0,5,,,,,,,,
,,,,,14824,5.0,5,,,,,,,,
,,,,,14832,8.0,8,,,,,,,,
,,,,,14836,4.0,4,,,,,,,,
,,,,,14839,3.0,3,,,,,,,,
,,,,,14842,3.0,3,,,,,,,,
,,,,,14848,6.0,6,,,,,,,,
,,,,,14853,5.0,5,,,,,,,,
,,,,,14871,18.0,18,,,,,,,,
,,,,,14875,4.0,4,,,,,,,,
,,,,,14879,4.0,4,,,,,,,,
,,,,,14888,9.0,9,,,,,,,,
,,,,,14896,8.0,8,,,,,,,,
,,,,,14901,5.0,5,,,,,,,,
,,,,,14909,8.0,8,,,,,,,,
,,,,,14914,5.0,5,,,,,,,,
,,,,,14924,10.0,10,,,,,,,,
,,,,,14935,11.0,11,,,,,,,,
,,,,,14945,10.0,10,,,,,,,,
,,,,,14948,3.0,3,,,,,,,,
,,,,,14952,4.0,4,,,,,,,,
,,,,,14956,4.0,4,,,,,,,,
,,,,,14960,4.0,4,,,,,,,,
,,,,,14966,6.0,6,,,,,,,,
,,,,,14970,4.0,4,,,,,,,,
,,,,,14984,14.0,14,,,,,,,,
,,,,,14994,10.0,10,,,,,,,,
,,,,,14997,3.0,3,,,,,,,,
5.4,2.3748684,9.0,3.0,5.4,15000,,,-8.667266845703125,86.67266845703125,158.4202117919922,35.23524475097656,35.67054748535156,0.0003,0.0003,0.1
,,,,,15011,14.0,14,,,,,,,,
,,,,,15016,5.0,5,,,,,,,,
,,,,,15020,4.0,4,,,,,,,,
,,,,,15024,4.0,4,,,,,,,,
,,,,,15039,15.0,15,,,,,,,,
,,,,,15044,5.0,5,,,,,,,,
,,,,,15056,12.0,12,,,,,,,,
,,,,,15069,13.0,13,,,,,,,,
,,,,,15077,8.0,8,,,,,,,,
,,,,,15081,4.0,4,,,,,,,,
,,,,,15084,3.0,3,,,,,,,,
,,,,,15088,4.0,4,,,,,,,,
,,,,,15091,3.0,3,,,,,,,,
,,,,,15097,6.0,6,,,,,,,,
,,,,,15101,4.0,4,,,,,,,,
,,,,,15111,10.0,10,,,,,,,,
,,,,,15118,7.0,7,,,,,,,,
,,,,,15125,7.0,7,,,,,,,,
,,,,,15128,3.0,3,,,,,,,,
,,,,,15132,4.0,4,,,,,,,,
,,,,,15139,7.0,7,,,,,,,,
,,,,,15145,6.0,6,,,,,,,,
,,,,,15153,8.0,8,,,,,,,,
,,,,,15157,4.0,4,,,,,,,,
,,,,,15161,4.0,4,,,,,,,,
,,,,,15165,4.0,4,,,,,,,,
,,,,,15172,7.0,7,,,,,,,,
,,,,,15176,4.0,4,,,,,,,,
,,,,,15182,6.0,6,,,,,,,,
,,,,,15191,9.0,9,,,,,,,,
,,,,,15196,5.0,5,,,,,,,,
,,,,,15202,6.0,6,,,,,,,,
,,,,,15208,6.0,6,,,,,,,,
,,,,,15217,9.0,9,,,,,,,,
,,,,,15221,4.0,4,,,,,,,,
,,,,,15225,4.0,4,,,,,,,,
,,,,,15230,5.0,5,,,,,,,,
,,,,,15237,7.0,7,,,,,,,,
,,,,,15242,5.0,5,,,,,,,,
,,,,,15246,4.0,4,,,,,,,,
,,,,,15250,4.0,4,,,,,,,,
,,,,,15254,4.0,4,,,,,,,,
,,,,,15267,13.0,13,,,,,,,,
,,,,,15273,6.0,6,,,,,,,,
,,,,,15284,11.0,11,,,,,,,,
,,,,,15288,4.0,4,,,,,,,,
,,,,,15293,5.0,5,,,,,,,,
,,,,,15301,8.0,8,,,,,,,,
,,,,,15307,6.0,6,,,,,,,,
,,,,,15311,4.0,4,,,,,,,,
,,,,,15314,3.0,3,,,,,,,,
,,,,,15320,6.0,6,,,,,,,,
,,,,,15324,4.0,4,,,,,,,,
,,,,,15337,13.0,13,,,,,,,,
,,,,,15341,4.0,4,,,,,,,,
,,,,,15346,5.0,5,,,,,,,,
,,,,,15357,11.0,11,,,,,,,,
,,,,,15368,11.0,11,,,,,,,,
,,,,,15380,12.0,12,,,,,,,,
,,,,,15383,3.0,3,,,,,,,,
,,,,,15387,4.0,4,,,,,,,,
,,,,,15392,5.0,5,,,,,,,,
,,,,,15398,6.0,6,,,,,,,,
,,,,,15404,6.0,6,,,,,,,,
,,,,,15409,5.0,5,,,,,,,,
,,,,,15413,4.0,4,,,,,,,,
,,,,,15421,8.0,8,,,,,,,,
,,,,,15432,11.0,11,,,,,,,,
,,,,,15435,3.0,3,,,,,,,,
,,,,,15440,5.0,5,,,,,,,,
,,,,,15443,3.0,3,,,,,,,,
,,,,,15448,5.0,5,,,,,,,,
,,,,,15451,3.0,3,,,,,,,,
,,,,,15454,3.0,3,,,,,,,,
,,,,,15461,7.0,7,,,,,,,,
,,,,,15467,6.0,6,,,,,,,,
,,,,,15496,29.0,29,,,,,,,,
,,,,,15500,4.0,4,,,,,,,,
,,,,,15503,3.0,3,,,,,,,,
,,,,,15511,8.0,8,,,,,,,,
,,,,,15522,11.0,11,,,,,,,,
,,,,,15525,3.0,3,,,,,,,,
,,,,,15528,3.0,3,,,,,,,,
,,,,,15531,3.0,3,,,,,,,,
,,,,,15535,4.0,4,,,,,,,,
,,,,,15539,4.0,4,,,,,,,,
,,,,,15550,11.0,11,,,,,,,,
,,,,,15554,4.0,4,,,,,,,,
,,,,,15564,10.0,10,,,,,,,,
,,,,,15567,3.0,3,,,,,,,,
,,,,,15574,7.0,7,,,,,,,,
,,,,,15577,3.0,3,,,,,,,,
,,,,,15581,4.0,4,,,,,,,,
,,,,,15584,3.0,3,,,,,,,,
,,,,,15590,6.0,6,,,,,,,,
,,,,,15596,6.0,6,,,,,,,,
,,,,,15602,6.0,6,,,,,,,,
,,,,,15606,4.0,4,,,,,,,,
,,,,,15610,4.0,4,,,,,,,,
,,,,,15615,5.0,5,,,,,,,,
,,,,,15623,8.0,8,,,,,,,,
,,,,,15626,3.0,3,,,,,,,,
,,,,,15631,5.0,5,,,,,,,,
,,,,,15634,3.0,3,,,,,,,,
,,,,,15638,4.0,4,,,,,,,,
,,,,,15642,4.0,4,,,,,,,,
,,,,,15647,5.0,5,,,,,,,,
,,,,,15653,6.0,6,,,,,,,,
,,,,,15662,9.0,9,,,,,,,,
,,,,,15666,4.0,4,,,,,,,,
,,,,,15669,3.0,3,,,,,,,,
,,,,,15673,4.0,4,,,,,,,,
,,,,,15678,5.0,5,,,,,,,,
,,,,,15685,7.0,7,,,,,,,,
,,,,,15691,6.0,6,,,,,,,,
,,,,,15695,4.0,4,,,,,,,,
,,,,,15705,10.0,10,,,,,,,,
,,,,,15710,5.0,5,,,,,,,,
,,,,,15717,7.0,7,,,,,,,,
,,,,,15720,3.0,3,,,,,,,,
,,,,,15723,3.0,3,,,,,,,,
,,,,,15727,4.0,4,,,,,,,,
,,,,,15730,3.0,3,,,,,,,,
,,,,,15736,6.0,6,,,,,,,,
,,,,,15740,4.0,4,,,,,,,,
,,,,,15743,3.0,3,,,,,,,,
,,,,,15756,13.0,13,,,,,,,,
,,,,,15763,7.0,7,,,,,,,,
,,,,,15781,18.0,18,,,,,,,,
,,,,,15788,7.0,7,,,,,,,,
,,,,,15793,5.0,5,,,,,,,,
,,,,,15800,7.0,7,,,,,,,,
,,,,,15806,6.0,6,,,,,,,,
,,,,,15812,6.0,6,,,,,,,,
,,,,,15817,5.0,5,,,,,,,,
,,,,,15824,7.0,7,,,,,,,,
,,,,,15827,3.0,3,,,,,,,,
,,,,,15835,8.0,8,,,,,,,,
,,,,,15841,6.0,6,,,,,,,,
,,,,,15845,4.0,4,,,,,,,,
,,,,,15850,5.0,5,,,,,,,,
,,,,,15856,6.0,6,,,,,,,,
,,,,,15859,3.0,3,,,,,,,,
,,,,,15868,9.0,9,,,,,,,,
,,,,,15871,3.0,3,,,,,,,,
,,,,,15880,9.0,9,,,,,,,,
,,,,,15883,3.0,3,,,,,,,,
,,,,,15887,4.0,4,,,,,,,,
,,,,,15895,8.0,8,,,,,,,,
,,,,,15898,3.0,3,,,,,,,,
,,,,,15910,12.0,12,,,,,,,,
,,,,,15920,10.0,10,,,,,,,,
,,,,,15923,3.0,3,,,,,,,,
,,,,,15929,6.0,6,,,,,,,,
,,,,,15941,12.0,12,,,,,,,,
,,,,,15946,5.0,5,,,,,,,,
,,,,,15952,6.0,6,,,,,,,,
,,,,,15955,3.0,3,,,,,,,,
,,,,,15959,4.0,4,,,,,,,,
,,,,,15962,3.0,3,,,,,,,,
,,,,,15972,10.0,10,,,,,,,,
,,,,,15981,9.0,9,,,,,,,,
,,,,,15985,4.0,4,,,,,,,,
,,,,,15991,6.0,6,,,,,,,,
,,,,,15994,3.0,3,,,,,,,,
,,,,,15997,3.0,3,,,,,,,,
,,,,,16000,,,-8.684146881103516,86.84146881103516,175.73162841796875,36.91107940673828,36.18581771850586,0.0003,0.0003,0.1
,,,,,16010,13.0,13,,,,,,,,
,,,,,16014,4.0,4,,,,,,,,
,,,,,16017,3.0,3,,,,,,,,
,,,,,16020,3.0,3,,,,,,,,
,,,,,16027,7.0,7,,,,,,,,
,,,,,16034,7.0,7,,,,,,,,
,,,,,16037,3.0,3,,,,,,,,
,,,,,16043,6.0,6,,,,,,,,
,,,,,16047,4.0,4,,,,,,,,
,,,,,16050,3.0,3,,,,,,,,
,,,,,16055,5.0,5,,,,,,,,
,,,,,16061,6.0,6,,,,,,,,
,,,,,16074,13.0,13,,,,,,,,
,,,,,16080,6.0,6,,,,,,,,
,,,,,16084,4.0,4,,,,,,,,
,,,,,16087,3.0,3,,,,,,,,
,,,,,16095,8.0,8,,,,,,,,
,,,,,16098,3.0,3,,,,,,,,
,,,,,16101,3.0,3,,,,,,,,
,,,,,16104,3.0,3,,,,,,,,
,,,,,16119,15.0,15,,,,,,,,
,,,,,16125,6.0,6,,,,,,,,
,,,,,16131,6.0,6,,,,,,,,
,,,,,16137,6.0,6,,,,,,,,
,,,,,16145,8.0,8,,,,,,,,
,,,,,16149,4.0,4,,,,,,,,
,,,,,16159,10.0,10,,,,,,,,
,,,,,16163,4.0,4,,,,,,,,
,,,,,16172,9.0,9,,,,,,,,
,,,,,16176,4.0,4,,,,,,,,
,,,,,16188,12.0,12,,,,,,,,
,,,,,16195,7.0,7,,,,,,,,
,,,,,16198,3.0,3,,,,,,,,
,,,,,16201,3.0,3,,,,,,,,
,,,,,16204,3.0,3,,,,,,,,
,,,,,16212,8.0,8,,,,,,,,
,,,,,16225,13.0,13,,,,,,,,
,,,,,16228,3.0,3,,,,,,,,
,,,,,16243,15.0,15,,,,,,,,
,,,,,16247,4.0,4,,,,,,,,
,,,,,16259,12.0,12,,,,,,,,
,,,,,16263,4.0,4,,,,,,,,
,,,,,16270,7.0,7,,,,,,,,
,,,,,16274,4.0,4,,,,,,,,
,,,,,16278,4.0,4,,,,,,,,
,,,,,16282,4.0,4,,,,,,,,
,,,,,16285,3.0,3,,,,,,,,
,,,,,16289,4.0,4,,,,,,,,
,,,,,16292,3.0,3,,,,,,,,
,,,,,16295,3.0,3,,,,,,,,
,,,,,16301,6.0,6,,,,,,,,
,,,,,16307,6.0,6,,,,,,,,
,,,,,16310,3.0,3,,,,,,,,
,,,,,16319,9.0,9,,,,,,,,
,,,,,16323,4.0,4,,,,,,,,
,,,,,16328,5.0,5,,,,,,,,
,,,,,16331,3.0,3,,,,,,,,
,,,,,16335,4.0,4,,,,,,,,
,,,,,16344,9.0,9,,,,,,,,
,,,,,16352,8.0,8,,,,,,,,
,,,,,16357,5.0,5,,,,,,,,
,,,,,16365,8.0,8,,,,,,,,
,,,,,16373,8.0,8,,,,,,,,
,,,,,16380,7.0,7,,,,,,,,
,,,,,16385,5.0,5,,,,,,,,
,,,,,16393,8.0,8,,,,,,,,
,,,,,16404,11.0,11,,,,,,,,
,,,,,16408,4.0,4,,,,,,,,
,,,,,16423,15.0,15,,,,,,,,
,,,,,16428,5.0,5,,,,,,,,
,,,,,16438,10.0,10,,,,,,,,
,,,,,16442,4.0,4,,,,,,,,
,,,,,16447,5.0,5,,,,,,,,
,,,,,16452,5.0,5,,,,,,,,
,,,,,16457,5.0,5,,,,,,,,
,,,,,16460,3.0,3,,,,,,,,
,,,,,16466,6.0,6,,,,,,,,
,,,,,16475,9.0,9,,,,,,,,
,,,,,16478,3.0,3,,,,,,,,
,,,,,16485,7.0,7,,,,,,,,
,,,,,16491,6.0,6,,,,,,,,
,,,,,16504,13.0,13,,,,,,,,
,,,,,16509,5.0,5,,,,,,,,
,,,,,16515,6.0,6,,,,,,,,
,,,,,16518,3.0,3,,,,,,,,
,,,,,16521,3.0,3,,,,,,,,
,,,,,16538,17.0,17,,,,,,,,
,,,,,16541,3.0,3,,,,,,,,
,,,,,16544,3.0,3,,,,,,,,
,,,,,16549,5.0,5,,,,,,,,
,,,,,16553,4.0,4,,,,,,,,
,,,,,16559,6.0,6,,,,,,,,
,,,,,16562,3.0,3,,,,,,,,
,,,,,16565,3.0,3,,,,,,,,
,,,,,16578,13.0,13,,,,,,,,
,,,,,16584,6.0,6,,,,,,,,
,,,,,16587,3.0,3,,,,,,,,
,,,,,16590,3.0,3,,,,,,,,
,,,,,16595,5.0,5,,,,,,,,
,,,,,16600,5.0,5,,,,,,,,
,,,,,16607,7.0,7,,,,,,,,
,,,,,16623,16.0,16,,,,,,,,
,,,,,16626,3.0,3,,,,,,,,
,,,,,16629,3.0,3,,,,,,,,
,,,,,16633,4.0,4,,,,,,,,
,,,,,16638,5.0,5,,,,,,,,
,,,,,16641,3.0,3,,,,,,,,
,,,,,16648,7.0,7,,,,,,,,
,,,,,16656,8.0,8,,,,,,,,
,,,,,16660,4.0,4,,,,,,,,
,,,,,16663,3.0,3,,,,,,,,
,,,,,16672,9.0,9,,,,,,,,
,,,,,16683,11.0,11,,,,,,,,
,,,,,16690,7.0,7,,,,,,,,
,,,,,16695,5.0,5,,,,,,,,
,,,,,16704,9.0,9,,,,,,,,
,,,,,16710,6.0,6,,,,,,,,
,,,,,16714,4.0,4,,,,,,,,
,,,,,16722,8.0,8,,,,,,,,
,,,,,16725,3.0,3,,,,,,,,
,,,,,16729,4.0,4,,,,,,,,
,,,,,16732,3.0,3,,,,,,,,
,,,,,16736,4.0,4,,,,,,,,
,,,,,16743,7.0,7,,,,,,,,
,,,,,16747,4.0,4,,,,,,,,
,,,,,16752,5.0,5,,,,,,,,
,,,,,16757,5.0,5,,,,,,,,
,,,,,16770,13.0,13,,,,,,,,
,,,,,16778,8.0,8,,,,,,,,
,,,,,16781,3.0,3,,,,,,,,
,,,,,16786,5.0,5,,,,,,,,
,,,,,16792,6.0,6,,,,,,,,
,,,,,16798,6.0,6,,,,,,,,
,,,,,16804,6.0,6,,,,,,,,
,,,,,16810,6.0,6,,,,,,,,
,,,,,16815,5.0,5,,,,,,,,
,,,,,16819,4.0,4,,,,,,,,
,,,,,16824,5.0,5,,,,,,,,
,,,,,16827,3.0,3,,,,,,,,
,,,,,16831,4.0,4,,,,,,,,
,,,,,16835,4.0,4,,,,,,,,
,,,,,16839,4.0,4,,,,,,,,
,,,,,16843,4.0,4,,,,,,,,
,,,,,16848,5.0,5,,,,,,,,
,,,,,16855,7.0,7,,,,,,,,
,,,,,16869,14.0,14,,,,,,,,
,,,,,16873,4.0,4,,,,,,,,
,,,,,16877,4.0,4,,,,,,,,
,,,,,16882,5.0,5,,,,,,,,
,,,,,16898,16.0,16,,,,,,,,
,,,,,16901,3.0,3,,,,,,,,
,,,,,16904,3.0,3,,,,,,,,
,,,,,16908,4.0,4,,,,,,,,
,,,,,16912,4.0,4,,,,,,,,
,,,,,16920,8.0,8,,,,,,,,
,,,,,16928,8.0,8,,,,,,,,
,,,,,16941,13.0,13,,,,,,,,
,,,,,16945,4.0,4,,,,,,,,
,,,,,16948,3.0,3,,,,,,,,
,,,,,16951,3.0,3,,,,,,,,
,,,,,16956,5.0,5,,,,,,,,
,,,,,16965,9.0,9,,,,,,,,
,,,,,16971,6.0,6,,,,,,,,
,,,,,16976,5.0,5,,,,,,,,
,,,,,16999,23.0,23,,,,,,,,
,,,,,17000,,,-8.7479248046875,87.479248046875,169.19281005859375,33.573204040527344,33.508270263671875,0.0003,0.0003,0.1
,,,,,17002,3.0,3,,,,,,,,
,,,,,17005,3.0,3,,,,,,,,
,,,,,17009,4.0,4,,,,,,,,
,,,,,17013,4.0,4,,,,,,,,
,,,,,17016,3.0,3,,,,,,,,
,,,,,17021,5.0,5,,,,,,,,
,,,,,17025,4.0,4,,,,,,,,
,,,,,17030,5.0,5,,,,,,,,
,,,,,17035,5.0,5,,,,,,,,
,,,,,17050,15.0,15,,,,,,,,
,,,,,17055,5.0,5,,,,,,,,
,,,,,17063,8.0,8,,,,,,,,
,,,,,17068,5.0,5,,,,,,,,
,,,,,17071,3.0,3,,,,,,,,
,,,,,17080,9.0,9,,,,,,,,
,,,,,17083,3.0,3,,,,,,,,
,,,,,17090,7.0,7,,,,,,,,
,,,,,17094,4.0,4,,,,,,,,
,,,,,17099,5.0,5,,,,,,,,
,,,,,17115,16.0,16,,,,,,,,
,,,,,17119,4.0,4,,,,,,,,
,,,,,17123,4.0,4,,,,,,,,
,,,,,17126,3.0,3,,,,,,,,
,,,,,17132,6.0,6,,,,,,,,
,,,,,17148,16.0,16,,,,,,,,
,,,,,17151,3.0,3,,,,,,,,
,,,,,17154,3.0,3,,,,,,,,
,,,,,17159,5.0,5,,,,,,,,
,,,,,17165,6.0,6,,,,,,,,
,,,,,17169,4.0,4,,,,,,,,
,,,,,17172,3.0,3,,,,,,,,
,,,,,17175,3.0,3,,,,,,,,
,,,,,17179,4.0,4,,,,,,,,
,,,,,17183,4.0,4,,,,,,,,
,,,,,17188,5.0,5,,,,,,,,
,,,,,17196,8.0,8,,,,,,,,
,,,,,17201,5.0,5,,,,,,,,
,,,,,17205,4.0,4,,,,,,,,
,,,,,17208,3.0,3,,,,,,,,
,,,,,17215,7.0,7,,,,,,,,
,,,,,17226,11.0,11,,,,,,,,
,,,,,17235,9.0,9,,,,,,,,
,,,,,17245,10.0,10,,,,,,,,
,,,,,17249,4.0,4,,,,,,,,
,,,,,17259,10.0,10,,,,,,,,
,,,,,17262,3.0,3,,,,,,,,
,,,,,17267,5.0,5,,,,,,,,
,,,,,17270,3.0,3,,,,,,,,
,,,,,17278,8.0,8,,,,,,,,
,,,,,17284,6.0,6,,,,,,,,
,,,,,17289,5.0,5,,,,,,,,
,,,,,17293,4.0,4,,,,,,,,
,,,,,17301,8.0,8,,,,,,,,
,,,,,17311,10.0,10,,,,,,,,
,,,,,17314,3.0,3,,,,,,,,
,,,,,17325,11.0,11,,,,,,,,
,,,,,17332,7.0,7,,,,,,,,
,,,,,17335,3.0,3,,,,,,,,
,,,,,17350,15.0,15,,,,,,,,
,,,,,17357,7.0,7,,,,,,,,
,,,,,17362,5.0,5,,,,,,,,
,,,,,17366,4.0,4,,,,,,,,
,,,,,17371,5.0,5,,,,,,,,
,,,,,17384,13.0,13,,,,,,,,
,,,,,17387,3.0,3,,,,,,,,
,,,,,17402,15.0,15,,,,,,,,
,,,,,17408,6.0,6,,,,,,,,
,,,,,17415,7.0,7,,,,,,,,
,,,,,17419,4.0,4,,,,,,,,
,,,,,17426,7.0,7,,,,,,,,
,,,,,17430,4.0,4,,,,,,,,
,,,,,17433,3.0,3,,,,,,,,
,,,,,17437,4.0,4,,,,,,,,
,,,,,17446,9.0,9,,,,,,,,
,,,,,17449,3.0,3,,,,,,,,
,,,,,17460,11.0,11,,,,,,,,
,,,,,17464,4.0,4,,,,,,,,
,,,,,17468,4.0,4,,,,,,,,
,,,,,17471,3.0,3,,,,,,,,
,,,,,17479,8.0,8,,,,,,,,
,,,,,17486,7.0,7,,,,,,,,
,,,,,17491,5.0,5,,,,,,,,
,,,,,17495,4.0,4,,,,,,,,
,,,,,17504,9.0,9,,,,,,,,
,,,,,17507,3.0,3,,,,,,,,
,,,,,17511,4.0,4,,,,,,,,
,,,,,17517,6.0,6,,,,,,,,
,,,,,17521,4.0,4,,,,,,,,
,,,,,17527,6.0,6,,,,,,,,
,,,,,17532,5.0,5,,,,,,,,
,,,,,17537,5.0,5,,,,,,,,
,,,,,17546,9.0,9,,,,,,,,
,,,,,17550,4.0,4,,,,,,,,
,,,,,17555,5.0,5,,,,,,,,
,,,,,17561,6.0,6,,,,,,,,
,,,,,17567,6.0,6,,,,,,,,
,,,,,17575,8.0,8,,,,,,,,
,,,,,17579,4.0,4,,,,,,,,
,,,,,17586,7.0,7,,,,,,,,
,,,,,17591,5.0,5,,,,,,,,
,,,,,17601,10.0,10,,,,,,,,
,,,,,17610,9.0,9,,,,,,,,
,,,,,17619,9.0,9,,,,,,,,
,,,,,17629,10.0,10,,,,,,,,
,,,,,17649,20.0,20,,,,,,,,
,,,,,17664,15.0,15,,,,,,,,
,,,,,17671,7.0,7,,,,,,,,
,,,,,17677,6.0,6,,,,,,,,
,,,,,17684,7.0,7,,,,,,,,
,,,,,17689,5.0,5,,,,,,,,
,,,,,17698,9.0,9,,,,,,,,
,,,,,17702,4.0,4,,,,,,,,
,,,,,17706,4.0,4,,,,,,,,
,,,,,17710,4.0,4,,,,,,,,
,,,,,17719,9.0,9,,,,,,,,
,,,,,17722,3.0,3,,,,,,,,
,,,,,17732,10.0,10,,,,,,,,
,,,,,17737,5.0,5,,,,,,,,
,,,,,17750,13.0,13,,,,,,,,
,,,,,17753,3.0,3,,,,,,,,
,,,,,17759,6.0,6,,,,,,,,
,,,,,17767,8.0,8,,,,,,,,
,,,,,17773,6.0,6,,,,,,,,
,,,,,17783,10.0,10,,,,,,,,
,,,,,17788,5.0,5,,,,,,,,
,,,,,17792,4.0,4,,,,,,,,
,,,,,17795,3.0,3,,,,,,,,
,,,,,17799,4.0,4,,,,,,,,
,,,,,17802,3.0,3,,,,,,,,
,,,,,17806,4.0,4,,,,,,,,
,,,,,17818,12.0,12,,,,,,,,
,,,,,17821,3.0,3,,,,,,,,
,,,,,17832,11.0,11,,,,,,,,
,,,,,17845,13.0,13,,,,,,,,
,,,,,17851,6.0,6,,,,,,,,
,,,,,17858,7.0,7,,,,,,,,
,,,,,17861,3.0,3,,,,,,,,
,,,,,17864,3.0,3,,,,,,,,
,,,,,17868,4.0,4,,,,,,,,
,,,,,17873,5.0,5,,,,,,,,
,,,,,17878,5.0,5,,,,,,,,
,,,,,17884,6.0,6,,,,,,,,
,,,,,17889,5.0,5,,,,,,,,
,,,,,17896,7.0,7,,,,,,,,
,,,,,17904,8.0,8,,,,,,,,
,,,,,17913,9.0,9,,,,,,,,
,,,,,17916,3.0,3,,,,,,,,
,,,,,17920,4.0,4,,,,,,,,
,,,,,17924,4.0,4,,,,,,,,
,,,,,17931,7.0,7,,,,,,,,
,,,,,17934,3.0,3,,,,,,,,
,,,,,17941,7.0,7,,,,,,,,
,,,,,17948,7.0,7,,,,,,,,
,,,,,17952,4.0,4,,,,,,,,
,,,,,17955,3.0,3,,,,,,,,
,,,,,17964,9.0,9,,,,,,,,
,,,,,17969,5.0,5,,,,,,,,
,,,,,17983,14.0,14,,,,,,,,
,,,,,17986,3.0,3,,,,,,,,
,,,,,17996,10.0,10,,,,,,,,
,,,,,17999,3.0,3,,,,,,,,
,,,,,18000,,,-8.615236282348633,86.15235900878906,172.90150451660156,37.84644317626953,39.82191848754883,0.0003,0.0003,0.1
,,,,,18006,7.0,7,,,,,,,,
,,,,,18012,6.0,6,,,,,,,,
,,,,,18016,4.0,4,,,,,,,,
,,,,,18019,3.0,3,,,,,,,,
,,,,,18027,8.0,8,,,,,,,,
,,,,,18041,14.0,14,,,,,,,,
,,,,,18044,3.0,3,,,,,,,,
,,,,,18058,14.0,14,,,,,,,,
,,,,,18065,7.0,7,,,,,,,,
,,,,,18074,9.0,9,,,,,,,,
,,,,,18079,5.0,5,,,,,,,,
,,,,,18083,4.0,4,,,,,,,,
,,,,,18090,7.0,7,,,,,,,,
,,,,,18094,4.0,4,,,,,,,,
,,,,,18098,4.0,4,,,,,,,,
,,,,,18109,11.0,11,,,,,,,,
,,,,,18115,6.0,6,,,,,,,,
,,,,,18119,4.0,4,,,,,,,,
,,,,,18123,4.0,4,,,,,,,,
,,,,,18133,10.0,10,,,,,,,,
,,,,,18139,6.0,6,,,,,,,,
,,,,,18145,6.0,6,,,,,,,,
,,,,,18149,4.0,4,,,,,,,,
,,,,,18153,4.0,4,,,,,,,,
,,,,,18160,7.0,7,,,,,,,,
,,,,,18166,6.0,6,,,,,,,,
,,,,,18170,4.0,4,,,,,,,,
,,,,,18177,7.0,7,,,,,,,,
,,,,,18183,6.0,6,,,,,,,,
,,,,,18189,6.0,6,,,,,,,,
,,,,,18195,6.0,6,,,,,,,,
,,,,,18199,4.0,4,,,,,,,,
,,,,,18207,8.0,8,,,,,,,,
,,,,,18211,4.0,4,,,,,,,,
,,,,,18217,6.0,6,,,,,,,,
,,,,,18226,9.0,9,,,,,,,,
,,,,,18249,23.0,23,,,,,,,,
,,,,,18258,9.0,9,,,,,,,,
,,,,,18264,6.0,6,,,,,,,,
,,,,,18271,7.0,7,,,,,,,,
,,,,,18276,5.0,5,,,,,,,,
,,,,,18279,3.0,3,,,,,,,,
,,,,,18282,3.0,3,,,,,,,,
,,,,,18289,7.0,7,,,,,,,,
,,,,,18295,6.0,6,,,,,,,,
,,,,,18307,12.0,12,,,,,,,,
,,,,,18313,6.0,6,,,,,,,,
,,,,,18318,5.0,5,,,,,,,,
,,,,,18322,4.0,4,,,,,,,,
,,,,,18333,11.0,11,,,,,,,,
,,,,,18341,8.0,8,,,,,,,,
,,,,,18346,5.0,5,,,,,,,,
,,,,,18352,6.0,6,,,,,,,,
,,,,,18359,7.0,7,,,,,,,,
,,,,,18363,4.0,4,,,,,,,,
,,,,,18370,7.0,7,,,,,,,,
,,,,,18375,5.0,5,,,,,,,,
,,,,,18378,3.0,3,,,,,,,,
,,,,,18384,6.0,6,,,,,,,,
,,,,,18388,4.0,4,,,,,,,,
,,,,,18394,6.0,6,,,,,,,,
,,,,,18404,10.0,10,,,,,,,,
,,,,,18408,4.0,4,,,,,,,,
,,,,,18415,7.0,7,,,,,,,,
,,,,,18419,4.0,4,,,,,,,,
,,,,,18428,9.0,9,,,,,,,,
,,,,,18433,5.0,5,,,,,,,,
,,,,,18436,3.0,3,,,,,,,,
,,,,,18442,6.0,6,,,,,,,,
,,,,,18445,3.0,3,,,,,,,,
,,,,,18453,8.0,8,,,,,,,,
,,,,,18456,3.0,3,,,,,,,,
,,,,,18467,11.0,11,,,,,,,,
,,,,,18470,3.0,3,,,,,,,,
,,,,,18474,4.0,4,,,,,,,,
,,,,,18477,3.0,3,,,,,,,,
,,,,,18480,3.0,3,,,,,,,,
,,,,,18483,3.0,3,,,,,,,,
,,,,,18502,19.0,19,,,,,,,,
,,,,,18507,5.0,5,,,,,,,,
,,,,,18512,5.0,5,,,,,,,,
,,,,,18517,5.0,5,,,,,,,,
,,,,,18524,7.0,7,,,,,,,,
,,,,,18528,4.0,4,,,,,,,,
,,,,,18536,8.0,8,,,,,,,,
,,,,,18540,4.0,4,,,,,,,,
,,,,,18548,8.0,8,,,,,,,,
,,,,,18552,4.0,4,,,,,,,,
,,,,,18555,3.0,3,,,,,,,,
,,,,,18558,3.0,3,,,,,,,,
,,,,,18561,3.0,3,,,,,,,,
,,,,,18568,7.0,7,,,,,,,,
,,,,,18574,6.0,6,,,,,,,,
,,,,,18579,5.0,5,,,,,,,,
,,,,,18582,3.0,3,,,,,,,,
,,,,,18589,7.0,7,,,,,,,,
,,,,,18600,11.0,11,,,,,,,,
,,,,,18607,7.0,7,,,,,,,,
,,,,,18612,5.0,5,,,,,,,,
,,,,,18628,16.0,16,,,,,,,,
,,,,,18631,3.0,3,,,,,,,,
,,,,,18636,5.0,5,,,,,,,,
,,,,,18645,9.0,9,,,,,,,,
,,,,,18654,9.0,9,,,,,,,,
,,,,,18660,6.0,6,,,,,,,,
,,,,,18663,3.0,3,,,,,,,,
,,,,,18671,8.0,8,,,,,,,,
,,,,,18678,7.0,7,,,,,,,,
,,,,,18681,3.0,3,,,,,,,,
,,,,,18685,4.0,4,,,,,,,,
,,,,,18692,7.0,7,,,,,,,,
,,,,,18699,7.0,7,,,,,,,,
,,,,,18706,7.0,7,,,,,,,,
,,,,,18716,10.0,10,,,,,,,,
,,,,,18720,4.0,4,,,,,,,,
,,,,,18723,3.0,3,,,,,,,,
,,,,,18729,6.0,6,,,,,,,,
,,,,,18733,4.0,4,,,,,,,,
,,,,,18737,4.0,4,,,,,,,,
,,,,,18743,6.0,6,,,,,,,,
,,,,,18751,8.0,8,,,,,,,,
,,,,,18754,3.0,3,,,,,,,,
,,,,,18760,6.0,6,,,,,,,,
,,,,,18763,3.0,3,,,,,,,,
,,,,,18767,4.0,4,,,,,,,,
,,,,,18771,4.0,4,,,,,,,,
,,,,,18774,3.0,3,,,,,,,,
,,,,,18785,11.0,11,,,,,,,,
,,,,,18801,16.0,16,,,,,,,,
,,,,,18820,19.0,19,,,,,,,,
,,,,,18826,6.0,6,,,,,,,,
,,,,,18833,7.0,7,,,,,,,,
,,,,,18838,5.0,5,,,,,,,,
,,,,,18847,9.0,9,,,,,,,,
,,,,,18850,3.0,3,,,,,,,,
,,,,,18855,5.0,5,,,,,,,,
,,,,,18858,3.0,3,,,,,,,,
,,,,,18863,5.0,5,,,,,,,,
,,,,,18871,8.0,8,,,,,,,,
,,,,,18883,12.0,12,,,,,,,,
,,,,,18891,8.0,8,,,,,,,,
,,,,,18896,5.0,5,,,,,,,,
,,,,,18904,8.0,8,,,,,,,,
,,,,,18915,11.0,11,,,,,,,,
,,,,,18920,5.0,5,,,,,,,,
,,,,,18931,11.0,11,,,,,,,,
,,,,,18934,3.0,3,,,,,,,,
,,,,,18951,17.0,17,,,,,,,,
,,,,,18957,6.0,6,,,,,,,,
,,,,,18963,6.0,6,,,,,,,,
,,,,,18966,3.0,3,,,,,,,,
,,,,,18970,4.0,4,,,,,,,,
,,,,,18973,3.0,3,,,,,,,,
,,,,,18977,4.0,4,,,,,,,,
,,,,,18982,5.0,5,,,,,,,,
,,,,,18990,8.0,8,,,,,,,,
,,,,,18998,8.0,8,,,,,,,,
,,,,,19000,,,-8.821495056152344,88.21495056152344,166.9606170654297,37.25548553466797,37.313236236572266,0.0003,0.0003,0.1
,,,,,19002,4.0,4,,,,,,,,
,,,,,19012,10.0,10,,,,,,,,
,,,,,19016,4.0,4,,,,,,,,
,,,,,19025,9.0,9,,,,,,,,
,,,,,19034,9.0,9,,,,,,,,
,,,,,19037,3.0,3,,,,,,,,
,,,,,19040,3.0,3,,,,,,,,
,,,,,19047,7.0,7,,,,,,,,
,,,,,19052,5.0,5,,,,,,,,
,,,,,19056,4.0,4,,,,,,,,
,,,,,19064,8.0,8,,,,,,,,
,,,,,19073,9.0,9,,,,,,,,
,,,,,19076,3.0,3,,,,,,,,
,,,,,19082,6.0,6,,,,,,,,
,,,,,19086,4.0,4,,,,,,,,
,,,,,19095,9.0,9,,,,,,,,
,,,,,19101,6.0,6,,,,,,,,
,,,,,19104,3.0,3,,,,,,,,
,,,,,19107,3.0,3,,,,,,,,
,,,,,19111,4.0,4,,,,,,,,
,,,,,19121,10.0,10,,,,,,,,
,,,,,19131,10.0,10,,,,,,,,
,,,,,19142,11.0,11,,,,,,,,
,,,,,19145,3.0,3,,,,,,,,
,,,,,19152,7.0,7,,,,,,,,
,,,,,19171,19.0,19,,,,,,,,
,,,,,19174,3.0,3,,,,,,,,
,,,,,19179,5.0,5,,,,,,,,
,,,,,19182,3.0,3,,,,,,,,
,,,,,19189,7.0,7,,,,,,,,
,,,,,19193,4.0,4,,,,,,,,
,,,,,19199,6.0,6,,,,,,,,
,,,,,19202,3.0,3,,,,,,,,
,,,,,19206,4.0,4,,,,,,,,
,,,,,19210,4.0,4,,,,,,,,
,,,,,19223,13.0,13,,,,,,,,
,,,,,19226,3.0,3,,,,,,,,
,,,,,19231,5.0,5,,,,,,,,
,,,,,19236,5.0,5,,,,,,,,
,,,,,19240,4.0,4,,,,,,,,
,,,,,19247,7.0,7,,,,,,,,
,,,,,19252,5.0,5,,,,,,,,
,,,,,19262,10.0,10,,,,,,,,
,,,,,19267,5.0,5,,,,,,,,
,,,,,19270,3.0,3,,,,,,,,
,,,,,19273,3.0,3,,,,,,,,
,,,,,19286,13.0,13,,,,,,,,
,,,,,19290,4.0,4,,,,,,,,
,,,,,19293,3.0,3,,,,,,,,
,,,,,19300,7.0,7,,,,,,,,
,,,,,19307,7.0,7,,,,,,,,
,,,,,19316,9.0,9,,,,,,,,
,,,,,19320,4.0,4,,,,,,,,
,,,,,19330,10.0,10,,,,,,,,
,,,,,19336,6.0,6,,,,,,,,
,,,,,19339,3.0,3,,,,,,,,
,,,,,19347,8.0,8,,,,,,,,
,,,,,19353,6.0,6,,,,,,,,
,,,,,19357,4.0,4,,,,,,,,
,,,,,19363,6.0,6,,,,,,,,
,,,,,19367,4.0,4,,,,,,,,
,,,,,19372,5.0,5,,,,,,,,
,,,,,19377,5.0,5,,,,,,,,
,,,,,19380,3.0,3,,,,,,,,
,,,,,19386,6.0,6,,,,,,,,
,,,,,19391,5.0,5,,,,,,,,
,,,,,19397,6.0,6,,,,,,,,
,,,,,19400,3.0,3,,,,,,,,
,,,,,19404,4.0,4,,,,,,,,
,,,,,19407,3.0,3,,,,,,,,
,,,,,19412,5.0,5,,,,,,,,
,,,,,19415,3.0,3,,,,,,,,
,,,,,19418,3.0,3,,,,,,,,
,,,,,19422,4.0,4,,,,,,,,
,,,,,19427,5.0,5,,,,,,,,
,,,,,19432,5.0,5,,,,,,,,
,,,,,19446,14.0,14,,,,,,,,
,,,,,19452,6.0,6,,,,,,,,
,,,,,19457,5.0,5,,,,,,,,
,,,,,19463,6.0,6,,,,,,,,
,,,,,19469,6.0,6,,,,,,,,
,,,,,19473,4.0,4,,,,,,,,
,,,,,19478,5.0,5,,,,,,,,
,,,,,19481,3.0,3,,,,,,,,
,,,,,19484,3.0,3,,,,,,,,
,,,,,19487,3.0,3,,,,,,,,
,,,,,19491,4.0,4,,,,,,,,
,,,,,19494,3.0,3,,,,,,,,
,,,,,19510,16.0,16,,,,,,,,
,,,,,19518,8.0,8,,,,,,,,
,,,,,19538,20.0,20,,,,,,,,
,,,,,19541,3.0,3,,,,,,,,
,,,,,19553,12.0,12,,,,,,,,
,,,,,19560,7.0,7,,,,,,,,
,,,,,19567,7.0,7,,,,,,,,
,,,,,19573,6.0,6,,,,,,,,
,,,,,19578,5.0,5,,,,,,,,
,,,,,19581,3.0,3,,,,,,,,
,,,,,19585,4.0,4,,,,,,,,
,,,,,19590,5.0,5,,,,,,,,
,,,,,19595,5.0,5,,,,,,,,
,,,,,19602,7.0,7,,,,,,,,
,,,,,19608,6.0,6,,,,,,,,
,,,,,19613,5.0,5,,,,,,,,
,,,,,19622,9.0,9,,,,,,,,
,,,,,19625,3.0,3,,,,,,,,
,,,,,19629,4.0,4,,,,,,,,
,,,,,19635,6.0,6,,,,,,,,
,,,,,19639,4.0,4,,,,,,,,
,,,,,19642,3.0,3,,,,,,,,
,,,,,19649,7.0,7,,,,,,,,
,,,,,19653,4.0,4,,,,,,,,
,,,,,19661,8.0,8,,,,,,,,
,,,,,19666,5.0,5,,,,,,,,
,,,,,19671,5.0,5,,,,,,,,
,,,,,19674,3.0,3,,,,,,,,
,,,,,19678,4.0,4,,,,,,,,
,,,,,19681,3.0,3,,,,,,,,
,,,,,19687,6.0,6,,,,,,,,
,,,,,19698,11.0,11,,,,,,,,
,,,,,19703,5.0,5,,,,,,,,
,,,,,19706,3.0,3,,,,,,,,
,,,,,19710,4.0,4,,,,,,,,
,,,,,19728,18.0,18,,,,,,,,
,,,,,19739,11.0,11,,,,,,,,
,,,,,19743,4.0,4,,,,,,,,
,,,,,19747,4.0,4,,,,,,,,
,,,,,19754,7.0,7,,,,,,,,
,,,,,19765,11.0,11,,,,,,,,
,,,,,19773,8.0,8,,,,,,,,
,,,,,19776,3.0,3,,,,,,,,
,,,,,19790,14.0,14,,,,,,,,
,,,,,19795,5.0,5,,,,,,,,
,,,,,19798,3.0,3,,,,,,,,
,,,,,19803,5.0,5,,,,,,,,
,,,,,19822,19.0,19,,,,,,,,
,,,,,19825,3.0,3,,,,,,,,
,,,,,19828,3.0,3,,,,,,,,
,,,,,19832,4.0,4,,,,,,,,
,,,,,19839,7.0,7,,,,,,,,
,,,,,19842,3.0,3,,,,,,,,
,,,,,19849,7.0,7,,,,,,,,
,,,,,19854,5.0,5,,,,,,,,
,,,,,19858,4.0,4,,,,,,,,
,,,,,19861,3.0,3,,,,,,,,
,,,,,19865,4.0,4,,,,,,,,
,,,,,19870,5.0,5,,,,,,,,
,,,,,19874,4.0,4,,,,,,,,
,,,,,19882,8.0,8,,,,,,,,
,,,,,19894,12.0,12,,,,,,,,
,,,,,19901,7.0,7,,,,,,,,
,,,,,19908,7.0,7,,,,,,,,
,,,,,19911,3.0,3,,,,,,,,
,,,,,19915,4.0,4,,,,,,,,
,,,,,19929,14.0,14,,,,,,,,
,,,,,19934,5.0,5,,,,,,,,
,,,,,19939,5.0,5,,,,,,,,
,,,,,19946,7.0,7,,,,,,,,
,,,,,19950,4.0,4,,,,,,,,
,,,,,19956,6.0,6,,,,,,,,
,,,,,19963,7.0,7,,,,,,,,
,,,,,19966,3.0,3,,,,,,,,
,,,,,19969,3.0,3,,,,,,,,
,,,,,19973,4.0,4,,,,,,,,
,,,,,19976,3.0,3,,,,,,,,
,,,,,19979,3.0,3,,,,,,,,
,,,,,19990,11.0,11,,,,,,,,
5.5,2.4596748,12.0,3.0,5.5,20000,,,-8.872285842895508,88.72285461425781,132.9574737548828,30.847026824951172,30.278766632080078,0.0003,0.0003,0.1
,,,,,20002,12.0,12,,,,,,,,
,,,,,20006,4.0,4,,,,,,,,
,,,,,20011,5.0,5,,,,,,,,
,,,,,20015,4.0,4,,,,,,,,
,,,,,20019,4.0,4,,,,,,,,
,,,,,20028,9.0,9,,,,,,,,
,,,,,20031,3.0,3,,,,,,,,
,,,,,20037,6.0,6,,,,,,,,
,,,,,20041,4.0,4,,,,,,,,
,,,,,20046,5.0,5,,,,,,,,
,,,,,20062,16.0,16,,,,,,,,
,,,,,20069,7.0,7,,,,,,,,
,,,,,20077,8.0,8,,,,,,,,
,,,,,20080,3.0,3,,,,,,,,
,,,,,20083,3.0,3,,,,,,,,
,,,,,20094,11.0,11,,,,,,,,
,,,,,20100,6.0,6,,,,,,,,
,,,,,20107,7.0,7,,,,,,,,
,,,,,20110,3.0,3,,,,,,,,
,,,,,20116,6.0,6,,,,,,,,
,,,,,20120,4.0,4,,,,,,,,
,,,,,20133,13.0,13,,,,,,,,
,,,,,20138,5.0,5,,,,,,,,
,,,,,20153,15.0,15,,,,,,,,
,,,,,20157,4.0,4,,,,,,,,
,,,,,20162,5.0,5,,,,,,,,
,,,,,20166,4.0,4,,,,,,,,
,,,,,20169,3.0,3,,,,,,,,
,,,,,20172,3.0,3,,,,,,,,
,,,,,20178,6.0,6,,,,,,,,
,,,,,20181,3.0,3,,,,,,,,
,,,,,20186,5.0,5,,,,,,,,
,,,,,20194,8.0,8,,,,,,,,
,,,,,20204,10.0,10,,,,,,,,
,,,,,20208,4.0,4,,,,,,,,
,,,,,20213,5.0,5,,,,,,,,
,,,,,20217,4.0,4,,,,,,,,
,,,,,20221,4.0,4,,,,,,,,
,,,,,20225,4.0,4,,,,,,,,
,,,,,20229,4.0,4,,,,,,,,
,,,,,20232,3.0,3,,,,,,,,
,,,,,20240,8.0,8,,,,,,,,
,,,,,20244,4.0,4,,,,,,,,
,,,,,20248,4.0,4,,,,,,,,
,,,,,20254,6.0,6,,,,,,,,
,,,,,20275,21.0,21,,,,,,,,
,,,,,20279,4.0,4,,,,,,,,
,,,,,20284,5.0,5,,,,,,,,
,,,,,20287,3.0,3,,,,,,,,
,,,,,20294,7.0,7,,,,,,,,
,,,,,20297,3.0,3,,,,,,,,
,,,,,20300,3.0,3,,,,,,,,
,,,,,20304,4.0,4,,,,,,,,
,,,,,20311,7.0,7,,,,,,,,
,,,,,20315,4.0,4,,,,,,,,
,,,,,20322,7.0,7,,,,,,,,
,,,,,20336,14.0,14,,,,,,,,
,,,,,20339,3.0,3,,,,,,,,
,,,,,20342,3.0,3,,,,,,,,
,,,,,20348,6.0,6,,,,,,,,
,,,,,20353,5.0,5,,,,,,,,
,,,,,20358,5.0,5,,,,,,,,
,,,,,20365,7.0,7,,,,,,,,
,,,,,20368,3.0,3,,,,,,,,
,,,,,20373,5.0,5,,,,,,,,
,,,,,20378,5.0,5,,,,,,,,
,,,,,20382,4.0,4,,,,,,,,
,,,,,20385,3.0,3,,,,,,,,
,,,,,20389,4.0,4,,,,,,,,
,,,,,20396,7.0,7,,,,,,,,
,,,,,20402,6.0,6,,,,,,,,
,,,,,20407,5.0,5,,,,,,,,
,,,,,20412,5.0,5,,,,,,,,
,,,,,20424,12.0,12,,,,,,,,
,,,,,20428,4.0,4,,,,,,,,
,,,,,20440,12.0,12,,,,,,,,
,,,,,20445,5.0,5,,,,,,,,
,,,,,20451,6.0,6,,,,,,,,
,,,,,20456,5.0,5,,,,,,,,
,,,,,20461,5.0,5,,,,,,,,
,,,,,20470,9.0,9,,,,,,,,
,,,,,20479,9.0,9,,,,,,,,
,,,,,20492,13.0,13,,,,,,,,
,,,,,20497,5.0,5,,,,,,,,
,,,,,20511,14.0,14,,,,,,,,
,,,,,20514,3.0,3,,,,,,,,
,,,,,20521,7.0,7,,,,,,,,
,,,,,20526,5.0,5,,,,,,,,
,,,,,20529,3.0,3,,,,,,,,
,,,,,20544,15.0,15,,,,,,,,
,,,,,20548,4.0,4,,,,,,,,
,,,,,20553,5.0,5,,,,,,,,
,,,,,20557,4.0,4,,,,,,,,
,,,,,20560,3.0,3,,,,,,,,
,,,,,20568,8.0,8,,,,,,,,
,,,,,20572,4.0,4,,,,,,,,
,,,,,20577,5.0,5,,,,,,,,
,,,,,20581,4.0,4,,,,,,,,
,,,,,20587,6.0,6,,,,,,,,
,,,,,20590,3.0,3,,,,,,,,
,,,,,20593,3.0,3,,,,,,,,
,,,,,20600,7.0,7,,,,,,,,
,,,,,20608,8.0,8,,,,,,,,
,,,,,20612,4.0,4,,,,,,,,
,,,,,20615,3.0,3,,,,,,,,
,,,,,20623,8.0,8,,,,,,,,
,,,,,20627,4.0,4,,,,,,,,
,,,,,20631,4.0,4,,,,,,,,
,,,,,20636,5.0,5,,,,,,,,
,,,,,20650,14.0,14,,,,,,,,
,,,,,20653,3.0,3,,,,,,,,
,,,,,20661,8.0,8,,,,,,,,
,,,,,20664,3.0,3,,,,,,,,
,,,,,20685,21.0,21,,,,,,,,
,,,,,20698,13.0,13,,,,,,,,
,,,,,20704,6.0,6,,,,,,,,
,,,,,20708,4.0,4,,,,,,,,
,,,,,20713,5.0,5,,,,,,,,
,,,,,20724,11.0,11,,,,,,,,
,,,,,20731,7.0,7,,,,,,,,
,,,,,20738,7.0,7,,,,,,,,
,,,,,20743,5.0,5,,,,,,,,
,,,,,20747,4.0,4,,,,,,,,
,,,,,20758,11.0,11,,,,,,,,
,,,,,20762,4.0,4,,,,,,,,
,,,,,20765,3.0,3,,,,,,,,
,,,,,20777,12.0,12,,,,,,,,
,,,,,20786,9.0,9,,,,,,,,
,,,,,20791,5.0,5,,,,,,,,
,,,,,20798,7.0,7,,,,,,,,
,,,,,20805,7.0,7,,,,,,,,
,,,,,20809,4.0,4,,,,,,,,
,,,,,20812,3.0,3,,,,,,,,
,,,,,20819,7.0,7,,,,,,,,
,,,,,20831,12.0,12,,,,,,,,
,,,,,20838,7.0,7,,,,,,,,
,,,,,20842,4.0,4,,,,,,,,
,,,,,20846,4.0,4,,,,,,,,
,,,,,20851,5.0,5,,,,,,,,
,,,,,20856,5.0,5,,,,,,,,
,,,,,20866,10.0,10,,,,,,,,
,,,,,20872,6.0,6,,,,,,,,
,,,,,20880,8.0,8,,,,,,,,
,,,,,20883,3.0,3,,,,,,,,
,,,,,20886,3.0,3,,,,,,,,
,,,,,20891,5.0,5,,,,,,,,
,,,,,20897,6.0,6,,,,,,,,
,,,,,20901,4.0,4,,,,,,,,
,,,,,20905,4.0,4,,,,,,,,
,,,,,20908,3.0,3,,,,,,,,
,,,,,20912,4.0,4,,,,,,,,
,,,,,20918,6.0,6,,,,,,,,
,,,,,20922,4.0,4,,,,,,,,
,,,,,20925,3.0,3,,,,,,,,
,,,,,20928,3.0,3,,,,,,,,
,,,,,20932,4.0,4,,,,,,,,
,,,,,20936,4.0,4,,,,,,,,
,,,,,20944,8.0,8,,,,,,,,
,,,,,20952,8.0,8,,,,,,,,
,,,,,20959,7.0,7,,,,,,,,
,,,,,20967,8.0,8,,,,,,,,
,,,,,20970,3.0,3,,,,,,,,
,,,,,20974,4.0,4,,,,,,,,
,,,,,20981,7.0,7,,,,,,,,
,,,,,20984,3.0,3,,,,,,,,
,,,,,20991,7.0,7,,,,,,,,
,,,,,20998,7.0,7,,,,,,,,
,,,,,21000,,,-8.647041320800781,86.47041320800781,161.315185546875,30.934865951538086,33.544891357421875,0.0003,0.0003,0.1
,,,,,21003,5.0,5,,,,,,,,
,,,,,21012,9.0,9,,,,,,,,
,,,,,21024,12.0,12,,,,,,,,
,,,,,21029,5.0,5,,,,,,,,
,,,,,21034,5.0,5,,,,,,,,
,,,,,21039,5.0,5,,,,,,,,
,,,,,21044,5.0,5,,,,,,,,
,,,,,21048,4.0,4,,,,,,,,
,,,,,21052,4.0,4,,,,,,,,
,,,,,21056,4.0,4,,,,,,,,
,,,,,21060,4.0,4,,,,,,,,
,,,,,21073,13.0,13,,,,,,,,
,,,,,21079,6.0,6,,,,,,,,
,,,,,21082,3.0,3,,,,,,,,
,,,,,21086,4.0,4,,,,,,,,
,,,,,21090,4.0,4,,,,,,,,
,,,,,21094,4.0,4,,,,,,,,
,,,,,21103,9.0,9,,,,,,,,
,,,,,21109,6.0,6,,,,,,,,
,,,,,21112,3.0,3,,,,,,,,
,,,,,21118,6.0,6,,,,,,,,
,,,,,21121,3.0,3,,,,,,,,
,,,,,21131,10.0,10,,,,,,,,
,,,,,21142,11.0,11,,,,,,,,
,,,,,21147,5.0,5,,,,,,,,
,,,,,21151,4.0,4,,,,,,,,
,,,,,21162,11.0,11,,,,,,,,
,,,,,21167,5.0,5,,,,,,,,
,,,,,21170,3.0,3,,,,,,,,
,,,,,21175,5.0,5,,,,,,,,
,,,,,21182,7.0,7,,,,,,,,
,,,,,21188,6.0,6,,,,,,,,
,,,,,21193,5.0,5,,,,,,,,
,,,,,21197,4.0,4,,,,,,,,
,,,,,21201,4.0,4,,,,,,,,
,,,,,21205,4.0,4,,,,,,,,
,,,,,21210,5.0,5,,,,,,,,
,,,,,21216,6.0,6,,,,,,,,
,,,,,21219,3.0,3,,,,,,,,
,,,,,21223,4.0,4,,,,,,,,
,,,,,21232,9.0,9,,,,,,,,
,,,,,21240,8.0,8,,,,,,,,
,,,,,21251,11.0,11,,,,,,,,
,,,,,21258,7.0,7,,,,,,,,
,,,,,21269,11.0,11,,,,,,,,
,,,,,21272,3.0,3,,,,,,,,
,,,,,21282,10.0,10,,,,,,,,
,,,,,21286,4.0,4,,,,,,,,
,,,,,21292,6.0,6,,,,,,,,
,,,,,21295,3.0,3,,,,,,,,
,,,,,21303,8.0,8,,,,,,,,
,,,,,21310,7.0,7,,,,,,,,
,,,,,21317,7.0,7,,,,,,,,
,,,,,21322,5.0,5,,,,,,,,
,,,,,21326,4.0,4,,,,,,,,
,,,,,21330,4.0,4,,,,,,,,
,,,,,21339,9.0,9,,,,,,,,
,,,,,21349,10.0,10,,,,,,,,
,,,,,21359,10.0,10,,,,,,,,
,,,,,21363,4.0,4,,,,,,,,
,,,,,21366,3.0,3,,,,,,,,
,,,,,21369,3.0,3,,,,,,,,
,,,,,21372,3.0,3,,,,,,,,
,,,,,21385,13.0,13,,,,,,,,
,,,,,21398,13.0,13,,,,,,,,
,,,,,21402,4.0,4,,,,,,,,
,,,,,21411,9.0,9,,,,,,,,
,,,,,21419,8.0,8,,,,,,,,
,,,,,21423,4.0,4,,,,,,,,
,,,,,21440,17.0,17,,,,,,,,
,,,,,21449,9.0,9,,,,,,,,
,,,,,21452,3.0,3,,,,,,,,
,,,,,21456,4.0,4,,,,,,,,
,,,,,21461,5.0,5,,,,,,,,
,,,,,21470,9.0,9,,,,,,,,
,,,,,21473,3.0,3,,,,,,,,
,,,,,21477,4.0,4,,,,,,,,
,,,,,21484,7.0,7,,,,,,,,
,,,,,21491,7.0,7,,,,,,,,
,,,,,21497,6.0,6,,,,,,,,
,,,,,21502,5.0,5,,,,,,,,
,,,,,21506,4.0,4,,,,,,,,
,,,,,21510,4.0,4,,,,,,,,
,,,,,21515,5.0,5,,,,,,,,
,,,,,21519,4.0,4,,,,,,,,
,,,,,21523,4.0,4,,,,,,,,
,,,,,21526,3.0,3,,,,,,,,
,,,,,21529,3.0,3,,,,,,,,
,,,,,21540,11.0,11,,,,,,,,
,,,,,21543,3.0,3,,,,,,,,
,,,,,21548,5.0,5,,,,,,,,
,,,,,21554,6.0,6,,,,,,,,
,,,,,21559,5.0,5,,,,,,,,
,,,,,21562,3.0,3,,,,,,,,
,,,,,21569,7.0,7,,,,,,,,
,,,,,21572,3.0,3,,,,,,,,
,,,,,21576,4.0,4,,,,,,,,
,,,,,21583,7.0,7,,,,,,,,
,,,,,21587,4.0,4,,,,,,,,
,,,,,21590,3.0,3,,,,,,,,
,,,,,21599,9.0,9,,,,,,,,
,,,,,21605,6.0,6,,,,,,,,
,,,,,21615,10.0,10,,,,,,,,
,,,,,21623,8.0,8,,,,,,,,
,,,,,21626,3.0,3,,,,,,,,
,,,,,21634,8.0,8,,,,,,,,
,,,,,21639,5.0,5,,,,,,,,
,,,,,21648,9.0,9,,,,,,,,
,,,,,21653,5.0,5,,,,,,,,
,,,,,21656,3.0,3,,,,,,,,
,,,,,21660,4.0,4,,,,,,,,
,,,,,21670,10.0,10,,,,,,,,
,,,,,21674,4.0,4,,,,,,,,
,,,,,21678,4.0,4,,,,,,,,
,,,,,21688,10.0,10,,,,,,,,
,,,,,21691,3.0,3,,,,,,,,
,,,,,21694,3.0,3,,,,,,,,
,,,,,21699,5.0,5,,,,,,,,
,,,,,21709,10.0,10,,,,,,,,
,,,,,21715,6.0,6,,,,,,,,
,,,,,21720,5.0,5,,,,,,,,
,,,,,21724,4.0,4,,,,,,,,
,,,,,21740,16.0,16,,,,,,,,
,,,,,21747,7.0,7,,,,,,,,
,,,,,21754,7.0,7,,,,,,,,
,,,,,21766,12.0,12,,,,,,,,
,,,,,21770,4.0,4,,,,,,,,
,,,,,21775,5.0,5,,,,,,,,
,,,,,21790,15.0,15,,,,,,,,
,,,,,21794,4.0,4,,,,,,,,
,,,,,21798,4.0,4,,,,,,,,
,,,,,21804,6.0,6,,,,,,,,
,,,,,21814,10.0,10,,,,,,,,
,,,,,21824,10.0,10,,,,,,,,
,,,,,21831,7.0,7,,,,,,,,
,,,,,21836,5.0,5,,,,,,,,
,,,,,21841,5.0,5,,,,,,,,
,,,,,21846,5.0,5,,,,,,,,
,,,,,21853,7.0,7,,,,,,,,
,,,,,21867,14.0,14,,,,,,,,
,,,,,21874,7.0,7,,,,,,,,
,,,,,21878,4.0,4,,,,,,,,
,,,,,21881,3.0,3,,,,,,,,
,,,,,21889,8.0,8,,,,,,,,
,,,,,21892,3.0,3,,,,,,,,
,,,,,21897,5.0,5,,,,,,,,
,,,,,21900,3.0,3,,,,,,,,
,,,,,21908,8.0,8,,,,,,,,
,,,,,21913,5.0,5,,,,,,,,
,,,,,21918,5.0,5,,,,,,,,
,,,,,21924,6.0,6,,,,,,,,
,,,,,21927,3.0,3,,,,,,,,
,,,,,21930,3.0,3,,,,,,,,
,,,,,21933,3.0,3,,,,,,,,
,,,,,21938,5.0,5,,,,,,,,
,,,,,21941,3.0,3,,,,,,,,
,,,,,21949,8.0,8,,,,,,,,
,,,,,21956,7.0,7,,,,,,,,
,,,,,21966,10.0,10,,,,,,,,
,,,,,21969,3.0,3,,,,,,,,
,,,,,21972,3.0,3,,,,,,,,
,,,,,21977,5.0,5,,,,,,,,
,,,,,21983,6.0,6,,,,,,,,
,,,,,21986,3.0,3,,,,,,,,
,,,,,21990,4.0,4,,,,,,,,
,,,,,21994,4.0,4,,,,,,,,
,,,,,21997,3.0,3,,,,,,,,
,,,,,22000,3.0,3,,,,,,,,
,,,,,22000,,,-8.636566162109375,86.36566162109375,143.64993286132812,34.90204620361328,34.50328063964844,0.0003,0.0003,0.1
,,,,,22011,11.0,11,,,,,,,,
,,,,,22014,3.0,3,,,,,,,,
,,,,,22019,5.0,5,,,,,,,,
,,,,,22026,7.0,7,,,,,,,,
,,,,,22030,4.0,4,,,,,,,,
,,,,,22036,6.0,6,,,,,,,,
,,,,,22044,8.0,8,,,,,,,,
,,,,,22047,3.0,3,,,,,,,,
,,,,,22051,4.0,4,,,,,,,,
,,,,,22054,3.0,3,,,,,,,,
,,,,,22058,4.0,4,,,,,,,,
,,,,,22062,4.0,4,,,,,,,,
,,,,,22070,8.0,8,,,,,,,,
,,,,,22077,7.0,7,,,,,,,,
,,,,,22081,4.0,4,,,,,,,,
,,,,,22086,5.0,5,,,,,,,,
,,,,,22095,9.0,9,,,,,,,,
,,,,,22099,4.0,4,,,,,,,,
,,,,,22102,3.0,3,,,,,,,,
,,,,,22110,8.0,8,,,,,,,,
,,,,,22114,4.0,4,,,,,,,,
,,,,,22118,4.0,4,,,,,,,,
,,,,,22123,5.0,5,,,,,,,,
,,,,,22126,3.0,3,,,,,,,,
,,,,,22140,14.0,14,,,,,,,,
,,,,,22143,3.0,3,,,,,,,,
,,,,,22150,7.0,7,,,,,,,,
,,,,,22154,4.0,4,,,,,,,,
,,,,,22158,4.0,4,,,,,,,,
,,,,,22166,8.0,8,,,,,,,,
,,,,,22169,3.0,3,,,,,,,,
,,,,,22172,3.0,3,,,,,,,,
,,,,,22189,17.0,17,,,,,,,,
,,,,,22199,10.0,10,,,,,,,,
,,,,,22204,5.0,5,,,,,,,,
,,,,,22211,7.0,7,,,,,,,,
,,,,,22216,5.0,5,,,,,,,,
,,,,,22224,8.0,8,,,,,,,,
,,,,,22231,7.0,7,,,,,,,,
,,,,,22240,9.0,9,,,,,,,,
,,,,,22247,7.0,7,,,,,,,,
,,,,,22251,4.0,4,,,,,,,,
,,,,,22256,5.0,5,,,,,,,,
,,,,,22274,18.0,18,,,,,,,,
,,,,,22278,4.0,4,,,,,,,,
,,,,,22288,10.0,10,,,,,,,,
,,,,,22295,7.0,7,,,,,,,,
,,,,,22301,6.0,6,,,,,,,,
,,,,,22304,3.0,3,,,,,,,,
,,,,,22311,7.0,7,,,,,,,,
,,,,,22327,16.0,16,,,,,,,,
,,,,,22337,10.0,10,,,,,,,,
,,,,,22351,14.0,14,,,,,,,,
,,,,,22357,6.0,6,,,,,,,,
,,,,,22360,3.0,3,,,,,,,,
,,,,,22370,10.0,10,,,,,,,,
,,,,,22378,8.0,8,,,,,,,,
,,,,,22382,4.0,4,,,,,,,,
,,,,,22392,10.0,10,,,,,,,,
,,,,,22396,4.0,4,,,,,,,,
,,,,,22400,4.0,4,,,,,,,,
,,,,,22403,3.0,3,,,,,,,,
,,,,,22407,4.0,4,,,,,,,,
,,,,,22410,3.0,3,,,,,,,,
,,,,,22416,6.0,6,,,,,,,,
,,,,,22425,9.0,9,,,,,,,,
,,,,,22431,6.0,6,,,,,,,,
,,,,,22438,7.0,7,,,,,,,,
,,,,,22446,8.0,8,,,,,,,,
,,,,,22451,5.0,5,,,,,,,,
,,,,,22461,10.0,10,,,,,,,,
,,,,,22465,4.0,4,,,,,,,,
,,,,,22473,8.0,8,,,,,,,,
,,,,,22476,3.0,3,,,,,,,,
,,,,,22479,3.0,3,,,,,,,,
,,,,,22483,4.0,4,,,,,,,,
,,,,,22494,11.0,11,,,,,,,,
,,,,,22500,6.0,6,,,,,,,,
,,,,,22508,8.0,8,,,,,,,,
,,,,,22513,5.0,5,,,,,,,,
,,,,,22517,4.0,4,,,,,,,,
,,,,,22523,6.0,6,,,,,,,,
,,,,,22528,5.0,5,,,,,,,,
,,,,,22539,11.0,11,,,,,,,,
,,,,,22542,3.0,3,,,,,,,,
,,,,,22567,25.0,25,,,,,,,,
,,,,,22575,8.0,8,,,,,,,,
,,,,,22581,6.0,6,,,,,,,,
,,,,,22589,8.0,8,,,,,,,,
,,,,,22595,6.0,6,,,,,,,,
,,,,,22600,5.0,5,,,,,,,,
,,,,,22604,4.0,4,,,,,,,,
,,,,,22614,10.0,10,,,,,,,,
,,,,,22617,3.0,3,,,,,,,,
,,,,,22620,3.0,3,,,,,,,,
,,,,,22624,4.0,4,,,,,,,,
,,,,,22629,5.0,5,,,,,,,,
,,,,,22632,3.0,3,,,,,,,,
,,,,,22639,7.0,7,,,,,,,,
,,,,,22646,7.0,7,,,,,,,,
,,,,,22649,3.0,3,,,,,,,,
,,,,,22655,6.0,6,,,,,,,,
,,,,,22658,3.0,3,,,,,,,,
,,,,,22662,4.0,4,,,,,,,,
,,,,,22668,6.0,6,,,,,,,,
,,,,,22675,7.0,7,,,,,,,,
,,,,,22678,3.0,3,,,,,,,,
,,,,,22682,4.0,4,,,,,,,,
,,,,,22690,8.0,8,,,,,,,,
,,,,,22694,4.0,4,,,,,,,,
,,,,,22698,4.0,4,,,,,,,,
,,,,,22703,5.0,5,,,,,,,,
,,,,,22708,5.0,5,,,,,,,,
,,,,,22711,3.0,3,,,,,,,,
,,,,,22715,4.0,4,,,,,,,,
,,,,,22718,3.0,3,,,,,,,,
,,,,,22721,3.0,3,,,,,,,,
,,,,,22725,4.0,4,,,,,,,,
,,,,,22731,6.0,6,,,,,,,,
,,,,,22734,3.0,3,,,,,,,,
,,,,,22738,4.0,4,,,,,,,,
,,,,,22741,3.0,3,,,,,,,,
,,,,,22744,3.0,3,,,,,,,,
,,,,,22747,3.0,3,,,,,,,,
,,,,,22750,3.0,3,,,,,,,,
,,,,,22757,7.0,7,,,,,,,,
,,,,,22760,3.0,3,,,,,,,,
,,,,,22764,4.0,4,,,,,,,,
,,,,,22767,3.0,3,,,,,,,,
,,,,,22772,5.0,5,,,,,,,,
,,,,,22780,8.0,8,,,,,,,,
,,,,,22784,4.0,4,,,,,,,,
,,,,,22795,11.0,11,,,,,,,,
,,,,,22799,4.0,4,,,,,,,,
,,,,,22807,8.0,8,,,,,,,,
,,,,,22814,7.0,7,,,,,,,,
,,,,,22818,4.0,4,,,,,,,,
,,,,,22822,4.0,4,,,,,,,,
,,,,,22838,16.0,16,,,,,,,,
,,,,,22842,4.0,4,,,,,,,,
,,,,,22846,4.0,4,,,,,,,,
,,,,,22855,9.0,9,,,,,,,,
,,,,,22858,3.0,3,,,,,,,,
,,,,,22862,4.0,4,,,,,,,,
,,,,,22866,4.0,4,,,,,,,,
,,,,,22870,4.0,4,,,,,,,,
,,,,,22875,5.0,5,,,,,,,,
,,,,,22880,5.0,5,,,,,,,,
,,,,,22891,11.0,11,,,,,,,,
,,,,,22900,9.0,9,,,,,,,,
,,,,,22904,4.0,4,,,,,,,,
,,,,,22917,13.0,13,,,,,,,,
,,,,,22924,7.0,7,,,,,,,,
,,,,,22927,3.0,3,,,,,,,,
,,,,,22931,4.0,4,,,,,,,,
,,,,,22934,3.0,3,,,,,,,,
,,,,,22940,6.0,6,,,,,,,,
,,,,,22944,4.0,4,,,,,,,,
,,,,,22952,8.0,8,,,,,,,,
,,,,,22958,6.0,6,,,,,,,,
,,,,,22967,9.0,9,,,,,,,,
,,,,,22970,3.0,3,,,,,,,,
,,,,,22974,4.0,4,,,,,,,,
,,,,,22977,3.0,3,,,,,,,,
,,,,,22981,4.0,4,,,,,,,,
,,,,,22990,9.0,9,,,,,,,,
,,,,,22995,5.0,5,,,,,,,,
,,,,,23000,,,-8.750324249267578,87.50324249267578,171.53802490234375,36.60810852050781,35.68416976928711,0.0003,0.0003,0.1
,,,,,23005,10.0,10,,,,,,,,
,,,,,23008,3.0,3,,,,,,,,
,,,,,23011,3.0,3,,,,,,,,
,,,,,23015,4.0,4,,,,,,,,
,,,,,23018,3.0,3,,,,,,,,
,,,,,23024,6.0,6,,,,,,,,
,,,,,23027,3.0,3,,,,,,,,
,,,,,23031,4.0,4,,,,,,,,
,,,,,23036,5.0,5,,,,,,,,
,,,,,23044,8.0,8,,,,,,,,
,,,,,23047,3.0,3,,,,,,,,
,,,,,23050,3.0,3,,,,,,,,
,,,,,23054,4.0,4,,,,,,,,
,,,,,23069,15.0,15,,,,,,,,
,,,,,23073,4.0,4,,,,,,,,
,,,,,23077,4.0,4,,,,,,,,
,,,,,23083,6.0,6,,,,,,,,
,,,,,23092,9.0,9,,,,,,,,
,,,,,23096,4.0,4,,,,,,,,
,,,,,23100,4.0,4,,,,,,,,
,,,,,23103,3.0,3,,,,,,,,
,,,,,23116,13.0,13,,,,,,,,
,,,,,23119,3.0,3,,,,,,,,
,,,,,23129,10.0,10,,,,,,,,
,,,,,23135,6.0,6,,,,,,,,
,,,,,23140,5.0,5,,,,,,,,
,,,,,23149,9.0,9,,,,,,,,
,,,,,23152,3.0,3,,,,,,,,
,,,,,23167,15.0,15,,,,,,,,
,,,,,23171,4.0,4,,,,,,,,
,,,,,23179,8.0,8,,,,,,,,
,,,,,23183,4.0,4,,,,,,,,
,,,,,23187,4.0,4,,,,,,,,
,,,,,23190,3.0,3,,,,,,,,
,,,,,23193,3.0,3,,,,,,,,
,,,,,23197,4.0,4,,,,,,,,
,,,,,23203,6.0,6,,,,,,,,
,,,,,23211,8.0,8,,,,,,,,
,,,,,23225,14.0,14,,,,,,,,
,,,,,23229,4.0,4,,,,,,,,
,,,,,23235,6.0,6,,,,,,,,
,,,,,23239,4.0,4,,,,,,,,
,,,,,23244,5.0,5,,,,,,,,
,,,,,23247,3.0,3,,,,,,,,
,,,,,23255,8.0,8,,,,,,,,
,,,,,23258,3.0,3,,,,,,,,
,,,,,23263,5.0,5,,,,,,,,
,,,,,23267,4.0,4,,,,,,,,
,,,,,23272,5.0,5,,,,,,,,
,,,,,23279,7.0,7,,,,,,,,
,,,,,23286,7.0,7,,,,,,,,
,,,,,23292,6.0,6,,,,,,,,
,,,,,23297,5.0,5,,,,,,,,
,,,,,23305,8.0,8,,,,,,,,
,,,,,23308,3.0,3,,,,,,,,
,,,,,23316,8.0,8,,,,,,,,
,,,,,23319,3.0,3,,,,,,,,
,,,,,23323,4.0,4,,,,,,,,
,,,,,23340,17.0,17,,,,,,,,
,,,,,23345,5.0,5,,,,,,,,
,,,,,23349,4.0,4,,,,,,,,
,,,,,23352,3.0,3,,,,,,,,
,,,,,23356,4.0,4,,,,,,,,
,,,,,23366,10.0,10,,,,,,,,
,,,,,23369,3.0,3,,,,,,,,
,,,,,23372,3.0,3,,,,,,,,
,,,,,23377,5.0,5,,,,,,,,
,,,,,23381,4.0,4,,,,,,,,
,,,,,23387,6.0,6,,,,,,,,
,,,,,23390,3.0,3,,,,,,,,
,,,,,23395,5.0,5,,,,,,,,
,,,,,23398,3.0,3,,,,,,,,
,,,,,23409,11.0,11,,,,,,,,
,,,,,23416,7.0,7,,,,,,,,
,,,,,23420,4.0,4,,,,,,,,
,,,,,23426,6.0,6,,,,,,,,
,,,,,23430,4.0,4,,,,,,,,
,,,,,23437,7.0,7,,,,,,,,
,,,,,23445,8.0,8,,,,,,,,
,,,,,23449,4.0,4,,,,,,,,
,,,,,23453,4.0,4,,,,,,,,
,,,,,23456,3.0,3,,,,,,,,
,,,,,23459,3.0,3,,,,,,,,
,,,,,23462,3.0,3,,,,,,,,
,,,,,23465,3.0,3,,,,,,,,
,,,,,23469,4.0,4,,,,,,,,
,,,,,23479,10.0,10,,,,,,,,
,,,,,23483,4.0,4,,,,,,,,
,,,,,23498,15.0,15,,,,,,,,
,,,,,23504,6.0,6,,,,,,,,
,,,,,23508,4.0,4,,,,,,,,
,,,,,23513,5.0,5,,,,,,,,
,,,,,23520,7.0,7,,,,,,,,
,,,,,23524,4.0,4,,,,,,,,
,,,,,23533,9.0,9,,,,,,,,
,,,,,23537,4.0,4,,,,,,,,
,,,,,23544,7.0,7,,,,,,,,
,,,,,23547,3.0,3,,,,,,,,
,,,,,23553,6.0,6,,,,,,,,
,,,,,23558,5.0,5,,,,,,,,
,,,,,23561,3.0,3,,,,,,,,
,,,,,23567,6.0,6,,,,,,,,
,,,,,23572,5.0,5,,,,,,,,
,,,,,23580,8.0,8,,,,,,,,
,,,,,23585,5.0,5,,,,,,,,
,,,,,23592,7.0,7,,,,,,,,
,,,,,23595,3.0,3,,,,,,,,
,,,,,23598,3.0,3,,,,,,,,
,,,,,23607,9.0,9,,,,,,,,
,,,,,23612,5.0,5,,,,,,,,
,,,,,23615,3.0,3,,,,,,,,
,,,,,23621,6.0,6,,,,,,,,
,,,,,23625,4.0,4,,,,,,,,
,,,,,23634,9.0,9,,,,,,,,
,,,,,23644,10.0,10,,,,,,,,
,,,,,23649,5.0,5,,,,,,,,
,,,,,23652,3.0,3,,,,,,,,
,,,,,23656,4.0,4,,,,,,,,
,,,,,23665,9.0,9,,,,,,,,
,,,,,23670,5.0,5,,,,,,,,
,,,,,23673,3.0,3,,,,,,,,
,,,,,23677,4.0,4,,,,,,,,
,,,,,23686,9.0,9,,,,,,,,
,,,,,23689,3.0,3,,,,,,,,
,,,,,23699,10.0,10,,,,,,,,
,,,,,23704,5.0,5,,,,,,,,
,,,,,23711,7.0,7,,,,,,,,
,,,,,23715,4.0,4,,,,,,,,
,,,,,23723,8.0,8,,,,,,,,
,,,,,23730,7.0,7,,,,,,,,
,,,,,23733,3.0,3,,,,,,,,
,,,,,23736,3.0,3,,,,,,,,
,,,,,23740,4.0,4,,,,,,,,
,,,,,23743,3.0,3,,,,,,,,
,,,,,23749,6.0,6,,,,,,,,
,,,,,23753,4.0,4,,,,,,,,
,,,,,23759,6.0,6,,,,,,,,
,,,,,23768,9.0,9,,,,,,,,
,,,,,23773,5.0,5,,,,,,,,
,,,,,23777,4.0,4,,,,,,,,
,,,,,23780,3.0,3,,,,,,,,
,,,,,23789,9.0,9,,,,,,,,
,,,,,23795,6.0,6,,,,,,,,
,,,,,23800,5.0,5,,,,,,,,
,,,,,23804,4.0,4,,,,,,,,
,,,,,23817,13.0,13,,,,,,,,
,,,,,23826,9.0,9,,,,,,,,
,,,,,23839,13.0,13,,,,,,,,
,,,,,23845,6.0,6,,,,,,,,
,,,,,23848,3.0,3,,,,,,,,
,,,,,23862,14.0,14,,,,,,,,
,,,,,23867,5.0,5,,,,,,,,
,,,,,23871,4.0,4,,,,,,,,
,,,,,23875,4.0,4,,,,,,,,
,,,,,23878,3.0,3,,,,,,,,
,,,,,23881,3.0,3,,,,,,,,
,,,,,23884,3.0,3,,,,,,,,
,,,,,23887,3.0,3,,,,,,,,
,,,,,23892,5.0,5,,,,,,,,
,,,,,23896,4.0,4,,,,,,,,
,,,,,23900,4.0,4,,,,,,,,
,,,,,23907,7.0,7,,,,,,,,
,,,,,23910,3.0,3,,,,,,,,
,,,,,23919,9.0,9,,,,,,,,
,,,,,23926,7.0,7,,,,,,,,
,,,,,23937,11.0,11,,,,,,,,
,,,,,23942,5.0,5,,,,,,,,
,,,,,23947,5.0,5,,,,,,,,
,,,,,23950,3.0,3,,,,,,,,
,,,,,23953,3.0,3,,,,,,,,
,,,,,23959,6.0,6,,,,,,,,
,,,,,23964,5.0,5,,,,,,,,
,,,,,23968,4.0,4,,,,,,,,
,,,,,23975,7.0,7,,,,,,,,
,,,,,23979,4.0,4,,,,,,,,
,,,,,23982,3.0,3,,,,,,,,
,,,,,23985,3.0,3,,,,,,,,
,,,,,23991,6.0,6,,,,,,,,
,,,,,23994,3.0,3,,,,,,,,
,,,,,23997,3.0,3,,,,,,,,
,,,,,24000,,,-8.860652923583984,88.60652923583984,144.2711181640625,35.473472595214844,34.51316833496094,0.0003,0.0003,0.1
,,,,,24027,30.0,30,,,,,,,,
,,,,,24031,4.0,4,,,,,,,,
,,,,,24036,5.0,5,,,,,,,,
,,,,,24046,10.0,10,,,,,,,,
,,,,,24050,4.0,4,,,,,,,,
,,,,,24055,5.0,5,,,,,,,,
,,,,,24058,3.0,3,,,,,,,,
,,,,,24063,5.0,5,,,,,,,,
,,,,,24076,13.0,13,,,,,,,,
,,,,,24087,11.0,11,,,,,,,,
,,,,,24093,6.0,6,,,,,,,,
,,,,,24099,6.0,6,,,,,,,,
,,,,,24123,24.0,24,,,,,,,,
,,,,,24133,10.0,10,,,,,,,,
,,,,,24137,4.0,4,,,,,,,,
,,,,,24146,9.0,9,,,,,,,,
,,,,,24155,9.0,9,,,,,,,,
,,,,,24159,4.0,4,,,,,,,,
,,,,,24163,4.0,4,,,,,,,,
,,,,,24167,4.0,4,,,,,,,,
,,,,,24171,4.0,4,,,,,,,,
,,,,,24175,4.0,4,,,,,,,,
,,,,,24186,11.0,11,,,,,,,,
,,,,,24189,3.0,3,,,,,,,,
,,,,,24194,5.0,5,,,,,,,,
,,,,,24208,14.0,14,,,,,,,,
,,,,,24216,8.0,8,,,,,,,,
,,,,,24221,5.0,5,,,,,,,,
,,,,,24227,6.0,6,,,,,,,,
,,,,,24231,4.0,4,,,,,,,,
,,,,,24241,10.0,10,,,,,,,,
,,,,,24249,8.0,8,,,,,,,,
,,,,,24254,5.0,5,,,,,,,,
,,,,,24257,3.0,3,,,,,,,,
,,,,,24261,4.0,4,,,,,,,,
,,,,,24269,8.0,8,,,,,,,,
,,,,,24272,3.0,3,,,,,,,,
,,,,,24276,4.0,4,,,,,,,,
,,,,,24282,6.0,6,,,,,,,,
,,,,,24288,6.0,6,,,,,,,,
,,,,,24296,8.0,8,,,,,,,,
,,,,,24299,3.0,3,,,,,,,,
,,,,,24305,6.0,6,,,,,,,,
,,,,,24308,3.0,3,,,,,,,,
,,,,,24313,5.0,5,,,,,,,,
,,,,,24318,5.0,5,,,,,,,,
,,,,,24323,5.0,5,,,,,,,,
,,,,,24327,4.0,4,,,,,,,,
,,,,,24330,3.0,3,,,,,,,,
,,,,,24339,9.0,9,,,,,,,,
,,,,,24344,5.0,5,,,,,,,,
,,,,,24347,3.0,3,,,,,,,,
,,,,,24350,3.0,3,,,,,,,,
,,,,,24356,6.0,6,,,,,,,,
,,,,,24364,8.0,8,,,,,,,,
,,,,,24367,3.0,3,,,,,,,,
,,,,,24372,5.0,5,,,,,,,,
,,,,,24377,5.0,5,,,,,,,,
,,,,,24383,6.0,6,,,,,,,,
,,,,,24388,5.0,5,,,,,,,,
,,,,,24398,10.0,10,,,,,,,,
,,,,,24404,6.0,6,,,,,,,,
,,,,,24407,3.0,3,,,,,,,,
,,,,,24410,3.0,3,,,,,,,,
,,,,,24425,15.0,15,,,,,,,,
,,,,,24430,5.0,5,,,,,,,,
,,,,,24438,8.0,8,,,,,,,,
,,,,,24445,7.0,7,,,,,,,,
,,,,,24448,3.0,3,,,,,,,,
,,,,,24452,4.0,4,,,,,,,,
,,,,,24459,7.0,7,,,,,,,,
,,,,,24463,4.0,4,,,,,,,,
,,,,,24467,4.0,4,,,,,,,,
,,,,,24470,3.0,3,,,,,,,,
,,,,,24477,7.0,7,,,,,,,,
,,,,,24482,5.0,5,,,,,,,,
,,,,,24487,5.0,5,,,,,,,,
,,,,,24493,6.0,6,,,,,,,,
,,,,,24499,6.0,6,,,,,,,,
,,,,,24505,6.0,6,,,,,,,,
,,,,,24510,5.0,5,,,,,,,,
,,,,,24514,4.0,4,,,,,,,,
,,,,,24517,3.0,3,,,,,,,,
,,,,,24521,4.0,4,,,,,,,,
,,,,,24525,4.0,4,,,,,,,,
,,,,,24529,4.0,4,,,,,,,,
,,,,,24539,10.0,10,,,,,,,,
,,,,,24552,13.0,13,,,,,,,,
,,,,,24561,9.0,9,,,,,,,,
,,,,,24579,18.0,18,,,,,,,,
,,,,,24585,6.0,6,,,,,,,,
,,,,,24590,5.0,5,,,,,,,,
,,,,,24594,4.0,4,,,,,,,,
,,,,,24600,6.0,6,,,,,,,,
,,,,,24605,5.0,5,,,,,,,,
,,,,,24608,3.0,3,,,,,,,,
,,,,,24611,3.0,3,,,,,,,,
,,,,,24615,4.0,4,,,,,,,,
,,,,,24623,8.0,8,,,,,,,,
,,,,,24626,3.0,3,,,,,,,,
,,,,,24630,4.0,4,,,,,,,,
,,,,,24634,4.0,4,,,,,,,,
,,,,,24637,3.0,3,,,,,,,,
,,,,,24640,3.0,3,,,,,,,,
,,,,,24649,9.0,9,,,,,,,,
,,,,,24652,3.0,3,,,,,,,,
,,,,,24656,4.0,4,,,,,,,,
,,,,,24660,4.0,4,,,,,,,,
,,,,,24665,5.0,5,,,,,,,,
,,,,,24668,3.0,3,,,,,,,,
,,,,,24676,8.0,8,,,,,,,,
,,,,,24679,3.0,3,,,,,,,,
,,,,,24686,7.0,7,,,,,,,,
,,,,,24699,13.0,13,,,,,,,,
,,,,,24705,6.0,6,,,,,,,,
,,,,,24709,4.0,4,,,,,,,,
,,,,,24716,7.0,7,,,,,,,,
,,,,,24721,5.0,5,,,,,,,,
,,,,,24726,5.0,5,,,,,,,,
,,,,,24730,4.0,4,,,,,,,,
,,,,,24733,3.0,3,,,,,,,,
,,,,,24737,4.0,4,,,,,,,,
,,,,,24740,3.0,3,,,,,,,,
,,,,,24744,4.0,4,,,,,,,,
,,,,,24748,4.0,4,,,,,,,,
,,,,,24751,3.0,3,,,,,,,,
,,,,,24759,8.0,8,,,,,,,,
,,,,,24767,8.0,8,,,,,,,,
,,,,,24774,7.0,7,,,,,,,,
,,,,,24777,3.0,3,,,,,,,,
,,,,,24780,3.0,3,,,,,,,,
,,,,,24784,4.0,4,,,,,,,,
,,,,,24794,10.0,10,,,,,,,,
,,,,,24805,11.0,11,,,,,,,,
,,,,,24809,4.0,4,,,,,,,,
,,,,,24818,9.0,9,,,,,,,,
,,,,,24822,4.0,4,,,,,,,,
,,,,,24833,11.0,11,,,,,,,,
,,,,,24837,4.0,4,,,,,,,,
,,,,,24842,5.0,5,,,,,,,,
,,,,,24845,3.0,3,,,,,,,,
,,,,,24862,17.0,17,,,,,,,,
,,,,,24866,4.0,4,,,,,,,,
,,,,,24872,6.0,6,,,,,,,,
,,,,,24876,4.0,4,,,,,,,,
,,,,,24879,3.0,3,,,,,,,,
,,,,,24883,4.0,4,,,,,,,,
,,,,,24886,3.0,3,,,,,,,,
,,,,,24894,8.0,8,,,,,,,,
,,,,,24898,4.0,4,,,,,,,,
,,,,,24901,3.0,3,,,,,,,,
,,,,,24905,4.0,4,,,,,,,,
,,,,,24909,4.0,4,,,,,,,,
,,,,,24916,7.0,7,,,,,,,,
,,,,,24931,15.0,15,,,,,,,,
,,,,,24935,4.0,4,,,,,,,,
,,,,,24944,9.0,9,,,,,,,,
,,,,,24948,4.0,4,,,,,,,,
,,,,,24957,9.0,9,,,,,,,,
,,,,,24961,4.0,4,,,,,,,,
,,,,,24969,8.0,8,,,,,,,,
,,,,,24975,6.0,6,,,,,,,,
,,,,,24991,16.0,16,,,,,,,,
5.7,2.1,10.0,3.0,5.7,25000,,,-8.786188125610352,87.86187744140625,138.50262451171875,36.697509765625,35.45023727416992,0.0003,0.0003,0.1
,,,,,25001,10.0,10,,,,,,,,
,,,,,25009,8.0,8,,,,,,,,
,,,,,25018,9.0,9,,,,,,,,
,,,,,25021,3.0,3,,,,,,,,
,,,,,25025,4.0,4,,,,,,,,
,,,,,25029,4.0,4,,,,,,,,
,,,,,25045,16.0,16,,,,,,,,
,,,,,25049,4.0,4,,,,,,,,
,,,,,25058,9.0,9,,,,,,,,
,,,,,25063,5.0,5,,,,,,,,
,,,,,25072,9.0,9,,,,,,,,
,,,,,25080,8.0,8,,,,,,,,
,,,,,25085,5.0,5,,,,,,,,
,,,,,25093,8.0,8,,,,,,,,
,,,,,25104,11.0,11,,,,,,,,
,,,,,25108,4.0,4,,,,,,,,
,,,,,25115,7.0,7,,,,,,,,
,,,,,25124,9.0,9,,,,,,,,
,,,,,25128,4.0,4,,,,,,,,
,,,,,25135,7.0,7,,,,,,,,
,,,,,25143,8.0,8,,,,,,,,
,,,,,25160,17.0,17,,,,,,,,
,,,,,25166,6.0,6,,,,,,,,
,,,,,25180,14.0,14,,,,,,,,
,,,,,25183,3.0,3,,,,,,,,
,,,,,25188,5.0,5,,,,,,,,
,,,,,25193,5.0,5,,,,,,,,
,,,,,25199,6.0,6,,,,,,,,
,,,,,25204,5.0,5,,,,,,,,
,,,,,25215,11.0,11,,,,,,,,
,,,,,25218,3.0,3,,,,,,,,
,,,,,25221,3.0,3,,,,,,,,
,,,,,25225,4.0,4,,,,,,,,
,,,,,25231,6.0,6,,,,,,,,
,,,,,25239,8.0,8,,,,,,,,
,,,,,25251,12.0,12,,,,,,,,
,,,,,25258,7.0,7,,,,,,,,
,,,,,25261,3.0,3,,,,,,,,
,,,,,25271,10.0,10,,,,,,,,
,,,,,25275,4.0,4,,,,,,,,
,,,,,25281,6.0,6,,,,,,,,
,,,,,25284,3.0,3,,,,,,,,
,,,,,25287,3.0,3,,,,,,,,
,,,,,25295,8.0,8,,,,,,,,
,,,,,25301,6.0,6,,,,,,,,
,,,,,25305,4.0,4,,,,,,,,
,,,,,25311,6.0,6,,,,,,,,
,,,,,25315,4.0,4,,,,,,,,
,,,,,25318,3.0,3,,,,,,,,
,,,,,25323,5.0,5,,,,,,,,
,,,,,25327,4.0,4,,,,,,,,
,,,,,25336,9.0,9,,,,,,,,
,,,,,25339,3.0,3,,,,,,,,
,,,,,25344,5.0,5,,,,,,,,
,,,,,25347,3.0,3,,,,,,,,
,,,,,25350,3.0,3,,,,,,,,
,,,,,25354,4.0,4,,,,,,,,
,,,,,25360,6.0,6,,,,,,,,
,,,,,25363,3.0,3,,,,,,,,
,,,,,25368,5.0,5,,,,,,,,
,,,,,25373,5.0,5,,,,,,,,
,,,,,25377,4.0,4,,,,,,,,
,,,,,25389,12.0,12,,,,,,,,
,,,,,25394,5.0,5,,,,,,,,
,,,,,25402,8.0,8,,,,,,,,
,,,,,25405,3.0,3,,,,,,,,
,,,,,25408,3.0,3,,,,,,,,
,,,,,25419,11.0,11,,,,,,,,
,,,,,25424,5.0,5,,,,,,,,
,,,,,25437,13.0,13,,,,,,,,
,,,,,25442,5.0,5,,,,,,,,
,,,,,25445,3.0,3,,,,,,,,
,,,,,25449,4.0,4,,,,,,,,
,,,,,25456,7.0,7,,,,,,,,
,,,,,25462,6.0,6,,,,,,,,
,,,,,25467,5.0,5,,,,,,,,
,,,,,25472,5.0,5,,,,,,,,
,,,,,25475,3.0,3,,,,,,,,
,,,,,25478,3.0,3,,,,,,,,
,,,,,25482,4.0,4,,,,,,,,
,,,,,25490,8.0,8,,,,,,,,
,,,,,25495,5.0,5,,,,,,,,
,,,,,25503,8.0,8,,,,,,,,
,,,,,25506,3.0,3,,,,,,,,
,,,,,25510,4.0,4,,,,,,,,
,,,,,25513,3.0,3,,,,,,,,
,,,,,25516,3.0,3,,,,,,,,
,,,,,25521,5.0,5,,,,,,,,
,,,,,25525,4.0,4,,,,,,,,
,,,,,25529,4.0,4,,,,,,,,
,,,,,25540,11.0,11,,,,,,,,
,,,,,25544,4.0,4,,,,,,,,
,,,,,25550,6.0,6,,,,,,,,
,,,,,25555,5.0,5,,,,,,,,
,,,,,25563,8.0,8,,,,,,,,
,,,,,25566,3.0,3,,,,,,,,
,,,,,25574,8.0,8,,,,,,,,
,,,,,25579,5.0,5,,,,,,,,
,,,,,25583,4.0,4,,,,,,,,
,,,,,25587,4.0,4,,,,,,,,
,,,,,25593,6.0,6,,,,,,,,
,,,,,25597,4.0,4,,,,,,,,
,,,,,25602,5.0,5,,,,,,,,
,,,,,25605,3.0,3,,,,,,,,
,,,,,25610,5.0,5,,,,,,,,
,,,,,25613,3.0,3,,,,,,,,
,,,,,25616,3.0,3,,,,,,,,
,,,,,25620,4.0,4,,,,,,,,
,,,,,25623,3.0,3,,,,,,,,
,,,,,25627,4.0,4,,,,,,,,
,,,,,25644,17.0,17,,,,,,,,
,,,,,25657,13.0,13,,,,,,,,
,,,,,25661,4.0,4,,,,,,,,
,,,,,25667,6.0,6,,,,,,,,
,,,,,25676,9.0,9,,,,,,,,
,,,,,25680,4.0,4,,,,,,,,
,,,,,25683,3.0,3,,,,,,,,
,,,,,25686,3.0,3,,,,,,,,
,,,,,25698,12.0,12,,,,,,,,
,,,,,25702,4.0,4,,,,,,,,
,,,,,25712,10.0,10,,,,,,,,
,,,,,25716,4.0,4,,,,,,,,
,,,,,25725,9.0,9,,,,,,,,
,,,,,25729,4.0,4,,,,,,,,
,,,,,25734,5.0,5,,,,,,,,
,,,,,25744,10.0,10,,,,,,,,
,,,,,25755,11.0,11,,,,,,,,
,,,,,25760,5.0,5,,,,,,,,
,,,,,25773,13.0,13,,,,,,,,
,,,,,25777,4.0,4,,,,,,,,
,,,,,25782,5.0,5,,,,,,,,
,,,,,25793,11.0,11,,,,,,,,
,,,,,25798,5.0,5,,,,,,,,
,,,,,25807,9.0,9,,,,,,,,
,,,,,25812,5.0,5,,,,,,,,
,,,,,25819,7.0,7,,,,,,,,
,,,,,25822,3.0,3,,,,,,,,
,,,,,25826,4.0,4,,,,,,,,
,,,,,25831,5.0,5,,,,,,,,
,,,,,25835,4.0,4,,,,,,,,
,,,,,25840,5.0,5,,,,,,,,
,,,,,25844,4.0,4,,,,,,,,
,,,,,25849,5.0,5,,,,,,,,
,,,,,25855,6.0,6,,,,,,,,
,,,,,25861,6.0,6,,,,,,,,
,,,,,25872,11.0,11,,,,,,,,
,,,,,25877,5.0,5,,,,,,,,
,,,,,25890,13.0,13,,,,,,,,
,,,,,25904,14.0,14,,,,,,,,
,,,,,25909,5.0,5,,,,,,,,
,,,,,25914,5.0,5,,,,,,,,
,,,,,25919,5.0,5,,,,,,,,
,,,,,25926,7.0,7,,,,,,,,
,,,,,25933,7.0,7,,,,,,,,
,,,,,25939,6.0,6,,,,,,,,
,,,,,25943,4.0,4,,,,,,,,
,,,,,25953,10.0,10,,,,,,,,
,,,,,25959,6.0,6,,,,,,,,
,,,,,25966,7.0,7,,,,,,,,
,,,,,25971,5.0,5,,,,,,,,
,,,,,25974,3.0,3,,,,,,,,
,,,,,25977,3.0,3,,,,,,,,
,,,,,25983,6.0,6,,,,,,,,
,,,,,25986,3.0,3,,,,,,,,
,,,,,25990,4.0,4,,,,,,,,
,,,,,25993,3.0,3,,,,,,,,
,,,,,25996,3.0,3,,,,,,,,
,,,,,26000,,,-8.716407775878906,87.16407775878906,161.3693084716797,35.49479675292969,35.62037658691406,0.0003,0.0003,0.1
,,,,,26001,5.0,5,,,,,,,,
,,,,,26019,18.0,18,,,,,,,,
,,,,,26025,6.0,6,,,,,,,,
,,,,,26032,7.0,7,,,,,,,,
,,,,,26035,3.0,3,,,,,,,,
,,,,,26038,3.0,3,,,,,,,,
,,,,,26048,10.0,10,,,,,,,,
,,,,,26053,5.0,5,,,,,,,,
,,,,,26056,3.0,3,,,,,,,,
,,,,,26064,8.0,8,,,,,,,,
,,,,,26079,15.0,15,,,,,,,,
,,,,,26082,3.0,3,,,,,,,,
,,,,,26085,3.0,3,,,,,,,,
,,,,,26090,5.0,5,,,,,,,,
,,,,,26096,6.0,6,,,,,,,,
,,,,,26107,11.0,11,,,,,,,,
,,,,,26110,3.0,3,,,,,,,,
,,,,,26115,5.0,5,,,,,,,,
,,,,,26119,4.0,4,,,,,,,,
,,,,,26130,11.0,11,,,,,,,,
,,,,,26143,13.0,13,,,,,,,,
,,,,,26147,4.0,4,,,,,,,,
,,,,,26154,7.0,7,,,,,,,,
,,,,,26162,8.0,8,,,,,,,,
,,,,,26167,5.0,5,,,,,,,,
,,,,,26183,16.0,16,,,,,,,,
,,,,,26188,5.0,5,,,,,,,,
,,,,,26192,4.0,4,,,,,,,,
,,,,,26204,12.0,12,,,,,,,,
,,,,,26208,4.0,4,,,,,,,,
,,,,,26212,4.0,4,,,,,,,,
,,,,,26215,3.0,3,,,,,,,,
,,,,,26219,4.0,4,,,,,,,,
,,,,,26223,4.0,4,,,,,,,,
,,,,,26236,13.0,13,,,,,,,,
,,,,,26243,7.0,7,,,,,,,,
,,,,,26247,4.0,4,,,,,,,,
,,,,,26252,5.0,5,,,,,,,,
,,,,,26259,7.0,7,,,,,,,,
,,,,,26262,3.0,3,,,,,,,,
,,,,,26271,9.0,9,,,,,,,,
,,,,,26276,5.0,5,,,,,,,,
,,,,,26284,8.0,8,,,,,,,,
,,,,,26293,9.0,9,,,,,,,,
,,,,,26296,3.0,3,,,,,,,,
,,,,,26302,6.0,6,,,,,,,,
,,,,,26309,7.0,7,,,,,,,,
,,,,,26315,6.0,6,,,,,,,,
,,,,,26320,5.0,5,,,,,,,,
,,,,,26325,5.0,5,,,,,,,,
,,,,,26330,5.0,5,,,,,,,,
,,,,,26337,7.0,7,,,,,,,,
,,,,,26348,11.0,11,,,,,,,,
,,,,,26357,9.0,9,,,,,,,,
,,,,,26360,3.0,3,,,,,,,,
,,,,,26364,4.0,4,,,,,,,,
,,,,,26369,5.0,5,,,,,,,,
,,,,,26372,3.0,3,,,,,,,,
,,,,,26381,9.0,9,,,,,,,,
,,,,,26386,5.0,5,,,,,,,,
,,,,,26394,8.0,8,,,,,,,,
,,,,,26397,3.0,3,,,,,,,,
,,,,,26400,3.0,3,,,,,,,,
,,,,,26404,4.0,4,,,,,,,,
,,,,,26418,14.0,14,,,,,,,,
,,,,,26424,6.0,6,,,,,,,,
,,,,,26431,7.0,7,,,,,,,,
,,,,,26442,11.0,11,,,,,,,,
,,,,,26445,3.0,3,,,,,,,,
,,,,,26448,3.0,3,,,,,,,,
,,,,,26451,3.0,3,,,,,,,,
,,,,,26454,3.0,3,,,,,,,,
,,,,,26458,4.0,4,,,,,,,,
,,,,,26465,7.0,7,,,,,,,,
,,,,,26468,3.0,3,,,,,,,,
,,,,,26474,6.0,6,,,,,,,,
,,,,,26478,4.0,4,,,,,,,,
,,,,,26482,4.0,4,,,,,,,,
,,,,,26485,3.0,3,,,,,,,,
,,,,,26489,4.0,4,,,,,,,,
,,,,,26495,6.0,6,,,,,,,,
,,,,,26501,6.0,6,,,,,,,,
,,,,,26505,4.0,4,,,,,,,,
,,,,,26511,6.0,6,,,,,,,,
,,,,,26514,3.0,3,,,,,,,,
,,,,,26520,6.0,6,,,,,,,,
,,,,,26534,14.0,14,,,,,,,,
,,,,,26546,12.0,12,,,,,,,,
,,,,,26550,4.0,4,,,,,,,,
,,,,,26554,4.0,4,,,,,,,,
,,,,,26562,8.0,8,,,,,,,,
,,,,,26571,9.0,9,,,,,,,,
,,,,,26574,3.0,3,,,,,,,,
,,,,,26581,7.0,7,,,,,,,,
,,,,,26585,4.0,4,,,,,,,,
,,,,,26591,6.0,6,,,,,,,,
,,,,,26595,4.0,4,,,,,,,,
,,,,,26600,5.0,5,,,,,,,,
,,,,,26603,3.0,3,,,,,,,,
,,,,,26610,7.0,7,,,,,,,,
,,,,,26614,4.0,4,,,,,,,,
,,,,,26617,3.0,3,,,,,,,,
,,,,,26623,6.0,6,,,,,,,,
,,,,,26627,4.0,4,,,,,,,,
,,,,,26631,4.0,4,,,,,,,,
,,,,,26636,5.0,5,,,,,,,,
,,,,,26641,5.0,5,,,,,,,,
,,,,,26646,5.0,5,,,,,,,,
,,,,,26650,4.0,4,,,,,,,,
,,,,,26654,4.0,4,,,,,,,,
,,,,,26657,3.0,3,,,,,,,,
,,,,,26661,4.0,4,,,,,,,,
,,,,,26665,4.0,4,,,,,,,,
,,,,,26673,8.0,8,,,,,,,,
,,,,,26678,5.0,5,,,,,,,,
,,,,,26682,4.0,4,,,,,,,,
,,,,,26686,4.0,4,,,,,,,,
,,,,,26692,6.0,6,,,,,,,,
,,,,,26697,5.0,5,,,,,,,,
,,,,,26706,9.0,9,,,,,,,,
,,,,,26710,4.0,4,,,,,,,,
,,,,,26717,7.0,7,,,,,,,,
,,,,,26720,3.0,3,,,,,,,,
,,,,,26727,7.0,7,,,,,,,,
,,,,,26732,5.0,5,,,,,,,,
,,,,,26735,3.0,3,,,,,,,,
,,,,,26745,10.0,10,,,,,,,,
,,,,,26751,6.0,6,,,,,,,,
,,,,,26758,7.0,7,,,,,,,,
,,,,,26763,5.0,5,,,,,,,,
,,,,,26773,10.0,10,,,,,,,,
,,,,,26781,8.0,8,,,,,,,,
,,,,,26784,3.0,3,,,,,,,,
,,,,,26788,4.0,4,,,,,,,,
,,,,,26791,3.0,3,,,,,,,,
,,,,,26801,10.0,10,,,,,,,,
,,,,,26808,7.0,7,,,,,,,,
,,,,,26811,3.0,3,,,,,,,,
,,,,,26824,13.0,13,,,,,,,,
,,,,,26828,4.0,4,,,,,,,,
,,,,,26831,3.0,3,,,,,,,,
,,,,,26834,3.0,3,,,,,,,,
,,,,,26838,4.0,4,,,,,,,,
,,,,,26859,21.0,21,,,,,,,,
,,,,,26872,13.0,13,,,,,,,,
,,,,,26877,5.0,5,,,,,,,,
,,,,,26881,4.0,4,,,,,,,,
,,,,,26886,5.0,5,,,,,,,,
,,,,,26889,3.0,3,,,,,,,,
,,,,,26909,20.0,20,,,,,,,,
,,,,,26913,4.0,4,,,,,,,,
,,,,,26926,13.0,13,,,,,,,,
,,,,,26935,9.0,9,,,,,,,,
,,,,,26939,4.0,4,,,,,,,,
,,,,,26942,3.0,3,,,,,,,,
,,,,,26948,6.0,6,,,,,,,,
,,,,,26952,4.0,4,,,,,,,,
,,,,,26962,10.0,10,,,,,,,,
,,,,,26966,4.0,4,,,,,,,,
,,,,,26970,4.0,4,,,,,,,,
,,,,,26974,4.0,4,,,,,,,,
,,,,,26979,5.0,5,,,,,,,,
,,,,,26984,5.0,5,,,,,,,,
,,,,,26993,9.0,9,,,,,,,,
,,,,,27000,,,-8.745467185974121,87.45466613769531,147.49639892578125,31.20461082458496,30.487415313720703,0.0003,0.0003,0.1
,,,,,27001,8.0,8,,,,,,,,
,,,,,27007,6.0,6,,,,,,,,
,,,,,27011,4.0,4,,,,,,,,
,,,,,27016,5.0,5,,,,,,,,
,,,,,27020,4.0,4,,,,,,,,
,,,,,27024,4.0,4,,,,,,,,
,,,,,27030,6.0,6,,,,,,,,
,,,,,27035,5.0,5,,,,,,,,
,,,,,27040,5.0,5,,,,,,,,
,,,,,27048,8.0,8,,,,,,,,
,,,,,27053,5.0,5,,,,,,,,
,,,,,27056,3.0,3,,,,,,,,
,,,,,27064,8.0,8,,,,,,,,
,,,,,27073,9.0,9,,,,,,,,
,,,,,27076,3.0,3,,,,,,,,
,,,,,27086,10.0,10,,,,,,,,
,,,,,27090,4.0,4,,,,,,,,
,,,,,27094,4.0,4,,,,,,,,
,,,,,27103,9.0,9,,,,,,,,
,,,,,27113,10.0,10,,,,,,,,
,,,,,27116,3.0,3,,,,,,,,
,,,,,27123,7.0,7,,,,,,,,
,,,,,27126,3.0,3,,,,,,,,
,,,,,27130,4.0,4,,,,,,,,
,,,,,27133,3.0,3,,,,,,,,
,,,,,27149,16.0,16,,,,,,,,
,,,,,27152,3.0,3,,,,,,,,
,,,,,27155,3.0,3,,,,,,,,
,,,,,27164,9.0,9,,,,,,,,
,,,,,27172,8.0,8,,,,,,,,
,,,,,27177,5.0,5,,,,,,,,
,,,,,27183,6.0,6,,,,,,,,
,,,,,27191,8.0,8,,,,,,,,
,,,,,27198,7.0,7,,,,,,,,
,,,,,27203,5.0,5,,,,,,,,
,,,,,27210,7.0,7,,,,,,,,
,,,,,27215,5.0,5,,,,,,,,
,,,,,27226,11.0,11,,,,,,,,
,,,,,27230,4.0,4,,,,,,,,
,,,,,27235,5.0,5,,,,,,,,
,,,,,27240,5.0,5,,,,,,,,
,,,,,27243,3.0,3,,,,,,,,
,,,,,27247,4.0,4,,,,,,,,
,,,,,27255,8.0,8,,,,,,,,
,,,,,27260,5.0,5,,,,,,,,
,,,,,27265,5.0,5,,,,,,,,
,,,,,27270,5.0,5,,,,,,,,
,,,,,27278,8.0,8,,,,,,,,
,,,,,27293,15.0,15,,,,,,,,
,,,,,27298,5.0,5,,,,,,,,
,,,,,27302,4.0,4,,,,,,,,
,,,,,27305,3.0,3,,,,,,,,
,,,,,27321,16.0,16,,,,,,,,
,,,,,27324,3.0,3,,,,,,,,
,,,,,27328,4.0,4,,,,,,,,
,,,,,27333,5.0,5,,,,,,,,
,,,,,27341,8.0,8,,,,,,,,
,,,,,27345,4.0,4,,,,,,,,
,,,,,27348,3.0,3,,,,,,,,
,,,,,27351,3.0,3,,,,,,,,
,,,,,27362,11.0,11,,,,,,,,
,,,,,27365,3.0,3,,,,,,,,
,,,,,27377,12.0,12,,,,,,,,
,,,,,27380,3.0,3,,,,,,,,
,,,,,27383,3.0,3,,,,,,,,
,,,,,27388,5.0,5,,,,,,,,
,,,,,27396,8.0,8,,,,,,,,
,,,,,27406,10.0,10,,,,,,,,
,,,,,27409,3.0,3,,,,,,,,
,,,,,27412,3.0,3,,,,,,,,
,,,,,27417,5.0,5,,,,,,,,
,,,,,27422,5.0,5,,,,,,,,
,,,,,27437,15.0,15,,,,,,,,
,,,,,27447,10.0,10,,,,,,,,
,,,,,27452,5.0,5,,,,,,,,
,,,,,27461,9.0,9,,,,,,,,
,,,,,27472,11.0,11,,,,,,,,
,,,,,27475,3.0,3,,,,,,,,
,,,,,27478,3.0,3,,,,,,,,
,,,,,27484,6.0,6,,,,,,,,
,,,,,27488,4.0,4,,,,,,,,
,,,,,27491,3.0,3,,,,,,,,
,,,,,27495,4.0,4,,,,,,,,
,,,,,27502,7.0,7,,,,,,,,
,,,,,27510,8.0,8,,,,,,,,
,,,,,27518,8.0,8,,,,,,,,
,,,,,27529,11.0,11,,,,,,,,
,,,,,27533,4.0,4,,,,,,,,
,,,,,27537,4.0,4,,,,,,,,
,,,,,27550,13.0,13,,,,,,,,
,,,,,27554,4.0,4,,,,,,,,
,,,,,27561,7.0,7,,,,,,,,
,,,,,27567,6.0,6,,,,,,,,
,,,,,27576,9.0,9,,,,,,,,
,,,,,27581,5.0,5,,,,,,,,
,,,,,27587,6.0,6,,,,,,,,
,,,,,27590,3.0,3,,,,,,,,
,,,,,27593,3.0,3,,,,,,,,
,,,,,27603,10.0,10,,,,,,,,
,,,,,27614,11.0,11,,,,,,,,
,,,,,27620,6.0,6,,,,,,,,
,,,,,27626,6.0,6,,,,,,,,
,,,,,27638,12.0,12,,,,,,,,
,,,,,27641,3.0,3,,,,,,,,
,,,,,27645,4.0,4,,,,,,,,
,,,,,27649,4.0,4,,,,,,,,
,,,,,27664,15.0,15,,,,,,,,
,,,,,27667,3.0,3,,,,,,,,
,,,,,27675,8.0,8,,,,,,,,
,,,,,27678,3.0,3,,,,,,,,
,,,,,27687,9.0,9,,,,,,,,
,,,,,27691,4.0,4,,,,,,,,
,,,,,27695,4.0,4,,,,,,,,
,,,,,27698,3.0,3,,,,,,,,
,,,,,27704,6.0,6,,,,,,,,
,,,,,27707,3.0,3,,,,,,,,
,,,,,27716,9.0,9,,,,,,,,
,,,,,27726,10.0,10,,,,,,,,
,,,,,27730,4.0,4,,,,,,,,
,,,,,27737,7.0,7,,,,,,,,
,,,,,27745,8.0,8,,,,,,,,
,,,,,27752,7.0,7,,,,,,,,
,,,,,27763,11.0,11,,,,,,,,
,,,,,27767,4.0,4,,,,,,,,
,,,,,27772,5.0,5,,,,,,,,
,,,,,27781,9.0,9,,,,,,,,
,,,,,27785,4.0,4,,,,,,,,
,,,,,27792,7.0,7,,,,,,,,
,,,,,27803,11.0,11,,,,,,,,
,,,,,27814,11.0,11,,,,,,,,
,,,,,27821,7.0,7,,,,,,,,
,,,,,27824,3.0,3,,,,,,,,
,,,,,27828,4.0,4,,,,,,,,
,,,,,27832,4.0,4,,,,,,,,
,,,,,27841,9.0,9,,,,,,,,
,,,,,27848,7.0,7,,,,,,,,
,,,,,27852,4.0,4,,,,,,,,
,,,,,27863,11.0,11,,,,,,,,
,,,,,27866,3.0,3,,,,,,,,
,,,,,27877,11.0,11,,,,,,,,
,,,,,27881,4.0,4,,,,,,,,
,,,,,27885,4.0,4,,,,,,,,
,,,,,27890,5.0,5,,,,,,,,
,,,,,27897,7.0,7,,,,,,,,
,,,,,27900,3.0,3,,,,,,,,
,,,,,27904,4.0,4,,,,,,,,
,,,,,27916,12.0,12,,,,,,,,
,,,,,27920,4.0,4,,,,,,,,
,,,,,27924,4.0,4,,,,,,,,
,,,,,27928,4.0,4,,,,,,,,
,,,,,27932,4.0,4,,,,,,,,
,,,,,27936,4.0,4,,,,,,,,
,,,,,27946,10.0,10,,,,,,,,
,,,,,27951,5.0,5,,,,,,,,
,,,,,27959,8.0,8,,,,,,,,
,,,,,27963,4.0,4,,,,,,,,
,,,,,27967,4.0,4,,,,,,,,
,,,,,27972,5.0,5,,,,,,,,
,,,,,27977,5.0,5,,,,,,,,
,,,,,27984,7.0,7,,,,,,,,
,,,,,27995,11.0,11,,,,,,,,
,,,,,28000,,,-8.826769828796387,88.2677001953125,164.31607055664062,37.87873458862305,36.66160583496094,0.0003,0.0003,0.1
,,,,,28001,6.0,6,,,,,,,,
,,,,,28005,4.0,4,,,,,,,,
,,,,,28010,5.0,5,,,,,,,,
,,,,,28015,5.0,5,,,,,,,,
,,,,,28018,3.0,3,,,,,,,,
,,,,,28027,9.0,9,,,,,,,,
,,,,,28039,12.0,12,,,,,,,,
,,,,,28044,5.0,5,,,,,,,,
,,,,,28055,11.0,11,,,,,,,,
,,,,,28060,5.0,5,,,,,,,,
,,,,,28085,25.0,25,,,,,,,,
,,,,,28094,9.0,9,,,,,,,,
,,,,,28097,3.0,3,,,,,,,,
,,,,,28100,3.0,3,,,,,,,,
,,,,,28105,5.0,5,,,,,,,,
,,,,,28113,8.0,8,,,,,,,,
,,,,,28120,7.0,7,,,,,,,,
,,,,,28123,3.0,3,,,,,,,,
,,,,,28126,3.0,3,,,,,,,,
,,,,,28129,3.0,3,,,,,,,,
,,,,,28132,3.0,3,,,,,,,,
,,,,,28140,8.0,8,,,,,,,,
,,,,,28146,6.0,6,,,,,,,,
,,,,,28156,10.0,10,,,,,,,,
,,,,,28164,8.0,8,,,,,,,,
,,,,,28167,3.0,3,,,,,,,,
,,,,,28170,3.0,3,,,,,,,,
,,,,,28173,3.0,3,,,,,,,,
,,,,,28180,7.0,7,,,,,,,,
,,,,,28183,3.0,3,,,,,,,,
,,,,,28186,3.0,3,,,,,,,,
,,,,,28191,5.0,5,,,,,,,,
,,,,,28195,4.0,4,,,,,,,,
,,,,,28200,5.0,5,,,,,,,,
,,,,,28205,5.0,5,,,,,,,,
,,,,,28208,3.0,3,,,,,,,,
,,,,,28211,3.0,3,,,,,,,,
,,,,,28216,5.0,5,,,,,,,,
,,,,,28221,5.0,5,,,,,,,,
,,,,,28225,4.0,4,,,,,,,,
,,,,,28236,11.0,11,,,,,,,,
,,,,,28240,4.0,4,,,,,,,,
,,,,,28244,4.0,4,,,,,,,,
,,,,,28248,4.0,4,,,,,,,,
,,,,,28253,5.0,5,,,,,,,,
,,,,,28271,18.0,18,,,,,,,,
,,,,,28278,7.0,7,,,,,,,,
,,,,,28287,9.0,9,,,,,,,,
,,,,,28291,4.0,4,,,,,,,,
,,,,,28302,11.0,11,,,,,,,,
,,,,,28305,3.0,3,,,,,,,,
,,,,,28308,3.0,3,,,,,,,,
,,,,,28311,3.0,3,,,,,,,,
,,,,,28316,5.0,5,,,,,,,,
,,,,,28325,9.0,9,,,,,,,,
,,,,,28328,3.0,3,,,,,,,,
,,,,,28333,5.0,5,,,,,,,,
,,,,,28341,8.0,8,,,,,,,,
,,,,,28344,3.0,3,,,,,,,,
,,,,,28356,12.0,12,,,,,,,,
,,,,,28361,5.0,5,,,,,,,,
,,,,,28366,5.0,5,,,,,,,,
,,,,,28371,5.0,5,,,,,,,,
,,,,,28374,3.0,3,,,,,,,,
,,,,,28380,6.0,6,,,,,,,,
,,,,,28389,9.0,9,,,,,,,,
,,,,,28393,4.0,4,,,,,,,,
,,,,,28397,4.0,4,,,,,,,,
,,,,,28401,4.0,4,,,,,,,,
,,,,,28404,3.0,3,,,,,,,,
,,,,,28410,6.0,6,,,,,,,,
,,,,,28413,3.0,3,,,,,,,,
,,,,,28418,5.0,5,,,,,,,,
,,,,,28422,4.0,4,,,,,,,,
,,,,,28427,5.0,5,,,,,,,,
,,,,,28432,5.0,5,,,,,,,,
,,,,,28440,8.0,8,,,,,,,,
,,,,,28443,3.0,3,,,,,,,,
,,,,,28453,10.0,10,,,,,,,,
,,,,,28456,3.0,3,,,,,,,,
,,,,,28463,7.0,7,,,,,,,,
,,,,,28471,8.0,8,,,,,,,,
,,,,,28475,4.0,4,,,,,,,,
,,,,,28478,3.0,3,,,,,,,,
,,,,,28481,3.0,3,,,,,,,,
,,,,,28486,5.0,5,,,,,,,,
,,,,,28490,4.0,4,,,,,,,,
,,,,,28494,4.0,4,,,,,,,,
,,,,,28499,5.0,5,,,,,,,,
,,,,,28505,6.0,6,,,,,,,,
,,,,,28511,6.0,6,,,,,,,,
,,,,,28515,4.0,4,,,,,,,,
,,,,,28521,6.0,6,,,,,,,,
,,,,,28524,3.0,3,,,,,,,,
,,,,,28535,11.0,11,,,,,,,,
,,,,,28542,7.0,7,,,,,,,,
,,,,,28551,9.0,9,,,,,,,,
,,,,,28559,8.0,8,,,,,,,,
,,,,,28562,3.0,3,,,,,,,,
,,,,,28566,4.0,4,,,,,,,,
,,,,,28572,6.0,6,,,,,,,,
,,,,,28576,4.0,4,,,,,,,,
,,,,,28582,6.0,6,,,,,,,,
,,,,,28593,11.0,11,,,,,,,,
,,,,,28598,5.0,5,,,,,,,,
,,,,,28609,11.0,11,,,,,,,,
,,,,,28618,9.0,9,,,,,,,,
,,,,,28622,4.0,4,,,,,,,,
,,,,,28626,4.0,4,,,,,,,,
,,,,,28630,4.0,4,,,,,,,,
,,,,,28638,8.0,8,,,,,,,,
,,,,,28642,4.0,4,,,,,,,,
,,,,,28646,4.0,4,,,,,,,,
,,,,,28649,3.0,3,,,,,,,,
,,,,,28652,3.0,3,,,,,,,,
,,,,,28657,5.0,5,,,,,,,,
,,,,,28660,3.0,3,,,,,,,,
,,,,,28663,3.0,3,,,,,,,,
,,,,,28672,9.0,9,,,,,,,,
,,,,,28676,4.0,4,,,,,,,,
,,,,,28680,4.0,4,,,,,,,,
,,,,,28689,9.0,9,,,,,,,,
,,,,,28692,3.0,3,,,,,,,,
,,,,,28701,9.0,9,,,,,,,,
,,,,,28705,4.0,4,,,,,,,,
,,,,,28709,4.0,4,,,,,,,,
,,,,,28712,3.0,3,,,,,,,,
,,,,,28716,4.0,4,,,,,,,,
,,,,,28719,3.0,3,,,,,,,,
,,,,,28723,4.0,4,,,,,,,,
,,,,,28728,5.0,5,,,,,,,,
,,,,,28731,3.0,3,,,,,,,,
,,,,,28736,5.0,5,,,,,,,,
,,,,,28741,5.0,5,,,,,,,,
,,,,,28745,4.0,4,,,,,,,,
,,,,,28750,5.0,5,,,,,,,,
,,,,,28753,3.0,3,,,,,,,,
,,,,,28757,4.0,4,,,,,,,,
,,,,,28763,6.0,6,,,,,,,,
,,,,,28769,6.0,6,,,,,,,,
,,,,,28772,3.0,3,,,,,,,,
,,,,,28776,4.0,4,,,,,,,,
,,,,,28784,8.0,8,,,,,,,,
,,,,,28789,5.0,5,,,,,,,,
,,,,,28793,4.0,4,,,,,,,,
,,,,,28797,4.0,4,,,,,,,,
,,,,,28804,7.0,7,,,,,,,,
,,,,,28809,5.0,5,,,,,,,,
,,,,,28819,10.0,10,,,,,,,,
,,,,,28822,3.0,3,,,,,,,,
,,,,,28825,3.0,3,,,,,,,,
,,,,,28829,4.0,4,,,,,,,,
,,,,,28835,6.0,6,,,,,,,,
,,,,,28839,4.0,4,,,,,,,,
,,,,,28842,3.0,3,,,,,,,,
,,,,,28845,3.0,3,,,,,,,,
,,,,,28852,7.0,7,,,,,,,,
,,,,,28857,5.0,5,,,,,,,,
,,,,,28869,12.0,12,,,,,,,,
,,,,,28882,13.0,13,,,,,,,,
,,,,,28886,4.0,4,,,,,,,,
,,,,,28889,3.0,3,,,,,,,,
,,,,,28893,4.0,4,,,,,,,,
,,,,,28897,4.0,4,,,,,,,,
,,,,,28902,5.0,5,,,,,,,,
,,,,,28912,10.0,10,,,,,,,,
,,,,,28923,11.0,11,,,,,,,,
,,,,,28927,4.0,4,,,,,,,,
,,,,,28932,5.0,5,,,,,,,,
,,,,,28936,4.0,4,,,,,,,,
,,,,,28940,4.0,4,,,,,,,,
,,,,,28969,29.0,29,,,,,,,,
,,,,,28977,8.0,8,,,,,,,,
,,,,,28982,5.0,5,,,,,,,,
,,,,,28989,7.0,7,,,,,,,,
,,,,,28994,5.0,5,,,,,,,,
,,,,,29000,,,-9.057228088378906,90.57228088378906,135.8875732421875,34.28099822998047,33.372169494628906,0.0003,0.0003,0.1
,,,,,29001,7.0,7,,,,,,,,
,,,,,29004,3.0,3,,,,,,,,
,,,,,29008,4.0,4,,,,,,,,
,,,,,29013,5.0,5,,,,,,,,
,,,,,29022,9.0,9,,,,,,,,
,,,,,29025,3.0,3,,,,,,,,
,,,,,29028,3.0,3,,,,,,,,
,,,,,29035,7.0,7,,,,,,,,
,,,,,29040,5.0,5,,,,,,,,
,,,,,29050,10.0,10,,,,,,,,
,,,,,29054,4.0,4,,,,,,,,
,,,,,29061,7.0,7,,,,,,,,
,,,,,29070,9.0,9,,,,,,,,
,,,,,29075,5.0,5,,,,,,,,
,,,,,29080,5.0,5,,,,,,,,
,,,,,29086,6.0,6,,,,,,,,
,,,,,29091,5.0,5,,,,,,,,
,,,,,29095,4.0,4,,,,,,,,
,,,,,29101,6.0,6,,,,,,,,
,,,,,29104,3.0,3,,,,,,,,
,,,,,29111,7.0,7,,,,,,,,
,,,,,29116,5.0,5,,,,,,,,
,,,,,29133,17.0,17,,,,,,,,
,,,,,29137,4.0,4,,,,,,,,
,,,,,29140,3.0,3,,,,,,,,
,,,,,29144,4.0,4,,,,,,,,
,,,,,29151,7.0,7,,,,,,,,
,,,,,29162,11.0,11,,,,,,,,
,,,,,29172,10.0,10,,,,,,,,
,,,,,29181,9.0,9,,,,,,,,
,,,,,29184,3.0,3,,,,,,,,
,,,,,29192,8.0,8,,,,,,,,
,,,,,29196,4.0,4,,,,,,,,
,,,,,29201,5.0,5,,,,,,,,
,,,,,29205,4.0,4,,,,,,,,
,,,,,29211,6.0,6,,,,,,,,
,,,,,29218,7.0,7,,,,,,,,
,,,,,29224,6.0,6,,,,,,,,
,,,,,29228,4.0,4,,,,,,,,
,,,,,29231,3.0,3,,,,,,,,
,,,,,29241,10.0,10,,,,,,,,
,,,,,29247,6.0,6,,,,,,,,
,,,,,29251,4.0,4,,,,,,,,
,,,,,29254,3.0,3,,,,,,,,
,,,,,29264,10.0,10,,,,,,,,
,,,,,29267,3.0,3,,,,,,,,
,,,,,29277,10.0,10,,,,,,,,
,,,,,29284,7.0,7,,,,,,,,
,,,,,29296,12.0,12,,,,,,,,
,,,,,29301,5.0,5,,,,,,,,
,,,,,29309,8.0,8,,,,,,,,
,,,,,29316,7.0,7,,,,,,,,
,,,,,29320,4.0,4,,,,,,,,
,,,,,29335,15.0,15,,,,,,,,
,,,,,29341,6.0,6,,,,,,,,
,,,,,29344,3.0,3,,,,,,,,
,,,,,29348,4.0,4,,,,,,,,
,,,,,29351,3.0,3,,,,,,,,
,,,,,29359,8.0,8,,,,,,,,
,,,,,29362,3.0,3,,,,,,,,
,,,,,29365,3.0,3,,,,,,,,
,,,,,29371,6.0,6,,,,,,,,
,,,,,29376,5.0,5,,,,,,,,
,,,,,29383,7.0,7,,,,,,,,
,,,,,29387,4.0,4,,,,,,,,
,,,,,29392,5.0,5,,,,,,,,
,,,,,29396,4.0,4,,,,,,,,
,,,,,29402,6.0,6,,,,,,,,
,,,,,29408,6.0,6,,,,,,,,
,,,,,29411,3.0,3,,,,,,,,
,,,,,29417,6.0,6,,,,,,,,
,,,,,29423,6.0,6,,,,,,,,
,,,,,29426,3.0,3,,,,,,,,
,,,,,29433,7.0,7,,,,,,,,
,,,,,29438,5.0,5,,,,,,,,
,,,,,29441,3.0,3,,,,,,,,
,,,,,29450,9.0,9,,,,,,,,
,,,,,29453,3.0,3,,,,,,,,
,,,,,29456,3.0,3,,,,,,,,
,,,,,29459,3.0,3,,,,,,,,
,,,,,29465,6.0,6,,,,,,,,
,,,,,29472,7.0,7,,,,,,,,
,,,,,29488,16.0,16,,,,,,,,
,,,,,29491,3.0,3,,,,,,,,
,,,,,29496,5.0,5,,,,,,,,
,,,,,29502,6.0,6,,,,,,,,
,,,,,29506,4.0,4,,,,,,,,
,,,,,29518,12.0,12,,,,,,,,
,,,,,29522,4.0,4,,,,,,,,
,,,,,29525,3.0,3,,,,,,,,
,,,,,29528,3.0,3,,,,,,,,
,,,,,29536,8.0,8,,,,,,,,
,,,,,29540,4.0,4,,,,,,,,
,,,,,29551,11.0,11,,,,,,,,
,,,,,29555,4.0,4,,,,,,,,
,,,,,29562,7.0,7,,,,,,,,
,,,,,29567,5.0,5,,,,,,,,
,,,,,29579,12.0,12,,,,,,,,
,,,,,29584,5.0,5,,,,,,,,
,,,,,29591,7.0,7,,,,,,,,
,,,,,29596,5.0,5,,,,,,,,
,,,,,29601,5.0,5,,,,,,,,
,,,,,29616,15.0,15,,,,,,,,
,,,,,29622,6.0,6,,,,,,,,
,,,,,29636,14.0,14,,,,,,,,
,,,,,29639,3.0,3,,,,,,,,
,,,,,29645,6.0,6,,,,,,,,
,,,,,29649,4.0,4,,,,,,,,
,,,,,29653,4.0,4,,,,,,,,
,,,,,29657,4.0,4,,,,,,,,
,,,,,29662,5.0,5,,,,,,,,
,,,,,29672,10.0,10,,,,,,,,
,,,,,29693,21.0,21,,,,,,,,
,,,,,29700,7.0,7,,,,,,,,
,,,,,29704,4.0,4,,,,,,,,
,,,,,29715,11.0,11,,,,,,,,
,,,,,29721,6.0,6,,,,,,,,
,,,,,29725,4.0,4,,,,,,,,
,,,,,29736,11.0,11,,,,,,,,
,,,,,29744,8.0,8,,,,,,,,
,,,,,29747,3.0,3,,,,,,,,
,,,,,29750,3.0,3,,,,,,,,
,,,,,29761,11.0,11,,,,,,,,
,,,,,29766,5.0,5,,,,,,,,
,,,,,29771,5.0,5,,,,,,,,
,,,,,29775,4.0,4,,,,,,,,
,,,,,29779,4.0,4,,,,,,,,
,,,,,29790,11.0,11,,,,,,,,
,,,,,29803,13.0,13,,,,,,,,
,,,,,29806,3.0,3,,,,,,,,
,,,,,29810,4.0,4,,,,,,,,
,,,,,29815,5.0,5,,,,,,,,
,,,,,29825,10.0,10,,,,,,,,
,,,,,29828,3.0,3,,,,,,,,
,,,,,29837,9.0,9,,,,,,,,
,,,,,29848,11.0,11,,,,,,,,
,,,,,29851,3.0,3,,,,,,,,
,,,,,29858,7.0,7,,,,,,,,
,,,,,29867,9.0,9,,,,,,,,
,,,,,29872,5.0,5,,,,,,,,
,,,,,29875,3.0,3,,,,,,,,
,,,,,29878,3.0,3,,,,,,,,
,,,,,29883,5.0,5,,,,,,,,
,,,,,29890,7.0,7,,,,,,,,
,,,,,29895,5.0,5,,,,,,,,
,,,,,29898,3.0,3,,,,,,,,
,,,,,29907,9.0,9,,,,,,,,
,,,,,29911,4.0,4,,,,,,,,
,,,,,29918,7.0,7,,,,,,,,
,,,,,29921,3.0,3,,,,,,,,
,,,,,29926,5.0,5,,,,,,,,
,,,,,29929,3.0,3,,,,,,,,
,,,,,29932,3.0,3,,,,,,,,
,,,,,29937,5.0,5,,,,,,,,
,,,,,29946,9.0,9,,,,,,,,
,,,,,29949,3.0,3,,,,,,,,
,,,,,29955,6.0,6,,,,,,,,
,,,,,29964,9.0,9,,,,,,,,
,,,,,29974,10.0,10,,,,,,,,
,,,,,29978,4.0,4,,,,,,,,
,,,,,29983,5.0,5,,,,,,,,
,,,,,29990,7.0,7,,,,,,,,
,,,,,29997,7.0,7,,,,,,,,
4.8,1.9899749,10.0,3.0,4.8,30000,,,-8.652101516723633,86.52101135253906,123.01190185546875,35.51435470581055,34.60633087158203,0.0003,0.0003,0.1
,,,,,30001,4.0,4,,,,,,,,
,,,,,30014,13.0,13,,,,,,,,
,,,,,30018,4.0,4,,,,,,,,
,,,,,30023,5.0,5,,,,,,,,
,,,,,30029,6.0,6,,,,,,,,
,,,,,30035,6.0,6,,,,,,,,
,,,,,30040,5.0,5,,,,,,,,
,,,,,30045,5.0,5,,,,,,,,
,,,,,30050,5.0,5,,,,,,,,
,,,,,30053,3.0,3,,,,,,,,
,,,,,30059,6.0,6,,,,,,,,
,,,,,30062,3.0,3,,,,,,,,
,,,,,30065,3.0,3,,,,,,,,
,,,,,30069,4.0,4,,,,,,,,
,,,,,30075,6.0,6,,,,,,,,
,,,,,30080,5.0,5,,,,,,,,
,,,,,30083,3.0,3,,,,,,,,
,,,,,30086,3.0,3,,,,,,,,
,,,,,30089,3.0,3,,,,,,,,
,,,,,30095,6.0,6,,,,,,,,
,,,,,30100,5.0,5,,,,,,,,
,,,,,30103,3.0,3,,,,,,,,
,,,,,30108,5.0,5,,,,,,,,
,,,,,30115,7.0,7,,,,,,,,
,,,,,30119,4.0,4,,,,,,,,
,,,,,30124,5.0,5,,,,,,,,
,,,,,30128,4.0,4,,,,,,,,
,,,,,30131,3.0,3,,,,,,,,
,,,,,30135,4.0,4,,,,,,,,
,,,,,30139,4.0,4,,,,,,,,
,,,,,30142,3.0,3,,,,,,,,
,,,,,30145,3.0,3,,,,,,,,
,,,,,30148,3.0,3,,,,,,,,
,,,,,30152,4.0,4,,,,,,,,
,,,,,30155,3.0,3,,,,,,,,
,,,,,30187,32.0,32,,,,,,,,
,,,,,30190,3.0,3,,,,,,,,
,,,,,30194,4.0,4,,,,,,,,
,,,,,30198,4.0,4,,,,,,,,
,,,,,30204,6.0,6,,,,,,,,
,,,,,30209,5.0,5,,,,,,,,
,,,,,30227,18.0,18,,,,,,,,
,,,,,30233,6.0,6,,,,,,,,
,,,,,30236,3.0,3,,,,,,,,
,,,,,30243,7.0,7,,,,,,,,
,,,,,30250,7.0,7,,,,,,,,
,,,,,30257,7.0,7,,,,,,,,
,,,,,30260,3.0,3,,,,,,,,
,,,,,30265,5.0,5,,,,,,,,
,,,,,30277,12.0,12,,,,,,,,
,,,,,30288,11.0,11,,,,,,,,
,,,,,30293,5.0,5,,,,,,,,
,,,,,30298,5.0,5,,,,,,,,
,,,,,30301,3.0,3,,,,,,,,
,,,,,30310,9.0,9,,,,,,,,
,,,,,30313,3.0,3,,,,,,,,
,,,,,30318,5.0,5,,,,,,,,
,,,,,30321,3.0,3,,,,,,,,
,,,,,30330,9.0,9,,,,,,,,
,,,,,30333,3.0,3,,,,,,,,
,,,,,30339,6.0,6,,,,,,,,
,,,,,30350,11.0,11,,,,,,,,
,,,,,30360,10.0,10,,,,,,,,
,,,,,30369,9.0,9,,,,,,,,
,,,,,30380,11.0,11,,,,,,,,
,,,,,30387,7.0,7,,,,,,,,
,,,,,30390,3.0,3,,,,,,,,
,,,,,30394,4.0,4,,,,,,,,
,,,,,30401,7.0,7,,,,,,,,
,,,,,30404,3.0,3,,,,,,,,
,,,,,30413,9.0,9,,,,,,,,
,,,,,30416,3.0,3,,,,,,,,
,,,,,30424,8.0,8,,,,,,,,
,,,,,30428,4.0,4,,,,,,,,
,,,,,30435,7.0,7,,,,,,,,
,,,,,30438,3.0,3,,,,,,,,
,,,,,30441,3.0,3,,,,,,,,
,,,,,30448,7.0,7,,,,,,,,
,,,,,30452,4.0,4,,,,,,,,
,,,,,30458,6.0,6,,,,,,,,
,,,,,30471,13.0,13,,,,,,,,
,,,,,30474,3.0,3,,,,,,,,
,,,,,30478,4.0,4,,,,,,,,
,,,,,30484,6.0,6,,,,,,,,
,,,,,30492,8.0,8,,,,,,,,
,,,,,30501,9.0,9,,,,,,,,
,,,,,30506,5.0,5,,,,,,,,
,,,,,30516,10.0,10,,,,,,,,
,,,,,30522,6.0,6,,,,,,,,
,,,,,30528,6.0,6,,,,,,,,
,,,,,30536,8.0,8,,,,,,,,
,,,,,30542,6.0,6,,,,,,,,
,,,,,30548,6.0,6,,,,,,,,
,,,,,30556,8.0,8,,,,,,,,
,,,,,30559,3.0,3,,,,,,,,
,,,,,30564,5.0,5,,,,,,,,
,,,,,30569,5.0,5,,,,,,,,
,,,,,30580,11.0,11,,,,,,,,
,,,,,30583,3.0,3,,,,,,,,
,,,,,30592,9.0,9,,,,,,,,
,,,,,30595,3.0,3,,,,,,,,
,,,,,30600,5.0,5,,,,,,,,
,,,,,30603,3.0,3,,,,,,,,
,,,,,30610,7.0,7,,,,,,,,
,,,,,30613,3.0,3,,,,,,,,
,,,,,30628,15.0,15,,,,,,,,
,,,,,30631,3.0,3,,,,,,,,
,,,,,30636,5.0,5,,,,,,,,
,,,,,30642,6.0,6,,,,,,,,
,,,,,30645,3.0,3,,,,,,,,
,,,,,30649,4.0,4,,,,,,,,
,,,,,30661,12.0,12,,,,,,,,
,,,,,30664,3.0,3,,,,,,,,
,,,,,30668,4.0,4,,,,,,,,
,,,,,30676,8.0,8,,,,,,,,
,,,,,30681,5.0,5,,,,,,,,
,,,,,30685,4.0,4,,,,,,,,
,,,,,30688,3.0,3,,,,,,,,
,,,,,30694,6.0,6,,,,,,,,
,,,,,30705,11.0,11,,,,,,,,
,,,,,30711,6.0,6,,,,,,,,
,,,,,30722,11.0,11,,,,,,,,
,,,,,30726,4.0,4,,,,,,,,
,,,,,30735,9.0,9,,,,,,,,
,,,,,30739,4.0,4,,,,,,,,
,,,,,30742,3.0,3,,,,,,,,
,,,,,30747,5.0,5,,,,,,,,
,,,,,30757,10.0,10,,,,,,,,
,,,,,30761,4.0,4,,,,,,,,
,,,,,30767,6.0,6,,,,,,,,
,,,,,30770,3.0,3,,,,,,,,
,,,,,30775,5.0,5,,,,,,,,
,,,,,30779,4.0,4,,,,,,,,
,,,,,30794,15.0,15,,,,,,,,
,,,,,30798,4.0,4,,,,,,,,
,,,,,30805,7.0,7,,,,,,,,
,,,,,30811,6.0,6,,,,,,,,
,,,,,30814,3.0,3,,,,,,,,
,,,,,30830,16.0,16,,,,,,,,
,,,,,30840,10.0,10,,,,,,,,
,,,,,30848,8.0,8,,,,,,,,
,,,,,30853,5.0,5,,,,,,,,
,,,,,30860,7.0,7,,,,,,,,
,,,,,30863,3.0,3,,,,,,,,
,,,,,30867,4.0,4,,,,,,,,
,,,,,30888,21.0,21,,,,,,,,
,,,,,30891,3.0,3,,,,,,,,
,,,,,30898,7.0,7,,,,,,,,
,,,,,30905,7.0,7,,,,,,,,
,,,,,30910,5.0,5,,,,,,,,
,,,,,30913,3.0,3,,,,,,,,
,,,,,30923,10.0,10,,,,,,,,
,,,,,30927,4.0,4,,,,,,,,
,,,,,30934,7.0,7,,,,,,,,
,,,,,30938,4.0,4,,,,,,,,
,,,,,30947,9.0,9,,,,,,,,
,,,,,30958,11.0,11,,,,,,,,
,,,,,30961,3.0,3,,,,,,,,
,,,,,30965,4.0,4,,,,,,,,
,,,,,30974,9.0,9,,,,,,,,
,,,,,30981,7.0,7,,,,,,,,
,,,,,30989,8.0,8,,,,,,,,
,,,,,30992,3.0,3,,,,,,,,
,,,,,30997,5.0,5,,,,,,,,
,,,,,31000,,,-9.017731666564941,90.17731475830078,166.208740234375,31.191734313964844,31.067176818847656,0.0003,0.0003,0.1
,,,,,31003,6.0,6,,,,,,,,
,,,,,31006,3.0,3,,,,,,,,
,,,,,31010,4.0,4,,,,,,,,
,,,,,31014,4.0,4,,,,,,,,
,,,,,31022,8.0,8,,,,,,,,
,,,,,31037,15.0,15,,,,,,,,
,,,,,31040,3.0,3,,,,,,,,
,,,,,31044,4.0,4,,,,,,,,
,,,,,31052,8.0,8,,,,,,,,
,,,,,31059,7.0,7,,,,,,,,
,,,,,31064,5.0,5,,,,,,,,
,,,,,31073,9.0,9,,,,,,,,
,,,,,31076,3.0,3,,,,,,,,
,,,,,31081,5.0,5,,,,,,,,
,,,,,31085,4.0,4,,,,,,,,
,,,,,31090,5.0,5,,,,,,,,
,,,,,31095,5.0,5,,,,,,,,
,,,,,31110,15.0,15,,,,,,,,
,,,,,31116,6.0,6,,,,,,,,
,,,,,31120,4.0,4,,,,,,,,
,,,,,31124,4.0,4,,,,,,,,
,,,,,31129,5.0,5,,,,,,,,
,,,,,31133,4.0,4,,,,,,,,
,,,,,31136,3.0,3,,,,,,,,
,,,,,31143,7.0,7,,,,,,,,
,,,,,31146,3.0,3,,,,,,,,
,,,,,31151,5.0,5,,,,,,,,
,,,,,31158,7.0,7,,,,,,,,
,,,,,31161,3.0,3,,,,,,,,
,,,,,31169,8.0,8,,,,,,,,
,,,,,31173,4.0,4,,,,,,,,
,,,,,31182,9.0,9,,,,,,,,
,,,,,31187,5.0,5,,,,,,,,
,,,,,31192,5.0,5,,,,,,,,
,,,,,31195,3.0,3,,,,,,,,
,,,,,31198,3.0,3,,,,,,,,
,,,,,31202,4.0,4,,,,,,,,
,,,,,31207,5.0,5,,,,,,,,
,,,,,31215,8.0,8,,,,,,,,
,,,,,31221,6.0,6,,,,,,,,
,,,,,31230,9.0,9,,,,,,,,
,,,,,31235,5.0,5,,,,,,,,
,,,,,31242,7.0,7,,,,,,,,
,,,,,31245,3.0,3,,,,,,,,
,,,,,31251,6.0,6,,,,,,,,
,,,,,31261,10.0,10,,,,,,,,
,,,,,31264,3.0,3,,,,,,,,
,,,,,31268,4.0,4,,,,,,,,
,,,,,31271,3.0,3,,,,,,,,
,,,,,31276,5.0,5,,,,,,,,
,,,,,31296,20.0,20,,,,,,,,
,,,,,31299,3.0,3,,,,,,,,
,,,,,31305,6.0,6,,,,,,,,
,,,,,31308,3.0,3,,,,,,,,
,,,,,31312,4.0,4,,,,,,,,
,,,,,31319,7.0,7,,,,,,,,
,,,,,31326,7.0,7,,,,,,,,
,,,,,31335,9.0,9,,,,,,,,
,,,,,31343,8.0,8,,,,,,,,
,,,,,31346,3.0,3,,,,,,,,
,,,,,31350,4.0,4,,,,,,,,
,,,,,31356,6.0,6,,,,,,,,
,,,,,31364,8.0,8,,,,,,,,
,,,,,31372,8.0,8,,,,,,,,
,,,,,31376,4.0,4,,,,,,,,
,,,,,31379,3.0,3,,,,,,,,
,,,,,31383,4.0,4,,,,,,,,
,,,,,31387,4.0,4,,,,,,,,
,,,,,31394,7.0,7,,,,,,,,
,,,,,31402,8.0,8,,,,,,,,
,,,,,31406,4.0,4,,,,,,,,
,,,,,31412,6.0,6,,,,,,,,
,,,,,31415,3.0,3,,,,,,,,
,,,,,31429,14.0,14,,,,,,,,
,,,,,31435,6.0,6,,,,,,,,
,,,,,31440,5.0,5,,,,,,,,
,,,,,31443,3.0,3,,,,,,,,
,,,,,31454,11.0,11,,,,,,,,
,,,,,31457,3.0,3,,,,,,,,
,,,,,31462,5.0,5,,,,,,,,
,,,,,31470,8.0,8,,,,,,,,
,,,,,31475,5.0,5,,,,,,,,
,,,,,31478,3.0,3,,,,,,,,
,,,,,31483,5.0,5,,,,,,,,
,,,,,31490,7.0,7,,,,,,,,
,,,,,31494,4.0,4,,,,,,,,
,,,,,31500,6.0,6,,,,,,,,
,,,,,31503,3.0,3,,,,,,,,
,,,,,31507,4.0,4,,,,,,,,
,,,,,31511,4.0,4,,,,,,,,
,,,,,31518,7.0,7,,,,,,,,
,,,,,31522,4.0,4,,,,,,,,
,,,,,31530,8.0,8,,,,,,,,
,,,,,31534,4.0,4,,,,,,,,
,,,,,31539,5.0,5,,,,,,,,
,,,,,31545,6.0,6,,,,,,,,
,,,,,31549,4.0,4,,,,,,,,
,,,,,31556,7.0,7,,,,,,,,
,,,,,31575,19.0,19,,,,,,,,
,,,,,31581,6.0,6,,,,,,,,
,,,,,31584,3.0,3,,,,,,,,
,,,,,31589,5.0,5,,,,,,,,
,,,,,31594,5.0,5,,,,,,,,
,,,,,31598,4.0,4,,,,,,,,
,,,,,31602,4.0,4,,,,,,,,
,,,,,31611,9.0,9,,,,,,,,
,,,,,31615,4.0,4,,,,,,,,
,,,,,31620,5.0,5,,,,,,,,
,,,,,31628,8.0,8,,,,,,,,
,,,,,31638,10.0,10,,,,,,,,
,,,,,31642,4.0,4,,,,,,,,
,,,,,31648,6.0,6,,,,,,,,
,,,,,31655,7.0,7,,,,,,,,
,,,,,31663,8.0,8,,,,,,,,
,,,,,31669,6.0,6,,,,,,,,
,,,,,31672,3.0,3,,,,,,,,
,,,,,31686,14.0,14,,,,,,,,
,,,,,31691,5.0,5,,,,,,,,
,,,,,31697,6.0,6,,,,,,,,
,,,,,31701,4.0,4,,,,,,,,
,,,,,31704,3.0,3,,,,,,,,
,,,,,31708,4.0,4,,,,,,,,
,,,,,31719,11.0,11,,,,,,,,
,,,,,31726,7.0,7,,,,,,,,
,,,,,31729,3.0,3,,,,,,,,
,,,,,31734,5.0,5,,,,,,,,
,,,,,31738,4.0,4,,,,,,,,
,,,,,31741,3.0,3,,,,,,,,
,,,,,31747,6.0,6,,,,,,,,
,,,,,31752,5.0,5,,,,,,,,
,,,,,31763,11.0,11,,,,,,,,
,,,,,31766,3.0,3,,,,,,,,
,,,,,31769,3.0,3,,,,,,,,
,,,,,31775,6.0,6,,,,,,,,
,,,,,31781,6.0,6,,,,,,,,
,,,,,31786,5.0,5,,,,,,,,
,,,,,31803,17.0,17,,,,,,,,
,,,,,31814,11.0,11,,,,,,,,
,,,,,31817,3.0,3,,,,,,,,
,,,,,31830,13.0,13,,,,,,,,
,,,,,31833,3.0,3,,,,,,,,
,,,,,31842,9.0,9,,,,,,,,
,,,,,31850,8.0,8,,,,,,,,
,,,,,31853,3.0,3,,,,,,,,
,,,,,31860,7.0,7,,,,,,,,
,,,,,31867,7.0,7,,,,,,,,
,,,,,31875,8.0,8,,,,,,,,
,,,,,31880,5.0,5,,,,,,,,
,,,,,31886,6.0,6,,,,,,,,
,,,,,31892,6.0,6,,,,,,,,
,,,,,31896,4.0,4,,,,,,,,
,,,,,31907,11.0,11,,,,,,,,
,,,,,31911,4.0,4,,,,,,,,
,,,,,31914,3.0,3,,,,,,,,
,,,,,31921,7.0,7,,,,,,,,
,,,,,31928,7.0,7,,,,,,,,
,,,,,31941,13.0,13,,,,,,,,
,,,,,31962,21.0,21,,,,,,,,
,,,,,31970,8.0,8,,,,,,,,
,,,,,31974,4.0,4,,,,,,,,
,,,,,31984,10.0,10,,,,,,,,
,,,,,31990,6.0,6,,,,,,,,
,,,,,31999,9.0,9,,,,,,,,
,,,,,32000,,,-8.56615924835205,85.66159057617188,154.87428283691406,32.484474182128906,32.11608123779297,0.0003,0.0003,0.1
,,,,,32002,3.0,3,,,,,,,,
,,,,,32007,5.0,5,,,,,,,,
,,,,,32019,12.0,12,,,,,,,,
,,,,,32027,8.0,8,,,,,,,,
,,,,,32034,7.0,7,,,,,,,,
,,,,,32041,7.0,7,,,,,,,,
,,,,,32044,3.0,3,,,,,,,,
,,,,,32048,4.0,4,,,,,,,,
,,,,,32052,4.0,4,,,,,,,,
,,,,,32055,3.0,3,,,,,,,,
,,,,,32061,6.0,6,,,,,,,,
,,,,,32065,4.0,4,,,,,,,,
,,,,,32069,4.0,4,,,,,,,,
,,,,,32081,12.0,12,,,,,,,,
,,,,,32087,6.0,6,,,,,,,,
,,,,,32092,5.0,5,,,,,,,,
,,,,,32095,3.0,3,,,,,,,,
,,,,,32098,3.0,3,,,,,,,,
,,,,,32112,14.0,14,,,,,,,,
,,,,,32122,10.0,10,,,,,,,,
,,,,,32126,4.0,4,,,,,,,,
,,,,,32139,13.0,13,,,,,,,,
,,,,,32142,3.0,3,,,,,,,,
,,,,,32145,3.0,3,,,,,,,,
,,,,,32151,6.0,6,,,,,,,,
,,,,,32156,5.0,5,,,,,,,,
,,,,,32159,3.0,3,,,,,,,,
,,,,,32164,5.0,5,,,,,,,,
,,,,,32170,6.0,6,,,,,,,,
,,,,,32176,6.0,6,,,,,,,,
,,,,,32179,3.0,3,,,,,,,,
,,,,,32183,4.0,4,,,,,,,,
,,,,,32193,10.0,10,,,,,,,,
,,,,,32196,3.0,3,,,,,,,,
,,,,,32202,6.0,6,,,,,,,,
,,,,,32206,4.0,4,,,,,,,,
,,,,,32209,3.0,3,,,,,,,,
,,,,,32224,15.0,15,,,,,,,,
,,,,,32229,5.0,5,,,,,,,,
,,,,,32246,17.0,17,,,,,,,,
,,,,,32249,3.0,3,,,,,,,,
,,,,,32252,3.0,3,,,,,,,,
,,,,,32256,4.0,4,,,,,,,,
,,,,,32260,4.0,4,,,,,,,,
,,,,,32263,3.0,3,,,,,,,,
,,,,,32277,14.0,14,,,,,,,,
,,,,,32282,5.0,5,,,,,,,,
,,,,,32286,4.0,4,,,,,,,,
,,,,,32291,5.0,5,,,,,,,,
,,,,,32294,3.0,3,,,,,,,,
,,,,,32299,5.0,5,,,,,,,,
,,,,,32303,4.0,4,,,,,,,,
,,,,,32313,10.0,10,,,,,,,,
,,,,,32317,4.0,4,,,,,,,,
,,,,,32323,6.0,6,,,,,,,,
,,,,,32326,3.0,3,,,,,,,,
,,,,,32330,4.0,4,,,,,,,,
,,,,,32340,10.0,10,,,,,,,,
,,,,,32344,4.0,4,,,,,,,,
,,,,,32350,6.0,6,,,,,,,,
,,,,,32354,4.0,4,,,,,,,,
,,,,,32366,12.0,12,,,,,,,,
,,,,,32370,4.0,4,,,,,,,,
,,,,,32374,4.0,4,,,,,,,,
,,,,,32377,3.0,3,,,,,,,,
,,,,,32384,7.0,7,,,,,,,,
,,,,,32387,3.0,3,,,,,,,,
,,,,,32396,9.0,9,,,,,,,,
,,,,,32402,6.0,6,,,,,,,,
,,,,,32406,4.0,4,,,,,,,,
,,,,,32409,3.0,3,,,,,,,,
,,,,,32414,5.0,5,,,,,,,,
,,,,,32421,7.0,7,,,,,,,,
,,,,,32427,6.0,6,,,,,,,,
,,,,,32431,4.0,4,,,,,,,,
,,,,,32435,4.0,4,,,,,,,,
,,,,,32441,6.0,6,,,,,,,,
,,,,,32447,6.0,6,,,,,,,,
,,,,,32460,13.0,13,,,,,,,,
,,,,,32467,7.0,7,,,,,,,,
,,,,,32472,5.0,5,,,,,,,,
,,,,,32492,20.0,20,,,,,,,,
,,,,,32498,6.0,6,,,,,,,,
,,,,,32503,5.0,5,,,,,,,,
,,,,,32507,4.0,4,,,,,,,,
,,,,,32511,4.0,4,,,,,,,,
,,,,,32524,13.0,13,,,,,,,,
,,,,,32530,6.0,6,,,,,,,,
,,,,,32535,5.0,5,,,,,,,,
,,,,,32539,4.0,4,,,,,,,,
,,,,,32544,5.0,5,,,,,,,,
,,,,,32548,4.0,4,,,,,,,,
,,,,,32558,10.0,10,,,,,,,,
,,,,,32561,3.0,3,,,,,,,,
,,,,,32565,4.0,4,,,,,,,,
,,,,,32568,3.0,3,,,,,,,,
,,,,,32577,9.0,9,,,,,,,,
,,,,,32581,4.0,4,,,,,,,,
,,,,,32594,13.0,13,,,,,,,,
,,,,,32616,22.0,22,,,,,,,,
,,,,,32626,10.0,10,,,,,,,,
,,,,,32641,15.0,15,,,,,,,,
,,,,,32645,4.0,4,,,,,,,,
,,,,,32648,3.0,3,,,,,,,,
,,,,,32654,6.0,6,,,,,,,,
,,,,,32661,7.0,7,,,,,,,,
,,,,,32664,3.0,3,,,,,,,,
,,,,,32667,3.0,3,,,,,,,,
,,,,,32671,4.0,4,,,,,,,,
,,,,,32678,7.0,7,,,,,,,,
,,,,,32683,5.0,5,,,,,,,,
,,,,,32686,3.0,3,,,,,,,,
,,,,,32690,4.0,4,,,,,,,,
,,,,,32694,4.0,4,,,,,,,,
,,,,,32698,4.0,4,,,,,,,,
,,,,,32701,3.0,3,,,,,,,,
,,,,,32708,7.0,7,,,,,,,,
,,,,,32712,4.0,4,,,,,,,,
,,,,,32716,4.0,4,,,,,,,,
,,,,,32723,7.0,7,,,,,,,,
,,,,,32731,8.0,8,,,,,,,,
,,,,,32742,11.0,11,,,,,,,,
,,,,,32750,8.0,8,,,,,,,,
,,,,,32757,7.0,7,,,,,,,,
,,,,,32760,3.0,3,,,,,,,,
,,,,,32763,3.0,3,,,,,,,,
,,,,,32766,3.0,3,,,,,,,,
,,,,,32769,3.0,3,,,,,,,,
,,,,,32782,13.0,13,,,,,,,,
,,,,,32786,4.0,4,,,,,,,,
,,,,,32792,6.0,6,,,,,,,,
,,,,,32795,3.0,3,,,,,,,,
,,,,,32799,4.0,4,,,,,,,,
,,,,,32802,3.0,3,,,,,,,,
,,,,,32805,3.0,3,,,,,,,,
,,,,,32811,6.0,6,,,,,,,,
,,,,,32815,4.0,4,,,,,,,,
,,,,,32819,4.0,4,,,,,,,,
,,,,,32822,3.0,3,,,,,,,,
,,,,,32826,4.0,4,,,,,,,,
,,,,,32831,5.0,5,,,,,,,,
,,,,,32839,8.0,8,,,,,,,,
,,,,,32847,8.0,8,,,,,,,,
,,,,,32850,3.0,3,,,,,,,,
,,,,,32853,3.0,3,,,,,,,,
,,,,,32858,5.0,5,,,,,,,,
,,,,,32862,4.0,4,,,,,,,,
,,,,,32865,3.0,3,,,,,,,,
,,,,,32870,5.0,5,,,,,,,,
,,,,,32873,3.0,3,,,,,,,,
,,,,,32878,5.0,5,,,,,,,,
,,,,,32890,12.0,12,,,,,,,,
,,,,,32894,4.0,4,,,,,,,,
,,,,,32920,26.0,26,,,,,,,,
,,,,,32929,9.0,9,,,,,,,,
,,,,,32932,3.0,3,,,,,,,,
,,,,,32935,3.0,3,,,,,,,,
,,,,,32947,12.0,12,,,,,,,,
,,,,,32952,5.0,5,,,,,,,,
,,,,,32957,5.0,5,,,,,,,,
,,,,,32972,15.0,15,,,,,,,,
,,,,,32976,4.0,4,,,,,,,,
,,,,,32983,7.0,7,,,,,,,,
,,,,,32992,9.0,9,,,,,,,,
,,,,,33000,8.0,8,,,,,,,,
,,,,,33000,,,-8.644792556762695,86.44792175292969,141.5644073486328,35.16976547241211,34.517677307128906,0.0003,0.0003,0.1
,,,,,33003,3.0,3,,,,,,,,
,,,,,33007,4.0,4,,,,,,,,
,,,,,33018,11.0,11,,,,,,,,
,,,,,33031,13.0,13,,,,,,,,
,,,,,33036,5.0,5,,,,,,,,
,,,,,33039,3.0,3,,,,,,,,
,,,,,33043,4.0,4,,,,,,,,
,,,,,33046,3.0,3,,,,,,,,
,,,,,33052,6.0,6,,,,,,,,
,,,,,33055,3.0,3,,,,,,,,
,,,,,33065,10.0,10,,,,,,,,
,,,,,33076,11.0,11,,,,,,,,
,,,,,33082,6.0,6,,,,,,,,
,,,,,33090,8.0,8,,,,,,,,
,,,,,33093,3.0,3,,,,,,,,
,,,,,33097,4.0,4,,,,,,,,
,,,,,33101,4.0,4,,,,,,,,
,,,,,33110,9.0,9,,,,,,,,
,,,,,33118,8.0,8,,,,,,,,
,,,,,33121,3.0,3,,,,,,,,
,,,,,33124,3.0,3,,,,,,,,
,,,,,33129,5.0,5,,,,,,,,
,,,,,33132,3.0,3,,,,,,,,
,,,,,33136,4.0,4,,,,,,,,
,,,,,33140,4.0,4,,,,,,,,
,,,,,33143,3.0,3,,,,,,,,
,,,,,33152,9.0,9,,,,,,,,
,,,,,33156,4.0,4,,,,,,,,
,,,,,33160,4.0,4,,,,,,,,
,,,,,33164,4.0,4,,,,,,,,
,,,,,33183,19.0,19,,,,,,,,
,,,,,33189,6.0,6,,,,,,,,
,,,,,33193,4.0,4,,,,,,,,
,,,,,33199,6.0,6,,,,,,,,
,,,,,33205,6.0,6,,,,,,,,
,,,,,33209,4.0,4,,,,,,,,
,,,,,33218,9.0,9,,,,,,,,
,,,,,33226,8.0,8,,,,,,,,
,,,,,33229,3.0,3,,,,,,,,
,,,,,33234,5.0,5,,,,,,,,
,,,,,33250,16.0,16,,,,,,,,
,,,,,33253,3.0,3,,,,,,,,
,,,,,33258,5.0,5,,,,,,,,
,,,,,33261,3.0,3,,,,,,,,
,,,,,33267,6.0,6,,,,,,,,
,,,,,33272,5.0,5,,,,,,,,
,,,,,33282,10.0,10,,,,,,,,
,,,,,33285,3.0,3,,,,,,,,
,,,,,33294,9.0,9,,,,,,,,
,,,,,33298,4.0,4,,,,,,,,
,,,,,33301,3.0,3,,,,,,,,
,,,,,33308,7.0,7,,,,,,,,
,,,,,33315,7.0,7,,,,,,,,
,,,,,33333,18.0,18,,,,,,,,
,,,,,33342,9.0,9,,,,,,,,
,,,,,33345,3.0,3,,,,,,,,
,,,,,33357,12.0,12,,,,,,,,
,,,,,33361,4.0,4,,,,,,,,
,,,,,33366,5.0,5,,,,,,,,
,,,,,33370,4.0,4,,,,,,,,
,,,,,33376,6.0,6,,,,,,,,
,,,,,33382,6.0,6,,,,,,,,
,,,,,33394,12.0,12,,,,,,,,
,,,,,33397,3.0,3,,,,,,,,
,,,,,33403,6.0,6,,,,,,,,
,,,,,33406,3.0,3,,,,,,,,
,,,,,33410,4.0,4,,,,,,,,
,,,,,33414,4.0,4,,,,,,,,
,,,,,33417,3.0,3,,,,,,,,
,,,,,33420,3.0,3,,,,,,,,
,,,,,33425,5.0,5,,,,,,,,
,,,,,33441,16.0,16,,,,,,,,
,,,,,33445,4.0,4,,,,,,,,
,,,,,33448,3.0,3,,,,,,,,
,,,,,33453,5.0,5,,,,,,,,
,,,,,33459,6.0,6,,,,,,,,
,,,,,33469,10.0,10,,,,,,,,
,,,,,33472,3.0,3,,,,,,,,
,,,,,33477,5.0,5,,,,,,,,
,,,,,33480,3.0,3,,,,,,,,
,,,,,33485,5.0,5,,,,,,,,
,,,,,33491,6.0,6,,,,,,,,
,,,,,33496,5.0,5,,,,,,,,
,,,,,33499,3.0,3,,,,,,,,
,,,,,33503,4.0,4,,,,,,,,
,,,,,33507,4.0,4,,,,,,,,
,,,,,33510,3.0,3,,,,,,,,
,,,,,33513,3.0,3,,,,,,,,
,,,,,33517,4.0,4,,,,,,,,
,,,,,33526,9.0,9,,,,,,,,
,,,,,33534,8.0,8,,,,,,,,
,,,,,33549,15.0,15,,,,,,,,
,,,,,33553,4.0,4,,,,,,,,
,,,,,33568,15.0,15,,,,,,,,
,,,,,33575,7.0,7,,,,,,,,
,,,,,33578,3.0,3,,,,,,,,
,,,,,33582,4.0,4,,,,,,,,
,,,,,33585,3.0,3,,,,,,,,
,,,,,33592,7.0,7,,,,,,,,
,,,,,33595,3.0,3,,,,,,,,
,,,,,33607,12.0,12,,,,,,,,
,,,,,33611,4.0,4,,,,,,,,
,,,,,33617,6.0,6,,,,,,,,
,,,,,33627,10.0,10,,,,,,,,
,,,,,33630,3.0,3,,,,,,,,
,,,,,33634,4.0,4,,,,,,,,
,,,,,33639,5.0,5,,,,,,,,
,,,,,33653,14.0,14,,,,,,,,
,,,,,33656,3.0,3,,,,,,,,
,,,,,33669,13.0,13,,,,,,,,
,,,,,33672,3.0,3,,,,,,,,
,,,,,33686,14.0,14,,,,,,,,
,,,,,33689,3.0,3,,,,,,,,
,,,,,33695,6.0,6,,,,,,,,
,,,,,33698,3.0,3,,,,,,,,
,,,,,33703,5.0,5,,,,,,,,
,,,,,33710,7.0,7,,,,,,,,
,,,,,33714,4.0,4,,,,,,,,
,,,,,33723,9.0,9,,,,,,,,
,,,,,33727,4.0,4,,,,,,,,
,,,,,33730,3.0,3,,,,,,,,
,,,,,33734,4.0,4,,,,,,,,
,,,,,33745,11.0,11,,,,,,,,
,,,,,33750,5.0,5,,,,,,,,
,,,,,33758,8.0,8,,,,,,,,
,,,,,33762,4.0,4,,,,,,,,
,,,,,33765,3.0,3,,,,,,,,
,,,,,33769,4.0,4,,,,,,,,
,,,,,33772,3.0,3,,,,,,,,
,,,,,33775,3.0,3,,,,,,,,
,,,,,33778,3.0,3,,,,,,,,
,,,,,33783,5.0,5,,,,,,,,
,,,,,33788,5.0,5,,,,,,,,
,,,,,33796,8.0,8,,,,,,,,
,,,,,33809,13.0,13,,,,,,,,
,,,,,33817,8.0,8,,,,,,,,
,,,,,33821,4.0,4,,,,,,,,
,,,,,33824,3.0,3,,,,,,,,
,,,,,33827,3.0,3,,,,,,,,
,,,,,33831,4.0,4,,,,,,,,
,,,,,33842,11.0,11,,,,,,,,
,,,,,33852,10.0,10,,,,,,,,
,,,,,33855,3.0,3,,,,,,,,
,,,,,33862,7.0,7,,,,,,,,
,,,,,33866,4.0,4,,,,,,,,
,,,,,33869,3.0,3,,,,,,,,
,,,,,33874,5.0,5,,,,,,,,
,,,,,33880,6.0,6,,,,,,,,
,,,,,33891,11.0,11,,,,,,,,
,,,,,33895,4.0,4,,,,,,,,
,,,,,33898,3.0,3,,,,,,,,
,,,,,33901,3.0,3,,,,,,,,
,,,,,33904,3.0,3,,,,,,,,
,,,,,33914,10.0,10,,,,,,,,
,,,,,33921,7.0,7,,,,,,,,
,,,,,33929,8.0,8,,,,,,,,
,,,,,33932,3.0,3,,,,,,,,
,,,,,33935,3.0,3,,,,,,,,
,,,,,33939,4.0,4,,,,,,,,
,,,,,33943,4.0,4,,,,,,,,
,,,,,33949,6.0,6,,,,,,,,
,,,,,33959,10.0,10,,,,,,,,
,,,,,33962,3.0,3,,,,,,,,
,,,,,33968,6.0,6,,,,,,,,
,,,,,33971,3.0,3,,,,,,,,
,,,,,33975,4.0,4,,,,,,,,
,,,,,33978,3.0,3,,,,,,,,
,,,,,33982,4.0,4,,,,,,,,
,,,,,33986,4.0,4,,,,,,,,
,,,,,33989,3.0,3,,,,,,,,
,,,,,33994,5.0,5,,,,,,,,
,,,,,33997,3.0,3,,,,,,,,
,,,,,34000,,,-8.7611083984375,87.611083984375,137.44415283203125,36.19042205810547,37.214813232421875,0.0003,0.0003,0.1
,,,,,34029,32.0,32,,,,,,,,
,,,,,34032,3.0,3,,,,,,,,
,,,,,34042,10.0,10,,,,,,,,
,,,,,34046,4.0,4,,,,,,,,
,,,,,34053,7.0,7,,,,,,,,
,,,,,34057,4.0,4,,,,,,,,
,,,,,34062,5.0,5,,,,,,,,
,,,,,34069,7.0,7,,,,,,,,
,,,,,34073,4.0,4,,,,,,,,
,,,,,34076,3.0,3,,,,,,,,
,,,,,34084,8.0,8,,,,,,,,
,,,,,34091,7.0,7,,,,,,,,
,,,,,34094,3.0,3,,,,,,,,
,,,,,34098,4.0,4,,,,,,,,
,,,,,34102,4.0,4,,,,,,,,
,,,,,34107,5.0,5,,,,,,,,
,,,,,34114,7.0,7,,,,,,,,
,,,,,34118,4.0,4,,,,,,,,
,,,,,34131,13.0,13,,,,,,,,
,,,,,34135,4.0,4,,,,,,,,
,,,,,34154,19.0,19,,,,,,,,
,,,,,34160,6.0,6,,,,,,,,
,,,,,34170,10.0,10,,,,,,,,
,,,,,34178,8.0,8,,,,,,,,
,,,,,34182,4.0,4,,,,,,,,
,,,,,34186,4.0,4,,,,,,,,
,,,,,34196,10.0,10,,,,,,,,
,,,,,34204,8.0,8,,,,,,,,
,,,,,34210,6.0,6,,,,,,,,
,,,,,34214,4.0,4,,,,,,,,
,,,,,34217,3.0,3,,,,,,,,
,,,,,34220,3.0,3,,,,,,,,
,,,,,34224,4.0,4,,,,,,,,
,,,,,34228,4.0,4,,,,,,,,
,,,,,34231,3.0,3,,,,,,,,
,,,,,34234,3.0,3,,,,,,,,
,,,,,34237,3.0,3,,,,,,,,
,,,,,34240,3.0,3,,,,,,,,
,,,,,34245,5.0,5,,,,,,,,
,,,,,34248,3.0,3,,,,,,,,
,,,,,34251,3.0,3,,,,,,,,
,,,,,34259,8.0,8,,,,,,,,
,,,,,34262,3.0,3,,,,,,,,
,,,,,34277,15.0,15,,,,,,,,
,,,,,34280,3.0,3,,,,,,,,
,,,,,34283,3.0,3,,,,,,,,
,,,,,34290,7.0,7,,,,,,,,
,,,,,34297,7.0,7,,,,,,,,
,,,,,34306,9.0,9,,,,,,,,
,,,,,34310,4.0,4,,,,,,,,
,,,,,34318,8.0,8,,,,,,,,
,,,,,34331,13.0,13,,,,,,,,
,,,,,34334,3.0,3,,,,,,,,
,,,,,34338,4.0,4,,,,,,,,
,,,,,34341,3.0,3,,,,,,,,
,,,,,34348,7.0,7,,,,,,,,
,,,,,34353,5.0,5,,,,,,,,
,,,,,34356,3.0,3,,,,,,,,
,,,,,34360,4.0,4,,,,,,,,
,,,,,34371,11.0,11,,,,,,,,
,,,,,34377,6.0,6,,,,,,,,
,,,,,34380,3.0,3,,,,,,,,
,,,,,34383,3.0,3,,,,,,,,
,,,,,34387,4.0,4,,,,,,,,
,,,,,34391,4.0,4,,,,,,,,
,,,,,34406,15.0,15,,,,,,,,
,,,,,34410,4.0,4,,,,,,,,
,,,,,34413,3.0,3,,,,,,,,
,,,,,34416,3.0,3,,,,,,,,
,,,,,34420,4.0,4,,,,,,,,
,,,,,34423,3.0,3,,,,,,,,
,,,,,34427,4.0,4,,,,,,,,
,,,,,34438,11.0,11,,,,,,,,
,,,,,34443,5.0,5,,,,,,,,
,,,,,34447,4.0,4,,,,,,,,
,,,,,34452,5.0,5,,,,,,,,
,,,,,34456,4.0,4,,,,,,,,
,,,,,34462,6.0,6,,,,,,,,
,,,,,34478,16.0,16,,,,,,,,
,,,,,34484,6.0,6,,,,,,,,
,,,,,34490,6.0,6,,,,,,,,
,,,,,34494,4.0,4,,,,,,,,
,,,,,34498,4.0,4,,,,,,,,
,,,,,34512,14.0,14,,,,,,,,
,,,,,34516,4.0,4,,,,,,,,
,,,,,34519,3.0,3,,,,,,,,
,,,,,34522,3.0,3,,,,,,,,
,,,,,34525,3.0,3,,,,,,,,
,,,,,34539,14.0,14,,,,,,,,
,,,,,34545,6.0,6,,,,,,,,
,,,,,34558,13.0,13,,,,,,,,
,,,,,34569,11.0,11,,,,,,,,
,,,,,34575,6.0,6,,,,,,,,
,,,,,34582,7.0,7,,,,,,,,
,,,,,34591,9.0,9,,,,,,,,
,,,,,34596,5.0,5,,,,,,,,
,,,,,34603,7.0,7,,,,,,,,
,,,,,34611,8.0,8,,,,,,,,
,,,,,34619,8.0,8,,,,,,,,
,,,,,34625,6.0,6,,,,,,,,
,,,,,34629,4.0,4,,,,,,,,
,,,,,34638,9.0,9,,,,,,,,
,,,,,34641,3.0,3,,,,,,,,
,,,,,34648,7.0,7,,,,,,,,
,,,,,34657,9.0,9,,,,,,,,
,,,,,34668,11.0,11,,,,,,,,
,,,,,34678,10.0,10,,,,,,,,
,,,,,34686,8.0,8,,,,,,,,
,,,,,34690,4.0,4,,,,,,,,
,,,,,34694,4.0,4,,,,,,,,
,,,,,34699,5.0,5,,,,,,,,
,,,,,34709,10.0,10,,,,,,,,
,,,,,34712,3.0,3,,,,,,,,
,,,,,34716,4.0,4,,,,,,,,
,,,,,34719,3.0,3,,,,,,,,
,,,,,34724,5.0,5,,,,,,,,
,,,,,34732,8.0,8,,,,,,,,
,,,,,34736,4.0,4,,,,,,,,
,,,,,34748,12.0,12,,,,,,,,
,,,,,34752,4.0,4,,,,,,,,
,,,,,34760,8.0,8,,,,,,,,
,,,,,34768,8.0,8,,,,,,,,
,,,,,34772,4.0,4,,,,,,,,
,,,,,34775,3.0,3,,,,,,,,
,,,,,34786,11.0,11,,,,,,,,
,,,,,34802,16.0,16,,,,,,,,
,,,,,34805,3.0,3,,,,,,,,
,,,,,34810,5.0,5,,,,,,,,
,,,,,34817,7.0,7,,,,,,,,
,,,,,34821,4.0,4,,,,,,,,
,,,,,34824,3.0,3,,,,,,,,
,,,,,34831,7.0,7,,,,,,,,
,,,,,34836,5.0,5,,,,,,,,
,,,,,34852,16.0,16,,,,,,,,
,,,,,34856,4.0,4,,,,,,,,
,,,,,34860,4.0,4,,,,,,,,
,,,,,34863,3.0,3,,,,,,,,
,,,,,34866,3.0,3,,,,,,,,
,,,,,34873,7.0,7,,,,,,,,
,,,,,34883,10.0,10,,,,,,,,
,,,,,34893,10.0,10,,,,,,,,
,,,,,34897,4.0,4,,,,,,,,
,,,,,34901,4.0,4,,,,,,,,
,,,,,34904,3.0,3,,,,,,,,
,,,,,34915,11.0,11,,,,,,,,
,,,,,34923,8.0,8,,,,,,,,
,,,,,34935,12.0,12,,,,,,,,
,,,,,34938,3.0,3,,,,,,,,
,,,,,34945,7.0,7,,,,,,,,
,,,,,34950,5.0,5,,,,,,,,
,,,,,34954,4.0,4,,,,,,,,
,,,,,34968,14.0,14,,,,,,,,
,,,,,34980,12.0,12,,,,,,,,
,,,,,34984,4.0,4,,,,,,,,
,,,,,34992,8.0,8,,,,,,,,
4.8,2.039608,8.0,3.0,4.8,35000,,,-8.809013366699219,88.09013366699219,140.19366455078125,34.22578430175781,33.54412841796875,0.0003,0.0003,0.1
,,,,,35003,11.0,11,,,,,,,,
,,,,,35008,5.0,5,,,,,,,,
,,,,,35013,5.0,5,,,,,,,,
,,,,,35021,8.0,8,,,,,,,,
,,,,,35032,11.0,11,,,,,,,,
,,,,,35037,5.0,5,,,,,,,,
,,,,,35044,7.0,7,,,,,,,,
,,,,,35047,3.0,3,,,,,,,,
,,,,,35050,3.0,3,,,,,,,,
,,,,,35057,7.0,7,,,,,,,,
,,,,,35061,4.0,4,,,,,,,,
,,,,,35065,4.0,4,,,,,,,,
,,,,,35068,3.0,3,,,,,,,,
,,,,,35084,16.0,16,,,,,,,,
,,,,,35089,5.0,5,,,,,,,,
,,,,,35093,4.0,4,,,,,,,,
,,,,,35096,3.0,3,,,,,,,,
,,,,,35099,3.0,3,,,,,,,,
,,,,,35102,3.0,3,,,,,,,,
,,,,,35112,10.0,10,,,,,,,,
,,,,,35115,3.0,3,,,,,,,,
,,,,,35120,5.0,5,,,,,,,,
,,,,,35123,3.0,3,,,,,,,,
,,,,,35128,5.0,5,,,,,,,,
,,,,,35136,8.0,8,,,,,,,,
,,,,,35140,4.0,4,,,,,,,,
,,,,,35147,7.0,7,,,,,,,,
,,,,,35151,4.0,4,,,,,,,,
,,,,,35156,5.0,5,,,,,,,,
,,,,,35160,4.0,4,,,,,,,,
,,,,,35172,12.0,12,,,,,,,,
,,,,,35176,4.0,4,,,,,,,,
,,,,,35181,5.0,5,,,,,,,,
,,,,,35185,4.0,4,,,,,,,,
,,,,,35192,7.0,7,,,,,,,,
,,,,,35196,4.0,4,,,,,,,,
,,,,,35202,6.0,6,,,,,,,,
,,,,,35206,4.0,4,,,,,,,,
,,,,,35211,5.0,5,,,,,,,,
,,,,,35215,4.0,4,,,,,,,,
,,,,,35224,9.0,9,,,,,,,,
,,,,,35233,9.0,9,,,,,,,,
,,,,,35238,5.0,5,,,,,,,,
,,,,,35249,11.0,11,,,,,,,,
,,,,,35253,4.0,4,,,,,,,,
,,,,,35258,5.0,5,,,,,,,,
,,,,,35263,5.0,5,,,,,,,,
,,,,,35269,6.0,6,,,,,,,,
,,,,,35278,9.0,9,,,,,,,,
,,,,,35282,4.0,4,,,,,,,,
,,,,,35285,3.0,3,,,,,,,,
,,,,,35292,7.0,7,,,,,,,,
,,,,,35301,9.0,9,,,,,,,,
,,,,,35315,14.0,14,,,,,,,,
,,,,,35319,4.0,4,,,,,,,,
,,,,,35324,5.0,5,,,,,,,,
,,,,,35334,10.0,10,,,,,,,,
,,,,,35339,5.0,5,,,,,,,,
,,,,,35344,5.0,5,,,,,,,,
,,,,,35350,6.0,6,,,,,,,,
,,,,,35354,4.0,4,,,,,,,,
,,,,,35358,4.0,4,,,,,,,,
,,,,,35363,5.0,5,,,,,,,,
,,,,,35372,9.0,9,,,,,,,,
,,,,,35376,4.0,4,,,,,,,,
,,,,,35382,6.0,6,,,,,,,,
,,,,,35386,4.0,4,,,,,,,,
,,,,,35397,11.0,11,,,,,,,,
,,,,,35404,7.0,7,,,,,,,,
,,,,,35409,5.0,5,,,,,,,,
,,,,,35412,3.0,3,,,,,,,,
,,,,,35416,4.0,4,,,,,,,,
,,,,,35420,4.0,4,,,,,,,,
,,,,,35425,5.0,5,,,,,,,,
,,,,,35435,10.0,10,,,,,,,,
,,,,,35438,3.0,3,,,,,,,,
,,,,,35441,3.0,3,,,,,,,,
,,,,,35452,11.0,11,,,,,,,,
,,,,,35458,6.0,6,,,,,,,,
,,,,,35462,4.0,4,,,,,,,,
,,,,,35466,4.0,4,,,,,,,,
,,,,,35472,6.0,6,,,,,,,,
,,,,,35480,8.0,8,,,,,,,,
,,,,,35484,4.0,4,,,,,,,,
,,,,,35495,11.0,11,,,,,,,,
,,,,,35500,5.0,5,,,,,,,,
,,,,,35507,7.0,7,,,,,,,,
,,,,,35511,4.0,4,,,,,,,,
,,,,,35516,5.0,5,,,,,,,,
,,,,,35521,5.0,5,,,,,,,,
,,,,,35538,17.0,17,,,,,,,,
,,,,,35544,6.0,6,,,,,,,,
,,,,,35549,5.0,5,,,,,,,,
,,,,,35554,5.0,5,,,,,,,,
,,,,,35557,3.0,3,,,,,,,,
,,,,,35561,4.0,4,,,,,,,,
,,,,,35574,13.0,13,,,,,,,,
,,,,,35577,3.0,3,,,,,,,,
,,,,,35584,7.0,7,,,,,,,,
,,,,,35589,5.0,5,,,,,,,,
,,,,,35592,3.0,3,,,,,,,,
,,,,,35596,4.0,4,,,,,,,,
,,,,,35600,4.0,4,,,,,,,,
,,,,,35607,7.0,7,,,,,,,,
,,,,,35616,9.0,9,,,,,,,,
,,,,,35620,4.0,4,,,,,,,,
,,,,,35628,8.0,8,,,,,,,,
,,,,,35633,5.0,5,,,,,,,,
,,,,,35637,4.0,4,,,,,,,,
,,,,,35642,5.0,5,,,,,,,,
,,,,,35645,3.0,3,,,,,,,,
,,,,,35649,4.0,4,,,,,,,,
,,,,,35653,4.0,4,,,,,,,,
,,,,,35659,6.0,6,,,,,,,,
,,,,,35665,6.0,6,,,,,,,,
,,,,,35670,5.0,5,,,,,,,,
,,,,,35683,13.0,13,,,,,,,,
,,,,,35688,5.0,5,,,,,,,,
,,,,,35697,9.0,9,,,,,,,,
,,,,,35701,4.0,4,,,,,,,,
,,,,,35705,4.0,4,,,,,,,,
,,,,,35709,4.0,4,,,,,,,,
,,,,,35715,6.0,6,,,,,,,,
,,,,,35718,3.0,3,,,,,,,,
,,,,,35723,5.0,5,,,,,,,,
,,,,,35734,11.0,11,,,,,,,,
,,,,,35740,6.0,6,,,,,,,,
,,,,,35748,8.0,8,,,,,,,,
,,,,,35752,4.0,4,,,,,,,,
,,,,,35757,5.0,5,,,,,,,,
,,,,,35761,4.0,4,,,,,,,,
,,,,,35766,5.0,5,,,,,,,,
,,,,,35770,4.0,4,,,,,,,,
,,,,,35780,10.0,10,,,,,,,,
,,,,,35786,6.0,6,,,,,,,,
,,,,,35790,4.0,4,,,,,,,,
,,,,,35797,7.0,7,,,,,,,,
,,,,,35806,9.0,9,,,,,,,,
,,,,,35809,3.0,3,,,,,,,,
,,,,,35812,3.0,3,,,,,,,,
,,,,,35818,6.0,6,,,,,,,,
,,,,,35826,8.0,8,,,,,,,,
,,,,,35833,7.0,7,,,,,,,,
,,,,,35856,23.0,23,,,,,,,,
,,,,,35868,12.0,12,,,,,,,,
,,,,,35873,5.0,5,,,,,,,,
,,,,,35878,5.0,5,,,,,,,,
,,,,,35884,6.0,6,,,,,,,,
,,,,,35890,6.0,6,,,,,,,,
,,,,,35899,9.0,9,,,,,,,,
,,,,,35902,3.0,3,,,,,,,,
,,,,,35908,6.0,6,,,,,,,,
,,,,,35913,5.0,5,,,,,,,,
,,,,,35918,5.0,5,,,,,,,,
,,,,,35921,3.0,3,,,,,,,,
,,,,,35924,3.0,3,,,,,,,,
,,,,,35934,10.0,10,,,,,,,,
,,,,,35939,5.0,5,,,,,,,,
,,,,,35946,7.0,7,,,,,,,,
,,,,,35965,19.0,19,,,,,,,,
,,,,,35970,5.0,5,,,,,,,,
,,,,,35973,3.0,3,,,,,,,,
,,,,,35977,4.0,4,,,,,,,,
,,,,,35981,4.0,4,,,,,,,,
,,,,,35985,4.0,4,,,,,,,,
,,,,,35991,6.0,6,,,,,,,,
,,,,,36000,,,-8.514338493347168,85.14338684082031,134.671875,29.944171905517578,31.08363914489746,0.0003,0.0003,0.1
,,,,,36001,10.0,10,,,,,,,,
,,,,,36004,3.0,3,,,,,,,,
,,,,,36009,5.0,5,,,,,,,,
,,,,,36012,3.0,3,,,,,,,,
,,,,,36021,9.0,9,,,,,,,,
,,,,,36025,4.0,4,,,,,,,,
,,,,,36029,4.0,4,,,,,,,,
,,,,,36035,6.0,6,,,,,,,,
,,,,,36040,5.0,5,,,,,,,,
,,,,,36045,5.0,5,,,,,,,,
,,,,,36054,9.0,9,,,,,,,,
,,,,,36061,7.0,7,,,,,,,,
,,,,,36064,3.0,3,,,,,,,,
,,,,,36069,5.0,5,,,,,,,,
,,,,,36073,4.0,4,,,,,,,,
,,,,,36076,3.0,3,,,,,,,,
,,,,,36081,5.0,5,,,,,,,,
,,,,,36090,9.0,9,,,,,,,,
,,,,,36096,6.0,6,,,,,,,,
,,,,,36099,3.0,3,,,,,,,,
,,,,,36103,4.0,4,,,,,,,,
,,,,,36106,3.0,3,,,,,,,,
,,,,,36114,8.0,8,,,,,,,,
,,,,,36128,14.0,14,,,,,,,,
,,,,,36137,9.0,9,,,,,,,,
,,,,,36145,8.0,8,,,,,,,,
,,,,,36153,8.0,8,,,,,,,,
,,,,,36159,6.0,6,,,,,,,,
,,,,,36163,4.0,4,,,,,,,,
,,,,,36169,6.0,6,,,,,,,,
,,,,,36175,6.0,6,,,,,,,,
,,,,,36181,6.0,6,,,,,,,,
,,,,,36187,6.0,6,,,,,,,,
,,,,,36198,11.0,11,,,,,,,,
,,,,,36203,5.0,5,,,,,,,,
,,,,,36209,6.0,6,,,,,,,,
,,,,,36217,8.0,8,,,,,,,,
,,,,,36222,5.0,5,,,,,,,,
,,,,,36226,4.0,4,,,,,,,,
,,,,,36230,4.0,4,,,,,,,,
,,,,,36238,8.0,8,,,,,,,,
,,,,,36249,11.0,11,,,,,,,,
,,,,,36252,3.0,3,,,,,,,,
,,,,,36260,8.0,8,,,,,,,,
,,,,,36269,9.0,9,,,,,,,,
,,,,,36278,9.0,9,,,,,,,,
,,,,,36281,3.0,3,,,,,,,,
,,,,,36291,10.0,10,,,,,,,,
,,,,,36295,4.0,4,,,,,,,,
,,,,,36298,3.0,3,,,,,,,,
,,,,,36302,4.0,4,,,,,,,,
,,,,,36306,4.0,4,,,,,,,,
,,,,,36309,3.0,3,,,,,,,,
,,,,,36313,4.0,4,,,,,,,,
,,,,,36318,5.0,5,,,,,,,,
,,,,,36330,12.0,12,,,,,,,,
,,,,,36340,10.0,10,,,,,,,,
,,,,,36344,4.0,4,,,,,,,,
,,,,,36349,5.0,5,,,,,,,,
,,,,,36364,15.0,15,,,,,,,,
,,,,,36372,8.0,8,,,,,,,,
,,,,,36385,13.0,13,,,,,,,,
,,,,,36388,3.0,3,,,,,,,,
,,,,,36396,8.0,8,,,,,,,,
,,,,,36401,5.0,5,,,,,,,,
,,,,,36409,8.0,8,,,,,,,,
,,,,,36421,12.0,12,,,,,,,,
,,,,,36425,4.0,4,,,,,,,,
,,,,,36435,10.0,10,,,,,,,,
,,,,,36438,3.0,3,,,,,,,,
,,,,,36446,8.0,8,,,,,,,,
,,,,,36450,4.0,4,,,,,,,,
,,,,,36458,8.0,8,,,,,,,,
,,,,,36461,3.0,3,,,,,,,,
,,,,,36470,9.0,9,,,,,,,,
,,,,,36473,3.0,3,,,,,,,,
,,,,,36476,3.0,3,,,,,,,,
,,,,,36479,3.0,3,,,,,,,,
,,,,,36482,3.0,3,,,,,,,,
,,,,,36485,3.0,3,,,,,,,,
,,,,,36494,9.0,9,,,,,,,,
,,,,,36505,11.0,11,,,,,,,,
,,,,,36508,3.0,3,,,,,,,,
,,,,,36513,5.0,5,,,,,,,,
,,,,,36521,8.0,8,,,,,,,,
,,,,,36529,8.0,8,,,,,,,,
,,,,,36533,4.0,4,,,,,,,,
,,,,,36536,3.0,3,,,,,,,,
,,,,,36540,4.0,4,,,,,,,,
,,,,,36545,5.0,5,,,,,,,,
,,,,,36551,6.0,6,,,,,,,,
,,,,,36556,5.0,5,,,,,,,,
,,,,,36559,3.0,3,,,,,,,,
,,,,,36563,4.0,4,,,,,,,,
,,,,,36570,7.0,7,,,,,,,,
,,,,,36587,17.0,17,,,,,,,,
,,,,,36593,6.0,6,,,,,,,,
,,,,,36598,5.0,5,,,,,,,,
,,,,,36604,6.0,6,,,,,,,,
,,,,,36607,3.0,3,,,,,,,,
,,,,,36610,3.0,3,,,,,,,,
,,,,,36618,8.0,8,,,,,,,,
,,,,,36622,4.0,4,,,,,,,,
,,,,,36626,4.0,4,,,,,,,,
,,,,,36633,7.0,7,,,,,,,,
,,,,,36636,3.0,3,,,,,,,,
,,,,,36650,14.0,14,,,,,,,,
,,,,,36659,9.0,9,,,,,,,,
,,,,,36665,6.0,6,,,,,,,,
,,,,,36669,4.0,4,,,,,,,,
,,,,,36672,3.0,3,,,,,,,,
,,,,,36681,9.0,9,,,,,,,,
,,,,,36688,7.0,7,,,,,,,,
,,,,,36691,3.0,3,,,,,,,,
,,,,,36696,5.0,5,,,,,,,,
,,,,,36699,3.0,3,,,,,,,,
,,,,,36706,7.0,7,,,,,,,,
,,,,,36722,16.0,16,,,,,,,,
,,,,,36735,13.0,13,,,,,,,,
,,,,,36738,3.0,3,,,,,,,,
,,,,,36746,8.0,8,,,,,,,,
,,,,,36749,3.0,3,,,,,,,,
,,,,,36753,4.0,4,,,,,,,,
,,,,,36758,5.0,5,,,,,,,,
,,,,,36763,5.0,5,,,,,,,,
,,,,,36772,9.0,9,,,,,,,,
,,,,,36781,9.0,9,,,,,,,,
,,,,,36785,4.0,4,,,,,,,,
,,,,,36788,3.0,3,,,,,,,,
,,,,,36792,4.0,4,,,,,,,,
,,,,,36796,4.0,4,,,,,,,,
,,,,,36806,10.0,10,,,,,,,,
,,,,,36812,6.0,6,,,,,,,,
,,,,,36819,7.0,7,,,,,,,,
,,,,,36822,3.0,3,,,,,,,,
,,,,,36826,4.0,4,,,,,,,,
,,,,,36829,3.0,3,,,,,,,,
,,,,,36839,10.0,10,,,,,,,,
,,,,,36843,4.0,4,,,,,,,,
,,,,,36858,15.0,15,,,,,,,,
,,,,,36862,4.0,4,,,,,,,,
,,,,,36866,4.0,4,,,,,,,,
,,,,,36871,5.0,5,,,,,,,,
,,,,,36884,13.0,13,,,,,,,,
,,,,,36888,4.0,4,,,,,,,,
,,,,,36891,3.0,3,,,,,,,,
,,,,,36895,4.0,4,,,,,,,,
,,,,,36902,7.0,7,,,,,,,,
,,,,,36913,11.0,11,,,,,,,,
,,,,,36919,6.0,6,,,,,,,,
,,,,,36936,17.0,17,,,,,,,,
,,,,,36948,12.0,12,,,,,,,,
,,,,,36952,4.0,4,,,,,,,,
,,,,,36955,3.0,3,,,,,,,,
,,,,,36964,9.0,9,,,,,,,,
,,,,,36967,3.0,3,,,,,,,,
,,,,,36971,4.0,4,,,,,,,,
,,,,,36983,12.0,12,,,,,,,,
,,,,,36995,12.0,12,,,,,,,,
,,,,,36999,4.0,4,,,,,,,,
,,,,,37000,,,-8.82465648651123,88.24656677246094,163.0543212890625,33.031097412109375,33.58192443847656,0.0003,0.0003,0.1
,,,,,37002,3.0,3,,,,,,,,
,,,,,37008,6.0,6,,,,,,,,
,,,,,37011,3.0,3,,,,,,,,
,,,,,37015,4.0,4,,,,,,,,
,,,,,37018,3.0,3,,,,,,,,
,,,,,37023,5.0,5,,,,,,,,
,,,,,37029,6.0,6,,,,,,,,
,,,,,37035,6.0,6,,,,,,,,
,,,,,37048,13.0,13,,,,,,,,
,,,,,37052,4.0,4,,,,,,,,
,,,,,37065,13.0,13,,,,,,,,
,,,,,37070,5.0,5,,,,,,,,
,,,,,37073,3.0,3,,,,,,,,
,,,,,37088,15.0,15,,,,,,,,
,,,,,37092,4.0,4,,,,,,,,
,,,,,37095,3.0,3,,,,,,,,
,,,,,37099,4.0,4,,,,,,,,
,,,,,37109,10.0,10,,,,,,,,
,,,,,37118,9.0,9,,,,,,,,
,,,,,37121,3.0,3,,,,,,,,
,,,,,37125,4.0,4,,,,,,,,
,,,,,37131,6.0,6,,,,,,,,
,,,,,37134,3.0,3,,,,,,,,
,,,,,37137,3.0,3,,,,,,,,
,,,,,37143,6.0,6,,,,,,,,
,,,,,37147,4.0,4,,,,,,,,
,,,,,37150,3.0,3,,,,,,,,
,,,,,37155,5.0,5,,,,,,,,
,,,,,37159,4.0,4,,,,,,,,
,,,,,37162,3.0,3,,,,,,,,
,,,,,37165,3.0,3,,,,,,,,
,,,,,37172,7.0,7,,,,,,,,
,,,,,37178,6.0,6,,,,,,,,
,,,,,37182,4.0,4,,,,,,,,
,,,,,37189,7.0,7,,,,,,,,
,,,,,37205,16.0,16,,,,,,,,
,,,,,37213,8.0,8,,,,,,,,
,,,,,37217,4.0,4,,,,,,,,
,,,,,37221,4.0,4,,,,,,,,
,,,,,37224,3.0,3,,,,,,,,
,,,,,37227,3.0,3,,,,,,,,
,,,,,37235,8.0,8,,,,,,,,
,,,,,37242,7.0,7,,,,,,,,
,,,,,37249,7.0,7,,,,,,,,
,,,,,37252,3.0,3,,,,,,,,
,,,,,37255,3.0,3,,,,,,,,
,,,,,37266,11.0,11,,,,,,,,
,,,,,37271,5.0,5,,,,,,,,
,,,,,37281,10.0,10,,,,,,,,
,,,,,37284,3.0,3,,,,,,,,
,,,,,37289,5.0,5,,,,,,,,
,,,,,37293,4.0,4,,,,,,,,
,,,,,37298,5.0,5,,,,,,,,
,,,,,37303,5.0,5,,,,,,,,
,,,,,37309,6.0,6,,,,,,,,
,,,,,37312,3.0,3,,,,,,,,
,,,,,37319,7.0,7,,,,,,,,
,,,,,37324,5.0,5,,,,,,,,
,,,,,37333,9.0,9,,,,,,,,
,,,,,37339,6.0,6,,,,,,,,
,,,,,37342,3.0,3,,,,,,,,
,,,,,37346,4.0,4,,,,,,,,
,,,,,37352,6.0,6,,,,,,,,
,,,,,37355,3.0,3,,,,,,,,
,,,,,37358,3.0,3,,,,,,,,
,,,,,37363,5.0,5,,,,,,,,
,,,,,37368,5.0,5,,,,,,,,
,,,,,37375,7.0,7,,,,,,,,
,,,,,37381,6.0,6,,,,,,,,
,,,,,37385,4.0,4,,,,,,,,
,,,,,37392,7.0,7,,,,,,,,
,,,,,37396,4.0,4,,,,,,,,
,,,,,37404,8.0,8,,,,,,,,
,,,,,37408,4.0,4,,,,,,,,
,,,,,37413,5.0,5,,,,,,,,
,,,,,37416,3.0,3,,,,,,,,
,,,,,37420,4.0,4,,,,,,,,
,,,,,37427,7.0,7,,,,,,,,
,,,,,37439,12.0,12,,,,,,,,
,,,,,37443,4.0,4,,,,,,,,
,,,,,37448,5.0,5,,,,,,,,
,,,,,37452,4.0,4,,,,,,,,
,,,,,37456,4.0,4,,,,,,,,
,,,,,37462,6.0,6,,,,,,,,
,,,,,37467,5.0,5,,,,,,,,
,,,,,37471,4.0,4,,,,,,,,
,,,,,37474,3.0,3,,,,,,,,
,,,,,37477,3.0,3,,,,,,,,
,,,,,37482,5.0,5,,,,,,,,
,,,,,37486,4.0,4,,,,,,,,
,,,,,37489,3.0,3,,,,,,,,
,,,,,37492,3.0,3,,,,,,,,
,,,,,37499,7.0,7,,,,,,,,
,,,,,37502,3.0,3,,,,,,,,
,,,,,37512,10.0,10,,,,,,,,
,,,,,37515,3.0,3,,,,,,,,
,,,,,37526,11.0,11,,,,,,,,
,,,,,37535,9.0,9,,,,,,,,
,,,,,37541,6.0,6,,,,,,,,
,,,,,37546,5.0,5,,,,,,,,
,,,,,37550,4.0,4,,,,,,,,
,,,,,37553,3.0,3,,,,,,,,
,,,,,37557,4.0,4,,,,,,,,
,,,,,37563,6.0,6,,,,,,,,
,,,,,37568,5.0,5,,,,,,,,
,,,,,37572,4.0,4,,,,,,,,
,,,,,37577,5.0,5,,,,,,,,
,,,,,37580,3.0,3,,,,,,,,
,,,,,37589,9.0,9,,,,,,,,
,,,,,37595,6.0,6,,,,,,,,
,,,,,37598,3.0,3,,,,,,,,
,,,,,37609,11.0,11,,,,,,,,
,,,,,37613,4.0,4,,,,,,,,
,,,,,37618,5.0,5,,,,,,,,
,,,,,37621,3.0,3,,,,,,,,
,,,,,37642,21.0,21,,,,,,,,
,,,,,37649,7.0,7,,,,,,,,
,,,,,37660,11.0,11,,,,,,,,
,,,,,37671,11.0,11,,,,,,,,
,,,,,37674,3.0,3,,,,,,,,
,,,,,37678,4.0,4,,,,,,,,
,,,,,37694,16.0,16,,,,,,,,
,,,,,37701,7.0,7,,,,,,,,
,,,,,37711,10.0,10,,,,,,,,
,,,,,37724,13.0,13,,,,,,,,
,,,,,37727,3.0,3,,,,,,,,
,,,,,37733,6.0,6,,,,,,,,
,,,,,37742,9.0,9,,,,,,,,
,,,,,37745,3.0,3,,,,,,,,
,,,,,37752,7.0,7,,,,,,,,
,,,,,37756,4.0,4,,,,,,,,
,,,,,37760,4.0,4,,,,,,,,
,,,,,37764,4.0,4,,,,,,,,
,,,,,37768,4.0,4,,,,,,,,
,,,,,37772,4.0,4,,,,,,,,
,,,,,37777,5.0,5,,,,,,,,
,,,,,37790,13.0,13,,,,,,,,
,,,,,37793,3.0,3,,,,,,,,
,,,,,37799,6.0,6,,,,,,,,
,,,,,37804,5.0,5,,,,,,,,
,,,,,37807,3.0,3,,,,,,,,
,,,,,37810,3.0,3,,,,,,,,
,,,,,37819,9.0,9,,,,,,,,
,,,,,37825,6.0,6,,,,,,,,
,,,,,37834,9.0,9,,,,,,,,
,,,,,37837,3.0,3,,,,,,,,
,,,,,37844,7.0,7,,,,,,,,
,,,,,37848,4.0,4,,,,,,,,
,,,,,37854,6.0,6,,,,,,,,
,,,,,37866,12.0,12,,,,,,,,
,,,,,37875,9.0,9,,,,,,,,
,,,,,37884,9.0,9,,,,,,,,
,,,,,37889,5.0,5,,,,,,,,
,,,,,37892,3.0,3,,,,,,,,
,,,,,37895,3.0,3,,,,,,,,
,,,,,37904,9.0,9,,,,,,,,
,,,,,37908,4.0,4,,,,,,,,
,,,,,37911,3.0,3,,,,,,,,
,,,,,37921,10.0,10,,,,,,,,
,,,,,37928,7.0,7,,,,,,,,
,,,,,37936,8.0,8,,,,,,,,
,,,,,37945,9.0,9,,,,,,,,
,,,,,37954,9.0,9,,,,,,,,
,,,,,37966,12.0,12,,,,,,,,
,,,,,37972,6.0,6,,,,,,,,
,,,,,37975,3.0,3,,,,,,,,
,,,,,37978,3.0,3,,,,,,,,
,,,,,37981,3.0,3,,,,,,,,
,,,,,37985,4.0,4,,,,,,,,
,,,,,37995,10.0,10,,,,,,,,
,,,,,38000,5.0,5,,,,,,,,
,,,,,38000,,,-8.72461986541748,87.24620056152344,158.48162841796875,32.64634323120117,32.363067626953125,0.0003,0.0003,0.1
,,,,,38005,5.0,5,,,,,,,,
,,,,,38016,11.0,11,,,,,,,,
,,,,,38025,9.0,9,,,,,,,,
,,,,,38030,5.0,5,,,,,,,,
,,,,,38034,4.0,4,,,,,,,,
,,,,,38037,3.0,3,,,,,,,,
,,,,,38042,5.0,5,,,,,,,,
,,,,,38048,6.0,6,,,,,,,,
,,,,,38053,5.0,5,,,,,,,,
,,,,,38057,4.0,4,,,,,,,,
,,,,,38064,7.0,7,,,,,,,,
,,,,,38070,6.0,6,,,,,,,,
,,,,,38081,11.0,11,,,,,,,,
,,,,,38091,10.0,10,,,,,,,,
,,,,,38098,7.0,7,,,,,,,,
,,,,,38101,3.0,3,,,,,,,,
,,,,,38109,8.0,8,,,,,,,,
,,,,,38114,5.0,5,,,,,,,,
,,,,,38123,9.0,9,,,,,,,,
,,,,,38127,4.0,4,,,,,,,,
,,,,,38135,8.0,8,,,,,,,,
,,,,,38139,4.0,4,,,,,,,,
,,,,,38147,8.0,8,,,,,,,,
,,,,,38159,12.0,12,,,,,,,,
,,,,,38164,5.0,5,,,,,,,,
,,,,,38167,3.0,3,,,,,,,,
,,,,,38177,10.0,10,,,,,,,,
,,,,,38180,3.0,3,,,,,,,,
,,,,,38186,6.0,6,,,,,,,,
,,,,,38193,7.0,7,,,,,,,,
,,,,,38197,4.0,4,,,,,,,,
,,,,,38200,3.0,3,,,,,,,,
,,,,,38203,3.0,3,,,,,,,,
,,,,,38206,3.0,3,,,,,,,,
,,,,,38209,3.0,3,,,,,,,,
,,,,,38212,3.0,3,,,,,,,,
,,,,,38215,3.0,3,,,,,,,,
,,,,,38219,4.0,4,,,,,,,,
,,,,,38224,5.0,5,,,,,,,,
,,,,,38230,6.0,6,,,,,,,,
,,,,,38235,5.0,5,,,,,,,,
,,,,,38245,10.0,10,,,,,,,,
,,,,,38248,3.0,3,,,,,,,,
,,,,,38255,7.0,7,,,,,,,,
,,,,,38260,5.0,5,,,,,,,,
,,,,,38264,4.0,4,,,,,,,,
,,,,,38270,6.0,6,,,,,,,,
,,,,,38273,3.0,3,,,,,,,,
,,,,,38276,3.0,3,,,,,,,,
,,,,,38282,6.0,6,,,,,,,,
,,,,,38286,4.0,4,,,,,,,,
,,,,,38292,6.0,6,,,,,,,,
,,,,,38298,6.0,6,,,,,,,,
,,,,,38306,8.0,8,,,,,,,,
,,,,,38311,5.0,5,,,,,,,,
,,,,,38320,9.0,9,,,,,,,,
,,,,,38323,3.0,3,,,,,,,,
,,,,,38332,9.0,9,,,,,,,,
,,,,,38337,5.0,5,,,,,,,,
,,,,,38340,3.0,3,,,,,,,,
,,,,,38347,7.0,7,,,,,,,,
,,,,,38355,8.0,8,,,,,,,,
,,,,,38360,5.0,5,,,,,,,,
,,,,,38368,8.0,8,,,,,,,,
,,,,,38373,5.0,5,,,,,,,,
,,,,,38376,3.0,3,,,,,,,,
,,,,,38381,5.0,5,,,,,,,,
,,,,,38386,5.0,5,,,,,,,,
,,,,,38391,5.0,5,,,,,,,,
,,,,,38415,24.0,24,,,,,,,,
,,,,,38424,9.0,9,,,,,,,,
,,,,,38431,7.0,7,,,,,,,,
,,,,,38435,4.0,4,,,,,,,,
,,,,,38444,9.0,9,,,,,,,,
,,,,,38448,4.0,4,,,,,,,,
,,,,,38456,8.0,8,,,,,,,,
,,,,,38470,14.0,14,,,,,,,,
,,,,,38476,6.0,6,,,,,,,,
,,,,,38484,8.0,8,,,,,,,,
,,,,,38495,11.0,11,,,,,,,,
,,,,,38499,4.0,4,,,,,,,,
,,,,,38506,7.0,7,,,,,,,,
,,,,,38516,10.0,10,,,,,,,,
,,,,,38528,12.0,12,,,,,,,,
,,,,,38531,3.0,3,,,,,,,,
,,,,,38535,4.0,4,,,,,,,,
,,,,,38549,14.0,14,,,,,,,,
,,,,,38552,3.0,3,,,,,,,,
,,,,,38559,7.0,7,,,,,,,,
,,,,,38564,5.0,5,,,,,,,,
,,,,,38568,4.0,4,,,,,,,,
,,,,,38572,4.0,4,,,,,,,,
,,,,,38575,3.0,3,,,,,,,,
,,,,,38580,5.0,5,,,,,,,,
,,,,,38589,9.0,9,,,,,,,,
,,,,,38593,4.0,4,,,,,,,,
,,,,,38597,4.0,4,,,,,,,,
,,,,,38602,5.0,5,,,,,,,,
,,,,,38607,5.0,5,,,,,,,,
,,,,,38610,3.0,3,,,,,,,,
,,,,,38613,3.0,3,,,,,,,,
,,,,,38618,5.0,5,,,,,,,,
,,,,,38622,4.0,4,,,,,,,,
,,,,,38625,3.0,3,,,,,,,,
,,,,,38630,5.0,5,,,,,,,,
,,,,,38634,4.0,4,,,,,,,,
,,,,,38638,4.0,4,,,,,,,,
,,,,,38642,4.0,4,,,,,,,,
,,,,,38647,5.0,5,,,,,,,,
,,,,,38650,3.0,3,,,,,,,,
,,,,,38658,8.0,8,,,,,,,,
,,,,,38663,5.0,5,,,,,,,,
,,,,,38666,3.0,3,,,,,,,,
,,,,,38676,10.0,10,,,,,,,,
,,,,,38679,3.0,3,,,,,,,,
,,,,,38685,6.0,6,,,,,,,,
,,,,,38691,6.0,6,,,,,,,,
,,,,,38694,3.0,3,,,,,,,,
,,,,,38699,5.0,5,,,,,,,,
,,,,,38711,12.0,12,,,,,,,,
,,,,,38719,8.0,8,,,,,,,,
,,,,,38724,5.0,5,,,,,,,,
,,,,,38730,6.0,6,,,,,,,,
,,,,,38734,4.0,4,,,,,,,,
,,,,,38739,5.0,5,,,,,,,,
,,,,,38744,5.0,5,,,,,,,,
,,,,,38747,3.0,3,,,,,,,,
,,,,,38751,4.0,4,,,,,,,,
,,,,,38755,4.0,4,,,,,,,,
,,,,,38759,4.0,4,,,,,,,,
,,,,,38762,3.0,3,,,,,,,,
,,,,,38770,8.0,8,,,,,,,,
,,,,,38778,8.0,8,,,,,,,,
,,,,,38783,5.0,5,,,,,,,,
,,,,,38789,6.0,6,,,,,,,,
,,,,,38795,6.0,6,,,,,,,,
,,,,,38802,7.0,7,,,,,,,,
,,,,,38808,6.0,6,,,,,,,,
,,,,,38812,4.0,4,,,,,,,,
,,,,,38817,5.0,5,,,,,,,,
,,,,,38821,4.0,4,,,,,,,,
,,,,,38824,3.0,3,,,,,,,,
,,,,,38828,4.0,4,,,,,,,,
,,,,,38837,9.0,9,,,,,,,,
,,,,,38841,4.0,4,,,,,,,,
,,,,,38848,7.0,7,,,,,,,,
,,,,,38855,7.0,7,,,,,,,,
,,,,,38862,7.0,7,,,,,,,,
,,,,,38866,4.0,4,,,,,,,,
,,,,,38869,3.0,3,,,,,,,,
,,,,,38876,7.0,7,,,,,,,,
,,,,,38881,5.0,5,,,,,,,,
,,,,,38884,3.0,3,,,,,,,,
,,,,,38889,5.0,5,,,,,,,,
,,,,,38906,17.0,17,,,,,,,,
,,,,,38910,4.0,4,,,,,,,,
,,,,,38913,3.0,3,,,,,,,,
,,,,,38917,4.0,4,,,,,,,,
,,,,,38941,24.0,24,,,,,,,,
,,,,,38948,7.0,7,,,,,,,,
,,,,,38951,3.0,3,,,,,,,,
,,,,,38954,3.0,3,,,,,,,,
,,,,,38959,5.0,5,,,,,,,,
,,,,,38963,4.0,4,,,,,,,,
,,,,,38967,4.0,4,,,,,,,,
,,,,,38972,5.0,5,,,,,,,,
,,,,,38975,3.0,3,,,,,,,,
,,,,,38978,3.0,3,,,,,,,,
,,,,,38981,3.0,3,,,,,,,,
,,,,,38990,9.0,9,,,,,,,,
,,,,,38998,8.0,8,,,,,,,,
,,,,,39000,,,-8.679206848144531,86.79206848144531,171.49249267578125,34.654762268066406,36.478267669677734,0.0003,0.0003,0.1
,,,,,39007,9.0,9,,,,,,,,
,,,,,39010,3.0,3,,,,,,,,
,,,,,39021,11.0,11,,,,,,,,
,,,,,39034,13.0,13,,,,,,,,
,,,,,39037,3.0,3,,,,,,,,
,,,,,39047,10.0,10,,,,,,,,
,,,,,39050,3.0,3,,,,,,,,
,,,,,39057,7.0,7,,,,,,,,
,,,,,39065,8.0,8,,,,,,,,
,,,,,39075,10.0,10,,,,,,,,
,,,,,39078,3.0,3,,,,,,,,
,,,,,39081,3.0,3,,,,,,,,
,,,,,39088,7.0,7,,,,,,,,
,,,,,39103,15.0,15,,,,,,,,
,,,,,39107,4.0,4,,,,,,,,
,,,,,39111,4.0,4,,,,,,,,
,,,,,39116,5.0,5,,,,,,,,
,,,,,39119,3.0,3,,,,,,,,
,,,,,39122,3.0,3,,,,,,,,
,,,,,39130,8.0,8,,,,,,,,
,,,,,39135,5.0,5,,,,,,,,
,,,,,39148,13.0,13,,,,,,,,
,,,,,39152,4.0,4,,,,,,,,
,,,,,39159,7.0,7,,,,,,,,
,,,,,39162,3.0,3,,,,,,,,
,,,,,39166,4.0,4,,,,,,,,
,,,,,39172,6.0,6,,,,,,,,
,,,,,39175,3.0,3,,,,,,,,
,,,,,39184,9.0,9,,,,,,,,
,,,,,39187,3.0,3,,,,,,,,
,,,,,39191,4.0,4,,,,,,,,
,,,,,39196,5.0,5,,,,,,,,
,,,,,39209,13.0,13,,,,,,,,
,,,,,39212,3.0,3,,,,,,,,
,,,,,39216,4.0,4,,,,,,,,
,,,,,39219,3.0,3,,,,,,,,
,,,,,39222,3.0,3,,,,,,,,
,,,,,39228,6.0,6,,,,,,,,
,,,,,39232,4.0,4,,,,,,,,
,,,,,39235,3.0,3,,,,,,,,
,,,,,39244,9.0,9,,,,,,,,
,,,,,39255,11.0,11,,,,,,,,
,,,,,39261,6.0,6,,,,,,,,
,,,,,39267,6.0,6,,,,,,,,
,,,,,39273,6.0,6,,,,,,,,
,,,,,39277,4.0,4,,,,,,,,
,,,,,39281,4.0,4,,,,,,,,
,,,,,39284,3.0,3,,,,,,,,
,,,,,39288,4.0,4,,,,,,,,
,,,,,39295,7.0,7,,,,,,,,
,,,,,39302,7.0,7,,,,,,,,
,,,,,39306,4.0,4,,,,,,,,
,,,,,39310,4.0,4,,,,,,,,
,,,,,39323,13.0,13,,,,,,,,
,,,,,39327,4.0,4,,,,,,,,
,,,,,39345,18.0,18,,,,,,,,
,,,,,39361,16.0,16,,,,,,,,
,,,,,39365,4.0,4,,,,,,,,
,,,,,39376,11.0,11,,,,,,,,
,,,,,39379,3.0,3,,,,,,,,
,,,,,39389,10.0,10,,,,,,,,
,,,,,39396,7.0,7,,,,,,,,
,,,,,39401,5.0,5,,,,,,,,
,,,,,39404,3.0,3,,,,,,,,
,,,,,39407,3.0,3,,,,,,,,
,,,,,39412,5.0,5,,,,,,,,
,,,,,39417,5.0,5,,,,,,,,
,,,,,39421,4.0,4,,,,,,,,
,,,,,39426,5.0,5,,,,,,,,
,,,,,39429,3.0,3,,,,,,,,
,,,,,39434,5.0,5,,,,,,,,
,,,,,39441,7.0,7,,,,,,,,
,,,,,39446,5.0,5,,,,,,,,
,,,,,39449,3.0,3,,,,,,,,
,,,,,39453,4.0,4,,,,,,,,
,,,,,39457,4.0,4,,,,,,,,
,,,,,39464,7.0,7,,,,,,,,
,,,,,39467,3.0,3,,,,,,,,
,,,,,39472,5.0,5,,,,,,,,
,,,,,39476,4.0,4,,,,,,,,
,,,,,39484,8.0,8,,,,,,,,
,,,,,39495,11.0,11,,,,,,,,
,,,,,39499,4.0,4,,,,,,,,
,,,,,39508,9.0,9,,,,,,,,
,,,,,39515,7.0,7,,,,,,,,
,,,,,39518,3.0,3,,,,,,,,
,,,,,39521,3.0,3,,,,,,,,
,,,,,39524,3.0,3,,,,,,,,
,,,,,39528,4.0,4,,,,,,,,
,,,,,39533,5.0,5,,,,,,,,
,,,,,39538,5.0,5,,,,,,,,
,,,,,39545,7.0,7,,,,,,,,
,,,,,39559,14.0,14,,,,,,,,
,,,,,39564,5.0,5,,,,,,,,
,,,,,39568,4.0,4,,,,,,,,
,,,,,39584,16.0,16,,,,,,,,
,,,,,39590,6.0,6,,,,,,,,
,,,,,39600,10.0,10,,,,,,,,
,,,,,39605,5.0,5,,,,,,,,
,,,,,39610,5.0,5,,,,,,,,
,,,,,39614,4.0,4,,,,,,,,
,,,,,39621,7.0,7,,,,,,,,
,,,,,39629,8.0,8,,,,,,,,
,,,,,39639,10.0,10,,,,,,,,
,,,,,39643,4.0,4,,,,,,,,
,,,,,39646,3.0,3,,,,,,,,
,,,,,39650,4.0,4,,,,,,,,
,,,,,39655,5.0,5,,,,,,,,
,,,,,39662,7.0,7,,,,,,,,
,,,,,39673,11.0,11,,,,,,,,
,,,,,39676,3.0,3,,,,,,,,
,,,,,39681,5.0,5,,,,,,,,
,,,,,39684,3.0,3,,,,,,,,
,,,,,39696,12.0,12,,,,,,,,
,,,,,39701,5.0,5,,,,,,,,
,,,,,39706,5.0,5,,,,,,,,
,,,,,39713,7.0,7,,,,,,,,
,,,,,39720,7.0,7,,,,,,,,
,,,,,39723,3.0,3,,,,,,,,
,,,,,39728,5.0,5,,,,,,,,
,,,,,39732,4.0,4,,,,,,,,
,,,,,39738,6.0,6,,,,,,,,
,,,,,39742,4.0,4,,,,,,,,
,,,,,39753,11.0,11,,,,,,,,
,,,,,39760,7.0,7,,,,,,,,
,,,,,39767,7.0,7,,,,,,,,
,,,,,39771,4.0,4,,,,,,,,
,,,,,39778,7.0,7,,,,,,,,
,,,,,39783,5.0,5,,,,,,,,
,,,,,39794,11.0,11,,,,,,,,
,,,,,39803,9.0,9,,,,,,,,
,,,,,39806,3.0,3,,,,,,,,
,,,,,39810,4.0,4,,,,,,,,
,,,,,39813,3.0,3,,,,,,,,
,,,,,39817,4.0,4,,,,,,,,
,,,,,39824,7.0,7,,,,,,,,
,,,,,39827,3.0,3,,,,,,,,
,,,,,39832,5.0,5,,,,,,,,
,,,,,39835,3.0,3,,,,,,,,
,,,,,39838,3.0,3,,,,,,,,
,,,,,39843,5.0,5,,,,,,,,
,,,,,39846,3.0,3,,,,,,,,
,,,,,39857,11.0,11,,,,,,,,
,,,,,39862,5.0,5,,,,,,,,
,,,,,39866,4.0,4,,,,,,,,
,,,,,39870,4.0,4,,,,,,,,
,,,,,39878,8.0,8,,,,,,,,
,,,,,39885,7.0,7,,,,,,,,
,,,,,39894,9.0,9,,,,,,,,
,,,,,39898,4.0,4,,,,,,,,
,,,,,39904,6.0,6,,,,,,,,
,,,,,39921,17.0,17,,,,,,,,
,,,,,39934,13.0,13,,,,,,,,
,,,,,39941,7.0,7,,,,,,,,
,,,,,39944,3.0,3,,,,,,,,
,,,,,39950,6.0,6,,,,,,,,
,,,,,39954,4.0,4,,,,,,,,
,,,,,39959,5.0,5,,,,,,,,
,,,,,39964,5.0,5,,,,,,,,
,,,,,39968,4.0,4,,,,,,,,
,,,,,39976,8.0,8,,,,,,,,
,,,,,39979,3.0,3,,,,,,,,
,,,,,39985,6.0,6,,,,,,,,
,,,,,39988,3.0,3,,,,,,,,
9.1,3.7,17.0,4.0,9.1,40000,,,-8.817192077636719,88.17192077636719,137.17620849609375,34.85192108154297,35.045162200927734,0.0003,0.0003,0.1
,,,,,40002,14.0,14,,,,,,,,
,,,,,40005,3.0,3,,,,,,,,
,,,,,40012,7.0,7,,,,,,,,
,,,,,40023,11.0,11,,,,,,,,
,,,,,40032,9.0,9,,,,,,,,
,,,,,40038,6.0,6,,,,,,,,
,,,,,40043,5.0,5,,,,,,,,
,,,,,40047,4.0,4,,,,,,,,
,,,,,40051,4.0,4,,,,,,,,
,,,,,40056,5.0,5,,,,,,,,
,,,,,40061,5.0,5,,,,,,,,
,,,,,40069,8.0,8,,,,,,,,
,,,,,40074,5.0,5,,,,,,,,
,,,,,40080,6.0,6,,,,,,,,
,,,,,40083,3.0,3,,,,,,,,
,,,,,40089,6.0,6,,,,,,,,
,,,,,40094,5.0,5,,,,,,,,
,,,,,40099,5.0,5,,,,,,,,
,,,,,40104,5.0,5,,,,,,,,
,,,,,40110,6.0,6,,,,,,,,
,,,,,40114,4.0,4,,,,,,,,
,,,,,40120,6.0,6,,,,,,,,
,,,,,40126,6.0,6,,,,,,,,
,,,,,40131,5.0,5,,,,,,,,
,,,,,40153,22.0,22,,,,,,,,
,,,,,40164,11.0,11,,,,,,,,
,,,,,40168,4.0,4,,,,,,,,
,,,,,40171,3.0,3,,,,,,,,
,,,,,40179,8.0,8,,,,,,,,
,,,,,40185,6.0,6,,,,,,,,
,,,,,40197,12.0,12,,,,,,,,
,,,,,40201,4.0,4,,,,,,,,
,,,,,40205,4.0,4,,,,,,,,
,,,,,40213,8.0,8,,,,,,,,
,,,,,40226,13.0,13,,,,,,,,
,,,,,40229,3.0,3,,,,,,,,
,,,,,40235,6.0,6,,,,,,,,
,,,,,40238,3.0,3,,,,,,,,
,,,,,40242,4.0,4,,,,,,,,
,,,,,40246,4.0,4,,,,,,,,
,,,,,40253,7.0,7,,,,,,,,
,,,,,40260,7.0,7,,,,,,,,
,,,,,40264,4.0,4,,,,,,,,
,,,,,40271,7.0,7,,,,,,,,
,,,,,40275,4.0,4,,,,,,,,
,,,,,40280,5.0,5,,,,,,,,
,,,,,40285,5.0,5,,,,,,,,
,,,,,40291,6.0,6,,,,,,,,
,,,,,40295,4.0,4,,,,,,,,
,,,,,40301,6.0,6,,,,,,,,
,,,,,40306,5.0,5,,,,,,,,
,,,,,40311,5.0,5,,,,,,,,
,,,,,40315,4.0,4,,,,,,,,
,,,,,40319,4.0,4,,,,,,,,
,,,,,40322,3.0,3,,,,,,,,
,,,,,40330,8.0,8,,,,,,,,
,,,,,40334,4.0,4,,,,,,,,
,,,,,40339,5.0,5,,,,,,,,
,,,,,40343,4.0,4,,,,,,,,
,,,,,40346,3.0,3,,,,,,,,
,,,,,40350,4.0,4,,,,,,,,
,,,,,40353,3.0,3,,,,,,,,
,,,,,40358,5.0,5,,,,,,,,
,,,,,40366,8.0,8,,,,,,,,
,,,,,40371,5.0,5,,,,,,,,
,,,,,40375,4.0,4,,,,,,,,
,,,,,40379,4.0,4,,,,,,,,
,,,,,40383,4.0,4,,,,,,,,
,,,,,40386,3.0,3,,,,,,,,
,,,,,40391,5.0,5,,,,,,,,
,,,,,40394,3.0,3,,,,,,,,
,,,,,40397,3.0,3,,,,,,,,
,,,,,40400,3.0,3,,,,,,,,
,,,,,40406,6.0,6,,,,,,,,
,,,,,40410,4.0,4,,,,,,,,
,,,,,40413,3.0,3,,,,,,,,
,,,,,40418,5.0,5,,,,,,,,
,,,,,40425,7.0,7,,,,,,,,
,,,,,40440,15.0,15,,,,,,,,
,,,,,40448,8.0,8,,,,,,,,
,,,,,40455,7.0,7,,,,,,,,
,,,,,40460,5.0,5,,,,,,,,
,,,,,40463,3.0,3,,,,,,,,
,,,,,40475,12.0,12,,,,,,,,
,,,,,40482,7.0,7,,,,,,,,
,,,,,40486,4.0,4,,,,,,,,
,,,,,40492,6.0,6,,,,,,,,
,,,,,40497,5.0,5,,,,,,,,
,,,,,40501,4.0,4,,,,,,,,
,,,,,40505,4.0,4,,,,,,,,
,,,,,40508,3.0,3,,,,,,,,
,,,,,40516,8.0,8,,,,,,,,
,,,,,40520,4.0,4,,,,,,,,
,,,,,40527,7.0,7,,,,,,,,
,,,,,40531,4.0,4,,,,,,,,
,,,,,40535,4.0,4,,,,,,,,
,,,,,40543,8.0,8,,,,,,,,
,,,,,40548,5.0,5,,,,,,,,
,,,,,40557,9.0,9,,,,,,,,
,,,,,40569,12.0,12,,,,,,,,
,,,,,40574,5.0,5,,,,,,,,
,,,,,40577,3.0,3,,,,,,,,
,,,,,40580,3.0,3,,,,,,,,
,,,,,40595,15.0,15,,,,,,,,
,,,,,40600,5.0,5,,,,,,,,
,,,,,40604,4.0,4,,,,,,,,
,,,,,40608,4.0,4,,,,,,,,
,,,,,40611,3.0,3,,,,,,,,
,,,,,40614,3.0,3,,,,,,,,
,,,,,40619,5.0,5,,,,,,,,
,,,,,40633,14.0,14,,,,,,,,
,,,,,40637,4.0,4,,,,,,,,
,,,,,40646,9.0,9,,,,,,,,
,,,,,40656,10.0,10,,,,,,,,
,,,,,40669,13.0,13,,,,,,,,
,,,,,40672,3.0,3,,,,,,,,
,,,,,40691,19.0,19,,,,,,,,
,,,,,40695,4.0,4,,,,,,,,
,,,,,40699,4.0,4,,,,,,,,
,,,,,40702,3.0,3,,,,,,,,
,,,,,40709,7.0,7,,,,,,,,
,,,,,40719,10.0,10,,,,,,,,
,,,,,40725,6.0,6,,,,,,,,
,,,,,40730,5.0,5,,,,,,,,
,,,,,40739,9.0,9,,,,,,,,
,,,,,40745,6.0,6,,,,,,,,
,,,,,40752,7.0,7,,,,,,,,
,,,,,40756,4.0,4,,,,,,,,
,,,,,40761,5.0,5,,,,,,,,
,,,,,40766,5.0,5,,,,,,,,
,,,,,40775,9.0,9,,,,,,,,
,,,,,40781,6.0,6,,,,,,,,
,,,,,40785,4.0,4,,,,,,,,
,,,,,40802,17.0,17,,,,,,,,
,,,,,40806,4.0,4,,,,,,,,
,,,,,40811,5.0,5,,,,,,,,
,,,,,40815,4.0,4,,,,,,,,
,,,,,40821,6.0,6,,,,,,,,
,,,,,40829,8.0,8,,,,,,,,
,,,,,40832,3.0,3,,,,,,,,
,,,,,40841,9.0,9,,,,,,,,
,,,,,40844,3.0,3,,,,,,,,
,,,,,40859,15.0,15,,,,,,,,
,,,,,40870,11.0,11,,,,,,,,
,,,,,40874,4.0,4,,,,,,,,
,,,,,40881,7.0,7,,,,,,,,
,,,,,40884,3.0,3,,,,,,,,
,,,,,40889,5.0,5,,,,,,,,
,,,,,40898,9.0,9,,,,,,,,
,,,,,40908,10.0,10,,,,,,,,
,,,,,40915,7.0,7,,,,,,,,
,,,,,40921,6.0,6,,,,,,,,
,,,,,40936,15.0,15,,,,,,,,
,,,,,40946,10.0,10,,,,,,,,
,,,,,40949,3.0,3,,,,,,,,
,,,,,40956,7.0,7,,,,,,,,
,,,,,40974,18.0,18,,,,,,,,
,,,,,40983,9.0,9,,,,,,,,
,,,,,40986,3.0,3,,,,,,,,
,,,,,40990,4.0,4,,,,,,,,
,,,,,40994,4.0,4,,,,,,,,
,,,,,41000,,,-8.82373046875,88.2373046875,125.88519287109375,30.78034210205078,31.163558959960938,0.0003,0.0003,0.1
,,,,,41002,8.0,8,,,,,,,,
,,,,,41009,7.0,7,,,,,,,,
,,,,,41015,6.0,6,,,,,,,,
,,,,,41020,5.0,5,,,,,,,,
,,,,,41028,8.0,8,,,,,,,,
,,,,,41032,4.0,4,,,,,,,,
,,,,,41038,6.0,6,,,,,,,,
,,,,,41045,7.0,7,,,,,,,,
,,,,,41048,3.0,3,,,,,,,,
,,,,,41060,12.0,12,,,,,,,,
,,,,,41063,3.0,3,,,,,,,,
,,,,,41066,3.0,3,,,,,,,,
,,,,,41069,3.0,3,,,,,,,,
,,,,,41072,3.0,3,,,,,,,,
,,,,,41076,4.0,4,,,,,,,,
,,,,,41079,3.0,3,,,,,,,,
,,,,,41089,10.0,10,,,,,,,,
,,,,,41094,5.0,5,,,,,,,,
,,,,,41098,4.0,4,,,,,,,,
,,,,,41107,9.0,9,,,,,,,,
,,,,,41111,4.0,4,,,,,,,,
,,,,,41114,3.0,3,,,,,,,,
,,,,,41156,42.0,42,,,,,,,,
,,,,,41163,7.0,7,,,,,,,,
,,,,,41166,3.0,3,,,,,,,,
,,,,,41181,15.0,15,,,,,,,,
,,,,,41188,7.0,7,,,,,,,,
,,,,,41195,7.0,7,,,,,,,,
,,,,,41199,4.0,4,,,,,,,,
,,,,,41202,3.0,3,,,,,,,,
,,,,,41206,4.0,4,,,,,,,,
,,,,,41211,5.0,5,,,,,,,,
,,,,,41219,8.0,8,,,,,,,,
,,,,,41230,11.0,11,,,,,,,,
,,,,,41233,3.0,3,,,,,,,,
,,,,,41237,4.0,4,,,,,,,,
,,,,,41241,4.0,4,,,,,,,,
,,,,,41258,17.0,17,,,,,,,,
,,,,,41265,7.0,7,,,,,,,,
,,,,,41273,8.0,8,,,,,,,,
,,,,,41276,3.0,3,,,,,,,,
,,,,,41282,6.0,6,,,,,,,,
,,,,,41286,4.0,4,,,,,,,,
,,,,,41297,11.0,11,,,,,,,,
,,,,,41302,5.0,5,,,,,,,,
,,,,,41309,7.0,7,,,,,,,,
,,,,,41320,11.0,11,,,,,,,,
,,,,,41327,7.0,7,,,,,,,,
,,,,,41330,3.0,3,,,,,,,,
,,,,,41333,3.0,3,,,,,,,,
,,,,,41337,4.0,4,,,,,,,,
,,,,,41345,8.0,8,,,,,,,,
,,,,,41349,4.0,4,,,,,,,,
,,,,,41354,5.0,5,,,,,,,,
,,,,,41364,10.0,10,,,,,,,,
,,,,,41368,4.0,4,,,,,,,,
,,,,,41375,7.0,7,,,,,,,,
,,,,,41378,3.0,3,,,,,,,,
,,,,,41381,3.0,3,,,,,,,,
,,,,,41386,5.0,5,,,,,,,,
,,,,,41394,8.0,8,,,,,,,,
,,,,,41398,4.0,4,,,,,,,,
,,,,,41406,8.0,8,,,,,,,,
,,,,,41410,4.0,4,,,,,,,,
,,,,,41414,4.0,4,,,,,,,,
,,,,,41418,4.0,4,,,,,,,,
,,,,,41423,5.0,5,,,,,,,,
,,,,,41428,5.0,5,,,,,,,,
,,,,,41434,6.0,6,,,,,,,,
,,,,,41441,7.0,7,,,,,,,,
,,,,,41444,3.0,3,,,,,,,,
,,,,,41452,8.0,8,,,,,,,,
,,,,,41456,4.0,4,,,,,,,,
,,,,,41459,3.0,3,,,,,,,,
,,,,,41463,4.0,4,,,,,,,,
,,,,,41467,4.0,4,,,,,,,,
,,,,,41471,4.0,4,,,,,,,,
,,,,,41474,3.0,3,,,,,,,,
,,,,,41479,5.0,5,,,,,,,,
,,,,,41492,13.0,13,,,,,,,,
,,,,,41498,6.0,6,,,,,,,,
,,,,,41508,10.0,10,,,,,,,,
,,,,,41512,4.0,4,,,,,,,,
,,,,,41522,10.0,10,,,,,,,,
,,,,,41529,7.0,7,,,,,,,,
,,,,,41534,5.0,5,,,,,,,,
,,,,,41541,7.0,7,,,,,,,,
,,,,,41546,5.0,5,,,,,,,,
,,,,,41554,8.0,8,,,,,,,,
,,,,,41559,5.0,5,,,,,,,,
,,,,,41574,15.0,15,,,,,,,,
,,,,,41577,3.0,3,,,,,,,,
,,,,,41580,3.0,3,,,,,,,,
,,,,,41585,5.0,5,,,,,,,,
,,,,,41588,3.0,3,,,,,,,,
,,,,,41594,6.0,6,,,,,,,,
,,,,,41599,5.0,5,,,,,,,,
,,,,,41609,10.0,10,,,,,,,,
,,,,,41616,7.0,7,,,,,,,,
,,,,,41624,8.0,8,,,,,,,,
,,,,,41627,3.0,3,,,,,,,,
,,,,,41634,7.0,7,,,,,,,,
,,,,,41645,11.0,11,,,,,,,,
,,,,,41653,8.0,8,,,,,,,,
,,,,,41657,4.0,4,,,,,,,,
,,,,,41664,7.0,7,,,,,,,,
,,,,,41669,5.0,5,,,,,,,,
,,,,,41682,13.0,13,,,,,,,,
,,,,,41685,3.0,3,,,,,,,,
,,,,,41688,3.0,3,,,,,,,,
,,,,,41692,4.0,4,,,,,,,,
,,,,,41701,9.0,9,,,,,,,,
,,,,,41704,3.0,3,,,,,,,,
,,,,,41711,7.0,7,,,,,,,,
,,,,,41717,6.0,6,,,,,,,,
,,,,,41720,3.0,3,,,,,,,,
,,,,,41724,4.0,4,,,,,,,,
,,,,,41735,11.0,11,,,,,,,,
,,,,,41738,3.0,3,,,,,,,,
,,,,,41751,13.0,13,,,,,,,,
,,,,,41760,9.0,9,,,,,,,,
,,,,,41769,9.0,9,,,,,,,,
,,,,,41775,6.0,6,,,,,,,,
,,,,,41779,4.0,4,,,,,,,,
,,,,,41782,3.0,3,,,,,,,,
,,,,,41791,9.0,9,,,,,,,,
,,,,,41795,4.0,4,,,,,,,,
,,,,,41804,9.0,9,,,,,,,,
,,,,,41809,5.0,5,,,,,,,,
,,,,,41814,5.0,5,,,,,,,,
,,,,,41822,8.0,8,,,,,,,,
,,,,,41826,4.0,4,,,,,,,,
,,,,,41837,11.0,11,,,,,,,,
,,,,,41841,4.0,4,,,,,,,,
,,,,,41844,3.0,3,,,,,,,,
,,,,,41852,8.0,8,,,,,,,,
,,,,,41855,3.0,3,,,,,,,,
,,,,,41865,10.0,10,,,,,,,,
,,,,,41870,5.0,5,,,,,,,,
,,,,,41874,4.0,4,,,,,,,,
,,,,,41877,3.0,3,,,,,,,,
,,,,,41884,7.0,7,,,,,,,,
,,,,,41887,3.0,3,,,,,,,,
,,,,,41890,3.0,3,,,,,,,,
,,,,,41910,20.0,20,,,,,,,,
,,,,,41916,6.0,6,,,,,,,,
,,,,,41921,5.0,5,,,,,,,,
,,,,,41926,5.0,5,,,,,,,,
,,,,,41941,15.0,15,,,,,,,,
,,,,,41946,5.0,5,,,,,,,,
,,,,,41951,5.0,5,,,,,,,,
,,,,,41957,6.0,6,,,,,,,,
,,,,,41969,12.0,12,,,,,,,,
,,,,,41979,10.0,10,,,,,,,,
,,,,,41998,19.0,19,,,,,,,,
,,,,,42000,,,-8.77149772644043,87.71497344970703,134.96876525878906,35.410396575927734,35.28318786621094,0.0003,0.0003,0.1
,,,,,42003,5.0,5,,,,,,,,
,,,,,42006,3.0,3,,,,,,,,
,,,,,42015,9.0,9,,,,,,,,
,,,,,42024,9.0,9,,,,,,,,
,,,,,42029,5.0,5,,,,,,,,
,,,,,42033,4.0,4,,,,,,,,
,,,,,42037,4.0,4,,,,,,,,
,,,,,42043,6.0,6,,,,,,,,
,,,,,42047,4.0,4,,,,,,,,
,,,,,42054,7.0,7,,,,,,,,
,,,,,42058,4.0,4,,,,,,,,
,,,,,42063,5.0,5,,,,,,,,
,,,,,42072,9.0,9,,,,,,,,
,,,,,42075,3.0,3,,,,,,,,
,,,,,42083,8.0,8,,,,,,,,
,,,,,42090,7.0,7,,,,,,,,
,,,,,42093,3.0,3,,,,,,,,
,,,,,42108,15.0,15,,,,,,,,
,,,,,42111,3.0,3,,,,,,,,
,,,,,42115,4.0,4,,,,,,,,
,,,,,42120,5.0,5,,,,,,,,
,,,,,42125,5.0,5,,,,,,,,
,,,,,42131,6.0,6,,,,,,,,
,,,,,42136,5.0,5,,,,,,,,
,,,,,42141,5.0,5,,,,,,,,
,,,,,42148,7.0,7,,,,,,,,
,,,,,42152,4.0,4,,,,,,,,
,,,,,42163,11.0,11,,,,,,,,
,,,,,42169,6.0,6,,,,,,,,
,,,,,42174,5.0,5,,,,,,,,
,,,,,42178,4.0,4,,,,,,,,
,,,,,42183,5.0,5,,,,,,,,
,,,,,42190,7.0,7,,,,,,,,
,,,,,42195,5.0,5,,,,,,,,
,,,,,42199,4.0,4,,,,,,,,
,,,,,42204,5.0,5,,,,,,,,
,,,,,42210,6.0,6,,,,,,,,
,,,,,42218,8.0,8,,,,,,,,
,,,,,42225,7.0,7,,,,,,,,
,,,,,42238,13.0,13,,,,,,,,
,,,,,42242,4.0,4,,,,,,,,
,,,,,42257,15.0,15,,,,,,,,
,,,,,42260,3.0,3,,,,,,,,
,,,,,42266,6.0,6,,,,,,,,
,,,,,42269,3.0,3,,,,,,,,
,,,,,42273,4.0,4,,,,,,,,
,,,,,42280,7.0,7,,,,,,,,
,,,,,42285,5.0,5,,,,,,,,
,,,,,42294,9.0,9,,,,,,,,
,,,,,42299,5.0,5,,,,,,,,
,,,,,42311,12.0,12,,,,,,,,
,,,,,42320,9.0,9,,,,,,,,
,,,,,42324,4.0,4,,,,,,,,
,,,,,42327,3.0,3,,,,,,,,
,,,,,42330,3.0,3,,,,,,,,
,,,,,42336,6.0,6,,,,,,,,
,,,,,42339,3.0,3,,,,,,,,
,,,,,42342,3.0,3,,,,,,,,
,,,,,42345,3.0,3,,,,,,,,
,,,,,42350,5.0,5,,,,,,,,
,,,,,42353,3.0,3,,,,,,,,
,,,,,42359,6.0,6,,,,,,,,
,,,,,42368,9.0,9,,,,,,,,
,,,,,42371,3.0,3,,,,,,,,
,,,,,42375,4.0,4,,,,,,,,
,,,,,42381,6.0,6,,,,,,,,
,,,,,42386,5.0,5,,,,,,,,
,,,,,42389,3.0,3,,,,,,,,
,,,,,42392,3.0,3,,,,,,,,
,,,,,42401,9.0,9,,,,,,,,
,,,,,42404,3.0,3,,,,,,,,
,,,,,42407,3.0,3,,,,,,,,
,,,,,42413,6.0,6,,,,,,,,
,,,,,42436,23.0,23,,,,,,,,
,,,,,42439,3.0,3,,,,,,,,
,,,,,42443,4.0,4,,,,,,,,
,,,,,42447,4.0,4,,,,,,,,
,,,,,42451,4.0,4,,,,,,,,
,,,,,42459,8.0,8,,,,,,,,
,,,,,42465,6.0,6,,,,,,,,
,,,,,42468,3.0,3,,,,,,,,
,,,,,42472,4.0,4,,,,,,,,
,,,,,42477,5.0,5,,,,,,,,
,,,,,42481,4.0,4,,,,,,,,
,,,,,42486,5.0,5,,,,,,,,
,,,,,42489,3.0,3,,,,,,,,
,,,,,42494,5.0,5,,,,,,,,
,,,,,42497,3.0,3,,,,,,,,
,,,,,42518,21.0,21,,,,,,,,
,,,,,42523,5.0,5,,,,,,,,
,,,,,42527,4.0,4,,,,,,,,
,,,,,42530,3.0,3,,,,,,,,
,,,,,42538,8.0,8,,,,,,,,
,,,,,42541,3.0,3,,,,,,,,
,,,,,42545,4.0,4,,,,,,,,
,,,,,42548,3.0,3,,,,,,,,
,,,,,42552,4.0,4,,,,,,,,
,,,,,42558,6.0,6,,,,,,,,
,,,,,42563,5.0,5,,,,,,,,
,,,,,42567,4.0,4,,,,,,,,
,,,,,42573,6.0,6,,,,,,,,
,,,,,42576,3.0,3,,,,,,,,
,,,,,42579,3.0,3,,,,,,,,
,,,,,42584,5.0,5,,,,,,,,
,,,,,42593,9.0,9,,,,,,,,
,,,,,42600,7.0,7,,,,,,,,
,,,,,42605,5.0,5,,,,,,,,
,,,,,42608,3.0,3,,,,,,,,
,,,,,42611,3.0,3,,,,,,,,
,,,,,42616,5.0,5,,,,,,,,
,,,,,42627,11.0,11,,,,,,,,
,,,,,42631,4.0,4,,,,,,,,
,,,,,42639,8.0,8,,,,,,,,
,,,,,42643,4.0,4,,,,,,,,
,,,,,42652,9.0,9,,,,,,,,
,,,,,42656,4.0,4,,,,,,,,
,,,,,42670,14.0,14,,,,,,,,
,,,,,42673,3.0,3,,,,,,,,
,,,,,42678,5.0,5,,,,,,,,
,,,,,42691,13.0,13,,,,,,,,
,,,,,42699,8.0,8,,,,,,,,
,,,,,42703,4.0,4,,,,,,,,
,,,,,42711,8.0,8,,,,,,,,
,,,,,42724,13.0,13,,,,,,,,
,,,,,42727,3.0,3,,,,,,,,
,,,,,42735,8.0,8,,,,,,,,
,,,,,42740,5.0,5,,,,,,,,
,,,,,42746,6.0,6,,,,,,,,
,,,,,42751,5.0,5,,,,,,,,
,,,,,42754,3.0,3,,,,,,,,
,,,,,42758,4.0,4,,,,,,,,
,,,,,42761,3.0,3,,,,,,,,
,,,,,42765,4.0,4,,,,,,,,
,,,,,42768,3.0,3,,,,,,,,
,,,,,42774,6.0,6,,,,,,,,
,,,,,42784,10.0,10,,,,,,,,
,,,,,42787,3.0,3,,,,,,,,
,,,,,42790,3.0,3,,,,,,,,
,,,,,42793,3.0,3,,,,,,,,
,,,,,42796,3.0,3,,,,,,,,
,,,,,42799,3.0,3,,,,,,,,
,,,,,42804,5.0,5,,,,,,,,
,,,,,42811,7.0,7,,,,,,,,
,,,,,42815,4.0,4,,,,,,,,
,,,,,42819,4.0,4,,,,,,,,
,,,,,42828,9.0,9,,,,,,,,
,,,,,42835,7.0,7,,,,,,,,
,,,,,42838,3.0,3,,,,,,,,
,,,,,42841,3.0,3,,,,,,,,
,,,,,42846,5.0,5,,,,,,,,
,,,,,42854,8.0,8,,,,,,,,
,,,,,42857,3.0,3,,,,,,,,
,,,,,42860,3.0,3,,,,,,,,
,,,,,42864,4.0,4,,,,,,,,
,,,,,42868,4.0,4,,,,,,,,
,,,,,42882,14.0,14,,,,,,,,
,,,,,42890,8.0,8,,,,,,,,
,,,,,42893,3.0,3,,,,,,,,
,,,,,42907,14.0,14,,,,,,,,
,,,,,42910,3.0,3,,,,,,,,
,,,,,42927,17.0,17,,,,,,,,
,,,,,42930,3.0,3,,,,,,,,
,,,,,42933,3.0,3,,,,,,,,
,,,,,42939,6.0,6,,,,,,,,
,,,,,42946,7.0,7,,,,,,,,
,,,,,42950,4.0,4,,,,,,,,
,,,,,42961,11.0,11,,,,,,,,
,,,,,42967,6.0,6,,,,,,,,
,,,,,42970,3.0,3,,,,,,,,
,,,,,42981,11.0,11,,,,,,,,
,,,,,42999,18.0,18,,,,,,,,
,,,,,43000,,,-8.648102760314941,86.48102569580078,176.70501708984375,33.039024353027344,32.603092193603516,0.0003,0.0003,0.1
,,,,,43006,7.0,7,,,,,,,,
,,,,,43011,5.0,5,,,,,,,,
,,,,,43014,3.0,3,,,,,,,,
,,,,,43020,6.0,6,,,,,,,,
,,,,,43028,8.0,8,,,,,,,,
,,,,,43031,3.0,3,,,,,,,,
,,,,,43034,3.0,3,,,,,,,,
,,,,,43039,5.0,5,,,,,,,,
,,,,,43046,7.0,7,,,,,,,,
,,,,,43054,8.0,8,,,,,,,,
,,,,,43062,8.0,8,,,,,,,,
,,,,,43072,10.0,10,,,,,,,,
,,,,,43076,4.0,4,,,,,,,,
,,,,,43081,5.0,5,,,,,,,,
,,,,,43087,6.0,6,,,,,,,,
,,,,,43090,3.0,3,,,,,,,,
,,,,,43094,4.0,4,,,,,,,,
,,,,,43100,6.0,6,,,,,,,,
,,,,,43103,3.0,3,,,,,,,,
,,,,,43108,5.0,5,,,,,,,,
,,,,,43112,4.0,4,,,,,,,,
,,,,,43123,11.0,11,,,,,,,,
,,,,,43126,3.0,3,,,,,,,,
,,,,,43130,4.0,4,,,,,,,,
,,,,,43135,5.0,5,,,,,,,,
,,,,,43143,8.0,8,,,,,,,,
,,,,,43146,3.0,3,,,,,,,,
,,,,,43149,3.0,3,,,,,,,,
,,,,,43154,5.0,5,,,,,,,,
,,,,,43159,5.0,5,,,,,,,,
,,,,,43162,3.0,3,,,,,,,,
,,,,,43165,3.0,3,,,,,,,,
,,,,,43173,8.0,8,,,,,,,,
,,,,,43187,14.0,14,,,,,,,,
,,,,,43193,6.0,6,,,,,,,,
,,,,,43198,5.0,5,,,,,,,,
,,,,,43207,9.0,9,,,,,,,,
,,,,,43210,3.0,3,,,,,,,,
,,,,,43215,5.0,5,,,,,,,,
,,,,,43219,4.0,4,,,,,,,,
,,,,,43223,4.0,4,,,,,,,,
,,,,,43226,3.0,3,,,,,,,,
,,,,,43235,9.0,9,,,,,,,,
,,,,,43240,5.0,5,,,,,,,,
,,,,,43246,6.0,6,,,,,,,,
,,,,,43255,9.0,9,,,,,,,,
,,,,,43259,4.0,4,,,,,,,,
,,,,,43262,3.0,3,,,,,,,,
,,,,,43275,13.0,13,,,,,,,,
,,,,,43278,3.0,3,,,,,,,,
,,,,,43281,3.0,3,,,,,,,,
,,,,,43287,6.0,6,,,,,,,,
,,,,,43290,3.0,3,,,,,,,,
,,,,,43294,4.0,4,,,,,,,,
,,,,,43298,4.0,4,,,,,,,,
,,,,,43301,3.0,3,,,,,,,,
,,,,,43304,3.0,3,,,,,,,,
,,,,,43308,4.0,4,,,,,,,,
,,,,,43311,3.0,3,,,,,,,,
,,,,,43315,4.0,4,,,,,,,,
,,,,,43325,10.0,10,,,,,,,,
,,,,,43328,3.0,3,,,,,,,,
,,,,,43344,16.0,16,,,,,,,,
,,,,,43354,10.0,10,,,,,,,,
,,,,,43358,4.0,4,,,,,,,,
,,,,,43366,8.0,8,,,,,,,,
,,,,,43373,7.0,7,,,,,,,,
,,,,,43380,7.0,7,,,,,,,,
,,,,,43383,3.0,3,,,,,,,,
,,,,,43386,3.0,3,,,,,,,,
,,,,,43390,4.0,4,,,,,,,,
,,,,,43394,4.0,4,,,,,,,,
,,,,,43400,6.0,6,,,,,,,,
,,,,,43407,7.0,7,,,,,,,,
,,,,,43411,4.0,4,,,,,,,,
,,,,,43419,8.0,8,,,,,,,,
,,,,,43424,5.0,5,,,,,,,,
,,,,,43428,4.0,4,,,,,,,,
,,,,,43432,4.0,4,,,,,,,,
,,,,,43438,6.0,6,,,,,,,,
,,,,,43442,4.0,4,,,,,,,,
,,,,,43446,4.0,4,,,,,,,,
,,,,,43452,6.0,6,,,,,,,,
,,,,,43456,4.0,4,,,,,,,,
,,,,,43463,7.0,7,,,,,,,,
,,,,,43471,8.0,8,,,,,,,,
,,,,,43475,4.0,4,,,,,,,,
,,,,,43480,5.0,5,,,,,,,,
,,,,,43483,3.0,3,,,,,,,,
,,,,,43488,5.0,5,,,,,,,,
,,,,,43494,6.0,6,,,,,,,,
,,,,,43499,5.0,5,,,,,,,,
,,,,,43504,5.0,5,,,,,,,,
,,,,,43529,25.0,25,,,,,,,,
,,,,,43532,3.0,3,,,,,,,,
,,,,,43542,10.0,10,,,,,,,,
,,,,,43549,7.0,7,,,,,,,,
,,,,,43552,3.0,3,,,,,,,,
,,,,,43558,6.0,6,,,,,,,,
,,,,,43564,6.0,6,,,,,,,,
,,,,,43574,10.0,10,,,,,,,,
,,,,,43585,11.0,11,,,,,,,,
,,,,,43589,4.0,4,,,,,,,,
,,,,,43592,3.0,3,,,,,,,,
,,,,,43595,3.0,3,,,,,,,,
,,,,,43598,3.0,3,,,,,,,,
,,,,,43601,3.0,3,,,,,,,,
,,,,,43611,10.0,10,,,,,,,,
,,,,,43618,7.0,7,,,,,,,,
,,,,,43623,5.0,5,,,,,,,,
,,,,,43628,5.0,5,,,,,,,,
,,,,,43631,3.0,3,,,,,,,,
,,,,,43634,3.0,3,,,,,,,,
,,,,,43640,6.0,6,,,,,,,,
,,,,,43647,7.0,7,,,,,,,,
,,,,,43651,4.0,4,,,,,,,,
,,,,,43655,4.0,4,,,,,,,,
,,,,,43659,4.0,4,,,,,,,,
,,,,,43663,4.0,4,,,,,,,,
,,,,,43669,6.0,6,,,,,,,,
,,,,,43676,7.0,7,,,,,,,,
,,,,,43681,5.0,5,,,,,,,,
,,,,,43684,3.0,3,,,,,,,,
,,,,,43687,3.0,3,,,,,,,,
,,,,,43695,8.0,8,,,,,,,,
,,,,,43698,3.0,3,,,,,,,,
,,,,,43712,14.0,14,,,,,,,,
,,,,,43716,4.0,4,,,,,,,,
,,,,,43719,3.0,3,,,,,,,,
,,,,,43722,3.0,3,,,,,,,,
,,,,,43727,5.0,5,,,,,,,,
,,,,,43730,3.0,3,,,,,,,,
,,,,,43735,5.0,5,,,,,,,,
,,,,,43741,6.0,6,,,,,,,,
,,,,,43745,4.0,4,,,,,,,,
,,,,,43750,5.0,5,,,,,,,,
,,,,,43756,6.0,6,,,,,,,,
,,,,,43760,4.0,4,,,,,,,,
,,,,,43764,4.0,4,,,,,,,,
,,,,,43770,6.0,6,,,,,,,,
,,,,,43781,11.0,11,,,,,,,,
,,,,,43784,3.0,3,,,,,,,,
,,,,,43787,3.0,3,,,,,,,,
,,,,,43790,3.0,3,,,,,,,,
,,,,,43797,7.0,7,,,,,,,,
,,,,,43806,9.0,9,,,,,,,,
,,,,,43814,8.0,8,,,,,,,,
,,,,,43833,19.0,19,,,,,,,,
,,,,,43846,13.0,13,,,,,,,,
,,,,,43860,14.0,14,,,,,,,,
,,,,,43868,8.0,8,,,,,,,,
,,,,,43875,7.0,7,,,,,,,,
,,,,,43879,4.0,4,,,,,,,,
,,,,,43895,16.0,16,,,,,,,,
,,,,,43908,13.0,13,,,,,,,,
,,,,,43917,9.0,9,,,,,,,,
,,,,,43926,9.0,9,,,,,,,,
,,,,,43935,9.0,9,,,,,,,,
,,,,,43941,6.0,6,,,,,,,,
,,,,,43949,8.0,8,,,,,,,,
,,,,,43962,13.0,13,,,,,,,,
,,,,,43967,5.0,5,,,,,,,,
,,,,,43971,4.0,4,,,,,,,,
,,,,,43974,3.0,3,,,,,,,,
,,,,,43991,17.0,17,,,,,,,,
,,,,,43995,4.0,4,,,,,,,,
,,,,,43999,4.0,4,,,,,,,,
,,,,,44000,,,-8.723052024841309,87.23052215576172,168.75880432128906,34.33114242553711,33.41719436645508,0.0003,0.0003,0.1
,,,,,44003,4.0,4,,,,,,,,
,,,,,44007,4.0,4,,,,,,,,
,,,,,44010,3.0,3,,,,,,,,
,,,,,44021,11.0,11,,,,,,,,
,,,,,44026,5.0,5,,,,,,,,
,,,,,44030,4.0,4,,,,,,,,
,,,,,44037,7.0,7,,,,,,,,
,,,,,44047,10.0,10,,,,,,,,
,,,,,44051,4.0,4,,,,,,,,
,,,,,44064,13.0,13,,,,,,,,
,,,,,44070,6.0,6,,,,,,,,
,,,,,44073,3.0,3,,,,,,,,
,,,,,44079,6.0,6,,,,,,,,
,,,,,44083,4.0,4,,,,,,,,
,,,,,44086,3.0,3,,,,,,,,
,,,,,44090,4.0,4,,,,,,,,
,,,,,44094,4.0,4,,,,,,,,
,,,,,44098,4.0,4,,,,,,,,
,,,,,44102,4.0,4,,,,,,,,
,,,,,44108,6.0,6,,,,,,,,
,,,,,44113,5.0,5,,,,,,,,
,,,,,44118,5.0,5,,,,,,,,
,,,,,44121,3.0,3,,,,,,,,
,,,,,44135,14.0,14,,,,,,,,
,,,,,44138,3.0,3,,,,,,,,
,,,,,44145,7.0,7,,,,,,,,
,,,,,44157,12.0,12,,,,,,,,
,,,,,44162,5.0,5,,,,,,,,
,,,,,44166,4.0,4,,,,,,,,
,,,,,44175,9.0,9,,,,,,,,
,,,,,44181,6.0,6,,,,,,,,
,,,,,44187,6.0,6,,,,,,,,
,,,,,44192,5.0,5,,,,,,,,
,,,,,44199,7.0,7,,,,,,,,
,,,,,44208,9.0,9,,,,,,,,
,,,,,44212,4.0,4,,,,,,,,
,,,,,44218,6.0,6,,,,,,,,
,,,,,44227,9.0,9,,,,,,,,
,,,,,44231,4.0,4,,,,,,,,
,,,,,44235,4.0,4,,,,,,,,
,,,,,44238,3.0,3,,,,,,,,
,,,,,44243,5.0,5,,,,,,,,
,,,,,44248,5.0,5,,,,,,,,
,,,,,44252,4.0,4,,,,,,,,
,,,,,44256,4.0,4,,,,,,,,
,,,,,44260,4.0,4,,,,,,,,
,,,,,44265,5.0,5,,,,,,,,
,,,,,44268,3.0,3,,,,,,,,
,,,,,44272,4.0,4,,,,,,,,
,,,,,44275,3.0,3,,,,,,,,
,,,,,44278,3.0,3,,,,,,,,
,,,,,44282,4.0,4,,,,,,,,
,,,,,44286,4.0,4,,,,,,,,
,,,,,44291,5.0,5,,,,,,,,
,,,,,44304,13.0,13,,,,,,,,
,,,,,44310,6.0,6,,,,,,,,
,,,,,44314,4.0,4,,,,,,,,
,,,,,44318,4.0,4,,,,,,,,
,,,,,44327,9.0,9,,,,,,,,
,,,,,44332,5.0,5,,,,,,,,
,,,,,44337,5.0,5,,,,,,,,
,,,,,44341,4.0,4,,,,,,,,
,,,,,44344,3.0,3,,,,,,,,
,,,,,44353,9.0,9,,,,,,,,
,,,,,44356,3.0,3,,,,,,,,
,,,,,44360,4.0,4,,,,,,,,
,,,,,44363,3.0,3,,,,,,,,
,,,,,44366,3.0,3,,,,,,,,
,,,,,44369,3.0,3,,,,,,,,
,,,,,44376,7.0,7,,,,,,,,
,,,,,44380,4.0,4,,,,,,,,
,,,,,44395,15.0,15,,,,,,,,
,,,,,44399,4.0,4,,,,,,,,
,,,,,44409,10.0,10,,,,,,,,
,,,,,44417,8.0,8,,,,,,,,
,,,,,44420,3.0,3,,,,,,,,
,,,,,44426,6.0,6,,,,,,,,
,,,,,44433,7.0,7,,,,,,,,
,,,,,44447,14.0,14,,,,,,,,
,,,,,44450,3.0,3,,,,,,,,
,,,,,44454,4.0,4,,,,,,,,
,,,,,44463,9.0,9,,,,,,,,
,,,,,44466,3.0,3,,,,,,,,
,,,,,44471,5.0,5,,,,,,,,
,,,,,44480,9.0,9,,,,,,,,
,,,,,44483,3.0,3,,,,,,,,
,,,,,44490,7.0,7,,,,,,,,
,,,,,44500,10.0,10,,,,,,,,
,,,,,44506,6.0,6,,,,,,,,
,,,,,44511,5.0,5,,,,,,,,
,,,,,44520,9.0,9,,,,,,,,
,,,,,44524,4.0,4,,,,,,,,
,,,,,44530,6.0,6,,,,,,,,
,,,,,44533,3.0,3,,,,,,,,
,,,,,44537,4.0,4,,,,,,,,
,,,,,44544,7.0,7,,,,,,,,
,,,,,44548,4.0,4,,,,,,,,
,,,,,44566,18.0,18,,,,,,,,
,,,,,44572,6.0,6,,,,,,,,
,,,,,44575,3.0,3,,,,,,,,
,,,,,44578,3.0,3,,,,,,,,
,,,,,44583,5.0,5,,,,,,,,
,,,,,44587,4.0,4,,,,,,,,
,,,,,44592,5.0,5,,,,,,,,
,,,,,44596,4.0,4,,,,,,,,
,,,,,44599,3.0,3,,,,,,,,
,,,,,44602,3.0,3,,,,,,,,
,,,,,44606,4.0,4,,,,,,,,
,,,,,44611,5.0,5,,,,,,,,
,,,,,44618,7.0,7,,,,,,,,
,,,,,44622,4.0,4,,,,,,,,
,,,,,44628,6.0,6,,,,,,,,
,,,,,44631,3.0,3,,,,,,,,
,,,,,44640,9.0,9,,,,,,,,
,,,,,44645,5.0,5,,,,,,,,
,,,,,44651,6.0,6,,,,,,,,
,,,,,44655,4.0,4,,,,,,,,
,,,,,44664,9.0,9,,,,,,,,
,,,,,44678,14.0,14,,,,,,,,
,,,,,44686,8.0,8,,,,,,,,
,,,,,44690,4.0,4,,,,,,,,
,,,,,44694,4.0,4,,,,,,,,
,,,,,44699,5.0,5,,,,,,,,
,,,,,44710,11.0,11,,,,,,,,
,,,,,44719,9.0,9,,,,,,,,
,,,,,44725,6.0,6,,,,,,,,
,,,,,44734,9.0,9,,,,,,,,
,,,,,44753,19.0,19,,,,,,,,
,,,,,44759,6.0,6,,,,,,,,
,,,,,44763,4.0,4,,,,,,,,
,,,,,44769,6.0,6,,,,,,,,
,,,,,44773,4.0,4,,,,,,,,
,,,,,44776,3.0,3,,,,,,,,
,,,,,44784,8.0,8,,,,,,,,
,,,,,44787,3.0,3,,,,,,,,
,,,,,44792,5.0,5,,,,,,,,
,,,,,44795,3.0,3,,,,,,,,
,,,,,44800,5.0,5,,,,,,,,
,,,,,44809,9.0,9,,,,,,,,
,,,,,44816,7.0,7,,,,,,,,
,,,,,44828,12.0,12,,,,,,,,
,,,,,44835,7.0,7,,,,,,,,
,,,,,44840,5.0,5,,,,,,,,
,,,,,44846,6.0,6,,,,,,,,
,,,,,44849,3.0,3,,,,,,,,
,,,,,44852,3.0,3,,,,,,,,
,,,,,44855,3.0,3,,,,,,,,
,,,,,44866,11.0,11,,,,,,,,
,,,,,44869,3.0,3,,,,,,,,
,,,,,44874,5.0,5,,,,,,,,
,,,,,44882,8.0,8,,,,,,,,
,,,,,44886,4.0,4,,,,,,,,
,,,,,44890,4.0,4,,,,,,,,
,,,,,44894,4.0,4,,,,,,,,
,,,,,44900,6.0,6,,,,,,,,
,,,,,44903,3.0,3,,,,,,,,
,,,,,44909,6.0,6,,,,,,,,
,,,,,44916,7.0,7,,,,,,,,
,,,,,44920,4.0,4,,,,,,,,
,,,,,44923,3.0,3,,,,,,,,
,,,,,44932,9.0,9,,,,,,,,
,,,,,44941,9.0,9,,,,,,,,
,,,,,44946,5.0,5,,,,,,,,
,,,,,44949,3.0,3,,,,,,,,
,,,,,44953,4.0,4,,,,,,,,
,,,,,44960,7.0,7,,,,,,,,
,,,,,44965,5.0,5,,,,,,,,
,,,,,44980,15.0,15,,,,,,,,
,,,,,44983,3.0,3,,,,,,,,
,,,,,44990,7.0,7,,,,,,,,
,,,,,44998,8.0,8,,,,,,,,
7.7,3.6069376,14.0,4.0,7.7,45000,,,-8.929903030395508,89.29902648925781,159.32989501953125,34.33214569091797,33.38679122924805,0.0003,0.0003,0.1
,,,,,45001,3.0,3,,,,,,,,
,,,,,45005,4.0,4,,,,,,,,
,,,,,45008,3.0,3,,,,,,,,
,,,,,45018,10.0,10,,,,,,,,
,,,,,45023,5.0,5,,,,,,,,
,,,,,45041,18.0,18,,,,,,,,
,,,,,45052,11.0,11,,,,,,,,
,,,,,45061,9.0,9,,,,,,,,
,,,,,45065,4.0,4,,,,,,,,
,,,,,45072,7.0,7,,,,,,,,
,,,,,45075,3.0,3,,,,,,,,
,,,,,45085,10.0,10,,,,,,,,
,,,,,45088,3.0,3,,,,,,,,
,,,,,45091,3.0,3,,,,,,,,
,,,,,45096,5.0,5,,,,,,,,
,,,,,45099,3.0,3,,,,,,,,
,,,,,45104,5.0,5,,,,,,,,
,,,,,45108,4.0,4,,,,,,,,
,,,,,45113,5.0,5,,,,,,,,
,,,,,45120,7.0,7,,,,,,,,
,,,,,45124,4.0,4,,,,,,,,
,,,,,45128,4.0,4,,,,,,,,
,,,,,45135,7.0,7,,,,,,,,
,,,,,45144,9.0,9,,,,,,,,
,,,,,45149,5.0,5,,,,,,,,
,,,,,45153,4.0,4,,,,,,,,
,,,,,45157,4.0,4,,,,,,,,
,,,,,45167,10.0,10,,,,,,,,
,,,,,45183,16.0,16,,,,,,,,
,,,,,45188,5.0,5,,,,,,,,
,,,,,45197,9.0,9,,,,,,,,
,,,,,45200,3.0,3,,,,,,,,
,,,,,45204,4.0,4,,,,,,,,
,,,,,45207,3.0,3,,,,,,,,
,,,,,45212,5.0,5,,,,,,,,
,,,,,45216,4.0,4,,,,,,,,
,,,,,45223,7.0,7,,,,,,,,
,,,,,45233,10.0,10,,,,,,,,
,,,,,45239,6.0,6,,,,,,,,
,,,,,45244,5.0,5,,,,,,,,
,,,,,45247,3.0,3,,,,,,,,
,,,,,45251,4.0,4,,,,,,,,
,,,,,45254,3.0,3,,,,,,,,
,,,,,45257,3.0,3,,,,,,,,
,,,,,45261,4.0,4,,,,,,,,
,,,,,45266,5.0,5,,,,,,,,
,,,,,45280,14.0,14,,,,,,,,
,,,,,45294,14.0,14,,,,,,,,
,,,,,45297,3.0,3,,,,,,,,
,,,,,45301,4.0,4,,,,,,,,
,,,,,45315,14.0,14,,,,,,,,
,,,,,45333,18.0,18,,,,,,,,
,,,,,45338,5.0,5,,,,,,,,
,,,,,45342,4.0,4,,,,,,,,
,,,,,45347,5.0,5,,,,,,,,
,,,,,45351,4.0,4,,,,,,,,
,,,,,45358,7.0,7,,,,,,,,
,,,,,45364,6.0,6,,,,,,,,
,,,,,45371,7.0,7,,,,,,,,
,,,,,45377,6.0,6,,,,,,,,
,,,,,45381,4.0,4,,,,,,,,
,,,,,45390,9.0,9,,,,,,,,
,,,,,45393,3.0,3,,,,,,,,
,,,,,45398,5.0,5,,,,,,,,
,,,,,45405,7.0,7,,,,,,,,
,,,,,45409,4.0,4,,,,,,,,
,,,,,45412,3.0,3,,,,,,,,
,,,,,45423,11.0,11,,,,,,,,
,,,,,45438,15.0,15,,,,,,,,
,,,,,45442,4.0,4,,,,,,,,
,,,,,45448,6.0,6,,,,,,,,
,,,,,45451,3.0,3,,,,,,,,
,,,,,45454,3.0,3,,,,,,,,
,,,,,45468,14.0,14,,,,,,,,
,,,,,45471,3.0,3,,,,,,,,
,,,,,45474,3.0,3,,,,,,,,
,,,,,45478,4.0,4,,,,,,,,
,,,,,45486,8.0,8,,,,,,,,
,,,,,45492,6.0,6,,,,,,,,
,,,,,45496,4.0,4,,,,,,,,
,,,,,45499,3.0,3,,,,,,,,
,,,,,45504,5.0,5,,,,,,,,
,,,,,45508,4.0,4,,,,,,,,
,,,,,45513,5.0,5,,,,,,,,
,,,,,45516,3.0,3,,,,,,,,
,,,,,45527,11.0,11,,,,,,,,
,,,,,45534,7.0,7,,,,,,,,
,,,,,45537,3.0,3,,,,,,,,
,,,,,45540,3.0,3,,,,,,,,
,,,,,45543,3.0,3,,,,,,,,
,,,,,45546,3.0,3,,,,,,,,
,,,,,45550,4.0,4,,,,,,,,
,,,,,45554,4.0,4,,,,,,,,
,,,,,45559,5.0,5,,,,,,,,
,,,,,45570,11.0,11,,,,,,,,
,,,,,45580,10.0,10,,,,,,,,
,,,,,45584,4.0,4,,,,,,,,
,,,,,45591,7.0,7,,,,,,,,
,,,,,45594,3.0,3,,,,,,,,
,,,,,45598,4.0,4,,,,,,,,
,,,,,45603,5.0,5,,,,,,,,
,,,,,45607,4.0,4,,,,,,,,
,,,,,45613,6.0,6,,,,,,,,
,,,,,45617,4.0,4,,,,,,,,
,,,,,45620,3.0,3,,,,,,,,
,,,,,45623,3.0,3,,,,,,,,
,,,,,45626,3.0,3,,,,,,,,
,,,,,45629,3.0,3,,,,,,,,
,,,,,45634,5.0,5,,,,,,,,
,,,,,45639,5.0,5,,,,,,,,
,,,,,45649,10.0,10,,,,,,,,
,,,,,45656,7.0,7,,,,,,,,
,,,,,45662,6.0,6,,,,,,,,
,,,,,45666,4.0,4,,,,,,,,
,,,,,45673,7.0,7,,,,,,,,
,,,,,45676,3.0,3,,,,,,,,
,,,,,45681,5.0,5,,,,,,,,
,,,,,45684,3.0,3,,,,,,,,
,,,,,45692,8.0,8,,,,,,,,
,,,,,45696,4.0,4,,,,,,,,
,,,,,45708,12.0,12,,,,,,,,
,,,,,45716,8.0,8,,,,,,,,
,,,,,45724,8.0,8,,,,,,,,
,,,,,45729,5.0,5,,,,,,,,
,,,,,45738,9.0,9,,,,,,,,
,,,,,45743,5.0,5,,,,,,,,
,,,,,45757,14.0,14,,,,,,,,
,,,,,45764,7.0,7,,,,,,,,
,,,,,45768,4.0,4,,,,,,,,
,,,,,45787,19.0,19,,,,,,,,
,,,,,45792,5.0,5,,,,,,,,
,,,,,45795,3.0,3,,,,,,,,
,,,,,45800,5.0,5,,,,,,,,
,,,,,45803,3.0,3,,,,,,,,
,,,,,45810,7.0,7,,,,,,,,
,,,,,45815,5.0,5,,,,,,,,
,,,,,45827,12.0,12,,,,,,,,
,,,,,45833,6.0,6,,,,,,,,
,,,,,45836,3.0,3,,,,,,,,
,,,,,45843,7.0,7,,,,,,,,
,,,,,45847,4.0,4,,,,,,,,
,,,,,45859,12.0,12,,,,,,,,
,,,,,45867,8.0,8,,,,,,,,
,,,,,45872,5.0,5,,,,,,,,
,,,,,45889,17.0,17,,,,,,,,
,,,,,45892,3.0,3,,,,,,,,
,,,,,45896,4.0,4,,,,,,,,
,,,,,45900,4.0,4,,,,,,,,
,,,,,45903,3.0,3,,,,,,,,
,,,,,45913,10.0,10,,,,,,,,
,,,,,45918,5.0,5,,,,,,,,
,,,,,45927,9.0,9,,,,,,,,
,,,,,45931,4.0,4,,,,,,,,
,,,,,45936,5.0,5,,,,,,,,
,,,,,45940,4.0,4,,,,,,,,
,,,,,45944,4.0,4,,,,,,,,
,,,,,45954,10.0,10,,,,,,,,
,,,,,45959,5.0,5,,,,,,,,
,,,,,45963,4.0,4,,,,,,,,
,,,,,45970,7.0,7,,,,,,,,
,,,,,45974,4.0,4,,,,,,,,
,,,,,45978,4.0,4,,,,,,,,
,,,,,45982,4.0,4,,,,,,,,
,,,,,45995,13.0,13,,,,,,,,
,,,,,45999,4.0,4,,,,,,,,
,,,,,46000,,,-8.730181694030762,87.30181884765625,149.19540405273438,36.821624755859375,37.53898620605469,0.0003,0.0003,0.1
,,,,,46002,3.0,3,,,,,,,,
,,,,,46006,4.0,4,,,,,,,,
,,,,,46009,3.0,3,,,,,,,,
,,,,,46013,4.0,4,,,,,,,,
,,,,,46020,7.0,7,,,,,,,,
,,,,,46024,4.0,4,,,,,,,,
,,,,,46028,4.0,4,,,,,,,,
,,,,,46031,3.0,3,,,,,,,,
,,,,,46035,4.0,4,,,,,,,,
,,,,,46047,12.0,12,,,,,,,,
,,,,,46050,3.0,3,,,,,,,,
,,,,,46054,4.0,4,,,,,,,,
,,,,,46057,3.0,3,,,,,,,,
,,,,,46065,8.0,8,,,,,,,,
,,,,,46071,6.0,6,,,,,,,,
,,,,,46075,4.0,4,,,,,,,,
,,,,,46079,4.0,4,,,,,,,,
,,,,,46082,3.0,3,,,,,,,,
,,,,,46087,5.0,5,,,,,,,,
,,,,,46090,3.0,3,,,,,,,,
,,,,,46102,12.0,12,,,,,,,,
,,,,,46105,3.0,3,,,,,,,,
,,,,,46110,5.0,5,,,,,,,,
,,,,,46113,3.0,3,,,,,,,,
,,,,,46126,13.0,13,,,,,,,,
,,,,,46131,5.0,5,,,,,,,,
,,,,,46135,4.0,4,,,,,,,,
,,,,,46139,4.0,4,,,,,,,,
,,,,,46142,3.0,3,,,,,,,,
,,,,,46147,5.0,5,,,,,,,,
,,,,,46152,5.0,5,,,,,,,,
,,,,,46164,12.0,12,,,,,,,,
,,,,,46167,3.0,3,,,,,,,,
,,,,,46170,3.0,3,,,,,,,,
,,,,,46175,5.0,5,,,,,,,,
,,,,,46178,3.0,3,,,,,,,,
,,,,,46184,6.0,6,,,,,,,,
,,,,,46187,3.0,3,,,,,,,,
,,,,,46191,4.0,4,,,,,,,,
,,,,,46194,3.0,3,,,,,,,,
,,,,,46199,5.0,5,,,,,,,,
,,,,,46202,3.0,3,,,,,,,,
,,,,,46218,16.0,16,,,,,,,,
,,,,,46222,4.0,4,,,,,,,,
,,,,,46229,7.0,7,,,,,,,,
,,,,,46233,4.0,4,,,,,,,,
,,,,,46237,4.0,4,,,,,,,,
,,,,,46243,6.0,6,,,,,,,,
,,,,,46250,7.0,7,,,,,,,,
,,,,,46260,10.0,10,,,,,,,,
,,,,,46275,15.0,15,,,,,,,,
,,,,,46279,4.0,4,,,,,,,,
,,,,,46286,7.0,7,,,,,,,,
,,,,,46292,6.0,6,,,,,,,,
,,,,,46296,4.0,4,,,,,,,,
,,,,,46299,3.0,3,,,,,,,,
,,,,,46311,12.0,12,,,,,,,,
,,,,,46315,4.0,4,,,,,,,,
,,,,,46319,4.0,4,,,,,,,,
,,,,,46322,3.0,3,,,,,,,,
,,,,,46328,6.0,6,,,,,,,,
,,,,,46334,6.0,6,,,,,,,,
,,,,,46354,20.0,20,,,,,,,,
,,,,,46359,5.0,5,,,,,,,,
,,,,,46368,9.0,9,,,,,,,,
,,,,,46371,3.0,3,,,,,,,,
,,,,,46376,5.0,5,,,,,,,,
,,,,,46388,12.0,12,,,,,,,,
,,,,,46392,4.0,4,,,,,,,,
,,,,,46399,7.0,7,,,,,,,,
,,,,,46406,7.0,7,,,,,,,,
,,,,,46418,12.0,12,,,,,,,,
,,,,,46427,9.0,9,,,,,,,,
,,,,,46437,10.0,10,,,,,,,,
,,,,,46442,5.0,5,,,,,,,,
,,,,,46445,3.0,3,,,,,,,,
,,,,,46450,5.0,5,,,,,,,,
,,,,,46454,4.0,4,,,,,,,,
,,,,,46459,5.0,5,,,,,,,,
,,,,,46473,14.0,14,,,,,,,,
,,,,,46482,9.0,9,,,,,,,,
,,,,,46494,12.0,12,,,,,,,,
,,,,,46498,4.0,4,,,,,,,,
,,,,,46504,6.0,6,,,,,,,,
,,,,,46508,4.0,4,,,,,,,,
,,,,,46512,4.0,4,,,,,,,,
,,,,,46522,10.0,10,,,,,,,,
,,,,,46529,7.0,7,,,,,,,,
,,,,,46535,6.0,6,,,,,,,,
,,,,,46540,5.0,5,,,,,,,,
,,,,,46546,6.0,6,,,,,,,,
,,,,,46557,11.0,11,,,,,,,,
,,,,,46560,3.0,3,,,,,,,,
,,,,,46569,9.0,9,,,,,,,,
,,,,,46576,7.0,7,,,,,,,,
,,,,,46581,5.0,5,,,,,,,,
,,,,,46585,4.0,4,,,,,,,,
,,,,,46597,12.0,12,,,,,,,,
,,,,,46601,4.0,4,,,,,,,,
,,,,,46610,9.0,9,,,,,,,,
,,,,,46614,4.0,4,,,,,,,,
,,,,,46624,10.0,10,,,,,,,,
,,,,,46633,9.0,9,,,,,,,,
,,,,,46636,3.0,3,,,,,,,,
,,,,,46643,7.0,7,,,,,,,,
,,,,,46655,12.0,12,,,,,,,,
,,,,,46659,4.0,4,,,,,,,,
,,,,,46664,5.0,5,,,,,,,,
,,,,,46671,7.0,7,,,,,,,,
,,,,,46674,3.0,3,,,,,,,,
,,,,,46685,11.0,11,,,,,,,,
,,,,,46693,8.0,8,,,,,,,,
,,,,,46697,4.0,4,,,,,,,,
,,,,,46707,10.0,10,,,,,,,,
,,,,,46711,4.0,4,,,,,,,,
,,,,,46721,10.0,10,,,,,,,,
,,,,,46737,16.0,16,,,,,,,,
,,,,,46740,3.0,3,,,,,,,,
,,,,,46744,4.0,4,,,,,,,,
,,,,,46749,5.0,5,,,,,,,,
,,,,,46754,5.0,5,,,,,,,,
,,,,,46758,4.0,4,,,,,,,,
,,,,,46761,3.0,3,,,,,,,,
,,,,,46766,5.0,5,,,,,,,,
,,,,,46771,5.0,5,,,,,,,,
,,,,,46774,3.0,3,,,,,,,,
,,,,,46778,4.0,4,,,,,,,,
,,,,,46790,12.0,12,,,,,,,,
,,,,,46794,4.0,4,,,,,,,,
,,,,,46800,6.0,6,,,,,,,,
,,,,,46805,5.0,5,,,,,,,,
,,,,,46808,3.0,3,,,,,,,,
,,,,,46815,7.0,7,,,,,,,,
,,,,,46818,3.0,3,,,,,,,,
,,,,,46826,8.0,8,,,,,,,,
,,,,,46830,4.0,4,,,,,,,,
,,,,,46835,5.0,5,,,,,,,,
,,,,,46839,4.0,4,,,,,,,,
,,,,,46844,5.0,5,,,,,,,,
,,,,,46847,3.0,3,,,,,,,,
,,,,,46852,5.0,5,,,,,,,,
,,,,,46855,3.0,3,,,,,,,,
,,,,,46861,6.0,6,,,,,,,,
,,,,,46870,9.0,9,,,,,,,,
,,,,,46875,5.0,5,,,,,,,,
,,,,,46878,3.0,3,,,,,,,,
,,,,,46884,6.0,6,,,,,,,,
,,,,,46890,6.0,6,,,,,,,,
,,,,,46894,4.0,4,,,,,,,,
,,,,,46907,13.0,13,,,,,,,,
,,,,,46915,8.0,8,,,,,,,,
,,,,,46920,5.0,5,,,,,,,,
,,,,,46923,3.0,3,,,,,,,,
,,,,,46928,5.0,5,,,,,,,,
,,,,,46931,3.0,3,,,,,,,,
,,,,,46935,4.0,4,,,,,,,,
,,,,,46939,4.0,4,,,,,,,,
,,,,,46943,4.0,4,,,,,,,,
,,,,,46946,3.0,3,,,,,,,,
,,,,,46955,9.0,9,,,,,,,,
,,,,,46962,7.0,7,,,,,,,,
,,,,,46969,7.0,7,,,,,,,,
,,,,,46973,4.0,4,,,,,,,,
,,,,,46980,7.0,7,,,,,,,,
,,,,,46983,3.0,3,,,,,,,,
,,,,,46989,6.0,6,,,,,,,,
,,,,,46993,4.0,4,,,,,,,,
,,,,,46997,4.0,4,,,,,,,,
,,,,,47000,,,-8.94705581665039,89.4705581665039,153.19354248046875,33.514610290527344,33.29431915283203,0.0003,0.0003,0.1
,,,,,47003,6.0,6,,,,,,,,
,,,,,47009,6.0,6,,,,,,,,
,,,,,47015,6.0,6,,,,,,,,
,,,,,47018,3.0,3,,,,,,,,
,,,,,47028,10.0,10,,,,,,,,
,,,,,47036,8.0,8,,,,,,,,
,,,,,47045,9.0,9,,,,,,,,
,,,,,47050,5.0,5,,,,,,,,
,,,,,47054,4.0,4,,,,,,,,
,,,,,47058,4.0,4,,,,,,,,
,,,,,47070,12.0,12,,,,,,,,
,,,,,47074,4.0,4,,,,,,,,
,,,,,47080,6.0,6,,,,,,,,
,,,,,47086,6.0,6,,,,,,,,
,,,,,47089,3.0,3,,,,,,,,
,,,,,47094,5.0,5,,,,,,,,
,,,,,47100,6.0,6,,,,,,,,
,,,,,47108,8.0,8,,,,,,,,
,,,,,47112,4.0,4,,,,,,,,
,,,,,47115,3.0,3,,,,,,,,
,,,,,47119,4.0,4,,,,,,,,
,,,,,47123,4.0,4,,,,,,,,
,,,,,47132,9.0,9,,,,,,,,
,,,,,47137,5.0,5,,,,,,,,
,,,,,47145,8.0,8,,,,,,,,
,,,,,47150,5.0,5,,,,,,,,
,,,,,47157,7.0,7,,,,,,,,
,,,,,47160,3.0,3,,,,,,,,
,,,,,47163,3.0,3,,,,,,,,
,,,,,47172,9.0,9,,,,,,,,
,,,,,47176,4.0,4,,,,,,,,
,,,,,47180,4.0,4,,,,,,,,
,,,,,47183,3.0,3,,,,,,,,
,,,,,47190,7.0,7,,,,,,,,
,,,,,47194,4.0,4,,,,,,,,
,,,,,47198,4.0,4,,,,,,,,
,,,,,47203,5.0,5,,,,,,,,
,,,,,47214,11.0,11,,,,,,,,
,,,,,47220,6.0,6,,,,,,,,
,,,,,47225,5.0,5,,,,,,,,
,,,,,47229,4.0,4,,,,,,,,
,,,,,47237,8.0,8,,,,,,,,
,,,,,47242,5.0,5,,,,,,,,
,,,,,47245,3.0,3,,,,,,,,
,,,,,47251,6.0,6,,,,,,,,
,,,,,47255,4.0,4,,,,,,,,
,,,,,47262,7.0,7,,,,,,,,
,,,,,47273,11.0,11,,,,,,,,
,,,,,47276,3.0,3,,,,,,,,
,,,,,47288,12.0,12,,,,,,,,
,,,,,47296,8.0,8,,,,,,,,
,,,,,47301,5.0,5,,,,,,,,
,,,,,47305,4.0,4,,,,,,,,
,,,,,47308,3.0,3,,,,,,,,
,,,,,47311,3.0,3,,,,,,,,
,,,,,47316,5.0,5,,,,,,,,
,,,,,47323,7.0,7,,,,,,,,
,,,,,47327,4.0,4,,,,,,,,
,,,,,47331,4.0,4,,,,,,,,
,,,,,47334,3.0,3,,,,,,,,
,,,,,47338,4.0,4,,,,,,,,
,,,,,47342,4.0,4,,,,,,,,
,,,,,47346,4.0,4,,,,,,,,
,,,,,47353,7.0,7,,,,,,,,
,,,,,47357,4.0,4,,,,,,,,
,,,,,47360,3.0,3,,,,,,,,
,,,,,47364,4.0,4,,,,,,,,
,,,,,47370,6.0,6,,,,,,,,
,,,,,47373,3.0,3,,,,,,,,
,,,,,47377,4.0,4,,,,,,,,
,,,,,47382,5.0,5,,,,,,,,
,,,,,47388,6.0,6,,,,,,,,
,,,,,47392,4.0,4,,,,,,,,
,,,,,47399,7.0,7,,,,,,,,
,,,,,47406,7.0,7,,,,,,,,
,,,,,47409,3.0,3,,,,,,,,
,,,,,47413,4.0,4,,,,,,,,
,,,,,47424,11.0,11,,,,,,,,
,,,,,47429,5.0,5,,,,,,,,
,,,,,47433,4.0,4,,,,,,,,
,,,,,47436,3.0,3,,,,,,,,
,,,,,47445,9.0,9,,,,,,,,
,,,,,47449,4.0,4,,,,,,,,
,,,,,47457,8.0,8,,,,,,,,
,,,,,47461,4.0,4,,,,,,,,
,,,,,47473,12.0,12,,,,,,,,
,,,,,47478,5.0,5,,,,,,,,
,,,,,47481,3.0,3,,,,,,,,
,,,,,47492,11.0,11,,,,,,,,
,,,,,47496,4.0,4,,,,,,,,
,,,,,47500,4.0,4,,,,,,,,
,,,,,47505,5.0,5,,,,,,,,
,,,,,47510,5.0,5,,,,,,,,
,,,,,47526,16.0,16,,,,,,,,
,,,,,47529,3.0,3,,,,,,,,
,,,,,47532,3.0,3,,,,,,,,
,,,,,47537,5.0,5,,,,,,,,
,,,,,47540,3.0,3,,,,,,,,
,,,,,47545,5.0,5,,,,,,,,
,,,,,47548,3.0,3,,,,,,,,
,,,,,47561,13.0,13,,,,,,,,
,,,,,47564,3.0,3,,,,,,,,
,,,,,47567,3.0,3,,,,,,,,
,,,,,47572,5.0,5,,,,,,,,
,,,,,47576,4.0,4,,,,,,,,
,,,,,47583,7.0,7,,,,,,,,
,,,,,47590,7.0,7,,,,,,,,
,,,,,47598,8.0,8,,,,,,,,
,,,,,47604,6.0,6,,,,,,,,
,,,,,47610,6.0,6,,,,,,,,
,,,,,47617,7.0,7,,,,,,,,
,,,,,47629,12.0,12,,,,,,,,
,,,,,47636,7.0,7,,,,,,,,
,,,,,47639,3.0,3,,,,,,,,
,,,,,47650,11.0,11,,,,,,,,
,,,,,47659,9.0,9,,,,,,,,
,,,,,47665,6.0,6,,,,,,,,
,,,,,47675,10.0,10,,,,,,,,
,,,,,47679,4.0,4,,,,,,,,
,,,,,47686,7.0,7,,,,,,,,
,,,,,47690,4.0,4,,,,,,,,
,,,,,47709,19.0,19,,,,,,,,
,,,,,47721,12.0,12,,,,,,,,
,,,,,47724,3.0,3,,,,,,,,
,,,,,47729,5.0,5,,,,,,,,
,,,,,47734,5.0,5,,,,,,,,
,,,,,47740,6.0,6,,,,,,,,
,,,,,47748,8.0,8,,,,,,,,
,,,,,47753,5.0,5,,,,,,,,
,,,,,47757,4.0,4,,,,,,,,
,,,,,47775,18.0,18,,,,,,,,
,,,,,47779,4.0,4,,,,,,,,
,,,,,47783,4.0,4,,,,,,,,
,,,,,47786,3.0,3,,,,,,,,
,,,,,47790,4.0,4,,,,,,,,
,,,,,47796,6.0,6,,,,,,,,
,,,,,47805,9.0,9,,,,,,,,
,,,,,47809,4.0,4,,,,,,,,
,,,,,47814,5.0,5,,,,,,,,
,,,,,47829,15.0,15,,,,,,,,
,,,,,47833,4.0,4,,,,,,,,
,,,,,47840,7.0,7,,,,,,,,
,,,,,47844,4.0,4,,,,,,,,
,,,,,47852,8.0,8,,,,,,,,
,,,,,47871,19.0,19,,,,,,,,
,,,,,47878,7.0,7,,,,,,,,
,,,,,47881,3.0,3,,,,,,,,
,,,,,47884,3.0,3,,,,,,,,
,,,,,47892,8.0,8,,,,,,,,
,,,,,47898,6.0,6,,,,,,,,
,,,,,47901,3.0,3,,,,,,,,
,,,,,47915,14.0,14,,,,,,,,
,,,,,47924,9.0,9,,,,,,,,
,,,,,47928,4.0,4,,,,,,,,
,,,,,47931,3.0,3,,,,,,,,
,,,,,47935,4.0,4,,,,,,,,
,,,,,47945,10.0,10,,,,,,,,
,,,,,47951,6.0,6,,,,,,,,
,,,,,47955,4.0,4,,,,,,,,
,,,,,47958,3.0,3,,,,,,,,
,,,,,47963,5.0,5,,,,,,,,
,,,,,47968,5.0,5,,,,,,,,
,,,,,47973,5.0,5,,,,,,,,
,,,,,47983,10.0,10,,,,,,,,
,,,,,47988,5.0,5,,,,,,,,
,,,,,47999,11.0,11,,,,,,,,
,,,,,48000,,,-8.672778129577637,86.727783203125,127.89695739746094,32.95571517944336,34.85207748413086,0.0003,0.0003,0.1
,,,,,48004,5.0,5,,,,,,,,
,,,,,48009,5.0,5,,,,,,,,
,,,,,48012,3.0,3,,,,,,,,
,,,,,48016,4.0,4,,,,,,,,
,,,,,48022,6.0,6,,,,,,,,
,,,,,48029,7.0,7,,,,,,,,
,,,,,48034,5.0,5,,,,,,,,
,,,,,48040,6.0,6,,,,,,,,
,,,,,48047,7.0,7,,,,,,,,
,,,,,48051,4.0,4,,,,,,,,
,,,,,48060,9.0,9,,,,,,,,
,,,,,48068,8.0,8,,,,,,,,
,,,,,48075,7.0,7,,,,,,,,
,,,,,48079,4.0,4,,,,,,,,
,,,,,48089,10.0,10,,,,,,,,
,,,,,48092,3.0,3,,,,,,,,
,,,,,48104,12.0,12,,,,,,,,
,,,,,48108,4.0,4,,,,,,,,
,,,,,48114,6.0,6,,,,,,,,
,,,,,48133,19.0,19,,,,,,,,
,,,,,48139,6.0,6,,,,,,,,
,,,,,48143,4.0,4,,,,,,,,
,,,,,48156,13.0,13,,,,,,,,
,,,,,48163,7.0,7,,,,,,,,
,,,,,48169,6.0,6,,,,,,,,
,,,,,48175,6.0,6,,,,,,,,
,,,,,48178,3.0,3,,,,,,,,
,,,,,48184,6.0,6,,,,,,,,
,,,,,48187,3.0,3,,,,,,,,
,,,,,48192,5.0,5,,,,,,,,
,,,,,48196,4.0,4,,,,,,,,
,,,,,48203,7.0,7,,,,,,,,
,,,,,48214,11.0,11,,,,,,,,
,,,,,48223,9.0,9,,,,,,,,
,,,,,48230,7.0,7,,,,,,,,
,,,,,48234,4.0,4,,,,,,,,
,,,,,48238,4.0,4,,,,,,,,
,,,,,48243,5.0,5,,,,,,,,
,,,,,48247,4.0,4,,,,,,,,
,,,,,48251,4.0,4,,,,,,,,
,,,,,48256,5.0,5,,,,,,,,
,,,,,48259,3.0,3,,,,,,,,
,,,,,48264,5.0,5,,,,,,,,
,,,,,48272,8.0,8,,,,,,,,
,,,,,48276,4.0,4,,,,,,,,
,,,,,48281,5.0,5,,,,,,,,
,,,,,48284,3.0,3,,,,,,,,
,,,,,48290,6.0,6,,,,,,,,
,,,,,48294,4.0,4,,,,,,,,
,,,,,48297,3.0,3,,,,,,,,
,,,,,48300,3.0,3,,,,,,,,
,,,,,48309,9.0,9,,,,,,,,
,,,,,48313,4.0,4,,,,,,,,
,,,,,48318,5.0,5,,,,,,,,
,,,,,48322,4.0,4,,,,,,,,
,,,,,48331,9.0,9,,,,,,,,
,,,,,48341,10.0,10,,,,,,,,
,,,,,48346,5.0,5,,,,,,,,
,,,,,48349,3.0,3,,,,,,,,
,,,,,48353,4.0,4,,,,,,,,
,,,,,48356,3.0,3,,,,,,,,
,,,,,48360,4.0,4,,,,,,,,
,,,,,48363,3.0,3,,,,,,,,
,,,,,48368,5.0,5,,,,,,,,
,,,,,48374,6.0,6,,,,,,,,
,,,,,48377,3.0,3,,,,,,,,
,,,,,48383,6.0,6,,,,,,,,
,,,,,48388,5.0,5,,,,,,,,
,,,,,48393,5.0,5,,,,,,,,
,,,,,48397,4.0,4,,,,,,,,
,,,,,48402,5.0,5,,,,,,,,
,,,,,48413,11.0,11,,,,,,,,
,,,,,48419,6.0,6,,,,,,,,
,,,,,48427,8.0,8,,,,,,,,
,,,,,48432,5.0,5,,,,,,,,
,,,,,48447,15.0,15,,,,,,,,
,,,,,48451,4.0,4,,,,,,,,
,,,,,48458,7.0,7,,,,,,,,
,,,,,48464,6.0,6,,,,,,,,
,,,,,48468,4.0,4,,,,,,,,
,,,,,48487,19.0,19,,,,,,,,
,,,,,48496,9.0,9,,,,,,,,
,,,,,48506,10.0,10,,,,,,,,
,,,,,48516,10.0,10,,,,,,,,
,,,,,48520,4.0,4,,,,,,,,
,,,,,48524,4.0,4,,,,,,,,
,,,,,48531,7.0,7,,,,,,,,
,,,,,48555,24.0,24,,,,,,,,
,,,,,48558,3.0,3,,,,,,,,
,,,,,48565,7.0,7,,,,,,,,
,,,,,48570,5.0,5,,,,,,,,
,,,,,48576,6.0,6,,,,,,,,
,,,,,48587,11.0,11,,,,,,,,
,,,,,48595,8.0,8,,,,,,,,
,,,,,48600,5.0,5,,,,,,,,
,,,,,48603,3.0,3,,,,,,,,
,,,,,48606,3.0,3,,,,,,,,
,,,,,48610,4.0,4,,,,,,,,
,,,,,48617,7.0,7,,,,,,,,
,,,,,48621,4.0,4,,,,,,,,
,,,,,48627,6.0,6,,,,,,,,
,,,,,48631,4.0,4,,,,,,,,
,,,,,48634,3.0,3,,,,,,,,
,,,,,48645,11.0,11,,,,,,,,
,,,,,48649,4.0,4,,,,,,,,
,,,,,48652,3.0,3,,,,,,,,
,,,,,48656,4.0,4,,,,,,,,
,,,,,48659,3.0,3,,,,,,,,
,,,,,48668,9.0,9,,,,,,,,
,,,,,48676,8.0,8,,,,,,,,
,,,,,48679,3.0,3,,,,,,,,
,,,,,48689,10.0,10,,,,,,,,
,,,,,48692,3.0,3,,,,,,,,
,,,,,48696,4.0,4,,,,,,,,
,,,,,48704,8.0,8,,,,,,,,
,,,,,48707,3.0,3,,,,,,,,
,,,,,48713,6.0,6,,,,,,,,
,,,,,48719,6.0,6,,,,,,,,
,,,,,48722,3.0,3,,,,,,,,
,,,,,48725,3.0,3,,,,,,,,
,,,,,48729,4.0,4,,,,,,,,
,,,,,48734,5.0,5,,,,,,,,
,,,,,48738,4.0,4,,,,,,,,
,,,,,48745,7.0,7,,,,,,,,
,,,,,48748,3.0,3,,,,,,,,
,,,,,48754,6.0,6,,,,,,,,
,,,,,48757,3.0,3,,,,,,,,
,,,,,48760,3.0,3,,,,,,,,
,,,,,48765,5.0,5,,,,,,,,
,,,,,48773,8.0,8,,,,,,,,
,,,,,48777,4.0,4,,,,,,,,
,,,,,48783,6.0,6,,,,,,,,
,,,,,48788,5.0,5,,,,,,,,
,,,,,48794,6.0,6,,,,,,,,
,,,,,48798,4.0,4,,,,,,,,
,,,,,48807,9.0,9,,,,,,,,
,,,,,48810,3.0,3,,,,,,,,
,,,,,48822,12.0,12,,,,,,,,
,,,,,48832,10.0,10,,,,,,,,
,,,,,48839,7.0,7,,,,,,,,
,,,,,48842,3.0,3,,,,,,,,
,,,,,48850,8.0,8,,,,,,,,
,,,,,48855,5.0,5,,,,,,,,
,,,,,48859,4.0,4,,,,,,,,
,,,,,48863,4.0,4,,,,,,,,
,,,,,48868,5.0,5,,,,,,,,
,,,,,48871,3.0,3,,,,,,,,
,,,,,48880,9.0,9,,,,,,,,
,,,,,48884,4.0,4,,,,,,,,
,,,,,48887,3.0,3,,,,,,,,
,,,,,48894,7.0,7,,,,,,,,
,,,,,48898,4.0,4,,,,,,,,
,,,,,48904,6.0,6,,,,,,,,
,,,,,48907,3.0,3,,,,,,,,
,,,,,48910,3.0,3,,,,,,,,
,,,,,48914,4.0,4,,,,,,,,
,,,,,48921,7.0,7,,,,,,,,
,,,,,48928,7.0,7,,,,,,,,
,,,,,48931,3.0,3,,,,,,,,
,,,,,48941,10.0,10,,,,,,,,
,,,,,48945,4.0,4,,,,,,,,
,,,,,48948,3.0,3,,,,,,,,
,,,,,48952,4.0,4,,,,,,,,
,,,,,48967,15.0,15,,,,,,,,
,,,,,48972,5.0,5,,,,,,,,
,,,,,48978,6.0,6,,,,,,,,
,,,,,48981,3.0,3,,,,,,,,
,,,,,48996,15.0,15,,,,,,,,
,,,,,48999,3.0,3,,,,,,,,
,,,,,49000,,,-8.828753471374512,88.28753662109375,166.12208557128906,34.13398361206055,35.248046875,0.0003,0.0003,0.1
,,,,,49004,5.0,5,,,,,,,,
,,,,,49012,8.0,8,,,,,,,,
,,,,,49021,9.0,9,,,,,,,,
,,,,,49029,8.0,8,,,,,,,,
,,,,,49038,9.0,9,,,,,,,,
,,,,,49042,4.0,4,,,,,,,,
,,,,,49045,3.0,3,,,,,,,,
,,,,,49053,8.0,8,,,,,,,,
,,,,,49056,3.0,3,,,,,,,,
,,,,,49062,6.0,6,,,,,,,,
,,,,,49067,5.0,5,,,,,,,,
,,,,,49071,4.0,4,,,,,,,,
,,,,,49074,3.0,3,,,,,,,,
,,,,,49083,9.0,9,,,,,,,,
,,,,,49087,4.0,4,,,,,,,,
,,,,,49094,7.0,7,,,,,,,,
,,,,,49098,4.0,4,,,,,,,,
,,,,,49102,4.0,4,,,,,,,,
,,,,,49105,3.0,3,,,,,,,,
,,,,,49115,10.0,10,,,,,,,,
,,,,,49124,9.0,9,,,,,,,,
,,,,,49127,3.0,3,,,,,,,,
,,,,,49135,8.0,8,,,,,,,,
,,,,,49139,4.0,4,,,,,,,,
,,,,,49144,5.0,5,,,,,,,,
,,,,,49152,8.0,8,,,,,,,,
,,,,,49156,4.0,4,,,,,,,,
,,,,,49161,5.0,5,,,,,,,,
,,,,,49165,4.0,4,,,,,,,,
,,,,,49168,3.0,3,,,,,,,,
,,,,,49172,4.0,4,,,,,,,,
,,,,,49176,4.0,4,,,,,,,,
,,,,,49180,4.0,4,,,,,,,,
,,,,,49185,5.0,5,,,,,,,,
,,,,,49188,3.0,3,,,,,,,,
,,,,,49194,6.0,6,,,,,,,,
,,,,,49199,5.0,5,,,,,,,,
,,,,,49205,6.0,6,,,,,,,,
,,,,,49211,6.0,6,,,,,,,,
,,,,,49220,9.0,9,,,,,,,,
,,,,,49227,7.0,7,,,,,,,,
,,,,,49236,9.0,9,,,,,,,,
,,,,,49249,13.0,13,,,,,,,,
,,,,,49256,7.0,7,,,,,,,,
,,,,,49261,5.0,5,,,,,,,,
,,,,,49273,12.0,12,,,,,,,,
,,,,,49278,5.0,5,,,,,,,,
,,,,,49283,5.0,5,,,,,,,,
,,,,,49286,3.0,3,,,,,,,,
,,,,,49290,4.0,4,,,,,,,,
,,,,,49295,5.0,5,,,,,,,,
,,,,,49298,3.0,3,,,,,,,,
,,,,,49303,5.0,5,,,,,,,,
,,,,,49314,11.0,11,,,,,,,,
,,,,,49317,3.0,3,,,,,,,,
,,,,,49320,3.0,3,,,,,,,,
,,,,,49323,3.0,3,,,,,,,,
,,,,,49327,4.0,4,,,,,,,,
,,,,,49339,12.0,12,,,,,,,,
,,,,,49347,8.0,8,,,,,,,,
,,,,,49352,5.0,5,,,,,,,,
,,,,,49362,10.0,10,,,,,,,,
,,,,,49368,6.0,6,,,,,,,,
,,,,,49373,5.0,5,,,,,,,,
,,,,,49379,6.0,6,,,,,,,,
,,,,,49384,5.0,5,,,,,,,,
,,,,,49388,4.0,4,,,,,,,,
,,,,,49392,4.0,4,,,,,,,,
,,,,,49400,8.0,8,,,,,,,,
,,,,,49409,9.0,9,,,,,,,,
,,,,,49415,6.0,6,,,,,,,,
,,,,,49420,5.0,5,,,,,,,,
,,,,,49428,8.0,8,,,,,,,,
,,,,,49432,4.0,4,,,,,,,,
,,,,,49438,6.0,6,,,,,,,,
,,,,,49453,15.0,15,,,,,,,,
,,,,,49457,4.0,4,,,,,,,,
,,,,,49462,5.0,5,,,,,,,,
,,,,,49466,4.0,4,,,,,,,,
,,,,,49470,4.0,4,,,,,,,,
,,,,,49482,12.0,12,,,,,,,,
,,,,,49486,4.0,4,,,,,,,,
,,,,,49497,11.0,11,,,,,,,,
,,,,,49504,7.0,7,,,,,,,,
,,,,,49507,3.0,3,,,,,,,,
,,,,,49513,6.0,6,,,,,,,,
,,,,,49521,8.0,8,,,,,,,,
,,,,,49534,13.0,13,,,,,,,,
,,,,,49542,8.0,8,,,,,,,,
,,,,,49551,9.0,9,,,,,,,,
,,,,,49557,6.0,6,,,,,,,,
,,,,,49567,10.0,10,,,,,,,,
,,,,,49571,4.0,4,,,,,,,,
,,,,,49582,11.0,11,,,,,,,,
,,,,,49587,5.0,5,,,,,,,,
,,,,,49599,12.0,12,,,,,,,,
,,,,,49611,12.0,12,,,,,,,,
,,,,,49615,4.0,4,,,,,,,,
,,,,,49619,4.0,4,,,,,,,,
,,,,,49622,3.0,3,,,,,,,,
,,,,,49626,4.0,4,,,,,,,,
,,,,,49629,3.0,3,,,,,,,,
,,,,,49632,3.0,3,,,,,,,,
,,,,,49637,5.0,5,,,,,,,,
,,,,,49641,4.0,4,,,,,,,,
,,,,,49645,4.0,4,,,,,,,,
,,,,,49648,3.0,3,,,,,,,,
,,,,,49654,6.0,6,,,,,,,,
,,,,,49661,7.0,7,,,,,,,,
,,,,,49669,8.0,8,,,,,,,,
,,,,,49675,6.0,6,,,,,,,,
,,,,,49684,9.0,9,,,,,,,,
,,,,,49689,5.0,5,,,,,,,,
,,,,,49700,11.0,11,,,,,,,,
,,,,,49707,7.0,7,,,,,,,,
,,,,,49713,6.0,6,,,,,,,,
,,,,,49716,3.0,3,,,,,,,,
,,,,,49729,13.0,13,,,,,,,,
,,,,,49742,13.0,13,,,,,,,,
,,,,,49748,6.0,6,,,,,,,,
,,,,,49767,19.0,19,,,,,,,,
,,,,,49772,5.0,5,,,,,,,,
,,,,,49775,3.0,3,,,,,,,,
,,,,,49778,3.0,3,,,,,,,,
,,,,,49783,5.0,5,,,,,,,,
,,,,,49788,5.0,5,,,,,,,,
,,,,,49793,5.0,5,,,,,,,,
,,,,,49796,3.0,3,,,,,,,,
,,,,,49801,5.0,5,,,,,,,,
,,,,,49809,8.0,8,,,,,,,,
,,,,,49812,3.0,3,,,,,,,,
,,,,,49823,11.0,11,,,,,,,,
,,,,,49829,6.0,6,,,,,,,,
,,,,,49834,5.0,5,,,,,,,,
,,,,,49838,4.0,4,,,,,,,,
,,,,,49848,10.0,10,,,,,,,,
,,,,,49854,6.0,6,,,,,,,,
,,,,,49858,4.0,4,,,,,,,,
,,,,,49861,3.0,3,,,,,,,,
,,,,,49871,10.0,10,,,,,,,,
,,,,,49877,6.0,6,,,,,,,,
,,,,,49880,3.0,3,,,,,,,,
,,,,,49883,3.0,3,,,,,,,,
,,,,,49893,10.0,10,,,,,,,,
,,,,,49896,3.0,3,,,,,,,,
,,,,,49904,8.0,8,,,,,,,,
,,,,,49909,5.0,5,,,,,,,,
,,,,,49913,4.0,4,,,,,,,,
,,,,,49916,3.0,3,,,,,,,,
,,,,,49920,4.0,4,,,,,,,,
,,,,,49923,3.0,3,,,,,,,,
,,,,,49928,5.0,5,,,,,,,,
,,,,,49931,3.0,3,,,,,,,,
,,,,,49940,9.0,9,,,,,,,,
,,,,,49950,10.0,10,,,,,,,,
,,,,,49955,5.0,5,,,,,,,,
,,,,,49966,11.0,11,,,,,,,,
,,,,,49973,7.0,7,,,,,,,,
,,,,,49978,5.0,5,,,,,,,,
,,,,,49986,8.0,8,,,,,,,,
,,,,,49991,5.0,5,,,,,,,,
,,,,,49995,4.0,4,,,,,,,,
,,,,,49998,3.0,3,,,,,,,,
