Eval_AverageReturn,Eval_StdReturn,Eval_MaxReturn,Eval_MinReturn,Eval_AverageEpLen,step,Train_EpisodeReturn,Train_EpisodeLen,actor_loss,entropy,critic_loss,q_values,target_values,alpha,alpha_loss,actor_lr,critic_lr,temperature
-248.44873,67.29911,-132.35509,-347.75537,1000.0,0,,,,,,,,,,,,
,,,,,999,-323.1704,1000,,,,,,,,,,
,,,,,1999,-373.12268,1000,,,,,,,,,,
,,,,,2999,-345.59708,1000,,,,,,,,,,
,,,,,3999,-380.24072,1000,,,,,,,,,,
,,,,,4999,-319.84192,1000,,,,,,,,,,
-209.98257,67.720116,-112.564095,-367.23203,1000.0,5000,,,,,,,,,,,,
,,,,,5999,-312.88568,1000,,,,,,,,,,
,,,,,6999,-234.21227,1000,,,,,,,,,,
,,,,,7999,-221.03566,1000,,,,,,,,,,
,,,,,8999,-192.43681,1000,,,,,,,,,,
,,,,,9999,-276.55045,1000,,,,,,,,,,
-234.2107,33.383778,-198.01173,-322.8741,1000.0,10000,,,-0.342667818069458,3.762197494506836,0.41839298605918884,-0.019886041060090065,0.0518137589097023,0.09999999403953552,0.96858811378479,0.0003,0.0003,0.09999001026153564
,,,,,10999,-226.57686,1000,,,,,,,,,,
,,,,,11000,,,-1.870575189590454,1.9434996843338013,0.4400283396244049,1.1738723516464233,1.1885240077972412,0.09074972569942474,0.717902660369873,0.0003,0.0003,0.09074126183986664
,,,,,11999,-204.1521,1000,,,,,,,,,,
,,,,,12000,,,-3.1213526725769043,2.5227038860321045,0.6630454063415527,2.605402708053589,2.6514525413513184,0.08251003175973892,0.7024563550949097,0.0003,0.0003,0.08250238001346588
,,,,,12999,-230.85368,1000,,,,,,,,,,
,,,,,13000,,,-4.704488754272461,1.6137908697128296,0.8322736024856567,3.9571104049682617,3.9287548065185547,0.07545144110918045,0.5671118497848511,0.0003,0.0003,0.07544495165348053
,,,,,13999,-195.20358,1000,,,,,,,,,,
,,,,,14000,,,-7.05142879486084,1.009952425956726,0.6388617753982544,6.141142845153809,6.1052045822143555,0.06928253918886185,0.4802439212799072,0.0003,0.0003,0.0692766085267067
,,,,,14999,-218.36531,1000,,,,,,,,,,
-165.48074,25.703684,-118.881935,-202.13441,1000.0,15000,,,-8.757476806640625,1.0328460931777954,0.5722233057022095,8.017929077148438,8.035581588745117,0.06358164548873901,0.44934114813804626,0.0003,0.0003,0.0635760948061943
,,,,,15999,-132.72197,1000,,,,,,,,,,
,,,,,16000,,,-10.77685546875,0.743921160697937,0.45706984400749207,9.972440719604492,10.004039764404297,0.05827604979276657,0.38257479667663574,0.0003,0.0003,0.05827099084854126
,,,,,16999,-13.860508,1000,,,,,,,,,,
,,,,,17000,,,-12.586469650268555,0.6209073066711426,0.3689417839050293,11.824119567871094,11.794078826904297,0.05340897664427757,0.34167057275772095,0.0003,0.0003,0.05340433120727539
,,,,,17999,342.97266,1000,,,,,,,,,,
,,,,,18000,,,-13.400568008422852,0.3529928922653198,0.4287603199481964,12.717964172363281,12.872821807861328,0.04898563399910927,0.302746444940567,0.0003,0.0003,0.048981454223394394
,,,,,18999,851.3051,1000,,,,,,,,,,
,,,,,19000,,,-17.35401725769043,-0.5621261596679688,0.4124717116355896,16.606435775756836,16.608394622802734,0.04504881054162979,0.2466188371181488,0.0003,0.0003,0.04504517838358879
,,,,,19999,826.9464,1000,,,,,,,,,,
1037.865,40.734215,1081.7284,944.4665,1000.0,20000,,,-18.933454513549805,-1.2482874393463135,0.43559539318084717,18.116455078125,18.06446075439453,0.04159286245703697,0.1979859471321106,0.0003,0.0003,0.04158956930041313
,,,,,20999,1132.1578,1000,,,,,,,,,,
,,,,,21000,,,-23.494712829589844,-2.3990349769592285,0.3992583155632019,22.545944213867188,22.60988998413086,0.03857548162341118,0.14156700670719147,0.0003,0.0003,0.03857263922691345
,,,,,21999,1180.7737,1000,,,,,,,,,,
,,,,,22000,,,-27.482690811157227,-2.7453160285949707,0.3727266192436218,26.423370361328125,26.392505645751953,0.035863008350133896,0.1239037811756134,0.0003,0.0003,0.035860441625118256
,,,,,22999,1368.2495,1000,,,,,,,,,,
,,,,,23000,,,-31.349178314208984,-3.4914069175720215,0.49468162655830383,30.326236724853516,30.440792083740234,0.03341921791434288,0.0848526805639267,0.0003,0.0003,0.033416811376810074
,,,,,23999,1497.1511,1000,,,,,,,,,,
,,,,,24000,,,-35.788814544677734,-3.8807373046875,0.4830380380153656,34.664939880371094,34.68795394897461,0.031163068488240242,0.0660281628370285,0.0003,0.0003,0.031161002814769745
,,,,,24999,1582.1914,1000,,,,,,,,,,
1574.6985,37.23605,1642.8196,1503.9259,1000.0,25000,,,-41.82110595703125,-4.097321510314941,0.43207716941833496,40.73283386230469,40.6605339050293,0.02922120876610279,0.04605266451835632,0.0003,0.0003,0.02921936847269535
,,,,,25999,1541.9823,1000,,,,,,,,,,
,,,,,26000,,,-45.48139953613281,-4.871220588684082,0.5007448196411133,44.371734619140625,44.34681701660156,0.02757813222706318,0.03062482364475727,0.0003,0.0003,0.027576515451073647
,,,,,26999,1700.3829,1000,,,,,,,,,,
,,,,,27000,,,-52.51416015625,-5.324871063232422,0.48496580123901367,51.34831619262695,51.42262268066406,0.026042578741908073,0.02559472620487213,0.0003,0.0003,0.02604084089398384
,,,,,27999,1885.5804,1000,,,,,,,,,,
,,,,,28000,,,-55.544921875,-5.3675947189331055,0.48271626234054565,54.41885757446289,54.33096694946289,0.02456064336001873,0.021400438621640205,0.0003,0.0003,0.024559086188673973
,,,,,28999,2104.43,1000,,,,,,,,,,
,,,,,29000,,,-62.11759567260742,-5.578168869018555,0.46377211809158325,61.015384674072266,61.03123474121094,0.02336973324418068,0.005142440088093281,0.0003,0.0003,0.023368751630187035
,,,,,29999,2267.5696,1000,,,,,,,,,,
2236.9321,32.473133,2280.9004,2177.0986,1000.0,30000,,,-68.70013427734375,-6.281956672668457,0.5224243402481079,67.43921661376953,67.36076354980469,0.02277873083949089,-0.002600558567792177,0.0003,0.0003,0.022778915241360664
,,,,,30999,2252.8904,1000,,,,,,,,,,
,,,,,31000,,,-74.05903625488281,-6.095701217651367,0.4433524012565613,72.7911376953125,72.6982421875,0.023227186873555183,-0.0044476245529949665,0.0003,0.0003,0.023228006437420845
,,,,,31999,2201.605,1000,,,,,,,,,,
,,,,,32000,,,-80.25865173339844,-5.959768295288086,0.4937480092048645,78.93357849121094,79.041015625,0.0247311070561409,-0.0036379238590598106,0.0003,0.0003,0.02473321184515953
,,,,,32999,1868.1976,1000,,,,,,,,,,
,,,,,33000,,,-85.31707763671875,-6.152873992919922,0.6076699495315552,84.0790023803711,84.05126190185547,0.02645415998995304,-0.006200338713824749,0.0003,0.0003,0.026455560699105263
,,,,,33999,2379.1357,1000,,,,,,,,,,
,,,,,34000,,,-91.7393798828125,-6.039050102233887,0.6751325130462646,90.52491760253906,90.56160736083984,0.026384972035884857,0.002394135808572173,0.0003,0.0003,0.02638469636440277
,,,,,34999,2460.0903,1000,,,,,,,,,,
2251.231,411.41354,2533.498,1346.8473,1000.0,35000,,,-97.08110046386719,-6.23638916015625,0.5780254602432251,95.76036071777344,95.80982208251953,0.02614814229309559,-0.0023831557482481003,0.0003,0.0003,0.026148365810513496
,,,,,35999,2530.9917,1000,,,,,,,,,,
,,,,,36000,,,-100.66483306884766,-5.939635276794434,0.5171306133270264,99.2535171508789,99.43109130859375,0.026181671768426895,-0.003964329604059458,0.0003,0.0003,0.02618308924138546
,,,,,36999,2705.008,1000,,,,,,,,,,
,,,,,37000,,,-109.09585571289062,-6.310561180114746,0.5521971583366394,107.89028930664062,107.76392364501953,0.02734965831041336,-0.008464578539133072,0.0003,0.0003,0.027351249009370804
,,,,,37999,2643.6194,1000,,,,,,,,,,
,,,,,38000,,,-112.05377960205078,-6.28489875793457,0.6200995445251465,110.59964752197266,110.74604797363281,0.029173538088798523,-0.004002185072749853,0.0003,0.0003,0.029174596071243286
,,,,,38999,2508.5483,1000,,,,,,,,,,
,,,,,39000,,,-121.5245361328125,-6.255014896392822,0.5311369895935059,120.17234802246094,120.22396087646484,0.03051874414086342,-0.00774303637444973,0.0003,0.0003,0.030521363019943237
,,,,,39999,2824.682,1000,,,,,,,,,,
2711.3691,46.1707,2821.6746,2654.5789,1000.0,40000,,,-125.85154724121094,-6.169415473937988,0.5963418483734131,124.53399658203125,124.49040222167969,0.032253481447696686,0.0031307153403759003,0.0003,0.0003,0.032254092395305634
,,,,,40999,2765.3735,1000,,,,,,,,,,
,,,,,41000,,,-133.1324005126953,-6.072427749633789,0.7749109864234924,131.74465942382812,131.74874877929688,0.03324935585260391,-0.003101618494838476,0.0003,0.0003,0.03325079008936882
,,,,,41999,2855.6218,1000,,,,,,,,,,
,,,,,42000,,,-138.3379364013672,-5.865687370300293,0.6208465099334717,137.08877563476562,137.07875061035156,0.03407686576247215,0.0038377975579351187,0.0003,0.0003,0.034077733755111694
,,,,,42999,2928.2532,1000,,,,,,,,,,
,,,,,43000,,,-141.71311950683594,-6.36772346496582,0.7775623798370361,140.2823486328125,140.05221557617188,0.03449057415127754,-0.009338266216218472,0.0003,0.0003,0.0344916507601738
,,,,,43999,3029.4468,1000,,,,,,,,,,
,,,,,44000,,,-147.83807373046875,-6.081594944000244,0.6872532963752747,146.5690155029297,146.50588989257812,0.03484859690070152,0.0005911299958825111,0.0003,0.0003,0.03484831377863884
,,,,,44999,3035.9985,1000,,,,,,,,,,
3034.7388,40.74749,3078.008,2957.3467,1000.0,45000,,,-154.01315307617188,-6.177560806274414,0.5574132800102234,152.55967712402344,152.59823608398438,0.035378627479076385,-0.007063898257911205,0.0003,0.0003,0.03537897393107414
,,,,,45999,3076.837,1000,,,,,,,,,,
,,,,,46000,,,-161.45892333984375,-5.870730876922607,0.5521788001060486,160.179931640625,160.1040802001953,0.03557242453098297,-0.002558426931500435,0.0003,0.0003,0.035574063658714294
,,,,,46999,2594.4036,1000,,,,,,,,,,
,,,,,47000,,,-164.26979064941406,-6.577845573425293,0.972080647945404,162.8536834716797,162.84036254882812,0.03631077706813812,-0.007766011171042919,0.0003,0.0003,0.03631160035729408
,,,,,47999,3069.6316,1000,,,,,,,,,,
,,,,,48000,,,-171.63270568847656,-5.917779922485352,0.5223710536956787,170.2735595703125,170.22935485839844,0.03536203131079674,0.017176007851958275,0.0003,0.0003,0.0353594534099102
,,,,,48999,3144.674,1000,,,,,,,,,,
,,,,,49000,,,-174.18502807617188,-6.288638114929199,0.6524053812026978,172.79238891601562,172.73553466796875,0.034223321825265884,-0.007931203581392765,0.0003,0.0003,0.03422245755791664
,,,,,49999,3011.5476,1000,,,,,,,,,,
3247.1726,75.0181,3341.0674,3116.4941,1000.0,50000,,,-179.87448120117188,-6.1833720207214355,1.0041673183441162,178.30540466308594,178.3874969482422,0.034085094928741455,-0.0008953509386628866,0.0003,0.0003,0.03408612683415413
,,,,,50999,3297.717,1000,,,,,,,,,,
,,,,,51000,,,-184.60958862304688,-6.164274215698242,0.6671682596206665,183.28102111816406,183.24740600585938,0.034743744879961014,0.0021318451035767794,0.0003,0.0003,0.034745052456855774
,,,,,51999,3160.774,1000,,,,,,,,,,
,,,,,52000,,,-190.50335693359375,-6.370045185089111,0.5787171721458435,189.0769805908203,189.20281982421875,0.035402026027441025,-0.014932665973901749,0.0003,0.0003,0.03540191426873207
,,,,,52999,3276.9294,1000,,,,,,,,,,
,,,,,53000,,,-196.15692138671875,-5.857831954956055,0.6852848529815674,194.83372497558594,195.07681274414062,0.03648298606276512,-0.0012363209389150143,0.0003,0.0003,0.03648469224572182
,,,,,53999,3301.4712,1000,,,,,,,,,,
,,,,,54000,,,-198.85963439941406,-5.859495162963867,0.7975499629974365,197.41552734375,197.26181030273438,0.03784333914518356,0.003508182242512703,0.0003,0.0003,0.037844717502593994
,,,,,54999,3280.8223,1000,,,,,,,,,,
3309.9438,36.44474,3355.7332,3229.627,1000.0,55000,,,-203.44866943359375,-6.288783073425293,0.6946965456008911,201.79458618164062,201.88003540039062,0.03916007652878761,-0.0060081337578594685,0.0003,0.0003,0.03915891796350479
,,,,,55999,3332.0276,1000,,,,,,,,,,
,,,,,56000,,,-207.49716186523438,-6.1177825927734375,0.7454873323440552,206.04722595214844,206.26290893554688,0.03995012119412422,0.0030706729739904404,0.0003,0.0003,0.03995012119412422
,,,,,56999,3294.7778,1000,,,,,,,,,,
,,,,,57000,,,-214.72567749023438,-5.652952671051025,0.8502647876739502,213.5042724609375,213.36746215820312,0.04050359129905701,0.01640409603714943,0.0003,0.0003,0.04050285741686821
,,,,,57999,3410.9214,1000,,,,,,,,,,
,,,,,58000,,,-218.57948303222656,-6.115592002868652,0.9055638313293457,217.23046875,217.27809143066406,0.04103868454694748,0.0018044179305434227,0.0003,0.0003,0.04103860631585121
,,,,,58999,3390.9702,1000,,,,,,,,,,
,,,,,59000,,,-225.09475708007812,-5.958796501159668,0.7041308283805847,223.73350524902344,223.70724487304688,0.041873589158058167,0.0002899277023971081,0.0003,0.0003,0.041873689740896225
,,,,,59999,3385.337,1000,,,,,,,,,,
3332.5579,53.73941,3405.346,3248.166,1000.0,60000,,,-228.93109130859375,-6.273926734924316,0.7022801041603088,227.72613525390625,227.6561279296875,0.04214584082365036,-0.013890009373426437,0.0003,0.0003,0.042147085070610046
,,,,,60999,3473.3408,1000,,,,,,,,,,
,,,,,61000,,,-229.3697509765625,-5.918686866760254,0.7547708749771118,227.94137573242188,227.9266357421875,0.04262156039476395,-0.009446687996387482,0.0003,0.0003,0.04262189567089081
,,,,,61999,3505.0796,1000,,,,,,,,,,
,,,,,62000,,,-232.86041259765625,-5.749229431152344,0.7566429972648621,231.60092163085938,231.62820434570312,0.043119654059410095,0.0012943567708134651,0.0003,0.0003,0.04311851039528847
,,,,,62999,3463.3503,1000,,,,,,,,,,
,,,,,63000,,,-239.59671020507812,-6.041337490081787,0.6652569770812988,238.2803955078125,238.34483337402344,0.04281055927276611,-0.007128685712814331,0.0003,0.0003,0.04281099885702133
,,,,,63999,3524.4087,1000,,,,,,,,,,
,,,,,64000,,,-242.1331787109375,-6.083521842956543,0.6573625802993774,240.6082763671875,240.71426391601562,0.04314543306827545,-0.0020638538990169764,0.0003,0.0003,0.04314657673239708
,,,,,64999,3575.9756,1000,,,,,,,,,,
3407.6218,343.49582,3587.3591,2381.7278,1000.0,65000,,,-247.7168731689453,-6.213258743286133,0.6312557458877563,246.34915161132812,246.37002563476562,0.04315408691763878,-0.00802888348698616,0.0003,0.0003,0.04315447434782982
,,,,,65999,3568.0327,1000,,,,,,,,,,
,,,,,66000,,,-251.6362762451172,-6.108691215515137,0.6657482385635376,250.16668701171875,250.26370239257812,0.04351741075515747,-0.006518455222249031,0.0003,0.0003,0.043518051505088806
,,,,,66999,3497.1758,1000,,,,,,,,,,
,,,,,67000,,,-258.2774658203125,-5.951601982116699,0.6804152727127075,257.16424560546875,257.10772705078125,0.04352646693587303,0.0020597525872290134,0.0003,0.0003,0.04352562874555588
,,,,,67999,3554.5322,1000,,,,,,,,,,
,,,,,68000,,,-255.83340454101562,-5.683557033538818,0.7289890050888062,254.48660278320312,254.61334228515625,0.043632667511701584,0.013684181496500969,0.0003,0.0003,0.04363048076629639
,,,,,68999,3621.989,1000,,,,,,,,,,
,,,,,69000,,,-262.4239501953125,-5.470959663391113,0.7317472100257874,261.0814208984375,261.191162109375,0.044007278978824615,0.025718089193105698,0.0003,0.0003,0.04400574788451195
,,,,,69999,3601.8118,1000,,,,,,,,,,
3431.7493,604.0637,3707.3718,1625.9103,1000.0,70000,,,-268.1344909667969,-5.666327476501465,0.7816179990768433,266.9518737792969,267.1452941894531,0.044514644891023636,0.02039051428437233,0.0003,0.0003,0.044514454901218414
,,,,,70999,3721.9045,1000,,,,,,,,,,
,,,,,71000,,,-267.7091369628906,-6.070407867431641,0.7485384941101074,266.49359130859375,266.4949951171875,0.04471614211797714,-0.006944148801267147,0.0003,0.0003,0.0447186715900898
,,,,,71999,3632.0684,1000,,,,,,,,,,
,,,,,72000,,,-271.7521667480469,-5.867618560791016,0.6546264886856079,270.5068359375,270.6581115722656,0.04540740326046944,-0.0028487159870564938,0.0003,0.0003,0.04540729522705078
,,,,,72999,3747.7673,1000,,,,,,,,,,
,,,,,73000,,,-278.1013488769531,-5.470725059509277,0.6634752750396729,277.120849609375,277.0766906738281,0.04555865377187729,0.027421865612268448,0.0003,0.0003,0.04555727541446686
,,,,,73999,3636.045,1000,,,,,,,,,,
,,,,,74000,,,-275.8981628417969,-6.139873027801514,0.7937483787536621,274.7093811035156,274.55047607421875,0.04610127955675125,-0.013045387342572212,0.0003,0.0003,0.046103280037641525
,,,,,74999,3835.2668,1000,,,,,,,,,,
3755.0396,22.280874,3798.8206,3728.0215,1000.0,75000,,,-281.6136474609375,-5.955757141113281,0.692084550857544,280.50653076171875,280.599365234375,0.046516358852386475,-0.013777250424027443,0.0003,0.0003,0.046515196561813354
,,,,,75999,3697.7307,1000,,,,,,,,,,
,,,,,76000,,,-281.9289855957031,-5.568947792053223,0.6642884612083435,280.58270263671875,280.5367431640625,0.04684494808316231,0.018356703221797943,0.0003,0.0003,0.04684566333889961
,,,,,76999,3815.7837,1000,,,,,,,,,,
,,,,,77000,,,-286.47369384765625,-5.94669771194458,0.7325857281684875,285.5002136230469,285.39080810546875,0.046586450189352036,0.008987415581941605,0.0003,0.0003,0.04658668115735054
,,,,,77999,3803.754,1000,,,,,,,,,,
,,,,,78000,,,-288.38409423828125,-6.052481651306152,0.7996763586997986,286.9071350097656,286.9285888671875,0.04705444723367691,-0.002417325507849455,0.0003,0.0003,0.047053560614585876
,,,,,78999,3813.9019,1000,,,,,,,,,,
,,,,,79000,,,-291.1429443359375,-5.830548286437988,0.7225661873817444,289.786376953125,289.84222412109375,0.0479348786175251,-0.001172041054815054,0.0003,0.0003,0.04793894663453102
,,,,,79999,3915.2903,1000,,,,,,,,,,
3769.6836,312.9195,3946.0334,2838.2131,1000.0,80000,,,-292.8037109375,-5.97991418838501,0.7756578922271729,291.388671875,291.3585205078125,0.04780467972159386,-0.00531576294451952,0.0003,0.0003,0.04780646786093712
,,,,,80999,3874.2175,1000,,,,,,,,,,
,,,,,81000,,,-297.363525390625,-5.832460880279541,0.7434762716293335,296.00299072265625,295.88995361328125,0.04876115173101425,0.007373684085905552,0.0003,0.0003,0.048760779201984406
,,,,,81999,3829.5208,1000,,,,,,,,,,
,,,,,82000,,,-297.6611633300781,-5.910472869873047,0.8830835223197937,296.49310302734375,296.4884033203125,0.04889034479856491,-0.008244496770203114,0.0003,0.0003,0.048888757824897766
,,,,,82999,3948.0732,1000,,,,,,,,,,
,,,,,83000,,,-301.50433349609375,-5.884293556213379,0.7171890139579773,300.43292236328125,300.3824462890625,0.04934055730700493,0.014600269496440887,0.0003,0.0003,0.04933943971991539
,,,,,83999,3960.9219,1000,,,,,,,,,,
,,,,,84000,,,-304.22015380859375,-5.990949630737305,0.6347090005874634,303.05267333984375,303.081298828125,0.04978335276246071,-0.008502895012497902,0.0003,0.0003,0.0497867725789547
,,,,,84999,4046.436,1000,,,,,,,,,,
3575.3423,1095.6906,4159.7334,480.25458,1000.0,85000,,,-306.1875,-6.473308086395264,0.7466164827346802,304.7651062011719,304.80828857421875,0.050388969480991364,-0.019641105085611343,0.0003,0.0003,0.05039026588201523
,,,,,85999,4080.1082,1000,,,,,,,,,,
,,,,,86000,,,-310.2044982910156,-5.884556770324707,0.7344822883605957,309.05853271484375,308.9534912109375,0.05080312862992287,0.005272003822028637,0.0003,0.0003,0.05080411955714226
,,,,,86999,4072.493,1000,,,,,,,,,,
,,,,,87000,,,-310.87213134765625,-6.218955993652344,0.7640987634658813,309.63043212890625,309.7071228027344,0.051429975777864456,-0.019355135038495064,0.0003,0.0003,0.05143110454082489
,,,,,87999,3895.0398,1000,,,,,,,,,,
,,,,,88000,,,-314.79217529296875,-6.139281272888184,0.7486292123794556,313.5579833984375,313.6368103027344,0.051859863102436066,-0.000840487889945507,0.0003,0.0003,0.05186274275183678
,,,,,88999,4116.114,1000,,,,,,,,,,
,,,,,89000,,,-312.67901611328125,-5.957329750061035,0.8178998231887817,311.0820007324219,311.07171630859375,0.05220187082886696,0.006576799787580967,0.0003,0.0003,0.052201882004737854
,,,,,89999,4059.9792,1000,,,,,,,,,,
4057.8315,46.296604,4117.0376,3960.174,1000.0,90000,,,-316.34649658203125,-5.819806098937988,0.8683162927627563,315.358642578125,315.18878173828125,0.05262712761759758,0.008816465735435486,0.0003,0.0003,0.05262802913784981
,,,,,90999,4164.052,1000,,,,,,,,,,
,,,,,91000,,,-321.9078674316406,-5.952141761779785,0.7763073444366455,320.50433349609375,320.507568359375,0.05300728231668472,0.015592623502016068,0.0003,0.0003,0.0530061200261116
,,,,,91999,-219.03061,1000,,,,,,,,,,
,,,,,92000,,,-321.761962890625,-5.991205215454102,0.9893216490745544,320.5545654296875,320.5743103027344,0.05174259468913078,0.023005813360214233,0.0003,0.0003,0.051737215369939804
,,,,,92999,4237.2383,1000,,,,,,,,,,
,,,,,93000,,,-320.84674072265625,-5.294274806976318,1.0778546333312988,319.9059143066406,319.72552490234375,0.04812197387218475,0.03819270804524422,0.0003,0.0003,0.04811827838420868
,,,,,93999,4147.8164,1000,,,,,,,,,,
,,,,,94000,,,-321.918212890625,-6.163882732391357,1.9813977479934692,320.6475524902344,320.7046813964844,0.04650052636861801,-0.0007332074455916882,0.0003,0.0003,0.046499717980623245
,,,,,94999,4076.1294,1000,,,,,,,,,,
3378.0261,1125.1632,4203.207,1221.718,1000.0,95000,,,-326.85595703125,-6.273984909057617,1.0049655437469482,325.66864013671875,325.65869140625,0.04665041342377663,0.006566459313035011,0.0003,0.0003,0.04665214940905571
,,,,,95999,4160.6553,1000,,,,,,,,,,
,,,,,96000,,,-329.0391845703125,-6.161977767944336,0.9258825182914734,328.1097106933594,327.8831787109375,0.04783686622977257,-0.004555500578135252,0.0003,0.0003,0.04783836007118225
,,,,,96999,4139.099,1000,,,,,,,,,,
,,,,,97000,,,-329.65618896484375,-6.004170894622803,1.1017963886260986,328.54840087890625,328.53985595703125,0.04952586442232132,-0.0044565158896148205,0.0003,0.0003,0.049528297036886215
,,,,,97999,4152.901,1000,,,,,,,,,,
,,,,,98000,,,-333.1807861328125,-5.713465690612793,0.9997143745422363,331.9042053222656,331.8212890625,0.05161505937576294,-0.005525834392756224,0.0003,0.0003,0.051617126911878586
,,,,,98999,4190.2593,1000,,,,,,,,,,
,,,,,99000,,,-329.6453857421875,-6.1948137283325195,1.0817816257476807,328.4071044921875,328.33038330078125,0.05379432067275047,-0.012158825993537903,0.0003,0.0003,0.053797461092472076
,,,,,99999,4202.8438,1000,,,,,,,,,,
4202.9697,43.199898,4266.6216,4114.1914,1000.0,100000,,,-338.67547607421875,-5.808809757232666,0.8927677869796753,337.4826354980469,337.4662170410156,0.054442018270492554,-0.007788327056914568,0.0003,0.0003,0.05444430187344551
,,,,,100999,4200.253,1000,,,,,,,,,,
,,,,,101000,,,-338.42095947265625,-6.05136775970459,1.2485325336456299,337.05206298828125,337.30511474609375,0.055155400186777115,-0.014462833292782307,0.0003,0.0003,0.055159106850624084
,,,,,101999,4269.636,1000,,,,,,,,,,
,,,,,102000,,,-340.91046142578125,-5.6405744552612305,1.4553945064544678,339.61004638671875,339.8985595703125,0.05566472187638283,0.012230230495333672,0.0003,0.0003,0.05566331744194031
,,,,,102999,4320.11,1000,,,,,,,,,,
,,,,,103000,,,-341.1319580078125,-5.92965841293335,1.0786809921264648,339.67987060546875,339.7030029296875,0.055532246828079224,-0.005595665890723467,0.0003,0.0003,0.055533517152071
,,,,,103999,4242.384,1000,,,,,,,,,,
,,,,,104000,,,-341.0177001953125,-5.957547187805176,1.11686110496521,339.88226318359375,339.9391174316406,0.05524468049407005,-0.008834350854158401,0.0003,0.0003,0.05524517968297005
,,,,,104999,3320.4275,1000,,,,,,,,,,
3989.2024,898.68646,4341.939,1295.7675,1000.0,105000,,,-345.29705810546875,-6.085841178894043,1.2680705785751343,344.2617492675781,344.2955017089844,0.05528216436505318,0.009556647390127182,0.0003,0.0003,0.055280569940805435
,,,,,105999,4194.406,1000,,,,,,,,,,
,,,,,106000,,,-345.4759521484375,-6.035576820373535,1.3316822052001953,344.49725341796875,344.521240234375,0.05385713651776314,-0.02238772250711918,0.0003,0.0003,0.053856391459703445
,,,,,106999,4180.159,1000,,,,,,,,,,
,,,,,107000,,,-347.2076416015625,-5.946995735168457,1.305123209953308,346.1932373046875,346.0345153808594,0.05262119323015213,0.006305731367319822,0.0003,0.0003,0.052622534334659576
,,,,,107999,4259.2554,1000,,,,,,,,,,
,,,,,108000,,,-353.988037109375,-5.969126224517822,0.9846717119216919,352.94207763671875,352.936767578125,0.052721038460731506,-0.0005840917583554983,0.0003,0.0003,0.05272267386317253
,,,,,108999,4237.895,1000,,,,,,,,,,
,,,,,109000,,,-351.0184326171875,-6.124222755432129,1.2131257057189941,349.99285888671875,349.84686279296875,0.05370529368519783,-0.007406195625662804,0.0003,0.0003,0.05370665341615677
,,,,,109999,4322.41,1000,,,,,,,,,,
3618.6055,1422.1957,4323.318,-264.5117,1000.0,110000,,,-353.80059814453125,-5.7898054122924805,1.2078629732131958,352.6622619628906,352.70025634765625,0.0550989992916584,0.00504080206155777,0.0003,0.0003,0.05509905144572258
,,,,,110999,4298.3013,1000,,,,,,,,,,
,,,,,111000,,,-354.94183349609375,-6.463257789611816,1.402818202972412,353.73388671875,354.05865478515625,0.055409397929906845,-0.02085479162633419,0.0003,0.0003,0.055414099246263504
,,,,,111999,4309.8853,1000,,,,,,,,,,
,,,,,112000,,,-354.6574401855469,-6.327167987823486,1.1976628303527832,353.0940246582031,353.130126953125,0.0557468943297863,-0.0015457584522664547,0.0003,0.0003,0.055746402591466904
,,,,,112999,4187.9863,1000,,,,,,,,,,
,,,,,113000,,,-364.01776123046875,-5.788437843322754,1.3478249311447144,363.20465087890625,362.97900390625,0.05568138137459755,0.004932701587677002,0.0003,0.0003,0.055680252611637115
,,,,,113999,-271.46985,1000,,,,,,,,,,
,,,,,114000,,,-362.2816162109375,-6.300667762756348,1.317023754119873,361.0557556152344,361.2177734375,0.055417150259017944,-0.020666472613811493,0.0003,0.0003,0.05541954189538956
,,,,,114999,4353.2876,1000,,,,,,,,,,
3854.8625,980.6568,4397.446,1200.7393,1000.0,115000,,,-362.373779296875,-5.926280498504639,1.849846601486206,361.57568359375,361.49908447265625,0.05322360619902611,-0.008159339427947998,0.0003,0.0003,0.05322014167904854
,,,,,115999,4287.2754,1000,,,,,,,,,,
,,,,,116000,,,-363.0182800292969,-5.982789993286133,1.104088306427002,362.006591796875,361.9931335449219,0.051997821778059006,0.020734697580337524,0.0003,0.0003,0.05200044810771942
,,,,,116999,4344.7603,1000,,,,,,,,,,
,,,,,117000,,,-366.0980224609375,-5.552392959594727,1.0223745107650757,365.1879577636719,365.0987548828125,0.05241742730140686,0.012313609011471272,0.0003,0.0003,0.05241536721587181
,,,,,117999,4373.6504,1000,,,,,,,,,,
,,,,,118000,,,-365.6128234863281,-6.338737487792969,1.0596071481704712,364.4124755859375,364.44415283203125,0.052483029663562775,-0.013402838259935379,0.0003,0.0003,0.05248371884226799
,,,,,118999,4341.6895,1000,,,,,,,,,,
,,,,,119000,,,-368.27789306640625,-6.051033020019531,1.6751927137374878,367.2615966796875,367.0729675292969,0.05315617844462395,0.004264869727194309,0.0003,0.0003,0.053157154470682144
,,,,,119999,4322.7686,1000,,,,,,,,,,
4400.5366,33.505573,4467.48,4357.9854,1000.0,120000,,,-368.2850341796875,-6.207751274108887,1.1334047317504883,367.15740966796875,367.21429443359375,0.05368998274207115,-0.0070529840886592865,0.0003,0.0003,0.0536920428276062
,,,,,120999,4397.2856,1000,,,,,,,,,,
,,,,,121000,,,-367.992431640625,-6.053269386291504,1.8982232809066772,366.6462097167969,366.79656982421875,0.05509951338171959,-0.008287448436021805,0.0003,0.0003,0.055099040269851685
,,,,,121999,4384.8335,1000,,,,,,,,,,
,,,,,122000,,,-375.37640380859375,-5.953248977661133,1.3298380374908447,374.38134765625,374.3524169921875,0.0564543642103672,0.011762892827391624,0.0003,0.0003,0.056454312056303024
,,,,,122999,4306.9214,1000,,,,,,,,,,
,,,,,123000,,,-380.3970947265625,-6.084673881530762,1.3907599449157715,379.6894836425781,380.00030517578125,0.05653592199087143,-0.0113065205514431,0.0003,0.0003,0.05653748661279678
,,,,,123999,4415.6245,1000,,,,,,,,,,
,,,,,124000,,,-373.8381652832031,-5.528441429138184,1.2098100185394287,372.55145263671875,372.50238037109375,0.05620456859469414,0.021088100969791412,0.0003,0.0003,0.05620522424578667
,,,,,124999,4303.0234,1000,,,,,,,,,,
4184.8545,919.8597,4568.2,1432.782,1000.0,125000,,,-372.4669189453125,-5.780223846435547,1.2831473350524902,370.9136962890625,371.1595458984375,0.05629507824778557,0.008330771699547768,0.0003,0.0003,0.056294865906238556
,,,,,125999,4396.6245,1000,,,,,,,,,,
,,,,,126000,,,-376.08111572265625,-6.3103132247924805,1.6154487133026123,374.64862060546875,374.72454833984375,0.05675320699810982,-0.02705853059887886,0.0003,0.0003,0.05675530433654785
,,,,,126999,4495.536,1000,,,,,,,,,,
,,,,,127000,,,-377.15008544921875,-5.505819320678711,1.3183066844940186,375.84576416015625,375.7198791503906,0.056860800832509995,0.02003912813961506,0.0003,0.0003,0.05685991793870926
,,,,,127999,4453.452,1000,,,,,,,,,,
,,,,,128000,,,-379.5364074707031,-6.070206165313721,0.9473352432250977,378.2648010253906,378.2878723144531,0.057213373482227325,-0.002322392538189888,0.0003,0.0003,0.05721360445022583
,,,,,128999,4420.312,1000,,,,,,,,,,
,,,,,129000,,,-379.10186767578125,-6.235931396484375,1.2064955234527588,377.64764404296875,377.63470458984375,0.05704905837774277,-0.008201814256608486,0.0003,0.0003,0.05704613775014877
,,,,,129999,4523.804,1000,,,,,,,,,,
4504.1924,28.376324,4543.255,4435.5596,1000.0,130000,,,-385.9585266113281,-5.89642333984375,1.3960150480270386,385.00994873046875,384.88165283203125,0.05719615891575813,0.003827093169093132,0.0003,0.0003,0.05719384178519249
,,,,,130999,4550.327,1000,,,,,,,,,,
,,,,,131000,,,-388.49658203125,-6.23367977142334,1.1564195156097412,387.6432800292969,387.69903564453125,0.057380810379981995,0.010167578235268593,0.0003,0.0003,0.05738022178411484
,,,,,131999,3683.6958,1000,,,,,,,,,,
,,,,,132000,,,-384.84918212890625,-5.7094268798828125,1.4671719074249268,383.9462890625,383.6951904296875,0.05768004432320595,0.025005986914038658,0.0003,0.0003,0.05768103525042534
,,,,,132999,4426.444,1000,,,,,,,,,,
,,,,,133000,,,-388.36572265625,-5.536494255065918,1.0540977716445923,387.12939453125,387.135009765625,0.05837851017713547,0.028357215225696564,0.0003,0.0003,0.05837855115532875
,,,,,133999,4553.0215,1000,,,,,,,,,,
,,,,,134000,,,-383.0711669921875,-5.556702613830566,1.0251688957214355,381.9462890625,381.9892883300781,0.05776809900999069,0.01673215627670288,0.0003,0.0003,0.05776650086045265
,,,,,134999,4574.7334,1000,,,,,,,,,,
4252.4844,858.22205,4646.4077,1682.7325,1000.0,135000,,,-386.013671875,-5.988781452178955,1.2038565874099731,385.14813232421875,385.0072021484375,0.057445596903562546,0.001972207799553871,0.0003,0.0003,0.05744457244873047
,,,,,135999,4490.067,1000,,,,,,,,,,
,,,,,136000,,,-389.97296142578125,-5.821042060852051,1.1273659467697144,389.006103515625,388.8244323730469,0.057387419044971466,0.005798017140477896,0.0003,0.0003,0.057389236986637115
,,,,,136999,4602.3794,1000,,,,,,,,,,
,,,,,137000,,,-395.27032470703125,-6.195699214935303,1.0514004230499268,394.2972412109375,394.26251220703125,0.05754335969686508,-0.001572602428495884,0.0003,0.0003,0.05754230543971062
,,,,,137999,4174.794,1000,,,,,,,,,,
,,,,,138000,,,-389.1429443359375,-6.137581825256348,1.8571341037750244,388.2667541503906,388.3800964355469,0.0578276552259922,0.004471142776310444,0.0003,0.0003,0.057826802134513855
,,,,,138999,4511.0063,1000,,,,,,,,,,
,,,,,139000,,,-394.19989013671875,-5.760810375213623,0.9785549640655518,393.138671875,393.09326171875,0.058581069111824036,0.017528805881738663,0.0003,0.0003,0.05857847258448601
,,,,,139999,3820.0552,1000,,,,,,,,,,
4550.6445,43.946102,4634.1323,4484.6777,1000.0,140000,,,-397.958984375,-6.193047523498535,0.9681568145751953,397.05694580078125,397.1548156738281,0.058661069720983505,0.005743224173784256,0.0003,0.0003,0.0586625374853611
,,,,,140999,4576.7344,1000,,,,,,,,,,
,,,,,141000,,,-394.13421630859375,-5.580059051513672,2.0001754760742188,393.08367919921875,392.9206848144531,0.059339262545108795,0.01718849502503872,0.0003,0.0003,0.059338171035051346
,,,,,141999,4634.2095,1000,,,,,,,,,,
,,,,,142000,,,-394.95159912109375,-5.7947587966918945,1.4393765926361084,393.822509765625,393.5744323730469,0.058594562113285065,0.019767478108406067,0.0003,0.0003,0.05859329178929329
,,,,,142999,4649.4175,1000,,,,,,,,,,
,,,,,143000,,,-398.4949951171875,-5.888804912567139,1.5247879028320312,397.4661560058594,397.3967590332031,0.05881824344396591,0.016952799633145332,0.0003,0.0003,0.058820780366659164
,,,,,143999,4558.879,1000,,,,,,,,,,
,,,,,144000,,,-396.83917236328125,-6.353575706481934,1.1671462059020996,395.32525634765625,395.28509521484375,0.059078965336084366,-0.02365446276962757,0.0003,0.0003,0.059082165360450745
,,,,,144999,4689.931,1000,,,,,,,,,,
4609.2373,41.911263,4690.6313,4549.7954,1000.0,145000,,,-396.3255615234375,-6.037031173706055,1.6151187419891357,394.8204650878906,395.0750732421875,0.05985011160373688,0.010520508512854576,0.0003,0.0003,0.05985083803534508
,,,,,145999,4662.674,1000,,,,,,,,,,
,,,,,146000,,,-399.2937927246094,-6.297990798950195,1.168316125869751,398.1943359375,398.3196716308594,0.060221876949071884,-0.024467075243592262,0.0003,0.0003,0.06022157520055771
,,,,,146999,4593.066,1000,,,,,,,,,,
,,,,,147000,,,-404.7972412109375,-6.448111534118652,1.3843960762023926,403.92828369140625,403.9371337890625,0.061039846390485764,-0.007720711175352335,0.0003,0.0003,0.06104058772325516
,,,,,147999,4665.533,1000,,,,,,,,,,
,,,,,148000,,,-404.11212158203125,-5.837094306945801,0.9547693729400635,403.23626708984375,403.1973876953125,0.0619569756090641,0.006388705689460039,0.0003,0.0003,0.06195783242583275
,,,,,148999,4693.6494,1000,,,,,,,,,,
,,,,,149000,,,-406.18438720703125,-5.901182651519775,1.5525280237197876,405.19384765625,405.19390869140625,0.06202813982963562,0.008873596787452698,0.0003,0.0003,0.06202809885144234
,,,,,149999,4684.3833,1000,,,,,,,,,,
4542.7363,531.16376,4790.0337,2963.2952,1000.0,150000,,,-404.82122802734375,-6.025600433349609,1.1152427196502686,403.95806884765625,404.20611572265625,0.062101684510707855,-0.018313996493816376,0.0003,0.0003,0.062104158103466034
,,,,,150999,4700.7827,1000,,,,,,,,,,
,,,,,151000,,,-403.24578857421875,-6.060780048370361,1.2760764360427856,402.1803283691406,402.0698547363281,0.062347568571567535,-0.014965500682592392,0.0003,0.0003,0.06234927847981453
,,,,,151999,4703.363,1000,,,,,,,,,,
,,,,,152000,,,-409.20928955078125,-5.905553817749023,0.9808089733123779,408.28717041015625,408.31024169921875,0.06289754062891006,0.008344071917235851,0.0003,0.0003,0.06289788335561752
,,,,,152999,4705.574,1000,,,,,,,,,,
,,,,,153000,,,-406.67333984375,-6.522817611694336,1.0637019872665405,405.5298767089844,405.3594055175781,0.06363927572965622,-0.029070205986499786,0.0003,0.0003,0.06364511698484421
,,,,,153999,4830.5464,1000,,,,,,,,,,
,,,,,154000,,,-406.991943359375,-5.921039581298828,0.9577308893203735,406.04888916015625,405.88922119140625,0.0642862617969513,0.023872416466474533,0.0003,0.0003,0.06428491324186325
,,,,,154999,4744.612,1000,,,,,,,,,,
4718.1353,42.12447,4785.911,4656.3237,1000.0,155000,,,-409.9255065917969,-6.256269454956055,1.2105777263641357,408.7991027832031,408.6214294433594,0.06449055671691895,-0.00915297120809555,0.0003,0.0003,0.06449092924594879
,,,,,155999,4806.363,1000,,,,,,,,,,
,,,,,156000,,,-411.0293273925781,-5.977195739746094,1.433965802192688,409.88226318359375,410.01910400390625,0.06498028337955475,-0.004971646703779697,0.0003,0.0003,0.06498144567012787
,,,,,156999,4702.8096,1000,,,,,,,,,,
,,,,,157000,,,-409.60748291015625,-6.249314785003662,1.3034758567810059,408.42205810546875,408.4026794433594,0.06556401401758194,-0.0014389116549864411,0.0003,0.0003,0.06556438654661179
,,,,,157999,4746.8364,1000,,,,,,,,,,
,,,,,158000,,,-411.72845458984375,-6.039068698883057,1.4730799198150635,410.53033447265625,410.66302490234375,0.06572883576154709,-0.001138288527727127,0.0003,0.0003,0.065727598965168
,,,,,158999,4789.447,1000,,,,,,,,,,
,,,,,159000,,,-416.0328674316406,-6.2363972663879395,1.3931195735931396,415.0802917480469,415.2588195800781,0.06627356261014938,-0.02635164186358452,0.0003,0.0003,0.06627656519412994
,,,,,159999,4279.1533,1000,,,,,,,,,,
4685.2334,246.3694,4806.944,3951.1785,1000.0,160000,,,-414.9010314941406,-6.286090850830078,1.2101640701293945,413.8420104980469,413.9329833984375,0.06611993163824081,-0.02485816553235054,0.0003,0.0003,0.06611769646406174
,,,,,160999,4907.5474,1000,,,,,,,,,,
,,,,,161000,,,-416.16729736328125,-6.313030242919922,1.1782608032226562,415.091064453125,415.37353515625,0.06599289923906326,-0.023289483040571213,0.0003,0.0003,0.06599126756191254
,,,,,161999,4719.506,1000,,,,,,,,,,
,,,,,162000,,,-418.0291748046875,-5.636075019836426,1.3149738311767578,417.1689758300781,416.95709228515625,0.06584688276052475,0.012266989797353745,0.0003,0.0003,0.06584570556879044
,,,,,162999,4830.9756,1000,,,,,,,,,,
,,,,,163000,,,-414.9168395996094,-5.668354034423828,1.2645273208618164,413.87689208984375,413.9276123046875,0.06660986691713333,0.016823986545205116,0.0003,0.0003,0.06660547852516174
,,,,,163999,4780.808,1000,,,,,,,,,,
,,,,,164000,,,-413.62042236328125,-6.196942329406738,1.5966633558273315,412.55999755859375,412.56488037109375,0.06672858446836472,-0.01889202371239662,0.0003,0.0003,0.06672778725624084
,,,,,164999,4832.7065,1000,,,,,,,,,,
4819.491,147.52168,4938.0566,4427.7725,1000.0,165000,,,-418.69134521484375,-6.4961347579956055,1.3014832735061646,417.92291259765625,417.71466064453125,0.06686889380216599,-0.024044618010520935,0.0003,0.0003,0.06687093526124954
,,,,,165999,4843.0464,1000,,,,,,,,,,
,,,,,166000,,,-417.16412353515625,-5.7409162521362305,1.337154746055603,415.8598937988281,416.25823974609375,0.06741758435964584,0.014035449363291264,0.0003,0.0003,0.0674181804060936
,,,,,166999,4762.6724,1000,,,,,,,,,,
,,,,,167000,,,-424.50482177734375,-5.698629856109619,1.651889681816101,423.6238708496094,423.64556884765625,0.067966990172863,-0.010317610576748848,0.0003,0.0003,0.06796947121620178
,,,,,167999,4532.9927,1000,,,,,,,,,,
,,,,,168000,,,-421.95654296875,-6.243117809295654,1.3189376592636108,420.6735534667969,420.7988586425781,0.067796491086483,0.0008002528920769691,0.0003,0.0003,0.06779953092336655
,,,,,168999,4802.253,1000,,,,,,,,,,
,,,,,169000,,,-424.8780517578125,-6.08720064163208,1.2135248184204102,423.87103271484375,423.9305114746094,0.06851226836442947,-0.014332066290080547,0.0003,0.0003,0.06851252913475037
,,,,,169999,4872.4272,1000,,,,,,,,,,
4924.3486,66.979294,5006.3467,4779.433,1000.0,170000,,,-426.36376953125,-5.998459815979004,1.0981452465057373,425.41375732421875,425.52655029296875,0.0687909945845604,-0.003919281996786594,0.0003,0.0003,0.06878997385501862
,,,,,170999,4865.0923,1000,,,,,,,,,,
,,,,,171000,,,-422.5828857421875,-6.073850631713867,1.2190027236938477,421.25531005859375,421.4044189453125,0.0692058578133583,-0.00886606052517891,0.0003,0.0003,0.06920520961284637
,,,,,171999,4927.381,1000,,,,,,,,,,
,,,,,172000,,,-420.844970703125,-6.293974876403809,1.3352110385894775,419.6708679199219,419.5978698730469,0.06949423253536224,-0.009805776178836823,0.0003,0.0003,0.06949370354413986
,,,,,172999,4912.795,1000,,,,,,,,,,
,,,,,173000,,,-428.2738037109375,-6.44866943359375,1.3493905067443848,427.36956787109375,427.4953918457031,0.06946395337581635,-0.01719832234084606,0.0003,0.0003,0.06946787238121033
,,,,,173999,4844.687,1000,,,,,,,,,,
,,,,,174000,,,-424.7303161621094,-5.7387800216674805,1.6755130290985107,423.54058837890625,423.415771484375,0.06940031796693802,0.016279874369502068,0.0003,0.0003,0.06939911097288132
,,,,,174999,4906.0483,1000,,,,,,,,,,
4880.573,83.019394,5006.6006,4724.7603,1000.0,175000,,,-427.02764892578125,-6.249246597290039,1.850564956665039,425.7645568847656,425.8870849609375,0.06979141384363174,-0.007040330674499273,0.0003,0.0003,0.06978987902402878
,,,,,175999,4957.031,1000,,,,,,,,,,
,,,,,176000,,,-427.970703125,-6.030462265014648,1.05197274684906,426.951416015625,426.8970642089844,0.07027554512023926,-0.004567819647490978,0.0003,0.0003,0.0702754482626915
,,,,,176999,4910.842,1000,,,,,,,,,,
,,,,,177000,,,-429.7298583984375,-5.984918594360352,1.5101631879806519,428.6974792480469,428.93560791015625,0.07027063518762589,-0.003843179438263178,0.0003,0.0003,0.0702715739607811
,,,,,177999,5028.1816,1000,,,,,,,,,,
,,,,,178000,,,-434.6223449707031,-6.271233081817627,0.8683210611343384,433.7891845703125,433.71844482421875,0.07011209428310394,-0.021843306720256805,0.0003,0.0003,0.07011476904153824
,,,,,178999,4927.842,1000,,,,,,,,,,
,,,,,179000,,,-436.06890869140625,-6.247379779815674,1.2367790937423706,435.309326171875,435.06494140625,0.07041461765766144,-0.0016424944624304771,0.0003,0.0003,0.07041752338409424
,,,,,179999,5033.732,1000,,,,,,,,,,
4798.8203,341.74823,5123.242,4114.126,1000.0,180000,,,-432.1483154296875,-6.2680535316467285,1.199615478515625,431.10089111328125,431.0670166015625,0.07135287672281265,-0.020496588200330734,0.0003,0.0003,0.071355901658535
,,,,,180999,4967.534,1000,,,,,,,,,,
,,,,,181000,,,-429.4925537109375,-5.6397552490234375,1.5071055889129639,428.444580078125,428.46441650390625,0.07099052518606186,0.027643639594316483,0.0003,0.0003,0.07098903506994247
,,,,,181999,5019.4067,1000,,,,,,,,,,
,,,,,182000,,,-432.85528564453125,-6.027846336364746,1.1423671245574951,431.6873779296875,431.81768798828125,0.07079719752073288,0.022415855899453163,0.0003,0.0003,0.07079777121543884
,,,,,182999,5054.223,1000,,,,,,,,,,
,,,,,183000,,,-434.3149108886719,-6.063956260681152,1.2399358749389648,433.5110778808594,433.51318359375,0.07097338140010834,0.0006177476607263088,0.0003,0.0003,0.07097331434488297
,,,,,183999,5051.7974,1000,,,,,,,,,,
,,,,,184000,,,-434.97100830078125,-5.777834892272949,1.331188440322876,433.8699951171875,434.08538818359375,0.07143525779247284,-0.00847487524151802,0.0003,0.0003,0.07143604010343552
,,,,,184999,5025.7393,1000,,,,,,,,,,
5016.3154,224.29819,5161.0127,4370.777,1000.0,185000,,,-439.8753662109375,-5.952052593231201,1.5726251602172852,438.9989013671875,438.766845703125,0.07177422195672989,-0.011019440367817879,0.0003,0.0003,0.07177947461605072
,,,,,185999,5092.858,1000,,,,,,,,,,
,,,,,186000,,,-439.4763488769531,-5.394207954406738,1.5946121215820312,438.5408935546875,438.34844970703125,0.07249501347541809,0.02069554477930069,0.0003,0.0003,0.0724925771355629
,,,,,186999,5157.956,1000,,,,,,,,,,
,,,,,187000,,,-440.9515380859375,-5.8890204429626465,1.3562507629394531,439.7574462890625,439.8316345214844,0.07254061847925186,0.023695187643170357,0.0003,0.0003,0.07253798842430115
,,,,,187999,4941.316,1000,,,,,,,,,,
,,,,,188000,,,-440.5070495605469,-5.843289375305176,1.4270694255828857,439.46160888671875,439.3562927246094,0.07248280942440033,0.016286399215459824,0.0003,0.0003,0.07248232513666153
,,,,,188999,5028.9336,1000,,,,,,,,,,
,,,,,189000,,,-441.8589172363281,-5.872121334075928,1.3010660409927368,440.6524963378906,440.7989196777344,0.07310571521520615,-0.0010179691016674042,0.0003,0.0003,0.07310717552900314
,,,,,189999,4964.5674,1000,,,,,,,,,,
4951.709,363.6244,5241.6836,3987.81,1000.0,190000,,,-436.979248046875,-6.2450270652771,1.1947001218795776,435.7698974609375,435.5968017578125,0.073118194937706,-0.019026292487978935,0.0003,0.0003,0.07311983406543732
,,,,,190999,5136.9336,1000,,,,,,,,,,
,,,,,191000,,,-446.36566162109375,-5.814054489135742,1.2930762767791748,445.4859924316406,445.41546630859375,0.0736568495631218,0.00879976712167263,0.0003,0.0003,0.07365506142377853
,,,,,191999,5188.3877,1000,,,,,,,,,,
,,,,,192000,,,-445.23858642578125,-5.661944389343262,1.327126145362854,444.260009765625,444.22454833984375,0.07391688227653503,0.02550526149570942,0.0003,0.0003,0.07391829043626785
,,,,,192999,5214.125,1000,,,,,,,,,,
,,,,,193000,,,-445.7818298339844,-6.015364170074463,1.3265777826309204,444.7501220703125,444.882080078125,0.07406003028154373,0.005213223863393068,0.0003,0.0003,0.07406175881624222
,,,,,193999,5307.711,1000,,,,,,,,,,
,,,,,194000,,,-445.3821716308594,-6.2177581787109375,1.2035043239593506,444.12890625,444.18701171875,0.0746927484869957,0.005178823601454496,0.0003,0.0003,0.07468879222869873
,,,,,194999,5161.565,1000,,,,,,,,,,
4993.1533,439.71793,5273.377,3752.9995,1000.0,195000,,,-452.2785949707031,-6.0348334312438965,1.3038381338119507,451.4306335449219,451.51983642578125,0.07563156634569168,-0.01442890428006649,0.0003,0.0003,0.07563416659832001
,,,,,195999,5243.6807,1000,,,,,,,,,,
,,,,,196000,,,-447.0179443359375,-6.095368385314941,1.840274691581726,445.95306396484375,445.75579833984375,0.07546401768922806,-0.014380406588315964,0.0003,0.0003,0.07546526193618774
,,,,,196999,5230.983,1000,,,,,,,,,,
,,,,,197000,,,-448.109375,-6.493492126464844,1.4029361009597778,447.0360412597656,446.86920166015625,0.07546727359294891,-0.03077813982963562,0.0003,0.0003,0.07546835392713547
,,,,,197999,4698.4907,1000,,,,,,,,,,
,,,,,198000,,,-451.2599792480469,-6.199873924255371,1.6608062982559204,450.4415283203125,450.40228271484375,0.07579399645328522,-0.01229625940322876,0.0003,0.0003,0.07579529285430908
,,,,,198999,5278.5913,1000,,,,,,,,,,
,,,,,199000,,,-449.1552734375,-6.198005676269531,1.716494083404541,448.11651611328125,447.8482971191406,0.07536622136831284,-0.007887719199061394,0.0003,0.0003,0.07536619156599045
,,,,,199999,5215.174,1000,,,,,,,,,,
5292.264,42.86627,5381.509,5237.529,1000.0,200000,,,-453.50531005859375,-6.117077827453613,1.6631450653076172,452.66424560546875,452.7244873046875,0.07558692991733551,0.0008445126004517078,0.0003,0.0003,0.07558842748403549
,,,,,200999,5261.424,1000,,,,,,,,,,
,,,,,201000,,,-447.606201171875,-5.998857021331787,1.4085934162139893,446.5683898925781,446.625244140625,0.07604929059743881,0.03288111090660095,0.0003,0.0003,0.07604794949293137
,,,,,201999,4985.5767,1000,,,,,,,,,,
,,,,,202000,,,-452.094970703125,-5.978971481323242,1.5882189273834229,451.14776611328125,451.1773376464844,0.07667814195156097,-0.005800306797027588,0.0003,0.0003,0.07667795568704605
,,,,,202999,5216.381,1000,,,,,,,,,,
,,,,,203000,,,-450.645263671875,-6.625446319580078,1.93669593334198,449.6828308105469,449.6947937011719,0.0770932286977768,-0.028670363128185272,0.0003,0.0003,0.07709378004074097
,,,,,203999,5100.4424,1000,,,,,,,,,,
,,,,,204000,,,-448.5596008300781,-6.476968765258789,1.818892002105713,447.0985412597656,447.25994873046875,0.07683156430721283,-0.008237505331635475,0.0003,0.0003,0.07683037966489792
,,,,,204999,5309.713,1000,,,,,,,,,,
5295.9834,47.786926,5363.593,5199.166,1000.0,205000,,,-455.60235595703125,-5.74564266204834,1.2896857261657715,454.3729553222656,454.4830322265625,0.07756135612726212,0.034255288541316986,0.0003,0.0003,0.07755878567695618
,,,,,205999,5100.1353,1000,,,,,,,,,,
,,,,,206000,,,-455.95684814453125,-5.898955821990967,1.6883991956710815,454.90264892578125,454.8122863769531,0.07783001661300659,0.006306563504040241,0.0003,0.0003,0.07783112674951553
,,,,,206999,5315.232,1000,,,,,,,,,,
,,,,,207000,,,-458.14349365234375,-5.923747539520264,1.5733833312988281,457.2524719238281,457.0592956542969,0.07810516655445099,0.017107704654335976,0.0003,0.0003,0.07810278236865997
,,,,,207999,5344.82,1000,,,,,,,,,,
,,,,,208000,,,-459.161865234375,-5.4490227699279785,1.4689819812774658,458.1910095214844,458.2408447265625,0.0781450867652893,0.0403144434094429,0.0003,0.0003,0.0781426951289177
,,,,,208999,4371.4604,1000,,,,,,,,,,
,,,,,209000,,,-458.08172607421875,-6.565484523773193,1.7356958389282227,457.0927429199219,457.3024597167969,0.0778813585639,-0.03451456129550934,0.0003,0.0003,0.07788299024105072
,,,,,209999,5330.1274,1000,,,,,,,,,,
5270.3423,99.11266,5387.3164,5003.358,1000.0,210000,,,-462.1471862792969,-5.684926509857178,1.6658897399902344,461.156494140625,461.19769287109375,0.07749969512224197,0.027402007952332497,0.0003,0.0003,0.07749804854393005
,,,,,210999,4940.0273,1000,,,,,,,,,,
,,,,,211000,,,-458.966064453125,-6.075713634490967,1.74845290184021,457.8984680175781,457.81048583984375,0.07706090062856674,0.00046389736235141754,0.0003,0.0003,0.07706598937511444
,,,,,211999,5273.4346,1000,,,,,,,,,,
,,,,,212000,,,-460.1965637207031,-5.871650695800781,1.3862226009368896,459.21905517578125,459.0948486328125,0.07784051448106766,0.021892201155424118,0.0003,0.0003,0.07784117013216019
,,,,,212999,5323.6445,1000,,,,,,,,,,
,,,,,213000,,,-463.4031982421875,-6.032064437866211,1.88109290599823,462.37530517578125,462.6138000488281,0.07773526757955551,-0.011511940509080887,0.0003,0.0003,0.07773461937904358
,,,,,213999,5217.4233,1000,,,,,,,,,,
,,,,,214000,,,-462.9498596191406,-5.821032524108887,2.8424439430236816,461.8945007324219,461.8981018066406,0.07694339007139206,0.013966226018965244,0.0003,0.0003,0.07694203406572342
,,,,,214999,5263.617,1000,,,,,,,,,,
5207.3833,266.41235,5371.994,4423.0195,1000.0,215000,,,-462.58837890625,-6.056297302246094,1.7553578615188599,461.54547119140625,461.5389099121094,0.07707326859235764,7.937289774417877e-05,0.0003,0.0003,0.07707487046718597
,,,,,215999,5301.5864,1000,,,,,,,,,,
,,,,,216000,,,-469.27679443359375,-6.242128372192383,1.7548303604125977,468.346923828125,468.21533203125,0.07744457572698593,-0.030276967212557793,0.0003,0.0003,0.0774468332529068
,,,,,216999,5331.524,1000,,,,,,,,,,
,,,,,217000,,,-461.9403076171875,-5.969362258911133,1.8796244859695435,460.7289123535156,460.92822265625,0.07808658480644226,-0.023752067238092422,0.0003,0.0003,0.07808986306190491
,,,,,217999,5423.1245,1000,,,,,,,,,,
,,,,,218000,,,-466.933837890625,-5.889834880828857,1.5129268169403076,466.1017761230469,465.95855712890625,0.07885561138391495,-0.0046744863502681255,0.0003,0.0003,0.07885771244764328
,,,,,218999,5287.6724,1000,,,,,,,,,,
,,,,,219000,,,-469.767578125,-6.426057815551758,1.6318085193634033,468.79547119140625,468.61212158203125,0.07904819399118423,-0.05121359974145889,0.0003,0.0003,0.07905247062444687
,,,,,219999,5029.9033,1000,,,,,,,,,,
5282.8604,44.737762,5355.2373,5217.743,1000.0,220000,,,-467.70654296875,-6.019574165344238,1.9779469966888428,466.63916015625,466.4483947753906,0.07926195859909058,-0.005638207774609327,0.0003,0.0003,0.07926524430513382
,,,,,220999,5254.38,1000,,,,,,,,,,
,,,,,221000,,,-467.483642578125,-6.190112113952637,1.3746089935302734,466.4842834472656,466.26544189453125,0.07989209145307541,-0.009074460715055466,0.0003,0.0003,0.07989297062158585
,,,,,221999,5070.945,1000,,,,,,,,,,
,,,,,222000,,,-473.899658203125,-6.137198448181152,1.5279606580734253,473.0068054199219,473.1199951171875,0.0799320638179779,-0.013926800340414047,0.0003,0.0003,0.07993283122777939
,,,,,222999,5387.111,1000,,,,,,,,,,
,,,,,223000,,,-474.4842529296875,-5.973908424377441,1.6174821853637695,473.57427978515625,473.70233154296875,0.07944761961698532,-0.010984387248754501,0.0003,0.0003,0.0794483944773674
,,,,,223999,5366.727,1000,,,,,,,,,,
,,,,,224000,,,-469.25775146484375,-5.776523113250732,1.6786527633666992,468.1431884765625,468.246826171875,0.07979569584131241,0.020640995353460312,0.0003,0.0003,0.07979607582092285
,,,,,224999,5397.7017,1000,,,,,,,,,,
5396.784,82.206566,5500.0703,5284.144,1000.0,225000,,,-469.4597473144531,-6.185699462890625,2.053636312484741,468.5458068847656,468.5094909667969,0.07988685369491577,-0.01799878664314747,0.0003,0.0003,0.07988914102315903
,,,,,225999,5427.7554,1000,,,,,,,,,,
,,,,,226000,,,-474.32086181640625,-6.268939971923828,1.3797156810760498,473.4536437988281,473.3728942871094,0.079935722053051,-0.01480100303888321,0.0003,0.0003,0.07993219792842865
,,,,,226999,5352.9316,1000,,,,,,,,,,
,,,,,227000,,,-475.4752197265625,-5.518527984619141,1.770965337753296,474.7518615722656,474.68170166015625,0.07962469011545181,0.030956652015447617,0.0003,0.0003,0.07962425798177719
,,,,,227999,5383.6943,1000,,,,,,,,,,
,,,,,228000,,,-476.9051818847656,-6.074673175811768,1.7537591457366943,476.097412109375,475.83038330078125,0.08000285923480988,0.001121977809816599,0.0003,0.0003,0.08000156283378601
,,,,,228999,5350.1113,1000,,,,,,,,,,
,,,,,229000,,,-477.5743713378906,-5.664881706237793,1.6345577239990234,476.29376220703125,476.3642883300781,0.08008906245231628,0.032193463295698166,0.0003,0.0003,0.08008581399917603
,,,,,229999,5345.204,1000,,,,,,,,,,
5323.2256,72.41818,5460.3477,5198.6177,1000.0,230000,,,-475.32989501953125,-6.021197319030762,2.337158679962158,474.35357666015625,474.1933898925781,0.08012622594833374,-0.0029107145965099335,0.0003,0.0003,0.08012540638446808
,,,,,230999,5301.1963,1000,,,,,,,,,,
,,,,,231000,,,-478.383544921875,-5.944978713989258,1.8741581439971924,477.23797607421875,477.2561340332031,0.08000154048204422,0.002403294201940298,0.0003,0.0003,0.08000130951404572
,,,,,231999,5230.7275,1000,,,,,,,,,,
,,,,,232000,,,-480.1917419433594,-6.266047477722168,1.6048171520233154,479.2536315917969,479.3887023925781,0.08063074946403503,-0.02341976948082447,0.0003,0.0003,0.08063165098428726
,,,,,232999,5434.01,1000,,,,,,,,,,
,,,,,233000,,,-479.115234375,-6.115667343139648,2.74172306060791,478.0537109375,478.25384521484375,0.08046304434537888,0.018527742475271225,0.0003,0.0003,0.08046545833349228
,,,,,233999,5458.8374,1000,,,,,,,,,,
,,,,,234000,,,-484.7707214355469,-5.954422473907471,1.6553866863250732,483.9276428222656,484.24395751953125,0.08082462102174759,-0.0014077862724661827,0.0003,0.0003,0.0808245837688446
,,,,,234999,5470.358,1000,,,,,,,,,,
5285.0767,236.75748,5458.293,4606.297,1000.0,235000,,,-480.22589111328125,-5.950196266174316,1.4720489978790283,479.15301513671875,479.170166015625,0.08035784959793091,0.009887559339404106,0.0003,0.0003,0.08036032319068909
,,,,,235999,5467.1943,1000,,,,,,,,,,
,,,,,236000,,,-480.1580810546875,-5.970144748687744,1.9114927053451538,478.8212890625,478.9619140625,0.08083466440439224,-0.019281722605228424,0.0003,0.0003,0.08082986623048782
,,,,,236999,5319.2603,1000,,,,,,,,,,
,,,,,237000,,,-484.4405212402344,-5.460390090942383,1.687384843826294,483.19793701171875,483.611083984375,0.08082335442304611,0.03169696405529976,0.0003,0.0003,0.08082125335931778
,,,,,237999,5464.53,1000,,,,,,,,,,
,,,,,238000,,,-483.904296875,-5.719104766845703,1.9900124073028564,482.864013671875,482.836181640625,0.08104966580867767,0.02060963399708271,0.0003,0.0003,0.08104755729436874
,,,,,238999,5525.1787,1000,,,,,,,,,,
,,,,,239000,,,-481.36181640625,-5.950414657592773,2.109830856323242,480.15826416015625,480.2648010253906,0.0817214623093605,-0.0028047608211636543,0.0003,0.0003,0.08172175288200378
,,,,,239999,5553.2505,1000,,,,,,,,,,
5236.633,441.28513,5533.8584,4077.2893,1000.0,240000,,,-484.160888671875,-5.702411651611328,1.2644072771072388,483.22857666015625,483.50189208984375,0.08149010688066483,0.030406691133975983,0.0003,0.0003,0.08148892223834991
,,,,,240999,5409.548,1000,,,,,,,,,,
,,,,,241000,,,-485.67779541015625,-6.046378135681152,1.8946958780288696,484.9225769042969,484.9106750488281,0.08130975067615509,-0.031297117471694946,0.0003,0.0003,0.08130744844675064
,,,,,241999,5489.8247,1000,,,,,,,,,,
,,,,,242000,,,-487.04144287109375,-6.361430644989014,1.647834062576294,485.6834411621094,485.9393005371094,0.08184332400560379,-0.021358374506235123,0.0003,0.0003,0.08184529840946198
,,,,,242999,5596.393,1000,,,,,,,,,,
,,,,,243000,,,-489.51605224609375,-6.362155437469482,1.5612561702728271,488.70263671875,488.6094665527344,0.08211733400821686,-0.026867259293794632,0.0003,0.0003,0.08211769163608551
,,,,,243999,5516.0317,1000,,,,,,,,,,
,,,,,244000,,,-487.750732421875,-5.845737934112549,1.787939429283142,486.5211181640625,486.5936279296875,0.08202394098043442,0.011478114873170853,0.0003,0.0003,0.0820237249135971
,,,,,244999,5605.219,1000,,,,,,,,,,
5469.4463,321.71924,5623.5835,4511.949,1000.0,245000,,,-489.1310729980469,-6.26868200302124,1.620439052581787,488.28472900390625,488.2438049316406,0.08243527263402939,-0.021285679191350937,0.0003,0.0003,0.08243794739246368
,,,,,245999,5424.2925,1000,,,,,,,,,,
,,,,,246000,,,-490.50482177734375,-6.099611282348633,1.7049139738082886,489.5926818847656,489.4225158691406,0.08297480642795563,0.0022671357728540897,0.0003,0.0003,0.08297251164913177
,,,,,246999,5564.025,1000,,,,,,,,,,
,,,,,247000,,,-491.7096862792969,-6.014582633972168,1.8324244022369385,490.87286376953125,490.8956298828125,0.0828799456357956,0.0009113801643252373,0.0003,0.0003,0.08287686109542847
,,,,,247999,5688.341,1000,,,,,,,,,,
,,,,,248000,,,-489.2730712890625,-6.152676582336426,2.2214953899383545,488.2044982910156,488.0972900390625,0.08315223455429077,0.004597309045493603,0.0003,0.0003,0.08314783126115799
,,,,,248999,5620.736,1000,,,,,,,,,,
,,,,,249000,,,-489.8520202636719,-5.682917594909668,1.7357654571533203,488.9329833984375,488.78790283203125,0.08306900411844254,0.037020109593868256,0.0003,0.0003,0.08306797593832016
,,,,,249999,5411.572,1000,,,,,,,,,,
5550.304,33.089718,5623.2456,5508.212,1000.0,250000,,,-493.3706359863281,-6.084949970245361,1.5875194072723389,492.53167724609375,492.94732666015625,0.08311058580875397,0.000694569549523294,0.0003,0.0003,0.08310855180025101
,,,,,250999,5572.409,1000,,,,,,,,,,
,,,,,251000,,,-488.2548828125,-5.565955638885498,2.3482298851013184,487.03668212890625,486.9449157714844,0.083722785115242,0.040636610239744186,0.0003,0.0003,0.08371718972921371
,,,,,251999,5539.8945,1000,,,,,,,,,,
,,,,,252000,,,-491.3371887207031,-6.055208206176758,2.0443365573883057,490.38372802734375,490.5498046875,0.08396067470312119,0.0116507513448596,0.0003,0.0003,0.08396099507808685
,,,,,252999,5488.6567,1000,,,,,,,,,,
,,,,,253000,,,-496.84637451171875,-6.084239959716797,1.1146588325500488,496.0533752441406,496.01678466796875,0.08464568108320236,-0.013728250749409199,0.0003,0.0003,0.0846458449959755
,,,,,253999,5581.2666,1000,,,,,,,,,,
,,,,,254000,,,-494.202392578125,-6.1774067878723145,2.0844900608062744,493.193359375,493.48138427734375,0.08505932986736298,-0.007407419383525848,0.0003,0.0003,0.08506180346012115
,,,,,254999,5584.4795,1000,,,,,,,,,,
5662.151,33.958492,5724.6074,5613.0615,1000.0,255000,,,-492.0395202636719,-6.25020170211792,1.5507560968399048,490.8287658691406,490.8814697265625,0.08498001098632812,-0.02161615714430809,0.0003,0.0003,0.08498161286115646
,,,,,255999,5629.568,1000,,,,,,,,,,
,,,,,256000,,,-499.005615234375,-5.686129570007324,1.8910515308380127,498.4761657714844,498.120361328125,0.08503390103578568,0.021658439189195633,0.0003,0.0003,0.08503349870443344
,,,,,256999,5527.3057,1000,,,,,,,,,,
,,,,,257000,,,-495.9757385253906,-5.9266157150268555,1.5155022144317627,494.91314697265625,495.1815185546875,0.08480548113584518,-0.0050328620709478855,0.0003,0.0003,0.08480392396450043
,,,,,257999,5728.1025,1000,,,,,,,,,,
,,,,,258000,,,-497.94482421875,-6.1834306716918945,1.7639888525009155,496.9124450683594,497.0146484375,0.08485333621501923,-0.019021153450012207,0.0003,0.0003,0.08485358208417892
,,,,,258999,5584.229,1000,,,,,,,,,,
,,,,,259000,,,-496.9459228515625,-6.1288275718688965,1.5264075994491577,495.82281494140625,495.83929443359375,0.08590876311063766,-0.009259761311113834,0.0003,0.0003,0.08591239154338837
,,,,,259999,5709.037,1000,,,,,,,,,,
5678.102,85.87326,5807.9136,5589.7686,1000.0,260000,,,-495.5476379394531,-6.02724552154541,2.0151195526123047,494.44390869140625,494.62567138671875,0.08532695472240448,0.011655855923891068,0.0003,0.0003,0.0853278711438179
,,,,,260999,5573.2495,1000,,,,,,,,,,
,,,,,261000,,,-501.3682861328125,-5.504457473754883,1.785632610321045,500.39788818359375,500.65509033203125,0.08507567644119263,0.015670418739318848,0.0003,0.0003,0.085077665746212
,,,,,261999,5403.939,1000,,,,,,,,,,
,,,,,262000,,,-495.23046875,-5.801819324493408,1.9798345565795898,493.81561279296875,494.031494140625,0.0849275141954422,0.00771577563136816,0.0003,0.0003,0.08492977917194366
,,,,,262999,5709.0835,1000,,,,,,,,,,
,,,,,263000,,,-501.60394287109375,-6.144134521484375,1.9545577764511108,500.7874755859375,500.7994079589844,0.08496642112731934,-0.01422934327274561,0.0003,0.0003,0.08496715128421783
,,,,,263999,5675.98,1000,,,,,,,,,,
,,,,,264000,,,-500.9921875,-6.122925281524658,1.7212527990341187,499.8941650390625,500.04669189453125,0.08485088497400284,0.015483786351978779,0.0003,0.0003,0.08485208451747894
,,,,,264999,5659.1606,1000,,,,,,,,,,
5619.872,59.014908,5729.6846,5524.783,1000.0,265000,,,-501.9494323730469,-5.736859321594238,1.7122793197631836,500.95037841796875,500.96539306640625,0.08578072488307953,0.03477250784635544,0.0003,0.0003,0.08577526360750198
,,,,,265999,5644.137,1000,,,,,,,,,,
,,,,,266000,,,-500.14605712890625,-5.75205135345459,1.7996470928192139,499.185546875,498.9272766113281,0.08641233295202255,-0.004984394181519747,0.0003,0.0003,0.08641639351844788
,,,,,266999,5743.4526,1000,,,,,,,,,,
,,,,,267000,,,-502.982177734375,-5.473122596740723,2.0041232109069824,501.62310791015625,501.896240234375,0.08667653053998947,0.010239459574222565,0.0003,0.0003,0.08667043596506119
,,,,,267999,5565.364,1000,,,,,,,,,,
,,,,,268000,,,-499.78753662109375,-6.636228561401367,2.07500958442688,498.78948974609375,498.71905517578125,0.08578673750162125,-0.032589394599199295,0.0003,0.0003,0.08578921109437943
,,,,,268999,5707.8438,1000,,,,,,,,,,
,,,,,269000,,,-506.3675537109375,-6.147604942321777,2.101986885070801,505.71728515625,505.6741638183594,0.08594223856925964,-0.039969950914382935,0.0003,0.0003,0.08594385534524918
,,,,,269999,5594.598,1000,,,,,,,,,,
5523.007,413.84116,5758.422,4291.788,1000.0,270000,,,-505.10284423828125,-5.327081680297852,2.208530902862549,504.41485595703125,504.55224609375,0.08642683923244476,0.05824129283428192,0.0003,0.0003,0.08642665296792984
,,,,,270999,5666.8867,1000,,,,,,,,,,
,,,,,271000,,,-506.203369140625,-5.859408855438232,2.238365650177002,505.593994140625,505.5292053222656,0.0867592915892601,0.006084037944674492,0.0003,0.0003,0.08675925433635712
,,,,,271999,5569.33,1000,,,,,,,,,,
,,,,,272000,,,-505.2983093261719,-6.100433349609375,2.185482978820801,504.3983154296875,504.544189453125,0.08662643283605576,0.01733354479074478,0.0003,0.0003,0.08662938326597214
,,,,,272999,5680.8867,1000,,,,,,,,,,
,,,,,273000,,,-503.6658935546875,-6.117937088012695,2.1359620094299316,502.26324462890625,502.2366943359375,0.08655394613742828,0.0023772655986249447,0.0003,0.0003,0.08655338734388351
,,,,,273999,5615.72,1000,,,,,,,,,,
,,,,,274000,,,-507.32476806640625,-6.048696517944336,2.417222499847412,506.4579162597656,506.08843994140625,0.08670125156641006,0.025916283950209618,0.0003,0.0003,0.08669951558113098
,,,,,274999,5635.1997,1000,,,,,,,,,,
5513.3296,711.1884,5825.0044,3390.2185,1000.0,275000,,,-508.3182678222656,-5.87027645111084,1.8836568593978882,507.48968505859375,507.45050048828125,0.08719023317098618,0.019800249487161636,0.0003,0.0003,0.08718535304069519
,,,,,275999,5735.1206,1000,,,,,,,,,,
,,,,,276000,,,-507.08306884765625,-6.016875743865967,1.9240617752075195,506.0856628417969,506.21795654296875,0.08690464496612549,-0.012936580926179886,0.0003,0.0003,0.0869031697511673
,,,,,276999,5621.8545,1000,,,,,,,,,,
,,,,,277000,,,-509.83551025390625,-5.96729040145874,1.9270422458648682,508.8609924316406,509.10284423828125,0.08721466362476349,-0.015821628272533417,0.0003,0.0003,0.08721476793289185
,,,,,277999,5714.916,1000,,,,,,,,,,
,,,,,278000,,,-509.423828125,-5.900884628295898,1.7606135606765747,508.77801513671875,508.8802490234375,0.08707751333713531,0.022946469485759735,0.0003,0.0003,0.08707545697689056
,,,,,278999,5761.9165,1000,,,,,,,,,,
,,,,,279000,,,-511.2566833496094,-6.218718528747559,1.8781975507736206,510.2864990234375,510.4891052246094,0.08654168993234634,-0.022310355678200722,0.0003,0.0003,0.08654404431581497
,,,,,279999,5763.7837,1000,,,,,,,,,,
5711.911,58.673466,5832.8354,5635.4614,1000.0,280000,,,-504.6658935546875,-6.224420070648193,1.8114006519317627,503.48211669921875,503.2544250488281,0.08619186282157898,-0.002510771155357361,0.0003,0.0003,0.08619251847267151
,,,,,280999,5066.576,1000,,,,,,,,,,
,,,,,281000,,,-514.0601806640625,-6.04086971282959,1.9039244651794434,513.0637817382812,513.022705078125,0.08642718940973282,0.015524506568908691,0.0003,0.0003,0.08642222732305527
,,,,,281999,5788.267,1000,,,,,,,,,,
,,,,,282000,,,-511.70477294921875,-5.972469329833984,1.8538874387741089,510.5882568359375,510.601318359375,0.08675774186849594,-0.011868320405483246,0.0003,0.0003,0.08675742894411087
,,,,,282999,5593.726,1000,,,,,,,,,,
,,,,,283000,,,-510.96051025390625,-5.95216178894043,1.9108318090438843,510.1767883300781,510.11407470703125,0.08678128570318222,0.0016862787306308746,0.0003,0.0003,0.08678504824638367
,,,,,283999,5766.055,1000,,,,,,,,,,
,,,,,284000,,,-511.3974304199219,-5.965584754943848,1.703069806098938,510.2254638671875,510.24798583984375,0.08693589270114899,0.010296126827597618,0.0003,0.0003,0.08693444728851318
,,,,,284999,5661.962,1000,,,,,,,,,,
5726.7417,50.975086,5795.7036,5623.4146,1000.0,285000,,,-514.8766479492188,-6.107440948486328,2.1854047775268555,514.1347045898438,513.9734497070312,0.08684718608856201,0.0022991448640823364,0.0003,0.0003,0.08684635907411575
,,,,,285999,5775.537,1000,,,,,,,,,,
,,,,,286000,,,-512.2056274414062,-5.99905252456665,1.797524333000183,511.41259765625,511.3017272949219,0.08617887645959854,-0.0002833651378750801,0.0003,0.0003,0.08617497235536575
,,,,,286999,5732.6943,1000,,,,,,,,,,
,,,,,287000,,,-513.1910400390625,-6.520015716552734,1.9318702220916748,512.1979370117188,511.98846435546875,0.08696531504392624,-0.04410526156425476,0.0003,0.0003,0.08696558326482773
,,,,,287999,5797.1455,1000,,,,,,,,,,
,,,,,288000,,,-514.5054931640625,-6.0887651443481445,2.216162919998169,513.5277709960938,513.748779296875,0.08662965148687363,-0.03881901502609253,0.0003,0.0003,0.08662988245487213
,,,,,288999,5820.1704,1000,,,,,,,,,,
,,,,,289000,,,-515.9981079101562,-5.852996826171875,2.020146131515503,515.0736694335938,515.3500366210938,0.08656240999698639,-0.00902831181883812,0.0003,0.0003,0.08655884116888046
,,,,,289999,5805.349,1000,,,,,,,,,,
5717.01,158.79126,5883.2085,5310.609,1000.0,290000,,,-515.3453369140625,-5.987343788146973,1.8933961391448975,514.35498046875,514.2327880859375,0.08647346496582031,-0.01591627672314644,0.0003,0.0003,0.08647295087575912
,,,,,290999,5597.3105,1000,,,,,,,,,,
,,,,,291000,,,-515.785888671875,-5.89503812789917,2.1046030521392822,514.888427734375,514.8387451171875,0.08615921437740326,0.02497398480772972,0.0003,0.0003,0.08615574240684509
,,,,,291999,5900.6987,1000,,,,,,,,,,
,,,,,292000,,,-518.001708984375,-5.850203514099121,1.8765640258789062,516.9576416015625,517.0386962890625,0.08669833093881607,0.00864453800022602,0.0003,0.0003,0.08670037984848022
,,,,,292999,5968.2104,1000,,,,,,,,,,
,,,,,293000,,,-518.5562744140625,-5.9636030197143555,2.694749355316162,517.4508056640625,517.83642578125,0.08733932673931122,-0.0032066572457551956,0.0003,0.0003,0.0873386412858963
,,,,,293999,5819.8496,1000,,,,,,,,,,
,,,,,294000,,,-515.339111328125,-5.895113945007324,1.8636260032653809,514.234130859375,514.2567749023438,0.08764968812465668,0.02573898434638977,0.0003,0.0003,0.08764947950839996
,,,,,294999,5733.995,1000,,,,,,,,,,
5771.6562,278.93387,5958.9907,4955.652,1000.0,295000,,,-516.5708618164062,-5.8606672286987305,1.7693060636520386,515.3900146484375,515.536376953125,0.08799519389867783,0.020538711920380592,0.0003,0.0003,0.0879940390586853
,,,,,295999,5853.883,1000,,,,,,,,,,
,,,,,296000,,,-520.6497192382812,-6.387927532196045,1.9633458852767944,519.73486328125,519.8187255859375,0.0893586054444313,-0.01598222181200981,0.0003,0.0003,0.0893593281507492
,,,,,296999,5799.547,1000,,,,,,,,,,
,,,,,297000,,,-521.4937133789062,-6.380910873413086,2.3476173877716064,520.70703125,520.641845703125,0.08967556804418564,-0.0393432080745697,0.0003,0.0003,0.0896744504570961
,,,,,297999,5854.2466,1000,,,,,,,,,,
,,,,,298000,,,-519.8692016601562,-6.286968231201172,1.9657042026519775,519.2285766601562,518.8514404296875,0.08977392315864563,-0.040932148694992065,0.0003,0.0003,0.08977540582418442
,,,,,298999,5965.735,1000,,,,,,,,,,
,,,,,299000,,,-524.3917236328125,-6.166118621826172,2.034287929534912,523.4660034179688,523.5316162109375,0.08970317244529724,-0.04543955251574516,0.0003,0.0003,0.0897044986486435
,,,,,299999,5927.2725,1000,,,,,,,,,,
5871.275,81.360115,6004.7944,5760.3667,1000.0,300000,,,-518.1126098632812,-6.00944709777832,1.712745189666748,517.152587890625,517.0562133789062,0.08981158584356308,0.005571650341153145,0.0003,0.0003,0.0898112803697586
,,,,,300999,5772.087,1000,,,,,,,,,,
,,,,,301000,,,-519.96923828125,-6.285470008850098,2.4926319122314453,518.7256469726562,519.019775390625,0.08990801125764847,-0.012515242211520672,0.0003,0.0003,0.0899084210395813
,,,,,301999,6026.4053,1000,,,,,,,,,,
,,,,,302000,,,-521.9752197265625,-6.067442893981934,1.859365701675415,520.9558715820312,521.0901489257812,0.08985079824924469,0.001982402987778187,0.0003,0.0003,0.08984996378421783
,,,,,302999,5923.7495,1000,,,,,,,,,,
,,,,,303000,,,-524.2596435546875,-6.255215644836426,2.169537305831909,523.3612060546875,523.30615234375,0.08946225047111511,-0.013037439435720444,0.0003,0.0003,0.08946368098258972
,,,,,303999,5927.042,1000,,,,,,,,,,
,,,,,304000,,,-523.62109375,-6.285577297210693,1.980454683303833,522.5438842773438,522.6868896484375,0.08975941687822342,-0.01631295680999756,0.0003,0.0003,0.08976361155509949
,,,,,304999,5744.2134,1000,,,,,,,,,,
5934.916,59.817642,6022.647,5806.8804,1000.0,305000,,,-521.9132080078125,-5.910162448883057,1.903880000114441,521.0032348632812,521.3544921875,0.09081447869539261,0.0016561103984713554,0.0003,0.0003,0.09081736207008362
,,,,,305999,5928.6006,1000,,,,,,,,,,
,,,,,306000,,,-526.6987915039062,-5.823610305786133,1.6316888332366943,525.9034423828125,526.0816040039062,0.09059479087591171,0.023865245282649994,0.0003,0.0003,0.09059696644544601
,,,,,306999,5891.308,1000,,,,,,,,,,
,,,,,307000,,,-524.53857421875,-6.189925193786621,1.8882503509521484,523.651123046875,523.8013916015625,0.09089263528585434,-0.020433716475963593,0.0003,0.0003,0.09089111536741257
,,,,,307999,5918.9,1000,,,,,,,,,,
,,,,,308000,,,-526.343505859375,-6.5050787925720215,1.7715528011322021,525.5447998046875,525.46923828125,0.09144824743270874,-0.0347253680229187,0.0003,0.0003,0.09144663065671921
,,,,,308999,3452.3118,1000,,,,,,,,,,
,,,,,309000,,,-529.699951171875,-6.082089424133301,1.5583360195159912,528.6000366210938,528.9150390625,0.09142562001943588,0.024268073961138725,0.0003,0.0003,0.09142230451107025
,,,,,309999,5982.474,1000,,,,,,,,,,
5957.076,75.20711,6106.353,5815.2837,1000.0,310000,,,-529.5262451171875,-6.1901044845581055,2.6330082416534424,528.7185668945312,528.8171997070312,0.0910952240228653,-0.030401377007365227,0.0003,0.0003,0.09109888970851898
,,,,,310999,5878.179,1000,,,,,,,,,,
,,,,,311000,,,-526.8494262695312,-6.367216110229492,2.1162312030792236,525.8988037109375,525.9239501953125,0.09051604568958282,0.003916305489838123,0.0003,0.0003,0.09051507711410522
,,,,,311999,5910.4756,1000,,,,,,,,,,
,,,,,312000,,,-526.2290649414062,-6.3417863845825195,2.6213722229003906,525.265380859375,524.97705078125,0.0904642716050148,-0.043829143047332764,0.0003,0.0003,0.0904710441827774
,,,,,312999,5920.2295,1000,,,,,,,,,,
,,,,,313000,,,-529.52001953125,-5.489424705505371,2.261753559112549,528.749267578125,528.582763671875,0.09002675861120224,0.029909208416938782,0.0003,0.0003,0.09002508223056793
,,,,,313999,6027.8394,1000,,,,,,,,,,
,,,,,314000,,,-526.6947631835938,-6.1440019607543945,2.267202854156494,525.6044921875,525.722412109375,0.09003452956676483,0.008329042233526707,0.0003,0.0003,0.09003918617963791
,,,,,314999,5878.695,1000,,,,,,,,,,
5829.926,61.660076,5939.787,5726.9062,1000.0,315000,,,-527.5300903320312,-6.243370056152344,2.220376968383789,526.774169921875,526.9120483398438,0.0907909944653511,-0.034441880881786346,0.0003,0.0003,0.0907905176281929
,,,,,315999,5968.1074,1000,,,,,,,,,,
,,,,,316000,,,-523.8497924804688,-6.078961372375488,3.1471762657165527,522.7415771484375,522.9590454101562,0.08994276821613312,-0.009020139463245869,0.0003,0.0003,0.08994688093662262
,,,,,316999,5986.875,1000,,,,,,,,,,
,,,,,317000,,,-527.2030639648438,-6.1038007736206055,2.493842124938965,526.2794189453125,526.15234375,0.08991528302431107,-0.015486158430576324,0.0003,0.0003,0.08991150557994843
,,,,,317999,5730.327,1000,,,,,,,,,,
,,,,,318000,,,-528.437744140625,-5.973092079162598,3.0306239128112793,527.4075927734375,527.6112670898438,0.0908626914024353,-0.03336675092577934,0.0003,0.0003,0.09086219221353531
,,,,,318999,5602.0903,1000,,,,,,,,,,
,,,,,319000,,,-531.2491455078125,-5.478628635406494,2.708969831466675,530.2757568359375,530.415283203125,0.09180115163326263,0.01687186397612095,0.0003,0.0003,0.09180240333080292
,,,,,319999,6036.564,1000,,,,,,,,,,
6038.1167,69.761154,6198.0806,5947.4526,1000.0,320000,,,-528.6198120117188,-6.799992084503174,2.718380928039551,527.3701171875,527.5384521484375,0.0918336808681488,-0.05797480046749115,0.0003,0.0003,0.09183605015277863
,,,,,320999,5758.261,1000,,,,,,,,,,
,,,,,321000,,,-532.2835693359375,-5.787342071533203,3.675889492034912,531.5531005859375,531.48974609375,0.09199850261211395,0.020695777609944344,0.0003,0.0003,0.09199683368206024
,,,,,321999,6079.074,1000,,,,,,,,,,
,,,,,322000,,,-539.1392822265625,-6.06149959564209,1.7811408042907715,538.2671508789062,537.9906616210938,0.09177114814519882,0.014887385070323944,0.0003,0.0003,0.09177016466856003
,,,,,322999,6033.565,1000,,,,,,,,,,
,,,,,323000,,,-528.3367919921875,-6.003037452697754,2.4683101177215576,527.4720458984375,527.587890625,0.09217730909585953,0.013112915679812431,0.0003,0.0003,0.0921812430024147
,,,,,323999,6026.191,1000,,,,,,,,,,
,,,,,324000,,,-529.6411743164062,-6.198085784912109,3.0462803840637207,528.4172973632812,528.5994262695312,0.09278973937034607,-0.012914197519421577,0.0003,0.0003,0.09279263764619827
,,,,,324999,6052.638,1000,,,,,,,,,,
5847.918,515.348,6138.9346,4322.463,1000.0,325000,,,-533.828857421875,-6.031774520874023,2.8100860118865967,532.4666137695312,532.359130859375,0.09267335385084152,0.006004529073834419,0.0003,0.0003,0.09267448633909225
,,,,,325999,5895.3267,1000,,,,,,,,,,
,,,,,326000,,,-534.378173828125,-5.836794853210449,2.715137004852295,533.3424682617188,533.1002197265625,0.09272098541259766,-0.004474543500691652,0.0003,0.0003,0.09271959215402603
,,,,,326999,6004.7153,1000,,,,,,,,,,
,,,,,327000,,,-534.7432250976562,-5.816333293914795,2.556781768798828,533.6486206054688,533.758056640625,0.09266354888677597,0.010332016274333,0.0003,0.0003,0.09266562014818192
,,,,,327999,6128.8433,1000,,,,,,,,,,
,,,,,328000,,,-541.8739624023438,-6.366710186004639,2.531435012817383,540.87939453125,541.2955322265625,0.09265828877687454,-0.03505637124180794,0.0003,0.0003,0.09265787154436111
,,,,,328999,6054.0654,1000,,,,,,,,,,
,,,,,329000,,,-537.226806640625,-6.223355770111084,2.6731629371643066,535.9981689453125,536.1622314453125,0.0926998108625412,-0.025354811921715736,0.0003,0.0003,0.09270482510328293
,,,,,329999,5346.5312,1000,,,,,,,,,,
5895.657,273.87518,6068.147,5102.628,1000.0,330000,,,-538.2942504882812,-5.842356204986572,2.131173849105835,537.13525390625,537.177490234375,0.09346027672290802,0.02719002589583397,0.0003,0.0003,0.0934569388628006
,,,,,330999,6131.684,1000,,,,,,,,,,
,,,,,331000,,,-535.75048828125,-5.430918216705322,2.6758437156677246,535.2406005859375,534.8017578125,0.09324385225772858,0.01239721104502678,0.0003,0.0003,0.09324434399604797
,,,,,331999,6063.104,1000,,,,,,,,,,
,,,,,332000,,,-532.916259765625,-6.215278148651123,3.8041272163391113,531.6514892578125,531.6087036132812,0.09367740899324417,-0.031255461275577545,0.0003,0.0003,0.09367602318525314
,,,,,332999,5962.383,1000,,,,,,,,,,
,,,,,333000,,,-536.7245483398438,-5.873564720153809,2.4942188262939453,536.0609741210938,535.86572265625,0.09386289864778519,0.010272776708006859,0.0003,0.0003,0.09386075288057327
,,,,,333999,5977.2305,1000,,,,,,,,,,
,,,,,334000,,,-533.5097045898438,-5.964866638183594,2.749682903289795,532.3499755859375,532.6519775390625,0.09395220875740051,0.013644027523696423,0.0003,0.0003,0.09394970536231995
,,,,,334999,6142.841,1000,,,,,,,,,,
6162.2256,79.57909,6262.82,5979.3647,1000.0,335000,,,-541.2028198242188,-5.9770402908325195,2.382779121398926,540.3182373046875,540.4662475585938,0.09293508529663086,-0.022785179316997528,0.0003,0.0003,0.09293393790721893
,,,,,335999,6163.145,1000,,,,,,,,,,
,,,,,336000,,,-540.8868408203125,-5.931044578552246,2.0901434421539307,540.004150390625,540.2088012695312,0.09242706000804901,0.008467095904052258,0.0003,0.0003,0.09242545068264008
,,,,,336999,5997.092,1000,,,,,,,,,,
,,,,,337000,,,-540.482666015625,-6.2744855880737305,3.6273417472839355,539.7125854492188,539.4229736328125,0.09342467784881592,-0.029357541352510452,0.0003,0.0003,0.09342733025550842
,,,,,337999,6190.9683,1000,,,,,,,,,,
,,,,,338000,,,-536.477294921875,-6.031161308288574,2.3144004344940186,535.4456787109375,535.1424560546875,0.09345252811908722,0.009328577667474747,0.0003,0.0003,0.09344882518053055
,,,,,338999,6166.9062,1000,,,,,,,,,,
,,,,,339000,,,-538.0274658203125,-6.505640506744385,2.6774497032165527,537.0120849609375,537.0748291015625,0.09345829486846924,-0.026844438165426254,0.0003,0.0003,0.09345820546150208
,,,,,339999,6047.4673,1000,,,,,,,,,,
5987.921,230.42073,6195.293,5416.9263,1000.0,340000,,,-542.6090698242188,-6.126646041870117,2.084301471710205,541.7119140625,541.89697265625,0.09332894533872604,-0.019442038610577583,0.0003,0.0003,0.09332596510648727
,,,,,340999,6146.2197,1000,,,,,,,,,,
,,,,,341000,,,-539.3292236328125,-6.524694919586182,2.698605537414551,538.393798828125,538.5684814453125,0.09379053115844727,-0.04018842801451683,0.0003,0.0003,0.09379225224256516
,,,,,341999,6083.4927,1000,,,,,,,,,,
,,,,,342000,,,-540.5423583984375,-6.400083541870117,2.978317975997925,539.78076171875,539.7784423828125,0.09368743747472763,-0.04640495032072067,0.0003,0.0003,0.09368609637022018
,,,,,342999,6032.1973,1000,,,,,,,,,,
,,,,,343000,,,-543.6722412109375,-5.998013496398926,2.232999086380005,542.9507446289062,542.5426025390625,0.09405506402254105,0.013115075416862965,0.0003,0.0003,0.09405460953712463
,,,,,343999,6106.772,1000,,,,,,,,,,
,,,,,344000,,,-543.3319702148438,-6.182803153991699,2.3376450538635254,542.1285400390625,541.9576416015625,0.09316512197256088,-0.026914477348327637,0.0003,0.0003,0.09316107630729675
,,,,,344999,6143.3027,1000,,,,,,,,,,
6165.9414,54.174324,6261.452,6076.848,1000.0,345000,,,-544.5061645507812,-5.869419574737549,2.7097227573394775,543.4887084960938,543.1783447265625,0.09384177625179291,0.005556367337703705,0.0003,0.0003,0.09384090453386307
,,,,,345999,6129.024,1000,,,,,,,,,,
,,,,,346000,,,-546.0831909179688,-6.275458335876465,2.330592155456543,545.0570068359375,545.3597412109375,0.09348543733358383,-0.010866450145840645,0.0003,0.0003,0.09348392486572266
,,,,,346999,6223.317,1000,,,,,,,,,,
,,,,,347000,,,-548.2198486328125,-5.90877103805542,1.9623665809631348,547.1630859375,547.1689453125,0.09531700611114502,-0.0025009089149534702,0.0003,0.0003,0.09531920403242111
,,,,,347999,6148.148,1000,,,,,,,,,,
,,,,,348000,,,-547.864501953125,-5.833468437194824,3.440294027328491,546.74462890625,546.7352294921875,0.09574346244335175,0.02183084562420845,0.0003,0.0003,0.09574893862009048
,,,,,348999,6248.7754,1000,,,,,,,,,,
,,,,,349000,,,-544.6635131835938,-5.05679988861084,2.2296833992004395,543.8972778320312,543.65234375,0.09643743932247162,0.05636051297187805,0.0003,0.0003,0.0964360386133194
,,,,,349999,6156.56,1000,,,,,,,,,,
6137.833,47.000114,6200.362,6036.1914,1000.0,350000,,,-542.4024658203125,-6.440114974975586,3.3103532791137695,541.2655639648438,541.2886962890625,0.09604433923959732,-0.01722395420074463,0.0003,0.0003,0.09604711085557938
,,,,,350999,6155.969,1000,,,,,,,,,,
,,,,,351000,,,-548.3574829101562,-5.9045023918151855,2.9388880729675293,547.3427734375,547.1956787109375,0.09525541216135025,0.02610115334391594,0.0003,0.0003,0.0952533707022667
,,,,,351999,2320.6665,1000,,,,,,,,,,
,,,,,352000,,,-545.98876953125,-6.2666778564453125,3.0006966590881348,544.7757568359375,544.6505126953125,0.09490601718425751,-0.024315286427736282,0.0003,0.0003,0.09490694105625153
,,,,,352999,6190.7417,1000,,,,,,,,,,
,,,,,353000,,,-549.9471435546875,-5.874438285827637,2.86244535446167,548.769287109375,548.6539916992188,0.09447567164897919,0.010950196534395218,0.0003,0.0003,0.09447386860847473
,,,,,353999,6370.1523,1000,,,,,,,,,,
,,,,,354000,,,-549.6085205078125,-6.010310173034668,2.6197900772094727,548.5740966796875,548.7657470703125,0.09500687569379807,-0.005212035495787859,0.0003,0.0003,0.09500519931316376
,,,,,354999,6289.6235,1000,,,,,,,,,,
6090.519,202.1276,6293.338,5699.2007,1000.0,355000,,,-551.111083984375,-5.60443115234375,2.5269174575805664,550.242919921875,550.5055541992188,0.09408930689096451,0.0067493971437215805,0.0003,0.0003,0.09408865869045258
,,,,,355999,6237.049,1000,,,,,,,,,,
,,,,,356000,,,-550.0846557617188,-6.603299140930176,3.251941204071045,548.8265380859375,549.2196044921875,0.09313809126615524,-0.05240198224782944,0.0003,0.0003,0.0931413546204567
,,,,,356999,6271.072,1000,,,,,,,,,,
,,,,,357000,,,-551.17822265625,-6.803478240966797,2.6787965297698975,550.1427001953125,550.2607421875,0.09281755238771439,-0.06999914348125458,0.0003,0.0003,0.0928216427564621
,,,,,357999,6190.05,1000,,,,,,,,,,
,,,,,358000,,,-549.07421875,-6.058472633361816,2.4795002937316895,548.1321411132812,547.8641357421875,0.09321986883878708,-0.023018086329102516,0.0003,0.0003,0.09322438389062881
,,,,,358999,6209.518,1000,,,,,,,,,,
,,,,,359000,,,-548.7222290039062,-6.555879592895508,2.2791872024536133,547.916259765625,547.89208984375,0.0919588953256607,-0.049181822687387466,0.0003,0.0003,0.09196043014526367
,,,,,359999,6191.128,1000,,,,,,,,,,
6015.6465,721.78656,6380.5625,3859.4133,1000.0,360000,,,-549.4236450195312,-5.486900806427002,2.6648941040039062,548.5043334960938,548.340576171875,0.09270201623439789,0.03204980492591858,0.0003,0.0003,0.09270104765892029
,,,,,360999,6342.1953,1000,,,,,,,,,,
,,,,,361000,,,-554.3382568359375,-5.856312274932861,2.844047784805298,553.3274536132812,553.4728393554688,0.0930391326546669,0.03004472702741623,0.0003,0.0003,0.09303941577672958
,,,,,361999,6222.1367,1000,,,,,,,,,,
,,,,,362000,,,-545.873291015625,-6.004103660583496,3.642071008682251,544.6689453125,544.5804443359375,0.09357001632452011,-0.04081717133522034,0.0003,0.0003,0.09356924146413803
,,,,,362999,6307.7954,1000,,,,,,,,,,
,,,,,363000,,,-553.474609375,-6.776505470275879,2.471907138824463,552.408935546875,552.2581176757812,0.09359574317932129,-0.07939431071281433,0.0003,0.0003,0.09360018372535706
,,,,,363999,6312.676,1000,,,,,,,,,,
,,,,,364000,,,-553.4816284179688,-6.147698402404785,2.692908525466919,552.0350341796875,552.103759765625,0.09395769983530045,-0.013326366432011127,0.0003,0.0003,0.0939607247710228
,,,,,364999,6319.7266,1000,,,,,,,,,,
6285.3467,46.976467,6357.8076,6215.6973,1000.0,365000,,,-553.385498046875,-5.773407936096191,2.669879674911499,552.4448852539062,552.479736328125,0.0956428274512291,0.018710512667894363,0.0003,0.0003,0.09564220905303955
,,,,,365999,5161.526,1000,,,,,,,,,,
,,,,,366000,,,-554.6827392578125,-6.517261505126953,3.3053646087646484,553.8910522460938,554.1693725585938,0.09625854343175888,-0.020511634647846222,0.0003,0.0003,0.09626102447509766
,,,,,366999,5980.057,1000,,,,,,,,,,
,,,,,367000,,,-556.4029541015625,-6.154792785644531,2.5390982627868652,555.6845092773438,555.6727294921875,0.09695997834205627,-0.027847129851579666,0.0003,0.0003,0.09696240723133087
,,,,,367999,6425.232,1000,,,,,,,,,,
,,,,,368000,,,-557.6478271484375,-6.834658622741699,2.441502332687378,556.8243408203125,556.6182250976562,0.09745455533266068,-0.06068750098347664,0.0003,0.0003,0.0974557176232338
,,,,,368999,6300.348,1000,,,,,,,,,,
,,,,,369000,,,-553.6419677734375,-5.483112335205078,2.699511766433716,552.7440795898438,553.0619506835938,0.09739135205745697,0.022093836218118668,0.0003,0.0003,0.09738415479660034
,,,,,369999,6318.125,1000,,,,,,,,,,
6304.1943,99.81731,6471.013,6124.488,1000.0,370000,,,-558.0404052734375,-5.806054592132568,3.7686095237731934,557.2135009765625,556.7127685546875,0.09758943319320679,-0.007097386755049229,0.0003,0.0003,0.09758689254522324
,,,,,370999,6292.5137,1000,,,,,,,,,,
,,,,,371000,,,-559.2662963867188,-6.185117244720459,3.1355161666870117,558.66357421875,558.3268432617188,0.09727288782596588,-0.01957850530743599,0.0003,0.0003,0.09728028625249863
,,,,,371999,6226.579,1000,,,,,,,,,,
,,,,,372000,,,-554.5261840820312,-6.147780418395996,2.109860897064209,553.887939453125,553.8881225585938,0.09703738242387772,-0.01807376742362976,0.0003,0.0003,0.097035713493824
,,,,,372999,6234.5127,1000,,,,,,,,,,
,,,,,373000,,,-555.230712890625,-5.950070381164551,2.7178468704223633,554.1464233398438,554.3562622070312,0.09766121208667755,0.015590761788189411,0.0003,0.0003,0.09766058623790741
,,,,,373999,6338.2847,1000,,,,,,,,,,
,,,,,374000,,,-559.7368774414062,-5.69680118560791,3.029414415359497,558.8863525390625,558.658447265625,0.09732259809970856,0.044543325901031494,0.0003,0.0003,0.09732034802436829
,,,,,374999,6093.6104,1000,,,,,,,,,,
6241.038,149.06886,6438.6885,5990.355,1000.0,375000,,,-562.9179077148438,-6.436455726623535,2.347025156021118,562.0377197265625,561.8302001953125,0.09724274277687073,-0.06451985239982605,0.0003,0.0003,0.09724833071231842
,,,,,375999,6256.2666,1000,,,,,,,,,,
,,,,,376000,,,-561.4312744140625,-5.579639911651611,2.9334192276000977,560.976318359375,560.7349243164062,0.09705457091331482,0.05697815120220184,0.0003,0.0003,0.0970476046204567
,,,,,376999,6373.1177,1000,,,,,,,,,,
,,,,,377000,,,-561.8728637695312,-5.813106536865234,3.2063076496124268,560.788330078125,561.04833984375,0.09641613066196442,0.0019057895988225937,0.0003,0.0003,0.09641249477863312
,,,,,377999,6213.7773,1000,,,,,,,,,,
,,,,,378000,,,-558.7044067382812,-5.817358016967773,3.414379596710205,557.6378173828125,557.60546875,0.09657427668571472,0.03164183348417282,0.0003,0.0003,0.09657257050275803
,,,,,378999,6329.2896,1000,,,,,,,,,,
,,,,,379000,,,-558.0185546875,-6.367509841918945,2.3964343070983887,556.9319458007812,556.9378662109375,0.09721522778272629,-0.02897919900715351,0.0003,0.0003,0.09721627086400986
,,,,,379999,6171.844,1000,,,,,,,,,,
6397.6035,98.73114,6500.488,6223.4683,1000.0,380000,,,-561.155517578125,-5.546380996704102,3.0149447917938232,560.4013671875,560.25439453125,0.09735118597745895,0.04017702117562294,0.0003,0.0003,0.09734740853309631
,,,,,380999,6410.551,1000,,,,,,,,,,
,,,,,381000,,,-560.4589233398438,-5.907115459442139,2.705014705657959,559.4342041015625,559.5486450195312,0.09771527349948883,-0.007492696866393089,0.0003,0.0003,0.0977138951420784
,,,,,381999,6499.7095,1000,,,,,,,,,,
,,,,,382000,,,-563.845947265625,-6.3913702964782715,2.2568461894989014,563.1888427734375,563.0863647460938,0.0974784642457962,-0.0183978620916605,0.0003,0.0003,0.09747946262359619
,,,,,382999,6361.637,1000,,,,,,,,,,
,,,,,383000,,,-559.078369140625,-5.710687637329102,3.3382530212402344,558.3599853515625,558.232421875,0.09726935625076294,0.02415585145354271,0.0003,0.0003,0.09727022051811218
,,,,,383999,6437.65,1000,,,,,,,,,,
,,,,,384000,,,-565.7628173828125,-5.583796501159668,2.816004753112793,564.9198608398438,564.6754760742188,0.09741726517677307,-0.0026524215936660767,0.0003,0.0003,0.09741687029600143
,,,,,384999,6369.669,1000,,,,,,,,,,
6346.574,183.89835,6512.8247,5821.8423,1000.0,385000,,,-563.5445556640625,-6.230855464935303,3.1988043785095215,562.4173583984375,562.4475708007812,0.09833884239196777,-0.017476433888077736,0.0003,0.0003,0.09833638370037079
,,,,,385999,6401.8203,1000,,,,,,,,,,
,,,,,386000,,,-567.03173828125,-5.610907554626465,2.7779123783111572,566.1465454101562,566.0528564453125,0.09863025695085526,0.04446924850344658,0.0003,0.0003,0.0986277237534523
,,,,,386999,6425.962,1000,,,,,,,,,,
,,,,,387000,,,-565.2352294921875,-5.617500305175781,2.881563186645508,563.6422119140625,563.9053955078125,0.09832683950662613,0.038384974002838135,0.0003,0.0003,0.09832191467285156
,,,,,387999,6430.4097,1000,,,,,,,,,,
,,,,,388000,,,-570.0014038085938,-6.0848469734191895,2.260873794555664,569.4180908203125,569.3560180664062,0.09813234210014343,0.008050921373069286,0.0003,0.0003,0.0981295108795166
,,,,,388999,6375.1533,1000,,,,,,,,,,
,,,,,389000,,,-567.9097290039062,-5.7447123527526855,3.824256181716919,567.071533203125,567.0965576171875,0.09936712682247162,0.034229543060064316,0.0003,0.0003,0.09936432540416718
,,,,,389999,6467.9663,1000,,,,,,,,,,
6427.306,96.04196,6563.9434,6252.611,1000.0,390000,,,-561.3226318359375,-5.939783096313477,2.273859977722168,560.478759765625,560.5428466796875,0.09913378208875656,0.01568526215851307,0.0003,0.0003,0.09913420677185059
,,,,,390999,6415.734,1000,,,,,,,,,,
,,,,,391000,,,-566.3712158203125,-5.453692436218262,2.685917854309082,565.09228515625,564.9129028320312,0.09832784533500671,0.06078715994954109,0.0003,0.0003,0.09832215309143066
,,,,,391999,6393.2324,1000,,,,,,,,,,
,,,,,392000,,,-565.8065795898438,-6.209013938903809,3.026968479156494,564.5158081054688,564.4942626953125,0.09964887797832489,-0.03329542651772499,0.0003,0.0003,0.09964802116155624
,,,,,392999,6338.4634,1000,,,,,,,,,,
,,,,,393000,,,-569.0450439453125,-6.28604793548584,3.791654348373413,567.7731323242188,567.869140625,0.10082682222127914,-0.01214150246232748,0.0003,0.0003,0.10082709044218063
,,,,,393999,6390.359,1000,,,,,,,,,,
,,,,,394000,,,-570.5501098632812,-5.566093444824219,3.7998833656311035,569.5014038085938,569.4449462890625,0.10040333122015,-0.0020546074956655502,0.0003,0.0003,0.10040844976902008
,,,,,394999,6312.5107,1000,,,,,,,,,,
6464.811,44.069042,6528.774,6387.0312,1000.0,395000,,,-571.6656494140625,-6.2159423828125,3.0212740898132324,570.481689453125,570.6871337890625,0.10027417540550232,0.005945081822574139,0.0003,0.0003,0.10027453303337097
,,,,,395999,6454.447,1000,,,,,,,,,,
,,,,,396000,,,-572.8963012695312,-5.866392135620117,2.9323179721832275,572.2960205078125,571.9322509765625,0.10111076384782791,0.04238477349281311,0.0003,0.0003,0.10110403597354889
,,,,,396999,6351.486,1000,,,,,,,,,,
,,,,,397000,,,-571.809326171875,-6.052007675170898,3.3569588661193848,570.7396240234375,571.184326171875,0.10161224007606506,0.0005470635369420052,0.0003,0.0003,0.10161376744508743
,,,,,397999,6424.2183,1000,,,,,,,,,,
,,,,,398000,,,-566.30517578125,-6.171252250671387,3.0317492485046387,565.30908203125,565.3118896484375,0.10036075115203857,0.0010453308932483196,0.0003,0.0003,0.10035675764083862
,,,,,398999,6440.5903,1000,,,,,,,,,,
,,,,,399000,,,-568.424072265625,-6.391663551330566,3.2724714279174805,567.5143432617188,567.1123657226562,0.10067892074584961,-0.03507086634635925,0.0003,0.0003,0.10067834705114365
,,,,,399999,6517.6943,1000,,,,,,,,,,
6294.6265,381.7937,6480.9365,5155.057,1000.0,400000,,,-574.98828125,-5.736225605010986,2.7493057250976562,574.1190185546875,573.986328125,0.10041747987270355,0.01921088434755802,0.0003,0.0003,0.10041395574808121
,,,,,400999,6578.024,1000,,,,,,,,,,
,,,,,401000,,,-570.39111328125,-6.091025352478027,3.5455574989318848,569.2682495117188,569.3421020507812,0.10022010654211044,0.0023933975026011467,0.0003,0.0003,0.10022414475679398
,,,,,401999,6469.9136,1000,,,,,,,,,,
,,,,,402000,,,-574.2311401367188,-5.765172958374023,2.5626723766326904,573.2687377929688,573.1790771484375,0.10058547556400299,0.036015186458826065,0.0003,0.0003,0.10057847201824188
,,,,,402999,6262.3584,1000,,,,,,,,,,
,,,,,403000,,,-571.1510009765625,-6.298781394958496,3.22337007522583,570.1912841796875,570.192138671875,0.10025827586650848,0.012152367271482944,0.0003,0.0003,0.10025621950626373
,,,,,403999,6608.6387,1000,,,,,,,,,,
,,,,,404000,,,-574.8206787109375,-5.924032688140869,2.626006603240967,573.8079833984375,574.0272827148438,0.10042640566825867,0.0053003206849098206,0.0003,0.0003,0.1004263162612915
,,,,,404999,6512.734,1000,,,,,,,,,,
6325.5186,108.53929,6429.007,6026.602,1000.0,405000,,,-572.0802001953125,-5.949155807495117,3.4425244331359863,570.9832153320312,571.158447265625,0.1008036732673645,0.008437003940343857,0.0003,0.0003,0.10080026090145111
,,,,,405999,6459.805,1000,,,,,,,,,,
,,,,,406000,,,-577.273193359375,-6.115333557128906,3.340369462966919,576.1712646484375,576.490966796875,0.10063886642456055,-0.042218126356601715,0.0003,0.0003,0.10064102709293365
,,,,,406999,5903.1377,1000,,,,,,,,,,
,,,,,407000,,,-573.577880859375,-5.6777496337890625,3.2315945625305176,572.56201171875,572.5252685546875,0.10106619447469711,0.03622564300894737,0.0003,0.0003,0.10107063502073288
,,,,,407999,6431.291,1000,,,,,,,,,,
,,,,,408000,,,-581.9157104492188,-5.705286979675293,2.4880526065826416,581.0677490234375,581.2454833984375,0.10085774213075638,0.02973480522632599,0.0003,0.0003,0.1008598580956459
,,,,,408999,6576.1685,1000,,,,,,,,,,
,,,,,409000,,,-581.5067138671875,-5.764571189880371,2.2809488773345947,580.863037109375,580.76904296875,0.1017351895570755,0.030312862247228622,0.0003,0.0003,0.10173569619655609
,,,,,409999,6482.5186,1000,,,,,,,,,,
6273.3154,632.48065,6580.2905,4384.1177,1000.0,410000,,,-577.2128295898438,-5.6405930519104,2.2151637077331543,576.2722778320312,576.11767578125,0.10175172984600067,0.03218681365251541,0.0003,0.0003,0.10175319015979767
,,,,,410999,6570.3936,1000,,,,,,,,,,
,,,,,411000,,,-577.7214965820312,-5.978296756744385,2.5050320625305176,576.4852294921875,576.553955078125,0.10063157230615616,0.013708826154470444,0.0003,0.0003,0.10062989592552185
,,,,,411999,6549.3047,1000,,,,,,,,,,
,,,,,412000,,,-577.0386352539062,-5.994987487792969,2.48892879486084,575.7589721679688,576.069091796875,0.10051710158586502,-0.01342021580785513,0.0003,0.0003,0.1005164086818695
,,,,,412999,6544.8735,1000,,,,,,,,,,
,,,,,413000,,,-570.8265991210938,-5.891191005706787,2.9384140968322754,569.458251953125,569.7260131835938,0.10158329457044601,-0.02294895052909851,0.0003,0.0003,0.1015801653265953
,,,,,413999,6442.993,1000,,,,,,,,,,
,,,,,414000,,,-581.7584228515625,-6.063360214233398,2.981431484222412,581.000732421875,581.2813720703125,0.10195253044366837,-0.018086198717355728,0.0003,0.0003,0.10195549577474594
,,,,,414999,6525.748,1000,,,,,,,,,,
6406.278,123.31879,6604.434,6156.4478,1000.0,415000,,,-580.1563720703125,-6.4041876792907715,3.0689873695373535,579.466796875,579.659423828125,0.10240689665079117,-0.014811180531978607,0.0003,0.0003,0.10241136699914932
,,,,,415999,6625.893,1000,,,,,,,,,,
,,,,,416000,,,-577.2600708007812,-5.480618000030518,2.5368967056274414,576.4573974609375,576.3297119140625,0.10242851078510284,0.01346404105424881,0.0003,0.0003,0.1024300679564476
,,,,,416999,6589.7085,1000,,,,,,,,,,
,,,,,417000,,,-582.9615478515625,-6.0230536460876465,2.742401361465454,582.093994140625,582.0364990234375,0.1024637520313263,0.007757272571325302,0.0003,0.0003,0.10246194899082184
,,,,,417999,4668.1265,1000,,,,,,,,,,
,,,,,418000,,,-579.9247436523438,-6.086145401000977,3.983469009399414,579.1353759765625,578.800048828125,0.10188944637775421,-0.006812718231230974,0.0003,0.0003,0.10189275443553925
,,,,,418999,6573.1846,1000,,,,,,,,,,
,,,,,419000,,,-583.9656982421875,-6.218242645263672,2.7571210861206055,583.0459594726562,583.156982421875,0.10146529227495193,-0.012027012184262276,0.0003,0.0003,0.10146810114383698
,,,,,419999,6417.082,1000,,,,,,,,,,
6588.9854,89.18385,6674.5283,6373.7354,1000.0,420000,,,-581.0341796875,-6.22706413269043,3.138485908508301,579.904052734375,580.1204223632812,0.10167134553194046,-0.01713729277253151,0.0003,0.0003,0.10166489332914352
,,,,,420999,6620.301,1000,,,,,,,,,,
,,,,,421000,,,-585.3563232421875,-5.812129974365234,2.6624460220336914,584.6651611328125,584.766845703125,0.10208341479301453,0.04489172622561455,0.0003,0.0003,0.1020786464214325
,,,,,421999,6474.8545,1000,,,,,,,,,,
,,,,,422000,,,-586.8057250976562,-5.8085174560546875,3.250293731689453,585.8026733398438,585.91552734375,0.1019657552242279,0.008667460642755032,0.0003,0.0003,0.10196495056152344
,,,,,422999,6611.9224,1000,,,,,,,,,,
,,,,,423000,,,-576.8966064453125,-6.270023345947266,4.195111274719238,575.7305908203125,575.8209838867188,0.10166630148887634,-0.009805824607610703,0.0003,0.0003,0.10166489332914352
,,,,,423999,6800.1494,1000,,,,,,,,,,
,,,,,424000,,,-577.4722290039062,-6.045456409454346,3.845545530319214,576.4202880859375,576.1802978515625,0.10187538713216782,-0.0032984716817736626,0.0003,0.0003,0.1018742173910141
,,,,,424999,6572.988,1000,,,,,,,,,,
6331.0107,462.03067,6553.813,4948.9653,1000.0,425000,,,-584.53515625,-5.3543291091918945,2.674102544784546,583.52392578125,583.6017456054688,0.10222090035676956,0.00296593364328146,0.0003,0.0003,0.10222053527832031
,,,,,425999,6609.999,1000,,,,,,,,,,
,,,,,426000,,,-589.4893798828125,-5.467112064361572,3.0604209899902344,588.6397705078125,588.4091796875,0.10157433152198792,0.02785312943160534,0.0003,0.0003,0.10157372802495956
,,,,,426999,6537.6655,1000,,,,,,,,,,
,,,,,427000,,,-586.65869140625,-6.04776668548584,3.957341194152832,585.5687866210938,585.4854125976562,0.10218125581741333,-0.01753084734082222,0.0003,0.0003,0.10218707472085953
,,,,,427999,6031.0454,1000,,,,,,,,,,
,,,,,428000,,,-592.947265625,-5.937065124511719,2.6141836643218994,591.873291015625,591.682861328125,0.10294602066278458,-0.014825823716819286,0.0003,0.0003,0.1029461920261383
,,,,,428999,6613.9575,1000,,,,,,,,,,
,,,,,429000,,,-585.4051513671875,-5.9056220054626465,3.1934847831726074,584.6888427734375,584.2722778320312,0.10263971984386444,0.020268119871616364,0.0003,0.0003,0.1026337742805481
,,,,,429999,6587.7324,1000,,,,,,,,,,
6434.999,761.6697,6827.87,4164.7188,1000.0,430000,,,-582.5887451171875,-6.09876012802124,2.9015636444091797,581.4746704101562,581.6708984375,0.10291161388158798,-0.01741204783320427,0.0003,0.0003,0.10291364789009094
,,,,,430999,6610.8574,1000,,,,,,,,,,
,,,,,431000,,,-587.2076416015625,-6.3282904624938965,3.419877052307129,586.119873046875,586.4130859375,0.10224339365959167,-0.02135205641388893,0.0003,0.0003,0.10224352031946182
,,,,,431999,6579.9683,1000,,,,,,,,,,
,,,,,432000,,,-582.8402099609375,-6.112819671630859,3.2340707778930664,581.269775390625,581.5159912109375,0.10223198682069778,-0.028046047315001488,0.0003,0.0003,0.10223411023616791
,,,,,432999,6691.5674,1000,,,,,,,,,,
,,,,,433000,,,-585.687255859375,-6.097646236419678,3.682593822479248,584.7034912109375,584.386962890625,0.10310423374176025,-0.033344220370054245,0.0003,0.0003,0.10310433059930801
,,,,,433999,6652.8,1000,,,,,,,,,,
,,,,,434000,,,-582.9197998046875,-6.4160614013671875,3.066906690597534,582.2351684570312,582.3233642578125,0.10289075970649719,-0.013628424145281315,0.0003,0.0003,0.10289421677589417
,,,,,434999,6690.4785,1000,,,,,,,,,,
6629.8857,64.26527,6745.898,6494.8047,1000.0,435000,,,-589.087890625,-5.846336841583252,2.9233181476593018,587.9043579101562,588.170166015625,0.10350912809371948,-0.03135048225522041,0.0003,0.0003,0.1035105362534523
,,,,,435999,6640.6206,1000,,,,,,,,,,
,,,,,436000,,,-591.856689453125,-6.050298690795898,2.7494750022888184,590.6458740234375,590.442138671875,0.10379554331302643,0.01975535973906517,0.0003,0.0003,0.10379794985055923
,,,,,436999,6741.714,1000,,,,,,,,,,
,,,,,437000,,,-585.921875,-5.988178730010986,3.264376163482666,584.8265991210938,584.831787109375,0.10360531508922577,-0.009201422333717346,0.0003,0.0003,0.10360069572925568
,,,,,437999,6653.981,1000,,,,,,,,,,
,,,,,438000,,,-590.44384765625,-5.83900785446167,4.117668151855469,589.43994140625,589.3766479492188,0.1034276932477951,0.005521655082702637,0.0003,0.0003,0.10343112051486969
,,,,,438999,6774.337,1000,,,,,,,,,,
,,,,,439000,,,-599.625244140625,-5.500954627990723,3.257622718811035,598.8951416015625,598.8340454101562,0.10336976498365402,0.030593492090702057,0.0003,0.0003,0.10336688160896301
,,,,,439999,6769.1274,1000,,,,,,,,,,
6662.9243,97.04786,6780.443,6397.591,1000.0,440000,,,-593.23388671875,-6.178232192993164,3.3213682174682617,592.4307250976562,592.359375,0.10391281545162201,0.011180194094777107,0.0003,0.0003,0.10391365736722946
,,,,,440999,6793.5127,1000,,,,,,,,,,
,,,,,441000,,,-589.2863159179688,-6.150189399719238,2.808983325958252,588.4129638671875,588.588134765625,0.10570881515741348,0.006001319270581007,0.0003,0.0003,0.10571302473545074
,,,,,441999,6511.582,1000,,,,,,,,,,
,,,,,442000,,,-594.2821044921875,-6.295828342437744,2.808274745941162,593.421630859375,593.0533447265625,0.10554293543100357,-0.029558978974819183,0.0003,0.0003,0.10554034262895584
,,,,,442999,6690.6406,1000,,,,,,,,,,
,,,,,443000,,,-588.7733154296875,-6.373409271240234,3.2381114959716797,587.9343872070312,587.7717895507812,0.10560575872659683,-0.05211173743009567,0.0003,0.0003,0.10560865700244904
,,,,,443999,6730.498,1000,,,,,,,,,,
,,,,,444000,,,-594.220458984375,-5.865726470947266,3.3485910892486572,592.8743896484375,592.7974243164062,0.1050734743475914,0.016274962574243546,0.0003,0.0003,0.10506909340620041
,,,,,444999,6868.8823,1000,,,,,,,,,,
6728.715,68.629486,6838.723,6626.7466,1000.0,445000,,,-594.7674560546875,-5.719997406005859,3.1296677589416504,593.895263671875,593.5458984375,0.1043243408203125,0.04967504367232323,0.0003,0.0003,0.10432327538728714
,,,,,445999,6714.848,1000,,,,,,,,,,
,,,,,446000,,,-591.794677734375,-5.9029130935668945,3.853846549987793,590.3165283203125,590.6324462890625,0.10601463913917542,0.004976884461939335,0.0003,0.0003,0.10600817203521729
,,,,,446999,6724.5767,1000,,,,,,,,,,
,,,,,447000,,,-591.7181396484375,-6.57616662979126,3.5858314037323,590.771484375,590.6480102539062,0.10536716133356094,-0.06484547257423401,0.0003,0.0003,0.10537726432085037
,,,,,447999,6634.7847,1000,,,,,,,,,,
,,,,,448000,,,-596.042236328125,-5.709826469421387,2.746480941772461,595.228271484375,595.2923583984375,0.10514615476131439,0.06427621841430664,0.0003,0.0003,0.10514296591281891
,,,,,448999,4216.196,1000,,,,,,,,,,
,,,,,449000,,,-597.2359619140625,-5.64130163192749,2.9188055992126465,595.8494873046875,596.1744384765625,0.1048145666718483,0.025682684034109116,0.0003,0.0003,0.10481194406747818
,,,,,449999,6547.9224,1000,,,,,,,,,,
6720.3867,199.62009,6869.3584,6147.4985,1000.0,450000,,,-596.4033203125,-5.940204620361328,2.9377007484436035,595.1412963867188,595.3080444335938,0.105585016310215,-0.013453211635351181,0.0003,0.0003,0.10558202117681503
,,,,,450999,6648.911,1000,,,,,,,,,,
,,,,,451000,,,-598.8068237304688,-5.414603233337402,2.5290818214416504,597.683349609375,597.6378173828125,0.10533875972032547,0.01848224736750126,0.0003,0.0003,0.10533438622951508
,,,,,451999,1587.4419,1000,,,,,,,,,,
,,,,,452000,,,-602.27001953125,-5.827764987945557,3.9158663749694824,601.3948974609375,601.684326171875,0.10615307092666626,-0.010694054886698723,0.0003,0.0003,0.10615410655736923
,,,,,452999,6756.1,1000,,,,,,,,,,
,,,,,453000,,,-597.2760009765625,-6.2867631912231445,3.955153465270996,595.7806396484375,596.065673828125,0.10554129630327225,0.009258173406124115,0.0003,0.0003,0.10553944110870361
,,,,,453999,6726.5923,1000,,,,,,,,,,
,,,,,454000,,,-594.7989501953125,-5.6805572509765625,4.3423333168029785,593.7520141601562,594.1585083007812,0.10546078532934189,0.053820665925741196,0.0003,0.0003,0.10545793920755386
,,,,,454999,6855.75,1000,,,,,,,,,,
6758.2954,65.570786,6894.2544,6650.379,1000.0,455000,,,-602.9368896484375,-6.195063591003418,3.1082658767700195,601.8504638671875,601.8270263671875,0.10559269785881042,0.00509575754404068,0.0003,0.0003,0.10558806359767914
,,,,,455999,6767.6777,1000,,,,,,,,,,
,,,,,456000,,,-600.3997192382812,-6.035940170288086,3.415170669555664,599.053955078125,599.37939453125,0.10598206520080566,0.009407605044543743,0.0003,0.0003,0.10597706586122513
,,,,,456999,6861.013,1000,,,,,,,,,,
,,,,,457000,,,-601.9579467773438,-5.930327415466309,3.416673183441162,600.9683227539062,601.065185546875,0.10497932881116867,0.007054120302200317,0.0003,0.0003,0.10497937351465225
,,,,,457999,6676.519,1000,,,,,,,,,,
,,,,,458000,,,-605.380615234375,-5.752440452575684,2.8947296142578125,604.2131958007812,604.447265625,0.10481449216604233,0.055252015590667725,0.0003,0.0003,0.10481604188680649
,,,,,458999,6755.28,1000,,,,,,,,,,
,,,,,459000,,,-601.275390625,-6.077887535095215,5.464791774749756,600.46142578125,600.3800659179688,0.10457833111286163,-0.019708015024662018,0.0003,0.0003,0.10458102077245712
,,,,,459999,6795.5215,1000,,,,,,,,,,
6776.6743,42.873665,6836.9795,6689.715,1000.0,460000,,,-603.281494140625,-6.52208137512207,4.727070331573486,602.5433959960938,602.2581787109375,0.10570113360881805,-0.057001590728759766,0.0003,0.0003,0.1057010069489479
,,,,,460999,6829.436,1000,,,,,,,,,,
,,,,,461000,,,-605.3272705078125,-5.801087379455566,2.9122180938720703,604.3946533203125,604.5928344726562,0.10591939836740494,0.019008634611964226,0.0003,0.0003,0.10591762512922287
,,,,,461999,6752.1465,1000,,,,,,,,,,
,,,,,462000,,,-604.3851928710938,-6.008181571960449,4.318268299102783,603.5870361328125,603.365966796875,0.10548291355371475,0.010380804538726807,0.0003,0.0003,0.10548119992017746
,,,,,462999,6888.024,1000,,,,,,,,,,
,,,,,463000,,,-597.3822021484375,-6.090733051300049,2.332195281982422,596.2362670898438,596.2635498046875,0.10535570979118347,-0.00598633848130703,0.0003,0.0003,0.10535997897386551
,,,,,463999,6870.195,1000,,,,,,,,,,
,,,,,464000,,,-608.0281982421875,-5.582847595214844,3.543898105621338,606.9545288085938,607.0994873046875,0.10659496486186981,0.03952440619468689,0.0003,0.0003,0.10659468919038773
,,,,,464999,6793.198,1000,,,,,,,,,,
6809.474,62.863827,6944.4873,6737.388,1000.0,465000,,,-605.7243041992188,-5.807835578918457,3.6267457008361816,604.6366577148438,604.5487060546875,0.10708978027105331,-0.01464705727994442,0.0003,0.0003,0.10709396749734879
,,,,,465999,5573.381,1000,,,,,,,,,,
,,,,,466000,,,-599.6543579101562,-6.397950172424316,3.5898211002349854,598.6539306640625,598.7752075195312,0.10598143190145493,-0.014102397486567497,0.0003,0.0003,0.10598386079072952
,,,,,466999,6846.4917,1000,,,,,,,,,,
,,,,,467000,,,-607.967041015625,-5.511604309082031,3.3088111877441406,607.010498046875,607.1422729492188,0.1065199226140976,0.04850462079048157,0.0003,0.0003,0.10652106255292892
,,,,,467999,6881.6577,1000,,,,,,,,,,
,,,,,468000,,,-602.06201171875,-6.059658050537109,6.22312593460083,600.8143920898438,601.247802734375,0.10650214552879333,-0.0025937948375940323,0.0003,0.0003,0.10649915039539337
,,,,,468999,6787.521,1000,,,,,,,,,,
,,,,,469000,,,-601.223388671875,-6.197299003601074,3.174617052078247,600.0191650390625,600.33642578125,0.10548530519008636,0.009152091108262539,0.0003,0.0003,0.10548834502696991
,,,,,469999,6784.7183,1000,,,,,,,,,,
6723.741,71.89019,6821.141,6568.1025,1000.0,470000,,,-614.7501220703125,-5.080896854400635,3.0656280517578125,613.9459228515625,614.38134765625,0.10528093576431274,0.06582231819629669,0.0003,0.0003,0.10527937859296799
,,,,,470999,6807.0664,1000,,,,,,,,,,
,,,,,471000,,,-606.623779296875,-6.174882888793945,5.800086498260498,605.442138671875,606.0023193359375,0.10551095753908157,-0.020534805953502655,0.0003,0.0003,0.1055138036608696
,,,,,471999,6915.7285,1000,,,,,,,,,,
,,,,,472000,,,-609.8762817382812,-5.2139506340026855,3.1746692657470703,608.921875,609.165283203125,0.10574022680521011,0.09784401953220367,0.0003,0.0003,0.10573392361402512
,,,,,472999,6945.4956,1000,,,,,,,,,,
,,,,,473000,,,-610.9161376953125,-5.792789459228516,2.8960139751434326,609.896728515625,610.3329467773438,0.10523995012044907,-0.012821710668504238,0.0003,0.0003,0.10523433238267899
,,,,,473999,6841.563,1000,,,,,,,,,,
,,,,,474000,,,-612.16748046875,-5.883770942687988,2.733027219772339,611.0526123046875,611.1702880859375,0.10634064674377441,-0.003868488594889641,0.0003,0.0003,0.10634120553731918
,,,,,474999,6742.5615,1000,,,,,,,,,,
6912.1436,91.94836,7039.067,6739.896,1000.0,475000,,,-606.7921752929688,-6.435051441192627,3.8044867515563965,605.5333251953125,605.839111328125,0.10599315911531448,-0.05215054005384445,0.0003,0.0003,0.10599181801080704
,,,,,475999,6730.247,1000,,,,,,,,,,
,,,,,476000,,,-605.1450805664062,-5.910914897918701,4.670173168182373,604.3440551757812,604.2739868164062,0.106063611805439,-0.00622088648378849,0.0003,0.0003,0.10607010871171951
,,,,,476999,6848.7183,1000,,,,,,,,,,
,,,,,477000,,,-608.0814208984375,-6.063133239746094,2.977367877960205,607.1512451171875,607.0390014648438,0.10686202347278595,0.006609242409467697,0.0003,0.0003,0.10686852037906647
,,,,,477999,6981.992,1000,,,,,,,,,,
,,,,,478000,,,-607.8356323242188,-6.553281784057617,2.9132137298583984,606.7094116210938,606.783203125,0.1065257117152214,-0.032805390655994415,0.0003,0.0003,0.1065267026424408
,,,,,478999,6808.167,1000,,,,,,,,,,
,,,,,479000,,,-605.2299194335938,-5.83394718170166,3.363189697265625,604.0997314453125,604.4859008789062,0.10674766451120377,0.013757660984992981,0.0003,0.0003,0.10674590617418289
,,,,,479999,6904.9326,1000,,,,,,,,,,
6645.292,545.5042,6893.766,5016.3413,1000.0,480000,,,-614.5047607421875,-5.800606727600098,3.698702335357666,613.5548706054688,613.462890625,0.10755624622106552,-0.0036762445233762264,0.0003,0.0003,0.10755834728479385
,,,,,480999,6947.555,1000,,,,,,,,,,
,,,,,481000,,,-613.484619140625,-5.788729190826416,3.3902387619018555,612.4755249023438,612.5178833007812,0.10655327141284943,0.05016148090362549,0.0003,0.0003,0.10654918104410172
,,,,,481999,6920.8945,1000,,,,,,,,,,
,,,,,482000,,,-611.1871948242188,-5.640908241271973,3.1436409950256348,610.1102905273438,609.909912109375,0.10670293122529984,0.0625382661819458,0.0003,0.0003,0.1066938266158104
,,,,,482999,6928.5576,1000,,,,,,,,,,
,,,,,483000,,,-616.730224609375,-5.920520782470703,4.47952938079834,615.7646484375,615.9192504882812,0.10649657994508743,-0.0033481186255812645,0.0003,0.0003,0.10649953037500381
,,,,,483999,6940.5127,1000,,,,,,,,,,
,,,,,484000,,,-614.426025390625,-5.654782295227051,3.7231383323669434,613.3173828125,613.2376098632812,0.10828833281993866,0.03649250045418739,0.0003,0.0003,0.10828505456447601
,,,,,484999,6849.8105,1000,,,,,,,,,,
6793.6313,58.605736,6843.619,6658.1426,1000.0,485000,,,-610.7557373046875,-6.2170515060424805,4.811019420623779,609.2144165039062,609.528564453125,0.10681632906198502,-0.02853703312575817,0.0003,0.0003,0.10681818425655365
,,,,,485999,6994.9863,1000,,,,,,,,,,
,,,,,486000,,,-621.6868896484375,-5.900515556335449,3.1820578575134277,620.9629516601562,620.753173828125,0.10607314854860306,-0.004096309654414654,0.0003,0.0003,0.10607539862394333
,,,,,486999,6924.319,1000,,,,,,,,,,
,,,,,487000,,,-612.5594482421875,-5.6996612548828125,3.6591010093688965,611.3704833984375,611.5847778320312,0.10711822658777237,0.06285424530506134,0.0003,0.0003,0.10712090879678726
,,,,,487999,6827.6255,1000,,,,,,,,,,
,,,,,488000,,,-616.4432373046875,-5.650791645050049,2.7847461700439453,615.4500732421875,615.7926025390625,0.1076836958527565,0.037106242030858994,0.0003,0.0003,0.10768341273069382
,,,,,488999,6998.501,1000,,,,,,,,,,
,,,,,489000,,,-616.49462890625,-5.7075958251953125,3.884805679321289,615.8895263671875,615.86376953125,0.10759289562702179,0.005167111288756132,0.0003,0.0003,0.10759548842906952
,,,,,489999,6962.8257,1000,,,,,,,,,,
6826.632,246.48737,7038.9736,6147.341,1000.0,490000,,,-618.841064453125,-6.435391902923584,3.5227653980255127,617.7733764648438,617.7741088867188,0.1074998751282692,-0.001802569255232811,0.0003,0.0003,0.10749959200620651
,,,,,490999,6879.6387,1000,,,,,,,,,,
,,,,,491000,,,-619.8929443359375,-5.871406555175781,5.299923896789551,618.95458984375,618.567626953125,0.10721677541732788,-0.007098354399204254,0.0003,0.0003,0.10721956193447113
,,,,,491999,4734.419,1000,,,,,,,,,,
,,,,,492000,,,-613.7775268554688,-5.95291805267334,3.4107699394226074,612.60595703125,612.7593994140625,0.10751058906316757,0.031219426542520523,0.0003,0.0003,0.10751071572303772
,,,,,492999,6976.0967,1000,,,,,,,,,,
,,,,,493000,,,-616.689208984375,-5.788699150085449,3.9669506549835205,615.6447143554688,615.4384765625,0.10757114738225937,0.020891280844807625,0.0003,0.0003,0.10756940394639969
,,,,,493999,6852.0386,1000,,,,,,,,,,
,,,,,494000,,,-617.5621337890625,-6.003541946411133,3.5470900535583496,616.5794677734375,616.4561767578125,0.10789496451616287,-0.01038322877138853,0.0003,0.0003,0.10789421945810318
,,,,,494999,6911.166,1000,,,,,,,,,,
7042.432,32.4104,7107.1523,6995.9746,1000.0,495000,,,-615.8153076171875,-5.9772629737854,3.7001352310180664,614.7722778320312,614.8992919921875,0.10865098237991333,-0.018491685390472412,0.0003,0.0003,0.10865134745836258
,,,,,495999,6295.6177,1000,,,,,,,,,,
,,,,,496000,,,-613.69580078125,-6.050461769104004,4.090415954589844,612.8331909179688,612.5697021484375,0.10862469673156738,-0.016885021701455116,0.0003,0.0003,0.10862158983945847
,,,,,496999,7003.1045,1000,,,,,,,,,,
,,,,,497000,,,-624.17822265625,-5.210300445556641,3.5241806507110596,623.437255859375,623.5651245117188,0.10805048048496246,0.06732473522424698,0.0003,0.0003,0.10804785043001175
,,,,,497999,6756.0757,1000,,,,,,,,,,
,,,,,498000,,,-619.7896728515625,-6.03965950012207,3.411229133605957,618.4998779296875,618.6673583984375,0.10786613076925278,0.0057153841480612755,0.0003,0.0003,0.10786260664463043
,,,,,498999,7001.5093,1000,,,,,,,,,,
,,,,,499000,,,-627.4490966796875,-5.7792582511901855,3.358772039413452,626.6788330078125,626.8609008789062,0.1073523461818695,0.05809580534696579,0.0003,0.0003,0.10735546797513962
,,,,,499999,7087.373,1000,,,,,,,,,,
7034.917,55.3372,7108.329,6955.869,1000.0,500000,,,-620.7833251953125,-6.277425765991211,3.86179256439209,619.80419921875,619.8577880859375,0.1071641594171524,-0.04122219979763031,0.0003,0.0003,0.10716260224580765
,,,,,500999,6872.7363,1000,,,,,,,,,,
,,,,,501000,,,-621.0284423828125,-6.085689544677734,4.938019275665283,620.23486328125,620.2525634765625,0.10728894174098969,-0.028360970318317413,0.0003,0.0003,0.1072835922241211
,,,,,501999,7029.9253,1000,,,,,,,,,,
,,,,,502000,,,-619.279541015625,-6.144105911254883,3.677699565887451,618.025390625,618.19140625,0.10740508139133453,-0.029618341475725174,0.0003,0.0003,0.10740403085947037
,,,,,502999,6978.229,1000,,,,,,,,,,
,,,,,503000,,,-621.5881958007812,-6.032221794128418,3.594578742980957,620.19140625,620.374267578125,0.10756432265043259,-0.014353709295392036,0.0003,0.0003,0.10756739974021912
,,,,,503999,6941.1284,1000,,,,,,,,,,
,,,,,504000,,,-626.3624267578125,-5.669008255004883,3.440868854522705,625.2479248046875,625.4954223632812,0.10730086266994476,0.000935649499297142,0.0003,0.0003,0.10730122029781342
,,,,,504999,6894.7026,1000,,,,,,,,,,
6997.3345,66.62039,7087.371,6898.622,1000.0,505000,,,-626.8804931640625,-5.858283996582031,3.116270065307617,625.885009765625,626.0464477539062,0.10761985927820206,0.01609676703810692,0.0003,0.0003,0.10762476176023483
,,,,,505999,6939.832,1000,,,,,,,,,,
,,,,,506000,,,-627.976806640625,-5.82077169418335,3.7344753742218018,626.9781494140625,626.818359375,0.10876953601837158,-0.00572914257645607,0.0003,0.0003,0.1087685227394104
,,,,,506999,6948.7666,1000,,,,,,,,,,
,,,,,507000,,,-629.67919921875,-6.208591461181641,2.440356731414795,628.6522216796875,628.7604370117188,0.10908465832471848,0.007730342447757721,0.0003,0.0003,0.10908884555101395
,,,,,507999,7099.694,1000,,,,,,,,,,
,,,,,508000,,,-623.65087890625,-6.188236236572266,2.852743625640869,622.4215087890625,622.6044921875,0.10895724594593048,0.0032868199050426483,0.0003,0.0003,0.1089610904455185
,,,,,508999,7074.444,1000,,,,,,,,,,
,,,,,509000,,,-629.9406127929688,-5.522658824920654,3.3546760082244873,628.7672119140625,628.85888671875,0.10847613960504532,0.04555530846118927,0.0003,0.0003,0.10847321897745132
,,,,,509999,7025.654,1000,,,,,,,,,,
6830.5845,442.96313,7029.521,5509.6895,1000.0,510000,,,-626.2985229492188,-6.426301002502441,3.884009599685669,624.9478149414062,625.3558349609375,0.1084684357047081,-0.040690407156944275,0.0003,0.0003,0.10847112536430359
,,,,,510999,7044.493,1000,,,,,,,,,,
,,,,,511000,,,-627.817626953125,-5.914081573486328,3.1005325317382812,626.9750366210938,626.6759033203125,0.10914675891399384,-0.0038372427225112915,0.0003,0.0003,0.10914402455091476
,,,,,511999,6848.4126,1000,,,,,,,,,,
,,,,,512000,,,-627.8546752929688,-6.520028114318848,3.7164218425750732,626.6961059570312,626.9674072265625,0.10917775332927704,-0.012358158826828003,0.0003,0.0003,0.10917437076568604
,,,,,512999,7051.51,1000,,,,,,,,,,
,,,,,513000,,,-622.0594482421875,-6.951798439025879,4.026346206665039,620.72900390625,620.6298828125,0.11037546396255493,-0.10223452746868134,0.0003,0.0003,0.11038517206907272
,,,,,513999,7016.0737,1000,,,,,,,,,,
,,,,,514000,,,-626.749755859375,-6.118330001831055,3.005734920501709,625.5239868164062,625.5821533203125,0.10982437431812286,0.003673182800412178,0.0003,0.0003,0.10982437431812286
,,,,,514999,7047.839,1000,,,,,,,,,,
7023.025,88.4072,7126.1245,6796.283,1000.0,515000,,,-629.8732299804688,-5.763361930847168,3.8764491081237793,628.4273681640625,628.4033813476562,0.11056314408779144,-0.006868485361337662,0.0003,0.0003,0.11056388169527054
,,,,,515999,7111.39,1000,,,,,,,,,,
,,,,,516000,,,-627.9365844726562,-6.0896897315979,4.741710186004639,626.7756958007812,627.0614013671875,0.1102592870593071,-0.01154475100338459,0.0003,0.0003,0.11025574058294296
,,,,,516999,7030.661,1000,,,,,,,,,,
,,,,,517000,,,-627.0306396484375,-5.92971134185791,2.6070942878723145,625.8440551757812,626.1034545898438,0.11074219644069672,-0.024090148508548737,0.0003,0.0003,0.1107470840215683
,,,,,517999,7110.637,1000,,,,,,,,,,
,,,,,518000,,,-631.6571044921875,-5.75880241394043,3.1246166229248047,630.9016723632812,630.8314208984375,0.11039946228265762,0.019885826855897903,0.0003,0.0003,0.11040141433477402
,,,,,518999,6990.866,1000,,,,,,,,,,
,,,,,519000,,,-632.2704467773438,-5.654228210449219,3.335310459136963,631.263427734375,630.9402465820312,0.10981667786836624,0.03869352489709854,0.0003,0.0003,0.10981583595275879
,,,,,519999,7060.246,1000,,,,,,,,,,
7131.035,58.08979,7224.4365,7054.607,1000.0,520000,,,-632.8169555664062,-6.181031703948975,4.351445198059082,631.528076171875,631.5645751953125,0.10952306538820267,-0.011191975325345993,0.0003,0.0003,0.10951872915029526
,,,,,520999,7141.524,1000,,,,,,,,,,
,,,,,521000,,,-633.92236328125,-5.446680068969727,3.0214929580688477,632.6978149414062,632.8333740234375,0.10924558341503143,0.05942898243665695,0.0003,0.0003,0.10924597829580307
,,,,,521999,7071.4834,1000,,,,,,,,,,
,,,,,522000,,,-636.178955078125,-5.83884334564209,3.816441059112549,635.3211669921875,635.18359375,0.1088692918419838,-0.0034537981264293194,0.0003,0.0003,0.10887093096971512
,,,,,522999,7164.407,1000,,,,,,,,,,
,,,,,523000,,,-633.8863525390625,-5.754738807678223,3.2331507205963135,632.7278442382812,633.0,0.10906115174293518,0.04899159073829651,0.0003,0.0003,0.10905488580465317
,,,,,523999,7014.6973,1000,,,,,,,,,,
,,,,,524000,,,-631.197265625,-5.932976245880127,4.532132148742676,630.3199462890625,630.0118408203125,0.10943275690078735,-0.010723980143666267,0.0003,0.0003,0.1094328835606575
,,,,,524999,7165.735,1000,,,,,,,,,,
7175.0967,110.65063,7307.668,6940.2095,1000.0,525000,,,-635.85595703125,-6.3981733322143555,3.6544742584228516,634.6951904296875,634.6974487304688,0.11024054884910583,-0.02516014501452446,0.0003,0.0003,0.1102486178278923
,,,,,525999,7244.4487,1000,,,,,,,,,,
,,,,,526000,,,-639.0890502929688,-6.378968238830566,3.184779167175293,638.348876953125,638.4569091796875,0.11054089665412903,-0.032149046659469604,0.0003,0.0003,0.11053808033466339
,,,,,526999,7143.8447,1000,,,,,,,,,,
,,,,,527000,,,-638.000244140625,-6.355513572692871,3.551058769226074,636.8363037109375,636.5865478515625,0.10987149178981781,-0.042947281152009964,0.0003,0.0003,0.1098712757229805
,,,,,527999,7039.404,1000,,,,,,,,,,
,,,,,528000,,,-633.2918701171875,-5.743904113769531,3.4403748512268066,632.2521362304688,632.40966796875,0.11019209027290344,0.026345450431108475,0.0003,0.0003,0.11018969863653183
,,,,,528999,7061.9775,1000,,,,,,,,,,
,,,,,529000,,,-633.5037231445312,-5.812369346618652,3.4814631938934326,632.3917236328125,632.344482421875,0.10983002930879593,-0.020258955657482147,0.0003,0.0003,0.10983256995677948
,,,,,529999,7117.5405,1000,,,,,,,,,,
7236.7256,68.2039,7356.3047,7098.381,1000.0,530000,,,-638.1727294921875,-6.184351444244385,3.589930772781372,637.3193359375,637.318359375,0.11039751768112183,-0.03161768987774849,0.0003,0.0003,0.1104048639535904
,,,,,530999,7168.9595,1000,,,,,,,,,,
,,,,,531000,,,-632.6627197265625,-6.550177574157715,4.247418403625488,631.522216796875,631.6615600585938,0.10959471762180328,-0.05581528693437576,0.0003,0.0003,0.10959887504577637
,,,,,531999,6989.9497,1000,,,,,,,,,,
,,,,,532000,,,-634.5855712890625,-6.529904365539551,2.8990237712860107,633.2460327148438,632.8553466796875,0.10913661122322083,-0.02999427169561386,0.0003,0.0003,0.10913082957267761
,,,,,532999,7245.699,1000,,,,,,,,,,
,,,,,533000,,,-640.2922973632812,-5.647854804992676,3.383636474609375,639.7249755859375,639.5650634765625,0.10922113060951233,0.046242643147706985,0.0003,0.0003,0.10922001302242279
,,,,,533999,7244.2603,1000,,,,,,,,,,
,,,,,534000,,,-639.9818725585938,-5.933101654052734,3.5836472511291504,639.2232055664062,638.7899169921875,0.10866767168045044,-0.0023307111114263535,0.0003,0.0003,0.10867046564817429
,,,,,534999,7175.6025,1000,,,,,,,,,,
7215.5107,79.824165,7329.7275,7047.1387,1000.0,535000,,,-637.2467041015625,-5.968425750732422,2.8414928913116455,636.0402221679688,636.024658203125,0.10882559418678284,0.0312972217798233,0.0003,0.0003,0.10882284492254257
,,,,,535999,7241.3315,1000,,,,,,,,,,
,,,,,536000,,,-639.4140625,-5.854432582855225,3.2282214164733887,638.308837890625,638.440185546875,0.11089731752872467,-0.022094037383794785,0.0003,0.0003,0.11089938133955002
,,,,,536999,7102.651,1000,,,,,,,,,,
,,,,,537000,,,-643.3150634765625,-5.985993385314941,3.5281832218170166,642.2136840820312,642.1174926757812,0.1109318807721138,0.0053397295996546745,0.0003,0.0003,0.11092706769704819
,,,,,537999,7100.093,1000,,,,,,,,,,
,,,,,538000,,,-638.7638549804688,-5.731128692626953,3.49027681350708,637.9110107421875,637.8325805664062,0.10940507799386978,-0.0072327665984630585,0.0003,0.0003,0.10940471291542053
,,,,,538999,7230.52,1000,,,,,,,,,,
,,,,,539000,,,-642.4102172851562,-5.922846794128418,3.6139750480651855,641.1055908203125,641.0672607421875,0.10959646850824356,-0.00839537288993597,0.0003,0.0003,0.10959714651107788
,,,,,539999,7301.4536,1000,,,,,,,,,,
7224.285,54.236023,7338.358,7164.157,1000.0,540000,,,-642.0274047851562,-5.80930233001709,3.5202817916870117,641.15380859375,641.1329345703125,0.11067544668912888,0.026025300845503807,0.0003,0.0003,0.11068077385425568
,,,,,540999,7240.128,1000,,,,,,,,,,
,,,,,541000,,,-637.250244140625,-6.002345085144043,3.6002979278564453,635.9459228515625,635.7198486328125,0.11013834923505783,-0.009727622382342815,0.0003,0.0003,0.11013921350240707
,,,,,541999,7220.9775,1000,,,,,,,,,,
,,,,,542000,,,-637.2219848632812,-6.575325965881348,3.1503405570983887,636.1237182617188,636.4674682617188,0.11081437766551971,-0.02968987263739109,0.0003,0.0003,0.1108173131942749
,,,,,542999,7237.56,1000,,,,,,,,,,
,,,,,543000,,,-641.34619140625,-5.941094398498535,4.004186630249023,640.0784912109375,640.053466796875,0.1104520633816719,0.02124730497598648,0.0003,0.0003,0.11044646054506302
,,,,,543999,7270.747,1000,,,,,,,,,,
,,,,,544000,,,-643.677490234375,-5.875485420227051,2.675441265106201,642.4348754882812,642.5477294921875,0.11106012016534805,-0.0011043660342693329,0.0003,0.0003,0.11106149852275848
,,,,,544999,7267.095,1000,,,,,,,,,,
7245.357,47.008904,7333.555,7174.4336,1000.0,545000,,,-642.6204833984375,-6.040621757507324,3.5771241188049316,641.7991943359375,641.5416259765625,0.11073403805494308,0.018034815788269043,0.0003,0.0003,0.11073454469442368
,,,,,545999,7269.5977,1000,,,,,,,,,,
,,,,,546000,,,-638.4173583984375,-6.173135280609131,4.2386016845703125,637.106689453125,637.310791015625,0.11103253811597824,-0.005247335880994797,0.0003,0.0003,0.1110299676656723
,,,,,546999,7196.4863,1000,,,,,,,,,,
,,,,,547000,,,-645.4937744140625,-6.1161088943481445,2.514841079711914,644.318359375,644.47607421875,0.11156295239925385,0.014513729140162468,0.0003,0.0003,0.11156635731458664
,,,,,547999,7191.173,1000,,,,,,,,,,
,,,,,548000,,,-645.7537841796875,-6.1494245529174805,3.035404920578003,644.8920288085938,645.2522583007812,0.11067380756139755,0.0006323531270027161,0.0003,0.0003,0.11066855490207672
,,,,,548999,7227.088,1000,,,,,,,,,,
,,,,,549000,,,-649.0088500976562,-5.64914608001709,3.968660354614258,647.6900634765625,647.8026123046875,0.11097108572721481,0.024310754612088203,0.0003,0.0003,0.11097296327352524
,,,,,549999,7281.787,1000,,,,,,,,,,
7166.868,104.27113,7335.784,6904.0664,1000.0,550000,,,-644.4539794921875,-5.714479446411133,3.1995794773101807,643.6673583984375,643.74365234375,0.11086350679397583,0.0384821817278862,0.0003,0.0003,0.11085983365774155
,,,,,550999,7215.2056,1000,,,,,,,,,,
,,,,,551000,,,-643.9654541015625,-6.197366714477539,3.562169075012207,642.912109375,642.8131713867188,0.11046813428401947,0.01239202730357647,0.0003,0.0003,0.11046729236841202
,,,,,551999,7252.795,1000,,,,,,,,,,
,,,,,552000,,,-650.823486328125,-5.170599937438965,3.6006112098693848,650.140380859375,649.9896850585938,0.11020427942276001,0.09917224943637848,0.0003,0.0003,0.11019692569971085
,,,,,552999,7210.9697,1000,,,,,,,,,,
,,,,,553000,,,-646.8575439453125,-5.629510879516602,3.6672308444976807,645.6534423828125,645.872802734375,0.10995065420866013,0.025776401162147522,0.0003,0.0003,0.10994606465101242
,,,,,553999,7187.8506,1000,,,,,,,,,,
,,,,,554000,,,-648.5950927734375,-5.905707836151123,3.5993740558624268,647.6021728515625,647.3377685546875,0.11125056445598602,0.018033869564533234,0.0003,0.0003,0.11125165224075317
,,,,,554999,7189.6313,1000,,,,,,,,,,
7176.4077,51.451607,7280.1987,7105.5156,1000.0,555000,,,-642.40234375,-5.854780197143555,3.3611865043640137,641.5022583007812,641.2548828125,0.11015279591083527,0.014414861798286438,0.0003,0.0003,0.11015641689300537
,,,,,555999,7170.7983,1000,,,,,,,,,,
,,,,,556000,,,-653.607421875,-5.505352020263672,2.933947801589966,652.319091796875,652.552490234375,0.11060532927513123,0.06776800751686096,0.0003,0.0003,0.11060794442892075
,,,,,556999,7214.8486,1000,,,,,,,,,,
,,,,,557000,,,-651.8397216796875,-5.7896623611450195,3.1843690872192383,650.5835571289062,650.8519287109375,0.11167853325605392,0.007117012515664101,0.0003,0.0003,0.11167914420366287
,,,,,557999,7256.905,1000,,,,,,,,,,
,,,,,558000,,,-644.0775756835938,-5.710546970367432,4.090951442718506,642.43017578125,643.0767822265625,0.11316138505935669,0.0073396796360611916,0.0003,0.0003,0.11315879225730896
,,,,,558999,7291.556,1000,,,,,,,,,,
,,,,,559000,,,-646.5982666015625,-6.066056251525879,3.9611215591430664,644.8544921875,645.4681396484375,0.11287974566221237,0.03308664262294769,0.0003,0.0003,0.11287549138069153
,,,,,559999,7198.3228,1000,,,,,,,,,,
7315.6865,56.443375,7419.8633,7204.0356,1000.0,560000,,,-648.245849609375,-6.02813720703125,3.671525716781616,647.5716552734375,647.6209716796875,0.11126287281513214,0.002805335447192192,0.0003,0.0003,0.11126024276018143
,,,,,560999,7356.41,1000,,,,,,,,,,
,,,,,561000,,,-649.9573364257812,-5.846067428588867,3.982015371322632,648.3991088867188,648.6002807617188,0.11114183813333511,-0.014749228954315186,0.0003,0.0003,0.11114314198493958
,,,,,561999,7256.916,1000,,,,,,,,,,
,,,,,562000,,,-644.36474609375,-6.15988826751709,4.115220069885254,643.1549682617188,643.016845703125,0.11199367046356201,8.663814514875412e-05,0.0003,0.0003,0.11199729889631271
,,,,,562999,7215.201,1000,,,,,,,,,,
,,,,,563000,,,-645.382568359375,-6.494098663330078,4.202013969421387,644.0721435546875,644.0863037109375,0.11194825917482376,-0.05216379091143608,0.0003,0.0003,0.11194668710231781
,,,,,563999,7269.2666,1000,,,,,,,,,,
,,,,,564000,,,-656.0617065429688,-5.817385196685791,3.3499808311462402,655.2266235351562,655.3151245117188,0.11129070073366165,0.029466740787029266,0.0003,0.0003,0.11129173636436462
,,,,,564999,7180.469,1000,,,,,,,,,,
7406.035,81.800705,7558.4414,7324.128,1000.0,565000,,,-650.9194946289062,-6.272834777832031,3.636773109436035,649.7821044921875,649.5611572265625,0.11230439692735672,-0.004248959943652153,0.0003,0.0003,0.11230819672346115
,,,,,565999,7271.122,1000,,,,,,,,,,
,,,,,566000,,,-656.3848266601562,-5.710262298583984,3.508512258529663,655.1563720703125,655.5082397460938,0.1113194152712822,0.029103439301252365,0.0003,0.0003,0.11131893843412399
,,,,,566999,7329.8574,1000,,,,,,,,,,
,,,,,567000,,,-654.8878173828125,-6.064319610595703,3.915414571762085,653.5689697265625,653.486572265625,0.11120874434709549,-0.05047048628330231,0.0003,0.0003,0.11121367663145065
,,,,,567999,7256.889,1000,,,,,,,,,,
,,,,,568000,,,-658.452392578125,-6.249955654144287,3.073704242706299,657.2647705078125,657.17724609375,0.11205857247114182,-0.04586069658398628,0.0003,0.0003,0.11206158995628357
,,,,,568999,7308.215,1000,,,,,,,,,,
,,,,,569000,,,-657.1903076171875,-6.040888786315918,3.2669966220855713,655.625732421875,655.8826904296875,0.11149676889181137,-0.013663630932569504,0.0003,0.0003,0.11149346828460693
,,,,,569999,7382.227,1000,,,,,,,,,,
7249.6265,56.27155,7346.5205,7169.027,1000.0,570000,,,-654.747314453125,-5.839313507080078,3.8811683654785156,653.992431640625,653.4774780273438,0.11074270308017731,-0.014928203076124191,0.0003,0.0003,0.11074130237102509
,,,,,570999,7308.1294,1000,,,,,,,,,,
,,,,,571000,,,-657.063720703125,-6.202271461486816,3.7175111770629883,655.9762573242188,656.1077880859375,0.1109391525387764,-0.0005152951925992966,0.0003,0.0003,0.11094029247760773
,,,,,571999,7296.936,1000,,,,,,,,,,
,,,,,572000,,,-660.4036254882812,-6.276912689208984,3.99006724357605,659.39404296875,659.1702270507812,0.1112605631351471,-0.07303633540868759,0.0003,0.0003,0.11126130819320679
,,,,,572999,7246.2163,1000,,,,,,,,,,
,,,,,573000,,,-656.4578247070312,-6.175450801849365,4.068478584289551,654.69873046875,655.1300048828125,0.11182541400194168,-0.02173084206879139,0.0003,0.0003,0.11182765662670135
,,,,,573999,7226.104,1000,,,,,,,,,,
,,,,,574000,,,-654.3416137695312,-6.132128715515137,5.033945083618164,653.3956298828125,653.2225341796875,0.11151338368654251,0.02958698570728302,0.0003,0.0003,0.11151138693094254
,,,,,574999,7346.4463,1000,,,,,,,,,,
7404.357,66.79912,7503.6704,7240.471,1000.0,575000,,,-652.145263671875,-5.871748924255371,3.326101064682007,651.1199951171875,651.5250244140625,0.11167951673269272,0.006372405216097832,0.0003,0.0003,0.11167935281991959
,,,,,575999,7253.85,1000,,,,,,,,,,
,,,,,576000,,,-653.8388671875,-6.026503086090088,4.9048261642456055,652.779296875,652.1600341796875,0.11066320538520813,-0.0025818687863647938,0.0003,0.0003,0.11065887659788132
,,,,,576999,7288.256,1000,,,,,,,,,,
,,,,,577000,,,-654.8316040039062,-6.232121467590332,3.250452995300293,653.9093627929688,653.9612426757812,0.11076971143484116,-0.056528713554143906,0.0003,0.0003,0.11077158898115158
,,,,,577999,7307.0347,1000,,,,,,,,,,
,,,,,578000,,,-657.6422729492188,-5.979588031768799,3.5813100337982178,656.851318359375,656.751953125,0.11108197271823883,-0.005175265017896891,0.0003,0.0003,0.11107974499464035
,,,,,578999,7347.808,1000,,,,,,,,,,
,,,,,579000,,,-666.263671875,-6.299898624420166,3.323086738586426,665.2958984375,665.314453125,0.11193403601646423,-0.02249734476208687,0.0003,0.0003,0.11193808913230896
,,,,,579999,7382.4814,1000,,,,,,,,,,
7221.224,488.2943,7449.5083,5759.748,1000.0,580000,,,-656.07421875,-6.414783477783203,2.9623773097991943,655.0722045898438,655.2041015625,0.11147008091211319,-0.03475642949342728,0.0003,0.0003,0.1114702969789505
,,,,,580999,4414.7544,1000,,,,,,,,,,
,,,,,581000,,,-665.2303466796875,-5.867486000061035,4.622302055358887,664.111328125,664.420654296875,0.11206939071416855,0.01285473257303238,0.0003,0.0003,0.11206711828708649
,,,,,581999,7433.948,1000,,,,,,,,,,
,,,,,582000,,,-661.6180419921875,-6.028389930725098,3.9782280921936035,660.3887939453125,660.2310791015625,0.11070972681045532,-0.00906028226017952,0.0003,0.0003,0.11071038991212845
,,,,,582999,7335.8506,1000,,,,,,,,,,
,,,,,583000,,,-655.32275390625,-6.269930362701416,4.063844203948975,653.9647827148438,654.3607177734375,0.11094225198030472,-0.06844652444124222,0.0003,0.0003,0.11094153672456741
,,,,,583999,7469.885,1000,,,,,,,,,,
,,,,,584000,,,-664.0365600585938,-5.709199905395508,3.787039041519165,662.5186157226562,663.0960693359375,0.11096052825450897,0.009277544915676117,0.0003,0.0003,0.11095745861530304
,,,,,584999,7385.3105,1000,,,,,,,,,,
7208.3257,66.24335,7326.09,7113.085,1000.0,585000,,,-659.89453125,-6.324034690856934,5.0477094650268555,658.279296875,658.2115478515625,0.11125077307224274,-0.026720132678747177,0.0003,0.0003,0.11124539375305176
,,,,,585999,7253.985,1000,,,,,,,,,,
,,,,,586000,,,-663.9781494140625,-6.536120414733887,4.050730228424072,663.1839599609375,662.9298095703125,0.11014015972614288,-0.05905815213918686,0.0003,0.0003,0.11014599353075027
,,,,,586999,7393.7173,1000,,,,,,,,,,
,,,,,587000,,,-659.1065673828125,-6.355461120605469,5.1654863357543945,657.9925537109375,657.9647216796875,0.11009151488542557,-0.008474278263747692,0.0003,0.0003,0.11009576916694641
,,,,,587999,7360.8384,1000,,,,,,,,,,
,,,,,588000,,,-659.5811767578125,-5.76151704788208,5.045872688293457,658.388427734375,658.3787231445312,0.11023234575986862,0.020720815286040306,0.0003,0.0003,0.11023473739624023
,,,,,588999,7371.4775,1000,,,,,,,,,,
,,,,,589000,,,-663.5936279296875,-6.014984130859375,4.009843826293945,662.9649658203125,662.5413818359375,0.10975359380245209,0.013845518231391907,0.0003,0.0003,0.10975021868944168
,,,,,589999,7351.8325,1000,,,,,,,,,,
7365.578,68.95405,7462.0117,7224.6294,1000.0,590000,,,-661.344970703125,-6.0092058181762695,3.69338321685791,660.172607421875,660.0812377929688,0.11026446521282196,0.013456041924655437,0.0003,0.0003,0.11026570200920105
,,,,,590999,7368.7896,1000,,,,,,,,,,
,,,,,591000,,,-660.9124755859375,-5.846475601196289,4.857912063598633,659.6653442382812,660.105224609375,0.11044058948755264,0.029974641278386116,0.0003,0.0003,0.11043737083673477
,,,,,591999,7505.5854,1000,,,,,,,,,,
,,,,,592000,,,-665.6890869140625,-6.072938919067383,3.375372886657715,664.8363037109375,664.8309326171875,0.11083824187517166,-0.005242695100605488,0.0003,0.0003,0.11083562672138214
,,,,,592999,7493.0957,1000,,,,,,,,,,
,,,,,593000,,,-658.6312255859375,-6.120525360107422,3.3722777366638184,657.66748046875,657.7276611328125,0.11208996921777725,-0.003616861067712307,0.0003,0.0003,0.11208799481391907
,,,,,593999,7310.5347,1000,,,,,,,,,,
,,,,,594000,,,-667.1055908203125,-6.24769401550293,3.645853281021118,666.1324462890625,665.8477783203125,0.11171005666255951,-0.07372356951236725,0.0003,0.0003,0.11171389371156693
,,,,,594999,7379.3994,1000,,,,,,,,,,
7483.2188,72.19436,7591.8784,7318.2407,1000.0,595000,,,-666.78369140625,-5.986372947692871,3.7925572395324707,665.6461181640625,665.4177856445312,0.11111336201429367,-0.01332676038146019,0.0003,0.0003,0.1111152395606041
,,,,,595999,7259.1934,1000,,,,,,,,,,
,,,,,596000,,,-668.3697509765625,-6.269423484802246,2.91279935836792,667.6488037109375,667.594482421875,0.1100529357790947,-0.024801509454846382,0.0003,0.0003,0.11005724221467972
,,,,,596999,7497.206,1000,,,,,,,,,,
,,,,,597000,,,-666.4932861328125,-6.160680770874023,3.870055675506592,665.6509399414062,665.6212768554688,0.11049268394708633,0.019153635948896408,0.0003,0.0003,0.11049196869134903
,,,,,597999,7343.5996,1000,,,,,,,,,,
,,,,,598000,,,-663.515869140625,-6.694262981414795,3.545285701751709,662.6866455078125,662.506103515625,0.11060184985399246,-0.06190858781337738,0.0003,0.0003,0.1106051430106163
,,,,,598999,7516.6055,1000,,,,,,,,,,
,,,,,599000,,,-664.6639404296875,-6.530760288238525,3.023935556411743,663.4196166992188,663.61083984375,0.11147996783256531,-0.044983960688114166,0.0003,0.0003,0.11147752404212952
,,,,,599999,7475.883,1000,,,,,,,,,,
7375.411,218.4,7525.582,6741.809,1000.0,600000,,,-664.7344970703125,-6.136341094970703,3.3333518505096436,663.2666625976562,663.440673828125,0.11170513182878494,-0.008652702905237675,0.0003,0.0003,0.11171003431081772
,,,,,600999,7372.6807,1000,,,,,,,,,,
,,,,,601000,,,-670.185791015625,-5.61551570892334,3.6397972106933594,669.2671508789062,669.36572265625,0.11145089566707611,0.06170843169093132,0.0003,0.0003,0.11144828796386719
,,,,,601999,7393.2666,1000,,,,,,,,,,
,,,,,602000,,,-666.981201171875,-5.710542678833008,3.5065460205078125,665.5980224609375,665.3684692382812,0.11087112128734589,0.01967267319560051,0.0003,0.0003,0.1108708307147026
,,,,,602999,7284.5894,1000,,,,,,,,,,
,,,,,603000,,,-669.6864013671875,-5.748119354248047,4.283479690551758,668.2742919921875,668.60595703125,0.11136236786842346,0.005493924021720886,0.0003,0.0003,0.11136406660079956
,,,,,603999,7458.946,1000,,,,,,,,,,
,,,,,604000,,,-666.4564208984375,-5.947128772735596,3.3565468788146973,665.1351928710938,665.1358642578125,0.11141521483659744,0.011067869141697884,0.0003,0.0003,0.1114119216799736
,,,,,604999,7461.0117,1000,,,,,,,,,,
7480.814,157.0462,7582.049,7028.139,1000.0,605000,,,-666.36376953125,-6.032655715942383,4.525095462799072,664.9608154296875,665.1787109375,0.11062033474445343,-0.017716147005558014,0.0003,0.0003,0.11062334477901459
,,,,,605999,7524.699,1000,,,,,,,,,,
,,,,,606000,,,-667.4002075195312,-6.339993000030518,3.466477870941162,666.535400390625,666.2196655273438,0.11174018681049347,-0.009567348286509514,0.0003,0.0003,0.1117415726184845
,,,,,606999,7544.116,1000,,,,,,,,,,
,,,,,607000,,,-668.696044921875,-5.991192817687988,4.538751602172852,667.173095703125,667.467041015625,0.1116916835308075,-0.006157848052680492,0.0003,0.0003,0.11169040948152542
,,,,,607999,7357.9805,1000,,,,,,,,,,
,,,,,608000,,,-674.5601806640625,-5.955278396606445,4.816967010498047,673.7352294921875,673.3560791015625,0.1120159924030304,0.00678992597386241,0.0003,0.0003,0.1120162084698677
,,,,,608999,7480.029,1000,,,,,,,,,,
,,,,,609000,,,-674.651123046875,-5.432032585144043,4.023209571838379,673.602783203125,673.53125,0.11292213946580887,0.042762719094753265,0.0003,0.0003,0.11291411519050598
,,,,,609999,7461.721,1000,,,,,,,,,,
7460.8154,51.668148,7532.336,7383.7456,1000.0,610000,,,-672.4559936523438,-5.4323930740356445,3.736701488494873,671.2218017578125,671.2679443359375,0.11195965856313705,0.04456859827041626,0.0003,0.0003,0.11196216940879822
,,,,,610999,7583.088,1000,,,,,,,,,,
,,,,,611000,,,-671.259765625,-5.579300403594971,4.180974960327148,669.9833984375,669.79736328125,0.1113336980342865,0.05887695029377937,0.0003,0.0003,0.1113298162817955
,,,,,611999,7473.6855,1000,,,,,,,,,,
,,,,,612000,,,-677.2942504882812,-6.467436790466309,3.3228020668029785,676.1976318359375,676.0153198242188,0.11124077439308167,-0.012046515941619873,0.0003,0.0003,0.11123944818973541
,,,,,612999,7528.385,1000,,,,,,,,,,
,,,,,613000,,,-674.2584228515625,-6.309206008911133,5.085687637329102,673.0225830078125,672.4376220703125,0.11019274592399597,-0.024453580379486084,0.0003,0.0003,0.110196053981781
,,,,,613999,7465.412,1000,,,,,,,,,,
,,,,,614000,,,-679.0833740234375,-5.713343143463135,3.237663507461548,677.8253784179688,677.9534301757812,0.10969852656126022,0.015512069687247276,0.0003,0.0003,0.1096961721777916
,,,,,614999,7545.075,1000,,,,,,,,,,
7552.2666,77.23381,7675.024,7405.484,1000.0,615000,,,-674.899169921875,-6.385563850402832,3.6313464641571045,673.6060791015625,673.5216064453125,0.11043132096529007,-0.03683551400899887,0.0003,0.0003,0.11043307930231094
,,,,,615999,7507.902,1000,,,,,,,,,,
,,,,,616000,,,-671.6412353515625,-6.0340352058410645,4.472923278808594,670.4608764648438,670.6641845703125,0.11130383610725403,-0.01422896608710289,0.0003,0.0003,0.11130619794130325
,,,,,616999,7537.7393,1000,,,,,,,,,,
,,,,,617000,,,-669.742919921875,-6.407352924346924,4.1516642570495605,668.540771484375,668.7117309570312,0.11098764836788177,-0.027966558933258057,0.0003,0.0003,0.11099302023649216
,,,,,617999,7444.933,1000,,,,,,,,,,
,,,,,618000,,,-674.5845336914062,-6.542969703674316,4.832441329956055,673.610107421875,673.0240478515625,0.11071600764989853,-0.06455831974744797,0.0003,0.0003,0.11072184145450592
,,,,,618999,7427.898,1000,,,,,,,,,,
,,,,,619000,,,-677.5244140625,-6.202779769897461,4.044525146484375,675.6724853515625,676.2296752929688,0.11170268058776855,-0.005408085882663727,0.0003,0.0003,0.11170470714569092
,,,,,619999,7557.859,1000,,,,,,,,,,
7497.296,52.582172,7606.417,7399.499,1000.0,620000,,,-677.0921020507812,-6.066162109375,4.076992511749268,675.834716796875,676.320556640625,0.11195308715105057,-0.003650244325399399,0.0003,0.0003,0.11195383965969086
,,,,,620999,7454.9956,1000,,,,,,,,,,
,,,,,621000,,,-674.2755737304688,-6.393267631530762,4.052402019500732,673.3111572265625,672.7723999023438,0.11287694424390793,-0.04455428943037987,0.0003,0.0003,0.11287764459848404
,,,,,621999,7523.3677,1000,,,,,,,,,,
,,,,,622000,,,-674.494384765625,-5.405083656311035,4.366024017333984,673.5452270507812,673.6771240234375,0.11232005804777145,0.08229587227106094,0.0003,0.0003,0.11231494694948196
,,,,,622999,7528.615,1000,,,,,,,,,,
,,,,,623000,,,-676.1220092773438,-6.112497329711914,4.049736976623535,674.8468017578125,675.2093505859375,0.11189747601747513,0.006655646022409201,0.0003,0.0003,0.11190369725227356
,,,,,623999,7565.027,1000,,,,,,,,,,
,,,,,624000,,,-675.5950927734375,-6.1713151931762695,4.466663360595703,674.381591796875,674.3648071289062,0.1113513708114624,0.01825007237493992,0.0003,0.0003,0.11135408282279968
,,,,,624999,7630.1284,1000,,,,,,,,,,
7568.1367,54.98606,7642.249,7485.783,1000.0,625000,,,-679.5431518554688,-6.30692195892334,3.63803768157959,679.107666015625,679.1353759765625,0.1104915514588356,-0.017648201435804367,0.0003,0.0003,0.11049586534500122
,,,,,625999,7437.913,1000,,,,,,,,,,
,,,,,626000,,,-675.2205810546875,-6.286007881164551,3.873185873031616,674.1821899414062,674.2796630859375,0.10973556339740753,0.005052223801612854,0.0003,0.0003,0.10973190516233444
,,,,,626999,7484.9233,1000,,,,,,,,,,
,,,,,627000,,,-678.7569580078125,-5.915594577789307,4.400824546813965,677.831787109375,677.6646728515625,0.11169711500406265,0.009991996921598911,0.0003,0.0003,0.11169496178627014
,,,,,627999,7562.1133,1000,,,,,,,,,,
,,,,,628000,,,-678.2669677734375,-6.587618827819824,3.554229497909546,677.0989379882812,677.2010498046875,0.11216404289007187,-0.042521990835666656,0.0003,0.0003,0.11216656118631363
,,,,,628999,7483.2236,1000,,,,,,,,,,
,,,,,629000,,,-680.7843017578125,-6.319067478179932,4.2003703117370605,679.3864135742188,679.41796875,0.11256007105112076,-0.05670049041509628,0.0003,0.0003,0.11256401240825653
,,,,,629999,7657.267,1000,,,,,,,,,,
7549.3438,210.88956,7705.5034,7109.363,1000.0,630000,,,-678.4854125976562,-5.758111953735352,4.386327743530273,677.4404296875,677.27685546875,0.11217894405126572,0.04817243665456772,0.0003,0.0003,0.11217554658651352
,,,,,630999,7610.5347,1000,,,,,,,,,,
,,,,,631000,,,-677.6336059570312,-5.800472736358643,4.391042709350586,676.02783203125,676.352783203125,0.11215399205684662,0.023990990594029427,0.0003,0.0003,0.11215335130691528
,,,,,631999,7621.202,1000,,,,,,,,,,
,,,,,632000,,,-680.0103149414062,-5.707662105560303,2.7746782302856445,678.9678344726562,679.0980834960938,0.11126462370157242,0.03910200670361519,0.0003,0.0003,0.11126136034727097
,,,,,632999,7650.329,1000,,,,,,,,,,
,,,,,633000,,,-680.855224609375,-5.932938575744629,3.3083789348602295,679.3796997070312,679.674072265625,0.1124139055609703,0.053522296249866486,0.0003,0.0003,0.11241187155246735
,,,,,633999,7570.7676,1000,,,,,,,,,,
,,,,,634000,,,-683.8323974609375,-5.978594779968262,4.076611518859863,682.5386352539062,682.753173828125,0.11425655335187912,-0.010358220897614956,0.0003,0.0003,0.11425946652889252
,,,,,634999,7641.502,1000,,,,,,,,,,
7634.947,109.35599,7749.1533,7403.7344,1000.0,635000,,,-680.337890625,-5.922924041748047,3.78705096244812,678.7960205078125,678.7882080078125,0.11422457545995712,0.0075240954756736755,0.0003,0.0003,0.11422473937273026
,,,,,635999,6193.8765,1000,,,,,,,,,,
,,,,,636000,,,-676.419921875,-6.09374475479126,4.50335693359375,675.300537109375,675.4259033203125,0.11345411837100983,-0.010086510330438614,0.0003,0.0003,0.11345576494932175
,,,,,636999,7612.2876,1000,,,,,,,,,,
,,,,,637000,,,-677.319580078125,-5.907666206359863,3.105522394180298,676.34619140625,676.4060668945312,0.11344413459300995,0.02252933569252491,0.0003,0.0003,0.11343950778245926
,,,,,637999,7709.6157,1000,,,,,,,,,,
,,,,,638000,,,-682.78076171875,-5.889969825744629,4.69093132019043,681.3955078125,681.4154052734375,0.11279185116291046,-0.015468362718820572,0.0003,0.0003,0.11279088258743286
,,,,,638999,7500.5107,1000,,,,,,,,,,
,,,,,639000,,,-683.2265625,-5.741946220397949,3.302187442779541,681.9949340820312,682.030517578125,0.11296366155147552,0.04000645875930786,0.0003,0.0003,0.11296536028385162
,,,,,639999,7616.5225,1000,,,,,,,,,,
7726.1143,52.741154,7817.2617,7655.381,1000.0,640000,,,-682.449951171875,-5.684617042541504,3.6863465309143066,680.7130126953125,681.35888671875,0.11241848766803741,0.022147037088871002,0.0003,0.0003,0.11242061108350754
,,,,,640999,7716.596,1000,,,,,,,,,,
,,,,,641000,,,-681.1787719726562,-5.7039642333984375,4.045744895935059,680.0551147460938,679.7855224609375,0.1136559247970581,0.016290219500660896,0.0003,0.0003,0.11365321278572083
,,,,,641999,7510.7676,1000,,,,,,,,,,
,,,,,642000,,,-680.2682495117188,-6.305206775665283,3.931161880493164,679.106689453125,679.0648193359375,0.11304119974374771,-0.018041368573904037,0.0003,0.0003,0.11304141581058502
,,,,,642999,7584.629,1000,,,,,,,,,,
,,,,,643000,,,-675.2615356445312,-6.051133632659912,4.982552528381348,673.8434448242188,673.9696044921875,0.11263593286275864,0.005233250558376312,0.0003,0.0003,0.11263585835695267
,,,,,643999,7681.109,1000,,,,,,,,,,
,,,,,644000,,,-691.0879516601562,-6.155320167541504,4.320451736450195,689.4210205078125,689.9073486328125,0.11282789707183838,-0.009860355406999588,0.0003,0.0003,0.11282754689455032
,,,,,644999,7620.956,1000,,,,,,,,,,
7625.005,135.47499,7830.255,7304.2,1000.0,645000,,,-682.264892578125,-6.172944068908691,4.047476291656494,681.076171875,681.2225341796875,0.11361894011497498,-0.024581465870141983,0.0003,0.0003,0.11361988633871078
,,,,,645999,7550.3184,1000,,,,,,,,,,
,,,,,646000,,,-679.8031616210938,-5.6647796630859375,4.972525119781494,678.3069458007812,677.881103515625,0.11392755061388016,0.04115448147058487,0.0003,0.0003,0.11393050849437714
,,,,,646999,7615.159,1000,,,,,,,,,,
,,,,,647000,,,-684.50048828125,-6.2237548828125,3.310310125350952,683.0462646484375,683.1820068359375,0.11369730532169342,0.013513336889445782,0.0003,0.0003,0.11369787901639938
,,,,,647999,7680.5767,1000,,,,,,,,,,
,,,,,648000,,,-689.11474609375,-6.047644138336182,4.750422477722168,688.0317993164062,687.8908081054688,0.11320807039737701,-0.020050685852766037,0.0003,0.0003,0.11321411281824112
,,,,,648999,7657.8975,1000,,,,,,,,,,
,,,,,649000,,,-680.0452880859375,-6.121427536010742,4.749218463897705,678.7532958984375,678.657958984375,0.11413977295160294,-0.005386551842093468,0.0003,0.0003,0.11413482576608658
,,,,,649999,7544.5356,1000,,,,,,,,,,
7607.5405,97.81526,7756.139,7422.9478,1000.0,650000,,,-686.765625,-5.703321933746338,3.420363187789917,684.7255859375,685.043212890625,0.11287976801395416,0.02588091604411602,0.0003,0.0003,0.11287619173526764
,,,,,650999,7780.231,1000,,,,,,,,,,
,,,,,651000,,,-689.4176025390625,-5.933737277984619,4.464393138885498,687.78564453125,688.4659423828125,0.11281175911426544,-0.0006712963804602623,0.0003,0.0003,0.1128125861287117
,,,,,651999,7682.265,1000,,,,,,,,,,
,,,,,652000,,,-689.0769653320312,-5.760349273681641,3.7562928199768066,688.044677734375,688.1532592773438,0.11235463619232178,-0.0012602461501955986,0.0003,0.0003,0.11235509067773819
,,,,,652999,7668.8994,1000,,,,,,,,,,
,,,,,653000,,,-686.1617431640625,-6.455175876617432,6.849761009216309,684.9862670898438,685.0650634765625,0.11268189549446106,-0.04754665493965149,0.0003,0.0003,0.11268683522939682
,,,,,653999,7620.934,1000,,,,,,,,,,
,,,,,654000,,,-691.6895751953125,-6.671061038970947,4.2497758865356445,690.9093627929688,690.816650390625,0.11296277493238449,-0.045627154409885406,0.0003,0.0003,0.11296401172876358
,,,,,654999,7682.478,1000,,,,,,,,,,
7699.1235,57.431606,7768.9434,7599.5757,1000.0,655000,,,-689.4564819335938,-5.8214802742004395,4.123495101928711,688.3817749023438,688.7848510742188,0.11323525011539459,0.032427750527858734,0.0003,0.0003,0.11323622614145279
,,,,,655999,7631.036,1000,,,,,,,,,,
,,,,,656000,,,-686.0487060546875,-6.730401992797852,3.728748321533203,684.2545166015625,684.3297119140625,0.11406787484884262,-0.06794406473636627,0.0003,0.0003,0.1140710860490799
,,,,,656999,7720.3525,1000,,,,,,,,,,
,,,,,657000,,,-691.0977783203125,-6.105687141418457,3.7414751052856445,689.81982421875,689.72607421875,0.11361227929592133,0.011632252484560013,0.0003,0.0003,0.11361398547887802
,,,,,657999,7610.036,1000,,,,,,,,,,
,,,,,658000,,,-692.2418212890625,-6.160334587097168,4.214235782623291,691.2706298828125,691.5398559570312,0.11393621563911438,-0.03496941179037094,0.0003,0.0003,0.11393634974956512
,,,,,658999,7795.825,1000,,,,,,,,,,
,,,,,659000,,,-680.8777465820312,-6.341239929199219,6.648104190826416,679.646240234375,679.3319091796875,0.11415670067071915,-0.048116181045770645,0.0003,0.0003,0.11416173726320267
,,,,,659999,7783.1396,1000,,,,,,,,,,
7793.194,106.7126,7929.754,7534.886,1000.0,660000,,,-694.5478515625,-6.356325149536133,3.7453079223632812,693.2116088867188,693.4243774414062,0.11424655467271805,-0.05546946823596954,0.0003,0.0003,0.11425268650054932
,,,,,660999,7735.5103,1000,,,,,,,,,,
,,,,,661000,,,-700.6156005859375,-6.211292266845703,3.384154796600342,699.5181884765625,699.5643920898438,0.11292439699172974,0.009593814611434937,0.0003,0.0003,0.11292033642530441
,,,,,661999,7658.45,1000,,,,,,,,,,
,,,,,662000,,,-693.8732299804688,-6.150529861450195,3.8404064178466797,693.2679443359375,692.95458984375,0.11361609399318695,0.0008309781551361084,0.0003,0.0003,0.11361642181873322
,,,,,662999,7831.3384,1000,,,,,,,,,,
,,,,,663000,,,-689.697509765625,-6.074780464172363,4.856533050537109,688.5091552734375,688.846923828125,0.11294165998697281,-0.023942269384860992,0.0003,0.0003,0.11294092983007431
,,,,,663999,7814.0894,1000,,,,,,,,,,
,,,,,664000,,,-698.5687255859375,-6.010893821716309,4.607354164123535,696.97119140625,697.1159057617188,0.1130000501871109,0.015452774241566658,0.0003,0.0003,0.11299464106559753
,,,,,664999,7706.9824,1000,,,,,,,,,,
7663.6885,56.141968,7745.0615,7538.464,1000.0,665000,,,-694.7335205078125,-5.451129913330078,3.103597402572632,692.8995361328125,693.2025146484375,0.11321432888507843,0.027800792828202248,0.0003,0.0003,0.11321540921926498
,,,,,665999,7759.745,1000,,,,,,,,,,
,,,,,666000,,,-696.7197265625,-5.584336280822754,4.12484884262085,695.5052490234375,695.8275756835938,0.11432480812072754,0.049608953297138214,0.0003,0.0003,0.1143217608332634
,,,,,666999,7764.2256,1000,,,,,,,,,,
,,,,,667000,,,-701.3325805664062,-5.774308681488037,4.529964923858643,700.1384887695312,700.6424560546875,0.11521265655755997,0.022406507283449173,0.0003,0.0003,0.11522309482097626
,,,,,667999,7718.2944,1000,,,,,,,,,,
,,,,,668000,,,-691.597900390625,-6.209328651428223,3.9546263217926025,690.425537109375,690.234619140625,0.11457601934671402,-0.011268693022429943,0.0003,0.0003,0.11457595974206924
,,,,,668999,7839.546,1000,,,,,,,,,,
,,,,,669000,,,-697.0396728515625,-6.153053283691406,3.320857286453247,695.8133544921875,696.01416015625,0.11534392088651657,-0.003600458148866892,0.0003,0.0003,0.11534584313631058
,,,,,669999,7789.515,1000,,,,,,,,,,
7814.9985,41.421116,7879.7134,7722.932,1000.0,670000,,,-699.7796630859375,-5.813778877258301,4.936577796936035,698.9000244140625,698.4329833984375,0.11571011692285538,0.016428496688604355,0.0003,0.0003,0.11570947617292404
,,,,,670999,7650.1133,1000,,,,,,,,,,
,,,,,671000,,,-689.6591186523438,-6.203438758850098,3.120457410812378,688.3486938476562,688.419921875,0.1150374561548233,-0.008448471315205097,0.0003,0.0003,0.11503943055868149
,,,,,671999,7637.6006,1000,,,,,,,,,,
,,,,,672000,,,-695.9788818359375,-5.630080223083496,2.446530818939209,694.783447265625,694.8468017578125,0.11513812839984894,0.04597711190581322,0.0003,0.0003,0.11513104289770126
,,,,,672999,7661.289,1000,,,,,,,,,,
,,,,,673000,,,-691.1282958984375,-6.5534186363220215,4.370279312133789,690.0067138671875,689.950927734375,0.11519381403923035,-0.06245055049657822,0.0003,0.0003,0.1151975467801094
,,,,,673999,7765.996,1000,,,,,,,,,,
,,,,,674000,,,-699.337158203125,-5.949887275695801,3.6385931968688965,698.111572265625,697.98291015625,0.11423827707767487,0.03700144588947296,0.0003,0.0003,0.11423759162425995
,,,,,674999,7762.8877,1000,,,,,,,,,,
7714.4634,217.39217,7886.8457,7187.153,1000.0,675000,,,-702.708740234375,-6.223834991455078,4.0709333419799805,701.8018798828125,702.1820068359375,0.1146245151758194,-0.052579790353775024,0.0003,0.0003,0.11463121324777603
,,,,,675999,7682.4106,1000,,,,,,,,,,
,,,,,676000,,,-699.0506591796875,-6.01573371887207,3.7167770862579346,697.5872802734375,697.65869140625,0.11354715377092361,-0.012884517200291157,0.0003,0.0003,0.11355183273553848
,,,,,676999,7689.6587,1000,,,,,,,,,,
,,,,,677000,,,-695.5775146484375,-5.939574241638184,3.7171175479888916,694.3914794921875,694.5050048828125,0.1133871078491211,0.032838501036167145,0.0003,0.0003,0.1133832111954689
,,,,,677999,7674.9346,1000,,,,,,,,,,
,,,,,678000,,,-701.6832885742188,-5.513588905334473,3.3318381309509277,700.274658203125,700.4996948242188,0.11467606574296951,0.059227023273706436,0.0003,0.0003,0.11467587947845459
,,,,,678999,7767.1665,1000,,,,,,,,,,
,,,,,679000,,,-693.4281005859375,-6.029747009277344,3.960634469985962,692.6494750976562,692.6175537109375,0.11588285863399506,0.013079698197543621,0.0003,0.0003,0.11587879806756973
,,,,,679999,7761.3516,1000,,,,,,,,,,
7757.503,57.313324,7870.5273,7651.014,1000.0,680000,,,-698.065185546875,-5.992800712585449,4.551822662353516,696.8006591796875,696.8778076171875,0.11592765152454376,0.059905990958213806,0.0003,0.0003,0.1159280389547348
,,,,,680999,7780.203,1000,,,,,,,,,,
,,,,,681000,,,-703.6318359375,-5.5241193771362305,3.507500171661377,702.8319091796875,702.4996337890625,0.11634567379951477,0.04576253890991211,0.0003,0.0003,0.11634203791618347
,,,,,681999,7847.7637,1000,,,,,,,,,,
,,,,,682000,,,-691.970458984375,-6.170527458190918,3.0311543941497803,690.6123657226562,690.6881103515625,0.11643916368484497,-0.012698260135948658,0.0003,0.0003,0.11644838005304337
,,,,,682999,7800.657,1000,,,,,,,,,,
,,,,,683000,,,-702.5758056640625,-6.40623664855957,5.120307445526123,701.70068359375,701.510498046875,0.11692898720502853,-0.02392774261534214,0.0003,0.0003,0.11692678183317184
,,,,,683999,7861.586,1000,,,,,,,,,,
,,,,,684000,,,-697.47021484375,-6.177465438842773,5.053053855895996,696.3409423828125,696.313232421875,0.1155414879322052,0.004505535587668419,0.0003,0.0003,0.11554178595542908
,,,,,684999,7809.1865,1000,,,,,,,,,,
7843.4053,203.61383,7992.5107,7246.152,1000.0,685000,,,-702.9163208007812,-6.085233211517334,3.2232089042663574,701.3845825195312,701.6903076171875,0.11472367495298386,0.005387363955378532,0.0003,0.0003,0.11472170799970627
,,,,,685999,7770.1963,1000,,,,,,,,,,
,,,,,686000,,,-698.9595947265625,-6.057657718658447,4.55030632019043,697.577392578125,697.896240234375,0.1156870499253273,0.0063288863748312,0.0003,0.0003,0.11569124460220337
,,,,,686999,7886.08,1000,,,,,,,,,,
,,,,,687000,,,-699.1624755859375,-6.451646327972412,4.453465461730957,697.8742065429688,697.5196533203125,0.11613474786281586,-0.025961728766560555,0.0003,0.0003,0.11614219099283218
,,,,,687999,7823.984,1000,,,,,,,,,,
,,,,,688000,,,-701.9859619140625,-6.083123207092285,5.0869059562683105,700.8927001953125,701.1898193359375,0.11618758738040924,0.015143260359764099,0.0003,0.0003,0.11619079858064651
,,,,,688999,7792.367,1000,,,,,,,,,,
,,,,,689000,,,-707.7777709960938,-5.59492301940918,5.4826340675354,706.486328125,707.1954345703125,0.11717236042022705,0.00371684692800045,0.0003,0.0003,0.11717934906482697
,,,,,689999,7762.6543,1000,,,,,,,,,,
7013.5884,2503.6262,8050.412,-451.5483,1000.0,690000,,,-706.403076171875,-6.038649082183838,3.285736083984375,705.7008056640625,705.5021362304688,0.11583349853754044,-0.002631719224154949,0.0003,0.0003,0.1158304288983345
,,,,,690999,7913.5156,1000,,,,,,,,,,
,,,,,691000,,,-703.217041015625,-5.501666069030762,3.8208775520324707,701.8220825195312,701.8370361328125,0.11547277122735977,0.0457950234413147,0.0003,0.0003,0.11546878516674042
,,,,,691999,7924.6543,1000,,,,,,,,,,
,,,,,692000,,,-706.251953125,-6.06306791305542,3.651893377304077,704.9644775390625,704.6605224609375,0.11537785828113556,0.02246924862265587,0.0003,0.0003,0.11537694931030273
,,,,,692999,7834.2803,1000,,,,,,,,,,
,,,,,693000,,,-705.6334228515625,-5.721982955932617,2.9157614707946777,705.1201171875,704.864990234375,0.1153687834739685,0.028631102293729782,0.0003,0.0003,0.11537078768014908
,,,,,693999,7845.369,1000,,,,,,,,,,
,,,,,694000,,,-708.5855102539062,-6.116107940673828,4.1950812339782715,707.3051147460938,708.109375,0.11638370901346207,-0.0387854278087616,0.0003,0.0003,0.11639067530632019
,,,,,694999,7499.789,1000,,,,,,,,,,
7880.0093,37.068867,7941.6074,7810.3096,1000.0,695000,,,-709.642578125,-5.8670430183410645,4.852969646453857,708.8006591796875,708.6543579101562,0.11767800152301788,0.0012067854404449463,0.0003,0.0003,0.11768145114183426
,,,,,695999,7910.836,1000,,,,,,,,,,
,,,,,696000,,,-698.9725341796875,-6.4184136390686035,5.186561584472656,697.64794921875,697.3932495117188,0.11646045744419098,-0.0407465323805809,0.0003,0.0003,0.11645843088626862
,,,,,696999,7779.206,1000,,,,,,,,,,
,,,,,697000,,,-711.327392578125,-5.892457962036133,3.701098680496216,709.655029296875,709.7981567382812,0.11665868759155273,-0.009691227227449417,0.0003,0.0003,0.11665793508291245
,,,,,697999,7737.296,1000,,,,,,,,,,
,,,,,698000,,,-706.6865234375,-5.935691833496094,5.325060844421387,704.9812622070312,705.561279296875,0.1172725260257721,0.00431988388299942,0.0003,0.0003,0.11727048456668854
,,,,,698999,7742.813,1000,,,,,,,,,,
,,,,,699000,,,-705.8731689453125,-5.918328285217285,4.643804550170898,704.4793701171875,704.4415283203125,0.11722751706838608,-0.0026030680164694786,0.0003,0.0003,0.11722732335329056
,,,,,699999,7869.9634,1000,,,,,,,,,,
7915.5127,60.693203,7998.115,7832.0347,1000.0,700000,,,-706.6852416992188,-5.598104000091553,3.6185004711151123,705.3325805664062,705.32275390625,0.1182859018445015,0.038260966539382935,0.0003,0.0003,0.11829280853271484
,,,,,700999,7833.052,1000,,,,,,,,,,
,,,,,701000,,,-706.365234375,-5.578914642333984,4.20701789855957,704.928955078125,705.1993408203125,0.11857659369707108,0.034705378115177155,0.0003,0.0003,0.11857262998819351
,,,,,701999,7869.5947,1000,,,,,,,,,,
,,,,,702000,,,-706.396240234375,-6.334745407104492,4.730145454406738,704.7127685546875,705.11669921875,0.11821764707565308,-0.01856006495654583,0.0003,0.0003,0.11821569502353668
,,,,,702999,7853.226,1000,,,,,,,,,,
,,,,,703000,,,-711.1976318359375,-5.965867519378662,3.900771141052246,709.9464111328125,710.0802612304688,0.11682534962892532,0.0066566430032253265,0.0003,0.0003,0.11682941764593124
,,,,,703999,7867.26,1000,,,,,,,,,,
,,,,,704000,,,-709.3004150390625,-5.876726150512695,4.348026275634766,707.9111938476562,708.3414306640625,0.11616534739732742,0.01819547265768051,0.0003,0.0003,0.1161544919013977
,,,,,704999,7932.9087,1000,,,,,,,,,,
7914.7007,64.38322,8047.1,7830.3447,1000.0,705000,,,-710.7715454101562,-5.948089599609375,4.014212131500244,709.3238525390625,709.37939453125,0.11694552004337311,0.004203212447464466,0.0003,0.0003,0.1169440969824791
,,,,,705999,7859.2974,1000,,,,,,,,,,
,,,,,706000,,,-705.968505859375,-5.644100189208984,4.993142127990723,704.5452880859375,704.88134765625,0.11546438187360764,0.044929154217243195,0.0003,0.0003,0.11546190083026886
,,,,,706999,7881.3203,1000,,,,,,,,,,
,,,,,707000,,,-708.0101318359375,-5.63717794418335,4.769617557525635,707.015869140625,706.84521484375,0.11688435822725296,0.03873087838292122,0.0003,0.0003,0.11688608676195145
,,,,,707999,7876.955,1000,,,,,,,,,,
,,,,,708000,,,-703.6060791015625,-6.228659629821777,6.432151794433594,702.216552734375,702.5743408203125,0.11584979295730591,-0.0012269355356693268,0.0003,0.0003,0.11584500968456268
,,,,,708999,7852.805,1000,,,,,,,,,,
,,,,,709000,,,-709.8123779296875,-5.872118949890137,5.377925395965576,708.4912109375,708.332763671875,0.1162523701786995,0.028268592432141304,0.0003,0.0003,0.11625056713819504
,,,,,709999,7916.207,1000,,,,,,,,,,
7853.6016,129.36488,8162.6406,7691.801,1000.0,710000,,,-716.689208984375,-6.323319435119629,4.207248210906982,715.6625366210938,715.3426513671875,0.11666552722454071,0.0005628871731460094,0.0003,0.0003,0.11666683852672577
,,,,,710999,7899.5815,1000,,,,,,,,,,
,,,,,711000,,,-711.265380859375,-6.583436489105225,3.914635181427002,710.0968017578125,710.4440307617188,0.11645501852035522,-0.04686705768108368,0.0003,0.0003,0.11646032333374023
,,,,,711999,7894.499,1000,,,,,,,,,,
,,,,,712000,,,-705.0127563476562,-5.66541862487793,4.090254783630371,703.79345703125,704.0316772460938,0.11657627671957016,0.07132847607135773,0.0003,0.0003,0.1165725514292717
,,,,,712999,7918.382,1000,,,,,,,,,,
,,,,,713000,,,-707.6666259765625,-6.366039752960205,5.325575828552246,706.7159423828125,706.937744140625,0.11654092371463776,-0.05675581842660904,0.0003,0.0003,0.11654673516750336
,,,,,713999,7860.28,1000,,,,,,,,,,
,,,,,714000,,,-714.8995971679688,-6.150832176208496,5.296970367431641,713.70263671875,713.6456298828125,0.1174415573477745,-0.04971124976873398,0.0003,0.0003,0.11743979156017303
,,,,,714999,7857.577,1000,,,,,,,,,,
7789.9976,72.89158,7892.599,7626.5938,1000.0,715000,,,-713.937255859375,-6.093039035797119,4.183475494384766,712.4593505859375,712.3828735351562,0.11649689823389053,-0.030291635543107986,0.0003,0.0003,0.1164962574839592
,,,,,715999,7872.552,1000,,,,,,,,,,
,,,,,716000,,,-714.3563232421875,-5.819968223571777,3.9079627990722656,712.982666015625,713.244140625,0.11677558720111847,0.0020895833149552345,0.0003,0.0003,0.11677656322717667
,,,,,716999,7958.396,1000,,,,,,,,,,
,,,,,717000,,,-716.2547607421875,-5.799657821655273,3.91839861869812,714.914306640625,715.3692626953125,0.11675690859556198,-0.0002903919667005539,0.0003,0.0003,0.11674916744232178
,,,,,717999,7905.6377,1000,,,,,,,,,,
,,,,,718000,,,-713.5315551757812,-5.99043083190918,4.336920738220215,712.4192504882812,712.453369140625,0.11704861372709274,0.02514076791703701,0.0003,0.0003,0.11705034226179123
,,,,,718999,7979.7227,1000,,,,,,,,,,
,,,,,719000,,,-719.463134765625,-5.781017303466797,3.563734531402588,718.4193725585938,718.18310546875,0.11828592419624329,0.016917886212468147,0.0003,0.0003,0.11828121542930603
,,,,,719999,7985.7666,1000,,,,,,,,,,
7989.676,53.238766,8050.287,7916.139,1000.0,720000,,,-713.5332641601562,-5.782306671142578,3.18648362159729,712.0174560546875,712.3816528320312,0.11652914434671402,0.021121304482221603,0.0003,0.0003,0.11652367562055588
,,,,,720999,6894.3247,1000,,,,,,,,,,
,,,,,721000,,,-716.32421875,-5.626921653747559,5.271687030792236,715.0556640625,714.964599609375,0.11679903417825699,0.04364526644349098,0.0003,0.0003,0.11679892241954803
,,,,,721999,7970.695,1000,,,,,,,,,,
,,,,,722000,,,-716.4151611328125,-5.850286483764648,5.133555889129639,715.1741943359375,715.5736083984375,0.1175498515367508,-0.006775714457035065,0.0003,0.0003,0.11754564940929413
,,,,,722999,7785.611,1000,,,,,,,,,,
,,,,,723000,,,-718.64404296875,-6.234735012054443,4.625524520874023,717.317138671875,717.5533447265625,0.11894550174474716,-0.025816578418016434,0.0003,0.0003,0.11894834041595459
,,,,,723999,7822.858,1000,,,,,,,,,,
,,,,,724000,,,-719.0947265625,-6.158630847930908,5.66794490814209,717.3495483398438,716.9834594726562,0.11871703714132309,0.01619746908545494,0.0003,0.0003,0.11871624737977982
,,,,,724999,7921.762,1000,,,,,,,,,,
7979.8154,43.245197,8079.562,7922.147,1000.0,725000,,,-711.830078125,-5.986508846282959,4.511554718017578,710.325927734375,710.457763671875,0.11795088648796082,0.009951046667993069,0.0003,0.0003,0.11795330792665482
,,,,,725999,7989.9097,1000,,,,,,,,,,
,,,,,726000,,,-719.58935546875,-6.4972381591796875,5.423149108886719,718.3921508789062,718.1201171875,0.11714305728673935,0.0017345510423183441,0.0003,0.0003,0.11714498698711395
,,,,,726999,7968.9805,1000,,,,,,,,,,
,,,,,727000,,,-727.67724609375,-5.967256546020508,3.2916526794433594,726.95849609375,726.859375,0.11776983737945557,-0.03052487038075924,0.0003,0.0003,0.11777172237634659
,,,,,727999,7927.657,1000,,,,,,,,,,
,,,,,728000,,,-714.0340576171875,-6.251997470855713,4.415849685668945,712.9302978515625,712.5089111328125,0.1173347532749176,-0.04767242446541786,0.0003,0.0003,0.11733575910329819
,,,,,728999,7882.289,1000,,,,,,,,,,
,,,,,729000,,,-717.85400390625,-5.877707481384277,4.695526123046875,716.80859375,716.5677490234375,0.11894510686397552,-0.018319064751267433,0.0003,0.0003,0.11894258111715317
,,,,,729999,7938.8027,1000,,,,,,,,,,
7845.197,68.04144,7937.996,7724.4233,1000.0,730000,,,-718.0462646484375,-5.881170272827148,4.947453498840332,717.2926025390625,717.4088134765625,0.11769209057092667,0.01953091472387314,0.0003,0.0003,0.11769085377454758
,,,,,730999,7975.655,1000,,,,,,,,,,
,,,,,731000,,,-723.930419921875,-6.445307731628418,4.8018083572387695,722.5634765625,722.7127075195312,0.11698397248983383,-0.020878370851278305,0.0003,0.0003,0.11698416620492935
,,,,,731999,7926.81,1000,,,,,,,,,,
,,,,,732000,,,-725.3271484375,-5.248927116394043,4.904057502746582,724.3721923828125,724.2572631835938,0.11726824939250946,0.10372678935527802,0.0003,0.0003,0.11725905537605286
,,,,,732999,7975.3022,1000,,,,,,,,,,
,,,,,733000,,,-728.048095703125,-6.046001434326172,5.484549522399902,726.8578491210938,726.8812255859375,0.11607852578163147,-0.0053501371294260025,0.0003,0.0003,0.11607658863067627
,,,,,733999,7950.5938,1000,,,,,,,,,,
,,,,,734000,,,-720.8031005859375,-6.119942665100098,5.8598456382751465,719.6331787109375,720.1475830078125,0.11745169013738632,0.01749671995639801,0.0003,0.0003,0.11744645237922668
,,,,,734999,8051.985,1000,,,,,,,,,,
8016.207,177.20384,8172.8027,7520.664,1000.0,735000,,,-717.3328857421875,-5.8611602783203125,5.526475429534912,715.9094848632812,716.3995361328125,0.1180030107498169,0.016473811119794846,0.0003,0.0003,0.11800152063369751
,,,,,735999,8013.6284,1000,,,,,,,,,,
,,,,,736000,,,-721.6062622070312,-6.040685653686523,4.075267791748047,720.0269775390625,720.073974609375,0.11780727654695511,0.0095748919993639,0.0003,0.0003,0.1178068220615387
,,,,,736999,7942.3955,1000,,,,,,,,,,
,,,,,737000,,,-727.308349609375,-5.822484970092773,4.273510456085205,726.4061279296875,726.2530517578125,0.11811163276433945,0.010412430390715599,0.0003,0.0003,0.11811278760433197
,,,,,737999,7950.8022,1000,,,,,,,,,,
,,,,,738000,,,-722.1771240234375,-5.528114318847656,4.874274253845215,720.7520751953125,720.8717041015625,0.11833176761865616,0.06693393737077713,0.0003,0.0003,0.11833399534225464
,,,,,738999,7883.793,1000,,,,,,,,,,
,,,,,739000,,,-727.6215209960938,-5.796207427978516,4.225422382354736,726.449462890625,726.16650390625,0.11766383796930313,0.01392523106187582,0.0003,0.0003,0.1176600232720375
,,,,,739999,7937.761,1000,,,,,,,,,,
7899.0884,77.35869,7967.8306,7762.6724,1000.0,740000,,,-722.8746337890625,-5.546641826629639,3.7283263206481934,721.55859375,721.4981079101562,0.11765508353710175,0.04104911535978317,0.0003,0.0003,0.11765794456005096
,,,,,740999,7975.8345,1000,,,,,,,,,,
,,,,,741000,,,-714.9855346679688,-6.3214921951293945,4.410676002502441,713.999267578125,713.811767578125,0.11867128312587738,-0.059357330203056335,0.0003,0.0003,0.1186739131808281
,,,,,741999,7999.9053,1000,,,,,,,,,,
,,,,,742000,,,-724.9132080078125,-5.998992443084717,4.400398254394531,723.92529296875,723.3724365234375,0.11816996335983276,-0.009087572805583477,0.0003,0.0003,0.11817016452550888
,,,,,742999,7952.873,1000,,,,,,,,,,
,,,,,743000,,,-720.565673828125,-6.146363735198975,4.579216003417969,719.5850830078125,719.598876953125,0.11803483217954636,-0.04119756445288658,0.0003,0.0003,0.11803565174341202
,,,,,743999,8072.8438,1000,,,,,,,,,,
,,,,,744000,,,-728.70849609375,-6.1178388595581055,4.183879375457764,727.2783203125,727.40966796875,0.11760687083005905,-0.012932619079947472,0.0003,0.0003,0.11760642379522324
,,,,,744999,7949.4727,1000,,,,,,,,,,
8025.2275,69.937546,8112.4146,7905.3438,1000.0,745000,,,-726.0184326171875,-5.820084571838379,5.965775489807129,725.1585083007812,724.66552734375,0.11707054823637009,0.019431885331869125,0.0003,0.0003,0.11707166582345963
,,,,,745999,7839.4663,1000,,,,,,,,,,
,,,,,746000,,,-726.97265625,-6.041595935821533,3.57332706451416,726.0177612304688,725.9442749023438,0.11649778485298157,0.0058741699904203415,0.0003,0.0003,0.1164986714720726
,,,,,746999,7952.323,1000,,,,,,,,,,
,,,,,747000,,,-729.1094970703125,-6.50800895690918,3.9015893936157227,727.8734130859375,728.005859375,0.11597315222024918,-0.06986841559410095,0.0003,0.0003,0.11598394066095352
,,,,,747999,7942.7246,1000,,,,,,,,,,
,,,,,748000,,,-725.4217529296875,-6.018817901611328,4.184491157531738,723.892333984375,724.1904296875,0.11625262349843979,-0.05640753358602524,0.0003,0.0003,0.11625722050666809
,,,,,748999,8031.986,1000,,,,,,,,,,
,,,,,749000,,,-721.976806640625,-6.033947944641113,3.950045347213745,720.6669311523438,720.80078125,0.11647717654705048,0.022684210911393166,0.0003,0.0003,0.11647561937570572
,,,,,749999,8006.2827,1000,,,,,,,,,,
8036.9985,42.017815,8083.721,7933.4194,1000.0,750000,,,-732.85009765625,-6.556048393249512,3.4783668518066406,731.9102783203125,731.6473388671875,0.11788620054721832,-0.0697583556175232,0.0003,0.0003,0.11788954585790634
,,,,,750999,8019.7656,1000,,,,,,,,,,
,,,,,751000,,,-730.2440185546875,-5.67996072769165,3.9327192306518555,728.6353759765625,728.5947875976562,0.11813720315694809,0.06675519794225693,0.0003,0.0003,0.11813818663358688
,,,,,751999,7930.642,1000,,,,,,,,,,
,,,,,752000,,,-726.4852294921875,-6.028376579284668,3.4623916149139404,725.3659057617188,725.445556640625,0.11807108670473099,0.02541355788707733,0.0003,0.0003,0.1180666983127594
,,,,,752999,8097.0234,1000,,,,,,,,,,
,,,,,753000,,,-732.673828125,-5.874168395996094,4.636044502258301,731.7271728515625,732.0826416015625,0.11903855949640274,0.001113210804760456,0.0003,0.0003,0.11904063075780869
,,,,,753999,8133.3486,1000,,,,,,,,,,
,,,,,754000,,,-730.995361328125,-5.731119632720947,3.604274272918701,730.06787109375,730.3115844726562,0.11957172304391861,0.01763571985065937,0.0003,0.0003,0.11957331746816635
,,,,,754999,7998.2964,1000,,,,,,,,,,
7972.03,46.44883,8037.373,7861.3975,1000.0,755000,,,-726.548828125,-6.192720413208008,4.507499694824219,725.5037231445312,725.0943603515625,0.1186596229672432,-0.0351775623857975,0.0003,0.0003,0.11865798383951187
,,,,,755999,8042.6035,1000,,,,,,,,,,
,,,,,756000,,,-728.5145874023438,-5.911693572998047,3.2666916847229004,727.5642700195312,727.7054443359375,0.11839912831783295,0.019401002675294876,0.0003,0.0003,0.11840023100376129
,,,,,756999,8135.6035,1000,,,,,,,,,,
,,,,,757000,,,-732.9931640625,-6.315267086029053,3.087080955505371,731.6920166015625,731.8172607421875,0.11933926492929459,-0.04593581333756447,0.0003,0.0003,0.11934418976306915
,,,,,757999,8037.5923,1000,,,,,,,,,,
,,,,,758000,,,-736.2840576171875,-5.818152904510498,3.738382339477539,735.0084228515625,735.3907470703125,0.12003882229328156,0.02198154106736183,0.0003,0.0003,0.12004174292087555
,,,,,758999,8009.0894,1000,,,,,,,,,,
,,,,,759000,,,-734.2459716796875,-5.979804992675781,4.733890533447266,733.1033935546875,733.0054931640625,0.11954740434885025,-0.010595588013529778,0.0003,0.0003,0.11955048888921738
,,,,,759999,8148.161,1000,,,,,,,,,,
8102.5244,39.375954,8160.704,8029.0664,1000.0,760000,,,-732.923828125,-6.269695281982422,3.5882067680358887,731.708251953125,731.7188110351562,0.1193055808544159,-0.013350195251405239,0.0003,0.0003,0.11930487304925919
,,,,,760999,8105.978,1000,,,,,,,,,,
,,,,,761000,,,-727.56689453125,-6.30496883392334,3.7341017723083496,725.7113037109375,725.892822265625,0.11975448578596115,-0.01012381911277771,0.0003,0.0003,0.11975879967212677
,,,,,761999,7999.793,1000,,,,,,,,,,
,,,,,762000,,,-735.21826171875,-5.7042951583862305,5.239755630493164,734.1905517578125,734.090576171875,0.11863572150468826,0.004839681088924408,0.0003,0.0003,0.11862992495298386
,,,,,762999,8129.377,1000,,,,,,,,,,
,,,,,763000,,,-730.5206298828125,-6.005923271179199,4.765571117401123,728.900390625,729.154541015625,0.11864949762821198,-0.01020830124616623,0.0003,0.0003,0.11864731460809708
,,,,,763999,8058.943,1000,,,,,,,,,,
,,,,,764000,,,-735.2293701171875,-5.637044906616211,5.0951337814331055,734.392333984375,734.2078247070312,0.11769315600395203,0.05242173373699188,0.0003,0.0003,0.11769194900989532
,,,,,764999,8054.611,1000,,,,,,,,,,
8058.3657,69.26349,8136.4575,7900.2207,1000.0,765000,,,-732.9155883789062,-6.16941499710083,4.21116828918457,730.9686889648438,731.755615234375,0.11749160289764404,-0.010495085269212723,0.0003,0.0003,0.11749177426099777
,,,,,765999,7983.1025,1000,,,,,,,,,,
,,,,,766000,,,-734.615478515625,-5.996828079223633,3.8699097633361816,733.4132690429688,733.5791015625,0.11758475005626678,-0.019703906029462814,0.0003,0.0003,0.11758486181497574
,,,,,766999,8089.913,1000,,,,,,,,,,
,,,,,767000,,,-731.0103759765625,-6.287563323974609,5.71596622467041,729.7081298828125,729.7500610351562,0.11910811066627502,-0.010100020095705986,0.0003,0.0003,0.11911063641309738
,,,,,767999,8118.241,1000,,,,,,,,,,
,,,,,768000,,,-726.4017944335938,-6.322096347808838,4.72437858581543,725.4796142578125,725.3984375,0.11877533048391342,-0.029845306649804115,0.0003,0.0003,0.11877677589654922
,,,,,768999,8136.901,1000,,,,,,,,,,
,,,,,769000,,,-733.8765869140625,-5.961393356323242,4.063688278198242,732.1736450195312,731.855224609375,0.11882799118757248,0.024033913388848305,0.0003,0.0003,0.11882379651069641
,,,,,769999,8092.7773,1000,,,,,,,,,,
8169.453,63.515057,8264.13,8051.7925,1000.0,770000,,,-732.298095703125,-6.025003433227539,3.985872745513916,731.448486328125,731.154296875,0.11900586634874344,-0.03736834228038788,0.0003,0.0003,0.119011290371418
,,,,,770999,8074.863,1000,,,,,,,,,,
,,,,,771000,,,-732.0554809570312,-6.636995792388916,4.219480991363525,730.4223022460938,730.2699584960938,0.11919654905796051,-0.06441481411457062,0.0003,0.0003,0.1191968321800232
,,,,,771999,8008.2583,1000,,,,,,,,,,
,,,,,772000,,,-742.92822265625,-6.092551231384277,3.6643197536468506,742.0947875976562,741.859375,0.11866109818220139,-0.0009339526295661926,0.0003,0.0003,0.11866375058889389
,,,,,772999,8154.6074,1000,,,,,,,,,,
,,,,,773000,,,-737.8897705078125,-6.283761978149414,3.970085620880127,736.45263671875,737.0682373046875,0.12026131898164749,-0.008227710612118244,0.0003,0.0003,0.12026561796665192
,,,,,773999,7843.4316,1000,,,,,,,,,,
,,,,,774000,,,-742.1453857421875,-5.873746871948242,3.7548725605010986,741.0775146484375,740.956298828125,0.11948967725038528,0.020864995196461678,0.0003,0.0003,0.11948978900909424
,,,,,774999,8119.524,1000,,,,,,,,,,
8249.592,57.553215,8346.309,8122.5684,1000.0,775000,,,-733.8673095703125,-6.202916145324707,6.2173871994018555,733.272705078125,732.7589111328125,0.1186380684375763,-0.02082292176783085,0.0003,0.0003,0.11863309144973755
,,,,,775999,8222.15,1000,,,,,,,,,,
,,,,,776000,,,-743.7949829101562,-6.028402328491211,6.094833850860596,742.4547119140625,742.7412109375,0.11771661788225174,-0.008437763899564743,0.0003,0.0003,0.11771737039089203
,,,,,776999,8104.7397,1000,,,,,,,,,,
,,,,,777000,,,-737.911865234375,-5.943024635314941,4.856942176818848,736.7780151367188,736.7362060546875,0.11773780733346939,0.0013431403785943985,0.0003,0.0003,0.11773937940597534
,,,,,777999,8153.241,1000,,,,,,,,,,
,,,,,778000,,,-744.5302734375,-6.289845943450928,5.00834321975708,743.625732421875,743.1514892578125,0.11806700378656387,-0.0408954992890358,0.0003,0.0003,0.11806551367044449
,,,,,778999,7984.5464,1000,,,,,,,,,,
,,,,,779000,,,-737.77587890625,-6.065793991088867,3.06640625,736.3114624023438,736.65234375,0.11838258802890778,-2.038991078734398e-05,0.0003,0.0003,0.11838235706090927
,,,,,779999,8105.203,1000,,,,,,,,,,
8163.5312,60.963234,8283.223,8088.9204,1000.0,780000,,,-741.07373046875,-6.030030250549316,4.173652172088623,739.933349609375,739.851318359375,0.11834491044282913,0.014410869218409061,0.0003,0.0003,0.11834079027175903
,,,,,780999,8149.5254,1000,,,,,,,,,,
,,,,,781000,,,-737.7984008789062,-6.401144504547119,4.151622295379639,736.4488525390625,736.4148559570312,0.11884033679962158,-0.05115373060107231,0.0003,0.0003,0.11884283274412155
,,,,,781999,8224.935,1000,,,,,,,,,,
,,,,,782000,,,-739.531005859375,-5.78843879699707,3.5794172286987305,738.4488525390625,738.3359375,0.11939786374568939,0.006121044047176838,0.0003,0.0003,0.11940774321556091
,,,,,782999,8240.623,1000,,,,,,,,,,
,,,,,783000,,,-735.6864013671875,-5.914909839630127,4.700562953948975,734.4588623046875,734.413818359375,0.1203748881816864,0.035957083106040955,0.0003,0.0003,0.12037431448698044
,,,,,783999,8252.103,1000,,,,,,,,,,
,,,,,784000,,,-734.6723022460938,-5.772708415985107,4.351205348968506,733.143310546875,733.18701171875,0.1197623685002327,0.027393629774451256,0.0003,0.0003,0.1197635680437088
,,,,,784999,8213.518,1000,,,,,,,,,,
8238.465,54.17256,8331.673,8136.345,1000.0,785000,,,-740.718017578125,-5.863703727722168,4.510191440582275,739.8831176757812,739.7877197265625,0.11981523036956787,0.001018967479467392,0.0003,0.0003,0.11981328576803207
,,,,,785999,8193.78,1000,,,,,,,,,,
,,,,,786000,,,-740.3099365234375,-6.071811199188232,3.3416213989257812,739.0078125,738.8697509765625,0.11874662339687347,-0.016141651198267937,0.0003,0.0003,0.11874809116125107
,,,,,786999,8206.199,1000,,,,,,,,,,
,,,,,787000,,,-742.8487548828125,-5.711309432983398,4.064382553100586,741.26806640625,741.703857421875,0.11876998096704483,0.0023795971646904945,0.0003,0.0003,0.11876867711544037
,,,,,787999,8179.001,1000,,,,,,,,,,
,,,,,788000,,,-739.9822998046875,-6.070364952087402,3.546903610229492,739.2296142578125,738.861083984375,0.1187879890203476,-0.019898593425750732,0.0003,0.0003,0.1187807098031044
,,,,,788999,8212.104,1000,,,,,,,,,,
,,,,,789000,,,-737.3291015625,-6.126788139343262,4.076910972595215,735.54052734375,735.646484375,0.11934453248977661,0.015877174213528633,0.0003,0.0003,0.11933904141187668
,,,,,789999,8187.879,1000,,,,,,,,,,
8108.1187,82.50199,8180.847,7914.6646,1000.0,790000,,,-737.82861328125,-6.123150825500488,6.602386474609375,737.2677612304688,736.7786254882812,0.11841270327568054,-0.04248194396495819,0.0003,0.0003,0.11840850114822388
,,,,,790999,8216.634,1000,,,,,,,,,,
,,,,,791000,,,-740.123046875,-5.903703689575195,3.0514516830444336,738.4522705078125,738.3092651367188,0.11817041784524918,-0.016726866364479065,0.0003,0.0003,0.1181674525141716
,,,,,791999,7486.9478,1000,,,,,,,,,,
,,,,,792000,,,-742.318115234375,-6.128954887390137,4.2275590896606445,740.28564453125,740.8121337890625,0.11898232251405716,-0.011389262042939663,0.0003,0.0003,0.11898263543844223
,,,,,792999,8115.6396,1000,,,,,,,,,,
,,,,,793000,,,-741.7386474609375,-5.5072174072265625,3.95603084564209,740.68603515625,740.9129638671875,0.11915023624897003,0.03236408531665802,0.0003,0.0003,0.11915023624897003
,,,,,793999,8026.838,1000,,,,,,,,,,
,,,,,794000,,,-736.933349609375,-6.0272626876831055,4.965668678283691,735.2463989257812,735.1934814453125,0.11926101893186569,-0.0016828649677336216,0.0003,0.0003,0.11925698071718216
,,,,,794999,8167.4146,1000,,,,,,,,,,
8339.902,55.81915,8423.3125,8251.8955,1000.0,795000,,,-736.8042602539062,-6.147768974304199,5.405137538909912,735.7978515625,735.2864379882812,0.11929525434970856,-0.021268168464303017,0.0003,0.0003,0.11929158866405487
,,,,,795999,8315.883,1000,,,,,,,,,,
,,,,,796000,,,-746.2601318359375,-5.785682678222656,5.152270317077637,745.381591796875,745.6741943359375,0.1203029602766037,0.010794367641210556,0.0003,0.0003,0.12030459195375443
,,,,,796999,8239.708,1000,,,,,,,,,,
,,,,,797000,,,-744.07470703125,-5.510193824768066,4.715301513671875,742.5911865234375,742.8519287109375,0.11984654515981674,0.03823510557413101,0.0003,0.0003,0.11984828859567642
,,,,,797999,8311.608,1000,,,,,,,,,,
,,,,,798000,,,-737.473388671875,-6.196831226348877,5.51459264755249,736.4785766601562,736.256591796875,0.11988998204469681,-0.005272578448057175,0.0003,0.0003,0.11988426744937897
,,,,,798999,8306.005,1000,,,,,,,,,,
,,,,,799000,,,-745.278076171875,-6.009682655334473,3.5805792808532715,743.6588134765625,743.5206909179688,0.12031996995210648,0.027623644098639488,0.0003,0.0003,0.12031179666519165
,,,,,799999,8199.563,1000,,,,,,,,,,
8110.4595,496.99933,8390.368,6637.6763,1000.0,800000,,,-745.3963012695312,-6.283142566680908,4.0893683433532715,743.7583618164062,744.19287109375,0.1189686730504036,-0.00722639262676239,0.0003,0.0003,0.11896760016679764
,,,,,800999,8223.453,1000,,,,,,,,,,
,,,,,801000,,,-742.424560546875,-6.4467387199401855,5.311916828155518,741.534423828125,741.569091796875,0.12000949680805206,0.012753133662045002,0.0003,0.0003,0.1200118139386177
,,,,,801999,8234.233,1000,,,,,,,,,,
,,,,,802000,,,-743.3575439453125,-6.125033855438232,4.521563529968262,741.975341796875,741.78564453125,0.12066326290369034,-0.022429578006267548,0.0003,0.0003,0.12065868824720383
,,,,,802999,8140.147,1000,,,,,,,,,,
,,,,,803000,,,-744.572509765625,-5.498107433319092,3.79349422454834,742.8068237304688,742.7125244140625,0.12127972394227982,0.05659078061580658,0.0003,0.0003,0.12127243727445602
,,,,,803999,8258.735,1000,,,,,,,,,,
,,,,,804000,,,-748.7420654296875,-6.100783824920654,3.9184353351593018,747.471435546875,747.685791015625,0.12137167900800705,0.003172642085701227,0.0003,0.0003,0.12137645483016968
,,,,,804999,8275.667,1000,,,,,,,,,,
8139.147,53.65422,8217.985,8052.745,1000.0,805000,,,-751.27880859375,-5.787936210632324,4.392091274261475,750.033203125,750.3596801757812,0.12140814960002899,0.03861897066235542,0.0003,0.0003,0.12140806019306183
,,,,,805999,8343.566,1000,,,,,,,,,,
,,,,,806000,,,-744.84423828125,-5.468992233276367,4.7307257652282715,743.5682983398438,743.5957641601562,0.12151523679494858,0.07310464978218079,0.0003,0.0003,0.12151184678077698
,,,,,806999,3256.2554,1000,,,,,,,,,,
,,,,,807000,,,-741.8255615234375,-6.135645866394043,6.141078948974609,740.6793212890625,740.4985961914062,0.12233119457960129,-0.02217761054635048,0.0003,0.0003,0.12233451753854752
,,,,,807999,8253.632,1000,,,,,,,,,,
,,,,,808000,,,-740.81689453125,-6.437809944152832,4.236027717590332,739.6326904296875,739.8070678710938,0.12267370522022247,-0.02863142266869545,0.0003,0.0003,0.12267569452524185
,,,,,808999,8278.989,1000,,,,,,,,,,
,,,,,809000,,,-748.4954223632812,-6.175570487976074,5.718027591705322,747.669921875,747.280029296875,0.12147179245948792,-0.011547639034688473,0.0003,0.0003,0.12147022783756256
,,,,,809999,8253.715,1000,,,,,,,,,,
8294.177,84.81596,8452.244,8131.45,1000.0,810000,,,-746.4519653320312,-6.137451648712158,5.196246147155762,745.3526000976562,745.390869140625,0.12113838642835617,-0.0005646329373121262,0.0003,0.0003,0.12113925069570541
,,,,,810999,8335.613,1000,,,,,,,,,,
,,,,,811000,,,-741.109619140625,-6.514086723327637,4.999632835388184,739.8720092773438,740.0283813476562,0.120929054915905,-0.03008858859539032,0.0003,0.0003,0.12092741578817368
,,,,,811999,8147.6245,1000,,,,,,,,,,
,,,,,812000,,,-747.008544921875,-6.122014999389648,5.974122047424316,745.336669921875,745.4837036132812,0.1215643584728241,-0.02038847841322422,0.0003,0.0003,0.1215580627322197
,,,,,812999,8305.664,1000,,,,,,,,,,
,,,,,813000,,,-750.6887817382812,-6.377973556518555,4.042852401733398,749.149169921875,749.3477172851562,0.12168741971254349,-0.023702608421444893,0.0003,0.0003,0.12168870121240616
,,,,,813999,8289.558,1000,,,,,,,,,,
,,,,,814000,,,-750.1387939453125,-5.541928291320801,4.168817520141602,748.6114501953125,748.6488647460938,0.12118864804506302,0.07973404228687286,0.0003,0.0003,0.12118209153413773
,,,,,814999,8293.416,1000,,,,,,,,,,
8163.621,507.09763,8413.424,6649.3403,1000.0,815000,,,-757.23193359375,-6.2964653968811035,4.451117038726807,755.5882568359375,755.8472900390625,0.12089985609054565,-0.01297276746481657,0.0003,0.0003,0.12089726328849792
,,,,,815999,8267.977,1000,,,,,,,,,,
,,,,,816000,,,-745.5662841796875,-5.92050838470459,7.742393493652344,744.7889404296875,744.134033203125,0.12206318974494934,-0.012833898887038231,0.0003,0.0003,0.12206118553876877
,,,,,816999,8318.522,1000,,,,,,,,,,
,,,,,817000,,,-746.3651123046875,-6.15371561050415,5.107029914855957,745.571533203125,745.48193359375,0.12161488085985184,0.01283797062933445,0.0003,0.0003,0.12161415815353394
,,,,,817999,8164.3374,1000,,,,,,,,,,
,,,,,818000,,,-752.2017822265625,-5.429924488067627,3.660216808319092,750.8499755859375,751.1818237304688,0.12172726541757584,0.06236719340085983,0.0003,0.0003,0.12172558158636093
,,,,,818999,8317.708,1000,,,,,,,,,,
,,,,,819000,,,-751.7295532226562,-6.250095367431641,6.602346897125244,750.8667602539062,750.2264404296875,0.12162764370441437,-0.009360670112073421,0.0003,0.0003,0.12162540853023529
,,,,,819999,8043.5444,1000,,,,,,,,,,
8404.346,67.52197,8544.822,8293.711,1000.0,820000,,,-759.021240234375,-5.836606502532959,3.684453010559082,757.2667846679688,757.4920654296875,0.12141958624124527,0.020996898412704468,0.0003,0.0003,0.12142114341259003
,,,,,820999,8354.834,1000,,,,,,,,,,
,,,,,821000,,,-746.7894287109375,-6.302489280700684,4.107237815856934,745.2190551757812,744.9454345703125,0.12224958837032318,-0.04647666960954666,0.0003,0.0003,0.12225515395402908
,,,,,821999,8352.074,1000,,,,,,,,,,
,,,,,822000,,,-743.110595703125,-6.017406940460205,7.581242561340332,742.1474609375,742.075927734375,0.12236949801445007,0.005987018346786499,0.0003,0.0003,0.12237165868282318
,,,,,822999,8345.74,1000,,,,,,,,,,
,,,,,823000,,,-750.2514038085938,-6.190041542053223,4.227528095245361,748.4569091796875,748.5962524414062,0.12307936698198318,-0.03394309803843498,0.0003,0.0003,0.1230785995721817
,,,,,823999,8330.75,1000,,,,,,,,,,
,,,,,824000,,,-753.93115234375,-5.945849418640137,4.233705520629883,752.5391235351562,752.4813842773438,0.12331151962280273,0.01257217675447464,0.0003,0.0003,0.1233108788728714
,,,,,824999,8294.066,1000,,,,,,,,,,
8387.942,55.217953,8488.506,8317.332,1000.0,825000,,,-750.2808227539062,-6.137781620025635,5.700986862182617,749.04052734375,749.4942626953125,0.12252737581729889,-0.005722543224692345,0.0003,0.0003,0.12252985686063766
,,,,,825999,8373.558,1000,,,,,,,,,,
,,,,,826000,,,-759.5049438476562,-6.070511817932129,3.145254373550415,758.7340087890625,758.4208984375,0.12154867500066757,-0.007895299233496189,0.0003,0.0003,0.12155232578516006
,,,,,826999,8316.503,1000,,,,,,,,,,
,,,,,827000,,,-754.5183715820312,-5.942239761352539,4.98450231552124,753.7135009765625,753.7061157226562,0.12071649730205536,0.016198478639125824,0.0003,0.0003,0.1207093894481659
,,,,,827999,8356.822,1000,,,,,,,,,,
,,,,,828000,,,-757.4810180664062,-5.907413482666016,4.021129608154297,756.0576171875,756.2420654296875,0.12100580334663391,0.036163922399282455,0.0003,0.0003,0.12100990116596222
,,,,,828999,8387.299,1000,,,,,,,,,,
,,,,,829000,,,-755.0845947265625,-5.714305877685547,5.861446380615234,753.9213256835938,753.6227416992188,0.12143348157405853,0.022924795746803284,0.0003,0.0003,0.12143301963806152
,,,,,829999,8376.368,1000,,,,,,,,,,
8283.913,48.698692,8387.271,8232.154,1000.0,830000,,,-760.7107543945312,-5.2696146965026855,4.729757308959961,759.5655517578125,759.8587036132812,0.12105211615562439,0.06090804934501648,0.0003,0.0003,0.12104484438896179
,,,,,830999,8336.455,1000,,,,,,,,,,
,,,,,831000,,,-757.8892822265625,-5.5538740158081055,3.700207471847534,756.8037109375,756.9486083984375,0.12129693478345871,0.026080330833792686,0.0003,0.0003,0.12129823118448257
,,,,,831999,8235.974,1000,,,,,,,,,,
,,,,,832000,,,-758.979248046875,-5.820467472076416,4.232182502746582,757.6282958984375,757.4544067382812,0.12246160954236984,0.029203055426478386,0.0003,0.0003,0.12246116995811462
,,,,,832999,8254.646,1000,,,,,,,,,,
,,,,,833000,,,-754.04296875,-5.851263999938965,5.903923034667969,752.8931884765625,753.5146484375,0.12279728055000305,0.038974419236183167,0.0003,0.0003,0.12279277294874191
,,,,,833999,8316.981,1000,,,,,,,,,,
,,,,,834000,,,-756.051025390625,-6.0128703117370605,5.587112903594971,754.694091796875,754.4759521484375,0.1226225346326828,0.01621169038116932,0.0003,0.0003,0.12262200564146042
,,,,,834999,8397.01,1000,,,,,,,,,,
8330.354,38.204044,8384.743,8256.377,1000.0,835000,,,-757.8859252929688,-5.667696475982666,4.807223320007324,756.5756225585938,756.6087036132812,0.12261621654033661,0.0033403802663087845,0.0003,0.0003,0.12261329591274261
,,,,,835999,8390.362,1000,,,,,,,,,,
,,,,,836000,,,-758.0535278320312,-6.024483680725098,6.07273006439209,756.35302734375,756.3336181640625,0.12195884436368942,0.008569699712097645,0.0003,0.0003,0.12196274101734161
,,,,,836999,8393.093,1000,,,,,,,,,,
,,,,,837000,,,-755.2471923828125,-6.257200717926025,5.203474044799805,753.8201293945312,754.019287109375,0.12288939207792282,-0.016442403197288513,0.0003,0.0003,0.12288936227560043
,,,,,837999,8465.322,1000,,,,,,,,,,
,,,,,838000,,,-762.239501953125,-5.4993133544921875,5.269572734832764,761.001708984375,761.3189697265625,0.12348419427871704,0.06531895697116852,0.0003,0.0003,0.12347936630249023
,,,,,838999,8346.956,1000,,,,,,,,,,
,,,,,839000,,,-758.9425659179688,-5.846970081329346,4.400294303894043,758.2239990234375,758.2039794921875,0.12446799874305725,-0.0046211169101297855,0.0003,0.0003,0.1244720071554184
,,,,,839999,8314.426,1000,,,,,,,,,,
8440.15,25.413467,8480.959,8385.1875,1000.0,840000,,,-761.8710327148438,-5.746585845947266,5.945216178894043,760.7962036132812,760.8120727539062,0.12292065471410751,-0.009957065805792809,0.0003,0.0003,0.1229204535484314
,,,,,840999,8440.306,1000,,,,,,,,,,
,,,,,841000,,,-759.320068359375,-5.659509181976318,4.200961112976074,758.422607421875,758.4503784179688,0.12368661910295486,0.024489441886544228,0.0003,0.0003,0.12368897348642349
,,,,,841999,8331.196,1000,,,,,,,,,,
,,,,,842000,,,-756.3141479492188,-6.713072776794434,5.599580764770508,755.27099609375,755.2833251953125,0.12279496341943741,-0.0590750016272068,0.0003,0.0003,0.12280000001192093
,,,,,842999,8388.994,1000,,,,,,,,,,
,,,,,843000,,,-756.1128540039062,-5.994749069213867,4.41121768951416,755.2327880859375,754.95166015625,0.12195253372192383,-0.012211592867970467,0.0003,0.0003,0.12195727974176407
,,,,,843999,8390.754,1000,,,,,,,,,,
,,,,,844000,,,-762.8763427734375,-5.324506759643555,4.442735195159912,761.6295166015625,761.6842041015625,0.12296588718891144,0.05323381721973419,0.0003,0.0003,0.12296319007873535
,,,,,844999,8476.774,1000,,,,,,,,,,
8383.028,105.236015,8522.378,8165.2686,1000.0,845000,,,-760.7064819335938,-6.103499412536621,4.065247058868408,759.751220703125,759.6937866210938,0.12369091808795929,-0.0009102039039134979,0.0003,0.0003,0.1236879751086235
,,,,,845999,8441.317,1000,,,,,,,,,,
,,,,,846000,,,-756.3436279296875,-6.185893535614014,4.753327369689941,754.87939453125,755.18896484375,0.12450750172138214,-0.031826451420784,0.0003,0.0003,0.12451089173555374
,,,,,846999,8365.591,1000,,,,,,,,,,
,,,,,847000,,,-765.087890625,-6.3927903175354,5.734882354736328,764.1126708984375,764.21044921875,0.12484506517648697,-0.03133954480290413,0.0003,0.0003,0.12484318763017654
,,,,,847999,8479.274,1000,,,,,,,,,,
,,,,,848000,,,-766.2861938476562,-5.649791717529297,4.268187999725342,764.755126953125,765.362548828125,0.12433172017335892,0.014623390510678291,0.0003,0.0003,0.1243329644203186
,,,,,848999,8345.386,1000,,,,,,,,,,
,,,,,849000,,,-764.3690185546875,-5.449233531951904,5.236763000488281,763.481201171875,763.7025146484375,0.1246558129787445,0.06058197841048241,0.0003,0.0003,0.12465298920869827
,,,,,849999,8386.517,1000,,,,,,,,,,
8019.712,418.5986,8309.046,7114.4395,1000.0,850000,,,-764.53515625,-5.393704414367676,4.173482894897461,762.932861328125,763.1787719726562,0.12427866458892822,0.03365136682987213,0.0003,0.0003,0.12427280098199844
,,,,,850999,8220.659,1000,,,,,,,,,,
,,,,,851000,,,-765.2673950195312,-6.094666004180908,4.189550876617432,764.4100952148438,764.468017578125,0.12312723696231842,-0.04575192555785179,0.0003,0.0003,0.12312312424182892
,,,,,851999,8421.215,1000,,,,,,,,,,
,,,,,852000,,,-756.6461791992188,-6.301805019378662,5.276796340942383,755.3355712890625,755.4860229492188,0.12368576228618622,-0.03059995546936989,0.0003,0.0003,0.12368428707122803
,,,,,852999,8419.132,1000,,,,,,,,,,
,,,,,853000,,,-763.69091796875,-5.787101745605469,4.356099605560303,762.5429077148438,762.7294311523438,0.12524066865444183,0.0015866132453083992,0.0003,0.0003,0.12524396181106567
,,,,,853999,8437.448,1000,,,,,,,,,,
,,,,,854000,,,-755.645263671875,-6.023635387420654,3.3448262214660645,754.2802734375,754.3572387695312,0.1253131628036499,-0.009875837713479996,0.0003,0.0003,0.12532147765159607
,,,,,854999,8352.195,1000,,,,,,,,,,
8250.259,531.25287,8571.646,6726.65,1000.0,855000,,,-765.9232177734375,-6.066840171813965,4.556620121002197,764.3335571289062,764.4136962890625,0.1258990466594696,-0.023654397577047348,0.0003,0.0003,0.12589795887470245
,,,,,855999,8270.299,1000,,,,,,,,,,
,,,,,856000,,,-763.186767578125,-6.044708251953125,5.434013366699219,761.9246826171875,761.7081298828125,0.1252092719078064,0.013914858922362328,0.0003,0.0003,0.12521108984947205
,,,,,856999,8510.409,1000,,,,,,,,,,
,,,,,857000,,,-759.1207275390625,-6.158539295196533,5.236388206481934,757.752685546875,757.3626708984375,0.12495274096727371,-0.02358822524547577,0.0003,0.0003,0.12495294958353043
,,,,,857999,8449.071,1000,,,,,,,,,,
,,,,,858000,,,-761.2590942382812,-5.903090476989746,3.570277690887451,759.8563232421875,759.7677001953125,0.12488140910863876,-0.00043471530079841614,0.0003,0.0003,0.12489490211009979
,,,,,858999,8490.964,1000,,,,,,,,,,
,,,,,859000,,,-761.127197265625,-6.226840019226074,4.499174118041992,759.55322265625,759.783447265625,0.1260717362165451,-0.052389856427907944,0.0003,0.0003,0.12607325613498688
,,,,,859999,8316.371,1000,,,,,,,,,,
8396.053,31.159399,8465.825,8347.981,1000.0,860000,,,-758.544189453125,-6.012720108032227,4.233328342437744,756.9703369140625,757.1486206054688,0.12405906617641449,-0.005685450509190559,0.0003,0.0003,0.12405803054571152
,,,,,860999,8424.197,1000,,,,,,,,,,
,,,,,861000,,,-765.3587646484375,-5.95380973815918,5.435054302215576,764.36083984375,764.5187377929688,0.12492846697568893,-0.004886586219072342,0.0003,0.0003,0.12492465227842331
,,,,,861999,8613.742,1000,,,,,,,,,,
,,,,,862000,,,-765.6763916015625,-6.4990081787109375,5.758732795715332,764.2019653320312,764.5641479492188,0.12533438205718994,-0.06193426996469498,0.0003,0.0003,0.1253393441438675
,,,,,862999,8431.551,1000,,,,,,,,,,
,,,,,863000,,,-761.1685791015625,-6.22686767578125,10.50103759765625,760.1846923828125,759.8648681640625,0.12402588129043579,-0.024328777566552162,0.0003,0.0003,0.12402316182851791
,,,,,863999,8580.638,1000,,,,,,,,,,
,,,,,864000,,,-765.1240844726562,-5.815794944763184,4.170266628265381,764.3697509765625,764.424072265625,0.12533551454544067,0.047280654311180115,0.0003,0.0003,0.12533479928970337
,,,,,864999,8311.1455,1000,,,,,,,,,,
8385.602,94.33727,8519.445,8215.207,1000.0,865000,,,-772.738037109375,-5.569280624389648,6.43775749206543,771.5538330078125,771.714599609375,0.12601931393146515,0.05689195543527603,0.0003,0.0003,0.12601763010025024
,,,,,865999,8531.962,1000,,,,,,,,,,
,,,,,866000,,,-771.3988037109375,-6.4951934814453125,4.417156219482422,769.6605224609375,769.91650390625,0.1260078102350235,-0.07474736869335175,0.0003,0.0003,0.1260078102350235
,,,,,866999,8525.678,1000,,,,,,,,,,
,,,,,867000,,,-764.7184448242188,-5.996014595031738,4.693243980407715,763.4659423828125,763.5206909179688,0.12410666048526764,0.018760517239570618,0.0003,0.0003,0.12410370260477066
,,,,,867999,7102.1494,1000,,,,,,,,,,
,,,,,868000,,,-767.7820434570312,-5.884383201599121,6.829704284667969,766.2442626953125,766.4344482421875,0.12511500716209412,0.0025456082075834274,0.0003,0.0003,0.125111386179924
,,,,,868999,8497.927,1000,,,,,,,,,,
,,,,,869000,,,-766.5694580078125,-5.733040809631348,3.703545570373535,764.90771484375,764.6038818359375,0.12605924904346466,-0.020920345559716225,0.0003,0.0003,0.12606415152549744
,,,,,869999,8493.028,1000,,,,,,,,,,
8505.918,66.8936,8589.939,8336.447,1000.0,870000,,,-768.292724609375,-5.9591827392578125,4.871458053588867,767.2037353515625,767.0491943359375,0.12482905387878418,-9.43988561630249e-06,0.0003,0.0003,0.12483149021863937
,,,,,870999,8483.03,1000,,,,,,,,,,
,,,,,871000,,,-768.353271484375,-6.157891750335693,5.80755090713501,767.2129516601562,767.7398071289062,0.1257518082857132,-0.025562316179275513,0.0003,0.0003,0.12575531005859375
,,,,,871999,8434.857,1000,,,,,,,,,,
,,,,,872000,,,-761.5059814453125,-6.536355018615723,6.664256572723389,760.1607666015625,760.7220458984375,0.1259736567735672,-0.033396877348423004,0.0003,0.0003,0.12598086893558502
,,,,,872999,8467.008,1000,,,,,,,,,,
,,,,,873000,,,-764.3036499023438,-5.976160049438477,4.363195419311523,762.8569946289062,763.0349731445312,0.1246660053730011,-0.025545358657836914,0.0003,0.0003,0.12466517090797424
,,,,,873999,8548.616,1000,,,,,,,,,,
,,,,,874000,,,-766.4080200195312,-5.918595790863037,4.217488765716553,765.6622314453125,765.4300537109375,0.12356803566217422,-0.024139078333973885,0.0003,0.0003,0.12356948107481003
,,,,,874999,8492.419,1000,,,,,,,,,,
8378.852,58.573643,8472.491,8274.683,1000.0,875000,,,-773.6610717773438,-5.956465721130371,5.6622538566589355,772.1670532226562,772.146728515625,0.12315010279417038,0.019984807819128036,0.0003,0.0003,0.12314943224191666
,,,,,875999,8605.863,1000,,,,,,,,,,
,,,,,876000,,,-774.281982421875,-5.7752790451049805,4.933369159698486,773.3644409179688,773.496826171875,0.12434306740760803,0.005914194509387016,0.0003,0.0003,0.12434511631727219
,,,,,876999,8449.898,1000,,,,,,,,,,
,,,,,877000,,,-770.2130126953125,-6.257059574127197,4.170098304748535,769.26513671875,769.0720825195312,0.12575210630893707,-0.03621700406074524,0.0003,0.0003,0.12575067579746246
,,,,,877999,8425.928,1000,,,,,,,,,,
,,,,,878000,,,-765.88671875,-6.621118545532227,6.108654975891113,764.6781005859375,764.8406372070312,0.1261388063430786,-0.0812283605337143,0.0003,0.0003,0.12614445388317108
,,,,,878999,8475.002,1000,,,,,,,,,,
,,,,,879000,,,-776.795654296875,-5.696743965148926,6.580907821655273,775.294677734375,775.9566040039062,0.12600348889827728,0.008112186565995216,0.0003,0.0003,0.12600089609622955
,,,,,879999,8519.064,1000,,,,,,,,,,
8586.604,56.959297,8652.423,8475.953,1000.0,880000,,,-771.8292236328125,-5.649888515472412,4.576962471008301,770.4694213867188,770.4642944335938,0.12502574920654297,-0.014672782272100449,0.0003,0.0003,0.12502393126487732
,,,,,880999,8547.853,1000,,,,,,,,,,
,,,,,881000,,,-765.3360595703125,-5.936992168426514,5.186498165130615,764.078369140625,764.1510009765625,0.1259329617023468,-0.025027070194482803,0.0003,0.0003,0.1259324848651886
,,,,,881999,8556.719,1000,,,,,,,,,,
,,,,,882000,,,-771.451171875,-6.280725479125977,5.420140266418457,770.725341796875,770.529052734375,0.12593428790569305,0.003993328660726547,0.0003,0.0003,0.1259365975856781
,,,,,882999,8554.068,1000,,,,,,,,,,
,,,,,883000,,,-761.9409790039062,-6.305870532989502,5.452293872833252,760.5921630859375,760.2494506835938,0.12516312301158905,-0.011341986246407032,0.0003,0.0003,0.12516219913959503
,,,,,883999,8535.091,1000,,,,,,,,,,
,,,,,884000,,,-773.4287109375,-5.800089359283447,5.01188850402832,772.4803466796875,771.9668579101562,0.12533976137638092,0.05024696886539459,0.0003,0.0003,0.12533479928970337
,,,,,884999,8499.422,1000,,,,,,,,,,
8377.633,486.40378,8655.737,6929.557,1000.0,885000,,,-770.4362182617188,-5.814311981201172,4.766390800476074,768.5989379882812,768.9136962890625,0.12550745904445648,-0.0087000522762537,0.0003,0.0003,0.12550748884677887
,,,,,885999,8684.004,1000,,,,,,,,,,
,,,,,886000,,,-775.0968017578125,-5.798189163208008,4.527169227600098,773.7916259765625,773.9647216796875,0.12579627335071564,0.04113069549202919,0.0003,0.0003,0.12579718232154846
,,,,,886999,8597.304,1000,,,,,,,,,,
,,,,,887000,,,-768.9317626953125,-6.2925825119018555,4.911755084991455,767.6226806640625,767.8639526367188,0.12494797259569168,-0.03295731544494629,0.0003,0.0003,0.12495122104883194
,,,,,887999,8341.43,1000,,,,,,,,,,
,,,,,888000,,,-768.7190551757812,-5.745673179626465,4.080018997192383,767.0347900390625,767.2117919921875,0.1259821653366089,0.037003226578235626,0.0003,0.0003,0.12598131597042084
,,,,,888999,8530.448,1000,,,,,,,,,,
,,,,,889000,,,-772.0972900390625,-5.6767120361328125,5.034753322601318,771.2421264648438,770.8121948242188,0.12568765878677368,0.037338707596063614,0.0003,0.0003,0.12568385899066925
,,,,,889999,8551.042,1000,,,,,,,,,,
8384.32,288.8117,8679.644,7572.418,1000.0,890000,,,-768.4796142578125,-6.408912658691406,4.319372653961182,767.3797607421875,766.849853515625,0.12686005234718323,-0.054449647665023804,0.0003,0.0003,0.1268620491027832
,,,,,890999,8643.056,1000,,,,,,,,,,
,,,,,891000,,,-771.5385131835938,-6.0686445236206055,4.962492942810059,770.5455932617188,770.351806640625,0.12765322625637054,-0.009536008350551128,0.0003,0.0003,0.12765462696552277
,,,,,891999,8467.28,1000,,,,,,,,,,
,,,,,892000,,,-773.4713134765625,-6.044692039489746,6.9372100830078125,772.8280029296875,772.44921875,0.1273559182882309,0.018541203811764717,0.0003,0.0003,0.12735611200332642
,,,,,892999,8541.119,1000,,,,,,,,,,
,,,,,893000,,,-763.464111328125,-6.458197593688965,4.61237907409668,762.058837890625,762.4946899414062,0.12604351341724396,-0.026092395186424255,0.0003,0.0003,0.12604165077209473
,,,,,893999,8515.278,1000,,,,,,,,,,
,,,,,894000,,,-780.9868774414062,-5.904239654541016,5.328150749206543,779.63232421875,779.2957763671875,0.12727749347686768,-0.017845330759882927,0.0003,0.0003,0.1272718757390976
,,,,,894999,8548.733,1000,,,,,,,,,,
8693.193,50.123642,8783.079,8630.241,1000.0,895000,,,-772.57177734375,-6.489151954650879,7.085163116455078,770.9910888671875,770.737060546875,0.1274164915084839,-0.06618358194828033,0.0003,0.0003,0.12742921710014343
,,,,,895999,8625.854,1000,,,,,,,,,,
,,,,,896000,,,-777.5050048828125,-6.131991386413574,4.960931301116943,775.9526977539062,775.68017578125,0.12812264263629913,-0.012562297284603119,0.0003,0.0003,0.12811708450317383
,,,,,896999,8443.003,1000,,,,,,,,,,
,,,,,897000,,,-774.6431884765625,-6.086395740509033,4.127519607543945,773.8566284179688,773.7432250976562,0.12698926031589508,-0.010523039847612381,0.0003,0.0003,0.1269938051700592
,,,,,897999,8482.636,1000,,,,,,,,,,
,,,,,898000,,,-771.3836669921875,-6.890498161315918,7.108567714691162,770.2714233398438,769.9293212890625,0.12892645597457886,-0.07124537974596024,0.0003,0.0003,0.12892836332321167
,,,,,898999,8680.078,1000,,,,,,,,,,
,,,,,899000,,,-769.539794921875,-6.076971054077148,3.776341199874878,768.311279296875,768.6079711914062,0.12741026282310486,0.042009882628917694,0.0003,0.0003,0.12740406394004822
,,,,,899999,8443.767,1000,,,,,,,,,,
8551.671,277.13046,8765.285,7744.0747,1000.0,900000,,,-775.953857421875,-5.9588117599487305,6.478268623352051,774.664306640625,774.4666748046875,0.12730073928833008,-0.018952298909425735,0.0003,0.0003,0.1273023784160614
,,,,,900999,8636.233,1000,,,,,,,,,,
,,,,,901000,,,-780.1376953125,-5.701165676116943,6.264235496520996,778.8260498046875,778.58544921875,0.12713293731212616,0.019146688282489777,0.0003,0.0003,0.1271267980337143
,,,,,901999,8404.339,1000,,,,,,,,,,
,,,,,902000,,,-771.1128540039062,-6.000119209289551,4.223334312438965,769.66455078125,770.03662109375,0.1270955502986908,-0.046750202775001526,0.0003,0.0003,0.12709388136863708
,,,,,902999,8640.892,1000,,,,,,,,,,
,,,,,903000,,,-771.8342895507812,-5.791126728057861,5.750118255615234,770.7833251953125,770.4135131835938,0.12760983407497406,0.0007956195622682571,0.0003,0.0003,0.12760405242443085
,,,,,903999,8572.181,1000,,,,,,,,,,
,,,,,904000,,,-774.2509765625,-6.279557228088379,5.497503757476807,772.8319091796875,773.1834716796875,0.12610085308551788,0.010337947867810726,0.0003,0.0003,0.1261058747768402
,,,,,904999,8621.425,1000,,,,,,,,,,
8686.0,21.419378,8719.795,8646.361,1000.0,905000,,,-779.027099609375,-6.04534912109375,3.8237123489379883,777.263427734375,778.1187133789062,0.1262233406305313,0.007885933853685856,0.0003,0.0003,0.12622065842151642
,,,,,905999,8642.985,1000,,,,,,,,,,
,,,,,906000,,,-783.9937744140625,-6.126962661743164,4.778740406036377,782.7847290039062,782.9888305664062,0.12741099298000336,-0.0003690794110298157,0.0003,0.0003,0.1274140477180481
,,,,,906999,8598.087,1000,,,,,,,,,,
,,,,,907000,,,-787.2557373046875,-5.8190412521362305,3.4259743690490723,785.9320068359375,785.9969482421875,0.126616433262825,0.012979922816157341,0.0003,0.0003,0.12661875784397125
,,,,,907999,8678.446,1000,,,,,,,,,,
,,,,,908000,,,-782.0277099609375,-5.599234104156494,6.042891502380371,780.5638427734375,781.0574340820312,0.126703679561615,-0.014729093760251999,0.0003,0.0003,0.12670591473579407
,,,,,908999,8557.337,1000,,,,,,,,,,
,,,,,909000,,,-779.51318359375,-5.959878444671631,6.202983856201172,777.9877319335938,777.8575439453125,0.12580426037311554,0.017636634409427643,0.0003,0.0003,0.12580597400665283
,,,,,909999,8582.793,1000,,,,,,,,,,
8482.136,224.69533,8699.432,7854.2153,1000.0,910000,,,-784.9632568359375,-5.678352355957031,4.346949577331543,783.9554443359375,783.951416015625,0.126630961894989,0.03751431405544281,0.0003,0.0003,0.12663069367408752
,,,,,910999,8673.753,1000,,,,,,,,,,
,,,,,911000,,,-782.878662109375,-6.108550071716309,4.770948886871338,781.75830078125,781.5108642578125,0.12755116820335388,-0.011224351823329926,0.0003,0.0003,0.1275559365749359
,,,,,911999,8688.412,1000,,,,,,,,,,
,,,,,912000,,,-786.6600341796875,-5.945860862731934,4.48966121673584,785.2233276367188,785.2140502929688,0.1290704756975174,0.020593442022800446,0.0003,0.0003,0.12907131016254425
,,,,,912999,8596.589,1000,,,,,,,,,,
,,,,,913000,,,-781.40576171875,-6.027663230895996,7.322720527648926,779.85498046875,779.8067626953125,0.1270931214094162,-0.013552623800933361,0.0003,0.0003,0.12709438800811768
,,,,,913999,8622.341,1000,,,,,,,,,,
,,,,,914000,,,-778.6707763671875,-6.0712480545043945,7.6257710456848145,777.462158203125,777.1621704101562,0.1271880865097046,0.0049448637291789055,0.0003,0.0003,0.12718474864959717
,,,,,914999,8687.898,1000,,,,,,,,,,
8733.021,77.525925,8826.676,8567.627,1000.0,915000,,,-782.0925903320312,-6.36114501953125,6.098307132720947,780.9345703125,780.86865234375,0.12790237367153168,-0.03079037182033062,0.0003,0.0003,0.12790779769420624
,,,,,915999,8599.205,1000,,,,,,,,,,
,,,,,916000,,,-785.3199462890625,-5.644888877868652,4.785928726196289,783.9149169921875,784.0440063476562,0.1281733512878418,0.01570502668619156,0.0003,0.0003,0.12817154824733734
,,,,,916999,8680.923,1000,,,,,,,,,,
,,,,,917000,,,-778.351806640625,-5.946192264556885,6.503929615020752,776.755126953125,777.1473388671875,0.12910819053649902,-0.009537575766444206,0.0003,0.0003,0.1291133612394333
,,,,,917999,8647.448,1000,,,,,,,,,,
,,,,,918000,,,-786.0736694335938,-5.781756401062012,4.812168121337891,784.3471069335938,784.7938232421875,0.12931211292743683,0.026676056906580925,0.0003,0.0003,0.12930582463741302
,,,,,918999,8576.318,1000,,,,,,,,,,
,,,,,919000,,,-782.4305419921875,-5.807053089141846,4.5349297523498535,781.3845825195312,781.4895629882812,0.13004598021507263,0.04576101154088974,0.0003,0.0003,0.13003894686698914
,,,,,919999,8476.909,1000,,,,,,,,,,
8596.526,375.89792,8787.562,7485.834,1000.0,920000,,,-790.4107055664062,-6.061779975891113,4.819057464599609,789.6026000976562,789.72021484375,0.12912367284297943,-0.02102210372686386,0.0003,0.0003,0.12912607192993164
,,,,,920999,8460.045,1000,,,,,,,,,,
,,,,,921000,,,-777.2215576171875,-6.1845293045043945,5.318871021270752,775.226806640625,774.9808349609375,0.12986667454242706,-0.024697713553905487,0.0003,0.0003,0.12986810505390167
,,,,,921999,7859.368,1000,,,,,,,,,,
,,,,,922000,,,-779.8280639648438,-6.070085048675537,5.773889541625977,778.8109130859375,778.4406127929688,0.1292160302400589,0.017539866268634796,0.0003,0.0003,0.1292116492986679
,,,,,922999,8653.895,1000,,,,,,,,,,
,,,,,923000,,,-788.5308837890625,-6.130866050720215,4.442946910858154,786.938720703125,787.121826171875,0.12905099987983704,0.019187483936548233,0.0003,0.0003,0.12905257940292358
,,,,,923999,8588.296,1000,,,,,,,,,,
,,,,,924000,,,-781.9229736328125,-6.463770389556885,5.385761737823486,780.81103515625,780.1978759765625,0.12856562435626984,-0.06711900234222412,0.0003,0.0003,0.1285707801580429
,,,,,924999,8697.506,1000,,,,,,,,,,
8718.846,75.638176,8828.764,8576.84,1000.0,925000,,,-783.423583984375,-6.049111843109131,4.088685512542725,782.5774536132812,782.4404296875,0.13044650852680206,0.0009064171463251114,0.0003,0.0003,0.13043969869613647
,,,,,925999,8797.472,1000,,,,,,,,,,
,,,,,926000,,,-783.7081909179688,-6.086418151855469,6.422428131103516,782.6142578125,782.5425415039062,0.12984727323055267,-0.03169170767068863,0.0003,0.0003,0.12985141575336456
,,,,,926999,8722.203,1000,,,,,,,,,,
,,,,,927000,,,-792.0379028320312,-5.973107814788818,4.559756278991699,790.9954833984375,790.9219970703125,0.12852348387241364,0.012765035033226013,0.0003,0.0003,0.1285213977098465
,,,,,927999,8654.547,1000,,,,,,,,,,
,,,,,928000,,,-793.5994262695312,-5.326712608337402,5.100904941558838,792.531982421875,793.0166625976562,0.1281321942806244,0.05605687201023102,0.0003,0.0003,0.12812957167625427
,,,,,928999,8555.508,1000,,,,,,,,,,
,,,,,929000,,,-780.2650756835938,-6.51295804977417,6.492438316345215,778.6300048828125,778.51025390625,0.12971583008766174,-0.08590789139270782,0.0003,0.0003,0.12972383201122284
,,,,,929999,8673.086,1000,,,,,,,,,,
8778.163,66.61126,8899.576,8690.333,1000.0,930000,,,-785.210205078125,-5.995279788970947,3.9716339111328125,784.1015014648438,784.10986328125,0.12978678941726685,0.009654445573687553,0.0003,0.0003,0.1297815591096878
,,,,,930999,8684.287,1000,,,,,,,,,,
,,,,,931000,,,-788.2517700195312,-5.936647891998291,6.231266975402832,786.7715454101562,787.4466552734375,0.13054291903972626,-0.0273415669798851,0.0003,0.0003,0.13054469227790833
,,,,,931999,8678.573,1000,,,,,,,,,,
,,,,,932000,,,-792.3441162109375,-6.029787540435791,4.589831352233887,791.6407470703125,791.6168212890625,0.13075941801071167,0.009492244571447372,0.0003,0.0003,0.13076213002204895
,,,,,932999,8779.006,1000,,,,,,,,,,
,,,,,933000,,,-778.8453369140625,-5.358129978179932,5.680645942687988,777.2586669921875,777.0523681640625,0.1310112178325653,0.07704928517341614,0.0003,0.0003,0.13100558519363403
,,,,,933999,8812.882,1000,,,,,,,,,,
,,,,,934000,,,-790.6495361328125,-5.640648365020752,5.410706996917725,789.764892578125,789.2814331054688,0.13035902380943298,0.05031239613890648,0.0003,0.0003,0.1303582787513733
,,,,,934999,8703.648,1000,,,,,,,,,,
8696.652,113.95768,8811.853,8383.128,1000.0,935000,,,-781.7426147460938,-6.201270580291748,6.371448516845703,780.5,780.8800048828125,0.12905798852443695,0.013716679066419601,0.0003,0.0003,0.1290581375360489
,,,,,935999,8564.278,1000,,,,,,,,,,
,,,,,936000,,,-788.470947265625,-5.991724014282227,5.567961692810059,787.2398071289062,786.5958251953125,0.12882311642169952,0.003016467671841383,0.0003,0.0003,0.12882311642169952
,,,,,936999,8695.505,1000,,,,,,,,,,
,,,,,937000,,,-790.0304565429688,-6.001819133758545,4.5956010818481445,788.6171875,789.1539306640625,0.13038021326065063,0.011133157648146152,0.0003,0.0003,0.13038289546966553
,,,,,937999,8755.648,1000,,,,,,,,,,
,,,,,938000,,,-789.453125,-6.152888298034668,4.221986770629883,788.0731201171875,788.3506469726562,0.1304183006286621,0.02695680595934391,0.0003,0.0003,0.13041658699512482
,,,,,938999,8770.277,1000,,,,,,,,,,
,,,,,939000,,,-796.076171875,-6.4177565574646,6.080939292907715,794.8656005859375,794.7724609375,0.13059093058109283,-0.035734646022319794,0.0003,0.0003,0.13059715926647186
,,,,,939999,8811.407,1000,,,,,,,,,,
8810.339,114.14953,8925.599,8515.27,1000.0,940000,,,-789.7625732421875,-5.769510746002197,7.53542423248291,788.2545166015625,787.900146484375,0.13056081533432007,-0.004020964726805687,0.0003,0.0003,0.13055840134620667
,,,,,940999,8421.328,1000,,,,,,,,,,
,,,,,941000,,,-794.9628295898438,-6.057758331298828,4.954207420349121,793.860595703125,793.7902221679688,0.13126565515995026,-0.021091461181640625,0.0003,0.0003,0.13126681745052338
,,,,,941999,8689.75,1000,,,,,,,,,,
,,,,,942000,,,-794.2593994140625,-6.096015453338623,3.865560531616211,793.3658447265625,793.4929809570312,0.12924276292324066,-0.04360172897577286,0.0003,0.0003,0.1292475163936615
,,,,,942999,8781.945,1000,,,,,,,,,,
,,,,,943000,,,-791.08935546875,-6.0222697257995605,3.2834959030151367,789.7167358398438,789.4427490234375,0.13043272495269775,-0.03071826510131359,0.0003,0.0003,0.1304335743188858
,,,,,943999,8799.052,1000,,,,,,,,,,
,,,,,944000,,,-784.1952514648438,-5.897103309631348,5.704984664916992,782.6910400390625,782.7388916015625,0.1306622177362442,0.013202575966715813,0.0003,0.0003,0.1306564211845398
,,,,,944999,8886.254,1000,,,,,,,,,,
8788.402,97.830086,8927.264,8556.062,1000.0,945000,,,-784.5985107421875,-6.161022663116455,7.182981491088867,782.9373779296875,782.973876953125,0.13073255121707916,-0.020732739940285683,0.0003,0.0003,0.13072983920574188
,,,,,945999,8833.653,1000,,,,,,,,,,
,,,,,946000,,,-796.2313232421875,-5.875975131988525,5.711092472076416,794.9935913085938,795.075927734375,0.13163694739341736,0.023420512676239014,0.0003,0.0003,0.13163572549819946
,,,,,946999,8921.17,1000,,,,,,,,,,
,,,,,947000,,,-790.730224609375,-5.847845077514648,4.6064324378967285,789.5938720703125,789.847900390625,0.1308005452156067,0.022170528769493103,0.0003,0.0003,0.13080459833145142
,,,,,947999,4493.3867,1000,,,,,,,,,,
,,,,,948000,,,-798.7716674804688,-6.123320579528809,5.589016914367676,797.9034423828125,797.5745239257812,0.13005053997039795,-0.034288011491298676,0.0003,0.0003,0.13005363941192627
,,,,,948999,8758.025,1000,,,,,,,,,,
,,,,,949000,,,-789.0672607421875,-5.635807037353516,4.84147834777832,787.7919921875,787.6981811523438,0.12942488491535187,0.043978407979011536,0.0003,0.0003,0.12942655384540558
,,,,,949999,8671.279,1000,,,,,,,,,,
8771.286,117.459595,8906.598,8449.787,1000.0,950000,,,-788.4624633789062,-6.177408695220947,4.77079963684082,787.1323852539062,787.4595336914062,0.12996436655521393,-0.007694652304053307,0.0003,0.0003,0.12996691465377808
,,,,,950999,8809.938,1000,,,,,,,,,,
,,,,,951000,,,-794.6194458007812,-6.369247913360596,5.026784896850586,793.475341796875,793.6015625,0.13020551204681396,-0.05431247502565384,0.0003,0.0003,0.13020998239517212
,,,,,951999,8861.113,1000,,,,,,,,,,
,,,,,952000,,,-794.6376953125,-5.836579322814941,4.446735382080078,793.6793212890625,793.5932006835938,0.13056913018226624,0.046066414564847946,0.0003,0.0003,0.13056646287441254
,,,,,952999,8787.317,1000,,,,,,,,,,
,,,,,953000,,,-785.0631103515625,-6.060147762298584,8.651749610900879,783.5333251953125,783.0921630859375,0.13044121861457825,-0.003478415310382843,0.0003,0.0003,0.1304435282945633
,,,,,953999,8768.756,1000,,,,,,,,,,
,,,,,954000,,,-796.5972290039062,-6.541676044464111,6.574330806732178,795.5254516601562,794.7474365234375,0.13076923787593842,-0.018965814262628555,0.0003,0.0003,0.1307687610387802
,,,,,954999,8734.597,1000,,,,,,,,,,
8717.157,325.23734,8916.639,7765.6636,1000.0,955000,,,-790.2373046875,-5.8130364418029785,4.586513996124268,788.7548828125,788.4967041015625,0.13107554614543915,0.008277827873826027,0.0003,0.0003,0.13107404112815857
,,,,,955999,8865.799,1000,,,,,,,,,,
,,,,,956000,,,-795.757080078125,-6.3206892013549805,6.196335315704346,794.329833984375,794.0441284179688,0.13204431533813477,-0.032292768359184265,0.0003,0.0003,0.1320420801639557
,,,,,956999,8703.572,1000,,,,,,,,,,
,,,,,957000,,,-794.2078857421875,-6.400570869445801,7.6501545906066895,793.3497924804688,793.3565673828125,0.1313404142856598,-0.005069427192211151,0.0003,0.0003,0.13133487105369568
,,,,,957999,8804.101,1000,,,,,,,,,,
,,,,,958000,,,-791.339111328125,-5.621902942657471,5.0315656661987305,789.9488525390625,790.1859130859375,0.13102732598781586,0.02341560833156109,0.0003,0.0003,0.13102293014526367
,,,,,958999,8793.953,1000,,,,,,,,,,
,,,,,959000,,,-794.887451171875,-6.218790531158447,5.067432880401611,793.6852416992188,793.7862548828125,0.13194499909877777,-0.03704092279076576,0.0003,0.0003,0.1319490522146225
,,,,,959999,8778.097,1000,,,,,,,,,,
8403.553,1170.7059,8955.44,4958.9443,1000.0,960000,,,-797.8489990234375,-5.753334045410156,4.474184989929199,796.5130004882812,796.2530517578125,0.13194143772125244,0.029771650210022926,0.0003,0.0003,0.13194194436073303
,,,,,960999,8809.178,1000,,,,,,,,,,
,,,,,961000,,,-785.7245483398438,-6.405658721923828,6.723137855529785,784.8560180664062,784.714599609375,0.13223445415496826,-0.08449171483516693,0.0003,0.0003,0.13223615288734436
,,,,,961999,8844.303,1000,,,,,,,,,,
,,,,,962000,,,-791.9036865234375,-5.785216808319092,5.470563888549805,790.8365478515625,791.0796508789062,0.1316162347793579,0.02835063450038433,0.0003,0.0003,0.13161899149417877
,,,,,962999,8830.474,1000,,,,,,,,,,
,,,,,963000,,,-802.4566650390625,-5.994307518005371,3.716590642929077,801.3421630859375,800.878662109375,0.13176998496055603,0.006856465712189674,0.0003,0.0003,0.13176926970481873
,,,,,963999,8807.767,1000,,,,,,,,,,
,,,,,964000,,,-794.171630859375,-6.115793228149414,4.459712028503418,792.7813720703125,792.3677978515625,0.13279235363006592,-0.039482951164245605,0.0003,0.0003,0.13279786705970764
,,,,,964999,8766.229,1000,,,,,,,,,,
8864.03,55.604477,8965.35,8766.617,1000.0,965000,,,-794.8677978515625,-6.11319637298584,4.372694969177246,793.0783081054688,793.69921875,0.13317041099071503,0.03023454360663891,0.0003,0.0003,0.13316628336906433
,,,,,965999,8857.03,1000,,,,,,,,,,
,,,,,966000,,,-804.3291625976562,-5.784982681274414,5.29404878616333,803.388916015625,803.4830322265625,0.13369305431842804,0.06437718123197556,0.0003,0.0003,0.1336894929409027
,,,,,966999,8836.559,1000,,,,,,,,,,
,,,,,967000,,,-799.0050048828125,-6.113037109375,5.632194995880127,797.4555053710938,797.6453247070312,0.13250891864299774,0.018199874088168144,0.0003,0.0003,0.1325099617242813
,,,,,967999,8766.812,1000,,,,,,,,,,
,,,,,968000,,,-798.1209716796875,-6.097970485687256,5.966808319091797,796.4554443359375,796.721435546875,0.13398219645023346,0.016716521233320236,0.0003,0.0003,0.13398058712482452
,,,,,968999,8878.802,1000,,,,,,,,,,
,,,,,969000,,,-794.3052978515625,-6.303493976593018,7.101141929626465,793.111328125,792.62744140625,0.13347607851028442,-0.043146152049303055,0.0003,0.0003,0.13348227739334106
,,,,,969999,8815.692,1000,,,,,,,,,,
8795.742,40.681343,8882.535,8734.277,1000.0,970000,,,-798.9119262695312,-5.533316135406494,4.775991916656494,797.4276123046875,797.3114013671875,0.13373753428459167,0.05080064386129379,0.0003,0.0003,0.13373588025569916
,,,,,970999,8802.905,1000,,,,,,,,,,
,,,,,971000,,,-805.8356323242188,-5.727383613586426,4.651431560516357,804.4260864257812,804.216064453125,0.1339758038520813,0.01985567808151245,0.0003,0.0003,0.13397276401519775
,,,,,971999,7855.135,1000,,,,,,,,,,
,,,,,972000,,,-796.7344970703125,-5.907738208770752,4.7449188232421875,795.3270263671875,795.5407104492188,0.13346579670906067,-0.007702717557549477,0.0003,0.0003,0.1334608942270279
,,,,,972999,8904.099,1000,,,,,,,,,,
,,,,,973000,,,-796.7567749023438,-6.241641044616699,5.598400115966797,795.8339233398438,795.5477294921875,0.1335679143667221,0.00771348737180233,0.0003,0.0003,0.13356183469295502
,,,,,973999,8810.225,1000,,,,,,,,,,
,,,,,974000,,,-798.8760986328125,-5.954063892364502,7.326013565063477,797.6614990234375,797.94921875,0.1344456970691681,0.009006409905850887,0.0003,0.0003,0.13444223999977112
,,,,,974999,8959.773,1000,,,,,,,,,,
8898.079,52.59565,8987.897,8812.879,1000.0,975000,,,-799.6135864257812,-6.212210655212402,6.887434959411621,798.0474243164062,798.4454345703125,0.13410289585590363,-0.03482642024755478,0.0003,0.0003,0.13410471379756927
,,,,,975999,8921.457,1000,,,,,,,,,,
,,,,,976000,,,-801.6370849609375,-6.2744245529174805,5.59503173828125,799.8035278320312,799.5283813476562,0.13408000767230988,0.00033439137041568756,0.0003,0.0003,0.13407956063747406
,,,,,976999,8876.202,1000,,,,,,,,,,
,,,,,977000,,,-798.3832397460938,-5.813107013702393,4.844021320343018,796.9150390625,797.0004272460938,0.13378606736660004,0.019319409504532814,0.0003,0.0003,0.13377968966960907
,,,,,977999,8821.663,1000,,,,,,,,,,
,,,,,978000,,,-804.8504638671875,-5.8936052322387695,5.286495208740234,803.2735595703125,803.6377563476562,0.13428962230682373,0.040127139538526535,0.0003,0.0003,0.13428683578968048
,,,,,978999,9014.196,1000,,,,,,,,,,
,,,,,979000,,,-793.7039794921875,-6.012696266174316,5.152031898498535,792.2080688476562,792.74072265625,0.13531024754047394,-0.017683107405900955,0.0003,0.0003,0.13531675934791565
,,,,,979999,8719.5205,1000,,,,,,,,,,
8833.394,65.17378,8947.185,8732.27,1000.0,980000,,,-802.856689453125,-6.017672061920166,6.487770080566406,801.6141357421875,801.885498046875,0.13368375599384308,0.021981362253427505,0.0003,0.0003,0.13367250561714172
,,,,,980999,8876.291,1000,,,,,,,,,,
,,,,,981000,,,-800.7498779296875,-5.780553817749023,5.608190059661865,799.6259155273438,799.943115234375,0.13239777088165283,0.03881310671567917,0.0003,0.0003,0.13239233195781708
,,,,,981999,9038.855,1000,,,,,,,,,,
,,,,,982000,,,-789.90771484375,-6.115696907043457,6.194216251373291,788.7908935546875,788.6569213867188,0.13296590745449066,-0.01909736916422844,0.0003,0.0003,0.13297075033187866
,,,,,982999,8969.956,1000,,,,,,,,,,
,,,,,983000,,,-801.277587890625,-5.829542636871338,5.436361789703369,799.44580078125,799.8089599609375,0.13334190845489502,0.029357116669416428,0.0003,0.0003,0.13334347307682037
,,,,,983999,8958.408,1000,,,,,,,,,,
,,,,,984000,,,-798.1513671875,-6.230386257171631,5.123492240905762,796.828857421875,796.55859375,0.13269387185573578,-0.04957490786910057,0.0003,0.0003,0.13270345330238342
,,,,,984999,8933.197,1000,,,,,,,,,,
8917.653,49.316185,9033.36,8868.872,1000.0,985000,,,-800.9456787109375,-6.020146369934082,5.7191267013549805,799.431884765625,798.8502197265625,0.13353416323661804,0.028770338743925095,0.0003,0.0003,0.1335364282131195
,,,,,985999,8911.8,1000,,,,,,,,,,
,,,,,986000,,,-806.9326171875,-5.916922092437744,4.615952968597412,805.44677734375,805.616943359375,0.13327977061271667,0.03323525935411453,0.0003,0.0003,0.1332785040140152
,,,,,986999,8986.229,1000,,,,,,,,,,
,,,,,987000,,,-802.470947265625,-6.278595924377441,6.542919158935547,801.349853515625,801.5888671875,0.13338954746723175,0.0012371130287647247,0.0003,0.0003,0.13337981700897217
,,,,,987999,8917.831,1000,,,,,,,,,,
,,,,,988000,,,-800.185546875,-5.749994277954102,5.430055141448975,798.8037719726562,798.7499389648438,0.13521482050418854,0.025765877217054367,0.0003,0.0003,0.13521765172481537
,,,,,988999,8994.973,1000,,,,,,,,,,
,,,,,989000,,,-796.758544921875,-6.172046661376953,7.217129230499268,795.545166015625,795.2490234375,0.13385820388793945,-0.05620243772864342,0.0003,0.0003,0.13385939598083496
,,,,,989999,8925.679,1000,,,,,,,,,,
8914.961,63.796284,9018.523,8794.713,1000.0,990000,,,-807.1838989257812,-5.544910430908203,4.309589385986328,806.11669921875,806.278076171875,0.133978009223938,0.010490030981600285,0.0003,0.0003,0.1339832842350006
,,,,,990999,8953.832,1000,,,,,,,,,,
,,,,,991000,,,-802.8040771484375,-5.93626594543457,4.53532075881958,801.2463989257812,801.781005859375,0.13471926748752594,-0.008952883072197437,0.0003,0.0003,0.13472074270248413
,,,,,991999,8989.925,1000,,,,,,,,,,
,,,,,992000,,,-803.0396728515625,-5.933218955993652,4.371840953826904,802.2017822265625,801.92724609375,0.13578103482723236,0.038136519491672516,0.0003,0.0003,0.13577239215373993
,,,,,992999,8864.834,1000,,,,,,,,,,
,,,,,993000,,,-804.3543090820312,-6.123366355895996,5.438700199127197,802.9139404296875,802.975830078125,0.13476209342479706,-0.028952553868293762,0.0003,0.0003,0.13476970791816711
,,,,,993999,8769.449,1000,,,,,,,,,,
,,,,,994000,,,-810.7201538085938,-5.853312015533447,6.109584331512451,809.1160888671875,809.5018310546875,0.135788232088089,0.025975991040468216,0.0003,0.0003,0.1357855498790741
,,,,,994999,8914.817,1000,,,,,,,,,,
8921.135,38.4413,8977.197,8862.406,1000.0,995000,,,-809.1309204101562,-6.412621974945068,4.335602760314941,807.8546142578125,808.121337890625,0.1345503330230713,-0.011747144162654877,0.0003,0.0003,0.13454677164554596
,,,,,995999,8752.939,1000,,,,,,,,,,
,,,,,996000,,,-803.698974609375,-5.977761268615723,5.431221961975098,802.84521484375,802.3341064453125,0.13369134068489075,0.01715920865535736,0.0003,0.0003,0.1336851567029953
,,,,,996999,8915.302,1000,,,,,,,,,,
,,,,,997000,,,-806.52880859375,-5.9747467041015625,5.414737701416016,805.44775390625,805.5702514648438,0.13337399065494537,0.0296920258551836,0.0003,0.0003,0.13337264955043793
,,,,,997999,8901.621,1000,,,,,,,,,,
,,,,,998000,,,-812.4020385742188,-5.809850692749023,4.841602325439453,811.2816162109375,811.412109375,0.1327877640724182,-0.011959604918956757,0.0003,0.0003,0.1327921748161316
,,,,,998999,9078.688,1000,,,,,,,,,,
,,,,,999000,,,-807.3560791015625,-6.173589706420898,4.226066589355469,806.1268310546875,805.9298095703125,0.13230443000793457,-0.027878157794475555,0.0003,0.0003,0.13230779767036438
,,,,,999999,8855.806,1000,,,,,,,,,,
