Eval_AverageReturn,Eval_StdReturn,Eval_MaxReturn,Eval_MinReturn,Eval_AverageEpLen,step,Train_EpisodeReturn,Train_EpisodeLen,actor_loss,entropy,critic_loss,q_values,target_values,actor_lr,critic_lr,temperature
7.2,5.173007,19.0,3.0,7.2,0,,,,,,,,,,
,,,,,3,4.0,4,,,,,,,,
,,,,,8,5.0,5,,,,,,,,
,,,,,13,5.0,5,,,,,,,,
,,,,,16,3.0,3,,,,,,,,
,,,,,21,5.0,5,,,,,,,,
,,,,,29,8.0,8,,,,,,,,
,,,,,33,4.0,4,,,,,,,,
,,,,,36,3.0,3,,,,,,,,
,,,,,40,4.0,4,,,,,,,,
,,,,,52,12.0,12,,,,,,,,
,,,,,57,5.0,5,,,,,,,,
,,,,,66,9.0,9,,,,,,,,
,,,,,75,9.0,9,,,,,,,,
,,,,,81,6.0,6,,,,,,,,
,,,,,86,5.0,5,,,,,,,,
,,,,,91,5.0,5,,,,,,,,
,,,,,94,3.0,3,,,,,,,,
,,,,,104,10.0,10,,,,,,,,
,,,,,108,4.0,4,,,,,,,,
,,,,,116,8.0,8,,,,,,,,
,,,,,119,3.0,3,,,,,,,,
,,,,,122,3.0,3,,,,,,,,
,,,,,133,11.0,11,,,,,,,,
,,,,,139,6.0,6,,,,,,,,
,,,,,146,7.0,7,,,,,,,,
,,,,,155,9.0,9,,,,,,,,
,,,,,159,4.0,4,,,,,,,,
,,,,,165,6.0,6,,,,,,,,
,,,,,173,8.0,8,,,,,,,,
,,,,,178,5.0,5,,,,,,,,
,,,,,181,3.0,3,,,,,,,,
,,,,,186,5.0,5,,,,,,,,
,,,,,191,5.0,5,,,,,,,,
,,,,,194,3.0,3,,,,,,,,
,,,,,199,5.0,5,,,,,,,,
,,,,,203,4.0,4,,,,,,,,
,,,,,207,4.0,4,,,,,,,,
,,,,,211,4.0,4,,,,,,,,
,,,,,215,4.0,4,,,,,,,,
,,,,,221,6.0,6,,,,,,,,
,,,,,224,3.0,3,,,,,,,,
,,,,,228,4.0,4,,,,,,,,
,,,,,231,3.0,3,,,,,,,,
,,,,,238,7.0,7,,,,,,,,
,,,,,242,4.0,4,,,,,,,,
,,,,,250,8.0,8,,,,,,,,
,,,,,253,3.0,3,,,,,,,,
,,,,,264,11.0,11,,,,,,,,
,,,,,267,3.0,3,,,,,,,,
,,,,,273,6.0,6,,,,,,,,
,,,,,276,3.0,3,,,,,,,,
,,,,,282,6.0,6,,,,,,,,
,,,,,288,6.0,6,,,,,,,,
,,,,,291,3.0,3,,,,,,,,
,,,,,301,10.0,10,,,,,,,,
,,,,,304,3.0,3,,,,,,,,
,,,,,313,9.0,9,,,,,,,,
,,,,,316,3.0,3,,,,,,,,
,,,,,320,4.0,4,,,,,,,,
,,,,,327,7.0,7,,,,,,,,
,,,,,330,3.0,3,,,,,,,,
,,,,,334,4.0,4,,,,,,,,
,,,,,337,3.0,3,,,,,,,,
,,,,,340,3.0,3,,,,,,,,
,,,,,355,15.0,15,,,,,,,,
,,,,,359,4.0,4,,,,,,,,
,,,,,364,5.0,5,,,,,,,,
,,,,,376,12.0,12,,,,,,,,
,,,,,381,5.0,5,,,,,,,,
,,,,,387,6.0,6,,,,,,,,
,,,,,392,5.0,5,,,,,,,,
,,,,,396,4.0,4,,,,,,,,
,,,,,401,5.0,5,,,,,,,,
,,,,,407,6.0,6,,,,,,,,
,,,,,410,3.0,3,,,,,,,,
,,,,,413,3.0,3,,,,,,,,
,,,,,420,7.0,7,,,,,,,,
,,,,,428,8.0,8,,,,,,,,
,,,,,433,5.0,5,,,,,,,,
,,,,,438,5.0,5,,,,,,,,
,,,,,443,5.0,5,,,,,,,,
,,,,,448,5.0,5,,,,,,,,
,,,,,454,6.0,6,,,,,,,,
,,,,,457,3.0,3,,,,,,,,
,,,,,463,6.0,6,,,,,,,,
,,,,,473,10.0,10,,,,,,,,
,,,,,477,4.0,4,,,,,,,,
,,,,,481,4.0,4,,,,,,,,
,,,,,487,6.0,6,,,,,,,,
,,,,,492,5.0,5,,,,,,,,
,,,,,495,3.0,3,,,,,,,,
,,,,,499,4.0,4,,,,,,,,
,,,,,502,3.0,3,,,,,,,,
,,,,,509,7.0,7,,,,,,,,
,,,,,512,3.0,3,,,,,,,,
,,,,,515,3.0,3,,,,,,,,
,,,,,525,10.0,10,,,,,,,,
,,,,,529,4.0,4,,,,,,,,
,,,,,534,5.0,5,,,,,,,,
,,,,,539,5.0,5,,,,,,,,
,,,,,548,9.0,9,,,,,,,,
,,,,,551,3.0,3,,,,,,,,
,,,,,561,10.0,10,,,,,,,,
,,,,,566,5.0,5,,,,,,,,
,,,,,577,11.0,11,,,,,,,,
,,,,,592,15.0,15,,,,,,,,
,,,,,599,7.0,7,,,,,,,,
,,,,,604,5.0,5,,,,,,,,
,,,,,609,5.0,5,,,,,,,,
,,,,,612,3.0,3,,,,,,,,
,,,,,616,4.0,4,,,,,,,,
,,,,,624,8.0,8,,,,,,,,
,,,,,633,9.0,9,,,,,,,,
,,,,,636,3.0,3,,,,,,,,
,,,,,640,4.0,4,,,,,,,,
,,,,,644,4.0,4,,,,,,,,
,,,,,648,4.0,4,,,,,,,,
,,,,,652,4.0,4,,,,,,,,
,,,,,655,3.0,3,,,,,,,,
,,,,,658,3.0,3,,,,,,,,
,,,,,662,4.0,4,,,,,,,,
,,,,,666,4.0,4,,,,,,,,
,,,,,678,12.0,12,,,,,,,,
,,,,,689,11.0,11,,,,,,,,
,,,,,693,4.0,4,,,,,,,,
,,,,,697,4.0,4,,,,,,,,
,,,,,704,7.0,7,,,,,,,,
,,,,,715,11.0,11,,,,,,,,
,,,,,718,3.0,3,,,,,,,,
,,,,,722,4.0,4,,,,,,,,
,,,,,729,7.0,7,,,,,,,,
,,,,,732,3.0,3,,,,,,,,
,,,,,735,3.0,3,,,,,,,,
,,,,,742,7.0,7,,,,,,,,
,,,,,750,8.0,8,,,,,,,,
,,,,,758,8.0,8,,,,,,,,
,,,,,776,18.0,18,,,,,,,,
,,,,,779,3.0,3,,,,,,,,
,,,,,784,5.0,5,,,,,,,,
,,,,,787,3.0,3,,,,,,,,
,,,,,793,6.0,6,,,,,,,,
,,,,,806,13.0,13,,,,,,,,
,,,,,813,7.0,7,,,,,,,,
,,,,,818,5.0,5,,,,,,,,
,,,,,821,3.0,3,,,,,,,,
,,,,,826,5.0,5,,,,,,,,
,,,,,835,9.0,9,,,,,,,,
,,,,,839,4.0,4,,,,,,,,
,,,,,842,3.0,3,,,,,,,,
,,,,,849,7.0,7,,,,,,,,
,,,,,856,7.0,7,,,,,,,,
,,,,,859,3.0,3,,,,,,,,
,,,,,869,10.0,10,,,,,,,,
,,,,,872,3.0,3,,,,,,,,
,,,,,878,6.0,6,,,,,,,,
,,,,,882,4.0,4,,,,,,,,
,,,,,886,4.0,4,,,,,,,,
,,,,,899,13.0,13,,,,,,,,
,,,,,902,3.0,3,,,,,,,,
,,,,,906,4.0,4,,,,,,,,
,,,,,914,8.0,8,,,,,,,,
,,,,,919,5.0,5,,,,,,,,
,,,,,930,11.0,11,,,,,,,,
,,,,,934,4.0,4,,,,,,,,
,,,,,938,4.0,4,,,,,,,,
,,,,,941,3.0,3,,,,,,,,
,,,,,944,3.0,3,,,,,,,,
,,,,,948,4.0,4,,,,,,,,
,,,,,959,11.0,11,,,,,,,,
,,,,,963,4.0,4,,,,,,,,
,,,,,972,9.0,9,,,,,,,,
,,,,,975,3.0,3,,,,,,,,
,,,,,986,11.0,11,,,,,,,,
,,,,,989,3.0,3,,,,,,,,
,,,,,993,4.0,4,,,,,,,,
,,,,,996,3.0,3,,,,,,,,
,,,,,1005,9.0,9,,,,,,,,
,,,,,1009,4.0,4,,,,,,,,
,,,,,1021,12.0,12,,,,,,,,
,,,,,1026,5.0,5,,,,,,,,
,,,,,1031,5.0,5,,,,,,,,
,,,,,1034,3.0,3,,,,,,,,
,,,,,1038,4.0,4,,,,,,,,
,,,,,1041,3.0,3,,,,,,,,
,,,,,1059,18.0,18,,,,,,,,
,,,,,1071,12.0,12,,,,,,,,
,,,,,1075,4.0,4,,,,,,,,
,,,,,1080,5.0,5,,,,,,,,
,,,,,1083,3.0,3,,,,,,,,
,,,,,1086,3.0,3,,,,,,,,
,,,,,1089,3.0,3,,,,,,,,
,,,,,1102,13.0,13,,,,,,,,
,,,,,1107,5.0,5,,,,,,,,
,,,,,1113,6.0,6,,,,,,,,
,,,,,1120,7.0,7,,,,,,,,
,,,,,1127,7.0,7,,,,,,,,
,,,,,1134,7.0,7,,,,,,,,
,,,,,1145,11.0,11,,,,,,,,
,,,,,1148,3.0,3,,,,,,,,
,,,,,1151,3.0,3,,,,,,,,
,,,,,1154,3.0,3,,,,,,,,
,,,,,1161,7.0,7,,,,,,,,
,,,,,1164,3.0,3,,,,,,,,
,,,,,1167,3.0,3,,,,,,,,
,,,,,1171,4.0,4,,,,,,,,
,,,,,1176,5.0,5,,,,,,,,
,,,,,1179,3.0,3,,,,,,,,
,,,,,1183,4.0,4,,,,,,,,
,,,,,1186,3.0,3,,,,,,,,
,,,,,1194,8.0,8,,,,,,,,
,,,,,1198,4.0,4,,,,,,,,
,,,,,1201,3.0,3,,,,,,,,
,,,,,1204,3.0,3,,,,,,,,
,,,,,1214,10.0,10,,,,,,,,
,,,,,1225,11.0,11,,,,,,,,
,,,,,1238,13.0,13,,,,,,,,
,,,,,1243,5.0,5,,,,,,,,
,,,,,1261,18.0,18,,,,,,,,
,,,,,1268,7.0,7,,,,,,,,
,,,,,1275,7.0,7,,,,,,,,
,,,,,1287,12.0,12,,,,,,,,
,,,,,1291,4.0,4,,,,,,,,
,,,,,1296,5.0,5,,,,,,,,
,,,,,1301,5.0,5,,,,,,,,
,,,,,1305,4.0,4,,,,,,,,
,,,,,1313,8.0,8,,,,,,,,
,,,,,1317,4.0,4,,,,,,,,
,,,,,1326,9.0,9,,,,,,,,
,,,,,1331,5.0,5,,,,,,,,
,,,,,1334,3.0,3,,,,,,,,
,,,,,1339,5.0,5,,,,,,,,
,,,,,1348,9.0,9,,,,,,,,
,,,,,1353,5.0,5,,,,,,,,
,,,,,1359,6.0,6,,,,,,,,
,,,,,1362,3.0,3,,,,,,,,
,,,,,1370,8.0,8,,,,,,,,
,,,,,1373,3.0,3,,,,,,,,
,,,,,1382,9.0,9,,,,,,,,
,,,,,1396,14.0,14,,,,,,,,
,,,,,1402,6.0,6,,,,,,,,
,,,,,1414,12.0,12,,,,,,,,
,,,,,1422,8.0,8,,,,,,,,
,,,,,1426,4.0,4,,,,,,,,
,,,,,1433,7.0,7,,,,,,,,
,,,,,1448,15.0,15,,,,,,,,
,,,,,1453,5.0,5,,,,,,,,
,,,,,1458,5.0,5,,,,,,,,
,,,,,1466,8.0,8,,,,,,,,
,,,,,1472,6.0,6,,,,,,,,
,,,,,1475,3.0,3,,,,,,,,
,,,,,1481,6.0,6,,,,,,,,
,,,,,1487,6.0,6,,,,,,,,
,,,,,1490,3.0,3,,,,,,,,
,,,,,1512,22.0,22,,,,,,,,
,,,,,1518,6.0,6,,,,,,,,
,,,,,1523,5.0,5,,,,,,,,
,,,,,1534,11.0,11,,,,,,,,
,,,,,1540,6.0,6,,,,,,,,
,,,,,1546,6.0,6,,,,,,,,
,,,,,1550,4.0,4,,,,,,,,
,,,,,1555,5.0,5,,,,,,,,
,,,,,1559,4.0,4,,,,,,,,
,,,,,1567,8.0,8,,,,,,,,
,,,,,1575,8.0,8,,,,,,,,
,,,,,1579,4.0,4,,,,,,,,
,,,,,1584,5.0,5,,,,,,,,
,,,,,1593,9.0,9,,,,,,,,
,,,,,1597,4.0,4,,,,,,,,
,,,,,1601,4.0,4,,,,,,,,
,,,,,1604,3.0,3,,,,,,,,
,,,,,1610,6.0,6,,,,,,,,
,,,,,1615,5.0,5,,,,,,,,
,,,,,1619,4.0,4,,,,,,,,
,,,,,1633,14.0,14,,,,,,,,
,,,,,1649,16.0,16,,,,,,,,
,,,,,1654,5.0,5,,,,,,,,
,,,,,1659,5.0,5,,,,,,,,
,,,,,1664,5.0,5,,,,,,,,
,,,,,1669,5.0,5,,,,,,,,
,,,,,1680,11.0,11,,,,,,,,
,,,,,1686,6.0,6,,,,,,,,
,,,,,1695,9.0,9,,,,,,,,
,,,,,1699,4.0,4,,,,,,,,
,,,,,1704,5.0,5,,,,,,,,
,,,,,1713,9.0,9,,,,,,,,
,,,,,1718,5.0,5,,,,,,,,
,,,,,1726,8.0,8,,,,,,,,
,,,,,1739,13.0,13,,,,,,,,
,,,,,1746,7.0,7,,,,,,,,
,,,,,1753,7.0,7,,,,,,,,
,,,,,1758,5.0,5,,,,,,,,
,,,,,1762,4.0,4,,,,,,,,
,,,,,1767,5.0,5,,,,,,,,
,,,,,1770,3.0,3,,,,,,,,
,,,,,1775,5.0,5,,,,,,,,
,,,,,1794,19.0,19,,,,,,,,
,,,,,1800,6.0,6,,,,,,,,
,,,,,1808,8.0,8,,,,,,,,
,,,,,1812,4.0,4,,,,,,,,
,,,,,1820,8.0,8,,,,,,,,
,,,,,1827,7.0,7,,,,,,,,
,,,,,1834,7.0,7,,,,,,,,
,,,,,1847,13.0,13,,,,,,,,
,,,,,1854,7.0,7,,,,,,,,
,,,,,1857,3.0,3,,,,,,,,
,,,,,1863,6.0,6,,,,,,,,
,,,,,1871,8.0,8,,,,,,,,
,,,,,1887,16.0,16,,,,,,,,
,,,,,1892,5.0,5,,,,,,,,
,,,,,1896,4.0,4,,,,,,,,
,,,,,1900,4.0,4,,,,,,,,
,,,,,1903,3.0,3,,,,,,,,
,,,,,1906,3.0,3,,,,,,,,
,,,,,1910,4.0,4,,,,,,,,
,,,,,1921,11.0,11,,,,,,,,
,,,,,1930,9.0,9,,,,,,,,
,,,,,1936,6.0,6,,,,,,,,
,,,,,1944,8.0,8,,,,,,,,
,,,,,1954,10.0,10,,,,,,,,
,,,,,1962,8.0,8,,,,,,,,
,,,,,1970,8.0,8,,,,,,,,
,,,,,1979,9.0,9,,,,,,,,
,,,,,1982,3.0,3,,,,,,,,
,,,,,1988,6.0,6,,,,,,,,
,,,,,1991,3.0,3,,,,,,,,
,,,,,1999,8.0,8,,,,,,,,
,,,,,2005,6.0,6,,,,,,,,
,,,,,2009,4.0,4,,,,,,,,
,,,,,2013,4.0,4,,,,,,,,
,,,,,2022,9.0,9,,,,,,,,
,,,,,2031,9.0,9,,,,,,,,
,,,,,2036,5.0,5,,,,,,,,
,,,,,2049,13.0,13,,,,,,,,
,,,,,2055,6.0,6,,,,,,,,
,,,,,2061,6.0,6,,,,,,,,
,,,,,2067,6.0,6,,,,,,,,
,,,,,2074,7.0,7,,,,,,,,
,,,,,2091,17.0,17,,,,,,,,
,,,,,2094,3.0,3,,,,,,,,
,,,,,2101,7.0,7,,,,,,,,
,,,,,2112,11.0,11,,,,,,,,
,,,,,2117,5.0,5,,,,,,,,
,,,,,2125,8.0,8,,,,,,,,
,,,,,2132,7.0,7,,,,,,,,
,,,,,2149,17.0,17,,,,,,,,
,,,,,2153,4.0,4,,,,,,,,
,,,,,2157,4.0,4,,,,,,,,
,,,,,2169,12.0,12,,,,,,,,
,,,,,2177,8.0,8,,,,,,,,
,,,,,2180,3.0,3,,,,,,,,
,,,,,2189,9.0,9,,,,,,,,
,,,,,2198,9.0,9,,,,,,,,
,,,,,2206,8.0,8,,,,,,,,
,,,,,2218,12.0,12,,,,,,,,
,,,,,2227,9.0,9,,,,,,,,
,,,,,2230,3.0,3,,,,,,,,
,,,,,2233,3.0,3,,,,,,,,
,,,,,2238,5.0,5,,,,,,,,
,,,,,2245,7.0,7,,,,,,,,
,,,,,2249,4.0,4,,,,,,,,
,,,,,2254,5.0,5,,,,,,,,
,,,,,2270,16.0,16,,,,,,,,
,,,,,2287,17.0,17,,,,,,,,
,,,,,2294,7.0,7,,,,,,,,
,,,,,2300,6.0,6,,,,,,,,
,,,,,2304,4.0,4,,,,,,,,
,,,,,2308,4.0,4,,,,,,,,
,,,,,2318,10.0,10,,,,,,,,
,,,,,2326,8.0,8,,,,,,,,
,,,,,2337,11.0,11,,,,,,,,
,,,,,2347,10.0,10,,,,,,,,
,,,,,2358,11.0,11,,,,,,,,
,,,,,2362,4.0,4,,,,,,,,
,,,,,2366,4.0,4,,,,,,,,
,,,,,2369,3.0,3,,,,,,,,
,,,,,2373,4.0,4,,,,,,,,
,,,,,2383,10.0,10,,,,,,,,
,,,,,2390,7.0,7,,,,,,,,
,,,,,2393,3.0,3,,,,,,,,
,,,,,2396,3.0,3,,,,,,,,
,,,,,2405,9.0,9,,,,,,,,
,,,,,2412,7.0,7,,,,,,,,
,,,,,2421,9.0,9,,,,,,,,
,,,,,2425,4.0,4,,,,,,,,
,,,,,2430,5.0,5,,,,,,,,
,,,,,2433,3.0,3,,,,,,,,
,,,,,2439,6.0,6,,,,,,,,
,,,,,2451,12.0,12,,,,,,,,
,,,,,2455,4.0,4,,,,,,,,
,,,,,2464,9.0,9,,,,,,,,
,,,,,2469,5.0,5,,,,,,,,
,,,,,2474,5.0,5,,,,,,,,
,,,,,2478,4.0,4,,,,,,,,
,,,,,2483,5.0,5,,,,,,,,
,,,,,2487,4.0,4,,,,,,,,
,,,,,2492,5.0,5,,,,,,,,
,,,,,2496,4.0,4,,,,,,,,
,,,,,2502,6.0,6,,,,,,,,
,,,,,2508,6.0,6,,,,,,,,
,,,,,2518,10.0,10,,,,,,,,
,,,,,2526,8.0,8,,,,,,,,
,,,,,2533,7.0,7,,,,,,,,
,,,,,2543,10.0,10,,,,,,,,
,,,,,2546,3.0,3,,,,,,,,
,,,,,2559,13.0,13,,,,,,,,
,,,,,2571,12.0,12,,,,,,,,
,,,,,2578,7.0,7,,,,,,,,
,,,,,2582,4.0,4,,,,,,,,
,,,,,2589,7.0,7,,,,,,,,
,,,,,2592,3.0,3,,,,,,,,
,,,,,2608,16.0,16,,,,,,,,
,,,,,2613,5.0,5,,,,,,,,
,,,,,2622,9.0,9,,,,,,,,
,,,,,2627,5.0,5,,,,,,,,
,,,,,2634,7.0,7,,,,,,,,
,,,,,2638,4.0,4,,,,,,,,
,,,,,2670,32.0,32,,,,,,,,
,,,,,2678,8.0,8,,,,,,,,
,,,,,2682,4.0,4,,,,,,,,
,,,,,2690,8.0,8,,,,,,,,
,,,,,2698,8.0,8,,,,,,,,
,,,,,2703,5.0,5,,,,,,,,
,,,,,2707,4.0,4,,,,,,,,
,,,,,2711,4.0,4,,,,,,,,
,,,,,2721,10.0,10,,,,,,,,
,,,,,2728,7.0,7,,,,,,,,
,,,,,2737,9.0,9,,,,,,,,
,,,,,2745,8.0,8,,,,,,,,
,,,,,2762,17.0,17,,,,,,,,
,,,,,2771,9.0,9,,,,,,,,
,,,,,2777,6.0,6,,,,,,,,
,,,,,2781,4.0,4,,,,,,,,
,,,,,2788,7.0,7,,,,,,,,
,,,,,2792,4.0,4,,,,,,,,
,,,,,2798,6.0,6,,,,,,,,
,,,,,2803,5.0,5,,,,,,,,
,,,,,2828,25.0,25,,,,,,,,
,,,,,2833,5.0,5,,,,,,,,
,,,,,2837,4.0,4,,,,,,,,
,,,,,2841,4.0,4,,,,,,,,
,,,,,2848,7.0,7,,,,,,,,
,,,,,2862,14.0,14,,,,,,,,
,,,,,2873,11.0,11,,,,,,,,
,,,,,2878,5.0,5,,,,,,,,
,,,,,2884,6.0,6,,,,,,,,
,,,,,2888,4.0,4,,,,,,,,
,,,,,2891,3.0,3,,,,,,,,
,,,,,2906,15.0,15,,,,,,,,
,,,,,2922,16.0,16,,,,,,,,
,,,,,2925,3.0,3,,,,,,,,
,,,,,2932,7.0,7,,,,,,,,
,,,,,2938,6.0,6,,,,,,,,
,,,,,2947,9.0,9,,,,,,,,
,,,,,2952,5.0,5,,,,,,,,
,,,,,2960,8.0,8,,,,,,,,
,,,,,2972,12.0,12,,,,,,,,
,,,,,2980,8.0,8,,,,,,,,
,,,,,2984,4.0,4,,,,,,,,
,,,,,2991,7.0,7,,,,,,,,
,,,,,2997,6.0,6,,,,,,,,
,,,,,3004,7.0,7,,,,,,,,
,,,,,3012,8.0,8,,,,,,,,
,,,,,3015,3.0,3,,,,,,,,
,,,,,3026,11.0,11,,,,,,,,
,,,,,3036,10.0,10,,,,,,,,
,,,,,3043,7.0,7,,,,,,,,
,,,,,3049,6.0,6,,,,,,,,
,,,,,3054,5.0,5,,,,,,,,
,,,,,3061,7.0,7,,,,,,,,
,,,,,3069,8.0,8,,,,,,,,
,,,,,3075,6.0,6,,,,,,,,
,,,,,3079,4.0,4,,,,,,,,
,,,,,3083,4.0,4,,,,,,,,
,,,,,3095,12.0,12,,,,,,,,
,,,,,3099,4.0,4,,,,,,,,
,,,,,3103,4.0,4,,,,,,,,
,,,,,3106,3.0,3,,,,,,,,
,,,,,3119,13.0,13,,,,,,,,
,,,,,3122,3.0,3,,,,,,,,
,,,,,3126,4.0,4,,,,,,,,
,,,,,3129,3.0,3,,,,,,,,
,,,,,3133,4.0,4,,,,,,,,
,,,,,3136,3.0,3,,,,,,,,
,,,,,3140,4.0,4,,,,,,,,
,,,,,3144,4.0,4,,,,,,,,
,,,,,3153,9.0,9,,,,,,,,
,,,,,3157,4.0,4,,,,,,,,
,,,,,3163,6.0,6,,,,,,,,
,,,,,3167,4.0,4,,,,,,,,
,,,,,3175,8.0,8,,,,,,,,
,,,,,3180,5.0,5,,,,,,,,
,,,,,3190,10.0,10,,,,,,,,
,,,,,3194,4.0,4,,,,,,,,
,,,,,3198,4.0,4,,,,,,,,
,,,,,3203,5.0,5,,,,,,,,
,,,,,3207,4.0,4,,,,,,,,
,,,,,3210,3.0,3,,,,,,,,
,,,,,3214,4.0,4,,,,,,,,
,,,,,3223,9.0,9,,,,,,,,
,,,,,3229,6.0,6,,,,,,,,
,,,,,3235,6.0,6,,,,,,,,
,,,,,3238,3.0,3,,,,,,,,
,,,,,3242,4.0,4,,,,,,,,
,,,,,3246,4.0,4,,,,,,,,
,,,,,3249,3.0,3,,,,,,,,
,,,,,3253,4.0,4,,,,,,,,
,,,,,3257,4.0,4,,,,,,,,
,,,,,3268,11.0,11,,,,,,,,
,,,,,3275,7.0,7,,,,,,,,
,,,,,3280,5.0,5,,,,,,,,
,,,,,3304,24.0,24,,,,,,,,
,,,,,3308,4.0,4,,,,,,,,
,,,,,3311,3.0,3,,,,,,,,
,,,,,3317,6.0,6,,,,,,,,
,,,,,3321,4.0,4,,,,,,,,
,,,,,3334,13.0,13,,,,,,,,
,,,,,3342,8.0,8,,,,,,,,
,,,,,3349,7.0,7,,,,,,,,
,,,,,3352,3.0,3,,,,,,,,
,,,,,3357,5.0,5,,,,,,,,
,,,,,3361,4.0,4,,,,,,,,
,,,,,3369,8.0,8,,,,,,,,
,,,,,3376,7.0,7,,,,,,,,
,,,,,3380,4.0,4,,,,,,,,
,,,,,3385,5.0,5,,,,,,,,
,,,,,3390,5.0,5,,,,,,,,
,,,,,3393,3.0,3,,,,,,,,
,,,,,3406,13.0,13,,,,,,,,
,,,,,3416,10.0,10,,,,,,,,
,,,,,3429,13.0,13,,,,,,,,
,,,,,3438,9.0,9,,,,,,,,
,,,,,3445,7.0,7,,,,,,,,
,,,,,3451,6.0,6,,,,,,,,
,,,,,3456,5.0,5,,,,,,,,
,,,,,3477,21.0,21,,,,,,,,
,,,,,3482,5.0,5,,,,,,,,
,,,,,3499,17.0,17,,,,,,,,
,,,,,3504,5.0,5,,,,,,,,
,,,,,3510,6.0,6,,,,,,,,
,,,,,3517,7.0,7,,,,,,,,
,,,,,3521,4.0,4,,,,,,,,
,,,,,3527,6.0,6,,,,,,,,
,,,,,3530,3.0,3,,,,,,,,
,,,,,3549,19.0,19,,,,,,,,
,,,,,3556,7.0,7,,,,,,,,
,,,,,3560,4.0,4,,,,,,,,
,,,,,3563,3.0,3,,,,,,,,
,,,,,3566,3.0,3,,,,,,,,
,,,,,3569,3.0,3,,,,,,,,
,,,,,3593,24.0,24,,,,,,,,
,,,,,3596,3.0,3,,,,,,,,
,,,,,3609,13.0,13,,,,,,,,
,,,,,3613,4.0,4,,,,,,,,
,,,,,3617,4.0,4,,,,,,,,
,,,,,3625,8.0,8,,,,,,,,
,,,,,3631,6.0,6,,,,,,,,
,,,,,3634,3.0,3,,,,,,,,
,,,,,3638,4.0,4,,,,,,,,
,,,,,3642,4.0,4,,,,,,,,
,,,,,3663,21.0,21,,,,,,,,
,,,,,3674,11.0,11,,,,,,,,
,,,,,3679,5.0,5,,,,,,,,
,,,,,3686,7.0,7,,,,,,,,
,,,,,3695,9.0,9,,,,,,,,
,,,,,3703,8.0,8,,,,,,,,
,,,,,3708,5.0,5,,,,,,,,
,,,,,3713,5.0,5,,,,,,,,
,,,,,3721,8.0,8,,,,,,,,
,,,,,3725,4.0,4,,,,,,,,
,,,,,3733,8.0,8,,,,,,,,
,,,,,3740,7.0,7,,,,,,,,
,,,,,3760,20.0,20,,,,,,,,
,,,,,3765,5.0,5,,,,,,,,
,,,,,3769,4.0,4,,,,,,,,
,,,,,3774,5.0,5,,,,,,,,
,,,,,3780,6.0,6,,,,,,,,
,,,,,3784,4.0,4,,,,,,,,
,,,,,3787,3.0,3,,,,,,,,
,,,,,3798,11.0,11,,,,,,,,
,,,,,3802,4.0,4,,,,,,,,
,,,,,3817,15.0,15,,,,,,,,
,,,,,3821,4.0,4,,,,,,,,
,,,,,3827,6.0,6,,,,,,,,
,,,,,3832,5.0,5,,,,,,,,
,,,,,3837,5.0,5,,,,,,,,
,,,,,3840,3.0,3,,,,,,,,
,,,,,3846,6.0,6,,,,,,,,
,,,,,3851,5.0,5,,,,,,,,
,,,,,3854,3.0,3,,,,,,,,
,,,,,3868,14.0,14,,,,,,,,
,,,,,3883,15.0,15,,,,,,,,
,,,,,3886,3.0,3,,,,,,,,
,,,,,3892,6.0,6,,,,,,,,
,,,,,3896,4.0,4,,,,,,,,
,,,,,3911,15.0,15,,,,,,,,
,,,,,3916,5.0,5,,,,,,,,
,,,,,3919,3.0,3,,,,,,,,
,,,,,3924,5.0,5,,,,,,,,
,,,,,3933,9.0,9,,,,,,,,
,,,,,3941,8.0,8,,,,,,,,
,,,,,3950,9.0,9,,,,,,,,
,,,,,3954,4.0,4,,,,,,,,
,,,,,3962,8.0,8,,,,,,,,
,,,,,3965,3.0,3,,,,,,,,
,,,,,3970,5.0,5,,,,,,,,
,,,,,3975,5.0,5,,,,,,,,
,,,,,3984,9.0,9,,,,,,,,
,,,,,3990,6.0,6,,,,,,,,
,,,,,4001,11.0,11,,,,,,,,
,,,,,4006,5.0,5,,,,,,,,
,,,,,4022,16.0,16,,,,,,,,
,,,,,4030,8.0,8,,,,,,,,
,,,,,4038,8.0,8,,,,,,,,
,,,,,4041,3.0,3,,,,,,,,
,,,,,4056,15.0,15,,,,,,,,
,,,,,4062,6.0,6,,,,,,,,
,,,,,4070,8.0,8,,,,,,,,
,,,,,4077,7.0,7,,,,,,,,
,,,,,4081,4.0,4,,,,,,,,
,,,,,4085,4.0,4,,,,,,,,
,,,,,4091,6.0,6,,,,,,,,
,,,,,4095,4.0,4,,,,,,,,
,,,,,4112,17.0,17,,,,,,,,
,,,,,4116,4.0,4,,,,,,,,
,,,,,4121,5.0,5,,,,,,,,
,,,,,4125,4.0,4,,,,,,,,
,,,,,4130,5.0,5,,,,,,,,
,,,,,4140,10.0,10,,,,,,,,
,,,,,4143,3.0,3,,,,,,,,
,,,,,4148,5.0,5,,,,,,,,
,,,,,4157,9.0,9,,,,,,,,
,,,,,4165,8.0,8,,,,,,,,
,,,,,4171,6.0,6,,,,,,,,
,,,,,4177,6.0,6,,,,,,,,
,,,,,4180,3.0,3,,,,,,,,
,,,,,4183,3.0,3,,,,,,,,
,,,,,4202,19.0,19,,,,,,,,
,,,,,4208,6.0,6,,,,,,,,
,,,,,4212,4.0,4,,,,,,,,
,,,,,4220,8.0,8,,,,,,,,
,,,,,4223,3.0,3,,,,,,,,
,,,,,4228,5.0,5,,,,,,,,
,,,,,4239,11.0,11,,,,,,,,
,,,,,4246,7.0,7,,,,,,,,
,,,,,4254,8.0,8,,,,,,,,
,,,,,4263,9.0,9,,,,,,,,
,,,,,4277,14.0,14,,,,,,,,
,,,,,4284,7.0,7,,,,,,,,
,,,,,4292,8.0,8,,,,,,,,
,,,,,4295,3.0,3,,,,,,,,
,,,,,4305,10.0,10,,,,,,,,
,,,,,4308,3.0,3,,,,,,,,
,,,,,4312,4.0,4,,,,,,,,
,,,,,4316,4.0,4,,,,,,,,
,,,,,4320,4.0,4,,,,,,,,
,,,,,4327,7.0,7,,,,,,,,
,,,,,4332,5.0,5,,,,,,,,
,,,,,4335,3.0,3,,,,,,,,
,,,,,4351,16.0,16,,,,,,,,
,,,,,4357,6.0,6,,,,,,,,
,,,,,4360,3.0,3,,,,,,,,
,,,,,4364,4.0,4,,,,,,,,
,,,,,4367,3.0,3,,,,,,,,
,,,,,4370,3.0,3,,,,,,,,
,,,,,4374,4.0,4,,,,,,,,
,,,,,4383,9.0,9,,,,,,,,
,,,,,4390,7.0,7,,,,,,,,
,,,,,4394,4.0,4,,,,,,,,
,,,,,4402,8.0,8,,,,,,,,
,,,,,4406,4.0,4,,,,,,,,
,,,,,4411,5.0,5,,,,,,,,
,,,,,4415,4.0,4,,,,,,,,
,,,,,4425,10.0,10,,,,,,,,
,,,,,4432,7.0,7,,,,,,,,
,,,,,4436,4.0,4,,,,,,,,
,,,,,4441,5.0,5,,,,,,,,
,,,,,4446,5.0,5,,,,,,,,
,,,,,4450,4.0,4,,,,,,,,
,,,,,4456,6.0,6,,,,,,,,
,,,,,4462,6.0,6,,,,,,,,
,,,,,4467,5.0,5,,,,,,,,
,,,,,4471,4.0,4,,,,,,,,
,,,,,4476,5.0,5,,,,,,,,
,,,,,4486,10.0,10,,,,,,,,
,,,,,4491,5.0,5,,,,,,,,
,,,,,4496,5.0,5,,,,,,,,
,,,,,4500,4.0,4,,,,,,,,
,,,,,4503,3.0,3,,,,,,,,
,,,,,4511,8.0,8,,,,,,,,
,,,,,4515,4.0,4,,,,,,,,
,,,,,4523,8.0,8,,,,,,,,
,,,,,4529,6.0,6,,,,,,,,
,,,,,4537,8.0,8,,,,,,,,
,,,,,4540,3.0,3,,,,,,,,
,,,,,4544,4.0,4,,,,,,,,
,,,,,4549,5.0,5,,,,,,,,
,,,,,4558,9.0,9,,,,,,,,
,,,,,4562,4.0,4,,,,,,,,
,,,,,4569,7.0,7,,,,,,,,
,,,,,4575,6.0,6,,,,,,,,
,,,,,4579,4.0,4,,,,,,,,
,,,,,4583,4.0,4,,,,,,,,
,,,,,4587,4.0,4,,,,,,,,
,,,,,4595,8.0,8,,,,,,,,
,,,,,4599,4.0,4,,,,,,,,
,,,,,4604,5.0,5,,,,,,,,
,,,,,4609,5.0,5,,,,,,,,
,,,,,4614,5.0,5,,,,,,,,
,,,,,4618,4.0,4,,,,,,,,
,,,,,4624,6.0,6,,,,,,,,
,,,,,4628,4.0,4,,,,,,,,
,,,,,4635,7.0,7,,,,,,,,
,,,,,4643,8.0,8,,,,,,,,
,,,,,4661,18.0,18,,,,,,,,
,,,,,4666,5.0,5,,,,,,,,
,,,,,4675,9.0,9,,,,,,,,
,,,,,4680,5.0,5,,,,,,,,
,,,,,4684,4.0,4,,,,,,,,
,,,,,4688,4.0,4,,,,,,,,
,,,,,4701,13.0,13,,,,,,,,
,,,,,4709,8.0,8,,,,,,,,
,,,,,4714,5.0,5,,,,,,,,
,,,,,4725,11.0,11,,,,,,,,
,,,,,4729,4.0,4,,,,,,,,
,,,,,4734,5.0,5,,,,,,,,
,,,,,4742,8.0,8,,,,,,,,
,,,,,4749,7.0,7,,,,,,,,
,,,,,4756,7.0,7,,,,,,,,
,,,,,4760,4.0,4,,,,,,,,
,,,,,4797,37.0,37,,,,,,,,
,,,,,4808,11.0,11,,,,,,,,
,,,,,4815,7.0,7,,,,,,,,
,,,,,4818,3.0,3,,,,,,,,
,,,,,4825,7.0,7,,,,,,,,
,,,,,4830,5.0,5,,,,,,,,
,,,,,4847,17.0,17,,,,,,,,
,,,,,4851,4.0,4,,,,,,,,
,,,,,4855,4.0,4,,,,,,,,
,,,,,4860,5.0,5,,,,,,,,
,,,,,4866,6.0,6,,,,,,,,
,,,,,4872,6.0,6,,,,,,,,
,,,,,4882,10.0,10,,,,,,,,
,,,,,4888,6.0,6,,,,,,,,
,,,,,4895,7.0,7,,,,,,,,
,,,,,4900,5.0,5,,,,,,,,
,,,,,4909,9.0,9,,,,,,,,
,,,,,4913,4.0,4,,,,,,,,
,,,,,4920,7.0,7,,,,,,,,
,,,,,4926,6.0,6,,,,,,,,
,,,,,4929,3.0,3,,,,,,,,
,,,,,4933,4.0,4,,,,,,,,
,,,,,4938,5.0,5,,,,,,,,
,,,,,4941,3.0,3,,,,,,,,
,,,,,4948,7.0,7,,,,,,,,
,,,,,4953,5.0,5,,,,,,,,
,,,,,4956,3.0,3,,,,,,,,
,,,,,4967,11.0,11,,,,,,,,
,,,,,4981,14.0,14,,,,,,,,
,,,,,4991,10.0,10,,,,,,,,
,,,,,4999,8.0,8,,,,,,,,
9.8,6.660331,26.0,3.0,9.8,5000,,,-0.0629466325044632,0.6294662952423096,1.0867946147918701,0.0589589923620224,1.1001486778259277,0.0003,0.0003,0.1
,,,,,5004,5.0,5,,,,,,,,
,,,,,5010,6.0,6,,,,,,,,
,,,,,5013,3.0,3,,,,,,,,
,,,,,5018,5.0,5,,,,,,,,
,,,,,5031,13.0,13,,,,,,,,
,,,,,5036,5.0,5,,,,,,,,
,,,,,5042,6.0,6,,,,,,,,
,,,,,5048,6.0,6,,,,,,,,
,,,,,5072,24.0,24,,,,,,,,
,,,,,5083,11.0,11,,,,,,,,
,,,,,5086,3.0,3,,,,,,,,
,,,,,5089,3.0,3,,,,,,,,
,,,,,5092,3.0,3,,,,,,,,
,,,,,5095,3.0,3,,,,,,,,
,,,,,5103,8.0,8,,,,,,,,
,,,,,5107,4.0,4,,,,,,,,
,,,,,5110,3.0,3,,,,,,,,
,,,,,5115,5.0,5,,,,,,,,
,,,,,5120,5.0,5,,,,,,,,
,,,,,5123,3.0,3,,,,,,,,
,,,,,5127,4.0,4,,,,,,,,
,,,,,5130,3.0,3,,,,,,,,
,,,,,5134,4.0,4,,,,,,,,
,,,,,5138,4.0,4,,,,,,,,
,,,,,5141,3.0,3,,,,,,,,
,,,,,5147,6.0,6,,,,,,,,
,,,,,5156,9.0,9,,,,,,,,
,,,,,5166,10.0,10,,,,,,,,
,,,,,5169,3.0,3,,,,,,,,
,,,,,5175,6.0,6,,,,,,,,
,,,,,5178,3.0,3,,,,,,,,
,,,,,5182,4.0,4,,,,,,,,
,,,,,5185,3.0,3,,,,,,,,
,,,,,5188,3.0,3,,,,,,,,
,,,,,5193,5.0,5,,,,,,,,
,,,,,5200,7.0,7,,,,,,,,
,,,,,5203,3.0,3,,,,,,,,
,,,,,5210,7.0,7,,,,,,,,
,,,,,5215,5.0,5,,,,,,,,
,,,,,5218,3.0,3,,,,,,,,
,,,,,5222,4.0,4,,,,,,,,
,,,,,5225,3.0,3,,,,,,,,
,,,,,5232,7.0,7,,,,,,,,
,,,,,5235,3.0,3,,,,,,,,
,,,,,5238,3.0,3,,,,,,,,
,,,,,5241,3.0,3,,,,,,,,
,,,,,5244,3.0,3,,,,,,,,
,,,,,5247,3.0,3,,,,,,,,
,,,,,5250,3.0,3,,,,,,,,
,,,,,5255,5.0,5,,,,,,,,
,,,,,5260,5.0,5,,,,,,,,
,,,,,5265,5.0,5,,,,,,,,
,,,,,5269,4.0,4,,,,,,,,
,,,,,5273,4.0,4,,,,,,,,
,,,,,5277,4.0,4,,,,,,,,
,,,,,5281,4.0,4,,,,,,,,
,,,,,5285,4.0,4,,,,,,,,
,,,,,5290,5.0,5,,,,,,,,
,,,,,5293,3.0,3,,,,,,,,
,,,,,5297,4.0,4,,,,,,,,
,,,,,5301,4.0,4,,,,,,,,
,,,,,5306,5.0,5,,,,,,,,
,,,,,5309,3.0,3,,,,,,,,
,,,,,5312,3.0,3,,,,,,,,
,,,,,5316,4.0,4,,,,,,,,
,,,,,5321,5.0,5,,,,,,,,
,,,,,5324,3.0,3,,,,,,,,
,,,,,5327,3.0,3,,,,,,,,
,,,,,5331,4.0,4,,,,,,,,
,,,,,5338,7.0,7,,,,,,,,
,,,,,5341,3.0,3,,,,,,,,
,,,,,5344,3.0,3,,,,,,,,
,,,,,5350,6.0,6,,,,,,,,
,,,,,5354,4.0,4,,,,,,,,
,,,,,5361,7.0,7,,,,,,,,
,,,,,5364,3.0,3,,,,,,,,
,,,,,5367,3.0,3,,,,,,,,
,,,,,5371,4.0,4,,,,,,,,
,,,,,5378,7.0,7,,,,,,,,
,,,,,5381,3.0,3,,,,,,,,
,,,,,5388,7.0,7,,,,,,,,
,,,,,5392,4.0,4,,,,,,,,
,,,,,5395,3.0,3,,,,,,,,
,,,,,5398,3.0,3,,,,,,,,
,,,,,5402,4.0,4,,,,,,,,
,,,,,5407,5.0,5,,,,,,,,
,,,,,5412,5.0,5,,,,,,,,
,,,,,5423,11.0,11,,,,,,,,
,,,,,5435,12.0,12,,,,,,,,
,,,,,5442,7.0,7,,,,,,,,
,,,,,5445,3.0,3,,,,,,,,
,,,,,5448,3.0,3,,,,,,,,
,,,,,5452,4.0,4,,,,,,,,
,,,,,5457,5.0,5,,,,,,,,
,,,,,5460,3.0,3,,,,,,,,
,,,,,5464,4.0,4,,,,,,,,
,,,,,5481,17.0,17,,,,,,,,
,,,,,5484,3.0,3,,,,,,,,
,,,,,5489,5.0,5,,,,,,,,
,,,,,5493,4.0,4,,,,,,,,
,,,,,5497,4.0,4,,,,,,,,
,,,,,5502,5.0,5,,,,,,,,
,,,,,5509,7.0,7,,,,,,,,
,,,,,5516,7.0,7,,,,,,,,
,,,,,5521,5.0,5,,,,,,,,
,,,,,5528,7.0,7,,,,,,,,
,,,,,5539,11.0,11,,,,,,,,
,,,,,5550,11.0,11,,,,,,,,
,,,,,5558,8.0,8,,,,,,,,
,,,,,5571,13.0,13,,,,,,,,
,,,,,5576,5.0,5,,,,,,,,
,,,,,5585,9.0,9,,,,,,,,
,,,,,5590,5.0,5,,,,,,,,
,,,,,5593,3.0,3,,,,,,,,
,,,,,5597,4.0,4,,,,,,,,
,,,,,5612,15.0,15,,,,,,,,
,,,,,5620,8.0,8,,,,,,,,
,,,,,5623,3.0,3,,,,,,,,
,,,,,5626,3.0,3,,,,,,,,
,,,,,5629,3.0,3,,,,,,,,
,,,,,5632,3.0,3,,,,,,,,
,,,,,5637,5.0,5,,,,,,,,
,,,,,5647,10.0,10,,,,,,,,
,,,,,5653,6.0,6,,,,,,,,
,,,,,5657,4.0,4,,,,,,,,
,,,,,5660,3.0,3,,,,,,,,
,,,,,5666,6.0,6,,,,,,,,
,,,,,5675,9.0,9,,,,,,,,
,,,,,5681,6.0,6,,,,,,,,
,,,,,5690,9.0,9,,,,,,,,
,,,,,5694,4.0,4,,,,,,,,
,,,,,5697,3.0,3,,,,,,,,
,,,,,5707,10.0,10,,,,,,,,
,,,,,5710,3.0,3,,,,,,,,
,,,,,5713,3.0,3,,,,,,,,
,,,,,5724,11.0,11,,,,,,,,
,,,,,5732,8.0,8,,,,,,,,
,,,,,5740,8.0,8,,,,,,,,
,,,,,5760,20.0,20,,,,,,,,
,,,,,5768,8.0,8,,,,,,,,
,,,,,5774,6.0,6,,,,,,,,
,,,,,5784,10.0,10,,,,,,,,
,,,,,5794,10.0,10,,,,,,,,
,,,,,5797,3.0,3,,,,,,,,
,,,,,5807,10.0,10,,,,,,,,
,,,,,5812,5.0,5,,,,,,,,
,,,,,5820,8.0,8,,,,,,,,
,,,,,5823,3.0,3,,,,,,,,
,,,,,5837,14.0,14,,,,,,,,
,,,,,5841,4.0,4,,,,,,,,
,,,,,5844,3.0,3,,,,,,,,
,,,,,5848,4.0,4,,,,,,,,
,,,,,5862,14.0,14,,,,,,,,
,,,,,5868,6.0,6,,,,,,,,
,,,,,5873,5.0,5,,,,,,,,
,,,,,5886,13.0,13,,,,,,,,
,,,,,5890,4.0,4,,,,,,,,
,,,,,5896,6.0,6,,,,,,,,
,,,,,5902,6.0,6,,,,,,,,
,,,,,5905,3.0,3,,,,,,,,
,,,,,5912,7.0,7,,,,,,,,
,,,,,5921,9.0,9,,,,,,,,
,,,,,5929,8.0,8,,,,,,,,
,,,,,5938,9.0,9,,,,,,,,
,,,,,5944,6.0,6,,,,,,,,
,,,,,5950,6.0,6,,,,,,,,
,,,,,5957,7.0,7,,,,,,,,
,,,,,5960,3.0,3,,,,,,,,
,,,,,5965,5.0,5,,,,,,,,
,,,,,5970,5.0,5,,,,,,,,
,,,,,5976,6.0,6,,,,,,,,
,,,,,5979,3.0,3,,,,,,,,
,,,,,5982,3.0,3,,,,,,,,
,,,,,5985,3.0,3,,,,,,,,
,,,,,5988,3.0,3,,,,,,,,
,,,,,5992,4.0,4,,,,,,,,
,,,,,5998,6.0,6,,,,,,,,
,,,,,6000,,,-0.03571968525648117,0.3571968376636505,0.6323504447937012,3.6834635734558105,3.691725730895996,0.0003,0.0003,0.1
,,,,,6003,5.0,5,,,,,,,,
,,,,,6006,3.0,3,,,,,,,,
,,,,,6014,8.0,8,,,,,,,,
,,,,,6020,6.0,6,,,,,,,,
,,,,,6027,7.0,7,,,,,,,,
,,,,,6031,4.0,4,,,,,,,,
,,,,,6035,4.0,4,,,,,,,,
,,,,,6048,13.0,13,,,,,,,,
,,,,,6053,5.0,5,,,,,,,,
,,,,,6058,5.0,5,,,,,,,,
,,,,,6061,3.0,3,,,,,,,,
,,,,,6064,3.0,3,,,,,,,,
,,,,,6075,11.0,11,,,,,,,,
,,,,,6082,7.0,7,,,,,,,,
,,,,,6086,4.0,4,,,,,,,,
,,,,,6093,7.0,7,,,,,,,,
,,,,,6100,7.0,7,,,,,,,,
,,,,,6105,5.0,5,,,,,,,,
,,,,,6112,7.0,7,,,,,,,,
,,,,,6116,4.0,4,,,,,,,,
,,,,,6119,3.0,3,,,,,,,,
,,,,,6125,6.0,6,,,,,,,,
,,,,,6132,7.0,7,,,,,,,,
,,,,,6135,3.0,3,,,,,,,,
,,,,,6139,4.0,4,,,,,,,,
,,,,,6144,5.0,5,,,,,,,,
,,,,,6149,5.0,5,,,,,,,,
,,,,,6162,13.0,13,,,,,,,,
,,,,,6165,3.0,3,,,,,,,,
,,,,,6174,9.0,9,,,,,,,,
,,,,,6179,5.0,5,,,,,,,,
,,,,,6183,4.0,4,,,,,,,,
,,,,,6192,9.0,9,,,,,,,,
,,,,,6206,14.0,14,,,,,,,,
,,,,,6210,4.0,4,,,,,,,,
,,,,,6213,3.0,3,,,,,,,,
,,,,,6216,3.0,3,,,,,,,,
,,,,,6223,7.0,7,,,,,,,,
,,,,,6228,5.0,5,,,,,,,,
,,,,,6232,4.0,4,,,,,,,,
,,,,,6237,5.0,5,,,,,,,,
,,,,,6244,7.0,7,,,,,,,,
,,,,,6249,5.0,5,,,,,,,,
,,,,,6256,7.0,7,,,,,,,,
,,,,,6259,3.0,3,,,,,,,,
,,,,,6265,6.0,6,,,,,,,,
,,,,,6268,3.0,3,,,,,,,,
,,,,,6272,4.0,4,,,,,,,,
,,,,,6277,5.0,5,,,,,,,,
,,,,,6291,14.0,14,,,,,,,,
,,,,,6295,4.0,4,,,,,,,,
,,,,,6301,6.0,6,,,,,,,,
,,,,,6305,4.0,4,,,,,,,,
,,,,,6311,6.0,6,,,,,,,,
,,,,,6329,18.0,18,,,,,,,,
,,,,,6335,6.0,6,,,,,,,,
,,,,,6352,17.0,17,,,,,,,,
,,,,,6355,3.0,3,,,,,,,,
,,,,,6360,5.0,5,,,,,,,,
,,,,,6367,7.0,7,,,,,,,,
,,,,,6391,24.0,24,,,,,,,,
,,,,,6395,4.0,4,,,,,,,,
,,,,,6403,8.0,8,,,,,,,,
,,,,,6425,22.0,22,,,,,,,,
,,,,,6433,8.0,8,,,,,,,,
,,,,,6437,4.0,4,,,,,,,,
,,,,,6455,18.0,18,,,,,,,,
,,,,,6472,17.0,17,,,,,,,,
,,,,,6475,3.0,3,,,,,,,,
,,,,,6483,8.0,8,,,,,,,,
,,,,,6509,26.0,26,,,,,,,,
,,,,,6519,10.0,10,,,,,,,,
,,,,,6524,5.0,5,,,,,,,,
,,,,,6532,8.0,8,,,,,,,,
,,,,,6542,10.0,10,,,,,,,,
,,,,,6547,5.0,5,,,,,,,,
,,,,,6553,6.0,6,,,,,,,,
,,,,,6556,3.0,3,,,,,,,,
,,,,,6560,4.0,4,,,,,,,,
,,,,,6564,4.0,4,,,,,,,,
,,,,,6573,9.0,9,,,,,,,,
,,,,,6583,10.0,10,,,,,,,,
,,,,,6596,13.0,13,,,,,,,,
,,,,,6599,3.0,3,,,,,,,,
,,,,,6605,6.0,6,,,,,,,,
,,,,,6612,7.0,7,,,,,,,,
,,,,,6616,4.0,4,,,,,,,,
,,,,,6619,3.0,3,,,,,,,,
,,,,,6627,8.0,8,,,,,,,,
,,,,,6631,4.0,4,,,,,,,,
,,,,,6635,4.0,4,,,,,,,,
,,,,,6644,9.0,9,,,,,,,,
,,,,,6647,3.0,3,,,,,,,,
,,,,,6655,8.0,8,,,,,,,,
,,,,,6682,27.0,27,,,,,,,,
,,,,,6685,3.0,3,,,,,,,,
,,,,,6691,6.0,6,,,,,,,,
,,,,,6708,17.0,17,,,,,,,,
,,,,,6713,5.0,5,,,,,,,,
,,,,,6717,4.0,4,,,,,,,,
,,,,,6725,8.0,8,,,,,,,,
,,,,,6736,11.0,11,,,,,,,,
,,,,,6743,7.0,7,,,,,,,,
,,,,,6755,12.0,12,,,,,,,,
,,,,,6761,6.0,6,,,,,,,,
,,,,,6765,4.0,4,,,,,,,,
,,,,,6771,6.0,6,,,,,,,,
,,,,,6774,3.0,3,,,,,,,,
,,,,,6782,8.0,8,,,,,,,,
,,,,,6794,12.0,12,,,,,,,,
,,,,,6799,5.0,5,,,,,,,,
,,,,,6809,10.0,10,,,,,,,,
,,,,,6816,7.0,7,,,,,,,,
,,,,,6825,9.0,9,,,,,,,,
,,,,,6830,5.0,5,,,,,,,,
,,,,,6834,4.0,4,,,,,,,,
,,,,,6840,6.0,6,,,,,,,,
,,,,,6843,3.0,3,,,,,,,,
,,,,,6846,3.0,3,,,,,,,,
,,,,,6855,9.0,9,,,,,,,,
,,,,,6859,4.0,4,,,,,,,,
,,,,,6887,28.0,28,,,,,,,,
,,,,,6902,15.0,15,,,,,,,,
,,,,,6909,7.0,7,,,,,,,,
,,,,,6912,3.0,3,,,,,,,,
,,,,,6940,28.0,28,,,,,,,,
,,,,,6945,5.0,5,,,,,,,,
,,,,,6952,7.0,7,,,,,,,,
,,,,,6969,17.0,17,,,,,,,,
,,,,,6975,6.0,6,,,,,,,,
,,,,,6978,3.0,3,,,,,,,,
,,,,,6982,4.0,4,,,,,,,,
,,,,,6986,4.0,4,,,,,,,,
,,,,,6990,4.0,4,,,,,,,,
,,,,,7000,,,-0.061594631522893906,0.6159462928771973,1.6544559001922607,4.739725112915039,4.775032043457031,0.0003,0.0003,0.1
,,,,,7004,14.0,14,,,,,,,,
,,,,,7014,10.0,10,,,,,,,,
,,,,,7020,6.0,6,,,,,,,,
,,,,,7031,11.0,11,,,,,,,,
,,,,,7039,8.0,8,,,,,,,,
,,,,,7065,26.0,26,,,,,,,,
,,,,,7073,8.0,8,,,,,,,,
,,,,,7077,4.0,4,,,,,,,,
,,,,,7086,9.0,9,,,,,,,,
,,,,,7091,5.0,5,,,,,,,,
,,,,,7097,6.0,6,,,,,,,,
,,,,,7103,6.0,6,,,,,,,,
,,,,,7106,3.0,3,,,,,,,,
,,,,,7115,9.0,9,,,,,,,,
,,,,,7124,9.0,9,,,,,,,,
,,,,,7129,5.0,5,,,,,,,,
,,,,,7137,8.0,8,,,,,,,,
,,,,,7140,3.0,3,,,,,,,,
,,,,,7144,4.0,4,,,,,,,,
,,,,,7148,4.0,4,,,,,,,,
,,,,,7154,6.0,6,,,,,,,,
,,,,,7157,3.0,3,,,,,,,,
,,,,,7161,4.0,4,,,,,,,,
,,,,,7166,5.0,5,,,,,,,,
,,,,,7169,3.0,3,,,,,,,,
,,,,,7177,8.0,8,,,,,,,,
,,,,,7193,16.0,16,,,,,,,,
,,,,,7196,3.0,3,,,,,,,,
,,,,,7199,3.0,3,,,,,,,,
,,,,,7202,3.0,3,,,,,,,,
,,,,,7213,11.0,11,,,,,,,,
,,,,,7219,6.0,6,,,,,,,,
,,,,,7222,3.0,3,,,,,,,,
,,,,,7226,4.0,4,,,,,,,,
,,,,,7229,3.0,3,,,,,,,,
,,,,,7240,11.0,11,,,,,,,,
,,,,,7243,3.0,3,,,,,,,,
,,,,,7247,4.0,4,,,,,,,,
,,,,,7256,9.0,9,,,,,,,,
,,,,,7261,5.0,5,,,,,,,,
,,,,,7264,3.0,3,,,,,,,,
,,,,,7268,4.0,4,,,,,,,,
,,,,,7271,3.0,3,,,,,,,,
,,,,,7274,3.0,3,,,,,,,,
,,,,,7278,4.0,4,,,,,,,,
,,,,,7289,11.0,11,,,,,,,,
,,,,,7292,3.0,3,,,,,,,,
,,,,,7303,11.0,11,,,,,,,,
,,,,,7307,4.0,4,,,,,,,,
,,,,,7315,8.0,8,,,,,,,,
,,,,,7319,4.0,4,,,,,,,,
,,,,,7329,10.0,10,,,,,,,,
,,,,,7335,6.0,6,,,,,,,,
,,,,,7338,3.0,3,,,,,,,,
,,,,,7341,3.0,3,,,,,,,,
,,,,,7346,5.0,5,,,,,,,,
,,,,,7351,5.0,5,,,,,,,,
,,,,,7356,5.0,5,,,,,,,,
,,,,,7359,3.0,3,,,,,,,,
,,,,,7363,4.0,4,,,,,,,,
,,,,,7371,8.0,8,,,,,,,,
,,,,,7376,5.0,5,,,,,,,,
,,,,,7380,4.0,4,,,,,,,,
,,,,,7384,4.0,4,,,,,,,,
,,,,,7388,4.0,4,,,,,,,,
,,,,,7393,5.0,5,,,,,,,,
,,,,,7401,8.0,8,,,,,,,,
,,,,,7404,3.0,3,,,,,,,,
,,,,,7413,9.0,9,,,,,,,,
,,,,,7417,4.0,4,,,,,,,,
,,,,,7422,5.0,5,,,,,,,,
,,,,,7436,14.0,14,,,,,,,,
,,,,,7439,3.0,3,,,,,,,,
,,,,,7445,6.0,6,,,,,,,,
,,,,,7448,3.0,3,,,,,,,,
,,,,,7451,3.0,3,,,,,,,,
,,,,,7454,3.0,3,,,,,,,,
,,,,,7458,4.0,4,,,,,,,,
,,,,,7463,5.0,5,,,,,,,,
,,,,,7470,7.0,7,,,,,,,,
,,,,,7479,9.0,9,,,,,,,,
,,,,,7482,3.0,3,,,,,,,,
,,,,,7487,5.0,5,,,,,,,,
,,,,,7497,10.0,10,,,,,,,,
,,,,,7501,4.0,4,,,,,,,,
,,,,,7506,5.0,5,,,,,,,,
,,,,,7513,7.0,7,,,,,,,,
,,,,,7516,3.0,3,,,,,,,,
,,,,,7525,9.0,9,,,,,,,,
,,,,,7528,3.0,3,,,,,,,,
,,,,,7536,8.0,8,,,,,,,,
,,,,,7543,7.0,7,,,,,,,,
,,,,,7548,5.0,5,,,,,,,,
,,,,,7551,3.0,3,,,,,,,,
,,,,,7557,6.0,6,,,,,,,,
,,,,,7561,4.0,4,,,,,,,,
,,,,,7568,7.0,7,,,,,,,,
,,,,,7574,6.0,6,,,,,,,,
,,,,,7577,3.0,3,,,,,,,,
,,,,,7586,9.0,9,,,,,,,,
,,,,,7593,7.0,7,,,,,,,,
,,,,,7598,5.0,5,,,,,,,,
,,,,,7601,3.0,3,,,,,,,,
,,,,,7607,6.0,6,,,,,,,,
,,,,,7611,4.0,4,,,,,,,,
,,,,,7620,9.0,9,,,,,,,,
,,,,,7623,3.0,3,,,,,,,,
,,,,,7637,14.0,14,,,,,,,,
,,,,,7640,3.0,3,,,,,,,,
,,,,,7648,8.0,8,,,,,,,,
,,,,,7652,4.0,4,,,,,,,,
,,,,,7655,3.0,3,,,,,,,,
,,,,,7658,3.0,3,,,,,,,,
,,,,,7661,3.0,3,,,,,,,,
,,,,,7675,14.0,14,,,,,,,,
,,,,,7686,11.0,11,,,,,,,,
,,,,,7690,4.0,4,,,,,,,,
,,,,,7693,3.0,3,,,,,,,,
,,,,,7697,4.0,4,,,,,,,,
,,,,,7701,4.0,4,,,,,,,,
,,,,,7711,10.0,10,,,,,,,,
,,,,,7717,6.0,6,,,,,,,,
,,,,,7720,3.0,3,,,,,,,,
,,,,,7730,10.0,10,,,,,,,,
,,,,,7737,7.0,7,,,,,,,,
,,,,,7755,18.0,18,,,,,,,,
,,,,,7758,3.0,3,,,,,,,,
,,,,,7761,3.0,3,,,,,,,,
,,,,,7765,4.0,4,,,,,,,,
,,,,,7770,5.0,5,,,,,,,,
,,,,,7774,4.0,4,,,,,,,,
,,,,,7781,7.0,7,,,,,,,,
,,,,,7784,3.0,3,,,,,,,,
,,,,,7794,10.0,10,,,,,,,,
,,,,,7804,10.0,10,,,,,,,,
,,,,,7813,9.0,9,,,,,,,,
,,,,,7816,3.0,3,,,,,,,,
,,,,,7819,3.0,3,,,,,,,,
,,,,,7823,4.0,4,,,,,,,,
,,,,,7836,13.0,13,,,,,,,,
,,,,,7840,4.0,4,,,,,,,,
,,,,,7843,3.0,3,,,,,,,,
,,,,,7854,11.0,11,,,,,,,,
,,,,,7857,3.0,3,,,,,,,,
,,,,,7861,4.0,4,,,,,,,,
,,,,,7864,3.0,3,,,,,,,,
,,,,,7876,12.0,12,,,,,,,,
,,,,,7881,5.0,5,,,,,,,,
,,,,,7886,5.0,5,,,,,,,,
,,,,,7890,4.0,4,,,,,,,,
,,,,,7893,3.0,3,,,,,,,,
,,,,,7901,8.0,8,,,,,,,,
,,,,,7912,11.0,11,,,,,,,,
,,,,,7918,6.0,6,,,,,,,,
,,,,,7923,5.0,5,,,,,,,,
,,,,,7941,18.0,18,,,,,,,,
,,,,,7948,7.0,7,,,,,,,,
,,,,,7951,3.0,3,,,,,,,,
,,,,,7954,3.0,3,,,,,,,,
,,,,,7957,3.0,3,,,,,,,,
,,,,,7967,10.0,10,,,,,,,,
,,,,,7971,4.0,4,,,,,,,,
,,,,,7974,3.0,3,,,,,,,,
,,,,,7981,7.0,7,,,,,,,,
,,,,,7984,3.0,3,,,,,,,,
,,,,,7988,4.0,4,,,,,,,,
,,,,,7993,5.0,5,,,,,,,,
,,,,,7998,5.0,5,,,,,,,,
,,,,,8000,,,0.029124313965439796,-0.29124313592910767,1.9853389263153076,4.3630218505859375,4.175136089324951,0.0003,0.0003,0.1
,,,,,8001,3.0,3,,,,,,,,
,,,,,8006,5.0,5,,,,,,,,
,,,,,8012,6.0,6,,,,,,,,
,,,,,8023,11.0,11,,,,,,,,
,,,,,8026,3.0,3,,,,,,,,
,,,,,8031,5.0,5,,,,,,,,
,,,,,8041,10.0,10,,,,,,,,
,,,,,8044,3.0,3,,,,,,,,
,,,,,8050,6.0,6,,,,,,,,
,,,,,8053,3.0,3,,,,,,,,
,,,,,8056,3.0,3,,,,,,,,
,,,,,8060,4.0,4,,,,,,,,
,,,,,8064,4.0,4,,,,,,,,
,,,,,8069,5.0,5,,,,,,,,
,,,,,8080,11.0,11,,,,,,,,
,,,,,8085,5.0,5,,,,,,,,
,,,,,8088,3.0,3,,,,,,,,
,,,,,8092,4.0,4,,,,,,,,
,,,,,8097,5.0,5,,,,,,,,
,,,,,8100,3.0,3,,,,,,,,
,,,,,8103,3.0,3,,,,,,,,
,,,,,8110,7.0,7,,,,,,,,
,,,,,8113,3.0,3,,,,,,,,
,,,,,8119,6.0,6,,,,,,,,
,,,,,8122,3.0,3,,,,,,,,
,,,,,8127,5.0,5,,,,,,,,
,,,,,8130,3.0,3,,,,,,,,
,,,,,8133,3.0,3,,,,,,,,
,,,,,8137,4.0,4,,,,,,,,
,,,,,8141,4.0,4,,,,,,,,
,,,,,8146,5.0,5,,,,,,,,
,,,,,8156,10.0,10,,,,,,,,
,,,,,8165,9.0,9,,,,,,,,
,,,,,8174,9.0,9,,,,,,,,
,,,,,8179,5.0,5,,,,,,,,
,,,,,8184,5.0,5,,,,,,,,
,,,,,8189,5.0,5,,,,,,,,
,,,,,8193,4.0,4,,,,,,,,
,,,,,8197,4.0,4,,,,,,,,
,,,,,8203,6.0,6,,,,,,,,
,,,,,8208,5.0,5,,,,,,,,
,,,,,8211,3.0,3,,,,,,,,
,,,,,8216,5.0,5,,,,,,,,
,,,,,8227,11.0,11,,,,,,,,
,,,,,8230,3.0,3,,,,,,,,
,,,,,8236,6.0,6,,,,,,,,
,,,,,8241,5.0,5,,,,,,,,
,,,,,8248,7.0,7,,,,,,,,
,,,,,8251,3.0,3,,,,,,,,
,,,,,8254,3.0,3,,,,,,,,
,,,,,8264,10.0,10,,,,,,,,
,,,,,8267,3.0,3,,,,,,,,
,,,,,8271,4.0,4,,,,,,,,
,,,,,8274,3.0,3,,,,,,,,
,,,,,8277,3.0,3,,,,,,,,
,,,,,8281,4.0,4,,,,,,,,
,,,,,8284,3.0,3,,,,,,,,
,,,,,8287,3.0,3,,,,,,,,
,,,,,8292,5.0,5,,,,,,,,
,,,,,8300,8.0,8,,,,,,,,
,,,,,8306,6.0,6,,,,,,,,
,,,,,8309,3.0,3,,,,,,,,
,,,,,8321,12.0,12,,,,,,,,
,,,,,8332,11.0,11,,,,,,,,
,,,,,8335,3.0,3,,,,,,,,
,,,,,8338,3.0,3,,,,,,,,
,,,,,8341,3.0,3,,,,,,,,
,,,,,8344,3.0,3,,,,,,,,
,,,,,8350,6.0,6,,,,,,,,
,,,,,8353,3.0,3,,,,,,,,
,,,,,8377,24.0,24,,,,,,,,
,,,,,8385,8.0,8,,,,,,,,
,,,,,8392,7.0,7,,,,,,,,
,,,,,8395,3.0,3,,,,,,,,
,,,,,8400,5.0,5,,,,,,,,
,,,,,8408,8.0,8,,,,,,,,
,,,,,8415,7.0,7,,,,,,,,
,,,,,8418,3.0,3,,,,,,,,
,,,,,8424,6.0,6,,,,,,,,
,,,,,8428,4.0,4,,,,,,,,
,,,,,8431,3.0,3,,,,,,,,
,,,,,8435,4.0,4,,,,,,,,
,,,,,8444,9.0,9,,,,,,,,
,,,,,8448,4.0,4,,,,,,,,
,,,,,8458,10.0,10,,,,,,,,
,,,,,8466,8.0,8,,,,,,,,
,,,,,8474,8.0,8,,,,,,,,
,,,,,8485,11.0,11,,,,,,,,
,,,,,8491,6.0,6,,,,,,,,
,,,,,8495,4.0,4,,,,,,,,
,,,,,8499,4.0,4,,,,,,,,
,,,,,8508,9.0,9,,,,,,,,
,,,,,8511,3.0,3,,,,,,,,
,,,,,8515,4.0,4,,,,,,,,
,,,,,8524,9.0,9,,,,,,,,
,,,,,8529,5.0,5,,,,,,,,
,,,,,8536,7.0,7,,,,,,,,
,,,,,8544,8.0,8,,,,,,,,
,,,,,8549,5.0,5,,,,,,,,
,,,,,8555,6.0,6,,,,,,,,
,,,,,8559,4.0,4,,,,,,,,
,,,,,8562,3.0,3,,,,,,,,
,,,,,8573,11.0,11,,,,,,,,
,,,,,8582,9.0,9,,,,,,,,
,,,,,8585,3.0,3,,,,,,,,
,,,,,8590,5.0,5,,,,,,,,
,,,,,8600,10.0,10,,,,,,,,
,,,,,8603,3.0,3,,,,,,,,
,,,,,8608,5.0,5,,,,,,,,
,,,,,8612,4.0,4,,,,,,,,
,,,,,8617,5.0,5,,,,,,,,
,,,,,8622,5.0,5,,,,,,,,
,,,,,8625,3.0,3,,,,,,,,
,,,,,8637,12.0,12,,,,,,,,
,,,,,8644,7.0,7,,,,,,,,
,,,,,8648,4.0,4,,,,,,,,
,,,,,8664,16.0,16,,,,,,,,
,,,,,8667,3.0,3,,,,,,,,
,,,,,8676,9.0,9,,,,,,,,
,,,,,8703,27.0,27,,,,,,,,
,,,,,8708,5.0,5,,,,,,,,
,,,,,8713,5.0,5,,,,,,,,
,,,,,8718,5.0,5,,,,,,,,
,,,,,8743,25.0,25,,,,,,,,
,,,,,8751,8.0,8,,,,,,,,
,,,,,8756,5.0,5,,,,,,,,
,,,,,8770,14.0,14,,,,,,,,
,,,,,8773,3.0,3,,,,,,,,
,,,,,8784,11.0,11,,,,,,,,
,,,,,8788,4.0,4,,,,,,,,
,,,,,8802,14.0,14,,,,,,,,
,,,,,8811,9.0,9,,,,,,,,
,,,,,8831,20.0,20,,,,,,,,
,,,,,8837,6.0,6,,,,,,,,
,,,,,8842,5.0,5,,,,,,,,
,,,,,8849,7.0,7,,,,,,,,
,,,,,8854,5.0,5,,,,,,,,
,,,,,8863,9.0,9,,,,,,,,
,,,,,8871,8.0,8,,,,,,,,
,,,,,8887,16.0,16,,,,,,,,
,,,,,8894,7.0,7,,,,,,,,
,,,,,8908,14.0,14,,,,,,,,
,,,,,8925,17.0,17,,,,,,,,
,,,,,8937,12.0,12,,,,,,,,
,,,,,8942,5.0,5,,,,,,,,
,,,,,8956,14.0,14,,,,,,,,
,,,,,8959,3.0,3,,,,,,,,
,,,,,8963,4.0,4,,,,,,,,
,,,,,8972,9.0,9,,,,,,,,
,,,,,8978,6.0,6,,,,,,,,
,,,,,8986,8.0,8,,,,,,,,
,,,,,8989,3.0,3,,,,,,,,
,,,,,8992,3.0,3,,,,,,,,
,,,,,8995,3.0,3,,,,,,,,
,,,,,8998,3.0,3,,,,,,,,
,,,,,9000,,,0.08176105469465256,-0.817610502243042,1.919351577758789,4.572749137878418,4.510462284088135,0.0003,0.0003,0.1
,,,,,9001,3.0,3,,,,,,,,
,,,,,9009,8.0,8,,,,,,,,
,,,,,9017,8.0,8,,,,,,,,
,,,,,9024,7.0,7,,,,,,,,
,,,,,9035,11.0,11,,,,,,,,
,,,,,9038,3.0,3,,,,,,,,
,,,,,9044,6.0,6,,,,,,,,
,,,,,9053,9.0,9,,,,,,,,
,,,,,9056,3.0,3,,,,,,,,
,,,,,9066,10.0,10,,,,,,,,
,,,,,9082,16.0,16,,,,,,,,
,,,,,9085,3.0,3,,,,,,,,
,,,,,9094,9.0,9,,,,,,,,
,,,,,9099,5.0,5,,,,,,,,
,,,,,9107,8.0,8,,,,,,,,
,,,,,9111,4.0,4,,,,,,,,
,,,,,9116,5.0,5,,,,,,,,
,,,,,9121,5.0,5,,,,,,,,
,,,,,9145,24.0,24,,,,,,,,
,,,,,9149,4.0,4,,,,,,,,
,,,,,9157,8.0,8,,,,,,,,
,,,,,9164,7.0,7,,,,,,,,
,,,,,9179,15.0,15,,,,,,,,
,,,,,9186,7.0,7,,,,,,,,
,,,,,9189,3.0,3,,,,,,,,
,,,,,9199,10.0,10,,,,,,,,
,,,,,9203,4.0,4,,,,,,,,
,,,,,9224,21.0,21,,,,,,,,
,,,,,9228,4.0,4,,,,,,,,
,,,,,9232,4.0,4,,,,,,,,
,,,,,9241,9.0,9,,,,,,,,
,,,,,9269,28.0,28,,,,,,,,
,,,,,9288,19.0,19,,,,,,,,
,,,,,9296,8.0,8,,,,,,,,
,,,,,9302,6.0,6,,,,,,,,
,,,,,9308,6.0,6,,,,,,,,
,,,,,9345,37.0,37,,,,,,,,
,,,,,9355,10.0,10,,,,,,,,
,,,,,9365,10.0,10,,,,,,,,
,,,,,9378,13.0,13,,,,,,,,
,,,,,9383,5.0,5,,,,,,,,
,,,,,9401,18.0,18,,,,,,,,
,,,,,9407,6.0,6,,,,,,,,
,,,,,9422,15.0,15,,,,,,,,
,,,,,9442,20.0,20,,,,,,,,
,,,,,9466,24.0,24,,,,,,,,
,,,,,9471,5.0,5,,,,,,,,
,,,,,9474,3.0,3,,,,,,,,
,,,,,9499,25.0,25,,,,,,,,
,,,,,9517,18.0,18,,,,,,,,
,,,,,9524,7.0,7,,,,,,,,
,,,,,9548,24.0,24,,,,,,,,
,,,,,9556,8.0,8,,,,,,,,
,,,,,9561,5.0,5,,,,,,,,
,,,,,9568,7.0,7,,,,,,,,
,,,,,9589,21.0,21,,,,,,,,
,,,,,9606,17.0,17,,,,,,,,
,,,,,9614,8.0,8,,,,,,,,
,,,,,9656,42.0,42,,,,,,,,
,,,,,9667,11.0,11,,,,,,,,
,,,,,9673,6.0,6,,,,,,,,
,,,,,9716,43.0,43,,,,,,,,
,,,,,9720,4.0,4,,,,,,,,
,,,,,9730,10.0,10,,,,,,,,
,,,,,9742,12.0,12,,,,,,,,
,,,,,9779,37.0,37,,,,,,,,
,,,,,9784,5.0,5,,,,,,,,
,,,,,9798,14.0,14,,,,,,,,
,,,,,9816,18.0,18,,,,,,,,
,,,,,9823,7.0,7,,,,,,,,
,,,,,9838,15.0,15,,,,,,,,
,,,,,9843,5.0,5,,,,,,,,
,,,,,9848,5.0,5,,,,,,,,
,,,,,9879,31.0,31,,,,,,,,
,,,,,9911,32.0,32,,,,,,,,
,,,,,9919,8.0,8,,,,,,,,
,,,,,9957,38.0,38,,,,,,,,
,,,,,9962,5.0,5,,,,,,,,
,,,,,9965,3.0,3,,,,,,,,
,,,,,9970,5.0,5,,,,,,,,
,,,,,9977,7.0,7,,,,,,,,
20.0,12.727922,43.0,3.0,20.0,10000,,,0.09238053113222122,-0.923805296421051,1.1520441770553589,6.115652084350586,6.189467430114746,0.0003,0.0003,0.1
,,,,,10013,36.0,36,,,,,,,,
,,,,,10016,3.0,3,,,,,,,,
,,,,,10026,10.0,10,,,,,,,,
,,,,,10037,11.0,11,,,,,,,,
,,,,,10043,6.0,6,,,,,,,,
,,,,,10057,14.0,14,,,,,,,,
,,,,,10068,11.0,11,,,,,,,,
,,,,,10072,4.0,4,,,,,,,,
,,,,,10099,27.0,27,,,,,,,,
,,,,,10123,24.0,24,,,,,,,,
,,,,,10140,17.0,17,,,,,,,,
,,,,,10160,20.0,20,,,,,,,,
,,,,,10171,11.0,11,,,,,,,,
,,,,,10227,56.0,56,,,,,,,,
,,,,,10256,29.0,29,,,,,,,,
,,,,,10297,41.0,41,,,,,,,,
,,,,,10316,19.0,19,,,,,,,,
,,,,,10342,26.0,26,,,,,,,,
,,,,,10351,9.0,9,,,,,,,,
,,,,,10362,11.0,11,,,,,,,,
,,,,,10380,18.0,18,,,,,,,,
,,,,,10389,9.0,9,,,,,,,,
,,,,,10399,10.0,10,,,,,,,,
,,,,,10416,17.0,17,,,,,,,,
,,,,,10431,15.0,15,,,,,,,,
,,,,,10439,8.0,8,,,,,,,,
,,,,,10448,9.0,9,,,,,,,,
,,,,,10454,6.0,6,,,,,,,,
,,,,,10468,14.0,14,,,,,,,,
,,,,,10480,12.0,12,,,,,,,,
,,,,,10494,14.0,14,,,,,,,,
,,,,,10501,7.0,7,,,,,,,,
,,,,,10530,29.0,29,,,,,,,,
,,,,,10541,11.0,11,,,,,,,,
,,,,,10546,5.0,5,,,,,,,,
,,,,,10560,14.0,14,,,,,,,,
,,,,,10584,24.0,24,,,,,,,,
,,,,,10617,33.0,33,,,,,,,,
,,,,,10655,38.0,38,,,,,,,,
,,,,,10665,10.0,10,,,,,,,,
,,,,,10676,11.0,11,,,,,,,,
,,,,,10682,6.0,6,,,,,,,,
,,,,,10696,14.0,14,,,,,,,,
,,,,,10711,15.0,15,,,,,,,,
,,,,,10723,12.0,12,,,,,,,,
,,,,,10732,9.0,9,,,,,,,,
,,,,,10737,5.0,5,,,,,,,,
,,,,,10742,5.0,5,,,,,,,,
,,,,,10750,8.0,8,,,,,,,,
,,,,,10764,14.0,14,,,,,,,,
,,,,,10774,10.0,10,,,,,,,,
,,,,,10778,4.0,4,,,,,,,,
,,,,,10784,6.0,6,,,,,,,,
,,,,,10793,9.0,9,,,,,,,,
,,,,,10814,21.0,21,,,,,,,,
,,,,,10818,4.0,4,,,,,,,,
,,,,,10852,34.0,34,,,,,,,,
,,,,,10860,8.0,8,,,,,,,,
,,,,,10873,13.0,13,,,,,,,,
,,,,,10881,8.0,8,,,,,,,,
,,,,,10891,10.0,10,,,,,,,,
,,,,,10897,6.0,6,,,,,,,,
,,,,,10915,18.0,18,,,,,,,,
,,,,,10941,26.0,26,,,,,,,,
,,,,,10954,13.0,13,,,,,,,,
,,,,,10964,10.0,10,,,,,,,,
,,,,,10974,10.0,10,,,,,,,,
,,,,,10994,20.0,20,,,,,,,,
,,,,,11000,,,0.02260037697851658,-0.2260037660598755,5.562475681304932,7.50026798248291,7.275081157684326,0.0003,0.0003,0.1
,,,,,11007,13.0,13,,,,,,,,
,,,,,11011,4.0,4,,,,,,,,
,,,,,11016,5.0,5,,,,,,,,
,,,,,11022,6.0,6,,,,,,,,
,,,,,11033,11.0,11,,,,,,,,
,,,,,11037,4.0,4,,,,,,,,
,,,,,11051,14.0,14,,,,,,,,
,,,,,11061,10.0,10,,,,,,,,
,,,,,11066,5.0,5,,,,,,,,
,,,,,11081,15.0,15,,,,,,,,
,,,,,11084,3.0,3,,,,,,,,
,,,,,11088,4.0,4,,,,,,,,
,,,,,11094,6.0,6,,,,,,,,
,,,,,11097,3.0,3,,,,,,,,
,,,,,11102,5.0,5,,,,,,,,
,,,,,11105,3.0,3,,,,,,,,
,,,,,11114,9.0,9,,,,,,,,
,,,,,11118,4.0,4,,,,,,,,
,,,,,11122,4.0,4,,,,,,,,
,,,,,11129,7.0,7,,,,,,,,
,,,,,11132,3.0,3,,,,,,,,
,,,,,11135,3.0,3,,,,,,,,
,,,,,11139,4.0,4,,,,,,,,
,,,,,11142,3.0,3,,,,,,,,
,,,,,11149,7.0,7,,,,,,,,
,,,,,11152,3.0,3,,,,,,,,
,,,,,11159,7.0,7,,,,,,,,
,,,,,11171,12.0,12,,,,,,,,
,,,,,11198,27.0,27,,,,,,,,
,,,,,11204,6.0,6,,,,,,,,
,,,,,11209,5.0,5,,,,,,,,
,,,,,11223,14.0,14,,,,,,,,
,,,,,11232,9.0,9,,,,,,,,
,,,,,11238,6.0,6,,,,,,,,
,,,,,11243,5.0,5,,,,,,,,
,,,,,11251,8.0,8,,,,,,,,
,,,,,11256,5.0,5,,,,,,,,
,,,,,11259,3.0,3,,,,,,,,
,,,,,11267,8.0,8,,,,,,,,
,,,,,11279,12.0,12,,,,,,,,
,,,,,11284,5.0,5,,,,,,,,
,,,,,11288,4.0,4,,,,,,,,
,,,,,11303,15.0,15,,,,,,,,
,,,,,11310,7.0,7,,,,,,,,
,,,,,11315,5.0,5,,,,,,,,
,,,,,11326,11.0,11,,,,,,,,
,,,,,11332,6.0,6,,,,,,,,
,,,,,11343,11.0,11,,,,,,,,
,,,,,11349,6.0,6,,,,,,,,
,,,,,11357,8.0,8,,,,,,,,
,,,,,11361,4.0,4,,,,,,,,
,,,,,11364,3.0,3,,,,,,,,
,,,,,11375,11.0,11,,,,,,,,
,,,,,11385,10.0,10,,,,,,,,
,,,,,11390,5.0,5,,,,,,,,
,,,,,11397,7.0,7,,,,,,,,
,,,,,11401,4.0,4,,,,,,,,
,,,,,11404,3.0,3,,,,,,,,
,,,,,11408,4.0,4,,,,,,,,
,,,,,11411,3.0,3,,,,,,,,
,,,,,11414,3.0,3,,,,,,,,
,,,,,11417,3.0,3,,,,,,,,
,,,,,11421,4.0,4,,,,,,,,
,,,,,11428,7.0,7,,,,,,,,
,,,,,11431,3.0,3,,,,,,,,
,,,,,11434,3.0,3,,,,,,,,
,,,,,11437,3.0,3,,,,,,,,
,,,,,11440,3.0,3,,,,,,,,
,,,,,11443,3.0,3,,,,,,,,
,,,,,11446,3.0,3,,,,,,,,
,,,,,11452,6.0,6,,,,,,,,
,,,,,11457,5.0,5,,,,,,,,
,,,,,11460,3.0,3,,,,,,,,
,,,,,11463,3.0,3,,,,,,,,
,,,,,11467,4.0,4,,,,,,,,
,,,,,11470,3.0,3,,,,,,,,
,,,,,11473,3.0,3,,,,,,,,
,,,,,11481,8.0,8,,,,,,,,
,,,,,11484,3.0,3,,,,,,,,
,,,,,11487,3.0,3,,,,,,,,
,,,,,11490,3.0,3,,,,,,,,
,,,,,11493,3.0,3,,,,,,,,
,,,,,11497,4.0,4,,,,,,,,
,,,,,11500,3.0,3,,,,,,,,
,,,,,11504,4.0,4,,,,,,,,
,,,,,11507,3.0,3,,,,,,,,
,,,,,11510,3.0,3,,,,,,,,
,,,,,11515,5.0,5,,,,,,,,
,,,,,11522,7.0,7,,,,,,,,
,,,,,11526,4.0,4,,,,,,,,
,,,,,11529,3.0,3,,,,,,,,
,,,,,11533,4.0,4,,,,,,,,
,,,,,11536,3.0,3,,,,,,,,
,,,,,11539,3.0,3,,,,,,,,
,,,,,11547,8.0,8,,,,,,,,
,,,,,11550,3.0,3,,,,,,,,
,,,,,11553,3.0,3,,,,,,,,
,,,,,11556,3.0,3,,,,,,,,
,,,,,11559,3.0,3,,,,,,,,
,,,,,11562,3.0,3,,,,,,,,
,,,,,11569,7.0,7,,,,,,,,
,,,,,11573,4.0,4,,,,,,,,
,,,,,11581,8.0,8,,,,,,,,
,,,,,11584,3.0,3,,,,,,,,
,,,,,11587,3.0,3,,,,,,,,
,,,,,11592,5.0,5,,,,,,,,
,,,,,11595,3.0,3,,,,,,,,
,,,,,11603,8.0,8,,,,,,,,
,,,,,11606,3.0,3,,,,,,,,
,,,,,11614,8.0,8,,,,,,,,
,,,,,11617,3.0,3,,,,,,,,
,,,,,11624,7.0,7,,,,,,,,
,,,,,11628,4.0,4,,,,,,,,
,,,,,11634,6.0,6,,,,,,,,
,,,,,11637,3.0,3,,,,,,,,
,,,,,11641,4.0,4,,,,,,,,
,,,,,11646,5.0,5,,,,,,,,
,,,,,11649,3.0,3,,,,,,,,
,,,,,11655,6.0,6,,,,,,,,
,,,,,11658,3.0,3,,,,,,,,
,,,,,11661,3.0,3,,,,,,,,
,,,,,11664,3.0,3,,,,,,,,
,,,,,11667,3.0,3,,,,,,,,
,,,,,11670,3.0,3,,,,,,,,
,,,,,11675,5.0,5,,,,,,,,
,,,,,11678,3.0,3,,,,,,,,
,,,,,11681,3.0,3,,,,,,,,
,,,,,11689,8.0,8,,,,,,,,
,,,,,11692,3.0,3,,,,,,,,
,,,,,11695,3.0,3,,,,,,,,
,,,,,11705,10.0,10,,,,,,,,
,,,,,11708,3.0,3,,,,,,,,
,,,,,11714,6.0,6,,,,,,,,
,,,,,11719,5.0,5,,,,,,,,
,,,,,11723,4.0,4,,,,,,,,
,,,,,11726,3.0,3,,,,,,,,
,,,,,11730,4.0,4,,,,,,,,
,,,,,11735,5.0,5,,,,,,,,
,,,,,11738,3.0,3,,,,,,,,
,,,,,11741,3.0,3,,,,,,,,
,,,,,11745,4.0,4,,,,,,,,
,,,,,11748,3.0,3,,,,,,,,
,,,,,11753,5.0,5,,,,,,,,
,,,,,11756,3.0,3,,,,,,,,
,,,,,11759,3.0,3,,,,,,,,
,,,,,11762,3.0,3,,,,,,,,
,,,,,11765,3.0,3,,,,,,,,
,,,,,11771,6.0,6,,,,,,,,
,,,,,11779,8.0,8,,,,,,,,
,,,,,11782,3.0,3,,,,,,,,
,,,,,11785,3.0,3,,,,,,,,
,,,,,11788,3.0,3,,,,,,,,
,,,,,11793,5.0,5,,,,,,,,
,,,,,11796,3.0,3,,,,,,,,
,,,,,11800,4.0,4,,,,,,,,
,,,,,11803,3.0,3,,,,,,,,
,,,,,11807,4.0,4,,,,,,,,
,,,,,11814,7.0,7,,,,,,,,
,,,,,11818,4.0,4,,,,,,,,
,,,,,11821,3.0,3,,,,,,,,
,,,,,11824,3.0,3,,,,,,,,
,,,,,11827,3.0,3,,,,,,,,
,,,,,11833,6.0,6,,,,,,,,
,,,,,11836,3.0,3,,,,,,,,
,,,,,11840,4.0,4,,,,,,,,
,,,,,11845,5.0,5,,,,,,,,
,,,,,11852,7.0,7,,,,,,,,
,,,,,11856,4.0,4,,,,,,,,
,,,,,11861,5.0,5,,,,,,,,
,,,,,11864,3.0,3,,,,,,,,
,,,,,11868,4.0,4,,,,,,,,
,,,,,11871,3.0,3,,,,,,,,
,,,,,11874,3.0,3,,,,,,,,
,,,,,11877,3.0,3,,,,,,,,
,,,,,11882,5.0,5,,,,,,,,
,,,,,11885,3.0,3,,,,,,,,
,,,,,11889,4.0,4,,,,,,,,
,,,,,11892,3.0,3,,,,,,,,
,,,,,11895,3.0,3,,,,,,,,
,,,,,11898,3.0,3,,,,,,,,
,,,,,11906,8.0,8,,,,,,,,
,,,,,11909,3.0,3,,,,,,,,
,,,,,11912,3.0,3,,,,,,,,
,,,,,11915,3.0,3,,,,,,,,
,,,,,11918,3.0,3,,,,,,,,
,,,,,11924,6.0,6,,,,,,,,
,,,,,11927,3.0,3,,,,,,,,
,,,,,11930,3.0,3,,,,,,,,
,,,,,11933,3.0,3,,,,,,,,
,,,,,11936,3.0,3,,,,,,,,
,,,,,11939,3.0,3,,,,,,,,
,,,,,11944,5.0,5,,,,,,,,
,,,,,11947,3.0,3,,,,,,,,
,,,,,11950,3.0,3,,,,,,,,
,,,,,11953,3.0,3,,,,,,,,
,,,,,11956,3.0,3,,,,,,,,
,,,,,11959,3.0,3,,,,,,,,
,,,,,11964,5.0,5,,,,,,,,
,,,,,11967,3.0,3,,,,,,,,
,,,,,11970,3.0,3,,,,,,,,
,,,,,11973,3.0,3,,,,,,,,
,,,,,11976,3.0,3,,,,,,,,
,,,,,11979,3.0,3,,,,,,,,
,,,,,11982,3.0,3,,,,,,,,
,,,,,11985,3.0,3,,,,,,,,
,,,,,11988,3.0,3,,,,,,,,
,,,,,11995,7.0,7,,,,,,,,
,,,,,11999,4.0,4,,,,,,,,
,,,,,12000,,,0.11972244083881378,-1.1972243785858154,2.764345407485962,3.0551884174346924,2.9412789344787598,0.0003,0.0003,0.1
,,,,,12002,3.0,3,,,,,,,,
,,,,,12005,3.0,3,,,,,,,,
,,,,,12008,3.0,3,,,,,,,,
,,,,,12011,3.0,3,,,,,,,,
,,,,,12014,3.0,3,,,,,,,,
,,,,,12017,3.0,3,,,,,,,,
,,,,,12021,4.0,4,,,,,,,,
,,,,,12024,3.0,3,,,,,,,,
,,,,,12027,3.0,3,,,,,,,,
,,,,,12030,3.0,3,,,,,,,,
,,,,,12033,3.0,3,,,,,,,,
,,,,,12036,3.0,3,,,,,,,,
,,,,,12039,3.0,3,,,,,,,,
,,,,,12042,3.0,3,,,,,,,,
,,,,,12045,3.0,3,,,,,,,,
,,,,,12049,4.0,4,,,,,,,,
,,,,,12055,6.0,6,,,,,,,,
,,,,,12059,4.0,4,,,,,,,,
,,,,,12062,3.0,3,,,,,,,,
,,,,,12065,3.0,3,,,,,,,,
,,,,,12068,3.0,3,,,,,,,,
,,,,,12072,4.0,4,,,,,,,,
,,,,,12075,3.0,3,,,,,,,,
,,,,,12078,3.0,3,,,,,,,,
,,,,,12083,5.0,5,,,,,,,,
,,,,,12087,4.0,4,,,,,,,,
,,,,,12090,3.0,3,,,,,,,,
,,,,,12093,3.0,3,,,,,,,,
,,,,,12096,3.0,3,,,,,,,,
,,,,,12099,3.0,3,,,,,,,,
,,,,,12102,3.0,3,,,,,,,,
,,,,,12106,4.0,4,,,,,,,,
,,,,,12110,4.0,4,,,,,,,,
,,,,,12113,3.0,3,,,,,,,,
,,,,,12116,3.0,3,,,,,,,,
,,,,,12119,3.0,3,,,,,,,,
,,,,,12122,3.0,3,,,,,,,,
,,,,,12125,3.0,3,,,,,,,,
,,,,,12128,3.0,3,,,,,,,,
,,,,,12134,6.0,6,,,,,,,,
,,,,,12138,4.0,4,,,,,,,,
,,,,,12144,6.0,6,,,,,,,,
,,,,,12147,3.0,3,,,,,,,,
,,,,,12150,3.0,3,,,,,,,,
,,,,,12154,4.0,4,,,,,,,,
,,,,,12157,3.0,3,,,,,,,,
,,,,,12160,3.0,3,,,,,,,,
,,,,,12163,3.0,3,,,,,,,,
,,,,,12166,3.0,3,,,,,,,,
,,,,,12169,3.0,3,,,,,,,,
,,,,,12172,3.0,3,,,,,,,,
,,,,,12175,3.0,3,,,,,,,,
,,,,,12179,4.0,4,,,,,,,,
,,,,,12182,3.0,3,,,,,,,,
,,,,,12185,3.0,3,,,,,,,,
,,,,,12189,4.0,4,,,,,,,,
,,,,,12192,3.0,3,,,,,,,,
,,,,,12195,3.0,3,,,,,,,,
,,,,,12198,3.0,3,,,,,,,,
,,,,,12201,3.0,3,,,,,,,,
,,,,,12204,3.0,3,,,,,,,,
,,,,,12209,5.0,5,,,,,,,,
,,,,,12214,5.0,5,,,,,,,,
,,,,,12217,3.0,3,,,,,,,,
,,,,,12220,3.0,3,,,,,,,,
,,,,,12223,3.0,3,,,,,,,,
,,,,,12226,3.0,3,,,,,,,,
,,,,,12229,3.0,3,,,,,,,,
,,,,,12232,3.0,3,,,,,,,,
,,,,,12235,3.0,3,,,,,,,,
,,,,,12238,3.0,3,,,,,,,,
,,,,,12242,4.0,4,,,,,,,,
,,,,,12245,3.0,3,,,,,,,,
,,,,,12248,3.0,3,,,,,,,,
,,,,,12252,4.0,4,,,,,,,,
,,,,,12255,3.0,3,,,,,,,,
,,,,,12259,4.0,4,,,,,,,,
,,,,,12262,3.0,3,,,,,,,,
,,,,,12265,3.0,3,,,,,,,,
,,,,,12272,7.0,7,,,,,,,,
,,,,,12276,4.0,4,,,,,,,,
,,,,,12279,3.0,3,,,,,,,,
,,,,,12282,3.0,3,,,,,,,,
,,,,,12285,3.0,3,,,,,,,,
,,,,,12288,3.0,3,,,,,,,,
,,,,,12291,3.0,3,,,,,,,,
,,,,,12294,3.0,3,,,,,,,,
,,,,,12301,7.0,7,,,,,,,,
,,,,,12304,3.0,3,,,,,,,,
,,,,,12308,4.0,4,,,,,,,,
,,,,,12311,3.0,3,,,,,,,,
,,,,,12314,3.0,3,,,,,,,,
,,,,,12319,5.0,5,,,,,,,,
,,,,,12322,3.0,3,,,,,,,,
,,,,,12326,4.0,4,,,,,,,,
,,,,,12329,3.0,3,,,,,,,,
,,,,,12332,3.0,3,,,,,,,,
,,,,,12335,3.0,3,,,,,,,,
,,,,,12338,3.0,3,,,,,,,,
,,,,,12341,3.0,3,,,,,,,,
,,,,,12345,4.0,4,,,,,,,,
,,,,,12349,4.0,4,,,,,,,,
,,,,,12352,3.0,3,,,,,,,,
,,,,,12357,5.0,5,,,,,,,,
,,,,,12360,3.0,3,,,,,,,,
,,,,,12363,3.0,3,,,,,,,,
,,,,,12366,3.0,3,,,,,,,,
,,,,,12369,3.0,3,,,,,,,,
,,,,,12372,3.0,3,,,,,,,,
,,,,,12376,4.0,4,,,,,,,,
,,,,,12379,3.0,3,,,,,,,,
,,,,,12382,3.0,3,,,,,,,,
,,,,,12385,3.0,3,,,,,,,,
,,,,,12388,3.0,3,,,,,,,,
,,,,,12392,4.0,4,,,,,,,,
,,,,,12395,3.0,3,,,,,,,,
,,,,,12399,4.0,4,,,,,,,,
,,,,,12403,4.0,4,,,,,,,,
,,,,,12406,3.0,3,,,,,,,,
,,,,,12409,3.0,3,,,,,,,,
,,,,,12414,5.0,5,,,,,,,,
,,,,,12417,3.0,3,,,,,,,,
,,,,,12420,3.0,3,,,,,,,,
,,,,,12424,4.0,4,,,,,,,,
,,,,,12429,5.0,5,,,,,,,,
,,,,,12432,3.0,3,,,,,,,,
,,,,,12437,5.0,5,,,,,,,,
,,,,,12441,4.0,4,,,,,,,,
,,,,,12445,4.0,4,,,,,,,,
,,,,,12448,3.0,3,,,,,,,,
,,,,,12451,3.0,3,,,,,,,,
,,,,,12454,3.0,3,,,,,,,,
,,,,,12458,4.0,4,,,,,,,,
,,,,,12461,3.0,3,,,,,,,,
,,,,,12465,4.0,4,,,,,,,,
,,,,,12468,3.0,3,,,,,,,,
,,,,,12471,3.0,3,,,,,,,,
,,,,,12474,3.0,3,,,,,,,,
,,,,,12477,3.0,3,,,,,,,,
,,,,,12483,6.0,6,,,,,,,,
,,,,,12486,3.0,3,,,,,,,,
,,,,,12492,6.0,6,,,,,,,,
,,,,,12495,3.0,3,,,,,,,,
,,,,,12500,5.0,5,,,,,,,,
,,,,,12503,3.0,3,,,,,,,,
,,,,,12506,3.0,3,,,,,,,,
,,,,,12511,5.0,5,,,,,,,,
,,,,,12514,3.0,3,,,,,,,,
,,,,,12517,3.0,3,,,,,,,,
,,,,,12521,4.0,4,,,,,,,,
,,,,,12524,3.0,3,,,,,,,,
,,,,,12527,3.0,3,,,,,,,,
,,,,,12530,3.0,3,,,,,,,,
,,,,,12533,3.0,3,,,,,,,,
,,,,,12537,4.0,4,,,,,,,,
,,,,,12540,3.0,3,,,,,,,,
,,,,,12545,5.0,5,,,,,,,,
,,,,,12548,3.0,3,,,,,,,,
,,,,,12551,3.0,3,,,,,,,,
,,,,,12554,3.0,3,,,,,,,,
,,,,,12557,3.0,3,,,,,,,,
,,,,,12560,3.0,3,,,,,,,,
,,,,,12563,3.0,3,,,,,,,,
,,,,,12566,3.0,3,,,,,,,,
,,,,,12569,3.0,3,,,,,,,,
,,,,,12572,3.0,3,,,,,,,,
,,,,,12575,3.0,3,,,,,,,,
,,,,,12578,3.0,3,,,,,,,,
,,,,,12583,5.0,5,,,,,,,,
,,,,,12586,3.0,3,,,,,,,,
,,,,,12589,3.0,3,,,,,,,,
,,,,,12592,3.0,3,,,,,,,,
,,,,,12595,3.0,3,,,,,,,,
,,,,,12598,3.0,3,,,,,,,,
,,,,,12602,4.0,4,,,,,,,,
,,,,,12605,3.0,3,,,,,,,,
,,,,,12608,3.0,3,,,,,,,,
,,,,,12611,3.0,3,,,,,,,,
,,,,,12617,6.0,6,,,,,,,,
,,,,,12620,3.0,3,,,,,,,,
,,,,,12623,3.0,3,,,,,,,,
,,,,,12626,3.0,3,,,,,,,,
,,,,,12630,4.0,4,,,,,,,,
,,,,,12635,5.0,5,,,,,,,,
,,,,,12638,3.0,3,,,,,,,,
,,,,,12641,3.0,3,,,,,,,,
,,,,,12644,3.0,3,,,,,,,,
,,,,,12647,3.0,3,,,,,,,,
,,,,,12650,3.0,3,,,,,,,,
,,,,,12655,5.0,5,,,,,,,,
,,,,,12658,3.0,3,,,,,,,,
,,,,,12661,3.0,3,,,,,,,,
,,,,,12664,3.0,3,,,,,,,,
,,,,,12667,3.0,3,,,,,,,,
,,,,,12670,3.0,3,,,,,,,,
,,,,,12677,7.0,7,,,,,,,,
,,,,,12684,7.0,7,,,,,,,,
,,,,,12687,3.0,3,,,,,,,,
,,,,,12690,3.0,3,,,,,,,,
,,,,,12694,4.0,4,,,,,,,,
,,,,,12697,3.0,3,,,,,,,,
,,,,,12700,3.0,3,,,,,,,,
,,,,,12706,6.0,6,,,,,,,,
,,,,,12709,3.0,3,,,,,,,,
,,,,,12712,3.0,3,,,,,,,,
,,,,,12717,5.0,5,,,,,,,,
,,,,,12720,3.0,3,,,,,,,,
,,,,,12723,3.0,3,,,,,,,,
,,,,,12726,3.0,3,,,,,,,,
,,,,,12730,4.0,4,,,,,,,,
,,,,,12734,4.0,4,,,,,,,,
,,,,,12740,6.0,6,,,,,,,,
,,,,,12743,3.0,3,,,,,,,,
,,,,,12746,3.0,3,,,,,,,,
,,,,,12749,3.0,3,,,,,,,,
,,,,,12752,3.0,3,,,,,,,,
,,,,,12756,4.0,4,,,,,,,,
,,,,,12760,4.0,4,,,,,,,,
,,,,,12763,3.0,3,,,,,,,,
,,,,,12766,3.0,3,,,,,,,,
,,,,,12769,3.0,3,,,,,,,,
,,,,,12772,3.0,3,,,,,,,,
,,,,,12777,5.0,5,,,,,,,,
,,,,,12780,3.0,3,,,,,,,,
,,,,,12783,3.0,3,,,,,,,,
,,,,,12786,3.0,3,,,,,,,,
,,,,,12789,3.0,3,,,,,,,,
,,,,,12793,4.0,4,,,,,,,,
,,,,,12796,3.0,3,,,,,,,,
,,,,,12799,3.0,3,,,,,,,,
,,,,,12802,3.0,3,,,,,,,,
,,,,,12805,3.0,3,,,,,,,,
,,,,,12808,3.0,3,,,,,,,,
,,,,,12811,3.0,3,,,,,,,,
,,,,,12814,3.0,3,,,,,,,,
,,,,,12817,3.0,3,,,,,,,,
,,,,,12820,3.0,3,,,,,,,,
,,,,,12823,3.0,3,,,,,,,,
,,,,,12826,3.0,3,,,,,,,,
,,,,,12829,3.0,3,,,,,,,,
,,,,,12834,5.0,5,,,,,,,,
,,,,,12839,5.0,5,,,,,,,,
,,,,,12842,3.0,3,,,,,,,,
,,,,,12845,3.0,3,,,,,,,,
,,,,,12848,3.0,3,,,,,,,,
,,,,,12851,3.0,3,,,,,,,,
,,,,,12854,3.0,3,,,,,,,,
,,,,,12858,4.0,4,,,,,,,,
,,,,,12861,3.0,3,,,,,,,,
,,,,,12864,3.0,3,,,,,,,,
,,,,,12867,3.0,3,,,,,,,,
,,,,,12870,3.0,3,,,,,,,,
,,,,,12873,3.0,3,,,,,,,,
,,,,,12876,3.0,3,,,,,,,,
,,,,,12879,3.0,3,,,,,,,,
,,,,,12882,3.0,3,,,,,,,,
,,,,,12887,5.0,5,,,,,,,,
,,,,,12890,3.0,3,,,,,,,,
,,,,,12893,3.0,3,,,,,,,,
,,,,,12896,3.0,3,,,,,,,,
,,,,,12899,3.0,3,,,,,,,,
,,,,,12902,3.0,3,,,,,,,,
,,,,,12905,3.0,3,,,,,,,,
,,,,,12908,3.0,3,,,,,,,,
,,,,,12911,3.0,3,,,,,,,,
,,,,,12914,3.0,3,,,,,,,,
,,,,,12919,5.0,5,,,,,,,,
,,,,,12927,8.0,8,,,,,,,,
,,,,,12930,3.0,3,,,,,,,,
,,,,,12935,5.0,5,,,,,,,,
,,,,,12938,3.0,3,,,,,,,,
,,,,,12941,3.0,3,,,,,,,,
,,,,,12944,3.0,3,,,,,,,,
,,,,,12948,4.0,4,,,,,,,,
,,,,,12951,3.0,3,,,,,,,,
,,,,,12954,3.0,3,,,,,,,,
,,,,,12957,3.0,3,,,,,,,,
,,,,,12960,3.0,3,,,,,,,,
,,,,,12966,6.0,6,,,,,,,,
,,,,,12971,5.0,5,,,,,,,,
,,,,,12974,3.0,3,,,,,,,,
,,,,,12977,3.0,3,,,,,,,,
,,,,,12980,3.0,3,,,,,,,,
,,,,,12983,3.0,3,,,,,,,,
,,,,,12986,3.0,3,,,,,,,,
,,,,,12989,3.0,3,,,,,,,,
,,,,,12992,3.0,3,,,,,,,,
,,,,,12995,3.0,3,,,,,,,,
,,,,,12998,3.0,3,,,,,,,,
,,,,,13000,,,0.08912966400384903,-0.8912966251373291,0.3399040102958679,2.7898921966552734,2.7667834758758545,0.0003,0.0003,0.1
,,,,,13001,3.0,3,,,,,,,,
,,,,,13004,3.0,3,,,,,,,,
,,,,,13007,3.0,3,,,,,,,,
,,,,,13011,4.0,4,,,,,,,,
,,,,,13016,5.0,5,,,,,,,,
,,,,,13019,3.0,3,,,,,,,,
,,,,,13023,4.0,4,,,,,,,,
,,,,,13026,3.0,3,,,,,,,,
,,,,,13029,3.0,3,,,,,,,,
,,,,,13032,3.0,3,,,,,,,,
,,,,,13035,3.0,3,,,,,,,,
,,,,,13038,3.0,3,,,,,,,,
,,,,,13041,3.0,3,,,,,,,,
,,,,,13044,3.0,3,,,,,,,,
,,,,,13048,4.0,4,,,,,,,,
,,,,,13052,4.0,4,,,,,,,,
,,,,,13055,3.0,3,,,,,,,,
,,,,,13058,3.0,3,,,,,,,,
,,,,,13064,6.0,6,,,,,,,,
,,,,,13067,3.0,3,,,,,,,,
,,,,,13072,5.0,5,,,,,,,,
,,,,,13075,3.0,3,,,,,,,,
,,,,,13078,3.0,3,,,,,,,,
,,,,,13082,4.0,4,,,,,,,,
,,,,,13086,4.0,4,,,,,,,,
,,,,,13090,4.0,4,,,,,,,,
,,,,,13093,3.0,3,,,,,,,,
,,,,,13096,3.0,3,,,,,,,,
,,,,,13104,8.0,8,,,,,,,,
,,,,,13107,3.0,3,,,,,,,,
,,,,,13110,3.0,3,,,,,,,,
,,,,,13113,3.0,3,,,,,,,,
,,,,,13117,4.0,4,,,,,,,,
,,,,,13120,3.0,3,,,,,,,,
,,,,,13123,3.0,3,,,,,,,,
,,,,,13126,3.0,3,,,,,,,,
,,,,,13129,3.0,3,,,,,,,,
,,,,,13132,3.0,3,,,,,,,,
,,,,,13135,3.0,3,,,,,,,,
,,,,,13138,3.0,3,,,,,,,,
,,,,,13142,4.0,4,,,,,,,,
,,,,,13146,4.0,4,,,,,,,,
,,,,,13149,3.0,3,,,,,,,,
,,,,,13152,3.0,3,,,,,,,,
,,,,,13155,3.0,3,,,,,,,,
,,,,,13158,3.0,3,,,,,,,,
,,,,,13162,4.0,4,,,,,,,,
,,,,,13165,3.0,3,,,,,,,,
,,,,,13168,3.0,3,,,,,,,,
,,,,,13172,4.0,4,,,,,,,,
,,,,,13175,3.0,3,,,,,,,,
,,,,,13178,3.0,3,,,,,,,,
,,,,,13181,3.0,3,,,,,,,,
,,,,,13184,3.0,3,,,,,,,,
,,,,,13187,3.0,3,,,,,,,,
,,,,,13190,3.0,3,,,,,,,,
,,,,,13193,3.0,3,,,,,,,,
,,,,,13197,4.0,4,,,,,,,,
,,,,,13200,3.0,3,,,,,,,,
,,,,,13203,3.0,3,,,,,,,,
,,,,,13206,3.0,3,,,,,,,,
,,,,,13209,3.0,3,,,,,,,,
,,,,,13212,3.0,3,,,,,,,,
,,,,,13216,4.0,4,,,,,,,,
,,,,,13219,3.0,3,,,,,,,,
,,,,,13222,3.0,3,,,,,,,,
,,,,,13225,3.0,3,,,,,,,,
,,,,,13228,3.0,3,,,,,,,,
,,,,,13231,3.0,3,,,,,,,,
,,,,,13234,3.0,3,,,,,,,,
,,,,,13237,3.0,3,,,,,,,,
,,,,,13240,3.0,3,,,,,,,,
,,,,,13243,3.0,3,,,,,,,,
,,,,,13247,4.0,4,,,,,,,,
,,,,,13251,4.0,4,,,,,,,,
,,,,,13254,3.0,3,,,,,,,,
,,,,,13257,3.0,3,,,,,,,,
,,,,,13260,3.0,3,,,,,,,,
,,,,,13264,4.0,4,,,,,,,,
,,,,,13267,3.0,3,,,,,,,,
,,,,,13270,3.0,3,,,,,,,,
,,,,,13273,3.0,3,,,,,,,,
,,,,,13276,3.0,3,,,,,,,,
,,,,,13283,7.0,7,,,,,,,,
,,,,,13286,3.0,3,,,,,,,,
,,,,,13289,3.0,3,,,,,,,,
,,,,,13292,3.0,3,,,,,,,,
,,,,,13295,3.0,3,,,,,,,,
,,,,,13298,3.0,3,,,,,,,,
,,,,,13301,3.0,3,,,,,,,,
,,,,,13304,3.0,3,,,,,,,,
,,,,,13307,3.0,3,,,,,,,,
,,,,,13310,3.0,3,,,,,,,,
,,,,,13316,6.0,6,,,,,,,,
,,,,,13321,5.0,5,,,,,,,,
,,,,,13324,3.0,3,,,,,,,,
,,,,,13327,3.0,3,,,,,,,,
,,,,,13330,3.0,3,,,,,,,,
,,,,,13333,3.0,3,,,,,,,,
,,,,,13337,4.0,4,,,,,,,,
,,,,,13340,3.0,3,,,,,,,,
,,,,,13343,3.0,3,,,,,,,,
,,,,,13346,3.0,3,,,,,,,,
,,,,,13349,3.0,3,,,,,,,,
,,,,,13354,5.0,5,,,,,,,,
,,,,,13357,3.0,3,,,,,,,,
,,,,,13360,3.0,3,,,,,,,,
,,,,,13363,3.0,3,,,,,,,,
,,,,,13368,5.0,5,,,,,,,,
,,,,,13371,3.0,3,,,,,,,,
,,,,,13374,3.0,3,,,,,,,,
,,,,,13379,5.0,5,,,,,,,,
,,,,,13383,4.0,4,,,,,,,,
,,,,,13386,3.0,3,,,,,,,,
,,,,,13390,4.0,4,,,,,,,,
,,,,,13393,3.0,3,,,,,,,,
,,,,,13397,4.0,4,,,,,,,,
,,,,,13400,3.0,3,,,,,,,,
,,,,,13403,3.0,3,,,,,,,,
,,,,,13406,3.0,3,,,,,,,,
,,,,,13410,4.0,4,,,,,,,,
,,,,,13414,4.0,4,,,,,,,,
,,,,,13418,4.0,4,,,,,,,,
,,,,,13421,3.0,3,,,,,,,,
,,,,,13424,3.0,3,,,,,,,,
,,,,,13427,3.0,3,,,,,,,,
,,,,,13430,3.0,3,,,,,,,,
,,,,,13433,3.0,3,,,,,,,,
,,,,,13436,3.0,3,,,,,,,,
,,,,,13443,7.0,7,,,,,,,,
,,,,,13446,3.0,3,,,,,,,,
,,,,,13450,4.0,4,,,,,,,,
,,,,,13453,3.0,3,,,,,,,,
,,,,,13456,3.0,3,,,,,,,,
,,,,,13459,3.0,3,,,,,,,,
,,,,,13462,3.0,3,,,,,,,,
,,,,,13465,3.0,3,,,,,,,,
,,,,,13470,5.0,5,,,,,,,,
,,,,,13473,3.0,3,,,,,,,,
,,,,,13476,3.0,3,,,,,,,,
,,,,,13479,3.0,3,,,,,,,,
,,,,,13482,3.0,3,,,,,,,,
,,,,,13485,3.0,3,,,,,,,,
,,,,,13488,3.0,3,,,,,,,,
,,,,,13491,3.0,3,,,,,,,,
,,,,,13494,3.0,3,,,,,,,,
,,,,,13497,3.0,3,,,,,,,,
,,,,,13500,3.0,3,,,,,,,,
,,,,,13505,5.0,5,,,,,,,,
,,,,,13508,3.0,3,,,,,,,,
,,,,,13511,3.0,3,,,,,,,,
,,,,,13514,3.0,3,,,,,,,,
,,,,,13517,3.0,3,,,,,,,,
,,,,,13520,3.0,3,,,,,,,,
,,,,,13523,3.0,3,,,,,,,,
,,,,,13527,4.0,4,,,,,,,,
,,,,,13531,4.0,4,,,,,,,,
,,,,,13534,3.0,3,,,,,,,,
,,,,,13537,3.0,3,,,,,,,,
,,,,,13540,3.0,3,,,,,,,,
,,,,,13543,3.0,3,,,,,,,,
,,,,,13546,3.0,3,,,,,,,,
,,,,,13549,3.0,3,,,,,,,,
,,,,,13552,3.0,3,,,,,,,,
,,,,,13557,5.0,5,,,,,,,,
,,,,,13561,4.0,4,,,,,,,,
,,,,,13564,3.0,3,,,,,,,,
,,,,,13567,3.0,3,,,,,,,,
,,,,,13570,3.0,3,,,,,,,,
,,,,,13574,4.0,4,,,,,,,,
,,,,,13577,3.0,3,,,,,,,,
,,,,,13580,3.0,3,,,,,,,,
,,,,,13583,3.0,3,,,,,,,,
,,,,,13586,3.0,3,,,,,,,,
,,,,,13589,3.0,3,,,,,,,,
,,,,,13592,3.0,3,,,,,,,,
,,,,,13595,3.0,3,,,,,,,,
,,,,,13598,3.0,3,,,,,,,,
,,,,,13602,4.0,4,,,,,,,,
,,,,,13605,3.0,3,,,,,,,,
,,,,,13608,3.0,3,,,,,,,,
,,,,,13611,3.0,3,,,,,,,,
,,,,,13614,3.0,3,,,,,,,,
,,,,,13617,3.0,3,,,,,,,,
,,,,,13620,3.0,3,,,,,,,,
,,,,,13624,4.0,4,,,,,,,,
,,,,,13627,3.0,3,,,,,,,,
,,,,,13632,5.0,5,,,,,,,,
,,,,,13635,3.0,3,,,,,,,,
,,,,,13638,3.0,3,,,,,,,,
,,,,,13641,3.0,3,,,,,,,,
,,,,,13644,3.0,3,,,,,,,,
,,,,,13647,3.0,3,,,,,,,,
,,,,,13655,8.0,8,,,,,,,,
,,,,,13659,4.0,4,,,,,,,,
,,,,,13662,3.0,3,,,,,,,,
,,,,,13665,3.0,3,,,,,,,,
,,,,,13668,3.0,3,,,,,,,,
,,,,,13671,3.0,3,,,,,,,,
,,,,,13674,3.0,3,,,,,,,,
,,,,,13678,4.0,4,,,,,,,,
,,,,,13681,3.0,3,,,,,,,,
,,,,,13684,3.0,3,,,,,,,,
,,,,,13687,3.0,3,,,,,,,,
,,,,,13690,3.0,3,,,,,,,,
,,,,,13693,3.0,3,,,,,,,,
,,,,,13697,4.0,4,,,,,,,,
,,,,,13700,3.0,3,,,,,,,,
,,,,,13703,3.0,3,,,,,,,,
,,,,,13706,3.0,3,,,,,,,,
,,,,,13709,3.0,3,,,,,,,,
,,,,,13712,3.0,3,,,,,,,,
,,,,,13715,3.0,3,,,,,,,,
,,,,,13718,3.0,3,,,,,,,,
,,,,,13722,4.0,4,,,,,,,,
,,,,,13725,3.0,3,,,,,,,,
,,,,,13729,4.0,4,,,,,,,,
,,,,,13732,3.0,3,,,,,,,,
,,,,,13735,3.0,3,,,,,,,,
,,,,,13738,3.0,3,,,,,,,,
,,,,,13745,7.0,7,,,,,,,,
,,,,,13749,4.0,4,,,,,,,,
,,,,,13758,9.0,9,,,,,,,,
,,,,,13761,3.0,3,,,,,,,,
,,,,,13764,3.0,3,,,,,,,,
,,,,,13767,3.0,3,,,,,,,,
,,,,,13770,3.0,3,,,,,,,,
,,,,,13773,3.0,3,,,,,,,,
,,,,,13776,3.0,3,,,,,,,,
,,,,,13779,3.0,3,,,,,,,,
,,,,,13782,3.0,3,,,,,,,,
,,,,,13785,3.0,3,,,,,,,,
,,,,,13788,3.0,3,,,,,,,,
,,,,,13791,3.0,3,,,,,,,,
,,,,,13794,3.0,3,,,,,,,,
,,,,,13797,3.0,3,,,,,,,,
,,,,,13800,3.0,3,,,,,,,,
,,,,,13803,3.0,3,,,,,,,,
,,,,,13806,3.0,3,,,,,,,,
,,,,,13809,3.0,3,,,,,,,,
,,,,,13813,4.0,4,,,,,,,,
,,,,,13816,3.0,3,,,,,,,,
,,,,,13819,3.0,3,,,,,,,,
,,,,,13824,5.0,5,,,,,,,,
,,,,,13829,5.0,5,,,,,,,,
,,,,,13832,3.0,3,,,,,,,,
,,,,,13835,3.0,3,,,,,,,,
,,,,,13841,6.0,6,,,,,,,,
,,,,,13845,4.0,4,,,,,,,,
,,,,,13848,3.0,3,,,,,,,,
,,,,,13852,4.0,4,,,,,,,,
,,,,,13855,3.0,3,,,,,,,,
,,,,,13859,4.0,4,,,,,,,,
,,,,,13862,3.0,3,,,,,,,,
,,,,,13865,3.0,3,,,,,,,,
,,,,,13869,4.0,4,,,,,,,,
,,,,,13872,3.0,3,,,,,,,,
,,,,,13876,4.0,4,,,,,,,,
,,,,,13879,3.0,3,,,,,,,,
,,,,,13882,3.0,3,,,,,,,,
,,,,,13885,3.0,3,,,,,,,,
,,,,,13889,4.0,4,,,,,,,,
,,,,,13892,3.0,3,,,,,,,,
,,,,,13895,3.0,3,,,,,,,,
,,,,,13898,3.0,3,,,,,,,,
,,,,,13901,3.0,3,,,,,,,,
,,,,,13904,3.0,3,,,,,,,,
,,,,,13907,3.0,3,,,,,,,,
,,,,,13913,6.0,6,,,,,,,,
,,,,,13916,3.0,3,,,,,,,,
,,,,,13921,5.0,5,,,,,,,,
,,,,,13926,5.0,5,,,,,,,,
,,,,,13929,3.0,3,,,,,,,,
,,,,,13934,5.0,5,,,,,,,,
,,,,,13937,3.0,3,,,,,,,,
,,,,,13940,3.0,3,,,,,,,,
,,,,,13943,3.0,3,,,,,,,,
,,,,,13946,3.0,3,,,,,,,,
,,,,,13949,3.0,3,,,,,,,,
,,,,,13952,3.0,3,,,,,,,,
,,,,,13957,5.0,5,,,,,,,,
,,,,,13963,6.0,6,,,,,,,,
,,,,,13967,4.0,4,,,,,,,,
,,,,,13970,3.0,3,,,,,,,,
,,,,,13973,3.0,3,,,,,,,,
,,,,,13977,4.0,4,,,,,,,,
,,,,,13980,3.0,3,,,,,,,,
,,,,,13985,5.0,5,,,,,,,,
,,,,,13988,3.0,3,,,,,,,,
,,,,,13991,3.0,3,,,,,,,,
,,,,,13994,3.0,3,,,,,,,,
,,,,,13999,5.0,5,,,,,,,,
,,,,,14000,,,0.10340166091918945,-1.0340166091918945,0.27213379740715027,2.562124252319336,2.5757570266723633,0.0003,0.0003,0.1
,,,,,14006,7.0,7,,,,,,,,
,,,,,14009,3.0,3,,,,,,,,
,,,,,14012,3.0,3,,,,,,,,
,,,,,14015,3.0,3,,,,,,,,
,,,,,14018,3.0,3,,,,,,,,
,,,,,14021,3.0,3,,,,,,,,
,,,,,14024,3.0,3,,,,,,,,
,,,,,14028,4.0,4,,,,,,,,
,,,,,14031,3.0,3,,,,,,,,
,,,,,14034,3.0,3,,,,,,,,
,,,,,14037,3.0,3,,,,,,,,
,,,,,14040,3.0,3,,,,,,,,
,,,,,14043,3.0,3,,,,,,,,
,,,,,14046,3.0,3,,,,,,,,
,,,,,14049,3.0,3,,,,,,,,
,,,,,14052,3.0,3,,,,,,,,
,,,,,14055,3.0,3,,,,,,,,
,,,,,14058,3.0,3,,,,,,,,
,,,,,14061,3.0,3,,,,,,,,
,,,,,14065,4.0,4,,,,,,,,
,,,,,14068,3.0,3,,,,,,,,
,,,,,14071,3.0,3,,,,,,,,
,,,,,14075,4.0,4,,,,,,,,
,,,,,14078,3.0,3,,,,,,,,
,,,,,14081,3.0,3,,,,,,,,
,,,,,14084,3.0,3,,,,,,,,
,,,,,14088,4.0,4,,,,,,,,
,,,,,14091,3.0,3,,,,,,,,
,,,,,14095,4.0,4,,,,,,,,
,,,,,14098,3.0,3,,,,,,,,
,,,,,14101,3.0,3,,,,,,,,
,,,,,14104,3.0,3,,,,,,,,
,,,,,14109,5.0,5,,,,,,,,
,,,,,14112,3.0,3,,,,,,,,
,,,,,14115,3.0,3,,,,,,,,
,,,,,14118,3.0,3,,,,,,,,
,,,,,14121,3.0,3,,,,,,,,
,,,,,14124,3.0,3,,,,,,,,
,,,,,14127,3.0,3,,,,,,,,
,,,,,14130,3.0,3,,,,,,,,
,,,,,14133,3.0,3,,,,,,,,
,,,,,14136,3.0,3,,,,,,,,
,,,,,14139,3.0,3,,,,,,,,
,,,,,14142,3.0,3,,,,,,,,
,,,,,14146,4.0,4,,,,,,,,
,,,,,14149,3.0,3,,,,,,,,
,,,,,14152,3.0,3,,,,,,,,
,,,,,14157,5.0,5,,,,,,,,
,,,,,14160,3.0,3,,,,,,,,
,,,,,14163,3.0,3,,,,,,,,
,,,,,14166,3.0,3,,,,,,,,
,,,,,14169,3.0,3,,,,,,,,
,,,,,14173,4.0,4,,,,,,,,
,,,,,14176,3.0,3,,,,,,,,
,,,,,14179,3.0,3,,,,,,,,
,,,,,14182,3.0,3,,,,,,,,
,,,,,14185,3.0,3,,,,,,,,
,,,,,14188,3.0,3,,,,,,,,
,,,,,14192,4.0,4,,,,,,,,
,,,,,14195,3.0,3,,,,,,,,
,,,,,14198,3.0,3,,,,,,,,
,,,,,14201,3.0,3,,,,,,,,
,,,,,14204,3.0,3,,,,,,,,
,,,,,14208,4.0,4,,,,,,,,
,,,,,14211,3.0,3,,,,,,,,
,,,,,14214,3.0,3,,,,,,,,
,,,,,14217,3.0,3,,,,,,,,
,,,,,14220,3.0,3,,,,,,,,
,,,,,14223,3.0,3,,,,,,,,
,,,,,14226,3.0,3,,,,,,,,
,,,,,14229,3.0,3,,,,,,,,
,,,,,14232,3.0,3,,,,,,,,
,,,,,14236,4.0,4,,,,,,,,
,,,,,14239,3.0,3,,,,,,,,
,,,,,14242,3.0,3,,,,,,,,
,,,,,14245,3.0,3,,,,,,,,
,,,,,14248,3.0,3,,,,,,,,
,,,,,14251,3.0,3,,,,,,,,
,,,,,14254,3.0,3,,,,,,,,
,,,,,14257,3.0,3,,,,,,,,
,,,,,14260,3.0,3,,,,,,,,
,,,,,14263,3.0,3,,,,,,,,
,,,,,14266,3.0,3,,,,,,,,
,,,,,14269,3.0,3,,,,,,,,
,,,,,14277,8.0,8,,,,,,,,
,,,,,14280,3.0,3,,,,,,,,
,,,,,14285,5.0,5,,,,,,,,
,,,,,14288,3.0,3,,,,,,,,
,,,,,14291,3.0,3,,,,,,,,
,,,,,14296,5.0,5,,,,,,,,
,,,,,14299,3.0,3,,,,,,,,
,,,,,14302,3.0,3,,,,,,,,
,,,,,14305,3.0,3,,,,,,,,
,,,,,14308,3.0,3,,,,,,,,
,,,,,14311,3.0,3,,,,,,,,
,,,,,14314,3.0,3,,,,,,,,
,,,,,14317,3.0,3,,,,,,,,
,,,,,14321,4.0,4,,,,,,,,
,,,,,14324,3.0,3,,,,,,,,
,,,,,14330,6.0,6,,,,,,,,
,,,,,14334,4.0,4,,,,,,,,
,,,,,14337,3.0,3,,,,,,,,
,,,,,14340,3.0,3,,,,,,,,
,,,,,14343,3.0,3,,,,,,,,
,,,,,14346,3.0,3,,,,,,,,
,,,,,14349,3.0,3,,,,,,,,
,,,,,14354,5.0,5,,,,,,,,
,,,,,14360,6.0,6,,,,,,,,
,,,,,14363,3.0,3,,,,,,,,
,,,,,14366,3.0,3,,,,,,,,
,,,,,14369,3.0,3,,,,,,,,
,,,,,14372,3.0,3,,,,,,,,
,,,,,14375,3.0,3,,,,,,,,
,,,,,14378,3.0,3,,,,,,,,
,,,,,14381,3.0,3,,,,,,,,
,,,,,14384,3.0,3,,,,,,,,
,,,,,14387,3.0,3,,,,,,,,
,,,,,14390,3.0,3,,,,,,,,
,,,,,14393,3.0,3,,,,,,,,
,,,,,14397,4.0,4,,,,,,,,
,,,,,14400,3.0,3,,,,,,,,
,,,,,14404,4.0,4,,,,,,,,
,,,,,14407,3.0,3,,,,,,,,
,,,,,14410,3.0,3,,,,,,,,
,,,,,14413,3.0,3,,,,,,,,
,,,,,14416,3.0,3,,,,,,,,
,,,,,14419,3.0,3,,,,,,,,
,,,,,14422,3.0,3,,,,,,,,
,,,,,14425,3.0,3,,,,,,,,
,,,,,14428,3.0,3,,,,,,,,
,,,,,14431,3.0,3,,,,,,,,
,,,,,14434,3.0,3,,,,,,,,
,,,,,14440,6.0,6,,,,,,,,
,,,,,14443,3.0,3,,,,,,,,
,,,,,14446,3.0,3,,,,,,,,
,,,,,14449,3.0,3,,,,,,,,
,,,,,14452,3.0,3,,,,,,,,
,,,,,14457,5.0,5,,,,,,,,
,,,,,14460,3.0,3,,,,,,,,
,,,,,14464,4.0,4,,,,,,,,
,,,,,14468,4.0,4,,,,,,,,
,,,,,14475,7.0,7,,,,,,,,
,,,,,14478,3.0,3,,,,,,,,
,,,,,14481,3.0,3,,,,,,,,
,,,,,14486,5.0,5,,,,,,,,
,,,,,14489,3.0,3,,,,,,,,
,,,,,14492,3.0,3,,,,,,,,
,,,,,14495,3.0,3,,,,,,,,
,,,,,14498,3.0,3,,,,,,,,
,,,,,14501,3.0,3,,,,,,,,
,,,,,14504,3.0,3,,,,,,,,
,,,,,14507,3.0,3,,,,,,,,
,,,,,14512,5.0,5,,,,,,,,
,,,,,14520,8.0,8,,,,,,,,
,,,,,14524,4.0,4,,,,,,,,
,,,,,14527,3.0,3,,,,,,,,
,,,,,14530,3.0,3,,,,,,,,
,,,,,14533,3.0,3,,,,,,,,
,,,,,14537,4.0,4,,,,,,,,
,,,,,14540,3.0,3,,,,,,,,
,,,,,14543,3.0,3,,,,,,,,
,,,,,14546,3.0,3,,,,,,,,
,,,,,14549,3.0,3,,,,,,,,
,,,,,14552,3.0,3,,,,,,,,
,,,,,14555,3.0,3,,,,,,,,
,,,,,14558,3.0,3,,,,,,,,
,,,,,14563,5.0,5,,,,,,,,
,,,,,14567,4.0,4,,,,,,,,
,,,,,14571,4.0,4,,,,,,,,
,,,,,14574,3.0,3,,,,,,,,
,,,,,14578,4.0,4,,,,,,,,
,,,,,14581,3.0,3,,,,,,,,
,,,,,14584,3.0,3,,,,,,,,
,,,,,14587,3.0,3,,,,,,,,
,,,,,14590,3.0,3,,,,,,,,
,,,,,14594,4.0,4,,,,,,,,
,,,,,14597,3.0,3,,,,,,,,
,,,,,14601,4.0,4,,,,,,,,
,,,,,14604,3.0,3,,,,,,,,
,,,,,14608,4.0,4,,,,,,,,
,,,,,14611,3.0,3,,,,,,,,
,,,,,14614,3.0,3,,,,,,,,
,,,,,14617,3.0,3,,,,,,,,
,,,,,14621,4.0,4,,,,,,,,
,,,,,14624,3.0,3,,,,,,,,
,,,,,14627,3.0,3,,,,,,,,
,,,,,14632,5.0,5,,,,,,,,
,,,,,14635,3.0,3,,,,,,,,
,,,,,14638,3.0,3,,,,,,,,
,,,,,14643,5.0,5,,,,,,,,
,,,,,14646,3.0,3,,,,,,,,
,,,,,14649,3.0,3,,,,,,,,
,,,,,14652,3.0,3,,,,,,,,
,,,,,14655,3.0,3,,,,,,,,
,,,,,14660,5.0,5,,,,,,,,
,,,,,14663,3.0,3,,,,,,,,
,,,,,14666,3.0,3,,,,,,,,
,,,,,14669,3.0,3,,,,,,,,
,,,,,14673,4.0,4,,,,,,,,
,,,,,14676,3.0,3,,,,,,,,
,,,,,14679,3.0,3,,,,,,,,
,,,,,14682,3.0,3,,,,,,,,
,,,,,14685,3.0,3,,,,,,,,
,,,,,14689,4.0,4,,,,,,,,
,,,,,14692,3.0,3,,,,,,,,
,,,,,14695,3.0,3,,,,,,,,
,,,,,14698,3.0,3,,,,,,,,
,,,,,14701,3.0,3,,,,,,,,
,,,,,14705,4.0,4,,,,,,,,
,,,,,14708,3.0,3,,,,,,,,
,,,,,14711,3.0,3,,,,,,,,
,,,,,14714,3.0,3,,,,,,,,
,,,,,14717,3.0,3,,,,,,,,
,,,,,14720,3.0,3,,,,,,,,
,,,,,14723,3.0,3,,,,,,,,
,,,,,14726,3.0,3,,,,,,,,
,,,,,14729,3.0,3,,,,,,,,
,,,,,14732,3.0,3,,,,,,,,
,,,,,14735,3.0,3,,,,,,,,
,,,,,14738,3.0,3,,,,,,,,
,,,,,14741,3.0,3,,,,,,,,
,,,,,14744,3.0,3,,,,,,,,
,,,,,14747,3.0,3,,,,,,,,
,,,,,14750,3.0,3,,,,,,,,
,,,,,14753,3.0,3,,,,,,,,
,,,,,14756,3.0,3,,,,,,,,
,,,,,14759,3.0,3,,,,,,,,
,,,,,14762,3.0,3,,,,,,,,
,,,,,14765,3.0,3,,,,,,,,
,,,,,14768,3.0,3,,,,,,,,
,,,,,14771,3.0,3,,,,,,,,
,,,,,14774,3.0,3,,,,,,,,
,,,,,14777,3.0,3,,,,,,,,
,,,,,14781,4.0,4,,,,,,,,
,,,,,14784,3.0,3,,,,,,,,
,,,,,14788,4.0,4,,,,,,,,
,,,,,14793,5.0,5,,,,,,,,
,,,,,14796,3.0,3,,,,,,,,
,,,,,14799,3.0,3,,,,,,,,
,,,,,14803,4.0,4,,,,,,,,
,,,,,14806,3.0,3,,,,,,,,
,,,,,14811,5.0,5,,,,,,,,
,,,,,14814,3.0,3,,,,,,,,
,,,,,14817,3.0,3,,,,,,,,
,,,,,14820,3.0,3,,,,,,,,
,,,,,14823,3.0,3,,,,,,,,
,,,,,14827,4.0,4,,,,,,,,
,,,,,14834,7.0,7,,,,,,,,
,,,,,14837,3.0,3,,,,,,,,
,,,,,14840,3.0,3,,,,,,,,
,,,,,14843,3.0,3,,,,,,,,
,,,,,14846,3.0,3,,,,,,,,
,,,,,14851,5.0,5,,,,,,,,
,,,,,14854,3.0,3,,,,,,,,
,,,,,14857,3.0,3,,,,,,,,
,,,,,14860,3.0,3,,,,,,,,
,,,,,14863,3.0,3,,,,,,,,
,,,,,14866,3.0,3,,,,,,,,
,,,,,14871,5.0,5,,,,,,,,
,,,,,14874,3.0,3,,,,,,,,
,,,,,14877,3.0,3,,,,,,,,
,,,,,14880,3.0,3,,,,,,,,
,,,,,14883,3.0,3,,,,,,,,
,,,,,14886,3.0,3,,,,,,,,
,,,,,14889,3.0,3,,,,,,,,
,,,,,14892,3.0,3,,,,,,,,
,,,,,14895,3.0,3,,,,,,,,
,,,,,14898,3.0,3,,,,,,,,
,,,,,14901,3.0,3,,,,,,,,
,,,,,14904,3.0,3,,,,,,,,
,,,,,14907,3.0,3,,,,,,,,
,,,,,14910,3.0,3,,,,,,,,
,,,,,14913,3.0,3,,,,,,,,
,,,,,14916,3.0,3,,,,,,,,
,,,,,14919,3.0,3,,,,,,,,
,,,,,14922,3.0,3,,,,,,,,
,,,,,14928,6.0,6,,,,,,,,
,,,,,14931,3.0,3,,,,,,,,
,,,,,14934,3.0,3,,,,,,,,
,,,,,14938,4.0,4,,,,,,,,
,,,,,14941,3.0,3,,,,,,,,
,,,,,14944,3.0,3,,,,,,,,
,,,,,14947,3.0,3,,,,,,,,
,,,,,14950,3.0,3,,,,,,,,
,,,,,14953,3.0,3,,,,,,,,
,,,,,14956,3.0,3,,,,,,,,
,,,,,14961,5.0,5,,,,,,,,
,,,,,14964,3.0,3,,,,,,,,
,,,,,14968,4.0,4,,,,,,,,
,,,,,14971,3.0,3,,,,,,,,
,,,,,14974,3.0,3,,,,,,,,
,,,,,14977,3.0,3,,,,,,,,
,,,,,14980,3.0,3,,,,,,,,
,,,,,14983,3.0,3,,,,,,,,
,,,,,14987,4.0,4,,,,,,,,
,,,,,14992,5.0,5,,,,,,,,
,,,,,14995,3.0,3,,,,,,,,
,,,,,14998,3.0,3,,,,,,,,
3.4,0.91651505,6.0,3.0,3.4,15000,,,0.25957974791526794,-2.595797538757324,0.2506561577320099,2.1135590076446533,2.122615337371826,0.0003,0.0003,0.1
,,,,,15001,3.0,3,,,,,,,,
,,,,,15004,3.0,3,,,,,,,,
,,,,,15007,3.0,3,,,,,,,,
,,,,,15010,3.0,3,,,,,,,,
,,,,,15013,3.0,3,,,,,,,,
,,,,,15016,3.0,3,,,,,,,,
,,,,,15019,3.0,3,,,,,,,,
,,,,,15023,4.0,4,,,,,,,,
,,,,,15026,3.0,3,,,,,,,,
,,,,,15029,3.0,3,,,,,,,,
,,,,,15032,3.0,3,,,,,,,,
,,,,,15035,3.0,3,,,,,,,,
,,,,,15038,3.0,3,,,,,,,,
,,,,,15041,3.0,3,,,,,,,,
,,,,,15044,3.0,3,,,,,,,,
,,,,,15047,3.0,3,,,,,,,,
,,,,,15050,3.0,3,,,,,,,,
,,,,,15053,3.0,3,,,,,,,,
,,,,,15056,3.0,3,,,,,,,,
,,,,,15059,3.0,3,,,,,,,,
,,,,,15062,3.0,3,,,,,,,,
,,,,,15065,3.0,3,,,,,,,,
,,,,,15068,3.0,3,,,,,,,,
,,,,,15071,3.0,3,,,,,,,,
,,,,,15074,3.0,3,,,,,,,,
,,,,,15077,3.0,3,,,,,,,,
,,,,,15080,3.0,3,,,,,,,,
,,,,,15084,4.0,4,,,,,,,,
,,,,,15088,4.0,4,,,,,,,,
,,,,,15091,3.0,3,,,,,,,,
,,,,,15094,3.0,3,,,,,,,,
,,,,,15097,3.0,3,,,,,,,,
,,,,,15100,3.0,3,,,,,,,,
,,,,,15103,3.0,3,,,,,,,,
,,,,,15106,3.0,3,,,,,,,,
,,,,,15110,4.0,4,,,,,,,,
,,,,,15113,3.0,3,,,,,,,,
,,,,,15116,3.0,3,,,,,,,,
,,,,,15119,3.0,3,,,,,,,,
,,,,,15122,3.0,3,,,,,,,,
,,,,,15125,3.0,3,,,,,,,,
,,,,,15128,3.0,3,,,,,,,,
,,,,,15131,3.0,3,,,,,,,,
,,,,,15134,3.0,3,,,,,,,,
,,,,,15137,3.0,3,,,,,,,,
,,,,,15140,3.0,3,,,,,,,,
,,,,,15143,3.0,3,,,,,,,,
,,,,,15146,3.0,3,,,,,,,,
,,,,,15149,3.0,3,,,,,,,,
,,,,,15153,4.0,4,,,,,,,,
,,,,,15156,3.0,3,,,,,,,,
,,,,,15159,3.0,3,,,,,,,,
,,,,,15162,3.0,3,,,,,,,,
,,,,,15165,3.0,3,,,,,,,,
,,,,,15168,3.0,3,,,,,,,,
,,,,,15171,3.0,3,,,,,,,,
,,,,,15175,4.0,4,,,,,,,,
,,,,,15178,3.0,3,,,,,,,,
,,,,,15181,3.0,3,,,,,,,,
,,,,,15184,3.0,3,,,,,,,,
,,,,,15187,3.0,3,,,,,,,,
,,,,,15190,3.0,3,,,,,,,,
,,,,,15194,4.0,4,,,,,,,,
,,,,,15197,3.0,3,,,,,,,,
,,,,,15201,4.0,4,,,,,,,,
,,,,,15204,3.0,3,,,,,,,,
,,,,,15207,3.0,3,,,,,,,,
,,,,,15210,3.0,3,,,,,,,,
,,,,,15213,3.0,3,,,,,,,,
,,,,,15216,3.0,3,,,,,,,,
,,,,,15220,4.0,4,,,,,,,,
,,,,,15223,3.0,3,,,,,,,,
,,,,,15226,3.0,3,,,,,,,,
,,,,,15229,3.0,3,,,,,,,,
,,,,,15232,3.0,3,,,,,,,,
,,,,,15237,5.0,5,,,,,,,,
,,,,,15240,3.0,3,,,,,,,,
,,,,,15243,3.0,3,,,,,,,,
,,,,,15247,4.0,4,,,,,,,,
,,,,,15250,3.0,3,,,,,,,,
,,,,,15254,4.0,4,,,,,,,,
,,,,,15257,3.0,3,,,,,,,,
,,,,,15260,3.0,3,,,,,,,,
,,,,,15263,3.0,3,,,,,,,,
,,,,,15266,3.0,3,,,,,,,,
,,,,,15269,3.0,3,,,,,,,,
,,,,,15272,3.0,3,,,,,,,,
,,,,,15275,3.0,3,,,,,,,,
,,,,,15280,5.0,5,,,,,,,,
,,,,,15283,3.0,3,,,,,,,,
,,,,,15286,3.0,3,,,,,,,,
,,,,,15289,3.0,3,,,,,,,,
,,,,,15292,3.0,3,,,,,,,,
,,,,,15295,3.0,3,,,,,,,,
,,,,,15298,3.0,3,,,,,,,,
,,,,,15301,3.0,3,,,,,,,,
,,,,,15304,3.0,3,,,,,,,,
,,,,,15307,3.0,3,,,,,,,,
,,,,,15310,3.0,3,,,,,,,,
,,,,,15313,3.0,3,,,,,,,,
,,,,,15316,3.0,3,,,,,,,,
,,,,,15319,3.0,3,,,,,,,,
,,,,,15322,3.0,3,,,,,,,,
,,,,,15325,3.0,3,,,,,,,,
,,,,,15328,3.0,3,,,,,,,,
,,,,,15331,3.0,3,,,,,,,,
,,,,,15334,3.0,3,,,,,,,,
,,,,,15337,3.0,3,,,,,,,,
,,,,,15340,3.0,3,,,,,,,,
,,,,,15343,3.0,3,,,,,,,,
,,,,,15346,3.0,3,,,,,,,,
,,,,,15349,3.0,3,,,,,,,,
,,,,,15352,3.0,3,,,,,,,,
,,,,,15355,3.0,3,,,,,,,,
,,,,,15358,3.0,3,,,,,,,,
,,,,,15361,3.0,3,,,,,,,,
,,,,,15364,3.0,3,,,,,,,,
,,,,,15367,3.0,3,,,,,,,,
,,,,,15370,3.0,3,,,,,,,,
,,,,,15373,3.0,3,,,,,,,,
,,,,,15376,3.0,3,,,,,,,,
,,,,,15379,3.0,3,,,,,,,,
,,,,,15382,3.0,3,,,,,,,,
,,,,,15385,3.0,3,,,,,,,,
,,,,,15388,3.0,3,,,,,,,,
,,,,,15391,3.0,3,,,,,,,,
,,,,,15394,3.0,3,,,,,,,,
,,,,,15398,4.0,4,,,,,,,,
,,,,,15402,4.0,4,,,,,,,,
,,,,,15405,3.0,3,,,,,,,,
,,,,,15408,3.0,3,,,,,,,,
,,,,,15412,4.0,4,,,,,,,,
,,,,,15415,3.0,3,,,,,,,,
,,,,,15418,3.0,3,,,,,,,,
,,,,,15421,3.0,3,,,,,,,,
,,,,,15424,3.0,3,,,,,,,,
,,,,,15427,3.0,3,,,,,,,,
,,,,,15430,3.0,3,,,,,,,,
,,,,,15433,3.0,3,,,,,,,,
,,,,,15436,3.0,3,,,,,,,,
,,,,,15439,3.0,3,,,,,,,,
,,,,,15442,3.0,3,,,,,,,,
,,,,,15445,3.0,3,,,,,,,,
,,,,,15448,3.0,3,,,,,,,,
,,,,,15451,3.0,3,,,,,,,,
,,,,,15454,3.0,3,,,,,,,,
,,,,,15457,3.0,3,,,,,,,,
,,,,,15460,3.0,3,,,,,,,,
,,,,,15463,3.0,3,,,,,,,,
,,,,,15466,3.0,3,,,,,,,,
,,,,,15469,3.0,3,,,,,,,,
,,,,,15472,3.0,3,,,,,,,,
,,,,,15475,3.0,3,,,,,,,,
,,,,,15478,3.0,3,,,,,,,,
,,,,,15481,3.0,3,,,,,,,,
,,,,,15484,3.0,3,,,,,,,,
,,,,,15487,3.0,3,,,,,,,,
,,,,,15490,3.0,3,,,,,,,,
,,,,,15493,3.0,3,,,,,,,,
,,,,,15496,3.0,3,,,,,,,,
,,,,,15499,3.0,3,,,,,,,,
,,,,,15502,3.0,3,,,,,,,,
,,,,,15505,3.0,3,,,,,,,,
,,,,,15508,3.0,3,,,,,,,,
,,,,,15511,3.0,3,,,,,,,,
,,,,,15514,3.0,3,,,,,,,,
,,,,,15517,3.0,3,,,,,,,,
,,,,,15520,3.0,3,,,,,,,,
,,,,,15523,3.0,3,,,,,,,,
,,,,,15526,3.0,3,,,,,,,,
,,,,,15529,3.0,3,,,,,,,,
,,,,,15532,3.0,3,,,,,,,,
,,,,,15535,3.0,3,,,,,,,,
,,,,,15538,3.0,3,,,,,,,,
,,,,,15541,3.0,3,,,,,,,,
,,,,,15544,3.0,3,,,,,,,,
,,,,,15547,3.0,3,,,,,,,,
,,,,,15550,3.0,3,,,,,,,,
,,,,,15553,3.0,3,,,,,,,,
,,,,,15556,3.0,3,,,,,,,,
,,,,,15559,3.0,3,,,,,,,,
,,,,,15562,3.0,3,,,,,,,,
,,,,,15565,3.0,3,,,,,,,,
,,,,,15568,3.0,3,,,,,,,,
,,,,,15571,3.0,3,,,,,,,,
,,,,,15574,3.0,3,,,,,,,,
,,,,,15577,3.0,3,,,,,,,,
,,,,,15580,3.0,3,,,,,,,,
,,,,,15583,3.0,3,,,,,,,,
,,,,,15586,3.0,3,,,,,,,,
,,,,,15589,3.0,3,,,,,,,,
,,,,,15592,3.0,3,,,,,,,,
,,,,,15595,3.0,3,,,,,,,,
,,,,,15600,5.0,5,,,,,,,,
,,,,,15604,4.0,4,,,,,,,,
,,,,,15607,3.0,3,,,,,,,,
,,,,,15610,3.0,3,,,,,,,,
,,,,,15613,3.0,3,,,,,,,,
,,,,,15616,3.0,3,,,,,,,,
,,,,,15619,3.0,3,,,,,,,,
,,,,,15622,3.0,3,,,,,,,,
,,,,,15625,3.0,3,,,,,,,,
,,,,,15628,3.0,3,,,,,,,,
,,,,,15631,3.0,3,,,,,,,,
,,,,,15634,3.0,3,,,,,,,,
,,,,,15637,3.0,3,,,,,,,,
,,,,,15640,3.0,3,,,,,,,,
,,,,,15643,3.0,3,,,,,,,,
,,,,,15646,3.0,3,,,,,,,,
,,,,,15649,3.0,3,,,,,,,,
,,,,,15652,3.0,3,,,,,,,,
,,,,,15655,3.0,3,,,,,,,,
,,,,,15658,3.0,3,,,,,,,,
,,,,,15661,3.0,3,,,,,,,,
,,,,,15664,3.0,3,,,,,,,,
,,,,,15667,3.0,3,,,,,,,,
,,,,,15670,3.0,3,,,,,,,,
,,,,,15673,3.0,3,,,,,,,,
,,,,,15676,3.0,3,,,,,,,,
,,,,,15679,3.0,3,,,,,,,,
,,,,,15682,3.0,3,,,,,,,,
,,,,,15687,5.0,5,,,,,,,,
,,,,,15690,3.0,3,,,,,,,,
,,,,,15693,3.0,3,,,,,,,,
,,,,,15696,3.0,3,,,,,,,,
,,,,,15699,3.0,3,,,,,,,,
,,,,,15702,3.0,3,,,,,,,,
,,,,,15705,3.0,3,,,,,,,,
,,,,,15708,3.0,3,,,,,,,,
,,,,,15711,3.0,3,,,,,,,,
,,,,,15714,3.0,3,,,,,,,,
,,,,,15717,3.0,3,,,,,,,,
,,,,,15720,3.0,3,,,,,,,,
,,,,,15723,3.0,3,,,,,,,,
,,,,,15726,3.0,3,,,,,,,,
,,,,,15729,3.0,3,,,,,,,,
,,,,,15732,3.0,3,,,,,,,,
,,,,,15735,3.0,3,,,,,,,,
,,,,,15738,3.0,3,,,,,,,,
,,,,,15741,3.0,3,,,,,,,,
,,,,,15744,3.0,3,,,,,,,,
,,,,,15747,3.0,3,,,,,,,,
,,,,,15750,3.0,3,,,,,,,,
,,,,,15753,3.0,3,,,,,,,,
,,,,,15756,3.0,3,,,,,,,,
,,,,,15759,3.0,3,,,,,,,,
,,,,,15762,3.0,3,,,,,,,,
,,,,,15766,4.0,4,,,,,,,,
,,,,,15769,3.0,3,,,,,,,,
,,,,,15772,3.0,3,,,,,,,,
,,,,,15775,3.0,3,,,,,,,,
,,,,,15778,3.0,3,,,,,,,,
,,,,,15781,3.0,3,,,,,,,,
,,,,,15784,3.0,3,,,,,,,,
,,,,,15787,3.0,3,,,,,,,,
,,,,,15791,4.0,4,,,,,,,,
,,,,,15794,3.0,3,,,,,,,,
,,,,,15797,3.0,3,,,,,,,,
,,,,,15800,3.0,3,,,,,,,,
,,,,,15803,3.0,3,,,,,,,,
,,,,,15806,3.0,3,,,,,,,,
,,,,,15809,3.0,3,,,,,,,,
,,,,,15812,3.0,3,,,,,,,,
,,,,,15815,3.0,3,,,,,,,,
,,,,,15818,3.0,3,,,,,,,,
,,,,,15821,3.0,3,,,,,,,,
,,,,,15824,3.0,3,,,,,,,,
,,,,,15827,3.0,3,,,,,,,,
,,,,,15831,4.0,4,,,,,,,,
,,,,,15834,3.0,3,,,,,,,,
,,,,,15837,3.0,3,,,,,,,,
,,,,,15840,3.0,3,,,,,,,,
,,,,,15844,4.0,4,,,,,,,,
,,,,,15847,3.0,3,,,,,,,,
,,,,,15850,3.0,3,,,,,,,,
,,,,,15853,3.0,3,,,,,,,,
,,,,,15857,4.0,4,,,,,,,,
,,,,,15860,3.0,3,,,,,,,,
,,,,,15863,3.0,3,,,,,,,,
,,,,,15867,4.0,4,,,,,,,,
,,,,,15870,3.0,3,,,,,,,,
,,,,,15873,3.0,3,,,,,,,,
,,,,,15876,3.0,3,,,,,,,,
,,,,,15879,3.0,3,,,,,,,,
,,,,,15882,3.0,3,,,,,,,,
,,,,,15885,3.0,3,,,,,,,,
,,,,,15888,3.0,3,,,,,,,,
,,,,,15891,3.0,3,,,,,,,,
,,,,,15895,4.0,4,,,,,,,,
,,,,,15898,3.0,3,,,,,,,,
,,,,,15901,3.0,3,,,,,,,,
,,,,,15904,3.0,3,,,,,,,,
,,,,,15907,3.0,3,,,,,,,,
,,,,,15910,3.0,3,,,,,,,,
,,,,,15913,3.0,3,,,,,,,,
,,,,,15916,3.0,3,,,,,,,,
,,,,,15919,3.0,3,,,,,,,,
,,,,,15922,3.0,3,,,,,,,,
,,,,,15925,3.0,3,,,,,,,,
,,,,,15929,4.0,4,,,,,,,,
,,,,,15932,3.0,3,,,,,,,,
,,,,,15935,3.0,3,,,,,,,,
,,,,,15938,3.0,3,,,,,,,,
,,,,,15941,3.0,3,,,,,,,,
,,,,,15944,3.0,3,,,,,,,,
,,,,,15947,3.0,3,,,,,,,,
,,,,,15950,3.0,3,,,,,,,,
,,,,,15953,3.0,3,,,,,,,,
,,,,,15957,4.0,4,,,,,,,,
,,,,,15960,3.0,3,,,,,,,,
,,,,,15963,3.0,3,,,,,,,,
,,,,,15966,3.0,3,,,,,,,,
,,,,,15969,3.0,3,,,,,,,,
,,,,,15972,3.0,3,,,,,,,,
,,,,,15975,3.0,3,,,,,,,,
,,,,,15978,3.0,3,,,,,,,,
,,,,,15981,3.0,3,,,,,,,,
,,,,,15984,3.0,3,,,,,,,,
,,,,,15987,3.0,3,,,,,,,,
,,,,,15990,3.0,3,,,,,,,,
,,,,,15993,3.0,3,,,,,,,,
,,,,,15996,3.0,3,,,,,,,,
,,,,,15999,3.0,3,,,,,,,,
,,,,,16000,,,0.2800488770008087,-2.8004887104034424,0.11639602482318878,2.0080206394195557,1.964954137802124,0.0003,0.0003,0.1
,,,,,16002,3.0,3,,,,,,,,
,,,,,16005,3.0,3,,,,,,,,
,,,,,16011,6.0,6,,,,,,,,
,,,,,16014,3.0,3,,,,,,,,
,,,,,16017,3.0,3,,,,,,,,
,,,,,16020,3.0,3,,,,,,,,
,,,,,16023,3.0,3,,,,,,,,
,,,,,16026,3.0,3,,,,,,,,
,,,,,16029,3.0,3,,,,,,,,
,,,,,16032,3.0,3,,,,,,,,
,,,,,16035,3.0,3,,,,,,,,
,,,,,16038,3.0,3,,,,,,,,
,,,,,16041,3.0,3,,,,,,,,
,,,,,16044,3.0,3,,,,,,,,
,,,,,16047,3.0,3,,,,,,,,
,,,,,16050,3.0,3,,,,,,,,
,,,,,16053,3.0,3,,,,,,,,
,,,,,16056,3.0,3,,,,,,,,
,,,,,16059,3.0,3,,,,,,,,
,,,,,16062,3.0,3,,,,,,,,
,,,,,16065,3.0,3,,,,,,,,
,,,,,16068,3.0,3,,,,,,,,
,,,,,16071,3.0,3,,,,,,,,
,,,,,16074,3.0,3,,,,,,,,
,,,,,16077,3.0,3,,,,,,,,
,,,,,16080,3.0,3,,,,,,,,
,,,,,16083,3.0,3,,,,,,,,
,,,,,16086,3.0,3,,,,,,,,
,,,,,16089,3.0,3,,,,,,,,
,,,,,16093,4.0,4,,,,,,,,
,,,,,16096,3.0,3,,,,,,,,
,,,,,16099,3.0,3,,,,,,,,
,,,,,16103,4.0,4,,,,,,,,
,,,,,16106,3.0,3,,,,,,,,
,,,,,16109,3.0,3,,,,,,,,
,,,,,16112,3.0,3,,,,,,,,
,,,,,16115,3.0,3,,,,,,,,
,,,,,16118,3.0,3,,,,,,,,
,,,,,16121,3.0,3,,,,,,,,
,,,,,16124,3.0,3,,,,,,,,
,,,,,16129,5.0,5,,,,,,,,
,,,,,16132,3.0,3,,,,,,,,
,,,,,16135,3.0,3,,,,,,,,
,,,,,16138,3.0,3,,,,,,,,
,,,,,16141,3.0,3,,,,,,,,
,,,,,16144,3.0,3,,,,,,,,
,,,,,16147,3.0,3,,,,,,,,
,,,,,16150,3.0,3,,,,,,,,
,,,,,16153,3.0,3,,,,,,,,
,,,,,16156,3.0,3,,,,,,,,
,,,,,16159,3.0,3,,,,,,,,
,,,,,16163,4.0,4,,,,,,,,
,,,,,16166,3.0,3,,,,,,,,
,,,,,16169,3.0,3,,,,,,,,
,,,,,16172,3.0,3,,,,,,,,
,,,,,16175,3.0,3,,,,,,,,
,,,,,16178,3.0,3,,,,,,,,
,,,,,16181,3.0,3,,,,,,,,
,,,,,16184,3.0,3,,,,,,,,
,,,,,16187,3.0,3,,,,,,,,
,,,,,16190,3.0,3,,,,,,,,
,,,,,16193,3.0,3,,,,,,,,
,,,,,16196,3.0,3,,,,,,,,
,,,,,16199,3.0,3,,,,,,,,
,,,,,16202,3.0,3,,,,,,,,
,,,,,16205,3.0,3,,,,,,,,
,,,,,16208,3.0,3,,,,,,,,
,,,,,16211,3.0,3,,,,,,,,
,,,,,16214,3.0,3,,,,,,,,
,,,,,16217,3.0,3,,,,,,,,
,,,,,16220,3.0,3,,,,,,,,
,,,,,16223,3.0,3,,,,,,,,
,,,,,16226,3.0,3,,,,,,,,
,,,,,16229,3.0,3,,,,,,,,
,,,,,16232,3.0,3,,,,,,,,
,,,,,16235,3.0,3,,,,,,,,
,,,,,16238,3.0,3,,,,,,,,
,,,,,16241,3.0,3,,,,,,,,
,,,,,16244,3.0,3,,,,,,,,
,,,,,16247,3.0,3,,,,,,,,
,,,,,16250,3.0,3,,,,,,,,
,,,,,16253,3.0,3,,,,,,,,
,,,,,16256,3.0,3,,,,,,,,
,,,,,16259,3.0,3,,,,,,,,
,,,,,16262,3.0,3,,,,,,,,
,,,,,16265,3.0,3,,,,,,,,
,,,,,16268,3.0,3,,,,,,,,
,,,,,16273,5.0,5,,,,,,,,
,,,,,16276,3.0,3,,,,,,,,
,,,,,16279,3.0,3,,,,,,,,
,,,,,16283,4.0,4,,,,,,,,
,,,,,16286,3.0,3,,,,,,,,
,,,,,16289,3.0,3,,,,,,,,
,,,,,16292,3.0,3,,,,,,,,
,,,,,16295,3.0,3,,,,,,,,
,,,,,16298,3.0,3,,,,,,,,
,,,,,16301,3.0,3,,,,,,,,
,,,,,16304,3.0,3,,,,,,,,
,,,,,16307,3.0,3,,,,,,,,
,,,,,16310,3.0,3,,,,,,,,
,,,,,16313,3.0,3,,,,,,,,
,,,,,16316,3.0,3,,,,,,,,
,,,,,16319,3.0,3,,,,,,,,
,,,,,16322,3.0,3,,,,,,,,
,,,,,16325,3.0,3,,,,,,,,
,,,,,16328,3.0,3,,,,,,,,
,,,,,16331,3.0,3,,,,,,,,
,,,,,16334,3.0,3,,,,,,,,
,,,,,16337,3.0,3,,,,,,,,
,,,,,16340,3.0,3,,,,,,,,
,,,,,16343,3.0,3,,,,,,,,
,,,,,16346,3.0,3,,,,,,,,
,,,,,16349,3.0,3,,,,,,,,
,,,,,16352,3.0,3,,,,,,,,
,,,,,16355,3.0,3,,,,,,,,
,,,,,16358,3.0,3,,,,,,,,
,,,,,16361,3.0,3,,,,,,,,
,,,,,16364,3.0,3,,,,,,,,
,,,,,16367,3.0,3,,,,,,,,
,,,,,16370,3.0,3,,,,,,,,
,,,,,16373,3.0,3,,,,,,,,
,,,,,16377,4.0,4,,,,,,,,
,,,,,16380,3.0,3,,,,,,,,
,,,,,16383,3.0,3,,,,,,,,
,,,,,16386,3.0,3,,,,,,,,
,,,,,16389,3.0,3,,,,,,,,
,,,,,16392,3.0,3,,,,,,,,
,,,,,16395,3.0,3,,,,,,,,
,,,,,16398,3.0,3,,,,,,,,
,,,,,16401,3.0,3,,,,,,,,
,,,,,16404,3.0,3,,,,,,,,
,,,,,16408,4.0,4,,,,,,,,
,,,,,16411,3.0,3,,,,,,,,
,,,,,16414,3.0,3,,,,,,,,
,,,,,16417,3.0,3,,,,,,,,
,,,,,16420,3.0,3,,,,,,,,
,,,,,16423,3.0,3,,,,,,,,
,,,,,16426,3.0,3,,,,,,,,
,,,,,16429,3.0,3,,,,,,,,
,,,,,16432,3.0,3,,,,,,,,
,,,,,16435,3.0,3,,,,,,,,
,,,,,16438,3.0,3,,,,,,,,
,,,,,16441,3.0,3,,,,,,,,
,,,,,16444,3.0,3,,,,,,,,
,,,,,16447,3.0,3,,,,,,,,
,,,,,16451,4.0,4,,,,,,,,
,,,,,16455,4.0,4,,,,,,,,
,,,,,16458,3.0,3,,,,,,,,
,,,,,16461,3.0,3,,,,,,,,
,,,,,16464,3.0,3,,,,,,,,
,,,,,16467,3.0,3,,,,,,,,
,,,,,16470,3.0,3,,,,,,,,
,,,,,16473,3.0,3,,,,,,,,
,,,,,16476,3.0,3,,,,,,,,
,,,,,16479,3.0,3,,,,,,,,
,,,,,16482,3.0,3,,,,,,,,
,,,,,16485,3.0,3,,,,,,,,
,,,,,16488,3.0,3,,,,,,,,
,,,,,16491,3.0,3,,,,,,,,
,,,,,16494,3.0,3,,,,,,,,
,,,,,16497,3.0,3,,,,,,,,
,,,,,16500,3.0,3,,,,,,,,
,,,,,16503,3.0,3,,,,,,,,
,,,,,16506,3.0,3,,,,,,,,
,,,,,16509,3.0,3,,,,,,,,
,,,,,16513,4.0,4,,,,,,,,
,,,,,16516,3.0,3,,,,,,,,
,,,,,16519,3.0,3,,,,,,,,
,,,,,16522,3.0,3,,,,,,,,
,,,,,16525,3.0,3,,,,,,,,
,,,,,16528,3.0,3,,,,,,,,
,,,,,16532,4.0,4,,,,,,,,
,,,,,16535,3.0,3,,,,,,,,
,,,,,16538,3.0,3,,,,,,,,
,,,,,16541,3.0,3,,,,,,,,
,,,,,16544,3.0,3,,,,,,,,
,,,,,16547,3.0,3,,,,,,,,
,,,,,16550,3.0,3,,,,,,,,
,,,,,16554,4.0,4,,,,,,,,
,,,,,16557,3.0,3,,,,,,,,
,,,,,16560,3.0,3,,,,,,,,
,,,,,16563,3.0,3,,,,,,,,
,,,,,16566,3.0,3,,,,,,,,
,,,,,16569,3.0,3,,,,,,,,
,,,,,16573,4.0,4,,,,,,,,
,,,,,16576,3.0,3,,,,,,,,
,,,,,16579,3.0,3,,,,,,,,
,,,,,16582,3.0,3,,,,,,,,
,,,,,16585,3.0,3,,,,,,,,
,,,,,16588,3.0,3,,,,,,,,
,,,,,16592,4.0,4,,,,,,,,
,,,,,16595,3.0,3,,,,,,,,
,,,,,16598,3.0,3,,,,,,,,
,,,,,16601,3.0,3,,,,,,,,
,,,,,16605,4.0,4,,,,,,,,
,,,,,16608,3.0,3,,,,,,,,
,,,,,16611,3.0,3,,,,,,,,
,,,,,16614,3.0,3,,,,,,,,
,,,,,16617,3.0,3,,,,,,,,
,,,,,16620,3.0,3,,,,,,,,
,,,,,16623,3.0,3,,,,,,,,
,,,,,16626,3.0,3,,,,,,,,
,,,,,16629,3.0,3,,,,,,,,
,,,,,16632,3.0,3,,,,,,,,
,,,,,16635,3.0,3,,,,,,,,
,,,,,16638,3.0,3,,,,,,,,
,,,,,16641,3.0,3,,,,,,,,
,,,,,16645,4.0,4,,,,,,,,
,,,,,16649,4.0,4,,,,,,,,
,,,,,16652,3.0,3,,,,,,,,
,,,,,16655,3.0,3,,,,,,,,
,,,,,16658,3.0,3,,,,,,,,
,,,,,16661,3.0,3,,,,,,,,
,,,,,16664,3.0,3,,,,,,,,
,,,,,16667,3.0,3,,,,,,,,
,,,,,16670,3.0,3,,,,,,,,
,,,,,16673,3.0,3,,,,,,,,
,,,,,16676,3.0,3,,,,,,,,
,,,,,16679,3.0,3,,,,,,,,
,,,,,16683,4.0,4,,,,,,,,
,,,,,16686,3.0,3,,,,,,,,
,,,,,16689,3.0,3,,,,,,,,
,,,,,16692,3.0,3,,,,,,,,
,,,,,16695,3.0,3,,,,,,,,
,,,,,16698,3.0,3,,,,,,,,
,,,,,16701,3.0,3,,,,,,,,
,,,,,16704,3.0,3,,,,,,,,
,,,,,16708,4.0,4,,,,,,,,
,,,,,16711,3.0,3,,,,,,,,
,,,,,16714,3.0,3,,,,,,,,
,,,,,16717,3.0,3,,,,,,,,
,,,,,16720,3.0,3,,,,,,,,
,,,,,16723,3.0,3,,,,,,,,
,,,,,16726,3.0,3,,,,,,,,
,,,,,16730,4.0,4,,,,,,,,
,,,,,16733,3.0,3,,,,,,,,
,,,,,16736,3.0,3,,,,,,,,
,,,,,16739,3.0,3,,,,,,,,
,,,,,16742,3.0,3,,,,,,,,
,,,,,16746,4.0,4,,,,,,,,
,,,,,16749,3.0,3,,,,,,,,
,,,,,16752,3.0,3,,,,,,,,
,,,,,16755,3.0,3,,,,,,,,
,,,,,16758,3.0,3,,,,,,,,
,,,,,16761,3.0,3,,,,,,,,
,,,,,16764,3.0,3,,,,,,,,
,,,,,16767,3.0,3,,,,,,,,
,,,,,16770,3.0,3,,,,,,,,
,,,,,16773,3.0,3,,,,,,,,
,,,,,16776,3.0,3,,,,,,,,
,,,,,16781,5.0,5,,,,,,,,
,,,,,16784,3.0,3,,,,,,,,
,,,,,16787,3.0,3,,,,,,,,
,,,,,16790,3.0,3,,,,,,,,
,,,,,16793,3.0,3,,,,,,,,
,,,,,16796,3.0,3,,,,,,,,
,,,,,16799,3.0,3,,,,,,,,
,,,,,16802,3.0,3,,,,,,,,
,,,,,16805,3.0,3,,,,,,,,
,,,,,16808,3.0,3,,,,,,,,
,,,,,16811,3.0,3,,,,,,,,
,,,,,16814,3.0,3,,,,,,,,
,,,,,16817,3.0,3,,,,,,,,
,,,,,16820,3.0,3,,,,,,,,
,,,,,16824,4.0,4,,,,,,,,
,,,,,16827,3.0,3,,,,,,,,
,,,,,16830,3.0,3,,,,,,,,
,,,,,16833,3.0,3,,,,,,,,
,,,,,16836,3.0,3,,,,,,,,
,,,,,16839,3.0,3,,,,,,,,
,,,,,16842,3.0,3,,,,,,,,
,,,,,16845,3.0,3,,,,,,,,
,,,,,16848,3.0,3,,,,,,,,
,,,,,16851,3.0,3,,,,,,,,
,,,,,16854,3.0,3,,,,,,,,
,,,,,16857,3.0,3,,,,,,,,
,,,,,16861,4.0,4,,,,,,,,
,,,,,16864,3.0,3,,,,,,,,
,,,,,16868,4.0,4,,,,,,,,
,,,,,16871,3.0,3,,,,,,,,
,,,,,16874,3.0,3,,,,,,,,
,,,,,16877,3.0,3,,,,,,,,
,,,,,16881,4.0,4,,,,,,,,
,,,,,16885,4.0,4,,,,,,,,
,,,,,16889,4.0,4,,,,,,,,
,,,,,16894,5.0,5,,,,,,,,
,,,,,16897,3.0,3,,,,,,,,
,,,,,16901,4.0,4,,,,,,,,
,,,,,16904,3.0,3,,,,,,,,
,,,,,16908,4.0,4,,,,,,,,
,,,,,16911,3.0,3,,,,,,,,
,,,,,16914,3.0,3,,,,,,,,
,,,,,16917,3.0,3,,,,,,,,
,,,,,16921,4.0,4,,,,,,,,
,,,,,16925,4.0,4,,,,,,,,
,,,,,16928,3.0,3,,,,,,,,
,,,,,16932,4.0,4,,,,,,,,
,,,,,16935,3.0,3,,,,,,,,
,,,,,16938,3.0,3,,,,,,,,
,,,,,16941,3.0,3,,,,,,,,
,,,,,16945,4.0,4,,,,,,,,
,,,,,16948,3.0,3,,,,,,,,
,,,,,16951,3.0,3,,,,,,,,
,,,,,16955,4.0,4,,,,,,,,
,,,,,16958,3.0,3,,,,,,,,
,,,,,16961,3.0,3,,,,,,,,
,,,,,16964,3.0,3,,,,,,,,
,,,,,16968,4.0,4,,,,,,,,
,,,,,16971,3.0,3,,,,,,,,
,,,,,16974,3.0,3,,,,,,,,
,,,,,16977,3.0,3,,,,,,,,
,,,,,16980,3.0,3,,,,,,,,
,,,,,16984,4.0,4,,,,,,,,
,,,,,16988,4.0,4,,,,,,,,
,,,,,16993,5.0,5,,,,,,,,
,,,,,16996,3.0,3,,,,,,,,
,,,,,17000,4.0,4,,,,,,,,
,,,,,17000,,,0.01055552065372467,-0.1055552065372467,0.24022914469242096,2.909181833267212,2.916440486907959,0.0003,0.0003,0.1
,,,,,17003,3.0,3,,,,,,,,
,,,,,17007,4.0,4,,,,,,,,
,,,,,17011,4.0,4,,,,,,,,
,,,,,17015,4.0,4,,,,,,,,
,,,,,17018,3.0,3,,,,,,,,
,,,,,17023,5.0,5,,,,,,,,
,,,,,17028,5.0,5,,,,,,,,
,,,,,17032,4.0,4,,,,,,,,
,,,,,17035,3.0,3,,,,,,,,
,,,,,17041,6.0,6,,,,,,,,
,,,,,17044,3.0,3,,,,,,,,
,,,,,17048,4.0,4,,,,,,,,
,,,,,17053,5.0,5,,,,,,,,
,,,,,17056,3.0,3,,,,,,,,
,,,,,17061,5.0,5,,,,,,,,
,,,,,17065,4.0,4,,,,,,,,
,,,,,17070,5.0,5,,,,,,,,
,,,,,17073,3.0,3,,,,,,,,
,,,,,17077,4.0,4,,,,,,,,
,,,,,17081,4.0,4,,,,,,,,
,,,,,17085,4.0,4,,,,,,,,
,,,,,17089,4.0,4,,,,,,,,
,,,,,17093,4.0,4,,,,,,,,
,,,,,17097,4.0,4,,,,,,,,
,,,,,17101,4.0,4,,,,,,,,
,,,,,17105,4.0,4,,,,,,,,
,,,,,17109,4.0,4,,,,,,,,
,,,,,17116,7.0,7,,,,,,,,
,,,,,17120,4.0,4,,,,,,,,
,,,,,17126,6.0,6,,,,,,,,
,,,,,17130,4.0,4,,,,,,,,
,,,,,17134,4.0,4,,,,,,,,
,,,,,17138,4.0,4,,,,,,,,
,,,,,17142,4.0,4,,,,,,,,
,,,,,17148,6.0,6,,,,,,,,
,,,,,17152,4.0,4,,,,,,,,
,,,,,17156,4.0,4,,,,,,,,
,,,,,17160,4.0,4,,,,,,,,
,,,,,17164,4.0,4,,,,,,,,
,,,,,17168,4.0,4,,,,,,,,
,,,,,17172,4.0,4,,,,,,,,
,,,,,17177,5.0,5,,,,,,,,
,,,,,17181,4.0,4,,,,,,,,
,,,,,17185,4.0,4,,,,,,,,
,,,,,17190,5.0,5,,,,,,,,
,,,,,17193,3.0,3,,,,,,,,
,,,,,17196,3.0,3,,,,,,,,
,,,,,17200,4.0,4,,,,,,,,
,,,,,17204,4.0,4,,,,,,,,
,,,,,17207,3.0,3,,,,,,,,
,,,,,17210,3.0,3,,,,,,,,
,,,,,17213,3.0,3,,,,,,,,
,,,,,17216,3.0,3,,,,,,,,
,,,,,17219,3.0,3,,,,,,,,
,,,,,17222,3.0,3,,,,,,,,
,,,,,17225,3.0,3,,,,,,,,
,,,,,17228,3.0,3,,,,,,,,
,,,,,17231,3.0,3,,,,,,,,
,,,,,17234,3.0,3,,,,,,,,
,,,,,17237,3.0,3,,,,,,,,
,,,,,17240,3.0,3,,,,,,,,
,,,,,17243,3.0,3,,,,,,,,
,,,,,17246,3.0,3,,,,,,,,
,,,,,17249,3.0,3,,,,,,,,
,,,,,17252,3.0,3,,,,,,,,
,,,,,17255,3.0,3,,,,,,,,
,,,,,17258,3.0,3,,,,,,,,
,,,,,17263,5.0,5,,,,,,,,
,,,,,17266,3.0,3,,,,,,,,
,,,,,17269,3.0,3,,,,,,,,
,,,,,17272,3.0,3,,,,,,,,
,,,,,17275,3.0,3,,,,,,,,
,,,,,17279,4.0,4,,,,,,,,
,,,,,17283,4.0,4,,,,,,,,
,,,,,17287,4.0,4,,,,,,,,
,,,,,17290,3.0,3,,,,,,,,
,,,,,17293,3.0,3,,,,,,,,
,,,,,17296,3.0,3,,,,,,,,
,,,,,17299,3.0,3,,,,,,,,
,,,,,17303,4.0,4,,,,,,,,
,,,,,17306,3.0,3,,,,,,,,
,,,,,17310,4.0,4,,,,,,,,
,,,,,17314,4.0,4,,,,,,,,
,,,,,17317,3.0,3,,,,,,,,
,,,,,17320,3.0,3,,,,,,,,
,,,,,17323,3.0,3,,,,,,,,
,,,,,17327,4.0,4,,,,,,,,
,,,,,17330,3.0,3,,,,,,,,
,,,,,17333,3.0,3,,,,,,,,
,,,,,17336,3.0,3,,,,,,,,
,,,,,17340,4.0,4,,,,,,,,
,,,,,17344,4.0,4,,,,,,,,
,,,,,17347,3.0,3,,,,,,,,
,,,,,17353,6.0,6,,,,,,,,
,,,,,17356,3.0,3,,,,,,,,
,,,,,17359,3.0,3,,,,,,,,
,,,,,17363,4.0,4,,,,,,,,
,,,,,17366,3.0,3,,,,,,,,
,,,,,17369,3.0,3,,,,,,,,
,,,,,17372,3.0,3,,,,,,,,
,,,,,17375,3.0,3,,,,,,,,
,,,,,17378,3.0,3,,,,,,,,
,,,,,17381,3.0,3,,,,,,,,
,,,,,17384,3.0,3,,,,,,,,
,,,,,17387,3.0,3,,,,,,,,
,,,,,17390,3.0,3,,,,,,,,
,,,,,17394,4.0,4,,,,,,,,
,,,,,17397,3.0,3,,,,,,,,
,,,,,17405,8.0,8,,,,,,,,
,,,,,17408,3.0,3,,,,,,,,
,,,,,17411,3.0,3,,,,,,,,
,,,,,17414,3.0,3,,,,,,,,
,,,,,17417,3.0,3,,,,,,,,
,,,,,17421,4.0,4,,,,,,,,
,,,,,17424,3.0,3,,,,,,,,
,,,,,17427,3.0,3,,,,,,,,
,,,,,17430,3.0,3,,,,,,,,
,,,,,17434,4.0,4,,,,,,,,
,,,,,17437,3.0,3,,,,,,,,
,,,,,17440,3.0,3,,,,,,,,
,,,,,17443,3.0,3,,,,,,,,
,,,,,17446,3.0,3,,,,,,,,
,,,,,17449,3.0,3,,,,,,,,
,,,,,17452,3.0,3,,,,,,,,
,,,,,17455,3.0,3,,,,,,,,
,,,,,17458,3.0,3,,,,,,,,
,,,,,17461,3.0,3,,,,,,,,
,,,,,17464,3.0,3,,,,,,,,
,,,,,17467,3.0,3,,,,,,,,
,,,,,17470,3.0,3,,,,,,,,
,,,,,17474,4.0,4,,,,,,,,
,,,,,17477,3.0,3,,,,,,,,
,,,,,17480,3.0,3,,,,,,,,
,,,,,17483,3.0,3,,,,,,,,
,,,,,17486,3.0,3,,,,,,,,
,,,,,17489,3.0,3,,,,,,,,
,,,,,17492,3.0,3,,,,,,,,
,,,,,17495,3.0,3,,,,,,,,
,,,,,17498,3.0,3,,,,,,,,
,,,,,17501,3.0,3,,,,,,,,
,,,,,17504,3.0,3,,,,,,,,
,,,,,17507,3.0,3,,,,,,,,
,,,,,17510,3.0,3,,,,,,,,
,,,,,17514,4.0,4,,,,,,,,
,,,,,17517,3.0,3,,,,,,,,
,,,,,17520,3.0,3,,,,,,,,
,,,,,17523,3.0,3,,,,,,,,
,,,,,17526,3.0,3,,,,,,,,
,,,,,17532,6.0,6,,,,,,,,
,,,,,17535,3.0,3,,,,,,,,
,,,,,17540,5.0,5,,,,,,,,
,,,,,17543,3.0,3,,,,,,,,
,,,,,17546,3.0,3,,,,,,,,
,,,,,17549,3.0,3,,,,,,,,
,,,,,17552,3.0,3,,,,,,,,
,,,,,17555,3.0,3,,,,,,,,
,,,,,17558,3.0,3,,,,,,,,
,,,,,17561,3.0,3,,,,,,,,
,,,,,17564,3.0,3,,,,,,,,
,,,,,17567,3.0,3,,,,,,,,
,,,,,17570,3.0,3,,,,,,,,
,,,,,17573,3.0,3,,,,,,,,
,,,,,17576,3.0,3,,,,,,,,
,,,,,17580,4.0,4,,,,,,,,
,,,,,17583,3.0,3,,,,,,,,
,,,,,17586,3.0,3,,,,,,,,
,,,,,17589,3.0,3,,,,,,,,
,,,,,17592,3.0,3,,,,,,,,
,,,,,17595,3.0,3,,,,,,,,
,,,,,17598,3.0,3,,,,,,,,
,,,,,17602,4.0,4,,,,,,,,
,,,,,17606,4.0,4,,,,,,,,
,,,,,17609,3.0,3,,,,,,,,
,,,,,17612,3.0,3,,,,,,,,
,,,,,17616,4.0,4,,,,,,,,
,,,,,17619,3.0,3,,,,,,,,
,,,,,17622,3.0,3,,,,,,,,
,,,,,17625,3.0,3,,,,,,,,
,,,,,17628,3.0,3,,,,,,,,
,,,,,17636,8.0,8,,,,,,,,
,,,,,17639,3.0,3,,,,,,,,
,,,,,17642,3.0,3,,,,,,,,
,,,,,17645,3.0,3,,,,,,,,
,,,,,17648,3.0,3,,,,,,,,
,,,,,17651,3.0,3,,,,,,,,
,,,,,17654,3.0,3,,,,,,,,
,,,,,17657,3.0,3,,,,,,,,
,,,,,17660,3.0,3,,,,,,,,
,,,,,17663,3.0,3,,,,,,,,
,,,,,17666,3.0,3,,,,,,,,
,,,,,17670,4.0,4,,,,,,,,
,,,,,17675,5.0,5,,,,,,,,
,,,,,17678,3.0,3,,,,,,,,
,,,,,17681,3.0,3,,,,,,,,
,,,,,17684,3.0,3,,,,,,,,
,,,,,17688,4.0,4,,,,,,,,
,,,,,17691,3.0,3,,,,,,,,
,,,,,17694,3.0,3,,,,,,,,
,,,,,17697,3.0,3,,,,,,,,
,,,,,17700,3.0,3,,,,,,,,
,,,,,17703,3.0,3,,,,,,,,
,,,,,17706,3.0,3,,,,,,,,
,,,,,17709,3.0,3,,,,,,,,
,,,,,17712,3.0,3,,,,,,,,
,,,,,17715,3.0,3,,,,,,,,
,,,,,17718,3.0,3,,,,,,,,
,,,,,17721,3.0,3,,,,,,,,
,,,,,17724,3.0,3,,,,,,,,
,,,,,17727,3.0,3,,,,,,,,
,,,,,17730,3.0,3,,,,,,,,
,,,,,17733,3.0,3,,,,,,,,
,,,,,17736,3.0,3,,,,,,,,
,,,,,17739,3.0,3,,,,,,,,
,,,,,17742,3.0,3,,,,,,,,
,,,,,17745,3.0,3,,,,,,,,
,,,,,17748,3.0,3,,,,,,,,
,,,,,17751,3.0,3,,,,,,,,
,,,,,17754,3.0,3,,,,,,,,
,,,,,17757,3.0,3,,,,,,,,
,,,,,17760,3.0,3,,,,,,,,
,,,,,17763,3.0,3,,,,,,,,
,,,,,17766,3.0,3,,,,,,,,
,,,,,17769,3.0,3,,,,,,,,
,,,,,17772,3.0,3,,,,,,,,
,,,,,17775,3.0,3,,,,,,,,
,,,,,17778,3.0,3,,,,,,,,
,,,,,17781,3.0,3,,,,,,,,
,,,,,17784,3.0,3,,,,,,,,
,,,,,17787,3.0,3,,,,,,,,
,,,,,17790,3.0,3,,,,,,,,
,,,,,17793,3.0,3,,,,,,,,
,,,,,17796,3.0,3,,,,,,,,
,,,,,17799,3.0,3,,,,,,,,
,,,,,17802,3.0,3,,,,,,,,
,,,,,17805,3.0,3,,,,,,,,
,,,,,17808,3.0,3,,,,,,,,
,,,,,17811,3.0,3,,,,,,,,
,,,,,17814,3.0,3,,,,,,,,
,,,,,17817,3.0,3,,,,,,,,
,,,,,17820,3.0,3,,,,,,,,
,,,,,17823,3.0,3,,,,,,,,
,,,,,17826,3.0,3,,,,,,,,
,,,,,17829,3.0,3,,,,,,,,
,,,,,17832,3.0,3,,,,,,,,
,,,,,17835,3.0,3,,,,,,,,
,,,,,17838,3.0,3,,,,,,,,
,,,,,17841,3.0,3,,,,,,,,
,,,,,17844,3.0,3,,,,,,,,
,,,,,17847,3.0,3,,,,,,,,
,,,,,17851,4.0,4,,,,,,,,
,,,,,17854,3.0,3,,,,,,,,
,,,,,17857,3.0,3,,,,,,,,
,,,,,17860,3.0,3,,,,,,,,
,,,,,17863,3.0,3,,,,,,,,
,,,,,17866,3.0,3,,,,,,,,
,,,,,17869,3.0,3,,,,,,,,
,,,,,17872,3.0,3,,,,,,,,
,,,,,17876,4.0,4,,,,,,,,
,,,,,17879,3.0,3,,,,,,,,
,,,,,17882,3.0,3,,,,,,,,
,,,,,17886,4.0,4,,,,,,,,
,,,,,17889,3.0,3,,,,,,,,
,,,,,17892,3.0,3,,,,,,,,
,,,,,17895,3.0,3,,,,,,,,
,,,,,17898,3.0,3,,,,,,,,
,,,,,17901,3.0,3,,,,,,,,
,,,,,17904,3.0,3,,,,,,,,
,,,,,17907,3.0,3,,,,,,,,
,,,,,17910,3.0,3,,,,,,,,
,,,,,17914,4.0,4,,,,,,,,
,,,,,17917,3.0,3,,,,,,,,
,,,,,17920,3.0,3,,,,,,,,
,,,,,17924,4.0,4,,,,,,,,
,,,,,17929,5.0,5,,,,,,,,
,,,,,17932,3.0,3,,,,,,,,
,,,,,17935,3.0,3,,,,,,,,
,,,,,17938,3.0,3,,,,,,,,
,,,,,17942,4.0,4,,,,,,,,
,,,,,17945,3.0,3,,,,,,,,
,,,,,17948,3.0,3,,,,,,,,
,,,,,17951,3.0,3,,,,,,,,
,,,,,17954,3.0,3,,,,,,,,
,,,,,17957,3.0,3,,,,,,,,
,,,,,17960,3.0,3,,,,,,,,
,,,,,17963,3.0,3,,,,,,,,
,,,,,17967,4.0,4,,,,,,,,
,,,,,17970,3.0,3,,,,,,,,
,,,,,17974,4.0,4,,,,,,,,
,,,,,17977,3.0,3,,,,,,,,
,,,,,17981,4.0,4,,,,,,,,
,,,,,17984,3.0,3,,,,,,,,
,,,,,17987,3.0,3,,,,,,,,
,,,,,17990,3.0,3,,,,,,,,
,,,,,17993,3.0,3,,,,,,,,
,,,,,17996,3.0,3,,,,,,,,
,,,,,17999,3.0,3,,,,,,,,
,,,,,18000,,,0.016814669594168663,-0.16814669966697693,0.22409792244434357,3.0639541149139404,2.9841136932373047,0.0003,0.0003,0.1
,,,,,18003,4.0,4,,,,,,,,
,,,,,18006,3.0,3,,,,,,,,
,,,,,18009,3.0,3,,,,,,,,
,,,,,18013,4.0,4,,,,,,,,
,,,,,18016,3.0,3,,,,,,,,
,,,,,18019,3.0,3,,,,,,,,
,,,,,18022,3.0,3,,,,,,,,
,,,,,18025,3.0,3,,,,,,,,
,,,,,18028,3.0,3,,,,,,,,
,,,,,18031,3.0,3,,,,,,,,
,,,,,18034,3.0,3,,,,,,,,
,,,,,18037,3.0,3,,,,,,,,
,,,,,18040,3.0,3,,,,,,,,
,,,,,18043,3.0,3,,,,,,,,
,,,,,18046,3.0,3,,,,,,,,
,,,,,18049,3.0,3,,,,,,,,
,,,,,18052,3.0,3,,,,,,,,
,,,,,18055,3.0,3,,,,,,,,
,,,,,18058,3.0,3,,,,,,,,
,,,,,18061,3.0,3,,,,,,,,
,,,,,18064,3.0,3,,,,,,,,
,,,,,18067,3.0,3,,,,,,,,
,,,,,18072,5.0,5,,,,,,,,
,,,,,18075,3.0,3,,,,,,,,
,,,,,18078,3.0,3,,,,,,,,
,,,,,18081,3.0,3,,,,,,,,
,,,,,18084,3.0,3,,,,,,,,
,,,,,18088,4.0,4,,,,,,,,
,,,,,18091,3.0,3,,,,,,,,
,,,,,18094,3.0,3,,,,,,,,
,,,,,18097,3.0,3,,,,,,,,
,,,,,18100,3.0,3,,,,,,,,
,,,,,18103,3.0,3,,,,,,,,
,,,,,18106,3.0,3,,,,,,,,
,,,,,18110,4.0,4,,,,,,,,
,,,,,18113,3.0,3,,,,,,,,
,,,,,18117,4.0,4,,,,,,,,
,,,,,18120,3.0,3,,,,,,,,
,,,,,18123,3.0,3,,,,,,,,
,,,,,18126,3.0,3,,,,,,,,
,,,,,18129,3.0,3,,,,,,,,
,,,,,18132,3.0,3,,,,,,,,
,,,,,18135,3.0,3,,,,,,,,
,,,,,18138,3.0,3,,,,,,,,
,,,,,18141,3.0,3,,,,,,,,
,,,,,18145,4.0,4,,,,,,,,
,,,,,18148,3.0,3,,,,,,,,
,,,,,18151,3.0,3,,,,,,,,
,,,,,18155,4.0,4,,,,,,,,
,,,,,18158,3.0,3,,,,,,,,
,,,,,18161,3.0,3,,,,,,,,
,,,,,18164,3.0,3,,,,,,,,
,,,,,18167,3.0,3,,,,,,,,
,,,,,18170,3.0,3,,,,,,,,
,,,,,18173,3.0,3,,,,,,,,
,,,,,18177,4.0,4,,,,,,,,
,,,,,18180,3.0,3,,,,,,,,
,,,,,18183,3.0,3,,,,,,,,
,,,,,18186,3.0,3,,,,,,,,
,,,,,18189,3.0,3,,,,,,,,
,,,,,18192,3.0,3,,,,,,,,
,,,,,18196,4.0,4,,,,,,,,
,,,,,18199,3.0,3,,,,,,,,
,,,,,18202,3.0,3,,,,,,,,
,,,,,18205,3.0,3,,,,,,,,
,,,,,18208,3.0,3,,,,,,,,
,,,,,18211,3.0,3,,,,,,,,
,,,,,18216,5.0,5,,,,,,,,
,,,,,18219,3.0,3,,,,,,,,
,,,,,18222,3.0,3,,,,,,,,
,,,,,18226,4.0,4,,,,,,,,
,,,,,18229,3.0,3,,,,,,,,
,,,,,18232,3.0,3,,,,,,,,
,,,,,18235,3.0,3,,,,,,,,
,,,,,18238,3.0,3,,,,,,,,
,,,,,18241,3.0,3,,,,,,,,
,,,,,18244,3.0,3,,,,,,,,
,,,,,18247,3.0,3,,,,,,,,
,,,,,18251,4.0,4,,,,,,,,
,,,,,18254,3.0,3,,,,,,,,
,,,,,18257,3.0,3,,,,,,,,
,,,,,18260,3.0,3,,,,,,,,
,,,,,18263,3.0,3,,,,,,,,
,,,,,18266,3.0,3,,,,,,,,
,,,,,18269,3.0,3,,,,,,,,
,,,,,18272,3.0,3,,,,,,,,
,,,,,18275,3.0,3,,,,,,,,
,,,,,18279,4.0,4,,,,,,,,
,,,,,18282,3.0,3,,,,,,,,
,,,,,18286,4.0,4,,,,,,,,
,,,,,18289,3.0,3,,,,,,,,
,,,,,18292,3.0,3,,,,,,,,
,,,,,18295,3.0,3,,,,,,,,
,,,,,18298,3.0,3,,,,,,,,
,,,,,18301,3.0,3,,,,,,,,
,,,,,18304,3.0,3,,,,,,,,
,,,,,18308,4.0,4,,,,,,,,
,,,,,18311,3.0,3,,,,,,,,
,,,,,18314,3.0,3,,,,,,,,
,,,,,18317,3.0,3,,,,,,,,
,,,,,18320,3.0,3,,,,,,,,
,,,,,18323,3.0,3,,,,,,,,
,,,,,18326,3.0,3,,,,,,,,
,,,,,18329,3.0,3,,,,,,,,
,,,,,18332,3.0,3,,,,,,,,
,,,,,18335,3.0,3,,,,,,,,
,,,,,18338,3.0,3,,,,,,,,
,,,,,18341,3.0,3,,,,,,,,
,,,,,18344,3.0,3,,,,,,,,
,,,,,18347,3.0,3,,,,,,,,
,,,,,18350,3.0,3,,,,,,,,
,,,,,18353,3.0,3,,,,,,,,
,,,,,18356,3.0,3,,,,,,,,
,,,,,18359,3.0,3,,,,,,,,
,,,,,18363,4.0,4,,,,,,,,
,,,,,18367,4.0,4,,,,,,,,
,,,,,18370,3.0,3,,,,,,,,
,,,,,18373,3.0,3,,,,,,,,
,,,,,18376,3.0,3,,,,,,,,
,,,,,18379,3.0,3,,,,,,,,
,,,,,18382,3.0,3,,,,,,,,
,,,,,18385,3.0,3,,,,,,,,
,,,,,18388,3.0,3,,,,,,,,
,,,,,18391,3.0,3,,,,,,,,
,,,,,18394,3.0,3,,,,,,,,
,,,,,18397,3.0,3,,,,,,,,
,,,,,18400,3.0,3,,,,,,,,
,,,,,18403,3.0,3,,,,,,,,
,,,,,18406,3.0,3,,,,,,,,
,,,,,18409,3.0,3,,,,,,,,
,,,,,18412,3.0,3,,,,,,,,
,,,,,18415,3.0,3,,,,,,,,
,,,,,18418,3.0,3,,,,,,,,
,,,,,18421,3.0,3,,,,,,,,
,,,,,18424,3.0,3,,,,,,,,
,,,,,18428,4.0,4,,,,,,,,
,,,,,18432,4.0,4,,,,,,,,
,,,,,18435,3.0,3,,,,,,,,
,,,,,18438,3.0,3,,,,,,,,
,,,,,18441,3.0,3,,,,,,,,
,,,,,18444,3.0,3,,,,,,,,
,,,,,18448,4.0,4,,,,,,,,
,,,,,18451,3.0,3,,,,,,,,
,,,,,18454,3.0,3,,,,,,,,
,,,,,18457,3.0,3,,,,,,,,
,,,,,18460,3.0,3,,,,,,,,
,,,,,18463,3.0,3,,,,,,,,
,,,,,18466,3.0,3,,,,,,,,
,,,,,18469,3.0,3,,,,,,,,
,,,,,18472,3.0,3,,,,,,,,
,,,,,18475,3.0,3,,,,,,,,
,,,,,18478,3.0,3,,,,,,,,
,,,,,18481,3.0,3,,,,,,,,
,,,,,18484,3.0,3,,,,,,,,
,,,,,18487,3.0,3,,,,,,,,
,,,,,18490,3.0,3,,,,,,,,
,,,,,18493,3.0,3,,,,,,,,
,,,,,18496,3.0,3,,,,,,,,
,,,,,18499,3.0,3,,,,,,,,
,,,,,18502,3.0,3,,,,,,,,
,,,,,18505,3.0,3,,,,,,,,
,,,,,18508,3.0,3,,,,,,,,
,,,,,18511,3.0,3,,,,,,,,
,,,,,18514,3.0,3,,,,,,,,
,,,,,18517,3.0,3,,,,,,,,
,,,,,18520,3.0,3,,,,,,,,
,,,,,18523,3.0,3,,,,,,,,
,,,,,18526,3.0,3,,,,,,,,
,,,,,18529,3.0,3,,,,,,,,
,,,,,18532,3.0,3,,,,,,,,
,,,,,18535,3.0,3,,,,,,,,
,,,,,18538,3.0,3,,,,,,,,
,,,,,18541,3.0,3,,,,,,,,
,,,,,18544,3.0,3,,,,,,,,
,,,,,18547,3.0,3,,,,,,,,
,,,,,18550,3.0,3,,,,,,,,
,,,,,18553,3.0,3,,,,,,,,
,,,,,18556,3.0,3,,,,,,,,
,,,,,18559,3.0,3,,,,,,,,
,,,,,18562,3.0,3,,,,,,,,
,,,,,18565,3.0,3,,,,,,,,
,,,,,18568,3.0,3,,,,,,,,
,,,,,18571,3.0,3,,,,,,,,
,,,,,18574,3.0,3,,,,,,,,
,,,,,18577,3.0,3,,,,,,,,
,,,,,18580,3.0,3,,,,,,,,
,,,,,18583,3.0,3,,,,,,,,
,,,,,18586,3.0,3,,,,,,,,
,,,,,18589,3.0,3,,,,,,,,
,,,,,18592,3.0,3,,,,,,,,
,,,,,18595,3.0,3,,,,,,,,
,,,,,18598,3.0,3,,,,,,,,
,,,,,18601,3.0,3,,,,,,,,
,,,,,18605,4.0,4,,,,,,,,
,,,,,18608,3.0,3,,,,,,,,
,,,,,18611,3.0,3,,,,,,,,
,,,,,18614,3.0,3,,,,,,,,
,,,,,18617,3.0,3,,,,,,,,
,,,,,18620,3.0,3,,,,,,,,
,,,,,18623,3.0,3,,,,,,,,
,,,,,18626,3.0,3,,,,,,,,
,,,,,18629,3.0,3,,,,,,,,
,,,,,18632,3.0,3,,,,,,,,
,,,,,18635,3.0,3,,,,,,,,
,,,,,18638,3.0,3,,,,,,,,
,,,,,18641,3.0,3,,,,,,,,
,,,,,18644,3.0,3,,,,,,,,
,,,,,18647,3.0,3,,,,,,,,
,,,,,18650,3.0,3,,,,,,,,
,,,,,18653,3.0,3,,,,,,,,
,,,,,18656,3.0,3,,,,,,,,
,,,,,18659,3.0,3,,,,,,,,
,,,,,18662,3.0,3,,,,,,,,
,,,,,18665,3.0,3,,,,,,,,
,,,,,18668,3.0,3,,,,,,,,
,,,,,18671,3.0,3,,,,,,,,
,,,,,18674,3.0,3,,,,,,,,
,,,,,18677,3.0,3,,,,,,,,
,,,,,18680,3.0,3,,,,,,,,
,,,,,18683,3.0,3,,,,,,,,
,,,,,18686,3.0,3,,,,,,,,
,,,,,18689,3.0,3,,,,,,,,
,,,,,18692,3.0,3,,,,,,,,
,,,,,18695,3.0,3,,,,,,,,
,,,,,18698,3.0,3,,,,,,,,
,,,,,18701,3.0,3,,,,,,,,
,,,,,18704,3.0,3,,,,,,,,
,,,,,18707,3.0,3,,,,,,,,
,,,,,18710,3.0,3,,,,,,,,
,,,,,18715,5.0,5,,,,,,,,
,,,,,18718,3.0,3,,,,,,,,
,,,,,18721,3.0,3,,,,,,,,
,,,,,18725,4.0,4,,,,,,,,
,,,,,18728,3.0,3,,,,,,,,
,,,,,18731,3.0,3,,,,,,,,
,,,,,18734,3.0,3,,,,,,,,
,,,,,18737,3.0,3,,,,,,,,
,,,,,18740,3.0,3,,,,,,,,
,,,,,18743,3.0,3,,,,,,,,
,,,,,18746,3.0,3,,,,,,,,
,,,,,18749,3.0,3,,,,,,,,
,,,,,18752,3.0,3,,,,,,,,
,,,,,18755,3.0,3,,,,,,,,
,,,,,18758,3.0,3,,,,,,,,
,,,,,18761,3.0,3,,,,,,,,
,,,,,18764,3.0,3,,,,,,,,
,,,,,18767,3.0,3,,,,,,,,
,,,,,18770,3.0,3,,,,,,,,
,,,,,18773,3.0,3,,,,,,,,
,,,,,18776,3.0,3,,,,,,,,
,,,,,18779,3.0,3,,,,,,,,
,,,,,18782,3.0,3,,,,,,,,
,,,,,18785,3.0,3,,,,,,,,
,,,,,18788,3.0,3,,,,,,,,
,,,,,18791,3.0,3,,,,,,,,
,,,,,18794,3.0,3,,,,,,,,
,,,,,18797,3.0,3,,,,,,,,
,,,,,18800,3.0,3,,,,,,,,
,,,,,18803,3.0,3,,,,,,,,
,,,,,18807,4.0,4,,,,,,,,
,,,,,18810,3.0,3,,,,,,,,
,,,,,18813,3.0,3,,,,,,,,
,,,,,18816,3.0,3,,,,,,,,
,,,,,18819,3.0,3,,,,,,,,
,,,,,18822,3.0,3,,,,,,,,
,,,,,18826,4.0,4,,,,,,,,
,,,,,18829,3.0,3,,,,,,,,
,,,,,18832,3.0,3,,,,,,,,
,,,,,18836,4.0,4,,,,,,,,
,,,,,18839,3.0,3,,,,,,,,
,,,,,18842,3.0,3,,,,,,,,
,,,,,18845,3.0,3,,,,,,,,
,,,,,18848,3.0,3,,,,,,,,
,,,,,18851,3.0,3,,,,,,,,
,,,,,18854,3.0,3,,,,,,,,
,,,,,18858,4.0,4,,,,,,,,
,,,,,18861,3.0,3,,,,,,,,
,,,,,18864,3.0,3,,,,,,,,
,,,,,18867,3.0,3,,,,,,,,
,,,,,18870,3.0,3,,,,,,,,
,,,,,18874,4.0,4,,,,,,,,
,,,,,18877,3.0,3,,,,,,,,
,,,,,18880,3.0,3,,,,,,,,
,,,,,18883,3.0,3,,,,,,,,
,,,,,18886,3.0,3,,,,,,,,
,,,,,18889,3.0,3,,,,,,,,
,,,,,18893,4.0,4,,,,,,,,
,,,,,18896,3.0,3,,,,,,,,
,,,,,18899,3.0,3,,,,,,,,
,,,,,18902,3.0,3,,,,,,,,
,,,,,18906,4.0,4,,,,,,,,
,,,,,18909,3.0,3,,,,,,,,
,,,,,18912,3.0,3,,,,,,,,
,,,,,18915,3.0,3,,,,,,,,
,,,,,18918,3.0,3,,,,,,,,
,,,,,18921,3.0,3,,,,,,,,
,,,,,18924,3.0,3,,,,,,,,
,,,,,18927,3.0,3,,,,,,,,
,,,,,18930,3.0,3,,,,,,,,
,,,,,18933,3.0,3,,,,,,,,
,,,,,18937,4.0,4,,,,,,,,
,,,,,18940,3.0,3,,,,,,,,
,,,,,18943,3.0,3,,,,,,,,
,,,,,18946,3.0,3,,,,,,,,
,,,,,18949,3.0,3,,,,,,,,
,,,,,18952,3.0,3,,,,,,,,
,,,,,18955,3.0,3,,,,,,,,
,,,,,18958,3.0,3,,,,,,,,
,,,,,18961,3.0,3,,,,,,,,
,,,,,18964,3.0,3,,,,,,,,
,,,,,18967,3.0,3,,,,,,,,
,,,,,18970,3.0,3,,,,,,,,
,,,,,18973,3.0,3,,,,,,,,
,,,,,18976,3.0,3,,,,,,,,
,,,,,18979,3.0,3,,,,,,,,
,,,,,18982,3.0,3,,,,,,,,
,,,,,18985,3.0,3,,,,,,,,
,,,,,18988,3.0,3,,,,,,,,
,,,,,18991,3.0,3,,,,,,,,
,,,,,18994,3.0,3,,,,,,,,
,,,,,18997,3.0,3,,,,,,,,
,,,,,19000,3.0,3,,,,,,,,
,,,,,19000,,,0.11607883125543594,-1.1607882976531982,0.32143735885620117,2.5548272132873535,2.607794761657715,0.0003,0.0003,0.1
,,,,,19003,3.0,3,,,,,,,,
,,,,,19006,3.0,3,,,,,,,,
,,,,,19009,3.0,3,,,,,,,,
,,,,,19012,3.0,3,,,,,,,,
,,,,,19015,3.0,3,,,,,,,,
,,,,,19018,3.0,3,,,,,,,,
,,,,,19021,3.0,3,,,,,,,,
,,,,,19024,3.0,3,,,,,,,,
,,,,,19028,4.0,4,,,,,,,,
,,,,,19031,3.0,3,,,,,,,,
,,,,,19035,4.0,4,,,,,,,,
,,,,,19038,3.0,3,,,,,,,,
,,,,,19041,3.0,3,,,,,,,,
,,,,,19044,3.0,3,,,,,,,,
,,,,,19047,3.0,3,,,,,,,,
,,,,,19050,3.0,3,,,,,,,,
,,,,,19053,3.0,3,,,,,,,,
,,,,,19056,3.0,3,,,,,,,,
,,,,,19060,4.0,4,,,,,,,,
,,,,,19064,4.0,4,,,,,,,,
,,,,,19067,3.0,3,,,,,,,,
,,,,,19070,3.0,3,,,,,,,,
,,,,,19073,3.0,3,,,,,,,,
,,,,,19076,3.0,3,,,,,,,,
,,,,,19079,3.0,3,,,,,,,,
,,,,,19083,4.0,4,,,,,,,,
,,,,,19087,4.0,4,,,,,,,,
,,,,,19091,4.0,4,,,,,,,,
,,,,,19094,3.0,3,,,,,,,,
,,,,,19098,4.0,4,,,,,,,,
,,,,,19102,4.0,4,,,,,,,,
,,,,,19106,4.0,4,,,,,,,,
,,,,,19110,4.0,4,,,,,,,,
,,,,,19115,5.0,5,,,,,,,,
,,,,,19119,4.0,4,,,,,,,,
,,,,,19123,4.0,4,,,,,,,,
,,,,,19127,4.0,4,,,,,,,,
,,,,,19131,4.0,4,,,,,,,,
,,,,,19135,4.0,4,,,,,,,,
,,,,,19140,5.0,5,,,,,,,,
,,,,,19146,6.0,6,,,,,,,,
,,,,,19151,5.0,5,,,,,,,,
,,,,,19156,5.0,5,,,,,,,,
,,,,,19160,4.0,4,,,,,,,,
,,,,,19164,4.0,4,,,,,,,,
,,,,,19168,4.0,4,,,,,,,,
,,,,,19172,4.0,4,,,,,,,,
,,,,,19177,5.0,5,,,,,,,,
,,,,,19182,5.0,5,,,,,,,,
,,,,,19186,4.0,4,,,,,,,,
,,,,,19190,4.0,4,,,,,,,,
,,,,,19194,4.0,4,,,,,,,,
,,,,,19199,5.0,5,,,,,,,,
,,,,,19203,4.0,4,,,,,,,,
,,,,,19208,5.0,5,,,,,,,,
,,,,,19212,4.0,4,,,,,,,,
,,,,,19217,5.0,5,,,,,,,,
,,,,,19222,5.0,5,,,,,,,,
,,,,,19226,4.0,4,,,,,,,,
,,,,,19230,4.0,4,,,,,,,,
,,,,,19234,4.0,4,,,,,,,,
,,,,,19239,5.0,5,,,,,,,,
,,,,,19243,4.0,4,,,,,,,,
,,,,,19247,4.0,4,,,,,,,,
,,,,,19251,4.0,4,,,,,,,,
,,,,,19255,4.0,4,,,,,,,,
,,,,,19259,4.0,4,,,,,,,,
,,,,,19263,4.0,4,,,,,,,,
,,,,,19267,4.0,4,,,,,,,,
,,,,,19271,4.0,4,,,,,,,,
,,,,,19275,4.0,4,,,,,,,,
,,,,,19279,4.0,4,,,,,,,,
,,,,,19282,3.0,3,,,,,,,,
,,,,,19286,4.0,4,,,,,,,,
,,,,,19290,4.0,4,,,,,,,,
,,,,,19294,4.0,4,,,,,,,,
,,,,,19298,4.0,4,,,,,,,,
,,,,,19301,3.0,3,,,,,,,,
,,,,,19305,4.0,4,,,,,,,,
,,,,,19309,4.0,4,,,,,,,,
,,,,,19312,3.0,3,,,,,,,,
,,,,,19316,4.0,4,,,,,,,,
,,,,,19320,4.0,4,,,,,,,,
,,,,,19324,4.0,4,,,,,,,,
,,,,,19328,4.0,4,,,,,,,,
,,,,,19332,4.0,4,,,,,,,,
,,,,,19336,4.0,4,,,,,,,,
,,,,,19340,4.0,4,,,,,,,,
,,,,,19344,4.0,4,,,,,,,,
,,,,,19348,4.0,4,,,,,,,,
,,,,,19352,4.0,4,,,,,,,,
,,,,,19356,4.0,4,,,,,,,,
,,,,,19360,4.0,4,,,,,,,,
,,,,,19364,4.0,4,,,,,,,,
,,,,,19368,4.0,4,,,,,,,,
,,,,,19372,4.0,4,,,,,,,,
,,,,,19376,4.0,4,,,,,,,,
,,,,,19380,4.0,4,,,,,,,,
,,,,,19384,4.0,4,,,,,,,,
,,,,,19388,4.0,4,,,,,,,,
,,,,,19392,4.0,4,,,,,,,,
,,,,,19396,4.0,4,,,,,,,,
,,,,,19400,4.0,4,,,,,,,,
,,,,,19404,4.0,4,,,,,,,,
,,,,,19408,4.0,4,,,,,,,,
,,,,,19412,4.0,4,,,,,,,,
,,,,,19416,4.0,4,,,,,,,,
,,,,,19420,4.0,4,,,,,,,,
,,,,,19424,4.0,4,,,,,,,,
,,,,,19428,4.0,4,,,,,,,,
,,,,,19432,4.0,4,,,,,,,,
,,,,,19436,4.0,4,,,,,,,,
,,,,,19440,4.0,4,,,,,,,,
,,,,,19444,4.0,4,,,,,,,,
,,,,,19448,4.0,4,,,,,,,,
,,,,,19451,3.0,3,,,,,,,,
,,,,,19455,4.0,4,,,,,,,,
,,,,,19458,3.0,3,,,,,,,,
,,,,,19462,4.0,4,,,,,,,,
,,,,,19466,4.0,4,,,,,,,,
,,,,,19470,4.0,4,,,,,,,,
,,,,,19473,3.0,3,,,,,,,,
,,,,,19477,4.0,4,,,,,,,,
,,,,,19480,3.0,3,,,,,,,,
,,,,,19484,4.0,4,,,,,,,,
,,,,,19487,3.0,3,,,,,,,,
,,,,,19490,3.0,3,,,,,,,,
,,,,,19493,3.0,3,,,,,,,,
,,,,,19496,3.0,3,,,,,,,,
,,,,,19500,4.0,4,,,,,,,,
,,,,,19503,3.0,3,,,,,,,,
,,,,,19506,3.0,3,,,,,,,,
,,,,,19509,3.0,3,,,,,,,,
,,,,,19513,4.0,4,,,,,,,,
,,,,,19516,3.0,3,,,,,,,,
,,,,,19520,4.0,4,,,,,,,,
,,,,,19524,4.0,4,,,,,,,,
,,,,,19528,4.0,4,,,,,,,,
,,,,,19531,3.0,3,,,,,,,,
,,,,,19534,3.0,3,,,,,,,,
,,,,,19538,4.0,4,,,,,,,,
,,,,,19542,4.0,4,,,,,,,,
,,,,,19546,4.0,4,,,,,,,,
,,,,,19550,4.0,4,,,,,,,,
,,,,,19554,4.0,4,,,,,,,,
,,,,,19558,4.0,4,,,,,,,,
,,,,,19561,3.0,3,,,,,,,,
,,,,,19565,4.0,4,,,,,,,,
,,,,,19570,5.0,5,,,,,,,,
,,,,,19573,3.0,3,,,,,,,,
,,,,,19577,4.0,4,,,,,,,,
,,,,,19582,5.0,5,,,,,,,,
,,,,,19587,5.0,5,,,,,,,,
,,,,,19591,4.0,4,,,,,,,,
,,,,,19595,4.0,4,,,,,,,,
,,,,,19599,4.0,4,,,,,,,,
,,,,,19603,4.0,4,,,,,,,,
,,,,,19607,4.0,4,,,,,,,,
,,,,,19612,5.0,5,,,,,,,,
,,,,,19617,5.0,5,,,,,,,,
,,,,,19621,4.0,4,,,,,,,,
,,,,,19625,4.0,4,,,,,,,,
,,,,,19629,4.0,4,,,,,,,,
,,,,,19633,4.0,4,,,,,,,,
,,,,,19637,4.0,4,,,,,,,,
,,,,,19641,4.0,4,,,,,,,,
,,,,,19645,4.0,4,,,,,,,,
,,,,,19648,3.0,3,,,,,,,,
,,,,,19652,4.0,4,,,,,,,,
,,,,,19656,4.0,4,,,,,,,,
,,,,,19660,4.0,4,,,,,,,,
,,,,,19664,4.0,4,,,,,,,,
,,,,,19667,3.0,3,,,,,,,,
,,,,,19670,3.0,3,,,,,,,,
,,,,,19673,3.0,3,,,,,,,,
,,,,,19676,3.0,3,,,,,,,,
,,,,,19680,4.0,4,,,,,,,,
,,,,,19683,3.0,3,,,,,,,,
,,,,,19686,3.0,3,,,,,,,,
,,,,,19689,3.0,3,,,,,,,,
,,,,,19693,4.0,4,,,,,,,,
,,,,,19697,4.0,4,,,,,,,,
,,,,,19700,3.0,3,,,,,,,,
,,,,,19703,3.0,3,,,,,,,,
,,,,,19706,3.0,3,,,,,,,,
,,,,,19709,3.0,3,,,,,,,,
,,,,,19712,3.0,3,,,,,,,,
,,,,,19715,3.0,3,,,,,,,,
,,,,,19718,3.0,3,,,,,,,,
,,,,,19721,3.0,3,,,,,,,,
,,,,,19724,3.0,3,,,,,,,,
,,,,,19728,4.0,4,,,,,,,,
,,,,,19732,4.0,4,,,,,,,,
,,,,,19735,3.0,3,,,,,,,,
,,,,,19738,3.0,3,,,,,,,,
,,,,,19741,3.0,3,,,,,,,,
,,,,,19744,3.0,3,,,,,,,,
,,,,,19747,3.0,3,,,,,,,,
,,,,,19750,3.0,3,,,,,,,,
,,,,,19754,4.0,4,,,,,,,,
,,,,,19758,4.0,4,,,,,,,,
,,,,,19761,3.0,3,,,,,,,,
,,,,,19765,4.0,4,,,,,,,,
,,,,,19768,3.0,3,,,,,,,,
,,,,,19771,3.0,3,,,,,,,,
,,,,,19775,4.0,4,,,,,,,,
,,,,,19779,4.0,4,,,,,,,,
,,,,,19782,3.0,3,,,,,,,,
,,,,,19785,3.0,3,,,,,,,,
,,,,,19788,3.0,3,,,,,,,,
,,,,,19791,3.0,3,,,,,,,,
,,,,,19795,4.0,4,,,,,,,,
,,,,,19799,4.0,4,,,,,,,,
,,,,,19802,3.0,3,,,,,,,,
,,,,,19806,4.0,4,,,,,,,,
,,,,,19809,3.0,3,,,,,,,,
,,,,,19812,3.0,3,,,,,,,,
,,,,,19816,4.0,4,,,,,,,,
,,,,,19820,4.0,4,,,,,,,,
,,,,,19823,3.0,3,,,,,,,,
,,,,,19827,4.0,4,,,,,,,,
,,,,,19830,3.0,3,,,,,,,,
,,,,,19834,4.0,4,,,,,,,,
,,,,,19838,4.0,4,,,,,,,,
,,,,,19843,5.0,5,,,,,,,,
,,,,,19846,3.0,3,,,,,,,,
,,,,,19849,3.0,3,,,,,,,,
,,,,,19852,3.0,3,,,,,,,,
,,,,,19856,4.0,4,,,,,,,,
,,,,,19859,3.0,3,,,,,,,,
,,,,,19863,4.0,4,,,,,,,,
,,,,,19866,3.0,3,,,,,,,,
,,,,,19870,4.0,4,,,,,,,,
,,,,,19874,4.0,4,,,,,,,,
,,,,,19878,4.0,4,,,,,,,,
,,,,,19882,4.0,4,,,,,,,,
,,,,,19886,4.0,4,,,,,,,,
,,,,,19889,3.0,3,,,,,,,,
,,,,,19892,3.0,3,,,,,,,,
,,,,,19895,3.0,3,,,,,,,,
,,,,,19899,4.0,4,,,,,,,,
,,,,,19902,3.0,3,,,,,,,,
,,,,,19906,4.0,4,,,,,,,,
,,,,,19910,4.0,4,,,,,,,,
,,,,,19915,5.0,5,,,,,,,,
,,,,,19919,4.0,4,,,,,,,,
,,,,,19923,4.0,4,,,,,,,,
,,,,,19929,6.0,6,,,,,,,,
,,,,,19934,5.0,5,,,,,,,,
,,,,,19938,4.0,4,,,,,,,,
,,,,,19942,4.0,4,,,,,,,,
,,,,,19946,4.0,4,,,,,,,,
,,,,,19950,4.0,4,,,,,,,,
,,,,,19954,4.0,4,,,,,,,,
,,,,,19958,4.0,4,,,,,,,,
,,,,,19962,4.0,4,,,,,,,,
,,,,,19966,4.0,4,,,,,,,,
,,,,,19970,4.0,4,,,,,,,,
,,,,,19975,5.0,5,,,,,,,,
,,,,,19979,4.0,4,,,,,,,,
,,,,,19984,5.0,5,,,,,,,,
,,,,,19988,4.0,4,,,,,,,,
,,,,,19993,5.0,5,,,,,,,,
,,,,,19998,5.0,5,,,,,,,,
4.8,0.59999996,6.0,4.0,4.8,20000,,,0.08586596697568893,-0.8586596250534058,0.1563393473625183,3.3131351470947266,3.342932939529419,0.0003,0.0003,0.1
,,,,,20004,6.0,6,,,,,,,,
,,,,,20008,4.0,4,,,,,,,,
,,,,,20012,4.0,4,,,,,,,,
,,,,,20017,5.0,5,,,,,,,,
,,,,,20022,5.0,5,,,,,,,,
,,,,,20027,5.0,5,,,,,,,,
,,,,,20031,4.0,4,,,,,,,,
,,,,,20036,5.0,5,,,,,,,,
,,,,,20042,6.0,6,,,,,,,,
,,,,,20048,6.0,6,,,,,,,,
,,,,,20053,5.0,5,,,,,,,,
,,,,,20058,5.0,5,,,,,,,,
,,,,,20064,6.0,6,,,,,,,,
,,,,,20069,5.0,5,,,,,,,,
,,,,,20075,6.0,6,,,,,,,,
,,,,,20081,6.0,6,,,,,,,,
,,,,,20086,5.0,5,,,,,,,,
,,,,,20093,7.0,7,,,,,,,,
,,,,,20099,6.0,6,,,,,,,,
,,,,,20106,7.0,7,,,,,,,,
,,,,,20112,6.0,6,,,,,,,,
,,,,,20117,5.0,5,,,,,,,,
,,,,,20122,5.0,5,,,,,,,,
,,,,,20127,5.0,5,,,,,,,,
,,,,,20132,5.0,5,,,,,,,,
,,,,,20138,6.0,6,,,,,,,,
,,,,,20144,6.0,6,,,,,,,,
,,,,,20149,5.0,5,,,,,,,,
,,,,,20154,5.0,5,,,,,,,,
,,,,,20158,4.0,4,,,,,,,,
,,,,,20164,6.0,6,,,,,,,,
,,,,,20171,7.0,7,,,,,,,,
,,,,,20175,4.0,4,,,,,,,,
,,,,,20180,5.0,5,,,,,,,,
,,,,,20184,4.0,4,,,,,,,,
,,,,,20189,5.0,5,,,,,,,,
,,,,,20193,4.0,4,,,,,,,,
,,,,,20197,4.0,4,,,,,,,,
,,,,,20202,5.0,5,,,,,,,,
,,,,,20207,5.0,5,,,,,,,,
,,,,,20211,4.0,4,,,,,,,,
,,,,,20215,4.0,4,,,,,,,,
,,,,,20220,5.0,5,,,,,,,,
,,,,,20224,4.0,4,,,,,,,,
,,,,,20228,4.0,4,,,,,,,,
,,,,,20232,4.0,4,,,,,,,,
,,,,,20236,4.0,4,,,,,,,,
,,,,,20240,4.0,4,,,,,,,,
,,,,,20244,4.0,4,,,,,,,,
,,,,,20248,4.0,4,,,,,,,,
,,,,,20252,4.0,4,,,,,,,,
,,,,,20257,5.0,5,,,,,,,,
,,,,,20262,5.0,5,,,,,,,,
,,,,,20266,4.0,4,,,,,,,,
,,,,,20270,4.0,4,,,,,,,,
,,,,,20275,5.0,5,,,,,,,,
,,,,,20279,4.0,4,,,,,,,,
,,,,,20282,3.0,3,,,,,,,,
,,,,,20285,3.0,3,,,,,,,,
,,,,,20289,4.0,4,,,,,,,,
,,,,,20293,4.0,4,,,,,,,,
,,,,,20297,4.0,4,,,,,,,,
,,,,,20301,4.0,4,,,,,,,,
,,,,,20305,4.0,4,,,,,,,,
,,,,,20309,4.0,4,,,,,,,,
,,,,,20312,3.0,3,,,,,,,,
,,,,,20316,4.0,4,,,,,,,,
,,,,,20319,3.0,3,,,,,,,,
,,,,,20323,4.0,4,,,,,,,,
,,,,,20326,3.0,3,,,,,,,,
,,,,,20330,4.0,4,,,,,,,,
,,,,,20334,4.0,4,,,,,,,,
,,,,,20338,4.0,4,,,,,,,,
,,,,,20342,4.0,4,,,,,,,,
,,,,,20346,4.0,4,,,,,,,,
,,,,,20349,3.0,3,,,,,,,,
,,,,,20352,3.0,3,,,,,,,,
,,,,,20355,3.0,3,,,,,,,,
,,,,,20358,3.0,3,,,,,,,,
,,,,,20361,3.0,3,,,,,,,,
,,,,,20364,3.0,3,,,,,,,,
,,,,,20368,4.0,4,,,,,,,,
,,,,,20371,3.0,3,,,,,,,,
,,,,,20374,3.0,3,,,,,,,,
,,,,,20377,3.0,3,,,,,,,,
,,,,,20380,3.0,3,,,,,,,,
,,,,,20383,3.0,3,,,,,,,,
,,,,,20386,3.0,3,,,,,,,,
,,,,,20389,3.0,3,,,,,,,,
,,,,,20392,3.0,3,,,,,,,,
,,,,,20395,3.0,3,,,,,,,,
,,,,,20398,3.0,3,,,,,,,,
,,,,,20401,3.0,3,,,,,,,,
,,,,,20404,3.0,3,,,,,,,,
,,,,,20407,3.0,3,,,,,,,,
,,,,,20410,3.0,3,,,,,,,,
,,,,,20413,3.0,3,,,,,,,,
,,,,,20416,3.0,3,,,,,,,,
,,,,,20419,3.0,3,,,,,,,,
,,,,,20422,3.0,3,,,,,,,,
,,,,,20425,3.0,3,,,,,,,,
,,,,,20428,3.0,3,,,,,,,,
,,,,,20431,3.0,3,,,,,,,,
,,,,,20434,3.0,3,,,,,,,,
,,,,,20437,3.0,3,,,,,,,,
,,,,,20440,3.0,3,,,,,,,,
,,,,,20443,3.0,3,,,,,,,,
,,,,,20446,3.0,3,,,,,,,,
,,,,,20449,3.0,3,,,,,,,,
,,,,,20452,3.0,3,,,,,,,,
,,,,,20456,4.0,4,,,,,,,,
,,,,,20459,3.0,3,,,,,,,,
,,,,,20462,3.0,3,,,,,,,,
,,,,,20465,3.0,3,,,,,,,,
,,,,,20468,3.0,3,,,,,,,,
,,,,,20471,3.0,3,,,,,,,,
,,,,,20474,3.0,3,,,,,,,,
,,,,,20477,3.0,3,,,,,,,,
,,,,,20480,3.0,3,,,,,,,,
,,,,,20483,3.0,3,,,,,,,,
,,,,,20486,3.0,3,,,,,,,,
,,,,,20489,3.0,3,,,,,,,,
,,,,,20492,3.0,3,,,,,,,,
,,,,,20495,3.0,3,,,,,,,,
,,,,,20499,4.0,4,,,,,,,,
,,,,,20503,4.0,4,,,,,,,,
,,,,,20506,3.0,3,,,,,,,,
,,,,,20509,3.0,3,,,,,,,,
,,,,,20512,3.0,3,,,,,,,,
,,,,,20515,3.0,3,,,,,,,,
,,,,,20518,3.0,3,,,,,,,,
,,,,,20521,3.0,3,,,,,,,,
,,,,,20524,3.0,3,,,,,,,,
,,,,,20527,3.0,3,,,,,,,,
,,,,,20530,3.0,3,,,,,,,,
,,,,,20533,3.0,3,,,,,,,,
,,,,,20536,3.0,3,,,,,,,,
,,,,,20539,3.0,3,,,,,,,,
,,,,,20542,3.0,3,,,,,,,,
,,,,,20545,3.0,3,,,,,,,,
,,,,,20549,4.0,4,,,,,,,,
,,,,,20552,3.0,3,,,,,,,,
,,,,,20555,3.0,3,,,,,,,,
,,,,,20558,3.0,3,,,,,,,,
,,,,,20561,3.0,3,,,,,,,,
,,,,,20564,3.0,3,,,,,,,,
,,,,,20567,3.0,3,,,,,,,,
,,,,,20570,3.0,3,,,,,,,,
,,,,,20573,3.0,3,,,,,,,,
,,,,,20576,3.0,3,,,,,,,,
,,,,,20579,3.0,3,,,,,,,,
,,,,,20582,3.0,3,,,,,,,,
,,,,,20585,3.0,3,,,,,,,,
,,,,,20588,3.0,3,,,,,,,,
,,,,,20591,3.0,3,,,,,,,,
,,,,,20594,3.0,3,,,,,,,,
,,,,,20597,3.0,3,,,,,,,,
,,,,,20601,4.0,4,,,,,,,,
,,,,,20604,3.0,3,,,,,,,,
,,,,,20607,3.0,3,,,,,,,,
,,,,,20610,3.0,3,,,,,,,,
,,,,,20613,3.0,3,,,,,,,,
,,,,,20616,3.0,3,,,,,,,,
,,,,,20620,4.0,4,,,,,,,,
,,,,,20623,3.0,3,,,,,,,,
,,,,,20626,3.0,3,,,,,,,,
,,,,,20629,3.0,3,,,,,,,,
,,,,,20632,3.0,3,,,,,,,,
,,,,,20635,3.0,3,,,,,,,,
,,,,,20638,3.0,3,,,,,,,,
,,,,,20641,3.0,3,,,,,,,,
,,,,,20644,3.0,3,,,,,,,,
,,,,,20647,3.0,3,,,,,,,,
,,,,,20650,3.0,3,,,,,,,,
,,,,,20654,4.0,4,,,,,,,,
,,,,,20657,3.0,3,,,,,,,,
,,,,,20660,3.0,3,,,,,,,,
,,,,,20663,3.0,3,,,,,,,,
,,,,,20666,3.0,3,,,,,,,,
,,,,,20669,3.0,3,,,,,,,,
,,,,,20672,3.0,3,,,,,,,,
,,,,,20676,4.0,4,,,,,,,,
,,,,,20679,3.0,3,,,,,,,,
,,,,,20682,3.0,3,,,,,,,,
,,,,,20685,3.0,3,,,,,,,,
,,,,,20688,3.0,3,,,,,,,,
,,,,,20691,3.0,3,,,,,,,,
,,,,,20694,3.0,3,,,,,,,,
,,,,,20697,3.0,3,,,,,,,,
,,,,,20700,3.0,3,,,,,,,,
,,,,,20703,3.0,3,,,,,,,,
,,,,,20706,3.0,3,,,,,,,,
,,,,,20709,3.0,3,,,,,,,,
,,,,,20712,3.0,3,,,,,,,,
,,,,,20715,3.0,3,,,,,,,,
,,,,,20718,3.0,3,,,,,,,,
,,,,,20721,3.0,3,,,,,,,,
,,,,,20724,3.0,3,,,,,,,,
,,,,,20727,3.0,3,,,,,,,,
,,,,,20731,4.0,4,,,,,,,,
,,,,,20734,3.0,3,,,,,,,,
,,,,,20737,3.0,3,,,,,,,,
,,,,,20741,4.0,4,,,,,,,,
,,,,,20744,3.0,3,,,,,,,,
,,,,,20747,3.0,3,,,,,,,,
,,,,,20750,3.0,3,,,,,,,,
,,,,,20753,3.0,3,,,,,,,,
,,,,,20756,3.0,3,,,,,,,,
,,,,,20760,4.0,4,,,,,,,,
,,,,,20764,4.0,4,,,,,,,,
,,,,,20767,3.0,3,,,,,,,,
,,,,,20771,4.0,4,,,,,,,,
,,,,,20774,3.0,3,,,,,,,,
,,,,,20777,3.0,3,,,,,,,,
,,,,,20781,4.0,4,,,,,,,,
,,,,,20784,3.0,3,,,,,,,,
,,,,,20787,3.0,3,,,,,,,,
,,,,,20791,4.0,4,,,,,,,,
,,,,,20795,4.0,4,,,,,,,,
,,,,,20799,4.0,4,,,,,,,,
,,,,,20803,4.0,4,,,,,,,,
,,,,,20806,3.0,3,,,,,,,,
,,,,,20809,3.0,3,,,,,,,,
,,,,,20812,3.0,3,,,,,,,,
,,,,,20815,3.0,3,,,,,,,,
,,,,,20818,3.0,3,,,,,,,,
,,,,,20822,4.0,4,,,,,,,,
,,,,,20826,4.0,4,,,,,,,,
,,,,,20829,3.0,3,,,,,,,,
,,,,,20832,3.0,3,,,,,,,,
,,,,,20835,3.0,3,,,,,,,,
,,,,,20838,3.0,3,,,,,,,,
,,,,,20842,4.0,4,,,,,,,,
,,,,,20846,4.0,4,,,,,,,,
,,,,,20849,3.0,3,,,,,,,,
,,,,,20852,3.0,3,,,,,,,,
,,,,,20855,3.0,3,,,,,,,,
,,,,,20859,4.0,4,,,,,,,,
,,,,,20862,3.0,3,,,,,,,,
,,,,,20865,3.0,3,,,,,,,,
,,,,,20868,3.0,3,,,,,,,,
,,,,,20872,4.0,4,,,,,,,,
,,,,,20875,3.0,3,,,,,,,,
,,,,,20879,4.0,4,,,,,,,,
,,,,,20882,3.0,3,,,,,,,,
,,,,,20886,4.0,4,,,,,,,,
,,,,,20890,4.0,4,,,,,,,,
,,,,,20894,4.0,4,,,,,,,,
,,,,,20898,4.0,4,,,,,,,,
,,,,,20902,4.0,4,,,,,,,,
,,,,,20905,3.0,3,,,,,,,,
,,,,,20908,3.0,3,,,,,,,,
,,,,,20911,3.0,3,,,,,,,,
,,,,,20914,3.0,3,,,,,,,,
,,,,,20917,3.0,3,,,,,,,,
,,,,,20920,3.0,3,,,,,,,,
,,,,,20923,3.0,3,,,,,,,,
,,,,,20926,3.0,3,,,,,,,,
,,,,,20929,3.0,3,,,,,,,,
,,,,,20932,3.0,3,,,,,,,,
,,,,,20936,4.0,4,,,,,,,,
,,,,,20939,3.0,3,,,,,,,,
,,,,,20942,3.0,3,,,,,,,,
,,,,,20945,3.0,3,,,,,,,,
,,,,,20948,3.0,3,,,,,,,,
,,,,,20951,3.0,3,,,,,,,,
,,,,,20954,3.0,3,,,,,,,,
,,,,,20957,3.0,3,,,,,,,,
,,,,,20960,3.0,3,,,,,,,,
,,,,,20964,4.0,4,,,,,,,,
,,,,,20967,3.0,3,,,,,,,,
,,,,,20970,3.0,3,,,,,,,,
,,,,,20973,3.0,3,,,,,,,,
,,,,,20977,4.0,4,,,,,,,,
,,,,,20980,3.0,3,,,,,,,,
,,,,,20984,4.0,4,,,,,,,,
,,,,,20988,4.0,4,,,,,,,,
,,,,,20992,4.0,4,,,,,,,,
,,,,,20996,4.0,4,,,,,,,,
,,,,,21000,4.0,4,,,,,,,,
,,,,,21000,,,0.05558781698346138,-0.5558781623840332,0.13069486618041992,3.1181774139404297,3.167598009109497,0.0003,0.0003,0.1
,,,,,21003,3.0,3,,,,,,,,
,,,,,21006,3.0,3,,,,,,,,
,,,,,21010,4.0,4,,,,,,,,
,,,,,21013,3.0,3,,,,,,,,
,,,,,21017,4.0,4,,,,,,,,
,,,,,21020,3.0,3,,,,,,,,
,,,,,21024,4.0,4,,,,,,,,
,,,,,21027,3.0,3,,,,,,,,
,,,,,21030,3.0,3,,,,,,,,
,,,,,21034,4.0,4,,,,,,,,
,,,,,21037,3.0,3,,,,,,,,
,,,,,21041,4.0,4,,,,,,,,
,,,,,21044,3.0,3,,,,,,,,
,,,,,21047,3.0,3,,,,,,,,
,,,,,21050,3.0,3,,,,,,,,
,,,,,21053,3.0,3,,,,,,,,
,,,,,21056,3.0,3,,,,,,,,
,,,,,21059,3.0,3,,,,,,,,
,,,,,21062,3.0,3,,,,,,,,
,,,,,21065,3.0,3,,,,,,,,
,,,,,21068,3.0,3,,,,,,,,
,,,,,21071,3.0,3,,,,,,,,
,,,,,21074,3.0,3,,,,,,,,
,,,,,21077,3.0,3,,,,,,,,
,,,,,21080,3.0,3,,,,,,,,
,,,,,21083,3.0,3,,,,,,,,
,,,,,21086,3.0,3,,,,,,,,
,,,,,21090,4.0,4,,,,,,,,
,,,,,21093,3.0,3,,,,,,,,
,,,,,21096,3.0,3,,,,,,,,
,,,,,21099,3.0,3,,,,,,,,
,,,,,21102,3.0,3,,,,,,,,
,,,,,21105,3.0,3,,,,,,,,
,,,,,21108,3.0,3,,,,,,,,
,,,,,21111,3.0,3,,,,,,,,
,,,,,21114,3.0,3,,,,,,,,
,,,,,21117,3.0,3,,,,,,,,
,,,,,21120,3.0,3,,,,,,,,
,,,,,21123,3.0,3,,,,,,,,
,,,,,21126,3.0,3,,,,,,,,
,,,,,21129,3.0,3,,,,,,,,
,,,,,21132,3.0,3,,,,,,,,
,,,,,21135,3.0,3,,,,,,,,
,,,,,21138,3.0,3,,,,,,,,
,,,,,21141,3.0,3,,,,,,,,
,,,,,21144,3.0,3,,,,,,,,
,,,,,21147,3.0,3,,,,,,,,
,,,,,21150,3.0,3,,,,,,,,
,,,,,21153,3.0,3,,,,,,,,
,,,,,21156,3.0,3,,,,,,,,
,,,,,21159,3.0,3,,,,,,,,
,,,,,21162,3.0,3,,,,,,,,
,,,,,21165,3.0,3,,,,,,,,
,,,,,21168,3.0,3,,,,,,,,
,,,,,21171,3.0,3,,,,,,,,
,,,,,21174,3.0,3,,,,,,,,
,,,,,21177,3.0,3,,,,,,,,
,,,,,21180,3.0,3,,,,,,,,
,,,,,21183,3.0,3,,,,,,,,
,,,,,21186,3.0,3,,,,,,,,
,,,,,21189,3.0,3,,,,,,,,
,,,,,21192,3.0,3,,,,,,,,
,,,,,21195,3.0,3,,,,,,,,
,,,,,21199,4.0,4,,,,,,,,
,,,,,21202,3.0,3,,,,,,,,
,,,,,21205,3.0,3,,,,,,,,
,,,,,21208,3.0,3,,,,,,,,
,,,,,21211,3.0,3,,,,,,,,
,,,,,21214,3.0,3,,,,,,,,
,,,,,21217,3.0,3,,,,,,,,
,,,,,21220,3.0,3,,,,,,,,
,,,,,21223,3.0,3,,,,,,,,
,,,,,21226,3.0,3,,,,,,,,
,,,,,21229,3.0,3,,,,,,,,
,,,,,21232,3.0,3,,,,,,,,
,,,,,21235,3.0,3,,,,,,,,
,,,,,21239,4.0,4,,,,,,,,
,,,,,21243,4.0,4,,,,,,,,
,,,,,21247,4.0,4,,,,,,,,
,,,,,21251,4.0,4,,,,,,,,
,,,,,21254,3.0,3,,,,,,,,
,,,,,21257,3.0,3,,,,,,,,
,,,,,21260,3.0,3,,,,,,,,
,,,,,21264,4.0,4,,,,,,,,
,,,,,21267,3.0,3,,,,,,,,
,,,,,21271,4.0,4,,,,,,,,
,,,,,21274,3.0,3,,,,,,,,
,,,,,21278,4.0,4,,,,,,,,
,,,,,21281,3.0,3,,,,,,,,
,,,,,21285,4.0,4,,,,,,,,
,,,,,21289,4.0,4,,,,,,,,
,,,,,21292,3.0,3,,,,,,,,
,,,,,21296,4.0,4,,,,,,,,
,,,,,21300,4.0,4,,,,,,,,
,,,,,21305,5.0,5,,,,,,,,
,,,,,21309,4.0,4,,,,,,,,
,,,,,21313,4.0,4,,,,,,,,
,,,,,21317,4.0,4,,,,,,,,
,,,,,21322,5.0,5,,,,,,,,
,,,,,21326,4.0,4,,,,,,,,
,,,,,21331,5.0,5,,,,,,,,
,,,,,21338,7.0,7,,,,,,,,
,,,,,21342,4.0,4,,,,,,,,
,,,,,21347,5.0,5,,,,,,,,
,,,,,21352,5.0,5,,,,,,,,
,,,,,21357,5.0,5,,,,,,,,
,,,,,21363,6.0,6,,,,,,,,
,,,,,21367,4.0,4,,,,,,,,
,,,,,21371,4.0,4,,,,,,,,
,,,,,21376,5.0,5,,,,,,,,
,,,,,21380,4.0,4,,,,,,,,
,,,,,21385,5.0,5,,,,,,,,
,,,,,21389,4.0,4,,,,,,,,
,,,,,21394,5.0,5,,,,,,,,
,,,,,21399,5.0,5,,,,,,,,
,,,,,21403,4.0,4,,,,,,,,
,,,,,21407,4.0,4,,,,,,,,
,,,,,21411,4.0,4,,,,,,,,
,,,,,21415,4.0,4,,,,,,,,
,,,,,21419,4.0,4,,,,,,,,
,,,,,21423,4.0,4,,,,,,,,
,,,,,21427,4.0,4,,,,,,,,
,,,,,21431,4.0,4,,,,,,,,
,,,,,21435,4.0,4,,,,,,,,
,,,,,21439,4.0,4,,,,,,,,
,,,,,21443,4.0,4,,,,,,,,
,,,,,21447,4.0,4,,,,,,,,
,,,,,21451,4.0,4,,,,,,,,
,,,,,21455,4.0,4,,,,,,,,
,,,,,21459,4.0,4,,,,,,,,
,,,,,21464,5.0,5,,,,,,,,
,,,,,21468,4.0,4,,,,,,,,
,,,,,21472,4.0,4,,,,,,,,
,,,,,21475,3.0,3,,,,,,,,
,,,,,21478,3.0,3,,,,,,,,
,,,,,21481,3.0,3,,,,,,,,
,,,,,21484,3.0,3,,,,,,,,
,,,,,21488,4.0,4,,,,,,,,
,,,,,21491,3.0,3,,,,,,,,
,,,,,21494,3.0,3,,,,,,,,
,,,,,21498,4.0,4,,,,,,,,
,,,,,21501,3.0,3,,,,,,,,
,,,,,21504,3.0,3,,,,,,,,
,,,,,21507,3.0,3,,,,,,,,
,,,,,21510,3.0,3,,,,,,,,
,,,,,21513,3.0,3,,,,,,,,
,,,,,21516,3.0,3,,,,,,,,
,,,,,21519,3.0,3,,,,,,,,
,,,,,21523,4.0,4,,,,,,,,
,,,,,21526,3.0,3,,,,,,,,
,,,,,21529,3.0,3,,,,,,,,
,,,,,21532,3.0,3,,,,,,,,
,,,,,21535,3.0,3,,,,,,,,
,,,,,21538,3.0,3,,,,,,,,
,,,,,21541,3.0,3,,,,,,,,
,,,,,21545,4.0,4,,,,,,,,
,,,,,21549,4.0,4,,,,,,,,
,,,,,21552,3.0,3,,,,,,,,
,,,,,21555,3.0,3,,,,,,,,
,,,,,21558,3.0,3,,,,,,,,
,,,,,21562,4.0,4,,,,,,,,
,,,,,21565,3.0,3,,,,,,,,
,,,,,21568,3.0,3,,,,,,,,
,,,,,21571,3.0,3,,,,,,,,
,,,,,21575,4.0,4,,,,,,,,
,,,,,21578,3.0,3,,,,,,,,
,,,,,21581,3.0,3,,,,,,,,
,,,,,21584,3.0,3,,,,,,,,
,,,,,21587,3.0,3,,,,,,,,
,,,,,21590,3.0,3,,,,,,,,
,,,,,21593,3.0,3,,,,,,,,
,,,,,21596,3.0,3,,,,,,,,
,,,,,21599,3.0,3,,,,,,,,
,,,,,21602,3.0,3,,,,,,,,
,,,,,21605,3.0,3,,,,,,,,
,,,,,21608,3.0,3,,,,,,,,
,,,,,21611,3.0,3,,,,,,,,
,,,,,21614,3.0,3,,,,,,,,
,,,,,21618,4.0,4,,,,,,,,
,,,,,21622,4.0,4,,,,,,,,
,,,,,21626,4.0,4,,,,,,,,
,,,,,21631,5.0,5,,,,,,,,
,,,,,21634,3.0,3,,,,,,,,
,,,,,21637,3.0,3,,,,,,,,
,,,,,21640,3.0,3,,,,,,,,
,,,,,21643,3.0,3,,,,,,,,
,,,,,21647,4.0,4,,,,,,,,
,,,,,21651,4.0,4,,,,,,,,
,,,,,21655,4.0,4,,,,,,,,
,,,,,21658,3.0,3,,,,,,,,
,,,,,21662,4.0,4,,,,,,,,
,,,,,21666,4.0,4,,,,,,,,
,,,,,21669,3.0,3,,,,,,,,
,,,,,21673,4.0,4,,,,,,,,
,,,,,21677,4.0,4,,,,,,,,
,,,,,21681,4.0,4,,,,,,,,
,,,,,21686,5.0,5,,,,,,,,
,,,,,21690,4.0,4,,,,,,,,
,,,,,21694,4.0,4,,,,,,,,
,,,,,21698,4.0,4,,,,,,,,
,,,,,21701,3.0,3,,,,,,,,
,,,,,21705,4.0,4,,,,,,,,
,,,,,21709,4.0,4,,,,,,,,
,,,,,21713,4.0,4,,,,,,,,
,,,,,21717,4.0,4,,,,,,,,
,,,,,21721,4.0,4,,,,,,,,
,,,,,21725,4.0,4,,,,,,,,
,,,,,21728,3.0,3,,,,,,,,
,,,,,21732,4.0,4,,,,,,,,
,,,,,21736,4.0,4,,,,,,,,
,,,,,21740,4.0,4,,,,,,,,
,,,,,21744,4.0,4,,,,,,,,
,,,,,21748,4.0,4,,,,,,,,
,,,,,21752,4.0,4,,,,,,,,
,,,,,21756,4.0,4,,,,,,,,
,,,,,21760,4.0,4,,,,,,,,
,,,,,21764,4.0,4,,,,,,,,
,,,,,21768,4.0,4,,,,,,,,
,,,,,21771,3.0,3,,,,,,,,
,,,,,21774,3.0,3,,,,,,,,
,,,,,21778,4.0,4,,,,,,,,
,,,,,21781,3.0,3,,,,,,,,
,,,,,21786,5.0,5,,,,,,,,
,,,,,21790,4.0,4,,,,,,,,
,,,,,21794,4.0,4,,,,,,,,
,,,,,21798,4.0,4,,,,,,,,
,,,,,21802,4.0,4,,,,,,,,
,,,,,21806,4.0,4,,,,,,,,
,,,,,21811,5.0,5,,,,,,,,
,,,,,21816,5.0,5,,,,,,,,
,,,,,21820,4.0,4,,,,,,,,
,,,,,21824,4.0,4,,,,,,,,
,,,,,21828,4.0,4,,,,,,,,
,,,,,21832,4.0,4,,,,,,,,
,,,,,21839,7.0,7,,,,,,,,
,,,,,21843,4.0,4,,,,,,,,
,,,,,21846,3.0,3,,,,,,,,
,,,,,21850,4.0,4,,,,,,,,
,,,,,21853,3.0,3,,,,,,,,
,,,,,21856,3.0,3,,,,,,,,
,,,,,21860,4.0,4,,,,,,,,
,,,,,21863,3.0,3,,,,,,,,
,,,,,21866,3.0,3,,,,,,,,
,,,,,21870,4.0,4,,,,,,,,
,,,,,21873,3.0,3,,,,,,,,
,,,,,21876,3.0,3,,,,,,,,
,,,,,21880,4.0,4,,,,,,,,
,,,,,21884,4.0,4,,,,,,,,
,,,,,21888,4.0,4,,,,,,,,
,,,,,21892,4.0,4,,,,,,,,
,,,,,21895,3.0,3,,,,,,,,
,,,,,21898,3.0,3,,,,,,,,
,,,,,21902,4.0,4,,,,,,,,
,,,,,21906,4.0,4,,,,,,,,
,,,,,21910,4.0,4,,,,,,,,
,,,,,21913,3.0,3,,,,,,,,
,,,,,21916,3.0,3,,,,,,,,
,,,,,21919,3.0,3,,,,,,,,
,,,,,21923,4.0,4,,,,,,,,
,,,,,21926,3.0,3,,,,,,,,
,,,,,21929,3.0,3,,,,,,,,
,,,,,21932,3.0,3,,,,,,,,
,,,,,21936,4.0,4,,,,,,,,
,,,,,21940,4.0,4,,,,,,,,
,,,,,21944,4.0,4,,,,,,,,
,,,,,21947,3.0,3,,,,,,,,
,,,,,21951,4.0,4,,,,,,,,
,,,,,21955,4.0,4,,,,,,,,
,,,,,21958,3.0,3,,,,,,,,
,,,,,21961,3.0,3,,,,,,,,
,,,,,21964,3.0,3,,,,,,,,
,,,,,21967,3.0,3,,,,,,,,
,,,,,21970,3.0,3,,,,,,,,
,,,,,21973,3.0,3,,,,,,,,
,,,,,21976,3.0,3,,,,,,,,
,,,,,21979,3.0,3,,,,,,,,
,,,,,21982,3.0,3,,,,,,,,
,,,,,21986,4.0,4,,,,,,,,
,,,,,21989,3.0,3,,,,,,,,
,,,,,21992,3.0,3,,,,,,,,
,,,,,21995,3.0,3,,,,,,,,
,,,,,21999,4.0,4,,,,,,,,
,,,,,22000,,,0.07506450265645981,-0.7506450414657593,0.39204293489456177,2.735074996948242,2.7546072006225586,0.0003,0.0003,0.1
,,,,,22002,3.0,3,,,,,,,,
,,,,,22006,4.0,4,,,,,,,,
,,,,,22009,3.0,3,,,,,,,,
,,,,,22012,3.0,3,,,,,,,,
,,,,,22015,3.0,3,,,,,,,,
,,,,,22018,3.0,3,,,,,,,,
,,,,,22021,3.0,3,,,,,,,,
,,,,,22024,3.0,3,,,,,,,,
,,,,,22027,3.0,3,,,,,,,,
,,,,,22030,3.0,3,,,,,,,,
,,,,,22033,3.0,3,,,,,,,,
,,,,,22036,3.0,3,,,,,,,,
,,,,,22039,3.0,3,,,,,,,,
,,,,,22042,3.0,3,,,,,,,,
,,,,,22045,3.0,3,,,,,,,,
,,,,,22048,3.0,3,,,,,,,,
,,,,,22051,3.0,3,,,,,,,,
,,,,,22054,3.0,3,,,,,,,,
,,,,,22057,3.0,3,,,,,,,,
,,,,,22060,3.0,3,,,,,,,,
,,,,,22063,3.0,3,,,,,,,,
,,,,,22067,4.0,4,,,,,,,,
,,,,,22071,4.0,4,,,,,,,,
,,,,,22074,3.0,3,,,,,,,,
,,,,,22077,3.0,3,,,,,,,,
,,,,,22081,4.0,4,,,,,,,,
,,,,,22084,3.0,3,,,,,,,,
,,,,,22088,4.0,4,,,,,,,,
,,,,,22092,4.0,4,,,,,,,,
,,,,,22095,3.0,3,,,,,,,,
,,,,,22098,3.0,3,,,,,,,,
,,,,,22102,4.0,4,,,,,,,,
,,,,,22105,3.0,3,,,,,,,,
,,,,,22109,4.0,4,,,,,,,,
,,,,,22113,4.0,4,,,,,,,,
,,,,,22117,4.0,4,,,,,,,,
,,,,,22121,4.0,4,,,,,,,,
,,,,,22124,3.0,3,,,,,,,,
,,,,,22128,4.0,4,,,,,,,,
,,,,,22132,4.0,4,,,,,,,,
,,,,,22135,3.0,3,,,,,,,,
,,,,,22139,4.0,4,,,,,,,,
,,,,,22143,4.0,4,,,,,,,,
,,,,,22147,4.0,4,,,,,,,,
,,,,,22151,4.0,4,,,,,,,,
,,,,,22155,4.0,4,,,,,,,,
,,,,,22159,4.0,4,,,,,,,,
,,,,,22163,4.0,4,,,,,,,,
,,,,,22167,4.0,4,,,,,,,,
,,,,,22171,4.0,4,,,,,,,,
,,,,,22174,3.0,3,,,,,,,,
,,,,,22178,4.0,4,,,,,,,,
,,,,,22181,3.0,3,,,,,,,,
,,,,,22185,4.0,4,,,,,,,,
,,,,,22189,4.0,4,,,,,,,,
,,,,,22193,4.0,4,,,,,,,,
,,,,,22197,4.0,4,,,,,,,,
,,,,,22201,4.0,4,,,,,,,,
,,,,,22205,4.0,4,,,,,,,,
,,,,,22209,4.0,4,,,,,,,,
,,,,,22215,6.0,6,,,,,,,,
,,,,,22220,5.0,5,,,,,,,,
,,,,,22224,4.0,4,,,,,,,,
,,,,,22228,4.0,4,,,,,,,,
,,,,,22232,4.0,4,,,,,,,,
,,,,,22236,4.0,4,,,,,,,,
,,,,,22240,4.0,4,,,,,,,,
,,,,,22244,4.0,4,,,,,,,,
,,,,,22249,5.0,5,,,,,,,,
,,,,,22253,4.0,4,,,,,,,,
,,,,,22257,4.0,4,,,,,,,,
,,,,,22262,5.0,5,,,,,,,,
,,,,,22266,4.0,4,,,,,,,,
,,,,,22270,4.0,4,,,,,,,,
,,,,,22274,4.0,4,,,,,,,,
,,,,,22278,4.0,4,,,,,,,,
,,,,,22282,4.0,4,,,,,,,,
,,,,,22286,4.0,4,,,,,,,,
,,,,,22290,4.0,4,,,,,,,,
,,,,,22295,5.0,5,,,,,,,,
,,,,,22300,5.0,5,,,,,,,,
,,,,,22304,4.0,4,,,,,,,,
,,,,,22308,4.0,4,,,,,,,,
,,,,,22313,5.0,5,,,,,,,,
,,,,,22319,6.0,6,,,,,,,,
,,,,,22323,4.0,4,,,,,,,,
,,,,,22328,5.0,5,,,,,,,,
,,,,,22333,5.0,5,,,,,,,,
,,,,,22337,4.0,4,,,,,,,,
,,,,,22342,5.0,5,,,,,,,,
,,,,,22346,4.0,4,,,,,,,,
,,,,,22350,4.0,4,,,,,,,,
,,,,,22355,5.0,5,,,,,,,,
,,,,,22359,4.0,4,,,,,,,,
,,,,,22364,5.0,5,,,,,,,,
,,,,,22369,5.0,5,,,,,,,,
,,,,,22374,5.0,5,,,,,,,,
,,,,,22379,5.0,5,,,,,,,,
,,,,,22384,5.0,5,,,,,,,,
,,,,,22389,5.0,5,,,,,,,,
,,,,,22393,4.0,4,,,,,,,,
,,,,,22398,5.0,5,,,,,,,,
,,,,,22404,6.0,6,,,,,,,,
,,,,,22408,4.0,4,,,,,,,,
,,,,,22414,6.0,6,,,,,,,,
,,,,,22419,5.0,5,,,,,,,,
,,,,,22423,4.0,4,,,,,,,,
,,,,,22429,6.0,6,,,,,,,,
,,,,,22434,5.0,5,,,,,,,,
,,,,,22439,5.0,5,,,,,,,,
,,,,,22444,5.0,5,,,,,,,,
,,,,,22449,5.0,5,,,,,,,,
,,,,,22456,7.0,7,,,,,,,,
,,,,,22461,5.0,5,,,,,,,,
,,,,,22466,5.0,5,,,,,,,,
,,,,,22471,5.0,5,,,,,,,,
,,,,,22476,5.0,5,,,,,,,,
,,,,,22481,5.0,5,,,,,,,,
,,,,,22486,5.0,5,,,,,,,,
,,,,,22491,5.0,5,,,,,,,,
,,,,,22496,5.0,5,,,,,,,,
,,,,,22502,6.0,6,,,,,,,,
,,,,,22507,5.0,5,,,,,,,,
,,,,,22512,5.0,5,,,,,,,,
,,,,,22518,6.0,6,,,,,,,,
,,,,,22524,6.0,6,,,,,,,,
,,,,,22530,6.0,6,,,,,,,,
,,,,,22536,6.0,6,,,,,,,,
,,,,,22541,5.0,5,,,,,,,,
,,,,,22547,6.0,6,,,,,,,,
,,,,,22552,5.0,5,,,,,,,,
,,,,,22562,10.0,10,,,,,,,,
,,,,,22568,6.0,6,,,,,,,,
,,,,,22575,7.0,7,,,,,,,,
,,,,,22580,5.0,5,,,,,,,,
,,,,,22584,4.0,4,,,,,,,,
,,,,,22589,5.0,5,,,,,,,,
,,,,,22594,5.0,5,,,,,,,,
,,,,,22599,5.0,5,,,,,,,,
,,,,,22604,5.0,5,,,,,,,,
,,,,,22609,5.0,5,,,,,,,,
,,,,,22614,5.0,5,,,,,,,,
,,,,,22619,5.0,5,,,,,,,,
,,,,,22624,5.0,5,,,,,,,,
,,,,,22629,5.0,5,,,,,,,,
,,,,,22634,5.0,5,,,,,,,,
,,,,,22639,5.0,5,,,,,,,,
,,,,,22644,5.0,5,,,,,,,,
,,,,,22650,6.0,6,,,,,,,,
,,,,,22655,5.0,5,,,,,,,,
,,,,,22659,4.0,4,,,,,,,,
,,,,,22664,5.0,5,,,,,,,,
,,,,,22669,5.0,5,,,,,,,,
,,,,,22674,5.0,5,,,,,,,,
,,,,,22680,6.0,6,,,,,,,,
,,,,,22685,5.0,5,,,,,,,,
,,,,,22690,5.0,5,,,,,,,,
,,,,,22695,5.0,5,,,,,,,,
,,,,,22700,5.0,5,,,,,,,,
,,,,,22704,4.0,4,,,,,,,,
,,,,,22708,4.0,4,,,,,,,,
,,,,,22713,5.0,5,,,,,,,,
,,,,,22720,7.0,7,,,,,,,,
,,,,,22725,5.0,5,,,,,,,,
,,,,,22730,5.0,5,,,,,,,,
,,,,,22735,5.0,5,,,,,,,,
,,,,,22740,5.0,5,,,,,,,,
,,,,,22745,5.0,5,,,,,,,,
,,,,,22749,4.0,4,,,,,,,,
,,,,,22754,5.0,5,,,,,,,,
,,,,,22759,5.0,5,,,,,,,,
,,,,,22764,5.0,5,,,,,,,,
,,,,,22769,5.0,5,,,,,,,,
,,,,,22773,4.0,4,,,,,,,,
,,,,,22778,5.0,5,,,,,,,,
,,,,,22783,5.0,5,,,,,,,,
,,,,,22788,5.0,5,,,,,,,,
,,,,,22793,5.0,5,,,,,,,,
,,,,,22797,4.0,4,,,,,,,,
,,,,,22801,4.0,4,,,,,,,,
,,,,,22807,6.0,6,,,,,,,,
,,,,,22812,5.0,5,,,,,,,,
,,,,,22817,5.0,5,,,,,,,,
,,,,,22822,5.0,5,,,,,,,,
,,,,,22827,5.0,5,,,,,,,,
,,,,,22832,5.0,5,,,,,,,,
,,,,,22838,6.0,6,,,,,,,,
,,,,,22844,6.0,6,,,,,,,,
,,,,,22849,5.0,5,,,,,,,,
,,,,,22854,5.0,5,,,,,,,,
,,,,,22859,5.0,5,,,,,,,,
,,,,,22863,4.0,4,,,,,,,,
,,,,,22869,6.0,6,,,,,,,,
,,,,,22874,5.0,5,,,,,,,,
,,,,,22878,4.0,4,,,,,,,,
,,,,,22883,5.0,5,,,,,,,,
,,,,,22888,5.0,5,,,,,,,,
,,,,,22893,5.0,5,,,,,,,,
,,,,,22899,6.0,6,,,,,,,,
,,,,,22904,5.0,5,,,,,,,,
,,,,,22910,6.0,6,,,,,,,,
,,,,,22914,4.0,4,,,,,,,,
,,,,,22919,5.0,5,,,,,,,,
,,,,,22925,6.0,6,,,,,,,,
,,,,,22930,5.0,5,,,,,,,,
,,,,,22935,5.0,5,,,,,,,,
,,,,,22941,6.0,6,,,,,,,,
,,,,,22946,5.0,5,,,,,,,,
,,,,,22950,4.0,4,,,,,,,,
,,,,,22954,4.0,4,,,,,,,,
,,,,,22959,5.0,5,,,,,,,,
,,,,,22964,5.0,5,,,,,,,,
,,,,,22968,4.0,4,,,,,,,,
,,,,,22972,4.0,4,,,,,,,,
,,,,,22977,5.0,5,,,,,,,,
,,,,,22981,4.0,4,,,,,,,,
,,,,,22986,5.0,5,,,,,,,,
,,,,,22991,5.0,5,,,,,,,,
,,,,,22996,5.0,5,,,,,,,,
,,,,,23000,,,0.15084056556224823,-1.5084056854248047,0.2400967925786972,4.016331195831299,4.115606784820557,0.0003,0.0003,0.1
,,,,,23001,5.0,5,,,,,,,,
,,,,,23006,5.0,5,,,,,,,,
,,,,,23011,5.0,5,,,,,,,,
,,,,,23016,5.0,5,,,,,,,,
,,,,,23021,5.0,5,,,,,,,,
,,,,,23027,6.0,6,,,,,,,,
,,,,,23032,5.0,5,,,,,,,,
,,,,,23037,5.0,5,,,,,,,,
,,,,,23041,4.0,4,,,,,,,,
,,,,,23046,5.0,5,,,,,,,,
,,,,,23051,5.0,5,,,,,,,,
,,,,,23056,5.0,5,,,,,,,,
,,,,,23062,6.0,6,,,,,,,,
,,,,,23067,5.0,5,,,,,,,,
,,,,,23072,5.0,5,,,,,,,,
,,,,,23078,6.0,6,,,,,,,,
,,,,,23083,5.0,5,,,,,,,,
,,,,,23088,5.0,5,,,,,,,,
,,,,,23093,5.0,5,,,,,,,,
,,,,,23098,5.0,5,,,,,,,,
,,,,,23104,6.0,6,,,,,,,,
,,,,,23109,5.0,5,,,,,,,,
,,,,,23114,5.0,5,,,,,,,,
,,,,,23119,5.0,5,,,,,,,,
,,,,,23124,5.0,5,,,,,,,,
,,,,,23130,6.0,6,,,,,,,,
,,,,,23135,5.0,5,,,,,,,,
,,,,,23140,5.0,5,,,,,,,,
,,,,,23144,4.0,4,,,,,,,,
,,,,,23149,5.0,5,,,,,,,,
,,,,,23154,5.0,5,,,,,,,,
,,,,,23158,4.0,4,,,,,,,,
,,,,,23163,5.0,5,,,,,,,,
,,,,,23168,5.0,5,,,,,,,,
,,,,,23173,5.0,5,,,,,,,,
,,,,,23179,6.0,6,,,,,,,,
,,,,,23184,5.0,5,,,,,,,,
,,,,,23189,5.0,5,,,,,,,,
,,,,,23194,5.0,5,,,,,,,,
,,,,,23199,5.0,5,,,,,,,,
,,,,,23204,5.0,5,,,,,,,,
,,,,,23209,5.0,5,,,,,,,,
,,,,,23214,5.0,5,,,,,,,,
,,,,,23219,5.0,5,,,,,,,,
,,,,,23224,5.0,5,,,,,,,,
,,,,,23228,4.0,4,,,,,,,,
,,,,,23232,4.0,4,,,,,,,,
,,,,,23236,4.0,4,,,,,,,,
,,,,,23240,4.0,4,,,,,,,,
,,,,,23244,4.0,4,,,,,,,,
,,,,,23248,4.0,4,,,,,,,,
,,,,,23252,4.0,4,,,,,,,,
,,,,,23256,4.0,4,,,,,,,,
,,,,,23260,4.0,4,,,,,,,,
,,,,,23264,4.0,4,,,,,,,,
,,,,,23269,5.0,5,,,,,,,,
,,,,,23274,5.0,5,,,,,,,,
,,,,,23278,4.0,4,,,,,,,,
,,,,,23282,4.0,4,,,,,,,,
,,,,,23287,5.0,5,,,,,,,,
,,,,,23292,5.0,5,,,,,,,,
,,,,,23296,4.0,4,,,,,,,,
,,,,,23301,5.0,5,,,,,,,,
,,,,,23305,4.0,4,,,,,,,,
,,,,,23309,4.0,4,,,,,,,,
,,,,,23313,4.0,4,,,,,,,,
,,,,,23317,4.0,4,,,,,,,,
,,,,,23321,4.0,4,,,,,,,,
,,,,,23325,4.0,4,,,,,,,,
,,,,,23329,4.0,4,,,,,,,,
,,,,,23334,5.0,5,,,,,,,,
,,,,,23338,4.0,4,,,,,,,,
,,,,,23342,4.0,4,,,,,,,,
,,,,,23346,4.0,4,,,,,,,,
,,,,,23351,5.0,5,,,,,,,,
,,,,,23355,4.0,4,,,,,,,,
,,,,,23359,4.0,4,,,,,,,,
,,,,,23363,4.0,4,,,,,,,,
,,,,,23368,5.0,5,,,,,,,,
,,,,,23372,4.0,4,,,,,,,,
,,,,,23376,4.0,4,,,,,,,,
,,,,,23381,5.0,5,,,,,,,,
,,,,,23385,4.0,4,,,,,,,,
,,,,,23389,4.0,4,,,,,,,,
,,,,,23393,4.0,4,,,,,,,,
,,,,,23397,4.0,4,,,,,,,,
,,,,,23401,4.0,4,,,,,,,,
,,,,,23406,5.0,5,,,,,,,,
,,,,,23411,5.0,5,,,,,,,,
,,,,,23417,6.0,6,,,,,,,,
,,,,,23422,5.0,5,,,,,,,,
,,,,,23427,5.0,5,,,,,,,,
,,,,,23433,6.0,6,,,,,,,,
,,,,,23438,5.0,5,,,,,,,,
,,,,,23443,5.0,5,,,,,,,,
,,,,,23449,6.0,6,,,,,,,,
,,,,,23454,5.0,5,,,,,,,,
,,,,,23459,5.0,5,,,,,,,,
,,,,,23464,5.0,5,,,,,,,,
,,,,,23469,5.0,5,,,,,,,,
,,,,,23474,5.0,5,,,,,,,,
,,,,,23480,6.0,6,,,,,,,,
,,,,,23486,6.0,6,,,,,,,,
,,,,,23492,6.0,6,,,,,,,,
,,,,,23499,7.0,7,,,,,,,,
,,,,,23505,6.0,6,,,,,,,,
,,,,,23511,6.0,6,,,,,,,,
,,,,,23518,7.0,7,,,,,,,,
,,,,,23525,7.0,7,,,,,,,,
,,,,,23533,8.0,8,,,,,,,,
,,,,,23538,5.0,5,,,,,,,,
,,,,,23544,6.0,6,,,,,,,,
,,,,,23549,5.0,5,,,,,,,,
,,,,,23554,5.0,5,,,,,,,,
,,,,,23559,5.0,5,,,,,,,,
,,,,,23566,7.0,7,,,,,,,,
,,,,,23572,6.0,6,,,,,,,,
,,,,,23577,5.0,5,,,,,,,,
,,,,,23582,5.0,5,,,,,,,,
,,,,,23587,5.0,5,,,,,,,,
,,,,,23592,5.0,5,,,,,,,,
,,,,,23598,6.0,6,,,,,,,,
,,,,,23603,5.0,5,,,,,,,,
,,,,,23609,6.0,6,,,,,,,,
,,,,,23614,5.0,5,,,,,,,,
,,,,,23620,6.0,6,,,,,,,,
,,,,,23626,6.0,6,,,,,,,,
,,,,,23631,5.0,5,,,,,,,,
,,,,,23637,6.0,6,,,,,,,,
,,,,,23643,6.0,6,,,,,,,,
,,,,,23647,4.0,4,,,,,,,,
,,,,,23652,5.0,5,,,,,,,,
,,,,,23657,5.0,5,,,,,,,,
,,,,,23662,5.0,5,,,,,,,,
,,,,,23667,5.0,5,,,,,,,,
,,,,,23673,6.0,6,,,,,,,,
,,,,,23678,5.0,5,,,,,,,,
,,,,,23685,7.0,7,,,,,,,,
,,,,,23690,5.0,5,,,,,,,,
,,,,,23696,6.0,6,,,,,,,,
,,,,,23702,6.0,6,,,,,,,,
,,,,,23708,6.0,6,,,,,,,,
,,,,,23714,6.0,6,,,,,,,,
,,,,,23720,6.0,6,,,,,,,,
,,,,,23727,7.0,7,,,,,,,,
,,,,,23734,7.0,7,,,,,,,,
,,,,,23741,7.0,7,,,,,,,,
,,,,,23746,5.0,5,,,,,,,,
,,,,,23752,6.0,6,,,,,,,,
,,,,,23758,6.0,6,,,,,,,,
,,,,,23763,5.0,5,,,,,,,,
,,,,,23769,6.0,6,,,,,,,,
,,,,,23775,6.0,6,,,,,,,,
,,,,,23781,6.0,6,,,,,,,,
,,,,,23787,6.0,6,,,,,,,,
,,,,,23791,4.0,4,,,,,,,,
,,,,,23797,6.0,6,,,,,,,,
,,,,,23803,6.0,6,,,,,,,,
,,,,,23809,6.0,6,,,,,,,,
,,,,,23814,5.0,5,,,,,,,,
,,,,,23819,5.0,5,,,,,,,,
,,,,,23827,8.0,8,,,,,,,,
,,,,,23833,6.0,6,,,,,,,,
,,,,,23838,5.0,5,,,,,,,,
,,,,,23844,6.0,6,,,,,,,,
,,,,,23850,6.0,6,,,,,,,,
,,,,,23856,6.0,6,,,,,,,,
,,,,,23861,5.0,5,,,,,,,,
,,,,,23866,5.0,5,,,,,,,,
,,,,,23871,5.0,5,,,,,,,,
,,,,,23877,6.0,6,,,,,,,,
,,,,,23884,7.0,7,,,,,,,,
,,,,,23893,9.0,9,,,,,,,,
,,,,,23899,6.0,6,,,,,,,,
,,,,,23904,5.0,5,,,,,,,,
,,,,,23909,5.0,5,,,,,,,,
,,,,,23920,11.0,11,,,,,,,,
,,,,,23926,6.0,6,,,,,,,,
,,,,,23932,6.0,6,,,,,,,,
,,,,,23937,5.0,5,,,,,,,,
,,,,,23943,6.0,6,,,,,,,,
,,,,,23949,6.0,6,,,,,,,,
,,,,,23954,5.0,5,,,,,,,,
,,,,,23960,6.0,6,,,,,,,,
,,,,,23967,7.0,7,,,,,,,,
,,,,,23973,6.0,6,,,,,,,,
,,,,,23980,7.0,7,,,,,,,,
,,,,,23986,6.0,6,,,,,,,,
,,,,,23992,6.0,6,,,,,,,,
,,,,,23998,6.0,6,,,,,,,,
,,,,,24000,,,0.12132670730352402,-1.2132670879364014,0.4237483739852905,4.2385993003845215,4.178167343139648,0.0003,0.0003,0.1
,,,,,24003,5.0,5,,,,,,,,
,,,,,24010,7.0,7,,,,,,,,
,,,,,24015,5.0,5,,,,,,,,
,,,,,24020,5.0,5,,,,,,,,
,,,,,24026,6.0,6,,,,,,,,
,,,,,24031,5.0,5,,,,,,,,
,,,,,24037,6.0,6,,,,,,,,
,,,,,24042,5.0,5,,,,,,,,
,,,,,24047,5.0,5,,,,,,,,
,,,,,24053,6.0,6,,,,,,,,
,,,,,24058,5.0,5,,,,,,,,
,,,,,24063,5.0,5,,,,,,,,
,,,,,24068,5.0,5,,,,,,,,
,,,,,24074,6.0,6,,,,,,,,
,,,,,24079,5.0,5,,,,,,,,
,,,,,24087,8.0,8,,,,,,,,
,,,,,24092,5.0,5,,,,,,,,
,,,,,24098,6.0,6,,,,,,,,
,,,,,24103,5.0,5,,,,,,,,
,,,,,24108,5.0,5,,,,,,,,
,,,,,24114,6.0,6,,,,,,,,
,,,,,24120,6.0,6,,,,,,,,
,,,,,24126,6.0,6,,,,,,,,
,,,,,24135,9.0,9,,,,,,,,
,,,,,24140,5.0,5,,,,,,,,
,,,,,24146,6.0,6,,,,,,,,
,,,,,24151,5.0,5,,,,,,,,
,,,,,24156,5.0,5,,,,,,,,
,,,,,24160,4.0,4,,,,,,,,
,,,,,24165,5.0,5,,,,,,,,
,,,,,24171,6.0,6,,,,,,,,
,,,,,24177,6.0,6,,,,,,,,
,,,,,24182,5.0,5,,,,,,,,
,,,,,24188,6.0,6,,,,,,,,
,,,,,24193,5.0,5,,,,,,,,
,,,,,24199,6.0,6,,,,,,,,
,,,,,24204,5.0,5,,,,,,,,
,,,,,24209,5.0,5,,,,,,,,
,,,,,24217,8.0,8,,,,,,,,
,,,,,24224,7.0,7,,,,,,,,
,,,,,24229,5.0,5,,,,,,,,
,,,,,24234,5.0,5,,,,,,,,
,,,,,24239,5.0,5,,,,,,,,
,,,,,24244,5.0,5,,,,,,,,
,,,,,24249,5.0,5,,,,,,,,
,,,,,24256,7.0,7,,,,,,,,
,,,,,24263,7.0,7,,,,,,,,
,,,,,24268,5.0,5,,,,,,,,
,,,,,24274,6.0,6,,,,,,,,
,,,,,24280,6.0,6,,,,,,,,
,,,,,24285,5.0,5,,,,,,,,
,,,,,24291,6.0,6,,,,,,,,
,,,,,24296,5.0,5,,,,,,,,
,,,,,24302,6.0,6,,,,,,,,
,,,,,24308,6.0,6,,,,,,,,
,,,,,24316,8.0,8,,,,,,,,
,,,,,24322,6.0,6,,,,,,,,
,,,,,24327,5.0,5,,,,,,,,
,,,,,24333,6.0,6,,,,,,,,
,,,,,24337,4.0,4,,,,,,,,
,,,,,24341,4.0,4,,,,,,,,
,,,,,24346,5.0,5,,,,,,,,
,,,,,24352,6.0,6,,,,,,,,
,,,,,24358,6.0,6,,,,,,,,
,,,,,24365,7.0,7,,,,,,,,
,,,,,24371,6.0,6,,,,,,,,
,,,,,24377,6.0,6,,,,,,,,
,,,,,24383,6.0,6,,,,,,,,
,,,,,24389,6.0,6,,,,,,,,
,,,,,24395,6.0,6,,,,,,,,
,,,,,24401,6.0,6,,,,,,,,
,,,,,24406,5.0,5,,,,,,,,
,,,,,24411,5.0,5,,,,,,,,
,,,,,24415,4.0,4,,,,,,,,
,,,,,24420,5.0,5,,,,,,,,
,,,,,24425,5.0,5,,,,,,,,
,,,,,24430,5.0,5,,,,,,,,
,,,,,24436,6.0,6,,,,,,,,
,,,,,24439,3.0,3,,,,,,,,
,,,,,24445,6.0,6,,,,,,,,
,,,,,24450,5.0,5,,,,,,,,
,,,,,24454,4.0,4,,,,,,,,
,,,,,24460,6.0,6,,,,,,,,
,,,,,24464,4.0,4,,,,,,,,
,,,,,24469,5.0,5,,,,,,,,
,,,,,24474,5.0,5,,,,,,,,
,,,,,24479,5.0,5,,,,,,,,
,,,,,24485,6.0,6,,,,,,,,
,,,,,24490,5.0,5,,,,,,,,
,,,,,24496,6.0,6,,,,,,,,
,,,,,24501,5.0,5,,,,,,,,
,,,,,24506,5.0,5,,,,,,,,
,,,,,24512,6.0,6,,,,,,,,
,,,,,24518,6.0,6,,,,,,,,
,,,,,24523,5.0,5,,,,,,,,
,,,,,24528,5.0,5,,,,,,,,
,,,,,24534,6.0,6,,,,,,,,
,,,,,24540,6.0,6,,,,,,,,
,,,,,24546,6.0,6,,,,,,,,
,,,,,24552,6.0,6,,,,,,,,
,,,,,24558,6.0,6,,,,,,,,
,,,,,24563,5.0,5,,,,,,,,
,,,,,24568,5.0,5,,,,,,,,
,,,,,24575,7.0,7,,,,,,,,
,,,,,24581,6.0,6,,,,,,,,
,,,,,24586,5.0,5,,,,,,,,
,,,,,24591,5.0,5,,,,,,,,
,,,,,24596,5.0,5,,,,,,,,
,,,,,24601,5.0,5,,,,,,,,
,,,,,24606,5.0,5,,,,,,,,
,,,,,24613,7.0,7,,,,,,,,
,,,,,24619,6.0,6,,,,,,,,
,,,,,24624,5.0,5,,,,,,,,
,,,,,24629,5.0,5,,,,,,,,
,,,,,24634,5.0,5,,,,,,,,
,,,,,24643,9.0,9,,,,,,,,
,,,,,24648,5.0,5,,,,,,,,
,,,,,24655,7.0,7,,,,,,,,
,,,,,24661,6.0,6,,,,,,,,
,,,,,24668,7.0,7,,,,,,,,
,,,,,24674,6.0,6,,,,,,,,
,,,,,24680,6.0,6,,,,,,,,
,,,,,24685,5.0,5,,,,,,,,
,,,,,24690,5.0,5,,,,,,,,
,,,,,24695,5.0,5,,,,,,,,
,,,,,24702,7.0,7,,,,,,,,
,,,,,24707,5.0,5,,,,,,,,
,,,,,24714,7.0,7,,,,,,,,
,,,,,24719,5.0,5,,,,,,,,
,,,,,24726,7.0,7,,,,,,,,
,,,,,24733,7.0,7,,,,,,,,
,,,,,24739,6.0,6,,,,,,,,
,,,,,24745,6.0,6,,,,,,,,
,,,,,24751,6.0,6,,,,,,,,
,,,,,24757,6.0,6,,,,,,,,
,,,,,24762,5.0,5,,,,,,,,
,,,,,24768,6.0,6,,,,,,,,
,,,,,24775,7.0,7,,,,,,,,
,,,,,24785,10.0,10,,,,,,,,
,,,,,24794,9.0,9,,,,,,,,
,,,,,24800,6.0,6,,,,,,,,
,,,,,24808,8.0,8,,,,,,,,
,,,,,24817,9.0,9,,,,,,,,
,,,,,24824,7.0,7,,,,,,,,
,,,,,24832,8.0,8,,,,,,,,
,,,,,24840,8.0,8,,,,,,,,
,,,,,24848,8.0,8,,,,,,,,
,,,,,24857,9.0,9,,,,,,,,
,,,,,24865,8.0,8,,,,,,,,
,,,,,24872,7.0,7,,,,,,,,
,,,,,24880,8.0,8,,,,,,,,
,,,,,24889,9.0,9,,,,,,,,
,,,,,24896,7.0,7,,,,,,,,
,,,,,24904,8.0,8,,,,,,,,
,,,,,24912,8.0,8,,,,,,,,
,,,,,24918,6.0,6,,,,,,,,
,,,,,24931,13.0,13,,,,,,,,
,,,,,24938,7.0,7,,,,,,,,
,,,,,24945,7.0,7,,,,,,,,
,,,,,24952,7.0,7,,,,,,,,
,,,,,24962,10.0,10,,,,,,,,
,,,,,24971,9.0,9,,,,,,,,
,,,,,24980,9.0,9,,,,,,,,
,,,,,24989,9.0,9,,,,,,,,
,,,,,24999,10.0,10,,,,,,,,
9.3,2.238303,13.0,5.0,9.3,25000,,,0.06965939700603485,-0.6965939402580261,0.17056620121002197,4.172924041748047,4.172420024871826,0.0003,0.0003,0.1
,,,,,25012,13.0,13,,,,,,,,
,,,,,25026,14.0,14,,,,,,,,
,,,,,25034,8.0,8,,,,,,,,
,,,,,25043,9.0,9,,,,,,,,
,,,,,25052,9.0,9,,,,,,,,
,,,,,25059,7.0,7,,,,,,,,
,,,,,25065,6.0,6,,,,,,,,
,,,,,25071,6.0,6,,,,,,,,
,,,,,25081,10.0,10,,,,,,,,
,,,,,25088,7.0,7,,,,,,,,
,,,,,25093,5.0,5,,,,,,,,
,,,,,25099,6.0,6,,,,,,,,
,,,,,25108,9.0,9,,,,,,,,
,,,,,25115,7.0,7,,,,,,,,
,,,,,25122,7.0,7,,,,,,,,
,,,,,25129,7.0,7,,,,,,,,
,,,,,25136,7.0,7,,,,,,,,
,,,,,25144,8.0,8,,,,,,,,
,,,,,25151,7.0,7,,,,,,,,
,,,,,25157,6.0,6,,,,,,,,
,,,,,25165,8.0,8,,,,,,,,
,,,,,25173,8.0,8,,,,,,,,
,,,,,25181,8.0,8,,,,,,,,
,,,,,25188,7.0,7,,,,,,,,
,,,,,25194,6.0,6,,,,,,,,
,,,,,25200,6.0,6,,,,,,,,
,,,,,25208,8.0,8,,,,,,,,
,,,,,25217,9.0,9,,,,,,,,
,,,,,25226,9.0,9,,,,,,,,
,,,,,25236,10.0,10,,,,,,,,
,,,,,25244,8.0,8,,,,,,,,
,,,,,25250,6.0,6,,,,,,,,
,,,,,25256,6.0,6,,,,,,,,
,,,,,25265,9.0,9,,,,,,,,
,,,,,25270,5.0,5,,,,,,,,
,,,,,25275,5.0,5,,,,,,,,
,,,,,25283,8.0,8,,,,,,,,
,,,,,25293,10.0,10,,,,,,,,
,,,,,25301,8.0,8,,,,,,,,
,,,,,25310,9.0,9,,,,,,,,
,,,,,25316,6.0,6,,,,,,,,
,,,,,25325,9.0,9,,,,,,,,
,,,,,25331,6.0,6,,,,,,,,
,,,,,25339,8.0,8,,,,,,,,
,,,,,25347,8.0,8,,,,,,,,
,,,,,25355,8.0,8,,,,,,,,
,,,,,25362,7.0,7,,,,,,,,
,,,,,25374,12.0,12,,,,,,,,
,,,,,25380,6.0,6,,,,,,,,
,,,,,25389,9.0,9,,,,,,,,
,,,,,25396,7.0,7,,,,,,,,
,,,,,25403,7.0,7,,,,,,,,
,,,,,25411,8.0,8,,,,,,,,
,,,,,25416,5.0,5,,,,,,,,
,,,,,25430,14.0,14,,,,,,,,
,,,,,25438,8.0,8,,,,,,,,
,,,,,25447,9.0,9,,,,,,,,
,,,,,25462,15.0,15,,,,,,,,
,,,,,25469,7.0,7,,,,,,,,
,,,,,25478,9.0,9,,,,,,,,
,,,,,25484,6.0,6,,,,,,,,
,,,,,25491,7.0,7,,,,,,,,
,,,,,25503,12.0,12,,,,,,,,
,,,,,25511,8.0,8,,,,,,,,
,,,,,25522,11.0,11,,,,,,,,
,,,,,25550,28.0,28,,,,,,,,
,,,,,25560,10.0,10,,,,,,,,
,,,,,25570,10.0,10,,,,,,,,
,,,,,25580,10.0,10,,,,,,,,
,,,,,25587,7.0,7,,,,,,,,
,,,,,25594,7.0,7,,,,,,,,
,,,,,25601,7.0,7,,,,,,,,
,,,,,25613,12.0,12,,,,,,,,
,,,,,25622,9.0,9,,,,,,,,
,,,,,25630,8.0,8,,,,,,,,
,,,,,25639,9.0,9,,,,,,,,
,,,,,25645,6.0,6,,,,,,,,
,,,,,25653,8.0,8,,,,,,,,
,,,,,25665,12.0,12,,,,,,,,
,,,,,25670,5.0,5,,,,,,,,
,,,,,25681,11.0,11,,,,,,,,
,,,,,25691,10.0,10,,,,,,,,
,,,,,25707,16.0,16,,,,,,,,
,,,,,25715,8.0,8,,,,,,,,
,,,,,25726,11.0,11,,,,,,,,
,,,,,25733,7.0,7,,,,,,,,
,,,,,25742,9.0,9,,,,,,,,
,,,,,25751,9.0,9,,,,,,,,
,,,,,25757,6.0,6,,,,,,,,
,,,,,25770,13.0,13,,,,,,,,
,,,,,25777,7.0,7,,,,,,,,
,,,,,25784,7.0,7,,,,,,,,
,,,,,25792,8.0,8,,,,,,,,
,,,,,25804,12.0,12,,,,,,,,
,,,,,25815,11.0,11,,,,,,,,
,,,,,25828,13.0,13,,,,,,,,
,,,,,25838,10.0,10,,,,,,,,
,,,,,25847,9.0,9,,,,,,,,
,,,,,25858,11.0,11,,,,,,,,
,,,,,25870,12.0,12,,,,,,,,
,,,,,25880,10.0,10,,,,,,,,
,,,,,25890,10.0,10,,,,,,,,
,,,,,25897,7.0,7,,,,,,,,
,,,,,25908,11.0,11,,,,,,,,
,,,,,25916,8.0,8,,,,,,,,
,,,,,25927,11.0,11,,,,,,,,
,,,,,25943,16.0,16,,,,,,,,
,,,,,25958,15.0,15,,,,,,,,
,,,,,25967,9.0,9,,,,,,,,
,,,,,25975,8.0,8,,,,,,,,
,,,,,25981,6.0,6,,,,,,,,
,,,,,25987,6.0,6,,,,,,,,
,,,,,25995,8.0,8,,,,,,,,
,,,,,26000,,,0.031128669157624245,-0.31128668785095215,1.174553394317627,5.538734436035156,5.478706359863281,0.0003,0.0003,0.1
,,,,,26004,9.0,9,,,,,,,,
,,,,,26011,7.0,7,,,,,,,,
,,,,,26018,7.0,7,,,,,,,,
,,,,,26023,5.0,5,,,,,,,,
,,,,,26028,5.0,5,,,,,,,,
,,,,,26034,6.0,6,,,,,,,,
,,,,,26039,5.0,5,,,,,,,,
,,,,,26044,5.0,5,,,,,,,,
,,,,,26048,4.0,4,,,,,,,,
,,,,,26052,4.0,4,,,,,,,,
,,,,,26056,4.0,4,,,,,,,,
,,,,,26060,4.0,4,,,,,,,,
,,,,,26066,6.0,6,,,,,,,,
,,,,,26070,4.0,4,,,,,,,,
,,,,,26074,4.0,4,,,,,,,,
,,,,,26079,5.0,5,,,,,,,,
,,,,,26084,5.0,5,,,,,,,,
,,,,,26088,4.0,4,,,,,,,,
,,,,,26093,5.0,5,,,,,,,,
,,,,,26098,5.0,5,,,,,,,,
,,,,,26102,4.0,4,,,,,,,,
,,,,,26107,5.0,5,,,,,,,,
,,,,,26111,4.0,4,,,,,,,,
,,,,,26115,4.0,4,,,,,,,,
,,,,,26119,4.0,4,,,,,,,,
,,,,,26124,5.0,5,,,,,,,,
,,,,,26129,5.0,5,,,,,,,,
,,,,,26136,7.0,7,,,,,,,,
,,,,,26146,10.0,10,,,,,,,,
,,,,,26150,4.0,4,,,,,,,,
,,,,,26156,6.0,6,,,,,,,,
,,,,,26160,4.0,4,,,,,,,,
,,,,,26167,7.0,7,,,,,,,,
,,,,,26171,4.0,4,,,,,,,,
,,,,,26177,6.0,6,,,,,,,,
,,,,,26182,5.0,5,,,,,,,,
,,,,,26187,5.0,5,,,,,,,,
,,,,,26192,5.0,5,,,,,,,,
,,,,,26198,6.0,6,,,,,,,,
,,,,,26204,6.0,6,,,,,,,,
,,,,,26210,6.0,6,,,,,,,,
,,,,,26218,8.0,8,,,,,,,,
,,,,,26226,8.0,8,,,,,,,,
,,,,,26238,12.0,12,,,,,,,,
,,,,,26245,7.0,7,,,,,,,,
,,,,,26251,6.0,6,,,,,,,,
,,,,,26258,7.0,7,,,,,,,,
,,,,,26263,5.0,5,,,,,,,,
,,,,,26269,6.0,6,,,,,,,,
,,,,,26274,5.0,5,,,,,,,,
,,,,,26279,5.0,5,,,,,,,,
,,,,,26284,5.0,5,,,,,,,,
,,,,,26294,10.0,10,,,,,,,,
,,,,,26299,5.0,5,,,,,,,,
,,,,,26304,5.0,5,,,,,,,,
,,,,,26308,4.0,4,,,,,,,,
,,,,,26314,6.0,6,,,,,,,,
,,,,,26319,5.0,5,,,,,,,,
,,,,,26323,4.0,4,,,,,,,,
,,,,,26328,5.0,5,,,,,,,,
,,,,,26334,6.0,6,,,,,,,,
,,,,,26339,5.0,5,,,,,,,,
,,,,,26347,8.0,8,,,,,,,,
,,,,,26352,5.0,5,,,,,,,,
,,,,,26357,5.0,5,,,,,,,,
,,,,,26361,4.0,4,,,,,,,,
,,,,,26365,4.0,4,,,,,,,,
,,,,,26369,4.0,4,,,,,,,,
,,,,,26373,4.0,4,,,,,,,,
,,,,,26378,5.0,5,,,,,,,,
,,,,,26382,4.0,4,,,,,,,,
,,,,,26386,4.0,4,,,,,,,,
,,,,,26390,4.0,4,,,,,,,,
,,,,,26394,4.0,4,,,,,,,,
,,,,,26398,4.0,4,,,,,,,,
,,,,,26401,3.0,3,,,,,,,,
,,,,,26405,4.0,4,,,,,,,,
,,,,,26409,4.0,4,,,,,,,,
,,,,,26413,4.0,4,,,,,,,,
,,,,,26417,4.0,4,,,,,,,,
,,,,,26421,4.0,4,,,,,,,,
,,,,,26425,4.0,4,,,,,,,,
,,,,,26428,3.0,3,,,,,,,,
,,,,,26431,3.0,3,,,,,,,,
,,,,,26435,4.0,4,,,,,,,,
,,,,,26440,5.0,5,,,,,,,,
,,,,,26443,3.0,3,,,,,,,,
,,,,,26447,4.0,4,,,,,,,,
,,,,,26450,3.0,3,,,,,,,,
,,,,,26453,3.0,3,,,,,,,,
,,,,,26457,4.0,4,,,,,,,,
,,,,,26461,4.0,4,,,,,,,,
,,,,,26465,4.0,4,,,,,,,,
,,,,,26468,3.0,3,,,,,,,,
,,,,,26472,4.0,4,,,,,,,,
,,,,,26477,5.0,5,,,,,,,,
,,,,,26481,4.0,4,,,,,,,,
,,,,,26485,4.0,4,,,,,,,,
,,,,,26490,5.0,5,,,,,,,,
,,,,,26497,7.0,7,,,,,,,,
,,,,,26505,8.0,8,,,,,,,,
,,,,,26510,5.0,5,,,,,,,,
,,,,,26515,5.0,5,,,,,,,,
,,,,,26519,4.0,4,,,,,,,,
,,,,,26524,5.0,5,,,,,,,,
,,,,,26528,4.0,4,,,,,,,,
,,,,,26533,5.0,5,,,,,,,,
,,,,,26539,6.0,6,,,,,,,,
,,,,,26547,8.0,8,,,,,,,,
,,,,,26551,4.0,4,,,,,,,,
,,,,,26559,8.0,8,,,,,,,,
,,,,,26564,5.0,5,,,,,,,,
,,,,,26569,5.0,5,,,,,,,,
,,,,,26573,4.0,4,,,,,,,,
,,,,,26581,8.0,8,,,,,,,,
,,,,,26586,5.0,5,,,,,,,,
,,,,,26591,5.0,5,,,,,,,,
,,,,,26595,4.0,4,,,,,,,,
,,,,,26599,4.0,4,,,,,,,,
,,,,,26604,5.0,5,,,,,,,,
,,,,,26608,4.0,4,,,,,,,,
,,,,,26613,5.0,5,,,,,,,,
,,,,,26621,8.0,8,,,,,,,,
,,,,,26628,7.0,7,,,,,,,,
,,,,,26633,5.0,5,,,,,,,,
,,,,,26638,5.0,5,,,,,,,,
,,,,,26643,5.0,5,,,,,,,,
,,,,,26647,4.0,4,,,,,,,,
,,,,,26651,4.0,4,,,,,,,,
,,,,,26656,5.0,5,,,,,,,,
,,,,,26661,5.0,5,,,,,,,,
,,,,,26665,4.0,4,,,,,,,,
,,,,,26669,4.0,4,,,,,,,,
,,,,,26673,4.0,4,,,,,,,,
,,,,,26678,5.0,5,,,,,,,,
,,,,,26682,4.0,4,,,,,,,,
,,,,,26687,5.0,5,,,,,,,,
,,,,,26692,5.0,5,,,,,,,,
,,,,,26696,4.0,4,,,,,,,,
,,,,,26700,4.0,4,,,,,,,,
,,,,,26704,4.0,4,,,,,,,,
,,,,,26708,4.0,4,,,,,,,,
,,,,,26712,4.0,4,,,,,,,,
,,,,,26716,4.0,4,,,,,,,,
,,,,,26720,4.0,4,,,,,,,,
,,,,,26724,4.0,4,,,,,,,,
,,,,,26728,4.0,4,,,,,,,,
,,,,,26733,5.0,5,,,,,,,,
,,,,,26737,4.0,4,,,,,,,,
,,,,,26741,4.0,4,,,,,,,,
,,,,,26744,3.0,3,,,,,,,,
,,,,,26748,4.0,4,,,,,,,,
,,,,,26751,3.0,3,,,,,,,,
,,,,,26755,4.0,4,,,,,,,,
,,,,,26760,5.0,5,,,,,,,,
,,,,,26764,4.0,4,,,,,,,,
,,,,,26769,5.0,5,,,,,,,,
,,,,,26773,4.0,4,,,,,,,,
,,,,,26777,4.0,4,,,,,,,,
,,,,,26781,4.0,4,,,,,,,,
,,,,,26784,3.0,3,,,,,,,,
,,,,,26787,3.0,3,,,,,,,,
,,,,,26791,4.0,4,,,,,,,,
,,,,,26795,4.0,4,,,,,,,,
,,,,,26799,4.0,4,,,,,,,,
,,,,,26803,4.0,4,,,,,,,,
,,,,,26807,4.0,4,,,,,,,,
,,,,,26811,4.0,4,,,,,,,,
,,,,,26816,5.0,5,,,,,,,,
,,,,,26820,4.0,4,,,,,,,,
,,,,,26825,5.0,5,,,,,,,,
,,,,,26829,4.0,4,,,,,,,,
,,,,,26833,4.0,4,,,,,,,,
,,,,,26838,5.0,5,,,,,,,,
,,,,,26842,4.0,4,,,,,,,,
,,,,,26846,4.0,4,,,,,,,,
,,,,,26850,4.0,4,,,,,,,,
,,,,,26854,4.0,4,,,,,,,,
,,,,,26860,6.0,6,,,,,,,,
,,,,,26865,5.0,5,,,,,,,,
,,,,,26870,5.0,5,,,,,,,,
,,,,,26875,5.0,5,,,,,,,,
,,,,,26879,4.0,4,,,,,,,,
,,,,,26884,5.0,5,,,,,,,,
,,,,,26889,5.0,5,,,,,,,,
,,,,,26895,6.0,6,,,,,,,,
,,,,,26899,4.0,4,,,,,,,,
,,,,,26903,4.0,4,,,,,,,,
,,,,,26908,5.0,5,,,,,,,,
,,,,,26912,4.0,4,,,,,,,,
,,,,,26917,5.0,5,,,,,,,,
,,,,,26922,5.0,5,,,,,,,,
,,,,,26926,4.0,4,,,,,,,,
,,,,,26931,5.0,5,,,,,,,,
,,,,,26935,4.0,4,,,,,,,,
,,,,,26939,4.0,4,,,,,,,,
,,,,,26943,4.0,4,,,,,,,,
,,,,,26950,7.0,7,,,,,,,,
,,,,,26955,5.0,5,,,,,,,,
,,,,,26962,7.0,7,,,,,,,,
,,,,,26967,5.0,5,,,,,,,,
,,,,,26974,7.0,7,,,,,,,,
,,,,,26980,6.0,6,,,,,,,,
,,,,,26984,4.0,4,,,,,,,,
,,,,,26993,9.0,9,,,,,,,,
,,,,,26999,6.0,6,,,,,,,,
,,,,,27000,,,0.041951682418584824,-0.41951683163642883,1.4548754692077637,3.694483757019043,3.79595947265625,0.0003,0.0003,0.1
,,,,,27003,4.0,4,,,,,,,,
,,,,,27008,5.0,5,,,,,,,,
,,,,,27014,6.0,6,,,,,,,,
,,,,,27019,5.0,5,,,,,,,,
,,,,,27025,6.0,6,,,,,,,,
,,,,,27030,5.0,5,,,,,,,,
,,,,,27035,5.0,5,,,,,,,,
,,,,,27041,6.0,6,,,,,,,,
,,,,,27046,5.0,5,,,,,,,,
,,,,,27053,7.0,7,,,,,,,,
,,,,,27059,6.0,6,,,,,,,,
,,,,,27066,7.0,7,,,,,,,,
,,,,,27073,7.0,7,,,,,,,,
,,,,,27080,7.0,7,,,,,,,,
,,,,,27086,6.0,6,,,,,,,,
,,,,,27096,10.0,10,,,,,,,,
,,,,,27103,7.0,7,,,,,,,,
,,,,,27111,8.0,8,,,,,,,,
,,,,,27121,10.0,10,,,,,,,,
,,,,,27126,5.0,5,,,,,,,,
,,,,,27140,14.0,14,,,,,,,,
,,,,,27155,15.0,15,,,,,,,,
,,,,,27163,8.0,8,,,,,,,,
,,,,,27171,8.0,8,,,,,,,,
,,,,,27181,10.0,10,,,,,,,,
,,,,,27192,11.0,11,,,,,,,,
,,,,,27200,8.0,8,,,,,,,,
,,,,,27210,10.0,10,,,,,,,,
,,,,,27218,8.0,8,,,,,,,,
,,,,,27227,9.0,9,,,,,,,,
,,,,,27237,10.0,10,,,,,,,,
,,,,,27251,14.0,14,,,,,,,,
,,,,,27258,7.0,7,,,,,,,,
,,,,,27268,10.0,10,,,,,,,,
,,,,,27278,10.0,10,,,,,,,,
,,,,,27285,7.0,7,,,,,,,,
,,,,,27298,13.0,13,,,,,,,,
,,,,,27315,17.0,17,,,,,,,,
,,,,,27325,10.0,10,,,,,,,,
,,,,,27338,13.0,13,,,,,,,,
,,,,,27348,10.0,10,,,,,,,,
,,,,,27361,13.0,13,,,,,,,,
,,,,,27372,11.0,11,,,,,,,,
,,,,,27392,20.0,20,,,,,,,,
,,,,,27405,13.0,13,,,,,,,,
,,,,,27413,8.0,8,,,,,,,,
,,,,,27423,10.0,10,,,,,,,,
,,,,,27439,16.0,16,,,,,,,,
,,,,,27479,40.0,40,,,,,,,,
,,,,,27497,18.0,18,,,,,,,,
,,,,,27514,17.0,17,,,,,,,,
,,,,,27566,52.0,52,,,,,,,,
,,,,,27581,15.0,15,,,,,,,,
,,,,,27601,20.0,20,,,,,,,,
,,,,,27611,10.0,10,,,,,,,,
,,,,,27628,17.0,17,,,,,,,,
,,,,,27659,31.0,31,,,,,,,,
,,,,,27671,12.0,12,,,,,,,,
,,,,,27684,13.0,13,,,,,,,,
,,,,,27708,24.0,24,,,,,,,,
,,,,,27771,63.0,63,,,,,,,,
,,,,,27779,8.0,8,,,,,,,,
,,,,,27792,13.0,13,,,,,,,,
,,,,,27818,26.0,26,,,,,,,,
,,,,,27843,25.0,25,,,,,,,,
,,,,,27876,33.0,33,,,,,,,,
,,,,,27887,11.0,11,,,,,,,,
,,,,,27894,7.0,7,,,,,,,,
,,,,,27937,43.0,43,,,,,,,,
,,,,,27969,32.0,32,,,,,,,,
,,,,,27980,11.0,11,,,,,,,,
,,,,,27999,19.0,19,,,,,,,,
,,,,,28000,,,0.15970803797245026,-1.5970803499221802,0.2793499231338501,5.852159023284912,5.867170810699463,0.0003,0.0003,0.1
,,,,,28010,11.0,11,,,,,,,,
,,,,,28022,12.0,12,,,,,,,,
,,,,,28051,29.0,29,,,,,,,,
,,,,,28072,21.0,21,,,,,,,,
,,,,,28095,23.0,23,,,,,,,,
,,,,,28110,15.0,15,,,,,,,,
,,,,,28120,10.0,10,,,,,,,,
,,,,,28167,47.0,47,,,,,,,,
,,,,,28189,22.0,22,,,,,,,,
,,,,,28209,20.0,20,,,,,,,,
,,,,,28231,22.0,22,,,,,,,,
,,,,,28249,18.0,18,,,,,,,,
,,,,,28284,35.0,35,,,,,,,,
,,,,,28301,17.0,17,,,,,,,,
,,,,,28325,24.0,24,,,,,,,,
,,,,,28351,26.0,26,,,,,,,,
,,,,,28378,27.0,27,,,,,,,,
,,,,,28391,13.0,13,,,,,,,,
,,,,,28403,12.0,12,,,,,,,,
,,,,,28411,8.0,8,,,,,,,,
,,,,,28429,18.0,18,,,,,,,,
,,,,,28446,17.0,17,,,,,,,,
,,,,,28458,12.0,12,,,,,,,,
,,,,,28472,14.0,14,,,,,,,,
,,,,,28487,15.0,15,,,,,,,,
,,,,,28501,14.0,14,,,,,,,,
,,,,,28513,12.0,12,,,,,,,,
,,,,,28523,10.0,10,,,,,,,,
,,,,,28543,20.0,20,,,,,,,,
,,,,,28552,9.0,9,,,,,,,,
,,,,,28565,13.0,13,,,,,,,,
,,,,,28579,14.0,14,,,,,,,,
,,,,,28595,16.0,16,,,,,,,,
,,,,,28609,14.0,14,,,,,,,,
,,,,,28620,11.0,11,,,,,,,,
,,,,,28631,11.0,11,,,,,,,,
,,,,,28643,12.0,12,,,,,,,,
,,,,,28655,12.0,12,,,,,,,,
,,,,,28670,15.0,15,,,,,,,,
,,,,,28679,9.0,9,,,,,,,,
,,,,,28692,13.0,13,,,,,,,,
,,,,,28704,12.0,12,,,,,,,,
,,,,,28727,23.0,23,,,,,,,,
,,,,,28766,39.0,39,,,,,,,,
,,,,,28778,12.0,12,,,,,,,,
,,,,,28786,8.0,8,,,,,,,,
,,,,,28799,13.0,13,,,,,,,,
,,,,,28811,12.0,12,,,,,,,,
,,,,,28824,13.0,13,,,,,,,,
,,,,,28844,20.0,20,,,,,,,,
,,,,,28858,14.0,14,,,,,,,,
,,,,,28869,11.0,11,,,,,,,,
,,,,,28883,14.0,14,,,,,,,,
,,,,,28896,13.0,13,,,,,,,,
,,,,,28913,17.0,17,,,,,,,,
,,,,,28920,7.0,7,,,,,,,,
,,,,,28932,12.0,12,,,,,,,,
,,,,,28943,11.0,11,,,,,,,,
,,,,,28956,13.0,13,,,,,,,,
,,,,,28969,13.0,13,,,,,,,,
,,,,,28994,25.0,25,,,,,,,,
,,,,,29000,,,0.06465475261211395,-0.6465474963188171,0.9472477436065674,6.981775760650635,7.1386613845825195,0.0003,0.0003,0.1
,,,,,29008,14.0,14,,,,,,,,
,,,,,29029,21.0,21,,,,,,,,
,,,,,29050,21.0,21,,,,,,,,
,,,,,29079,29.0,29,,,,,,,,
,,,,,29098,19.0,19,,,,,,,,
,,,,,29116,18.0,18,,,,,,,,
,,,,,29126,10.0,10,,,,,,,,
,,,,,29137,11.0,11,,,,,,,,
,,,,,29145,8.0,8,,,,,,,,
,,,,,29158,13.0,13,,,,,,,,
,,,,,29165,7.0,7,,,,,,,,
,,,,,29173,8.0,8,,,,,,,,
,,,,,29190,17.0,17,,,,,,,,
,,,,,29200,10.0,10,,,,,,,,
,,,,,29207,7.0,7,,,,,,,,
,,,,,29218,11.0,11,,,,,,,,
,,,,,29232,14.0,14,,,,,,,,
,,,,,29242,10.0,10,,,,,,,,
,,,,,29251,9.0,9,,,,,,,,
,,,,,29272,21.0,21,,,,,,,,
,,,,,29286,14.0,14,,,,,,,,
,,,,,29299,13.0,13,,,,,,,,
,,,,,29306,7.0,7,,,,,,,,
,,,,,29321,15.0,15,,,,,,,,
,,,,,29334,13.0,13,,,,,,,,
,,,,,29357,23.0,23,,,,,,,,
,,,,,29367,10.0,10,,,,,,,,
,,,,,29382,15.0,15,,,,,,,,
,,,,,29396,14.0,14,,,,,,,,
,,,,,29405,9.0,9,,,,,,,,
,,,,,29412,7.0,7,,,,,,,,
,,,,,29444,32.0,32,,,,,,,,
,,,,,29451,7.0,7,,,,,,,,
,,,,,29459,8.0,8,,,,,,,,
,,,,,29482,23.0,23,,,,,,,,
,,,,,29492,10.0,10,,,,,,,,
,,,,,29497,5.0,5,,,,,,,,
,,,,,29513,16.0,16,,,,,,,,
,,,,,29522,9.0,9,,,,,,,,
,,,,,29535,13.0,13,,,,,,,,
,,,,,29553,18.0,18,,,,,,,,
,,,,,29558,5.0,5,,,,,,,,
,,,,,29563,5.0,5,,,,,,,,
,,,,,29574,11.0,11,,,,,,,,
,,,,,29586,12.0,12,,,,,,,,
,,,,,29592,6.0,6,,,,,,,,
,,,,,29603,11.0,11,,,,,,,,
,,,,,29612,9.0,9,,,,,,,,
,,,,,29618,6.0,6,,,,,,,,
,,,,,29627,9.0,9,,,,,,,,
,,,,,29635,8.0,8,,,,,,,,
,,,,,29664,29.0,29,,,,,,,,
,,,,,29677,13.0,13,,,,,,,,
,,,,,29687,10.0,10,,,,,,,,
,,,,,29699,12.0,12,,,,,,,,
,,,,,29718,19.0,19,,,,,,,,
,,,,,29725,7.0,7,,,,,,,,
,,,,,29730,5.0,5,,,,,,,,
,,,,,29739,9.0,9,,,,,,,,
,,,,,29745,6.0,6,,,,,,,,
,,,,,29752,7.0,7,,,,,,,,
,,,,,29758,6.0,6,,,,,,,,
,,,,,29777,19.0,19,,,,,,,,
,,,,,29788,11.0,11,,,,,,,,
,,,,,29799,11.0,11,,,,,,,,
,,,,,29806,7.0,7,,,,,,,,
,,,,,29813,7.0,7,,,,,,,,
,,,,,29825,12.0,12,,,,,,,,
,,,,,29836,11.0,11,,,,,,,,
,,,,,29843,7.0,7,,,,,,,,
,,,,,29863,20.0,20,,,,,,,,
,,,,,29868,5.0,5,,,,,,,,
,,,,,29871,3.0,3,,,,,,,,
,,,,,29880,9.0,9,,,,,,,,
,,,,,29894,14.0,14,,,,,,,,
,,,,,29903,9.0,9,,,,,,,,
,,,,,29915,12.0,12,,,,,,,,
,,,,,29927,12.0,12,,,,,,,,
,,,,,29934,7.0,7,,,,,,,,
,,,,,29963,29.0,29,,,,,,,,
,,,,,29974,11.0,11,,,,,,,,
,,,,,29997,23.0,23,,,,,,,,
11.1,6.7742157,30.0,6.0,11.1,30000,,,0.058611489832401276,-0.5861148834228516,2.774613380432129,7.3357062339782715,7.470989227294922,0.0003,0.0003,0.1
,,,,,30011,14.0,14,,,,,,,,
,,,,,30023,12.0,12,,,,,,,,
,,,,,30033,10.0,10,,,,,,,,
,,,,,30041,8.0,8,,,,,,,,
,,,,,30049,8.0,8,,,,,,,,
,,,,,30056,7.0,7,,,,,,,,
,,,,,30063,7.0,7,,,,,,,,
,,,,,30073,10.0,10,,,,,,,,
,,,,,30080,7.0,7,,,,,,,,
,,,,,30085,5.0,5,,,,,,,,
,,,,,30092,7.0,7,,,,,,,,
,,,,,30105,13.0,13,,,,,,,,
,,,,,30145,40.0,40,,,,,,,,
,,,,,30155,10.0,10,,,,,,,,
,,,,,30170,15.0,15,,,,,,,,
,,,,,30177,7.0,7,,,,,,,,
,,,,,30190,13.0,13,,,,,,,,
,,,,,30197,7.0,7,,,,,,,,
,,,,,30206,9.0,9,,,,,,,,
,,,,,30223,17.0,17,,,,,,,,
,,,,,30234,11.0,11,,,,,,,,
,,,,,30240,6.0,6,,,,,,,,
,,,,,30250,10.0,10,,,,,,,,
,,,,,30257,7.0,7,,,,,,,,
,,,,,30266,9.0,9,,,,,,,,
,,,,,30272,6.0,6,,,,,,,,
,,,,,30285,13.0,13,,,,,,,,
,,,,,30298,13.0,13,,,,,,,,
,,,,,30310,12.0,12,,,,,,,,
,,,,,30316,6.0,6,,,,,,,,
,,,,,30336,20.0,20,,,,,,,,
,,,,,30341,5.0,5,,,,,,,,
,,,,,30353,12.0,12,,,,,,,,
,,,,,30368,15.0,15,,,,,,,,
,,,,,30373,5.0,5,,,,,,,,
,,,,,30386,13.0,13,,,,,,,,
,,,,,30392,6.0,6,,,,,,,,
,,,,,30403,11.0,11,,,,,,,,
,,,,,30411,8.0,8,,,,,,,,
,,,,,30420,9.0,9,,,,,,,,
,,,,,30426,6.0,6,,,,,,,,
,,,,,30442,16.0,16,,,,,,,,
,,,,,30452,10.0,10,,,,,,,,
,,,,,30460,8.0,8,,,,,,,,
,,,,,30465,5.0,5,,,,,,,,
,,,,,30472,7.0,7,,,,,,,,
,,,,,30480,8.0,8,,,,,,,,
,,,,,30490,10.0,10,,,,,,,,
,,,,,30498,8.0,8,,,,,,,,
,,,,,30506,8.0,8,,,,,,,,
,,,,,30514,8.0,8,,,,,,,,
,,,,,30526,12.0,12,,,,,,,,
,,,,,30533,7.0,7,,,,,,,,
,,,,,30548,15.0,15,,,,,,,,
,,,,,30562,14.0,14,,,,,,,,
,,,,,30571,9.0,9,,,,,,,,
,,,,,30579,8.0,8,,,,,,,,
,,,,,30590,11.0,11,,,,,,,,
,,,,,30602,12.0,12,,,,,,,,
,,,,,30608,6.0,6,,,,,,,,
,,,,,30636,28.0,28,,,,,,,,
,,,,,30673,37.0,37,,,,,,,,
,,,,,30697,24.0,24,,,,,,,,
,,,,,30703,6.0,6,,,,,,,,
,,,,,30715,12.0,12,,,,,,,,
,,,,,30730,15.0,15,,,,,,,,
,,,,,30766,36.0,36,,,,,,,,
,,,,,30776,10.0,10,,,,,,,,
,,,,,30784,8.0,8,,,,,,,,
,,,,,30789,5.0,5,,,,,,,,
,,,,,30803,14.0,14,,,,,,,,
,,,,,30827,24.0,24,,,,,,,,
,,,,,30836,9.0,9,,,,,,,,
,,,,,30847,11.0,11,,,,,,,,
,,,,,30858,11.0,11,,,,,,,,
,,,,,30867,9.0,9,,,,,,,,
,,,,,30882,15.0,15,,,,,,,,
,,,,,30891,9.0,9,,,,,,,,
,,,,,30902,11.0,11,,,,,,,,
,,,,,30914,12.0,12,,,,,,,,
,,,,,30921,7.0,7,,,,,,,,
,,,,,30937,16.0,16,,,,,,,,
,,,,,30948,11.0,11,,,,,,,,
,,,,,30955,7.0,7,,,,,,,,
,,,,,30968,13.0,13,,,,,,,,
,,,,,30976,8.0,8,,,,,,,,
,,,,,30987,11.0,11,,,,,,,,
,,,,,30998,11.0,11,,,,,,,,
,,,,,31000,,,0.03260956332087517,-0.3260956108570099,3.2447261810302734,6.81299352645874,6.64518928527832,0.0003,0.0003,0.1
,,,,,31009,11.0,11,,,,,,,,
,,,,,31019,10.0,10,,,,,,,,
,,,,,31030,11.0,11,,,,,,,,
,,,,,31036,6.0,6,,,,,,,,
,,,,,31050,14.0,14,,,,,,,,
,,,,,31060,10.0,10,,,,,,,,
,,,,,31068,8.0,8,,,,,,,,
,,,,,31075,7.0,7,,,,,,,,
,,,,,31084,9.0,9,,,,,,,,
,,,,,31093,9.0,9,,,,,,,,
,,,,,31103,10.0,10,,,,,,,,
,,,,,31109,6.0,6,,,,,,,,
,,,,,31114,5.0,5,,,,,,,,
,,,,,31123,9.0,9,,,,,,,,
,,,,,31129,6.0,6,,,,,,,,
,,,,,31136,7.0,7,,,,,,,,
,,,,,31142,6.0,6,,,,,,,,
,,,,,31149,7.0,7,,,,,,,,
,,,,,31153,4.0,4,,,,,,,,
,,,,,31162,9.0,9,,,,,,,,
,,,,,31171,9.0,9,,,,,,,,
,,,,,31178,7.0,7,,,,,,,,
,,,,,31188,10.0,10,,,,,,,,
,,,,,31193,5.0,5,,,,,,,,
,,,,,31198,5.0,5,,,,,,,,
,,,,,31205,7.0,7,,,,,,,,
,,,,,31216,11.0,11,,,,,,,,
,,,,,31226,10.0,10,,,,,,,,
,,,,,31232,6.0,6,,,,,,,,
,,,,,31237,5.0,5,,,,,,,,
,,,,,31251,14.0,14,,,,,,,,
,,,,,31258,7.0,7,,,,,,,,
,,,,,31264,6.0,6,,,,,,,,
,,,,,31271,7.0,7,,,,,,,,
,,,,,31277,6.0,6,,,,,,,,
,,,,,31285,8.0,8,,,,,,,,
,,,,,31290,5.0,5,,,,,,,,
,,,,,31299,9.0,9,,,,,,,,
,,,,,31308,9.0,9,,,,,,,,
,,,,,31316,8.0,8,,,,,,,,
,,,,,31320,4.0,4,,,,,,,,
,,,,,31326,6.0,6,,,,,,,,
,,,,,31332,6.0,6,,,,,,,,
,,,,,31337,5.0,5,,,,,,,,
,,,,,31346,9.0,9,,,,,,,,
,,,,,31356,10.0,10,,,,,,,,
,,,,,31362,6.0,6,,,,,,,,
,,,,,31373,11.0,11,,,,,,,,
,,,,,31378,5.0,5,,,,,,,,
,,,,,31384,6.0,6,,,,,,,,
,,,,,31389,5.0,5,,,,,,,,
,,,,,31395,6.0,6,,,,,,,,
,,,,,31400,5.0,5,,,,,,,,
,,,,,31408,8.0,8,,,,,,,,
,,,,,31416,8.0,8,,,,,,,,
,,,,,31420,4.0,4,,,,,,,,
,,,,,31427,7.0,7,,,,,,,,
,,,,,31435,8.0,8,,,,,,,,
,,,,,31440,5.0,5,,,,,,,,
,,,,,31450,10.0,10,,,,,,,,
,,,,,31460,10.0,10,,,,,,,,
,,,,,31472,12.0,12,,,,,,,,
,,,,,31481,9.0,9,,,,,,,,
,,,,,31488,7.0,7,,,,,,,,
,,,,,31493,5.0,5,,,,,,,,
,,,,,31504,11.0,11,,,,,,,,
,,,,,31508,4.0,4,,,,,,,,
,,,,,31513,5.0,5,,,,,,,,
,,,,,31520,7.0,7,,,,,,,,
,,,,,31525,5.0,5,,,,,,,,
,,,,,31535,10.0,10,,,,,,,,
,,,,,31543,8.0,8,,,,,,,,
,,,,,31549,6.0,6,,,,,,,,
,,,,,31554,5.0,5,,,,,,,,
,,,,,31563,9.0,9,,,,,,,,
,,,,,31569,6.0,6,,,,,,,,
,,,,,31575,6.0,6,,,,,,,,
,,,,,31580,5.0,5,,,,,,,,
,,,,,31589,9.0,9,,,,,,,,
,,,,,31598,9.0,9,,,,,,,,
,,,,,31604,6.0,6,,,,,,,,
,,,,,31609,5.0,5,,,,,,,,
,,,,,31614,5.0,5,,,,,,,,
,,,,,31621,7.0,7,,,,,,,,
,,,,,31627,6.0,6,,,,,,,,
,,,,,31634,7.0,7,,,,,,,,
,,,,,31640,6.0,6,,,,,,,,
,,,,,31650,10.0,10,,,,,,,,
,,,,,31659,9.0,9,,,,,,,,
,,,,,31666,7.0,7,,,,,,,,
,,,,,31670,4.0,4,,,,,,,,
,,,,,31678,8.0,8,,,,,,,,
,,,,,31684,6.0,6,,,,,,,,
,,,,,31688,4.0,4,,,,,,,,
,,,,,31692,4.0,4,,,,,,,,
,,,,,31697,5.0,5,,,,,,,,
,,,,,31703,6.0,6,,,,,,,,
,,,,,31707,4.0,4,,,,,,,,
,,,,,31715,8.0,8,,,,,,,,
,,,,,31719,4.0,4,,,,,,,,
,,,,,31724,5.0,5,,,,,,,,
,,,,,31728,4.0,4,,,,,,,,
,,,,,31746,18.0,18,,,,,,,,
,,,,,31753,7.0,7,,,,,,,,
,,,,,31763,10.0,10,,,,,,,,
,,,,,31769,6.0,6,,,,,,,,
,,,,,31773,4.0,4,,,,,,,,
,,,,,31777,4.0,4,,,,,,,,
,,,,,31784,7.0,7,,,,,,,,
,,,,,31789,5.0,5,,,,,,,,
,,,,,31812,23.0,23,,,,,,,,
,,,,,31816,4.0,4,,,,,,,,
,,,,,31820,4.0,4,,,,,,,,
,,,,,31824,4.0,4,,,,,,,,
,,,,,31829,5.0,5,,,,,,,,
,,,,,31834,5.0,5,,,,,,,,
,,,,,31838,4.0,4,,,,,,,,
,,,,,31842,4.0,4,,,,,,,,
,,,,,31846,4.0,4,,,,,,,,
,,,,,31854,8.0,8,,,,,,,,
,,,,,31861,7.0,7,,,,,,,,
,,,,,31865,4.0,4,,,,,,,,
,,,,,31869,4.0,4,,,,,,,,
,,,,,31873,4.0,4,,,,,,,,
,,,,,31882,9.0,9,,,,,,,,
,,,,,31886,4.0,4,,,,,,,,
,,,,,31891,5.0,5,,,,,,,,
,,,,,31901,10.0,10,,,,,,,,
,,,,,31905,4.0,4,,,,,,,,
,,,,,31909,4.0,4,,,,,,,,
,,,,,31915,6.0,6,,,,,,,,
,,,,,31919,4.0,4,,,,,,,,
,,,,,31922,3.0,3,,,,,,,,
,,,,,31929,7.0,7,,,,,,,,
,,,,,31933,4.0,4,,,,,,,,
,,,,,31937,4.0,4,,,,,,,,
,,,,,31942,5.0,5,,,,,,,,
,,,,,31946,4.0,4,,,,,,,,
,,,,,31950,4.0,4,,,,,,,,
,,,,,31954,4.0,4,,,,,,,,
,,,,,31961,7.0,7,,,,,,,,
,,,,,31965,4.0,4,,,,,,,,
,,,,,31969,4.0,4,,,,,,,,
,,,,,31974,5.0,5,,,,,,,,
,,,,,31981,7.0,7,,,,,,,,
,,,,,31985,4.0,4,,,,,,,,
,,,,,31989,4.0,4,,,,,,,,
,,,,,31993,4.0,4,,,,,,,,
,,,,,31998,5.0,5,,,,,,,,
,,,,,32000,,,-0.01879267767071724,0.1879267692565918,0.962565004825592,4.383333683013916,4.22615909576416,0.0003,0.0003,0.1
,,,,,32003,5.0,5,,,,,,,,
,,,,,32007,4.0,4,,,,,,,,
,,,,,32012,5.0,5,,,,,,,,
,,,,,32018,6.0,6,,,,,,,,
,,,,,32022,4.0,4,,,,,,,,
,,,,,32026,4.0,4,,,,,,,,
,,,,,32030,4.0,4,,,,,,,,
,,,,,32036,6.0,6,,,,,,,,
,,,,,32040,4.0,4,,,,,,,,
,,,,,32044,4.0,4,,,,,,,,
,,,,,32047,3.0,3,,,,,,,,
,,,,,32051,4.0,4,,,,,,,,
,,,,,32055,4.0,4,,,,,,,,
,,,,,32060,5.0,5,,,,,,,,
,,,,,32064,4.0,4,,,,,,,,
,,,,,32068,4.0,4,,,,,,,,
,,,,,32074,6.0,6,,,,,,,,
,,,,,32079,5.0,5,,,,,,,,
,,,,,32083,4.0,4,,,,,,,,
,,,,,32087,4.0,4,,,,,,,,
,,,,,32097,10.0,10,,,,,,,,
,,,,,32102,5.0,5,,,,,,,,
,,,,,32106,4.0,4,,,,,,,,
,,,,,32110,4.0,4,,,,,,,,
,,,,,32114,4.0,4,,,,,,,,
,,,,,32118,4.0,4,,,,,,,,
,,,,,32122,4.0,4,,,,,,,,
,,,,,32126,4.0,4,,,,,,,,
,,,,,32134,8.0,8,,,,,,,,
,,,,,32138,4.0,4,,,,,,,,
,,,,,32142,4.0,4,,,,,,,,
,,,,,32147,5.0,5,,,,,,,,
,,,,,32152,5.0,5,,,,,,,,
,,,,,32158,6.0,6,,,,,,,,
,,,,,32162,4.0,4,,,,,,,,
,,,,,32174,12.0,12,,,,,,,,
,,,,,32179,5.0,5,,,,,,,,
,,,,,32183,4.0,4,,,,,,,,
,,,,,32189,6.0,6,,,,,,,,
,,,,,32194,5.0,5,,,,,,,,
,,,,,32199,5.0,5,,,,,,,,
,,,,,32205,6.0,6,,,,,,,,
,,,,,32210,5.0,5,,,,,,,,
,,,,,32213,3.0,3,,,,,,,,
,,,,,32222,9.0,9,,,,,,,,
,,,,,32228,6.0,6,,,,,,,,
,,,,,32234,6.0,6,,,,,,,,
,,,,,32241,7.0,7,,,,,,,,
,,,,,32255,14.0,14,,,,,,,,
,,,,,32262,7.0,7,,,,,,,,
,,,,,32267,5.0,5,,,,,,,,
,,,,,32273,6.0,6,,,,,,,,
,,,,,32277,4.0,4,,,,,,,,
,,,,,32286,9.0,9,,,,,,,,
,,,,,32294,8.0,8,,,,,,,,
,,,,,32299,5.0,5,,,,,,,,
,,,,,32304,5.0,5,,,,,,,,
,,,,,32310,6.0,6,,,,,,,,
,,,,,32315,5.0,5,,,,,,,,
,,,,,32327,12.0,12,,,,,,,,
,,,,,32331,4.0,4,,,,,,,,
,,,,,32337,6.0,6,,,,,,,,
,,,,,32341,4.0,4,,,,,,,,
,,,,,32347,6.0,6,,,,,,,,
,,,,,32352,5.0,5,,,,,,,,
,,,,,32356,4.0,4,,,,,,,,
,,,,,32363,7.0,7,,,,,,,,
,,,,,32367,4.0,4,,,,,,,,
,,,,,32371,4.0,4,,,,,,,,
,,,,,32375,4.0,4,,,,,,,,
,,,,,32378,3.0,3,,,,,,,,
,,,,,32382,4.0,4,,,,,,,,
,,,,,32386,4.0,4,,,,,,,,
,,,,,32392,6.0,6,,,,,,,,
,,,,,32396,4.0,4,,,,,,,,
,,,,,32401,5.0,5,,,,,,,,
,,,,,32406,5.0,5,,,,,,,,
,,,,,32410,4.0,4,,,,,,,,
,,,,,32413,3.0,3,,,,,,,,
,,,,,32417,4.0,4,,,,,,,,
,,,,,32422,5.0,5,,,,,,,,
,,,,,32427,5.0,5,,,,,,,,
,,,,,32431,4.0,4,,,,,,,,
,,,,,32434,3.0,3,,,,,,,,
,,,,,32438,4.0,4,,,,,,,,
,,,,,32442,4.0,4,,,,,,,,
,,,,,32447,5.0,5,,,,,,,,
,,,,,32451,4.0,4,,,,,,,,
,,,,,32457,6.0,6,,,,,,,,
,,,,,32462,5.0,5,,,,,,,,
,,,,,32466,4.0,4,,,,,,,,
,,,,,32469,3.0,3,,,,,,,,
,,,,,32474,5.0,5,,,,,,,,
,,,,,32477,3.0,3,,,,,,,,
,,,,,32481,4.0,4,,,,,,,,
,,,,,32485,4.0,4,,,,,,,,
,,,,,32490,5.0,5,,,,,,,,
,,,,,32494,4.0,4,,,,,,,,
,,,,,32497,3.0,3,,,,,,,,
,,,,,32500,3.0,3,,,,,,,,
,,,,,32504,4.0,4,,,,,,,,
,,,,,32507,3.0,3,,,,,,,,
,,,,,32510,3.0,3,,,,,,,,
,,,,,32514,4.0,4,,,,,,,,
,,,,,32518,4.0,4,,,,,,,,
,,,,,32522,4.0,4,,,,,,,,
,,,,,32526,4.0,4,,,,,,,,
,,,,,32529,3.0,3,,,,,,,,
,,,,,32532,3.0,3,,,,,,,,
,,,,,32536,4.0,4,,,,,,,,
,,,,,32540,4.0,4,,,,,,,,
,,,,,32544,4.0,4,,,,,,,,
,,,,,32547,3.0,3,,,,,,,,
,,,,,32551,4.0,4,,,,,,,,
,,,,,32555,4.0,4,,,,,,,,
,,,,,32558,3.0,3,,,,,,,,
,,,,,32562,4.0,4,,,,,,,,
,,,,,32567,5.0,5,,,,,,,,
,,,,,32573,6.0,6,,,,,,,,
,,,,,32576,3.0,3,,,,,,,,
,,,,,32581,5.0,5,,,,,,,,
,,,,,32585,4.0,4,,,,,,,,
,,,,,32590,5.0,5,,,,,,,,
,,,,,32595,5.0,5,,,,,,,,
,,,,,32599,4.0,4,,,,,,,,
,,,,,32604,5.0,5,,,,,,,,
,,,,,32609,5.0,5,,,,,,,,
,,,,,32613,4.0,4,,,,,,,,
,,,,,32618,5.0,5,,,,,,,,
,,,,,32624,6.0,6,,,,,,,,
,,,,,32627,3.0,3,,,,,,,,
,,,,,32632,5.0,5,,,,,,,,
,,,,,32637,5.0,5,,,,,,,,
,,,,,32641,4.0,4,,,,,,,,
,,,,,32645,4.0,4,,,,,,,,
,,,,,32649,4.0,4,,,,,,,,
,,,,,32654,5.0,5,,,,,,,,
,,,,,32657,3.0,3,,,,,,,,
,,,,,32661,4.0,4,,,,,,,,
,,,,,32665,4.0,4,,,,,,,,
,,,,,32669,4.0,4,,,,,,,,
,,,,,32673,4.0,4,,,,,,,,
,,,,,32677,4.0,4,,,,,,,,
,,,,,32681,4.0,4,,,,,,,,
,,,,,32691,10.0,10,,,,,,,,
,,,,,32694,3.0,3,,,,,,,,
,,,,,32698,4.0,4,,,,,,,,
,,,,,32703,5.0,5,,,,,,,,
,,,,,32707,4.0,4,,,,,,,,
,,,,,32711,4.0,4,,,,,,,,
,,,,,32715,4.0,4,,,,,,,,
,,,,,32719,4.0,4,,,,,,,,
,,,,,32723,4.0,4,,,,,,,,
,,,,,32727,4.0,4,,,,,,,,
,,,,,32733,6.0,6,,,,,,,,
,,,,,32739,6.0,6,,,,,,,,
,,,,,32744,5.0,5,,,,,,,,
,,,,,32750,6.0,6,,,,,,,,
,,,,,32753,3.0,3,,,,,,,,
,,,,,32757,4.0,4,,,,,,,,
,,,,,32761,4.0,4,,,,,,,,
,,,,,32765,4.0,4,,,,,,,,
,,,,,32769,4.0,4,,,,,,,,
,,,,,32773,4.0,4,,,,,,,,
,,,,,32777,4.0,4,,,,,,,,
,,,,,32785,8.0,8,,,,,,,,
,,,,,32789,4.0,4,,,,,,,,
,,,,,32794,5.0,5,,,,,,,,
,,,,,32798,4.0,4,,,,,,,,
,,,,,32804,6.0,6,,,,,,,,
,,,,,32810,6.0,6,,,,,,,,
,,,,,32814,4.0,4,,,,,,,,
,,,,,32820,6.0,6,,,,,,,,
,,,,,32823,3.0,3,,,,,,,,
,,,,,32826,3.0,3,,,,,,,,
,,,,,32830,4.0,4,,,,,,,,
,,,,,32833,3.0,3,,,,,,,,
,,,,,32838,5.0,5,,,,,,,,
,,,,,32841,3.0,3,,,,,,,,
,,,,,32844,3.0,3,,,,,,,,
,,,,,32847,3.0,3,,,,,,,,
,,,,,32851,4.0,4,,,,,,,,
,,,,,32857,6.0,6,,,,,,,,
,,,,,32862,5.0,5,,,,,,,,
,,,,,32865,3.0,3,,,,,,,,
,,,,,32868,3.0,3,,,,,,,,
,,,,,32871,3.0,3,,,,,,,,
,,,,,32874,3.0,3,,,,,,,,
,,,,,32878,4.0,4,,,,,,,,
,,,,,32881,3.0,3,,,,,,,,
,,,,,32885,4.0,4,,,,,,,,
,,,,,32889,4.0,4,,,,,,,,
,,,,,32894,5.0,5,,,,,,,,
,,,,,32897,3.0,3,,,,,,,,
,,,,,32900,3.0,3,,,,,,,,
,,,,,32904,4.0,4,,,,,,,,
,,,,,32907,3.0,3,,,,,,,,
,,,,,32910,3.0,3,,,,,,,,
,,,,,32914,4.0,4,,,,,,,,
,,,,,32918,4.0,4,,,,,,,,
,,,,,32921,3.0,3,,,,,,,,
,,,,,32926,5.0,5,,,,,,,,
,,,,,32930,4.0,4,,,,,,,,
,,,,,32933,3.0,3,,,,,,,,
,,,,,32938,5.0,5,,,,,,,,
,,,,,32942,4.0,4,,,,,,,,
,,,,,32948,6.0,6,,,,,,,,
,,,,,32952,4.0,4,,,,,,,,
,,,,,32957,5.0,5,,,,,,,,
,,,,,32960,3.0,3,,,,,,,,
,,,,,32964,4.0,4,,,,,,,,
,,,,,32968,4.0,4,,,,,,,,
,,,,,32971,3.0,3,,,,,,,,
,,,,,32975,4.0,4,,,,,,,,
,,,,,32981,6.0,6,,,,,,,,
,,,,,32985,4.0,4,,,,,,,,
,,,,,32990,5.0,5,,,,,,,,
,,,,,32994,4.0,4,,,,,,,,
,,,,,32997,3.0,3,,,,,,,,
,,,,,33000,,,0.004269880708307028,-0.04269880801439285,1.0367318391799927,3.424710750579834,3.4659767150878906,0.0003,0.0003,0.1
,,,,,33001,4.0,4,,,,,,,,
,,,,,33006,5.0,5,,,,,,,,
,,,,,33010,4.0,4,,,,,,,,
,,,,,33013,3.0,3,,,,,,,,
,,,,,33022,9.0,9,,,,,,,,
,,,,,33027,5.0,5,,,,,,,,
,,,,,33030,3.0,3,,,,,,,,
,,,,,33033,3.0,3,,,,,,,,
,,,,,33037,4.0,4,,,,,,,,
,,,,,33040,3.0,3,,,,,,,,
,,,,,33044,4.0,4,,,,,,,,
,,,,,33049,5.0,5,,,,,,,,
,,,,,33057,8.0,8,,,,,,,,
,,,,,33061,4.0,4,,,,,,,,
,,,,,33066,5.0,5,,,,,,,,
,,,,,33071,5.0,5,,,,,,,,
,,,,,33077,6.0,6,,,,,,,,
,,,,,33080,3.0,3,,,,,,,,
,,,,,33084,4.0,4,,,,,,,,
,,,,,33092,8.0,8,,,,,,,,
,,,,,33096,4.0,4,,,,,,,,
,,,,,33099,3.0,3,,,,,,,,
,,,,,33103,4.0,4,,,,,,,,
,,,,,33107,4.0,4,,,,,,,,
,,,,,33111,4.0,4,,,,,,,,
,,,,,33115,4.0,4,,,,,,,,
,,,,,33118,3.0,3,,,,,,,,
,,,,,33121,3.0,3,,,,,,,,
,,,,,33125,4.0,4,,,,,,,,
,,,,,33135,10.0,10,,,,,,,,
,,,,,33139,4.0,4,,,,,,,,
,,,,,33143,4.0,4,,,,,,,,
,,,,,33147,4.0,4,,,,,,,,
,,,,,33151,4.0,4,,,,,,,,
,,,,,33155,4.0,4,,,,,,,,
,,,,,33159,4.0,4,,,,,,,,
,,,,,33164,5.0,5,,,,,,,,
,,,,,33168,4.0,4,,,,,,,,
,,,,,33173,5.0,5,,,,,,,,
,,,,,33177,4.0,4,,,,,,,,
,,,,,33182,5.0,5,,,,,,,,
,,,,,33186,4.0,4,,,,,,,,
,,,,,33189,3.0,3,,,,,,,,
,,,,,33194,5.0,5,,,,,,,,
,,,,,33198,4.0,4,,,,,,,,
,,,,,33202,4.0,4,,,,,,,,
,,,,,33208,6.0,6,,,,,,,,
,,,,,33212,4.0,4,,,,,,,,
,,,,,33217,5.0,5,,,,,,,,
,,,,,33224,7.0,7,,,,,,,,
,,,,,33232,8.0,8,,,,,,,,
,,,,,33241,9.0,9,,,,,,,,
,,,,,33247,6.0,6,,,,,,,,
,,,,,33251,4.0,4,,,,,,,,
,,,,,33256,5.0,5,,,,,,,,
,,,,,33260,4.0,4,,,,,,,,
,,,,,33267,7.0,7,,,,,,,,
,,,,,33275,8.0,8,,,,,,,,
,,,,,33285,10.0,10,,,,,,,,
,,,,,33289,4.0,4,,,,,,,,
,,,,,33293,4.0,4,,,,,,,,
,,,,,33298,5.0,5,,,,,,,,
,,,,,33304,6.0,6,,,,,,,,
,,,,,33307,3.0,3,,,,,,,,
,,,,,33311,4.0,4,,,,,,,,
,,,,,33320,9.0,9,,,,,,,,
,,,,,33324,4.0,4,,,,,,,,
,,,,,33332,8.0,8,,,,,,,,
,,,,,33339,7.0,7,,,,,,,,
,,,,,33343,4.0,4,,,,,,,,
,,,,,33350,7.0,7,,,,,,,,
,,,,,33354,4.0,4,,,,,,,,
,,,,,33358,4.0,4,,,,,,,,
,,,,,33363,5.0,5,,,,,,,,
,,,,,33367,4.0,4,,,,,,,,
,,,,,33371,4.0,4,,,,,,,,
,,,,,33379,8.0,8,,,,,,,,
,,,,,33383,4.0,4,,,,,,,,
,,,,,33387,4.0,4,,,,,,,,
,,,,,33392,5.0,5,,,,,,,,
,,,,,33396,4.0,4,,,,,,,,
,,,,,33402,6.0,6,,,,,,,,
,,,,,33409,7.0,7,,,,,,,,
,,,,,33414,5.0,5,,,,,,,,
,,,,,33420,6.0,6,,,,,,,,
,,,,,33425,5.0,5,,,,,,,,
,,,,,33431,6.0,6,,,,,,,,
,,,,,33441,10.0,10,,,,,,,,
,,,,,33445,4.0,4,,,,,,,,
,,,,,33450,5.0,5,,,,,,,,
,,,,,33454,4.0,4,,,,,,,,
,,,,,33458,4.0,4,,,,,,,,
,,,,,33462,4.0,4,,,,,,,,
,,,,,33471,9.0,9,,,,,,,,
,,,,,33481,10.0,10,,,,,,,,
,,,,,33485,4.0,4,,,,,,,,
,,,,,33490,5.0,5,,,,,,,,
,,,,,33495,5.0,5,,,,,,,,
,,,,,33499,4.0,4,,,,,,,,
,,,,,33503,4.0,4,,,,,,,,
,,,,,33508,5.0,5,,,,,,,,
,,,,,33512,4.0,4,,,,,,,,
,,,,,33516,4.0,4,,,,,,,,
,,,,,33519,3.0,3,,,,,,,,
,,,,,33523,4.0,4,,,,,,,,
,,,,,33526,3.0,3,,,,,,,,
,,,,,33530,4.0,4,,,,,,,,
,,,,,33534,4.0,4,,,,,,,,
,,,,,33538,4.0,4,,,,,,,,
,,,,,33544,6.0,6,,,,,,,,
,,,,,33547,3.0,3,,,,,,,,
,,,,,33551,4.0,4,,,,,,,,
,,,,,33555,4.0,4,,,,,,,,
,,,,,33559,4.0,4,,,,,,,,
,,,,,33564,5.0,5,,,,,,,,
,,,,,33570,6.0,6,,,,,,,,
,,,,,33577,7.0,7,,,,,,,,
,,,,,33582,5.0,5,,,,,,,,
,,,,,33585,3.0,3,,,,,,,,
,,,,,33591,6.0,6,,,,,,,,
,,,,,33596,5.0,5,,,,,,,,
,,,,,33599,3.0,3,,,,,,,,
,,,,,33602,3.0,3,,,,,,,,
,,,,,33605,3.0,3,,,,,,,,
,,,,,33611,6.0,6,,,,,,,,
,,,,,33614,3.0,3,,,,,,,,
,,,,,33618,4.0,4,,,,,,,,
,,,,,33622,4.0,4,,,,,,,,
,,,,,33625,3.0,3,,,,,,,,
,,,,,33628,3.0,3,,,,,,,,
,,,,,33635,7.0,7,,,,,,,,
,,,,,33638,3.0,3,,,,,,,,
,,,,,33641,3.0,3,,,,,,,,
,,,,,33646,5.0,5,,,,,,,,
,,,,,33649,3.0,3,,,,,,,,
,,,,,33654,5.0,5,,,,,,,,
,,,,,33658,4.0,4,,,,,,,,
,,,,,33663,5.0,5,,,,,,,,
,,,,,33668,5.0,5,,,,,,,,
,,,,,33672,4.0,4,,,,,,,,
,,,,,33675,3.0,3,,,,,,,,
,,,,,33679,4.0,4,,,,,,,,
,,,,,33682,3.0,3,,,,,,,,
,,,,,33685,3.0,3,,,,,,,,
,,,,,33689,4.0,4,,,,,,,,
,,,,,33693,4.0,4,,,,,,,,
,,,,,33697,4.0,4,,,,,,,,
,,,,,33701,4.0,4,,,,,,,,
,,,,,33704,3.0,3,,,,,,,,
,,,,,33710,6.0,6,,,,,,,,
,,,,,33715,5.0,5,,,,,,,,
,,,,,33719,4.0,4,,,,,,,,
,,,,,33722,3.0,3,,,,,,,,
,,,,,33727,5.0,5,,,,,,,,
,,,,,33732,5.0,5,,,,,,,,
,,,,,33736,4.0,4,,,,,,,,
,,,,,33740,4.0,4,,,,,,,,
,,,,,33745,5.0,5,,,,,,,,
,,,,,33748,3.0,3,,,,,,,,
,,,,,33751,3.0,3,,,,,,,,
,,,,,33754,3.0,3,,,,,,,,
,,,,,33757,3.0,3,,,,,,,,
,,,,,33760,3.0,3,,,,,,,,
,,,,,33764,4.0,4,,,,,,,,
,,,,,33767,3.0,3,,,,,,,,
,,,,,33770,3.0,3,,,,,,,,
,,,,,33774,4.0,4,,,,,,,,
,,,,,33777,3.0,3,,,,,,,,
,,,,,33780,3.0,3,,,,,,,,
,,,,,33784,4.0,4,,,,,,,,
,,,,,33787,3.0,3,,,,,,,,
,,,,,33791,4.0,4,,,,,,,,
,,,,,33794,3.0,3,,,,,,,,
,,,,,33797,3.0,3,,,,,,,,
,,,,,33801,4.0,4,,,,,,,,
,,,,,33804,3.0,3,,,,,,,,
,,,,,33807,3.0,3,,,,,,,,
,,,,,33810,3.0,3,,,,,,,,
,,,,,33813,3.0,3,,,,,,,,
,,,,,33817,4.0,4,,,,,,,,
,,,,,33822,5.0,5,,,,,,,,
,,,,,33825,3.0,3,,,,,,,,
,,,,,33830,5.0,5,,,,,,,,
,,,,,33840,10.0,10,,,,,,,,
,,,,,33845,5.0,5,,,,,,,,
,,,,,33855,10.0,10,,,,,,,,
,,,,,33861,6.0,6,,,,,,,,
,,,,,33865,4.0,4,,,,,,,,
,,,,,33869,4.0,4,,,,,,,,
,,,,,33873,4.0,4,,,,,,,,
,,,,,33877,4.0,4,,,,,,,,
,,,,,33883,6.0,6,,,,,,,,
,,,,,33887,4.0,4,,,,,,,,
,,,,,33891,4.0,4,,,,,,,,
,,,,,33895,4.0,4,,,,,,,,
,,,,,33900,5.0,5,,,,,,,,
,,,,,33904,4.0,4,,,,,,,,
,,,,,33907,3.0,3,,,,,,,,
,,,,,33911,4.0,4,,,,,,,,
,,,,,33915,4.0,4,,,,,,,,
,,,,,33919,4.0,4,,,,,,,,
,,,,,33923,4.0,4,,,,,,,,
,,,,,33927,4.0,4,,,,,,,,
,,,,,33930,3.0,3,,,,,,,,
,,,,,33934,4.0,4,,,,,,,,
,,,,,33938,4.0,4,,,,,,,,
,,,,,33942,4.0,4,,,,,,,,
,,,,,33946,4.0,4,,,,,,,,
,,,,,33950,4.0,4,,,,,,,,
,,,,,33954,4.0,4,,,,,,,,
,,,,,33957,3.0,3,,,,,,,,
,,,,,33960,3.0,3,,,,,,,,
,,,,,33965,5.0,5,,,,,,,,
,,,,,33969,4.0,4,,,,,,,,
,,,,,33972,3.0,3,,,,,,,,
,,,,,33975,3.0,3,,,,,,,,
,,,,,33978,3.0,3,,,,,,,,
,,,,,33982,4.0,4,,,,,,,,
,,,,,33986,4.0,4,,,,,,,,
,,,,,33989,3.0,3,,,,,,,,
,,,,,33993,4.0,4,,,,,,,,
,,,,,33998,5.0,5,,,,,,,,
,,,,,34000,,,0.03154114633798599,-0.31541144847869873,1.3539860248565674,3.2764878273010254,3.412456512451172,0.0003,0.0003,0.1
,,,,,34002,4.0,4,,,,,,,,
,,,,,34006,4.0,4,,,,,,,,
,,,,,34010,4.0,4,,,,,,,,
,,,,,34014,4.0,4,,,,,,,,
,,,,,34018,4.0,4,,,,,,,,
,,,,,34023,5.0,5,,,,,,,,
,,,,,34026,3.0,3,,,,,,,,
,,,,,34029,3.0,3,,,,,,,,
,,,,,34034,5.0,5,,,,,,,,
,,,,,34037,3.0,3,,,,,,,,
,,,,,34041,4.0,4,,,,,,,,
,,,,,34047,6.0,6,,,,,,,,
,,,,,34053,6.0,6,,,,,,,,
,,,,,34056,3.0,3,,,,,,,,
,,,,,34059,3.0,3,,,,,,,,
,,,,,34062,3.0,3,,,,,,,,
,,,,,34067,5.0,5,,,,,,,,
,,,,,34070,3.0,3,,,,,,,,
,,,,,34074,4.0,4,,,,,,,,
,,,,,34077,3.0,3,,,,,,,,
,,,,,34080,3.0,3,,,,,,,,
,,,,,34084,4.0,4,,,,,,,,
,,,,,34089,5.0,5,,,,,,,,
,,,,,34093,4.0,4,,,,,,,,
,,,,,34097,4.0,4,,,,,,,,
,,,,,34101,4.0,4,,,,,,,,
,,,,,34104,3.0,3,,,,,,,,
,,,,,34108,4.0,4,,,,,,,,
,,,,,34113,5.0,5,,,,,,,,
,,,,,34119,6.0,6,,,,,,,,
,,,,,34123,4.0,4,,,,,,,,
,,,,,34127,4.0,4,,,,,,,,
,,,,,34131,4.0,4,,,,,,,,
,,,,,34136,5.0,5,,,,,,,,
,,,,,34140,4.0,4,,,,,,,,
,,,,,34144,4.0,4,,,,,,,,
,,,,,34149,5.0,5,,,,,,,,
,,,,,34157,8.0,8,,,,,,,,
,,,,,34163,6.0,6,,,,,,,,
,,,,,34168,5.0,5,,,,,,,,
,,,,,34179,11.0,11,,,,,,,,
,,,,,34184,5.0,5,,,,,,,,
,,,,,34189,5.0,5,,,,,,,,
,,,,,34194,5.0,5,,,,,,,,
,,,,,34199,5.0,5,,,,,,,,
,,,,,34204,5.0,5,,,,,,,,
,,,,,34208,4.0,4,,,,,,,,
,,,,,34214,6.0,6,,,,,,,,
,,,,,34218,4.0,4,,,,,,,,
,,,,,34222,4.0,4,,,,,,,,
,,,,,34226,4.0,4,,,,,,,,
,,,,,34233,7.0,7,,,,,,,,
,,,,,34239,6.0,6,,,,,,,,
,,,,,34247,8.0,8,,,,,,,,
,,,,,34253,6.0,6,,,,,,,,
,,,,,34258,5.0,5,,,,,,,,
,,,,,34263,5.0,5,,,,,,,,
,,,,,34268,5.0,5,,,,,,,,
,,,,,34277,9.0,9,,,,,,,,
,,,,,34282,5.0,5,,,,,,,,
,,,,,34287,5.0,5,,,,,,,,
,,,,,34297,10.0,10,,,,,,,,
,,,,,34302,5.0,5,,,,,,,,
,,,,,34306,4.0,4,,,,,,,,
,,,,,34310,4.0,4,,,,,,,,
,,,,,34315,5.0,5,,,,,,,,
,,,,,34322,7.0,7,,,,,,,,
,,,,,34326,4.0,4,,,,,,,,
,,,,,34330,4.0,4,,,,,,,,
,,,,,34334,4.0,4,,,,,,,,
,,,,,34340,6.0,6,,,,,,,,
,,,,,34345,5.0,5,,,,,,,,
,,,,,34349,4.0,4,,,,,,,,
,,,,,34354,5.0,5,,,,,,,,
,,,,,34357,3.0,3,,,,,,,,
,,,,,34360,3.0,3,,,,,,,,
,,,,,34364,4.0,4,,,,,,,,
,,,,,34373,9.0,9,,,,,,,,
,,,,,34377,4.0,4,,,,,,,,
,,,,,34380,3.0,3,,,,,,,,
,,,,,34385,5.0,5,,,,,,,,
,,,,,34389,4.0,4,,,,,,,,
,,,,,34393,4.0,4,,,,,,,,
,,,,,34397,4.0,4,,,,,,,,
,,,,,34402,5.0,5,,,,,,,,
,,,,,34407,5.0,5,,,,,,,,
,,,,,34411,4.0,4,,,,,,,,
,,,,,34415,4.0,4,,,,,,,,
,,,,,34419,4.0,4,,,,,,,,
,,,,,34423,4.0,4,,,,,,,,
,,,,,34427,4.0,4,,,,,,,,
,,,,,34430,3.0,3,,,,,,,,
,,,,,34434,4.0,4,,,,,,,,
,,,,,34438,4.0,4,,,,,,,,
,,,,,34443,5.0,5,,,,,,,,
,,,,,34447,4.0,4,,,,,,,,
,,,,,34451,4.0,4,,,,,,,,
,,,,,34456,5.0,5,,,,,,,,
,,,,,34460,4.0,4,,,,,,,,
,,,,,34464,4.0,4,,,,,,,,
,,,,,34471,7.0,7,,,,,,,,
,,,,,34475,4.0,4,,,,,,,,
,,,,,34480,5.0,5,,,,,,,,
,,,,,34484,4.0,4,,,,,,,,
,,,,,34488,4.0,4,,,,,,,,
,,,,,34492,4.0,4,,,,,,,,
,,,,,34496,4.0,4,,,,,,,,
,,,,,34500,4.0,4,,,,,,,,
,,,,,34504,4.0,4,,,,,,,,
,,,,,34510,6.0,6,,,,,,,,
,,,,,34515,5.0,5,,,,,,,,
,,,,,34519,4.0,4,,,,,,,,
,,,,,34522,3.0,3,,,,,,,,
,,,,,34527,5.0,5,,,,,,,,
,,,,,34533,6.0,6,,,,,,,,
,,,,,34537,4.0,4,,,,,,,,
,,,,,34541,4.0,4,,,,,,,,
,,,,,34547,6.0,6,,,,,,,,
,,,,,34550,3.0,3,,,,,,,,
,,,,,34554,4.0,4,,,,,,,,
,,,,,34560,6.0,6,,,,,,,,
,,,,,34563,3.0,3,,,,,,,,
,,,,,34567,4.0,4,,,,,,,,
,,,,,34570,3.0,3,,,,,,,,
,,,,,34573,3.0,3,,,,,,,,
,,,,,34576,3.0,3,,,,,,,,
,,,,,34580,4.0,4,,,,,,,,
,,,,,34583,3.0,3,,,,,,,,
,,,,,34586,3.0,3,,,,,,,,
,,,,,34593,7.0,7,,,,,,,,
,,,,,34597,4.0,4,,,,,,,,
,,,,,34600,3.0,3,,,,,,,,
,,,,,34603,3.0,3,,,,,,,,
,,,,,34608,5.0,5,,,,,,,,
,,,,,34612,4.0,4,,,,,,,,
,,,,,34617,5.0,5,,,,,,,,
,,,,,34620,3.0,3,,,,,,,,
,,,,,34624,4.0,4,,,,,,,,
,,,,,34629,5.0,5,,,,,,,,
,,,,,34632,3.0,3,,,,,,,,
,,,,,34637,5.0,5,,,,,,,,
,,,,,34640,3.0,3,,,,,,,,
,,,,,34649,9.0,9,,,,,,,,
,,,,,34653,4.0,4,,,,,,,,
,,,,,34658,5.0,5,,,,,,,,
,,,,,34662,4.0,4,,,,,,,,
,,,,,34666,4.0,4,,,,,,,,
,,,,,34672,6.0,6,,,,,,,,
,,,,,34678,6.0,6,,,,,,,,
,,,,,34686,8.0,8,,,,,,,,
,,,,,34689,3.0,3,,,,,,,,
,,,,,34692,3.0,3,,,,,,,,
,,,,,34696,4.0,4,,,,,,,,
,,,,,34700,4.0,4,,,,,,,,
,,,,,34703,3.0,3,,,,,,,,
,,,,,34709,6.0,6,,,,,,,,
,,,,,34714,5.0,5,,,,,,,,
,,,,,34718,4.0,4,,,,,,,,
,,,,,34722,4.0,4,,,,,,,,
,,,,,34726,4.0,4,,,,,,,,
,,,,,34730,4.0,4,,,,,,,,
,,,,,34733,3.0,3,,,,,,,,
,,,,,34739,6.0,6,,,,,,,,
,,,,,34743,4.0,4,,,,,,,,
,,,,,34747,4.0,4,,,,,,,,
,,,,,34751,4.0,4,,,,,,,,
,,,,,34764,13.0,13,,,,,,,,
,,,,,34768,4.0,4,,,,,,,,
,,,,,34773,5.0,5,,,,,,,,
,,,,,34778,5.0,5,,,,,,,,
,,,,,34782,4.0,4,,,,,,,,
,,,,,34786,4.0,4,,,,,,,,
,,,,,34791,5.0,5,,,,,,,,
,,,,,34795,4.0,4,,,,,,,,
,,,,,34798,3.0,3,,,,,,,,
,,,,,34804,6.0,6,,,,,,,,
,,,,,34809,5.0,5,,,,,,,,
,,,,,34813,4.0,4,,,,,,,,
,,,,,34819,6.0,6,,,,,,,,
,,,,,34829,10.0,10,,,,,,,,
,,,,,34834,5.0,5,,,,,,,,
,,,,,34838,4.0,4,,,,,,,,
,,,,,34842,4.0,4,,,,,,,,
,,,,,34847,5.0,5,,,,,,,,
,,,,,34850,3.0,3,,,,,,,,
,,,,,34855,5.0,5,,,,,,,,
,,,,,34860,5.0,5,,,,,,,,
,,,,,34865,5.0,5,,,,,,,,
,,,,,34870,5.0,5,,,,,,,,
,,,,,34874,4.0,4,,,,,,,,
,,,,,34877,3.0,3,,,,,,,,
,,,,,34887,10.0,10,,,,,,,,
,,,,,34894,7.0,7,,,,,,,,
,,,,,34905,11.0,11,,,,,,,,
,,,,,34908,3.0,3,,,,,,,,
,,,,,34913,5.0,5,,,,,,,,
,,,,,34917,4.0,4,,,,,,,,
,,,,,34920,3.0,3,,,,,,,,
,,,,,34924,4.0,4,,,,,,,,
,,,,,34929,5.0,5,,,,,,,,
,,,,,34932,3.0,3,,,,,,,,
,,,,,34935,3.0,3,,,,,,,,
,,,,,34940,5.0,5,,,,,,,,
,,,,,34944,4.0,4,,,,,,,,
,,,,,34948,4.0,4,,,,,,,,
,,,,,34952,4.0,4,,,,,,,,
,,,,,34956,4.0,4,,,,,,,,
,,,,,34961,5.0,5,,,,,,,,
,,,,,34965,4.0,4,,,,,,,,
,,,,,34974,9.0,9,,,,,,,,
,,,,,34977,3.0,3,,,,,,,,
,,,,,34982,5.0,5,,,,,,,,
,,,,,34986,4.0,4,,,,,,,,
,,,,,34991,5.0,5,,,,,,,,
,,,,,34997,6.0,6,,,,,,,,
5.0,1.8973665,8.0,3.0,5.0,35000,,,0.01508044358342886,-0.15080443024635315,0.509781002998352,3.4603750705718994,3.374370813369751,0.0003,0.0003,0.1
,,,,,35001,4.0,4,,,,,,,,
,,,,,35006,5.0,5,,,,,,,,
,,,,,35011,5.0,5,,,,,,,,
,,,,,35015,4.0,4,,,,,,,,
,,,,,35019,4.0,4,,,,,,,,
,,,,,35024,5.0,5,,,,,,,,
,,,,,35027,3.0,3,,,,,,,,
,,,,,35030,3.0,3,,,,,,,,
,,,,,35034,4.0,4,,,,,,,,
,,,,,35037,3.0,3,,,,,,,,
,,,,,35042,5.0,5,,,,,,,,
,,,,,35046,4.0,4,,,,,,,,
,,,,,35050,4.0,4,,,,,,,,
,,,,,35055,5.0,5,,,,,,,,
,,,,,35059,4.0,4,,,,,,,,
,,,,,35063,4.0,4,,,,,,,,
,,,,,35067,4.0,4,,,,,,,,
,,,,,35073,6.0,6,,,,,,,,
,,,,,35082,9.0,9,,,,,,,,
,,,,,35086,4.0,4,,,,,,,,
,,,,,35091,5.0,5,,,,,,,,
,,,,,35095,4.0,4,,,,,,,,
,,,,,35099,4.0,4,,,,,,,,
,,,,,35102,3.0,3,,,,,,,,
,,,,,35106,4.0,4,,,,,,,,
,,,,,35110,4.0,4,,,,,,,,
,,,,,35114,4.0,4,,,,,,,,
,,,,,35118,4.0,4,,,,,,,,
,,,,,35129,11.0,11,,,,,,,,
,,,,,35138,9.0,9,,,,,,,,
,,,,,35145,7.0,7,,,,,,,,
,,,,,35149,4.0,4,,,,,,,,
,,,,,35153,4.0,4,,,,,,,,
,,,,,35157,4.0,4,,,,,,,,
,,,,,35161,4.0,4,,,,,,,,
,,,,,35165,4.0,4,,,,,,,,
,,,,,35169,4.0,4,,,,,,,,
,,,,,35173,4.0,4,,,,,,,,
,,,,,35178,5.0,5,,,,,,,,
,,,,,35182,4.0,4,,,,,,,,
,,,,,35185,3.0,3,,,,,,,,
,,,,,35189,4.0,4,,,,,,,,
,,,,,35193,4.0,4,,,,,,,,
,,,,,35197,4.0,4,,,,,,,,
,,,,,35201,4.0,4,,,,,,,,
,,,,,35206,5.0,5,,,,,,,,
,,,,,35212,6.0,6,,,,,,,,
,,,,,35216,4.0,4,,,,,,,,
,,,,,35220,4.0,4,,,,,,,,
,,,,,35224,4.0,4,,,,,,,,
,,,,,35230,6.0,6,,,,,,,,
,,,,,35233,3.0,3,,,,,,,,
,,,,,35236,3.0,3,,,,,,,,
,,,,,35240,4.0,4,,,,,,,,
,,,,,35244,4.0,4,,,,,,,,
,,,,,35248,4.0,4,,,,,,,,
,,,,,35252,4.0,4,,,,,,,,
,,,,,35257,5.0,5,,,,,,,,
,,,,,35262,5.0,5,,,,,,,,
,,,,,35267,5.0,5,,,,,,,,
,,,,,35271,4.0,4,,,,,,,,
,,,,,35275,4.0,4,,,,,,,,
,,,,,35282,7.0,7,,,,,,,,
,,,,,35286,4.0,4,,,,,,,,
,,,,,35291,5.0,5,,,,,,,,
,,,,,35296,5.0,5,,,,,,,,
,,,,,35302,6.0,6,,,,,,,,
,,,,,35307,5.0,5,,,,,,,,
,,,,,35313,6.0,6,,,,,,,,
,,,,,35317,4.0,4,,,,,,,,
,,,,,35322,5.0,5,,,,,,,,
,,,,,35327,5.0,5,,,,,,,,
,,,,,35332,5.0,5,,,,,,,,
,,,,,35336,4.0,4,,,,,,,,
,,,,,35345,9.0,9,,,,,,,,
,,,,,35350,5.0,5,,,,,,,,
,,,,,35355,5.0,5,,,,,,,,
,,,,,35359,4.0,4,,,,,,,,
,,,,,35364,5.0,5,,,,,,,,
,,,,,35374,10.0,10,,,,,,,,
,,,,,35379,5.0,5,,,,,,,,
,,,,,35386,7.0,7,,,,,,,,
,,,,,35395,9.0,9,,,,,,,,
,,,,,35405,10.0,10,,,,,,,,
,,,,,35410,5.0,5,,,,,,,,
,,,,,35415,5.0,5,,,,,,,,
,,,,,35421,6.0,6,,,,,,,,
,,,,,35426,5.0,5,,,,,,,,
,,,,,35432,6.0,6,,,,,,,,
,,,,,35439,7.0,7,,,,,,,,
,,,,,35445,6.0,6,,,,,,,,
,,,,,35456,11.0,11,,,,,,,,
,,,,,35465,9.0,9,,,,,,,,
,,,,,35475,10.0,10,,,,,,,,
,,,,,35494,19.0,19,,,,,,,,
,,,,,35502,8.0,8,,,,,,,,
,,,,,35512,10.0,10,,,,,,,,
,,,,,35520,8.0,8,,,,,,,,
,,,,,35530,10.0,10,,,,,,,,
,,,,,35539,9.0,9,,,,,,,,
,,,,,35555,16.0,16,,,,,,,,
,,,,,35560,5.0,5,,,,,,,,
,,,,,35564,4.0,4,,,,,,,,
,,,,,35571,7.0,7,,,,,,,,
,,,,,35577,6.0,6,,,,,,,,
,,,,,35581,4.0,4,,,,,,,,
,,,,,35590,9.0,9,,,,,,,,
,,,,,35598,8.0,8,,,,,,,,
,,,,,35605,7.0,7,,,,,,,,
,,,,,35618,13.0,13,,,,,,,,
,,,,,35637,19.0,19,,,,,,,,
,,,,,35645,8.0,8,,,,,,,,
,,,,,35653,8.0,8,,,,,,,,
,,,,,35664,11.0,11,,,,,,,,
,,,,,35672,8.0,8,,,,,,,,
,,,,,35702,30.0,30,,,,,,,,
,,,,,35714,12.0,12,,,,,,,,
,,,,,35728,14.0,14,,,,,,,,
,,,,,35736,8.0,8,,,,,,,,
,,,,,35760,24.0,24,,,,,,,,
,,,,,35766,6.0,6,,,,,,,,
,,,,,35788,22.0,22,,,,,,,,
,,,,,35798,10.0,10,,,,,,,,
,,,,,35808,10.0,10,,,,,,,,
,,,,,35823,15.0,15,,,,,,,,
,,,,,35839,16.0,16,,,,,,,,
,,,,,35868,29.0,29,,,,,,,,
,,,,,35898,30.0,30,,,,,,,,
,,,,,35909,11.0,11,,,,,,,,
,,,,,35930,21.0,21,,,,,,,,
,,,,,35935,5.0,5,,,,,,,,
,,,,,35941,6.0,6,,,,,,,,
,,,,,35947,6.0,6,,,,,,,,
,,,,,35968,21.0,21,,,,,,,,
,,,,,35982,14.0,14,,,,,,,,
,,,,,35992,10.0,10,,,,,,,,
,,,,,36000,,,0.22926902770996094,-2.2926902770996094,0.571306586265564,4.884852409362793,5.049769401550293,0.0003,0.0003,0.1
,,,,,36027,35.0,35,,,,,,,,
,,,,,36054,27.0,27,,,,,,,,
,,,,,36063,9.0,9,,,,,,,,
,,,,,36071,8.0,8,,,,,,,,
,,,,,36085,14.0,14,,,,,,,,
,,,,,36091,6.0,6,,,,,,,,
,,,,,36096,5.0,5,,,,,,,,
,,,,,36101,5.0,5,,,,,,,,
,,,,,36104,3.0,3,,,,,,,,
,,,,,36120,16.0,16,,,,,,,,
,,,,,36148,28.0,28,,,,,,,,
,,,,,36161,13.0,13,,,,,,,,
,,,,,36170,9.0,9,,,,,,,,
,,,,,36174,4.0,4,,,,,,,,
,,,,,36186,12.0,12,,,,,,,,
,,,,,36204,18.0,18,,,,,,,,
,,,,,36215,11.0,11,,,,,,,,
,,,,,36230,15.0,15,,,,,,,,
,,,,,36233,3.0,3,,,,,,,,
,,,,,36242,9.0,9,,,,,,,,
,,,,,36249,7.0,7,,,,,,,,
,,,,,36262,13.0,13,,,,,,,,
,,,,,36274,12.0,12,,,,,,,,
,,,,,36285,11.0,11,,,,,,,,
,,,,,36294,9.0,9,,,,,,,,
,,,,,36303,9.0,9,,,,,,,,
,,,,,36318,15.0,15,,,,,,,,
,,,,,36321,3.0,3,,,,,,,,
,,,,,36330,9.0,9,,,,,,,,
,,,,,36345,15.0,15,,,,,,,,
,,,,,36350,5.0,5,,,,,,,,
,,,,,36360,10.0,10,,,,,,,,
,,,,,36371,11.0,11,,,,,,,,
,,,,,36375,4.0,4,,,,,,,,
,,,,,36394,19.0,19,,,,,,,,
,,,,,36409,15.0,15,,,,,,,,
,,,,,36412,3.0,3,,,,,,,,
,,,,,36416,4.0,4,,,,,,,,
,,,,,36429,13.0,13,,,,,,,,
,,,,,36432,3.0,3,,,,,,,,
,,,,,36454,22.0,22,,,,,,,,
,,,,,36460,6.0,6,,,,,,,,
,,,,,36477,17.0,17,,,,,,,,
,,,,,36503,26.0,26,,,,,,,,
,,,,,36515,12.0,12,,,,,,,,
,,,,,36534,19.0,19,,,,,,,,
,,,,,36551,17.0,17,,,,,,,,
,,,,,36559,8.0,8,,,,,,,,
,,,,,36576,17.0,17,,,,,,,,
,,,,,36589,13.0,13,,,,,,,,
,,,,,36605,16.0,16,,,,,,,,
,,,,,36621,16.0,16,,,,,,,,
,,,,,36640,19.0,19,,,,,,,,
,,,,,36649,9.0,9,,,,,,,,
,,,,,36664,15.0,15,,,,,,,,
,,,,,36673,9.0,9,,,,,,,,
,,,,,36683,10.0,10,,,,,,,,
,,,,,36708,25.0,25,,,,,,,,
,,,,,36720,12.0,12,,,,,,,,
,,,,,36729,9.0,9,,,,,,,,
,,,,,36738,9.0,9,,,,,,,,
,,,,,36747,9.0,9,,,,,,,,
,,,,,36753,6.0,6,,,,,,,,
,,,,,36765,12.0,12,,,,,,,,
,,,,,36769,4.0,4,,,,,,,,
,,,,,36775,6.0,6,,,,,,,,
,,,,,36786,11.0,11,,,,,,,,
,,,,,36794,8.0,8,,,,,,,,
,,,,,36800,6.0,6,,,,,,,,
,,,,,36809,9.0,9,,,,,,,,
,,,,,36818,9.0,9,,,,,,,,
,,,,,36826,8.0,8,,,,,,,,
,,,,,36834,8.0,8,,,,,,,,
,,,,,36846,12.0,12,,,,,,,,
,,,,,36856,10.0,10,,,,,,,,
,,,,,36863,7.0,7,,,,,,,,
,,,,,36869,6.0,6,,,,,,,,
,,,,,36876,7.0,7,,,,,,,,
,,,,,36886,10.0,10,,,,,,,,
,,,,,36889,3.0,3,,,,,,,,
,,,,,36896,7.0,7,,,,,,,,
,,,,,36908,12.0,12,,,,,,,,
,,,,,36911,3.0,3,,,,,,,,
,,,,,36928,17.0,17,,,,,,,,
,,,,,36937,9.0,9,,,,,,,,
,,,,,36946,9.0,9,,,,,,,,
,,,,,36952,6.0,6,,,,,,,,
,,,,,36960,8.0,8,,,,,,,,
,,,,,36968,8.0,8,,,,,,,,
,,,,,36978,10.0,10,,,,,,,,
,,,,,36987,9.0,9,,,,,,,,
,,,,,36996,9.0,9,,,,,,,,
,,,,,37000,,,0.4012184739112854,-4.0121846199035645,0.7154917120933533,6.030701160430908,6.051169395446777,0.0003,0.0003,0.1
,,,,,37005,9.0,9,,,,,,,,
,,,,,37026,21.0,21,,,,,,,,
,,,,,37031,5.0,5,,,,,,,,
,,,,,37038,7.0,7,,,,,,,,
,,,,,37052,14.0,14,,,,,,,,
,,,,,37069,17.0,17,,,,,,,,
,,,,,37094,25.0,25,,,,,,,,
,,,,,37101,7.0,7,,,,,,,,
,,,,,37110,9.0,9,,,,,,,,
,,,,,37121,11.0,11,,,,,,,,
,,,,,37128,7.0,7,,,,,,,,
,,,,,37133,5.0,5,,,,,,,,
,,,,,37145,12.0,12,,,,,,,,
,,,,,37171,26.0,26,,,,,,,,
,,,,,37177,6.0,6,,,,,,,,
,,,,,37197,20.0,20,,,,,,,,
,,,,,37207,10.0,10,,,,,,,,
,,,,,37214,7.0,7,,,,,,,,
,,,,,37217,3.0,3,,,,,,,,
,,,,,37226,9.0,9,,,,,,,,
,,,,,37236,10.0,10,,,,,,,,
,,,,,37243,7.0,7,,,,,,,,
,,,,,37251,8.0,8,,,,,,,,
,,,,,37256,5.0,5,,,,,,,,
,,,,,37263,7.0,7,,,,,,,,
,,,,,37267,4.0,4,,,,,,,,
,,,,,37272,5.0,5,,,,,,,,
,,,,,37279,7.0,7,,,,,,,,
,,,,,37292,13.0,13,,,,,,,,
,,,,,37299,7.0,7,,,,,,,,
,,,,,37305,6.0,6,,,,,,,,
,,,,,37311,6.0,6,,,,,,,,
,,,,,37318,7.0,7,,,,,,,,
,,,,,37324,6.0,6,,,,,,,,
,,,,,37333,9.0,9,,,,,,,,
,,,,,37339,6.0,6,,,,,,,,
,,,,,37344,5.0,5,,,,,,,,
,,,,,37350,6.0,6,,,,,,,,
,,,,,37356,6.0,6,,,,,,,,
,,,,,37362,6.0,6,,,,,,,,
,,,,,37365,3.0,3,,,,,,,,
,,,,,37372,7.0,7,,,,,,,,
,,,,,37379,7.0,7,,,,,,,,
,,,,,37387,8.0,8,,,,,,,,
,,,,,37391,4.0,4,,,,,,,,
,,,,,37399,8.0,8,,,,,,,,
,,,,,37405,6.0,6,,,,,,,,
,,,,,37408,3.0,3,,,,,,,,
,,,,,37413,5.0,5,,,,,,,,
,,,,,37425,12.0,12,,,,,,,,
,,,,,37429,4.0,4,,,,,,,,
,,,,,37436,7.0,7,,,,,,,,
,,,,,37452,16.0,16,,,,,,,,
,,,,,37457,5.0,5,,,,,,,,
,,,,,37461,4.0,4,,,,,,,,
,,,,,37466,5.0,5,,,,,,,,
,,,,,37472,6.0,6,,,,,,,,
,,,,,37479,7.0,7,,,,,,,,
,,,,,37485,6.0,6,,,,,,,,
,,,,,37491,6.0,6,,,,,,,,
,,,,,37497,6.0,6,,,,,,,,
,,,,,37503,6.0,6,,,,,,,,
,,,,,37507,4.0,4,,,,,,,,
,,,,,37513,6.0,6,,,,,,,,
,,,,,37519,6.0,6,,,,,,,,
,,,,,37532,13.0,13,,,,,,,,
,,,,,37543,11.0,11,,,,,,,,
,,,,,37551,8.0,8,,,,,,,,
,,,,,37555,4.0,4,,,,,,,,
,,,,,37560,5.0,5,,,,,,,,
,,,,,37579,19.0,19,,,,,,,,
,,,,,37585,6.0,6,,,,,,,,
,,,,,37593,8.0,8,,,,,,,,
,,,,,37598,5.0,5,,,,,,,,
,,,,,37609,11.0,11,,,,,,,,
,,,,,37616,7.0,7,,,,,,,,
,,,,,37623,7.0,7,,,,,,,,
,,,,,37636,13.0,13,,,,,,,,
,,,,,37640,4.0,4,,,,,,,,
,,,,,37648,8.0,8,,,,,,,,
,,,,,37658,10.0,10,,,,,,,,
,,,,,37663,5.0,5,,,,,,,,
,,,,,37669,6.0,6,,,,,,,,
,,,,,37681,12.0,12,,,,,,,,
,,,,,37690,9.0,9,,,,,,,,
,,,,,37696,6.0,6,,,,,,,,
,,,,,37701,5.0,5,,,,,,,,
,,,,,37710,9.0,9,,,,,,,,
,,,,,37717,7.0,7,,,,,,,,
,,,,,37726,9.0,9,,,,,,,,
,,,,,37732,6.0,6,,,,,,,,
,,,,,37737,5.0,5,,,,,,,,
,,,,,37744,7.0,7,,,,,,,,
,,,,,37750,6.0,6,,,,,,,,
,,,,,37756,6.0,6,,,,,,,,
,,,,,37762,6.0,6,,,,,,,,
,,,,,37768,6.0,6,,,,,,,,
,,,,,37775,7.0,7,,,,,,,,
,,,,,37781,6.0,6,,,,,,,,
,,,,,37787,6.0,6,,,,,,,,
,,,,,37799,12.0,12,,,,,,,,
,,,,,37813,14.0,14,,,,,,,,
,,,,,37821,8.0,8,,,,,,,,
,,,,,37827,6.0,6,,,,,,,,
,,,,,37833,6.0,6,,,,,,,,
,,,,,37840,7.0,7,,,,,,,,
,,,,,37844,4.0,4,,,,,,,,
,,,,,37849,5.0,5,,,,,,,,
,,,,,37858,9.0,9,,,,,,,,
,,,,,37865,7.0,7,,,,,,,,
,,,,,37880,15.0,15,,,,,,,,
,,,,,37883,3.0,3,,,,,,,,
,,,,,37889,6.0,6,,,,,,,,
,,,,,37894,5.0,5,,,,,,,,
,,,,,37902,8.0,8,,,,,,,,
,,,,,37912,10.0,10,,,,,,,,
,,,,,37918,6.0,6,,,,,,,,
,,,,,37925,7.0,7,,,,,,,,
,,,,,37928,3.0,3,,,,,,,,
,,,,,37937,9.0,9,,,,,,,,
,,,,,37944,7.0,7,,,,,,,,
,,,,,37948,4.0,4,,,,,,,,
,,,,,37970,22.0,22,,,,,,,,
,,,,,37977,7.0,7,,,,,,,,
,,,,,37983,6.0,6,,,,,,,,
,,,,,37989,6.0,6,,,,,,,,
,,,,,37992,3.0,3,,,,,,,,
,,,,,38000,,,0.3998960256576538,-3.998960256576538,0.4237489700317383,6.73380708694458,6.730856418609619,0.0003,0.0003,0.1
,,,,,38002,10.0,10,,,,,,,,
,,,,,38014,12.0,12,,,,,,,,
,,,,,38020,6.0,6,,,,,,,,
,,,,,38033,13.0,13,,,,,,,,
,,,,,38040,7.0,7,,,,,,,,
,,,,,38049,9.0,9,,,,,,,,
,,,,,38061,12.0,12,,,,,,,,
,,,,,38069,8.0,8,,,,,,,,
,,,,,38075,6.0,6,,,,,,,,
,,,,,38081,6.0,6,,,,,,,,
,,,,,38088,7.0,7,,,,,,,,
,,,,,38094,6.0,6,,,,,,,,
,,,,,38100,6.0,6,,,,,,,,
,,,,,38108,8.0,8,,,,,,,,
,,,,,38114,6.0,6,,,,,,,,
,,,,,38121,7.0,7,,,,,,,,
,,,,,38127,6.0,6,,,,,,,,
,,,,,38135,8.0,8,,,,,,,,
,,,,,38142,7.0,7,,,,,,,,
,,,,,38155,13.0,13,,,,,,,,
,,,,,38160,5.0,5,,,,,,,,
,,,,,38165,5.0,5,,,,,,,,
,,,,,38172,7.0,7,,,,,,,,
,,,,,38186,14.0,14,,,,,,,,
,,,,,38193,7.0,7,,,,,,,,
,,,,,38198,5.0,5,,,,,,,,
,,,,,38208,10.0,10,,,,,,,,
,,,,,38220,12.0,12,,,,,,,,
,,,,,38230,10.0,10,,,,,,,,
,,,,,38233,3.0,3,,,,,,,,
,,,,,38239,6.0,6,,,,,,,,
,,,,,38245,6.0,6,,,,,,,,
,,,,,38251,6.0,6,,,,,,,,
,,,,,38257,6.0,6,,,,,,,,
,,,,,38268,11.0,11,,,,,,,,
,,,,,38278,10.0,10,,,,,,,,
,,,,,38283,5.0,5,,,,,,,,
,,,,,38288,5.0,5,,,,,,,,
,,,,,38294,6.0,6,,,,,,,,
,,,,,38307,13.0,13,,,,,,,,
,,,,,38313,6.0,6,,,,,,,,
,,,,,38323,10.0,10,,,,,,,,
,,,,,38326,3.0,3,,,,,,,,
,,,,,38367,41.0,41,,,,,,,,
,,,,,38374,7.0,7,,,,,,,,
,,,,,38378,4.0,4,,,,,,,,
,,,,,38381,3.0,3,,,,,,,,
,,,,,38387,6.0,6,,,,,,,,
,,,,,38394,7.0,7,,,,,,,,
,,,,,38399,5.0,5,,,,,,,,
,,,,,38405,6.0,6,,,,,,,,
,,,,,38411,6.0,6,,,,,,,,
,,,,,38417,6.0,6,,,,,,,,
,,,,,38420,3.0,3,,,,,,,,
,,,,,38425,5.0,5,,,,,,,,
,,,,,38432,7.0,7,,,,,,,,
,,,,,38437,5.0,5,,,,,,,,
,,,,,38442,5.0,5,,,,,,,,
,,,,,38447,5.0,5,,,,,,,,
,,,,,38453,6.0,6,,,,,,,,
,,,,,38460,7.0,7,,,,,,,,
,,,,,38466,6.0,6,,,,,,,,
,,,,,38470,4.0,4,,,,,,,,
,,,,,38475,5.0,5,,,,,,,,
,,,,,38480,5.0,5,,,,,,,,
,,,,,38486,6.0,6,,,,,,,,
,,,,,38493,7.0,7,,,,,,,,
,,,,,38499,6.0,6,,,,,,,,
,,,,,38505,6.0,6,,,,,,,,
,,,,,38516,11.0,11,,,,,,,,
,,,,,38523,7.0,7,,,,,,,,
,,,,,38529,6.0,6,,,,,,,,
,,,,,38534,5.0,5,,,,,,,,
,,,,,38540,6.0,6,,,,,,,,
,,,,,38543,3.0,3,,,,,,,,
,,,,,38551,8.0,8,,,,,,,,
,,,,,38556,5.0,5,,,,,,,,
,,,,,38559,3.0,3,,,,,,,,
,,,,,38566,7.0,7,,,,,,,,
,,,,,38569,3.0,3,,,,,,,,
,,,,,38577,8.0,8,,,,,,,,
,,,,,38582,5.0,5,,,,,,,,
,,,,,38590,8.0,8,,,,,,,,
,,,,,38602,12.0,12,,,,,,,,
,,,,,38607,5.0,5,,,,,,,,
,,,,,38612,5.0,5,,,,,,,,
,,,,,38618,6.0,6,,,,,,,,
,,,,,38624,6.0,6,,,,,,,,
,,,,,38627,3.0,3,,,,,,,,
,,,,,38632,5.0,5,,,,,,,,
,,,,,38635,3.0,3,,,,,,,,
,,,,,38640,5.0,5,,,,,,,,
,,,,,38645,5.0,5,,,,,,,,
,,,,,38653,8.0,8,,,,,,,,
,,,,,38660,7.0,7,,,,,,,,
,,,,,38668,8.0,8,,,,,,,,
,,,,,38671,3.0,3,,,,,,,,
,,,,,38676,5.0,5,,,,,,,,
,,,,,38684,8.0,8,,,,,,,,
,,,,,38687,3.0,3,,,,,,,,
,,,,,38692,5.0,5,,,,,,,,
,,,,,38695,3.0,3,,,,,,,,
,,,,,38701,6.0,6,,,,,,,,
,,,,,38705,4.0,4,,,,,,,,
,,,,,38708,3.0,3,,,,,,,,
,,,,,38713,5.0,5,,,,,,,,
,,,,,38718,5.0,5,,,,,,,,
,,,,,38724,6.0,6,,,,,,,,
,,,,,38735,11.0,11,,,,,,,,
,,,,,38740,5.0,5,,,,,,,,
,,,,,38750,10.0,10,,,,,,,,
,,,,,38759,9.0,9,,,,,,,,
,,,,,38768,9.0,9,,,,,,,,
,,,,,38772,4.0,4,,,,,,,,
,,,,,38781,9.0,9,,,,,,,,
,,,,,38784,3.0,3,,,,,,,,
,,,,,38787,3.0,3,,,,,,,,
,,,,,38811,24.0,24,,,,,,,,
,,,,,38817,6.0,6,,,,,,,,
,,,,,38828,11.0,11,,,,,,,,
,,,,,38832,4.0,4,,,,,,,,
,,,,,38840,8.0,8,,,,,,,,
,,,,,38848,8.0,8,,,,,,,,
,,,,,38855,7.0,7,,,,,,,,
,,,,,38859,4.0,4,,,,,,,,
,,,,,38871,12.0,12,,,,,,,,
,,,,,38876,5.0,5,,,,,,,,
,,,,,38883,7.0,7,,,,,,,,
,,,,,38890,7.0,7,,,,,,,,
,,,,,38897,7.0,7,,,,,,,,
,,,,,38900,3.0,3,,,,,,,,
,,,,,38904,4.0,4,,,,,,,,
,,,,,38913,9.0,9,,,,,,,,
,,,,,38920,7.0,7,,,,,,,,
,,,,,38936,16.0,16,,,,,,,,
,,,,,38940,4.0,4,,,,,,,,
,,,,,38944,4.0,4,,,,,,,,
,,,,,38951,7.0,7,,,,,,,,
,,,,,38957,6.0,6,,,,,,,,
,,,,,38965,8.0,8,,,,,,,,
,,,,,38969,4.0,4,,,,,,,,
,,,,,38986,17.0,17,,,,,,,,
,,,,,38992,6.0,6,,,,,,,,
,,,,,38995,3.0,3,,,,,,,,
,,,,,39000,,,0.3856292963027954,-3.856292963027954,1.406077265739441,5.606130599975586,5.65330696105957,0.0003,0.0003,0.1
,,,,,39002,7.0,7,,,,,,,,
,,,,,39007,5.0,5,,,,,,,,
,,,,,39010,3.0,3,,,,,,,,
,,,,,39015,5.0,5,,,,,,,,
,,,,,39022,7.0,7,,,,,,,,
,,,,,39030,8.0,8,,,,,,,,
,,,,,39036,6.0,6,,,,,,,,
,,,,,39045,9.0,9,,,,,,,,
,,,,,39051,6.0,6,,,,,,,,
,,,,,39055,4.0,4,,,,,,,,
,,,,,39058,3.0,3,,,,,,,,
,,,,,39064,6.0,6,,,,,,,,
,,,,,39070,6.0,6,,,,,,,,
,,,,,39076,6.0,6,,,,,,,,
,,,,,39085,9.0,9,,,,,,,,
,,,,,39092,7.0,7,,,,,,,,
,,,,,39101,9.0,9,,,,,,,,
,,,,,39108,7.0,7,,,,,,,,
,,,,,39112,4.0,4,,,,,,,,
,,,,,39118,6.0,6,,,,,,,,
,,,,,39125,7.0,7,,,,,,,,
,,,,,39128,3.0,3,,,,,,,,
,,,,,39135,7.0,7,,,,,,,,
,,,,,39143,8.0,8,,,,,,,,
,,,,,39152,9.0,9,,,,,,,,
,,,,,39155,3.0,3,,,,,,,,
,,,,,39158,3.0,3,,,,,,,,
,,,,,39164,6.0,6,,,,,,,,
,,,,,39167,3.0,3,,,,,,,,
,,,,,39174,7.0,7,,,,,,,,
,,,,,39180,6.0,6,,,,,,,,
,,,,,39189,9.0,9,,,,,,,,
,,,,,39196,7.0,7,,,,,,,,
,,,,,39203,7.0,7,,,,,,,,
,,,,,39219,16.0,16,,,,,,,,
,,,,,39224,5.0,5,,,,,,,,
,,,,,39229,5.0,5,,,,,,,,
,,,,,39237,8.0,8,,,,,,,,
,,,,,39249,12.0,12,,,,,,,,
,,,,,39256,7.0,7,,,,,,,,
,,,,,39265,9.0,9,,,,,,,,
,,,,,39270,5.0,5,,,,,,,,
,,,,,39283,13.0,13,,,,,,,,
,,,,,39286,3.0,3,,,,,,,,
,,,,,39289,3.0,3,,,,,,,,
,,,,,39297,8.0,8,,,,,,,,
,,,,,39305,8.0,8,,,,,,,,
,,,,,39310,5.0,5,,,,,,,,
,,,,,39316,6.0,6,,,,,,,,
,,,,,39321,5.0,5,,,,,,,,
,,,,,39335,14.0,14,,,,,,,,
,,,,,39341,6.0,6,,,,,,,,
,,,,,39346,5.0,5,,,,,,,,
,,,,,39349,3.0,3,,,,,,,,
,,,,,39352,3.0,3,,,,,,,,
,,,,,39359,7.0,7,,,,,,,,
,,,,,39363,4.0,4,,,,,,,,
,,,,,39366,3.0,3,,,,,,,,
,,,,,39372,6.0,6,,,,,,,,
,,,,,39375,3.0,3,,,,,,,,
,,,,,39382,7.0,7,,,,,,,,
,,,,,39385,3.0,3,,,,,,,,
,,,,,39388,3.0,3,,,,,,,,
,,,,,39395,7.0,7,,,,,,,,
,,,,,39398,3.0,3,,,,,,,,
,,,,,39404,6.0,6,,,,,,,,
,,,,,39413,9.0,9,,,,,,,,
,,,,,39422,9.0,9,,,,,,,,
,,,,,39425,3.0,3,,,,,,,,
,,,,,39431,6.0,6,,,,,,,,
,,,,,39436,5.0,5,,,,,,,,
,,,,,39442,6.0,6,,,,,,,,
,,,,,39447,5.0,5,,,,,,,,
,,,,,39452,5.0,5,,,,,,,,
,,,,,39456,4.0,4,,,,,,,,
,,,,,39460,4.0,4,,,,,,,,
,,,,,39466,6.0,6,,,,,,,,
,,,,,39471,5.0,5,,,,,,,,
,,,,,39474,3.0,3,,,,,,,,
,,,,,39477,3.0,3,,,,,,,,
,,,,,39482,5.0,5,,,,,,,,
,,,,,39487,5.0,5,,,,,,,,
,,,,,39492,5.0,5,,,,,,,,
,,,,,39501,9.0,9,,,,,,,,
,,,,,39507,6.0,6,,,,,,,,
,,,,,39510,3.0,3,,,,,,,,
,,,,,39515,5.0,5,,,,,,,,
,,,,,39521,6.0,6,,,,,,,,
,,,,,39527,6.0,6,,,,,,,,
,,,,,39530,3.0,3,,,,,,,,
,,,,,39535,5.0,5,,,,,,,,
,,,,,39540,5.0,5,,,,,,,,
,,,,,39543,3.0,3,,,,,,,,
,,,,,39546,3.0,3,,,,,,,,
,,,,,39552,6.0,6,,,,,,,,
,,,,,39556,4.0,4,,,,,,,,
,,,,,39562,6.0,6,,,,,,,,
,,,,,39565,3.0,3,,,,,,,,
,,,,,39568,3.0,3,,,,,,,,
,,,,,39574,6.0,6,,,,,,,,
,,,,,39578,4.0,4,,,,,,,,
,,,,,39583,5.0,5,,,,,,,,
,,,,,39588,5.0,5,,,,,,,,
,,,,,39593,5.0,5,,,,,,,,
,,,,,39597,4.0,4,,,,,,,,
,,,,,39614,17.0,17,,,,,,,,
,,,,,39627,13.0,13,,,,,,,,
,,,,,39630,3.0,3,,,,,,,,
,,,,,39634,4.0,4,,,,,,,,
,,,,,39640,6.0,6,,,,,,,,
,,,,,39644,4.0,4,,,,,,,,
,,,,,39650,6.0,6,,,,,,,,
,,,,,39655,5.0,5,,,,,,,,
,,,,,39660,5.0,5,,,,,,,,
,,,,,39666,6.0,6,,,,,,,,
,,,,,39670,4.0,4,,,,,,,,
,,,,,39675,5.0,5,,,,,,,,
,,,,,39681,6.0,6,,,,,,,,
,,,,,39686,5.0,5,,,,,,,,
,,,,,39689,3.0,3,,,,,,,,
,,,,,39695,6.0,6,,,,,,,,
,,,,,39700,5.0,5,,,,,,,,
,,,,,39705,5.0,5,,,,,,,,
,,,,,39710,5.0,5,,,,,,,,
,,,,,39717,7.0,7,,,,,,,,
,,,,,39725,8.0,8,,,,,,,,
,,,,,39731,6.0,6,,,,,,,,
,,,,,39739,8.0,8,,,,,,,,
,,,,,39744,5.0,5,,,,,,,,
,,,,,39750,6.0,6,,,,,,,,
,,,,,39753,3.0,3,,,,,,,,
,,,,,39757,4.0,4,,,,,,,,
,,,,,39762,5.0,5,,,,,,,,
,,,,,39767,5.0,5,,,,,,,,
,,,,,39772,5.0,5,,,,,,,,
,,,,,39778,6.0,6,,,,,,,,
,,,,,39784,6.0,6,,,,,,,,
,,,,,39788,4.0,4,,,,,,,,
,,,,,39805,17.0,17,,,,,,,,
,,,,,39812,7.0,7,,,,,,,,
,,,,,39817,5.0,5,,,,,,,,
,,,,,39824,7.0,7,,,,,,,,
,,,,,39830,6.0,6,,,,,,,,
,,,,,39835,5.0,5,,,,,,,,
,,,,,39845,10.0,10,,,,,,,,
,,,,,39848,3.0,3,,,,,,,,
,,,,,39854,6.0,6,,,,,,,,
,,,,,39860,6.0,6,,,,,,,,
,,,,,39866,6.0,6,,,,,,,,
,,,,,39872,6.0,6,,,,,,,,
,,,,,39876,4.0,4,,,,,,,,
,,,,,39881,5.0,5,,,,,,,,
,,,,,39890,9.0,9,,,,,,,,
,,,,,39895,5.0,5,,,,,,,,
,,,,,39900,5.0,5,,,,,,,,
,,,,,39905,5.0,5,,,,,,,,
,,,,,39910,5.0,5,,,,,,,,
,,,,,39914,4.0,4,,,,,,,,
,,,,,39922,8.0,8,,,,,,,,
,,,,,39927,5.0,5,,,,,,,,
,,,,,39934,7.0,7,,,,,,,,
,,,,,39941,7.0,7,,,,,,,,
,,,,,39946,5.0,5,,,,,,,,
,,,,,39954,8.0,8,,,,,,,,
,,,,,39957,3.0,3,,,,,,,,
,,,,,39960,3.0,3,,,,,,,,
,,,,,39965,5.0,5,,,,,,,,
,,,,,39971,6.0,6,,,,,,,,
,,,,,39989,18.0,18,,,,,,,,
,,,,,39994,5.0,5,,,,,,,,
,,,,,39999,5.0,5,,,,,,,,
6.7,2.7946377,12.0,3.0,6.7,40000,,,0.5517369508743286,-5.517369270324707,0.7872493267059326,5.433779239654541,5.480191230773926,0.0003,0.0003,0.1
,,,,,40005,6.0,6,,,,,,,,
,,,,,40010,5.0,5,,,,,,,,
,,,,,40016,6.0,6,,,,,,,,
,,,,,40022,6.0,6,,,,,,,,
,,,,,40029,7.0,7,,,,,,,,
,,,,,40033,4.0,4,,,,,,,,
,,,,,40039,6.0,6,,,,,,,,
,,,,,40042,3.0,3,,,,,,,,
,,,,,40050,8.0,8,,,,,,,,
,,,,,40056,6.0,6,,,,,,,,
,,,,,40065,9.0,9,,,,,,,,
,,,,,40068,3.0,3,,,,,,,,
,,,,,40073,5.0,5,,,,,,,,
,,,,,40079,6.0,6,,,,,,,,
,,,,,40084,5.0,5,,,,,,,,
,,,,,40089,5.0,5,,,,,,,,
,,,,,40093,4.0,4,,,,,,,,
,,,,,40098,5.0,5,,,,,,,,
,,,,,40104,6.0,6,,,,,,,,
,,,,,40107,3.0,3,,,,,,,,
,,,,,40115,8.0,8,,,,,,,,
,,,,,40118,3.0,3,,,,,,,,
,,,,,40124,6.0,6,,,,,,,,
,,,,,40129,5.0,5,,,,,,,,
,,,,,40135,6.0,6,,,,,,,,
,,,,,40138,3.0,3,,,,,,,,
,,,,,40146,8.0,8,,,,,,,,
,,,,,40162,16.0,16,,,,,,,,
,,,,,40165,3.0,3,,,,,,,,
,,,,,40171,6.0,6,,,,,,,,
,,,,,40177,6.0,6,,,,,,,,
,,,,,40182,5.0,5,,,,,,,,
,,,,,40188,6.0,6,,,,,,,,
,,,,,40191,3.0,3,,,,,,,,
,,,,,40196,5.0,5,,,,,,,,
,,,,,40203,7.0,7,,,,,,,,
,,,,,40206,3.0,3,,,,,,,,
,,,,,40213,7.0,7,,,,,,,,
,,,,,40216,3.0,3,,,,,,,,
,,,,,40226,10.0,10,,,,,,,,
,,,,,40232,6.0,6,,,,,,,,
,,,,,40235,3.0,3,,,,,,,,
,,,,,40244,9.0,9,,,,,,,,
,,,,,40250,6.0,6,,,,,,,,
,,,,,40253,3.0,3,,,,,,,,
,,,,,40257,4.0,4,,,,,,,,
,,,,,40261,4.0,4,,,,,,,,
,,,,,40266,5.0,5,,,,,,,,
,,,,,40271,5.0,5,,,,,,,,
,,,,,40277,6.0,6,,,,,,,,
,,,,,40282,5.0,5,,,,,,,,
,,,,,40286,4.0,4,,,,,,,,
,,,,,40293,7.0,7,,,,,,,,
,,,,,40300,7.0,7,,,,,,,,
,,,,,40307,7.0,7,,,,,,,,
,,,,,40312,5.0,5,,,,,,,,
,,,,,40320,8.0,8,,,,,,,,
,,,,,40326,6.0,6,,,,,,,,
,,,,,40331,5.0,5,,,,,,,,
,,,,,40334,3.0,3,,,,,,,,
,,,,,40340,6.0,6,,,,,,,,
,,,,,40345,5.0,5,,,,,,,,
,,,,,40353,8.0,8,,,,,,,,
,,,,,40362,9.0,9,,,,,,,,
,,,,,40369,7.0,7,,,,,,,,
,,,,,40375,6.0,6,,,,,,,,
,,,,,40386,11.0,11,,,,,,,,
,,,,,40391,5.0,5,,,,,,,,
,,,,,40394,3.0,3,,,,,,,,
,,,,,40400,6.0,6,,,,,,,,
,,,,,40405,5.0,5,,,,,,,,
,,,,,40411,6.0,6,,,,,,,,
,,,,,40416,5.0,5,,,,,,,,
,,,,,40421,5.0,5,,,,,,,,
,,,,,40426,5.0,5,,,,,,,,
,,,,,40433,7.0,7,,,,,,,,
,,,,,40439,6.0,6,,,,,,,,
,,,,,40442,3.0,3,,,,,,,,
,,,,,40448,6.0,6,,,,,,,,
,,,,,40451,3.0,3,,,,,,,,
,,,,,40458,7.0,7,,,,,,,,
,,,,,40464,6.0,6,,,,,,,,
,,,,,40470,6.0,6,,,,,,,,
,,,,,40476,6.0,6,,,,,,,,
,,,,,40480,4.0,4,,,,,,,,
,,,,,40486,6.0,6,,,,,,,,
,,,,,40493,7.0,7,,,,,,,,
,,,,,40501,8.0,8,,,,,,,,
,,,,,40510,9.0,9,,,,,,,,
,,,,,40519,9.0,9,,,,,,,,
,,,,,40523,4.0,4,,,,,,,,
,,,,,40526,3.0,3,,,,,,,,
,,,,,40531,5.0,5,,,,,,,,
,,,,,40538,7.0,7,,,,,,,,
,,,,,40543,5.0,5,,,,,,,,
,,,,,40549,6.0,6,,,,,,,,
,,,,,40558,9.0,9,,,,,,,,
,,,,,40561,3.0,3,,,,,,,,
,,,,,40564,3.0,3,,,,,,,,
,,,,,40569,5.0,5,,,,,,,,
,,,,,40573,4.0,4,,,,,,,,
,,,,,40576,3.0,3,,,,,,,,
,,,,,40579,3.0,3,,,,,,,,
,,,,,40582,3.0,3,,,,,,,,
,,,,,40585,3.0,3,,,,,,,,
,,,,,40592,7.0,7,,,,,,,,
,,,,,40595,3.0,3,,,,,,,,
,,,,,40602,7.0,7,,,,,,,,
,,,,,40607,5.0,5,,,,,,,,
,,,,,40612,5.0,5,,,,,,,,
,,,,,40619,7.0,7,,,,,,,,
,,,,,40626,7.0,7,,,,,,,,
,,,,,40631,5.0,5,,,,,,,,
,,,,,40639,8.0,8,,,,,,,,
,,,,,40646,7.0,7,,,,,,,,
,,,,,40651,5.0,5,,,,,,,,
,,,,,40657,6.0,6,,,,,,,,
,,,,,40663,6.0,6,,,,,,,,
,,,,,40669,6.0,6,,,,,,,,
,,,,,40675,6.0,6,,,,,,,,
,,,,,40680,5.0,5,,,,,,,,
,,,,,40683,3.0,3,,,,,,,,
,,,,,40691,8.0,8,,,,,,,,
,,,,,40698,7.0,7,,,,,,,,
,,,,,40701,3.0,3,,,,,,,,
,,,,,40707,6.0,6,,,,,,,,
,,,,,40710,3.0,3,,,,,,,,
,,,,,40716,6.0,6,,,,,,,,
,,,,,40719,3.0,3,,,,,,,,
,,,,,40725,6.0,6,,,,,,,,
,,,,,40728,3.0,3,,,,,,,,
,,,,,40734,6.0,6,,,,,,,,
,,,,,40740,6.0,6,,,,,,,,
,,,,,40746,6.0,6,,,,,,,,
,,,,,40753,7.0,7,,,,,,,,
,,,,,40757,4.0,4,,,,,,,,
,,,,,40760,3.0,3,,,,,,,,
,,,,,40764,4.0,4,,,,,,,,
,,,,,40774,10.0,10,,,,,,,,
,,,,,40778,4.0,4,,,,,,,,
,,,,,40784,6.0,6,,,,,,,,
,,,,,40789,5.0,5,,,,,,,,
,,,,,40793,4.0,4,,,,,,,,
,,,,,40801,8.0,8,,,,,,,,
,,,,,40808,7.0,7,,,,,,,,
,,,,,40814,6.0,6,,,,,,,,
,,,,,40820,6.0,6,,,,,,,,
,,,,,40823,3.0,3,,,,,,,,
,,,,,40830,7.0,7,,,,,,,,
,,,,,40835,5.0,5,,,,,,,,
,,,,,40841,6.0,6,,,,,,,,
,,,,,40844,3.0,3,,,,,,,,
,,,,,40853,9.0,9,,,,,,,,
,,,,,40859,6.0,6,,,,,,,,
,,,,,40862,3.0,3,,,,,,,,
,,,,,40868,6.0,6,,,,,,,,
,,,,,40871,3.0,3,,,,,,,,
,,,,,40874,3.0,3,,,,,,,,
,,,,,40878,4.0,4,,,,,,,,
,,,,,40883,5.0,5,,,,,,,,
,,,,,40889,6.0,6,,,,,,,,
,,,,,40895,6.0,6,,,,,,,,
,,,,,40898,3.0,3,,,,,,,,
,,,,,40901,3.0,3,,,,,,,,
,,,,,40906,5.0,5,,,,,,,,
,,,,,40909,3.0,3,,,,,,,,
,,,,,40913,4.0,4,,,,,,,,
,,,,,40916,3.0,3,,,,,,,,
,,,,,40920,4.0,4,,,,,,,,
,,,,,40926,6.0,6,,,,,,,,
,,,,,40929,3.0,3,,,,,,,,
,,,,,40932,3.0,3,,,,,,,,
,,,,,40938,6.0,6,,,,,,,,
,,,,,40941,3.0,3,,,,,,,,
,,,,,40948,7.0,7,,,,,,,,
,,,,,40952,4.0,4,,,,,,,,
,,,,,40960,8.0,8,,,,,,,,
,,,,,40968,8.0,8,,,,,,,,
,,,,,40974,6.0,6,,,,,,,,
,,,,,40980,6.0,6,,,,,,,,
,,,,,40987,7.0,7,,,,,,,,
,,,,,40991,4.0,4,,,,,,,,
,,,,,40998,7.0,7,,,,,,,,
,,,,,41000,,,0.5555200576782227,-5.555200576782227,0.5591680407524109,4.538356781005859,4.505824089050293,0.0003,0.0003,0.1
,,,,,41004,6.0,6,,,,,,,,
,,,,,41007,3.0,3,,,,,,,,
,,,,,41010,3.0,3,,,,,,,,
,,,,,41014,4.0,4,,,,,,,,
,,,,,41020,6.0,6,,,,,,,,
,,,,,41023,3.0,3,,,,,,,,
,,,,,41028,5.0,5,,,,,,,,
,,,,,41034,6.0,6,,,,,,,,
,,,,,41039,5.0,5,,,,,,,,
,,,,,41045,6.0,6,,,,,,,,
,,,,,41050,5.0,5,,,,,,,,
,,,,,41056,6.0,6,,,,,,,,
,,,,,41060,4.0,4,,,,,,,,
,,,,,41063,3.0,3,,,,,,,,
,,,,,41069,6.0,6,,,,,,,,
,,,,,41073,4.0,4,,,,,,,,
,,,,,41079,6.0,6,,,,,,,,
,,,,,41085,6.0,6,,,,,,,,
,,,,,41091,6.0,6,,,,,,,,
,,,,,41094,3.0,3,,,,,,,,
,,,,,41100,6.0,6,,,,,,,,
,,,,,41106,6.0,6,,,,,,,,
,,,,,41111,5.0,5,,,,,,,,
,,,,,41117,6.0,6,,,,,,,,
,,,,,41120,3.0,3,,,,,,,,
,,,,,41123,3.0,3,,,,,,,,
,,,,,41126,3.0,3,,,,,,,,
,,,,,41130,4.0,4,,,,,,,,
,,,,,41134,4.0,4,,,,,,,,
,,,,,41137,3.0,3,,,,,,,,
,,,,,41141,4.0,4,,,,,,,,
,,,,,41147,6.0,6,,,,,,,,
,,,,,41154,7.0,7,,,,,,,,
,,,,,41157,3.0,3,,,,,,,,
,,,,,41163,6.0,6,,,,,,,,
,,,,,41169,6.0,6,,,,,,,,
,,,,,41173,4.0,4,,,,,,,,
,,,,,41182,9.0,9,,,,,,,,
,,,,,41186,4.0,4,,,,,,,,
,,,,,41189,3.0,3,,,,,,,,
,,,,,41195,6.0,6,,,,,,,,
,,,,,41199,4.0,4,,,,,,,,
,,,,,41202,3.0,3,,,,,,,,
,,,,,41206,4.0,4,,,,,,,,
,,,,,41209,3.0,3,,,,,,,,
,,,,,41215,6.0,6,,,,,,,,
,,,,,41218,3.0,3,,,,,,,,
,,,,,41222,4.0,4,,,,,,,,
,,,,,41226,4.0,4,,,,,,,,
,,,,,41230,4.0,4,,,,,,,,
,,,,,41234,4.0,4,,,,,,,,
,,,,,41240,6.0,6,,,,,,,,
,,,,,41245,5.0,5,,,,,,,,
,,,,,41250,5.0,5,,,,,,,,
,,,,,41255,5.0,5,,,,,,,,
,,,,,41263,8.0,8,,,,,,,,
,,,,,41266,3.0,3,,,,,,,,
,,,,,41269,3.0,3,,,,,,,,
,,,,,41273,4.0,4,,,,,,,,
,,,,,41278,5.0,5,,,,,,,,
,,,,,41283,5.0,5,,,,,,,,
,,,,,41287,4.0,4,,,,,,,,
,,,,,41294,7.0,7,,,,,,,,
,,,,,41297,3.0,3,,,,,,,,
,,,,,41302,5.0,5,,,,,,,,
,,,,,41307,5.0,5,,,,,,,,
,,,,,41311,4.0,4,,,,,,,,
,,,,,41314,3.0,3,,,,,,,,
,,,,,41319,5.0,5,,,,,,,,
,,,,,41322,3.0,3,,,,,,,,
,,,,,41328,6.0,6,,,,,,,,
,,,,,41332,4.0,4,,,,,,,,
,,,,,41338,6.0,6,,,,,,,,
,,,,,41343,5.0,5,,,,,,,,
,,,,,41348,5.0,5,,,,,,,,
,,,,,41356,8.0,8,,,,,,,,
,,,,,41359,3.0,3,,,,,,,,
,,,,,41363,4.0,4,,,,,,,,
,,,,,41368,5.0,5,,,,,,,,
,,,,,41371,3.0,3,,,,,,,,
,,,,,41376,5.0,5,,,,,,,,
,,,,,41381,5.0,5,,,,,,,,
,,,,,41387,6.0,6,,,,,,,,
,,,,,41392,5.0,5,,,,,,,,
,,,,,41398,6.0,6,,,,,,,,
,,,,,41404,6.0,6,,,,,,,,
,,,,,41408,4.0,4,,,,,,,,
,,,,,41414,6.0,6,,,,,,,,
,,,,,41419,5.0,5,,,,,,,,
,,,,,41424,5.0,5,,,,,,,,
,,,,,41430,6.0,6,,,,,,,,
,,,,,41434,4.0,4,,,,,,,,
,,,,,41441,7.0,7,,,,,,,,
,,,,,41446,5.0,5,,,,,,,,
,,,,,41452,6.0,6,,,,,,,,
,,,,,41460,8.0,8,,,,,,,,
,,,,,41466,6.0,6,,,,,,,,
,,,,,41472,6.0,6,,,,,,,,
,,,,,41477,5.0,5,,,,,,,,
,,,,,41484,7.0,7,,,,,,,,
,,,,,41490,6.0,6,,,,,,,,
,,,,,41499,9.0,9,,,,,,,,
,,,,,41502,3.0,3,,,,,,,,
,,,,,41508,6.0,6,,,,,,,,
,,,,,41511,3.0,3,,,,,,,,
,,,,,41514,3.0,3,,,,,,,,
,,,,,41520,6.0,6,,,,,,,,
,,,,,41526,6.0,6,,,,,,,,
,,,,,41529,3.0,3,,,,,,,,
,,,,,41532,3.0,3,,,,,,,,
,,,,,41538,6.0,6,,,,,,,,
,,,,,41541,3.0,3,,,,,,,,
,,,,,41545,4.0,4,,,,,,,,
,,,,,41548,3.0,3,,,,,,,,
,,,,,41551,3.0,3,,,,,,,,
,,,,,41555,4.0,4,,,,,,,,
,,,,,41560,5.0,5,,,,,,,,
,,,,,41567,7.0,7,,,,,,,,
,,,,,41573,6.0,6,,,,,,,,
,,,,,41579,6.0,6,,,,,,,,
,,,,,41583,4.0,4,,,,,,,,
,,,,,41587,4.0,4,,,,,,,,
,,,,,41594,7.0,7,,,,,,,,
,,,,,41599,5.0,5,,,,,,,,
,,,,,41603,4.0,4,,,,,,,,
,,,,,41609,6.0,6,,,,,,,,
,,,,,41615,6.0,6,,,,,,,,
,,,,,41622,7.0,7,,,,,,,,
,,,,,41625,3.0,3,,,,,,,,
,,,,,41631,6.0,6,,,,,,,,
,,,,,41634,3.0,3,,,,,,,,
,,,,,41637,3.0,3,,,,,,,,
,,,,,41643,6.0,6,,,,,,,,
,,,,,41646,3.0,3,,,,,,,,
,,,,,41651,5.0,5,,,,,,,,
,,,,,41657,6.0,6,,,,,,,,
,,,,,41661,4.0,4,,,,,,,,
,,,,,41664,3.0,3,,,,,,,,
,,,,,41670,6.0,6,,,,,,,,
,,,,,41675,5.0,5,,,,,,,,
,,,,,41681,6.0,6,,,,,,,,
,,,,,41684,3.0,3,,,,,,,,
,,,,,41687,3.0,3,,,,,,,,
,,,,,41690,3.0,3,,,,,,,,
,,,,,41695,5.0,5,,,,,,,,
,,,,,41701,6.0,6,,,,,,,,
,,,,,41707,6.0,6,,,,,,,,
,,,,,41710,3.0,3,,,,,,,,
,,,,,41715,5.0,5,,,,,,,,
,,,,,41719,4.0,4,,,,,,,,
,,,,,41722,3.0,3,,,,,,,,
,,,,,41728,6.0,6,,,,,,,,
,,,,,41731,3.0,3,,,,,,,,
,,,,,41736,5.0,5,,,,,,,,
,,,,,41741,5.0,5,,,,,,,,
,,,,,41744,3.0,3,,,,,,,,
,,,,,41750,6.0,6,,,,,,,,
,,,,,41754,4.0,4,,,,,,,,
,,,,,41760,6.0,6,,,,,,,,
,,,,,41763,3.0,3,,,,,,,,
,,,,,41767,4.0,4,,,,,,,,
,,,,,41775,8.0,8,,,,,,,,
,,,,,41781,6.0,6,,,,,,,,
,,,,,41785,4.0,4,,,,,,,,
,,,,,41790,5.0,5,,,,,,,,
,,,,,41794,4.0,4,,,,,,,,
,,,,,41800,6.0,6,,,,,,,,
,,,,,41804,4.0,4,,,,,,,,
,,,,,41810,6.0,6,,,,,,,,
,,,,,41814,4.0,4,,,,,,,,
,,,,,41819,5.0,5,,,,,,,,
,,,,,41822,3.0,3,,,,,,,,
,,,,,41827,5.0,5,,,,,,,,
,,,,,41830,3.0,3,,,,,,,,
,,,,,41833,3.0,3,,,,,,,,
,,,,,41836,3.0,3,,,,,,,,
,,,,,41840,4.0,4,,,,,,,,
,,,,,41845,5.0,5,,,,,,,,
,,,,,41851,6.0,6,,,,,,,,
,,,,,41854,3.0,3,,,,,,,,
,,,,,41857,3.0,3,,,,,,,,
,,,,,41863,6.0,6,,,,,,,,
,,,,,41870,7.0,7,,,,,,,,
,,,,,41874,4.0,4,,,,,,,,
,,,,,41879,5.0,5,,,,,,,,
,,,,,41884,5.0,5,,,,,,,,
,,,,,41889,5.0,5,,,,,,,,
,,,,,41893,4.0,4,,,,,,,,
,,,,,41897,4.0,4,,,,,,,,
,,,,,41901,4.0,4,,,,,,,,
,,,,,41905,4.0,4,,,,,,,,
,,,,,41908,3.0,3,,,,,,,,
,,,,,41914,6.0,6,,,,,,,,
,,,,,41919,5.0,5,,,,,,,,
,,,,,41923,4.0,4,,,,,,,,
,,,,,41928,5.0,5,,,,,,,,
,,,,,41931,3.0,3,,,,,,,,
,,,,,41936,5.0,5,,,,,,,,
,,,,,41941,5.0,5,,,,,,,,
,,,,,41946,5.0,5,,,,,,,,
,,,,,41949,3.0,3,,,,,,,,
,,,,,41954,5.0,5,,,,,,,,
,,,,,41957,3.0,3,,,,,,,,
,,,,,41962,5.0,5,,,,,,,,
,,,,,41965,3.0,3,,,,,,,,
,,,,,41970,5.0,5,,,,,,,,
,,,,,41975,5.0,5,,,,,,,,
,,,,,41978,3.0,3,,,,,,,,
,,,,,41983,5.0,5,,,,,,,,
,,,,,41987,4.0,4,,,,,,,,
,,,,,41992,5.0,5,,,,,,,,
,,,,,41997,5.0,5,,,,,,,,
,,,,,42000,,,0.3848769962787628,-3.8487699031829834,0.3578169345855713,4.3980913162231445,4.338053226470947,0.0003,0.0003,0.1
,,,,,42001,4.0,4,,,,,,,,
,,,,,42005,4.0,4,,,,,,,,
,,,,,42009,4.0,4,,,,,,,,
,,,,,42012,3.0,3,,,,,,,,
,,,,,42015,3.0,3,,,,,,,,
,,,,,42019,4.0,4,,,,,,,,
,,,,,42024,5.0,5,,,,,,,,
,,,,,42030,6.0,6,,,,,,,,
,,,,,42036,6.0,6,,,,,,,,
,,,,,42039,3.0,3,,,,,,,,
,,,,,42044,5.0,5,,,,,,,,
,,,,,42049,5.0,5,,,,,,,,
,,,,,42055,6.0,6,,,,,,,,
,,,,,42061,6.0,6,,,,,,,,
,,,,,42066,5.0,5,,,,,,,,
,,,,,42071,5.0,5,,,,,,,,
,,,,,42075,4.0,4,,,,,,,,
,,,,,42080,5.0,5,,,,,,,,
,,,,,42085,5.0,5,,,,,,,,
,,,,,42089,4.0,4,,,,,,,,
,,,,,42094,5.0,5,,,,,,,,
,,,,,42097,3.0,3,,,,,,,,
,,,,,42102,5.0,5,,,,,,,,
,,,,,42107,5.0,5,,,,,,,,
,,,,,42113,6.0,6,,,,,,,,
,,,,,42116,3.0,3,,,,,,,,
,,,,,42119,3.0,3,,,,,,,,
,,,,,42122,3.0,3,,,,,,,,
,,,,,42126,4.0,4,,,,,,,,
,,,,,42131,5.0,5,,,,,,,,
,,,,,42137,6.0,6,,,,,,,,
,,,,,42142,5.0,5,,,,,,,,
,,,,,42147,5.0,5,,,,,,,,
,,,,,42152,5.0,5,,,,,,,,
,,,,,42155,3.0,3,,,,,,,,
,,,,,42158,3.0,3,,,,,,,,
,,,,,42162,4.0,4,,,,,,,,
,,,,,42167,5.0,5,,,,,,,,
,,,,,42172,5.0,5,,,,,,,,
,,,,,42175,3.0,3,,,,,,,,
,,,,,42180,5.0,5,,,,,,,,
,,,,,42185,5.0,5,,,,,,,,
,,,,,42190,5.0,5,,,,,,,,
,,,,,42195,5.0,5,,,,,,,,
,,,,,42200,5.0,5,,,,,,,,
,,,,,42205,5.0,5,,,,,,,,
,,,,,42210,5.0,5,,,,,,,,
,,,,,42213,3.0,3,,,,,,,,
,,,,,42218,5.0,5,,,,,,,,
,,,,,42221,3.0,3,,,,,,,,
,,,,,42226,5.0,5,,,,,,,,
,,,,,42232,6.0,6,,,,,,,,
,,,,,42237,5.0,5,,,,,,,,
,,,,,42242,5.0,5,,,,,,,,
,,,,,42246,4.0,4,,,,,,,,
,,,,,42251,5.0,5,,,,,,,,
,,,,,42256,5.0,5,,,,,,,,
,,,,,42261,5.0,5,,,,,,,,
,,,,,42266,5.0,5,,,,,,,,
,,,,,42271,5.0,5,,,,,,,,
,,,,,42276,5.0,5,,,,,,,,
,,,,,42280,4.0,4,,,,,,,,
,,,,,42284,4.0,4,,,,,,,,
,,,,,42289,5.0,5,,,,,,,,
,,,,,42294,5.0,5,,,,,,,,
,,,,,42297,3.0,3,,,,,,,,
,,,,,42302,5.0,5,,,,,,,,
,,,,,42305,3.0,3,,,,,,,,
,,,,,42310,5.0,5,,,,,,,,
,,,,,42316,6.0,6,,,,,,,,
,,,,,42320,4.0,4,,,,,,,,
,,,,,42323,3.0,3,,,,,,,,
,,,,,42328,5.0,5,,,,,,,,
,,,,,42331,3.0,3,,,,,,,,
,,,,,42335,4.0,4,,,,,,,,
,,,,,42340,5.0,5,,,,,,,,
,,,,,42343,3.0,3,,,,,,,,
,,,,,42348,5.0,5,,,,,,,,
,,,,,42351,3.0,3,,,,,,,,
,,,,,42358,7.0,7,,,,,,,,
,,,,,42363,5.0,5,,,,,,,,
,,,,,42366,3.0,3,,,,,,,,
,,,,,42371,5.0,5,,,,,,,,
,,,,,42375,4.0,4,,,,,,,,
,,,,,42379,4.0,4,,,,,,,,
,,,,,42384,5.0,5,,,,,,,,
,,,,,42389,5.0,5,,,,,,,,
,,,,,42394,5.0,5,,,,,,,,
,,,,,42399,5.0,5,,,,,,,,
,,,,,42410,11.0,11,,,,,,,,
,,,,,42414,4.0,4,,,,,,,,
,,,,,42417,3.0,3,,,,,,,,
,,,,,42422,5.0,5,,,,,,,,
,,,,,42426,4.0,4,,,,,,,,
,,,,,42435,9.0,9,,,,,,,,
,,,,,42440,5.0,5,,,,,,,,
,,,,,42445,5.0,5,,,,,,,,
,,,,,42450,5.0,5,,,,,,,,
,,,,,42453,3.0,3,,,,,,,,
,,,,,42458,5.0,5,,,,,,,,
,,,,,42463,5.0,5,,,,,,,,
,,,,,42471,8.0,8,,,,,,,,
,,,,,42476,5.0,5,,,,,,,,
,,,,,42480,4.0,4,,,,,,,,
,,,,,42483,3.0,3,,,,,,,,
,,,,,42488,5.0,5,,,,,,,,
,,,,,42493,5.0,5,,,,,,,,
,,,,,42503,10.0,10,,,,,,,,
,,,,,42506,3.0,3,,,,,,,,
,,,,,42511,5.0,5,,,,,,,,
,,,,,42516,5.0,5,,,,,,,,
,,,,,42520,4.0,4,,,,,,,,
,,,,,42523,3.0,3,,,,,,,,
,,,,,42527,4.0,4,,,,,,,,
,,,,,42531,4.0,4,,,,,,,,
,,,,,42534,3.0,3,,,,,,,,
,,,,,42539,5.0,5,,,,,,,,
,,,,,42542,3.0,3,,,,,,,,
,,,,,42547,5.0,5,,,,,,,,
,,,,,42552,5.0,5,,,,,,,,
,,,,,42557,5.0,5,,,,,,,,
,,,,,42562,5.0,5,,,,,,,,
,,,,,42567,5.0,5,,,,,,,,
,,,,,42572,5.0,5,,,,,,,,
,,,,,42577,5.0,5,,,,,,,,
,,,,,42580,3.0,3,,,,,,,,
,,,,,42585,5.0,5,,,,,,,,
,,,,,42590,5.0,5,,,,,,,,
,,,,,42595,5.0,5,,,,,,,,
,,,,,42598,3.0,3,,,,,,,,
,,,,,42603,5.0,5,,,,,,,,
,,,,,42606,3.0,3,,,,,,,,
,,,,,42611,5.0,5,,,,,,,,
,,,,,42615,4.0,4,,,,,,,,
,,,,,42620,5.0,5,,,,,,,,
,,,,,42625,5.0,5,,,,,,,,
,,,,,42630,5.0,5,,,,,,,,
,,,,,42635,5.0,5,,,,,,,,
,,,,,42640,5.0,5,,,,,,,,
,,,,,42647,7.0,7,,,,,,,,
,,,,,42650,3.0,3,,,,,,,,
,,,,,42655,5.0,5,,,,,,,,
,,,,,42662,7.0,7,,,,,,,,
,,,,,42667,5.0,5,,,,,,,,
,,,,,42672,5.0,5,,,,,,,,
,,,,,42678,6.0,6,,,,,,,,
,,,,,42682,4.0,4,,,,,,,,
,,,,,42686,4.0,4,,,,,,,,
,,,,,42689,3.0,3,,,,,,,,
,,,,,42695,6.0,6,,,,,,,,
,,,,,42700,5.0,5,,,,,,,,
,,,,,42705,5.0,5,,,,,,,,
,,,,,42708,3.0,3,,,,,,,,
,,,,,42713,5.0,5,,,,,,,,
,,,,,42718,5.0,5,,,,,,,,
,,,,,42723,5.0,5,,,,,,,,
,,,,,42728,5.0,5,,,,,,,,
,,,,,42732,4.0,4,,,,,,,,
,,,,,42738,6.0,6,,,,,,,,
,,,,,42741,3.0,3,,,,,,,,
,,,,,42745,4.0,4,,,,,,,,
,,,,,42754,9.0,9,,,,,,,,
,,,,,42760,6.0,6,,,,,,,,
,,,,,42764,4.0,4,,,,,,,,
,,,,,42769,5.0,5,,,,,,,,
,,,,,42775,6.0,6,,,,,,,,
,,,,,42780,5.0,5,,,,,,,,
,,,,,42783,3.0,3,,,,,,,,
,,,,,42789,6.0,6,,,,,,,,
,,,,,42795,6.0,6,,,,,,,,
,,,,,42798,3.0,3,,,,,,,,
,,,,,42803,5.0,5,,,,,,,,
,,,,,42807,4.0,4,,,,,,,,
,,,,,42811,4.0,4,,,,,,,,
,,,,,42818,7.0,7,,,,,,,,
,,,,,42823,5.0,5,,,,,,,,
,,,,,42828,5.0,5,,,,,,,,
,,,,,42831,3.0,3,,,,,,,,
,,,,,42836,5.0,5,,,,,,,,
,,,,,42841,5.0,5,,,,,,,,
,,,,,42845,4.0,4,,,,,,,,
,,,,,42849,4.0,4,,,,,,,,
,,,,,42854,5.0,5,,,,,,,,
,,,,,42859,5.0,5,,,,,,,,
,,,,,42862,3.0,3,,,,,,,,
,,,,,42869,7.0,7,,,,,,,,
,,,,,42873,4.0,4,,,,,,,,
,,,,,42876,3.0,3,,,,,,,,
,,,,,42883,7.0,7,,,,,,,,
,,,,,42889,6.0,6,,,,,,,,
,,,,,42893,4.0,4,,,,,,,,
,,,,,42898,5.0,5,,,,,,,,
,,,,,42901,3.0,3,,,,,,,,
,,,,,42905,4.0,4,,,,,,,,
,,,,,42908,3.0,3,,,,,,,,
,,,,,42912,4.0,4,,,,,,,,
,,,,,42917,5.0,5,,,,,,,,
,,,,,42922,5.0,5,,,,,,,,
,,,,,42926,4.0,4,,,,,,,,
,,,,,42932,6.0,6,,,,,,,,
,,,,,42936,4.0,4,,,,,,,,
,,,,,42942,6.0,6,,,,,,,,
,,,,,42945,3.0,3,,,,,,,,
,,,,,42950,5.0,5,,,,,,,,
,,,,,42954,4.0,4,,,,,,,,
,,,,,42959,5.0,5,,,,,,,,
,,,,,42966,7.0,7,,,,,,,,
,,,,,42974,8.0,8,,,,,,,,
,,,,,42979,5.0,5,,,,,,,,
,,,,,42982,3.0,3,,,,,,,,
,,,,,42987,5.0,5,,,,,,,,
,,,,,42993,6.0,6,,,,,,,,
,,,,,42999,6.0,6,,,,,,,,
,,,,,43000,,,0.49053969979286194,-4.905396938323975,0.4439075291156769,3.9343924522399902,3.9592103958129883,0.0003,0.0003,0.1
,,,,,43003,4.0,4,,,,,,,,
,,,,,43007,4.0,4,,,,,,,,
,,,,,43013,6.0,6,,,,,,,,
,,,,,43017,4.0,4,,,,,,,,
,,,,,43021,4.0,4,,,,,,,,
,,,,,43025,4.0,4,,,,,,,,
,,,,,43029,4.0,4,,,,,,,,
,,,,,43034,5.0,5,,,,,,,,
,,,,,43039,5.0,5,,,,,,,,
,,,,,43048,9.0,9,,,,,,,,
,,,,,43057,9.0,9,,,,,,,,
,,,,,43062,5.0,5,,,,,,,,
,,,,,43067,5.0,5,,,,,,,,
,,,,,43073,6.0,6,,,,,,,,
,,,,,43077,4.0,4,,,,,,,,
,,,,,43082,5.0,5,,,,,,,,
,,,,,43089,7.0,7,,,,,,,,
,,,,,43092,3.0,3,,,,,,,,
,,,,,43097,5.0,5,,,,,,,,
,,,,,43103,6.0,6,,,,,,,,
,,,,,43107,4.0,4,,,,,,,,
,,,,,43112,5.0,5,,,,,,,,
,,,,,43122,10.0,10,,,,,,,,
,,,,,43130,8.0,8,,,,,,,,
,,,,,43140,10.0,10,,,,,,,,
,,,,,43146,6.0,6,,,,,,,,
,,,,,43156,10.0,10,,,,,,,,
,,,,,43163,7.0,7,,,,,,,,
,,,,,43167,4.0,4,,,,,,,,
,,,,,43185,18.0,18,,,,,,,,
,,,,,43192,7.0,7,,,,,,,,
,,,,,43199,7.0,7,,,,,,,,
,,,,,43209,10.0,10,,,,,,,,
,,,,,43215,6.0,6,,,,,,,,
,,,,,43221,6.0,6,,,,,,,,
,,,,,43228,7.0,7,,,,,,,,
,,,,,43231,3.0,3,,,,,,,,
,,,,,43235,4.0,4,,,,,,,,
,,,,,43238,3.0,3,,,,,,,,
,,,,,43244,6.0,6,,,,,,,,
,,,,,43250,6.0,6,,,,,,,,
,,,,,43260,10.0,10,,,,,,,,
,,,,,43263,3.0,3,,,,,,,,
,,,,,43269,6.0,6,,,,,,,,
,,,,,43275,6.0,6,,,,,,,,
,,,,,43281,6.0,6,,,,,,,,
,,,,,43287,6.0,6,,,,,,,,
,,,,,43293,6.0,6,,,,,,,,
,,,,,43301,8.0,8,,,,,,,,
,,,,,43307,6.0,6,,,,,,,,
,,,,,43319,12.0,12,,,,,,,,
,,,,,43322,3.0,3,,,,,,,,
,,,,,43328,6.0,6,,,,,,,,
,,,,,43331,3.0,3,,,,,,,,
,,,,,43337,6.0,6,,,,,,,,
,,,,,43341,4.0,4,,,,,,,,
,,,,,43351,10.0,10,,,,,,,,
,,,,,43357,6.0,6,,,,,,,,
,,,,,43362,5.0,5,,,,,,,,
,,,,,43368,6.0,6,,,,,,,,
,,,,,43371,3.0,3,,,,,,,,
,,,,,43381,10.0,10,,,,,,,,
,,,,,43387,6.0,6,,,,,,,,
,,,,,43392,5.0,5,,,,,,,,
,,,,,43399,7.0,7,,,,,,,,
,,,,,43403,4.0,4,,,,,,,,
,,,,,43410,7.0,7,,,,,,,,
,,,,,43415,5.0,5,,,,,,,,
,,,,,43420,5.0,5,,,,,,,,
,,,,,43426,6.0,6,,,,,,,,
,,,,,43432,6.0,6,,,,,,,,
,,,,,43437,5.0,5,,,,,,,,
,,,,,43446,9.0,9,,,,,,,,
,,,,,43453,7.0,7,,,,,,,,
,,,,,43458,5.0,5,,,,,,,,
,,,,,43466,8.0,8,,,,,,,,
,,,,,43471,5.0,5,,,,,,,,
,,,,,43474,3.0,3,,,,,,,,
,,,,,43477,3.0,3,,,,,,,,
,,,,,43483,6.0,6,,,,,,,,
,,,,,43490,7.0,7,,,,,,,,
,,,,,43497,7.0,7,,,,,,,,
,,,,,43502,5.0,5,,,,,,,,
,,,,,43507,5.0,5,,,,,,,,
,,,,,43512,5.0,5,,,,,,,,
,,,,,43522,10.0,10,,,,,,,,
,,,,,43526,4.0,4,,,,,,,,
,,,,,43531,5.0,5,,,,,,,,
,,,,,43536,5.0,5,,,,,,,,
,,,,,43539,3.0,3,,,,,,,,
,,,,,43545,6.0,6,,,,,,,,
,,,,,43551,6.0,6,,,,,,,,
,,,,,43556,5.0,5,,,,,,,,
,,,,,43562,6.0,6,,,,,,,,
,,,,,43565,3.0,3,,,,,,,,
,,,,,43568,3.0,3,,,,,,,,
,,,,,43574,6.0,6,,,,,,,,
,,,,,43579,5.0,5,,,,,,,,
,,,,,43582,3.0,3,,,,,,,,
,,,,,43586,4.0,4,,,,,,,,
,,,,,43592,6.0,6,,,,,,,,
,,,,,43598,6.0,6,,,,,,,,
,,,,,43604,6.0,6,,,,,,,,
,,,,,43630,26.0,26,,,,,,,,
,,,,,43634,4.0,4,,,,,,,,
,,,,,43646,12.0,12,,,,,,,,
,,,,,43652,6.0,6,,,,,,,,
,,,,,43657,5.0,5,,,,,,,,
,,,,,43662,5.0,5,,,,,,,,
,,,,,43667,5.0,5,,,,,,,,
,,,,,43674,7.0,7,,,,,,,,
,,,,,43679,5.0,5,,,,,,,,
,,,,,43684,5.0,5,,,,,,,,
,,,,,43691,7.0,7,,,,,,,,
,,,,,43697,6.0,6,,,,,,,,
,,,,,43701,4.0,4,,,,,,,,
,,,,,43706,5.0,5,,,,,,,,
,,,,,43709,3.0,3,,,,,,,,
,,,,,43712,3.0,3,,,,,,,,
,,,,,43715,3.0,3,,,,,,,,
,,,,,43721,6.0,6,,,,,,,,
,,,,,43726,5.0,5,,,,,,,,
,,,,,43732,6.0,6,,,,,,,,
,,,,,43735,3.0,3,,,,,,,,
,,,,,43741,6.0,6,,,,,,,,
,,,,,43746,5.0,5,,,,,,,,
,,,,,43752,6.0,6,,,,,,,,
,,,,,43765,13.0,13,,,,,,,,
,,,,,43770,5.0,5,,,,,,,,
,,,,,43775,5.0,5,,,,,,,,
,,,,,43782,7.0,7,,,,,,,,
,,,,,43788,6.0,6,,,,,,,,
,,,,,43793,5.0,5,,,,,,,,
,,,,,43798,5.0,5,,,,,,,,
,,,,,43802,4.0,4,,,,,,,,
,,,,,43807,5.0,5,,,,,,,,
,,,,,43811,4.0,4,,,,,,,,
,,,,,43816,5.0,5,,,,,,,,
,,,,,43819,3.0,3,,,,,,,,
,,,,,43823,4.0,4,,,,,,,,
,,,,,43829,6.0,6,,,,,,,,
,,,,,43834,5.0,5,,,,,,,,
,,,,,43838,4.0,4,,,,,,,,
,,,,,43843,5.0,5,,,,,,,,
,,,,,43848,5.0,5,,,,,,,,
,,,,,43854,6.0,6,,,,,,,,
,,,,,43861,7.0,7,,,,,,,,
,,,,,43866,5.0,5,,,,,,,,
,,,,,43872,6.0,6,,,,,,,,
,,,,,43875,3.0,3,,,,,,,,
,,,,,43880,5.0,5,,,,,,,,
,,,,,43885,5.0,5,,,,,,,,
,,,,,43890,5.0,5,,,,,,,,
,,,,,43894,4.0,4,,,,,,,,
,,,,,43899,5.0,5,,,,,,,,
,,,,,43904,5.0,5,,,,,,,,
,,,,,43909,5.0,5,,,,,,,,
,,,,,43916,7.0,7,,,,,,,,
,,,,,43921,5.0,5,,,,,,,,
,,,,,43926,5.0,5,,,,,,,,
,,,,,43931,5.0,5,,,,,,,,
,,,,,43939,8.0,8,,,,,,,,
,,,,,43944,5.0,5,,,,,,,,
,,,,,43948,4.0,4,,,,,,,,
,,,,,43953,5.0,5,,,,,,,,
,,,,,43958,5.0,5,,,,,,,,
,,,,,43963,5.0,5,,,,,,,,
,,,,,43968,5.0,5,,,,,,,,
,,,,,43972,4.0,4,,,,,,,,
,,,,,43977,5.0,5,,,,,,,,
,,,,,43981,4.0,4,,,,,,,,
,,,,,43986,5.0,5,,,,,,,,
,,,,,43991,5.0,5,,,,,,,,
,,,,,43996,5.0,5,,,,,,,,
,,,,,44000,,,0.5949298739433289,-5.949298858642578,0.28042879700660706,3.948029041290283,3.9679298400878906,0.0003,0.0003,0.1
,,,,,44001,5.0,5,,,,,,,,
,,,,,44005,4.0,4,,,,,,,,
,,,,,44009,4.0,4,,,,,,,,
,,,,,44014,5.0,5,,,,,,,,
,,,,,44019,5.0,5,,,,,,,,
,,,,,44024,5.0,5,,,,,,,,
,,,,,44029,5.0,5,,,,,,,,
,,,,,44033,4.0,4,,,,,,,,
,,,,,44038,5.0,5,,,,,,,,
,,,,,44043,5.0,5,,,,,,,,
,,,,,44048,5.0,5,,,,,,,,
,,,,,44053,5.0,5,,,,,,,,
,,,,,44058,5.0,5,,,,,,,,
,,,,,44063,5.0,5,,,,,,,,
,,,,,44068,5.0,5,,,,,,,,
,,,,,44080,12.0,12,,,,,,,,
,,,,,44085,5.0,5,,,,,,,,
,,,,,44090,5.0,5,,,,,,,,
,,,,,44095,5.0,5,,,,,,,,
,,,,,44098,3.0,3,,,,,,,,
,,,,,44101,3.0,3,,,,,,,,
,,,,,44106,5.0,5,,,,,,,,
,,,,,44111,5.0,5,,,,,,,,
,,,,,44114,3.0,3,,,,,,,,
,,,,,44119,5.0,5,,,,,,,,
,,,,,44124,5.0,5,,,,,,,,
,,,,,44129,5.0,5,,,,,,,,
,,,,,44134,5.0,5,,,,,,,,
,,,,,44139,5.0,5,,,,,,,,
,,,,,44143,4.0,4,,,,,,,,
,,,,,44147,4.0,4,,,,,,,,
,,,,,44152,5.0,5,,,,,,,,
,,,,,44157,5.0,5,,,,,,,,
,,,,,44162,5.0,5,,,,,,,,
,,,,,44167,5.0,5,,,,,,,,
,,,,,44172,5.0,5,,,,,,,,
,,,,,44177,5.0,5,,,,,,,,
,,,,,44182,5.0,5,,,,,,,,
,,,,,44188,6.0,6,,,,,,,,
,,,,,44193,5.0,5,,,,,,,,
,,,,,44198,5.0,5,,,,,,,,
,,,,,44201,3.0,3,,,,,,,,
,,,,,44206,5.0,5,,,,,,,,
,,,,,44211,5.0,5,,,,,,,,
,,,,,44216,5.0,5,,,,,,,,
,,,,,44221,5.0,5,,,,,,,,
,,,,,44224,3.0,3,,,,,,,,
,,,,,44229,5.0,5,,,,,,,,
,,,,,44234,5.0,5,,,,,,,,
,,,,,44242,8.0,8,,,,,,,,
,,,,,44247,5.0,5,,,,,,,,
,,,,,44252,5.0,5,,,,,,,,
,,,,,44257,5.0,5,,,,,,,,
,,,,,44261,4.0,4,,,,,,,,
,,,,,44264,3.0,3,,,,,,,,
,,,,,44269,5.0,5,,,,,,,,
,,,,,44272,3.0,3,,,,,,,,
,,,,,44279,7.0,7,,,,,,,,
,,,,,44283,4.0,4,,,,,,,,
,,,,,44288,5.0,5,,,,,,,,
,,,,,44293,5.0,5,,,,,,,,
,,,,,44298,5.0,5,,,,,,,,
,,,,,44303,5.0,5,,,,,,,,
,,,,,44308,5.0,5,,,,,,,,
,,,,,44313,5.0,5,,,,,,,,
,,,,,44317,4.0,4,,,,,,,,
,,,,,44321,4.0,4,,,,,,,,
,,,,,44326,5.0,5,,,,,,,,
,,,,,44331,5.0,5,,,,,,,,
,,,,,44335,4.0,4,,,,,,,,
,,,,,44340,5.0,5,,,,,,,,
,,,,,44344,4.0,4,,,,,,,,
,,,,,44349,5.0,5,,,,,,,,
,,,,,44352,3.0,3,,,,,,,,
,,,,,44357,5.0,5,,,,,,,,
,,,,,44362,5.0,5,,,,,,,,
,,,,,44365,3.0,3,,,,,,,,
,,,,,44370,5.0,5,,,,,,,,
,,,,,44374,4.0,4,,,,,,,,
,,,,,44379,5.0,5,,,,,,,,
,,,,,44382,3.0,3,,,,,,,,
,,,,,44385,3.0,3,,,,,,,,
,,,,,44388,3.0,3,,,,,,,,
,,,,,44393,5.0,5,,,,,,,,
,,,,,44397,4.0,4,,,,,,,,
,,,,,44402,5.0,5,,,,,,,,
,,,,,44407,5.0,5,,,,,,,,
,,,,,44412,5.0,5,,,,,,,,
,,,,,44415,3.0,3,,,,,,,,
,,,,,44421,6.0,6,,,,,,,,
,,,,,44426,5.0,5,,,,,,,,
,,,,,44432,6.0,6,,,,,,,,
,,,,,44438,6.0,6,,,,,,,,
,,,,,44443,5.0,5,,,,,,,,
,,,,,44447,4.0,4,,,,,,,,
,,,,,44452,5.0,5,,,,,,,,
,,,,,44455,3.0,3,,,,,,,,
,,,,,44460,5.0,5,,,,,,,,
,,,,,44465,5.0,5,,,,,,,,
,,,,,44470,5.0,5,,,,,,,,
,,,,,44473,3.0,3,,,,,,,,
,,,,,44477,4.0,4,,,,,,,,
,,,,,44482,5.0,5,,,,,,,,
,,,,,44487,5.0,5,,,,,,,,
,,,,,44492,5.0,5,,,,,,,,
,,,,,44497,5.0,5,,,,,,,,
,,,,,44502,5.0,5,,,,,,,,
,,,,,44510,8.0,8,,,,,,,,
,,,,,44515,5.0,5,,,,,,,,
,,,,,44520,5.0,5,,,,,,,,
,,,,,44523,3.0,3,,,,,,,,
,,,,,44527,4.0,4,,,,,,,,
,,,,,44530,3.0,3,,,,,,,,
,,,,,44533,3.0,3,,,,,,,,
,,,,,44538,5.0,5,,,,,,,,
,,,,,44548,10.0,10,,,,,,,,
,,,,,44553,5.0,5,,,,,,,,
,,,,,44556,3.0,3,,,,,,,,
,,,,,44561,5.0,5,,,,,,,,
,,,,,44566,5.0,5,,,,,,,,
,,,,,44570,4.0,4,,,,,,,,
,,,,,44575,5.0,5,,,,,,,,
,,,,,44579,4.0,4,,,,,,,,
,,,,,44586,7.0,7,,,,,,,,
,,,,,44590,4.0,4,,,,,,,,
,,,,,44595,5.0,5,,,,,,,,
,,,,,44600,5.0,5,,,,,,,,
,,,,,44604,4.0,4,,,,,,,,
,,,,,44609,5.0,5,,,,,,,,
,,,,,44614,5.0,5,,,,,,,,
,,,,,44619,5.0,5,,,,,,,,
,,,,,44624,5.0,5,,,,,,,,
,,,,,44629,5.0,5,,,,,,,,
,,,,,44634,5.0,5,,,,,,,,
,,,,,44638,4.0,4,,,,,,,,
,,,,,44642,4.0,4,,,,,,,,
,,,,,44647,5.0,5,,,,,,,,
,,,,,44652,5.0,5,,,,,,,,
,,,,,44657,5.0,5,,,,,,,,
,,,,,44662,5.0,5,,,,,,,,
,,,,,44665,3.0,3,,,,,,,,
,,,,,44673,8.0,8,,,,,,,,
,,,,,44676,3.0,3,,,,,,,,
,,,,,44681,5.0,5,,,,,,,,
,,,,,44686,5.0,5,,,,,,,,
,,,,,44690,4.0,4,,,,,,,,
,,,,,44694,4.0,4,,,,,,,,
,,,,,44700,6.0,6,,,,,,,,
,,,,,44705,5.0,5,,,,,,,,
,,,,,44709,4.0,4,,,,,,,,
,,,,,44714,5.0,5,,,,,,,,
,,,,,44719,5.0,5,,,,,,,,
,,,,,44723,4.0,4,,,,,,,,
,,,,,44730,7.0,7,,,,,,,,
,,,,,44735,5.0,5,,,,,,,,
,,,,,44740,5.0,5,,,,,,,,
,,,,,44745,5.0,5,,,,,,,,
,,,,,44750,5.0,5,,,,,,,,
,,,,,44754,4.0,4,,,,,,,,
,,,,,44758,4.0,4,,,,,,,,
,,,,,44762,4.0,4,,,,,,,,
,,,,,44767,5.0,5,,,,,,,,
,,,,,44770,3.0,3,,,,,,,,
,,,,,44775,5.0,5,,,,,,,,
,,,,,44780,5.0,5,,,,,,,,
,,,,,44785,5.0,5,,,,,,,,
,,,,,44790,5.0,5,,,,,,,,
,,,,,44795,5.0,5,,,,,,,,
,,,,,44800,5.0,5,,,,,,,,
,,,,,44805,5.0,5,,,,,,,,
,,,,,44810,5.0,5,,,,,,,,
,,,,,44813,3.0,3,,,,,,,,
,,,,,44816,3.0,3,,,,,,,,
,,,,,44821,5.0,5,,,,,,,,
,,,,,44826,5.0,5,,,,,,,,
,,,,,44831,5.0,5,,,,,,,,
,,,,,44836,5.0,5,,,,,,,,
,,,,,44841,5.0,5,,,,,,,,
,,,,,44846,5.0,5,,,,,,,,
,,,,,44851,5.0,5,,,,,,,,
,,,,,44856,5.0,5,,,,,,,,
,,,,,44860,4.0,4,,,,,,,,
,,,,,44865,5.0,5,,,,,,,,
,,,,,44870,5.0,5,,,,,,,,
,,,,,44875,5.0,5,,,,,,,,
,,,,,44878,3.0,3,,,,,,,,
,,,,,44883,5.0,5,,,,,,,,
,,,,,44888,5.0,5,,,,,,,,
,,,,,44893,5.0,5,,,,,,,,
,,,,,44898,5.0,5,,,,,,,,
,,,,,44904,6.0,6,,,,,,,,
,,,,,44909,5.0,5,,,,,,,,
,,,,,44914,5.0,5,,,,,,,,
,,,,,44926,12.0,12,,,,,,,,
,,,,,44931,5.0,5,,,,,,,,
,,,,,44934,3.0,3,,,,,,,,
,,,,,44939,5.0,5,,,,,,,,
,,,,,44944,5.0,5,,,,,,,,
,,,,,44949,5.0,5,,,,,,,,
,,,,,44954,5.0,5,,,,,,,,
,,,,,44958,4.0,4,,,,,,,,
,,,,,44963,5.0,5,,,,,,,,
,,,,,44968,5.0,5,,,,,,,,
,,,,,44973,5.0,5,,,,,,,,
,,,,,44977,4.0,4,,,,,,,,
,,,,,44982,5.0,5,,,,,,,,
,,,,,44986,4.0,4,,,,,,,,
,,,,,44991,5.0,5,,,,,,,,
,,,,,44995,4.0,4,,,,,,,,
,,,,,45000,5.0,5,,,,,,,,
4.8,0.4,5.0,4.0,4.8,45000,,,0.7863789200782776,-7.863789081573486,0.28681373596191406,3.3466811180114746,3.2373714447021484,0.0003,0.0003,0.1
,,,,,45005,5.0,5,,,,,,,,
,,,,,45009,4.0,4,,,,,,,,
,,,,,45013,4.0,4,,,,,,,,
,,,,,45018,5.0,5,,,,,,,,
,,,,,45023,5.0,5,,,,,,,,
,,,,,45027,4.0,4,,,,,,,,
,,,,,45032,5.0,5,,,,,,,,
,,,,,45037,5.0,5,,,,,,,,
,,,,,45042,5.0,5,,,,,,,,
,,,,,45047,5.0,5,,,,,,,,
,,,,,45052,5.0,5,,,,,,,,
,,,,,45057,5.0,5,,,,,,,,
,,,,,45060,3.0,3,,,,,,,,
,,,,,45065,5.0,5,,,,,,,,
,,,,,45068,3.0,3,,,,,,,,
,,,,,45073,5.0,5,,,,,,,,
,,,,,45077,4.0,4,,,,,,,,
,,,,,45082,5.0,5,,,,,,,,
,,,,,45087,5.0,5,,,,,,,,
,,,,,45091,4.0,4,,,,,,,,
,,,,,45094,3.0,3,,,,,,,,
,,,,,45098,4.0,4,,,,,,,,
,,,,,45103,5.0,5,,,,,,,,
,,,,,45108,5.0,5,,,,,,,,
,,,,,45113,5.0,5,,,,,,,,
,,,,,45118,5.0,5,,,,,,,,
,,,,,45123,5.0,5,,,,,,,,
,,,,,45128,5.0,5,,,,,,,,
,,,,,45133,5.0,5,,,,,,,,
,,,,,45138,5.0,5,,,,,,,,
,,,,,45142,4.0,4,,,,,,,,
,,,,,45145,3.0,3,,,,,,,,
,,,,,45150,5.0,5,,,,,,,,
,,,,,45155,5.0,5,,,,,,,,
,,,,,45160,5.0,5,,,,,,,,
,,,,,45164,4.0,4,,,,,,,,
,,,,,45169,5.0,5,,,,,,,,
,,,,,45174,5.0,5,,,,,,,,
,,,,,45185,11.0,11,,,,,,,,
,,,,,45190,5.0,5,,,,,,,,
,,,,,45195,5.0,5,,,,,,,,
,,,,,45200,5.0,5,,,,,,,,
,,,,,45205,5.0,5,,,,,,,,
,,,,,45210,5.0,5,,,,,,,,
,,,,,45215,5.0,5,,,,,,,,
,,,,,45220,5.0,5,,,,,,,,
,,,,,45225,5.0,5,,,,,,,,
,,,,,45229,4.0,4,,,,,,,,
,,,,,45234,5.0,5,,,,,,,,
,,,,,45238,4.0,4,,,,,,,,
,,,,,45243,5.0,5,,,,,,,,
,,,,,45248,5.0,5,,,,,,,,
,,,,,45253,5.0,5,,,,,,,,
,,,,,45257,4.0,4,,,,,,,,
,,,,,45262,5.0,5,,,,,,,,
,,,,,45267,5.0,5,,,,,,,,
,,,,,45274,7.0,7,,,,,,,,
,,,,,45279,5.0,5,,,,,,,,
,,,,,45284,5.0,5,,,,,,,,
,,,,,45289,5.0,5,,,,,,,,
,,,,,45294,5.0,5,,,,,,,,
,,,,,45299,5.0,5,,,,,,,,
,,,,,45306,7.0,7,,,,,,,,
,,,,,45310,4.0,4,,,,,,,,
,,,,,45313,3.0,3,,,,,,,,
,,,,,45317,4.0,4,,,,,,,,
,,,,,45321,4.0,4,,,,,,,,
,,,,,45326,5.0,5,,,,,,,,
,,,,,45330,4.0,4,,,,,,,,
,,,,,45335,5.0,5,,,,,,,,
,,,,,45340,5.0,5,,,,,,,,
,,,,,45344,4.0,4,,,,,,,,
,,,,,45350,6.0,6,,,,,,,,
,,,,,45355,5.0,5,,,,,,,,
,,,,,45360,5.0,5,,,,,,,,
,,,,,45365,5.0,5,,,,,,,,
,,,,,45370,5.0,5,,,,,,,,
,,,,,45375,5.0,5,,,,,,,,
,,,,,45380,5.0,5,,,,,,,,
,,,,,45385,5.0,5,,,,,,,,
,,,,,45389,4.0,4,,,,,,,,
,,,,,45394,5.0,5,,,,,,,,
,,,,,45399,5.0,5,,,,,,,,
,,,,,45404,5.0,5,,,,,,,,
,,,,,45409,5.0,5,,,,,,,,
,,,,,45414,5.0,5,,,,,,,,
,,,,,45418,4.0,4,,,,,,,,
,,,,,45422,4.0,4,,,,,,,,
,,,,,45427,5.0,5,,,,,,,,
,,,,,45430,3.0,3,,,,,,,,
,,,,,45435,5.0,5,,,,,,,,
,,,,,45439,4.0,4,,,,,,,,
,,,,,45444,5.0,5,,,,,,,,
,,,,,45449,5.0,5,,,,,,,,
,,,,,45452,3.0,3,,,,,,,,
,,,,,45456,4.0,4,,,,,,,,
,,,,,45461,5.0,5,,,,,,,,
,,,,,45465,4.0,4,,,,,,,,
,,,,,45470,5.0,5,,,,,,,,
,,,,,45474,4.0,4,,,,,,,,
,,,,,45479,5.0,5,,,,,,,,
,,,,,45483,4.0,4,,,,,,,,
,,,,,45487,4.0,4,,,,,,,,
,,,,,45492,5.0,5,,,,,,,,
,,,,,45497,5.0,5,,,,,,,,
,,,,,45502,5.0,5,,,,,,,,
,,,,,45507,5.0,5,,,,,,,,
,,,,,45512,5.0,5,,,,,,,,
,,,,,45515,3.0,3,,,,,,,,
,,,,,45520,5.0,5,,,,,,,,
,,,,,45525,5.0,5,,,,,,,,
,,,,,45529,4.0,4,,,,,,,,
,,,,,45534,5.0,5,,,,,,,,
,,,,,45539,5.0,5,,,,,,,,
,,,,,45544,5.0,5,,,,,,,,
,,,,,45549,5.0,5,,,,,,,,
,,,,,45554,5.0,5,,,,,,,,
,,,,,45557,3.0,3,,,,,,,,
,,,,,45562,5.0,5,,,,,,,,
,,,,,45567,5.0,5,,,,,,,,
,,,,,45573,6.0,6,,,,,,,,
,,,,,45577,4.0,4,,,,,,,,
,,,,,45582,5.0,5,,,,,,,,
,,,,,45586,4.0,4,,,,,,,,
,,,,,45591,5.0,5,,,,,,,,
,,,,,45594,3.0,3,,,,,,,,
,,,,,45597,3.0,3,,,,,,,,
,,,,,45602,5.0,5,,,,,,,,
,,,,,45607,5.0,5,,,,,,,,
,,,,,45610,3.0,3,,,,,,,,
,,,,,45615,5.0,5,,,,,,,,
,,,,,45620,5.0,5,,,,,,,,
,,,,,45624,4.0,4,,,,,,,,
,,,,,45629,5.0,5,,,,,,,,
,,,,,45634,5.0,5,,,,,,,,
,,,,,45639,5.0,5,,,,,,,,
,,,,,45644,5.0,5,,,,,,,,
,,,,,45651,7.0,7,,,,,,,,
,,,,,45656,5.0,5,,,,,,,,
,,,,,45661,5.0,5,,,,,,,,
,,,,,45666,5.0,5,,,,,,,,
,,,,,45670,4.0,4,,,,,,,,
,,,,,45675,5.0,5,,,,,,,,
,,,,,45679,4.0,4,,,,,,,,
,,,,,45683,4.0,4,,,,,,,,
,,,,,45686,3.0,3,,,,,,,,
,,,,,45689,3.0,3,,,,,,,,
,,,,,45692,3.0,3,,,,,,,,
,,,,,45695,3.0,3,,,,,,,,
,,,,,45698,3.0,3,,,,,,,,
,,,,,45703,5.0,5,,,,,,,,
,,,,,45708,5.0,5,,,,,,,,
,,,,,45713,5.0,5,,,,,,,,
,,,,,45718,5.0,5,,,,,,,,
,,,,,45723,5.0,5,,,,,,,,
,,,,,45728,5.0,5,,,,,,,,
,,,,,45732,4.0,4,,,,,,,,
,,,,,45735,3.0,3,,,,,,,,
,,,,,45739,4.0,4,,,,,,,,
,,,,,45743,4.0,4,,,,,,,,
,,,,,45747,4.0,4,,,,,,,,
,,,,,45752,5.0,5,,,,,,,,
,,,,,45757,5.0,5,,,,,,,,
,,,,,45762,5.0,5,,,,,,,,
,,,,,45766,4.0,4,,,,,,,,
,,,,,45770,4.0,4,,,,,,,,
,,,,,45775,5.0,5,,,,,,,,
,,,,,45780,5.0,5,,,,,,,,
,,,,,45784,4.0,4,,,,,,,,
,,,,,45787,3.0,3,,,,,,,,
,,,,,45792,5.0,5,,,,,,,,
,,,,,45797,5.0,5,,,,,,,,
,,,,,45800,3.0,3,,,,,,,,
,,,,,45805,5.0,5,,,,,,,,
,,,,,45808,3.0,3,,,,,,,,
,,,,,45813,5.0,5,,,,,,,,
,,,,,45816,3.0,3,,,,,,,,
,,,,,45821,5.0,5,,,,,,,,
,,,,,45827,6.0,6,,,,,,,,
,,,,,45832,5.0,5,,,,,,,,
,,,,,45836,4.0,4,,,,,,,,
,,,,,45839,3.0,3,,,,,,,,
,,,,,45844,5.0,5,,,,,,,,
,,,,,45847,3.0,3,,,,,,,,
,,,,,45851,4.0,4,,,,,,,,
,,,,,45856,5.0,5,,,,,,,,
,,,,,45859,3.0,3,,,,,,,,
,,,,,45864,5.0,5,,,,,,,,
,,,,,45869,5.0,5,,,,,,,,
,,,,,45874,5.0,5,,,,,,,,
,,,,,45879,5.0,5,,,,,,,,
,,,,,45884,5.0,5,,,,,,,,
,,,,,45889,5.0,5,,,,,,,,
,,,,,45894,5.0,5,,,,,,,,
,,,,,45899,5.0,5,,,,,,,,
,,,,,45904,5.0,5,,,,,,,,
,,,,,45909,5.0,5,,,,,,,,
,,,,,45914,5.0,5,,,,,,,,
,,,,,45918,4.0,4,,,,,,,,
,,,,,45923,5.0,5,,,,,,,,
,,,,,45928,5.0,5,,,,,,,,
,,,,,45933,5.0,5,,,,,,,,
,,,,,45938,5.0,5,,,,,,,,
,,,,,45943,5.0,5,,,,,,,,
,,,,,45948,5.0,5,,,,,,,,
,,,,,45953,5.0,5,,,,,,,,
,,,,,45958,5.0,5,,,,,,,,
,,,,,45963,5.0,5,,,,,,,,
,,,,,45968,5.0,5,,,,,,,,
,,,,,45973,5.0,5,,,,,,,,
,,,,,45976,3.0,3,,,,,,,,
,,,,,45980,4.0,4,,,,,,,,
,,,,,45985,5.0,5,,,,,,,,
,,,,,45990,5.0,5,,,,,,,,
,,,,,45995,5.0,5,,,,,,,,
,,,,,46000,5.0,5,,,,,,,,
,,,,,46000,,,0.8056570291519165,-8.056570053100586,0.3182613253593445,3.1159167289733887,3.104485273361206,0.0003,0.0003,0.1
,,,,,46005,5.0,5,,,,,,,,
,,,,,46008,3.0,3,,,,,,,,
,,,,,46011,3.0,3,,,,,,,,
,,,,,46017,6.0,6,,,,,,,,
,,,,,46022,5.0,5,,,,,,,,
,,,,,46027,5.0,5,,,,,,,,
,,,,,46032,5.0,5,,,,,,,,
,,,,,46037,5.0,5,,,,,,,,
,,,,,46042,5.0,5,,,,,,,,
,,,,,46045,3.0,3,,,,,,,,
,,,,,46050,5.0,5,,,,,,,,
,,,,,46054,4.0,4,,,,,,,,
,,,,,46057,3.0,3,,,,,,,,
,,,,,46060,3.0,3,,,,,,,,
,,,,,46065,5.0,5,,,,,,,,
,,,,,46069,4.0,4,,,,,,,,
,,,,,46074,5.0,5,,,,,,,,
,,,,,46079,5.0,5,,,,,,,,
,,,,,46084,5.0,5,,,,,,,,
,,,,,46089,5.0,5,,,,,,,,
,,,,,46093,4.0,4,,,,,,,,
,,,,,46098,5.0,5,,,,,,,,
,,,,,46103,5.0,5,,,,,,,,
,,,,,46108,5.0,5,,,,,,,,
,,,,,46113,5.0,5,,,,,,,,
,,,,,46117,4.0,4,,,,,,,,
,,,,,46122,5.0,5,,,,,,,,
,,,,,46127,5.0,5,,,,,,,,
,,,,,46132,5.0,5,,,,,,,,
,,,,,46137,5.0,5,,,,,,,,
,,,,,46142,5.0,5,,,,,,,,
,,,,,46146,4.0,4,,,,,,,,
,,,,,46151,5.0,5,,,,,,,,
,,,,,46156,5.0,5,,,,,,,,
,,,,,46161,5.0,5,,,,,,,,
,,,,,46166,5.0,5,,,,,,,,
,,,,,46171,5.0,5,,,,,,,,
,,,,,46176,5.0,5,,,,,,,,
,,,,,46180,4.0,4,,,,,,,,
,,,,,46185,5.0,5,,,,,,,,
,,,,,46190,5.0,5,,,,,,,,
,,,,,46195,5.0,5,,,,,,,,
,,,,,46200,5.0,5,,,,,,,,
,,,,,46205,5.0,5,,,,,,,,
,,,,,46210,5.0,5,,,,,,,,
,,,,,46215,5.0,5,,,,,,,,
,,,,,46218,3.0,3,,,,,,,,
,,,,,46223,5.0,5,,,,,,,,
,,,,,46228,5.0,5,,,,,,,,
,,,,,46233,5.0,5,,,,,,,,
,,,,,46238,5.0,5,,,,,,,,
,,,,,46243,5.0,5,,,,,,,,
,,,,,46246,3.0,3,,,,,,,,
,,,,,46251,5.0,5,,,,,,,,
,,,,,46256,5.0,5,,,,,,,,
,,,,,46261,5.0,5,,,,,,,,
,,,,,46266,5.0,5,,,,,,,,
,,,,,46273,7.0,7,,,,,,,,
,,,,,46278,5.0,5,,,,,,,,
,,,,,46283,5.0,5,,,,,,,,
,,,,,46288,5.0,5,,,,,,,,
,,,,,46293,5.0,5,,,,,,,,
,,,,,46298,5.0,5,,,,,,,,
,,,,,46303,5.0,5,,,,,,,,
,,,,,46306,3.0,3,,,,,,,,
,,,,,46311,5.0,5,,,,,,,,
,,,,,46316,5.0,5,,,,,,,,
,,,,,46320,4.0,4,,,,,,,,
,,,,,46324,4.0,4,,,,,,,,
,,,,,46327,3.0,3,,,,,,,,
,,,,,46331,4.0,4,,,,,,,,
,,,,,46335,4.0,4,,,,,,,,
,,,,,46340,5.0,5,,,,,,,,
,,,,,46345,5.0,5,,,,,,,,
,,,,,46350,5.0,5,,,,,,,,
,,,,,46355,5.0,5,,,,,,,,
,,,,,46360,5.0,5,,,,,,,,
,,,,,46365,5.0,5,,,,,,,,
,,,,,46370,5.0,5,,,,,,,,
,,,,,46375,5.0,5,,,,,,,,
,,,,,46380,5.0,5,,,,,,,,
,,,,,46385,5.0,5,,,,,,,,
,,,,,46390,5.0,5,,,,,,,,
,,,,,46395,5.0,5,,,,,,,,
,,,,,46400,5.0,5,,,,,,,,
,,,,,46403,3.0,3,,,,,,,,
,,,,,46408,5.0,5,,,,,,,,
,,,,,46413,5.0,5,,,,,,,,
,,,,,46418,5.0,5,,,,,,,,
,,,,,46423,5.0,5,,,,,,,,
,,,,,46428,5.0,5,,,,,,,,
,,,,,46431,3.0,3,,,,,,,,
,,,,,46435,4.0,4,,,,,,,,
,,,,,46440,5.0,5,,,,,,,,
,,,,,46443,3.0,3,,,,,,,,
,,,,,46446,3.0,3,,,,,,,,
,,,,,46451,5.0,5,,,,,,,,
,,,,,46456,5.0,5,,,,,,,,
,,,,,46461,5.0,5,,,,,,,,
,,,,,46466,5.0,5,,,,,,,,
,,,,,46471,5.0,5,,,,,,,,
,,,,,46476,5.0,5,,,,,,,,
,,,,,46481,5.0,5,,,,,,,,
,,,,,46486,5.0,5,,,,,,,,
,,,,,46491,5.0,5,,,,,,,,
,,,,,46499,8.0,8,,,,,,,,
,,,,,46504,5.0,5,,,,,,,,
,,,,,46509,5.0,5,,,,,,,,
,,,,,46514,5.0,5,,,,,,,,
,,,,,46519,5.0,5,,,,,,,,
,,,,,46523,4.0,4,,,,,,,,
,,,,,46527,4.0,4,,,,,,,,
,,,,,46532,5.0,5,,,,,,,,
,,,,,46537,5.0,5,,,,,,,,
,,,,,46542,5.0,5,,,,,,,,
,,,,,46547,5.0,5,,,,,,,,
,,,,,46552,5.0,5,,,,,,,,
,,,,,46556,4.0,4,,,,,,,,
,,,,,46559,3.0,3,,,,,,,,
,,,,,46564,5.0,5,,,,,,,,
,,,,,46571,7.0,7,,,,,,,,
,,,,,46576,5.0,5,,,,,,,,
,,,,,46581,5.0,5,,,,,,,,
,,,,,46586,5.0,5,,,,,,,,
,,,,,46591,5.0,5,,,,,,,,
,,,,,46596,5.0,5,,,,,,,,
,,,,,46601,5.0,5,,,,,,,,
,,,,,46606,5.0,5,,,,,,,,
,,,,,46609,3.0,3,,,,,,,,
,,,,,46614,5.0,5,,,,,,,,
,,,,,46619,5.0,5,,,,,,,,
,,,,,46624,5.0,5,,,,,,,,
,,,,,46629,5.0,5,,,,,,,,
,,,,,46634,5.0,5,,,,,,,,
,,,,,46639,5.0,5,,,,,,,,
,,,,,46644,5.0,5,,,,,,,,
,,,,,46649,5.0,5,,,,,,,,
,,,,,46654,5.0,5,,,,,,,,
,,,,,46659,5.0,5,,,,,,,,
,,,,,46664,5.0,5,,,,,,,,
,,,,,46668,4.0,4,,,,,,,,
,,,,,46673,5.0,5,,,,,,,,
,,,,,46678,5.0,5,,,,,,,,
,,,,,46683,5.0,5,,,,,,,,
,,,,,46688,5.0,5,,,,,,,,
,,,,,46693,5.0,5,,,,,,,,
,,,,,46698,5.0,5,,,,,,,,
,,,,,46703,5.0,5,,,,,,,,
,,,,,46708,5.0,5,,,,,,,,
,,,,,46713,5.0,5,,,,,,,,
,,,,,46718,5.0,5,,,,,,,,
,,,,,46723,5.0,5,,,,,,,,
,,,,,46728,5.0,5,,,,,,,,
,,,,,46733,5.0,5,,,,,,,,
,,,,,46738,5.0,5,,,,,,,,
,,,,,46743,5.0,5,,,,,,,,
,,,,,46748,5.0,5,,,,,,,,
,,,,,46753,5.0,5,,,,,,,,
,,,,,46758,5.0,5,,,,,,,,
,,,,,46763,5.0,5,,,,,,,,
,,,,,46768,5.0,5,,,,,,,,
,,,,,46773,5.0,5,,,,,,,,
,,,,,46776,3.0,3,,,,,,,,
,,,,,46781,5.0,5,,,,,,,,
,,,,,46786,5.0,5,,,,,,,,
,,,,,46791,5.0,5,,,,,,,,
,,,,,46796,5.0,5,,,,,,,,
,,,,,46801,5.0,5,,,,,,,,
,,,,,46806,5.0,5,,,,,,,,
,,,,,46811,5.0,5,,,,,,,,
,,,,,46815,4.0,4,,,,,,,,
,,,,,46819,4.0,4,,,,,,,,
,,,,,46824,5.0,5,,,,,,,,
,,,,,46828,4.0,4,,,,,,,,
,,,,,46832,4.0,4,,,,,,,,
,,,,,46837,5.0,5,,,,,,,,
,,,,,46842,5.0,5,,,,,,,,
,,,,,46847,5.0,5,,,,,,,,
,,,,,46852,5.0,5,,,,,,,,
,,,,,46859,7.0,7,,,,,,,,
,,,,,46863,4.0,4,,,,,,,,
,,,,,46868,5.0,5,,,,,,,,
,,,,,46873,5.0,5,,,,,,,,
,,,,,46878,5.0,5,,,,,,,,
,,,,,46883,5.0,5,,,,,,,,
,,,,,46887,4.0,4,,,,,,,,
,,,,,46892,5.0,5,,,,,,,,
,,,,,46897,5.0,5,,,,,,,,
,,,,,46902,5.0,5,,,,,,,,
,,,,,46905,3.0,3,,,,,,,,
,,,,,46910,5.0,5,,,,,,,,
,,,,,46915,5.0,5,,,,,,,,
,,,,,46923,8.0,8,,,,,,,,
,,,,,46926,3.0,3,,,,,,,,
,,,,,46931,5.0,5,,,,,,,,
,,,,,46936,5.0,5,,,,,,,,
,,,,,46941,5.0,5,,,,,,,,
,,,,,46946,5.0,5,,,,,,,,
,,,,,46951,5.0,5,,,,,,,,
,,,,,46956,5.0,5,,,,,,,,
,,,,,46961,5.0,5,,,,,,,,
,,,,,46966,5.0,5,,,,,,,,
,,,,,46971,5.0,5,,,,,,,,
,,,,,46976,5.0,5,,,,,,,,
,,,,,46980,4.0,4,,,,,,,,
,,,,,46985,5.0,5,,,,,,,,
,,,,,46989,4.0,4,,,,,,,,
,,,,,46994,5.0,5,,,,,,,,
,,,,,46999,5.0,5,,,,,,,,
,,,,,47000,,,0.7427687644958496,-7.427687644958496,0.2921471893787384,2.962432622909546,2.8768439292907715,0.0003,0.0003,0.1
,,,,,47004,5.0,5,,,,,,,,
,,,,,47009,5.0,5,,,,,,,,
,,,,,47014,5.0,5,,,,,,,,
,,,,,47019,5.0,5,,,,,,,,
,,,,,47024,5.0,5,,,,,,,,
,,,,,47029,5.0,5,,,,,,,,
,,,,,47034,5.0,5,,,,,,,,
,,,,,47039,5.0,5,,,,,,,,
,,,,,47042,3.0,3,,,,,,,,
,,,,,47047,5.0,5,,,,,,,,
,,,,,47052,5.0,5,,,,,,,,
,,,,,47057,5.0,5,,,,,,,,
,,,,,47062,5.0,5,,,,,,,,
,,,,,47067,5.0,5,,,,,,,,
,,,,,47072,5.0,5,,,,,,,,
,,,,,47077,5.0,5,,,,,,,,
,,,,,47082,5.0,5,,,,,,,,
,,,,,47087,5.0,5,,,,,,,,
,,,,,47092,5.0,5,,,,,,,,
,,,,,47096,4.0,4,,,,,,,,
,,,,,47101,5.0,5,,,,,,,,
,,,,,47106,5.0,5,,,,,,,,
,,,,,47111,5.0,5,,,,,,,,
,,,,,47116,5.0,5,,,,,,,,
,,,,,47121,5.0,5,,,,,,,,
,,,,,47126,5.0,5,,,,,,,,
,,,,,47130,4.0,4,,,,,,,,
,,,,,47135,5.0,5,,,,,,,,
,,,,,47143,8.0,8,,,,,,,,
,,,,,47147,4.0,4,,,,,,,,
,,,,,47152,5.0,5,,,,,,,,
,,,,,47157,5.0,5,,,,,,,,
,,,,,47162,5.0,5,,,,,,,,
,,,,,47167,5.0,5,,,,,,,,
,,,,,47172,5.0,5,,,,,,,,
,,,,,47177,5.0,5,,,,,,,,
,,,,,47182,5.0,5,,,,,,,,
,,,,,47187,5.0,5,,,,,,,,
,,,,,47192,5.0,5,,,,,,,,
,,,,,47197,5.0,5,,,,,,,,
,,,,,47202,5.0,5,,,,,,,,
,,,,,47206,4.0,4,,,,,,,,
,,,,,47209,3.0,3,,,,,,,,
,,,,,47212,3.0,3,,,,,,,,
,,,,,47217,5.0,5,,,,,,,,
,,,,,47222,5.0,5,,,,,,,,
,,,,,47227,5.0,5,,,,,,,,
,,,,,47232,5.0,5,,,,,,,,
,,,,,47237,5.0,5,,,,,,,,
,,,,,47242,5.0,5,,,,,,,,
,,,,,47247,5.0,5,,,,,,,,
,,,,,47251,4.0,4,,,,,,,,
,,,,,47256,5.0,5,,,,,,,,
,,,,,47262,6.0,6,,,,,,,,
,,,,,47265,3.0,3,,,,,,,,
,,,,,47270,5.0,5,,,,,,,,
,,,,,47275,5.0,5,,,,,,,,
,,,,,47280,5.0,5,,,,,,,,
,,,,,47285,5.0,5,,,,,,,,
,,,,,47290,5.0,5,,,,,,,,
,,,,,47295,5.0,5,,,,,,,,
,,,,,47300,5.0,5,,,,,,,,
,,,,,47305,5.0,5,,,,,,,,
,,,,,47310,5.0,5,,,,,,,,
,,,,,47315,5.0,5,,,,,,,,
,,,,,47320,5.0,5,,,,,,,,
,,,,,47325,5.0,5,,,,,,,,
,,,,,47330,5.0,5,,,,,,,,
,,,,,47335,5.0,5,,,,,,,,
,,,,,47339,4.0,4,,,,,,,,
,,,,,47344,5.0,5,,,,,,,,
,,,,,47348,4.0,4,,,,,,,,
,,,,,47353,5.0,5,,,,,,,,
,,,,,47358,5.0,5,,,,,,,,
,,,,,47363,5.0,5,,,,,,,,
,,,,,47368,5.0,5,,,,,,,,
,,,,,47373,5.0,5,,,,,,,,
,,,,,47378,5.0,5,,,,,,,,
,,,,,47387,9.0,9,,,,,,,,
,,,,,47392,5.0,5,,,,,,,,
,,,,,47396,4.0,4,,,,,,,,
,,,,,47403,7.0,7,,,,,,,,
,,,,,47408,5.0,5,,,,,,,,
,,,,,47413,5.0,5,,,,,,,,
,,,,,47417,4.0,4,,,,,,,,
,,,,,47421,4.0,4,,,,,,,,
,,,,,47426,5.0,5,,,,,,,,
,,,,,47430,4.0,4,,,,,,,,
,,,,,47435,5.0,5,,,,,,,,
,,,,,47440,5.0,5,,,,,,,,
,,,,,47448,8.0,8,,,,,,,,
,,,,,47453,5.0,5,,,,,,,,
,,,,,47458,5.0,5,,,,,,,,
,,,,,47463,5.0,5,,,,,,,,
,,,,,47468,5.0,5,,,,,,,,
,,,,,47473,5.0,5,,,,,,,,
,,,,,47478,5.0,5,,,,,,,,
,,,,,47483,5.0,5,,,,,,,,
,,,,,47488,5.0,5,,,,,,,,
,,,,,47493,5.0,5,,,,,,,,
,,,,,47498,5.0,5,,,,,,,,
,,,,,47503,5.0,5,,,,,,,,
,,,,,47508,5.0,5,,,,,,,,
,,,,,47513,5.0,5,,,,,,,,
,,,,,47518,5.0,5,,,,,,,,
,,,,,47523,5.0,5,,,,,,,,
,,,,,47526,3.0,3,,,,,,,,
,,,,,47530,4.0,4,,,,,,,,
,,,,,47535,5.0,5,,,,,,,,
,,,,,47539,4.0,4,,,,,,,,
,,,,,47544,5.0,5,,,,,,,,
,,,,,47549,5.0,5,,,,,,,,
,,,,,47564,15.0,15,,,,,,,,
,,,,,47569,5.0,5,,,,,,,,
,,,,,47574,5.0,5,,,,,,,,
,,,,,47579,5.0,5,,,,,,,,
,,,,,47584,5.0,5,,,,,,,,
,,,,,47589,5.0,5,,,,,,,,
,,,,,47594,5.0,5,,,,,,,,
,,,,,47599,5.0,5,,,,,,,,
,,,,,47604,5.0,5,,,,,,,,
,,,,,47609,5.0,5,,,,,,,,
,,,,,47614,5.0,5,,,,,,,,
,,,,,47618,4.0,4,,,,,,,,
,,,,,47623,5.0,5,,,,,,,,
,,,,,47628,5.0,5,,,,,,,,
,,,,,47633,5.0,5,,,,,,,,
,,,,,47638,5.0,5,,,,,,,,
,,,,,47643,5.0,5,,,,,,,,
,,,,,47648,5.0,5,,,,,,,,
,,,,,47653,5.0,5,,,,,,,,
,,,,,47658,5.0,5,,,,,,,,
,,,,,47663,5.0,5,,,,,,,,
,,,,,47668,5.0,5,,,,,,,,
,,,,,47673,5.0,5,,,,,,,,
,,,,,47678,5.0,5,,,,,,,,
,,,,,47685,7.0,7,,,,,,,,
,,,,,47690,5.0,5,,,,,,,,
,,,,,47693,3.0,3,,,,,,,,
,,,,,47698,5.0,5,,,,,,,,
,,,,,47703,5.0,5,,,,,,,,
,,,,,47708,5.0,5,,,,,,,,
,,,,,47713,5.0,5,,,,,,,,
,,,,,47720,7.0,7,,,,,,,,
,,,,,47725,5.0,5,,,,,,,,
,,,,,47728,3.0,3,,,,,,,,
,,,,,47733,5.0,5,,,,,,,,
,,,,,47738,5.0,5,,,,,,,,
,,,,,47743,5.0,5,,,,,,,,
,,,,,47749,6.0,6,,,,,,,,
,,,,,47755,6.0,6,,,,,,,,
,,,,,47760,5.0,5,,,,,,,,
,,,,,47765,5.0,5,,,,,,,,
,,,,,47770,5.0,5,,,,,,,,
,,,,,47775,5.0,5,,,,,,,,
,,,,,47780,5.0,5,,,,,,,,
,,,,,47785,5.0,5,,,,,,,,
,,,,,47790,5.0,5,,,,,,,,
,,,,,47795,5.0,5,,,,,,,,
,,,,,47800,5.0,5,,,,,,,,
,,,,,47805,5.0,5,,,,,,,,
,,,,,47810,5.0,5,,,,,,,,
,,,,,47815,5.0,5,,,,,,,,
,,,,,47820,5.0,5,,,,,,,,
,,,,,47825,5.0,5,,,,,,,,
,,,,,47830,5.0,5,,,,,,,,
,,,,,47835,5.0,5,,,,,,,,
,,,,,47840,5.0,5,,,,,,,,
,,,,,47844,4.0,4,,,,,,,,
,,,,,47849,5.0,5,,,,,,,,
,,,,,47854,5.0,5,,,,,,,,
,,,,,47859,5.0,5,,,,,,,,
,,,,,47864,5.0,5,,,,,,,,
,,,,,47871,7.0,7,,,,,,,,
,,,,,47876,5.0,5,,,,,,,,
,,,,,47881,5.0,5,,,,,,,,
,,,,,47886,5.0,5,,,,,,,,
,,,,,47891,5.0,5,,,,,,,,
,,,,,47896,5.0,5,,,,,,,,
,,,,,47901,5.0,5,,,,,,,,
,,,,,47906,5.0,5,,,,,,,,
,,,,,47911,5.0,5,,,,,,,,
,,,,,47916,5.0,5,,,,,,,,
,,,,,47921,5.0,5,,,,,,,,
,,,,,47926,5.0,5,,,,,,,,
,,,,,47931,5.0,5,,,,,,,,
,,,,,47936,5.0,5,,,,,,,,
,,,,,47941,5.0,5,,,,,,,,
,,,,,47946,5.0,5,,,,,,,,
,,,,,47951,5.0,5,,,,,,,,
,,,,,47956,5.0,5,,,,,,,,
,,,,,47961,5.0,5,,,,,,,,
,,,,,47966,5.0,5,,,,,,,,
,,,,,47971,5.0,5,,,,,,,,
,,,,,47976,5.0,5,,,,,,,,
,,,,,47981,5.0,5,,,,,,,,
,,,,,47985,4.0,4,,,,,,,,
,,,,,47990,5.0,5,,,,,,,,
,,,,,47995,5.0,5,,,,,,,,
,,,,,48000,5.0,5,,,,,,,,
,,,,,48000,,,0.7864433526992798,-7.864433288574219,0.25225600600242615,3.086557388305664,3.087336778640747,0.0003,0.0003,0.1
,,,,,48004,4.0,4,,,,,,,,
,,,,,48009,5.0,5,,,,,,,,
,,,,,48014,5.0,5,,,,,,,,
,,,,,48019,5.0,5,,,,,,,,
,,,,,48024,5.0,5,,,,,,,,
,,,,,48029,5.0,5,,,,,,,,
,,,,,48034,5.0,5,,,,,,,,
,,,,,48039,5.0,5,,,,,,,,
,,,,,48044,5.0,5,,,,,,,,
,,,,,48049,5.0,5,,,,,,,,
,,,,,48054,5.0,5,,,,,,,,
,,,,,48059,5.0,5,,,,,,,,
,,,,,48064,5.0,5,,,,,,,,
,,,,,48068,4.0,4,,,,,,,,
,,,,,48073,5.0,5,,,,,,,,
,,,,,48078,5.0,5,,,,,,,,
,,,,,48083,5.0,5,,,,,,,,
,,,,,48088,5.0,5,,,,,,,,
,,,,,48093,5.0,5,,,,,,,,
,,,,,48098,5.0,5,,,,,,,,
,,,,,48103,5.0,5,,,,,,,,
,,,,,48108,5.0,5,,,,,,,,
,,,,,48113,5.0,5,,,,,,,,
,,,,,48118,5.0,5,,,,,,,,
,,,,,48123,5.0,5,,,,,,,,
,,,,,48128,5.0,5,,,,,,,,
,,,,,48133,5.0,5,,,,,,,,
,,,,,48137,4.0,4,,,,,,,,
,,,,,48142,5.0,5,,,,,,,,
,,,,,48146,4.0,4,,,,,,,,
,,,,,48151,5.0,5,,,,,,,,
,,,,,48156,5.0,5,,,,,,,,
,,,,,48160,4.0,4,,,,,,,,
,,,,,48165,5.0,5,,,,,,,,
,,,,,48170,5.0,5,,,,,,,,
,,,,,48175,5.0,5,,,,,,,,
,,,,,48180,5.0,5,,,,,,,,
,,,,,48185,5.0,5,,,,,,,,
,,,,,48190,5.0,5,,,,,,,,
,,,,,48195,5.0,5,,,,,,,,
,,,,,48200,5.0,5,,,,,,,,
,,,,,48205,5.0,5,,,,,,,,
,,,,,48210,5.0,5,,,,,,,,
,,,,,48215,5.0,5,,,,,,,,
,,,,,48218,3.0,3,,,,,,,,
,,,,,48223,5.0,5,,,,,,,,
,,,,,48227,4.0,4,,,,,,,,
,,,,,48232,5.0,5,,,,,,,,
,,,,,48241,9.0,9,,,,,,,,
,,,,,48246,5.0,5,,,,,,,,
,,,,,48250,4.0,4,,,,,,,,
,,,,,48254,4.0,4,,,,,,,,
,,,,,48258,4.0,4,,,,,,,,
,,,,,48263,5.0,5,,,,,,,,
,,,,,48268,5.0,5,,,,,,,,
,,,,,48272,4.0,4,,,,,,,,
,,,,,48277,5.0,5,,,,,,,,
,,,,,48280,3.0,3,,,,,,,,
,,,,,48285,5.0,5,,,,,,,,
,,,,,48290,5.0,5,,,,,,,,
,,,,,48295,5.0,5,,,,,,,,
,,,,,48300,5.0,5,,,,,,,,
,,,,,48306,6.0,6,,,,,,,,
,,,,,48311,5.0,5,,,,,,,,
,,,,,48315,4.0,4,,,,,,,,
,,,,,48320,5.0,5,,,,,,,,
,,,,,48325,5.0,5,,,,,,,,
,,,,,48330,5.0,5,,,,,,,,
,,,,,48334,4.0,4,,,,,,,,
,,,,,48339,5.0,5,,,,,,,,
,,,,,48344,5.0,5,,,,,,,,
,,,,,48349,5.0,5,,,,,,,,
,,,,,48354,5.0,5,,,,,,,,
,,,,,48359,5.0,5,,,,,,,,
,,,,,48364,5.0,5,,,,,,,,
,,,,,48369,5.0,5,,,,,,,,
,,,,,48373,4.0,4,,,,,,,,
,,,,,48378,5.0,5,,,,,,,,
,,,,,48383,5.0,5,,,,,,,,
,,,,,48388,5.0,5,,,,,,,,
,,,,,48393,5.0,5,,,,,,,,
,,,,,48398,5.0,5,,,,,,,,
,,,,,48402,4.0,4,,,,,,,,
,,,,,48407,5.0,5,,,,,,,,
,,,,,48413,6.0,6,,,,,,,,
,,,,,48418,5.0,5,,,,,,,,
,,,,,48423,5.0,5,,,,,,,,
,,,,,48428,5.0,5,,,,,,,,
,,,,,48433,5.0,5,,,,,,,,
,,,,,48438,5.0,5,,,,,,,,
,,,,,48442,4.0,4,,,,,,,,
,,,,,48445,3.0,3,,,,,,,,
,,,,,48450,5.0,5,,,,,,,,
,,,,,48455,5.0,5,,,,,,,,
,,,,,48460,5.0,5,,,,,,,,
,,,,,48465,5.0,5,,,,,,,,
,,,,,48468,3.0,3,,,,,,,,
,,,,,48473,5.0,5,,,,,,,,
,,,,,48478,5.0,5,,,,,,,,
,,,,,48483,5.0,5,,,,,,,,
,,,,,48488,5.0,5,,,,,,,,
,,,,,48493,5.0,5,,,,,,,,
,,,,,48498,5.0,5,,,,,,,,
,,,,,48503,5.0,5,,,,,,,,
,,,,,48508,5.0,5,,,,,,,,
,,,,,48513,5.0,5,,,,,,,,
,,,,,48518,5.0,5,,,,,,,,
,,,,,48523,5.0,5,,,,,,,,
,,,,,48527,4.0,4,,,,,,,,
,,,,,48532,5.0,5,,,,,,,,
,,,,,48537,5.0,5,,,,,,,,
,,,,,48542,5.0,5,,,,,,,,
,,,,,48547,5.0,5,,,,,,,,
,,,,,48550,3.0,3,,,,,,,,
,,,,,48555,5.0,5,,,,,,,,
,,,,,48560,5.0,5,,,,,,,,
,,,,,48565,5.0,5,,,,,,,,
,,,,,48570,5.0,5,,,,,,,,
,,,,,48574,4.0,4,,,,,,,,
,,,,,48577,3.0,3,,,,,,,,
,,,,,48582,5.0,5,,,,,,,,
,,,,,48587,5.0,5,,,,,,,,
,,,,,48592,5.0,5,,,,,,,,
,,,,,48597,5.0,5,,,,,,,,
,,,,,48602,5.0,5,,,,,,,,
,,,,,48607,5.0,5,,,,,,,,
,,,,,48612,5.0,5,,,,,,,,
,,,,,48617,5.0,5,,,,,,,,
,,,,,48622,5.0,5,,,,,,,,
,,,,,48627,5.0,5,,,,,,,,
,,,,,48631,4.0,4,,,,,,,,
,,,,,48636,5.0,5,,,,,,,,
,,,,,48641,5.0,5,,,,,,,,
,,,,,48646,5.0,5,,,,,,,,
,,,,,48651,5.0,5,,,,,,,,
,,,,,48656,5.0,5,,,,,,,,
,,,,,48661,5.0,5,,,,,,,,
,,,,,48666,5.0,5,,,,,,,,
,,,,,48671,5.0,5,,,,,,,,
,,,,,48676,5.0,5,,,,,,,,
,,,,,48681,5.0,5,,,,,,,,
,,,,,48686,5.0,5,,,,,,,,
,,,,,48691,5.0,5,,,,,,,,
,,,,,48696,5.0,5,,,,,,,,
,,,,,48701,5.0,5,,,,,,,,
,,,,,48706,5.0,5,,,,,,,,
,,,,,48711,5.0,5,,,,,,,,
,,,,,48716,5.0,5,,,,,,,,
,,,,,48721,5.0,5,,,,,,,,
,,,,,48726,5.0,5,,,,,,,,
,,,,,48731,5.0,5,,,,,,,,
,,,,,48735,4.0,4,,,,,,,,
,,,,,48740,5.0,5,,,,,,,,
,,,,,48744,4.0,4,,,,,,,,
,,,,,48749,5.0,5,,,,,,,,
,,,,,48754,5.0,5,,,,,,,,
,,,,,48759,5.0,5,,,,,,,,
,,,,,48764,5.0,5,,,,,,,,
,,,,,48769,5.0,5,,,,,,,,
,,,,,48774,5.0,5,,,,,,,,
,,,,,48779,5.0,5,,,,,,,,
,,,,,48784,5.0,5,,,,,,,,
,,,,,48789,5.0,5,,,,,,,,
,,,,,48793,4.0,4,,,,,,,,
,,,,,48804,11.0,11,,,,,,,,
,,,,,48809,5.0,5,,,,,,,,
,,,,,48814,5.0,5,,,,,,,,
,,,,,48819,5.0,5,,,,,,,,
,,,,,48824,5.0,5,,,,,,,,
,,,,,48829,5.0,5,,,,,,,,
,,,,,48834,5.0,5,,,,,,,,
,,,,,48839,5.0,5,,,,,,,,
,,,,,48844,5.0,5,,,,,,,,
,,,,,48849,5.0,5,,,,,,,,
,,,,,48855,6.0,6,,,,,,,,
,,,,,48860,5.0,5,,,,,,,,
,,,,,48865,5.0,5,,,,,,,,
,,,,,48870,5.0,5,,,,,,,,
,,,,,48875,5.0,5,,,,,,,,
,,,,,48880,5.0,5,,,,,,,,
,,,,,48885,5.0,5,,,,,,,,
,,,,,48890,5.0,5,,,,,,,,
,,,,,48895,5.0,5,,,,,,,,
,,,,,48900,5.0,5,,,,,,,,
,,,,,48905,5.0,5,,,,,,,,
,,,,,48910,5.0,5,,,,,,,,
,,,,,48915,5.0,5,,,,,,,,
,,,,,48920,5.0,5,,,,,,,,
,,,,,48925,5.0,5,,,,,,,,
,,,,,48930,5.0,5,,,,,,,,
,,,,,48938,8.0,8,,,,,,,,
,,,,,48943,5.0,5,,,,,,,,
,,,,,48948,5.0,5,,,,,,,,
,,,,,48953,5.0,5,,,,,,,,
,,,,,48958,5.0,5,,,,,,,,
,,,,,48963,5.0,5,,,,,,,,
,,,,,48968,5.0,5,,,,,,,,
,,,,,48972,4.0,4,,,,,,,,
,,,,,48977,5.0,5,,,,,,,,
,,,,,48982,5.0,5,,,,,,,,
,,,,,48987,5.0,5,,,,,,,,
,,,,,48992,5.0,5,,,,,,,,
,,,,,48997,5.0,5,,,,,,,,
,,,,,49000,,,0.8443872332572937,-8.443872451782227,0.16903097927570343,2.775763988494873,2.7563884258270264,0.0003,0.0003,0.1
,,,,,49002,5.0,5,,,,,,,,
,,,,,49007,5.0,5,,,,,,,,
,,,,,49012,5.0,5,,,,,,,,
,,,,,49017,5.0,5,,,,,,,,
,,,,,49022,5.0,5,,,,,,,,
,,,,,49027,5.0,5,,,,,,,,
,,,,,49032,5.0,5,,,,,,,,
,,,,,49037,5.0,5,,,,,,,,
,,,,,49042,5.0,5,,,,,,,,
,,,,,49047,5.0,5,,,,,,,,
,,,,,49051,4.0,4,,,,,,,,
,,,,,49056,5.0,5,,,,,,,,
,,,,,49060,4.0,4,,,,,,,,
,,,,,49065,5.0,5,,,,,,,,
,,,,,49070,5.0,5,,,,,,,,
,,,,,49075,5.0,5,,,,,,,,
,,,,,49079,4.0,4,,,,,,,,
,,,,,49084,5.0,5,,,,,,,,
,,,,,49088,4.0,4,,,,,,,,
,,,,,49093,5.0,5,,,,,,,,
,,,,,49098,5.0,5,,,,,,,,
,,,,,49103,5.0,5,,,,,,,,
,,,,,49108,5.0,5,,,,,,,,
,,,,,49113,5.0,5,,,,,,,,
,,,,,49118,5.0,5,,,,,,,,
,,,,,49123,5.0,5,,,,,,,,
,,,,,49127,4.0,4,,,,,,,,
,,,,,49132,5.0,5,,,,,,,,
,,,,,49137,5.0,5,,,,,,,,
,,,,,49142,5.0,5,,,,,,,,
,,,,,49147,5.0,5,,,,,,,,
,,,,,49152,5.0,5,,,,,,,,
,,,,,49157,5.0,5,,,,,,,,
,,,,,49162,5.0,5,,,,,,,,
,,,,,49167,5.0,5,,,,,,,,
,,,,,49171,4.0,4,,,,,,,,
,,,,,49176,5.0,5,,,,,,,,
,,,,,49181,5.0,5,,,,,,,,
,,,,,49186,5.0,5,,,,,,,,
,,,,,49191,5.0,5,,,,,,,,
,,,,,49196,5.0,5,,,,,,,,
,,,,,49200,4.0,4,,,,,,,,
,,,,,49205,5.0,5,,,,,,,,
,,,,,49210,5.0,5,,,,,,,,
,,,,,49215,5.0,5,,,,,,,,
,,,,,49220,5.0,5,,,,,,,,
,,,,,49225,5.0,5,,,,,,,,
,,,,,49230,5.0,5,,,,,,,,
,,,,,49235,5.0,5,,,,,,,,
,,,,,49240,5.0,5,,,,,,,,
,,,,,49245,5.0,5,,,,,,,,
,,,,,49250,5.0,5,,,,,,,,
,,,,,49255,5.0,5,,,,,,,,
,,,,,49262,7.0,7,,,,,,,,
,,,,,49267,5.0,5,,,,,,,,
,,,,,49272,5.0,5,,,,,,,,
,,,,,49277,5.0,5,,,,,,,,
,,,,,49282,5.0,5,,,,,,,,
,,,,,49287,5.0,5,,,,,,,,
,,,,,49292,5.0,5,,,,,,,,
,,,,,49297,5.0,5,,,,,,,,
,,,,,49302,5.0,5,,,,,,,,
,,,,,49307,5.0,5,,,,,,,,
,,,,,49312,5.0,5,,,,,,,,
,,,,,49315,3.0,3,,,,,,,,
,,,,,49320,5.0,5,,,,,,,,
,,,,,49326,6.0,6,,,,,,,,
,,,,,49331,5.0,5,,,,,,,,
,,,,,49336,5.0,5,,,,,,,,
,,,,,49341,5.0,5,,,,,,,,
,,,,,49346,5.0,5,,,,,,,,
,,,,,49351,5.0,5,,,,,,,,
,,,,,49356,5.0,5,,,,,,,,
,,,,,49361,5.0,5,,,,,,,,
,,,,,49366,5.0,5,,,,,,,,
,,,,,49370,4.0,4,,,,,,,,
,,,,,49375,5.0,5,,,,,,,,
,,,,,49380,5.0,5,,,,,,,,
,,,,,49385,5.0,5,,,,,,,,
,,,,,49390,5.0,5,,,,,,,,
,,,,,49395,5.0,5,,,,,,,,
,,,,,49400,5.0,5,,,,,,,,
,,,,,49417,17.0,17,,,,,,,,
,,,,,49422,5.0,5,,,,,,,,
,,,,,49427,5.0,5,,,,,,,,
,,,,,49432,5.0,5,,,,,,,,
,,,,,49437,5.0,5,,,,,,,,
,,,,,49442,5.0,5,,,,,,,,
,,,,,49447,5.0,5,,,,,,,,
,,,,,49452,5.0,5,,,,,,,,
,,,,,49457,5.0,5,,,,,,,,
,,,,,49462,5.0,5,,,,,,,,
,,,,,49467,5.0,5,,,,,,,,
,,,,,49472,5.0,5,,,,,,,,
,,,,,49477,5.0,5,,,,,,,,
,,,,,49482,5.0,5,,,,,,,,
,,,,,49487,5.0,5,,,,,,,,
,,,,,49492,5.0,5,,,,,,,,
,,,,,49497,5.0,5,,,,,,,,
,,,,,49502,5.0,5,,,,,,,,
,,,,,49505,3.0,3,,,,,,,,
,,,,,49510,5.0,5,,,,,,,,
,,,,,49515,5.0,5,,,,,,,,
,,,,,49520,5.0,5,,,,,,,,
,,,,,49525,5.0,5,,,,,,,,
,,,,,49530,5.0,5,,,,,,,,
,,,,,49535,5.0,5,,,,,,,,
,,,,,49540,5.0,5,,,,,,,,
,,,,,49545,5.0,5,,,,,,,,
,,,,,49549,4.0,4,,,,,,,,
,,,,,49554,5.0,5,,,,,,,,
,,,,,49562,8.0,8,,,,,,,,
,,,,,49567,5.0,5,,,,,,,,
,,,,,49574,7.0,7,,,,,,,,
,,,,,49579,5.0,5,,,,,,,,
,,,,,49582,3.0,3,,,,,,,,
,,,,,49587,5.0,5,,,,,,,,
,,,,,49592,5.0,5,,,,,,,,
,,,,,49597,5.0,5,,,,,,,,
,,,,,49602,5.0,5,,,,,,,,
,,,,,49607,5.0,5,,,,,,,,
,,,,,49612,5.0,5,,,,,,,,
,,,,,49617,5.0,5,,,,,,,,
,,,,,49622,5.0,5,,,,,,,,
,,,,,49627,5.0,5,,,,,,,,
,,,,,49632,5.0,5,,,,,,,,
,,,,,49637,5.0,5,,,,,,,,
,,,,,49642,5.0,5,,,,,,,,
,,,,,49647,5.0,5,,,,,,,,
,,,,,49652,5.0,5,,,,,,,,
,,,,,49657,5.0,5,,,,,,,,
,,,,,49661,4.0,4,,,,,,,,
,,,,,49666,5.0,5,,,,,,,,
,,,,,49670,4.0,4,,,,,,,,
,,,,,49675,5.0,5,,,,,,,,
,,,,,49680,5.0,5,,,,,,,,
,,,,,49685,5.0,5,,,,,,,,
,,,,,49690,5.0,5,,,,,,,,
,,,,,49695,5.0,5,,,,,,,,
,,,,,49700,5.0,5,,,,,,,,
,,,,,49705,5.0,5,,,,,,,,
,,,,,49709,4.0,4,,,,,,,,
,,,,,49714,5.0,5,,,,,,,,
,,,,,49719,5.0,5,,,,,,,,
,,,,,49724,5.0,5,,,,,,,,
,,,,,49729,5.0,5,,,,,,,,
,,,,,49734,5.0,5,,,,,,,,
,,,,,49739,5.0,5,,,,,,,,
,,,,,49744,5.0,5,,,,,,,,
,,,,,49748,4.0,4,,,,,,,,
,,,,,49753,5.0,5,,,,,,,,
,,,,,49758,5.0,5,,,,,,,,
,,,,,49763,5.0,5,,,,,,,,
,,,,,49776,13.0,13,,,,,,,,
,,,,,49781,5.0,5,,,,,,,,
,,,,,49787,6.0,6,,,,,,,,
,,,,,49792,5.0,5,,,,,,,,
,,,,,49797,5.0,5,,,,,,,,
,,,,,49802,5.0,5,,,,,,,,
,,,,,49807,5.0,5,,,,,,,,
,,,,,49812,5.0,5,,,,,,,,
,,,,,49817,5.0,5,,,,,,,,
,,,,,49822,5.0,5,,,,,,,,
,,,,,49826,4.0,4,,,,,,,,
,,,,,49831,5.0,5,,,,,,,,
,,,,,49836,5.0,5,,,,,,,,
,,,,,49858,22.0,22,,,,,,,,
,,,,,49863,5.0,5,,,,,,,,
,,,,,49868,5.0,5,,,,,,,,
,,,,,49873,5.0,5,,,,,,,,
,,,,,49878,5.0,5,,,,,,,,
,,,,,49883,5.0,5,,,,,,,,
,,,,,49888,5.0,5,,,,,,,,
,,,,,49893,5.0,5,,,,,,,,
,,,,,49898,5.0,5,,,,,,,,
,,,,,49903,5.0,5,,,,,,,,
,,,,,49908,5.0,5,,,,,,,,
,,,,,49913,5.0,5,,,,,,,,
,,,,,49917,4.0,4,,,,,,,,
,,,,,49922,5.0,5,,,,,,,,
,,,,,49927,5.0,5,,,,,,,,
,,,,,49932,5.0,5,,,,,,,,
,,,,,49937,5.0,5,,,,,,,,
,,,,,49942,5.0,5,,,,,,,,
,,,,,49947,5.0,5,,,,,,,,
,,,,,49952,5.0,5,,,,,,,,
,,,,,49957,5.0,5,,,,,,,,
,,,,,49962,5.0,5,,,,,,,,
,,,,,49967,5.0,5,,,,,,,,
,,,,,49972,5.0,5,,,,,,,,
,,,,,49977,5.0,5,,,,,,,,
,,,,,49982,5.0,5,,,,,,,,
,,,,,49987,5.0,5,,,,,,,,
,,,,,49992,5.0,5,,,,,,,,
,,,,,49997,5.0,5,,,,,,,,
