Eval_AverageReturn,Eval_StdReturn,Eval_MaxReturn,Eval_MinReturn,Eval_AverageEpLen,step,Train_EpisodeReturn,Train_EpisodeLen,actor_loss,entropy,critic_loss,q_values,target_values,actor_lr,critic_lr,temperature
14.644667,5.0972915,27.807364,8.6561165,18.7,0,,,,,,,,,,
,,,,,38,39.038837,39,,,,,,,,
,,,,,53,10.917464,15,,,,,,,,
,,,,,63,6.874247,10,,,,,,,,
,,,,,113,37.471035,50,,,,,,,,
,,,,,140,16.870958,27,,,,,,,,
,,,,,152,10.159188,12,,,,,,,,
,,,,,161,6.26126,9,,,,,,,,
,,,,,180,5.48879,19,,,,,,,,
,,,,,198,14.183917,18,,,,,,,,
,,,,,208,6.637023,10,,,,,,,,
,,,,,217,5.6599803,9,,,,,,,,
,,,,,237,16.226662,20,,,,,,,,
,,,,,262,25.994873,25,,,,,,,,
,,,,,280,9.547671,18,,,,,,,,
,,,,,300,15.990478,20,,,,,,,,
,,,,,316,12.00403,16,,,,,,,,
,,,,,339,26.117996,23,,,,,,,,
,,,,,354,8.284588,15,,,,,,,,
,,,,,373,16.6823,19,,,,,,,,
,,,,,395,22.858423,22,,,,,,,,
,,,,,417,22.850224,22,,,,,,,,
,,,,,439,22.398825,22,,,,,,,,
,,,,,458,11.95537,19,,,,,,,,
,,,,,472,7.0469937,14,,,,,,,,
,,,,,496,19.518663,24,,,,,,,,
,,,,,507,9.6474085,11,,,,,,,,
,,,,,535,13.1999855,28,,,,,,,,
,,,,,571,26.381605,36,,,,,,,,
,,,,,592,13.5710535,21,,,,,,,,
,,,,,608,16.453104,16,,,,,,,,
,,,,,616,4.2209616,8,,,,,,,,
,,,,,651,48.53651,35,,,,,,,,
,,,,,686,10.440441,35,,,,,,,,
,,,,,697,9.039076,11,,,,,,,,
,,,,,717,9.012416,20,,,,,,,,
,,,,,736,17.691559,19,,,,,,,,
,,,,,750,12.603146,14,,,,,,,,
,,,,,770,11.696748,20,,,,,,,,
,,,,,791,21.016155,21,,,,,,,,
,,,,,806,9.942881,15,,,,,,,,
,,,,,835,37.697277,29,,,,,,,,
,,,,,863,9.424825,28,,,,,,,,
,,,,,885,23.774788,22,,,,,,,,
,,,,,909,12.080645,24,,,,,,,,
,,,,,948,58.60262,39,,,,,,,,
,,,,,960,9.478305,12,,,,,,,,
,,,,,972,8.952339,12,,,,,,,,
,,,,,997,28.023186,25,,,,,,,,
,,,,,1010,7.537318,13,,,,,,,,
,,,,,1031,18.537886,21,,,,,,,,
,,,,,1049,10.521482,18,,,,,,,,
,,,,,1090,46.724365,41,,,,,,,,
,,,,,1103,12.641046,13,,,,,,,,
,,,,,1114,8.076509,11,,,,,,,,
,,,,,1126,8.262938,12,,,,,,,,
,,,,,1158,11.387573,32,,,,,,,,
,,,,,1179,12.110472,21,,,,,,,,
,,,,,1190,9.152903,11,,,,,,,,
,,,,,1206,12.163899,16,,,,,,,,
,,,,,1217,6.826063,11,,,,,,,,
,,,,,1254,52.110348,37,,,,,,,,
,,,,,1278,16.874712,24,,,,,,,,
,,,,,1304,19.184135,26,,,,,,,,
,,,,,1330,16.983488,26,,,,,,,,
,,,,,1346,6.4010615,16,,,,,,,,
,,,,,1366,7.60317,20,,,,,,,,
,,,,,1401,24.289623,35,,,,,,,,
,,,,,1443,21.824982,42,,,,,,,,
,,,,,1468,27.827599,25,,,,,,,,
,,,,,1487,17.311005,19,,,,,,,,
,,,,,1514,28.214489,27,,,,,,,,
,,,,,1571,73.65969,57,,,,,,,,
,,,,,1581,7.42411,10,,,,,,,,
,,,,,1596,10.492165,15,,,,,,,,
,,,,,1611,13.508414,15,,,,,,,,
,,,,,1625,9.965219,14,,,,,,,,
,,,,,1640,10.395148,15,,,,,,,,
,,,,,1665,17.549002,25,,,,,,,,
,,,,,1686,10.747537,21,,,,,,,,
,,,,,1696,5.1314774,10,,,,,,,,
,,,,,1723,20.734278,27,,,,,,,,
,,,,,1735,10.472906,12,,,,,,,,
,,,,,1752,11.198813,17,,,,,,,,
,,,,,1765,10.064207,13,,,,,,,,
,,,,,1822,86.87858,57,,,,,,,,
,,,,,1832,8.537143,10,,,,,,,,
,,,,,1847,11.476623,15,,,,,,,,
,,,,,1869,14.855198,22,,,,,,,,
,,,,,1879,8.228944,10,,,,,,,,
,,,,,1918,17.963364,39,,,,,,,,
,,,,,1953,26.916212,35,,,,,,,,
,,,,,1971,15.378228,18,,,,,,,,
,,,,,1993,14.106907,22,,,,,,,,
,,,,,2006,11.317709,13,,,,,,,,
,,,,,2025,10.653768,19,,,,,,,,
,,,,,2047,15.876003,22,,,,,,,,
,,,,,2072,22.959618,25,,,,,,,,
,,,,,2082,7.7212334,10,,,,,,,,
,,,,,2106,12.900832,24,,,,,,,,
,,,,,2122,9.483702,16,,,,,,,,
,,,,,2139,9.836915,17,,,,,,,,
,,,,,2177,50.53807,38,,,,,,,,
,,,,,2189,8.332123,12,,,,,,,,
,,,,,2208,15.053197,19,,,,,,,,
,,,,,2227,16.713287,19,,,,,,,,
,,,,,2244,16.606068,17,,,,,,,,
,,,,,2255,7.961201,11,,,,,,,,
,,,,,2271,8.723913,16,,,,,,,,
,,,,,2306,38.07049,35,,,,,,,,
,,,,,2326,19.156765,20,,,,,,,,
,,,,,2342,15.032354,16,,,,,,,,
,,,,,2357,11.55948,15,,,,,,,,
,,,,,2372,15.370193,15,,,,,,,,
,,,,,2388,11.316335,16,,,,,,,,
,,,,,2410,8.243027,22,,,,,,,,
,,,,,2420,5.8355937,10,,,,,,,,
,,,,,2430,8.00262,10,,,,,,,,
,,,,,2446,8.803921,16,,,,,,,,
,,,,,2469,23.743387,23,,,,,,,,
,,,,,2491,18.776958,22,,,,,,,,
,,,,,2509,19.663553,18,,,,,,,,
,,,,,2519,6.689881,10,,,,,,,,
,,,,,2570,52.581944,51,,,,,,,,
,,,,,2607,22.174055,37,,,,,,,,
,,,,,2625,11.877817,18,,,,,,,,
,,,,,2639,9.345627,14,,,,,,,,
,,,,,2661,20.960548,22,,,,,,,,
,,,,,2676,10.084416,15,,,,,,,,
,,,,,2689,6.657559,13,,,,,,,,
,,,,,2718,17.800411,29,,,,,,,,
,,,,,2739,12.143059,21,,,,,,,,
,,,,,2762,23.078203,23,,,,,,,,
,,,,,2783,14.574089,21,,,,,,,,
,,,,,2813,23.331987,30,,,,,,,,
,,,,,2826,6.142517,13,,,,,,,,
,,,,,2861,16.702805,35,,,,,,,,
,,,,,2875,8.5255,14,,,,,,,,
,,,,,2885,7.339139,10,,,,,,,,
,,,,,2900,7.9235954,15,,,,,,,,
,,,,,2919,20.385942,19,,,,,,,,
,,,,,2930,8.408753,11,,,,,,,,
,,,,,2946,15.10663,16,,,,,,,,
,,,,,2969,13.854956,23,,,,,,,,
,,,,,2995,21.91719,26,,,,,,,,
,,,,,3014,18.293392,19,,,,,,,,
,,,,,3046,6.3735304,32,,,,,,,,
,,,,,3059,11.664263,13,,,,,,,,
,,,,,3070,8.81486,11,,,,,,,,
,,,,,3099,25.66245,29,,,,,,,,
,,,,,3123,25.51138,24,,,,,,,,
,,,,,3143,11.397853,20,,,,,,,,
,,,,,3166,21.090271,23,,,,,,,,
,,,,,3200,21.772974,34,,,,,,,,
,,,,,3215,12.856094,15,,,,,,,,
,,,,,3232,14.869135,17,,,,,,,,
,,,,,3242,7.4310684,10,,,,,,,,
,,,,,3253,5.591326,11,,,,,,,,
,,,,,3277,10.553209,24,,,,,,,,
,,,,,3294,16.223326,17,,,,,,,,
,,,,,3343,46.102825,49,,,,,,,,
,,,,,3363,10.163486,20,,,,,,,,
,,,,,3395,34.640354,32,,,,,,,,
,,,,,3442,28.56188,47,,,,,,,,
,,,,,3457,8.849994,15,,,,,,,,
,,,,,3465,5.0756664,8,,,,,,,,
,,,,,3492,11.952843,27,,,,,,,,
,,,,,3528,18.6535,36,,,,,,,,
,,,,,3537,6.125349,9,,,,,,,,
,,,,,3551,13.010589,14,,,,,,,,
,,,,,3565,8.078071,14,,,,,,,,
,,,,,3593,37.035454,28,,,,,,,,
,,,,,3605,8.471481,12,,,,,,,,
,,,,,3645,29.770664,40,,,,,,,,
,,,,,3682,40.198555,37,,,,,,,,
,,,,,3703,22.929749,21,,,,,,,,
,,,,,3713,7.4644437,10,,,,,,,,
,,,,,3745,38.734756,32,,,,,,,,
,,,,,3773,21.268559,28,,,,,,,,
,,,,,3784,8.329414,11,,,,,,,,
,,,,,3810,19.671991,26,,,,,,,,
,,,,,3823,8.006541,13,,,,,,,,
,,,,,3846,20.746288,23,,,,,,,,
,,,,,3862,8.562617,16,,,,,,,,
,,,,,3887,17.418314,25,,,,,,,,
,,,,,3901,8.003776,14,,,,,,,,
,,,,,3916,9.584568,15,,,,,,,,
,,,,,3938,14.763801,22,,,,,,,,
,,,,,3960,12.0720625,22,,,,,,,,
,,,,,3976,13.186245,16,,,,,,,,
,,,,,3994,16.891388,18,,,,,,,,
,,,,,4019,17.460615,25,,,,,,,,
,,,,,4041,19.468029,22,,,,,,,,
,,,,,4059,17.303837,18,,,,,,,,
,,,,,4072,8.230302,13,,,,,,,,
,,,,,4092,15.979076,20,,,,,,,,
,,,,,4118,22.250164,26,,,,,,,,
,,,,,4133,10.222774,15,,,,,,,,
,,,,,4143,8.34872,10,,,,,,,,
,,,,,4175,25.985102,32,,,,,,,,
,,,,,4189,8.434817,14,,,,,,,,
,,,,,4203,7.903254,14,,,,,,,,
,,,,,4218,10.927784,15,,,,,,,,
,,,,,4268,50.976677,50,,,,,,,,
,,,,,4280,6.9820566,12,,,,,,,,
,,,,,4314,10.834131,34,,,,,,,,
,,,,,4324,7.787614,10,,,,,,,,
,,,,,4347,14.908875,23,,,,,,,,
,,,,,4366,19.534836,19,,,,,,,,
,,,,,4383,10.128349,17,,,,,,,,
,,,,,4391,5.9150786,8,,,,,,,,
,,,,,4403,9.527103,12,,,,,,,,
,,,,,4424,27.013088,21,,,,,,,,
,,,,,4435,9.472492,11,,,,,,,,
,,,,,4451,15.274062,16,,,,,,,,
,,,,,4463,10.537057,12,,,,,,,,
,,,,,4484,20.0296,21,,,,,,,,
,,,,,4496,10.199423,12,,,,,,,,
,,,,,4513,14.754444,17,,,,,,,,
,,,,,4543,36.557728,30,,,,,,,,
,,,,,4566,17.687845,23,,,,,,,,
,,,,,4618,63.896763,52,,,,,,,,
,,,,,4636,16.434498,18,,,,,,,,
,,,,,4649,8.562827,13,,,,,,,,
,,,,,4672,10.936554,23,,,,,,,,
,,,,,4695,20.831076,23,,,,,,,,
,,,,,4713,19.802122,18,,,,,,,,
,,,,,4743,23.64955,30,,,,,,,,
,,,,,4756,11.599785,13,,,,,,,,
,,,,,4769,9.079662,13,,,,,,,,
,,,,,4788,7.8189993,19,,,,,,,,
,,,,,4802,12.909187,14,,,,,,,,
,,,,,4813,9.382439,11,,,,,,,,
,,,,,4830,8.63271,17,,,,,,,,
,,,,,4845,9.901918,15,,,,,,,,
,,,,,4861,13.266148,16,,,,,,,,
,,,,,4882,19.383366,21,,,,,,,,
,,,,,4904,22.009514,22,,,,,,,,
,,,,,4934,20.844418,30,,,,,,,,
,,,,,4977,49.089878,43,,,,,,,,
,,,,,4989,7.7320347,12,,,,,,,,
30.793167,19.75742,64.856026,9.743601,27.0,5000,,,,,,,,,,
,,,,,5003,8.914486,14,,,,,,,,
,,,,,5014,8.695208,11,,,,,,,,
,,,,,5025,8.230545,11,,,,,,,,
,,,,,5048,22.429073,23,,,,,,,,
,,,,,5069,15.863851,21,,,,,,,,
,,,,,5104,30.738438,35,,,,,,,,
,,,,,5115,8.125232,11,,,,,,,,
,,,,,5125,7.754309,10,,,,,,,,
,,,,,5207,146.52228,82,,,,,,,,
,,,,,5223,10.448152,16,,,,,,,,
,,,,,5253,26.164028,30,,,,,,,,
,,,,,5272,16.92862,19,,,,,,,,
,,,,,5290,15.584128,18,,,,,,,,
,,,,,5316,31.07513,26,,,,,,,,
,,,,,5334,13.896298,18,,,,,,,,
,,,,,5355,18.970083,21,,,,,,,,
,,,,,5374,13.16001,19,,,,,,,,
,,,,,5400,20.720413,26,,,,,,,,
,,,,,5416,14.77084,16,,,,,,,,
,,,,,5431,12.054964,15,,,,,,,,
,,,,,5441,7.842863,10,,,,,,,,
,,,,,5452,9.429348,11,,,,,,,,
,,,,,5466,10.664224,14,,,,,,,,
,,,,,5481,11.990676,15,,,,,,,,
,,,,,5501,23.56637,20,,,,,,,,
,,,,,5517,15.637142,16,,,,,,,,
,,,,,5533,17.80449,16,,,,,,,,
,,,,,5548,11.798913,15,,,,,,,,
,,,,,5566,18.734142,18,,,,,,,,
,,,,,5580,12.592868,14,,,,,,,,
,,,,,5604,26.642736,24,,,,,,,,
,,,,,5629,17.967762,25,,,,,,,,
,,,,,5645,14.516362,16,,,,,,,,
,,,,,5657,10.534817,12,,,,,,,,
,,,,,5725,128.45764,68,,,,,,,,
,,,,,5742,14.382438,17,,,,,,,,
,,,,,5754,10.078422,12,,,,,,,,
,,,,,5776,20.344496,22,,,,,,,,
,,,,,5793,16.714607,17,,,,,,,,
,,,,,5810,17.138084,17,,,,,,,,
,,,,,5820,8.141301,10,,,,,,,,
,,,,,5841,11.290842,21,,,,,,,,
,,,,,5876,41.601154,35,,,,,,,,
,,,,,5897,20.676289,21,,,,,,,,
,,,,,5922,22.647806,25,,,,,,,,
,,,,,5938,13.891617,16,,,,,,,,
,,,,,5961,22.684292,23,,,,,,,,
,,,,,5976,13.419569,15,,,,,,,,
,,,,,5984,5.732214,8,,,,,,,,
,,,,,5994,6.9880095,10,,,,,,,,
,,,,,6010,13.544444,16,,,,,,,,
,,,,,6031,22.965672,21,,,,,,,,
,,,,,6059,35.32626,28,,,,,,,,
,,,,,6070,9.285889,11,,,,,,,,
,,,,,6090,14.954359,20,,,,,,,,
,,,,,6103,11.099707,13,,,,,,,,
,,,,,6116,10.857313,13,,,,,,,,
,,,,,6130,7.927945,14,,,,,,,,
,,,,,6144,11.038518,14,,,,,,,,
,,,,,6158,8.761612,14,,,,,,,,
,,,,,6177,18.517694,19,,,,,,,,
,,,,,6194,12.454721,17,,,,,,,,
,,,,,6209,11.139707,15,,,,,,,,
,,,,,6255,37.238136,46,,,,,,,,
,,,,,6278,23.262318,23,,,,,,,,
,,,,,6293,11.836692,15,,,,,,,,
,,,,,6311,19.066343,18,,,,,,,,
,,,,,6325,12.760179,14,,,,,,,,
,,,,,6351,17.75164,26,,,,,,,,
,,,,,6360,7.4818397,9,,,,,,,,
,,,,,6375,9.271133,15,,,,,,,,
,,,,,6400,19.928898,25,,,,,,,,
,,,,,6420,22.969753,20,,,,,,,,
,,,,,6433,11.63813,13,,,,,,,,
,,,,,6454,21.360931,21,,,,,,,,
,,,,,6490,30.96008,36,,,,,,,,
,,,,,6505,11.240339,15,,,,,,,,
,,,,,6520,13.517542,15,,,,,,,,
,,,,,6544,11.824621,24,,,,,,,,
,,,,,6563,18.350182,19,,,,,,,,
,,,,,6593,38.418587,30,,,,,,,,
,,,,,6625,42.785744,32,,,,,,,,
,,,,,6639,15.26336,14,,,,,,,,
,,,,,6708,64.47253,69,,,,,,,,
,,,,,6724,12.472944,16,,,,,,,,
,,,,,6750,15.814743,26,,,,,,,,
,,,,,6797,54.595898,47,,,,,,,,
,,,,,6814,9.381806,17,,,,,,,,
,,,,,6841,31.606646,27,,,,,,,,
,,,,,6859,19.130411,18,,,,,,,,
,,,,,6879,20.79271,20,,,,,,,,
,,,,,6900,11.827243,21,,,,,,,,
,,,,,6916,8.811706,16,,,,,,,,
,,,,,6936,21.628872,20,,,,,,,,
,,,,,6948,10.194682,12,,,,,,,,
,,,,,6986,32.749413,38,,,,,,,,
,,,,,6998,10.996473,12,,,,,,,,
,,,,,7021,27.241343,23,,,,,,,,
,,,,,7039,16.195984,18,,,,,,,,
,,,,,7058,21.994013,19,,,,,,,,
,,,,,7077,18.68655,19,,,,,,,,
,,,,,7099,25.544838,22,,,,,,,,
,,,,,7115,11.446608,16,,,,,,,,
,,,,,7143,11.105616,28,,,,,,,,
,,,,,7168,11.622354,25,,,,,,,,
,,,,,7214,46.862602,46,,,,,,,,
,,,,,7235,19.335413,21,,,,,,,,
,,,,,7247,10.823247,12,,,,,,,,
,,,,,7260,12.633636,13,,,,,,,,
,,,,,7278,17.792618,18,,,,,,,,
,,,,,7289,9.660591,11,,,,,,,,
,,,,,7310,23.878254,21,,,,,,,,
,,,,,7334,22.165062,24,,,,,,,,
,,,,,7350,16.117674,16,,,,,,,,
,,,,,7366,10.737895,16,,,,,,,,
,,,,,7385,12.868744,19,,,,,,,,
,,,,,7413,23.86434,28,,,,,,,,
,,,,,7431,11.930386,18,,,,,,,,
,,,,,7455,21.236502,24,,,,,,,,
,,,,,7473,18.946453,18,,,,,,,,
,,,,,7487,12.36091,14,,,,,,,,
,,,,,7531,37.343353,44,,,,,,,,
,,,,,7559,22.263943,28,,,,,,,,
,,,,,7597,50.587646,38,,,,,,,,
,,,,,7611,11.41137,14,,,,,,,,
,,,,,7654,59.451683,43,,,,,,,,
,,,,,7670,12.544592,16,,,,,,,,
,,,,,7682,8.498422,12,,,,,,,,
,,,,,7701,13.431912,19,,,,,,,,
,,,,,7717,13.163435,16,,,,,,,,
,,,,,7751,14.531929,34,,,,,,,,
,,,,,7777,16.66498,26,,,,,,,,
,,,,,7789,10.481321,12,,,,,,,,
,,,,,7813,21.927752,24,,,,,,,,
,,,,,7833,20.53927,20,,,,,,,,
,,,,,7856,12.910024,23,,,,,,,,
,,,,,7879,25.3303,23,,,,,,,,
,,,,,7896,13.134063,17,,,,,,,,
,,,,,7912,12.344669,16,,,,,,,,
,,,,,7929,15.63214,17,,,,,,,,
,,,,,7951,14.070191,22,,,,,,,,
,,,,,7966,11.452604,15,,,,,,,,
,,,,,7979,10.674455,13,,,,,,,,
,,,,,7994,13.612666,15,,,,,,,,
,,,,,8024,29.178923,30,,,,,,,,
,,,,,8034,7.8460064,10,,,,,,,,
,,,,,8072,56.167183,38,,,,,,,,
,,,,,8088,13.468456,16,,,,,,,,
,,,,,8117,36.61753,29,,,,,,,,
,,,,,8133,15.526236,16,,,,,,,,
,,,,,8148,11.159564,15,,,,,,,,
,,,,,8161,11.589421,13,,,,,,,,
,,,,,8191,38.691612,30,,,,,,,,
,,,,,8210,13.462656,19,,,,,,,,
,,,,,8224,9.696305,14,,,,,,,,
,,,,,8236,7.3476877,12,,,,,,,,
,,,,,8259,19.783134,23,,,,,,,,
,,,,,8272,10.919395,13,,,,,,,,
,,,,,8283,9.1052,11,,,,,,,,
,,,,,8299,12.745846,16,,,,,,,,
,,,,,8328,38.636623,29,,,,,,,,
,,,,,8351,18.513145,23,,,,,,,,
,,,,,8359,5.7651734,8,,,,,,,,
,,,,,8383,15.842775,24,,,,,,,,
,,,,,8420,37.42488,37,,,,,,,,
,,,,,8440,18.596535,20,,,,,,,,
,,,,,8456,17.211473,16,,,,,,,,
,,,,,8496,42.67842,40,,,,,,,,
,,,,,8512,9.840836,16,,,,,,,,
,,,,,8533,11.611558,21,,,,,,,,
,,,,,8552,16.000313,19,,,,,,,,
,,,,,8577,30.558212,25,,,,,,,,
,,,,,8611,26.421284,34,,,,,,,,
,,,,,8638,25.899532,27,,,,,,,,
,,,,,8647,4.4132543,9,,,,,,,,
,,,,,8658,9.377279,11,,,,,,,,
,,,,,8668,7.4670563,10,,,,,,,,
,,,,,8685,14.794048,17,,,,,,,,
,,,,,8703,11.350293,18,,,,,,,,
,,,,,8727,23.301447,24,,,,,,,,
,,,,,8780,78.68756,53,,,,,,,,
,,,,,8792,9.205871,12,,,,,,,,
,,,,,8810,16.813063,18,,,,,,,,
,,,,,8825,14.007968,15,,,,,,,,
,,,,,8837,9.470893,12,,,,,,,,
,,,,,8856,13.740552,19,,,,,,,,
,,,,,8870,7.5960617,14,,,,,,,,
,,,,,8897,12.60363,27,,,,,,,,
,,,,,8919,12.366004,22,,,,,,,,
,,,,,8968,46.306595,49,,,,,,,,
,,,,,8990,20.019321,22,,,,,,,,
,,,,,9032,45.726784,42,,,,,,,,
,,,,,9048,10.835699,16,,,,,,,,
,,,,,9073,9.739496,25,,,,,,,,
,,,,,9088,14.632477,15,,,,,,,,
,,,,,9099,9.470209,11,,,,,,,,
,,,,,9108,6.124625,9,,,,,,,,
,,,,,9118,8.766748,10,,,,,,,,
,,,,,9130,9.470269,12,,,,,,,,
,,,,,9147,17.445568,17,,,,,,,,
,,,,,9163,10.443333,16,,,,,,,,
,,,,,9181,12.260285,18,,,,,,,,
,,,,,9201,19.939934,20,,,,,,,,
,,,,,9221,13.217168,20,,,,,,,,
,,,,,9237,15.765868,16,,,,,,,,
,,,,,9267,18.11459,30,,,,,,,,
,,,,,9289,25.806997,22,,,,,,,,
,,,,,9318,26.269363,29,,,,,,,,
,,,,,9328,7.4570622,10,,,,,,,,
,,,,,9352,27.724403,24,,,,,,,,
,,,,,9371,17.156832,19,,,,,,,,
,,,,,9392,15.694174,21,,,,,,,,
,,,,,9403,8.741597,11,,,,,,,,
,,,,,9450,78.69932,47,,,,,,,,
,,,,,9480,39.847923,30,,,,,,,,
,,,,,9506,24.350395,26,,,,,,,,
,,,,,9526,19.500797,20,,,,,,,,
,,,,,9564,8.800827,38,,,,,,,,
,,,,,9589,30.203484,25,,,,,,,,
,,,,,9609,13.834246,20,,,,,,,,
,,,,,9630,12.743999,21,,,,,,,,
,,,,,9643,12.115723,13,,,,,,,,
,,,,,9663,13.71557,20,,,,,,,,
,,,,,9672,7.5662656,9,,,,,,,,
,,,,,9713,61.52334,41,,,,,,,,
,,,,,9734,16.501926,21,,,,,,,,
,,,,,9746,9.892581,12,,,,,,,,
,,,,,9784,30.832642,38,,,,,,,,
,,,,,9802,8.973305,18,,,,,,,,
,,,,,9817,13.798808,15,,,,,,,,
,,,,,9839,26.226341,22,,,,,,,,
,,,,,9855,16.208096,16,,,,,,,,
,,,,,9871,11.977893,16,,,,,,,,
,,,,,9881,8.3331375,10,,,,,,,,
,,,,,9915,20.15329,34,,,,,,,,
,,,,,9938,20.837475,23,,,,,,,,
,,,,,9952,13.414746,14,,,,,,,,
,,,,,9962,7.377604,10,,,,,,,,
,,,,,9978,14.961763,16,,,,,,,,
,,,,,9986,6.0821767,8,,,,,,,,
19.89888,13.546704,50.41952,7.833376,20.9,10000,,,-0.27780449390411377,1.9902243614196777,1.0753591060638428,0.006176641210913658,0.9670038819313049,0.0003,0.0003,0.1
,,,,,10011,20.478846,25,,,,,,,,
,,,,,10064,87.45107,53,,,,,,,,
,,,,,10113,83.44892,49,,,,,,,,
,,,,,10164,22.289192,51,,,,,,,,
,,,,,10257,174.3381,93,,,,,,,,
,,,,,10355,220.1548,98,,,,,,,,
,,,,,10404,82.52948,49,,,,,,,,
,,,,,10448,67.98792,44,,,,,,,,
,,,,,10500,93.00174,52,,,,,,,,
,,,,,10541,69.52625,41,,,,,,,,
,,,,,10586,77.38582,45,,,,,,,,
,,,,,10630,75.45892,44,,,,,,,,
,,,,,10672,70.23222,42,,,,,,,,
,,,,,10704,52.47236,32,,,,,,,,
,,,,,10743,63.854507,39,,,,,,,,
,,,,,10776,53.754745,33,,,,,,,,
,,,,,10817,68.38102,41,,,,,,,,
,,,,,10856,64.40947,39,,,,,,,,
,,,,,10897,68.89179,41,,,,,,,,
,,,,,10940,73.81649,43,,,,,,,,
,,,,,10976,59.544888,36,,,,,,,,
,,,,,11000,,,-6.441634654998779,0.22775787115097046,0.39311403036117554,5.775218963623047,5.900708198547363,0.0003,0.0003,0.1
,,,,,11011,57.87143,35,,,,,,,,
,,,,,11046,59.22604,35,,,,,,,,
,,,,,11086,67.26571,40,,,,,,,,
,,,,,11139,96.19511,53,,,,,,,,
,,,,,11167,46.952473,28,,,,,,,,
,,,,,11207,67.07701,40,,,,,,,,
,,,,,11301,216.88904,94,,,,,,,,
,,,,,11390,199.56718,89,,,,,,,,
,,,,,11476,180.10448,86,,,,,,,,
,,,,,11563,195.13501,87,,,,,,,,
,,,,,11647,179.52998,84,,,,,,,,
,,,,,11731,187.23831,84,,,,,,,,
,,,,,11815,180.02486,84,,,,,,,,
,,,,,11900,180.13632,85,,,,,,,,
,,,,,11985,184.21379,85,,,,,,,,
,,,,,12000,,,-15.002897262573242,-1.1101678609848022,1.3481026887893677,13.458597183227539,13.731815338134766,0.0003,0.0003,0.1
,,,,,12070,185.57553,85,,,,,,,,
,,,,,12153,174.8768,83,,,,,,,,
,,,,,12236,182.81432,83,,,,,,,,
,,,,,12320,180.73325,84,,,,,,,,
,,,,,12407,194.15685,87,,,,,,,,
,,,,,12491,181.53351,84,,,,,,,,
,,,,,12574,183.79102,83,,,,,,,,
,,,,,12657,179.71912,83,,,,,,,,
,,,,,12741,181.19052,84,,,,,,,,
,,,,,12825,182.99234,84,,,,,,,,
,,,,,12906,173.45589,81,,,,,,,,
,,,,,12988,171.61469,82,,,,,,,,
,,,,,13000,,,-23.82709503173828,-1.101377010345459,0.9152611494064331,22.07769012451172,22.376422882080078,0.0003,0.0003,0.1
,,,,,13077,193.95105,89,,,,,,,,
,,,,,13163,189.04288,86,,,,,,,,
,,,,,13249,188.1661,86,,,,,,,,
,,,,,13335,188.69537,86,,,,,,,,
,,,,,13417,174.91063,82,,,,,,,,
,,,,,13509,191.86763,92,,,,,,,,
,,,,,13609,226.8395,100,,,,,,,,
,,,,,13705,198.26865,96,,,,,,,,
,,,,,13797,204.13048,92,,,,,,,,
,,,,,13888,179.5874,91,,,,,,,,
,,,,,13969,176.14867,81,,,,,,,,
,,,,,14000,,,-33.545284271240234,-1.2426164150238037,2.711261749267578,31.737592697143555,31.685028076171875,0.0003,0.0003,0.1
,,,,,14055,188.87335,86,,,,,,,,
,,,,,14146,205.5447,91,,,,,,,,
,,,,,14223,142.6542,77,,,,,,,,
,,,,,14311,180.78236,88,,,,,,,,
,,,,,14394,172.82826,83,,,,,,,,
,,,,,14488,190.37573,94,,,,,,,,
,,,,,14585,210.55891,97,,,,,,,,
,,,,,14675,198.17116,90,,,,,,,,
,,,,,14762,189.1927,87,,,,,,,,
,,,,,14857,195.59644,95,,,,,,,,
,,,,,14948,197.69896,91,,,,,,,,
198.21642,6.937198,207.82567,188.44913,90.2,15000,,,-42.25387191772461,-1.595780372619629,8.245477676391602,40.09797286987305,39.92839050292969,0.0003,0.0003,0.1
,,,,,15039,204.8312,91,,,,,,,,
,,,,,15129,184.77937,90,,,,,,,,
,,,,,15217,193.83525,88,,,,,,,,
,,,,,15300,176.17976,83,,,,,,,,
,,,,,15386,186.71646,86,,,,,,,,
,,,,,15471,181.94336,85,,,,,,,,
,,,,,15560,190.69234,89,,,,,,,,
,,,,,15657,219.83623,97,,,,,,,,
,,,,,15744,190.45856,87,,,,,,,,
,,,,,15828,164.63289,84,,,,,,,,
,,,,,15911,174.35347,83,,,,,,,,
,,,,,16000,,,-51.66147232055664,-1.300475001335144,10.698691368103027,48.96344757080078,48.84907913208008,0.0003,0.0003,0.1
,,,,,16003,186.82085,92,,,,,,,,
,,,,,16089,179.049,86,,,,,,,,
,,,,,16177,196.60968,88,,,,,,,,
,,,,,16270,186.5536,93,,,,,,,,
,,,,,16359,180.34029,89,,,,,,,,
,,,,,16447,186.86476,88,,,,,,,,
,,,,,16535,181.35677,88,,,,,,,,
,,,,,16620,175.94635,85,,,,,,,,
,,,,,16717,194.1332,97,,,,,,,,
,,,,,16810,187.61981,93,,,,,,,,
,,,,,16902,194.74377,92,,,,,,,,
,,,,,16993,196.63141,91,,,,,,,,
,,,,,17000,,,-59.16961669921875,-1.0781338214874268,17.193973541259766,56.54035949707031,56.40894317626953,0.0003,0.0003,0.1
,,,,,17085,195.7727,92,,,,,,,,
,,,,,17174,188.61327,89,,,,,,,,
,,,,,17261,189.07658,87,,,,,,,,
,,,,,17356,195.09178,95,,,,,,,,
,,,,,17445,182.56218,89,,,,,,,,
,,,,,17534,192.21405,89,,,,,,,,
,,,,,17625,196.24269,91,,,,,,,,
,,,,,17713,201.01524,88,,,,,,,,
,,,,,17801,189.28102,88,,,,,,,,
,,,,,17892,215.74936,91,,,,,,,,
,,,,,17982,192.80408,90,,,,,,,,
,,,,,18000,,,-66.09867858886719,-0.8667023777961731,1.1974846124649048,64.24774932861328,64.1464614868164,0.0003,0.0003,0.1
,,,,,18069,186.98398,87,,,,,,,,
,,,,,18158,197.21475,89,,,,,,,,
,,,,,18254,192.21588,96,,,,,,,,
,,,,,18354,205.57779,100,,,,,,,,
,,,,,18444,180.3671,90,,,,,,,,
,,,,,18540,207.24101,96,,,,,,,,
,,,,,18631,207.49135,91,,,,,,,,
,,,,,18720,192.44102,89,,,,,,,,
,,,,,18803,177.45624,83,,,,,,,,
,,,,,18895,186.1687,92,,,,,,,,
,,,,,18980,183.2699,85,,,,,,,,
,,,,,19000,,,-73.35789489746094,-0.8219417929649353,6.768017292022705,71.65069580078125,71.69084930419922,0.0003,0.0003,0.1
,,,,,19068,191.51279,88,,,,,,,,
,,,,,19158,193.6814,90,,,,,,,,
,,,,,19246,184.47516,88,,,,,,,,
,,,,,19335,189.32918,89,,,,,,,,
,,,,,19427,209.43732,92,,,,,,,,
,,,,,19518,209.75624,91,,,,,,,,
,,,,,19615,219.52936,97,,,,,,,,
,,,,,19712,202.16412,97,,,,,,,,
,,,,,19806,215.0788,94,,,,,,,,
,,,,,19901,213.89122,95,,,,,,,,
220.54292,6.1708927,231.26169,212.473,95.6,20000,,,-79.52519989013672,-1.1288530826568604,30.040128707885742,76.4803466796875,76.36116790771484,0.0003,0.0003,0.1
,,,,,20003,229.07767,102,,,,,,,,
,,,,,20100,202.81624,97,,,,,,,,
,,,,,20201,237.22021,101,,,,,,,,
,,,,,20298,230.92342,97,,,,,,,,
,,,,,20394,224.26305,96,,,,,,,,
,,,,,20492,237.0566,98,,,,,,,,
,,,,,20591,232.22743,99,,,,,,,,
,,,,,20695,231.85703,104,,,,,,,,
,,,,,20798,240.53136,103,,,,,,,,
,,,,,20891,214.14897,93,,,,,,,,
,,,,,20987,216.13539,96,,,,,,,,
,,,,,21000,,,-85.25498962402344,-1.0963220596313477,3.4587411880493164,82.83042907714844,83.02471923828125,0.0003,0.0003,0.1
,,,,,21080,221.69072,93,,,,,,,,
,,,,,21181,233.60823,101,,,,,,,,
,,,,,21278,222.38123,97,,,,,,,,
,,,,,21375,229.59274,97,,,,,,,,
,,,,,21471,228.15932,96,,,,,,,,
,,,,,21570,232.54166,99,,,,,,,,
,,,,,21595,39.042484,25,,,,,,,,
,,,,,21624,46.841614,29,,,,,,,,
,,,,,21717,204.14604,93,,,,,,,,
,,,,,21820,228.50198,103,,,,,,,,
,,,,,21922,228.34712,102,,,,,,,,
,,,,,22000,,,-91.25281524658203,-1.0840904712677002,19.477155685424805,88.79910278320312,88.29126739501953,0.0003,0.0003,0.1
,,,,,22022,230.14078,100,,,,,,,,
,,,,,22121,239.29758,99,,,,,,,,
,,,,,22219,233.87431,98,,,,,,,,
,,,,,22261,74.20666,42,,,,,,,,
,,,,,22356,220.67249,95,,,,,,,,
,,,,,22449,207.52675,93,,,,,,,,
,,,,,22488,68.374306,39,,,,,,,,
,,,,,22530,72.57106,42,,,,,,,,
,,,,,22570,71.47072,40,,,,,,,,
,,,,,22672,193.60384,102,,,,,,,,
,,,,,22784,228.76173,112,,,,,,,,
,,,,,22890,223.65033,106,,,,,,,,
,,,,,22998,224.0091,108,,,,,,,,
,,,,,23000,,,-92.31539154052734,-1.0455337762832642,13.039661407470703,88.87908172607422,88.73612976074219,0.0003,0.0003,0.1
,,,,,23102,214.76701,104,,,,,,,,
,,,,,23199,199.68329,97,,,,,,,,
,,,,,23318,255.3219,119,,,,,,,,
,,,,,23420,206.97844,102,,,,,,,,
,,,,,23520,221.82726,100,,,,,,,,
,,,,,23624,238.15736,104,,,,,,,,
,,,,,23727,248.62396,103,,,,,,,,
,,,,,23838,242.18018,111,,,,,,,,
,,,,,23945,247.80826,107,,,,,,,,
,,,,,24000,,,-97.18069458007812,-1.2205612659454346,11.913962364196777,95.1556396484375,94.71586608886719,0.0003,0.0003,0.1
,,,,,24048,236.66777,103,,,,,,,,
,,,,,24145,201.9049,97,,,,,,,,
,,,,,24253,241.0202,108,,,,,,,,
,,,,,24363,257.79962,110,,,,,,,,
,,,,,24470,229.76488,107,,,,,,,,
,,,,,24582,246.01746,112,,,,,,,,
,,,,,24678,216.36487,96,,,,,,,,
,,,,,24789,256.0768,111,,,,,,,,
,,,,,24896,242.79994,107,,,,,,,,
,,,,,24931,62.77212,35,,,,,,,,
246.5192,10.146275,271.71255,236.4835,111.1,25000,,,-104.12508392333984,-1.449764609336853,12.515271186828613,100.33283996582031,99.99746704101562,0.0003,0.0003,0.1
,,,,,25036,239.08675,105,,,,,,,,
,,,,,25149,247.19077,113,,,,,,,,
,,,,,25251,212.44006,102,,,,,,,,
,,,,,25368,260.10397,117,,,,,,,,
,,,,,25471,247.23247,103,,,,,,,,
,,,,,25578,234.78024,107,,,,,,,,
,,,,,25684,246.89198,106,,,,,,,,
,,,,,25798,264.21277,114,,,,,,,,
,,,,,25909,261.3183,111,,,,,,,,
,,,,,26000,,,-103.54313659667969,-1.1889196634292603,15.839271545410156,100.83979797363281,100.5865478515625,0.0003,0.0003,0.1
,,,,,26027,264.38852,118,,,,,,,,
,,,,,26139,238.49062,112,,,,,,,,
,,,,,26255,270.24188,116,,,,,,,,
,,,,,26367,247.31187,112,,,,,,,,
,,,,,26481,272.14172,114,,,,,,,,
,,,,,26598,271.364,117,,,,,,,,
,,,,,26719,290.47546,121,,,,,,,,
,,,,,26837,271.57175,118,,,,,,,,
,,,,,26952,261.44943,115,,,,,,,,
,,,,,27000,,,-111.64342498779297,-1.4329578876495361,8.578319549560547,108.52855682373047,108.54435729980469,0.0003,0.0003,0.1
,,,,,27074,281.71393,122,,,,,,,,
,,,,,27182,251.83263,108,,,,,,,,
,,,,,27299,258.42645,117,,,,,,,,
,,,,,27411,257.02463,112,,,,,,,,
,,,,,27528,277.41803,117,,,,,,,,
,,,,,27639,243.8956,111,,,,,,,,
,,,,,27756,241.43282,117,,,,,,,,
,,,,,27871,255.133,115,,,,,,,,
,,,,,27989,271.23196,118,,,,,,,,
,,,,,28000,,,-110.27900695800781,-1.2280367612838745,8.838348388671875,106.76294708251953,106.48979949951172,0.0003,0.0003,0.1
,,,,,28102,247.09967,113,,,,,,,,
,,,,,28206,230.75555,104,,,,,,,,
,,,,,28320,237.03659,114,,,,,,,,
,,,,,28437,283.4383,117,,,,,,,,
,,,,,28552,266.9496,115,,,,,,,,
,,,,,28669,268.43604,117,,,,,,,,
,,,,,28775,241.74803,106,,,,,,,,
,,,,,28897,279.10913,122,,,,,,,,
,,,,,28998,234.6758,101,,,,,,,,
,,,,,29000,,,-116.25251770019531,-1.4969675540924072,9.741218566894531,112.74700927734375,113.06393432617188,0.0003,0.0003,0.1
,,,,,29101,244.54666,103,,,,,,,,
,,,,,29208,260.4733,107,,,,,,,,
,,,,,29326,270.13275,118,,,,,,,,
,,,,,29435,271.04382,109,,,,,,,,
,,,,,29560,292.77423,125,,,,,,,,
,,,,,29680,250.90704,120,,,,,,,,
,,,,,29807,322.92764,127,,,,,,,,
,,,,,29934,347.05487,127,,,,,,,,
307.00134,20.072084,341.42883,261.13226,121.9,30000,,,-120.61579895019531,-1.6860092878341675,20.320598602294922,117.80274963378906,117.46681213378906,0.0003,0.0003,0.1
,,,,,30042,264.63782,108,,,,,,,,
,,,,,30154,268.12448,112,,,,,,,,
,,,,,30286,359.3855,132,,,,,,,,
,,,,,30418,341.54544,132,,,,,,,,
,,,,,30542,332.94318,124,,,,,,,,
,,,,,30669,343.4686,127,,,,,,,,
,,,,,30796,300.79446,127,,,,,,,,
,,,,,30925,328.31018,129,,,,,,,,
,,,,,31000,,,-118.60824584960938,-1.4766334295272827,8.646507263183594,114.66154479980469,114.85102081298828,0.0003,0.0003,0.1
,,,,,31051,312.08606,126,,,,,,,,
,,,,,31176,325.55954,125,,,,,,,,
,,,,,31305,341.17645,129,,,,,,,,
,,,,,31429,317.46332,124,,,,,,,,
,,,,,31554,326.08868,125,,,,,,,,
,,,,,31676,313.88428,122,,,,,,,,
,,,,,31800,298.66663,124,,,,,,,,
,,,,,31920,299.24582,120,,,,,,,,
,,,,,32000,,,-124.37239074707031,-1.5547317266464233,14.15576457977295,121.21202850341797,121.09700012207031,0.0003,0.0003,0.1
,,,,,32059,376.9233,139,,,,,,,,
,,,,,32191,341.39185,132,,,,,,,,
,,,,,32317,318.68445,126,,,,,,,,
,,,,,32443,329.60986,126,,,,,,,,
,,,,,32575,339.1925,132,,,,,,,,
,,,,,32698,294.45615,123,,,,,,,,
,,,,,32826,327.98734,128,,,,,,,,
,,,,,32959,344.38443,133,,,,,,,,
,,,,,33000,,,-126.51924133300781,-1.665175437927246,9.257328987121582,123.41419982910156,122.87124633789062,0.0003,0.0003,0.1
,,,,,33083,318.25336,124,,,,,,,,
,,,,,33212,334.96646,129,,,,,,,,
,,,,,33346,356.0077,134,,,,,,,,
,,,,,33477,320.69504,131,,,,,,,,
,,,,,33613,368.6689,136,,,,,,,,
,,,,,33743,337.11212,130,,,,,,,,
,,,,,33873,331.02783,130,,,,,,,,
,,,,,34000,,,-133.5248260498047,-1.4554708003997803,8.2103271484375,131.48826599121094,131.44979858398438,0.0003,0.0003,0.1
,,,,,34002,326.59683,129,,,,,,,,
,,,,,34115,270.82462,113,,,,,,,,
,,,,,34253,355.52127,138,,,,,,,,
,,,,,34388,340.35886,135,,,,,,,,
,,,,,34516,306.5196,128,,,,,,,,
,,,,,34645,321.86542,129,,,,,,,,
,,,,,34770,310.58673,125,,,,,,,,
,,,,,34905,358.91837,135,,,,,,,,
333.45868,58.350555,380.7969,168.20474,130.4,35000,,,-129.92282104492188,-1.853327989578247,13.822478294372559,127.60507202148438,127.52815246582031,0.0003,0.0003,0.1
,,,,,35025,279.89072,120,,,,,,,,
,,,,,35158,344.14105,133,,,,,,,,
,,,,,35288,311.48578,130,,,,,,,,
,,,,,35422,353.91214,134,,,,,,,,
,,,,,35559,349.90878,137,,,,,,,,
,,,,,35685,299.31195,126,,,,,,,,
,,,,,35815,342.97855,130,,,,,,,,
,,,,,35954,361.69443,139,,,,,,,,
,,,,,36000,,,-131.86212158203125,-1.4125337600708008,4.913209915161133,129.65560913085938,129.69061279296875,0.0003,0.0003,0.1
,,,,,36081,300.13138,127,,,,,,,,
,,,,,36228,393.108,147,,,,,,,,
,,,,,36359,321.37518,131,,,,,,,,
,,,,,36506,371.07336,147,,,,,,,,
,,,,,36654,391.02444,148,,,,,,,,
,,,,,36798,386.208,144,,,,,,,,
,,,,,36935,339.71133,137,,,,,,,,
,,,,,37000,,,-138.73114013671875,-1.5488333702087402,7.841034412384033,137.07676696777344,136.67234802246094,0.0003,0.0003,0.1
,,,,,37079,367.18982,144,,,,,,,,
,,,,,37222,357.41666,143,,,,,,,,
,,,,,37361,348.88965,139,,,,,,,,
,,,,,37487,288.92468,126,,,,,,,,
,,,,,37639,393.90485,152,,,,,,,,
,,,,,37759,260.11124,120,,,,,,,,
,,,,,37898,318.58093,139,,,,,,,,
,,,,,38000,,,-140.5397186279297,-1.920607566833496,5.0237884521484375,136.903564453125,136.99343872070312,0.0003,0.0003,0.1
,,,,,38038,355.85867,140,,,,,,,,
,,,,,38199,413.98047,161,,,,,,,,
,,,,,38359,412.52606,160,,,,,,,,
,,,,,38520,427.2352,161,,,,,,,,
,,,,,38675,382.7007,155,,,,,,,,
,,,,,38835,396.5792,160,,,,,,,,
,,,,,38993,414.69467,158,,,,,,,,
,,,,,39000,,,-142.47543334960938,-1.9416677951812744,14.376020431518555,137.9325408935547,137.29823303222656,0.0003,0.0003,0.1
,,,,,39150,384.8336,157,,,,,,,,
,,,,,39303,393.1478,153,,,,,,,,
,,,,,39444,324.90576,141,,,,,,,,
,,,,,39605,400.69302,161,,,,,,,,
,,,,,39755,374.04868,150,,,,,,,,
,,,,,39908,372.19305,153,,,,,,,,
381.6065,58.638287,514.6968,297.33005,147.6,40000,,,-140.19235229492188,-1.853349208831787,7.398904323577881,138.33665466308594,138.35983276367188,0.0003,0.0003,0.1
,,,,,40049,362.98462,141,,,,,,,,
,,,,,40202,410.43127,153,,,,,,,,
,,,,,40353,380.11865,151,,,,,,,,
,,,,,40508,414.55698,155,,,,,,,,
,,,,,40676,440.01578,168,,,,,,,,
,,,,,40798,289.65558,122,,,,,,,,
,,,,,40918,277.88687,120,,,,,,,,
,,,,,41000,,,-150.13009643554688,-1.6040841341018677,7.388498783111572,146.19508361816406,146.13522338867188,0.0003,0.0003,0.1
,,,,,41052,322.70407,134,,,,,,,,
,,,,,41192,331.00708,140,,,,,,,,
,,,,,41351,444.04578,159,,,,,,,,
,,,,,41488,316.117,137,,,,,,,,
,,,,,41682,571.7621,194,,,,,,,,
,,,,,41848,460.03546,166,,,,,,,,
,,,,,41984,344.26508,136,,,,,,,,
,,,,,42000,,,-150.68707275390625,-1.6206533908843994,54.84449768066406,148.220947265625,147.22079467773438,0.0003,0.0003,0.1
,,,,,42140,425.7656,156,,,,,,,,
,,,,,42287,377.9669,147,,,,,,,,
,,,,,42459,490.3542,172,,,,,,,,
,,,,,42670,587.90607,211,,,,,,,,
,,,,,42813,400.5422,143,,,,,,,,
,,,,,43000,,,-147.66819763183594,-2.0310349464416504,9.431674003601074,143.62322998046875,143.46282958984375,0.0003,0.0003,0.1
,,,,,43006,571.1084,193,,,,,,,,
,,,,,43166,418.72925,160,,,,,,,,
,,,,,43318,370.28894,152,,,,,,,,
,,,,,43500,523.16724,182,,,,,,,,
,,,,,43664,410.5515,164,,,,,,,,
,,,,,43847,544.291,183,,,,,,,,
,,,,,44000,,,-153.1539764404297,-2.2540090084075928,16.985675811767578,149.80517578125,150.078857421875,0.0003,0.0003,0.1
,,,,,44024,491.96747,177,,,,,,,,
,,,,,44200,464.91132,176,,,,,,,,
,,,,,44381,514.3627,181,,,,,,,,
,,,,,44578,572.4511,197,,,,,,,,
,,,,,44731,364.16702,153,,,,,,,,
,,,,,44924,554.1195,193,,,,,,,,
418.30948,57.08337,544.3217,369.89655,164.4,45000,,,-151.9346466064453,-2.265841245651245,14.050507545471191,149.8086700439453,150.4354248046875,0.0003,0.0003,0.1
,,,,,45095,466.18307,171,,,,,,,,
,,,,,45249,374.47675,154,,,,,,,,
,,,,,45424,478.2668,175,,,,,,,,
,,,,,45599,489.8909,175,,,,,,,,
,,,,,45778,490.72864,179,,,,,,,,
,,,,,45927,383.6017,149,,,,,,,,
,,,,,46000,,,-157.33091735839844,-2.4199297428131104,7.493075847625732,152.35482788085938,151.92674255371094,0.0003,0.0003,0.1
,,,,,46076,425.2401,149,,,,,,,,
,,,,,46248,481.06595,172,,,,,,,,
,,,,,46402,411.49695,154,,,,,,,,
,,,,,46551,391.1402,149,,,,,,,,
,,,,,46686,330.55566,135,,,,,,,,
,,,,,46844,440.94238,158,,,,,,,,
,,,,,46999,414.07407,155,,,,,,,,
,,,,,47000,,,-153.74746704101562,-2.180788993835449,8.001720428466797,152.41827392578125,152.20567321777344,0.0003,0.0003,0.1
,,,,,47155,438.4511,156,,,,,,,,
,,,,,47305,405.5817,150,,,,,,,,
,,,,,47463,437.14948,158,,,,,,,,
,,,,,47613,404.85358,150,,,,,,,,
,,,,,47764,403.5048,151,,,,,,,,
,,,,,47893,307.77557,129,,,,,,,,
,,,,,48000,,,-153.89151000976562,-1.913332462310791,14.490426063537598,152.43173217773438,152.27134704589844,0.0003,0.0003,0.1
,,,,,48041,402.0715,148,,,,,,,,
,,,,,48184,367.13727,143,,,,,,,,
,,,,,48320,334.14612,136,,,,,,,,
,,,,,48461,357.17462,141,,,,,,,,
,,,,,48593,319.10425,132,,,,,,,,
,,,,,48743,401.6553,150,,,,,,,,
,,,,,48908,441.5937,165,,,,,,,,
,,,,,49000,,,-158.67547607421875,-1.632868766784668,4.072120666503906,156.19737243652344,156.27484130859375,0.0003,0.0003,0.1
,,,,,49053,360.12308,145,,,,,,,,
,,,,,49180,285.42218,127,,,,,,,,
,,,,,49326,374.5456,146,,,,,,,,
,,,,,49470,362.93365,144,,,,,,,,
,,,,,49610,343.8607,140,,,,,,,,
,,,,,49755,368.51492,145,,,,,,,,
,,,,,49882,291.3323,127,,,,,,,,
360.51483,44.369095,416.8194,281.03906,143.3,50000,,,-154.09820556640625,-2.1073923110961914,45.80677032470703,150.87332153320312,150.2156982421875,0.0003,0.0003,0.1
,,,,,50040,433.70697,158,,,,,,,,
,,,,,50163,265.6698,123,,,,,,,,
,,,,,50341,493.40717,178,,,,,,,,
,,,,,50520,484.07065,179,,,,,,,,
,,,,,50695,468.9782,175,,,,,,,,
,,,,,50894,558.67816,199,,,,,,,,
,,,,,51000,,,-159.7218780517578,-1.3691716194152832,7.1390485763549805,156.448486328125,156.45420837402344,0.0003,0.0003,0.1
,,,,,51084,531.07764,190,,,,,,,,
,,,,,51264,504.36514,180,,,,,,,,
,,,,,51456,535.76624,192,,,,,,,,
,,,,,51615,388.7573,159,,,,,,,,
,,,,,51823,600.7592,208,,,,,,,,
,,,,,51979,376.58893,156,,,,,,,,
,,,,,52000,,,-157.00613403320312,-2.177428722381592,6.735759258270264,154.9373321533203,154.67752075195312,0.0003,0.0003,0.1
,,,,,52171,499.842,192,,,,,,,,
,,,,,52356,481.36444,185,,,,,,,,
,,,,,52537,477.55536,181,,,,,,,,
,,,,,52720,441.60147,183,,,,,,,,
,,,,,52926,607.4723,206,,,,,,,,
,,,,,53000,,,-156.43386840820312,-1.882285475730896,6.762189865112305,154.65333557128906,154.6728973388672,0.0003,0.0003,0.1
,,,,,53128,535.0631,202,,,,,,,,
,,,,,53302,435.48117,174,,,,,,,,
,,,,,53342,66.81153,40,,,,,,,,
,,,,,53525,486.89648,183,,,,,,,,
,,,,,53562,61.099594,37,,,,,,,,
,,,,,53730,423.2202,168,,,,,,,,
,,,,,53766,59.402546,36,,,,,,,,
,,,,,53803,60.939148,37,,,,,,,,
,,,,,53986,456.4834,183,,,,,,,,
,,,,,54000,,,-162.8372039794922,-1.9060711860656738,9.609800338745117,161.51260375976562,162.03665161132812,0.0003,0.0003,0.1
,,,,,54191,547.7991,205,,,,,,,,
,,,,,54377,435.76416,186,,,,,,,,
,,,,,54546,424.43497,169,,,,,,,,
,,,,,54741,477.0922,195,,,,,,,,
,,,,,54936,462.73874,195,,,,,,,,
439.45914,39.360077,502.51807,377.38562,175.6,55000,,,-163.99737548828125,-1.539716362953186,4.648602485656738,162.9571990966797,163.27056884765625,0.0003,0.0003,0.1
,,,,,55134,508.5732,198,,,,,,,,
,,,,,55345,575.086,211,,,,,,,,
,,,,,55518,421.67398,173,,,,,,,,
,,,,,55691,431.42862,173,,,,,,,,
,,,,,55889,543.6566,198,,,,,,,,
,,,,,56000,,,-162.9305877685547,-1.5914841890335083,14.659636497497559,161.3722686767578,160.88328552246094,0.0003,0.0003,0.1
,,,,,56093,541.6988,204,,,,,,,,
,,,,,56297,505.5301,204,,,,,,,,
,,,,,56502,533.0007,205,,,,,,,,
,,,,,56682,457.71747,180,,,,,,,,
,,,,,56915,635.40674,233,,,,,,,,
,,,,,57000,,,-161.5687255859375,-1.7591558694839478,26.247272491455078,157.09344482421875,157.53492736816406,0.0003,0.0003,0.1
,,,,,57105,469.75577,190,,,,,,,,
,,,,,57273,424.64362,168,,,,,,,,
,,,,,57459,489.45706,186,,,,,,,,
,,,,,57638,443.269,179,,,,,,,,
,,,,,57823,473.36536,185,,,,,,,,
,,,,,58000,,,-155.09426879882812,-1.512091875076294,5.99558162689209,153.98724365234375,153.88623046875,0.0003,0.0003,0.1
,,,,,58054,673.7876,231,,,,,,,,
,,,,,58238,477.20435,184,,,,,,,,
,,,,,58432,504.68,194,,,,,,,,
,,,,,58668,676.05383,236,,,,,,,,
,,,,,58893,613.33185,225,,,,,,,,
,,,,,59000,,,-166.1976318359375,-1.452782392501831,2.5048751831054688,165.23556518554688,164.95074462890625,0.0003,0.0003,0.1
,,,,,59076,469.33377,183,,,,,,,,
,,,,,59264,486.77356,188,,,,,,,,
,,,,,59470,572.02637,206,,,,,,,,
,,,,,59706,637.68524,236,,,,,,,,
,,,,,59877,446.56137,171,,,,,,,,
488.76236,116.622055,765.2853,358.14932,227.4,60000,,,-159.3150634765625,-1.8333954811096191,7.118084907531738,156.98109436035156,157.1280517578125,0.0003,0.0003,0.1
,,,,,60020,338.76767,143,,,,,,,,
,,,,,60207,496.631,187,,,,,,,,
,,,,,60403,524.8553,196,,,,,,,,
,,,,,60530,267.41345,127,,,,,,,,
,,,,,60722,506.22702,192,,,,,,,,
,,,,,60851,290.20264,129,,,,,,,,
,,,,,61000,,,-164.5681610107422,-1.4393486976623535,5.594606876373291,163.02081298828125,162.94293212890625,0.0003,0.0003,0.1
,,,,,61028,478.9744,177,,,,,,,,
,,,,,61189,424.89044,161,,,,,,,,
,,,,,61360,463.57007,171,,,,,,,,
,,,,,61537,463.76978,177,,,,,,,,
,,,,,61704,434.50595,167,,,,,,,,
,,,,,61895,525.30066,191,,,,,,,,
,,,,,62000,,,-162.9488525390625,-1.617440938949585,5.542951583862305,159.8207550048828,159.4852294921875,0.0003,0.0003,0.1
,,,,,62073,480.04703,178,,,,,,,,
,,,,,62248,461.51407,175,,,,,,,,
,,,,,62430,479.25183,182,,,,,,,,
,,,,,62603,452.7459,173,,,,,,,,
,,,,,62769,461.28302,166,,,,,,,,
,,,,,62982,578.30493,213,,,,,,,,
,,,,,63000,,,-162.05279541015625,-1.7976868152618408,15.60952091217041,159.9008331298828,159.36524963378906,0.0003,0.0003,0.1
,,,,,63215,660.9845,233,,,,,,,,
,,,,,63420,544.6397,205,,,,,,,,
,,,,,63634,593.75696,214,,,,,,,,
,,,,,63844,545.1364,210,,,,,,,,
,,,,,64000,,,-164.30307006835938,-1.5547553300857544,5.442840099334717,163.51695251464844,163.41555786132812,0.0003,0.0003,0.1
,,,,,64045,524.10266,201,,,,,,,,
,,,,,64269,616.60254,224,,,,,,,,
,,,,,64465,541.61975,196,,,,,,,,
,,,,,64664,512.6771,199,,,,,,,,
,,,,,64868,563.91705,204,,,,,,,,
515.94653,53.236946,577.4694,415.11362,186.6,65000,,,-163.38632202148438,-1.1429622173309326,13.75984001159668,162.25592041015625,162.38731384277344,0.0003,0.0003,0.1
,,,,,65067,567.03864,199,,,,,,,,
,,,,,65266,548.9111,199,,,,,,,,
,,,,,65470,572.6763,204,,,,,,,,
,,,,,65669,552.94666,199,,,,,,,,
,,,,,65876,589.42676,207,,,,,,,,
,,,,,66000,,,-162.73663330078125,-1.6905347108840942,3.5084965229034424,162.11520385742188,162.34625244140625,0.0003,0.0003,0.1
,,,,,66082,574.43945,206,,,,,,,,
,,,,,66284,580.12524,202,,,,,,,,
,,,,,66481,530.6144,197,,,,,,,,
,,,,,66499,20.69184,18,,,,,,,,
,,,,,66522,27.346893,23,,,,,,,,
,,,,,66725,559.527,203,,,,,,,,
,,,,,66921,559.8107,196,,,,,,,,
,,,,,67000,,,-164.15264892578125,-1.4965922832489014,5.492729187011719,162.71597290039062,162.6968231201172,0.0003,0.0003,0.1
,,,,,67160,713.08606,239,,,,,,,,
,,,,,67355,512.38135,195,,,,,,,,
,,,,,67554,535.696,199,,,,,,,,
,,,,,67752,559.81696,198,,,,,,,,
,,,,,67997,717.6339,245,,,,,,,,
,,,,,68000,,,-164.74691772460938,-1.7832558155059814,5.613392353057861,162.23580932617188,162.23187255859375,0.0003,0.0003,0.1
,,,,,68192,533.2673,195,,,,,,,,
,,,,,68386,553.19,194,,,,,,,,
,,,,,68686,860.6391,300,,,,,,,,
,,,,,68935,708.77277,249,,,,,,,,
,,,,,69000,,,-166.8668975830078,-1.9090385437011719,13.561513900756836,163.17697143554688,163.1771240234375,0.0003,0.0003,0.1
,,,,,69068,337.32907,133,,,,,,,,
,,,,,69293,645.1249,225,,,,,,,,
,,,,,69500,544.8651,207,,,,,,,,
,,,,,69700,482.51834,200,,,,,,,,
,,,,,69927,661.9082,227,,,,,,,,
657.80035,182.36447,957.6229,376.02548,232.6,70000,,,-157.8258056640625,-1.7329580783843994,4.516355991363525,156.6620635986328,156.64865112304688,0.0003,0.0003,0.1
,,,,,70126,502.84814,199,,,,,,,,
,,,,,70336,617.67395,210,,,,,,,,
,,,,,70569,651.98285,233,,,,,,,,
,,,,,70806,673.3869,237,,,,,,,,
,,,,,71000,,,-167.05169677734375,-1.8735483884811401,6.7749528884887695,164.59950256347656,164.7791290283203,0.0003,0.0003,0.1
,,,,,71001,541.7724,195,,,,,,,,
,,,,,71361,1035.4872,360,,,,,,,,
,,,,,71601,697.3585,240,,,,,,,,
,,,,,71767,451.56906,166,,,,,,,,
,,,,,71921,377.1936,154,,,,,,,,
,,,,,72000,,,-171.0367431640625,-1.4773311614990234,7.810089588165283,169.70599365234375,169.59364318847656,0.0003,0.0003,0.1
,,,,,72134,580.0189,213,,,,,,,,
,,,,,72393,787.4881,259,,,,,,,,
,,,,,72628,700.24805,235,,,,,,,,
,,,,,72864,709.00726,236,,,,,,,,
,,,,,73000,,,-165.65235900878906,-1.44902765750885,129.5862579345703,164.68258666992188,164.4087371826172,0.0003,0.0003,0.1
,,,,,73114,756.5313,250,,,,,,,,
,,,,,73359,749.48047,245,,,,,,,,
,,,,,73588,658.587,229,,,,,,,,
,,,,,73800,605.99146,212,,,,,,,,
,,,,,74000,,,-172.45919799804688,-1.8226020336151123,11.227533340454102,169.87960815429688,169.5305938720703,0.0003,0.0003,0.1
,,,,,74023,654.75354,223,,,,,,,,
,,,,,74232,539.853,209,,,,,,,,
,,,,,74449,571.16315,217,,,,,,,,
,,,,,74696,709.72754,247,,,,,,,,
,,,,,74866,444.127,170,,,,,,,,
609.67737,93.21085,739.6679,374.8093,214.4,75000,,,-172.38002014160156,-1.6461169719696045,7.335701942443848,170.361328125,170.67547607421875,0.0003,0.0003,0.1
,,,,,75098,655.37494,232,,,,,,,,
,,,,,75345,732.9045,247,,,,,,,,
,,,,,75550,537.37854,205,,,,,,,,
,,,,,75787,695.31116,237,,,,,,,,
,,,,,76000,,,-170.17471313476562,-1.9981510639190674,13.274166107177734,165.8334197998047,165.45596313476562,0.0003,0.0003,0.1
,,,,,76018,663.8127,231,,,,,,,,
,,,,,76170,380.96588,152,,,,,,,,
,,,,,76355,527.6807,185,,,,,,,,
,,,,,76598,721.7922,243,,,,,,,,
,,,,,76794,547.352,196,,,,,,,,
,,,,,77000,,,-175.88641357421875,-1.7115477323532104,13.687420845031738,173.68722534179688,173.81768798828125,0.0003,0.0003,0.1
,,,,,77026,678.401,232,,,,,,,,
,,,,,77272,715.0863,246,,,,,,,,
,,,,,77513,735.979,241,,,,,,,,
,,,,,77733,583.5585,220,,,,,,,,
,,,,,77982,747.93066,249,,,,,,,,
,,,,,78000,,,-174.89926147460938,-1.6990141868591309,7.790682792663574,172.58804321289062,172.7158966064453,0.0003,0.0003,0.1
,,,,,78207,615.15173,225,,,,,,,,
,,,,,78384,502.93973,177,,,,,,,,
,,,,,78537,384.8486,153,,,,,,,,
,,,,,78783,764.61804,246,,,,,,,,
,,,,,79000,,,-171.76942443847656,-1.5101827383041382,13.318904876708984,168.49896240234375,168.7567138671875,0.0003,0.0003,0.1
,,,,,79029,728.4106,246,,,,,,,,
,,,,,79261,707.2984,232,,,,,,,,
,,,,,79571,972.8483,310,,,,,,,,
,,,,,79729,429.16312,158,,,,,,,,
767.0846,101.498146,968.52594,565.4278,253.1,80000,,,-175.53318786621094,-1.488174319267273,8.375641822814941,174.724365234375,174.61279296875,0.0003,0.0003,0.1
,,,,,80053,998.4619,324,,,,,,,,
,,,,,80303,730.5006,250,,,,,,,,
,,,,,80507,577.63794,204,,,,,,,,
,,,,,80691,514.92126,184,,,,,,,,
,,,,,80933,731.5641,242,,,,,,,,
,,,,,81000,,,-171.98484802246094,-1.7049652338027954,5.546253681182861,170.72930908203125,170.79229736328125,0.0003,0.0003,0.1
,,,,,81128,579.52893,195,,,,,,,,
,,,,,81329,584.5444,201,,,,,,,,
,,,,,81578,728.77313,249,,,,,,,,
,,,,,81741,446.85452,163,,,,,,,,
,,,,,81977,728.4972,236,,,,,,,,
,,,,,82000,,,-173.16900634765625,-1.3889473676681519,15.323894500732422,170.4837646484375,170.84988403320312,0.0003,0.0003,0.1
,,,,,82283,951.17865,306,,,,,,,,
,,,,,82433,357.99805,150,,,,,,,,
,,,,,82672,716.59546,239,,,,,,,,
,,,,,82938,814.4837,266,,,,,,,,
,,,,,83000,,,-177.31979370117188,-1.5876315832138062,4.628665924072266,176.146240234375,175.801513671875,0.0003,0.0003,0.1
,,,,,83142,585.9529,204,,,,,,,,
,,,,,83322,528.63873,180,,,,,,,,
,,,,,83562,737.1378,240,,,,,,,,
,,,,,83798,665.9621,236,,,,,,,,
,,,,,84000,,,-174.3362274169922,-1.9168394804000854,3.8975625038146973,172.28213500976562,172.05410766601562,0.0003,0.0003,0.1
,,,,,84053,751.0441,255,,,,,,,,
,,,,,84200,370.9917,147,,,,,,,,
,,,,,84438,723.7732,238,,,,,,,,
,,,,,84643,557.6194,205,,,,,,,,
,,,,,84793,367.7416,150,,,,,,,,
808.4615,167.47641,1267.7867,683.3602,275.8,85000,,,-181.3400421142578,-1.9524108171463013,5.166117191314697,180.2862548828125,180.2509307861328,0.0003,0.0003,0.1
,,,,,85030,694.32117,237,,,,,,,,
,,,,,85291,789.4849,261,,,,,,,,
,,,,,85547,756.32306,256,,,,,,,,
,,,,,85777,644.87994,230,,,,,,,,
,,,,,86000,,,-183.6701202392578,-2.0257785320281982,4.547365188598633,182.3106689453125,182.12600708007812,0.0003,0.0003,0.1
,,,,,86047,801.68604,270,,,,,,,,
,,,,,86295,764.89124,248,,,,,,,,
,,,,,86551,754.2506,256,,,,,,,,
,,,,,86804,760.4879,253,,,,,,,,
,,,,,87000,,,-183.9954833984375,-1.5465723276138306,5.209120273590088,182.654296875,182.82257080078125,0.0003,0.0003,0.1
,,,,,87004,587.803,200,,,,,,,,
,,,,,87252,766.4242,248,,,,,,,,
,,,,,87390,334.0734,138,,,,,,,,
,,,,,87640,770.14557,250,,,,,,,,
,,,,,87892,772.46234,252,,,,,,,,
,,,,,88000,,,-177.78890991210938,-1.888661503791809,7.219790458679199,176.83087158203125,177.01495361328125,0.0003,0.0003,0.1
,,,,,88132,732.2018,240,,,,,,,,
,,,,,88432,922.31726,300,,,,,,,,
,,,,,88636,598.73944,204,,,,,,,,
,,,,,88898,780.0826,262,,,,,,,,
,,,,,89000,,,-179.13536071777344,-1.7720524072647095,14.230673789978027,175.60873413085938,174.5113525390625,0.0003,0.0003,0.1
,,,,,89193,865.847,295,,,,,,,,
,,,,,89501,936.1667,308,,,,,,,,
,,,,,89753,747.5953,252,,,,,,,,
,,,,,89963,563.92114,210,,,,,,,,
899.1205,423.2155,1695.7161,353.53104,323.4,90000,,,-181.07778930664062,-1.7631199359893799,10.62392807006836,178.78790283203125,178.6791534423828,0.0003,0.0003,0.1
,,,,,90263,929.0878,300,,,,,,,,
,,,,,90551,842.3785,288,,,,,,,,
,,,,,90964,1172.0269,413,,,,,,,,
,,,,,91000,,,-188.1028289794922,-1.773672103881836,6.585261344909668,187.4127655029297,187.59532165527344,0.0003,0.0003,0.1
,,,,,91233,802.6125,269,,,,,,,,
,,,,,91519,853.4126,286,,,,,,,,
,,,,,91727,546.1401,208,,,,,,,,
,,,,,91930,542.8238,203,,,,,,,,
,,,,,92000,,,-189.30398559570312,-2.169114112854004,16.079524993896484,185.46612548828125,184.90631103515625,0.0003,0.0003,0.1
,,,,,92137,552.04645,207,,,,,,,,
,,,,,92346,560.2927,209,,,,,,,,
,,,,,92592,749.66656,246,,,,,,,,
,,,,,92879,836.7264,287,,,,,,,,
,,,,,93000,,,-182.37350463867188,-1.8743336200714111,7.779361724853516,180.96315002441406,180.80970764160156,0.0003,0.0003,0.1
,,,,,93097,598.801,218,,,,,,,,
,,,,,93420,946.4897,323,,,,,,,,
,,,,,94000,,,-185.56463623046875,-1.7898930311203003,9.340970993041992,182.94598388671875,182.5352783203125,0.0003,0.0003,0.1
,,,,,94382,2827.326,962,,,,,,,,
,,,,,94906,1501.0468,524,,,,,,,,
1402.3782,762.1507,2576.8542,511.54742,492.0,95000,,,-189.43475341796875,-1.5258809328079224,8.931556701660156,185.93441772460938,185.54888916015625,0.0003,0.0003,0.1
,,,,,95222,978.7628,316,,,,,,,,
,,,,,95438,553.23505,216,,,,,,,,
,,,,,95873,1161.1986,435,,,,,,,,
,,,,,96000,,,-186.00735473632812,-1.8017387390136719,7.05414342880249,184.70452880859375,185.05386352539062,0.0003,0.0003,0.1
,,,,,96092,579.90906,219,,,,,,,,
,,,,,96669,1599.1189,577,,,,,,,,
,,,,,97000,,,-197.42608642578125,-2.1205098628997803,6.477924346923828,194.83937072753906,194.6778106689453,0.0003,0.0003,0.1
,,,,,97669,2866.3064,1000,,,,,,,,
,,,,,98000,,,-186.23269653320312,-1.8657357692718506,5.936559677124023,183.60653686523438,183.75454711914062,0.0003,0.0003,0.1
,,,,,98205,1540.3027,536,,,,,,,,
,,,,,98811,1793.0475,606,,,,,,,,
,,,,,99000,,,-191.8002166748047,-1.76466965675354,5.8514885902404785,189.41526794433594,189.43844604492188,0.0003,0.0003,0.1
,,,,,99331,1530.926,520,,,,,,,,
,,,,,99665,1024.9202,334,,,,,,,,
1338.2488,675.81287,2729.304,713.16,478.2,100000,,,-190.0135040283203,-1.7705377340316772,49.263431549072266,187.0791015625,186.87916564941406,0.0003,0.0003,0.1
,,,,,100665,2718.2527,1000,,,,,,,,
,,,,,101000,,,-184.68234252929688,-1.758150577545166,5.434423446655273,183.14691162109375,183.5891571044922,0.0003,0.0003,0.1
,,,,,101665,2685.3145,1000,,,,,,,,
,,,,,102000,,,-196.22509765625,-2.3335514068603516,19.281341552734375,193.53329467773438,193.63644409179688,0.0003,0.0003,0.1
,,,,,102313,1837.1029,648,,,,,,,,
,,,,,102637,999.1772,324,,,,,,,,
,,,,,102885,709.35376,248,,,,,,,,
,,,,,103000,,,-190.86456298828125,-1.7911373376846313,4.989231586456299,188.73672485351562,188.4160614013672,0.0003,0.0003,0.1
,,,,,103148,751.26263,263,,,,,,,,
,,,,,103492,1074.1353,344,,,,,,,,
,,,,,103757,835.03424,265,,,,,,,,
,,,,,104000,,,-203.07176208496094,-1.9411122798919678,15.052698135375977,200.56417846679688,200.35623168945312,0.0003,0.0003,0.1
,,,,,104005,705.44586,248,,,,,,,,
,,,,,104324,972.3565,319,,,,,,,,
,,,,,104585,818.45667,261,,,,,,,,
1460.0718,786.62787,2663.765,709.18744,534.6,105000,,,-196.75405883789062,-1.4910907745361328,26.100975036621094,195.96624755859375,195.36985778808594,0.0003,0.0003,0.1
,,,,,105585,2713.388,1000,,,,,,,,
,,,,,105887,834.50354,302,,,,,,,,
,,,,,106000,,,-189.642822265625,-2.0309300422668457,11.333202362060547,187.83241271972656,188.07931518554688,0.0003,0.0003,0.1
,,,,,106140,734.2154,253,,,,,,,,
,,,,,106398,732.24164,258,,,,,,,,
,,,,,106918,1517.4645,520,,,,,,,,
,,,,,107000,,,-205.9601593017578,-1.7374279499053955,12.661060333251953,203.2610626220703,203.35105895996094,0.0003,0.0003,0.1
,,,,,107237,978.81396,319,,,,,,,,
,,,,,107760,1401.1749,523,,,,,,,,
,,,,,108000,,,-202.46388244628906,-1.5719854831695557,4.946084976196289,201.16717529296875,201.33995056152344,0.0003,0.0003,0.1
,,,,,108760,2703.497,1000,,,,,,,,
,,,,,109000,,,-201.68092346191406,-1.4838289022445679,13.766395568847656,200.6478271484375,199.42971801757812,0.0003,0.0003,0.1
,,,,,109760,2773.111,1000,,,,,,,,
1906.8232,831.03864,2868.993,734.90125,659.6,110000,,,-198.68966674804688,-1.758434534072876,9.918932914733887,197.8458709716797,197.50465393066406,0.0003,0.0003,0.1
,,,,,110592,2382.8718,832,,,,,,,,
,,,,,110969,1194.2251,377,,,,,,,,
,,,,,111000,,,-198.2444305419922,-2.0329670906066895,12.920475959777832,196.7384490966797,196.6693878173828,0.0003,0.0003,0.1
,,,,,111410,1306.8427,441,,,,,,,,
,,,,,112000,,,-201.2393798828125,-1.8536491394042969,6.1927080154418945,199.65771484375,199.48721313476562,0.0003,0.0003,0.1
,,,,,112010,1756.7719,600,,,,,,,,
,,,,,112332,969.59094,322,,,,,,,,
,,,,,112729,1178.8198,397,,,,,,,,
,,,,,113000,,,-203.75172424316406,-1.613830804824829,34.90196228027344,203.0157928466797,203.13299560546875,0.0003,0.0003,0.1
,,,,,113531,2420.6807,802,,,,,,,,
,,,,,114000,,,-207.53024291992188,-1.7502708435058594,7.563632965087891,206.53851318359375,206.4892578125,0.0003,0.0003,0.1
,,,,,114427,2594.1514,896,,,,,,,,
1278.0339,457.61798,2239.2136,732.4111,432.5,115000,,,-205.80435180664062,-1.4844547510147095,17.478126525878906,205.1812286376953,205.12332153320312,0.0003,0.0003,0.1
,,,,,115319,2639.8457,892,,,,,,,,
,,,,,115648,1001.08777,329,,,,,,,,
,,,,,116000,,,-202.80838012695312,-1.7926768064498901,10.767664909362793,201.53582763671875,201.38795471191406,0.0003,0.0003,0.1
,,,,,116029,1202.2505,381,,,,,,,,
,,,,,116296,794.11926,267,,,,,,,,
,,,,,116550,820.7501,254,,,,,,,,
,,,,,116946,1180.4321,396,,,,,,,,
,,,,,117000,,,-204.0241241455078,-1.5521624088287354,10.53475284576416,203.36141967773438,204.06814575195312,0.0003,0.0003,0.1
,,,,,117405,1401.3202,459,,,,,,,,
,,,,,117788,1139.2692,383,,,,,,,,
,,,,,118000,,,-207.01803588867188,-1.8121817111968994,6.364202499389648,205.6234893798828,205.7484893798828,0.0003,0.0003,0.1
,,,,,118788,2817.4893,1000,,,,,,,,
,,,,,119000,,,-206.70071411132812,-1.88818359375,175.26290893554688,203.14886474609375,202.36239624023438,0.0003,0.0003,0.1
,,,,,119593,2516.114,805,,,,,,,,
952.07684,432.71036,1923.9935,332.2869,330.9,120000,,,-206.64369201660156,-1.6942665576934814,5.465276718139648,205.65484619140625,205.54672241210938,0.0003,0.0003,0.1
,,,,,120102,1443.2987,509,,,,,,,,
,,,,,120507,1217.6398,405,,,,,,,,
,,,,,120869,1086.545,362,,,,,,,,
,,,,,121000,,,-200.8753662109375,-1.9247984886169434,29.2546329498291,199.33883666992188,199.6209716796875,0.0003,0.0003,0.1
,,,,,121258,1173.0876,389,,,,,,,,
,,,,,121821,1608.4159,563,,,,,,,,
,,,,,122000,,,-207.95462036132812,-1.5660154819488525,4.876317501068115,207.5879669189453,207.43869018554688,0.0003,0.0003,0.1
,,,,,122821,2891.1306,1000,,,,,,,,
,,,,,123000,,,-211.0853271484375,-1.8592803478240967,8.701892852783203,210.81466674804688,211.19398498535156,0.0003,0.0003,0.1
,,,,,123821,2786.3206,1000,,,,,,,,
,,,,,124000,,,-205.97474670410156,-1.8652143478393555,13.958906173706055,204.2025146484375,203.89303588867188,0.0003,0.0003,0.1
,,,,,124821,2739.8376,1000,,,,,,,,
,,,,,124967,366.37012,146,,,,,,,,
1647.8655,844.6652,2798.2927,358.53598,582.5,125000,,,-202.01687622070312,-1.560293197631836,6.760586738586426,200.17347717285156,200.41107177734375,0.0003,0.0003,0.1
,,,,,125615,1820.1484,648,,,,,,,,
,,,,,126000,,,-208.22557067871094,-1.7113615274429321,6.124020576477051,206.8756561279297,206.99371337890625,0.0003,0.0003,0.1
,,,,,126514,2566.6487,899,,,,,,,,
,,,,,126899,1028.65,385,,,,,,,,
,,,,,127000,,,-205.36175537109375,-1.9877970218658447,6.605415344238281,204.69818115234375,204.57196044921875,0.0003,0.0003,0.1
,,,,,127899,2757.7808,1000,,,,,,,,
,,,,,128000,,,-210.73008728027344,-1.7885087728500366,63.38867950439453,209.77293395996094,210.09674072265625,0.0003,0.0003,0.1
,,,,,128899,2769.9622,1000,,,,,,,,
,,,,,129000,,,-216.48275756835938,-1.633225679397583,8.866172790527344,215.3623046875,215.0023193359375,0.0003,0.0003,0.1
,,,,,129364,1414.4967,465,,,,,,,,
,,,,,129518,386.47357,154,,,,,,,,
,,,,,129865,1023.2176,347,,,,,,,,
,,,,,130000,328.42386,135,,,,,,,,
1467.5426,964.6071,2794.0142,506.62772,526.6,130000,,,-211.96080017089844,-1.5577819347381592,4.319921493530273,211.3026580810547,211.88185119628906,0.0003,0.0003,0.1
,,,,,130401,1276.6821,401,,,,,,,,
,,,,,130780,1211.9076,379,,,,,,,,
,,,,,130962,489.8062,182,,,,,,,,
,,,,,131000,,,-218.77352905273438,-1.3858246803283691,5.542209148406982,218.35235595703125,218.62559509277344,0.0003,0.0003,0.1
,,,,,131628,1933.8257,666,,,,,,,,
,,,,,132000,,,-213.64234924316406,-1.6234990358352661,7.4621477127075195,212.83262634277344,213.22024536132812,0.0003,0.0003,0.1
,,,,,132088,1405.6377,460,,,,,,,,
,,,,,132844,2122.0984,756,,,,,,,,
,,,,,133000,,,-220.40170288085938,-1.1682286262512207,9.230818748474121,219.96649169921875,219.8565673828125,0.0003,0.0003,0.1
,,,,,133344,1465.1251,500,,,,,,,,
,,,,,134000,,,-211.6302490234375,-1.8940117359161377,9.378951072692871,209.4498291015625,209.78952026367188,0.0003,0.0003,0.1
,,,,,134344,2765.026,1000,,,,,,,,
,,,,,134739,1195.4891,395,,,,,,,,
,,,,,134764,33.834526,25,,,,,,,,
2640.6604,253.84729,2858.0798,2176.9646,928.4,135000,,,-218.20663452148438,-1.5106854438781738,3.7438302040100098,216.7581787109375,216.66329956054688,0.0003,0.0003,0.1
,,,,,135764,2822.5417,1000,,,,,,,,
,,,,,136000,,,-211.03143310546875,-1.751739740371704,4.783034324645996,209.57205200195312,209.91119384765625,0.0003,0.0003,0.1
,,,,,136696,2693.2822,932,,,,,,,,
,,,,,137000,,,-216.4302215576172,-1.5230095386505127,16.818988800048828,213.072265625,212.80747985839844,0.0003,0.0003,0.1
,,,,,137030,988.952,334,,,,,,,,
,,,,,138000,,,-220.07882690429688,-1.7298903465270996,15.150381088256836,218.5977020263672,218.9912109375,0.0003,0.0003,0.1
,,,,,138030,2763.503,1000,,,,,,,,
,,,,,138987,2893.0283,957,,,,,,,,
,,,,,139000,,,-225.63735961914062,-1.5923850536346436,9.36752986907959,224.698974609375,225.1250457763672,0.0003,0.0003,0.1
,,,,,139987,2841.949,1000,,,,,,,,
2773.3025,17.056581,2816.235,2748.2466,1000.0,140000,,,-221.71774291992188,-1.633230447769165,6.84697961807251,221.20404052734375,221.2496337890625,0.0003,0.0003,0.1
,,,,,140987,2807.4248,1000,,,,,,,,
,,,,,141000,,,-224.97447204589844,-1.50249183177948,4.289689064025879,224.75820922851562,224.68658447265625,0.0003,0.0003,0.1
,,,,,141736,2187.823,749,,,,,,,,
,,,,,142000,,,-220.7150421142578,-1.5462366342544556,14.251511573791504,218.91867065429688,218.73866271972656,0.0003,0.0003,0.1
,,,,,142736,2820.206,1000,,,,,,,,
,,,,,143000,,,-223.36105346679688,-1.4211143255233765,13.18028736114502,222.61410522460938,222.97901916503906,0.0003,0.0003,0.1
,,,,,143736,2803.5125,1000,,,,,,,,
,,,,,144000,,,-215.45054626464844,-1.7386049032211304,12.441620826721191,212.71273803710938,212.72564697265625,0.0003,0.0003,0.1
,,,,,144736,2812.3013,1000,,,,,,,,
2427.3132,652.68164,2770.4368,949.2083,869.5,145000,,,-218.8018035888672,-1.7045235633850098,110.55905151367188,215.88966369628906,215.30841064453125,0.0003,0.0003,0.1
,,,,,145736,2801.3325,1000,,,,,,,,
,,,,,145962,711.1515,226,,,,,,,,
,,,,,146000,,,-225.43870544433594,-1.501339077949524,11.921148300170898,223.29751586914062,222.74656677246094,0.0003,0.0003,0.1
,,,,,146962,2810.8164,1000,,,,,,,,
,,,,,147000,,,-224.27967834472656,-1.6855080127716064,7.983745574951172,222.62045288085938,222.39642333984375,0.0003,0.0003,0.1
,,,,,147244,793.7072,282,,,,,,,,
,,,,,148000,,,-219.619873046875,-1.6841254234313965,7.1255106925964355,218.74081420898438,218.78192138671875,0.0003,0.0003,0.1
,,,,,148244,2826.5496,1000,,,,,,,,
,,,,,149000,,,-226.06283569335938,-1.3785450458526611,4.644288539886475,224.9308624267578,224.8468017578125,0.0003,0.0003,0.1
,,,,,149244,2784.7957,1000,,,,,,,,
2341.0222,795.5566,2936.2288,588.3279,813.1,150000,,,-226.3575439453125,-1.4580141305923462,3.8430185317993164,225.19728088378906,225.36080932617188,0.0003,0.0003,0.1
,,,,,150244,2830.5706,1000,,,,,,,,
,,,,,150556,1025.4989,312,,,,,,,,
,,,,,150768,656.9595,212,,,,,,,,
,,,,,151000,,,-220.09579467773438,-1.6304417848587036,12.985655784606934,218.82916259765625,218.97996520996094,0.0003,0.0003,0.1
,,,,,151492,2075.5361,724,,,,,,,,
,,,,,151774,797.5667,282,,,,,,,,
,,,,,152000,,,-229.1509246826172,-1.5476677417755127,10.846739768981934,226.6620635986328,226.69638061523438,0.0003,0.0003,0.1
,,,,,152774,2857.1199,1000,,,,,,,,
,,,,,153000,,,-223.47232055664062,-1.7324498891830444,73.18228149414062,220.35076904296875,218.84292602539062,0.0003,0.0003,0.1
,,,,,153774,2852.2273,1000,,,,,,,,
,,,,,154000,,,-223.25332641601562,-1.6589882373809814,26.186344146728516,221.4588165283203,221.3814239501953,0.0003,0.0003,0.1
,,,,,154774,2829.261,1000,,,,,,,,
2821.8188,12.800012,2843.8457,2801.8367,1000.0,155000,,,-227.7191619873047,-1.545815348625183,26.433067321777344,226.46461486816406,226.2987060546875,0.0003,0.0003,0.1
,,,,,155774,2967.2979,1000,,,,,,,,
,,,,,156000,,,-230.64144897460938,-1.4535292387008667,29.03241729736328,229.7528076171875,229.68798828125,0.0003,0.0003,0.1
,,,,,156774,2826.1338,1000,,,,,,,,
,,,,,157000,,,-230.4005126953125,-1.2403620481491089,8.389750480651855,229.14666748046875,229.34121704101562,0.0003,0.0003,0.1
,,,,,157774,2866.0098,1000,,,,,,,,
,,,,,158000,,,-232.07196044921875,-1.0708435773849487,3.791731834411621,231.62796020507812,231.33016967773438,0.0003,0.0003,0.1
,,,,,158774,2845.5002,1000,,,,,,,,
,,,,,159000,,,-229.7439727783203,-1.3160569667816162,10.318511962890625,228.56378173828125,228.80072021484375,0.0003,0.0003,0.1
,,,,,159774,2834.4023,1000,,,,,,,,
2346.0906,778.0771,2886.1702,1019.6437,810.5,160000,,,-231.7768096923828,-1.4078307151794434,3.597982406616211,231.48365783691406,231.4751434326172,0.0003,0.0003,0.1
,,,,,160774,2850.8845,1000,,,,,,,,
,,,,,161000,,,-227.3337860107422,-1.3738633394241333,4.041816711425781,226.96456909179688,226.9451446533203,0.0003,0.0003,0.1
,,,,,161774,2857.9324,1000,,,,,,,,
,,,,,162000,,,-233.08370971679688,-1.7939729690551758,37.72932815551758,231.87843322753906,231.578369140625,0.0003,0.0003,0.1
,,,,,162774,2852.705,1000,,,,,,,,
,,,,,163000,,,-226.1812744140625,-1.3827710151672363,21.095476150512695,225.37380981445312,225.22731018066406,0.0003,0.0003,0.1
,,,,,163057,907.30255,283,,,,,,,,
,,,,,164000,,,-229.8672332763672,-1.572499394416809,5.701560020446777,228.63226318359375,228.5998992919922,0.0003,0.0003,0.1
,,,,,164057,2840.088,1000,,,,,,,,
,,,,,164842,2346.663,785,,,,,,,,
2637.3835,506.96594,2844.8145,1117.752,936.1,165000,,,-229.2416229248047,-1.559234857559204,5.274622440338135,229.0352783203125,228.838134765625,0.0003,0.0003,0.1
,,,,,165842,2831.9998,1000,,,,,,,,
,,,,,166000,,,-228.76815795898438,-1.695152997970581,8.990741729736328,227.16000366210938,227.3997802734375,0.0003,0.0003,0.1
,,,,,166842,2809.3652,1000,,,,,,,,
,,,,,167000,,,-237.38677978515625,-1.3835341930389404,9.27097225189209,237.00302124023438,236.67523193359375,0.0003,0.0003,0.1
,,,,,167842,2803.184,1000,,,,,,,,
,,,,,168000,,,-230.06475830078125,-1.3534140586853027,93.84754180908203,228.55348205566406,228.1009063720703,0.0003,0.0003,0.1
,,,,,168842,2807.7227,1000,,,,,,,,
,,,,,169000,,,-231.02322387695312,-1.1042044162750244,5.136517524719238,229.5883026123047,229.84518432617188,0.0003,0.0003,0.1
,,,,,169842,2848.635,1000,,,,,,,,
2798.2285,17.75329,2826.0815,2759.663,994.9,170000,,,-232.00967407226562,-1.1333065032958984,8.705032348632812,230.7261505126953,230.8871612548828,0.0003,0.0003,0.1
,,,,,170842,2844.0405,1000,,,,,,,,
,,,,,171000,,,-237.60939025878906,-1.5327751636505127,4.7795329093933105,237.03758239746094,237.27264404296875,0.0003,0.0003,0.1
,,,,,171136,916.5326,294,,,,,,,,
,,,,,172000,,,-232.77194213867188,-1.3006163835525513,4.789734363555908,230.60293579101562,230.68264770507812,0.0003,0.0003,0.1
,,,,,172136,2872.836,1000,,,,,,,,
,,,,,173000,,,-237.45181274414062,-1.5851751565933228,21.651960372924805,235.61009216308594,235.66452026367188,0.0003,0.0003,0.1
,,,,,173136,2849.9456,1000,,,,,,,,
,,,,,173437,995.8566,301,,,,,,,,
,,,,,174000,,,-237.7518310546875,-1.1398695707321167,19.25615692138672,236.83444213867188,236.87118530273438,0.0003,0.0003,0.1
,,,,,174437,2845.9458,1000,,,,,,,,
2738.7883,558.8121,2989.7844,1064.5669,932.0,175000,,,-235.18719482421875,-1.6190659999847412,11.267355918884277,232.739013671875,232.7054443359375,0.0003,0.0003,0.1
,,,,,175017,1822.594,580,,,,,,,,
,,,,,176000,,,-238.96893310546875,-1.5996205806732178,4.856866836547852,236.5601806640625,236.81263732910156,0.0003,0.0003,0.1
,,,,,176017,2893.9592,1000,,,,,,,,
,,,,,177000,,,-236.0023193359375,-1.5794779062271118,6.4058732986450195,234.21286010742188,234.2266387939453,0.0003,0.0003,0.1
,,,,,177017,2926.3025,1000,,,,,,,,
,,,,,178000,,,-238.13546752929688,-1.209371566772461,9.77027416229248,236.99905395507812,237.30145263671875,0.0003,0.0003,0.1
,,,,,178017,2911.731,1000,,,,,,,,
,,,,,179000,,,-239.02230834960938,-1.693077802658081,9.320878982543945,237.235107421875,236.99874877929688,0.0003,0.0003,0.1
,,,,,179017,2918.6074,1000,,,,,,,,
2706.132,296.11816,2878.7666,1830.1122,952.8,180000,,,-239.86962890625,-1.453404188156128,10.253511428833008,238.84542846679688,238.93182373046875,0.0003,0.0003,0.1
,,,,,180017,2867.6016,1000,,,,,,,,
,,,,,181000,,,-238.127197265625,-1.2655112743377686,3.2567267417907715,237.21310424804688,237.40171813964844,0.0003,0.0003,0.1
,,,,,181017,2882.0884,1000,,,,,,,,
,,,,,182000,,,-237.81344604492188,-1.2376900911331177,9.032670021057129,237.2124481201172,237.3023223876953,0.0003,0.0003,0.1
,,,,,182017,2844.3452,1000,,,,,,,,
,,,,,182731,2240.7495,714,,,,,,,,
,,,,,183000,,,-244.94520568847656,-1.1489677429199219,2.6754038333892822,243.17776489257812,243.04698181152344,0.0003,0.0003,0.1
,,,,,183595,2592.0596,864,,,,,,,,
,,,,,184000,,,-245.49432373046875,-1.1559677124023438,6.180383682250977,245.02780151367188,245.31048583984375,0.0003,0.0003,0.1
,,,,,184595,2944.2297,1000,,,,,,,,
2468.5981,747.531,2917.3362,926.4984,843.7,185000,,,-241.69869995117188,-1.3015575408935547,5.519986629486084,241.12738037109375,241.0382843017578,0.0003,0.0003,0.1
,,,,,185595,2916.1929,1000,,,,,,,,
,,,,,186000,,,-240.02796936035156,-1.4296348094940186,5.375652313232422,238.9944610595703,238.7839813232422,0.0003,0.0003,0.1
,,,,,186201,1805.6447,606,,,,,,,,
,,,,,187000,,,-239.9010772705078,-1.0281611680984497,5.627377033233643,238.86294555664062,239.11412048339844,0.0003,0.0003,0.1
,,,,,187201,2903.3662,1000,,,,,,,,
,,,,,188000,,,-241.81610107421875,-1.271169900894165,10.599248886108398,240.38417053222656,240.32427978515625,0.0003,0.0003,0.1
,,,,,188201,2904.1008,1000,,,,,,,,
,,,,,189000,,,-237.99349975585938,-1.2263169288635254,4.955410957336426,237.3155975341797,237.18032836914062,0.0003,0.0003,0.1
,,,,,189201,2885.0925,1000,,,,,,,,
2741.6465,544.82666,2970.5408,1127.1584,918.2,190000,,,-241.42974853515625,-0.8935595750808716,5.461940288543701,239.77728271484375,239.43441772460938,0.0003,0.0003,0.1
,,,,,190201,2970.1362,1000,,,,,,,,
,,,,,191000,,,-246.0503692626953,-1.1112251281738281,3.494537830352783,245.6798553466797,245.84193420410156,0.0003,0.0003,0.1
,,,,,191201,2913.5647,1000,,,,,,,,
,,,,,192000,,,-235.90737915039062,-1.113249659538269,4.874780654907227,235.44805908203125,235.733154296875,0.0003,0.0003,0.1
,,,,,192201,2897.7139,1000,,,,,,,,
,,,,,192612,1344.4958,411,,,,,,,,
,,,,,193000,,,-246.9434051513672,-1.1712806224822998,4.381606101989746,245.5903778076172,245.87156677246094,0.0003,0.0003,0.1
,,,,,193511,2802.1597,899,,,,,,,,
,,,,,193813,867.70605,302,,,,,,,,
,,,,,194000,,,-242.6865692138672,-1.0070909261703491,5.250720500946045,242.11294555664062,242.44830322265625,0.0003,0.0003,0.1
,,,,,194813,2911.9697,1000,,,,,,,,
2707.733,532.1247,2916.3076,1112.0916,933.2,195000,,,-245.6963653564453,-1.0845682621002197,2.428427219390869,245.5435028076172,245.3546142578125,0.0003,0.0003,0.1
,,,,,195552,2311.6016,739,,,,,,,,
,,,,,196000,,,-246.99868774414062,-1.375441312789917,17.634984970092773,245.53640747070312,245.04339599609375,0.0003,0.0003,0.1
,,,,,196552,2916.0996,1000,,,,,,,,
,,,,,197000,,,-241.6537322998047,-1.3565764427185059,5.283910274505615,241.22052001953125,241.2789306640625,0.0003,0.0003,0.1
,,,,,197016,1519.9586,464,,,,,,,,
,,,,,197385,1076.8318,369,,,,,,,,
,,,,,198000,,,-243.98924255371094,-1.0889861583709717,4.100430488586426,243.18711853027344,243.7091064453125,0.0003,0.0003,0.1
,,,,,198385,2957.5444,1000,,,,,,,,
,,,,,199000,,,-235.88845825195312,-1.3153570890426636,9.364398956298828,234.02801513671875,233.88917541503906,0.0003,0.0003,0.1
,,,,,199385,2919.4988,1000,,,,,,,,
2708.4165,640.9685,2965.1235,786.3089,924.5,200000,,,-242.07904052734375,-1.1011234521865845,4.180703639984131,241.8694305419922,241.6455078125,0.0003,0.0003,0.1
,,,,,200385,2886.6917,1000,,,,,,,,
,,,,,201000,,,-245.99502563476562,-1.0965323448181152,4.618714332580566,244.6975555419922,244.75701904296875,0.0003,0.0003,0.1
,,,,,201231,2627.6667,846,,,,,,,,
,,,,,202000,,,-244.31642150878906,-1.0065419673919678,6.656487464904785,242.77919006347656,242.95504760742188,0.0003,0.0003,0.1
,,,,,202231,2904.5647,1000,,,,,,,,
,,,,,203000,,,-244.2725830078125,-1.2324421405792236,6.053957462310791,242.4886932373047,242.47738647460938,0.0003,0.0003,0.1
,,,,,203231,2911.6265,1000,,,,,,,,
,,,,,204000,,,-242.42430114746094,-1.5310003757476807,8.9994535446167,241.67221069335938,241.5811309814453,0.0003,0.0003,0.1
,,,,,204231,2873.6665,1000,,,,,,,,
2733.6118,520.82935,2936.4985,1171.8335,935.0,205000,,,-246.89337158203125,-0.862206757068634,13.464263916015625,246.18064880371094,245.87950134277344,0.0003,0.0003,0.1
,,,,,205231,2899.581,1000,,,,,,,,
,,,,,206000,,,-239.3744659423828,-1.4888392686843872,11.652032852172852,237.29010009765625,237.88861083984375,0.0003,0.0003,0.1
,,,,,206231,2863.745,1000,,,,,,,,
,,,,,207000,,,-252.97555541992188,-1.0648884773254395,2.78346586227417,252.55819702148438,252.56288146972656,0.0003,0.0003,0.1
,,,,,207231,2948.0215,1000,,,,,,,,
,,,,,208000,,,-247.31680297851562,-1.0730730295181274,3.797264814376831,246.95436096191406,246.99600219726562,0.0003,0.0003,0.1
,,,,,208231,2917.013,1000,,,,,,,,
,,,,,208528,1024.6704,297,,,,,,,,
,,,,,209000,,,-249.25308227539062,-0.7937124371528625,3.3624753952026367,248.82241821289062,248.95339965820312,0.0003,0.0003,0.1
,,,,,209528,2969.7517,1000,,,,,,,,
2743.5283,525.23,2941.1223,1168.6621,934.7,210000,,,-248.326171875,-1.063920497894287,4.7540411949157715,247.99195861816406,247.780517578125,0.0003,0.0003,0.1
,,,,,210528,2949.2385,1000,,,,,,,,
,,,,,211000,,,-242.5591583251953,-1.2890583276748657,7.196299076080322,241.0597381591797,241.19485473632812,0.0003,0.0003,0.1
,,,,,211528,2930.8435,1000,,,,,,,,
,,,,,212000,,,-244.32949829101562,-1.2052152156829834,133.5281219482422,242.94403076171875,242.4471435546875,0.0003,0.0003,0.1
,,,,,212488,2951.9792,960,,,,,,,,
,,,,,213000,,,-246.89285278320312,-1.0348531007766724,5.016879558563232,246.52130126953125,246.54576110839844,0.0003,0.0003,0.1
,,,,,213488,2951.974,1000,,,,,,,,
,,,,,214000,,,-245.43434143066406,-1.134505271911621,3.9851491451263428,245.11282348632812,245.40036010742188,0.0003,0.0003,0.1
,,,,,214488,2963.9744,1000,,,,,,,,
2647.4136,660.33545,2986.8647,951.4724,885.3,215000,,,-249.87750244140625,-1.1034966707229614,2.6481313705444336,249.22267150878906,249.4362335205078,0.0003,0.0003,0.1
,,,,,215488,2927.7666,1000,,,,,,,,
,,,,,216000,,,-250.21072387695312,-1.0088155269622803,5.694082736968994,249.7310791015625,249.96263122558594,0.0003,0.0003,0.1
,,,,,216488,2967.1606,1000,,,,,,,,
,,,,,217000,,,-241.45225524902344,-1.3578370809555054,3.607400894165039,240.8880615234375,240.7694091796875,0.0003,0.0003,0.1
,,,,,217488,2931.8474,1000,,,,,,,,
,,,,,218000,,,-247.17828369140625,-1.0991415977478027,3.6693015098571777,245.49270629882812,245.37722778320312,0.0003,0.0003,0.1
,,,,,218488,2923.673,1000,,,,,,,,
,,,,,219000,,,-249.53631591796875,-0.9912306070327759,3.982820510864258,249.3763885498047,249.5238037109375,0.0003,0.0003,0.1
,,,,,219488,2970.0574,1000,,,,,,,,
2135.995,1061.2709,3004.663,27.94537,706.3,220000,,,-246.98892211914062,-1.2890205383300781,32.808467864990234,246.18804931640625,246.48402404785156,0.0003,0.0003,0.1
,,,,,220488,2968.723,1000,,,,,,,,
,,,,,221000,,,-252.72689819335938,-1.421173334121704,9.707674026489258,251.41033935546875,251.4890594482422,0.0003,0.0003,0.1
,,,,,221488,2998.9067,1000,,,,,,,,
,,,,,222000,,,-251.2610321044922,-0.8246457576751709,5.789995193481445,251.00326538085938,251.2821044921875,0.0003,0.0003,0.1
,,,,,222488,2981.1655,1000,,,,,,,,
,,,,,222988,1713.1548,500,,,,,,,,
,,,,,223000,,,-246.63238525390625,-0.6985568404197693,3.9343667030334473,246.42059326171875,246.6014862060547,0.0003,0.0003,0.1
,,,,,223988,2977.0667,1000,,,,,,,,
,,,,,224000,,,-239.30242919921875,-1.4061307907104492,6.452014446258545,239.2047119140625,238.63421630859375,0.0003,0.0003,0.1
,,,,,224988,2948.7188,1000,,,,,,,,
2905.2146,200.63179,3040.098,2309.5793,972.5,225000,,,-250.19778442382812,-1.130842924118042,14.616812705993652,248.9205322265625,248.8314971923828,0.0003,0.0003,0.1
,,,,,225988,2947.4944,1000,,,,,,,,
,,,,,226000,,,-254.48367309570312,-0.8974018096923828,4.962859630584717,253.7268829345703,253.76724243164062,0.0003,0.0003,0.1
,,,,,226876,2640.563,888,,,,,,,,
,,,,,227000,,,-244.93087768554688,-0.9862886667251587,4.099204063415527,244.2835693359375,244.5035400390625,0.0003,0.0003,0.1
,,,,,227876,2951.6472,1000,,,,,,,,
,,,,,228000,,,-251.8013916015625,-0.9871331453323364,4.008196830749512,251.41018676757812,251.3555908203125,0.0003,0.0003,0.1
,,,,,228876,2986.5894,1000,,,,,,,,
,,,,,229000,,,-251.3214569091797,-1.1990175247192383,15.446136474609375,249.8859100341797,249.79446411132812,0.0003,0.0003,0.1
,,,,,229876,3049.3347,1000,,,,,,,,
2908.878,178.53996,3043.0332,2448.4216,949.7,230000,,,-253.74972534179688,-1.0693491697311401,4.904494285583496,253.67127990722656,253.52981567382812,0.0003,0.0003,0.1
,,,,,230876,3002.1838,1000,,,,,,,,
,,,,,231000,,,-249.5763397216797,-0.8157277703285217,4.012306213378906,248.94552612304688,249.0927276611328,0.0003,0.0003,0.1
,,,,,231876,2973.7065,1000,,,,,,,,
,,,,,232000,,,-251.00157165527344,-1.142235517501831,3.2006237506866455,250.34893798828125,250.5525360107422,0.0003,0.0003,0.1
,,,,,232876,2949.876,1000,,,,,,,,
,,,,,233000,,,-253.97439575195312,-0.6933428049087524,5.5992231369018555,253.69015502929688,253.70570373535156,0.0003,0.0003,0.1
,,,,,233876,2974.4895,1000,,,,,,,,
,,,,,234000,,,-250.8317108154297,-1.040031909942627,5.807352066040039,249.42352294921875,249.3555145263672,0.0003,0.0003,0.1
,,,,,234876,2988.8108,1000,,,,,,,,
,,,,,234924,80.23382,48,,,,,,,,
2945.5593,10.702999,2962.2312,2929.641,1000.0,235000,,,-256.82928466796875,-1.2154271602630615,4.797377586364746,256.12652587890625,256.21405029296875,0.0003,0.0003,0.1
,,,,,235924,2978.0986,1000,,,,,,,,
,,,,,236000,,,-256.6376037597656,-1.0862367153167725,2.5831732749938965,256.42620849609375,256.37066650390625,0.0003,0.0003,0.1
,,,,,236924,2963.8154,1000,,,,,,,,
,,,,,237000,,,-257.05194091796875,-0.6475434899330139,26.57192611694336,255.60678100585938,255.49478149414062,0.0003,0.0003,0.1
,,,,,237924,3003.9343,1000,,,,,,,,
,,,,,238000,,,-249.9742431640625,-1.1089961528778076,7.7193145751953125,248.71096801757812,248.38418579101562,0.0003,0.0003,0.1
,,,,,238924,2998.132,1000,,,,,,,,
,,,,,239000,,,-257.05804443359375,-0.7793971300125122,3.9374358654022217,255.50389099121094,255.5626983642578,0.0003,0.0003,0.1
,,,,,239258,1120.6279,334,,,,,,,,
2440.468,830.5166,3031.6108,862.9709,805.3,240000,,,-257.10137939453125,-0.9811475276947021,2.6708173751831055,256.46563720703125,256.60955810546875,0.0003,0.0003,0.1
,,,,,240258,3008.4902,1000,,,,,,,,
,,,,,241000,,,-252.9297637939453,-0.6414840221405029,4.521716117858887,251.1077880859375,251.65309143066406,0.0003,0.0003,0.1
,,,,,241258,3027.815,1000,,,,,,,,
,,,,,242000,,,-253.5012969970703,-1.0820297002792358,8.603131294250488,252.74990844726562,252.61724853515625,0.0003,0.0003,0.1
,,,,,242258,2959.1106,1000,,,,,,,,
,,,,,243000,,,-259.5074157714844,-1.1478487253189087,5.9057536125183105,258.7190856933594,258.507080078125,0.0003,0.0003,0.1
,,,,,243258,3038.222,1000,,,,,,,,
,,,,,243640,1259.3214,382,,,,,,,,
,,,,,244000,,,-251.17152404785156,-1.1079015731811523,4.87834358215332,249.4480438232422,249.32058715820312,0.0003,0.0003,0.1
,,,,,244640,2989.2087,1000,,,,,,,,
2606.7932,744.81573,2998.1057,1102.9723,867.5,245000,,,-253.31024169921875,-1.131328821182251,3.304192543029785,251.67684936523438,251.77896118164062,0.0003,0.0003,0.1
,,,,,245640,2956.222,1000,,,,,,,,
,,,,,246000,,,-252.04942321777344,-0.8632079362869263,90.30066680908203,250.3735809326172,250.82473754882812,0.0003,0.0003,0.1
,,,,,246640,2985.2085,1000,,,,,,,,
,,,,,247000,,,-259.02911376953125,-1.1125357151031494,2.722003936767578,258.14703369140625,258.03961181640625,0.0003,0.0003,0.1
,,,,,247025,1291.0283,385,,,,,,,,
,,,,,247372,1189.086,347,,,,,,,,
,,,,,248000,,,-253.30958557128906,-1.0980294942855835,10.555730819702148,251.17269897460938,251.03335571289062,0.0003,0.0003,0.1
,,,,,248372,3015.597,1000,,,,,,,,
,,,,,249000,,,-253.7080841064453,-0.9768202900886536,5.641841411590576,252.9365997314453,252.8341064453125,0.0003,0.0003,0.1
,,,,,249372,2976.896,1000,,,,,,,,
2056.9954,921.709,3017.7932,995.5358,665.9,250000,,,-258.44281005859375,-0.9313665628433228,2.817944288253784,258.4090576171875,258.1120300292969,0.0003,0.0003,0.1
,,,,,250372,2971.082,1000,,,,,,,,
,,,,,251000,,,-245.19610595703125,-1.0805851221084595,7.991593360900879,242.01760864257812,241.8761444091797,0.0003,0.0003,0.1
,,,,,251372,3003.9998,1000,,,,,,,,
,,,,,252000,,,-255.3153076171875,-1.0162156820297241,5.6625657081604,254.95217895507812,255.27902221679688,0.0003,0.0003,0.1
,,,,,252109,2369.9058,737,,,,,,,,
,,,,,252461,1215.6311,352,,,,,,,,
,,,,,252824,1251.5397,363,,,,,,,,
,,,,,253000,,,-254.52130126953125,-0.9811686277389526,3.263078451156616,254.22442626953125,254.50152587890625,0.0003,0.0003,0.1
,,,,,253824,3005.3645,1000,,,,,,,,
,,,,,254000,,,-254.39828491210938,-0.9019395112991333,12.592645645141602,253.1170654296875,252.64649963378906,0.0003,0.0003,0.1
,,,,,254824,3001.334,1000,,,,,,,,
2071.9854,908.8413,2989.2976,1067.0813,670.3,255000,,,-248.66294860839844,-1.3013505935668945,3.523332118988037,248.2357940673828,248.08724975585938,0.0003,0.0003,0.1
,,,,,255183,1242.4325,359,,,,,,,,
,,,,,256000,,,-262.23468017578125,-0.9780662059783936,3.395822525024414,261.8849792480469,261.869873046875,0.0003,0.0003,0.1
,,,,,256183,2972.7778,1000,,,,,,,,
,,,,,256488,986.5432,305,,,,,,,,
,,,,,257000,,,-258.8321533203125,-1.1332234144210815,3.1546733379364014,258.8499755859375,258.6173400878906,0.0003,0.0003,0.1
,,,,,257488,2991.1106,1000,,,,,,,,
,,,,,258000,,,-261.863037109375,-1.0393837690353394,4.84018087387085,261.517578125,261.3675231933594,0.0003,0.0003,0.1
,,,,,258488,2982.0464,1000,,,,,,,,
,,,,,259000,,,-254.29954528808594,-0.7823467254638672,6.247478008270264,254.18043518066406,254.18016052246094,0.0003,0.0003,0.1
,,,,,259488,2991.4817,1000,,,,,,,,
2905.2727,527.2267,3128.5535,1325.2021,938.0,260000,,,-256.3365478515625,-0.8777244091033936,3.762251853942871,255.18556213378906,255.0631103515625,0.0003,0.0003,0.1
,,,,,260488,3002.3455,1000,,,,,,,,
,,,,,261000,,,-257.29144287109375,-0.9090712070465088,2.658867835998535,257.0263671875,257.16009521484375,0.0003,0.0003,0.1
,,,,,261488,3048.4312,1000,,,,,,,,
,,,,,262000,,,-264.0582275390625,-0.7834438681602478,3.0972461700439453,263.5205078125,263.3979187011719,0.0003,0.0003,0.1
,,,,,262488,3009.8848,1000,,,,,,,,
,,,,,262772,936.9435,284,,,,,,,,
,,,,,263000,,,-267.5810546875,-0.5410028100013733,2.369987964630127,267.6207580566406,267.42059326171875,0.0003,0.0003,0.1
,,,,,263772,3037.3992,1000,,,,,,,,
,,,,,264000,,,-257.2435302734375,-0.77777099609375,2.3011460304260254,256.8460388183594,256.7787780761719,0.0003,0.0003,0.1
,,,,,264772,3002.7292,1000,,,,,,,,
2602.2593,770.0284,3033.644,1034.472,865.2,265000,,,-258.9281005859375,-0.909265398979187,4.645182132720947,258.6162109375,258.80523681640625,0.0003,0.0003,0.1
,,,,,265772,3002.3691,1000,,,,,,,,
,,,,,266000,,,-261.7380676269531,-1.213587760925293,12.068124771118164,260.7780456542969,260.62548828125,0.0003,0.0003,0.1
,,,,,266772,3012.4004,1000,,,,,,,,
,,,,,267000,,,-260.5805969238281,-1.1210954189300537,22.604352951049805,258.8630676269531,259.6058654785156,0.0003,0.0003,0.1
,,,,,267772,3013.4434,1000,,,,,,,,
,,,,,268000,,,-256.75311279296875,-0.9213459491729736,3.6075124740600586,256.1949462890625,256.1622619628906,0.0003,0.0003,0.1
,,,,,268772,3006.867,1000,,,,,,,,
,,,,,269000,,,-263.85272216796875,-0.7976611852645874,5.884460926055908,262.495849609375,262.4930114746094,0.0003,0.0003,0.1
,,,,,269772,3037.5996,1000,,,,,,,,
2847.7075,633.09906,3087.9946,948.9356,928.4,270000,,,-265.3521728515625,-0.8139165639877319,4.79175329208374,265.12982177734375,264.9602966308594,0.0003,0.0003,0.1
,,,,,270063,962.1334,291,,,,,,,,
,,,,,270340,930.0574,277,,,,,,,,
,,,,,271000,,,-263.1207275390625,-0.8804563283920288,2.6529321670532227,262.911865234375,262.9469299316406,0.0003,0.0003,0.1
,,,,,271340,3022.852,1000,,,,,,,,
,,,,,272000,,,-259.2890930175781,-1.0039047002792358,5.545319557189941,258.8246154785156,258.57373046875,0.0003,0.0003,0.1
,,,,,272340,2998.038,1000,,,,,,,,
,,,,,273000,,,-257.8827209472656,-1.1033589839935303,2.9506301879882812,257.3834533691406,257.3636779785156,0.0003,0.0003,0.1
,,,,,273340,3043.0056,1000,,,,,,,,
,,,,,274000,,,-259.5751037597656,-1.026229739189148,4.023514270782471,259.1280212402344,259.089599609375,0.0003,0.0003,0.1
,,,,,274340,3051.7007,1000,,,,,,,,
3021.3726,12.250322,3044.031,3007.6064,1000.0,275000,,,-262.07305908203125,-0.5173733234405518,3.001060962677002,262.0608825683594,262.110595703125,0.0003,0.0003,0.1
,,,,,275340,3024.026,1000,,,,,,,,
,,,,,275664,1086.5905,324,,,,,,,,
,,,,,276000,,,-267.20574951171875,-0.8934899568557739,4.841440200805664,266.1969299316406,266.23394775390625,0.0003,0.0003,0.1
,,,,,276664,3036.222,1000,,,,,,,,
,,,,,277000,,,-263.96807861328125,-1.19025456905365,10.890848159790039,261.78546142578125,261.59332275390625,0.0003,0.0003,0.1
,,,,,277664,3061.614,1000,,,,,,,,
,,,,,278000,,,-263.32574462890625,-0.8884905576705933,16.580188751220703,262.20550537109375,262.7308349609375,0.0003,0.0003,0.1
,,,,,278664,3013.5483,1000,,,,,,,,
,,,,,279000,,,-261.9139404296875,-0.9389320015907288,4.581079483032227,261.554443359375,261.4726867675781,0.0003,0.0003,0.1
,,,,,279664,3008.7375,1000,,,,,,,,
2254.4058,1024.3138,3117.1504,790.41754,720.9,280000,,,-266.95159912109375,-0.9839664101600647,4.391241073608398,266.05224609375,265.763427734375,0.0003,0.0003,0.1
,,,,,280664,3028.052,1000,,,,,,,,
,,,,,281000,,,-267.61346435546875,-0.6608208417892456,2.2066256999969482,267.25567626953125,267.31842041015625,0.0003,0.0003,0.1
,,,,,281664,3008.8237,1000,,,,,,,,
,,,,,281959,998.397,295,,,,,,,,
,,,,,282000,,,-263.6737976074219,-0.639979898929596,5.659954071044922,262.87255859375,263.05743408203125,0.0003,0.0003,0.1
,,,,,282959,3012.7852,1000,,,,,,,,
,,,,,283000,,,-263.59271240234375,-0.9484133720397949,2.332381248474121,263.16204833984375,262.91717529296875,0.0003,0.0003,0.1
,,,,,283242,978.2571,283,,,,,,,,
,,,,,283601,1230.274,359,,,,,,,,
,,,,,283987,1339.929,386,,,,,,,,
,,,,,284000,,,-262.606689453125,-0.5692886114120483,1.996295690536499,262.5124206542969,262.4634704589844,0.0003,0.0003,0.1
,,,,,284987,3079.5532,1000,,,,,,,,
2514.2234,814.1522,3066.1992,1097.7205,811.4,285000,,,-264.599365234375,-0.7276963591575623,6.825313568115234,263.74053955078125,263.8040771484375,0.0003,0.0003,0.1
,,,,,285361,1204.838,374,,,,,,,,
,,,,,286000,,,-266.6178894042969,-1.2628438472747803,3.804431438446045,265.4423522949219,265.45489501953125,0.0003,0.0003,0.1
,,,,,286361,3047.5405,1000,,,,,,,,
,,,,,287000,,,-254.6374969482422,-1.094361662864685,2.646456480026245,253.69802856445312,253.65850830078125,0.0003,0.0003,0.1
,,,,,287361,3048.0552,1000,,,,,,,,
,,,,,288000,,,-258.2565002441406,-0.9288994669914246,2.310058355331421,256.9787902832031,256.8835144042969,0.0003,0.0003,0.1
,,,,,288361,3024.0652,1000,,,,,,,,
,,,,,288836,1616.7922,475,,,,,,,,
,,,,,289000,,,-260.52215576171875,-0.7239351868629456,3.430203914642334,260.03240966796875,260.05389404296875,0.0003,0.0003,0.1
,,,,,289836,3065.1199,1000,,,,,,,,
2980.6616,12.554814,2995.8425,2954.8184,1000.0,290000,,,-266.9404296875,-0.840285062789917,5.660727500915527,266.2457580566406,265.9253234863281,0.0003,0.0003,0.1
,,,,,290836,3035.9485,1000,,,,,,,,
,,,,,291000,,,-262.0003967285156,-1.1432422399520874,9.337482452392578,259.79241943359375,259.92047119140625,0.0003,0.0003,0.1
,,,,,291836,3087.5217,1000,,,,,,,,
,,,,,292000,,,-261.722900390625,-0.7793283462524414,7.890985488891602,260.9231262207031,260.9507751464844,0.0003,0.0003,0.1
,,,,,292836,3037.958,1000,,,,,,,,
,,,,,293000,,,-259.8522644042969,-1.0554263591766357,6.033124923706055,259.0543212890625,259.0758361816406,0.0003,0.0003,0.1
,,,,,293836,3044.6614,1000,,,,,,,,
,,,,,294000,,,-260.0889892578125,-0.9613816142082214,3.8561134338378906,259.25732421875,259.18145751953125,0.0003,0.0003,0.1
,,,,,294213,1324.375,377,,,,,,,,
2880.0198,531.9692,3075.4263,1284.3649,937.0,295000,,,-260.0272216796875,-0.8782521486282349,45.54589080810547,259.23760986328125,258.8776550292969,0.0003,0.0003,0.1
,,,,,295213,3037.8284,1000,,,,,,,,
,,,,,296000,,,-263.29443359375,-0.5348594188690186,4.233028888702393,263.4354248046875,263.6622009277344,0.0003,0.0003,0.1
,,,,,296213,3025.3564,1000,,,,,,,,
,,,,,297000,,,-263.364013671875,-0.6235499382019043,2.4983224868774414,262.7057800292969,263.0274353027344,0.0003,0.0003,0.1
,,,,,297213,3024.1045,1000,,,,,,,,
,,,,,298000,,,-262.37872314453125,-0.8769519925117493,4.58179235458374,261.14569091796875,261.0464172363281,0.0003,0.0003,0.1
,,,,,298213,3104.9033,1000,,,,,,,,
,,,,,299000,,,-270.61871337890625,-0.6842731237411499,4.044593334197998,269.339111328125,269.09527587890625,0.0003,0.0003,0.1
,,,,,299213,3040.211,1000,,,,,,,,
2338.9185,879.8949,3070.0715,1039.5094,757.7,300000,,,-261.1042785644531,-0.545740008354187,3.364828586578369,260.0442810058594,260.095703125,0.0003,0.0003,0.1
,,,,,300213,3063.33,1000,,,,,,,,
,,,,,301000,,,-266.44281005859375,-0.7088013887405396,3.386058807373047,265.41241455078125,265.5048522949219,0.0003,0.0003,0.1
,,,,,301213,3021.2722,1000,,,,,,,,
,,,,,302000,,,-262.66253662109375,-1.1473151445388794,6.014186859130859,261.3712158203125,261.2454833984375,0.0003,0.0003,0.1
,,,,,302213,3088.1187,1000,,,,,,,,
,,,,,303000,,,-267.22674560546875,-0.5872253775596619,2.25856614112854,267.1914367675781,266.97283935546875,0.0003,0.0003,0.1
,,,,,303213,3016.4966,1000,,,,,,,,
,,,,,304000,,,-264.2716979980469,-0.9421330690383911,3.364407539367676,264.26251220703125,264.231201171875,0.0003,0.0003,0.1
,,,,,304213,3039.5278,1000,,,,,,,,
2366.9512,822.43945,3087.985,1225.0078,756.7,305000,,,-264.75048828125,-0.7818202972412109,2.4126076698303223,264.5806579589844,264.6468505859375,0.0003,0.0003,0.1
,,,,,305213,3041.528,1000,,,,,,,,
,,,,,306000,,,-266.309814453125,-0.7624905109405518,1.8348453044891357,266.28009033203125,266.3709716796875,0.0003,0.0003,0.1
,,,,,306213,3041.3684,1000,,,,,,,,
,,,,,307000,,,-266.76947021484375,-0.82737797498703,2.9307303428649902,265.46112060546875,265.52459716796875,0.0003,0.0003,0.1
,,,,,307213,2998.3787,1000,,,,,,,,
,,,,,308000,,,-268.6459655761719,-0.5940573811531067,25.071701049804688,268.0406494140625,268.2782287597656,0.0003,0.0003,0.1
,,,,,308213,3069.5503,1000,,,,,,,,
,,,,,308509,974.3858,296,,,,,,,,
,,,,,309000,,,-275.3647766113281,-0.4465499520301819,2.5488176345825195,275.2630615234375,275.13623046875,0.0003,0.0003,0.1
,,,,,309509,3075.3481,1000,,,,,,,,
,,,,,309789,941.758,280,,,,,,,,
2044.8317,943.6896,3017.6594,940.201,664.5,310000,,,-269.5238342285156,-0.7174935936927795,24.067655563354492,268.073486328125,267.82037353515625,0.0003,0.0003,0.1
,,,,,310789,3031.3184,1000,,,,,,,,
,,,,,311000,,,-265.7016906738281,-0.8354141116142273,3.0655341148376465,264.28131103515625,264.10455322265625,0.0003,0.0003,0.1
,,,,,311124,1134.8715,335,,,,,,,,
,,,,,311428,1024.9778,304,,,,,,,,
,,,,,312000,,,-269.3304443359375,-0.5529137849807739,2.9367265701293945,268.9566650390625,269.3099365234375,0.0003,0.0003,0.1
,,,,,312428,3065.7957,1000,,,,,,,,
,,,,,313000,,,-266.507568359375,-1.1698741912841797,22.411670684814453,265.26171875,264.91192626953125,0.0003,0.0003,0.1
,,,,,313428,3048.2986,1000,,,,,,,,
,,,,,314000,,,-268.13336181640625,-0.840906023979187,4.072689533233643,267.59503173828125,267.5918273925781,0.0003,0.0003,0.1
,,,,,314428,3050.206,1000,,,,,,,,
3024.8904,7.011812,3038.046,3014.5933,1000.0,315000,,,-264.06268310546875,-0.8706711530685425,3.5194571018218994,263.6174011230469,263.6612548828125,0.0003,0.0003,0.1
,,,,,315428,3049.4456,1000,,,,,,,,
,,,,,316000,,,-270.39874267578125,-0.9935865998268127,18.60919952392578,268.771484375,269.0127868652344,0.0003,0.0003,0.1
,,,,,316428,3031.793,1000,,,,,,,,
,,,,,316760,1110.9543,332,,,,,,,,
,,,,,317000,,,-262.7672119140625,-0.9183959364891052,2.896282911300659,262.392333984375,262.35107421875,0.0003,0.0003,0.1
,,,,,317760,3088.5122,1000,,,,,,,,
,,,,,318000,,,-266.7269287109375,-0.4955650269985199,3.656768798828125,266.2030029296875,266.30877685546875,0.0003,0.0003,0.1
,,,,,318760,3046.014,1000,,,,,,,,
,,,,,319000,,,-264.170166015625,-0.7147581577301025,6.174958229064941,263.17706298828125,263.67889404296875,0.0003,0.0003,0.1
,,,,,319760,3060.4133,1000,,,,,,,,
2863.4404,552.4264,3068.1528,1206.5144,936.2,320000,,,-261.77728271484375,-0.7589784860610962,3.0813937187194824,260.56005859375,260.7190856933594,0.0003,0.0003,0.1
,,,,,320076,1052.6083,316,,,,,,,,
,,,,,320524,1574.2205,448,,,,,,,,
,,,,,320821,1045.5573,297,,,,,,,,
,,,,,321000,,,-271.0180358886719,-0.6886370182037354,2.1415483951568604,269.5624694824219,269.55218505859375,0.0003,0.0003,0.1
,,,,,321821,3037.886,1000,,,,,,,,
,,,,,322000,,,-272.0305480957031,-0.6180100440979004,1.7941175699234009,271.8773193359375,271.8047790527344,0.0003,0.0003,0.1
,,,,,322821,3055.2888,1000,,,,,,,,
,,,,,323000,,,-268.06903076171875,-0.7178335189819336,3.8560495376586914,267.046875,267.07647705078125,0.0003,0.0003,0.1
,,,,,323821,3073.2104,1000,,,,,,,,
,,,,,324000,,,-269.3499755859375,-0.751307487487793,4.949490070343018,267.992919921875,267.52667236328125,0.0003,0.0003,0.1
,,,,,324821,3056.0151,1000,,,,,,,,
2338.602,921.19965,3096.4463,984.0641,746.3,325000,,,-268.7209777832031,-0.6512453556060791,4.718315124511719,268.4400634765625,268.341796875,0.0003,0.0003,0.1
,,,,,325821,3057.5227,1000,,,,,,,,
,,,,,326000,,,-267.467529296875,-0.687246561050415,3.335566282272339,266.27508544921875,266.0469055175781,0.0003,0.0003,0.1
,,,,,326821,3051.7761,1000,,,,,,,,
,,,,,327000,,,-271.1122131347656,-0.5528451204299927,11.046667098999023,270.753662109375,270.9537353515625,0.0003,0.0003,0.1
,,,,,327821,3054.6978,1000,,,,,,,,
,,,,,328000,,,-271.93768310546875,-0.915360689163208,13.667292594909668,271.21685791015625,271.31378173828125,0.0003,0.0003,0.1
,,,,,328821,3062.271,1000,,,,,,,,
,,,,,329000,,,-270.08795166015625,-0.8567632436752319,4.5108842849731445,269.94000244140625,269.78240966796875,0.0003,0.0003,0.1
,,,,,329821,3049.354,1000,,,,,,,,
3057.0537,6.8224964,3069.225,3045.2346,1000.0,330000,,,-269.8243713378906,-0.6895859241485596,2.9579949378967285,269.76824951171875,269.9239807128906,0.0003,0.0003,0.1
,,,,,330821,3096.2097,1000,,,,,,,,
,,,,,331000,,,-271.58941650390625,-0.6463145613670349,2.6325831413269043,271.3438720703125,271.43798828125,0.0003,0.0003,0.1
,,,,,331821,3056.9265,1000,,,,,,,,
,,,,,332000,,,-269.13360595703125,-0.8541534543037415,10.601428985595703,268.34881591796875,268.2604064941406,0.0003,0.0003,0.1
,,,,,332821,3052.9358,1000,,,,,,,,
,,,,,333000,,,-272.4939880371094,-0.610589861869812,3.3192479610443115,271.7821044921875,271.80950927734375,0.0003,0.0003,0.1
,,,,,333219,1359.0477,398,,,,,,,,
,,,,,333601,1287.7828,382,,,,,,,,
,,,,,333943,1166.2789,342,,,,,,,,
,,,,,334000,,,-270.6840515136719,-1.1504840850830078,2.6181540489196777,270.53033447265625,270.35650634765625,0.0003,0.0003,0.1
,,,,,334943,3081.3008,1000,,,,,,,,
2283.6624,953.1346,3075.7874,1016.30646,729.4,335000,,,-270.38458251953125,-0.9254323244094849,4.428836822509766,270.32025146484375,269.8039855957031,0.0003,0.0003,0.1
,,,,,335943,3096.5571,1000,,,,,,,,
,,,,,336000,,,-264.9646301269531,-0.9144459366798401,2.672518730163574,264.44940185546875,264.43341064453125,0.0003,0.0003,0.1
,,,,,336943,3080.43,1000,,,,,,,,
,,,,,337000,,,-269.5830078125,-0.7016215324401855,2.5119690895080566,269.4394836425781,269.345947265625,0.0003,0.0003,0.1
,,,,,337943,3067.8362,1000,,,,,,,,
,,,,,338000,,,-268.32781982421875,-0.859770655632019,3.145141124725342,267.6216735839844,267.77642822265625,0.0003,0.0003,0.1
,,,,,338323,1337.6051,380,,,,,,,,
,,,,,338678,1230.3013,355,,,,,,,,
,,,,,339000,,,-270.35272216796875,-0.6337219476699829,32.601104736328125,268.67132568359375,269.0581359863281,0.0003,0.0003,0.1
,,,,,339678,3078.0818,1000,,,,,,,,
3049.4272,6.615492,3060.465,3040.368,1000.0,340000,,,-268.4530029296875,-0.9561173915863037,3.911958694458008,267.9364013671875,268.1640625,0.0003,0.0003,0.1
,,,,,340678,3077.8042,1000,,,,,,,,
,,,,,341000,,,-277.40081787109375,-0.6491785049438477,5.733553409576416,276.2315673828125,276.316650390625,0.0003,0.0003,0.1
,,,,,341678,3079.275,1000,,,,,,,,
,,,,,342000,,,-275.11334228515625,-0.5193974375724792,2.9463882446289062,274.0885314941406,274.0294494628906,0.0003,0.0003,0.1
,,,,,342003,1123.723,325,,,,,,,,
,,,,,342312,1065.1858,309,,,,,,,,
,,,,,342538,744.5218,226,,,,,,,,
,,,,,343000,,,-277.0323486328125,-0.45204293727874756,2.35719633102417,276.4953918457031,276.49267578125,0.0003,0.0003,0.1
,,,,,343538,3059.1633,1000,,,,,,,,
,,,,,344000,,,-271.5591735839844,-0.4733084738254547,8.804231643676758,271.33416748046875,270.91497802734375,0.0003,0.0003,0.1
,,,,,344538,3094.787,1000,,,,,,,,
2852.2402,590.8257,3084.962,1080.1691,932.1,345000,,,-274.4286804199219,-0.5837843418121338,4.637965679168701,274.3224182128906,274.25628662109375,0.0003,0.0003,0.1
,,,,,345538,3060.5427,1000,,,,,,,,
,,,,,346000,,,-274.2024230957031,-0.6496750712394714,2.5210039615631104,274.11614990234375,274.2701416015625,0.0003,0.0003,0.1
,,,,,346538,3064.365,1000,,,,,,,,
,,,,,347000,,,-274.351318359375,-0.806755542755127,2.186817169189453,274.2614440917969,274.4891357421875,0.0003,0.0003,0.1
,,,,,347538,3110.3933,1000,,,,,,,,
,,,,,348000,,,-271.1881103515625,-0.9509093761444092,2.8597841262817383,270.45379638671875,270.32513427734375,0.0003,0.0003,0.1
,,,,,348538,3095.2505,1000,,,,,,,,
,,,,,348868,1126.027,330,,,,,,,,
,,,,,349000,,,-270.17413330078125,-0.931350827217102,5.045846939086914,270.02020263671875,270.02337646484375,0.0003,0.0003,0.1
,,,,,349868,3058.4558,1000,,,,,,,,
3060.3125,21.561882,3122.0017,3041.1528,1000.0,350000,,,-267.1850280761719,-0.7599994540214539,2.935894727706909,266.2919921875,266.3076477050781,0.0003,0.0003,0.1
,,,,,350868,3071.0535,1000,,,,,,,,
,,,,,351000,,,-269.7032470703125,-0.6737275123596191,3.626707077026367,269.207275390625,269.22943115234375,0.0003,0.0003,0.1
,,,,,351868,3060.8787,1000,,,,,,,,
,,,,,352000,,,-267.0638427734375,-0.5789246559143066,3.4179153442382812,265.6893005371094,265.6084289550781,0.0003,0.0003,0.1
,,,,,352868,3059.1223,1000,,,,,,,,
,,,,,353000,,,-270.3827819824219,-0.760126531124115,2.8763468265533447,269.62109375,269.9203796386719,0.0003,0.0003,0.1
,,,,,353142,918.058,274,,,,,,,,
,,,,,354000,,,-274.609619140625,-0.45250415802001953,2.297879219055176,274.27545166015625,274.37359619140625,0.0003,0.0003,0.1
,,,,,354142,3047.9705,1000,,,,,,,,
,,,,,354450,1055.0446,308,,,,,,,,
2211.6804,879.3972,3086.5972,1082.733,693.5,355000,,,-277.654052734375,-0.5880220532417297,2.2439873218536377,277.78424072265625,277.63623046875,0.0003,0.0003,0.1
,,,,,355450,3091.5593,1000,,,,,,,,
,,,,,355765,1074.4885,315,,,,,,,,
,,,,,356000,,,-275.9080810546875,-0.6086686849594116,3.202467918395996,275.6302795410156,275.35467529296875,0.0003,0.0003,0.1
,,,,,356095,1129.2611,330,,,,,,,,
,,,,,357000,,,-275.1171875,-0.7231321930885315,3.4428446292877197,274.942626953125,275.16693115234375,0.0003,0.0003,0.1
,,,,,357095,3101.5645,1000,,,,,,,,
,,,,,358000,,,-274.4332275390625,-0.5784251689910889,2.9479892253875732,273.9527282714844,273.7828674316406,0.0003,0.0003,0.1
,,,,,358095,3080.7693,1000,,,,,,,,
,,,,,358425,1114.6984,330,,,,,,,,
,,,,,358794,1272.8678,369,,,,,,,,
,,,,,359000,,,-272.56396484375,-0.5810065865516663,2.267522096633911,272.448974609375,272.53759765625,0.0003,0.0003,0.1
,,,,,359794,3069.522,1000,,,,,,,,
2868.334,538.17926,3053.7112,1253.8562,936.5,360000,,,-276.09539794921875,-0.864963948726654,3.723924160003662,275.5718994140625,275.5655517578125,0.0003,0.0003,0.1
,,,,,360794,3066.4822,1000,,,,,,,,
,,,,,361000,,,-273.514404296875,-0.7027521133422852,10.399300575256348,273.0549011230469,273.4129333496094,0.0003,0.0003,0.1
,,,,,361166,1284.2765,372,,,,,,,,
,,,,,361620,1539.8456,454,,,,,,,,
,,,,,362000,,,-270.3360290527344,-0.7746862173080444,3.404402732849121,269.09222412109375,268.8432922363281,0.0003,0.0003,0.1
,,,,,362620,3115.653,1000,,,,,,,,
,,,,,363000,,,-275.39697265625,-0.5016708374023438,3.5352675914764404,274.2953796386719,274.2130126953125,0.0003,0.0003,0.1
,,,,,363620,3106.0696,1000,,,,,,,,
,,,,,363921,1031.4862,301,,,,,,,,
,,,,,364000,,,-278.13763427734375,-0.37568894028663635,1.8569530248641968,277.9422607421875,278.0549621582031,0.0003,0.0003,0.1
,,,,,364921,3127.5464,1000,,,,,,,,
2087.3135,982.58276,3075.5806,1005.7159,662.0,365000,,,-267.7919006347656,-0.8689758777618408,2.0397732257843018,267.65972900390625,267.6824951171875,0.0003,0.0003,0.1
,,,,,365243,1118.8893,322,,,,,,,,
,,,,,366000,,,-273.19647216796875,-0.8053386211395264,2.4335694313049316,272.6646423339844,272.7054138183594,0.0003,0.0003,0.1
,,,,,366243,3080.617,1000,,,,,,,,
,,,,,367000,,,-272.9143981933594,-0.6375908255577087,3.174828290939331,272.51812744140625,272.9275817871094,0.0003,0.0003,0.1
,,,,,367243,3137.8726,1000,,,,,,,,
,,,,,368000,,,-276.7532653808594,-0.6048294305801392,12.21665096282959,276.10235595703125,275.68994140625,0.0003,0.0003,0.1
,,,,,368243,3084.3416,1000,,,,,,,,
,,,,,369000,,,-274.527099609375,-0.8080539703369141,9.636384963989258,274.1970520019531,274.10614013671875,0.0003,0.0003,0.1
,,,,,369243,3077.7734,1000,,,,,,,,
1508.2178,806.05786,3116.7463,936.8974,457.4,370000,,,-274.0570983886719,-0.745240330696106,3.7688393592834473,273.8115539550781,273.7281494140625,0.0003,0.0003,0.1
,,,,,370243,3093.099,1000,,,,,,,,
,,,,,371000,,,-271.32110595703125,-0.9718257188796997,2.7833807468414307,270.65679931640625,270.5697326660156,0.0003,0.0003,0.1
,,,,,371243,3121.3103,1000,,,,,,,,
,,,,,372000,,,-276.6413879394531,-0.8105202913284302,3.0017099380493164,276.45147705078125,276.45068359375,0.0003,0.0003,0.1
,,,,,372243,3084.149,1000,,,,,,,,
,,,,,372564,1099.0928,321,,,,,,,,
,,,,,373000,,,-274.4710998535156,-0.8073892593383789,2.5507378578186035,274.13629150390625,274.0194091796875,0.0003,0.0003,0.1
,,,,,373009,1531.3127,445,,,,,,,,
,,,,,373303,1005.3037,294,,,,,,,,
,,,,,374000,,,-270.65020751953125,-0.46714574098587036,2.2020814418792725,270.51910400390625,270.5045471191406,0.0003,0.0003,0.1
,,,,,374303,3150.9565,1000,,,,,,,,
,,,,,374658,1233.5374,355,,,,,,,,
3092.8745,9.25902,3109.6714,3076.6003,1000.0,375000,,,-283.365234375,-0.5049864053726196,2.759317636489868,283.4396667480469,283.1468811035156,0.0003,0.0003,0.1
,,,,,375658,3104.2344,1000,,,,,,,,
,,,,,375980,1078.4739,322,,,,,,,,
,,,,,376000,,,-276.0079345703125,-0.7517879605293274,3.06187105178833,275.3863525390625,275.5433044433594,0.0003,0.0003,0.1
,,,,,376267,973.0951,287,,,,,,,,
,,,,,376654,1261.5203,387,,,,,,,,
,,,,,376926,907.4651,272,,,,,,,,
,,,,,377000,,,-273.1748046875,-0.859747052192688,4.766298294067383,272.1297607421875,272.4765625,0.0003,0.0003,0.1
,,,,,377259,1146.2107,333,,,,,,,,
,,,,,377591,1131.583,332,,,,,,,,
,,,,,378000,,,-269.07098388671875,-0.7729583978652954,2.065742015838623,268.2156982421875,268.1300964355469,0.0003,0.0003,0.1
,,,,,378591,3115.212,1000,,,,,,,,
,,,,,378890,1001.78894,299,,,,,,,,
,,,,,379000,,,-266.35992431640625,-0.7471882700920105,2.8313047885894775,265.9804382324219,266.01611328125,0.0003,0.0003,0.1
,,,,,379890,3109.0027,1000,,,,,,,,
1963.7158,970.4786,3156.2234,1072.9651,606.1,380000,,,-279.30755615234375,-0.8631522059440613,3.0957741737365723,279.3554992675781,279.2838134765625,0.0003,0.0003,0.1
,,,,,380890,3105.0452,1000,,,,,,,,
,,,,,381000,,,-270.7091979980469,-0.7847726941108704,4.512116432189941,269.2086181640625,269.1488952636719,0.0003,0.0003,0.1
,,,,,381890,3095.6238,1000,,,,,,,,
,,,,,382000,,,-270.4313659667969,-0.9017457962036133,12.980562210083008,268.0902099609375,268.41485595703125,0.0003,0.0003,0.1
,,,,,382278,1330.145,388,,,,,,,,
,,,,,382546,895.7721,268,,,,,,,,
,,,,,383000,,,-266.2166748046875,-0.9540092349052429,2.31237530708313,266.07623291015625,266.0410461425781,0.0003,0.0003,0.1
,,,,,383546,3103.801,1000,,,,,,,,
,,,,,384000,,,-280.43060302734375,-0.7835245132446289,2.2689201831817627,280.34832763671875,280.21417236328125,0.0003,0.0003,0.1
,,,,,384546,3067.4744,1000,,,,,,,,
2704.1047,769.22125,3102.8352,1083.131,869.2,385000,,,-277.96514892578125,-0.6544506549835205,3.3807573318481445,277.59393310546875,277.3238220214844,0.0003,0.0003,0.1
,,,,,385546,3127.031,1000,,,,,,,,
,,,,,385818,898.6422,272,,,,,,,,
,,,,,386000,,,-277.35223388671875,-0.6263130307197571,2.314634084701538,276.73583984375,276.603759765625,0.0003,0.0003,0.1
,,,,,386818,3151.1165,1000,,,,,,,,
,,,,,387000,,,-273.070068359375,-0.7540378570556641,2.7349512577056885,272.7777404785156,272.7037353515625,0.0003,0.0003,0.1
,,,,,387818,3108.8684,1000,,,,,,,,
,,,,,388000,,,-275.59002685546875,-0.5521618127822876,4.585422039031982,275.2158508300781,275.47418212890625,0.0003,0.0003,0.1
,,,,,388256,1550.2133,438,,,,,,,,
,,,,,388651,1377.9712,395,,,,,,,,
,,,,,388984,1151.447,333,,,,,,,,
,,,,,389000,,,-275.2347717285156,-0.5731420516967773,2.4812302589416504,273.2527160644531,273.1791687011719,0.0003,0.0003,0.1
,,,,,389984,3101.1924,1000,,,,,,,,
2515.2017,867.7647,3098.717,978.49976,804.4,390000,,,-270.00653076171875,-1.0671613216400146,7.78476095199585,268.61517333984375,268.5867004394531,0.0003,0.0003,0.1
,,,,,390984,3077.48,1000,,,,,,,,
,,,,,391000,,,-279.4853820800781,-0.45729607343673706,4.949764728546143,279.19415283203125,279.4214172363281,0.0003,0.0003,0.1
,,,,,391984,3074.8967,1000,,,,,,,,
,,,,,392000,,,-277.435546875,-0.5494378805160522,2.1358041763305664,277.4168701171875,277.458984375,0.0003,0.0003,0.1
,,,,,392984,3110.666,1000,,,,,,,,
,,,,,393000,,,-270.76953125,-0.8054904341697693,5.661081790924072,269.5483703613281,269.4245910644531,0.0003,0.0003,0.1
,,,,,393984,3103.6448,1000,,,,,,,,
,,,,,394000,,,-275.60003662109375,-0.8149278163909912,3.577552080154419,274.39208984375,274.70587158203125,0.0003,0.0003,0.1
,,,,,394984,3109.0234,1000,,,,,,,,
2574.4646,851.5072,3144.5723,1154.2253,812.9,395000,,,-273.3759460449219,-0.6300489902496338,3.319052219390869,273.03961181640625,273.0284423828125,0.0003,0.0003,0.1
,,,,,395358,1265.1638,374,,,,,,,,
,,,,,395729,1239.3622,371,,,,,,,,
,,,,,396000,,,-269.15386962890625,-0.7578968405723572,13.334379196166992,268.15802001953125,268.3806457519531,0.0003,0.0003,0.1
,,,,,396729,3085.2864,1000,,,,,,,,
,,,,,397000,,,-275.9890441894531,-0.503730297088623,3.6445937156677246,275.9483337402344,275.69927978515625,0.0003,0.0003,0.1
,,,,,397729,3092.0767,1000,,,,,,,,
,,,,,398000,,,-269.1190185546875,-0.7821996808052063,5.909310817718506,268.5194396972656,268.67303466796875,0.0003,0.0003,0.1
,,,,,398729,3084.7173,1000,,,,,,,,
,,,,,399000,,,-274.1497802734375,-0.6752891540527344,6.5358076095581055,272.732666015625,272.7004089355469,0.0003,0.0003,0.1
,,,,,399729,3081.8733,1000,,,,,,,,
2352.9307,931.0353,3113.84,1010.3251,748.6,400000,,,-267.9677734375,-0.6783363819122314,2.697854518890381,267.7333068847656,267.67919921875,0.0003,0.0003,0.1
,,,,,400729,3137.3696,1000,,,,,,,,
,,,,,401000,,,-272.7078552246094,-0.8578400015830994,2.939847469329834,271.496826171875,271.46240234375,0.0003,0.0003,0.1
,,,,,401729,3135.1313,1000,,,,,,,,
,,,,,402000,,,-278.8985595703125,-0.37247538566589355,4.442817211151123,278.7692565917969,278.7300720214844,0.0003,0.0003,0.1
,,,,,402729,3114.2815,1000,,,,,,,,
,,,,,403000,,,-278.86920166015625,-0.6698594093322754,7.877188205718994,278.68048095703125,278.5643310546875,0.0003,0.0003,0.1
,,,,,403729,3104.6794,1000,,,,,,,,
,,,,,404000,,,-273.2293701171875,-1.042283296585083,3.282453775405884,273.0553283691406,273.1630859375,0.0003,0.0003,0.1
,,,,,404060,1106.4999,331,,,,,,,,
2698.2397,839.7499,3137.8057,952.6108,861.9,405000,,,-276.16302490234375,-0.5159358978271484,2.8412766456604004,274.9117736816406,274.88311767578125,0.0003,0.0003,0.1
,,,,,405060,3100.3325,1000,,,,,,,,
,,,,,406000,,,-277.92584228515625,-0.8319797515869141,1.4708473682403564,277.7982177734375,277.9693298339844,0.0003,0.0003,0.1
,,,,,406060,3117.3896,1000,,,,,,,,
,,,,,406425,1273.4636,365,,,,,,,,
,,,,,406802,1233.7211,377,,,,,,,,
,,,,,407000,,,-276.0227355957031,-0.6668866872787476,3.0158843994140625,275.3861999511719,275.33282470703125,0.0003,0.0003,0.1
,,,,,407131,1133.8474,329,,,,,,,,
,,,,,408000,,,-274.77197265625,-0.6730514764785767,6.077957630157471,273.99310302734375,273.5716857910156,0.0003,0.0003,0.1
,,,,,408131,3088.2493,1000,,,,,,,,
,,,,,408481,1222.8352,350,,,,,,,,
,,,,,409000,,,-282.66259765625,-0.4016059637069702,2.0438501834869385,282.6507568359375,282.5658874511719,0.0003,0.0003,0.1
,,,,,409481,3118.9573,1000,,,,,,,,
,,,,,409792,1041.9744,311,,,,,,,,
2407.9983,943.6134,3187.378,1136.7057,745.9,410000,,,-280.84185791015625,-0.6129202842712402,2.7481255531311035,280.770751953125,280.52728271484375,0.0003,0.0003,0.1
,,,,,410171,1260.6886,379,,,,,,,,
,,,,,411000,,,-275.4149169921875,-0.8462725281715393,5.255192756652832,275.11553955078125,274.97308349609375,0.0003,0.0003,0.1
,,,,,411171,3103.652,1000,,,,,,,,
,,,,,412000,,,-276.451416015625,-0.7023152709007263,2.014129638671875,276.2950744628906,276.4293518066406,0.0003,0.0003,0.1
,,,,,412171,3092.5408,1000,,,,,,,,
,,,,,413000,,,-271.1037292480469,-0.8999577760696411,5.045414447784424,269.7691650390625,270.08416748046875,0.0003,0.0003,0.1
,,,,,413171,3088.9724,1000,,,,,,,,
,,,,,414000,,,-276.202392578125,-0.4388132393360138,3.2923359870910645,276.2266540527344,276.3003234863281,0.0003,0.0003,0.1
,,,,,414171,3089.1155,1000,,,,,,,,
1139.9031,758.22253,3176.501,550.76544,351.6,415000,,,-280.5401611328125,-0.4316065311431885,8.642008781433105,280.56353759765625,280.6127624511719,0.0003,0.0003,0.1
,,,,,415171,3096.9365,1000,,,,,,,,
,,,,,416000,,,-276.7236328125,-0.6141753196716309,3.1046526432037354,276.334228515625,276.37567138671875,0.0003,0.0003,0.1
,,,,,416171,3111.2935,1000,,,,,,,,
,,,,,417000,,,-275.8055419921875,-0.637884259223938,2.5309901237487793,275.7474365234375,275.9432373046875,0.0003,0.0003,0.1
,,,,,417171,3106.8418,1000,,,,,,,,
,,,,,417545,1307.5436,374,,,,,,,,
,,,,,418000,,,-283.5361022949219,-0.6356973052024841,2.551816940307617,283.2386169433594,283.3785400390625,0.0003,0.0003,0.1
,,,,,418545,3093.1687,1000,,,,,,,,
,,,,,419000,,,-282.64825439453125,-0.6263447999954224,3.0907680988311768,282.2832336425781,282.1877136230469,0.0003,0.0003,0.1
,,,,,419545,3118.988,1000,,,,,,,,
,,,,,419959,1432.7927,414,,,,,,,,
1961.082,957.7608,3144.2107,1005.29956,605.5,420000,,,-277.3105773925781,-0.5712316036224365,1.5815807580947876,277.201904296875,277.156982421875,0.0003,0.0003,0.1
,,,,,420383,1427.809,424,,,,,,,,
,,,,,421000,,,-281.5278015136719,-0.7970579862594604,2.990908145904541,279.9890441894531,280.08233642578125,0.0003,0.0003,0.1
,,,,,421383,3091.3442,1000,,,,,,,,
,,,,,422000,,,-280.1622314453125,-0.8666398525238037,4.040655136108398,279.37530517578125,279.54290771484375,0.0003,0.0003,0.1
,,,,,422383,3130.385,1000,,,,,,,,
,,,,,422716,1141.9633,333,,,,,,,,
,,,,,423000,,,-270.9903259277344,-0.839531660079956,3.662996292114258,270.97027587890625,270.89031982421875,0.0003,0.0003,0.1
,,,,,423097,1324.0781,381,,,,,,,,
,,,,,423599,1697.3282,502,,,,,,,,
,,,,,423991,1376.6155,392,,,,,,,,
,,,,,424000,,,-271.6517639160156,-0.9121788740158081,4.079295635223389,271.2451477050781,271.52752685546875,0.0003,0.0003,0.1
,,,,,424376,1333.4285,385,,,,,,,,
,,,,,424691,1085.6173,315,,,,,,,,
2800.9714,724.0204,3185.4407,1341.1251,877.9,425000,,,-284.22821044921875,-0.23293551802635193,8.08348274230957,283.8690185546875,283.9454345703125,0.0003,0.0003,0.1
,,,,,425691,3116.911,1000,,,,,,,,
,,,,,426000,,,-271.751953125,-0.4735199213027954,3.0748257637023926,271.43310546875,271.679443359375,0.0003,0.0003,0.1
,,,,,426129,1469.7717,438,,,,,,,,
,,,,,426468,1180.2322,339,,,,,,,,
,,,,,426793,1093.276,325,,,,,,,,
,,,,,427000,,,-284.76177978515625,-0.6417709589004517,2.5088257789611816,284.601318359375,284.6710510253906,0.0003,0.0003,0.1
,,,,,427793,3131.022,1000,,,,,,,,
,,,,,428000,,,-281.8865966796875,-0.5210893154144287,3.4423351287841797,281.08154296875,281.15673828125,0.0003,0.0003,0.1
,,,,,428047,832.9947,254,,,,,,,,
,,,,,429000,,,-280.06878662109375,-0.5505836009979248,2.7621614933013916,280.07623291015625,280.1859130859375,0.0003,0.0003,0.1
,,,,,429047,3134.6958,1000,,,,,,,,
1732.8307,916.1169,3137.4827,1026.6682,528.0,430000,,,-279.1566162109375,-0.42254638671875,2.3819713592529297,278.81939697265625,278.5657958984375,0.0003,0.0003,0.1
,,,,,430047,3145.866,1000,,,,,,,,
,,,,,431000,,,-276.455078125,-0.8521403670310974,3.964211940765381,276.1884765625,276.40228271484375,0.0003,0.0003,0.1
,,,,,431047,3151.719,1000,,,,,,,,
,,,,,432000,,,-273.1015930175781,-0.820685625076294,3.631019115447998,272.91552734375,273.03228759765625,0.0003,0.0003,0.1
,,,,,432047,3138.7795,1000,,,,,,,,
,,,,,433000,,,-281.6607360839844,-0.8209217190742493,1.9734816551208496,280.6441650390625,280.84991455078125,0.0003,0.0003,0.1
,,,,,433047,3134.2708,1000,,,,,,,,
,,,,,433354,1059.4764,307,,,,,,,,
,,,,,433687,1140.0411,333,,,,,,,,
,,,,,434000,,,-280.71868896484375,-0.3078928589820862,4.378598213195801,280.24298095703125,280.10601806640625,0.0003,0.0003,0.1
,,,,,434118,1459.6068,431,,,,,,,,
2524.8098,896.91223,3137.24,1114.9844,804.9,435000,,,-277.2079162597656,-0.6797329783439636,1.7556085586547852,276.1230163574219,276.1277160644531,0.0003,0.0003,0.1
,,,,,435118,3141.79,1000,,,,,,,,
,,,,,435542,1434.4469,424,,,,,,,,
,,,,,435816,939.03284,274,,,,,,,,
,,,,,436000,,,-271.65960693359375,-0.7362790703773499,4.03065299987793,271.2235107421875,271.42901611328125,0.0003,0.0003,0.1
,,,,,436150,1151.4928,334,,,,,,,,
,,,,,436479,1142.0558,329,,,,,,,,
,,,,,436789,1070.1686,310,,,,,,,,
,,,,,437000,,,-279.71087646484375,-0.8158398866653442,4.136820316314697,279.2240295410156,279.5818176269531,0.0003,0.0003,0.1
,,,,,437115,1119.1887,326,,,,,,,,
,,,,,437390,947.3579,275,,,,,,,,
,,,,,438000,,,-271.8031311035156,-0.8302673101425171,3.8450047969818115,271.7681884765625,271.6763610839844,0.0003,0.0003,0.1
,,,,,438390,3112.2803,1000,,,,,,,,
,,,,,439000,,,-281.41436767578125,-0.548792839050293,2.829132080078125,281.06561279296875,281.2039794921875,0.0003,0.0003,0.1
,,,,,439390,3133.296,1000,,,,,,,,
1082.3739,93.53492,1165.3131,889.39355,316.1,440000,,,-279.9056701660156,-0.595250129699707,1.9745169878005981,279.2239990234375,279.49169921875,0.0003,0.0003,0.1
,,,,,440390,3108.4844,1000,,,,,,,,
,,,,,440695,1065.9388,305,,,,,,,,
,,,,,441000,,,-276.43548583984375,-0.39431554079055786,2.518143653869629,276.3644104003906,276.3970031738281,0.0003,0.0003,0.1
,,,,,441019,1125.0735,324,,,,,,,,
,,,,,442000,,,-277.7435302734375,-0.7160365581512451,5.272711753845215,277.61712646484375,277.1785583496094,0.0003,0.0003,0.1
,,,,,442019,3096.8574,1000,,,,,,,,
,,,,,443000,,,-278.7873229980469,-0.4877861440181732,2.027249813079834,278.7865905761719,278.8387145996094,0.0003,0.0003,0.1
,,,,,443019,3115.4714,1000,,,,,,,,
,,,,,443460,1446.1348,441,,,,,,,,
,,,,,443804,1204.3055,344,,,,,,,,
,,,,,444000,,,-269.0007629394531,-0.7941080927848816,4.058367729187012,267.771728515625,267.60955810546875,0.0003,0.0003,0.1
,,,,,444113,1066.6437,309,,,,,,,,
,,,,,444448,1125.1266,335,,,,,,,,
2713.5845,759.41406,3124.5776,1158.5393,869.0,445000,,,-281.4046936035156,-0.6857736706733704,3.196262836456299,281.10150146484375,280.79266357421875,0.0003,0.0003,0.1
,,,,,445448,3111.4514,1000,,,,,,,,
,,,,,445783,1156.2784,335,,,,,,,,
,,,,,446000,,,-273.00823974609375,-0.819821834564209,6.580512046813965,271.0276794433594,271.09735107421875,0.0003,0.0003,0.1
,,,,,446159,1270.8169,376,,,,,,,,
,,,,,447000,,,-277.87677001953125,-0.5512657761573792,2.7411904335021973,277.8775634765625,277.9478759765625,0.0003,0.0003,0.1
,,,,,447159,3124.5093,1000,,,,,,,,
,,,,,447478,1094.262,319,,,,,,,,
,,,,,447909,1424.6199,431,,,,,,,,
,,,,,448000,,,-277.31622314453125,-0.7632339000701904,5.039241790771484,276.36700439453125,276.5610046386719,0.0003,0.0003,0.1
,,,,,448909,3111.681,1000,,,,,,,,
,,,,,449000,,,-274.4416198730469,-0.6414098739624023,3.3812637329101562,274.115966796875,274.35638427734375,0.0003,0.0003,0.1
,,,,,449909,3136.334,1000,,,,,,,,
1277.696,653.0133,3178.5427,911.18604,380.1,450000,,,-279.176513671875,-0.5545434951782227,4.539965629577637,278.97796630859375,278.9698486328125,0.0003,0.0003,0.1
,,,,,450351,1513.6105,442,,,,,,,,
,,,,,451000,,,-277.66375732421875,-0.7279158234596252,2.753376007080078,276.9811096191406,277.1824645996094,0.0003,0.0003,0.1
,,,,,451351,3121.274,1000,,,,,,,,
,,,,,452000,,,-284.34234619140625,-0.319488525390625,2.837535858154297,284.2254943847656,284.12969970703125,0.0003,0.0003,0.1
,,,,,452351,3084.3694,1000,,,,,,,,
,,,,,453000,,,-275.9268493652344,-0.6866991519927979,3.446855068206787,275.9449462890625,275.91949462890625,0.0003,0.0003,0.1
,,,,,453351,3137.2654,1000,,,,,,,,
,,,,,453695,1192.4357,344,,,,,,,,
,,,,,454000,,,-275.5325927734375,-0.5970335602760315,2.420387029647827,275.61224365234375,275.4942321777344,0.0003,0.0003,0.1
,,,,,454093,1397.9698,398,,,,,,,,
2351.1143,956.2825,3159.6782,1061.6854,737.2,455000,,,-281.98822021484375,-0.6689115762710571,1.8041938543319702,281.86956787109375,281.7958679199219,0.0003,0.0003,0.1
,,,,,455093,3132.3171,1000,,,,,,,,
,,,,,455442,1214.391,349,,,,,,,,
,,,,,456000,,,-284.1901550292969,-0.489742249250412,2.4439804553985596,283.74896240234375,283.7449951171875,0.0003,0.0003,0.1
,,,,,456442,3136.972,1000,,,,,,,,
,,,,,457000,,,-278.7240295410156,-0.6086591482162476,2.684967279434204,278.0830078125,278.0174255371094,0.0003,0.0003,0.1
,,,,,457442,3127.9985,1000,,,,,,,,
,,,,,457733,990.7128,291,,,,,,,,
,,,,,458000,,,-282.2954406738281,-0.22610267996788025,2.167797088623047,282.2901306152344,282.14019775390625,0.0003,0.0003,0.1
,,,,,458012,947.8531,279,,,,,,,,
,,,,,459000,,,-283.9093017578125,-0.6813609600067139,18.453516006469727,283.0136413574219,282.75811767578125,0.0003,0.0003,0.1
,,,,,459012,3133.9055,1000,,,,,,,,
2128.02,962.0048,3097.8965,925.4708,675.8,460000,,,-275.7757568359375,-0.6143650412559509,3.8169710636138916,274.5906982421875,274.7696228027344,0.0003,0.0003,0.1
,,,,,460012,3128.0264,1000,,,,,,,,
,,,,,460389,1253.6392,377,,,,,,,,
,,,,,460838,1572.9252,449,,,,,,,,
,,,,,461000,,,-280.4598083496094,-0.5871330499649048,3.059053897857666,280.431396484375,280.4188232421875,0.0003,0.0003,0.1
,,,,,461838,3148.1736,1000,,,,,,,,
,,,,,462000,,,-282.0323486328125,-0.6019657254219055,2.4807071685791016,281.82373046875,282.0152893066406,0.0003,0.0003,0.1
,,,,,462838,3157.599,1000,,,,,,,,
,,,,,463000,,,-283.35931396484375,-0.6920830011367798,1.9564905166625977,282.9884033203125,283.0548095703125,0.0003,0.0003,0.1
,,,,,463206,1308.623,368,,,,,,,,
,,,,,463511,1042.866,305,,,,,,,,
,,,,,464000,,,-281.5032958984375,-0.37786340713500977,1.921128273010254,281.3487243652344,281.36810302734375,0.0003,0.0003,0.1
,,,,,464511,3139.903,1000,,,,,,,,
,,,,,464819,1074.3682,308,,,,,,,,
1985.274,941.6869,3139.6912,1046.3378,612.2,465000,,,-278.93914794921875,-0.8231477737426758,2.1641151905059814,278.90008544921875,278.9914855957031,0.0003,0.0003,0.1
,,,,,465084,884.97345,265,,,,,,,,
,,,,,466000,,,-277.32489013671875,-0.6863641738891602,2.653046131134033,276.7982482910156,276.6386413574219,0.0003,0.0003,0.1
,,,,,466084,3114.437,1000,,,,,,,,
,,,,,466444,1182.108,360,,,,,,,,
,,,,,467000,,,-277.50726318359375,-0.5903130173683167,4.789158344268799,277.3804931640625,277.3056945800781,0.0003,0.0003,0.1
,,,,,467444,3176.8828,1000,,,,,,,,
,,,,,468000,,,-276.2649841308594,-0.8582351803779602,2.875957489013672,276.31988525390625,276.1461181640625,0.0003,0.0003,0.1
,,,,,468444,3132.349,1000,,,,,,,,
,,,,,468855,1376.7651,411,,,,,,,,
,,,,,469000,,,-279.5236511230469,-0.6210624575614929,14.830581665039062,279.2106018066406,279.189208984375,0.0003,0.0003,0.1
,,,,,469855,3135.1946,1000,,,,,,,,
1600.7456,778.2594,3146.5586,1032.3303,480.5,470000,,,-279.2384338378906,-0.7123501896858215,10.566776275634766,278.8044128417969,278.6493225097656,0.0003,0.0003,0.1
,,,,,470855,3123.627,1000,,,,,,,,
,,,,,471000,,,-276.56787109375,-0.6513388156890869,2.7236995697021484,275.71221923828125,275.64886474609375,0.0003,0.0003,0.1
,,,,,471229,1261.0297,374,,,,,,,,
,,,,,472000,,,-276.196533203125,-0.6789243817329407,3.2676401138305664,275.865966796875,275.89373779296875,0.0003,0.0003,0.1
,,,,,472229,3132.0093,1000,,,,,,,,
,,,,,472628,1407.7545,399,,,,,,,,
,,,,,473000,,,-277.01324462890625,-0.6486700177192688,3.1903743743896484,276.4194641113281,276.2341613769531,0.0003,0.0003,0.1
,,,,,473628,3133.7688,1000,,,,,,,,
,,,,,474000,,,-280.97216796875,-0.5864493250846863,2.518218994140625,280.81329345703125,281.1510925292969,0.0003,0.0003,0.1
,,,,,474073,1494.236,445,,,,,,,,
2002.408,971.5065,3188.5857,959.0881,610.7,475000,,,-283.8544006347656,-0.6334803104400635,2.268721580505371,282.77191162109375,282.74822998046875,0.0003,0.0003,0.1
,,,,,475073,3153.363,1000,,,,,,,,
,,,,,475312,774.11145,239,,,,,,,,
,,,,,476000,,,-279.4349365234375,-0.9559563398361206,14.547060012817383,278.81719970703125,278.75079345703125,0.0003,0.0003,0.1
,,,,,476312,3149.8782,1000,,,,,,,,
,,,,,477000,,,-279.26678466796875,-0.6367378234863281,9.063436508178711,278.4188537597656,278.60357666015625,0.0003,0.0003,0.1
,,,,,477312,3167.1829,1000,,,,,,,,
,,,,,478000,,,-277.6083984375,-0.23677682876586914,2.8393702507019043,277.06121826171875,276.95086669921875,0.0003,0.0003,0.1
,,,,,478312,3137.51,1000,,,,,,,,
,,,,,479000,,,-282.29815673828125,-0.7189270853996277,11.566490173339844,280.9579162597656,280.959228515625,0.0003,0.0003,0.1
,,,,,479312,3120.6438,1000,,,,,,,,
1860.8044,890.6138,3194.7253,967.2484,557.7,480000,,,-282.51654052734375,-0.22230841219425201,1.369936227798462,281.9408264160156,281.984130859375,0.0003,0.0003,0.1
,,,,,480312,3129.494,1000,,,,,,,,
,,,,,481000,,,-278.2972412109375,-0.5217629671096802,6.385253429412842,277.9181823730469,277.82196044921875,0.0003,0.0003,0.1
,,,,,481312,3135.3066,1000,,,,,,,,
,,,,,481608,1019.2017,296,,,,,,,,
,,,,,482000,,,-279.0128479003906,-0.6365693211555481,1.9753073453903198,277.98919677734375,278.1592102050781,0.0003,0.0003,0.1
,,,,,482608,3136.1519,1000,,,,,,,,
,,,,,483000,,,-274.2564697265625,-0.5951942205429077,2.273688793182373,274.185791015625,274.39056396484375,0.0003,0.0003,0.1
,,,,,483608,3161.851,1000,,,,,,,,
,,,,,483991,1301.0369,383,,,,,,,,
,,,,,484000,,,-281.6438293457031,-0.614300549030304,2.4805386066436768,281.6825866699219,281.7225341796875,0.0003,0.0003,0.1
,,,,,484991,3140.567,1000,,,,,,,,
2961.7607,556.43384,3178.98,1292.9939,939.2,485000,,,-281.5946960449219,-0.463371217250824,4.791801452636719,281.4611511230469,281.2515869140625,0.0003,0.0003,0.1
,,,,,485991,3120.8394,1000,,,,,,,,
,,,,,486000,,,-277.70452880859375,-0.6945151090621948,10.489875793457031,277.00689697265625,277.06427001953125,0.0003,0.0003,0.1
,,,,,486991,3119.554,1000,,,,,,,,
,,,,,487000,,,-274.05657958984375,-0.9494258165359497,4.396660327911377,273.48956298828125,273.8956604003906,0.0003,0.0003,0.1
,,,,,487991,3132.0034,1000,,,,,,,,
,,,,,488000,,,-280.0050048828125,-0.6316593885421753,2.6926279067993164,279.9861755371094,279.98992919921875,0.0003,0.0003,0.1
,,,,,488991,3162.361,1000,,,,,,,,
,,,,,489000,,,-274.34912109375,-0.7946008443832397,3.101640224456787,273.8506774902344,273.8826904296875,0.0003,0.0003,0.1
,,,,,489365,1310.5708,374,,,,,,,,
,,,,,489731,1204.3644,366,,,,,,,,
1925.6775,990.6102,3142.0122,943.20044,598.8,490000,,,-284.1170654296875,-0.4170936346054077,17.384233474731445,283.72637939453125,283.6368408203125,0.0003,0.0003,0.1
,,,,,490731,3139.456,1000,,,,,,,,
,,,,,491000,,,-281.77679443359375,-0.6307806968688965,3.3526363372802734,281.6758117675781,281.5618896484375,0.0003,0.0003,0.1
,,,,,491166,1471.6027,435,,,,,,,,
,,,,,491623,1484.049,457,,,,,,,,
,,,,,492000,,,-278.3160400390625,-0.6158831715583801,1.682149052619934,277.5526123046875,277.39715576171875,0.0003,0.0003,0.1
,,,,,492623,3147.4087,1000,,,,,,,,
,,,,,493000,,,-279.36138916015625,-0.8968579769134521,6.317563056945801,278.5595703125,278.620361328125,0.0003,0.0003,0.1
,,,,,493623,3133.2554,1000,,,,,,,,
,,,,,494000,,,-283.2328186035156,-0.8351749777793884,2.6695690155029297,283.1748962402344,283.12225341796875,0.0003,0.0003,0.1
,,,,,494623,3139.496,1000,,,,,,,,
3144.7563,9.310877,3164.3044,3130.5483,1000.0,495000,,,-283.52935791015625,-0.5342140793800354,2.6646411418914795,283.5039978027344,283.5137939453125,0.0003,0.0003,0.1
,,,,,495623,3157.7585,1000,,,,,,,,
,,,,,496000,,,-278.2208251953125,-0.6421191692352295,3.0219857692718506,277.99945068359375,278.1422119140625,0.0003,0.0003,0.1
,,,,,496623,3130.5,1000,,,,,,,,
,,,,,497000,,,-283.2140808105469,-0.8139481544494629,2.944481611251831,282.9272766113281,283.269775390625,0.0003,0.0003,0.1
,,,,,497623,3182.4478,1000,,,,,,,,
,,,,,498000,,,-278.8620300292969,-0.5722837448120117,3.2848660945892334,278.63262939453125,278.9068603515625,0.0003,0.0003,0.1
,,,,,498623,3166.5994,1000,,,,,,,,
,,,,,499000,,,-283.29534912109375,-0.5588036775588989,1.6818175315856934,283.06317138671875,283.0951843261719,0.0003,0.0003,0.1
,,,,,499623,3159.4028,1000,,,,,,,,
