Eval_AverageReturn,Eval_StdReturn,Eval_MaxReturn,Eval_MinReturn,Eval_AverageEpLen,step,Train_EpisodeReturn,Train_EpisodeLen,actor_loss,entropy,critic_loss,q_values,target_values,actor_lr,critic_lr,temperature
6.0,3.34664,13.0,3.0,6.0,0,,,,,,,,,,
,,,,,4,5.0,5,,,,,,,,
,,,,,9,5.0,5,,,,,,,,
,,,,,14,5.0,5,,,,,,,,
,,,,,23,9.0,9,,,,,,,,
,,,,,27,4.0,4,,,,,,,,
,,,,,30,3.0,3,,,,,,,,
,,,,,33,3.0,3,,,,,,,,
,,,,,39,6.0,6,,,,,,,,
,,,,,42,3.0,3,,,,,,,,
,,,,,49,7.0,7,,,,,,,,
,,,,,52,3.0,3,,,,,,,,
,,,,,58,6.0,6,,,,,,,,
,,,,,61,3.0,3,,,,,,,,
,,,,,64,3.0,3,,,,,,,,
,,,,,68,4.0,4,,,,,,,,
,,,,,71,3.0,3,,,,,,,,
,,,,,76,5.0,5,,,,,,,,
,,,,,83,7.0,7,,,,,,,,
,,,,,86,3.0,3,,,,,,,,
,,,,,92,6.0,6,,,,,,,,
,,,,,100,8.0,8,,,,,,,,
,,,,,111,11.0,11,,,,,,,,
,,,,,120,9.0,9,,,,,,,,
,,,,,126,6.0,6,,,,,,,,
,,,,,129,3.0,3,,,,,,,,
,,,,,132,3.0,3,,,,,,,,
,,,,,138,6.0,6,,,,,,,,
,,,,,150,12.0,12,,,,,,,,
,,,,,154,4.0,4,,,,,,,,
,,,,,160,6.0,6,,,,,,,,
,,,,,163,3.0,3,,,,,,,,
,,,,,167,4.0,4,,,,,,,,
,,,,,172,5.0,5,,,,,,,,
,,,,,175,3.0,3,,,,,,,,
,,,,,179,4.0,4,,,,,,,,
,,,,,184,5.0,5,,,,,,,,
,,,,,189,5.0,5,,,,,,,,
,,,,,192,3.0,3,,,,,,,,
,,,,,197,5.0,5,,,,,,,,
,,,,,208,11.0,11,,,,,,,,
,,,,,213,5.0,5,,,,,,,,
,,,,,224,11.0,11,,,,,,,,
,,,,,227,3.0,3,,,,,,,,
,,,,,240,13.0,13,,,,,,,,
,,,,,250,10.0,10,,,,,,,,
,,,,,255,5.0,5,,,,,,,,
,,,,,266,11.0,11,,,,,,,,
,,,,,270,4.0,4,,,,,,,,
,,,,,273,3.0,3,,,,,,,,
,,,,,281,8.0,8,,,,,,,,
,,,,,285,4.0,4,,,,,,,,
,,,,,292,7.0,7,,,,,,,,
,,,,,298,6.0,6,,,,,,,,
,,,,,304,6.0,6,,,,,,,,
,,,,,309,5.0,5,,,,,,,,
,,,,,313,4.0,4,,,,,,,,
,,,,,319,6.0,6,,,,,,,,
,,,,,326,7.0,7,,,,,,,,
,,,,,330,4.0,4,,,,,,,,
,,,,,335,5.0,5,,,,,,,,
,,,,,343,8.0,8,,,,,,,,
,,,,,347,4.0,4,,,,,,,,
,,,,,358,11.0,11,,,,,,,,
,,,,,363,5.0,5,,,,,,,,
,,,,,366,3.0,3,,,,,,,,
,,,,,369,3.0,3,,,,,,,,
,,,,,374,5.0,5,,,,,,,,
,,,,,379,5.0,5,,,,,,,,
,,,,,382,3.0,3,,,,,,,,
,,,,,388,6.0,6,,,,,,,,
,,,,,391,3.0,3,,,,,,,,
,,,,,395,4.0,4,,,,,,,,
,,,,,399,4.0,4,,,,,,,,
,,,,,403,4.0,4,,,,,,,,
,,,,,406,3.0,3,,,,,,,,
,,,,,410,4.0,4,,,,,,,,
,,,,,413,3.0,3,,,,,,,,
,,,,,418,5.0,5,,,,,,,,
,,,,,422,4.0,4,,,,,,,,
,,,,,426,4.0,4,,,,,,,,
,,,,,429,3.0,3,,,,,,,,
,,,,,433,4.0,4,,,,,,,,
,,,,,438,5.0,5,,,,,,,,
,,,,,441,3.0,3,,,,,,,,
,,,,,450,9.0,9,,,,,,,,
,,,,,454,4.0,4,,,,,,,,
,,,,,458,4.0,4,,,,,,,,
,,,,,462,4.0,4,,,,,,,,
,,,,,470,8.0,8,,,,,,,,
,,,,,475,5.0,5,,,,,,,,
,,,,,480,5.0,5,,,,,,,,
,,,,,483,3.0,3,,,,,,,,
,,,,,489,6.0,6,,,,,,,,
,,,,,499,10.0,10,,,,,,,,
,,,,,504,5.0,5,,,,,,,,
,,,,,509,5.0,5,,,,,,,,
,,,,,514,5.0,5,,,,,,,,
,,,,,519,5.0,5,,,,,,,,
,,,,,527,8.0,8,,,,,,,,
,,,,,538,11.0,11,,,,,,,,
,,,,,552,14.0,14,,,,,,,,
,,,,,560,8.0,8,,,,,,,,
,,,,,565,5.0,5,,,,,,,,
,,,,,570,5.0,5,,,,,,,,
,,,,,574,4.0,4,,,,,,,,
,,,,,578,4.0,4,,,,,,,,
,,,,,584,6.0,6,,,,,,,,
,,,,,592,8.0,8,,,,,,,,
,,,,,595,3.0,3,,,,,,,,
,,,,,599,4.0,4,,,,,,,,
,,,,,603,4.0,4,,,,,,,,
,,,,,610,7.0,7,,,,,,,,
,,,,,618,8.0,8,,,,,,,,
,,,,,624,6.0,6,,,,,,,,
,,,,,629,5.0,5,,,,,,,,
,,,,,637,8.0,8,,,,,,,,
,,,,,641,4.0,4,,,,,,,,
,,,,,646,5.0,5,,,,,,,,
,,,,,649,3.0,3,,,,,,,,
,,,,,652,3.0,3,,,,,,,,
,,,,,659,7.0,7,,,,,,,,
,,,,,665,6.0,6,,,,,,,,
,,,,,673,8.0,8,,,,,,,,
,,,,,677,4.0,4,,,,,,,,
,,,,,681,4.0,4,,,,,,,,
,,,,,685,4.0,4,,,,,,,,
,,,,,690,5.0,5,,,,,,,,
,,,,,696,6.0,6,,,,,,,,
,,,,,699,3.0,3,,,,,,,,
,,,,,704,5.0,5,,,,,,,,
,,,,,712,8.0,8,,,,,,,,
,,,,,717,5.0,5,,,,,,,,
,,,,,723,6.0,6,,,,,,,,
,,,,,726,3.0,3,,,,,,,,
,,,,,730,4.0,4,,,,,,,,
,,,,,736,6.0,6,,,,,,,,
,,,,,739,3.0,3,,,,,,,,
,,,,,747,8.0,8,,,,,,,,
,,,,,754,7.0,7,,,,,,,,
,,,,,759,5.0,5,,,,,,,,
,,,,,769,10.0,10,,,,,,,,
,,,,,781,12.0,12,,,,,,,,
,,,,,785,4.0,4,,,,,,,,
,,,,,793,8.0,8,,,,,,,,
,,,,,799,6.0,6,,,,,,,,
,,,,,814,15.0,15,,,,,,,,
,,,,,824,10.0,10,,,,,,,,
,,,,,828,4.0,4,,,,,,,,
,,,,,834,6.0,6,,,,,,,,
,,,,,838,4.0,4,,,,,,,,
,,,,,845,7.0,7,,,,,,,,
,,,,,849,4.0,4,,,,,,,,
,,,,,853,4.0,4,,,,,,,,
,,,,,860,7.0,7,,,,,,,,
,,,,,875,15.0,15,,,,,,,,
,,,,,884,9.0,9,,,,,,,,
,,,,,888,4.0,4,,,,,,,,
,,,,,893,5.0,5,,,,,,,,
,,,,,901,8.0,8,,,,,,,,
,,,,,907,6.0,6,,,,,,,,
,,,,,912,5.0,5,,,,,,,,
,,,,,924,12.0,12,,,,,,,,
,,,,,928,4.0,4,,,,,,,,
,,,,,938,10.0,10,,,,,,,,
,,,,,941,3.0,3,,,,,,,,
,,,,,946,5.0,5,,,,,,,,
,,,,,950,4.0,4,,,,,,,,
,,,,,954,4.0,4,,,,,,,,
,,,,,958,4.0,4,,,,,,,,
,,,,,962,4.0,4,,,,,,,,
,,,,,966,4.0,4,,,,,,,,
,,,,,970,4.0,4,,,,,,,,
,,,,,975,5.0,5,,,,,,,,
,,,,,980,5.0,5,,,,,,,,
,,,,,983,3.0,3,,,,,,,,
,,,,,987,4.0,4,,,,,,,,
,,,,,995,8.0,8,,,,,,,,
,,,,,999,4.0,4,,,,,,,,
,,,,,1007,8.0,8,,,,,,,,
,,,,,1014,7.0,7,,,,,,,,
,,,,,1017,3.0,3,,,,,,,,
,,,,,1021,4.0,4,,,,,,,,
,,,,,1033,12.0,12,,,,,,,,
,,,,,1038,5.0,5,,,,,,,,
,,,,,1044,6.0,6,,,,,,,,
,,,,,1052,8.0,8,,,,,,,,
,,,,,1058,6.0,6,,,,,,,,
,,,,,1069,11.0,11,,,,,,,,
,,,,,1084,15.0,15,,,,,,,,
,,,,,1091,7.0,7,,,,,,,,
,,,,,1095,4.0,4,,,,,,,,
,,,,,1098,3.0,3,,,,,,,,
,,,,,1101,3.0,3,,,,,,,,
,,,,,1113,12.0,12,,,,,,,,
,,,,,1129,16.0,16,,,,,,,,
,,,,,1133,4.0,4,,,,,,,,
,,,,,1141,8.0,8,,,,,,,,
,,,,,1145,4.0,4,,,,,,,,
,,,,,1152,7.0,7,,,,,,,,
,,,,,1158,6.0,6,,,,,,,,
,,,,,1163,5.0,5,,,,,,,,
,,,,,1166,3.0,3,,,,,,,,
,,,,,1173,7.0,7,,,,,,,,
,,,,,1176,3.0,3,,,,,,,,
,,,,,1179,3.0,3,,,,,,,,
,,,,,1183,4.0,4,,,,,,,,
,,,,,1188,5.0,5,,,,,,,,
,,,,,1191,3.0,3,,,,,,,,
,,,,,1195,4.0,4,,,,,,,,
,,,,,1198,3.0,3,,,,,,,,
,,,,,1206,8.0,8,,,,,,,,
,,,,,1210,4.0,4,,,,,,,,
,,,,,1213,3.0,3,,,,,,,,
,,,,,1216,3.0,3,,,,,,,,
,,,,,1226,10.0,10,,,,,,,,
,,,,,1237,11.0,11,,,,,,,,
,,,,,1251,14.0,14,,,,,,,,
,,,,,1267,16.0,16,,,,,,,,
,,,,,1278,11.0,11,,,,,,,,
,,,,,1282,4.0,4,,,,,,,,
,,,,,1287,5.0,5,,,,,,,,
,,,,,1300,13.0,13,,,,,,,,
,,,,,1305,5.0,5,,,,,,,,
,,,,,1321,16.0,16,,,,,,,,
,,,,,1328,7.0,7,,,,,,,,
,,,,,1337,9.0,9,,,,,,,,
,,,,,1344,7.0,7,,,,,,,,
,,,,,1348,4.0,4,,,,,,,,
,,,,,1357,9.0,9,,,,,,,,
,,,,,1368,11.0,11,,,,,,,,
,,,,,1371,3.0,3,,,,,,,,
,,,,,1374,3.0,3,,,,,,,,
,,,,,1382,8.0,8,,,,,,,,
,,,,,1385,3.0,3,,,,,,,,
,,,,,1394,9.0,9,,,,,,,,
,,,,,1408,14.0,14,,,,,,,,
,,,,,1414,6.0,6,,,,,,,,
,,,,,1426,12.0,12,,,,,,,,
,,,,,1434,8.0,8,,,,,,,,
,,,,,1438,4.0,4,,,,,,,,
,,,,,1445,7.0,7,,,,,,,,
,,,,,1460,15.0,15,,,,,,,,
,,,,,1465,5.0,5,,,,,,,,
,,,,,1469,4.0,4,,,,,,,,
,,,,,1479,10.0,10,,,,,,,,
,,,,,1486,7.0,7,,,,,,,,
,,,,,1489,3.0,3,,,,,,,,
,,,,,1492,3.0,3,,,,,,,,
,,,,,1504,12.0,12,,,,,,,,
,,,,,1515,11.0,11,,,,,,,,
,,,,,1519,4.0,4,,,,,,,,
,,,,,1525,6.0,6,,,,,,,,
,,,,,1538,13.0,13,,,,,,,,
,,,,,1550,12.0,12,,,,,,,,
,,,,,1567,17.0,17,,,,,,,,
,,,,,1571,4.0,4,,,,,,,,
,,,,,1579,8.0,8,,,,,,,,
,,,,,1586,7.0,7,,,,,,,,
,,,,,1591,5.0,5,,,,,,,,
,,,,,1596,5.0,5,,,,,,,,
,,,,,1605,9.0,9,,,,,,,,
,,,,,1609,4.0,4,,,,,,,,
,,,,,1613,4.0,4,,,,,,,,
,,,,,1616,3.0,3,,,,,,,,
,,,,,1622,6.0,6,,,,,,,,
,,,,,1627,5.0,5,,,,,,,,
,,,,,1631,4.0,4,,,,,,,,
,,,,,1645,14.0,14,,,,,,,,
,,,,,1661,16.0,16,,,,,,,,
,,,,,1666,5.0,5,,,,,,,,
,,,,,1671,5.0,5,,,,,,,,
,,,,,1676,5.0,5,,,,,,,,
,,,,,1681,5.0,5,,,,,,,,
,,,,,1692,11.0,11,,,,,,,,
,,,,,1698,6.0,6,,,,,,,,
,,,,,1706,8.0,8,,,,,,,,
,,,,,1711,5.0,5,,,,,,,,
,,,,,1716,5.0,5,,,,,,,,
,,,,,1735,19.0,19,,,,,,,,
,,,,,1738,3.0,3,,,,,,,,
,,,,,1751,13.0,13,,,,,,,,
,,,,,1758,7.0,7,,,,,,,,
,,,,,1765,7.0,7,,,,,,,,
,,,,,1770,5.0,5,,,,,,,,
,,,,,1774,4.0,4,,,,,,,,
,,,,,1779,5.0,5,,,,,,,,
,,,,,1782,3.0,3,,,,,,,,
,,,,,1787,5.0,5,,,,,,,,
,,,,,1808,21.0,21,,,,,,,,
,,,,,1811,3.0,3,,,,,,,,
,,,,,1815,4.0,4,,,,,,,,
,,,,,1819,4.0,4,,,,,,,,
,,,,,1826,7.0,7,,,,,,,,
,,,,,1831,5.0,5,,,,,,,,
,,,,,1834,3.0,3,,,,,,,,
,,,,,1841,7.0,7,,,,,,,,
,,,,,1846,5.0,5,,,,,,,,
,,,,,1859,13.0,13,,,,,,,,
,,,,,1866,7.0,7,,,,,,,,
,,,,,1869,3.0,3,,,,,,,,
,,,,,1875,6.0,6,,,,,,,,
,,,,,1883,8.0,8,,,,,,,,
,,,,,1898,15.0,15,,,,,,,,
,,,,,1903,5.0,5,,,,,,,,
,,,,,1914,11.0,11,,,,,,,,
,,,,,1918,4.0,4,,,,,,,,
,,,,,1922,4.0,4,,,,,,,,
,,,,,1932,10.0,10,,,,,,,,
,,,,,1940,8.0,8,,,,,,,,
,,,,,1945,5.0,5,,,,,,,,
,,,,,1948,3.0,3,,,,,,,,
,,,,,1955,7.0,7,,,,,,,,
,,,,,1965,10.0,10,,,,,,,,
,,,,,1970,5.0,5,,,,,,,,
,,,,,1981,11.0,11,,,,,,,,
,,,,,2003,22.0,22,,,,,,,,
,,,,,2011,8.0,8,,,,,,,,
,,,,,2017,6.0,6,,,,,,,,
,,,,,2021,4.0,4,,,,,,,,
,,,,,2025,4.0,4,,,,,,,,
,,,,,2034,9.0,9,,,,,,,,
,,,,,2042,8.0,8,,,,,,,,
,,,,,2045,3.0,3,,,,,,,,
,,,,,2049,4.0,4,,,,,,,,
,,,,,2059,10.0,10,,,,,,,,
,,,,,2075,16.0,16,,,,,,,,
,,,,,2078,3.0,3,,,,,,,,
,,,,,2084,6.0,6,,,,,,,,
,,,,,2089,5.0,5,,,,,,,,
,,,,,2093,4.0,4,,,,,,,,
,,,,,2109,16.0,16,,,,,,,,
,,,,,2125,16.0,16,,,,,,,,
,,,,,2137,12.0,12,,,,,,,,
,,,,,2144,7.0,7,,,,,,,,
,,,,,2161,17.0,17,,,,,,,,
,,,,,2165,4.0,4,,,,,,,,
,,,,,2169,4.0,4,,,,,,,,
,,,,,2181,12.0,12,,,,,,,,
,,,,,2189,8.0,8,,,,,,,,
,,,,,2192,3.0,3,,,,,,,,
,,,,,2201,9.0,9,,,,,,,,
,,,,,2210,9.0,9,,,,,,,,
,,,,,2218,8.0,8,,,,,,,,
,,,,,2230,12.0,12,,,,,,,,
,,,,,2239,9.0,9,,,,,,,,
,,,,,2242,3.0,3,,,,,,,,
,,,,,2245,3.0,3,,,,,,,,
,,,,,2250,5.0,5,,,,,,,,
,,,,,2257,7.0,7,,,,,,,,
,,,,,2261,4.0,4,,,,,,,,
,,,,,2266,5.0,5,,,,,,,,
,,,,,2283,17.0,17,,,,,,,,
,,,,,2295,12.0,12,,,,,,,,
,,,,,2300,5.0,5,,,,,,,,
,,,,,2303,3.0,3,,,,,,,,
,,,,,2306,3.0,3,,,,,,,,
,,,,,2312,6.0,6,,,,,,,,
,,,,,2316,4.0,4,,,,,,,,
,,,,,2321,5.0,5,,,,,,,,
,,,,,2331,10.0,10,,,,,,,,
,,,,,2335,4.0,4,,,,,,,,
,,,,,2338,3.0,3,,,,,,,,
,,,,,2349,11.0,11,,,,,,,,
,,,,,2359,10.0,10,,,,,,,,
,,,,,2370,11.0,11,,,,,,,,
,,,,,2374,4.0,4,,,,,,,,
,,,,,2378,4.0,4,,,,,,,,
,,,,,2381,3.0,3,,,,,,,,
,,,,,2385,4.0,4,,,,,,,,
,,,,,2395,10.0,10,,,,,,,,
,,,,,2402,7.0,7,,,,,,,,
,,,,,2405,3.0,3,,,,,,,,
,,,,,2408,3.0,3,,,,,,,,
,,,,,2417,9.0,9,,,,,,,,
,,,,,2424,7.0,7,,,,,,,,
,,,,,2433,9.0,9,,,,,,,,
,,,,,2437,4.0,4,,,,,,,,
,,,,,2442,5.0,5,,,,,,,,
,,,,,2445,3.0,3,,,,,,,,
,,,,,2451,6.0,6,,,,,,,,
,,,,,2462,11.0,11,,,,,,,,
,,,,,2465,3.0,3,,,,,,,,
,,,,,2476,11.0,11,,,,,,,,
,,,,,2481,5.0,5,,,,,,,,
,,,,,2486,5.0,5,,,,,,,,
,,,,,2490,4.0,4,,,,,,,,
,,,,,2495,5.0,5,,,,,,,,
,,,,,2498,3.0,3,,,,,,,,
,,,,,2514,16.0,16,,,,,,,,
,,,,,2519,5.0,5,,,,,,,,
,,,,,2529,10.0,10,,,,,,,,
,,,,,2536,7.0,7,,,,,,,,
,,,,,2549,13.0,13,,,,,,,,
,,,,,2563,14.0,14,,,,,,,,
,,,,,2570,7.0,7,,,,,,,,
,,,,,2579,9.0,9,,,,,,,,
,,,,,2583,4.0,4,,,,,,,,
,,,,,2590,7.0,7,,,,,,,,
,,,,,2594,4.0,4,,,,,,,,
,,,,,2601,7.0,7,,,,,,,,
,,,,,2604,3.0,3,,,,,,,,
,,,,,2620,16.0,16,,,,,,,,
,,,,,2624,4.0,4,,,,,,,,
,,,,,2631,7.0,7,,,,,,,,
,,,,,2637,6.0,6,,,,,,,,
,,,,,2644,7.0,7,,,,,,,,
,,,,,2650,6.0,6,,,,,,,,
,,,,,2690,40.0,40,,,,,,,,
,,,,,2693,3.0,3,,,,,,,,
,,,,,2697,4.0,4,,,,,,,,
,,,,,2703,6.0,6,,,,,,,,
,,,,,2710,7.0,7,,,,,,,,
,,,,,2715,5.0,5,,,,,,,,
,,,,,2719,4.0,4,,,,,,,,
,,,,,2722,3.0,3,,,,,,,,
,,,,,2726,4.0,4,,,,,,,,
,,,,,2730,4.0,4,,,,,,,,
,,,,,2735,5.0,5,,,,,,,,
,,,,,2740,5.0,5,,,,,,,,
,,,,,2749,9.0,9,,,,,,,,
,,,,,2757,8.0,8,,,,,,,,
,,,,,2774,17.0,17,,,,,,,,
,,,,,2783,9.0,9,,,,,,,,
,,,,,2789,6.0,6,,,,,,,,
,,,,,2793,4.0,4,,,,,,,,
,,,,,2800,7.0,7,,,,,,,,
,,,,,2804,4.0,4,,,,,,,,
,,,,,2810,6.0,6,,,,,,,,
,,,,,2815,5.0,5,,,,,,,,
,,,,,2833,18.0,18,,,,,,,,
,,,,,2844,11.0,11,,,,,,,,
,,,,,2850,6.0,6,,,,,,,,
,,,,,2857,7.0,7,,,,,,,,
,,,,,2861,4.0,4,,,,,,,,
,,,,,2865,4.0,4,,,,,,,,
,,,,,2874,9.0,9,,,,,,,,
,,,,,2886,12.0,12,,,,,,,,
,,,,,2893,7.0,7,,,,,,,,
,,,,,2903,10.0,10,,,,,,,,
,,,,,2918,15.0,15,,,,,,,,
,,,,,2933,15.0,15,,,,,,,,
,,,,,2936,3.0,3,,,,,,,,
,,,,,2939,3.0,3,,,,,,,,
,,,,,2944,5.0,5,,,,,,,,
,,,,,2950,6.0,6,,,,,,,,
,,,,,2959,9.0,9,,,,,,,,
,,,,,2963,4.0,4,,,,,,,,
,,,,,2966,3.0,3,,,,,,,,
,,,,,2972,6.0,6,,,,,,,,
,,,,,2984,12.0,12,,,,,,,,
,,,,,2992,8.0,8,,,,,,,,
,,,,,2996,4.0,4,,,,,,,,
,,,,,3003,7.0,7,,,,,,,,
,,,,,3009,6.0,6,,,,,,,,
,,,,,3016,7.0,7,,,,,,,,
,,,,,3024,8.0,8,,,,,,,,
,,,,,3028,4.0,4,,,,,,,,
,,,,,3049,21.0,21,,,,,,,,
,,,,,3057,8.0,8,,,,,,,,
,,,,,3064,7.0,7,,,,,,,,
,,,,,3068,4.0,4,,,,,,,,
,,,,,3081,13.0,13,,,,,,,,
,,,,,3087,6.0,6,,,,,,,,
,,,,,3091,4.0,4,,,,,,,,
,,,,,3095,4.0,4,,,,,,,,
,,,,,3107,12.0,12,,,,,,,,
,,,,,3111,4.0,4,,,,,,,,
,,,,,3116,5.0,5,,,,,,,,
,,,,,3120,4.0,4,,,,,,,,
,,,,,3127,7.0,7,,,,,,,,
,,,,,3133,6.0,6,,,,,,,,
,,,,,3136,3.0,3,,,,,,,,
,,,,,3140,4.0,4,,,,,,,,
,,,,,3143,3.0,3,,,,,,,,
,,,,,3147,4.0,4,,,,,,,,
,,,,,3161,14.0,14,,,,,,,,
,,,,,3167,6.0,6,,,,,,,,
,,,,,3175,8.0,8,,,,,,,,
,,,,,3179,4.0,4,,,,,,,,
,,,,,3187,8.0,8,,,,,,,,
,,,,,3192,5.0,5,,,,,,,,
,,,,,3203,11.0,11,,,,,,,,
,,,,,3206,3.0,3,,,,,,,,
,,,,,3210,4.0,4,,,,,,,,
,,,,,3215,5.0,5,,,,,,,,
,,,,,3219,4.0,4,,,,,,,,
,,,,,3223,4.0,4,,,,,,,,
,,,,,3234,11.0,11,,,,,,,,
,,,,,3239,5.0,5,,,,,,,,
,,,,,3245,6.0,6,,,,,,,,
,,,,,3249,4.0,4,,,,,,,,
,,,,,3255,6.0,6,,,,,,,,
,,,,,3262,7.0,7,,,,,,,,
,,,,,3273,11.0,11,,,,,,,,
,,,,,3279,6.0,6,,,,,,,,
,,,,,3289,10.0,10,,,,,,,,
,,,,,3295,6.0,6,,,,,,,,
,,,,,3301,6.0,6,,,,,,,,
,,,,,3316,15.0,15,,,,,,,,
,,,,,3321,5.0,5,,,,,,,,
,,,,,3325,4.0,4,,,,,,,,
,,,,,3329,4.0,4,,,,,,,,
,,,,,3333,4.0,4,,,,,,,,
,,,,,3346,13.0,13,,,,,,,,
,,,,,3355,9.0,9,,,,,,,,
,,,,,3363,8.0,8,,,,,,,,
,,,,,3373,10.0,10,,,,,,,,
,,,,,3381,8.0,8,,,,,,,,
,,,,,3388,7.0,7,,,,,,,,
,,,,,3392,4.0,4,,,,,,,,
,,,,,3397,5.0,5,,,,,,,,
,,,,,3402,5.0,5,,,,,,,,
,,,,,3405,3.0,3,,,,,,,,
,,,,,3418,13.0,13,,,,,,,,
,,,,,3427,9.0,9,,,,,,,,
,,,,,3433,6.0,6,,,,,,,,
,,,,,3444,11.0,11,,,,,,,,
,,,,,3451,7.0,7,,,,,,,,
,,,,,3456,5.0,5,,,,,,,,
,,,,,3469,13.0,13,,,,,,,,
,,,,,3478,9.0,9,,,,,,,,
,,,,,3486,8.0,8,,,,,,,,
,,,,,3490,4.0,4,,,,,,,,
,,,,,3495,5.0,5,,,,,,,,
,,,,,3501,6.0,6,,,,,,,,
,,,,,3513,12.0,12,,,,,,,,
,,,,,3517,4.0,4,,,,,,,,
,,,,,3523,6.0,6,,,,,,,,
,,,,,3539,16.0,16,,,,,,,,
,,,,,3542,3.0,3,,,,,,,,
,,,,,3552,10.0,10,,,,,,,,
,,,,,3556,4.0,4,,,,,,,,
,,,,,3563,7.0,7,,,,,,,,
,,,,,3573,10.0,10,,,,,,,,
,,,,,3577,4.0,4,,,,,,,,
,,,,,3587,10.0,10,,,,,,,,
,,,,,3602,15.0,15,,,,,,,,
,,,,,3607,5.0,5,,,,,,,,
,,,,,3621,14.0,14,,,,,,,,
,,,,,3625,4.0,4,,,,,,,,
,,,,,3629,4.0,4,,,,,,,,
,,,,,3637,8.0,8,,,,,,,,
,,,,,3643,6.0,6,,,,,,,,
,,,,,3647,4.0,4,,,,,,,,
,,,,,3657,10.0,10,,,,,,,,
,,,,,3662,5.0,5,,,,,,,,
,,,,,3675,13.0,13,,,,,,,,
,,,,,3685,10.0,10,,,,,,,,
,,,,,3689,4.0,4,,,,,,,,
,,,,,3693,4.0,4,,,,,,,,
,,,,,3701,8.0,8,,,,,,,,
,,,,,3715,14.0,14,,,,,,,,
,,,,,3721,6.0,6,,,,,,,,
,,,,,3725,4.0,4,,,,,,,,
,,,,,3733,8.0,8,,,,,,,,
,,,,,3737,4.0,4,,,,,,,,
,,,,,3745,8.0,8,,,,,,,,
,,,,,3752,7.0,7,,,,,,,,
,,,,,3772,20.0,20,,,,,,,,
,,,,,3777,5.0,5,,,,,,,,
,,,,,3782,5.0,5,,,,,,,,
,,,,,3788,6.0,6,,,,,,,,
,,,,,3794,6.0,6,,,,,,,,
,,,,,3800,6.0,6,,,,,,,,
,,,,,3803,3.0,3,,,,,,,,
,,,,,3813,10.0,10,,,,,,,,
,,,,,3824,11.0,11,,,,,,,,
,,,,,3847,23.0,23,,,,,,,,
,,,,,3852,5.0,5,,,,,,,,
,,,,,3858,6.0,6,,,,,,,,
,,,,,3863,5.0,5,,,,,,,,
,,,,,3866,3.0,3,,,,,,,,
,,,,,3884,18.0,18,,,,,,,,
,,,,,3895,11.0,11,,,,,,,,
,,,,,3898,3.0,3,,,,,,,,
,,,,,3903,5.0,5,,,,,,,,
,,,,,3907,4.0,4,,,,,,,,
,,,,,3922,15.0,15,,,,,,,,
,,,,,3931,9.0,9,,,,,,,,
,,,,,3936,5.0,5,,,,,,,,
,,,,,3945,9.0,9,,,,,,,,
,,,,,3953,8.0,8,,,,,,,,
,,,,,3962,9.0,9,,,,,,,,
,,,,,3967,5.0,5,,,,,,,,
,,,,,3978,11.0,11,,,,,,,,
,,,,,3982,4.0,4,,,,,,,,
,,,,,3987,5.0,5,,,,,,,,
,,,,,3996,9.0,9,,,,,,,,
,,,,,4002,6.0,6,,,,,,,,
,,,,,4013,11.0,11,,,,,,,,
,,,,,4018,5.0,5,,,,,,,,
,,,,,4034,16.0,16,,,,,,,,
,,,,,4042,8.0,8,,,,,,,,
,,,,,4050,8.0,8,,,,,,,,
,,,,,4053,3.0,3,,,,,,,,
,,,,,4068,15.0,15,,,,,,,,
,,,,,4073,5.0,5,,,,,,,,
,,,,,4078,5.0,5,,,,,,,,
,,,,,4082,4.0,4,,,,,,,,
,,,,,4089,7.0,7,,,,,,,,
,,,,,4093,4.0,4,,,,,,,,
,,,,,4097,4.0,4,,,,,,,,
,,,,,4103,6.0,6,,,,,,,,
,,,,,4107,4.0,4,,,,,,,,
,,,,,4123,16.0,16,,,,,,,,
,,,,,4131,8.0,8,,,,,,,,
,,,,,4136,5.0,5,,,,,,,,
,,,,,4141,5.0,5,,,,,,,,
,,,,,4151,10.0,10,,,,,,,,
,,,,,4154,3.0,3,,,,,,,,
,,,,,4158,4.0,4,,,,,,,,
,,,,,4162,4.0,4,,,,,,,,
,,,,,4166,4.0,4,,,,,,,,
,,,,,4171,5.0,5,,,,,,,,
,,,,,4175,4.0,4,,,,,,,,
,,,,,4182,7.0,7,,,,,,,,
,,,,,4186,4.0,4,,,,,,,,
,,,,,4192,6.0,6,,,,,,,,
,,,,,4196,4.0,4,,,,,,,,
,,,,,4211,15.0,15,,,,,,,,
,,,,,4227,16.0,16,,,,,,,,
,,,,,4242,15.0,15,,,,,,,,
,,,,,4247,5.0,5,,,,,,,,
,,,,,4253,6.0,6,,,,,,,,
,,,,,4259,6.0,6,,,,,,,,
,,,,,4267,8.0,8,,,,,,,,
,,,,,4275,8.0,8,,,,,,,,
,,,,,4288,13.0,13,,,,,,,,
,,,,,4292,4.0,4,,,,,,,,
,,,,,4295,3.0,3,,,,,,,,
,,,,,4301,6.0,6,,,,,,,,
,,,,,4315,14.0,14,,,,,,,,
,,,,,4323,8.0,8,,,,,,,,
,,,,,4331,8.0,8,,,,,,,,
,,,,,4336,5.0,5,,,,,,,,
,,,,,4341,5.0,5,,,,,,,,
,,,,,4345,4.0,4,,,,,,,,
,,,,,4349,4.0,4,,,,,,,,
,,,,,4356,7.0,7,,,,,,,,
,,,,,4360,4.0,4,,,,,,,,
,,,,,4364,4.0,4,,,,,,,,
,,,,,4368,4.0,4,,,,,,,,
,,,,,4371,3.0,3,,,,,,,,
,,,,,4374,3.0,3,,,,,,,,
,,,,,4378,4.0,4,,,,,,,,
,,,,,4382,4.0,4,,,,,,,,
,,,,,4386,4.0,4,,,,,,,,
,,,,,4395,9.0,9,,,,,,,,
,,,,,4402,7.0,7,,,,,,,,
,,,,,4406,4.0,4,,,,,,,,
,,,,,4414,8.0,8,,,,,,,,
,,,,,4418,4.0,4,,,,,,,,
,,,,,4423,5.0,5,,,,,,,,
,,,,,4427,4.0,4,,,,,,,,
,,,,,4437,10.0,10,,,,,,,,
,,,,,4444,7.0,7,,,,,,,,
,,,,,4448,4.0,4,,,,,,,,
,,,,,4453,5.0,5,,,,,,,,
,,,,,4458,5.0,5,,,,,,,,
,,,,,4462,4.0,4,,,,,,,,
,,,,,4468,6.0,6,,,,,,,,
,,,,,4474,6.0,6,,,,,,,,
,,,,,4479,5.0,5,,,,,,,,
,,,,,4483,4.0,4,,,,,,,,
,,,,,4487,4.0,4,,,,,,,,
,,,,,4496,9.0,9,,,,,,,,
,,,,,4502,6.0,6,,,,,,,,
,,,,,4509,7.0,7,,,,,,,,
,,,,,4517,8.0,8,,,,,,,,
,,,,,4521,4.0,4,,,,,,,,
,,,,,4525,4.0,4,,,,,,,,
,,,,,4528,3.0,3,,,,,,,,
,,,,,4531,3.0,3,,,,,,,,
,,,,,4539,8.0,8,,,,,,,,
,,,,,4544,5.0,5,,,,,,,,
,,,,,4547,3.0,3,,,,,,,,
,,,,,4554,7.0,7,,,,,,,,
,,,,,4557,3.0,3,,,,,,,,
,,,,,4565,8.0,8,,,,,,,,
,,,,,4582,17.0,17,,,,,,,,
,,,,,4593,11.0,11,,,,,,,,
,,,,,4599,6.0,6,,,,,,,,
,,,,,4606,7.0,7,,,,,,,,
,,,,,4619,13.0,13,,,,,,,,
,,,,,4623,4.0,4,,,,,,,,
,,,,,4628,5.0,5,,,,,,,,
,,,,,4632,4.0,4,,,,,,,,
,,,,,4639,7.0,7,,,,,,,,
,,,,,4646,7.0,7,,,,,,,,
,,,,,4650,4.0,4,,,,,,,,
,,,,,4655,5.0,5,,,,,,,,
,,,,,4674,19.0,19,,,,,,,,
,,,,,4678,4.0,4,,,,,,,,
,,,,,4687,9.0,9,,,,,,,,
,,,,,4692,5.0,5,,,,,,,,
,,,,,4696,4.0,4,,,,,,,,
,,,,,4701,5.0,5,,,,,,,,
,,,,,4704,3.0,3,,,,,,,,
,,,,,4708,4.0,4,,,,,,,,
,,,,,4712,4.0,4,,,,,,,,
,,,,,4720,8.0,8,,,,,,,,
,,,,,4725,5.0,5,,,,,,,,
,,,,,4728,3.0,3,,,,,,,,
,,,,,4736,8.0,8,,,,,,,,
,,,,,4745,9.0,9,,,,,,,,
,,,,,4751,6.0,6,,,,,,,,
,,,,,4760,9.0,9,,,,,,,,
,,,,,4766,6.0,6,,,,,,,,
,,,,,4771,5.0,5,,,,,,,,
,,,,,4787,16.0,16,,,,,,,,
,,,,,4798,11.0,11,,,,,,,,
,,,,,4808,10.0,10,,,,,,,,
,,,,,4813,5.0,5,,,,,,,,
,,,,,4823,10.0,10,,,,,,,,
,,,,,4839,16.0,16,,,,,,,,
,,,,,4843,4.0,4,,,,,,,,
,,,,,4857,14.0,14,,,,,,,,
,,,,,4865,8.0,8,,,,,,,,
,,,,,4876,11.0,11,,,,,,,,
,,,,,4879,3.0,3,,,,,,,,
,,,,,4890,11.0,11,,,,,,,,
,,,,,4893,3.0,3,,,,,,,,
,,,,,4900,7.0,7,,,,,,,,
,,,,,4907,7.0,7,,,,,,,,
,,,,,4912,5.0,5,,,,,,,,
,,,,,4921,9.0,9,,,,,,,,
,,,,,4925,4.0,4,,,,,,,,
,,,,,4932,7.0,7,,,,,,,,
,,,,,4938,6.0,6,,,,,,,,
,,,,,4941,3.0,3,,,,,,,,
,,,,,4945,4.0,4,,,,,,,,
,,,,,4950,5.0,5,,,,,,,,
,,,,,4953,3.0,3,,,,,,,,
,,,,,4960,7.0,7,,,,,,,,
,,,,,4965,5.0,5,,,,,,,,
,,,,,4968,3.0,3,,,,,,,,
,,,,,4979,11.0,11,,,,,,,,
,,,,,4993,14.0,14,,,,,,,,
9.3,5.001,16.0,3.0,9.3,5000,,,-0.06500058621168137,0.6500058174133301,1.0926638841629028,0.05698484182357788,1.100757122039795,0.0003,0.0003,0.1
,,,,,5011,18.0,18,,,,,,,,
,,,,,5031,20.0,20,,,,,,,,
,,,,,5034,3.0,3,,,,,,,,
,,,,,5039,5.0,5,,,,,,,,
,,,,,5047,8.0,8,,,,,,,,
,,,,,5053,6.0,6,,,,,,,,
,,,,,5059,6.0,6,,,,,,,,
,,,,,5066,7.0,7,,,,,,,,
,,,,,5069,3.0,3,,,,,,,,
,,,,,5083,14.0,14,,,,,,,,
,,,,,5101,18.0,18,,,,,,,,
,,,,,5116,15.0,15,,,,,,,,
,,,,,5123,7.0,7,,,,,,,,
,,,,,5133,10.0,10,,,,,,,,
,,,,,5137,4.0,4,,,,,,,,
,,,,,5143,6.0,6,,,,,,,,
,,,,,5147,4.0,4,,,,,,,,
,,,,,5152,5.0,5,,,,,,,,
,,,,,5167,15.0,15,,,,,,,,
,,,,,5171,4.0,4,,,,,,,,
,,,,,5175,4.0,4,,,,,,,,
,,,,,5179,4.0,4,,,,,,,,
,,,,,5183,4.0,4,,,,,,,,
,,,,,5187,4.0,4,,,,,,,,
,,,,,5193,6.0,6,,,,,,,,
,,,,,5197,4.0,4,,,,,,,,
,,,,,5204,7.0,7,,,,,,,,
,,,,,5210,6.0,6,,,,,,,,
,,,,,5220,10.0,10,,,,,,,,
,,,,,5223,3.0,3,,,,,,,,
,,,,,5231,8.0,8,,,,,,,,
,,,,,5234,3.0,3,,,,,,,,
,,,,,5238,4.0,4,,,,,,,,
,,,,,5243,5.0,5,,,,,,,,
,,,,,5248,5.0,5,,,,,,,,
,,,,,5257,9.0,9,,,,,,,,
,,,,,5269,12.0,12,,,,,,,,
,,,,,5273,4.0,4,,,,,,,,
,,,,,5285,12.0,12,,,,,,,,
,,,,,5296,11.0,11,,,,,,,,
,,,,,5302,6.0,6,,,,,,,,
,,,,,5306,4.0,4,,,,,,,,
,,,,,5310,4.0,4,,,,,,,,
,,,,,5313,3.0,3,,,,,,,,
,,,,,5321,8.0,8,,,,,,,,
,,,,,5324,3.0,3,,,,,,,,
,,,,,5348,24.0,24,,,,,,,,
,,,,,5353,5.0,5,,,,,,,,
,,,,,5364,11.0,11,,,,,,,,
,,,,,5373,9.0,9,,,,,,,,
,,,,,5377,4.0,4,,,,,,,,
,,,,,5383,6.0,6,,,,,,,,
,,,,,5393,10.0,10,,,,,,,,
,,,,,5399,6.0,6,,,,,,,,
,,,,,5403,4.0,4,,,,,,,,
,,,,,5406,3.0,3,,,,,,,,
,,,,,5415,9.0,9,,,,,,,,
,,,,,5418,3.0,3,,,,,,,,
,,,,,5426,8.0,8,,,,,,,,
,,,,,5431,5.0,5,,,,,,,,
,,,,,5435,4.0,4,,,,,,,,
,,,,,5440,5.0,5,,,,,,,,
,,,,,5450,10.0,10,,,,,,,,
,,,,,5454,4.0,4,,,,,,,,
,,,,,5465,11.0,11,,,,,,,,
,,,,,5468,3.0,3,,,,,,,,
,,,,,5477,9.0,9,,,,,,,,
,,,,,5481,4.0,4,,,,,,,,
,,,,,5485,4.0,4,,,,,,,,
,,,,,5495,10.0,10,,,,,,,,
,,,,,5501,6.0,6,,,,,,,,
,,,,,5505,4.0,4,,,,,,,,
,,,,,5516,11.0,11,,,,,,,,
,,,,,5519,3.0,3,,,,,,,,
,,,,,5522,3.0,3,,,,,,,,
,,,,,5525,3.0,3,,,,,,,,
,,,,,5539,14.0,14,,,,,,,,
,,,,,5544,5.0,5,,,,,,,,
,,,,,5551,7.0,7,,,,,,,,
,,,,,5557,6.0,6,,,,,,,,
,,,,,5560,3.0,3,,,,,,,,
,,,,,5566,6.0,6,,,,,,,,
,,,,,5579,13.0,13,,,,,,,,
,,,,,5583,4.0,4,,,,,,,,
,,,,,5587,4.0,4,,,,,,,,
,,,,,5593,6.0,6,,,,,,,,
,,,,,5596,3.0,3,,,,,,,,
,,,,,5614,18.0,18,,,,,,,,
,,,,,5630,16.0,16,,,,,,,,
,,,,,5635,5.0,5,,,,,,,,
,,,,,5639,4.0,4,,,,,,,,
,,,,,5644,5.0,5,,,,,,,,
,,,,,5648,4.0,4,,,,,,,,
,,,,,5651,3.0,3,,,,,,,,
,,,,,5654,3.0,3,,,,,,,,
,,,,,5659,5.0,5,,,,,,,,
,,,,,5663,4.0,4,,,,,,,,
,,,,,5670,7.0,7,,,,,,,,
,,,,,5673,3.0,3,,,,,,,,
,,,,,5677,4.0,4,,,,,,,,
,,,,,5687,10.0,10,,,,,,,,
,,,,,5690,3.0,3,,,,,,,,
,,,,,5700,10.0,10,,,,,,,,
,,,,,5703,3.0,3,,,,,,,,
,,,,,5710,7.0,7,,,,,,,,
,,,,,5713,3.0,3,,,,,,,,
,,,,,5718,5.0,5,,,,,,,,
,,,,,5724,6.0,6,,,,,,,,
,,,,,5728,4.0,4,,,,,,,,
,,,,,5734,6.0,6,,,,,,,,
,,,,,5741,7.0,7,,,,,,,,
,,,,,5747,6.0,6,,,,,,,,
,,,,,5752,5.0,5,,,,,,,,
,,,,,5760,8.0,8,,,,,,,,
,,,,,5765,5.0,5,,,,,,,,
,,,,,5768,3.0,3,,,,,,,,
,,,,,5771,3.0,3,,,,,,,,
,,,,,5776,5.0,5,,,,,,,,
,,,,,5782,6.0,6,,,,,,,,
,,,,,5785,3.0,3,,,,,,,,
,,,,,5791,6.0,6,,,,,,,,
,,,,,5796,5.0,5,,,,,,,,
,,,,,5800,4.0,4,,,,,,,,
,,,,,5806,6.0,6,,,,,,,,
,,,,,5812,6.0,6,,,,,,,,
,,,,,5815,3.0,3,,,,,,,,
,,,,,5821,6.0,6,,,,,,,,
,,,,,5831,10.0,10,,,,,,,,
,,,,,5834,3.0,3,,,,,,,,
,,,,,5837,3.0,3,,,,,,,,
,,,,,5841,4.0,4,,,,,,,,
,,,,,5846,5.0,5,,,,,,,,
,,,,,5851,5.0,5,,,,,,,,
,,,,,5854,3.0,3,,,,,,,,
,,,,,5862,8.0,8,,,,,,,,
,,,,,5865,3.0,3,,,,,,,,
,,,,,5868,3.0,3,,,,,,,,
,,,,,5882,14.0,14,,,,,,,,
,,,,,5887,5.0,5,,,,,,,,
,,,,,5893,6.0,6,,,,,,,,
,,,,,5897,4.0,4,,,,,,,,
,,,,,5903,6.0,6,,,,,,,,
,,,,,5908,5.0,5,,,,,,,,
,,,,,5912,4.0,4,,,,,,,,
,,,,,5923,11.0,11,,,,,,,,
,,,,,5926,3.0,3,,,,,,,,
,,,,,5938,12.0,12,,,,,,,,
,,,,,5944,6.0,6,,,,,,,,
,,,,,5949,5.0,5,,,,,,,,
,,,,,5953,4.0,4,,,,,,,,
,,,,,5956,3.0,3,,,,,,,,
,,,,,5959,3.0,3,,,,,,,,
,,,,,5963,4.0,4,,,,,,,,
,,,,,5967,4.0,4,,,,,,,,
,,,,,5974,7.0,7,,,,,,,,
,,,,,5977,3.0,3,,,,,,,,
,,,,,5982,5.0,5,,,,,,,,
,,,,,5987,5.0,5,,,,,,,,
,,,,,5991,4.0,4,,,,,,,,
,,,,,5997,6.0,6,,,,,,,,
,,,,,6000,,,-0.06892050802707672,0.6892050504684448,0.830729603767395,3.6043591499328613,3.531466484069824,0.0003,0.0003,0.1
,,,,,6001,4.0,4,,,,,,,,
,,,,,6004,3.0,3,,,,,,,,
,,,,,6020,16.0,16,,,,,,,,
,,,,,6028,8.0,8,,,,,,,,
,,,,,6033,5.0,5,,,,,,,,
,,,,,6057,24.0,24,,,,,,,,
,,,,,6063,6.0,6,,,,,,,,
,,,,,6070,7.0,7,,,,,,,,
,,,,,6076,6.0,6,,,,,,,,
,,,,,6083,7.0,7,,,,,,,,
,,,,,6086,3.0,3,,,,,,,,
,,,,,6089,3.0,3,,,,,,,,
,,,,,6093,4.0,4,,,,,,,,
,,,,,6096,3.0,3,,,,,,,,
,,,,,6101,5.0,5,,,,,,,,
,,,,,6105,4.0,4,,,,,,,,
,,,,,6108,3.0,3,,,,,,,,
,,,,,6113,5.0,5,,,,,,,,
,,,,,6128,15.0,15,,,,,,,,
,,,,,6140,12.0,12,,,,,,,,
,,,,,6144,4.0,4,,,,,,,,
,,,,,6152,8.0,8,,,,,,,,
,,,,,6160,8.0,8,,,,,,,,
,,,,,6164,4.0,4,,,,,,,,
,,,,,6168,4.0,4,,,,,,,,
,,,,,6172,4.0,4,,,,,,,,
,,,,,6177,5.0,5,,,,,,,,
,,,,,6182,5.0,5,,,,,,,,
,,,,,6188,6.0,6,,,,,,,,
,,,,,6191,3.0,3,,,,,,,,
,,,,,6209,18.0,18,,,,,,,,
,,,,,6216,7.0,7,,,,,,,,
,,,,,6219,3.0,3,,,,,,,,
,,,,,6222,3.0,3,,,,,,,,
,,,,,6231,9.0,9,,,,,,,,
,,,,,6241,10.0,10,,,,,,,,
,,,,,6250,9.0,9,,,,,,,,
,,,,,6254,4.0,4,,,,,,,,
,,,,,6258,4.0,4,,,,,,,,
,,,,,6261,3.0,3,,,,,,,,
,,,,,6272,11.0,11,,,,,,,,
,,,,,6278,6.0,6,,,,,,,,
,,,,,6282,4.0,4,,,,,,,,
,,,,,6290,8.0,8,,,,,,,,
,,,,,6296,6.0,6,,,,,,,,
,,,,,6299,3.0,3,,,,,,,,
,,,,,6305,6.0,6,,,,,,,,
,,,,,6315,10.0,10,,,,,,,,
,,,,,6318,3.0,3,,,,,,,,
,,,,,6321,3.0,3,,,,,,,,
,,,,,6324,3.0,3,,,,,,,,
,,,,,6329,5.0,5,,,,,,,,
,,,,,6333,4.0,4,,,,,,,,
,,,,,6336,3.0,3,,,,,,,,
,,,,,6342,6.0,6,,,,,,,,
,,,,,6345,3.0,3,,,,,,,,
,,,,,6351,6.0,6,,,,,,,,
,,,,,6354,3.0,3,,,,,,,,
,,,,,6357,3.0,3,,,,,,,,
,,,,,6363,6.0,6,,,,,,,,
,,,,,6367,4.0,4,,,,,,,,
,,,,,6380,13.0,13,,,,,,,,
,,,,,6383,3.0,3,,,,,,,,
,,,,,6396,13.0,13,,,,,,,,
,,,,,6400,4.0,4,,,,,,,,
,,,,,6403,3.0,3,,,,,,,,
,,,,,6410,7.0,7,,,,,,,,
,,,,,6423,13.0,13,,,,,,,,
,,,,,6432,9.0,9,,,,,,,,
,,,,,6437,5.0,5,,,,,,,,
,,,,,6445,8.0,8,,,,,,,,
,,,,,6448,3.0,3,,,,,,,,
,,,,,6451,3.0,3,,,,,,,,
,,,,,6465,14.0,14,,,,,,,,
,,,,,6468,3.0,3,,,,,,,,
,,,,,6473,5.0,5,,,,,,,,
,,,,,6481,8.0,8,,,,,,,,
,,,,,6493,12.0,12,,,,,,,,
,,,,,6499,6.0,6,,,,,,,,
,,,,,6506,7.0,7,,,,,,,,
,,,,,6509,3.0,3,,,,,,,,
,,,,,6514,5.0,5,,,,,,,,
,,,,,6523,9.0,9,,,,,,,,
,,,,,6526,3.0,3,,,,,,,,
,,,,,6538,12.0,12,,,,,,,,
,,,,,6549,11.0,11,,,,,,,,
,,,,,6555,6.0,6,,,,,,,,
,,,,,6577,22.0,22,,,,,,,,
,,,,,6581,4.0,4,,,,,,,,
,,,,,6587,6.0,6,,,,,,,,
,,,,,6591,4.0,4,,,,,,,,
,,,,,6595,4.0,4,,,,,,,,
,,,,,6601,6.0,6,,,,,,,,
,,,,,6604,3.0,3,,,,,,,,
,,,,,6609,5.0,5,,,,,,,,
,,,,,6624,15.0,15,,,,,,,,
,,,,,6631,7.0,7,,,,,,,,
,,,,,6636,5.0,5,,,,,,,,
,,,,,6639,3.0,3,,,,,,,,
,,,,,6655,16.0,16,,,,,,,,
,,,,,6661,6.0,6,,,,,,,,
,,,,,6664,3.0,3,,,,,,,,
,,,,,6670,6.0,6,,,,,,,,
,,,,,6673,3.0,3,,,,,,,,
,,,,,6680,7.0,7,,,,,,,,
,,,,,6688,8.0,8,,,,,,,,
,,,,,6691,3.0,3,,,,,,,,
,,,,,6702,11.0,11,,,,,,,,
,,,,,6707,5.0,5,,,,,,,,
,,,,,6710,3.0,3,,,,,,,,
,,,,,6719,9.0,9,,,,,,,,
,,,,,6722,3.0,3,,,,,,,,
,,,,,6727,5.0,5,,,,,,,,
,,,,,6730,3.0,3,,,,,,,,
,,,,,6734,4.0,4,,,,,,,,
,,,,,6740,6.0,6,,,,,,,,
,,,,,6746,6.0,6,,,,,,,,
,,,,,6750,4.0,4,,,,,,,,
,,,,,6753,3.0,3,,,,,,,,
,,,,,6759,6.0,6,,,,,,,,
,,,,,6769,10.0,10,,,,,,,,
,,,,,6779,10.0,10,,,,,,,,
,,,,,6784,5.0,5,,,,,,,,
,,,,,6788,4.0,4,,,,,,,,
,,,,,6793,5.0,5,,,,,,,,
,,,,,6799,6.0,6,,,,,,,,
,,,,,6803,4.0,4,,,,,,,,
,,,,,6807,4.0,4,,,,,,,,
,,,,,6810,3.0,3,,,,,,,,
,,,,,6815,5.0,5,,,,,,,,
,,,,,6819,4.0,4,,,,,,,,
,,,,,6830,11.0,11,,,,,,,,
,,,,,6834,4.0,4,,,,,,,,
,,,,,6841,7.0,7,,,,,,,,
,,,,,6845,4.0,4,,,,,,,,
,,,,,6848,3.0,3,,,,,,,,
,,,,,6851,3.0,3,,,,,,,,
,,,,,6855,4.0,4,,,,,,,,
,,,,,6861,6.0,6,,,,,,,,
,,,,,6867,6.0,6,,,,,,,,
,,,,,6871,4.0,4,,,,,,,,
,,,,,6886,15.0,15,,,,,,,,
,,,,,6891,5.0,5,,,,,,,,
,,,,,6896,5.0,5,,,,,,,,
,,,,,6903,7.0,7,,,,,,,,
,,,,,6911,8.0,8,,,,,,,,
,,,,,6914,3.0,3,,,,,,,,
,,,,,6921,7.0,7,,,,,,,,
,,,,,6927,6.0,6,,,,,,,,
,,,,,6934,7.0,7,,,,,,,,
,,,,,6937,3.0,3,,,,,,,,
,,,,,6941,4.0,4,,,,,,,,
,,,,,6952,11.0,11,,,,,,,,
,,,,,6956,4.0,4,,,,,,,,
,,,,,6967,11.0,11,,,,,,,,
,,,,,6972,5.0,5,,,,,,,,
,,,,,6985,13.0,13,,,,,,,,
,,,,,6992,7.0,7,,,,,,,,
,,,,,6996,4.0,4,,,,,,,,
,,,,,7000,4.0,4,,,,,,,,
,,,,,7000,,,-0.06771539896726608,0.6771539449691772,1.555012583732605,4.803335666656494,4.8484296798706055,0.0003,0.0003,0.1
,,,,,7006,6.0,6,,,,,,,,
,,,,,7018,12.0,12,,,,,,,,
,,,,,7025,7.0,7,,,,,,,,
,,,,,7028,3.0,3,,,,,,,,
,,,,,7042,14.0,14,,,,,,,,
,,,,,7045,3.0,3,,,,,,,,
,,,,,7048,3.0,3,,,,,,,,
,,,,,7056,8.0,8,,,,,,,,
,,,,,7061,5.0,5,,,,,,,,
,,,,,7066,5.0,5,,,,,,,,
,,,,,7070,4.0,4,,,,,,,,
,,,,,7075,5.0,5,,,,,,,,
,,,,,7078,3.0,3,,,,,,,,
,,,,,7085,7.0,7,,,,,,,,
,,,,,7088,3.0,3,,,,,,,,
,,,,,7091,3.0,3,,,,,,,,
,,,,,7095,4.0,4,,,,,,,,
,,,,,7102,7.0,7,,,,,,,,
,,,,,7110,8.0,8,,,,,,,,
,,,,,7121,11.0,11,,,,,,,,
,,,,,7131,10.0,10,,,,,,,,
,,,,,7136,5.0,5,,,,,,,,
,,,,,7139,3.0,3,,,,,,,,
,,,,,7145,6.0,6,,,,,,,,
,,,,,7148,3.0,3,,,,,,,,
,,,,,7151,3.0,3,,,,,,,,
,,,,,7155,4.0,4,,,,,,,,
,,,,,7158,3.0,3,,,,,,,,
,,,,,7163,5.0,5,,,,,,,,
,,,,,7166,3.0,3,,,,,,,,
,,,,,7170,4.0,4,,,,,,,,
,,,,,7175,5.0,5,,,,,,,,
,,,,,7178,3.0,3,,,,,,,,
,,,,,7182,4.0,4,,,,,,,,
,,,,,7185,3.0,3,,,,,,,,
,,,,,7193,8.0,8,,,,,,,,
,,,,,7198,5.0,5,,,,,,,,
,,,,,7205,7.0,7,,,,,,,,
,,,,,7213,8.0,8,,,,,,,,
,,,,,7216,3.0,3,,,,,,,,
,,,,,7228,12.0,12,,,,,,,,
,,,,,7233,5.0,5,,,,,,,,
,,,,,7236,3.0,3,,,,,,,,
,,,,,7239,3.0,3,,,,,,,,
,,,,,7246,7.0,7,,,,,,,,
,,,,,7249,3.0,3,,,,,,,,
,,,,,7254,5.0,5,,,,,,,,
,,,,,7262,8.0,8,,,,,,,,
,,,,,7267,5.0,5,,,,,,,,
,,,,,7273,6.0,6,,,,,,,,
,,,,,7276,3.0,3,,,,,,,,
,,,,,7282,6.0,6,,,,,,,,
,,,,,7290,8.0,8,,,,,,,,
,,,,,7294,4.0,4,,,,,,,,
,,,,,7298,4.0,4,,,,,,,,
,,,,,7302,4.0,4,,,,,,,,
,,,,,7307,5.0,5,,,,,,,,
,,,,,7312,5.0,5,,,,,,,,
,,,,,7316,4.0,4,,,,,,,,
,,,,,7326,10.0,10,,,,,,,,
,,,,,7332,6.0,6,,,,,,,,
,,,,,7338,6.0,6,,,,,,,,
,,,,,7343,5.0,5,,,,,,,,
,,,,,7350,7.0,7,,,,,,,,
,,,,,7354,4.0,4,,,,,,,,
,,,,,7357,3.0,3,,,,,,,,
,,,,,7361,4.0,4,,,,,,,,
,,,,,7364,3.0,3,,,,,,,,
,,,,,7367,3.0,3,,,,,,,,
,,,,,7375,8.0,8,,,,,,,,
,,,,,7379,4.0,4,,,,,,,,
,,,,,7383,4.0,4,,,,,,,,
,,,,,7386,3.0,3,,,,,,,,
,,,,,7395,9.0,9,,,,,,,,
,,,,,7407,12.0,12,,,,,,,,
,,,,,7410,3.0,3,,,,,,,,
,,,,,7415,5.0,5,,,,,,,,
,,,,,7419,4.0,4,,,,,,,,
,,,,,7422,3.0,3,,,,,,,,
,,,,,7425,3.0,3,,,,,,,,
,,,,,7435,10.0,10,,,,,,,,
,,,,,7451,16.0,16,,,,,,,,
,,,,,7460,9.0,9,,,,,,,,
,,,,,7463,3.0,3,,,,,,,,
,,,,,7468,5.0,5,,,,,,,,
,,,,,7474,6.0,6,,,,,,,,
,,,,,7479,5.0,5,,,,,,,,
,,,,,7483,4.0,4,,,,,,,,
,,,,,7489,6.0,6,,,,,,,,
,,,,,7495,6.0,6,,,,,,,,
,,,,,7502,7.0,7,,,,,,,,
,,,,,7511,9.0,9,,,,,,,,
,,,,,7517,6.0,6,,,,,,,,
,,,,,7531,14.0,14,,,,,,,,
,,,,,7538,7.0,7,,,,,,,,
,,,,,7541,3.0,3,,,,,,,,
,,,,,7546,5.0,5,,,,,,,,
,,,,,7551,5.0,5,,,,,,,,
,,,,,7564,13.0,13,,,,,,,,
,,,,,7574,10.0,10,,,,,,,,
,,,,,7590,16.0,16,,,,,,,,
,,,,,7594,4.0,4,,,,,,,,
,,,,,7602,8.0,8,,,,,,,,
,,,,,7606,4.0,4,,,,,,,,
,,,,,7615,9.0,9,,,,,,,,
,,,,,7630,15.0,15,,,,,,,,
,,,,,7634,4.0,4,,,,,,,,
,,,,,7637,3.0,3,,,,,,,,
,,,,,7644,7.0,7,,,,,,,,
,,,,,7648,4.0,4,,,,,,,,
,,,,,7654,6.0,6,,,,,,,,
,,,,,7660,6.0,6,,,,,,,,
,,,,,7664,4.0,4,,,,,,,,
,,,,,7671,7.0,7,,,,,,,,
,,,,,7675,4.0,4,,,,,,,,
,,,,,7678,3.0,3,,,,,,,,
,,,,,7682,4.0,4,,,,,,,,
,,,,,7687,5.0,5,,,,,,,,
,,,,,7690,3.0,3,,,,,,,,
,,,,,7695,5.0,5,,,,,,,,
,,,,,7701,6.0,6,,,,,,,,
,,,,,7705,4.0,4,,,,,,,,
,,,,,7710,5.0,5,,,,,,,,
,,,,,7730,20.0,20,,,,,,,,
,,,,,7759,29.0,29,,,,,,,,
,,,,,7770,11.0,11,,,,,,,,
,,,,,7773,3.0,3,,,,,,,,
,,,,,7776,3.0,3,,,,,,,,
,,,,,7779,3.0,3,,,,,,,,
,,,,,7787,8.0,8,,,,,,,,
,,,,,7790,3.0,3,,,,,,,,
,,,,,7793,3.0,3,,,,,,,,
,,,,,7796,3.0,3,,,,,,,,
,,,,,7811,15.0,15,,,,,,,,
,,,,,7814,3.0,3,,,,,,,,
,,,,,7819,5.0,5,,,,,,,,
,,,,,7824,5.0,5,,,,,,,,
,,,,,7828,4.0,4,,,,,,,,
,,,,,7834,6.0,6,,,,,,,,
,,,,,7838,4.0,4,,,,,,,,
,,,,,7842,4.0,4,,,,,,,,
,,,,,7851,9.0,9,,,,,,,,
,,,,,7858,7.0,7,,,,,,,,
,,,,,7861,3.0,3,,,,,,,,
,,,,,7866,5.0,5,,,,,,,,
,,,,,7875,9.0,9,,,,,,,,
,,,,,7882,7.0,7,,,,,,,,
,,,,,7886,4.0,4,,,,,,,,
,,,,,7895,9.0,9,,,,,,,,
,,,,,7900,5.0,5,,,,,,,,
,,,,,7904,4.0,4,,,,,,,,
,,,,,7910,6.0,6,,,,,,,,
,,,,,7913,3.0,3,,,,,,,,
,,,,,7916,3.0,3,,,,,,,,
,,,,,7920,4.0,4,,,,,,,,
,,,,,7932,12.0,12,,,,,,,,
,,,,,7935,3.0,3,,,,,,,,
,,,,,7942,7.0,7,,,,,,,,
,,,,,7947,5.0,5,,,,,,,,
,,,,,7951,4.0,4,,,,,,,,
,,,,,7961,10.0,10,,,,,,,,
,,,,,7964,3.0,3,,,,,,,,
,,,,,7967,3.0,3,,,,,,,,
,,,,,7974,7.0,7,,,,,,,,
,,,,,7980,6.0,6,,,,,,,,
,,,,,7986,6.0,6,,,,,,,,
,,,,,7994,8.0,8,,,,,,,,
,,,,,7997,3.0,3,,,,,,,,
,,,,,8000,3.0,3,,,,,,,,
,,,,,8000,,,-0.06668943911790848,0.6668943762779236,1.7138667106628418,4.67973518371582,4.854925632476807,0.0003,0.0003,0.1
,,,,,8008,8.0,8,,,,,,,,
,,,,,8011,3.0,3,,,,,,,,
,,,,,8015,4.0,4,,,,,,,,
,,,,,8019,4.0,4,,,,,,,,
,,,,,8026,7.0,7,,,,,,,,
,,,,,8035,9.0,9,,,,,,,,
,,,,,8041,6.0,6,,,,,,,,
,,,,,8047,6.0,6,,,,,,,,
,,,,,8050,3.0,3,,,,,,,,
,,,,,8054,4.0,4,,,,,,,,
,,,,,8061,7.0,7,,,,,,,,
,,,,,8068,7.0,7,,,,,,,,
,,,,,8073,5.0,5,,,,,,,,
,,,,,8077,4.0,4,,,,,,,,
,,,,,8080,3.0,3,,,,,,,,
,,,,,8085,5.0,5,,,,,,,,
,,,,,8088,3.0,3,,,,,,,,
,,,,,8093,5.0,5,,,,,,,,
,,,,,8096,3.0,3,,,,,,,,
,,,,,8100,4.0,4,,,,,,,,
,,,,,8104,4.0,4,,,,,,,,
,,,,,8107,3.0,3,,,,,,,,
,,,,,8110,3.0,3,,,,,,,,
,,,,,8114,4.0,4,,,,,,,,
,,,,,8118,4.0,4,,,,,,,,
,,,,,8123,5.0,5,,,,,,,,
,,,,,8126,3.0,3,,,,,,,,
,,,,,8131,5.0,5,,,,,,,,
,,,,,8137,6.0,6,,,,,,,,
,,,,,8140,3.0,3,,,,,,,,
,,,,,8143,3.0,3,,,,,,,,
,,,,,8150,7.0,7,,,,,,,,
,,,,,8165,15.0,15,,,,,,,,
,,,,,8170,5.0,5,,,,,,,,
,,,,,8183,13.0,13,,,,,,,,
,,,,,8200,17.0,17,,,,,,,,
,,,,,8206,6.0,6,,,,,,,,
,,,,,8210,4.0,4,,,,,,,,
,,,,,8213,3.0,3,,,,,,,,
,,,,,8219,6.0,6,,,,,,,,
,,,,,8223,4.0,4,,,,,,,,
,,,,,8226,3.0,3,,,,,,,,
,,,,,8231,5.0,5,,,,,,,,
,,,,,8242,11.0,11,,,,,,,,
,,,,,8249,7.0,7,,,,,,,,
,,,,,8252,3.0,3,,,,,,,,
,,,,,8255,3.0,3,,,,,,,,
,,,,,8261,6.0,6,,,,,,,,
,,,,,8265,4.0,4,,,,,,,,
,,,,,8273,8.0,8,,,,,,,,
,,,,,8277,4.0,4,,,,,,,,
,,,,,8287,10.0,10,,,,,,,,
,,,,,8292,5.0,5,,,,,,,,
,,,,,8295,3.0,3,,,,,,,,
,,,,,8299,4.0,4,,,,,,,,
,,,,,8306,7.0,7,,,,,,,,
,,,,,8316,10.0,10,,,,,,,,
,,,,,8323,7.0,7,,,,,,,,
,,,,,8338,15.0,15,,,,,,,,
,,,,,8344,6.0,6,,,,,,,,
,,,,,8348,4.0,4,,,,,,,,
,,,,,8358,10.0,10,,,,,,,,
,,,,,8362,4.0,4,,,,,,,,
,,,,,8375,13.0,13,,,,,,,,
,,,,,8384,9.0,9,,,,,,,,
,,,,,8395,11.0,11,,,,,,,,
,,,,,8398,3.0,3,,,,,,,,
,,,,,8406,8.0,8,,,,,,,,
,,,,,8414,8.0,8,,,,,,,,
,,,,,8418,4.0,4,,,,,,,,
,,,,,8421,3.0,3,,,,,,,,
,,,,,8426,5.0,5,,,,,,,,
,,,,,8433,7.0,7,,,,,,,,
,,,,,8437,4.0,4,,,,,,,,
,,,,,8440,3.0,3,,,,,,,,
,,,,,8448,8.0,8,,,,,,,,
,,,,,8457,9.0,9,,,,,,,,
,,,,,8461,4.0,4,,,,,,,,
,,,,,8464,3.0,3,,,,,,,,
,,,,,8468,4.0,4,,,,,,,,
,,,,,8474,6.0,6,,,,,,,,
,,,,,8479,5.0,5,,,,,,,,
,,,,,8494,15.0,15,,,,,,,,
,,,,,8501,7.0,7,,,,,,,,
,,,,,8505,4.0,4,,,,,,,,
,,,,,8514,9.0,9,,,,,,,,
,,,,,8517,3.0,3,,,,,,,,
,,,,,8523,6.0,6,,,,,,,,
,,,,,8526,3.0,3,,,,,,,,
,,,,,8530,4.0,4,,,,,,,,
,,,,,8534,4.0,4,,,,,,,,
,,,,,8550,16.0,16,,,,,,,,
,,,,,8553,3.0,3,,,,,,,,
,,,,,8557,4.0,4,,,,,,,,
,,,,,8562,5.0,5,,,,,,,,
,,,,,8567,5.0,5,,,,,,,,
,,,,,8572,5.0,5,,,,,,,,
,,,,,8576,4.0,4,,,,,,,,
,,,,,8585,9.0,9,,,,,,,,
,,,,,8589,4.0,4,,,,,,,,
,,,,,8594,5.0,5,,,,,,,,
,,,,,8599,5.0,5,,,,,,,,
,,,,,8604,5.0,5,,,,,,,,
,,,,,8617,13.0,13,,,,,,,,
,,,,,8622,5.0,5,,,,,,,,
,,,,,8626,4.0,4,,,,,,,,
,,,,,8633,7.0,7,,,,,,,,
,,,,,8639,6.0,6,,,,,,,,
,,,,,8642,3.0,3,,,,,,,,
,,,,,8647,5.0,5,,,,,,,,
,,,,,8650,3.0,3,,,,,,,,
,,,,,8660,10.0,10,,,,,,,,
,,,,,8665,5.0,5,,,,,,,,
,,,,,8687,22.0,22,,,,,,,,
,,,,,8691,4.0,4,,,,,,,,
,,,,,8697,6.0,6,,,,,,,,
,,,,,8700,3.0,3,,,,,,,,
,,,,,8709,9.0,9,,,,,,,,
,,,,,8720,11.0,11,,,,,,,,
,,,,,8727,7.0,7,,,,,,,,
,,,,,8734,7.0,7,,,,,,,,
,,,,,8745,11.0,11,,,,,,,,
,,,,,8749,4.0,4,,,,,,,,
,,,,,8757,8.0,8,,,,,,,,
,,,,,8765,8.0,8,,,,,,,,
,,,,,8771,6.0,6,,,,,,,,
,,,,,8774,3.0,3,,,,,,,,
,,,,,8780,6.0,6,,,,,,,,
,,,,,8786,6.0,6,,,,,,,,
,,,,,8790,4.0,4,,,,,,,,
,,,,,8793,3.0,3,,,,,,,,
,,,,,8804,11.0,11,,,,,,,,
,,,,,8808,4.0,4,,,,,,,,
,,,,,8811,3.0,3,,,,,,,,
,,,,,8819,8.0,8,,,,,,,,
,,,,,8822,3.0,3,,,,,,,,
,,,,,8833,11.0,11,,,,,,,,
,,,,,8841,8.0,8,,,,,,,,
,,,,,8849,8.0,8,,,,,,,,
,,,,,8852,3.0,3,,,,,,,,
,,,,,8859,7.0,7,,,,,,,,
,,,,,8864,5.0,5,,,,,,,,
,,,,,8873,9.0,9,,,,,,,,
,,,,,8878,5.0,5,,,,,,,,
,,,,,8882,4.0,4,,,,,,,,
,,,,,8886,4.0,4,,,,,,,,
,,,,,8890,4.0,4,,,,,,,,
,,,,,8896,6.0,6,,,,,,,,
,,,,,8903,7.0,7,,,,,,,,
,,,,,8906,3.0,3,,,,,,,,
,,,,,8912,6.0,6,,,,,,,,
,,,,,8917,5.0,5,,,,,,,,
,,,,,8932,15.0,15,,,,,,,,
,,,,,8937,5.0,5,,,,,,,,
,,,,,8941,4.0,4,,,,,,,,
,,,,,8947,6.0,6,,,,,,,,
,,,,,8953,6.0,6,,,,,,,,
,,,,,8962,9.0,9,,,,,,,,
,,,,,8973,11.0,11,,,,,,,,
,,,,,8981,8.0,8,,,,,,,,
,,,,,8985,4.0,4,,,,,,,,
,,,,,8991,6.0,6,,,,,,,,
,,,,,8996,5.0,5,,,,,,,,
,,,,,9000,4.0,4,,,,,,,,
,,,,,9000,,,-0.06754934042692184,0.6754934191703796,1.6431682109832764,4.71348762512207,4.607595443725586,0.0003,0.0003,0.1
,,,,,9003,3.0,3,,,,,,,,
,,,,,9006,3.0,3,,,,,,,,
,,,,,9011,5.0,5,,,,,,,,
,,,,,9014,3.0,3,,,,,,,,
,,,,,9020,6.0,6,,,,,,,,
,,,,,9023,3.0,3,,,,,,,,
,,,,,9026,3.0,3,,,,,,,,
,,,,,9039,13.0,13,,,,,,,,
,,,,,9048,9.0,9,,,,,,,,
,,,,,9056,8.0,8,,,,,,,,
,,,,,9062,6.0,6,,,,,,,,
,,,,,9065,3.0,3,,,,,,,,
,,,,,9076,11.0,11,,,,,,,,
,,,,,9081,5.0,5,,,,,,,,
,,,,,9096,15.0,15,,,,,,,,
,,,,,9100,4.0,4,,,,,,,,
,,,,,9106,6.0,6,,,,,,,,
,,,,,9110,4.0,4,,,,,,,,
,,,,,9126,16.0,16,,,,,,,,
,,,,,9129,3.0,3,,,,,,,,
,,,,,9132,3.0,3,,,,,,,,
,,,,,9135,3.0,3,,,,,,,,
,,,,,9143,8.0,8,,,,,,,,
,,,,,9147,4.0,4,,,,,,,,
,,,,,9153,6.0,6,,,,,,,,
,,,,,9160,7.0,7,,,,,,,,
,,,,,9163,3.0,3,,,,,,,,
,,,,,9170,7.0,7,,,,,,,,
,,,,,9178,8.0,8,,,,,,,,
,,,,,9189,11.0,11,,,,,,,,
,,,,,9194,5.0,5,,,,,,,,
,,,,,9197,3.0,3,,,,,,,,
,,,,,9202,5.0,5,,,,,,,,
,,,,,9211,9.0,9,,,,,,,,
,,,,,9214,3.0,3,,,,,,,,
,,,,,9217,3.0,3,,,,,,,,
,,,,,9223,6.0,6,,,,,,,,
,,,,,9241,18.0,18,,,,,,,,
,,,,,9244,3.0,3,,,,,,,,
,,,,,9257,13.0,13,,,,,,,,
,,,,,9261,4.0,4,,,,,,,,
,,,,,9264,3.0,3,,,,,,,,
,,,,,9273,9.0,9,,,,,,,,
,,,,,9277,4.0,4,,,,,,,,
,,,,,9284,7.0,7,,,,,,,,
,,,,,9288,4.0,4,,,,,,,,
,,,,,9292,4.0,4,,,,,,,,
,,,,,9299,7.0,7,,,,,,,,
,,,,,9302,3.0,3,,,,,,,,
,,,,,9305,3.0,3,,,,,,,,
,,,,,9312,7.0,7,,,,,,,,
,,,,,9315,3.0,3,,,,,,,,
,,,,,9324,9.0,9,,,,,,,,
,,,,,9327,3.0,3,,,,,,,,
,,,,,9339,12.0,12,,,,,,,,
,,,,,9343,4.0,4,,,,,,,,
,,,,,9348,5.0,5,,,,,,,,
,,,,,9360,12.0,12,,,,,,,,
,,,,,9365,5.0,5,,,,,,,,
,,,,,9372,7.0,7,,,,,,,,
,,,,,9382,10.0,10,,,,,,,,
,,,,,9389,7.0,7,,,,,,,,
,,,,,9393,4.0,4,,,,,,,,
,,,,,9396,3.0,3,,,,,,,,
,,,,,9409,13.0,13,,,,,,,,
,,,,,9418,9.0,9,,,,,,,,
,,,,,9422,4.0,4,,,,,,,,
,,,,,9428,6.0,6,,,,,,,,
,,,,,9431,3.0,3,,,,,,,,
,,,,,9439,8.0,8,,,,,,,,
,,,,,9446,7.0,7,,,,,,,,
,,,,,9449,3.0,3,,,,,,,,
,,,,,9452,3.0,3,,,,,,,,
,,,,,9457,5.0,5,,,,,,,,
,,,,,9460,3.0,3,,,,,,,,
,,,,,9464,4.0,4,,,,,,,,
,,,,,9467,3.0,3,,,,,,,,
,,,,,9471,4.0,4,,,,,,,,
,,,,,9476,5.0,5,,,,,,,,
,,,,,9481,5.0,5,,,,,,,,
,,,,,9485,4.0,4,,,,,,,,
,,,,,9489,4.0,4,,,,,,,,
,,,,,9493,4.0,4,,,,,,,,
,,,,,9498,5.0,5,,,,,,,,
,,,,,9505,7.0,7,,,,,,,,
,,,,,9514,9.0,9,,,,,,,,
,,,,,9517,3.0,3,,,,,,,,
,,,,,9520,3.0,3,,,,,,,,
,,,,,9525,5.0,5,,,,,,,,
,,,,,9530,5.0,5,,,,,,,,
,,,,,9535,5.0,5,,,,,,,,
,,,,,9538,3.0,3,,,,,,,,
,,,,,9548,10.0,10,,,,,,,,
,,,,,9559,11.0,11,,,,,,,,
,,,,,9565,6.0,6,,,,,,,,
,,,,,9568,3.0,3,,,,,,,,
,,,,,9571,3.0,3,,,,,,,,
,,,,,9576,5.0,5,,,,,,,,
,,,,,9585,9.0,9,,,,,,,,
,,,,,9593,8.0,8,,,,,,,,
,,,,,9596,3.0,3,,,,,,,,
,,,,,9602,6.0,6,,,,,,,,
,,,,,9608,6.0,6,,,,,,,,
,,,,,9621,13.0,13,,,,,,,,
,,,,,9624,3.0,3,,,,,,,,
,,,,,9628,4.0,4,,,,,,,,
,,,,,9634,6.0,6,,,,,,,,
,,,,,9640,6.0,6,,,,,,,,
,,,,,9646,6.0,6,,,,,,,,
,,,,,9649,3.0,3,,,,,,,,
,,,,,9656,7.0,7,,,,,,,,
,,,,,9663,7.0,7,,,,,,,,
,,,,,9668,5.0,5,,,,,,,,
,,,,,9671,3.0,3,,,,,,,,
,,,,,9677,6.0,6,,,,,,,,
,,,,,9681,4.0,4,,,,,,,,
,,,,,9684,3.0,3,,,,,,,,
,,,,,9688,4.0,4,,,,,,,,
,,,,,9693,5.0,5,,,,,,,,
,,,,,9697,4.0,4,,,,,,,,
,,,,,9700,3.0,3,,,,,,,,
,,,,,9724,24.0,24,,,,,,,,
,,,,,9727,3.0,3,,,,,,,,
,,,,,9732,5.0,5,,,,,,,,
,,,,,9735,3.0,3,,,,,,,,
,,,,,9738,3.0,3,,,,,,,,
,,,,,9746,8.0,8,,,,,,,,
,,,,,9749,3.0,3,,,,,,,,
,,,,,9753,4.0,4,,,,,,,,
,,,,,9756,3.0,3,,,,,,,,
,,,,,9763,7.0,7,,,,,,,,
,,,,,9766,3.0,3,,,,,,,,
,,,,,9769,3.0,3,,,,,,,,
,,,,,9774,5.0,5,,,,,,,,
,,,,,9777,3.0,3,,,,,,,,
,,,,,9780,3.0,3,,,,,,,,
,,,,,9787,7.0,7,,,,,,,,
,,,,,9790,3.0,3,,,,,,,,
,,,,,9794,4.0,4,,,,,,,,
,,,,,9798,4.0,4,,,,,,,,
,,,,,9808,10.0,10,,,,,,,,
,,,,,9811,3.0,3,,,,,,,,
,,,,,9817,6.0,6,,,,,,,,
,,,,,9821,4.0,4,,,,,,,,
,,,,,9831,10.0,10,,,,,,,,
,,,,,9839,8.0,8,,,,,,,,
,,,,,9845,6.0,6,,,,,,,,
,,,,,9849,4.0,4,,,,,,,,
,,,,,9853,4.0,4,,,,,,,,
,,,,,9858,5.0,5,,,,,,,,
,,,,,9863,5.0,5,,,,,,,,
,,,,,9867,4.0,4,,,,,,,,
,,,,,9870,3.0,3,,,,,,,,
,,,,,9874,4.0,4,,,,,,,,
,,,,,9887,13.0,13,,,,,,,,
,,,,,9891,4.0,4,,,,,,,,
,,,,,9897,6.0,6,,,,,,,,
,,,,,9900,3.0,3,,,,,,,,
,,,,,9911,11.0,11,,,,,,,,
,,,,,9914,3.0,3,,,,,,,,
,,,,,9918,4.0,4,,,,,,,,
,,,,,9922,4.0,4,,,,,,,,
,,,,,9926,4.0,4,,,,,,,,
,,,,,9931,5.0,5,,,,,,,,
,,,,,9945,14.0,14,,,,,,,,
,,,,,9952,7.0,7,,,,,,,,
,,,,,9957,5.0,5,,,,,,,,
,,,,,9970,13.0,13,,,,,,,,
,,,,,9975,5.0,5,,,,,,,,
,,,,,9981,6.0,6,,,,,,,,
,,,,,9988,7.0,7,,,,,,,,
,,,,,9995,7.0,7,,,,,,,,
,,,,,9998,3.0,3,,,,,,,,
7.1,4.721228,20.0,3.0,7.1,10000,,,-0.06785207986831665,0.6785207986831665,2.071686267852783,4.601291656494141,4.654704570770264,0.0003,0.0003,0.1
,,,,,10011,13.0,13,,,,,,,,
,,,,,10015,4.0,4,,,,,,,,
,,,,,10024,9.0,9,,,,,,,,
,,,,,10030,6.0,6,,,,,,,,
,,,,,10034,4.0,4,,,,,,,,
,,,,,10039,5.0,5,,,,,,,,
,,,,,10044,5.0,5,,,,,,,,
,,,,,10053,9.0,9,,,,,,,,
,,,,,10059,6.0,6,,,,,,,,
,,,,,10062,3.0,3,,,,,,,,
,,,,,10065,3.0,3,,,,,,,,
,,,,,10069,4.0,4,,,,,,,,
,,,,,10074,5.0,5,,,,,,,,
,,,,,10078,4.0,4,,,,,,,,
,,,,,10089,11.0,11,,,,,,,,
,,,,,10101,12.0,12,,,,,,,,
,,,,,10104,3.0,3,,,,,,,,
,,,,,10108,4.0,4,,,,,,,,
,,,,,10114,6.0,6,,,,,,,,
,,,,,10118,4.0,4,,,,,,,,
,,,,,10121,3.0,3,,,,,,,,
,,,,,10132,11.0,11,,,,,,,,
,,,,,10137,5.0,5,,,,,,,,
,,,,,10141,4.0,4,,,,,,,,
,,,,,10144,3.0,3,,,,,,,,
,,,,,10148,4.0,4,,,,,,,,
,,,,,10157,9.0,9,,,,,,,,
,,,,,10167,10.0,10,,,,,,,,
,,,,,10171,4.0,4,,,,,,,,
,,,,,10177,6.0,6,,,,,,,,
,,,,,10181,4.0,4,,,,,,,,
,,,,,10187,6.0,6,,,,,,,,
,,,,,10192,5.0,5,,,,,,,,
,,,,,10196,4.0,4,,,,,,,,
,,,,,10208,12.0,12,,,,,,,,
,,,,,10213,5.0,5,,,,,,,,
,,,,,10217,4.0,4,,,,,,,,
,,,,,10232,15.0,15,,,,,,,,
,,,,,10236,4.0,4,,,,,,,,
,,,,,10239,3.0,3,,,,,,,,
,,,,,10243,4.0,4,,,,,,,,
,,,,,10248,5.0,5,,,,,,,,
,,,,,10255,7.0,7,,,,,,,,
,,,,,10261,6.0,6,,,,,,,,
,,,,,10270,9.0,9,,,,,,,,
,,,,,10274,4.0,4,,,,,,,,
,,,,,10278,4.0,4,,,,,,,,
,,,,,10282,4.0,4,,,,,,,,
,,,,,10289,7.0,7,,,,,,,,
,,,,,10296,7.0,7,,,,,,,,
,,,,,10301,5.0,5,,,,,,,,
,,,,,10307,6.0,6,,,,,,,,
,,,,,10314,7.0,7,,,,,,,,
,,,,,10328,14.0,14,,,,,,,,
,,,,,10334,6.0,6,,,,,,,,
,,,,,10338,4.0,4,,,,,,,,
,,,,,10351,13.0,13,,,,,,,,
,,,,,10372,21.0,21,,,,,,,,
,,,,,10382,10.0,10,,,,,,,,
,,,,,10385,3.0,3,,,,,,,,
,,,,,10396,11.0,11,,,,,,,,
,,,,,10399,3.0,3,,,,,,,,
,,,,,10403,4.0,4,,,,,,,,
,,,,,10411,8.0,8,,,,,,,,
,,,,,10415,4.0,4,,,,,,,,
,,,,,10419,4.0,4,,,,,,,,
,,,,,10425,6.0,6,,,,,,,,
,,,,,10429,4.0,4,,,,,,,,
,,,,,10432,3.0,3,,,,,,,,
,,,,,10435,3.0,3,,,,,,,,
,,,,,10440,5.0,5,,,,,,,,
,,,,,10451,11.0,11,,,,,,,,
,,,,,10457,6.0,6,,,,,,,,
,,,,,10470,13.0,13,,,,,,,,
,,,,,10475,5.0,5,,,,,,,,
,,,,,10482,7.0,7,,,,,,,,
,,,,,10485,3.0,3,,,,,,,,
,,,,,10497,12.0,12,,,,,,,,
,,,,,10500,3.0,3,,,,,,,,
,,,,,10513,13.0,13,,,,,,,,
,,,,,10527,14.0,14,,,,,,,,
,,,,,10530,3.0,3,,,,,,,,
,,,,,10536,6.0,6,,,,,,,,
,,,,,10541,5.0,5,,,,,,,,
,,,,,10545,4.0,4,,,,,,,,
,,,,,10549,4.0,4,,,,,,,,
,,,,,10555,6.0,6,,,,,,,,
,,,,,10560,5.0,5,,,,,,,,
,,,,,10563,3.0,3,,,,,,,,
,,,,,10567,4.0,4,,,,,,,,
,,,,,10575,8.0,8,,,,,,,,
,,,,,10580,5.0,5,,,,,,,,
,,,,,10591,11.0,11,,,,,,,,
,,,,,10599,8.0,8,,,,,,,,
,,,,,10605,6.0,6,,,,,,,,
,,,,,10611,6.0,6,,,,,,,,
,,,,,10618,7.0,7,,,,,,,,
,,,,,10621,3.0,3,,,,,,,,
,,,,,10627,6.0,6,,,,,,,,
,,,,,10633,6.0,6,,,,,,,,
,,,,,10636,3.0,3,,,,,,,,
,,,,,10639,3.0,3,,,,,,,,
,,,,,10646,7.0,7,,,,,,,,
,,,,,10655,9.0,9,,,,,,,,
,,,,,10659,4.0,4,,,,,,,,
,,,,,10666,7.0,7,,,,,,,,
,,,,,10670,4.0,4,,,,,,,,
,,,,,10681,11.0,11,,,,,,,,
,,,,,10685,4.0,4,,,,,,,,
,,,,,10700,15.0,15,,,,,,,,
,,,,,10705,5.0,5,,,,,,,,
,,,,,10708,3.0,3,,,,,,,,
,,,,,10714,6.0,6,,,,,,,,
,,,,,10717,3.0,3,,,,,,,,
,,,,,10720,3.0,3,,,,,,,,
,,,,,10739,19.0,19,,,,,,,,
,,,,,10743,4.0,4,,,,,,,,
,,,,,10747,4.0,4,,,,,,,,
,,,,,10753,6.0,6,,,,,,,,
,,,,,10762,9.0,9,,,,,,,,
,,,,,10767,5.0,5,,,,,,,,
,,,,,10770,3.0,3,,,,,,,,
,,,,,10773,3.0,3,,,,,,,,
,,,,,10797,24.0,24,,,,,,,,
,,,,,10802,5.0,5,,,,,,,,
,,,,,10807,5.0,5,,,,,,,,
,,,,,10812,5.0,5,,,,,,,,
,,,,,10816,4.0,4,,,,,,,,
,,,,,10819,3.0,3,,,,,,,,
,,,,,10825,6.0,6,,,,,,,,
,,,,,10838,13.0,13,,,,,,,,
,,,,,10847,9.0,9,,,,,,,,
,,,,,10855,8.0,8,,,,,,,,
,,,,,10860,5.0,5,,,,,,,,
,,,,,10868,8.0,8,,,,,,,,
,,,,,10878,10.0,10,,,,,,,,
,,,,,10882,4.0,4,,,,,,,,
,,,,,10894,12.0,12,,,,,,,,
,,,,,10906,12.0,12,,,,,,,,
,,,,,10909,3.0,3,,,,,,,,
,,,,,10914,5.0,5,,,,,,,,
,,,,,10933,19.0,19,,,,,,,,
,,,,,10939,6.0,6,,,,,,,,
,,,,,10943,4.0,4,,,,,,,,
,,,,,10949,6.0,6,,,,,,,,
,,,,,10953,4.0,4,,,,,,,,
,,,,,10958,5.0,5,,,,,,,,
,,,,,10962,4.0,4,,,,,,,,
,,,,,10965,3.0,3,,,,,,,,
,,,,,10968,3.0,3,,,,,,,,
,,,,,10971,3.0,3,,,,,,,,
,,,,,10978,7.0,7,,,,,,,,
,,,,,10981,3.0,3,,,,,,,,
,,,,,10985,4.0,4,,,,,,,,
,,,,,10991,6.0,6,,,,,,,,
,,,,,10998,7.0,7,,,,,,,,
,,,,,11000,,,-0.06913010030984879,0.6913009881973267,1.9098422527313232,5.17463493347168,5.140871047973633,0.0003,0.0003,0.1
,,,,,11003,5.0,5,,,,,,,,
,,,,,11007,4.0,4,,,,,,,,
,,,,,11012,5.0,5,,,,,,,,
,,,,,11015,3.0,3,,,,,,,,
,,,,,11019,4.0,4,,,,,,,,
,,,,,11026,7.0,7,,,,,,,,
,,,,,11030,4.0,4,,,,,,,,
,,,,,11041,11.0,11,,,,,,,,
,,,,,11050,9.0,9,,,,,,,,
,,,,,11054,4.0,4,,,,,,,,
,,,,,11062,8.0,8,,,,,,,,
,,,,,11066,4.0,4,,,,,,,,
,,,,,11074,8.0,8,,,,,,,,
,,,,,11081,7.0,7,,,,,,,,
,,,,,11088,7.0,7,,,,,,,,
,,,,,11091,3.0,3,,,,,,,,
,,,,,11096,5.0,5,,,,,,,,
,,,,,11099,3.0,3,,,,,,,,
,,,,,11103,4.0,4,,,,,,,,
,,,,,11106,3.0,3,,,,,,,,
,,,,,11109,3.0,3,,,,,,,,
,,,,,11114,5.0,5,,,,,,,,
,,,,,11128,14.0,14,,,,,,,,
,,,,,11139,11.0,11,,,,,,,,
,,,,,11142,3.0,3,,,,,,,,
,,,,,11147,5.0,5,,,,,,,,
,,,,,11151,4.0,4,,,,,,,,
,,,,,11154,3.0,3,,,,,,,,
,,,,,11157,3.0,3,,,,,,,,
,,,,,11161,4.0,4,,,,,,,,
,,,,,11172,11.0,11,,,,,,,,
,,,,,11180,8.0,8,,,,,,,,
,,,,,11185,5.0,5,,,,,,,,
,,,,,11194,9.0,9,,,,,,,,
,,,,,11206,12.0,12,,,,,,,,
,,,,,11209,3.0,3,,,,,,,,
,,,,,11213,4.0,4,,,,,,,,
,,,,,11222,9.0,9,,,,,,,,
,,,,,11234,12.0,12,,,,,,,,
,,,,,11239,5.0,5,,,,,,,,
,,,,,11246,7.0,7,,,,,,,,
,,,,,11250,4.0,4,,,,,,,,
,,,,,11255,5.0,5,,,,,,,,
,,,,,11260,5.0,5,,,,,,,,
,,,,,11278,18.0,18,,,,,,,,
,,,,,11287,9.0,9,,,,,,,,
,,,,,11292,5.0,5,,,,,,,,
,,,,,11297,5.0,5,,,,,,,,
,,,,,11300,3.0,3,,,,,,,,
,,,,,11306,6.0,6,,,,,,,,
,,,,,11309,3.0,3,,,,,,,,
,,,,,11312,3.0,3,,,,,,,,
,,,,,11323,11.0,11,,,,,,,,
,,,,,11337,14.0,14,,,,,,,,
,,,,,11341,4.0,4,,,,,,,,
,,,,,11345,4.0,4,,,,,,,,
,,,,,11356,11.0,11,,,,,,,,
,,,,,11363,7.0,7,,,,,,,,
,,,,,11373,10.0,10,,,,,,,,
,,,,,11377,4.0,4,,,,,,,,
,,,,,11386,9.0,9,,,,,,,,
,,,,,11400,14.0,14,,,,,,,,
,,,,,11413,13.0,13,,,,,,,,
,,,,,11422,9.0,9,,,,,,,,
,,,,,11428,6.0,6,,,,,,,,
,,,,,11437,9.0,9,,,,,,,,
,,,,,11440,3.0,3,,,,,,,,
,,,,,11443,3.0,3,,,,,,,,
,,,,,11450,7.0,7,,,,,,,,
,,,,,11459,9.0,9,,,,,,,,
,,,,,11467,8.0,8,,,,,,,,
,,,,,11470,3.0,3,,,,,,,,
,,,,,11478,8.0,8,,,,,,,,
,,,,,11481,3.0,3,,,,,,,,
,,,,,11485,4.0,4,,,,,,,,
,,,,,11489,4.0,4,,,,,,,,
,,,,,11494,5.0,5,,,,,,,,
,,,,,11509,15.0,15,,,,,,,,
,,,,,11518,9.0,9,,,,,,,,
,,,,,11522,4.0,4,,,,,,,,
,,,,,11528,6.0,6,,,,,,,,
,,,,,11534,6.0,6,,,,,,,,
,,,,,11541,7.0,7,,,,,,,,
,,,,,11546,5.0,5,,,,,,,,
,,,,,11551,5.0,5,,,,,,,,
,,,,,11555,4.0,4,,,,,,,,
,,,,,11558,3.0,3,,,,,,,,
,,,,,11563,5.0,5,,,,,,,,
,,,,,11566,3.0,3,,,,,,,,
,,,,,11571,5.0,5,,,,,,,,
,,,,,11575,4.0,4,,,,,,,,
,,,,,11584,9.0,9,,,,,,,,
,,,,,11587,3.0,3,,,,,,,,
,,,,,11593,6.0,6,,,,,,,,
,,,,,11600,7.0,7,,,,,,,,
,,,,,11613,13.0,13,,,,,,,,
,,,,,11617,4.0,4,,,,,,,,
,,,,,11622,5.0,5,,,,,,,,
,,,,,11625,3.0,3,,,,,,,,
,,,,,11630,5.0,5,,,,,,,,
,,,,,11634,4.0,4,,,,,,,,
,,,,,11638,4.0,4,,,,,,,,
,,,,,11644,6.0,6,,,,,,,,
,,,,,11648,4.0,4,,,,,,,,
,,,,,11660,12.0,12,,,,,,,,
,,,,,11664,4.0,4,,,,,,,,
,,,,,11668,4.0,4,,,,,,,,
,,,,,11683,15.0,15,,,,,,,,
,,,,,11688,5.0,5,,,,,,,,
,,,,,11692,4.0,4,,,,,,,,
,,,,,11696,4.0,4,,,,,,,,
,,,,,11699,3.0,3,,,,,,,,
,,,,,11705,6.0,6,,,,,,,,
,,,,,11709,4.0,4,,,,,,,,
,,,,,11714,5.0,5,,,,,,,,
,,,,,11722,8.0,8,,,,,,,,
,,,,,11727,5.0,5,,,,,,,,
,,,,,11732,5.0,5,,,,,,,,
,,,,,11735,3.0,3,,,,,,,,
,,,,,11739,4.0,4,,,,,,,,
,,,,,11747,8.0,8,,,,,,,,
,,,,,11751,4.0,4,,,,,,,,
,,,,,11757,6.0,6,,,,,,,,
,,,,,11764,7.0,7,,,,,,,,
,,,,,11768,4.0,4,,,,,,,,
,,,,,11781,13.0,13,,,,,,,,
,,,,,11785,4.0,4,,,,,,,,
,,,,,11790,5.0,5,,,,,,,,
,,,,,11795,5.0,5,,,,,,,,
,,,,,11801,6.0,6,,,,,,,,
,,,,,11809,8.0,8,,,,,,,,
,,,,,11813,4.0,4,,,,,,,,
,,,,,11818,5.0,5,,,,,,,,
,,,,,11827,9.0,9,,,,,,,,
,,,,,11833,6.0,6,,,,,,,,
,,,,,11846,13.0,13,,,,,,,,
,,,,,11851,5.0,5,,,,,,,,
,,,,,11856,5.0,5,,,,,,,,
,,,,,11860,4.0,4,,,,,,,,
,,,,,11866,6.0,6,,,,,,,,
,,,,,11871,5.0,5,,,,,,,,
,,,,,11875,4.0,4,,,,,,,,
,,,,,11889,14.0,14,,,,,,,,
,,,,,11892,3.0,3,,,,,,,,
,,,,,11910,18.0,18,,,,,,,,
,,,,,11915,5.0,5,,,,,,,,
,,,,,11920,5.0,5,,,,,,,,
,,,,,11932,12.0,12,,,,,,,,
,,,,,11935,3.0,3,,,,,,,,
,,,,,11942,7.0,7,,,,,,,,
,,,,,11946,4.0,4,,,,,,,,
,,,,,11950,4.0,4,,,,,,,,
,,,,,11954,4.0,4,,,,,,,,
,,,,,11959,5.0,5,,,,,,,,
,,,,,11970,11.0,11,,,,,,,,
,,,,,11994,24.0,24,,,,,,,,
,,,,,11997,3.0,3,,,,,,,,
,,,,,12000,,,-0.0693792775273323,0.6937927603721619,1.8905607461929321,4.808442115783691,4.686395168304443,0.0003,0.0003,0.1
,,,,,12001,4.0,4,,,,,,,,
,,,,,12007,6.0,6,,,,,,,,
,,,,,12010,3.0,3,,,,,,,,
,,,,,12013,3.0,3,,,,,,,,
,,,,,12016,3.0,3,,,,,,,,
,,,,,12025,9.0,9,,,,,,,,
,,,,,12028,3.0,3,,,,,,,,
,,,,,12033,5.0,5,,,,,,,,
,,,,,12037,4.0,4,,,,,,,,
,,,,,12041,4.0,4,,,,,,,,
,,,,,12047,6.0,6,,,,,,,,
,,,,,12059,12.0,12,,,,,,,,
,,,,,12066,7.0,7,,,,,,,,
,,,,,12069,3.0,3,,,,,,,,
,,,,,12073,4.0,4,,,,,,,,
,,,,,12078,5.0,5,,,,,,,,
,,,,,12081,3.0,3,,,,,,,,
,,,,,12093,12.0,12,,,,,,,,
,,,,,12097,4.0,4,,,,,,,,
,,,,,12101,4.0,4,,,,,,,,
,,,,,12107,6.0,6,,,,,,,,
,,,,,12121,14.0,14,,,,,,,,
,,,,,12124,3.0,3,,,,,,,,
,,,,,12130,6.0,6,,,,,,,,
,,,,,12135,5.0,5,,,,,,,,
,,,,,12142,7.0,7,,,,,,,,
,,,,,12152,10.0,10,,,,,,,,
,,,,,12155,3.0,3,,,,,,,,
,,,,,12159,4.0,4,,,,,,,,
,,,,,12170,11.0,11,,,,,,,,
,,,,,12177,7.0,7,,,,,,,,
,,,,,12182,5.0,5,,,,,,,,
,,,,,12190,8.0,8,,,,,,,,
,,,,,12198,8.0,8,,,,,,,,
,,,,,12201,3.0,3,,,,,,,,
,,,,,12207,6.0,6,,,,,,,,
,,,,,12211,4.0,4,,,,,,,,
,,,,,12216,5.0,5,,,,,,,,
,,,,,12222,6.0,6,,,,,,,,
,,,,,12228,6.0,6,,,,,,,,
,,,,,12232,4.0,4,,,,,,,,
,,,,,12240,8.0,8,,,,,,,,
,,,,,12245,5.0,5,,,,,,,,
,,,,,12248,3.0,3,,,,,,,,
,,,,,12258,10.0,10,,,,,,,,
,,,,,12266,8.0,8,,,,,,,,
,,,,,12271,5.0,5,,,,,,,,
,,,,,12277,6.0,6,,,,,,,,
,,,,,12292,15.0,15,,,,,,,,
,,,,,12299,7.0,7,,,,,,,,
,,,,,12309,10.0,10,,,,,,,,
,,,,,12313,4.0,4,,,,,,,,
,,,,,12318,5.0,5,,,,,,,,
,,,,,12323,5.0,5,,,,,,,,
,,,,,12327,4.0,4,,,,,,,,
,,,,,12331,4.0,4,,,,,,,,
,,,,,12335,4.0,4,,,,,,,,
,,,,,12345,10.0,10,,,,,,,,
,,,,,12349,4.0,4,,,,,,,,
,,,,,12358,9.0,9,,,,,,,,
,,,,,12364,6.0,6,,,,,,,,
,,,,,12370,6.0,6,,,,,,,,
,,,,,12374,4.0,4,,,,,,,,
,,,,,12377,3.0,3,,,,,,,,
,,,,,12381,4.0,4,,,,,,,,
,,,,,12385,4.0,4,,,,,,,,
,,,,,12390,5.0,5,,,,,,,,
,,,,,12394,4.0,4,,,,,,,,
,,,,,12403,9.0,9,,,,,,,,
,,,,,12411,8.0,8,,,,,,,,
,,,,,12417,6.0,6,,,,,,,,
,,,,,12425,8.0,8,,,,,,,,
,,,,,12428,3.0,3,,,,,,,,
,,,,,12433,5.0,5,,,,,,,,
,,,,,12442,9.0,9,,,,,,,,
,,,,,12447,5.0,5,,,,,,,,
,,,,,12450,3.0,3,,,,,,,,
,,,,,12453,3.0,3,,,,,,,,
,,,,,12457,4.0,4,,,,,,,,
,,,,,12461,4.0,4,,,,,,,,
,,,,,12464,3.0,3,,,,,,,,
,,,,,12467,3.0,3,,,,,,,,
,,,,,12472,5.0,5,,,,,,,,
,,,,,12478,6.0,6,,,,,,,,
,,,,,12495,17.0,17,,,,,,,,
,,,,,12499,4.0,4,,,,,,,,
,,,,,12507,8.0,8,,,,,,,,
,,,,,12510,3.0,3,,,,,,,,
,,,,,12516,6.0,6,,,,,,,,
,,,,,12519,3.0,3,,,,,,,,
,,,,,12522,3.0,3,,,,,,,,
,,,,,12533,11.0,11,,,,,,,,
,,,,,12536,3.0,3,,,,,,,,
,,,,,12539,3.0,3,,,,,,,,
,,,,,12544,5.0,5,,,,,,,,
,,,,,12552,8.0,8,,,,,,,,
,,,,,12557,5.0,5,,,,,,,,
,,,,,12560,3.0,3,,,,,,,,
,,,,,12565,5.0,5,,,,,,,,
,,,,,12571,6.0,6,,,,,,,,
,,,,,12578,7.0,7,,,,,,,,
,,,,,12582,4.0,4,,,,,,,,
,,,,,12592,10.0,10,,,,,,,,
,,,,,12597,5.0,5,,,,,,,,
,,,,,12603,6.0,6,,,,,,,,
,,,,,12607,4.0,4,,,,,,,,
,,,,,12615,8.0,8,,,,,,,,
,,,,,12619,4.0,4,,,,,,,,
,,,,,12625,6.0,6,,,,,,,,
,,,,,12630,5.0,5,,,,,,,,
,,,,,12633,3.0,3,,,,,,,,
,,,,,12637,4.0,4,,,,,,,,
,,,,,12642,5.0,5,,,,,,,,
,,,,,12649,7.0,7,,,,,,,,
,,,,,12653,4.0,4,,,,,,,,
,,,,,12663,10.0,10,,,,,,,,
,,,,,12672,9.0,9,,,,,,,,
,,,,,12675,3.0,3,,,,,,,,
,,,,,12679,4.0,4,,,,,,,,
,,,,,12686,7.0,7,,,,,,,,
,,,,,12691,5.0,5,,,,,,,,
,,,,,12700,9.0,9,,,,,,,,
,,,,,12707,7.0,7,,,,,,,,
,,,,,12711,4.0,4,,,,,,,,
,,,,,12722,11.0,11,,,,,,,,
,,,,,12726,4.0,4,,,,,,,,
,,,,,12729,3.0,3,,,,,,,,
,,,,,12734,5.0,5,,,,,,,,
,,,,,12743,9.0,9,,,,,,,,
,,,,,12754,11.0,11,,,,,,,,
,,,,,12760,6.0,6,,,,,,,,
,,,,,12764,4.0,4,,,,,,,,
,,,,,12774,10.0,10,,,,,,,,
,,,,,12778,4.0,4,,,,,,,,
,,,,,12783,5.0,5,,,,,,,,
,,,,,12787,4.0,4,,,,,,,,
,,,,,12791,4.0,4,,,,,,,,
,,,,,12794,3.0,3,,,,,,,,
,,,,,12797,3.0,3,,,,,,,,
,,,,,12806,9.0,9,,,,,,,,
,,,,,12819,13.0,13,,,,,,,,
,,,,,12824,5.0,5,,,,,,,,
,,,,,12827,3.0,3,,,,,,,,
,,,,,12832,5.0,5,,,,,,,,
,,,,,12835,3.0,3,,,,,,,,
,,,,,12840,5.0,5,,,,,,,,
,,,,,12852,12.0,12,,,,,,,,
,,,,,12862,10.0,10,,,,,,,,
,,,,,12865,3.0,3,,,,,,,,
,,,,,12869,4.0,4,,,,,,,,
,,,,,12879,10.0,10,,,,,,,,
,,,,,12883,4.0,4,,,,,,,,
,,,,,12890,7.0,7,,,,,,,,
,,,,,12894,4.0,4,,,,,,,,
,,,,,12902,8.0,8,,,,,,,,
,,,,,12907,5.0,5,,,,,,,,
,,,,,12913,6.0,6,,,,,,,,
,,,,,12919,6.0,6,,,,,,,,
,,,,,12923,4.0,4,,,,,,,,
,,,,,12931,8.0,8,,,,,,,,
,,,,,12949,18.0,18,,,,,,,,
,,,,,12954,5.0,5,,,,,,,,
,,,,,12958,4.0,4,,,,,,,,
,,,,,12962,4.0,4,,,,,,,,
,,,,,12971,9.0,9,,,,,,,,
,,,,,12975,4.0,4,,,,,,,,
,,,,,12979,4.0,4,,,,,,,,
,,,,,12982,3.0,3,,,,,,,,
,,,,,12985,3.0,3,,,,,,,,
,,,,,12994,9.0,9,,,,,,,,
,,,,,12998,4.0,4,,,,,,,,
,,,,,13000,,,-0.06701382249593735,0.6701382398605347,1.3519161939620972,4.239016532897949,4.215912818908691,0.0003,0.0003,0.1
,,,,,13001,3.0,3,,,,,,,,
,,,,,13004,3.0,3,,,,,,,,
,,,,,13009,5.0,5,,,,,,,,
,,,,,13018,9.0,9,,,,,,,,
,,,,,13026,8.0,8,,,,,,,,
,,,,,13031,5.0,5,,,,,,,,
,,,,,13034,3.0,3,,,,,,,,
,,,,,13040,6.0,6,,,,,,,,
,,,,,13050,10.0,10,,,,,,,,
,,,,,13060,10.0,10,,,,,,,,
,,,,,13064,4.0,4,,,,,,,,
,,,,,13068,4.0,4,,,,,,,,
,,,,,13072,4.0,4,,,,,,,,
,,,,,13075,3.0,3,,,,,,,,
,,,,,13080,5.0,5,,,,,,,,
,,,,,13083,3.0,3,,,,,,,,
,,,,,13086,3.0,3,,,,,,,,
,,,,,13089,3.0,3,,,,,,,,
,,,,,13093,4.0,4,,,,,,,,
,,,,,13097,4.0,4,,,,,,,,
,,,,,13101,4.0,4,,,,,,,,
,,,,,13106,5.0,5,,,,,,,,
,,,,,13114,8.0,8,,,,,,,,
,,,,,13120,6.0,6,,,,,,,,
,,,,,13123,3.0,3,,,,,,,,
,,,,,13127,4.0,4,,,,,,,,
,,,,,13130,3.0,3,,,,,,,,
,,,,,13133,3.0,3,,,,,,,,
,,,,,13136,3.0,3,,,,,,,,
,,,,,13140,4.0,4,,,,,,,,
,,,,,13149,9.0,9,,,,,,,,
,,,,,13166,17.0,17,,,,,,,,
,,,,,13173,7.0,7,,,,,,,,
,,,,,13193,20.0,20,,,,,,,,
,,,,,13196,3.0,3,,,,,,,,
,,,,,13199,3.0,3,,,,,,,,
,,,,,13204,5.0,5,,,,,,,,
,,,,,13208,4.0,4,,,,,,,,
,,,,,13216,8.0,8,,,,,,,,
,,,,,13219,3.0,3,,,,,,,,
,,,,,13222,3.0,3,,,,,,,,
,,,,,13226,4.0,4,,,,,,,,
,,,,,13232,6.0,6,,,,,,,,
,,,,,13235,3.0,3,,,,,,,,
,,,,,13239,4.0,4,,,,,,,,
,,,,,13245,6.0,6,,,,,,,,
,,,,,13249,4.0,4,,,,,,,,
,,,,,13252,3.0,3,,,,,,,,
,,,,,13265,13.0,13,,,,,,,,
,,,,,13268,3.0,3,,,,,,,,
,,,,,13275,7.0,7,,,,,,,,
,,,,,13279,4.0,4,,,,,,,,
,,,,,13282,3.0,3,,,,,,,,
,,,,,13286,4.0,4,,,,,,,,
,,,,,13295,9.0,9,,,,,,,,
,,,,,13298,3.0,3,,,,,,,,
,,,,,13305,7.0,7,,,,,,,,
,,,,,13310,5.0,5,,,,,,,,
,,,,,13315,5.0,5,,,,,,,,
,,,,,13332,17.0,17,,,,,,,,
,,,,,13335,3.0,3,,,,,,,,
,,,,,13346,11.0,11,,,,,,,,
,,,,,13353,7.0,7,,,,,,,,
,,,,,13356,3.0,3,,,,,,,,
,,,,,13360,4.0,4,,,,,,,,
,,,,,13364,4.0,4,,,,,,,,
,,,,,13369,5.0,5,,,,,,,,
,,,,,13390,21.0,21,,,,,,,,
,,,,,13394,4.0,4,,,,,,,,
,,,,,13399,5.0,5,,,,,,,,
,,,,,13403,4.0,4,,,,,,,,
,,,,,13408,5.0,5,,,,,,,,
,,,,,13414,6.0,6,,,,,,,,
,,,,,13418,4.0,4,,,,,,,,
,,,,,13428,10.0,10,,,,,,,,
,,,,,13433,5.0,5,,,,,,,,
,,,,,13437,4.0,4,,,,,,,,
,,,,,13441,4.0,4,,,,,,,,
,,,,,13445,4.0,4,,,,,,,,
,,,,,13448,3.0,3,,,,,,,,
,,,,,13453,5.0,5,,,,,,,,
,,,,,13458,5.0,5,,,,,,,,
,,,,,13462,4.0,4,,,,,,,,
,,,,,13468,6.0,6,,,,,,,,
,,,,,13479,11.0,11,,,,,,,,
,,,,,13482,3.0,3,,,,,,,,
,,,,,13486,4.0,4,,,,,,,,
,,,,,13489,3.0,3,,,,,,,,
,,,,,13495,6.0,6,,,,,,,,
,,,,,13499,4.0,4,,,,,,,,
,,,,,13504,5.0,5,,,,,,,,
,,,,,13514,10.0,10,,,,,,,,
,,,,,13519,5.0,5,,,,,,,,
,,,,,13522,3.0,3,,,,,,,,
,,,,,13527,5.0,5,,,,,,,,
,,,,,13531,4.0,4,,,,,,,,
,,,,,13537,6.0,6,,,,,,,,
,,,,,13541,4.0,4,,,,,,,,
,,,,,13544,3.0,3,,,,,,,,
,,,,,13547,3.0,3,,,,,,,,
,,,,,13551,4.0,4,,,,,,,,
,,,,,13554,3.0,3,,,,,,,,
,,,,,13567,13.0,13,,,,,,,,
,,,,,13575,8.0,8,,,,,,,,
,,,,,13581,6.0,6,,,,,,,,
,,,,,13587,6.0,6,,,,,,,,
,,,,,13591,4.0,4,,,,,,,,
,,,,,13596,5.0,5,,,,,,,,
,,,,,13599,3.0,3,,,,,,,,
,,,,,13603,4.0,4,,,,,,,,
,,,,,13606,3.0,3,,,,,,,,
,,,,,13612,6.0,6,,,,,,,,
,,,,,13615,3.0,3,,,,,,,,
,,,,,13634,19.0,19,,,,,,,,
,,,,,13641,7.0,7,,,,,,,,
,,,,,13646,5.0,5,,,,,,,,
,,,,,13651,5.0,5,,,,,,,,
,,,,,13654,3.0,3,,,,,,,,
,,,,,13657,3.0,3,,,,,,,,
,,,,,13664,7.0,7,,,,,,,,
,,,,,13668,4.0,4,,,,,,,,
,,,,,13674,6.0,6,,,,,,,,
,,,,,13688,14.0,14,,,,,,,,
,,,,,13705,17.0,17,,,,,,,,
,,,,,13711,6.0,6,,,,,,,,
,,,,,13719,8.0,8,,,,,,,,
,,,,,13724,5.0,5,,,,,,,,
,,,,,13732,8.0,8,,,,,,,,
,,,,,13737,5.0,5,,,,,,,,
,,,,,13740,3.0,3,,,,,,,,
,,,,,13757,17.0,17,,,,,,,,
,,,,,13763,6.0,6,,,,,,,,
,,,,,13768,5.0,5,,,,,,,,
,,,,,13775,7.0,7,,,,,,,,
,,,,,13779,4.0,4,,,,,,,,
,,,,,13787,8.0,8,,,,,,,,
,,,,,13790,3.0,3,,,,,,,,
,,,,,13793,3.0,3,,,,,,,,
,,,,,13796,3.0,3,,,,,,,,
,,,,,13800,4.0,4,,,,,,,,
,,,,,13806,6.0,6,,,,,,,,
,,,,,13811,5.0,5,,,,,,,,
,,,,,13820,9.0,9,,,,,,,,
,,,,,13830,10.0,10,,,,,,,,
,,,,,13835,5.0,5,,,,,,,,
,,,,,13839,4.0,4,,,,,,,,
,,,,,13851,12.0,12,,,,,,,,
,,,,,13863,12.0,12,,,,,,,,
,,,,,13869,6.0,6,,,,,,,,
,,,,,13873,4.0,4,,,,,,,,
,,,,,13878,5.0,5,,,,,,,,
,,,,,13881,3.0,3,,,,,,,,
,,,,,13885,4.0,4,,,,,,,,
,,,,,13889,4.0,4,,,,,,,,
,,,,,13893,4.0,4,,,,,,,,
,,,,,13900,7.0,7,,,,,,,,
,,,,,13903,3.0,3,,,,,,,,
,,,,,13906,3.0,3,,,,,,,,
,,,,,13911,5.0,5,,,,,,,,
,,,,,13924,13.0,13,,,,,,,,
,,,,,13930,6.0,6,,,,,,,,
,,,,,13933,3.0,3,,,,,,,,
,,,,,13941,8.0,8,,,,,,,,
,,,,,13953,12.0,12,,,,,,,,
,,,,,13957,4.0,4,,,,,,,,
,,,,,13965,8.0,8,,,,,,,,
,,,,,13968,3.0,3,,,,,,,,
,,,,,13972,4.0,4,,,,,,,,
,,,,,13976,4.0,4,,,,,,,,
,,,,,13984,8.0,8,,,,,,,,
,,,,,13994,10.0,10,,,,,,,,
,,,,,14000,6.0,6,,,,,,,,
,,,,,14000,,,-0.06879007816314697,0.6879007816314697,2.0459678173065186,4.483100891113281,4.368773460388184,0.0003,0.0003,0.1
,,,,,14010,10.0,10,,,,,,,,
,,,,,14013,3.0,3,,,,,,,,
,,,,,14023,10.0,10,,,,,,,,
,,,,,14026,3.0,3,,,,,,,,
,,,,,14031,5.0,5,,,,,,,,
,,,,,14036,5.0,5,,,,,,,,
,,,,,14039,3.0,3,,,,,,,,
,,,,,14053,14.0,14,,,,,,,,
,,,,,14058,5.0,5,,,,,,,,
,,,,,14061,3.0,3,,,,,,,,
,,,,,14068,7.0,7,,,,,,,,
,,,,,14071,3.0,3,,,,,,,,
,,,,,14085,14.0,14,,,,,,,,
,,,,,14092,7.0,7,,,,,,,,
,,,,,14095,3.0,3,,,,,,,,
,,,,,14106,11.0,11,,,,,,,,
,,,,,14112,6.0,6,,,,,,,,
,,,,,14115,3.0,3,,,,,,,,
,,,,,14118,3.0,3,,,,,,,,
,,,,,14125,7.0,7,,,,,,,,
,,,,,14131,6.0,6,,,,,,,,
,,,,,14141,10.0,10,,,,,,,,
,,,,,14146,5.0,5,,,,,,,,
,,,,,14154,8.0,8,,,,,,,,
,,,,,14161,7.0,7,,,,,,,,
,,,,,14165,4.0,4,,,,,,,,
,,,,,14172,7.0,7,,,,,,,,
,,,,,14175,3.0,3,,,,,,,,
,,,,,14179,4.0,4,,,,,,,,
,,,,,14190,11.0,11,,,,,,,,
,,,,,14201,11.0,11,,,,,,,,
,,,,,14204,3.0,3,,,,,,,,
,,,,,14208,4.0,4,,,,,,,,
,,,,,14218,10.0,10,,,,,,,,
,,,,,14222,4.0,4,,,,,,,,
,,,,,14227,5.0,5,,,,,,,,
,,,,,14233,6.0,6,,,,,,,,
,,,,,14242,9.0,9,,,,,,,,
,,,,,14245,3.0,3,,,,,,,,
,,,,,14248,3.0,3,,,,,,,,
,,,,,14251,3.0,3,,,,,,,,
,,,,,14255,4.0,4,,,,,,,,
,,,,,14260,5.0,5,,,,,,,,
,,,,,14270,10.0,10,,,,,,,,
,,,,,14278,8.0,8,,,,,,,,
,,,,,14281,3.0,3,,,,,,,,
,,,,,14287,6.0,6,,,,,,,,
,,,,,14296,9.0,9,,,,,,,,
,,,,,14299,3.0,3,,,,,,,,
,,,,,14311,12.0,12,,,,,,,,
,,,,,14331,20.0,20,,,,,,,,
,,,,,14334,3.0,3,,,,,,,,
,,,,,14339,5.0,5,,,,,,,,
,,,,,14343,4.0,4,,,,,,,,
,,,,,14346,3.0,3,,,,,,,,
,,,,,14352,6.0,6,,,,,,,,
,,,,,14356,4.0,4,,,,,,,,
,,,,,14367,11.0,11,,,,,,,,
,,,,,14377,10.0,10,,,,,,,,
,,,,,14385,8.0,8,,,,,,,,
,,,,,14388,3.0,3,,,,,,,,
,,,,,14392,4.0,4,,,,,,,,
,,,,,14396,4.0,4,,,,,,,,
,,,,,14400,4.0,4,,,,,,,,
,,,,,14407,7.0,7,,,,,,,,
,,,,,14415,8.0,8,,,,,,,,
,,,,,14421,6.0,6,,,,,,,,
,,,,,14428,7.0,7,,,,,,,,
,,,,,14435,7.0,7,,,,,,,,
,,,,,14445,10.0,10,,,,,,,,
,,,,,14449,4.0,4,,,,,,,,
,,,,,14454,5.0,5,,,,,,,,
,,,,,14458,4.0,4,,,,,,,,
,,,,,14465,7.0,7,,,,,,,,
,,,,,14471,6.0,6,,,,,,,,
,,,,,14477,6.0,6,,,,,,,,
,,,,,14484,7.0,7,,,,,,,,
,,,,,14487,3.0,3,,,,,,,,
,,,,,14490,3.0,3,,,,,,,,
,,,,,14493,3.0,3,,,,,,,,
,,,,,14496,3.0,3,,,,,,,,
,,,,,14499,3.0,3,,,,,,,,
,,,,,14504,5.0,5,,,,,,,,
,,,,,14507,3.0,3,,,,,,,,
,,,,,14514,7.0,7,,,,,,,,
,,,,,14529,15.0,15,,,,,,,,
,,,,,14541,12.0,12,,,,,,,,
,,,,,14544,3.0,3,,,,,,,,
,,,,,14549,5.0,5,,,,,,,,
,,,,,14557,8.0,8,,,,,,,,
,,,,,14561,4.0,4,,,,,,,,
,,,,,14578,17.0,17,,,,,,,,
,,,,,14583,5.0,5,,,,,,,,
,,,,,14588,5.0,5,,,,,,,,
,,,,,14593,5.0,5,,,,,,,,
,,,,,14601,8.0,8,,,,,,,,
,,,,,14604,3.0,3,,,,,,,,
,,,,,14621,17.0,17,,,,,,,,
,,,,,14626,5.0,5,,,,,,,,
,,,,,14633,7.0,7,,,,,,,,
,,,,,14636,3.0,3,,,,,,,,
,,,,,14648,12.0,12,,,,,,,,
,,,,,14652,4.0,4,,,,,,,,
,,,,,14658,6.0,6,,,,,,,,
,,,,,14664,6.0,6,,,,,,,,
,,,,,14667,3.0,3,,,,,,,,
,,,,,14675,8.0,8,,,,,,,,
,,,,,14686,11.0,11,,,,,,,,
,,,,,14696,10.0,10,,,,,,,,
,,,,,14713,17.0,17,,,,,,,,
,,,,,14717,4.0,4,,,,,,,,
,,,,,14725,8.0,8,,,,,,,,
,,,,,14739,14.0,14,,,,,,,,
,,,,,14742,3.0,3,,,,,,,,
,,,,,14748,6.0,6,,,,,,,,
,,,,,14755,7.0,7,,,,,,,,
,,,,,14761,6.0,6,,,,,,,,
,,,,,14766,5.0,5,,,,,,,,
,,,,,14770,4.0,4,,,,,,,,
,,,,,14775,5.0,5,,,,,,,,
,,,,,14778,3.0,3,,,,,,,,
,,,,,14786,8.0,8,,,,,,,,
,,,,,14789,3.0,3,,,,,,,,
,,,,,14800,11.0,11,,,,,,,,
,,,,,14811,11.0,11,,,,,,,,
,,,,,14815,4.0,4,,,,,,,,
,,,,,14818,3.0,3,,,,,,,,
,,,,,14822,4.0,4,,,,,,,,
,,,,,14825,3.0,3,,,,,,,,
,,,,,14838,13.0,13,,,,,,,,
,,,,,14854,16.0,16,,,,,,,,
,,,,,14860,6.0,6,,,,,,,,
,,,,,14865,5.0,5,,,,,,,,
,,,,,14871,6.0,6,,,,,,,,
,,,,,14881,10.0,10,,,,,,,,
,,,,,14885,4.0,4,,,,,,,,
,,,,,14892,7.0,7,,,,,,,,
,,,,,14896,4.0,4,,,,,,,,
,,,,,14901,5.0,5,,,,,,,,
,,,,,14906,5.0,5,,,,,,,,
,,,,,14911,5.0,5,,,,,,,,
,,,,,14915,4.0,4,,,,,,,,
,,,,,14924,9.0,9,,,,,,,,
,,,,,14927,3.0,3,,,,,,,,
,,,,,14930,3.0,3,,,,,,,,
,,,,,14933,3.0,3,,,,,,,,
,,,,,14936,3.0,3,,,,,,,,
,,,,,14941,5.0,5,,,,,,,,
,,,,,14951,10.0,10,,,,,,,,
,,,,,14954,3.0,3,,,,,,,,
,,,,,14960,6.0,6,,,,,,,,
,,,,,14964,4.0,4,,,,,,,,
,,,,,14968,4.0,4,,,,,,,,
,,,,,14973,5.0,5,,,,,,,,
,,,,,14977,4.0,4,,,,,,,,
,,,,,14980,3.0,3,,,,,,,,
,,,,,14984,4.0,4,,,,,,,,
,,,,,14990,6.0,6,,,,,,,,
,,,,,14997,7.0,7,,,,,,,,
6.5,3.2634337,15.0,4.0,6.5,15000,,,-0.06654447317123413,0.6654447317123413,2.085216999053955,4.675321578979492,4.507979869842529,0.0003,0.0003,0.1
,,,,,15003,6.0,6,,,,,,,,
,,,,,15007,4.0,4,,,,,,,,
,,,,,15011,4.0,4,,,,,,,,
,,,,,15014,3.0,3,,,,,,,,
,,,,,15017,3.0,3,,,,,,,,
,,,,,15028,11.0,11,,,,,,,,
,,,,,15044,16.0,16,,,,,,,,
,,,,,15047,3.0,3,,,,,,,,
,,,,,15050,3.0,3,,,,,,,,
,,,,,15055,5.0,5,,,,,,,,
,,,,,15060,5.0,5,,,,,,,,
,,,,,15064,4.0,4,,,,,,,,
,,,,,15070,6.0,6,,,,,,,,
,,,,,15076,6.0,6,,,,,,,,
,,,,,15087,11.0,11,,,,,,,,
,,,,,15099,12.0,12,,,,,,,,
,,,,,15118,19.0,19,,,,,,,,
,,,,,15122,4.0,4,,,,,,,,
,,,,,15126,4.0,4,,,,,,,,
,,,,,15129,3.0,3,,,,,,,,
,,,,,15138,9.0,9,,,,,,,,
,,,,,15141,3.0,3,,,,,,,,
,,,,,15156,15.0,15,,,,,,,,
,,,,,15162,6.0,6,,,,,,,,
,,,,,15170,8.0,8,,,,,,,,
,,,,,15189,19.0,19,,,,,,,,
,,,,,15192,3.0,3,,,,,,,,
,,,,,15200,8.0,8,,,,,,,,
,,,,,15204,4.0,4,,,,,,,,
,,,,,15213,9.0,9,,,,,,,,
,,,,,15221,8.0,8,,,,,,,,
,,,,,15225,4.0,4,,,,,,,,
,,,,,15234,9.0,9,,,,,,,,
,,,,,15242,8.0,8,,,,,,,,
,,,,,15246,4.0,4,,,,,,,,
,,,,,15249,3.0,3,,,,,,,,
,,,,,15252,3.0,3,,,,,,,,
,,,,,15257,5.0,5,,,,,,,,
,,,,,15260,3.0,3,,,,,,,,
,,,,,15265,5.0,5,,,,,,,,
,,,,,15270,5.0,5,,,,,,,,
,,,,,15274,4.0,4,,,,,,,,
,,,,,15282,8.0,8,,,,,,,,
,,,,,15286,4.0,4,,,,,,,,
,,,,,15290,4.0,4,,,,,,,,
,,,,,15297,7.0,7,,,,,,,,
,,,,,15300,3.0,3,,,,,,,,
,,,,,15304,4.0,4,,,,,,,,
,,,,,15311,7.0,7,,,,,,,,
,,,,,15316,5.0,5,,,,,,,,
,,,,,15319,3.0,3,,,,,,,,
,,,,,15323,4.0,4,,,,,,,,
,,,,,15327,4.0,4,,,,,,,,
,,,,,15333,6.0,6,,,,,,,,
,,,,,15337,4.0,4,,,,,,,,
,,,,,15345,8.0,8,,,,,,,,
,,,,,15350,5.0,5,,,,,,,,
,,,,,15359,9.0,9,,,,,,,,
,,,,,15364,5.0,5,,,,,,,,
,,,,,15369,5.0,5,,,,,,,,
,,,,,15378,9.0,9,,,,,,,,
,,,,,15393,15.0,15,,,,,,,,
,,,,,15398,5.0,5,,,,,,,,
,,,,,15401,3.0,3,,,,,,,,
,,,,,15404,3.0,3,,,,,,,,
,,,,,15410,6.0,6,,,,,,,,
,,,,,15417,7.0,7,,,,,,,,
,,,,,15421,4.0,4,,,,,,,,
,,,,,15429,8.0,8,,,,,,,,
,,,,,15432,3.0,3,,,,,,,,
,,,,,15438,6.0,6,,,,,,,,
,,,,,15442,4.0,4,,,,,,,,
,,,,,15447,5.0,5,,,,,,,,
,,,,,15456,9.0,9,,,,,,,,
,,,,,15460,4.0,4,,,,,,,,
,,,,,15464,4.0,4,,,,,,,,
,,,,,15467,3.0,3,,,,,,,,
,,,,,15478,11.0,11,,,,,,,,
,,,,,15481,3.0,3,,,,,,,,
,,,,,15485,4.0,4,,,,,,,,
,,,,,15488,3.0,3,,,,,,,,
,,,,,15491,3.0,3,,,,,,,,
,,,,,15494,3.0,3,,,,,,,,
,,,,,15497,3.0,3,,,,,,,,
,,,,,15502,5.0,5,,,,,,,,
,,,,,15506,4.0,4,,,,,,,,
,,,,,15515,9.0,9,,,,,,,,
,,,,,15534,19.0,19,,,,,,,,
,,,,,15539,5.0,5,,,,,,,,
,,,,,15544,5.0,5,,,,,,,,
,,,,,15550,6.0,6,,,,,,,,
,,,,,15554,4.0,4,,,,,,,,
,,,,,15558,4.0,4,,,,,,,,
,,,,,15562,4.0,4,,,,,,,,
,,,,,15570,8.0,8,,,,,,,,
,,,,,15573,3.0,3,,,,,,,,
,,,,,15578,5.0,5,,,,,,,,
,,,,,15583,5.0,5,,,,,,,,
,,,,,15591,8.0,8,,,,,,,,
,,,,,15601,10.0,10,,,,,,,,
,,,,,15605,4.0,4,,,,,,,,
,,,,,15609,4.0,4,,,,,,,,
,,,,,15612,3.0,3,,,,,,,,
,,,,,15617,5.0,5,,,,,,,,
,,,,,15621,4.0,4,,,,,,,,
,,,,,15624,3.0,3,,,,,,,,
,,,,,15628,4.0,4,,,,,,,,
,,,,,15632,4.0,4,,,,,,,,
,,,,,15638,6.0,6,,,,,,,,
,,,,,15643,5.0,5,,,,,,,,
,,,,,15647,4.0,4,,,,,,,,
,,,,,15650,3.0,3,,,,,,,,
,,,,,15653,3.0,3,,,,,,,,
,,,,,15660,7.0,7,,,,,,,,
,,,,,15664,4.0,4,,,,,,,,
,,,,,15669,5.0,5,,,,,,,,
,,,,,15673,4.0,4,,,,,,,,
,,,,,15676,3.0,3,,,,,,,,
,,,,,15682,6.0,6,,,,,,,,
,,,,,15688,6.0,6,,,,,,,,
,,,,,15704,16.0,16,,,,,,,,
,,,,,15712,8.0,8,,,,,,,,
,,,,,15719,7.0,7,,,,,,,,
,,,,,15722,3.0,3,,,,,,,,
,,,,,15728,6.0,6,,,,,,,,
,,,,,15731,3.0,3,,,,,,,,
,,,,,15735,4.0,4,,,,,,,,
,,,,,15740,5.0,5,,,,,,,,
,,,,,15745,5.0,5,,,,,,,,
,,,,,15749,4.0,4,,,,,,,,
,,,,,15754,5.0,5,,,,,,,,
,,,,,15766,12.0,12,,,,,,,,
,,,,,15774,8.0,8,,,,,,,,
,,,,,15781,7.0,7,,,,,,,,
,,,,,15786,5.0,5,,,,,,,,
,,,,,15789,3.0,3,,,,,,,,
,,,,,15794,5.0,5,,,,,,,,
,,,,,15797,3.0,3,,,,,,,,
,,,,,15811,14.0,14,,,,,,,,
,,,,,15817,6.0,6,,,,,,,,
,,,,,15820,3.0,3,,,,,,,,
,,,,,15834,14.0,14,,,,,,,,
,,,,,15838,4.0,4,,,,,,,,
,,,,,15843,5.0,5,,,,,,,,
,,,,,15849,6.0,6,,,,,,,,
,,,,,15852,3.0,3,,,,,,,,
,,,,,15858,6.0,6,,,,,,,,
,,,,,15868,10.0,10,,,,,,,,
,,,,,15872,4.0,4,,,,,,,,
,,,,,15875,3.0,3,,,,,,,,
,,,,,15882,7.0,7,,,,,,,,
,,,,,15885,3.0,3,,,,,,,,
,,,,,15888,3.0,3,,,,,,,,
,,,,,15906,18.0,18,,,,,,,,
,,,,,15911,5.0,5,,,,,,,,
,,,,,15915,4.0,4,,,,,,,,
,,,,,15926,11.0,11,,,,,,,,
,,,,,15929,3.0,3,,,,,,,,
,,,,,15932,3.0,3,,,,,,,,
,,,,,15941,9.0,9,,,,,,,,
,,,,,15945,4.0,4,,,,,,,,
,,,,,15950,5.0,5,,,,,,,,
,,,,,15955,5.0,5,,,,,,,,
,,,,,15959,4.0,4,,,,,,,,
,,,,,15967,8.0,8,,,,,,,,
,,,,,15971,4.0,4,,,,,,,,
,,,,,15983,12.0,12,,,,,,,,
,,,,,15987,4.0,4,,,,,,,,
,,,,,15991,4.0,4,,,,,,,,
,,,,,15998,7.0,7,,,,,,,,
,,,,,16000,,,-0.06879007071256638,0.6879006624221802,1.8280714750289917,4.852788925170898,4.602581977844238,0.0003,0.0003,0.1
,,,,,16001,3.0,3,,,,,,,,
,,,,,16008,7.0,7,,,,,,,,
,,,,,16019,11.0,11,,,,,,,,
,,,,,16023,4.0,4,,,,,,,,
,,,,,16027,4.0,4,,,,,,,,
,,,,,16031,4.0,4,,,,,,,,
,,,,,16042,11.0,11,,,,,,,,
,,,,,16050,8.0,8,,,,,,,,
,,,,,16057,7.0,7,,,,,,,,
,,,,,16062,5.0,5,,,,,,,,
,,,,,16068,6.0,6,,,,,,,,
,,,,,16071,3.0,3,,,,,,,,
,,,,,16075,4.0,4,,,,,,,,
,,,,,16078,3.0,3,,,,,,,,
,,,,,16083,5.0,5,,,,,,,,
,,,,,16086,3.0,3,,,,,,,,
,,,,,16090,4.0,4,,,,,,,,
,,,,,16102,12.0,12,,,,,,,,
,,,,,16105,3.0,3,,,,,,,,
,,,,,16119,14.0,14,,,,,,,,
,,,,,16125,6.0,6,,,,,,,,
,,,,,16129,4.0,4,,,,,,,,
,,,,,16133,4.0,4,,,,,,,,
,,,,,16137,4.0,4,,,,,,,,
,,,,,16145,8.0,8,,,,,,,,
,,,,,16149,4.0,4,,,,,,,,
,,,,,16154,5.0,5,,,,,,,,
,,,,,16157,3.0,3,,,,,,,,
,,,,,16161,4.0,4,,,,,,,,
,,,,,16165,4.0,4,,,,,,,,
,,,,,16169,4.0,4,,,,,,,,
,,,,,16172,3.0,3,,,,,,,,
,,,,,16176,4.0,4,,,,,,,,
,,,,,16179,3.0,3,,,,,,,,
,,,,,16182,3.0,3,,,,,,,,
,,,,,16189,7.0,7,,,,,,,,
,,,,,16196,7.0,7,,,,,,,,
,,,,,16200,4.0,4,,,,,,,,
,,,,,16203,3.0,3,,,,,,,,
,,,,,16208,5.0,5,,,,,,,,
,,,,,16219,11.0,11,,,,,,,,
,,,,,16223,4.0,4,,,,,,,,
,,,,,16228,5.0,5,,,,,,,,
,,,,,16236,8.0,8,,,,,,,,
,,,,,16244,8.0,8,,,,,,,,
,,,,,16248,4.0,4,,,,,,,,
,,,,,16257,9.0,9,,,,,,,,
,,,,,16265,8.0,8,,,,,,,,
,,,,,16268,3.0,3,,,,,,,,
,,,,,16275,7.0,7,,,,,,,,
,,,,,16282,7.0,7,,,,,,,,
,,,,,16287,5.0,5,,,,,,,,
,,,,,16311,24.0,24,,,,,,,,
,,,,,16324,13.0,13,,,,,,,,
,,,,,16331,7.0,7,,,,,,,,
,,,,,16337,6.0,6,,,,,,,,
,,,,,16340,3.0,3,,,,,,,,
,,,,,16349,9.0,9,,,,,,,,
,,,,,16354,5.0,5,,,,,,,,
,,,,,16357,3.0,3,,,,,,,,
,,,,,16360,3.0,3,,,,,,,,
,,,,,16363,3.0,3,,,,,,,,
,,,,,16370,7.0,7,,,,,,,,
,,,,,16375,5.0,5,,,,,,,,
,,,,,16378,3.0,3,,,,,,,,
,,,,,16384,6.0,6,,,,,,,,
,,,,,16388,4.0,4,,,,,,,,
,,,,,16393,5.0,5,,,,,,,,
,,,,,16399,6.0,6,,,,,,,,
,,,,,16403,4.0,4,,,,,,,,
,,,,,16408,5.0,5,,,,,,,,
,,,,,16416,8.0,8,,,,,,,,
,,,,,16422,6.0,6,,,,,,,,
,,,,,16426,4.0,4,,,,,,,,
,,,,,16432,6.0,6,,,,,,,,
,,,,,16436,4.0,4,,,,,,,,
,,,,,16444,8.0,8,,,,,,,,
,,,,,16449,5.0,5,,,,,,,,
,,,,,16461,12.0,12,,,,,,,,
,,,,,16464,3.0,3,,,,,,,,
,,,,,16476,12.0,12,,,,,,,,
,,,,,16485,9.0,9,,,,,,,,
,,,,,16489,4.0,4,,,,,,,,
,,,,,16493,4.0,4,,,,,,,,
,,,,,16496,3.0,3,,,,,,,,
,,,,,16501,5.0,5,,,,,,,,
,,,,,16505,4.0,4,,,,,,,,
,,,,,16514,9.0,9,,,,,,,,
,,,,,16517,3.0,3,,,,,,,,
,,,,,16522,5.0,5,,,,,,,,
,,,,,16526,4.0,4,,,,,,,,
,,,,,16534,8.0,8,,,,,,,,
,,,,,16537,3.0,3,,,,,,,,
,,,,,16540,3.0,3,,,,,,,,
,,,,,16543,3.0,3,,,,,,,,
,,,,,16553,10.0,10,,,,,,,,
,,,,,16557,4.0,4,,,,,,,,
,,,,,16561,4.0,4,,,,,,,,
,,,,,16567,6.0,6,,,,,,,,
,,,,,16571,4.0,4,,,,,,,,
,,,,,16577,6.0,6,,,,,,,,
,,,,,16582,5.0,5,,,,,,,,
,,,,,16588,6.0,6,,,,,,,,
,,,,,16591,3.0,3,,,,,,,,
,,,,,16595,4.0,4,,,,,,,,
,,,,,16603,8.0,8,,,,,,,,
,,,,,16607,4.0,4,,,,,,,,
,,,,,16611,4.0,4,,,,,,,,
,,,,,16615,4.0,4,,,,,,,,
,,,,,16619,4.0,4,,,,,,,,
,,,,,16624,5.0,5,,,,,,,,
,,,,,16628,4.0,4,,,,,,,,
,,,,,16631,3.0,3,,,,,,,,
,,,,,16635,4.0,4,,,,,,,,
,,,,,16638,3.0,3,,,,,,,,
,,,,,16645,7.0,7,,,,,,,,
,,,,,16650,5.0,5,,,,,,,,
,,,,,16654,4.0,4,,,,,,,,
,,,,,16659,5.0,5,,,,,,,,
,,,,,16663,4.0,4,,,,,,,,
,,,,,16667,4.0,4,,,,,,,,
,,,,,16672,5.0,5,,,,,,,,
,,,,,16676,4.0,4,,,,,,,,
,,,,,16680,4.0,4,,,,,,,,
,,,,,16683,3.0,3,,,,,,,,
,,,,,16686,3.0,3,,,,,,,,
,,,,,16701,15.0,15,,,,,,,,
,,,,,16704,3.0,3,,,,,,,,
,,,,,16715,11.0,11,,,,,,,,
,,,,,16718,3.0,3,,,,,,,,
,,,,,16727,9.0,9,,,,,,,,
,,,,,16731,4.0,4,,,,,,,,
,,,,,16745,14.0,14,,,,,,,,
,,,,,16748,3.0,3,,,,,,,,
,,,,,16751,3.0,3,,,,,,,,
,,,,,16756,5.0,5,,,,,,,,
,,,,,16763,7.0,7,,,,,,,,
,,,,,16768,5.0,5,,,,,,,,
,,,,,16774,6.0,6,,,,,,,,
,,,,,16777,3.0,3,,,,,,,,
,,,,,16780,3.0,3,,,,,,,,
,,,,,16788,8.0,8,,,,,,,,
,,,,,16793,5.0,5,,,,,,,,
,,,,,16798,5.0,5,,,,,,,,
,,,,,16804,6.0,6,,,,,,,,
,,,,,16807,3.0,3,,,,,,,,
,,,,,16811,4.0,4,,,,,,,,
,,,,,16815,4.0,4,,,,,,,,
,,,,,16819,4.0,4,,,,,,,,
,,,,,16825,6.0,6,,,,,,,,
,,,,,16833,8.0,8,,,,,,,,
,,,,,16840,7.0,7,,,,,,,,
,,,,,16846,6.0,6,,,,,,,,
,,,,,16849,3.0,3,,,,,,,,
,,,,,16855,6.0,6,,,,,,,,
,,,,,16861,6.0,6,,,,,,,,
,,,,,16864,3.0,3,,,,,,,,
,,,,,16869,5.0,5,,,,,,,,
,,,,,16873,4.0,4,,,,,,,,
,,,,,16880,7.0,7,,,,,,,,
,,,,,16884,4.0,4,,,,,,,,
,,,,,16900,16.0,16,,,,,,,,
,,,,,16904,4.0,4,,,,,,,,
,,,,,16911,7.0,7,,,,,,,,
,,,,,16917,6.0,6,,,,,,,,
,,,,,16922,5.0,5,,,,,,,,
,,,,,16927,5.0,5,,,,,,,,
,,,,,16937,10.0,10,,,,,,,,
,,,,,16943,6.0,6,,,,,,,,
,,,,,16959,16.0,16,,,,,,,,
,,,,,16965,6.0,6,,,,,,,,
,,,,,16973,8.0,8,,,,,,,,
,,,,,16977,4.0,4,,,,,,,,
,,,,,16981,4.0,4,,,,,,,,
,,,,,16989,8.0,8,,,,,,,,
,,,,,16992,3.0,3,,,,,,,,
,,,,,16996,4.0,4,,,,,,,,
,,,,,16999,3.0,3,,,,,,,,
,,,,,17000,,,-0.06765271723270416,0.6765271425247192,1.8981013298034668,4.496400356292725,4.49507474899292,0.0003,0.0003,0.1
,,,,,17011,12.0,12,,,,,,,,
,,,,,17016,5.0,5,,,,,,,,
,,,,,17019,3.0,3,,,,,,,,
,,,,,17025,6.0,6,,,,,,,,
,,,,,17030,5.0,5,,,,,,,,
,,,,,17034,4.0,4,,,,,,,,
,,,,,17038,4.0,4,,,,,,,,
,,,,,17043,5.0,5,,,,,,,,
,,,,,17050,7.0,7,,,,,,,,
,,,,,17055,5.0,5,,,,,,,,
,,,,,17060,5.0,5,,,,,,,,
,,,,,17068,8.0,8,,,,,,,,
,,,,,17074,6.0,6,,,,,,,,
,,,,,17079,5.0,5,,,,,,,,
,,,,,17084,5.0,5,,,,,,,,
,,,,,17087,3.0,3,,,,,,,,
,,,,,17098,11.0,11,,,,,,,,
,,,,,17104,6.0,6,,,,,,,,
,,,,,17107,3.0,3,,,,,,,,
,,,,,17120,13.0,13,,,,,,,,
,,,,,17126,6.0,6,,,,,,,,
,,,,,17130,4.0,4,,,,,,,,
,,,,,17135,5.0,5,,,,,,,,
,,,,,17139,4.0,4,,,,,,,,
,,,,,17142,3.0,3,,,,,,,,
,,,,,17147,5.0,5,,,,,,,,
,,,,,17151,4.0,4,,,,,,,,
,,,,,17154,3.0,3,,,,,,,,
,,,,,17157,3.0,3,,,,,,,,
,,,,,17160,3.0,3,,,,,,,,
,,,,,17165,5.0,5,,,,,,,,
,,,,,17178,13.0,13,,,,,,,,
,,,,,17181,3.0,3,,,,,,,,
,,,,,17185,4.0,4,,,,,,,,
,,,,,17188,3.0,3,,,,,,,,
,,,,,17191,3.0,3,,,,,,,,
,,,,,17196,5.0,5,,,,,,,,
,,,,,17200,4.0,4,,,,,,,,
,,,,,17214,14.0,14,,,,,,,,
,,,,,17218,4.0,4,,,,,,,,
,,,,,17227,9.0,9,,,,,,,,
,,,,,17230,3.0,3,,,,,,,,
,,,,,17233,3.0,3,,,,,,,,
,,,,,17238,5.0,5,,,,,,,,
,,,,,17242,4.0,4,,,,,,,,
,,,,,17250,8.0,8,,,,,,,,
,,,,,17254,4.0,4,,,,,,,,
,,,,,17258,4.0,4,,,,,,,,
,,,,,17262,4.0,4,,,,,,,,
,,,,,17265,3.0,3,,,,,,,,
,,,,,17271,6.0,6,,,,,,,,
,,,,,17277,6.0,6,,,,,,,,
,,,,,17281,4.0,4,,,,,,,,
,,,,,17292,11.0,11,,,,,,,,
,,,,,17295,3.0,3,,,,,,,,
,,,,,17300,5.0,5,,,,,,,,
,,,,,17307,7.0,7,,,,,,,,
,,,,,17311,4.0,4,,,,,,,,
,,,,,17315,4.0,4,,,,,,,,
,,,,,17320,5.0,5,,,,,,,,
,,,,,17324,4.0,4,,,,,,,,
,,,,,17328,4.0,4,,,,,,,,
,,,,,17331,3.0,3,,,,,,,,
,,,,,17340,9.0,9,,,,,,,,
,,,,,17344,4.0,4,,,,,,,,
,,,,,17348,4.0,4,,,,,,,,
,,,,,17352,4.0,4,,,,,,,,
,,,,,17355,3.0,3,,,,,,,,
,,,,,17364,9.0,9,,,,,,,,
,,,,,17376,12.0,12,,,,,,,,
,,,,,17382,6.0,6,,,,,,,,
,,,,,17388,6.0,6,,,,,,,,
,,,,,17393,5.0,5,,,,,,,,
,,,,,17396,3.0,3,,,,,,,,
,,,,,17401,5.0,5,,,,,,,,
,,,,,17405,4.0,4,,,,,,,,
,,,,,17409,4.0,4,,,,,,,,
,,,,,17414,5.0,5,,,,,,,,
,,,,,17417,3.0,3,,,,,,,,
,,,,,17423,6.0,6,,,,,,,,
,,,,,17429,6.0,6,,,,,,,,
,,,,,17433,4.0,4,,,,,,,,
,,,,,17437,4.0,4,,,,,,,,
,,,,,17440,3.0,3,,,,,,,,
,,,,,17443,3.0,3,,,,,,,,
,,,,,17450,7.0,7,,,,,,,,
,,,,,17455,5.0,5,,,,,,,,
,,,,,17461,6.0,6,,,,,,,,
,,,,,17474,13.0,13,,,,,,,,
,,,,,17479,5.0,5,,,,,,,,
,,,,,17483,4.0,4,,,,,,,,
,,,,,17489,6.0,6,,,,,,,,
,,,,,17498,9.0,9,,,,,,,,
,,,,,17503,5.0,5,,,,,,,,
,,,,,17508,5.0,5,,,,,,,,
,,,,,17512,4.0,4,,,,,,,,
,,,,,17525,13.0,13,,,,,,,,
,,,,,17532,7.0,7,,,,,,,,
,,,,,17539,7.0,7,,,,,,,,
,,,,,17547,8.0,8,,,,,,,,
,,,,,17550,3.0,3,,,,,,,,
,,,,,17558,8.0,8,,,,,,,,
,,,,,17564,6.0,6,,,,,,,,
,,,,,17567,3.0,3,,,,,,,,
,,,,,17571,4.0,4,,,,,,,,
,,,,,17580,9.0,9,,,,,,,,
,,,,,17583,3.0,3,,,,,,,,
,,,,,17589,6.0,6,,,,,,,,
,,,,,17592,3.0,3,,,,,,,,
,,,,,17595,3.0,3,,,,,,,,
,,,,,17599,4.0,4,,,,,,,,
,,,,,17614,15.0,15,,,,,,,,
,,,,,17618,4.0,4,,,,,,,,
,,,,,17621,3.0,3,,,,,,,,
,,,,,17624,3.0,3,,,,,,,,
,,,,,17630,6.0,6,,,,,,,,
,,,,,17634,4.0,4,,,,,,,,
,,,,,17645,11.0,11,,,,,,,,
,,,,,17650,5.0,5,,,,,,,,
,,,,,17654,4.0,4,,,,,,,,
,,,,,17658,4.0,4,,,,,,,,
,,,,,17663,5.0,5,,,,,,,,
,,,,,17666,3.0,3,,,,,,,,
,,,,,17669,3.0,3,,,,,,,,
,,,,,17672,3.0,3,,,,,,,,
,,,,,17675,3.0,3,,,,,,,,
,,,,,17682,7.0,7,,,,,,,,
,,,,,17689,7.0,7,,,,,,,,
,,,,,17695,6.0,6,,,,,,,,
,,,,,17699,4.0,4,,,,,,,,
,,,,,17713,14.0,14,,,,,,,,
,,,,,17725,12.0,12,,,,,,,,
,,,,,17731,6.0,6,,,,,,,,
,,,,,17738,7.0,7,,,,,,,,
,,,,,17742,4.0,4,,,,,,,,
,,,,,17745,3.0,3,,,,,,,,
,,,,,17748,3.0,3,,,,,,,,
,,,,,17754,6.0,6,,,,,,,,
,,,,,17759,5.0,5,,,,,,,,
,,,,,17769,10.0,10,,,,,,,,
,,,,,17777,8.0,8,,,,,,,,
,,,,,17781,4.0,4,,,,,,,,
,,,,,17784,3.0,3,,,,,,,,
,,,,,17788,4.0,4,,,,,,,,
,,,,,17791,3.0,3,,,,,,,,
,,,,,17795,4.0,4,,,,,,,,
,,,,,17798,3.0,3,,,,,,,,
,,,,,17802,4.0,4,,,,,,,,
,,,,,17806,4.0,4,,,,,,,,
,,,,,17811,5.0,5,,,,,,,,
,,,,,17815,4.0,4,,,,,,,,
,,,,,17819,4.0,4,,,,,,,,
,,,,,17827,8.0,8,,,,,,,,
,,,,,17832,5.0,5,,,,,,,,
,,,,,17840,8.0,8,,,,,,,,
,,,,,17844,4.0,4,,,,,,,,
,,,,,17848,4.0,4,,,,,,,,
,,,,,17852,4.0,4,,,,,,,,
,,,,,17857,5.0,5,,,,,,,,
,,,,,17862,5.0,5,,,,,,,,
,,,,,17873,11.0,11,,,,,,,,
,,,,,17884,11.0,11,,,,,,,,
,,,,,17889,5.0,5,,,,,,,,
,,,,,17895,6.0,6,,,,,,,,
,,,,,17901,6.0,6,,,,,,,,
,,,,,17910,9.0,9,,,,,,,,
,,,,,17915,5.0,5,,,,,,,,
,,,,,17927,12.0,12,,,,,,,,
,,,,,17934,7.0,7,,,,,,,,
,,,,,17951,17.0,17,,,,,,,,
,,,,,17956,5.0,5,,,,,,,,
,,,,,17959,3.0,3,,,,,,,,
,,,,,17966,7.0,7,,,,,,,,
,,,,,17970,4.0,4,,,,,,,,
,,,,,17974,4.0,4,,,,,,,,
,,,,,17980,6.0,6,,,,,,,,
,,,,,17983,3.0,3,,,,,,,,
,,,,,17986,3.0,3,,,,,,,,
,,,,,17990,4.0,4,,,,,,,,
,,,,,17997,7.0,7,,,,,,,,
,,,,,18000,,,-0.06783365458250046,0.6783365607261658,1.455411672592163,4.251316547393799,4.126431465148926,0.0003,0.0003,0.1
,,,,,18003,6.0,6,,,,,,,,
,,,,,18007,4.0,4,,,,,,,,
,,,,,18013,6.0,6,,,,,,,,
,,,,,18016,3.0,3,,,,,,,,
,,,,,18019,3.0,3,,,,,,,,
,,,,,18022,3.0,3,,,,,,,,
,,,,,18028,6.0,6,,,,,,,,
,,,,,18033,5.0,5,,,,,,,,
,,,,,18039,6.0,6,,,,,,,,
,,,,,18042,3.0,3,,,,,,,,
,,,,,18049,7.0,7,,,,,,,,
,,,,,18054,5.0,5,,,,,,,,
,,,,,18059,5.0,5,,,,,,,,
,,,,,18064,5.0,5,,,,,,,,
,,,,,18067,3.0,3,,,,,,,,
,,,,,18073,6.0,6,,,,,,,,
,,,,,18076,3.0,3,,,,,,,,
,,,,,18086,10.0,10,,,,,,,,
,,,,,18090,4.0,4,,,,,,,,
,,,,,18098,8.0,8,,,,,,,,
,,,,,18109,11.0,11,,,,,,,,
,,,,,18112,3.0,3,,,,,,,,
,,,,,18116,4.0,4,,,,,,,,
,,,,,18125,9.0,9,,,,,,,,
,,,,,18133,8.0,8,,,,,,,,
,,,,,18137,4.0,4,,,,,,,,
,,,,,18145,8.0,8,,,,,,,,
,,,,,18157,12.0,12,,,,,,,,
,,,,,18160,3.0,3,,,,,,,,
,,,,,18171,11.0,11,,,,,,,,
,,,,,18182,11.0,11,,,,,,,,
,,,,,18185,3.0,3,,,,,,,,
,,,,,18190,5.0,5,,,,,,,,
,,,,,18199,9.0,9,,,,,,,,
,,,,,18205,6.0,6,,,,,,,,
,,,,,18213,8.0,8,,,,,,,,
,,,,,18231,18.0,18,,,,,,,,
,,,,,18244,13.0,13,,,,,,,,
,,,,,18247,3.0,3,,,,,,,,
,,,,,18260,13.0,13,,,,,,,,
,,,,,18265,5.0,5,,,,,,,,
,,,,,18268,3.0,3,,,,,,,,
,,,,,18275,7.0,7,,,,,,,,
,,,,,18280,5.0,5,,,,,,,,
,,,,,18283,3.0,3,,,,,,,,
,,,,,18287,4.0,4,,,,,,,,
,,,,,18290,3.0,3,,,,,,,,
,,,,,18294,4.0,4,,,,,,,,
,,,,,18298,4.0,4,,,,,,,,
,,,,,18317,19.0,19,,,,,,,,
,,,,,18322,5.0,5,,,,,,,,
,,,,,18331,9.0,9,,,,,,,,
,,,,,18334,3.0,3,,,,,,,,
,,,,,18339,5.0,5,,,,,,,,
,,,,,18343,4.0,4,,,,,,,,
,,,,,18348,5.0,5,,,,,,,,
,,,,,18357,9.0,9,,,,,,,,
,,,,,18361,4.0,4,,,,,,,,
,,,,,18366,5.0,5,,,,,,,,
,,,,,18369,3.0,3,,,,,,,,
,,,,,18381,12.0,12,,,,,,,,
,,,,,18385,4.0,4,,,,,,,,
,,,,,18393,8.0,8,,,,,,,,
,,,,,18397,4.0,4,,,,,,,,
,,,,,18402,5.0,5,,,,,,,,
,,,,,18407,5.0,5,,,,,,,,
,,,,,18411,4.0,4,,,,,,,,
,,,,,18417,6.0,6,,,,,,,,
,,,,,18420,3.0,3,,,,,,,,
,,,,,18428,8.0,8,,,,,,,,
,,,,,18434,6.0,6,,,,,,,,
,,,,,18437,3.0,3,,,,,,,,
,,,,,18451,14.0,14,,,,,,,,
,,,,,18457,6.0,6,,,,,,,,
,,,,,18467,10.0,10,,,,,,,,
,,,,,18471,4.0,4,,,,,,,,
,,,,,18479,8.0,8,,,,,,,,
,,,,,18484,5.0,5,,,,,,,,
,,,,,18489,5.0,5,,,,,,,,
,,,,,18492,3.0,3,,,,,,,,
,,,,,18495,3.0,3,,,,,,,,
,,,,,18514,19.0,19,,,,,,,,
,,,,,18519,5.0,5,,,,,,,,
,,,,,18524,5.0,5,,,,,,,,
,,,,,18527,3.0,3,,,,,,,,
,,,,,18531,4.0,4,,,,,,,,
,,,,,18546,15.0,15,,,,,,,,
,,,,,18551,5.0,5,,,,,,,,
,,,,,18554,3.0,3,,,,,,,,
,,,,,18557,3.0,3,,,,,,,,
,,,,,18563,6.0,6,,,,,,,,
,,,,,18567,4.0,4,,,,,,,,
,,,,,18574,7.0,7,,,,,,,,
,,,,,18580,6.0,6,,,,,,,,
,,,,,18583,3.0,3,,,,,,,,
,,,,,18591,8.0,8,,,,,,,,
,,,,,18595,4.0,4,,,,,,,,
,,,,,18599,4.0,4,,,,,,,,
,,,,,18604,5.0,5,,,,,,,,
,,,,,18616,12.0,12,,,,,,,,
,,,,,18621,5.0,5,,,,,,,,
,,,,,18625,4.0,4,,,,,,,,
,,,,,18629,4.0,4,,,,,,,,
,,,,,18635,6.0,6,,,,,,,,
,,,,,18638,3.0,3,,,,,,,,
,,,,,18642,4.0,4,,,,,,,,
,,,,,18645,3.0,3,,,,,,,,
,,,,,18657,12.0,12,,,,,,,,
,,,,,18660,3.0,3,,,,,,,,
,,,,,18671,11.0,11,,,,,,,,
,,,,,18674,3.0,3,,,,,,,,
,,,,,18678,4.0,4,,,,,,,,
,,,,,18685,7.0,7,,,,,,,,
,,,,,18690,5.0,5,,,,,,,,
,,,,,18694,4.0,4,,,,,,,,
,,,,,18706,12.0,12,,,,,,,,
,,,,,18718,12.0,12,,,,,,,,
,,,,,18722,4.0,4,,,,,,,,
,,,,,18726,4.0,4,,,,,,,,
,,,,,18730,4.0,4,,,,,,,,
,,,,,18734,4.0,4,,,,,,,,
,,,,,18737,3.0,3,,,,,,,,
,,,,,18753,16.0,16,,,,,,,,
,,,,,18756,3.0,3,,,,,,,,
,,,,,18760,4.0,4,,,,,,,,
,,,,,18776,16.0,16,,,,,,,,
,,,,,18779,3.0,3,,,,,,,,
,,,,,18783,4.0,4,,,,,,,,
,,,,,18787,4.0,4,,,,,,,,
,,,,,18804,17.0,17,,,,,,,,
,,,,,18812,8.0,8,,,,,,,,
,,,,,18830,18.0,18,,,,,,,,
,,,,,18840,10.0,10,,,,,,,,
,,,,,18846,6.0,6,,,,,,,,
,,,,,18869,23.0,23,,,,,,,,
,,,,,18875,6.0,6,,,,,,,,
,,,,,18884,9.0,9,,,,,,,,
,,,,,18887,3.0,3,,,,,,,,
,,,,,18890,3.0,3,,,,,,,,
,,,,,18895,5.0,5,,,,,,,,
,,,,,18898,3.0,3,,,,,,,,
,,,,,18907,9.0,9,,,,,,,,
,,,,,18912,5.0,5,,,,,,,,
,,,,,18916,4.0,4,,,,,,,,
,,,,,18925,9.0,9,,,,,,,,
,,,,,18928,3.0,3,,,,,,,,
,,,,,18931,3.0,3,,,,,,,,
,,,,,18939,8.0,8,,,,,,,,
,,,,,18942,3.0,3,,,,,,,,
,,,,,18948,6.0,6,,,,,,,,
,,,,,18953,5.0,5,,,,,,,,
,,,,,18956,3.0,3,,,,,,,,
,,,,,18962,6.0,6,,,,,,,,
,,,,,18968,6.0,6,,,,,,,,
,,,,,18973,5.0,5,,,,,,,,
,,,,,18976,3.0,3,,,,,,,,
,,,,,18987,11.0,11,,,,,,,,
,,,,,18995,8.0,8,,,,,,,,
,,,,,18999,4.0,4,,,,,,,,
,,,,,19000,,,-0.06799273937940598,0.6799273490905762,2.409200429916382,4.908895492553711,4.603731632232666,0.0003,0.0003,0.1
,,,,,19004,5.0,5,,,,,,,,
,,,,,19008,4.0,4,,,,,,,,
,,,,,19021,13.0,13,,,,,,,,
,,,,,19025,4.0,4,,,,,,,,
,,,,,19031,6.0,6,,,,,,,,
,,,,,19037,6.0,6,,,,,,,,
,,,,,19043,6.0,6,,,,,,,,
,,,,,19047,4.0,4,,,,,,,,
,,,,,19053,6.0,6,,,,,,,,
,,,,,19062,9.0,9,,,,,,,,
,,,,,19070,8.0,8,,,,,,,,
,,,,,19074,4.0,4,,,,,,,,
,,,,,19082,8.0,8,,,,,,,,
,,,,,19085,3.0,3,,,,,,,,
,,,,,19089,4.0,4,,,,,,,,
,,,,,19096,7.0,7,,,,,,,,
,,,,,19103,7.0,7,,,,,,,,
,,,,,19110,7.0,7,,,,,,,,
,,,,,19121,11.0,11,,,,,,,,
,,,,,19125,4.0,4,,,,,,,,
,,,,,19133,8.0,8,,,,,,,,
,,,,,19136,3.0,3,,,,,,,,
,,,,,19139,3.0,3,,,,,,,,
,,,,,19144,5.0,5,,,,,,,,
,,,,,19161,17.0,17,,,,,,,,
,,,,,19166,5.0,5,,,,,,,,
,,,,,19169,3.0,3,,,,,,,,
,,,,,19181,12.0,12,,,,,,,,
,,,,,19188,7.0,7,,,,,,,,
,,,,,19194,6.0,6,,,,,,,,
,,,,,19202,8.0,8,,,,,,,,
,,,,,19205,3.0,3,,,,,,,,
,,,,,19208,3.0,3,,,,,,,,
,,,,,19218,10.0,10,,,,,,,,
,,,,,19222,4.0,4,,,,,,,,
,,,,,19232,10.0,10,,,,,,,,
,,,,,19239,7.0,7,,,,,,,,
,,,,,19250,11.0,11,,,,,,,,
,,,,,19261,11.0,11,,,,,,,,
,,,,,19266,5.0,5,,,,,,,,
,,,,,19271,5.0,5,,,,,,,,
,,,,,19276,5.0,5,,,,,,,,
,,,,,19288,12.0,12,,,,,,,,
,,,,,19294,6.0,6,,,,,,,,
,,,,,19299,5.0,5,,,,,,,,
,,,,,19302,3.0,3,,,,,,,,
,,,,,19305,3.0,3,,,,,,,,
,,,,,19308,3.0,3,,,,,,,,
,,,,,19311,3.0,3,,,,,,,,
,,,,,19316,5.0,5,,,,,,,,
,,,,,19328,12.0,12,,,,,,,,
,,,,,19335,7.0,7,,,,,,,,
,,,,,19341,6.0,6,,,,,,,,
,,,,,19358,17.0,17,,,,,,,,
,,,,,19363,5.0,5,,,,,,,,
,,,,,19370,7.0,7,,,,,,,,
,,,,,19377,7.0,7,,,,,,,,
,,,,,19380,3.0,3,,,,,,,,
,,,,,19392,12.0,12,,,,,,,,
,,,,,19395,3.0,3,,,,,,,,
,,,,,19398,3.0,3,,,,,,,,
,,,,,19407,9.0,9,,,,,,,,
,,,,,19412,5.0,5,,,,,,,,
,,,,,19416,4.0,4,,,,,,,,
,,,,,19423,7.0,7,,,,,,,,
,,,,,19434,11.0,11,,,,,,,,
,,,,,19438,4.0,4,,,,,,,,
,,,,,19443,5.0,5,,,,,,,,
,,,,,19449,6.0,6,,,,,,,,
,,,,,19454,5.0,5,,,,,,,,
,,,,,19459,5.0,5,,,,,,,,
,,,,,19463,4.0,4,,,,,,,,
,,,,,19468,5.0,5,,,,,,,,
,,,,,19479,11.0,11,,,,,,,,
,,,,,19482,3.0,3,,,,,,,,
,,,,,19486,4.0,4,,,,,,,,
,,,,,19491,5.0,5,,,,,,,,
,,,,,19500,9.0,9,,,,,,,,
,,,,,19503,3.0,3,,,,,,,,
,,,,,19511,8.0,8,,,,,,,,
,,,,,19517,6.0,6,,,,,,,,
,,,,,19529,12.0,12,,,,,,,,
,,,,,19538,9.0,9,,,,,,,,
,,,,,19550,12.0,12,,,,,,,,
,,,,,19553,3.0,3,,,,,,,,
,,,,,19557,4.0,4,,,,,,,,
,,,,,19562,5.0,5,,,,,,,,
,,,,,19567,5.0,5,,,,,,,,
,,,,,19572,5.0,5,,,,,,,,
,,,,,19576,4.0,4,,,,,,,,
,,,,,19583,7.0,7,,,,,,,,
,,,,,19588,5.0,5,,,,,,,,
,,,,,19595,7.0,7,,,,,,,,
,,,,,19604,9.0,9,,,,,,,,
,,,,,19613,9.0,9,,,,,,,,
,,,,,19619,6.0,6,,,,,,,,
,,,,,19624,5.0,5,,,,,,,,
,,,,,19633,9.0,9,,,,,,,,
,,,,,19638,5.0,5,,,,,,,,
,,,,,19642,4.0,4,,,,,,,,
,,,,,19650,8.0,8,,,,,,,,
,,,,,19654,4.0,4,,,,,,,,
,,,,,19659,5.0,5,,,,,,,,
,,,,,19662,3.0,3,,,,,,,,
,,,,,19666,4.0,4,,,,,,,,
,,,,,19677,11.0,11,,,,,,,,
,,,,,19683,6.0,6,,,,,,,,
,,,,,19688,5.0,5,,,,,,,,
,,,,,19697,9.0,9,,,,,,,,
,,,,,19700,3.0,3,,,,,,,,
,,,,,19705,5.0,5,,,,,,,,
,,,,,19708,3.0,3,,,,,,,,
,,,,,19714,6.0,6,,,,,,,,
,,,,,19721,7.0,7,,,,,,,,
,,,,,19724,3.0,3,,,,,,,,
,,,,,19727,3.0,3,,,,,,,,
,,,,,19733,6.0,6,,,,,,,,
,,,,,19740,7.0,7,,,,,,,,
,,,,,19744,4.0,4,,,,,,,,
,,,,,19751,7.0,7,,,,,,,,
,,,,,19768,17.0,17,,,,,,,,
,,,,,19775,7.0,7,,,,,,,,
,,,,,19779,4.0,4,,,,,,,,
,,,,,19784,5.0,5,,,,,,,,
,,,,,19789,5.0,5,,,,,,,,
,,,,,19798,9.0,9,,,,,,,,
,,,,,19802,4.0,4,,,,,,,,
,,,,,19811,9.0,9,,,,,,,,
,,,,,19815,4.0,4,,,,,,,,
,,,,,19820,5.0,5,,,,,,,,
,,,,,19827,7.0,7,,,,,,,,
,,,,,19832,5.0,5,,,,,,,,
,,,,,19835,3.0,3,,,,,,,,
,,,,,19839,4.0,4,,,,,,,,
,,,,,19848,9.0,9,,,,,,,,
,,,,,19853,5.0,5,,,,,,,,
,,,,,19856,3.0,3,,,,,,,,
,,,,,19860,4.0,4,,,,,,,,
,,,,,19863,3.0,3,,,,,,,,
,,,,,19867,4.0,4,,,,,,,,
,,,,,19874,7.0,7,,,,,,,,
,,,,,19877,3.0,3,,,,,,,,
,,,,,19885,8.0,8,,,,,,,,
,,,,,19890,5.0,5,,,,,,,,
,,,,,19894,4.0,4,,,,,,,,
,,,,,19897,3.0,3,,,,,,,,
,,,,,19901,4.0,4,,,,,,,,
,,,,,19904,3.0,3,,,,,,,,
,,,,,19907,3.0,3,,,,,,,,
,,,,,19912,5.0,5,,,,,,,,
,,,,,19918,6.0,6,,,,,,,,
,,,,,19921,3.0,3,,,,,,,,
,,,,,19926,5.0,5,,,,,,,,
,,,,,19932,6.0,6,,,,,,,,
,,,,,19935,3.0,3,,,,,,,,
,,,,,19939,4.0,4,,,,,,,,
,,,,,19945,6.0,6,,,,,,,,
,,,,,19949,4.0,4,,,,,,,,
,,,,,19954,5.0,5,,,,,,,,
,,,,,19957,3.0,3,,,,,,,,
,,,,,19962,5.0,5,,,,,,,,
,,,,,19969,7.0,7,,,,,,,,
,,,,,19973,4.0,4,,,,,,,,
,,,,,19976,3.0,3,,,,,,,,
,,,,,19988,12.0,12,,,,,,,,
,,,,,19998,10.0,10,,,,,,,,
6.8,4.955805,18.0,3.0,6.8,20000,,,-0.06863701343536377,0.6863701343536377,1.5794048309326172,4.890816688537598,4.813405990600586,0.0003,0.0003,0.1
,,,,,20013,15.0,15,,,,,,,,
,,,,,20017,4.0,4,,,,,,,,
,,,,,20040,23.0,23,,,,,,,,
,,,,,20049,9.0,9,,,,,,,,
,,,,,20056,7.0,7,,,,,,,,
,,,,,20061,5.0,5,,,,,,,,
,,,,,20070,9.0,9,,,,,,,,
,,,,,20076,6.0,6,,,,,,,,
,,,,,20081,5.0,5,,,,,,,,
,,,,,20096,15.0,15,,,,,,,,
,,,,,20099,3.0,3,,,,,,,,
,,,,,20104,5.0,5,,,,,,,,
,,,,,20107,3.0,3,,,,,,,,
,,,,,20115,8.0,8,,,,,,,,
,,,,,20131,16.0,16,,,,,,,,
,,,,,20135,4.0,4,,,,,,,,
,,,,,20139,4.0,4,,,,,,,,
,,,,,20145,6.0,6,,,,,,,,
,,,,,20150,5.0,5,,,,,,,,
,,,,,20153,3.0,3,,,,,,,,
,,,,,20158,5.0,5,,,,,,,,
,,,,,20180,22.0,22,,,,,,,,
,,,,,20185,5.0,5,,,,,,,,
,,,,,20197,12.0,12,,,,,,,,
,,,,,20202,5.0,5,,,,,,,,
,,,,,20207,5.0,5,,,,,,,,
,,,,,20214,7.0,7,,,,,,,,
,,,,,20225,11.0,11,,,,,,,,
,,,,,20228,3.0,3,,,,,,,,
,,,,,20231,3.0,3,,,,,,,,
,,,,,20252,21.0,21,,,,,,,,
,,,,,20256,4.0,4,,,,,,,,
,,,,,20260,4.0,4,,,,,,,,
,,,,,20270,10.0,10,,,,,,,,
,,,,,20275,5.0,5,,,,,,,,
,,,,,20286,11.0,11,,,,,,,,
,,,,,20295,9.0,9,,,,,,,,
,,,,,20301,6.0,6,,,,,,,,
,,,,,20308,7.0,7,,,,,,,,
,,,,,20313,5.0,5,,,,,,,,
,,,,,20322,9.0,9,,,,,,,,
,,,,,20326,4.0,4,,,,,,,,
,,,,,20331,5.0,5,,,,,,,,
,,,,,20337,6.0,6,,,,,,,,
,,,,,20343,6.0,6,,,,,,,,
,,,,,20347,4.0,4,,,,,,,,
,,,,,20351,4.0,4,,,,,,,,
,,,,,20356,5.0,5,,,,,,,,
,,,,,20359,3.0,3,,,,,,,,
,,,,,20362,3.0,3,,,,,,,,
,,,,,20368,6.0,6,,,,,,,,
,,,,,20371,3.0,3,,,,,,,,
,,,,,20377,6.0,6,,,,,,,,
,,,,,20380,3.0,3,,,,,,,,
,,,,,20383,3.0,3,,,,,,,,
,,,,,20387,4.0,4,,,,,,,,
,,,,,20392,5.0,5,,,,,,,,
,,,,,20398,6.0,6,,,,,,,,
,,,,,20403,5.0,5,,,,,,,,
,,,,,20408,5.0,5,,,,,,,,
,,,,,20426,18.0,18,,,,,,,,
,,,,,20431,5.0,5,,,,,,,,
,,,,,20434,3.0,3,,,,,,,,
,,,,,20437,3.0,3,,,,,,,,
,,,,,20442,5.0,5,,,,,,,,
,,,,,20449,7.0,7,,,,,,,,
,,,,,20453,4.0,4,,,,,,,,
,,,,,20470,17.0,17,,,,,,,,
,,,,,20480,10.0,10,,,,,,,,
,,,,,20484,4.0,4,,,,,,,,
,,,,,20509,25.0,25,,,,,,,,
,,,,,20514,5.0,5,,,,,,,,
,,,,,20517,3.0,3,,,,,,,,
,,,,,20522,5.0,5,,,,,,,,
,,,,,20527,5.0,5,,,,,,,,
,,,,,20532,5.0,5,,,,,,,,
,,,,,20535,3.0,3,,,,,,,,
,,,,,20545,10.0,10,,,,,,,,
,,,,,20548,3.0,3,,,,,,,,
,,,,,20556,8.0,8,,,,,,,,
,,,,,20564,8.0,8,,,,,,,,
,,,,,20570,6.0,6,,,,,,,,
,,,,,20577,7.0,7,,,,,,,,
,,,,,20584,7.0,7,,,,,,,,
,,,,,20588,4.0,4,,,,,,,,
,,,,,20592,4.0,4,,,,,,,,
,,,,,20599,7.0,7,,,,,,,,
,,,,,20608,9.0,9,,,,,,,,
,,,,,20611,3.0,3,,,,,,,,
,,,,,20614,3.0,3,,,,,,,,
,,,,,20622,8.0,8,,,,,,,,
,,,,,20631,9.0,9,,,,,,,,
,,,,,20646,15.0,15,,,,,,,,
,,,,,20649,3.0,3,,,,,,,,
,,,,,20653,4.0,4,,,,,,,,
,,,,,20657,4.0,4,,,,,,,,
,,,,,20676,19.0,19,,,,,,,,
,,,,,20680,4.0,4,,,,,,,,
,,,,,20683,3.0,3,,,,,,,,
,,,,,20686,3.0,3,,,,,,,,
,,,,,20695,9.0,9,,,,,,,,
,,,,,20700,5.0,5,,,,,,,,
,,,,,20703,3.0,3,,,,,,,,
,,,,,20711,8.0,8,,,,,,,,
,,,,,20715,4.0,4,,,,,,,,
,,,,,20721,6.0,6,,,,,,,,
,,,,,20725,4.0,4,,,,,,,,
,,,,,20731,6.0,6,,,,,,,,
,,,,,20746,15.0,15,,,,,,,,
,,,,,20749,3.0,3,,,,,,,,
,,,,,20758,9.0,9,,,,,,,,
,,,,,20784,26.0,26,,,,,,,,
,,,,,20790,6.0,6,,,,,,,,
,,,,,20795,5.0,5,,,,,,,,
,,,,,20803,8.0,8,,,,,,,,
,,,,,20808,5.0,5,,,,,,,,
,,,,,20818,10.0,10,,,,,,,,
,,,,,20822,4.0,4,,,,,,,,
,,,,,20833,11.0,11,,,,,,,,
,,,,,20837,4.0,4,,,,,,,,
,,,,,20847,10.0,10,,,,,,,,
,,,,,20853,6.0,6,,,,,,,,
,,,,,20857,4.0,4,,,,,,,,
,,,,,20860,3.0,3,,,,,,,,
,,,,,20863,3.0,3,,,,,,,,
,,,,,20874,11.0,11,,,,,,,,
,,,,,20878,4.0,4,,,,,,,,
,,,,,20881,3.0,3,,,,,,,,
,,,,,20893,12.0,12,,,,,,,,
,,,,,20896,3.0,3,,,,,,,,
,,,,,20899,3.0,3,,,,,,,,
,,,,,20905,6.0,6,,,,,,,,
,,,,,20912,7.0,7,,,,,,,,
,,,,,20920,8.0,8,,,,,,,,
,,,,,20924,4.0,4,,,,,,,,
,,,,,20928,4.0,4,,,,,,,,
,,,,,20931,3.0,3,,,,,,,,
,,,,,20934,3.0,3,,,,,,,,
,,,,,20948,14.0,14,,,,,,,,
,,,,,20953,5.0,5,,,,,,,,
,,,,,20956,3.0,3,,,,,,,,
,,,,,20959,3.0,3,,,,,,,,
,,,,,20964,5.0,5,,,,,,,,
,,,,,20972,8.0,8,,,,,,,,
,,,,,20976,4.0,4,,,,,,,,
,,,,,20982,6.0,6,,,,,,,,
,,,,,20991,9.0,9,,,,,,,,
,,,,,21000,,,-0.06787821650505066,0.6787821650505066,1.659097671508789,4.6411285400390625,4.629830360412598,0.0003,0.0003,0.1
,,,,,21004,13.0,13,,,,,,,,
,,,,,21009,5.0,5,,,,,,,,
,,,,,21013,4.0,4,,,,,,,,
,,,,,21016,3.0,3,,,,,,,,
,,,,,21019,3.0,3,,,,,,,,
,,,,,21023,4.0,4,,,,,,,,
,,,,,21026,3.0,3,,,,,,,,
,,,,,21035,9.0,9,,,,,,,,
,,,,,21038,3.0,3,,,,,,,,
,,,,,21041,3.0,3,,,,,,,,
,,,,,21051,10.0,10,,,,,,,,
,,,,,21056,5.0,5,,,,,,,,
,,,,,21059,3.0,3,,,,,,,,
,,,,,21066,7.0,7,,,,,,,,
,,,,,21071,5.0,5,,,,,,,,
,,,,,21076,5.0,5,,,,,,,,
,,,,,21079,3.0,3,,,,,,,,
,,,,,21082,3.0,3,,,,,,,,
,,,,,21085,3.0,3,,,,,,,,
,,,,,21091,6.0,6,,,,,,,,
,,,,,21097,6.0,6,,,,,,,,
,,,,,21100,3.0,3,,,,,,,,
,,,,,21103,3.0,3,,,,,,,,
,,,,,21113,10.0,10,,,,,,,,
,,,,,21129,16.0,16,,,,,,,,
,,,,,21141,12.0,12,,,,,,,,
,,,,,21146,5.0,5,,,,,,,,
,,,,,21153,7.0,7,,,,,,,,
,,,,,21158,5.0,5,,,,,,,,
,,,,,21164,6.0,6,,,,,,,,
,,,,,21169,5.0,5,,,,,,,,
,,,,,21173,4.0,4,,,,,,,,
,,,,,21178,5.0,5,,,,,,,,
,,,,,21183,5.0,5,,,,,,,,
,,,,,21188,5.0,5,,,,,,,,
,,,,,21199,11.0,11,,,,,,,,
,,,,,21206,7.0,7,,,,,,,,
,,,,,21212,6.0,6,,,,,,,,
,,,,,21218,6.0,6,,,,,,,,
,,,,,21228,10.0,10,,,,,,,,
,,,,,21235,7.0,7,,,,,,,,
,,,,,21248,13.0,13,,,,,,,,
,,,,,21253,5.0,5,,,,,,,,
,,,,,21256,3.0,3,,,,,,,,
,,,,,21267,11.0,11,,,,,,,,
,,,,,21270,3.0,3,,,,,,,,
,,,,,21275,5.0,5,,,,,,,,
,,,,,21282,7.0,7,,,,,,,,
,,,,,21286,4.0,4,,,,,,,,
,,,,,21291,5.0,5,,,,,,,,
,,,,,21294,3.0,3,,,,,,,,
,,,,,21297,3.0,3,,,,,,,,
,,,,,21304,7.0,7,,,,,,,,
,,,,,21312,8.0,8,,,,,,,,
,,,,,21320,8.0,8,,,,,,,,
,,,,,21323,3.0,3,,,,,,,,
,,,,,21327,4.0,4,,,,,,,,
,,,,,21346,19.0,19,,,,,,,,
,,,,,21353,7.0,7,,,,,,,,
,,,,,21358,5.0,5,,,,,,,,
,,,,,21363,5.0,5,,,,,,,,
,,,,,21367,4.0,4,,,,,,,,
,,,,,21372,5.0,5,,,,,,,,
,,,,,21377,5.0,5,,,,,,,,
,,,,,21381,4.0,4,,,,,,,,
,,,,,21386,5.0,5,,,,,,,,
,,,,,21393,7.0,7,,,,,,,,
,,,,,21397,4.0,4,,,,,,,,
,,,,,21403,6.0,6,,,,,,,,
,,,,,21413,10.0,10,,,,,,,,
,,,,,21417,4.0,4,,,,,,,,
,,,,,21420,3.0,3,,,,,,,,
,,,,,21423,3.0,3,,,,,,,,
,,,,,21428,5.0,5,,,,,,,,
,,,,,21434,6.0,6,,,,,,,,
,,,,,21438,4.0,4,,,,,,,,
,,,,,21443,5.0,5,,,,,,,,
,,,,,21459,16.0,16,,,,,,,,
,,,,,21465,6.0,6,,,,,,,,
,,,,,21469,4.0,4,,,,,,,,
,,,,,21479,10.0,10,,,,,,,,
,,,,,21482,3.0,3,,,,,,,,
,,,,,21485,3.0,3,,,,,,,,
,,,,,21495,10.0,10,,,,,,,,
,,,,,21498,3.0,3,,,,,,,,
,,,,,21506,8.0,8,,,,,,,,
,,,,,21511,5.0,5,,,,,,,,
,,,,,21516,5.0,5,,,,,,,,
,,,,,21522,6.0,6,,,,,,,,
,,,,,21525,3.0,3,,,,,,,,
,,,,,21533,8.0,8,,,,,,,,
,,,,,21538,5.0,5,,,,,,,,
,,,,,21544,6.0,6,,,,,,,,
,,,,,21551,7.0,7,,,,,,,,
,,,,,21554,3.0,3,,,,,,,,
,,,,,21560,6.0,6,,,,,,,,
,,,,,21570,10.0,10,,,,,,,,
,,,,,21576,6.0,6,,,,,,,,
,,,,,21580,4.0,4,,,,,,,,
,,,,,21587,7.0,7,,,,,,,,
,,,,,21597,10.0,10,,,,,,,,
,,,,,21610,13.0,13,,,,,,,,
,,,,,21613,3.0,3,,,,,,,,
,,,,,21621,8.0,8,,,,,,,,
,,,,,21626,5.0,5,,,,,,,,
,,,,,21630,4.0,4,,,,,,,,
,,,,,21641,11.0,11,,,,,,,,
,,,,,21645,4.0,4,,,,,,,,
,,,,,21650,5.0,5,,,,,,,,
,,,,,21653,3.0,3,,,,,,,,
,,,,,21658,5.0,5,,,,,,,,
,,,,,21663,5.0,5,,,,,,,,
,,,,,21666,3.0,3,,,,,,,,
,,,,,21677,11.0,11,,,,,,,,
,,,,,21686,9.0,9,,,,,,,,
,,,,,21689,3.0,3,,,,,,,,
,,,,,21692,3.0,3,,,,,,,,
,,,,,21697,5.0,5,,,,,,,,
,,,,,21704,7.0,7,,,,,,,,
,,,,,21709,5.0,5,,,,,,,,
,,,,,21721,12.0,12,,,,,,,,
,,,,,21736,15.0,15,,,,,,,,
,,,,,21741,5.0,5,,,,,,,,
,,,,,21748,7.0,7,,,,,,,,
,,,,,21753,5.0,5,,,,,,,,
,,,,,21756,3.0,3,,,,,,,,
,,,,,21766,10.0,10,,,,,,,,
,,,,,21769,3.0,3,,,,,,,,
,,,,,21772,3.0,3,,,,,,,,
,,,,,21778,6.0,6,,,,,,,,
,,,,,21787,9.0,9,,,,,,,,
,,,,,21791,4.0,4,,,,,,,,
,,,,,21798,7.0,7,,,,,,,,
,,,,,21801,3.0,3,,,,,,,,
,,,,,21804,3.0,3,,,,,,,,
,,,,,21807,3.0,3,,,,,,,,
,,,,,21819,12.0,12,,,,,,,,
,,,,,21826,7.0,7,,,,,,,,
,,,,,21833,7.0,7,,,,,,,,
,,,,,21855,22.0,22,,,,,,,,
,,,,,21860,5.0,5,,,,,,,,
,,,,,21868,8.0,8,,,,,,,,
,,,,,21874,6.0,6,,,,,,,,
,,,,,21877,3.0,3,,,,,,,,
,,,,,21881,4.0,4,,,,,,,,
,,,,,21884,3.0,3,,,,,,,,
,,,,,21889,5.0,5,,,,,,,,
,,,,,21909,20.0,20,,,,,,,,
,,,,,21924,15.0,15,,,,,,,,
,,,,,21930,6.0,6,,,,,,,,
,,,,,21938,8.0,8,,,,,,,,
,,,,,21943,5.0,5,,,,,,,,
,,,,,21946,3.0,3,,,,,,,,
,,,,,21949,3.0,3,,,,,,,,
,,,,,21956,7.0,7,,,,,,,,
,,,,,21965,9.0,9,,,,,,,,
,,,,,21975,10.0,10,,,,,,,,
,,,,,21980,5.0,5,,,,,,,,
,,,,,21983,3.0,3,,,,,,,,
,,,,,21988,5.0,5,,,,,,,,
,,,,,21996,8.0,8,,,,,,,,
,,,,,22000,4.0,4,,,,,,,,
,,,,,22000,,,-0.06821238249540329,0.6821237802505493,1.7619099617004395,4.569676399230957,4.589560508728027,0.0003,0.0003,0.1
,,,,,22003,3.0,3,,,,,,,,
,,,,,22009,6.0,6,,,,,,,,
,,,,,22014,5.0,5,,,,,,,,
,,,,,22017,3.0,3,,,,,,,,
,,,,,22022,5.0,5,,,,,,,,
,,,,,22030,8.0,8,,,,,,,,
,,,,,22034,4.0,4,,,,,,,,
,,,,,22041,7.0,7,,,,,,,,
,,,,,22044,3.0,3,,,,,,,,
,,,,,22048,4.0,4,,,,,,,,
,,,,,22051,3.0,3,,,,,,,,
,,,,,22055,4.0,4,,,,,,,,
,,,,,22062,7.0,7,,,,,,,,
,,,,,22075,13.0,13,,,,,,,,
,,,,,22078,3.0,3,,,,,,,,
,,,,,22081,3.0,3,,,,,,,,
,,,,,22093,12.0,12,,,,,,,,
,,,,,22097,4.0,4,,,,,,,,
,,,,,22101,4.0,4,,,,,,,,
,,,,,22107,6.0,6,,,,,,,,
,,,,,22112,5.0,5,,,,,,,,
,,,,,22119,7.0,7,,,,,,,,
,,,,,22126,7.0,7,,,,,,,,
,,,,,22136,10.0,10,,,,,,,,
,,,,,22140,4.0,4,,,,,,,,
,,,,,22143,3.0,3,,,,,,,,
,,,,,22146,3.0,3,,,,,,,,
,,,,,22149,3.0,3,,,,,,,,
,,,,,22153,4.0,4,,,,,,,,
,,,,,22156,3.0,3,,,,,,,,
,,,,,22165,9.0,9,,,,,,,,
,,,,,22170,5.0,5,,,,,,,,
,,,,,22175,5.0,5,,,,,,,,
,,,,,22180,5.0,5,,,,,,,,
,,,,,22185,5.0,5,,,,,,,,
,,,,,22188,3.0,3,,,,,,,,
,,,,,22197,9.0,9,,,,,,,,
,,,,,22203,6.0,6,,,,,,,,
,,,,,22208,5.0,5,,,,,,,,
,,,,,22213,5.0,5,,,,,,,,
,,,,,22216,3.0,3,,,,,,,,
,,,,,22224,8.0,8,,,,,,,,
,,,,,22233,9.0,9,,,,,,,,
,,,,,22237,4.0,4,,,,,,,,
,,,,,22241,4.0,4,,,,,,,,
,,,,,22245,4.0,4,,,,,,,,
,,,,,22249,4.0,4,,,,,,,,
,,,,,22253,4.0,4,,,,,,,,
,,,,,22257,4.0,4,,,,,,,,
,,,,,22264,7.0,7,,,,,,,,
,,,,,22267,3.0,3,,,,,,,,
,,,,,22272,5.0,5,,,,,,,,
,,,,,22288,16.0,16,,,,,,,,
,,,,,22295,7.0,7,,,,,,,,
,,,,,22305,10.0,10,,,,,,,,
,,,,,22308,3.0,3,,,,,,,,
,,,,,22316,8.0,8,,,,,,,,
,,,,,22337,21.0,21,,,,,,,,
,,,,,22342,5.0,5,,,,,,,,
,,,,,22347,5.0,5,,,,,,,,
,,,,,22350,3.0,3,,,,,,,,
,,,,,22355,5.0,5,,,,,,,,
,,,,,22359,4.0,4,,,,,,,,
,,,,,22362,3.0,3,,,,,,,,
,,,,,22365,3.0,3,,,,,,,,
,,,,,22369,4.0,4,,,,,,,,
,,,,,22384,15.0,15,,,,,,,,
,,,,,22390,6.0,6,,,,,,,,
,,,,,22393,3.0,3,,,,,,,,
,,,,,22397,4.0,4,,,,,,,,
,,,,,22405,8.0,8,,,,,,,,
,,,,,22409,4.0,4,,,,,,,,
,,,,,22417,8.0,8,,,,,,,,
,,,,,22420,3.0,3,,,,,,,,
,,,,,22427,7.0,7,,,,,,,,
,,,,,22431,4.0,4,,,,,,,,
,,,,,22439,8.0,8,,,,,,,,
,,,,,22445,6.0,6,,,,,,,,
,,,,,22450,5.0,5,,,,,,,,
,,,,,22455,5.0,5,,,,,,,,
,,,,,22458,3.0,3,,,,,,,,
,,,,,22461,3.0,3,,,,,,,,
,,,,,22472,11.0,11,,,,,,,,
,,,,,22477,5.0,5,,,,,,,,
,,,,,22488,11.0,11,,,,,,,,
,,,,,22492,4.0,4,,,,,,,,
,,,,,22500,8.0,8,,,,,,,,
,,,,,22503,3.0,3,,,,,,,,
,,,,,22506,3.0,3,,,,,,,,
,,,,,22512,6.0,6,,,,,,,,
,,,,,22538,26.0,26,,,,,,,,
,,,,,22546,8.0,8,,,,,,,,
,,,,,22551,5.0,5,,,,,,,,
,,,,,22561,10.0,10,,,,,,,,
,,,,,22567,6.0,6,,,,,,,,
,,,,,22570,3.0,3,,,,,,,,
,,,,,22575,5.0,5,,,,,,,,
,,,,,22578,3.0,3,,,,,,,,
,,,,,22584,6.0,6,,,,,,,,
,,,,,22588,4.0,4,,,,,,,,
,,,,,22592,4.0,4,,,,,,,,
,,,,,22596,4.0,4,,,,,,,,
,,,,,22609,13.0,13,,,,,,,,
,,,,,22613,4.0,4,,,,,,,,
,,,,,22623,10.0,10,,,,,,,,
,,,,,22626,3.0,3,,,,,,,,
,,,,,22629,3.0,3,,,,,,,,
,,,,,22633,4.0,4,,,,,,,,
,,,,,22641,8.0,8,,,,,,,,
,,,,,22647,6.0,6,,,,,,,,
,,,,,22651,4.0,4,,,,,,,,
,,,,,22654,3.0,3,,,,,,,,
,,,,,22659,5.0,5,,,,,,,,
,,,,,22669,10.0,10,,,,,,,,
,,,,,22672,3.0,3,,,,,,,,
,,,,,22676,4.0,4,,,,,,,,
,,,,,22680,4.0,4,,,,,,,,
,,,,,22694,14.0,14,,,,,,,,
,,,,,22702,8.0,8,,,,,,,,
,,,,,22705,3.0,3,,,,,,,,
,,,,,22708,3.0,3,,,,,,,,
,,,,,22717,9.0,9,,,,,,,,
,,,,,22723,6.0,6,,,,,,,,
,,,,,22726,3.0,3,,,,,,,,
,,,,,22742,16.0,16,,,,,,,,
,,,,,22751,9.0,9,,,,,,,,
,,,,,22764,13.0,13,,,,,,,,
,,,,,22768,4.0,4,,,,,,,,
,,,,,22781,13.0,13,,,,,,,,
,,,,,22788,7.0,7,,,,,,,,
,,,,,22792,4.0,4,,,,,,,,
,,,,,22796,4.0,4,,,,,,,,
,,,,,22799,3.0,3,,,,,,,,
,,,,,22802,3.0,3,,,,,,,,
,,,,,22805,3.0,3,,,,,,,,
,,,,,22811,6.0,6,,,,,,,,
,,,,,22820,9.0,9,,,,,,,,
,,,,,22826,6.0,6,,,,,,,,
,,,,,22832,6.0,6,,,,,,,,
,,,,,22835,3.0,3,,,,,,,,
,,,,,22842,7.0,7,,,,,,,,
,,,,,22849,7.0,7,,,,,,,,
,,,,,22853,4.0,4,,,,,,,,
,,,,,22864,11.0,11,,,,,,,,
,,,,,22867,3.0,3,,,,,,,,
,,,,,22871,4.0,4,,,,,,,,
,,,,,22874,3.0,3,,,,,,,,
,,,,,22891,17.0,17,,,,,,,,
,,,,,22899,8.0,8,,,,,,,,
,,,,,22902,3.0,3,,,,,,,,
,,,,,22906,4.0,4,,,,,,,,
,,,,,22909,3.0,3,,,,,,,,
,,,,,22912,3.0,3,,,,,,,,
,,,,,22917,5.0,5,,,,,,,,
,,,,,22920,3.0,3,,,,,,,,
,,,,,22929,9.0,9,,,,,,,,
,,,,,22934,5.0,5,,,,,,,,
,,,,,22937,3.0,3,,,,,,,,
,,,,,22943,6.0,6,,,,,,,,
,,,,,22954,11.0,11,,,,,,,,
,,,,,22957,3.0,3,,,,,,,,
,,,,,22962,5.0,5,,,,,,,,
,,,,,22973,11.0,11,,,,,,,,
,,,,,22977,4.0,4,,,,,,,,
,,,,,22980,3.0,3,,,,,,,,
,,,,,22985,5.0,5,,,,,,,,
,,,,,22988,3.0,3,,,,,,,,
,,,,,23000,12.0,12,,,,,,,,
,,,,,23000,,,-0.06784263253211975,0.6784263253211975,1.6597702503204346,4.622390270233154,4.71136474609375,0.0003,0.0003,0.1
,,,,,23010,10.0,10,,,,,,,,
,,,,,23022,12.0,12,,,,,,,,
,,,,,23028,6.0,6,,,,,,,,
,,,,,23031,3.0,3,,,,,,,,
,,,,,23035,4.0,4,,,,,,,,
,,,,,23040,5.0,5,,,,,,,,
,,,,,23044,4.0,4,,,,,,,,
,,,,,23047,3.0,3,,,,,,,,
,,,,,23050,3.0,3,,,,,,,,
,,,,,23062,12.0,12,,,,,,,,
,,,,,23067,5.0,5,,,,,,,,
,,,,,23070,3.0,3,,,,,,,,
,,,,,23073,3.0,3,,,,,,,,
,,,,,23081,8.0,8,,,,,,,,
,,,,,23088,7.0,7,,,,,,,,
,,,,,23096,8.0,8,,,,,,,,
,,,,,23104,8.0,8,,,,,,,,
,,,,,23125,21.0,21,,,,,,,,
,,,,,23128,3.0,3,,,,,,,,
,,,,,23136,8.0,8,,,,,,,,
,,,,,23139,3.0,3,,,,,,,,
,,,,,23144,5.0,5,,,,,,,,
,,,,,23147,3.0,3,,,,,,,,
,,,,,23151,4.0,4,,,,,,,,
,,,,,23155,4.0,4,,,,,,,,
,,,,,23161,6.0,6,,,,,,,,
,,,,,23165,4.0,4,,,,,,,,
,,,,,23169,4.0,4,,,,,,,,
,,,,,23173,4.0,4,,,,,,,,
,,,,,23178,5.0,5,,,,,,,,
,,,,,23181,3.0,3,,,,,,,,
,,,,,23185,4.0,4,,,,,,,,
,,,,,23192,7.0,7,,,,,,,,
,,,,,23198,6.0,6,,,,,,,,
,,,,,23204,6.0,6,,,,,,,,
,,,,,23209,5.0,5,,,,,,,,
,,,,,23219,10.0,10,,,,,,,,
,,,,,23223,4.0,4,,,,,,,,
,,,,,23229,6.0,6,,,,,,,,
,,,,,23245,16.0,16,,,,,,,,
,,,,,23255,10.0,10,,,,,,,,
,,,,,23261,6.0,6,,,,,,,,
,,,,,23264,3.0,3,,,,,,,,
,,,,,23268,4.0,4,,,,,,,,
,,,,,23272,4.0,4,,,,,,,,
,,,,,23277,5.0,5,,,,,,,,
,,,,,23280,3.0,3,,,,,,,,
,,,,,23283,3.0,3,,,,,,,,
,,,,,23289,6.0,6,,,,,,,,
,,,,,23295,6.0,6,,,,,,,,
,,,,,23305,10.0,10,,,,,,,,
,,,,,23309,4.0,4,,,,,,,,
,,,,,23314,5.0,5,,,,,,,,
,,,,,23318,4.0,4,,,,,,,,
,,,,,23321,3.0,3,,,,,,,,
,,,,,23325,4.0,4,,,,,,,,
,,,,,23328,3.0,3,,,,,,,,
,,,,,23338,10.0,10,,,,,,,,
,,,,,23341,3.0,3,,,,,,,,
,,,,,23344,3.0,3,,,,,,,,
,,,,,23349,5.0,5,,,,,,,,
,,,,,23354,5.0,5,,,,,,,,
,,,,,23364,10.0,10,,,,,,,,
,,,,,23367,3.0,3,,,,,,,,
,,,,,23372,5.0,5,,,,,,,,
,,,,,23376,4.0,4,,,,,,,,
,,,,,23392,16.0,16,,,,,,,,
,,,,,23398,6.0,6,,,,,,,,
,,,,,23409,11.0,11,,,,,,,,
,,,,,23414,5.0,5,,,,,,,,
,,,,,23428,14.0,14,,,,,,,,
,,,,,23438,10.0,10,,,,,,,,
,,,,,23443,5.0,5,,,,,,,,
,,,,,23447,4.0,4,,,,,,,,
,,,,,23461,14.0,14,,,,,,,,
,,,,,23465,4.0,4,,,,,,,,
,,,,,23471,6.0,6,,,,,,,,
,,,,,23476,5.0,5,,,,,,,,
,,,,,23480,4.0,4,,,,,,,,
,,,,,23485,5.0,5,,,,,,,,
,,,,,23489,4.0,4,,,,,,,,
,,,,,23499,10.0,10,,,,,,,,
,,,,,23505,6.0,6,,,,,,,,
,,,,,23508,3.0,3,,,,,,,,
,,,,,23511,3.0,3,,,,,,,,
,,,,,23515,4.0,4,,,,,,,,
,,,,,23520,5.0,5,,,,,,,,
,,,,,23529,9.0,9,,,,,,,,
,,,,,23532,3.0,3,,,,,,,,
,,,,,23538,6.0,6,,,,,,,,
,,,,,23542,4.0,4,,,,,,,,
,,,,,23545,3.0,3,,,,,,,,
,,,,,23553,8.0,8,,,,,,,,
,,,,,23559,6.0,6,,,,,,,,
,,,,,23563,4.0,4,,,,,,,,
,,,,,23574,11.0,11,,,,,,,,
,,,,,23577,3.0,3,,,,,,,,
,,,,,23580,3.0,3,,,,,,,,
,,,,,23589,9.0,9,,,,,,,,
,,,,,23592,3.0,3,,,,,,,,
,,,,,23596,4.0,4,,,,,,,,
,,,,,23599,3.0,3,,,,,,,,
,,,,,23603,4.0,4,,,,,,,,
,,,,,23606,3.0,3,,,,,,,,
,,,,,23611,5.0,5,,,,,,,,
,,,,,23622,11.0,11,,,,,,,,
,,,,,23628,6.0,6,,,,,,,,
,,,,,23641,13.0,13,,,,,,,,
,,,,,23645,4.0,4,,,,,,,,
,,,,,23654,9.0,9,,,,,,,,
,,,,,23657,3.0,3,,,,,,,,
,,,,,23661,4.0,4,,,,,,,,
,,,,,23665,4.0,4,,,,,,,,
,,,,,23670,5.0,5,,,,,,,,
,,,,,23674,4.0,4,,,,,,,,
,,,,,23679,5.0,5,,,,,,,,
,,,,,23687,8.0,8,,,,,,,,
,,,,,23690,3.0,3,,,,,,,,
,,,,,23693,3.0,3,,,,,,,,
,,,,,23698,5.0,5,,,,,,,,
,,,,,23702,4.0,4,,,,,,,,
,,,,,23705,3.0,3,,,,,,,,
,,,,,23710,5.0,5,,,,,,,,
,,,,,23718,8.0,8,,,,,,,,
,,,,,23723,5.0,5,,,,,,,,
,,,,,23735,12.0,12,,,,,,,,
,,,,,23739,4.0,4,,,,,,,,
,,,,,23754,15.0,15,,,,,,,,
,,,,,23760,6.0,6,,,,,,,,
,,,,,23769,9.0,9,,,,,,,,
,,,,,23783,14.0,14,,,,,,,,
,,,,,23790,7.0,7,,,,,,,,
,,,,,23795,5.0,5,,,,,,,,
,,,,,23799,4.0,4,,,,,,,,
,,,,,23804,5.0,5,,,,,,,,
,,,,,23807,3.0,3,,,,,,,,
,,,,,23816,9.0,9,,,,,,,,
,,,,,23820,4.0,4,,,,,,,,
,,,,,23832,12.0,12,,,,,,,,
,,,,,23835,3.0,3,,,,,,,,
,,,,,23846,11.0,11,,,,,,,,
,,,,,23849,3.0,3,,,,,,,,
,,,,,23859,10.0,10,,,,,,,,
,,,,,23865,6.0,6,,,,,,,,
,,,,,23869,4.0,4,,,,,,,,
,,,,,23877,8.0,8,,,,,,,,
,,,,,23881,4.0,4,,,,,,,,
,,,,,23885,4.0,4,,,,,,,,
,,,,,23893,8.0,8,,,,,,,,
,,,,,23897,4.0,4,,,,,,,,
,,,,,23916,19.0,19,,,,,,,,
,,,,,23920,4.0,4,,,,,,,,
,,,,,23923,3.0,3,,,,,,,,
,,,,,23926,3.0,3,,,,,,,,
,,,,,23937,11.0,11,,,,,,,,
,,,,,23944,7.0,7,,,,,,,,
,,,,,23948,4.0,4,,,,,,,,
,,,,,23954,6.0,6,,,,,,,,
,,,,,23960,6.0,6,,,,,,,,
,,,,,23968,8.0,8,,,,,,,,
,,,,,23972,4.0,4,,,,,,,,
,,,,,23981,9.0,9,,,,,,,,
,,,,,23987,6.0,6,,,,,,,,
,,,,,23990,3.0,3,,,,,,,,
,,,,,23998,8.0,8,,,,,,,,
,,,,,24000,,,-0.06808295100927353,0.6808295249938965,1.5407390594482422,4.189359664916992,4.300161838531494,0.0003,0.0003,0.1
,,,,,24002,4.0,4,,,,,,,,
,,,,,24010,8.0,8,,,,,,,,
,,,,,24015,5.0,5,,,,,,,,
,,,,,24018,3.0,3,,,,,,,,
,,,,,24030,12.0,12,,,,,,,,
,,,,,24045,15.0,15,,,,,,,,
,,,,,24050,5.0,5,,,,,,,,
,,,,,24053,3.0,3,,,,,,,,
,,,,,24056,3.0,3,,,,,,,,
,,,,,24066,10.0,10,,,,,,,,
,,,,,24069,3.0,3,,,,,,,,
,,,,,24076,7.0,7,,,,,,,,
,,,,,24079,3.0,3,,,,,,,,
,,,,,24084,5.0,5,,,,,,,,
,,,,,24094,10.0,10,,,,,,,,
,,,,,24098,4.0,4,,,,,,,,
,,,,,24111,13.0,13,,,,,,,,
,,,,,24114,3.0,3,,,,,,,,
,,,,,24120,6.0,6,,,,,,,,
,,,,,24129,9.0,9,,,,,,,,
,,,,,24134,5.0,5,,,,,,,,
,,,,,24137,3.0,3,,,,,,,,
,,,,,24142,5.0,5,,,,,,,,
,,,,,24145,3.0,3,,,,,,,,
,,,,,24148,3.0,3,,,,,,,,
,,,,,24154,6.0,6,,,,,,,,
,,,,,24160,6.0,6,,,,,,,,
,,,,,24167,7.0,7,,,,,,,,
,,,,,24171,4.0,4,,,,,,,,
,,,,,24183,12.0,12,,,,,,,,
,,,,,24187,4.0,4,,,,,,,,
,,,,,24190,3.0,3,,,,,,,,
,,,,,24195,5.0,5,,,,,,,,
,,,,,24204,9.0,9,,,,,,,,
,,,,,24209,5.0,5,,,,,,,,
,,,,,24212,3.0,3,,,,,,,,
,,,,,24220,8.0,8,,,,,,,,
,,,,,24224,4.0,4,,,,,,,,
,,,,,24228,4.0,4,,,,,,,,
,,,,,24242,14.0,14,,,,,,,,
,,,,,24248,6.0,6,,,,,,,,
,,,,,24256,8.0,8,,,,,,,,
,,,,,24262,6.0,6,,,,,,,,
,,,,,24265,3.0,3,,,,,,,,
,,,,,24269,4.0,4,,,,,,,,
,,,,,24272,3.0,3,,,,,,,,
,,,,,24275,3.0,3,,,,,,,,
,,,,,24286,11.0,11,,,,,,,,
,,,,,24291,5.0,5,,,,,,,,
,,,,,24295,4.0,4,,,,,,,,
,,,,,24298,3.0,3,,,,,,,,
,,,,,24302,4.0,4,,,,,,,,
,,,,,24308,6.0,6,,,,,,,,
,,,,,24313,5.0,5,,,,,,,,
,,,,,24319,6.0,6,,,,,,,,
,,,,,24322,3.0,3,,,,,,,,
,,,,,24332,10.0,10,,,,,,,,
,,,,,24339,7.0,7,,,,,,,,
,,,,,24342,3.0,3,,,,,,,,
,,,,,24345,3.0,3,,,,,,,,
,,,,,24349,4.0,4,,,,,,,,
,,,,,24356,7.0,7,,,,,,,,
,,,,,24362,6.0,6,,,,,,,,
,,,,,24367,5.0,5,,,,,,,,
,,,,,24376,9.0,9,,,,,,,,
,,,,,24388,12.0,12,,,,,,,,
,,,,,24392,4.0,4,,,,,,,,
,,,,,24395,3.0,3,,,,,,,,
,,,,,24403,8.0,8,,,,,,,,
,,,,,24410,7.0,7,,,,,,,,
,,,,,24423,13.0,13,,,,,,,,
,,,,,24434,11.0,11,,,,,,,,
,,,,,24439,5.0,5,,,,,,,,
,,,,,24446,7.0,7,,,,,,,,
,,,,,24455,9.0,9,,,,,,,,
,,,,,24459,4.0,4,,,,,,,,
,,,,,24462,3.0,3,,,,,,,,
,,,,,24465,3.0,3,,,,,,,,
,,,,,24470,5.0,5,,,,,,,,
,,,,,24473,3.0,3,,,,,,,,
,,,,,24479,6.0,6,,,,,,,,
,,,,,24490,11.0,11,,,,,,,,
,,,,,24493,3.0,3,,,,,,,,
,,,,,24496,3.0,3,,,,,,,,
,,,,,24499,3.0,3,,,,,,,,
,,,,,24503,4.0,4,,,,,,,,
,,,,,24506,3.0,3,,,,,,,,
,,,,,24511,5.0,5,,,,,,,,
,,,,,24517,6.0,6,,,,,,,,
,,,,,24521,4.0,4,,,,,,,,
,,,,,24529,8.0,8,,,,,,,,
,,,,,24533,4.0,4,,,,,,,,
,,,,,24537,4.0,4,,,,,,,,
,,,,,24543,6.0,6,,,,,,,,
,,,,,24546,3.0,3,,,,,,,,
,,,,,24550,4.0,4,,,,,,,,
,,,,,24555,5.0,5,,,,,,,,
,,,,,24558,3.0,3,,,,,,,,
,,,,,24564,6.0,6,,,,,,,,
,,,,,24567,3.0,3,,,,,,,,
,,,,,24574,7.0,7,,,,,,,,
,,,,,24578,4.0,4,,,,,,,,
,,,,,24587,9.0,9,,,,,,,,
,,,,,24591,4.0,4,,,,,,,,
,,,,,24610,19.0,19,,,,,,,,
,,,,,24615,5.0,5,,,,,,,,
,,,,,24618,3.0,3,,,,,,,,
,,,,,24622,4.0,4,,,,,,,,
,,,,,24647,25.0,25,,,,,,,,
,,,,,24662,15.0,15,,,,,,,,
,,,,,24665,3.0,3,,,,,,,,
,,,,,24672,7.0,7,,,,,,,,
,,,,,24678,6.0,6,,,,,,,,
,,,,,24684,6.0,6,,,,,,,,
,,,,,24691,7.0,7,,,,,,,,
,,,,,24695,4.0,4,,,,,,,,
,,,,,24699,4.0,4,,,,,,,,
,,,,,24702,3.0,3,,,,,,,,
,,,,,24709,7.0,7,,,,,,,,
,,,,,24715,6.0,6,,,,,,,,
,,,,,24718,3.0,3,,,,,,,,
,,,,,24722,4.0,4,,,,,,,,
,,,,,24725,3.0,3,,,,,,,,
,,,,,24729,4.0,4,,,,,,,,
,,,,,24738,9.0,9,,,,,,,,
,,,,,24742,4.0,4,,,,,,,,
,,,,,24759,17.0,17,,,,,,,,
,,,,,24765,6.0,6,,,,,,,,
,,,,,24775,10.0,10,,,,,,,,
,,,,,24784,9.0,9,,,,,,,,
,,,,,24788,4.0,4,,,,,,,,
,,,,,24792,4.0,4,,,,,,,,
,,,,,24795,3.0,3,,,,,,,,
,,,,,24802,7.0,7,,,,,,,,
,,,,,24806,4.0,4,,,,,,,,
,,,,,24814,8.0,8,,,,,,,,
,,,,,24824,10.0,10,,,,,,,,
,,,,,24834,10.0,10,,,,,,,,
,,,,,24841,7.0,7,,,,,,,,
,,,,,24846,5.0,5,,,,,,,,
,,,,,24851,5.0,5,,,,,,,,
,,,,,24857,6.0,6,,,,,,,,
,,,,,24860,3.0,3,,,,,,,,
,,,,,24868,8.0,8,,,,,,,,
,,,,,24885,17.0,17,,,,,,,,
,,,,,24889,4.0,4,,,,,,,,
,,,,,24896,7.0,7,,,,,,,,
,,,,,24902,6.0,6,,,,,,,,
,,,,,24906,4.0,4,,,,,,,,
,,,,,24910,4.0,4,,,,,,,,
,,,,,24917,7.0,7,,,,,,,,
,,,,,24920,3.0,3,,,,,,,,
,,,,,24925,5.0,5,,,,,,,,
,,,,,24930,5.0,5,,,,,,,,
,,,,,24941,11.0,11,,,,,,,,
,,,,,24944,3.0,3,,,,,,,,
,,,,,24947,3.0,3,,,,,,,,
,,,,,24964,17.0,17,,,,,,,,
,,,,,24969,5.0,5,,,,,,,,
,,,,,24973,4.0,4,,,,,,,,
,,,,,24976,3.0,3,,,,,,,,
,,,,,24979,3.0,3,,,,,,,,
,,,,,24985,6.0,6,,,,,,,,
,,,,,24988,3.0,3,,,,,,,,
,,,,,24999,11.0,11,,,,,,,,
5.1,2.0223746,8.0,3.0,5.1,25000,,,-0.06941011548042297,0.6941011548042297,1.896554708480835,4.462221145629883,4.350149631500244,0.0003,0.0003,0.1
,,,,,25003,4.0,4,,,,,,,,
,,,,,25006,3.0,3,,,,,,,,
,,,,,25011,5.0,5,,,,,,,,
,,,,,25015,4.0,4,,,,,,,,
,,,,,25021,6.0,6,,,,,,,,
,,,,,25025,4.0,4,,,,,,,,
,,,,,25034,9.0,9,,,,,,,,
,,,,,25037,3.0,3,,,,,,,,
,,,,,25041,4.0,4,,,,,,,,
,,,,,25047,6.0,6,,,,,,,,
,,,,,25054,7.0,7,,,,,,,,
,,,,,25057,3.0,3,,,,,,,,
,,,,,25066,9.0,9,,,,,,,,
,,,,,25071,5.0,5,,,,,,,,
,,,,,25074,3.0,3,,,,,,,,
,,,,,25079,5.0,5,,,,,,,,
,,,,,25088,9.0,9,,,,,,,,
,,,,,25093,5.0,5,,,,,,,,
,,,,,25096,3.0,3,,,,,,,,
,,,,,25099,3.0,3,,,,,,,,
,,,,,25102,3.0,3,,,,,,,,
,,,,,25105,3.0,3,,,,,,,,
,,,,,25109,4.0,4,,,,,,,,
,,,,,25112,3.0,3,,,,,,,,
,,,,,25121,9.0,9,,,,,,,,
,,,,,25127,6.0,6,,,,,,,,
,,,,,25130,3.0,3,,,,,,,,
,,,,,25133,3.0,3,,,,,,,,
,,,,,25141,8.0,8,,,,,,,,
,,,,,25145,4.0,4,,,,,,,,
,,,,,25148,3.0,3,,,,,,,,
,,,,,25154,6.0,6,,,,,,,,
,,,,,25160,6.0,6,,,,,,,,
,,,,,25165,5.0,5,,,,,,,,
,,,,,25169,4.0,4,,,,,,,,
,,,,,25175,6.0,6,,,,,,,,
,,,,,25179,4.0,4,,,,,,,,
,,,,,25182,3.0,3,,,,,,,,
,,,,,25192,10.0,10,,,,,,,,
,,,,,25198,6.0,6,,,,,,,,
,,,,,25205,7.0,7,,,,,,,,
,,,,,25214,9.0,9,,,,,,,,
,,,,,25221,7.0,7,,,,,,,,
,,,,,25228,7.0,7,,,,,,,,
,,,,,25236,8.0,8,,,,,,,,
,,,,,25243,7.0,7,,,,,,,,
,,,,,25247,4.0,4,,,,,,,,
,,,,,25254,7.0,7,,,,,,,,
,,,,,25278,24.0,24,,,,,,,,
,,,,,25283,5.0,5,,,,,,,,
,,,,,25292,9.0,9,,,,,,,,
,,,,,25297,5.0,5,,,,,,,,
,,,,,25302,5.0,5,,,,,,,,
,,,,,25309,7.0,7,,,,,,,,
,,,,,25315,6.0,6,,,,,,,,
,,,,,25322,7.0,7,,,,,,,,
,,,,,25326,4.0,4,,,,,,,,
,,,,,25334,8.0,8,,,,,,,,
,,,,,25337,3.0,3,,,,,,,,
,,,,,25354,17.0,17,,,,,,,,
,,,,,25357,3.0,3,,,,,,,,
,,,,,25360,3.0,3,,,,,,,,
,,,,,25367,7.0,7,,,,,,,,
,,,,,25372,5.0,5,,,,,,,,
,,,,,25375,3.0,3,,,,,,,,
,,,,,25381,6.0,6,,,,,,,,
,,,,,25394,13.0,13,,,,,,,,
,,,,,25402,8.0,8,,,,,,,,
,,,,,25407,5.0,5,,,,,,,,
,,,,,25417,10.0,10,,,,,,,,
,,,,,25421,4.0,4,,,,,,,,
,,,,,25428,7.0,7,,,,,,,,
,,,,,25434,6.0,6,,,,,,,,
,,,,,25437,3.0,3,,,,,,,,
,,,,,25445,8.0,8,,,,,,,,
,,,,,25454,9.0,9,,,,,,,,
,,,,,25458,4.0,4,,,,,,,,
,,,,,25471,13.0,13,,,,,,,,
,,,,,25474,3.0,3,,,,,,,,
,,,,,25478,4.0,4,,,,,,,,
,,,,,25483,5.0,5,,,,,,,,
,,,,,25488,5.0,5,,,,,,,,
,,,,,25492,4.0,4,,,,,,,,
,,,,,25496,4.0,4,,,,,,,,
,,,,,25501,5.0,5,,,,,,,,
,,,,,25504,3.0,3,,,,,,,,
,,,,,25507,3.0,3,,,,,,,,
,,,,,25511,4.0,4,,,,,,,,
,,,,,25525,14.0,14,,,,,,,,
,,,,,25529,4.0,4,,,,,,,,
,,,,,25534,5.0,5,,,,,,,,
,,,,,25540,6.0,6,,,,,,,,
,,,,,25544,4.0,4,,,,,,,,
,,,,,25548,4.0,4,,,,,,,,
,,,,,25552,4.0,4,,,,,,,,
,,,,,25559,7.0,7,,,,,,,,
,,,,,25562,3.0,3,,,,,,,,
,,,,,25566,4.0,4,,,,,,,,
,,,,,25575,9.0,9,,,,,,,,
,,,,,25578,3.0,3,,,,,,,,
,,,,,25582,4.0,4,,,,,,,,
,,,,,25585,3.0,3,,,,,,,,
,,,,,25589,4.0,4,,,,,,,,
,,,,,25592,3.0,3,,,,,,,,
,,,,,25606,14.0,14,,,,,,,,
,,,,,25609,3.0,3,,,,,,,,
,,,,,25614,5.0,5,,,,,,,,
,,,,,25617,3.0,3,,,,,,,,
,,,,,25628,11.0,11,,,,,,,,
,,,,,25634,6.0,6,,,,,,,,
,,,,,25639,5.0,5,,,,,,,,
,,,,,25642,3.0,3,,,,,,,,
,,,,,25650,8.0,8,,,,,,,,
,,,,,25654,4.0,4,,,,,,,,
,,,,,25657,3.0,3,,,,,,,,
,,,,,25663,6.0,6,,,,,,,,
,,,,,25666,3.0,3,,,,,,,,
,,,,,25669,3.0,3,,,,,,,,
,,,,,25676,7.0,7,,,,,,,,
,,,,,25681,5.0,5,,,,,,,,
,,,,,25689,8.0,8,,,,,,,,
,,,,,25696,7.0,7,,,,,,,,
,,,,,25702,6.0,6,,,,,,,,
,,,,,25705,3.0,3,,,,,,,,
,,,,,25708,3.0,3,,,,,,,,
,,,,,25711,3.0,3,,,,,,,,
,,,,,25718,7.0,7,,,,,,,,
,,,,,25721,3.0,3,,,,,,,,
,,,,,25732,11.0,11,,,,,,,,
,,,,,25736,4.0,4,,,,,,,,
,,,,,25740,4.0,4,,,,,,,,
,,,,,25746,6.0,6,,,,,,,,
,,,,,25751,5.0,5,,,,,,,,
,,,,,25759,8.0,8,,,,,,,,
,,,,,25763,4.0,4,,,,,,,,
,,,,,25768,5.0,5,,,,,,,,
,,,,,25776,8.0,8,,,,,,,,
,,,,,25783,7.0,7,,,,,,,,
,,,,,25798,15.0,15,,,,,,,,
,,,,,25801,3.0,3,,,,,,,,
,,,,,25808,7.0,7,,,,,,,,
,,,,,25812,4.0,4,,,,,,,,
,,,,,25816,4.0,4,,,,,,,,
,,,,,25821,5.0,5,,,,,,,,
,,,,,25824,3.0,3,,,,,,,,
,,,,,25829,5.0,5,,,,,,,,
,,,,,25833,4.0,4,,,,,,,,
,,,,,25846,13.0,13,,,,,,,,
,,,,,25850,4.0,4,,,,,,,,
,,,,,25857,7.0,7,,,,,,,,
,,,,,25867,10.0,10,,,,,,,,
,,,,,25874,7.0,7,,,,,,,,
,,,,,25887,13.0,13,,,,,,,,
,,,,,25890,3.0,3,,,,,,,,
,,,,,25893,3.0,3,,,,,,,,
,,,,,25896,3.0,3,,,,,,,,
,,,,,25899,3.0,3,,,,,,,,
,,,,,25911,12.0,12,,,,,,,,
,,,,,25916,5.0,5,,,,,,,,
,,,,,25919,3.0,3,,,,,,,,
,,,,,25923,4.0,4,,,,,,,,
,,,,,25928,5.0,5,,,,,,,,
,,,,,25934,6.0,6,,,,,,,,
,,,,,25937,3.0,3,,,,,,,,
,,,,,25946,9.0,9,,,,,,,,
,,,,,25956,10.0,10,,,,,,,,
,,,,,25963,7.0,7,,,,,,,,
,,,,,25988,25.0,25,,,,,,,,
,,,,,25992,4.0,4,,,,,,,,
,,,,,25996,4.0,4,,,,,,,,
,,,,,26000,,,-0.07121144235134125,0.7121143937110901,1.6619601249694824,4.175359725952148,4.059233665466309,0.0003,0.0003,0.1
,,,,,26006,10.0,10,,,,,,,,
,,,,,26010,4.0,4,,,,,,,,
,,,,,26015,5.0,5,,,,,,,,
,,,,,26020,5.0,5,,,,,,,,
,,,,,26024,4.0,4,,,,,,,,
,,,,,26030,6.0,6,,,,,,,,
,,,,,26035,5.0,5,,,,,,,,
,,,,,26039,4.0,4,,,,,,,,
,,,,,26043,4.0,4,,,,,,,,
,,,,,26054,11.0,11,,,,,,,,
,,,,,26063,9.0,9,,,,,,,,
,,,,,26066,3.0,3,,,,,,,,
,,,,,26082,16.0,16,,,,,,,,
,,,,,26088,6.0,6,,,,,,,,
,,,,,26102,14.0,14,,,,,,,,
,,,,,26106,4.0,4,,,,,,,,
,,,,,26115,9.0,9,,,,,,,,
,,,,,26118,3.0,3,,,,,,,,
,,,,,26124,6.0,6,,,,,,,,
,,,,,26128,4.0,4,,,,,,,,
,,,,,26131,3.0,3,,,,,,,,
,,,,,26134,3.0,3,,,,,,,,
,,,,,26137,3.0,3,,,,,,,,
,,,,,26145,8.0,8,,,,,,,,
,,,,,26150,5.0,5,,,,,,,,
,,,,,26154,4.0,4,,,,,,,,
,,,,,26160,6.0,6,,,,,,,,
,,,,,26171,11.0,11,,,,,,,,
,,,,,26181,10.0,10,,,,,,,,
,,,,,26188,7.0,7,,,,,,,,
,,,,,26194,6.0,6,,,,,,,,
,,,,,26198,4.0,4,,,,,,,,
,,,,,26202,4.0,4,,,,,,,,
,,,,,26206,4.0,4,,,,,,,,
,,,,,26209,3.0,3,,,,,,,,
,,,,,26219,10.0,10,,,,,,,,
,,,,,26223,4.0,4,,,,,,,,
,,,,,26226,3.0,3,,,,,,,,
,,,,,26230,4.0,4,,,,,,,,
,,,,,26233,3.0,3,,,,,,,,
,,,,,26241,8.0,8,,,,,,,,
,,,,,26246,5.0,5,,,,,,,,
,,,,,26254,8.0,8,,,,,,,,
,,,,,26265,11.0,11,,,,,,,,
,,,,,26281,16.0,16,,,,,,,,
,,,,,26288,7.0,7,,,,,,,,
,,,,,26292,4.0,4,,,,,,,,
,,,,,26297,5.0,5,,,,,,,,
,,,,,26302,5.0,5,,,,,,,,
,,,,,26306,4.0,4,,,,,,,,
,,,,,26315,9.0,9,,,,,,,,
,,,,,26319,4.0,4,,,,,,,,
,,,,,26322,3.0,3,,,,,,,,
,,,,,26336,14.0,14,,,,,,,,
,,,,,26340,4.0,4,,,,,,,,
,,,,,26345,5.0,5,,,,,,,,
,,,,,26348,3.0,3,,,,,,,,
,,,,,26352,4.0,4,,,,,,,,
,,,,,26355,3.0,3,,,,,,,,
,,,,,26372,17.0,17,,,,,,,,
,,,,,26375,3.0,3,,,,,,,,
,,,,,26378,3.0,3,,,,,,,,
,,,,,26381,3.0,3,,,,,,,,
,,,,,26385,4.0,4,,,,,,,,
,,,,,26397,12.0,12,,,,,,,,
,,,,,26400,3.0,3,,,,,,,,
,,,,,26405,5.0,5,,,,,,,,
,,,,,26409,4.0,4,,,,,,,,
,,,,,26415,6.0,6,,,,,,,,
,,,,,26419,4.0,4,,,,,,,,
,,,,,26426,7.0,7,,,,,,,,
,,,,,26430,4.0,4,,,,,,,,
,,,,,26435,5.0,5,,,,,,,,
,,,,,26442,7.0,7,,,,,,,,
,,,,,26453,11.0,11,,,,,,,,
,,,,,26460,7.0,7,,,,,,,,
,,,,,26465,5.0,5,,,,,,,,
,,,,,26470,5.0,5,,,,,,,,
,,,,,26476,6.0,6,,,,,,,,
,,,,,26483,7.0,7,,,,,,,,
,,,,,26486,3.0,3,,,,,,,,
,,,,,26498,12.0,12,,,,,,,,
,,,,,26503,5.0,5,,,,,,,,
,,,,,26513,10.0,10,,,,,,,,
,,,,,26516,3.0,3,,,,,,,,
,,,,,26521,5.0,5,,,,,,,,
,,,,,26525,4.0,4,,,,,,,,
,,,,,26533,8.0,8,,,,,,,,
,,,,,26536,3.0,3,,,,,,,,
,,,,,26542,6.0,6,,,,,,,,
,,,,,26547,5.0,5,,,,,,,,
,,,,,26550,3.0,3,,,,,,,,
,,,,,26553,3.0,3,,,,,,,,
,,,,,26562,9.0,9,,,,,,,,
,,,,,26567,5.0,5,,,,,,,,
,,,,,26573,6.0,6,,,,,,,,
,,,,,26577,4.0,4,,,,,,,,
,,,,,26583,6.0,6,,,,,,,,
,,,,,26588,5.0,5,,,,,,,,
,,,,,26591,3.0,3,,,,,,,,
,,,,,26598,7.0,7,,,,,,,,
,,,,,26610,12.0,12,,,,,,,,
,,,,,26616,6.0,6,,,,,,,,
,,,,,26620,4.0,4,,,,,,,,
,,,,,26624,4.0,4,,,,,,,,
,,,,,26627,3.0,3,,,,,,,,
,,,,,26632,5.0,5,,,,,,,,
,,,,,26638,6.0,6,,,,,,,,
,,,,,26641,3.0,3,,,,,,,,
,,,,,26649,8.0,8,,,,,,,,
,,,,,26652,3.0,3,,,,,,,,
,,,,,26659,7.0,7,,,,,,,,
,,,,,26662,3.0,3,,,,,,,,
,,,,,26671,9.0,9,,,,,,,,
,,,,,26676,5.0,5,,,,,,,,
,,,,,26680,4.0,4,,,,,,,,
,,,,,26685,5.0,5,,,,,,,,
,,,,,26692,7.0,7,,,,,,,,
,,,,,26695,3.0,3,,,,,,,,
,,,,,26713,18.0,18,,,,,,,,
,,,,,26716,3.0,3,,,,,,,,
,,,,,26720,4.0,4,,,,,,,,
,,,,,26723,3.0,3,,,,,,,,
,,,,,26727,4.0,4,,,,,,,,
,,,,,26734,7.0,7,,,,,,,,
,,,,,26738,4.0,4,,,,,,,,
,,,,,26741,3.0,3,,,,,,,,
,,,,,26744,3.0,3,,,,,,,,
,,,,,26750,6.0,6,,,,,,,,
,,,,,26756,6.0,6,,,,,,,,
,,,,,26760,4.0,4,,,,,,,,
,,,,,26763,3.0,3,,,,,,,,
,,,,,26769,6.0,6,,,,,,,,
,,,,,26772,3.0,3,,,,,,,,
,,,,,26776,4.0,4,,,,,,,,
,,,,,26782,6.0,6,,,,,,,,
,,,,,26789,7.0,7,,,,,,,,
,,,,,26798,9.0,9,,,,,,,,
,,,,,26801,3.0,3,,,,,,,,
,,,,,26807,6.0,6,,,,,,,,
,,,,,26814,7.0,7,,,,,,,,
,,,,,26819,5.0,5,,,,,,,,
,,,,,26825,6.0,6,,,,,,,,
,,,,,26833,8.0,8,,,,,,,,
,,,,,26841,8.0,8,,,,,,,,
,,,,,26853,12.0,12,,,,,,,,
,,,,,26860,7.0,7,,,,,,,,
,,,,,26865,5.0,5,,,,,,,,
,,,,,26871,6.0,6,,,,,,,,
,,,,,26875,4.0,4,,,,,,,,
,,,,,26880,5.0,5,,,,,,,,
,,,,,26888,8.0,8,,,,,,,,
,,,,,26893,5.0,5,,,,,,,,
,,,,,26898,5.0,5,,,,,,,,
,,,,,26903,5.0,5,,,,,,,,
,,,,,26913,10.0,10,,,,,,,,
,,,,,26916,3.0,3,,,,,,,,
,,,,,26920,4.0,4,,,,,,,,
,,,,,26932,12.0,12,,,,,,,,
,,,,,26937,5.0,5,,,,,,,,
,,,,,26942,5.0,5,,,,,,,,
,,,,,26959,17.0,17,,,,,,,,
,,,,,26973,14.0,14,,,,,,,,
,,,,,26977,4.0,4,,,,,,,,
,,,,,26984,7.0,7,,,,,,,,
,,,,,26987,3.0,3,,,,,,,,
,,,,,26990,3.0,3,,,,,,,,
,,,,,26993,3.0,3,,,,,,,,
,,,,,27000,,,-0.0688987523317337,0.6889874935150146,1.9762144088745117,4.560940742492676,4.629112243652344,0.0003,0.0003,0.1
,,,,,27001,8.0,8,,,,,,,,
,,,,,27004,3.0,3,,,,,,,,
,,,,,27007,3.0,3,,,,,,,,
,,,,,27022,15.0,15,,,,,,,,
,,,,,27025,3.0,3,,,,,,,,
,,,,,27029,4.0,4,,,,,,,,
,,,,,27035,6.0,6,,,,,,,,
,,,,,27040,5.0,5,,,,,,,,
,,,,,27050,10.0,10,,,,,,,,
,,,,,27054,4.0,4,,,,,,,,
,,,,,27069,15.0,15,,,,,,,,
,,,,,27074,5.0,5,,,,,,,,
,,,,,27083,9.0,9,,,,,,,,
,,,,,27087,4.0,4,,,,,,,,
,,,,,27092,5.0,5,,,,,,,,
,,,,,27104,12.0,12,,,,,,,,
,,,,,27114,10.0,10,,,,,,,,
,,,,,27124,10.0,10,,,,,,,,
,,,,,27127,3.0,3,,,,,,,,
,,,,,27137,10.0,10,,,,,,,,
,,,,,27143,6.0,6,,,,,,,,
,,,,,27148,5.0,5,,,,,,,,
,,,,,27159,11.0,11,,,,,,,,
,,,,,27166,7.0,7,,,,,,,,
,,,,,27171,5.0,5,,,,,,,,
,,,,,27177,6.0,6,,,,,,,,
,,,,,27183,6.0,6,,,,,,,,
,,,,,27188,5.0,5,,,,,,,,
,,,,,27198,10.0,10,,,,,,,,
,,,,,27202,4.0,4,,,,,,,,
,,,,,27208,6.0,6,,,,,,,,
,,,,,27212,4.0,4,,,,,,,,
,,,,,27217,5.0,5,,,,,,,,
,,,,,27224,7.0,7,,,,,,,,
,,,,,27228,4.0,4,,,,,,,,
,,,,,27234,6.0,6,,,,,,,,
,,,,,27238,4.0,4,,,,,,,,
,,,,,27243,5.0,5,,,,,,,,
,,,,,27247,4.0,4,,,,,,,,
,,,,,27253,6.0,6,,,,,,,,
,,,,,27262,9.0,9,,,,,,,,
,,,,,27266,4.0,4,,,,,,,,
,,,,,27271,5.0,5,,,,,,,,
,,,,,27280,9.0,9,,,,,,,,
,,,,,27283,3.0,3,,,,,,,,
,,,,,27288,5.0,5,,,,,,,,
,,,,,27293,5.0,5,,,,,,,,
,,,,,27302,9.0,9,,,,,,,,
,,,,,27307,5.0,5,,,,,,,,
,,,,,27310,3.0,3,,,,,,,,
,,,,,27325,15.0,15,,,,,,,,
,,,,,27332,7.0,7,,,,,,,,
,,,,,27337,5.0,5,,,,,,,,
,,,,,27342,5.0,5,,,,,,,,
,,,,,27346,4.0,4,,,,,,,,
,,,,,27354,8.0,8,,,,,,,,
,,,,,27371,17.0,17,,,,,,,,
,,,,,27375,4.0,4,,,,,,,,
,,,,,27380,5.0,5,,,,,,,,
,,,,,27384,4.0,4,,,,,,,,
,,,,,27388,4.0,4,,,,,,,,
,,,,,27397,9.0,9,,,,,,,,
,,,,,27400,3.0,3,,,,,,,,
,,,,,27403,3.0,3,,,,,,,,
,,,,,27406,3.0,3,,,,,,,,
,,,,,27410,4.0,4,,,,,,,,
,,,,,27416,6.0,6,,,,,,,,
,,,,,27420,4.0,4,,,,,,,,
,,,,,27423,3.0,3,,,,,,,,
,,,,,27426,3.0,3,,,,,,,,
,,,,,27429,3.0,3,,,,,,,,
,,,,,27437,8.0,8,,,,,,,,
,,,,,27443,6.0,6,,,,,,,,
,,,,,27447,4.0,4,,,,,,,,
,,,,,27452,5.0,5,,,,,,,,
,,,,,27458,6.0,6,,,,,,,,
,,,,,27465,7.0,7,,,,,,,,
,,,,,27471,6.0,6,,,,,,,,
,,,,,27474,3.0,3,,,,,,,,
,,,,,27477,3.0,3,,,,,,,,
,,,,,27486,9.0,9,,,,,,,,
,,,,,27491,5.0,5,,,,,,,,
,,,,,27502,11.0,11,,,,,,,,
,,,,,27512,10.0,10,,,,,,,,
,,,,,27516,4.0,4,,,,,,,,
,,,,,27519,3.0,3,,,,,,,,
,,,,,27526,7.0,7,,,,,,,,
,,,,,27530,4.0,4,,,,,,,,
,,,,,27537,7.0,7,,,,,,,,
,,,,,27542,5.0,5,,,,,,,,
,,,,,27553,11.0,11,,,,,,,,
,,,,,27560,7.0,7,,,,,,,,
,,,,,27563,3.0,3,,,,,,,,
,,,,,27567,4.0,4,,,,,,,,
,,,,,27575,8.0,8,,,,,,,,
,,,,,27584,9.0,9,,,,,,,,
,,,,,27588,4.0,4,,,,,,,,
,,,,,27595,7.0,7,,,,,,,,
,,,,,27610,15.0,15,,,,,,,,
,,,,,27616,6.0,6,,,,,,,,
,,,,,27623,7.0,7,,,,,,,,
,,,,,27626,3.0,3,,,,,,,,
,,,,,27630,4.0,4,,,,,,,,
,,,,,27635,5.0,5,,,,,,,,
,,,,,27640,5.0,5,,,,,,,,
,,,,,27646,6.0,6,,,,,,,,
,,,,,27651,5.0,5,,,,,,,,
,,,,,27656,5.0,5,,,,,,,,
,,,,,27659,3.0,3,,,,,,,,
,,,,,27663,4.0,4,,,,,,,,
,,,,,27673,10.0,10,,,,,,,,
,,,,,27677,4.0,4,,,,,,,,
,,,,,27680,3.0,3,,,,,,,,
,,,,,27694,14.0,14,,,,,,,,
,,,,,27698,4.0,4,,,,,,,,
,,,,,27704,6.0,6,,,,,,,,
,,,,,27710,6.0,6,,,,,,,,
,,,,,27717,7.0,7,,,,,,,,
,,,,,27724,7.0,7,,,,,,,,
,,,,,27728,4.0,4,,,,,,,,
,,,,,27742,14.0,14,,,,,,,,
,,,,,27747,5.0,5,,,,,,,,
,,,,,27750,3.0,3,,,,,,,,
,,,,,27756,6.0,6,,,,,,,,
,,,,,27760,4.0,4,,,,,,,,
,,,,,27767,7.0,7,,,,,,,,
,,,,,27771,4.0,4,,,,,,,,
,,,,,27785,14.0,14,,,,,,,,
,,,,,27788,3.0,3,,,,,,,,
,,,,,27797,9.0,9,,,,,,,,
,,,,,27807,10.0,10,,,,,,,,
,,,,,27812,5.0,5,,,,,,,,
,,,,,27817,5.0,5,,,,,,,,
,,,,,27820,3.0,3,,,,,,,,
,,,,,27825,5.0,5,,,,,,,,
,,,,,27829,4.0,4,,,,,,,,
,,,,,27832,3.0,3,,,,,,,,
,,,,,27839,7.0,7,,,,,,,,
,,,,,27845,6.0,6,,,,,,,,
,,,,,27855,10.0,10,,,,,,,,
,,,,,27859,4.0,4,,,,,,,,
,,,,,27862,3.0,3,,,,,,,,
,,,,,27866,4.0,4,,,,,,,,
,,,,,27872,6.0,6,,,,,,,,
,,,,,27882,10.0,10,,,,,,,,
,,,,,27885,3.0,3,,,,,,,,
,,,,,27888,3.0,3,,,,,,,,
,,,,,27904,16.0,16,,,,,,,,
,,,,,27912,8.0,8,,,,,,,,
,,,,,27927,15.0,15,,,,,,,,
,,,,,27938,11.0,11,,,,,,,,
,,,,,27941,3.0,3,,,,,,,,
,,,,,27944,3.0,3,,,,,,,,
,,,,,27951,7.0,7,,,,,,,,
,,,,,27967,16.0,16,,,,,,,,
,,,,,27974,7.0,7,,,,,,,,
,,,,,27978,4.0,4,,,,,,,,
,,,,,27983,5.0,5,,,,,,,,
,,,,,27996,13.0,13,,,,,,,,
,,,,,27999,3.0,3,,,,,,,,
,,,,,28000,,,-0.0691545382142067,0.6915453672409058,1.8161413669586182,4.180760383605957,4.303299903869629,0.0003,0.0003,0.1
,,,,,28010,11.0,11,,,,,,,,
,,,,,28014,4.0,4,,,,,,,,
,,,,,28021,7.0,7,,,,,,,,
,,,,,28024,3.0,3,,,,,,,,
,,,,,28030,6.0,6,,,,,,,,
,,,,,28043,13.0,13,,,,,,,,
,,,,,28051,8.0,8,,,,,,,,
,,,,,28054,3.0,3,,,,,,,,
,,,,,28058,4.0,4,,,,,,,,
,,,,,28061,3.0,3,,,,,,,,
,,,,,28064,3.0,3,,,,,,,,
,,,,,28068,4.0,4,,,,,,,,
,,,,,28074,6.0,6,,,,,,,,
,,,,,28080,6.0,6,,,,,,,,
,,,,,28085,5.0,5,,,,,,,,
,,,,,28088,3.0,3,,,,,,,,
,,,,,28092,4.0,4,,,,,,,,
,,,,,28096,4.0,4,,,,,,,,
,,,,,28100,4.0,4,,,,,,,,
,,,,,28110,10.0,10,,,,,,,,
,,,,,28126,16.0,16,,,,,,,,
,,,,,28137,11.0,11,,,,,,,,
,,,,,28140,3.0,3,,,,,,,,
,,,,,28143,3.0,3,,,,,,,,
,,,,,28147,4.0,4,,,,,,,,
,,,,,28153,6.0,6,,,,,,,,
,,,,,28161,8.0,8,,,,,,,,
,,,,,28167,6.0,6,,,,,,,,
,,,,,28173,6.0,6,,,,,,,,
,,,,,28185,12.0,12,,,,,,,,
,,,,,28208,23.0,23,,,,,,,,
,,,,,28214,6.0,6,,,,,,,,
,,,,,28224,10.0,10,,,,,,,,
,,,,,28227,3.0,3,,,,,,,,
,,,,,28235,8.0,8,,,,,,,,
,,,,,28238,3.0,3,,,,,,,,
,,,,,28244,6.0,6,,,,,,,,
,,,,,28248,4.0,4,,,,,,,,
,,,,,28255,7.0,7,,,,,,,,
,,,,,28264,9.0,9,,,,,,,,
,,,,,28276,12.0,12,,,,,,,,
,,,,,28286,10.0,10,,,,,,,,
,,,,,28289,3.0,3,,,,,,,,
,,,,,28295,6.0,6,,,,,,,,
,,,,,28298,3.0,3,,,,,,,,
,,,,,28303,5.0,5,,,,,,,,
,,,,,28307,4.0,4,,,,,,,,
,,,,,28310,3.0,3,,,,,,,,
,,,,,28313,3.0,3,,,,,,,,
,,,,,28317,4.0,4,,,,,,,,
,,,,,28322,5.0,5,,,,,,,,
,,,,,28326,4.0,4,,,,,,,,
,,,,,28333,7.0,7,,,,,,,,
,,,,,28343,10.0,10,,,,,,,,
,,,,,28347,4.0,4,,,,,,,,
,,,,,28357,10.0,10,,,,,,,,
,,,,,28363,6.0,6,,,,,,,,
,,,,,28370,7.0,7,,,,,,,,
,,,,,28373,3.0,3,,,,,,,,
,,,,,28377,4.0,4,,,,,,,,
,,,,,28381,4.0,4,,,,,,,,
,,,,,28390,9.0,9,,,,,,,,
,,,,,28393,3.0,3,,,,,,,,
,,,,,28397,4.0,4,,,,,,,,
,,,,,28402,5.0,5,,,,,,,,
,,,,,28407,5.0,5,,,,,,,,
,,,,,28412,5.0,5,,,,,,,,
,,,,,28415,3.0,3,,,,,,,,
,,,,,28421,6.0,6,,,,,,,,
,,,,,28431,10.0,10,,,,,,,,
,,,,,28438,7.0,7,,,,,,,,
,,,,,28458,20.0,20,,,,,,,,
,,,,,28462,4.0,4,,,,,,,,
,,,,,28467,5.0,5,,,,,,,,
,,,,,28470,3.0,3,,,,,,,,
,,,,,28473,3.0,3,,,,,,,,
,,,,,28477,4.0,4,,,,,,,,
,,,,,28482,5.0,5,,,,,,,,
,,,,,28488,6.0,6,,,,,,,,
,,,,,28496,8.0,8,,,,,,,,
,,,,,28502,6.0,6,,,,,,,,
,,,,,28506,4.0,4,,,,,,,,
,,,,,28512,6.0,6,,,,,,,,
,,,,,28515,3.0,3,,,,,,,,
,,,,,28521,6.0,6,,,,,,,,
,,,,,28526,5.0,5,,,,,,,,
,,,,,28534,8.0,8,,,,,,,,
,,,,,28545,11.0,11,,,,,,,,
,,,,,28551,6.0,6,,,,,,,,
,,,,,28556,5.0,5,,,,,,,,
,,,,,28559,3.0,3,,,,,,,,
,,,,,28565,6.0,6,,,,,,,,
,,,,,28570,5.0,5,,,,,,,,
,,,,,28576,6.0,6,,,,,,,,
,,,,,28580,4.0,4,,,,,,,,
,,,,,28583,3.0,3,,,,,,,,
,,,,,28588,5.0,5,,,,,,,,
,,,,,28591,3.0,3,,,,,,,,
,,,,,28597,6.0,6,,,,,,,,
,,,,,28600,3.0,3,,,,,,,,
,,,,,28605,5.0,5,,,,,,,,
,,,,,28609,4.0,4,,,,,,,,
,,,,,28616,7.0,7,,,,,,,,
,,,,,28624,8.0,8,,,,,,,,
,,,,,28627,3.0,3,,,,,,,,
,,,,,28631,4.0,4,,,,,,,,
,,,,,28643,12.0,12,,,,,,,,
,,,,,28646,3.0,3,,,,,,,,
,,,,,28650,4.0,4,,,,,,,,
,,,,,28653,3.0,3,,,,,,,,
,,,,,28657,4.0,4,,,,,,,,
,,,,,28661,4.0,4,,,,,,,,
,,,,,28665,4.0,4,,,,,,,,
,,,,,28669,4.0,4,,,,,,,,
,,,,,28674,5.0,5,,,,,,,,
,,,,,28682,8.0,8,,,,,,,,
,,,,,28692,10.0,10,,,,,,,,
,,,,,28697,5.0,5,,,,,,,,
,,,,,28701,4.0,4,,,,,,,,
,,,,,28709,8.0,8,,,,,,,,
,,,,,28713,4.0,4,,,,,,,,
,,,,,28718,5.0,5,,,,,,,,
,,,,,28723,5.0,5,,,,,,,,
,,,,,28731,8.0,8,,,,,,,,
,,,,,28735,4.0,4,,,,,,,,
,,,,,28738,3.0,3,,,,,,,,
,,,,,28743,5.0,5,,,,,,,,
,,,,,28753,10.0,10,,,,,,,,
,,,,,28760,7.0,7,,,,,,,,
,,,,,28764,4.0,4,,,,,,,,
,,,,,28772,8.0,8,,,,,,,,
,,,,,28776,4.0,4,,,,,,,,
,,,,,28786,10.0,10,,,,,,,,
,,,,,28792,6.0,6,,,,,,,,
,,,,,28796,4.0,4,,,,,,,,
,,,,,28801,5.0,5,,,,,,,,
,,,,,28804,3.0,3,,,,,,,,
,,,,,28811,7.0,7,,,,,,,,
,,,,,28816,5.0,5,,,,,,,,
,,,,,28819,3.0,3,,,,,,,,
,,,,,28822,3.0,3,,,,,,,,
,,,,,28831,9.0,9,,,,,,,,
,,,,,28834,3.0,3,,,,,,,,
,,,,,28838,4.0,4,,,,,,,,
,,,,,28841,3.0,3,,,,,,,,
,,,,,28848,7.0,7,,,,,,,,
,,,,,28855,7.0,7,,,,,,,,
,,,,,28865,10.0,10,,,,,,,,
,,,,,28869,4.0,4,,,,,,,,
,,,,,28874,5.0,5,,,,,,,,
,,,,,28879,5.0,5,,,,,,,,
,,,,,28885,6.0,6,,,,,,,,
,,,,,28896,11.0,11,,,,,,,,
,,,,,28899,3.0,3,,,,,,,,
,,,,,28903,4.0,4,,,,,,,,
,,,,,28908,5.0,5,,,,,,,,
,,,,,28913,5.0,5,,,,,,,,
,,,,,28917,4.0,4,,,,,,,,
,,,,,28920,3.0,3,,,,,,,,
,,,,,28923,3.0,3,,,,,,,,
,,,,,28936,13.0,13,,,,,,,,
,,,,,28944,8.0,8,,,,,,,,
,,,,,28953,9.0,9,,,,,,,,
,,,,,28957,4.0,4,,,,,,,,
,,,,,28960,3.0,3,,,,,,,,
,,,,,28971,11.0,11,,,,,,,,
,,,,,28976,5.0,5,,,,,,,,
,,,,,28979,3.0,3,,,,,,,,
,,,,,28990,11.0,11,,,,,,,,
,,,,,28994,4.0,4,,,,,,,,
,,,,,28997,3.0,3,,,,,,,,
,,,,,29000,,,-0.06885576993227005,0.6885576844215393,1.4459302425384521,4.376972675323486,4.331821441650391,0.0003,0.0003,0.1
,,,,,29001,4.0,4,,,,,,,,
,,,,,29005,4.0,4,,,,,,,,
,,,,,29015,10.0,10,,,,,,,,
,,,,,29018,3.0,3,,,,,,,,
,,,,,29023,5.0,5,,,,,,,,
,,,,,29028,5.0,5,,,,,,,,
,,,,,29033,5.0,5,,,,,,,,
,,,,,29039,6.0,6,,,,,,,,
,,,,,29042,3.0,3,,,,,,,,
,,,,,29049,7.0,7,,,,,,,,
,,,,,29057,8.0,8,,,,,,,,
,,,,,29060,3.0,3,,,,,,,,
,,,,,29067,7.0,7,,,,,,,,
,,,,,29070,3.0,3,,,,,,,,
,,,,,29074,4.0,4,,,,,,,,
,,,,,29078,4.0,4,,,,,,,,
,,,,,29081,3.0,3,,,,,,,,
,,,,,29098,17.0,17,,,,,,,,
,,,,,29105,7.0,7,,,,,,,,
,,,,,29111,6.0,6,,,,,,,,
,,,,,29116,5.0,5,,,,,,,,
,,,,,29119,3.0,3,,,,,,,,
,,,,,29123,4.0,4,,,,,,,,
,,,,,29129,6.0,6,,,,,,,,
,,,,,29134,5.0,5,,,,,,,,
,,,,,29137,3.0,3,,,,,,,,
,,,,,29140,3.0,3,,,,,,,,
,,,,,29143,3.0,3,,,,,,,,
,,,,,29150,7.0,7,,,,,,,,
,,,,,29154,4.0,4,,,,,,,,
,,,,,29161,7.0,7,,,,,,,,
,,,,,29165,4.0,4,,,,,,,,
,,,,,29169,4.0,4,,,,,,,,
,,,,,29178,9.0,9,,,,,,,,
,,,,,29184,6.0,6,,,,,,,,
,,,,,29192,8.0,8,,,,,,,,
,,,,,29196,4.0,4,,,,,,,,
,,,,,29200,4.0,4,,,,,,,,
,,,,,29205,5.0,5,,,,,,,,
,,,,,29210,5.0,5,,,,,,,,
,,,,,29214,4.0,4,,,,,,,,
,,,,,29218,4.0,4,,,,,,,,
,,,,,29224,6.0,6,,,,,,,,
,,,,,29228,4.0,4,,,,,,,,
,,,,,29239,11.0,11,,,,,,,,
,,,,,29243,4.0,4,,,,,,,,
,,,,,29251,8.0,8,,,,,,,,
,,,,,29255,4.0,4,,,,,,,,
,,,,,29262,7.0,7,,,,,,,,
,,,,,29280,18.0,18,,,,,,,,
,,,,,29284,4.0,4,,,,,,,,
,,,,,29291,7.0,7,,,,,,,,
,,,,,29298,7.0,7,,,,,,,,
,,,,,29303,5.0,5,,,,,,,,
,,,,,29307,4.0,4,,,,,,,,
,,,,,29313,6.0,6,,,,,,,,
,,,,,29323,10.0,10,,,,,,,,
,,,,,29327,4.0,4,,,,,,,,
,,,,,29331,4.0,4,,,,,,,,
,,,,,29337,6.0,6,,,,,,,,
,,,,,29341,4.0,4,,,,,,,,
,,,,,29345,4.0,4,,,,,,,,
,,,,,29348,3.0,3,,,,,,,,
,,,,,29351,3.0,3,,,,,,,,
,,,,,29358,7.0,7,,,,,,,,
,,,,,29366,8.0,8,,,,,,,,
,,,,,29371,5.0,5,,,,,,,,
,,,,,29378,7.0,7,,,,,,,,
,,,,,29385,7.0,7,,,,,,,,
,,,,,29392,7.0,7,,,,,,,,
,,,,,29396,4.0,4,,,,,,,,
,,,,,29400,4.0,4,,,,,,,,
,,,,,29409,9.0,9,,,,,,,,
,,,,,29415,6.0,6,,,,,,,,
,,,,,29421,6.0,6,,,,,,,,
,,,,,29431,10.0,10,,,,,,,,
,,,,,29437,6.0,6,,,,,,,,
,,,,,29445,8.0,8,,,,,,,,
,,,,,29469,24.0,24,,,,,,,,
,,,,,29476,7.0,7,,,,,,,,
,,,,,29483,7.0,7,,,,,,,,
,,,,,29487,4.0,4,,,,,,,,
,,,,,29490,3.0,3,,,,,,,,
,,,,,29497,7.0,7,,,,,,,,
,,,,,29500,3.0,3,,,,,,,,
,,,,,29505,5.0,5,,,,,,,,
,,,,,29508,3.0,3,,,,,,,,
,,,,,29511,3.0,3,,,,,,,,
,,,,,29517,6.0,6,,,,,,,,
,,,,,29520,3.0,3,,,,,,,,
,,,,,29527,7.0,7,,,,,,,,
,,,,,29532,5.0,5,,,,,,,,
,,,,,29546,14.0,14,,,,,,,,
,,,,,29551,5.0,5,,,,,,,,
,,,,,29556,5.0,5,,,,,,,,
,,,,,29559,3.0,3,,,,,,,,
,,,,,29562,3.0,3,,,,,,,,
,,,,,29571,9.0,9,,,,,,,,
,,,,,29574,3.0,3,,,,,,,,
,,,,,29579,5.0,5,,,,,,,,
,,,,,29585,6.0,6,,,,,,,,
,,,,,29589,4.0,4,,,,,,,,
,,,,,29601,12.0,12,,,,,,,,
,,,,,29607,6.0,6,,,,,,,,
,,,,,29613,6.0,6,,,,,,,,
,,,,,29617,4.0,4,,,,,,,,
,,,,,29622,5.0,5,,,,,,,,
,,,,,29644,22.0,22,,,,,,,,
,,,,,29648,4.0,4,,,,,,,,
,,,,,29651,3.0,3,,,,,,,,
,,,,,29655,4.0,4,,,,,,,,
,,,,,29661,6.0,6,,,,,,,,
,,,,,29664,3.0,3,,,,,,,,
,,,,,29669,5.0,5,,,,,,,,
,,,,,29672,3.0,3,,,,,,,,
,,,,,29678,6.0,6,,,,,,,,
,,,,,29682,4.0,4,,,,,,,,
,,,,,29686,4.0,4,,,,,,,,
,,,,,29692,6.0,6,,,,,,,,
,,,,,29699,7.0,7,,,,,,,,
,,,,,29703,4.0,4,,,,,,,,
,,,,,29706,3.0,3,,,,,,,,
,,,,,29716,10.0,10,,,,,,,,
,,,,,29720,4.0,4,,,,,,,,
,,,,,29724,4.0,4,,,,,,,,
,,,,,29738,14.0,14,,,,,,,,
,,,,,29752,14.0,14,,,,,,,,
,,,,,29760,8.0,8,,,,,,,,
,,,,,29768,8.0,8,,,,,,,,
,,,,,29771,3.0,3,,,,,,,,
,,,,,29778,7.0,7,,,,,,,,
,,,,,29782,4.0,4,,,,,,,,
,,,,,29788,6.0,6,,,,,,,,
,,,,,29791,3.0,3,,,,,,,,
,,,,,29796,5.0,5,,,,,,,,
,,,,,29801,5.0,5,,,,,,,,
,,,,,29805,4.0,4,,,,,,,,
,,,,,29808,3.0,3,,,,,,,,
,,,,,29811,3.0,3,,,,,,,,
,,,,,29816,5.0,5,,,,,,,,
,,,,,29819,3.0,3,,,,,,,,
,,,,,29822,3.0,3,,,,,,,,
,,,,,29828,6.0,6,,,,,,,,
,,,,,29836,8.0,8,,,,,,,,
,,,,,29839,3.0,3,,,,,,,,
,,,,,29846,7.0,7,,,,,,,,
,,,,,29855,9.0,9,,,,,,,,
,,,,,29860,5.0,5,,,,,,,,
,,,,,29873,13.0,13,,,,,,,,
,,,,,29883,10.0,10,,,,,,,,
,,,,,29886,3.0,3,,,,,,,,
,,,,,29889,3.0,3,,,,,,,,
,,,,,29893,4.0,4,,,,,,,,
,,,,,29905,12.0,12,,,,,,,,
,,,,,29927,22.0,22,,,,,,,,
,,,,,29935,8.0,8,,,,,,,,
,,,,,29940,5.0,5,,,,,,,,
,,,,,29943,3.0,3,,,,,,,,
,,,,,29948,5.0,5,,,,,,,,
,,,,,29954,6.0,6,,,,,,,,
,,,,,29958,4.0,4,,,,,,,,
,,,,,29968,10.0,10,,,,,,,,
,,,,,29974,6.0,6,,,,,,,,
,,,,,29980,6.0,6,,,,,,,,
,,,,,29985,5.0,5,,,,,,,,
,,,,,29989,4.0,4,,,,,,,,
,,,,,29992,3.0,3,,,,,,,,
,,,,,29998,6.0,6,,,,,,,,
4.8,2.3579652,11.0,3.0,4.8,30000,,,-0.06794218719005585,0.6794218420982361,1.654072880744934,4.738383769989014,4.559988021850586,0.0003,0.0003,0.1
,,,,,30004,6.0,6,,,,,,,,
,,,,,30007,3.0,3,,,,,,,,
,,,,,30011,4.0,4,,,,,,,,
,,,,,30025,14.0,14,,,,,,,,
,,,,,30030,5.0,5,,,,,,,,
,,,,,30034,4.0,4,,,,,,,,
,,,,,30037,3.0,3,,,,,,,,
,,,,,30041,4.0,4,,,,,,,,
,,,,,30051,10.0,10,,,,,,,,
,,,,,30061,10.0,10,,,,,,,,
,,,,,30068,7.0,7,,,,,,,,
,,,,,30074,6.0,6,,,,,,,,
,,,,,30077,3.0,3,,,,,,,,
,,,,,30080,3.0,3,,,,,,,,
,,,,,30087,7.0,7,,,,,,,,
,,,,,30094,7.0,7,,,,,,,,
,,,,,30097,3.0,3,,,,,,,,
,,,,,30108,11.0,11,,,,,,,,
,,,,,30111,3.0,3,,,,,,,,
,,,,,30114,3.0,3,,,,,,,,
,,,,,30120,6.0,6,,,,,,,,
,,,,,30123,3.0,3,,,,,,,,
,,,,,30126,3.0,3,,,,,,,,
,,,,,30129,3.0,3,,,,,,,,
,,,,,30135,6.0,6,,,,,,,,
,,,,,30140,5.0,5,,,,,,,,
,,,,,30144,4.0,4,,,,,,,,
,,,,,30147,3.0,3,,,,,,,,
,,,,,30150,3.0,3,,,,,,,,
,,,,,30155,5.0,5,,,,,,,,
,,,,,30161,6.0,6,,,,,,,,
,,,,,30166,5.0,5,,,,,,,,
,,,,,30169,3.0,3,,,,,,,,
,,,,,30176,7.0,7,,,,,,,,
,,,,,30184,8.0,8,,,,,,,,
,,,,,30187,3.0,3,,,,,,,,
,,,,,30195,8.0,8,,,,,,,,
,,,,,30199,4.0,4,,,,,,,,
,,,,,30210,11.0,11,,,,,,,,
,,,,,30213,3.0,3,,,,,,,,
,,,,,30217,4.0,4,,,,,,,,
,,,,,30221,4.0,4,,,,,,,,
,,,,,30226,5.0,5,,,,,,,,
,,,,,30230,4.0,4,,,,,,,,
,,,,,30237,7.0,7,,,,,,,,
,,,,,30240,3.0,3,,,,,,,,
,,,,,30247,7.0,7,,,,,,,,
,,,,,30259,12.0,12,,,,,,,,
,,,,,30262,3.0,3,,,,,,,,
,,,,,30269,7.0,7,,,,,,,,
,,,,,30273,4.0,4,,,,,,,,
,,,,,30276,3.0,3,,,,,,,,
,,,,,30280,4.0,4,,,,,,,,
,,,,,30284,4.0,4,,,,,,,,
,,,,,30292,8.0,8,,,,,,,,
,,,,,30297,5.0,5,,,,,,,,
,,,,,30302,5.0,5,,,,,,,,
,,,,,30313,11.0,11,,,,,,,,
,,,,,30316,3.0,3,,,,,,,,
,,,,,30320,4.0,4,,,,,,,,
,,,,,30347,27.0,27,,,,,,,,
,,,,,30350,3.0,3,,,,,,,,
,,,,,30359,9.0,9,,,,,,,,
,,,,,30362,3.0,3,,,,,,,,
,,,,,30365,3.0,3,,,,,,,,
,,,,,30369,4.0,4,,,,,,,,
,,,,,30372,3.0,3,,,,,,,,
,,,,,30381,9.0,9,,,,,,,,
,,,,,30384,3.0,3,,,,,,,,
,,,,,30391,7.0,7,,,,,,,,
,,,,,30398,7.0,7,,,,,,,,
,,,,,30404,6.0,6,,,,,,,,
,,,,,30409,5.0,5,,,,,,,,
,,,,,30412,3.0,3,,,,,,,,
,,,,,30418,6.0,6,,,,,,,,
,,,,,30428,10.0,10,,,,,,,,
,,,,,30432,4.0,4,,,,,,,,
,,,,,30436,4.0,4,,,,,,,,
,,,,,30441,5.0,5,,,,,,,,
,,,,,30445,4.0,4,,,,,,,,
,,,,,30448,3.0,3,,,,,,,,
,,,,,30453,5.0,5,,,,,,,,
,,,,,30460,7.0,7,,,,,,,,
,,,,,30465,5.0,5,,,,,,,,
,,,,,30472,7.0,7,,,,,,,,
,,,,,30475,3.0,3,,,,,,,,
,,,,,30480,5.0,5,,,,,,,,
,,,,,30485,5.0,5,,,,,,,,
,,,,,30491,6.0,6,,,,,,,,
,,,,,30498,7.0,7,,,,,,,,
,,,,,30502,4.0,4,,,,,,,,
,,,,,30505,3.0,3,,,,,,,,
,,,,,30514,9.0,9,,,,,,,,
,,,,,30517,3.0,3,,,,,,,,
,,,,,30520,3.0,3,,,,,,,,
,,,,,30526,6.0,6,,,,,,,,
,,,,,30530,4.0,4,,,,,,,,
,,,,,30535,5.0,5,,,,,,,,
,,,,,30540,5.0,5,,,,,,,,
,,,,,30544,4.0,4,,,,,,,,
,,,,,30547,3.0,3,,,,,,,,
,,,,,30554,7.0,7,,,,,,,,
,,,,,30557,3.0,3,,,,,,,,
,,,,,30561,4.0,4,,,,,,,,
,,,,,30564,3.0,3,,,,,,,,
,,,,,30582,18.0,18,,,,,,,,
,,,,,30589,7.0,7,,,,,,,,
,,,,,30595,6.0,6,,,,,,,,
,,,,,30599,4.0,4,,,,,,,,
,,,,,30602,3.0,3,,,,,,,,
,,,,,30611,9.0,9,,,,,,,,
,,,,,30615,4.0,4,,,,,,,,
,,,,,30620,5.0,5,,,,,,,,
,,,,,30630,10.0,10,,,,,,,,
,,,,,30637,7.0,7,,,,,,,,
,,,,,30642,5.0,5,,,,,,,,
,,,,,30649,7.0,7,,,,,,,,
,,,,,30659,10.0,10,,,,,,,,
,,,,,30665,6.0,6,,,,,,,,
,,,,,30675,10.0,10,,,,,,,,
,,,,,30681,6.0,6,,,,,,,,
,,,,,30695,14.0,14,,,,,,,,
,,,,,30699,4.0,4,,,,,,,,
,,,,,30702,3.0,3,,,,,,,,
,,,,,30705,3.0,3,,,,,,,,
,,,,,30715,10.0,10,,,,,,,,
,,,,,30719,4.0,4,,,,,,,,
,,,,,30728,9.0,9,,,,,,,,
,,,,,30740,12.0,12,,,,,,,,
,,,,,30753,13.0,13,,,,,,,,
,,,,,30765,12.0,12,,,,,,,,
,,,,,30768,3.0,3,,,,,,,,
,,,,,30773,5.0,5,,,,,,,,
,,,,,30777,4.0,4,,,,,,,,
,,,,,30781,4.0,4,,,,,,,,
,,,,,30784,3.0,3,,,,,,,,
,,,,,30789,5.0,5,,,,,,,,
,,,,,30796,7.0,7,,,,,,,,
,,,,,30804,8.0,8,,,,,,,,
,,,,,30817,13.0,13,,,,,,,,
,,,,,30820,3.0,3,,,,,,,,
,,,,,30824,4.0,4,,,,,,,,
,,,,,30827,3.0,3,,,,,,,,
,,,,,30837,10.0,10,,,,,,,,
,,,,,30841,4.0,4,,,,,,,,
,,,,,30846,5.0,5,,,,,,,,
,,,,,30857,11.0,11,,,,,,,,
,,,,,30866,9.0,9,,,,,,,,
,,,,,30870,4.0,4,,,,,,,,
,,,,,30874,4.0,4,,,,,,,,
,,,,,30879,5.0,5,,,,,,,,
,,,,,30883,4.0,4,,,,,,,,
,,,,,30886,3.0,3,,,,,,,,
,,,,,30890,4.0,4,,,,,,,,
,,,,,30893,3.0,3,,,,,,,,
,,,,,30897,4.0,4,,,,,,,,
,,,,,30908,11.0,11,,,,,,,,
,,,,,30912,4.0,4,,,,,,,,
,,,,,30916,4.0,4,,,,,,,,
,,,,,30924,8.0,8,,,,,,,,
,,,,,30932,8.0,8,,,,,,,,
,,,,,30935,3.0,3,,,,,,,,
,,,,,30969,34.0,34,,,,,,,,
,,,,,30986,17.0,17,,,,,,,,
,,,,,30989,3.0,3,,,,,,,,
,,,,,30995,6.0,6,,,,,,,,
,,,,,31000,5.0,5,,,,,,,,
,,,,,31000,,,-0.06834106892347336,0.68341064453125,1.6919535398483276,4.491551876068115,4.622457504272461,0.0003,0.0003,0.1
,,,,,31003,3.0,3,,,,,,,,
,,,,,31011,8.0,8,,,,,,,,
,,,,,31016,5.0,5,,,,,,,,
,,,,,31022,6.0,6,,,,,,,,
,,,,,31025,3.0,3,,,,,,,,
,,,,,31028,3.0,3,,,,,,,,
,,,,,31033,5.0,5,,,,,,,,
,,,,,31041,8.0,8,,,,,,,,
,,,,,31047,6.0,6,,,,,,,,
,,,,,31052,5.0,5,,,,,,,,
,,,,,31055,3.0,3,,,,,,,,
,,,,,31058,3.0,3,,,,,,,,
,,,,,31063,5.0,5,,,,,,,,
,,,,,31066,3.0,3,,,,,,,,
,,,,,31071,5.0,5,,,,,,,,
,,,,,31075,4.0,4,,,,,,,,
,,,,,31078,3.0,3,,,,,,,,
,,,,,31081,3.0,3,,,,,,,,
,,,,,31086,5.0,5,,,,,,,,
,,,,,31091,5.0,5,,,,,,,,
,,,,,31094,3.0,3,,,,,,,,
,,,,,31103,9.0,9,,,,,,,,
,,,,,31106,3.0,3,,,,,,,,
,,,,,31110,4.0,4,,,,,,,,
,,,,,31116,6.0,6,,,,,,,,
,,,,,31122,6.0,6,,,,,,,,
,,,,,31125,3.0,3,,,,,,,,
,,,,,31133,8.0,8,,,,,,,,
,,,,,31138,5.0,5,,,,,,,,
,,,,,31141,3.0,3,,,,,,,,
,,,,,31148,7.0,7,,,,,,,,
,,,,,31154,6.0,6,,,,,,,,
,,,,,31158,4.0,4,,,,,,,,
,,,,,31161,3.0,3,,,,,,,,
,,,,,31169,8.0,8,,,,,,,,
,,,,,31174,5.0,5,,,,,,,,
,,,,,31181,7.0,7,,,,,,,,
,,,,,31188,7.0,7,,,,,,,,
,,,,,31191,3.0,3,,,,,,,,
,,,,,31198,7.0,7,,,,,,,,
,,,,,31210,12.0,12,,,,,,,,
,,,,,31217,7.0,7,,,,,,,,
,,,,,31220,3.0,3,,,,,,,,
,,,,,31225,5.0,5,,,,,,,,
,,,,,31235,10.0,10,,,,,,,,
,,,,,31243,8.0,8,,,,,,,,
,,,,,31246,3.0,3,,,,,,,,
,,,,,31252,6.0,6,,,,,,,,
,,,,,31257,5.0,5,,,,,,,,
,,,,,31262,5.0,5,,,,,,,,
,,,,,31266,4.0,4,,,,,,,,
,,,,,31270,4.0,4,,,,,,,,
,,,,,31277,7.0,7,,,,,,,,
,,,,,31281,4.0,4,,,,,,,,
,,,,,31286,5.0,5,,,,,,,,
,,,,,31297,11.0,11,,,,,,,,
,,,,,31301,4.0,4,,,,,,,,
,,,,,31304,3.0,3,,,,,,,,
,,,,,31307,3.0,3,,,,,,,,
,,,,,31311,4.0,4,,,,,,,,
,,,,,31318,7.0,7,,,,,,,,
,,,,,31323,5.0,5,,,,,,,,
,,,,,31326,3.0,3,,,,,,,,
,,,,,31329,3.0,3,,,,,,,,
,,,,,31334,5.0,5,,,,,,,,
,,,,,31337,3.0,3,,,,,,,,
,,,,,31344,7.0,7,,,,,,,,
,,,,,31352,8.0,8,,,,,,,,
,,,,,31355,3.0,3,,,,,,,,
,,,,,31359,4.0,4,,,,,,,,
,,,,,31367,8.0,8,,,,,,,,
,,,,,31372,5.0,5,,,,,,,,
,,,,,31376,4.0,4,,,,,,,,
,,,,,31380,4.0,4,,,,,,,,
,,,,,31384,4.0,4,,,,,,,,
,,,,,31402,18.0,18,,,,,,,,
,,,,,31409,7.0,7,,,,,,,,
,,,,,31418,9.0,9,,,,,,,,
,,,,,31423,5.0,5,,,,,,,,
,,,,,31427,4.0,4,,,,,,,,
,,,,,31431,4.0,4,,,,,,,,
,,,,,31441,10.0,10,,,,,,,,
,,,,,31450,9.0,9,,,,,,,,
,,,,,31455,5.0,5,,,,,,,,
,,,,,31459,4.0,4,,,,,,,,
,,,,,31462,3.0,3,,,,,,,,
,,,,,31466,4.0,4,,,,,,,,
,,,,,31471,5.0,5,,,,,,,,
,,,,,31482,11.0,11,,,,,,,,
,,,,,31490,8.0,8,,,,,,,,
,,,,,31495,5.0,5,,,,,,,,
,,,,,31499,4.0,4,,,,,,,,
,,,,,31519,20.0,20,,,,,,,,
,,,,,31523,4.0,4,,,,,,,,
,,,,,31530,7.0,7,,,,,,,,
,,,,,31536,6.0,6,,,,,,,,
,,,,,31545,9.0,9,,,,,,,,
,,,,,31549,4.0,4,,,,,,,,
,,,,,31554,5.0,5,,,,,,,,
,,,,,31557,3.0,3,,,,,,,,
,,,,,31568,11.0,11,,,,,,,,
,,,,,31572,4.0,4,,,,,,,,
,,,,,31577,5.0,5,,,,,,,,
,,,,,31583,6.0,6,,,,,,,,
,,,,,31588,5.0,5,,,,,,,,
,,,,,31593,5.0,5,,,,,,,,
,,,,,31596,3.0,3,,,,,,,,
,,,,,31599,3.0,3,,,,,,,,
,,,,,31607,8.0,8,,,,,,,,
,,,,,31621,14.0,14,,,,,,,,
,,,,,31628,7.0,7,,,,,,,,
,,,,,31636,8.0,8,,,,,,,,
,,,,,31642,6.0,6,,,,,,,,
,,,,,31650,8.0,8,,,,,,,,
,,,,,31653,3.0,3,,,,,,,,
,,,,,31663,10.0,10,,,,,,,,
,,,,,31666,3.0,3,,,,,,,,
,,,,,31669,3.0,3,,,,,,,,
,,,,,31673,4.0,4,,,,,,,,
,,,,,31677,4.0,4,,,,,,,,
,,,,,31687,10.0,10,,,,,,,,
,,,,,31690,3.0,3,,,,,,,,
,,,,,31697,7.0,7,,,,,,,,
,,,,,31702,5.0,5,,,,,,,,
,,,,,31706,4.0,4,,,,,,,,
,,,,,31720,14.0,14,,,,,,,,
,,,,,31724,4.0,4,,,,,,,,
,,,,,31727,3.0,3,,,,,,,,
,,,,,31733,6.0,6,,,,,,,,
,,,,,31744,11.0,11,,,,,,,,
,,,,,31750,6.0,6,,,,,,,,
,,,,,31753,3.0,3,,,,,,,,
,,,,,31758,5.0,5,,,,,,,,
,,,,,31764,6.0,6,,,,,,,,
,,,,,31767,3.0,3,,,,,,,,
,,,,,31771,4.0,4,,,,,,,,
,,,,,31777,6.0,6,,,,,,,,
,,,,,31780,3.0,3,,,,,,,,
,,,,,31785,5.0,5,,,,,,,,
,,,,,31788,3.0,3,,,,,,,,
,,,,,31807,19.0,19,,,,,,,,
,,,,,31810,3.0,3,,,,,,,,
,,,,,31813,3.0,3,,,,,,,,
,,,,,31820,7.0,7,,,,,,,,
,,,,,31823,3.0,3,,,,,,,,
,,,,,31831,8.0,8,,,,,,,,
,,,,,31838,7.0,7,,,,,,,,
,,,,,31842,4.0,4,,,,,,,,
,,,,,31846,4.0,4,,,,,,,,
,,,,,31849,3.0,3,,,,,,,,
,,,,,31854,5.0,5,,,,,,,,
,,,,,31857,3.0,3,,,,,,,,
,,,,,31861,4.0,4,,,,,,,,
,,,,,31871,10.0,10,,,,,,,,
,,,,,31883,12.0,12,,,,,,,,
,,,,,31889,6.0,6,,,,,,,,
,,,,,31894,5.0,5,,,,,,,,
,,,,,31903,9.0,9,,,,,,,,
,,,,,31907,4.0,4,,,,,,,,
,,,,,31917,10.0,10,,,,,,,,
,,,,,31922,5.0,5,,,,,,,,
,,,,,31927,5.0,5,,,,,,,,
,,,,,31933,6.0,6,,,,,,,,
,,,,,31943,10.0,10,,,,,,,,
,,,,,31946,3.0,3,,,,,,,,
,,,,,31949,3.0,3,,,,,,,,
,,,,,31953,4.0,4,,,,,,,,
,,,,,31959,6.0,6,,,,,,,,
,,,,,31964,5.0,5,,,,,,,,
,,,,,31969,5.0,5,,,,,,,,
,,,,,31972,3.0,3,,,,,,,,
,,,,,31975,3.0,3,,,,,,,,
,,,,,31979,4.0,4,,,,,,,,
,,,,,31985,6.0,6,,,,,,,,
,,,,,31988,3.0,3,,,,,,,,
,,,,,31999,11.0,11,,,,,,,,
,,,,,32000,,,-0.0668802410364151,0.6688023805618286,1.9718194007873535,4.5443501472473145,4.509953498840332,0.0003,0.0003,0.1
,,,,,32005,6.0,6,,,,,,,,
,,,,,32010,5.0,5,,,,,,,,
,,,,,32015,5.0,5,,,,,,,,
,,,,,32020,5.0,5,,,,,,,,
,,,,,32027,7.0,7,,,,,,,,
,,,,,32038,11.0,11,,,,,,,,
,,,,,32042,4.0,4,,,,,,,,
,,,,,32047,5.0,5,,,,,,,,
,,,,,32051,4.0,4,,,,,,,,
,,,,,32054,3.0,3,,,,,,,,
,,,,,32060,6.0,6,,,,,,,,
,,,,,32064,4.0,4,,,,,,,,
,,,,,32071,7.0,7,,,,,,,,
,,,,,32077,6.0,6,,,,,,,,
,,,,,32080,3.0,3,,,,,,,,
,,,,,32087,7.0,7,,,,,,,,
,,,,,32091,4.0,4,,,,,,,,
,,,,,32094,3.0,3,,,,,,,,
,,,,,32104,10.0,10,,,,,,,,
,,,,,32119,15.0,15,,,,,,,,
,,,,,32129,10.0,10,,,,,,,,
,,,,,32134,5.0,5,,,,,,,,
,,,,,32142,8.0,8,,,,,,,,
,,,,,32160,18.0,18,,,,,,,,
,,,,,32166,6.0,6,,,,,,,,
,,,,,32170,4.0,4,,,,,,,,
,,,,,32176,6.0,6,,,,,,,,
,,,,,32180,4.0,4,,,,,,,,
,,,,,32186,6.0,6,,,,,,,,
,,,,,32192,6.0,6,,,,,,,,
,,,,,32211,19.0,19,,,,,,,,
,,,,,32215,4.0,4,,,,,,,,
,,,,,32218,3.0,3,,,,,,,,
,,,,,32224,6.0,6,,,,,,,,
,,,,,32227,3.0,3,,,,,,,,
,,,,,32232,5.0,5,,,,,,,,
,,,,,32235,3.0,3,,,,,,,,
,,,,,32252,17.0,17,,,,,,,,
,,,,,32255,3.0,3,,,,,,,,
,,,,,32259,4.0,4,,,,,,,,
,,,,,32265,6.0,6,,,,,,,,
,,,,,32268,3.0,3,,,,,,,,
,,,,,32275,7.0,7,,,,,,,,
,,,,,32278,3.0,3,,,,,,,,
,,,,,32283,5.0,5,,,,,,,,
,,,,,32289,6.0,6,,,,,,,,
,,,,,32305,16.0,16,,,,,,,,
,,,,,32309,4.0,4,,,,,,,,
,,,,,32322,13.0,13,,,,,,,,
,,,,,32326,4.0,4,,,,,,,,
,,,,,32331,5.0,5,,,,,,,,
,,,,,32335,4.0,4,,,,,,,,
,,,,,32343,8.0,8,,,,,,,,
,,,,,32350,7.0,7,,,,,,,,
,,,,,32358,8.0,8,,,,,,,,
,,,,,32363,5.0,5,,,,,,,,
,,,,,32373,10.0,10,,,,,,,,
,,,,,32376,3.0,3,,,,,,,,
,,,,,32383,7.0,7,,,,,,,,
,,,,,32390,7.0,7,,,,,,,,
,,,,,32398,8.0,8,,,,,,,,
,,,,,32404,6.0,6,,,,,,,,
,,,,,32407,3.0,3,,,,,,,,
,,,,,32412,5.0,5,,,,,,,,
,,,,,32429,17.0,17,,,,,,,,
,,,,,32432,3.0,3,,,,,,,,
,,,,,32443,11.0,11,,,,,,,,
,,,,,32451,8.0,8,,,,,,,,
,,,,,32468,17.0,17,,,,,,,,
,,,,,32474,6.0,6,,,,,,,,
,,,,,32478,4.0,4,,,,,,,,
,,,,,32490,12.0,12,,,,,,,,
,,,,,32500,10.0,10,,,,,,,,
,,,,,32507,7.0,7,,,,,,,,
,,,,,32513,6.0,6,,,,,,,,
,,,,,32516,3.0,3,,,,,,,,
,,,,,32519,3.0,3,,,,,,,,
,,,,,32525,6.0,6,,,,,,,,
,,,,,32529,4.0,4,,,,,,,,
,,,,,32533,4.0,4,,,,,,,,
,,,,,32539,6.0,6,,,,,,,,
,,,,,32542,3.0,3,,,,,,,,
,,,,,32549,7.0,7,,,,,,,,
,,,,,32552,3.0,3,,,,,,,,
,,,,,32556,4.0,4,,,,,,,,
,,,,,32560,4.0,4,,,,,,,,
,,,,,32568,8.0,8,,,,,,,,
,,,,,32572,4.0,4,,,,,,,,
,,,,,32577,5.0,5,,,,,,,,
,,,,,32586,9.0,9,,,,,,,,
,,,,,32590,4.0,4,,,,,,,,
,,,,,32594,4.0,4,,,,,,,,
,,,,,32597,3.0,3,,,,,,,,
,,,,,32601,4.0,4,,,,,,,,
,,,,,32605,4.0,4,,,,,,,,
,,,,,32612,7.0,7,,,,,,,,
,,,,,32625,13.0,13,,,,,,,,
,,,,,32630,5.0,5,,,,,,,,
,,,,,32633,3.0,3,,,,,,,,
,,,,,32637,4.0,4,,,,,,,,
,,,,,32642,5.0,5,,,,,,,,
,,,,,32650,8.0,8,,,,,,,,
,,,,,32654,4.0,4,,,,,,,,
,,,,,32657,3.0,3,,,,,,,,
,,,,,32665,8.0,8,,,,,,,,
,,,,,32670,5.0,5,,,,,,,,
,,,,,32675,5.0,5,,,,,,,,
,,,,,32684,9.0,9,,,,,,,,
,,,,,32687,3.0,3,,,,,,,,
,,,,,32690,3.0,3,,,,,,,,
,,,,,32693,3.0,3,,,,,,,,
,,,,,32696,3.0,3,,,,,,,,
,,,,,32701,5.0,5,,,,,,,,
,,,,,32704,3.0,3,,,,,,,,
,,,,,32707,3.0,3,,,,,,,,
,,,,,32710,3.0,3,,,,,,,,
,,,,,32717,7.0,7,,,,,,,,
,,,,,32721,4.0,4,,,,,,,,
,,,,,32724,3.0,3,,,,,,,,
,,,,,32727,3.0,3,,,,,,,,
,,,,,32730,3.0,3,,,,,,,,
,,,,,32740,10.0,10,,,,,,,,
,,,,,32748,8.0,8,,,,,,,,
,,,,,32751,3.0,3,,,,,,,,
,,,,,32757,6.0,6,,,,,,,,
,,,,,32764,7.0,7,,,,,,,,
,,,,,32771,7.0,7,,,,,,,,
,,,,,32776,5.0,5,,,,,,,,
,,,,,32780,4.0,4,,,,,,,,
,,,,,32787,7.0,7,,,,,,,,
,,,,,32790,3.0,3,,,,,,,,
,,,,,32795,5.0,5,,,,,,,,
,,,,,32800,5.0,5,,,,,,,,
,,,,,32803,3.0,3,,,,,,,,
,,,,,32808,5.0,5,,,,,,,,
,,,,,32817,9.0,9,,,,,,,,
,,,,,32822,5.0,5,,,,,,,,
,,,,,32826,4.0,4,,,,,,,,
,,,,,32830,4.0,4,,,,,,,,
,,,,,32842,12.0,12,,,,,,,,
,,,,,32850,8.0,8,,,,,,,,
,,,,,32854,4.0,4,,,,,,,,
,,,,,32858,4.0,4,,,,,,,,
,,,,,32863,5.0,5,,,,,,,,
,,,,,32876,13.0,13,,,,,,,,
,,,,,32883,7.0,7,,,,,,,,
,,,,,32886,3.0,3,,,,,,,,
,,,,,32890,4.0,4,,,,,,,,
,,,,,32901,11.0,11,,,,,,,,
,,,,,32906,5.0,5,,,,,,,,
,,,,,32916,10.0,10,,,,,,,,
,,,,,32920,4.0,4,,,,,,,,
,,,,,32926,6.0,6,,,,,,,,
,,,,,32930,4.0,4,,,,,,,,
,,,,,32940,10.0,10,,,,,,,,
,,,,,32944,4.0,4,,,,,,,,
,,,,,32947,3.0,3,,,,,,,,
,,,,,32959,12.0,12,,,,,,,,
,,,,,32967,8.0,8,,,,,,,,
,,,,,32976,9.0,9,,,,,,,,
,,,,,32980,4.0,4,,,,,,,,
,,,,,32990,10.0,10,,,,,,,,
,,,,,32996,6.0,6,,,,,,,,
,,,,,33000,,,-0.06848635524511337,0.6848635077476501,2.0917043685913086,4.651337623596191,4.776349067687988,0.0003,0.0003,0.1
,,,,,33003,7.0,7,,,,,,,,
,,,,,33010,7.0,7,,,,,,,,
,,,,,33017,7.0,7,,,,,,,,
,,,,,33029,12.0,12,,,,,,,,
,,,,,33033,4.0,4,,,,,,,,
,,,,,33039,6.0,6,,,,,,,,
,,,,,33053,14.0,14,,,,,,,,
,,,,,33057,4.0,4,,,,,,,,
,,,,,33061,4.0,4,,,,,,,,
,,,,,33064,3.0,3,,,,,,,,
,,,,,33068,4.0,4,,,,,,,,
,,,,,33076,8.0,8,,,,,,,,
,,,,,33080,4.0,4,,,,,,,,
,,,,,33084,4.0,4,,,,,,,,
,,,,,33095,11.0,11,,,,,,,,
,,,,,33098,3.0,3,,,,,,,,
,,,,,33101,3.0,3,,,,,,,,
,,,,,33106,5.0,5,,,,,,,,
,,,,,33122,16.0,16,,,,,,,,
,,,,,33148,26.0,26,,,,,,,,
,,,,,33153,5.0,5,,,,,,,,
,,,,,33156,3.0,3,,,,,,,,
,,,,,33161,5.0,5,,,,,,,,
,,,,,33170,9.0,9,,,,,,,,
,,,,,33173,3.0,3,,,,,,,,
,,,,,33176,3.0,3,,,,,,,,
,,,,,33180,4.0,4,,,,,,,,
,,,,,33189,9.0,9,,,,,,,,
,,,,,33194,5.0,5,,,,,,,,
,,,,,33199,5.0,5,,,,,,,,
,,,,,33202,3.0,3,,,,,,,,
,,,,,33206,4.0,4,,,,,,,,
,,,,,33211,5.0,5,,,,,,,,
,,,,,33214,3.0,3,,,,,,,,
,,,,,33220,6.0,6,,,,,,,,
,,,,,33223,3.0,3,,,,,,,,
,,,,,33227,4.0,4,,,,,,,,
,,,,,33234,7.0,7,,,,,,,,
,,,,,33237,3.0,3,,,,,,,,
,,,,,33240,3.0,3,,,,,,,,
,,,,,33244,4.0,4,,,,,,,,
,,,,,33251,7.0,7,,,,,,,,
,,,,,33259,8.0,8,,,,,,,,
,,,,,33263,4.0,4,,,,,,,,
,,,,,33267,4.0,4,,,,,,,,
,,,,,33270,3.0,3,,,,,,,,
,,,,,33278,8.0,8,,,,,,,,
,,,,,33285,7.0,7,,,,,,,,
,,,,,33296,11.0,11,,,,,,,,
,,,,,33301,5.0,5,,,,,,,,
,,,,,33305,4.0,4,,,,,,,,
,,,,,33308,3.0,3,,,,,,,,
,,,,,33315,7.0,7,,,,,,,,
,,,,,33321,6.0,6,,,,,,,,
,,,,,33345,24.0,24,,,,,,,,
,,,,,33351,6.0,6,,,,,,,,
,,,,,33359,8.0,8,,,,,,,,
,,,,,33363,4.0,4,,,,,,,,
,,,,,33368,5.0,5,,,,,,,,
,,,,,33372,4.0,4,,,,,,,,
,,,,,33394,22.0,22,,,,,,,,
,,,,,33397,3.0,3,,,,,,,,
,,,,,33405,8.0,8,,,,,,,,
,,,,,33408,3.0,3,,,,,,,,
,,,,,33420,12.0,12,,,,,,,,
,,,,,33423,3.0,3,,,,,,,,
,,,,,33429,6.0,6,,,,,,,,
,,,,,33433,4.0,4,,,,,,,,
,,,,,33439,6.0,6,,,,,,,,
,,,,,33447,8.0,8,,,,,,,,
,,,,,33451,4.0,4,,,,,,,,
,,,,,33455,4.0,4,,,,,,,,
,,,,,33458,3.0,3,,,,,,,,
,,,,,33462,4.0,4,,,,,,,,
,,,,,33467,5.0,5,,,,,,,,
,,,,,33471,4.0,4,,,,,,,,
,,,,,33474,3.0,3,,,,,,,,
,,,,,33478,4.0,4,,,,,,,,
,,,,,33486,8.0,8,,,,,,,,
,,,,,33490,4.0,4,,,,,,,,
,,,,,33496,6.0,6,,,,,,,,
,,,,,33502,6.0,6,,,,,,,,
,,,,,33508,6.0,6,,,,,,,,
,,,,,33512,4.0,4,,,,,,,,
,,,,,33524,12.0,12,,,,,,,,
,,,,,33530,6.0,6,,,,,,,,
,,,,,33534,4.0,4,,,,,,,,
,,,,,33537,3.0,3,,,,,,,,
,,,,,33542,5.0,5,,,,,,,,
,,,,,33546,4.0,4,,,,,,,,
,,,,,33553,7.0,7,,,,,,,,
,,,,,33556,3.0,3,,,,,,,,
,,,,,33562,6.0,6,,,,,,,,
,,,,,33572,10.0,10,,,,,,,,
,,,,,33575,3.0,3,,,,,,,,
,,,,,33583,8.0,8,,,,,,,,
,,,,,33586,3.0,3,,,,,,,,
,,,,,33605,19.0,19,,,,,,,,
,,,,,33609,4.0,4,,,,,,,,
,,,,,33612,3.0,3,,,,,,,,
,,,,,33617,5.0,5,,,,,,,,
,,,,,33621,4.0,4,,,,,,,,
,,,,,33629,8.0,8,,,,,,,,
,,,,,33634,5.0,5,,,,,,,,
,,,,,33641,7.0,7,,,,,,,,
,,,,,33650,9.0,9,,,,,,,,
,,,,,33654,4.0,4,,,,,,,,
,,,,,33668,14.0,14,,,,,,,,
,,,,,33671,3.0,3,,,,,,,,
,,,,,33674,3.0,3,,,,,,,,
,,,,,33677,3.0,3,,,,,,,,
,,,,,33681,4.0,4,,,,,,,,
,,,,,33684,3.0,3,,,,,,,,
,,,,,33688,4.0,4,,,,,,,,
,,,,,33693,5.0,5,,,,,,,,
,,,,,33720,27.0,27,,,,,,,,
,,,,,33726,6.0,6,,,,,,,,
,,,,,33734,8.0,8,,,,,,,,
,,,,,33739,5.0,5,,,,,,,,
,,,,,33743,4.0,4,,,,,,,,
,,,,,33751,8.0,8,,,,,,,,
,,,,,33754,3.0,3,,,,,,,,
,,,,,33758,4.0,4,,,,,,,,
,,,,,33764,6.0,6,,,,,,,,
,,,,,33767,3.0,3,,,,,,,,
,,,,,33772,5.0,5,,,,,,,,
,,,,,33776,4.0,4,,,,,,,,
,,,,,33789,13.0,13,,,,,,,,
,,,,,33793,4.0,4,,,,,,,,
,,,,,33801,8.0,8,,,,,,,,
,,,,,33807,6.0,6,,,,,,,,
,,,,,33814,7.0,7,,,,,,,,
,,,,,33822,8.0,8,,,,,,,,
,,,,,33829,7.0,7,,,,,,,,
,,,,,33833,4.0,4,,,,,,,,
,,,,,33836,3.0,3,,,,,,,,
,,,,,33845,9.0,9,,,,,,,,
,,,,,33850,5.0,5,,,,,,,,
,,,,,33860,10.0,10,,,,,,,,
,,,,,33863,3.0,3,,,,,,,,
,,,,,33867,4.0,4,,,,,,,,
,,,,,33879,12.0,12,,,,,,,,
,,,,,33883,4.0,4,,,,,,,,
,,,,,33887,4.0,4,,,,,,,,
,,,,,33891,4.0,4,,,,,,,,
,,,,,33895,4.0,4,,,,,,,,
,,,,,33900,5.0,5,,,,,,,,
,,,,,33903,3.0,3,,,,,,,,
,,,,,33908,5.0,5,,,,,,,,
,,,,,33916,8.0,8,,,,,,,,
,,,,,33926,10.0,10,,,,,,,,
,,,,,33931,5.0,5,,,,,,,,
,,,,,33934,3.0,3,,,,,,,,
,,,,,33942,8.0,8,,,,,,,,
,,,,,33947,5.0,5,,,,,,,,
,,,,,33950,3.0,3,,,,,,,,
,,,,,33954,4.0,4,,,,,,,,
,,,,,33957,3.0,3,,,,,,,,
,,,,,33961,4.0,4,,,,,,,,
,,,,,33966,5.0,5,,,,,,,,
,,,,,33970,4.0,4,,,,,,,,
,,,,,33979,9.0,9,,,,,,,,
,,,,,33986,7.0,7,,,,,,,,
,,,,,33993,7.0,7,,,,,,,,
,,,,,33998,5.0,5,,,,,,,,
,,,,,34000,,,-0.06767676025629044,0.6767675876617432,1.171735405921936,4.655162811279297,4.644827365875244,0.0003,0.0003,0.1
,,,,,34001,3.0,3,,,,,,,,
,,,,,34004,3.0,3,,,,,,,,
,,,,,34010,6.0,6,,,,,,,,
,,,,,34014,4.0,4,,,,,,,,
,,,,,34017,3.0,3,,,,,,,,
,,,,,34022,5.0,5,,,,,,,,
,,,,,34026,4.0,4,,,,,,,,
,,,,,34030,4.0,4,,,,,,,,
,,,,,34035,5.0,5,,,,,,,,
,,,,,34039,4.0,4,,,,,,,,
,,,,,34049,10.0,10,,,,,,,,
,,,,,34057,8.0,8,,,,,,,,
,,,,,34060,3.0,3,,,,,,,,
,,,,,34064,4.0,4,,,,,,,,
,,,,,34070,6.0,6,,,,,,,,
,,,,,34073,3.0,3,,,,,,,,
,,,,,34077,4.0,4,,,,,,,,
,,,,,34083,6.0,6,,,,,,,,
,,,,,34090,7.0,7,,,,,,,,
,,,,,34099,9.0,9,,,,,,,,
,,,,,34104,5.0,5,,,,,,,,
,,,,,34109,5.0,5,,,,,,,,
,,,,,34113,4.0,4,,,,,,,,
,,,,,34117,4.0,4,,,,,,,,
,,,,,34120,3.0,3,,,,,,,,
,,,,,34140,20.0,20,,,,,,,,
,,,,,34143,3.0,3,,,,,,,,
,,,,,34146,3.0,3,,,,,,,,
,,,,,34150,4.0,4,,,,,,,,
,,,,,34154,4.0,4,,,,,,,,
,,,,,34159,5.0,5,,,,,,,,
,,,,,34163,4.0,4,,,,,,,,
,,,,,34167,4.0,4,,,,,,,,
,,,,,34176,9.0,9,,,,,,,,
,,,,,34181,5.0,5,,,,,,,,
,,,,,34187,6.0,6,,,,,,,,
,,,,,34191,4.0,4,,,,,,,,
,,,,,34195,4.0,4,,,,,,,,
,,,,,34201,6.0,6,,,,,,,,
,,,,,34204,3.0,3,,,,,,,,
,,,,,34210,6.0,6,,,,,,,,
,,,,,34215,5.0,5,,,,,,,,
,,,,,34221,6.0,6,,,,,,,,
,,,,,34235,14.0,14,,,,,,,,
,,,,,34240,5.0,5,,,,,,,,
,,,,,34243,3.0,3,,,,,,,,
,,,,,34247,4.0,4,,,,,,,,
,,,,,34251,4.0,4,,,,,,,,
,,,,,34268,17.0,17,,,,,,,,
,,,,,34272,4.0,4,,,,,,,,
,,,,,34275,3.0,3,,,,,,,,
,,,,,34280,5.0,5,,,,,,,,
,,,,,34283,3.0,3,,,,,,,,
,,,,,34286,3.0,3,,,,,,,,
,,,,,34291,5.0,5,,,,,,,,
,,,,,34302,11.0,11,,,,,,,,
,,,,,34306,4.0,4,,,,,,,,
,,,,,34323,17.0,17,,,,,,,,
,,,,,34329,6.0,6,,,,,,,,
,,,,,34332,3.0,3,,,,,,,,
,,,,,34335,3.0,3,,,,,,,,
,,,,,34341,6.0,6,,,,,,,,
,,,,,34347,6.0,6,,,,,,,,
,,,,,34351,4.0,4,,,,,,,,
,,,,,34369,18.0,18,,,,,,,,
,,,,,34372,3.0,3,,,,,,,,
,,,,,34378,6.0,6,,,,,,,,
,,,,,34384,6.0,6,,,,,,,,
,,,,,34387,3.0,3,,,,,,,,
,,,,,34392,5.0,5,,,,,,,,
,,,,,34395,3.0,3,,,,,,,,
,,,,,34398,3.0,3,,,,,,,,
,,,,,34403,5.0,5,,,,,,,,
,,,,,34406,3.0,3,,,,,,,,
,,,,,34413,7.0,7,,,,,,,,
,,,,,34418,5.0,5,,,,,,,,
,,,,,34423,5.0,5,,,,,,,,
,,,,,34428,5.0,5,,,,,,,,
,,,,,34433,5.0,5,,,,,,,,
,,,,,34437,4.0,4,,,,,,,,
,,,,,34457,20.0,20,,,,,,,,
,,,,,34465,8.0,8,,,,,,,,
,,,,,34482,17.0,17,,,,,,,,
,,,,,34487,5.0,5,,,,,,,,
,,,,,34493,6.0,6,,,,,,,,
,,,,,34497,4.0,4,,,,,,,,
,,,,,34503,6.0,6,,,,,,,,
,,,,,34509,6.0,6,,,,,,,,
,,,,,34517,8.0,8,,,,,,,,
,,,,,34522,5.0,5,,,,,,,,
,,,,,34528,6.0,6,,,,,,,,
,,,,,34531,3.0,3,,,,,,,,
,,,,,34534,3.0,3,,,,,,,,
,,,,,34538,4.0,4,,,,,,,,
,,,,,34544,6.0,6,,,,,,,,
,,,,,34550,6.0,6,,,,,,,,
,,,,,34555,5.0,5,,,,,,,,
,,,,,34558,3.0,3,,,,,,,,
,,,,,34562,4.0,4,,,,,,,,
,,,,,34574,12.0,12,,,,,,,,
,,,,,34577,3.0,3,,,,,,,,
,,,,,34581,4.0,4,,,,,,,,
,,,,,34584,3.0,3,,,,,,,,
,,,,,34590,6.0,6,,,,,,,,
,,,,,34595,5.0,5,,,,,,,,
,,,,,34599,4.0,4,,,,,,,,
,,,,,34602,3.0,3,,,,,,,,
,,,,,34607,5.0,5,,,,,,,,
,,,,,34612,5.0,5,,,,,,,,
,,,,,34616,4.0,4,,,,,,,,
,,,,,34619,3.0,3,,,,,,,,
,,,,,34626,7.0,7,,,,,,,,
,,,,,34633,7.0,7,,,,,,,,
,,,,,34639,6.0,6,,,,,,,,
,,,,,34646,7.0,7,,,,,,,,
,,,,,34650,4.0,4,,,,,,,,
,,,,,34657,7.0,7,,,,,,,,
,,,,,34660,3.0,3,,,,,,,,
,,,,,34664,4.0,4,,,,,,,,
,,,,,34668,4.0,4,,,,,,,,
,,,,,34677,9.0,9,,,,,,,,
,,,,,34682,5.0,5,,,,,,,,
,,,,,34685,3.0,3,,,,,,,,
,,,,,34694,9.0,9,,,,,,,,
,,,,,34697,3.0,3,,,,,,,,
,,,,,34700,3.0,3,,,,,,,,
,,,,,34705,5.0,5,,,,,,,,
,,,,,34710,5.0,5,,,,,,,,
,,,,,34715,5.0,5,,,,,,,,
,,,,,34720,5.0,5,,,,,,,,
,,,,,34730,10.0,10,,,,,,,,
,,,,,34735,5.0,5,,,,,,,,
,,,,,34738,3.0,3,,,,,,,,
,,,,,34743,5.0,5,,,,,,,,
,,,,,34751,8.0,8,,,,,,,,
,,,,,34759,8.0,8,,,,,,,,
,,,,,34762,3.0,3,,,,,,,,
,,,,,34765,3.0,3,,,,,,,,
,,,,,34769,4.0,4,,,,,,,,
,,,,,34776,7.0,7,,,,,,,,
,,,,,34781,5.0,5,,,,,,,,
,,,,,34784,3.0,3,,,,,,,,
,,,,,34790,6.0,6,,,,,,,,
,,,,,34799,9.0,9,,,,,,,,
,,,,,34803,4.0,4,,,,,,,,
,,,,,34809,6.0,6,,,,,,,,
,,,,,34815,6.0,6,,,,,,,,
,,,,,34819,4.0,4,,,,,,,,
,,,,,34822,3.0,3,,,,,,,,
,,,,,34828,6.0,6,,,,,,,,
,,,,,34842,14.0,14,,,,,,,,
,,,,,34851,9.0,9,,,,,,,,
,,,,,34856,5.0,5,,,,,,,,
,,,,,34866,10.0,10,,,,,,,,
,,,,,34874,8.0,8,,,,,,,,
,,,,,34885,11.0,11,,,,,,,,
,,,,,34895,10.0,10,,,,,,,,
,,,,,34902,7.0,7,,,,,,,,
,,,,,34909,7.0,7,,,,,,,,
,,,,,34912,3.0,3,,,,,,,,
,,,,,34915,3.0,3,,,,,,,,
,,,,,34918,3.0,3,,,,,,,,
,,,,,34924,6.0,6,,,,,,,,
,,,,,34929,5.0,5,,,,,,,,
,,,,,34935,6.0,6,,,,,,,,
,,,,,34938,3.0,3,,,,,,,,
,,,,,34941,3.0,3,,,,,,,,
,,,,,34947,6.0,6,,,,,,,,
,,,,,34951,4.0,4,,,,,,,,
,,,,,34960,9.0,9,,,,,,,,
,,,,,34968,8.0,8,,,,,,,,
,,,,,34972,4.0,4,,,,,,,,
,,,,,34975,3.0,3,,,,,,,,
,,,,,34978,3.0,3,,,,,,,,
,,,,,34981,3.0,3,,,,,,,,
,,,,,34985,4.0,4,,,,,,,,
,,,,,34991,6.0,6,,,,,,,,
,,,,,34995,4.0,4,,,,,,,,
,,,,,34999,4.0,4,,,,,,,,
6.7,2.6851444,13.0,4.0,6.7,35000,,,-0.06855078786611557,0.6855078339576721,1.887554407119751,4.225682735443115,4.356111526489258,0.0003,0.0003,0.1
,,,,,35004,5.0,5,,,,,,,,
,,,,,35009,5.0,5,,,,,,,,
,,,,,35013,4.0,4,,,,,,,,
,,,,,35020,7.0,7,,,,,,,,
,,,,,35024,4.0,4,,,,,,,,
,,,,,35028,4.0,4,,,,,,,,
,,,,,35039,11.0,11,,,,,,,,
,,,,,35050,11.0,11,,,,,,,,
,,,,,35059,9.0,9,,,,,,,,
,,,,,35062,3.0,3,,,,,,,,
,,,,,35065,3.0,3,,,,,,,,
,,,,,35068,3.0,3,,,,,,,,
,,,,,35072,4.0,4,,,,,,,,
,,,,,35077,5.0,5,,,,,,,,
,,,,,35088,11.0,11,,,,,,,,
,,,,,35091,3.0,3,,,,,,,,
,,,,,35099,8.0,8,,,,,,,,
,,,,,35103,4.0,4,,,,,,,,
,,,,,35106,3.0,3,,,,,,,,
,,,,,35113,7.0,7,,,,,,,,
,,,,,35119,6.0,6,,,,,,,,
,,,,,35126,7.0,7,,,,,,,,
,,,,,35130,4.0,4,,,,,,,,
,,,,,35133,3.0,3,,,,,,,,
,,,,,35139,6.0,6,,,,,,,,
,,,,,35143,4.0,4,,,,,,,,
,,,,,35151,8.0,8,,,,,,,,
,,,,,35155,4.0,4,,,,,,,,
,,,,,35158,3.0,3,,,,,,,,
,,,,,35161,3.0,3,,,,,,,,
,,,,,35168,7.0,7,,,,,,,,
,,,,,35176,8.0,8,,,,,,,,
,,,,,35179,3.0,3,,,,,,,,
,,,,,35185,6.0,6,,,,,,,,
,,,,,35188,3.0,3,,,,,,,,
,,,,,35191,3.0,3,,,,,,,,
,,,,,35204,13.0,13,,,,,,,,
,,,,,35212,8.0,8,,,,,,,,
,,,,,35216,4.0,4,,,,,,,,
,,,,,35224,8.0,8,,,,,,,,
,,,,,35228,4.0,4,,,,,,,,
,,,,,35234,6.0,6,,,,,,,,
,,,,,35245,11.0,11,,,,,,,,
,,,,,35250,5.0,5,,,,,,,,
,,,,,35254,4.0,4,,,,,,,,
,,,,,35257,3.0,3,,,,,,,,
,,,,,35261,4.0,4,,,,,,,,
,,,,,35264,3.0,3,,,,,,,,
,,,,,35269,5.0,5,,,,,,,,
,,,,,35277,8.0,8,,,,,,,,
,,,,,35281,4.0,4,,,,,,,,
,,,,,35289,8.0,8,,,,,,,,
,,,,,35292,3.0,3,,,,,,,,
,,,,,35296,4.0,4,,,,,,,,
,,,,,35303,7.0,7,,,,,,,,
,,,,,35306,3.0,3,,,,,,,,
,,,,,35310,4.0,4,,,,,,,,
,,,,,35316,6.0,6,,,,,,,,
,,,,,35320,4.0,4,,,,,,,,
,,,,,35326,6.0,6,,,,,,,,
,,,,,35333,7.0,7,,,,,,,,
,,,,,35341,8.0,8,,,,,,,,
,,,,,35349,8.0,8,,,,,,,,
,,,,,35353,4.0,4,,,,,,,,
,,,,,35363,10.0,10,,,,,,,,
,,,,,35367,4.0,4,,,,,,,,
,,,,,35372,5.0,5,,,,,,,,
,,,,,35378,6.0,6,,,,,,,,
,,,,,35382,4.0,4,,,,,,,,
,,,,,35388,6.0,6,,,,,,,,
,,,,,35394,6.0,6,,,,,,,,
,,,,,35399,5.0,5,,,,,,,,
,,,,,35408,9.0,9,,,,,,,,
,,,,,35417,9.0,9,,,,,,,,
,,,,,35422,5.0,5,,,,,,,,
,,,,,35425,3.0,3,,,,,,,,
,,,,,35428,3.0,3,,,,,,,,
,,,,,35450,22.0,22,,,,,,,,
,,,,,35458,8.0,8,,,,,,,,
,,,,,35462,4.0,4,,,,,,,,
,,,,,35466,4.0,4,,,,,,,,
,,,,,35469,3.0,3,,,,,,,,
,,,,,35473,4.0,4,,,,,,,,
,,,,,35477,4.0,4,,,,,,,,
,,,,,35483,6.0,6,,,,,,,,
,,,,,35488,5.0,5,,,,,,,,
,,,,,35500,12.0,12,,,,,,,,
,,,,,35504,4.0,4,,,,,,,,
,,,,,35511,7.0,7,,,,,,,,
,,,,,35514,3.0,3,,,,,,,,
,,,,,35525,11.0,11,,,,,,,,
,,,,,35529,4.0,4,,,,,,,,
,,,,,35536,7.0,7,,,,,,,,
,,,,,35541,5.0,5,,,,,,,,
,,,,,35545,4.0,4,,,,,,,,
,,,,,35549,4.0,4,,,,,,,,
,,,,,35565,16.0,16,,,,,,,,
,,,,,35568,3.0,3,,,,,,,,
,,,,,35573,5.0,5,,,,,,,,
,,,,,35576,3.0,3,,,,,,,,
,,,,,35580,4.0,4,,,,,,,,
,,,,,35587,7.0,7,,,,,,,,
,,,,,35590,3.0,3,,,,,,,,
,,,,,35593,3.0,3,,,,,,,,
,,,,,35599,6.0,6,,,,,,,,
,,,,,35605,6.0,6,,,,,,,,
,,,,,35613,8.0,8,,,,,,,,
,,,,,35616,3.0,3,,,,,,,,
,,,,,35629,13.0,13,,,,,,,,
,,,,,35633,4.0,4,,,,,,,,
,,,,,35639,6.0,6,,,,,,,,
,,,,,35642,3.0,3,,,,,,,,
,,,,,35646,4.0,4,,,,,,,,
,,,,,35656,10.0,10,,,,,,,,
,,,,,35663,7.0,7,,,,,,,,
,,,,,35670,7.0,7,,,,,,,,
,,,,,35674,4.0,4,,,,,,,,
,,,,,35687,13.0,13,,,,,,,,
,,,,,35691,4.0,4,,,,,,,,
,,,,,35697,6.0,6,,,,,,,,
,,,,,35701,4.0,4,,,,,,,,
,,,,,35708,7.0,7,,,,,,,,
,,,,,35713,5.0,5,,,,,,,,
,,,,,35719,6.0,6,,,,,,,,
,,,,,35723,4.0,4,,,,,,,,
,,,,,35730,7.0,7,,,,,,,,
,,,,,35733,3.0,3,,,,,,,,
,,,,,35736,3.0,3,,,,,,,,
,,,,,35741,5.0,5,,,,,,,,
,,,,,35760,19.0,19,,,,,,,,
,,,,,35776,16.0,16,,,,,,,,
,,,,,35782,6.0,6,,,,,,,,
,,,,,35785,3.0,3,,,,,,,,
,,,,,35789,4.0,4,,,,,,,,
,,,,,35796,7.0,7,,,,,,,,
,,,,,35801,5.0,5,,,,,,,,
,,,,,35813,12.0,12,,,,,,,,
,,,,,35826,13.0,13,,,,,,,,
,,,,,35840,14.0,14,,,,,,,,
,,,,,35852,12.0,12,,,,,,,,
,,,,,35858,6.0,6,,,,,,,,
,,,,,35863,5.0,5,,,,,,,,
,,,,,35869,6.0,6,,,,,,,,
,,,,,35873,4.0,4,,,,,,,,
,,,,,35879,6.0,6,,,,,,,,
,,,,,35883,4.0,4,,,,,,,,
,,,,,35886,3.0,3,,,,,,,,
,,,,,35899,13.0,13,,,,,,,,
,,,,,35902,3.0,3,,,,,,,,
,,,,,35906,4.0,4,,,,,,,,
,,,,,35909,3.0,3,,,,,,,,
,,,,,35917,8.0,8,,,,,,,,
,,,,,35921,4.0,4,,,,,,,,
,,,,,35924,3.0,3,,,,,,,,
,,,,,35930,6.0,6,,,,,,,,
,,,,,35941,11.0,11,,,,,,,,
,,,,,35944,3.0,3,,,,,,,,
,,,,,35954,10.0,10,,,,,,,,
,,,,,35960,6.0,6,,,,,,,,
,,,,,35968,8.0,8,,,,,,,,
,,,,,35973,5.0,5,,,,,,,,
,,,,,35983,10.0,10,,,,,,,,
,,,,,35987,4.0,4,,,,,,,,
,,,,,35993,6.0,6,,,,,,,,
,,,,,35997,4.0,4,,,,,,,,
,,,,,36000,3.0,3,,,,,,,,
,,,,,36000,,,-0.06933832168579102,0.6933832168579102,1.523701786994934,4.361329078674316,4.707453727722168,0.0003,0.0003,0.1
,,,,,36016,16.0,16,,,,,,,,
,,,,,36019,3.0,3,,,,,,,,
,,,,,36026,7.0,7,,,,,,,,
,,,,,36030,4.0,4,,,,,,,,
,,,,,36036,6.0,6,,,,,,,,
,,,,,36040,4.0,4,,,,,,,,
,,,,,36050,10.0,10,,,,,,,,
,,,,,36053,3.0,3,,,,,,,,
,,,,,36058,5.0,5,,,,,,,,
,,,,,36062,4.0,4,,,,,,,,
,,,,,36066,4.0,4,,,,,,,,
,,,,,36069,3.0,3,,,,,,,,
,,,,,36076,7.0,7,,,,,,,,
,,,,,36089,13.0,13,,,,,,,,
,,,,,36093,4.0,4,,,,,,,,
,,,,,36098,5.0,5,,,,,,,,
,,,,,36101,3.0,3,,,,,,,,
,,,,,36113,12.0,12,,,,,,,,
,,,,,36116,3.0,3,,,,,,,,
,,,,,36120,4.0,4,,,,,,,,
,,,,,36124,4.0,4,,,,,,,,
,,,,,36127,3.0,3,,,,,,,,
,,,,,36131,4.0,4,,,,,,,,
,,,,,36135,4.0,4,,,,,,,,
,,,,,36143,8.0,8,,,,,,,,
,,,,,36151,8.0,8,,,,,,,,
,,,,,36154,3.0,3,,,,,,,,
,,,,,36157,3.0,3,,,,,,,,
,,,,,36164,7.0,7,,,,,,,,
,,,,,36167,3.0,3,,,,,,,,
,,,,,36174,7.0,7,,,,,,,,
,,,,,36187,13.0,13,,,,,,,,
,,,,,36192,5.0,5,,,,,,,,
,,,,,36204,12.0,12,,,,,,,,
,,,,,36214,10.0,10,,,,,,,,
,,,,,36217,3.0,3,,,,,,,,
,,,,,36220,3.0,3,,,,,,,,
,,,,,36232,12.0,12,,,,,,,,
,,,,,36241,9.0,9,,,,,,,,
,,,,,36245,4.0,4,,,,,,,,
,,,,,36256,11.0,11,,,,,,,,
,,,,,36262,6.0,6,,,,,,,,
,,,,,36266,4.0,4,,,,,,,,
,,,,,36275,9.0,9,,,,,,,,
,,,,,36278,3.0,3,,,,,,,,
,,,,,36282,4.0,4,,,,,,,,
,,,,,36291,9.0,9,,,,,,,,
,,,,,36296,5.0,5,,,,,,,,
,,,,,36301,5.0,5,,,,,,,,
,,,,,36308,7.0,7,,,,,,,,
,,,,,36311,3.0,3,,,,,,,,
,,,,,36318,7.0,7,,,,,,,,
,,,,,36330,12.0,12,,,,,,,,
,,,,,36334,4.0,4,,,,,,,,
,,,,,36342,8.0,8,,,,,,,,
,,,,,36348,6.0,6,,,,,,,,
,,,,,36351,3.0,3,,,,,,,,
,,,,,36356,5.0,5,,,,,,,,
,,,,,36360,4.0,4,,,,,,,,
,,,,,36363,3.0,3,,,,,,,,
,,,,,36367,4.0,4,,,,,,,,
,,,,,36372,5.0,5,,,,,,,,
,,,,,36377,5.0,5,,,,,,,,
,,,,,36380,3.0,3,,,,,,,,
,,,,,36383,3.0,3,,,,,,,,
,,,,,36387,4.0,4,,,,,,,,
,,,,,36397,10.0,10,,,,,,,,
,,,,,36402,5.0,5,,,,,,,,
,,,,,36405,3.0,3,,,,,,,,
,,,,,36409,4.0,4,,,,,,,,
,,,,,36414,5.0,5,,,,,,,,
,,,,,36421,7.0,7,,,,,,,,
,,,,,36424,3.0,3,,,,,,,,
,,,,,36435,11.0,11,,,,,,,,
,,,,,36444,9.0,9,,,,,,,,
,,,,,36448,4.0,4,,,,,,,,
,,,,,36451,3.0,3,,,,,,,,
,,,,,36455,4.0,4,,,,,,,,
,,,,,36458,3.0,3,,,,,,,,
,,,,,36463,5.0,5,,,,,,,,
,,,,,36471,8.0,8,,,,,,,,
,,,,,36478,7.0,7,,,,,,,,
,,,,,36487,9.0,9,,,,,,,,
,,,,,36490,3.0,3,,,,,,,,
,,,,,36493,3.0,3,,,,,,,,
,,,,,36500,7.0,7,,,,,,,,
,,,,,36504,4.0,4,,,,,,,,
,,,,,36509,5.0,5,,,,,,,,
,,,,,36512,3.0,3,,,,,,,,
,,,,,36524,12.0,12,,,,,,,,
,,,,,36528,4.0,4,,,,,,,,
,,,,,36533,5.0,5,,,,,,,,
,,,,,36536,3.0,3,,,,,,,,
,,,,,36546,10.0,10,,,,,,,,
,,,,,36554,8.0,8,,,,,,,,
,,,,,36558,4.0,4,,,,,,,,
,,,,,36561,3.0,3,,,,,,,,
,,,,,36573,12.0,12,,,,,,,,
,,,,,36576,3.0,3,,,,,,,,
,,,,,36579,3.0,3,,,,,,,,
,,,,,36588,9.0,9,,,,,,,,
,,,,,36595,7.0,7,,,,,,,,
,,,,,36602,7.0,7,,,,,,,,
,,,,,36605,3.0,3,,,,,,,,
,,,,,36620,15.0,15,,,,,,,,
,,,,,36628,8.0,8,,,,,,,,
,,,,,36632,4.0,4,,,,,,,,
,,,,,36635,3.0,3,,,,,,,,
,,,,,36638,3.0,3,,,,,,,,
,,,,,36644,6.0,6,,,,,,,,
,,,,,36651,7.0,7,,,,,,,,
,,,,,36654,3.0,3,,,,,,,,
,,,,,36658,4.0,4,,,,,,,,
,,,,,36667,9.0,9,,,,,,,,
,,,,,36681,14.0,14,,,,,,,,
,,,,,36684,3.0,3,,,,,,,,
,,,,,36690,6.0,6,,,,,,,,
,,,,,36693,3.0,3,,,,,,,,
,,,,,36699,6.0,6,,,,,,,,
,,,,,36733,34.0,34,,,,,,,,
,,,,,36744,11.0,11,,,,,,,,
,,,,,36759,15.0,15,,,,,,,,
,,,,,36771,12.0,12,,,,,,,,
,,,,,36782,11.0,11,,,,,,,,
,,,,,36786,4.0,4,,,,,,,,
,,,,,36790,4.0,4,,,,,,,,
,,,,,36796,6.0,6,,,,,,,,
,,,,,36806,10.0,10,,,,,,,,
,,,,,36811,5.0,5,,,,,,,,
,,,,,36814,3.0,3,,,,,,,,
,,,,,36817,3.0,3,,,,,,,,
,,,,,36820,3.0,3,,,,,,,,
,,,,,36824,4.0,4,,,,,,,,
,,,,,36828,4.0,4,,,,,,,,
,,,,,36838,10.0,10,,,,,,,,
,,,,,36845,7.0,7,,,,,,,,
,,,,,36856,11.0,11,,,,,,,,
,,,,,36868,12.0,12,,,,,,,,
,,,,,36873,5.0,5,,,,,,,,
,,,,,36879,6.0,6,,,,,,,,
,,,,,36883,4.0,4,,,,,,,,
,,,,,36888,5.0,5,,,,,,,,
,,,,,36897,9.0,9,,,,,,,,
,,,,,36901,4.0,4,,,,,,,,
,,,,,36906,5.0,5,,,,,,,,
,,,,,36926,20.0,20,,,,,,,,
,,,,,36929,3.0,3,,,,,,,,
,,,,,36938,9.0,9,,,,,,,,
,,,,,36950,12.0,12,,,,,,,,
,,,,,36954,4.0,4,,,,,,,,
,,,,,36957,3.0,3,,,,,,,,
,,,,,36962,5.0,5,,,,,,,,
,,,,,36965,3.0,3,,,,,,,,
,,,,,36969,4.0,4,,,,,,,,
,,,,,36972,3.0,3,,,,,,,,
,,,,,36976,4.0,4,,,,,,,,
,,,,,36982,6.0,6,,,,,,,,
,,,,,36987,5.0,5,,,,,,,,
,,,,,36992,5.0,5,,,,,,,,
,,,,,36995,3.0,3,,,,,,,,
,,,,,37000,,,-0.06916406005620956,0.6916406154632568,1.7021384239196777,4.65412712097168,4.540952682495117,0.0003,0.0003,0.1
,,,,,37009,14.0,14,,,,,,,,
,,,,,37014,5.0,5,,,,,,,,
,,,,,37021,7.0,7,,,,,,,,
,,,,,37028,7.0,7,,,,,,,,
,,,,,37031,3.0,3,,,,,,,,
,,,,,37034,3.0,3,,,,,,,,
,,,,,37039,5.0,5,,,,,,,,
,,,,,37042,3.0,3,,,,,,,,
,,,,,37048,6.0,6,,,,,,,,
,,,,,37052,4.0,4,,,,,,,,
,,,,,37056,4.0,4,,,,,,,,
,,,,,37060,4.0,4,,,,,,,,
,,,,,37064,4.0,4,,,,,,,,
,,,,,37073,9.0,9,,,,,,,,
,,,,,37080,7.0,7,,,,,,,,
,,,,,37086,6.0,6,,,,,,,,
,,,,,37096,10.0,10,,,,,,,,
,,,,,37099,3.0,3,,,,,,,,
,,,,,37104,5.0,5,,,,,,,,
,,,,,37108,4.0,4,,,,,,,,
,,,,,37116,8.0,8,,,,,,,,
,,,,,37119,3.0,3,,,,,,,,
,,,,,37123,4.0,4,,,,,,,,
,,,,,37127,4.0,4,,,,,,,,
,,,,,37130,3.0,3,,,,,,,,
,,,,,37138,8.0,8,,,,,,,,
,,,,,37145,7.0,7,,,,,,,,
,,,,,37163,18.0,18,,,,,,,,
,,,,,37171,8.0,8,,,,,,,,
,,,,,37176,5.0,5,,,,,,,,
,,,,,37185,9.0,9,,,,,,,,
,,,,,37190,5.0,5,,,,,,,,
,,,,,37193,3.0,3,,,,,,,,
,,,,,37203,10.0,10,,,,,,,,
,,,,,37211,8.0,8,,,,,,,,
,,,,,37216,5.0,5,,,,,,,,
,,,,,37219,3.0,3,,,,,,,,
,,,,,37224,5.0,5,,,,,,,,
,,,,,37227,3.0,3,,,,,,,,
,,,,,37237,10.0,10,,,,,,,,
,,,,,37242,5.0,5,,,,,,,,
,,,,,37245,3.0,3,,,,,,,,
,,,,,37249,4.0,4,,,,,,,,
,,,,,37253,4.0,4,,,,,,,,
,,,,,37257,4.0,4,,,,,,,,
,,,,,37262,5.0,5,,,,,,,,
,,,,,37265,3.0,3,,,,,,,,
,,,,,37270,5.0,5,,,,,,,,
,,,,,37273,3.0,3,,,,,,,,
,,,,,37276,3.0,3,,,,,,,,
,,,,,37282,6.0,6,,,,,,,,
,,,,,37286,4.0,4,,,,,,,,
,,,,,37294,8.0,8,,,,,,,,
,,,,,37297,3.0,3,,,,,,,,
,,,,,37302,5.0,5,,,,,,,,
,,,,,37307,5.0,5,,,,,,,,
,,,,,37311,4.0,4,,,,,,,,
,,,,,37314,3.0,3,,,,,,,,
,,,,,37318,4.0,4,,,,,,,,
,,,,,37322,4.0,4,,,,,,,,
,,,,,37328,6.0,6,,,,,,,,
,,,,,37333,5.0,5,,,,,,,,
,,,,,37339,6.0,6,,,,,,,,
,,,,,37343,4.0,4,,,,,,,,
,,,,,37351,8.0,8,,,,,,,,
,,,,,37373,22.0,22,,,,,,,,
,,,,,37379,6.0,6,,,,,,,,
,,,,,37382,3.0,3,,,,,,,,
,,,,,37389,7.0,7,,,,,,,,
,,,,,37393,4.0,4,,,,,,,,
,,,,,37413,20.0,20,,,,,,,,
,,,,,37416,3.0,3,,,,,,,,
,,,,,37419,3.0,3,,,,,,,,
,,,,,37426,7.0,7,,,,,,,,
,,,,,37430,4.0,4,,,,,,,,
,,,,,37440,10.0,10,,,,,,,,
,,,,,37450,10.0,10,,,,,,,,
,,,,,37456,6.0,6,,,,,,,,
,,,,,37460,4.0,4,,,,,,,,
,,,,,37465,5.0,5,,,,,,,,
,,,,,37469,4.0,4,,,,,,,,
,,,,,37472,3.0,3,,,,,,,,
,,,,,37475,3.0,3,,,,,,,,
,,,,,37478,3.0,3,,,,,,,,
,,,,,37483,5.0,5,,,,,,,,
,,,,,37491,8.0,8,,,,,,,,
,,,,,37496,5.0,5,,,,,,,,
,,,,,37502,6.0,6,,,,,,,,
,,,,,37505,3.0,3,,,,,,,,
,,,,,37508,3.0,3,,,,,,,,
,,,,,37522,14.0,14,,,,,,,,
,,,,,37531,9.0,9,,,,,,,,
,,,,,37542,11.0,11,,,,,,,,
,,,,,37548,6.0,6,,,,,,,,
,,,,,37554,6.0,6,,,,,,,,
,,,,,37557,3.0,3,,,,,,,,
,,,,,37560,3.0,3,,,,,,,,
,,,,,37566,6.0,6,,,,,,,,
,,,,,37569,3.0,3,,,,,,,,
,,,,,37573,4.0,4,,,,,,,,
,,,,,37592,19.0,19,,,,,,,,
,,,,,37601,9.0,9,,,,,,,,
,,,,,37614,13.0,13,,,,,,,,
,,,,,37627,13.0,13,,,,,,,,
,,,,,37631,4.0,4,,,,,,,,
,,,,,37636,5.0,5,,,,,,,,
,,,,,37643,7.0,7,,,,,,,,
,,,,,37646,3.0,3,,,,,,,,
,,,,,37651,5.0,5,,,,,,,,
,,,,,37654,3.0,3,,,,,,,,
,,,,,37660,6.0,6,,,,,,,,
,,,,,37666,6.0,6,,,,,,,,
,,,,,37673,7.0,7,,,,,,,,
,,,,,37683,10.0,10,,,,,,,,
,,,,,37687,4.0,4,,,,,,,,
,,,,,37698,11.0,11,,,,,,,,
,,,,,37701,3.0,3,,,,,,,,
,,,,,37706,5.0,5,,,,,,,,
,,,,,37711,5.0,5,,,,,,,,
,,,,,37717,6.0,6,,,,,,,,
,,,,,37722,5.0,5,,,,,,,,
,,,,,37726,4.0,4,,,,,,,,
,,,,,37731,5.0,5,,,,,,,,
,,,,,37734,3.0,3,,,,,,,,
,,,,,37739,5.0,5,,,,,,,,
,,,,,37746,7.0,7,,,,,,,,
,,,,,37752,6.0,6,,,,,,,,
,,,,,37758,6.0,6,,,,,,,,
,,,,,37761,3.0,3,,,,,,,,
,,,,,37772,11.0,11,,,,,,,,
,,,,,37782,10.0,10,,,,,,,,
,,,,,37787,5.0,5,,,,,,,,
,,,,,37794,7.0,7,,,,,,,,
,,,,,37803,9.0,9,,,,,,,,
,,,,,37813,10.0,10,,,,,,,,
,,,,,37830,17.0,17,,,,,,,,
,,,,,37833,3.0,3,,,,,,,,
,,,,,37838,5.0,5,,,,,,,,
,,,,,37841,3.0,3,,,,,,,,
,,,,,37848,7.0,7,,,,,,,,
,,,,,37855,7.0,7,,,,,,,,
,,,,,37863,8.0,8,,,,,,,,
,,,,,37869,6.0,6,,,,,,,,
,,,,,37875,6.0,6,,,,,,,,
,,,,,37878,3.0,3,,,,,,,,
,,,,,37882,4.0,4,,,,,,,,
,,,,,37893,11.0,11,,,,,,,,
,,,,,37902,9.0,9,,,,,,,,
,,,,,37905,3.0,3,,,,,,,,
,,,,,37910,5.0,5,,,,,,,,
,,,,,37929,19.0,19,,,,,,,,
,,,,,37933,4.0,4,,,,,,,,
,,,,,37941,8.0,8,,,,,,,,
,,,,,37955,14.0,14,,,,,,,,
,,,,,37959,4.0,4,,,,,,,,
,,,,,37962,3.0,3,,,,,,,,
,,,,,37970,8.0,8,,,,,,,,
,,,,,37976,6.0,6,,,,,,,,
,,,,,37980,4.0,4,,,,,,,,
,,,,,37985,5.0,5,,,,,,,,
,,,,,37988,3.0,3,,,,,,,,
,,,,,37993,5.0,5,,,,,,,,
,,,,,38000,,,-0.06819558143615723,0.6819558143615723,1.6857020854949951,4.4486260414123535,4.382512092590332,0.0003,0.0003,0.1
,,,,,38005,12.0,12,,,,,,,,
,,,,,38011,6.0,6,,,,,,,,
,,,,,38015,4.0,4,,,,,,,,
,,,,,38020,5.0,5,,,,,,,,
,,,,,38026,6.0,6,,,,,,,,
,,,,,38046,20.0,20,,,,,,,,
,,,,,38049,3.0,3,,,,,,,,
,,,,,38059,10.0,10,,,,,,,,
,,,,,38063,4.0,4,,,,,,,,
,,,,,38068,5.0,5,,,,,,,,
,,,,,38077,9.0,9,,,,,,,,
,,,,,38080,3.0,3,,,,,,,,
,,,,,38085,5.0,5,,,,,,,,
,,,,,38090,5.0,5,,,,,,,,
,,,,,38096,6.0,6,,,,,,,,
,,,,,38100,4.0,4,,,,,,,,
,,,,,38103,3.0,3,,,,,,,,
,,,,,38106,3.0,3,,,,,,,,
,,,,,38113,7.0,7,,,,,,,,
,,,,,38122,9.0,9,,,,,,,,
,,,,,38126,4.0,4,,,,,,,,
,,,,,38135,9.0,9,,,,,,,,
,,,,,38145,10.0,10,,,,,,,,
,,,,,38151,6.0,6,,,,,,,,
,,,,,38156,5.0,5,,,,,,,,
,,,,,38166,10.0,10,,,,,,,,
,,,,,38173,7.0,7,,,,,,,,
,,,,,38183,10.0,10,,,,,,,,
,,,,,38190,7.0,7,,,,,,,,
,,,,,38204,14.0,14,,,,,,,,
,,,,,38208,4.0,4,,,,,,,,
,,,,,38212,4.0,4,,,,,,,,
,,,,,38215,3.0,3,,,,,,,,
,,,,,38221,6.0,6,,,,,,,,
,,,,,38225,4.0,4,,,,,,,,
,,,,,38230,5.0,5,,,,,,,,
,,,,,38235,5.0,5,,,,,,,,
,,,,,38241,6.0,6,,,,,,,,
,,,,,38245,4.0,4,,,,,,,,
,,,,,38249,4.0,4,,,,,,,,
,,,,,38252,3.0,3,,,,,,,,
,,,,,38255,3.0,3,,,,,,,,
,,,,,38261,6.0,6,,,,,,,,
,,,,,38268,7.0,7,,,,,,,,
,,,,,38277,9.0,9,,,,,,,,
,,,,,38280,3.0,3,,,,,,,,
,,,,,38287,7.0,7,,,,,,,,
,,,,,38296,9.0,9,,,,,,,,
,,,,,38299,3.0,3,,,,,,,,
,,,,,38302,3.0,3,,,,,,,,
,,,,,38306,4.0,4,,,,,,,,
,,,,,38311,5.0,5,,,,,,,,
,,,,,38315,4.0,4,,,,,,,,
,,,,,38326,11.0,11,,,,,,,,
,,,,,38331,5.0,5,,,,,,,,
,,,,,38338,7.0,7,,,,,,,,
,,,,,38350,12.0,12,,,,,,,,
,,,,,38359,9.0,9,,,,,,,,
,,,,,38362,3.0,3,,,,,,,,
,,,,,38371,9.0,9,,,,,,,,
,,,,,38375,4.0,4,,,,,,,,
,,,,,38378,3.0,3,,,,,,,,
,,,,,38381,3.0,3,,,,,,,,
,,,,,38390,9.0,9,,,,,,,,
,,,,,38393,3.0,3,,,,,,,,
,,,,,38397,4.0,4,,,,,,,,
,,,,,38406,9.0,9,,,,,,,,
,,,,,38410,4.0,4,,,,,,,,
,,,,,38417,7.0,7,,,,,,,,
,,,,,38421,4.0,4,,,,,,,,
,,,,,38428,7.0,7,,,,,,,,
,,,,,38434,6.0,6,,,,,,,,
,,,,,38439,5.0,5,,,,,,,,
,,,,,38444,5.0,5,,,,,,,,
,,,,,38448,4.0,4,,,,,,,,
,,,,,38451,3.0,3,,,,,,,,
,,,,,38454,3.0,3,,,,,,,,
,,,,,38462,8.0,8,,,,,,,,
,,,,,38465,3.0,3,,,,,,,,
,,,,,38469,4.0,4,,,,,,,,
,,,,,38473,4.0,4,,,,,,,,
,,,,,38476,3.0,3,,,,,,,,
,,,,,38482,6.0,6,,,,,,,,
,,,,,38487,5.0,5,,,,,,,,
,,,,,38490,3.0,3,,,,,,,,
,,,,,38504,14.0,14,,,,,,,,
,,,,,38507,3.0,3,,,,,,,,
,,,,,38510,3.0,3,,,,,,,,
,,,,,38513,3.0,3,,,,,,,,
,,,,,38517,4.0,4,,,,,,,,
,,,,,38523,6.0,6,,,,,,,,
,,,,,38527,4.0,4,,,,,,,,
,,,,,38531,4.0,4,,,,,,,,
,,,,,38542,11.0,11,,,,,,,,
,,,,,38546,4.0,4,,,,,,,,
,,,,,38554,8.0,8,,,,,,,,
,,,,,38558,4.0,4,,,,,,,,
,,,,,38563,5.0,5,,,,,,,,
,,,,,38571,8.0,8,,,,,,,,
,,,,,38577,6.0,6,,,,,,,,
,,,,,38580,3.0,3,,,,,,,,
,,,,,38584,4.0,4,,,,,,,,
,,,,,38587,3.0,3,,,,,,,,
,,,,,38596,9.0,9,,,,,,,,
,,,,,38603,7.0,7,,,,,,,,
,,,,,38607,4.0,4,,,,,,,,
,,,,,38621,14.0,14,,,,,,,,
,,,,,38624,3.0,3,,,,,,,,
,,,,,38629,5.0,5,,,,,,,,
,,,,,38632,3.0,3,,,,,,,,
,,,,,38636,4.0,4,,,,,,,,
,,,,,38639,3.0,3,,,,,,,,
,,,,,38643,4.0,4,,,,,,,,
,,,,,38647,4.0,4,,,,,,,,
,,,,,38663,16.0,16,,,,,,,,
,,,,,38667,4.0,4,,,,,,,,
,,,,,38671,4.0,4,,,,,,,,
,,,,,38675,4.0,4,,,,,,,,
,,,,,38694,19.0,19,,,,,,,,
,,,,,38697,3.0,3,,,,,,,,
,,,,,38705,8.0,8,,,,,,,,
,,,,,38709,4.0,4,,,,,,,,
,,,,,38716,7.0,7,,,,,,,,
,,,,,38721,5.0,5,,,,,,,,
,,,,,38728,7.0,7,,,,,,,,
,,,,,38739,11.0,11,,,,,,,,
,,,,,38744,5.0,5,,,,,,,,
,,,,,38747,3.0,3,,,,,,,,
,,,,,38750,3.0,3,,,,,,,,
,,,,,38754,4.0,4,,,,,,,,
,,,,,38757,3.0,3,,,,,,,,
,,,,,38763,6.0,6,,,,,,,,
,,,,,38777,14.0,14,,,,,,,,
,,,,,38783,6.0,6,,,,,,,,
,,,,,38786,3.0,3,,,,,,,,
,,,,,38793,7.0,7,,,,,,,,
,,,,,38810,17.0,17,,,,,,,,
,,,,,38815,5.0,5,,,,,,,,
,,,,,38821,6.0,6,,,,,,,,
,,,,,38828,7.0,7,,,,,,,,
,,,,,38831,3.0,3,,,,,,,,
,,,,,38835,4.0,4,,,,,,,,
,,,,,38843,8.0,8,,,,,,,,
,,,,,38846,3.0,3,,,,,,,,
,,,,,38853,7.0,7,,,,,,,,
,,,,,38864,11.0,11,,,,,,,,
,,,,,38872,8.0,8,,,,,,,,
,,,,,38875,3.0,3,,,,,,,,
,,,,,38879,4.0,4,,,,,,,,
,,,,,38886,7.0,7,,,,,,,,
,,,,,38890,4.0,4,,,,,,,,
,,,,,38900,10.0,10,,,,,,,,
,,,,,38903,3.0,3,,,,,,,,
,,,,,38908,5.0,5,,,,,,,,
,,,,,38912,4.0,4,,,,,,,,
,,,,,38918,6.0,6,,,,,,,,
,,,,,38923,5.0,5,,,,,,,,
,,,,,38933,10.0,10,,,,,,,,
,,,,,38943,10.0,10,,,,,,,,
,,,,,38948,5.0,5,,,,,,,,
,,,,,38962,14.0,14,,,,,,,,
,,,,,38966,4.0,4,,,,,,,,
,,,,,38971,5.0,5,,,,,,,,
,,,,,38976,5.0,5,,,,,,,,
,,,,,38984,8.0,8,,,,,,,,
,,,,,38988,4.0,4,,,,,,,,
,,,,,38994,6.0,6,,,,,,,,
,,,,,39000,,,-0.06816507130861282,0.681650698184967,2.069453477859497,4.777560234069824,4.876962661743164,0.0003,0.0003,0.1
,,,,,39003,9.0,9,,,,,,,,
,,,,,39007,4.0,4,,,,,,,,
,,,,,39010,3.0,3,,,,,,,,
,,,,,39016,6.0,6,,,,,,,,
,,,,,39020,4.0,4,,,,,,,,
,,,,,39025,5.0,5,,,,,,,,
,,,,,39030,5.0,5,,,,,,,,
,,,,,39038,8.0,8,,,,,,,,
,,,,,39041,3.0,3,,,,,,,,
,,,,,39044,3.0,3,,,,,,,,
,,,,,39049,5.0,5,,,,,,,,
,,,,,39060,11.0,11,,,,,,,,
,,,,,39067,7.0,7,,,,,,,,
,,,,,39071,4.0,4,,,,,,,,
,,,,,39075,4.0,4,,,,,,,,
,,,,,39079,4.0,4,,,,,,,,
,,,,,39089,10.0,10,,,,,,,,
,,,,,39094,5.0,5,,,,,,,,
,,,,,39098,4.0,4,,,,,,,,
,,,,,39105,7.0,7,,,,,,,,
,,,,,39109,4.0,4,,,,,,,,
,,,,,39115,6.0,6,,,,,,,,
,,,,,39118,3.0,3,,,,,,,,
,,,,,39121,3.0,3,,,,,,,,
,,,,,39128,7.0,7,,,,,,,,
,,,,,39135,7.0,7,,,,,,,,
,,,,,39149,14.0,14,,,,,,,,
,,,,,39156,7.0,7,,,,,,,,
,,,,,39159,3.0,3,,,,,,,,
,,,,,39165,6.0,6,,,,,,,,
,,,,,39173,8.0,8,,,,,,,,
,,,,,39180,7.0,7,,,,,,,,
,,,,,39184,4.0,4,,,,,,,,
,,,,,39198,14.0,14,,,,,,,,
,,,,,39204,6.0,6,,,,,,,,
,,,,,39210,6.0,6,,,,,,,,
,,,,,39223,13.0,13,,,,,,,,
,,,,,39230,7.0,7,,,,,,,,
,,,,,39234,4.0,4,,,,,,,,
,,,,,39243,9.0,9,,,,,,,,
,,,,,39246,3.0,3,,,,,,,,
,,,,,39254,8.0,8,,,,,,,,
,,,,,39259,5.0,5,,,,,,,,
,,,,,39266,7.0,7,,,,,,,,
,,,,,39271,5.0,5,,,,,,,,
,,,,,39275,4.0,4,,,,,,,,
,,,,,39280,5.0,5,,,,,,,,
,,,,,39283,3.0,3,,,,,,,,
,,,,,39293,10.0,10,,,,,,,,
,,,,,39300,7.0,7,,,,,,,,
,,,,,39304,4.0,4,,,,,,,,
,,,,,39308,4.0,4,,,,,,,,
,,,,,39316,8.0,8,,,,,,,,
,,,,,39320,4.0,4,,,,,,,,
,,,,,39327,7.0,7,,,,,,,,
,,,,,39337,10.0,10,,,,,,,,
,,,,,39342,5.0,5,,,,,,,,
,,,,,39346,4.0,4,,,,,,,,
,,,,,39351,5.0,5,,,,,,,,
,,,,,39355,4.0,4,,,,,,,,
,,,,,39365,10.0,10,,,,,,,,
,,,,,39369,4.0,4,,,,,,,,
,,,,,39374,5.0,5,,,,,,,,
,,,,,39379,5.0,5,,,,,,,,
,,,,,39384,5.0,5,,,,,,,,
,,,,,39388,4.0,4,,,,,,,,
,,,,,39397,9.0,9,,,,,,,,
,,,,,39400,3.0,3,,,,,,,,
,,,,,39403,3.0,3,,,,,,,,
,,,,,39409,6.0,6,,,,,,,,
,,,,,39413,4.0,4,,,,,,,,
,,,,,39416,3.0,3,,,,,,,,
,,,,,39419,3.0,3,,,,,,,,
,,,,,39424,5.0,5,,,,,,,,
,,,,,39431,7.0,7,,,,,,,,
,,,,,39434,3.0,3,,,,,,,,
,,,,,39443,9.0,9,,,,,,,,
,,,,,39446,3.0,3,,,,,,,,
,,,,,39449,3.0,3,,,,,,,,
,,,,,39456,7.0,7,,,,,,,,
,,,,,39460,4.0,4,,,,,,,,
,,,,,39464,4.0,4,,,,,,,,
,,,,,39468,4.0,4,,,,,,,,
,,,,,39488,20.0,20,,,,,,,,
,,,,,39492,4.0,4,,,,,,,,
,,,,,39497,5.0,5,,,,,,,,
,,,,,39502,5.0,5,,,,,,,,
,,,,,39507,5.0,5,,,,,,,,
,,,,,39510,3.0,3,,,,,,,,
,,,,,39513,3.0,3,,,,,,,,
,,,,,39526,13.0,13,,,,,,,,
,,,,,39531,5.0,5,,,,,,,,
,,,,,39537,6.0,6,,,,,,,,
,,,,,39540,3.0,3,,,,,,,,
,,,,,39557,17.0,17,,,,,,,,
,,,,,39562,5.0,5,,,,,,,,
,,,,,39566,4.0,4,,,,,,,,
,,,,,39573,7.0,7,,,,,,,,
,,,,,39577,4.0,4,,,,,,,,
,,,,,39588,11.0,11,,,,,,,,
,,,,,39596,8.0,8,,,,,,,,
,,,,,39601,5.0,5,,,,,,,,
,,,,,39607,6.0,6,,,,,,,,
,,,,,39614,7.0,7,,,,,,,,
,,,,,39617,3.0,3,,,,,,,,
,,,,,39625,8.0,8,,,,,,,,
,,,,,39630,5.0,5,,,,,,,,
,,,,,39633,3.0,3,,,,,,,,
,,,,,39639,6.0,6,,,,,,,,
,,,,,39650,11.0,11,,,,,,,,
,,,,,39653,3.0,3,,,,,,,,
,,,,,39657,4.0,4,,,,,,,,
,,,,,39662,5.0,5,,,,,,,,
,,,,,39665,3.0,3,,,,,,,,
,,,,,39671,6.0,6,,,,,,,,
,,,,,39674,3.0,3,,,,,,,,
,,,,,39679,5.0,5,,,,,,,,
,,,,,39683,4.0,4,,,,,,,,
,,,,,39686,3.0,3,,,,,,,,
,,,,,39689,3.0,3,,,,,,,,
,,,,,39692,3.0,3,,,,,,,,
,,,,,39699,7.0,7,,,,,,,,
,,,,,39703,4.0,4,,,,,,,,
,,,,,39707,4.0,4,,,,,,,,
,,,,,39711,4.0,4,,,,,,,,
,,,,,39714,3.0,3,,,,,,,,
,,,,,39718,4.0,4,,,,,,,,
,,,,,39722,4.0,4,,,,,,,,
,,,,,39729,7.0,7,,,,,,,,
,,,,,39733,4.0,4,,,,,,,,
,,,,,39739,6.0,6,,,,,,,,
,,,,,39742,3.0,3,,,,,,,,
,,,,,39752,10.0,10,,,,,,,,
,,,,,39756,4.0,4,,,,,,,,
,,,,,39760,4.0,4,,,,,,,,
,,,,,39765,5.0,5,,,,,,,,
,,,,,39773,8.0,8,,,,,,,,
,,,,,39777,4.0,4,,,,,,,,
,,,,,39783,6.0,6,,,,,,,,
,,,,,39793,10.0,10,,,,,,,,
,,,,,39797,4.0,4,,,,,,,,
,,,,,39809,12.0,12,,,,,,,,
,,,,,39813,4.0,4,,,,,,,,
,,,,,39825,12.0,12,,,,,,,,
,,,,,39829,4.0,4,,,,,,,,
,,,,,39847,18.0,18,,,,,,,,
,,,,,39850,3.0,3,,,,,,,,
,,,,,39858,8.0,8,,,,,,,,
,,,,,39868,10.0,10,,,,,,,,
,,,,,39878,10.0,10,,,,,,,,
,,,,,39883,5.0,5,,,,,,,,
,,,,,39889,6.0,6,,,,,,,,
,,,,,39896,7.0,7,,,,,,,,
,,,,,39902,6.0,6,,,,,,,,
,,,,,39911,9.0,9,,,,,,,,
,,,,,39923,12.0,12,,,,,,,,
,,,,,39928,5.0,5,,,,,,,,
,,,,,39942,14.0,14,,,,,,,,
,,,,,39947,5.0,5,,,,,,,,
,,,,,39950,3.0,3,,,,,,,,
,,,,,39966,16.0,16,,,,,,,,
,,,,,39969,3.0,3,,,,,,,,
,,,,,39973,4.0,4,,,,,,,,
,,,,,39977,4.0,4,,,,,,,,
,,,,,39990,13.0,13,,,,,,,,
,,,,,39994,4.0,4,,,,,,,,
7.2,6.257795,25.0,3.0,7.2,40000,,,-0.06904350966215134,0.6904350519180298,1.83307683467865,4.8204145431518555,4.71773624420166,0.0003,0.0003,0.1
,,,,,40004,10.0,10,,,,,,,,
,,,,,40007,3.0,3,,,,,,,,
,,,,,40013,6.0,6,,,,,,,,
,,,,,40018,5.0,5,,,,,,,,
,,,,,40023,5.0,5,,,,,,,,
,,,,,40026,3.0,3,,,,,,,,
,,,,,40037,11.0,11,,,,,,,,
,,,,,40045,8.0,8,,,,,,,,
,,,,,40062,17.0,17,,,,,,,,
,,,,,40065,3.0,3,,,,,,,,
,,,,,40070,5.0,5,,,,,,,,
,,,,,40074,4.0,4,,,,,,,,
,,,,,40084,10.0,10,,,,,,,,
,,,,,40089,5.0,5,,,,,,,,
,,,,,40096,7.0,7,,,,,,,,
,,,,,40109,13.0,13,,,,,,,,
,,,,,40113,4.0,4,,,,,,,,
,,,,,40116,3.0,3,,,,,,,,
,,,,,40121,5.0,5,,,,,,,,
,,,,,40128,7.0,7,,,,,,,,
,,,,,40139,11.0,11,,,,,,,,
,,,,,40143,4.0,4,,,,,,,,
,,,,,40149,6.0,6,,,,,,,,
,,,,,40152,3.0,3,,,,,,,,
,,,,,40155,3.0,3,,,,,,,,
,,,,,40158,3.0,3,,,,,,,,
,,,,,40161,3.0,3,,,,,,,,
,,,,,40165,4.0,4,,,,,,,,
,,,,,40170,5.0,5,,,,,,,,
,,,,,40175,5.0,5,,,,,,,,
,,,,,40178,3.0,3,,,,,,,,
,,,,,40191,13.0,13,,,,,,,,
,,,,,40196,5.0,5,,,,,,,,
,,,,,40199,3.0,3,,,,,,,,
,,,,,40202,3.0,3,,,,,,,,
,,,,,40215,13.0,13,,,,,,,,
,,,,,40219,4.0,4,,,,,,,,
,,,,,40222,3.0,3,,,,,,,,
,,,,,40242,20.0,20,,,,,,,,
,,,,,40248,6.0,6,,,,,,,,
,,,,,40252,4.0,4,,,,,,,,
,,,,,40256,4.0,4,,,,,,,,
,,,,,40268,12.0,12,,,,,,,,
,,,,,40274,6.0,6,,,,,,,,
,,,,,40281,7.0,7,,,,,,,,
,,,,,40286,5.0,5,,,,,,,,
,,,,,40294,8.0,8,,,,,,,,
,,,,,40302,8.0,8,,,,,,,,
,,,,,40311,9.0,9,,,,,,,,
,,,,,40320,9.0,9,,,,,,,,
,,,,,40327,7.0,7,,,,,,,,
,,,,,40331,4.0,4,,,,,,,,
,,,,,40334,3.0,3,,,,,,,,
,,,,,40340,6.0,6,,,,,,,,
,,,,,40343,3.0,3,,,,,,,,
,,,,,40350,7.0,7,,,,,,,,
,,,,,40356,6.0,6,,,,,,,,
,,,,,40370,14.0,14,,,,,,,,
,,,,,40374,4.0,4,,,,,,,,
,,,,,40378,4.0,4,,,,,,,,
,,,,,40382,4.0,4,,,,,,,,
,,,,,40388,6.0,6,,,,,,,,
,,,,,40391,3.0,3,,,,,,,,
,,,,,40396,5.0,5,,,,,,,,
,,,,,40403,7.0,7,,,,,,,,
,,,,,40411,8.0,8,,,,,,,,
,,,,,40418,7.0,7,,,,,,,,
,,,,,40422,4.0,4,,,,,,,,
,,,,,40426,4.0,4,,,,,,,,
,,,,,40429,3.0,3,,,,,,,,
,,,,,40439,10.0,10,,,,,,,,
,,,,,40446,7.0,7,,,,,,,,
,,,,,40450,4.0,4,,,,,,,,
,,,,,40453,3.0,3,,,,,,,,
,,,,,40459,6.0,6,,,,,,,,
,,,,,40463,4.0,4,,,,,,,,
,,,,,40467,4.0,4,,,,,,,,
,,,,,40473,6.0,6,,,,,,,,
,,,,,40483,10.0,10,,,,,,,,
,,,,,40486,3.0,3,,,,,,,,
,,,,,40492,6.0,6,,,,,,,,
,,,,,40499,7.0,7,,,,,,,,
,,,,,40504,5.0,5,,,,,,,,
,,,,,40508,4.0,4,,,,,,,,
,,,,,40524,16.0,16,,,,,,,,
,,,,,40529,5.0,5,,,,,,,,
,,,,,40533,4.0,4,,,,,,,,
,,,,,40537,4.0,4,,,,,,,,
,,,,,40543,6.0,6,,,,,,,,
,,,,,40546,3.0,3,,,,,,,,
,,,,,40550,4.0,4,,,,,,,,
,,,,,40555,5.0,5,,,,,,,,
,,,,,40558,3.0,3,,,,,,,,
,,,,,40570,12.0,12,,,,,,,,
,,,,,40573,3.0,3,,,,,,,,
,,,,,40579,6.0,6,,,,,,,,
,,,,,40585,6.0,6,,,,,,,,
,,,,,40592,7.0,7,,,,,,,,
,,,,,40600,8.0,8,,,,,,,,
,,,,,40605,5.0,5,,,,,,,,
,,,,,40616,11.0,11,,,,,,,,
,,,,,40623,7.0,7,,,,,,,,
,,,,,40628,5.0,5,,,,,,,,
,,,,,40631,3.0,3,,,,,,,,
,,,,,40635,4.0,4,,,,,,,,
,,,,,40640,5.0,5,,,,,,,,
,,,,,40651,11.0,11,,,,,,,,
,,,,,40666,15.0,15,,,,,,,,
,,,,,40670,4.0,4,,,,,,,,
,,,,,40677,7.0,7,,,,,,,,
,,,,,40680,3.0,3,,,,,,,,
,,,,,40686,6.0,6,,,,,,,,
,,,,,40693,7.0,7,,,,,,,,
,,,,,40701,8.0,8,,,,,,,,
,,,,,40714,13.0,13,,,,,,,,
,,,,,40718,4.0,4,,,,,,,,
,,,,,40724,6.0,6,,,,,,,,
,,,,,40731,7.0,7,,,,,,,,
,,,,,40734,3.0,3,,,,,,,,
,,,,,40742,8.0,8,,,,,,,,
,,,,,40745,3.0,3,,,,,,,,
,,,,,40750,5.0,5,,,,,,,,
,,,,,40768,18.0,18,,,,,,,,
,,,,,40780,12.0,12,,,,,,,,
,,,,,40785,5.0,5,,,,,,,,
,,,,,40797,12.0,12,,,,,,,,
,,,,,40800,3.0,3,,,,,,,,
,,,,,40806,6.0,6,,,,,,,,
,,,,,40815,9.0,9,,,,,,,,
,,,,,40828,13.0,13,,,,,,,,
,,,,,40835,7.0,7,,,,,,,,
,,,,,40845,10.0,10,,,,,,,,
,,,,,40850,5.0,5,,,,,,,,
,,,,,40858,8.0,8,,,,,,,,
,,,,,40862,4.0,4,,,,,,,,
,,,,,40866,4.0,4,,,,,,,,
,,,,,40870,4.0,4,,,,,,,,
,,,,,40876,6.0,6,,,,,,,,
,,,,,40880,4.0,4,,,,,,,,
,,,,,40884,4.0,4,,,,,,,,
,,,,,40888,4.0,4,,,,,,,,
,,,,,40893,5.0,5,,,,,,,,
,,,,,40907,14.0,14,,,,,,,,
,,,,,40917,10.0,10,,,,,,,,
,,,,,40925,8.0,8,,,,,,,,
,,,,,40932,7.0,7,,,,,,,,
,,,,,40939,7.0,7,,,,,,,,
,,,,,40942,3.0,3,,,,,,,,
,,,,,40945,3.0,3,,,,,,,,
,,,,,40953,8.0,8,,,,,,,,
,,,,,40956,3.0,3,,,,,,,,
,,,,,40959,3.0,3,,,,,,,,
,,,,,40966,7.0,7,,,,,,,,
,,,,,40970,4.0,4,,,,,,,,
,,,,,40973,3.0,3,,,,,,,,
,,,,,40979,6.0,6,,,,,,,,
,,,,,40987,8.0,8,,,,,,,,
,,,,,40990,3.0,3,,,,,,,,
,,,,,40996,6.0,6,,,,,,,,
,,,,,40999,3.0,3,,,,,,,,
,,,,,41000,,,-0.06872574985027313,0.6872574687004089,1.9708569049835205,4.618168830871582,4.635595321655273,0.0003,0.0003,0.1
,,,,,41011,12.0,12,,,,,,,,
,,,,,41015,4.0,4,,,,,,,,
,,,,,41018,3.0,3,,,,,,,,
,,,,,41022,4.0,4,,,,,,,,
,,,,,41027,5.0,5,,,,,,,,
,,,,,41033,6.0,6,,,,,,,,
,,,,,41049,16.0,16,,,,,,,,
,,,,,41064,15.0,15,,,,,,,,
,,,,,41070,6.0,6,,,,,,,,
,,,,,41075,5.0,5,,,,,,,,
,,,,,41084,9.0,9,,,,,,,,
,,,,,41096,12.0,12,,,,,,,,
,,,,,41101,5.0,5,,,,,,,,
,,,,,41104,3.0,3,,,,,,,,
,,,,,41112,8.0,8,,,,,,,,
,,,,,41117,5.0,5,,,,,,,,
,,,,,41131,14.0,14,,,,,,,,
,,,,,41134,3.0,3,,,,,,,,
,,,,,41140,6.0,6,,,,,,,,
,,,,,41143,3.0,3,,,,,,,,
,,,,,41149,6.0,6,,,,,,,,
,,,,,41156,7.0,7,,,,,,,,
,,,,,41160,4.0,4,,,,,,,,
,,,,,41171,11.0,11,,,,,,,,
,,,,,41177,6.0,6,,,,,,,,
,,,,,41180,3.0,3,,,,,,,,
,,,,,41189,9.0,9,,,,,,,,
,,,,,41193,4.0,4,,,,,,,,
,,,,,41197,4.0,4,,,,,,,,
,,,,,41201,4.0,4,,,,,,,,
,,,,,41207,6.0,6,,,,,,,,
,,,,,41210,3.0,3,,,,,,,,
,,,,,41215,5.0,5,,,,,,,,
,,,,,41221,6.0,6,,,,,,,,
,,,,,41227,6.0,6,,,,,,,,
,,,,,41231,4.0,4,,,,,,,,
,,,,,41242,11.0,11,,,,,,,,
,,,,,41250,8.0,8,,,,,,,,
,,,,,41255,5.0,5,,,,,,,,
,,,,,41258,3.0,3,,,,,,,,
,,,,,41263,5.0,5,,,,,,,,
,,,,,41267,4.0,4,,,,,,,,
,,,,,41271,4.0,4,,,,,,,,
,,,,,41274,3.0,3,,,,,,,,
,,,,,41277,3.0,3,,,,,,,,
,,,,,41284,7.0,7,,,,,,,,
,,,,,41287,3.0,3,,,,,,,,
,,,,,41298,11.0,11,,,,,,,,
,,,,,41302,4.0,4,,,,,,,,
,,,,,41306,4.0,4,,,,,,,,
,,,,,41311,5.0,5,,,,,,,,
,,,,,41322,11.0,11,,,,,,,,
,,,,,41337,15.0,15,,,,,,,,
,,,,,41340,3.0,3,,,,,,,,
,,,,,41343,3.0,3,,,,,,,,
,,,,,41347,4.0,4,,,,,,,,
,,,,,41351,4.0,4,,,,,,,,
,,,,,41357,6.0,6,,,,,,,,
,,,,,41369,12.0,12,,,,,,,,
,,,,,41372,3.0,3,,,,,,,,
,,,,,41380,8.0,8,,,,,,,,
,,,,,41387,7.0,7,,,,,,,,
,,,,,41391,4.0,4,,,,,,,,
,,,,,41398,7.0,7,,,,,,,,
,,,,,41405,7.0,7,,,,,,,,
,,,,,41411,6.0,6,,,,,,,,
,,,,,41415,4.0,4,,,,,,,,
,,,,,41419,4.0,4,,,,,,,,
,,,,,41424,5.0,5,,,,,,,,
,,,,,41438,14.0,14,,,,,,,,
,,,,,41444,6.0,6,,,,,,,,
,,,,,41449,5.0,5,,,,,,,,
,,,,,41453,4.0,4,,,,,,,,
,,,,,41456,3.0,3,,,,,,,,
,,,,,41459,3.0,3,,,,,,,,
,,,,,41468,9.0,9,,,,,,,,
,,,,,41471,3.0,3,,,,,,,,
,,,,,41474,3.0,3,,,,,,,,
,,,,,41478,4.0,4,,,,,,,,
,,,,,41487,9.0,9,,,,,,,,
,,,,,41491,4.0,4,,,,,,,,
,,,,,41501,10.0,10,,,,,,,,
,,,,,41505,4.0,4,,,,,,,,
,,,,,41509,4.0,4,,,,,,,,
,,,,,41512,3.0,3,,,,,,,,
,,,,,41520,8.0,8,,,,,,,,
,,,,,41523,3.0,3,,,,,,,,
,,,,,41526,3.0,3,,,,,,,,
,,,,,41529,3.0,3,,,,,,,,
,,,,,41532,3.0,3,,,,,,,,
,,,,,41537,5.0,5,,,,,,,,
,,,,,41543,6.0,6,,,,,,,,
,,,,,41550,7.0,7,,,,,,,,
,,,,,41554,4.0,4,,,,,,,,
,,,,,41558,4.0,4,,,,,,,,
,,,,,41561,3.0,3,,,,,,,,
,,,,,41572,11.0,11,,,,,,,,
,,,,,41589,17.0,17,,,,,,,,
,,,,,41593,4.0,4,,,,,,,,
,,,,,41604,11.0,11,,,,,,,,
,,,,,41607,3.0,3,,,,,,,,
,,,,,41619,12.0,12,,,,,,,,
,,,,,41626,7.0,7,,,,,,,,
,,,,,41629,3.0,3,,,,,,,,
,,,,,41634,5.0,5,,,,,,,,
,,,,,41640,6.0,6,,,,,,,,
,,,,,41645,5.0,5,,,,,,,,
,,,,,41652,7.0,7,,,,,,,,
,,,,,41662,10.0,10,,,,,,,,
,,,,,41665,3.0,3,,,,,,,,
,,,,,41668,3.0,3,,,,,,,,
,,,,,41675,7.0,7,,,,,,,,
,,,,,41684,9.0,9,,,,,,,,
,,,,,41688,4.0,4,,,,,,,,
,,,,,41692,4.0,4,,,,,,,,
,,,,,41698,6.0,6,,,,,,,,
,,,,,41701,3.0,3,,,,,,,,
,,,,,41704,3.0,3,,,,,,,,
,,,,,41707,3.0,3,,,,,,,,
,,,,,41710,3.0,3,,,,,,,,
,,,,,41719,9.0,9,,,,,,,,
,,,,,41724,5.0,5,,,,,,,,
,,,,,41733,9.0,9,,,,,,,,
,,,,,41746,13.0,13,,,,,,,,
,,,,,41753,7.0,7,,,,,,,,
,,,,,41761,8.0,8,,,,,,,,
,,,,,41765,4.0,4,,,,,,,,
,,,,,41782,17.0,17,,,,,,,,
,,,,,41790,8.0,8,,,,,,,,
,,,,,41794,4.0,4,,,,,,,,
,,,,,41804,10.0,10,,,,,,,,
,,,,,41808,4.0,4,,,,,,,,
,,,,,41811,3.0,3,,,,,,,,
,,,,,41816,5.0,5,,,,,,,,
,,,,,41825,9.0,9,,,,,,,,
,,,,,41844,19.0,19,,,,,,,,
,,,,,41848,4.0,4,,,,,,,,
,,,,,41853,5.0,5,,,,,,,,
,,,,,41856,3.0,3,,,,,,,,
,,,,,41860,4.0,4,,,,,,,,
,,,,,41863,3.0,3,,,,,,,,
,,,,,41867,4.0,4,,,,,,,,
,,,,,41881,14.0,14,,,,,,,,
,,,,,41887,6.0,6,,,,,,,,
,,,,,41892,5.0,5,,,,,,,,
,,,,,41900,8.0,8,,,,,,,,
,,,,,41904,4.0,4,,,,,,,,
,,,,,41907,3.0,3,,,,,,,,
,,,,,41912,5.0,5,,,,,,,,
,,,,,41915,3.0,3,,,,,,,,
,,,,,41921,6.0,6,,,,,,,,
,,,,,41924,3.0,3,,,,,,,,
,,,,,41938,14.0,14,,,,,,,,
,,,,,41941,3.0,3,,,,,,,,
,,,,,41948,7.0,7,,,,,,,,
,,,,,41952,4.0,4,,,,,,,,
,,,,,41957,5.0,5,,,,,,,,
,,,,,41961,4.0,4,,,,,,,,
,,,,,41964,3.0,3,,,,,,,,
,,,,,41983,19.0,19,,,,,,,,
,,,,,41999,16.0,16,,,,,,,,
,,,,,42000,,,-0.06835773587226868,0.6835773587226868,1.735203742980957,4.788536548614502,4.8312249183654785,0.0003,0.0003,0.1
,,,,,42003,4.0,4,,,,,,,,
,,,,,42008,5.0,5,,,,,,,,
,,,,,42014,6.0,6,,,,,,,,
,,,,,42020,6.0,6,,,,,,,,
,,,,,42025,5.0,5,,,,,,,,
,,,,,42029,4.0,4,,,,,,,,
,,,,,42032,3.0,3,,,,,,,,
,,,,,42035,3.0,3,,,,,,,,
,,,,,42040,5.0,5,,,,,,,,
,,,,,42043,3.0,3,,,,,,,,
,,,,,42056,13.0,13,,,,,,,,
,,,,,42059,3.0,3,,,,,,,,
,,,,,42066,7.0,7,,,,,,,,
,,,,,42069,3.0,3,,,,,,,,
,,,,,42072,3.0,3,,,,,,,,
,,,,,42078,6.0,6,,,,,,,,
,,,,,42081,3.0,3,,,,,,,,
,,,,,42084,3.0,3,,,,,,,,
,,,,,42090,6.0,6,,,,,,,,
,,,,,42096,6.0,6,,,,,,,,
,,,,,42099,3.0,3,,,,,,,,
,,,,,42104,5.0,5,,,,,,,,
,,,,,42115,11.0,11,,,,,,,,
,,,,,42121,6.0,6,,,,,,,,
,,,,,42127,6.0,6,,,,,,,,
,,,,,42131,4.0,4,,,,,,,,
,,,,,42136,5.0,5,,,,,,,,
,,,,,42140,4.0,4,,,,,,,,
,,,,,42151,11.0,11,,,,,,,,
,,,,,42155,4.0,4,,,,,,,,
,,,,,42167,12.0,12,,,,,,,,
,,,,,42179,12.0,12,,,,,,,,
,,,,,42182,3.0,3,,,,,,,,
,,,,,42190,8.0,8,,,,,,,,
,,,,,42196,6.0,6,,,,,,,,
,,,,,42206,10.0,10,,,,,,,,
,,,,,42211,5.0,5,,,,,,,,
,,,,,42217,6.0,6,,,,,,,,
,,,,,42228,11.0,11,,,,,,,,
,,,,,42231,3.0,3,,,,,,,,
,,,,,42234,3.0,3,,,,,,,,
,,,,,42238,4.0,4,,,,,,,,
,,,,,42243,5.0,5,,,,,,,,
,,,,,42247,4.0,4,,,,,,,,
,,,,,42255,8.0,8,,,,,,,,
,,,,,42259,4.0,4,,,,,,,,
,,,,,42263,4.0,4,,,,,,,,
,,,,,42266,3.0,3,,,,,,,,
,,,,,42269,3.0,3,,,,,,,,
,,,,,42283,14.0,14,,,,,,,,
,,,,,42287,4.0,4,,,,,,,,
,,,,,42291,4.0,4,,,,,,,,
,,,,,42304,13.0,13,,,,,,,,
,,,,,42311,7.0,7,,,,,,,,
,,,,,42318,7.0,7,,,,,,,,
,,,,,42330,12.0,12,,,,,,,,
,,,,,42335,5.0,5,,,,,,,,
,,,,,42357,22.0,22,,,,,,,,
,,,,,42362,5.0,5,,,,,,,,
,,,,,42373,11.0,11,,,,,,,,
,,,,,42398,25.0,25,,,,,,,,
,,,,,42409,11.0,11,,,,,,,,
,,,,,42413,4.0,4,,,,,,,,
,,,,,42416,3.0,3,,,,,,,,
,,,,,42423,7.0,7,,,,,,,,
,,,,,42428,5.0,5,,,,,,,,
,,,,,42436,8.0,8,,,,,,,,
,,,,,42439,3.0,3,,,,,,,,
,,,,,42454,15.0,15,,,,,,,,
,,,,,42457,3.0,3,,,,,,,,
,,,,,42463,6.0,6,,,,,,,,
,,,,,42474,11.0,11,,,,,,,,
,,,,,42486,12.0,12,,,,,,,,
,,,,,42490,4.0,4,,,,,,,,
,,,,,42500,10.0,10,,,,,,,,
,,,,,42504,4.0,4,,,,,,,,
,,,,,42507,3.0,3,,,,,,,,
,,,,,42511,4.0,4,,,,,,,,
,,,,,42515,4.0,4,,,,,,,,
,,,,,42518,3.0,3,,,,,,,,
,,,,,42525,7.0,7,,,,,,,,
,,,,,42531,6.0,6,,,,,,,,
,,,,,42534,3.0,3,,,,,,,,
,,,,,42538,4.0,4,,,,,,,,
,,,,,42541,3.0,3,,,,,,,,
,,,,,42547,6.0,6,,,,,,,,
,,,,,42563,16.0,16,,,,,,,,
,,,,,42567,4.0,4,,,,,,,,
,,,,,42570,3.0,3,,,,,,,,
,,,,,42573,3.0,3,,,,,,,,
,,,,,42577,4.0,4,,,,,,,,
,,,,,42589,12.0,12,,,,,,,,
,,,,,42592,3.0,3,,,,,,,,
,,,,,42595,3.0,3,,,,,,,,
,,,,,42598,3.0,3,,,,,,,,
,,,,,42604,6.0,6,,,,,,,,
,,,,,42608,4.0,4,,,,,,,,
,,,,,42611,3.0,3,,,,,,,,
,,,,,42616,5.0,5,,,,,,,,
,,,,,42624,8.0,8,,,,,,,,
,,,,,42631,7.0,7,,,,,,,,
,,,,,42636,5.0,5,,,,,,,,
,,,,,42641,5.0,5,,,,,,,,
,,,,,42647,6.0,6,,,,,,,,
,,,,,42653,6.0,6,,,,,,,,
,,,,,42658,5.0,5,,,,,,,,
,,,,,42673,15.0,15,,,,,,,,
,,,,,42684,11.0,11,,,,,,,,
,,,,,42688,4.0,4,,,,,,,,
,,,,,42692,4.0,4,,,,,,,,
,,,,,42695,3.0,3,,,,,,,,
,,,,,42702,7.0,7,,,,,,,,
,,,,,42705,3.0,3,,,,,,,,
,,,,,42714,9.0,9,,,,,,,,
,,,,,42717,3.0,3,,,,,,,,
,,,,,42735,18.0,18,,,,,,,,
,,,,,42738,3.0,3,,,,,,,,
,,,,,42743,5.0,5,,,,,,,,
,,,,,42756,13.0,13,,,,,,,,
,,,,,42761,5.0,5,,,,,,,,
,,,,,42766,5.0,5,,,,,,,,
,,,,,42769,3.0,3,,,,,,,,
,,,,,42773,4.0,4,,,,,,,,
,,,,,42776,3.0,3,,,,,,,,
,,,,,42784,8.0,8,,,,,,,,
,,,,,42792,8.0,8,,,,,,,,
,,,,,42798,6.0,6,,,,,,,,
,,,,,42804,6.0,6,,,,,,,,
,,,,,42809,5.0,5,,,,,,,,
,,,,,42815,6.0,6,,,,,,,,
,,,,,42819,4.0,4,,,,,,,,
,,,,,42827,8.0,8,,,,,,,,
,,,,,42830,3.0,3,,,,,,,,
,,,,,42834,4.0,4,,,,,,,,
,,,,,42839,5.0,5,,,,,,,,
,,,,,42843,4.0,4,,,,,,,,
,,,,,42846,3.0,3,,,,,,,,
,,,,,42853,7.0,7,,,,,,,,
,,,,,42856,3.0,3,,,,,,,,
,,,,,42862,6.0,6,,,,,,,,
,,,,,42868,6.0,6,,,,,,,,
,,,,,42873,5.0,5,,,,,,,,
,,,,,42881,8.0,8,,,,,,,,
,,,,,42890,9.0,9,,,,,,,,
,,,,,42898,8.0,8,,,,,,,,
,,,,,42902,4.0,4,,,,,,,,
,,,,,42908,6.0,6,,,,,,,,
,,,,,42911,3.0,3,,,,,,,,
,,,,,42915,4.0,4,,,,,,,,
,,,,,42918,3.0,3,,,,,,,,
,,,,,42921,3.0,3,,,,,,,,
,,,,,42932,11.0,11,,,,,,,,
,,,,,42938,6.0,6,,,,,,,,
,,,,,42942,4.0,4,,,,,,,,
,,,,,42954,12.0,12,,,,,,,,
,,,,,42958,4.0,4,,,,,,,,
,,,,,42967,9.0,9,,,,,,,,
,,,,,42971,4.0,4,,,,,,,,
,,,,,42975,4.0,4,,,,,,,,
,,,,,42979,4.0,4,,,,,,,,
,,,,,42983,4.0,4,,,,,,,,
,,,,,42987,4.0,4,,,,,,,,
,,,,,42990,3.0,3,,,,,,,,
,,,,,42996,6.0,6,,,,,,,,
,,,,,43000,,,-0.06761526316404343,0.6761525869369507,1.6940903663635254,4.2473249435424805,4.241283416748047,0.0003,0.0003,0.1
,,,,,43002,6.0,6,,,,,,,,
,,,,,43010,8.0,8,,,,,,,,
,,,,,43020,10.0,10,,,,,,,,
,,,,,43028,8.0,8,,,,,,,,
,,,,,43035,7.0,7,,,,,,,,
,,,,,43051,16.0,16,,,,,,,,
,,,,,43055,4.0,4,,,,,,,,
,,,,,43058,3.0,3,,,,,,,,
,,,,,43062,4.0,4,,,,,,,,
,,,,,43065,3.0,3,,,,,,,,
,,,,,43069,4.0,4,,,,,,,,
,,,,,43073,4.0,4,,,,,,,,
,,,,,43078,5.0,5,,,,,,,,
,,,,,43081,3.0,3,,,,,,,,
,,,,,43089,8.0,8,,,,,,,,
,,,,,43093,4.0,4,,,,,,,,
,,,,,43108,15.0,15,,,,,,,,
,,,,,43111,3.0,3,,,,,,,,
,,,,,43121,10.0,10,,,,,,,,
,,,,,43128,7.0,7,,,,,,,,
,,,,,43136,8.0,8,,,,,,,,
,,,,,43139,3.0,3,,,,,,,,
,,,,,43143,4.0,4,,,,,,,,
,,,,,43146,3.0,3,,,,,,,,
,,,,,43152,6.0,6,,,,,,,,
,,,,,43156,4.0,4,,,,,,,,
,,,,,43160,4.0,4,,,,,,,,
,,,,,43163,3.0,3,,,,,,,,
,,,,,43175,12.0,12,,,,,,,,
,,,,,43180,5.0,5,,,,,,,,
,,,,,43189,9.0,9,,,,,,,,
,,,,,43192,3.0,3,,,,,,,,
,,,,,43197,5.0,5,,,,,,,,
,,,,,43201,4.0,4,,,,,,,,
,,,,,43204,3.0,3,,,,,,,,
,,,,,43207,3.0,3,,,,,,,,
,,,,,43211,4.0,4,,,,,,,,
,,,,,43217,6.0,6,,,,,,,,
,,,,,43222,5.0,5,,,,,,,,
,,,,,43229,7.0,7,,,,,,,,
,,,,,43232,3.0,3,,,,,,,,
,,,,,43235,3.0,3,,,,,,,,
,,,,,43239,4.0,4,,,,,,,,
,,,,,43247,8.0,8,,,,,,,,
,,,,,43251,4.0,4,,,,,,,,
,,,,,43255,4.0,4,,,,,,,,
,,,,,43258,3.0,3,,,,,,,,
,,,,,43269,11.0,11,,,,,,,,
,,,,,43274,5.0,5,,,,,,,,
,,,,,43278,4.0,4,,,,,,,,
,,,,,43287,9.0,9,,,,,,,,
,,,,,43296,9.0,9,,,,,,,,
,,,,,43303,7.0,7,,,,,,,,
,,,,,43309,6.0,6,,,,,,,,
,,,,,43325,16.0,16,,,,,,,,
,,,,,43333,8.0,8,,,,,,,,
,,,,,43342,9.0,9,,,,,,,,
,,,,,43346,4.0,4,,,,,,,,
,,,,,43350,4.0,4,,,,,,,,
,,,,,43354,4.0,4,,,,,,,,
,,,,,43360,6.0,6,,,,,,,,
,,,,,43365,5.0,5,,,,,,,,
,,,,,43369,4.0,4,,,,,,,,
,,,,,43372,3.0,3,,,,,,,,
,,,,,43381,9.0,9,,,,,,,,
,,,,,43386,5.0,5,,,,,,,,
,,,,,43390,4.0,4,,,,,,,,
,,,,,43395,5.0,5,,,,,,,,
,,,,,43402,7.0,7,,,,,,,,
,,,,,43408,6.0,6,,,,,,,,
,,,,,43413,5.0,5,,,,,,,,
,,,,,43422,9.0,9,,,,,,,,
,,,,,43429,7.0,7,,,,,,,,
,,,,,43437,8.0,8,,,,,,,,
,,,,,43442,5.0,5,,,,,,,,
,,,,,43448,6.0,6,,,,,,,,
,,,,,43457,9.0,9,,,,,,,,
,,,,,43464,7.0,7,,,,,,,,
,,,,,43472,8.0,8,,,,,,,,
,,,,,43475,3.0,3,,,,,,,,
,,,,,43488,13.0,13,,,,,,,,
,,,,,43491,3.0,3,,,,,,,,
,,,,,43504,13.0,13,,,,,,,,
,,,,,43509,5.0,5,,,,,,,,
,,,,,43517,8.0,8,,,,,,,,
,,,,,43531,14.0,14,,,,,,,,
,,,,,43539,8.0,8,,,,,,,,
,,,,,43542,3.0,3,,,,,,,,
,,,,,43550,8.0,8,,,,,,,,
,,,,,43554,4.0,4,,,,,,,,
,,,,,43559,5.0,5,,,,,,,,
,,,,,43563,4.0,4,,,,,,,,
,,,,,43567,4.0,4,,,,,,,,
,,,,,43572,5.0,5,,,,,,,,
,,,,,43575,3.0,3,,,,,,,,
,,,,,43581,6.0,6,,,,,,,,
,,,,,43584,3.0,3,,,,,,,,
,,,,,43588,4.0,4,,,,,,,,
,,,,,43603,15.0,15,,,,,,,,
,,,,,43608,5.0,5,,,,,,,,
,,,,,43611,3.0,3,,,,,,,,
,,,,,43617,6.0,6,,,,,,,,
,,,,,43623,6.0,6,,,,,,,,
,,,,,43641,18.0,18,,,,,,,,
,,,,,43645,4.0,4,,,,,,,,
,,,,,43650,5.0,5,,,,,,,,
,,,,,43657,7.0,7,,,,,,,,
,,,,,43663,6.0,6,,,,,,,,
,,,,,43666,3.0,3,,,,,,,,
,,,,,43677,11.0,11,,,,,,,,
,,,,,43686,9.0,9,,,,,,,,
,,,,,43691,5.0,5,,,,,,,,
,,,,,43695,4.0,4,,,,,,,,
,,,,,43700,5.0,5,,,,,,,,
,,,,,43708,8.0,8,,,,,,,,
,,,,,43714,6.0,6,,,,,,,,
,,,,,43733,19.0,19,,,,,,,,
,,,,,43736,3.0,3,,,,,,,,
,,,,,43739,3.0,3,,,,,,,,
,,,,,43747,8.0,8,,,,,,,,
,,,,,43750,3.0,3,,,,,,,,
,,,,,43758,8.0,8,,,,,,,,
,,,,,43762,4.0,4,,,,,,,,
,,,,,43767,5.0,5,,,,,,,,
,,,,,43772,5.0,5,,,,,,,,
,,,,,43775,3.0,3,,,,,,,,
,,,,,43786,11.0,11,,,,,,,,
,,,,,43793,7.0,7,,,,,,,,
,,,,,43800,7.0,7,,,,,,,,
,,,,,43814,14.0,14,,,,,,,,
,,,,,43818,4.0,4,,,,,,,,
,,,,,43821,3.0,3,,,,,,,,
,,,,,43826,5.0,5,,,,,,,,
,,,,,43831,5.0,5,,,,,,,,
,,,,,43834,3.0,3,,,,,,,,
,,,,,43837,3.0,3,,,,,,,,
,,,,,43842,5.0,5,,,,,,,,
,,,,,43848,6.0,6,,,,,,,,
,,,,,43851,3.0,3,,,,,,,,
,,,,,43861,10.0,10,,,,,,,,
,,,,,43864,3.0,3,,,,,,,,
,,,,,43868,4.0,4,,,,,,,,
,,,,,43873,5.0,5,,,,,,,,
,,,,,43877,4.0,4,,,,,,,,
,,,,,43880,3.0,3,,,,,,,,
,,,,,43888,8.0,8,,,,,,,,
,,,,,43895,7.0,7,,,,,,,,
,,,,,43899,4.0,4,,,,,,,,
,,,,,43908,9.0,9,,,,,,,,
,,,,,43912,4.0,4,,,,,,,,
,,,,,43915,3.0,3,,,,,,,,
,,,,,43919,4.0,4,,,,,,,,
,,,,,43923,4.0,4,,,,,,,,
,,,,,43927,4.0,4,,,,,,,,
,,,,,43931,4.0,4,,,,,,,,
,,,,,43937,6.0,6,,,,,,,,
,,,,,43950,13.0,13,,,,,,,,
,,,,,43955,5.0,5,,,,,,,,
,,,,,43958,3.0,3,,,,,,,,
,,,,,43962,4.0,4,,,,,,,,
,,,,,43965,3.0,3,,,,,,,,
,,,,,43974,9.0,9,,,,,,,,
,,,,,43978,4.0,4,,,,,,,,
,,,,,43983,5.0,5,,,,,,,,
,,,,,43999,16.0,16,,,,,,,,
,,,,,44000,,,-0.07000338286161423,0.7000337839126587,2.0680510997772217,4.540884494781494,4.4164605140686035,0.0003,0.0003,0.1
,,,,,44006,7.0,7,,,,,,,,
,,,,,44013,7.0,7,,,,,,,,
,,,,,44029,16.0,16,,,,,,,,
,,,,,44032,3.0,3,,,,,,,,
,,,,,44036,4.0,4,,,,,,,,
,,,,,44039,3.0,3,,,,,,,,
,,,,,44043,4.0,4,,,,,,,,
,,,,,44051,8.0,8,,,,,,,,
,,,,,44055,4.0,4,,,,,,,,
,,,,,44062,7.0,7,,,,,,,,
,,,,,44065,3.0,3,,,,,,,,
,,,,,44072,7.0,7,,,,,,,,
,,,,,44085,13.0,13,,,,,,,,
,,,,,44088,3.0,3,,,,,,,,
,,,,,44099,11.0,11,,,,,,,,
,,,,,44105,6.0,6,,,,,,,,
,,,,,44110,5.0,5,,,,,,,,
,,,,,44114,4.0,4,,,,,,,,
,,,,,44118,4.0,4,,,,,,,,
,,,,,44123,5.0,5,,,,,,,,
,,,,,44126,3.0,3,,,,,,,,
,,,,,44129,3.0,3,,,,,,,,
,,,,,44132,3.0,3,,,,,,,,
,,,,,44138,6.0,6,,,,,,,,
,,,,,44148,10.0,10,,,,,,,,
,,,,,44153,5.0,5,,,,,,,,
,,,,,44161,8.0,8,,,,,,,,
,,,,,44169,8.0,8,,,,,,,,
,,,,,44174,5.0,5,,,,,,,,
,,,,,44177,3.0,3,,,,,,,,
,,,,,44181,4.0,4,,,,,,,,
,,,,,44191,10.0,10,,,,,,,,
,,,,,44198,7.0,7,,,,,,,,
,,,,,44203,5.0,5,,,,,,,,
,,,,,44206,3.0,3,,,,,,,,
,,,,,44212,6.0,6,,,,,,,,
,,,,,44219,7.0,7,,,,,,,,
,,,,,44226,7.0,7,,,,,,,,
,,,,,44235,9.0,9,,,,,,,,
,,,,,44246,11.0,11,,,,,,,,
,,,,,44250,4.0,4,,,,,,,,
,,,,,44259,9.0,9,,,,,,,,
,,,,,44262,3.0,3,,,,,,,,
,,,,,44268,6.0,6,,,,,,,,
,,,,,44273,5.0,5,,,,,,,,
,,,,,44277,4.0,4,,,,,,,,
,,,,,44281,4.0,4,,,,,,,,
,,,,,44284,3.0,3,,,,,,,,
,,,,,44287,3.0,3,,,,,,,,
,,,,,44296,9.0,9,,,,,,,,
,,,,,44302,6.0,6,,,,,,,,
,,,,,44308,6.0,6,,,,,,,,
,,,,,44313,5.0,5,,,,,,,,
,,,,,44317,4.0,4,,,,,,,,
,,,,,44320,3.0,3,,,,,,,,
,,,,,44325,5.0,5,,,,,,,,
,,,,,44336,11.0,11,,,,,,,,
,,,,,44342,6.0,6,,,,,,,,
,,,,,44347,5.0,5,,,,,,,,
,,,,,44351,4.0,4,,,,,,,,
,,,,,44359,8.0,8,,,,,,,,
,,,,,44362,3.0,3,,,,,,,,
,,,,,44370,8.0,8,,,,,,,,
,,,,,44373,3.0,3,,,,,,,,
,,,,,44378,5.0,5,,,,,,,,
,,,,,44383,5.0,5,,,,,,,,
,,,,,44391,8.0,8,,,,,,,,
,,,,,44396,5.0,5,,,,,,,,
,,,,,44405,9.0,9,,,,,,,,
,,,,,44410,5.0,5,,,,,,,,
,,,,,44416,6.0,6,,,,,,,,
,,,,,44419,3.0,3,,,,,,,,
,,,,,44423,4.0,4,,,,,,,,
,,,,,44428,5.0,5,,,,,,,,
,,,,,44434,6.0,6,,,,,,,,
,,,,,44444,10.0,10,,,,,,,,
,,,,,44451,7.0,7,,,,,,,,
,,,,,44456,5.0,5,,,,,,,,
,,,,,44469,13.0,13,,,,,,,,
,,,,,44473,4.0,4,,,,,,,,
,,,,,44481,8.0,8,,,,,,,,
,,,,,44487,6.0,6,,,,,,,,
,,,,,44491,4.0,4,,,,,,,,
,,,,,44494,3.0,3,,,,,,,,
,,,,,44500,6.0,6,,,,,,,,
,,,,,44521,21.0,21,,,,,,,,
,,,,,44524,3.0,3,,,,,,,,
,,,,,44543,19.0,19,,,,,,,,
,,,,,44553,10.0,10,,,,,,,,
,,,,,44560,7.0,7,,,,,,,,
,,,,,44567,7.0,7,,,,,,,,
,,,,,44575,8.0,8,,,,,,,,
,,,,,44580,5.0,5,,,,,,,,
,,,,,44586,6.0,6,,,,,,,,
,,,,,44589,3.0,3,,,,,,,,
,,,,,44593,4.0,4,,,,,,,,
,,,,,44596,3.0,3,,,,,,,,
,,,,,44603,7.0,7,,,,,,,,
,,,,,44610,7.0,7,,,,,,,,
,,,,,44621,11.0,11,,,,,,,,
,,,,,44626,5.0,5,,,,,,,,
,,,,,44630,4.0,4,,,,,,,,
,,,,,44633,3.0,3,,,,,,,,
,,,,,44638,5.0,5,,,,,,,,
,,,,,44645,7.0,7,,,,,,,,
,,,,,44657,12.0,12,,,,,,,,
,,,,,44662,5.0,5,,,,,,,,
,,,,,44667,5.0,5,,,,,,,,
,,,,,44673,6.0,6,,,,,,,,
,,,,,44678,5.0,5,,,,,,,,
,,,,,44687,9.0,9,,,,,,,,
,,,,,44705,18.0,18,,,,,,,,
,,,,,44709,4.0,4,,,,,,,,
,,,,,44721,12.0,12,,,,,,,,
,,,,,44726,5.0,5,,,,,,,,
,,,,,44732,6.0,6,,,,,,,,
,,,,,44739,7.0,7,,,,,,,,
,,,,,44742,3.0,3,,,,,,,,
,,,,,44746,4.0,4,,,,,,,,
,,,,,44755,9.0,9,,,,,,,,
,,,,,44761,6.0,6,,,,,,,,
,,,,,44769,8.0,8,,,,,,,,
,,,,,44773,4.0,4,,,,,,,,
,,,,,44776,3.0,3,,,,,,,,
,,,,,44779,3.0,3,,,,,,,,
,,,,,44785,6.0,6,,,,,,,,
,,,,,44789,4.0,4,,,,,,,,
,,,,,44792,3.0,3,,,,,,,,
,,,,,44799,7.0,7,,,,,,,,
,,,,,44811,12.0,12,,,,,,,,
,,,,,44816,5.0,5,,,,,,,,
,,,,,44820,4.0,4,,,,,,,,
,,,,,44828,8.0,8,,,,,,,,
,,,,,44833,5.0,5,,,,,,,,
,,,,,44842,9.0,9,,,,,,,,
,,,,,44846,4.0,4,,,,,,,,
,,,,,44854,8.0,8,,,,,,,,
,,,,,44860,6.0,6,,,,,,,,
,,,,,44867,7.0,7,,,,,,,,
,,,,,44870,3.0,3,,,,,,,,
,,,,,44873,3.0,3,,,,,,,,
,,,,,44878,5.0,5,,,,,,,,
,,,,,44881,3.0,3,,,,,,,,
,,,,,44891,10.0,10,,,,,,,,
,,,,,44894,3.0,3,,,,,,,,
,,,,,44898,4.0,4,,,,,,,,
,,,,,44902,4.0,4,,,,,,,,
,,,,,44907,5.0,5,,,,,,,,
,,,,,44913,6.0,6,,,,,,,,
,,,,,44921,8.0,8,,,,,,,,
,,,,,44933,12.0,12,,,,,,,,
,,,,,44937,4.0,4,,,,,,,,
,,,,,44942,5.0,5,,,,,,,,
,,,,,44945,3.0,3,,,,,,,,
,,,,,44950,5.0,5,,,,,,,,
,,,,,44954,4.0,4,,,,,,,,
,,,,,44960,6.0,6,,,,,,,,
,,,,,44967,7.0,7,,,,,,,,
,,,,,44973,6.0,6,,,,,,,,
,,,,,44978,5.0,5,,,,,,,,
,,,,,44983,5.0,5,,,,,,,,
,,,,,44994,11.0,11,,,,,,,,
,,,,,44999,5.0,5,,,,,,,,
5.5,2.4596748,11.0,3.0,5.5,45000,,,-0.06737083196640015,0.6737083196640015,1.5330677032470703,4.32675838470459,4.252956867218018,0.0003,0.0003,0.1
,,,,,45009,10.0,10,,,,,,,,
,,,,,45014,5.0,5,,,,,,,,
,,,,,45021,7.0,7,,,,,,,,
,,,,,45024,3.0,3,,,,,,,,
,,,,,45027,3.0,3,,,,,,,,
,,,,,45031,4.0,4,,,,,,,,
,,,,,45035,4.0,4,,,,,,,,
,,,,,45039,4.0,4,,,,,,,,
,,,,,45046,7.0,7,,,,,,,,
,,,,,45049,3.0,3,,,,,,,,
,,,,,45067,18.0,18,,,,,,,,
,,,,,45071,4.0,4,,,,,,,,
,,,,,45074,3.0,3,,,,,,,,
,,,,,45082,8.0,8,,,,,,,,
,,,,,45088,6.0,6,,,,,,,,
,,,,,45092,4.0,4,,,,,,,,
,,,,,45101,9.0,9,,,,,,,,
,,,,,45105,4.0,4,,,,,,,,
,,,,,45108,3.0,3,,,,,,,,
,,,,,45119,11.0,11,,,,,,,,
,,,,,45124,5.0,5,,,,,,,,
,,,,,45128,4.0,4,,,,,,,,
,,,,,45131,3.0,3,,,,,,,,
,,,,,45139,8.0,8,,,,,,,,
,,,,,45145,6.0,6,,,,,,,,
,,,,,45156,11.0,11,,,,,,,,
,,,,,45160,4.0,4,,,,,,,,
,,,,,45169,9.0,9,,,,,,,,
,,,,,45174,5.0,5,,,,,,,,
,,,,,45179,5.0,5,,,,,,,,
,,,,,45184,5.0,5,,,,,,,,
,,,,,45188,4.0,4,,,,,,,,
,,,,,45191,3.0,3,,,,,,,,
,,,,,45196,5.0,5,,,,,,,,
,,,,,45199,3.0,3,,,,,,,,
,,,,,45203,4.0,4,,,,,,,,
,,,,,45213,10.0,10,,,,,,,,
,,,,,45219,6.0,6,,,,,,,,
,,,,,45224,5.0,5,,,,,,,,
,,,,,45233,9.0,9,,,,,,,,
,,,,,45239,6.0,6,,,,,,,,
,,,,,45243,4.0,4,,,,,,,,
,,,,,45246,3.0,3,,,,,,,,
,,,,,45254,8.0,8,,,,,,,,
,,,,,45257,3.0,3,,,,,,,,
,,,,,45265,8.0,8,,,,,,,,
,,,,,45279,14.0,14,,,,,,,,
,,,,,45284,5.0,5,,,,,,,,
,,,,,45287,3.0,3,,,,,,,,
,,,,,45293,6.0,6,,,,,,,,
,,,,,45296,3.0,3,,,,,,,,
,,,,,45303,7.0,7,,,,,,,,
,,,,,45306,3.0,3,,,,,,,,
,,,,,45311,5.0,5,,,,,,,,
,,,,,45326,15.0,15,,,,,,,,
,,,,,45331,5.0,5,,,,,,,,
,,,,,45338,7.0,7,,,,,,,,
,,,,,45342,4.0,4,,,,,,,,
,,,,,45357,15.0,15,,,,,,,,
,,,,,45361,4.0,4,,,,,,,,
,,,,,45366,5.0,5,,,,,,,,
,,,,,45374,8.0,8,,,,,,,,
,,,,,45380,6.0,6,,,,,,,,
,,,,,45383,3.0,3,,,,,,,,
,,,,,45386,3.0,3,,,,,,,,
,,,,,45389,3.0,3,,,,,,,,
,,,,,45392,3.0,3,,,,,,,,
,,,,,45398,6.0,6,,,,,,,,
,,,,,45407,9.0,9,,,,,,,,
,,,,,45415,8.0,8,,,,,,,,
,,,,,45418,3.0,3,,,,,,,,
,,,,,45421,3.0,3,,,,,,,,
,,,,,45427,6.0,6,,,,,,,,
,,,,,45430,3.0,3,,,,,,,,
,,,,,45437,7.0,7,,,,,,,,
,,,,,45440,3.0,3,,,,,,,,
,,,,,45443,3.0,3,,,,,,,,
,,,,,45446,3.0,3,,,,,,,,
,,,,,45450,4.0,4,,,,,,,,
,,,,,45454,4.0,4,,,,,,,,
,,,,,45459,5.0,5,,,,,,,,
,,,,,45462,3.0,3,,,,,,,,
,,,,,45471,9.0,9,,,,,,,,
,,,,,45482,11.0,11,,,,,,,,
,,,,,45494,12.0,12,,,,,,,,
,,,,,45500,6.0,6,,,,,,,,
,,,,,45504,4.0,4,,,,,,,,
,,,,,45515,11.0,11,,,,,,,,
,,,,,45518,3.0,3,,,,,,,,
,,,,,45522,4.0,4,,,,,,,,
,,,,,45539,17.0,17,,,,,,,,
,,,,,45551,12.0,12,,,,,,,,
,,,,,45554,3.0,3,,,,,,,,
,,,,,45562,8.0,8,,,,,,,,
,,,,,45572,10.0,10,,,,,,,,
,,,,,45583,11.0,11,,,,,,,,
,,,,,45587,4.0,4,,,,,,,,
,,,,,45591,4.0,4,,,,,,,,
,,,,,45594,3.0,3,,,,,,,,
,,,,,45598,4.0,4,,,,,,,,
,,,,,45610,12.0,12,,,,,,,,
,,,,,45614,4.0,4,,,,,,,,
,,,,,45624,10.0,10,,,,,,,,
,,,,,45639,15.0,15,,,,,,,,
,,,,,45642,3.0,3,,,,,,,,
,,,,,45647,5.0,5,,,,,,,,
,,,,,45650,3.0,3,,,,,,,,
,,,,,45653,3.0,3,,,,,,,,
,,,,,45656,3.0,3,,,,,,,,
,,,,,45659,3.0,3,,,,,,,,
,,,,,45671,12.0,12,,,,,,,,
,,,,,45675,4.0,4,,,,,,,,
,,,,,45682,7.0,7,,,,,,,,
,,,,,45693,11.0,11,,,,,,,,
,,,,,45702,9.0,9,,,,,,,,
,,,,,45707,5.0,5,,,,,,,,
,,,,,45711,4.0,4,,,,,,,,
,,,,,45715,4.0,4,,,,,,,,
,,,,,45722,7.0,7,,,,,,,,
,,,,,45725,3.0,3,,,,,,,,
,,,,,45733,8.0,8,,,,,,,,
,,,,,45738,5.0,5,,,,,,,,
,,,,,45750,12.0,12,,,,,,,,
,,,,,45764,14.0,14,,,,,,,,
,,,,,45767,3.0,3,,,,,,,,
,,,,,45771,4.0,4,,,,,,,,
,,,,,45774,3.0,3,,,,,,,,
,,,,,45784,10.0,10,,,,,,,,
,,,,,45789,5.0,5,,,,,,,,
,,,,,45792,3.0,3,,,,,,,,
,,,,,45797,5.0,5,,,,,,,,
,,,,,45812,15.0,15,,,,,,,,
,,,,,45817,5.0,5,,,,,,,,
,,,,,45827,10.0,10,,,,,,,,
,,,,,45832,5.0,5,,,,,,,,
,,,,,45835,3.0,3,,,,,,,,
,,,,,45838,3.0,3,,,,,,,,
,,,,,45849,11.0,11,,,,,,,,
,,,,,45853,4.0,4,,,,,,,,
,,,,,45856,3.0,3,,,,,,,,
,,,,,45862,6.0,6,,,,,,,,
,,,,,45868,6.0,6,,,,,,,,
,,,,,45877,9.0,9,,,,,,,,
,,,,,45893,16.0,16,,,,,,,,
,,,,,45909,16.0,16,,,,,,,,
,,,,,45913,4.0,4,,,,,,,,
,,,,,45920,7.0,7,,,,,,,,
,,,,,45931,11.0,11,,,,,,,,
,,,,,45934,3.0,3,,,,,,,,
,,,,,45938,4.0,4,,,,,,,,
,,,,,45941,3.0,3,,,,,,,,
,,,,,45950,9.0,9,,,,,,,,
,,,,,45956,6.0,6,,,,,,,,
,,,,,45962,6.0,6,,,,,,,,
,,,,,45965,3.0,3,,,,,,,,
,,,,,45970,5.0,5,,,,,,,,
,,,,,45974,4.0,4,,,,,,,,
,,,,,45982,8.0,8,,,,,,,,
,,,,,45991,9.0,9,,,,,,,,
,,,,,45999,8.0,8,,,,,,,,
,,,,,46000,,,-0.06987110525369644,0.6987110376358032,1.983315348625183,4.966799736022949,4.831836700439453,0.0003,0.0003,0.1
,,,,,46006,7.0,7,,,,,,,,
,,,,,46012,6.0,6,,,,,,,,
,,,,,46015,3.0,3,,,,,,,,
,,,,,46028,13.0,13,,,,,,,,
,,,,,46034,6.0,6,,,,,,,,
,,,,,46037,3.0,3,,,,,,,,
,,,,,46048,11.0,11,,,,,,,,
,,,,,46054,6.0,6,,,,,,,,
,,,,,46062,8.0,8,,,,,,,,
,,,,,46065,3.0,3,,,,,,,,
,,,,,46070,5.0,5,,,,,,,,
,,,,,46074,4.0,4,,,,,,,,
,,,,,46080,6.0,6,,,,,,,,
,,,,,46086,6.0,6,,,,,,,,
,,,,,46091,5.0,5,,,,,,,,
,,,,,46095,4.0,4,,,,,,,,
,,,,,46099,4.0,4,,,,,,,,
,,,,,46103,4.0,4,,,,,,,,
,,,,,46109,6.0,6,,,,,,,,
,,,,,46112,3.0,3,,,,,,,,
,,,,,46116,4.0,4,,,,,,,,
,,,,,46122,6.0,6,,,,,,,,
,,,,,46125,3.0,3,,,,,,,,
,,,,,46138,13.0,13,,,,,,,,
,,,,,46145,7.0,7,,,,,,,,
,,,,,46155,10.0,10,,,,,,,,
,,,,,46158,3.0,3,,,,,,,,
,,,,,46164,6.0,6,,,,,,,,
,,,,,46169,5.0,5,,,,,,,,
,,,,,46181,12.0,12,,,,,,,,
,,,,,46187,6.0,6,,,,,,,,
,,,,,46193,6.0,6,,,,,,,,
,,,,,46202,9.0,9,,,,,,,,
,,,,,46207,5.0,5,,,,,,,,
,,,,,46211,4.0,4,,,,,,,,
,,,,,46218,7.0,7,,,,,,,,
,,,,,46221,3.0,3,,,,,,,,
,,,,,46224,3.0,3,,,,,,,,
,,,,,46227,3.0,3,,,,,,,,
,,,,,46231,4.0,4,,,,,,,,
,,,,,46236,5.0,5,,,,,,,,
,,,,,46239,3.0,3,,,,,,,,
,,,,,46255,16.0,16,,,,,,,,
,,,,,46258,3.0,3,,,,,,,,
,,,,,46266,8.0,8,,,,,,,,
,,,,,46272,6.0,6,,,,,,,,
,,,,,46278,6.0,6,,,,,,,,
,,,,,46286,8.0,8,,,,,,,,
,,,,,46290,4.0,4,,,,,,,,
,,,,,46294,4.0,4,,,,,,,,
,,,,,46297,3.0,3,,,,,,,,
,,,,,46302,5.0,5,,,,,,,,
,,,,,46311,9.0,9,,,,,,,,
,,,,,46314,3.0,3,,,,,,,,
,,,,,46321,7.0,7,,,,,,,,
,,,,,46328,7.0,7,,,,,,,,
,,,,,46333,5.0,5,,,,,,,,
,,,,,46337,4.0,4,,,,,,,,
,,,,,46340,3.0,3,,,,,,,,
,,,,,46343,3.0,3,,,,,,,,
,,,,,46347,4.0,4,,,,,,,,
,,,,,46350,3.0,3,,,,,,,,
,,,,,46355,5.0,5,,,,,,,,
,,,,,46359,4.0,4,,,,,,,,
,,,,,46363,4.0,4,,,,,,,,
,,,,,46367,4.0,4,,,,,,,,
,,,,,46376,9.0,9,,,,,,,,
,,,,,46388,12.0,12,,,,,,,,
,,,,,46391,3.0,3,,,,,,,,
,,,,,46402,11.0,11,,,,,,,,
,,,,,46405,3.0,3,,,,,,,,
,,,,,46416,11.0,11,,,,,,,,
,,,,,46419,3.0,3,,,,,,,,
,,,,,46422,3.0,3,,,,,,,,
,,,,,46426,4.0,4,,,,,,,,
,,,,,46435,9.0,9,,,,,,,,
,,,,,46441,6.0,6,,,,,,,,
,,,,,46453,12.0,12,,,,,,,,
,,,,,46457,4.0,4,,,,,,,,
,,,,,46461,4.0,4,,,,,,,,
,,,,,46470,9.0,9,,,,,,,,
,,,,,46475,5.0,5,,,,,,,,
,,,,,46480,5.0,5,,,,,,,,
,,,,,46485,5.0,5,,,,,,,,
,,,,,46490,5.0,5,,,,,,,,
,,,,,46501,11.0,11,,,,,,,,
,,,,,46505,4.0,4,,,,,,,,
,,,,,46510,5.0,5,,,,,,,,
,,,,,46515,5.0,5,,,,,,,,
,,,,,46520,5.0,5,,,,,,,,
,,,,,46525,5.0,5,,,,,,,,
,,,,,46528,3.0,3,,,,,,,,
,,,,,46537,9.0,9,,,,,,,,
,,,,,46547,10.0,10,,,,,,,,
,,,,,46550,3.0,3,,,,,,,,
,,,,,46555,5.0,5,,,,,,,,
,,,,,46559,4.0,4,,,,,,,,
,,,,,46562,3.0,3,,,,,,,,
,,,,,46572,10.0,10,,,,,,,,
,,,,,46577,5.0,5,,,,,,,,
,,,,,46584,7.0,7,,,,,,,,
,,,,,46589,5.0,5,,,,,,,,
,,,,,46598,9.0,9,,,,,,,,
,,,,,46601,3.0,3,,,,,,,,
,,,,,46613,12.0,12,,,,,,,,
,,,,,46626,13.0,13,,,,,,,,
,,,,,46632,6.0,6,,,,,,,,
,,,,,46635,3.0,3,,,,,,,,
,,,,,46645,10.0,10,,,,,,,,
,,,,,46650,5.0,5,,,,,,,,
,,,,,46655,5.0,5,,,,,,,,
,,,,,46660,5.0,5,,,,,,,,
,,,,,46671,11.0,11,,,,,,,,
,,,,,46675,4.0,4,,,,,,,,
,,,,,46680,5.0,5,,,,,,,,
,,,,,46688,8.0,8,,,,,,,,
,,,,,46696,8.0,8,,,,,,,,
,,,,,46699,3.0,3,,,,,,,,
,,,,,46702,3.0,3,,,,,,,,
,,,,,46708,6.0,6,,,,,,,,
,,,,,46711,3.0,3,,,,,,,,
,,,,,46727,16.0,16,,,,,,,,
,,,,,46731,4.0,4,,,,,,,,
,,,,,46735,4.0,4,,,,,,,,
,,,,,46738,3.0,3,,,,,,,,
,,,,,46745,7.0,7,,,,,,,,
,,,,,46749,4.0,4,,,,,,,,
,,,,,46753,4.0,4,,,,,,,,
,,,,,46759,6.0,6,,,,,,,,
,,,,,46765,6.0,6,,,,,,,,
,,,,,46776,11.0,11,,,,,,,,
,,,,,46783,7.0,7,,,,,,,,
,,,,,46788,5.0,5,,,,,,,,
,,,,,46794,6.0,6,,,,,,,,
,,,,,46803,9.0,9,,,,,,,,
,,,,,46815,12.0,12,,,,,,,,
,,,,,46819,4.0,4,,,,,,,,
,,,,,46822,3.0,3,,,,,,,,
,,,,,46830,8.0,8,,,,,,,,
,,,,,46838,8.0,8,,,,,,,,
,,,,,46842,4.0,4,,,,,,,,
,,,,,46846,4.0,4,,,,,,,,
,,,,,46850,4.0,4,,,,,,,,
,,,,,46853,3.0,3,,,,,,,,
,,,,,46857,4.0,4,,,,,,,,
,,,,,46863,6.0,6,,,,,,,,
,,,,,46867,4.0,4,,,,,,,,
,,,,,46870,3.0,3,,,,,,,,
,,,,,46873,3.0,3,,,,,,,,
,,,,,46877,4.0,4,,,,,,,,
,,,,,46888,11.0,11,,,,,,,,
,,,,,46897,9.0,9,,,,,,,,
,,,,,46903,6.0,6,,,,,,,,
,,,,,46906,3.0,3,,,,,,,,
,,,,,46909,3.0,3,,,,,,,,
,,,,,46912,3.0,3,,,,,,,,
,,,,,46921,9.0,9,,,,,,,,
,,,,,46928,7.0,7,,,,,,,,
,,,,,46934,6.0,6,,,,,,,,
,,,,,46938,4.0,4,,,,,,,,
,,,,,46941,3.0,3,,,,,,,,
,,,,,46945,4.0,4,,,,,,,,
,,,,,46949,4.0,4,,,,,,,,
,,,,,46954,5.0,5,,,,,,,,
,,,,,46962,8.0,8,,,,,,,,
,,,,,46967,5.0,5,,,,,,,,
,,,,,46971,4.0,4,,,,,,,,
,,,,,46974,3.0,3,,,,,,,,
,,,,,46988,14.0,14,,,,,,,,
,,,,,46999,11.0,11,,,,,,,,
,,,,,47000,,,-0.06687203794717789,0.6687203645706177,2.0056891441345215,4.732859134674072,5.074735641479492,0.0003,0.0003,0.1
,,,,,47005,6.0,6,,,,,,,,
,,,,,47011,6.0,6,,,,,,,,
,,,,,47015,4.0,4,,,,,,,,
,,,,,47019,4.0,4,,,,,,,,
,,,,,47023,4.0,4,,,,,,,,
,,,,,47029,6.0,6,,,,,,,,
,,,,,47035,6.0,6,,,,,,,,
,,,,,47039,4.0,4,,,,,,,,
,,,,,47042,3.0,3,,,,,,,,
,,,,,47047,5.0,5,,,,,,,,
,,,,,47052,5.0,5,,,,,,,,
,,,,,47062,10.0,10,,,,,,,,
,,,,,47068,6.0,6,,,,,,,,
,,,,,47073,5.0,5,,,,,,,,
,,,,,47081,8.0,8,,,,,,,,
,,,,,47086,5.0,5,,,,,,,,
,,,,,47094,8.0,8,,,,,,,,
,,,,,47106,12.0,12,,,,,,,,
,,,,,47110,4.0,4,,,,,,,,
,,,,,47117,7.0,7,,,,,,,,
,,,,,47122,5.0,5,,,,,,,,
,,,,,47126,4.0,4,,,,,,,,
,,,,,47151,25.0,25,,,,,,,,
,,,,,47157,6.0,6,,,,,,,,
,,,,,47163,6.0,6,,,,,,,,
,,,,,47167,4.0,4,,,,,,,,
,,,,,47177,10.0,10,,,,,,,,
,,,,,47183,6.0,6,,,,,,,,
,,,,,47189,6.0,6,,,,,,,,
,,,,,47192,3.0,3,,,,,,,,
,,,,,47200,8.0,8,,,,,,,,
,,,,,47216,16.0,16,,,,,,,,
,,,,,47222,6.0,6,,,,,,,,
,,,,,47232,10.0,10,,,,,,,,
,,,,,47241,9.0,9,,,,,,,,
,,,,,47244,3.0,3,,,,,,,,
,,,,,47253,9.0,9,,,,,,,,
,,,,,47258,5.0,5,,,,,,,,
,,,,,47261,3.0,3,,,,,,,,
,,,,,47268,7.0,7,,,,,,,,
,,,,,47271,3.0,3,,,,,,,,
,,,,,47281,10.0,10,,,,,,,,
,,,,,47284,3.0,3,,,,,,,,
,,,,,47288,4.0,4,,,,,,,,
,,,,,47292,4.0,4,,,,,,,,
,,,,,47296,4.0,4,,,,,,,,
,,,,,47306,10.0,10,,,,,,,,
,,,,,47309,3.0,3,,,,,,,,
,,,,,47313,4.0,4,,,,,,,,
,,,,,47318,5.0,5,,,,,,,,
,,,,,47323,5.0,5,,,,,,,,
,,,,,47330,7.0,7,,,,,,,,
,,,,,47334,4.0,4,,,,,,,,
,,,,,47338,4.0,4,,,,,,,,
,,,,,47342,4.0,4,,,,,,,,
,,,,,47346,4.0,4,,,,,,,,
,,,,,47349,3.0,3,,,,,,,,
,,,,,47353,4.0,4,,,,,,,,
,,,,,47358,5.0,5,,,,,,,,
,,,,,47361,3.0,3,,,,,,,,
,,,,,47364,3.0,3,,,,,,,,
,,,,,47370,6.0,6,,,,,,,,
,,,,,47385,15.0,15,,,,,,,,
,,,,,47393,8.0,8,,,,,,,,
,,,,,47396,3.0,3,,,,,,,,
,,,,,47400,4.0,4,,,,,,,,
,,,,,47403,3.0,3,,,,,,,,
,,,,,47407,4.0,4,,,,,,,,
,,,,,47412,5.0,5,,,,,,,,
,,,,,47415,3.0,3,,,,,,,,
,,,,,47423,8.0,8,,,,,,,,
,,,,,47426,3.0,3,,,,,,,,
,,,,,47430,4.0,4,,,,,,,,
,,,,,47433,3.0,3,,,,,,,,
,,,,,47444,11.0,11,,,,,,,,
,,,,,47452,8.0,8,,,,,,,,
,,,,,47477,25.0,25,,,,,,,,
,,,,,47480,3.0,3,,,,,,,,
,,,,,47490,10.0,10,,,,,,,,
,,,,,47495,5.0,5,,,,,,,,
,,,,,47505,10.0,10,,,,,,,,
,,,,,47511,6.0,6,,,,,,,,
,,,,,47515,4.0,4,,,,,,,,
,,,,,47524,9.0,9,,,,,,,,
,,,,,47527,3.0,3,,,,,,,,
,,,,,47535,8.0,8,,,,,,,,
,,,,,47539,4.0,4,,,,,,,,
,,,,,47543,4.0,4,,,,,,,,
,,,,,47547,4.0,4,,,,,,,,
,,,,,47552,5.0,5,,,,,,,,
,,,,,47557,5.0,5,,,,,,,,
,,,,,47565,8.0,8,,,,,,,,
,,,,,47571,6.0,6,,,,,,,,
,,,,,47576,5.0,5,,,,,,,,
,,,,,47580,4.0,4,,,,,,,,
,,,,,47586,6.0,6,,,,,,,,
,,,,,47590,4.0,4,,,,,,,,
,,,,,47594,4.0,4,,,,,,,,
,,,,,47597,3.0,3,,,,,,,,
,,,,,47606,9.0,9,,,,,,,,
,,,,,47612,6.0,6,,,,,,,,
,,,,,47616,4.0,4,,,,,,,,
,,,,,47619,3.0,3,,,,,,,,
,,,,,47622,3.0,3,,,,,,,,
,,,,,47629,7.0,7,,,,,,,,
,,,,,47640,11.0,11,,,,,,,,
,,,,,47643,3.0,3,,,,,,,,
,,,,,47647,4.0,4,,,,,,,,
,,,,,47651,4.0,4,,,,,,,,
,,,,,47660,9.0,9,,,,,,,,
,,,,,47665,5.0,5,,,,,,,,
,,,,,47677,12.0,12,,,,,,,,
,,,,,47682,5.0,5,,,,,,,,
,,,,,47688,6.0,6,,,,,,,,
,,,,,47692,4.0,4,,,,,,,,
,,,,,47695,3.0,3,,,,,,,,
,,,,,47704,9.0,9,,,,,,,,
,,,,,47710,6.0,6,,,,,,,,
,,,,,47713,3.0,3,,,,,,,,
,,,,,47717,4.0,4,,,,,,,,
,,,,,47721,4.0,4,,,,,,,,
,,,,,47725,4.0,4,,,,,,,,
,,,,,47728,3.0,3,,,,,,,,
,,,,,47734,6.0,6,,,,,,,,
,,,,,47738,4.0,4,,,,,,,,
,,,,,47741,3.0,3,,,,,,,,
,,,,,47744,3.0,3,,,,,,,,
,,,,,47748,4.0,4,,,,,,,,
,,,,,47753,5.0,5,,,,,,,,
,,,,,47757,4.0,4,,,,,,,,
,,,,,47763,6.0,6,,,,,,,,
,,,,,47767,4.0,4,,,,,,,,
,,,,,47774,7.0,7,,,,,,,,
,,,,,47778,4.0,4,,,,,,,,
,,,,,47782,4.0,4,,,,,,,,
,,,,,47785,3.0,3,,,,,,,,
,,,,,47796,11.0,11,,,,,,,,
,,,,,47799,3.0,3,,,,,,,,
,,,,,47810,11.0,11,,,,,,,,
,,,,,47819,9.0,9,,,,,,,,
,,,,,47828,9.0,9,,,,,,,,
,,,,,47833,5.0,5,,,,,,,,
,,,,,47837,4.0,4,,,,,,,,
,,,,,47841,4.0,4,,,,,,,,
,,,,,47845,4.0,4,,,,,,,,
,,,,,47851,6.0,6,,,,,,,,
,,,,,47854,3.0,3,,,,,,,,
,,,,,47863,9.0,9,,,,,,,,
,,,,,47868,5.0,5,,,,,,,,
,,,,,47875,7.0,7,,,,,,,,
,,,,,47879,4.0,4,,,,,,,,
,,,,,47883,4.0,4,,,,,,,,
,,,,,47887,4.0,4,,,,,,,,
,,,,,47902,15.0,15,,,,,,,,
,,,,,47907,5.0,5,,,,,,,,
,,,,,47915,8.0,8,,,,,,,,
,,,,,47919,4.0,4,,,,,,,,
,,,,,47923,4.0,4,,,,,,,,
,,,,,47931,8.0,8,,,,,,,,
,,,,,47937,6.0,6,,,,,,,,
,,,,,47947,10.0,10,,,,,,,,
,,,,,47951,4.0,4,,,,,,,,
,,,,,47962,11.0,11,,,,,,,,
,,,,,47965,3.0,3,,,,,,,,
,,,,,47972,7.0,7,,,,,,,,
,,,,,47975,3.0,3,,,,,,,,
,,,,,47980,5.0,5,,,,,,,,
,,,,,47984,4.0,4,,,,,,,,
,,,,,47990,6.0,6,,,,,,,,
,,,,,47994,4.0,4,,,,,,,,
,,,,,47999,5.0,5,,,,,,,,
,,,,,48000,,,-0.06761476397514343,0.6761476397514343,1.6562451124191284,4.604206085205078,4.285792827606201,0.0003,0.0003,0.1
,,,,,48006,7.0,7,,,,,,,,
,,,,,48009,3.0,3,,,,,,,,
,,,,,48018,9.0,9,,,,,,,,
,,,,,48021,3.0,3,,,,,,,,
,,,,,48025,4.0,4,,,,,,,,
,,,,,48031,6.0,6,,,,,,,,
,,,,,48037,6.0,6,,,,,,,,
,,,,,48041,4.0,4,,,,,,,,
,,,,,48045,4.0,4,,,,,,,,
,,,,,48055,10.0,10,,,,,,,,
,,,,,48058,3.0,3,,,,,,,,
,,,,,48064,6.0,6,,,,,,,,
,,,,,48070,6.0,6,,,,,,,,
,,,,,48075,5.0,5,,,,,,,,
,,,,,48080,5.0,5,,,,,,,,
,,,,,48087,7.0,7,,,,,,,,
,,,,,48091,4.0,4,,,,,,,,
,,,,,48095,4.0,4,,,,,,,,
,,,,,48099,4.0,4,,,,,,,,
,,,,,48103,4.0,4,,,,,,,,
,,,,,48109,6.0,6,,,,,,,,
,,,,,48117,8.0,8,,,,,,,,
,,,,,48124,7.0,7,,,,,,,,
,,,,,48138,14.0,14,,,,,,,,
,,,,,48144,6.0,6,,,,,,,,
,,,,,48147,3.0,3,,,,,,,,
,,,,,48153,6.0,6,,,,,,,,
,,,,,48157,4.0,4,,,,,,,,
,,,,,48165,8.0,8,,,,,,,,
,,,,,48169,4.0,4,,,,,,,,
,,,,,48173,4.0,4,,,,,,,,
,,,,,48177,4.0,4,,,,,,,,
,,,,,48182,5.0,5,,,,,,,,
,,,,,48185,3.0,3,,,,,,,,
,,,,,48191,6.0,6,,,,,,,,
,,,,,48195,4.0,4,,,,,,,,
,,,,,48199,4.0,4,,,,,,,,
,,,,,48203,4.0,4,,,,,,,,
,,,,,48208,5.0,5,,,,,,,,
,,,,,48212,4.0,4,,,,,,,,
,,,,,48219,7.0,7,,,,,,,,
,,,,,48222,3.0,3,,,,,,,,
,,,,,48225,3.0,3,,,,,,,,
,,,,,48228,3.0,3,,,,,,,,
,,,,,48232,4.0,4,,,,,,,,
,,,,,48236,4.0,4,,,,,,,,
,,,,,48242,6.0,6,,,,,,,,
,,,,,48246,4.0,4,,,,,,,,
,,,,,48253,7.0,7,,,,,,,,
,,,,,48260,7.0,7,,,,,,,,
,,,,,48263,3.0,3,,,,,,,,
,,,,,48268,5.0,5,,,,,,,,
,,,,,48277,9.0,9,,,,,,,,
,,,,,48281,4.0,4,,,,,,,,
,,,,,48285,4.0,4,,,,,,,,
,,,,,48288,3.0,3,,,,,,,,
,,,,,48292,4.0,4,,,,,,,,
,,,,,48297,5.0,5,,,,,,,,
,,,,,48302,5.0,5,,,,,,,,
,,,,,48307,5.0,5,,,,,,,,
,,,,,48312,5.0,5,,,,,,,,
,,,,,48316,4.0,4,,,,,,,,
,,,,,48327,11.0,11,,,,,,,,
,,,,,48331,4.0,4,,,,,,,,
,,,,,48336,5.0,5,,,,,,,,
,,,,,48340,4.0,4,,,,,,,,
,,,,,48345,5.0,5,,,,,,,,
,,,,,48348,3.0,3,,,,,,,,
,,,,,48354,6.0,6,,,,,,,,
,,,,,48359,5.0,5,,,,,,,,
,,,,,48372,13.0,13,,,,,,,,
,,,,,48376,4.0,4,,,,,,,,
,,,,,48382,6.0,6,,,,,,,,
,,,,,48387,5.0,5,,,,,,,,
,,,,,48394,7.0,7,,,,,,,,
,,,,,48397,3.0,3,,,,,,,,
,,,,,48400,3.0,3,,,,,,,,
,,,,,48406,6.0,6,,,,,,,,
,,,,,48413,7.0,7,,,,,,,,
,,,,,48418,5.0,5,,,,,,,,
,,,,,48429,11.0,11,,,,,,,,
,,,,,48442,13.0,13,,,,,,,,
,,,,,48447,5.0,5,,,,,,,,
,,,,,48455,8.0,8,,,,,,,,
,,,,,48459,4.0,4,,,,,,,,
,,,,,48464,5.0,5,,,,,,,,
,,,,,48470,6.0,6,,,,,,,,
,,,,,48473,3.0,3,,,,,,,,
,,,,,48478,5.0,5,,,,,,,,
,,,,,48488,10.0,10,,,,,,,,
,,,,,48493,5.0,5,,,,,,,,
,,,,,48507,14.0,14,,,,,,,,
,,,,,48510,3.0,3,,,,,,,,
,,,,,48513,3.0,3,,,,,,,,
,,,,,48521,8.0,8,,,,,,,,
,,,,,48535,14.0,14,,,,,,,,
,,,,,48538,3.0,3,,,,,,,,
,,,,,48543,5.0,5,,,,,,,,
,,,,,48546,3.0,3,,,,,,,,
,,,,,48554,8.0,8,,,,,,,,
,,,,,48557,3.0,3,,,,,,,,
,,,,,48563,6.0,6,,,,,,,,
,,,,,48567,4.0,4,,,,,,,,
,,,,,48579,12.0,12,,,,,,,,
,,,,,48583,4.0,4,,,,,,,,
,,,,,48586,3.0,3,,,,,,,,
,,,,,48590,4.0,4,,,,,,,,
,,,,,48594,4.0,4,,,,,,,,
,,,,,48604,10.0,10,,,,,,,,
,,,,,48607,3.0,3,,,,,,,,
,,,,,48612,5.0,5,,,,,,,,
,,,,,48617,5.0,5,,,,,,,,
,,,,,48621,4.0,4,,,,,,,,
,,,,,48629,8.0,8,,,,,,,,
,,,,,48644,15.0,15,,,,,,,,
,,,,,48650,6.0,6,,,,,,,,
,,,,,48670,20.0,20,,,,,,,,
,,,,,48673,3.0,3,,,,,,,,
,,,,,48678,5.0,5,,,,,,,,
,,,,,48685,7.0,7,,,,,,,,
,,,,,48689,4.0,4,,,,,,,,
,,,,,48692,3.0,3,,,,,,,,
,,,,,48695,3.0,3,,,,,,,,
,,,,,48702,7.0,7,,,,,,,,
,,,,,48708,6.0,6,,,,,,,,
,,,,,48711,3.0,3,,,,,,,,
,,,,,48718,7.0,7,,,,,,,,
,,,,,48721,3.0,3,,,,,,,,
,,,,,48725,4.0,4,,,,,,,,
,,,,,48729,4.0,4,,,,,,,,
,,,,,48738,9.0,9,,,,,,,,
,,,,,48744,6.0,6,,,,,,,,
,,,,,48747,3.0,3,,,,,,,,
,,,,,48754,7.0,7,,,,,,,,
,,,,,48759,5.0,5,,,,,,,,
,,,,,48764,5.0,5,,,,,,,,
,,,,,48770,6.0,6,,,,,,,,
,,,,,48775,5.0,5,,,,,,,,
,,,,,48781,6.0,6,,,,,,,,
,,,,,48788,7.0,7,,,,,,,,
,,,,,48791,3.0,3,,,,,,,,
,,,,,48794,3.0,3,,,,,,,,
,,,,,48800,6.0,6,,,,,,,,
,,,,,48808,8.0,8,,,,,,,,
,,,,,48812,4.0,4,,,,,,,,
,,,,,48815,3.0,3,,,,,,,,
,,,,,48821,6.0,6,,,,,,,,
,,,,,48836,15.0,15,,,,,,,,
,,,,,48839,3.0,3,,,,,,,,
,,,,,48843,4.0,4,,,,,,,,
,,,,,48847,4.0,4,,,,,,,,
,,,,,48856,9.0,9,,,,,,,,
,,,,,48860,4.0,4,,,,,,,,
,,,,,48864,4.0,4,,,,,,,,
,,,,,48867,3.0,3,,,,,,,,
,,,,,48872,5.0,5,,,,,,,,
,,,,,48876,4.0,4,,,,,,,,
,,,,,48880,4.0,4,,,,,,,,
,,,,,48884,4.0,4,,,,,,,,
,,,,,48888,4.0,4,,,,,,,,
,,,,,48891,3.0,3,,,,,,,,
,,,,,48898,7.0,7,,,,,,,,
,,,,,48901,3.0,3,,,,,,,,
,,,,,48904,3.0,3,,,,,,,,
,,,,,48908,4.0,4,,,,,,,,
,,,,,48933,25.0,25,,,,,,,,
,,,,,48938,5.0,5,,,,,,,,
,,,,,48951,13.0,13,,,,,,,,
,,,,,48954,3.0,3,,,,,,,,
,,,,,48957,3.0,3,,,,,,,,
,,,,,48964,7.0,7,,,,,,,,
,,,,,48971,7.0,7,,,,,,,,
,,,,,48974,3.0,3,,,,,,,,
,,,,,48977,3.0,3,,,,,,,,
,,,,,48986,9.0,9,,,,,,,,
,,,,,48990,4.0,4,,,,,,,,
,,,,,48994,4.0,4,,,,,,,,
,,,,,48998,4.0,4,,,,,,,,
,,,,,49000,,,-0.06767163425683975,0.6767163276672363,2.213984966278076,4.727364540100098,4.6150383949279785,0.0003,0.0003,0.1
,,,,,49001,3.0,3,,,,,,,,
,,,,,49004,3.0,3,,,,,,,,
,,,,,49007,3.0,3,,,,,,,,
,,,,,49011,4.0,4,,,,,,,,
,,,,,49016,5.0,5,,,,,,,,
,,,,,49029,13.0,13,,,,,,,,
,,,,,49032,3.0,3,,,,,,,,
,,,,,49036,4.0,4,,,,,,,,
,,,,,49046,10.0,10,,,,,,,,
,,,,,49050,4.0,4,,,,,,,,
,,,,,49058,8.0,8,,,,,,,,
,,,,,49061,3.0,3,,,,,,,,
,,,,,49079,18.0,18,,,,,,,,
,,,,,49082,3.0,3,,,,,,,,
,,,,,49087,5.0,5,,,,,,,,
,,,,,49097,10.0,10,,,,,,,,
,,,,,49102,5.0,5,,,,,,,,
,,,,,49105,3.0,3,,,,,,,,
,,,,,49112,7.0,7,,,,,,,,
,,,,,49115,3.0,3,,,,,,,,
,,,,,49123,8.0,8,,,,,,,,
,,,,,49126,3.0,3,,,,,,,,
,,,,,49129,3.0,3,,,,,,,,
,,,,,49137,8.0,8,,,,,,,,
,,,,,49140,3.0,3,,,,,,,,
,,,,,49143,3.0,3,,,,,,,,
,,,,,49148,5.0,5,,,,,,,,
,,,,,49152,4.0,4,,,,,,,,
,,,,,49171,19.0,19,,,,,,,,
,,,,,49175,4.0,4,,,,,,,,
,,,,,49183,8.0,8,,,,,,,,
,,,,,49187,4.0,4,,,,,,,,
,,,,,49190,3.0,3,,,,,,,,
,,,,,49197,7.0,7,,,,,,,,
,,,,,49200,3.0,3,,,,,,,,
,,,,,49204,4.0,4,,,,,,,,
,,,,,49208,4.0,4,,,,,,,,
,,,,,49212,4.0,4,,,,,,,,
,,,,,49216,4.0,4,,,,,,,,
,,,,,49225,9.0,9,,,,,,,,
,,,,,49230,5.0,5,,,,,,,,
,,,,,49234,4.0,4,,,,,,,,
,,,,,49239,5.0,5,,,,,,,,
,,,,,49245,6.0,6,,,,,,,,
,,,,,49252,7.0,7,,,,,,,,
,,,,,49265,13.0,13,,,,,,,,
,,,,,49268,3.0,3,,,,,,,,
,,,,,49273,5.0,5,,,,,,,,
,,,,,49277,4.0,4,,,,,,,,
,,,,,49281,4.0,4,,,,,,,,
,,,,,49284,3.0,3,,,,,,,,
,,,,,49299,15.0,15,,,,,,,,
,,,,,49306,7.0,7,,,,,,,,
,,,,,49311,5.0,5,,,,,,,,
,,,,,49317,6.0,6,,,,,,,,
,,,,,49328,11.0,11,,,,,,,,
,,,,,49333,5.0,5,,,,,,,,
,,,,,49336,3.0,3,,,,,,,,
,,,,,49343,7.0,7,,,,,,,,
,,,,,49350,7.0,7,,,,,,,,
,,,,,49353,3.0,3,,,,,,,,
,,,,,49358,5.0,5,,,,,,,,
,,,,,49361,3.0,3,,,,,,,,
,,,,,49369,8.0,8,,,,,,,,
,,,,,49373,4.0,4,,,,,,,,
,,,,,49377,4.0,4,,,,,,,,
,,,,,49384,7.0,7,,,,,,,,
,,,,,49392,8.0,8,,,,,,,,
,,,,,49397,5.0,5,,,,,,,,
,,,,,49402,5.0,5,,,,,,,,
,,,,,49405,3.0,3,,,,,,,,
,,,,,49409,4.0,4,,,,,,,,
,,,,,49419,10.0,10,,,,,,,,
,,,,,49425,6.0,6,,,,,,,,
,,,,,49432,7.0,7,,,,,,,,
,,,,,49435,3.0,3,,,,,,,,
,,,,,49439,4.0,4,,,,,,,,
,,,,,49442,3.0,3,,,,,,,,
,,,,,49445,3.0,3,,,,,,,,
,,,,,49456,11.0,11,,,,,,,,
,,,,,49459,3.0,3,,,,,,,,
,,,,,49464,5.0,5,,,,,,,,
,,,,,49470,6.0,6,,,,,,,,
,,,,,49476,6.0,6,,,,,,,,
,,,,,49483,7.0,7,,,,,,,,
,,,,,49490,7.0,7,,,,,,,,
,,,,,49497,7.0,7,,,,,,,,
,,,,,49500,3.0,3,,,,,,,,
,,,,,49511,11.0,11,,,,,,,,
,,,,,49515,4.0,4,,,,,,,,
,,,,,49518,3.0,3,,,,,,,,
,,,,,49522,4.0,4,,,,,,,,
,,,,,49536,14.0,14,,,,,,,,
,,,,,49543,7.0,7,,,,,,,,
,,,,,49546,3.0,3,,,,,,,,
,,,,,49550,4.0,4,,,,,,,,
,,,,,49557,7.0,7,,,,,,,,
,,,,,49564,7.0,7,,,,,,,,
,,,,,49568,4.0,4,,,,,,,,
,,,,,49572,4.0,4,,,,,,,,
,,,,,49576,4.0,4,,,,,,,,
,,,,,49579,3.0,3,,,,,,,,
,,,,,49582,3.0,3,,,,,,,,
,,,,,49585,3.0,3,,,,,,,,
,,,,,49594,9.0,9,,,,,,,,
,,,,,49598,4.0,4,,,,,,,,
,,,,,49605,7.0,7,,,,,,,,
,,,,,49609,4.0,4,,,,,,,,
,,,,,49612,3.0,3,,,,,,,,
,,,,,49620,8.0,8,,,,,,,,
,,,,,49633,13.0,13,,,,,,,,
,,,,,49640,7.0,7,,,,,,,,
,,,,,49643,3.0,3,,,,,,,,
,,,,,49652,9.0,9,,,,,,,,
,,,,,49659,7.0,7,,,,,,,,
,,,,,49666,7.0,7,,,,,,,,
,,,,,49670,4.0,4,,,,,,,,
,,,,,49674,4.0,4,,,,,,,,
,,,,,49677,3.0,3,,,,,,,,
,,,,,49684,7.0,7,,,,,,,,
,,,,,49691,7.0,7,,,,,,,,
,,,,,49696,5.0,5,,,,,,,,
,,,,,49700,4.0,4,,,,,,,,
,,,,,49703,3.0,3,,,,,,,,
,,,,,49707,4.0,4,,,,,,,,
,,,,,49715,8.0,8,,,,,,,,
,,,,,49721,6.0,6,,,,,,,,
,,,,,49729,8.0,8,,,,,,,,
,,,,,49732,3.0,3,,,,,,,,
,,,,,49737,5.0,5,,,,,,,,
,,,,,49742,5.0,5,,,,,,,,
,,,,,49745,3.0,3,,,,,,,,
,,,,,49750,5.0,5,,,,,,,,
,,,,,49756,6.0,6,,,,,,,,
,,,,,49760,4.0,4,,,,,,,,
,,,,,49764,4.0,4,,,,,,,,
,,,,,49769,5.0,5,,,,,,,,
,,,,,49773,4.0,4,,,,,,,,
,,,,,49777,4.0,4,,,,,,,,
,,,,,49781,4.0,4,,,,,,,,
,,,,,49791,10.0,10,,,,,,,,
,,,,,49802,11.0,11,,,,,,,,
,,,,,49814,12.0,12,,,,,,,,
,,,,,49820,6.0,6,,,,,,,,
,,,,,49825,5.0,5,,,,,,,,
,,,,,49836,11.0,11,,,,,,,,
,,,,,49839,3.0,3,,,,,,,,
,,,,,49844,5.0,5,,,,,,,,
,,,,,49848,4.0,4,,,,,,,,
,,,,,49851,3.0,3,,,,,,,,
,,,,,49860,9.0,9,,,,,,,,
,,,,,49864,4.0,4,,,,,,,,
,,,,,49867,3.0,3,,,,,,,,
,,,,,49870,3.0,3,,,,,,,,
,,,,,49875,5.0,5,,,,,,,,
,,,,,49879,4.0,4,,,,,,,,
,,,,,49883,4.0,4,,,,,,,,
,,,,,49887,4.0,4,,,,,,,,
,,,,,49892,5.0,5,,,,,,,,
,,,,,49897,5.0,5,,,,,,,,
,,,,,49913,16.0,16,,,,,,,,
,,,,,49925,12.0,12,,,,,,,,
,,,,,49929,4.0,4,,,,,,,,
,,,,,49942,13.0,13,,,,,,,,
,,,,,49947,5.0,5,,,,,,,,
,,,,,49950,3.0,3,,,,,,,,
,,,,,49953,3.0,3,,,,,,,,
,,,,,49963,10.0,10,,,,,,,,
,,,,,49966,3.0,3,,,,,,,,
,,,,,49970,4.0,4,,,,,,,,
,,,,,49974,4.0,4,,,,,,,,
,,,,,49978,4.0,4,,,,,,,,
,,,,,49986,8.0,8,,,,,,,,
,,,,,49995,9.0,9,,,,,,,,
