Eval_AverageReturn,Eval_StdReturn,Eval_MaxReturn,Eval_MinReturn,Eval_AverageEpLen,step,Train_EpisodeReturn,Train_EpisodeLen,actor_loss,entropy,critic_loss,q_values,target_values,actor_lr,critic_lr,temperature
7.3,5.060632,19.0,3.0,7.3,0,,,,,,,,,,
,,,,,5,6.0,6,,,,,,,,
,,,,,11,6.0,6,,,,,,,,
,,,,,16,5.0,5,,,,,,,,
,,,,,20,4.0,4,,,,,,,,
,,,,,23,3.0,3,,,,,,,,
,,,,,28,5.0,5,,,,,,,,
,,,,,32,4.0,4,,,,,,,,
,,,,,36,4.0,4,,,,,,,,
,,,,,42,6.0,6,,,,,,,,
,,,,,49,7.0,7,,,,,,,,
,,,,,58,9.0,9,,,,,,,,
,,,,,67,9.0,9,,,,,,,,
,,,,,74,7.0,7,,,,,,,,
,,,,,81,7.0,7,,,,,,,,
,,,,,85,4.0,4,,,,,,,,
,,,,,89,4.0,4,,,,,,,,
,,,,,95,6.0,6,,,,,,,,
,,,,,98,3.0,3,,,,,,,,
,,,,,112,14.0,14,,,,,,,,
,,,,,116,4.0,4,,,,,,,,
,,,,,128,12.0,12,,,,,,,,
,,,,,141,13.0,13,,,,,,,,
,,,,,147,6.0,6,,,,,,,,
,,,,,150,3.0,3,,,,,,,,
,,,,,159,9.0,9,,,,,,,,
,,,,,163,4.0,4,,,,,,,,
,,,,,166,3.0,3,,,,,,,,
,,,,,171,5.0,5,,,,,,,,
,,,,,180,9.0,9,,,,,,,,
,,,,,184,4.0,4,,,,,,,,
,,,,,189,5.0,5,,,,,,,,
,,,,,193,4.0,4,,,,,,,,
,,,,,204,11.0,11,,,,,,,,
,,,,,214,10.0,10,,,,,,,,
,,,,,217,3.0,3,,,,,,,,
,,,,,221,4.0,4,,,,,,,,
,,,,,225,4.0,4,,,,,,,,
,,,,,229,4.0,4,,,,,,,,
,,,,,232,3.0,3,,,,,,,,
,,,,,235,3.0,3,,,,,,,,
,,,,,239,4.0,4,,,,,,,,
,,,,,247,8.0,8,,,,,,,,
,,,,,254,7.0,7,,,,,,,,
,,,,,262,8.0,8,,,,,,,,
,,,,,265,3.0,3,,,,,,,,
,,,,,269,4.0,4,,,,,,,,
,,,,,275,6.0,6,,,,,,,,
,,,,,279,4.0,4,,,,,,,,
,,,,,282,3.0,3,,,,,,,,
,,,,,290,8.0,8,,,,,,,,
,,,,,293,3.0,3,,,,,,,,
,,,,,296,3.0,3,,,,,,,,
,,,,,302,6.0,6,,,,,,,,
,,,,,306,4.0,4,,,,,,,,
,,,,,310,4.0,4,,,,,,,,
,,,,,316,6.0,6,,,,,,,,
,,,,,320,4.0,4,,,,,,,,
,,,,,323,3.0,3,,,,,,,,
,,,,,327,4.0,4,,,,,,,,
,,,,,330,3.0,3,,,,,,,,
,,,,,335,5.0,5,,,,,,,,
,,,,,338,3.0,3,,,,,,,,
,,,,,342,4.0,4,,,,,,,,
,,,,,345,3.0,3,,,,,,,,
,,,,,351,6.0,6,,,,,,,,
,,,,,357,6.0,6,,,,,,,,
,,,,,360,3.0,3,,,,,,,,
,,,,,365,5.0,5,,,,,,,,
,,,,,371,6.0,6,,,,,,,,
,,,,,377,6.0,6,,,,,,,,
,,,,,380,3.0,3,,,,,,,,
,,,,,392,12.0,12,,,,,,,,
,,,,,395,3.0,3,,,,,,,,
,,,,,403,8.0,8,,,,,,,,
,,,,,411,8.0,8,,,,,,,,
,,,,,415,4.0,4,,,,,,,,
,,,,,420,5.0,5,,,,,,,,
,,,,,424,4.0,4,,,,,,,,
,,,,,440,16.0,16,,,,,,,,
,,,,,447,7.0,7,,,,,,,,
,,,,,451,4.0,4,,,,,,,,
,,,,,459,8.0,8,,,,,,,,
,,,,,463,4.0,4,,,,,,,,
,,,,,471,8.0,8,,,,,,,,
,,,,,476,5.0,5,,,,,,,,
,,,,,479,3.0,3,,,,,,,,
,,,,,486,7.0,7,,,,,,,,
,,,,,494,8.0,8,,,,,,,,
,,,,,497,3.0,3,,,,,,,,
,,,,,503,6.0,6,,,,,,,,
,,,,,512,9.0,9,,,,,,,,
,,,,,515,3.0,3,,,,,,,,
,,,,,521,6.0,6,,,,,,,,
,,,,,528,7.0,7,,,,,,,,
,,,,,536,8.0,8,,,,,,,,
,,,,,539,3.0,3,,,,,,,,
,,,,,552,13.0,13,,,,,,,,
,,,,,559,7.0,7,,,,,,,,
,,,,,565,6.0,6,,,,,,,,
,,,,,569,4.0,4,,,,,,,,
,,,,,573,4.0,4,,,,,,,,
,,,,,576,3.0,3,,,,,,,,
,,,,,579,3.0,3,,,,,,,,
,,,,,583,4.0,4,,,,,,,,
,,,,,586,3.0,3,,,,,,,,
,,,,,591,5.0,5,,,,,,,,
,,,,,599,8.0,8,,,,,,,,
,,,,,603,4.0,4,,,,,,,,
,,,,,607,4.0,4,,,,,,,,
,,,,,619,12.0,12,,,,,,,,
,,,,,622,3.0,3,,,,,,,,
,,,,,645,23.0,23,,,,,,,,
,,,,,649,4.0,4,,,,,,,,
,,,,,653,4.0,4,,,,,,,,
,,,,,664,11.0,11,,,,,,,,
,,,,,668,4.0,4,,,,,,,,
,,,,,671,3.0,3,,,,,,,,
,,,,,675,4.0,4,,,,,,,,
,,,,,678,3.0,3,,,,,,,,
,,,,,683,5.0,5,,,,,,,,
,,,,,688,5.0,5,,,,,,,,
,,,,,708,20.0,20,,,,,,,,
,,,,,713,5.0,5,,,,,,,,
,,,,,718,5.0,5,,,,,,,,
,,,,,724,6.0,6,,,,,,,,
,,,,,727,3.0,3,,,,,,,,
,,,,,731,4.0,4,,,,,,,,
,,,,,746,15.0,15,,,,,,,,
,,,,,755,9.0,9,,,,,,,,
,,,,,759,4.0,4,,,,,,,,
,,,,,764,5.0,5,,,,,,,,
,,,,,770,6.0,6,,,,,,,,
,,,,,773,3.0,3,,,,,,,,
,,,,,776,3.0,3,,,,,,,,
,,,,,783,7.0,7,,,,,,,,
,,,,,796,13.0,13,,,,,,,,
,,,,,805,9.0,9,,,,,,,,
,,,,,809,4.0,4,,,,,,,,
,,,,,812,3.0,3,,,,,,,,
,,,,,822,10.0,10,,,,,,,,
,,,,,841,19.0,19,,,,,,,,
,,,,,848,7.0,7,,,,,,,,
,,,,,851,3.0,3,,,,,,,,
,,,,,857,6.0,6,,,,,,,,
,,,,,862,5.0,5,,,,,,,,
,,,,,865,3.0,3,,,,,,,,
,,,,,871,6.0,6,,,,,,,,
,,,,,875,4.0,4,,,,,,,,
,,,,,882,7.0,7,,,,,,,,
,,,,,900,18.0,18,,,,,,,,
,,,,,905,5.0,5,,,,,,,,
,,,,,910,5.0,5,,,,,,,,
,,,,,916,6.0,6,,,,,,,,
,,,,,921,5.0,5,,,,,,,,
,,,,,924,3.0,3,,,,,,,,
,,,,,927,3.0,3,,,,,,,,
,,,,,932,5.0,5,,,,,,,,
,,,,,942,10.0,10,,,,,,,,
,,,,,947,5.0,5,,,,,,,,
,,,,,953,6.0,6,,,,,,,,
,,,,,960,7.0,7,,,,,,,,
,,,,,965,5.0,5,,,,,,,,
,,,,,974,9.0,9,,,,,,,,
,,,,,981,7.0,7,,,,,,,,
,,,,,986,5.0,5,,,,,,,,
,,,,,992,6.0,6,,,,,,,,
,,,,,995,3.0,3,,,,,,,,
,,,,,999,4.0,4,,,,,,,,
,,,,,1005,6.0,6,,,,,,,,
,,,,,1008,3.0,3,,,,,,,,
,,,,,1020,12.0,12,,,,,,,,
,,,,,1025,5.0,5,,,,,,,,
,,,,,1030,5.0,5,,,,,,,,
,,,,,1033,3.0,3,,,,,,,,
,,,,,1037,4.0,4,,,,,,,,
,,,,,1040,3.0,3,,,,,,,,
,,,,,1057,17.0,17,,,,,,,,
,,,,,1061,4.0,4,,,,,,,,
,,,,,1064,3.0,3,,,,,,,,
,,,,,1068,4.0,4,,,,,,,,
,,,,,1072,4.0,4,,,,,,,,
,,,,,1078,6.0,6,,,,,,,,
,,,,,1082,4.0,4,,,,,,,,
,,,,,1085,3.0,3,,,,,,,,
,,,,,1088,3.0,3,,,,,,,,
,,,,,1100,12.0,12,,,,,,,,
,,,,,1115,15.0,15,,,,,,,,
,,,,,1118,3.0,3,,,,,,,,
,,,,,1125,7.0,7,,,,,,,,
,,,,,1129,4.0,4,,,,,,,,
,,,,,1133,4.0,4,,,,,,,,
,,,,,1144,11.0,11,,,,,,,,
,,,,,1147,3.0,3,,,,,,,,
,,,,,1150,3.0,3,,,,,,,,
,,,,,1153,3.0,3,,,,,,,,
,,,,,1160,7.0,7,,,,,,,,
,,,,,1163,3.0,3,,,,,,,,
,,,,,1166,3.0,3,,,,,,,,
,,,,,1170,4.0,4,,,,,,,,
,,,,,1175,5.0,5,,,,,,,,
,,,,,1178,3.0,3,,,,,,,,
,,,,,1181,3.0,3,,,,,,,,
,,,,,1185,4.0,4,,,,,,,,
,,,,,1194,9.0,9,,,,,,,,
,,,,,1203,9.0,9,,,,,,,,
,,,,,1213,10.0,10,,,,,,,,
,,,,,1224,11.0,11,,,,,,,,
,,,,,1238,14.0,14,,,,,,,,
,,,,,1255,17.0,17,,,,,,,,
,,,,,1260,5.0,5,,,,,,,,
,,,,,1276,16.0,16,,,,,,,,
,,,,,1287,11.0,11,,,,,,,,
,,,,,1292,5.0,5,,,,,,,,
,,,,,1309,17.0,17,,,,,,,,
,,,,,1322,13.0,13,,,,,,,,
,,,,,1331,9.0,9,,,,,,,,
,,,,,1335,4.0,4,,,,,,,,
,,,,,1344,9.0,9,,,,,,,,
,,,,,1355,11.0,11,,,,,,,,
,,,,,1358,3.0,3,,,,,,,,
,,,,,1361,3.0,3,,,,,,,,
,,,,,1369,8.0,8,,,,,,,,
,,,,,1372,3.0,3,,,,,,,,
,,,,,1381,9.0,9,,,,,,,,
,,,,,1395,14.0,14,,,,,,,,
,,,,,1401,6.0,6,,,,,,,,
,,,,,1413,12.0,12,,,,,,,,
,,,,,1422,9.0,9,,,,,,,,
,,,,,1425,3.0,3,,,,,,,,
,,,,,1432,7.0,7,,,,,,,,
,,,,,1448,16.0,16,,,,,,,,
,,,,,1466,18.0,18,,,,,,,,
,,,,,1473,7.0,7,,,,,,,,
,,,,,1476,3.0,3,,,,,,,,
,,,,,1479,3.0,3,,,,,,,,
,,,,,1491,12.0,12,,,,,,,,
,,,,,1502,11.0,11,,,,,,,,
,,,,,1506,4.0,4,,,,,,,,
,,,,,1512,6.0,6,,,,,,,,
,,,,,1525,13.0,13,,,,,,,,
,,,,,1537,12.0,12,,,,,,,,
,,,,,1553,16.0,16,,,,,,,,
,,,,,1556,3.0,3,,,,,,,,
,,,,,1563,7.0,7,,,,,,,,
,,,,,1566,3.0,3,,,,,,,,
,,,,,1574,8.0,8,,,,,,,,
,,,,,1578,4.0,4,,,,,,,,
,,,,,1583,5.0,5,,,,,,,,
,,,,,1592,9.0,9,,,,,,,,
,,,,,1596,4.0,4,,,,,,,,
,,,,,1600,4.0,4,,,,,,,,
,,,,,1603,3.0,3,,,,,,,,
,,,,,1609,6.0,6,,,,,,,,
,,,,,1614,5.0,5,,,,,,,,
,,,,,1618,4.0,4,,,,,,,,
,,,,,1632,14.0,14,,,,,,,,
,,,,,1648,16.0,16,,,,,,,,
,,,,,1656,8.0,8,,,,,,,,
,,,,,1660,4.0,4,,,,,,,,
,,,,,1663,3.0,3,,,,,,,,
,,,,,1668,5.0,5,,,,,,,,
,,,,,1679,11.0,11,,,,,,,,
,,,,,1685,6.0,6,,,,,,,,
,,,,,1693,8.0,8,,,,,,,,
,,,,,1698,5.0,5,,,,,,,,
,,,,,1703,5.0,5,,,,,,,,
,,,,,1711,8.0,8,,,,,,,,
,,,,,1715,4.0,4,,,,,,,,
,,,,,1724,9.0,9,,,,,,,,
,,,,,1731,7.0,7,,,,,,,,
,,,,,1737,6.0,6,,,,,,,,
,,,,,1752,15.0,15,,,,,,,,
,,,,,1757,5.0,5,,,,,,,,
,,,,,1761,4.0,4,,,,,,,,
,,,,,1766,5.0,5,,,,,,,,
,,,,,1769,3.0,3,,,,,,,,
,,,,,1774,5.0,5,,,,,,,,
,,,,,1794,20.0,20,,,,,,,,
,,,,,1798,4.0,4,,,,,,,,
,,,,,1802,4.0,4,,,,,,,,
,,,,,1806,4.0,4,,,,,,,,
,,,,,1813,7.0,7,,,,,,,,
,,,,,1818,5.0,5,,,,,,,,
,,,,,1821,3.0,3,,,,,,,,
,,,,,1829,8.0,8,,,,,,,,
,,,,,1847,18.0,18,,,,,,,,
,,,,,1855,8.0,8,,,,,,,,
,,,,,1859,4.0,4,,,,,,,,
,,,,,1863,4.0,4,,,,,,,,
,,,,,1877,14.0,14,,,,,,,,
,,,,,1890,13.0,13,,,,,,,,
,,,,,1902,12.0,12,,,,,,,,
,,,,,1905,3.0,3,,,,,,,,
,,,,,1909,4.0,4,,,,,,,,
,,,,,1919,10.0,10,,,,,,,,
,,,,,1927,8.0,8,,,,,,,,
,,,,,1932,5.0,5,,,,,,,,
,,,,,1935,3.0,3,,,,,,,,
,,,,,1943,8.0,8,,,,,,,,
,,,,,1953,10.0,10,,,,,,,,
,,,,,1961,8.0,8,,,,,,,,
,,,,,1969,8.0,8,,,,,,,,
,,,,,1977,8.0,8,,,,,,,,
,,,,,1982,5.0,5,,,,,,,,
,,,,,1989,7.0,7,,,,,,,,
,,,,,1993,4.0,4,,,,,,,,
,,,,,1998,5.0,5,,,,,,,,
,,,,,2004,6.0,6,,,,,,,,
,,,,,2008,4.0,4,,,,,,,,
,,,,,2014,6.0,6,,,,,,,,
,,,,,2021,7.0,7,,,,,,,,
,,,,,2029,8.0,8,,,,,,,,
,,,,,2032,3.0,3,,,,,,,,
,,,,,2036,4.0,4,,,,,,,,
,,,,,2046,10.0,10,,,,,,,,
,,,,,2074,28.0,28,,,,,,,,
,,,,,2088,14.0,14,,,,,,,,
,,,,,2094,6.0,6,,,,,,,,
,,,,,2098,4.0,4,,,,,,,,
,,,,,2111,13.0,13,,,,,,,,
,,,,,2116,5.0,5,,,,,,,,
,,,,,2124,8.0,8,,,,,,,,
,,,,,2131,7.0,7,,,,,,,,
,,,,,2148,17.0,17,,,,,,,,
,,,,,2152,4.0,4,,,,,,,,
,,,,,2156,4.0,4,,,,,,,,
,,,,,2168,12.0,12,,,,,,,,
,,,,,2176,8.0,8,,,,,,,,
,,,,,2179,3.0,3,,,,,,,,
,,,,,2188,9.0,9,,,,,,,,
,,,,,2197,9.0,9,,,,,,,,
,,,,,2205,8.0,8,,,,,,,,
,,,,,2217,12.0,12,,,,,,,,
,,,,,2226,9.0,9,,,,,,,,
,,,,,2229,3.0,3,,,,,,,,
,,,,,2232,3.0,3,,,,,,,,
,,,,,2237,5.0,5,,,,,,,,
,,,,,2244,7.0,7,,,,,,,,
,,,,,2248,4.0,4,,,,,,,,
,,,,,2253,5.0,5,,,,,,,,
,,,,,2270,17.0,17,,,,,,,,
,,,,,2281,11.0,11,,,,,,,,
,,,,,2284,3.0,3,,,,,,,,
,,,,,2289,5.0,5,,,,,,,,
,,,,,2301,12.0,12,,,,,,,,
,,,,,2305,4.0,4,,,,,,,,
,,,,,2314,9.0,9,,,,,,,,
,,,,,2320,6.0,6,,,,,,,,
,,,,,2325,5.0,5,,,,,,,,
,,,,,2336,11.0,11,,,,,,,,
,,,,,2346,10.0,10,,,,,,,,
,,,,,2357,11.0,11,,,,,,,,
,,,,,2361,4.0,4,,,,,,,,
,,,,,2365,4.0,4,,,,,,,,
,,,,,2368,3.0,3,,,,,,,,
,,,,,2372,4.0,4,,,,,,,,
,,,,,2383,11.0,11,,,,,,,,
,,,,,2402,19.0,19,,,,,,,,
,,,,,2409,7.0,7,,,,,,,,
,,,,,2415,6.0,6,,,,,,,,
,,,,,2419,4.0,4,,,,,,,,
,,,,,2426,7.0,7,,,,,,,,
,,,,,2430,4.0,4,,,,,,,,
,,,,,2435,5.0,5,,,,,,,,
,,,,,2439,4.0,4,,,,,,,,
,,,,,2452,13.0,13,,,,,,,,
,,,,,2462,10.0,10,,,,,,,,
,,,,,2466,4.0,4,,,,,,,,
,,,,,2472,6.0,6,,,,,,,,
,,,,,2480,8.0,8,,,,,,,,
,,,,,2484,4.0,4,,,,,,,,
,,,,,2493,9.0,9,,,,,,,,
,,,,,2500,7.0,7,,,,,,,,
,,,,,2506,6.0,6,,,,,,,,
,,,,,2516,10.0,10,,,,,,,,
,,,,,2523,7.0,7,,,,,,,,
,,,,,2536,13.0,13,,,,,,,,
,,,,,2550,14.0,14,,,,,,,,
,,,,,2557,7.0,7,,,,,,,,
,,,,,2566,9.0,9,,,,,,,,
,,,,,2571,5.0,5,,,,,,,,
,,,,,2578,7.0,7,,,,,,,,
,,,,,2582,4.0,4,,,,,,,,
,,,,,2587,5.0,5,,,,,,,,
,,,,,2593,6.0,6,,,,,,,,
,,,,,2597,4.0,4,,,,,,,,
,,,,,2607,10.0,10,,,,,,,,
,,,,,2611,4.0,4,,,,,,,,
,,,,,2619,8.0,8,,,,,,,,
,,,,,2624,5.0,5,,,,,,,,
,,,,,2630,6.0,6,,,,,,,,
,,,,,2639,9.0,9,,,,,,,,
,,,,,2647,8.0,8,,,,,,,,
,,,,,2660,13.0,13,,,,,,,,
,,,,,2663,3.0,3,,,,,,,,
,,,,,2671,8.0,8,,,,,,,,
,,,,,2677,6.0,6,,,,,,,,
,,,,,2681,4.0,4,,,,,,,,
,,,,,2689,8.0,8,,,,,,,,
,,,,,2697,8.0,8,,,,,,,,
,,,,,2702,5.0,5,,,,,,,,
,,,,,2706,4.0,4,,,,,,,,
,,,,,2710,4.0,4,,,,,,,,
,,,,,2721,11.0,11,,,,,,,,
,,,,,2735,14.0,14,,,,,,,,
,,,,,2744,9.0,9,,,,,,,,
,,,,,2760,16.0,16,,,,,,,,
,,,,,2770,10.0,10,,,,,,,,
,,,,,2776,6.0,6,,,,,,,,
,,,,,2780,4.0,4,,,,,,,,
,,,,,2787,7.0,7,,,,,,,,
,,,,,2791,4.0,4,,,,,,,,
,,,,,2797,6.0,6,,,,,,,,
,,,,,2802,5.0,5,,,,,,,,
,,,,,2825,23.0,23,,,,,,,,
,,,,,2831,6.0,6,,,,,,,,
,,,,,2837,6.0,6,,,,,,,,
,,,,,2844,7.0,7,,,,,,,,
,,,,,2848,4.0,4,,,,,,,,
,,,,,2852,4.0,4,,,,,,,,
,,,,,2861,9.0,9,,,,,,,,
,,,,,2873,12.0,12,,,,,,,,
,,,,,2881,8.0,8,,,,,,,,
,,,,,2887,6.0,6,,,,,,,,
,,,,,2890,3.0,3,,,,,,,,
,,,,,2904,14.0,14,,,,,,,,
,,,,,2912,8.0,8,,,,,,,,
,,,,,2923,11.0,11,,,,,,,,
,,,,,2927,4.0,4,,,,,,,,
,,,,,2933,6.0,6,,,,,,,,
,,,,,2950,17.0,17,,,,,,,,
,,,,,2953,3.0,3,,,,,,,,
,,,,,2959,6.0,6,,,,,,,,
,,,,,2971,12.0,12,,,,,,,,
,,,,,2978,7.0,7,,,,,,,,
,,,,,2981,3.0,3,,,,,,,,
,,,,,3005,24.0,24,,,,,,,,
,,,,,3014,9.0,9,,,,,,,,
,,,,,3025,11.0,11,,,,,,,,
,,,,,3034,9.0,9,,,,,,,,
,,,,,3038,4.0,4,,,,,,,,
,,,,,3042,4.0,4,,,,,,,,
,,,,,3048,6.0,6,,,,,,,,
,,,,,3053,5.0,5,,,,,,,,
,,,,,3060,7.0,7,,,,,,,,
,,,,,3068,8.0,8,,,,,,,,
,,,,,3074,6.0,6,,,,,,,,
,,,,,3078,4.0,4,,,,,,,,
,,,,,3082,4.0,4,,,,,,,,
,,,,,3087,5.0,5,,,,,,,,
,,,,,3090,3.0,3,,,,,,,,
,,,,,3095,5.0,5,,,,,,,,
,,,,,3099,4.0,4,,,,,,,,
,,,,,3105,6.0,6,,,,,,,,
,,,,,3118,13.0,13,,,,,,,,
,,,,,3121,3.0,3,,,,,,,,
,,,,,3125,4.0,4,,,,,,,,
,,,,,3128,3.0,3,,,,,,,,
,,,,,3131,3.0,3,,,,,,,,
,,,,,3135,4.0,4,,,,,,,,
,,,,,3139,4.0,4,,,,,,,,
,,,,,3143,4.0,4,,,,,,,,
,,,,,3153,10.0,10,,,,,,,,
,,,,,3163,10.0,10,,,,,,,,
,,,,,3167,4.0,4,,,,,,,,
,,,,,3185,18.0,18,,,,,,,,
,,,,,3194,9.0,9,,,,,,,,
,,,,,3198,4.0,4,,,,,,,,
,,,,,3201,3.0,3,,,,,,,,
,,,,,3205,4.0,4,,,,,,,,
,,,,,3209,4.0,4,,,,,,,,
,,,,,3213,4.0,4,,,,,,,,
,,,,,3222,9.0,9,,,,,,,,
,,,,,3228,6.0,6,,,,,,,,
,,,,,3234,6.0,6,,,,,,,,
,,,,,3237,3.0,3,,,,,,,,
,,,,,3242,5.0,5,,,,,,,,
,,,,,3249,7.0,7,,,,,,,,
,,,,,3261,12.0,12,,,,,,,,
,,,,,3266,5.0,5,,,,,,,,
,,,,,3276,10.0,10,,,,,,,,
,,,,,3282,6.0,6,,,,,,,,
,,,,,3288,6.0,6,,,,,,,,
,,,,,3303,15.0,15,,,,,,,,
,,,,,3307,4.0,4,,,,,,,,
,,,,,3310,3.0,3,,,,,,,,
,,,,,3316,6.0,6,,,,,,,,
,,,,,3320,4.0,4,,,,,,,,
,,,,,3333,13.0,13,,,,,,,,
,,,,,3341,8.0,8,,,,,,,,
,,,,,3358,17.0,17,,,,,,,,
,,,,,3361,3.0,3,,,,,,,,
,,,,,3372,11.0,11,,,,,,,,
,,,,,3386,14.0,14,,,,,,,,
,,,,,3398,12.0,12,,,,,,,,
,,,,,3404,6.0,6,,,,,,,,
,,,,,3424,20.0,20,,,,,,,,
,,,,,3437,13.0,13,,,,,,,,
,,,,,3444,7.0,7,,,,,,,,
,,,,,3451,7.0,7,,,,,,,,
,,,,,3459,8.0,8,,,,,,,,
,,,,,3471,12.0,12,,,,,,,,
,,,,,3475,4.0,4,,,,,,,,
,,,,,3482,7.0,7,,,,,,,,
,,,,,3488,6.0,6,,,,,,,,
,,,,,3500,12.0,12,,,,,,,,
,,,,,3504,4.0,4,,,,,,,,
,,,,,3510,6.0,6,,,,,,,,
,,,,,3526,16.0,16,,,,,,,,
,,,,,3529,3.0,3,,,,,,,,
,,,,,3539,10.0,10,,,,,,,,
,,,,,3543,4.0,4,,,,,,,,
,,,,,3549,6.0,6,,,,,,,,
,,,,,3555,6.0,6,,,,,,,,
,,,,,3559,4.0,4,,,,,,,,
,,,,,3562,3.0,3,,,,,,,,
,,,,,3565,3.0,3,,,,,,,,
,,,,,3568,3.0,3,,,,,,,,
,,,,,3591,23.0,23,,,,,,,,
,,,,,3594,3.0,3,,,,,,,,
,,,,,3609,15.0,15,,,,,,,,
,,,,,3613,4.0,4,,,,,,,,
,,,,,3622,9.0,9,,,,,,,,
,,,,,3627,5.0,5,,,,,,,,
,,,,,3635,8.0,8,,,,,,,,
,,,,,3648,13.0,13,,,,,,,,
,,,,,3655,7.0,7,,,,,,,,
,,,,,3659,4.0,4,,,,,,,,
,,,,,3665,6.0,6,,,,,,,,
,,,,,3669,4.0,4,,,,,,,,
,,,,,3674,5.0,5,,,,,,,,
,,,,,3678,4.0,4,,,,,,,,
,,,,,3685,7.0,7,,,,,,,,
,,,,,3694,9.0,9,,,,,,,,
,,,,,3702,8.0,8,,,,,,,,
,,,,,3709,7.0,7,,,,,,,,
,,,,,3720,11.0,11,,,,,,,,
,,,,,3724,4.0,4,,,,,,,,
,,,,,3732,8.0,8,,,,,,,,
,,,,,3739,7.0,7,,,,,,,,
,,,,,3756,17.0,17,,,,,,,,
,,,,,3765,9.0,9,,,,,,,,
,,,,,3772,7.0,7,,,,,,,,
,,,,,3777,5.0,5,,,,,,,,
,,,,,3783,6.0,6,,,,,,,,
,,,,,3786,3.0,3,,,,,,,,
,,,,,3796,10.0,10,,,,,,,,
,,,,,3804,8.0,8,,,,,,,,
,,,,,3808,4.0,4,,,,,,,,
,,,,,3815,7.0,7,,,,,,,,
,,,,,3822,7.0,7,,,,,,,,
,,,,,3826,4.0,4,,,,,,,,
,,,,,3831,5.0,5,,,,,,,,
,,,,,3836,5.0,5,,,,,,,,
,,,,,3839,3.0,3,,,,,,,,
,,,,,3845,6.0,6,,,,,,,,
,,,,,3850,5.0,5,,,,,,,,
,,,,,3853,3.0,3,,,,,,,,
,,,,,3877,24.0,24,,,,,,,,
,,,,,3881,4.0,4,,,,,,,,
,,,,,3885,4.0,4,,,,,,,,
,,,,,3890,5.0,5,,,,,,,,
,,,,,3894,4.0,4,,,,,,,,
,,,,,3909,15.0,15,,,,,,,,
,,,,,3918,9.0,9,,,,,,,,
,,,,,3923,5.0,5,,,,,,,,
,,,,,3932,9.0,9,,,,,,,,
,,,,,3940,8.0,8,,,,,,,,
,,,,,3949,9.0,9,,,,,,,,
,,,,,3953,4.0,4,,,,,,,,
,,,,,3961,8.0,8,,,,,,,,
,,,,,3964,3.0,3,,,,,,,,
,,,,,3969,5.0,5,,,,,,,,
,,,,,3975,6.0,6,,,,,,,,
,,,,,3983,8.0,8,,,,,,,,
,,,,,3989,6.0,6,,,,,,,,
,,,,,3999,10.0,10,,,,,,,,
,,,,,4006,7.0,7,,,,,,,,
,,,,,4023,17.0,17,,,,,,,,
,,,,,4029,6.0,6,,,,,,,,
,,,,,4037,8.0,8,,,,,,,,
,,,,,4040,3.0,3,,,,,,,,
,,,,,4057,17.0,17,,,,,,,,
,,,,,4065,8.0,8,,,,,,,,
,,,,,4069,4.0,4,,,,,,,,
,,,,,4076,7.0,7,,,,,,,,
,,,,,4080,4.0,4,,,,,,,,
,,,,,4084,4.0,4,,,,,,,,
,,,,,4090,6.0,6,,,,,,,,
,,,,,4094,4.0,4,,,,,,,,
,,,,,4109,15.0,15,,,,,,,,
,,,,,4116,7.0,7,,,,,,,,
,,,,,4127,11.0,11,,,,,,,,
,,,,,4131,4.0,4,,,,,,,,
,,,,,4142,11.0,11,,,,,,,,
,,,,,4147,5.0,5,,,,,,,,
,,,,,4156,9.0,9,,,,,,,,
,,,,,4165,9.0,9,,,,,,,,
,,,,,4170,5.0,5,,,,,,,,
,,,,,4176,6.0,6,,,,,,,,
,,,,,4179,3.0,3,,,,,,,,
,,,,,4183,4.0,4,,,,,,,,
,,,,,4198,15.0,15,,,,,,,,
,,,,,4215,17.0,17,,,,,,,,
,,,,,4226,11.0,11,,,,,,,,
,,,,,4236,10.0,10,,,,,,,,
,,,,,4240,4.0,4,,,,,,,,
,,,,,4246,6.0,6,,,,,,,,
,,,,,4254,8.0,8,,,,,,,,
,,,,,4262,8.0,8,,,,,,,,
,,,,,4276,14.0,14,,,,,,,,
,,,,,4282,6.0,6,,,,,,,,
,,,,,4288,6.0,6,,,,,,,,
,,,,,4302,14.0,14,,,,,,,,
,,,,,4310,8.0,8,,,,,,,,
,,,,,4318,8.0,8,,,,,,,,
,,,,,4323,5.0,5,,,,,,,,
,,,,,4329,6.0,6,,,,,,,,
,,,,,4333,4.0,4,,,,,,,,
,,,,,4343,10.0,10,,,,,,,,
,,,,,4347,4.0,4,,,,,,,,
,,,,,4351,4.0,4,,,,,,,,
,,,,,4355,4.0,4,,,,,,,,
,,,,,4358,3.0,3,,,,,,,,
,,,,,4361,3.0,3,,,,,,,,
,,,,,4365,4.0,4,,,,,,,,
,,,,,4369,4.0,4,,,,,,,,
,,,,,4373,4.0,4,,,,,,,,
,,,,,4382,9.0,9,,,,,,,,
,,,,,4389,7.0,7,,,,,,,,
,,,,,4393,4.0,4,,,,,,,,
,,,,,4401,8.0,8,,,,,,,,
,,,,,4405,4.0,4,,,,,,,,
,,,,,4410,5.0,5,,,,,,,,
,,,,,4414,4.0,4,,,,,,,,
,,,,,4424,10.0,10,,,,,,,,
,,,,,4431,7.0,7,,,,,,,,
,,,,,4435,4.0,4,,,,,,,,
,,,,,4440,5.0,5,,,,,,,,
,,,,,4445,5.0,5,,,,,,,,
,,,,,4449,4.0,4,,,,,,,,
,,,,,4455,6.0,6,,,,,,,,
,,,,,4461,6.0,6,,,,,,,,
,,,,,4466,5.0,5,,,,,,,,
,,,,,4470,4.0,4,,,,,,,,
,,,,,4474,4.0,4,,,,,,,,
,,,,,4483,9.0,9,,,,,,,,
,,,,,4489,6.0,6,,,,,,,,
,,,,,4496,7.0,7,,,,,,,,
,,,,,4504,8.0,8,,,,,,,,
,,,,,4508,4.0,4,,,,,,,,
,,,,,4512,4.0,4,,,,,,,,
,,,,,4515,3.0,3,,,,,,,,
,,,,,4518,3.0,3,,,,,,,,
,,,,,4526,8.0,8,,,,,,,,
,,,,,4531,5.0,5,,,,,,,,
,,,,,4534,3.0,3,,,,,,,,
,,,,,4540,6.0,6,,,,,,,,
,,,,,4545,5.0,5,,,,,,,,
,,,,,4551,6.0,6,,,,,,,,
,,,,,4555,4.0,4,,,,,,,,
,,,,,4559,4.0,4,,,,,,,,
,,,,,4578,19.0,19,,,,,,,,
,,,,,4582,4.0,4,,,,,,,,
,,,,,4586,4.0,4,,,,,,,,
,,,,,4594,8.0,8,,,,,,,,
,,,,,4598,4.0,4,,,,,,,,
,,,,,4603,5.0,5,,,,,,,,
,,,,,4608,5.0,5,,,,,,,,
,,,,,4613,5.0,5,,,,,,,,
,,,,,4617,4.0,4,,,,,,,,
,,,,,4623,6.0,6,,,,,,,,
,,,,,4628,5.0,5,,,,,,,,
,,,,,4635,7.0,7,,,,,,,,
,,,,,4641,6.0,6,,,,,,,,
,,,,,4646,5.0,5,,,,,,,,
,,,,,4651,5.0,5,,,,,,,,
,,,,,4660,9.0,9,,,,,,,,
,,,,,4665,5.0,5,,,,,,,,
,,,,,4674,9.0,9,,,,,,,,
,,,,,4679,5.0,5,,,,,,,,
,,,,,4683,4.0,4,,,,,,,,
,,,,,4688,5.0,5,,,,,,,,
,,,,,4691,3.0,3,,,,,,,,
,,,,,4695,4.0,4,,,,,,,,
,,,,,4699,4.0,4,,,,,,,,
,,,,,4708,9.0,9,,,,,,,,
,,,,,4713,5.0,5,,,,,,,,
,,,,,4724,11.0,11,,,,,,,,
,,,,,4728,4.0,4,,,,,,,,
,,,,,4733,5.0,5,,,,,,,,
,,,,,4740,7.0,7,,,,,,,,
,,,,,4752,12.0,12,,,,,,,,
,,,,,4761,9.0,9,,,,,,,,
,,,,,4764,3.0,3,,,,,,,,
,,,,,4770,6.0,6,,,,,,,,
,,,,,4776,6.0,6,,,,,,,,
,,,,,4786,10.0,10,,,,,,,,
,,,,,4803,17.0,17,,,,,,,,
,,,,,4815,12.0,12,,,,,,,,
,,,,,4822,7.0,7,,,,,,,,
,,,,,4830,8.0,8,,,,,,,,
,,,,,4848,18.0,18,,,,,,,,
,,,,,4852,4.0,4,,,,,,,,
,,,,,4864,12.0,12,,,,,,,,
,,,,,4868,4.0,4,,,,,,,,
,,,,,4881,13.0,13,,,,,,,,
,,,,,4887,6.0,6,,,,,,,,
,,,,,4894,7.0,7,,,,,,,,
,,,,,4899,5.0,5,,,,,,,,
,,,,,4908,9.0,9,,,,,,,,
,,,,,4912,4.0,4,,,,,,,,
,,,,,4919,7.0,7,,,,,,,,
,,,,,4925,6.0,6,,,,,,,,
,,,,,4928,3.0,3,,,,,,,,
,,,,,4932,4.0,4,,,,,,,,
,,,,,4937,5.0,5,,,,,,,,
,,,,,4940,3.0,3,,,,,,,,
,,,,,4947,7.0,7,,,,,,,,
,,,,,4952,5.0,5,,,,,,,,
,,,,,4955,3.0,3,,,,,,,,
,,,,,4966,11.0,11,,,,,,,,
,,,,,4980,14.0,14,,,,,,,,
,,,,,4989,9.0,9,,,,,,,,
,,,,,4993,4.0,4,,,,,,,,
,,,,,4997,4.0,4,,,,,,,,
,,,,,5000,3.0,3,,,,,,,,
7.0,3.224903,14.0,3.0,7.0,5000,,,-0.06383693218231201,0.6383693218231201,1.0788681507110596,0.06002281606197357,1.0971698760986328,0.0003,0.0003,0.1
,,,,,5005,5.0,5,,,,,,,,
,,,,,5010,5.0,5,,,,,,,,
,,,,,5022,12.0,12,,,,,,,,
,,,,,5028,6.0,6,,,,,,,,
,,,,,5034,6.0,6,,,,,,,,
,,,,,5037,3.0,3,,,,,,,,
,,,,,5040,3.0,3,,,,,,,,
,,,,,5051,11.0,11,,,,,,,,
,,,,,5056,5.0,5,,,,,,,,
,,,,,5063,7.0,7,,,,,,,,
,,,,,5066,3.0,3,,,,,,,,
,,,,,5070,4.0,4,,,,,,,,
,,,,,5078,8.0,8,,,,,,,,
,,,,,5082,4.0,4,,,,,,,,
,,,,,5086,4.0,4,,,,,,,,
,,,,,5091,5.0,5,,,,,,,,
,,,,,5097,6.0,6,,,,,,,,
,,,,,5103,6.0,6,,,,,,,,
,,,,,5107,4.0,4,,,,,,,,
,,,,,5111,4.0,4,,,,,,,,
,,,,,5115,4.0,4,,,,,,,,
,,,,,5124,9.0,9,,,,,,,,
,,,,,5128,4.0,4,,,,,,,,
,,,,,5134,6.0,6,,,,,,,,
,,,,,5139,5.0,5,,,,,,,,
,,,,,5143,4.0,4,,,,,,,,
,,,,,5147,4.0,4,,,,,,,,
,,,,,5153,6.0,6,,,,,,,,
,,,,,5156,3.0,3,,,,,,,,
,,,,,5160,4.0,4,,,,,,,,
,,,,,5165,5.0,5,,,,,,,,
,,,,,5169,4.0,4,,,,,,,,
,,,,,5176,7.0,7,,,,,,,,
,,,,,5179,3.0,3,,,,,,,,
,,,,,5183,4.0,4,,,,,,,,
,,,,,5187,4.0,4,,,,,,,,
,,,,,5191,4.0,4,,,,,,,,
,,,,,5197,6.0,6,,,,,,,,
,,,,,5200,3.0,3,,,,,,,,
,,,,,5208,8.0,8,,,,,,,,
,,,,,5211,3.0,3,,,,,,,,
,,,,,5218,7.0,7,,,,,,,,
,,,,,5225,7.0,7,,,,,,,,
,,,,,5231,6.0,6,,,,,,,,
,,,,,5235,4.0,4,,,,,,,,
,,,,,5241,6.0,6,,,,,,,,
,,,,,5244,3.0,3,,,,,,,,
,,,,,5247,3.0,3,,,,,,,,
,,,,,5255,8.0,8,,,,,,,,
,,,,,5258,3.0,3,,,,,,,,
,,,,,5264,6.0,6,,,,,,,,
,,,,,5273,9.0,9,,,,,,,,
,,,,,5279,6.0,6,,,,,,,,
,,,,,5283,4.0,4,,,,,,,,
,,,,,5287,4.0,4,,,,,,,,
,,,,,5292,5.0,5,,,,,,,,
,,,,,5296,4.0,4,,,,,,,,
,,,,,5300,4.0,4,,,,,,,,
,,,,,5304,4.0,4,,,,,,,,
,,,,,5308,4.0,4,,,,,,,,
,,,,,5311,3.0,3,,,,,,,,
,,,,,5314,3.0,3,,,,,,,,
,,,,,5318,4.0,4,,,,,,,,
,,,,,5325,7.0,7,,,,,,,,
,,,,,5329,4.0,4,,,,,,,,
,,,,,5333,4.0,4,,,,,,,,
,,,,,5337,4.0,4,,,,,,,,
,,,,,5340,3.0,3,,,,,,,,
,,,,,5343,3.0,3,,,,,,,,
,,,,,5350,7.0,7,,,,,,,,
,,,,,5353,3.0,3,,,,,,,,
,,,,,5359,6.0,6,,,,,,,,
,,,,,5362,3.0,3,,,,,,,,
,,,,,5370,8.0,8,,,,,,,,
,,,,,5374,4.0,4,,,,,,,,
,,,,,5379,5.0,5,,,,,,,,
,,,,,5383,4.0,4,,,,,,,,
,,,,,5386,3.0,3,,,,,,,,
,,,,,5390,4.0,4,,,,,,,,
,,,,,5393,3.0,3,,,,,,,,
,,,,,5399,6.0,6,,,,,,,,
,,,,,5402,3.0,3,,,,,,,,
,,,,,5406,4.0,4,,,,,,,,
,,,,,5409,3.0,3,,,,,,,,
,,,,,5414,5.0,5,,,,,,,,
,,,,,5417,3.0,3,,,,,,,,
,,,,,5420,3.0,3,,,,,,,,
,,,,,5424,4.0,4,,,,,,,,
,,,,,5427,3.0,3,,,,,,,,
,,,,,5430,3.0,3,,,,,,,,
,,,,,5434,4.0,4,,,,,,,,
,,,,,5437,3.0,3,,,,,,,,
,,,,,5440,3.0,3,,,,,,,,
,,,,,5448,8.0,8,,,,,,,,
,,,,,5451,3.0,3,,,,,,,,
,,,,,5455,4.0,4,,,,,,,,
,,,,,5459,4.0,4,,,,,,,,
,,,,,5462,3.0,3,,,,,,,,
,,,,,5466,4.0,4,,,,,,,,
,,,,,5470,4.0,4,,,,,,,,
,,,,,5474,4.0,4,,,,,,,,
,,,,,5478,4.0,4,,,,,,,,
,,,,,5481,3.0,3,,,,,,,,
,,,,,5490,9.0,9,,,,,,,,
,,,,,5493,3.0,3,,,,,,,,
,,,,,5499,6.0,6,,,,,,,,
,,,,,5502,3.0,3,,,,,,,,
,,,,,5509,7.0,7,,,,,,,,
,,,,,5512,3.0,3,,,,,,,,
,,,,,5515,3.0,3,,,,,,,,
,,,,,5518,3.0,3,,,,,,,,
,,,,,5521,3.0,3,,,,,,,,
,,,,,5524,3.0,3,,,,,,,,
,,,,,5527,3.0,3,,,,,,,,
,,,,,5530,3.0,3,,,,,,,,
,,,,,5533,3.0,3,,,,,,,,
,,,,,5536,3.0,3,,,,,,,,
,,,,,5541,5.0,5,,,,,,,,
,,,,,5545,4.0,4,,,,,,,,
,,,,,5554,9.0,9,,,,,,,,
,,,,,5557,3.0,3,,,,,,,,
,,,,,5562,5.0,5,,,,,,,,
,,,,,5567,5.0,5,,,,,,,,
,,,,,5570,3.0,3,,,,,,,,
,,,,,5574,4.0,4,,,,,,,,
,,,,,5577,3.0,3,,,,,,,,
,,,,,5580,3.0,3,,,,,,,,
,,,,,5583,3.0,3,,,,,,,,
,,,,,5589,6.0,6,,,,,,,,
,,,,,5592,3.0,3,,,,,,,,
,,,,,5598,6.0,6,,,,,,,,
,,,,,5602,4.0,4,,,,,,,,
,,,,,5607,5.0,5,,,,,,,,
,,,,,5610,3.0,3,,,,,,,,
,,,,,5616,6.0,6,,,,,,,,
,,,,,5622,6.0,6,,,,,,,,
,,,,,5625,3.0,3,,,,,,,,
,,,,,5628,3.0,3,,,,,,,,
,,,,,5632,4.0,4,,,,,,,,
,,,,,5635,3.0,3,,,,,,,,
,,,,,5640,5.0,5,,,,,,,,
,,,,,5643,3.0,3,,,,,,,,
,,,,,5646,3.0,3,,,,,,,,
,,,,,5649,3.0,3,,,,,,,,
,,,,,5652,3.0,3,,,,,,,,
,,,,,5659,7.0,7,,,,,,,,
,,,,,5664,5.0,5,,,,,,,,
,,,,,5667,3.0,3,,,,,,,,
,,,,,5671,4.0,4,,,,,,,,
,,,,,5674,3.0,3,,,,,,,,
,,,,,5679,5.0,5,,,,,,,,
,,,,,5682,3.0,3,,,,,,,,
,,,,,5685,3.0,3,,,,,,,,
,,,,,5688,3.0,3,,,,,,,,
,,,,,5691,3.0,3,,,,,,,,
,,,,,5695,4.0,4,,,,,,,,
,,,,,5698,3.0,3,,,,,,,,
,,,,,5701,3.0,3,,,,,,,,
,,,,,5704,3.0,3,,,,,,,,
,,,,,5707,3.0,3,,,,,,,,
,,,,,5712,5.0,5,,,,,,,,
,,,,,5716,4.0,4,,,,,,,,
,,,,,5719,3.0,3,,,,,,,,
,,,,,5723,4.0,4,,,,,,,,
,,,,,5727,4.0,4,,,,,,,,
,,,,,5731,4.0,4,,,,,,,,
,,,,,5734,3.0,3,,,,,,,,
,,,,,5739,5.0,5,,,,,,,,
,,,,,5745,6.0,6,,,,,,,,
,,,,,5748,3.0,3,,,,,,,,
,,,,,5751,3.0,3,,,,,,,,
,,,,,5755,4.0,4,,,,,,,,
,,,,,5759,4.0,4,,,,,,,,
,,,,,5764,5.0,5,,,,,,,,
,,,,,5767,3.0,3,,,,,,,,
,,,,,5770,3.0,3,,,,,,,,
,,,,,5773,3.0,3,,,,,,,,
,,,,,5778,5.0,5,,,,,,,,
,,,,,5783,5.0,5,,,,,,,,
,,,,,5786,3.0,3,,,,,,,,
,,,,,5793,7.0,7,,,,,,,,
,,,,,5796,3.0,3,,,,,,,,
,,,,,5800,4.0,4,,,,,,,,
,,,,,5804,4.0,4,,,,,,,,
,,,,,5809,5.0,5,,,,,,,,
,,,,,5813,4.0,4,,,,,,,,
,,,,,5817,4.0,4,,,,,,,,
,,,,,5820,3.0,3,,,,,,,,
,,,,,5825,5.0,5,,,,,,,,
,,,,,5828,3.0,3,,,,,,,,
,,,,,5832,4.0,4,,,,,,,,
,,,,,5837,5.0,5,,,,,,,,
,,,,,5840,3.0,3,,,,,,,,
,,,,,5848,8.0,8,,,,,,,,
,,,,,5851,3.0,3,,,,,,,,
,,,,,5854,3.0,3,,,,,,,,
,,,,,5858,4.0,4,,,,,,,,
,,,,,5861,3.0,3,,,,,,,,
,,,,,5874,13.0,13,,,,,,,,
,,,,,5877,3.0,3,,,,,,,,
,,,,,5880,3.0,3,,,,,,,,
,,,,,5883,3.0,3,,,,,,,,
,,,,,5887,4.0,4,,,,,,,,
,,,,,5890,3.0,3,,,,,,,,
,,,,,5894,4.0,4,,,,,,,,
,,,,,5897,3.0,3,,,,,,,,
,,,,,5900,3.0,3,,,,,,,,
,,,,,5907,7.0,7,,,,,,,,
,,,,,5913,6.0,6,,,,,,,,
,,,,,5918,5.0,5,,,,,,,,
,,,,,5922,4.0,4,,,,,,,,
,,,,,5930,8.0,8,,,,,,,,
,,,,,5936,6.0,6,,,,,,,,
,,,,,5939,3.0,3,,,,,,,,
,,,,,5943,4.0,4,,,,,,,,
,,,,,5946,3.0,3,,,,,,,,
,,,,,5950,4.0,4,,,,,,,,
,,,,,5957,7.0,7,,,,,,,,
,,,,,5963,6.0,6,,,,,,,,
,,,,,5966,3.0,3,,,,,,,,
,,,,,5969,3.0,3,,,,,,,,
,,,,,5973,4.0,4,,,,,,,,
,,,,,5976,3.0,3,,,,,,,,
,,,,,5981,5.0,5,,,,,,,,
,,,,,5986,5.0,5,,,,,,,,
,,,,,5989,3.0,3,,,,,,,,
,,,,,5993,4.0,4,,,,,,,,
,,,,,5996,3.0,3,,,,,,,,
,,,,,5999,3.0,3,,,,,,,,
,,,,,6000,,,-0.023435866460204124,0.23435866832733154,0.4126459062099457,2.8933959007263184,2.865175724029541,0.0003,0.0003,0.1
,,,,,6004,5.0,5,,,,,,,,
,,,,,6007,3.0,3,,,,,,,,
,,,,,6010,3.0,3,,,,,,,,
,,,,,6013,3.0,3,,,,,,,,
,,,,,6016,3.0,3,,,,,,,,
,,,,,6022,6.0,6,,,,,,,,
,,,,,6028,6.0,6,,,,,,,,
,,,,,6031,3.0,3,,,,,,,,
,,,,,6034,3.0,3,,,,,,,,
,,,,,6037,3.0,3,,,,,,,,
,,,,,6041,4.0,4,,,,,,,,
,,,,,6044,3.0,3,,,,,,,,
,,,,,6050,6.0,6,,,,,,,,
,,,,,6053,3.0,3,,,,,,,,
,,,,,6056,3.0,3,,,,,,,,
,,,,,6060,4.0,4,,,,,,,,
,,,,,6064,4.0,4,,,,,,,,
,,,,,6068,4.0,4,,,,,,,,
,,,,,6072,4.0,4,,,,,,,,
,,,,,6076,4.0,4,,,,,,,,
,,,,,6079,3.0,3,,,,,,,,
,,,,,6083,4.0,4,,,,,,,,
,,,,,6087,4.0,4,,,,,,,,
,,,,,6090,3.0,3,,,,,,,,
,,,,,6097,7.0,7,,,,,,,,
,,,,,6100,3.0,3,,,,,,,,
,,,,,6103,3.0,3,,,,,,,,
,,,,,6107,4.0,4,,,,,,,,
,,,,,6110,3.0,3,,,,,,,,
,,,,,6114,4.0,4,,,,,,,,
,,,,,6117,3.0,3,,,,,,,,
,,,,,6120,3.0,3,,,,,,,,
,,,,,6123,3.0,3,,,,,,,,
,,,,,6126,3.0,3,,,,,,,,
,,,,,6129,3.0,3,,,,,,,,
,,,,,6133,4.0,4,,,,,,,,
,,,,,6136,3.0,3,,,,,,,,
,,,,,6139,3.0,3,,,,,,,,
,,,,,6142,3.0,3,,,,,,,,
,,,,,6146,4.0,4,,,,,,,,
,,,,,6151,5.0,5,,,,,,,,
,,,,,6158,7.0,7,,,,,,,,
,,,,,6161,3.0,3,,,,,,,,
,,,,,6165,4.0,4,,,,,,,,
,,,,,6168,3.0,3,,,,,,,,
,,,,,6172,4.0,4,,,,,,,,
,,,,,6176,4.0,4,,,,,,,,
,,,,,6179,3.0,3,,,,,,,,
,,,,,6183,4.0,4,,,,,,,,
,,,,,6186,3.0,3,,,,,,,,
,,,,,6190,4.0,4,,,,,,,,
,,,,,6193,3.0,3,,,,,,,,
,,,,,6197,4.0,4,,,,,,,,
,,,,,6200,3.0,3,,,,,,,,
,,,,,6203,3.0,3,,,,,,,,
,,,,,6209,6.0,6,,,,,,,,
,,,,,6212,3.0,3,,,,,,,,
,,,,,6215,3.0,3,,,,,,,,
,,,,,6219,4.0,4,,,,,,,,
,,,,,6222,3.0,3,,,,,,,,
,,,,,6228,6.0,6,,,,,,,,
,,,,,6231,3.0,3,,,,,,,,
,,,,,6236,5.0,5,,,,,,,,
,,,,,6239,3.0,3,,,,,,,,
,,,,,6242,3.0,3,,,,,,,,
,,,,,6246,4.0,4,,,,,,,,
,,,,,6251,5.0,5,,,,,,,,
,,,,,6254,3.0,3,,,,,,,,
,,,,,6259,5.0,5,,,,,,,,
,,,,,6264,5.0,5,,,,,,,,
,,,,,6268,4.0,4,,,,,,,,
,,,,,6271,3.0,3,,,,,,,,
,,,,,6275,4.0,4,,,,,,,,
,,,,,6278,3.0,3,,,,,,,,
,,,,,6283,5.0,5,,,,,,,,
,,,,,6289,6.0,6,,,,,,,,
,,,,,6292,3.0,3,,,,,,,,
,,,,,6295,3.0,3,,,,,,,,
,,,,,6300,5.0,5,,,,,,,,
,,,,,6304,4.0,4,,,,,,,,
,,,,,6308,4.0,4,,,,,,,,
,,,,,6312,4.0,4,,,,,,,,
,,,,,6315,3.0,3,,,,,,,,
,,,,,6318,3.0,3,,,,,,,,
,,,,,6322,4.0,4,,,,,,,,
,,,,,6327,5.0,5,,,,,,,,
,,,,,6331,4.0,4,,,,,,,,
,,,,,6336,5.0,5,,,,,,,,
,,,,,6339,3.0,3,,,,,,,,
,,,,,6343,4.0,4,,,,,,,,
,,,,,6346,3.0,3,,,,,,,,
,,,,,6350,4.0,4,,,,,,,,
,,,,,6353,3.0,3,,,,,,,,
,,,,,6357,4.0,4,,,,,,,,
,,,,,6360,3.0,3,,,,,,,,
,,,,,6365,5.0,5,,,,,,,,
,,,,,6372,7.0,7,,,,,,,,
,,,,,6375,3.0,3,,,,,,,,
,,,,,6378,3.0,3,,,,,,,,
,,,,,6382,4.0,4,,,,,,,,
,,,,,6385,3.0,3,,,,,,,,
,,,,,6388,3.0,3,,,,,,,,
,,,,,6391,3.0,3,,,,,,,,
,,,,,6394,3.0,3,,,,,,,,
,,,,,6397,3.0,3,,,,,,,,
,,,,,6405,8.0,8,,,,,,,,
,,,,,6408,3.0,3,,,,,,,,
,,,,,6414,6.0,6,,,,,,,,
,,,,,6418,4.0,4,,,,,,,,
,,,,,6421,3.0,3,,,,,,,,
,,,,,6425,4.0,4,,,,,,,,
,,,,,6428,3.0,3,,,,,,,,
,,,,,6433,5.0,5,,,,,,,,
,,,,,6437,4.0,4,,,,,,,,
,,,,,6440,3.0,3,,,,,,,,
,,,,,6443,3.0,3,,,,,,,,
,,,,,6446,3.0,3,,,,,,,,
,,,,,6449,3.0,3,,,,,,,,
,,,,,6454,5.0,5,,,,,,,,
,,,,,6457,3.0,3,,,,,,,,
,,,,,6462,5.0,5,,,,,,,,
,,,,,6465,3.0,3,,,,,,,,
,,,,,6471,6.0,6,,,,,,,,
,,,,,6474,3.0,3,,,,,,,,
,,,,,6478,4.0,4,,,,,,,,
,,,,,6481,3.0,3,,,,,,,,
,,,,,6484,3.0,3,,,,,,,,
,,,,,6488,4.0,4,,,,,,,,
,,,,,6491,3.0,3,,,,,,,,
,,,,,6494,3.0,3,,,,,,,,
,,,,,6497,3.0,3,,,,,,,,
,,,,,6500,3.0,3,,,,,,,,
,,,,,6503,3.0,3,,,,,,,,
,,,,,6506,3.0,3,,,,,,,,
,,,,,6510,4.0,4,,,,,,,,
,,,,,6513,3.0,3,,,,,,,,
,,,,,6517,4.0,4,,,,,,,,
,,,,,6520,3.0,3,,,,,,,,
,,,,,6523,3.0,3,,,,,,,,
,,,,,6526,3.0,3,,,,,,,,
,,,,,6529,3.0,3,,,,,,,,
,,,,,6532,3.0,3,,,,,,,,
,,,,,6535,3.0,3,,,,,,,,
,,,,,6538,3.0,3,,,,,,,,
,,,,,6541,3.0,3,,,,,,,,
,,,,,6544,3.0,3,,,,,,,,
,,,,,6547,3.0,3,,,,,,,,
,,,,,6550,3.0,3,,,,,,,,
,,,,,6553,3.0,3,,,,,,,,
,,,,,6560,7.0,7,,,,,,,,
,,,,,6563,3.0,3,,,,,,,,
,,,,,6567,4.0,4,,,,,,,,
,,,,,6570,3.0,3,,,,,,,,
,,,,,6574,4.0,4,,,,,,,,
,,,,,6579,5.0,5,,,,,,,,
,,,,,6582,3.0,3,,,,,,,,
,,,,,6585,3.0,3,,,,,,,,
,,,,,6588,3.0,3,,,,,,,,
,,,,,6592,4.0,4,,,,,,,,
,,,,,6595,3.0,3,,,,,,,,
,,,,,6599,4.0,4,,,,,,,,
,,,,,6603,4.0,4,,,,,,,,
,,,,,6606,3.0,3,,,,,,,,
,,,,,6611,5.0,5,,,,,,,,
,,,,,6614,3.0,3,,,,,,,,
,,,,,6617,3.0,3,,,,,,,,
,,,,,6620,3.0,3,,,,,,,,
,,,,,6624,4.0,4,,,,,,,,
,,,,,6629,5.0,5,,,,,,,,
,,,,,6632,3.0,3,,,,,,,,
,,,,,6635,3.0,3,,,,,,,,
,,,,,6638,3.0,3,,,,,,,,
,,,,,6641,3.0,3,,,,,,,,
,,,,,6645,4.0,4,,,,,,,,
,,,,,6650,5.0,5,,,,,,,,
,,,,,6653,3.0,3,,,,,,,,
,,,,,6657,4.0,4,,,,,,,,
,,,,,6662,5.0,5,,,,,,,,
,,,,,6665,3.0,3,,,,,,,,
,,,,,6668,3.0,3,,,,,,,,
,,,,,6672,4.0,4,,,,,,,,
,,,,,6676,4.0,4,,,,,,,,
,,,,,6680,4.0,4,,,,,,,,
,,,,,6683,3.0,3,,,,,,,,
,,,,,6686,3.0,3,,,,,,,,
,,,,,6690,4.0,4,,,,,,,,
,,,,,6693,3.0,3,,,,,,,,
,,,,,6696,3.0,3,,,,,,,,
,,,,,6699,3.0,3,,,,,,,,
,,,,,6702,3.0,3,,,,,,,,
,,,,,6705,3.0,3,,,,,,,,
,,,,,6708,3.0,3,,,,,,,,
,,,,,6711,3.0,3,,,,,,,,
,,,,,6714,3.0,3,,,,,,,,
,,,,,6717,3.0,3,,,,,,,,
,,,,,6720,3.0,3,,,,,,,,
,,,,,6723,3.0,3,,,,,,,,
,,,,,6726,3.0,3,,,,,,,,
,,,,,6729,3.0,3,,,,,,,,
,,,,,6732,3.0,3,,,,,,,,
,,,,,6735,3.0,3,,,,,,,,
,,,,,6738,3.0,3,,,,,,,,
,,,,,6741,3.0,3,,,,,,,,
,,,,,6746,5.0,5,,,,,,,,
,,,,,6749,3.0,3,,,,,,,,
,,,,,6752,3.0,3,,,,,,,,
,,,,,6757,5.0,5,,,,,,,,
,,,,,6760,3.0,3,,,,,,,,
,,,,,6763,3.0,3,,,,,,,,
,,,,,6766,3.0,3,,,,,,,,
,,,,,6770,4.0,4,,,,,,,,
,,,,,6774,4.0,4,,,,,,,,
,,,,,6777,3.0,3,,,,,,,,
,,,,,6780,3.0,3,,,,,,,,
,,,,,6784,4.0,4,,,,,,,,
,,,,,6787,3.0,3,,,,,,,,
,,,,,6790,3.0,3,,,,,,,,
,,,,,6793,3.0,3,,,,,,,,
,,,,,6798,5.0,5,,,,,,,,
,,,,,6802,4.0,4,,,,,,,,
,,,,,6806,4.0,4,,,,,,,,
,,,,,6810,4.0,4,,,,,,,,
,,,,,6814,4.0,4,,,,,,,,
,,,,,6818,4.0,4,,,,,,,,
,,,,,6822,4.0,4,,,,,,,,
,,,,,6825,3.0,3,,,,,,,,
,,,,,6828,3.0,3,,,,,,,,
,,,,,6831,3.0,3,,,,,,,,
,,,,,6834,3.0,3,,,,,,,,
,,,,,6837,3.0,3,,,,,,,,
,,,,,6840,3.0,3,,,,,,,,
,,,,,6843,3.0,3,,,,,,,,
,,,,,6846,3.0,3,,,,,,,,
,,,,,6849,3.0,3,,,,,,,,
,,,,,6852,3.0,3,,,,,,,,
,,,,,6855,3.0,3,,,,,,,,
,,,,,6859,4.0,4,,,,,,,,
,,,,,6863,4.0,4,,,,,,,,
,,,,,6866,3.0,3,,,,,,,,
,,,,,6869,3.0,3,,,,,,,,
,,,,,6874,5.0,5,,,,,,,,
,,,,,6878,4.0,4,,,,,,,,
,,,,,6881,3.0,3,,,,,,,,
,,,,,6884,3.0,3,,,,,,,,
,,,,,6887,3.0,3,,,,,,,,
,,,,,6891,4.0,4,,,,,,,,
,,,,,6895,4.0,4,,,,,,,,
,,,,,6898,3.0,3,,,,,,,,
,,,,,6902,4.0,4,,,,,,,,
,,,,,6906,4.0,4,,,,,,,,
,,,,,6909,3.0,3,,,,,,,,
,,,,,6912,3.0,3,,,,,,,,
,,,,,6915,3.0,3,,,,,,,,
,,,,,6920,5.0,5,,,,,,,,
,,,,,6923,3.0,3,,,,,,,,
,,,,,6926,3.0,3,,,,,,,,
,,,,,6929,3.0,3,,,,,,,,
,,,,,6932,3.0,3,,,,,,,,
,,,,,6937,5.0,5,,,,,,,,
,,,,,6940,3.0,3,,,,,,,,
,,,,,6945,5.0,5,,,,,,,,
,,,,,6949,4.0,4,,,,,,,,
,,,,,6952,3.0,3,,,,,,,,
,,,,,6955,3.0,3,,,,,,,,
,,,,,6958,3.0,3,,,,,,,,
,,,,,6962,4.0,4,,,,,,,,
,,,,,6965,3.0,3,,,,,,,,
,,,,,6968,3.0,3,,,,,,,,
,,,,,6971,3.0,3,,,,,,,,
,,,,,6974,3.0,3,,,,,,,,
,,,,,6977,3.0,3,,,,,,,,
,,,,,6980,3.0,3,,,,,,,,
,,,,,6983,3.0,3,,,,,,,,
,,,,,6987,4.0,4,,,,,,,,
,,,,,6991,4.0,4,,,,,,,,
,,,,,6995,4.0,4,,,,,,,,
,,,,,6998,3.0,3,,,,,,,,
,,,,,7000,,,0.1652347594499588,-1.6523475646972656,0.16018332540988922,2.3136770725250244,2.3291711807250977,0.0003,0.0003,0.1
,,,,,7002,4.0,4,,,,,,,,
,,,,,7005,3.0,3,,,,,,,,
,,,,,7009,4.0,4,,,,,,,,
,,,,,7012,3.0,3,,,,,,,,
,,,,,7015,3.0,3,,,,,,,,
,,,,,7018,3.0,3,,,,,,,,
,,,,,7022,4.0,4,,,,,,,,
,,,,,7025,3.0,3,,,,,,,,
,,,,,7028,3.0,3,,,,,,,,
,,,,,7031,3.0,3,,,,,,,,
,,,,,7034,3.0,3,,,,,,,,
,,,,,7037,3.0,3,,,,,,,,
,,,,,7040,3.0,3,,,,,,,,
,,,,,7043,3.0,3,,,,,,,,
,,,,,7046,3.0,3,,,,,,,,
,,,,,7049,3.0,3,,,,,,,,
,,,,,7055,6.0,6,,,,,,,,
,,,,,7058,3.0,3,,,,,,,,
,,,,,7061,3.0,3,,,,,,,,
,,,,,7065,4.0,4,,,,,,,,
,,,,,7068,3.0,3,,,,,,,,
,,,,,7071,3.0,3,,,,,,,,
,,,,,7076,5.0,5,,,,,,,,
,,,,,7079,3.0,3,,,,,,,,
,,,,,7082,3.0,3,,,,,,,,
,,,,,7085,3.0,3,,,,,,,,
,,,,,7090,5.0,5,,,,,,,,
,,,,,7094,4.0,4,,,,,,,,
,,,,,7097,3.0,3,,,,,,,,
,,,,,7100,3.0,3,,,,,,,,
,,,,,7104,4.0,4,,,,,,,,
,,,,,7107,3.0,3,,,,,,,,
,,,,,7111,4.0,4,,,,,,,,
,,,,,7114,3.0,3,,,,,,,,
,,,,,7118,4.0,4,,,,,,,,
,,,,,7122,4.0,4,,,,,,,,
,,,,,7125,3.0,3,,,,,,,,
,,,,,7129,4.0,4,,,,,,,,
,,,,,7132,3.0,3,,,,,,,,
,,,,,7135,3.0,3,,,,,,,,
,,,,,7140,5.0,5,,,,,,,,
,,,,,7143,3.0,3,,,,,,,,
,,,,,7147,4.0,4,,,,,,,,
,,,,,7150,3.0,3,,,,,,,,
,,,,,7153,3.0,3,,,,,,,,
,,,,,7158,5.0,5,,,,,,,,
,,,,,7166,8.0,8,,,,,,,,
,,,,,7170,4.0,4,,,,,,,,
,,,,,7173,3.0,3,,,,,,,,
,,,,,7176,3.0,3,,,,,,,,
,,,,,7179,3.0,3,,,,,,,,
,,,,,7182,3.0,3,,,,,,,,
,,,,,7185,3.0,3,,,,,,,,
,,,,,7188,3.0,3,,,,,,,,
,,,,,7191,3.0,3,,,,,,,,
,,,,,7195,4.0,4,,,,,,,,
,,,,,7198,3.0,3,,,,,,,,
,,,,,7201,3.0,3,,,,,,,,
,,,,,7205,4.0,4,,,,,,,,
,,,,,7208,3.0,3,,,,,,,,
,,,,,7211,3.0,3,,,,,,,,
,,,,,7217,6.0,6,,,,,,,,
,,,,,7220,3.0,3,,,,,,,,
,,,,,7224,4.0,4,,,,,,,,
,,,,,7227,3.0,3,,,,,,,,
,,,,,7230,3.0,3,,,,,,,,
,,,,,7233,3.0,3,,,,,,,,
,,,,,7236,3.0,3,,,,,,,,
,,,,,7240,4.0,4,,,,,,,,
,,,,,7243,3.0,3,,,,,,,,
,,,,,7246,3.0,3,,,,,,,,
,,,,,7249,3.0,3,,,,,,,,
,,,,,7252,3.0,3,,,,,,,,
,,,,,7256,4.0,4,,,,,,,,
,,,,,7259,3.0,3,,,,,,,,
,,,,,7263,4.0,4,,,,,,,,
,,,,,7266,3.0,3,,,,,,,,
,,,,,7269,3.0,3,,,,,,,,
,,,,,7272,3.0,3,,,,,,,,
,,,,,7275,3.0,3,,,,,,,,
,,,,,7278,3.0,3,,,,,,,,
,,,,,7282,4.0,4,,,,,,,,
,,,,,7285,3.0,3,,,,,,,,
,,,,,7288,3.0,3,,,,,,,,
,,,,,7291,3.0,3,,,,,,,,
,,,,,7294,3.0,3,,,,,,,,
,,,,,7297,3.0,3,,,,,,,,
,,,,,7300,3.0,3,,,,,,,,
,,,,,7303,3.0,3,,,,,,,,
,,,,,7306,3.0,3,,,,,,,,
,,,,,7309,3.0,3,,,,,,,,
,,,,,7312,3.0,3,,,,,,,,
,,,,,7315,3.0,3,,,,,,,,
,,,,,7320,5.0,5,,,,,,,,
,,,,,7323,3.0,3,,,,,,,,
,,,,,7328,5.0,5,,,,,,,,
,,,,,7333,5.0,5,,,,,,,,
,,,,,7336,3.0,3,,,,,,,,
,,,,,7340,4.0,4,,,,,,,,
,,,,,7345,5.0,5,,,,,,,,
,,,,,7348,3.0,3,,,,,,,,
,,,,,7351,3.0,3,,,,,,,,
,,,,,7354,3.0,3,,,,,,,,
,,,,,7357,3.0,3,,,,,,,,
,,,,,7361,4.0,4,,,,,,,,
,,,,,7365,4.0,4,,,,,,,,
,,,,,7368,3.0,3,,,,,,,,
,,,,,7371,3.0,3,,,,,,,,
,,,,,7374,3.0,3,,,,,,,,
,,,,,7378,4.0,4,,,,,,,,
,,,,,7381,3.0,3,,,,,,,,
,,,,,7384,3.0,3,,,,,,,,
,,,,,7388,4.0,4,,,,,,,,
,,,,,7391,3.0,3,,,,,,,,
,,,,,7394,3.0,3,,,,,,,,
,,,,,7397,3.0,3,,,,,,,,
,,,,,7400,3.0,3,,,,,,,,
,,,,,7404,4.0,4,,,,,,,,
,,,,,7408,4.0,4,,,,,,,,
,,,,,7412,4.0,4,,,,,,,,
,,,,,7416,4.0,4,,,,,,,,
,,,,,7419,3.0,3,,,,,,,,
,,,,,7422,3.0,3,,,,,,,,
,,,,,7427,5.0,5,,,,,,,,
,,,,,7430,3.0,3,,,,,,,,
,,,,,7433,3.0,3,,,,,,,,
,,,,,7436,3.0,3,,,,,,,,
,,,,,7439,3.0,3,,,,,,,,
,,,,,7442,3.0,3,,,,,,,,
,,,,,7446,4.0,4,,,,,,,,
,,,,,7450,4.0,4,,,,,,,,
,,,,,7454,4.0,4,,,,,,,,
,,,,,7459,5.0,5,,,,,,,,
,,,,,7466,7.0,7,,,,,,,,
,,,,,7470,4.0,4,,,,,,,,
,,,,,7476,6.0,6,,,,,,,,
,,,,,7480,4.0,4,,,,,,,,
,,,,,7483,3.0,3,,,,,,,,
,,,,,7488,5.0,5,,,,,,,,
,,,,,7493,5.0,5,,,,,,,,
,,,,,7498,5.0,5,,,,,,,,
,,,,,7502,4.0,4,,,,,,,,
,,,,,7506,4.0,4,,,,,,,,
,,,,,7509,3.0,3,,,,,,,,
,,,,,7514,5.0,5,,,,,,,,
,,,,,7517,3.0,3,,,,,,,,
,,,,,7522,5.0,5,,,,,,,,
,,,,,7527,5.0,5,,,,,,,,
,,,,,7531,4.0,4,,,,,,,,
,,,,,7534,3.0,3,,,,,,,,
,,,,,7539,5.0,5,,,,,,,,
,,,,,7543,4.0,4,,,,,,,,
,,,,,7546,3.0,3,,,,,,,,
,,,,,7550,4.0,4,,,,,,,,
,,,,,7558,8.0,8,,,,,,,,
,,,,,7563,5.0,5,,,,,,,,
,,,,,7566,3.0,3,,,,,,,,
,,,,,7569,3.0,3,,,,,,,,
,,,,,7572,3.0,3,,,,,,,,
,,,,,7575,3.0,3,,,,,,,,
,,,,,7584,9.0,9,,,,,,,,
,,,,,7587,3.0,3,,,,,,,,
,,,,,7590,3.0,3,,,,,,,,
,,,,,7593,3.0,3,,,,,,,,
,,,,,7596,3.0,3,,,,,,,,
,,,,,7601,5.0,5,,,,,,,,
,,,,,7604,3.0,3,,,,,,,,
,,,,,7607,3.0,3,,,,,,,,
,,,,,7612,5.0,5,,,,,,,,
,,,,,7615,3.0,3,,,,,,,,
,,,,,7618,3.0,3,,,,,,,,
,,,,,7621,3.0,3,,,,,,,,
,,,,,7624,3.0,3,,,,,,,,
,,,,,7628,4.0,4,,,,,,,,
,,,,,7632,4.0,4,,,,,,,,
,,,,,7635,3.0,3,,,,,,,,
,,,,,7639,4.0,4,,,,,,,,
,,,,,7643,4.0,4,,,,,,,,
,,,,,7651,8.0,8,,,,,,,,
,,,,,7655,4.0,4,,,,,,,,
,,,,,7658,3.0,3,,,,,,,,
,,,,,7661,3.0,3,,,,,,,,
,,,,,7664,3.0,3,,,,,,,,
,,,,,7667,3.0,3,,,,,,,,
,,,,,7670,3.0,3,,,,,,,,
,,,,,7673,3.0,3,,,,,,,,
,,,,,7676,3.0,3,,,,,,,,
,,,,,7679,3.0,3,,,,,,,,
,,,,,7683,4.0,4,,,,,,,,
,,,,,7686,3.0,3,,,,,,,,
,,,,,7691,5.0,5,,,,,,,,
,,,,,7694,3.0,3,,,,,,,,
,,,,,7697,3.0,3,,,,,,,,
,,,,,7701,4.0,4,,,,,,,,
,,,,,7706,5.0,5,,,,,,,,
,,,,,7709,3.0,3,,,,,,,,
,,,,,7712,3.0,3,,,,,,,,
,,,,,7718,6.0,6,,,,,,,,
,,,,,7724,6.0,6,,,,,,,,
,,,,,7727,3.0,3,,,,,,,,
,,,,,7732,5.0,5,,,,,,,,
,,,,,7735,3.0,3,,,,,,,,
,,,,,7738,3.0,3,,,,,,,,
,,,,,7744,6.0,6,,,,,,,,
,,,,,7747,3.0,3,,,,,,,,
,,,,,7750,3.0,3,,,,,,,,
,,,,,7754,4.0,4,,,,,,,,
,,,,,7761,7.0,7,,,,,,,,
,,,,,7764,3.0,3,,,,,,,,
,,,,,7767,3.0,3,,,,,,,,
,,,,,7774,7.0,7,,,,,,,,
,,,,,7777,3.0,3,,,,,,,,
,,,,,7780,3.0,3,,,,,,,,
,,,,,7784,4.0,4,,,,,,,,
,,,,,7788,4.0,4,,,,,,,,
,,,,,7791,3.0,3,,,,,,,,
,,,,,7794,3.0,3,,,,,,,,
,,,,,7797,3.0,3,,,,,,,,
,,,,,7801,4.0,4,,,,,,,,
,,,,,7808,7.0,7,,,,,,,,
,,,,,7814,6.0,6,,,,,,,,
,,,,,7819,5.0,5,,,,,,,,
,,,,,7823,4.0,4,,,,,,,,
,,,,,7830,7.0,7,,,,,,,,
,,,,,7834,4.0,4,,,,,,,,
,,,,,7837,3.0,3,,,,,,,,
,,,,,7841,4.0,4,,,,,,,,
,,,,,7844,3.0,3,,,,,,,,
,,,,,7850,6.0,6,,,,,,,,
,,,,,7853,3.0,3,,,,,,,,
,,,,,7856,3.0,3,,,,,,,,
,,,,,7859,3.0,3,,,,,,,,
,,,,,7862,3.0,3,,,,,,,,
,,,,,7865,3.0,3,,,,,,,,
,,,,,7868,3.0,3,,,,,,,,
,,,,,7871,3.0,3,,,,,,,,
,,,,,7875,4.0,4,,,,,,,,
,,,,,7878,3.0,3,,,,,,,,
,,,,,7886,8.0,8,,,,,,,,
,,,,,7889,3.0,3,,,,,,,,
,,,,,7893,4.0,4,,,,,,,,
,,,,,7897,4.0,4,,,,,,,,
,,,,,7900,3.0,3,,,,,,,,
,,,,,7904,4.0,4,,,,,,,,
,,,,,7907,3.0,3,,,,,,,,
,,,,,7910,3.0,3,,,,,,,,
,,,,,7915,5.0,5,,,,,,,,
,,,,,7919,4.0,4,,,,,,,,
,,,,,7922,3.0,3,,,,,,,,
,,,,,7929,7.0,7,,,,,,,,
,,,,,7932,3.0,3,,,,,,,,
,,,,,7935,3.0,3,,,,,,,,
,,,,,7938,3.0,3,,,,,,,,
,,,,,7941,3.0,3,,,,,,,,
,,,,,7944,3.0,3,,,,,,,,
,,,,,7950,6.0,6,,,,,,,,
,,,,,7953,3.0,3,,,,,,,,
,,,,,7956,3.0,3,,,,,,,,
,,,,,7959,3.0,3,,,,,,,,
,,,,,7964,5.0,5,,,,,,,,
,,,,,7967,3.0,3,,,,,,,,
,,,,,7970,3.0,3,,,,,,,,
,,,,,7974,4.0,4,,,,,,,,
,,,,,7981,7.0,7,,,,,,,,
,,,,,7986,5.0,5,,,,,,,,
,,,,,7989,3.0,3,,,,,,,,
,,,,,7993,4.0,4,,,,,,,,
,,,,,8000,7.0,7,,,,,,,,
,,,,,8000,,,-0.010229268111288548,0.10229267925024033,0.3942893147468567,2.9512827396392822,2.957021474838257,0.0003,0.0003,0.1
,,,,,8003,3.0,3,,,,,,,,
,,,,,8012,9.0,9,,,,,,,,
,,,,,8016,4.0,4,,,,,,,,
,,,,,8028,12.0,12,,,,,,,,
,,,,,8033,5.0,5,,,,,,,,
,,,,,8039,6.0,6,,,,,,,,
,,,,,8042,3.0,3,,,,,,,,
,,,,,8046,4.0,4,,,,,,,,
,,,,,8052,6.0,6,,,,,,,,
,,,,,8055,3.0,3,,,,,,,,
,,,,,8068,13.0,13,,,,,,,,
,,,,,8073,5.0,5,,,,,,,,
,,,,,8076,3.0,3,,,,,,,,
,,,,,8079,3.0,3,,,,,,,,
,,,,,8085,6.0,6,,,,,,,,
,,,,,8088,3.0,3,,,,,,,,
,,,,,8091,3.0,3,,,,,,,,
,,,,,8095,4.0,4,,,,,,,,
,,,,,8098,3.0,3,,,,,,,,
,,,,,8101,3.0,3,,,,,,,,
,,,,,8107,6.0,6,,,,,,,,
,,,,,8111,4.0,4,,,,,,,,
,,,,,8115,4.0,4,,,,,,,,
,,,,,8118,3.0,3,,,,,,,,
,,,,,8122,4.0,4,,,,,,,,
,,,,,8125,3.0,3,,,,,,,,
,,,,,8130,5.0,5,,,,,,,,
,,,,,8133,3.0,3,,,,,,,,
,,,,,8136,3.0,3,,,,,,,,
,,,,,8140,4.0,4,,,,,,,,
,,,,,8143,3.0,3,,,,,,,,
,,,,,8147,4.0,4,,,,,,,,
,,,,,8151,4.0,4,,,,,,,,
,,,,,8157,6.0,6,,,,,,,,
,,,,,8160,3.0,3,,,,,,,,
,,,,,8163,3.0,3,,,,,,,,
,,,,,8166,3.0,3,,,,,,,,
,,,,,8169,3.0,3,,,,,,,,
,,,,,8176,7.0,7,,,,,,,,
,,,,,8179,3.0,3,,,,,,,,
,,,,,8183,4.0,4,,,,,,,,
,,,,,8187,4.0,4,,,,,,,,
,,,,,8190,3.0,3,,,,,,,,
,,,,,8196,6.0,6,,,,,,,,
,,,,,8199,3.0,3,,,,,,,,
,,,,,8203,4.0,4,,,,,,,,
,,,,,8207,4.0,4,,,,,,,,
,,,,,8210,3.0,3,,,,,,,,
,,,,,8213,3.0,3,,,,,,,,
,,,,,8216,3.0,3,,,,,,,,
,,,,,8221,5.0,5,,,,,,,,
,,,,,8224,3.0,3,,,,,,,,
,,,,,8227,3.0,3,,,,,,,,
,,,,,8232,5.0,5,,,,,,,,
,,,,,8236,4.0,4,,,,,,,,
,,,,,8239,3.0,3,,,,,,,,
,,,,,8242,3.0,3,,,,,,,,
,,,,,8245,3.0,3,,,,,,,,
,,,,,8248,3.0,3,,,,,,,,
,,,,,8251,3.0,3,,,,,,,,
,,,,,8263,12.0,12,,,,,,,,
,,,,,8268,5.0,5,,,,,,,,
,,,,,8271,3.0,3,,,,,,,,
,,,,,8274,3.0,3,,,,,,,,
,,,,,8277,3.0,3,,,,,,,,
,,,,,8280,3.0,3,,,,,,,,
,,,,,8283,3.0,3,,,,,,,,
,,,,,8287,4.0,4,,,,,,,,
,,,,,8290,3.0,3,,,,,,,,
,,,,,8293,3.0,3,,,,,,,,
,,,,,8296,3.0,3,,,,,,,,
,,,,,8299,3.0,3,,,,,,,,
,,,,,8305,6.0,6,,,,,,,,
,,,,,8310,5.0,5,,,,,,,,
,,,,,8317,7.0,7,,,,,,,,
,,,,,8322,5.0,5,,,,,,,,
,,,,,8325,3.0,3,,,,,,,,
,,,,,8329,4.0,4,,,,,,,,
,,,,,8335,6.0,6,,,,,,,,
,,,,,8339,4.0,4,,,,,,,,
,,,,,8343,4.0,4,,,,,,,,
,,,,,8350,7.0,7,,,,,,,,
,,,,,8353,3.0,3,,,,,,,,
,,,,,8356,3.0,3,,,,,,,,
,,,,,8359,3.0,3,,,,,,,,
,,,,,8362,3.0,3,,,,,,,,
,,,,,8368,6.0,6,,,,,,,,
,,,,,8373,5.0,5,,,,,,,,
,,,,,8379,6.0,6,,,,,,,,
,,,,,8382,3.0,3,,,,,,,,
,,,,,8385,3.0,3,,,,,,,,
,,,,,8388,3.0,3,,,,,,,,
,,,,,8392,4.0,4,,,,,,,,
,,,,,8396,4.0,4,,,,,,,,
,,,,,8399,3.0,3,,,,,,,,
,,,,,8403,4.0,4,,,,,,,,
,,,,,8406,3.0,3,,,,,,,,
,,,,,8409,3.0,3,,,,,,,,
,,,,,8412,3.0,3,,,,,,,,
,,,,,8417,5.0,5,,,,,,,,
,,,,,8420,3.0,3,,,,,,,,
,,,,,8424,4.0,4,,,,,,,,
,,,,,8430,6.0,6,,,,,,,,
,,,,,8433,3.0,3,,,,,,,,
,,,,,8443,10.0,10,,,,,,,,
,,,,,8447,4.0,4,,,,,,,,
,,,,,8450,3.0,3,,,,,,,,
,,,,,8457,7.0,7,,,,,,,,
,,,,,8460,3.0,3,,,,,,,,
,,,,,8464,4.0,4,,,,,,,,
,,,,,8467,3.0,3,,,,,,,,
,,,,,8471,4.0,4,,,,,,,,
,,,,,8476,5.0,5,,,,,,,,
,,,,,8480,4.0,4,,,,,,,,
,,,,,8488,8.0,8,,,,,,,,
,,,,,8495,7.0,7,,,,,,,,
,,,,,8498,3.0,3,,,,,,,,
,,,,,8501,3.0,3,,,,,,,,
,,,,,8504,3.0,3,,,,,,,,
,,,,,8510,6.0,6,,,,,,,,
,,,,,8513,3.0,3,,,,,,,,
,,,,,8516,3.0,3,,,,,,,,
,,,,,8519,3.0,3,,,,,,,,
,,,,,8522,3.0,3,,,,,,,,
,,,,,8528,6.0,6,,,,,,,,
,,,,,8533,5.0,5,,,,,,,,
,,,,,8539,6.0,6,,,,,,,,
,,,,,8542,3.0,3,,,,,,,,
,,,,,8545,3.0,3,,,,,,,,
,,,,,8551,6.0,6,,,,,,,,
,,,,,8554,3.0,3,,,,,,,,
,,,,,8561,7.0,7,,,,,,,,
,,,,,8564,3.0,3,,,,,,,,
,,,,,8568,4.0,4,,,,,,,,
,,,,,8576,8.0,8,,,,,,,,
,,,,,8579,3.0,3,,,,,,,,
,,,,,8585,6.0,6,,,,,,,,
,,,,,8588,3.0,3,,,,,,,,
,,,,,8591,3.0,3,,,,,,,,
,,,,,8594,3.0,3,,,,,,,,
,,,,,8597,3.0,3,,,,,,,,
,,,,,8602,5.0,5,,,,,,,,
,,,,,8606,4.0,4,,,,,,,,
,,,,,8617,11.0,11,,,,,,,,
,,,,,8621,4.0,4,,,,,,,,
,,,,,8625,4.0,4,,,,,,,,
,,,,,8628,3.0,3,,,,,,,,
,,,,,8632,4.0,4,,,,,,,,
,,,,,8636,4.0,4,,,,,,,,
,,,,,8639,3.0,3,,,,,,,,
,,,,,8642,3.0,3,,,,,,,,
,,,,,8652,10.0,10,,,,,,,,
,,,,,8656,4.0,4,,,,,,,,
,,,,,8664,8.0,8,,,,,,,,
,,,,,8667,3.0,3,,,,,,,,
,,,,,8672,5.0,5,,,,,,,,
,,,,,8679,7.0,7,,,,,,,,
,,,,,8682,3.0,3,,,,,,,,
,,,,,8685,3.0,3,,,,,,,,
,,,,,8690,5.0,5,,,,,,,,
,,,,,8693,3.0,3,,,,,,,,
,,,,,8697,4.0,4,,,,,,,,
,,,,,8700,3.0,3,,,,,,,,
,,,,,8703,3.0,3,,,,,,,,
,,,,,8706,3.0,3,,,,,,,,
,,,,,8710,4.0,4,,,,,,,,
,,,,,8716,6.0,6,,,,,,,,
,,,,,8719,3.0,3,,,,,,,,
,,,,,8725,6.0,6,,,,,,,,
,,,,,8728,3.0,3,,,,,,,,
,,,,,8731,3.0,3,,,,,,,,
,,,,,8735,4.0,4,,,,,,,,
,,,,,8740,5.0,5,,,,,,,,
,,,,,8746,6.0,6,,,,,,,,
,,,,,8750,4.0,4,,,,,,,,
,,,,,8753,3.0,3,,,,,,,,
,,,,,8756,3.0,3,,,,,,,,
,,,,,8759,3.0,3,,,,,,,,
,,,,,8765,6.0,6,,,,,,,,
,,,,,8768,3.0,3,,,,,,,,
,,,,,8772,4.0,4,,,,,,,,
,,,,,8776,4.0,4,,,,,,,,
,,,,,8781,5.0,5,,,,,,,,
,,,,,8791,10.0,10,,,,,,,,
,,,,,8795,4.0,4,,,,,,,,
,,,,,8798,3.0,3,,,,,,,,
,,,,,8802,4.0,4,,,,,,,,
,,,,,8805,3.0,3,,,,,,,,
,,,,,8809,4.0,4,,,,,,,,
,,,,,8812,3.0,3,,,,,,,,
,,,,,8815,3.0,3,,,,,,,,
,,,,,8818,3.0,3,,,,,,,,
,,,,,8823,5.0,5,,,,,,,,
,,,,,8827,4.0,4,,,,,,,,
,,,,,8830,3.0,3,,,,,,,,
,,,,,8833,3.0,3,,,,,,,,
,,,,,8837,4.0,4,,,,,,,,
,,,,,8840,3.0,3,,,,,,,,
,,,,,8843,3.0,3,,,,,,,,
,,,,,8852,9.0,9,,,,,,,,
,,,,,8859,7.0,7,,,,,,,,
,,,,,8869,10.0,10,,,,,,,,
,,,,,8872,3.0,3,,,,,,,,
,,,,,8875,3.0,3,,,,,,,,
,,,,,8880,5.0,5,,,,,,,,
,,,,,8883,3.0,3,,,,,,,,
,,,,,8886,3.0,3,,,,,,,,
,,,,,8893,7.0,7,,,,,,,,
,,,,,8897,4.0,4,,,,,,,,
,,,,,8900,3.0,3,,,,,,,,
,,,,,8903,3.0,3,,,,,,,,
,,,,,8906,3.0,3,,,,,,,,
,,,,,8912,6.0,6,,,,,,,,
,,,,,8915,3.0,3,,,,,,,,
,,,,,8918,3.0,3,,,,,,,,
,,,,,8924,6.0,6,,,,,,,,
,,,,,8927,3.0,3,,,,,,,,
,,,,,8931,4.0,4,,,,,,,,
,,,,,8937,6.0,6,,,,,,,,
,,,,,8943,6.0,6,,,,,,,,
,,,,,8948,5.0,5,,,,,,,,
,,,,,8951,3.0,3,,,,,,,,
,,,,,8961,10.0,10,,,,,,,,
,,,,,8964,3.0,3,,,,,,,,
,,,,,8971,7.0,7,,,,,,,,
,,,,,8982,11.0,11,,,,,,,,
,,,,,8985,3.0,3,,,,,,,,
,,,,,8988,3.0,3,,,,,,,,
,,,,,8993,5.0,5,,,,,,,,
,,,,,8998,5.0,5,,,,,,,,
,,,,,9000,,,-0.042899858206510544,0.42899855971336365,0.6559343338012695,3.522897243499756,3.5134687423706055,0.0003,0.0003,0.1
,,,,,9001,3.0,3,,,,,,,,
,,,,,9004,3.0,3,,,,,,,,
,,,,,9007,3.0,3,,,,,,,,
,,,,,9011,4.0,4,,,,,,,,
,,,,,9014,3.0,3,,,,,,,,
,,,,,9017,3.0,3,,,,,,,,
,,,,,9022,5.0,5,,,,,,,,
,,,,,9027,5.0,5,,,,,,,,
,,,,,9031,4.0,4,,,,,,,,
,,,,,9034,3.0,3,,,,,,,,
,,,,,9037,3.0,3,,,,,,,,
,,,,,9042,5.0,5,,,,,,,,
,,,,,9048,6.0,6,,,,,,,,
,,,,,9054,6.0,6,,,,,,,,
,,,,,9059,5.0,5,,,,,,,,
,,,,,9063,4.0,4,,,,,,,,
,,,,,9067,4.0,4,,,,,,,,
,,,,,9070,3.0,3,,,,,,,,
,,,,,9076,6.0,6,,,,,,,,
,,,,,9079,3.0,3,,,,,,,,
,,,,,9082,3.0,3,,,,,,,,
,,,,,9087,5.0,5,,,,,,,,
,,,,,9090,3.0,3,,,,,,,,
,,,,,9095,5.0,5,,,,,,,,
,,,,,9099,4.0,4,,,,,,,,
,,,,,9104,5.0,5,,,,,,,,
,,,,,9109,5.0,5,,,,,,,,
,,,,,9113,4.0,4,,,,,,,,
,,,,,9116,3.0,3,,,,,,,,
,,,,,9119,3.0,3,,,,,,,,
,,,,,9123,4.0,4,,,,,,,,
,,,,,9128,5.0,5,,,,,,,,
,,,,,9131,3.0,3,,,,,,,,
,,,,,9135,4.0,4,,,,,,,,
,,,,,9138,3.0,3,,,,,,,,
,,,,,9141,3.0,3,,,,,,,,
,,,,,9144,3.0,3,,,,,,,,
,,,,,9147,3.0,3,,,,,,,,
,,,,,9150,3.0,3,,,,,,,,
,,,,,9155,5.0,5,,,,,,,,
,,,,,9165,10.0,10,,,,,,,,
,,,,,9168,3.0,3,,,,,,,,
,,,,,9171,3.0,3,,,,,,,,
,,,,,9174,3.0,3,,,,,,,,
,,,,,9181,7.0,7,,,,,,,,
,,,,,9187,6.0,6,,,,,,,,
,,,,,9191,4.0,4,,,,,,,,
,,,,,9194,3.0,3,,,,,,,,
,,,,,9197,3.0,3,,,,,,,,
,,,,,9200,3.0,3,,,,,,,,
,,,,,9204,4.0,4,,,,,,,,
,,,,,9207,3.0,3,,,,,,,,
,,,,,9210,3.0,3,,,,,,,,
,,,,,9213,3.0,3,,,,,,,,
,,,,,9218,5.0,5,,,,,,,,
,,,,,9221,3.0,3,,,,,,,,
,,,,,9224,3.0,3,,,,,,,,
,,,,,9227,3.0,3,,,,,,,,
,,,,,9231,4.0,4,,,,,,,,
,,,,,9236,5.0,5,,,,,,,,
,,,,,9240,4.0,4,,,,,,,,
,,,,,9247,7.0,7,,,,,,,,
,,,,,9251,4.0,4,,,,,,,,
,,,,,9254,3.0,3,,,,,,,,
,,,,,9257,3.0,3,,,,,,,,
,,,,,9260,3.0,3,,,,,,,,
,,,,,9263,3.0,3,,,,,,,,
,,,,,9266,3.0,3,,,,,,,,
,,,,,9269,3.0,3,,,,,,,,
,,,,,9274,5.0,5,,,,,,,,
,,,,,9277,3.0,3,,,,,,,,
,,,,,9280,3.0,3,,,,,,,,
,,,,,9285,5.0,5,,,,,,,,
,,,,,9288,3.0,3,,,,,,,,
,,,,,9292,4.0,4,,,,,,,,
,,,,,9295,3.0,3,,,,,,,,
,,,,,9298,3.0,3,,,,,,,,
,,,,,9302,4.0,4,,,,,,,,
,,,,,9307,5.0,5,,,,,,,,
,,,,,9310,3.0,3,,,,,,,,
,,,,,9318,8.0,8,,,,,,,,
,,,,,9325,7.0,7,,,,,,,,
,,,,,9328,3.0,3,,,,,,,,
,,,,,9331,3.0,3,,,,,,,,
,,,,,9336,5.0,5,,,,,,,,
,,,,,9339,3.0,3,,,,,,,,
,,,,,9342,3.0,3,,,,,,,,
,,,,,9346,4.0,4,,,,,,,,
,,,,,9349,3.0,3,,,,,,,,
,,,,,9353,4.0,4,,,,,,,,
,,,,,9356,3.0,3,,,,,,,,
,,,,,9359,3.0,3,,,,,,,,
,,,,,9362,3.0,3,,,,,,,,
,,,,,9365,3.0,3,,,,,,,,
,,,,,9368,3.0,3,,,,,,,,
,,,,,9378,10.0,10,,,,,,,,
,,,,,9381,3.0,3,,,,,,,,
,,,,,9384,3.0,3,,,,,,,,
,,,,,9387,3.0,3,,,,,,,,
,,,,,9390,3.0,3,,,,,,,,
,,,,,9394,4.0,4,,,,,,,,
,,,,,9397,3.0,3,,,,,,,,
,,,,,9400,3.0,3,,,,,,,,
,,,,,9403,3.0,3,,,,,,,,
,,,,,9408,5.0,5,,,,,,,,
,,,,,9412,4.0,4,,,,,,,,
,,,,,9416,4.0,4,,,,,,,,
,,,,,9419,3.0,3,,,,,,,,
,,,,,9422,3.0,3,,,,,,,,
,,,,,9428,6.0,6,,,,,,,,
,,,,,9431,3.0,3,,,,,,,,
,,,,,9434,3.0,3,,,,,,,,
,,,,,9440,6.0,6,,,,,,,,
,,,,,9446,6.0,6,,,,,,,,
,,,,,9450,4.0,4,,,,,,,,
,,,,,9453,3.0,3,,,,,,,,
,,,,,9461,8.0,8,,,,,,,,
,,,,,9464,3.0,3,,,,,,,,
,,,,,9467,3.0,3,,,,,,,,
,,,,,9470,3.0,3,,,,,,,,
,,,,,9476,6.0,6,,,,,,,,
,,,,,9480,4.0,4,,,,,,,,
,,,,,9485,5.0,5,,,,,,,,
,,,,,9488,3.0,3,,,,,,,,
,,,,,9493,5.0,5,,,,,,,,
,,,,,9497,4.0,4,,,,,,,,
,,,,,9500,3.0,3,,,,,,,,
,,,,,9504,4.0,4,,,,,,,,
,,,,,9507,3.0,3,,,,,,,,
,,,,,9512,5.0,5,,,,,,,,
,,,,,9515,3.0,3,,,,,,,,
,,,,,9518,3.0,3,,,,,,,,
,,,,,9523,5.0,5,,,,,,,,
,,,,,9526,3.0,3,,,,,,,,
,,,,,9529,3.0,3,,,,,,,,
,,,,,9533,4.0,4,,,,,,,,
,,,,,9538,5.0,5,,,,,,,,
,,,,,9541,3.0,3,,,,,,,,
,,,,,9544,3.0,3,,,,,,,,
,,,,,9548,4.0,4,,,,,,,,
,,,,,9551,3.0,3,,,,,,,,
,,,,,9554,3.0,3,,,,,,,,
,,,,,9557,3.0,3,,,,,,,,
,,,,,9561,4.0,4,,,,,,,,
,,,,,9564,3.0,3,,,,,,,,
,,,,,9567,3.0,3,,,,,,,,
,,,,,9570,3.0,3,,,,,,,,
,,,,,9574,4.0,4,,,,,,,,
,,,,,9577,3.0,3,,,,,,,,
,,,,,9581,4.0,4,,,,,,,,
,,,,,9590,9.0,9,,,,,,,,
,,,,,9597,7.0,7,,,,,,,,
,,,,,9600,3.0,3,,,,,,,,
,,,,,9603,3.0,3,,,,,,,,
,,,,,9606,3.0,3,,,,,,,,
,,,,,9609,3.0,3,,,,,,,,
,,,,,9612,3.0,3,,,,,,,,
,,,,,9617,5.0,5,,,,,,,,
,,,,,9620,3.0,3,,,,,,,,
,,,,,9623,3.0,3,,,,,,,,
,,,,,9626,3.0,3,,,,,,,,
,,,,,9634,8.0,8,,,,,,,,
,,,,,9637,3.0,3,,,,,,,,
,,,,,9641,4.0,4,,,,,,,,
,,,,,9644,3.0,3,,,,,,,,
,,,,,9648,4.0,4,,,,,,,,
,,,,,9651,3.0,3,,,,,,,,
,,,,,9658,7.0,7,,,,,,,,
,,,,,9662,4.0,4,,,,,,,,
,,,,,9665,3.0,3,,,,,,,,
,,,,,9673,8.0,8,,,,,,,,
,,,,,9676,3.0,3,,,,,,,,
,,,,,9680,4.0,4,,,,,,,,
,,,,,9683,3.0,3,,,,,,,,
,,,,,9690,7.0,7,,,,,,,,
,,,,,9693,3.0,3,,,,,,,,
,,,,,9696,3.0,3,,,,,,,,
,,,,,9699,3.0,3,,,,,,,,
,,,,,9702,3.0,3,,,,,,,,
,,,,,9705,3.0,3,,,,,,,,
,,,,,9708,3.0,3,,,,,,,,
,,,,,9712,4.0,4,,,,,,,,
,,,,,9716,4.0,4,,,,,,,,
,,,,,9719,3.0,3,,,,,,,,
,,,,,9722,3.0,3,,,,,,,,
,,,,,9726,4.0,4,,,,,,,,
,,,,,9729,3.0,3,,,,,,,,
,,,,,9732,3.0,3,,,,,,,,
,,,,,9736,4.0,4,,,,,,,,
,,,,,9739,3.0,3,,,,,,,,
,,,,,9743,4.0,4,,,,,,,,
,,,,,9747,4.0,4,,,,,,,,
,,,,,9750,3.0,3,,,,,,,,
,,,,,9753,3.0,3,,,,,,,,
,,,,,9757,4.0,4,,,,,,,,
,,,,,9765,8.0,8,,,,,,,,
,,,,,9772,7.0,7,,,,,,,,
,,,,,9776,4.0,4,,,,,,,,
,,,,,9780,4.0,4,,,,,,,,
,,,,,9786,6.0,6,,,,,,,,
,,,,,9789,3.0,3,,,,,,,,
,,,,,9792,3.0,3,,,,,,,,
,,,,,9795,3.0,3,,,,,,,,
,,,,,9799,4.0,4,,,,,,,,
,,,,,9802,3.0,3,,,,,,,,
,,,,,9811,9.0,9,,,,,,,,
,,,,,9814,3.0,3,,,,,,,,
,,,,,9817,3.0,3,,,,,,,,
,,,,,9820,3.0,3,,,,,,,,
,,,,,9823,3.0,3,,,,,,,,
,,,,,9826,3.0,3,,,,,,,,
,,,,,9830,4.0,4,,,,,,,,
,,,,,9833,3.0,3,,,,,,,,
,,,,,9836,3.0,3,,,,,,,,
,,,,,9839,3.0,3,,,,,,,,
,,,,,9842,3.0,3,,,,,,,,
,,,,,9846,4.0,4,,,,,,,,
,,,,,9849,3.0,3,,,,,,,,
,,,,,9852,3.0,3,,,,,,,,
,,,,,9858,6.0,6,,,,,,,,
,,,,,9861,3.0,3,,,,,,,,
,,,,,9865,4.0,4,,,,,,,,
,,,,,9869,4.0,4,,,,,,,,
,,,,,9874,5.0,5,,,,,,,,
,,,,,9877,3.0,3,,,,,,,,
,,,,,9885,8.0,8,,,,,,,,
,,,,,9888,3.0,3,,,,,,,,
,,,,,9893,5.0,5,,,,,,,,
,,,,,9900,7.0,7,,,,,,,,
,,,,,9903,3.0,3,,,,,,,,
,,,,,9908,5.0,5,,,,,,,,
,,,,,9916,8.0,8,,,,,,,,
,,,,,9919,3.0,3,,,,,,,,
,,,,,9923,4.0,4,,,,,,,,
,,,,,9926,3.0,3,,,,,,,,
,,,,,9929,3.0,3,,,,,,,,
,,,,,9932,3.0,3,,,,,,,,
,,,,,9936,4.0,4,,,,,,,,
,,,,,9941,5.0,5,,,,,,,,
,,,,,9946,5.0,5,,,,,,,,
,,,,,9950,4.0,4,,,,,,,,
,,,,,9953,3.0,3,,,,,,,,
,,,,,9957,4.0,4,,,,,,,,
,,,,,9960,3.0,3,,,,,,,,
,,,,,9963,3.0,3,,,,,,,,
,,,,,9968,5.0,5,,,,,,,,
,,,,,9971,3.0,3,,,,,,,,
,,,,,9974,3.0,3,,,,,,,,
,,,,,9977,3.0,3,,,,,,,,
,,,,,9980,3.0,3,,,,,,,,
,,,,,9983,3.0,3,,,,,,,,
,,,,,9986,3.0,3,,,,,,,,
,,,,,9989,3.0,3,,,,,,,,
,,,,,9993,4.0,4,,,,,,,,
,,,,,9996,3.0,3,,,,,,,,
,,,,,10000,4.0,4,,,,,,,,
3.3,0.64031243,5.0,3.0,3.3,10000,,,-0.038717083632946014,0.38717082142829895,0.6534970998764038,2.9752590656280518,3.138550281524658,0.0003,0.0003,0.1
,,,,,10003,3.0,3,,,,,,,,
,,,,,10007,4.0,4,,,,,,,,
,,,,,10010,3.0,3,,,,,,,,
,,,,,10013,3.0,3,,,,,,,,
,,,,,10016,3.0,3,,,,,,,,
,,,,,10023,7.0,7,,,,,,,,
,,,,,10026,3.0,3,,,,,,,,
,,,,,10029,3.0,3,,,,,,,,
,,,,,10032,3.0,3,,,,,,,,
,,,,,10035,3.0,3,,,,,,,,
,,,,,10038,3.0,3,,,,,,,,
,,,,,10042,4.0,4,,,,,,,,
,,,,,10045,3.0,3,,,,,,,,
,,,,,10048,3.0,3,,,,,,,,
,,,,,10051,3.0,3,,,,,,,,
,,,,,10054,3.0,3,,,,,,,,
,,,,,10057,3.0,3,,,,,,,,
,,,,,10061,4.0,4,,,,,,,,
,,,,,10064,3.0,3,,,,,,,,
,,,,,10070,6.0,6,,,,,,,,
,,,,,10073,3.0,3,,,,,,,,
,,,,,10076,3.0,3,,,,,,,,
,,,,,10079,3.0,3,,,,,,,,
,,,,,10082,3.0,3,,,,,,,,
,,,,,10085,3.0,3,,,,,,,,
,,,,,10089,4.0,4,,,,,,,,
,,,,,10092,3.0,3,,,,,,,,
,,,,,10095,3.0,3,,,,,,,,
,,,,,10099,4.0,4,,,,,,,,
,,,,,10102,3.0,3,,,,,,,,
,,,,,10105,3.0,3,,,,,,,,
,,,,,10108,3.0,3,,,,,,,,
,,,,,10115,7.0,7,,,,,,,,
,,,,,10118,3.0,3,,,,,,,,
,,,,,10121,3.0,3,,,,,,,,
,,,,,10124,3.0,3,,,,,,,,
,,,,,10129,5.0,5,,,,,,,,
,,,,,10132,3.0,3,,,,,,,,
,,,,,10135,3.0,3,,,,,,,,
,,,,,10138,3.0,3,,,,,,,,
,,,,,10141,3.0,3,,,,,,,,
,,,,,10145,4.0,4,,,,,,,,
,,,,,10148,3.0,3,,,,,,,,
,,,,,10151,3.0,3,,,,,,,,
,,,,,10154,3.0,3,,,,,,,,
,,,,,10158,4.0,4,,,,,,,,
,,,,,10161,3.0,3,,,,,,,,
,,,,,10164,3.0,3,,,,,,,,
,,,,,10168,4.0,4,,,,,,,,
,,,,,10171,3.0,3,,,,,,,,
,,,,,10174,3.0,3,,,,,,,,
,,,,,10177,3.0,3,,,,,,,,
,,,,,10181,4.0,4,,,,,,,,
,,,,,10185,4.0,4,,,,,,,,
,,,,,10188,3.0,3,,,,,,,,
,,,,,10191,3.0,3,,,,,,,,
,,,,,10195,4.0,4,,,,,,,,
,,,,,10198,3.0,3,,,,,,,,
,,,,,10201,3.0,3,,,,,,,,
,,,,,10204,3.0,3,,,,,,,,
,,,,,10207,3.0,3,,,,,,,,
,,,,,10210,3.0,3,,,,,,,,
,,,,,10214,4.0,4,,,,,,,,
,,,,,10220,6.0,6,,,,,,,,
,,,,,10224,4.0,4,,,,,,,,
,,,,,10227,3.0,3,,,,,,,,
,,,,,10230,3.0,3,,,,,,,,
,,,,,10234,4.0,4,,,,,,,,
,,,,,10237,3.0,3,,,,,,,,
,,,,,10240,3.0,3,,,,,,,,
,,,,,10246,6.0,6,,,,,,,,
,,,,,10249,3.0,3,,,,,,,,
,,,,,10252,3.0,3,,,,,,,,
,,,,,10255,3.0,3,,,,,,,,
,,,,,10258,3.0,3,,,,,,,,
,,,,,10263,5.0,5,,,,,,,,
,,,,,10268,5.0,5,,,,,,,,
,,,,,10271,3.0,3,,,,,,,,
,,,,,10275,4.0,4,,,,,,,,
,,,,,10279,4.0,4,,,,,,,,
,,,,,10282,3.0,3,,,,,,,,
,,,,,10285,3.0,3,,,,,,,,
,,,,,10288,3.0,3,,,,,,,,
,,,,,10291,3.0,3,,,,,,,,
,,,,,10294,3.0,3,,,,,,,,
,,,,,10297,3.0,3,,,,,,,,
,,,,,10302,5.0,5,,,,,,,,
,,,,,10305,3.0,3,,,,,,,,
,,,,,10308,3.0,3,,,,,,,,
,,,,,10311,3.0,3,,,,,,,,
,,,,,10314,3.0,3,,,,,,,,
,,,,,10319,5.0,5,,,,,,,,
,,,,,10322,3.0,3,,,,,,,,
,,,,,10326,4.0,4,,,,,,,,
,,,,,10331,5.0,5,,,,,,,,
,,,,,10334,3.0,3,,,,,,,,
,,,,,10337,3.0,3,,,,,,,,
,,,,,10340,3.0,3,,,,,,,,
,,,,,10343,3.0,3,,,,,,,,
,,,,,10350,7.0,7,,,,,,,,
,,,,,10357,7.0,7,,,,,,,,
,,,,,10360,3.0,3,,,,,,,,
,,,,,10365,5.0,5,,,,,,,,
,,,,,10369,4.0,4,,,,,,,,
,,,,,10372,3.0,3,,,,,,,,
,,,,,10378,6.0,6,,,,,,,,
,,,,,10381,3.0,3,,,,,,,,
,,,,,10385,4.0,4,,,,,,,,
,,,,,10393,8.0,8,,,,,,,,
,,,,,10397,4.0,4,,,,,,,,
,,,,,10400,3.0,3,,,,,,,,
,,,,,10403,3.0,3,,,,,,,,
,,,,,10406,3.0,3,,,,,,,,
,,,,,10409,3.0,3,,,,,,,,
,,,,,10416,7.0,7,,,,,,,,
,,,,,10419,3.0,3,,,,,,,,
,,,,,10424,5.0,5,,,,,,,,
,,,,,10427,3.0,3,,,,,,,,
,,,,,10431,4.0,4,,,,,,,,
,,,,,10439,8.0,8,,,,,,,,
,,,,,10443,4.0,4,,,,,,,,
,,,,,10447,4.0,4,,,,,,,,
,,,,,10450,3.0,3,,,,,,,,
,,,,,10453,3.0,3,,,,,,,,
,,,,,10456,3.0,3,,,,,,,,
,,,,,10459,3.0,3,,,,,,,,
,,,,,10463,4.0,4,,,,,,,,
,,,,,10466,3.0,3,,,,,,,,
,,,,,10469,3.0,3,,,,,,,,
,,,,,10472,3.0,3,,,,,,,,
,,,,,10475,3.0,3,,,,,,,,
,,,,,10478,3.0,3,,,,,,,,
,,,,,10481,3.0,3,,,,,,,,
,,,,,10485,4.0,4,,,,,,,,
,,,,,10488,3.0,3,,,,,,,,
,,,,,10491,3.0,3,,,,,,,,
,,,,,10496,5.0,5,,,,,,,,
,,,,,10499,3.0,3,,,,,,,,
,,,,,10502,3.0,3,,,,,,,,
,,,,,10505,3.0,3,,,,,,,,
,,,,,10509,4.0,4,,,,,,,,
,,,,,10512,3.0,3,,,,,,,,
,,,,,10515,3.0,3,,,,,,,,
,,,,,10518,3.0,3,,,,,,,,
,,,,,10521,3.0,3,,,,,,,,
,,,,,10524,3.0,3,,,,,,,,
,,,,,10529,5.0,5,,,,,,,,
,,,,,10532,3.0,3,,,,,,,,
,,,,,10535,3.0,3,,,,,,,,
,,,,,10538,3.0,3,,,,,,,,
,,,,,10541,3.0,3,,,,,,,,
,,,,,10544,3.0,3,,,,,,,,
,,,,,10547,3.0,3,,,,,,,,
,,,,,10551,4.0,4,,,,,,,,
,,,,,10555,4.0,4,,,,,,,,
,,,,,10558,3.0,3,,,,,,,,
,,,,,10561,3.0,3,,,,,,,,
,,,,,10565,4.0,4,,,,,,,,
,,,,,10568,3.0,3,,,,,,,,
,,,,,10571,3.0,3,,,,,,,,
,,,,,10574,3.0,3,,,,,,,,
,,,,,10577,3.0,3,,,,,,,,
,,,,,10580,3.0,3,,,,,,,,
,,,,,10583,3.0,3,,,,,,,,
,,,,,10587,4.0,4,,,,,,,,
,,,,,10590,3.0,3,,,,,,,,
,,,,,10596,6.0,6,,,,,,,,
,,,,,10599,3.0,3,,,,,,,,
,,,,,10602,3.0,3,,,,,,,,
,,,,,10605,3.0,3,,,,,,,,
,,,,,10608,3.0,3,,,,,,,,
,,,,,10611,3.0,3,,,,,,,,
,,,,,10615,4.0,4,,,,,,,,
,,,,,10621,6.0,6,,,,,,,,
,,,,,10626,5.0,5,,,,,,,,
,,,,,10629,3.0,3,,,,,,,,
,,,,,10632,3.0,3,,,,,,,,
,,,,,10635,3.0,3,,,,,,,,
,,,,,10639,4.0,4,,,,,,,,
,,,,,10642,3.0,3,,,,,,,,
,,,,,10645,3.0,3,,,,,,,,
,,,,,10649,4.0,4,,,,,,,,
,,,,,10653,4.0,4,,,,,,,,
,,,,,10659,6.0,6,,,,,,,,
,,,,,10662,3.0,3,,,,,,,,
,,,,,10665,3.0,3,,,,,,,,
,,,,,10668,3.0,3,,,,,,,,
,,,,,10671,3.0,3,,,,,,,,
,,,,,10674,3.0,3,,,,,,,,
,,,,,10677,3.0,3,,,,,,,,
,,,,,10681,4.0,4,,,,,,,,
,,,,,10685,4.0,4,,,,,,,,
,,,,,10688,3.0,3,,,,,,,,
,,,,,10692,4.0,4,,,,,,,,
,,,,,10695,3.0,3,,,,,,,,
,,,,,10699,4.0,4,,,,,,,,
,,,,,10702,3.0,3,,,,,,,,
,,,,,10705,3.0,3,,,,,,,,
,,,,,10710,5.0,5,,,,,,,,
,,,,,10713,3.0,3,,,,,,,,
,,,,,10716,3.0,3,,,,,,,,
,,,,,10719,3.0,3,,,,,,,,
,,,,,10725,6.0,6,,,,,,,,
,,,,,10729,4.0,4,,,,,,,,
,,,,,10732,3.0,3,,,,,,,,
,,,,,10735,3.0,3,,,,,,,,
,,,,,10738,3.0,3,,,,,,,,
,,,,,10741,3.0,3,,,,,,,,
,,,,,10744,3.0,3,,,,,,,,
,,,,,10747,3.0,3,,,,,,,,
,,,,,10750,3.0,3,,,,,,,,
,,,,,10753,3.0,3,,,,,,,,
,,,,,10756,3.0,3,,,,,,,,
,,,,,10759,3.0,3,,,,,,,,
,,,,,10763,4.0,4,,,,,,,,
,,,,,10767,4.0,4,,,,,,,,
,,,,,10770,3.0,3,,,,,,,,
,,,,,10774,4.0,4,,,,,,,,
,,,,,10777,3.0,3,,,,,,,,
,,,,,10781,4.0,4,,,,,,,,
,,,,,10784,3.0,3,,,,,,,,
,,,,,10787,3.0,3,,,,,,,,
,,,,,10792,5.0,5,,,,,,,,
,,,,,10795,3.0,3,,,,,,,,
,,,,,10799,4.0,4,,,,,,,,
,,,,,10802,3.0,3,,,,,,,,
,,,,,10805,3.0,3,,,,,,,,
,,,,,10808,3.0,3,,,,,,,,
,,,,,10816,8.0,8,,,,,,,,
,,,,,10819,3.0,3,,,,,,,,
,,,,,10824,5.0,5,,,,,,,,
,,,,,10827,3.0,3,,,,,,,,
,,,,,10830,3.0,3,,,,,,,,
,,,,,10833,3.0,3,,,,,,,,
,,,,,10836,3.0,3,,,,,,,,
,,,,,10839,3.0,3,,,,,,,,
,,,,,10842,3.0,3,,,,,,,,
,,,,,10848,6.0,6,,,,,,,,
,,,,,10851,3.0,3,,,,,,,,
,,,,,10854,3.0,3,,,,,,,,
,,,,,10858,4.0,4,,,,,,,,
,,,,,10861,3.0,3,,,,,,,,
,,,,,10864,3.0,3,,,,,,,,
,,,,,10869,5.0,5,,,,,,,,
,,,,,10873,4.0,4,,,,,,,,
,,,,,10876,3.0,3,,,,,,,,
,,,,,10879,3.0,3,,,,,,,,
,,,,,10882,3.0,3,,,,,,,,
,,,,,10885,3.0,3,,,,,,,,
,,,,,10891,6.0,6,,,,,,,,
,,,,,10894,3.0,3,,,,,,,,
,,,,,10897,3.0,3,,,,,,,,
,,,,,10900,3.0,3,,,,,,,,
,,,,,10903,3.0,3,,,,,,,,
,,,,,10906,3.0,3,,,,,,,,
,,,,,10909,3.0,3,,,,,,,,
,,,,,10913,4.0,4,,,,,,,,
,,,,,10916,3.0,3,,,,,,,,
,,,,,10919,3.0,3,,,,,,,,
,,,,,10922,3.0,3,,,,,,,,
,,,,,10925,3.0,3,,,,,,,,
,,,,,10929,4.0,4,,,,,,,,
,,,,,10932,3.0,3,,,,,,,,
,,,,,10935,3.0,3,,,,,,,,
,,,,,10939,4.0,4,,,,,,,,
,,,,,10942,3.0,3,,,,,,,,
,,,,,10945,3.0,3,,,,,,,,
,,,,,10948,3.0,3,,,,,,,,
,,,,,10955,7.0,7,,,,,,,,
,,,,,10958,3.0,3,,,,,,,,
,,,,,10961,3.0,3,,,,,,,,
,,,,,10964,3.0,3,,,,,,,,
,,,,,10967,3.0,3,,,,,,,,
,,,,,10970,3.0,3,,,,,,,,
,,,,,10978,8.0,8,,,,,,,,
,,,,,10981,3.0,3,,,,,,,,
,,,,,10984,3.0,3,,,,,,,,
,,,,,10990,6.0,6,,,,,,,,
,,,,,10993,3.0,3,,,,,,,,
,,,,,10998,5.0,5,,,,,,,,
,,,,,11000,,,-0.01569955423474312,0.15699553489685059,0.2729652225971222,2.5498292446136475,2.4858436584472656,0.0003,0.0003,0.1
,,,,,11001,3.0,3,,,,,,,,
,,,,,11005,4.0,4,,,,,,,,
,,,,,11008,3.0,3,,,,,,,,
,,,,,11011,3.0,3,,,,,,,,
,,,,,11014,3.0,3,,,,,,,,
,,,,,11018,4.0,4,,,,,,,,
,,,,,11021,3.0,3,,,,,,,,
,,,,,11026,5.0,5,,,,,,,,
,,,,,11029,3.0,3,,,,,,,,
,,,,,11032,3.0,3,,,,,,,,
,,,,,11036,4.0,4,,,,,,,,
,,,,,11041,5.0,5,,,,,,,,
,,,,,11044,3.0,3,,,,,,,,
,,,,,11049,5.0,5,,,,,,,,
,,,,,11055,6.0,6,,,,,,,,
,,,,,11058,3.0,3,,,,,,,,
,,,,,11061,3.0,3,,,,,,,,
,,,,,11064,3.0,3,,,,,,,,
,,,,,11070,6.0,6,,,,,,,,
,,,,,11077,7.0,7,,,,,,,,
,,,,,11080,3.0,3,,,,,,,,
,,,,,11083,3.0,3,,,,,,,,
,,,,,11088,5.0,5,,,,,,,,
,,,,,11092,4.0,4,,,,,,,,
,,,,,11095,3.0,3,,,,,,,,
,,,,,11098,3.0,3,,,,,,,,
,,,,,11102,4.0,4,,,,,,,,
,,,,,11107,5.0,5,,,,,,,,
,,,,,11110,3.0,3,,,,,,,,
,,,,,11113,3.0,3,,,,,,,,
,,,,,11116,3.0,3,,,,,,,,
,,,,,11120,4.0,4,,,,,,,,
,,,,,11124,4.0,4,,,,,,,,
,,,,,11127,3.0,3,,,,,,,,
,,,,,11130,3.0,3,,,,,,,,
,,,,,11133,3.0,3,,,,,,,,
,,,,,11138,5.0,5,,,,,,,,
,,,,,11144,6.0,6,,,,,,,,
,,,,,11147,3.0,3,,,,,,,,
,,,,,11151,4.0,4,,,,,,,,
,,,,,11154,3.0,3,,,,,,,,
,,,,,11157,3.0,3,,,,,,,,
,,,,,11160,3.0,3,,,,,,,,
,,,,,11163,3.0,3,,,,,,,,
,,,,,11166,3.0,3,,,,,,,,
,,,,,11171,5.0,5,,,,,,,,
,,,,,11174,3.0,3,,,,,,,,
,,,,,11177,3.0,3,,,,,,,,
,,,,,11183,6.0,6,,,,,,,,
,,,,,11186,3.0,3,,,,,,,,
,,,,,11189,3.0,3,,,,,,,,
,,,,,11193,4.0,4,,,,,,,,
,,,,,11196,3.0,3,,,,,,,,
,,,,,11199,3.0,3,,,,,,,,
,,,,,11203,4.0,4,,,,,,,,
,,,,,11209,6.0,6,,,,,,,,
,,,,,11214,5.0,5,,,,,,,,
,,,,,11218,4.0,4,,,,,,,,
,,,,,11221,3.0,3,,,,,,,,
,,,,,11224,3.0,3,,,,,,,,
,,,,,11227,3.0,3,,,,,,,,
,,,,,11233,6.0,6,,,,,,,,
,,,,,11237,4.0,4,,,,,,,,
,,,,,11240,3.0,3,,,,,,,,
,,,,,11243,3.0,3,,,,,,,,
,,,,,11246,3.0,3,,,,,,,,
,,,,,11249,3.0,3,,,,,,,,
,,,,,11252,3.0,3,,,,,,,,
,,,,,11255,3.0,3,,,,,,,,
,,,,,11259,4.0,4,,,,,,,,
,,,,,11262,3.0,3,,,,,,,,
,,,,,11265,3.0,3,,,,,,,,
,,,,,11269,4.0,4,,,,,,,,
,,,,,11272,3.0,3,,,,,,,,
,,,,,11276,4.0,4,,,,,,,,
,,,,,11279,3.0,3,,,,,,,,
,,,,,11282,3.0,3,,,,,,,,
,,,,,11285,3.0,3,,,,,,,,
,,,,,11289,4.0,4,,,,,,,,
,,,,,11292,3.0,3,,,,,,,,
,,,,,11295,3.0,3,,,,,,,,
,,,,,11302,7.0,7,,,,,,,,
,,,,,11305,3.0,3,,,,,,,,
,,,,,11308,3.0,3,,,,,,,,
,,,,,11314,6.0,6,,,,,,,,
,,,,,11317,3.0,3,,,,,,,,
,,,,,11323,6.0,6,,,,,,,,
,,,,,11327,4.0,4,,,,,,,,
,,,,,11333,6.0,6,,,,,,,,
,,,,,11340,7.0,7,,,,,,,,
,,,,,11343,3.0,3,,,,,,,,
,,,,,11346,3.0,3,,,,,,,,
,,,,,11349,3.0,3,,,,,,,,
,,,,,11352,3.0,3,,,,,,,,
,,,,,11355,3.0,3,,,,,,,,
,,,,,11358,3.0,3,,,,,,,,
,,,,,11361,3.0,3,,,,,,,,
,,,,,11365,4.0,4,,,,,,,,
,,,,,11368,3.0,3,,,,,,,,
,,,,,11371,3.0,3,,,,,,,,
,,,,,11374,3.0,3,,,,,,,,
,,,,,11378,4.0,4,,,,,,,,
,,,,,11381,3.0,3,,,,,,,,
,,,,,11384,3.0,3,,,,,,,,
,,,,,11388,4.0,4,,,,,,,,
,,,,,11391,3.0,3,,,,,,,,
,,,,,11394,3.0,3,,,,,,,,
,,,,,11397,3.0,3,,,,,,,,
,,,,,11401,4.0,4,,,,,,,,
,,,,,11404,3.0,3,,,,,,,,
,,,,,11407,3.0,3,,,,,,,,
,,,,,11410,3.0,3,,,,,,,,
,,,,,11414,4.0,4,,,,,,,,
,,,,,11417,3.0,3,,,,,,,,
,,,,,11420,3.0,3,,,,,,,,
,,,,,11423,3.0,3,,,,,,,,
,,,,,11427,4.0,4,,,,,,,,
,,,,,11430,3.0,3,,,,,,,,
,,,,,11433,3.0,3,,,,,,,,
,,,,,11436,3.0,3,,,,,,,,
,,,,,11441,5.0,5,,,,,,,,
,,,,,11445,4.0,4,,,,,,,,
,,,,,11448,3.0,3,,,,,,,,
,,,,,11452,4.0,4,,,,,,,,
,,,,,11455,3.0,3,,,,,,,,
,,,,,11460,5.0,5,,,,,,,,
,,,,,11463,3.0,3,,,,,,,,
,,,,,11466,3.0,3,,,,,,,,
,,,,,11469,3.0,3,,,,,,,,
,,,,,11473,4.0,4,,,,,,,,
,,,,,11476,3.0,3,,,,,,,,
,,,,,11480,4.0,4,,,,,,,,
,,,,,11484,4.0,4,,,,,,,,
,,,,,11487,3.0,3,,,,,,,,
,,,,,11490,3.0,3,,,,,,,,
,,,,,11494,4.0,4,,,,,,,,
,,,,,11497,3.0,3,,,,,,,,
,,,,,11500,3.0,3,,,,,,,,
,,,,,11503,3.0,3,,,,,,,,
,,,,,11508,5.0,5,,,,,,,,
,,,,,11511,3.0,3,,,,,,,,
,,,,,11514,3.0,3,,,,,,,,
,,,,,11517,3.0,3,,,,,,,,
,,,,,11520,3.0,3,,,,,,,,
,,,,,11523,3.0,3,,,,,,,,
,,,,,11527,4.0,4,,,,,,,,
,,,,,11532,5.0,5,,,,,,,,
,,,,,11535,3.0,3,,,,,,,,
,,,,,11538,3.0,3,,,,,,,,
,,,,,11542,4.0,4,,,,,,,,
,,,,,11545,3.0,3,,,,,,,,
,,,,,11548,3.0,3,,,,,,,,
,,,,,11551,3.0,3,,,,,,,,
,,,,,11554,3.0,3,,,,,,,,
,,,,,11557,3.0,3,,,,,,,,
,,,,,11560,3.0,3,,,,,,,,
,,,,,11563,3.0,3,,,,,,,,
,,,,,11567,4.0,4,,,,,,,,
,,,,,11570,3.0,3,,,,,,,,
,,,,,11574,4.0,4,,,,,,,,
,,,,,11577,3.0,3,,,,,,,,
,,,,,11581,4.0,4,,,,,,,,
,,,,,11584,3.0,3,,,,,,,,
,,,,,11587,3.0,3,,,,,,,,
,,,,,11591,4.0,4,,,,,,,,
,,,,,11594,3.0,3,,,,,,,,
,,,,,11597,3.0,3,,,,,,,,
,,,,,11600,3.0,3,,,,,,,,
,,,,,11604,4.0,4,,,,,,,,
,,,,,11607,3.0,3,,,,,,,,
,,,,,11610,3.0,3,,,,,,,,
,,,,,11613,3.0,3,,,,,,,,
,,,,,11616,3.0,3,,,,,,,,
,,,,,11619,3.0,3,,,,,,,,
,,,,,11623,4.0,4,,,,,,,,
,,,,,11628,5.0,5,,,,,,,,
,,,,,11633,5.0,5,,,,,,,,
,,,,,11637,4.0,4,,,,,,,,
,,,,,11640,3.0,3,,,,,,,,
,,,,,11645,5.0,5,,,,,,,,
,,,,,11648,3.0,3,,,,,,,,
,,,,,11652,4.0,4,,,,,,,,
,,,,,11655,3.0,3,,,,,,,,
,,,,,11658,3.0,3,,,,,,,,
,,,,,11662,4.0,4,,,,,,,,
,,,,,11665,3.0,3,,,,,,,,
,,,,,11668,3.0,3,,,,,,,,
,,,,,11671,3.0,3,,,,,,,,
,,,,,11674,3.0,3,,,,,,,,
,,,,,11677,3.0,3,,,,,,,,
,,,,,11685,8.0,8,,,,,,,,
,,,,,11688,3.0,3,,,,,,,,
,,,,,11692,4.0,4,,,,,,,,
,,,,,11695,3.0,3,,,,,,,,
,,,,,11698,3.0,3,,,,,,,,
,,,,,11701,3.0,3,,,,,,,,
,,,,,11705,4.0,4,,,,,,,,
,,,,,11708,3.0,3,,,,,,,,
,,,,,11711,3.0,3,,,,,,,,
,,,,,11714,3.0,3,,,,,,,,
,,,,,11718,4.0,4,,,,,,,,
,,,,,11723,5.0,5,,,,,,,,
,,,,,11726,3.0,3,,,,,,,,
,,,,,11730,4.0,4,,,,,,,,
,,,,,11733,3.0,3,,,,,,,,
,,,,,11737,4.0,4,,,,,,,,
,,,,,11741,4.0,4,,,,,,,,
,,,,,11744,3.0,3,,,,,,,,
,,,,,11748,4.0,4,,,,,,,,
,,,,,11752,4.0,4,,,,,,,,
,,,,,11755,3.0,3,,,,,,,,
,,,,,11758,3.0,3,,,,,,,,
,,,,,11761,3.0,3,,,,,,,,
,,,,,11764,3.0,3,,,,,,,,
,,,,,11767,3.0,3,,,,,,,,
,,,,,11770,3.0,3,,,,,,,,
,,,,,11774,4.0,4,,,,,,,,
,,,,,11777,3.0,3,,,,,,,,
,,,,,11781,4.0,4,,,,,,,,
,,,,,11784,3.0,3,,,,,,,,
,,,,,11789,5.0,5,,,,,,,,
,,,,,11792,3.0,3,,,,,,,,
,,,,,11796,4.0,4,,,,,,,,
,,,,,11799,3.0,3,,,,,,,,
,,,,,11802,3.0,3,,,,,,,,
,,,,,11806,4.0,4,,,,,,,,
,,,,,11809,3.0,3,,,,,,,,
,,,,,11815,6.0,6,,,,,,,,
,,,,,11818,3.0,3,,,,,,,,
,,,,,11821,3.0,3,,,,,,,,
,,,,,11824,3.0,3,,,,,,,,
,,,,,11827,3.0,3,,,,,,,,
,,,,,11830,3.0,3,,,,,,,,
,,,,,11834,4.0,4,,,,,,,,
,,,,,11839,5.0,5,,,,,,,,
,,,,,11842,3.0,3,,,,,,,,
,,,,,11845,3.0,3,,,,,,,,
,,,,,11849,4.0,4,,,,,,,,
,,,,,11852,3.0,3,,,,,,,,
,,,,,11857,5.0,5,,,,,,,,
,,,,,11863,6.0,6,,,,,,,,
,,,,,11867,4.0,4,,,,,,,,
,,,,,11870,3.0,3,,,,,,,,
,,,,,11874,4.0,4,,,,,,,,
,,,,,11878,4.0,4,,,,,,,,
,,,,,11881,3.0,3,,,,,,,,
,,,,,11884,3.0,3,,,,,,,,
,,,,,11887,3.0,3,,,,,,,,
,,,,,11890,3.0,3,,,,,,,,
,,,,,11893,3.0,3,,,,,,,,
,,,,,11896,3.0,3,,,,,,,,
,,,,,11900,4.0,4,,,,,,,,
,,,,,11903,3.0,3,,,,,,,,
,,,,,11906,3.0,3,,,,,,,,
,,,,,11909,3.0,3,,,,,,,,
,,,,,11912,3.0,3,,,,,,,,
,,,,,11915,3.0,3,,,,,,,,
,,,,,11919,4.0,4,,,,,,,,
,,,,,11922,3.0,3,,,,,,,,
,,,,,11925,3.0,3,,,,,,,,
,,,,,11928,3.0,3,,,,,,,,
,,,,,11932,4.0,4,,,,,,,,
,,,,,11936,4.0,4,,,,,,,,
,,,,,11939,3.0,3,,,,,,,,
,,,,,11942,3.0,3,,,,,,,,
,,,,,11946,4.0,4,,,,,,,,
,,,,,11949,3.0,3,,,,,,,,
,,,,,11952,3.0,3,,,,,,,,
,,,,,11955,3.0,3,,,,,,,,
,,,,,11958,3.0,3,,,,,,,,
,,,,,11962,4.0,4,,,,,,,,
,,,,,11965,3.0,3,,,,,,,,
,,,,,11970,5.0,5,,,,,,,,
,,,,,11973,3.0,3,,,,,,,,
,,,,,11976,3.0,3,,,,,,,,
,,,,,11981,5.0,5,,,,,,,,
,,,,,11985,4.0,4,,,,,,,,
,,,,,11988,3.0,3,,,,,,,,
,,,,,11992,4.0,4,,,,,,,,
,,,,,11995,3.0,3,,,,,,,,
,,,,,11998,3.0,3,,,,,,,,
,,,,,12000,,,0.08912695944309235,-0.8912695646286011,0.12710976600646973,2.2530951499938965,2.2919743061065674,0.0003,0.0003,0.1
,,,,,12001,3.0,3,,,,,,,,
,,,,,12004,3.0,3,,,,,,,,
,,,,,12008,4.0,4,,,,,,,,
,,,,,12011,3.0,3,,,,,,,,
,,,,,12017,6.0,6,,,,,,,,
,,,,,12020,3.0,3,,,,,,,,
,,,,,12023,3.0,3,,,,,,,,
,,,,,12026,3.0,3,,,,,,,,
,,,,,12029,3.0,3,,,,,,,,
,,,,,12032,3.0,3,,,,,,,,
,,,,,12035,3.0,3,,,,,,,,
,,,,,12039,4.0,4,,,,,,,,
,,,,,12042,3.0,3,,,,,,,,
,,,,,12045,3.0,3,,,,,,,,
,,,,,12048,3.0,3,,,,,,,,
,,,,,12051,3.0,3,,,,,,,,
,,,,,12054,3.0,3,,,,,,,,
,,,,,12057,3.0,3,,,,,,,,
,,,,,12060,3.0,3,,,,,,,,
,,,,,12063,3.0,3,,,,,,,,
,,,,,12068,5.0,5,,,,,,,,
,,,,,12072,4.0,4,,,,,,,,
,,,,,12075,3.0,3,,,,,,,,
,,,,,12078,3.0,3,,,,,,,,
,,,,,12081,3.0,3,,,,,,,,
,,,,,12084,3.0,3,,,,,,,,
,,,,,12087,3.0,3,,,,,,,,
,,,,,12091,4.0,4,,,,,,,,
,,,,,12095,4.0,4,,,,,,,,
,,,,,12098,3.0,3,,,,,,,,
,,,,,12101,3.0,3,,,,,,,,
,,,,,12104,3.0,3,,,,,,,,
,,,,,12107,3.0,3,,,,,,,,
,,,,,12111,4.0,4,,,,,,,,
,,,,,12115,4.0,4,,,,,,,,
,,,,,12119,4.0,4,,,,,,,,
,,,,,12125,6.0,6,,,,,,,,
,,,,,12128,3.0,3,,,,,,,,
,,,,,12131,3.0,3,,,,,,,,
,,,,,12134,3.0,3,,,,,,,,
,,,,,12137,3.0,3,,,,,,,,
,,,,,12140,3.0,3,,,,,,,,
,,,,,12143,3.0,3,,,,,,,,
,,,,,12146,3.0,3,,,,,,,,
,,,,,12149,3.0,3,,,,,,,,
,,,,,12153,4.0,4,,,,,,,,
,,,,,12158,5.0,5,,,,,,,,
,,,,,12161,3.0,3,,,,,,,,
,,,,,12165,4.0,4,,,,,,,,
,,,,,12170,5.0,5,,,,,,,,
,,,,,12173,3.0,3,,,,,,,,
,,,,,12177,4.0,4,,,,,,,,
,,,,,12180,3.0,3,,,,,,,,
,,,,,12183,3.0,3,,,,,,,,
,,,,,12190,7.0,7,,,,,,,,
,,,,,12194,4.0,4,,,,,,,,
,,,,,12197,3.0,3,,,,,,,,
,,,,,12200,3.0,3,,,,,,,,
,,,,,12204,4.0,4,,,,,,,,
,,,,,12207,3.0,3,,,,,,,,
,,,,,12210,3.0,3,,,,,,,,
,,,,,12214,4.0,4,,,,,,,,
,,,,,12217,3.0,3,,,,,,,,
,,,,,12221,4.0,4,,,,,,,,
,,,,,12224,3.0,3,,,,,,,,
,,,,,12228,4.0,4,,,,,,,,
,,,,,12231,3.0,3,,,,,,,,
,,,,,12234,3.0,3,,,,,,,,
,,,,,12237,3.0,3,,,,,,,,
,,,,,12240,3.0,3,,,,,,,,
,,,,,12243,3.0,3,,,,,,,,
,,,,,12246,3.0,3,,,,,,,,
,,,,,12249,3.0,3,,,,,,,,
,,,,,12255,6.0,6,,,,,,,,
,,,,,12258,3.0,3,,,,,,,,
,,,,,12261,3.0,3,,,,,,,,
,,,,,12264,3.0,3,,,,,,,,
,,,,,12268,4.0,4,,,,,,,,
,,,,,12271,3.0,3,,,,,,,,
,,,,,12274,3.0,3,,,,,,,,
,,,,,12278,4.0,4,,,,,,,,
,,,,,12281,3.0,3,,,,,,,,
,,,,,12284,3.0,3,,,,,,,,
,,,,,12287,3.0,3,,,,,,,,
,,,,,12290,3.0,3,,,,,,,,
,,,,,12293,3.0,3,,,,,,,,
,,,,,12297,4.0,4,,,,,,,,
,,,,,12300,3.0,3,,,,,,,,
,,,,,12304,4.0,4,,,,,,,,
,,,,,12308,4.0,4,,,,,,,,
,,,,,12312,4.0,4,,,,,,,,
,,,,,12317,5.0,5,,,,,,,,
,,,,,12320,3.0,3,,,,,,,,
,,,,,12328,8.0,8,,,,,,,,
,,,,,12331,3.0,3,,,,,,,,
,,,,,12334,3.0,3,,,,,,,,
,,,,,12337,3.0,3,,,,,,,,
,,,,,12340,3.0,3,,,,,,,,
,,,,,12343,3.0,3,,,,,,,,
,,,,,12346,3.0,3,,,,,,,,
,,,,,12349,3.0,3,,,,,,,,
,,,,,12352,3.0,3,,,,,,,,
,,,,,12356,4.0,4,,,,,,,,
,,,,,12359,3.0,3,,,,,,,,
,,,,,12362,3.0,3,,,,,,,,
,,,,,12365,3.0,3,,,,,,,,
,,,,,12368,3.0,3,,,,,,,,
,,,,,12371,3.0,3,,,,,,,,
,,,,,12374,3.0,3,,,,,,,,
,,,,,12377,3.0,3,,,,,,,,
,,,,,12380,3.0,3,,,,,,,,
,,,,,12384,4.0,4,,,,,,,,
,,,,,12388,4.0,4,,,,,,,,
,,,,,12392,4.0,4,,,,,,,,
,,,,,12395,3.0,3,,,,,,,,
,,,,,12398,3.0,3,,,,,,,,
,,,,,12402,4.0,4,,,,,,,,
,,,,,12405,3.0,3,,,,,,,,
,,,,,12408,3.0,3,,,,,,,,
,,,,,12411,3.0,3,,,,,,,,
,,,,,12415,4.0,4,,,,,,,,
,,,,,12419,4.0,4,,,,,,,,
,,,,,12422,3.0,3,,,,,,,,
,,,,,12426,4.0,4,,,,,,,,
,,,,,12429,3.0,3,,,,,,,,
,,,,,12435,6.0,6,,,,,,,,
,,,,,12438,3.0,3,,,,,,,,
,,,,,12441,3.0,3,,,,,,,,
,,,,,12445,4.0,4,,,,,,,,
,,,,,12448,3.0,3,,,,,,,,
,,,,,12451,3.0,3,,,,,,,,
,,,,,12454,3.0,3,,,,,,,,
,,,,,12457,3.0,3,,,,,,,,
,,,,,12460,3.0,3,,,,,,,,
,,,,,12463,3.0,3,,,,,,,,
,,,,,12466,3.0,3,,,,,,,,
,,,,,12469,3.0,3,,,,,,,,
,,,,,12472,3.0,3,,,,,,,,
,,,,,12475,3.0,3,,,,,,,,
,,,,,12478,3.0,3,,,,,,,,
,,,,,12481,3.0,3,,,,,,,,
,,,,,12484,3.0,3,,,,,,,,
,,,,,12490,6.0,6,,,,,,,,
,,,,,12493,3.0,3,,,,,,,,
,,,,,12496,3.0,3,,,,,,,,
,,,,,12501,5.0,5,,,,,,,,
,,,,,12504,3.0,3,,,,,,,,
,,,,,12507,3.0,3,,,,,,,,
,,,,,12510,3.0,3,,,,,,,,
,,,,,12513,3.0,3,,,,,,,,
,,,,,12516,3.0,3,,,,,,,,
,,,,,12520,4.0,4,,,,,,,,
,,,,,12523,3.0,3,,,,,,,,
,,,,,12527,4.0,4,,,,,,,,
,,,,,12531,4.0,4,,,,,,,,
,,,,,12534,3.0,3,,,,,,,,
,,,,,12537,3.0,3,,,,,,,,
,,,,,12542,5.0,5,,,,,,,,
,,,,,12545,3.0,3,,,,,,,,
,,,,,12548,3.0,3,,,,,,,,
,,,,,12551,3.0,3,,,,,,,,
,,,,,12554,3.0,3,,,,,,,,
,,,,,12557,3.0,3,,,,,,,,
,,,,,12560,3.0,3,,,,,,,,
,,,,,12563,3.0,3,,,,,,,,
,,,,,12566,3.0,3,,,,,,,,
,,,,,12569,3.0,3,,,,,,,,
,,,,,12572,3.0,3,,,,,,,,
,,,,,12575,3.0,3,,,,,,,,
,,,,,12578,3.0,3,,,,,,,,
,,,,,12581,3.0,3,,,,,,,,
,,,,,12584,3.0,3,,,,,,,,
,,,,,12587,3.0,3,,,,,,,,
,,,,,12591,4.0,4,,,,,,,,
,,,,,12594,3.0,3,,,,,,,,
,,,,,12597,3.0,3,,,,,,,,
,,,,,12601,4.0,4,,,,,,,,
,,,,,12604,3.0,3,,,,,,,,
,,,,,12607,3.0,3,,,,,,,,
,,,,,12610,3.0,3,,,,,,,,
,,,,,12613,3.0,3,,,,,,,,
,,,,,12616,3.0,3,,,,,,,,
,,,,,12619,3.0,3,,,,,,,,
,,,,,12622,3.0,3,,,,,,,,
,,,,,12625,3.0,3,,,,,,,,
,,,,,12629,4.0,4,,,,,,,,
,,,,,12632,3.0,3,,,,,,,,
,,,,,12635,3.0,3,,,,,,,,
,,,,,12638,3.0,3,,,,,,,,
,,,,,12641,3.0,3,,,,,,,,
,,,,,12644,3.0,3,,,,,,,,
,,,,,12649,5.0,5,,,,,,,,
,,,,,12654,5.0,5,,,,,,,,
,,,,,12657,3.0,3,,,,,,,,
,,,,,12660,3.0,3,,,,,,,,
,,,,,12663,3.0,3,,,,,,,,
,,,,,12667,4.0,4,,,,,,,,
,,,,,12671,4.0,4,,,,,,,,
,,,,,12674,3.0,3,,,,,,,,
,,,,,12677,3.0,3,,,,,,,,
,,,,,12680,3.0,3,,,,,,,,
,,,,,12683,3.0,3,,,,,,,,
,,,,,12686,3.0,3,,,,,,,,
,,,,,12689,3.0,3,,,,,,,,
,,,,,12692,3.0,3,,,,,,,,
,,,,,12696,4.0,4,,,,,,,,
,,,,,12699,3.0,3,,,,,,,,
,,,,,12702,3.0,3,,,,,,,,
,,,,,12705,3.0,3,,,,,,,,
,,,,,12708,3.0,3,,,,,,,,
,,,,,12711,3.0,3,,,,,,,,
,,,,,12715,4.0,4,,,,,,,,
,,,,,12718,3.0,3,,,,,,,,
,,,,,12721,3.0,3,,,,,,,,
,,,,,12724,3.0,3,,,,,,,,
,,,,,12727,3.0,3,,,,,,,,
,,,,,12732,5.0,5,,,,,,,,
,,,,,12735,3.0,3,,,,,,,,
,,,,,12739,4.0,4,,,,,,,,
,,,,,12742,3.0,3,,,,,,,,
,,,,,12745,3.0,3,,,,,,,,
,,,,,12748,3.0,3,,,,,,,,
,,,,,12752,4.0,4,,,,,,,,
,,,,,12755,3.0,3,,,,,,,,
,,,,,12758,3.0,3,,,,,,,,
,,,,,12761,3.0,3,,,,,,,,
,,,,,12764,3.0,3,,,,,,,,
,,,,,12767,3.0,3,,,,,,,,
,,,,,12770,3.0,3,,,,,,,,
,,,,,12773,3.0,3,,,,,,,,
,,,,,12776,3.0,3,,,,,,,,
,,,,,12779,3.0,3,,,,,,,,
,,,,,12783,4.0,4,,,,,,,,
,,,,,12786,3.0,3,,,,,,,,
,,,,,12789,3.0,3,,,,,,,,
,,,,,12792,3.0,3,,,,,,,,
,,,,,12795,3.0,3,,,,,,,,
,,,,,12798,3.0,3,,,,,,,,
,,,,,12801,3.0,3,,,,,,,,
,,,,,12804,3.0,3,,,,,,,,
,,,,,12808,4.0,4,,,,,,,,
,,,,,12811,3.0,3,,,,,,,,
,,,,,12815,4.0,4,,,,,,,,
,,,,,12818,3.0,3,,,,,,,,
,,,,,12821,3.0,3,,,,,,,,
,,,,,12824,3.0,3,,,,,,,,
,,,,,12827,3.0,3,,,,,,,,
,,,,,12831,4.0,4,,,,,,,,
,,,,,12834,3.0,3,,,,,,,,
,,,,,12837,3.0,3,,,,,,,,
,,,,,12840,3.0,3,,,,,,,,
,,,,,12843,3.0,3,,,,,,,,
,,,,,12846,3.0,3,,,,,,,,
,,,,,12849,3.0,3,,,,,,,,
,,,,,12852,3.0,3,,,,,,,,
,,,,,12855,3.0,3,,,,,,,,
,,,,,12858,3.0,3,,,,,,,,
,,,,,12861,3.0,3,,,,,,,,
,,,,,12864,3.0,3,,,,,,,,
,,,,,12867,3.0,3,,,,,,,,
,,,,,12870,3.0,3,,,,,,,,
,,,,,12873,3.0,3,,,,,,,,
,,,,,12876,3.0,3,,,,,,,,
,,,,,12880,4.0,4,,,,,,,,
,,,,,12883,3.0,3,,,,,,,,
,,,,,12886,3.0,3,,,,,,,,
,,,,,12889,3.0,3,,,,,,,,
,,,,,12892,3.0,3,,,,,,,,
,,,,,12895,3.0,3,,,,,,,,
,,,,,12899,4.0,4,,,,,,,,
,,,,,12902,3.0,3,,,,,,,,
,,,,,12905,3.0,3,,,,,,,,
,,,,,12908,3.0,3,,,,,,,,
,,,,,12911,3.0,3,,,,,,,,
,,,,,12914,3.0,3,,,,,,,,
,,,,,12917,3.0,3,,,,,,,,
,,,,,12921,4.0,4,,,,,,,,
,,,,,12924,3.0,3,,,,,,,,
,,,,,12927,3.0,3,,,,,,,,
,,,,,12931,4.0,4,,,,,,,,
,,,,,12934,3.0,3,,,,,,,,
,,,,,12937,3.0,3,,,,,,,,
,,,,,12940,3.0,3,,,,,,,,
,,,,,12943,3.0,3,,,,,,,,
,,,,,12946,3.0,3,,,,,,,,
,,,,,12949,3.0,3,,,,,,,,
,,,,,12952,3.0,3,,,,,,,,
,,,,,12955,3.0,3,,,,,,,,
,,,,,12958,3.0,3,,,,,,,,
,,,,,12961,3.0,3,,,,,,,,
,,,,,12964,3.0,3,,,,,,,,
,,,,,12967,3.0,3,,,,,,,,
,,,,,12970,3.0,3,,,,,,,,
,,,,,12974,4.0,4,,,,,,,,
,,,,,12977,3.0,3,,,,,,,,
,,,,,12980,3.0,3,,,,,,,,
,,,,,12983,3.0,3,,,,,,,,
,,,,,12986,3.0,3,,,,,,,,
,,,,,12989,3.0,3,,,,,,,,
,,,,,12992,3.0,3,,,,,,,,
,,,,,12995,3.0,3,,,,,,,,
,,,,,12998,3.0,3,,,,,,,,
,,,,,13000,,,0.07857580482959747,-0.7857580184936523,0.13106656074523926,2.315419912338257,2.352766752243042,0.0003,0.0003,0.1
,,,,,13001,3.0,3,,,,,,,,
,,,,,13004,3.0,3,,,,,,,,
,,,,,13007,3.0,3,,,,,,,,
,,,,,13010,3.0,3,,,,,,,,
,,,,,13015,5.0,5,,,,,,,,
,,,,,13018,3.0,3,,,,,,,,
,,,,,13021,3.0,3,,,,,,,,
,,,,,13024,3.0,3,,,,,,,,
,,,,,13027,3.0,3,,,,,,,,
,,,,,13030,3.0,3,,,,,,,,
,,,,,13033,3.0,3,,,,,,,,
,,,,,13036,3.0,3,,,,,,,,
,,,,,13039,3.0,3,,,,,,,,
,,,,,13042,3.0,3,,,,,,,,
,,,,,13045,3.0,3,,,,,,,,
,,,,,13048,3.0,3,,,,,,,,
,,,,,13051,3.0,3,,,,,,,,
,,,,,13054,3.0,3,,,,,,,,
,,,,,13057,3.0,3,,,,,,,,
,,,,,13060,3.0,3,,,,,,,,
,,,,,13063,3.0,3,,,,,,,,
,,,,,13066,3.0,3,,,,,,,,
,,,,,13069,3.0,3,,,,,,,,
,,,,,13072,3.0,3,,,,,,,,
,,,,,13075,3.0,3,,,,,,,,
,,,,,13078,3.0,3,,,,,,,,
,,,,,13081,3.0,3,,,,,,,,
,,,,,13084,3.0,3,,,,,,,,
,,,,,13087,3.0,3,,,,,,,,
,,,,,13090,3.0,3,,,,,,,,
,,,,,13093,3.0,3,,,,,,,,
,,,,,13096,3.0,3,,,,,,,,
,,,,,13099,3.0,3,,,,,,,,
,,,,,13104,5.0,5,,,,,,,,
,,,,,13107,3.0,3,,,,,,,,
,,,,,13110,3.0,3,,,,,,,,
,,,,,13114,4.0,4,,,,,,,,
,,,,,13117,3.0,3,,,,,,,,
,,,,,13120,3.0,3,,,,,,,,
,,,,,13123,3.0,3,,,,,,,,
,,,,,13128,5.0,5,,,,,,,,
,,,,,13131,3.0,3,,,,,,,,
,,,,,13134,3.0,3,,,,,,,,
,,,,,13138,4.0,4,,,,,,,,
,,,,,13141,3.0,3,,,,,,,,
,,,,,13144,3.0,3,,,,,,,,
,,,,,13147,3.0,3,,,,,,,,
,,,,,13150,3.0,3,,,,,,,,
,,,,,13153,3.0,3,,,,,,,,
,,,,,13156,3.0,3,,,,,,,,
,,,,,13159,3.0,3,,,,,,,,
,,,,,13162,3.0,3,,,,,,,,
,,,,,13165,3.0,3,,,,,,,,
,,,,,13168,3.0,3,,,,,,,,
,,,,,13171,3.0,3,,,,,,,,
,,,,,13178,7.0,7,,,,,,,,
,,,,,13181,3.0,3,,,,,,,,
,,,,,13184,3.0,3,,,,,,,,
,,,,,13187,3.0,3,,,,,,,,
,,,,,13190,3.0,3,,,,,,,,
,,,,,13193,3.0,3,,,,,,,,
,,,,,13196,3.0,3,,,,,,,,
,,,,,13200,4.0,4,,,,,,,,
,,,,,13203,3.0,3,,,,,,,,
,,,,,13206,3.0,3,,,,,,,,
,,,,,13209,3.0,3,,,,,,,,
,,,,,13213,4.0,4,,,,,,,,
,,,,,13216,3.0,3,,,,,,,,
,,,,,13219,3.0,3,,,,,,,,
,,,,,13222,3.0,3,,,,,,,,
,,,,,13225,3.0,3,,,,,,,,
,,,,,13228,3.0,3,,,,,,,,
,,,,,13235,7.0,7,,,,,,,,
,,,,,13238,3.0,3,,,,,,,,
,,,,,13242,4.0,4,,,,,,,,
,,,,,13245,3.0,3,,,,,,,,
,,,,,13248,3.0,3,,,,,,,,
,,,,,13252,4.0,4,,,,,,,,
,,,,,13255,3.0,3,,,,,,,,
,,,,,13258,3.0,3,,,,,,,,
,,,,,13261,3.0,3,,,,,,,,
,,,,,13264,3.0,3,,,,,,,,
,,,,,13267,3.0,3,,,,,,,,
,,,,,13270,3.0,3,,,,,,,,
,,,,,13273,3.0,3,,,,,,,,
,,,,,13277,4.0,4,,,,,,,,
,,,,,13280,3.0,3,,,,,,,,
,,,,,13283,3.0,3,,,,,,,,
,,,,,13286,3.0,3,,,,,,,,
,,,,,13289,3.0,3,,,,,,,,
,,,,,13292,3.0,3,,,,,,,,
,,,,,13295,3.0,3,,,,,,,,
,,,,,13298,3.0,3,,,,,,,,
,,,,,13301,3.0,3,,,,,,,,
,,,,,13304,3.0,3,,,,,,,,
,,,,,13307,3.0,3,,,,,,,,
,,,,,13310,3.0,3,,,,,,,,
,,,,,13313,3.0,3,,,,,,,,
,,,,,13316,3.0,3,,,,,,,,
,,,,,13319,3.0,3,,,,,,,,
,,,,,13323,4.0,4,,,,,,,,
,,,,,13326,3.0,3,,,,,,,,
,,,,,13329,3.0,3,,,,,,,,
,,,,,13332,3.0,3,,,,,,,,
,,,,,13335,3.0,3,,,,,,,,
,,,,,13338,3.0,3,,,,,,,,
,,,,,13342,4.0,4,,,,,,,,
,,,,,13346,4.0,4,,,,,,,,
,,,,,13350,4.0,4,,,,,,,,
,,,,,13353,3.0,3,,,,,,,,
,,,,,13356,3.0,3,,,,,,,,
,,,,,13359,3.0,3,,,,,,,,
,,,,,13362,3.0,3,,,,,,,,
,,,,,13365,3.0,3,,,,,,,,
,,,,,13368,3.0,3,,,,,,,,
,,,,,13371,3.0,3,,,,,,,,
,,,,,13374,3.0,3,,,,,,,,
,,,,,13377,3.0,3,,,,,,,,
,,,,,13382,5.0,5,,,,,,,,
,,,,,13385,3.0,3,,,,,,,,
,,,,,13388,3.0,3,,,,,,,,
,,,,,13391,3.0,3,,,,,,,,
,,,,,13395,4.0,4,,,,,,,,
,,,,,13398,3.0,3,,,,,,,,
,,,,,13401,3.0,3,,,,,,,,
,,,,,13404,3.0,3,,,,,,,,
,,,,,13407,3.0,3,,,,,,,,
,,,,,13410,3.0,3,,,,,,,,
,,,,,13413,3.0,3,,,,,,,,
,,,,,13416,3.0,3,,,,,,,,
,,,,,13419,3.0,3,,,,,,,,
,,,,,13423,4.0,4,,,,,,,,
,,,,,13426,3.0,3,,,,,,,,
,,,,,13429,3.0,3,,,,,,,,
,,,,,13433,4.0,4,,,,,,,,
,,,,,13436,3.0,3,,,,,,,,
,,,,,13439,3.0,3,,,,,,,,
,,,,,13442,3.0,3,,,,,,,,
,,,,,13446,4.0,4,,,,,,,,
,,,,,13449,3.0,3,,,,,,,,
,,,,,13452,3.0,3,,,,,,,,
,,,,,13455,3.0,3,,,,,,,,
,,,,,13458,3.0,3,,,,,,,,
,,,,,13461,3.0,3,,,,,,,,
,,,,,13464,3.0,3,,,,,,,,
,,,,,13467,3.0,3,,,,,,,,
,,,,,13470,3.0,3,,,,,,,,
,,,,,13473,3.0,3,,,,,,,,
,,,,,13476,3.0,3,,,,,,,,
,,,,,13479,3.0,3,,,,,,,,
,,,,,13483,4.0,4,,,,,,,,
,,,,,13486,3.0,3,,,,,,,,
,,,,,13489,3.0,3,,,,,,,,
,,,,,13492,3.0,3,,,,,,,,
,,,,,13496,4.0,4,,,,,,,,
,,,,,13500,4.0,4,,,,,,,,
,,,,,13503,3.0,3,,,,,,,,
,,,,,13506,3.0,3,,,,,,,,
,,,,,13510,4.0,4,,,,,,,,
,,,,,13513,3.0,3,,,,,,,,
,,,,,13516,3.0,3,,,,,,,,
,,,,,13522,6.0,6,,,,,,,,
,,,,,13525,3.0,3,,,,,,,,
,,,,,13528,3.0,3,,,,,,,,
,,,,,13531,3.0,3,,,,,,,,
,,,,,13535,4.0,4,,,,,,,,
,,,,,13538,3.0,3,,,,,,,,
,,,,,13541,3.0,3,,,,,,,,
,,,,,13544,3.0,3,,,,,,,,
,,,,,13547,3.0,3,,,,,,,,
,,,,,13550,3.0,3,,,,,,,,
,,,,,13553,3.0,3,,,,,,,,
,,,,,13556,3.0,3,,,,,,,,
,,,,,13559,3.0,3,,,,,,,,
,,,,,13562,3.0,3,,,,,,,,
,,,,,13565,3.0,3,,,,,,,,
,,,,,13568,3.0,3,,,,,,,,
,,,,,13571,3.0,3,,,,,,,,
,,,,,13574,3.0,3,,,,,,,,
,,,,,13577,3.0,3,,,,,,,,
,,,,,13580,3.0,3,,,,,,,,
,,,,,13585,5.0,5,,,,,,,,
,,,,,13588,3.0,3,,,,,,,,
,,,,,13591,3.0,3,,,,,,,,
,,,,,13594,3.0,3,,,,,,,,
,,,,,13597,3.0,3,,,,,,,,
,,,,,13601,4.0,4,,,,,,,,
,,,,,13604,3.0,3,,,,,,,,
,,,,,13607,3.0,3,,,,,,,,
,,,,,13610,3.0,3,,,,,,,,
,,,,,13613,3.0,3,,,,,,,,
,,,,,13616,3.0,3,,,,,,,,
,,,,,13619,3.0,3,,,,,,,,
,,,,,13622,3.0,3,,,,,,,,
,,,,,13625,3.0,3,,,,,,,,
,,,,,13632,7.0,7,,,,,,,,
,,,,,13635,3.0,3,,,,,,,,
,,,,,13638,3.0,3,,,,,,,,
,,,,,13641,3.0,3,,,,,,,,
,,,,,13644,3.0,3,,,,,,,,
,,,,,13651,7.0,7,,,,,,,,
,,,,,13656,5.0,5,,,,,,,,
,,,,,13659,3.0,3,,,,,,,,
,,,,,13664,5.0,5,,,,,,,,
,,,,,13667,3.0,3,,,,,,,,
,,,,,13670,3.0,3,,,,,,,,
,,,,,13673,3.0,3,,,,,,,,
,,,,,13678,5.0,5,,,,,,,,
,,,,,13681,3.0,3,,,,,,,,
,,,,,13684,3.0,3,,,,,,,,
,,,,,13687,3.0,3,,,,,,,,
,,,,,13691,4.0,4,,,,,,,,
,,,,,13694,3.0,3,,,,,,,,
,,,,,13697,3.0,3,,,,,,,,
,,,,,13704,7.0,7,,,,,,,,
,,,,,13707,3.0,3,,,,,,,,
,,,,,13710,3.0,3,,,,,,,,
,,,,,13713,3.0,3,,,,,,,,
,,,,,13716,3.0,3,,,,,,,,
,,,,,13719,3.0,3,,,,,,,,
,,,,,13722,3.0,3,,,,,,,,
,,,,,13725,3.0,3,,,,,,,,
,,,,,13728,3.0,3,,,,,,,,
,,,,,13731,3.0,3,,,,,,,,
,,,,,13734,3.0,3,,,,,,,,
,,,,,13737,3.0,3,,,,,,,,
,,,,,13741,4.0,4,,,,,,,,
,,,,,13744,3.0,3,,,,,,,,
,,,,,13747,3.0,3,,,,,,,,
,,,,,13750,3.0,3,,,,,,,,
,,,,,13754,4.0,4,,,,,,,,
,,,,,13757,3.0,3,,,,,,,,
,,,,,13760,3.0,3,,,,,,,,
,,,,,13763,3.0,3,,,,,,,,
,,,,,13766,3.0,3,,,,,,,,
,,,,,13769,3.0,3,,,,,,,,
,,,,,13772,3.0,3,,,,,,,,
,,,,,13775,3.0,3,,,,,,,,
,,,,,13778,3.0,3,,,,,,,,
,,,,,13781,3.0,3,,,,,,,,
,,,,,13784,3.0,3,,,,,,,,
,,,,,13787,3.0,3,,,,,,,,
,,,,,13790,3.0,3,,,,,,,,
,,,,,13793,3.0,3,,,,,,,,
,,,,,13796,3.0,3,,,,,,,,
,,,,,13800,4.0,4,,,,,,,,
,,,,,13804,4.0,4,,,,,,,,
,,,,,13807,3.0,3,,,,,,,,
,,,,,13810,3.0,3,,,,,,,,
,,,,,13813,3.0,3,,,,,,,,
,,,,,13816,3.0,3,,,,,,,,
,,,,,13819,3.0,3,,,,,,,,
,,,,,13825,6.0,6,,,,,,,,
,,,,,13829,4.0,4,,,,,,,,
,,,,,13832,3.0,3,,,,,,,,
,,,,,13835,3.0,3,,,,,,,,
,,,,,13838,3.0,3,,,,,,,,
,,,,,13841,3.0,3,,,,,,,,
,,,,,13844,3.0,3,,,,,,,,
,,,,,13849,5.0,5,,,,,,,,
,,,,,13852,3.0,3,,,,,,,,
,,,,,13855,3.0,3,,,,,,,,
,,,,,13858,3.0,3,,,,,,,,
,,,,,13861,3.0,3,,,,,,,,
,,,,,13864,3.0,3,,,,,,,,
,,,,,13870,6.0,6,,,,,,,,
,,,,,13873,3.0,3,,,,,,,,
,,,,,13876,3.0,3,,,,,,,,
,,,,,13879,3.0,3,,,,,,,,
,,,,,13882,3.0,3,,,,,,,,
,,,,,13885,3.0,3,,,,,,,,
,,,,,13888,3.0,3,,,,,,,,
,,,,,13891,3.0,3,,,,,,,,
,,,,,13895,4.0,4,,,,,,,,
,,,,,13898,3.0,3,,,,,,,,
,,,,,13901,3.0,3,,,,,,,,
,,,,,13904,3.0,3,,,,,,,,
,,,,,13907,3.0,3,,,,,,,,
,,,,,13910,3.0,3,,,,,,,,
,,,,,13918,8.0,8,,,,,,,,
,,,,,13921,3.0,3,,,,,,,,
,,,,,13924,3.0,3,,,,,,,,
,,,,,13927,3.0,3,,,,,,,,
,,,,,13930,3.0,3,,,,,,,,
,,,,,13933,3.0,3,,,,,,,,
,,,,,13940,7.0,7,,,,,,,,
,,,,,13943,3.0,3,,,,,,,,
,,,,,13946,3.0,3,,,,,,,,
,,,,,13949,3.0,3,,,,,,,,
,,,,,13952,3.0,3,,,,,,,,
,,,,,13955,3.0,3,,,,,,,,
,,,,,13958,3.0,3,,,,,,,,
,,,,,13961,3.0,3,,,,,,,,
,,,,,13964,3.0,3,,,,,,,,
,,,,,13967,3.0,3,,,,,,,,
,,,,,13970,3.0,3,,,,,,,,
,,,,,13974,4.0,4,,,,,,,,
,,,,,13977,3.0,3,,,,,,,,
,,,,,13981,4.0,4,,,,,,,,
,,,,,13984,3.0,3,,,,,,,,
,,,,,13988,4.0,4,,,,,,,,
,,,,,13991,3.0,3,,,,,,,,
,,,,,13994,3.0,3,,,,,,,,
,,,,,13997,3.0,3,,,,,,,,
,,,,,14000,3.0,3,,,,,,,,
,,,,,14000,,,0.04643407091498375,-0.4643407166004181,0.2183893769979477,2.6045901775360107,2.6127092838287354,0.0003,0.0003,0.1
,,,,,14003,3.0,3,,,,,,,,
,,,,,14006,3.0,3,,,,,,,,
,,,,,14009,3.0,3,,,,,,,,
,,,,,14012,3.0,3,,,,,,,,
,,,,,14017,5.0,5,,,,,,,,
,,,,,14020,3.0,3,,,,,,,,
,,,,,14023,3.0,3,,,,,,,,
,,,,,14027,4.0,4,,,,,,,,
,,,,,14030,3.0,3,,,,,,,,
,,,,,14033,3.0,3,,,,,,,,
,,,,,14036,3.0,3,,,,,,,,
,,,,,14041,5.0,5,,,,,,,,
,,,,,14045,4.0,4,,,,,,,,
,,,,,14050,5.0,5,,,,,,,,
,,,,,14053,3.0,3,,,,,,,,
,,,,,14056,3.0,3,,,,,,,,
,,,,,14059,3.0,3,,,,,,,,
,,,,,14062,3.0,3,,,,,,,,
,,,,,14065,3.0,3,,,,,,,,
,,,,,14068,3.0,3,,,,,,,,
,,,,,14072,4.0,4,,,,,,,,
,,,,,14075,3.0,3,,,,,,,,
,,,,,14078,3.0,3,,,,,,,,
,,,,,14081,3.0,3,,,,,,,,
,,,,,14085,4.0,4,,,,,,,,
,,,,,14088,3.0,3,,,,,,,,
,,,,,14091,3.0,3,,,,,,,,
,,,,,14094,3.0,3,,,,,,,,
,,,,,14097,3.0,3,,,,,,,,
,,,,,14100,3.0,3,,,,,,,,
,,,,,14103,3.0,3,,,,,,,,
,,,,,14106,3.0,3,,,,,,,,
,,,,,14109,3.0,3,,,,,,,,
,,,,,14112,3.0,3,,,,,,,,
,,,,,14115,3.0,3,,,,,,,,
,,,,,14119,4.0,4,,,,,,,,
,,,,,14122,3.0,3,,,,,,,,
,,,,,14125,3.0,3,,,,,,,,
,,,,,14128,3.0,3,,,,,,,,
,,,,,14131,3.0,3,,,,,,,,
,,,,,14134,3.0,3,,,,,,,,
,,,,,14137,3.0,3,,,,,,,,
,,,,,14140,3.0,3,,,,,,,,
,,,,,14143,3.0,3,,,,,,,,
,,,,,14150,7.0,7,,,,,,,,
,,,,,14153,3.0,3,,,,,,,,
,,,,,14158,5.0,5,,,,,,,,
,,,,,14161,3.0,3,,,,,,,,
,,,,,14164,3.0,3,,,,,,,,
,,,,,14167,3.0,3,,,,,,,,
,,,,,14171,4.0,4,,,,,,,,
,,,,,14174,3.0,3,,,,,,,,
,,,,,14177,3.0,3,,,,,,,,
,,,,,14180,3.0,3,,,,,,,,
,,,,,14187,7.0,7,,,,,,,,
,,,,,14192,5.0,5,,,,,,,,
,,,,,14195,3.0,3,,,,,,,,
,,,,,14199,4.0,4,,,,,,,,
,,,,,14202,3.0,3,,,,,,,,
,,,,,14205,3.0,3,,,,,,,,
,,,,,14209,4.0,4,,,,,,,,
,,,,,14212,3.0,3,,,,,,,,
,,,,,14215,3.0,3,,,,,,,,
,,,,,14219,4.0,4,,,,,,,,
,,,,,14222,3.0,3,,,,,,,,
,,,,,14226,4.0,4,,,,,,,,
,,,,,14232,6.0,6,,,,,,,,
,,,,,14235,3.0,3,,,,,,,,
,,,,,14238,3.0,3,,,,,,,,
,,,,,14241,3.0,3,,,,,,,,
,,,,,14244,3.0,3,,,,,,,,
,,,,,14247,3.0,3,,,,,,,,
,,,,,14250,3.0,3,,,,,,,,
,,,,,14255,5.0,5,,,,,,,,
,,,,,14258,3.0,3,,,,,,,,
,,,,,14261,3.0,3,,,,,,,,
,,,,,14264,3.0,3,,,,,,,,
,,,,,14267,3.0,3,,,,,,,,
,,,,,14270,3.0,3,,,,,,,,
,,,,,14273,3.0,3,,,,,,,,
,,,,,14276,3.0,3,,,,,,,,
,,,,,14281,5.0,5,,,,,,,,
,,,,,14286,5.0,5,,,,,,,,
,,,,,14289,3.0,3,,,,,,,,
,,,,,14293,4.0,4,,,,,,,,
,,,,,14297,4.0,4,,,,,,,,
,,,,,14300,3.0,3,,,,,,,,
,,,,,14304,4.0,4,,,,,,,,
,,,,,14308,4.0,4,,,,,,,,
,,,,,14311,3.0,3,,,,,,,,
,,,,,14314,3.0,3,,,,,,,,
,,,,,14317,3.0,3,,,,,,,,
,,,,,14320,3.0,3,,,,,,,,
,,,,,14323,3.0,3,,,,,,,,
,,,,,14326,3.0,3,,,,,,,,
,,,,,14333,7.0,7,,,,,,,,
,,,,,14336,3.0,3,,,,,,,,
,,,,,14339,3.0,3,,,,,,,,
,,,,,14343,4.0,4,,,,,,,,
,,,,,14347,4.0,4,,,,,,,,
,,,,,14350,3.0,3,,,,,,,,
,,,,,14356,6.0,6,,,,,,,,
,,,,,14359,3.0,3,,,,,,,,
,,,,,14362,3.0,3,,,,,,,,
,,,,,14365,3.0,3,,,,,,,,
,,,,,14369,4.0,4,,,,,,,,
,,,,,14372,3.0,3,,,,,,,,
,,,,,14376,4.0,4,,,,,,,,
,,,,,14381,5.0,5,,,,,,,,
,,,,,14384,3.0,3,,,,,,,,
,,,,,14387,3.0,3,,,,,,,,
,,,,,14391,4.0,4,,,,,,,,
,,,,,14394,3.0,3,,,,,,,,
,,,,,14397,3.0,3,,,,,,,,
,,,,,14400,3.0,3,,,,,,,,
,,,,,14403,3.0,3,,,,,,,,
,,,,,14406,3.0,3,,,,,,,,
,,,,,14409,3.0,3,,,,,,,,
,,,,,14412,3.0,3,,,,,,,,
,,,,,14415,3.0,3,,,,,,,,
,,,,,14418,3.0,3,,,,,,,,
,,,,,14421,3.0,3,,,,,,,,
,,,,,14424,3.0,3,,,,,,,,
,,,,,14427,3.0,3,,,,,,,,
,,,,,14430,3.0,3,,,,,,,,
,,,,,14433,3.0,3,,,,,,,,
,,,,,14436,3.0,3,,,,,,,,
,,,,,14439,3.0,3,,,,,,,,
,,,,,14442,3.0,3,,,,,,,,
,,,,,14445,3.0,3,,,,,,,,
,,,,,14448,3.0,3,,,,,,,,
,,,,,14451,3.0,3,,,,,,,,
,,,,,14457,6.0,6,,,,,,,,
,,,,,14460,3.0,3,,,,,,,,
,,,,,14464,4.0,4,,,,,,,,
,,,,,14467,3.0,3,,,,,,,,
,,,,,14470,3.0,3,,,,,,,,
,,,,,14473,3.0,3,,,,,,,,
,,,,,14476,3.0,3,,,,,,,,
,,,,,14479,3.0,3,,,,,,,,
,,,,,14482,3.0,3,,,,,,,,
,,,,,14485,3.0,3,,,,,,,,
,,,,,14488,3.0,3,,,,,,,,
,,,,,14491,3.0,3,,,,,,,,
,,,,,14494,3.0,3,,,,,,,,
,,,,,14497,3.0,3,,,,,,,,
,,,,,14500,3.0,3,,,,,,,,
,,,,,14503,3.0,3,,,,,,,,
,,,,,14506,3.0,3,,,,,,,,
,,,,,14509,3.0,3,,,,,,,,
,,,,,14512,3.0,3,,,,,,,,
,,,,,14515,3.0,3,,,,,,,,
,,,,,14518,3.0,3,,,,,,,,
,,,,,14521,3.0,3,,,,,,,,
,,,,,14524,3.0,3,,,,,,,,
,,,,,14527,3.0,3,,,,,,,,
,,,,,14530,3.0,3,,,,,,,,
,,,,,14533,3.0,3,,,,,,,,
,,,,,14536,3.0,3,,,,,,,,
,,,,,14539,3.0,3,,,,,,,,
,,,,,14542,3.0,3,,,,,,,,
,,,,,14545,3.0,3,,,,,,,,
,,,,,14548,3.0,3,,,,,,,,
,,,,,14551,3.0,3,,,,,,,,
,,,,,14554,3.0,3,,,,,,,,
,,,,,14557,3.0,3,,,,,,,,
,,,,,14560,3.0,3,,,,,,,,
,,,,,14565,5.0,5,,,,,,,,
,,,,,14568,3.0,3,,,,,,,,
,,,,,14571,3.0,3,,,,,,,,
,,,,,14574,3.0,3,,,,,,,,
,,,,,14577,3.0,3,,,,,,,,
,,,,,14581,4.0,4,,,,,,,,
,,,,,14584,3.0,3,,,,,,,,
,,,,,14587,3.0,3,,,,,,,,
,,,,,14590,3.0,3,,,,,,,,
,,,,,14593,3.0,3,,,,,,,,
,,,,,14597,4.0,4,,,,,,,,
,,,,,14600,3.0,3,,,,,,,,
,,,,,14603,3.0,3,,,,,,,,
,,,,,14606,3.0,3,,,,,,,,
,,,,,14609,3.0,3,,,,,,,,
,,,,,14612,3.0,3,,,,,,,,
,,,,,14615,3.0,3,,,,,,,,
,,,,,14618,3.0,3,,,,,,,,
,,,,,14622,4.0,4,,,,,,,,
,,,,,14625,3.0,3,,,,,,,,
,,,,,14628,3.0,3,,,,,,,,
,,,,,14633,5.0,5,,,,,,,,
,,,,,14638,5.0,5,,,,,,,,
,,,,,14641,3.0,3,,,,,,,,
,,,,,14644,3.0,3,,,,,,,,
,,,,,14647,3.0,3,,,,,,,,
,,,,,14650,3.0,3,,,,,,,,
,,,,,14653,3.0,3,,,,,,,,
,,,,,14656,3.0,3,,,,,,,,
,,,,,14659,3.0,3,,,,,,,,
,,,,,14662,3.0,3,,,,,,,,
,,,,,14665,3.0,3,,,,,,,,
,,,,,14668,3.0,3,,,,,,,,
,,,,,14671,3.0,3,,,,,,,,
,,,,,14675,4.0,4,,,,,,,,
,,,,,14678,3.0,3,,,,,,,,
,,,,,14681,3.0,3,,,,,,,,
,,,,,14684,3.0,3,,,,,,,,
,,,,,14687,3.0,3,,,,,,,,
,,,,,14690,3.0,3,,,,,,,,
,,,,,14694,4.0,4,,,,,,,,
,,,,,14697,3.0,3,,,,,,,,
,,,,,14700,3.0,3,,,,,,,,
,,,,,14703,3.0,3,,,,,,,,
,,,,,14706,3.0,3,,,,,,,,
,,,,,14709,3.0,3,,,,,,,,
,,,,,14712,3.0,3,,,,,,,,
,,,,,14715,3.0,3,,,,,,,,
,,,,,14718,3.0,3,,,,,,,,
,,,,,14721,3.0,3,,,,,,,,
,,,,,14725,4.0,4,,,,,,,,
,,,,,14728,3.0,3,,,,,,,,
,,,,,14731,3.0,3,,,,,,,,
,,,,,14734,3.0,3,,,,,,,,
,,,,,14737,3.0,3,,,,,,,,
,,,,,14740,3.0,3,,,,,,,,
,,,,,14743,3.0,3,,,,,,,,
,,,,,14746,3.0,3,,,,,,,,
,,,,,14749,3.0,3,,,,,,,,
,,,,,14752,3.0,3,,,,,,,,
,,,,,14755,3.0,3,,,,,,,,
,,,,,14758,3.0,3,,,,,,,,
,,,,,14761,3.0,3,,,,,,,,
,,,,,14764,3.0,3,,,,,,,,
,,,,,14767,3.0,3,,,,,,,,
,,,,,14773,6.0,6,,,,,,,,
,,,,,14776,3.0,3,,,,,,,,
,,,,,14779,3.0,3,,,,,,,,
,,,,,14783,4.0,4,,,,,,,,
,,,,,14786,3.0,3,,,,,,,,
,,,,,14789,3.0,3,,,,,,,,
,,,,,14792,3.0,3,,,,,,,,
,,,,,14796,4.0,4,,,,,,,,
,,,,,14799,3.0,3,,,,,,,,
,,,,,14802,3.0,3,,,,,,,,
,,,,,14805,3.0,3,,,,,,,,
,,,,,14808,3.0,3,,,,,,,,
,,,,,14811,3.0,3,,,,,,,,
,,,,,14815,4.0,4,,,,,,,,
,,,,,14818,3.0,3,,,,,,,,
,,,,,14821,3.0,3,,,,,,,,
,,,,,14824,3.0,3,,,,,,,,
,,,,,14827,3.0,3,,,,,,,,
,,,,,14830,3.0,3,,,,,,,,
,,,,,14833,3.0,3,,,,,,,,
,,,,,14836,3.0,3,,,,,,,,
,,,,,14839,3.0,3,,,,,,,,
,,,,,14842,3.0,3,,,,,,,,
,,,,,14845,3.0,3,,,,,,,,
,,,,,14848,3.0,3,,,,,,,,
,,,,,14851,3.0,3,,,,,,,,
,,,,,14854,3.0,3,,,,,,,,
,,,,,14857,3.0,3,,,,,,,,
,,,,,14860,3.0,3,,,,,,,,
,,,,,14863,3.0,3,,,,,,,,
,,,,,14866,3.0,3,,,,,,,,
,,,,,14869,3.0,3,,,,,,,,
,,,,,14872,3.0,3,,,,,,,,
,,,,,14876,4.0,4,,,,,,,,
,,,,,14880,4.0,4,,,,,,,,
,,,,,14883,3.0,3,,,,,,,,
,,,,,14886,3.0,3,,,,,,,,
,,,,,14889,3.0,3,,,,,,,,
,,,,,14892,3.0,3,,,,,,,,
,,,,,14895,3.0,3,,,,,,,,
,,,,,14898,3.0,3,,,,,,,,
,,,,,14902,4.0,4,,,,,,,,
,,,,,14905,3.0,3,,,,,,,,
,,,,,14909,4.0,4,,,,,,,,
,,,,,14912,3.0,3,,,,,,,,
,,,,,14915,3.0,3,,,,,,,,
,,,,,14919,4.0,4,,,,,,,,
,,,,,14922,3.0,3,,,,,,,,
,,,,,14925,3.0,3,,,,,,,,
,,,,,14928,3.0,3,,,,,,,,
,,,,,14931,3.0,3,,,,,,,,
,,,,,14935,4.0,4,,,,,,,,
,,,,,14938,3.0,3,,,,,,,,
,,,,,14941,3.0,3,,,,,,,,
,,,,,14944,3.0,3,,,,,,,,
,,,,,14947,3.0,3,,,,,,,,
,,,,,14951,4.0,4,,,,,,,,
,,,,,14954,3.0,3,,,,,,,,
,,,,,14957,3.0,3,,,,,,,,
,,,,,14962,5.0,5,,,,,,,,
,,,,,14965,3.0,3,,,,,,,,
,,,,,14968,3.0,3,,,,,,,,
,,,,,14971,3.0,3,,,,,,,,
,,,,,14976,5.0,5,,,,,,,,
,,,,,14979,3.0,3,,,,,,,,
,,,,,14982,3.0,3,,,,,,,,
,,,,,14985,3.0,3,,,,,,,,
,,,,,14988,3.0,3,,,,,,,,
,,,,,14991,3.0,3,,,,,,,,
,,,,,14994,3.0,3,,,,,,,,
,,,,,14997,3.0,3,,,,,,,,
,,,,,15000,3.0,3,,,,,,,,
3.1,0.3,4.0,3.0,3.1,15000,,,0.07277663797140121,-0.7277663946151733,0.17388573288917542,2.587893009185791,2.5642316341400146,0.0003,0.0003,0.1
,,,,,15003,3.0,3,,,,,,,,
,,,,,15006,3.0,3,,,,,,,,
,,,,,15009,3.0,3,,,,,,,,
,,,,,15012,3.0,3,,,,,,,,
,,,,,15015,3.0,3,,,,,,,,
,,,,,15018,3.0,3,,,,,,,,
,,,,,15022,4.0,4,,,,,,,,
,,,,,15025,3.0,3,,,,,,,,
,,,,,15028,3.0,3,,,,,,,,
,,,,,15031,3.0,3,,,,,,,,
,,,,,15034,3.0,3,,,,,,,,
,,,,,15037,3.0,3,,,,,,,,
,,,,,15040,3.0,3,,,,,,,,
,,,,,15043,3.0,3,,,,,,,,
,,,,,15047,4.0,4,,,,,,,,
,,,,,15050,3.0,3,,,,,,,,
,,,,,15053,3.0,3,,,,,,,,
,,,,,15056,3.0,3,,,,,,,,
,,,,,15059,3.0,3,,,,,,,,
,,,,,15063,4.0,4,,,,,,,,
,,,,,15066,3.0,3,,,,,,,,
,,,,,15069,3.0,3,,,,,,,,
,,,,,15072,3.0,3,,,,,,,,
,,,,,15075,3.0,3,,,,,,,,
,,,,,15078,3.0,3,,,,,,,,
,,,,,15081,3.0,3,,,,,,,,
,,,,,15084,3.0,3,,,,,,,,
,,,,,15087,3.0,3,,,,,,,,
,,,,,15090,3.0,3,,,,,,,,
,,,,,15093,3.0,3,,,,,,,,
,,,,,15096,3.0,3,,,,,,,,
,,,,,15100,4.0,4,,,,,,,,
,,,,,15103,3.0,3,,,,,,,,
,,,,,15106,3.0,3,,,,,,,,
,,,,,15109,3.0,3,,,,,,,,
,,,,,15112,3.0,3,,,,,,,,
,,,,,15115,3.0,3,,,,,,,,
,,,,,15119,4.0,4,,,,,,,,
,,,,,15122,3.0,3,,,,,,,,
,,,,,15125,3.0,3,,,,,,,,
,,,,,15128,3.0,3,,,,,,,,
,,,,,15131,3.0,3,,,,,,,,
,,,,,15134,3.0,3,,,,,,,,
,,,,,15137,3.0,3,,,,,,,,
,,,,,15140,3.0,3,,,,,,,,
,,,,,15143,3.0,3,,,,,,,,
,,,,,15147,4.0,4,,,,,,,,
,,,,,15150,3.0,3,,,,,,,,
,,,,,15153,3.0,3,,,,,,,,
,,,,,15156,3.0,3,,,,,,,,
,,,,,15159,3.0,3,,,,,,,,
,,,,,15162,3.0,3,,,,,,,,
,,,,,15165,3.0,3,,,,,,,,
,,,,,15168,3.0,3,,,,,,,,
,,,,,15171,3.0,3,,,,,,,,
,,,,,15174,3.0,3,,,,,,,,
,,,,,15177,3.0,3,,,,,,,,
,,,,,15182,5.0,5,,,,,,,,
,,,,,15185,3.0,3,,,,,,,,
,,,,,15188,3.0,3,,,,,,,,
,,,,,15191,3.0,3,,,,,,,,
,,,,,15194,3.0,3,,,,,,,,
,,,,,15197,3.0,3,,,,,,,,
,,,,,15200,3.0,3,,,,,,,,
,,,,,15203,3.0,3,,,,,,,,
,,,,,15206,3.0,3,,,,,,,,
,,,,,15209,3.0,3,,,,,,,,
,,,,,15212,3.0,3,,,,,,,,
,,,,,15216,4.0,4,,,,,,,,
,,,,,15219,3.0,3,,,,,,,,
,,,,,15222,3.0,3,,,,,,,,
,,,,,15225,3.0,3,,,,,,,,
,,,,,15228,3.0,3,,,,,,,,
,,,,,15231,3.0,3,,,,,,,,
,,,,,15235,4.0,4,,,,,,,,
,,,,,15238,3.0,3,,,,,,,,
,,,,,15243,5.0,5,,,,,,,,
,,,,,15246,3.0,3,,,,,,,,
,,,,,15249,3.0,3,,,,,,,,
,,,,,15252,3.0,3,,,,,,,,
,,,,,15256,4.0,4,,,,,,,,
,,,,,15259,3.0,3,,,,,,,,
,,,,,15262,3.0,3,,,,,,,,
,,,,,15265,3.0,3,,,,,,,,
,,,,,15268,3.0,3,,,,,,,,
,,,,,15271,3.0,3,,,,,,,,
,,,,,15274,3.0,3,,,,,,,,
,,,,,15277,3.0,3,,,,,,,,
,,,,,15280,3.0,3,,,,,,,,
,,,,,15283,3.0,3,,,,,,,,
,,,,,15286,3.0,3,,,,,,,,
,,,,,15289,3.0,3,,,,,,,,
,,,,,15292,3.0,3,,,,,,,,
,,,,,15295,3.0,3,,,,,,,,
,,,,,15298,3.0,3,,,,,,,,
,,,,,15301,3.0,3,,,,,,,,
,,,,,15304,3.0,3,,,,,,,,
,,,,,15307,3.0,3,,,,,,,,
,,,,,15310,3.0,3,,,,,,,,
,,,,,15313,3.0,3,,,,,,,,
,,,,,15316,3.0,3,,,,,,,,
,,,,,15319,3.0,3,,,,,,,,
,,,,,15323,4.0,4,,,,,,,,
,,,,,15326,3.0,3,,,,,,,,
,,,,,15329,3.0,3,,,,,,,,
,,,,,15332,3.0,3,,,,,,,,
,,,,,15335,3.0,3,,,,,,,,
,,,,,15338,3.0,3,,,,,,,,
,,,,,15342,4.0,4,,,,,,,,
,,,,,15347,5.0,5,,,,,,,,
,,,,,15350,3.0,3,,,,,,,,
,,,,,15353,3.0,3,,,,,,,,
,,,,,15356,3.0,3,,,,,,,,
,,,,,15359,3.0,3,,,,,,,,
,,,,,15362,3.0,3,,,,,,,,
,,,,,15365,3.0,3,,,,,,,,
,,,,,15370,5.0,5,,,,,,,,
,,,,,15373,3.0,3,,,,,,,,
,,,,,15376,3.0,3,,,,,,,,
,,,,,15379,3.0,3,,,,,,,,
,,,,,15382,3.0,3,,,,,,,,
,,,,,15385,3.0,3,,,,,,,,
,,,,,15388,3.0,3,,,,,,,,
,,,,,15391,3.0,3,,,,,,,,
,,,,,15394,3.0,3,,,,,,,,
,,,,,15397,3.0,3,,,,,,,,
,,,,,15400,3.0,3,,,,,,,,
,,,,,15403,3.0,3,,,,,,,,
,,,,,15406,3.0,3,,,,,,,,
,,,,,15409,3.0,3,,,,,,,,
,,,,,15415,6.0,6,,,,,,,,
,,,,,15418,3.0,3,,,,,,,,
,,,,,15421,3.0,3,,,,,,,,
,,,,,15424,3.0,3,,,,,,,,
,,,,,15427,3.0,3,,,,,,,,
,,,,,15430,3.0,3,,,,,,,,
,,,,,15433,3.0,3,,,,,,,,
,,,,,15436,3.0,3,,,,,,,,
,,,,,15439,3.0,3,,,,,,,,
,,,,,15442,3.0,3,,,,,,,,
,,,,,15445,3.0,3,,,,,,,,
,,,,,15448,3.0,3,,,,,,,,
,,,,,15453,5.0,5,,,,,,,,
,,,,,15456,3.0,3,,,,,,,,
,,,,,15459,3.0,3,,,,,,,,
,,,,,15462,3.0,3,,,,,,,,
,,,,,15465,3.0,3,,,,,,,,
,,,,,15468,3.0,3,,,,,,,,
,,,,,15471,3.0,3,,,,,,,,
,,,,,15474,3.0,3,,,,,,,,
,,,,,15477,3.0,3,,,,,,,,
,,,,,15480,3.0,3,,,,,,,,
,,,,,15483,3.0,3,,,,,,,,
,,,,,15486,3.0,3,,,,,,,,
,,,,,15489,3.0,3,,,,,,,,
,,,,,15492,3.0,3,,,,,,,,
,,,,,15495,3.0,3,,,,,,,,
,,,,,15498,3.0,3,,,,,,,,
,,,,,15501,3.0,3,,,,,,,,
,,,,,15504,3.0,3,,,,,,,,
,,,,,15507,3.0,3,,,,,,,,
,,,,,15510,3.0,3,,,,,,,,
,,,,,15513,3.0,3,,,,,,,,
,,,,,15516,3.0,3,,,,,,,,
,,,,,15519,3.0,3,,,,,,,,
,,,,,15522,3.0,3,,,,,,,,
,,,,,15525,3.0,3,,,,,,,,
,,,,,15529,4.0,4,,,,,,,,
,,,,,15532,3.0,3,,,,,,,,
,,,,,15535,3.0,3,,,,,,,,
,,,,,15538,3.0,3,,,,,,,,
,,,,,15541,3.0,3,,,,,,,,
,,,,,15544,3.0,3,,,,,,,,
,,,,,15547,3.0,3,,,,,,,,
,,,,,15550,3.0,3,,,,,,,,
,,,,,15553,3.0,3,,,,,,,,
,,,,,15556,3.0,3,,,,,,,,
,,,,,15559,3.0,3,,,,,,,,
,,,,,15562,3.0,3,,,,,,,,
,,,,,15565,3.0,3,,,,,,,,
,,,,,15568,3.0,3,,,,,,,,
,,,,,15571,3.0,3,,,,,,,,
,,,,,15574,3.0,3,,,,,,,,
,,,,,15577,3.0,3,,,,,,,,
,,,,,15580,3.0,3,,,,,,,,
,,,,,15583,3.0,3,,,,,,,,
,,,,,15586,3.0,3,,,,,,,,
,,,,,15589,3.0,3,,,,,,,,
,,,,,15592,3.0,3,,,,,,,,
,,,,,15595,3.0,3,,,,,,,,
,,,,,15598,3.0,3,,,,,,,,
,,,,,15601,3.0,3,,,,,,,,
,,,,,15606,5.0,5,,,,,,,,
,,,,,15609,3.0,3,,,,,,,,
,,,,,15612,3.0,3,,,,,,,,
,,,,,15615,3.0,3,,,,,,,,
,,,,,15618,3.0,3,,,,,,,,
,,,,,15621,3.0,3,,,,,,,,
,,,,,15624,3.0,3,,,,,,,,
,,,,,15627,3.0,3,,,,,,,,
,,,,,15630,3.0,3,,,,,,,,
,,,,,15633,3.0,3,,,,,,,,
,,,,,15636,3.0,3,,,,,,,,
,,,,,15639,3.0,3,,,,,,,,
,,,,,15642,3.0,3,,,,,,,,
,,,,,15645,3.0,3,,,,,,,,
,,,,,15648,3.0,3,,,,,,,,
,,,,,15651,3.0,3,,,,,,,,
,,,,,15655,4.0,4,,,,,,,,
,,,,,15658,3.0,3,,,,,,,,
,,,,,15662,4.0,4,,,,,,,,
,,,,,15665,3.0,3,,,,,,,,
,,,,,15668,3.0,3,,,,,,,,
,,,,,15672,4.0,4,,,,,,,,
,,,,,15675,3.0,3,,,,,,,,
,,,,,15678,3.0,3,,,,,,,,
,,,,,15681,3.0,3,,,,,,,,
,,,,,15684,3.0,3,,,,,,,,
,,,,,15687,3.0,3,,,,,,,,
,,,,,15690,3.0,3,,,,,,,,
,,,,,15693,3.0,3,,,,,,,,
,,,,,15696,3.0,3,,,,,,,,
,,,,,15699,3.0,3,,,,,,,,
,,,,,15702,3.0,3,,,,,,,,
,,,,,15705,3.0,3,,,,,,,,
,,,,,15708,3.0,3,,,,,,,,
,,,,,15711,3.0,3,,,,,,,,
,,,,,15714,3.0,3,,,,,,,,
,,,,,15717,3.0,3,,,,,,,,
,,,,,15720,3.0,3,,,,,,,,
,,,,,15723,3.0,3,,,,,,,,
,,,,,15726,3.0,3,,,,,,,,
,,,,,15729,3.0,3,,,,,,,,
,,,,,15732,3.0,3,,,,,,,,
,,,,,15735,3.0,3,,,,,,,,
,,,,,15738,3.0,3,,,,,,,,
,,,,,15741,3.0,3,,,,,,,,
,,,,,15744,3.0,3,,,,,,,,
,,,,,15747,3.0,3,,,,,,,,
,,,,,15750,3.0,3,,,,,,,,
,,,,,15753,3.0,3,,,,,,,,
,,,,,15756,3.0,3,,,,,,,,
,,,,,15759,3.0,3,,,,,,,,
,,,,,15762,3.0,3,,,,,,,,
,,,,,15765,3.0,3,,,,,,,,
,,,,,15768,3.0,3,,,,,,,,
,,,,,15771,3.0,3,,,,,,,,
,,,,,15774,3.0,3,,,,,,,,
,,,,,15777,3.0,3,,,,,,,,
,,,,,15781,4.0,4,,,,,,,,
,,,,,15784,3.0,3,,,,,,,,
,,,,,15787,3.0,3,,,,,,,,
,,,,,15790,3.0,3,,,,,,,,
,,,,,15793,3.0,3,,,,,,,,
,,,,,15796,3.0,3,,,,,,,,
,,,,,15799,3.0,3,,,,,,,,
,,,,,15802,3.0,3,,,,,,,,
,,,,,15805,3.0,3,,,,,,,,
,,,,,15808,3.0,3,,,,,,,,
,,,,,15811,3.0,3,,,,,,,,
,,,,,15814,3.0,3,,,,,,,,
,,,,,15817,3.0,3,,,,,,,,
,,,,,15820,3.0,3,,,,,,,,
,,,,,15823,3.0,3,,,,,,,,
,,,,,15826,3.0,3,,,,,,,,
,,,,,15829,3.0,3,,,,,,,,
,,,,,15832,3.0,3,,,,,,,,
,,,,,15835,3.0,3,,,,,,,,
,,,,,15838,3.0,3,,,,,,,,
,,,,,15841,3.0,3,,,,,,,,
,,,,,15845,4.0,4,,,,,,,,
,,,,,15849,4.0,4,,,,,,,,
,,,,,15852,3.0,3,,,,,,,,
,,,,,15855,3.0,3,,,,,,,,
,,,,,15858,3.0,3,,,,,,,,
,,,,,15861,3.0,3,,,,,,,,
,,,,,15864,3.0,3,,,,,,,,
,,,,,15867,3.0,3,,,,,,,,
,,,,,15870,3.0,3,,,,,,,,
,,,,,15873,3.0,3,,,,,,,,
,,,,,15877,4.0,4,,,,,,,,
,,,,,15880,3.0,3,,,,,,,,
,,,,,15883,3.0,3,,,,,,,,
,,,,,15886,3.0,3,,,,,,,,
,,,,,15889,3.0,3,,,,,,,,
,,,,,15892,3.0,3,,,,,,,,
,,,,,15895,3.0,3,,,,,,,,
,,,,,15898,3.0,3,,,,,,,,
,,,,,15901,3.0,3,,,,,,,,
,,,,,15904,3.0,3,,,,,,,,
,,,,,15907,3.0,3,,,,,,,,
,,,,,15910,3.0,3,,,,,,,,
,,,,,15913,3.0,3,,,,,,,,
,,,,,15916,3.0,3,,,,,,,,
,,,,,15919,3.0,3,,,,,,,,
,,,,,15922,3.0,3,,,,,,,,
,,,,,15925,3.0,3,,,,,,,,
,,,,,15928,3.0,3,,,,,,,,
,,,,,15931,3.0,3,,,,,,,,
,,,,,15934,3.0,3,,,,,,,,
,,,,,15937,3.0,3,,,,,,,,
,,,,,15941,4.0,4,,,,,,,,
,,,,,15945,4.0,4,,,,,,,,
,,,,,15948,3.0,3,,,,,,,,
,,,,,15951,3.0,3,,,,,,,,
,,,,,15954,3.0,3,,,,,,,,
,,,,,15957,3.0,3,,,,,,,,
,,,,,15960,3.0,3,,,,,,,,
,,,,,15963,3.0,3,,,,,,,,
,,,,,15966,3.0,3,,,,,,,,
,,,,,15969,3.0,3,,,,,,,,
,,,,,15972,3.0,3,,,,,,,,
,,,,,15975,3.0,3,,,,,,,,
,,,,,15978,3.0,3,,,,,,,,
,,,,,15981,3.0,3,,,,,,,,
,,,,,15984,3.0,3,,,,,,,,
,,,,,15987,3.0,3,,,,,,,,
,,,,,15990,3.0,3,,,,,,,,
,,,,,15993,3.0,3,,,,,,,,
,,,,,15996,3.0,3,,,,,,,,
,,,,,15999,3.0,3,,,,,,,,
,,,,,16000,,,0.12675143778324127,-1.2675143480300903,0.16016565263271332,2.8839592933654785,2.9637768268585205,0.0003,0.0003,0.1
,,,,,16002,3.0,3,,,,,,,,
,,,,,16005,3.0,3,,,,,,,,
,,,,,16008,3.0,3,,,,,,,,
,,,,,16011,3.0,3,,,,,,,,
,,,,,16014,3.0,3,,,,,,,,
,,,,,16017,3.0,3,,,,,,,,
,,,,,16020,3.0,3,,,,,,,,
,,,,,16023,3.0,3,,,,,,,,
,,,,,16027,4.0,4,,,,,,,,
,,,,,16030,3.0,3,,,,,,,,
,,,,,16035,5.0,5,,,,,,,,
,,,,,16039,4.0,4,,,,,,,,
,,,,,16042,3.0,3,,,,,,,,
,,,,,16045,3.0,3,,,,,,,,
,,,,,16048,3.0,3,,,,,,,,
,,,,,16051,3.0,3,,,,,,,,
,,,,,16054,3.0,3,,,,,,,,
,,,,,16057,3.0,3,,,,,,,,
,,,,,16060,3.0,3,,,,,,,,
,,,,,16064,4.0,4,,,,,,,,
,,,,,16067,3.0,3,,,,,,,,
,,,,,16070,3.0,3,,,,,,,,
,,,,,16073,3.0,3,,,,,,,,
,,,,,16077,4.0,4,,,,,,,,
,,,,,16080,3.0,3,,,,,,,,
,,,,,16083,3.0,3,,,,,,,,
,,,,,16086,3.0,3,,,,,,,,
,,,,,16090,4.0,4,,,,,,,,
,,,,,16094,4.0,4,,,,,,,,
,,,,,16097,3.0,3,,,,,,,,
,,,,,16100,3.0,3,,,,,,,,
,,,,,16103,3.0,3,,,,,,,,
,,,,,16106,3.0,3,,,,,,,,
,,,,,16109,3.0,3,,,,,,,,
,,,,,16112,3.0,3,,,,,,,,
,,,,,16115,3.0,3,,,,,,,,
,,,,,16118,3.0,3,,,,,,,,
,,,,,16121,3.0,3,,,,,,,,
,,,,,16124,3.0,3,,,,,,,,
,,,,,16127,3.0,3,,,,,,,,
,,,,,16130,3.0,3,,,,,,,,
,,,,,16134,4.0,4,,,,,,,,
,,,,,16137,3.0,3,,,,,,,,
,,,,,16140,3.0,3,,,,,,,,
,,,,,16143,3.0,3,,,,,,,,
,,,,,16146,3.0,3,,,,,,,,
,,,,,16149,3.0,3,,,,,,,,
,,,,,16152,3.0,3,,,,,,,,
,,,,,16155,3.0,3,,,,,,,,
,,,,,16158,3.0,3,,,,,,,,
,,,,,16161,3.0,3,,,,,,,,
,,,,,16164,3.0,3,,,,,,,,
,,,,,16167,3.0,3,,,,,,,,
,,,,,16170,3.0,3,,,,,,,,
,,,,,16173,3.0,3,,,,,,,,
,,,,,16176,3.0,3,,,,,,,,
,,,,,16179,3.0,3,,,,,,,,
,,,,,16182,3.0,3,,,,,,,,
,,,,,16185,3.0,3,,,,,,,,
,,,,,16188,3.0,3,,,,,,,,
,,,,,16191,3.0,3,,,,,,,,
,,,,,16194,3.0,3,,,,,,,,
,,,,,16198,4.0,4,,,,,,,,
,,,,,16201,3.0,3,,,,,,,,
,,,,,16204,3.0,3,,,,,,,,
,,,,,16207,3.0,3,,,,,,,,
,,,,,16210,3.0,3,,,,,,,,
,,,,,16215,5.0,5,,,,,,,,
,,,,,16218,3.0,3,,,,,,,,
,,,,,16221,3.0,3,,,,,,,,
,,,,,16224,3.0,3,,,,,,,,
,,,,,16227,3.0,3,,,,,,,,
,,,,,16230,3.0,3,,,,,,,,
,,,,,16233,3.0,3,,,,,,,,
,,,,,16236,3.0,3,,,,,,,,
,,,,,16239,3.0,3,,,,,,,,
,,,,,16242,3.0,3,,,,,,,,
,,,,,16245,3.0,3,,,,,,,,
,,,,,16253,8.0,8,,,,,,,,
,,,,,16256,3.0,3,,,,,,,,
,,,,,16259,3.0,3,,,,,,,,
,,,,,16262,3.0,3,,,,,,,,
,,,,,16265,3.0,3,,,,,,,,
,,,,,16268,3.0,3,,,,,,,,
,,,,,16271,3.0,3,,,,,,,,
,,,,,16274,3.0,3,,,,,,,,
,,,,,16277,3.0,3,,,,,,,,
,,,,,16280,3.0,3,,,,,,,,
,,,,,16283,3.0,3,,,,,,,,
,,,,,16286,3.0,3,,,,,,,,
,,,,,16289,3.0,3,,,,,,,,
,,,,,16292,3.0,3,,,,,,,,
,,,,,16296,4.0,4,,,,,,,,
,,,,,16299,3.0,3,,,,,,,,
,,,,,16303,4.0,4,,,,,,,,
,,,,,16306,3.0,3,,,,,,,,
,,,,,16309,3.0,3,,,,,,,,
,,,,,16312,3.0,3,,,,,,,,
,,,,,16315,3.0,3,,,,,,,,
,,,,,16318,3.0,3,,,,,,,,
,,,,,16322,4.0,4,,,,,,,,
,,,,,16325,3.0,3,,,,,,,,
,,,,,16328,3.0,3,,,,,,,,
,,,,,16331,3.0,3,,,,,,,,
,,,,,16334,3.0,3,,,,,,,,
,,,,,16337,3.0,3,,,,,,,,
,,,,,16340,3.0,3,,,,,,,,
,,,,,16343,3.0,3,,,,,,,,
,,,,,16346,3.0,3,,,,,,,,
,,,,,16349,3.0,3,,,,,,,,
,,,,,16352,3.0,3,,,,,,,,
,,,,,16355,3.0,3,,,,,,,,
,,,,,16358,3.0,3,,,,,,,,
,,,,,16361,3.0,3,,,,,,,,
,,,,,16364,3.0,3,,,,,,,,
,,,,,16367,3.0,3,,,,,,,,
,,,,,16370,3.0,3,,,,,,,,
,,,,,16373,3.0,3,,,,,,,,
,,,,,16376,3.0,3,,,,,,,,
,,,,,16379,3.0,3,,,,,,,,
,,,,,16382,3.0,3,,,,,,,,
,,,,,16385,3.0,3,,,,,,,,
,,,,,16388,3.0,3,,,,,,,,
,,,,,16391,3.0,3,,,,,,,,
,,,,,16394,3.0,3,,,,,,,,
,,,,,16397,3.0,3,,,,,,,,
,,,,,16400,3.0,3,,,,,,,,
,,,,,16403,3.0,3,,,,,,,,
,,,,,16406,3.0,3,,,,,,,,
,,,,,16409,3.0,3,,,,,,,,
,,,,,16412,3.0,3,,,,,,,,
,,,,,16415,3.0,3,,,,,,,,
,,,,,16418,3.0,3,,,,,,,,
,,,,,16421,3.0,3,,,,,,,,
,,,,,16424,3.0,3,,,,,,,,
,,,,,16427,3.0,3,,,,,,,,
,,,,,16430,3.0,3,,,,,,,,
,,,,,16433,3.0,3,,,,,,,,
,,,,,16436,3.0,3,,,,,,,,
,,,,,16439,3.0,3,,,,,,,,
,,,,,16442,3.0,3,,,,,,,,
,,,,,16446,4.0,4,,,,,,,,
,,,,,16449,3.0,3,,,,,,,,
,,,,,16452,3.0,3,,,,,,,,
,,,,,16455,3.0,3,,,,,,,,
,,,,,16458,3.0,3,,,,,,,,
,,,,,16461,3.0,3,,,,,,,,
,,,,,16464,3.0,3,,,,,,,,
,,,,,16467,3.0,3,,,,,,,,
,,,,,16470,3.0,3,,,,,,,,
,,,,,16473,3.0,3,,,,,,,,
,,,,,16476,3.0,3,,,,,,,,
,,,,,16479,3.0,3,,,,,,,,
,,,,,16483,4.0,4,,,,,,,,
,,,,,16486,3.0,3,,,,,,,,
,,,,,16489,3.0,3,,,,,,,,
,,,,,16492,3.0,3,,,,,,,,
,,,,,16495,3.0,3,,,,,,,,
,,,,,16498,3.0,3,,,,,,,,
,,,,,16501,3.0,3,,,,,,,,
,,,,,16504,3.0,3,,,,,,,,
,,,,,16507,3.0,3,,,,,,,,
,,,,,16510,3.0,3,,,,,,,,
,,,,,16513,3.0,3,,,,,,,,
,,,,,16516,3.0,3,,,,,,,,
,,,,,16519,3.0,3,,,,,,,,
,,,,,16523,4.0,4,,,,,,,,
,,,,,16526,3.0,3,,,,,,,,
,,,,,16529,3.0,3,,,,,,,,
,,,,,16532,3.0,3,,,,,,,,
,,,,,16535,3.0,3,,,,,,,,
,,,,,16538,3.0,3,,,,,,,,
,,,,,16541,3.0,3,,,,,,,,
,,,,,16544,3.0,3,,,,,,,,
,,,,,16547,3.0,3,,,,,,,,
,,,,,16550,3.0,3,,,,,,,,
,,,,,16553,3.0,3,,,,,,,,
,,,,,16556,3.0,3,,,,,,,,
,,,,,16559,3.0,3,,,,,,,,
,,,,,16562,3.0,3,,,,,,,,
,,,,,16565,3.0,3,,,,,,,,
,,,,,16568,3.0,3,,,,,,,,
,,,,,16571,3.0,3,,,,,,,,
,,,,,16574,3.0,3,,,,,,,,
,,,,,16577,3.0,3,,,,,,,,
,,,,,16580,3.0,3,,,,,,,,
,,,,,16583,3.0,3,,,,,,,,
,,,,,16586,3.0,3,,,,,,,,
,,,,,16589,3.0,3,,,,,,,,
,,,,,16592,3.0,3,,,,,,,,
,,,,,16595,3.0,3,,,,,,,,
,,,,,16598,3.0,3,,,,,,,,
,,,,,16601,3.0,3,,,,,,,,
,,,,,16604,3.0,3,,,,,,,,
,,,,,16607,3.0,3,,,,,,,,
,,,,,16610,3.0,3,,,,,,,,
,,,,,16613,3.0,3,,,,,,,,
,,,,,16616,3.0,3,,,,,,,,
,,,,,16619,3.0,3,,,,,,,,
,,,,,16623,4.0,4,,,,,,,,
,,,,,16626,3.0,3,,,,,,,,
,,,,,16629,3.0,3,,,,,,,,
,,,,,16632,3.0,3,,,,,,,,
,,,,,16635,3.0,3,,,,,,,,
,,,,,16638,3.0,3,,,,,,,,
,,,,,16641,3.0,3,,,,,,,,
,,,,,16644,3.0,3,,,,,,,,
,,,,,16647,3.0,3,,,,,,,,
,,,,,16650,3.0,3,,,,,,,,
,,,,,16653,3.0,3,,,,,,,,
,,,,,16656,3.0,3,,,,,,,,
,,,,,16659,3.0,3,,,,,,,,
,,,,,16662,3.0,3,,,,,,,,
,,,,,16665,3.0,3,,,,,,,,
,,,,,16668,3.0,3,,,,,,,,
,,,,,16671,3.0,3,,,,,,,,
,,,,,16674,3.0,3,,,,,,,,
,,,,,16678,4.0,4,,,,,,,,
,,,,,16682,4.0,4,,,,,,,,
,,,,,16685,3.0,3,,,,,,,,
,,,,,16688,3.0,3,,,,,,,,
,,,,,16691,3.0,3,,,,,,,,
,,,,,16694,3.0,3,,,,,,,,
,,,,,16697,3.0,3,,,,,,,,
,,,,,16700,3.0,3,,,,,,,,
,,,,,16703,3.0,3,,,,,,,,
,,,,,16706,3.0,3,,,,,,,,
,,,,,16709,3.0,3,,,,,,,,
,,,,,16712,3.0,3,,,,,,,,
,,,,,16715,3.0,3,,,,,,,,
,,,,,16718,3.0,3,,,,,,,,
,,,,,16721,3.0,3,,,,,,,,
,,,,,16724,3.0,3,,,,,,,,
,,,,,16727,3.0,3,,,,,,,,
,,,,,16730,3.0,3,,,,,,,,
,,,,,16733,3.0,3,,,,,,,,
,,,,,16736,3.0,3,,,,,,,,
,,,,,16739,3.0,3,,,,,,,,
,,,,,16743,4.0,4,,,,,,,,
,,,,,16747,4.0,4,,,,,,,,
,,,,,16750,3.0,3,,,,,,,,
,,,,,16753,3.0,3,,,,,,,,
,,,,,16757,4.0,4,,,,,,,,
,,,,,16760,3.0,3,,,,,,,,
,,,,,16763,3.0,3,,,,,,,,
,,,,,16766,3.0,3,,,,,,,,
,,,,,16769,3.0,3,,,,,,,,
,,,,,16772,3.0,3,,,,,,,,
,,,,,16775,3.0,3,,,,,,,,
,,,,,16778,3.0,3,,,,,,,,
,,,,,16781,3.0,3,,,,,,,,
,,,,,16784,3.0,3,,,,,,,,
,,,,,16787,3.0,3,,,,,,,,
,,,,,16790,3.0,3,,,,,,,,
,,,,,16794,4.0,4,,,,,,,,
,,,,,16797,3.0,3,,,,,,,,
,,,,,16800,3.0,3,,,,,,,,
,,,,,16803,3.0,3,,,,,,,,
,,,,,16806,3.0,3,,,,,,,,
,,,,,16809,3.0,3,,,,,,,,
,,,,,16812,3.0,3,,,,,,,,
,,,,,16815,3.0,3,,,,,,,,
,,,,,16818,3.0,3,,,,,,,,
,,,,,16821,3.0,3,,,,,,,,
,,,,,16824,3.0,3,,,,,,,,
,,,,,16827,3.0,3,,,,,,,,
,,,,,16830,3.0,3,,,,,,,,
,,,,,16833,3.0,3,,,,,,,,
,,,,,16836,3.0,3,,,,,,,,
,,,,,16839,3.0,3,,,,,,,,
,,,,,16842,3.0,3,,,,,,,,
,,,,,16845,3.0,3,,,,,,,,
,,,,,16848,3.0,3,,,,,,,,
,,,,,16851,3.0,3,,,,,,,,
,,,,,16854,3.0,3,,,,,,,,
,,,,,16857,3.0,3,,,,,,,,
,,,,,16860,3.0,3,,,,,,,,
,,,,,16863,3.0,3,,,,,,,,
,,,,,16866,3.0,3,,,,,,,,
,,,,,16869,3.0,3,,,,,,,,
,,,,,16872,3.0,3,,,,,,,,
,,,,,16875,3.0,3,,,,,,,,
,,,,,16878,3.0,3,,,,,,,,
,,,,,16881,3.0,3,,,,,,,,
,,,,,16884,3.0,3,,,,,,,,
,,,,,16887,3.0,3,,,,,,,,
,,,,,16890,3.0,3,,,,,,,,
,,,,,16893,3.0,3,,,,,,,,
,,,,,16896,3.0,3,,,,,,,,
,,,,,16899,3.0,3,,,,,,,,
,,,,,16902,3.0,3,,,,,,,,
,,,,,16905,3.0,3,,,,,,,,
,,,,,16908,3.0,3,,,,,,,,
,,,,,16911,3.0,3,,,,,,,,
,,,,,16914,3.0,3,,,,,,,,
,,,,,16917,3.0,3,,,,,,,,
,,,,,16920,3.0,3,,,,,,,,
,,,,,16923,3.0,3,,,,,,,,
,,,,,16926,3.0,3,,,,,,,,
,,,,,16929,3.0,3,,,,,,,,
,,,,,16932,3.0,3,,,,,,,,
,,,,,16935,3.0,3,,,,,,,,
,,,,,16938,3.0,3,,,,,,,,
,,,,,16941,3.0,3,,,,,,,,
,,,,,16944,3.0,3,,,,,,,,
,,,,,16947,3.0,3,,,,,,,,
,,,,,16950,3.0,3,,,,,,,,
,,,,,16953,3.0,3,,,,,,,,
,,,,,16956,3.0,3,,,,,,,,
,,,,,16959,3.0,3,,,,,,,,
,,,,,16962,3.0,3,,,,,,,,
,,,,,16965,3.0,3,,,,,,,,
,,,,,16968,3.0,3,,,,,,,,
,,,,,16971,3.0,3,,,,,,,,
,,,,,16975,4.0,4,,,,,,,,
,,,,,16978,3.0,3,,,,,,,,
,,,,,16981,3.0,3,,,,,,,,
,,,,,16984,3.0,3,,,,,,,,
,,,,,16987,3.0,3,,,,,,,,
,,,,,16990,3.0,3,,,,,,,,
,,,,,16993,3.0,3,,,,,,,,
,,,,,16996,3.0,3,,,,,,,,
,,,,,16999,3.0,3,,,,,,,,
,,,,,17000,,,0.20164091885089874,-2.016409158706665,0.1920887529850006,2.157484531402588,2.2316582202911377,0.0003,0.0003,0.1
,,,,,17002,3.0,3,,,,,,,,
,,,,,17005,3.0,3,,,,,,,,
,,,,,17008,3.0,3,,,,,,,,
,,,,,17011,3.0,3,,,,,,,,
,,,,,17014,3.0,3,,,,,,,,
,,,,,17017,3.0,3,,,,,,,,
,,,,,17020,3.0,3,,,,,,,,
,,,,,17023,3.0,3,,,,,,,,
,,,,,17026,3.0,3,,,,,,,,
,,,,,17029,3.0,3,,,,,,,,
,,,,,17033,4.0,4,,,,,,,,
,,,,,17036,3.0,3,,,,,,,,
,,,,,17040,4.0,4,,,,,,,,
,,,,,17043,3.0,3,,,,,,,,
,,,,,17046,3.0,3,,,,,,,,
,,,,,17049,3.0,3,,,,,,,,
,,,,,17052,3.0,3,,,,,,,,
,,,,,17055,3.0,3,,,,,,,,
,,,,,17059,4.0,4,,,,,,,,
,,,,,17062,3.0,3,,,,,,,,
,,,,,17065,3.0,3,,,,,,,,
,,,,,17068,3.0,3,,,,,,,,
,,,,,17071,3.0,3,,,,,,,,
,,,,,17074,3.0,3,,,,,,,,
,,,,,17077,3.0,3,,,,,,,,
,,,,,17080,3.0,3,,,,,,,,
,,,,,17083,3.0,3,,,,,,,,
,,,,,17086,3.0,3,,,,,,,,
,,,,,17089,3.0,3,,,,,,,,
,,,,,17092,3.0,3,,,,,,,,
,,,,,17095,3.0,3,,,,,,,,
,,,,,17099,4.0,4,,,,,,,,
,,,,,17102,3.0,3,,,,,,,,
,,,,,17105,3.0,3,,,,,,,,
,,,,,17109,4.0,4,,,,,,,,
,,,,,17112,3.0,3,,,,,,,,
,,,,,17115,3.0,3,,,,,,,,
,,,,,17118,3.0,3,,,,,,,,
,,,,,17121,3.0,3,,,,,,,,
,,,,,17124,3.0,3,,,,,,,,
,,,,,17127,3.0,3,,,,,,,,
,,,,,17130,3.0,3,,,,,,,,
,,,,,17133,3.0,3,,,,,,,,
,,,,,17136,3.0,3,,,,,,,,
,,,,,17139,3.0,3,,,,,,,,
,,,,,17143,4.0,4,,,,,,,,
,,,,,17146,3.0,3,,,,,,,,
,,,,,17149,3.0,3,,,,,,,,
,,,,,17152,3.0,3,,,,,,,,
,,,,,17155,3.0,3,,,,,,,,
,,,,,17158,3.0,3,,,,,,,,
,,,,,17161,3.0,3,,,,,,,,
,,,,,17164,3.0,3,,,,,,,,
,,,,,17167,3.0,3,,,,,,,,
,,,,,17170,3.0,3,,,,,,,,
,,,,,17173,3.0,3,,,,,,,,
,,,,,17176,3.0,3,,,,,,,,
,,,,,17179,3.0,3,,,,,,,,
,,,,,17182,3.0,3,,,,,,,,
,,,,,17185,3.0,3,,,,,,,,
,,,,,17188,3.0,3,,,,,,,,
,,,,,17191,3.0,3,,,,,,,,
,,,,,17194,3.0,3,,,,,,,,
,,,,,17197,3.0,3,,,,,,,,
,,,,,17200,3.0,3,,,,,,,,
,,,,,17204,4.0,4,,,,,,,,
,,,,,17207,3.0,3,,,,,,,,
,,,,,17210,3.0,3,,,,,,,,
,,,,,17213,3.0,3,,,,,,,,
,,,,,17216,3.0,3,,,,,,,,
,,,,,17219,3.0,3,,,,,,,,
,,,,,17222,3.0,3,,,,,,,,
,,,,,17225,3.0,3,,,,,,,,
,,,,,17228,3.0,3,,,,,,,,
,,,,,17231,3.0,3,,,,,,,,
,,,,,17234,3.0,3,,,,,,,,
,,,,,17238,4.0,4,,,,,,,,
,,,,,17241,3.0,3,,,,,,,,
,,,,,17244,3.0,3,,,,,,,,
,,,,,17247,3.0,3,,,,,,,,
,,,,,17250,3.0,3,,,,,,,,
,,,,,17253,3.0,3,,,,,,,,
,,,,,17256,3.0,3,,,,,,,,
,,,,,17259,3.0,3,,,,,,,,
,,,,,17263,4.0,4,,,,,,,,
,,,,,17266,3.0,3,,,,,,,,
,,,,,17269,3.0,3,,,,,,,,
,,,,,17273,4.0,4,,,,,,,,
,,,,,17276,3.0,3,,,,,,,,
,,,,,17279,3.0,3,,,,,,,,
,,,,,17282,3.0,3,,,,,,,,
,,,,,17285,3.0,3,,,,,,,,
,,,,,17288,3.0,3,,,,,,,,
,,,,,17292,4.0,4,,,,,,,,
,,,,,17295,3.0,3,,,,,,,,
,,,,,17298,3.0,3,,,,,,,,
,,,,,17301,3.0,3,,,,,,,,
,,,,,17304,3.0,3,,,,,,,,
,,,,,17307,3.0,3,,,,,,,,
,,,,,17310,3.0,3,,,,,,,,
,,,,,17313,3.0,3,,,,,,,,
,,,,,17316,3.0,3,,,,,,,,
,,,,,17319,3.0,3,,,,,,,,
,,,,,17322,3.0,3,,,,,,,,
,,,,,17325,3.0,3,,,,,,,,
,,,,,17328,3.0,3,,,,,,,,
,,,,,17331,3.0,3,,,,,,,,
,,,,,17334,3.0,3,,,,,,,,
,,,,,17337,3.0,3,,,,,,,,
,,,,,17340,3.0,3,,,,,,,,
,,,,,17343,3.0,3,,,,,,,,
,,,,,17346,3.0,3,,,,,,,,
,,,,,17349,3.0,3,,,,,,,,
,,,,,17352,3.0,3,,,,,,,,
,,,,,17355,3.0,3,,,,,,,,
,,,,,17358,3.0,3,,,,,,,,
,,,,,17361,3.0,3,,,,,,,,
,,,,,17364,3.0,3,,,,,,,,
,,,,,17367,3.0,3,,,,,,,,
,,,,,17370,3.0,3,,,,,,,,
,,,,,17373,3.0,3,,,,,,,,
,,,,,17376,3.0,3,,,,,,,,
,,,,,17379,3.0,3,,,,,,,,
,,,,,17382,3.0,3,,,,,,,,
,,,,,17385,3.0,3,,,,,,,,
,,,,,17388,3.0,3,,,,,,,,
,,,,,17391,3.0,3,,,,,,,,
,,,,,17394,3.0,3,,,,,,,,
,,,,,17397,3.0,3,,,,,,,,
,,,,,17400,3.0,3,,,,,,,,
,,,,,17403,3.0,3,,,,,,,,
,,,,,17406,3.0,3,,,,,,,,
,,,,,17409,3.0,3,,,,,,,,
,,,,,17412,3.0,3,,,,,,,,
,,,,,17415,3.0,3,,,,,,,,
,,,,,17418,3.0,3,,,,,,,,
,,,,,17421,3.0,3,,,,,,,,
,,,,,17424,3.0,3,,,,,,,,
,,,,,17427,3.0,3,,,,,,,,
,,,,,17430,3.0,3,,,,,,,,
,,,,,17433,3.0,3,,,,,,,,
,,,,,17436,3.0,3,,,,,,,,
,,,,,17439,3.0,3,,,,,,,,
,,,,,17442,3.0,3,,,,,,,,
,,,,,17446,4.0,4,,,,,,,,
,,,,,17449,3.0,3,,,,,,,,
,,,,,17452,3.0,3,,,,,,,,
,,,,,17455,3.0,3,,,,,,,,
,,,,,17458,3.0,3,,,,,,,,
,,,,,17461,3.0,3,,,,,,,,
,,,,,17464,3.0,3,,,,,,,,
,,,,,17467,3.0,3,,,,,,,,
,,,,,17470,3.0,3,,,,,,,,
,,,,,17473,3.0,3,,,,,,,,
,,,,,17476,3.0,3,,,,,,,,
,,,,,17479,3.0,3,,,,,,,,
,,,,,17482,3.0,3,,,,,,,,
,,,,,17485,3.0,3,,,,,,,,
,,,,,17488,3.0,3,,,,,,,,
,,,,,17491,3.0,3,,,,,,,,
,,,,,17494,3.0,3,,,,,,,,
,,,,,17497,3.0,3,,,,,,,,
,,,,,17500,3.0,3,,,,,,,,
,,,,,17503,3.0,3,,,,,,,,
,,,,,17506,3.0,3,,,,,,,,
,,,,,17509,3.0,3,,,,,,,,
,,,,,17512,3.0,3,,,,,,,,
,,,,,17515,3.0,3,,,,,,,,
,,,,,17518,3.0,3,,,,,,,,
,,,,,17521,3.0,3,,,,,,,,
,,,,,17524,3.0,3,,,,,,,,
,,,,,17527,3.0,3,,,,,,,,
,,,,,17530,3.0,3,,,,,,,,
,,,,,17534,4.0,4,,,,,,,,
,,,,,17537,3.0,3,,,,,,,,
,,,,,17540,3.0,3,,,,,,,,
,,,,,17543,3.0,3,,,,,,,,
,,,,,17546,3.0,3,,,,,,,,
,,,,,17549,3.0,3,,,,,,,,
,,,,,17552,3.0,3,,,,,,,,
,,,,,17555,3.0,3,,,,,,,,
,,,,,17558,3.0,3,,,,,,,,
,,,,,17561,3.0,3,,,,,,,,
,,,,,17564,3.0,3,,,,,,,,
,,,,,17567,3.0,3,,,,,,,,
,,,,,17570,3.0,3,,,,,,,,
,,,,,17573,3.0,3,,,,,,,,
,,,,,17576,3.0,3,,,,,,,,
,,,,,17579,3.0,3,,,,,,,,
,,,,,17582,3.0,3,,,,,,,,
,,,,,17585,3.0,3,,,,,,,,
,,,,,17588,3.0,3,,,,,,,,
,,,,,17591,3.0,3,,,,,,,,
,,,,,17594,3.0,3,,,,,,,,
,,,,,17598,4.0,4,,,,,,,,
,,,,,17602,4.0,4,,,,,,,,
,,,,,17605,3.0,3,,,,,,,,
,,,,,17608,3.0,3,,,,,,,,
,,,,,17611,3.0,3,,,,,,,,
,,,,,17614,3.0,3,,,,,,,,
,,,,,17617,3.0,3,,,,,,,,
,,,,,17620,3.0,3,,,,,,,,
,,,,,17623,3.0,3,,,,,,,,
,,,,,17626,3.0,3,,,,,,,,
,,,,,17629,3.0,3,,,,,,,,
,,,,,17632,3.0,3,,,,,,,,
,,,,,17635,3.0,3,,,,,,,,
,,,,,17638,3.0,3,,,,,,,,
,,,,,17641,3.0,3,,,,,,,,
,,,,,17644,3.0,3,,,,,,,,
,,,,,17647,3.0,3,,,,,,,,
,,,,,17650,3.0,3,,,,,,,,
,,,,,17653,3.0,3,,,,,,,,
,,,,,17656,3.0,3,,,,,,,,
,,,,,17659,3.0,3,,,,,,,,
,,,,,17662,3.0,3,,,,,,,,
,,,,,17665,3.0,3,,,,,,,,
,,,,,17669,4.0,4,,,,,,,,
,,,,,17673,4.0,4,,,,,,,,
,,,,,17676,3.0,3,,,,,,,,
,,,,,17679,3.0,3,,,,,,,,
,,,,,17682,3.0,3,,,,,,,,
,,,,,17685,3.0,3,,,,,,,,
,,,,,17688,3.0,3,,,,,,,,
,,,,,17691,3.0,3,,,,,,,,
,,,,,17694,3.0,3,,,,,,,,
,,,,,17697,3.0,3,,,,,,,,
,,,,,17701,4.0,4,,,,,,,,
,,,,,17704,3.0,3,,,,,,,,
,,,,,17707,3.0,3,,,,,,,,
,,,,,17710,3.0,3,,,,,,,,
,,,,,17713,3.0,3,,,,,,,,
,,,,,17716,3.0,3,,,,,,,,
,,,,,17719,3.0,3,,,,,,,,
,,,,,17722,3.0,3,,,,,,,,
,,,,,17725,3.0,3,,,,,,,,
,,,,,17728,3.0,3,,,,,,,,
,,,,,17731,3.0,3,,,,,,,,
,,,,,17734,3.0,3,,,,,,,,
,,,,,17737,3.0,3,,,,,,,,
,,,,,17740,3.0,3,,,,,,,,
,,,,,17743,3.0,3,,,,,,,,
,,,,,17746,3.0,3,,,,,,,,
,,,,,17749,3.0,3,,,,,,,,
,,,,,17752,3.0,3,,,,,,,,
,,,,,17755,3.0,3,,,,,,,,
,,,,,17758,3.0,3,,,,,,,,
,,,,,17761,3.0,3,,,,,,,,
,,,,,17764,3.0,3,,,,,,,,
,,,,,17767,3.0,3,,,,,,,,
,,,,,17770,3.0,3,,,,,,,,
,,,,,17773,3.0,3,,,,,,,,
,,,,,17776,3.0,3,,,,,,,,
,,,,,17779,3.0,3,,,,,,,,
,,,,,17782,3.0,3,,,,,,,,
,,,,,17785,3.0,3,,,,,,,,
,,,,,17788,3.0,3,,,,,,,,
,,,,,17791,3.0,3,,,,,,,,
,,,,,17794,3.0,3,,,,,,,,
,,,,,17797,3.0,3,,,,,,,,
,,,,,17800,3.0,3,,,,,,,,
,,,,,17803,3.0,3,,,,,,,,
,,,,,17806,3.0,3,,,,,,,,
,,,,,17809,3.0,3,,,,,,,,
,,,,,17812,3.0,3,,,,,,,,
,,,,,17816,4.0,4,,,,,,,,
,,,,,17819,3.0,3,,,,,,,,
,,,,,17822,3.0,3,,,,,,,,
,,,,,17826,4.0,4,,,,,,,,
,,,,,17829,3.0,3,,,,,,,,
,,,,,17832,3.0,3,,,,,,,,
,,,,,17835,3.0,3,,,,,,,,
,,,,,17838,3.0,3,,,,,,,,
,,,,,17841,3.0,3,,,,,,,,
,,,,,17844,3.0,3,,,,,,,,
,,,,,17847,3.0,3,,,,,,,,
,,,,,17851,4.0,4,,,,,,,,
,,,,,17854,3.0,3,,,,,,,,
,,,,,17857,3.0,3,,,,,,,,
,,,,,17860,3.0,3,,,,,,,,
,,,,,17863,3.0,3,,,,,,,,
,,,,,17866,3.0,3,,,,,,,,
,,,,,17869,3.0,3,,,,,,,,
,,,,,17872,3.0,3,,,,,,,,
,,,,,17875,3.0,3,,,,,,,,
,,,,,17878,3.0,3,,,,,,,,
,,,,,17881,3.0,3,,,,,,,,
,,,,,17884,3.0,3,,,,,,,,
,,,,,17887,3.0,3,,,,,,,,
,,,,,17890,3.0,3,,,,,,,,
,,,,,17893,3.0,3,,,,,,,,
,,,,,17896,3.0,3,,,,,,,,
,,,,,17899,3.0,3,,,,,,,,
,,,,,17902,3.0,3,,,,,,,,
,,,,,17905,3.0,3,,,,,,,,
,,,,,17908,3.0,3,,,,,,,,
,,,,,17911,3.0,3,,,,,,,,
,,,,,17914,3.0,3,,,,,,,,
,,,,,17917,3.0,3,,,,,,,,
,,,,,17920,3.0,3,,,,,,,,
,,,,,17923,3.0,3,,,,,,,,
,,,,,17926,3.0,3,,,,,,,,
,,,,,17929,3.0,3,,,,,,,,
,,,,,17932,3.0,3,,,,,,,,
,,,,,17935,3.0,3,,,,,,,,
,,,,,17938,3.0,3,,,,,,,,
,,,,,17941,3.0,3,,,,,,,,
,,,,,17944,3.0,3,,,,,,,,
,,,,,17947,3.0,3,,,,,,,,
,,,,,17950,3.0,3,,,,,,,,
,,,,,17953,3.0,3,,,,,,,,
,,,,,17956,3.0,3,,,,,,,,
,,,,,17959,3.0,3,,,,,,,,
,,,,,17962,3.0,3,,,,,,,,
,,,,,17965,3.0,3,,,,,,,,
,,,,,17968,3.0,3,,,,,,,,
,,,,,17971,3.0,3,,,,,,,,
,,,,,17974,3.0,3,,,,,,,,
,,,,,17977,3.0,3,,,,,,,,
,,,,,17980,3.0,3,,,,,,,,
,,,,,17983,3.0,3,,,,,,,,
,,,,,17986,3.0,3,,,,,,,,
,,,,,17989,3.0,3,,,,,,,,
,,,,,17992,3.0,3,,,,,,,,
,,,,,17995,3.0,3,,,,,,,,
,,,,,17998,3.0,3,,,,,,,,
,,,,,18000,,,0.23123088479042053,-2.3123087882995605,0.04615041986107826,1.8759173154830933,1.7937841415405273,0.0003,0.0003,0.1
,,,,,18001,3.0,3,,,,,,,,
,,,,,18004,3.0,3,,,,,,,,
,,,,,18007,3.0,3,,,,,,,,
,,,,,18010,3.0,3,,,,,,,,
,,,,,18013,3.0,3,,,,,,,,
,,,,,18016,3.0,3,,,,,,,,
,,,,,18019,3.0,3,,,,,,,,
,,,,,18022,3.0,3,,,,,,,,
,,,,,18025,3.0,3,,,,,,,,
,,,,,18028,3.0,3,,,,,,,,
,,,,,18031,3.0,3,,,,,,,,
,,,,,18035,4.0,4,,,,,,,,
,,,,,18040,5.0,5,,,,,,,,
,,,,,18043,3.0,3,,,,,,,,
,,,,,18046,3.0,3,,,,,,,,
,,,,,18049,3.0,3,,,,,,,,
,,,,,18052,3.0,3,,,,,,,,
,,,,,18055,3.0,3,,,,,,,,
,,,,,18058,3.0,3,,,,,,,,
,,,,,18061,3.0,3,,,,,,,,
,,,,,18064,3.0,3,,,,,,,,
,,,,,18067,3.0,3,,,,,,,,
,,,,,18070,3.0,3,,,,,,,,
,,,,,18073,3.0,3,,,,,,,,
,,,,,18076,3.0,3,,,,,,,,
,,,,,18080,4.0,4,,,,,,,,
,,,,,18083,3.0,3,,,,,,,,
,,,,,18086,3.0,3,,,,,,,,
,,,,,18089,3.0,3,,,,,,,,
,,,,,18092,3.0,3,,,,,,,,
,,,,,18096,4.0,4,,,,,,,,
,,,,,18099,3.0,3,,,,,,,,
,,,,,18102,3.0,3,,,,,,,,
,,,,,18105,3.0,3,,,,,,,,
,,,,,18108,3.0,3,,,,,,,,
,,,,,18111,3.0,3,,,,,,,,
,,,,,18114,3.0,3,,,,,,,,
,,,,,18117,3.0,3,,,,,,,,
,,,,,18120,3.0,3,,,,,,,,
,,,,,18123,3.0,3,,,,,,,,
,,,,,18126,3.0,3,,,,,,,,
,,,,,18129,3.0,3,,,,,,,,
,,,,,18132,3.0,3,,,,,,,,
,,,,,18135,3.0,3,,,,,,,,
,,,,,18138,3.0,3,,,,,,,,
,,,,,18141,3.0,3,,,,,,,,
,,,,,18144,3.0,3,,,,,,,,
,,,,,18147,3.0,3,,,,,,,,
,,,,,18150,3.0,3,,,,,,,,
,,,,,18153,3.0,3,,,,,,,,
,,,,,18156,3.0,3,,,,,,,,
,,,,,18159,3.0,3,,,,,,,,
,,,,,18162,3.0,3,,,,,,,,
,,,,,18165,3.0,3,,,,,,,,
,,,,,18168,3.0,3,,,,,,,,
,,,,,18171,3.0,3,,,,,,,,
,,,,,18174,3.0,3,,,,,,,,
,,,,,18177,3.0,3,,,,,,,,
,,,,,18180,3.0,3,,,,,,,,
,,,,,18183,3.0,3,,,,,,,,
,,,,,18186,3.0,3,,,,,,,,
,,,,,18189,3.0,3,,,,,,,,
,,,,,18192,3.0,3,,,,,,,,
,,,,,18195,3.0,3,,,,,,,,
,,,,,18198,3.0,3,,,,,,,,
,,,,,18201,3.0,3,,,,,,,,
,,,,,18204,3.0,3,,,,,,,,
,,,,,18207,3.0,3,,,,,,,,
,,,,,18210,3.0,3,,,,,,,,
,,,,,18213,3.0,3,,,,,,,,
,,,,,18217,4.0,4,,,,,,,,
,,,,,18220,3.0,3,,,,,,,,
,,,,,18223,3.0,3,,,,,,,,
,,,,,18226,3.0,3,,,,,,,,
,,,,,18229,3.0,3,,,,,,,,
,,,,,18232,3.0,3,,,,,,,,
,,,,,18235,3.0,3,,,,,,,,
,,,,,18238,3.0,3,,,,,,,,
,,,,,18241,3.0,3,,,,,,,,
,,,,,18244,3.0,3,,,,,,,,
,,,,,18248,4.0,4,,,,,,,,
,,,,,18251,3.0,3,,,,,,,,
,,,,,18254,3.0,3,,,,,,,,
,,,,,18257,3.0,3,,,,,,,,
,,,,,18261,4.0,4,,,,,,,,
,,,,,18264,3.0,3,,,,,,,,
,,,,,18267,3.0,3,,,,,,,,
,,,,,18270,3.0,3,,,,,,,,
,,,,,18273,3.0,3,,,,,,,,
,,,,,18276,3.0,3,,,,,,,,
,,,,,18279,3.0,3,,,,,,,,
,,,,,18283,4.0,4,,,,,,,,
,,,,,18286,3.0,3,,,,,,,,
,,,,,18289,3.0,3,,,,,,,,
,,,,,18292,3.0,3,,,,,,,,
,,,,,18295,3.0,3,,,,,,,,
,,,,,18298,3.0,3,,,,,,,,
,,,,,18301,3.0,3,,,,,,,,
,,,,,18304,3.0,3,,,,,,,,
,,,,,18307,3.0,3,,,,,,,,
,,,,,18310,3.0,3,,,,,,,,
,,,,,18313,3.0,3,,,,,,,,
,,,,,18316,3.0,3,,,,,,,,
,,,,,18319,3.0,3,,,,,,,,
,,,,,18322,3.0,3,,,,,,,,
,,,,,18325,3.0,3,,,,,,,,
,,,,,18328,3.0,3,,,,,,,,
,,,,,18331,3.0,3,,,,,,,,
,,,,,18334,3.0,3,,,,,,,,
,,,,,18337,3.0,3,,,,,,,,
,,,,,18340,3.0,3,,,,,,,,
,,,,,18343,3.0,3,,,,,,,,
,,,,,18346,3.0,3,,,,,,,,
,,,,,18349,3.0,3,,,,,,,,
,,,,,18352,3.0,3,,,,,,,,
,,,,,18355,3.0,3,,,,,,,,
,,,,,18358,3.0,3,,,,,,,,
,,,,,18361,3.0,3,,,,,,,,
,,,,,18364,3.0,3,,,,,,,,
,,,,,18367,3.0,3,,,,,,,,
,,,,,18370,3.0,3,,,,,,,,
,,,,,18373,3.0,3,,,,,,,,
,,,,,18376,3.0,3,,,,,,,,
,,,,,18379,3.0,3,,,,,,,,
,,,,,18382,3.0,3,,,,,,,,
,,,,,18385,3.0,3,,,,,,,,
,,,,,18388,3.0,3,,,,,,,,
,,,,,18391,3.0,3,,,,,,,,
,,,,,18394,3.0,3,,,,,,,,
,,,,,18397,3.0,3,,,,,,,,
,,,,,18400,3.0,3,,,,,,,,
,,,,,18403,3.0,3,,,,,,,,
,,,,,18408,5.0,5,,,,,,,,
,,,,,18411,3.0,3,,,,,,,,
,,,,,18414,3.0,3,,,,,,,,
,,,,,18417,3.0,3,,,,,,,,
,,,,,18420,3.0,3,,,,,,,,
,,,,,18423,3.0,3,,,,,,,,
,,,,,18426,3.0,3,,,,,,,,
,,,,,18429,3.0,3,,,,,,,,
,,,,,18432,3.0,3,,,,,,,,
,,,,,18435,3.0,3,,,,,,,,
,,,,,18438,3.0,3,,,,,,,,
,,,,,18441,3.0,3,,,,,,,,
,,,,,18444,3.0,3,,,,,,,,
,,,,,18447,3.0,3,,,,,,,,
,,,,,18450,3.0,3,,,,,,,,
,,,,,18453,3.0,3,,,,,,,,
,,,,,18456,3.0,3,,,,,,,,
,,,,,18459,3.0,3,,,,,,,,
,,,,,18462,3.0,3,,,,,,,,
,,,,,18465,3.0,3,,,,,,,,
,,,,,18468,3.0,3,,,,,,,,
,,,,,18471,3.0,3,,,,,,,,
,,,,,18474,3.0,3,,,,,,,,
,,,,,18477,3.0,3,,,,,,,,
,,,,,18480,3.0,3,,,,,,,,
,,,,,18483,3.0,3,,,,,,,,
,,,,,18486,3.0,3,,,,,,,,
,,,,,18491,5.0,5,,,,,,,,
,,,,,18494,3.0,3,,,,,,,,
,,,,,18497,3.0,3,,,,,,,,
,,,,,18500,3.0,3,,,,,,,,
,,,,,18503,3.0,3,,,,,,,,
,,,,,18506,3.0,3,,,,,,,,
,,,,,18509,3.0,3,,,,,,,,
,,,,,18512,3.0,3,,,,,,,,
,,,,,18515,3.0,3,,,,,,,,
,,,,,18518,3.0,3,,,,,,,,
,,,,,18521,3.0,3,,,,,,,,
,,,,,18525,4.0,4,,,,,,,,
,,,,,18528,3.0,3,,,,,,,,
,,,,,18531,3.0,3,,,,,,,,
,,,,,18534,3.0,3,,,,,,,,
,,,,,18537,3.0,3,,,,,,,,
,,,,,18540,3.0,3,,,,,,,,
,,,,,18543,3.0,3,,,,,,,,
,,,,,18546,3.0,3,,,,,,,,
,,,,,18549,3.0,3,,,,,,,,
,,,,,18552,3.0,3,,,,,,,,
,,,,,18555,3.0,3,,,,,,,,
,,,,,18558,3.0,3,,,,,,,,
,,,,,18561,3.0,3,,,,,,,,
,,,,,18564,3.0,3,,,,,,,,
,,,,,18567,3.0,3,,,,,,,,
,,,,,18570,3.0,3,,,,,,,,
,,,,,18573,3.0,3,,,,,,,,
,,,,,18576,3.0,3,,,,,,,,
,,,,,18579,3.0,3,,,,,,,,
,,,,,18582,3.0,3,,,,,,,,
,,,,,18585,3.0,3,,,,,,,,
,,,,,18588,3.0,3,,,,,,,,
,,,,,18591,3.0,3,,,,,,,,
,,,,,18594,3.0,3,,,,,,,,
,,,,,18597,3.0,3,,,,,,,,
,,,,,18600,3.0,3,,,,,,,,
,,,,,18603,3.0,3,,,,,,,,
,,,,,18606,3.0,3,,,,,,,,
,,,,,18609,3.0,3,,,,,,,,
,,,,,18612,3.0,3,,,,,,,,
,,,,,18615,3.0,3,,,,,,,,
,,,,,18618,3.0,3,,,,,,,,
,,,,,18621,3.0,3,,,,,,,,
,,,,,18624,3.0,3,,,,,,,,
,,,,,18627,3.0,3,,,,,,,,
,,,,,18631,4.0,4,,,,,,,,
,,,,,18634,3.0,3,,,,,,,,
,,,,,18637,3.0,3,,,,,,,,
,,,,,18640,3.0,3,,,,,,,,
,,,,,18643,3.0,3,,,,,,,,
,,,,,18646,3.0,3,,,,,,,,
,,,,,18649,3.0,3,,,,,,,,
,,,,,18652,3.0,3,,,,,,,,
,,,,,18655,3.0,3,,,,,,,,
,,,,,18658,3.0,3,,,,,,,,
,,,,,18661,3.0,3,,,,,,,,
,,,,,18665,4.0,4,,,,,,,,
,,,,,18668,3.0,3,,,,,,,,
,,,,,18671,3.0,3,,,,,,,,
,,,,,18674,3.0,3,,,,,,,,
,,,,,18677,3.0,3,,,,,,,,
,,,,,18680,3.0,3,,,,,,,,
,,,,,18683,3.0,3,,,,,,,,
,,,,,18686,3.0,3,,,,,,,,
,,,,,18689,3.0,3,,,,,,,,
,,,,,18692,3.0,3,,,,,,,,
,,,,,18695,3.0,3,,,,,,,,
,,,,,18698,3.0,3,,,,,,,,
,,,,,18701,3.0,3,,,,,,,,
,,,,,18704,3.0,3,,,,,,,,
,,,,,18707,3.0,3,,,,,,,,
,,,,,18710,3.0,3,,,,,,,,
,,,,,18713,3.0,3,,,,,,,,
,,,,,18716,3.0,3,,,,,,,,
,,,,,18719,3.0,3,,,,,,,,
,,,,,18723,4.0,4,,,,,,,,
,,,,,18726,3.0,3,,,,,,,,
,,,,,18729,3.0,3,,,,,,,,
,,,,,18733,4.0,4,,,,,,,,
,,,,,18736,3.0,3,,,,,,,,
,,,,,18739,3.0,3,,,,,,,,
,,,,,18742,3.0,3,,,,,,,,
,,,,,18745,3.0,3,,,,,,,,
,,,,,18748,3.0,3,,,,,,,,
,,,,,18751,3.0,3,,,,,,,,
,,,,,18754,3.0,3,,,,,,,,
,,,,,18757,3.0,3,,,,,,,,
,,,,,18760,3.0,3,,,,,,,,
,,,,,18763,3.0,3,,,,,,,,
,,,,,18766,3.0,3,,,,,,,,
,,,,,18769,3.0,3,,,,,,,,
,,,,,18772,3.0,3,,,,,,,,
,,,,,18775,3.0,3,,,,,,,,
,,,,,18778,3.0,3,,,,,,,,
,,,,,18781,3.0,3,,,,,,,,
,,,,,18784,3.0,3,,,,,,,,
,,,,,18787,3.0,3,,,,,,,,
,,,,,18790,3.0,3,,,,,,,,
,,,,,18793,3.0,3,,,,,,,,
,,,,,18796,3.0,3,,,,,,,,
,,,,,18799,3.0,3,,,,,,,,
,,,,,18802,3.0,3,,,,,,,,
,,,,,18805,3.0,3,,,,,,,,
,,,,,18808,3.0,3,,,,,,,,
,,,,,18811,3.0,3,,,,,,,,
,,,,,18814,3.0,3,,,,,,,,
,,,,,18817,3.0,3,,,,,,,,
,,,,,18820,3.0,3,,,,,,,,
,,,,,18823,3.0,3,,,,,,,,
,,,,,18826,3.0,3,,,,,,,,
,,,,,18829,3.0,3,,,,,,,,
,,,,,18832,3.0,3,,,,,,,,
,,,,,18835,3.0,3,,,,,,,,
,,,,,18838,3.0,3,,,,,,,,
,,,,,18841,3.0,3,,,,,,,,
,,,,,18844,3.0,3,,,,,,,,
,,,,,18847,3.0,3,,,,,,,,
,,,,,18850,3.0,3,,,,,,,,
,,,,,18853,3.0,3,,,,,,,,
,,,,,18856,3.0,3,,,,,,,,
,,,,,18859,3.0,3,,,,,,,,
,,,,,18862,3.0,3,,,,,,,,
,,,,,18865,3.0,3,,,,,,,,
,,,,,18868,3.0,3,,,,,,,,
,,,,,18871,3.0,3,,,,,,,,
,,,,,18874,3.0,3,,,,,,,,
,,,,,18877,3.0,3,,,,,,,,
,,,,,18880,3.0,3,,,,,,,,
,,,,,18883,3.0,3,,,,,,,,
,,,,,18886,3.0,3,,,,,,,,
,,,,,18890,4.0,4,,,,,,,,
,,,,,18893,3.0,3,,,,,,,,
,,,,,18896,3.0,3,,,,,,,,
,,,,,18900,4.0,4,,,,,,,,
,,,,,18903,3.0,3,,,,,,,,
,,,,,18906,3.0,3,,,,,,,,
,,,,,18909,3.0,3,,,,,,,,
,,,,,18916,7.0,7,,,,,,,,
,,,,,18919,3.0,3,,,,,,,,
,,,,,18922,3.0,3,,,,,,,,
,,,,,18925,3.0,3,,,,,,,,
,,,,,18928,3.0,3,,,,,,,,
,,,,,18931,3.0,3,,,,,,,,
,,,,,18934,3.0,3,,,,,,,,
,,,,,18937,3.0,3,,,,,,,,
,,,,,18940,3.0,3,,,,,,,,
,,,,,18943,3.0,3,,,,,,,,
,,,,,18946,3.0,3,,,,,,,,
,,,,,18949,3.0,3,,,,,,,,
,,,,,18952,3.0,3,,,,,,,,
,,,,,18955,3.0,3,,,,,,,,
,,,,,18958,3.0,3,,,,,,,,
,,,,,18961,3.0,3,,,,,,,,
,,,,,18964,3.0,3,,,,,,,,
,,,,,18967,3.0,3,,,,,,,,
,,,,,18970,3.0,3,,,,,,,,
,,,,,18973,3.0,3,,,,,,,,
,,,,,18976,3.0,3,,,,,,,,
,,,,,18979,3.0,3,,,,,,,,
,,,,,18982,3.0,3,,,,,,,,
,,,,,18986,4.0,4,,,,,,,,
,,,,,18989,3.0,3,,,,,,,,
,,,,,18992,3.0,3,,,,,,,,
,,,,,18996,4.0,4,,,,,,,,
,,,,,18999,3.0,3,,,,,,,,
,,,,,19000,,,0.264718621969223,-2.647186040878296,0.021853839978575706,1.8647921085357666,1.8490567207336426,0.0003,0.0003,0.1
,,,,,19002,3.0,3,,,,,,,,
,,,,,19005,3.0,3,,,,,,,,
,,,,,19008,3.0,3,,,,,,,,
,,,,,19011,3.0,3,,,,,,,,
,,,,,19014,3.0,3,,,,,,,,
,,,,,19017,3.0,3,,,,,,,,
,,,,,19020,3.0,3,,,,,,,,
,,,,,19023,3.0,3,,,,,,,,
,,,,,19026,3.0,3,,,,,,,,
,,,,,19029,3.0,3,,,,,,,,
,,,,,19033,4.0,4,,,,,,,,
,,,,,19036,3.0,3,,,,,,,,
,,,,,19039,3.0,3,,,,,,,,
,,,,,19042,3.0,3,,,,,,,,
,,,,,19045,3.0,3,,,,,,,,
,,,,,19048,3.0,3,,,,,,,,
,,,,,19051,3.0,3,,,,,,,,
,,,,,19056,5.0,5,,,,,,,,
,,,,,19059,3.0,3,,,,,,,,
,,,,,19062,3.0,3,,,,,,,,
,,,,,19065,3.0,3,,,,,,,,
,,,,,19068,3.0,3,,,,,,,,
,,,,,19071,3.0,3,,,,,,,,
,,,,,19074,3.0,3,,,,,,,,
,,,,,19077,3.0,3,,,,,,,,
,,,,,19080,3.0,3,,,,,,,,
,,,,,19083,3.0,3,,,,,,,,
,,,,,19087,4.0,4,,,,,,,,
,,,,,19090,3.0,3,,,,,,,,
,,,,,19093,3.0,3,,,,,,,,
,,,,,19096,3.0,3,,,,,,,,
,,,,,19099,3.0,3,,,,,,,,
,,,,,19102,3.0,3,,,,,,,,
,,,,,19105,3.0,3,,,,,,,,
,,,,,19108,3.0,3,,,,,,,,
,,,,,19111,3.0,3,,,,,,,,
,,,,,19114,3.0,3,,,,,,,,
,,,,,19117,3.0,3,,,,,,,,
,,,,,19120,3.0,3,,,,,,,,
,,,,,19124,4.0,4,,,,,,,,
,,,,,19127,3.0,3,,,,,,,,
,,,,,19130,3.0,3,,,,,,,,
,,,,,19133,3.0,3,,,,,,,,
,,,,,19136,3.0,3,,,,,,,,
,,,,,19139,3.0,3,,,,,,,,
,,,,,19142,3.0,3,,,,,,,,
,,,,,19145,3.0,3,,,,,,,,
,,,,,19148,3.0,3,,,,,,,,
,,,,,19151,3.0,3,,,,,,,,
,,,,,19154,3.0,3,,,,,,,,
,,,,,19157,3.0,3,,,,,,,,
,,,,,19160,3.0,3,,,,,,,,
,,,,,19163,3.0,3,,,,,,,,
,,,,,19166,3.0,3,,,,,,,,
,,,,,19169,3.0,3,,,,,,,,
,,,,,19172,3.0,3,,,,,,,,
,,,,,19175,3.0,3,,,,,,,,
,,,,,19178,3.0,3,,,,,,,,
,,,,,19181,3.0,3,,,,,,,,
,,,,,19184,3.0,3,,,,,,,,
,,,,,19187,3.0,3,,,,,,,,
,,,,,19190,3.0,3,,,,,,,,
,,,,,19195,5.0,5,,,,,,,,
,,,,,19198,3.0,3,,,,,,,,
,,,,,19201,3.0,3,,,,,,,,
,,,,,19204,3.0,3,,,,,,,,
,,,,,19207,3.0,3,,,,,,,,
,,,,,19210,3.0,3,,,,,,,,
,,,,,19213,3.0,3,,,,,,,,
,,,,,19216,3.0,3,,,,,,,,
,,,,,19219,3.0,3,,,,,,,,
,,,,,19222,3.0,3,,,,,,,,
,,,,,19225,3.0,3,,,,,,,,
,,,,,19228,3.0,3,,,,,,,,
,,,,,19231,3.0,3,,,,,,,,
,,,,,19234,3.0,3,,,,,,,,
,,,,,19237,3.0,3,,,,,,,,
,,,,,19240,3.0,3,,,,,,,,
,,,,,19243,3.0,3,,,,,,,,
,,,,,19247,4.0,4,,,,,,,,
,,,,,19250,3.0,3,,,,,,,,
,,,,,19253,3.0,3,,,,,,,,
,,,,,19256,3.0,3,,,,,,,,
,,,,,19259,3.0,3,,,,,,,,
,,,,,19262,3.0,3,,,,,,,,
,,,,,19265,3.0,3,,,,,,,,
,,,,,19268,3.0,3,,,,,,,,
,,,,,19272,4.0,4,,,,,,,,
,,,,,19275,3.0,3,,,,,,,,
,,,,,19278,3.0,3,,,,,,,,
,,,,,19281,3.0,3,,,,,,,,
,,,,,19284,3.0,3,,,,,,,,
,,,,,19287,3.0,3,,,,,,,,
,,,,,19290,3.0,3,,,,,,,,
,,,,,19293,3.0,3,,,,,,,,
,,,,,19296,3.0,3,,,,,,,,
,,,,,19299,3.0,3,,,,,,,,
,,,,,19303,4.0,4,,,,,,,,
,,,,,19306,3.0,3,,,,,,,,
,,,,,19309,3.0,3,,,,,,,,
,,,,,19312,3.0,3,,,,,,,,
,,,,,19315,3.0,3,,,,,,,,
,,,,,19318,3.0,3,,,,,,,,
,,,,,19322,4.0,4,,,,,,,,
,,,,,19325,3.0,3,,,,,,,,
,,,,,19328,3.0,3,,,,,,,,
,,,,,19331,3.0,3,,,,,,,,
,,,,,19334,3.0,3,,,,,,,,
,,,,,19337,3.0,3,,,,,,,,
,,,,,19340,3.0,3,,,,,,,,
,,,,,19345,5.0,5,,,,,,,,
,,,,,19348,3.0,3,,,,,,,,
,,,,,19351,3.0,3,,,,,,,,
,,,,,19354,3.0,3,,,,,,,,
,,,,,19357,3.0,3,,,,,,,,
,,,,,19361,4.0,4,,,,,,,,
,,,,,19364,3.0,3,,,,,,,,
,,,,,19367,3.0,3,,,,,,,,
,,,,,19370,3.0,3,,,,,,,,
,,,,,19373,3.0,3,,,,,,,,
,,,,,19376,3.0,3,,,,,,,,
,,,,,19379,3.0,3,,,,,,,,
,,,,,19382,3.0,3,,,,,,,,
,,,,,19385,3.0,3,,,,,,,,
,,,,,19388,3.0,3,,,,,,,,
,,,,,19391,3.0,3,,,,,,,,
,,,,,19394,3.0,3,,,,,,,,
,,,,,19397,3.0,3,,,,,,,,
,,,,,19400,3.0,3,,,,,,,,
,,,,,19403,3.0,3,,,,,,,,
,,,,,19406,3.0,3,,,,,,,,
,,,,,19409,3.0,3,,,,,,,,
,,,,,19412,3.0,3,,,,,,,,
,,,,,19415,3.0,3,,,,,,,,
,,,,,19418,3.0,3,,,,,,,,
,,,,,19421,3.0,3,,,,,,,,
,,,,,19424,3.0,3,,,,,,,,
,,,,,19427,3.0,3,,,,,,,,
,,,,,19430,3.0,3,,,,,,,,
,,,,,19433,3.0,3,,,,,,,,
,,,,,19436,3.0,3,,,,,,,,
,,,,,19439,3.0,3,,,,,,,,
,,,,,19442,3.0,3,,,,,,,,
,,,,,19445,3.0,3,,,,,,,,
,,,,,19450,5.0,5,,,,,,,,
,,,,,19453,3.0,3,,,,,,,,
,,,,,19456,3.0,3,,,,,,,,
,,,,,19459,3.0,3,,,,,,,,
,,,,,19462,3.0,3,,,,,,,,
,,,,,19465,3.0,3,,,,,,,,
,,,,,19468,3.0,3,,,,,,,,
,,,,,19471,3.0,3,,,,,,,,
,,,,,19475,4.0,4,,,,,,,,
,,,,,19478,3.0,3,,,,,,,,
,,,,,19481,3.0,3,,,,,,,,
,,,,,19484,3.0,3,,,,,,,,
,,,,,19487,3.0,3,,,,,,,,
,,,,,19490,3.0,3,,,,,,,,
,,,,,19493,3.0,3,,,,,,,,
,,,,,19496,3.0,3,,,,,,,,
,,,,,19499,3.0,3,,,,,,,,
,,,,,19502,3.0,3,,,,,,,,
,,,,,19505,3.0,3,,,,,,,,
,,,,,19508,3.0,3,,,,,,,,
,,,,,19511,3.0,3,,,,,,,,
,,,,,19514,3.0,3,,,,,,,,
,,,,,19518,4.0,4,,,,,,,,
,,,,,19521,3.0,3,,,,,,,,
,,,,,19524,3.0,3,,,,,,,,
,,,,,19527,3.0,3,,,,,,,,
,,,,,19531,4.0,4,,,,,,,,
,,,,,19534,3.0,3,,,,,,,,
,,,,,19537,3.0,3,,,,,,,,
,,,,,19540,3.0,3,,,,,,,,
,,,,,19543,3.0,3,,,,,,,,
,,,,,19546,3.0,3,,,,,,,,
,,,,,19549,3.0,3,,,,,,,,
,,,,,19552,3.0,3,,,,,,,,
,,,,,19555,3.0,3,,,,,,,,
,,,,,19559,4.0,4,,,,,,,,
,,,,,19562,3.0,3,,,,,,,,
,,,,,19565,3.0,3,,,,,,,,
,,,,,19568,3.0,3,,,,,,,,
,,,,,19571,3.0,3,,,,,,,,
,,,,,19575,4.0,4,,,,,,,,
,,,,,19578,3.0,3,,,,,,,,
,,,,,19582,4.0,4,,,,,,,,
,,,,,19585,3.0,3,,,,,,,,
,,,,,19588,3.0,3,,,,,,,,
,,,,,19591,3.0,3,,,,,,,,
,,,,,19594,3.0,3,,,,,,,,
,,,,,19597,3.0,3,,,,,,,,
,,,,,19600,3.0,3,,,,,,,,
,,,,,19603,3.0,3,,,,,,,,
,,,,,19606,3.0,3,,,,,,,,
,,,,,19609,3.0,3,,,,,,,,
,,,,,19612,3.0,3,,,,,,,,
,,,,,19615,3.0,3,,,,,,,,
,,,,,19619,4.0,4,,,,,,,,
,,,,,19622,3.0,3,,,,,,,,
,,,,,19625,3.0,3,,,,,,,,
,,,,,19628,3.0,3,,,,,,,,
,,,,,19631,3.0,3,,,,,,,,
,,,,,19634,3.0,3,,,,,,,,
,,,,,19637,3.0,3,,,,,,,,
,,,,,19640,3.0,3,,,,,,,,
,,,,,19643,3.0,3,,,,,,,,
,,,,,19646,3.0,3,,,,,,,,
,,,,,19649,3.0,3,,,,,,,,
,,,,,19652,3.0,3,,,,,,,,
,,,,,19656,4.0,4,,,,,,,,
,,,,,19659,3.0,3,,,,,,,,
,,,,,19662,3.0,3,,,,,,,,
,,,,,19665,3.0,3,,,,,,,,
,,,,,19668,3.0,3,,,,,,,,
,,,,,19671,3.0,3,,,,,,,,
,,,,,19674,3.0,3,,,,,,,,
,,,,,19677,3.0,3,,,,,,,,
,,,,,19680,3.0,3,,,,,,,,
,,,,,19683,3.0,3,,,,,,,,
,,,,,19686,3.0,3,,,,,,,,
,,,,,19689,3.0,3,,,,,,,,
,,,,,19692,3.0,3,,,,,,,,
,,,,,19695,3.0,3,,,,,,,,
,,,,,19698,3.0,3,,,,,,,,
,,,,,19701,3.0,3,,,,,,,,
,,,,,19704,3.0,3,,,,,,,,
,,,,,19707,3.0,3,,,,,,,,
,,,,,19710,3.0,3,,,,,,,,
,,,,,19714,4.0,4,,,,,,,,
,,,,,19717,3.0,3,,,,,,,,
,,,,,19720,3.0,3,,,,,,,,
,,,,,19723,3.0,3,,,,,,,,
,,,,,19726,3.0,3,,,,,,,,
,,,,,19729,3.0,3,,,,,,,,
,,,,,19732,3.0,3,,,,,,,,
,,,,,19735,3.0,3,,,,,,,,
,,,,,19738,3.0,3,,,,,,,,
,,,,,19741,3.0,3,,,,,,,,
,,,,,19744,3.0,3,,,,,,,,
,,,,,19747,3.0,3,,,,,,,,
,,,,,19750,3.0,3,,,,,,,,
,,,,,19754,4.0,4,,,,,,,,
,,,,,19757,3.0,3,,,,,,,,
,,,,,19760,3.0,3,,,,,,,,
,,,,,19763,3.0,3,,,,,,,,
,,,,,19766,3.0,3,,,,,,,,
,,,,,19769,3.0,3,,,,,,,,
,,,,,19772,3.0,3,,,,,,,,
,,,,,19775,3.0,3,,,,,,,,
,,,,,19778,3.0,3,,,,,,,,
,,,,,19781,3.0,3,,,,,,,,
,,,,,19784,3.0,3,,,,,,,,
,,,,,19787,3.0,3,,,,,,,,
,,,,,19790,3.0,3,,,,,,,,
,,,,,19793,3.0,3,,,,,,,,
,,,,,19796,3.0,3,,,,,,,,
,,,,,19799,3.0,3,,,,,,,,
,,,,,19802,3.0,3,,,,,,,,
,,,,,19805,3.0,3,,,,,,,,
,,,,,19808,3.0,3,,,,,,,,
,,,,,19811,3.0,3,,,,,,,,
,,,,,19814,3.0,3,,,,,,,,
,,,,,19817,3.0,3,,,,,,,,
,,,,,19820,3.0,3,,,,,,,,
,,,,,19823,3.0,3,,,,,,,,
,,,,,19826,3.0,3,,,,,,,,
,,,,,19829,3.0,3,,,,,,,,
,,,,,19832,3.0,3,,,,,,,,
,,,,,19835,3.0,3,,,,,,,,
,,,,,19839,4.0,4,,,,,,,,
,,,,,19842,3.0,3,,,,,,,,
,,,,,19845,3.0,3,,,,,,,,
,,,,,19848,3.0,3,,,,,,,,
,,,,,19851,3.0,3,,,,,,,,
,,,,,19854,3.0,3,,,,,,,,
,,,,,19857,3.0,3,,,,,,,,
,,,,,19860,3.0,3,,,,,,,,
,,,,,19863,3.0,3,,,,,,,,
,,,,,19866,3.0,3,,,,,,,,
,,,,,19869,3.0,3,,,,,,,,
,,,,,19872,3.0,3,,,,,,,,
,,,,,19875,3.0,3,,,,,,,,
,,,,,19878,3.0,3,,,,,,,,
,,,,,19881,3.0,3,,,,,,,,
,,,,,19884,3.0,3,,,,,,,,
,,,,,19887,3.0,3,,,,,,,,
,,,,,19890,3.0,3,,,,,,,,
,,,,,19893,3.0,3,,,,,,,,
,,,,,19896,3.0,3,,,,,,,,
,,,,,19899,3.0,3,,,,,,,,
,,,,,19902,3.0,3,,,,,,,,
,,,,,19905,3.0,3,,,,,,,,
,,,,,19909,4.0,4,,,,,,,,
,,,,,19912,3.0,3,,,,,,,,
,,,,,19915,3.0,3,,,,,,,,
,,,,,19918,3.0,3,,,,,,,,
,,,,,19923,5.0,5,,,,,,,,
,,,,,19926,3.0,3,,,,,,,,
,,,,,19929,3.0,3,,,,,,,,
,,,,,19932,3.0,3,,,,,,,,
,,,,,19935,3.0,3,,,,,,,,
,,,,,19938,3.0,3,,,,,,,,
,,,,,19941,3.0,3,,,,,,,,
,,,,,19944,3.0,3,,,,,,,,
,,,,,19947,3.0,3,,,,,,,,
,,,,,19951,4.0,4,,,,,,,,
,,,,,19954,3.0,3,,,,,,,,
,,,,,19957,3.0,3,,,,,,,,
,,,,,19960,3.0,3,,,,,,,,
,,,,,19963,3.0,3,,,,,,,,
,,,,,19966,3.0,3,,,,,,,,
,,,,,19969,3.0,3,,,,,,,,
,,,,,19972,3.0,3,,,,,,,,
,,,,,19975,3.0,3,,,,,,,,
,,,,,19978,3.0,3,,,,,,,,
,,,,,19981,3.0,3,,,,,,,,
,,,,,19984,3.0,3,,,,,,,,
,,,,,19987,3.0,3,,,,,,,,
,,,,,19990,3.0,3,,,,,,,,
,,,,,19993,3.0,3,,,,,,,,
,,,,,19996,3.0,3,,,,,,,,
,,,,,19999,3.0,3,,,,,,,,
3.1,0.3,4.0,3.0,3.1,20000,,,0.3313784599304199,-3.313784599304199,0.02452690154314041,1.6653436422348022,1.6645331382751465,0.0003,0.0003,0.1
,,,,,20004,5.0,5,,,,,,,,
,,,,,20007,3.0,3,,,,,,,,
,,,,,20010,3.0,3,,,,,,,,
,,,,,20013,3.0,3,,,,,,,,
,,,,,20016,3.0,3,,,,,,,,
,,,,,20019,3.0,3,,,,,,,,
,,,,,20022,3.0,3,,,,,,,,
,,,,,20025,3.0,3,,,,,,,,
,,,,,20028,3.0,3,,,,,,,,
,,,,,20031,3.0,3,,,,,,,,
,,,,,20034,3.0,3,,,,,,,,
,,,,,20037,3.0,3,,,,,,,,
,,,,,20040,3.0,3,,,,,,,,
,,,,,20043,3.0,3,,,,,,,,
,,,,,20046,3.0,3,,,,,,,,
,,,,,20049,3.0,3,,,,,,,,
,,,,,20052,3.0,3,,,,,,,,
,,,,,20055,3.0,3,,,,,,,,
,,,,,20058,3.0,3,,,,,,,,
,,,,,20061,3.0,3,,,,,,,,
,,,,,20064,3.0,3,,,,,,,,
,,,,,20067,3.0,3,,,,,,,,
,,,,,20070,3.0,3,,,,,,,,
,,,,,20074,4.0,4,,,,,,,,
,,,,,20077,3.0,3,,,,,,,,
,,,,,20080,3.0,3,,,,,,,,
,,,,,20083,3.0,3,,,,,,,,
,,,,,20086,3.0,3,,,,,,,,
,,,,,20089,3.0,3,,,,,,,,
,,,,,20092,3.0,3,,,,,,,,
,,,,,20095,3.0,3,,,,,,,,
,,,,,20099,4.0,4,,,,,,,,
,,,,,20102,3.0,3,,,,,,,,
,,,,,20106,4.0,4,,,,,,,,
,,,,,20109,3.0,3,,,,,,,,
,,,,,20112,3.0,3,,,,,,,,
,,,,,20115,3.0,3,,,,,,,,
,,,,,20118,3.0,3,,,,,,,,
,,,,,20121,3.0,3,,,,,,,,
,,,,,20124,3.0,3,,,,,,,,
,,,,,20127,3.0,3,,,,,,,,
,,,,,20130,3.0,3,,,,,,,,
,,,,,20133,3.0,3,,,,,,,,
,,,,,20136,3.0,3,,,,,,,,
,,,,,20140,4.0,4,,,,,,,,
,,,,,20143,3.0,3,,,,,,,,
,,,,,20146,3.0,3,,,,,,,,
,,,,,20149,3.0,3,,,,,,,,
,,,,,20152,3.0,3,,,,,,,,
,,,,,20155,3.0,3,,,,,,,,
,,,,,20158,3.0,3,,,,,,,,
,,,,,20161,3.0,3,,,,,,,,
,,,,,20164,3.0,3,,,,,,,,
,,,,,20167,3.0,3,,,,,,,,
,,,,,20170,3.0,3,,,,,,,,
,,,,,20173,3.0,3,,,,,,,,
,,,,,20176,3.0,3,,,,,,,,
,,,,,20179,3.0,3,,,,,,,,
,,,,,20182,3.0,3,,,,,,,,
,,,,,20185,3.0,3,,,,,,,,
,,,,,20188,3.0,3,,,,,,,,
,,,,,20191,3.0,3,,,,,,,,
,,,,,20194,3.0,3,,,,,,,,
,,,,,20197,3.0,3,,,,,,,,
,,,,,20200,3.0,3,,,,,,,,
,,,,,20204,4.0,4,,,,,,,,
,,,,,20207,3.0,3,,,,,,,,
,,,,,20211,4.0,4,,,,,,,,
,,,,,20215,4.0,4,,,,,,,,
,,,,,20218,3.0,3,,,,,,,,
,,,,,20221,3.0,3,,,,,,,,
,,,,,20224,3.0,3,,,,,,,,
,,,,,20227,3.0,3,,,,,,,,
,,,,,20230,3.0,3,,,,,,,,
,,,,,20233,3.0,3,,,,,,,,
,,,,,20237,4.0,4,,,,,,,,
,,,,,20240,3.0,3,,,,,,,,
,,,,,20243,3.0,3,,,,,,,,
,,,,,20246,3.0,3,,,,,,,,
,,,,,20249,3.0,3,,,,,,,,
,,,,,20252,3.0,3,,,,,,,,
,,,,,20255,3.0,3,,,,,,,,
,,,,,20258,3.0,3,,,,,,,,
,,,,,20261,3.0,3,,,,,,,,
,,,,,20264,3.0,3,,,,,,,,
,,,,,20268,4.0,4,,,,,,,,
,,,,,20272,4.0,4,,,,,,,,
,,,,,20275,3.0,3,,,,,,,,
,,,,,20278,3.0,3,,,,,,,,
,,,,,20281,3.0,3,,,,,,,,
,,,,,20284,3.0,3,,,,,,,,
,,,,,20287,3.0,3,,,,,,,,
,,,,,20290,3.0,3,,,,,,,,
,,,,,20293,3.0,3,,,,,,,,
,,,,,20296,3.0,3,,,,,,,,
,,,,,20299,3.0,3,,,,,,,,
,,,,,20302,3.0,3,,,,,,,,
,,,,,20305,3.0,3,,,,,,,,
,,,,,20308,3.0,3,,,,,,,,
,,,,,20311,3.0,3,,,,,,,,
,,,,,20314,3.0,3,,,,,,,,
,,,,,20317,3.0,3,,,,,,,,
,,,,,20320,3.0,3,,,,,,,,
,,,,,20325,5.0,5,,,,,,,,
,,,,,20328,3.0,3,,,,,,,,
,,,,,20331,3.0,3,,,,,,,,
,,,,,20334,3.0,3,,,,,,,,
,,,,,20337,3.0,3,,,,,,,,
,,,,,20340,3.0,3,,,,,,,,
,,,,,20343,3.0,3,,,,,,,,
,,,,,20346,3.0,3,,,,,,,,
,,,,,20350,4.0,4,,,,,,,,
,,,,,20353,3.0,3,,,,,,,,
,,,,,20356,3.0,3,,,,,,,,
,,,,,20359,3.0,3,,,,,,,,
,,,,,20362,3.0,3,,,,,,,,
,,,,,20365,3.0,3,,,,,,,,
,,,,,20368,3.0,3,,,,,,,,
,,,,,20371,3.0,3,,,,,,,,
,,,,,20374,3.0,3,,,,,,,,
,,,,,20377,3.0,3,,,,,,,,
,,,,,20380,3.0,3,,,,,,,,
,,,,,20383,3.0,3,,,,,,,,
,,,,,20386,3.0,3,,,,,,,,
,,,,,20389,3.0,3,,,,,,,,
,,,,,20392,3.0,3,,,,,,,,
,,,,,20395,3.0,3,,,,,,,,
,,,,,20398,3.0,3,,,,,,,,
,,,,,20401,3.0,3,,,,,,,,
,,,,,20404,3.0,3,,,,,,,,
,,,,,20407,3.0,3,,,,,,,,
,,,,,20411,4.0,4,,,,,,,,
,,,,,20414,3.0,3,,,,,,,,
,,,,,20417,3.0,3,,,,,,,,
,,,,,20420,3.0,3,,,,,,,,
,,,,,20423,3.0,3,,,,,,,,
,,,,,20426,3.0,3,,,,,,,,
,,,,,20429,3.0,3,,,,,,,,
,,,,,20432,3.0,3,,,,,,,,
,,,,,20435,3.0,3,,,,,,,,
,,,,,20438,3.0,3,,,,,,,,
,,,,,20441,3.0,3,,,,,,,,
,,,,,20444,3.0,3,,,,,,,,
,,,,,20447,3.0,3,,,,,,,,
,,,,,20450,3.0,3,,,,,,,,
,,,,,20453,3.0,3,,,,,,,,
,,,,,20456,3.0,3,,,,,,,,
,,,,,20459,3.0,3,,,,,,,,
,,,,,20462,3.0,3,,,,,,,,
,,,,,20465,3.0,3,,,,,,,,
,,,,,20468,3.0,3,,,,,,,,
,,,,,20471,3.0,3,,,,,,,,
,,,,,20474,3.0,3,,,,,,,,
,,,,,20477,3.0,3,,,,,,,,
,,,,,20480,3.0,3,,,,,,,,
,,,,,20483,3.0,3,,,,,,,,
,,,,,20486,3.0,3,,,,,,,,
,,,,,20489,3.0,3,,,,,,,,
,,,,,20492,3.0,3,,,,,,,,
,,,,,20495,3.0,3,,,,,,,,
,,,,,20498,3.0,3,,,,,,,,
,,,,,20501,3.0,3,,,,,,,,
,,,,,20504,3.0,3,,,,,,,,
,,,,,20507,3.0,3,,,,,,,,
,,,,,20510,3.0,3,,,,,,,,
,,,,,20513,3.0,3,,,,,,,,
,,,,,20516,3.0,3,,,,,,,,
,,,,,20519,3.0,3,,,,,,,,
,,,,,20522,3.0,3,,,,,,,,
,,,,,20525,3.0,3,,,,,,,,
,,,,,20528,3.0,3,,,,,,,,
,,,,,20531,3.0,3,,,,,,,,
,,,,,20535,4.0,4,,,,,,,,
,,,,,20538,3.0,3,,,,,,,,
,,,,,20541,3.0,3,,,,,,,,
,,,,,20544,3.0,3,,,,,,,,
,,,,,20547,3.0,3,,,,,,,,
,,,,,20550,3.0,3,,,,,,,,
,,,,,20553,3.0,3,,,,,,,,
,,,,,20556,3.0,3,,,,,,,,
,,,,,20559,3.0,3,,,,,,,,
,,,,,20562,3.0,3,,,,,,,,
,,,,,20566,4.0,4,,,,,,,,
,,,,,20569,3.0,3,,,,,,,,
,,,,,20572,3.0,3,,,,,,,,
,,,,,20575,3.0,3,,,,,,,,
,,,,,20578,3.0,3,,,,,,,,
,,,,,20581,3.0,3,,,,,,,,
,,,,,20584,3.0,3,,,,,,,,
,,,,,20587,3.0,3,,,,,,,,
,,,,,20590,3.0,3,,,,,,,,
,,,,,20593,3.0,3,,,,,,,,
,,,,,20596,3.0,3,,,,,,,,
,,,,,20599,3.0,3,,,,,,,,
,,,,,20602,3.0,3,,,,,,,,
,,,,,20605,3.0,3,,,,,,,,
,,,,,20608,3.0,3,,,,,,,,
,,,,,20611,3.0,3,,,,,,,,
,,,,,20614,3.0,3,,,,,,,,
,,,,,20617,3.0,3,,,,,,,,
,,,,,20620,3.0,3,,,,,,,,
,,,,,20623,3.0,3,,,,,,,,
,,,,,20626,3.0,3,,,,,,,,
,,,,,20629,3.0,3,,,,,,,,
,,,,,20632,3.0,3,,,,,,,,
,,,,,20635,3.0,3,,,,,,,,
,,,,,20638,3.0,3,,,,,,,,
,,,,,20641,3.0,3,,,,,,,,
,,,,,20644,3.0,3,,,,,,,,
,,,,,20647,3.0,3,,,,,,,,
,,,,,20650,3.0,3,,,,,,,,
,,,,,20653,3.0,3,,,,,,,,
,,,,,20656,3.0,3,,,,,,,,
,,,,,20659,3.0,3,,,,,,,,
,,,,,20662,3.0,3,,,,,,,,
,,,,,20666,4.0,4,,,,,,,,
,,,,,20669,3.0,3,,,,,,,,
,,,,,20672,3.0,3,,,,,,,,
,,,,,20675,3.0,3,,,,,,,,
,,,,,20678,3.0,3,,,,,,,,
,,,,,20681,3.0,3,,,,,,,,
,,,,,20684,3.0,3,,,,,,,,
,,,,,20687,3.0,3,,,,,,,,
,,,,,20690,3.0,3,,,,,,,,
,,,,,20693,3.0,3,,,,,,,,
,,,,,20696,3.0,3,,,,,,,,
,,,,,20699,3.0,3,,,,,,,,
,,,,,20702,3.0,3,,,,,,,,
,,,,,20705,3.0,3,,,,,,,,
,,,,,20708,3.0,3,,,,,,,,
,,,,,20711,3.0,3,,,,,,,,
,,,,,20714,3.0,3,,,,,,,,
,,,,,20717,3.0,3,,,,,,,,
,,,,,20720,3.0,3,,,,,,,,
,,,,,20723,3.0,3,,,,,,,,
,,,,,20726,3.0,3,,,,,,,,
,,,,,20729,3.0,3,,,,,,,,
,,,,,20732,3.0,3,,,,,,,,
,,,,,20736,4.0,4,,,,,,,,
,,,,,20739,3.0,3,,,,,,,,
,,,,,20742,3.0,3,,,,,,,,
,,,,,20747,5.0,5,,,,,,,,
,,,,,20750,3.0,3,,,,,,,,
,,,,,20753,3.0,3,,,,,,,,
,,,,,20756,3.0,3,,,,,,,,
,,,,,20759,3.0,3,,,,,,,,
,,,,,20762,3.0,3,,,,,,,,
,,,,,20765,3.0,3,,,,,,,,
,,,,,20768,3.0,3,,,,,,,,
,,,,,20771,3.0,3,,,,,,,,
,,,,,20774,3.0,3,,,,,,,,
,,,,,20777,3.0,3,,,,,,,,
,,,,,20780,3.0,3,,,,,,,,
,,,,,20783,3.0,3,,,,,,,,
,,,,,20786,3.0,3,,,,,,,,
,,,,,20789,3.0,3,,,,,,,,
,,,,,20792,3.0,3,,,,,,,,
,,,,,20795,3.0,3,,,,,,,,
,,,,,20798,3.0,3,,,,,,,,
,,,,,20801,3.0,3,,,,,,,,
,,,,,20804,3.0,3,,,,,,,,
,,,,,20807,3.0,3,,,,,,,,
,,,,,20810,3.0,3,,,,,,,,
,,,,,20813,3.0,3,,,,,,,,
,,,,,20816,3.0,3,,,,,,,,
,,,,,20819,3.0,3,,,,,,,,
,,,,,20822,3.0,3,,,,,,,,
,,,,,20825,3.0,3,,,,,,,,
,,,,,20828,3.0,3,,,,,,,,
,,,,,20831,3.0,3,,,,,,,,
,,,,,20834,3.0,3,,,,,,,,
,,,,,20837,3.0,3,,,,,,,,
,,,,,20840,3.0,3,,,,,,,,
,,,,,20843,3.0,3,,,,,,,,
,,,,,20846,3.0,3,,,,,,,,
,,,,,20849,3.0,3,,,,,,,,
,,,,,20852,3.0,3,,,,,,,,
,,,,,20855,3.0,3,,,,,,,,
,,,,,20858,3.0,3,,,,,,,,
,,,,,20861,3.0,3,,,,,,,,
,,,,,20864,3.0,3,,,,,,,,
,,,,,20867,3.0,3,,,,,,,,
,,,,,20870,3.0,3,,,,,,,,
,,,,,20873,3.0,3,,,,,,,,
,,,,,20876,3.0,3,,,,,,,,
,,,,,20879,3.0,3,,,,,,,,
,,,,,20882,3.0,3,,,,,,,,
,,,,,20885,3.0,3,,,,,,,,
,,,,,20888,3.0,3,,,,,,,,
,,,,,20891,3.0,3,,,,,,,,
,,,,,20894,3.0,3,,,,,,,,
,,,,,20897,3.0,3,,,,,,,,
,,,,,20900,3.0,3,,,,,,,,
,,,,,20903,3.0,3,,,,,,,,
,,,,,20906,3.0,3,,,,,,,,
,,,,,20909,3.0,3,,,,,,,,
,,,,,20912,3.0,3,,,,,,,,
,,,,,20915,3.0,3,,,,,,,,
,,,,,20918,3.0,3,,,,,,,,
,,,,,20921,3.0,3,,,,,,,,
,,,,,20924,3.0,3,,,,,,,,
,,,,,20927,3.0,3,,,,,,,,
,,,,,20930,3.0,3,,,,,,,,
,,,,,20933,3.0,3,,,,,,,,
,,,,,20936,3.0,3,,,,,,,,
,,,,,20939,3.0,3,,,,,,,,
,,,,,20942,3.0,3,,,,,,,,
,,,,,20945,3.0,3,,,,,,,,
,,,,,20948,3.0,3,,,,,,,,
,,,,,20951,3.0,3,,,,,,,,
,,,,,20954,3.0,3,,,,,,,,
,,,,,20957,3.0,3,,,,,,,,
,,,,,20960,3.0,3,,,,,,,,
,,,,,20963,3.0,3,,,,,,,,
,,,,,20966,3.0,3,,,,,,,,
,,,,,20969,3.0,3,,,,,,,,
,,,,,20972,3.0,3,,,,,,,,
,,,,,20975,3.0,3,,,,,,,,
,,,,,20979,4.0,4,,,,,,,,
,,,,,20982,3.0,3,,,,,,,,
,,,,,20985,3.0,3,,,,,,,,
,,,,,20989,4.0,4,,,,,,,,
,,,,,20992,3.0,3,,,,,,,,
,,,,,20995,3.0,3,,,,,,,,
,,,,,20998,3.0,3,,,,,,,,
,,,,,21000,,,0.49053096771240234,-4.905309677124023,0.003200289560481906,1.4629292488098145,1.4423868656158447,0.0003,0.0003,0.1
,,,,,21001,3.0,3,,,,,,,,
,,,,,21004,3.0,3,,,,,,,,
,,,,,21007,3.0,3,,,,,,,,
,,,,,21010,3.0,3,,,,,,,,
,,,,,21013,3.0,3,,,,,,,,
,,,,,21016,3.0,3,,,,,,,,
,,,,,21019,3.0,3,,,,,,,,
,,,,,21022,3.0,3,,,,,,,,
,,,,,21025,3.0,3,,,,,,,,
,,,,,21028,3.0,3,,,,,,,,
,,,,,21031,3.0,3,,,,,,,,
,,,,,21034,3.0,3,,,,,,,,
,,,,,21037,3.0,3,,,,,,,,
,,,,,21040,3.0,3,,,,,,,,
,,,,,21043,3.0,3,,,,,,,,
,,,,,21046,3.0,3,,,,,,,,
,,,,,21049,3.0,3,,,,,,,,
,,,,,21052,3.0,3,,,,,,,,
,,,,,21055,3.0,3,,,,,,,,
,,,,,21058,3.0,3,,,,,,,,
,,,,,21061,3.0,3,,,,,,,,
,,,,,21064,3.0,3,,,,,,,,
,,,,,21067,3.0,3,,,,,,,,
,,,,,21070,3.0,3,,,,,,,,
,,,,,21073,3.0,3,,,,,,,,
,,,,,21076,3.0,3,,,,,,,,
,,,,,21079,3.0,3,,,,,,,,
,,,,,21082,3.0,3,,,,,,,,
,,,,,21085,3.0,3,,,,,,,,
,,,,,21088,3.0,3,,,,,,,,
,,,,,21091,3.0,3,,,,,,,,
,,,,,21094,3.0,3,,,,,,,,
,,,,,21097,3.0,3,,,,,,,,
,,,,,21100,3.0,3,,,,,,,,
,,,,,21103,3.0,3,,,,,,,,
,,,,,21106,3.0,3,,,,,,,,
,,,,,21109,3.0,3,,,,,,,,
,,,,,21112,3.0,3,,,,,,,,
,,,,,21115,3.0,3,,,,,,,,
,,,,,21118,3.0,3,,,,,,,,
,,,,,21121,3.0,3,,,,,,,,
,,,,,21124,3.0,3,,,,,,,,
,,,,,21127,3.0,3,,,,,,,,
,,,,,21130,3.0,3,,,,,,,,
,,,,,21133,3.0,3,,,,,,,,
,,,,,21136,3.0,3,,,,,,,,
,,,,,21139,3.0,3,,,,,,,,
,,,,,21142,3.0,3,,,,,,,,
,,,,,21145,3.0,3,,,,,,,,
,,,,,21148,3.0,3,,,,,,,,
,,,,,21151,3.0,3,,,,,,,,
,,,,,21154,3.0,3,,,,,,,,
,,,,,21158,4.0,4,,,,,,,,
,,,,,21161,3.0,3,,,,,,,,
,,,,,21164,3.0,3,,,,,,,,
,,,,,21167,3.0,3,,,,,,,,
,,,,,21170,3.0,3,,,,,,,,
,,,,,21173,3.0,3,,,,,,,,
,,,,,21176,3.0,3,,,,,,,,
,,,,,21179,3.0,3,,,,,,,,
,,,,,21182,3.0,3,,,,,,,,
,,,,,21185,3.0,3,,,,,,,,
,,,,,21188,3.0,3,,,,,,,,
,,,,,21191,3.0,3,,,,,,,,
,,,,,21194,3.0,3,,,,,,,,
,,,,,21197,3.0,3,,,,,,,,
,,,,,21201,4.0,4,,,,,,,,
,,,,,21204,3.0,3,,,,,,,,
,,,,,21207,3.0,3,,,,,,,,
,,,,,21210,3.0,3,,,,,,,,
,,,,,21213,3.0,3,,,,,,,,
,,,,,21216,3.0,3,,,,,,,,
,,,,,21219,3.0,3,,,,,,,,
,,,,,21222,3.0,3,,,,,,,,
,,,,,21225,3.0,3,,,,,,,,
,,,,,21228,3.0,3,,,,,,,,
,,,,,21231,3.0,3,,,,,,,,
,,,,,21234,3.0,3,,,,,,,,
,,,,,21237,3.0,3,,,,,,,,
,,,,,21241,4.0,4,,,,,,,,
,,,,,21244,3.0,3,,,,,,,,
,,,,,21249,5.0,5,,,,,,,,
,,,,,21252,3.0,3,,,,,,,,
,,,,,21255,3.0,3,,,,,,,,
,,,,,21258,3.0,3,,,,,,,,
,,,,,21261,3.0,3,,,,,,,,
,,,,,21264,3.0,3,,,,,,,,
,,,,,21267,3.0,3,,,,,,,,
,,,,,21270,3.0,3,,,,,,,,
,,,,,21273,3.0,3,,,,,,,,
,,,,,21276,3.0,3,,,,,,,,
,,,,,21279,3.0,3,,,,,,,,
,,,,,21282,3.0,3,,,,,,,,
,,,,,21285,3.0,3,,,,,,,,
,,,,,21288,3.0,3,,,,,,,,
,,,,,21291,3.0,3,,,,,,,,
,,,,,21294,3.0,3,,,,,,,,
,,,,,21297,3.0,3,,,,,,,,
,,,,,21300,3.0,3,,,,,,,,
,,,,,21303,3.0,3,,,,,,,,
,,,,,21306,3.0,3,,,,,,,,
,,,,,21309,3.0,3,,,,,,,,
,,,,,21312,3.0,3,,,,,,,,
,,,,,21315,3.0,3,,,,,,,,
,,,,,21318,3.0,3,,,,,,,,
,,,,,21321,3.0,3,,,,,,,,
,,,,,21324,3.0,3,,,,,,,,
,,,,,21327,3.0,3,,,,,,,,
,,,,,21330,3.0,3,,,,,,,,
,,,,,21333,3.0,3,,,,,,,,
,,,,,21336,3.0,3,,,,,,,,
,,,,,21339,3.0,3,,,,,,,,
,,,,,21342,3.0,3,,,,,,,,
,,,,,21345,3.0,3,,,,,,,,
,,,,,21348,3.0,3,,,,,,,,
,,,,,21352,4.0,4,,,,,,,,
,,,,,21355,3.0,3,,,,,,,,
,,,,,21358,3.0,3,,,,,,,,
,,,,,21361,3.0,3,,,,,,,,
,,,,,21364,3.0,3,,,,,,,,
,,,,,21367,3.0,3,,,,,,,,
,,,,,21370,3.0,3,,,,,,,,
,,,,,21373,3.0,3,,,,,,,,
,,,,,21376,3.0,3,,,,,,,,
,,,,,21379,3.0,3,,,,,,,,
,,,,,21382,3.0,3,,,,,,,,
,,,,,21385,3.0,3,,,,,,,,
,,,,,21388,3.0,3,,,,,,,,
,,,,,21391,3.0,3,,,,,,,,
,,,,,21394,3.0,3,,,,,,,,
,,,,,21397,3.0,3,,,,,,,,
,,,,,21400,3.0,3,,,,,,,,
,,,,,21403,3.0,3,,,,,,,,
,,,,,21406,3.0,3,,,,,,,,
,,,,,21409,3.0,3,,,,,,,,
,,,,,21412,3.0,3,,,,,,,,
,,,,,21415,3.0,3,,,,,,,,
,,,,,21418,3.0,3,,,,,,,,
,,,,,21421,3.0,3,,,,,,,,
,,,,,21424,3.0,3,,,,,,,,
,,,,,21427,3.0,3,,,,,,,,
,,,,,21430,3.0,3,,,,,,,,
,,,,,21433,3.0,3,,,,,,,,
,,,,,21436,3.0,3,,,,,,,,
,,,,,21439,3.0,3,,,,,,,,
,,,,,21442,3.0,3,,,,,,,,
,,,,,21445,3.0,3,,,,,,,,
,,,,,21448,3.0,3,,,,,,,,
,,,,,21451,3.0,3,,,,,,,,
,,,,,21454,3.0,3,,,,,,,,
,,,,,21457,3.0,3,,,,,,,,
,,,,,21460,3.0,3,,,,,,,,
,,,,,21463,3.0,3,,,,,,,,
,,,,,21466,3.0,3,,,,,,,,
,,,,,21469,3.0,3,,,,,,,,
,,,,,21472,3.0,3,,,,,,,,
,,,,,21475,3.0,3,,,,,,,,
,,,,,21478,3.0,3,,,,,,,,
,,,,,21481,3.0,3,,,,,,,,
,,,,,21484,3.0,3,,,,,,,,
,,,,,21487,3.0,3,,,,,,,,
,,,,,21490,3.0,3,,,,,,,,
,,,,,21493,3.0,3,,,,,,,,
,,,,,21496,3.0,3,,,,,,,,
,,,,,21499,3.0,3,,,,,,,,
,,,,,21503,4.0,4,,,,,,,,
,,,,,21506,3.0,3,,,,,,,,
,,,,,21509,3.0,3,,,,,,,,
,,,,,21512,3.0,3,,,,,,,,
,,,,,21515,3.0,3,,,,,,,,
,,,,,21518,3.0,3,,,,,,,,
,,,,,21521,3.0,3,,,,,,,,
,,,,,21524,3.0,3,,,,,,,,
,,,,,21527,3.0,3,,,,,,,,
,,,,,21530,3.0,3,,,,,,,,
,,,,,21533,3.0,3,,,,,,,,
,,,,,21536,3.0,3,,,,,,,,
,,,,,21539,3.0,3,,,,,,,,
,,,,,21542,3.0,3,,,,,,,,
,,,,,21545,3.0,3,,,,,,,,
,,,,,21548,3.0,3,,,,,,,,
,,,,,21551,3.0,3,,,,,,,,
,,,,,21554,3.0,3,,,,,,,,
,,,,,21557,3.0,3,,,,,,,,
,,,,,21561,4.0,4,,,,,,,,
,,,,,21564,3.0,3,,,,,,,,
,,,,,21567,3.0,3,,,,,,,,
,,,,,21570,3.0,3,,,,,,,,
,,,,,21573,3.0,3,,,,,,,,
,,,,,21576,3.0,3,,,,,,,,
,,,,,21579,3.0,3,,,,,,,,
,,,,,21582,3.0,3,,,,,,,,
,,,,,21585,3.0,3,,,,,,,,
,,,,,21588,3.0,3,,,,,,,,
,,,,,21591,3.0,3,,,,,,,,
,,,,,21594,3.0,3,,,,,,,,
,,,,,21598,4.0,4,,,,,,,,
,,,,,21601,3.0,3,,,,,,,,
,,,,,21604,3.0,3,,,,,,,,
,,,,,21607,3.0,3,,,,,,,,
,,,,,21610,3.0,3,,,,,,,,
,,,,,21613,3.0,3,,,,,,,,
,,,,,21616,3.0,3,,,,,,,,
,,,,,21619,3.0,3,,,,,,,,
,,,,,21622,3.0,3,,,,,,,,
,,,,,21625,3.0,3,,,,,,,,
,,,,,21628,3.0,3,,,,,,,,
,,,,,21631,3.0,3,,,,,,,,
,,,,,21634,3.0,3,,,,,,,,
,,,,,21637,3.0,3,,,,,,,,
,,,,,21640,3.0,3,,,,,,,,
,,,,,21643,3.0,3,,,,,,,,
,,,,,21646,3.0,3,,,,,,,,
,,,,,21649,3.0,3,,,,,,,,
,,,,,21652,3.0,3,,,,,,,,
,,,,,21655,3.0,3,,,,,,,,
,,,,,21658,3.0,3,,,,,,,,
,,,,,21661,3.0,3,,,,,,,,
,,,,,21664,3.0,3,,,,,,,,
,,,,,21667,3.0,3,,,,,,,,
,,,,,21670,3.0,3,,,,,,,,
,,,,,21673,3.0,3,,,,,,,,
,,,,,21676,3.0,3,,,,,,,,
,,,,,21679,3.0,3,,,,,,,,
,,,,,21682,3.0,3,,,,,,,,
,,,,,21685,3.0,3,,,,,,,,
,,,,,21688,3.0,3,,,,,,,,
,,,,,21691,3.0,3,,,,,,,,
,,,,,21694,3.0,3,,,,,,,,
,,,,,21697,3.0,3,,,,,,,,
,,,,,21700,3.0,3,,,,,,,,
,,,,,21703,3.0,3,,,,,,,,
,,,,,21706,3.0,3,,,,,,,,
,,,,,21709,3.0,3,,,,,,,,
,,,,,21712,3.0,3,,,,,,,,
,,,,,21715,3.0,3,,,,,,,,
,,,,,21718,3.0,3,,,,,,,,
,,,,,21721,3.0,3,,,,,,,,
,,,,,21724,3.0,3,,,,,,,,
,,,,,21728,4.0,4,,,,,,,,
,,,,,21731,3.0,3,,,,,,,,
,,,,,21734,3.0,3,,,,,,,,
,,,,,21737,3.0,3,,,,,,,,
,,,,,21740,3.0,3,,,,,,,,
,,,,,21743,3.0,3,,,,,,,,
,,,,,21746,3.0,3,,,,,,,,
,,,,,21749,3.0,3,,,,,,,,
,,,,,21752,3.0,3,,,,,,,,
,,,,,21755,3.0,3,,,,,,,,
,,,,,21758,3.0,3,,,,,,,,
,,,,,21761,3.0,3,,,,,,,,
,,,,,21764,3.0,3,,,,,,,,
,,,,,21767,3.0,3,,,,,,,,
,,,,,21770,3.0,3,,,,,,,,
,,,,,21773,3.0,3,,,,,,,,
,,,,,21776,3.0,3,,,,,,,,
,,,,,21779,3.0,3,,,,,,,,
,,,,,21783,4.0,4,,,,,,,,
,,,,,21786,3.0,3,,,,,,,,
,,,,,21789,3.0,3,,,,,,,,
,,,,,21792,3.0,3,,,,,,,,
,,,,,21795,3.0,3,,,,,,,,
,,,,,21798,3.0,3,,,,,,,,
,,,,,21801,3.0,3,,,,,,,,
,,,,,21804,3.0,3,,,,,,,,
,,,,,21807,3.0,3,,,,,,,,
,,,,,21810,3.0,3,,,,,,,,
,,,,,21813,3.0,3,,,,,,,,
,,,,,21816,3.0,3,,,,,,,,
,,,,,21819,3.0,3,,,,,,,,
,,,,,21822,3.0,3,,,,,,,,
,,,,,21825,3.0,3,,,,,,,,
,,,,,21828,3.0,3,,,,,,,,
,,,,,21831,3.0,3,,,,,,,,
,,,,,21834,3.0,3,,,,,,,,
,,,,,21837,3.0,3,,,,,,,,
,,,,,21840,3.0,3,,,,,,,,
,,,,,21843,3.0,3,,,,,,,,
,,,,,21846,3.0,3,,,,,,,,
,,,,,21849,3.0,3,,,,,,,,
,,,,,21852,3.0,3,,,,,,,,
,,,,,21855,3.0,3,,,,,,,,
,,,,,21858,3.0,3,,,,,,,,
,,,,,21861,3.0,3,,,,,,,,
,,,,,21864,3.0,3,,,,,,,,
,,,,,21867,3.0,3,,,,,,,,
,,,,,21870,3.0,3,,,,,,,,
,,,,,21873,3.0,3,,,,,,,,
,,,,,21876,3.0,3,,,,,,,,
,,,,,21879,3.0,3,,,,,,,,
,,,,,21882,3.0,3,,,,,,,,
,,,,,21885,3.0,3,,,,,,,,
,,,,,21888,3.0,3,,,,,,,,
,,,,,21891,3.0,3,,,,,,,,
,,,,,21894,3.0,3,,,,,,,,
,,,,,21897,3.0,3,,,,,,,,
,,,,,21900,3.0,3,,,,,,,,
,,,,,21903,3.0,3,,,,,,,,
,,,,,21906,3.0,3,,,,,,,,
,,,,,21909,3.0,3,,,,,,,,
,,,,,21912,3.0,3,,,,,,,,
,,,,,21915,3.0,3,,,,,,,,
,,,,,21918,3.0,3,,,,,,,,
,,,,,21921,3.0,3,,,,,,,,
,,,,,21924,3.0,3,,,,,,,,
,,,,,21927,3.0,3,,,,,,,,
,,,,,21930,3.0,3,,,,,,,,
,,,,,21933,3.0,3,,,,,,,,
,,,,,21936,3.0,3,,,,,,,,
,,,,,21939,3.0,3,,,,,,,,
,,,,,21942,3.0,3,,,,,,,,
,,,,,21945,3.0,3,,,,,,,,
,,,,,21948,3.0,3,,,,,,,,
,,,,,21951,3.0,3,,,,,,,,
,,,,,21954,3.0,3,,,,,,,,
,,,,,21957,3.0,3,,,,,,,,
,,,,,21960,3.0,3,,,,,,,,
,,,,,21963,3.0,3,,,,,,,,
,,,,,21966,3.0,3,,,,,,,,
,,,,,21969,3.0,3,,,,,,,,
,,,,,21972,3.0,3,,,,,,,,
,,,,,21975,3.0,3,,,,,,,,
,,,,,21978,3.0,3,,,,,,,,
,,,,,21981,3.0,3,,,,,,,,
,,,,,21984,3.0,3,,,,,,,,
,,,,,21987,3.0,3,,,,,,,,
,,,,,21990,3.0,3,,,,,,,,
,,,,,21993,3.0,3,,,,,,,,
,,,,,21996,3.0,3,,,,,,,,
,,,,,21999,3.0,3,,,,,,,,
,,,,,22000,,,0.5092354416847229,-5.0923542976379395,0.00564318522810936,1.4991028308868408,1.5260789394378662,0.0003,0.0003,0.1
,,,,,22002,3.0,3,,,,,,,,
,,,,,22005,3.0,3,,,,,,,,
,,,,,22008,3.0,3,,,,,,,,
,,,,,22011,3.0,3,,,,,,,,
,,,,,22014,3.0,3,,,,,,,,
,,,,,22017,3.0,3,,,,,,,,
,,,,,22021,4.0,4,,,,,,,,
,,,,,22024,3.0,3,,,,,,,,
,,,,,22027,3.0,3,,,,,,,,
,,,,,22030,3.0,3,,,,,,,,
,,,,,22033,3.0,3,,,,,,,,
,,,,,22036,3.0,3,,,,,,,,
,,,,,22039,3.0,3,,,,,,,,
,,,,,22042,3.0,3,,,,,,,,
,,,,,22045,3.0,3,,,,,,,,
,,,,,22048,3.0,3,,,,,,,,
,,,,,22051,3.0,3,,,,,,,,
,,,,,22054,3.0,3,,,,,,,,
,,,,,22057,3.0,3,,,,,,,,
,,,,,22060,3.0,3,,,,,,,,
,,,,,22063,3.0,3,,,,,,,,
,,,,,22066,3.0,3,,,,,,,,
,,,,,22069,3.0,3,,,,,,,,
,,,,,22072,3.0,3,,,,,,,,
,,,,,22075,3.0,3,,,,,,,,
,,,,,22078,3.0,3,,,,,,,,
,,,,,22081,3.0,3,,,,,,,,
,,,,,22084,3.0,3,,,,,,,,
,,,,,22087,3.0,3,,,,,,,,
,,,,,22090,3.0,3,,,,,,,,
,,,,,22093,3.0,3,,,,,,,,
,,,,,22096,3.0,3,,,,,,,,
,,,,,22099,3.0,3,,,,,,,,
,,,,,22102,3.0,3,,,,,,,,
,,,,,22105,3.0,3,,,,,,,,
,,,,,22108,3.0,3,,,,,,,,
,,,,,22111,3.0,3,,,,,,,,
,,,,,22114,3.0,3,,,,,,,,
,,,,,22118,4.0,4,,,,,,,,
,,,,,22121,3.0,3,,,,,,,,
,,,,,22124,3.0,3,,,,,,,,
,,,,,22127,3.0,3,,,,,,,,
,,,,,22130,3.0,3,,,,,,,,
,,,,,22133,3.0,3,,,,,,,,
,,,,,22137,4.0,4,,,,,,,,
,,,,,22140,3.0,3,,,,,,,,
,,,,,22143,3.0,3,,,,,,,,
,,,,,22146,3.0,3,,,,,,,,
,,,,,22149,3.0,3,,,,,,,,
,,,,,22152,3.0,3,,,,,,,,
,,,,,22155,3.0,3,,,,,,,,
,,,,,22158,3.0,3,,,,,,,,
,,,,,22161,3.0,3,,,,,,,,
,,,,,22164,3.0,3,,,,,,,,
,,,,,22167,3.0,3,,,,,,,,
,,,,,22170,3.0,3,,,,,,,,
,,,,,22173,3.0,3,,,,,,,,
,,,,,22176,3.0,3,,,,,,,,
,,,,,22179,3.0,3,,,,,,,,
,,,,,22182,3.0,3,,,,,,,,
,,,,,22185,3.0,3,,,,,,,,
,,,,,22188,3.0,3,,,,,,,,
,,,,,22191,3.0,3,,,,,,,,
,,,,,22194,3.0,3,,,,,,,,
,,,,,22197,3.0,3,,,,,,,,
,,,,,22200,3.0,3,,,,,,,,
,,,,,22203,3.0,3,,,,,,,,
,,,,,22206,3.0,3,,,,,,,,
,,,,,22209,3.0,3,,,,,,,,
,,,,,22212,3.0,3,,,,,,,,
,,,,,22215,3.0,3,,,,,,,,
,,,,,22218,3.0,3,,,,,,,,
,,,,,22221,3.0,3,,,,,,,,
,,,,,22224,3.0,3,,,,,,,,
,,,,,22227,3.0,3,,,,,,,,
,,,,,22230,3.0,3,,,,,,,,
,,,,,22233,3.0,3,,,,,,,,
,,,,,22236,3.0,3,,,,,,,,
,,,,,22239,3.0,3,,,,,,,,
,,,,,22242,3.0,3,,,,,,,,
,,,,,22245,3.0,3,,,,,,,,
,,,,,22248,3.0,3,,,,,,,,
,,,,,22251,3.0,3,,,,,,,,
,,,,,22254,3.0,3,,,,,,,,
,,,,,22257,3.0,3,,,,,,,,
,,,,,22260,3.0,3,,,,,,,,
,,,,,22263,3.0,3,,,,,,,,
,,,,,22266,3.0,3,,,,,,,,
,,,,,22269,3.0,3,,,,,,,,
,,,,,22272,3.0,3,,,,,,,,
,,,,,22275,3.0,3,,,,,,,,
,,,,,22278,3.0,3,,,,,,,,
,,,,,22281,3.0,3,,,,,,,,
,,,,,22284,3.0,3,,,,,,,,
,,,,,22289,5.0,5,,,,,,,,
,,,,,22293,4.0,4,,,,,,,,
,,,,,22296,3.0,3,,,,,,,,
,,,,,22299,3.0,3,,,,,,,,
,,,,,22302,3.0,3,,,,,,,,
,,,,,22305,3.0,3,,,,,,,,
,,,,,22308,3.0,3,,,,,,,,
,,,,,22311,3.0,3,,,,,,,,
,,,,,22314,3.0,3,,,,,,,,
,,,,,22317,3.0,3,,,,,,,,
,,,,,22320,3.0,3,,,,,,,,
,,,,,22323,3.0,3,,,,,,,,
,,,,,22326,3.0,3,,,,,,,,
,,,,,22329,3.0,3,,,,,,,,
,,,,,22332,3.0,3,,,,,,,,
,,,,,22335,3.0,3,,,,,,,,
,,,,,22338,3.0,3,,,,,,,,
,,,,,22341,3.0,3,,,,,,,,
,,,,,22344,3.0,3,,,,,,,,
,,,,,22347,3.0,3,,,,,,,,
,,,,,22350,3.0,3,,,,,,,,
,,,,,22353,3.0,3,,,,,,,,
,,,,,22356,3.0,3,,,,,,,,
,,,,,22359,3.0,3,,,,,,,,
,,,,,22362,3.0,3,,,,,,,,
,,,,,22365,3.0,3,,,,,,,,
,,,,,22368,3.0,3,,,,,,,,
,,,,,22371,3.0,3,,,,,,,,
,,,,,22374,3.0,3,,,,,,,,
,,,,,22377,3.0,3,,,,,,,,
,,,,,22380,3.0,3,,,,,,,,
,,,,,22383,3.0,3,,,,,,,,
,,,,,22386,3.0,3,,,,,,,,
,,,,,22389,3.0,3,,,,,,,,
,,,,,22392,3.0,3,,,,,,,,
,,,,,22396,4.0,4,,,,,,,,
,,,,,22399,3.0,3,,,,,,,,
,,,,,22402,3.0,3,,,,,,,,
,,,,,22405,3.0,3,,,,,,,,
,,,,,22408,3.0,3,,,,,,,,
,,,,,22411,3.0,3,,,,,,,,
,,,,,22414,3.0,3,,,,,,,,
,,,,,22417,3.0,3,,,,,,,,
,,,,,22421,4.0,4,,,,,,,,
,,,,,22424,3.0,3,,,,,,,,
,,,,,22427,3.0,3,,,,,,,,
,,,,,22430,3.0,3,,,,,,,,
,,,,,22433,3.0,3,,,,,,,,
,,,,,22436,3.0,3,,,,,,,,
,,,,,22439,3.0,3,,,,,,,,
,,,,,22442,3.0,3,,,,,,,,
,,,,,22445,3.0,3,,,,,,,,
,,,,,22448,3.0,3,,,,,,,,
,,,,,22451,3.0,3,,,,,,,,
,,,,,22454,3.0,3,,,,,,,,
,,,,,22457,3.0,3,,,,,,,,
,,,,,22460,3.0,3,,,,,,,,
,,,,,22463,3.0,3,,,,,,,,
,,,,,22466,3.0,3,,,,,,,,
,,,,,22469,3.0,3,,,,,,,,
,,,,,22472,3.0,3,,,,,,,,
,,,,,22475,3.0,3,,,,,,,,
,,,,,22478,3.0,3,,,,,,,,
,,,,,22481,3.0,3,,,,,,,,
,,,,,22484,3.0,3,,,,,,,,
,,,,,22487,3.0,3,,,,,,,,
,,,,,22490,3.0,3,,,,,,,,
,,,,,22493,3.0,3,,,,,,,,
,,,,,22496,3.0,3,,,,,,,,
,,,,,22499,3.0,3,,,,,,,,
,,,,,22502,3.0,3,,,,,,,,
,,,,,22505,3.0,3,,,,,,,,
,,,,,22508,3.0,3,,,,,,,,
,,,,,22511,3.0,3,,,,,,,,
,,,,,22514,3.0,3,,,,,,,,
,,,,,22517,3.0,3,,,,,,,,
,,,,,22520,3.0,3,,,,,,,,
,,,,,22523,3.0,3,,,,,,,,
,,,,,22526,3.0,3,,,,,,,,
,,,,,22529,3.0,3,,,,,,,,
,,,,,22532,3.0,3,,,,,,,,
,,,,,22535,3.0,3,,,,,,,,
,,,,,22538,3.0,3,,,,,,,,
,,,,,22541,3.0,3,,,,,,,,
,,,,,22544,3.0,3,,,,,,,,
,,,,,22547,3.0,3,,,,,,,,
,,,,,22550,3.0,3,,,,,,,,
,,,,,22553,3.0,3,,,,,,,,
,,,,,22556,3.0,3,,,,,,,,
,,,,,22559,3.0,3,,,,,,,,
,,,,,22562,3.0,3,,,,,,,,
,,,,,22565,3.0,3,,,,,,,,
,,,,,22568,3.0,3,,,,,,,,
,,,,,22571,3.0,3,,,,,,,,
,,,,,22574,3.0,3,,,,,,,,
,,,,,22577,3.0,3,,,,,,,,
,,,,,22580,3.0,3,,,,,,,,
,,,,,22583,3.0,3,,,,,,,,
,,,,,22586,3.0,3,,,,,,,,
,,,,,22589,3.0,3,,,,,,,,
,,,,,22593,4.0,4,,,,,,,,
,,,,,22596,3.0,3,,,,,,,,
,,,,,22599,3.0,3,,,,,,,,
,,,,,22602,3.0,3,,,,,,,,
,,,,,22605,3.0,3,,,,,,,,
,,,,,22608,3.0,3,,,,,,,,
,,,,,22611,3.0,3,,,,,,,,
,,,,,22614,3.0,3,,,,,,,,
,,,,,22617,3.0,3,,,,,,,,
,,,,,22620,3.0,3,,,,,,,,
,,,,,22623,3.0,3,,,,,,,,
,,,,,22626,3.0,3,,,,,,,,
,,,,,22629,3.0,3,,,,,,,,
,,,,,22632,3.0,3,,,,,,,,
,,,,,22635,3.0,3,,,,,,,,
,,,,,22639,4.0,4,,,,,,,,
,,,,,22642,3.0,3,,,,,,,,
,,,,,22645,3.0,3,,,,,,,,
,,,,,22648,3.0,3,,,,,,,,
,,,,,22651,3.0,3,,,,,,,,
,,,,,22654,3.0,3,,,,,,,,
,,,,,22657,3.0,3,,,,,,,,
,,,,,22660,3.0,3,,,,,,,,
,,,,,22664,4.0,4,,,,,,,,
,,,,,22667,3.0,3,,,,,,,,
,,,,,22670,3.0,3,,,,,,,,
,,,,,22673,3.0,3,,,,,,,,
,,,,,22676,3.0,3,,,,,,,,
,,,,,22679,3.0,3,,,,,,,,
,,,,,22682,3.0,3,,,,,,,,
,,,,,22685,3.0,3,,,,,,,,
,,,,,22688,3.0,3,,,,,,,,
,,,,,22691,3.0,3,,,,,,,,
,,,,,22696,5.0,5,,,,,,,,
,,,,,22699,3.0,3,,,,,,,,
,,,,,22702,3.0,3,,,,,,,,
,,,,,22705,3.0,3,,,,,,,,
,,,,,22708,3.0,3,,,,,,,,
,,,,,22711,3.0,3,,,,,,,,
,,,,,22714,3.0,3,,,,,,,,
,,,,,22717,3.0,3,,,,,,,,
,,,,,22720,3.0,3,,,,,,,,
,,,,,22723,3.0,3,,,,,,,,
,,,,,22726,3.0,3,,,,,,,,
,,,,,22729,3.0,3,,,,,,,,
,,,,,22732,3.0,3,,,,,,,,
,,,,,22735,3.0,3,,,,,,,,
,,,,,22738,3.0,3,,,,,,,,
,,,,,22741,3.0,3,,,,,,,,
,,,,,22744,3.0,3,,,,,,,,
,,,,,22747,3.0,3,,,,,,,,
,,,,,22752,5.0,5,,,,,,,,
,,,,,22755,3.0,3,,,,,,,,
,,,,,22758,3.0,3,,,,,,,,
,,,,,22761,3.0,3,,,,,,,,
,,,,,22764,3.0,3,,,,,,,,
,,,,,22767,3.0,3,,,,,,,,
,,,,,22770,3.0,3,,,,,,,,
,,,,,22773,3.0,3,,,,,,,,
,,,,,22776,3.0,3,,,,,,,,
,,,,,22779,3.0,3,,,,,,,,
,,,,,22782,3.0,3,,,,,,,,
,,,,,22785,3.0,3,,,,,,,,
,,,,,22788,3.0,3,,,,,,,,
,,,,,22791,3.0,3,,,,,,,,
,,,,,22794,3.0,3,,,,,,,,
,,,,,22798,4.0,4,,,,,,,,
,,,,,22801,3.0,3,,,,,,,,
,,,,,22805,4.0,4,,,,,,,,
,,,,,22809,4.0,4,,,,,,,,
,,,,,22812,3.0,3,,,,,,,,
,,,,,22815,3.0,3,,,,,,,,
,,,,,22818,3.0,3,,,,,,,,
,,,,,22822,4.0,4,,,,,,,,
,,,,,22826,4.0,4,,,,,,,,
,,,,,22829,3.0,3,,,,,,,,
,,,,,22832,3.0,3,,,,,,,,
,,,,,22835,3.0,3,,,,,,,,
,,,,,22838,3.0,3,,,,,,,,
,,,,,22841,3.0,3,,,,,,,,
,,,,,22844,3.0,3,,,,,,,,
,,,,,22847,3.0,3,,,,,,,,
,,,,,22851,4.0,4,,,,,,,,
,,,,,22854,3.0,3,,,,,,,,
,,,,,22857,3.0,3,,,,,,,,
,,,,,22860,3.0,3,,,,,,,,
,,,,,22863,3.0,3,,,,,,,,
,,,,,22866,3.0,3,,,,,,,,
,,,,,22869,3.0,3,,,,,,,,
,,,,,22873,4.0,4,,,,,,,,
,,,,,22876,3.0,3,,,,,,,,
,,,,,22879,3.0,3,,,,,,,,
,,,,,22882,3.0,3,,,,,,,,
,,,,,22885,3.0,3,,,,,,,,
,,,,,22888,3.0,3,,,,,,,,
,,,,,22891,3.0,3,,,,,,,,
,,,,,22894,3.0,3,,,,,,,,
,,,,,22897,3.0,3,,,,,,,,
,,,,,22900,3.0,3,,,,,,,,
,,,,,22903,3.0,3,,,,,,,,
,,,,,22906,3.0,3,,,,,,,,
,,,,,22909,3.0,3,,,,,,,,
,,,,,22913,4.0,4,,,,,,,,
,,,,,22916,3.0,3,,,,,,,,
,,,,,22920,4.0,4,,,,,,,,
,,,,,22923,3.0,3,,,,,,,,
,,,,,22926,3.0,3,,,,,,,,
,,,,,22929,3.0,3,,,,,,,,
,,,,,22932,3.0,3,,,,,,,,
,,,,,22935,3.0,3,,,,,,,,
,,,,,22938,3.0,3,,,,,,,,
,,,,,22942,4.0,4,,,,,,,,
,,,,,22945,3.0,3,,,,,,,,
,,,,,22948,3.0,3,,,,,,,,
,,,,,22951,3.0,3,,,,,,,,
,,,,,22954,3.0,3,,,,,,,,
,,,,,22957,3.0,3,,,,,,,,
,,,,,22960,3.0,3,,,,,,,,
,,,,,22963,3.0,3,,,,,,,,
,,,,,22966,3.0,3,,,,,,,,
,,,,,22969,3.0,3,,,,,,,,
,,,,,22972,3.0,3,,,,,,,,
,,,,,22975,3.0,3,,,,,,,,
,,,,,22978,3.0,3,,,,,,,,
,,,,,22981,3.0,3,,,,,,,,
,,,,,22984,3.0,3,,,,,,,,
,,,,,22987,3.0,3,,,,,,,,
,,,,,22990,3.0,3,,,,,,,,
,,,,,22993,3.0,3,,,,,,,,
,,,,,22997,4.0,4,,,,,,,,
,,,,,23000,3.0,3,,,,,,,,
,,,,,23000,,,0.46364137530326843,-4.63641357421875,0.014154559001326561,1.491175651550293,1.482414722442627,0.0003,0.0003,0.1
,,,,,23003,3.0,3,,,,,,,,
,,,,,23007,4.0,4,,,,,,,,
,,,,,23010,3.0,3,,,,,,,,
,,,,,23013,3.0,3,,,,,,,,
,,,,,23016,3.0,3,,,,,,,,
,,,,,23019,3.0,3,,,,,,,,
,,,,,23022,3.0,3,,,,,,,,
,,,,,23025,3.0,3,,,,,,,,
,,,,,23028,3.0,3,,,,,,,,
,,,,,23031,3.0,3,,,,,,,,
,,,,,23034,3.0,3,,,,,,,,
,,,,,23037,3.0,3,,,,,,,,
,,,,,23040,3.0,3,,,,,,,,
,,,,,23043,3.0,3,,,,,,,,
,,,,,23046,3.0,3,,,,,,,,
,,,,,23049,3.0,3,,,,,,,,
,,,,,23053,4.0,4,,,,,,,,
,,,,,23056,3.0,3,,,,,,,,
,,,,,23059,3.0,3,,,,,,,,
,,,,,23063,4.0,4,,,,,,,,
,,,,,23066,3.0,3,,,,,,,,
,,,,,23069,3.0,3,,,,,,,,
,,,,,23072,3.0,3,,,,,,,,
,,,,,23076,4.0,4,,,,,,,,
,,,,,23079,3.0,3,,,,,,,,
,,,,,23082,3.0,3,,,,,,,,
,,,,,23085,3.0,3,,,,,,,,
,,,,,23088,3.0,3,,,,,,,,
,,,,,23092,4.0,4,,,,,,,,
,,,,,23095,3.0,3,,,,,,,,
,,,,,23098,3.0,3,,,,,,,,
,,,,,23101,3.0,3,,,,,,,,
,,,,,23104,3.0,3,,,,,,,,
,,,,,23107,3.0,3,,,,,,,,
,,,,,23110,3.0,3,,,,,,,,
,,,,,23113,3.0,3,,,,,,,,
,,,,,23116,3.0,3,,,,,,,,
,,,,,23119,3.0,3,,,,,,,,
,,,,,23122,3.0,3,,,,,,,,
,,,,,23125,3.0,3,,,,,,,,
,,,,,23128,3.0,3,,,,,,,,
,,,,,23131,3.0,3,,,,,,,,
,,,,,23134,3.0,3,,,,,,,,
,,,,,23137,3.0,3,,,,,,,,
,,,,,23140,3.0,3,,,,,,,,
,,,,,23143,3.0,3,,,,,,,,
,,,,,23146,3.0,3,,,,,,,,
,,,,,23149,3.0,3,,,,,,,,
,,,,,23152,3.0,3,,,,,,,,
,,,,,23155,3.0,3,,,,,,,,
,,,,,23158,3.0,3,,,,,,,,
,,,,,23161,3.0,3,,,,,,,,
,,,,,23164,3.0,3,,,,,,,,
,,,,,23167,3.0,3,,,,,,,,
,,,,,23170,3.0,3,,,,,,,,
,,,,,23173,3.0,3,,,,,,,,
,,,,,23176,3.0,3,,,,,,,,
,,,,,23180,4.0,4,,,,,,,,
,,,,,23183,3.0,3,,,,,,,,
,,,,,23186,3.0,3,,,,,,,,
,,,,,23189,3.0,3,,,,,,,,
,,,,,23192,3.0,3,,,,,,,,
,,,,,23195,3.0,3,,,,,,,,
,,,,,23198,3.0,3,,,,,,,,
,,,,,23201,3.0,3,,,,,,,,
,,,,,23204,3.0,3,,,,,,,,
,,,,,23207,3.0,3,,,,,,,,
,,,,,23210,3.0,3,,,,,,,,
,,,,,23213,3.0,3,,,,,,,,
,,,,,23217,4.0,4,,,,,,,,
,,,,,23220,3.0,3,,,,,,,,
,,,,,23223,3.0,3,,,,,,,,
,,,,,23226,3.0,3,,,,,,,,
,,,,,23229,3.0,3,,,,,,,,
,,,,,23232,3.0,3,,,,,,,,
,,,,,23235,3.0,3,,,,,,,,
,,,,,23238,3.0,3,,,,,,,,
,,,,,23241,3.0,3,,,,,,,,
,,,,,23244,3.0,3,,,,,,,,
,,,,,23247,3.0,3,,,,,,,,
,,,,,23250,3.0,3,,,,,,,,
,,,,,23253,3.0,3,,,,,,,,
,,,,,23256,3.0,3,,,,,,,,
,,,,,23259,3.0,3,,,,,,,,
,,,,,23262,3.0,3,,,,,,,,
,,,,,23265,3.0,3,,,,,,,,
,,,,,23268,3.0,3,,,,,,,,
,,,,,23271,3.0,3,,,,,,,,
,,,,,23275,4.0,4,,,,,,,,
,,,,,23278,3.0,3,,,,,,,,
,,,,,23281,3.0,3,,,,,,,,
,,,,,23284,3.0,3,,,,,,,,
,,,,,23287,3.0,3,,,,,,,,
,,,,,23291,4.0,4,,,,,,,,
,,,,,23294,3.0,3,,,,,,,,
,,,,,23297,3.0,3,,,,,,,,
,,,,,23300,3.0,3,,,,,,,,
,,,,,23303,3.0,3,,,,,,,,
,,,,,23306,3.0,3,,,,,,,,
,,,,,23309,3.0,3,,,,,,,,
,,,,,23312,3.0,3,,,,,,,,
,,,,,23315,3.0,3,,,,,,,,
,,,,,23318,3.0,3,,,,,,,,
,,,,,23321,3.0,3,,,,,,,,
,,,,,23324,3.0,3,,,,,,,,
,,,,,23327,3.0,3,,,,,,,,
,,,,,23330,3.0,3,,,,,,,,
,,,,,23333,3.0,3,,,,,,,,
,,,,,23336,3.0,3,,,,,,,,
,,,,,23339,3.0,3,,,,,,,,
,,,,,23342,3.0,3,,,,,,,,
,,,,,23345,3.0,3,,,,,,,,
,,,,,23348,3.0,3,,,,,,,,
,,,,,23351,3.0,3,,,,,,,,
,,,,,23354,3.0,3,,,,,,,,
,,,,,23357,3.0,3,,,,,,,,
,,,,,23360,3.0,3,,,,,,,,
,,,,,23363,3.0,3,,,,,,,,
,,,,,23366,3.0,3,,,,,,,,
,,,,,23369,3.0,3,,,,,,,,
,,,,,23374,5.0,5,,,,,,,,
,,,,,23377,3.0,3,,,,,,,,
,,,,,23380,3.0,3,,,,,,,,
,,,,,23383,3.0,3,,,,,,,,
,,,,,23386,3.0,3,,,,,,,,
,,,,,23389,3.0,3,,,,,,,,
,,,,,23392,3.0,3,,,,,,,,
,,,,,23395,3.0,3,,,,,,,,
,,,,,23398,3.0,3,,,,,,,,
,,,,,23401,3.0,3,,,,,,,,
,,,,,23404,3.0,3,,,,,,,,
,,,,,23407,3.0,3,,,,,,,,
,,,,,23410,3.0,3,,,,,,,,
,,,,,23415,5.0,5,,,,,,,,
,,,,,23418,3.0,3,,,,,,,,
,,,,,23421,3.0,3,,,,,,,,
,,,,,23424,3.0,3,,,,,,,,
,,,,,23427,3.0,3,,,,,,,,
,,,,,23430,3.0,3,,,,,,,,
,,,,,23433,3.0,3,,,,,,,,
,,,,,23436,3.0,3,,,,,,,,
,,,,,23440,4.0,4,,,,,,,,
,,,,,23443,3.0,3,,,,,,,,
,,,,,23446,3.0,3,,,,,,,,
,,,,,23449,3.0,3,,,,,,,,
,,,,,23452,3.0,3,,,,,,,,
,,,,,23455,3.0,3,,,,,,,,
,,,,,23458,3.0,3,,,,,,,,
,,,,,23461,3.0,3,,,,,,,,
,,,,,23464,3.0,3,,,,,,,,
,,,,,23467,3.0,3,,,,,,,,
,,,,,23470,3.0,3,,,,,,,,
,,,,,23473,3.0,3,,,,,,,,
,,,,,23478,5.0,5,,,,,,,,
,,,,,23481,3.0,3,,,,,,,,
,,,,,23485,4.0,4,,,,,,,,
,,,,,23488,3.0,3,,,,,,,,
,,,,,23491,3.0,3,,,,,,,,
,,,,,23494,3.0,3,,,,,,,,
,,,,,23497,3.0,3,,,,,,,,
,,,,,23500,3.0,3,,,,,,,,
,,,,,23503,3.0,3,,,,,,,,
,,,,,23506,3.0,3,,,,,,,,
,,,,,23509,3.0,3,,,,,,,,
,,,,,23512,3.0,3,,,,,,,,
,,,,,23515,3.0,3,,,,,,,,
,,,,,23518,3.0,3,,,,,,,,
,,,,,23521,3.0,3,,,,,,,,
,,,,,23525,4.0,4,,,,,,,,
,,,,,23529,4.0,4,,,,,,,,
,,,,,23532,3.0,3,,,,,,,,
,,,,,23535,3.0,3,,,,,,,,
,,,,,23538,3.0,3,,,,,,,,
,,,,,23542,4.0,4,,,,,,,,
,,,,,23546,4.0,4,,,,,,,,
,,,,,23549,3.0,3,,,,,,,,
,,,,,23552,3.0,3,,,,,,,,
,,,,,23555,3.0,3,,,,,,,,
,,,,,23558,3.0,3,,,,,,,,
,,,,,23561,3.0,3,,,,,,,,
,,,,,23564,3.0,3,,,,,,,,
,,,,,23567,3.0,3,,,,,,,,
,,,,,23570,3.0,3,,,,,,,,
,,,,,23573,3.0,3,,,,,,,,
,,,,,23578,5.0,5,,,,,,,,
,,,,,23582,4.0,4,,,,,,,,
,,,,,23585,3.0,3,,,,,,,,
,,,,,23588,3.0,3,,,,,,,,
,,,,,23591,3.0,3,,,,,,,,
,,,,,23594,3.0,3,,,,,,,,
,,,,,23597,3.0,3,,,,,,,,
,,,,,23601,4.0,4,,,,,,,,
,,,,,23604,3.0,3,,,,,,,,
,,,,,23607,3.0,3,,,,,,,,
,,,,,23610,3.0,3,,,,,,,,
,,,,,23613,3.0,3,,,,,,,,
,,,,,23616,3.0,3,,,,,,,,
,,,,,23620,4.0,4,,,,,,,,
,,,,,23623,3.0,3,,,,,,,,
,,,,,23626,3.0,3,,,,,,,,
,,,,,23629,3.0,3,,,,,,,,
,,,,,23632,3.0,3,,,,,,,,
,,,,,23635,3.0,3,,,,,,,,
,,,,,23638,3.0,3,,,,,,,,
,,,,,23641,3.0,3,,,,,,,,
,,,,,23644,3.0,3,,,,,,,,
,,,,,23647,3.0,3,,,,,,,,
,,,,,23650,3.0,3,,,,,,,,
,,,,,23653,3.0,3,,,,,,,,
,,,,,23656,3.0,3,,,,,,,,
,,,,,23659,3.0,3,,,,,,,,
,,,,,23663,4.0,4,,,,,,,,
,,,,,23666,3.0,3,,,,,,,,
,,,,,23669,3.0,3,,,,,,,,
,,,,,23672,3.0,3,,,,,,,,
,,,,,23677,5.0,5,,,,,,,,
,,,,,23680,3.0,3,,,,,,,,
,,,,,23683,3.0,3,,,,,,,,
,,,,,23687,4.0,4,,,,,,,,
,,,,,23690,3.0,3,,,,,,,,
,,,,,23693,3.0,3,,,,,,,,
,,,,,23696,3.0,3,,,,,,,,
,,,,,23699,3.0,3,,,,,,,,
,,,,,23702,3.0,3,,,,,,,,
,,,,,23705,3.0,3,,,,,,,,
,,,,,23708,3.0,3,,,,,,,,
,,,,,23711,3.0,3,,,,,,,,
,,,,,23715,4.0,4,,,,,,,,
,,,,,23719,4.0,4,,,,,,,,
,,,,,23723,4.0,4,,,,,,,,
,,,,,23726,3.0,3,,,,,,,,
,,,,,23729,3.0,3,,,,,,,,
,,,,,23732,3.0,3,,,,,,,,
,,,,,23736,4.0,4,,,,,,,,
,,,,,23739,3.0,3,,,,,,,,
,,,,,23742,3.0,3,,,,,,,,
,,,,,23745,3.0,3,,,,,,,,
,,,,,23748,3.0,3,,,,,,,,
,,,,,23751,3.0,3,,,,,,,,
,,,,,23754,3.0,3,,,,,,,,
,,,,,23757,3.0,3,,,,,,,,
,,,,,23760,3.0,3,,,,,,,,
,,,,,23763,3.0,3,,,,,,,,
,,,,,23766,3.0,3,,,,,,,,
,,,,,23769,3.0,3,,,,,,,,
,,,,,23772,3.0,3,,,,,,,,
,,,,,23775,3.0,3,,,,,,,,
,,,,,23778,3.0,3,,,,,,,,
,,,,,23781,3.0,3,,,,,,,,
,,,,,23784,3.0,3,,,,,,,,
,,,,,23787,3.0,3,,,,,,,,
,,,,,23790,3.0,3,,,,,,,,
,,,,,23793,3.0,3,,,,,,,,
,,,,,23797,4.0,4,,,,,,,,
,,,,,23802,5.0,5,,,,,,,,
,,,,,23805,3.0,3,,,,,,,,
,,,,,23808,3.0,3,,,,,,,,
,,,,,23811,3.0,3,,,,,,,,
,,,,,23814,3.0,3,,,,,,,,
,,,,,23817,3.0,3,,,,,,,,
,,,,,23820,3.0,3,,,,,,,,
,,,,,23823,3.0,3,,,,,,,,
,,,,,23826,3.0,3,,,,,,,,
,,,,,23829,3.0,3,,,,,,,,
,,,,,23833,4.0,4,,,,,,,,
,,,,,23836,3.0,3,,,,,,,,
,,,,,23839,3.0,3,,,,,,,,
,,,,,23842,3.0,3,,,,,,,,
,,,,,23845,3.0,3,,,,,,,,
,,,,,23848,3.0,3,,,,,,,,
,,,,,23851,3.0,3,,,,,,,,
,,,,,23854,3.0,3,,,,,,,,
,,,,,23857,3.0,3,,,,,,,,
,,,,,23860,3.0,3,,,,,,,,
,,,,,23863,3.0,3,,,,,,,,
,,,,,23866,3.0,3,,,,,,,,
,,,,,23869,3.0,3,,,,,,,,
,,,,,23872,3.0,3,,,,,,,,
,,,,,23875,3.0,3,,,,,,,,
,,,,,23878,3.0,3,,,,,,,,
,,,,,23881,3.0,3,,,,,,,,
,,,,,23884,3.0,3,,,,,,,,
,,,,,23887,3.0,3,,,,,,,,
,,,,,23890,3.0,3,,,,,,,,
,,,,,23893,3.0,3,,,,,,,,
,,,,,23896,3.0,3,,,,,,,,
,,,,,23899,3.0,3,,,,,,,,
,,,,,23902,3.0,3,,,,,,,,
,,,,,23905,3.0,3,,,,,,,,
,,,,,23908,3.0,3,,,,,,,,
,,,,,23911,3.0,3,,,,,,,,
,,,,,23914,3.0,3,,,,,,,,
,,,,,23917,3.0,3,,,,,,,,
,,,,,23920,3.0,3,,,,,,,,
,,,,,23923,3.0,3,,,,,,,,
,,,,,23926,3.0,3,,,,,,,,
,,,,,23929,3.0,3,,,,,,,,
,,,,,23932,3.0,3,,,,,,,,
,,,,,23935,3.0,3,,,,,,,,
,,,,,23938,3.0,3,,,,,,,,
,,,,,23941,3.0,3,,,,,,,,
,,,,,23944,3.0,3,,,,,,,,
,,,,,23947,3.0,3,,,,,,,,
,,,,,23950,3.0,3,,,,,,,,
,,,,,23953,3.0,3,,,,,,,,
,,,,,23956,3.0,3,,,,,,,,
,,,,,23959,3.0,3,,,,,,,,
,,,,,23962,3.0,3,,,,,,,,
,,,,,23965,3.0,3,,,,,,,,
,,,,,23968,3.0,3,,,,,,,,
,,,,,23971,3.0,3,,,,,,,,
,,,,,23974,3.0,3,,,,,,,,
,,,,,23977,3.0,3,,,,,,,,
,,,,,23980,3.0,3,,,,,,,,
,,,,,23983,3.0,3,,,,,,,,
,,,,,23986,3.0,3,,,,,,,,
,,,,,23989,3.0,3,,,,,,,,
,,,,,23993,4.0,4,,,,,,,,
,,,,,23998,5.0,5,,,,,,,,
,,,,,24000,,,0.42342421412467957,-4.234241962432861,0.03746642917394638,1.65681791305542,1.6645441055297852,0.0003,0.0003,0.1
,,,,,24001,3.0,3,,,,,,,,
,,,,,24004,3.0,3,,,,,,,,
,,,,,24007,3.0,3,,,,,,,,
,,,,,24010,3.0,3,,,,,,,,
,,,,,24013,3.0,3,,,,,,,,
,,,,,24016,3.0,3,,,,,,,,
,,,,,24019,3.0,3,,,,,,,,
,,,,,24022,3.0,3,,,,,,,,
,,,,,24025,3.0,3,,,,,,,,
,,,,,24028,3.0,3,,,,,,,,
,,,,,24031,3.0,3,,,,,,,,
,,,,,24034,3.0,3,,,,,,,,
,,,,,24037,3.0,3,,,,,,,,
,,,,,24040,3.0,3,,,,,,,,
,,,,,24044,4.0,4,,,,,,,,
,,,,,24047,3.0,3,,,,,,,,
,,,,,24051,4.0,4,,,,,,,,
,,,,,24054,3.0,3,,,,,,,,
,,,,,24057,3.0,3,,,,,,,,
,,,,,24060,3.0,3,,,,,,,,
,,,,,24063,3.0,3,,,,,,,,
,,,,,24066,3.0,3,,,,,,,,
,,,,,24069,3.0,3,,,,,,,,
,,,,,24072,3.0,3,,,,,,,,
,,,,,24075,3.0,3,,,,,,,,
,,,,,24078,3.0,3,,,,,,,,
,,,,,24081,3.0,3,,,,,,,,
,,,,,24084,3.0,3,,,,,,,,
,,,,,24087,3.0,3,,,,,,,,
,,,,,24090,3.0,3,,,,,,,,
,,,,,24093,3.0,3,,,,,,,,
,,,,,24096,3.0,3,,,,,,,,
,,,,,24099,3.0,3,,,,,,,,
,,,,,24104,5.0,5,,,,,,,,
,,,,,24107,3.0,3,,,,,,,,
,,,,,24110,3.0,3,,,,,,,,
,,,,,24113,3.0,3,,,,,,,,
,,,,,24116,3.0,3,,,,,,,,
,,,,,24119,3.0,3,,,,,,,,
,,,,,24122,3.0,3,,,,,,,,
,,,,,24125,3.0,3,,,,,,,,
,,,,,24128,3.0,3,,,,,,,,
,,,,,24131,3.0,3,,,,,,,,
,,,,,24134,3.0,3,,,,,,,,
,,,,,24137,3.0,3,,,,,,,,
,,,,,24140,3.0,3,,,,,,,,
,,,,,24143,3.0,3,,,,,,,,
,,,,,24146,3.0,3,,,,,,,,
,,,,,24149,3.0,3,,,,,,,,
,,,,,24154,5.0,5,,,,,,,,
,,,,,24157,3.0,3,,,,,,,,
,,,,,24160,3.0,3,,,,,,,,
,,,,,24163,3.0,3,,,,,,,,
,,,,,24166,3.0,3,,,,,,,,
,,,,,24169,3.0,3,,,,,,,,
,,,,,24172,3.0,3,,,,,,,,
,,,,,24175,3.0,3,,,,,,,,
,,,,,24178,3.0,3,,,,,,,,
,,,,,24181,3.0,3,,,,,,,,
,,,,,24184,3.0,3,,,,,,,,
,,,,,24187,3.0,3,,,,,,,,
,,,,,24190,3.0,3,,,,,,,,
,,,,,24194,4.0,4,,,,,,,,
,,,,,24197,3.0,3,,,,,,,,
,,,,,24200,3.0,3,,,,,,,,
,,,,,24203,3.0,3,,,,,,,,
,,,,,24206,3.0,3,,,,,,,,
,,,,,24209,3.0,3,,,,,,,,
,,,,,24212,3.0,3,,,,,,,,
,,,,,24215,3.0,3,,,,,,,,
,,,,,24218,3.0,3,,,,,,,,
,,,,,24221,3.0,3,,,,,,,,
,,,,,24224,3.0,3,,,,,,,,
,,,,,24227,3.0,3,,,,,,,,
,,,,,24230,3.0,3,,,,,,,,
,,,,,24233,3.0,3,,,,,,,,
,,,,,24236,3.0,3,,,,,,,,
,,,,,24239,3.0,3,,,,,,,,
,,,,,24242,3.0,3,,,,,,,,
,,,,,24246,4.0,4,,,,,,,,
,,,,,24249,3.0,3,,,,,,,,
,,,,,24252,3.0,3,,,,,,,,
,,,,,24256,4.0,4,,,,,,,,
,,,,,24259,3.0,3,,,,,,,,
,,,,,24262,3.0,3,,,,,,,,
,,,,,24265,3.0,3,,,,,,,,
,,,,,24268,3.0,3,,,,,,,,
,,,,,24271,3.0,3,,,,,,,,
,,,,,24274,3.0,3,,,,,,,,
,,,,,24277,3.0,3,,,,,,,,
,,,,,24280,3.0,3,,,,,,,,
,,,,,24283,3.0,3,,,,,,,,
,,,,,24286,3.0,3,,,,,,,,
,,,,,24289,3.0,3,,,,,,,,
,,,,,24292,3.0,3,,,,,,,,
,,,,,24295,3.0,3,,,,,,,,
,,,,,24298,3.0,3,,,,,,,,
,,,,,24303,5.0,5,,,,,,,,
,,,,,24306,3.0,3,,,,,,,,
,,,,,24309,3.0,3,,,,,,,,
,,,,,24313,4.0,4,,,,,,,,
,,,,,24317,4.0,4,,,,,,,,
,,,,,24320,3.0,3,,,,,,,,
,,,,,24323,3.0,3,,,,,,,,
,,,,,24326,3.0,3,,,,,,,,
,,,,,24329,3.0,3,,,,,,,,
,,,,,24332,3.0,3,,,,,,,,
,,,,,24335,3.0,3,,,,,,,,
,,,,,24339,4.0,4,,,,,,,,
,,,,,24342,3.0,3,,,,,,,,
,,,,,24345,3.0,3,,,,,,,,
,,,,,24348,3.0,3,,,,,,,,
,,,,,24351,3.0,3,,,,,,,,
,,,,,24354,3.0,3,,,,,,,,
,,,,,24358,4.0,4,,,,,,,,
,,,,,24361,3.0,3,,,,,,,,
,,,,,24364,3.0,3,,,,,,,,
,,,,,24367,3.0,3,,,,,,,,
,,,,,24370,3.0,3,,,,,,,,
,,,,,24373,3.0,3,,,,,,,,
,,,,,24376,3.0,3,,,,,,,,
,,,,,24379,3.0,3,,,,,,,,
,,,,,24383,4.0,4,,,,,,,,
,,,,,24386,3.0,3,,,,,,,,
,,,,,24389,3.0,3,,,,,,,,
,,,,,24392,3.0,3,,,,,,,,
,,,,,24395,3.0,3,,,,,,,,
,,,,,24398,3.0,3,,,,,,,,
,,,,,24401,3.0,3,,,,,,,,
,,,,,24404,3.0,3,,,,,,,,
,,,,,24407,3.0,3,,,,,,,,
,,,,,24410,3.0,3,,,,,,,,
,,,,,24413,3.0,3,,,,,,,,
,,,,,24416,3.0,3,,,,,,,,
,,,,,24419,3.0,3,,,,,,,,
,,,,,24423,4.0,4,,,,,,,,
,,,,,24426,3.0,3,,,,,,,,
,,,,,24430,4.0,4,,,,,,,,
,,,,,24433,3.0,3,,,,,,,,
,,,,,24436,3.0,3,,,,,,,,
,,,,,24439,3.0,3,,,,,,,,
,,,,,24442,3.0,3,,,,,,,,
,,,,,24446,4.0,4,,,,,,,,
,,,,,24449,3.0,3,,,,,,,,
,,,,,24453,4.0,4,,,,,,,,
,,,,,24457,4.0,4,,,,,,,,
,,,,,24460,3.0,3,,,,,,,,
,,,,,24463,3.0,3,,,,,,,,
,,,,,24466,3.0,3,,,,,,,,
,,,,,24469,3.0,3,,,,,,,,
,,,,,24472,3.0,3,,,,,,,,
,,,,,24475,3.0,3,,,,,,,,
,,,,,24478,3.0,3,,,,,,,,
,,,,,24481,3.0,3,,,,,,,,
,,,,,24484,3.0,3,,,,,,,,
,,,,,24487,3.0,3,,,,,,,,
,,,,,24490,3.0,3,,,,,,,,
,,,,,24493,3.0,3,,,,,,,,
,,,,,24496,3.0,3,,,,,,,,
,,,,,24499,3.0,3,,,,,,,,
,,,,,24502,3.0,3,,,,,,,,
,,,,,24505,3.0,3,,,,,,,,
,,,,,24508,3.0,3,,,,,,,,
,,,,,24511,3.0,3,,,,,,,,
,,,,,24514,3.0,3,,,,,,,,
,,,,,24517,3.0,3,,,,,,,,
,,,,,24520,3.0,3,,,,,,,,
,,,,,24523,3.0,3,,,,,,,,
,,,,,24527,4.0,4,,,,,,,,
,,,,,24530,3.0,3,,,,,,,,
,,,,,24533,3.0,3,,,,,,,,
,,,,,24536,3.0,3,,,,,,,,
,,,,,24539,3.0,3,,,,,,,,
,,,,,24542,3.0,3,,,,,,,,
,,,,,24545,3.0,3,,,,,,,,
,,,,,24548,3.0,3,,,,,,,,
,,,,,24551,3.0,3,,,,,,,,
,,,,,24554,3.0,3,,,,,,,,
,,,,,24557,3.0,3,,,,,,,,
,,,,,24560,3.0,3,,,,,,,,
,,,,,24563,3.0,3,,,,,,,,
,,,,,24566,3.0,3,,,,,,,,
,,,,,24569,3.0,3,,,,,,,,
,,,,,24573,4.0,4,,,,,,,,
,,,,,24576,3.0,3,,,,,,,,
,,,,,24579,3.0,3,,,,,,,,
,,,,,24582,3.0,3,,,,,,,,
,,,,,24585,3.0,3,,,,,,,,
,,,,,24588,3.0,3,,,,,,,,
,,,,,24591,3.0,3,,,,,,,,
,,,,,24594,3.0,3,,,,,,,,
,,,,,24597,3.0,3,,,,,,,,
,,,,,24600,3.0,3,,,,,,,,
,,,,,24603,3.0,3,,,,,,,,
,,,,,24606,3.0,3,,,,,,,,
,,,,,24609,3.0,3,,,,,,,,
,,,,,24612,3.0,3,,,,,,,,
,,,,,24615,3.0,3,,,,,,,,
,,,,,24618,3.0,3,,,,,,,,
,,,,,24621,3.0,3,,,,,,,,
,,,,,24624,3.0,3,,,,,,,,
,,,,,24627,3.0,3,,,,,,,,
,,,,,24630,3.0,3,,,,,,,,
,,,,,24633,3.0,3,,,,,,,,
,,,,,24636,3.0,3,,,,,,,,
,,,,,24640,4.0,4,,,,,,,,
,,,,,24643,3.0,3,,,,,,,,
,,,,,24646,3.0,3,,,,,,,,
,,,,,24649,3.0,3,,,,,,,,
,,,,,24652,3.0,3,,,,,,,,
,,,,,24655,3.0,3,,,,,,,,
,,,,,24658,3.0,3,,,,,,,,
,,,,,24661,3.0,3,,,,,,,,
,,,,,24664,3.0,3,,,,,,,,
,,,,,24667,3.0,3,,,,,,,,
,,,,,24672,5.0,5,,,,,,,,
,,,,,24677,5.0,5,,,,,,,,
,,,,,24680,3.0,3,,,,,,,,
,,,,,24683,3.0,3,,,,,,,,
,,,,,24686,3.0,3,,,,,,,,
,,,,,24689,3.0,3,,,,,,,,
,,,,,24692,3.0,3,,,,,,,,
,,,,,24695,3.0,3,,,,,,,,
,,,,,24698,3.0,3,,,,,,,,
,,,,,24701,3.0,3,,,,,,,,
,,,,,24704,3.0,3,,,,,,,,
,,,,,24707,3.0,3,,,,,,,,
,,,,,24710,3.0,3,,,,,,,,
,,,,,24713,3.0,3,,,,,,,,
,,,,,24716,3.0,3,,,,,,,,
,,,,,24719,3.0,3,,,,,,,,
,,,,,24722,3.0,3,,,,,,,,
,,,,,24725,3.0,3,,,,,,,,
,,,,,24728,3.0,3,,,,,,,,
,,,,,24731,3.0,3,,,,,,,,
,,,,,24734,3.0,3,,,,,,,,
,,,,,24737,3.0,3,,,,,,,,
,,,,,24740,3.0,3,,,,,,,,
,,,,,24743,3.0,3,,,,,,,,
,,,,,24746,3.0,3,,,,,,,,
,,,,,24749,3.0,3,,,,,,,,
,,,,,24752,3.0,3,,,,,,,,
,,,,,24755,3.0,3,,,,,,,,
,,,,,24758,3.0,3,,,,,,,,
,,,,,24762,4.0,4,,,,,,,,
,,,,,24765,3.0,3,,,,,,,,
,,,,,24768,3.0,3,,,,,,,,
,,,,,24771,3.0,3,,,,,,,,
,,,,,24774,3.0,3,,,,,,,,
,,,,,24777,3.0,3,,,,,,,,
,,,,,24780,3.0,3,,,,,,,,
,,,,,24783,3.0,3,,,,,,,,
,,,,,24786,3.0,3,,,,,,,,
,,,,,24789,3.0,3,,,,,,,,
,,,,,24792,3.0,3,,,,,,,,
,,,,,24795,3.0,3,,,,,,,,
,,,,,24798,3.0,3,,,,,,,,
,,,,,24801,3.0,3,,,,,,,,
,,,,,24804,3.0,3,,,,,,,,
,,,,,24807,3.0,3,,,,,,,,
,,,,,24810,3.0,3,,,,,,,,
,,,,,24813,3.0,3,,,,,,,,
,,,,,24816,3.0,3,,,,,,,,
,,,,,24819,3.0,3,,,,,,,,
,,,,,24823,4.0,4,,,,,,,,
,,,,,24826,3.0,3,,,,,,,,
,,,,,24830,4.0,4,,,,,,,,
,,,,,24833,3.0,3,,,,,,,,
,,,,,24836,3.0,3,,,,,,,,
,,,,,24839,3.0,3,,,,,,,,
,,,,,24842,3.0,3,,,,,,,,
,,,,,24845,3.0,3,,,,,,,,
,,,,,24848,3.0,3,,,,,,,,
,,,,,24851,3.0,3,,,,,,,,
,,,,,24854,3.0,3,,,,,,,,
,,,,,24857,3.0,3,,,,,,,,
,,,,,24860,3.0,3,,,,,,,,
,,,,,24863,3.0,3,,,,,,,,
,,,,,24866,3.0,3,,,,,,,,
,,,,,24869,3.0,3,,,,,,,,
,,,,,24874,5.0,5,,,,,,,,
,,,,,24877,3.0,3,,,,,,,,
,,,,,24881,4.0,4,,,,,,,,
,,,,,24885,4.0,4,,,,,,,,
,,,,,24888,3.0,3,,,,,,,,
,,,,,24891,3.0,3,,,,,,,,
,,,,,24895,4.0,4,,,,,,,,
,,,,,24899,4.0,4,,,,,,,,
,,,,,24903,4.0,4,,,,,,,,
,,,,,24906,3.0,3,,,,,,,,
,,,,,24909,3.0,3,,,,,,,,
,,,,,24912,3.0,3,,,,,,,,
,,,,,24915,3.0,3,,,,,,,,
,,,,,24918,3.0,3,,,,,,,,
,,,,,24921,3.0,3,,,,,,,,
,,,,,24924,3.0,3,,,,,,,,
,,,,,24927,3.0,3,,,,,,,,
,,,,,24930,3.0,3,,,,,,,,
,,,,,24933,3.0,3,,,,,,,,
,,,,,24936,3.0,3,,,,,,,,
,,,,,24939,3.0,3,,,,,,,,
,,,,,24942,3.0,3,,,,,,,,
,,,,,24946,4.0,4,,,,,,,,
,,,,,24949,3.0,3,,,,,,,,
,,,,,24952,3.0,3,,,,,,,,
,,,,,24955,3.0,3,,,,,,,,
,,,,,24958,3.0,3,,,,,,,,
,,,,,24961,3.0,3,,,,,,,,
,,,,,24964,3.0,3,,,,,,,,
,,,,,24967,3.0,3,,,,,,,,
,,,,,24970,3.0,3,,,,,,,,
,,,,,24973,3.0,3,,,,,,,,
,,,,,24976,3.0,3,,,,,,,,
,,,,,24979,3.0,3,,,,,,,,
,,,,,24982,3.0,3,,,,,,,,
,,,,,24985,3.0,3,,,,,,,,
,,,,,24988,3.0,3,,,,,,,,
,,,,,24991,3.0,3,,,,,,,,
,,,,,24994,3.0,3,,,,,,,,
,,,,,24997,3.0,3,,,,,,,,
,,,,,25000,3.0,3,,,,,,,,
3.0,0.0,3.0,3.0,3.0,25000,,,0.47133874893188477,-4.713387489318848,0.007119506597518921,1.4981811046600342,1.4601109027862549,0.0003,0.0003,0.1
,,,,,25003,3.0,3,,,,,,,,
,,,,,25006,3.0,3,,,,,,,,
,,,,,25010,4.0,4,,,,,,,,
,,,,,25013,3.0,3,,,,,,,,
,,,,,25016,3.0,3,,,,,,,,
,,,,,25019,3.0,3,,,,,,,,
,,,,,25022,3.0,3,,,,,,,,
,,,,,25025,3.0,3,,,,,,,,
,,,,,25028,3.0,3,,,,,,,,
,,,,,25031,3.0,3,,,,,,,,
,,,,,25034,3.0,3,,,,,,,,
,,,,,25037,3.0,3,,,,,,,,
,,,,,25040,3.0,3,,,,,,,,
,,,,,25043,3.0,3,,,,,,,,
,,,,,25046,3.0,3,,,,,,,,
,,,,,25049,3.0,3,,,,,,,,
,,,,,25052,3.0,3,,,,,,,,
,,,,,25056,4.0,4,,,,,,,,
,,,,,25059,3.0,3,,,,,,,,
,,,,,25062,3.0,3,,,,,,,,
,,,,,25065,3.0,3,,,,,,,,
,,,,,25069,4.0,4,,,,,,,,
,,,,,25073,4.0,4,,,,,,,,
,,,,,25076,3.0,3,,,,,,,,
,,,,,25079,3.0,3,,,,,,,,
,,,,,25082,3.0,3,,,,,,,,
,,,,,25085,3.0,3,,,,,,,,
,,,,,25088,3.0,3,,,,,,,,
,,,,,25091,3.0,3,,,,,,,,
,,,,,25094,3.0,3,,,,,,,,
,,,,,25097,3.0,3,,,,,,,,
,,,,,25100,3.0,3,,,,,,,,
,,,,,25103,3.0,3,,,,,,,,
,,,,,25106,3.0,3,,,,,,,,
,,,,,25109,3.0,3,,,,,,,,
,,,,,25112,3.0,3,,,,,,,,
,,,,,25115,3.0,3,,,,,,,,
,,,,,25118,3.0,3,,,,,,,,
,,,,,25121,3.0,3,,,,,,,,
,,,,,25124,3.0,3,,,,,,,,
,,,,,25127,3.0,3,,,,,,,,
,,,,,25130,3.0,3,,,,,,,,
,,,,,25133,3.0,3,,,,,,,,
,,,,,25136,3.0,3,,,,,,,,
,,,,,25140,4.0,4,,,,,,,,
,,,,,25143,3.0,3,,,,,,,,
,,,,,25146,3.0,3,,,,,,,,
,,,,,25149,3.0,3,,,,,,,,
,,,,,25152,3.0,3,,,,,,,,
,,,,,25155,3.0,3,,,,,,,,
,,,,,25158,3.0,3,,,,,,,,
,,,,,25161,3.0,3,,,,,,,,
,,,,,25164,3.0,3,,,,,,,,
,,,,,25167,3.0,3,,,,,,,,
,,,,,25170,3.0,3,,,,,,,,
,,,,,25173,3.0,3,,,,,,,,
,,,,,25176,3.0,3,,,,,,,,
,,,,,25179,3.0,3,,,,,,,,
,,,,,25182,3.0,3,,,,,,,,
,,,,,25185,3.0,3,,,,,,,,
,,,,,25188,3.0,3,,,,,,,,
,,,,,25191,3.0,3,,,,,,,,
,,,,,25194,3.0,3,,,,,,,,
,,,,,25197,3.0,3,,,,,,,,
,,,,,25200,3.0,3,,,,,,,,
,,,,,25203,3.0,3,,,,,,,,
,,,,,25206,3.0,3,,,,,,,,
,,,,,25209,3.0,3,,,,,,,,
,,,,,25213,4.0,4,,,,,,,,
,,,,,25216,3.0,3,,,,,,,,
,,,,,25219,3.0,3,,,,,,,,
,,,,,25222,3.0,3,,,,,,,,
,,,,,25226,4.0,4,,,,,,,,
,,,,,25229,3.0,3,,,,,,,,
,,,,,25232,3.0,3,,,,,,,,
,,,,,25235,3.0,3,,,,,,,,
,,,,,25238,3.0,3,,,,,,,,
,,,,,25241,3.0,3,,,,,,,,
,,,,,25244,3.0,3,,,,,,,,
,,,,,25247,3.0,3,,,,,,,,
,,,,,25250,3.0,3,,,,,,,,
,,,,,25253,3.0,3,,,,,,,,
,,,,,25256,3.0,3,,,,,,,,
,,,,,25259,3.0,3,,,,,,,,
,,,,,25262,3.0,3,,,,,,,,
,,,,,25265,3.0,3,,,,,,,,
,,,,,25268,3.0,3,,,,,,,,
,,,,,25271,3.0,3,,,,,,,,
,,,,,25277,6.0,6,,,,,,,,
,,,,,25280,3.0,3,,,,,,,,
,,,,,25283,3.0,3,,,,,,,,
,,,,,25286,3.0,3,,,,,,,,
,,,,,25289,3.0,3,,,,,,,,
,,,,,25292,3.0,3,,,,,,,,
,,,,,25295,3.0,3,,,,,,,,
,,,,,25298,3.0,3,,,,,,,,
,,,,,25301,3.0,3,,,,,,,,
,,,,,25304,3.0,3,,,,,,,,
,,,,,25307,3.0,3,,,,,,,,
,,,,,25310,3.0,3,,,,,,,,
,,,,,25313,3.0,3,,,,,,,,
,,,,,25316,3.0,3,,,,,,,,
,,,,,25319,3.0,3,,,,,,,,
,,,,,25322,3.0,3,,,,,,,,
,,,,,25325,3.0,3,,,,,,,,
,,,,,25328,3.0,3,,,,,,,,
,,,,,25331,3.0,3,,,,,,,,
,,,,,25334,3.0,3,,,,,,,,
,,,,,25337,3.0,3,,,,,,,,
,,,,,25340,3.0,3,,,,,,,,
,,,,,25343,3.0,3,,,,,,,,
,,,,,25346,3.0,3,,,,,,,,
,,,,,25349,3.0,3,,,,,,,,
,,,,,25352,3.0,3,,,,,,,,
,,,,,25355,3.0,3,,,,,,,,
,,,,,25358,3.0,3,,,,,,,,
,,,,,25361,3.0,3,,,,,,,,
,,,,,25364,3.0,3,,,,,,,,
,,,,,25367,3.0,3,,,,,,,,
,,,,,25370,3.0,3,,,,,,,,
,,,,,25373,3.0,3,,,,,,,,
,,,,,25376,3.0,3,,,,,,,,
,,,,,25379,3.0,3,,,,,,,,
,,,,,25383,4.0,4,,,,,,,,
,,,,,25386,3.0,3,,,,,,,,
,,,,,25389,3.0,3,,,,,,,,
,,,,,25392,3.0,3,,,,,,,,
,,,,,25395,3.0,3,,,,,,,,
,,,,,25398,3.0,3,,,,,,,,
,,,,,25401,3.0,3,,,,,,,,
,,,,,25404,3.0,3,,,,,,,,
,,,,,25407,3.0,3,,,,,,,,
,,,,,25410,3.0,3,,,,,,,,
,,,,,25413,3.0,3,,,,,,,,
,,,,,25416,3.0,3,,,,,,,,
,,,,,25419,3.0,3,,,,,,,,
,,,,,25422,3.0,3,,,,,,,,
,,,,,25425,3.0,3,,,,,,,,
,,,,,25428,3.0,3,,,,,,,,
,,,,,25431,3.0,3,,,,,,,,
,,,,,25434,3.0,3,,,,,,,,
,,,,,25437,3.0,3,,,,,,,,
,,,,,25440,3.0,3,,,,,,,,
,,,,,25443,3.0,3,,,,,,,,
,,,,,25446,3.0,3,,,,,,,,
,,,,,25449,3.0,3,,,,,,,,
,,,,,25452,3.0,3,,,,,,,,
,,,,,25455,3.0,3,,,,,,,,
,,,,,25458,3.0,3,,,,,,,,
,,,,,25461,3.0,3,,,,,,,,
,,,,,25464,3.0,3,,,,,,,,
,,,,,25467,3.0,3,,,,,,,,
,,,,,25470,3.0,3,,,,,,,,
,,,,,25473,3.0,3,,,,,,,,
,,,,,25476,3.0,3,,,,,,,,
,,,,,25479,3.0,3,,,,,,,,
,,,,,25482,3.0,3,,,,,,,,
,,,,,25485,3.0,3,,,,,,,,
,,,,,25488,3.0,3,,,,,,,,
,,,,,25491,3.0,3,,,,,,,,
,,,,,25494,3.0,3,,,,,,,,
,,,,,25499,5.0,5,,,,,,,,
,,,,,25502,3.0,3,,,,,,,,
,,,,,25505,3.0,3,,,,,,,,
,,,,,25508,3.0,3,,,,,,,,
,,,,,25511,3.0,3,,,,,,,,
,,,,,25515,4.0,4,,,,,,,,
,,,,,25518,3.0,3,,,,,,,,
,,,,,25521,3.0,3,,,,,,,,
,,,,,25524,3.0,3,,,,,,,,
,,,,,25527,3.0,3,,,,,,,,
,,,,,25530,3.0,3,,,,,,,,
,,,,,25533,3.0,3,,,,,,,,
,,,,,25536,3.0,3,,,,,,,,
,,,,,25539,3.0,3,,,,,,,,
,,,,,25542,3.0,3,,,,,,,,
,,,,,25545,3.0,3,,,,,,,,
,,,,,25548,3.0,3,,,,,,,,
,,,,,25551,3.0,3,,,,,,,,
,,,,,25554,3.0,3,,,,,,,,
,,,,,25557,3.0,3,,,,,,,,
,,,,,25560,3.0,3,,,,,,,,
,,,,,25563,3.0,3,,,,,,,,
,,,,,25566,3.0,3,,,,,,,,
,,,,,25569,3.0,3,,,,,,,,
,,,,,25572,3.0,3,,,,,,,,
,,,,,25575,3.0,3,,,,,,,,
,,,,,25578,3.0,3,,,,,,,,
,,,,,25581,3.0,3,,,,,,,,
,,,,,25584,3.0,3,,,,,,,,
,,,,,25587,3.0,3,,,,,,,,
,,,,,25590,3.0,3,,,,,,,,
,,,,,25593,3.0,3,,,,,,,,
,,,,,25596,3.0,3,,,,,,,,
,,,,,25599,3.0,3,,,,,,,,
,,,,,25602,3.0,3,,,,,,,,
,,,,,25605,3.0,3,,,,,,,,
,,,,,25608,3.0,3,,,,,,,,
,,,,,25611,3.0,3,,,,,,,,
,,,,,25614,3.0,3,,,,,,,,
,,,,,25617,3.0,3,,,,,,,,
,,,,,25620,3.0,3,,,,,,,,
,,,,,25623,3.0,3,,,,,,,,
,,,,,25626,3.0,3,,,,,,,,
,,,,,25629,3.0,3,,,,,,,,
,,,,,25632,3.0,3,,,,,,,,
,,,,,25635,3.0,3,,,,,,,,
,,,,,25638,3.0,3,,,,,,,,
,,,,,25641,3.0,3,,,,,,,,
,,,,,25644,3.0,3,,,,,,,,
,,,,,25647,3.0,3,,,,,,,,
,,,,,25650,3.0,3,,,,,,,,
,,,,,25653,3.0,3,,,,,,,,
,,,,,25656,3.0,3,,,,,,,,
,,,,,25659,3.0,3,,,,,,,,
,,,,,25662,3.0,3,,,,,,,,
,,,,,25665,3.0,3,,,,,,,,
,,,,,25668,3.0,3,,,,,,,,
,,,,,25671,3.0,3,,,,,,,,
,,,,,25674,3.0,3,,,,,,,,
,,,,,25677,3.0,3,,,,,,,,
,,,,,25680,3.0,3,,,,,,,,
,,,,,25683,3.0,3,,,,,,,,
,,,,,25686,3.0,3,,,,,,,,
,,,,,25689,3.0,3,,,,,,,,
,,,,,25692,3.0,3,,,,,,,,
,,,,,25695,3.0,3,,,,,,,,
,,,,,25698,3.0,3,,,,,,,,
,,,,,25701,3.0,3,,,,,,,,
,,,,,25705,4.0,4,,,,,,,,
,,,,,25708,3.0,3,,,,,,,,
,,,,,25711,3.0,3,,,,,,,,
,,,,,25715,4.0,4,,,,,,,,
,,,,,25718,3.0,3,,,,,,,,
,,,,,25721,3.0,3,,,,,,,,
,,,,,25724,3.0,3,,,,,,,,
,,,,,25727,3.0,3,,,,,,,,
,,,,,25730,3.0,3,,,,,,,,
,,,,,25733,3.0,3,,,,,,,,
,,,,,25736,3.0,3,,,,,,,,
,,,,,25740,4.0,4,,,,,,,,
,,,,,25746,6.0,6,,,,,,,,
,,,,,25749,3.0,3,,,,,,,,
,,,,,25752,3.0,3,,,,,,,,
,,,,,25755,3.0,3,,,,,,,,
,,,,,25758,3.0,3,,,,,,,,
,,,,,25761,3.0,3,,,,,,,,
,,,,,25764,3.0,3,,,,,,,,
,,,,,25767,3.0,3,,,,,,,,
,,,,,25770,3.0,3,,,,,,,,
,,,,,25773,3.0,3,,,,,,,,
,,,,,25776,3.0,3,,,,,,,,
,,,,,25779,3.0,3,,,,,,,,
,,,,,25782,3.0,3,,,,,,,,
,,,,,25785,3.0,3,,,,,,,,
,,,,,25788,3.0,3,,,,,,,,
,,,,,25791,3.0,3,,,,,,,,
,,,,,25794,3.0,3,,,,,,,,
,,,,,25797,3.0,3,,,,,,,,
,,,,,25801,4.0,4,,,,,,,,
,,,,,25804,3.0,3,,,,,,,,
,,,,,25807,3.0,3,,,,,,,,
,,,,,25812,5.0,5,,,,,,,,
,,,,,25815,3.0,3,,,,,,,,
,,,,,25818,3.0,3,,,,,,,,
,,,,,25821,3.0,3,,,,,,,,
,,,,,25824,3.0,3,,,,,,,,
,,,,,25827,3.0,3,,,,,,,,
,,,,,25830,3.0,3,,,,,,,,
,,,,,25833,3.0,3,,,,,,,,
,,,,,25836,3.0,3,,,,,,,,
,,,,,25839,3.0,3,,,,,,,,
,,,,,25842,3.0,3,,,,,,,,
,,,,,25845,3.0,3,,,,,,,,
,,,,,25848,3.0,3,,,,,,,,
,,,,,25851,3.0,3,,,,,,,,
,,,,,25854,3.0,3,,,,,,,,
,,,,,25857,3.0,3,,,,,,,,
,,,,,25860,3.0,3,,,,,,,,
,,,,,25863,3.0,3,,,,,,,,
,,,,,25866,3.0,3,,,,,,,,
,,,,,25869,3.0,3,,,,,,,,
,,,,,25872,3.0,3,,,,,,,,
,,,,,25875,3.0,3,,,,,,,,
,,,,,25879,4.0,4,,,,,,,,
,,,,,25882,3.0,3,,,,,,,,
,,,,,25885,3.0,3,,,,,,,,
,,,,,25888,3.0,3,,,,,,,,
,,,,,25891,3.0,3,,,,,,,,
,,,,,25894,3.0,3,,,,,,,,
,,,,,25897,3.0,3,,,,,,,,
,,,,,25901,4.0,4,,,,,,,,
,,,,,25904,3.0,3,,,,,,,,
,,,,,25907,3.0,3,,,,,,,,
,,,,,25910,3.0,3,,,,,,,,
,,,,,25913,3.0,3,,,,,,,,
,,,,,25916,3.0,3,,,,,,,,
,,,,,25919,3.0,3,,,,,,,,
,,,,,25922,3.0,3,,,,,,,,
,,,,,25925,3.0,3,,,,,,,,
,,,,,25928,3.0,3,,,,,,,,
,,,,,25931,3.0,3,,,,,,,,
,,,,,25935,4.0,4,,,,,,,,
,,,,,25938,3.0,3,,,,,,,,
,,,,,25941,3.0,3,,,,,,,,
,,,,,25944,3.0,3,,,,,,,,
,,,,,25947,3.0,3,,,,,,,,
,,,,,25950,3.0,3,,,,,,,,
,,,,,25953,3.0,3,,,,,,,,
,,,,,25956,3.0,3,,,,,,,,
,,,,,25959,3.0,3,,,,,,,,
,,,,,25962,3.0,3,,,,,,,,
,,,,,25965,3.0,3,,,,,,,,
,,,,,25968,3.0,3,,,,,,,,
,,,,,25971,3.0,3,,,,,,,,
,,,,,25974,3.0,3,,,,,,,,
,,,,,25977,3.0,3,,,,,,,,
,,,,,25980,3.0,3,,,,,,,,
,,,,,25983,3.0,3,,,,,,,,
,,,,,25986,3.0,3,,,,,,,,
,,,,,25989,3.0,3,,,,,,,,
,,,,,25992,3.0,3,,,,,,,,
,,,,,25995,3.0,3,,,,,,,,
,,,,,25998,3.0,3,,,,,,,,
,,,,,26000,,,0.2946569621562958,-2.9465696811676025,0.06160559132695198,1.8215246200561523,1.8394124507904053,0.0003,0.0003,0.1
,,,,,26001,3.0,3,,,,,,,,
,,,,,26004,3.0,3,,,,,,,,
,,,,,26007,3.0,3,,,,,,,,
,,,,,26010,3.0,3,,,,,,,,
,,,,,26013,3.0,3,,,,,,,,
,,,,,26016,3.0,3,,,,,,,,
,,,,,26019,3.0,3,,,,,,,,
,,,,,26022,3.0,3,,,,,,,,
,,,,,26025,3.0,3,,,,,,,,
,,,,,26028,3.0,3,,,,,,,,
,,,,,26031,3.0,3,,,,,,,,
,,,,,26034,3.0,3,,,,,,,,
,,,,,26037,3.0,3,,,,,,,,
,,,,,26040,3.0,3,,,,,,,,
,,,,,26043,3.0,3,,,,,,,,
,,,,,26046,3.0,3,,,,,,,,
,,,,,26049,3.0,3,,,,,,,,
,,,,,26052,3.0,3,,,,,,,,
,,,,,26055,3.0,3,,,,,,,,
,,,,,26058,3.0,3,,,,,,,,
,,,,,26061,3.0,3,,,,,,,,
,,,,,26064,3.0,3,,,,,,,,
,,,,,26067,3.0,3,,,,,,,,
,,,,,26070,3.0,3,,,,,,,,
,,,,,26073,3.0,3,,,,,,,,
,,,,,26076,3.0,3,,,,,,,,
,,,,,26079,3.0,3,,,,,,,,
,,,,,26082,3.0,3,,,,,,,,
,,,,,26085,3.0,3,,,,,,,,
,,,,,26088,3.0,3,,,,,,,,
,,,,,26091,3.0,3,,,,,,,,
,,,,,26094,3.0,3,,,,,,,,
,,,,,26098,4.0,4,,,,,,,,
,,,,,26103,5.0,5,,,,,,,,
,,,,,26106,3.0,3,,,,,,,,
,,,,,26110,4.0,4,,,,,,,,
,,,,,26113,3.0,3,,,,,,,,
,,,,,26116,3.0,3,,,,,,,,
,,,,,26119,3.0,3,,,,,,,,
,,,,,26122,3.0,3,,,,,,,,
,,,,,26125,3.0,3,,,,,,,,
,,,,,26128,3.0,3,,,,,,,,
,,,,,26131,3.0,3,,,,,,,,
,,,,,26134,3.0,3,,,,,,,,
,,,,,26137,3.0,3,,,,,,,,
,,,,,26141,4.0,4,,,,,,,,
,,,,,26144,3.0,3,,,,,,,,
,,,,,26147,3.0,3,,,,,,,,
,,,,,26150,3.0,3,,,,,,,,
,,,,,26153,3.0,3,,,,,,,,
,,,,,26156,3.0,3,,,,,,,,
,,,,,26159,3.0,3,,,,,,,,
,,,,,26162,3.0,3,,,,,,,,
,,,,,26165,3.0,3,,,,,,,,
,,,,,26168,3.0,3,,,,,,,,
,,,,,26171,3.0,3,,,,,,,,
,,,,,26174,3.0,3,,,,,,,,
,,,,,26177,3.0,3,,,,,,,,
,,,,,26181,4.0,4,,,,,,,,
,,,,,26184,3.0,3,,,,,,,,
,,,,,26187,3.0,3,,,,,,,,
,,,,,26190,3.0,3,,,,,,,,
,,,,,26193,3.0,3,,,,,,,,
,,,,,26196,3.0,3,,,,,,,,
,,,,,26199,3.0,3,,,,,,,,
,,,,,26202,3.0,3,,,,,,,,
,,,,,26205,3.0,3,,,,,,,,
,,,,,26208,3.0,3,,,,,,,,
,,,,,26211,3.0,3,,,,,,,,
,,,,,26214,3.0,3,,,,,,,,
,,,,,26217,3.0,3,,,,,,,,
,,,,,26220,3.0,3,,,,,,,,
,,,,,26223,3.0,3,,,,,,,,
,,,,,26226,3.0,3,,,,,,,,
,,,,,26229,3.0,3,,,,,,,,
,,,,,26232,3.0,3,,,,,,,,
,,,,,26235,3.0,3,,,,,,,,
,,,,,26238,3.0,3,,,,,,,,
,,,,,26241,3.0,3,,,,,,,,
,,,,,26244,3.0,3,,,,,,,,
,,,,,26247,3.0,3,,,,,,,,
,,,,,26250,3.0,3,,,,,,,,
,,,,,26253,3.0,3,,,,,,,,
,,,,,26256,3.0,3,,,,,,,,
,,,,,26259,3.0,3,,,,,,,,
,,,,,26262,3.0,3,,,,,,,,
,,,,,26265,3.0,3,,,,,,,,
,,,,,26268,3.0,3,,,,,,,,
,,,,,26271,3.0,3,,,,,,,,
,,,,,26274,3.0,3,,,,,,,,
,,,,,26277,3.0,3,,,,,,,,
,,,,,26280,3.0,3,,,,,,,,
,,,,,26283,3.0,3,,,,,,,,
,,,,,26286,3.0,3,,,,,,,,
,,,,,26289,3.0,3,,,,,,,,
,,,,,26292,3.0,3,,,,,,,,
,,,,,26295,3.0,3,,,,,,,,
,,,,,26300,5.0,5,,,,,,,,
,,,,,26303,3.0,3,,,,,,,,
,,,,,26306,3.0,3,,,,,,,,
,,,,,26309,3.0,3,,,,,,,,
,,,,,26312,3.0,3,,,,,,,,
,,,,,26315,3.0,3,,,,,,,,
,,,,,26318,3.0,3,,,,,,,,
,,,,,26321,3.0,3,,,,,,,,
,,,,,26324,3.0,3,,,,,,,,
,,,,,26327,3.0,3,,,,,,,,
,,,,,26330,3.0,3,,,,,,,,
,,,,,26333,3.0,3,,,,,,,,
,,,,,26336,3.0,3,,,,,,,,
,,,,,26339,3.0,3,,,,,,,,
,,,,,26342,3.0,3,,,,,,,,
,,,,,26345,3.0,3,,,,,,,,
,,,,,26348,3.0,3,,,,,,,,
,,,,,26351,3.0,3,,,,,,,,
,,,,,26354,3.0,3,,,,,,,,
,,,,,26357,3.0,3,,,,,,,,
,,,,,26360,3.0,3,,,,,,,,
,,,,,26365,5.0,5,,,,,,,,
,,,,,26368,3.0,3,,,,,,,,
,,,,,26371,3.0,3,,,,,,,,
,,,,,26374,3.0,3,,,,,,,,
,,,,,26377,3.0,3,,,,,,,,
,,,,,26380,3.0,3,,,,,,,,
,,,,,26383,3.0,3,,,,,,,,
,,,,,26386,3.0,3,,,,,,,,
,,,,,26389,3.0,3,,,,,,,,
,,,,,26392,3.0,3,,,,,,,,
,,,,,26395,3.0,3,,,,,,,,
,,,,,26399,4.0,4,,,,,,,,
,,,,,26402,3.0,3,,,,,,,,
,,,,,26405,3.0,3,,,,,,,,
,,,,,26409,4.0,4,,,,,,,,
,,,,,26412,3.0,3,,,,,,,,
,,,,,26415,3.0,3,,,,,,,,
,,,,,26418,3.0,3,,,,,,,,
,,,,,26421,3.0,3,,,,,,,,
,,,,,26424,3.0,3,,,,,,,,
,,,,,26427,3.0,3,,,,,,,,
,,,,,26431,4.0,4,,,,,,,,
,,,,,26434,3.0,3,,,,,,,,
,,,,,26437,3.0,3,,,,,,,,
,,,,,26440,3.0,3,,,,,,,,
,,,,,26444,4.0,4,,,,,,,,
,,,,,26447,3.0,3,,,,,,,,
,,,,,26450,3.0,3,,,,,,,,
,,,,,26453,3.0,3,,,,,,,,
,,,,,26456,3.0,3,,,,,,,,
,,,,,26459,3.0,3,,,,,,,,
,,,,,26462,3.0,3,,,,,,,,
,,,,,26465,3.0,3,,,,,,,,
,,,,,26468,3.0,3,,,,,,,,
,,,,,26471,3.0,3,,,,,,,,
,,,,,26474,3.0,3,,,,,,,,
,,,,,26477,3.0,3,,,,,,,,
,,,,,26480,3.0,3,,,,,,,,
,,,,,26483,3.0,3,,,,,,,,
,,,,,26486,3.0,3,,,,,,,,
,,,,,26489,3.0,3,,,,,,,,
,,,,,26493,4.0,4,,,,,,,,
,,,,,26496,3.0,3,,,,,,,,
,,,,,26499,3.0,3,,,,,,,,
,,,,,26502,3.0,3,,,,,,,,
,,,,,26505,3.0,3,,,,,,,,
,,,,,26508,3.0,3,,,,,,,,
,,,,,26511,3.0,3,,,,,,,,
,,,,,26514,3.0,3,,,,,,,,
,,,,,26518,4.0,4,,,,,,,,
,,,,,26521,3.0,3,,,,,,,,
,,,,,26524,3.0,3,,,,,,,,
,,,,,26527,3.0,3,,,,,,,,
,,,,,26530,3.0,3,,,,,,,,
,,,,,26534,4.0,4,,,,,,,,
,,,,,26537,3.0,3,,,,,,,,
,,,,,26540,3.0,3,,,,,,,,
,,,,,26543,3.0,3,,,,,,,,
,,,,,26546,3.0,3,,,,,,,,
,,,,,26549,3.0,3,,,,,,,,
,,,,,26552,3.0,3,,,,,,,,
,,,,,26555,3.0,3,,,,,,,,
,,,,,26558,3.0,3,,,,,,,,
,,,,,26561,3.0,3,,,,,,,,
,,,,,26564,3.0,3,,,,,,,,
,,,,,26567,3.0,3,,,,,,,,
,,,,,26570,3.0,3,,,,,,,,
,,,,,26573,3.0,3,,,,,,,,
,,,,,26576,3.0,3,,,,,,,,
,,,,,26582,6.0,6,,,,,,,,
,,,,,26585,3.0,3,,,,,,,,
,,,,,26588,3.0,3,,,,,,,,
,,,,,26591,3.0,3,,,,,,,,
,,,,,26594,3.0,3,,,,,,,,
,,,,,26597,3.0,3,,,,,,,,
,,,,,26600,3.0,3,,,,,,,,
,,,,,26603,3.0,3,,,,,,,,
,,,,,26606,3.0,3,,,,,,,,
,,,,,26610,4.0,4,,,,,,,,
,,,,,26613,3.0,3,,,,,,,,
,,,,,26616,3.0,3,,,,,,,,
,,,,,26619,3.0,3,,,,,,,,
,,,,,26622,3.0,3,,,,,,,,
,,,,,26625,3.0,3,,,,,,,,
,,,,,26628,3.0,3,,,,,,,,
,,,,,26631,3.0,3,,,,,,,,
,,,,,26635,4.0,4,,,,,,,,
,,,,,26638,3.0,3,,,,,,,,
,,,,,26641,3.0,3,,,,,,,,
,,,,,26644,3.0,3,,,,,,,,
,,,,,26647,3.0,3,,,,,,,,
,,,,,26650,3.0,3,,,,,,,,
,,,,,26653,3.0,3,,,,,,,,
,,,,,26658,5.0,5,,,,,,,,
,,,,,26661,3.0,3,,,,,,,,
,,,,,26664,3.0,3,,,,,,,,
,,,,,26667,3.0,3,,,,,,,,
,,,,,26670,3.0,3,,,,,,,,
,,,,,26673,3.0,3,,,,,,,,
,,,,,26676,3.0,3,,,,,,,,
,,,,,26679,3.0,3,,,,,,,,
,,,,,26682,3.0,3,,,,,,,,
,,,,,26685,3.0,3,,,,,,,,
,,,,,26688,3.0,3,,,,,,,,
,,,,,26691,3.0,3,,,,,,,,
,,,,,26694,3.0,3,,,,,,,,
,,,,,26697,3.0,3,,,,,,,,
,,,,,26700,3.0,3,,,,,,,,
,,,,,26703,3.0,3,,,,,,,,
,,,,,26706,3.0,3,,,,,,,,
,,,,,26709,3.0,3,,,,,,,,
,,,,,26712,3.0,3,,,,,,,,
,,,,,26715,3.0,3,,,,,,,,
,,,,,26718,3.0,3,,,,,,,,
,,,,,26721,3.0,3,,,,,,,,
,,,,,26724,3.0,3,,,,,,,,
,,,,,26727,3.0,3,,,,,,,,
,,,,,26730,3.0,3,,,,,,,,
,,,,,26733,3.0,3,,,,,,,,
,,,,,26737,4.0,4,,,,,,,,
,,,,,26740,3.0,3,,,,,,,,
,,,,,26743,3.0,3,,,,,,,,
,,,,,26746,3.0,3,,,,,,,,
,,,,,26749,3.0,3,,,,,,,,
,,,,,26752,3.0,3,,,,,,,,
,,,,,26756,4.0,4,,,,,,,,
,,,,,26759,3.0,3,,,,,,,,
,,,,,26762,3.0,3,,,,,,,,
,,,,,26765,3.0,3,,,,,,,,
,,,,,26769,4.0,4,,,,,,,,
,,,,,26772,3.0,3,,,,,,,,
,,,,,26775,3.0,3,,,,,,,,
,,,,,26778,3.0,3,,,,,,,,
,,,,,26781,3.0,3,,,,,,,,
,,,,,26784,3.0,3,,,,,,,,
,,,,,26787,3.0,3,,,,,,,,
,,,,,26790,3.0,3,,,,,,,,
,,,,,26793,3.0,3,,,,,,,,
,,,,,26796,3.0,3,,,,,,,,
,,,,,26799,3.0,3,,,,,,,,
,,,,,26802,3.0,3,,,,,,,,
,,,,,26805,3.0,3,,,,,,,,
,,,,,26808,3.0,3,,,,,,,,
,,,,,26811,3.0,3,,,,,,,,
,,,,,26814,3.0,3,,,,,,,,
,,,,,26818,4.0,4,,,,,,,,
,,,,,26821,3.0,3,,,,,,,,
,,,,,26824,3.0,3,,,,,,,,
,,,,,26827,3.0,3,,,,,,,,
,,,,,26830,3.0,3,,,,,,,,
,,,,,26833,3.0,3,,,,,,,,
,,,,,26836,3.0,3,,,,,,,,
,,,,,26839,3.0,3,,,,,,,,
,,,,,26842,3.0,3,,,,,,,,
,,,,,26845,3.0,3,,,,,,,,
,,,,,26848,3.0,3,,,,,,,,
,,,,,26851,3.0,3,,,,,,,,
,,,,,26854,3.0,3,,,,,,,,
,,,,,26857,3.0,3,,,,,,,,
,,,,,26860,3.0,3,,,,,,,,
,,,,,26863,3.0,3,,,,,,,,
,,,,,26866,3.0,3,,,,,,,,
,,,,,26869,3.0,3,,,,,,,,
,,,,,26873,4.0,4,,,,,,,,
,,,,,26876,3.0,3,,,,,,,,
,,,,,26879,3.0,3,,,,,,,,
,,,,,26883,4.0,4,,,,,,,,
,,,,,26887,4.0,4,,,,,,,,
,,,,,26890,3.0,3,,,,,,,,
,,,,,26893,3.0,3,,,,,,,,
,,,,,26896,3.0,3,,,,,,,,
,,,,,26899,3.0,3,,,,,,,,
,,,,,26902,3.0,3,,,,,,,,
,,,,,26905,3.0,3,,,,,,,,
,,,,,26908,3.0,3,,,,,,,,
,,,,,26911,3.0,3,,,,,,,,
,,,,,26914,3.0,3,,,,,,,,
,,,,,26917,3.0,3,,,,,,,,
,,,,,26920,3.0,3,,,,,,,,
,,,,,26923,3.0,3,,,,,,,,
,,,,,26926,3.0,3,,,,,,,,
,,,,,26929,3.0,3,,,,,,,,
,,,,,26933,4.0,4,,,,,,,,
,,,,,26936,3.0,3,,,,,,,,
,,,,,26939,3.0,3,,,,,,,,
,,,,,26942,3.0,3,,,,,,,,
,,,,,26945,3.0,3,,,,,,,,
,,,,,26948,3.0,3,,,,,,,,
,,,,,26952,4.0,4,,,,,,,,
,,,,,26955,3.0,3,,,,,,,,
,,,,,26958,3.0,3,,,,,,,,
,,,,,26961,3.0,3,,,,,,,,
,,,,,26964,3.0,3,,,,,,,,
,,,,,26967,3.0,3,,,,,,,,
,,,,,26970,3.0,3,,,,,,,,
,,,,,26973,3.0,3,,,,,,,,
,,,,,26976,3.0,3,,,,,,,,
,,,,,26979,3.0,3,,,,,,,,
,,,,,26982,3.0,3,,,,,,,,
,,,,,26985,3.0,3,,,,,,,,
,,,,,26988,3.0,3,,,,,,,,
,,,,,26991,3.0,3,,,,,,,,
,,,,,26994,3.0,3,,,,,,,,
,,,,,26997,3.0,3,,,,,,,,
,,,,,27000,,,0.5942514538764954,-5.942514419555664,0.015656007453799248,1.3947725296020508,1.3209184408187866,0.0003,0.0003,0.1
,,,,,27002,5.0,5,,,,,,,,
,,,,,27005,3.0,3,,,,,,,,
,,,,,27008,3.0,3,,,,,,,,
,,,,,27011,3.0,3,,,,,,,,
,,,,,27014,3.0,3,,,,,,,,
,,,,,27017,3.0,3,,,,,,,,
,,,,,27020,3.0,3,,,,,,,,
,,,,,27023,3.0,3,,,,,,,,
,,,,,27026,3.0,3,,,,,,,,
,,,,,27029,3.0,3,,,,,,,,
,,,,,27032,3.0,3,,,,,,,,
,,,,,27035,3.0,3,,,,,,,,
,,,,,27038,3.0,3,,,,,,,,
,,,,,27041,3.0,3,,,,,,,,
,,,,,27045,4.0,4,,,,,,,,
,,,,,27048,3.0,3,,,,,,,,
,,,,,27052,4.0,4,,,,,,,,
,,,,,27055,3.0,3,,,,,,,,
,,,,,27058,3.0,3,,,,,,,,
,,,,,27061,3.0,3,,,,,,,,
,,,,,27064,3.0,3,,,,,,,,
,,,,,27067,3.0,3,,,,,,,,
,,,,,27070,3.0,3,,,,,,,,
,,,,,27073,3.0,3,,,,,,,,
,,,,,27076,3.0,3,,,,,,,,
,,,,,27079,3.0,3,,,,,,,,
,,,,,27082,3.0,3,,,,,,,,
,,,,,27085,3.0,3,,,,,,,,
,,,,,27088,3.0,3,,,,,,,,
,,,,,27091,3.0,3,,,,,,,,
,,,,,27094,3.0,3,,,,,,,,
,,,,,27097,3.0,3,,,,,,,,
,,,,,27100,3.0,3,,,,,,,,
,,,,,27103,3.0,3,,,,,,,,
,,,,,27106,3.0,3,,,,,,,,
,,,,,27109,3.0,3,,,,,,,,
,,,,,27112,3.0,3,,,,,,,,
,,,,,27115,3.0,3,,,,,,,,
,,,,,27118,3.0,3,,,,,,,,
,,,,,27121,3.0,3,,,,,,,,
,,,,,27124,3.0,3,,,,,,,,
,,,,,27127,3.0,3,,,,,,,,
,,,,,27130,3.0,3,,,,,,,,
,,,,,27133,3.0,3,,,,,,,,
,,,,,27136,3.0,3,,,,,,,,
,,,,,27139,3.0,3,,,,,,,,
,,,,,27142,3.0,3,,,,,,,,
,,,,,27145,3.0,3,,,,,,,,
,,,,,27148,3.0,3,,,,,,,,
,,,,,27151,3.0,3,,,,,,,,
,,,,,27154,3.0,3,,,,,,,,
,,,,,27157,3.0,3,,,,,,,,
,,,,,27160,3.0,3,,,,,,,,
,,,,,27163,3.0,3,,,,,,,,
,,,,,27166,3.0,3,,,,,,,,
,,,,,27169,3.0,3,,,,,,,,
,,,,,27172,3.0,3,,,,,,,,
,,,,,27175,3.0,3,,,,,,,,
,,,,,27178,3.0,3,,,,,,,,
,,,,,27181,3.0,3,,,,,,,,
,,,,,27184,3.0,3,,,,,,,,
,,,,,27187,3.0,3,,,,,,,,
,,,,,27190,3.0,3,,,,,,,,
,,,,,27193,3.0,3,,,,,,,,
,,,,,27196,3.0,3,,,,,,,,
,,,,,27199,3.0,3,,,,,,,,
,,,,,27202,3.0,3,,,,,,,,
,,,,,27206,4.0,4,,,,,,,,
,,,,,27209,3.0,3,,,,,,,,
,,,,,27212,3.0,3,,,,,,,,
,,,,,27215,3.0,3,,,,,,,,
,,,,,27218,3.0,3,,,,,,,,
,,,,,27221,3.0,3,,,,,,,,
,,,,,27224,3.0,3,,,,,,,,
,,,,,27227,3.0,3,,,,,,,,
,,,,,27230,3.0,3,,,,,,,,
,,,,,27233,3.0,3,,,,,,,,
,,,,,27236,3.0,3,,,,,,,,
,,,,,27239,3.0,3,,,,,,,,
,,,,,27242,3.0,3,,,,,,,,
,,,,,27245,3.0,3,,,,,,,,
,,,,,27248,3.0,3,,,,,,,,
,,,,,27251,3.0,3,,,,,,,,
,,,,,27254,3.0,3,,,,,,,,
,,,,,27257,3.0,3,,,,,,,,
,,,,,27260,3.0,3,,,,,,,,
,,,,,27263,3.0,3,,,,,,,,
,,,,,27266,3.0,3,,,,,,,,
,,,,,27269,3.0,3,,,,,,,,
,,,,,27272,3.0,3,,,,,,,,
,,,,,27275,3.0,3,,,,,,,,
,,,,,27278,3.0,3,,,,,,,,
,,,,,27281,3.0,3,,,,,,,,
,,,,,27284,3.0,3,,,,,,,,
,,,,,27287,3.0,3,,,,,,,,
,,,,,27290,3.0,3,,,,,,,,
,,,,,27293,3.0,3,,,,,,,,
,,,,,27296,3.0,3,,,,,,,,
,,,,,27299,3.0,3,,,,,,,,
,,,,,27302,3.0,3,,,,,,,,
,,,,,27305,3.0,3,,,,,,,,
,,,,,27308,3.0,3,,,,,,,,
,,,,,27311,3.0,3,,,,,,,,
,,,,,27314,3.0,3,,,,,,,,
,,,,,27317,3.0,3,,,,,,,,
,,,,,27320,3.0,3,,,,,,,,
,,,,,27323,3.0,3,,,,,,,,
,,,,,27326,3.0,3,,,,,,,,
,,,,,27329,3.0,3,,,,,,,,
,,,,,27332,3.0,3,,,,,,,,
,,,,,27335,3.0,3,,,,,,,,
,,,,,27338,3.0,3,,,,,,,,
,,,,,27341,3.0,3,,,,,,,,
,,,,,27344,3.0,3,,,,,,,,
,,,,,27347,3.0,3,,,,,,,,
,,,,,27350,3.0,3,,,,,,,,
,,,,,27353,3.0,3,,,,,,,,
,,,,,27356,3.0,3,,,,,,,,
,,,,,27359,3.0,3,,,,,,,,
,,,,,27362,3.0,3,,,,,,,,
,,,,,27365,3.0,3,,,,,,,,
,,,,,27368,3.0,3,,,,,,,,
,,,,,27371,3.0,3,,,,,,,,
,,,,,27374,3.0,3,,,,,,,,
,,,,,27377,3.0,3,,,,,,,,
,,,,,27380,3.0,3,,,,,,,,
,,,,,27383,3.0,3,,,,,,,,
,,,,,27386,3.0,3,,,,,,,,
,,,,,27389,3.0,3,,,,,,,,
,,,,,27392,3.0,3,,,,,,,,
,,,,,27395,3.0,3,,,,,,,,
,,,,,27398,3.0,3,,,,,,,,
,,,,,27401,3.0,3,,,,,,,,
,,,,,27404,3.0,3,,,,,,,,
,,,,,27407,3.0,3,,,,,,,,
,,,,,27410,3.0,3,,,,,,,,
,,,,,27413,3.0,3,,,,,,,,
,,,,,27416,3.0,3,,,,,,,,
,,,,,27419,3.0,3,,,,,,,,
,,,,,27422,3.0,3,,,,,,,,
,,,,,27425,3.0,3,,,,,,,,
,,,,,27428,3.0,3,,,,,,,,
,,,,,27431,3.0,3,,,,,,,,
,,,,,27434,3.0,3,,,,,,,,
,,,,,27437,3.0,3,,,,,,,,
,,,,,27440,3.0,3,,,,,,,,
,,,,,27443,3.0,3,,,,,,,,
,,,,,27446,3.0,3,,,,,,,,
,,,,,27449,3.0,3,,,,,,,,
,,,,,27452,3.0,3,,,,,,,,
,,,,,27455,3.0,3,,,,,,,,
,,,,,27458,3.0,3,,,,,,,,
,,,,,27461,3.0,3,,,,,,,,
,,,,,27464,3.0,3,,,,,,,,
,,,,,27467,3.0,3,,,,,,,,
,,,,,27470,3.0,3,,,,,,,,
,,,,,27473,3.0,3,,,,,,,,
,,,,,27477,4.0,4,,,,,,,,
,,,,,27480,3.0,3,,,,,,,,
,,,,,27483,3.0,3,,,,,,,,
,,,,,27486,3.0,3,,,,,,,,
,,,,,27489,3.0,3,,,,,,,,
,,,,,27492,3.0,3,,,,,,,,
,,,,,27495,3.0,3,,,,,,,,
,,,,,27498,3.0,3,,,,,,,,
,,,,,27501,3.0,3,,,,,,,,
,,,,,27504,3.0,3,,,,,,,,
,,,,,27507,3.0,3,,,,,,,,
,,,,,27510,3.0,3,,,,,,,,
,,,,,27513,3.0,3,,,,,,,,
,,,,,27516,3.0,3,,,,,,,,
,,,,,27519,3.0,3,,,,,,,,
,,,,,27522,3.0,3,,,,,,,,
,,,,,27525,3.0,3,,,,,,,,
,,,,,27528,3.0,3,,,,,,,,
,,,,,27531,3.0,3,,,,,,,,
,,,,,27534,3.0,3,,,,,,,,
,,,,,27537,3.0,3,,,,,,,,
,,,,,27540,3.0,3,,,,,,,,
,,,,,27543,3.0,3,,,,,,,,
,,,,,27546,3.0,3,,,,,,,,
,,,,,27549,3.0,3,,,,,,,,
,,,,,27552,3.0,3,,,,,,,,
,,,,,27555,3.0,3,,,,,,,,
,,,,,27558,3.0,3,,,,,,,,
,,,,,27561,3.0,3,,,,,,,,
,,,,,27564,3.0,3,,,,,,,,
,,,,,27567,3.0,3,,,,,,,,
,,,,,27570,3.0,3,,,,,,,,
,,,,,27573,3.0,3,,,,,,,,
,,,,,27576,3.0,3,,,,,,,,
,,,,,27579,3.0,3,,,,,,,,
,,,,,27582,3.0,3,,,,,,,,
,,,,,27585,3.0,3,,,,,,,,
,,,,,27589,4.0,4,,,,,,,,
,,,,,27592,3.0,3,,,,,,,,
,,,,,27595,3.0,3,,,,,,,,
,,,,,27598,3.0,3,,,,,,,,
,,,,,27601,3.0,3,,,,,,,,
,,,,,27604,3.0,3,,,,,,,,
,,,,,27607,3.0,3,,,,,,,,
,,,,,27610,3.0,3,,,,,,,,
,,,,,27613,3.0,3,,,,,,,,
,,,,,27616,3.0,3,,,,,,,,
,,,,,27619,3.0,3,,,,,,,,
,,,,,27622,3.0,3,,,,,,,,
,,,,,27625,3.0,3,,,,,,,,
,,,,,27628,3.0,3,,,,,,,,
,,,,,27631,3.0,3,,,,,,,,
,,,,,27634,3.0,3,,,,,,,,
,,,,,27637,3.0,3,,,,,,,,
,,,,,27640,3.0,3,,,,,,,,
,,,,,27643,3.0,3,,,,,,,,
,,,,,27646,3.0,3,,,,,,,,
,,,,,27649,3.0,3,,,,,,,,
,,,,,27652,3.0,3,,,,,,,,
,,,,,27655,3.0,3,,,,,,,,
,,,,,27658,3.0,3,,,,,,,,
,,,,,27661,3.0,3,,,,,,,,
,,,,,27664,3.0,3,,,,,,,,
,,,,,27667,3.0,3,,,,,,,,
,,,,,27670,3.0,3,,,,,,,,
,,,,,27673,3.0,3,,,,,,,,
,,,,,27676,3.0,3,,,,,,,,
,,,,,27680,4.0,4,,,,,,,,
,,,,,27683,3.0,3,,,,,,,,
,,,,,27686,3.0,3,,,,,,,,
,,,,,27689,3.0,3,,,,,,,,
,,,,,27692,3.0,3,,,,,,,,
,,,,,27695,3.0,3,,,,,,,,
,,,,,27698,3.0,3,,,,,,,,
,,,,,27701,3.0,3,,,,,,,,
,,,,,27704,3.0,3,,,,,,,,
,,,,,27707,3.0,3,,,,,,,,
,,,,,27710,3.0,3,,,,,,,,
,,,,,27713,3.0,3,,,,,,,,
,,,,,27716,3.0,3,,,,,,,,
,,,,,27719,3.0,3,,,,,,,,
,,,,,27722,3.0,3,,,,,,,,
,,,,,27725,3.0,3,,,,,,,,
,,,,,27728,3.0,3,,,,,,,,
,,,,,27731,3.0,3,,,,,,,,
,,,,,27734,3.0,3,,,,,,,,
,,,,,27738,4.0,4,,,,,,,,
,,,,,27741,3.0,3,,,,,,,,
,,,,,27744,3.0,3,,,,,,,,
,,,,,27747,3.0,3,,,,,,,,
,,,,,27750,3.0,3,,,,,,,,
,,,,,27753,3.0,3,,,,,,,,
,,,,,27756,3.0,3,,,,,,,,
,,,,,27759,3.0,3,,,,,,,,
,,,,,27762,3.0,3,,,,,,,,
,,,,,27765,3.0,3,,,,,,,,
,,,,,27769,4.0,4,,,,,,,,
,,,,,27772,3.0,3,,,,,,,,
,,,,,27775,3.0,3,,,,,,,,
,,,,,27778,3.0,3,,,,,,,,
,,,,,27781,3.0,3,,,,,,,,
,,,,,27784,3.0,3,,,,,,,,
,,,,,27787,3.0,3,,,,,,,,
,,,,,27790,3.0,3,,,,,,,,
,,,,,27793,3.0,3,,,,,,,,
,,,,,27796,3.0,3,,,,,,,,
,,,,,27799,3.0,3,,,,,,,,
,,,,,27802,3.0,3,,,,,,,,
,,,,,27805,3.0,3,,,,,,,,
,,,,,27808,3.0,3,,,,,,,,
,,,,,27811,3.0,3,,,,,,,,
,,,,,27814,3.0,3,,,,,,,,
,,,,,27817,3.0,3,,,,,,,,
,,,,,27820,3.0,3,,,,,,,,
,,,,,27823,3.0,3,,,,,,,,
,,,,,27826,3.0,3,,,,,,,,
,,,,,27829,3.0,3,,,,,,,,
,,,,,27832,3.0,3,,,,,,,,
,,,,,27835,3.0,3,,,,,,,,
,,,,,27838,3.0,3,,,,,,,,
,,,,,27841,3.0,3,,,,,,,,
,,,,,27844,3.0,3,,,,,,,,
,,,,,27847,3.0,3,,,,,,,,
,,,,,27850,3.0,3,,,,,,,,
,,,,,27853,3.0,3,,,,,,,,
,,,,,27856,3.0,3,,,,,,,,
,,,,,27859,3.0,3,,,,,,,,
,,,,,27862,3.0,3,,,,,,,,
,,,,,27865,3.0,3,,,,,,,,
,,,,,27868,3.0,3,,,,,,,,
,,,,,27871,3.0,3,,,,,,,,
,,,,,27874,3.0,3,,,,,,,,
,,,,,27877,3.0,3,,,,,,,,
,,,,,27880,3.0,3,,,,,,,,
,,,,,27883,3.0,3,,,,,,,,
,,,,,27886,3.0,3,,,,,,,,
,,,,,27889,3.0,3,,,,,,,,
,,,,,27892,3.0,3,,,,,,,,
,,,,,27895,3.0,3,,,,,,,,
,,,,,27898,3.0,3,,,,,,,,
,,,,,27901,3.0,3,,,,,,,,
,,,,,27904,3.0,3,,,,,,,,
,,,,,27907,3.0,3,,,,,,,,
,,,,,27910,3.0,3,,,,,,,,
,,,,,27914,4.0,4,,,,,,,,
,,,,,27917,3.0,3,,,,,,,,
,,,,,27920,3.0,3,,,,,,,,
,,,,,27923,3.0,3,,,,,,,,
,,,,,27926,3.0,3,,,,,,,,
,,,,,27929,3.0,3,,,,,,,,
,,,,,27932,3.0,3,,,,,,,,
,,,,,27935,3.0,3,,,,,,,,
,,,,,27938,3.0,3,,,,,,,,
,,,,,27943,5.0,5,,,,,,,,
,,,,,27946,3.0,3,,,,,,,,
,,,,,27949,3.0,3,,,,,,,,
,,,,,27952,3.0,3,,,,,,,,
,,,,,27955,3.0,3,,,,,,,,
,,,,,27958,3.0,3,,,,,,,,
,,,,,27961,3.0,3,,,,,,,,
,,,,,27964,3.0,3,,,,,,,,
,,,,,27967,3.0,3,,,,,,,,
,,,,,27970,3.0,3,,,,,,,,
,,,,,27973,3.0,3,,,,,,,,
,,,,,27976,3.0,3,,,,,,,,
,,,,,27979,3.0,3,,,,,,,,
,,,,,27982,3.0,3,,,,,,,,
,,,,,27985,3.0,3,,,,,,,,
,,,,,27988,3.0,3,,,,,,,,
,,,,,27991,3.0,3,,,,,,,,
,,,,,27994,3.0,3,,,,,,,,
,,,,,27997,3.0,3,,,,,,,,
,,,,,28000,3.0,3,,,,,,,,
,,,,,28000,,,0.49526140093803406,-4.952613830566406,0.004326000809669495,1.38077974319458,1.3548152446746826,0.0003,0.0003,0.1
,,,,,28003,3.0,3,,,,,,,,
,,,,,28006,3.0,3,,,,,,,,
,,,,,28010,4.0,4,,,,,,,,
,,,,,28013,3.0,3,,,,,,,,
,,,,,28016,3.0,3,,,,,,,,
,,,,,28019,3.0,3,,,,,,,,
,,,,,28022,3.0,3,,,,,,,,
,,,,,28025,3.0,3,,,,,,,,
,,,,,28028,3.0,3,,,,,,,,
,,,,,28031,3.0,3,,,,,,,,
,,,,,28034,3.0,3,,,,,,,,
,,,,,28038,4.0,4,,,,,,,,
,,,,,28041,3.0,3,,,,,,,,
,,,,,28044,3.0,3,,,,,,,,
,,,,,28047,3.0,3,,,,,,,,
,,,,,28050,3.0,3,,,,,,,,
,,,,,28054,4.0,4,,,,,,,,
,,,,,28057,3.0,3,,,,,,,,
,,,,,28060,3.0,3,,,,,,,,
,,,,,28063,3.0,3,,,,,,,,
,,,,,28066,3.0,3,,,,,,,,
,,,,,28069,3.0,3,,,,,,,,
,,,,,28072,3.0,3,,,,,,,,
,,,,,28075,3.0,3,,,,,,,,
,,,,,28078,3.0,3,,,,,,,,
,,,,,28081,3.0,3,,,,,,,,
,,,,,28084,3.0,3,,,,,,,,
,,,,,28087,3.0,3,,,,,,,,
,,,,,28090,3.0,3,,,,,,,,
,,,,,28093,3.0,3,,,,,,,,
,,,,,28096,3.0,3,,,,,,,,
,,,,,28099,3.0,3,,,,,,,,
,,,,,28102,3.0,3,,,,,,,,
,,,,,28105,3.0,3,,,,,,,,
,,,,,28108,3.0,3,,,,,,,,
,,,,,28111,3.0,3,,,,,,,,
,,,,,28114,3.0,3,,,,,,,,
,,,,,28117,3.0,3,,,,,,,,
,,,,,28120,3.0,3,,,,,,,,
,,,,,28123,3.0,3,,,,,,,,
,,,,,28126,3.0,3,,,,,,,,
,,,,,28130,4.0,4,,,,,,,,
,,,,,28133,3.0,3,,,,,,,,
,,,,,28136,3.0,3,,,,,,,,
,,,,,28139,3.0,3,,,,,,,,
,,,,,28142,3.0,3,,,,,,,,
,,,,,28145,3.0,3,,,,,,,,
,,,,,28148,3.0,3,,,,,,,,
,,,,,28151,3.0,3,,,,,,,,
,,,,,28154,3.0,3,,,,,,,,
,,,,,28157,3.0,3,,,,,,,,
,,,,,28160,3.0,3,,,,,,,,
,,,,,28163,3.0,3,,,,,,,,
,,,,,28166,3.0,3,,,,,,,,
,,,,,28169,3.0,3,,,,,,,,
,,,,,28172,3.0,3,,,,,,,,
,,,,,28175,3.0,3,,,,,,,,
,,,,,28178,3.0,3,,,,,,,,
,,,,,28181,3.0,3,,,,,,,,
,,,,,28184,3.0,3,,,,,,,,
,,,,,28187,3.0,3,,,,,,,,
,,,,,28190,3.0,3,,,,,,,,
,,,,,28193,3.0,3,,,,,,,,
,,,,,28196,3.0,3,,,,,,,,
,,,,,28199,3.0,3,,,,,,,,
,,,,,28202,3.0,3,,,,,,,,
,,,,,28205,3.0,3,,,,,,,,
,,,,,28208,3.0,3,,,,,,,,
,,,,,28211,3.0,3,,,,,,,,
,,,,,28214,3.0,3,,,,,,,,
,,,,,28217,3.0,3,,,,,,,,
,,,,,28220,3.0,3,,,,,,,,
,,,,,28223,3.0,3,,,,,,,,
,,,,,28226,3.0,3,,,,,,,,
,,,,,28229,3.0,3,,,,,,,,
,,,,,28232,3.0,3,,,,,,,,
,,,,,28235,3.0,3,,,,,,,,
,,,,,28238,3.0,3,,,,,,,,
,,,,,28241,3.0,3,,,,,,,,
,,,,,28244,3.0,3,,,,,,,,
,,,,,28247,3.0,3,,,,,,,,
,,,,,28250,3.0,3,,,,,,,,
,,,,,28253,3.0,3,,,,,,,,
,,,,,28256,3.0,3,,,,,,,,
,,,,,28259,3.0,3,,,,,,,,
,,,,,28262,3.0,3,,,,,,,,
,,,,,28265,3.0,3,,,,,,,,
,,,,,28268,3.0,3,,,,,,,,
,,,,,28271,3.0,3,,,,,,,,
,,,,,28274,3.0,3,,,,,,,,
,,,,,28277,3.0,3,,,,,,,,
,,,,,28280,3.0,3,,,,,,,,
,,,,,28283,3.0,3,,,,,,,,
,,,,,28287,4.0,4,,,,,,,,
,,,,,28290,3.0,3,,,,,,,,
,,,,,28293,3.0,3,,,,,,,,
,,,,,28296,3.0,3,,,,,,,,
,,,,,28299,3.0,3,,,,,,,,
,,,,,28302,3.0,3,,,,,,,,
,,,,,28305,3.0,3,,,,,,,,
,,,,,28308,3.0,3,,,,,,,,
,,,,,28311,3.0,3,,,,,,,,
,,,,,28314,3.0,3,,,,,,,,
,,,,,28317,3.0,3,,,,,,,,
,,,,,28320,3.0,3,,,,,,,,
,,,,,28323,3.0,3,,,,,,,,
,,,,,28326,3.0,3,,,,,,,,
,,,,,28329,3.0,3,,,,,,,,
,,,,,28332,3.0,3,,,,,,,,
,,,,,28335,3.0,3,,,,,,,,
,,,,,28338,3.0,3,,,,,,,,
,,,,,28341,3.0,3,,,,,,,,
,,,,,28344,3.0,3,,,,,,,,
,,,,,28347,3.0,3,,,,,,,,
,,,,,28350,3.0,3,,,,,,,,
,,,,,28353,3.0,3,,,,,,,,
,,,,,28356,3.0,3,,,,,,,,
,,,,,28359,3.0,3,,,,,,,,
,,,,,28362,3.0,3,,,,,,,,
,,,,,28365,3.0,3,,,,,,,,
,,,,,28368,3.0,3,,,,,,,,
,,,,,28371,3.0,3,,,,,,,,
,,,,,28374,3.0,3,,,,,,,,
,,,,,28377,3.0,3,,,,,,,,
,,,,,28380,3.0,3,,,,,,,,
,,,,,28383,3.0,3,,,,,,,,
,,,,,28386,3.0,3,,,,,,,,
,,,,,28389,3.0,3,,,,,,,,
,,,,,28392,3.0,3,,,,,,,,
,,,,,28395,3.0,3,,,,,,,,
,,,,,28398,3.0,3,,,,,,,,
,,,,,28401,3.0,3,,,,,,,,
,,,,,28404,3.0,3,,,,,,,,
,,,,,28407,3.0,3,,,,,,,,
,,,,,28410,3.0,3,,,,,,,,
,,,,,28413,3.0,3,,,,,,,,
,,,,,28416,3.0,3,,,,,,,,
,,,,,28419,3.0,3,,,,,,,,
,,,,,28422,3.0,3,,,,,,,,
,,,,,28425,3.0,3,,,,,,,,
,,,,,28428,3.0,3,,,,,,,,
,,,,,28431,3.0,3,,,,,,,,
,,,,,28434,3.0,3,,,,,,,,
,,,,,28437,3.0,3,,,,,,,,
,,,,,28440,3.0,3,,,,,,,,
,,,,,28443,3.0,3,,,,,,,,
,,,,,28446,3.0,3,,,,,,,,
,,,,,28449,3.0,3,,,,,,,,
,,,,,28452,3.0,3,,,,,,,,
,,,,,28455,3.0,3,,,,,,,,
,,,,,28458,3.0,3,,,,,,,,
,,,,,28461,3.0,3,,,,,,,,
,,,,,28464,3.0,3,,,,,,,,
,,,,,28467,3.0,3,,,,,,,,
,,,,,28470,3.0,3,,,,,,,,
,,,,,28473,3.0,3,,,,,,,,
,,,,,28476,3.0,3,,,,,,,,
,,,,,28479,3.0,3,,,,,,,,
,,,,,28482,3.0,3,,,,,,,,
,,,,,28485,3.0,3,,,,,,,,
,,,,,28488,3.0,3,,,,,,,,
,,,,,28491,3.0,3,,,,,,,,
,,,,,28494,3.0,3,,,,,,,,
,,,,,28497,3.0,3,,,,,,,,
,,,,,28500,3.0,3,,,,,,,,
,,,,,28503,3.0,3,,,,,,,,
,,,,,28506,3.0,3,,,,,,,,
,,,,,28509,3.0,3,,,,,,,,
,,,,,28512,3.0,3,,,,,,,,
,,,,,28515,3.0,3,,,,,,,,
,,,,,28518,3.0,3,,,,,,,,
,,,,,28522,4.0,4,,,,,,,,
,,,,,28525,3.0,3,,,,,,,,
,,,,,28528,3.0,3,,,,,,,,
,,,,,28531,3.0,3,,,,,,,,
,,,,,28534,3.0,3,,,,,,,,
,,,,,28537,3.0,3,,,,,,,,
,,,,,28541,4.0,4,,,,,,,,
,,,,,28544,3.0,3,,,,,,,,
,,,,,28547,3.0,3,,,,,,,,
,,,,,28550,3.0,3,,,,,,,,
,,,,,28553,3.0,3,,,,,,,,
,,,,,28556,3.0,3,,,,,,,,
,,,,,28559,3.0,3,,,,,,,,
,,,,,28562,3.0,3,,,,,,,,
,,,,,28565,3.0,3,,,,,,,,
,,,,,28568,3.0,3,,,,,,,,
,,,,,28571,3.0,3,,,,,,,,
,,,,,28575,4.0,4,,,,,,,,
,,,,,28578,3.0,3,,,,,,,,
,,,,,28581,3.0,3,,,,,,,,
,,,,,28584,3.0,3,,,,,,,,
,,,,,28587,3.0,3,,,,,,,,
,,,,,28590,3.0,3,,,,,,,,
,,,,,28593,3.0,3,,,,,,,,
,,,,,28596,3.0,3,,,,,,,,
,,,,,28599,3.0,3,,,,,,,,
,,,,,28602,3.0,3,,,,,,,,
,,,,,28605,3.0,3,,,,,,,,
,,,,,28608,3.0,3,,,,,,,,
,,,,,28611,3.0,3,,,,,,,,
,,,,,28615,4.0,4,,,,,,,,
,,,,,28618,3.0,3,,,,,,,,
,,,,,28621,3.0,3,,,,,,,,
,,,,,28624,3.0,3,,,,,,,,
,,,,,28627,3.0,3,,,,,,,,
,,,,,28630,3.0,3,,,,,,,,
,,,,,28633,3.0,3,,,,,,,,
,,,,,28636,3.0,3,,,,,,,,
,,,,,28639,3.0,3,,,,,,,,
,,,,,28642,3.0,3,,,,,,,,
,,,,,28645,3.0,3,,,,,,,,
,,,,,28648,3.0,3,,,,,,,,
,,,,,28651,3.0,3,,,,,,,,
,,,,,28654,3.0,3,,,,,,,,
,,,,,28657,3.0,3,,,,,,,,
,,,,,28660,3.0,3,,,,,,,,
,,,,,28663,3.0,3,,,,,,,,
,,,,,28666,3.0,3,,,,,,,,
,,,,,28669,3.0,3,,,,,,,,
,,,,,28672,3.0,3,,,,,,,,
,,,,,28675,3.0,3,,,,,,,,
,,,,,28678,3.0,3,,,,,,,,
,,,,,28681,3.0,3,,,,,,,,
,,,,,28684,3.0,3,,,,,,,,
,,,,,28687,3.0,3,,,,,,,,
,,,,,28690,3.0,3,,,,,,,,
,,,,,28693,3.0,3,,,,,,,,
,,,,,28696,3.0,3,,,,,,,,
,,,,,28699,3.0,3,,,,,,,,
,,,,,28702,3.0,3,,,,,,,,
,,,,,28705,3.0,3,,,,,,,,
,,,,,28708,3.0,3,,,,,,,,
,,,,,28711,3.0,3,,,,,,,,
,,,,,28714,3.0,3,,,,,,,,
,,,,,28718,4.0,4,,,,,,,,
,,,,,28721,3.0,3,,,,,,,,
,,,,,28724,3.0,3,,,,,,,,
,,,,,28727,3.0,3,,,,,,,,
,,,,,28730,3.0,3,,,,,,,,
,,,,,28733,3.0,3,,,,,,,,
,,,,,28736,3.0,3,,,,,,,,
,,,,,28739,3.0,3,,,,,,,,
,,,,,28742,3.0,3,,,,,,,,
,,,,,28745,3.0,3,,,,,,,,
,,,,,28748,3.0,3,,,,,,,,
,,,,,28751,3.0,3,,,,,,,,
,,,,,28754,3.0,3,,,,,,,,
,,,,,28757,3.0,3,,,,,,,,
,,,,,28760,3.0,3,,,,,,,,
,,,,,28763,3.0,3,,,,,,,,
,,,,,28766,3.0,3,,,,,,,,
,,,,,28769,3.0,3,,,,,,,,
,,,,,28772,3.0,3,,,,,,,,
,,,,,28775,3.0,3,,,,,,,,
,,,,,28778,3.0,3,,,,,,,,
,,,,,28781,3.0,3,,,,,,,,
,,,,,28784,3.0,3,,,,,,,,
,,,,,28787,3.0,3,,,,,,,,
,,,,,28790,3.0,3,,,,,,,,
,,,,,28793,3.0,3,,,,,,,,
,,,,,28796,3.0,3,,,,,,,,
,,,,,28799,3.0,3,,,,,,,,
,,,,,28802,3.0,3,,,,,,,,
,,,,,28805,3.0,3,,,,,,,,
,,,,,28808,3.0,3,,,,,,,,
,,,,,28811,3.0,3,,,,,,,,
,,,,,28814,3.0,3,,,,,,,,
,,,,,28817,3.0,3,,,,,,,,
,,,,,28820,3.0,3,,,,,,,,
,,,,,28823,3.0,3,,,,,,,,
,,,,,28826,3.0,3,,,,,,,,
,,,,,28829,3.0,3,,,,,,,,
,,,,,28832,3.0,3,,,,,,,,
,,,,,28835,3.0,3,,,,,,,,
,,,,,28838,3.0,3,,,,,,,,
,,,,,28841,3.0,3,,,,,,,,
,,,,,28844,3.0,3,,,,,,,,
,,,,,28847,3.0,3,,,,,,,,
,,,,,28850,3.0,3,,,,,,,,
,,,,,28853,3.0,3,,,,,,,,
,,,,,28856,3.0,3,,,,,,,,
,,,,,28859,3.0,3,,,,,,,,
,,,,,28862,3.0,3,,,,,,,,
,,,,,28865,3.0,3,,,,,,,,
,,,,,28868,3.0,3,,,,,,,,
,,,,,28871,3.0,3,,,,,,,,
,,,,,28874,3.0,3,,,,,,,,
,,,,,28877,3.0,3,,,,,,,,
,,,,,28882,5.0,5,,,,,,,,
,,,,,28885,3.0,3,,,,,,,,
,,,,,28888,3.0,3,,,,,,,,
,,,,,28891,3.0,3,,,,,,,,
,,,,,28894,3.0,3,,,,,,,,
,,,,,28897,3.0,3,,,,,,,,
,,,,,28900,3.0,3,,,,,,,,
,,,,,28903,3.0,3,,,,,,,,
,,,,,28906,3.0,3,,,,,,,,
,,,,,28909,3.0,3,,,,,,,,
,,,,,28912,3.0,3,,,,,,,,
,,,,,28915,3.0,3,,,,,,,,
,,,,,28918,3.0,3,,,,,,,,
,,,,,28921,3.0,3,,,,,,,,
,,,,,28924,3.0,3,,,,,,,,
,,,,,28927,3.0,3,,,,,,,,
,,,,,28930,3.0,3,,,,,,,,
,,,,,28933,3.0,3,,,,,,,,
,,,,,28936,3.0,3,,,,,,,,
,,,,,28939,3.0,3,,,,,,,,
,,,,,28942,3.0,3,,,,,,,,
,,,,,28945,3.0,3,,,,,,,,
,,,,,28948,3.0,3,,,,,,,,
,,,,,28951,3.0,3,,,,,,,,
,,,,,28954,3.0,3,,,,,,,,
,,,,,28957,3.0,3,,,,,,,,
,,,,,28960,3.0,3,,,,,,,,
,,,,,28963,3.0,3,,,,,,,,
,,,,,28966,3.0,3,,,,,,,,
,,,,,28971,5.0,5,,,,,,,,
,,,,,28974,3.0,3,,,,,,,,
,,,,,28977,3.0,3,,,,,,,,
,,,,,28981,4.0,4,,,,,,,,
,,,,,28984,3.0,3,,,,,,,,
,,,,,28987,3.0,3,,,,,,,,
,,,,,28990,3.0,3,,,,,,,,
,,,,,28993,3.0,3,,,,,,,,
,,,,,28996,3.0,3,,,,,,,,
,,,,,29000,4.0,4,,,,,,,,
,,,,,29000,,,0.4402311444282532,-4.402311325073242,0.01070337649434805,1.4865522384643555,1.4828718900680542,0.0003,0.0003,0.1
,,,,,29003,3.0,3,,,,,,,,
,,,,,29006,3.0,3,,,,,,,,
,,,,,29009,3.0,3,,,,,,,,
,,,,,29012,3.0,3,,,,,,,,
,,,,,29015,3.0,3,,,,,,,,
,,,,,29018,3.0,3,,,,,,,,
,,,,,29021,3.0,3,,,,,,,,
,,,,,29024,3.0,3,,,,,,,,
,,,,,29027,3.0,3,,,,,,,,
,,,,,29030,3.0,3,,,,,,,,
,,,,,29033,3.0,3,,,,,,,,
,,,,,29036,3.0,3,,,,,,,,
,,,,,29039,3.0,3,,,,,,,,
,,,,,29043,4.0,4,,,,,,,,
,,,,,29046,3.0,3,,,,,,,,
,,,,,29049,3.0,3,,,,,,,,
,,,,,29052,3.0,3,,,,,,,,
,,,,,29056,4.0,4,,,,,,,,
,,,,,29059,3.0,3,,,,,,,,
,,,,,29062,3.0,3,,,,,,,,
,,,,,29065,3.0,3,,,,,,,,
,,,,,29068,3.0,3,,,,,,,,
,,,,,29071,3.0,3,,,,,,,,
,,,,,29074,3.0,3,,,,,,,,
,,,,,29077,3.0,3,,,,,,,,
,,,,,29080,3.0,3,,,,,,,,
,,,,,29083,3.0,3,,,,,,,,
,,,,,29086,3.0,3,,,,,,,,
,,,,,29089,3.0,3,,,,,,,,
,,,,,29092,3.0,3,,,,,,,,
,,,,,29095,3.0,3,,,,,,,,
,,,,,29098,3.0,3,,,,,,,,
,,,,,29101,3.0,3,,,,,,,,
,,,,,29104,3.0,3,,,,,,,,
,,,,,29107,3.0,3,,,,,,,,
,,,,,29110,3.0,3,,,,,,,,
,,,,,29113,3.0,3,,,,,,,,
,,,,,29116,3.0,3,,,,,,,,
,,,,,29119,3.0,3,,,,,,,,
,,,,,29122,3.0,3,,,,,,,,
,,,,,29125,3.0,3,,,,,,,,
,,,,,29128,3.0,3,,,,,,,,
,,,,,29131,3.0,3,,,,,,,,
,,,,,29134,3.0,3,,,,,,,,
,,,,,29137,3.0,3,,,,,,,,
,,,,,29140,3.0,3,,,,,,,,
,,,,,29143,3.0,3,,,,,,,,
,,,,,29146,3.0,3,,,,,,,,
,,,,,29149,3.0,3,,,,,,,,
,,,,,29152,3.0,3,,,,,,,,
,,,,,29155,3.0,3,,,,,,,,
,,,,,29158,3.0,3,,,,,,,,
,,,,,29161,3.0,3,,,,,,,,
,,,,,29164,3.0,3,,,,,,,,
,,,,,29167,3.0,3,,,,,,,,
,,,,,29170,3.0,3,,,,,,,,
,,,,,29173,3.0,3,,,,,,,,
,,,,,29176,3.0,3,,,,,,,,
,,,,,29179,3.0,3,,,,,,,,
,,,,,29182,3.0,3,,,,,,,,
,,,,,29185,3.0,3,,,,,,,,
,,,,,29188,3.0,3,,,,,,,,
,,,,,29191,3.0,3,,,,,,,,
,,,,,29194,3.0,3,,,,,,,,
,,,,,29197,3.0,3,,,,,,,,
,,,,,29200,3.0,3,,,,,,,,
,,,,,29203,3.0,3,,,,,,,,
,,,,,29206,3.0,3,,,,,,,,
,,,,,29209,3.0,3,,,,,,,,
,,,,,29212,3.0,3,,,,,,,,
,,,,,29215,3.0,3,,,,,,,,
,,,,,29218,3.0,3,,,,,,,,
,,,,,29221,3.0,3,,,,,,,,
,,,,,29224,3.0,3,,,,,,,,
,,,,,29227,3.0,3,,,,,,,,
,,,,,29230,3.0,3,,,,,,,,
,,,,,29233,3.0,3,,,,,,,,
,,,,,29236,3.0,3,,,,,,,,
,,,,,29239,3.0,3,,,,,,,,
,,,,,29242,3.0,3,,,,,,,,
,,,,,29245,3.0,3,,,,,,,,
,,,,,29248,3.0,3,,,,,,,,
,,,,,29251,3.0,3,,,,,,,,
,,,,,29254,3.0,3,,,,,,,,
,,,,,29257,3.0,3,,,,,,,,
,,,,,29260,3.0,3,,,,,,,,
,,,,,29263,3.0,3,,,,,,,,
,,,,,29266,3.0,3,,,,,,,,
,,,,,29269,3.0,3,,,,,,,,
,,,,,29272,3.0,3,,,,,,,,
,,,,,29275,3.0,3,,,,,,,,
,,,,,29278,3.0,3,,,,,,,,
,,,,,29281,3.0,3,,,,,,,,
,,,,,29284,3.0,3,,,,,,,,
,,,,,29287,3.0,3,,,,,,,,
,,,,,29290,3.0,3,,,,,,,,
,,,,,29294,4.0,4,,,,,,,,
,,,,,29297,3.0,3,,,,,,,,
,,,,,29300,3.0,3,,,,,,,,
,,,,,29303,3.0,3,,,,,,,,
,,,,,29306,3.0,3,,,,,,,,
,,,,,29309,3.0,3,,,,,,,,
,,,,,29312,3.0,3,,,,,,,,
,,,,,29315,3.0,3,,,,,,,,
,,,,,29318,3.0,3,,,,,,,,
,,,,,29321,3.0,3,,,,,,,,
,,,,,29324,3.0,3,,,,,,,,
,,,,,29327,3.0,3,,,,,,,,
,,,,,29330,3.0,3,,,,,,,,
,,,,,29333,3.0,3,,,,,,,,
,,,,,29336,3.0,3,,,,,,,,
,,,,,29339,3.0,3,,,,,,,,
,,,,,29342,3.0,3,,,,,,,,
,,,,,29345,3.0,3,,,,,,,,
,,,,,29348,3.0,3,,,,,,,,
,,,,,29351,3.0,3,,,,,,,,
,,,,,29354,3.0,3,,,,,,,,
,,,,,29357,3.0,3,,,,,,,,
,,,,,29360,3.0,3,,,,,,,,
,,,,,29363,3.0,3,,,,,,,,
,,,,,29366,3.0,3,,,,,,,,
,,,,,29369,3.0,3,,,,,,,,
,,,,,29372,3.0,3,,,,,,,,
,,,,,29375,3.0,3,,,,,,,,
,,,,,29378,3.0,3,,,,,,,,
,,,,,29381,3.0,3,,,,,,,,
,,,,,29384,3.0,3,,,,,,,,
,,,,,29387,3.0,3,,,,,,,,
,,,,,29390,3.0,3,,,,,,,,
,,,,,29393,3.0,3,,,,,,,,
,,,,,29396,3.0,3,,,,,,,,
,,,,,29399,3.0,3,,,,,,,,
,,,,,29402,3.0,3,,,,,,,,
,,,,,29405,3.0,3,,,,,,,,
,,,,,29408,3.0,3,,,,,,,,
,,,,,29411,3.0,3,,,,,,,,
,,,,,29414,3.0,3,,,,,,,,
,,,,,29417,3.0,3,,,,,,,,
,,,,,29420,3.0,3,,,,,,,,
,,,,,29423,3.0,3,,,,,,,,
,,,,,29426,3.0,3,,,,,,,,
,,,,,29429,3.0,3,,,,,,,,
,,,,,29432,3.0,3,,,,,,,,
,,,,,29435,3.0,3,,,,,,,,
,,,,,29438,3.0,3,,,,,,,,
,,,,,29441,3.0,3,,,,,,,,
,,,,,29444,3.0,3,,,,,,,,
,,,,,29447,3.0,3,,,,,,,,
,,,,,29450,3.0,3,,,,,,,,
,,,,,29453,3.0,3,,,,,,,,
,,,,,29456,3.0,3,,,,,,,,
,,,,,29459,3.0,3,,,,,,,,
,,,,,29462,3.0,3,,,,,,,,
,,,,,29465,3.0,3,,,,,,,,
,,,,,29468,3.0,3,,,,,,,,
,,,,,29471,3.0,3,,,,,,,,
,,,,,29474,3.0,3,,,,,,,,
,,,,,29477,3.0,3,,,,,,,,
,,,,,29480,3.0,3,,,,,,,,
,,,,,29483,3.0,3,,,,,,,,
,,,,,29486,3.0,3,,,,,,,,
,,,,,29490,4.0,4,,,,,,,,
,,,,,29493,3.0,3,,,,,,,,
,,,,,29496,3.0,3,,,,,,,,
,,,,,29499,3.0,3,,,,,,,,
,,,,,29502,3.0,3,,,,,,,,
,,,,,29505,3.0,3,,,,,,,,
,,,,,29508,3.0,3,,,,,,,,
,,,,,29511,3.0,3,,,,,,,,
,,,,,29514,3.0,3,,,,,,,,
,,,,,29517,3.0,3,,,,,,,,
,,,,,29520,3.0,3,,,,,,,,
,,,,,29523,3.0,3,,,,,,,,
,,,,,29527,4.0,4,,,,,,,,
,,,,,29530,3.0,3,,,,,,,,
,,,,,29533,3.0,3,,,,,,,,
,,,,,29536,3.0,3,,,,,,,,
,,,,,29539,3.0,3,,,,,,,,
,,,,,29542,3.0,3,,,,,,,,
,,,,,29545,3.0,3,,,,,,,,
,,,,,29548,3.0,3,,,,,,,,
,,,,,29551,3.0,3,,,,,,,,
,,,,,29554,3.0,3,,,,,,,,
,,,,,29557,3.0,3,,,,,,,,
,,,,,29560,3.0,3,,,,,,,,
,,,,,29563,3.0,3,,,,,,,,
,,,,,29566,3.0,3,,,,,,,,
,,,,,29569,3.0,3,,,,,,,,
,,,,,29572,3.0,3,,,,,,,,
,,,,,29575,3.0,3,,,,,,,,
,,,,,29578,3.0,3,,,,,,,,
,,,,,29581,3.0,3,,,,,,,,
,,,,,29584,3.0,3,,,,,,,,
,,,,,29587,3.0,3,,,,,,,,
,,,,,29590,3.0,3,,,,,,,,
,,,,,29593,3.0,3,,,,,,,,
,,,,,29596,3.0,3,,,,,,,,
,,,,,29599,3.0,3,,,,,,,,
,,,,,29602,3.0,3,,,,,,,,
,,,,,29605,3.0,3,,,,,,,,
,,,,,29608,3.0,3,,,,,,,,
,,,,,29611,3.0,3,,,,,,,,
,,,,,29614,3.0,3,,,,,,,,
,,,,,29617,3.0,3,,,,,,,,
,,,,,29620,3.0,3,,,,,,,,
,,,,,29623,3.0,3,,,,,,,,
,,,,,29626,3.0,3,,,,,,,,
,,,,,29629,3.0,3,,,,,,,,
,,,,,29632,3.0,3,,,,,,,,
,,,,,29635,3.0,3,,,,,,,,
,,,,,29638,3.0,3,,,,,,,,
,,,,,29641,3.0,3,,,,,,,,
,,,,,29644,3.0,3,,,,,,,,
,,,,,29647,3.0,3,,,,,,,,
,,,,,29650,3.0,3,,,,,,,,
,,,,,29653,3.0,3,,,,,,,,
,,,,,29656,3.0,3,,,,,,,,
,,,,,29659,3.0,3,,,,,,,,
,,,,,29662,3.0,3,,,,,,,,
,,,,,29665,3.0,3,,,,,,,,
,,,,,29668,3.0,3,,,,,,,,
,,,,,29671,3.0,3,,,,,,,,
,,,,,29674,3.0,3,,,,,,,,
,,,,,29677,3.0,3,,,,,,,,
,,,,,29680,3.0,3,,,,,,,,
,,,,,29683,3.0,3,,,,,,,,
,,,,,29686,3.0,3,,,,,,,,
,,,,,29689,3.0,3,,,,,,,,
,,,,,29692,3.0,3,,,,,,,,
,,,,,29695,3.0,3,,,,,,,,
,,,,,29698,3.0,3,,,,,,,,
,,,,,29701,3.0,3,,,,,,,,
,,,,,29704,3.0,3,,,,,,,,
,,,,,29707,3.0,3,,,,,,,,
,,,,,29710,3.0,3,,,,,,,,
,,,,,29713,3.0,3,,,,,,,,
,,,,,29716,3.0,3,,,,,,,,
,,,,,29719,3.0,3,,,,,,,,
,,,,,29722,3.0,3,,,,,,,,
,,,,,29725,3.0,3,,,,,,,,
,,,,,29728,3.0,3,,,,,,,,
,,,,,29731,3.0,3,,,,,,,,
,,,,,29734,3.0,3,,,,,,,,
,,,,,29737,3.0,3,,,,,,,,
,,,,,29740,3.0,3,,,,,,,,
,,,,,29743,3.0,3,,,,,,,,
,,,,,29746,3.0,3,,,,,,,,
,,,,,29749,3.0,3,,,,,,,,
,,,,,29752,3.0,3,,,,,,,,
,,,,,29755,3.0,3,,,,,,,,
,,,,,29758,3.0,3,,,,,,,,
,,,,,29761,3.0,3,,,,,,,,
,,,,,29764,3.0,3,,,,,,,,
,,,,,29767,3.0,3,,,,,,,,
,,,,,29770,3.0,3,,,,,,,,
,,,,,29773,3.0,3,,,,,,,,
,,,,,29776,3.0,3,,,,,,,,
,,,,,29779,3.0,3,,,,,,,,
,,,,,29782,3.0,3,,,,,,,,
,,,,,29785,3.0,3,,,,,,,,
,,,,,29788,3.0,3,,,,,,,,
,,,,,29791,3.0,3,,,,,,,,
,,,,,29794,3.0,3,,,,,,,,
,,,,,29797,3.0,3,,,,,,,,
,,,,,29800,3.0,3,,,,,,,,
,,,,,29803,3.0,3,,,,,,,,
,,,,,29806,3.0,3,,,,,,,,
,,,,,29809,3.0,3,,,,,,,,
,,,,,29812,3.0,3,,,,,,,,
,,,,,29815,3.0,3,,,,,,,,
,,,,,29818,3.0,3,,,,,,,,
,,,,,29821,3.0,3,,,,,,,,
,,,,,29824,3.0,3,,,,,,,,
,,,,,29827,3.0,3,,,,,,,,
,,,,,29830,3.0,3,,,,,,,,
,,,,,29833,3.0,3,,,,,,,,
,,,,,29836,3.0,3,,,,,,,,
,,,,,29839,3.0,3,,,,,,,,
,,,,,29842,3.0,3,,,,,,,,
,,,,,29845,3.0,3,,,,,,,,
,,,,,29848,3.0,3,,,,,,,,
,,,,,29851,3.0,3,,,,,,,,
,,,,,29854,3.0,3,,,,,,,,
,,,,,29857,3.0,3,,,,,,,,
,,,,,29860,3.0,3,,,,,,,,
,,,,,29863,3.0,3,,,,,,,,
,,,,,29866,3.0,3,,,,,,,,
,,,,,29869,3.0,3,,,,,,,,
,,,,,29872,3.0,3,,,,,,,,
,,,,,29875,3.0,3,,,,,,,,
,,,,,29878,3.0,3,,,,,,,,
,,,,,29881,3.0,3,,,,,,,,
,,,,,29884,3.0,3,,,,,,,,
,,,,,29887,3.0,3,,,,,,,,
,,,,,29890,3.0,3,,,,,,,,
,,,,,29893,3.0,3,,,,,,,,
,,,,,29896,3.0,3,,,,,,,,
,,,,,29899,3.0,3,,,,,,,,
,,,,,29902,3.0,3,,,,,,,,
,,,,,29905,3.0,3,,,,,,,,
,,,,,29908,3.0,3,,,,,,,,
,,,,,29911,3.0,3,,,,,,,,
,,,,,29914,3.0,3,,,,,,,,
,,,,,29917,3.0,3,,,,,,,,
,,,,,29920,3.0,3,,,,,,,,
,,,,,29923,3.0,3,,,,,,,,
,,,,,29926,3.0,3,,,,,,,,
,,,,,29929,3.0,3,,,,,,,,
,,,,,29932,3.0,3,,,,,,,,
,,,,,29935,3.0,3,,,,,,,,
,,,,,29938,3.0,3,,,,,,,,
,,,,,29941,3.0,3,,,,,,,,
,,,,,29944,3.0,3,,,,,,,,
,,,,,29947,3.0,3,,,,,,,,
,,,,,29950,3.0,3,,,,,,,,
,,,,,29953,3.0,3,,,,,,,,
,,,,,29956,3.0,3,,,,,,,,
,,,,,29959,3.0,3,,,,,,,,
,,,,,29962,3.0,3,,,,,,,,
,,,,,29965,3.0,3,,,,,,,,
,,,,,29968,3.0,3,,,,,,,,
,,,,,29972,4.0,4,,,,,,,,
,,,,,29975,3.0,3,,,,,,,,
,,,,,29978,3.0,3,,,,,,,,
,,,,,29981,3.0,3,,,,,,,,
,,,,,29985,4.0,4,,,,,,,,
,,,,,29988,3.0,3,,,,,,,,
,,,,,29992,4.0,4,,,,,,,,
,,,,,29995,3.0,3,,,,,,,,
,,,,,29998,3.0,3,,,,,,,,
3.1,0.3,4.0,3.0,3.1,30000,,,0.46450456976890564,-4.645045757293701,0.0041962238028645515,1.5161397457122803,1.4883902072906494,0.0003,0.0003,0.1
,,,,,30001,3.0,3,,,,,,,,
,,,,,30004,3.0,3,,,,,,,,
,,,,,30007,3.0,3,,,,,,,,
,,,,,30010,3.0,3,,,,,,,,
,,,,,30013,3.0,3,,,,,,,,
,,,,,30016,3.0,3,,,,,,,,
,,,,,30019,3.0,3,,,,,,,,
,,,,,30022,3.0,3,,,,,,,,
,,,,,30025,3.0,3,,,,,,,,
,,,,,30028,3.0,3,,,,,,,,
,,,,,30031,3.0,3,,,,,,,,
,,,,,30034,3.0,3,,,,,,,,
,,,,,30037,3.0,3,,,,,,,,
,,,,,30040,3.0,3,,,,,,,,
,,,,,30044,4.0,4,,,,,,,,
,,,,,30047,3.0,3,,,,,,,,
,,,,,30050,3.0,3,,,,,,,,
,,,,,30053,3.0,3,,,,,,,,
,,,,,30056,3.0,3,,,,,,,,
,,,,,30059,3.0,3,,,,,,,,
,,,,,30062,3.0,3,,,,,,,,
,,,,,30065,3.0,3,,,,,,,,
,,,,,30068,3.0,3,,,,,,,,
,,,,,30071,3.0,3,,,,,,,,
,,,,,30074,3.0,3,,,,,,,,
,,,,,30077,3.0,3,,,,,,,,
,,,,,30080,3.0,3,,,,,,,,
,,,,,30083,3.0,3,,,,,,,,
,,,,,30086,3.0,3,,,,,,,,
,,,,,30089,3.0,3,,,,,,,,
,,,,,30092,3.0,3,,,,,,,,
,,,,,30095,3.0,3,,,,,,,,
,,,,,30098,3.0,3,,,,,,,,
,,,,,30101,3.0,3,,,,,,,,
,,,,,30104,3.0,3,,,,,,,,
,,,,,30107,3.0,3,,,,,,,,
,,,,,30110,3.0,3,,,,,,,,
,,,,,30113,3.0,3,,,,,,,,
,,,,,30116,3.0,3,,,,,,,,
,,,,,30119,3.0,3,,,,,,,,
,,,,,30122,3.0,3,,,,,,,,
,,,,,30125,3.0,3,,,,,,,,
,,,,,30128,3.0,3,,,,,,,,
,,,,,30131,3.0,3,,,,,,,,
,,,,,30134,3.0,3,,,,,,,,
,,,,,30137,3.0,3,,,,,,,,
,,,,,30140,3.0,3,,,,,,,,
,,,,,30143,3.0,3,,,,,,,,
,,,,,30146,3.0,3,,,,,,,,
,,,,,30149,3.0,3,,,,,,,,
,,,,,30152,3.0,3,,,,,,,,
,,,,,30155,3.0,3,,,,,,,,
,,,,,30158,3.0,3,,,,,,,,
,,,,,30161,3.0,3,,,,,,,,
,,,,,30164,3.0,3,,,,,,,,
,,,,,30167,3.0,3,,,,,,,,
,,,,,30170,3.0,3,,,,,,,,
,,,,,30173,3.0,3,,,,,,,,
,,,,,30176,3.0,3,,,,,,,,
,,,,,30179,3.0,3,,,,,,,,
,,,,,30182,3.0,3,,,,,,,,
,,,,,30185,3.0,3,,,,,,,,
,,,,,30188,3.0,3,,,,,,,,
,,,,,30191,3.0,3,,,,,,,,
,,,,,30194,3.0,3,,,,,,,,
,,,,,30197,3.0,3,,,,,,,,
,,,,,30200,3.0,3,,,,,,,,
,,,,,30203,3.0,3,,,,,,,,
,,,,,30207,4.0,4,,,,,,,,
,,,,,30210,3.0,3,,,,,,,,
,,,,,30213,3.0,3,,,,,,,,
,,,,,30217,4.0,4,,,,,,,,
,,,,,30220,3.0,3,,,,,,,,
,,,,,30223,3.0,3,,,,,,,,
,,,,,30226,3.0,3,,,,,,,,
,,,,,30229,3.0,3,,,,,,,,
,,,,,30234,5.0,5,,,,,,,,
,,,,,30237,3.0,3,,,,,,,,
,,,,,30240,3.0,3,,,,,,,,
,,,,,30243,3.0,3,,,,,,,,
,,,,,30246,3.0,3,,,,,,,,
,,,,,30249,3.0,3,,,,,,,,
,,,,,30252,3.0,3,,,,,,,,
,,,,,30255,3.0,3,,,,,,,,
,,,,,30258,3.0,3,,,,,,,,
,,,,,30261,3.0,3,,,,,,,,
,,,,,30264,3.0,3,,,,,,,,
,,,,,30267,3.0,3,,,,,,,,
,,,,,30272,5.0,5,,,,,,,,
,,,,,30275,3.0,3,,,,,,,,
,,,,,30278,3.0,3,,,,,,,,
,,,,,30281,3.0,3,,,,,,,,
,,,,,30284,3.0,3,,,,,,,,
,,,,,30287,3.0,3,,,,,,,,
,,,,,30290,3.0,3,,,,,,,,
,,,,,30293,3.0,3,,,,,,,,
,,,,,30296,3.0,3,,,,,,,,
,,,,,30299,3.0,3,,,,,,,,
,,,,,30302,3.0,3,,,,,,,,
,,,,,30305,3.0,3,,,,,,,,
,,,,,30308,3.0,3,,,,,,,,
,,,,,30311,3.0,3,,,,,,,,
,,,,,30314,3.0,3,,,,,,,,
,,,,,30317,3.0,3,,,,,,,,
,,,,,30320,3.0,3,,,,,,,,
,,,,,30323,3.0,3,,,,,,,,
,,,,,30326,3.0,3,,,,,,,,
,,,,,30329,3.0,3,,,,,,,,
,,,,,30332,3.0,3,,,,,,,,
,,,,,30335,3.0,3,,,,,,,,
,,,,,30338,3.0,3,,,,,,,,
,,,,,30341,3.0,3,,,,,,,,
,,,,,30344,3.0,3,,,,,,,,
,,,,,30347,3.0,3,,,,,,,,
,,,,,30350,3.0,3,,,,,,,,
,,,,,30353,3.0,3,,,,,,,,
,,,,,30357,4.0,4,,,,,,,,
,,,,,30360,3.0,3,,,,,,,,
,,,,,30363,3.0,3,,,,,,,,
,,,,,30366,3.0,3,,,,,,,,
,,,,,30369,3.0,3,,,,,,,,
,,,,,30374,5.0,5,,,,,,,,
,,,,,30378,4.0,4,,,,,,,,
,,,,,30382,4.0,4,,,,,,,,
,,,,,30385,3.0,3,,,,,,,,
,,,,,30389,4.0,4,,,,,,,,
,,,,,30392,3.0,3,,,,,,,,
,,,,,30395,3.0,3,,,,,,,,
,,,,,30398,3.0,3,,,,,,,,
,,,,,30401,3.0,3,,,,,,,,
,,,,,30404,3.0,3,,,,,,,,
,,,,,30407,3.0,3,,,,,,,,
,,,,,30410,3.0,3,,,,,,,,
,,,,,30413,3.0,3,,,,,,,,
,,,,,30416,3.0,3,,,,,,,,
,,,,,30419,3.0,3,,,,,,,,
,,,,,30422,3.0,3,,,,,,,,
,,,,,30425,3.0,3,,,,,,,,
,,,,,30428,3.0,3,,,,,,,,
,,,,,30431,3.0,3,,,,,,,,
,,,,,30434,3.0,3,,,,,,,,
,,,,,30437,3.0,3,,,,,,,,
,,,,,30440,3.0,3,,,,,,,,
,,,,,30444,4.0,4,,,,,,,,
,,,,,30447,3.0,3,,,,,,,,
,,,,,30450,3.0,3,,,,,,,,
,,,,,30453,3.0,3,,,,,,,,
,,,,,30456,3.0,3,,,,,,,,
,,,,,30459,3.0,3,,,,,,,,
,,,,,30463,4.0,4,,,,,,,,
,,,,,30466,3.0,3,,,,,,,,
,,,,,30469,3.0,3,,,,,,,,
,,,,,30472,3.0,3,,,,,,,,
,,,,,30475,3.0,3,,,,,,,,
,,,,,30478,3.0,3,,,,,,,,
,,,,,30481,3.0,3,,,,,,,,
,,,,,30484,3.0,3,,,,,,,,
,,,,,30487,3.0,3,,,,,,,,
,,,,,30490,3.0,3,,,,,,,,
,,,,,30493,3.0,3,,,,,,,,
,,,,,30496,3.0,3,,,,,,,,
,,,,,30499,3.0,3,,,,,,,,
,,,,,30502,3.0,3,,,,,,,,
,,,,,30505,3.0,3,,,,,,,,
,,,,,30508,3.0,3,,,,,,,,
,,,,,30511,3.0,3,,,,,,,,
,,,,,30514,3.0,3,,,,,,,,
,,,,,30517,3.0,3,,,,,,,,
,,,,,30520,3.0,3,,,,,,,,
,,,,,30523,3.0,3,,,,,,,,
,,,,,30526,3.0,3,,,,,,,,
,,,,,30529,3.0,3,,,,,,,,
,,,,,30532,3.0,3,,,,,,,,
,,,,,30535,3.0,3,,,,,,,,
,,,,,30538,3.0,3,,,,,,,,
,,,,,30541,3.0,3,,,,,,,,
,,,,,30544,3.0,3,,,,,,,,
,,,,,30547,3.0,3,,,,,,,,
,,,,,30550,3.0,3,,,,,,,,
,,,,,30553,3.0,3,,,,,,,,
,,,,,30556,3.0,3,,,,,,,,
,,,,,30559,3.0,3,,,,,,,,
,,,,,30562,3.0,3,,,,,,,,
,,,,,30565,3.0,3,,,,,,,,
,,,,,30568,3.0,3,,,,,,,,
,,,,,30571,3.0,3,,,,,,,,
,,,,,30574,3.0,3,,,,,,,,
,,,,,30577,3.0,3,,,,,,,,
,,,,,30580,3.0,3,,,,,,,,
,,,,,30583,3.0,3,,,,,,,,
,,,,,30586,3.0,3,,,,,,,,
,,,,,30589,3.0,3,,,,,,,,
,,,,,30592,3.0,3,,,,,,,,
,,,,,30595,3.0,3,,,,,,,,
,,,,,30598,3.0,3,,,,,,,,
,,,,,30601,3.0,3,,,,,,,,
,,,,,30604,3.0,3,,,,,,,,
,,,,,30607,3.0,3,,,,,,,,
,,,,,30610,3.0,3,,,,,,,,
,,,,,30613,3.0,3,,,,,,,,
,,,,,30616,3.0,3,,,,,,,,
,,,,,30619,3.0,3,,,,,,,,
,,,,,30622,3.0,3,,,,,,,,
,,,,,30625,3.0,3,,,,,,,,
,,,,,30628,3.0,3,,,,,,,,
,,,,,30631,3.0,3,,,,,,,,
,,,,,30634,3.0,3,,,,,,,,
,,,,,30637,3.0,3,,,,,,,,
,,,,,30640,3.0,3,,,,,,,,
,,,,,30644,4.0,4,,,,,,,,
,,,,,30647,3.0,3,,,,,,,,
,,,,,30650,3.0,3,,,,,,,,
,,,,,30654,4.0,4,,,,,,,,
,,,,,30657,3.0,3,,,,,,,,
,,,,,30660,3.0,3,,,,,,,,
,,,,,30664,4.0,4,,,,,,,,
,,,,,30667,3.0,3,,,,,,,,
,,,,,30670,3.0,3,,,,,,,,
,,,,,30673,3.0,3,,,,,,,,
,,,,,30676,3.0,3,,,,,,,,
,,,,,30679,3.0,3,,,,,,,,
,,,,,30682,3.0,3,,,,,,,,
,,,,,30685,3.0,3,,,,,,,,
,,,,,30689,4.0,4,,,,,,,,
,,,,,30693,4.0,4,,,,,,,,
,,,,,30696,3.0,3,,,,,,,,
,,,,,30699,3.0,3,,,,,,,,
,,,,,30702,3.0,3,,,,,,,,
,,,,,30705,3.0,3,,,,,,,,
,,,,,30708,3.0,3,,,,,,,,
,,,,,30711,3.0,3,,,,,,,,
,,,,,30714,3.0,3,,,,,,,,
,,,,,30718,4.0,4,,,,,,,,
,,,,,30721,3.0,3,,,,,,,,
,,,,,30724,3.0,3,,,,,,,,
,,,,,30727,3.0,3,,,,,,,,
,,,,,30730,3.0,3,,,,,,,,
,,,,,30733,3.0,3,,,,,,,,
,,,,,30736,3.0,3,,,,,,,,
,,,,,30739,3.0,3,,,,,,,,
,,,,,30742,3.0,3,,,,,,,,
,,,,,30745,3.0,3,,,,,,,,
,,,,,30748,3.0,3,,,,,,,,
,,,,,30755,7.0,7,,,,,,,,
,,,,,30758,3.0,3,,,,,,,,
,,,,,30761,3.0,3,,,,,,,,
,,,,,30764,3.0,3,,,,,,,,
,,,,,30767,3.0,3,,,,,,,,
,,,,,30772,5.0,5,,,,,,,,
,,,,,30775,3.0,3,,,,,,,,
,,,,,30778,3.0,3,,,,,,,,
,,,,,30781,3.0,3,,,,,,,,
,,,,,30784,3.0,3,,,,,,,,
,,,,,30787,3.0,3,,,,,,,,
,,,,,30791,4.0,4,,,,,,,,
,,,,,30794,3.0,3,,,,,,,,
,,,,,30797,3.0,3,,,,,,,,
,,,,,30801,4.0,4,,,,,,,,
,,,,,30804,3.0,3,,,,,,,,
,,,,,30807,3.0,3,,,,,,,,
,,,,,30810,3.0,3,,,,,,,,
,,,,,30813,3.0,3,,,,,,,,
,,,,,30816,3.0,3,,,,,,,,
,,,,,30819,3.0,3,,,,,,,,
,,,,,30822,3.0,3,,,,,,,,
,,,,,30825,3.0,3,,,,,,,,
,,,,,30828,3.0,3,,,,,,,,
,,,,,30831,3.0,3,,,,,,,,
,,,,,30835,4.0,4,,,,,,,,
,,,,,30838,3.0,3,,,,,,,,
,,,,,30841,3.0,3,,,,,,,,
,,,,,30844,3.0,3,,,,,,,,
,,,,,30847,3.0,3,,,,,,,,
,,,,,30850,3.0,3,,,,,,,,
,,,,,30853,3.0,3,,,,,,,,
,,,,,30856,3.0,3,,,,,,,,
,,,,,30859,3.0,3,,,,,,,,
,,,,,30862,3.0,3,,,,,,,,
,,,,,30865,3.0,3,,,,,,,,
,,,,,30869,4.0,4,,,,,,,,
,,,,,30872,3.0,3,,,,,,,,
,,,,,30875,3.0,3,,,,,,,,
,,,,,30878,3.0,3,,,,,,,,
,,,,,30885,7.0,7,,,,,,,,
,,,,,30888,3.0,3,,,,,,,,
,,,,,30892,4.0,4,,,,,,,,
,,,,,30895,3.0,3,,,,,,,,
,,,,,30898,3.0,3,,,,,,,,
,,,,,30901,3.0,3,,,,,,,,
,,,,,30904,3.0,3,,,,,,,,
,,,,,30907,3.0,3,,,,,,,,
,,,,,30910,3.0,3,,,,,,,,
,,,,,30913,3.0,3,,,,,,,,
,,,,,30916,3.0,3,,,,,,,,
,,,,,30919,3.0,3,,,,,,,,
,,,,,30922,3.0,3,,,,,,,,
,,,,,30925,3.0,3,,,,,,,,
,,,,,30928,3.0,3,,,,,,,,
,,,,,30931,3.0,3,,,,,,,,
,,,,,30934,3.0,3,,,,,,,,
,,,,,30937,3.0,3,,,,,,,,
,,,,,30940,3.0,3,,,,,,,,
,,,,,30943,3.0,3,,,,,,,,
,,,,,30946,3.0,3,,,,,,,,
,,,,,30949,3.0,3,,,,,,,,
,,,,,30952,3.0,3,,,,,,,,
,,,,,30955,3.0,3,,,,,,,,
,,,,,30958,3.0,3,,,,,,,,
,,,,,30961,3.0,3,,,,,,,,
,,,,,30964,3.0,3,,,,,,,,
,,,,,30967,3.0,3,,,,,,,,
,,,,,30970,3.0,3,,,,,,,,
,,,,,30973,3.0,3,,,,,,,,
,,,,,30976,3.0,3,,,,,,,,
,,,,,30979,3.0,3,,,,,,,,
,,,,,30982,3.0,3,,,,,,,,
,,,,,30985,3.0,3,,,,,,,,
,,,,,30989,4.0,4,,,,,,,,
,,,,,30992,3.0,3,,,,,,,,
,,,,,30995,3.0,3,,,,,,,,
,,,,,30998,3.0,3,,,,,,,,
,,,,,31000,,,0.44586268067359924,-4.458626747131348,0.015934579074382782,1.586683750152588,1.6325840950012207,0.0003,0.0003,0.1
,,,,,31002,4.0,4,,,,,,,,
,,,,,31005,3.0,3,,,,,,,,
,,,,,31008,3.0,3,,,,,,,,
,,,,,31011,3.0,3,,,,,,,,
,,,,,31015,4.0,4,,,,,,,,
,,,,,31018,3.0,3,,,,,,,,
,,,,,31021,3.0,3,,,,,,,,
,,,,,31025,4.0,4,,,,,,,,
,,,,,31028,3.0,3,,,,,,,,
,,,,,31031,3.0,3,,,,,,,,
,,,,,31034,3.0,3,,,,,,,,
,,,,,31037,3.0,3,,,,,,,,
,,,,,31040,3.0,3,,,,,,,,
,,,,,31043,3.0,3,,,,,,,,
,,,,,31046,3.0,3,,,,,,,,
,,,,,31049,3.0,3,,,,,,,,
,,,,,31052,3.0,3,,,,,,,,
,,,,,31055,3.0,3,,,,,,,,
,,,,,31058,3.0,3,,,,,,,,
,,,,,31061,3.0,3,,,,,,,,
,,,,,31064,3.0,3,,,,,,,,
,,,,,31067,3.0,3,,,,,,,,
,,,,,31070,3.0,3,,,,,,,,
,,,,,31073,3.0,3,,,,,,,,
,,,,,31078,5.0,5,,,,,,,,
,,,,,31081,3.0,3,,,,,,,,
,,,,,31084,3.0,3,,,,,,,,
,,,,,31088,4.0,4,,,,,,,,
,,,,,31091,3.0,3,,,,,,,,
,,,,,31094,3.0,3,,,,,,,,
,,,,,31097,3.0,3,,,,,,,,
,,,,,31100,3.0,3,,,,,,,,
,,,,,31106,6.0,6,,,,,,,,
,,,,,31109,3.0,3,,,,,,,,
,,,,,31112,3.0,3,,,,,,,,
,,,,,31115,3.0,3,,,,,,,,
,,,,,31119,4.0,4,,,,,,,,
,,,,,31122,3.0,3,,,,,,,,
,,,,,31125,3.0,3,,,,,,,,
,,,,,31128,3.0,3,,,,,,,,
,,,,,31132,4.0,4,,,,,,,,
,,,,,31135,3.0,3,,,,,,,,
,,,,,31140,5.0,5,,,,,,,,
,,,,,31143,3.0,3,,,,,,,,
,,,,,31146,3.0,3,,,,,,,,
,,,,,31149,3.0,3,,,,,,,,
,,,,,31152,3.0,3,,,,,,,,
,,,,,31155,3.0,3,,,,,,,,
,,,,,31158,3.0,3,,,,,,,,
,,,,,31161,3.0,3,,,,,,,,
,,,,,31164,3.0,3,,,,,,,,
,,,,,31167,3.0,3,,,,,,,,
,,,,,31170,3.0,3,,,,,,,,
,,,,,31173,3.0,3,,,,,,,,
,,,,,31176,3.0,3,,,,,,,,
,,,,,31179,3.0,3,,,,,,,,
,,,,,31182,3.0,3,,,,,,,,
,,,,,31185,3.0,3,,,,,,,,
,,,,,31188,3.0,3,,,,,,,,
,,,,,31191,3.0,3,,,,,,,,
,,,,,31194,3.0,3,,,,,,,,
,,,,,31197,3.0,3,,,,,,,,
,,,,,31201,4.0,4,,,,,,,,
,,,,,31204,3.0,3,,,,,,,,
,,,,,31208,4.0,4,,,,,,,,
,,,,,31211,3.0,3,,,,,,,,
,,,,,31214,3.0,3,,,,,,,,
,,,,,31217,3.0,3,,,,,,,,
,,,,,31220,3.0,3,,,,,,,,
,,,,,31223,3.0,3,,,,,,,,
,,,,,31226,3.0,3,,,,,,,,
,,,,,31229,3.0,3,,,,,,,,
,,,,,31232,3.0,3,,,,,,,,
,,,,,31235,3.0,3,,,,,,,,
,,,,,31238,3.0,3,,,,,,,,
,,,,,31241,3.0,3,,,,,,,,
,,,,,31245,4.0,4,,,,,,,,
,,,,,31248,3.0,3,,,,,,,,
,,,,,31252,4.0,4,,,,,,,,
,,,,,31256,4.0,4,,,,,,,,
,,,,,31259,3.0,3,,,,,,,,
,,,,,31262,3.0,3,,,,,,,,
,,,,,31265,3.0,3,,,,,,,,
,,,,,31269,4.0,4,,,,,,,,
,,,,,31272,3.0,3,,,,,,,,
,,,,,31275,3.0,3,,,,,,,,
,,,,,31278,3.0,3,,,,,,,,
,,,,,31281,3.0,3,,,,,,,,
,,,,,31284,3.0,3,,,,,,,,
,,,,,31287,3.0,3,,,,,,,,
,,,,,31290,3.0,3,,,,,,,,
,,,,,31293,3.0,3,,,,,,,,
,,,,,31296,3.0,3,,,,,,,,
,,,,,31299,3.0,3,,,,,,,,
,,,,,31302,3.0,3,,,,,,,,
,,,,,31306,4.0,4,,,,,,,,
,,,,,31309,3.0,3,,,,,,,,
,,,,,31312,3.0,3,,,,,,,,
,,,,,31315,3.0,3,,,,,,,,
,,,,,31318,3.0,3,,,,,,,,
,,,,,31322,4.0,4,,,,,,,,
,,,,,31325,3.0,3,,,,,,,,
,,,,,31329,4.0,4,,,,,,,,
,,,,,31332,3.0,3,,,,,,,,
,,,,,31335,3.0,3,,,,,,,,
,,,,,31338,3.0,3,,,,,,,,
,,,,,31341,3.0,3,,,,,,,,
,,,,,31346,5.0,5,,,,,,,,
,,,,,31349,3.0,3,,,,,,,,
,,,,,31352,3.0,3,,,,,,,,
,,,,,31355,3.0,3,,,,,,,,
,,,,,31359,4.0,4,,,,,,,,
,,,,,31362,3.0,3,,,,,,,,
,,,,,31365,3.0,3,,,,,,,,
,,,,,31368,3.0,3,,,,,,,,
,,,,,31371,3.0,3,,,,,,,,
,,,,,31374,3.0,3,,,,,,,,
,,,,,31377,3.0,3,,,,,,,,
,,,,,31381,4.0,4,,,,,,,,
,,,,,31384,3.0,3,,,,,,,,
,,,,,31387,3.0,3,,,,,,,,
,,,,,31390,3.0,3,,,,,,,,
,,,,,31394,4.0,4,,,,,,,,
,,,,,31397,3.0,3,,,,,,,,
,,,,,31400,3.0,3,,,,,,,,
,,,,,31403,3.0,3,,,,,,,,
,,,,,31406,3.0,3,,,,,,,,
,,,,,31410,4.0,4,,,,,,,,
,,,,,31413,3.0,3,,,,,,,,
,,,,,31416,3.0,3,,,,,,,,
,,,,,31419,3.0,3,,,,,,,,
,,,,,31422,3.0,3,,,,,,,,
,,,,,31425,3.0,3,,,,,,,,
,,,,,31428,3.0,3,,,,,,,,
,,,,,31431,3.0,3,,,,,,,,
,,,,,31434,3.0,3,,,,,,,,
,,,,,31437,3.0,3,,,,,,,,
,,,,,31440,3.0,3,,,,,,,,
,,,,,31445,5.0,5,,,,,,,,
,,,,,31448,3.0,3,,,,,,,,
,,,,,31451,3.0,3,,,,,,,,
,,,,,31454,3.0,3,,,,,,,,
,,,,,31457,3.0,3,,,,,,,,
,,,,,31460,3.0,3,,,,,,,,
,,,,,31463,3.0,3,,,,,,,,
,,,,,31466,3.0,3,,,,,,,,
,,,,,31469,3.0,3,,,,,,,,
,,,,,31472,3.0,3,,,,,,,,
,,,,,31475,3.0,3,,,,,,,,
,,,,,31478,3.0,3,,,,,,,,
,,,,,31481,3.0,3,,,,,,,,
,,,,,31484,3.0,3,,,,,,,,
,,,,,31487,3.0,3,,,,,,,,
,,,,,31491,4.0,4,,,,,,,,
,,,,,31494,3.0,3,,,,,,,,
,,,,,31498,4.0,4,,,,,,,,
,,,,,31501,3.0,3,,,,,,,,
,,,,,31504,3.0,3,,,,,,,,
,,,,,31507,3.0,3,,,,,,,,
,,,,,31510,3.0,3,,,,,,,,
,,,,,31513,3.0,3,,,,,,,,
,,,,,31516,3.0,3,,,,,,,,
,,,,,31519,3.0,3,,,,,,,,
,,,,,31522,3.0,3,,,,,,,,
,,,,,31525,3.0,3,,,,,,,,
,,,,,31528,3.0,3,,,,,,,,
,,,,,31531,3.0,3,,,,,,,,
,,,,,31534,3.0,3,,,,,,,,
,,,,,31537,3.0,3,,,,,,,,
,,,,,31540,3.0,3,,,,,,,,
,,,,,31543,3.0,3,,,,,,,,
,,,,,31546,3.0,3,,,,,,,,
,,,,,31549,3.0,3,,,,,,,,
,,,,,31553,4.0,4,,,,,,,,
,,,,,31556,3.0,3,,,,,,,,
,,,,,31559,3.0,3,,,,,,,,
,,,,,31562,3.0,3,,,,,,,,
,,,,,31565,3.0,3,,,,,,,,
,,,,,31568,3.0,3,,,,,,,,
,,,,,31571,3.0,3,,,,,,,,
,,,,,31574,3.0,3,,,,,,,,
,,,,,31577,3.0,3,,,,,,,,
,,,,,31580,3.0,3,,,,,,,,
,,,,,31583,3.0,3,,,,,,,,
,,,,,31586,3.0,3,,,,,,,,
,,,,,31589,3.0,3,,,,,,,,
,,,,,31592,3.0,3,,,,,,,,
,,,,,31595,3.0,3,,,,,,,,
,,,,,31598,3.0,3,,,,,,,,
,,,,,31601,3.0,3,,,,,,,,
,,,,,31604,3.0,3,,,,,,,,
,,,,,31607,3.0,3,,,,,,,,
,,,,,31610,3.0,3,,,,,,,,
,,,,,31613,3.0,3,,,,,,,,
,,,,,31616,3.0,3,,,,,,,,
,,,,,31619,3.0,3,,,,,,,,
,,,,,31622,3.0,3,,,,,,,,
,,,,,31625,3.0,3,,,,,,,,
,,,,,31628,3.0,3,,,,,,,,
,,,,,31631,3.0,3,,,,,,,,
,,,,,31635,4.0,4,,,,,,,,
,,,,,31638,3.0,3,,,,,,,,
,,,,,31641,3.0,3,,,,,,,,
,,,,,31644,3.0,3,,,,,,,,
,,,,,31647,3.0,3,,,,,,,,
,,,,,31650,3.0,3,,,,,,,,
,,,,,31653,3.0,3,,,,,,,,
,,,,,31657,4.0,4,,,,,,,,
,,,,,31660,3.0,3,,,,,,,,
,,,,,31663,3.0,3,,,,,,,,
,,,,,31667,4.0,4,,,,,,,,
,,,,,31670,3.0,3,,,,,,,,
,,,,,31673,3.0,3,,,,,,,,
,,,,,31676,3.0,3,,,,,,,,
,,,,,31679,3.0,3,,,,,,,,
,,,,,31683,4.0,4,,,,,,,,
,,,,,31686,3.0,3,,,,,,,,
,,,,,31689,3.0,3,,,,,,,,
,,,,,31692,3.0,3,,,,,,,,
,,,,,31696,4.0,4,,,,,,,,
,,,,,31699,3.0,3,,,,,,,,
,,,,,31702,3.0,3,,,,,,,,
,,,,,31705,3.0,3,,,,,,,,
,,,,,31708,3.0,3,,,,,,,,
,,,,,31711,3.0,3,,,,,,,,
,,,,,31714,3.0,3,,,,,,,,
,,,,,31718,4.0,4,,,,,,,,
,,,,,31721,3.0,3,,,,,,,,
,,,,,31728,7.0,7,,,,,,,,
,,,,,31731,3.0,3,,,,,,,,
,,,,,31734,3.0,3,,,,,,,,
,,,,,31737,3.0,3,,,,,,,,
,,,,,31740,3.0,3,,,,,,,,
,,,,,31743,3.0,3,,,,,,,,
,,,,,31746,3.0,3,,,,,,,,
,,,,,31749,3.0,3,,,,,,,,
,,,,,31752,3.0,3,,,,,,,,
,,,,,31755,3.0,3,,,,,,,,
,,,,,31758,3.0,3,,,,,,,,
,,,,,31762,4.0,4,,,,,,,,
,,,,,31765,3.0,3,,,,,,,,
,,,,,31769,4.0,4,,,,,,,,
,,,,,31772,3.0,3,,,,,,,,
,,,,,31775,3.0,3,,,,,,,,
,,,,,31778,3.0,3,,,,,,,,
,,,,,31781,3.0,3,,,,,,,,
,,,,,31784,3.0,3,,,,,,,,
,,,,,31787,3.0,3,,,,,,,,
,,,,,31790,3.0,3,,,,,,,,
,,,,,31793,3.0,3,,,,,,,,
,,,,,31797,4.0,4,,,,,,,,
,,,,,31800,3.0,3,,,,,,,,
,,,,,31803,3.0,3,,,,,,,,
,,,,,31806,3.0,3,,,,,,,,
,,,,,31809,3.0,3,,,,,,,,
,,,,,31813,4.0,4,,,,,,,,
,,,,,31818,5.0,5,,,,,,,,
,,,,,31821,3.0,3,,,,,,,,
,,,,,31826,5.0,5,,,,,,,,
,,,,,31829,3.0,3,,,,,,,,
,,,,,31832,3.0,3,,,,,,,,
,,,,,31835,3.0,3,,,,,,,,
,,,,,31838,3.0,3,,,,,,,,
,,,,,31841,3.0,3,,,,,,,,
,,,,,31844,3.0,3,,,,,,,,
,,,,,31848,4.0,4,,,,,,,,
,,,,,31851,3.0,3,,,,,,,,
,,,,,31854,3.0,3,,,,,,,,
,,,,,31857,3.0,3,,,,,,,,
,,,,,31860,3.0,3,,,,,,,,
,,,,,31864,4.0,4,,,,,,,,
,,,,,31869,5.0,5,,,,,,,,
,,,,,31873,4.0,4,,,,,,,,
,,,,,31876,3.0,3,,,,,,,,
,,,,,31879,3.0,3,,,,,,,,
,,,,,31882,3.0,3,,,,,,,,
,,,,,31885,3.0,3,,,,,,,,
,,,,,31890,5.0,5,,,,,,,,
,,,,,31893,3.0,3,,,,,,,,
,,,,,31896,3.0,3,,,,,,,,
,,,,,31899,3.0,3,,,,,,,,
,,,,,31902,3.0,3,,,,,,,,
,,,,,31905,3.0,3,,,,,,,,
,,,,,31908,3.0,3,,,,,,,,
,,,,,31913,5.0,5,,,,,,,,
,,,,,31916,3.0,3,,,,,,,,
,,,,,31919,3.0,3,,,,,,,,
,,,,,31922,3.0,3,,,,,,,,
,,,,,31925,3.0,3,,,,,,,,
,,,,,31928,3.0,3,,,,,,,,
,,,,,31931,3.0,3,,,,,,,,
,,,,,31934,3.0,3,,,,,,,,
,,,,,31938,4.0,4,,,,,,,,
,,,,,31941,3.0,3,,,,,,,,
,,,,,31944,3.0,3,,,,,,,,
,,,,,31947,3.0,3,,,,,,,,
,,,,,31950,3.0,3,,,,,,,,
,,,,,31953,3.0,3,,,,,,,,
,,,,,31956,3.0,3,,,,,,,,
,,,,,31959,3.0,3,,,,,,,,
,,,,,31962,3.0,3,,,,,,,,
,,,,,31965,3.0,3,,,,,,,,
,,,,,31968,3.0,3,,,,,,,,
,,,,,31971,3.0,3,,,,,,,,
,,,,,31976,5.0,5,,,,,,,,
,,,,,31980,4.0,4,,,,,,,,
,,,,,31983,3.0,3,,,,,,,,
,,,,,31986,3.0,3,,,,,,,,
,,,,,31989,3.0,3,,,,,,,,
,,,,,31992,3.0,3,,,,,,,,
,,,,,31995,3.0,3,,,,,,,,
,,,,,31998,3.0,3,,,,,,,,
,,,,,32000,,,0.36008045077323914,-3.600804328918457,0.04970388859510422,1.714173674583435,1.7990100383758545,0.0003,0.0003,0.1
,,,,,32001,3.0,3,,,,,,,,
,,,,,32004,3.0,3,,,,,,,,
,,,,,32007,3.0,3,,,,,,,,
,,,,,32010,3.0,3,,,,,,,,
,,,,,32013,3.0,3,,,,,,,,
,,,,,32016,3.0,3,,,,,,,,
,,,,,32020,4.0,4,,,,,,,,
,,,,,32023,3.0,3,,,,,,,,
,,,,,32026,3.0,3,,,,,,,,
,,,,,32029,3.0,3,,,,,,,,
,,,,,32032,3.0,3,,,,,,,,
,,,,,32035,3.0,3,,,,,,,,
,,,,,32038,3.0,3,,,,,,,,
,,,,,32041,3.0,3,,,,,,,,
,,,,,32044,3.0,3,,,,,,,,
,,,,,32047,3.0,3,,,,,,,,
,,,,,32050,3.0,3,,,,,,,,
,,,,,32053,3.0,3,,,,,,,,
,,,,,32057,4.0,4,,,,,,,,
,,,,,32060,3.0,3,,,,,,,,
,,,,,32063,3.0,3,,,,,,,,
,,,,,32066,3.0,3,,,,,,,,
,,,,,32069,3.0,3,,,,,,,,
,,,,,32072,3.0,3,,,,,,,,
,,,,,32075,3.0,3,,,,,,,,
,,,,,32078,3.0,3,,,,,,,,
,,,,,32084,6.0,6,,,,,,,,
,,,,,32088,4.0,4,,,,,,,,
,,,,,32091,3.0,3,,,,,,,,
,,,,,32094,3.0,3,,,,,,,,
,,,,,32100,6.0,6,,,,,,,,
,,,,,32103,3.0,3,,,,,,,,
,,,,,32106,3.0,3,,,,,,,,
,,,,,32109,3.0,3,,,,,,,,
,,,,,32112,3.0,3,,,,,,,,
,,,,,32115,3.0,3,,,,,,,,
,,,,,32118,3.0,3,,,,,,,,
,,,,,32121,3.0,3,,,,,,,,
,,,,,32124,3.0,3,,,,,,,,
,,,,,32128,4.0,4,,,,,,,,
,,,,,32131,3.0,3,,,,,,,,
,,,,,32134,3.0,3,,,,,,,,
,,,,,32137,3.0,3,,,,,,,,
,,,,,32141,4.0,4,,,,,,,,
,,,,,32144,3.0,3,,,,,,,,
,,,,,32148,4.0,4,,,,,,,,
,,,,,32151,3.0,3,,,,,,,,
,,,,,32154,3.0,3,,,,,,,,
,,,,,32157,3.0,3,,,,,,,,
,,,,,32160,3.0,3,,,,,,,,
,,,,,32163,3.0,3,,,,,,,,
,,,,,32166,3.0,3,,,,,,,,
,,,,,32169,3.0,3,,,,,,,,
,,,,,32172,3.0,3,,,,,,,,
,,,,,32175,3.0,3,,,,,,,,
,,,,,32178,3.0,3,,,,,,,,
,,,,,32181,3.0,3,,,,,,,,
,,,,,32184,3.0,3,,,,,,,,
,,,,,32187,3.0,3,,,,,,,,
,,,,,32190,3.0,3,,,,,,,,
,,,,,32194,4.0,4,,,,,,,,
,,,,,32197,3.0,3,,,,,,,,
,,,,,32200,3.0,3,,,,,,,,
,,,,,32203,3.0,3,,,,,,,,
,,,,,32206,3.0,3,,,,,,,,
,,,,,32209,3.0,3,,,,,,,,
,,,,,32212,3.0,3,,,,,,,,
,,,,,32216,4.0,4,,,,,,,,
,,,,,32219,3.0,3,,,,,,,,
,,,,,32222,3.0,3,,,,,,,,
,,,,,32225,3.0,3,,,,,,,,
,,,,,32228,3.0,3,,,,,,,,
,,,,,32231,3.0,3,,,,,,,,
,,,,,32234,3.0,3,,,,,,,,
,,,,,32237,3.0,3,,,,,,,,
,,,,,32242,5.0,5,,,,,,,,
,,,,,32245,3.0,3,,,,,,,,
,,,,,32249,4.0,4,,,,,,,,
,,,,,32252,3.0,3,,,,,,,,
,,,,,32255,3.0,3,,,,,,,,
,,,,,32258,3.0,3,,,,,,,,
,,,,,32261,3.0,3,,,,,,,,
,,,,,32264,3.0,3,,,,,,,,
,,,,,32267,3.0,3,,,,,,,,
,,,,,32270,3.0,3,,,,,,,,
,,,,,32273,3.0,3,,,,,,,,
,,,,,32276,3.0,3,,,,,,,,
,,,,,32279,3.0,3,,,,,,,,
,,,,,32282,3.0,3,,,,,,,,
,,,,,32285,3.0,3,,,,,,,,
,,,,,32288,3.0,3,,,,,,,,
,,,,,32291,3.0,3,,,,,,,,
,,,,,32294,3.0,3,,,,,,,,
,,,,,32297,3.0,3,,,,,,,,
,,,,,32300,3.0,3,,,,,,,,
,,,,,32303,3.0,3,,,,,,,,
,,,,,32306,3.0,3,,,,,,,,
,,,,,32309,3.0,3,,,,,,,,
,,,,,32314,5.0,5,,,,,,,,
,,,,,32317,3.0,3,,,,,,,,
,,,,,32320,3.0,3,,,,,,,,
,,,,,32323,3.0,3,,,,,,,,
,,,,,32326,3.0,3,,,,,,,,
,,,,,32329,3.0,3,,,,,,,,
,,,,,32332,3.0,3,,,,,,,,
,,,,,32335,3.0,3,,,,,,,,
,,,,,32338,3.0,3,,,,,,,,
,,,,,32341,3.0,3,,,,,,,,
,,,,,32344,3.0,3,,,,,,,,
,,,,,32348,4.0,4,,,,,,,,
,,,,,32351,3.0,3,,,,,,,,
,,,,,32354,3.0,3,,,,,,,,
,,,,,32357,3.0,3,,,,,,,,
,,,,,32360,3.0,3,,,,,,,,
,,,,,32363,3.0,3,,,,,,,,
,,,,,32366,3.0,3,,,,,,,,
,,,,,32369,3.0,3,,,,,,,,
,,,,,32374,5.0,5,,,,,,,,
,,,,,32377,3.0,3,,,,,,,,
,,,,,32380,3.0,3,,,,,,,,
,,,,,32385,5.0,5,,,,,,,,
,,,,,32388,3.0,3,,,,,,,,
,,,,,32391,3.0,3,,,,,,,,
,,,,,32394,3.0,3,,,,,,,,
,,,,,32397,3.0,3,,,,,,,,
,,,,,32400,3.0,3,,,,,,,,
,,,,,32403,3.0,3,,,,,,,,
,,,,,32406,3.0,3,,,,,,,,
,,,,,32409,3.0,3,,,,,,,,
,,,,,32412,3.0,3,,,,,,,,
,,,,,32415,3.0,3,,,,,,,,
,,,,,32418,3.0,3,,,,,,,,
,,,,,32421,3.0,3,,,,,,,,
,,,,,32424,3.0,3,,,,,,,,
,,,,,32427,3.0,3,,,,,,,,
,,,,,32430,3.0,3,,,,,,,,
,,,,,32433,3.0,3,,,,,,,,
,,,,,32436,3.0,3,,,,,,,,
,,,,,32439,3.0,3,,,,,,,,
,,,,,32442,3.0,3,,,,,,,,
,,,,,32445,3.0,3,,,,,,,,
,,,,,32448,3.0,3,,,,,,,,
,,,,,32451,3.0,3,,,,,,,,
,,,,,32454,3.0,3,,,,,,,,
,,,,,32457,3.0,3,,,,,,,,
,,,,,32460,3.0,3,,,,,,,,
,,,,,32465,5.0,5,,,,,,,,
,,,,,32468,3.0,3,,,,,,,,
,,,,,32471,3.0,3,,,,,,,,
,,,,,32474,3.0,3,,,,,,,,
,,,,,32477,3.0,3,,,,,,,,
,,,,,32481,4.0,4,,,,,,,,
,,,,,32485,4.0,4,,,,,,,,
,,,,,32489,4.0,4,,,,,,,,
,,,,,32492,3.0,3,,,,,,,,
,,,,,32495,3.0,3,,,,,,,,
,,,,,32498,3.0,3,,,,,,,,
,,,,,32501,3.0,3,,,,,,,,
,,,,,32504,3.0,3,,,,,,,,
,,,,,32507,3.0,3,,,,,,,,
,,,,,32510,3.0,3,,,,,,,,
,,,,,32513,3.0,3,,,,,,,,
,,,,,32516,3.0,3,,,,,,,,
,,,,,32519,3.0,3,,,,,,,,
,,,,,32522,3.0,3,,,,,,,,
,,,,,32526,4.0,4,,,,,,,,
,,,,,32529,3.0,3,,,,,,,,
,,,,,32532,3.0,3,,,,,,,,
,,,,,32535,3.0,3,,,,,,,,
,,,,,32538,3.0,3,,,,,,,,
,,,,,32541,3.0,3,,,,,,,,
,,,,,32544,3.0,3,,,,,,,,
,,,,,32547,3.0,3,,,,,,,,
,,,,,32550,3.0,3,,,,,,,,
,,,,,32554,4.0,4,,,,,,,,
,,,,,32557,3.0,3,,,,,,,,
,,,,,32560,3.0,3,,,,,,,,
,,,,,32563,3.0,3,,,,,,,,
,,,,,32566,3.0,3,,,,,,,,
,,,,,32569,3.0,3,,,,,,,,
,,,,,32572,3.0,3,,,,,,,,
,,,,,32575,3.0,3,,,,,,,,
,,,,,32579,4.0,4,,,,,,,,
,,,,,32582,3.0,3,,,,,,,,
,,,,,32585,3.0,3,,,,,,,,
,,,,,32589,4.0,4,,,,,,,,
,,,,,32593,4.0,4,,,,,,,,
,,,,,32597,4.0,4,,,,,,,,
,,,,,32600,3.0,3,,,,,,,,
,,,,,32605,5.0,5,,,,,,,,
,,,,,32608,3.0,3,,,,,,,,
,,,,,32611,3.0,3,,,,,,,,
,,,,,32614,3.0,3,,,,,,,,
,,,,,32617,3.0,3,,,,,,,,
,,,,,32620,3.0,3,,,,,,,,
,,,,,32625,5.0,5,,,,,,,,
,,,,,32630,5.0,5,,,,,,,,
,,,,,32633,3.0,3,,,,,,,,
,,,,,32636,3.0,3,,,,,,,,
,,,,,32639,3.0,3,,,,,,,,
,,,,,32642,3.0,3,,,,,,,,
,,,,,32645,3.0,3,,,,,,,,
,,,,,32648,3.0,3,,,,,,,,
,,,,,32651,3.0,3,,,,,,,,
,,,,,32654,3.0,3,,,,,,,,
,,,,,32657,3.0,3,,,,,,,,
,,,,,32660,3.0,3,,,,,,,,
,,,,,32663,3.0,3,,,,,,,,
,,,,,32666,3.0,3,,,,,,,,
,,,,,32669,3.0,3,,,,,,,,
,,,,,32672,3.0,3,,,,,,,,
,,,,,32676,4.0,4,,,,,,,,
,,,,,32680,4.0,4,,,,,,,,
,,,,,32683,3.0,3,,,,,,,,
,,,,,32686,3.0,3,,,,,,,,
,,,,,32689,3.0,3,,,,,,,,
,,,,,32693,4.0,4,,,,,,,,
,,,,,32696,3.0,3,,,,,,,,
,,,,,32699,3.0,3,,,,,,,,
,,,,,32702,3.0,3,,,,,,,,
,,,,,32705,3.0,3,,,,,,,,
,,,,,32708,3.0,3,,,,,,,,
,,,,,32711,3.0,3,,,,,,,,
,,,,,32714,3.0,3,,,,,,,,
,,,,,32717,3.0,3,,,,,,,,
,,,,,32720,3.0,3,,,,,,,,
,,,,,32724,4.0,4,,,,,,,,
,,,,,32727,3.0,3,,,,,,,,
,,,,,32732,5.0,5,,,,,,,,
,,,,,32735,3.0,3,,,,,,,,
,,,,,32738,3.0,3,,,,,,,,
,,,,,32742,4.0,4,,,,,,,,
,,,,,32745,3.0,3,,,,,,,,
,,,,,32748,3.0,3,,,,,,,,
,,,,,32751,3.0,3,,,,,,,,
,,,,,32754,3.0,3,,,,,,,,
,,,,,32757,3.0,3,,,,,,,,
,,,,,32760,3.0,3,,,,,,,,
,,,,,32763,3.0,3,,,,,,,,
,,,,,32766,3.0,3,,,,,,,,
,,,,,32769,3.0,3,,,,,,,,
,,,,,32772,3.0,3,,,,,,,,
,,,,,32775,3.0,3,,,,,,,,
,,,,,32778,3.0,3,,,,,,,,
,,,,,32781,3.0,3,,,,,,,,
,,,,,32785,4.0,4,,,,,,,,
,,,,,32790,5.0,5,,,,,,,,
,,,,,32793,3.0,3,,,,,,,,
,,,,,32798,5.0,5,,,,,,,,
,,,,,32801,3.0,3,,,,,,,,
,,,,,32804,3.0,3,,,,,,,,
,,,,,32807,3.0,3,,,,,,,,
,,,,,32810,3.0,3,,,,,,,,
,,,,,32813,3.0,3,,,,,,,,
,,,,,32816,3.0,3,,,,,,,,
,,,,,32819,3.0,3,,,,,,,,
,,,,,32822,3.0,3,,,,,,,,
,,,,,32825,3.0,3,,,,,,,,
,,,,,32828,3.0,3,,,,,,,,
,,,,,32832,4.0,4,,,,,,,,
,,,,,32835,3.0,3,,,,,,,,
,,,,,32838,3.0,3,,,,,,,,
,,,,,32842,4.0,4,,,,,,,,
,,,,,32846,4.0,4,,,,,,,,
,,,,,32849,3.0,3,,,,,,,,
,,,,,32852,3.0,3,,,,,,,,
,,,,,32856,4.0,4,,,,,,,,
,,,,,32859,3.0,3,,,,,,,,
,,,,,32862,3.0,3,,,,,,,,
,,,,,32865,3.0,3,,,,,,,,
,,,,,32868,3.0,3,,,,,,,,
,,,,,32871,3.0,3,,,,,,,,
,,,,,32874,3.0,3,,,,,,,,
,,,,,32880,6.0,6,,,,,,,,
,,,,,32884,4.0,4,,,,,,,,
,,,,,32887,3.0,3,,,,,,,,
,,,,,32890,3.0,3,,,,,,,,
,,,,,32893,3.0,3,,,,,,,,
,,,,,32896,3.0,3,,,,,,,,
,,,,,32900,4.0,4,,,,,,,,
,,,,,32903,3.0,3,,,,,,,,
,,,,,32906,3.0,3,,,,,,,,
,,,,,32909,3.0,3,,,,,,,,
,,,,,32913,4.0,4,,,,,,,,
,,,,,32916,3.0,3,,,,,,,,
,,,,,32919,3.0,3,,,,,,,,
,,,,,32922,3.0,3,,,,,,,,
,,,,,32925,3.0,3,,,,,,,,
,,,,,32928,3.0,3,,,,,,,,
,,,,,32931,3.0,3,,,,,,,,
,,,,,32935,4.0,4,,,,,,,,
,,,,,32938,3.0,3,,,,,,,,
,,,,,32941,3.0,3,,,,,,,,
,,,,,32944,3.0,3,,,,,,,,
,,,,,32947,3.0,3,,,,,,,,
,,,,,32950,3.0,3,,,,,,,,
,,,,,32953,3.0,3,,,,,,,,
,,,,,32956,3.0,3,,,,,,,,
,,,,,32959,3.0,3,,,,,,,,
,,,,,32962,3.0,3,,,,,,,,
,,,,,32965,3.0,3,,,,,,,,
,,,,,32968,3.0,3,,,,,,,,
,,,,,32971,3.0,3,,,,,,,,
,,,,,32974,3.0,3,,,,,,,,
,,,,,32977,3.0,3,,,,,,,,
,,,,,32980,3.0,3,,,,,,,,
,,,,,32983,3.0,3,,,,,,,,
,,,,,32986,3.0,3,,,,,,,,
,,,,,32989,3.0,3,,,,,,,,
,,,,,32992,3.0,3,,,,,,,,
,,,,,32995,3.0,3,,,,,,,,
,,,,,32999,4.0,4,,,,,,,,
,,,,,33000,,,0.395637571811676,-3.9563755989074707,0.03100605681538582,1.7288511991500854,1.6820034980773926,0.0003,0.0003,0.1
,,,,,33002,3.0,3,,,,,,,,
,,,,,33005,3.0,3,,,,,,,,
,,,,,33011,6.0,6,,,,,,,,
,,,,,33014,3.0,3,,,,,,,,
,,,,,33017,3.0,3,,,,,,,,
,,,,,33021,4.0,4,,,,,,,,
,,,,,33024,3.0,3,,,,,,,,
,,,,,33027,3.0,3,,,,,,,,
,,,,,33030,3.0,3,,,,,,,,
,,,,,33033,3.0,3,,,,,,,,
,,,,,33036,3.0,3,,,,,,,,
,,,,,33039,3.0,3,,,,,,,,
,,,,,33042,3.0,3,,,,,,,,
,,,,,33045,3.0,3,,,,,,,,
,,,,,33049,4.0,4,,,,,,,,
,,,,,33052,3.0,3,,,,,,,,
,,,,,33055,3.0,3,,,,,,,,
,,,,,33058,3.0,3,,,,,,,,
,,,,,33061,3.0,3,,,,,,,,
,,,,,33064,3.0,3,,,,,,,,
,,,,,33067,3.0,3,,,,,,,,
,,,,,33070,3.0,3,,,,,,,,
,,,,,33073,3.0,3,,,,,,,,
,,,,,33078,5.0,5,,,,,,,,
,,,,,33081,3.0,3,,,,,,,,
,,,,,33084,3.0,3,,,,,,,,
,,,,,33087,3.0,3,,,,,,,,
,,,,,33091,4.0,4,,,,,,,,
,,,,,33094,3.0,3,,,,,,,,
,,,,,33097,3.0,3,,,,,,,,
,,,,,33100,3.0,3,,,,,,,,
,,,,,33103,3.0,3,,,,,,,,
,,,,,33106,3.0,3,,,,,,,,
,,,,,33109,3.0,3,,,,,,,,
,,,,,33112,3.0,3,,,,,,,,
,,,,,33115,3.0,3,,,,,,,,
,,,,,33118,3.0,3,,,,,,,,
,,,,,33121,3.0,3,,,,,,,,
,,,,,33125,4.0,4,,,,,,,,
,,,,,33128,3.0,3,,,,,,,,
,,,,,33131,3.0,3,,,,,,,,
,,,,,33134,3.0,3,,,,,,,,
,,,,,33137,3.0,3,,,,,,,,
,,,,,33140,3.0,3,,,,,,,,
,,,,,33143,3.0,3,,,,,,,,
,,,,,33146,3.0,3,,,,,,,,
,,,,,33149,3.0,3,,,,,,,,
,,,,,33152,3.0,3,,,,,,,,
,,,,,33156,4.0,4,,,,,,,,
,,,,,33159,3.0,3,,,,,,,,
,,,,,33162,3.0,3,,,,,,,,
,,,,,33166,4.0,4,,,,,,,,
,,,,,33169,3.0,3,,,,,,,,
,,,,,33172,3.0,3,,,,,,,,
,,,,,33175,3.0,3,,,,,,,,
,,,,,33178,3.0,3,,,,,,,,
,,,,,33181,3.0,3,,,,,,,,
,,,,,33184,3.0,3,,,,,,,,
,,,,,33187,3.0,3,,,,,,,,
,,,,,33190,3.0,3,,,,,,,,
,,,,,33193,3.0,3,,,,,,,,
,,,,,33196,3.0,3,,,,,,,,
,,,,,33199,3.0,3,,,,,,,,
,,,,,33202,3.0,3,,,,,,,,
,,,,,33205,3.0,3,,,,,,,,
,,,,,33208,3.0,3,,,,,,,,
,,,,,33211,3.0,3,,,,,,,,
,,,,,33214,3.0,3,,,,,,,,
,,,,,33217,3.0,3,,,,,,,,
,,,,,33220,3.0,3,,,,,,,,
,,,,,33223,3.0,3,,,,,,,,
,,,,,33226,3.0,3,,,,,,,,
,,,,,33232,6.0,6,,,,,,,,
,,,,,33235,3.0,3,,,,,,,,
,,,,,33239,4.0,4,,,,,,,,
,,,,,33242,3.0,3,,,,,,,,
,,,,,33245,3.0,3,,,,,,,,
,,,,,33248,3.0,3,,,,,,,,
,,,,,33251,3.0,3,,,,,,,,
,,,,,33254,3.0,3,,,,,,,,
,,,,,33257,3.0,3,,,,,,,,
,,,,,33260,3.0,3,,,,,,,,
,,,,,33263,3.0,3,,,,,,,,
,,,,,33266,3.0,3,,,,,,,,
,,,,,33269,3.0,3,,,,,,,,
,,,,,33272,3.0,3,,,,,,,,
,,,,,33276,4.0,4,,,,,,,,
,,,,,33279,3.0,3,,,,,,,,
,,,,,33282,3.0,3,,,,,,,,
,,,,,33285,3.0,3,,,,,,,,
,,,,,33288,3.0,3,,,,,,,,
,,,,,33291,3.0,3,,,,,,,,
,,,,,33294,3.0,3,,,,,,,,
,,,,,33297,3.0,3,,,,,,,,
,,,,,33300,3.0,3,,,,,,,,
,,,,,33303,3.0,3,,,,,,,,
,,,,,33306,3.0,3,,,,,,,,
,,,,,33309,3.0,3,,,,,,,,
,,,,,33312,3.0,3,,,,,,,,
,,,,,33315,3.0,3,,,,,,,,
,,,,,33318,3.0,3,,,,,,,,
,,,,,33321,3.0,3,,,,,,,,
,,,,,33324,3.0,3,,,,,,,,
,,,,,33327,3.0,3,,,,,,,,
,,,,,33330,3.0,3,,,,,,,,
,,,,,33335,5.0,5,,,,,,,,
,,,,,33338,3.0,3,,,,,,,,
,,,,,33341,3.0,3,,,,,,,,
,,,,,33344,3.0,3,,,,,,,,
,,,,,33347,3.0,3,,,,,,,,
,,,,,33352,5.0,5,,,,,,,,
,,,,,33356,4.0,4,,,,,,,,
,,,,,33359,3.0,3,,,,,,,,
,,,,,33362,3.0,3,,,,,,,,
,,,,,33365,3.0,3,,,,,,,,
,,,,,33368,3.0,3,,,,,,,,
,,,,,33371,3.0,3,,,,,,,,
,,,,,33374,3.0,3,,,,,,,,
,,,,,33377,3.0,3,,,,,,,,
,,,,,33380,3.0,3,,,,,,,,
,,,,,33383,3.0,3,,,,,,,,
,,,,,33386,3.0,3,,,,,,,,
,,,,,33389,3.0,3,,,,,,,,
,,,,,33392,3.0,3,,,,,,,,
,,,,,33395,3.0,3,,,,,,,,
,,,,,33398,3.0,3,,,,,,,,
,,,,,33401,3.0,3,,,,,,,,
,,,,,33404,3.0,3,,,,,,,,
,,,,,33407,3.0,3,,,,,,,,
,,,,,33410,3.0,3,,,,,,,,
,,,,,33413,3.0,3,,,,,,,,
,,,,,33416,3.0,3,,,,,,,,
,,,,,33419,3.0,3,,,,,,,,
,,,,,33428,9.0,9,,,,,,,,
,,,,,33431,3.0,3,,,,,,,,
,,,,,33434,3.0,3,,,,,,,,
,,,,,33437,3.0,3,,,,,,,,
,,,,,33440,3.0,3,,,,,,,,
,,,,,33443,3.0,3,,,,,,,,
,,,,,33446,3.0,3,,,,,,,,
,,,,,33449,3.0,3,,,,,,,,
,,,,,33452,3.0,3,,,,,,,,
,,,,,33455,3.0,3,,,,,,,,
,,,,,33458,3.0,3,,,,,,,,
,,,,,33464,6.0,6,,,,,,,,
,,,,,33467,3.0,3,,,,,,,,
,,,,,33470,3.0,3,,,,,,,,
,,,,,33473,3.0,3,,,,,,,,
,,,,,33476,3.0,3,,,,,,,,
,,,,,33479,3.0,3,,,,,,,,
,,,,,33482,3.0,3,,,,,,,,
,,,,,33485,3.0,3,,,,,,,,
,,,,,33489,4.0,4,,,,,,,,
,,,,,33492,3.0,3,,,,,,,,
,,,,,33495,3.0,3,,,,,,,,
,,,,,33499,4.0,4,,,,,,,,
,,,,,33502,3.0,3,,,,,,,,
,,,,,33505,3.0,3,,,,,,,,
,,,,,33508,3.0,3,,,,,,,,
,,,,,33511,3.0,3,,,,,,,,
,,,,,33514,3.0,3,,,,,,,,
,,,,,33517,3.0,3,,,,,,,,
,,,,,33520,3.0,3,,,,,,,,
,,,,,33523,3.0,3,,,,,,,,
,,,,,33526,3.0,3,,,,,,,,
,,,,,33529,3.0,3,,,,,,,,
,,,,,33532,3.0,3,,,,,,,,
,,,,,33535,3.0,3,,,,,,,,
,,,,,33538,3.0,3,,,,,,,,
,,,,,33541,3.0,3,,,,,,,,
,,,,,33544,3.0,3,,,,,,,,
,,,,,33547,3.0,3,,,,,,,,
,,,,,33550,3.0,3,,,,,,,,
,,,,,33553,3.0,3,,,,,,,,
,,,,,33556,3.0,3,,,,,,,,
,,,,,33559,3.0,3,,,,,,,,
,,,,,33562,3.0,3,,,,,,,,
,,,,,33566,4.0,4,,,,,,,,
,,,,,33569,3.0,3,,,,,,,,
,,,,,33572,3.0,3,,,,,,,,
,,,,,33578,6.0,6,,,,,,,,
,,,,,33581,3.0,3,,,,,,,,
,,,,,33584,3.0,3,,,,,,,,
,,,,,33587,3.0,3,,,,,,,,
,,,,,33590,3.0,3,,,,,,,,
,,,,,33593,3.0,3,,,,,,,,
,,,,,33596,3.0,3,,,,,,,,
,,,,,33599,3.0,3,,,,,,,,
,,,,,33602,3.0,3,,,,,,,,
,,,,,33605,3.0,3,,,,,,,,
,,,,,33608,3.0,3,,,,,,,,
,,,,,33611,3.0,3,,,,,,,,
,,,,,33615,4.0,4,,,,,,,,
,,,,,33619,4.0,4,,,,,,,,
,,,,,33622,3.0,3,,,,,,,,
,,,,,33627,5.0,5,,,,,,,,
,,,,,33630,3.0,3,,,,,,,,
,,,,,33633,3.0,3,,,,,,,,
,,,,,33636,3.0,3,,,,,,,,
,,,,,33639,3.0,3,,,,,,,,
,,,,,33642,3.0,3,,,,,,,,
,,,,,33645,3.0,3,,,,,,,,
,,,,,33648,3.0,3,,,,,,,,
,,,,,33651,3.0,3,,,,,,,,
,,,,,33654,3.0,3,,,,,,,,
,,,,,33657,3.0,3,,,,,,,,
,,,,,33660,3.0,3,,,,,,,,
,,,,,33663,3.0,3,,,,,,,,
,,,,,33666,3.0,3,,,,,,,,
,,,,,33669,3.0,3,,,,,,,,
,,,,,33672,3.0,3,,,,,,,,
,,,,,33676,4.0,4,,,,,,,,
,,,,,33679,3.0,3,,,,,,,,
,,,,,33682,3.0,3,,,,,,,,
,,,,,33685,3.0,3,,,,,,,,
,,,,,33688,3.0,3,,,,,,,,
,,,,,33691,3.0,3,,,,,,,,
,,,,,33694,3.0,3,,,,,,,,
,,,,,33697,3.0,3,,,,,,,,
,,,,,33700,3.0,3,,,,,,,,
,,,,,33703,3.0,3,,,,,,,,
,,,,,33706,3.0,3,,,,,,,,
,,,,,33709,3.0,3,,,,,,,,
,,,,,33712,3.0,3,,,,,,,,
,,,,,33715,3.0,3,,,,,,,,
,,,,,33718,3.0,3,,,,,,,,
,,,,,33721,3.0,3,,,,,,,,
,,,,,33724,3.0,3,,,,,,,,
,,,,,33727,3.0,3,,,,,,,,
,,,,,33730,3.0,3,,,,,,,,
,,,,,33733,3.0,3,,,,,,,,
,,,,,33736,3.0,3,,,,,,,,
,,,,,33739,3.0,3,,,,,,,,
,,,,,33742,3.0,3,,,,,,,,
,,,,,33745,3.0,3,,,,,,,,
,,,,,33748,3.0,3,,,,,,,,
,,,,,33751,3.0,3,,,,,,,,
,,,,,33754,3.0,3,,,,,,,,
,,,,,33758,4.0,4,,,,,,,,
,,,,,33761,3.0,3,,,,,,,,
,,,,,33764,3.0,3,,,,,,,,
,,,,,33767,3.0,3,,,,,,,,
,,,,,33770,3.0,3,,,,,,,,
,,,,,33773,3.0,3,,,,,,,,
,,,,,33777,4.0,4,,,,,,,,
,,,,,33780,3.0,3,,,,,,,,
,,,,,33783,3.0,3,,,,,,,,
,,,,,33787,4.0,4,,,,,,,,
,,,,,33790,3.0,3,,,,,,,,
,,,,,33793,3.0,3,,,,,,,,
,,,,,33796,3.0,3,,,,,,,,
,,,,,33803,7.0,7,,,,,,,,
,,,,,33808,5.0,5,,,,,,,,
,,,,,33813,5.0,5,,,,,,,,
,,,,,33816,3.0,3,,,,,,,,
,,,,,33819,3.0,3,,,,,,,,
,,,,,33822,3.0,3,,,,,,,,
,,,,,33825,3.0,3,,,,,,,,
,,,,,33828,3.0,3,,,,,,,,
,,,,,33831,3.0,3,,,,,,,,
,,,,,33834,3.0,3,,,,,,,,
,,,,,33837,3.0,3,,,,,,,,
,,,,,33840,3.0,3,,,,,,,,
,,,,,33843,3.0,3,,,,,,,,
,,,,,33846,3.0,3,,,,,,,,
,,,,,33849,3.0,3,,,,,,,,
,,,,,33852,3.0,3,,,,,,,,
,,,,,33858,6.0,6,,,,,,,,
,,,,,33861,3.0,3,,,,,,,,
,,,,,33864,3.0,3,,,,,,,,
,,,,,33868,4.0,4,,,,,,,,
,,,,,33871,3.0,3,,,,,,,,
,,,,,33874,3.0,3,,,,,,,,
,,,,,33877,3.0,3,,,,,,,,
,,,,,33880,3.0,3,,,,,,,,
,,,,,33883,3.0,3,,,,,,,,
,,,,,33887,4.0,4,,,,,,,,
,,,,,33890,3.0,3,,,,,,,,
,,,,,33893,3.0,3,,,,,,,,
,,,,,33896,3.0,3,,,,,,,,
,,,,,33899,3.0,3,,,,,,,,
,,,,,33902,3.0,3,,,,,,,,
,,,,,33905,3.0,3,,,,,,,,
,,,,,33908,3.0,3,,,,,,,,
,,,,,33911,3.0,3,,,,,,,,
,,,,,33914,3.0,3,,,,,,,,
,,,,,33917,3.0,3,,,,,,,,
,,,,,33920,3.0,3,,,,,,,,
,,,,,33923,3.0,3,,,,,,,,
,,,,,33926,3.0,3,,,,,,,,
,,,,,33933,7.0,7,,,,,,,,
,,,,,33936,3.0,3,,,,,,,,
,,,,,33939,3.0,3,,,,,,,,
,,,,,33942,3.0,3,,,,,,,,
,,,,,33945,3.0,3,,,,,,,,
,,,,,33948,3.0,3,,,,,,,,
,,,,,33951,3.0,3,,,,,,,,
,,,,,33954,3.0,3,,,,,,,,
,,,,,33957,3.0,3,,,,,,,,
,,,,,33960,3.0,3,,,,,,,,
,,,,,33963,3.0,3,,,,,,,,
,,,,,33966,3.0,3,,,,,,,,
,,,,,33971,5.0,5,,,,,,,,
,,,,,33974,3.0,3,,,,,,,,
,,,,,33977,3.0,3,,,,,,,,
,,,,,33982,5.0,5,,,,,,,,
,,,,,33985,3.0,3,,,,,,,,
,,,,,33989,4.0,4,,,,,,,,
,,,,,33992,3.0,3,,,,,,,,
,,,,,33995,3.0,3,,,,,,,,
,,,,,33998,3.0,3,,,,,,,,
,,,,,34000,,,0.30578264594078064,-3.057826280593872,0.07908399403095245,1.9118690490722656,1.8487310409545898,0.0003,0.0003,0.1
,,,,,34001,3.0,3,,,,,,,,
,,,,,34004,3.0,3,,,,,,,,
,,,,,34007,3.0,3,,,,,,,,
,,,,,34010,3.0,3,,,,,,,,
,,,,,34013,3.0,3,,,,,,,,
,,,,,34016,3.0,3,,,,,,,,
,,,,,34020,4.0,4,,,,,,,,
,,,,,34023,3.0,3,,,,,,,,
,,,,,34026,3.0,3,,,,,,,,
,,,,,34033,7.0,7,,,,,,,,
,,,,,34040,7.0,7,,,,,,,,
,,,,,34043,3.0,3,,,,,,,,
,,,,,34046,3.0,3,,,,,,,,
,,,,,34049,3.0,3,,,,,,,,
,,,,,34054,5.0,5,,,,,,,,
,,,,,34057,3.0,3,,,,,,,,
,,,,,34060,3.0,3,,,,,,,,
,,,,,34065,5.0,5,,,,,,,,
,,,,,34068,3.0,3,,,,,,,,
,,,,,34072,4.0,4,,,,,,,,
,,,,,34076,4.0,4,,,,,,,,
,,,,,34079,3.0,3,,,,,,,,
,,,,,34082,3.0,3,,,,,,,,
,,,,,34085,3.0,3,,,,,,,,
,,,,,34088,3.0,3,,,,,,,,
,,,,,34091,3.0,3,,,,,,,,
,,,,,34094,3.0,3,,,,,,,,
,,,,,34097,3.0,3,,,,,,,,
,,,,,34100,3.0,3,,,,,,,,
,,,,,34105,5.0,5,,,,,,,,
,,,,,34108,3.0,3,,,,,,,,
,,,,,34111,3.0,3,,,,,,,,
,,,,,34114,3.0,3,,,,,,,,
,,,,,34117,3.0,3,,,,,,,,
,,,,,34120,3.0,3,,,,,,,,
,,,,,34123,3.0,3,,,,,,,,
,,,,,34126,3.0,3,,,,,,,,
,,,,,34132,6.0,6,,,,,,,,
,,,,,34136,4.0,4,,,,,,,,
,,,,,34139,3.0,3,,,,,,,,
,,,,,34142,3.0,3,,,,,,,,
,,,,,34145,3.0,3,,,,,,,,
,,,,,34148,3.0,3,,,,,,,,
,,,,,34151,3.0,3,,,,,,,,
,,,,,34158,7.0,7,,,,,,,,
,,,,,34161,3.0,3,,,,,,,,
,,,,,34165,4.0,4,,,,,,,,
,,,,,34168,3.0,3,,,,,,,,
,,,,,34171,3.0,3,,,,,,,,
,,,,,34174,3.0,3,,,,,,,,
,,,,,34177,3.0,3,,,,,,,,
,,,,,34180,3.0,3,,,,,,,,
,,,,,34183,3.0,3,,,,,,,,
,,,,,34186,3.0,3,,,,,,,,
,,,,,34189,3.0,3,,,,,,,,
,,,,,34192,3.0,3,,,,,,,,
,,,,,34195,3.0,3,,,,,,,,
,,,,,34198,3.0,3,,,,,,,,
,,,,,34201,3.0,3,,,,,,,,
,,,,,34204,3.0,3,,,,,,,,
,,,,,34207,3.0,3,,,,,,,,
,,,,,34210,3.0,3,,,,,,,,
,,,,,34213,3.0,3,,,,,,,,
,,,,,34216,3.0,3,,,,,,,,
,,,,,34220,4.0,4,,,,,,,,
,,,,,34223,3.0,3,,,,,,,,
,,,,,34226,3.0,3,,,,,,,,
,,,,,34229,3.0,3,,,,,,,,
,,,,,34232,3.0,3,,,,,,,,
,,,,,34239,7.0,7,,,,,,,,
,,,,,34242,3.0,3,,,,,,,,
,,,,,34245,3.0,3,,,,,,,,
,,,,,34248,3.0,3,,,,,,,,
,,,,,34251,3.0,3,,,,,,,,
,,,,,34254,3.0,3,,,,,,,,
,,,,,34257,3.0,3,,,,,,,,
,,,,,34264,7.0,7,,,,,,,,
,,,,,34267,3.0,3,,,,,,,,
,,,,,34270,3.0,3,,,,,,,,
,,,,,34273,3.0,3,,,,,,,,
,,,,,34276,3.0,3,,,,,,,,
,,,,,34279,3.0,3,,,,,,,,
,,,,,34282,3.0,3,,,,,,,,
,,,,,34287,5.0,5,,,,,,,,
,,,,,34290,3.0,3,,,,,,,,
,,,,,34293,3.0,3,,,,,,,,
,,,,,34296,3.0,3,,,,,,,,
,,,,,34299,3.0,3,,,,,,,,
,,,,,34302,3.0,3,,,,,,,,
,,,,,34305,3.0,3,,,,,,,,
,,,,,34308,3.0,3,,,,,,,,
,,,,,34311,3.0,3,,,,,,,,
,,,,,34315,4.0,4,,,,,,,,
,,,,,34321,6.0,6,,,,,,,,
,,,,,34324,3.0,3,,,,,,,,
,,,,,34327,3.0,3,,,,,,,,
,,,,,34330,3.0,3,,,,,,,,
,,,,,34333,3.0,3,,,,,,,,
,,,,,34336,3.0,3,,,,,,,,
,,,,,34339,3.0,3,,,,,,,,
,,,,,34343,4.0,4,,,,,,,,
,,,,,34346,3.0,3,,,,,,,,
,,,,,34349,3.0,3,,,,,,,,
,,,,,34352,3.0,3,,,,,,,,
,,,,,34355,3.0,3,,,,,,,,
,,,,,34358,3.0,3,,,,,,,,
,,,,,34362,4.0,4,,,,,,,,
,,,,,34365,3.0,3,,,,,,,,
,,,,,34368,3.0,3,,,,,,,,
,,,,,34371,3.0,3,,,,,,,,
,,,,,34374,3.0,3,,,,,,,,
,,,,,34377,3.0,3,,,,,,,,
,,,,,34380,3.0,3,,,,,,,,
,,,,,34383,3.0,3,,,,,,,,
,,,,,34386,3.0,3,,,,,,,,
,,,,,34389,3.0,3,,,,,,,,
,,,,,34392,3.0,3,,,,,,,,
,,,,,34395,3.0,3,,,,,,,,
,,,,,34398,3.0,3,,,,,,,,
,,,,,34401,3.0,3,,,,,,,,
,,,,,34404,3.0,3,,,,,,,,
,,,,,34407,3.0,3,,,,,,,,
,,,,,34413,6.0,6,,,,,,,,
,,,,,34416,3.0,3,,,,,,,,
,,,,,34419,3.0,3,,,,,,,,
,,,,,34422,3.0,3,,,,,,,,
,,,,,34425,3.0,3,,,,,,,,
,,,,,34428,3.0,3,,,,,,,,
,,,,,34431,3.0,3,,,,,,,,
,,,,,34435,4.0,4,,,,,,,,
,,,,,34438,3.0,3,,,,,,,,
,,,,,34441,3.0,3,,,,,,,,
,,,,,34444,3.0,3,,,,,,,,
,,,,,34447,3.0,3,,,,,,,,
,,,,,34450,3.0,3,,,,,,,,
,,,,,34453,3.0,3,,,,,,,,
,,,,,34456,3.0,3,,,,,,,,
,,,,,34459,3.0,3,,,,,,,,
,,,,,34462,3.0,3,,,,,,,,
,,,,,34466,4.0,4,,,,,,,,
,,,,,34470,4.0,4,,,,,,,,
,,,,,34474,4.0,4,,,,,,,,
,,,,,34477,3.0,3,,,,,,,,
,,,,,34480,3.0,3,,,,,,,,
,,,,,34483,3.0,3,,,,,,,,
,,,,,34486,3.0,3,,,,,,,,
,,,,,34489,3.0,3,,,,,,,,
,,,,,34492,3.0,3,,,,,,,,
,,,,,34495,3.0,3,,,,,,,,
,,,,,34498,3.0,3,,,,,,,,
,,,,,34501,3.0,3,,,,,,,,
,,,,,34504,3.0,3,,,,,,,,
,,,,,34507,3.0,3,,,,,,,,
,,,,,34510,3.0,3,,,,,,,,
,,,,,34513,3.0,3,,,,,,,,
,,,,,34516,3.0,3,,,,,,,,
,,,,,34519,3.0,3,,,,,,,,
,,,,,34522,3.0,3,,,,,,,,
,,,,,34525,3.0,3,,,,,,,,
,,,,,34531,6.0,6,,,,,,,,
,,,,,34534,3.0,3,,,,,,,,
,,,,,34537,3.0,3,,,,,,,,
,,,,,34540,3.0,3,,,,,,,,
,,,,,34543,3.0,3,,,,,,,,
,,,,,34547,4.0,4,,,,,,,,
,,,,,34551,4.0,4,,,,,,,,
,,,,,34554,3.0,3,,,,,,,,
,,,,,34557,3.0,3,,,,,,,,
,,,,,34560,3.0,3,,,,,,,,
,,,,,34565,5.0,5,,,,,,,,
,,,,,34568,3.0,3,,,,,,,,
,,,,,34571,3.0,3,,,,,,,,
,,,,,34575,4.0,4,,,,,,,,
,,,,,34578,3.0,3,,,,,,,,
,,,,,34581,3.0,3,,,,,,,,
,,,,,34584,3.0,3,,,,,,,,
,,,,,34587,3.0,3,,,,,,,,
,,,,,34590,3.0,3,,,,,,,,
,,,,,34593,3.0,3,,,,,,,,
,,,,,34596,3.0,3,,,,,,,,
,,,,,34599,3.0,3,,,,,,,,
,,,,,34602,3.0,3,,,,,,,,
,,,,,34605,3.0,3,,,,,,,,
,,,,,34608,3.0,3,,,,,,,,
,,,,,34611,3.0,3,,,,,,,,
,,,,,34614,3.0,3,,,,,,,,
,,,,,34617,3.0,3,,,,,,,,
,,,,,34620,3.0,3,,,,,,,,
,,,,,34623,3.0,3,,,,,,,,
,,,,,34627,4.0,4,,,,,,,,
,,,,,34630,3.0,3,,,,,,,,
,,,,,34633,3.0,3,,,,,,,,
,,,,,34636,3.0,3,,,,,,,,
,,,,,34639,3.0,3,,,,,,,,
,,,,,34642,3.0,3,,,,,,,,
,,,,,34645,3.0,3,,,,,,,,
,,,,,34648,3.0,3,,,,,,,,
,,,,,34651,3.0,3,,,,,,,,
,,,,,34654,3.0,3,,,,,,,,
,,,,,34657,3.0,3,,,,,,,,
,,,,,34660,3.0,3,,,,,,,,
,,,,,34663,3.0,3,,,,,,,,
,,,,,34666,3.0,3,,,,,,,,
,,,,,34669,3.0,3,,,,,,,,
,,,,,34672,3.0,3,,,,,,,,
,,,,,34675,3.0,3,,,,,,,,
,,,,,34678,3.0,3,,,,,,,,
,,,,,34681,3.0,3,,,,,,,,
,,,,,34684,3.0,3,,,,,,,,
,,,,,34687,3.0,3,,,,,,,,
,,,,,34690,3.0,3,,,,,,,,
,,,,,34693,3.0,3,,,,,,,,
,,,,,34696,3.0,3,,,,,,,,
,,,,,34700,4.0,4,,,,,,,,
,,,,,34704,4.0,4,,,,,,,,
,,,,,34707,3.0,3,,,,,,,,
,,,,,34710,3.0,3,,,,,,,,
,,,,,34713,3.0,3,,,,,,,,
,,,,,34716,3.0,3,,,,,,,,
,,,,,34719,3.0,3,,,,,,,,
,,,,,34722,3.0,3,,,,,,,,
,,,,,34725,3.0,3,,,,,,,,
,,,,,34728,3.0,3,,,,,,,,
,,,,,34732,4.0,4,,,,,,,,
,,,,,34735,3.0,3,,,,,,,,
,,,,,34738,3.0,3,,,,,,,,
,,,,,34741,3.0,3,,,,,,,,
,,,,,34744,3.0,3,,,,,,,,
,,,,,34747,3.0,3,,,,,,,,
,,,,,34750,3.0,3,,,,,,,,
,,,,,34753,3.0,3,,,,,,,,
,,,,,34756,3.0,3,,,,,,,,
,,,,,34759,3.0,3,,,,,,,,
,,,,,34763,4.0,4,,,,,,,,
,,,,,34766,3.0,3,,,,,,,,
,,,,,34769,3.0,3,,,,,,,,
,,,,,34772,3.0,3,,,,,,,,
,,,,,34775,3.0,3,,,,,,,,
,,,,,34778,3.0,3,,,,,,,,
,,,,,34781,3.0,3,,,,,,,,
,,,,,34784,3.0,3,,,,,,,,
,,,,,34788,4.0,4,,,,,,,,
,,,,,34791,3.0,3,,,,,,,,
,,,,,34794,3.0,3,,,,,,,,
,,,,,34797,3.0,3,,,,,,,,
,,,,,34801,4.0,4,,,,,,,,
,,,,,34804,3.0,3,,,,,,,,
,,,,,34807,3.0,3,,,,,,,,
,,,,,34810,3.0,3,,,,,,,,
,,,,,34813,3.0,3,,,,,,,,
,,,,,34816,3.0,3,,,,,,,,
,,,,,34821,5.0,5,,,,,,,,
,,,,,34824,3.0,3,,,,,,,,
,,,,,34827,3.0,3,,,,,,,,
,,,,,34830,3.0,3,,,,,,,,
,,,,,34833,3.0,3,,,,,,,,
,,,,,34836,3.0,3,,,,,,,,
,,,,,34839,3.0,3,,,,,,,,
,,,,,34842,3.0,3,,,,,,,,
,,,,,34846,4.0,4,,,,,,,,
,,,,,34849,3.0,3,,,,,,,,
,,,,,34853,4.0,4,,,,,,,,
,,,,,34856,3.0,3,,,,,,,,
,,,,,34860,4.0,4,,,,,,,,
,,,,,34863,3.0,3,,,,,,,,
,,,,,34867,4.0,4,,,,,,,,
,,,,,34870,3.0,3,,,,,,,,
,,,,,34873,3.0,3,,,,,,,,
,,,,,34876,3.0,3,,,,,,,,
,,,,,34879,3.0,3,,,,,,,,
,,,,,34882,3.0,3,,,,,,,,
,,,,,34887,5.0,5,,,,,,,,
,,,,,34890,3.0,3,,,,,,,,
,,,,,34893,3.0,3,,,,,,,,
,,,,,34896,3.0,3,,,,,,,,
,,,,,34899,3.0,3,,,,,,,,
,,,,,34903,4.0,4,,,,,,,,
,,,,,34906,3.0,3,,,,,,,,
,,,,,34909,3.0,3,,,,,,,,
,,,,,34912,3.0,3,,,,,,,,
,,,,,34915,3.0,3,,,,,,,,
,,,,,34918,3.0,3,,,,,,,,
,,,,,34923,5.0,5,,,,,,,,
,,,,,34926,3.0,3,,,,,,,,
,,,,,34929,3.0,3,,,,,,,,
,,,,,34932,3.0,3,,,,,,,,
,,,,,34935,3.0,3,,,,,,,,
,,,,,34941,6.0,6,,,,,,,,
,,,,,34944,3.0,3,,,,,,,,
,,,,,34947,3.0,3,,,,,,,,
,,,,,34950,3.0,3,,,,,,,,
,,,,,34953,3.0,3,,,,,,,,
,,,,,34956,3.0,3,,,,,,,,
,,,,,34959,3.0,3,,,,,,,,
,,,,,34963,4.0,4,,,,,,,,
,,,,,34966,3.0,3,,,,,,,,
,,,,,34969,3.0,3,,,,,,,,
,,,,,34972,3.0,3,,,,,,,,
,,,,,34975,3.0,3,,,,,,,,
,,,,,34978,3.0,3,,,,,,,,
,,,,,34981,3.0,3,,,,,,,,
,,,,,34984,3.0,3,,,,,,,,
,,,,,34987,3.0,3,,,,,,,,
,,,,,34991,4.0,4,,,,,,,,
,,,,,34996,5.0,5,,,,,,,,
,,,,,34999,3.0,3,,,,,,,,
3.3,0.90000004,6.0,3.0,3.3,35000,,,0.3187803328037262,-3.187803268432617,0.045958906412124634,1.7293245792388916,1.673006296157837,0.0003,0.0003,0.1
,,,,,35003,4.0,4,,,,,,,,
,,,,,35006,3.0,3,,,,,,,,
,,,,,35009,3.0,3,,,,,,,,
,,,,,35014,5.0,5,,,,,,,,
,,,,,35017,3.0,3,,,,,,,,
,,,,,35020,3.0,3,,,,,,,,
,,,,,35024,4.0,4,,,,,,,,
,,,,,35027,3.0,3,,,,,,,,
,,,,,35030,3.0,3,,,,,,,,
,,,,,35033,3.0,3,,,,,,,,
,,,,,35036,3.0,3,,,,,,,,
,,,,,35039,3.0,3,,,,,,,,
,,,,,35042,3.0,3,,,,,,,,
,,,,,35045,3.0,3,,,,,,,,
,,,,,35048,3.0,3,,,,,,,,
,,,,,35051,3.0,3,,,,,,,,
,,,,,35054,3.0,3,,,,,,,,
,,,,,35057,3.0,3,,,,,,,,
,,,,,35061,4.0,4,,,,,,,,
,,,,,35064,3.0,3,,,,,,,,
,,,,,35067,3.0,3,,,,,,,,
,,,,,35070,3.0,3,,,,,,,,
,,,,,35074,4.0,4,,,,,,,,
,,,,,35077,3.0,3,,,,,,,,
,,,,,35080,3.0,3,,,,,,,,
,,,,,35083,3.0,3,,,,,,,,
,,,,,35086,3.0,3,,,,,,,,
,,,,,35089,3.0,3,,,,,,,,
,,,,,35092,3.0,3,,,,,,,,
,,,,,35095,3.0,3,,,,,,,,
,,,,,35098,3.0,3,,,,,,,,
,,,,,35101,3.0,3,,,,,,,,
,,,,,35104,3.0,3,,,,,,,,
,,,,,35107,3.0,3,,,,,,,,
,,,,,35110,3.0,3,,,,,,,,
,,,,,35113,3.0,3,,,,,,,,
,,,,,35116,3.0,3,,,,,,,,
,,,,,35119,3.0,3,,,,,,,,
,,,,,35122,3.0,3,,,,,,,,
,,,,,35125,3.0,3,,,,,,,,
,,,,,35128,3.0,3,,,,,,,,
,,,,,35132,4.0,4,,,,,,,,
,,,,,35135,3.0,3,,,,,,,,
,,,,,35138,3.0,3,,,,,,,,
,,,,,35141,3.0,3,,,,,,,,
,,,,,35144,3.0,3,,,,,,,,
,,,,,35147,3.0,3,,,,,,,,
,,,,,35151,4.0,4,,,,,,,,
,,,,,35158,7.0,7,,,,,,,,
,,,,,35164,6.0,6,,,,,,,,
,,,,,35167,3.0,3,,,,,,,,
,,,,,35170,3.0,3,,,,,,,,
,,,,,35174,4.0,4,,,,,,,,
,,,,,35177,3.0,3,,,,,,,,
,,,,,35180,3.0,3,,,,,,,,
,,,,,35183,3.0,3,,,,,,,,
,,,,,35186,3.0,3,,,,,,,,
,,,,,35189,3.0,3,,,,,,,,
,,,,,35193,4.0,4,,,,,,,,
,,,,,35196,3.0,3,,,,,,,,
,,,,,35199,3.0,3,,,,,,,,
,,,,,35203,4.0,4,,,,,,,,
,,,,,35206,3.0,3,,,,,,,,
,,,,,35209,3.0,3,,,,,,,,
,,,,,35212,3.0,3,,,,,,,,
,,,,,35215,3.0,3,,,,,,,,
,,,,,35218,3.0,3,,,,,,,,
,,,,,35224,6.0,6,,,,,,,,
,,,,,35228,4.0,4,,,,,,,,
,,,,,35231,3.0,3,,,,,,,,
,,,,,35234,3.0,3,,,,,,,,
,,,,,35237,3.0,3,,,,,,,,
,,,,,35240,3.0,3,,,,,,,,
,,,,,35243,3.0,3,,,,,,,,
,,,,,35246,3.0,3,,,,,,,,
,,,,,35249,3.0,3,,,,,,,,
,,,,,35252,3.0,3,,,,,,,,
,,,,,35255,3.0,3,,,,,,,,
,,,,,35260,5.0,5,,,,,,,,
,,,,,35263,3.0,3,,,,,,,,
,,,,,35266,3.0,3,,,,,,,,
,,,,,35269,3.0,3,,,,,,,,
,,,,,35272,3.0,3,,,,,,,,
,,,,,35275,3.0,3,,,,,,,,
,,,,,35278,3.0,3,,,,,,,,
,,,,,35281,3.0,3,,,,,,,,
,,,,,35284,3.0,3,,,,,,,,
,,,,,35287,3.0,3,,,,,,,,
,,,,,35290,3.0,3,,,,,,,,
,,,,,35293,3.0,3,,,,,,,,
,,,,,35296,3.0,3,,,,,,,,
,,,,,35299,3.0,3,,,,,,,,
,,,,,35302,3.0,3,,,,,,,,
,,,,,35306,4.0,4,,,,,,,,
,,,,,35310,4.0,4,,,,,,,,
,,,,,35314,4.0,4,,,,,,,,
,,,,,35317,3.0,3,,,,,,,,
,,,,,35320,3.0,3,,,,,,,,
,,,,,35323,3.0,3,,,,,,,,
,,,,,35327,4.0,4,,,,,,,,
,,,,,35330,3.0,3,,,,,,,,
,,,,,35333,3.0,3,,,,,,,,
,,,,,35337,4.0,4,,,,,,,,
,,,,,35340,3.0,3,,,,,,,,
,,,,,35343,3.0,3,,,,,,,,
,,,,,35346,3.0,3,,,,,,,,
,,,,,35349,3.0,3,,,,,,,,
,,,,,35352,3.0,3,,,,,,,,
,,,,,35356,4.0,4,,,,,,,,
,,,,,35359,3.0,3,,,,,,,,
,,,,,35362,3.0,3,,,,,,,,
,,,,,35368,6.0,6,,,,,,,,
,,,,,35372,4.0,4,,,,,,,,
,,,,,35375,3.0,3,,,,,,,,
,,,,,35379,4.0,4,,,,,,,,
,,,,,35382,3.0,3,,,,,,,,
,,,,,35385,3.0,3,,,,,,,,
,,,,,35388,3.0,3,,,,,,,,
,,,,,35393,5.0,5,,,,,,,,
,,,,,35396,3.0,3,,,,,,,,
,,,,,35399,3.0,3,,,,,,,,
,,,,,35402,3.0,3,,,,,,,,
,,,,,35405,3.0,3,,,,,,,,
,,,,,35408,3.0,3,,,,,,,,
,,,,,35411,3.0,3,,,,,,,,
,,,,,35414,3.0,3,,,,,,,,
,,,,,35417,3.0,3,,,,,,,,
,,,,,35420,3.0,3,,,,,,,,
,,,,,35423,3.0,3,,,,,,,,
,,,,,35426,3.0,3,,,,,,,,
,,,,,35430,4.0,4,,,,,,,,
,,,,,35433,3.0,3,,,,,,,,
,,,,,35436,3.0,3,,,,,,,,
,,,,,35439,3.0,3,,,,,,,,
,,,,,35442,3.0,3,,,,,,,,
,,,,,35445,3.0,3,,,,,,,,
,,,,,35448,3.0,3,,,,,,,,
,,,,,35452,4.0,4,,,,,,,,
,,,,,35455,3.0,3,,,,,,,,
,,,,,35458,3.0,3,,,,,,,,
,,,,,35461,3.0,3,,,,,,,,
,,,,,35464,3.0,3,,,,,,,,
,,,,,35467,3.0,3,,,,,,,,
,,,,,35470,3.0,3,,,,,,,,
,,,,,35473,3.0,3,,,,,,,,
,,,,,35476,3.0,3,,,,,,,,
,,,,,35479,3.0,3,,,,,,,,
,,,,,35482,3.0,3,,,,,,,,
,,,,,35485,3.0,3,,,,,,,,
,,,,,35488,3.0,3,,,,,,,,
,,,,,35494,6.0,6,,,,,,,,
,,,,,35497,3.0,3,,,,,,,,
,,,,,35500,3.0,3,,,,,,,,
,,,,,35503,3.0,3,,,,,,,,
,,,,,35506,3.0,3,,,,,,,,
,,,,,35509,3.0,3,,,,,,,,
,,,,,35512,3.0,3,,,,,,,,
,,,,,35515,3.0,3,,,,,,,,
,,,,,35518,3.0,3,,,,,,,,
,,,,,35521,3.0,3,,,,,,,,
,,,,,35524,3.0,3,,,,,,,,
,,,,,35527,3.0,3,,,,,,,,
,,,,,35533,6.0,6,,,,,,,,
,,,,,35536,3.0,3,,,,,,,,
,,,,,35539,3.0,3,,,,,,,,
,,,,,35542,3.0,3,,,,,,,,
,,,,,35545,3.0,3,,,,,,,,
,,,,,35548,3.0,3,,,,,,,,
,,,,,35551,3.0,3,,,,,,,,
,,,,,35554,3.0,3,,,,,,,,
,,,,,35557,3.0,3,,,,,,,,
,,,,,35560,3.0,3,,,,,,,,
,,,,,35563,3.0,3,,,,,,,,
,,,,,35566,3.0,3,,,,,,,,
,,,,,35569,3.0,3,,,,,,,,
,,,,,35572,3.0,3,,,,,,,,
,,,,,35575,3.0,3,,,,,,,,
,,,,,35579,4.0,4,,,,,,,,
,,,,,35582,3.0,3,,,,,,,,
,,,,,35585,3.0,3,,,,,,,,
,,,,,35588,3.0,3,,,,,,,,
,,,,,35592,4.0,4,,,,,,,,
,,,,,35595,3.0,3,,,,,,,,
,,,,,35598,3.0,3,,,,,,,,
,,,,,35601,3.0,3,,,,,,,,
,,,,,35604,3.0,3,,,,,,,,
,,,,,35607,3.0,3,,,,,,,,
,,,,,35610,3.0,3,,,,,,,,
,,,,,35614,4.0,4,,,,,,,,
,,,,,35617,3.0,3,,,,,,,,
,,,,,35620,3.0,3,,,,,,,,
,,,,,35623,3.0,3,,,,,,,,
,,,,,35626,3.0,3,,,,,,,,
,,,,,35629,3.0,3,,,,,,,,
,,,,,35632,3.0,3,,,,,,,,
,,,,,35635,3.0,3,,,,,,,,
,,,,,35638,3.0,3,,,,,,,,
,,,,,35641,3.0,3,,,,,,,,
,,,,,35644,3.0,3,,,,,,,,
,,,,,35647,3.0,3,,,,,,,,
,,,,,35650,3.0,3,,,,,,,,
,,,,,35654,4.0,4,,,,,,,,
,,,,,35657,3.0,3,,,,,,,,
,,,,,35660,3.0,3,,,,,,,,
,,,,,35663,3.0,3,,,,,,,,
,,,,,35666,3.0,3,,,,,,,,
,,,,,35669,3.0,3,,,,,,,,
,,,,,35672,3.0,3,,,,,,,,
,,,,,35675,3.0,3,,,,,,,,
,,,,,35678,3.0,3,,,,,,,,
,,,,,35681,3.0,3,,,,,,,,
,,,,,35684,3.0,3,,,,,,,,
,,,,,35687,3.0,3,,,,,,,,
,,,,,35690,3.0,3,,,,,,,,
,,,,,35694,4.0,4,,,,,,,,
,,,,,35697,3.0,3,,,,,,,,
,,,,,35700,3.0,3,,,,,,,,
,,,,,35703,3.0,3,,,,,,,,
,,,,,35706,3.0,3,,,,,,,,
,,,,,35709,3.0,3,,,,,,,,
,,,,,35712,3.0,3,,,,,,,,
,,,,,35715,3.0,3,,,,,,,,
,,,,,35718,3.0,3,,,,,,,,
,,,,,35721,3.0,3,,,,,,,,
,,,,,35724,3.0,3,,,,,,,,
,,,,,35727,3.0,3,,,,,,,,
,,,,,35730,3.0,3,,,,,,,,
,,,,,35733,3.0,3,,,,,,,,
,,,,,35736,3.0,3,,,,,,,,
,,,,,35739,3.0,3,,,,,,,,
,,,,,35742,3.0,3,,,,,,,,
,,,,,35747,5.0,5,,,,,,,,
,,,,,35750,3.0,3,,,,,,,,
,,,,,35753,3.0,3,,,,,,,,
,,,,,35756,3.0,3,,,,,,,,
,,,,,35759,3.0,3,,,,,,,,
,,,,,35762,3.0,3,,,,,,,,
,,,,,35765,3.0,3,,,,,,,,
,,,,,35770,5.0,5,,,,,,,,
,,,,,35773,3.0,3,,,,,,,,
,,,,,35776,3.0,3,,,,,,,,
,,,,,35779,3.0,3,,,,,,,,
,,,,,35783,4.0,4,,,,,,,,
,,,,,35789,6.0,6,,,,,,,,
,,,,,35792,3.0,3,,,,,,,,
,,,,,35795,3.0,3,,,,,,,,
,,,,,35798,3.0,3,,,,,,,,
,,,,,35801,3.0,3,,,,,,,,
,,,,,35804,3.0,3,,,,,,,,
,,,,,35807,3.0,3,,,,,,,,
,,,,,35810,3.0,3,,,,,,,,
,,,,,35813,3.0,3,,,,,,,,
,,,,,35816,3.0,3,,,,,,,,
,,,,,35819,3.0,3,,,,,,,,
,,,,,35822,3.0,3,,,,,,,,
,,,,,35825,3.0,3,,,,,,,,
,,,,,35828,3.0,3,,,,,,,,
,,,,,35831,3.0,3,,,,,,,,
,,,,,35834,3.0,3,,,,,,,,
,,,,,35837,3.0,3,,,,,,,,
,,,,,35840,3.0,3,,,,,,,,
,,,,,35843,3.0,3,,,,,,,,
,,,,,35846,3.0,3,,,,,,,,
,,,,,35849,3.0,3,,,,,,,,
,,,,,35852,3.0,3,,,,,,,,
,,,,,35855,3.0,3,,,,,,,,
,,,,,35858,3.0,3,,,,,,,,
,,,,,35861,3.0,3,,,,,,,,
,,,,,35864,3.0,3,,,,,,,,
,,,,,35867,3.0,3,,,,,,,,
,,,,,35870,3.0,3,,,,,,,,
,,,,,35873,3.0,3,,,,,,,,
,,,,,35876,3.0,3,,,,,,,,
,,,,,35880,4.0,4,,,,,,,,
,,,,,35883,3.0,3,,,,,,,,
,,,,,35886,3.0,3,,,,,,,,
,,,,,35890,4.0,4,,,,,,,,
,,,,,35893,3.0,3,,,,,,,,
,,,,,35896,3.0,3,,,,,,,,
,,,,,35899,3.0,3,,,,,,,,
,,,,,35902,3.0,3,,,,,,,,
,,,,,35905,3.0,3,,,,,,,,
,,,,,35908,3.0,3,,,,,,,,
,,,,,35912,4.0,4,,,,,,,,
,,,,,35915,3.0,3,,,,,,,,
,,,,,35918,3.0,3,,,,,,,,
,,,,,35921,3.0,3,,,,,,,,
,,,,,35924,3.0,3,,,,,,,,
,,,,,35927,3.0,3,,,,,,,,
,,,,,35931,4.0,4,,,,,,,,
,,,,,35935,4.0,4,,,,,,,,
,,,,,35938,3.0,3,,,,,,,,
,,,,,35941,3.0,3,,,,,,,,
,,,,,35944,3.0,3,,,,,,,,
,,,,,35947,3.0,3,,,,,,,,
,,,,,35950,3.0,3,,,,,,,,
,,,,,35954,4.0,4,,,,,,,,
,,,,,35957,3.0,3,,,,,,,,
,,,,,35960,3.0,3,,,,,,,,
,,,,,35963,3.0,3,,,,,,,,
,,,,,35966,3.0,3,,,,,,,,
,,,,,35972,6.0,6,,,,,,,,
,,,,,35975,3.0,3,,,,,,,,
,,,,,35978,3.0,3,,,,,,,,
,,,,,35981,3.0,3,,,,,,,,
,,,,,35985,4.0,4,,,,,,,,
,,,,,35988,3.0,3,,,,,,,,
,,,,,35991,3.0,3,,,,,,,,
,,,,,35994,3.0,3,,,,,,,,
,,,,,35997,3.0,3,,,,,,,,
,,,,,36000,3.0,3,,,,,,,,
,,,,,36000,,,0.3548213243484497,-3.548213243484497,0.04534462094306946,1.7952170372009277,1.8141975402832031,0.0003,0.0003,0.1
,,,,,36003,3.0,3,,,,,,,,
,,,,,36006,3.0,3,,,,,,,,
,,,,,36009,3.0,3,,,,,,,,
,,,,,36012,3.0,3,,,,,,,,
,,,,,36016,4.0,4,,,,,,,,
,,,,,36019,3.0,3,,,,,,,,
,,,,,36023,4.0,4,,,,,,,,
,,,,,36026,3.0,3,,,,,,,,
,,,,,36029,3.0,3,,,,,,,,
,,,,,36032,3.0,3,,,,,,,,
,,,,,36035,3.0,3,,,,,,,,
,,,,,36039,4.0,4,,,,,,,,
,,,,,36042,3.0,3,,,,,,,,
,,,,,36045,3.0,3,,,,,,,,
,,,,,36048,3.0,3,,,,,,,,
,,,,,36051,3.0,3,,,,,,,,
,,,,,36054,3.0,3,,,,,,,,
,,,,,36057,3.0,3,,,,,,,,
,,,,,36060,3.0,3,,,,,,,,
,,,,,36063,3.0,3,,,,,,,,
,,,,,36066,3.0,3,,,,,,,,
,,,,,36069,3.0,3,,,,,,,,
,,,,,36072,3.0,3,,,,,,,,
,,,,,36075,3.0,3,,,,,,,,
,,,,,36078,3.0,3,,,,,,,,
,,,,,36081,3.0,3,,,,,,,,
,,,,,36084,3.0,3,,,,,,,,
,,,,,36087,3.0,3,,,,,,,,
,,,,,36091,4.0,4,,,,,,,,
,,,,,36094,3.0,3,,,,,,,,
,,,,,36097,3.0,3,,,,,,,,
,,,,,36100,3.0,3,,,,,,,,
,,,,,36103,3.0,3,,,,,,,,
,,,,,36107,4.0,4,,,,,,,,
,,,,,36110,3.0,3,,,,,,,,
,,,,,36113,3.0,3,,,,,,,,
,,,,,36116,3.0,3,,,,,,,,
,,,,,36119,3.0,3,,,,,,,,
,,,,,36122,3.0,3,,,,,,,,
,,,,,36126,4.0,4,,,,,,,,
,,,,,36129,3.0,3,,,,,,,,
,,,,,36132,3.0,3,,,,,,,,
,,,,,36136,4.0,4,,,,,,,,
,,,,,36139,3.0,3,,,,,,,,
,,,,,36142,3.0,3,,,,,,,,
,,,,,36145,3.0,3,,,,,,,,
,,,,,36148,3.0,3,,,,,,,,
,,,,,36151,3.0,3,,,,,,,,
,,,,,36155,4.0,4,,,,,,,,
,,,,,36158,3.0,3,,,,,,,,
,,,,,36161,3.0,3,,,,,,,,
,,,,,36164,3.0,3,,,,,,,,
,,,,,36167,3.0,3,,,,,,,,
,,,,,36170,3.0,3,,,,,,,,
,,,,,36173,3.0,3,,,,,,,,
,,,,,36176,3.0,3,,,,,,,,
,,,,,36179,3.0,3,,,,,,,,
,,,,,36182,3.0,3,,,,,,,,
,,,,,36185,3.0,3,,,,,,,,
,,,,,36188,3.0,3,,,,,,,,
,,,,,36192,4.0,4,,,,,,,,
,,,,,36195,3.0,3,,,,,,,,
,,,,,36199,4.0,4,,,,,,,,
,,,,,36202,3.0,3,,,,,,,,
,,,,,36205,3.0,3,,,,,,,,
,,,,,36208,3.0,3,,,,,,,,
,,,,,36211,3.0,3,,,,,,,,
,,,,,36214,3.0,3,,,,,,,,
,,,,,36217,3.0,3,,,,,,,,
,,,,,36220,3.0,3,,,,,,,,
,,,,,36223,3.0,3,,,,,,,,
,,,,,36226,3.0,3,,,,,,,,
,,,,,36229,3.0,3,,,,,,,,
,,,,,36232,3.0,3,,,,,,,,
,,,,,36235,3.0,3,,,,,,,,
,,,,,36238,3.0,3,,,,,,,,
,,,,,36242,4.0,4,,,,,,,,
,,,,,36245,3.0,3,,,,,,,,
,,,,,36248,3.0,3,,,,,,,,
,,,,,36251,3.0,3,,,,,,,,
,,,,,36255,4.0,4,,,,,,,,
,,,,,36259,4.0,4,,,,,,,,
,,,,,36262,3.0,3,,,,,,,,
,,,,,36268,6.0,6,,,,,,,,
,,,,,36271,3.0,3,,,,,,,,
,,,,,36274,3.0,3,,,,,,,,
,,,,,36278,4.0,4,,,,,,,,
,,,,,36281,3.0,3,,,,,,,,
,,,,,36284,3.0,3,,,,,,,,
,,,,,36287,3.0,3,,,,,,,,
,,,,,36290,3.0,3,,,,,,,,
,,,,,36293,3.0,3,,,,,,,,
,,,,,36296,3.0,3,,,,,,,,
,,,,,36299,3.0,3,,,,,,,,
,,,,,36302,3.0,3,,,,,,,,
,,,,,36305,3.0,3,,,,,,,,
,,,,,36309,4.0,4,,,,,,,,
,,,,,36312,3.0,3,,,,,,,,
,,,,,36315,3.0,3,,,,,,,,
,,,,,36318,3.0,3,,,,,,,,
,,,,,36321,3.0,3,,,,,,,,
,,,,,36324,3.0,3,,,,,,,,
,,,,,36327,3.0,3,,,,,,,,
,,,,,36330,3.0,3,,,,,,,,
,,,,,36333,3.0,3,,,,,,,,
,,,,,36336,3.0,3,,,,,,,,
,,,,,36340,4.0,4,,,,,,,,
,,,,,36343,3.0,3,,,,,,,,
,,,,,36346,3.0,3,,,,,,,,
,,,,,36349,3.0,3,,,,,,,,
,,,,,36352,3.0,3,,,,,,,,
,,,,,36355,3.0,3,,,,,,,,
,,,,,36358,3.0,3,,,,,,,,
,,,,,36361,3.0,3,,,,,,,,
,,,,,36364,3.0,3,,,,,,,,
,,,,,36367,3.0,3,,,,,,,,
,,,,,36370,3.0,3,,,,,,,,
,,,,,36373,3.0,3,,,,,,,,
,,,,,36376,3.0,3,,,,,,,,
,,,,,36379,3.0,3,,,,,,,,
,,,,,36382,3.0,3,,,,,,,,
,,,,,36385,3.0,3,,,,,,,,
,,,,,36389,4.0,4,,,,,,,,
,,,,,36392,3.0,3,,,,,,,,
,,,,,36395,3.0,3,,,,,,,,
,,,,,36398,3.0,3,,,,,,,,
,,,,,36401,3.0,3,,,,,,,,
,,,,,36404,3.0,3,,,,,,,,
,,,,,36407,3.0,3,,,,,,,,
,,,,,36410,3.0,3,,,,,,,,
,,,,,36413,3.0,3,,,,,,,,
,,,,,36416,3.0,3,,,,,,,,
,,,,,36419,3.0,3,,,,,,,,
,,,,,36422,3.0,3,,,,,,,,
,,,,,36425,3.0,3,,,,,,,,
,,,,,36428,3.0,3,,,,,,,,
,,,,,36431,3.0,3,,,,,,,,
,,,,,36434,3.0,3,,,,,,,,
,,,,,36437,3.0,3,,,,,,,,
,,,,,36440,3.0,3,,,,,,,,
,,,,,36443,3.0,3,,,,,,,,
,,,,,36448,5.0,5,,,,,,,,
,,,,,36451,3.0,3,,,,,,,,
,,,,,36454,3.0,3,,,,,,,,
,,,,,36457,3.0,3,,,,,,,,
,,,,,36460,3.0,3,,,,,,,,
,,,,,36463,3.0,3,,,,,,,,
,,,,,36466,3.0,3,,,,,,,,
,,,,,36469,3.0,3,,,,,,,,
,,,,,36472,3.0,3,,,,,,,,
,,,,,36477,5.0,5,,,,,,,,
,,,,,36480,3.0,3,,,,,,,,
,,,,,36483,3.0,3,,,,,,,,
,,,,,36486,3.0,3,,,,,,,,
,,,,,36489,3.0,3,,,,,,,,
,,,,,36492,3.0,3,,,,,,,,
,,,,,36495,3.0,3,,,,,,,,
,,,,,36498,3.0,3,,,,,,,,
,,,,,36501,3.0,3,,,,,,,,
,,,,,36504,3.0,3,,,,,,,,
,,,,,36507,3.0,3,,,,,,,,
,,,,,36510,3.0,3,,,,,,,,
,,,,,36513,3.0,3,,,,,,,,
,,,,,36516,3.0,3,,,,,,,,
,,,,,36519,3.0,3,,,,,,,,
,,,,,36522,3.0,3,,,,,,,,
,,,,,36526,4.0,4,,,,,,,,
,,,,,36529,3.0,3,,,,,,,,
,,,,,36532,3.0,3,,,,,,,,
,,,,,36535,3.0,3,,,,,,,,
,,,,,36538,3.0,3,,,,,,,,
,,,,,36541,3.0,3,,,,,,,,
,,,,,36544,3.0,3,,,,,,,,
,,,,,36547,3.0,3,,,,,,,,
,,,,,36550,3.0,3,,,,,,,,
,,,,,36553,3.0,3,,,,,,,,
,,,,,36556,3.0,3,,,,,,,,
,,,,,36561,5.0,5,,,,,,,,
,,,,,36564,3.0,3,,,,,,,,
,,,,,36567,3.0,3,,,,,,,,
,,,,,36570,3.0,3,,,,,,,,
,,,,,36573,3.0,3,,,,,,,,
,,,,,36576,3.0,3,,,,,,,,
,,,,,36579,3.0,3,,,,,,,,
,,,,,36582,3.0,3,,,,,,,,
,,,,,36585,3.0,3,,,,,,,,
,,,,,36588,3.0,3,,,,,,,,
,,,,,36591,3.0,3,,,,,,,,
,,,,,36594,3.0,3,,,,,,,,
,,,,,36597,3.0,3,,,,,,,,
,,,,,36601,4.0,4,,,,,,,,
,,,,,36605,4.0,4,,,,,,,,
,,,,,36608,3.0,3,,,,,,,,
,,,,,36611,3.0,3,,,,,,,,
,,,,,36614,3.0,3,,,,,,,,
,,,,,36617,3.0,3,,,,,,,,
,,,,,36620,3.0,3,,,,,,,,
,,,,,36623,3.0,3,,,,,,,,
,,,,,36626,3.0,3,,,,,,,,
,,,,,36629,3.0,3,,,,,,,,
,,,,,36632,3.0,3,,,,,,,,
,,,,,36635,3.0,3,,,,,,,,
,,,,,36638,3.0,3,,,,,,,,
,,,,,36641,3.0,3,,,,,,,,
,,,,,36645,4.0,4,,,,,,,,
,,,,,36648,3.0,3,,,,,,,,
,,,,,36652,4.0,4,,,,,,,,
,,,,,36655,3.0,3,,,,,,,,
,,,,,36658,3.0,3,,,,,,,,
,,,,,36661,3.0,3,,,,,,,,
,,,,,36664,3.0,3,,,,,,,,
,,,,,36667,3.0,3,,,,,,,,
,,,,,36670,3.0,3,,,,,,,,
,,,,,36673,3.0,3,,,,,,,,
,,,,,36676,3.0,3,,,,,,,,
,,,,,36679,3.0,3,,,,,,,,
,,,,,36683,4.0,4,,,,,,,,
,,,,,36686,3.0,3,,,,,,,,
,,,,,36689,3.0,3,,,,,,,,
,,,,,36692,3.0,3,,,,,,,,
,,,,,36695,3.0,3,,,,,,,,
,,,,,36698,3.0,3,,,,,,,,
,,,,,36701,3.0,3,,,,,,,,
,,,,,36705,4.0,4,,,,,,,,
,,,,,36708,3.0,3,,,,,,,,
,,,,,36713,5.0,5,,,,,,,,
,,,,,36716,3.0,3,,,,,,,,
,,,,,36719,3.0,3,,,,,,,,
,,,,,36723,4.0,4,,,,,,,,
,,,,,36727,4.0,4,,,,,,,,
,,,,,36730,3.0,3,,,,,,,,
,,,,,36734,4.0,4,,,,,,,,
,,,,,36737,3.0,3,,,,,,,,
,,,,,36740,3.0,3,,,,,,,,
,,,,,36743,3.0,3,,,,,,,,
,,,,,36746,3.0,3,,,,,,,,
,,,,,36749,3.0,3,,,,,,,,
,,,,,36752,3.0,3,,,,,,,,
,,,,,36755,3.0,3,,,,,,,,
,,,,,36758,3.0,3,,,,,,,,
,,,,,36761,3.0,3,,,,,,,,
,,,,,36764,3.0,3,,,,,,,,
,,,,,36767,3.0,3,,,,,,,,
,,,,,36770,3.0,3,,,,,,,,
,,,,,36774,4.0,4,,,,,,,,
,,,,,36777,3.0,3,,,,,,,,
,,,,,36781,4.0,4,,,,,,,,
,,,,,36786,5.0,5,,,,,,,,
,,,,,36789,3.0,3,,,,,,,,
,,,,,36792,3.0,3,,,,,,,,
,,,,,36796,4.0,4,,,,,,,,
,,,,,36799,3.0,3,,,,,,,,
,,,,,36802,3.0,3,,,,,,,,
,,,,,36805,3.0,3,,,,,,,,
,,,,,36808,3.0,3,,,,,,,,
,,,,,36811,3.0,3,,,,,,,,
,,,,,36815,4.0,4,,,,,,,,
,,,,,36818,3.0,3,,,,,,,,
,,,,,36821,3.0,3,,,,,,,,
,,,,,36824,3.0,3,,,,,,,,
,,,,,36827,3.0,3,,,,,,,,
,,,,,36830,3.0,3,,,,,,,,
,,,,,36833,3.0,3,,,,,,,,
,,,,,36836,3.0,3,,,,,,,,
,,,,,36839,3.0,3,,,,,,,,
,,,,,36842,3.0,3,,,,,,,,
,,,,,36845,3.0,3,,,,,,,,
,,,,,36848,3.0,3,,,,,,,,
,,,,,36851,3.0,3,,,,,,,,
,,,,,36856,5.0,5,,,,,,,,
,,,,,36859,3.0,3,,,,,,,,
,,,,,36862,3.0,3,,,,,,,,
,,,,,36865,3.0,3,,,,,,,,
,,,,,36871,6.0,6,,,,,,,,
,,,,,36874,3.0,3,,,,,,,,
,,,,,36877,3.0,3,,,,,,,,
,,,,,36880,3.0,3,,,,,,,,
,,,,,36883,3.0,3,,,,,,,,
,,,,,36886,3.0,3,,,,,,,,
,,,,,36889,3.0,3,,,,,,,,
,,,,,36892,3.0,3,,,,,,,,
,,,,,36895,3.0,3,,,,,,,,
,,,,,36898,3.0,3,,,,,,,,
,,,,,36901,3.0,3,,,,,,,,
,,,,,36904,3.0,3,,,,,,,,
,,,,,36907,3.0,3,,,,,,,,
,,,,,36910,3.0,3,,,,,,,,
,,,,,36913,3.0,3,,,,,,,,
,,,,,36916,3.0,3,,,,,,,,
,,,,,36919,3.0,3,,,,,,,,
,,,,,36922,3.0,3,,,,,,,,
,,,,,36925,3.0,3,,,,,,,,
,,,,,36928,3.0,3,,,,,,,,
,,,,,36931,3.0,3,,,,,,,,
,,,,,36934,3.0,3,,,,,,,,
,,,,,36937,3.0,3,,,,,,,,
,,,,,36940,3.0,3,,,,,,,,
,,,,,36943,3.0,3,,,,,,,,
,,,,,36946,3.0,3,,,,,,,,
,,,,,36949,3.0,3,,,,,,,,
,,,,,36952,3.0,3,,,,,,,,
,,,,,36955,3.0,3,,,,,,,,
,,,,,36958,3.0,3,,,,,,,,
,,,,,36961,3.0,3,,,,,,,,
,,,,,36964,3.0,3,,,,,,,,
,,,,,36967,3.0,3,,,,,,,,
,,,,,36970,3.0,3,,,,,,,,
,,,,,36973,3.0,3,,,,,,,,
,,,,,36976,3.0,3,,,,,,,,
,,,,,36979,3.0,3,,,,,,,,
,,,,,36982,3.0,3,,,,,,,,
,,,,,36985,3.0,3,,,,,,,,
,,,,,36988,3.0,3,,,,,,,,
,,,,,36991,3.0,3,,,,,,,,
,,,,,36994,3.0,3,,,,,,,,
,,,,,36997,3.0,3,,,,,,,,
,,,,,37000,,,0.6072542667388916,-6.072542667388916,0.018857024610042572,1.4153385162353516,1.4231945276260376,0.0003,0.0003,0.1
,,,,,37001,4.0,4,,,,,,,,
,,,,,37005,4.0,4,,,,,,,,
,,,,,37008,3.0,3,,,,,,,,
,,,,,37011,3.0,3,,,,,,,,
,,,,,37014,3.0,3,,,,,,,,
,,,,,37017,3.0,3,,,,,,,,
,,,,,37020,3.0,3,,,,,,,,
,,,,,37023,3.0,3,,,,,,,,
,,,,,37026,3.0,3,,,,,,,,
,,,,,37029,3.0,3,,,,,,,,
,,,,,37032,3.0,3,,,,,,,,
,,,,,37035,3.0,3,,,,,,,,
,,,,,37038,3.0,3,,,,,,,,
,,,,,37041,3.0,3,,,,,,,,
,,,,,37044,3.0,3,,,,,,,,
,,,,,37048,4.0,4,,,,,,,,
,,,,,37051,3.0,3,,,,,,,,
,,,,,37054,3.0,3,,,,,,,,
,,,,,37057,3.0,3,,,,,,,,
,,,,,37060,3.0,3,,,,,,,,
,,,,,37063,3.0,3,,,,,,,,
,,,,,37066,3.0,3,,,,,,,,
,,,,,37070,4.0,4,,,,,,,,
,,,,,37073,3.0,3,,,,,,,,
,,,,,37076,3.0,3,,,,,,,,
,,,,,37079,3.0,3,,,,,,,,
,,,,,37083,4.0,4,,,,,,,,
,,,,,37086,3.0,3,,,,,,,,
,,,,,37089,3.0,3,,,,,,,,
,,,,,37092,3.0,3,,,,,,,,
,,,,,37095,3.0,3,,,,,,,,
,,,,,37098,3.0,3,,,,,,,,
,,,,,37101,3.0,3,,,,,,,,
,,,,,37104,3.0,3,,,,,,,,
,,,,,37107,3.0,3,,,,,,,,
,,,,,37110,3.0,3,,,,,,,,
,,,,,37113,3.0,3,,,,,,,,
,,,,,37116,3.0,3,,,,,,,,
,,,,,37119,3.0,3,,,,,,,,
,,,,,37122,3.0,3,,,,,,,,
,,,,,37125,3.0,3,,,,,,,,
,,,,,37128,3.0,3,,,,,,,,
,,,,,37131,3.0,3,,,,,,,,
,,,,,37134,3.0,3,,,,,,,,
,,,,,37137,3.0,3,,,,,,,,
,,,,,37140,3.0,3,,,,,,,,
,,,,,37143,3.0,3,,,,,,,,
,,,,,37146,3.0,3,,,,,,,,
,,,,,37149,3.0,3,,,,,,,,
,,,,,37152,3.0,3,,,,,,,,
,,,,,37155,3.0,3,,,,,,,,
,,,,,37158,3.0,3,,,,,,,,
,,,,,37161,3.0,3,,,,,,,,
,,,,,37164,3.0,3,,,,,,,,
,,,,,37167,3.0,3,,,,,,,,
,,,,,37170,3.0,3,,,,,,,,
,,,,,37174,4.0,4,,,,,,,,
,,,,,37178,4.0,4,,,,,,,,
,,,,,37182,4.0,4,,,,,,,,
,,,,,37185,3.0,3,,,,,,,,
,,,,,37188,3.0,3,,,,,,,,
,,,,,37192,4.0,4,,,,,,,,
,,,,,37195,3.0,3,,,,,,,,
,,,,,37198,3.0,3,,,,,,,,
,,,,,37201,3.0,3,,,,,,,,
,,,,,37204,3.0,3,,,,,,,,
,,,,,37207,3.0,3,,,,,,,,
,,,,,37210,3.0,3,,,,,,,,
,,,,,37213,3.0,3,,,,,,,,
,,,,,37216,3.0,3,,,,,,,,
,,,,,37219,3.0,3,,,,,,,,
,,,,,37222,3.0,3,,,,,,,,
,,,,,37225,3.0,3,,,,,,,,
,,,,,37229,4.0,4,,,,,,,,
,,,,,37232,3.0,3,,,,,,,,
,,,,,37235,3.0,3,,,,,,,,
,,,,,37238,3.0,3,,,,,,,,
,,,,,37241,3.0,3,,,,,,,,
,,,,,37244,3.0,3,,,,,,,,
,,,,,37247,3.0,3,,,,,,,,
,,,,,37250,3.0,3,,,,,,,,
,,,,,37253,3.0,3,,,,,,,,
,,,,,37256,3.0,3,,,,,,,,
,,,,,37261,5.0,5,,,,,,,,
,,,,,37264,3.0,3,,,,,,,,
,,,,,37267,3.0,3,,,,,,,,
,,,,,37270,3.0,3,,,,,,,,
,,,,,37273,3.0,3,,,,,,,,
,,,,,37276,3.0,3,,,,,,,,
,,,,,37279,3.0,3,,,,,,,,
,,,,,37282,3.0,3,,,,,,,,
,,,,,37285,3.0,3,,,,,,,,
,,,,,37288,3.0,3,,,,,,,,
,,,,,37292,4.0,4,,,,,,,,
,,,,,37295,3.0,3,,,,,,,,
,,,,,37298,3.0,3,,,,,,,,
,,,,,37301,3.0,3,,,,,,,,
,,,,,37304,3.0,3,,,,,,,,
,,,,,37307,3.0,3,,,,,,,,
,,,,,37310,3.0,3,,,,,,,,
,,,,,37313,3.0,3,,,,,,,,
,,,,,37316,3.0,3,,,,,,,,
,,,,,37319,3.0,3,,,,,,,,
,,,,,37322,3.0,3,,,,,,,,
,,,,,37325,3.0,3,,,,,,,,
,,,,,37328,3.0,3,,,,,,,,
,,,,,37331,3.0,3,,,,,,,,
,,,,,37334,3.0,3,,,,,,,,
,,,,,37338,4.0,4,,,,,,,,
,,,,,37342,4.0,4,,,,,,,,
,,,,,37345,3.0,3,,,,,,,,
,,,,,37348,3.0,3,,,,,,,,
,,,,,37353,5.0,5,,,,,,,,
,,,,,37356,3.0,3,,,,,,,,
,,,,,37359,3.0,3,,,,,,,,
,,,,,37362,3.0,3,,,,,,,,
,,,,,37365,3.0,3,,,,,,,,
,,,,,37368,3.0,3,,,,,,,,
,,,,,37372,4.0,4,,,,,,,,
,,,,,37375,3.0,3,,,,,,,,
,,,,,37378,3.0,3,,,,,,,,
,,,,,37382,4.0,4,,,,,,,,
,,,,,37386,4.0,4,,,,,,,,
,,,,,37392,6.0,6,,,,,,,,
,,,,,37395,3.0,3,,,,,,,,
,,,,,37398,3.0,3,,,,,,,,
,,,,,37401,3.0,3,,,,,,,,
,,,,,37404,3.0,3,,,,,,,,
,,,,,37407,3.0,3,,,,,,,,
,,,,,37410,3.0,3,,,,,,,,
,,,,,37413,3.0,3,,,,,,,,
,,,,,37416,3.0,3,,,,,,,,
,,,,,37419,3.0,3,,,,,,,,
,,,,,37422,3.0,3,,,,,,,,
,,,,,37425,3.0,3,,,,,,,,
,,,,,37428,3.0,3,,,,,,,,
,,,,,37432,4.0,4,,,,,,,,
,,,,,37435,3.0,3,,,,,,,,
,,,,,37439,4.0,4,,,,,,,,
,,,,,37442,3.0,3,,,,,,,,
,,,,,37445,3.0,3,,,,,,,,
,,,,,37448,3.0,3,,,,,,,,
,,,,,37451,3.0,3,,,,,,,,
,,,,,37455,4.0,4,,,,,,,,
,,,,,37458,3.0,3,,,,,,,,
,,,,,37461,3.0,3,,,,,,,,
,,,,,37464,3.0,3,,,,,,,,
,,,,,37467,3.0,3,,,,,,,,
,,,,,37470,3.0,3,,,,,,,,
,,,,,37473,3.0,3,,,,,,,,
,,,,,37476,3.0,3,,,,,,,,
,,,,,37479,3.0,3,,,,,,,,
,,,,,37482,3.0,3,,,,,,,,
,,,,,37485,3.0,3,,,,,,,,
,,,,,37490,5.0,5,,,,,,,,
,,,,,37494,4.0,4,,,,,,,,
,,,,,37497,3.0,3,,,,,,,,
,,,,,37502,5.0,5,,,,,,,,
,,,,,37505,3.0,3,,,,,,,,
,,,,,37508,3.0,3,,,,,,,,
,,,,,37511,3.0,3,,,,,,,,
,,,,,37514,3.0,3,,,,,,,,
,,,,,37517,3.0,3,,,,,,,,
,,,,,37520,3.0,3,,,,,,,,
,,,,,37524,4.0,4,,,,,,,,
,,,,,37527,3.0,3,,,,,,,,
,,,,,37530,3.0,3,,,,,,,,
,,,,,37533,3.0,3,,,,,,,,
,,,,,37536,3.0,3,,,,,,,,
,,,,,37539,3.0,3,,,,,,,,
,,,,,37542,3.0,3,,,,,,,,
,,,,,37545,3.0,3,,,,,,,,
,,,,,37548,3.0,3,,,,,,,,
,,,,,37551,3.0,3,,,,,,,,
,,,,,37554,3.0,3,,,,,,,,
,,,,,37557,3.0,3,,,,,,,,
,,,,,37560,3.0,3,,,,,,,,
,,,,,37563,3.0,3,,,,,,,,
,,,,,37566,3.0,3,,,,,,,,
,,,,,37569,3.0,3,,,,,,,,
,,,,,37572,3.0,3,,,,,,,,
,,,,,37575,3.0,3,,,,,,,,
,,,,,37578,3.0,3,,,,,,,,
,,,,,37581,3.0,3,,,,,,,,
,,,,,37584,3.0,3,,,,,,,,
,,,,,37589,5.0,5,,,,,,,,
,,,,,37592,3.0,3,,,,,,,,
,,,,,37595,3.0,3,,,,,,,,
,,,,,37598,3.0,3,,,,,,,,
,,,,,37601,3.0,3,,,,,,,,
,,,,,37604,3.0,3,,,,,,,,
,,,,,37607,3.0,3,,,,,,,,
,,,,,37610,3.0,3,,,,,,,,
,,,,,37613,3.0,3,,,,,,,,
,,,,,37616,3.0,3,,,,,,,,
,,,,,37619,3.0,3,,,,,,,,
,,,,,37622,3.0,3,,,,,,,,
,,,,,37625,3.0,3,,,,,,,,
,,,,,37629,4.0,4,,,,,,,,
,,,,,37632,3.0,3,,,,,,,,
,,,,,37635,3.0,3,,,,,,,,
,,,,,37638,3.0,3,,,,,,,,
,,,,,37641,3.0,3,,,,,,,,
,,,,,37644,3.0,3,,,,,,,,
,,,,,37647,3.0,3,,,,,,,,
,,,,,37650,3.0,3,,,,,,,,
,,,,,37653,3.0,3,,,,,,,,
,,,,,37656,3.0,3,,,,,,,,
,,,,,37660,4.0,4,,,,,,,,
,,,,,37663,3.0,3,,,,,,,,
,,,,,37666,3.0,3,,,,,,,,
,,,,,37669,3.0,3,,,,,,,,
,,,,,37672,3.0,3,,,,,,,,
,,,,,37675,3.0,3,,,,,,,,
,,,,,37679,4.0,4,,,,,,,,
,,,,,37682,3.0,3,,,,,,,,
,,,,,37691,9.0,9,,,,,,,,
,,,,,37694,3.0,3,,,,,,,,
,,,,,37697,3.0,3,,,,,,,,
,,,,,37700,3.0,3,,,,,,,,
,,,,,37704,4.0,4,,,,,,,,
,,,,,37707,3.0,3,,,,,,,,
,,,,,37710,3.0,3,,,,,,,,
,,,,,37713,3.0,3,,,,,,,,
,,,,,37716,3.0,3,,,,,,,,
,,,,,37719,3.0,3,,,,,,,,
,,,,,37722,3.0,3,,,,,,,,
,,,,,37725,3.0,3,,,,,,,,
,,,,,37730,5.0,5,,,,,,,,
,,,,,37733,3.0,3,,,,,,,,
,,,,,37736,3.0,3,,,,,,,,
,,,,,37740,4.0,4,,,,,,,,
,,,,,37743,3.0,3,,,,,,,,
,,,,,37746,3.0,3,,,,,,,,
,,,,,37749,3.0,3,,,,,,,,
,,,,,37752,3.0,3,,,,,,,,
,,,,,37755,3.0,3,,,,,,,,
,,,,,37758,3.0,3,,,,,,,,
,,,,,37762,4.0,4,,,,,,,,
,,,,,37765,3.0,3,,,,,,,,
,,,,,37769,4.0,4,,,,,,,,
,,,,,37772,3.0,3,,,,,,,,
,,,,,37776,4.0,4,,,,,,,,
,,,,,37779,3.0,3,,,,,,,,
,,,,,37782,3.0,3,,,,,,,,
,,,,,37785,3.0,3,,,,,,,,
,,,,,37788,3.0,3,,,,,,,,
,,,,,37792,4.0,4,,,,,,,,
,,,,,37797,5.0,5,,,,,,,,
,,,,,37800,3.0,3,,,,,,,,
,,,,,37803,3.0,3,,,,,,,,
,,,,,37808,5.0,5,,,,,,,,
,,,,,37811,3.0,3,,,,,,,,
,,,,,37815,4.0,4,,,,,,,,
,,,,,37818,3.0,3,,,,,,,,
,,,,,37821,3.0,3,,,,,,,,
,,,,,37825,4.0,4,,,,,,,,
,,,,,37828,3.0,3,,,,,,,,
,,,,,37831,3.0,3,,,,,,,,
,,,,,37835,4.0,4,,,,,,,,
,,,,,37838,3.0,3,,,,,,,,
,,,,,37841,3.0,3,,,,,,,,
,,,,,37844,3.0,3,,,,,,,,
,,,,,37847,3.0,3,,,,,,,,
,,,,,37850,3.0,3,,,,,,,,
,,,,,37853,3.0,3,,,,,,,,
,,,,,37856,3.0,3,,,,,,,,
,,,,,37859,3.0,3,,,,,,,,
,,,,,37862,3.0,3,,,,,,,,
,,,,,37866,4.0,4,,,,,,,,
,,,,,37869,3.0,3,,,,,,,,
,,,,,37872,3.0,3,,,,,,,,
,,,,,37876,4.0,4,,,,,,,,
,,,,,37879,3.0,3,,,,,,,,
,,,,,37882,3.0,3,,,,,,,,
,,,,,37885,3.0,3,,,,,,,,
,,,,,37889,4.0,4,,,,,,,,
,,,,,37892,3.0,3,,,,,,,,
,,,,,37896,4.0,4,,,,,,,,
,,,,,37899,3.0,3,,,,,,,,
,,,,,37902,3.0,3,,,,,,,,
,,,,,37905,3.0,3,,,,,,,,
,,,,,37909,4.0,4,,,,,,,,
,,,,,37914,5.0,5,,,,,,,,
,,,,,37917,3.0,3,,,,,,,,
,,,,,37920,3.0,3,,,,,,,,
,,,,,37923,3.0,3,,,,,,,,
,,,,,37926,3.0,3,,,,,,,,
,,,,,37929,3.0,3,,,,,,,,
,,,,,37932,3.0,3,,,,,,,,
,,,,,37935,3.0,3,,,,,,,,
,,,,,37938,3.0,3,,,,,,,,
,,,,,37941,3.0,3,,,,,,,,
,,,,,37944,3.0,3,,,,,,,,
,,,,,37947,3.0,3,,,,,,,,
,,,,,37950,3.0,3,,,,,,,,
,,,,,37953,3.0,3,,,,,,,,
,,,,,37956,3.0,3,,,,,,,,
,,,,,37959,3.0,3,,,,,,,,
,,,,,37963,4.0,4,,,,,,,,
,,,,,37966,3.0,3,,,,,,,,
,,,,,37969,3.0,3,,,,,,,,
,,,,,37972,3.0,3,,,,,,,,
,,,,,37975,3.0,3,,,,,,,,
,,,,,37978,3.0,3,,,,,,,,
,,,,,37981,3.0,3,,,,,,,,
,,,,,37984,3.0,3,,,,,,,,
,,,,,37987,3.0,3,,,,,,,,
,,,,,37990,3.0,3,,,,,,,,
,,,,,37993,3.0,3,,,,,,,,
,,,,,37996,3.0,3,,,,,,,,
,,,,,37999,3.0,3,,,,,,,,
,,,,,38000,,,0.543412983417511,-5.43412971496582,0.020321466028690338,1.5228365659713745,1.5163195133209229,0.0003,0.0003,0.1
,,,,,38002,3.0,3,,,,,,,,
,,,,,38005,3.0,3,,,,,,,,
,,,,,38008,3.0,3,,,,,,,,
,,,,,38011,3.0,3,,,,,,,,
,,,,,38015,4.0,4,,,,,,,,
,,,,,38020,5.0,5,,,,,,,,
,,,,,38023,3.0,3,,,,,,,,
,,,,,38026,3.0,3,,,,,,,,
,,,,,38029,3.0,3,,,,,,,,
,,,,,38033,4.0,4,,,,,,,,
,,,,,38036,3.0,3,,,,,,,,
,,,,,38039,3.0,3,,,,,,,,
,,,,,38042,3.0,3,,,,,,,,
,,,,,38045,3.0,3,,,,,,,,
,,,,,38048,3.0,3,,,,,,,,
,,,,,38051,3.0,3,,,,,,,,
,,,,,38054,3.0,3,,,,,,,,
,,,,,38057,3.0,3,,,,,,,,
,,,,,38060,3.0,3,,,,,,,,
,,,,,38063,3.0,3,,,,,,,,
,,,,,38066,3.0,3,,,,,,,,
,,,,,38069,3.0,3,,,,,,,,
,,,,,38072,3.0,3,,,,,,,,
,,,,,38075,3.0,3,,,,,,,,
,,,,,38078,3.0,3,,,,,,,,
,,,,,38081,3.0,3,,,,,,,,
,,,,,38084,3.0,3,,,,,,,,
,,,,,38087,3.0,3,,,,,,,,
,,,,,38090,3.0,3,,,,,,,,
,,,,,38093,3.0,3,,,,,,,,
,,,,,38096,3.0,3,,,,,,,,
,,,,,38100,4.0,4,,,,,,,,
,,,,,38103,3.0,3,,,,,,,,
,,,,,38106,3.0,3,,,,,,,,
,,,,,38109,3.0,3,,,,,,,,
,,,,,38112,3.0,3,,,,,,,,
,,,,,38115,3.0,3,,,,,,,,
,,,,,38120,5.0,5,,,,,,,,
,,,,,38123,3.0,3,,,,,,,,
,,,,,38126,3.0,3,,,,,,,,
,,,,,38129,3.0,3,,,,,,,,
,,,,,38132,3.0,3,,,,,,,,
,,,,,38135,3.0,3,,,,,,,,
,,,,,38138,3.0,3,,,,,,,,
,,,,,38141,3.0,3,,,,,,,,
,,,,,38144,3.0,3,,,,,,,,
,,,,,38148,4.0,4,,,,,,,,
,,,,,38151,3.0,3,,,,,,,,
,,,,,38154,3.0,3,,,,,,,,
,,,,,38157,3.0,3,,,,,,,,
,,,,,38160,3.0,3,,,,,,,,
,,,,,38163,3.0,3,,,,,,,,
,,,,,38167,4.0,4,,,,,,,,
,,,,,38170,3.0,3,,,,,,,,
,,,,,38175,5.0,5,,,,,,,,
,,,,,38178,3.0,3,,,,,,,,
,,,,,38182,4.0,4,,,,,,,,
,,,,,38185,3.0,3,,,,,,,,
,,,,,38188,3.0,3,,,,,,,,
,,,,,38191,3.0,3,,,,,,,,
,,,,,38196,5.0,5,,,,,,,,
,,,,,38199,3.0,3,,,,,,,,
,,,,,38202,3.0,3,,,,,,,,
,,,,,38206,4.0,4,,,,,,,,
,,,,,38210,4.0,4,,,,,,,,
,,,,,38213,3.0,3,,,,,,,,
,,,,,38216,3.0,3,,,,,,,,
,,,,,38219,3.0,3,,,,,,,,
,,,,,38222,3.0,3,,,,,,,,
,,,,,38226,4.0,4,,,,,,,,
,,,,,38229,3.0,3,,,,,,,,
,,,,,38233,4.0,4,,,,,,,,
,,,,,38236,3.0,3,,,,,,,,
,,,,,38239,3.0,3,,,,,,,,
,,,,,38242,3.0,3,,,,,,,,
,,,,,38245,3.0,3,,,,,,,,
,,,,,38250,5.0,5,,,,,,,,
,,,,,38254,4.0,4,,,,,,,,
,,,,,38257,3.0,3,,,,,,,,
,,,,,38261,4.0,4,,,,,,,,
,,,,,38264,3.0,3,,,,,,,,
,,,,,38267,3.0,3,,,,,,,,
,,,,,38270,3.0,3,,,,,,,,
,,,,,38273,3.0,3,,,,,,,,
,,,,,38276,3.0,3,,,,,,,,
,,,,,38279,3.0,3,,,,,,,,
,,,,,38282,3.0,3,,,,,,,,
,,,,,38285,3.0,3,,,,,,,,
,,,,,38289,4.0,4,,,,,,,,
,,,,,38292,3.0,3,,,,,,,,
,,,,,38296,4.0,4,,,,,,,,
,,,,,38299,3.0,3,,,,,,,,
,,,,,38302,3.0,3,,,,,,,,
,,,,,38305,3.0,3,,,,,,,,
,,,,,38308,3.0,3,,,,,,,,
,,,,,38313,5.0,5,,,,,,,,
,,,,,38316,3.0,3,,,,,,,,
,,,,,38321,5.0,5,,,,,,,,
,,,,,38324,3.0,3,,,,,,,,
,,,,,38327,3.0,3,,,,,,,,
,,,,,38330,3.0,3,,,,,,,,
,,,,,38336,6.0,6,,,,,,,,
,,,,,38339,3.0,3,,,,,,,,
,,,,,38342,3.0,3,,,,,,,,
,,,,,38345,3.0,3,,,,,,,,
,,,,,38348,3.0,3,,,,,,,,
,,,,,38351,3.0,3,,,,,,,,
,,,,,38354,3.0,3,,,,,,,,
,,,,,38357,3.0,3,,,,,,,,
,,,,,38363,6.0,6,,,,,,,,
,,,,,38368,5.0,5,,,,,,,,
,,,,,38371,3.0,3,,,,,,,,
,,,,,38374,3.0,3,,,,,,,,
,,,,,38377,3.0,3,,,,,,,,
,,,,,38380,3.0,3,,,,,,,,
,,,,,38383,3.0,3,,,,,,,,
,,,,,38387,4.0,4,,,,,,,,
,,,,,38390,3.0,3,,,,,,,,
,,,,,38394,4.0,4,,,,,,,,
,,,,,38397,3.0,3,,,,,,,,
,,,,,38403,6.0,6,,,,,,,,
,,,,,38406,3.0,3,,,,,,,,
,,,,,38410,4.0,4,,,,,,,,
,,,,,38417,7.0,7,,,,,,,,
,,,,,38420,3.0,3,,,,,,,,
,,,,,38423,3.0,3,,,,,,,,
,,,,,38426,3.0,3,,,,,,,,
,,,,,38429,3.0,3,,,,,,,,
,,,,,38432,3.0,3,,,,,,,,
,,,,,38436,4.0,4,,,,,,,,
,,,,,38439,3.0,3,,,,,,,,
,,,,,38442,3.0,3,,,,,,,,
,,,,,38446,4.0,4,,,,,,,,
,,,,,38449,3.0,3,,,,,,,,
,,,,,38453,4.0,4,,,,,,,,
,,,,,38456,3.0,3,,,,,,,,
,,,,,38459,3.0,3,,,,,,,,
,,,,,38462,3.0,3,,,,,,,,
,,,,,38465,3.0,3,,,,,,,,
,,,,,38468,3.0,3,,,,,,,,
,,,,,38472,4.0,4,,,,,,,,
,,,,,38475,3.0,3,,,,,,,,
,,,,,38478,3.0,3,,,,,,,,
,,,,,38481,3.0,3,,,,,,,,
,,,,,38484,3.0,3,,,,,,,,
,,,,,38487,3.0,3,,,,,,,,
,,,,,38490,3.0,3,,,,,,,,
,,,,,38493,3.0,3,,,,,,,,
,,,,,38496,3.0,3,,,,,,,,
,,,,,38499,3.0,3,,,,,,,,
,,,,,38503,4.0,4,,,,,,,,
,,,,,38506,3.0,3,,,,,,,,
,,,,,38509,3.0,3,,,,,,,,
,,,,,38512,3.0,3,,,,,,,,
,,,,,38515,3.0,3,,,,,,,,
,,,,,38518,3.0,3,,,,,,,,
,,,,,38521,3.0,3,,,,,,,,
,,,,,38524,3.0,3,,,,,,,,
,,,,,38527,3.0,3,,,,,,,,
,,,,,38530,3.0,3,,,,,,,,
,,,,,38534,4.0,4,,,,,,,,
,,,,,38537,3.0,3,,,,,,,,
,,,,,38540,3.0,3,,,,,,,,
,,,,,38543,3.0,3,,,,,,,,
,,,,,38546,3.0,3,,,,,,,,
,,,,,38549,3.0,3,,,,,,,,
,,,,,38552,3.0,3,,,,,,,,
,,,,,38555,3.0,3,,,,,,,,
,,,,,38558,3.0,3,,,,,,,,
,,,,,38561,3.0,3,,,,,,,,
,,,,,38564,3.0,3,,,,,,,,
,,,,,38568,4.0,4,,,,,,,,
,,,,,38571,3.0,3,,,,,,,,
,,,,,38574,3.0,3,,,,,,,,
,,,,,38577,3.0,3,,,,,,,,
,,,,,38580,3.0,3,,,,,,,,
,,,,,38583,3.0,3,,,,,,,,
,,,,,38588,5.0,5,,,,,,,,
,,,,,38591,3.0,3,,,,,,,,
,,,,,38595,4.0,4,,,,,,,,
,,,,,38598,3.0,3,,,,,,,,
,,,,,38601,3.0,3,,,,,,,,
,,,,,38604,3.0,3,,,,,,,,
,,,,,38609,5.0,5,,,,,,,,
,,,,,38612,3.0,3,,,,,,,,
,,,,,38617,5.0,5,,,,,,,,
,,,,,38621,4.0,4,,,,,,,,
,,,,,38624,3.0,3,,,,,,,,
,,,,,38627,3.0,3,,,,,,,,
,,,,,38630,3.0,3,,,,,,,,
,,,,,38633,3.0,3,,,,,,,,
,,,,,38637,4.0,4,,,,,,,,
,,,,,38640,3.0,3,,,,,,,,
,,,,,38643,3.0,3,,,,,,,,
,,,,,38646,3.0,3,,,,,,,,
,,,,,38650,4.0,4,,,,,,,,
,,,,,38653,3.0,3,,,,,,,,
,,,,,38656,3.0,3,,,,,,,,
,,,,,38659,3.0,3,,,,,,,,
,,,,,38662,3.0,3,,,,,,,,
,,,,,38665,3.0,3,,,,,,,,
,,,,,38668,3.0,3,,,,,,,,
,,,,,38671,3.0,3,,,,,,,,
,,,,,38674,3.0,3,,,,,,,,
,,,,,38677,3.0,3,,,,,,,,
,,,,,38680,3.0,3,,,,,,,,
,,,,,38683,3.0,3,,,,,,,,
,,,,,38686,3.0,3,,,,,,,,
,,,,,38691,5.0,5,,,,,,,,
,,,,,38695,4.0,4,,,,,,,,
,,,,,38698,3.0,3,,,,,,,,
,,,,,38701,3.0,3,,,,,,,,
,,,,,38704,3.0,3,,,,,,,,
,,,,,38707,3.0,3,,,,,,,,
,,,,,38710,3.0,3,,,,,,,,
,,,,,38713,3.0,3,,,,,,,,
,,,,,38716,3.0,3,,,,,,,,
,,,,,38720,4.0,4,,,,,,,,
,,,,,38723,3.0,3,,,,,,,,
,,,,,38726,3.0,3,,,,,,,,
,,,,,38729,3.0,3,,,,,,,,
,,,,,38733,4.0,4,,,,,,,,
,,,,,38737,4.0,4,,,,,,,,
,,,,,38740,3.0,3,,,,,,,,
,,,,,38743,3.0,3,,,,,,,,
,,,,,38747,4.0,4,,,,,,,,
,,,,,38751,4.0,4,,,,,,,,
,,,,,38754,3.0,3,,,,,,,,
,,,,,38757,3.0,3,,,,,,,,
,,,,,38765,8.0,8,,,,,,,,
,,,,,38768,3.0,3,,,,,,,,
,,,,,38772,4.0,4,,,,,,,,
,,,,,38780,8.0,8,,,,,,,,
,,,,,38783,3.0,3,,,,,,,,
,,,,,38790,7.0,7,,,,,,,,
,,,,,38795,5.0,5,,,,,,,,
,,,,,38799,4.0,4,,,,,,,,
,,,,,38802,3.0,3,,,,,,,,
,,,,,38807,5.0,5,,,,,,,,
,,,,,38810,3.0,3,,,,,,,,
,,,,,38813,3.0,3,,,,,,,,
,,,,,38816,3.0,3,,,,,,,,
,,,,,38819,3.0,3,,,,,,,,
,,,,,38822,3.0,3,,,,,,,,
,,,,,38825,3.0,3,,,,,,,,
,,,,,38828,3.0,3,,,,,,,,
,,,,,38831,3.0,3,,,,,,,,
,,,,,38834,3.0,3,,,,,,,,
,,,,,38837,3.0,3,,,,,,,,
,,,,,38840,3.0,3,,,,,,,,
,,,,,38843,3.0,3,,,,,,,,
,,,,,38846,3.0,3,,,,,,,,
,,,,,38850,4.0,4,,,,,,,,
,,,,,38853,3.0,3,,,,,,,,
,,,,,38856,3.0,3,,,,,,,,
,,,,,38859,3.0,3,,,,,,,,
,,,,,38862,3.0,3,,,,,,,,
,,,,,38865,3.0,3,,,,,,,,
,,,,,38869,4.0,4,,,,,,,,
,,,,,38872,3.0,3,,,,,,,,
,,,,,38875,3.0,3,,,,,,,,
,,,,,38878,3.0,3,,,,,,,,
,,,,,38881,3.0,3,,,,,,,,
,,,,,38884,3.0,3,,,,,,,,
,,,,,38887,3.0,3,,,,,,,,
,,,,,38890,3.0,3,,,,,,,,
,,,,,38893,3.0,3,,,,,,,,
,,,,,38896,3.0,3,,,,,,,,
,,,,,38899,3.0,3,,,,,,,,
,,,,,38903,4.0,4,,,,,,,,
,,,,,38906,3.0,3,,,,,,,,
,,,,,38909,3.0,3,,,,,,,,
,,,,,38912,3.0,3,,,,,,,,
,,,,,38915,3.0,3,,,,,,,,
,,,,,38918,3.0,3,,,,,,,,
,,,,,38921,3.0,3,,,,,,,,
,,,,,38925,4.0,4,,,,,,,,
,,,,,38928,3.0,3,,,,,,,,
,,,,,38931,3.0,3,,,,,,,,
,,,,,38934,3.0,3,,,,,,,,
,,,,,38937,3.0,3,,,,,,,,
,,,,,38940,3.0,3,,,,,,,,
,,,,,38943,3.0,3,,,,,,,,
,,,,,38946,3.0,3,,,,,,,,
,,,,,38951,5.0,5,,,,,,,,
,,,,,38954,3.0,3,,,,,,,,
,,,,,38957,3.0,3,,,,,,,,
,,,,,38960,3.0,3,,,,,,,,
,,,,,38963,3.0,3,,,,,,,,
,,,,,38966,3.0,3,,,,,,,,
,,,,,38970,4.0,4,,,,,,,,
,,,,,38973,3.0,3,,,,,,,,
,,,,,38976,3.0,3,,,,,,,,
,,,,,38979,3.0,3,,,,,,,,
,,,,,38982,3.0,3,,,,,,,,
,,,,,38985,3.0,3,,,,,,,,
,,,,,38988,3.0,3,,,,,,,,
,,,,,38991,3.0,3,,,,,,,,
,,,,,38994,3.0,3,,,,,,,,
,,,,,38997,3.0,3,,,,,,,,
,,,,,39000,3.0,3,,,,,,,,
,,,,,39000,,,0.36512336134910583,-3.651233673095703,0.07669872045516968,1.775346040725708,1.7392572164535522,0.0003,0.0003,0.1
,,,,,39003,3.0,3,,,,,,,,
,,,,,39006,3.0,3,,,,,,,,
,,,,,39009,3.0,3,,,,,,,,
,,,,,39014,5.0,5,,,,,,,,
,,,,,39020,6.0,6,,,,,,,,
,,,,,39023,3.0,3,,,,,,,,
,,,,,39028,5.0,5,,,,,,,,
,,,,,39031,3.0,3,,,,,,,,
,,,,,39036,5.0,5,,,,,,,,
,,,,,39039,3.0,3,,,,,,,,
,,,,,39042,3.0,3,,,,,,,,
,,,,,39045,3.0,3,,,,,,,,
,,,,,39048,3.0,3,,,,,,,,
,,,,,39053,5.0,5,,,,,,,,
,,,,,39056,3.0,3,,,,,,,,
,,,,,39059,3.0,3,,,,,,,,
,,,,,39062,3.0,3,,,,,,,,
,,,,,39065,3.0,3,,,,,,,,
,,,,,39068,3.0,3,,,,,,,,
,,,,,39071,3.0,3,,,,,,,,
,,,,,39074,3.0,3,,,,,,,,
,,,,,39078,4.0,4,,,,,,,,
,,,,,39081,3.0,3,,,,,,,,
,,,,,39084,3.0,3,,,,,,,,
,,,,,39087,3.0,3,,,,,,,,
,,,,,39091,4.0,4,,,,,,,,
,,,,,39094,3.0,3,,,,,,,,
,,,,,39098,4.0,4,,,,,,,,
,,,,,39102,4.0,4,,,,,,,,
,,,,,39105,3.0,3,,,,,,,,
,,,,,39109,4.0,4,,,,,,,,
,,,,,39112,3.0,3,,,,,,,,
,,,,,39115,3.0,3,,,,,,,,
,,,,,39118,3.0,3,,,,,,,,
,,,,,39121,3.0,3,,,,,,,,
,,,,,39124,3.0,3,,,,,,,,
,,,,,39127,3.0,3,,,,,,,,
,,,,,39130,3.0,3,,,,,,,,
,,,,,39134,4.0,4,,,,,,,,
,,,,,39137,3.0,3,,,,,,,,
,,,,,39140,3.0,3,,,,,,,,
,,,,,39143,3.0,3,,,,,,,,
,,,,,39146,3.0,3,,,,,,,,
,,,,,39149,3.0,3,,,,,,,,
,,,,,39152,3.0,3,,,,,,,,
,,,,,39155,3.0,3,,,,,,,,
,,,,,39158,3.0,3,,,,,,,,
,,,,,39166,8.0,8,,,,,,,,
,,,,,39169,3.0,3,,,,,,,,
,,,,,39182,13.0,13,,,,,,,,
,,,,,39185,3.0,3,,,,,,,,
,,,,,39188,3.0,3,,,,,,,,
,,,,,39191,3.0,3,,,,,,,,
,,,,,39194,3.0,3,,,,,,,,
,,,,,39197,3.0,3,,,,,,,,
,,,,,39200,3.0,3,,,,,,,,
,,,,,39203,3.0,3,,,,,,,,
,,,,,39206,3.0,3,,,,,,,,
,,,,,39210,4.0,4,,,,,,,,
,,,,,39213,3.0,3,,,,,,,,
,,,,,39216,3.0,3,,,,,,,,
,,,,,39222,6.0,6,,,,,,,,
,,,,,39228,6.0,6,,,,,,,,
,,,,,39231,3.0,3,,,,,,,,
,,,,,39235,4.0,4,,,,,,,,
,,,,,39239,4.0,4,,,,,,,,
,,,,,39246,7.0,7,,,,,,,,
,,,,,39249,3.0,3,,,,,,,,
,,,,,39252,3.0,3,,,,,,,,
,,,,,39255,3.0,3,,,,,,,,
,,,,,39258,3.0,3,,,,,,,,
,,,,,39263,5.0,5,,,,,,,,
,,,,,39266,3.0,3,,,,,,,,
,,,,,39273,7.0,7,,,,,,,,
,,,,,39276,3.0,3,,,,,,,,
,,,,,39279,3.0,3,,,,,,,,
,,,,,39282,3.0,3,,,,,,,,
,,,,,39287,5.0,5,,,,,,,,
,,,,,39292,5.0,5,,,,,,,,
,,,,,39301,9.0,9,,,,,,,,
,,,,,39304,3.0,3,,,,,,,,
,,,,,39307,3.0,3,,,,,,,,
,,,,,39311,4.0,4,,,,,,,,
,,,,,39315,4.0,4,,,,,,,,
,,,,,39318,3.0,3,,,,,,,,
,,,,,39322,4.0,4,,,,,,,,
,,,,,39325,3.0,3,,,,,,,,
,,,,,39328,3.0,3,,,,,,,,
,,,,,39331,3.0,3,,,,,,,,
,,,,,39339,8.0,8,,,,,,,,
,,,,,39342,3.0,3,,,,,,,,
,,,,,39348,6.0,6,,,,,,,,
,,,,,39355,7.0,7,,,,,,,,
,,,,,39358,3.0,3,,,,,,,,
,,,,,39362,4.0,4,,,,,,,,
,,,,,39365,3.0,3,,,,,,,,
,,,,,39368,3.0,3,,,,,,,,
,,,,,39372,4.0,4,,,,,,,,
,,,,,39375,3.0,3,,,,,,,,
,,,,,39378,3.0,3,,,,,,,,
,,,,,39383,5.0,5,,,,,,,,
,,,,,39386,3.0,3,,,,,,,,
,,,,,39389,3.0,3,,,,,,,,
,,,,,39392,3.0,3,,,,,,,,
,,,,,39395,3.0,3,,,,,,,,
,,,,,39401,6.0,6,,,,,,,,
,,,,,39404,3.0,3,,,,,,,,
,,,,,39408,4.0,4,,,,,,,,
,,,,,39411,3.0,3,,,,,,,,
,,,,,39415,4.0,4,,,,,,,,
,,,,,39421,6.0,6,,,,,,,,
,,,,,39424,3.0,3,,,,,,,,
,,,,,39427,3.0,3,,,,,,,,
,,,,,39430,3.0,3,,,,,,,,
,,,,,39433,3.0,3,,,,,,,,
,,,,,39436,3.0,3,,,,,,,,
,,,,,39448,12.0,12,,,,,,,,
,,,,,39452,4.0,4,,,,,,,,
,,,,,39455,3.0,3,,,,,,,,
,,,,,39458,3.0,3,,,,,,,,
,,,,,39463,5.0,5,,,,,,,,
,,,,,39470,7.0,7,,,,,,,,
,,,,,39473,3.0,3,,,,,,,,
,,,,,39476,3.0,3,,,,,,,,
,,,,,39480,4.0,4,,,,,,,,
,,,,,39483,3.0,3,,,,,,,,
,,,,,39486,3.0,3,,,,,,,,
,,,,,39490,4.0,4,,,,,,,,
,,,,,39493,3.0,3,,,,,,,,
,,,,,39496,3.0,3,,,,,,,,
,,,,,39499,3.0,3,,,,,,,,
,,,,,39502,3.0,3,,,,,,,,
,,,,,39505,3.0,3,,,,,,,,
,,,,,39508,3.0,3,,,,,,,,
,,,,,39511,3.0,3,,,,,,,,
,,,,,39514,3.0,3,,,,,,,,
,,,,,39517,3.0,3,,,,,,,,
,,,,,39523,6.0,6,,,,,,,,
,,,,,39526,3.0,3,,,,,,,,
,,,,,39530,4.0,4,,,,,,,,
,,,,,39533,3.0,3,,,,,,,,
,,,,,39536,3.0,3,,,,,,,,
,,,,,39540,4.0,4,,,,,,,,
,,,,,39543,3.0,3,,,,,,,,
,,,,,39546,3.0,3,,,,,,,,
,,,,,39549,3.0,3,,,,,,,,
,,,,,39552,3.0,3,,,,,,,,
,,,,,39555,3.0,3,,,,,,,,
,,,,,39564,9.0,9,,,,,,,,
,,,,,39567,3.0,3,,,,,,,,
,,,,,39575,8.0,8,,,,,,,,
,,,,,39578,3.0,3,,,,,,,,
,,,,,39584,6.0,6,,,,,,,,
,,,,,39587,3.0,3,,,,,,,,
,,,,,39590,3.0,3,,,,,,,,
,,,,,39593,3.0,3,,,,,,,,
,,,,,39596,3.0,3,,,,,,,,
,,,,,39599,3.0,3,,,,,,,,
,,,,,39602,3.0,3,,,,,,,,
,,,,,39605,3.0,3,,,,,,,,
,,,,,39608,3.0,3,,,,,,,,
,,,,,39613,5.0,5,,,,,,,,
,,,,,39616,3.0,3,,,,,,,,
,,,,,39622,6.0,6,,,,,,,,
,,,,,39629,7.0,7,,,,,,,,
,,,,,39632,3.0,3,,,,,,,,
,,,,,39635,3.0,3,,,,,,,,
,,,,,39638,3.0,3,,,,,,,,
,,,,,39641,3.0,3,,,,,,,,
,,,,,39644,3.0,3,,,,,,,,
,,,,,39649,5.0,5,,,,,,,,
,,,,,39652,3.0,3,,,,,,,,
,,,,,39658,6.0,6,,,,,,,,
,,,,,39661,3.0,3,,,,,,,,
,,,,,39664,3.0,3,,,,,,,,
,,,,,39667,3.0,3,,,,,,,,
,,,,,39670,3.0,3,,,,,,,,
,,,,,39673,3.0,3,,,,,,,,
,,,,,39678,5.0,5,,,,,,,,
,,,,,39681,3.0,3,,,,,,,,
,,,,,39684,3.0,3,,,,,,,,
,,,,,39687,3.0,3,,,,,,,,
,,,,,39691,4.0,4,,,,,,,,
,,,,,39697,6.0,6,,,,,,,,
,,,,,39701,4.0,4,,,,,,,,
,,,,,39704,3.0,3,,,,,,,,
,,,,,39708,4.0,4,,,,,,,,
,,,,,39711,3.0,3,,,,,,,,
,,,,,39714,3.0,3,,,,,,,,
,,,,,39718,4.0,4,,,,,,,,
,,,,,39721,3.0,3,,,,,,,,
,,,,,39725,4.0,4,,,,,,,,
,,,,,39728,3.0,3,,,,,,,,
,,,,,39731,3.0,3,,,,,,,,
,,,,,39734,3.0,3,,,,,,,,
,,,,,39737,3.0,3,,,,,,,,
,,,,,39740,3.0,3,,,,,,,,
,,,,,39743,3.0,3,,,,,,,,
,,,,,39746,3.0,3,,,,,,,,
,,,,,39749,3.0,3,,,,,,,,
,,,,,39752,3.0,3,,,,,,,,
,,,,,39755,3.0,3,,,,,,,,
,,,,,39758,3.0,3,,,,,,,,
,,,,,39761,3.0,3,,,,,,,,
,,,,,39764,3.0,3,,,,,,,,
,,,,,39769,5.0,5,,,,,,,,
,,,,,39772,3.0,3,,,,,,,,
,,,,,39775,3.0,3,,,,,,,,
,,,,,39778,3.0,3,,,,,,,,
,,,,,39781,3.0,3,,,,,,,,
,,,,,39784,3.0,3,,,,,,,,
,,,,,39787,3.0,3,,,,,,,,
,,,,,39790,3.0,3,,,,,,,,
,,,,,39794,4.0,4,,,,,,,,
,,,,,39801,7.0,7,,,,,,,,
,,,,,39804,3.0,3,,,,,,,,
,,,,,39815,11.0,11,,,,,,,,
,,,,,39820,5.0,5,,,,,,,,
,,,,,39828,8.0,8,,,,,,,,
,,,,,39831,3.0,3,,,,,,,,
,,,,,39836,5.0,5,,,,,,,,
,,,,,39839,3.0,3,,,,,,,,
,,,,,39842,3.0,3,,,,,,,,
,,,,,39845,3.0,3,,,,,,,,
,,,,,39848,3.0,3,,,,,,,,
,,,,,39852,4.0,4,,,,,,,,
,,,,,39855,3.0,3,,,,,,,,
,,,,,39862,7.0,7,,,,,,,,
,,,,,39865,3.0,3,,,,,,,,
,,,,,39868,3.0,3,,,,,,,,
,,,,,39871,3.0,3,,,,,,,,
,,,,,39874,3.0,3,,,,,,,,
,,,,,39878,4.0,4,,,,,,,,
,,,,,39881,3.0,3,,,,,,,,
,,,,,39887,6.0,6,,,,,,,,
,,,,,39893,6.0,6,,,,,,,,
,,,,,39899,6.0,6,,,,,,,,
,,,,,39902,3.0,3,,,,,,,,
,,,,,39908,6.0,6,,,,,,,,
,,,,,39914,6.0,6,,,,,,,,
,,,,,39917,3.0,3,,,,,,,,
,,,,,39920,3.0,3,,,,,,,,
,,,,,39923,3.0,3,,,,,,,,
,,,,,39926,3.0,3,,,,,,,,
,,,,,39929,3.0,3,,,,,,,,
,,,,,39932,3.0,3,,,,,,,,
,,,,,39936,4.0,4,,,,,,,,
,,,,,39939,3.0,3,,,,,,,,
,,,,,39942,3.0,3,,,,,,,,
,,,,,39945,3.0,3,,,,,,,,
,,,,,39948,3.0,3,,,,,,,,
,,,,,39951,3.0,3,,,,,,,,
,,,,,39956,5.0,5,,,,,,,,
,,,,,39959,3.0,3,,,,,,,,
,,,,,39962,3.0,3,,,,,,,,
,,,,,39965,3.0,3,,,,,,,,
,,,,,39970,5.0,5,,,,,,,,
,,,,,39975,5.0,5,,,,,,,,
,,,,,39978,3.0,3,,,,,,,,
,,,,,39984,6.0,6,,,,,,,,
,,,,,39988,4.0,4,,,,,,,,
,,,,,39991,3.0,3,,,,,,,,
,,,,,39994,3.0,3,,,,,,,,
,,,,,39997,3.0,3,,,,,,,,
,,,,,40000,3.0,3,,,,,,,,
3.5,0.92195445,6.0,3.0,3.5,40000,,,0.3986533582210541,-3.9865336418151855,0.07759749889373779,1.862555980682373,1.833847165107727,0.0003,0.0003,0.1
,,,,,40004,4.0,4,,,,,,,,
,,,,,40007,3.0,3,,,,,,,,
,,,,,40010,3.0,3,,,,,,,,
,,,,,40013,3.0,3,,,,,,,,
,,,,,40016,3.0,3,,,,,,,,
,,,,,40019,3.0,3,,,,,,,,
,,,,,40023,4.0,4,,,,,,,,
,,,,,40026,3.0,3,,,,,,,,
,,,,,40029,3.0,3,,,,,,,,
,,,,,40032,3.0,3,,,,,,,,
,,,,,40041,9.0,9,,,,,,,,
,,,,,40046,5.0,5,,,,,,,,
,,,,,40049,3.0,3,,,,,,,,
,,,,,40053,4.0,4,,,,,,,,
,,,,,40056,3.0,3,,,,,,,,
,,,,,40059,3.0,3,,,,,,,,
,,,,,40063,4.0,4,,,,,,,,
,,,,,40070,7.0,7,,,,,,,,
,,,,,40076,6.0,6,,,,,,,,
,,,,,40079,3.0,3,,,,,,,,
,,,,,40083,4.0,4,,,,,,,,
,,,,,40086,3.0,3,,,,,,,,
,,,,,40089,3.0,3,,,,,,,,
,,,,,40092,3.0,3,,,,,,,,
,,,,,40095,3.0,3,,,,,,,,
,,,,,40098,3.0,3,,,,,,,,
,,,,,40101,3.0,3,,,,,,,,
,,,,,40104,3.0,3,,,,,,,,
,,,,,40107,3.0,3,,,,,,,,
,,,,,40110,3.0,3,,,,,,,,
,,,,,40115,5.0,5,,,,,,,,
,,,,,40118,3.0,3,,,,,,,,
,,,,,40121,3.0,3,,,,,,,,
,,,,,40124,3.0,3,,,,,,,,
,,,,,40128,4.0,4,,,,,,,,
,,,,,40131,3.0,3,,,,,,,,
,,,,,40134,3.0,3,,,,,,,,
,,,,,40137,3.0,3,,,,,,,,
,,,,,40140,3.0,3,,,,,,,,
,,,,,40143,3.0,3,,,,,,,,
,,,,,40146,3.0,3,,,,,,,,
,,,,,40149,3.0,3,,,,,,,,
,,,,,40152,3.0,3,,,,,,,,
,,,,,40155,3.0,3,,,,,,,,
,,,,,40158,3.0,3,,,,,,,,
,,,,,40165,7.0,7,,,,,,,,
,,,,,40169,4.0,4,,,,,,,,
,,,,,40172,3.0,3,,,,,,,,
,,,,,40176,4.0,4,,,,,,,,
,,,,,40183,7.0,7,,,,,,,,
,,,,,40186,3.0,3,,,,,,,,
,,,,,40191,5.0,5,,,,,,,,
,,,,,40194,3.0,3,,,,,,,,
,,,,,40197,3.0,3,,,,,,,,
,,,,,40201,4.0,4,,,,,,,,
,,,,,40206,5.0,5,,,,,,,,
,,,,,40209,3.0,3,,,,,,,,
,,,,,40212,3.0,3,,,,,,,,
,,,,,40215,3.0,3,,,,,,,,
,,,,,40218,3.0,3,,,,,,,,
,,,,,40223,5.0,5,,,,,,,,
,,,,,40226,3.0,3,,,,,,,,
,,,,,40236,10.0,10,,,,,,,,
,,,,,40239,3.0,3,,,,,,,,
,,,,,40243,4.0,4,,,,,,,,
,,,,,40246,3.0,3,,,,,,,,
,,,,,40249,3.0,3,,,,,,,,
,,,,,40252,3.0,3,,,,,,,,
,,,,,40255,3.0,3,,,,,,,,
,,,,,40260,5.0,5,,,,,,,,
,,,,,40266,6.0,6,,,,,,,,
,,,,,40270,4.0,4,,,,,,,,
,,,,,40273,3.0,3,,,,,,,,
,,,,,40276,3.0,3,,,,,,,,
,,,,,40279,3.0,3,,,,,,,,
,,,,,40282,3.0,3,,,,,,,,
,,,,,40290,8.0,8,,,,,,,,
,,,,,40293,3.0,3,,,,,,,,
,,,,,40296,3.0,3,,,,,,,,
,,,,,40301,5.0,5,,,,,,,,
,,,,,40304,3.0,3,,,,,,,,
,,,,,40308,4.0,4,,,,,,,,
,,,,,40313,5.0,5,,,,,,,,
,,,,,40316,3.0,3,,,,,,,,
,,,,,40319,3.0,3,,,,,,,,
,,,,,40322,3.0,3,,,,,,,,
,,,,,40325,3.0,3,,,,,,,,
,,,,,40328,3.0,3,,,,,,,,
,,,,,40331,3.0,3,,,,,,,,
,,,,,40339,8.0,8,,,,,,,,
,,,,,40342,3.0,3,,,,,,,,
,,,,,40345,3.0,3,,,,,,,,
,,,,,40348,3.0,3,,,,,,,,
,,,,,40352,4.0,4,,,,,,,,
,,,,,40358,6.0,6,,,,,,,,
,,,,,40363,5.0,5,,,,,,,,
,,,,,40370,7.0,7,,,,,,,,
,,,,,40373,3.0,3,,,,,,,,
,,,,,40377,4.0,4,,,,,,,,
,,,,,40380,3.0,3,,,,,,,,
,,,,,40383,3.0,3,,,,,,,,
,,,,,40386,3.0,3,,,,,,,,
,,,,,40389,3.0,3,,,,,,,,
,,,,,40392,3.0,3,,,,,,,,
,,,,,40395,3.0,3,,,,,,,,
,,,,,40398,3.0,3,,,,,,,,
,,,,,40401,3.0,3,,,,,,,,
,,,,,40404,3.0,3,,,,,,,,
,,,,,40407,3.0,3,,,,,,,,
,,,,,40411,4.0,4,,,,,,,,
,,,,,40414,3.0,3,,,,,,,,
,,,,,40417,3.0,3,,,,,,,,
,,,,,40420,3.0,3,,,,,,,,
,,,,,40424,4.0,4,,,,,,,,
,,,,,40427,3.0,3,,,,,,,,
,,,,,40431,4.0,4,,,,,,,,
,,,,,40434,3.0,3,,,,,,,,
,,,,,40437,3.0,3,,,,,,,,
,,,,,40440,3.0,3,,,,,,,,
,,,,,40443,3.0,3,,,,,,,,
,,,,,40448,5.0,5,,,,,,,,
,,,,,40451,3.0,3,,,,,,,,
,,,,,40454,3.0,3,,,,,,,,
,,,,,40457,3.0,3,,,,,,,,
,,,,,40460,3.0,3,,,,,,,,
,,,,,40463,3.0,3,,,,,,,,
,,,,,40466,3.0,3,,,,,,,,
,,,,,40469,3.0,3,,,,,,,,
,,,,,40476,7.0,7,,,,,,,,
,,,,,40479,3.0,3,,,,,,,,
,,,,,40482,3.0,3,,,,,,,,
,,,,,40485,3.0,3,,,,,,,,
,,,,,40488,3.0,3,,,,,,,,
,,,,,40491,3.0,3,,,,,,,,
,,,,,40494,3.0,3,,,,,,,,
,,,,,40497,3.0,3,,,,,,,,
,,,,,40500,3.0,3,,,,,,,,
,,,,,40503,3.0,3,,,,,,,,
,,,,,40506,3.0,3,,,,,,,,
,,,,,40509,3.0,3,,,,,,,,
,,,,,40512,3.0,3,,,,,,,,
,,,,,40516,4.0,4,,,,,,,,
,,,,,40519,3.0,3,,,,,,,,
,,,,,40525,6.0,6,,,,,,,,
,,,,,40528,3.0,3,,,,,,,,
,,,,,40531,3.0,3,,,,,,,,
,,,,,40534,3.0,3,,,,,,,,
,,,,,40537,3.0,3,,,,,,,,
,,,,,40540,3.0,3,,,,,,,,
,,,,,40544,4.0,4,,,,,,,,
,,,,,40547,3.0,3,,,,,,,,
,,,,,40550,3.0,3,,,,,,,,
,,,,,40553,3.0,3,,,,,,,,
,,,,,40556,3.0,3,,,,,,,,
,,,,,40562,6.0,6,,,,,,,,
,,,,,40567,5.0,5,,,,,,,,
,,,,,40570,3.0,3,,,,,,,,
,,,,,40574,4.0,4,,,,,,,,
,,,,,40577,3.0,3,,,,,,,,
,,,,,40582,5.0,5,,,,,,,,
,,,,,40585,3.0,3,,,,,,,,
,,,,,40588,3.0,3,,,,,,,,
,,,,,40591,3.0,3,,,,,,,,
,,,,,40594,3.0,3,,,,,,,,
,,,,,40597,3.0,3,,,,,,,,
,,,,,40600,3.0,3,,,,,,,,
,,,,,40605,5.0,5,,,,,,,,
,,,,,40608,3.0,3,,,,,,,,
,,,,,40611,3.0,3,,,,,,,,
,,,,,40614,3.0,3,,,,,,,,
,,,,,40617,3.0,3,,,,,,,,
,,,,,40620,3.0,3,,,,,,,,
,,,,,40623,3.0,3,,,,,,,,
,,,,,40626,3.0,3,,,,,,,,
,,,,,40629,3.0,3,,,,,,,,
,,,,,40632,3.0,3,,,,,,,,
,,,,,40635,3.0,3,,,,,,,,
,,,,,40638,3.0,3,,,,,,,,
,,,,,40642,4.0,4,,,,,,,,
,,,,,40657,15.0,15,,,,,,,,
,,,,,40662,5.0,5,,,,,,,,
,,,,,40665,3.0,3,,,,,,,,
,,,,,40670,5.0,5,,,,,,,,
,,,,,40675,5.0,5,,,,,,,,
,,,,,40679,4.0,4,,,,,,,,
,,,,,40682,3.0,3,,,,,,,,
,,,,,40685,3.0,3,,,,,,,,
,,,,,40691,6.0,6,,,,,,,,
,,,,,40694,3.0,3,,,,,,,,
,,,,,40697,3.0,3,,,,,,,,
,,,,,40703,6.0,6,,,,,,,,
,,,,,40706,3.0,3,,,,,,,,
,,,,,40709,3.0,3,,,,,,,,
,,,,,40712,3.0,3,,,,,,,,
,,,,,40717,5.0,5,,,,,,,,
,,,,,40720,3.0,3,,,,,,,,
,,,,,40723,3.0,3,,,,,,,,
,,,,,40728,5.0,5,,,,,,,,
,,,,,40731,3.0,3,,,,,,,,
,,,,,40734,3.0,3,,,,,,,,
,,,,,40739,5.0,5,,,,,,,,
,,,,,40746,7.0,7,,,,,,,,
,,,,,40751,5.0,5,,,,,,,,
,,,,,40755,4.0,4,,,,,,,,
,,,,,40760,5.0,5,,,,,,,,
,,,,,40763,3.0,3,,,,,,,,
,,,,,40766,3.0,3,,,,,,,,
,,,,,40771,5.0,5,,,,,,,,
,,,,,40775,4.0,4,,,,,,,,
,,,,,40778,3.0,3,,,,,,,,
,,,,,40781,3.0,3,,,,,,,,
,,,,,40784,3.0,3,,,,,,,,
,,,,,40788,4.0,4,,,,,,,,
,,,,,40791,3.0,3,,,,,,,,
,,,,,40794,3.0,3,,,,,,,,
,,,,,40797,3.0,3,,,,,,,,
,,,,,40800,3.0,3,,,,,,,,
,,,,,40803,3.0,3,,,,,,,,
,,,,,40806,3.0,3,,,,,,,,
,,,,,40809,3.0,3,,,,,,,,
,,,,,40812,3.0,3,,,,,,,,
,,,,,40819,7.0,7,,,,,,,,
,,,,,40822,3.0,3,,,,,,,,
,,,,,40826,4.0,4,,,,,,,,
,,,,,40829,3.0,3,,,,,,,,
,,,,,40832,3.0,3,,,,,,,,
,,,,,40836,4.0,4,,,,,,,,
,,,,,40839,3.0,3,,,,,,,,
,,,,,40842,3.0,3,,,,,,,,
,,,,,40852,10.0,10,,,,,,,,
,,,,,40857,5.0,5,,,,,,,,
,,,,,40860,3.0,3,,,,,,,,
,,,,,40863,3.0,3,,,,,,,,
,,,,,40867,4.0,4,,,,,,,,
,,,,,40873,6.0,6,,,,,,,,
,,,,,40876,3.0,3,,,,,,,,
,,,,,40881,5.0,5,,,,,,,,
,,,,,40887,6.0,6,,,,,,,,
,,,,,40890,3.0,3,,,,,,,,
,,,,,40898,8.0,8,,,,,,,,
,,,,,40901,3.0,3,,,,,,,,
,,,,,40904,3.0,3,,,,,,,,
,,,,,40907,3.0,3,,,,,,,,
,,,,,40910,3.0,3,,,,,,,,
,,,,,40913,3.0,3,,,,,,,,
,,,,,40917,4.0,4,,,,,,,,
,,,,,40924,7.0,7,,,,,,,,
,,,,,40928,4.0,4,,,,,,,,
,,,,,40931,3.0,3,,,,,,,,
,,,,,40934,3.0,3,,,,,,,,
,,,,,40937,3.0,3,,,,,,,,
,,,,,40940,3.0,3,,,,,,,,
,,,,,40943,3.0,3,,,,,,,,
,,,,,40947,4.0,4,,,,,,,,
,,,,,40950,3.0,3,,,,,,,,
,,,,,40953,3.0,3,,,,,,,,
,,,,,40956,3.0,3,,,,,,,,
,,,,,40960,4.0,4,,,,,,,,
,,,,,40964,4.0,4,,,,,,,,
,,,,,40968,4.0,4,,,,,,,,
,,,,,40972,4.0,4,,,,,,,,
,,,,,40976,4.0,4,,,,,,,,
,,,,,40983,7.0,7,,,,,,,,
,,,,,40986,3.0,3,,,,,,,,
,,,,,40989,3.0,3,,,,,,,,
,,,,,40993,4.0,4,,,,,,,,
,,,,,40996,3.0,3,,,,,,,,
,,,,,41000,4.0,4,,,,,,,,
,,,,,41000,,,0.2600352466106415,-2.6003525257110596,0.16758166253566742,2.086637258529663,2.0191755294799805,0.0003,0.0003,0.1
,,,,,41003,3.0,3,,,,,,,,
,,,,,41008,5.0,5,,,,,,,,
,,,,,41013,5.0,5,,,,,,,,
,,,,,41016,3.0,3,,,,,,,,
,,,,,41021,5.0,5,,,,,,,,
,,,,,41024,3.0,3,,,,,,,,
,,,,,41031,7.0,7,,,,,,,,
,,,,,41034,3.0,3,,,,,,,,
,,,,,41037,3.0,3,,,,,,,,
,,,,,41040,3.0,3,,,,,,,,
,,,,,41045,5.0,5,,,,,,,,
,,,,,41048,3.0,3,,,,,,,,
,,,,,41051,3.0,3,,,,,,,,
,,,,,41054,3.0,3,,,,,,,,
,,,,,41062,8.0,8,,,,,,,,
,,,,,41066,4.0,4,,,,,,,,
,,,,,41069,3.0,3,,,,,,,,
,,,,,41072,3.0,3,,,,,,,,
,,,,,41075,3.0,3,,,,,,,,
,,,,,41078,3.0,3,,,,,,,,
,,,,,41081,3.0,3,,,,,,,,
,,,,,41086,5.0,5,,,,,,,,
,,,,,41089,3.0,3,,,,,,,,
,,,,,41092,3.0,3,,,,,,,,
,,,,,41096,4.0,4,,,,,,,,
,,,,,41099,3.0,3,,,,,,,,
,,,,,41102,3.0,3,,,,,,,,
,,,,,41107,5.0,5,,,,,,,,
,,,,,41110,3.0,3,,,,,,,,
,,,,,41117,7.0,7,,,,,,,,
,,,,,41120,3.0,3,,,,,,,,
,,,,,41124,4.0,4,,,,,,,,
,,,,,41129,5.0,5,,,,,,,,
,,,,,41133,4.0,4,,,,,,,,
,,,,,41137,4.0,4,,,,,,,,
,,,,,41145,8.0,8,,,,,,,,
,,,,,41148,3.0,3,,,,,,,,
,,,,,41151,3.0,3,,,,,,,,
,,,,,41155,4.0,4,,,,,,,,
,,,,,41158,3.0,3,,,,,,,,
,,,,,41162,4.0,4,,,,,,,,
,,,,,41168,6.0,6,,,,,,,,
,,,,,41172,4.0,4,,,,,,,,
,,,,,41176,4.0,4,,,,,,,,
,,,,,41179,3.0,3,,,,,,,,
,,,,,41182,3.0,3,,,,,,,,
,,,,,41185,3.0,3,,,,,,,,
,,,,,41188,3.0,3,,,,,,,,
,,,,,41191,3.0,3,,,,,,,,
,,,,,41194,3.0,3,,,,,,,,
,,,,,41197,3.0,3,,,,,,,,
,,,,,41200,3.0,3,,,,,,,,
,,,,,41203,3.0,3,,,,,,,,
,,,,,41206,3.0,3,,,,,,,,
,,,,,41209,3.0,3,,,,,,,,
,,,,,41213,4.0,4,,,,,,,,
,,,,,41216,3.0,3,,,,,,,,
,,,,,41219,3.0,3,,,,,,,,
,,,,,41222,3.0,3,,,,,,,,
,,,,,41225,3.0,3,,,,,,,,
,,,,,41229,4.0,4,,,,,,,,
,,,,,41234,5.0,5,,,,,,,,
,,,,,41237,3.0,3,,,,,,,,
,,,,,41240,3.0,3,,,,,,,,
,,,,,41243,3.0,3,,,,,,,,
,,,,,41246,3.0,3,,,,,,,,
,,,,,41252,6.0,6,,,,,,,,
,,,,,41255,3.0,3,,,,,,,,
,,,,,41260,5.0,5,,,,,,,,
,,,,,41263,3.0,3,,,,,,,,
,,,,,41266,3.0,3,,,,,,,,
,,,,,41273,7.0,7,,,,,,,,
,,,,,41278,5.0,5,,,,,,,,
,,,,,41285,7.0,7,,,,,,,,
,,,,,41288,3.0,3,,,,,,,,
,,,,,41291,3.0,3,,,,,,,,
,,,,,41298,7.0,7,,,,,,,,
,,,,,41301,3.0,3,,,,,,,,
,,,,,41304,3.0,3,,,,,,,,
,,,,,41307,3.0,3,,,,,,,,
,,,,,41310,3.0,3,,,,,,,,
,,,,,41313,3.0,3,,,,,,,,
,,,,,41316,3.0,3,,,,,,,,
,,,,,41324,8.0,8,,,,,,,,
,,,,,41327,3.0,3,,,,,,,,
,,,,,41330,3.0,3,,,,,,,,
,,,,,41333,3.0,3,,,,,,,,
,,,,,41336,3.0,3,,,,,,,,
,,,,,41339,3.0,3,,,,,,,,
,,,,,41342,3.0,3,,,,,,,,
,,,,,41345,3.0,3,,,,,,,,
,,,,,41348,3.0,3,,,,,,,,
,,,,,41353,5.0,5,,,,,,,,
,,,,,41356,3.0,3,,,,,,,,
,,,,,41365,9.0,9,,,,,,,,
,,,,,41368,3.0,3,,,,,,,,
,,,,,41371,3.0,3,,,,,,,,
,,,,,41375,4.0,4,,,,,,,,
,,,,,41379,4.0,4,,,,,,,,
,,,,,41383,4.0,4,,,,,,,,
,,,,,41386,3.0,3,,,,,,,,
,,,,,41389,3.0,3,,,,,,,,
,,,,,41392,3.0,3,,,,,,,,
,,,,,41395,3.0,3,,,,,,,,
,,,,,41400,5.0,5,,,,,,,,
,,,,,41403,3.0,3,,,,,,,,
,,,,,41408,5.0,5,,,,,,,,
,,,,,41414,6.0,6,,,,,,,,
,,,,,41417,3.0,3,,,,,,,,
,,,,,41422,5.0,5,,,,,,,,
,,,,,41425,3.0,3,,,,,,,,
,,,,,41428,3.0,3,,,,,,,,
,,,,,41436,8.0,8,,,,,,,,
,,,,,41439,3.0,3,,,,,,,,
,,,,,41444,5.0,5,,,,,,,,
,,,,,41447,3.0,3,,,,,,,,
,,,,,41450,3.0,3,,,,,,,,
,,,,,41453,3.0,3,,,,,,,,
,,,,,41456,3.0,3,,,,,,,,
,,,,,41459,3.0,3,,,,,,,,
,,,,,41463,4.0,4,,,,,,,,
,,,,,41468,5.0,5,,,,,,,,
,,,,,41472,4.0,4,,,,,,,,
,,,,,41475,3.0,3,,,,,,,,
,,,,,41478,3.0,3,,,,,,,,
,,,,,41483,5.0,5,,,,,,,,
,,,,,41487,4.0,4,,,,,,,,
,,,,,41490,3.0,3,,,,,,,,
,,,,,41493,3.0,3,,,,,,,,
,,,,,41496,3.0,3,,,,,,,,
,,,,,41499,3.0,3,,,,,,,,
,,,,,41506,7.0,7,,,,,,,,
,,,,,41510,4.0,4,,,,,,,,
,,,,,41513,3.0,3,,,,,,,,
,,,,,41516,3.0,3,,,,,,,,
,,,,,41519,3.0,3,,,,,,,,
,,,,,41522,3.0,3,,,,,,,,
,,,,,41526,4.0,4,,,,,,,,
,,,,,41529,3.0,3,,,,,,,,
,,,,,41532,3.0,3,,,,,,,,
,,,,,41535,3.0,3,,,,,,,,
,,,,,41539,4.0,4,,,,,,,,
,,,,,41542,3.0,3,,,,,,,,
,,,,,41545,3.0,3,,,,,,,,
,,,,,41549,4.0,4,,,,,,,,
,,,,,41552,3.0,3,,,,,,,,
,,,,,41555,3.0,3,,,,,,,,
,,,,,41559,4.0,4,,,,,,,,
,,,,,41562,3.0,3,,,,,,,,
,,,,,41568,6.0,6,,,,,,,,
,,,,,41571,3.0,3,,,,,,,,
,,,,,41575,4.0,4,,,,,,,,
,,,,,41579,4.0,4,,,,,,,,
,,,,,41583,4.0,4,,,,,,,,
,,,,,41586,3.0,3,,,,,,,,
,,,,,41589,3.0,3,,,,,,,,
,,,,,41594,5.0,5,,,,,,,,
,,,,,41597,3.0,3,,,,,,,,
,,,,,41600,3.0,3,,,,,,,,
,,,,,41603,3.0,3,,,,,,,,
,,,,,41606,3.0,3,,,,,,,,
,,,,,41609,3.0,3,,,,,,,,
,,,,,41612,3.0,3,,,,,,,,
,,,,,41615,3.0,3,,,,,,,,
,,,,,41618,3.0,3,,,,,,,,
,,,,,41623,5.0,5,,,,,,,,
,,,,,41626,3.0,3,,,,,,,,
,,,,,41635,9.0,9,,,,,,,,
,,,,,41639,4.0,4,,,,,,,,
,,,,,41642,3.0,3,,,,,,,,
,,,,,41648,6.0,6,,,,,,,,
,,,,,41651,3.0,3,,,,,,,,
,,,,,41655,4.0,4,,,,,,,,
,,,,,41658,3.0,3,,,,,,,,
,,,,,41661,3.0,3,,,,,,,,
,,,,,41664,3.0,3,,,,,,,,
,,,,,41668,4.0,4,,,,,,,,
,,,,,41671,3.0,3,,,,,,,,
,,,,,41680,9.0,9,,,,,,,,
,,,,,41684,4.0,4,,,,,,,,
,,,,,41687,3.0,3,,,,,,,,
,,,,,41690,3.0,3,,,,,,,,
,,,,,41693,3.0,3,,,,,,,,
,,,,,41696,3.0,3,,,,,,,,
,,,,,41699,3.0,3,,,,,,,,
,,,,,41702,3.0,3,,,,,,,,
,,,,,41705,3.0,3,,,,,,,,
,,,,,41708,3.0,3,,,,,,,,
,,,,,41711,3.0,3,,,,,,,,
,,,,,41714,3.0,3,,,,,,,,
,,,,,41717,3.0,3,,,,,,,,
,,,,,41720,3.0,3,,,,,,,,
,,,,,41723,3.0,3,,,,,,,,
,,,,,41726,3.0,3,,,,,,,,
,,,,,41729,3.0,3,,,,,,,,
,,,,,41733,4.0,4,,,,,,,,
,,,,,41736,3.0,3,,,,,,,,
,,,,,41739,3.0,3,,,,,,,,
,,,,,41742,3.0,3,,,,,,,,
,,,,,41745,3.0,3,,,,,,,,
,,,,,41748,3.0,3,,,,,,,,
,,,,,41752,4.0,4,,,,,,,,
,,,,,41755,3.0,3,,,,,,,,
,,,,,41758,3.0,3,,,,,,,,
,,,,,41763,5.0,5,,,,,,,,
,,,,,41768,5.0,5,,,,,,,,
,,,,,41775,7.0,7,,,,,,,,
,,,,,41778,3.0,3,,,,,,,,
,,,,,41781,3.0,3,,,,,,,,
,,,,,41785,4.0,4,,,,,,,,
,,,,,41788,3.0,3,,,,,,,,
,,,,,41793,5.0,5,,,,,,,,
,,,,,41796,3.0,3,,,,,,,,
,,,,,41799,3.0,3,,,,,,,,
,,,,,41804,5.0,5,,,,,,,,
,,,,,41807,3.0,3,,,,,,,,
,,,,,41810,3.0,3,,,,,,,,
,,,,,41813,3.0,3,,,,,,,,
,,,,,41816,3.0,3,,,,,,,,
,,,,,41819,3.0,3,,,,,,,,
,,,,,41828,9.0,9,,,,,,,,
,,,,,41831,3.0,3,,,,,,,,
,,,,,41834,3.0,3,,,,,,,,
,,,,,41840,6.0,6,,,,,,,,
,,,,,41843,3.0,3,,,,,,,,
,,,,,41846,3.0,3,,,,,,,,
,,,,,41852,6.0,6,,,,,,,,
,,,,,41856,4.0,4,,,,,,,,
,,,,,41859,3.0,3,,,,,,,,
,,,,,41862,3.0,3,,,,,,,,
,,,,,41865,3.0,3,,,,,,,,
,,,,,41868,3.0,3,,,,,,,,
,,,,,41871,3.0,3,,,,,,,,
,,,,,41875,4.0,4,,,,,,,,
,,,,,41879,4.0,4,,,,,,,,
,,,,,41884,5.0,5,,,,,,,,
,,,,,41887,3.0,3,,,,,,,,
,,,,,41891,4.0,4,,,,,,,,
,,,,,41894,3.0,3,,,,,,,,
,,,,,41897,3.0,3,,,,,,,,
,,,,,41900,3.0,3,,,,,,,,
,,,,,41903,3.0,3,,,,,,,,
,,,,,41906,3.0,3,,,,,,,,
,,,,,41913,7.0,7,,,,,,,,
,,,,,41918,5.0,5,,,,,,,,
,,,,,41921,3.0,3,,,,,,,,
,,,,,41924,3.0,3,,,,,,,,
,,,,,41927,3.0,3,,,,,,,,
,,,,,41930,3.0,3,,,,,,,,
,,,,,41934,4.0,4,,,,,,,,
,,,,,41939,5.0,5,,,,,,,,
,,,,,41942,3.0,3,,,,,,,,
,,,,,41945,3.0,3,,,,,,,,
,,,,,41948,3.0,3,,,,,,,,
,,,,,41952,4.0,4,,,,,,,,
,,,,,41955,3.0,3,,,,,,,,
,,,,,41963,8.0,8,,,,,,,,
,,,,,41966,3.0,3,,,,,,,,
,,,,,41971,5.0,5,,,,,,,,
,,,,,41974,3.0,3,,,,,,,,
,,,,,41977,3.0,3,,,,,,,,
,,,,,41981,4.0,4,,,,,,,,
,,,,,41984,3.0,3,,,,,,,,
,,,,,41987,3.0,3,,,,,,,,
,,,,,41992,5.0,5,,,,,,,,
,,,,,41995,3.0,3,,,,,,,,
,,,,,41998,3.0,3,,,,,,,,
,,,,,42000,,,0.3111476004123688,-3.111475944519043,0.07446480542421341,2.0935206413269043,2.1473617553710938,0.0003,0.0003,0.1
,,,,,42001,3.0,3,,,,,,,,
,,,,,42004,3.0,3,,,,,,,,
,,,,,42007,3.0,3,,,,,,,,
,,,,,42011,4.0,4,,,,,,,,
,,,,,42014,3.0,3,,,,,,,,
,,,,,42017,3.0,3,,,,,,,,
,,,,,42020,3.0,3,,,,,,,,
,,,,,42023,3.0,3,,,,,,,,
,,,,,42027,4.0,4,,,,,,,,
,,,,,42031,4.0,4,,,,,,,,
,,,,,42034,3.0,3,,,,,,,,
,,,,,42037,3.0,3,,,,,,,,
,,,,,42047,10.0,10,,,,,,,,
,,,,,42050,3.0,3,,,,,,,,
,,,,,42053,3.0,3,,,,,,,,
,,,,,42056,3.0,3,,,,,,,,
,,,,,42060,4.0,4,,,,,,,,
,,,,,42063,3.0,3,,,,,,,,
,,,,,42066,3.0,3,,,,,,,,
,,,,,42069,3.0,3,,,,,,,,
,,,,,42072,3.0,3,,,,,,,,
,,,,,42075,3.0,3,,,,,,,,
,,,,,42078,3.0,3,,,,,,,,
,,,,,42081,3.0,3,,,,,,,,
,,,,,42084,3.0,3,,,,,,,,
,,,,,42087,3.0,3,,,,,,,,
,,,,,42090,3.0,3,,,,,,,,
,,,,,42093,3.0,3,,,,,,,,
,,,,,42096,3.0,3,,,,,,,,
,,,,,42100,4.0,4,,,,,,,,
,,,,,42103,3.0,3,,,,,,,,
,,,,,42106,3.0,3,,,,,,,,
,,,,,42109,3.0,3,,,,,,,,
,,,,,42112,3.0,3,,,,,,,,
,,,,,42115,3.0,3,,,,,,,,
,,,,,42118,3.0,3,,,,,,,,
,,,,,42121,3.0,3,,,,,,,,
,,,,,42124,3.0,3,,,,,,,,
,,,,,42127,3.0,3,,,,,,,,
,,,,,42130,3.0,3,,,,,,,,
,,,,,42133,3.0,3,,,,,,,,
,,,,,42137,4.0,4,,,,,,,,
,,,,,42140,3.0,3,,,,,,,,
,,,,,42143,3.0,3,,,,,,,,
,,,,,42146,3.0,3,,,,,,,,
,,,,,42149,3.0,3,,,,,,,,
,,,,,42153,4.0,4,,,,,,,,
,,,,,42157,4.0,4,,,,,,,,
,,,,,42160,3.0,3,,,,,,,,
,,,,,42163,3.0,3,,,,,,,,
,,,,,42166,3.0,3,,,,,,,,
,,,,,42169,3.0,3,,,,,,,,
,,,,,42172,3.0,3,,,,,,,,
,,,,,42175,3.0,3,,,,,,,,
,,,,,42178,3.0,3,,,,,,,,
,,,,,42181,3.0,3,,,,,,,,
,,,,,42184,3.0,3,,,,,,,,
,,,,,42187,3.0,3,,,,,,,,
,,,,,42190,3.0,3,,,,,,,,
,,,,,42193,3.0,3,,,,,,,,
,,,,,42196,3.0,3,,,,,,,,
,,,,,42199,3.0,3,,,,,,,,
,,,,,42204,5.0,5,,,,,,,,
,,,,,42207,3.0,3,,,,,,,,
,,,,,42211,4.0,4,,,,,,,,
,,,,,42214,3.0,3,,,,,,,,
,,,,,42222,8.0,8,,,,,,,,
,,,,,42225,3.0,3,,,,,,,,
,,,,,42234,9.0,9,,,,,,,,
,,,,,42237,3.0,3,,,,,,,,
,,,,,42240,3.0,3,,,,,,,,
,,,,,42243,3.0,3,,,,,,,,
,,,,,42246,3.0,3,,,,,,,,
,,,,,42249,3.0,3,,,,,,,,
,,,,,42252,3.0,3,,,,,,,,
,,,,,42255,3.0,3,,,,,,,,
,,,,,42258,3.0,3,,,,,,,,
,,,,,42261,3.0,3,,,,,,,,
,,,,,42264,3.0,3,,,,,,,,
,,,,,42268,4.0,4,,,,,,,,
,,,,,42271,3.0,3,,,,,,,,
,,,,,42274,3.0,3,,,,,,,,
,,,,,42277,3.0,3,,,,,,,,
,,,,,42280,3.0,3,,,,,,,,
,,,,,42283,3.0,3,,,,,,,,
,,,,,42286,3.0,3,,,,,,,,
,,,,,42289,3.0,3,,,,,,,,
,,,,,42292,3.0,3,,,,,,,,
,,,,,42295,3.0,3,,,,,,,,
,,,,,42298,3.0,3,,,,,,,,
,,,,,42301,3.0,3,,,,,,,,
,,,,,42304,3.0,3,,,,,,,,
,,,,,42311,7.0,7,,,,,,,,
,,,,,42314,3.0,3,,,,,,,,
,,,,,42317,3.0,3,,,,,,,,
,,,,,42320,3.0,3,,,,,,,,
,,,,,42329,9.0,9,,,,,,,,
,,,,,42332,3.0,3,,,,,,,,
,,,,,42336,4.0,4,,,,,,,,
,,,,,42341,5.0,5,,,,,,,,
,,,,,42344,3.0,3,,,,,,,,
,,,,,42347,3.0,3,,,,,,,,
,,,,,42350,3.0,3,,,,,,,,
,,,,,42353,3.0,3,,,,,,,,
,,,,,42357,4.0,4,,,,,,,,
,,,,,42360,3.0,3,,,,,,,,
,,,,,42363,3.0,3,,,,,,,,
,,,,,42366,3.0,3,,,,,,,,
,,,,,42369,3.0,3,,,,,,,,
,,,,,42372,3.0,3,,,,,,,,
,,,,,42375,3.0,3,,,,,,,,
,,,,,42380,5.0,5,,,,,,,,
,,,,,42383,3.0,3,,,,,,,,
,,,,,42387,4.0,4,,,,,,,,
,,,,,42390,3.0,3,,,,,,,,
,,,,,42393,3.0,3,,,,,,,,
,,,,,42396,3.0,3,,,,,,,,
,,,,,42399,3.0,3,,,,,,,,
,,,,,42402,3.0,3,,,,,,,,
,,,,,42405,3.0,3,,,,,,,,
,,,,,42408,3.0,3,,,,,,,,
,,,,,42411,3.0,3,,,,,,,,
,,,,,42414,3.0,3,,,,,,,,
,,,,,42417,3.0,3,,,,,,,,
,,,,,42421,4.0,4,,,,,,,,
,,,,,42426,5.0,5,,,,,,,,
,,,,,42429,3.0,3,,,,,,,,
,,,,,42432,3.0,3,,,,,,,,
,,,,,42436,4.0,4,,,,,,,,
,,,,,42441,5.0,5,,,,,,,,
,,,,,42444,3.0,3,,,,,,,,
,,,,,42447,3.0,3,,,,,,,,
,,,,,42450,3.0,3,,,,,,,,
,,,,,42453,3.0,3,,,,,,,,
,,,,,42456,3.0,3,,,,,,,,
,,,,,42459,3.0,3,,,,,,,,
,,,,,42462,3.0,3,,,,,,,,
,,,,,42465,3.0,3,,,,,,,,
,,,,,42468,3.0,3,,,,,,,,
,,,,,42473,5.0,5,,,,,,,,
,,,,,42476,3.0,3,,,,,,,,
,,,,,42479,3.0,3,,,,,,,,
,,,,,42482,3.0,3,,,,,,,,
,,,,,42487,5.0,5,,,,,,,,
,,,,,42490,3.0,3,,,,,,,,
,,,,,42494,4.0,4,,,,,,,,
,,,,,42497,3.0,3,,,,,,,,
,,,,,42500,3.0,3,,,,,,,,
,,,,,42503,3.0,3,,,,,,,,
,,,,,42506,3.0,3,,,,,,,,
,,,,,42509,3.0,3,,,,,,,,
,,,,,42512,3.0,3,,,,,,,,
,,,,,42515,3.0,3,,,,,,,,
,,,,,42519,4.0,4,,,,,,,,
,,,,,42522,3.0,3,,,,,,,,
,,,,,42525,3.0,3,,,,,,,,
,,,,,42529,4.0,4,,,,,,,,
,,,,,42534,5.0,5,,,,,,,,
,,,,,42537,3.0,3,,,,,,,,
,,,,,42540,3.0,3,,,,,,,,
,,,,,42543,3.0,3,,,,,,,,
,,,,,42546,3.0,3,,,,,,,,
,,,,,42549,3.0,3,,,,,,,,
,,,,,42552,3.0,3,,,,,,,,
,,,,,42555,3.0,3,,,,,,,,
,,,,,42558,3.0,3,,,,,,,,
,,,,,42561,3.0,3,,,,,,,,
,,,,,42564,3.0,3,,,,,,,,
,,,,,42569,5.0,5,,,,,,,,
,,,,,42572,3.0,3,,,,,,,,
,,,,,42575,3.0,3,,,,,,,,
,,,,,42578,3.0,3,,,,,,,,
,,,,,42581,3.0,3,,,,,,,,
,,,,,42584,3.0,3,,,,,,,,
,,,,,42587,3.0,3,,,,,,,,
,,,,,42590,3.0,3,,,,,,,,
,,,,,42593,3.0,3,,,,,,,,
,,,,,42596,3.0,3,,,,,,,,
,,,,,42599,3.0,3,,,,,,,,
,,,,,42602,3.0,3,,,,,,,,
,,,,,42605,3.0,3,,,,,,,,
,,,,,42608,3.0,3,,,,,,,,
,,,,,42611,3.0,3,,,,,,,,
,,,,,42614,3.0,3,,,,,,,,
,,,,,42617,3.0,3,,,,,,,,
,,,,,42620,3.0,3,,,,,,,,
,,,,,42623,3.0,3,,,,,,,,
,,,,,42627,4.0,4,,,,,,,,
,,,,,42632,5.0,5,,,,,,,,
,,,,,42635,3.0,3,,,,,,,,
,,,,,42638,3.0,3,,,,,,,,
,,,,,42641,3.0,3,,,,,,,,
,,,,,42644,3.0,3,,,,,,,,
,,,,,42650,6.0,6,,,,,,,,
,,,,,42653,3.0,3,,,,,,,,
,,,,,42658,5.0,5,,,,,,,,
,,,,,42661,3.0,3,,,,,,,,
,,,,,42664,3.0,3,,,,,,,,
,,,,,42667,3.0,3,,,,,,,,
,,,,,42670,3.0,3,,,,,,,,
,,,,,42673,3.0,3,,,,,,,,
,,,,,42676,3.0,3,,,,,,,,
,,,,,42679,3.0,3,,,,,,,,
,,,,,42682,3.0,3,,,,,,,,
,,,,,42689,7.0,7,,,,,,,,
,,,,,42692,3.0,3,,,,,,,,
,,,,,42695,3.0,3,,,,,,,,
,,,,,42698,3.0,3,,,,,,,,
,,,,,42701,3.0,3,,,,,,,,
,,,,,42704,3.0,3,,,,,,,,
,,,,,42707,3.0,3,,,,,,,,
,,,,,42713,6.0,6,,,,,,,,
,,,,,42716,3.0,3,,,,,,,,
,,,,,42722,6.0,6,,,,,,,,
,,,,,42725,3.0,3,,,,,,,,
,,,,,42728,3.0,3,,,,,,,,
,,,,,42732,4.0,4,,,,,,,,
,,,,,42735,3.0,3,,,,,,,,
,,,,,42739,4.0,4,,,,,,,,
,,,,,42742,3.0,3,,,,,,,,
,,,,,42745,3.0,3,,,,,,,,
,,,,,42748,3.0,3,,,,,,,,
,,,,,42751,3.0,3,,,,,,,,
,,,,,42756,5.0,5,,,,,,,,
,,,,,42759,3.0,3,,,,,,,,
,,,,,42762,3.0,3,,,,,,,,
,,,,,42765,3.0,3,,,,,,,,
,,,,,42768,3.0,3,,,,,,,,
,,,,,42771,3.0,3,,,,,,,,
,,,,,42774,3.0,3,,,,,,,,
,,,,,42777,3.0,3,,,,,,,,
,,,,,42780,3.0,3,,,,,,,,
,,,,,42783,3.0,3,,,,,,,,
,,,,,42786,3.0,3,,,,,,,,
,,,,,42789,3.0,3,,,,,,,,
,,,,,42792,3.0,3,,,,,,,,
,,,,,42795,3.0,3,,,,,,,,
,,,,,42798,3.0,3,,,,,,,,
,,,,,42801,3.0,3,,,,,,,,
,,,,,42804,3.0,3,,,,,,,,
,,,,,42807,3.0,3,,,,,,,,
,,,,,42811,4.0,4,,,,,,,,
,,,,,42814,3.0,3,,,,,,,,
,,,,,42817,3.0,3,,,,,,,,
,,,,,42820,3.0,3,,,,,,,,
,,,,,42823,3.0,3,,,,,,,,
,,,,,42826,3.0,3,,,,,,,,
,,,,,42829,3.0,3,,,,,,,,
,,,,,42834,5.0,5,,,,,,,,
,,,,,42837,3.0,3,,,,,,,,
,,,,,42840,3.0,3,,,,,,,,
,,,,,42843,3.0,3,,,,,,,,
,,,,,42846,3.0,3,,,,,,,,
,,,,,42849,3.0,3,,,,,,,,
,,,,,42854,5.0,5,,,,,,,,
,,,,,42857,3.0,3,,,,,,,,
,,,,,42860,3.0,3,,,,,,,,
,,,,,42863,3.0,3,,,,,,,,
,,,,,42867,4.0,4,,,,,,,,
,,,,,42870,3.0,3,,,,,,,,
,,,,,42873,3.0,3,,,,,,,,
,,,,,42876,3.0,3,,,,,,,,
,,,,,42879,3.0,3,,,,,,,,
,,,,,42882,3.0,3,,,,,,,,
,,,,,42886,4.0,4,,,,,,,,
,,,,,42889,3.0,3,,,,,,,,
,,,,,42892,3.0,3,,,,,,,,
,,,,,42895,3.0,3,,,,,,,,
,,,,,42898,3.0,3,,,,,,,,
,,,,,42902,4.0,4,,,,,,,,
,,,,,42905,3.0,3,,,,,,,,
,,,,,42908,3.0,3,,,,,,,,
,,,,,42911,3.0,3,,,,,,,,
,,,,,42914,3.0,3,,,,,,,,
,,,,,42917,3.0,3,,,,,,,,
,,,,,42920,3.0,3,,,,,,,,
,,,,,42924,4.0,4,,,,,,,,
,,,,,42927,3.0,3,,,,,,,,
,,,,,42931,4.0,4,,,,,,,,
,,,,,42934,3.0,3,,,,,,,,
,,,,,42937,3.0,3,,,,,,,,
,,,,,42941,4.0,4,,,,,,,,
,,,,,42946,5.0,5,,,,,,,,
,,,,,42949,3.0,3,,,,,,,,
,,,,,42952,3.0,3,,,,,,,,
,,,,,42955,3.0,3,,,,,,,,
,,,,,42958,3.0,3,,,,,,,,
,,,,,42961,3.0,3,,,,,,,,
,,,,,42964,3.0,3,,,,,,,,
,,,,,42968,4.0,4,,,,,,,,
,,,,,42971,3.0,3,,,,,,,,
,,,,,42976,5.0,5,,,,,,,,
,,,,,42979,3.0,3,,,,,,,,
,,,,,42983,4.0,4,,,,,,,,
,,,,,42986,3.0,3,,,,,,,,
,,,,,42989,3.0,3,,,,,,,,
,,,,,42992,3.0,3,,,,,,,,
,,,,,42995,3.0,3,,,,,,,,
,,,,,42998,3.0,3,,,,,,,,
,,,,,43000,,,0.3238912522792816,-3.238912582397461,0.11751015484333038,2.1183934211730957,2.0503053665161133,0.0003,0.0003,0.1
,,,,,43004,6.0,6,,,,,,,,
,,,,,43007,3.0,3,,,,,,,,
,,,,,43010,3.0,3,,,,,,,,
,,,,,43013,3.0,3,,,,,,,,
,,,,,43016,3.0,3,,,,,,,,
,,,,,43019,3.0,3,,,,,,,,
,,,,,43022,3.0,3,,,,,,,,
,,,,,43031,9.0,9,,,,,,,,
,,,,,43035,4.0,4,,,,,,,,
,,,,,43038,3.0,3,,,,,,,,
,,,,,43041,3.0,3,,,,,,,,
,,,,,43044,3.0,3,,,,,,,,
,,,,,43047,3.0,3,,,,,,,,
,,,,,43050,3.0,3,,,,,,,,
,,,,,43053,3.0,3,,,,,,,,
,,,,,43063,10.0,10,,,,,,,,
,,,,,43066,3.0,3,,,,,,,,
,,,,,43069,3.0,3,,,,,,,,
,,,,,43073,4.0,4,,,,,,,,
,,,,,43077,4.0,4,,,,,,,,
,,,,,43080,3.0,3,,,,,,,,
,,,,,43083,3.0,3,,,,,,,,
,,,,,43089,6.0,6,,,,,,,,
,,,,,43092,3.0,3,,,,,,,,
,,,,,43097,5.0,5,,,,,,,,
,,,,,43100,3.0,3,,,,,,,,
,,,,,43103,3.0,3,,,,,,,,
,,,,,43108,5.0,5,,,,,,,,
,,,,,43111,3.0,3,,,,,,,,
,,,,,43114,3.0,3,,,,,,,,
,,,,,43117,3.0,3,,,,,,,,
,,,,,43120,3.0,3,,,,,,,,
,,,,,43124,4.0,4,,,,,,,,
,,,,,43127,3.0,3,,,,,,,,
,,,,,43130,3.0,3,,,,,,,,
,,,,,43135,5.0,5,,,,,,,,
,,,,,43138,3.0,3,,,,,,,,
,,,,,43141,3.0,3,,,,,,,,
,,,,,43144,3.0,3,,,,,,,,
,,,,,43147,3.0,3,,,,,,,,
,,,,,43150,3.0,3,,,,,,,,
,,,,,43155,5.0,5,,,,,,,,
,,,,,43160,5.0,5,,,,,,,,
,,,,,43163,3.0,3,,,,,,,,
,,,,,43166,3.0,3,,,,,,,,
,,,,,43170,4.0,4,,,,,,,,
,,,,,43173,3.0,3,,,,,,,,
,,,,,43177,4.0,4,,,,,,,,
,,,,,43180,3.0,3,,,,,,,,
,,,,,43183,3.0,3,,,,,,,,
,,,,,43186,3.0,3,,,,,,,,
,,,,,43189,3.0,3,,,,,,,,
,,,,,43192,3.0,3,,,,,,,,
,,,,,43195,3.0,3,,,,,,,,
,,,,,43199,4.0,4,,,,,,,,
,,,,,43202,3.0,3,,,,,,,,
,,,,,43205,3.0,3,,,,,,,,
,,,,,43208,3.0,3,,,,,,,,
,,,,,43211,3.0,3,,,,,,,,
,,,,,43214,3.0,3,,,,,,,,
,,,,,43217,3.0,3,,,,,,,,
,,,,,43220,3.0,3,,,,,,,,
,,,,,43223,3.0,3,,,,,,,,
,,,,,43226,3.0,3,,,,,,,,
,,,,,43229,3.0,3,,,,,,,,
,,,,,43232,3.0,3,,,,,,,,
,,,,,43235,3.0,3,,,,,,,,
,,,,,43238,3.0,3,,,,,,,,
,,,,,43243,5.0,5,,,,,,,,
,,,,,43247,4.0,4,,,,,,,,
,,,,,43250,3.0,3,,,,,,,,
,,,,,43253,3.0,3,,,,,,,,
,,,,,43256,3.0,3,,,,,,,,
,,,,,43259,3.0,3,,,,,,,,
,,,,,43262,3.0,3,,,,,,,,
,,,,,43265,3.0,3,,,,,,,,
,,,,,43268,3.0,3,,,,,,,,
,,,,,43271,3.0,3,,,,,,,,
,,,,,43274,3.0,3,,,,,,,,
,,,,,43279,5.0,5,,,,,,,,
,,,,,43282,3.0,3,,,,,,,,
,,,,,43285,3.0,3,,,,,,,,
,,,,,43288,3.0,3,,,,,,,,
,,,,,43292,4.0,4,,,,,,,,
,,,,,43295,3.0,3,,,,,,,,
,,,,,43298,3.0,3,,,,,,,,
,,,,,43303,5.0,5,,,,,,,,
,,,,,43309,6.0,6,,,,,,,,
,,,,,43313,4.0,4,,,,,,,,
,,,,,43317,4.0,4,,,,,,,,
,,,,,43320,3.0,3,,,,,,,,
,,,,,43323,3.0,3,,,,,,,,
,,,,,43326,3.0,3,,,,,,,,
,,,,,43329,3.0,3,,,,,,,,
,,,,,43332,3.0,3,,,,,,,,
,,,,,43335,3.0,3,,,,,,,,
,,,,,43338,3.0,3,,,,,,,,
,,,,,43341,3.0,3,,,,,,,,
,,,,,43344,3.0,3,,,,,,,,
,,,,,43347,3.0,3,,,,,,,,
,,,,,43351,4.0,4,,,,,,,,
,,,,,43357,6.0,6,,,,,,,,
,,,,,43360,3.0,3,,,,,,,,
,,,,,43363,3.0,3,,,,,,,,
,,,,,43368,5.0,5,,,,,,,,
,,,,,43371,3.0,3,,,,,,,,
,,,,,43376,5.0,5,,,,,,,,
,,,,,43379,3.0,3,,,,,,,,
,,,,,43382,3.0,3,,,,,,,,
,,,,,43385,3.0,3,,,,,,,,
,,,,,43391,6.0,6,,,,,,,,
,,,,,43395,4.0,4,,,,,,,,
,,,,,43398,3.0,3,,,,,,,,
,,,,,43401,3.0,3,,,,,,,,
,,,,,43404,3.0,3,,,,,,,,
,,,,,43407,3.0,3,,,,,,,,
,,,,,43411,4.0,4,,,,,,,,
,,,,,43414,3.0,3,,,,,,,,
,,,,,43417,3.0,3,,,,,,,,
,,,,,43423,6.0,6,,,,,,,,
,,,,,43426,3.0,3,,,,,,,,
,,,,,43429,3.0,3,,,,,,,,
,,,,,43434,5.0,5,,,,,,,,
,,,,,43437,3.0,3,,,,,,,,
,,,,,43440,3.0,3,,,,,,,,
,,,,,43443,3.0,3,,,,,,,,
,,,,,43446,3.0,3,,,,,,,,
,,,,,43450,4.0,4,,,,,,,,
,,,,,43453,3.0,3,,,,,,,,
,,,,,43458,5.0,5,,,,,,,,
,,,,,43461,3.0,3,,,,,,,,
,,,,,43464,3.0,3,,,,,,,,
,,,,,43467,3.0,3,,,,,,,,
,,,,,43473,6.0,6,,,,,,,,
,,,,,43476,3.0,3,,,,,,,,
,,,,,43479,3.0,3,,,,,,,,
,,,,,43483,4.0,4,,,,,,,,
,,,,,43486,3.0,3,,,,,,,,
,,,,,43489,3.0,3,,,,,,,,
,,,,,43492,3.0,3,,,,,,,,
,,,,,43495,3.0,3,,,,,,,,
,,,,,43498,3.0,3,,,,,,,,
,,,,,43501,3.0,3,,,,,,,,
,,,,,43504,3.0,3,,,,,,,,
,,,,,43513,9.0,9,,,,,,,,
,,,,,43516,3.0,3,,,,,,,,
,,,,,43521,5.0,5,,,,,,,,
,,,,,43526,5.0,5,,,,,,,,
,,,,,43529,3.0,3,,,,,,,,
,,,,,43536,7.0,7,,,,,,,,
,,,,,43539,3.0,3,,,,,,,,
,,,,,43542,3.0,3,,,,,,,,
,,,,,43545,3.0,3,,,,,,,,
,,,,,43550,5.0,5,,,,,,,,
,,,,,43556,6.0,6,,,,,,,,
,,,,,43559,3.0,3,,,,,,,,
,,,,,43562,3.0,3,,,,,,,,
,,,,,43566,4.0,4,,,,,,,,
,,,,,43572,6.0,6,,,,,,,,
,,,,,43575,3.0,3,,,,,,,,
,,,,,43578,3.0,3,,,,,,,,
,,,,,43581,3.0,3,,,,,,,,
,,,,,43585,4.0,4,,,,,,,,
,,,,,43588,3.0,3,,,,,,,,
,,,,,43591,3.0,3,,,,,,,,
,,,,,43594,3.0,3,,,,,,,,
,,,,,43597,3.0,3,,,,,,,,
,,,,,43601,4.0,4,,,,,,,,
,,,,,43604,3.0,3,,,,,,,,
,,,,,43607,3.0,3,,,,,,,,
,,,,,43610,3.0,3,,,,,,,,
,,,,,43613,3.0,3,,,,,,,,
,,,,,43616,3.0,3,,,,,,,,
,,,,,43619,3.0,3,,,,,,,,
,,,,,43622,3.0,3,,,,,,,,
,,,,,43628,6.0,6,,,,,,,,
,,,,,43631,3.0,3,,,,,,,,
,,,,,43634,3.0,3,,,,,,,,
,,,,,43638,4.0,4,,,,,,,,
,,,,,43641,3.0,3,,,,,,,,
,,,,,43645,4.0,4,,,,,,,,
,,,,,43648,3.0,3,,,,,,,,
,,,,,43652,4.0,4,,,,,,,,
,,,,,43656,4.0,4,,,,,,,,
,,,,,43659,3.0,3,,,,,,,,
,,,,,43662,3.0,3,,,,,,,,
,,,,,43665,3.0,3,,,,,,,,
,,,,,43668,3.0,3,,,,,,,,
,,,,,43671,3.0,3,,,,,,,,
,,,,,43674,3.0,3,,,,,,,,
,,,,,43677,3.0,3,,,,,,,,
,,,,,43680,3.0,3,,,,,,,,
,,,,,43689,9.0,9,,,,,,,,
,,,,,43692,3.0,3,,,,,,,,
,,,,,43695,3.0,3,,,,,,,,
,,,,,43698,3.0,3,,,,,,,,
,,,,,43702,4.0,4,,,,,,,,
,,,,,43705,3.0,3,,,,,,,,
,,,,,43708,3.0,3,,,,,,,,
,,,,,43711,3.0,3,,,,,,,,
,,,,,43714,3.0,3,,,,,,,,
,,,,,43717,3.0,3,,,,,,,,
,,,,,43720,3.0,3,,,,,,,,
,,,,,43723,3.0,3,,,,,,,,
,,,,,43728,5.0,5,,,,,,,,
,,,,,43731,3.0,3,,,,,,,,
,,,,,43734,3.0,3,,,,,,,,
,,,,,43737,3.0,3,,,,,,,,
,,,,,43740,3.0,3,,,,,,,,
,,,,,43743,3.0,3,,,,,,,,
,,,,,43746,3.0,3,,,,,,,,
,,,,,43749,3.0,3,,,,,,,,
,,,,,43752,3.0,3,,,,,,,,
,,,,,43755,3.0,3,,,,,,,,
,,,,,43760,5.0,5,,,,,,,,
,,,,,43763,3.0,3,,,,,,,,
,,,,,43766,3.0,3,,,,,,,,
,,,,,43769,3.0,3,,,,,,,,
,,,,,43775,6.0,6,,,,,,,,
,,,,,43778,3.0,3,,,,,,,,
,,,,,43783,5.0,5,,,,,,,,
,,,,,43790,7.0,7,,,,,,,,
,,,,,43793,3.0,3,,,,,,,,
,,,,,43796,3.0,3,,,,,,,,
,,,,,43799,3.0,3,,,,,,,,
,,,,,43802,3.0,3,,,,,,,,
,,,,,43806,4.0,4,,,,,,,,
,,,,,43809,3.0,3,,,,,,,,
,,,,,43812,3.0,3,,,,,,,,
,,,,,43815,3.0,3,,,,,,,,
,,,,,43819,4.0,4,,,,,,,,
,,,,,43822,3.0,3,,,,,,,,
,,,,,43825,3.0,3,,,,,,,,
,,,,,43830,5.0,5,,,,,,,,
,,,,,43834,4.0,4,,,,,,,,
,,,,,43837,3.0,3,,,,,,,,
,,,,,43840,3.0,3,,,,,,,,
,,,,,43843,3.0,3,,,,,,,,
,,,,,43846,3.0,3,,,,,,,,
,,,,,43849,3.0,3,,,,,,,,
,,,,,43852,3.0,3,,,,,,,,
,,,,,43855,3.0,3,,,,,,,,
,,,,,43858,3.0,3,,,,,,,,
,,,,,43861,3.0,3,,,,,,,,
,,,,,43866,5.0,5,,,,,,,,
,,,,,43869,3.0,3,,,,,,,,
,,,,,43872,3.0,3,,,,,,,,
,,,,,43875,3.0,3,,,,,,,,
,,,,,43879,4.0,4,,,,,,,,
,,,,,43883,4.0,4,,,,,,,,
,,,,,43892,9.0,9,,,,,,,,
,,,,,43895,3.0,3,,,,,,,,
,,,,,43898,3.0,3,,,,,,,,
,,,,,43904,6.0,6,,,,,,,,
,,,,,43907,3.0,3,,,,,,,,
,,,,,43911,4.0,4,,,,,,,,
,,,,,43914,3.0,3,,,,,,,,
,,,,,43917,3.0,3,,,,,,,,
,,,,,43920,3.0,3,,,,,,,,
,,,,,43923,3.0,3,,,,,,,,
,,,,,43926,3.0,3,,,,,,,,
,,,,,43929,3.0,3,,,,,,,,
,,,,,43932,3.0,3,,,,,,,,
,,,,,43939,7.0,7,,,,,,,,
,,,,,43942,3.0,3,,,,,,,,
,,,,,43945,3.0,3,,,,,,,,
,,,,,43948,3.0,3,,,,,,,,
,,,,,43952,4.0,4,,,,,,,,
,,,,,43955,3.0,3,,,,,,,,
,,,,,43958,3.0,3,,,,,,,,
,,,,,43963,5.0,5,,,,,,,,
,,,,,43966,3.0,3,,,,,,,,
,,,,,43969,3.0,3,,,,,,,,
,,,,,43972,3.0,3,,,,,,,,
,,,,,43975,3.0,3,,,,,,,,
,,,,,43980,5.0,5,,,,,,,,
,,,,,43984,4.0,4,,,,,,,,
,,,,,43987,3.0,3,,,,,,,,
,,,,,43990,3.0,3,,,,,,,,
,,,,,43993,3.0,3,,,,,,,,
,,,,,43996,3.0,3,,,,,,,,
,,,,,43999,3.0,3,,,,,,,,
,,,,,44000,,,0.2673046290874481,-2.673046350479126,0.08514668047428131,2.200706720352173,2.2475829124450684,0.0003,0.0003,0.1
,,,,,44002,3.0,3,,,,,,,,
,,,,,44005,3.0,3,,,,,,,,
,,,,,44008,3.0,3,,,,,,,,
,,,,,44011,3.0,3,,,,,,,,
,,,,,44015,4.0,4,,,,,,,,
,,,,,44018,3.0,3,,,,,,,,
,,,,,44021,3.0,3,,,,,,,,
,,,,,44024,3.0,3,,,,,,,,
,,,,,44027,3.0,3,,,,,,,,
,,,,,44030,3.0,3,,,,,,,,
,,,,,44033,3.0,3,,,,,,,,
,,,,,44037,4.0,4,,,,,,,,
,,,,,44040,3.0,3,,,,,,,,
,,,,,44043,3.0,3,,,,,,,,
,,,,,44046,3.0,3,,,,,,,,
,,,,,44049,3.0,3,,,,,,,,
,,,,,44052,3.0,3,,,,,,,,
,,,,,44055,3.0,3,,,,,,,,
,,,,,44058,3.0,3,,,,,,,,
,,,,,44061,3.0,3,,,,,,,,
,,,,,44064,3.0,3,,,,,,,,
,,,,,44067,3.0,3,,,,,,,,
,,,,,44070,3.0,3,,,,,,,,
,,,,,44074,4.0,4,,,,,,,,
,,,,,44077,3.0,3,,,,,,,,
,,,,,44080,3.0,3,,,,,,,,
,,,,,44083,3.0,3,,,,,,,,
,,,,,44086,3.0,3,,,,,,,,
,,,,,44089,3.0,3,,,,,,,,
,,,,,44092,3.0,3,,,,,,,,
,,,,,44095,3.0,3,,,,,,,,
,,,,,44098,3.0,3,,,,,,,,
,,,,,44101,3.0,3,,,,,,,,
,,,,,44104,3.0,3,,,,,,,,
,,,,,44107,3.0,3,,,,,,,,
,,,,,44113,6.0,6,,,,,,,,
,,,,,44117,4.0,4,,,,,,,,
,,,,,44120,3.0,3,,,,,,,,
,,,,,44123,3.0,3,,,,,,,,
,,,,,44126,3.0,3,,,,,,,,
,,,,,44132,6.0,6,,,,,,,,
,,,,,44135,3.0,3,,,,,,,,
,,,,,44138,3.0,3,,,,,,,,
,,,,,44141,3.0,3,,,,,,,,
,,,,,44144,3.0,3,,,,,,,,
,,,,,44147,3.0,3,,,,,,,,
,,,,,44150,3.0,3,,,,,,,,
,,,,,44153,3.0,3,,,,,,,,
,,,,,44158,5.0,5,,,,,,,,
,,,,,44170,12.0,12,,,,,,,,
,,,,,44173,3.0,3,,,,,,,,
,,,,,44176,3.0,3,,,,,,,,
,,,,,44184,8.0,8,,,,,,,,
,,,,,44188,4.0,4,,,,,,,,
,,,,,44191,3.0,3,,,,,,,,
,,,,,44194,3.0,3,,,,,,,,
,,,,,44197,3.0,3,,,,,,,,
,,,,,44200,3.0,3,,,,,,,,
,,,,,44203,3.0,3,,,,,,,,
,,,,,44206,3.0,3,,,,,,,,
,,,,,44209,3.0,3,,,,,,,,
,,,,,44212,3.0,3,,,,,,,,
,,,,,44215,3.0,3,,,,,,,,
,,,,,44218,3.0,3,,,,,,,,
,,,,,44221,3.0,3,,,,,,,,
,,,,,44224,3.0,3,,,,,,,,
,,,,,44227,3.0,3,,,,,,,,
,,,,,44231,4.0,4,,,,,,,,
,,,,,44234,3.0,3,,,,,,,,
,,,,,44237,3.0,3,,,,,,,,
,,,,,44240,3.0,3,,,,,,,,
,,,,,44252,12.0,12,,,,,,,,
,,,,,44256,4.0,4,,,,,,,,
,,,,,44259,3.0,3,,,,,,,,
,,,,,44262,3.0,3,,,,,,,,
,,,,,44265,3.0,3,,,,,,,,
,,,,,44268,3.0,3,,,,,,,,
,,,,,44272,4.0,4,,,,,,,,
,,,,,44275,3.0,3,,,,,,,,
,,,,,44278,3.0,3,,,,,,,,
,,,,,44281,3.0,3,,,,,,,,
,,,,,44284,3.0,3,,,,,,,,
,,,,,44287,3.0,3,,,,,,,,
,,,,,44295,8.0,8,,,,,,,,
,,,,,44298,3.0,3,,,,,,,,
,,,,,44301,3.0,3,,,,,,,,
,,,,,44304,3.0,3,,,,,,,,
,,,,,44307,3.0,3,,,,,,,,
,,,,,44310,3.0,3,,,,,,,,
,,,,,44313,3.0,3,,,,,,,,
,,,,,44317,4.0,4,,,,,,,,
,,,,,44320,3.0,3,,,,,,,,
,,,,,44323,3.0,3,,,,,,,,
,,,,,44329,6.0,6,,,,,,,,
,,,,,44333,4.0,4,,,,,,,,
,,,,,44336,3.0,3,,,,,,,,
,,,,,44339,3.0,3,,,,,,,,
,,,,,44342,3.0,3,,,,,,,,
,,,,,44345,3.0,3,,,,,,,,
,,,,,44349,4.0,4,,,,,,,,
,,,,,44352,3.0,3,,,,,,,,
,,,,,44355,3.0,3,,,,,,,,
,,,,,44359,4.0,4,,,,,,,,
,,,,,44362,3.0,3,,,,,,,,
,,,,,44365,3.0,3,,,,,,,,
,,,,,44369,4.0,4,,,,,,,,
,,,,,44372,3.0,3,,,,,,,,
,,,,,44375,3.0,3,,,,,,,,
,,,,,44378,3.0,3,,,,,,,,
,,,,,44381,3.0,3,,,,,,,,
,,,,,44384,3.0,3,,,,,,,,
,,,,,44387,3.0,3,,,,,,,,
,,,,,44390,3.0,3,,,,,,,,
,,,,,44393,3.0,3,,,,,,,,
,,,,,44396,3.0,3,,,,,,,,
,,,,,44399,3.0,3,,,,,,,,
,,,,,44402,3.0,3,,,,,,,,
,,,,,44408,6.0,6,,,,,,,,
,,,,,44411,3.0,3,,,,,,,,
,,,,,44414,3.0,3,,,,,,,,
,,,,,44417,3.0,3,,,,,,,,
,,,,,44422,5.0,5,,,,,,,,
,,,,,44426,4.0,4,,,,,,,,
,,,,,44429,3.0,3,,,,,,,,
,,,,,44432,3.0,3,,,,,,,,
,,,,,44435,3.0,3,,,,,,,,
,,,,,44442,7.0,7,,,,,,,,
,,,,,44445,3.0,3,,,,,,,,
,,,,,44448,3.0,3,,,,,,,,
,,,,,44451,3.0,3,,,,,,,,
,,,,,44454,3.0,3,,,,,,,,
,,,,,44457,3.0,3,,,,,,,,
,,,,,44460,3.0,3,,,,,,,,
,,,,,44463,3.0,3,,,,,,,,
,,,,,44466,3.0,3,,,,,,,,
,,,,,44469,3.0,3,,,,,,,,
,,,,,44474,5.0,5,,,,,,,,
,,,,,44477,3.0,3,,,,,,,,
,,,,,44482,5.0,5,,,,,,,,
,,,,,44485,3.0,3,,,,,,,,
,,,,,44490,5.0,5,,,,,,,,
,,,,,44493,3.0,3,,,,,,,,
,,,,,44497,4.0,4,,,,,,,,
,,,,,44500,3.0,3,,,,,,,,
,,,,,44504,4.0,4,,,,,,,,
,,,,,44507,3.0,3,,,,,,,,
,,,,,44510,3.0,3,,,,,,,,
,,,,,44513,3.0,3,,,,,,,,
,,,,,44517,4.0,4,,,,,,,,
,,,,,44520,3.0,3,,,,,,,,
,,,,,44525,5.0,5,,,,,,,,
,,,,,44528,3.0,3,,,,,,,,
,,,,,44531,3.0,3,,,,,,,,
,,,,,44534,3.0,3,,,,,,,,
,,,,,44538,4.0,4,,,,,,,,
,,,,,44541,3.0,3,,,,,,,,
,,,,,44546,5.0,5,,,,,,,,
,,,,,44549,3.0,3,,,,,,,,
,,,,,44552,3.0,3,,,,,,,,
,,,,,44555,3.0,3,,,,,,,,
,,,,,44558,3.0,3,,,,,,,,
,,,,,44561,3.0,3,,,,,,,,
,,,,,44564,3.0,3,,,,,,,,
,,,,,44572,8.0,8,,,,,,,,
,,,,,44577,5.0,5,,,,,,,,
,,,,,44580,3.0,3,,,,,,,,
,,,,,44583,3.0,3,,,,,,,,
,,,,,44586,3.0,3,,,,,,,,
,,,,,44589,3.0,3,,,,,,,,
,,,,,44592,3.0,3,,,,,,,,
,,,,,44595,3.0,3,,,,,,,,
,,,,,44598,3.0,3,,,,,,,,
,,,,,44602,4.0,4,,,,,,,,
,,,,,44605,3.0,3,,,,,,,,
,,,,,44608,3.0,3,,,,,,,,
,,,,,44611,3.0,3,,,,,,,,
,,,,,44614,3.0,3,,,,,,,,
,,,,,44618,4.0,4,,,,,,,,
,,,,,44621,3.0,3,,,,,,,,
,,,,,44624,3.0,3,,,,,,,,
,,,,,44628,4.0,4,,,,,,,,
,,,,,44631,3.0,3,,,,,,,,
,,,,,44634,3.0,3,,,,,,,,
,,,,,44637,3.0,3,,,,,,,,
,,,,,44640,3.0,3,,,,,,,,
,,,,,44644,4.0,4,,,,,,,,
,,,,,44647,3.0,3,,,,,,,,
,,,,,44650,3.0,3,,,,,,,,
,,,,,44653,3.0,3,,,,,,,,
,,,,,44656,3.0,3,,,,,,,,
,,,,,44660,4.0,4,,,,,,,,
,,,,,44663,3.0,3,,,,,,,,
,,,,,44666,3.0,3,,,,,,,,
,,,,,44673,7.0,7,,,,,,,,
,,,,,44676,3.0,3,,,,,,,,
,,,,,44679,3.0,3,,,,,,,,
,,,,,44682,3.0,3,,,,,,,,
,,,,,44685,3.0,3,,,,,,,,
,,,,,44688,3.0,3,,,,,,,,
,,,,,44691,3.0,3,,,,,,,,
,,,,,44696,5.0,5,,,,,,,,
,,,,,44699,3.0,3,,,,,,,,
,,,,,44702,3.0,3,,,,,,,,
,,,,,44707,5.0,5,,,,,,,,
,,,,,44710,3.0,3,,,,,,,,
,,,,,44713,3.0,3,,,,,,,,
,,,,,44716,3.0,3,,,,,,,,
,,,,,44719,3.0,3,,,,,,,,
,,,,,44722,3.0,3,,,,,,,,
,,,,,44725,3.0,3,,,,,,,,
,,,,,44730,5.0,5,,,,,,,,
,,,,,44733,3.0,3,,,,,,,,
,,,,,44736,3.0,3,,,,,,,,
,,,,,44739,3.0,3,,,,,,,,
,,,,,44742,3.0,3,,,,,,,,
,,,,,44745,3.0,3,,,,,,,,
,,,,,44749,4.0,4,,,,,,,,
,,,,,44755,6.0,6,,,,,,,,
,,,,,44758,3.0,3,,,,,,,,
,,,,,44761,3.0,3,,,,,,,,
,,,,,44764,3.0,3,,,,,,,,
,,,,,44767,3.0,3,,,,,,,,
,,,,,44770,3.0,3,,,,,,,,
,,,,,44773,3.0,3,,,,,,,,
,,,,,44776,3.0,3,,,,,,,,
,,,,,44780,4.0,4,,,,,,,,
,,,,,44785,5.0,5,,,,,,,,
,,,,,44788,3.0,3,,,,,,,,
,,,,,44792,4.0,4,,,,,,,,
,,,,,44795,3.0,3,,,,,,,,
,,,,,44798,3.0,3,,,,,,,,
,,,,,44801,3.0,3,,,,,,,,
,,,,,44804,3.0,3,,,,,,,,
,,,,,44807,3.0,3,,,,,,,,
,,,,,44810,3.0,3,,,,,,,,
,,,,,44813,3.0,3,,,,,,,,
,,,,,44816,3.0,3,,,,,,,,
,,,,,44819,3.0,3,,,,,,,,
,,,,,44822,3.0,3,,,,,,,,
,,,,,44825,3.0,3,,,,,,,,
,,,,,44828,3.0,3,,,,,,,,
,,,,,44831,3.0,3,,,,,,,,
,,,,,44834,3.0,3,,,,,,,,
,,,,,44837,3.0,3,,,,,,,,
,,,,,44840,3.0,3,,,,,,,,
,,,,,44843,3.0,3,,,,,,,,
,,,,,44846,3.0,3,,,,,,,,
,,,,,44849,3.0,3,,,,,,,,
,,,,,44852,3.0,3,,,,,,,,
,,,,,44855,3.0,3,,,,,,,,
,,,,,44858,3.0,3,,,,,,,,
,,,,,44866,8.0,8,,,,,,,,
,,,,,44869,3.0,3,,,,,,,,
,,,,,44872,3.0,3,,,,,,,,
,,,,,44875,3.0,3,,,,,,,,
,,,,,44879,4.0,4,,,,,,,,
,,,,,44882,3.0,3,,,,,,,,
,,,,,44885,3.0,3,,,,,,,,
,,,,,44888,3.0,3,,,,,,,,
,,,,,44891,3.0,3,,,,,,,,
,,,,,44894,3.0,3,,,,,,,,
,,,,,44897,3.0,3,,,,,,,,
,,,,,44900,3.0,3,,,,,,,,
,,,,,44903,3.0,3,,,,,,,,
,,,,,44906,3.0,3,,,,,,,,
,,,,,44911,5.0,5,,,,,,,,
,,,,,44914,3.0,3,,,,,,,,
,,,,,44917,3.0,3,,,,,,,,
,,,,,44920,3.0,3,,,,,,,,
,,,,,44924,4.0,4,,,,,,,,
,,,,,44927,3.0,3,,,,,,,,
,,,,,44930,3.0,3,,,,,,,,
,,,,,44933,3.0,3,,,,,,,,
,,,,,44936,3.0,3,,,,,,,,
,,,,,44939,3.0,3,,,,,,,,
,,,,,44942,3.0,3,,,,,,,,
,,,,,44946,4.0,4,,,,,,,,
,,,,,44950,4.0,4,,,,,,,,
,,,,,44953,3.0,3,,,,,,,,
,,,,,44956,3.0,3,,,,,,,,
,,,,,44959,3.0,3,,,,,,,,
,,,,,44962,3.0,3,,,,,,,,
,,,,,44965,3.0,3,,,,,,,,
,,,,,44968,3.0,3,,,,,,,,
,,,,,44971,3.0,3,,,,,,,,
,,,,,44974,3.0,3,,,,,,,,
,,,,,44977,3.0,3,,,,,,,,
,,,,,44980,3.0,3,,,,,,,,
,,,,,44983,3.0,3,,,,,,,,
,,,,,44986,3.0,3,,,,,,,,
,,,,,44989,3.0,3,,,,,,,,
,,,,,44994,5.0,5,,,,,,,,
,,,,,44997,3.0,3,,,,,,,,
,,,,,45000,3.0,3,,,,,,,,
3.0,0.0,3.0,3.0,3.0,45000,,,0.478027880191803,-4.78027868270874,0.07206612080335617,1.6704996824264526,1.627711296081543,0.0003,0.0003,0.1
,,,,,45004,4.0,4,,,,,,,,
,,,,,45007,3.0,3,,,,,,,,
,,,,,45010,3.0,3,,,,,,,,
,,,,,45013,3.0,3,,,,,,,,
,,,,,45016,3.0,3,,,,,,,,
,,,,,45019,3.0,3,,,,,,,,
,,,,,45022,3.0,3,,,,,,,,
,,,,,45025,3.0,3,,,,,,,,
,,,,,45028,3.0,3,,,,,,,,
,,,,,45031,3.0,3,,,,,,,,
,,,,,45034,3.0,3,,,,,,,,
,,,,,45037,3.0,3,,,,,,,,
,,,,,45041,4.0,4,,,,,,,,
,,,,,45044,3.0,3,,,,,,,,
,,,,,45047,3.0,3,,,,,,,,
,,,,,45050,3.0,3,,,,,,,,
,,,,,45053,3.0,3,,,,,,,,
,,,,,45057,4.0,4,,,,,,,,
,,,,,45060,3.0,3,,,,,,,,
,,,,,45063,3.0,3,,,,,,,,
,,,,,45066,3.0,3,,,,,,,,
,,,,,45069,3.0,3,,,,,,,,
,,,,,45072,3.0,3,,,,,,,,
,,,,,45075,3.0,3,,,,,,,,
,,,,,45079,4.0,4,,,,,,,,
,,,,,45082,3.0,3,,,,,,,,
,,,,,45085,3.0,3,,,,,,,,
,,,,,45088,3.0,3,,,,,,,,
,,,,,45091,3.0,3,,,,,,,,
,,,,,45094,3.0,3,,,,,,,,
,,,,,45097,3.0,3,,,,,,,,
,,,,,45100,3.0,3,,,,,,,,
,,,,,45103,3.0,3,,,,,,,,
,,,,,45106,3.0,3,,,,,,,,
,,,,,45109,3.0,3,,,,,,,,
,,,,,45112,3.0,3,,,,,,,,
,,,,,45115,3.0,3,,,,,,,,
,,,,,45118,3.0,3,,,,,,,,
,,,,,45121,3.0,3,,,,,,,,
,,,,,45124,3.0,3,,,,,,,,
,,,,,45127,3.0,3,,,,,,,,
,,,,,45130,3.0,3,,,,,,,,
,,,,,45133,3.0,3,,,,,,,,
,,,,,45136,3.0,3,,,,,,,,
,,,,,45139,3.0,3,,,,,,,,
,,,,,45142,3.0,3,,,,,,,,
,,,,,45145,3.0,3,,,,,,,,
,,,,,45149,4.0,4,,,,,,,,
,,,,,45152,3.0,3,,,,,,,,
,,,,,45155,3.0,3,,,,,,,,
,,,,,45159,4.0,4,,,,,,,,
,,,,,45162,3.0,3,,,,,,,,
,,,,,45165,3.0,3,,,,,,,,
,,,,,45168,3.0,3,,,,,,,,
,,,,,45171,3.0,3,,,,,,,,
,,,,,45174,3.0,3,,,,,,,,
,,,,,45177,3.0,3,,,,,,,,
,,,,,45180,3.0,3,,,,,,,,
,,,,,45183,3.0,3,,,,,,,,
,,,,,45186,3.0,3,,,,,,,,
,,,,,45189,3.0,3,,,,,,,,
,,,,,45192,3.0,3,,,,,,,,
,,,,,45199,7.0,7,,,,,,,,
,,,,,45202,3.0,3,,,,,,,,
,,,,,45205,3.0,3,,,,,,,,
,,,,,45208,3.0,3,,,,,,,,
,,,,,45211,3.0,3,,,,,,,,
,,,,,45214,3.0,3,,,,,,,,
,,,,,45217,3.0,3,,,,,,,,
,,,,,45220,3.0,3,,,,,,,,
,,,,,45223,3.0,3,,,,,,,,
,,,,,45226,3.0,3,,,,,,,,
,,,,,45229,3.0,3,,,,,,,,
,,,,,45232,3.0,3,,,,,,,,
,,,,,45235,3.0,3,,,,,,,,
,,,,,45240,5.0,5,,,,,,,,
,,,,,45243,3.0,3,,,,,,,,
,,,,,45246,3.0,3,,,,,,,,
,,,,,45249,3.0,3,,,,,,,,
,,,,,45252,3.0,3,,,,,,,,
,,,,,45255,3.0,3,,,,,,,,
,,,,,45258,3.0,3,,,,,,,,
,,,,,45261,3.0,3,,,,,,,,
,,,,,45264,3.0,3,,,,,,,,
,,,,,45267,3.0,3,,,,,,,,
,,,,,45271,4.0,4,,,,,,,,
,,,,,45274,3.0,3,,,,,,,,
,,,,,45277,3.0,3,,,,,,,,
,,,,,45282,5.0,5,,,,,,,,
,,,,,45285,3.0,3,,,,,,,,
,,,,,45288,3.0,3,,,,,,,,
,,,,,45291,3.0,3,,,,,,,,
,,,,,45294,3.0,3,,,,,,,,
,,,,,45297,3.0,3,,,,,,,,
,,,,,45300,3.0,3,,,,,,,,
,,,,,45304,4.0,4,,,,,,,,
,,,,,45307,3.0,3,,,,,,,,
,,,,,45310,3.0,3,,,,,,,,
,,,,,45314,4.0,4,,,,,,,,
,,,,,45317,3.0,3,,,,,,,,
,,,,,45320,3.0,3,,,,,,,,
,,,,,45323,3.0,3,,,,,,,,
,,,,,45326,3.0,3,,,,,,,,
,,,,,45330,4.0,4,,,,,,,,
,,,,,45334,4.0,4,,,,,,,,
,,,,,45337,3.0,3,,,,,,,,
,,,,,45340,3.0,3,,,,,,,,
,,,,,45343,3.0,3,,,,,,,,
,,,,,45346,3.0,3,,,,,,,,
,,,,,45349,3.0,3,,,,,,,,
,,,,,45352,3.0,3,,,,,,,,
,,,,,45355,3.0,3,,,,,,,,
,,,,,45358,3.0,3,,,,,,,,
,,,,,45361,3.0,3,,,,,,,,
,,,,,45364,3.0,3,,,,,,,,
,,,,,45367,3.0,3,,,,,,,,
,,,,,45370,3.0,3,,,,,,,,
,,,,,45373,3.0,3,,,,,,,,
,,,,,45376,3.0,3,,,,,,,,
,,,,,45379,3.0,3,,,,,,,,
,,,,,45382,3.0,3,,,,,,,,
,,,,,45385,3.0,3,,,,,,,,
,,,,,45391,6.0,6,,,,,,,,
,,,,,45394,3.0,3,,,,,,,,
,,,,,45399,5.0,5,,,,,,,,
,,,,,45403,4.0,4,,,,,,,,
,,,,,45406,3.0,3,,,,,,,,
,,,,,45409,3.0,3,,,,,,,,
,,,,,45412,3.0,3,,,,,,,,
,,,,,45415,3.0,3,,,,,,,,
,,,,,45418,3.0,3,,,,,,,,
,,,,,45421,3.0,3,,,,,,,,
,,,,,45424,3.0,3,,,,,,,,
,,,,,45427,3.0,3,,,,,,,,
,,,,,45430,3.0,3,,,,,,,,
,,,,,45434,4.0,4,,,,,,,,
,,,,,45437,3.0,3,,,,,,,,
,,,,,45441,4.0,4,,,,,,,,
,,,,,45445,4.0,4,,,,,,,,
,,,,,45449,4.0,4,,,,,,,,
,,,,,45452,3.0,3,,,,,,,,
,,,,,45456,4.0,4,,,,,,,,
,,,,,45459,3.0,3,,,,,,,,
,,,,,45462,3.0,3,,,,,,,,
,,,,,45465,3.0,3,,,,,,,,
,,,,,45468,3.0,3,,,,,,,,
,,,,,45471,3.0,3,,,,,,,,
,,,,,45474,3.0,3,,,,,,,,
,,,,,45477,3.0,3,,,,,,,,
,,,,,45482,5.0,5,,,,,,,,
,,,,,45485,3.0,3,,,,,,,,
,,,,,45488,3.0,3,,,,,,,,
,,,,,45491,3.0,3,,,,,,,,
,,,,,45496,5.0,5,,,,,,,,
,,,,,45499,3.0,3,,,,,,,,
,,,,,45503,4.0,4,,,,,,,,
,,,,,45507,4.0,4,,,,,,,,
,,,,,45510,3.0,3,,,,,,,,
,,,,,45513,3.0,3,,,,,,,,
,,,,,45516,3.0,3,,,,,,,,
,,,,,45519,3.0,3,,,,,,,,
,,,,,45523,4.0,4,,,,,,,,
,,,,,45526,3.0,3,,,,,,,,
,,,,,45529,3.0,3,,,,,,,,
,,,,,45532,3.0,3,,,,,,,,
,,,,,45535,3.0,3,,,,,,,,
,,,,,45538,3.0,3,,,,,,,,
,,,,,45541,3.0,3,,,,,,,,
,,,,,45544,3.0,3,,,,,,,,
,,,,,45547,3.0,3,,,,,,,,
,,,,,45550,3.0,3,,,,,,,,
,,,,,45554,4.0,4,,,,,,,,
,,,,,45557,3.0,3,,,,,,,,
,,,,,45560,3.0,3,,,,,,,,
,,,,,45563,3.0,3,,,,,,,,
,,,,,45566,3.0,3,,,,,,,,
,,,,,45569,3.0,3,,,,,,,,
,,,,,45572,3.0,3,,,,,,,,
,,,,,45575,3.0,3,,,,,,,,
,,,,,45578,3.0,3,,,,,,,,
,,,,,45581,3.0,3,,,,,,,,
,,,,,45584,3.0,3,,,,,,,,
,,,,,45587,3.0,3,,,,,,,,
,,,,,45590,3.0,3,,,,,,,,
,,,,,45594,4.0,4,,,,,,,,
,,,,,45597,3.0,3,,,,,,,,
,,,,,45601,4.0,4,,,,,,,,
,,,,,45604,3.0,3,,,,,,,,
,,,,,45607,3.0,3,,,,,,,,
,,,,,45610,3.0,3,,,,,,,,
,,,,,45613,3.0,3,,,,,,,,
,,,,,45616,3.0,3,,,,,,,,
,,,,,45619,3.0,3,,,,,,,,
,,,,,45622,3.0,3,,,,,,,,
,,,,,45625,3.0,3,,,,,,,,
,,,,,45628,3.0,3,,,,,,,,
,,,,,45631,3.0,3,,,,,,,,
,,,,,45634,3.0,3,,,,,,,,
,,,,,45637,3.0,3,,,,,,,,
,,,,,45640,3.0,3,,,,,,,,
,,,,,45643,3.0,3,,,,,,,,
,,,,,45646,3.0,3,,,,,,,,
,,,,,45649,3.0,3,,,,,,,,
,,,,,45652,3.0,3,,,,,,,,
,,,,,45655,3.0,3,,,,,,,,
,,,,,45658,3.0,3,,,,,,,,
,,,,,45661,3.0,3,,,,,,,,
,,,,,45664,3.0,3,,,,,,,,
,,,,,45667,3.0,3,,,,,,,,
,,,,,45672,5.0,5,,,,,,,,
,,,,,45675,3.0,3,,,,,,,,
,,,,,45679,4.0,4,,,,,,,,
,,,,,45682,3.0,3,,,,,,,,
,,,,,45686,4.0,4,,,,,,,,
,,,,,45690,4.0,4,,,,,,,,
,,,,,45693,3.0,3,,,,,,,,
,,,,,45697,4.0,4,,,,,,,,
,,,,,45700,3.0,3,,,,,,,,
,,,,,45703,3.0,3,,,,,,,,
,,,,,45706,3.0,3,,,,,,,,
,,,,,45709,3.0,3,,,,,,,,
,,,,,45713,4.0,4,,,,,,,,
,,,,,45716,3.0,3,,,,,,,,
,,,,,45719,3.0,3,,,,,,,,
,,,,,45722,3.0,3,,,,,,,,
,,,,,45725,3.0,3,,,,,,,,
,,,,,45728,3.0,3,,,,,,,,
,,,,,45731,3.0,3,,,,,,,,
,,,,,45734,3.0,3,,,,,,,,
,,,,,45737,3.0,3,,,,,,,,
,,,,,45740,3.0,3,,,,,,,,
,,,,,45743,3.0,3,,,,,,,,
,,,,,45746,3.0,3,,,,,,,,
,,,,,45750,4.0,4,,,,,,,,
,,,,,45753,3.0,3,,,,,,,,
,,,,,45756,3.0,3,,,,,,,,
,,,,,45759,3.0,3,,,,,,,,
,,,,,45762,3.0,3,,,,,,,,
,,,,,45765,3.0,3,,,,,,,,
,,,,,45769,4.0,4,,,,,,,,
,,,,,45772,3.0,3,,,,,,,,
,,,,,45775,3.0,3,,,,,,,,
,,,,,45778,3.0,3,,,,,,,,
,,,,,45785,7.0,7,,,,,,,,
,,,,,45789,4.0,4,,,,,,,,
,,,,,45793,4.0,4,,,,,,,,
,,,,,45796,3.0,3,,,,,,,,
,,,,,45799,3.0,3,,,,,,,,
,,,,,45802,3.0,3,,,,,,,,
,,,,,45805,3.0,3,,,,,,,,
,,,,,45808,3.0,3,,,,,,,,
,,,,,45811,3.0,3,,,,,,,,
,,,,,45814,3.0,3,,,,,,,,
,,,,,45817,3.0,3,,,,,,,,
,,,,,45820,3.0,3,,,,,,,,
,,,,,45823,3.0,3,,,,,,,,
,,,,,45826,3.0,3,,,,,,,,
,,,,,45829,3.0,3,,,,,,,,
,,,,,45832,3.0,3,,,,,,,,
,,,,,45835,3.0,3,,,,,,,,
,,,,,45838,3.0,3,,,,,,,,
,,,,,45841,3.0,3,,,,,,,,
,,,,,45844,3.0,3,,,,,,,,
,,,,,45847,3.0,3,,,,,,,,
,,,,,45850,3.0,3,,,,,,,,
,,,,,45853,3.0,3,,,,,,,,
,,,,,45856,3.0,3,,,,,,,,
,,,,,45860,4.0,4,,,,,,,,
,,,,,45863,3.0,3,,,,,,,,
,,,,,45866,3.0,3,,,,,,,,
,,,,,45869,3.0,3,,,,,,,,
,,,,,45872,3.0,3,,,,,,,,
,,,,,45875,3.0,3,,,,,,,,
,,,,,45878,3.0,3,,,,,,,,
,,,,,45881,3.0,3,,,,,,,,
,,,,,45884,3.0,3,,,,,,,,
,,,,,45887,3.0,3,,,,,,,,
,,,,,45891,4.0,4,,,,,,,,
,,,,,45894,3.0,3,,,,,,,,
,,,,,45897,3.0,3,,,,,,,,
,,,,,45900,3.0,3,,,,,,,,
,,,,,45903,3.0,3,,,,,,,,
,,,,,45906,3.0,3,,,,,,,,
,,,,,45909,3.0,3,,,,,,,,
,,,,,45913,4.0,4,,,,,,,,
,,,,,45916,3.0,3,,,,,,,,
,,,,,45919,3.0,3,,,,,,,,
,,,,,45922,3.0,3,,,,,,,,
,,,,,45925,3.0,3,,,,,,,,
,,,,,45928,3.0,3,,,,,,,,
,,,,,45931,3.0,3,,,,,,,,
,,,,,45935,4.0,4,,,,,,,,
,,,,,45938,3.0,3,,,,,,,,
,,,,,45941,3.0,3,,,,,,,,
,,,,,45944,3.0,3,,,,,,,,
,,,,,45947,3.0,3,,,,,,,,
,,,,,45950,3.0,3,,,,,,,,
,,,,,45953,3.0,3,,,,,,,,
,,,,,45956,3.0,3,,,,,,,,
,,,,,45960,4.0,4,,,,,,,,
,,,,,45963,3.0,3,,,,,,,,
,,,,,45966,3.0,3,,,,,,,,
,,,,,45969,3.0,3,,,,,,,,
,,,,,45972,3.0,3,,,,,,,,
,,,,,45975,3.0,3,,,,,,,,
,,,,,45979,4.0,4,,,,,,,,
,,,,,45982,3.0,3,,,,,,,,
,,,,,45985,3.0,3,,,,,,,,
,,,,,45988,3.0,3,,,,,,,,
,,,,,45991,3.0,3,,,,,,,,
,,,,,45994,3.0,3,,,,,,,,
,,,,,45997,3.0,3,,,,,,,,
,,,,,46000,3.0,3,,,,,,,,
,,,,,46000,,,0.49306342005729675,-4.930634021759033,0.026551343500614166,1.6450707912445068,1.649851679801941,0.0003,0.0003,0.1
,,,,,46003,3.0,3,,,,,,,,
,,,,,46006,3.0,3,,,,,,,,
,,,,,46009,3.0,3,,,,,,,,
,,,,,46012,3.0,3,,,,,,,,
,,,,,46015,3.0,3,,,,,,,,
,,,,,46018,3.0,3,,,,,,,,
,,,,,46021,3.0,3,,,,,,,,
,,,,,46024,3.0,3,,,,,,,,
,,,,,46027,3.0,3,,,,,,,,
,,,,,46030,3.0,3,,,,,,,,
,,,,,46033,3.0,3,,,,,,,,
,,,,,46036,3.0,3,,,,,,,,
,,,,,46039,3.0,3,,,,,,,,
,,,,,46042,3.0,3,,,,,,,,
,,,,,46045,3.0,3,,,,,,,,
,,,,,46048,3.0,3,,,,,,,,
,,,,,46051,3.0,3,,,,,,,,
,,,,,46054,3.0,3,,,,,,,,
,,,,,46057,3.0,3,,,,,,,,
,,,,,46062,5.0,5,,,,,,,,
,,,,,46066,4.0,4,,,,,,,,
,,,,,46069,3.0,3,,,,,,,,
,,,,,46072,3.0,3,,,,,,,,
,,,,,46078,6.0,6,,,,,,,,
,,,,,46081,3.0,3,,,,,,,,
,,,,,46084,3.0,3,,,,,,,,
,,,,,46087,3.0,3,,,,,,,,
,,,,,46090,3.0,3,,,,,,,,
,,,,,46093,3.0,3,,,,,,,,
,,,,,46096,3.0,3,,,,,,,,
,,,,,46099,3.0,3,,,,,,,,
,,,,,46102,3.0,3,,,,,,,,
,,,,,46105,3.0,3,,,,,,,,
,,,,,46108,3.0,3,,,,,,,,
,,,,,46111,3.0,3,,,,,,,,
,,,,,46114,3.0,3,,,,,,,,
,,,,,46117,3.0,3,,,,,,,,
,,,,,46120,3.0,3,,,,,,,,
,,,,,46123,3.0,3,,,,,,,,
,,,,,46126,3.0,3,,,,,,,,
,,,,,46129,3.0,3,,,,,,,,
,,,,,46132,3.0,3,,,,,,,,
,,,,,46135,3.0,3,,,,,,,,
,,,,,46139,4.0,4,,,,,,,,
,,,,,46142,3.0,3,,,,,,,,
,,,,,46145,3.0,3,,,,,,,,
,,,,,46148,3.0,3,,,,,,,,
,,,,,46151,3.0,3,,,,,,,,
,,,,,46154,3.0,3,,,,,,,,
,,,,,46159,5.0,5,,,,,,,,
,,,,,46162,3.0,3,,,,,,,,
,,,,,46165,3.0,3,,,,,,,,
,,,,,46168,3.0,3,,,,,,,,
,,,,,46172,4.0,4,,,,,,,,
,,,,,46175,3.0,3,,,,,,,,
,,,,,46178,3.0,3,,,,,,,,
,,,,,46181,3.0,3,,,,,,,,
,,,,,46184,3.0,3,,,,,,,,
,,,,,46187,3.0,3,,,,,,,,
,,,,,46190,3.0,3,,,,,,,,
,,,,,46193,3.0,3,,,,,,,,
,,,,,46196,3.0,3,,,,,,,,
,,,,,46199,3.0,3,,,,,,,,
,,,,,46202,3.0,3,,,,,,,,
,,,,,46205,3.0,3,,,,,,,,
,,,,,46208,3.0,3,,,,,,,,
,,,,,46211,3.0,3,,,,,,,,
,,,,,46214,3.0,3,,,,,,,,
,,,,,46217,3.0,3,,,,,,,,
,,,,,46220,3.0,3,,,,,,,,
,,,,,46224,4.0,4,,,,,,,,
,,,,,46228,4.0,4,,,,,,,,
,,,,,46231,3.0,3,,,,,,,,
,,,,,46234,3.0,3,,,,,,,,
,,,,,46241,7.0,7,,,,,,,,
,,,,,46244,3.0,3,,,,,,,,
,,,,,46247,3.0,3,,,,,,,,
,,,,,46250,3.0,3,,,,,,,,
,,,,,46255,5.0,5,,,,,,,,
,,,,,46258,3.0,3,,,,,,,,
,,,,,46261,3.0,3,,,,,,,,
,,,,,46264,3.0,3,,,,,,,,
,,,,,46270,6.0,6,,,,,,,,
,,,,,46273,3.0,3,,,,,,,,
,,,,,46276,3.0,3,,,,,,,,
,,,,,46279,3.0,3,,,,,,,,
,,,,,46282,3.0,3,,,,,,,,
,,,,,46285,3.0,3,,,,,,,,
,,,,,46291,6.0,6,,,,,,,,
,,,,,46294,3.0,3,,,,,,,,
,,,,,46297,3.0,3,,,,,,,,
,,,,,46300,3.0,3,,,,,,,,
,,,,,46303,3.0,3,,,,,,,,
,,,,,46306,3.0,3,,,,,,,,
,,,,,46309,3.0,3,,,,,,,,
,,,,,46312,3.0,3,,,,,,,,
,,,,,46318,6.0,6,,,,,,,,
,,,,,46321,3.0,3,,,,,,,,
,,,,,46325,4.0,4,,,,,,,,
,,,,,46329,4.0,4,,,,,,,,
,,,,,46332,3.0,3,,,,,,,,
,,,,,46335,3.0,3,,,,,,,,
,,,,,46338,3.0,3,,,,,,,,
,,,,,46341,3.0,3,,,,,,,,
,,,,,46344,3.0,3,,,,,,,,
,,,,,46347,3.0,3,,,,,,,,
,,,,,46350,3.0,3,,,,,,,,
,,,,,46353,3.0,3,,,,,,,,
,,,,,46356,3.0,3,,,,,,,,
,,,,,46359,3.0,3,,,,,,,,
,,,,,46362,3.0,3,,,,,,,,
,,,,,46366,4.0,4,,,,,,,,
,,,,,46369,3.0,3,,,,,,,,
,,,,,46372,3.0,3,,,,,,,,
,,,,,46376,4.0,4,,,,,,,,
,,,,,46379,3.0,3,,,,,,,,
,,,,,46382,3.0,3,,,,,,,,
,,,,,46385,3.0,3,,,,,,,,
,,,,,46388,3.0,3,,,,,,,,
,,,,,46392,4.0,4,,,,,,,,
,,,,,46395,3.0,3,,,,,,,,
,,,,,46398,3.0,3,,,,,,,,
,,,,,46401,3.0,3,,,,,,,,
,,,,,46404,3.0,3,,,,,,,,
,,,,,46407,3.0,3,,,,,,,,
,,,,,46410,3.0,3,,,,,,,,
,,,,,46413,3.0,3,,,,,,,,
,,,,,46417,4.0,4,,,,,,,,
,,,,,46421,4.0,4,,,,,,,,
,,,,,46424,3.0,3,,,,,,,,
,,,,,46428,4.0,4,,,,,,,,
,,,,,46431,3.0,3,,,,,,,,
,,,,,46434,3.0,3,,,,,,,,
,,,,,46437,3.0,3,,,,,,,,
,,,,,46441,4.0,4,,,,,,,,
,,,,,46444,3.0,3,,,,,,,,
,,,,,46447,3.0,3,,,,,,,,
,,,,,46450,3.0,3,,,,,,,,
,,,,,46453,3.0,3,,,,,,,,
,,,,,46456,3.0,3,,,,,,,,
,,,,,46459,3.0,3,,,,,,,,
,,,,,46462,3.0,3,,,,,,,,
,,,,,46466,4.0,4,,,,,,,,
,,,,,46470,4.0,4,,,,,,,,
,,,,,46473,3.0,3,,,,,,,,
,,,,,46476,3.0,3,,,,,,,,
,,,,,46480,4.0,4,,,,,,,,
,,,,,46483,3.0,3,,,,,,,,
,,,,,46486,3.0,3,,,,,,,,
,,,,,46489,3.0,3,,,,,,,,
,,,,,46492,3.0,3,,,,,,,,
,,,,,46495,3.0,3,,,,,,,,
,,,,,46500,5.0,5,,,,,,,,
,,,,,46503,3.0,3,,,,,,,,
,,,,,46506,3.0,3,,,,,,,,
,,,,,46509,3.0,3,,,,,,,,
,,,,,46512,3.0,3,,,,,,,,
,,,,,46515,3.0,3,,,,,,,,
,,,,,46518,3.0,3,,,,,,,,
,,,,,46523,5.0,5,,,,,,,,
,,,,,46527,4.0,4,,,,,,,,
,,,,,46530,3.0,3,,,,,,,,
,,,,,46533,3.0,3,,,,,,,,
,,,,,46536,3.0,3,,,,,,,,
,,,,,46540,4.0,4,,,,,,,,
,,,,,46543,3.0,3,,,,,,,,
,,,,,46546,3.0,3,,,,,,,,
,,,,,46549,3.0,3,,,,,,,,
,,,,,46552,3.0,3,,,,,,,,
,,,,,46555,3.0,3,,,,,,,,
,,,,,46558,3.0,3,,,,,,,,
,,,,,46561,3.0,3,,,,,,,,
,,,,,46567,6.0,6,,,,,,,,
,,,,,46570,3.0,3,,,,,,,,
,,,,,46573,3.0,3,,,,,,,,
,,,,,46577,4.0,4,,,,,,,,
,,,,,46582,5.0,5,,,,,,,,
,,,,,46585,3.0,3,,,,,,,,
,,,,,46588,3.0,3,,,,,,,,
,,,,,46591,3.0,3,,,,,,,,
,,,,,46599,8.0,8,,,,,,,,
,,,,,46604,5.0,5,,,,,,,,
,,,,,46607,3.0,3,,,,,,,,
,,,,,46610,3.0,3,,,,,,,,
,,,,,46613,3.0,3,,,,,,,,
,,,,,46616,3.0,3,,,,,,,,
,,,,,46619,3.0,3,,,,,,,,
,,,,,46622,3.0,3,,,,,,,,
,,,,,46625,3.0,3,,,,,,,,
,,,,,46633,8.0,8,,,,,,,,
,,,,,46638,5.0,5,,,,,,,,
,,,,,46641,3.0,3,,,,,,,,
,,,,,46644,3.0,3,,,,,,,,
,,,,,46647,3.0,3,,,,,,,,
,,,,,46651,4.0,4,,,,,,,,
,,,,,46655,4.0,4,,,,,,,,
,,,,,46659,4.0,4,,,,,,,,
,,,,,46662,3.0,3,,,,,,,,
,,,,,46665,3.0,3,,,,,,,,
,,,,,46670,5.0,5,,,,,,,,
,,,,,46673,3.0,3,,,,,,,,
,,,,,46676,3.0,3,,,,,,,,
,,,,,46680,4.0,4,,,,,,,,
,,,,,46685,5.0,5,,,,,,,,
,,,,,46688,3.0,3,,,,,,,,
,,,,,46691,3.0,3,,,,,,,,
,,,,,46694,3.0,3,,,,,,,,
,,,,,46697,3.0,3,,,,,,,,
,,,,,46700,3.0,3,,,,,,,,
,,,,,46703,3.0,3,,,,,,,,
,,,,,46706,3.0,3,,,,,,,,
,,,,,46709,3.0,3,,,,,,,,
,,,,,46712,3.0,3,,,,,,,,
,,,,,46716,4.0,4,,,,,,,,
,,,,,46719,3.0,3,,,,,,,,
,,,,,46722,3.0,3,,,,,,,,
,,,,,46726,4.0,4,,,,,,,,
,,,,,46729,3.0,3,,,,,,,,
,,,,,46732,3.0,3,,,,,,,,
,,,,,46737,5.0,5,,,,,,,,
,,,,,46740,3.0,3,,,,,,,,
,,,,,46743,3.0,3,,,,,,,,
,,,,,46746,3.0,3,,,,,,,,
,,,,,46749,3.0,3,,,,,,,,
,,,,,46752,3.0,3,,,,,,,,
,,,,,46755,3.0,3,,,,,,,,
,,,,,46758,3.0,3,,,,,,,,
,,,,,46761,3.0,3,,,,,,,,
,,,,,46764,3.0,3,,,,,,,,
,,,,,46767,3.0,3,,,,,,,,
,,,,,46773,6.0,6,,,,,,,,
,,,,,46776,3.0,3,,,,,,,,
,,,,,46779,3.0,3,,,,,,,,
,,,,,46783,4.0,4,,,,,,,,
,,,,,46786,3.0,3,,,,,,,,
,,,,,46789,3.0,3,,,,,,,,
,,,,,46792,3.0,3,,,,,,,,
,,,,,46796,4.0,4,,,,,,,,
,,,,,46799,3.0,3,,,,,,,,
,,,,,46802,3.0,3,,,,,,,,
,,,,,46805,3.0,3,,,,,,,,
,,,,,46808,3.0,3,,,,,,,,
,,,,,46811,3.0,3,,,,,,,,
,,,,,46814,3.0,3,,,,,,,,
,,,,,46817,3.0,3,,,,,,,,
,,,,,46821,4.0,4,,,,,,,,
,,,,,46824,3.0,3,,,,,,,,
,,,,,46827,3.0,3,,,,,,,,
,,,,,46830,3.0,3,,,,,,,,
,,,,,46833,3.0,3,,,,,,,,
,,,,,46837,4.0,4,,,,,,,,
,,,,,46844,7.0,7,,,,,,,,
,,,,,46847,3.0,3,,,,,,,,
,,,,,46850,3.0,3,,,,,,,,
,,,,,46854,4.0,4,,,,,,,,
,,,,,46857,3.0,3,,,,,,,,
,,,,,46860,3.0,3,,,,,,,,
,,,,,46863,3.0,3,,,,,,,,
,,,,,46866,3.0,3,,,,,,,,
,,,,,46869,3.0,3,,,,,,,,
,,,,,46872,3.0,3,,,,,,,,
,,,,,46876,4.0,4,,,,,,,,
,,,,,46879,3.0,3,,,,,,,,
,,,,,46882,3.0,3,,,,,,,,
,,,,,46885,3.0,3,,,,,,,,
,,,,,46888,3.0,3,,,,,,,,
,,,,,46891,3.0,3,,,,,,,,
,,,,,46894,3.0,3,,,,,,,,
,,,,,46897,3.0,3,,,,,,,,
,,,,,46901,4.0,4,,,,,,,,
,,,,,46904,3.0,3,,,,,,,,
,,,,,46907,3.0,3,,,,,,,,
,,,,,46914,7.0,7,,,,,,,,
,,,,,46917,3.0,3,,,,,,,,
,,,,,46923,6.0,6,,,,,,,,
,,,,,46926,3.0,3,,,,,,,,
,,,,,46929,3.0,3,,,,,,,,
,,,,,46934,5.0,5,,,,,,,,
,,,,,46937,3.0,3,,,,,,,,
,,,,,46940,3.0,3,,,,,,,,
,,,,,46943,3.0,3,,,,,,,,
,,,,,46948,5.0,5,,,,,,,,
,,,,,46951,3.0,3,,,,,,,,
,,,,,46954,3.0,3,,,,,,,,
,,,,,46957,3.0,3,,,,,,,,
,,,,,46961,4.0,4,,,,,,,,
,,,,,46964,3.0,3,,,,,,,,
,,,,,46967,3.0,3,,,,,,,,
,,,,,46970,3.0,3,,,,,,,,
,,,,,46973,3.0,3,,,,,,,,
,,,,,46976,3.0,3,,,,,,,,
,,,,,46979,3.0,3,,,,,,,,
,,,,,46982,3.0,3,,,,,,,,
,,,,,46985,3.0,3,,,,,,,,
,,,,,46988,3.0,3,,,,,,,,
,,,,,46992,4.0,4,,,,,,,,
,,,,,46995,3.0,3,,,,,,,,
,,,,,46998,3.0,3,,,,,,,,
,,,,,47000,,,0.2948015630245209,-2.9480156898498535,0.042194485664367676,1.9013593196868896,1.832800269126892,0.0003,0.0003,0.1
,,,,,47001,3.0,3,,,,,,,,
,,,,,47004,3.0,3,,,,,,,,
,,,,,47007,3.0,3,,,,,,,,
,,,,,47010,3.0,3,,,,,,,,
,,,,,47013,3.0,3,,,,,,,,
,,,,,47016,3.0,3,,,,,,,,
,,,,,47019,3.0,3,,,,,,,,
,,,,,47022,3.0,3,,,,,,,,
,,,,,47025,3.0,3,,,,,,,,
,,,,,47028,3.0,3,,,,,,,,
,,,,,47035,7.0,7,,,,,,,,
,,,,,47038,3.0,3,,,,,,,,
,,,,,47042,4.0,4,,,,,,,,
,,,,,47045,3.0,3,,,,,,,,
,,,,,47048,3.0,3,,,,,,,,
,,,,,47051,3.0,3,,,,,,,,
,,,,,47054,3.0,3,,,,,,,,
,,,,,47057,3.0,3,,,,,,,,
,,,,,47060,3.0,3,,,,,,,,
,,,,,47064,4.0,4,,,,,,,,
,,,,,47067,3.0,3,,,,,,,,
,,,,,47070,3.0,3,,,,,,,,
,,,,,47073,3.0,3,,,,,,,,
,,,,,47078,5.0,5,,,,,,,,
,,,,,47084,6.0,6,,,,,,,,
,,,,,47087,3.0,3,,,,,,,,
,,,,,47090,3.0,3,,,,,,,,
,,,,,47093,3.0,3,,,,,,,,
,,,,,47096,3.0,3,,,,,,,,
,,,,,47099,3.0,3,,,,,,,,
,,,,,47102,3.0,3,,,,,,,,
,,,,,47105,3.0,3,,,,,,,,
,,,,,47108,3.0,3,,,,,,,,
,,,,,47112,4.0,4,,,,,,,,
,,,,,47117,5.0,5,,,,,,,,
,,,,,47120,3.0,3,,,,,,,,
,,,,,47123,3.0,3,,,,,,,,
,,,,,47126,3.0,3,,,,,,,,
,,,,,47129,3.0,3,,,,,,,,
,,,,,47132,3.0,3,,,,,,,,
,,,,,47135,3.0,3,,,,,,,,
,,,,,47139,4.0,4,,,,,,,,
,,,,,47142,3.0,3,,,,,,,,
,,,,,47145,3.0,3,,,,,,,,
,,,,,47148,3.0,3,,,,,,,,
,,,,,47151,3.0,3,,,,,,,,
,,,,,47155,4.0,4,,,,,,,,
,,,,,47158,3.0,3,,,,,,,,
,,,,,47161,3.0,3,,,,,,,,
,,,,,47164,3.0,3,,,,,,,,
,,,,,47167,3.0,3,,,,,,,,
,,,,,47170,3.0,3,,,,,,,,
,,,,,47173,3.0,3,,,,,,,,
,,,,,47176,3.0,3,,,,,,,,
,,,,,47179,3.0,3,,,,,,,,
,,,,,47182,3.0,3,,,,,,,,
,,,,,47185,3.0,3,,,,,,,,
,,,,,47188,3.0,3,,,,,,,,
,,,,,47191,3.0,3,,,,,,,,
,,,,,47194,3.0,3,,,,,,,,
,,,,,47197,3.0,3,,,,,,,,
,,,,,47200,3.0,3,,,,,,,,
,,,,,47203,3.0,3,,,,,,,,
,,,,,47207,4.0,4,,,,,,,,
,,,,,47210,3.0,3,,,,,,,,
,,,,,47213,3.0,3,,,,,,,,
,,,,,47216,3.0,3,,,,,,,,
,,,,,47220,4.0,4,,,,,,,,
,,,,,47227,7.0,7,,,,,,,,
,,,,,47230,3.0,3,,,,,,,,
,,,,,47233,3.0,3,,,,,,,,
,,,,,47236,3.0,3,,,,,,,,
,,,,,47239,3.0,3,,,,,,,,
,,,,,47242,3.0,3,,,,,,,,
,,,,,47246,4.0,4,,,,,,,,
,,,,,47249,3.0,3,,,,,,,,
,,,,,47256,7.0,7,,,,,,,,
,,,,,47259,3.0,3,,,,,,,,
,,,,,47262,3.0,3,,,,,,,,
,,,,,47265,3.0,3,,,,,,,,
,,,,,47268,3.0,3,,,,,,,,
,,,,,47271,3.0,3,,,,,,,,
,,,,,47275,4.0,4,,,,,,,,
,,,,,47278,3.0,3,,,,,,,,
,,,,,47281,3.0,3,,,,,,,,
,,,,,47284,3.0,3,,,,,,,,
,,,,,47287,3.0,3,,,,,,,,
,,,,,47290,3.0,3,,,,,,,,
,,,,,47293,3.0,3,,,,,,,,
,,,,,47297,4.0,4,,,,,,,,
,,,,,47300,3.0,3,,,,,,,,
,,,,,47303,3.0,3,,,,,,,,
,,,,,47306,3.0,3,,,,,,,,
,,,,,47309,3.0,3,,,,,,,,
,,,,,47312,3.0,3,,,,,,,,
,,,,,47315,3.0,3,,,,,,,,
,,,,,47319,4.0,4,,,,,,,,
,,,,,47322,3.0,3,,,,,,,,
,,,,,47325,3.0,3,,,,,,,,
,,,,,47329,4.0,4,,,,,,,,
,,,,,47332,3.0,3,,,,,,,,
,,,,,47335,3.0,3,,,,,,,,
,,,,,47339,4.0,4,,,,,,,,
,,,,,47343,4.0,4,,,,,,,,
,,,,,47346,3.0,3,,,,,,,,
,,,,,47350,4.0,4,,,,,,,,
,,,,,47353,3.0,3,,,,,,,,
,,,,,47356,3.0,3,,,,,,,,
,,,,,47360,4.0,4,,,,,,,,
,,,,,47363,3.0,3,,,,,,,,
,,,,,47368,5.0,5,,,,,,,,
,,,,,47371,3.0,3,,,,,,,,
,,,,,47374,3.0,3,,,,,,,,
,,,,,47377,3.0,3,,,,,,,,
,,,,,47380,3.0,3,,,,,,,,
,,,,,47383,3.0,3,,,,,,,,
,,,,,47386,3.0,3,,,,,,,,
,,,,,47389,3.0,3,,,,,,,,
,,,,,47392,3.0,3,,,,,,,,
,,,,,47395,3.0,3,,,,,,,,
,,,,,47400,5.0,5,,,,,,,,
,,,,,47403,3.0,3,,,,,,,,
,,,,,47406,3.0,3,,,,,,,,
,,,,,47409,3.0,3,,,,,,,,
,,,,,47412,3.0,3,,,,,,,,
,,,,,47416,4.0,4,,,,,,,,
,,,,,47419,3.0,3,,,,,,,,
,,,,,47422,3.0,3,,,,,,,,
,,,,,47425,3.0,3,,,,,,,,
,,,,,47428,3.0,3,,,,,,,,
,,,,,47431,3.0,3,,,,,,,,
,,,,,47434,3.0,3,,,,,,,,
,,,,,47437,3.0,3,,,,,,,,
,,,,,47440,3.0,3,,,,,,,,
,,,,,47443,3.0,3,,,,,,,,
,,,,,47446,3.0,3,,,,,,,,
,,,,,47449,3.0,3,,,,,,,,
,,,,,47452,3.0,3,,,,,,,,
,,,,,47455,3.0,3,,,,,,,,
,,,,,47459,4.0,4,,,,,,,,
,,,,,47462,3.0,3,,,,,,,,
,,,,,47465,3.0,3,,,,,,,,
,,,,,47468,3.0,3,,,,,,,,
,,,,,47471,3.0,3,,,,,,,,
,,,,,47474,3.0,3,,,,,,,,
,,,,,47477,3.0,3,,,,,,,,
,,,,,47481,4.0,4,,,,,,,,
,,,,,47484,3.0,3,,,,,,,,
,,,,,47487,3.0,3,,,,,,,,
,,,,,47490,3.0,3,,,,,,,,
,,,,,47493,3.0,3,,,,,,,,
,,,,,47496,3.0,3,,,,,,,,
,,,,,47499,3.0,3,,,,,,,,
,,,,,47502,3.0,3,,,,,,,,
,,,,,47505,3.0,3,,,,,,,,
,,,,,47508,3.0,3,,,,,,,,
,,,,,47511,3.0,3,,,,,,,,
,,,,,47514,3.0,3,,,,,,,,
,,,,,47517,3.0,3,,,,,,,,
,,,,,47520,3.0,3,,,,,,,,
,,,,,47524,4.0,4,,,,,,,,
,,,,,47527,3.0,3,,,,,,,,
,,,,,47531,4.0,4,,,,,,,,
,,,,,47534,3.0,3,,,,,,,,
,,,,,47537,3.0,3,,,,,,,,
,,,,,47540,3.0,3,,,,,,,,
,,,,,47546,6.0,6,,,,,,,,
,,,,,47549,3.0,3,,,,,,,,
,,,,,47552,3.0,3,,,,,,,,
,,,,,47555,3.0,3,,,,,,,,
,,,,,47558,3.0,3,,,,,,,,
,,,,,47561,3.0,3,,,,,,,,
,,,,,47564,3.0,3,,,,,,,,
,,,,,47567,3.0,3,,,,,,,,
,,,,,47570,3.0,3,,,,,,,,
,,,,,47573,3.0,3,,,,,,,,
,,,,,47576,3.0,3,,,,,,,,
,,,,,47579,3.0,3,,,,,,,,
,,,,,47582,3.0,3,,,,,,,,
,,,,,47585,3.0,3,,,,,,,,
,,,,,47588,3.0,3,,,,,,,,
,,,,,47592,4.0,4,,,,,,,,
,,,,,47595,3.0,3,,,,,,,,
,,,,,47598,3.0,3,,,,,,,,
,,,,,47601,3.0,3,,,,,,,,
,,,,,47604,3.0,3,,,,,,,,
,,,,,47607,3.0,3,,,,,,,,
,,,,,47610,3.0,3,,,,,,,,
,,,,,47613,3.0,3,,,,,,,,
,,,,,47616,3.0,3,,,,,,,,
,,,,,47619,3.0,3,,,,,,,,
,,,,,47622,3.0,3,,,,,,,,
,,,,,47626,4.0,4,,,,,,,,
,,,,,47629,3.0,3,,,,,,,,
,,,,,47632,3.0,3,,,,,,,,
,,,,,47635,3.0,3,,,,,,,,
,,,,,47638,3.0,3,,,,,,,,
,,,,,47641,3.0,3,,,,,,,,
,,,,,47645,4.0,4,,,,,,,,
,,,,,47650,5.0,5,,,,,,,,
,,,,,47655,5.0,5,,,,,,,,
,,,,,47658,3.0,3,,,,,,,,
,,,,,47661,3.0,3,,,,,,,,
,,,,,47664,3.0,3,,,,,,,,
,,,,,47667,3.0,3,,,,,,,,
,,,,,47671,4.0,4,,,,,,,,
,,,,,47675,4.0,4,,,,,,,,
,,,,,47678,3.0,3,,,,,,,,
,,,,,47681,3.0,3,,,,,,,,
,,,,,47686,5.0,5,,,,,,,,
,,,,,47689,3.0,3,,,,,,,,
,,,,,47693,4.0,4,,,,,,,,
,,,,,47697,4.0,4,,,,,,,,
,,,,,47702,5.0,5,,,,,,,,
,,,,,47705,3.0,3,,,,,,,,
,,,,,47708,3.0,3,,,,,,,,
,,,,,47711,3.0,3,,,,,,,,
,,,,,47714,3.0,3,,,,,,,,
,,,,,47717,3.0,3,,,,,,,,
,,,,,47720,3.0,3,,,,,,,,
,,,,,47723,3.0,3,,,,,,,,
,,,,,47726,3.0,3,,,,,,,,
,,,,,47730,4.0,4,,,,,,,,
,,,,,47733,3.0,3,,,,,,,,
,,,,,47737,4.0,4,,,,,,,,
,,,,,47740,3.0,3,,,,,,,,
,,,,,47745,5.0,5,,,,,,,,
,,,,,47748,3.0,3,,,,,,,,
,,,,,47751,3.0,3,,,,,,,,
,,,,,47754,3.0,3,,,,,,,,
,,,,,47757,3.0,3,,,,,,,,
,,,,,47760,3.0,3,,,,,,,,
,,,,,47767,7.0,7,,,,,,,,
,,,,,47770,3.0,3,,,,,,,,
,,,,,47773,3.0,3,,,,,,,,
,,,,,47776,3.0,3,,,,,,,,
,,,,,47780,4.0,4,,,,,,,,
,,,,,47783,3.0,3,,,,,,,,
,,,,,47786,3.0,3,,,,,,,,
,,,,,47790,4.0,4,,,,,,,,
,,,,,47793,3.0,3,,,,,,,,
,,,,,47796,3.0,3,,,,,,,,
,,,,,47799,3.0,3,,,,,,,,
,,,,,47802,3.0,3,,,,,,,,
,,,,,47805,3.0,3,,,,,,,,
,,,,,47808,3.0,3,,,,,,,,
,,,,,47811,3.0,3,,,,,,,,
,,,,,47814,3.0,3,,,,,,,,
,,,,,47817,3.0,3,,,,,,,,
,,,,,47821,4.0,4,,,,,,,,
,,,,,47824,3.0,3,,,,,,,,
,,,,,47827,3.0,3,,,,,,,,
,,,,,47830,3.0,3,,,,,,,,
,,,,,47833,3.0,3,,,,,,,,
,,,,,47836,3.0,3,,,,,,,,
,,,,,47839,3.0,3,,,,,,,,
,,,,,47844,5.0,5,,,,,,,,
,,,,,47847,3.0,3,,,,,,,,
,,,,,47850,3.0,3,,,,,,,,
,,,,,47853,3.0,3,,,,,,,,
,,,,,47856,3.0,3,,,,,,,,
,,,,,47859,3.0,3,,,,,,,,
,,,,,47862,3.0,3,,,,,,,,
,,,,,47865,3.0,3,,,,,,,,
,,,,,47871,6.0,6,,,,,,,,
,,,,,47875,4.0,4,,,,,,,,
,,,,,47880,5.0,5,,,,,,,,
,,,,,47883,3.0,3,,,,,,,,
,,,,,47886,3.0,3,,,,,,,,
,,,,,47891,5.0,5,,,,,,,,
,,,,,47894,3.0,3,,,,,,,,
,,,,,47897,3.0,3,,,,,,,,
,,,,,47900,3.0,3,,,,,,,,
,,,,,47904,4.0,4,,,,,,,,
,,,,,47908,4.0,4,,,,,,,,
,,,,,47911,3.0,3,,,,,,,,
,,,,,47914,3.0,3,,,,,,,,
,,,,,47918,4.0,4,,,,,,,,
,,,,,47923,5.0,5,,,,,,,,
,,,,,47926,3.0,3,,,,,,,,
,,,,,47929,3.0,3,,,,,,,,
,,,,,47932,3.0,3,,,,,,,,
,,,,,47935,3.0,3,,,,,,,,
,,,,,47938,3.0,3,,,,,,,,
,,,,,47941,3.0,3,,,,,,,,
,,,,,47944,3.0,3,,,,,,,,
,,,,,47947,3.0,3,,,,,,,,
,,,,,47950,3.0,3,,,,,,,,
,,,,,47954,4.0,4,,,,,,,,
,,,,,47960,6.0,6,,,,,,,,
,,,,,47964,4.0,4,,,,,,,,
,,,,,47967,3.0,3,,,,,,,,
,,,,,47970,3.0,3,,,,,,,,
,,,,,47973,3.0,3,,,,,,,,
,,,,,47976,3.0,3,,,,,,,,
,,,,,47979,3.0,3,,,,,,,,
,,,,,47982,3.0,3,,,,,,,,
,,,,,47985,3.0,3,,,,,,,,
,,,,,47988,3.0,3,,,,,,,,
,,,,,47991,3.0,3,,,,,,,,
,,,,,47996,5.0,5,,,,,,,,
,,,,,47999,3.0,3,,,,,,,,
,,,,,48000,,,0.2557734549045563,-2.557734489440918,0.07798038423061371,1.882420539855957,1.906444787979126,0.0003,0.0003,0.1
,,,,,48002,3.0,3,,,,,,,,
,,,,,48005,3.0,3,,,,,,,,
,,,,,48008,3.0,3,,,,,,,,
,,,,,48011,3.0,3,,,,,,,,
,,,,,48014,3.0,3,,,,,,,,
,,,,,48017,3.0,3,,,,,,,,
,,,,,48020,3.0,3,,,,,,,,
,,,,,48025,5.0,5,,,,,,,,
,,,,,48028,3.0,3,,,,,,,,
,,,,,48031,3.0,3,,,,,,,,
,,,,,48034,3.0,3,,,,,,,,
,,,,,48037,3.0,3,,,,,,,,
,,,,,48040,3.0,3,,,,,,,,
,,,,,48044,4.0,4,,,,,,,,
,,,,,48047,3.0,3,,,,,,,,
,,,,,48050,3.0,3,,,,,,,,
,,,,,48053,3.0,3,,,,,,,,
,,,,,48056,3.0,3,,,,,,,,
,,,,,48059,3.0,3,,,,,,,,
,,,,,48062,3.0,3,,,,,,,,
,,,,,48065,3.0,3,,,,,,,,
,,,,,48068,3.0,3,,,,,,,,
,,,,,48073,5.0,5,,,,,,,,
,,,,,48076,3.0,3,,,,,,,,
,,,,,48082,6.0,6,,,,,,,,
,,,,,48086,4.0,4,,,,,,,,
,,,,,48095,9.0,9,,,,,,,,
,,,,,48098,3.0,3,,,,,,,,
,,,,,48105,7.0,7,,,,,,,,
,,,,,48108,3.0,3,,,,,,,,
,,,,,48111,3.0,3,,,,,,,,
,,,,,48114,3.0,3,,,,,,,,
,,,,,48117,3.0,3,,,,,,,,
,,,,,48120,3.0,3,,,,,,,,
,,,,,48125,5.0,5,,,,,,,,
,,,,,48128,3.0,3,,,,,,,,
,,,,,48131,3.0,3,,,,,,,,
,,,,,48135,4.0,4,,,,,,,,
,,,,,48138,3.0,3,,,,,,,,
,,,,,48141,3.0,3,,,,,,,,
,,,,,48146,5.0,5,,,,,,,,
,,,,,48149,3.0,3,,,,,,,,
,,,,,48152,3.0,3,,,,,,,,
,,,,,48157,5.0,5,,,,,,,,
,,,,,48161,4.0,4,,,,,,,,
,,,,,48164,3.0,3,,,,,,,,
,,,,,48167,3.0,3,,,,,,,,
,,,,,48170,3.0,3,,,,,,,,
,,,,,48173,3.0,3,,,,,,,,
,,,,,48176,3.0,3,,,,,,,,
,,,,,48179,3.0,3,,,,,,,,
,,,,,48182,3.0,3,,,,,,,,
,,,,,48185,3.0,3,,,,,,,,
,,,,,48188,3.0,3,,,,,,,,
,,,,,48191,3.0,3,,,,,,,,
,,,,,48194,3.0,3,,,,,,,,
,,,,,48198,4.0,4,,,,,,,,
,,,,,48201,3.0,3,,,,,,,,
,,,,,48204,3.0,3,,,,,,,,
,,,,,48207,3.0,3,,,,,,,,
,,,,,48210,3.0,3,,,,,,,,
,,,,,48215,5.0,5,,,,,,,,
,,,,,48218,3.0,3,,,,,,,,
,,,,,48223,5.0,5,,,,,,,,
,,,,,48226,3.0,3,,,,,,,,
,,,,,48231,5.0,5,,,,,,,,
,,,,,48234,3.0,3,,,,,,,,
,,,,,48237,3.0,3,,,,,,,,
,,,,,48240,3.0,3,,,,,,,,
,,,,,48243,3.0,3,,,,,,,,
,,,,,48246,3.0,3,,,,,,,,
,,,,,48249,3.0,3,,,,,,,,
,,,,,48252,3.0,3,,,,,,,,
,,,,,48255,3.0,3,,,,,,,,
,,,,,48258,3.0,3,,,,,,,,
,,,,,48261,3.0,3,,,,,,,,
,,,,,48266,5.0,5,,,,,,,,
,,,,,48269,3.0,3,,,,,,,,
,,,,,48273,4.0,4,,,,,,,,
,,,,,48276,3.0,3,,,,,,,,
,,,,,48279,3.0,3,,,,,,,,
,,,,,48282,3.0,3,,,,,,,,
,,,,,48286,4.0,4,,,,,,,,
,,,,,48289,3.0,3,,,,,,,,
,,,,,48292,3.0,3,,,,,,,,
,,,,,48295,3.0,3,,,,,,,,
,,,,,48298,3.0,3,,,,,,,,
,,,,,48301,3.0,3,,,,,,,,
,,,,,48304,3.0,3,,,,,,,,
,,,,,48307,3.0,3,,,,,,,,
,,,,,48310,3.0,3,,,,,,,,
,,,,,48315,5.0,5,,,,,,,,
,,,,,48323,8.0,8,,,,,,,,
,,,,,48326,3.0,3,,,,,,,,
,,,,,48329,3.0,3,,,,,,,,
,,,,,48332,3.0,3,,,,,,,,
,,,,,48335,3.0,3,,,,,,,,
,,,,,48338,3.0,3,,,,,,,,
,,,,,48341,3.0,3,,,,,,,,
,,,,,48344,3.0,3,,,,,,,,
,,,,,48347,3.0,3,,,,,,,,
,,,,,48350,3.0,3,,,,,,,,
,,,,,48353,3.0,3,,,,,,,,
,,,,,48359,6.0,6,,,,,,,,
,,,,,48362,3.0,3,,,,,,,,
,,,,,48365,3.0,3,,,,,,,,
,,,,,48369,4.0,4,,,,,,,,
,,,,,48372,3.0,3,,,,,,,,
,,,,,48375,3.0,3,,,,,,,,
,,,,,48378,3.0,3,,,,,,,,
,,,,,48381,3.0,3,,,,,,,,
,,,,,48384,3.0,3,,,,,,,,
,,,,,48387,3.0,3,,,,,,,,
,,,,,48390,3.0,3,,,,,,,,
,,,,,48393,3.0,3,,,,,,,,
,,,,,48396,3.0,3,,,,,,,,
,,,,,48399,3.0,3,,,,,,,,
,,,,,48402,3.0,3,,,,,,,,
,,,,,48405,3.0,3,,,,,,,,
,,,,,48408,3.0,3,,,,,,,,
,,,,,48411,3.0,3,,,,,,,,
,,,,,48414,3.0,3,,,,,,,,
,,,,,48417,3.0,3,,,,,,,,
,,,,,48421,4.0,4,,,,,,,,
,,,,,48424,3.0,3,,,,,,,,
,,,,,48428,4.0,4,,,,,,,,
,,,,,48431,3.0,3,,,,,,,,
,,,,,48434,3.0,3,,,,,,,,
,,,,,48437,3.0,3,,,,,,,,
,,,,,48441,4.0,4,,,,,,,,
,,,,,48444,3.0,3,,,,,,,,
,,,,,48447,3.0,3,,,,,,,,
,,,,,48450,3.0,3,,,,,,,,
,,,,,48453,3.0,3,,,,,,,,
,,,,,48456,3.0,3,,,,,,,,
,,,,,48459,3.0,3,,,,,,,,
,,,,,48462,3.0,3,,,,,,,,
,,,,,48465,3.0,3,,,,,,,,
,,,,,48468,3.0,3,,,,,,,,
,,,,,48471,3.0,3,,,,,,,,
,,,,,48477,6.0,6,,,,,,,,
,,,,,48480,3.0,3,,,,,,,,
,,,,,48483,3.0,3,,,,,,,,
,,,,,48486,3.0,3,,,,,,,,
,,,,,48489,3.0,3,,,,,,,,
,,,,,48492,3.0,3,,,,,,,,
,,,,,48495,3.0,3,,,,,,,,
,,,,,48498,3.0,3,,,,,,,,
,,,,,48501,3.0,3,,,,,,,,
,,,,,48504,3.0,3,,,,,,,,
,,,,,48507,3.0,3,,,,,,,,
,,,,,48510,3.0,3,,,,,,,,
,,,,,48513,3.0,3,,,,,,,,
,,,,,48516,3.0,3,,,,,,,,
,,,,,48519,3.0,3,,,,,,,,
,,,,,48523,4.0,4,,,,,,,,
,,,,,48526,3.0,3,,,,,,,,
,,,,,48531,5.0,5,,,,,,,,
,,,,,48535,4.0,4,,,,,,,,
,,,,,48538,3.0,3,,,,,,,,
,,,,,48541,3.0,3,,,,,,,,
,,,,,48544,3.0,3,,,,,,,,
,,,,,48547,3.0,3,,,,,,,,
,,,,,48550,3.0,3,,,,,,,,
,,,,,48553,3.0,3,,,,,,,,
,,,,,48556,3.0,3,,,,,,,,
,,,,,48560,4.0,4,,,,,,,,
,,,,,48563,3.0,3,,,,,,,,
,,,,,48566,3.0,3,,,,,,,,
,,,,,48569,3.0,3,,,,,,,,
,,,,,48575,6.0,6,,,,,,,,
,,,,,48578,3.0,3,,,,,,,,
,,,,,48581,3.0,3,,,,,,,,
,,,,,48584,3.0,3,,,,,,,,
,,,,,48589,5.0,5,,,,,,,,
,,,,,48592,3.0,3,,,,,,,,
,,,,,48595,3.0,3,,,,,,,,
,,,,,48598,3.0,3,,,,,,,,
,,,,,48602,4.0,4,,,,,,,,
,,,,,48605,3.0,3,,,,,,,,
,,,,,48608,3.0,3,,,,,,,,
,,,,,48611,3.0,3,,,,,,,,
,,,,,48614,3.0,3,,,,,,,,
,,,,,48617,3.0,3,,,,,,,,
,,,,,48620,3.0,3,,,,,,,,
,,,,,48626,6.0,6,,,,,,,,
,,,,,48629,3.0,3,,,,,,,,
,,,,,48632,3.0,3,,,,,,,,
,,,,,48636,4.0,4,,,,,,,,
,,,,,48642,6.0,6,,,,,,,,
,,,,,48645,3.0,3,,,,,,,,
,,,,,48648,3.0,3,,,,,,,,
,,,,,48651,3.0,3,,,,,,,,
,,,,,48654,3.0,3,,,,,,,,
,,,,,48657,3.0,3,,,,,,,,
,,,,,48660,3.0,3,,,,,,,,
,,,,,48663,3.0,3,,,,,,,,
,,,,,48666,3.0,3,,,,,,,,
,,,,,48674,8.0,8,,,,,,,,
,,,,,48677,3.0,3,,,,,,,,
,,,,,48680,3.0,3,,,,,,,,
,,,,,48687,7.0,7,,,,,,,,
,,,,,48690,3.0,3,,,,,,,,
,,,,,48693,3.0,3,,,,,,,,
,,,,,48696,3.0,3,,,,,,,,
,,,,,48699,3.0,3,,,,,,,,
,,,,,48702,3.0,3,,,,,,,,
,,,,,48705,3.0,3,,,,,,,,
,,,,,48708,3.0,3,,,,,,,,
,,,,,48711,3.0,3,,,,,,,,
,,,,,48715,4.0,4,,,,,,,,
,,,,,48718,3.0,3,,,,,,,,
,,,,,48721,3.0,3,,,,,,,,
,,,,,48724,3.0,3,,,,,,,,
,,,,,48727,3.0,3,,,,,,,,
,,,,,48735,8.0,8,,,,,,,,
,,,,,48738,3.0,3,,,,,,,,
,,,,,48741,3.0,3,,,,,,,,
,,,,,48744,3.0,3,,,,,,,,
,,,,,48747,3.0,3,,,,,,,,
,,,,,48750,3.0,3,,,,,,,,
,,,,,48753,3.0,3,,,,,,,,
,,,,,48756,3.0,3,,,,,,,,
,,,,,48759,3.0,3,,,,,,,,
,,,,,48762,3.0,3,,,,,,,,
,,,,,48765,3.0,3,,,,,,,,
,,,,,48768,3.0,3,,,,,,,,
,,,,,48771,3.0,3,,,,,,,,
,,,,,48774,3.0,3,,,,,,,,
,,,,,48777,3.0,3,,,,,,,,
,,,,,48780,3.0,3,,,,,,,,
,,,,,48784,4.0,4,,,,,,,,
,,,,,48788,4.0,4,,,,,,,,
,,,,,48791,3.0,3,,,,,,,,
,,,,,48794,3.0,3,,,,,,,,
,,,,,48797,3.0,3,,,,,,,,
,,,,,48800,3.0,3,,,,,,,,
,,,,,48803,3.0,3,,,,,,,,
,,,,,48806,3.0,3,,,,,,,,
,,,,,48809,3.0,3,,,,,,,,
,,,,,48815,6.0,6,,,,,,,,
,,,,,48822,7.0,7,,,,,,,,
,,,,,48825,3.0,3,,,,,,,,
,,,,,48828,3.0,3,,,,,,,,
,,,,,48832,4.0,4,,,,,,,,
,,,,,48835,3.0,3,,,,,,,,
,,,,,48838,3.0,3,,,,,,,,
,,,,,48841,3.0,3,,,,,,,,
,,,,,48844,3.0,3,,,,,,,,
,,,,,48847,3.0,3,,,,,,,,
,,,,,48850,3.0,3,,,,,,,,
,,,,,48854,4.0,4,,,,,,,,
,,,,,48858,4.0,4,,,,,,,,
,,,,,48861,3.0,3,,,,,,,,
,,,,,48864,3.0,3,,,,,,,,
,,,,,48868,4.0,4,,,,,,,,
,,,,,48871,3.0,3,,,,,,,,
,,,,,48874,3.0,3,,,,,,,,
,,,,,48877,3.0,3,,,,,,,,
,,,,,48880,3.0,3,,,,,,,,
,,,,,48883,3.0,3,,,,,,,,
,,,,,48886,3.0,3,,,,,,,,
,,,,,48891,5.0,5,,,,,,,,
,,,,,48894,3.0,3,,,,,,,,
,,,,,48897,3.0,3,,,,,,,,
,,,,,48900,3.0,3,,,,,,,,
,,,,,48904,4.0,4,,,,,,,,
,,,,,48909,5.0,5,,,,,,,,
,,,,,48912,3.0,3,,,,,,,,
,,,,,48915,3.0,3,,,,,,,,
,,,,,48918,3.0,3,,,,,,,,
,,,,,48921,3.0,3,,,,,,,,
,,,,,48924,3.0,3,,,,,,,,
,,,,,48927,3.0,3,,,,,,,,
,,,,,48930,3.0,3,,,,,,,,
,,,,,48933,3.0,3,,,,,,,,
,,,,,48937,4.0,4,,,,,,,,
,,,,,48940,3.0,3,,,,,,,,
,,,,,48943,3.0,3,,,,,,,,
,,,,,48946,3.0,3,,,,,,,,
,,,,,48951,5.0,5,,,,,,,,
,,,,,48954,3.0,3,,,,,,,,
,,,,,48957,3.0,3,,,,,,,,
,,,,,48960,3.0,3,,,,,,,,
,,,,,48964,4.0,4,,,,,,,,
,,,,,48967,3.0,3,,,,,,,,
,,,,,48970,3.0,3,,,,,,,,
,,,,,48973,3.0,3,,,,,,,,
,,,,,48976,3.0,3,,,,,,,,
,,,,,48979,3.0,3,,,,,,,,
,,,,,48984,5.0,5,,,,,,,,
,,,,,48987,3.0,3,,,,,,,,
,,,,,48990,3.0,3,,,,,,,,
,,,,,48993,3.0,3,,,,,,,,
,,,,,48996,3.0,3,,,,,,,,
,,,,,49000,4.0,4,,,,,,,,
,,,,,49000,,,0.2579282224178314,-2.579282283782959,0.0798291265964508,1.8401492834091187,1.840284824371338,0.0003,0.0003,0.1
,,,,,49003,3.0,3,,,,,,,,
,,,,,49006,3.0,3,,,,,,,,
,,,,,49009,3.0,3,,,,,,,,
,,,,,49012,3.0,3,,,,,,,,
,,,,,49015,3.0,3,,,,,,,,
,,,,,49018,3.0,3,,,,,,,,
,,,,,49021,3.0,3,,,,,,,,
,,,,,49024,3.0,3,,,,,,,,
,,,,,49027,3.0,3,,,,,,,,
,,,,,49030,3.0,3,,,,,,,,
,,,,,49034,4.0,4,,,,,,,,
,,,,,49037,3.0,3,,,,,,,,
,,,,,49040,3.0,3,,,,,,,,
,,,,,49043,3.0,3,,,,,,,,
,,,,,49046,3.0,3,,,,,,,,
,,,,,49049,3.0,3,,,,,,,,
,,,,,49053,4.0,4,,,,,,,,
,,,,,49056,3.0,3,,,,,,,,
,,,,,49059,3.0,3,,,,,,,,
,,,,,49062,3.0,3,,,,,,,,
,,,,,49065,3.0,3,,,,,,,,
,,,,,49069,4.0,4,,,,,,,,
,,,,,49072,3.0,3,,,,,,,,
,,,,,49075,3.0,3,,,,,,,,
,,,,,49078,3.0,3,,,,,,,,
,,,,,49081,3.0,3,,,,,,,,
,,,,,49084,3.0,3,,,,,,,,
,,,,,49087,3.0,3,,,,,,,,
,,,,,49091,4.0,4,,,,,,,,
,,,,,49095,4.0,4,,,,,,,,
,,,,,49098,3.0,3,,,,,,,,
,,,,,49101,3.0,3,,,,,,,,
,,,,,49104,3.0,3,,,,,,,,
,,,,,49107,3.0,3,,,,,,,,
,,,,,49110,3.0,3,,,,,,,,
,,,,,49113,3.0,3,,,,,,,,
,,,,,49116,3.0,3,,,,,,,,
,,,,,49121,5.0,5,,,,,,,,
,,,,,49125,4.0,4,,,,,,,,
,,,,,49128,3.0,3,,,,,,,,
,,,,,49131,3.0,3,,,,,,,,
,,,,,49134,3.0,3,,,,,,,,
,,,,,49137,3.0,3,,,,,,,,
,,,,,49140,3.0,3,,,,,,,,
,,,,,49143,3.0,3,,,,,,,,
,,,,,49146,3.0,3,,,,,,,,
,,,,,49149,3.0,3,,,,,,,,
,,,,,49153,4.0,4,,,,,,,,
,,,,,49156,3.0,3,,,,,,,,
,,,,,49159,3.0,3,,,,,,,,
,,,,,49163,4.0,4,,,,,,,,
,,,,,49167,4.0,4,,,,,,,,
,,,,,49170,3.0,3,,,,,,,,
,,,,,49174,4.0,4,,,,,,,,
,,,,,49181,7.0,7,,,,,,,,
,,,,,49185,4.0,4,,,,,,,,
,,,,,49190,5.0,5,,,,,,,,
,,,,,49194,4.0,4,,,,,,,,
,,,,,49197,3.0,3,,,,,,,,
,,,,,49200,3.0,3,,,,,,,,
,,,,,49204,4.0,4,,,,,,,,
,,,,,49210,6.0,6,,,,,,,,
,,,,,49218,8.0,8,,,,,,,,
,,,,,49221,3.0,3,,,,,,,,
,,,,,49225,4.0,4,,,,,,,,
,,,,,49228,3.0,3,,,,,,,,
,,,,,49231,3.0,3,,,,,,,,
,,,,,49234,3.0,3,,,,,,,,
,,,,,49237,3.0,3,,,,,,,,
,,,,,49240,3.0,3,,,,,,,,
,,,,,49245,5.0,5,,,,,,,,
,,,,,49248,3.0,3,,,,,,,,
,,,,,49251,3.0,3,,,,,,,,
,,,,,49254,3.0,3,,,,,,,,
,,,,,49257,3.0,3,,,,,,,,
,,,,,49260,3.0,3,,,,,,,,
,,,,,49264,4.0,4,,,,,,,,
,,,,,49268,4.0,4,,,,,,,,
,,,,,49271,3.0,3,,,,,,,,
,,,,,49276,5.0,5,,,,,,,,
,,,,,49281,5.0,5,,,,,,,,
,,,,,49284,3.0,3,,,,,,,,
,,,,,49287,3.0,3,,,,,,,,
,,,,,49290,3.0,3,,,,,,,,
,,,,,49293,3.0,3,,,,,,,,
,,,,,49296,3.0,3,,,,,,,,
,,,,,49301,5.0,5,,,,,,,,
,,,,,49304,3.0,3,,,,,,,,
,,,,,49307,3.0,3,,,,,,,,
,,,,,49310,3.0,3,,,,,,,,
,,,,,49314,4.0,4,,,,,,,,
,,,,,49318,4.0,4,,,,,,,,
,,,,,49321,3.0,3,,,,,,,,
,,,,,49324,3.0,3,,,,,,,,
,,,,,49328,4.0,4,,,,,,,,
,,,,,49332,4.0,4,,,,,,,,
,,,,,49336,4.0,4,,,,,,,,
,,,,,49339,3.0,3,,,,,,,,
,,,,,49343,4.0,4,,,,,,,,
,,,,,49346,3.0,3,,,,,,,,
,,,,,49350,4.0,4,,,,,,,,
,,,,,49353,3.0,3,,,,,,,,
,,,,,49356,3.0,3,,,,,,,,
,,,,,49359,3.0,3,,,,,,,,
,,,,,49363,4.0,4,,,,,,,,
,,,,,49366,3.0,3,,,,,,,,
,,,,,49370,4.0,4,,,,,,,,
,,,,,49375,5.0,5,,,,,,,,
,,,,,49378,3.0,3,,,,,,,,
,,,,,49381,3.0,3,,,,,,,,
,,,,,49385,4.0,4,,,,,,,,
,,,,,49389,4.0,4,,,,,,,,
,,,,,49392,3.0,3,,,,,,,,
,,,,,49396,4.0,4,,,,,,,,
,,,,,49399,3.0,3,,,,,,,,
,,,,,49402,3.0,3,,,,,,,,
,,,,,49405,3.0,3,,,,,,,,
,,,,,49409,4.0,4,,,,,,,,
,,,,,49412,3.0,3,,,,,,,,
,,,,,49416,4.0,4,,,,,,,,
,,,,,49419,3.0,3,,,,,,,,
,,,,,49423,4.0,4,,,,,,,,
,,,,,49426,3.0,3,,,,,,,,
,,,,,49430,4.0,4,,,,,,,,
,,,,,49433,3.0,3,,,,,,,,
,,,,,49437,4.0,4,,,,,,,,
,,,,,49443,6.0,6,,,,,,,,
,,,,,49446,3.0,3,,,,,,,,
,,,,,49449,3.0,3,,,,,,,,
,,,,,49452,3.0,3,,,,,,,,
,,,,,49455,3.0,3,,,,,,,,
,,,,,49458,3.0,3,,,,,,,,
,,,,,49461,3.0,3,,,,,,,,
,,,,,49464,3.0,3,,,,,,,,
,,,,,49467,3.0,3,,,,,,,,
,,,,,49472,5.0,5,,,,,,,,
,,,,,49478,6.0,6,,,,,,,,
,,,,,49481,3.0,3,,,,,,,,
,,,,,49484,3.0,3,,,,,,,,
,,,,,49487,3.0,3,,,,,,,,
,,,,,49490,3.0,3,,,,,,,,
,,,,,49493,3.0,3,,,,,,,,
,,,,,49496,3.0,3,,,,,,,,
,,,,,49499,3.0,3,,,,,,,,
,,,,,49502,3.0,3,,,,,,,,
,,,,,49505,3.0,3,,,,,,,,
,,,,,49508,3.0,3,,,,,,,,
,,,,,49511,3.0,3,,,,,,,,
,,,,,49516,5.0,5,,,,,,,,
,,,,,49519,3.0,3,,,,,,,,
,,,,,49523,4.0,4,,,,,,,,
,,,,,49526,3.0,3,,,,,,,,
,,,,,49529,3.0,3,,,,,,,,
,,,,,49532,3.0,3,,,,,,,,
,,,,,49535,3.0,3,,,,,,,,
,,,,,49538,3.0,3,,,,,,,,
,,,,,49541,3.0,3,,,,,,,,
,,,,,49544,3.0,3,,,,,,,,
,,,,,49547,3.0,3,,,,,,,,
,,,,,49550,3.0,3,,,,,,,,
,,,,,49553,3.0,3,,,,,,,,
,,,,,49557,4.0,4,,,,,,,,
,,,,,49560,3.0,3,,,,,,,,
,,,,,49563,3.0,3,,,,,,,,
,,,,,49566,3.0,3,,,,,,,,
,,,,,49569,3.0,3,,,,,,,,
,,,,,49572,3.0,3,,,,,,,,
,,,,,49577,5.0,5,,,,,,,,
,,,,,49580,3.0,3,,,,,,,,
,,,,,49584,4.0,4,,,,,,,,
,,,,,49587,3.0,3,,,,,,,,
,,,,,49590,3.0,3,,,,,,,,
,,,,,49593,3.0,3,,,,,,,,
,,,,,49601,8.0,8,,,,,,,,
,,,,,49604,3.0,3,,,,,,,,
,,,,,49607,3.0,3,,,,,,,,
,,,,,49610,3.0,3,,,,,,,,
,,,,,49614,4.0,4,,,,,,,,
,,,,,49617,3.0,3,,,,,,,,
,,,,,49620,3.0,3,,,,,,,,
,,,,,49623,3.0,3,,,,,,,,
,,,,,49627,4.0,4,,,,,,,,
,,,,,49630,3.0,3,,,,,,,,
,,,,,49635,5.0,5,,,,,,,,
,,,,,49641,6.0,6,,,,,,,,
,,,,,49644,3.0,3,,,,,,,,
,,,,,49647,3.0,3,,,,,,,,
,,,,,49650,3.0,3,,,,,,,,
,,,,,49653,3.0,3,,,,,,,,
,,,,,49656,3.0,3,,,,,,,,
,,,,,49659,3.0,3,,,,,,,,
,,,,,49662,3.0,3,,,,,,,,
,,,,,49665,3.0,3,,,,,,,,
,,,,,49668,3.0,3,,,,,,,,
,,,,,49671,3.0,3,,,,,,,,
,,,,,49675,4.0,4,,,,,,,,
,,,,,49678,3.0,3,,,,,,,,
,,,,,49681,3.0,3,,,,,,,,
,,,,,49684,3.0,3,,,,,,,,
,,,,,49690,6.0,6,,,,,,,,
,,,,,49693,3.0,3,,,,,,,,
,,,,,49696,3.0,3,,,,,,,,
,,,,,49699,3.0,3,,,,,,,,
,,,,,49702,3.0,3,,,,,,,,
,,,,,49706,4.0,4,,,,,,,,
,,,,,49709,3.0,3,,,,,,,,
,,,,,49712,3.0,3,,,,,,,,
,,,,,49715,3.0,3,,,,,,,,
,,,,,49718,3.0,3,,,,,,,,
,,,,,49721,3.0,3,,,,,,,,
,,,,,49725,4.0,4,,,,,,,,
,,,,,49728,3.0,3,,,,,,,,
,,,,,49731,3.0,3,,,,,,,,
,,,,,49735,4.0,4,,,,,,,,
,,,,,49738,3.0,3,,,,,,,,
,,,,,49741,3.0,3,,,,,,,,
,,,,,49744,3.0,3,,,,,,,,
,,,,,49747,3.0,3,,,,,,,,
,,,,,49750,3.0,3,,,,,,,,
,,,,,49753,3.0,3,,,,,,,,
,,,,,49756,3.0,3,,,,,,,,
,,,,,49760,4.0,4,,,,,,,,
,,,,,49764,4.0,4,,,,,,,,
,,,,,49767,3.0,3,,,,,,,,
,,,,,49771,4.0,4,,,,,,,,
,,,,,49774,3.0,3,,,,,,,,
,,,,,49778,4.0,4,,,,,,,,
,,,,,49782,4.0,4,,,,,,,,
,,,,,49785,3.0,3,,,,,,,,
,,,,,49788,3.0,3,,,,,,,,
,,,,,49792,4.0,4,,,,,,,,
,,,,,49795,3.0,3,,,,,,,,
,,,,,49798,3.0,3,,,,,,,,
,,,,,49801,3.0,3,,,,,,,,
,,,,,49804,3.0,3,,,,,,,,
,,,,,49807,3.0,3,,,,,,,,
,,,,,49810,3.0,3,,,,,,,,
,,,,,49813,3.0,3,,,,,,,,
,,,,,49822,9.0,9,,,,,,,,
,,,,,49825,3.0,3,,,,,,,,
,,,,,49830,5.0,5,,,,,,,,
,,,,,49833,3.0,3,,,,,,,,
,,,,,49837,4.0,4,,,,,,,,
,,,,,49840,3.0,3,,,,,,,,
,,,,,49843,3.0,3,,,,,,,,
,,,,,49846,3.0,3,,,,,,,,
,,,,,49849,3.0,3,,,,,,,,
,,,,,49855,6.0,6,,,,,,,,
,,,,,49858,3.0,3,,,,,,,,
,,,,,49861,3.0,3,,,,,,,,
,,,,,49864,3.0,3,,,,,,,,
,,,,,49869,5.0,5,,,,,,,,
,,,,,49872,3.0,3,,,,,,,,
,,,,,49875,3.0,3,,,,,,,,
,,,,,49882,7.0,7,,,,,,,,
,,,,,49885,3.0,3,,,,,,,,
,,,,,49888,3.0,3,,,,,,,,
,,,,,49891,3.0,3,,,,,,,,
,,,,,49894,3.0,3,,,,,,,,
,,,,,49897,3.0,3,,,,,,,,
,,,,,49900,3.0,3,,,,,,,,
,,,,,49903,3.0,3,,,,,,,,
,,,,,49906,3.0,3,,,,,,,,
,,,,,49909,3.0,3,,,,,,,,
,,,,,49913,4.0,4,,,,,,,,
,,,,,49919,6.0,6,,,,,,,,
,,,,,49922,3.0,3,,,,,,,,
,,,,,49925,3.0,3,,,,,,,,
,,,,,49928,3.0,3,,,,,,,,
,,,,,49931,3.0,3,,,,,,,,
,,,,,49936,5.0,5,,,,,,,,
,,,,,49939,3.0,3,,,,,,,,
,,,,,49943,4.0,4,,,,,,,,
,,,,,49949,6.0,6,,,,,,,,
,,,,,49952,3.0,3,,,,,,,,
,,,,,49955,3.0,3,,,,,,,,
,,,,,49958,3.0,3,,,,,,,,
,,,,,49962,4.0,4,,,,,,,,
,,,,,49965,3.0,3,,,,,,,,
,,,,,49968,3.0,3,,,,,,,,
,,,,,49973,5.0,5,,,,,,,,
,,,,,49977,4.0,4,,,,,,,,
,,,,,49981,4.0,4,,,,,,,,
,,,,,49985,4.0,4,,,,,,,,
,,,,,49988,3.0,3,,,,,,,,
,,,,,49993,5.0,5,,,,,,,,
,,,,,49996,3.0,3,,,,,,,,
