Eval_AverageReturn,Eval_StdReturn,Eval_MaxReturn,Eval_MinReturn,Eval_AverageEpLen,step,Train_EpisodeReturn,Train_EpisodeLen,actor_loss,entropy,critic_loss,q_values,target_values,actor_lr,critic_lr,temperature
6.6,4.4090815,18.0,3.0,6.6,0,,,,,,,,,,
,,,,,2,3.0,3,,,,,,,,
,,,,,13,11.0,11,,,,,,,,
,,,,,19,6.0,6,,,,,,,,
,,,,,22,3.0,3,,,,,,,,
,,,,,27,5.0,5,,,,,,,,
,,,,,38,11.0,11,,,,,,,,
,,,,,46,8.0,8,,,,,,,,
,,,,,57,11.0,11,,,,,,,,
,,,,,60,3.0,3,,,,,,,,
,,,,,63,3.0,3,,,,,,,,
,,,,,67,4.0,4,,,,,,,,
,,,,,73,6.0,6,,,,,,,,
,,,,,82,9.0,9,,,,,,,,
,,,,,87,5.0,5,,,,,,,,
,,,,,90,3.0,3,,,,,,,,
,,,,,98,8.0,8,,,,,,,,
,,,,,104,6.0,6,,,,,,,,
,,,,,116,12.0,12,,,,,,,,
,,,,,119,3.0,3,,,,,,,,
,,,,,127,8.0,8,,,,,,,,
,,,,,131,4.0,4,,,,,,,,
,,,,,137,6.0,6,,,,,,,,
,,,,,140,3.0,3,,,,,,,,
,,,,,146,6.0,6,,,,,,,,
,,,,,152,6.0,6,,,,,,,,
,,,,,156,4.0,4,,,,,,,,
,,,,,160,4.0,4,,,,,,,,
,,,,,163,3.0,3,,,,,,,,
,,,,,172,9.0,9,,,,,,,,
,,,,,186,14.0,14,,,,,,,,
,,,,,194,8.0,8,,,,,,,,
,,,,,197,3.0,3,,,,,,,,
,,,,,201,4.0,4,,,,,,,,
,,,,,208,7.0,7,,,,,,,,
,,,,,213,5.0,5,,,,,,,,
,,,,,219,6.0,6,,,,,,,,
,,,,,225,6.0,6,,,,,,,,
,,,,,228,3.0,3,,,,,,,,
,,,,,235,7.0,7,,,,,,,,
,,,,,241,6.0,6,,,,,,,,
,,,,,249,8.0,8,,,,,,,,
,,,,,254,5.0,5,,,,,,,,
,,,,,265,11.0,11,,,,,,,,
,,,,,273,8.0,8,,,,,,,,
,,,,,279,6.0,6,,,,,,,,
,,,,,283,4.0,4,,,,,,,,
,,,,,294,11.0,11,,,,,,,,
,,,,,298,4.0,4,,,,,,,,
,,,,,302,4.0,4,,,,,,,,
,,,,,305,3.0,3,,,,,,,,
,,,,,309,4.0,4,,,,,,,,
,,,,,315,6.0,6,,,,,,,,
,,,,,320,5.0,5,,,,,,,,
,,,,,332,12.0,12,,,,,,,,
,,,,,341,9.0,9,,,,,,,,
,,,,,345,4.0,4,,,,,,,,
,,,,,353,8.0,8,,,,,,,,
,,,,,358,5.0,5,,,,,,,,
,,,,,362,4.0,4,,,,,,,,
,,,,,367,5.0,5,,,,,,,,
,,,,,387,20.0,20,,,,,,,,
,,,,,396,9.0,9,,,,,,,,
,,,,,399,3.0,3,,,,,,,,
,,,,,402,3.0,3,,,,,,,,
,,,,,405,3.0,3,,,,,,,,
,,,,,409,4.0,4,,,,,,,,
,,,,,412,3.0,3,,,,,,,,
,,,,,425,13.0,13,,,,,,,,
,,,,,430,5.0,5,,,,,,,,
,,,,,435,5.0,5,,,,,,,,
,,,,,438,3.0,3,,,,,,,,
,,,,,444,6.0,6,,,,,,,,
,,,,,447,3.0,3,,,,,,,,
,,,,,454,7.0,7,,,,,,,,
,,,,,458,4.0,4,,,,,,,,
,,,,,462,4.0,4,,,,,,,,
,,,,,472,10.0,10,,,,,,,,
,,,,,478,6.0,6,,,,,,,,
,,,,,482,4.0,4,,,,,,,,
,,,,,486,4.0,4,,,,,,,,
,,,,,494,8.0,8,,,,,,,,
,,,,,499,5.0,5,,,,,,,,
,,,,,503,4.0,4,,,,,,,,
,,,,,512,9.0,9,,,,,,,,
,,,,,521,9.0,9,,,,,,,,
,,,,,529,8.0,8,,,,,,,,
,,,,,536,7.0,7,,,,,,,,
,,,,,544,8.0,8,,,,,,,,
,,,,,556,12.0,12,,,,,,,,
,,,,,559,3.0,3,,,,,,,,
,,,,,566,7.0,7,,,,,,,,
,,,,,576,10.0,10,,,,,,,,
,,,,,579,3.0,3,,,,,,,,
,,,,,585,6.0,6,,,,,,,,
,,,,,589,4.0,4,,,,,,,,
,,,,,598,9.0,9,,,,,,,,
,,,,,602,4.0,4,,,,,,,,
,,,,,605,3.0,3,,,,,,,,
,,,,,611,6.0,6,,,,,,,,
,,,,,620,9.0,9,,,,,,,,
,,,,,627,7.0,7,,,,,,,,
,,,,,632,5.0,5,,,,,,,,
,,,,,636,4.0,4,,,,,,,,
,,,,,643,7.0,7,,,,,,,,
,,,,,647,4.0,4,,,,,,,,
,,,,,653,6.0,6,,,,,,,,
,,,,,657,4.0,4,,,,,,,,
,,,,,664,7.0,7,,,,,,,,
,,,,,668,4.0,4,,,,,,,,
,,,,,674,6.0,6,,,,,,,,
,,,,,681,7.0,7,,,,,,,,
,,,,,684,3.0,3,,,,,,,,
,,,,,688,4.0,4,,,,,,,,
,,,,,691,3.0,3,,,,,,,,
,,,,,696,5.0,5,,,,,,,,
,,,,,699,3.0,3,,,,,,,,
,,,,,705,6.0,6,,,,,,,,
,,,,,712,7.0,7,,,,,,,,
,,,,,716,4.0,4,,,,,,,,
,,,,,722,6.0,6,,,,,,,,
,,,,,725,3.0,3,,,,,,,,
,,,,,729,4.0,4,,,,,,,,
,,,,,734,5.0,5,,,,,,,,
,,,,,742,8.0,8,,,,,,,,
,,,,,752,10.0,10,,,,,,,,
,,,,,756,4.0,4,,,,,,,,
,,,,,766,10.0,10,,,,,,,,
,,,,,771,5.0,5,,,,,,,,
,,,,,777,6.0,6,,,,,,,,
,,,,,780,3.0,3,,,,,,,,
,,,,,785,5.0,5,,,,,,,,
,,,,,795,10.0,10,,,,,,,,
,,,,,802,7.0,7,,,,,,,,
,,,,,807,5.0,5,,,,,,,,
,,,,,814,7.0,7,,,,,,,,
,,,,,825,11.0,11,,,,,,,,
,,,,,830,5.0,5,,,,,,,,
,,,,,834,4.0,4,,,,,,,,
,,,,,846,12.0,12,,,,,,,,
,,,,,857,11.0,11,,,,,,,,
,,,,,861,4.0,4,,,,,,,,
,,,,,866,5.0,5,,,,,,,,
,,,,,870,4.0,4,,,,,,,,
,,,,,873,3.0,3,,,,,,,,
,,,,,876,3.0,3,,,,,,,,
,,,,,879,3.0,3,,,,,,,,
,,,,,888,9.0,9,,,,,,,,
,,,,,893,5.0,5,,,,,,,,
,,,,,899,6.0,6,,,,,,,,
,,,,,903,4.0,4,,,,,,,,
,,,,,910,7.0,7,,,,,,,,
,,,,,915,5.0,5,,,,,,,,
,,,,,926,11.0,11,,,,,,,,
,,,,,933,7.0,7,,,,,,,,
,,,,,937,4.0,4,,,,,,,,
,,,,,956,19.0,19,,,,,,,,
,,,,,965,9.0,9,,,,,,,,
,,,,,981,16.0,16,,,,,,,,
,,,,,995,14.0,14,,,,,,,,
,,,,,1002,7.0,7,,,,,,,,
,,,,,1008,6.0,6,,,,,,,,
,,,,,1011,3.0,3,,,,,,,,
,,,,,1015,4.0,4,,,,,,,,
,,,,,1026,11.0,11,,,,,,,,
,,,,,1032,6.0,6,,,,,,,,
,,,,,1038,6.0,6,,,,,,,,
,,,,,1046,8.0,8,,,,,,,,
,,,,,1052,6.0,6,,,,,,,,
,,,,,1063,11.0,11,,,,,,,,
,,,,,1077,14.0,14,,,,,,,,
,,,,,1081,4.0,4,,,,,,,,
,,,,,1087,6.0,6,,,,,,,,
,,,,,1090,3.0,3,,,,,,,,
,,,,,1094,4.0,4,,,,,,,,
,,,,,1110,16.0,16,,,,,,,,
,,,,,1115,5.0,5,,,,,,,,
,,,,,1118,3.0,3,,,,,,,,
,,,,,1125,7.0,7,,,,,,,,
,,,,,1132,7.0,7,,,,,,,,
,,,,,1136,4.0,4,,,,,,,,
,,,,,1140,4.0,4,,,,,,,,
,,,,,1151,11.0,11,,,,,,,,
,,,,,1154,3.0,3,,,,,,,,
,,,,,1157,3.0,3,,,,,,,,
,,,,,1160,3.0,3,,,,,,,,
,,,,,1167,7.0,7,,,,,,,,
,,,,,1170,3.0,3,,,,,,,,
,,,,,1173,3.0,3,,,,,,,,
,,,,,1177,4.0,4,,,,,,,,
,,,,,1182,5.0,5,,,,,,,,
,,,,,1185,3.0,3,,,,,,,,
,,,,,1188,3.0,3,,,,,,,,
,,,,,1192,4.0,4,,,,,,,,
,,,,,1201,9.0,9,,,,,,,,
,,,,,1210,9.0,9,,,,,,,,
,,,,,1220,10.0,10,,,,,,,,
,,,,,1231,11.0,11,,,,,,,,
,,,,,1245,14.0,14,,,,,,,,
,,,,,1262,17.0,17,,,,,,,,
,,,,,1267,5.0,5,,,,,,,,
,,,,,1274,7.0,7,,,,,,,,
,,,,,1284,10.0,10,,,,,,,,
,,,,,1297,13.0,13,,,,,,,,
,,,,,1302,5.0,5,,,,,,,,
,,,,,1307,5.0,5,,,,,,,,
,,,,,1311,4.0,4,,,,,,,,
,,,,,1319,8.0,8,,,,,,,,
,,,,,1323,4.0,4,,,,,,,,
,,,,,1332,9.0,9,,,,,,,,
,,,,,1337,5.0,5,,,,,,,,
,,,,,1340,3.0,3,,,,,,,,
,,,,,1345,5.0,5,,,,,,,,
,,,,,1353,8.0,8,,,,,,,,
,,,,,1360,7.0,7,,,,,,,,
,,,,,1371,11.0,11,,,,,,,,
,,,,,1374,3.0,3,,,,,,,,
,,,,,1379,5.0,5,,,,,,,,
,,,,,1388,9.0,9,,,,,,,,
,,,,,1406,18.0,18,,,,,,,,
,,,,,1418,12.0,12,,,,,,,,
,,,,,1425,7.0,7,,,,,,,,
,,,,,1433,8.0,8,,,,,,,,
,,,,,1436,3.0,3,,,,,,,,
,,,,,1441,5.0,5,,,,,,,,
,,,,,1451,10.0,10,,,,,,,,
,,,,,1454,3.0,3,,,,,,,,
,,,,,1459,5.0,5,,,,,,,,
,,,,,1464,5.0,5,,,,,,,,
,,,,,1472,8.0,8,,,,,,,,
,,,,,1478,6.0,6,,,,,,,,
,,,,,1481,3.0,3,,,,,,,,
,,,,,1487,6.0,6,,,,,,,,
,,,,,1493,6.0,6,,,,,,,,
,,,,,1496,3.0,3,,,,,,,,
,,,,,1523,27.0,27,,,,,,,,
,,,,,1532,9.0,9,,,,,,,,
,,,,,1544,12.0,12,,,,,,,,
,,,,,1560,16.0,16,,,,,,,,
,,,,,1563,3.0,3,,,,,,,,
,,,,,1570,7.0,7,,,,,,,,
,,,,,1573,3.0,3,,,,,,,,
,,,,,1581,8.0,8,,,,,,,,
,,,,,1585,4.0,4,,,,,,,,
,,,,,1590,5.0,5,,,,,,,,
,,,,,1599,9.0,9,,,,,,,,
,,,,,1603,4.0,4,,,,,,,,
,,,,,1607,4.0,4,,,,,,,,
,,,,,1610,3.0,3,,,,,,,,
,,,,,1616,6.0,6,,,,,,,,
,,,,,1621,5.0,5,,,,,,,,
,,,,,1625,4.0,4,,,,,,,,
,,,,,1639,14.0,14,,,,,,,,
,,,,,1655,16.0,16,,,,,,,,
,,,,,1660,5.0,5,,,,,,,,
,,,,,1666,6.0,6,,,,,,,,
,,,,,1669,3.0,3,,,,,,,,
,,,,,1675,6.0,6,,,,,,,,
,,,,,1686,11.0,11,,,,,,,,
,,,,,1692,6.0,6,,,,,,,,
,,,,,1700,8.0,8,,,,,,,,
,,,,,1705,5.0,5,,,,,,,,
,,,,,1710,5.0,5,,,,,,,,
,,,,,1719,9.0,9,,,,,,,,
,,,,,1724,5.0,5,,,,,,,,
,,,,,1732,8.0,8,,,,,,,,
,,,,,1745,13.0,13,,,,,,,,
,,,,,1752,7.0,7,,,,,,,,
,,,,,1759,7.0,7,,,,,,,,
,,,,,1764,5.0,5,,,,,,,,
,,,,,1768,4.0,4,,,,,,,,
,,,,,1773,5.0,5,,,,,,,,
,,,,,1776,3.0,3,,,,,,,,
,,,,,1781,5.0,5,,,,,,,,
,,,,,1801,20.0,20,,,,,,,,
,,,,,1805,4.0,4,,,,,,,,
,,,,,1809,4.0,4,,,,,,,,
,,,,,1813,4.0,4,,,,,,,,
,,,,,1821,8.0,8,,,,,,,,
,,,,,1825,4.0,4,,,,,,,,
,,,,,1828,3.0,3,,,,,,,,
,,,,,1836,8.0,8,,,,,,,,
,,,,,1855,19.0,19,,,,,,,,
,,,,,1860,5.0,5,,,,,,,,
,,,,,1863,3.0,3,,,,,,,,
,,,,,1869,6.0,6,,,,,,,,
,,,,,1877,8.0,8,,,,,,,,
,,,,,1893,16.0,16,,,,,,,,
,,,,,1898,5.0,5,,,,,,,,
,,,,,1902,4.0,4,,,,,,,,
,,,,,1906,4.0,4,,,,,,,,
,,,,,1909,3.0,3,,,,,,,,
,,,,,1912,3.0,3,,,,,,,,
,,,,,1916,4.0,4,,,,,,,,
,,,,,1927,11.0,11,,,,,,,,
,,,,,1936,9.0,9,,,,,,,,
,,,,,1942,6.0,6,,,,,,,,
,,,,,1949,7.0,7,,,,,,,,
,,,,,1959,10.0,10,,,,,,,,
,,,,,1964,5.0,5,,,,,,,,
,,,,,1975,11.0,11,,,,,,,,
,,,,,1998,23.0,23,,,,,,,,
,,,,,2005,7.0,7,,,,,,,,
,,,,,2011,6.0,6,,,,,,,,
,,,,,2015,4.0,4,,,,,,,,
,,,,,2019,4.0,4,,,,,,,,
,,,,,2028,9.0,9,,,,,,,,
,,,,,2036,8.0,8,,,,,,,,
,,,,,2039,3.0,3,,,,,,,,
,,,,,2043,4.0,4,,,,,,,,
,,,,,2053,10.0,10,,,,,,,,
,,,,,2082,29.0,29,,,,,,,,
,,,,,2094,12.0,12,,,,,,,,
,,,,,2097,3.0,3,,,,,,,,
,,,,,2100,3.0,3,,,,,,,,
,,,,,2108,8.0,8,,,,,,,,
,,,,,2115,7.0,7,,,,,,,,
,,,,,2118,3.0,3,,,,,,,,
,,,,,2123,5.0,5,,,,,,,,
,,,,,2131,8.0,8,,,,,,,,
,,,,,2138,7.0,7,,,,,,,,
,,,,,2155,17.0,17,,,,,,,,
,,,,,2159,4.0,4,,,,,,,,
,,,,,2163,4.0,4,,,,,,,,
,,,,,2175,12.0,12,,,,,,,,
,,,,,2183,8.0,8,,,,,,,,
,,,,,2186,3.0,3,,,,,,,,
,,,,,2195,9.0,9,,,,,,,,
,,,,,2204,9.0,9,,,,,,,,
,,,,,2213,9.0,9,,,,,,,,
,,,,,2219,6.0,6,,,,,,,,
,,,,,2234,15.0,15,,,,,,,,
,,,,,2237,3.0,3,,,,,,,,
,,,,,2258,21.0,21,,,,,,,,
,,,,,2261,3.0,3,,,,,,,,
,,,,,2269,8.0,8,,,,,,,,
,,,,,2274,5.0,5,,,,,,,,
,,,,,2277,3.0,3,,,,,,,,
,,,,,2288,11.0,11,,,,,,,,
,,,,,2291,3.0,3,,,,,,,,
,,,,,2296,5.0,5,,,,,,,,
,,,,,2308,12.0,12,,,,,,,,
,,,,,2311,3.0,3,,,,,,,,
,,,,,2316,5.0,5,,,,,,,,
,,,,,2323,7.0,7,,,,,,,,
,,,,,2328,5.0,5,,,,,,,,
,,,,,2336,8.0,8,,,,,,,,
,,,,,2349,13.0,13,,,,,,,,
,,,,,2353,4.0,4,,,,,,,,
,,,,,2364,11.0,11,,,,,,,,
,,,,,2369,5.0,5,,,,,,,,
,,,,,2382,13.0,13,,,,,,,,
,,,,,2390,8.0,8,,,,,,,,
,,,,,2412,22.0,22,,,,,,,,
,,,,,2417,5.0,5,,,,,,,,
,,,,,2424,7.0,7,,,,,,,,
,,,,,2433,9.0,9,,,,,,,,
,,,,,2437,4.0,4,,,,,,,,
,,,,,2442,5.0,5,,,,,,,,
,,,,,2446,4.0,4,,,,,,,,
,,,,,2459,13.0,13,,,,,,,,
,,,,,2469,10.0,10,,,,,,,,
,,,,,2472,3.0,3,,,,,,,,
,,,,,2480,8.0,8,,,,,,,,
,,,,,2483,3.0,3,,,,,,,,
,,,,,2487,4.0,4,,,,,,,,
,,,,,2491,4.0,4,,,,,,,,
,,,,,2500,9.0,9,,,,,,,,
,,,,,2507,7.0,7,,,,,,,,
,,,,,2514,7.0,7,,,,,,,,
,,,,,2524,10.0,10,,,,,,,,
,,,,,2532,8.0,8,,,,,,,,
,,,,,2540,8.0,8,,,,,,,,
,,,,,2551,11.0,11,,,,,,,,
,,,,,2562,11.0,11,,,,,,,,
,,,,,2565,3.0,3,,,,,,,,
,,,,,2577,12.0,12,,,,,,,,
,,,,,2585,8.0,8,,,,,,,,
,,,,,2589,4.0,4,,,,,,,,
,,,,,2594,5.0,5,,,,,,,,
,,,,,2600,6.0,6,,,,,,,,
,,,,,2604,4.0,4,,,,,,,,
,,,,,2614,10.0,10,,,,,,,,
,,,,,2619,5.0,5,,,,,,,,
,,,,,2628,9.0,9,,,,,,,,
,,,,,2633,5.0,5,,,,,,,,
,,,,,2640,7.0,7,,,,,,,,
,,,,,2644,4.0,4,,,,,,,,
,,,,,2676,32.0,32,,,,,,,,
,,,,,2684,8.0,8,,,,,,,,
,,,,,2687,3.0,3,,,,,,,,
,,,,,2691,4.0,4,,,,,,,,
,,,,,2697,6.0,6,,,,,,,,
,,,,,2704,7.0,7,,,,,,,,
,,,,,2709,5.0,5,,,,,,,,
,,,,,2713,4.0,4,,,,,,,,
,,,,,2716,3.0,3,,,,,,,,
,,,,,2720,4.0,4,,,,,,,,
,,,,,2724,4.0,4,,,,,,,,
,,,,,2729,5.0,5,,,,,,,,
,,,,,2735,6.0,6,,,,,,,,
,,,,,2740,5.0,5,,,,,,,,
,,,,,2743,3.0,3,,,,,,,,
,,,,,2751,8.0,8,,,,,,,,
,,,,,2766,15.0,15,,,,,,,,
,,,,,2772,6.0,6,,,,,,,,
,,,,,2787,15.0,15,,,,,,,,
,,,,,2794,7.0,7,,,,,,,,
,,,,,2798,4.0,4,,,,,,,,
,,,,,2804,6.0,6,,,,,,,,
,,,,,2809,5.0,5,,,,,,,,
,,,,,2833,24.0,24,,,,,,,,
,,,,,2839,6.0,6,,,,,,,,
,,,,,2843,4.0,4,,,,,,,,
,,,,,2847,4.0,4,,,,,,,,
,,,,,2854,7.0,7,,,,,,,,
,,,,,2868,14.0,14,,,,,,,,
,,,,,2879,11.0,11,,,,,,,,
,,,,,2884,5.0,5,,,,,,,,
,,,,,2889,5.0,5,,,,,,,,
,,,,,2897,8.0,8,,,,,,,,
,,,,,2912,15.0,15,,,,,,,,
,,,,,2928,16.0,16,,,,,,,,
,,,,,2931,3.0,3,,,,,,,,
,,,,,2938,7.0,7,,,,,,,,
,,,,,2944,6.0,6,,,,,,,,
,,,,,2952,8.0,8,,,,,,,,
,,,,,2958,6.0,6,,,,,,,,
,,,,,2966,8.0,8,,,,,,,,
,,,,,2978,12.0,12,,,,,,,,
,,,,,2986,8.0,8,,,,,,,,
,,,,,2990,4.0,4,,,,,,,,
,,,,,2997,7.0,7,,,,,,,,
,,,,,3003,6.0,6,,,,,,,,
,,,,,3010,7.0,7,,,,,,,,
,,,,,3018,8.0,8,,,,,,,,
,,,,,3022,4.0,4,,,,,,,,
,,,,,3042,20.0,20,,,,,,,,
,,,,,3049,7.0,7,,,,,,,,
,,,,,3055,6.0,6,,,,,,,,
,,,,,3060,5.0,5,,,,,,,,
,,,,,3067,7.0,7,,,,,,,,
,,,,,3075,8.0,8,,,,,,,,
,,,,,3081,6.0,6,,,,,,,,
,,,,,3085,4.0,4,,,,,,,,
,,,,,3089,4.0,4,,,,,,,,
,,,,,3094,5.0,5,,,,,,,,
,,,,,3098,4.0,4,,,,,,,,
,,,,,3106,8.0,8,,,,,,,,
,,,,,3112,6.0,6,,,,,,,,
,,,,,3125,13.0,13,,,,,,,,
,,,,,3128,3.0,3,,,,,,,,
,,,,,3132,4.0,4,,,,,,,,
,,,,,3135,3.0,3,,,,,,,,
,,,,,3138,3.0,3,,,,,,,,
,,,,,3142,4.0,4,,,,,,,,
,,,,,3146,4.0,4,,,,,,,,
,,,,,3150,4.0,4,,,,,,,,
,,,,,3159,9.0,9,,,,,,,,
,,,,,3164,5.0,5,,,,,,,,
,,,,,3167,3.0,3,,,,,,,,
,,,,,3172,5.0,5,,,,,,,,
,,,,,3176,4.0,4,,,,,,,,
,,,,,3187,11.0,11,,,,,,,,
,,,,,3206,19.0,19,,,,,,,,
,,,,,3209,3.0,3,,,,,,,,
,,,,,3213,4.0,4,,,,,,,,
,,,,,3217,4.0,4,,,,,,,,
,,,,,3227,10.0,10,,,,,,,,
,,,,,3237,10.0,10,,,,,,,,
,,,,,3243,6.0,6,,,,,,,,
,,,,,3249,6.0,6,,,,,,,,
,,,,,3256,7.0,7,,,,,,,,
,,,,,3268,12.0,12,,,,,,,,
,,,,,3273,5.0,5,,,,,,,,
,,,,,3282,9.0,9,,,,,,,,
,,,,,3287,5.0,5,,,,,,,,
,,,,,3312,25.0,25,,,,,,,,
,,,,,3318,6.0,6,,,,,,,,
,,,,,3325,7.0,7,,,,,,,,
,,,,,3328,3.0,3,,,,,,,,
,,,,,3337,9.0,9,,,,,,,,
,,,,,3343,6.0,6,,,,,,,,
,,,,,3347,4.0,4,,,,,,,,
,,,,,3351,4.0,4,,,,,,,,
,,,,,3356,5.0,5,,,,,,,,
,,,,,3364,8.0,8,,,,,,,,
,,,,,3369,5.0,5,,,,,,,,
,,,,,3375,6.0,6,,,,,,,,
,,,,,3382,7.0,7,,,,,,,,
,,,,,3386,4.0,4,,,,,,,,
,,,,,3390,4.0,4,,,,,,,,
,,,,,3393,3.0,3,,,,,,,,
,,,,,3405,12.0,12,,,,,,,,
,,,,,3411,6.0,6,,,,,,,,
,,,,,3430,19.0,19,,,,,,,,
,,,,,3433,3.0,3,,,,,,,,
,,,,,3443,10.0,10,,,,,,,,
,,,,,3447,4.0,4,,,,,,,,
,,,,,3453,6.0,6,,,,,,,,
,,,,,3463,10.0,10,,,,,,,,
,,,,,3473,10.0,10,,,,,,,,
,,,,,3479,6.0,6,,,,,,,,
,,,,,3483,4.0,4,,,,,,,,
,,,,,3488,5.0,5,,,,,,,,
,,,,,3504,16.0,16,,,,,,,,
,,,,,3510,6.0,6,,,,,,,,
,,,,,3516,6.0,6,,,,,,,,
,,,,,3528,12.0,12,,,,,,,,
,,,,,3538,10.0,10,,,,,,,,
,,,,,3543,5.0,5,,,,,,,,
,,,,,3547,4.0,4,,,,,,,,
,,,,,3556,9.0,9,,,,,,,,
,,,,,3562,6.0,6,,,,,,,,
,,,,,3566,4.0,4,,,,,,,,
,,,,,3569,3.0,3,,,,,,,,
,,,,,3572,3.0,3,,,,,,,,
,,,,,3575,3.0,3,,,,,,,,
,,,,,3604,29.0,29,,,,,,,,
,,,,,3616,12.0,12,,,,,,,,
,,,,,3620,4.0,4,,,,,,,,
,,,,,3629,9.0,9,,,,,,,,
,,,,,3634,5.0,5,,,,,,,,
,,,,,3642,8.0,8,,,,,,,,
,,,,,3673,31.0,31,,,,,,,,
,,,,,3677,4.0,4,,,,,,,,
,,,,,3682,5.0,5,,,,,,,,
,,,,,3685,3.0,3,,,,,,,,
,,,,,3692,7.0,7,,,,,,,,
,,,,,3701,9.0,9,,,,,,,,
,,,,,3709,8.0,8,,,,,,,,
,,,,,3716,7.0,7,,,,,,,,
,,,,,3727,11.0,11,,,,,,,,
,,,,,3731,4.0,4,,,,,,,,
,,,,,3739,8.0,8,,,,,,,,
,,,,,3746,7.0,7,,,,,,,,
,,,,,3763,17.0,17,,,,,,,,
,,,,,3773,10.0,10,,,,,,,,
,,,,,3782,9.0,9,,,,,,,,
,,,,,3788,6.0,6,,,,,,,,
,,,,,3794,6.0,6,,,,,,,,
,,,,,3797,3.0,3,,,,,,,,
,,,,,3807,10.0,10,,,,,,,,
,,,,,3822,15.0,15,,,,,,,,
,,,,,3829,7.0,7,,,,,,,,
,,,,,3833,4.0,4,,,,,,,,
,,,,,3838,5.0,5,,,,,,,,
,,,,,3843,5.0,5,,,,,,,,
,,,,,3846,3.0,3,,,,,,,,
,,,,,3852,6.0,6,,,,,,,,
,,,,,3857,5.0,5,,,,,,,,
,,,,,3860,3.0,3,,,,,,,,
,,,,,3883,23.0,23,,,,,,,,
,,,,,3887,4.0,4,,,,,,,,
,,,,,3892,5.0,5,,,,,,,,
,,,,,3897,5.0,5,,,,,,,,
,,,,,3901,4.0,4,,,,,,,,
,,,,,3906,5.0,5,,,,,,,,
,,,,,3910,4.0,4,,,,,,,,
,,,,,3915,5.0,5,,,,,,,,
,,,,,3924,9.0,9,,,,,,,,
,,,,,3928,4.0,4,,,,,,,,
,,,,,3932,4.0,4,,,,,,,,
,,,,,3936,4.0,4,,,,,,,,
,,,,,3940,4.0,4,,,,,,,,
,,,,,3944,4.0,4,,,,,,,,
,,,,,3949,5.0,5,,,,,,,,
,,,,,3957,8.0,8,,,,,,,,
,,,,,3968,11.0,11,,,,,,,,
,,,,,3971,3.0,3,,,,,,,,
,,,,,3976,5.0,5,,,,,,,,
,,,,,3982,6.0,6,,,,,,,,
,,,,,3990,8.0,8,,,,,,,,
,,,,,3996,6.0,6,,,,,,,,
,,,,,4007,11.0,11,,,,,,,,
,,,,,4012,5.0,5,,,,,,,,
,,,,,4027,15.0,15,,,,,,,,
,,,,,4042,15.0,15,,,,,,,,
,,,,,4053,11.0,11,,,,,,,,
,,,,,4062,9.0,9,,,,,,,,
,,,,,4068,6.0,6,,,,,,,,
,,,,,4076,8.0,8,,,,,,,,
,,,,,4083,7.0,7,,,,,,,,
,,,,,4087,4.0,4,,,,,,,,
,,,,,4091,4.0,4,,,,,,,,
,,,,,4097,6.0,6,,,,,,,,
,,,,,4101,4.0,4,,,,,,,,
,,,,,4118,17.0,17,,,,,,,,
,,,,,4123,5.0,5,,,,,,,,
,,,,,4134,11.0,11,,,,,,,,
,,,,,4138,4.0,4,,,,,,,,
,,,,,4149,11.0,11,,,,,,,,
,,,,,4154,5.0,5,,,,,,,,
,,,,,4163,9.0,9,,,,,,,,
,,,,,4171,8.0,8,,,,,,,,
,,,,,4177,6.0,6,,,,,,,,
,,,,,4183,6.0,6,,,,,,,,
,,,,,4186,3.0,3,,,,,,,,
,,,,,4190,4.0,4,,,,,,,,
,,,,,4205,15.0,15,,,,,,,,
,,,,,4221,16.0,16,,,,,,,,
,,,,,4238,17.0,17,,,,,,,,
,,,,,4241,3.0,3,,,,,,,,
,,,,,4247,6.0,6,,,,,,,,
,,,,,4253,6.0,6,,,,,,,,
,,,,,4261,8.0,8,,,,,,,,
,,,,,4269,8.0,8,,,,,,,,
,,,,,4283,14.0,14,,,,,,,,
,,,,,4289,6.0,6,,,,,,,,
,,,,,4295,6.0,6,,,,,,,,
,,,,,4309,14.0,14,,,,,,,,
,,,,,4317,8.0,8,,,,,,,,
,,,,,4326,9.0,9,,,,,,,,
,,,,,4333,7.0,7,,,,,,,,
,,,,,4339,6.0,6,,,,,,,,
,,,,,4342,3.0,3,,,,,,,,
,,,,,4365,23.0,23,,,,,,,,
,,,,,4368,3.0,3,,,,,,,,
,,,,,4372,4.0,4,,,,,,,,
,,,,,4376,4.0,4,,,,,,,,
,,,,,4380,4.0,4,,,,,,,,
,,,,,4389,9.0,9,,,,,,,,
,,,,,4396,7.0,7,,,,,,,,
,,,,,4400,4.0,4,,,,,,,,
,,,,,4408,8.0,8,,,,,,,,
,,,,,4412,4.0,4,,,,,,,,
,,,,,4417,5.0,5,,,,,,,,
,,,,,4421,4.0,4,,,,,,,,
,,,,,4432,11.0,11,,,,,,,,
,,,,,4437,5.0,5,,,,,,,,
,,,,,4445,8.0,8,,,,,,,,
,,,,,4450,5.0,5,,,,,,,,
,,,,,4453,3.0,3,,,,,,,,
,,,,,4456,3.0,3,,,,,,,,
,,,,,4462,6.0,6,,,,,,,,
,,,,,4468,6.0,6,,,,,,,,
,,,,,4473,5.0,5,,,,,,,,
,,,,,4477,4.0,4,,,,,,,,
,,,,,4481,4.0,4,,,,,,,,
,,,,,4491,10.0,10,,,,,,,,
,,,,,4495,4.0,4,,,,,,,,
,,,,,4506,11.0,11,,,,,,,,
,,,,,4509,3.0,3,,,,,,,,
,,,,,4517,8.0,8,,,,,,,,
,,,,,4521,4.0,4,,,,,,,,
,,,,,4529,8.0,8,,,,,,,,
,,,,,4535,6.0,6,,,,,,,,
,,,,,4543,8.0,8,,,,,,,,
,,,,,4546,3.0,3,,,,,,,,
,,,,,4550,4.0,4,,,,,,,,
,,,,,4554,4.0,4,,,,,,,,
,,,,,4558,4.0,4,,,,,,,,
,,,,,4562,4.0,4,,,,,,,,
,,,,,4566,4.0,4,,,,,,,,
,,,,,4586,20.0,20,,,,,,,,
,,,,,4595,9.0,9,,,,,,,,
,,,,,4599,4.0,4,,,,,,,,
,,,,,4606,7.0,7,,,,,,,,
,,,,,4609,3.0,3,,,,,,,,
,,,,,4613,4.0,4,,,,,,,,
,,,,,4617,4.0,4,,,,,,,,
,,,,,4622,5.0,5,,,,,,,,
,,,,,4626,4.0,4,,,,,,,,
,,,,,4632,6.0,6,,,,,,,,
,,,,,4638,6.0,6,,,,,,,,
,,,,,4642,4.0,4,,,,,,,,
,,,,,4648,6.0,6,,,,,,,,
,,,,,4653,5.0,5,,,,,,,,
,,,,,4658,5.0,5,,,,,,,,
,,,,,4667,9.0,9,,,,,,,,
,,,,,4672,5.0,5,,,,,,,,
,,,,,4681,9.0,9,,,,,,,,
,,,,,4686,5.0,5,,,,,,,,
,,,,,4690,4.0,4,,,,,,,,
,,,,,4695,5.0,5,,,,,,,,
,,,,,4698,3.0,3,,,,,,,,
,,,,,4702,4.0,4,,,,,,,,
,,,,,4706,4.0,4,,,,,,,,
,,,,,4714,8.0,8,,,,,,,,
,,,,,4730,16.0,16,,,,,,,,
,,,,,4739,9.0,9,,,,,,,,
,,,,,4745,6.0,6,,,,,,,,
,,,,,4755,10.0,10,,,,,,,,
,,,,,4762,7.0,7,,,,,,,,
,,,,,4766,4.0,4,,,,,,,,
,,,,,4786,20.0,20,,,,,,,,
,,,,,4794,8.0,8,,,,,,,,
,,,,,4800,6.0,6,,,,,,,,
,,,,,4807,7.0,7,,,,,,,,
,,,,,4817,10.0,10,,,,,,,,
,,,,,4822,5.0,5,,,,,,,,
,,,,,4829,7.0,7,,,,,,,,
,,,,,4837,8.0,8,,,,,,,,
,,,,,4851,14.0,14,,,,,,,,
,,,,,4859,8.0,8,,,,,,,,
,,,,,4870,11.0,11,,,,,,,,
,,,,,4873,3.0,3,,,,,,,,
,,,,,4883,10.0,10,,,,,,,,
,,,,,4889,6.0,6,,,,,,,,
,,,,,4894,5.0,5,,,,,,,,
,,,,,4901,7.0,7,,,,,,,,
,,,,,4906,5.0,5,,,,,,,,
,,,,,4915,9.0,9,,,,,,,,
,,,,,4919,4.0,4,,,,,,,,
,,,,,4926,7.0,7,,,,,,,,
,,,,,4931,5.0,5,,,,,,,,
,,,,,4934,3.0,3,,,,,,,,
,,,,,4937,3.0,3,,,,,,,,
,,,,,4943,6.0,6,,,,,,,,
,,,,,4946,3.0,3,,,,,,,,
,,,,,4958,12.0,12,,,,,,,,
,,,,,4962,4.0,4,,,,,,,,
,,,,,4973,11.0,11,,,,,,,,
,,,,,4987,14.0,14,,,,,,,,
,,,,,4996,9.0,9,,,,,,,,
,,,,,5000,4.0,4,,,,,,,,
8.6,6.3435006,24.0,4.0,8.6,5000,,,-0.0649574026465416,-0.6495739817619324,0.8796788454055786,0.05856909975409508,0.9954127073287964,0.0003,0.0003,0.1
,,,,,5003,3.0,3,,,,,,,,
,,,,,5014,11.0,11,,,,,,,,
,,,,,5019,5.0,5,,,,,,,,
,,,,,5030,11.0,11,,,,,,,,
,,,,,5035,5.0,5,,,,,,,,
,,,,,5042,7.0,7,,,,,,,,
,,,,,5052,10.0,10,,,,,,,,
,,,,,5057,5.0,5,,,,,,,,
,,,,,5061,4.0,4,,,,,,,,
,,,,,5068,7.0,7,,,,,,,,
,,,,,5079,11.0,11,,,,,,,,
,,,,,5086,7.0,7,,,,,,,,
,,,,,5090,4.0,4,,,,,,,,
,,,,,5100,10.0,10,,,,,,,,
,,,,,5103,3.0,3,,,,,,,,
,,,,,5108,5.0,5,,,,,,,,
,,,,,5111,3.0,3,,,,,,,,
,,,,,5114,3.0,3,,,,,,,,
,,,,,5118,4.0,4,,,,,,,,
,,,,,5122,4.0,4,,,,,,,,
,,,,,5125,3.0,3,,,,,,,,
,,,,,5131,6.0,6,,,,,,,,
,,,,,5136,5.0,5,,,,,,,,
,,,,,5140,4.0,4,,,,,,,,
,,,,,5150,10.0,10,,,,,,,,
,,,,,5161,11.0,11,,,,,,,,
,,,,,5166,5.0,5,,,,,,,,
,,,,,5177,11.0,11,,,,,,,,
,,,,,5182,5.0,5,,,,,,,,
,,,,,5190,8.0,8,,,,,,,,
,,,,,5193,3.0,3,,,,,,,,
,,,,,5197,4.0,4,,,,,,,,
,,,,,5202,5.0,5,,,,,,,,
,,,,,5206,4.0,4,,,,,,,,
,,,,,5212,6.0,6,,,,,,,,
,,,,,5220,8.0,8,,,,,,,,
,,,,,5224,4.0,4,,,,,,,,
,,,,,5233,9.0,9,,,,,,,,
,,,,,5239,6.0,6,,,,,,,,
,,,,,5245,6.0,6,,,,,,,,
,,,,,5249,4.0,4,,,,,,,,
,,,,,5256,7.0,7,,,,,,,,
,,,,,5260,4.0,4,,,,,,,,
,,,,,5274,14.0,14,,,,,,,,
,,,,,5277,3.0,3,,,,,,,,
,,,,,5281,4.0,4,,,,,,,,
,,,,,5287,6.0,6,,,,,,,,
,,,,,5291,4.0,4,,,,,,,,
,,,,,5296,5.0,5,,,,,,,,
,,,,,5299,3.0,3,,,,,,,,
,,,,,5302,3.0,3,,,,,,,,
,,,,,5307,5.0,5,,,,,,,,
,,,,,5313,6.0,6,,,,,,,,
,,,,,5323,10.0,10,,,,,,,,
,,,,,5327,4.0,4,,,,,,,,
,,,,,5331,4.0,4,,,,,,,,
,,,,,5337,6.0,6,,,,,,,,
,,,,,5341,4.0,4,,,,,,,,
,,,,,5352,11.0,11,,,,,,,,
,,,,,5356,4.0,4,,,,,,,,
,,,,,5365,9.0,9,,,,,,,,
,,,,,5374,9.0,9,,,,,,,,
,,,,,5378,4.0,4,,,,,,,,
,,,,,5382,4.0,4,,,,,,,,
,,,,,5385,3.0,3,,,,,,,,
,,,,,5390,5.0,5,,,,,,,,
,,,,,5394,4.0,4,,,,,,,,
,,,,,5403,9.0,9,,,,,,,,
,,,,,5411,8.0,8,,,,,,,,
,,,,,5418,7.0,7,,,,,,,,
,,,,,5427,9.0,9,,,,,,,,
,,,,,5430,3.0,3,,,,,,,,
,,,,,5434,4.0,4,,,,,,,,
,,,,,5438,4.0,4,,,,,,,,
,,,,,5441,3.0,3,,,,,,,,
,,,,,5446,5.0,5,,,,,,,,
,,,,,5449,3.0,3,,,,,,,,
,,,,,5453,4.0,4,,,,,,,,
,,,,,5456,3.0,3,,,,,,,,
,,,,,5459,3.0,3,,,,,,,,
,,,,,5462,3.0,3,,,,,,,,
,,,,,5466,4.0,4,,,,,,,,
,,,,,5480,14.0,14,,,,,,,,
,,,,,5484,4.0,4,,,,,,,,
,,,,,5489,5.0,5,,,,,,,,
,,,,,5496,7.0,7,,,,,,,,
,,,,,5499,3.0,3,,,,,,,,
,,,,,5503,4.0,4,,,,,,,,
,,,,,5510,7.0,7,,,,,,,,
,,,,,5515,5.0,5,,,,,,,,
,,,,,5520,5.0,5,,,,,,,,
,,,,,5526,6.0,6,,,,,,,,
,,,,,5531,5.0,5,,,,,,,,
,,,,,5536,5.0,5,,,,,,,,
,,,,,5551,15.0,15,,,,,,,,
,,,,,5555,4.0,4,,,,,,,,
,,,,,5570,15.0,15,,,,,,,,
,,,,,5574,4.0,4,,,,,,,,
,,,,,5577,3.0,3,,,,,,,,
,,,,,5584,7.0,7,,,,,,,,
,,,,,5589,5.0,5,,,,,,,,
,,,,,5592,3.0,3,,,,,,,,
,,,,,5597,5.0,5,,,,,,,,
,,,,,5603,6.0,6,,,,,,,,
,,,,,5607,4.0,4,,,,,,,,
,,,,,5611,4.0,4,,,,,,,,
,,,,,5615,4.0,4,,,,,,,,
,,,,,5619,4.0,4,,,,,,,,
,,,,,5622,3.0,3,,,,,,,,
,,,,,5626,4.0,4,,,,,,,,
,,,,,5630,4.0,4,,,,,,,,
,,,,,5635,5.0,5,,,,,,,,
,,,,,5639,4.0,4,,,,,,,,
,,,,,5642,3.0,3,,,,,,,,
,,,,,5645,3.0,3,,,,,,,,
,,,,,5654,9.0,9,,,,,,,,
,,,,,5659,5.0,5,,,,,,,,
,,,,,5668,9.0,9,,,,,,,,
,,,,,5674,6.0,6,,,,,,,,
,,,,,5677,3.0,3,,,,,,,,
,,,,,5681,4.0,4,,,,,,,,
,,,,,5686,5.0,5,,,,,,,,
,,,,,5690,4.0,4,,,,,,,,
,,,,,5696,6.0,6,,,,,,,,
,,,,,5699,3.0,3,,,,,,,,
,,,,,5702,3.0,3,,,,,,,,
,,,,,5708,6.0,6,,,,,,,,
,,,,,5713,5.0,5,,,,,,,,
,,,,,5717,4.0,4,,,,,,,,
,,,,,5721,4.0,4,,,,,,,,
,,,,,5724,3.0,3,,,,,,,,
,,,,,5728,4.0,4,,,,,,,,
,,,,,5734,6.0,6,,,,,,,,
,,,,,5741,7.0,7,,,,,,,,
,,,,,5767,26.0,26,,,,,,,,
,,,,,5772,5.0,5,,,,,,,,
,,,,,5777,5.0,5,,,,,,,,
,,,,,5780,3.0,3,,,,,,,,
,,,,,5784,4.0,4,,,,,,,,
,,,,,5790,6.0,6,,,,,,,,
,,,,,5799,9.0,9,,,,,,,,
,,,,,5808,9.0,9,,,,,,,,
,,,,,5811,3.0,3,,,,,,,,
,,,,,5818,7.0,7,,,,,,,,
,,,,,5825,7.0,7,,,,,,,,
,,,,,5837,12.0,12,,,,,,,,
,,,,,5846,9.0,9,,,,,,,,
,,,,,5849,3.0,3,,,,,,,,
,,,,,5858,9.0,9,,,,,,,,
,,,,,5864,6.0,6,,,,,,,,
,,,,,5868,4.0,4,,,,,,,,
,,,,,5871,3.0,3,,,,,,,,
,,,,,5874,3.0,3,,,,,,,,
,,,,,5878,4.0,4,,,,,,,,
,,,,,5882,4.0,4,,,,,,,,
,,,,,5886,4.0,4,,,,,,,,
,,,,,5906,20.0,20,,,,,,,,
,,,,,5912,6.0,6,,,,,,,,
,,,,,5915,3.0,3,,,,,,,,
,,,,,5930,15.0,15,,,,,,,,
,,,,,5943,13.0,13,,,,,,,,
,,,,,5947,4.0,4,,,,,,,,
,,,,,5953,6.0,6,,,,,,,,
,,,,,5958,5.0,5,,,,,,,,
,,,,,5961,3.0,3,,,,,,,,
,,,,,5967,6.0,6,,,,,,,,
,,,,,5971,4.0,4,,,,,,,,
,,,,,5976,5.0,5,,,,,,,,
,,,,,5979,3.0,3,,,,,,,,
,,,,,5983,4.0,4,,,,,,,,
,,,,,5986,3.0,3,,,,,,,,
,,,,,5991,5.0,5,,,,,,,,
,,,,,5994,3.0,3,,,,,,,,
,,,,,5997,3.0,3,,,,,,,,
,,,,,6000,3.0,3,,,,,,,,
,,,,,6000,,,-0.05600739270448685,-0.5600739121437073,0.6361671090126038,3.339877128601074,3.2673821449279785,0.0003,0.0003,0.1
,,,,,6013,13.0,13,,,,,,,,
,,,,,6023,10.0,10,,,,,,,,
,,,,,6026,3.0,3,,,,,,,,
,,,,,6038,12.0,12,,,,,,,,
,,,,,6046,8.0,8,,,,,,,,
,,,,,6049,3.0,3,,,,,,,,
,,,,,6053,4.0,4,,,,,,,,
,,,,,6056,3.0,3,,,,,,,,
,,,,,6065,9.0,9,,,,,,,,
,,,,,6069,4.0,4,,,,,,,,
,,,,,6074,5.0,5,,,,,,,,
,,,,,6079,5.0,5,,,,,,,,
,,,,,6082,3.0,3,,,,,,,,
,,,,,6088,6.0,6,,,,,,,,
,,,,,6092,4.0,4,,,,,,,,
,,,,,6099,7.0,7,,,,,,,,
,,,,,6104,5.0,5,,,,,,,,
,,,,,6107,3.0,3,,,,,,,,
,,,,,6112,5.0,5,,,,,,,,
,,,,,6120,8.0,8,,,,,,,,
,,,,,6124,4.0,4,,,,,,,,
,,,,,6127,3.0,3,,,,,,,,
,,,,,6132,5.0,5,,,,,,,,
,,,,,6144,12.0,12,,,,,,,,
,,,,,6149,5.0,5,,,,,,,,
,,,,,6154,5.0,5,,,,,,,,
,,,,,6168,14.0,14,,,,,,,,
,,,,,6178,10.0,10,,,,,,,,
,,,,,6181,3.0,3,,,,,,,,
,,,,,6191,10.0,10,,,,,,,,
,,,,,6195,4.0,4,,,,,,,,
,,,,,6199,4.0,4,,,,,,,,
,,,,,6203,4.0,4,,,,,,,,
,,,,,6207,4.0,4,,,,,,,,
,,,,,6215,8.0,8,,,,,,,,
,,,,,6221,6.0,6,,,,,,,,
,,,,,6226,5.0,5,,,,,,,,
,,,,,6229,3.0,3,,,,,,,,
,,,,,6241,12.0,12,,,,,,,,
,,,,,6244,3.0,3,,,,,,,,
,,,,,6248,4.0,4,,,,,,,,
,,,,,6252,4.0,4,,,,,,,,
,,,,,6257,5.0,5,,,,,,,,
,,,,,6261,4.0,4,,,,,,,,
,,,,,6267,6.0,6,,,,,,,,
,,,,,6273,6.0,6,,,,,,,,
,,,,,6281,8.0,8,,,,,,,,
,,,,,6291,10.0,10,,,,,,,,
,,,,,6295,4.0,4,,,,,,,,
,,,,,6302,7.0,7,,,,,,,,
,,,,,6308,6.0,6,,,,,,,,
,,,,,6313,5.0,5,,,,,,,,
,,,,,6319,6.0,6,,,,,,,,
,,,,,6330,11.0,11,,,,,,,,
,,,,,6333,3.0,3,,,,,,,,
,,,,,6344,11.0,11,,,,,,,,
,,,,,6352,8.0,8,,,,,,,,
,,,,,6356,4.0,4,,,,,,,,
,,,,,6360,4.0,4,,,,,,,,
,,,,,6366,6.0,6,,,,,,,,
,,,,,6371,5.0,5,,,,,,,,
,,,,,6379,8.0,8,,,,,,,,
,,,,,6390,11.0,11,,,,,,,,
,,,,,6399,9.0,9,,,,,,,,
,,,,,6408,9.0,9,,,,,,,,
,,,,,6415,7.0,7,,,,,,,,
,,,,,6418,3.0,3,,,,,,,,
,,,,,6426,8.0,8,,,,,,,,
,,,,,6433,7.0,7,,,,,,,,
,,,,,6442,9.0,9,,,,,,,,
,,,,,6453,11.0,11,,,,,,,,
,,,,,6457,4.0,4,,,,,,,,
,,,,,6471,14.0,14,,,,,,,,
,,,,,6478,7.0,7,,,,,,,,
,,,,,6483,5.0,5,,,,,,,,
,,,,,6486,3.0,3,,,,,,,,
,,,,,6492,6.0,6,,,,,,,,
,,,,,6496,4.0,4,,,,,,,,
,,,,,6500,4.0,4,,,,,,,,
,,,,,6516,16.0,16,,,,,,,,
,,,,,6519,3.0,3,,,,,,,,
,,,,,6524,5.0,5,,,,,,,,
,,,,,6527,3.0,3,,,,,,,,
,,,,,6531,4.0,4,,,,,,,,
,,,,,6537,6.0,6,,,,,,,,
,,,,,6541,4.0,4,,,,,,,,
,,,,,6545,4.0,4,,,,,,,,
,,,,,6560,15.0,15,,,,,,,,
,,,,,6563,3.0,3,,,,,,,,
,,,,,6569,6.0,6,,,,,,,,
,,,,,6577,8.0,8,,,,,,,,
,,,,,6581,4.0,4,,,,,,,,
,,,,,6590,9.0,9,,,,,,,,
,,,,,6593,3.0,3,,,,,,,,
,,,,,6607,14.0,14,,,,,,,,
,,,,,6612,5.0,5,,,,,,,,
,,,,,6619,7.0,7,,,,,,,,
,,,,,6623,4.0,4,,,,,,,,
,,,,,6628,5.0,5,,,,,,,,
,,,,,6633,5.0,5,,,,,,,,
,,,,,6640,7.0,7,,,,,,,,
,,,,,6644,4.0,4,,,,,,,,
,,,,,6647,3.0,3,,,,,,,,
,,,,,6651,4.0,4,,,,,,,,
,,,,,6666,15.0,15,,,,,,,,
,,,,,6670,4.0,4,,,,,,,,
,,,,,6680,10.0,10,,,,,,,,
,,,,,6685,5.0,5,,,,,,,,
,,,,,6691,6.0,6,,,,,,,,
,,,,,6707,16.0,16,,,,,,,,
,,,,,6710,3.0,3,,,,,,,,
,,,,,6715,5.0,5,,,,,,,,
,,,,,6721,6.0,6,,,,,,,,
,,,,,6726,5.0,5,,,,,,,,
,,,,,6738,12.0,12,,,,,,,,
,,,,,6744,6.0,6,,,,,,,,
,,,,,6753,9.0,9,,,,,,,,
,,,,,6757,4.0,4,,,,,,,,
,,,,,6765,8.0,8,,,,,,,,
,,,,,6769,4.0,4,,,,,,,,
,,,,,6772,3.0,3,,,,,,,,
,,,,,6776,4.0,4,,,,,,,,
,,,,,6782,6.0,6,,,,,,,,
,,,,,6794,12.0,12,,,,,,,,
,,,,,6798,4.0,4,,,,,,,,
,,,,,6805,7.0,7,,,,,,,,
,,,,,6810,5.0,5,,,,,,,,
,,,,,6813,3.0,3,,,,,,,,
,,,,,6816,3.0,3,,,,,,,,
,,,,,6820,4.0,4,,,,,,,,
,,,,,6831,11.0,11,,,,,,,,
,,,,,6834,3.0,3,,,,,,,,
,,,,,6838,4.0,4,,,,,,,,
,,,,,6841,3.0,3,,,,,,,,
,,,,,6845,4.0,4,,,,,,,,
,,,,,6850,5.0,5,,,,,,,,
,,,,,6859,9.0,9,,,,,,,,
,,,,,6865,6.0,6,,,,,,,,
,,,,,6868,3.0,3,,,,,,,,
,,,,,6871,3.0,3,,,,,,,,
,,,,,6874,3.0,3,,,,,,,,
,,,,,6880,6.0,6,,,,,,,,
,,,,,6884,4.0,4,,,,,,,,
,,,,,6889,5.0,5,,,,,,,,
,,,,,6892,3.0,3,,,,,,,,
,,,,,6895,3.0,3,,,,,,,,
,,,,,6899,4.0,4,,,,,,,,
,,,,,6902,3.0,3,,,,,,,,
,,,,,6905,3.0,3,,,,,,,,
,,,,,6908,3.0,3,,,,,,,,
,,,,,6911,3.0,3,,,,,,,,
,,,,,6915,4.0,4,,,,,,,,
,,,,,6918,3.0,3,,,,,,,,
,,,,,6922,4.0,4,,,,,,,,
,,,,,6926,4.0,4,,,,,,,,
,,,,,6931,5.0,5,,,,,,,,
,,,,,6938,7.0,7,,,,,,,,
,,,,,6941,3.0,3,,,,,,,,
,,,,,6946,5.0,5,,,,,,,,
,,,,,6949,3.0,3,,,,,,,,
,,,,,6953,4.0,4,,,,,,,,
,,,,,6959,6.0,6,,,,,,,,
,,,,,6962,3.0,3,,,,,,,,
,,,,,6967,5.0,5,,,,,,,,
,,,,,6970,3.0,3,,,,,,,,
,,,,,6977,7.0,7,,,,,,,,
,,,,,6980,3.0,3,,,,,,,,
,,,,,6984,4.0,4,,,,,,,,
,,,,,6989,5.0,5,,,,,,,,
,,,,,6994,5.0,5,,,,,,,,
,,,,,6999,5.0,5,,,,,,,,
,,,,,7000,,,-0.035988930612802505,-0.35988929867744446,0.8107542395591736,3.832597255706787,3.8547768592834473,0.0003,0.0003,0.1
,,,,,7002,3.0,3,,,,,,,,
,,,,,7005,3.0,3,,,,,,,,
,,,,,7012,7.0,7,,,,,,,,
,,,,,7015,3.0,3,,,,,,,,
,,,,,7018,3.0,3,,,,,,,,
,,,,,7023,5.0,5,,,,,,,,
,,,,,7029,6.0,6,,,,,,,,
,,,,,7032,3.0,3,,,,,,,,
,,,,,7035,3.0,3,,,,,,,,
,,,,,7038,3.0,3,,,,,,,,
,,,,,7041,3.0,3,,,,,,,,
,,,,,7045,4.0,4,,,,,,,,
,,,,,7049,4.0,4,,,,,,,,
,,,,,7052,3.0,3,,,,,,,,
,,,,,7055,3.0,3,,,,,,,,
,,,,,7061,6.0,6,,,,,,,,
,,,,,7067,6.0,6,,,,,,,,
,,,,,7070,3.0,3,,,,,,,,
,,,,,7073,3.0,3,,,,,,,,
,,,,,7076,3.0,3,,,,,,,,
,,,,,7080,4.0,4,,,,,,,,
,,,,,7084,4.0,4,,,,,,,,
,,,,,7089,5.0,5,,,,,,,,
,,,,,7094,5.0,5,,,,,,,,
,,,,,7101,7.0,7,,,,,,,,
,,,,,7105,4.0,4,,,,,,,,
,,,,,7109,4.0,4,,,,,,,,
,,,,,7113,4.0,4,,,,,,,,
,,,,,7117,4.0,4,,,,,,,,
,,,,,7125,8.0,8,,,,,,,,
,,,,,7131,6.0,6,,,,,,,,
,,,,,7135,4.0,4,,,,,,,,
,,,,,7138,3.0,3,,,,,,,,
,,,,,7142,4.0,4,,,,,,,,
,,,,,7149,7.0,7,,,,,,,,
,,,,,7154,5.0,5,,,,,,,,
,,,,,7160,6.0,6,,,,,,,,
,,,,,7164,4.0,4,,,,,,,,
,,,,,7170,6.0,6,,,,,,,,
,,,,,7173,3.0,3,,,,,,,,
,,,,,7176,3.0,3,,,,,,,,
,,,,,7179,3.0,3,,,,,,,,
,,,,,7187,8.0,8,,,,,,,,
,,,,,7191,4.0,4,,,,,,,,
,,,,,7195,4.0,4,,,,,,,,
,,,,,7198,3.0,3,,,,,,,,
,,,,,7209,11.0,11,,,,,,,,
,,,,,7213,4.0,4,,,,,,,,
,,,,,7222,9.0,9,,,,,,,,
,,,,,7230,8.0,8,,,,,,,,
,,,,,7238,8.0,8,,,,,,,,
,,,,,7249,11.0,11,,,,,,,,
,,,,,7255,6.0,6,,,,,,,,
,,,,,7260,5.0,5,,,,,,,,
,,,,,7265,5.0,5,,,,,,,,
,,,,,7269,4.0,4,,,,,,,,
,,,,,7273,4.0,4,,,,,,,,
,,,,,7279,6.0,6,,,,,,,,
,,,,,7284,5.0,5,,,,,,,,
,,,,,7292,8.0,8,,,,,,,,
,,,,,7296,4.0,4,,,,,,,,
,,,,,7302,6.0,6,,,,,,,,
,,,,,7307,5.0,5,,,,,,,,
,,,,,7313,6.0,6,,,,,,,,
,,,,,7317,4.0,4,,,,,,,,
,,,,,7322,5.0,5,,,,,,,,
,,,,,7331,9.0,9,,,,,,,,
,,,,,7341,10.0,10,,,,,,,,
,,,,,7344,3.0,3,,,,,,,,
,,,,,7355,11.0,11,,,,,,,,
,,,,,7365,10.0,10,,,,,,,,
,,,,,7368,3.0,3,,,,,,,,
,,,,,7371,3.0,3,,,,,,,,
,,,,,7375,4.0,4,,,,,,,,
,,,,,7379,4.0,4,,,,,,,,
,,,,,7384,5.0,5,,,,,,,,
,,,,,7391,7.0,7,,,,,,,,
,,,,,7395,4.0,4,,,,,,,,
,,,,,7400,5.0,5,,,,,,,,
,,,,,7405,5.0,5,,,,,,,,
,,,,,7408,3.0,3,,,,,,,,
,,,,,7412,4.0,4,,,,,,,,
,,,,,7417,5.0,5,,,,,,,,
,,,,,7426,9.0,9,,,,,,,,
,,,,,7430,4.0,4,,,,,,,,
,,,,,7434,4.0,4,,,,,,,,
,,,,,7439,5.0,5,,,,,,,,
,,,,,7442,3.0,3,,,,,,,,
,,,,,7449,7.0,7,,,,,,,,
,,,,,7458,9.0,9,,,,,,,,
,,,,,7462,4.0,4,,,,,,,,
,,,,,7468,6.0,6,,,,,,,,
,,,,,7471,3.0,3,,,,,,,,
,,,,,7476,5.0,5,,,,,,,,
,,,,,7479,3.0,3,,,,,,,,
,,,,,7483,4.0,4,,,,,,,,
,,,,,7487,4.0,4,,,,,,,,
,,,,,7494,7.0,7,,,,,,,,
,,,,,7500,6.0,6,,,,,,,,
,,,,,7505,5.0,5,,,,,,,,
,,,,,7508,3.0,3,,,,,,,,
,,,,,7514,6.0,6,,,,,,,,
,,,,,7518,4.0,4,,,,,,,,
,,,,,7522,4.0,4,,,,,,,,
,,,,,7527,5.0,5,,,,,,,,
,,,,,7533,6.0,6,,,,,,,,
,,,,,7537,4.0,4,,,,,,,,
,,,,,7540,3.0,3,,,,,,,,
,,,,,7544,4.0,4,,,,,,,,
,,,,,7547,3.0,3,,,,,,,,
,,,,,7552,5.0,5,,,,,,,,
,,,,,7560,8.0,8,,,,,,,,
,,,,,7565,5.0,5,,,,,,,,
,,,,,7573,8.0,8,,,,,,,,
,,,,,7577,4.0,4,,,,,,,,
,,,,,7582,5.0,5,,,,,,,,
,,,,,7588,6.0,6,,,,,,,,
,,,,,7594,6.0,6,,,,,,,,
,,,,,7601,7.0,7,,,,,,,,
,,,,,7615,14.0,14,,,,,,,,
,,,,,7621,6.0,6,,,,,,,,
,,,,,7630,9.0,9,,,,,,,,
,,,,,7635,5.0,5,,,,,,,,
,,,,,7653,18.0,18,,,,,,,,
,,,,,7664,11.0,11,,,,,,,,
,,,,,7672,8.0,8,,,,,,,,
,,,,,7679,7.0,7,,,,,,,,
,,,,,7691,12.0,12,,,,,,,,
,,,,,7698,7.0,7,,,,,,,,
,,,,,7708,10.0,10,,,,,,,,
,,,,,7714,6.0,6,,,,,,,,
,,,,,7724,10.0,10,,,,,,,,
,,,,,7733,9.0,9,,,,,,,,
,,,,,7743,10.0,10,,,,,,,,
,,,,,7747,4.0,4,,,,,,,,
,,,,,7755,8.0,8,,,,,,,,
,,,,,7758,3.0,3,,,,,,,,
,,,,,7764,6.0,6,,,,,,,,
,,,,,7770,6.0,6,,,,,,,,
,,,,,7785,15.0,15,,,,,,,,
,,,,,7788,3.0,3,,,,,,,,
,,,,,7791,3.0,3,,,,,,,,
,,,,,7802,11.0,11,,,,,,,,
,,,,,7806,4.0,4,,,,,,,,
,,,,,7817,11.0,11,,,,,,,,
,,,,,7825,8.0,8,,,,,,,,
,,,,,7852,27.0,27,,,,,,,,
,,,,,7856,4.0,4,,,,,,,,
,,,,,7863,7.0,7,,,,,,,,
,,,,,7867,4.0,4,,,,,,,,
,,,,,7872,5.0,5,,,,,,,,
,,,,,7884,12.0,12,,,,,,,,
,,,,,7888,4.0,4,,,,,,,,
,,,,,7892,4.0,4,,,,,,,,
,,,,,7897,5.0,5,,,,,,,,
,,,,,7901,4.0,4,,,,,,,,
,,,,,7907,6.0,6,,,,,,,,
,,,,,7911,4.0,4,,,,,,,,
,,,,,7915,4.0,4,,,,,,,,
,,,,,7919,4.0,4,,,,,,,,
,,,,,7927,8.0,8,,,,,,,,
,,,,,7930,3.0,3,,,,,,,,
,,,,,7936,6.0,6,,,,,,,,
,,,,,7939,3.0,3,,,,,,,,
,,,,,7943,4.0,4,,,,,,,,
,,,,,7951,8.0,8,,,,,,,,
,,,,,7955,4.0,4,,,,,,,,
,,,,,7960,5.0,5,,,,,,,,
,,,,,7968,8.0,8,,,,,,,,
,,,,,7972,4.0,4,,,,,,,,
,,,,,7976,4.0,4,,,,,,,,
,,,,,7980,4.0,4,,,,,,,,
,,,,,7984,4.0,4,,,,,,,,
,,,,,7988,4.0,4,,,,,,,,
,,,,,7992,4.0,4,,,,,,,,
,,,,,7995,3.0,3,,,,,,,,
,,,,,7998,3.0,3,,,,,,,,
,,,,,8000,,,-0.029710842296481133,-0.29710841178894043,1.1309541463851929,5.0243988037109375,4.907614231109619,0.0003,0.0003,0.1
,,,,,8003,5.0,5,,,,,,,,
,,,,,8007,4.0,4,,,,,,,,
,,,,,8013,6.0,6,,,,,,,,
,,,,,8017,4.0,4,,,,,,,,
,,,,,8022,5.0,5,,,,,,,,
,,,,,8031,9.0,9,,,,,,,,
,,,,,8035,4.0,4,,,,,,,,
,,,,,8039,4.0,4,,,,,,,,
,,,,,8043,4.0,4,,,,,,,,
,,,,,8047,4.0,4,,,,,,,,
,,,,,8053,6.0,6,,,,,,,,
,,,,,8062,9.0,9,,,,,,,,
,,,,,8065,3.0,3,,,,,,,,
,,,,,8069,4.0,4,,,,,,,,
,,,,,8074,5.0,5,,,,,,,,
,,,,,8078,4.0,4,,,,,,,,
,,,,,8082,4.0,4,,,,,,,,
,,,,,8087,5.0,5,,,,,,,,
,,,,,8090,3.0,3,,,,,,,,
,,,,,8096,6.0,6,,,,,,,,
,,,,,8100,4.0,4,,,,,,,,
,,,,,8105,5.0,5,,,,,,,,
,,,,,8110,5.0,5,,,,,,,,
,,,,,8114,4.0,4,,,,,,,,
,,,,,8117,3.0,3,,,,,,,,
,,,,,8120,3.0,3,,,,,,,,
,,,,,8124,4.0,4,,,,,,,,
,,,,,8128,4.0,4,,,,,,,,
,,,,,8131,3.0,3,,,,,,,,
,,,,,8134,3.0,3,,,,,,,,
,,,,,8137,3.0,3,,,,,,,,
,,,,,8140,3.0,3,,,,,,,,
,,,,,8143,3.0,3,,,,,,,,
,,,,,8146,3.0,3,,,,,,,,
,,,,,8151,5.0,5,,,,,,,,
,,,,,8154,3.0,3,,,,,,,,
,,,,,8158,4.0,4,,,,,,,,
,,,,,8161,3.0,3,,,,,,,,
,,,,,8167,6.0,6,,,,,,,,
,,,,,8171,4.0,4,,,,,,,,
,,,,,8177,6.0,6,,,,,,,,
,,,,,8182,5.0,5,,,,,,,,
,,,,,8185,3.0,3,,,,,,,,
,,,,,8189,4.0,4,,,,,,,,
,,,,,8192,3.0,3,,,,,,,,
,,,,,8195,3.0,3,,,,,,,,
,,,,,8198,3.0,3,,,,,,,,
,,,,,8201,3.0,3,,,,,,,,
,,,,,8208,7.0,7,,,,,,,,
,,,,,8211,3.0,3,,,,,,,,
,,,,,8214,3.0,3,,,,,,,,
,,,,,8217,3.0,3,,,,,,,,
,,,,,8221,4.0,4,,,,,,,,
,,,,,8224,3.0,3,,,,,,,,
,,,,,8228,4.0,4,,,,,,,,
,,,,,8231,3.0,3,,,,,,,,
,,,,,8234,3.0,3,,,,,,,,
,,,,,8238,4.0,4,,,,,,,,
,,,,,8241,3.0,3,,,,,,,,
,,,,,8244,3.0,3,,,,,,,,
,,,,,8248,4.0,4,,,,,,,,
,,,,,8251,3.0,3,,,,,,,,
,,,,,8254,3.0,3,,,,,,,,
,,,,,8259,5.0,5,,,,,,,,
,,,,,8263,4.0,4,,,,,,,,
,,,,,8266,3.0,3,,,,,,,,
,,,,,8270,4.0,4,,,,,,,,
,,,,,8274,4.0,4,,,,,,,,
,,,,,8279,5.0,5,,,,,,,,
,,,,,8282,3.0,3,,,,,,,,
,,,,,8285,3.0,3,,,,,,,,
,,,,,8290,5.0,5,,,,,,,,
,,,,,8295,5.0,5,,,,,,,,
,,,,,8299,4.0,4,,,,,,,,
,,,,,8305,6.0,6,,,,,,,,
,,,,,8308,3.0,3,,,,,,,,
,,,,,8311,3.0,3,,,,,,,,
,,,,,8314,3.0,3,,,,,,,,
,,,,,8317,3.0,3,,,,,,,,
,,,,,8320,3.0,3,,,,,,,,
,,,,,8323,3.0,3,,,,,,,,
,,,,,8327,4.0,4,,,,,,,,
,,,,,8330,3.0,3,,,,,,,,
,,,,,8333,3.0,3,,,,,,,,
,,,,,8337,4.0,4,,,,,,,,
,,,,,8340,3.0,3,,,,,,,,
,,,,,8343,3.0,3,,,,,,,,
,,,,,8349,6.0,6,,,,,,,,
,,,,,8353,4.0,4,,,,,,,,
,,,,,8356,3.0,3,,,,,,,,
,,,,,8361,5.0,5,,,,,,,,
,,,,,8367,6.0,6,,,,,,,,
,,,,,8371,4.0,4,,,,,,,,
,,,,,8375,4.0,4,,,,,,,,
,,,,,8378,3.0,3,,,,,,,,
,,,,,8381,3.0,3,,,,,,,,
,,,,,8386,5.0,5,,,,,,,,
,,,,,8389,3.0,3,,,,,,,,
,,,,,8397,8.0,8,,,,,,,,
,,,,,8402,5.0,5,,,,,,,,
,,,,,8405,3.0,3,,,,,,,,
,,,,,8410,5.0,5,,,,,,,,
,,,,,8413,3.0,3,,,,,,,,
,,,,,8425,12.0,12,,,,,,,,
,,,,,8428,3.0,3,,,,,,,,
,,,,,8431,3.0,3,,,,,,,,
,,,,,8434,3.0,3,,,,,,,,
,,,,,8441,7.0,7,,,,,,,,
,,,,,8444,3.0,3,,,,,,,,
,,,,,8447,3.0,3,,,,,,,,
,,,,,8451,4.0,4,,,,,,,,
,,,,,8457,6.0,6,,,,,,,,
,,,,,8466,9.0,9,,,,,,,,
,,,,,8469,3.0,3,,,,,,,,
,,,,,8474,5.0,5,,,,,,,,
,,,,,8478,4.0,4,,,,,,,,
,,,,,8481,3.0,3,,,,,,,,
,,,,,8484,3.0,3,,,,,,,,
,,,,,8487,3.0,3,,,,,,,,
,,,,,8491,4.0,4,,,,,,,,
,,,,,8499,8.0,8,,,,,,,,
,,,,,8507,8.0,8,,,,,,,,
,,,,,8512,5.0,5,,,,,,,,
,,,,,8515,3.0,3,,,,,,,,
,,,,,8520,5.0,5,,,,,,,,
,,,,,8529,9.0,9,,,,,,,,
,,,,,8533,4.0,4,,,,,,,,
,,,,,8536,3.0,3,,,,,,,,
,,,,,8542,6.0,6,,,,,,,,
,,,,,8547,5.0,5,,,,,,,,
,,,,,8557,10.0,10,,,,,,,,
,,,,,8560,3.0,3,,,,,,,,
,,,,,8563,3.0,3,,,,,,,,
,,,,,8568,5.0,5,,,,,,,,
,,,,,8572,4.0,4,,,,,,,,
,,,,,8578,6.0,6,,,,,,,,
,,,,,8588,10.0,10,,,,,,,,
,,,,,8592,4.0,4,,,,,,,,
,,,,,8595,3.0,3,,,,,,,,
,,,,,8598,3.0,3,,,,,,,,
,,,,,8601,3.0,3,,,,,,,,
,,,,,8608,7.0,7,,,,,,,,
,,,,,8612,4.0,4,,,,,,,,
,,,,,8615,3.0,3,,,,,,,,
,,,,,8618,3.0,3,,,,,,,,
,,,,,8623,5.0,5,,,,,,,,
,,,,,8626,3.0,3,,,,,,,,
,,,,,8635,9.0,9,,,,,,,,
,,,,,8639,4.0,4,,,,,,,,
,,,,,8645,6.0,6,,,,,,,,
,,,,,8648,3.0,3,,,,,,,,
,,,,,8652,4.0,4,,,,,,,,
,,,,,8655,3.0,3,,,,,,,,
,,,,,8659,4.0,4,,,,,,,,
,,,,,8664,5.0,5,,,,,,,,
,,,,,8667,3.0,3,,,,,,,,
,,,,,8670,3.0,3,,,,,,,,
,,,,,8675,5.0,5,,,,,,,,
,,,,,8680,5.0,5,,,,,,,,
,,,,,8683,3.0,3,,,,,,,,
,,,,,8687,4.0,4,,,,,,,,
,,,,,8691,4.0,4,,,,,,,,
,,,,,8697,6.0,6,,,,,,,,
,,,,,8702,5.0,5,,,,,,,,
,,,,,8707,5.0,5,,,,,,,,
,,,,,8712,5.0,5,,,,,,,,
,,,,,8715,3.0,3,,,,,,,,
,,,,,8718,3.0,3,,,,,,,,
,,,,,8722,4.0,4,,,,,,,,
,,,,,8726,4.0,4,,,,,,,,
,,,,,8729,3.0,3,,,,,,,,
,,,,,8733,4.0,4,,,,,,,,
,,,,,8738,5.0,5,,,,,,,,
,,,,,8742,4.0,4,,,,,,,,
,,,,,8746,4.0,4,,,,,,,,
,,,,,8754,8.0,8,,,,,,,,
,,,,,8758,4.0,4,,,,,,,,
,,,,,8761,3.0,3,,,,,,,,
,,,,,8765,4.0,4,,,,,,,,
,,,,,8768,3.0,3,,,,,,,,
,,,,,8776,8.0,8,,,,,,,,
,,,,,8779,3.0,3,,,,,,,,
,,,,,8782,3.0,3,,,,,,,,
,,,,,8786,4.0,4,,,,,,,,
,,,,,8790,4.0,4,,,,,,,,
,,,,,8793,3.0,3,,,,,,,,
,,,,,8796,3.0,3,,,,,,,,
,,,,,8800,4.0,4,,,,,,,,
,,,,,8805,5.0,5,,,,,,,,
,,,,,8809,4.0,4,,,,,,,,
,,,,,8812,3.0,3,,,,,,,,
,,,,,8815,3.0,3,,,,,,,,
,,,,,8821,6.0,6,,,,,,,,
,,,,,8825,4.0,4,,,,,,,,
,,,,,8830,5.0,5,,,,,,,,
,,,,,8833,3.0,3,,,,,,,,
,,,,,8838,5.0,5,,,,,,,,
,,,,,8841,3.0,3,,,,,,,,
,,,,,8845,4.0,4,,,,,,,,
,,,,,8848,3.0,3,,,,,,,,
,,,,,8852,4.0,4,,,,,,,,
,,,,,8856,4.0,4,,,,,,,,
,,,,,8859,3.0,3,,,,,,,,
,,,,,8863,4.0,4,,,,,,,,
,,,,,8867,4.0,4,,,,,,,,
,,,,,8871,4.0,4,,,,,,,,
,,,,,8875,4.0,4,,,,,,,,
,,,,,8878,3.0,3,,,,,,,,
,,,,,8882,4.0,4,,,,,,,,
,,,,,8886,4.0,4,,,,,,,,
,,,,,8889,3.0,3,,,,,,,,
,,,,,8893,4.0,4,,,,,,,,
,,,,,8897,4.0,4,,,,,,,,
,,,,,8900,3.0,3,,,,,,,,
,,,,,8909,9.0,9,,,,,,,,
,,,,,8914,5.0,5,,,,,,,,
,,,,,8917,3.0,3,,,,,,,,
,,,,,8922,5.0,5,,,,,,,,
,,,,,8929,7.0,7,,,,,,,,
,,,,,8933,4.0,4,,,,,,,,
,,,,,8938,5.0,5,,,,,,,,
,,,,,8942,4.0,4,,,,,,,,
,,,,,8947,5.0,5,,,,,,,,
,,,,,8951,4.0,4,,,,,,,,
,,,,,8955,4.0,4,,,,,,,,
,,,,,8958,3.0,3,,,,,,,,
,,,,,8962,4.0,4,,,,,,,,
,,,,,8967,5.0,5,,,,,,,,
,,,,,8971,4.0,4,,,,,,,,
,,,,,8977,6.0,6,,,,,,,,
,,,,,8984,7.0,7,,,,,,,,
,,,,,8990,6.0,6,,,,,,,,
,,,,,8994,4.0,4,,,,,,,,
,,,,,8997,3.0,3,,,,,,,,
,,,,,9000,3.0,3,,,,,,,,
,,,,,9000,,,-0.05029664188623428,-0.5029664039611816,0.7456924319267273,3.510026693344116,3.5598275661468506,0.0003,0.0003,0.1
,,,,,9003,3.0,3,,,,,,,,
,,,,,9006,3.0,3,,,,,,,,
,,,,,9009,3.0,3,,,,,,,,
,,,,,9020,11.0,11,,,,,,,,
,,,,,9029,9.0,9,,,,,,,,
,,,,,9032,3.0,3,,,,,,,,
,,,,,9036,4.0,4,,,,,,,,
,,,,,9039,3.0,3,,,,,,,,
,,,,,9049,10.0,10,,,,,,,,
,,,,,9053,4.0,4,,,,,,,,
,,,,,9058,5.0,5,,,,,,,,
,,,,,9063,5.0,5,,,,,,,,
,,,,,9068,5.0,5,,,,,,,,
,,,,,9073,5.0,5,,,,,,,,
,,,,,9078,5.0,5,,,,,,,,
,,,,,9081,3.0,3,,,,,,,,
,,,,,9084,3.0,3,,,,,,,,
,,,,,9089,5.0,5,,,,,,,,
,,,,,9094,5.0,5,,,,,,,,
,,,,,9103,9.0,9,,,,,,,,
,,,,,9106,3.0,3,,,,,,,,
,,,,,9110,4.0,4,,,,,,,,
,,,,,9115,5.0,5,,,,,,,,
,,,,,9119,4.0,4,,,,,,,,
,,,,,9123,4.0,4,,,,,,,,
,,,,,9127,4.0,4,,,,,,,,
,,,,,9133,6.0,6,,,,,,,,
,,,,,9137,4.0,4,,,,,,,,
,,,,,9142,5.0,5,,,,,,,,
,,,,,9145,3.0,3,,,,,,,,
,,,,,9148,3.0,3,,,,,,,,
,,,,,9153,5.0,5,,,,,,,,
,,,,,9156,3.0,3,,,,,,,,
,,,,,9166,10.0,10,,,,,,,,
,,,,,9169,3.0,3,,,,,,,,
,,,,,9174,5.0,5,,,,,,,,
,,,,,9179,5.0,5,,,,,,,,
,,,,,9188,9.0,9,,,,,,,,
,,,,,9197,9.0,9,,,,,,,,
,,,,,9205,8.0,8,,,,,,,,
,,,,,9210,5.0,5,,,,,,,,
,,,,,9213,3.0,3,,,,,,,,
,,,,,9217,4.0,4,,,,,,,,
,,,,,9224,7.0,7,,,,,,,,
,,,,,9228,4.0,4,,,,,,,,
,,,,,9232,4.0,4,,,,,,,,
,,,,,9235,3.0,3,,,,,,,,
,,,,,9240,5.0,5,,,,,,,,
,,,,,9245,5.0,5,,,,,,,,
,,,,,9249,4.0,4,,,,,,,,
,,,,,9252,3.0,3,,,,,,,,
,,,,,9255,3.0,3,,,,,,,,
,,,,,9258,3.0,3,,,,,,,,
,,,,,9262,4.0,4,,,,,,,,
,,,,,9265,3.0,3,,,,,,,,
,,,,,9277,12.0,12,,,,,,,,
,,,,,9284,7.0,7,,,,,,,,
,,,,,9290,6.0,6,,,,,,,,
,,,,,9294,4.0,4,,,,,,,,
,,,,,9297,3.0,3,,,,,,,,
,,,,,9303,6.0,6,,,,,,,,
,,,,,9306,3.0,3,,,,,,,,
,,,,,9316,10.0,10,,,,,,,,
,,,,,9321,5.0,5,,,,,,,,
,,,,,9325,4.0,4,,,,,,,,
,,,,,9331,6.0,6,,,,,,,,
,,,,,9336,5.0,5,,,,,,,,
,,,,,9340,4.0,4,,,,,,,,
,,,,,9344,4.0,4,,,,,,,,
,,,,,9349,5.0,5,,,,,,,,
,,,,,9356,7.0,7,,,,,,,,
,,,,,9359,3.0,3,,,,,,,,
,,,,,9363,4.0,4,,,,,,,,
,,,,,9366,3.0,3,,,,,,,,
,,,,,9370,4.0,4,,,,,,,,
,,,,,9374,4.0,4,,,,,,,,
,,,,,9380,6.0,6,,,,,,,,
,,,,,9385,5.0,5,,,,,,,,
,,,,,9391,6.0,6,,,,,,,,
,,,,,9394,3.0,3,,,,,,,,
,,,,,9397,3.0,3,,,,,,,,
,,,,,9400,3.0,3,,,,,,,,
,,,,,9405,5.0,5,,,,,,,,
,,,,,9410,5.0,5,,,,,,,,
,,,,,9425,15.0,15,,,,,,,,
,,,,,9428,3.0,3,,,,,,,,
,,,,,9436,8.0,8,,,,,,,,
,,,,,9443,7.0,7,,,,,,,,
,,,,,9447,4.0,4,,,,,,,,
,,,,,9461,14.0,14,,,,,,,,
,,,,,9465,4.0,4,,,,,,,,
,,,,,9468,3.0,3,,,,,,,,
,,,,,9471,3.0,3,,,,,,,,
,,,,,9480,9.0,9,,,,,,,,
,,,,,9483,3.0,3,,,,,,,,
,,,,,9489,6.0,6,,,,,,,,
,,,,,9499,10.0,10,,,,,,,,
,,,,,9502,3.0,3,,,,,,,,
,,,,,9510,8.0,8,,,,,,,,
,,,,,9514,4.0,4,,,,,,,,
,,,,,9519,5.0,5,,,,,,,,
,,,,,9524,5.0,5,,,,,,,,
,,,,,9533,9.0,9,,,,,,,,
,,,,,9536,3.0,3,,,,,,,,
,,,,,9539,3.0,3,,,,,,,,
,,,,,9543,4.0,4,,,,,,,,
,,,,,9548,5.0,5,,,,,,,,
,,,,,9552,4.0,4,,,,,,,,
,,,,,9555,3.0,3,,,,,,,,
,,,,,9564,9.0,9,,,,,,,,
,,,,,9574,10.0,10,,,,,,,,
,,,,,9583,9.0,9,,,,,,,,
,,,,,9588,5.0,5,,,,,,,,
,,,,,9591,3.0,3,,,,,,,,
,,,,,9597,6.0,6,,,,,,,,
,,,,,9603,6.0,6,,,,,,,,
,,,,,9606,3.0,3,,,,,,,,
,,,,,9610,4.0,4,,,,,,,,
,,,,,9614,4.0,4,,,,,,,,
,,,,,9617,3.0,3,,,,,,,,
,,,,,9622,5.0,5,,,,,,,,
,,,,,9625,3.0,3,,,,,,,,
,,,,,9631,6.0,6,,,,,,,,
,,,,,9636,5.0,5,,,,,,,,
,,,,,9640,4.0,4,,,,,,,,
,,,,,9644,4.0,4,,,,,,,,
,,,,,9650,6.0,6,,,,,,,,
,,,,,9671,21.0,21,,,,,,,,
,,,,,9674,3.0,3,,,,,,,,
,,,,,9682,8.0,8,,,,,,,,
,,,,,9686,4.0,4,,,,,,,,
,,,,,9691,5.0,5,,,,,,,,
,,,,,9696,5.0,5,,,,,,,,
,,,,,9703,7.0,7,,,,,,,,
,,,,,9707,4.0,4,,,,,,,,
,,,,,9712,5.0,5,,,,,,,,
,,,,,9723,11.0,11,,,,,,,,
,,,,,9726,3.0,3,,,,,,,,
,,,,,9731,5.0,5,,,,,,,,
,,,,,9736,5.0,5,,,,,,,,
,,,,,9740,4.0,4,,,,,,,,
,,,,,9748,8.0,8,,,,,,,,
,,,,,9753,5.0,5,,,,,,,,
,,,,,9756,3.0,3,,,,,,,,
,,,,,9760,4.0,4,,,,,,,,
,,,,,9763,3.0,3,,,,,,,,
,,,,,9766,3.0,3,,,,,,,,
,,,,,9769,3.0,3,,,,,,,,
,,,,,9773,4.0,4,,,,,,,,
,,,,,9776,3.0,3,,,,,,,,
,,,,,9779,3.0,3,,,,,,,,
,,,,,9782,3.0,3,,,,,,,,
,,,,,9785,3.0,3,,,,,,,,
,,,,,9789,4.0,4,,,,,,,,
,,,,,9795,6.0,6,,,,,,,,
,,,,,9803,8.0,8,,,,,,,,
,,,,,9806,3.0,3,,,,,,,,
,,,,,9809,3.0,3,,,,,,,,
,,,,,9813,4.0,4,,,,,,,,
,,,,,9823,10.0,10,,,,,,,,
,,,,,9827,4.0,4,,,,,,,,
,,,,,9831,4.0,4,,,,,,,,
,,,,,9839,8.0,8,,,,,,,,
,,,,,9842,3.0,3,,,,,,,,
,,,,,9845,3.0,3,,,,,,,,
,,,,,9853,8.0,8,,,,,,,,
,,,,,9864,11.0,11,,,,,,,,
,,,,,9871,7.0,7,,,,,,,,
,,,,,9876,5.0,5,,,,,,,,
,,,,,9880,4.0,4,,,,,,,,
,,,,,9883,3.0,3,,,,,,,,
,,,,,9888,5.0,5,,,,,,,,
,,,,,9891,3.0,3,,,,,,,,
,,,,,9895,4.0,4,,,,,,,,
,,,,,9898,3.0,3,,,,,,,,
,,,,,9901,3.0,3,,,,,,,,
,,,,,9904,3.0,3,,,,,,,,
,,,,,9908,4.0,4,,,,,,,,
,,,,,9912,4.0,4,,,,,,,,
,,,,,9915,3.0,3,,,,,,,,
,,,,,9919,4.0,4,,,,,,,,
,,,,,9923,4.0,4,,,,,,,,
,,,,,9927,4.0,4,,,,,,,,
,,,,,9930,3.0,3,,,,,,,,
,,,,,9936,6.0,6,,,,,,,,
,,,,,9941,5.0,5,,,,,,,,
,,,,,9945,4.0,4,,,,,,,,
,,,,,9955,10.0,10,,,,,,,,
,,,,,9958,3.0,3,,,,,,,,
,,,,,9962,4.0,4,,,,,,,,
,,,,,9968,6.0,6,,,,,,,,
,,,,,9972,4.0,4,,,,,,,,
,,,,,9975,3.0,3,,,,,,,,
,,,,,9980,5.0,5,,,,,,,,
,,,,,9983,3.0,3,,,,,,,,
,,,,,9986,3.0,3,,,,,,,,
,,,,,9992,6.0,6,,,,,,,,
,,,,,9996,4.0,4,,,,,,,,
4.6,1.4282857,7.0,3.0,4.6,10000,,,-0.056424420326948166,-0.5642442107200623,0.9502674341201782,3.6106624603271484,3.586451768875122,0.0003,0.0003,0.1
,,,,,10001,5.0,5,,,,,,,,
,,,,,10006,5.0,5,,,,,,,,
,,,,,10010,4.0,4,,,,,,,,
,,,,,10014,4.0,4,,,,,,,,
,,,,,10021,7.0,7,,,,,,,,
,,,,,10024,3.0,3,,,,,,,,
,,,,,10031,7.0,7,,,,,,,,
,,,,,10035,4.0,4,,,,,,,,
,,,,,10042,7.0,7,,,,,,,,
,,,,,10051,9.0,9,,,,,,,,
,,,,,10054,3.0,3,,,,,,,,
,,,,,10059,5.0,5,,,,,,,,
,,,,,10062,3.0,3,,,,,,,,
,,,,,10066,4.0,4,,,,,,,,
,,,,,10069,3.0,3,,,,,,,,
,,,,,10072,3.0,3,,,,,,,,
,,,,,10076,4.0,4,,,,,,,,
,,,,,10083,7.0,7,,,,,,,,
,,,,,10090,7.0,7,,,,,,,,
,,,,,10094,4.0,4,,,,,,,,
,,,,,10102,8.0,8,,,,,,,,
,,,,,10108,6.0,6,,,,,,,,
,,,,,10112,4.0,4,,,,,,,,
,,,,,10119,7.0,7,,,,,,,,
,,,,,10122,3.0,3,,,,,,,,
,,,,,10126,4.0,4,,,,,,,,
,,,,,10130,4.0,4,,,,,,,,
,,,,,10134,4.0,4,,,,,,,,
,,,,,10137,3.0,3,,,,,,,,
,,,,,10141,4.0,4,,,,,,,,
,,,,,10146,5.0,5,,,,,,,,
,,,,,10150,4.0,4,,,,,,,,
,,,,,10159,9.0,9,,,,,,,,
,,,,,10167,8.0,8,,,,,,,,
,,,,,10171,4.0,4,,,,,,,,
,,,,,10174,3.0,3,,,,,,,,
,,,,,10177,3.0,3,,,,,,,,
,,,,,10180,3.0,3,,,,,,,,
,,,,,10183,3.0,3,,,,,,,,
,,,,,10187,4.0,4,,,,,,,,
,,,,,10191,4.0,4,,,,,,,,
,,,,,10196,5.0,5,,,,,,,,
,,,,,10204,8.0,8,,,,,,,,
,,,,,10207,3.0,3,,,,,,,,
,,,,,10221,14.0,14,,,,,,,,
,,,,,10226,5.0,5,,,,,,,,
,,,,,10231,5.0,5,,,,,,,,
,,,,,10236,5.0,5,,,,,,,,
,,,,,10243,7.0,7,,,,,,,,
,,,,,10246,3.0,3,,,,,,,,
,,,,,10250,4.0,4,,,,,,,,
,,,,,10253,3.0,3,,,,,,,,
,,,,,10260,7.0,7,,,,,,,,
,,,,,10264,4.0,4,,,,,,,,
,,,,,10267,3.0,3,,,,,,,,
,,,,,10274,7.0,7,,,,,,,,
,,,,,10279,5.0,5,,,,,,,,
,,,,,10283,4.0,4,,,,,,,,
,,,,,10291,8.0,8,,,,,,,,
,,,,,10294,3.0,3,,,,,,,,
,,,,,10298,4.0,4,,,,,,,,
,,,,,10303,5.0,5,,,,,,,,
,,,,,10306,3.0,3,,,,,,,,
,,,,,10309,3.0,3,,,,,,,,
,,,,,10312,3.0,3,,,,,,,,
,,,,,10317,5.0,5,,,,,,,,
,,,,,10320,3.0,3,,,,,,,,
,,,,,10325,5.0,5,,,,,,,,
,,,,,10330,5.0,5,,,,,,,,
,,,,,10334,4.0,4,,,,,,,,
,,,,,10338,4.0,4,,,,,,,,
,,,,,10341,3.0,3,,,,,,,,
,,,,,10345,4.0,4,,,,,,,,
,,,,,10348,3.0,3,,,,,,,,
,,,,,10352,4.0,4,,,,,,,,
,,,,,10357,5.0,5,,,,,,,,
,,,,,10361,4.0,4,,,,,,,,
,,,,,10367,6.0,6,,,,,,,,
,,,,,10374,7.0,7,,,,,,,,
,,,,,10380,6.0,6,,,,,,,,
,,,,,10385,5.0,5,,,,,,,,
,,,,,10392,7.0,7,,,,,,,,
,,,,,10395,3.0,3,,,,,,,,
,,,,,10398,3.0,3,,,,,,,,
,,,,,10402,4.0,4,,,,,,,,
,,,,,10412,10.0,10,,,,,,,,
,,,,,10421,9.0,9,,,,,,,,
,,,,,10424,3.0,3,,,,,,,,
,,,,,10427,3.0,3,,,,,,,,
,,,,,10431,4.0,4,,,,,,,,
,,,,,10440,9.0,9,,,,,,,,
,,,,,10443,3.0,3,,,,,,,,
,,,,,10449,6.0,6,,,,,,,,
,,,,,10457,8.0,8,,,,,,,,
,,,,,10462,5.0,5,,,,,,,,
,,,,,10465,3.0,3,,,,,,,,
,,,,,10468,3.0,3,,,,,,,,
,,,,,10472,4.0,4,,,,,,,,
,,,,,10475,3.0,3,,,,,,,,
,,,,,10481,6.0,6,,,,,,,,
,,,,,10484,3.0,3,,,,,,,,
,,,,,10487,3.0,3,,,,,,,,
,,,,,10490,3.0,3,,,,,,,,
,,,,,10493,3.0,3,,,,,,,,
,,,,,10498,5.0,5,,,,,,,,
,,,,,10501,3.0,3,,,,,,,,
,,,,,10504,3.0,3,,,,,,,,
,,,,,10508,4.0,4,,,,,,,,
,,,,,10513,5.0,5,,,,,,,,
,,,,,10519,6.0,6,,,,,,,,
,,,,,10524,5.0,5,,,,,,,,
,,,,,10529,5.0,5,,,,,,,,
,,,,,10536,7.0,7,,,,,,,,
,,,,,10541,5.0,5,,,,,,,,
,,,,,10545,4.0,4,,,,,,,,
,,,,,10550,5.0,5,,,,,,,,
,,,,,10556,6.0,6,,,,,,,,
,,,,,10559,3.0,3,,,,,,,,
,,,,,10562,3.0,3,,,,,,,,
,,,,,10569,7.0,7,,,,,,,,
,,,,,10576,7.0,7,,,,,,,,
,,,,,10584,8.0,8,,,,,,,,
,,,,,10588,4.0,4,,,,,,,,
,,,,,10594,6.0,6,,,,,,,,
,,,,,10598,4.0,4,,,,,,,,
,,,,,10601,3.0,3,,,,,,,,
,,,,,10605,4.0,4,,,,,,,,
,,,,,10608,3.0,3,,,,,,,,
,,,,,10612,4.0,4,,,,,,,,
,,,,,10615,3.0,3,,,,,,,,
,,,,,10618,3.0,3,,,,,,,,
,,,,,10622,4.0,4,,,,,,,,
,,,,,10627,5.0,5,,,,,,,,
,,,,,10631,4.0,4,,,,,,,,
,,,,,10635,4.0,4,,,,,,,,
,,,,,10640,5.0,5,,,,,,,,
,,,,,10643,3.0,3,,,,,,,,
,,,,,10646,3.0,3,,,,,,,,
,,,,,10649,3.0,3,,,,,,,,
,,,,,10653,4.0,4,,,,,,,,
,,,,,10657,4.0,4,,,,,,,,
,,,,,10661,4.0,4,,,,,,,,
,,,,,10666,5.0,5,,,,,,,,
,,,,,10669,3.0,3,,,,,,,,
,,,,,10672,3.0,3,,,,,,,,
,,,,,10675,3.0,3,,,,,,,,
,,,,,10678,3.0,3,,,,,,,,
,,,,,10681,3.0,3,,,,,,,,
,,,,,10686,5.0,5,,,,,,,,
,,,,,10689,3.0,3,,,,,,,,
,,,,,10692,3.0,3,,,,,,,,
,,,,,10696,4.0,4,,,,,,,,
,,,,,10699,3.0,3,,,,,,,,
,,,,,10703,4.0,4,,,,,,,,
,,,,,10707,4.0,4,,,,,,,,
,,,,,10710,3.0,3,,,,,,,,
,,,,,10713,3.0,3,,,,,,,,
,,,,,10716,3.0,3,,,,,,,,
,,,,,10723,7.0,7,,,,,,,,
,,,,,10726,3.0,3,,,,,,,,
,,,,,10729,3.0,3,,,,,,,,
,,,,,10732,3.0,3,,,,,,,,
,,,,,10735,3.0,3,,,,,,,,
,,,,,10738,3.0,3,,,,,,,,
,,,,,10741,3.0,3,,,,,,,,
,,,,,10745,4.0,4,,,,,,,,
,,,,,10748,3.0,3,,,,,,,,
,,,,,10751,3.0,3,,,,,,,,
,,,,,10761,10.0,10,,,,,,,,
,,,,,10764,3.0,3,,,,,,,,
,,,,,10767,3.0,3,,,,,,,,
,,,,,10771,4.0,4,,,,,,,,
,,,,,10774,3.0,3,,,,,,,,
,,,,,10777,3.0,3,,,,,,,,
,,,,,10780,3.0,3,,,,,,,,
,,,,,10783,3.0,3,,,,,,,,
,,,,,10790,7.0,7,,,,,,,,
,,,,,10795,5.0,5,,,,,,,,
,,,,,10799,4.0,4,,,,,,,,
,,,,,10803,4.0,4,,,,,,,,
,,,,,10806,3.0,3,,,,,,,,
,,,,,10809,3.0,3,,,,,,,,
,,,,,10812,3.0,3,,,,,,,,
,,,,,10815,3.0,3,,,,,,,,
,,,,,10821,6.0,6,,,,,,,,
,,,,,10825,4.0,4,,,,,,,,
,,,,,10828,3.0,3,,,,,,,,
,,,,,10834,6.0,6,,,,,,,,
,,,,,10837,3.0,3,,,,,,,,
,,,,,10840,3.0,3,,,,,,,,
,,,,,10845,5.0,5,,,,,,,,
,,,,,10849,4.0,4,,,,,,,,
,,,,,10852,3.0,3,,,,,,,,
,,,,,10855,3.0,3,,,,,,,,
,,,,,10858,3.0,3,,,,,,,,
,,,,,10861,3.0,3,,,,,,,,
,,,,,10864,3.0,3,,,,,,,,
,,,,,10867,3.0,3,,,,,,,,
,,,,,10870,3.0,3,,,,,,,,
,,,,,10873,3.0,3,,,,,,,,
,,,,,10877,4.0,4,,,,,,,,
,,,,,10881,4.0,4,,,,,,,,
,,,,,10884,3.0,3,,,,,,,,
,,,,,10887,3.0,3,,,,,,,,
,,,,,10890,3.0,3,,,,,,,,
,,,,,10893,3.0,3,,,,,,,,
,,,,,10896,3.0,3,,,,,,,,
,,,,,10899,3.0,3,,,,,,,,
,,,,,10904,5.0,5,,,,,,,,
,,,,,10907,3.0,3,,,,,,,,
,,,,,10911,4.0,4,,,,,,,,
,,,,,10914,3.0,3,,,,,,,,
,,,,,10918,4.0,4,,,,,,,,
,,,,,10921,3.0,3,,,,,,,,
,,,,,10924,3.0,3,,,,,,,,
,,,,,10927,3.0,3,,,,,,,,
,,,,,10932,5.0,5,,,,,,,,
,,,,,10935,3.0,3,,,,,,,,
,,,,,10938,3.0,3,,,,,,,,
,,,,,10944,6.0,6,,,,,,,,
,,,,,10947,3.0,3,,,,,,,,
,,,,,10950,3.0,3,,,,,,,,
,,,,,10953,3.0,3,,,,,,,,
,,,,,10956,3.0,3,,,,,,,,
,,,,,10959,3.0,3,,,,,,,,
,,,,,10962,3.0,3,,,,,,,,
,,,,,10966,4.0,4,,,,,,,,
,,,,,10969,3.0,3,,,,,,,,
,,,,,10973,4.0,4,,,,,,,,
,,,,,10976,3.0,3,,,,,,,,
,,,,,10982,6.0,6,,,,,,,,
,,,,,10985,3.0,3,,,,,,,,
,,,,,10988,3.0,3,,,,,,,,
,,,,,10991,3.0,3,,,,,,,,
,,,,,10994,3.0,3,,,,,,,,
,,,,,10998,4.0,4,,,,,,,,
,,,,,11000,,,-0.01331388670951128,-0.13313886523246765,0.7993537187576294,3.6450448036193848,3.8425116539001465,0.0003,0.0003,0.1
,,,,,11001,3.0,3,,,,,,,,
,,,,,11008,7.0,7,,,,,,,,
,,,,,11012,4.0,4,,,,,,,,
,,,,,11016,4.0,4,,,,,,,,
,,,,,11023,7.0,7,,,,,,,,
,,,,,11026,3.0,3,,,,,,,,
,,,,,11031,5.0,5,,,,,,,,
,,,,,11039,8.0,8,,,,,,,,
,,,,,11042,3.0,3,,,,,,,,
,,,,,11046,4.0,4,,,,,,,,
,,,,,11050,4.0,4,,,,,,,,
,,,,,11054,4.0,4,,,,,,,,
,,,,,11058,4.0,4,,,,,,,,
,,,,,11061,3.0,3,,,,,,,,
,,,,,11065,4.0,4,,,,,,,,
,,,,,11069,4.0,4,,,,,,,,
,,,,,11072,3.0,3,,,,,,,,
,,,,,11079,7.0,7,,,,,,,,
,,,,,11083,4.0,4,,,,,,,,
,,,,,11088,5.0,5,,,,,,,,
,,,,,11092,4.0,4,,,,,,,,
,,,,,11095,3.0,3,,,,,,,,
,,,,,11098,3.0,3,,,,,,,,
,,,,,11108,10.0,10,,,,,,,,
,,,,,11111,3.0,3,,,,,,,,
,,,,,11114,3.0,3,,,,,,,,
,,,,,11118,4.0,4,,,,,,,,
,,,,,11125,7.0,7,,,,,,,,
,,,,,11129,4.0,4,,,,,,,,
,,,,,11132,3.0,3,,,,,,,,
,,,,,11135,3.0,3,,,,,,,,
,,,,,11139,4.0,4,,,,,,,,
,,,,,11142,3.0,3,,,,,,,,
,,,,,11145,3.0,3,,,,,,,,
,,,,,11148,3.0,3,,,,,,,,
,,,,,11153,5.0,5,,,,,,,,
,,,,,11156,3.0,3,,,,,,,,
,,,,,11160,4.0,4,,,,,,,,
,,,,,11164,4.0,4,,,,,,,,
,,,,,11168,4.0,4,,,,,,,,
,,,,,11176,8.0,8,,,,,,,,
,,,,,11180,4.0,4,,,,,,,,
,,,,,11184,4.0,4,,,,,,,,
,,,,,11191,7.0,7,,,,,,,,
,,,,,11194,3.0,3,,,,,,,,
,,,,,11199,5.0,5,,,,,,,,
,,,,,11203,4.0,4,,,,,,,,
,,,,,11208,5.0,5,,,,,,,,
,,,,,11212,4.0,4,,,,,,,,
,,,,,11218,6.0,6,,,,,,,,
,,,,,11222,4.0,4,,,,,,,,
,,,,,11226,4.0,4,,,,,,,,
,,,,,11238,12.0,12,,,,,,,,
,,,,,11243,5.0,5,,,,,,,,
,,,,,11256,13.0,13,,,,,,,,
,,,,,11266,10.0,10,,,,,,,,
,,,,,11270,4.0,4,,,,,,,,
,,,,,11275,5.0,5,,,,,,,,
,,,,,11287,12.0,12,,,,,,,,
,,,,,11296,9.0,9,,,,,,,,
,,,,,11302,6.0,6,,,,,,,,
,,,,,11305,3.0,3,,,,,,,,
,,,,,11309,4.0,4,,,,,,,,
,,,,,11312,3.0,3,,,,,,,,
,,,,,11316,4.0,4,,,,,,,,
,,,,,11320,4.0,4,,,,,,,,
,,,,,11324,4.0,4,,,,,,,,
,,,,,11327,3.0,3,,,,,,,,
,,,,,11333,6.0,6,,,,,,,,
,,,,,11336,3.0,3,,,,,,,,
,,,,,11341,5.0,5,,,,,,,,
,,,,,11347,6.0,6,,,,,,,,
,,,,,11352,5.0,5,,,,,,,,
,,,,,11357,5.0,5,,,,,,,,
,,,,,11361,4.0,4,,,,,,,,
,,,,,11368,7.0,7,,,,,,,,
,,,,,11374,6.0,6,,,,,,,,
,,,,,11380,6.0,6,,,,,,,,
,,,,,11388,8.0,8,,,,,,,,
,,,,,11391,3.0,3,,,,,,,,
,,,,,11394,3.0,3,,,,,,,,
,,,,,11398,4.0,4,,,,,,,,
,,,,,11402,4.0,4,,,,,,,,
,,,,,11407,5.0,5,,,,,,,,
,,,,,11410,3.0,3,,,,,,,,
,,,,,11416,6.0,6,,,,,,,,
,,,,,11420,4.0,4,,,,,,,,
,,,,,11427,7.0,7,,,,,,,,
,,,,,11431,4.0,4,,,,,,,,
,,,,,11442,11.0,11,,,,,,,,
,,,,,11448,6.0,6,,,,,,,,
,,,,,11453,5.0,5,,,,,,,,
,,,,,11457,4.0,4,,,,,,,,
,,,,,11467,10.0,10,,,,,,,,
,,,,,11472,5.0,5,,,,,,,,
,,,,,11478,6.0,6,,,,,,,,
,,,,,11485,7.0,7,,,,,,,,
,,,,,11490,5.0,5,,,,,,,,
,,,,,11500,10.0,10,,,,,,,,
,,,,,11504,4.0,4,,,,,,,,
,,,,,11510,6.0,6,,,,,,,,
,,,,,11517,7.0,7,,,,,,,,
,,,,,11529,12.0,12,,,,,,,,
,,,,,11535,6.0,6,,,,,,,,
,,,,,11542,7.0,7,,,,,,,,
,,,,,11551,9.0,9,,,,,,,,
,,,,,11557,6.0,6,,,,,,,,
,,,,,11566,9.0,9,,,,,,,,
,,,,,11572,6.0,6,,,,,,,,
,,,,,11577,5.0,5,,,,,,,,
,,,,,11584,7.0,7,,,,,,,,
,,,,,11589,5.0,5,,,,,,,,
,,,,,11597,8.0,8,,,,,,,,
,,,,,11602,5.0,5,,,,,,,,
,,,,,11608,6.0,6,,,,,,,,
,,,,,11614,6.0,6,,,,,,,,
,,,,,11617,3.0,3,,,,,,,,
,,,,,11622,5.0,5,,,,,,,,
,,,,,11627,5.0,5,,,,,,,,
,,,,,11638,11.0,11,,,,,,,,
,,,,,11644,6.0,6,,,,,,,,
,,,,,11649,5.0,5,,,,,,,,
,,,,,11655,6.0,6,,,,,,,,
,,,,,11666,11.0,11,,,,,,,,
,,,,,11671,5.0,5,,,,,,,,
,,,,,11675,4.0,4,,,,,,,,
,,,,,11681,6.0,6,,,,,,,,
,,,,,11687,6.0,6,,,,,,,,
,,,,,11693,6.0,6,,,,,,,,
,,,,,11697,4.0,4,,,,,,,,
,,,,,11701,4.0,4,,,,,,,,
,,,,,11705,4.0,4,,,,,,,,
,,,,,11710,5.0,5,,,,,,,,
,,,,,11714,4.0,4,,,,,,,,
,,,,,11718,4.0,4,,,,,,,,
,,,,,11722,4.0,4,,,,,,,,
,,,,,11726,4.0,4,,,,,,,,
,,,,,11731,5.0,5,,,,,,,,
,,,,,11738,7.0,7,,,,,,,,
,,,,,11742,4.0,4,,,,,,,,
,,,,,11747,5.0,5,,,,,,,,
,,,,,11751,4.0,4,,,,,,,,
,,,,,11754,3.0,3,,,,,,,,
,,,,,11759,5.0,5,,,,,,,,
,,,,,11763,4.0,4,,,,,,,,
,,,,,11769,6.0,6,,,,,,,,
,,,,,11777,8.0,8,,,,,,,,
,,,,,11781,4.0,4,,,,,,,,
,,,,,11785,4.0,4,,,,,,,,
,,,,,11788,3.0,3,,,,,,,,
,,,,,11791,3.0,3,,,,,,,,
,,,,,11795,4.0,4,,,,,,,,
,,,,,11799,4.0,4,,,,,,,,
,,,,,11802,3.0,3,,,,,,,,
,,,,,11805,3.0,3,,,,,,,,
,,,,,11811,6.0,6,,,,,,,,
,,,,,11814,3.0,3,,,,,,,,
,,,,,11817,3.0,3,,,,,,,,
,,,,,11821,4.0,4,,,,,,,,
,,,,,11830,9.0,9,,,,,,,,
,,,,,11835,5.0,5,,,,,,,,
,,,,,11844,9.0,9,,,,,,,,
,,,,,11849,5.0,5,,,,,,,,
,,,,,11854,5.0,5,,,,,,,,
,,,,,11865,11.0,11,,,,,,,,
,,,,,11869,4.0,4,,,,,,,,
,,,,,11873,4.0,4,,,,,,,,
,,,,,11884,11.0,11,,,,,,,,
,,,,,11890,6.0,6,,,,,,,,
,,,,,11899,9.0,9,,,,,,,,
,,,,,11903,4.0,4,,,,,,,,
,,,,,11907,4.0,4,,,,,,,,
,,,,,11913,6.0,6,,,,,,,,
,,,,,11921,8.0,8,,,,,,,,
,,,,,11928,7.0,7,,,,,,,,
,,,,,11933,5.0,5,,,,,,,,
,,,,,11936,3.0,3,,,,,,,,
,,,,,11941,5.0,5,,,,,,,,
,,,,,11944,3.0,3,,,,,,,,
,,,,,11948,4.0,4,,,,,,,,
,,,,,11951,3.0,3,,,,,,,,
,,,,,11957,6.0,6,,,,,,,,
,,,,,11960,3.0,3,,,,,,,,
,,,,,11963,3.0,3,,,,,,,,
,,,,,11967,4.0,4,,,,,,,,
,,,,,11971,4.0,4,,,,,,,,
,,,,,11974,3.0,3,,,,,,,,
,,,,,11980,6.0,6,,,,,,,,
,,,,,11984,4.0,4,,,,,,,,
,,,,,11988,4.0,4,,,,,,,,
,,,,,11991,3.0,3,,,,,,,,
,,,,,11994,3.0,3,,,,,,,,
,,,,,11999,5.0,5,,,,,,,,
,,,,,12000,,,-0.013538314960896969,-0.13538314402103424,0.9339619874954224,4.659482479095459,4.734784126281738,0.0003,0.0003,0.1
,,,,,12006,7.0,7,,,,,,,,
,,,,,12009,3.0,3,,,,,,,,
,,,,,12013,4.0,4,,,,,,,,
,,,,,12018,5.0,5,,,,,,,,
,,,,,12022,4.0,4,,,,,,,,
,,,,,12027,5.0,5,,,,,,,,
,,,,,12031,4.0,4,,,,,,,,
,,,,,12035,4.0,4,,,,,,,,
,,,,,12041,6.0,6,,,,,,,,
,,,,,12046,5.0,5,,,,,,,,
,,,,,12050,4.0,4,,,,,,,,
,,,,,12058,8.0,8,,,,,,,,
,,,,,12063,5.0,5,,,,,,,,
,,,,,12066,3.0,3,,,,,,,,
,,,,,12071,5.0,5,,,,,,,,
,,,,,12075,4.0,4,,,,,,,,
,,,,,12078,3.0,3,,,,,,,,
,,,,,12082,4.0,4,,,,,,,,
,,,,,12091,9.0,9,,,,,,,,
,,,,,12096,5.0,5,,,,,,,,
,,,,,12099,3.0,3,,,,,,,,
,,,,,12103,4.0,4,,,,,,,,
,,,,,12107,4.0,4,,,,,,,,
,,,,,12111,4.0,4,,,,,,,,
,,,,,12117,6.0,6,,,,,,,,
,,,,,12121,4.0,4,,,,,,,,
,,,,,12124,3.0,3,,,,,,,,
,,,,,12127,3.0,3,,,,,,,,
,,,,,12131,4.0,4,,,,,,,,
,,,,,12135,4.0,4,,,,,,,,
,,,,,12140,5.0,5,,,,,,,,
,,,,,12143,3.0,3,,,,,,,,
,,,,,12147,4.0,4,,,,,,,,
,,,,,12151,4.0,4,,,,,,,,
,,,,,12154,3.0,3,,,,,,,,
,,,,,12160,6.0,6,,,,,,,,
,,,,,12164,4.0,4,,,,,,,,
,,,,,12169,5.0,5,,,,,,,,
,,,,,12174,5.0,5,,,,,,,,
,,,,,12178,4.0,4,,,,,,,,
,,,,,12182,4.0,4,,,,,,,,
,,,,,12186,4.0,4,,,,,,,,
,,,,,12191,5.0,5,,,,,,,,
,,,,,12196,5.0,5,,,,,,,,
,,,,,12200,4.0,4,,,,,,,,
,,,,,12204,4.0,4,,,,,,,,
,,,,,12208,4.0,4,,,,,,,,
,,,,,12214,6.0,6,,,,,,,,
,,,,,12219,5.0,5,,,,,,,,
,,,,,12222,3.0,3,,,,,,,,
,,,,,12225,3.0,3,,,,,,,,
,,,,,12228,3.0,3,,,,,,,,
,,,,,12231,3.0,3,,,,,,,,
,,,,,12235,4.0,4,,,,,,,,
,,,,,12238,3.0,3,,,,,,,,
,,,,,12241,3.0,3,,,,,,,,
,,,,,12245,4.0,4,,,,,,,,
,,,,,12248,3.0,3,,,,,,,,
,,,,,12254,6.0,6,,,,,,,,
,,,,,12257,3.0,3,,,,,,,,
,,,,,12260,3.0,3,,,,,,,,
,,,,,12263,3.0,3,,,,,,,,
,,,,,12266,3.0,3,,,,,,,,
,,,,,12269,3.0,3,,,,,,,,
,,,,,12273,4.0,4,,,,,,,,
,,,,,12277,4.0,4,,,,,,,,
,,,,,12284,7.0,7,,,,,,,,
,,,,,12287,3.0,3,,,,,,,,
,,,,,12290,3.0,3,,,,,,,,
,,,,,12294,4.0,4,,,,,,,,
,,,,,12301,7.0,7,,,,,,,,
,,,,,12304,3.0,3,,,,,,,,
,,,,,12307,3.0,3,,,,,,,,
,,,,,12310,3.0,3,,,,,,,,
,,,,,12314,4.0,4,,,,,,,,
,,,,,12318,4.0,4,,,,,,,,
,,,,,12321,3.0,3,,,,,,,,
,,,,,12324,3.0,3,,,,,,,,
,,,,,12327,3.0,3,,,,,,,,
,,,,,12330,3.0,3,,,,,,,,
,,,,,12335,5.0,5,,,,,,,,
,,,,,12341,6.0,6,,,,,,,,
,,,,,12345,4.0,4,,,,,,,,
,,,,,12348,3.0,3,,,,,,,,
,,,,,12351,3.0,3,,,,,,,,
,,,,,12354,3.0,3,,,,,,,,
,,,,,12357,3.0,3,,,,,,,,
,,,,,12362,5.0,5,,,,,,,,
,,,,,12367,5.0,5,,,,,,,,
,,,,,12374,7.0,7,,,,,,,,
,,,,,12377,3.0,3,,,,,,,,
,,,,,12380,3.0,3,,,,,,,,
,,,,,12383,3.0,3,,,,,,,,
,,,,,12386,3.0,3,,,,,,,,
,,,,,12390,4.0,4,,,,,,,,
,,,,,12395,5.0,5,,,,,,,,
,,,,,12399,4.0,4,,,,,,,,
,,,,,12404,5.0,5,,,,,,,,
,,,,,12408,4.0,4,,,,,,,,
,,,,,12412,4.0,4,,,,,,,,
,,,,,12417,5.0,5,,,,,,,,
,,,,,12420,3.0,3,,,,,,,,
,,,,,12424,4.0,4,,,,,,,,
,,,,,12428,4.0,4,,,,,,,,
,,,,,12431,3.0,3,,,,,,,,
,,,,,12438,7.0,7,,,,,,,,
,,,,,12442,4.0,4,,,,,,,,
,,,,,12446,4.0,4,,,,,,,,
,,,,,12450,4.0,4,,,,,,,,
,,,,,12456,6.0,6,,,,,,,,
,,,,,12459,3.0,3,,,,,,,,
,,,,,12464,5.0,5,,,,,,,,
,,,,,12468,4.0,4,,,,,,,,
,,,,,12471,3.0,3,,,,,,,,
,,,,,12475,4.0,4,,,,,,,,
,,,,,12480,5.0,5,,,,,,,,
,,,,,12485,5.0,5,,,,,,,,
,,,,,12490,5.0,5,,,,,,,,
,,,,,12498,8.0,8,,,,,,,,
,,,,,12502,4.0,4,,,,,,,,
,,,,,12506,4.0,4,,,,,,,,
,,,,,12515,9.0,9,,,,,,,,
,,,,,12518,3.0,3,,,,,,,,
,,,,,12521,3.0,3,,,,,,,,
,,,,,12531,10.0,10,,,,,,,,
,,,,,12535,4.0,4,,,,,,,,
,,,,,12545,10.0,10,,,,,,,,
,,,,,12550,5.0,5,,,,,,,,
,,,,,12553,3.0,3,,,,,,,,
,,,,,12557,4.0,4,,,,,,,,
,,,,,12560,3.0,3,,,,,,,,
,,,,,12563,3.0,3,,,,,,,,
,,,,,12567,4.0,4,,,,,,,,
,,,,,12574,7.0,7,,,,,,,,
,,,,,12578,4.0,4,,,,,,,,
,,,,,12581,3.0,3,,,,,,,,
,,,,,12592,11.0,11,,,,,,,,
,,,,,12595,3.0,3,,,,,,,,
,,,,,12600,5.0,5,,,,,,,,
,,,,,12604,4.0,4,,,,,,,,
,,,,,12608,4.0,4,,,,,,,,
,,,,,12611,3.0,3,,,,,,,,
,,,,,12618,7.0,7,,,,,,,,
,,,,,12622,4.0,4,,,,,,,,
,,,,,12625,3.0,3,,,,,,,,
,,,,,12630,5.0,5,,,,,,,,
,,,,,12633,3.0,3,,,,,,,,
,,,,,12637,4.0,4,,,,,,,,
,,,,,12642,5.0,5,,,,,,,,
,,,,,12649,7.0,7,,,,,,,,
,,,,,12653,4.0,4,,,,,,,,
,,,,,12657,4.0,4,,,,,,,,
,,,,,12663,6.0,6,,,,,,,,
,,,,,12667,4.0,4,,,,,,,,
,,,,,12674,7.0,7,,,,,,,,
,,,,,12679,5.0,5,,,,,,,,
,,,,,12682,3.0,3,,,,,,,,
,,,,,12686,4.0,4,,,,,,,,
,,,,,12693,7.0,7,,,,,,,,
,,,,,12697,4.0,4,,,,,,,,
,,,,,12701,4.0,4,,,,,,,,
,,,,,12705,4.0,4,,,,,,,,
,,,,,12712,7.0,7,,,,,,,,
,,,,,12718,6.0,6,,,,,,,,
,,,,,12721,3.0,3,,,,,,,,
,,,,,12725,4.0,4,,,,,,,,
,,,,,12731,6.0,6,,,,,,,,
,,,,,12736,5.0,5,,,,,,,,
,,,,,12740,4.0,4,,,,,,,,
,,,,,12744,4.0,4,,,,,,,,
,,,,,12755,11.0,11,,,,,,,,
,,,,,12759,4.0,4,,,,,,,,
,,,,,12762,3.0,3,,,,,,,,
,,,,,12765,3.0,3,,,,,,,,
,,,,,12771,6.0,6,,,,,,,,
,,,,,12777,6.0,6,,,,,,,,
,,,,,12780,3.0,3,,,,,,,,
,,,,,12796,16.0,16,,,,,,,,
,,,,,12802,6.0,6,,,,,,,,
,,,,,12814,12.0,12,,,,,,,,
,,,,,12820,6.0,6,,,,,,,,
,,,,,12824,4.0,4,,,,,,,,
,,,,,12831,7.0,7,,,,,,,,
,,,,,12837,6.0,6,,,,,,,,
,,,,,12841,4.0,4,,,,,,,,
,,,,,12847,6.0,6,,,,,,,,
,,,,,12857,10.0,10,,,,,,,,
,,,,,12861,4.0,4,,,,,,,,
,,,,,12867,6.0,6,,,,,,,,
,,,,,12873,6.0,6,,,,,,,,
,,,,,12878,5.0,5,,,,,,,,
,,,,,12882,4.0,4,,,,,,,,
,,,,,12888,6.0,6,,,,,,,,
,,,,,12891,3.0,3,,,,,,,,
,,,,,12898,7.0,7,,,,,,,,
,,,,,12902,4.0,4,,,,,,,,
,,,,,12908,6.0,6,,,,,,,,
,,,,,12916,8.0,8,,,,,,,,
,,,,,12920,4.0,4,,,,,,,,
,,,,,12926,6.0,6,,,,,,,,
,,,,,12932,6.0,6,,,,,,,,
,,,,,12938,6.0,6,,,,,,,,
,,,,,12954,16.0,16,,,,,,,,
,,,,,12962,8.0,8,,,,,,,,
,,,,,12966,4.0,4,,,,,,,,
,,,,,12971,5.0,5,,,,,,,,
,,,,,12977,6.0,6,,,,,,,,
,,,,,12984,7.0,7,,,,,,,,
,,,,,12989,5.0,5,,,,,,,,
,,,,,12994,5.0,5,,,,,,,,
,,,,,12999,5.0,5,,,,,,,,
,,,,,13000,,,-0.03294090926647186,-0.32940909266471863,0.6143169403076172,4.184409141540527,4.161733150482178,0.0003,0.0003,0.1
,,,,,13010,11.0,11,,,,,,,,
,,,,,13014,4.0,4,,,,,,,,
,,,,,13018,4.0,4,,,,,,,,
,,,,,13024,6.0,6,,,,,,,,
,,,,,13028,4.0,4,,,,,,,,
,,,,,13033,5.0,5,,,,,,,,
,,,,,13043,10.0,10,,,,,,,,
,,,,,13047,4.0,4,,,,,,,,
,,,,,13052,5.0,5,,,,,,,,
,,,,,13056,4.0,4,,,,,,,,
,,,,,13061,5.0,5,,,,,,,,
,,,,,13064,3.0,3,,,,,,,,
,,,,,13067,3.0,3,,,,,,,,
,,,,,13070,3.0,3,,,,,,,,
,,,,,13076,6.0,6,,,,,,,,
,,,,,13080,4.0,4,,,,,,,,
,,,,,13084,4.0,4,,,,,,,,
,,,,,13087,3.0,3,,,,,,,,
,,,,,13090,3.0,3,,,,,,,,
,,,,,13094,4.0,4,,,,,,,,
,,,,,13097,3.0,3,,,,,,,,
,,,,,13100,3.0,3,,,,,,,,
,,,,,13103,3.0,3,,,,,,,,
,,,,,13106,3.0,3,,,,,,,,
,,,,,13109,3.0,3,,,,,,,,
,,,,,13113,4.0,4,,,,,,,,
,,,,,13117,4.0,4,,,,,,,,
,,,,,13120,3.0,3,,,,,,,,
,,,,,13124,4.0,4,,,,,,,,
,,,,,13128,4.0,4,,,,,,,,
,,,,,13133,5.0,5,,,,,,,,
,,,,,13137,4.0,4,,,,,,,,
,,,,,13142,5.0,5,,,,,,,,
,,,,,13149,7.0,7,,,,,,,,
,,,,,13155,6.0,6,,,,,,,,
,,,,,13159,4.0,4,,,,,,,,
,,,,,13163,4.0,4,,,,,,,,
,,,,,13170,7.0,7,,,,,,,,
,,,,,13174,4.0,4,,,,,,,,
,,,,,13177,3.0,3,,,,,,,,
,,,,,13184,7.0,7,,,,,,,,
,,,,,13187,3.0,3,,,,,,,,
,,,,,13191,4.0,4,,,,,,,,
,,,,,13198,7.0,7,,,,,,,,
,,,,,13206,8.0,8,,,,,,,,
,,,,,13209,3.0,3,,,,,,,,
,,,,,13213,4.0,4,,,,,,,,
,,,,,13220,7.0,7,,,,,,,,
,,,,,13223,3.0,3,,,,,,,,
,,,,,13226,3.0,3,,,,,,,,
,,,,,13229,3.0,3,,,,,,,,
,,,,,13232,3.0,3,,,,,,,,
,,,,,13235,3.0,3,,,,,,,,
,,,,,13239,4.0,4,,,,,,,,
,,,,,13243,4.0,4,,,,,,,,
,,,,,13246,3.0,3,,,,,,,,
,,,,,13250,4.0,4,,,,,,,,
,,,,,13253,3.0,3,,,,,,,,
,,,,,13256,3.0,3,,,,,,,,
,,,,,13260,4.0,4,,,,,,,,
,,,,,13265,5.0,5,,,,,,,,
,,,,,13270,5.0,5,,,,,,,,
,,,,,13273,3.0,3,,,,,,,,
,,,,,13276,3.0,3,,,,,,,,
,,,,,13280,4.0,4,,,,,,,,
,,,,,13287,7.0,7,,,,,,,,
,,,,,13290,3.0,3,,,,,,,,
,,,,,13293,3.0,3,,,,,,,,
,,,,,13296,3.0,3,,,,,,,,
,,,,,13299,3.0,3,,,,,,,,
,,,,,13302,3.0,3,,,,,,,,
,,,,,13312,10.0,10,,,,,,,,
,,,,,13315,3.0,3,,,,,,,,
,,,,,13318,3.0,3,,,,,,,,
,,,,,13321,3.0,3,,,,,,,,
,,,,,13324,3.0,3,,,,,,,,
,,,,,13327,3.0,3,,,,,,,,
,,,,,13330,3.0,3,,,,,,,,
,,,,,13333,3.0,3,,,,,,,,
,,,,,13336,3.0,3,,,,,,,,
,,,,,13340,4.0,4,,,,,,,,
,,,,,13344,4.0,4,,,,,,,,
,,,,,13347,3.0,3,,,,,,,,
,,,,,13350,3.0,3,,,,,,,,
,,,,,13353,3.0,3,,,,,,,,
,,,,,13356,3.0,3,,,,,,,,
,,,,,13359,3.0,3,,,,,,,,
,,,,,13364,5.0,5,,,,,,,,
,,,,,13367,3.0,3,,,,,,,,
,,,,,13370,3.0,3,,,,,,,,
,,,,,13373,3.0,3,,,,,,,,
,,,,,13376,3.0,3,,,,,,,,
,,,,,13379,3.0,3,,,,,,,,
,,,,,13382,3.0,3,,,,,,,,
,,,,,13385,3.0,3,,,,,,,,
,,,,,13388,3.0,3,,,,,,,,
,,,,,13391,3.0,3,,,,,,,,
,,,,,13394,3.0,3,,,,,,,,
,,,,,13397,3.0,3,,,,,,,,
,,,,,13400,3.0,3,,,,,,,,
,,,,,13403,3.0,3,,,,,,,,
,,,,,13406,3.0,3,,,,,,,,
,,,,,13409,3.0,3,,,,,,,,
,,,,,13412,3.0,3,,,,,,,,
,,,,,13415,3.0,3,,,,,,,,
,,,,,13418,3.0,3,,,,,,,,
,,,,,13421,3.0,3,,,,,,,,
,,,,,13425,4.0,4,,,,,,,,
,,,,,13428,3.0,3,,,,,,,,
,,,,,13431,3.0,3,,,,,,,,
,,,,,13434,3.0,3,,,,,,,,
,,,,,13438,4.0,4,,,,,,,,
,,,,,13442,4.0,4,,,,,,,,
,,,,,13446,4.0,4,,,,,,,,
,,,,,13449,3.0,3,,,,,,,,
,,,,,13452,3.0,3,,,,,,,,
,,,,,13455,3.0,3,,,,,,,,
,,,,,13458,3.0,3,,,,,,,,
,,,,,13462,4.0,4,,,,,,,,
,,,,,13465,3.0,3,,,,,,,,
,,,,,13468,3.0,3,,,,,,,,
,,,,,13471,3.0,3,,,,,,,,
,,,,,13474,3.0,3,,,,,,,,
,,,,,13477,3.0,3,,,,,,,,
,,,,,13480,3.0,3,,,,,,,,
,,,,,13483,3.0,3,,,,,,,,
,,,,,13486,3.0,3,,,,,,,,
,,,,,13489,3.0,3,,,,,,,,
,,,,,13492,3.0,3,,,,,,,,
,,,,,13495,3.0,3,,,,,,,,
,,,,,13498,3.0,3,,,,,,,,
,,,,,13501,3.0,3,,,,,,,,
,,,,,13504,3.0,3,,,,,,,,
,,,,,13507,3.0,3,,,,,,,,
,,,,,13510,3.0,3,,,,,,,,
,,,,,13513,3.0,3,,,,,,,,
,,,,,13516,3.0,3,,,,,,,,
,,,,,13519,3.0,3,,,,,,,,
,,,,,13522,3.0,3,,,,,,,,
,,,,,13525,3.0,3,,,,,,,,
,,,,,13528,3.0,3,,,,,,,,
,,,,,13531,3.0,3,,,,,,,,
,,,,,13534,3.0,3,,,,,,,,
,,,,,13538,4.0,4,,,,,,,,
,,,,,13541,3.0,3,,,,,,,,
,,,,,13544,3.0,3,,,,,,,,
,,,,,13547,3.0,3,,,,,,,,
,,,,,13550,3.0,3,,,,,,,,
,,,,,13553,3.0,3,,,,,,,,
,,,,,13556,3.0,3,,,,,,,,
,,,,,13559,3.0,3,,,,,,,,
,,,,,13562,3.0,3,,,,,,,,
,,,,,13566,4.0,4,,,,,,,,
,,,,,13569,3.0,3,,,,,,,,
,,,,,13572,3.0,3,,,,,,,,
,,,,,13576,4.0,4,,,,,,,,
,,,,,13579,3.0,3,,,,,,,,
,,,,,13582,3.0,3,,,,,,,,
,,,,,13585,3.0,3,,,,,,,,
,,,,,13588,3.0,3,,,,,,,,
,,,,,13592,4.0,4,,,,,,,,
,,,,,13595,3.0,3,,,,,,,,
,,,,,13598,3.0,3,,,,,,,,
,,,,,13601,3.0,3,,,,,,,,
,,,,,13604,3.0,3,,,,,,,,
,,,,,13607,3.0,3,,,,,,,,
,,,,,13610,3.0,3,,,,,,,,
,,,,,13613,3.0,3,,,,,,,,
,,,,,13616,3.0,3,,,,,,,,
,,,,,13619,3.0,3,,,,,,,,
,,,,,13622,3.0,3,,,,,,,,
,,,,,13625,3.0,3,,,,,,,,
,,,,,13628,3.0,3,,,,,,,,
,,,,,13631,3.0,3,,,,,,,,
,,,,,13634,3.0,3,,,,,,,,
,,,,,13637,3.0,3,,,,,,,,
,,,,,13642,5.0,5,,,,,,,,
,,,,,13645,3.0,3,,,,,,,,
,,,,,13648,3.0,3,,,,,,,,
,,,,,13653,5.0,5,,,,,,,,
,,,,,13656,3.0,3,,,,,,,,
,,,,,13659,3.0,3,,,,,,,,
,,,,,13662,3.0,3,,,,,,,,
,,,,,13666,4.0,4,,,,,,,,
,,,,,13669,3.0,3,,,,,,,,
,,,,,13672,3.0,3,,,,,,,,
,,,,,13679,7.0,7,,,,,,,,
,,,,,13682,3.0,3,,,,,,,,
,,,,,13685,3.0,3,,,,,,,,
,,,,,13689,4.0,4,,,,,,,,
,,,,,13692,3.0,3,,,,,,,,
,,,,,13695,3.0,3,,,,,,,,
,,,,,13699,4.0,4,,,,,,,,
,,,,,13704,5.0,5,,,,,,,,
,,,,,13707,3.0,3,,,,,,,,
,,,,,13710,3.0,3,,,,,,,,
,,,,,13714,4.0,4,,,,,,,,
,,,,,13717,3.0,3,,,,,,,,
,,,,,13720,3.0,3,,,,,,,,
,,,,,13723,3.0,3,,,,,,,,
,,,,,13726,3.0,3,,,,,,,,
,,,,,13729,3.0,3,,,,,,,,
,,,,,13732,3.0,3,,,,,,,,
,,,,,13735,3.0,3,,,,,,,,
,,,,,13738,3.0,3,,,,,,,,
,,,,,13741,3.0,3,,,,,,,,
,,,,,13744,3.0,3,,,,,,,,
,,,,,13748,4.0,4,,,,,,,,
,,,,,13751,3.0,3,,,,,,,,
,,,,,13756,5.0,5,,,,,,,,
,,,,,13759,3.0,3,,,,,,,,
,,,,,13762,3.0,3,,,,,,,,
,,,,,13765,3.0,3,,,,,,,,
,,,,,13768,3.0,3,,,,,,,,
,,,,,13771,3.0,3,,,,,,,,
,,,,,13774,3.0,3,,,,,,,,
,,,,,13777,3.0,3,,,,,,,,
,,,,,13780,3.0,3,,,,,,,,
,,,,,13783,3.0,3,,,,,,,,
,,,,,13786,3.0,3,,,,,,,,
,,,,,13789,3.0,3,,,,,,,,
,,,,,13792,3.0,3,,,,,,,,
,,,,,13795,3.0,3,,,,,,,,
,,,,,13798,3.0,3,,,,,,,,
,,,,,13803,5.0,5,,,,,,,,
,,,,,13807,4.0,4,,,,,,,,
,,,,,13810,3.0,3,,,,,,,,
,,,,,13813,3.0,3,,,,,,,,
,,,,,13817,4.0,4,,,,,,,,
,,,,,13821,4.0,4,,,,,,,,
,,,,,13824,3.0,3,,,,,,,,
,,,,,13831,7.0,7,,,,,,,,
,,,,,13838,7.0,7,,,,,,,,
,,,,,13841,3.0,3,,,,,,,,
,,,,,13844,3.0,3,,,,,,,,
,,,,,13849,5.0,5,,,,,,,,
,,,,,13852,3.0,3,,,,,,,,
,,,,,13855,3.0,3,,,,,,,,
,,,,,13859,4.0,4,,,,,,,,
,,,,,13862,3.0,3,,,,,,,,
,,,,,13866,4.0,4,,,,,,,,
,,,,,13869,3.0,3,,,,,,,,
,,,,,13872,3.0,3,,,,,,,,
,,,,,13875,3.0,3,,,,,,,,
,,,,,13878,3.0,3,,,,,,,,
,,,,,13882,4.0,4,,,,,,,,
,,,,,13885,3.0,3,,,,,,,,
,,,,,13890,5.0,5,,,,,,,,
,,,,,13893,3.0,3,,,,,,,,
,,,,,13896,3.0,3,,,,,,,,
,,,,,13899,3.0,3,,,,,,,,
,,,,,13902,3.0,3,,,,,,,,
,,,,,13905,3.0,3,,,,,,,,
,,,,,13910,5.0,5,,,,,,,,
,,,,,13913,3.0,3,,,,,,,,
,,,,,13921,8.0,8,,,,,,,,
,,,,,13924,3.0,3,,,,,,,,
,,,,,13927,3.0,3,,,,,,,,
,,,,,13931,4.0,4,,,,,,,,
,,,,,13937,6.0,6,,,,,,,,
,,,,,13940,3.0,3,,,,,,,,
,,,,,13943,3.0,3,,,,,,,,
,,,,,13946,3.0,3,,,,,,,,
,,,,,13949,3.0,3,,,,,,,,
,,,,,13952,3.0,3,,,,,,,,
,,,,,13955,3.0,3,,,,,,,,
,,,,,13958,3.0,3,,,,,,,,
,,,,,13961,3.0,3,,,,,,,,
,,,,,13964,3.0,3,,,,,,,,
,,,,,13968,4.0,4,,,,,,,,
,,,,,13971,3.0,3,,,,,,,,
,,,,,13974,3.0,3,,,,,,,,
,,,,,13978,4.0,4,,,,,,,,
,,,,,13981,3.0,3,,,,,,,,
,,,,,13984,3.0,3,,,,,,,,
,,,,,13987,3.0,3,,,,,,,,
,,,,,13990,3.0,3,,,,,,,,
,,,,,13993,3.0,3,,,,,,,,
,,,,,13998,5.0,5,,,,,,,,
,,,,,14000,,,-0.012040129862725735,-0.1204013004899025,0.3760020434856415,3.2292544841766357,3.2052972316741943,0.0003,0.0003,0.1
,,,,,14002,4.0,4,,,,,,,,
,,,,,14006,4.0,4,,,,,,,,
,,,,,14009,3.0,3,,,,,,,,
,,,,,14012,3.0,3,,,,,,,,
,,,,,14015,3.0,3,,,,,,,,
,,,,,14018,3.0,3,,,,,,,,
,,,,,14021,3.0,3,,,,,,,,
,,,,,14024,3.0,3,,,,,,,,
,,,,,14027,3.0,3,,,,,,,,
,,,,,14032,5.0,5,,,,,,,,
,,,,,14035,3.0,3,,,,,,,,
,,,,,14038,3.0,3,,,,,,,,
,,,,,14041,3.0,3,,,,,,,,
,,,,,14044,3.0,3,,,,,,,,
,,,,,14047,3.0,3,,,,,,,,
,,,,,14050,3.0,3,,,,,,,,
,,,,,14053,3.0,3,,,,,,,,
,,,,,14056,3.0,3,,,,,,,,
,,,,,14059,3.0,3,,,,,,,,
,,,,,14062,3.0,3,,,,,,,,
,,,,,14065,3.0,3,,,,,,,,
,,,,,14068,3.0,3,,,,,,,,
,,,,,14072,4.0,4,,,,,,,,
,,,,,14075,3.0,3,,,,,,,,
,,,,,14078,3.0,3,,,,,,,,
,,,,,14082,4.0,4,,,,,,,,
,,,,,14085,3.0,3,,,,,,,,
,,,,,14089,4.0,4,,,,,,,,
,,,,,14092,3.0,3,,,,,,,,
,,,,,14096,4.0,4,,,,,,,,
,,,,,14099,3.0,3,,,,,,,,
,,,,,14102,3.0,3,,,,,,,,
,,,,,14105,3.0,3,,,,,,,,
,,,,,14108,3.0,3,,,,,,,,
,,,,,14111,3.0,3,,,,,,,,
,,,,,14114,3.0,3,,,,,,,,
,,,,,14118,4.0,4,,,,,,,,
,,,,,14121,3.0,3,,,,,,,,
,,,,,14125,4.0,4,,,,,,,,
,,,,,14128,3.0,3,,,,,,,,
,,,,,14131,3.0,3,,,,,,,,
,,,,,14134,3.0,3,,,,,,,,
,,,,,14138,4.0,4,,,,,,,,
,,,,,14141,3.0,3,,,,,,,,
,,,,,14144,3.0,3,,,,,,,,
,,,,,14147,3.0,3,,,,,,,,
,,,,,14150,3.0,3,,,,,,,,
,,,,,14153,3.0,3,,,,,,,,
,,,,,14156,3.0,3,,,,,,,,
,,,,,14159,3.0,3,,,,,,,,
,,,,,14162,3.0,3,,,,,,,,
,,,,,14166,4.0,4,,,,,,,,
,,,,,14170,4.0,4,,,,,,,,
,,,,,14173,3.0,3,,,,,,,,
,,,,,14176,3.0,3,,,,,,,,
,,,,,14179,3.0,3,,,,,,,,
,,,,,14182,3.0,3,,,,,,,,
,,,,,14185,3.0,3,,,,,,,,
,,,,,14188,3.0,3,,,,,,,,
,,,,,14191,3.0,3,,,,,,,,
,,,,,14195,4.0,4,,,,,,,,
,,,,,14198,3.0,3,,,,,,,,
,,,,,14201,3.0,3,,,,,,,,
,,,,,14204,3.0,3,,,,,,,,
,,,,,14208,4.0,4,,,,,,,,
,,,,,14211,3.0,3,,,,,,,,
,,,,,14215,4.0,4,,,,,,,,
,,,,,14218,3.0,3,,,,,,,,
,,,,,14221,3.0,3,,,,,,,,
,,,,,14224,3.0,3,,,,,,,,
,,,,,14228,4.0,4,,,,,,,,
,,,,,14231,3.0,3,,,,,,,,
,,,,,14235,4.0,4,,,,,,,,
,,,,,14238,3.0,3,,,,,,,,
,,,,,14241,3.0,3,,,,,,,,
,,,,,14244,3.0,3,,,,,,,,
,,,,,14247,3.0,3,,,,,,,,
,,,,,14250,3.0,3,,,,,,,,
,,,,,14253,3.0,3,,,,,,,,
,,,,,14256,3.0,3,,,,,,,,
,,,,,14259,3.0,3,,,,,,,,
,,,,,14262,3.0,3,,,,,,,,
,,,,,14265,3.0,3,,,,,,,,
,,,,,14268,3.0,3,,,,,,,,
,,,,,14271,3.0,3,,,,,,,,
,,,,,14274,3.0,3,,,,,,,,
,,,,,14277,3.0,3,,,,,,,,
,,,,,14281,4.0,4,,,,,,,,
,,,,,14285,4.0,4,,,,,,,,
,,,,,14288,3.0,3,,,,,,,,
,,,,,14291,3.0,3,,,,,,,,
,,,,,14294,3.0,3,,,,,,,,
,,,,,14297,3.0,3,,,,,,,,
,,,,,14300,3.0,3,,,,,,,,
,,,,,14303,3.0,3,,,,,,,,
,,,,,14306,3.0,3,,,,,,,,
,,,,,14309,3.0,3,,,,,,,,
,,,,,14312,3.0,3,,,,,,,,
,,,,,14315,3.0,3,,,,,,,,
,,,,,14318,3.0,3,,,,,,,,
,,,,,14321,3.0,3,,,,,,,,
,,,,,14324,3.0,3,,,,,,,,
,,,,,14327,3.0,3,,,,,,,,
,,,,,14330,3.0,3,,,,,,,,
,,,,,14333,3.0,3,,,,,,,,
,,,,,14336,3.0,3,,,,,,,,
,,,,,14339,3.0,3,,,,,,,,
,,,,,14342,3.0,3,,,,,,,,
,,,,,14345,3.0,3,,,,,,,,
,,,,,14348,3.0,3,,,,,,,,
,,,,,14351,3.0,3,,,,,,,,
,,,,,14354,3.0,3,,,,,,,,
,,,,,14357,3.0,3,,,,,,,,
,,,,,14360,3.0,3,,,,,,,,
,,,,,14363,3.0,3,,,,,,,,
,,,,,14366,3.0,3,,,,,,,,
,,,,,14369,3.0,3,,,,,,,,
,,,,,14372,3.0,3,,,,,,,,
,,,,,14375,3.0,3,,,,,,,,
,,,,,14378,3.0,3,,,,,,,,
,,,,,14381,3.0,3,,,,,,,,
,,,,,14384,3.0,3,,,,,,,,
,,,,,14387,3.0,3,,,,,,,,
,,,,,14390,3.0,3,,,,,,,,
,,,,,14393,3.0,3,,,,,,,,
,,,,,14396,3.0,3,,,,,,,,
,,,,,14399,3.0,3,,,,,,,,
,,,,,14403,4.0,4,,,,,,,,
,,,,,14406,3.0,3,,,,,,,,
,,,,,14409,3.0,3,,,,,,,,
,,,,,14412,3.0,3,,,,,,,,
,,,,,14415,3.0,3,,,,,,,,
,,,,,14418,3.0,3,,,,,,,,
,,,,,14421,3.0,3,,,,,,,,
,,,,,14424,3.0,3,,,,,,,,
,,,,,14427,3.0,3,,,,,,,,
,,,,,14430,3.0,3,,,,,,,,
,,,,,14433,3.0,3,,,,,,,,
,,,,,14436,3.0,3,,,,,,,,
,,,,,14439,3.0,3,,,,,,,,
,,,,,14442,3.0,3,,,,,,,,
,,,,,14445,3.0,3,,,,,,,,
,,,,,14448,3.0,3,,,,,,,,
,,,,,14451,3.0,3,,,,,,,,
,,,,,14454,3.0,3,,,,,,,,
,,,,,14457,3.0,3,,,,,,,,
,,,,,14460,3.0,3,,,,,,,,
,,,,,14463,3.0,3,,,,,,,,
,,,,,14466,3.0,3,,,,,,,,
,,,,,14469,3.0,3,,,,,,,,
,,,,,14472,3.0,3,,,,,,,,
,,,,,14475,3.0,3,,,,,,,,
,,,,,14478,3.0,3,,,,,,,,
,,,,,14481,3.0,3,,,,,,,,
,,,,,14484,3.0,3,,,,,,,,
,,,,,14487,3.0,3,,,,,,,,
,,,,,14490,3.0,3,,,,,,,,
,,,,,14493,3.0,3,,,,,,,,
,,,,,14496,3.0,3,,,,,,,,
,,,,,14499,3.0,3,,,,,,,,
,,,,,14502,3.0,3,,,,,,,,
,,,,,14505,3.0,3,,,,,,,,
,,,,,14508,3.0,3,,,,,,,,
,,,,,14511,3.0,3,,,,,,,,
,,,,,14514,3.0,3,,,,,,,,
,,,,,14517,3.0,3,,,,,,,,
,,,,,14520,3.0,3,,,,,,,,
,,,,,14523,3.0,3,,,,,,,,
,,,,,14526,3.0,3,,,,,,,,
,,,,,14529,3.0,3,,,,,,,,
,,,,,14532,3.0,3,,,,,,,,
,,,,,14535,3.0,3,,,,,,,,
,,,,,14538,3.0,3,,,,,,,,
,,,,,14541,3.0,3,,,,,,,,
,,,,,14544,3.0,3,,,,,,,,
,,,,,14547,3.0,3,,,,,,,,
,,,,,14550,3.0,3,,,,,,,,
,,,,,14554,4.0,4,,,,,,,,
,,,,,14557,3.0,3,,,,,,,,
,,,,,14561,4.0,4,,,,,,,,
,,,,,14564,3.0,3,,,,,,,,
,,,,,14567,3.0,3,,,,,,,,
,,,,,14570,3.0,3,,,,,,,,
,,,,,14573,3.0,3,,,,,,,,
,,,,,14576,3.0,3,,,,,,,,
,,,,,14579,3.0,3,,,,,,,,
,,,,,14583,4.0,4,,,,,,,,
,,,,,14586,3.0,3,,,,,,,,
,,,,,14589,3.0,3,,,,,,,,
,,,,,14593,4.0,4,,,,,,,,
,,,,,14596,3.0,3,,,,,,,,
,,,,,14599,3.0,3,,,,,,,,
,,,,,14602,3.0,3,,,,,,,,
,,,,,14605,3.0,3,,,,,,,,
,,,,,14608,3.0,3,,,,,,,,
,,,,,14611,3.0,3,,,,,,,,
,,,,,14614,3.0,3,,,,,,,,
,,,,,14617,3.0,3,,,,,,,,
,,,,,14620,3.0,3,,,,,,,,
,,,,,14623,3.0,3,,,,,,,,
,,,,,14626,3.0,3,,,,,,,,
,,,,,14629,3.0,3,,,,,,,,
,,,,,14636,7.0,7,,,,,,,,
,,,,,14639,3.0,3,,,,,,,,
,,,,,14642,3.0,3,,,,,,,,
,,,,,14645,3.0,3,,,,,,,,
,,,,,14648,3.0,3,,,,,,,,
,,,,,14651,3.0,3,,,,,,,,
,,,,,14654,3.0,3,,,,,,,,
,,,,,14657,3.0,3,,,,,,,,
,,,,,14660,3.0,3,,,,,,,,
,,,,,14663,3.0,3,,,,,,,,
,,,,,14666,3.0,3,,,,,,,,
,,,,,14669,3.0,3,,,,,,,,
,,,,,14672,3.0,3,,,,,,,,
,,,,,14675,3.0,3,,,,,,,,
,,,,,14678,3.0,3,,,,,,,,
,,,,,14681,3.0,3,,,,,,,,
,,,,,14684,3.0,3,,,,,,,,
,,,,,14687,3.0,3,,,,,,,,
,,,,,14690,3.0,3,,,,,,,,
,,,,,14693,3.0,3,,,,,,,,
,,,,,14696,3.0,3,,,,,,,,
,,,,,14699,3.0,3,,,,,,,,
,,,,,14702,3.0,3,,,,,,,,
,,,,,14705,3.0,3,,,,,,,,
,,,,,14708,3.0,3,,,,,,,,
,,,,,14711,3.0,3,,,,,,,,
,,,,,14715,4.0,4,,,,,,,,
,,,,,14718,3.0,3,,,,,,,,
,,,,,14721,3.0,3,,,,,,,,
,,,,,14724,3.0,3,,,,,,,,
,,,,,14727,3.0,3,,,,,,,,
,,,,,14730,3.0,3,,,,,,,,
,,,,,14733,3.0,3,,,,,,,,
,,,,,14736,3.0,3,,,,,,,,
,,,,,14739,3.0,3,,,,,,,,
,,,,,14742,3.0,3,,,,,,,,
,,,,,14745,3.0,3,,,,,,,,
,,,,,14748,3.0,3,,,,,,,,
,,,,,14751,3.0,3,,,,,,,,
,,,,,14754,3.0,3,,,,,,,,
,,,,,14757,3.0,3,,,,,,,,
,,,,,14760,3.0,3,,,,,,,,
,,,,,14763,3.0,3,,,,,,,,
,,,,,14766,3.0,3,,,,,,,,
,,,,,14769,3.0,3,,,,,,,,
,,,,,14772,3.0,3,,,,,,,,
,,,,,14775,3.0,3,,,,,,,,
,,,,,14778,3.0,3,,,,,,,,
,,,,,14781,3.0,3,,,,,,,,
,,,,,14784,3.0,3,,,,,,,,
,,,,,14787,3.0,3,,,,,,,,
,,,,,14790,3.0,3,,,,,,,,
,,,,,14793,3.0,3,,,,,,,,
,,,,,14796,3.0,3,,,,,,,,
,,,,,14799,3.0,3,,,,,,,,
,,,,,14802,3.0,3,,,,,,,,
,,,,,14805,3.0,3,,,,,,,,
,,,,,14808,3.0,3,,,,,,,,
,,,,,14811,3.0,3,,,,,,,,
,,,,,14814,3.0,3,,,,,,,,
,,,,,14817,3.0,3,,,,,,,,
,,,,,14820,3.0,3,,,,,,,,
,,,,,14823,3.0,3,,,,,,,,
,,,,,14826,3.0,3,,,,,,,,
,,,,,14829,3.0,3,,,,,,,,
,,,,,14832,3.0,3,,,,,,,,
,,,,,14835,3.0,3,,,,,,,,
,,,,,14838,3.0,3,,,,,,,,
,,,,,14841,3.0,3,,,,,,,,
,,,,,14844,3.0,3,,,,,,,,
,,,,,14847,3.0,3,,,,,,,,
,,,,,14850,3.0,3,,,,,,,,
,,,,,14853,3.0,3,,,,,,,,
,,,,,14856,3.0,3,,,,,,,,
,,,,,14859,3.0,3,,,,,,,,
,,,,,14862,3.0,3,,,,,,,,
,,,,,14865,3.0,3,,,,,,,,
,,,,,14868,3.0,3,,,,,,,,
,,,,,14871,3.0,3,,,,,,,,
,,,,,14874,3.0,3,,,,,,,,
,,,,,14877,3.0,3,,,,,,,,
,,,,,14880,3.0,3,,,,,,,,
,,,,,14883,3.0,3,,,,,,,,
,,,,,14887,4.0,4,,,,,,,,
,,,,,14890,3.0,3,,,,,,,,
,,,,,14893,3.0,3,,,,,,,,
,,,,,14896,3.0,3,,,,,,,,
,,,,,14899,3.0,3,,,,,,,,
,,,,,14902,3.0,3,,,,,,,,
,,,,,14905,3.0,3,,,,,,,,
,,,,,14908,3.0,3,,,,,,,,
,,,,,14911,3.0,3,,,,,,,,
,,,,,14914,3.0,3,,,,,,,,
,,,,,14917,3.0,3,,,,,,,,
,,,,,14920,3.0,3,,,,,,,,
,,,,,14923,3.0,3,,,,,,,,
,,,,,14926,3.0,3,,,,,,,,
,,,,,14929,3.0,3,,,,,,,,
,,,,,14932,3.0,3,,,,,,,,
,,,,,14935,3.0,3,,,,,,,,
,,,,,14938,3.0,3,,,,,,,,
,,,,,14941,3.0,3,,,,,,,,
,,,,,14944,3.0,3,,,,,,,,
,,,,,14947,3.0,3,,,,,,,,
,,,,,14950,3.0,3,,,,,,,,
,,,,,14953,3.0,3,,,,,,,,
,,,,,14956,3.0,3,,,,,,,,
,,,,,14959,3.0,3,,,,,,,,
,,,,,14962,3.0,3,,,,,,,,
,,,,,14965,3.0,3,,,,,,,,
,,,,,14968,3.0,3,,,,,,,,
,,,,,14971,3.0,3,,,,,,,,
,,,,,14974,3.0,3,,,,,,,,
,,,,,14977,3.0,3,,,,,,,,
,,,,,14980,3.0,3,,,,,,,,
,,,,,14983,3.0,3,,,,,,,,
,,,,,14986,3.0,3,,,,,,,,
,,,,,14989,3.0,3,,,,,,,,
,,,,,14992,3.0,3,,,,,,,,
,,,,,14995,3.0,3,,,,,,,,
,,,,,14998,3.0,3,,,,,,,,
3.0,0.0,3.0,3.0,3.0,15000,,,0.07718365639448166,0.771836519241333,0.2681112587451935,3.193819999694824,3.1404531002044678,0.0003,0.0003,0.1
,,,,,15001,3.0,3,,,,,,,,
,,,,,15004,3.0,3,,,,,,,,
,,,,,15007,3.0,3,,,,,,,,
,,,,,15010,3.0,3,,,,,,,,
,,,,,15013,3.0,3,,,,,,,,
,,,,,15016,3.0,3,,,,,,,,
,,,,,15019,3.0,3,,,,,,,,
,,,,,15022,3.0,3,,,,,,,,
,,,,,15025,3.0,3,,,,,,,,
,,,,,15028,3.0,3,,,,,,,,
,,,,,15031,3.0,3,,,,,,,,
,,,,,15034,3.0,3,,,,,,,,
,,,,,15037,3.0,3,,,,,,,,
,,,,,15040,3.0,3,,,,,,,,
,,,,,15043,3.0,3,,,,,,,,
,,,,,15046,3.0,3,,,,,,,,
,,,,,15049,3.0,3,,,,,,,,
,,,,,15052,3.0,3,,,,,,,,
,,,,,15055,3.0,3,,,,,,,,
,,,,,15058,3.0,3,,,,,,,,
,,,,,15061,3.0,3,,,,,,,,
,,,,,15064,3.0,3,,,,,,,,
,,,,,15067,3.0,3,,,,,,,,
,,,,,15070,3.0,3,,,,,,,,
,,,,,15073,3.0,3,,,,,,,,
,,,,,15076,3.0,3,,,,,,,,
,,,,,15079,3.0,3,,,,,,,,
,,,,,15082,3.0,3,,,,,,,,
,,,,,15085,3.0,3,,,,,,,,
,,,,,15088,3.0,3,,,,,,,,
,,,,,15091,3.0,3,,,,,,,,
,,,,,15094,3.0,3,,,,,,,,
,,,,,15097,3.0,3,,,,,,,,
,,,,,15100,3.0,3,,,,,,,,
,,,,,15103,3.0,3,,,,,,,,
,,,,,15108,5.0,5,,,,,,,,
,,,,,15112,4.0,4,,,,,,,,
,,,,,15115,3.0,3,,,,,,,,
,,,,,15118,3.0,3,,,,,,,,
,,,,,15121,3.0,3,,,,,,,,
,,,,,15124,3.0,3,,,,,,,,
,,,,,15127,3.0,3,,,,,,,,
,,,,,15130,3.0,3,,,,,,,,
,,,,,15133,3.0,3,,,,,,,,
,,,,,15137,4.0,4,,,,,,,,
,,,,,15140,3.0,3,,,,,,,,
,,,,,15143,3.0,3,,,,,,,,
,,,,,15146,3.0,3,,,,,,,,
,,,,,15149,3.0,3,,,,,,,,
,,,,,15152,3.0,3,,,,,,,,
,,,,,15155,3.0,3,,,,,,,,
,,,,,15158,3.0,3,,,,,,,,
,,,,,15161,3.0,3,,,,,,,,
,,,,,15164,3.0,3,,,,,,,,
,,,,,15167,3.0,3,,,,,,,,
,,,,,15170,3.0,3,,,,,,,,
,,,,,15176,6.0,6,,,,,,,,
,,,,,15179,3.0,3,,,,,,,,
,,,,,15182,3.0,3,,,,,,,,
,,,,,15186,4.0,4,,,,,,,,
,,,,,15190,4.0,4,,,,,,,,
,,,,,15193,3.0,3,,,,,,,,
,,,,,15196,3.0,3,,,,,,,,
,,,,,15199,3.0,3,,,,,,,,
,,,,,15202,3.0,3,,,,,,,,
,,,,,15205,3.0,3,,,,,,,,
,,,,,15208,3.0,3,,,,,,,,
,,,,,15211,3.0,3,,,,,,,,
,,,,,15214,3.0,3,,,,,,,,
,,,,,15217,3.0,3,,,,,,,,
,,,,,15220,3.0,3,,,,,,,,
,,,,,15223,3.0,3,,,,,,,,
,,,,,15226,3.0,3,,,,,,,,
,,,,,15229,3.0,3,,,,,,,,
,,,,,15232,3.0,3,,,,,,,,
,,,,,15235,3.0,3,,,,,,,,
,,,,,15238,3.0,3,,,,,,,,
,,,,,15241,3.0,3,,,,,,,,
,,,,,15244,3.0,3,,,,,,,,
,,,,,15247,3.0,3,,,,,,,,
,,,,,15250,3.0,3,,,,,,,,
,,,,,15253,3.0,3,,,,,,,,
,,,,,15256,3.0,3,,,,,,,,
,,,,,15259,3.0,3,,,,,,,,
,,,,,15262,3.0,3,,,,,,,,
,,,,,15265,3.0,3,,,,,,,,
,,,,,15268,3.0,3,,,,,,,,
,,,,,15271,3.0,3,,,,,,,,
,,,,,15274,3.0,3,,,,,,,,
,,,,,15277,3.0,3,,,,,,,,
,,,,,15280,3.0,3,,,,,,,,
,,,,,15283,3.0,3,,,,,,,,
,,,,,15286,3.0,3,,,,,,,,
,,,,,15289,3.0,3,,,,,,,,
,,,,,15292,3.0,3,,,,,,,,
,,,,,15295,3.0,3,,,,,,,,
,,,,,15298,3.0,3,,,,,,,,
,,,,,15301,3.0,3,,,,,,,,
,,,,,15304,3.0,3,,,,,,,,
,,,,,15307,3.0,3,,,,,,,,
,,,,,15310,3.0,3,,,,,,,,
,,,,,15313,3.0,3,,,,,,,,
,,,,,15316,3.0,3,,,,,,,,
,,,,,15319,3.0,3,,,,,,,,
,,,,,15322,3.0,3,,,,,,,,
,,,,,15325,3.0,3,,,,,,,,
,,,,,15328,3.0,3,,,,,,,,
,,,,,15331,3.0,3,,,,,,,,
,,,,,15334,3.0,3,,,,,,,,
,,,,,15337,3.0,3,,,,,,,,
,,,,,15340,3.0,3,,,,,,,,
,,,,,15343,3.0,3,,,,,,,,
,,,,,15346,3.0,3,,,,,,,,
,,,,,15349,3.0,3,,,,,,,,
,,,,,15352,3.0,3,,,,,,,,
,,,,,15355,3.0,3,,,,,,,,
,,,,,15358,3.0,3,,,,,,,,
,,,,,15361,3.0,3,,,,,,,,
,,,,,15364,3.0,3,,,,,,,,
,,,,,15367,3.0,3,,,,,,,,
,,,,,15370,3.0,3,,,,,,,,
,,,,,15374,4.0,4,,,,,,,,
,,,,,15377,3.0,3,,,,,,,,
,,,,,15380,3.0,3,,,,,,,,
,,,,,15383,3.0,3,,,,,,,,
,,,,,15386,3.0,3,,,,,,,,
,,,,,15389,3.0,3,,,,,,,,
,,,,,15392,3.0,3,,,,,,,,
,,,,,15395,3.0,3,,,,,,,,
,,,,,15398,3.0,3,,,,,,,,
,,,,,15401,3.0,3,,,,,,,,
,,,,,15405,4.0,4,,,,,,,,
,,,,,15408,3.0,3,,,,,,,,
,,,,,15411,3.0,3,,,,,,,,
,,,,,15414,3.0,3,,,,,,,,
,,,,,15417,3.0,3,,,,,,,,
,,,,,15420,3.0,3,,,,,,,,
,,,,,15423,3.0,3,,,,,,,,
,,,,,15426,3.0,3,,,,,,,,
,,,,,15429,3.0,3,,,,,,,,
,,,,,15432,3.0,3,,,,,,,,
,,,,,15435,3.0,3,,,,,,,,
,,,,,15438,3.0,3,,,,,,,,
,,,,,15441,3.0,3,,,,,,,,
,,,,,15444,3.0,3,,,,,,,,
,,,,,15447,3.0,3,,,,,,,,
,,,,,15451,4.0,4,,,,,,,,
,,,,,15454,3.0,3,,,,,,,,
,,,,,15457,3.0,3,,,,,,,,
,,,,,15460,3.0,3,,,,,,,,
,,,,,15463,3.0,3,,,,,,,,
,,,,,15466,3.0,3,,,,,,,,
,,,,,15469,3.0,3,,,,,,,,
,,,,,15472,3.0,3,,,,,,,,
,,,,,15475,3.0,3,,,,,,,,
,,,,,15478,3.0,3,,,,,,,,
,,,,,15481,3.0,3,,,,,,,,
,,,,,15484,3.0,3,,,,,,,,
,,,,,15487,3.0,3,,,,,,,,
,,,,,15490,3.0,3,,,,,,,,
,,,,,15493,3.0,3,,,,,,,,
,,,,,15496,3.0,3,,,,,,,,
,,,,,15499,3.0,3,,,,,,,,
,,,,,15502,3.0,3,,,,,,,,
,,,,,15505,3.0,3,,,,,,,,
,,,,,15508,3.0,3,,,,,,,,
,,,,,15511,3.0,3,,,,,,,,
,,,,,15514,3.0,3,,,,,,,,
,,,,,15517,3.0,3,,,,,,,,
,,,,,15520,3.0,3,,,,,,,,
,,,,,15523,3.0,3,,,,,,,,
,,,,,15526,3.0,3,,,,,,,,
,,,,,15529,3.0,3,,,,,,,,
,,,,,15532,3.0,3,,,,,,,,
,,,,,15535,3.0,3,,,,,,,,
,,,,,15538,3.0,3,,,,,,,,
,,,,,15541,3.0,3,,,,,,,,
,,,,,15544,3.0,3,,,,,,,,
,,,,,15547,3.0,3,,,,,,,,
,,,,,15550,3.0,3,,,,,,,,
,,,,,15553,3.0,3,,,,,,,,
,,,,,15556,3.0,3,,,,,,,,
,,,,,15559,3.0,3,,,,,,,,
,,,,,15562,3.0,3,,,,,,,,
,,,,,15565,3.0,3,,,,,,,,
,,,,,15568,3.0,3,,,,,,,,
,,,,,15571,3.0,3,,,,,,,,
,,,,,15574,3.0,3,,,,,,,,
,,,,,15577,3.0,3,,,,,,,,
,,,,,15580,3.0,3,,,,,,,,
,,,,,15583,3.0,3,,,,,,,,
,,,,,15586,3.0,3,,,,,,,,
,,,,,15589,3.0,3,,,,,,,,
,,,,,15593,4.0,4,,,,,,,,
,,,,,15596,3.0,3,,,,,,,,
,,,,,15599,3.0,3,,,,,,,,
,,,,,15602,3.0,3,,,,,,,,
,,,,,15605,3.0,3,,,,,,,,
,,,,,15608,3.0,3,,,,,,,,
,,,,,15611,3.0,3,,,,,,,,
,,,,,15614,3.0,3,,,,,,,,
,,,,,15617,3.0,3,,,,,,,,
,,,,,15620,3.0,3,,,,,,,,
,,,,,15623,3.0,3,,,,,,,,
,,,,,15626,3.0,3,,,,,,,,
,,,,,15629,3.0,3,,,,,,,,
,,,,,15632,3.0,3,,,,,,,,
,,,,,15635,3.0,3,,,,,,,,
,,,,,15638,3.0,3,,,,,,,,
,,,,,15641,3.0,3,,,,,,,,
,,,,,15644,3.0,3,,,,,,,,
,,,,,15647,3.0,3,,,,,,,,
,,,,,15650,3.0,3,,,,,,,,
,,,,,15653,3.0,3,,,,,,,,
,,,,,15656,3.0,3,,,,,,,,
,,,,,15659,3.0,3,,,,,,,,
,,,,,15662,3.0,3,,,,,,,,
,,,,,15665,3.0,3,,,,,,,,
,,,,,15668,3.0,3,,,,,,,,
,,,,,15671,3.0,3,,,,,,,,
,,,,,15674,3.0,3,,,,,,,,
,,,,,15677,3.0,3,,,,,,,,
,,,,,15680,3.0,3,,,,,,,,
,,,,,15683,3.0,3,,,,,,,,
,,,,,15686,3.0,3,,,,,,,,
,,,,,15689,3.0,3,,,,,,,,
,,,,,15692,3.0,3,,,,,,,,
,,,,,15695,3.0,3,,,,,,,,
,,,,,15698,3.0,3,,,,,,,,
,,,,,15701,3.0,3,,,,,,,,
,,,,,15704,3.0,3,,,,,,,,
,,,,,15707,3.0,3,,,,,,,,
,,,,,15710,3.0,3,,,,,,,,
,,,,,15713,3.0,3,,,,,,,,
,,,,,15716,3.0,3,,,,,,,,
,,,,,15719,3.0,3,,,,,,,,
,,,,,15722,3.0,3,,,,,,,,
,,,,,15725,3.0,3,,,,,,,,
,,,,,15728,3.0,3,,,,,,,,
,,,,,15731,3.0,3,,,,,,,,
,,,,,15734,3.0,3,,,,,,,,
,,,,,15737,3.0,3,,,,,,,,
,,,,,15740,3.0,3,,,,,,,,
,,,,,15743,3.0,3,,,,,,,,
,,,,,15746,3.0,3,,,,,,,,
,,,,,15749,3.0,3,,,,,,,,
,,,,,15752,3.0,3,,,,,,,,
,,,,,15755,3.0,3,,,,,,,,
,,,,,15758,3.0,3,,,,,,,,
,,,,,15761,3.0,3,,,,,,,,
,,,,,15764,3.0,3,,,,,,,,
,,,,,15767,3.0,3,,,,,,,,
,,,,,15770,3.0,3,,,,,,,,
,,,,,15773,3.0,3,,,,,,,,
,,,,,15776,3.0,3,,,,,,,,
,,,,,15779,3.0,3,,,,,,,,
,,,,,15782,3.0,3,,,,,,,,
,,,,,15785,3.0,3,,,,,,,,
,,,,,15788,3.0,3,,,,,,,,
,,,,,15791,3.0,3,,,,,,,,
,,,,,15794,3.0,3,,,,,,,,
,,,,,15797,3.0,3,,,,,,,,
,,,,,15800,3.0,3,,,,,,,,
,,,,,15803,3.0,3,,,,,,,,
,,,,,15806,3.0,3,,,,,,,,
,,,,,15809,3.0,3,,,,,,,,
,,,,,15812,3.0,3,,,,,,,,
,,,,,15815,3.0,3,,,,,,,,
,,,,,15818,3.0,3,,,,,,,,
,,,,,15821,3.0,3,,,,,,,,
,,,,,15824,3.0,3,,,,,,,,
,,,,,15827,3.0,3,,,,,,,,
,,,,,15830,3.0,3,,,,,,,,
,,,,,15833,3.0,3,,,,,,,,
,,,,,15836,3.0,3,,,,,,,,
,,,,,15839,3.0,3,,,,,,,,
,,,,,15842,3.0,3,,,,,,,,
,,,,,15845,3.0,3,,,,,,,,
,,,,,15848,3.0,3,,,,,,,,
,,,,,15851,3.0,3,,,,,,,,
,,,,,15854,3.0,3,,,,,,,,
,,,,,15858,4.0,4,,,,,,,,
,,,,,15861,3.0,3,,,,,,,,
,,,,,15864,3.0,3,,,,,,,,
,,,,,15867,3.0,3,,,,,,,,
,,,,,15870,3.0,3,,,,,,,,
,,,,,15873,3.0,3,,,,,,,,
,,,,,15876,3.0,3,,,,,,,,
,,,,,15879,3.0,3,,,,,,,,
,,,,,15882,3.0,3,,,,,,,,
,,,,,15885,3.0,3,,,,,,,,
,,,,,15888,3.0,3,,,,,,,,
,,,,,15891,3.0,3,,,,,,,,
,,,,,15894,3.0,3,,,,,,,,
,,,,,15897,3.0,3,,,,,,,,
,,,,,15900,3.0,3,,,,,,,,
,,,,,15903,3.0,3,,,,,,,,
,,,,,15906,3.0,3,,,,,,,,
,,,,,15909,3.0,3,,,,,,,,
,,,,,15912,3.0,3,,,,,,,,
,,,,,15916,4.0,4,,,,,,,,
,,,,,15920,4.0,4,,,,,,,,
,,,,,15923,3.0,3,,,,,,,,
,,,,,15926,3.0,3,,,,,,,,
,,,,,15929,3.0,3,,,,,,,,
,,,,,15932,3.0,3,,,,,,,,
,,,,,15935,3.0,3,,,,,,,,
,,,,,15938,3.0,3,,,,,,,,
,,,,,15941,3.0,3,,,,,,,,
,,,,,15944,3.0,3,,,,,,,,
,,,,,15947,3.0,3,,,,,,,,
,,,,,15950,3.0,3,,,,,,,,
,,,,,15954,4.0,4,,,,,,,,
,,,,,15957,3.0,3,,,,,,,,
,,,,,15960,3.0,3,,,,,,,,
,,,,,15963,3.0,3,,,,,,,,
,,,,,15966,3.0,3,,,,,,,,
,,,,,15970,4.0,4,,,,,,,,
,,,,,15973,3.0,3,,,,,,,,
,,,,,15976,3.0,3,,,,,,,,
,,,,,15979,3.0,3,,,,,,,,
,,,,,15982,3.0,3,,,,,,,,
,,,,,15985,3.0,3,,,,,,,,
,,,,,15988,3.0,3,,,,,,,,
,,,,,15991,3.0,3,,,,,,,,
,,,,,15994,3.0,3,,,,,,,,
,,,,,15997,3.0,3,,,,,,,,
,,,,,16000,3.0,3,,,,,,,,
,,,,,16000,,,0.04870657995343208,0.48706579208374023,0.2667540907859802,3.2802140712738037,3.1887612342834473,0.0003,0.0003,0.1
,,,,,16003,3.0,3,,,,,,,,
,,,,,16006,3.0,3,,,,,,,,
,,,,,16009,3.0,3,,,,,,,,
,,,,,16013,4.0,4,,,,,,,,
,,,,,16016,3.0,3,,,,,,,,
,,,,,16019,3.0,3,,,,,,,,
,,,,,16023,4.0,4,,,,,,,,
,,,,,16026,3.0,3,,,,,,,,
,,,,,16029,3.0,3,,,,,,,,
,,,,,16032,3.0,3,,,,,,,,
,,,,,16035,3.0,3,,,,,,,,
,,,,,16038,3.0,3,,,,,,,,
,,,,,16041,3.0,3,,,,,,,,
,,,,,16044,3.0,3,,,,,,,,
,,,,,16047,3.0,3,,,,,,,,
,,,,,16050,3.0,3,,,,,,,,
,,,,,16053,3.0,3,,,,,,,,
,,,,,16056,3.0,3,,,,,,,,
,,,,,16059,3.0,3,,,,,,,,
,,,,,16062,3.0,3,,,,,,,,
,,,,,16065,3.0,3,,,,,,,,
,,,,,16068,3.0,3,,,,,,,,
,,,,,16071,3.0,3,,,,,,,,
,,,,,16075,4.0,4,,,,,,,,
,,,,,16078,3.0,3,,,,,,,,
,,,,,16082,4.0,4,,,,,,,,
,,,,,16085,3.0,3,,,,,,,,
,,,,,16088,3.0,3,,,,,,,,
,,,,,16091,3.0,3,,,,,,,,
,,,,,16094,3.0,3,,,,,,,,
,,,,,16099,5.0,5,,,,,,,,
,,,,,16102,3.0,3,,,,,,,,
,,,,,16105,3.0,3,,,,,,,,
,,,,,16108,3.0,3,,,,,,,,
,,,,,16113,5.0,5,,,,,,,,
,,,,,16116,3.0,3,,,,,,,,
,,,,,16123,7.0,7,,,,,,,,
,,,,,16126,3.0,3,,,,,,,,
,,,,,16129,3.0,3,,,,,,,,
,,,,,16132,3.0,3,,,,,,,,
,,,,,16135,3.0,3,,,,,,,,
,,,,,16139,4.0,4,,,,,,,,
,,,,,16142,3.0,3,,,,,,,,
,,,,,16145,3.0,3,,,,,,,,
,,,,,16149,4.0,4,,,,,,,,
,,,,,16152,3.0,3,,,,,,,,
,,,,,16156,4.0,4,,,,,,,,
,,,,,16160,4.0,4,,,,,,,,
,,,,,16164,4.0,4,,,,,,,,
,,,,,16168,4.0,4,,,,,,,,
,,,,,16172,4.0,4,,,,,,,,
,,,,,16175,3.0,3,,,,,,,,
,,,,,16181,6.0,6,,,,,,,,
,,,,,16185,4.0,4,,,,,,,,
,,,,,16188,3.0,3,,,,,,,,
,,,,,16191,3.0,3,,,,,,,,
,,,,,16195,4.0,4,,,,,,,,
,,,,,16200,5.0,5,,,,,,,,
,,,,,16203,3.0,3,,,,,,,,
,,,,,16206,3.0,3,,,,,,,,
,,,,,16209,3.0,3,,,,,,,,
,,,,,16213,4.0,4,,,,,,,,
,,,,,16216,3.0,3,,,,,,,,
,,,,,16220,4.0,4,,,,,,,,
,,,,,16223,3.0,3,,,,,,,,
,,,,,16228,5.0,5,,,,,,,,
,,,,,16231,3.0,3,,,,,,,,
,,,,,16235,4.0,4,,,,,,,,
,,,,,16239,4.0,4,,,,,,,,
,,,,,16242,3.0,3,,,,,,,,
,,,,,16246,4.0,4,,,,,,,,
,,,,,16249,3.0,3,,,,,,,,
,,,,,16252,3.0,3,,,,,,,,
,,,,,16255,3.0,3,,,,,,,,
,,,,,16259,4.0,4,,,,,,,,
,,,,,16262,3.0,3,,,,,,,,
,,,,,16265,3.0,3,,,,,,,,
,,,,,16268,3.0,3,,,,,,,,
,,,,,16271,3.0,3,,,,,,,,
,,,,,16274,3.0,3,,,,,,,,
,,,,,16277,3.0,3,,,,,,,,
,,,,,16280,3.0,3,,,,,,,,
,,,,,16284,4.0,4,,,,,,,,
,,,,,16288,4.0,4,,,,,,,,
,,,,,16292,4.0,4,,,,,,,,
,,,,,16295,3.0,3,,,,,,,,
,,,,,16298,3.0,3,,,,,,,,
,,,,,16301,3.0,3,,,,,,,,
,,,,,16304,3.0,3,,,,,,,,
,,,,,16307,3.0,3,,,,,,,,
,,,,,16310,3.0,3,,,,,,,,
,,,,,16313,3.0,3,,,,,,,,
,,,,,16317,4.0,4,,,,,,,,
,,,,,16320,3.0,3,,,,,,,,
,,,,,16323,3.0,3,,,,,,,,
,,,,,16326,3.0,3,,,,,,,,
,,,,,16329,3.0,3,,,,,,,,
,,,,,16332,3.0,3,,,,,,,,
,,,,,16335,3.0,3,,,,,,,,
,,,,,16340,5.0,5,,,,,,,,
,,,,,16343,3.0,3,,,,,,,,
,,,,,16346,3.0,3,,,,,,,,
,,,,,16350,4.0,4,,,,,,,,
,,,,,16353,3.0,3,,,,,,,,
,,,,,16358,5.0,5,,,,,,,,
,,,,,16361,3.0,3,,,,,,,,
,,,,,16364,3.0,3,,,,,,,,
,,,,,16368,4.0,4,,,,,,,,
,,,,,16371,3.0,3,,,,,,,,
,,,,,16374,3.0,3,,,,,,,,
,,,,,16377,3.0,3,,,,,,,,
,,,,,16380,3.0,3,,,,,,,,
,,,,,16383,3.0,3,,,,,,,,
,,,,,16386,3.0,3,,,,,,,,
,,,,,16390,4.0,4,,,,,,,,
,,,,,16394,4.0,4,,,,,,,,
,,,,,16397,3.0,3,,,,,,,,
,,,,,16400,3.0,3,,,,,,,,
,,,,,16403,3.0,3,,,,,,,,
,,,,,16406,3.0,3,,,,,,,,
,,,,,16409,3.0,3,,,,,,,,
,,,,,16412,3.0,3,,,,,,,,
,,,,,16416,4.0,4,,,,,,,,
,,,,,16419,3.0,3,,,,,,,,
,,,,,16422,3.0,3,,,,,,,,
,,,,,16425,3.0,3,,,,,,,,
,,,,,16428,3.0,3,,,,,,,,
,,,,,16431,3.0,3,,,,,,,,
,,,,,16434,3.0,3,,,,,,,,
,,,,,16437,3.0,3,,,,,,,,
,,,,,16440,3.0,3,,,,,,,,
,,,,,16443,3.0,3,,,,,,,,
,,,,,16446,3.0,3,,,,,,,,
,,,,,16449,3.0,3,,,,,,,,
,,,,,16452,3.0,3,,,,,,,,
,,,,,16455,3.0,3,,,,,,,,
,,,,,16458,3.0,3,,,,,,,,
,,,,,16461,3.0,3,,,,,,,,
,,,,,16464,3.0,3,,,,,,,,
,,,,,16467,3.0,3,,,,,,,,
,,,,,16470,3.0,3,,,,,,,,
,,,,,16473,3.0,3,,,,,,,,
,,,,,16476,3.0,3,,,,,,,,
,,,,,16479,3.0,3,,,,,,,,
,,,,,16482,3.0,3,,,,,,,,
,,,,,16485,3.0,3,,,,,,,,
,,,,,16488,3.0,3,,,,,,,,
,,,,,16491,3.0,3,,,,,,,,
,,,,,16494,3.0,3,,,,,,,,
,,,,,16497,3.0,3,,,,,,,,
,,,,,16500,3.0,3,,,,,,,,
,,,,,16503,3.0,3,,,,,,,,
,,,,,16506,3.0,3,,,,,,,,
,,,,,16509,3.0,3,,,,,,,,
,,,,,16512,3.0,3,,,,,,,,
,,,,,16515,3.0,3,,,,,,,,
,,,,,16518,3.0,3,,,,,,,,
,,,,,16521,3.0,3,,,,,,,,
,,,,,16524,3.0,3,,,,,,,,
,,,,,16527,3.0,3,,,,,,,,
,,,,,16530,3.0,3,,,,,,,,
,,,,,16533,3.0,3,,,,,,,,
,,,,,16536,3.0,3,,,,,,,,
,,,,,16539,3.0,3,,,,,,,,
,,,,,16542,3.0,3,,,,,,,,
,,,,,16545,3.0,3,,,,,,,,
,,,,,16548,3.0,3,,,,,,,,
,,,,,16551,3.0,3,,,,,,,,
,,,,,16554,3.0,3,,,,,,,,
,,,,,16557,3.0,3,,,,,,,,
,,,,,16560,3.0,3,,,,,,,,
,,,,,16563,3.0,3,,,,,,,,
,,,,,16566,3.0,3,,,,,,,,
,,,,,16569,3.0,3,,,,,,,,
,,,,,16572,3.0,3,,,,,,,,
,,,,,16575,3.0,3,,,,,,,,
,,,,,16578,3.0,3,,,,,,,,
,,,,,16581,3.0,3,,,,,,,,
,,,,,16584,3.0,3,,,,,,,,
,,,,,16587,3.0,3,,,,,,,,
,,,,,16590,3.0,3,,,,,,,,
,,,,,16593,3.0,3,,,,,,,,
,,,,,16596,3.0,3,,,,,,,,
,,,,,16600,4.0,4,,,,,,,,
,,,,,16603,3.0,3,,,,,,,,
,,,,,16606,3.0,3,,,,,,,,
,,,,,16609,3.0,3,,,,,,,,
,,,,,16612,3.0,3,,,,,,,,
,,,,,16615,3.0,3,,,,,,,,
,,,,,16619,4.0,4,,,,,,,,
,,,,,16622,3.0,3,,,,,,,,
,,,,,16625,3.0,3,,,,,,,,
,,,,,16628,3.0,3,,,,,,,,
,,,,,16631,3.0,3,,,,,,,,
,,,,,16634,3.0,3,,,,,,,,
,,,,,16637,3.0,3,,,,,,,,
,,,,,16640,3.0,3,,,,,,,,
,,,,,16644,4.0,4,,,,,,,,
,,,,,16648,4.0,4,,,,,,,,
,,,,,16651,3.0,3,,,,,,,,
,,,,,16656,5.0,5,,,,,,,,
,,,,,16659,3.0,3,,,,,,,,
,,,,,16662,3.0,3,,,,,,,,
,,,,,16666,4.0,4,,,,,,,,
,,,,,16669,3.0,3,,,,,,,,
,,,,,16672,3.0,3,,,,,,,,
,,,,,16675,3.0,3,,,,,,,,
,,,,,16678,3.0,3,,,,,,,,
,,,,,16682,4.0,4,,,,,,,,
,,,,,16685,3.0,3,,,,,,,,
,,,,,16688,3.0,3,,,,,,,,
,,,,,16692,4.0,4,,,,,,,,
,,,,,16696,4.0,4,,,,,,,,
,,,,,16700,4.0,4,,,,,,,,
,,,,,16703,3.0,3,,,,,,,,
,,,,,16706,3.0,3,,,,,,,,
,,,,,16711,5.0,5,,,,,,,,
,,,,,16714,3.0,3,,,,,,,,
,,,,,16717,3.0,3,,,,,,,,
,,,,,16720,3.0,3,,,,,,,,
,,,,,16723,3.0,3,,,,,,,,
,,,,,16727,4.0,4,,,,,,,,
,,,,,16730,3.0,3,,,,,,,,
,,,,,16734,4.0,4,,,,,,,,
,,,,,16739,5.0,5,,,,,,,,
,,,,,16743,4.0,4,,,,,,,,
,,,,,16747,4.0,4,,,,,,,,
,,,,,16750,3.0,3,,,,,,,,
,,,,,16755,5.0,5,,,,,,,,
,,,,,16760,5.0,5,,,,,,,,
,,,,,16763,3.0,3,,,,,,,,
,,,,,16766,3.0,3,,,,,,,,
,,,,,16769,3.0,3,,,,,,,,
,,,,,16775,6.0,6,,,,,,,,
,,,,,16779,4.0,4,,,,,,,,
,,,,,16783,4.0,4,,,,,,,,
,,,,,16787,4.0,4,,,,,,,,
,,,,,16790,3.0,3,,,,,,,,
,,,,,16795,5.0,5,,,,,,,,
,,,,,16798,3.0,3,,,,,,,,
,,,,,16801,3.0,3,,,,,,,,
,,,,,16804,3.0,3,,,,,,,,
,,,,,16807,3.0,3,,,,,,,,
,,,,,16810,3.0,3,,,,,,,,
,,,,,16814,4.0,4,,,,,,,,
,,,,,16817,3.0,3,,,,,,,,
,,,,,16821,4.0,4,,,,,,,,
,,,,,16824,3.0,3,,,,,,,,
,,,,,16827,3.0,3,,,,,,,,
,,,,,16834,7.0,7,,,,,,,,
,,,,,16837,3.0,3,,,,,,,,
,,,,,16840,3.0,3,,,,,,,,
,,,,,16845,5.0,5,,,,,,,,
,,,,,16848,3.0,3,,,,,,,,
,,,,,16851,3.0,3,,,,,,,,
,,,,,16854,3.0,3,,,,,,,,
,,,,,16857,3.0,3,,,,,,,,
,,,,,16861,4.0,4,,,,,,,,
,,,,,16866,5.0,5,,,,,,,,
,,,,,16869,3.0,3,,,,,,,,
,,,,,16873,4.0,4,,,,,,,,
,,,,,16876,3.0,3,,,,,,,,
,,,,,16880,4.0,4,,,,,,,,
,,,,,16884,4.0,4,,,,,,,,
,,,,,16887,3.0,3,,,,,,,,
,,,,,16890,3.0,3,,,,,,,,
,,,,,16893,3.0,3,,,,,,,,
,,,,,16896,3.0,3,,,,,,,,
,,,,,16899,3.0,3,,,,,,,,
,,,,,16903,4.0,4,,,,,,,,
,,,,,16907,4.0,4,,,,,,,,
,,,,,16911,4.0,4,,,,,,,,
,,,,,16914,3.0,3,,,,,,,,
,,,,,16917,3.0,3,,,,,,,,
,,,,,16920,3.0,3,,,,,,,,
,,,,,16923,3.0,3,,,,,,,,
,,,,,16926,3.0,3,,,,,,,,
,,,,,16930,4.0,4,,,,,,,,
,,,,,16933,3.0,3,,,,,,,,
,,,,,16936,3.0,3,,,,,,,,
,,,,,16939,3.0,3,,,,,,,,
,,,,,16942,3.0,3,,,,,,,,
,,,,,16945,3.0,3,,,,,,,,
,,,,,16949,4.0,4,,,,,,,,
,,,,,16954,5.0,5,,,,,,,,
,,,,,16957,3.0,3,,,,,,,,
,,,,,16960,3.0,3,,,,,,,,
,,,,,16963,3.0,3,,,,,,,,
,,,,,16966,3.0,3,,,,,,,,
,,,,,16969,3.0,3,,,,,,,,
,,,,,16972,3.0,3,,,,,,,,
,,,,,16976,4.0,4,,,,,,,,
,,,,,16979,3.0,3,,,,,,,,
,,,,,16982,3.0,3,,,,,,,,
,,,,,16986,4.0,4,,,,,,,,
,,,,,16992,6.0,6,,,,,,,,
,,,,,16995,3.0,3,,,,,,,,
,,,,,16998,3.0,3,,,,,,,,
,,,,,17000,,,0.029682258144021034,0.29682257771492004,0.09312555193901062,3.29388689994812,3.280179023742676,0.0003,0.0003,0.1
,,,,,17002,4.0,4,,,,,,,,
,,,,,17008,6.0,6,,,,,,,,
,,,,,17013,5.0,5,,,,,,,,
,,,,,17016,3.0,3,,,,,,,,
,,,,,17020,4.0,4,,,,,,,,
,,,,,17024,4.0,4,,,,,,,,
,,,,,17027,3.0,3,,,,,,,,
,,,,,17030,3.0,3,,,,,,,,
,,,,,17035,5.0,5,,,,,,,,
,,,,,17038,3.0,3,,,,,,,,
,,,,,17041,3.0,3,,,,,,,,
,,,,,17044,3.0,3,,,,,,,,
,,,,,17047,3.0,3,,,,,,,,
,,,,,17050,3.0,3,,,,,,,,
,,,,,17054,4.0,4,,,,,,,,
,,,,,17058,4.0,4,,,,,,,,
,,,,,17061,3.0,3,,,,,,,,
,,,,,17064,3.0,3,,,,,,,,
,,,,,17068,4.0,4,,,,,,,,
,,,,,17071,3.0,3,,,,,,,,
,,,,,17075,4.0,4,,,,,,,,
,,,,,17080,5.0,5,,,,,,,,
,,,,,17083,3.0,3,,,,,,,,
,,,,,17088,5.0,5,,,,,,,,
,,,,,17092,4.0,4,,,,,,,,
,,,,,17095,3.0,3,,,,,,,,
,,,,,17099,4.0,4,,,,,,,,
,,,,,17103,4.0,4,,,,,,,,
,,,,,17107,4.0,4,,,,,,,,
,,,,,17111,4.0,4,,,,,,,,
,,,,,17117,6.0,6,,,,,,,,
,,,,,17121,4.0,4,,,,,,,,
,,,,,17124,3.0,3,,,,,,,,
,,,,,17127,3.0,3,,,,,,,,
,,,,,17130,3.0,3,,,,,,,,
,,,,,17133,3.0,3,,,,,,,,
,,,,,17136,3.0,3,,,,,,,,
,,,,,17141,5.0,5,,,,,,,,
,,,,,17144,3.0,3,,,,,,,,
,,,,,17147,3.0,3,,,,,,,,
,,,,,17151,4.0,4,,,,,,,,
,,,,,17155,4.0,4,,,,,,,,
,,,,,17158,3.0,3,,,,,,,,
,,,,,17161,3.0,3,,,,,,,,
,,,,,17164,3.0,3,,,,,,,,
,,,,,17167,3.0,3,,,,,,,,
,,,,,17170,3.0,3,,,,,,,,
,,,,,17173,3.0,3,,,,,,,,
,,,,,17176,3.0,3,,,,,,,,
,,,,,17180,4.0,4,,,,,,,,
,,,,,17184,4.0,4,,,,,,,,
,,,,,17188,4.0,4,,,,,,,,
,,,,,17191,3.0,3,,,,,,,,
,,,,,17194,3.0,3,,,,,,,,
,,,,,17197,3.0,3,,,,,,,,
,,,,,17200,3.0,3,,,,,,,,
,,,,,17203,3.0,3,,,,,,,,
,,,,,17206,3.0,3,,,,,,,,
,,,,,17210,4.0,4,,,,,,,,
,,,,,17213,3.0,3,,,,,,,,
,,,,,17216,3.0,3,,,,,,,,
,,,,,17219,3.0,3,,,,,,,,
,,,,,17222,3.0,3,,,,,,,,
,,,,,17226,4.0,4,,,,,,,,
,,,,,17230,4.0,4,,,,,,,,
,,,,,17235,5.0,5,,,,,,,,
,,,,,17238,3.0,3,,,,,,,,
,,,,,17243,5.0,5,,,,,,,,
,,,,,17246,3.0,3,,,,,,,,
,,,,,17250,4.0,4,,,,,,,,
,,,,,17253,3.0,3,,,,,,,,
,,,,,17256,3.0,3,,,,,,,,
,,,,,17260,4.0,4,,,,,,,,
,,,,,17265,5.0,5,,,,,,,,
,,,,,17270,5.0,5,,,,,,,,
,,,,,17273,3.0,3,,,,,,,,
,,,,,17278,5.0,5,,,,,,,,
,,,,,17282,4.0,4,,,,,,,,
,,,,,17287,5.0,5,,,,,,,,
,,,,,17291,4.0,4,,,,,,,,
,,,,,17294,3.0,3,,,,,,,,
,,,,,17301,7.0,7,,,,,,,,
,,,,,17304,3.0,3,,,,,,,,
,,,,,17309,5.0,5,,,,,,,,
,,,,,17312,3.0,3,,,,,,,,
,,,,,17315,3.0,3,,,,,,,,
,,,,,17319,4.0,4,,,,,,,,
,,,,,17323,4.0,4,,,,,,,,
,,,,,17326,3.0,3,,,,,,,,
,,,,,17330,4.0,4,,,,,,,,
,,,,,17333,3.0,3,,,,,,,,
,,,,,17337,4.0,4,,,,,,,,
,,,,,17341,4.0,4,,,,,,,,
,,,,,17346,5.0,5,,,,,,,,
,,,,,17349,3.0,3,,,,,,,,
,,,,,17352,3.0,3,,,,,,,,
,,,,,17355,3.0,3,,,,,,,,
,,,,,17359,4.0,4,,,,,,,,
,,,,,17362,3.0,3,,,,,,,,
,,,,,17366,4.0,4,,,,,,,,
,,,,,17369,3.0,3,,,,,,,,
,,,,,17372,3.0,3,,,,,,,,
,,,,,17377,5.0,5,,,,,,,,
,,,,,17381,4.0,4,,,,,,,,
,,,,,17385,4.0,4,,,,,,,,
,,,,,17389,4.0,4,,,,,,,,
,,,,,17392,3.0,3,,,,,,,,
,,,,,17395,3.0,3,,,,,,,,
,,,,,17398,3.0,3,,,,,,,,
,,,,,17401,3.0,3,,,,,,,,
,,,,,17404,3.0,3,,,,,,,,
,,,,,17408,4.0,4,,,,,,,,
,,,,,17411,3.0,3,,,,,,,,
,,,,,17414,3.0,3,,,,,,,,
,,,,,17418,4.0,4,,,,,,,,
,,,,,17421,3.0,3,,,,,,,,
,,,,,17424,3.0,3,,,,,,,,
,,,,,17427,3.0,3,,,,,,,,
,,,,,17430,3.0,3,,,,,,,,
,,,,,17434,4.0,4,,,,,,,,
,,,,,17439,5.0,5,,,,,,,,
,,,,,17442,3.0,3,,,,,,,,
,,,,,17446,4.0,4,,,,,,,,
,,,,,17451,5.0,5,,,,,,,,
,,,,,17454,3.0,3,,,,,,,,
,,,,,17458,4.0,4,,,,,,,,
,,,,,17462,4.0,4,,,,,,,,
,,,,,17465,3.0,3,,,,,,,,
,,,,,17468,3.0,3,,,,,,,,
,,,,,17473,5.0,5,,,,,,,,
,,,,,17476,3.0,3,,,,,,,,
,,,,,17480,4.0,4,,,,,,,,
,,,,,17483,3.0,3,,,,,,,,
,,,,,17486,3.0,3,,,,,,,,
,,,,,17489,3.0,3,,,,,,,,
,,,,,17493,4.0,4,,,,,,,,
,,,,,17496,3.0,3,,,,,,,,
,,,,,17500,4.0,4,,,,,,,,
,,,,,17505,5.0,5,,,,,,,,
,,,,,17508,3.0,3,,,,,,,,
,,,,,17512,4.0,4,,,,,,,,
,,,,,17517,5.0,5,,,,,,,,
,,,,,17520,3.0,3,,,,,,,,
,,,,,17524,4.0,4,,,,,,,,
,,,,,17528,4.0,4,,,,,,,,
,,,,,17533,5.0,5,,,,,,,,
,,,,,17537,4.0,4,,,,,,,,
,,,,,17540,3.0,3,,,,,,,,
,,,,,17545,5.0,5,,,,,,,,
,,,,,17550,5.0,5,,,,,,,,
,,,,,17553,3.0,3,,,,,,,,
,,,,,17558,5.0,5,,,,,,,,
,,,,,17561,3.0,3,,,,,,,,
,,,,,17565,4.0,4,,,,,,,,
,,,,,17568,3.0,3,,,,,,,,
,,,,,17573,5.0,5,,,,,,,,
,,,,,17576,3.0,3,,,,,,,,
,,,,,17580,4.0,4,,,,,,,,
,,,,,17583,3.0,3,,,,,,,,
,,,,,17588,5.0,5,,,,,,,,
,,,,,17592,4.0,4,,,,,,,,
,,,,,17597,5.0,5,,,,,,,,
,,,,,17601,4.0,4,,,,,,,,
,,,,,17604,3.0,3,,,,,,,,
,,,,,17607,3.0,3,,,,,,,,
,,,,,17610,3.0,3,,,,,,,,
,,,,,17614,4.0,4,,,,,,,,
,,,,,17617,3.0,3,,,,,,,,
,,,,,17623,6.0,6,,,,,,,,
,,,,,17626,3.0,3,,,,,,,,
,,,,,17629,3.0,3,,,,,,,,
,,,,,17632,3.0,3,,,,,,,,
,,,,,17635,3.0,3,,,,,,,,
,,,,,17638,3.0,3,,,,,,,,
,,,,,17641,3.0,3,,,,,,,,
,,,,,17644,3.0,3,,,,,,,,
,,,,,17647,3.0,3,,,,,,,,
,,,,,17650,3.0,3,,,,,,,,
,,,,,17654,4.0,4,,,,,,,,
,,,,,17658,4.0,4,,,,,,,,
,,,,,17663,5.0,5,,,,,,,,
,,,,,17667,4.0,4,,,,,,,,
,,,,,17670,3.0,3,,,,,,,,
,,,,,17674,4.0,4,,,,,,,,
,,,,,17677,3.0,3,,,,,,,,
,,,,,17680,3.0,3,,,,,,,,
,,,,,17684,4.0,4,,,,,,,,
,,,,,17688,4.0,4,,,,,,,,
,,,,,17691,3.0,3,,,,,,,,
,,,,,17694,3.0,3,,,,,,,,
,,,,,17700,6.0,6,,,,,,,,
,,,,,17705,5.0,5,,,,,,,,
,,,,,17708,3.0,3,,,,,,,,
,,,,,17711,3.0,3,,,,,,,,
,,,,,17714,3.0,3,,,,,,,,
,,,,,17718,4.0,4,,,,,,,,
,,,,,17722,4.0,4,,,,,,,,
,,,,,17725,3.0,3,,,,,,,,
,,,,,17728,3.0,3,,,,,,,,
,,,,,17732,4.0,4,,,,,,,,
,,,,,17736,4.0,4,,,,,,,,
,,,,,17742,6.0,6,,,,,,,,
,,,,,17746,4.0,4,,,,,,,,
,,,,,17750,4.0,4,,,,,,,,
,,,,,17754,4.0,4,,,,,,,,
,,,,,17757,3.0,3,,,,,,,,
,,,,,17762,5.0,5,,,,,,,,
,,,,,17766,4.0,4,,,,,,,,
,,,,,17769,3.0,3,,,,,,,,
,,,,,17773,4.0,4,,,,,,,,
,,,,,17777,4.0,4,,,,,,,,
,,,,,17782,5.0,5,,,,,,,,
,,,,,17785,3.0,3,,,,,,,,
,,,,,17789,4.0,4,,,,,,,,
,,,,,17793,4.0,4,,,,,,,,
,,,,,17797,4.0,4,,,,,,,,
,,,,,17800,3.0,3,,,,,,,,
,,,,,17805,5.0,5,,,,,,,,
,,,,,17809,4.0,4,,,,,,,,
,,,,,17812,3.0,3,,,,,,,,
,,,,,17815,3.0,3,,,,,,,,
,,,,,17819,4.0,4,,,,,,,,
,,,,,17825,6.0,6,,,,,,,,
,,,,,17828,3.0,3,,,,,,,,
,,,,,17832,4.0,4,,,,,,,,
,,,,,17835,3.0,3,,,,,,,,
,,,,,17841,6.0,6,,,,,,,,
,,,,,17844,3.0,3,,,,,,,,
,,,,,17849,5.0,5,,,,,,,,
,,,,,17852,3.0,3,,,,,,,,
,,,,,17856,4.0,4,,,,,,,,
,,,,,17859,3.0,3,,,,,,,,
,,,,,17864,5.0,5,,,,,,,,
,,,,,17869,5.0,5,,,,,,,,
,,,,,17872,3.0,3,,,,,,,,
,,,,,17875,3.0,3,,,,,,,,
,,,,,17878,3.0,3,,,,,,,,
,,,,,17882,4.0,4,,,,,,,,
,,,,,17887,5.0,5,,,,,,,,
,,,,,17891,4.0,4,,,,,,,,
,,,,,17895,4.0,4,,,,,,,,
,,,,,17898,3.0,3,,,,,,,,
,,,,,17903,5.0,5,,,,,,,,
,,,,,17907,4.0,4,,,,,,,,
,,,,,17912,5.0,5,,,,,,,,
,,,,,17916,4.0,4,,,,,,,,
,,,,,17920,4.0,4,,,,,,,,
,,,,,17923,3.0,3,,,,,,,,
,,,,,17926,3.0,3,,,,,,,,
,,,,,17929,3.0,3,,,,,,,,
,,,,,17933,4.0,4,,,,,,,,
,,,,,17937,4.0,4,,,,,,,,
,,,,,17941,4.0,4,,,,,,,,
,,,,,17944,3.0,3,,,,,,,,
,,,,,17948,4.0,4,,,,,,,,
,,,,,17955,7.0,7,,,,,,,,
,,,,,17959,4.0,4,,,,,,,,
,,,,,17963,4.0,4,,,,,,,,
,,,,,17968,5.0,5,,,,,,,,
,,,,,17971,3.0,3,,,,,,,,
,,,,,17974,3.0,3,,,,,,,,
,,,,,17977,3.0,3,,,,,,,,
,,,,,17982,5.0,5,,,,,,,,
,,,,,17986,4.0,4,,,,,,,,
,,,,,17989,3.0,3,,,,,,,,
,,,,,17992,3.0,3,,,,,,,,
,,,,,17996,4.0,4,,,,,,,,
,,,,,17999,3.0,3,,,,,,,,
,,,,,18000,,,0.01296388078480959,0.12963880598545074,0.2641249895095825,3.6810052394866943,3.6875503063201904,0.0003,0.0003,0.1
,,,,,18003,4.0,4,,,,,,,,
,,,,,18006,3.0,3,,,,,,,,
,,,,,18010,4.0,4,,,,,,,,
,,,,,18014,4.0,4,,,,,,,,
,,,,,18017,3.0,3,,,,,,,,
,,,,,18021,4.0,4,,,,,,,,
,,,,,18026,5.0,5,,,,,,,,
,,,,,18032,6.0,6,,,,,,,,
,,,,,18036,4.0,4,,,,,,,,
,,,,,18039,3.0,3,,,,,,,,
,,,,,18043,4.0,4,,,,,,,,
,,,,,18049,6.0,6,,,,,,,,
,,,,,18052,3.0,3,,,,,,,,
,,,,,18055,3.0,3,,,,,,,,
,,,,,18060,5.0,5,,,,,,,,
,,,,,18063,3.0,3,,,,,,,,
,,,,,18068,5.0,5,,,,,,,,
,,,,,18071,3.0,3,,,,,,,,
,,,,,18076,5.0,5,,,,,,,,
,,,,,18080,4.0,4,,,,,,,,
,,,,,18085,5.0,5,,,,,,,,
,,,,,18089,4.0,4,,,,,,,,
,,,,,18092,3.0,3,,,,,,,,
,,,,,18095,3.0,3,,,,,,,,
,,,,,18098,3.0,3,,,,,,,,
,,,,,18101,3.0,3,,,,,,,,
,,,,,18106,5.0,5,,,,,,,,
,,,,,18110,4.0,4,,,,,,,,
,,,,,18114,4.0,4,,,,,,,,
,,,,,18119,5.0,5,,,,,,,,
,,,,,18123,4.0,4,,,,,,,,
,,,,,18126,3.0,3,,,,,,,,
,,,,,18129,3.0,3,,,,,,,,
,,,,,18133,4.0,4,,,,,,,,
,,,,,18136,3.0,3,,,,,,,,
,,,,,18139,3.0,3,,,,,,,,
,,,,,18143,4.0,4,,,,,,,,
,,,,,18147,4.0,4,,,,,,,,
,,,,,18152,5.0,5,,,,,,,,
,,,,,18157,5.0,5,,,,,,,,
,,,,,18161,4.0,4,,,,,,,,
,,,,,18166,5.0,5,,,,,,,,
,,,,,18169,3.0,3,,,,,,,,
,,,,,18174,5.0,5,,,,,,,,
,,,,,18179,5.0,5,,,,,,,,
,,,,,18183,4.0,4,,,,,,,,
,,,,,18186,3.0,3,,,,,,,,
,,,,,18189,3.0,3,,,,,,,,
,,,,,18192,3.0,3,,,,,,,,
,,,,,18197,5.0,5,,,,,,,,
,,,,,18201,4.0,4,,,,,,,,
,,,,,18205,4.0,4,,,,,,,,
,,,,,18208,3.0,3,,,,,,,,
,,,,,18212,4.0,4,,,,,,,,
,,,,,18215,3.0,3,,,,,,,,
,,,,,18219,4.0,4,,,,,,,,
,,,,,18222,3.0,3,,,,,,,,
,,,,,18225,3.0,3,,,,,,,,
,,,,,18232,7.0,7,,,,,,,,
,,,,,18235,3.0,3,,,,,,,,
,,,,,18239,4.0,4,,,,,,,,
,,,,,18242,3.0,3,,,,,,,,
,,,,,18247,5.0,5,,,,,,,,
,,,,,18250,3.0,3,,,,,,,,
,,,,,18253,3.0,3,,,,,,,,
,,,,,18256,3.0,3,,,,,,,,
,,,,,18261,5.0,5,,,,,,,,
,,,,,18265,4.0,4,,,,,,,,
,,,,,18270,5.0,5,,,,,,,,
,,,,,18274,4.0,4,,,,,,,,
,,,,,18278,4.0,4,,,,,,,,
,,,,,18281,3.0,3,,,,,,,,
,,,,,18284,3.0,3,,,,,,,,
,,,,,18290,6.0,6,,,,,,,,
,,,,,18294,4.0,4,,,,,,,,
,,,,,18297,3.0,3,,,,,,,,
,,,,,18301,4.0,4,,,,,,,,
,,,,,18304,3.0,3,,,,,,,,
,,,,,18308,4.0,4,,,,,,,,
,,,,,18313,5.0,5,,,,,,,,
,,,,,18317,4.0,4,,,,,,,,
,,,,,18322,5.0,5,,,,,,,,
,,,,,18326,4.0,4,,,,,,,,
,,,,,18333,7.0,7,,,,,,,,
,,,,,18336,3.0,3,,,,,,,,
,,,,,18343,7.0,7,,,,,,,,
,,,,,18346,3.0,3,,,,,,,,
,,,,,18351,5.0,5,,,,,,,,
,,,,,18355,4.0,4,,,,,,,,
,,,,,18361,6.0,6,,,,,,,,
,,,,,18367,6.0,6,,,,,,,,
,,,,,18373,6.0,6,,,,,,,,
,,,,,18379,6.0,6,,,,,,,,
,,,,,18386,7.0,7,,,,,,,,
,,,,,18390,4.0,4,,,,,,,,
,,,,,18393,3.0,3,,,,,,,,
,,,,,18397,4.0,4,,,,,,,,
,,,,,18403,6.0,6,,,,,,,,
,,,,,18410,7.0,7,,,,,,,,
,,,,,18414,4.0,4,,,,,,,,
,,,,,18417,3.0,3,,,,,,,,
,,,,,18420,3.0,3,,,,,,,,
,,,,,18424,4.0,4,,,,,,,,
,,,,,18429,5.0,5,,,,,,,,
,,,,,18434,5.0,5,,,,,,,,
,,,,,18438,4.0,4,,,,,,,,
,,,,,18445,7.0,7,,,,,,,,
,,,,,18449,4.0,4,,,,,,,,
,,,,,18452,3.0,3,,,,,,,,
,,,,,18458,6.0,6,,,,,,,,
,,,,,18466,8.0,8,,,,,,,,
,,,,,18469,3.0,3,,,,,,,,
,,,,,18472,3.0,3,,,,,,,,
,,,,,18478,6.0,6,,,,,,,,
,,,,,18483,5.0,5,,,,,,,,
,,,,,18486,3.0,3,,,,,,,,
,,,,,18489,3.0,3,,,,,,,,
,,,,,18492,3.0,3,,,,,,,,
,,,,,18496,4.0,4,,,,,,,,
,,,,,18499,3.0,3,,,,,,,,
,,,,,18504,5.0,5,,,,,,,,
,,,,,18509,5.0,5,,,,,,,,
,,,,,18512,3.0,3,,,,,,,,
,,,,,18515,3.0,3,,,,,,,,
,,,,,18520,5.0,5,,,,,,,,
,,,,,18523,3.0,3,,,,,,,,
,,,,,18529,6.0,6,,,,,,,,
,,,,,18532,3.0,3,,,,,,,,
,,,,,18535,3.0,3,,,,,,,,
,,,,,18538,3.0,3,,,,,,,,
,,,,,18541,3.0,3,,,,,,,,
,,,,,18544,3.0,3,,,,,,,,
,,,,,18549,5.0,5,,,,,,,,
,,,,,18553,4.0,4,,,,,,,,
,,,,,18556,3.0,3,,,,,,,,
,,,,,18560,4.0,4,,,,,,,,
,,,,,18564,4.0,4,,,,,,,,
,,,,,18569,5.0,5,,,,,,,,
,,,,,18576,7.0,7,,,,,,,,
,,,,,18580,4.0,4,,,,,,,,
,,,,,18583,3.0,3,,,,,,,,
,,,,,18587,4.0,4,,,,,,,,
,,,,,18592,5.0,5,,,,,,,,
,,,,,18597,5.0,5,,,,,,,,
,,,,,18600,3.0,3,,,,,,,,
,,,,,18604,4.0,4,,,,,,,,
,,,,,18609,5.0,5,,,,,,,,
,,,,,18614,5.0,5,,,,,,,,
,,,,,18619,5.0,5,,,,,,,,
,,,,,18623,4.0,4,,,,,,,,
,,,,,18628,5.0,5,,,,,,,,
,,,,,18631,3.0,3,,,,,,,,
,,,,,18635,4.0,4,,,,,,,,
,,,,,18638,3.0,3,,,,,,,,
,,,,,18641,3.0,3,,,,,,,,
,,,,,18645,4.0,4,,,,,,,,
,,,,,18649,4.0,4,,,,,,,,
,,,,,18653,4.0,4,,,,,,,,
,,,,,18656,3.0,3,,,,,,,,
,,,,,18661,5.0,5,,,,,,,,
,,,,,18664,3.0,3,,,,,,,,
,,,,,18669,5.0,5,,,,,,,,
,,,,,18672,3.0,3,,,,,,,,
,,,,,18675,3.0,3,,,,,,,,
,,,,,18679,4.0,4,,,,,,,,
,,,,,18682,3.0,3,,,,,,,,
,,,,,18690,8.0,8,,,,,,,,
,,,,,18693,3.0,3,,,,,,,,
,,,,,18698,5.0,5,,,,,,,,
,,,,,18701,3.0,3,,,,,,,,
,,,,,18705,4.0,4,,,,,,,,
,,,,,18708,3.0,3,,,,,,,,
,,,,,18711,3.0,3,,,,,,,,
,,,,,18717,6.0,6,,,,,,,,
,,,,,18720,3.0,3,,,,,,,,
,,,,,18723,3.0,3,,,,,,,,
,,,,,18727,4.0,4,,,,,,,,
,,,,,18730,3.0,3,,,,,,,,
,,,,,18734,4.0,4,,,,,,,,
,,,,,18739,5.0,5,,,,,,,,
,,,,,18744,5.0,5,,,,,,,,
,,,,,18747,3.0,3,,,,,,,,
,,,,,18750,3.0,3,,,,,,,,
,,,,,18754,4.0,4,,,,,,,,
,,,,,18757,3.0,3,,,,,,,,
,,,,,18764,7.0,7,,,,,,,,
,,,,,18767,3.0,3,,,,,,,,
,,,,,18770,3.0,3,,,,,,,,
,,,,,18774,4.0,4,,,,,,,,
,,,,,18777,3.0,3,,,,,,,,
,,,,,18781,4.0,4,,,,,,,,
,,,,,18785,4.0,4,,,,,,,,
,,,,,18788,3.0,3,,,,,,,,
,,,,,18795,7.0,7,,,,,,,,
,,,,,18799,4.0,4,,,,,,,,
,,,,,18803,4.0,4,,,,,,,,
,,,,,18807,4.0,4,,,,,,,,
,,,,,18813,6.0,6,,,,,,,,
,,,,,18817,4.0,4,,,,,,,,
,,,,,18821,4.0,4,,,,,,,,
,,,,,18825,4.0,4,,,,,,,,
,,,,,18829,4.0,4,,,,,,,,
,,,,,18836,7.0,7,,,,,,,,
,,,,,18840,4.0,4,,,,,,,,
,,,,,18844,4.0,4,,,,,,,,
,,,,,18847,3.0,3,,,,,,,,
,,,,,18850,3.0,3,,,,,,,,
,,,,,18856,6.0,6,,,,,,,,
,,,,,18860,4.0,4,,,,,,,,
,,,,,18863,3.0,3,,,,,,,,
,,,,,18871,8.0,8,,,,,,,,
,,,,,18876,5.0,5,,,,,,,,
,,,,,18880,4.0,4,,,,,,,,
,,,,,18889,9.0,9,,,,,,,,
,,,,,18892,3.0,3,,,,,,,,
,,,,,18898,6.0,6,,,,,,,,
,,,,,18903,5.0,5,,,,,,,,
,,,,,18906,3.0,3,,,,,,,,
,,,,,18913,7.0,7,,,,,,,,
,,,,,18919,6.0,6,,,,,,,,
,,,,,18922,3.0,3,,,,,,,,
,,,,,18925,3.0,3,,,,,,,,
,,,,,18929,4.0,4,,,,,,,,
,,,,,18932,3.0,3,,,,,,,,
,,,,,18935,3.0,3,,,,,,,,
,,,,,18939,4.0,4,,,,,,,,
,,,,,18942,3.0,3,,,,,,,,
,,,,,18945,3.0,3,,,,,,,,
,,,,,18950,5.0,5,,,,,,,,
,,,,,18954,4.0,4,,,,,,,,
,,,,,18957,3.0,3,,,,,,,,
,,,,,18961,4.0,4,,,,,,,,
,,,,,18964,3.0,3,,,,,,,,
,,,,,18967,3.0,3,,,,,,,,
,,,,,18973,6.0,6,,,,,,,,
,,,,,18976,3.0,3,,,,,,,,
,,,,,18979,3.0,3,,,,,,,,
,,,,,18982,3.0,3,,,,,,,,
,,,,,18985,3.0,3,,,,,,,,
,,,,,18989,4.0,4,,,,,,,,
,,,,,18996,7.0,7,,,,,,,,
,,,,,19000,4.0,4,,,,,,,,
,,,,,19000,,,0.009723251685500145,0.09723251312971115,0.47373801469802856,3.6217761039733887,3.5219616889953613,0.0003,0.0003,0.1
,,,,,19003,3.0,3,,,,,,,,
,,,,,19006,3.0,3,,,,,,,,
,,,,,19009,3.0,3,,,,,,,,
,,,,,19013,4.0,4,,,,,,,,
,,,,,19016,3.0,3,,,,,,,,
,,,,,19020,4.0,4,,,,,,,,
,,,,,19024,4.0,4,,,,,,,,
,,,,,19029,5.0,5,,,,,,,,
,,,,,19033,4.0,4,,,,,,,,
,,,,,19038,5.0,5,,,,,,,,
,,,,,19041,3.0,3,,,,,,,,
,,,,,19046,5.0,5,,,,,,,,
,,,,,19049,3.0,3,,,,,,,,
,,,,,19052,3.0,3,,,,,,,,
,,,,,19055,3.0,3,,,,,,,,
,,,,,19059,4.0,4,,,,,,,,
,,,,,19065,6.0,6,,,,,,,,
,,,,,19069,4.0,4,,,,,,,,
,,,,,19074,5.0,5,,,,,,,,
,,,,,19077,3.0,3,,,,,,,,
,,,,,19081,4.0,4,,,,,,,,
,,,,,19084,3.0,3,,,,,,,,
,,,,,19087,3.0,3,,,,,,,,
,,,,,19091,4.0,4,,,,,,,,
,,,,,19095,4.0,4,,,,,,,,
,,,,,19098,3.0,3,,,,,,,,
,,,,,19101,3.0,3,,,,,,,,
,,,,,19105,4.0,4,,,,,,,,
,,,,,19108,3.0,3,,,,,,,,
,,,,,19112,4.0,4,,,,,,,,
,,,,,19117,5.0,5,,,,,,,,
,,,,,19120,3.0,3,,,,,,,,
,,,,,19126,6.0,6,,,,,,,,
,,,,,19129,3.0,3,,,,,,,,
,,,,,19134,5.0,5,,,,,,,,
,,,,,19138,4.0,4,,,,,,,,
,,,,,19142,4.0,4,,,,,,,,
,,,,,19145,3.0,3,,,,,,,,
,,,,,19149,4.0,4,,,,,,,,
,,,,,19152,3.0,3,,,,,,,,
,,,,,19156,4.0,4,,,,,,,,
,,,,,19160,4.0,4,,,,,,,,
,,,,,19166,6.0,6,,,,,,,,
,,,,,19169,3.0,3,,,,,,,,
,,,,,19172,3.0,3,,,,,,,,
,,,,,19179,7.0,7,,,,,,,,
,,,,,19183,4.0,4,,,,,,,,
,,,,,19187,4.0,4,,,,,,,,
,,,,,19194,7.0,7,,,,,,,,
,,,,,19201,7.0,7,,,,,,,,
,,,,,19206,5.0,5,,,,,,,,
,,,,,19210,4.0,4,,,,,,,,
,,,,,19214,4.0,4,,,,,,,,
,,,,,19219,5.0,5,,,,,,,,
,,,,,19223,4.0,4,,,,,,,,
,,,,,19226,3.0,3,,,,,,,,
,,,,,19230,4.0,4,,,,,,,,
,,,,,19234,4.0,4,,,,,,,,
,,,,,19237,3.0,3,,,,,,,,
,,,,,19243,6.0,6,,,,,,,,
,,,,,19246,3.0,3,,,,,,,,
,,,,,19250,4.0,4,,,,,,,,
,,,,,19255,5.0,5,,,,,,,,
,,,,,19258,3.0,3,,,,,,,,
,,,,,19266,8.0,8,,,,,,,,
,,,,,19271,5.0,5,,,,,,,,
,,,,,19277,6.0,6,,,,,,,,
,,,,,19280,3.0,3,,,,,,,,
,,,,,19286,6.0,6,,,,,,,,
,,,,,19292,6.0,6,,,,,,,,
,,,,,19295,3.0,3,,,,,,,,
,,,,,19298,3.0,3,,,,,,,,
,,,,,19301,3.0,3,,,,,,,,
,,,,,19305,4.0,4,,,,,,,,
,,,,,19310,5.0,5,,,,,,,,
,,,,,19313,3.0,3,,,,,,,,
,,,,,19316,3.0,3,,,,,,,,
,,,,,19321,5.0,5,,,,,,,,
,,,,,19325,4.0,4,,,,,,,,
,,,,,19328,3.0,3,,,,,,,,
,,,,,19331,3.0,3,,,,,,,,
,,,,,19334,3.0,3,,,,,,,,
,,,,,19337,3.0,3,,,,,,,,
,,,,,19342,5.0,5,,,,,,,,
,,,,,19345,3.0,3,,,,,,,,
,,,,,19350,5.0,5,,,,,,,,
,,,,,19353,3.0,3,,,,,,,,
,,,,,19357,4.0,4,,,,,,,,
,,,,,19360,3.0,3,,,,,,,,
,,,,,19366,6.0,6,,,,,,,,
,,,,,19371,5.0,5,,,,,,,,
,,,,,19375,4.0,4,,,,,,,,
,,,,,19378,3.0,3,,,,,,,,
,,,,,19381,3.0,3,,,,,,,,
,,,,,19384,3.0,3,,,,,,,,
,,,,,19388,4.0,4,,,,,,,,
,,,,,19391,3.0,3,,,,,,,,
,,,,,19394,3.0,3,,,,,,,,
,,,,,19397,3.0,3,,,,,,,,
,,,,,19403,6.0,6,,,,,,,,
,,,,,19408,5.0,5,,,,,,,,
,,,,,19412,4.0,4,,,,,,,,
,,,,,19416,4.0,4,,,,,,,,
,,,,,19420,4.0,4,,,,,,,,
,,,,,19424,4.0,4,,,,,,,,
,,,,,19427,3.0,3,,,,,,,,
,,,,,19430,3.0,3,,,,,,,,
,,,,,19435,5.0,5,,,,,,,,
,,,,,19440,5.0,5,,,,,,,,
,,,,,19443,3.0,3,,,,,,,,
,,,,,19446,3.0,3,,,,,,,,
,,,,,19449,3.0,3,,,,,,,,
,,,,,19452,3.0,3,,,,,,,,
,,,,,19455,3.0,3,,,,,,,,
,,,,,19458,3.0,3,,,,,,,,
,,,,,19461,3.0,3,,,,,,,,
,,,,,19464,3.0,3,,,,,,,,
,,,,,19468,4.0,4,,,,,,,,
,,,,,19472,4.0,4,,,,,,,,
,,,,,19476,4.0,4,,,,,,,,
,,,,,19479,3.0,3,,,,,,,,
,,,,,19483,4.0,4,,,,,,,,
,,,,,19486,3.0,3,,,,,,,,
,,,,,19489,3.0,3,,,,,,,,
,,,,,19494,5.0,5,,,,,,,,
,,,,,19498,4.0,4,,,,,,,,
,,,,,19501,3.0,3,,,,,,,,
,,,,,19506,5.0,5,,,,,,,,
,,,,,19511,5.0,5,,,,,,,,
,,,,,19514,3.0,3,,,,,,,,
,,,,,19518,4.0,4,,,,,,,,
,,,,,19524,6.0,6,,,,,,,,
,,,,,19527,3.0,3,,,,,,,,
,,,,,19532,5.0,5,,,,,,,,
,,,,,19535,3.0,3,,,,,,,,
,,,,,19539,4.0,4,,,,,,,,
,,,,,19543,4.0,4,,,,,,,,
,,,,,19546,3.0,3,,,,,,,,
,,,,,19550,4.0,4,,,,,,,,
,,,,,19554,4.0,4,,,,,,,,
,,,,,19558,4.0,4,,,,,,,,
,,,,,19561,3.0,3,,,,,,,,
,,,,,19564,3.0,3,,,,,,,,
,,,,,19567,3.0,3,,,,,,,,
,,,,,19570,3.0,3,,,,,,,,
,,,,,19574,4.0,4,,,,,,,,
,,,,,19580,6.0,6,,,,,,,,
,,,,,19584,4.0,4,,,,,,,,
,,,,,19587,3.0,3,,,,,,,,
,,,,,19592,5.0,5,,,,,,,,
,,,,,19595,3.0,3,,,,,,,,
,,,,,19600,5.0,5,,,,,,,,
,,,,,19603,3.0,3,,,,,,,,
,,,,,19606,3.0,3,,,,,,,,
,,,,,19611,5.0,5,,,,,,,,
,,,,,19615,4.0,4,,,,,,,,
,,,,,19620,5.0,5,,,,,,,,
,,,,,19624,4.0,4,,,,,,,,
,,,,,19627,3.0,3,,,,,,,,
,,,,,19630,3.0,3,,,,,,,,
,,,,,19634,4.0,4,,,,,,,,
,,,,,19639,5.0,5,,,,,,,,
,,,,,19642,3.0,3,,,,,,,,
,,,,,19646,4.0,4,,,,,,,,
,,,,,19650,4.0,4,,,,,,,,
,,,,,19653,3.0,3,,,,,,,,
,,,,,19657,4.0,4,,,,,,,,
,,,,,19661,4.0,4,,,,,,,,
,,,,,19665,4.0,4,,,,,,,,
,,,,,19669,4.0,4,,,,,,,,
,,,,,19672,3.0,3,,,,,,,,
,,,,,19677,5.0,5,,,,,,,,
,,,,,19682,5.0,5,,,,,,,,
,,,,,19688,6.0,6,,,,,,,,
,,,,,19692,4.0,4,,,,,,,,
,,,,,19695,3.0,3,,,,,,,,
,,,,,19700,5.0,5,,,,,,,,
,,,,,19705,5.0,5,,,,,,,,
,,,,,19711,6.0,6,,,,,,,,
,,,,,19717,6.0,6,,,,,,,,
,,,,,19720,3.0,3,,,,,,,,
,,,,,19723,3.0,3,,,,,,,,
,,,,,19726,3.0,3,,,,,,,,
,,,,,19729,3.0,3,,,,,,,,
,,,,,19732,3.0,3,,,,,,,,
,,,,,19735,3.0,3,,,,,,,,
,,,,,19738,3.0,3,,,,,,,,
,,,,,19743,5.0,5,,,,,,,,
,,,,,19747,4.0,4,,,,,,,,
,,,,,19751,4.0,4,,,,,,,,
,,,,,19756,5.0,5,,,,,,,,
,,,,,19760,4.0,4,,,,,,,,
,,,,,19764,4.0,4,,,,,,,,
,,,,,19769,5.0,5,,,,,,,,
,,,,,19772,3.0,3,,,,,,,,
,,,,,19775,3.0,3,,,,,,,,
,,,,,19778,3.0,3,,,,,,,,
,,,,,19784,6.0,6,,,,,,,,
,,,,,19787,3.0,3,,,,,,,,
,,,,,19790,3.0,3,,,,,,,,
,,,,,19793,3.0,3,,,,,,,,
,,,,,19796,3.0,3,,,,,,,,
,,,,,19799,3.0,3,,,,,,,,
,,,,,19802,3.0,3,,,,,,,,
,,,,,19805,3.0,3,,,,,,,,
,,,,,19809,4.0,4,,,,,,,,
,,,,,19812,3.0,3,,,,,,,,
,,,,,19816,4.0,4,,,,,,,,
,,,,,19820,4.0,4,,,,,,,,
,,,,,19824,4.0,4,,,,,,,,
,,,,,19828,4.0,4,,,,,,,,
,,,,,19831,3.0,3,,,,,,,,
,,,,,19834,3.0,3,,,,,,,,
,,,,,19837,3.0,3,,,,,,,,
,,,,,19842,5.0,5,,,,,,,,
,,,,,19845,3.0,3,,,,,,,,
,,,,,19849,4.0,4,,,,,,,,
,,,,,19853,4.0,4,,,,,,,,
,,,,,19859,6.0,6,,,,,,,,
,,,,,19862,3.0,3,,,,,,,,
,,,,,19865,3.0,3,,,,,,,,
,,,,,19868,3.0,3,,,,,,,,
,,,,,19872,4.0,4,,,,,,,,
,,,,,19875,3.0,3,,,,,,,,
,,,,,19879,4.0,4,,,,,,,,
,,,,,19883,4.0,4,,,,,,,,
,,,,,19887,4.0,4,,,,,,,,
,,,,,19892,5.0,5,,,,,,,,
,,,,,19895,3.0,3,,,,,,,,
,,,,,19902,7.0,7,,,,,,,,
,,,,,19907,5.0,5,,,,,,,,
,,,,,19910,3.0,3,,,,,,,,
,,,,,19918,8.0,8,,,,,,,,
,,,,,19924,6.0,6,,,,,,,,
,,,,,19928,4.0,4,,,,,,,,
,,,,,19931,3.0,3,,,,,,,,
,,,,,19934,3.0,3,,,,,,,,
,,,,,19937,3.0,3,,,,,,,,
,,,,,19940,3.0,3,,,,,,,,
,,,,,19943,3.0,3,,,,,,,,
,,,,,19947,4.0,4,,,,,,,,
,,,,,19951,4.0,4,,,,,,,,
,,,,,19954,3.0,3,,,,,,,,
,,,,,19958,4.0,4,,,,,,,,
,,,,,19963,5.0,5,,,,,,,,
,,,,,19966,3.0,3,,,,,,,,
,,,,,19969,3.0,3,,,,,,,,
,,,,,19975,6.0,6,,,,,,,,
,,,,,19980,5.0,5,,,,,,,,
,,,,,19983,3.0,3,,,,,,,,
,,,,,19987,4.0,4,,,,,,,,
,,,,,19991,4.0,4,,,,,,,,
,,,,,19995,4.0,4,,,,,,,,
,,,,,19999,4.0,4,,,,,,,,
4.1,1.1357816,7.0,3.0,4.1,20000,,,0.0365968681871891,0.3659686744213104,0.2816164493560791,3.5611743927001953,3.5977296829223633,0.0003,0.0003,0.1
,,,,,20002,3.0,3,,,,,,,,
,,,,,20006,4.0,4,,,,,,,,
,,,,,20011,5.0,5,,,,,,,,
,,,,,20014,3.0,3,,,,,,,,
,,,,,20018,4.0,4,,,,,,,,
,,,,,20021,3.0,3,,,,,,,,
,,,,,20025,4.0,4,,,,,,,,
,,,,,20029,4.0,4,,,,,,,,
,,,,,20032,3.0,3,,,,,,,,
,,,,,20035,3.0,3,,,,,,,,
,,,,,20040,5.0,5,,,,,,,,
,,,,,20043,3.0,3,,,,,,,,
,,,,,20046,3.0,3,,,,,,,,
,,,,,20050,4.0,4,,,,,,,,
,,,,,20053,3.0,3,,,,,,,,
,,,,,20056,3.0,3,,,,,,,,
,,,,,20060,4.0,4,,,,,,,,
,,,,,20063,3.0,3,,,,,,,,
,,,,,20066,3.0,3,,,,,,,,
,,,,,20071,5.0,5,,,,,,,,
,,,,,20074,3.0,3,,,,,,,,
,,,,,20078,4.0,4,,,,,,,,
,,,,,20081,3.0,3,,,,,,,,
,,,,,20084,3.0,3,,,,,,,,
,,,,,20087,3.0,3,,,,,,,,
,,,,,20090,3.0,3,,,,,,,,
,,,,,20093,3.0,3,,,,,,,,
,,,,,20098,5.0,5,,,,,,,,
,,,,,20102,4.0,4,,,,,,,,
,,,,,20105,3.0,3,,,,,,,,
,,,,,20108,3.0,3,,,,,,,,
,,,,,20113,5.0,5,,,,,,,,
,,,,,20117,4.0,4,,,,,,,,
,,,,,20120,3.0,3,,,,,,,,
,,,,,20123,3.0,3,,,,,,,,
,,,,,20126,3.0,3,,,,,,,,
,,,,,20129,3.0,3,,,,,,,,
,,,,,20132,3.0,3,,,,,,,,
,,,,,20135,3.0,3,,,,,,,,
,,,,,20139,4.0,4,,,,,,,,
,,,,,20142,3.0,3,,,,,,,,
,,,,,20146,4.0,4,,,,,,,,
,,,,,20149,3.0,3,,,,,,,,
,,,,,20152,3.0,3,,,,,,,,
,,,,,20157,5.0,5,,,,,,,,
,,,,,20160,3.0,3,,,,,,,,
,,,,,20163,3.0,3,,,,,,,,
,,,,,20166,3.0,3,,,,,,,,
,,,,,20169,3.0,3,,,,,,,,
,,,,,20173,4.0,4,,,,,,,,
,,,,,20177,4.0,4,,,,,,,,
,,,,,20180,3.0,3,,,,,,,,
,,,,,20183,3.0,3,,,,,,,,
,,,,,20186,3.0,3,,,,,,,,
,,,,,20189,3.0,3,,,,,,,,
,,,,,20193,4.0,4,,,,,,,,
,,,,,20199,6.0,6,,,,,,,,
,,,,,20203,4.0,4,,,,,,,,
,,,,,20207,4.0,4,,,,,,,,
,,,,,20210,3.0,3,,,,,,,,
,,,,,20214,4.0,4,,,,,,,,
,,,,,20219,5.0,5,,,,,,,,
,,,,,20223,4.0,4,,,,,,,,
,,,,,20226,3.0,3,,,,,,,,
,,,,,20229,3.0,3,,,,,,,,
,,,,,20232,3.0,3,,,,,,,,
,,,,,20235,3.0,3,,,,,,,,
,,,,,20238,3.0,3,,,,,,,,
,,,,,20241,3.0,3,,,,,,,,
,,,,,20245,4.0,4,,,,,,,,
,,,,,20248,3.0,3,,,,,,,,
,,,,,20252,4.0,4,,,,,,,,
,,,,,20255,3.0,3,,,,,,,,
,,,,,20258,3.0,3,,,,,,,,
,,,,,20262,4.0,4,,,,,,,,
,,,,,20265,3.0,3,,,,,,,,
,,,,,20269,4.0,4,,,,,,,,
,,,,,20272,3.0,3,,,,,,,,
,,,,,20275,3.0,3,,,,,,,,
,,,,,20278,3.0,3,,,,,,,,
,,,,,20281,3.0,3,,,,,,,,
,,,,,20285,4.0,4,,,,,,,,
,,,,,20288,3.0,3,,,,,,,,
,,,,,20293,5.0,5,,,,,,,,
,,,,,20299,6.0,6,,,,,,,,
,,,,,20302,3.0,3,,,,,,,,
,,,,,20306,4.0,4,,,,,,,,
,,,,,20309,3.0,3,,,,,,,,
,,,,,20312,3.0,3,,,,,,,,
,,,,,20317,5.0,5,,,,,,,,
,,,,,20320,3.0,3,,,,,,,,
,,,,,20323,3.0,3,,,,,,,,
,,,,,20326,3.0,3,,,,,,,,
,,,,,20330,4.0,4,,,,,,,,
,,,,,20335,5.0,5,,,,,,,,
,,,,,20341,6.0,6,,,,,,,,
,,,,,20344,3.0,3,,,,,,,,
,,,,,20347,3.0,3,,,,,,,,
,,,,,20350,3.0,3,,,,,,,,
,,,,,20353,3.0,3,,,,,,,,
,,,,,20356,3.0,3,,,,,,,,
,,,,,20359,3.0,3,,,,,,,,
,,,,,20362,3.0,3,,,,,,,,
,,,,,20366,4.0,4,,,,,,,,
,,,,,20370,4.0,4,,,,,,,,
,,,,,20373,3.0,3,,,,,,,,
,,,,,20378,5.0,5,,,,,,,,
,,,,,20384,6.0,6,,,,,,,,
,,,,,20389,5.0,5,,,,,,,,
,,,,,20392,3.0,3,,,,,,,,
,,,,,20397,5.0,5,,,,,,,,
,,,,,20400,3.0,3,,,,,,,,
,,,,,20404,4.0,4,,,,,,,,
,,,,,20407,3.0,3,,,,,,,,
,,,,,20412,5.0,5,,,,,,,,
,,,,,20415,3.0,3,,,,,,,,
,,,,,20418,3.0,3,,,,,,,,
,,,,,20422,4.0,4,,,,,,,,
,,,,,20426,4.0,4,,,,,,,,
,,,,,20429,3.0,3,,,,,,,,
,,,,,20433,4.0,4,,,,,,,,
,,,,,20438,5.0,5,,,,,,,,
,,,,,20441,3.0,3,,,,,,,,
,,,,,20450,9.0,9,,,,,,,,
,,,,,20453,3.0,3,,,,,,,,
,,,,,20456,3.0,3,,,,,,,,
,,,,,20459,3.0,3,,,,,,,,
,,,,,20462,3.0,3,,,,,,,,
,,,,,20465,3.0,3,,,,,,,,
,,,,,20470,5.0,5,,,,,,,,
,,,,,20473,3.0,3,,,,,,,,
,,,,,20477,4.0,4,,,,,,,,
,,,,,20480,3.0,3,,,,,,,,
,,,,,20485,5.0,5,,,,,,,,
,,,,,20489,4.0,4,,,,,,,,
,,,,,20493,4.0,4,,,,,,,,
,,,,,20497,4.0,4,,,,,,,,
,,,,,20501,4.0,4,,,,,,,,
,,,,,20504,3.0,3,,,,,,,,
,,,,,20507,3.0,3,,,,,,,,
,,,,,20510,3.0,3,,,,,,,,
,,,,,20513,3.0,3,,,,,,,,
,,,,,20516,3.0,3,,,,,,,,
,,,,,20520,4.0,4,,,,,,,,
,,,,,20524,4.0,4,,,,,,,,
,,,,,20527,3.0,3,,,,,,,,
,,,,,20532,5.0,5,,,,,,,,
,,,,,20536,4.0,4,,,,,,,,
,,,,,20539,3.0,3,,,,,,,,
,,,,,20542,3.0,3,,,,,,,,
,,,,,20546,4.0,4,,,,,,,,
,,,,,20549,3.0,3,,,,,,,,
,,,,,20552,3.0,3,,,,,,,,
,,,,,20556,4.0,4,,,,,,,,
,,,,,20560,4.0,4,,,,,,,,
,,,,,20563,3.0,3,,,,,,,,
,,,,,20566,3.0,3,,,,,,,,
,,,,,20569,3.0,3,,,,,,,,
,,,,,20573,4.0,4,,,,,,,,
,,,,,20576,3.0,3,,,,,,,,
,,,,,20579,3.0,3,,,,,,,,
,,,,,20583,4.0,4,,,,,,,,
,,,,,20587,4.0,4,,,,,,,,
,,,,,20590,3.0,3,,,,,,,,
,,,,,20596,6.0,6,,,,,,,,
,,,,,20601,5.0,5,,,,,,,,
,,,,,20605,4.0,4,,,,,,,,
,,,,,20608,3.0,3,,,,,,,,
,,,,,20611,3.0,3,,,,,,,,
,,,,,20614,3.0,3,,,,,,,,
,,,,,20617,3.0,3,,,,,,,,
,,,,,20620,3.0,3,,,,,,,,
,,,,,20624,4.0,4,,,,,,,,
,,,,,20630,6.0,6,,,,,,,,
,,,,,20633,3.0,3,,,,,,,,
,,,,,20636,3.0,3,,,,,,,,
,,,,,20640,4.0,4,,,,,,,,
,,,,,20643,3.0,3,,,,,,,,
,,,,,20646,3.0,3,,,,,,,,
,,,,,20650,4.0,4,,,,,,,,
,,,,,20654,4.0,4,,,,,,,,
,,,,,20660,6.0,6,,,,,,,,
,,,,,20664,4.0,4,,,,,,,,
,,,,,20667,3.0,3,,,,,,,,
,,,,,20670,3.0,3,,,,,,,,
,,,,,20673,3.0,3,,,,,,,,
,,,,,20678,5.0,5,,,,,,,,
,,,,,20684,6.0,6,,,,,,,,
,,,,,20691,7.0,7,,,,,,,,
,,,,,20695,4.0,4,,,,,,,,
,,,,,20699,4.0,4,,,,,,,,
,,,,,20702,3.0,3,,,,,,,,
,,,,,20705,3.0,3,,,,,,,,
,,,,,20710,5.0,5,,,,,,,,
,,,,,20714,4.0,4,,,,,,,,
,,,,,20717,3.0,3,,,,,,,,
,,,,,20720,3.0,3,,,,,,,,
,,,,,20723,3.0,3,,,,,,,,
,,,,,20726,3.0,3,,,,,,,,
,,,,,20731,5.0,5,,,,,,,,
,,,,,20734,3.0,3,,,,,,,,
,,,,,20740,6.0,6,,,,,,,,
,,,,,20743,3.0,3,,,,,,,,
,,,,,20746,3.0,3,,,,,,,,
,,,,,20750,4.0,4,,,,,,,,
,,,,,20758,8.0,8,,,,,,,,
,,,,,20765,7.0,7,,,,,,,,
,,,,,20768,3.0,3,,,,,,,,
,,,,,20773,5.0,5,,,,,,,,
,,,,,20776,3.0,3,,,,,,,,
,,,,,20780,4.0,4,,,,,,,,
,,,,,20785,5.0,5,,,,,,,,
,,,,,20790,5.0,5,,,,,,,,
,,,,,20793,3.0,3,,,,,,,,
,,,,,20797,4.0,4,,,,,,,,
,,,,,20803,6.0,6,,,,,,,,
,,,,,20808,5.0,5,,,,,,,,
,,,,,20812,4.0,4,,,,,,,,
,,,,,20815,3.0,3,,,,,,,,
,,,,,20820,5.0,5,,,,,,,,
,,,,,20825,5.0,5,,,,,,,,
,,,,,20828,3.0,3,,,,,,,,
,,,,,20831,3.0,3,,,,,,,,
,,,,,20834,3.0,3,,,,,,,,
,,,,,20839,5.0,5,,,,,,,,
,,,,,20842,3.0,3,,,,,,,,
,,,,,20847,5.0,5,,,,,,,,
,,,,,20851,4.0,4,,,,,,,,
,,,,,20854,3.0,3,,,,,,,,
,,,,,20857,3.0,3,,,,,,,,
,,,,,20861,4.0,4,,,,,,,,
,,,,,20864,3.0,3,,,,,,,,
,,,,,20867,3.0,3,,,,,,,,
,,,,,20873,6.0,6,,,,,,,,
,,,,,20879,6.0,6,,,,,,,,
,,,,,20882,3.0,3,,,,,,,,
,,,,,20885,3.0,3,,,,,,,,
,,,,,20891,6.0,6,,,,,,,,
,,,,,20894,3.0,3,,,,,,,,
,,,,,20898,4.0,4,,,,,,,,
,,,,,20901,3.0,3,,,,,,,,
,,,,,20904,3.0,3,,,,,,,,
,,,,,20907,3.0,3,,,,,,,,
,,,,,20912,5.0,5,,,,,,,,
,,,,,20919,7.0,7,,,,,,,,
,,,,,20923,4.0,4,,,,,,,,
,,,,,20930,7.0,7,,,,,,,,
,,,,,20934,4.0,4,,,,,,,,
,,,,,20937,3.0,3,,,,,,,,
,,,,,20940,3.0,3,,,,,,,,
,,,,,20945,5.0,5,,,,,,,,
,,,,,20948,3.0,3,,,,,,,,
,,,,,20953,5.0,5,,,,,,,,
,,,,,20956,3.0,3,,,,,,,,
,,,,,20963,7.0,7,,,,,,,,
,,,,,20967,4.0,4,,,,,,,,
,,,,,20973,6.0,6,,,,,,,,
,,,,,20976,3.0,3,,,,,,,,
,,,,,20981,5.0,5,,,,,,,,
,,,,,20984,3.0,3,,,,,,,,
,,,,,20988,4.0,4,,,,,,,,
,,,,,20994,6.0,6,,,,,,,,
,,,,,20998,4.0,4,,,,,,,,
,,,,,21000,,,0.019495366141200066,0.19495365023612976,0.3510701060295105,3.6387500762939453,3.6139986515045166,0.0003,0.0003,0.1
,,,,,21004,6.0,6,,,,,,,,
,,,,,21008,4.0,4,,,,,,,,
,,,,,21011,3.0,3,,,,,,,,
,,,,,21014,3.0,3,,,,,,,,
,,,,,21017,3.0,3,,,,,,,,
,,,,,21025,8.0,8,,,,,,,,
,,,,,21028,3.0,3,,,,,,,,
,,,,,21032,4.0,4,,,,,,,,
,,,,,21037,5.0,5,,,,,,,,
,,,,,21041,4.0,4,,,,,,,,
,,,,,21045,4.0,4,,,,,,,,
,,,,,21050,5.0,5,,,,,,,,
,,,,,21053,3.0,3,,,,,,,,
,,,,,21056,3.0,3,,,,,,,,
,,,,,21059,3.0,3,,,,,,,,
,,,,,21062,3.0,3,,,,,,,,
,,,,,21065,3.0,3,,,,,,,,
,,,,,21073,8.0,8,,,,,,,,
,,,,,21079,6.0,6,,,,,,,,
,,,,,21082,3.0,3,,,,,,,,
,,,,,21085,3.0,3,,,,,,,,
,,,,,21088,3.0,3,,,,,,,,
,,,,,21092,4.0,4,,,,,,,,
,,,,,21098,6.0,6,,,,,,,,
,,,,,21101,3.0,3,,,,,,,,
,,,,,21104,3.0,3,,,,,,,,
,,,,,21107,3.0,3,,,,,,,,
,,,,,21111,4.0,4,,,,,,,,
,,,,,21115,4.0,4,,,,,,,,
,,,,,21118,3.0,3,,,,,,,,
,,,,,21122,4.0,4,,,,,,,,
,,,,,21128,6.0,6,,,,,,,,
,,,,,21133,5.0,5,,,,,,,,
,,,,,21136,3.0,3,,,,,,,,
,,,,,21143,7.0,7,,,,,,,,
,,,,,21146,3.0,3,,,,,,,,
,,,,,21152,6.0,6,,,,,,,,
,,,,,21158,6.0,6,,,,,,,,
,,,,,21162,4.0,4,,,,,,,,
,,,,,21165,3.0,3,,,,,,,,
,,,,,21169,4.0,4,,,,,,,,
,,,,,21173,4.0,4,,,,,,,,
,,,,,21178,5.0,5,,,,,,,,
,,,,,21181,3.0,3,,,,,,,,
,,,,,21184,3.0,3,,,,,,,,
,,,,,21187,3.0,3,,,,,,,,
,,,,,21192,5.0,5,,,,,,,,
,,,,,21198,6.0,6,,,,,,,,
,,,,,21201,3.0,3,,,,,,,,
,,,,,21205,4.0,4,,,,,,,,
,,,,,21208,3.0,3,,,,,,,,
,,,,,21212,4.0,4,,,,,,,,
,,,,,21219,7.0,7,,,,,,,,
,,,,,21222,3.0,3,,,,,,,,
,,,,,21225,3.0,3,,,,,,,,
,,,,,21230,5.0,5,,,,,,,,
,,,,,21234,4.0,4,,,,,,,,
,,,,,21237,3.0,3,,,,,,,,
,,,,,21241,4.0,4,,,,,,,,
,,,,,21244,3.0,3,,,,,,,,
,,,,,21251,7.0,7,,,,,,,,
,,,,,21257,6.0,6,,,,,,,,
,,,,,21260,3.0,3,,,,,,,,
,,,,,21263,3.0,3,,,,,,,,
,,,,,21270,7.0,7,,,,,,,,
,,,,,21276,6.0,6,,,,,,,,
,,,,,21279,3.0,3,,,,,,,,
,,,,,21282,3.0,3,,,,,,,,
,,,,,21287,5.0,5,,,,,,,,
,,,,,21290,3.0,3,,,,,,,,
,,,,,21294,4.0,4,,,,,,,,
,,,,,21300,6.0,6,,,,,,,,
,,,,,21305,5.0,5,,,,,,,,
,,,,,21309,4.0,4,,,,,,,,
,,,,,21312,3.0,3,,,,,,,,
,,,,,21315,3.0,3,,,,,,,,
,,,,,21322,7.0,7,,,,,,,,
,,,,,21326,4.0,4,,,,,,,,
,,,,,21329,3.0,3,,,,,,,,
,,,,,21333,4.0,4,,,,,,,,
,,,,,21340,7.0,7,,,,,,,,
,,,,,21343,3.0,3,,,,,,,,
,,,,,21346,3.0,3,,,,,,,,
,,,,,21349,3.0,3,,,,,,,,
,,,,,21352,3.0,3,,,,,,,,
,,,,,21363,11.0,11,,,,,,,,
,,,,,21367,4.0,4,,,,,,,,
,,,,,21375,8.0,8,,,,,,,,
,,,,,21383,8.0,8,,,,,,,,
,,,,,21386,3.0,3,,,,,,,,
,,,,,21390,4.0,4,,,,,,,,
,,,,,21401,11.0,11,,,,,,,,
,,,,,21406,5.0,5,,,,,,,,
,,,,,21411,5.0,5,,,,,,,,
,,,,,21415,4.0,4,,,,,,,,
,,,,,21418,3.0,3,,,,,,,,
,,,,,21424,6.0,6,,,,,,,,
,,,,,21427,3.0,3,,,,,,,,
,,,,,21434,7.0,7,,,,,,,,
,,,,,21439,5.0,5,,,,,,,,
,,,,,21446,7.0,7,,,,,,,,
,,,,,21451,5.0,5,,,,,,,,
,,,,,21455,4.0,4,,,,,,,,
,,,,,21459,4.0,4,,,,,,,,
,,,,,21467,8.0,8,,,,,,,,
,,,,,21472,5.0,5,,,,,,,,
,,,,,21475,3.0,3,,,,,,,,
,,,,,21480,5.0,5,,,,,,,,
,,,,,21484,4.0,4,,,,,,,,
,,,,,21487,3.0,3,,,,,,,,
,,,,,21490,3.0,3,,,,,,,,
,,,,,21499,9.0,9,,,,,,,,
,,,,,21502,3.0,3,,,,,,,,
,,,,,21505,3.0,3,,,,,,,,
,,,,,21511,6.0,6,,,,,,,,
,,,,,21514,3.0,3,,,,,,,,
,,,,,21521,7.0,7,,,,,,,,
,,,,,21529,8.0,8,,,,,,,,
,,,,,21538,9.0,9,,,,,,,,
,,,,,21547,9.0,9,,,,,,,,
,,,,,21550,3.0,3,,,,,,,,
,,,,,21553,3.0,3,,,,,,,,
,,,,,21559,6.0,6,,,,,,,,
,,,,,21564,5.0,5,,,,,,,,
,,,,,21567,3.0,3,,,,,,,,
,,,,,21573,6.0,6,,,,,,,,
,,,,,21577,4.0,4,,,,,,,,
,,,,,21580,3.0,3,,,,,,,,
,,,,,21584,4.0,4,,,,,,,,
,,,,,21588,4.0,4,,,,,,,,
,,,,,21592,4.0,4,,,,,,,,
,,,,,21595,3.0,3,,,,,,,,
,,,,,21598,3.0,3,,,,,,,,
,,,,,21603,5.0,5,,,,,,,,
,,,,,21606,3.0,3,,,,,,,,
,,,,,21610,4.0,4,,,,,,,,
,,,,,21617,7.0,7,,,,,,,,
,,,,,21620,3.0,3,,,,,,,,
,,,,,21623,3.0,3,,,,,,,,
,,,,,21627,4.0,4,,,,,,,,
,,,,,21630,3.0,3,,,,,,,,
,,,,,21634,4.0,4,,,,,,,,
,,,,,21638,4.0,4,,,,,,,,
,,,,,21641,3.0,3,,,,,,,,
,,,,,21648,7.0,7,,,,,,,,
,,,,,21656,8.0,8,,,,,,,,
,,,,,21659,3.0,3,,,,,,,,
,,,,,21666,7.0,7,,,,,,,,
,,,,,21669,3.0,3,,,,,,,,
,,,,,21678,9.0,9,,,,,,,,
,,,,,21682,4.0,4,,,,,,,,
,,,,,21694,12.0,12,,,,,,,,
,,,,,21698,4.0,4,,,,,,,,
,,,,,21705,7.0,7,,,,,,,,
,,,,,21708,3.0,3,,,,,,,,
,,,,,21717,9.0,9,,,,,,,,
,,,,,21720,3.0,3,,,,,,,,
,,,,,21731,11.0,11,,,,,,,,
,,,,,21734,3.0,3,,,,,,,,
,,,,,21737,3.0,3,,,,,,,,
,,,,,21740,3.0,3,,,,,,,,
,,,,,21743,3.0,3,,,,,,,,
,,,,,21749,6.0,6,,,,,,,,
,,,,,21754,5.0,5,,,,,,,,
,,,,,21759,5.0,5,,,,,,,,
,,,,,21763,4.0,4,,,,,,,,
,,,,,21769,6.0,6,,,,,,,,
,,,,,21772,3.0,3,,,,,,,,
,,,,,21775,3.0,3,,,,,,,,
,,,,,21778,3.0,3,,,,,,,,
,,,,,21783,5.0,5,,,,,,,,
,,,,,21787,4.0,4,,,,,,,,
,,,,,21792,5.0,5,,,,,,,,
,,,,,21795,3.0,3,,,,,,,,
,,,,,21799,4.0,4,,,,,,,,
,,,,,21803,4.0,4,,,,,,,,
,,,,,21809,6.0,6,,,,,,,,
,,,,,21812,3.0,3,,,,,,,,
,,,,,21821,9.0,9,,,,,,,,
,,,,,21826,5.0,5,,,,,,,,
,,,,,21832,6.0,6,,,,,,,,
,,,,,21841,9.0,9,,,,,,,,
,,,,,21847,6.0,6,,,,,,,,
,,,,,21854,7.0,7,,,,,,,,
,,,,,21857,3.0,3,,,,,,,,
,,,,,21861,4.0,4,,,,,,,,
,,,,,21867,6.0,6,,,,,,,,
,,,,,21873,6.0,6,,,,,,,,
,,,,,21881,8.0,8,,,,,,,,
,,,,,21886,5.0,5,,,,,,,,
,,,,,21891,5.0,5,,,,,,,,
,,,,,21894,3.0,3,,,,,,,,
,,,,,21897,3.0,3,,,,,,,,
,,,,,21902,5.0,5,,,,,,,,
,,,,,21906,4.0,4,,,,,,,,
,,,,,21911,5.0,5,,,,,,,,
,,,,,21916,5.0,5,,,,,,,,
,,,,,21925,9.0,9,,,,,,,,
,,,,,21930,5.0,5,,,,,,,,
,,,,,21938,8.0,8,,,,,,,,
,,,,,21942,4.0,4,,,,,,,,
,,,,,21948,6.0,6,,,,,,,,
,,,,,21953,5.0,5,,,,,,,,
,,,,,21956,3.0,3,,,,,,,,
,,,,,21960,4.0,4,,,,,,,,
,,,,,21963,3.0,3,,,,,,,,
,,,,,21966,3.0,3,,,,,,,,
,,,,,21970,4.0,4,,,,,,,,
,,,,,21974,4.0,4,,,,,,,,
,,,,,21981,7.0,7,,,,,,,,
,,,,,21987,6.0,6,,,,,,,,
,,,,,21990,3.0,3,,,,,,,,
,,,,,21993,3.0,3,,,,,,,,
,,,,,21997,4.0,4,,,,,,,,
,,,,,22000,,,0.018842531368136406,0.18842531740665436,0.5210093259811401,3.5658531188964844,3.5449681282043457,0.0003,0.0003,0.1
,,,,,22003,6.0,6,,,,,,,,
,,,,,22006,3.0,3,,,,,,,,
,,,,,22010,4.0,4,,,,,,,,
,,,,,22017,7.0,7,,,,,,,,
,,,,,22020,3.0,3,,,,,,,,
,,,,,22023,3.0,3,,,,,,,,
,,,,,22030,7.0,7,,,,,,,,
,,,,,22036,6.0,6,,,,,,,,
,,,,,22041,5.0,5,,,,,,,,
,,,,,22044,3.0,3,,,,,,,,
,,,,,22047,3.0,3,,,,,,,,
,,,,,22050,3.0,3,,,,,,,,
,,,,,22055,5.0,5,,,,,,,,
,,,,,22058,3.0,3,,,,,,,,
,,,,,22063,5.0,5,,,,,,,,
,,,,,22071,8.0,8,,,,,,,,
,,,,,22074,3.0,3,,,,,,,,
,,,,,22077,3.0,3,,,,,,,,
,,,,,22080,3.0,3,,,,,,,,
,,,,,22083,3.0,3,,,,,,,,
,,,,,22095,12.0,12,,,,,,,,
,,,,,22099,4.0,4,,,,,,,,
,,,,,22102,3.0,3,,,,,,,,
,,,,,22105,3.0,3,,,,,,,,
,,,,,22108,3.0,3,,,,,,,,
,,,,,22112,4.0,4,,,,,,,,
,,,,,22115,3.0,3,,,,,,,,
,,,,,22125,10.0,10,,,,,,,,
,,,,,22134,9.0,9,,,,,,,,
,,,,,22137,3.0,3,,,,,,,,
,,,,,22142,5.0,5,,,,,,,,
,,,,,22145,3.0,3,,,,,,,,
,,,,,22148,3.0,3,,,,,,,,
,,,,,22153,5.0,5,,,,,,,,
,,,,,22156,3.0,3,,,,,,,,
,,,,,22166,10.0,10,,,,,,,,
,,,,,22169,3.0,3,,,,,,,,
,,,,,22172,3.0,3,,,,,,,,
,,,,,22175,3.0,3,,,,,,,,
,,,,,22187,12.0,12,,,,,,,,
,,,,,22195,8.0,8,,,,,,,,
,,,,,22199,4.0,4,,,,,,,,
,,,,,22205,6.0,6,,,,,,,,
,,,,,22210,5.0,5,,,,,,,,
,,,,,22214,4.0,4,,,,,,,,
,,,,,22218,4.0,4,,,,,,,,
,,,,,22221,3.0,3,,,,,,,,
,,,,,22226,5.0,5,,,,,,,,
,,,,,22230,4.0,4,,,,,,,,
,,,,,22234,4.0,4,,,,,,,,
,,,,,22240,6.0,6,,,,,,,,
,,,,,22249,9.0,9,,,,,,,,
,,,,,22252,3.0,3,,,,,,,,
,,,,,22258,6.0,6,,,,,,,,
,,,,,22262,4.0,4,,,,,,,,
,,,,,22266,4.0,4,,,,,,,,
,,,,,22269,3.0,3,,,,,,,,
,,,,,22272,3.0,3,,,,,,,,
,,,,,22281,9.0,9,,,,,,,,
,,,,,22284,3.0,3,,,,,,,,
,,,,,22287,3.0,3,,,,,,,,
,,,,,22291,4.0,4,,,,,,,,
,,,,,22294,3.0,3,,,,,,,,
,,,,,22297,3.0,3,,,,,,,,
,,,,,22300,3.0,3,,,,,,,,
,,,,,22304,4.0,4,,,,,,,,
,,,,,22308,4.0,4,,,,,,,,
,,,,,22316,8.0,8,,,,,,,,
,,,,,22322,6.0,6,,,,,,,,
,,,,,22325,3.0,3,,,,,,,,
,,,,,22328,3.0,3,,,,,,,,
,,,,,22331,3.0,3,,,,,,,,
,,,,,22342,11.0,11,,,,,,,,
,,,,,22345,3.0,3,,,,,,,,
,,,,,22354,9.0,9,,,,,,,,
,,,,,22365,11.0,11,,,,,,,,
,,,,,22368,3.0,3,,,,,,,,
,,,,,22374,6.0,6,,,,,,,,
,,,,,22377,3.0,3,,,,,,,,
,,,,,22381,4.0,4,,,,,,,,
,,,,,22384,3.0,3,,,,,,,,
,,,,,22396,12.0,12,,,,,,,,
,,,,,22401,5.0,5,,,,,,,,
,,,,,22405,4.0,4,,,,,,,,
,,,,,22415,10.0,10,,,,,,,,
,,,,,22422,7.0,7,,,,,,,,
,,,,,22426,4.0,4,,,,,,,,
,,,,,22431,5.0,5,,,,,,,,
,,,,,22441,10.0,10,,,,,,,,
,,,,,22446,5.0,5,,,,,,,,
,,,,,22451,5.0,5,,,,,,,,
,,,,,22460,9.0,9,,,,,,,,
,,,,,22472,12.0,12,,,,,,,,
,,,,,22475,3.0,3,,,,,,,,
,,,,,22480,5.0,5,,,,,,,,
,,,,,22483,3.0,3,,,,,,,,
,,,,,22486,3.0,3,,,,,,,,
,,,,,22496,10.0,10,,,,,,,,
,,,,,22504,8.0,8,,,,,,,,
,,,,,22508,4.0,4,,,,,,,,
,,,,,22511,3.0,3,,,,,,,,
,,,,,22516,5.0,5,,,,,,,,
,,,,,22519,3.0,3,,,,,,,,
,,,,,22523,4.0,4,,,,,,,,
,,,,,22526,3.0,3,,,,,,,,
,,,,,22529,3.0,3,,,,,,,,
,,,,,22535,6.0,6,,,,,,,,
,,,,,22542,7.0,7,,,,,,,,
,,,,,22555,13.0,13,,,,,,,,
,,,,,22558,3.0,3,,,,,,,,
,,,,,22562,4.0,4,,,,,,,,
,,,,,22575,13.0,13,,,,,,,,
,,,,,22581,6.0,6,,,,,,,,
,,,,,22585,4.0,4,,,,,,,,
,,,,,22588,3.0,3,,,,,,,,
,,,,,22591,3.0,3,,,,,,,,
,,,,,22594,3.0,3,,,,,,,,
,,,,,22597,3.0,3,,,,,,,,
,,,,,22601,4.0,4,,,,,,,,
,,,,,22607,6.0,6,,,,,,,,
,,,,,22612,5.0,5,,,,,,,,
,,,,,22615,3.0,3,,,,,,,,
,,,,,22620,5.0,5,,,,,,,,
,,,,,22623,3.0,3,,,,,,,,
,,,,,22630,7.0,7,,,,,,,,
,,,,,22633,3.0,3,,,,,,,,
,,,,,22636,3.0,3,,,,,,,,
,,,,,22650,14.0,14,,,,,,,,
,,,,,22653,3.0,3,,,,,,,,
,,,,,22659,6.0,6,,,,,,,,
,,,,,22665,6.0,6,,,,,,,,
,,,,,22669,4.0,4,,,,,,,,
,,,,,22672,3.0,3,,,,,,,,
,,,,,22681,9.0,9,,,,,,,,
,,,,,22684,3.0,3,,,,,,,,
,,,,,22689,5.0,5,,,,,,,,
,,,,,22692,3.0,3,,,,,,,,
,,,,,22695,3.0,3,,,,,,,,
,,,,,22701,6.0,6,,,,,,,,
,,,,,22704,3.0,3,,,,,,,,
,,,,,22707,3.0,3,,,,,,,,
,,,,,22710,3.0,3,,,,,,,,
,,,,,22717,7.0,7,,,,,,,,
,,,,,22722,5.0,5,,,,,,,,
,,,,,22725,3.0,3,,,,,,,,
,,,,,22736,11.0,11,,,,,,,,
,,,,,22747,11.0,11,,,,,,,,
,,,,,22750,3.0,3,,,,,,,,
,,,,,22755,5.0,5,,,,,,,,
,,,,,22758,3.0,3,,,,,,,,
,,,,,22761,3.0,3,,,,,,,,
,,,,,22764,3.0,3,,,,,,,,
,,,,,22770,6.0,6,,,,,,,,
,,,,,22779,9.0,9,,,,,,,,
,,,,,22789,10.0,10,,,,,,,,
,,,,,22799,10.0,10,,,,,,,,
,,,,,22809,10.0,10,,,,,,,,
,,,,,22816,7.0,7,,,,,,,,
,,,,,22819,3.0,3,,,,,,,,
,,,,,22837,18.0,18,,,,,,,,
,,,,,22840,3.0,3,,,,,,,,
,,,,,22851,11.0,11,,,,,,,,
,,,,,22862,11.0,11,,,,,,,,
,,,,,22865,3.0,3,,,,,,,,
,,,,,22869,4.0,4,,,,,,,,
,,,,,22876,7.0,7,,,,,,,,
,,,,,22880,4.0,4,,,,,,,,
,,,,,22884,4.0,4,,,,,,,,
,,,,,22887,3.0,3,,,,,,,,
,,,,,22896,9.0,9,,,,,,,,
,,,,,22901,5.0,5,,,,,,,,
,,,,,22905,4.0,4,,,,,,,,
,,,,,22908,3.0,3,,,,,,,,
,,,,,22912,4.0,4,,,,,,,,
,,,,,22918,6.0,6,,,,,,,,
,,,,,22924,6.0,6,,,,,,,,
,,,,,22931,7.0,7,,,,,,,,
,,,,,22939,8.0,8,,,,,,,,
,,,,,22942,3.0,3,,,,,,,,
,,,,,22956,14.0,14,,,,,,,,
,,,,,22965,9.0,9,,,,,,,,
,,,,,22968,3.0,3,,,,,,,,
,,,,,22972,4.0,4,,,,,,,,
,,,,,22975,3.0,3,,,,,,,,
,,,,,22979,4.0,4,,,,,,,,
,,,,,22990,11.0,11,,,,,,,,
,,,,,22994,4.0,4,,,,,,,,
,,,,,22997,3.0,3,,,,,,,,
,,,,,23000,,,-0.015376354567706585,-0.153763547539711,1.707669734954834,3.911717414855957,4.043764114379883,0.0003,0.0003,0.1
,,,,,23009,12.0,12,,,,,,,,
,,,,,23012,3.0,3,,,,,,,,
,,,,,23015,3.0,3,,,,,,,,
,,,,,23020,5.0,5,,,,,,,,
,,,,,23024,4.0,4,,,,,,,,
,,,,,23029,5.0,5,,,,,,,,
,,,,,23036,7.0,7,,,,,,,,
,,,,,23039,3.0,3,,,,,,,,
,,,,,23042,3.0,3,,,,,,,,
,,,,,23047,5.0,5,,,,,,,,
,,,,,23050,3.0,3,,,,,,,,
,,,,,23057,7.0,7,,,,,,,,
,,,,,23060,3.0,3,,,,,,,,
,,,,,23064,4.0,4,,,,,,,,
,,,,,23073,9.0,9,,,,,,,,
,,,,,23080,7.0,7,,,,,,,,
,,,,,23092,12.0,12,,,,,,,,
,,,,,23100,8.0,8,,,,,,,,
,,,,,23105,5.0,5,,,,,,,,
,,,,,23111,6.0,6,,,,,,,,
,,,,,23115,4.0,4,,,,,,,,
,,,,,23119,4.0,4,,,,,,,,
,,,,,23124,5.0,5,,,,,,,,
,,,,,23127,3.0,3,,,,,,,,
,,,,,23131,4.0,4,,,,,,,,
,,,,,23134,3.0,3,,,,,,,,
,,,,,23143,9.0,9,,,,,,,,
,,,,,23146,3.0,3,,,,,,,,
,,,,,23154,8.0,8,,,,,,,,
,,,,,23158,4.0,4,,,,,,,,
,,,,,23161,3.0,3,,,,,,,,
,,,,,23164,3.0,3,,,,,,,,
,,,,,23170,6.0,6,,,,,,,,
,,,,,23173,3.0,3,,,,,,,,
,,,,,23180,7.0,7,,,,,,,,
,,,,,23185,5.0,5,,,,,,,,
,,,,,23188,3.0,3,,,,,,,,
,,,,,23202,14.0,14,,,,,,,,
,,,,,23205,3.0,3,,,,,,,,
,,,,,23208,3.0,3,,,,,,,,
,,,,,23211,3.0,3,,,,,,,,
,,,,,23214,3.0,3,,,,,,,,
,,,,,23222,8.0,8,,,,,,,,
,,,,,23227,5.0,5,,,,,,,,
,,,,,23237,10.0,10,,,,,,,,
,,,,,23244,7.0,7,,,,,,,,
,,,,,23248,4.0,4,,,,,,,,
,,,,,23251,3.0,3,,,,,,,,
,,,,,23255,4.0,4,,,,,,,,
,,,,,23261,6.0,6,,,,,,,,
,,,,,23264,3.0,3,,,,,,,,
,,,,,23267,3.0,3,,,,,,,,
,,,,,23273,6.0,6,,,,,,,,
,,,,,23280,7.0,7,,,,,,,,
,,,,,23283,3.0,3,,,,,,,,
,,,,,23286,3.0,3,,,,,,,,
,,,,,23292,6.0,6,,,,,,,,
,,,,,23307,15.0,15,,,,,,,,
,,,,,23310,3.0,3,,,,,,,,
,,,,,23315,5.0,5,,,,,,,,
,,,,,23319,4.0,4,,,,,,,,
,,,,,23324,5.0,5,,,,,,,,
,,,,,23329,5.0,5,,,,,,,,
,,,,,23335,6.0,6,,,,,,,,
,,,,,23340,5.0,5,,,,,,,,
,,,,,23346,6.0,6,,,,,,,,
,,,,,23351,5.0,5,,,,,,,,
,,,,,23356,5.0,5,,,,,,,,
,,,,,23362,6.0,6,,,,,,,,
,,,,,23365,3.0,3,,,,,,,,
,,,,,23369,4.0,4,,,,,,,,
,,,,,23373,4.0,4,,,,,,,,
,,,,,23379,6.0,6,,,,,,,,
,,,,,23382,3.0,3,,,,,,,,
,,,,,23389,7.0,7,,,,,,,,
,,,,,23395,6.0,6,,,,,,,,
,,,,,23398,3.0,3,,,,,,,,
,,,,,23405,7.0,7,,,,,,,,
,,,,,23410,5.0,5,,,,,,,,
,,,,,23424,14.0,14,,,,,,,,
,,,,,23427,3.0,3,,,,,,,,
,,,,,23436,9.0,9,,,,,,,,
,,,,,23442,6.0,6,,,,,,,,
,,,,,23448,6.0,6,,,,,,,,
,,,,,23453,5.0,5,,,,,,,,
,,,,,23457,4.0,4,,,,,,,,
,,,,,23462,5.0,5,,,,,,,,
,,,,,23466,4.0,4,,,,,,,,
,,,,,23470,4.0,4,,,,,,,,
,,,,,23486,16.0,16,,,,,,,,
,,,,,23490,4.0,4,,,,,,,,
,,,,,23493,3.0,3,,,,,,,,
,,,,,23499,6.0,6,,,,,,,,
,,,,,23504,5.0,5,,,,,,,,
,,,,,23510,6.0,6,,,,,,,,
,,,,,23513,3.0,3,,,,,,,,
,,,,,23519,6.0,6,,,,,,,,
,,,,,23523,4.0,4,,,,,,,,
,,,,,23526,3.0,3,,,,,,,,
,,,,,23531,5.0,5,,,,,,,,
,,,,,23534,3.0,3,,,,,,,,
,,,,,23542,8.0,8,,,,,,,,
,,,,,23550,8.0,8,,,,,,,,
,,,,,23557,7.0,7,,,,,,,,
,,,,,23560,3.0,3,,,,,,,,
,,,,,23563,3.0,3,,,,,,,,
,,,,,23573,10.0,10,,,,,,,,
,,,,,23580,7.0,7,,,,,,,,
,,,,,23588,8.0,8,,,,,,,,
,,,,,23591,3.0,3,,,,,,,,
,,,,,23594,3.0,3,,,,,,,,
,,,,,23597,3.0,3,,,,,,,,
,,,,,23609,12.0,12,,,,,,,,
,,,,,23618,9.0,9,,,,,,,,
,,,,,23621,3.0,3,,,,,,,,
,,,,,23628,7.0,7,,,,,,,,
,,,,,23632,4.0,4,,,,,,,,
,,,,,23636,4.0,4,,,,,,,,
,,,,,23639,3.0,3,,,,,,,,
,,,,,23643,4.0,4,,,,,,,,
,,,,,23650,7.0,7,,,,,,,,
,,,,,23660,10.0,10,,,,,,,,
,,,,,23665,5.0,5,,,,,,,,
,,,,,23673,8.0,8,,,,,,,,
,,,,,23676,3.0,3,,,,,,,,
,,,,,23683,7.0,7,,,,,,,,
,,,,,23686,3.0,3,,,,,,,,
,,,,,23690,4.0,4,,,,,,,,
,,,,,23693,3.0,3,,,,,,,,
,,,,,23696,3.0,3,,,,,,,,
,,,,,23705,9.0,9,,,,,,,,
,,,,,23711,6.0,6,,,,,,,,
,,,,,23714,3.0,3,,,,,,,,
,,,,,23721,7.0,7,,,,,,,,
,,,,,23724,3.0,3,,,,,,,,
,,,,,23733,9.0,9,,,,,,,,
,,,,,23736,3.0,3,,,,,,,,
,,,,,23740,4.0,4,,,,,,,,
,,,,,23746,6.0,6,,,,,,,,
,,,,,23753,7.0,7,,,,,,,,
,,,,,23757,4.0,4,,,,,,,,
,,,,,23767,10.0,10,,,,,,,,
,,,,,23770,3.0,3,,,,,,,,
,,,,,23774,4.0,4,,,,,,,,
,,,,,23777,3.0,3,,,,,,,,
,,,,,23780,3.0,3,,,,,,,,
,,,,,23783,3.0,3,,,,,,,,
,,,,,23788,5.0,5,,,,,,,,
,,,,,23791,3.0,3,,,,,,,,
,,,,,23798,7.0,7,,,,,,,,
,,,,,23808,10.0,10,,,,,,,,
,,,,,23814,6.0,6,,,,,,,,
,,,,,23818,4.0,4,,,,,,,,
,,,,,23822,4.0,4,,,,,,,,
,,,,,23826,4.0,4,,,,,,,,
,,,,,23832,6.0,6,,,,,,,,
,,,,,23835,3.0,3,,,,,,,,
,,,,,23844,9.0,9,,,,,,,,
,,,,,23847,3.0,3,,,,,,,,
,,,,,23850,3.0,3,,,,,,,,
,,,,,23854,4.0,4,,,,,,,,
,,,,,23863,9.0,9,,,,,,,,
,,,,,23866,3.0,3,,,,,,,,
,,,,,23869,3.0,3,,,,,,,,
,,,,,23872,3.0,3,,,,,,,,
,,,,,23875,3.0,3,,,,,,,,
,,,,,23879,4.0,4,,,,,,,,
,,,,,23885,6.0,6,,,,,,,,
,,,,,23888,3.0,3,,,,,,,,
,,,,,23895,7.0,7,,,,,,,,
,,,,,23904,9.0,9,,,,,,,,
,,,,,23910,6.0,6,,,,,,,,
,,,,,23916,6.0,6,,,,,,,,
,,,,,23919,3.0,3,,,,,,,,
,,,,,23923,4.0,4,,,,,,,,
,,,,,23935,12.0,12,,,,,,,,
,,,,,23938,3.0,3,,,,,,,,
,,,,,23943,5.0,5,,,,,,,,
,,,,,23947,4.0,4,,,,,,,,
,,,,,23951,4.0,4,,,,,,,,
,,,,,23957,6.0,6,,,,,,,,
,,,,,23960,3.0,3,,,,,,,,
,,,,,23963,3.0,3,,,,,,,,
,,,,,23973,10.0,10,,,,,,,,
,,,,,23977,4.0,4,,,,,,,,
,,,,,23987,10.0,10,,,,,,,,
,,,,,23990,3.0,3,,,,,,,,
,,,,,23994,4.0,4,,,,,,,,
,,,,,24000,,,-0.015436387620866299,-0.15436387062072754,1.2255926132202148,3.3694398403167725,3.3978185653686523,0.0003,0.0003,0.1
,,,,,24002,8.0,8,,,,,,,,
,,,,,24006,4.0,4,,,,,,,,
,,,,,24010,4.0,4,,,,,,,,
,,,,,24014,4.0,4,,,,,,,,
,,,,,24020,6.0,6,,,,,,,,
,,,,,24026,6.0,6,,,,,,,,
,,,,,24029,3.0,3,,,,,,,,
,,,,,24032,3.0,3,,,,,,,,
,,,,,24037,5.0,5,,,,,,,,
,,,,,24046,9.0,9,,,,,,,,
,,,,,24051,5.0,5,,,,,,,,
,,,,,24054,3.0,3,,,,,,,,
,,,,,24063,9.0,9,,,,,,,,
,,,,,24066,3.0,3,,,,,,,,
,,,,,24069,3.0,3,,,,,,,,
,,,,,24077,8.0,8,,,,,,,,
,,,,,24080,3.0,3,,,,,,,,
,,,,,24083,3.0,3,,,,,,,,
,,,,,24086,3.0,3,,,,,,,,
,,,,,24089,3.0,3,,,,,,,,
,,,,,24095,6.0,6,,,,,,,,
,,,,,24098,3.0,3,,,,,,,,
,,,,,24103,5.0,5,,,,,,,,
,,,,,24108,5.0,5,,,,,,,,
,,,,,24113,5.0,5,,,,,,,,
,,,,,24118,5.0,5,,,,,,,,
,,,,,24121,3.0,3,,,,,,,,
,,,,,24124,3.0,3,,,,,,,,
,,,,,24128,4.0,4,,,,,,,,
,,,,,24131,3.0,3,,,,,,,,
,,,,,24134,3.0,3,,,,,,,,
,,,,,24141,7.0,7,,,,,,,,
,,,,,24148,7.0,7,,,,,,,,
,,,,,24151,3.0,3,,,,,,,,
,,,,,24155,4.0,4,,,,,,,,
,,,,,24166,11.0,11,,,,,,,,
,,,,,24169,3.0,3,,,,,,,,
,,,,,24176,7.0,7,,,,,,,,
,,,,,24179,3.0,3,,,,,,,,
,,,,,24184,5.0,5,,,,,,,,
,,,,,24187,3.0,3,,,,,,,,
,,,,,24190,3.0,3,,,,,,,,
,,,,,24193,3.0,3,,,,,,,,
,,,,,24196,3.0,3,,,,,,,,
,,,,,24200,4.0,4,,,,,,,,
,,,,,24203,3.0,3,,,,,,,,
,,,,,24207,4.0,4,,,,,,,,
,,,,,24211,4.0,4,,,,,,,,
,,,,,24215,4.0,4,,,,,,,,
,,,,,24218,3.0,3,,,,,,,,
,,,,,24228,10.0,10,,,,,,,,
,,,,,24239,11.0,11,,,,,,,,
,,,,,24243,4.0,4,,,,,,,,
,,,,,24246,3.0,3,,,,,,,,
,,,,,24249,3.0,3,,,,,,,,
,,,,,24258,9.0,9,,,,,,,,
,,,,,24263,5.0,5,,,,,,,,
,,,,,24273,10.0,10,,,,,,,,
,,,,,24277,4.0,4,,,,,,,,
,,,,,24280,3.0,3,,,,,,,,
,,,,,24283,3.0,3,,,,,,,,
,,,,,24286,3.0,3,,,,,,,,
,,,,,24290,4.0,4,,,,,,,,
,,,,,24293,3.0,3,,,,,,,,
,,,,,24298,5.0,5,,,,,,,,
,,,,,24304,6.0,6,,,,,,,,
,,,,,24312,8.0,8,,,,,,,,
,,,,,24315,3.0,3,,,,,,,,
,,,,,24318,3.0,3,,,,,,,,
,,,,,24321,3.0,3,,,,,,,,
,,,,,24325,4.0,4,,,,,,,,
,,,,,24328,3.0,3,,,,,,,,
,,,,,24335,7.0,7,,,,,,,,
,,,,,24338,3.0,3,,,,,,,,
,,,,,24341,3.0,3,,,,,,,,
,,,,,24349,8.0,8,,,,,,,,
,,,,,24355,6.0,6,,,,,,,,
,,,,,24361,6.0,6,,,,,,,,
,,,,,24384,23.0,23,,,,,,,,
,,,,,24388,4.0,4,,,,,,,,
,,,,,24391,3.0,3,,,,,,,,
,,,,,24394,3.0,3,,,,,,,,
,,,,,24402,8.0,8,,,,,,,,
,,,,,24412,10.0,10,,,,,,,,
,,,,,24417,5.0,5,,,,,,,,
,,,,,24422,5.0,5,,,,,,,,
,,,,,24425,3.0,3,,,,,,,,
,,,,,24428,3.0,3,,,,,,,,
,,,,,24433,5.0,5,,,,,,,,
,,,,,24438,5.0,5,,,,,,,,
,,,,,24441,3.0,3,,,,,,,,
,,,,,24448,7.0,7,,,,,,,,
,,,,,24456,8.0,8,,,,,,,,
,,,,,24460,4.0,4,,,,,,,,
,,,,,24463,3.0,3,,,,,,,,
,,,,,24467,4.0,4,,,,,,,,
,,,,,24470,3.0,3,,,,,,,,
,,,,,24473,3.0,3,,,,,,,,
,,,,,24483,10.0,10,,,,,,,,
,,,,,24488,5.0,5,,,,,,,,
,,,,,24492,4.0,4,,,,,,,,
,,,,,24495,3.0,3,,,,,,,,
,,,,,24503,8.0,8,,,,,,,,
,,,,,24506,3.0,3,,,,,,,,
,,,,,24512,6.0,6,,,,,,,,
,,,,,24515,3.0,3,,,,,,,,
,,,,,24519,4.0,4,,,,,,,,
,,,,,24527,8.0,8,,,,,,,,
,,,,,24533,6.0,6,,,,,,,,
,,,,,24536,3.0,3,,,,,,,,
,,,,,24543,7.0,7,,,,,,,,
,,,,,24552,9.0,9,,,,,,,,
,,,,,24562,10.0,10,,,,,,,,
,,,,,24570,8.0,8,,,,,,,,
,,,,,24573,3.0,3,,,,,,,,
,,,,,24576,3.0,3,,,,,,,,
,,,,,24582,6.0,6,,,,,,,,
,,,,,24585,3.0,3,,,,,,,,
,,,,,24589,4.0,4,,,,,,,,
,,,,,24593,4.0,4,,,,,,,,
,,,,,24600,7.0,7,,,,,,,,
,,,,,24604,4.0,4,,,,,,,,
,,,,,24607,3.0,3,,,,,,,,
,,,,,24610,3.0,3,,,,,,,,
,,,,,24614,4.0,4,,,,,,,,
,,,,,24618,4.0,4,,,,,,,,
,,,,,24621,3.0,3,,,,,,,,
,,,,,24633,12.0,12,,,,,,,,
,,,,,24637,4.0,4,,,,,,,,
,,,,,24640,3.0,3,,,,,,,,
,,,,,24643,3.0,3,,,,,,,,
,,,,,24646,3.0,3,,,,,,,,
,,,,,24651,5.0,5,,,,,,,,
,,,,,24656,5.0,5,,,,,,,,
,,,,,24661,5.0,5,,,,,,,,
,,,,,24665,4.0,4,,,,,,,,
,,,,,24671,6.0,6,,,,,,,,
,,,,,24674,3.0,3,,,,,,,,
,,,,,24677,3.0,3,,,,,,,,
,,,,,24680,3.0,3,,,,,,,,
,,,,,24687,7.0,7,,,,,,,,
,,,,,24690,3.0,3,,,,,,,,
,,,,,24695,5.0,5,,,,,,,,
,,,,,24698,3.0,3,,,,,,,,
,,,,,24707,9.0,9,,,,,,,,
,,,,,24710,3.0,3,,,,,,,,
,,,,,24714,4.0,4,,,,,,,,
,,,,,24717,3.0,3,,,,,,,,
,,,,,24720,3.0,3,,,,,,,,
,,,,,24727,7.0,7,,,,,,,,
,,,,,24731,4.0,4,,,,,,,,
,,,,,24735,4.0,4,,,,,,,,
,,,,,24742,7.0,7,,,,,,,,
,,,,,24746,4.0,4,,,,,,,,
,,,,,24749,3.0,3,,,,,,,,
,,,,,24757,8.0,8,,,,,,,,
,,,,,24760,3.0,3,,,,,,,,
,,,,,24763,3.0,3,,,,,,,,
,,,,,24768,5.0,5,,,,,,,,
,,,,,24776,8.0,8,,,,,,,,
,,,,,24779,3.0,3,,,,,,,,
,,,,,24782,3.0,3,,,,,,,,
,,,,,24786,4.0,4,,,,,,,,
,,,,,24793,7.0,7,,,,,,,,
,,,,,24796,3.0,3,,,,,,,,
,,,,,24801,5.0,5,,,,,,,,
,,,,,24806,5.0,5,,,,,,,,
,,,,,24809,3.0,3,,,,,,,,
,,,,,24812,3.0,3,,,,,,,,
,,,,,24815,3.0,3,,,,,,,,
,,,,,24820,5.0,5,,,,,,,,
,,,,,24823,3.0,3,,,,,,,,
,,,,,24827,4.0,4,,,,,,,,
,,,,,24837,10.0,10,,,,,,,,
,,,,,24846,9.0,9,,,,,,,,
,,,,,24853,7.0,7,,,,,,,,
,,,,,24857,4.0,4,,,,,,,,
,,,,,24860,3.0,3,,,,,,,,
,,,,,24866,6.0,6,,,,,,,,
,,,,,24869,3.0,3,,,,,,,,
,,,,,24872,3.0,3,,,,,,,,
,,,,,24875,3.0,3,,,,,,,,
,,,,,24878,3.0,3,,,,,,,,
,,,,,24881,3.0,3,,,,,,,,
,,,,,24888,7.0,7,,,,,,,,
,,,,,24892,4.0,4,,,,,,,,
,,,,,24895,3.0,3,,,,,,,,
,,,,,24898,3.0,3,,,,,,,,
,,,,,24901,3.0,3,,,,,,,,
,,,,,24910,9.0,9,,,,,,,,
,,,,,24917,7.0,7,,,,,,,,
,,,,,24920,3.0,3,,,,,,,,
,,,,,24923,3.0,3,,,,,,,,
,,,,,24927,4.0,4,,,,,,,,
,,,,,24939,12.0,12,,,,,,,,
,,,,,24942,3.0,3,,,,,,,,
,,,,,24949,7.0,7,,,,,,,,
,,,,,24952,3.0,3,,,,,,,,
,,,,,24957,5.0,5,,,,,,,,
,,,,,24960,3.0,3,,,,,,,,
,,,,,24967,7.0,7,,,,,,,,
,,,,,24970,3.0,3,,,,,,,,
,,,,,24973,3.0,3,,,,,,,,
,,,,,24984,11.0,11,,,,,,,,
,,,,,24990,6.0,6,,,,,,,,
,,,,,24993,3.0,3,,,,,,,,
4.2,2.0396078,9.0,3.0,4.2,25000,,,0.049409251660108566,0.49409252405166626,1.1290998458862305,3.7657883167266846,3.7354862689971924,0.0003,0.0003,0.1
,,,,,25001,8.0,8,,,,,,,,
,,,,,25006,5.0,5,,,,,,,,
,,,,,25012,6.0,6,,,,,,,,
,,,,,25015,3.0,3,,,,,,,,
,,,,,25018,3.0,3,,,,,,,,
,,,,,25025,7.0,7,,,,,,,,
,,,,,25030,5.0,5,,,,,,,,
,,,,,25038,8.0,8,,,,,,,,
,,,,,25041,3.0,3,,,,,,,,
,,,,,25045,4.0,4,,,,,,,,
,,,,,25050,5.0,5,,,,,,,,
,,,,,25053,3.0,3,,,,,,,,
,,,,,25057,4.0,4,,,,,,,,
,,,,,25063,6.0,6,,,,,,,,
,,,,,25069,6.0,6,,,,,,,,
,,,,,25072,3.0,3,,,,,,,,
,,,,,25077,5.0,5,,,,,,,,
,,,,,25080,3.0,3,,,,,,,,
,,,,,25083,3.0,3,,,,,,,,
,,,,,25089,6.0,6,,,,,,,,
,,,,,25094,5.0,5,,,,,,,,
,,,,,25101,7.0,7,,,,,,,,
,,,,,25105,4.0,4,,,,,,,,
,,,,,25118,13.0,13,,,,,,,,
,,,,,25122,4.0,4,,,,,,,,
,,,,,25129,7.0,7,,,,,,,,
,,,,,25135,6.0,6,,,,,,,,
,,,,,25142,7.0,7,,,,,,,,
,,,,,25148,6.0,6,,,,,,,,
,,,,,25151,3.0,3,,,,,,,,
,,,,,25156,5.0,5,,,,,,,,
,,,,,25161,5.0,5,,,,,,,,
,,,,,25173,12.0,12,,,,,,,,
,,,,,25176,3.0,3,,,,,,,,
,,,,,25179,3.0,3,,,,,,,,
,,,,,25190,11.0,11,,,,,,,,
,,,,,25194,4.0,4,,,,,,,,
,,,,,25207,13.0,13,,,,,,,,
,,,,,25221,14.0,14,,,,,,,,
,,,,,25225,4.0,4,,,,,,,,
,,,,,25228,3.0,3,,,,,,,,
,,,,,25234,6.0,6,,,,,,,,
,,,,,25237,3.0,3,,,,,,,,
,,,,,25246,9.0,9,,,,,,,,
,,,,,25252,6.0,6,,,,,,,,
,,,,,25256,4.0,4,,,,,,,,
,,,,,25272,16.0,16,,,,,,,,
,,,,,25278,6.0,6,,,,,,,,
,,,,,25284,6.0,6,,,,,,,,
,,,,,25287,3.0,3,,,,,,,,
,,,,,25291,4.0,4,,,,,,,,
,,,,,25295,4.0,4,,,,,,,,
,,,,,25302,7.0,7,,,,,,,,
,,,,,25305,3.0,3,,,,,,,,
,,,,,25314,9.0,9,,,,,,,,
,,,,,25321,7.0,7,,,,,,,,
,,,,,25332,11.0,11,,,,,,,,
,,,,,25336,4.0,4,,,,,,,,
,,,,,25343,7.0,7,,,,,,,,
,,,,,25347,4.0,4,,,,,,,,
,,,,,25353,6.0,6,,,,,,,,
,,,,,25363,10.0,10,,,,,,,,
,,,,,25366,3.0,3,,,,,,,,
,,,,,25373,7.0,7,,,,,,,,
,,,,,25377,4.0,4,,,,,,,,
,,,,,25384,7.0,7,,,,,,,,
,,,,,25387,3.0,3,,,,,,,,
,,,,,25392,5.0,5,,,,,,,,
,,,,,25399,7.0,7,,,,,,,,
,,,,,25402,3.0,3,,,,,,,,
,,,,,25409,7.0,7,,,,,,,,
,,,,,25423,14.0,14,,,,,,,,
,,,,,25428,5.0,5,,,,,,,,
,,,,,25431,3.0,3,,,,,,,,
,,,,,25434,3.0,3,,,,,,,,
,,,,,25440,6.0,6,,,,,,,,
,,,,,25447,7.0,7,,,,,,,,
,,,,,25450,3.0,3,,,,,,,,
,,,,,25477,27.0,27,,,,,,,,
,,,,,25481,4.0,4,,,,,,,,
,,,,,25484,3.0,3,,,,,,,,
,,,,,25491,7.0,7,,,,,,,,
,,,,,25498,7.0,7,,,,,,,,
,,,,,25506,8.0,8,,,,,,,,
,,,,,25514,8.0,8,,,,,,,,
,,,,,25517,3.0,3,,,,,,,,
,,,,,25520,3.0,3,,,,,,,,
,,,,,25524,4.0,4,,,,,,,,
,,,,,25528,4.0,4,,,,,,,,
,,,,,25532,4.0,4,,,,,,,,
,,,,,25535,3.0,3,,,,,,,,
,,,,,25545,10.0,10,,,,,,,,
,,,,,25548,3.0,3,,,,,,,,
,,,,,25559,11.0,11,,,,,,,,
,,,,,25564,5.0,5,,,,,,,,
,,,,,25567,3.0,3,,,,,,,,
,,,,,25570,3.0,3,,,,,,,,
,,,,,25573,3.0,3,,,,,,,,
,,,,,25579,6.0,6,,,,,,,,
,,,,,25582,3.0,3,,,,,,,,
,,,,,25585,3.0,3,,,,,,,,
,,,,,25593,8.0,8,,,,,,,,
,,,,,25596,3.0,3,,,,,,,,
,,,,,25602,6.0,6,,,,,,,,
,,,,,25608,6.0,6,,,,,,,,
,,,,,25621,13.0,13,,,,,,,,
,,,,,25624,3.0,3,,,,,,,,
,,,,,25638,14.0,14,,,,,,,,
,,,,,25645,7.0,7,,,,,,,,
,,,,,25650,5.0,5,,,,,,,,
,,,,,25660,10.0,10,,,,,,,,
,,,,,25671,11.0,11,,,,,,,,
,,,,,25675,4.0,4,,,,,,,,
,,,,,25680,5.0,5,,,,,,,,
,,,,,25686,6.0,6,,,,,,,,
,,,,,25689,3.0,3,,,,,,,,
,,,,,25696,7.0,7,,,,,,,,
,,,,,25700,4.0,4,,,,,,,,
,,,,,25704,4.0,4,,,,,,,,
,,,,,25707,3.0,3,,,,,,,,
,,,,,25710,3.0,3,,,,,,,,
,,,,,25719,9.0,9,,,,,,,,
,,,,,25722,3.0,3,,,,,,,,
,,,,,25732,10.0,10,,,,,,,,
,,,,,25740,8.0,8,,,,,,,,
,,,,,25745,5.0,5,,,,,,,,
,,,,,25750,5.0,5,,,,,,,,
,,,,,25756,6.0,6,,,,,,,,
,,,,,25765,9.0,9,,,,,,,,
,,,,,25772,7.0,7,,,,,,,,
,,,,,25779,7.0,7,,,,,,,,
,,,,,25792,13.0,13,,,,,,,,
,,,,,25795,3.0,3,,,,,,,,
,,,,,25826,31.0,31,,,,,,,,
,,,,,25834,8.0,8,,,,,,,,
,,,,,25848,14.0,14,,,,,,,,
,,,,,25851,3.0,3,,,,,,,,
,,,,,25854,3.0,3,,,,,,,,
,,,,,25857,3.0,3,,,,,,,,
,,,,,25862,5.0,5,,,,,,,,
,,,,,25866,4.0,4,,,,,,,,
,,,,,25876,10.0,10,,,,,,,,
,,,,,25879,3.0,3,,,,,,,,
,,,,,25885,6.0,6,,,,,,,,
,,,,,25898,13.0,13,,,,,,,,
,,,,,25903,5.0,5,,,,,,,,
,,,,,25906,3.0,3,,,,,,,,
,,,,,25915,9.0,9,,,,,,,,
,,,,,25919,4.0,4,,,,,,,,
,,,,,25923,4.0,4,,,,,,,,
,,,,,25946,23.0,23,,,,,,,,
,,,,,25950,4.0,4,,,,,,,,
,,,,,25958,8.0,8,,,,,,,,
,,,,,25961,3.0,3,,,,,,,,
,,,,,25979,18.0,18,,,,,,,,
,,,,,25982,3.0,3,,,,,,,,
,,,,,25997,15.0,15,,,,,,,,
,,,,,26000,,,-0.0024170049000531435,-0.024170048534870148,1.594405174255371,3.9876761436462402,3.962892532348633,0.0003,0.0003,0.1
,,,,,26001,4.0,4,,,,,,,,
,,,,,26011,10.0,10,,,,,,,,
,,,,,26018,7.0,7,,,,,,,,
,,,,,26023,5.0,5,,,,,,,,
,,,,,26029,6.0,6,,,,,,,,
,,,,,26038,9.0,9,,,,,,,,
,,,,,26043,5.0,5,,,,,,,,
,,,,,26052,9.0,9,,,,,,,,
,,,,,26057,5.0,5,,,,,,,,
,,,,,26060,3.0,3,,,,,,,,
,,,,,26063,3.0,3,,,,,,,,
,,,,,26066,3.0,3,,,,,,,,
,,,,,26075,9.0,9,,,,,,,,
,,,,,26085,10.0,10,,,,,,,,
,,,,,26105,20.0,20,,,,,,,,
,,,,,26110,5.0,5,,,,,,,,
,,,,,26114,4.0,4,,,,,,,,
,,,,,26117,3.0,3,,,,,,,,
,,,,,26124,7.0,7,,,,,,,,
,,,,,26129,5.0,5,,,,,,,,
,,,,,26133,4.0,4,,,,,,,,
,,,,,26148,15.0,15,,,,,,,,
,,,,,26151,3.0,3,,,,,,,,
,,,,,26161,10.0,10,,,,,,,,
,,,,,26167,6.0,6,,,,,,,,
,,,,,26172,5.0,5,,,,,,,,
,,,,,26177,5.0,5,,,,,,,,
,,,,,26186,9.0,9,,,,,,,,
,,,,,26193,7.0,7,,,,,,,,
,,,,,26214,21.0,21,,,,,,,,
,,,,,26231,17.0,17,,,,,,,,
,,,,,26240,9.0,9,,,,,,,,
,,,,,26243,3.0,3,,,,,,,,
,,,,,26261,18.0,18,,,,,,,,
,,,,,26265,4.0,4,,,,,,,,
,,,,,26276,11.0,11,,,,,,,,
,,,,,26282,6.0,6,,,,,,,,
,,,,,26289,7.0,7,,,,,,,,
,,,,,26300,11.0,11,,,,,,,,
,,,,,26324,24.0,24,,,,,,,,
,,,,,26337,13.0,13,,,,,,,,
,,,,,26342,5.0,5,,,,,,,,
,,,,,26351,9.0,9,,,,,,,,
,,,,,26360,9.0,9,,,,,,,,
,,,,,26368,8.0,8,,,,,,,,
,,,,,26371,3.0,3,,,,,,,,
,,,,,26378,7.0,7,,,,,,,,
,,,,,26389,11.0,11,,,,,,,,
,,,,,26395,6.0,6,,,,,,,,
,,,,,26399,4.0,4,,,,,,,,
,,,,,26402,3.0,3,,,,,,,,
,,,,,26411,9.0,9,,,,,,,,
,,,,,26418,7.0,7,,,,,,,,
,,,,,26430,12.0,12,,,,,,,,
,,,,,26438,8.0,8,,,,,,,,
,,,,,26441,3.0,3,,,,,,,,
,,,,,26469,28.0,28,,,,,,,,
,,,,,26478,9.0,9,,,,,,,,
,,,,,26484,6.0,6,,,,,,,,
,,,,,26495,11.0,11,,,,,,,,
,,,,,26498,3.0,3,,,,,,,,
,,,,,26501,3.0,3,,,,,,,,
,,,,,26506,5.0,5,,,,,,,,
,,,,,26517,11.0,11,,,,,,,,
,,,,,26523,6.0,6,,,,,,,,
,,,,,26529,6.0,6,,,,,,,,
,,,,,26536,7.0,7,,,,,,,,
,,,,,26539,3.0,3,,,,,,,,
,,,,,26548,9.0,9,,,,,,,,
,,,,,26551,3.0,3,,,,,,,,
,,,,,26556,5.0,5,,,,,,,,
,,,,,26568,12.0,12,,,,,,,,
,,,,,26573,5.0,5,,,,,,,,
,,,,,26576,3.0,3,,,,,,,,
,,,,,26580,4.0,4,,,,,,,,
,,,,,26597,17.0,17,,,,,,,,
,,,,,26612,15.0,15,,,,,,,,
,,,,,26615,3.0,3,,,,,,,,
,,,,,26623,8.0,8,,,,,,,,
,,,,,26633,10.0,10,,,,,,,,
,,,,,26649,16.0,16,,,,,,,,
,,,,,26660,11.0,11,,,,,,,,
,,,,,26664,4.0,4,,,,,,,,
,,,,,26671,7.0,7,,,,,,,,
,,,,,26677,6.0,6,,,,,,,,
,,,,,26685,8.0,8,,,,,,,,
,,,,,26689,4.0,4,,,,,,,,
,,,,,26699,10.0,10,,,,,,,,
,,,,,26703,4.0,4,,,,,,,,
,,,,,26706,3.0,3,,,,,,,,
,,,,,26715,9.0,9,,,,,,,,
,,,,,26728,13.0,13,,,,,,,,
,,,,,26746,18.0,18,,,,,,,,
,,,,,26750,4.0,4,,,,,,,,
,,,,,26756,6.0,6,,,,,,,,
,,,,,26761,5.0,5,,,,,,,,
,,,,,26776,15.0,15,,,,,,,,
,,,,,26780,4.0,4,,,,,,,,
,,,,,26793,13.0,13,,,,,,,,
,,,,,26801,8.0,8,,,,,,,,
,,,,,26806,5.0,5,,,,,,,,
,,,,,26810,4.0,4,,,,,,,,
,,,,,26816,6.0,6,,,,,,,,
,,,,,26832,16.0,16,,,,,,,,
,,,,,26840,8.0,8,,,,,,,,
,,,,,26858,18.0,18,,,,,,,,
,,,,,26862,4.0,4,,,,,,,,
,,,,,26874,12.0,12,,,,,,,,
,,,,,26885,11.0,11,,,,,,,,
,,,,,26894,9.0,9,,,,,,,,
,,,,,26902,8.0,8,,,,,,,,
,,,,,26905,3.0,3,,,,,,,,
,,,,,26916,11.0,11,,,,,,,,
,,,,,26927,11.0,11,,,,,,,,
,,,,,26932,5.0,5,,,,,,,,
,,,,,26941,9.0,9,,,,,,,,
,,,,,26951,10.0,10,,,,,,,,
,,,,,26961,10.0,10,,,,,,,,
,,,,,26968,7.0,7,,,,,,,,
,,,,,26972,4.0,4,,,,,,,,
,,,,,26989,17.0,17,,,,,,,,
,,,,,26995,6.0,6,,,,,,,,
,,,,,26998,3.0,3,,,,,,,,
,,,,,27000,,,0.03524157404899597,0.3524157404899597,2.242168426513672,5.120670318603516,5.108962535858154,0.0003,0.0003,0.1
,,,,,27003,5.0,5,,,,,,,,
,,,,,27013,10.0,10,,,,,,,,
,,,,,27019,6.0,6,,,,,,,,
,,,,,27024,5.0,5,,,,,,,,
,,,,,27033,9.0,9,,,,,,,,
,,,,,27039,6.0,6,,,,,,,,
,,,,,27046,7.0,7,,,,,,,,
,,,,,27049,3.0,3,,,,,,,,
,,,,,27052,3.0,3,,,,,,,,
,,,,,27063,11.0,11,,,,,,,,
,,,,,27069,6.0,6,,,,,,,,
,,,,,27077,8.0,8,,,,,,,,
,,,,,27084,7.0,7,,,,,,,,
,,,,,27087,3.0,3,,,,,,,,
,,,,,27090,3.0,3,,,,,,,,
,,,,,27110,20.0,20,,,,,,,,
,,,,,27117,7.0,7,,,,,,,,
,,,,,27121,4.0,4,,,,,,,,
,,,,,27133,12.0,12,,,,,,,,
,,,,,27138,5.0,5,,,,,,,,
,,,,,27152,14.0,14,,,,,,,,
,,,,,27158,6.0,6,,,,,,,,
,,,,,27161,3.0,3,,,,,,,,
,,,,,27164,3.0,3,,,,,,,,
,,,,,27167,3.0,3,,,,,,,,
,,,,,27170,3.0,3,,,,,,,,
,,,,,27181,11.0,11,,,,,,,,
,,,,,27190,9.0,9,,,,,,,,
,,,,,27201,11.0,11,,,,,,,,
,,,,,27208,7.0,7,,,,,,,,
,,,,,27211,3.0,3,,,,,,,,
,,,,,27218,7.0,7,,,,,,,,
,,,,,27226,8.0,8,,,,,,,,
,,,,,27235,9.0,9,,,,,,,,
,,,,,27238,3.0,3,,,,,,,,
,,,,,27243,5.0,5,,,,,,,,
,,,,,27252,9.0,9,,,,,,,,
,,,,,27262,10.0,10,,,,,,,,
,,,,,27265,3.0,3,,,,,,,,
,,,,,27269,4.0,4,,,,,,,,
,,,,,27274,5.0,5,,,,,,,,
,,,,,27285,11.0,11,,,,,,,,
,,,,,27290,5.0,5,,,,,,,,
,,,,,27293,3.0,3,,,,,,,,
,,,,,27297,4.0,4,,,,,,,,
,,,,,27311,14.0,14,,,,,,,,
,,,,,27317,6.0,6,,,,,,,,
,,,,,27321,4.0,4,,,,,,,,
,,,,,27324,3.0,3,,,,,,,,
,,,,,27335,11.0,11,,,,,,,,
,,,,,27340,5.0,5,,,,,,,,
,,,,,27350,10.0,10,,,,,,,,
,,,,,27360,10.0,10,,,,,,,,
,,,,,27371,11.0,11,,,,,,,,
,,,,,27378,7.0,7,,,,,,,,
,,,,,27387,9.0,9,,,,,,,,
,,,,,27395,8.0,8,,,,,,,,
,,,,,27402,7.0,7,,,,,,,,
,,,,,27411,9.0,9,,,,,,,,
,,,,,27415,4.0,4,,,,,,,,
,,,,,27421,6.0,6,,,,,,,,
,,,,,27425,4.0,4,,,,,,,,
,,,,,27444,19.0,19,,,,,,,,
,,,,,27449,5.0,5,,,,,,,,
,,,,,27454,5.0,5,,,,,,,,
,,,,,27465,11.0,11,,,,,,,,
,,,,,27501,36.0,36,,,,,,,,
,,,,,27509,8.0,8,,,,,,,,
,,,,,27512,3.0,3,,,,,,,,
,,,,,27520,8.0,8,,,,,,,,
,,,,,27527,7.0,7,,,,,,,,
,,,,,27539,12.0,12,,,,,,,,
,,,,,27551,12.0,12,,,,,,,,
,,,,,27561,10.0,10,,,,,,,,
,,,,,27568,7.0,7,,,,,,,,
,,,,,27579,11.0,11,,,,,,,,
,,,,,27589,10.0,10,,,,,,,,
,,,,,27592,3.0,3,,,,,,,,
,,,,,27595,3.0,3,,,,,,,,
,,,,,27598,3.0,3,,,,,,,,
,,,,,27609,11.0,11,,,,,,,,
,,,,,27613,4.0,4,,,,,,,,
,,,,,27625,12.0,12,,,,,,,,
,,,,,27628,3.0,3,,,,,,,,
,,,,,27631,3.0,3,,,,,,,,
,,,,,27646,15.0,15,,,,,,,,
,,,,,27649,3.0,3,,,,,,,,
,,,,,27656,7.0,7,,,,,,,,
,,,,,27660,4.0,4,,,,,,,,
,,,,,27663,3.0,3,,,,,,,,
,,,,,27666,3.0,3,,,,,,,,
,,,,,27671,5.0,5,,,,,,,,
,,,,,27674,3.0,3,,,,,,,,
,,,,,27678,4.0,4,,,,,,,,
,,,,,27681,3.0,3,,,,,,,,
,,,,,27691,10.0,10,,,,,,,,
,,,,,27700,9.0,9,,,,,,,,
,,,,,27704,4.0,4,,,,,,,,
,,,,,27708,4.0,4,,,,,,,,
,,,,,27720,12.0,12,,,,,,,,
,,,,,27725,5.0,5,,,,,,,,
,,,,,27731,6.0,6,,,,,,,,
,,,,,27740,9.0,9,,,,,,,,
,,,,,27745,5.0,5,,,,,,,,
,,,,,27759,14.0,14,,,,,,,,
,,,,,27765,6.0,6,,,,,,,,
,,,,,27775,10.0,10,,,,,,,,
,,,,,27788,13.0,13,,,,,,,,
,,,,,27792,4.0,4,,,,,,,,
,,,,,27811,19.0,19,,,,,,,,
,,,,,27815,4.0,4,,,,,,,,
,,,,,27821,6.0,6,,,,,,,,
,,,,,27828,7.0,7,,,,,,,,
,,,,,27840,12.0,12,,,,,,,,
,,,,,27844,4.0,4,,,,,,,,
,,,,,27859,15.0,15,,,,,,,,
,,,,,27864,5.0,5,,,,,,,,
,,,,,27868,4.0,4,,,,,,,,
,,,,,27874,6.0,6,,,,,,,,
,,,,,27883,9.0,9,,,,,,,,
,,,,,27888,5.0,5,,,,,,,,
,,,,,27891,3.0,3,,,,,,,,
,,,,,27902,11.0,11,,,,,,,,
,,,,,27912,10.0,10,,,,,,,,
,,,,,27917,5.0,5,,,,,,,,
,,,,,27921,4.0,4,,,,,,,,
,,,,,27926,5.0,5,,,,,,,,
,,,,,27942,16.0,16,,,,,,,,
,,,,,27946,4.0,4,,,,,,,,
,,,,,27949,3.0,3,,,,,,,,
,,,,,27967,18.0,18,,,,,,,,
,,,,,27971,4.0,4,,,,,,,,
,,,,,27995,24.0,24,,,,,,,,
,,,,,27998,3.0,3,,,,,,,,
,,,,,28000,,,0.010010912083089352,0.10010911524295807,2.746995210647583,5.007300853729248,5.124885559082031,0.0003,0.0003,0.1
,,,,,28003,5.0,5,,,,,,,,
,,,,,28018,15.0,15,,,,,,,,
,,,,,28024,6.0,6,,,,,,,,
,,,,,28034,10.0,10,,,,,,,,
,,,,,28038,4.0,4,,,,,,,,
,,,,,28042,4.0,4,,,,,,,,
,,,,,28048,6.0,6,,,,,,,,
,,,,,28055,7.0,7,,,,,,,,
,,,,,28058,3.0,3,,,,,,,,
,,,,,28062,4.0,4,,,,,,,,
,,,,,28086,24.0,24,,,,,,,,
,,,,,28089,3.0,3,,,,,,,,
,,,,,28096,7.0,7,,,,,,,,
,,,,,28099,3.0,3,,,,,,,,
,,,,,28119,20.0,20,,,,,,,,
,,,,,28124,5.0,5,,,,,,,,
,,,,,28128,4.0,4,,,,,,,,
,,,,,28140,12.0,12,,,,,,,,
,,,,,28143,3.0,3,,,,,,,,
,,,,,28153,10.0,10,,,,,,,,
,,,,,28157,4.0,4,,,,,,,,
,,,,,28162,5.0,5,,,,,,,,
,,,,,28166,4.0,4,,,,,,,,
,,,,,28170,4.0,4,,,,,,,,
,,,,,28174,4.0,4,,,,,,,,
,,,,,28183,9.0,9,,,,,,,,
,,,,,28186,3.0,3,,,,,,,,
,,,,,28200,14.0,14,,,,,,,,
,,,,,28204,4.0,4,,,,,,,,
,,,,,28213,9.0,9,,,,,,,,
,,,,,28218,5.0,5,,,,,,,,
,,,,,28221,3.0,3,,,,,,,,
,,,,,28225,4.0,4,,,,,,,,
,,,,,28230,5.0,5,,,,,,,,
,,,,,28233,3.0,3,,,,,,,,
,,,,,28238,5.0,5,,,,,,,,
,,,,,28242,4.0,4,,,,,,,,
,,,,,28254,12.0,12,,,,,,,,
,,,,,28258,4.0,4,,,,,,,,
,,,,,28264,6.0,6,,,,,,,,
,,,,,28267,3.0,3,,,,,,,,
,,,,,28282,15.0,15,,,,,,,,
,,,,,28285,3.0,3,,,,,,,,
,,,,,28293,8.0,8,,,,,,,,
,,,,,28304,11.0,11,,,,,,,,
,,,,,28308,4.0,4,,,,,,,,
,,,,,28314,6.0,6,,,,,,,,
,,,,,28327,13.0,13,,,,,,,,
,,,,,28334,7.0,7,,,,,,,,
,,,,,28354,20.0,20,,,,,,,,
,,,,,28358,4.0,4,,,,,,,,
,,,,,28361,3.0,3,,,,,,,,
,,,,,28368,7.0,7,,,,,,,,
,,,,,28377,9.0,9,,,,,,,,
,,,,,28387,10.0,10,,,,,,,,
,,,,,28391,4.0,4,,,,,,,,
,,,,,28398,7.0,7,,,,,,,,
,,,,,28401,3.0,3,,,,,,,,
,,,,,28404,3.0,3,,,,,,,,
,,,,,28414,10.0,10,,,,,,,,
,,,,,28418,4.0,4,,,,,,,,
,,,,,28422,4.0,4,,,,,,,,
,,,,,28430,8.0,8,,,,,,,,
,,,,,28434,4.0,4,,,,,,,,
,,,,,28437,3.0,3,,,,,,,,
,,,,,28442,5.0,5,,,,,,,,
,,,,,28445,3.0,3,,,,,,,,
,,,,,28453,8.0,8,,,,,,,,
,,,,,28456,3.0,3,,,,,,,,
,,,,,28459,3.0,3,,,,,,,,
,,,,,28468,9.0,9,,,,,,,,
,,,,,28475,7.0,7,,,,,,,,
,,,,,28480,5.0,5,,,,,,,,
,,,,,28487,7.0,7,,,,,,,,
,,,,,28491,4.0,4,,,,,,,,
,,,,,28499,8.0,8,,,,,,,,
,,,,,28503,4.0,4,,,,,,,,
,,,,,28507,4.0,4,,,,,,,,
,,,,,28512,5.0,5,,,,,,,,
,,,,,28523,11.0,11,,,,,,,,
,,,,,28533,10.0,10,,,,,,,,
,,,,,28537,4.0,4,,,,,,,,
,,,,,28542,5.0,5,,,,,,,,
,,,,,28545,3.0,3,,,,,,,,
,,,,,28548,3.0,3,,,,,,,,
,,,,,28554,6.0,6,,,,,,,,
,,,,,28559,5.0,5,,,,,,,,
,,,,,28569,10.0,10,,,,,,,,
,,,,,28580,11.0,11,,,,,,,,
,,,,,28584,4.0,4,,,,,,,,
,,,,,28592,8.0,8,,,,,,,,
,,,,,28601,9.0,9,,,,,,,,
,,,,,28604,3.0,3,,,,,,,,
,,,,,28607,3.0,3,,,,,,,,
,,,,,28610,3.0,3,,,,,,,,
,,,,,28626,16.0,16,,,,,,,,
,,,,,28630,4.0,4,,,,,,,,
,,,,,28640,10.0,10,,,,,,,,
,,,,,28647,7.0,7,,,,,,,,
,,,,,28653,6.0,6,,,,,,,,
,,,,,28658,5.0,5,,,,,,,,
,,,,,28662,4.0,4,,,,,,,,
,,,,,28666,4.0,4,,,,,,,,
,,,,,28676,10.0,10,,,,,,,,
,,,,,28703,27.0,27,,,,,,,,
,,,,,28712,9.0,9,,,,,,,,
,,,,,28715,3.0,3,,,,,,,,
,,,,,28721,6.0,6,,,,,,,,
,,,,,28729,8.0,8,,,,,,,,
,,,,,28732,3.0,3,,,,,,,,
,,,,,28739,7.0,7,,,,,,,,
,,,,,28743,4.0,4,,,,,,,,
,,,,,28748,5.0,5,,,,,,,,
,,,,,28770,22.0,22,,,,,,,,
,,,,,28776,6.0,6,,,,,,,,
,,,,,28779,3.0,3,,,,,,,,
,,,,,28809,30.0,30,,,,,,,,
,,,,,28826,17.0,17,,,,,,,,
,,,,,28832,6.0,6,,,,,,,,
,,,,,28835,3.0,3,,,,,,,,
,,,,,28841,6.0,6,,,,,,,,
,,,,,28844,3.0,3,,,,,,,,
,,,,,28850,6.0,6,,,,,,,,
,,,,,28853,3.0,3,,,,,,,,
,,,,,28856,3.0,3,,,,,,,,
,,,,,28860,4.0,4,,,,,,,,
,,,,,28872,12.0,12,,,,,,,,
,,,,,28875,3.0,3,,,,,,,,
,,,,,28886,11.0,11,,,,,,,,
,,,,,28889,3.0,3,,,,,,,,
,,,,,28896,7.0,7,,,,,,,,
,,,,,28900,4.0,4,,,,,,,,
,,,,,28903,3.0,3,,,,,,,,
,,,,,28910,7.0,7,,,,,,,,
,,,,,28918,8.0,8,,,,,,,,
,,,,,28927,9.0,9,,,,,,,,
,,,,,28930,3.0,3,,,,,,,,
,,,,,28948,18.0,18,,,,,,,,
,,,,,28952,4.0,4,,,,,,,,
,,,,,28955,3.0,3,,,,,,,,
,,,,,28960,5.0,5,,,,,,,,
,,,,,28964,4.0,4,,,,,,,,
,,,,,28974,10.0,10,,,,,,,,
,,,,,28977,3.0,3,,,,,,,,
,,,,,28982,5.0,5,,,,,,,,
,,,,,28990,8.0,8,,,,,,,,
,,,,,29000,10.0,10,,,,,,,,
,,,,,29000,,,0.017452096566557884,0.17452095448970795,2.8945047855377197,4.40212345123291,4.561006546020508,0.0003,0.0003,0.1
,,,,,29003,3.0,3,,,,,,,,
,,,,,29006,3.0,3,,,,,,,,
,,,,,29011,5.0,5,,,,,,,,
,,,,,29016,5.0,5,,,,,,,,
,,,,,29019,3.0,3,,,,,,,,
,,,,,29024,5.0,5,,,,,,,,
,,,,,29030,6.0,6,,,,,,,,
,,,,,29035,5.0,5,,,,,,,,
,,,,,29044,9.0,9,,,,,,,,
,,,,,29050,6.0,6,,,,,,,,
,,,,,29055,5.0,5,,,,,,,,
,,,,,29063,8.0,8,,,,,,,,
,,,,,29067,4.0,4,,,,,,,,
,,,,,29072,5.0,5,,,,,,,,
,,,,,29077,5.0,5,,,,,,,,
,,,,,29082,5.0,5,,,,,,,,
,,,,,29098,16.0,16,,,,,,,,
,,,,,29102,4.0,4,,,,,,,,
,,,,,29106,4.0,4,,,,,,,,
,,,,,29125,19.0,19,,,,,,,,
,,,,,29129,4.0,4,,,,,,,,
,,,,,29138,9.0,9,,,,,,,,
,,,,,29149,11.0,11,,,,,,,,
,,,,,29153,4.0,4,,,,,,,,
,,,,,29157,4.0,4,,,,,,,,
,,,,,29161,4.0,4,,,,,,,,
,,,,,29164,3.0,3,,,,,,,,
,,,,,29169,5.0,5,,,,,,,,
,,,,,29177,8.0,8,,,,,,,,
,,,,,29181,4.0,4,,,,,,,,
,,,,,29184,3.0,3,,,,,,,,
,,,,,29187,3.0,3,,,,,,,,
,,,,,29191,4.0,4,,,,,,,,
,,,,,29194,3.0,3,,,,,,,,
,,,,,29200,6.0,6,,,,,,,,
,,,,,29204,4.0,4,,,,,,,,
,,,,,29207,3.0,3,,,,,,,,
,,,,,29216,9.0,9,,,,,,,,
,,,,,29221,5.0,5,,,,,,,,
,,,,,29224,3.0,3,,,,,,,,
,,,,,29233,9.0,9,,,,,,,,
,,,,,29237,4.0,4,,,,,,,,
,,,,,29240,3.0,3,,,,,,,,
,,,,,29243,3.0,3,,,,,,,,
,,,,,29246,3.0,3,,,,,,,,
,,,,,29260,14.0,14,,,,,,,,
,,,,,29265,5.0,5,,,,,,,,
,,,,,29268,3.0,3,,,,,,,,
,,,,,29273,5.0,5,,,,,,,,
,,,,,29279,6.0,6,,,,,,,,
,,,,,29305,26.0,26,,,,,,,,
,,,,,29308,3.0,3,,,,,,,,
,,,,,29312,4.0,4,,,,,,,,
,,,,,29317,5.0,5,,,,,,,,
,,,,,29321,4.0,4,,,,,,,,
,,,,,29324,3.0,3,,,,,,,,
,,,,,29327,3.0,3,,,,,,,,
,,,,,29334,7.0,7,,,,,,,,
,,,,,29337,3.0,3,,,,,,,,
,,,,,29345,8.0,8,,,,,,,,
,,,,,29353,8.0,8,,,,,,,,
,,,,,29356,3.0,3,,,,,,,,
,,,,,29359,3.0,3,,,,,,,,
,,,,,29366,7.0,7,,,,,,,,
,,,,,29371,5.0,5,,,,,,,,
,,,,,29375,4.0,4,,,,,,,,
,,,,,29378,3.0,3,,,,,,,,
,,,,,29394,16.0,16,,,,,,,,
,,,,,29400,6.0,6,,,,,,,,
,,,,,29403,3.0,3,,,,,,,,
,,,,,29412,9.0,9,,,,,,,,
,,,,,29416,4.0,4,,,,,,,,
,,,,,29420,4.0,4,,,,,,,,
,,,,,29437,17.0,17,,,,,,,,
,,,,,29440,3.0,3,,,,,,,,
,,,,,29445,5.0,5,,,,,,,,
,,,,,29458,13.0,13,,,,,,,,
,,,,,29463,5.0,5,,,,,,,,
,,,,,29469,6.0,6,,,,,,,,
,,,,,29478,9.0,9,,,,,,,,
,,,,,29488,10.0,10,,,,,,,,
,,,,,29493,5.0,5,,,,,,,,
,,,,,29499,6.0,6,,,,,,,,
,,,,,29503,4.0,4,,,,,,,,
,,,,,29517,14.0,14,,,,,,,,
,,,,,29521,4.0,4,,,,,,,,
,,,,,29524,3.0,3,,,,,,,,
,,,,,29529,5.0,5,,,,,,,,
,,,,,29532,3.0,3,,,,,,,,
,,,,,29536,4.0,4,,,,,,,,
,,,,,29542,6.0,6,,,,,,,,
,,,,,29545,3.0,3,,,,,,,,
,,,,,29563,18.0,18,,,,,,,,
,,,,,29575,12.0,12,,,,,,,,
,,,,,29582,7.0,7,,,,,,,,
,,,,,29585,3.0,3,,,,,,,,
,,,,,29590,5.0,5,,,,,,,,
,,,,,29596,6.0,6,,,,,,,,
,,,,,29599,3.0,3,,,,,,,,
,,,,,29602,3.0,3,,,,,,,,
,,,,,29608,6.0,6,,,,,,,,
,,,,,29611,3.0,3,,,,,,,,
,,,,,29618,7.0,7,,,,,,,,
,,,,,29621,3.0,3,,,,,,,,
,,,,,29626,5.0,5,,,,,,,,
,,,,,29629,3.0,3,,,,,,,,
,,,,,29637,8.0,8,,,,,,,,
,,,,,29644,7.0,7,,,,,,,,
,,,,,29657,13.0,13,,,,,,,,
,,,,,29665,8.0,8,,,,,,,,
,,,,,29669,4.0,4,,,,,,,,
,,,,,29672,3.0,3,,,,,,,,
,,,,,29680,8.0,8,,,,,,,,
,,,,,29694,14.0,14,,,,,,,,
,,,,,29697,3.0,3,,,,,,,,
,,,,,29700,3.0,3,,,,,,,,
,,,,,29705,5.0,5,,,,,,,,
,,,,,29711,6.0,6,,,,,,,,
,,,,,29714,3.0,3,,,,,,,,
,,,,,29717,3.0,3,,,,,,,,
,,,,,29721,4.0,4,,,,,,,,
,,,,,29724,3.0,3,,,,,,,,
,,,,,29736,12.0,12,,,,,,,,
,,,,,29740,4.0,4,,,,,,,,
,,,,,29752,12.0,12,,,,,,,,
,,,,,29769,17.0,17,,,,,,,,
,,,,,29781,12.0,12,,,,,,,,
,,,,,29787,6.0,6,,,,,,,,
,,,,,29790,3.0,3,,,,,,,,
,,,,,29798,8.0,8,,,,,,,,
,,,,,29801,3.0,3,,,,,,,,
,,,,,29812,11.0,11,,,,,,,,
,,,,,29815,3.0,3,,,,,,,,
,,,,,29818,3.0,3,,,,,,,,
,,,,,29831,13.0,13,,,,,,,,
,,,,,29839,8.0,8,,,,,,,,
,,,,,29845,6.0,6,,,,,,,,
,,,,,29848,3.0,3,,,,,,,,
,,,,,29853,5.0,5,,,,,,,,
,,,,,29863,10.0,10,,,,,,,,
,,,,,29868,5.0,5,,,,,,,,
,,,,,29875,7.0,7,,,,,,,,
,,,,,29878,3.0,3,,,,,,,,
,,,,,29883,5.0,5,,,,,,,,
,,,,,29886,3.0,3,,,,,,,,
,,,,,29893,7.0,7,,,,,,,,
,,,,,29896,3.0,3,,,,,,,,
,,,,,29899,3.0,3,,,,,,,,
,,,,,29904,5.0,5,,,,,,,,
,,,,,29913,9.0,9,,,,,,,,
,,,,,29916,3.0,3,,,,,,,,
,,,,,29926,10.0,10,,,,,,,,
,,,,,29929,3.0,3,,,,,,,,
,,,,,29934,5.0,5,,,,,,,,
,,,,,29942,8.0,8,,,,,,,,
,,,,,29946,4.0,4,,,,,,,,
,,,,,29950,4.0,4,,,,,,,,
,,,,,29953,3.0,3,,,,,,,,
,,,,,29956,3.0,3,,,,,,,,
,,,,,29959,3.0,3,,,,,,,,
,,,,,29966,7.0,7,,,,,,,,
,,,,,29970,4.0,4,,,,,,,,
,,,,,29981,11.0,11,,,,,,,,
,,,,,29985,4.0,4,,,,,,,,
,,,,,29988,3.0,3,,,,,,,,
,,,,,29991,3.0,3,,,,,,,,
,,,,,29994,3.0,3,,,,,,,,
4.7,1.6763054,8.0,3.0,4.7,30000,,,-0.008159245364367962,-0.08159244805574417,2.1129236221313477,4.038842678070068,3.795811891555786,0.0003,0.0003,0.1
,,,,,30003,9.0,9,,,,,,,,
,,,,,30007,4.0,4,,,,,,,,
,,,,,30014,7.0,7,,,,,,,,
,,,,,30019,5.0,5,,,,,,,,
,,,,,30028,9.0,9,,,,,,,,
,,,,,30035,7.0,7,,,,,,,,
,,,,,30038,3.0,3,,,,,,,,
,,,,,30044,6.0,6,,,,,,,,
,,,,,30055,11.0,11,,,,,,,,
,,,,,30071,16.0,16,,,,,,,,
,,,,,30075,4.0,4,,,,,,,,
,,,,,30079,4.0,4,,,,,,,,
,,,,,30085,6.0,6,,,,,,,,
,,,,,30090,5.0,5,,,,,,,,
,,,,,30093,3.0,3,,,,,,,,
,,,,,30097,4.0,4,,,,,,,,
,,,,,30105,8.0,8,,,,,,,,
,,,,,30108,3.0,3,,,,,,,,
,,,,,30114,6.0,6,,,,,,,,
,,,,,30131,17.0,17,,,,,,,,
,,,,,30134,3.0,3,,,,,,,,
,,,,,30140,6.0,6,,,,,,,,
,,,,,30144,4.0,4,,,,,,,,
,,,,,30150,6.0,6,,,,,,,,
,,,,,30155,5.0,5,,,,,,,,
,,,,,30158,3.0,3,,,,,,,,
,,,,,30163,5.0,5,,,,,,,,
,,,,,30173,10.0,10,,,,,,,,
,,,,,30176,3.0,3,,,,,,,,
,,,,,30184,8.0,8,,,,,,,,
,,,,,30192,8.0,8,,,,,,,,
,,,,,30199,7.0,7,,,,,,,,
,,,,,30202,3.0,3,,,,,,,,
,,,,,30206,4.0,4,,,,,,,,
,,,,,30213,7.0,7,,,,,,,,
,,,,,30239,26.0,26,,,,,,,,
,,,,,30253,14.0,14,,,,,,,,
,,,,,30258,5.0,5,,,,,,,,
,,,,,30263,5.0,5,,,,,,,,
,,,,,30275,12.0,12,,,,,,,,
,,,,,30279,4.0,4,,,,,,,,
,,,,,30287,8.0,8,,,,,,,,
,,,,,30292,5.0,5,,,,,,,,
,,,,,30297,5.0,5,,,,,,,,
,,,,,30300,3.0,3,,,,,,,,
,,,,,30303,3.0,3,,,,,,,,
,,,,,30308,5.0,5,,,,,,,,
,,,,,30312,4.0,4,,,,,,,,
,,,,,30316,4.0,4,,,,,,,,
,,,,,30327,11.0,11,,,,,,,,
,,,,,30335,8.0,8,,,,,,,,
,,,,,30347,12.0,12,,,,,,,,
,,,,,30350,3.0,3,,,,,,,,
,,,,,30353,3.0,3,,,,,,,,
,,,,,30356,3.0,3,,,,,,,,
,,,,,30359,3.0,3,,,,,,,,
,,,,,30376,17.0,17,,,,,,,,
,,,,,30385,9.0,9,,,,,,,,
,,,,,30408,23.0,23,,,,,,,,
,,,,,30411,3.0,3,,,,,,,,
,,,,,30414,3.0,3,,,,,,,,
,,,,,30417,3.0,3,,,,,,,,
,,,,,30423,6.0,6,,,,,,,,
,,,,,30427,4.0,4,,,,,,,,
,,,,,30432,5.0,5,,,,,,,,
,,,,,30443,11.0,11,,,,,,,,
,,,,,30449,6.0,6,,,,,,,,
,,,,,30459,10.0,10,,,,,,,,
,,,,,30466,7.0,7,,,,,,,,
,,,,,30469,3.0,3,,,,,,,,
,,,,,30472,3.0,3,,,,,,,,
,,,,,30476,4.0,4,,,,,,,,
,,,,,30479,3.0,3,,,,,,,,
,,,,,30484,5.0,5,,,,,,,,
,,,,,30488,4.0,4,,,,,,,,
,,,,,30492,4.0,4,,,,,,,,
,,,,,30495,3.0,3,,,,,,,,
,,,,,30510,15.0,15,,,,,,,,
,,,,,30522,12.0,12,,,,,,,,
,,,,,30537,15.0,15,,,,,,,,
,,,,,30543,6.0,6,,,,,,,,
,,,,,30552,9.0,9,,,,,,,,
,,,,,30560,8.0,8,,,,,,,,
,,,,,30563,3.0,3,,,,,,,,
,,,,,30572,9.0,9,,,,,,,,
,,,,,30583,11.0,11,,,,,,,,
,,,,,30586,3.0,3,,,,,,,,
,,,,,30594,8.0,8,,,,,,,,
,,,,,30599,5.0,5,,,,,,,,
,,,,,30603,4.0,4,,,,,,,,
,,,,,30612,9.0,9,,,,,,,,
,,,,,30631,19.0,19,,,,,,,,
,,,,,30639,8.0,8,,,,,,,,
,,,,,30643,4.0,4,,,,,,,,
,,,,,30648,5.0,5,,,,,,,,
,,,,,30653,5.0,5,,,,,,,,
,,,,,30663,10.0,10,,,,,,,,
,,,,,30682,19.0,19,,,,,,,,
,,,,,30690,8.0,8,,,,,,,,
,,,,,30701,11.0,11,,,,,,,,
,,,,,30708,7.0,7,,,,,,,,
,,,,,30711,3.0,3,,,,,,,,
,,,,,30716,5.0,5,,,,,,,,
,,,,,30721,5.0,5,,,,,,,,
,,,,,30726,5.0,5,,,,,,,,
,,,,,30733,7.0,7,,,,,,,,
,,,,,30736,3.0,3,,,,,,,,
,,,,,30743,7.0,7,,,,,,,,
,,,,,30752,9.0,9,,,,,,,,
,,,,,30757,5.0,5,,,,,,,,
,,,,,30770,13.0,13,,,,,,,,
,,,,,30782,12.0,12,,,,,,,,
,,,,,30788,6.0,6,,,,,,,,
,,,,,30799,11.0,11,,,,,,,,
,,,,,30805,6.0,6,,,,,,,,
,,,,,30812,7.0,7,,,,,,,,
,,,,,30825,13.0,13,,,,,,,,
,,,,,30828,3.0,3,,,,,,,,
,,,,,30831,3.0,3,,,,,,,,
,,,,,30838,7.0,7,,,,,,,,
,,,,,30841,3.0,3,,,,,,,,
,,,,,30851,10.0,10,,,,,,,,
,,,,,30859,8.0,8,,,,,,,,
,,,,,30865,6.0,6,,,,,,,,
,,,,,30873,8.0,8,,,,,,,,
,,,,,30881,8.0,8,,,,,,,,
,,,,,30887,6.0,6,,,,,,,,
,,,,,30890,3.0,3,,,,,,,,
,,,,,30902,12.0,12,,,,,,,,
,,,,,30913,11.0,11,,,,,,,,
,,,,,30917,4.0,4,,,,,,,,
,,,,,30920,3.0,3,,,,,,,,
,,,,,30929,9.0,9,,,,,,,,
,,,,,30936,7.0,7,,,,,,,,
,,,,,30943,7.0,7,,,,,,,,
,,,,,30949,6.0,6,,,,,,,,
,,,,,30955,6.0,6,,,,,,,,
,,,,,30958,3.0,3,,,,,,,,
,,,,,30979,21.0,21,,,,,,,,
,,,,,30983,4.0,4,,,,,,,,
,,,,,30989,6.0,6,,,,,,,,
,,,,,30994,5.0,5,,,,,,,,
,,,,,31000,,,-0.004985288251191378,-0.0498528815805912,1.506845235824585,4.626687526702881,4.745145797729492,0.0003,0.0003,0.1
,,,,,31003,9.0,9,,,,,,,,
,,,,,31013,10.0,10,,,,,,,,
,,,,,31020,7.0,7,,,,,,,,
,,,,,31023,3.0,3,,,,,,,,
,,,,,31027,4.0,4,,,,,,,,
,,,,,31060,33.0,33,,,,,,,,
,,,,,31063,3.0,3,,,,,,,,
,,,,,31070,7.0,7,,,,,,,,
,,,,,31074,4.0,4,,,,,,,,
,,,,,31077,3.0,3,,,,,,,,
,,,,,31090,13.0,13,,,,,,,,
,,,,,31109,19.0,19,,,,,,,,
,,,,,31112,3.0,3,,,,,,,,
,,,,,31116,4.0,4,,,,,,,,
,,,,,31119,3.0,3,,,,,,,,
,,,,,31123,4.0,4,,,,,,,,
,,,,,31128,5.0,5,,,,,,,,
,,,,,31136,8.0,8,,,,,,,,
,,,,,31141,5.0,5,,,,,,,,
,,,,,31147,6.0,6,,,,,,,,
,,,,,31150,3.0,3,,,,,,,,
,,,,,31160,10.0,10,,,,,,,,
,,,,,31171,11.0,11,,,,,,,,
,,,,,31180,9.0,9,,,,,,,,
,,,,,31185,5.0,5,,,,,,,,
,,,,,31190,5.0,5,,,,,,,,
,,,,,31194,4.0,4,,,,,,,,
,,,,,31205,11.0,11,,,,,,,,
,,,,,31235,30.0,30,,,,,,,,
,,,,,31239,4.0,4,,,,,,,,
,,,,,31242,3.0,3,,,,,,,,
,,,,,31253,11.0,11,,,,,,,,
,,,,,31267,14.0,14,,,,,,,,
,,,,,31278,11.0,11,,,,,,,,
,,,,,31283,5.0,5,,,,,,,,
,,,,,31298,15.0,15,,,,,,,,
,,,,,31304,6.0,6,,,,,,,,
,,,,,31310,6.0,6,,,,,,,,
,,,,,31316,6.0,6,,,,,,,,
,,,,,31328,12.0,12,,,,,,,,
,,,,,31332,4.0,4,,,,,,,,
,,,,,31343,11.0,11,,,,,,,,
,,,,,31349,6.0,6,,,,,,,,
,,,,,31352,3.0,3,,,,,,,,
,,,,,31356,4.0,4,,,,,,,,
,,,,,31359,3.0,3,,,,,,,,
,,,,,31363,4.0,4,,,,,,,,
,,,,,31381,18.0,18,,,,,,,,
,,,,,31385,4.0,4,,,,,,,,
,,,,,31396,11.0,11,,,,,,,,
,,,,,31406,10.0,10,,,,,,,,
,,,,,31411,5.0,5,,,,,,,,
,,,,,31414,3.0,3,,,,,,,,
,,,,,31418,4.0,4,,,,,,,,
,,,,,31442,24.0,24,,,,,,,,
,,,,,31445,3.0,3,,,,,,,,
,,,,,31449,4.0,4,,,,,,,,
,,,,,31454,5.0,5,,,,,,,,
,,,,,31468,14.0,14,,,,,,,,
,,,,,31481,13.0,13,,,,,,,,
,,,,,31498,17.0,17,,,,,,,,
,,,,,31511,13.0,13,,,,,,,,
,,,,,31530,19.0,19,,,,,,,,
,,,,,31541,11.0,11,,,,,,,,
,,,,,31546,5.0,5,,,,,,,,
,,,,,31553,7.0,7,,,,,,,,
,,,,,31559,6.0,6,,,,,,,,
,,,,,31565,6.0,6,,,,,,,,
,,,,,31569,4.0,4,,,,,,,,
,,,,,31573,4.0,4,,,,,,,,
,,,,,31585,12.0,12,,,,,,,,
,,,,,31595,10.0,10,,,,,,,,
,,,,,31601,6.0,6,,,,,,,,
,,,,,31610,9.0,9,,,,,,,,
,,,,,31624,14.0,14,,,,,,,,
,,,,,31645,21.0,21,,,,,,,,
,,,,,31648,3.0,3,,,,,,,,
,,,,,31660,12.0,12,,,,,,,,
,,,,,31665,5.0,5,,,,,,,,
,,,,,31670,5.0,5,,,,,,,,
,,,,,31673,3.0,3,,,,,,,,
,,,,,31677,4.0,4,,,,,,,,
,,,,,31681,4.0,4,,,,,,,,
,,,,,31700,19.0,19,,,,,,,,
,,,,,31704,4.0,4,,,,,,,,
,,,,,31707,3.0,3,,,,,,,,
,,,,,31712,5.0,5,,,,,,,,
,,,,,31716,4.0,4,,,,,,,,
,,,,,31722,6.0,6,,,,,,,,
,,,,,31725,3.0,3,,,,,,,,
,,,,,31730,5.0,5,,,,,,,,
,,,,,31733,3.0,3,,,,,,,,
,,,,,31737,4.0,4,,,,,,,,
,,,,,31753,16.0,16,,,,,,,,
,,,,,31758,5.0,5,,,,,,,,
,,,,,31763,5.0,5,,,,,,,,
,,,,,31767,4.0,4,,,,,,,,
,,,,,31781,14.0,14,,,,,,,,
,,,,,31786,5.0,5,,,,,,,,
,,,,,31795,9.0,9,,,,,,,,
,,,,,31799,4.0,4,,,,,,,,
,,,,,31806,7.0,7,,,,,,,,
,,,,,31811,5.0,5,,,,,,,,
,,,,,31821,10.0,10,,,,,,,,
,,,,,31827,6.0,6,,,,,,,,
,,,,,31832,5.0,5,,,,,,,,
,,,,,31842,10.0,10,,,,,,,,
,,,,,31846,4.0,4,,,,,,,,
,,,,,31866,20.0,20,,,,,,,,
,,,,,31871,5.0,5,,,,,,,,
,,,,,31885,14.0,14,,,,,,,,
,,,,,31894,9.0,9,,,,,,,,
,,,,,31907,13.0,13,,,,,,,,
,,,,,31911,4.0,4,,,,,,,,
,,,,,31918,7.0,7,,,,,,,,
,,,,,31924,6.0,6,,,,,,,,
,,,,,31937,13.0,13,,,,,,,,
,,,,,31940,3.0,3,,,,,,,,
,,,,,31949,9.0,9,,,,,,,,
,,,,,31959,10.0,10,,,,,,,,
,,,,,31963,4.0,4,,,,,,,,
,,,,,31969,6.0,6,,,,,,,,
,,,,,31980,11.0,11,,,,,,,,
,,,,,31987,7.0,7,,,,,,,,
,,,,,31991,4.0,4,,,,,,,,
,,,,,31997,6.0,6,,,,,,,,
,,,,,32000,,,-0.017399359494447708,-0.17399358749389648,2.701899528503418,4.9014387130737305,4.639616012573242,0.0003,0.0003,0.1
,,,,,32004,7.0,7,,,,,,,,
,,,,,32028,24.0,24,,,,,,,,
,,,,,32031,3.0,3,,,,,,,,
,,,,,32039,8.0,8,,,,,,,,
,,,,,32044,5.0,5,,,,,,,,
,,,,,32056,12.0,12,,,,,,,,
,,,,,32061,5.0,5,,,,,,,,
,,,,,32075,14.0,14,,,,,,,,
,,,,,32078,3.0,3,,,,,,,,
,,,,,32083,5.0,5,,,,,,,,
,,,,,32091,8.0,8,,,,,,,,
,,,,,32097,6.0,6,,,,,,,,
,,,,,32113,16.0,16,,,,,,,,
,,,,,32122,9.0,9,,,,,,,,
,,,,,32125,3.0,3,,,,,,,,
,,,,,32131,6.0,6,,,,,,,,
,,,,,32138,7.0,7,,,,,,,,
,,,,,32147,9.0,9,,,,,,,,
,,,,,32162,15.0,15,,,,,,,,
,,,,,32165,3.0,3,,,,,,,,
,,,,,32173,8.0,8,,,,,,,,
,,,,,32180,7.0,7,,,,,,,,
,,,,,32189,9.0,9,,,,,,,,
,,,,,32204,15.0,15,,,,,,,,
,,,,,32219,15.0,15,,,,,,,,
,,,,,32227,8.0,8,,,,,,,,
,,,,,32232,5.0,5,,,,,,,,
,,,,,32238,6.0,6,,,,,,,,
,,,,,32247,9.0,9,,,,,,,,
,,,,,32253,6.0,6,,,,,,,,
,,,,,32256,3.0,3,,,,,,,,
,,,,,32263,7.0,7,,,,,,,,
,,,,,32269,6.0,6,,,,,,,,
,,,,,32272,3.0,3,,,,,,,,
,,,,,32276,4.0,4,,,,,,,,
,,,,,32300,24.0,24,,,,,,,,
,,,,,32305,5.0,5,,,,,,,,
,,,,,32308,3.0,3,,,,,,,,
,,,,,32317,9.0,9,,,,,,,,
,,,,,32321,4.0,4,,,,,,,,
,,,,,32328,7.0,7,,,,,,,,
,,,,,32337,9.0,9,,,,,,,,
,,,,,32341,4.0,4,,,,,,,,
,,,,,32344,3.0,3,,,,,,,,
,,,,,32350,6.0,6,,,,,,,,
,,,,,32354,4.0,4,,,,,,,,
,,,,,32362,8.0,8,,,,,,,,
,,,,,32368,6.0,6,,,,,,,,
,,,,,32371,3.0,3,,,,,,,,
,,,,,32379,8.0,8,,,,,,,,
,,,,,32382,3.0,3,,,,,,,,
,,,,,32387,5.0,5,,,,,,,,
,,,,,32391,4.0,4,,,,,,,,
,,,,,32401,10.0,10,,,,,,,,
,,,,,32428,27.0,27,,,,,,,,
,,,,,32432,4.0,4,,,,,,,,
,,,,,32447,15.0,15,,,,,,,,
,,,,,32458,11.0,11,,,,,,,,
,,,,,32464,6.0,6,,,,,,,,
,,,,,32471,7.0,7,,,,,,,,
,,,,,32487,16.0,16,,,,,,,,
,,,,,32494,7.0,7,,,,,,,,
,,,,,32498,4.0,4,,,,,,,,
,,,,,32501,3.0,3,,,,,,,,
,,,,,32511,10.0,10,,,,,,,,
,,,,,32517,6.0,6,,,,,,,,
,,,,,32522,5.0,5,,,,,,,,
,,,,,32533,11.0,11,,,,,,,,
,,,,,32546,13.0,13,,,,,,,,
,,,,,32563,17.0,17,,,,,,,,
,,,,,32573,10.0,10,,,,,,,,
,,,,,32585,12.0,12,,,,,,,,
,,,,,32592,7.0,7,,,,,,,,
,,,,,32608,16.0,16,,,,,,,,
,,,,,32631,23.0,23,,,,,,,,
,,,,,32647,16.0,16,,,,,,,,
,,,,,32650,3.0,3,,,,,,,,
,,,,,32667,17.0,17,,,,,,,,
,,,,,32673,6.0,6,,,,,,,,
,,,,,32677,4.0,4,,,,,,,,
,,,,,32685,8.0,8,,,,,,,,
,,,,,32695,10.0,10,,,,,,,,
,,,,,32703,8.0,8,,,,,,,,
,,,,,32709,6.0,6,,,,,,,,
,,,,,32726,17.0,17,,,,,,,,
,,,,,32736,10.0,10,,,,,,,,
,,,,,32749,13.0,13,,,,,,,,
,,,,,32753,4.0,4,,,,,,,,
,,,,,32758,5.0,5,,,,,,,,
,,,,,32761,3.0,3,,,,,,,,
,,,,,32778,17.0,17,,,,,,,,
,,,,,32781,3.0,3,,,,,,,,
,,,,,32784,3.0,3,,,,,,,,
,,,,,32791,7.0,7,,,,,,,,
,,,,,32800,9.0,9,,,,,,,,
,,,,,32804,4.0,4,,,,,,,,
,,,,,32813,9.0,9,,,,,,,,
,,,,,32822,9.0,9,,,,,,,,
,,,,,32839,17.0,17,,,,,,,,
,,,,,32847,8.0,8,,,,,,,,
,,,,,32854,7.0,7,,,,,,,,
,,,,,32861,7.0,7,,,,,,,,
,,,,,32867,6.0,6,,,,,,,,
,,,,,32870,3.0,3,,,,,,,,
,,,,,32873,3.0,3,,,,,,,,
,,,,,32889,16.0,16,,,,,,,,
,,,,,32894,5.0,5,,,,,,,,
,,,,,32900,6.0,6,,,,,,,,
,,,,,32912,12.0,12,,,,,,,,
,,,,,32915,3.0,3,,,,,,,,
,,,,,32928,13.0,13,,,,,,,,
,,,,,32938,10.0,10,,,,,,,,
,,,,,32952,14.0,14,,,,,,,,
,,,,,32956,4.0,4,,,,,,,,
,,,,,32960,4.0,4,,,,,,,,
,,,,,32965,5.0,5,,,,,,,,
,,,,,32972,7.0,7,,,,,,,,
,,,,,32979,7.0,7,,,,,,,,
,,,,,32982,3.0,3,,,,,,,,
,,,,,32986,4.0,4,,,,,,,,
,,,,,32992,6.0,6,,,,,,,,
,,,,,33000,,,-0.01702314242720604,-0.1702314168214798,2.541600227355957,4.688210487365723,4.8266119956970215,0.0003,0.0003,0.1
,,,,,33004,12.0,12,,,,,,,,
,,,,,33008,4.0,4,,,,,,,,
,,,,,33020,12.0,12,,,,,,,,
,,,,,33025,5.0,5,,,,,,,,
,,,,,33037,12.0,12,,,,,,,,
,,,,,33041,4.0,4,,,,,,,,
,,,,,33044,3.0,3,,,,,,,,
,,,,,33047,3.0,3,,,,,,,,
,,,,,33050,3.0,3,,,,,,,,
,,,,,33072,22.0,22,,,,,,,,
,,,,,33076,4.0,4,,,,,,,,
,,,,,33086,10.0,10,,,,,,,,
,,,,,33090,4.0,4,,,,,,,,
,,,,,33093,3.0,3,,,,,,,,
,,,,,33096,3.0,3,,,,,,,,
,,,,,33111,15.0,15,,,,,,,,
,,,,,33114,3.0,3,,,,,,,,
,,,,,33119,5.0,5,,,,,,,,
,,,,,33122,3.0,3,,,,,,,,
,,,,,33125,3.0,3,,,,,,,,
,,,,,33130,5.0,5,,,,,,,,
,,,,,33133,3.0,3,,,,,,,,
,,,,,33139,6.0,6,,,,,,,,
,,,,,33142,3.0,3,,,,,,,,
,,,,,33147,5.0,5,,,,,,,,
,,,,,33157,10.0,10,,,,,,,,
,,,,,33164,7.0,7,,,,,,,,
,,,,,33179,15.0,15,,,,,,,,
,,,,,33186,7.0,7,,,,,,,,
,,,,,33192,6.0,6,,,,,,,,
,,,,,33219,27.0,27,,,,,,,,
,,,,,33222,3.0,3,,,,,,,,
,,,,,33227,5.0,5,,,,,,,,
,,,,,33236,9.0,9,,,,,,,,
,,,,,33244,8.0,8,,,,,,,,
,,,,,33249,5.0,5,,,,,,,,
,,,,,33252,3.0,3,,,,,,,,
,,,,,33259,7.0,7,,,,,,,,
,,,,,33264,5.0,5,,,,,,,,
,,,,,33272,8.0,8,,,,,,,,
,,,,,33280,8.0,8,,,,,,,,
,,,,,33283,3.0,3,,,,,,,,
,,,,,33294,11.0,11,,,,,,,,
,,,,,33303,9.0,9,,,,,,,,
,,,,,33311,8.0,8,,,,,,,,
,,,,,33321,10.0,10,,,,,,,,
,,,,,33328,7.0,7,,,,,,,,
,,,,,33331,3.0,3,,,,,,,,
,,,,,33348,17.0,17,,,,,,,,
,,,,,33353,5.0,5,,,,,,,,
,,,,,33362,9.0,9,,,,,,,,
,,,,,33369,7.0,7,,,,,,,,
,,,,,33373,4.0,4,,,,,,,,
,,,,,33380,7.0,7,,,,,,,,
,,,,,33388,8.0,8,,,,,,,,
,,,,,33397,9.0,9,,,,,,,,
,,,,,33401,4.0,4,,,,,,,,
,,,,,33413,12.0,12,,,,,,,,
,,,,,33421,8.0,8,,,,,,,,
,,,,,33425,4.0,4,,,,,,,,
,,,,,33431,6.0,6,,,,,,,,
,,,,,33437,6.0,6,,,,,,,,
,,,,,33441,4.0,4,,,,,,,,
,,,,,33446,5.0,5,,,,,,,,
,,,,,33449,3.0,3,,,,,,,,
,,,,,33457,8.0,8,,,,,,,,
,,,,,33460,3.0,3,,,,,,,,
,,,,,33466,6.0,6,,,,,,,,
,,,,,33471,5.0,5,,,,,,,,
,,,,,33474,3.0,3,,,,,,,,
,,,,,33481,7.0,7,,,,,,,,
,,,,,33487,6.0,6,,,,,,,,
,,,,,33499,12.0,12,,,,,,,,
,,,,,33502,3.0,3,,,,,,,,
,,,,,33506,4.0,4,,,,,,,,
,,,,,33509,3.0,3,,,,,,,,
,,,,,33514,5.0,5,,,,,,,,
,,,,,33522,8.0,8,,,,,,,,
,,,,,33527,5.0,5,,,,,,,,
,,,,,33532,5.0,5,,,,,,,,
,,,,,33536,4.0,4,,,,,,,,
,,,,,33542,6.0,6,,,,,,,,
,,,,,33553,11.0,11,,,,,,,,
,,,,,33565,12.0,12,,,,,,,,
,,,,,33571,6.0,6,,,,,,,,
,,,,,33575,4.0,4,,,,,,,,
,,,,,33581,6.0,6,,,,,,,,
,,,,,33584,3.0,3,,,,,,,,
,,,,,33588,4.0,4,,,,,,,,
,,,,,33591,3.0,3,,,,,,,,
,,,,,33600,9.0,9,,,,,,,,
,,,,,33623,23.0,23,,,,,,,,
,,,,,33630,7.0,7,,,,,,,,
,,,,,33647,17.0,17,,,,,,,,
,,,,,33655,8.0,8,,,,,,,,
,,,,,33658,3.0,3,,,,,,,,
,,,,,33668,10.0,10,,,,,,,,
,,,,,33673,5.0,5,,,,,,,,
,,,,,33680,7.0,7,,,,,,,,
,,,,,33691,11.0,11,,,,,,,,
,,,,,33696,5.0,5,,,,,,,,
,,,,,33701,5.0,5,,,,,,,,
,,,,,33707,6.0,6,,,,,,,,
,,,,,33715,8.0,8,,,,,,,,
,,,,,33718,3.0,3,,,,,,,,
,,,,,33725,7.0,7,,,,,,,,
,,,,,33728,3.0,3,,,,,,,,
,,,,,33733,5.0,5,,,,,,,,
,,,,,33738,5.0,5,,,,,,,,
,,,,,33741,3.0,3,,,,,,,,
,,,,,33747,6.0,6,,,,,,,,
,,,,,33752,5.0,5,,,,,,,,
,,,,,33755,3.0,3,,,,,,,,
,,,,,33761,6.0,6,,,,,,,,
,,,,,33774,13.0,13,,,,,,,,
,,,,,33778,4.0,4,,,,,,,,
,,,,,33784,6.0,6,,,,,,,,
,,,,,33787,3.0,3,,,,,,,,
,,,,,33790,3.0,3,,,,,,,,
,,,,,33833,43.0,43,,,,,,,,
,,,,,33836,3.0,3,,,,,,,,
,,,,,33839,3.0,3,,,,,,,,
,,,,,33844,5.0,5,,,,,,,,
,,,,,33849,5.0,5,,,,,,,,
,,,,,33861,12.0,12,,,,,,,,
,,,,,33866,5.0,5,,,,,,,,
,,,,,33870,4.0,4,,,,,,,,
,,,,,33878,8.0,8,,,,,,,,
,,,,,33884,6.0,6,,,,,,,,
,,,,,33888,4.0,4,,,,,,,,
,,,,,33891,3.0,3,,,,,,,,
,,,,,33894,3.0,3,,,,,,,,
,,,,,33898,4.0,4,,,,,,,,
,,,,,33901,3.0,3,,,,,,,,
,,,,,33907,6.0,6,,,,,,,,
,,,,,33912,5.0,5,,,,,,,,
,,,,,33915,3.0,3,,,,,,,,
,,,,,33918,3.0,3,,,,,,,,
,,,,,33921,3.0,3,,,,,,,,
,,,,,33930,9.0,9,,,,,,,,
,,,,,33943,13.0,13,,,,,,,,
,,,,,33949,6.0,6,,,,,,,,
,,,,,33953,4.0,4,,,,,,,,
,,,,,33959,6.0,6,,,,,,,,
,,,,,33986,27.0,27,,,,,,,,
,,,,,33992,6.0,6,,,,,,,,
,,,,,33995,3.0,3,,,,,,,,
,,,,,33998,3.0,3,,,,,,,,
,,,,,34000,,,0.09758368134498596,0.9758368134498596,2.8316757678985596,4.559110641479492,4.586948394775391,0.0003,0.0003,0.1
,,,,,34001,3.0,3,,,,,,,,
,,,,,34010,9.0,9,,,,,,,,
,,,,,34013,3.0,3,,,,,,,,
,,,,,34018,5.0,5,,,,,,,,
,,,,,34023,5.0,5,,,,,,,,
,,,,,34039,16.0,16,,,,,,,,
,,,,,34042,3.0,3,,,,,,,,
,,,,,34047,5.0,5,,,,,,,,
,,,,,34058,11.0,11,,,,,,,,
,,,,,34061,3.0,3,,,,,,,,
,,,,,34065,4.0,4,,,,,,,,
,,,,,34068,3.0,3,,,,,,,,
,,,,,34072,4.0,4,,,,,,,,
,,,,,34077,5.0,5,,,,,,,,
,,,,,34081,4.0,4,,,,,,,,
,,,,,34085,4.0,4,,,,,,,,
,,,,,34093,8.0,8,,,,,,,,
,,,,,34099,6.0,6,,,,,,,,
,,,,,34102,3.0,3,,,,,,,,
,,,,,34106,4.0,4,,,,,,,,
,,,,,34111,5.0,5,,,,,,,,
,,,,,34114,3.0,3,,,,,,,,
,,,,,34122,8.0,8,,,,,,,,
,,,,,34127,5.0,5,,,,,,,,
,,,,,34147,20.0,20,,,,,,,,
,,,,,34151,4.0,4,,,,,,,,
,,,,,34159,8.0,8,,,,,,,,
,,,,,34166,7.0,7,,,,,,,,
,,,,,34170,4.0,4,,,,,,,,
,,,,,34180,10.0,10,,,,,,,,
,,,,,34183,3.0,3,,,,,,,,
,,,,,34186,3.0,3,,,,,,,,
,,,,,34193,7.0,7,,,,,,,,
,,,,,34197,4.0,4,,,,,,,,
,,,,,34200,3.0,3,,,,,,,,
,,,,,34205,5.0,5,,,,,,,,
,,,,,34214,9.0,9,,,,,,,,
,,,,,34228,14.0,14,,,,,,,,
,,,,,34233,5.0,5,,,,,,,,
,,,,,34240,7.0,7,,,,,,,,
,,,,,34243,3.0,3,,,,,,,,
,,,,,34246,3.0,3,,,,,,,,
,,,,,34249,3.0,3,,,,,,,,
,,,,,34255,6.0,6,,,,,,,,
,,,,,34259,4.0,4,,,,,,,,
,,,,,34271,12.0,12,,,,,,,,
,,,,,34274,3.0,3,,,,,,,,
,,,,,34281,7.0,7,,,,,,,,
,,,,,34286,5.0,5,,,,,,,,
,,,,,34289,3.0,3,,,,,,,,
,,,,,34293,4.0,4,,,,,,,,
,,,,,34298,5.0,5,,,,,,,,
,,,,,34303,5.0,5,,,,,,,,
,,,,,34308,5.0,5,,,,,,,,
,,,,,34318,10.0,10,,,,,,,,
,,,,,34322,4.0,4,,,,,,,,
,,,,,34325,3.0,3,,,,,,,,
,,,,,34328,3.0,3,,,,,,,,
,,,,,34337,9.0,9,,,,,,,,
,,,,,34349,12.0,12,,,,,,,,
,,,,,34355,6.0,6,,,,,,,,
,,,,,34359,4.0,4,,,,,,,,
,,,,,34364,5.0,5,,,,,,,,
,,,,,34376,12.0,12,,,,,,,,
,,,,,34380,4.0,4,,,,,,,,
,,,,,34386,6.0,6,,,,,,,,
,,,,,34389,3.0,3,,,,,,,,
,,,,,34399,10.0,10,,,,,,,,
,,,,,34402,3.0,3,,,,,,,,
,,,,,34405,3.0,3,,,,,,,,
,,,,,34408,3.0,3,,,,,,,,
,,,,,34411,3.0,3,,,,,,,,
,,,,,34424,13.0,13,,,,,,,,
,,,,,34434,10.0,10,,,,,,,,
,,,,,34440,6.0,6,,,,,,,,
,,,,,34447,7.0,7,,,,,,,,
,,,,,34450,3.0,3,,,,,,,,
,,,,,34462,12.0,12,,,,,,,,
,,,,,34465,3.0,3,,,,,,,,
,,,,,34468,3.0,3,,,,,,,,
,,,,,34471,3.0,3,,,,,,,,
,,,,,34474,3.0,3,,,,,,,,
,,,,,34479,5.0,5,,,,,,,,
,,,,,34486,7.0,7,,,,,,,,
,,,,,34496,10.0,10,,,,,,,,
,,,,,34502,6.0,6,,,,,,,,
,,,,,34506,4.0,4,,,,,,,,
,,,,,34509,3.0,3,,,,,,,,
,,,,,34523,14.0,14,,,,,,,,
,,,,,34528,5.0,5,,,,,,,,
,,,,,34534,6.0,6,,,,,,,,
,,,,,34537,3.0,3,,,,,,,,
,,,,,34540,3.0,3,,,,,,,,
,,,,,34543,3.0,3,,,,,,,,
,,,,,34546,3.0,3,,,,,,,,
,,,,,34549,3.0,3,,,,,,,,
,,,,,34552,3.0,3,,,,,,,,
,,,,,34555,3.0,3,,,,,,,,
,,,,,34561,6.0,6,,,,,,,,
,,,,,34564,3.0,3,,,,,,,,
,,,,,34568,4.0,4,,,,,,,,
,,,,,34580,12.0,12,,,,,,,,
,,,,,34588,8.0,8,,,,,,,,
,,,,,34593,5.0,5,,,,,,,,
,,,,,34612,19.0,19,,,,,,,,
,,,,,34616,4.0,4,,,,,,,,
,,,,,34622,6.0,6,,,,,,,,
,,,,,34631,9.0,9,,,,,,,,
,,,,,34634,3.0,3,,,,,,,,
,,,,,34637,3.0,3,,,,,,,,
,,,,,34640,3.0,3,,,,,,,,
,,,,,34647,7.0,7,,,,,,,,
,,,,,34650,3.0,3,,,,,,,,
,,,,,34656,6.0,6,,,,,,,,
,,,,,34659,3.0,3,,,,,,,,
,,,,,34667,8.0,8,,,,,,,,
,,,,,34670,3.0,3,,,,,,,,
,,,,,34678,8.0,8,,,,,,,,
,,,,,34681,3.0,3,,,,,,,,
,,,,,34685,4.0,4,,,,,,,,
,,,,,34691,6.0,6,,,,,,,,
,,,,,34694,3.0,3,,,,,,,,
,,,,,34697,3.0,3,,,,,,,,
,,,,,34701,4.0,4,,,,,,,,
,,,,,34704,3.0,3,,,,,,,,
,,,,,34710,6.0,6,,,,,,,,
,,,,,34718,8.0,8,,,,,,,,
,,,,,34722,4.0,4,,,,,,,,
,,,,,34725,3.0,3,,,,,,,,
,,,,,34733,8.0,8,,,,,,,,
,,,,,34742,9.0,9,,,,,,,,
,,,,,34745,3.0,3,,,,,,,,
,,,,,34762,17.0,17,,,,,,,,
,,,,,34765,3.0,3,,,,,,,,
,,,,,34773,8.0,8,,,,,,,,
,,,,,34778,5.0,5,,,,,,,,
,,,,,34800,22.0,22,,,,,,,,
,,,,,34804,4.0,4,,,,,,,,
,,,,,34807,3.0,3,,,,,,,,
,,,,,34821,14.0,14,,,,,,,,
,,,,,34825,4.0,4,,,,,,,,
,,,,,34832,7.0,7,,,,,,,,
,,,,,34837,5.0,5,,,,,,,,
,,,,,34841,4.0,4,,,,,,,,
,,,,,34847,6.0,6,,,,,,,,
,,,,,34850,3.0,3,,,,,,,,
,,,,,34853,3.0,3,,,,,,,,
,,,,,34859,6.0,6,,,,,,,,
,,,,,34865,6.0,6,,,,,,,,
,,,,,34868,3.0,3,,,,,,,,
,,,,,34871,3.0,3,,,,,,,,
,,,,,34874,3.0,3,,,,,,,,
,,,,,34877,3.0,3,,,,,,,,
,,,,,34880,3.0,3,,,,,,,,
,,,,,34883,3.0,3,,,,,,,,
,,,,,34887,4.0,4,,,,,,,,
,,,,,34898,11.0,11,,,,,,,,
,,,,,34901,3.0,3,,,,,,,,
,,,,,34904,3.0,3,,,,,,,,
,,,,,34911,7.0,7,,,,,,,,
,,,,,34914,3.0,3,,,,,,,,
,,,,,34918,4.0,4,,,,,,,,
,,,,,34921,3.0,3,,,,,,,,
,,,,,34927,6.0,6,,,,,,,,
,,,,,34948,21.0,21,,,,,,,,
,,,,,34951,3.0,3,,,,,,,,
,,,,,34959,8.0,8,,,,,,,,
,,,,,34963,4.0,4,,,,,,,,
,,,,,34966,3.0,3,,,,,,,,
,,,,,34971,5.0,5,,,,,,,,
,,,,,34974,3.0,3,,,,,,,,
,,,,,34978,4.0,4,,,,,,,,
,,,,,34982,4.0,4,,,,,,,,
,,,,,34985,3.0,3,,,,,,,,
,,,,,34989,4.0,4,,,,,,,,
,,,,,34992,3.0,3,,,,,,,,
,,,,,34995,3.0,3,,,,,,,,
,,,,,34999,4.0,4,,,,,,,,
5.1,3.0149624,12.0,3.0,5.1,35000,,,0.18064355850219727,1.8064355850219727,2.7878448963165283,5.273119926452637,5.128034591674805,0.0003,0.0003,0.1
,,,,,35004,5.0,5,,,,,,,,
,,,,,35007,3.0,3,,,,,,,,
,,,,,35014,7.0,7,,,,,,,,
,,,,,35017,3.0,3,,,,,,,,
,,,,,35020,3.0,3,,,,,,,,
,,,,,35023,3.0,3,,,,,,,,
,,,,,35026,3.0,3,,,,,,,,
,,,,,35032,6.0,6,,,,,,,,
,,,,,35035,3.0,3,,,,,,,,
,,,,,35053,18.0,18,,,,,,,,
,,,,,35061,8.0,8,,,,,,,,
,,,,,35064,3.0,3,,,,,,,,
,,,,,35069,5.0,5,,,,,,,,
,,,,,35079,10.0,10,,,,,,,,
,,,,,35084,5.0,5,,,,,,,,
,,,,,35093,9.0,9,,,,,,,,
,,,,,35096,3.0,3,,,,,,,,
,,,,,35099,3.0,3,,,,,,,,
,,,,,35103,4.0,4,,,,,,,,
,,,,,35119,16.0,16,,,,,,,,
,,,,,35124,5.0,5,,,,,,,,
,,,,,35131,7.0,7,,,,,,,,
,,,,,35141,10.0,10,,,,,,,,
,,,,,35148,7.0,7,,,,,,,,
,,,,,35154,6.0,6,,,,,,,,
,,,,,35160,6.0,6,,,,,,,,
,,,,,35163,3.0,3,,,,,,,,
,,,,,35166,3.0,3,,,,,,,,
,,,,,35171,5.0,5,,,,,,,,
,,,,,35174,3.0,3,,,,,,,,
,,,,,35177,3.0,3,,,,,,,,
,,,,,35202,25.0,25,,,,,,,,
,,,,,35206,4.0,4,,,,,,,,
,,,,,35209,3.0,3,,,,,,,,
,,,,,35212,3.0,3,,,,,,,,
,,,,,35215,3.0,3,,,,,,,,
,,,,,35219,4.0,4,,,,,,,,
,,,,,35222,3.0,3,,,,,,,,
,,,,,35233,11.0,11,,,,,,,,
,,,,,35239,6.0,6,,,,,,,,
,,,,,35242,3.0,3,,,,,,,,
,,,,,35245,3.0,3,,,,,,,,
,,,,,35255,10.0,10,,,,,,,,
,,,,,35259,4.0,4,,,,,,,,
,,,,,35262,3.0,3,,,,,,,,
,,,,,35265,3.0,3,,,,,,,,
,,,,,35268,3.0,3,,,,,,,,
,,,,,35271,3.0,3,,,,,,,,
,,,,,35277,6.0,6,,,,,,,,
,,,,,35289,12.0,12,,,,,,,,
,,,,,35293,4.0,4,,,,,,,,
,,,,,35297,4.0,4,,,,,,,,
,,,,,35308,11.0,11,,,,,,,,
,,,,,35314,6.0,6,,,,,,,,
,,,,,35317,3.0,3,,,,,,,,
,,,,,35324,7.0,7,,,,,,,,
,,,,,35331,7.0,7,,,,,,,,
,,,,,35336,5.0,5,,,,,,,,
,,,,,35340,4.0,4,,,,,,,,
,,,,,35345,5.0,5,,,,,,,,
,,,,,35348,3.0,3,,,,,,,,
,,,,,35371,23.0,23,,,,,,,,
,,,,,35377,6.0,6,,,,,,,,
,,,,,35394,17.0,17,,,,,,,,
,,,,,35397,3.0,3,,,,,,,,
,,,,,35400,3.0,3,,,,,,,,
,,,,,35411,11.0,11,,,,,,,,
,,,,,35414,3.0,3,,,,,,,,
,,,,,35424,10.0,10,,,,,,,,
,,,,,35427,3.0,3,,,,,,,,
,,,,,35437,10.0,10,,,,,,,,
,,,,,35440,3.0,3,,,,,,,,
,,,,,35447,7.0,7,,,,,,,,
,,,,,35453,6.0,6,,,,,,,,
,,,,,35457,4.0,4,,,,,,,,
,,,,,35462,5.0,5,,,,,,,,
,,,,,35465,3.0,3,,,,,,,,
,,,,,35468,3.0,3,,,,,,,,
,,,,,35471,3.0,3,,,,,,,,
,,,,,35476,5.0,5,,,,,,,,
,,,,,35480,4.0,4,,,,,,,,
,,,,,35487,7.0,7,,,,,,,,
,,,,,35490,3.0,3,,,,,,,,
,,,,,35493,3.0,3,,,,,,,,
,,,,,35501,8.0,8,,,,,,,,
,,,,,35514,13.0,13,,,,,,,,
,,,,,35518,4.0,4,,,,,,,,
,,,,,35522,4.0,4,,,,,,,,
,,,,,35525,3.0,3,,,,,,,,
,,,,,35534,9.0,9,,,,,,,,
,,,,,35544,10.0,10,,,,,,,,
,,,,,35552,8.0,8,,,,,,,,
,,,,,35557,5.0,5,,,,,,,,
,,,,,35565,8.0,8,,,,,,,,
,,,,,35579,14.0,14,,,,,,,,
,,,,,35588,9.0,9,,,,,,,,
,,,,,35591,3.0,3,,,,,,,,
,,,,,35597,6.0,6,,,,,,,,
,,,,,35603,6.0,6,,,,,,,,
,,,,,35611,8.0,8,,,,,,,,
,,,,,35614,3.0,3,,,,,,,,
,,,,,35617,3.0,3,,,,,,,,
,,,,,35631,14.0,14,,,,,,,,
,,,,,35634,3.0,3,,,,,,,,
,,,,,35639,5.0,5,,,,,,,,
,,,,,35645,6.0,6,,,,,,,,
,,,,,35652,7.0,7,,,,,,,,
,,,,,35661,9.0,9,,,,,,,,
,,,,,35664,3.0,3,,,,,,,,
,,,,,35674,10.0,10,,,,,,,,
,,,,,35681,7.0,7,,,,,,,,
,,,,,35685,4.0,4,,,,,,,,
,,,,,35688,3.0,3,,,,,,,,
,,,,,35695,7.0,7,,,,,,,,
,,,,,35698,3.0,3,,,,,,,,
,,,,,35702,4.0,4,,,,,,,,
,,,,,35705,3.0,3,,,,,,,,
,,,,,35708,3.0,3,,,,,,,,
,,,,,35711,3.0,3,,,,,,,,
,,,,,35716,5.0,5,,,,,,,,
,,,,,35722,6.0,6,,,,,,,,
,,,,,35725,3.0,3,,,,,,,,
,,,,,35731,6.0,6,,,,,,,,
,,,,,35734,3.0,3,,,,,,,,
,,,,,35740,6.0,6,,,,,,,,
,,,,,35743,3.0,3,,,,,,,,
,,,,,35748,5.0,5,,,,,,,,
,,,,,35751,3.0,3,,,,,,,,
,,,,,35760,9.0,9,,,,,,,,
,,,,,35768,8.0,8,,,,,,,,
,,,,,35781,13.0,13,,,,,,,,
,,,,,35784,3.0,3,,,,,,,,
,,,,,35790,6.0,6,,,,,,,,
,,,,,35794,4.0,4,,,,,,,,
,,,,,35802,8.0,8,,,,,,,,
,,,,,35805,3.0,3,,,,,,,,
,,,,,35811,6.0,6,,,,,,,,
,,,,,35824,13.0,13,,,,,,,,
,,,,,35829,5.0,5,,,,,,,,
,,,,,35835,6.0,6,,,,,,,,
,,,,,35839,4.0,4,,,,,,,,
,,,,,35842,3.0,3,,,,,,,,
,,,,,35850,8.0,8,,,,,,,,
,,,,,35854,4.0,4,,,,,,,,
,,,,,35860,6.0,6,,,,,,,,
,,,,,35872,12.0,12,,,,,,,,
,,,,,35888,16.0,16,,,,,,,,
,,,,,35901,13.0,13,,,,,,,,
,,,,,35905,4.0,4,,,,,,,,
,,,,,35908,3.0,3,,,,,,,,
,,,,,35912,4.0,4,,,,,,,,
,,,,,35918,6.0,6,,,,,,,,
,,,,,35928,10.0,10,,,,,,,,
,,,,,35933,5.0,5,,,,,,,,
,,,,,35941,8.0,8,,,,,,,,
,,,,,35948,7.0,7,,,,,,,,
,,,,,35956,8.0,8,,,,,,,,
,,,,,35959,3.0,3,,,,,,,,
,,,,,35970,11.0,11,,,,,,,,
,,,,,35979,9.0,9,,,,,,,,
,,,,,35982,3.0,3,,,,,,,,
,,,,,35994,12.0,12,,,,,,,,
,,,,,35998,4.0,4,,,,,,,,
,,,,,36000,,,0.24101582169532776,2.410158157348633,2.3500924110412598,4.9059624671936035,4.878549575805664,0.0003,0.0003,0.1
,,,,,36003,5.0,5,,,,,,,,
,,,,,36006,3.0,3,,,,,,,,
,,,,,36010,4.0,4,,,,,,,,
,,,,,36019,9.0,9,,,,,,,,
,,,,,36022,3.0,3,,,,,,,,
,,,,,36025,3.0,3,,,,,,,,
,,,,,36030,5.0,5,,,,,,,,
,,,,,36033,3.0,3,,,,,,,,
,,,,,36036,3.0,3,,,,,,,,
,,,,,36039,3.0,3,,,,,,,,
,,,,,36043,4.0,4,,,,,,,,
,,,,,36046,3.0,3,,,,,,,,
,,,,,36053,7.0,7,,,,,,,,
,,,,,36056,3.0,3,,,,,,,,
,,,,,36062,6.0,6,,,,,,,,
,,,,,36069,7.0,7,,,,,,,,
,,,,,36074,5.0,5,,,,,,,,
,,,,,36082,8.0,8,,,,,,,,
,,,,,36086,4.0,4,,,,,,,,
,,,,,36090,4.0,4,,,,,,,,
,,,,,36096,6.0,6,,,,,,,,
,,,,,36099,3.0,3,,,,,,,,
,,,,,36102,3.0,3,,,,,,,,
,,,,,36106,4.0,4,,,,,,,,
,,,,,36110,4.0,4,,,,,,,,
,,,,,36114,4.0,4,,,,,,,,
,,,,,36117,3.0,3,,,,,,,,
,,,,,36121,4.0,4,,,,,,,,
,,,,,36127,6.0,6,,,,,,,,
,,,,,36131,4.0,4,,,,,,,,
,,,,,36135,4.0,4,,,,,,,,
,,,,,36138,3.0,3,,,,,,,,
,,,,,36145,7.0,7,,,,,,,,
,,,,,36148,3.0,3,,,,,,,,
,,,,,36157,9.0,9,,,,,,,,
,,,,,36171,14.0,14,,,,,,,,
,,,,,36174,3.0,3,,,,,,,,
,,,,,36178,4.0,4,,,,,,,,
,,,,,36182,4.0,4,,,,,,,,
,,,,,36187,5.0,5,,,,,,,,
,,,,,36196,9.0,9,,,,,,,,
,,,,,36199,3.0,3,,,,,,,,
,,,,,36207,8.0,8,,,,,,,,
,,,,,36212,5.0,5,,,,,,,,
,,,,,36215,3.0,3,,,,,,,,
,,,,,36218,3.0,3,,,,,,,,
,,,,,36224,6.0,6,,,,,,,,
,,,,,36227,3.0,3,,,,,,,,
,,,,,36235,8.0,8,,,,,,,,
,,,,,36243,8.0,8,,,,,,,,
,,,,,36247,4.0,4,,,,,,,,
,,,,,36250,3.0,3,,,,,,,,
,,,,,36255,5.0,5,,,,,,,,
,,,,,36258,3.0,3,,,,,,,,
,,,,,36261,3.0,3,,,,,,,,
,,,,,36264,3.0,3,,,,,,,,
,,,,,36273,9.0,9,,,,,,,,
,,,,,36280,7.0,7,,,,,,,,
,,,,,36283,3.0,3,,,,,,,,
,,,,,36286,3.0,3,,,,,,,,
,,,,,36291,5.0,5,,,,,,,,
,,,,,36298,7.0,7,,,,,,,,
,,,,,36302,4.0,4,,,,,,,,
,,,,,36312,10.0,10,,,,,,,,
,,,,,36316,4.0,4,,,,,,,,
,,,,,36320,4.0,4,,,,,,,,
,,,,,36332,12.0,12,,,,,,,,
,,,,,36339,7.0,7,,,,,,,,
,,,,,36344,5.0,5,,,,,,,,
,,,,,36348,4.0,4,,,,,,,,
,,,,,36353,5.0,5,,,,,,,,
,,,,,36358,5.0,5,,,,,,,,
,,,,,36361,3.0,3,,,,,,,,
,,,,,36365,4.0,4,,,,,,,,
,,,,,36368,3.0,3,,,,,,,,
,,,,,36371,3.0,3,,,,,,,,
,,,,,36376,5.0,5,,,,,,,,
,,,,,36381,5.0,5,,,,,,,,
,,,,,36384,3.0,3,,,,,,,,
,,,,,36390,6.0,6,,,,,,,,
,,,,,36396,6.0,6,,,,,,,,
,,,,,36403,7.0,7,,,,,,,,
,,,,,36412,9.0,9,,,,,,,,
,,,,,36425,13.0,13,,,,,,,,
,,,,,36428,3.0,3,,,,,,,,
,,,,,36432,4.0,4,,,,,,,,
,,,,,36437,5.0,5,,,,,,,,
,,,,,36442,5.0,5,,,,,,,,
,,,,,36446,4.0,4,,,,,,,,
,,,,,36450,4.0,4,,,,,,,,
,,,,,36455,5.0,5,,,,,,,,
,,,,,36463,8.0,8,,,,,,,,
,,,,,36466,3.0,3,,,,,,,,
,,,,,36471,5.0,5,,,,,,,,
,,,,,36474,3.0,3,,,,,,,,
,,,,,36478,4.0,4,,,,,,,,
,,,,,36487,9.0,9,,,,,,,,
,,,,,36490,3.0,3,,,,,,,,
,,,,,36493,3.0,3,,,,,,,,
,,,,,36497,4.0,4,,,,,,,,
,,,,,36508,11.0,11,,,,,,,,
,,,,,36512,4.0,4,,,,,,,,
,,,,,36530,18.0,18,,,,,,,,
,,,,,36536,6.0,6,,,,,,,,
,,,,,36544,8.0,8,,,,,,,,
,,,,,36547,3.0,3,,,,,,,,
,,,,,36550,3.0,3,,,,,,,,
,,,,,36556,6.0,6,,,,,,,,
,,,,,36559,3.0,3,,,,,,,,
,,,,,36568,9.0,9,,,,,,,,
,,,,,36572,4.0,4,,,,,,,,
,,,,,36575,3.0,3,,,,,,,,
,,,,,36580,5.0,5,,,,,,,,
,,,,,36587,7.0,7,,,,,,,,
,,,,,36596,9.0,9,,,,,,,,
,,,,,36599,3.0,3,,,,,,,,
,,,,,36603,4.0,4,,,,,,,,
,,,,,36606,3.0,3,,,,,,,,
,,,,,36609,3.0,3,,,,,,,,
,,,,,36614,5.0,5,,,,,,,,
,,,,,36617,3.0,3,,,,,,,,
,,,,,36627,10.0,10,,,,,,,,
,,,,,36633,6.0,6,,,,,,,,
,,,,,36643,10.0,10,,,,,,,,
,,,,,36647,4.0,4,,,,,,,,
,,,,,36650,3.0,3,,,,,,,,
,,,,,36664,14.0,14,,,,,,,,
,,,,,36667,3.0,3,,,,,,,,
,,,,,36672,5.0,5,,,,,,,,
,,,,,36678,6.0,6,,,,,,,,
,,,,,36685,7.0,7,,,,,,,,
,,,,,36691,6.0,6,,,,,,,,
,,,,,36695,4.0,4,,,,,,,,
,,,,,36698,3.0,3,,,,,,,,
,,,,,36703,5.0,5,,,,,,,,
,,,,,36706,3.0,3,,,,,,,,
,,,,,36718,12.0,12,,,,,,,,
,,,,,36726,8.0,8,,,,,,,,
,,,,,36729,3.0,3,,,,,,,,
,,,,,36733,4.0,4,,,,,,,,
,,,,,36741,8.0,8,,,,,,,,
,,,,,36750,9.0,9,,,,,,,,
,,,,,36757,7.0,7,,,,,,,,
,,,,,36764,7.0,7,,,,,,,,
,,,,,36769,5.0,5,,,,,,,,
,,,,,36776,7.0,7,,,,,,,,
,,,,,36780,4.0,4,,,,,,,,
,,,,,36783,3.0,3,,,,,,,,
,,,,,36786,3.0,3,,,,,,,,
,,,,,36790,4.0,4,,,,,,,,
,,,,,36793,3.0,3,,,,,,,,
,,,,,36800,7.0,7,,,,,,,,
,,,,,36804,4.0,4,,,,,,,,
,,,,,36810,6.0,6,,,,,,,,
,,,,,36813,3.0,3,,,,,,,,
,,,,,36821,8.0,8,,,,,,,,
,,,,,36832,11.0,11,,,,,,,,
,,,,,36836,4.0,4,,,,,,,,
,,,,,36840,4.0,4,,,,,,,,
,,,,,36843,3.0,3,,,,,,,,
,,,,,36846,3.0,3,,,,,,,,
,,,,,36850,4.0,4,,,,,,,,
,,,,,36859,9.0,9,,,,,,,,
,,,,,36867,8.0,8,,,,,,,,
,,,,,36872,5.0,5,,,,,,,,
,,,,,36877,5.0,5,,,,,,,,
,,,,,36889,12.0,12,,,,,,,,
,,,,,36892,3.0,3,,,,,,,,
,,,,,36897,5.0,5,,,,,,,,
,,,,,36903,6.0,6,,,,,,,,
,,,,,36908,5.0,5,,,,,,,,
,,,,,36913,5.0,5,,,,,,,,
,,,,,36919,6.0,6,,,,,,,,
,,,,,36931,12.0,12,,,,,,,,
,,,,,36947,16.0,16,,,,,,,,
,,,,,36955,8.0,8,,,,,,,,
,,,,,36962,7.0,7,,,,,,,,
,,,,,36967,5.0,5,,,,,,,,
,,,,,36970,3.0,3,,,,,,,,
,,,,,36973,3.0,3,,,,,,,,
,,,,,36976,3.0,3,,,,,,,,
,,,,,36983,7.0,7,,,,,,,,
,,,,,36986,3.0,3,,,,,,,,
,,,,,36991,5.0,5,,,,,,,,
,,,,,36996,5.0,5,,,,,,,,
,,,,,37000,4.0,4,,,,,,,,
,,,,,37000,,,0.285637766122818,2.856377601623535,2.639221668243408,5.076478958129883,5.206188201904297,0.0003,0.0003,0.1
,,,,,37004,4.0,4,,,,,,,,
,,,,,37009,5.0,5,,,,,,,,
,,,,,37012,3.0,3,,,,,,,,
,,,,,37019,7.0,7,,,,,,,,
,,,,,37026,7.0,7,,,,,,,,
,,,,,37033,7.0,7,,,,,,,,
,,,,,37041,8.0,8,,,,,,,,
,,,,,37044,3.0,3,,,,,,,,
,,,,,37050,6.0,6,,,,,,,,
,,,,,37053,3.0,3,,,,,,,,
,,,,,37058,5.0,5,,,,,,,,
,,,,,37066,8.0,8,,,,,,,,
,,,,,37078,12.0,12,,,,,,,,
,,,,,37084,6.0,6,,,,,,,,
,,,,,37090,6.0,6,,,,,,,,
,,,,,37093,3.0,3,,,,,,,,
,,,,,37096,3.0,3,,,,,,,,
,,,,,37099,3.0,3,,,,,,,,
,,,,,37106,7.0,7,,,,,,,,
,,,,,37114,8.0,8,,,,,,,,
,,,,,37117,3.0,3,,,,,,,,
,,,,,37126,9.0,9,,,,,,,,
,,,,,37129,3.0,3,,,,,,,,
,,,,,37132,3.0,3,,,,,,,,
,,,,,37137,5.0,5,,,,,,,,
,,,,,37140,3.0,3,,,,,,,,
,,,,,37145,5.0,5,,,,,,,,
,,,,,37148,3.0,3,,,,,,,,
,,,,,37153,5.0,5,,,,,,,,
,,,,,37156,3.0,3,,,,,,,,
,,,,,37161,5.0,5,,,,,,,,
,,,,,37165,4.0,4,,,,,,,,
,,,,,37175,10.0,10,,,,,,,,
,,,,,37178,3.0,3,,,,,,,,
,,,,,37182,4.0,4,,,,,,,,
,,,,,37187,5.0,5,,,,,,,,
,,,,,37194,7.0,7,,,,,,,,
,,,,,37199,5.0,5,,,,,,,,
,,,,,37202,3.0,3,,,,,,,,
,,,,,37206,4.0,4,,,,,,,,
,,,,,37209,3.0,3,,,,,,,,
,,,,,37215,6.0,6,,,,,,,,
,,,,,37220,5.0,5,,,,,,,,
,,,,,37223,3.0,3,,,,,,,,
,,,,,37231,8.0,8,,,,,,,,
,,,,,37236,5.0,5,,,,,,,,
,,,,,37239,3.0,3,,,,,,,,
,,,,,37250,11.0,11,,,,,,,,
,,,,,37254,4.0,4,,,,,,,,
,,,,,37257,3.0,3,,,,,,,,
,,,,,37260,3.0,3,,,,,,,,
,,,,,37270,10.0,10,,,,,,,,
,,,,,37274,4.0,4,,,,,,,,
,,,,,37280,6.0,6,,,,,,,,
,,,,,37284,4.0,4,,,,,,,,
,,,,,37287,3.0,3,,,,,,,,
,,,,,37290,3.0,3,,,,,,,,
,,,,,37293,3.0,3,,,,,,,,
,,,,,37302,9.0,9,,,,,,,,
,,,,,37306,4.0,4,,,,,,,,
,,,,,37310,4.0,4,,,,,,,,
,,,,,37313,3.0,3,,,,,,,,
,,,,,37317,4.0,4,,,,,,,,
,,,,,37323,6.0,6,,,,,,,,
,,,,,37326,3.0,3,,,,,,,,
,,,,,37332,6.0,6,,,,,,,,
,,,,,37339,7.0,7,,,,,,,,
,,,,,37348,9.0,9,,,,,,,,
,,,,,37358,10.0,10,,,,,,,,
,,,,,37361,3.0,3,,,,,,,,
,,,,,37366,5.0,5,,,,,,,,
,,,,,37370,4.0,4,,,,,,,,
,,,,,37377,7.0,7,,,,,,,,
,,,,,37380,3.0,3,,,,,,,,
,,,,,37383,3.0,3,,,,,,,,
,,,,,37388,5.0,5,,,,,,,,
,,,,,37391,3.0,3,,,,,,,,
,,,,,37400,9.0,9,,,,,,,,
,,,,,37406,6.0,6,,,,,,,,
,,,,,37409,3.0,3,,,,,,,,
,,,,,37421,12.0,12,,,,,,,,
,,,,,37434,13.0,13,,,,,,,,
,,,,,37437,3.0,3,,,,,,,,
,,,,,37440,3.0,3,,,,,,,,
,,,,,37443,3.0,3,,,,,,,,
,,,,,37450,7.0,7,,,,,,,,
,,,,,37453,3.0,3,,,,,,,,
,,,,,37461,8.0,8,,,,,,,,
,,,,,37465,4.0,4,,,,,,,,
,,,,,37473,8.0,8,,,,,,,,
,,,,,37476,3.0,3,,,,,,,,
,,,,,37484,8.0,8,,,,,,,,
,,,,,37494,10.0,10,,,,,,,,
,,,,,37500,6.0,6,,,,,,,,
,,,,,37503,3.0,3,,,,,,,,
,,,,,37517,14.0,14,,,,,,,,
,,,,,37529,12.0,12,,,,,,,,
,,,,,37534,5.0,5,,,,,,,,
,,,,,37537,3.0,3,,,,,,,,
,,,,,37541,4.0,4,,,,,,,,
,,,,,37544,3.0,3,,,,,,,,
,,,,,37547,3.0,3,,,,,,,,
,,,,,37557,10.0,10,,,,,,,,
,,,,,37564,7.0,7,,,,,,,,
,,,,,37570,6.0,6,,,,,,,,
,,,,,37574,4.0,4,,,,,,,,
,,,,,37581,7.0,7,,,,,,,,
,,,,,37584,3.0,3,,,,,,,,
,,,,,37587,3.0,3,,,,,,,,
,,,,,37591,4.0,4,,,,,,,,
,,,,,37596,5.0,5,,,,,,,,
,,,,,37605,9.0,9,,,,,,,,
,,,,,37608,3.0,3,,,,,,,,
,,,,,37613,5.0,5,,,,,,,,
,,,,,37618,5.0,5,,,,,,,,
,,,,,37622,4.0,4,,,,,,,,
,,,,,37627,5.0,5,,,,,,,,
,,,,,37630,3.0,3,,,,,,,,
,,,,,37633,3.0,3,,,,,,,,
,,,,,37643,10.0,10,,,,,,,,
,,,,,37649,6.0,6,,,,,,,,
,,,,,37656,7.0,7,,,,,,,,
,,,,,37663,7.0,7,,,,,,,,
,,,,,37675,12.0,12,,,,,,,,
,,,,,37678,3.0,3,,,,,,,,
,,,,,37683,5.0,5,,,,,,,,
,,,,,37686,3.0,3,,,,,,,,
,,,,,37690,4.0,4,,,,,,,,
,,,,,37693,3.0,3,,,,,,,,
,,,,,37696,3.0,3,,,,,,,,
,,,,,37699,3.0,3,,,,,,,,
,,,,,37707,8.0,8,,,,,,,,
,,,,,37710,3.0,3,,,,,,,,
,,,,,37718,8.0,8,,,,,,,,
,,,,,37722,4.0,4,,,,,,,,
,,,,,37725,3.0,3,,,,,,,,
,,,,,37728,3.0,3,,,,,,,,
,,,,,37736,8.0,8,,,,,,,,
,,,,,37745,9.0,9,,,,,,,,
,,,,,37758,13.0,13,,,,,,,,
,,,,,37761,3.0,3,,,,,,,,
,,,,,37765,4.0,4,,,,,,,,
,,,,,37768,3.0,3,,,,,,,,
,,,,,37771,3.0,3,,,,,,,,
,,,,,37777,6.0,6,,,,,,,,
,,,,,37781,4.0,4,,,,,,,,
,,,,,37784,3.0,3,,,,,,,,
,,,,,37791,7.0,7,,,,,,,,
,,,,,37796,5.0,5,,,,,,,,
,,,,,37799,3.0,3,,,,,,,,
,,,,,37803,4.0,4,,,,,,,,
,,,,,37808,5.0,5,,,,,,,,
,,,,,37811,3.0,3,,,,,,,,
,,,,,37816,5.0,5,,,,,,,,
,,,,,37821,5.0,5,,,,,,,,
,,,,,37826,5.0,5,,,,,,,,
,,,,,37841,15.0,15,,,,,,,,
,,,,,37846,5.0,5,,,,,,,,
,,,,,37849,3.0,3,,,,,,,,
,,,,,37853,4.0,4,,,,,,,,
,,,,,37856,3.0,3,,,,,,,,
,,,,,37859,3.0,3,,,,,,,,
,,,,,37862,3.0,3,,,,,,,,
,,,,,37866,4.0,4,,,,,,,,
,,,,,37869,3.0,3,,,,,,,,
,,,,,37877,8.0,8,,,,,,,,
,,,,,37880,3.0,3,,,,,,,,
,,,,,37889,9.0,9,,,,,,,,
,,,,,37893,4.0,4,,,,,,,,
,,,,,37897,4.0,4,,,,,,,,
,,,,,37900,3.0,3,,,,,,,,
,,,,,37903,3.0,3,,,,,,,,
,,,,,37907,4.0,4,,,,,,,,
,,,,,37924,17.0,17,,,,,,,,
,,,,,37930,6.0,6,,,,,,,,
,,,,,37934,4.0,4,,,,,,,,
,,,,,37938,4.0,4,,,,,,,,
,,,,,37941,3.0,3,,,,,,,,
,,,,,37944,3.0,3,,,,,,,,
,,,,,37947,3.0,3,,,,,,,,
,,,,,37952,5.0,5,,,,,,,,
,,,,,37957,5.0,5,,,,,,,,
,,,,,37965,8.0,8,,,,,,,,
,,,,,37971,6.0,6,,,,,,,,
,,,,,37975,4.0,4,,,,,,,,
,,,,,37978,3.0,3,,,,,,,,
,,,,,37981,3.0,3,,,,,,,,
,,,,,37984,3.0,3,,,,,,,,
,,,,,37987,3.0,3,,,,,,,,
,,,,,37990,3.0,3,,,,,,,,
,,,,,37994,4.0,4,,,,,,,,
,,,,,37999,5.0,5,,,,,,,,
,,,,,38000,,,0.40822362899780273,4.082236289978027,3.62064790725708,5.546539306640625,5.450544357299805,0.0003,0.0003,0.1
,,,,,38003,4.0,4,,,,,,,,
,,,,,38006,3.0,3,,,,,,,,
,,,,,38009,3.0,3,,,,,,,,
,,,,,38012,3.0,3,,,,,,,,
,,,,,38015,3.0,3,,,,,,,,
,,,,,38018,3.0,3,,,,,,,,
,,,,,38021,3.0,3,,,,,,,,
,,,,,38024,3.0,3,,,,,,,,
,,,,,38029,5.0,5,,,,,,,,
,,,,,38046,17.0,17,,,,,,,,
,,,,,38049,3.0,3,,,,,,,,
,,,,,38054,5.0,5,,,,,,,,
,,,,,38059,5.0,5,,,,,,,,
,,,,,38062,3.0,3,,,,,,,,
,,,,,38065,3.0,3,,,,,,,,
,,,,,38069,4.0,4,,,,,,,,
,,,,,38080,11.0,11,,,,,,,,
,,,,,38087,7.0,7,,,,,,,,
,,,,,38090,3.0,3,,,,,,,,
,,,,,38093,3.0,3,,,,,,,,
,,,,,38096,3.0,3,,,,,,,,
,,,,,38099,3.0,3,,,,,,,,
,,,,,38103,4.0,4,,,,,,,,
,,,,,38112,9.0,9,,,,,,,,
,,,,,38116,4.0,4,,,,,,,,
,,,,,38119,3.0,3,,,,,,,,
,,,,,38127,8.0,8,,,,,,,,
,,,,,38130,3.0,3,,,,,,,,
,,,,,38138,8.0,8,,,,,,,,
,,,,,38142,4.0,4,,,,,,,,
,,,,,38146,4.0,4,,,,,,,,
,,,,,38151,5.0,5,,,,,,,,
,,,,,38155,4.0,4,,,,,,,,
,,,,,38163,8.0,8,,,,,,,,
,,,,,38169,6.0,6,,,,,,,,
,,,,,38174,5.0,5,,,,,,,,
,,,,,38177,3.0,3,,,,,,,,
,,,,,38181,4.0,4,,,,,,,,
,,,,,38185,4.0,4,,,,,,,,
,,,,,38188,3.0,3,,,,,,,,
,,,,,38196,8.0,8,,,,,,,,
,,,,,38204,8.0,8,,,,,,,,
,,,,,38213,9.0,9,,,,,,,,
,,,,,38222,9.0,9,,,,,,,,
,,,,,38225,3.0,3,,,,,,,,
,,,,,38228,3.0,3,,,,,,,,
,,,,,38252,24.0,24,,,,,,,,
,,,,,38266,14.0,14,,,,,,,,
,,,,,38271,5.0,5,,,,,,,,
,,,,,38278,7.0,7,,,,,,,,
,,,,,38281,3.0,3,,,,,,,,
,,,,,38291,10.0,10,,,,,,,,
,,,,,38294,3.0,3,,,,,,,,
,,,,,38305,11.0,11,,,,,,,,
,,,,,38309,4.0,4,,,,,,,,
,,,,,38312,3.0,3,,,,,,,,
,,,,,38315,3.0,3,,,,,,,,
,,,,,38321,6.0,6,,,,,,,,
,,,,,38326,5.0,5,,,,,,,,
,,,,,38334,8.0,8,,,,,,,,
,,,,,38339,5.0,5,,,,,,,,
,,,,,38344,5.0,5,,,,,,,,
,,,,,38347,3.0,3,,,,,,,,
,,,,,38350,3.0,3,,,,,,,,
,,,,,38353,3.0,3,,,,,,,,
,,,,,38356,3.0,3,,,,,,,,
,,,,,38362,6.0,6,,,,,,,,
,,,,,38365,3.0,3,,,,,,,,
,,,,,38368,3.0,3,,,,,,,,
,,,,,38371,3.0,3,,,,,,,,
,,,,,38377,6.0,6,,,,,,,,
,,,,,38380,3.0,3,,,,,,,,
,,,,,38383,3.0,3,,,,,,,,
,,,,,38388,5.0,5,,,,,,,,
,,,,,38393,5.0,5,,,,,,,,
,,,,,38397,4.0,4,,,,,,,,
,,,,,38401,4.0,4,,,,,,,,
,,,,,38404,3.0,3,,,,,,,,
,,,,,38409,5.0,5,,,,,,,,
,,,,,38412,3.0,3,,,,,,,,
,,,,,38415,3.0,3,,,,,,,,
,,,,,38418,3.0,3,,,,,,,,
,,,,,38421,3.0,3,,,,,,,,
,,,,,38426,5.0,5,,,,,,,,
,,,,,38429,3.0,3,,,,,,,,
,,,,,38432,3.0,3,,,,,,,,
,,,,,38438,6.0,6,,,,,,,,
,,,,,38441,3.0,3,,,,,,,,
,,,,,38445,4.0,4,,,,,,,,
,,,,,38448,3.0,3,,,,,,,,
,,,,,38453,5.0,5,,,,,,,,
,,,,,38456,3.0,3,,,,,,,,
,,,,,38460,4.0,4,,,,,,,,
,,,,,38465,5.0,5,,,,,,,,
,,,,,38468,3.0,3,,,,,,,,
,,,,,38478,10.0,10,,,,,,,,
,,,,,38485,7.0,7,,,,,,,,
,,,,,38494,9.0,9,,,,,,,,
,,,,,38510,16.0,16,,,,,,,,
,,,,,38513,3.0,3,,,,,,,,
,,,,,38518,5.0,5,,,,,,,,
,,,,,38522,4.0,4,,,,,,,,
,,,,,38525,3.0,3,,,,,,,,
,,,,,38530,5.0,5,,,,,,,,
,,,,,38533,3.0,3,,,,,,,,
,,,,,38537,4.0,4,,,,,,,,
,,,,,38547,10.0,10,,,,,,,,
,,,,,38550,3.0,3,,,,,,,,
,,,,,38563,13.0,13,,,,,,,,
,,,,,38566,3.0,3,,,,,,,,
,,,,,38574,8.0,8,,,,,,,,
,,,,,38577,3.0,3,,,,,,,,
,,,,,38584,7.0,7,,,,,,,,
,,,,,38594,10.0,10,,,,,,,,
,,,,,38599,5.0,5,,,,,,,,
,,,,,38602,3.0,3,,,,,,,,
,,,,,38605,3.0,3,,,,,,,,
,,,,,38610,5.0,5,,,,,,,,
,,,,,38616,6.0,6,,,,,,,,
,,,,,38620,4.0,4,,,,,,,,
,,,,,38623,3.0,3,,,,,,,,
,,,,,38626,3.0,3,,,,,,,,
,,,,,38634,8.0,8,,,,,,,,
,,,,,38641,7.0,7,,,,,,,,
,,,,,38646,5.0,5,,,,,,,,
,,,,,38649,3.0,3,,,,,,,,
,,,,,38653,4.0,4,,,,,,,,
,,,,,38661,8.0,8,,,,,,,,
,,,,,38664,3.0,3,,,,,,,,
,,,,,38669,5.0,5,,,,,,,,
,,,,,38672,3.0,3,,,,,,,,
,,,,,38676,4.0,4,,,,,,,,
,,,,,38679,3.0,3,,,,,,,,
,,,,,38682,3.0,3,,,,,,,,
,,,,,38685,3.0,3,,,,,,,,
,,,,,38688,3.0,3,,,,,,,,
,,,,,38693,5.0,5,,,,,,,,
,,,,,38706,13.0,13,,,,,,,,
,,,,,38709,3.0,3,,,,,,,,
,,,,,38712,3.0,3,,,,,,,,
,,,,,38715,3.0,3,,,,,,,,
,,,,,38718,3.0,3,,,,,,,,
,,,,,38722,4.0,4,,,,,,,,
,,,,,38725,3.0,3,,,,,,,,
,,,,,38728,3.0,3,,,,,,,,
,,,,,38732,4.0,4,,,,,,,,
,,,,,38762,30.0,30,,,,,,,,
,,,,,38765,3.0,3,,,,,,,,
,,,,,38770,5.0,5,,,,,,,,
,,,,,38778,8.0,8,,,,,,,,
,,,,,38781,3.0,3,,,,,,,,
,,,,,38789,8.0,8,,,,,,,,
,,,,,38792,3.0,3,,,,,,,,
,,,,,38801,9.0,9,,,,,,,,
,,,,,38804,3.0,3,,,,,,,,
,,,,,38808,4.0,4,,,,,,,,
,,,,,38816,8.0,8,,,,,,,,
,,,,,38821,5.0,5,,,,,,,,
,,,,,38824,3.0,3,,,,,,,,
,,,,,38832,8.0,8,,,,,,,,
,,,,,38836,4.0,4,,,,,,,,
,,,,,38841,5.0,5,,,,,,,,
,,,,,38844,3.0,3,,,,,,,,
,,,,,38850,6.0,6,,,,,,,,
,,,,,38855,5.0,5,,,,,,,,
,,,,,38858,3.0,3,,,,,,,,
,,,,,38861,3.0,3,,,,,,,,
,,,,,38869,8.0,8,,,,,,,,
,,,,,38872,3.0,3,,,,,,,,
,,,,,38888,16.0,16,,,,,,,,
,,,,,38895,7.0,7,,,,,,,,
,,,,,38898,3.0,3,,,,,,,,
,,,,,38902,4.0,4,,,,,,,,
,,,,,38905,3.0,3,,,,,,,,
,,,,,38908,3.0,3,,,,,,,,
,,,,,38912,4.0,4,,,,,,,,
,,,,,38919,7.0,7,,,,,,,,
,,,,,38922,3.0,3,,,,,,,,
,,,,,38926,4.0,4,,,,,,,,
,,,,,38929,3.0,3,,,,,,,,
,,,,,38932,3.0,3,,,,,,,,
,,,,,38942,10.0,10,,,,,,,,
,,,,,38952,10.0,10,,,,,,,,
,,,,,38955,3.0,3,,,,,,,,
,,,,,38958,3.0,3,,,,,,,,
,,,,,38965,7.0,7,,,,,,,,
,,,,,38970,5.0,5,,,,,,,,
,,,,,38973,3.0,3,,,,,,,,
,,,,,38980,7.0,7,,,,,,,,
,,,,,38984,4.0,4,,,,,,,,
,,,,,38987,3.0,3,,,,,,,,
,,,,,38992,5.0,5,,,,,,,,
,,,,,38996,4.0,4,,,,,,,,
,,,,,39000,,,0.38638365268707275,3.8638365268707275,3.3167686462402344,4.905062675476074,4.924161911010742,0.0003,0.0003,0.1
,,,,,39006,10.0,10,,,,,,,,
,,,,,39009,3.0,3,,,,,,,,
,,,,,39012,3.0,3,,,,,,,,
,,,,,39015,3.0,3,,,,,,,,
,,,,,39020,5.0,5,,,,,,,,
,,,,,39023,3.0,3,,,,,,,,
,,,,,39029,6.0,6,,,,,,,,
,,,,,39039,10.0,10,,,,,,,,
,,,,,39051,12.0,12,,,,,,,,
,,,,,39054,3.0,3,,,,,,,,
,,,,,39057,3.0,3,,,,,,,,
,,,,,39062,5.0,5,,,,,,,,
,,,,,39065,3.0,3,,,,,,,,
,,,,,39069,4.0,4,,,,,,,,
,,,,,39072,3.0,3,,,,,,,,
,,,,,39075,3.0,3,,,,,,,,
,,,,,39078,3.0,3,,,,,,,,
,,,,,39087,9.0,9,,,,,,,,
,,,,,39093,6.0,6,,,,,,,,
,,,,,39100,7.0,7,,,,,,,,
,,,,,39105,5.0,5,,,,,,,,
,,,,,39108,3.0,3,,,,,,,,
,,,,,39113,5.0,5,,,,,,,,
,,,,,39119,6.0,6,,,,,,,,
,,,,,39133,14.0,14,,,,,,,,
,,,,,39136,3.0,3,,,,,,,,
,,,,,39139,3.0,3,,,,,,,,
,,,,,39147,8.0,8,,,,,,,,
,,,,,39151,4.0,4,,,,,,,,
,,,,,39156,5.0,5,,,,,,,,
,,,,,39168,12.0,12,,,,,,,,
,,,,,39175,7.0,7,,,,,,,,
,,,,,39178,3.0,3,,,,,,,,
,,,,,39181,3.0,3,,,,,,,,
,,,,,39187,6.0,6,,,,,,,,
,,,,,39190,3.0,3,,,,,,,,
,,,,,39195,5.0,5,,,,,,,,
,,,,,39198,3.0,3,,,,,,,,
,,,,,39201,3.0,3,,,,,,,,
,,,,,39208,7.0,7,,,,,,,,
,,,,,39211,3.0,3,,,,,,,,
,,,,,39215,4.0,4,,,,,,,,
,,,,,39220,5.0,5,,,,,,,,
,,,,,39223,3.0,3,,,,,,,,
,,,,,39230,7.0,7,,,,,,,,
,,,,,39233,3.0,3,,,,,,,,
,,,,,39236,3.0,3,,,,,,,,
,,,,,39241,5.0,5,,,,,,,,
,,,,,39244,3.0,3,,,,,,,,
,,,,,39247,3.0,3,,,,,,,,
,,,,,39254,7.0,7,,,,,,,,
,,,,,39257,3.0,3,,,,,,,,
,,,,,39260,3.0,3,,,,,,,,
,,,,,39283,23.0,23,,,,,,,,
,,,,,39292,9.0,9,,,,,,,,
,,,,,39295,3.0,3,,,,,,,,
,,,,,39300,5.0,5,,,,,,,,
,,,,,39304,4.0,4,,,,,,,,
,,,,,39308,4.0,4,,,,,,,,
,,,,,39321,13.0,13,,,,,,,,
,,,,,39328,7.0,7,,,,,,,,
,,,,,39334,6.0,6,,,,,,,,
,,,,,39340,6.0,6,,,,,,,,
,,,,,39343,3.0,3,,,,,,,,
,,,,,39347,4.0,4,,,,,,,,
,,,,,39353,6.0,6,,,,,,,,
,,,,,39357,4.0,4,,,,,,,,
,,,,,39360,3.0,3,,,,,,,,
,,,,,39363,3.0,3,,,,,,,,
,,,,,39366,3.0,3,,,,,,,,
,,,,,39374,8.0,8,,,,,,,,
,,,,,39378,4.0,4,,,,,,,,
,,,,,39381,3.0,3,,,,,,,,
,,,,,39384,3.0,3,,,,,,,,
,,,,,39396,12.0,12,,,,,,,,
,,,,,39400,4.0,4,,,,,,,,
,,,,,39405,5.0,5,,,,,,,,
,,,,,39413,8.0,8,,,,,,,,
,,,,,39423,10.0,10,,,,,,,,
,,,,,39430,7.0,7,,,,,,,,
,,,,,39440,10.0,10,,,,,,,,
,,,,,39443,3.0,3,,,,,,,,
,,,,,39449,6.0,6,,,,,,,,
,,,,,39454,5.0,5,,,,,,,,
,,,,,39460,6.0,6,,,,,,,,
,,,,,39470,10.0,10,,,,,,,,
,,,,,39473,3.0,3,,,,,,,,
,,,,,39480,7.0,7,,,,,,,,
,,,,,39483,3.0,3,,,,,,,,
,,,,,39487,4.0,4,,,,,,,,
,,,,,39493,6.0,6,,,,,,,,
,,,,,39500,7.0,7,,,,,,,,
,,,,,39503,3.0,3,,,,,,,,
,,,,,39509,6.0,6,,,,,,,,
,,,,,39516,7.0,7,,,,,,,,
,,,,,39522,6.0,6,,,,,,,,
,,,,,39525,3.0,3,,,,,,,,
,,,,,39545,20.0,20,,,,,,,,
,,,,,39553,8.0,8,,,,,,,,
,,,,,39558,5.0,5,,,,,,,,
,,,,,39562,4.0,4,,,,,,,,
,,,,,39565,3.0,3,,,,,,,,
,,,,,39570,5.0,5,,,,,,,,
,,,,,39579,9.0,9,,,,,,,,
,,,,,39583,4.0,4,,,,,,,,
,,,,,39587,4.0,4,,,,,,,,
,,,,,39590,3.0,3,,,,,,,,
,,,,,39593,3.0,3,,,,,,,,
,,,,,39597,4.0,4,,,,,,,,
,,,,,39600,3.0,3,,,,,,,,
,,,,,39603,3.0,3,,,,,,,,
,,,,,39611,8.0,8,,,,,,,,
,,,,,39614,3.0,3,,,,,,,,
,,,,,39621,7.0,7,,,,,,,,
,,,,,39624,3.0,3,,,,,,,,
,,,,,39628,4.0,4,,,,,,,,
,,,,,39635,7.0,7,,,,,,,,
,,,,,39638,3.0,3,,,,,,,,
,,,,,39644,6.0,6,,,,,,,,
,,,,,39647,3.0,3,,,,,,,,
,,,,,39650,3.0,3,,,,,,,,
,,,,,39653,3.0,3,,,,,,,,
,,,,,39656,3.0,3,,,,,,,,
,,,,,39659,3.0,3,,,,,,,,
,,,,,39664,5.0,5,,,,,,,,
,,,,,39668,4.0,4,,,,,,,,
,,,,,39671,3.0,3,,,,,,,,
,,,,,39675,4.0,4,,,,,,,,
,,,,,39678,3.0,3,,,,,,,,
,,,,,39681,3.0,3,,,,,,,,
,,,,,39684,3.0,3,,,,,,,,
,,,,,39691,7.0,7,,,,,,,,
,,,,,39696,5.0,5,,,,,,,,
,,,,,39699,3.0,3,,,,,,,,
,,,,,39702,3.0,3,,,,,,,,
,,,,,39711,9.0,9,,,,,,,,
,,,,,39715,4.0,4,,,,,,,,
,,,,,39718,3.0,3,,,,,,,,
,,,,,39721,3.0,3,,,,,,,,
,,,,,39724,3.0,3,,,,,,,,
,,,,,39727,3.0,3,,,,,,,,
,,,,,39731,4.0,4,,,,,,,,
,,,,,39734,3.0,3,,,,,,,,
,,,,,39739,5.0,5,,,,,,,,
,,,,,39742,3.0,3,,,,,,,,
,,,,,39745,3.0,3,,,,,,,,
,,,,,39750,5.0,5,,,,,,,,
,,,,,39755,5.0,5,,,,,,,,
,,,,,39758,3.0,3,,,,,,,,
,,,,,39762,4.0,4,,,,,,,,
,,,,,39765,3.0,3,,,,,,,,
,,,,,39769,4.0,4,,,,,,,,
,,,,,39772,3.0,3,,,,,,,,
,,,,,39775,3.0,3,,,,,,,,
,,,,,39778,3.0,3,,,,,,,,
,,,,,39781,3.0,3,,,,,,,,
,,,,,39784,3.0,3,,,,,,,,
,,,,,39787,3.0,3,,,,,,,,
,,,,,39791,4.0,4,,,,,,,,
,,,,,39794,3.0,3,,,,,,,,
,,,,,39797,3.0,3,,,,,,,,
,,,,,39800,3.0,3,,,,,,,,
,,,,,39803,3.0,3,,,,,,,,
,,,,,39806,3.0,3,,,,,,,,
,,,,,39811,5.0,5,,,,,,,,
,,,,,39814,3.0,3,,,,,,,,
,,,,,39817,3.0,3,,,,,,,,
,,,,,39820,3.0,3,,,,,,,,
,,,,,39823,3.0,3,,,,,,,,
,,,,,39829,6.0,6,,,,,,,,
,,,,,39832,3.0,3,,,,,,,,
,,,,,39835,3.0,3,,,,,,,,
,,,,,39838,3.0,3,,,,,,,,
,,,,,39841,3.0,3,,,,,,,,
,,,,,39845,4.0,4,,,,,,,,
,,,,,39848,3.0,3,,,,,,,,
,,,,,39851,3.0,3,,,,,,,,
,,,,,39855,4.0,4,,,,,,,,
,,,,,39858,3.0,3,,,,,,,,
,,,,,39862,4.0,4,,,,,,,,
,,,,,39866,4.0,4,,,,,,,,
,,,,,39869,3.0,3,,,,,,,,
,,,,,39874,5.0,5,,,,,,,,
,,,,,39882,8.0,8,,,,,,,,
,,,,,39885,3.0,3,,,,,,,,
,,,,,39889,4.0,4,,,,,,,,
,,,,,39893,4.0,4,,,,,,,,
,,,,,39896,3.0,3,,,,,,,,
,,,,,39902,6.0,6,,,,,,,,
,,,,,39905,3.0,3,,,,,,,,
,,,,,39910,5.0,5,,,,,,,,
,,,,,39915,5.0,5,,,,,,,,
,,,,,39926,11.0,11,,,,,,,,
,,,,,39930,4.0,4,,,,,,,,
,,,,,39933,3.0,3,,,,,,,,
,,,,,39936,3.0,3,,,,,,,,
,,,,,39942,6.0,6,,,,,,,,
,,,,,39945,3.0,3,,,,,,,,
,,,,,39949,4.0,4,,,,,,,,
,,,,,39952,3.0,3,,,,,,,,
,,,,,39955,3.0,3,,,,,,,,
,,,,,39958,3.0,3,,,,,,,,
,,,,,39961,3.0,3,,,,,,,,
,,,,,39964,3.0,3,,,,,,,,
,,,,,39972,8.0,8,,,,,,,,
,,,,,39978,6.0,6,,,,,,,,
,,,,,39981,3.0,3,,,,,,,,
,,,,,39984,3.0,3,,,,,,,,
,,,,,39987,3.0,3,,,,,,,,
,,,,,39991,4.0,4,,,,,,,,
,,,,,39994,3.0,3,,,,,,,,
,,,,,39997,3.0,3,,,,,,,,
3.5,1.5,8.0,3.0,3.5,40000,,,0.2648172974586487,2.6481728553771973,2.380697727203369,4.098824977874756,4.166977405548096,0.0003,0.0003,0.1
,,,,,40003,6.0,6,,,,,,,,
,,,,,40006,3.0,3,,,,,,,,
,,,,,40009,3.0,3,,,,,,,,
,,,,,40012,3.0,3,,,,,,,,
,,,,,40015,3.0,3,,,,,,,,
,,,,,40018,3.0,3,,,,,,,,
,,,,,40021,3.0,3,,,,,,,,
,,,,,40024,3.0,3,,,,,,,,
,,,,,40027,3.0,3,,,,,,,,
,,,,,40030,3.0,3,,,,,,,,
,,,,,40034,4.0,4,,,,,,,,
,,,,,40037,3.0,3,,,,,,,,
,,,,,40040,3.0,3,,,,,,,,
,,,,,40043,3.0,3,,,,,,,,
,,,,,40047,4.0,4,,,,,,,,
,,,,,40050,3.0,3,,,,,,,,
,,,,,40053,3.0,3,,,,,,,,
,,,,,40059,6.0,6,,,,,,,,
,,,,,40062,3.0,3,,,,,,,,
,,,,,40065,3.0,3,,,,,,,,
,,,,,40068,3.0,3,,,,,,,,
,,,,,40074,6.0,6,,,,,,,,
,,,,,40077,3.0,3,,,,,,,,
,,,,,40082,5.0,5,,,,,,,,
,,,,,40088,6.0,6,,,,,,,,
,,,,,40091,3.0,3,,,,,,,,
,,,,,40099,8.0,8,,,,,,,,
,,,,,40102,3.0,3,,,,,,,,
,,,,,40105,3.0,3,,,,,,,,
,,,,,40108,3.0,3,,,,,,,,
,,,,,40111,3.0,3,,,,,,,,
,,,,,40115,4.0,4,,,,,,,,
,,,,,40118,3.0,3,,,,,,,,
,,,,,40121,3.0,3,,,,,,,,
,,,,,40124,3.0,3,,,,,,,,
,,,,,40127,3.0,3,,,,,,,,
,,,,,40131,4.0,4,,,,,,,,
,,,,,40134,3.0,3,,,,,,,,
,,,,,40137,3.0,3,,,,,,,,
,,,,,40143,6.0,6,,,,,,,,
,,,,,40146,3.0,3,,,,,,,,
,,,,,40149,3.0,3,,,,,,,,
,,,,,40153,4.0,4,,,,,,,,
,,,,,40156,3.0,3,,,,,,,,
,,,,,40159,3.0,3,,,,,,,,
,,,,,40162,3.0,3,,,,,,,,
,,,,,40167,5.0,5,,,,,,,,
,,,,,40170,3.0,3,,,,,,,,
,,,,,40173,3.0,3,,,,,,,,
,,,,,40176,3.0,3,,,,,,,,
,,,,,40179,3.0,3,,,,,,,,
,,,,,40182,3.0,3,,,,,,,,
,,,,,40185,3.0,3,,,,,,,,
,,,,,40188,3.0,3,,,,,,,,
,,,,,40191,3.0,3,,,,,,,,
,,,,,40196,5.0,5,,,,,,,,
,,,,,40199,3.0,3,,,,,,,,
,,,,,40202,3.0,3,,,,,,,,
,,,,,40206,4.0,4,,,,,,,,
,,,,,40209,3.0,3,,,,,,,,
,,,,,40215,6.0,6,,,,,,,,
,,,,,40218,3.0,3,,,,,,,,
,,,,,40221,3.0,3,,,,,,,,
,,,,,40224,3.0,3,,,,,,,,
,,,,,40227,3.0,3,,,,,,,,
,,,,,40230,3.0,3,,,,,,,,
,,,,,40234,4.0,4,,,,,,,,
,,,,,40237,3.0,3,,,,,,,,
,,,,,40240,3.0,3,,,,,,,,
,,,,,40246,6.0,6,,,,,,,,
,,,,,40249,3.0,3,,,,,,,,
,,,,,40252,3.0,3,,,,,,,,
,,,,,40257,5.0,5,,,,,,,,
,,,,,40260,3.0,3,,,,,,,,
,,,,,40264,4.0,4,,,,,,,,
,,,,,40267,3.0,3,,,,,,,,
,,,,,40270,3.0,3,,,,,,,,
,,,,,40273,3.0,3,,,,,,,,
,,,,,40276,3.0,3,,,,,,,,
,,,,,40279,3.0,3,,,,,,,,
,,,,,40283,4.0,4,,,,,,,,
,,,,,40286,3.0,3,,,,,,,,
,,,,,40289,3.0,3,,,,,,,,
,,,,,40292,3.0,3,,,,,,,,
,,,,,40302,10.0,10,,,,,,,,
,,,,,40305,3.0,3,,,,,,,,
,,,,,40308,3.0,3,,,,,,,,
,,,,,40312,4.0,4,,,,,,,,
,,,,,40315,3.0,3,,,,,,,,
,,,,,40318,3.0,3,,,,,,,,
,,,,,40321,3.0,3,,,,,,,,
,,,,,40324,3.0,3,,,,,,,,
,,,,,40327,3.0,3,,,,,,,,
,,,,,40330,3.0,3,,,,,,,,
,,,,,40333,3.0,3,,,,,,,,
,,,,,40337,4.0,4,,,,,,,,
,,,,,40343,6.0,6,,,,,,,,
,,,,,40346,3.0,3,,,,,,,,
,,,,,40349,3.0,3,,,,,,,,
,,,,,40353,4.0,4,,,,,,,,
,,,,,40359,6.0,6,,,,,,,,
,,,,,40362,3.0,3,,,,,,,,
,,,,,40365,3.0,3,,,,,,,,
,,,,,40369,4.0,4,,,,,,,,
,,,,,40372,3.0,3,,,,,,,,
,,,,,40383,11.0,11,,,,,,,,
,,,,,40386,3.0,3,,,,,,,,
,,,,,40390,4.0,4,,,,,,,,
,,,,,40393,3.0,3,,,,,,,,
,,,,,40397,4.0,4,,,,,,,,
,,,,,40400,3.0,3,,,,,,,,
,,,,,40403,3.0,3,,,,,,,,
,,,,,40406,3.0,3,,,,,,,,
,,,,,40409,3.0,3,,,,,,,,
,,,,,40412,3.0,3,,,,,,,,
,,,,,40415,3.0,3,,,,,,,,
,,,,,40419,4.0,4,,,,,,,,
,,,,,40422,3.0,3,,,,,,,,
,,,,,40426,4.0,4,,,,,,,,
,,,,,40432,6.0,6,,,,,,,,
,,,,,40435,3.0,3,,,,,,,,
,,,,,40441,6.0,6,,,,,,,,
,,,,,40446,5.0,5,,,,,,,,
,,,,,40449,3.0,3,,,,,,,,
,,,,,40452,3.0,3,,,,,,,,
,,,,,40455,3.0,3,,,,,,,,
,,,,,40463,8.0,8,,,,,,,,
,,,,,40467,4.0,4,,,,,,,,
,,,,,40471,4.0,4,,,,,,,,
,,,,,40474,3.0,3,,,,,,,,
,,,,,40477,3.0,3,,,,,,,,
,,,,,40480,3.0,3,,,,,,,,
,,,,,40483,3.0,3,,,,,,,,
,,,,,40486,3.0,3,,,,,,,,
,,,,,40489,3.0,3,,,,,,,,
,,,,,40492,3.0,3,,,,,,,,
,,,,,40498,6.0,6,,,,,,,,
,,,,,40503,5.0,5,,,,,,,,
,,,,,40506,3.0,3,,,,,,,,
,,,,,40513,7.0,7,,,,,,,,
,,,,,40521,8.0,8,,,,,,,,
,,,,,40524,3.0,3,,,,,,,,
,,,,,40527,3.0,3,,,,,,,,
,,,,,40531,4.0,4,,,,,,,,
,,,,,40534,3.0,3,,,,,,,,
,,,,,40543,9.0,9,,,,,,,,
,,,,,40547,4.0,4,,,,,,,,
,,,,,40554,7.0,7,,,,,,,,
,,,,,40560,6.0,6,,,,,,,,
,,,,,40565,5.0,5,,,,,,,,
,,,,,40568,3.0,3,,,,,,,,
,,,,,40575,7.0,7,,,,,,,,
,,,,,40578,3.0,3,,,,,,,,
,,,,,40581,3.0,3,,,,,,,,
,,,,,40584,3.0,3,,,,,,,,
,,,,,40588,4.0,4,,,,,,,,
,,,,,40591,3.0,3,,,,,,,,
,,,,,40594,3.0,3,,,,,,,,
,,,,,40597,3.0,3,,,,,,,,
,,,,,40603,6.0,6,,,,,,,,
,,,,,40613,10.0,10,,,,,,,,
,,,,,40616,3.0,3,,,,,,,,
,,,,,40623,7.0,7,,,,,,,,
,,,,,40628,5.0,5,,,,,,,,
,,,,,40631,3.0,3,,,,,,,,
,,,,,40634,3.0,3,,,,,,,,
,,,,,40639,5.0,5,,,,,,,,
,,,,,40648,9.0,9,,,,,,,,
,,,,,40651,3.0,3,,,,,,,,
,,,,,40654,3.0,3,,,,,,,,
,,,,,40657,3.0,3,,,,,,,,
,,,,,40661,4.0,4,,,,,,,,
,,,,,40664,3.0,3,,,,,,,,
,,,,,40677,13.0,13,,,,,,,,
,,,,,40680,3.0,3,,,,,,,,
,,,,,40683,3.0,3,,,,,,,,
,,,,,40688,5.0,5,,,,,,,,
,,,,,40691,3.0,3,,,,,,,,
,,,,,40698,7.0,7,,,,,,,,
,,,,,40702,4.0,4,,,,,,,,
,,,,,40715,13.0,13,,,,,,,,
,,,,,40722,7.0,7,,,,,,,,
,,,,,40729,7.0,7,,,,,,,,
,,,,,40732,3.0,3,,,,,,,,
,,,,,40736,4.0,4,,,,,,,,
,,,,,40739,3.0,3,,,,,,,,
,,,,,40742,3.0,3,,,,,,,,
,,,,,40745,3.0,3,,,,,,,,
,,,,,40748,3.0,3,,,,,,,,
,,,,,40753,5.0,5,,,,,,,,
,,,,,40756,3.0,3,,,,,,,,
,,,,,40759,3.0,3,,,,,,,,
,,,,,40765,6.0,6,,,,,,,,
,,,,,40768,3.0,3,,,,,,,,
,,,,,40771,3.0,3,,,,,,,,
,,,,,40779,8.0,8,,,,,,,,
,,,,,40785,6.0,6,,,,,,,,
,,,,,40788,3.0,3,,,,,,,,
,,,,,40791,3.0,3,,,,,,,,
,,,,,40795,4.0,4,,,,,,,,
,,,,,40798,3.0,3,,,,,,,,
,,,,,40802,4.0,4,,,,,,,,
,,,,,40806,4.0,4,,,,,,,,
,,,,,40817,11.0,11,,,,,,,,
,,,,,40820,3.0,3,,,,,,,,
,,,,,40829,9.0,9,,,,,,,,
,,,,,40832,3.0,3,,,,,,,,
,,,,,40838,6.0,6,,,,,,,,
,,,,,40842,4.0,4,,,,,,,,
,,,,,40849,7.0,7,,,,,,,,
,,,,,40856,7.0,7,,,,,,,,
,,,,,40861,5.0,5,,,,,,,,
,,,,,40864,3.0,3,,,,,,,,
,,,,,40868,4.0,4,,,,,,,,
,,,,,40873,5.0,5,,,,,,,,
,,,,,40876,3.0,3,,,,,,,,
,,,,,40882,6.0,6,,,,,,,,
,,,,,40886,4.0,4,,,,,,,,
,,,,,40889,3.0,3,,,,,,,,
,,,,,40892,3.0,3,,,,,,,,
,,,,,40901,9.0,9,,,,,,,,
,,,,,40905,4.0,4,,,,,,,,
,,,,,40908,3.0,3,,,,,,,,
,,,,,40912,4.0,4,,,,,,,,
,,,,,40915,3.0,3,,,,,,,,
,,,,,40918,3.0,3,,,,,,,,
,,,,,40922,4.0,4,,,,,,,,
,,,,,40926,4.0,4,,,,,,,,
,,,,,40934,8.0,8,,,,,,,,
,,,,,40937,3.0,3,,,,,,,,
,,,,,40943,6.0,6,,,,,,,,
,,,,,40947,4.0,4,,,,,,,,
,,,,,40953,6.0,6,,,,,,,,
,,,,,40956,3.0,3,,,,,,,,
,,,,,40962,6.0,6,,,,,,,,
,,,,,40969,7.0,7,,,,,,,,
,,,,,40972,3.0,3,,,,,,,,
,,,,,40975,3.0,3,,,,,,,,
,,,,,40979,4.0,4,,,,,,,,
,,,,,40989,10.0,10,,,,,,,,
,,,,,40992,3.0,3,,,,,,,,
,,,,,40995,3.0,3,,,,,,,,
,,,,,40998,3.0,3,,,,,,,,
,,,,,41000,,,0.23911550641059875,2.3911550045013428,1.7384326457977295,4.542931079864502,4.257595539093018,0.0003,0.0003,0.1
,,,,,41003,5.0,5,,,,,,,,
,,,,,41006,3.0,3,,,,,,,,
,,,,,41011,5.0,5,,,,,,,,
,,,,,41017,6.0,6,,,,,,,,
,,,,,41022,5.0,5,,,,,,,,
,,,,,41031,9.0,9,,,,,,,,
,,,,,41034,3.0,3,,,,,,,,
,,,,,41051,17.0,17,,,,,,,,
,,,,,41055,4.0,4,,,,,,,,
,,,,,41059,4.0,4,,,,,,,,
,,,,,41064,5.0,5,,,,,,,,
,,,,,41069,5.0,5,,,,,,,,
,,,,,41082,13.0,13,,,,,,,,
,,,,,41086,4.0,4,,,,,,,,
,,,,,41099,13.0,13,,,,,,,,
,,,,,41102,3.0,3,,,,,,,,
,,,,,41114,12.0,12,,,,,,,,
,,,,,41119,5.0,5,,,,,,,,
,,,,,41122,3.0,3,,,,,,,,
,,,,,41126,4.0,4,,,,,,,,
,,,,,41129,3.0,3,,,,,,,,
,,,,,41151,22.0,22,,,,,,,,
,,,,,41154,3.0,3,,,,,,,,
,,,,,41165,11.0,11,,,,,,,,
,,,,,41169,4.0,4,,,,,,,,
,,,,,41172,3.0,3,,,,,,,,
,,,,,41176,4.0,4,,,,,,,,
,,,,,41180,4.0,4,,,,,,,,
,,,,,41191,11.0,11,,,,,,,,
,,,,,41198,7.0,7,,,,,,,,
,,,,,41205,7.0,7,,,,,,,,
,,,,,41208,3.0,3,,,,,,,,
,,,,,41212,4.0,4,,,,,,,,
,,,,,41215,3.0,3,,,,,,,,
,,,,,41219,4.0,4,,,,,,,,
,,,,,41229,10.0,10,,,,,,,,
,,,,,41238,9.0,9,,,,,,,,
,,,,,41243,5.0,5,,,,,,,,
,,,,,41246,3.0,3,,,,,,,,
,,,,,41252,6.0,6,,,,,,,,
,,,,,41255,3.0,3,,,,,,,,
,,,,,41267,12.0,12,,,,,,,,
,,,,,41271,4.0,4,,,,,,,,
,,,,,41277,6.0,6,,,,,,,,
,,,,,41282,5.0,5,,,,,,,,
,,,,,41286,4.0,4,,,,,,,,
,,,,,41293,7.0,7,,,,,,,,
,,,,,41296,3.0,3,,,,,,,,
,,,,,41299,3.0,3,,,,,,,,
,,,,,41303,4.0,4,,,,,,,,
,,,,,41307,4.0,4,,,,,,,,
,,,,,41310,3.0,3,,,,,,,,
,,,,,41314,4.0,4,,,,,,,,
,,,,,41321,7.0,7,,,,,,,,
,,,,,41325,4.0,4,,,,,,,,
,,,,,41333,8.0,8,,,,,,,,
,,,,,41336,3.0,3,,,,,,,,
,,,,,41339,3.0,3,,,,,,,,
,,,,,41342,3.0,3,,,,,,,,
,,,,,41349,7.0,7,,,,,,,,
,,,,,41352,3.0,3,,,,,,,,
,,,,,41355,3.0,3,,,,,,,,
,,,,,41359,4.0,4,,,,,,,,
,,,,,41365,6.0,6,,,,,,,,
,,,,,41368,3.0,3,,,,,,,,
,,,,,41371,3.0,3,,,,,,,,
,,,,,41374,3.0,3,,,,,,,,
,,,,,41377,3.0,3,,,,,,,,
,,,,,41381,4.0,4,,,,,,,,
,,,,,41386,5.0,5,,,,,,,,
,,,,,41389,3.0,3,,,,,,,,
,,,,,41396,7.0,7,,,,,,,,
,,,,,41399,3.0,3,,,,,,,,
,,,,,41404,5.0,5,,,,,,,,
,,,,,41411,7.0,7,,,,,,,,
,,,,,41417,6.0,6,,,,,,,,
,,,,,41422,5.0,5,,,,,,,,
,,,,,41439,17.0,17,,,,,,,,
,,,,,41444,5.0,5,,,,,,,,
,,,,,41447,3.0,3,,,,,,,,
,,,,,41451,4.0,4,,,,,,,,
,,,,,41457,6.0,6,,,,,,,,
,,,,,41460,3.0,3,,,,,,,,
,,,,,41467,7.0,7,,,,,,,,
,,,,,41473,6.0,6,,,,,,,,
,,,,,41477,4.0,4,,,,,,,,
,,,,,41480,3.0,3,,,,,,,,
,,,,,41485,5.0,5,,,,,,,,
,,,,,41492,7.0,7,,,,,,,,
,,,,,41495,3.0,3,,,,,,,,
,,,,,41498,3.0,3,,,,,,,,
,,,,,41505,7.0,7,,,,,,,,
,,,,,41515,10.0,10,,,,,,,,
,,,,,41518,3.0,3,,,,,,,,
,,,,,41524,6.0,6,,,,,,,,
,,,,,41529,5.0,5,,,,,,,,
,,,,,41533,4.0,4,,,,,,,,
,,,,,41536,3.0,3,,,,,,,,
,,,,,41542,6.0,6,,,,,,,,
,,,,,41546,4.0,4,,,,,,,,
,,,,,41552,6.0,6,,,,,,,,
,,,,,41557,5.0,5,,,,,,,,
,,,,,41564,7.0,7,,,,,,,,
,,,,,41567,3.0,3,,,,,,,,
,,,,,41574,7.0,7,,,,,,,,
,,,,,41579,5.0,5,,,,,,,,
,,,,,41587,8.0,8,,,,,,,,
,,,,,41591,4.0,4,,,,,,,,
,,,,,41595,4.0,4,,,,,,,,
,,,,,41600,5.0,5,,,,,,,,
,,,,,41604,4.0,4,,,,,,,,
,,,,,41613,9.0,9,,,,,,,,
,,,,,41620,7.0,7,,,,,,,,
,,,,,41626,6.0,6,,,,,,,,
,,,,,41634,8.0,8,,,,,,,,
,,,,,41639,5.0,5,,,,,,,,
,,,,,41642,3.0,3,,,,,,,,
,,,,,41648,6.0,6,,,,,,,,
,,,,,41656,8.0,8,,,,,,,,
,,,,,41669,13.0,13,,,,,,,,
,,,,,41677,8.0,8,,,,,,,,
,,,,,41680,3.0,3,,,,,,,,
,,,,,41685,5.0,5,,,,,,,,
,,,,,41688,3.0,3,,,,,,,,
,,,,,41691,3.0,3,,,,,,,,
,,,,,41694,3.0,3,,,,,,,,
,,,,,41698,4.0,4,,,,,,,,
,,,,,41701,3.0,3,,,,,,,,
,,,,,41713,12.0,12,,,,,,,,
,,,,,41720,7.0,7,,,,,,,,
,,,,,41738,18.0,18,,,,,,,,
,,,,,41741,3.0,3,,,,,,,,
,,,,,41745,4.0,4,,,,,,,,
,,,,,41748,3.0,3,,,,,,,,
,,,,,41753,5.0,5,,,,,,,,
,,,,,41756,3.0,3,,,,,,,,
,,,,,41759,3.0,3,,,,,,,,
,,,,,41762,3.0,3,,,,,,,,
,,,,,41765,3.0,3,,,,,,,,
,,,,,41778,13.0,13,,,,,,,,
,,,,,41782,4.0,4,,,,,,,,
,,,,,41785,3.0,3,,,,,,,,
,,,,,41788,3.0,3,,,,,,,,
,,,,,41791,3.0,3,,,,,,,,
,,,,,41796,5.0,5,,,,,,,,
,,,,,41799,3.0,3,,,,,,,,
,,,,,41802,3.0,3,,,,,,,,
,,,,,41805,3.0,3,,,,,,,,
,,,,,41811,6.0,6,,,,,,,,
,,,,,41816,5.0,5,,,,,,,,
,,,,,41823,7.0,7,,,,,,,,
,,,,,41828,5.0,5,,,,,,,,
,,,,,41831,3.0,3,,,,,,,,
,,,,,41836,5.0,5,,,,,,,,
,,,,,41844,8.0,8,,,,,,,,
,,,,,41853,9.0,9,,,,,,,,
,,,,,41857,4.0,4,,,,,,,,
,,,,,41860,3.0,3,,,,,,,,
,,,,,41873,13.0,13,,,,,,,,
,,,,,41876,3.0,3,,,,,,,,
,,,,,41882,6.0,6,,,,,,,,
,,,,,41889,7.0,7,,,,,,,,
,,,,,41893,4.0,4,,,,,,,,
,,,,,41896,3.0,3,,,,,,,,
,,,,,41899,3.0,3,,,,,,,,
,,,,,41902,3.0,3,,,,,,,,
,,,,,41908,6.0,6,,,,,,,,
,,,,,41911,3.0,3,,,,,,,,
,,,,,41914,3.0,3,,,,,,,,
,,,,,41918,4.0,4,,,,,,,,
,,,,,41921,3.0,3,,,,,,,,
,,,,,41924,3.0,3,,,,,,,,
,,,,,41928,4.0,4,,,,,,,,
,,,,,41931,3.0,3,,,,,,,,
,,,,,41934,3.0,3,,,,,,,,
,,,,,41944,10.0,10,,,,,,,,
,,,,,41948,4.0,4,,,,,,,,
,,,,,41951,3.0,3,,,,,,,,
,,,,,41954,3.0,3,,,,,,,,
,,,,,41967,13.0,13,,,,,,,,
,,,,,41973,6.0,6,,,,,,,,
,,,,,41977,4.0,4,,,,,,,,
,,,,,41984,7.0,7,,,,,,,,
,,,,,41987,3.0,3,,,,,,,,
,,,,,41995,8.0,8,,,,,,,,
,,,,,42000,,,0.36553892493247986,3.6553890705108643,4.019385814666748,5.434260845184326,5.381986618041992,0.0003,0.0003,0.1
,,,,,42003,8.0,8,,,,,,,,
,,,,,42006,3.0,3,,,,,,,,
,,,,,42013,7.0,7,,,,,,,,
,,,,,42018,5.0,5,,,,,,,,
,,,,,42023,5.0,5,,,,,,,,
,,,,,42032,9.0,9,,,,,,,,
,,,,,42036,4.0,4,,,,,,,,
,,,,,42039,3.0,3,,,,,,,,
,,,,,42042,3.0,3,,,,,,,,
,,,,,42048,6.0,6,,,,,,,,
,,,,,42052,4.0,4,,,,,,,,
,,,,,42055,3.0,3,,,,,,,,
,,,,,42060,5.0,5,,,,,,,,
,,,,,42064,4.0,4,,,,,,,,
,,,,,42067,3.0,3,,,,,,,,
,,,,,42070,3.0,3,,,,,,,,
,,,,,42073,3.0,3,,,,,,,,
,,,,,42076,3.0,3,,,,,,,,
,,,,,42079,3.0,3,,,,,,,,
,,,,,42084,5.0,5,,,,,,,,
,,,,,42091,7.0,7,,,,,,,,
,,,,,42096,5.0,5,,,,,,,,
,,,,,42105,9.0,9,,,,,,,,
,,,,,42110,5.0,5,,,,,,,,
,,,,,42114,4.0,4,,,,,,,,
,,,,,42119,5.0,5,,,,,,,,
,,,,,42133,14.0,14,,,,,,,,
,,,,,42136,3.0,3,,,,,,,,
,,,,,42141,5.0,5,,,,,,,,
,,,,,42146,5.0,5,,,,,,,,
,,,,,42150,4.0,4,,,,,,,,
,,,,,42155,5.0,5,,,,,,,,
,,,,,42158,3.0,3,,,,,,,,
,,,,,42161,3.0,3,,,,,,,,
,,,,,42164,3.0,3,,,,,,,,
,,,,,42167,3.0,3,,,,,,,,
,,,,,42172,5.0,5,,,,,,,,
,,,,,42175,3.0,3,,,,,,,,
,,,,,42178,3.0,3,,,,,,,,
,,,,,42188,10.0,10,,,,,,,,
,,,,,42191,3.0,3,,,,,,,,
,,,,,42194,3.0,3,,,,,,,,
,,,,,42197,3.0,3,,,,,,,,
,,,,,42200,3.0,3,,,,,,,,
,,,,,42204,4.0,4,,,,,,,,
,,,,,42207,3.0,3,,,,,,,,
,,,,,42214,7.0,7,,,,,,,,
,,,,,42217,3.0,3,,,,,,,,
,,,,,42220,3.0,3,,,,,,,,
,,,,,42223,3.0,3,,,,,,,,
,,,,,42228,5.0,5,,,,,,,,
,,,,,42231,3.0,3,,,,,,,,
,,,,,42234,3.0,3,,,,,,,,
,,,,,42249,15.0,15,,,,,,,,
,,,,,42254,5.0,5,,,,,,,,
,,,,,42262,8.0,8,,,,,,,,
,,,,,42266,4.0,4,,,,,,,,
,,,,,42269,3.0,3,,,,,,,,
,,,,,42274,5.0,5,,,,,,,,
,,,,,42278,4.0,4,,,,,,,,
,,,,,42283,5.0,5,,,,,,,,
,,,,,42287,4.0,4,,,,,,,,
,,,,,42291,4.0,4,,,,,,,,
,,,,,42294,3.0,3,,,,,,,,
,,,,,42300,6.0,6,,,,,,,,
,,,,,42308,8.0,8,,,,,,,,
,,,,,42312,4.0,4,,,,,,,,
,,,,,42316,4.0,4,,,,,,,,
,,,,,42327,11.0,11,,,,,,,,
,,,,,42330,3.0,3,,,,,,,,
,,,,,42333,3.0,3,,,,,,,,
,,,,,42340,7.0,7,,,,,,,,
,,,,,42344,4.0,4,,,,,,,,
,,,,,42348,4.0,4,,,,,,,,
,,,,,42353,5.0,5,,,,,,,,
,,,,,42358,5.0,5,,,,,,,,
,,,,,42361,3.0,3,,,,,,,,
,,,,,42364,3.0,3,,,,,,,,
,,,,,42370,6.0,6,,,,,,,,
,,,,,42376,6.0,6,,,,,,,,
,,,,,42380,4.0,4,,,,,,,,
,,,,,42386,6.0,6,,,,,,,,
,,,,,42395,9.0,9,,,,,,,,
,,,,,42398,3.0,3,,,,,,,,
,,,,,42401,3.0,3,,,,,,,,
,,,,,42404,3.0,3,,,,,,,,
,,,,,42408,4.0,4,,,,,,,,
,,,,,42417,9.0,9,,,,,,,,
,,,,,42424,7.0,7,,,,,,,,
,,,,,42427,3.0,3,,,,,,,,
,,,,,42430,3.0,3,,,,,,,,
,,,,,42435,5.0,5,,,,,,,,
,,,,,42442,7.0,7,,,,,,,,
,,,,,42445,3.0,3,,,,,,,,
,,,,,42448,3.0,3,,,,,,,,
,,,,,42454,6.0,6,,,,,,,,
,,,,,42457,3.0,3,,,,,,,,
,,,,,42468,11.0,11,,,,,,,,
,,,,,42471,3.0,3,,,,,,,,
,,,,,42474,3.0,3,,,,,,,,
,,,,,42483,9.0,9,,,,,,,,
,,,,,42487,4.0,4,,,,,,,,
,,,,,42490,3.0,3,,,,,,,,
,,,,,42496,6.0,6,,,,,,,,
,,,,,42499,3.0,3,,,,,,,,
,,,,,42507,8.0,8,,,,,,,,
,,,,,42510,3.0,3,,,,,,,,
,,,,,42515,5.0,5,,,,,,,,
,,,,,42518,3.0,3,,,,,,,,
,,,,,42529,11.0,11,,,,,,,,
,,,,,42533,4.0,4,,,,,,,,
,,,,,42537,4.0,4,,,,,,,,
,,,,,42544,7.0,7,,,,,,,,
,,,,,42550,6.0,6,,,,,,,,
,,,,,42554,4.0,4,,,,,,,,
,,,,,42561,7.0,7,,,,,,,,
,,,,,42564,3.0,3,,,,,,,,
,,,,,42573,9.0,9,,,,,,,,
,,,,,42589,16.0,16,,,,,,,,
,,,,,42593,4.0,4,,,,,,,,
,,,,,42598,5.0,5,,,,,,,,
,,,,,42601,3.0,3,,,,,,,,
,,,,,42606,5.0,5,,,,,,,,
,,,,,42609,3.0,3,,,,,,,,
,,,,,42615,6.0,6,,,,,,,,
,,,,,42623,8.0,8,,,,,,,,
,,,,,42626,3.0,3,,,,,,,,
,,,,,42629,3.0,3,,,,,,,,
,,,,,42632,3.0,3,,,,,,,,
,,,,,42637,5.0,5,,,,,,,,
,,,,,42643,6.0,6,,,,,,,,
,,,,,42650,7.0,7,,,,,,,,
,,,,,42655,5.0,5,,,,,,,,
,,,,,42664,9.0,9,,,,,,,,
,,,,,42671,7.0,7,,,,,,,,
,,,,,42676,5.0,5,,,,,,,,
,,,,,42679,3.0,3,,,,,,,,
,,,,,42682,3.0,3,,,,,,,,
,,,,,42685,3.0,3,,,,,,,,
,,,,,42688,3.0,3,,,,,,,,
,,,,,42691,3.0,3,,,,,,,,
,,,,,42694,3.0,3,,,,,,,,
,,,,,42697,3.0,3,,,,,,,,
,,,,,42700,3.0,3,,,,,,,,
,,,,,42703,3.0,3,,,,,,,,
,,,,,42706,3.0,3,,,,,,,,
,,,,,42710,4.0,4,,,,,,,,
,,,,,42717,7.0,7,,,,,,,,
,,,,,42724,7.0,7,,,,,,,,
,,,,,42727,3.0,3,,,,,,,,
,,,,,42730,3.0,3,,,,,,,,
,,,,,42737,7.0,7,,,,,,,,
,,,,,42747,10.0,10,,,,,,,,
,,,,,42751,4.0,4,,,,,,,,
,,,,,42756,5.0,5,,,,,,,,
,,,,,42761,5.0,5,,,,,,,,
,,,,,42766,5.0,5,,,,,,,,
,,,,,42769,3.0,3,,,,,,,,
,,,,,42776,7.0,7,,,,,,,,
,,,,,42779,3.0,3,,,,,,,,
,,,,,42785,6.0,6,,,,,,,,
,,,,,42788,3.0,3,,,,,,,,
,,,,,42791,3.0,3,,,,,,,,
,,,,,42800,9.0,9,,,,,,,,
,,,,,42803,3.0,3,,,,,,,,
,,,,,42806,3.0,3,,,,,,,,
,,,,,42809,3.0,3,,,,,,,,
,,,,,42814,5.0,5,,,,,,,,
,,,,,42817,3.0,3,,,,,,,,
,,,,,42825,8.0,8,,,,,,,,
,,,,,42831,6.0,6,,,,,,,,
,,,,,42837,6.0,6,,,,,,,,
,,,,,42840,3.0,3,,,,,,,,
,,,,,42843,3.0,3,,,,,,,,
,,,,,42847,4.0,4,,,,,,,,
,,,,,42854,7.0,7,,,,,,,,
,,,,,42860,6.0,6,,,,,,,,
,,,,,42864,4.0,4,,,,,,,,
,,,,,42867,3.0,3,,,,,,,,
,,,,,42870,3.0,3,,,,,,,,
,,,,,42874,4.0,4,,,,,,,,
,,,,,42882,8.0,8,,,,,,,,
,,,,,42895,13.0,13,,,,,,,,
,,,,,42902,7.0,7,,,,,,,,
,,,,,42905,3.0,3,,,,,,,,
,,,,,42908,3.0,3,,,,,,,,
,,,,,42916,8.0,8,,,,,,,,
,,,,,42922,6.0,6,,,,,,,,
,,,,,42925,3.0,3,,,,,,,,
,,,,,42928,3.0,3,,,,,,,,
,,,,,42938,10.0,10,,,,,,,,
,,,,,42946,8.0,8,,,,,,,,
,,,,,42953,7.0,7,,,,,,,,
,,,,,42956,3.0,3,,,,,,,,
,,,,,42959,3.0,3,,,,,,,,
,,,,,42962,3.0,3,,,,,,,,
,,,,,42966,4.0,4,,,,,,,,
,,,,,42969,3.0,3,,,,,,,,
,,,,,42976,7.0,7,,,,,,,,
,,,,,42985,9.0,9,,,,,,,,
,,,,,42990,5.0,5,,,,,,,,
,,,,,43000,10.0,10,,,,,,,,
,,,,,43000,,,0.4623984396457672,4.623984336853027,2.9640212059020996,5.256147384643555,5.287818431854248,0.0003,0.0003,0.1
,,,,,43008,8.0,8,,,,,,,,
,,,,,43011,3.0,3,,,,,,,,
,,,,,43017,6.0,6,,,,,,,,
,,,,,43020,3.0,3,,,,,,,,
,,,,,43029,9.0,9,,,,,,,,
,,,,,43033,4.0,4,,,,,,,,
,,,,,43042,9.0,9,,,,,,,,
,,,,,43049,7.0,7,,,,,,,,
,,,,,43053,4.0,4,,,,,,,,
,,,,,43059,6.0,6,,,,,,,,
,,,,,43062,3.0,3,,,,,,,,
,,,,,43065,3.0,3,,,,,,,,
,,,,,43076,11.0,11,,,,,,,,
,,,,,43083,7.0,7,,,,,,,,
,,,,,43086,3.0,3,,,,,,,,
,,,,,43089,3.0,3,,,,,,,,
,,,,,43092,3.0,3,,,,,,,,
,,,,,43098,6.0,6,,,,,,,,
,,,,,43101,3.0,3,,,,,,,,
,,,,,43106,5.0,5,,,,,,,,
,,,,,43109,3.0,3,,,,,,,,
,,,,,43113,4.0,4,,,,,,,,
,,,,,43122,9.0,9,,,,,,,,
,,,,,43126,4.0,4,,,,,,,,
,,,,,43129,3.0,3,,,,,,,,
,,,,,43139,10.0,10,,,,,,,,
,,,,,43142,3.0,3,,,,,,,,
,,,,,43148,6.0,6,,,,,,,,
,,,,,43151,3.0,3,,,,,,,,
,,,,,43155,4.0,4,,,,,,,,
,,,,,43158,3.0,3,,,,,,,,
,,,,,43161,3.0,3,,,,,,,,
,,,,,43164,3.0,3,,,,,,,,
,,,,,43167,3.0,3,,,,,,,,
,,,,,43172,5.0,5,,,,,,,,
,,,,,43178,6.0,6,,,,,,,,
,,,,,43185,7.0,7,,,,,,,,
,,,,,43189,4.0,4,,,,,,,,
,,,,,43192,3.0,3,,,,,,,,
,,,,,43195,3.0,3,,,,,,,,
,,,,,43198,3.0,3,,,,,,,,
,,,,,43211,13.0,13,,,,,,,,
,,,,,43215,4.0,4,,,,,,,,
,,,,,43218,3.0,3,,,,,,,,
,,,,,43224,6.0,6,,,,,,,,
,,,,,43237,13.0,13,,,,,,,,
,,,,,43242,5.0,5,,,,,,,,
,,,,,43247,5.0,5,,,,,,,,
,,,,,43253,6.0,6,,,,,,,,
,,,,,43259,6.0,6,,,,,,,,
,,,,,43262,3.0,3,,,,,,,,
,,,,,43265,3.0,3,,,,,,,,
,,,,,43269,4.0,4,,,,,,,,
,,,,,43272,3.0,3,,,,,,,,
,,,,,43275,3.0,3,,,,,,,,
,,,,,43279,4.0,4,,,,,,,,
,,,,,43282,3.0,3,,,,,,,,
,,,,,43287,5.0,5,,,,,,,,
,,,,,43293,6.0,6,,,,,,,,
,,,,,43300,7.0,7,,,,,,,,
,,,,,43305,5.0,5,,,,,,,,
,,,,,43310,5.0,5,,,,,,,,
,,,,,43322,12.0,12,,,,,,,,
,,,,,43329,7.0,7,,,,,,,,
,,,,,43332,3.0,3,,,,,,,,
,,,,,43336,4.0,4,,,,,,,,
,,,,,43364,28.0,28,,,,,,,,
,,,,,43367,3.0,3,,,,,,,,
,,,,,43381,14.0,14,,,,,,,,
,,,,,43390,9.0,9,,,,,,,,
,,,,,43393,3.0,3,,,,,,,,
,,,,,43396,3.0,3,,,,,,,,
,,,,,43399,3.0,3,,,,,,,,
,,,,,43402,3.0,3,,,,,,,,
,,,,,43407,5.0,5,,,,,,,,
,,,,,43413,6.0,6,,,,,,,,
,,,,,43418,5.0,5,,,,,,,,
,,,,,43421,3.0,3,,,,,,,,
,,,,,43424,3.0,3,,,,,,,,
,,,,,43429,5.0,5,,,,,,,,
,,,,,43434,5.0,5,,,,,,,,
,,,,,43442,8.0,8,,,,,,,,
,,,,,43449,7.0,7,,,,,,,,
,,,,,43452,3.0,3,,,,,,,,
,,,,,43456,4.0,4,,,,,,,,
,,,,,43459,3.0,3,,,,,,,,
,,,,,43462,3.0,3,,,,,,,,
,,,,,43467,5.0,5,,,,,,,,
,,,,,43476,9.0,9,,,,,,,,
,,,,,43479,3.0,3,,,,,,,,
,,,,,43484,5.0,5,,,,,,,,
,,,,,43489,5.0,5,,,,,,,,
,,,,,43492,3.0,3,,,,,,,,
,,,,,43495,3.0,3,,,,,,,,
,,,,,43498,3.0,3,,,,,,,,
,,,,,43505,7.0,7,,,,,,,,
,,,,,43510,5.0,5,,,,,,,,
,,,,,43513,3.0,3,,,,,,,,
,,,,,43518,5.0,5,,,,,,,,
,,,,,43521,3.0,3,,,,,,,,
,,,,,43524,3.0,3,,,,,,,,
,,,,,43527,3.0,3,,,,,,,,
,,,,,43530,3.0,3,,,,,,,,
,,,,,43533,3.0,3,,,,,,,,
,,,,,43536,3.0,3,,,,,,,,
,,,,,43543,7.0,7,,,,,,,,
,,,,,43546,3.0,3,,,,,,,,
,,,,,43551,5.0,5,,,,,,,,
,,,,,43557,6.0,6,,,,,,,,
,,,,,43560,3.0,3,,,,,,,,
,,,,,43563,3.0,3,,,,,,,,
,,,,,43566,3.0,3,,,,,,,,
,,,,,43569,3.0,3,,,,,,,,
,,,,,43573,4.0,4,,,,,,,,
,,,,,43576,3.0,3,,,,,,,,
,,,,,43582,6.0,6,,,,,,,,
,,,,,43586,4.0,4,,,,,,,,
,,,,,43589,3.0,3,,,,,,,,
,,,,,43592,3.0,3,,,,,,,,
,,,,,43595,3.0,3,,,,,,,,
,,,,,43599,4.0,4,,,,,,,,
,,,,,43602,3.0,3,,,,,,,,
,,,,,43605,3.0,3,,,,,,,,
,,,,,43610,5.0,5,,,,,,,,
,,,,,43613,3.0,3,,,,,,,,
,,,,,43616,3.0,3,,,,,,,,
,,,,,43626,10.0,10,,,,,,,,
,,,,,43629,3.0,3,,,,,,,,
,,,,,43632,3.0,3,,,,,,,,
,,,,,43635,3.0,3,,,,,,,,
,,,,,43638,3.0,3,,,,,,,,
,,,,,43647,9.0,9,,,,,,,,
,,,,,43650,3.0,3,,,,,,,,
,,,,,43653,3.0,3,,,,,,,,
,,,,,43656,3.0,3,,,,,,,,
,,,,,43661,5.0,5,,,,,,,,
,,,,,43665,4.0,4,,,,,,,,
,,,,,43670,5.0,5,,,,,,,,
,,,,,43674,4.0,4,,,,,,,,
,,,,,43677,3.0,3,,,,,,,,
,,,,,43680,3.0,3,,,,,,,,
,,,,,43683,3.0,3,,,,,,,,
,,,,,43686,3.0,3,,,,,,,,
,,,,,43693,7.0,7,,,,,,,,
,,,,,43700,7.0,7,,,,,,,,
,,,,,43705,5.0,5,,,,,,,,
,,,,,43709,4.0,4,,,,,,,,
,,,,,43721,12.0,12,,,,,,,,
,,,,,43726,5.0,5,,,,,,,,
,,,,,43729,3.0,3,,,,,,,,
,,,,,43734,5.0,5,,,,,,,,
,,,,,43737,3.0,3,,,,,,,,
,,,,,43741,4.0,4,,,,,,,,
,,,,,43746,5.0,5,,,,,,,,
,,,,,43751,5.0,5,,,,,,,,
,,,,,43754,3.0,3,,,,,,,,
,,,,,43757,3.0,3,,,,,,,,
,,,,,43760,3.0,3,,,,,,,,
,,,,,43767,7.0,7,,,,,,,,
,,,,,43770,3.0,3,,,,,,,,
,,,,,43774,4.0,4,,,,,,,,
,,,,,43777,3.0,3,,,,,,,,
,,,,,43780,3.0,3,,,,,,,,
,,,,,43787,7.0,7,,,,,,,,
,,,,,43790,3.0,3,,,,,,,,
,,,,,43796,6.0,6,,,,,,,,
,,,,,43799,3.0,3,,,,,,,,
,,,,,43802,3.0,3,,,,,,,,
,,,,,43805,3.0,3,,,,,,,,
,,,,,43808,3.0,3,,,,,,,,
,,,,,43811,3.0,3,,,,,,,,
,,,,,43814,3.0,3,,,,,,,,
,,,,,43817,3.0,3,,,,,,,,
,,,,,43820,3.0,3,,,,,,,,
,,,,,43829,9.0,9,,,,,,,,
,,,,,43833,4.0,4,,,,,,,,
,,,,,43836,3.0,3,,,,,,,,
,,,,,43842,6.0,6,,,,,,,,
,,,,,43845,3.0,3,,,,,,,,
,,,,,43856,11.0,11,,,,,,,,
,,,,,43859,3.0,3,,,,,,,,
,,,,,43864,5.0,5,,,,,,,,
,,,,,43870,6.0,6,,,,,,,,
,,,,,43886,16.0,16,,,,,,,,
,,,,,43894,8.0,8,,,,,,,,
,,,,,43906,12.0,12,,,,,,,,
,,,,,43909,3.0,3,,,,,,,,
,,,,,43919,10.0,10,,,,,,,,
,,,,,43923,4.0,4,,,,,,,,
,,,,,43926,3.0,3,,,,,,,,
,,,,,43929,3.0,3,,,,,,,,
,,,,,43933,4.0,4,,,,,,,,
,,,,,43937,4.0,4,,,,,,,,
,,,,,43941,4.0,4,,,,,,,,
,,,,,43953,12.0,12,,,,,,,,
,,,,,43956,3.0,3,,,,,,,,
,,,,,43963,7.0,7,,,,,,,,
,,,,,43968,5.0,5,,,,,,,,
,,,,,43971,3.0,3,,,,,,,,
,,,,,43976,5.0,5,,,,,,,,
,,,,,43980,4.0,4,,,,,,,,
,,,,,43994,14.0,14,,,,,,,,
,,,,,43998,4.0,4,,,,,,,,
,,,,,44000,,,0.4349781572818756,4.349781513214111,3.338031530380249,5.223719120025635,4.935110092163086,0.0003,0.0003,0.1
,,,,,44001,3.0,3,,,,,,,,
,,,,,44004,3.0,3,,,,,,,,
,,,,,44010,6.0,6,,,,,,,,
,,,,,44013,3.0,3,,,,,,,,
,,,,,44016,3.0,3,,,,,,,,
,,,,,44025,9.0,9,,,,,,,,
,,,,,44028,3.0,3,,,,,,,,
,,,,,44031,3.0,3,,,,,,,,
,,,,,44039,8.0,8,,,,,,,,
,,,,,44042,3.0,3,,,,,,,,
,,,,,44047,5.0,5,,,,,,,,
,,,,,44051,4.0,4,,,,,,,,
,,,,,44054,3.0,3,,,,,,,,
,,,,,44057,3.0,3,,,,,,,,
,,,,,44063,6.0,6,,,,,,,,
,,,,,44066,3.0,3,,,,,,,,
,,,,,44073,7.0,7,,,,,,,,
,,,,,44076,3.0,3,,,,,,,,
,,,,,44081,5.0,5,,,,,,,,
,,,,,44085,4.0,4,,,,,,,,
,,,,,44092,7.0,7,,,,,,,,
,,,,,44097,5.0,5,,,,,,,,
,,,,,44101,4.0,4,,,,,,,,
,,,,,44106,5.0,5,,,,,,,,
,,,,,44109,3.0,3,,,,,,,,
,,,,,44117,8.0,8,,,,,,,,
,,,,,44121,4.0,4,,,,,,,,
,,,,,44130,9.0,9,,,,,,,,
,,,,,44136,6.0,6,,,,,,,,
,,,,,44139,3.0,3,,,,,,,,
,,,,,44143,4.0,4,,,,,,,,
,,,,,44156,13.0,13,,,,,,,,
,,,,,44160,4.0,4,,,,,,,,
,,,,,44171,11.0,11,,,,,,,,
,,,,,44176,5.0,5,,,,,,,,
,,,,,44179,3.0,3,,,,,,,,
,,,,,44184,5.0,5,,,,,,,,
,,,,,44187,3.0,3,,,,,,,,
,,,,,44190,3.0,3,,,,,,,,
,,,,,44193,3.0,3,,,,,,,,
,,,,,44200,7.0,7,,,,,,,,
,,,,,44203,3.0,3,,,,,,,,
,,,,,44206,3.0,3,,,,,,,,
,,,,,44209,3.0,3,,,,,,,,
,,,,,44217,8.0,8,,,,,,,,
,,,,,44220,3.0,3,,,,,,,,
,,,,,44223,3.0,3,,,,,,,,
,,,,,44226,3.0,3,,,,,,,,
,,,,,44229,3.0,3,,,,,,,,
,,,,,44232,3.0,3,,,,,,,,
,,,,,44235,3.0,3,,,,,,,,
,,,,,44238,3.0,3,,,,,,,,
,,,,,44244,6.0,6,,,,,,,,
,,,,,44251,7.0,7,,,,,,,,
,,,,,44254,3.0,3,,,,,,,,
,,,,,44259,5.0,5,,,,,,,,
,,,,,44262,3.0,3,,,,,,,,
,,,,,44268,6.0,6,,,,,,,,
,,,,,44273,5.0,5,,,,,,,,
,,,,,44276,3.0,3,,,,,,,,
,,,,,44281,5.0,5,,,,,,,,
,,,,,44290,9.0,9,,,,,,,,
,,,,,44294,4.0,4,,,,,,,,
,,,,,44300,6.0,6,,,,,,,,
,,,,,44303,3.0,3,,,,,,,,
,,,,,44308,5.0,5,,,,,,,,
,,,,,44312,4.0,4,,,,,,,,
,,,,,44315,3.0,3,,,,,,,,
,,,,,44318,3.0,3,,,,,,,,
,,,,,44326,8.0,8,,,,,,,,
,,,,,44329,3.0,3,,,,,,,,
,,,,,44332,3.0,3,,,,,,,,
,,,,,44336,4.0,4,,,,,,,,
,,,,,44342,6.0,6,,,,,,,,
,,,,,44345,3.0,3,,,,,,,,
,,,,,44348,3.0,3,,,,,,,,
,,,,,44353,5.0,5,,,,,,,,
,,,,,44356,3.0,3,,,,,,,,
,,,,,44361,5.0,5,,,,,,,,
,,,,,44366,5.0,5,,,,,,,,
,,,,,44377,11.0,11,,,,,,,,
,,,,,44388,11.0,11,,,,,,,,
,,,,,44391,3.0,3,,,,,,,,
,,,,,44394,3.0,3,,,,,,,,
,,,,,44397,3.0,3,,,,,,,,
,,,,,44400,3.0,3,,,,,,,,
,,,,,44404,4.0,4,,,,,,,,
,,,,,44407,3.0,3,,,,,,,,
,,,,,44411,4.0,4,,,,,,,,
,,,,,44421,10.0,10,,,,,,,,
,,,,,44424,3.0,3,,,,,,,,
,,,,,44427,3.0,3,,,,,,,,
,,,,,44430,3.0,3,,,,,,,,
,,,,,44433,3.0,3,,,,,,,,
,,,,,44437,4.0,4,,,,,,,,
,,,,,44441,4.0,4,,,,,,,,
,,,,,44449,8.0,8,,,,,,,,
,,,,,44452,3.0,3,,,,,,,,
,,,,,44455,3.0,3,,,,,,,,
,,,,,44458,3.0,3,,,,,,,,
,,,,,44461,3.0,3,,,,,,,,
,,,,,44464,3.0,3,,,,,,,,
,,,,,44469,5.0,5,,,,,,,,
,,,,,44472,3.0,3,,,,,,,,
,,,,,44483,11.0,11,,,,,,,,
,,,,,44489,6.0,6,,,,,,,,
,,,,,44494,5.0,5,,,,,,,,
,,,,,44497,3.0,3,,,,,,,,
,,,,,44501,4.0,4,,,,,,,,
,,,,,44504,3.0,3,,,,,,,,
,,,,,44509,5.0,5,,,,,,,,
,,,,,44512,3.0,3,,,,,,,,
,,,,,44515,3.0,3,,,,,,,,
,,,,,44523,8.0,8,,,,,,,,
,,,,,44526,3.0,3,,,,,,,,
,,,,,44534,8.0,8,,,,,,,,
,,,,,44541,7.0,7,,,,,,,,
,,,,,44544,3.0,3,,,,,,,,
,,,,,44552,8.0,8,,,,,,,,
,,,,,44555,3.0,3,,,,,,,,
,,,,,44559,4.0,4,,,,,,,,
,,,,,44563,4.0,4,,,,,,,,
,,,,,44567,4.0,4,,,,,,,,
,,,,,44570,3.0,3,,,,,,,,
,,,,,44580,10.0,10,,,,,,,,
,,,,,44587,7.0,7,,,,,,,,
,,,,,44593,6.0,6,,,,,,,,
,,,,,44596,3.0,3,,,,,,,,
,,,,,44599,3.0,3,,,,,,,,
,,,,,44606,7.0,7,,,,,,,,
,,,,,44609,3.0,3,,,,,,,,
,,,,,44612,3.0,3,,,,,,,,
,,,,,44615,3.0,3,,,,,,,,
,,,,,44618,3.0,3,,,,,,,,
,,,,,44621,3.0,3,,,,,,,,
,,,,,44634,13.0,13,,,,,,,,
,,,,,44637,3.0,3,,,,,,,,
,,,,,44646,9.0,9,,,,,,,,
,,,,,44649,3.0,3,,,,,,,,
,,,,,44656,7.0,7,,,,,,,,
,,,,,44664,8.0,8,,,,,,,,
,,,,,44669,5.0,5,,,,,,,,
,,,,,44672,3.0,3,,,,,,,,
,,,,,44676,4.0,4,,,,,,,,
,,,,,44679,3.0,3,,,,,,,,
,,,,,44682,3.0,3,,,,,,,,
,,,,,44685,3.0,3,,,,,,,,
,,,,,44688,3.0,3,,,,,,,,
,,,,,44693,5.0,5,,,,,,,,
,,,,,44696,3.0,3,,,,,,,,
,,,,,44706,10.0,10,,,,,,,,
,,,,,44714,8.0,8,,,,,,,,
,,,,,44717,3.0,3,,,,,,,,
,,,,,44720,3.0,3,,,,,,,,
,,,,,44729,9.0,9,,,,,,,,
,,,,,44734,5.0,5,,,,,,,,
,,,,,44740,6.0,6,,,,,,,,
,,,,,44746,6.0,6,,,,,,,,
,,,,,44752,6.0,6,,,,,,,,
,,,,,44759,7.0,7,,,,,,,,
,,,,,44762,3.0,3,,,,,,,,
,,,,,44765,3.0,3,,,,,,,,
,,,,,44769,4.0,4,,,,,,,,
,,,,,44772,3.0,3,,,,,,,,
,,,,,44775,3.0,3,,,,,,,,
,,,,,44781,6.0,6,,,,,,,,
,,,,,44788,7.0,7,,,,,,,,
,,,,,44791,3.0,3,,,,,,,,
,,,,,44794,3.0,3,,,,,,,,
,,,,,44799,5.0,5,,,,,,,,
,,,,,44816,17.0,17,,,,,,,,
,,,,,44824,8.0,8,,,,,,,,
,,,,,44827,3.0,3,,,,,,,,
,,,,,44830,3.0,3,,,,,,,,
,,,,,44833,3.0,3,,,,,,,,
,,,,,44836,3.0,3,,,,,,,,
,,,,,44841,5.0,5,,,,,,,,
,,,,,44844,3.0,3,,,,,,,,
,,,,,44848,4.0,4,,,,,,,,
,,,,,44855,7.0,7,,,,,,,,
,,,,,44861,6.0,6,,,,,,,,
,,,,,44864,3.0,3,,,,,,,,
,,,,,44868,4.0,4,,,,,,,,
,,,,,44877,9.0,9,,,,,,,,
,,,,,44888,11.0,11,,,,,,,,
,,,,,44891,3.0,3,,,,,,,,
,,,,,44898,7.0,7,,,,,,,,
,,,,,44902,4.0,4,,,,,,,,
,,,,,44905,3.0,3,,,,,,,,
,,,,,44908,3.0,3,,,,,,,,
,,,,,44911,3.0,3,,,,,,,,
,,,,,44914,3.0,3,,,,,,,,
,,,,,44917,3.0,3,,,,,,,,
,,,,,44925,8.0,8,,,,,,,,
,,,,,44928,3.0,3,,,,,,,,
,,,,,44931,3.0,3,,,,,,,,
,,,,,44934,3.0,3,,,,,,,,
,,,,,44938,4.0,4,,,,,,,,
,,,,,44942,4.0,4,,,,,,,,
,,,,,44946,4.0,4,,,,,,,,
,,,,,44949,3.0,3,,,,,,,,
,,,,,44952,3.0,3,,,,,,,,
,,,,,44959,7.0,7,,,,,,,,
,,,,,44963,4.0,4,,,,,,,,
,,,,,44966,3.0,3,,,,,,,,
,,,,,44969,3.0,3,,,,,,,,
,,,,,44977,8.0,8,,,,,,,,
,,,,,44981,4.0,4,,,,,,,,
,,,,,44987,6.0,6,,,,,,,,
,,,,,44990,3.0,3,,,,,,,,
,,,,,44993,3.0,3,,,,,,,,
5.0,3.5496478,15.0,3.0,5.0,45000,,,0.3279222249984741,3.279222249984741,3.539565086364746,5.312878608703613,5.496152877807617,0.0003,0.0003,0.1
,,,,,45001,8.0,8,,,,,,,,
,,,,,45004,3.0,3,,,,,,,,
,,,,,45007,3.0,3,,,,,,,,
,,,,,45012,5.0,5,,,,,,,,
,,,,,45017,5.0,5,,,,,,,,
,,,,,45020,3.0,3,,,,,,,,
,,,,,45023,3.0,3,,,,,,,,
,,,,,45030,7.0,7,,,,,,,,
,,,,,45035,5.0,5,,,,,,,,
,,,,,45042,7.0,7,,,,,,,,
,,,,,45045,3.0,3,,,,,,,,
,,,,,45048,3.0,3,,,,,,,,
,,,,,45051,3.0,3,,,,,,,,
,,,,,45054,3.0,3,,,,,,,,
,,,,,45060,6.0,6,,,,,,,,
,,,,,45063,3.0,3,,,,,,,,
,,,,,45070,7.0,7,,,,,,,,
,,,,,45081,11.0,11,,,,,,,,
,,,,,45084,3.0,3,,,,,,,,
,,,,,45091,7.0,7,,,,,,,,
,,,,,45094,3.0,3,,,,,,,,
,,,,,45100,6.0,6,,,,,,,,
,,,,,45103,3.0,3,,,,,,,,
,,,,,45108,5.0,5,,,,,,,,
,,,,,45111,3.0,3,,,,,,,,
,,,,,45126,15.0,15,,,,,,,,
,,,,,45135,9.0,9,,,,,,,,
,,,,,45138,3.0,3,,,,,,,,
,,,,,45146,8.0,8,,,,,,,,
,,,,,45149,3.0,3,,,,,,,,
,,,,,45152,3.0,3,,,,,,,,
,,,,,45156,4.0,4,,,,,,,,
,,,,,45163,7.0,7,,,,,,,,
,,,,,45166,3.0,3,,,,,,,,
,,,,,45169,3.0,3,,,,,,,,
,,,,,45172,3.0,3,,,,,,,,
,,,,,45176,4.0,4,,,,,,,,
,,,,,45179,3.0,3,,,,,,,,
,,,,,45183,4.0,4,,,,,,,,
,,,,,45192,9.0,9,,,,,,,,
,,,,,45195,3.0,3,,,,,,,,
,,,,,45198,3.0,3,,,,,,,,
,,,,,45202,4.0,4,,,,,,,,
,,,,,45206,4.0,4,,,,,,,,
,,,,,45209,3.0,3,,,,,,,,
,,,,,45212,3.0,3,,,,,,,,
,,,,,45216,4.0,4,,,,,,,,
,,,,,45219,3.0,3,,,,,,,,
,,,,,45224,5.0,5,,,,,,,,
,,,,,45229,5.0,5,,,,,,,,
,,,,,45235,6.0,6,,,,,,,,
,,,,,45238,3.0,3,,,,,,,,
,,,,,45243,5.0,5,,,,,,,,
,,,,,45251,8.0,8,,,,,,,,
,,,,,45256,5.0,5,,,,,,,,
,,,,,45260,4.0,4,,,,,,,,
,,,,,45270,10.0,10,,,,,,,,
,,,,,45273,3.0,3,,,,,,,,
,,,,,45277,4.0,4,,,,,,,,
,,,,,45280,3.0,3,,,,,,,,
,,,,,45283,3.0,3,,,,,,,,
,,,,,45290,7.0,7,,,,,,,,
,,,,,45302,12.0,12,,,,,,,,
,,,,,45305,3.0,3,,,,,,,,
,,,,,45313,8.0,8,,,,,,,,
,,,,,45323,10.0,10,,,,,,,,
,,,,,45327,4.0,4,,,,,,,,
,,,,,45332,5.0,5,,,,,,,,
,,,,,45335,3.0,3,,,,,,,,
,,,,,45338,3.0,3,,,,,,,,
,,,,,45343,5.0,5,,,,,,,,
,,,,,45346,3.0,3,,,,,,,,
,,,,,45349,3.0,3,,,,,,,,
,,,,,45353,4.0,4,,,,,,,,
,,,,,45360,7.0,7,,,,,,,,
,,,,,45363,3.0,3,,,,,,,,
,,,,,45366,3.0,3,,,,,,,,
,,,,,45369,3.0,3,,,,,,,,
,,,,,45373,4.0,4,,,,,,,,
,,,,,45379,6.0,6,,,,,,,,
,,,,,45383,4.0,4,,,,,,,,
,,,,,45389,6.0,6,,,,,,,,
,,,,,45392,3.0,3,,,,,,,,
,,,,,45397,5.0,5,,,,,,,,
,,,,,45400,3.0,3,,,,,,,,
,,,,,45403,3.0,3,,,,,,,,
,,,,,45408,5.0,5,,,,,,,,
,,,,,45411,3.0,3,,,,,,,,
,,,,,45414,3.0,3,,,,,,,,
,,,,,45417,3.0,3,,,,,,,,
,,,,,45421,4.0,4,,,,,,,,
,,,,,45424,3.0,3,,,,,,,,
,,,,,45427,3.0,3,,,,,,,,
,,,,,45430,3.0,3,,,,,,,,
,,,,,45434,4.0,4,,,,,,,,
,,,,,45440,6.0,6,,,,,,,,
,,,,,45445,5.0,5,,,,,,,,
,,,,,45449,4.0,4,,,,,,,,
,,,,,45455,6.0,6,,,,,,,,
,,,,,45459,4.0,4,,,,,,,,
,,,,,45462,3.0,3,,,,,,,,
,,,,,45465,3.0,3,,,,,,,,
,,,,,45468,3.0,3,,,,,,,,
,,,,,45471,3.0,3,,,,,,,,
,,,,,45484,13.0,13,,,,,,,,
,,,,,45499,15.0,15,,,,,,,,
,,,,,45502,3.0,3,,,,,,,,
,,,,,45505,3.0,3,,,,,,,,
,,,,,45508,3.0,3,,,,,,,,
,,,,,45511,3.0,3,,,,,,,,
,,,,,45514,3.0,3,,,,,,,,
,,,,,45517,3.0,3,,,,,,,,
,,,,,45520,3.0,3,,,,,,,,
,,,,,45525,5.0,5,,,,,,,,
,,,,,45539,14.0,14,,,,,,,,
,,,,,45547,8.0,8,,,,,,,,
,,,,,45550,3.0,3,,,,,,,,
,,,,,45555,5.0,5,,,,,,,,
,,,,,45567,12.0,12,,,,,,,,
,,,,,45571,4.0,4,,,,,,,,
,,,,,45574,3.0,3,,,,,,,,
,,,,,45580,6.0,6,,,,,,,,
,,,,,45584,4.0,4,,,,,,,,
,,,,,45592,8.0,8,,,,,,,,
,,,,,45595,3.0,3,,,,,,,,
,,,,,45599,4.0,4,,,,,,,,
,,,,,45602,3.0,3,,,,,,,,
,,,,,45605,3.0,3,,,,,,,,
,,,,,45609,4.0,4,,,,,,,,
,,,,,45614,5.0,5,,,,,,,,
,,,,,45618,4.0,4,,,,,,,,
,,,,,45621,3.0,3,,,,,,,,
,,,,,45626,5.0,5,,,,,,,,
,,,,,45629,3.0,3,,,,,,,,
,,,,,45632,3.0,3,,,,,,,,
,,,,,45635,3.0,3,,,,,,,,
,,,,,45638,3.0,3,,,,,,,,
,,,,,45642,4.0,4,,,,,,,,
,,,,,45645,3.0,3,,,,,,,,
,,,,,45656,11.0,11,,,,,,,,
,,,,,45662,6.0,6,,,,,,,,
,,,,,45665,3.0,3,,,,,,,,
,,,,,45669,4.0,4,,,,,,,,
,,,,,45680,11.0,11,,,,,,,,
,,,,,45683,3.0,3,,,,,,,,
,,,,,45689,6.0,6,,,,,,,,
,,,,,45696,7.0,7,,,,,,,,
,,,,,45699,3.0,3,,,,,,,,
,,,,,45709,10.0,10,,,,,,,,
,,,,,45715,6.0,6,,,,,,,,
,,,,,45726,11.0,11,,,,,,,,
,,,,,45729,3.0,3,,,,,,,,
,,,,,45732,3.0,3,,,,,,,,
,,,,,45738,6.0,6,,,,,,,,
,,,,,45741,3.0,3,,,,,,,,
,,,,,45744,3.0,3,,,,,,,,
,,,,,45747,3.0,3,,,,,,,,
,,,,,45759,12.0,12,,,,,,,,
,,,,,45762,3.0,3,,,,,,,,
,,,,,45766,4.0,4,,,,,,,,
,,,,,45769,3.0,3,,,,,,,,
,,,,,45777,8.0,8,,,,,,,,
,,,,,45785,8.0,8,,,,,,,,
,,,,,45788,3.0,3,,,,,,,,
,,,,,45791,3.0,3,,,,,,,,
,,,,,45794,3.0,3,,,,,,,,
,,,,,45799,5.0,5,,,,,,,,
,,,,,45803,4.0,4,,,,,,,,
,,,,,45806,3.0,3,,,,,,,,
,,,,,45814,8.0,8,,,,,,,,
,,,,,45819,5.0,5,,,,,,,,
,,,,,45822,3.0,3,,,,,,,,
,,,,,45835,13.0,13,,,,,,,,
,,,,,45838,3.0,3,,,,,,,,
,,,,,45841,3.0,3,,,,,,,,
,,,,,45844,3.0,3,,,,,,,,
,,,,,45848,4.0,4,,,,,,,,
,,,,,45854,6.0,6,,,,,,,,
,,,,,45857,3.0,3,,,,,,,,
,,,,,45861,4.0,4,,,,,,,,
,,,,,45864,3.0,3,,,,,,,,
,,,,,45867,3.0,3,,,,,,,,
,,,,,45873,6.0,6,,,,,,,,
,,,,,45879,6.0,6,,,,,,,,
,,,,,45883,4.0,4,,,,,,,,
,,,,,45893,10.0,10,,,,,,,,
,,,,,45899,6.0,6,,,,,,,,
,,,,,45909,10.0,10,,,,,,,,
,,,,,45912,3.0,3,,,,,,,,
,,,,,45917,5.0,5,,,,,,,,
,,,,,45922,5.0,5,,,,,,,,
,,,,,45928,6.0,6,,,,,,,,
,,,,,45931,3.0,3,,,,,,,,
,,,,,45934,3.0,3,,,,,,,,
,,,,,45937,3.0,3,,,,,,,,
,,,,,45940,3.0,3,,,,,,,,
,,,,,45943,3.0,3,,,,,,,,
,,,,,45949,6.0,6,,,,,,,,
,,,,,45952,3.0,3,,,,,,,,
,,,,,45955,3.0,3,,,,,,,,
,,,,,45960,5.0,5,,,,,,,,
,,,,,45963,3.0,3,,,,,,,,
,,,,,45967,4.0,4,,,,,,,,
,,,,,45971,4.0,4,,,,,,,,
,,,,,45978,7.0,7,,,,,,,,
,,,,,45981,3.0,3,,,,,,,,
,,,,,45986,5.0,5,,,,,,,,
,,,,,45997,11.0,11,,,,,,,,
,,,,,46000,3.0,3,,,,,,,,
,,,,,46000,,,0.5150518417358398,5.150518417358398,4.115424156188965,5.054271697998047,5.201230049133301,0.0003,0.0003,0.1
,,,,,46008,8.0,8,,,,,,,,
,,,,,46012,4.0,4,,,,,,,,
,,,,,46024,12.0,12,,,,,,,,
,,,,,46027,3.0,3,,,,,,,,
,,,,,46031,4.0,4,,,,,,,,
,,,,,46035,4.0,4,,,,,,,,
,,,,,46038,3.0,3,,,,,,,,
,,,,,46045,7.0,7,,,,,,,,
,,,,,46050,5.0,5,,,,,,,,
,,,,,46057,7.0,7,,,,,,,,
,,,,,46064,7.0,7,,,,,,,,
,,,,,46067,3.0,3,,,,,,,,
,,,,,46071,4.0,4,,,,,,,,
,,,,,46079,8.0,8,,,,,,,,
,,,,,46082,3.0,3,,,,,,,,
,,,,,46088,6.0,6,,,,,,,,
,,,,,46091,3.0,3,,,,,,,,
,,,,,46096,5.0,5,,,,,,,,
,,,,,46100,4.0,4,,,,,,,,
,,,,,46106,6.0,6,,,,,,,,
,,,,,46111,5.0,5,,,,,,,,
,,,,,46117,6.0,6,,,,,,,,
,,,,,46125,8.0,8,,,,,,,,
,,,,,46128,3.0,3,,,,,,,,
,,,,,46136,8.0,8,,,,,,,,
,,,,,46145,9.0,9,,,,,,,,
,,,,,46148,3.0,3,,,,,,,,
,,,,,46151,3.0,3,,,,,,,,
,,,,,46156,5.0,5,,,,,,,,
,,,,,46161,5.0,5,,,,,,,,
,,,,,46167,6.0,6,,,,,,,,
,,,,,46170,3.0,3,,,,,,,,
,,,,,46173,3.0,3,,,,,,,,
,,,,,46176,3.0,3,,,,,,,,
,,,,,46184,8.0,8,,,,,,,,
,,,,,46188,4.0,4,,,,,,,,
,,,,,46192,4.0,4,,,,,,,,
,,,,,46196,4.0,4,,,,,,,,
,,,,,46199,3.0,3,,,,,,,,
,,,,,46202,3.0,3,,,,,,,,
,,,,,46207,5.0,5,,,,,,,,
,,,,,46210,3.0,3,,,,,,,,
,,,,,46214,4.0,4,,,,,,,,
,,,,,46218,4.0,4,,,,,,,,
,,,,,46228,10.0,10,,,,,,,,
,,,,,46231,3.0,3,,,,,,,,
,,,,,46234,3.0,3,,,,,,,,
,,,,,46237,3.0,3,,,,,,,,
,,,,,46246,9.0,9,,,,,,,,
,,,,,46249,3.0,3,,,,,,,,
,,,,,46252,3.0,3,,,,,,,,
,,,,,46263,11.0,11,,,,,,,,
,,,,,46270,7.0,7,,,,,,,,
,,,,,46273,3.0,3,,,,,,,,
,,,,,46281,8.0,8,,,,,,,,
,,,,,46284,3.0,3,,,,,,,,
,,,,,46288,4.0,4,,,,,,,,
,,,,,46294,6.0,6,,,,,,,,
,,,,,46298,4.0,4,,,,,,,,
,,,,,46305,7.0,7,,,,,,,,
,,,,,46308,3.0,3,,,,,,,,
,,,,,46311,3.0,3,,,,,,,,
,,,,,46314,3.0,3,,,,,,,,
,,,,,46318,4.0,4,,,,,,,,
,,,,,46321,3.0,3,,,,,,,,
,,,,,46329,8.0,8,,,,,,,,
,,,,,46332,3.0,3,,,,,,,,
,,,,,46335,3.0,3,,,,,,,,
,,,,,46338,3.0,3,,,,,,,,
,,,,,46341,3.0,3,,,,,,,,
,,,,,46344,3.0,3,,,,,,,,
,,,,,46349,5.0,5,,,,,,,,
,,,,,46360,11.0,11,,,,,,,,
,,,,,46364,4.0,4,,,,,,,,
,,,,,46374,10.0,10,,,,,,,,
,,,,,46377,3.0,3,,,,,,,,
,,,,,46383,6.0,6,,,,,,,,
,,,,,46386,3.0,3,,,,,,,,
,,,,,46390,4.0,4,,,,,,,,
,,,,,46396,6.0,6,,,,,,,,
,,,,,46399,3.0,3,,,,,,,,
,,,,,46402,3.0,3,,,,,,,,
,,,,,46408,6.0,6,,,,,,,,
,,,,,46413,5.0,5,,,,,,,,
,,,,,46419,6.0,6,,,,,,,,
,,,,,46422,3.0,3,,,,,,,,
,,,,,46425,3.0,3,,,,,,,,
,,,,,46429,4.0,4,,,,,,,,
,,,,,46432,3.0,3,,,,,,,,
,,,,,46436,4.0,4,,,,,,,,
,,,,,46439,3.0,3,,,,,,,,
,,,,,46442,3.0,3,,,,,,,,
,,,,,46447,5.0,5,,,,,,,,
,,,,,46450,3.0,3,,,,,,,,
,,,,,46457,7.0,7,,,,,,,,
,,,,,46464,7.0,7,,,,,,,,
,,,,,46471,7.0,7,,,,,,,,
,,,,,46476,5.0,5,,,,,,,,
,,,,,46488,12.0,12,,,,,,,,
,,,,,46492,4.0,4,,,,,,,,
,,,,,46497,5.0,5,,,,,,,,
,,,,,46502,5.0,5,,,,,,,,
,,,,,46505,3.0,3,,,,,,,,
,,,,,46508,3.0,3,,,,,,,,
,,,,,46511,3.0,3,,,,,,,,
,,,,,46516,5.0,5,,,,,,,,
,,,,,46529,13.0,13,,,,,,,,
,,,,,46537,8.0,8,,,,,,,,
,,,,,46540,3.0,3,,,,,,,,
,,,,,46545,5.0,5,,,,,,,,
,,,,,46551,6.0,6,,,,,,,,
,,,,,46554,3.0,3,,,,,,,,
,,,,,46561,7.0,7,,,,,,,,
,,,,,46566,5.0,5,,,,,,,,
,,,,,46569,3.0,3,,,,,,,,
,,,,,46572,3.0,3,,,,,,,,
,,,,,46575,3.0,3,,,,,,,,
,,,,,46579,4.0,4,,,,,,,,
,,,,,46583,4.0,4,,,,,,,,
,,,,,46586,3.0,3,,,,,,,,
,,,,,46589,3.0,3,,,,,,,,
,,,,,46595,6.0,6,,,,,,,,
,,,,,46598,3.0,3,,,,,,,,
,,,,,46604,6.0,6,,,,,,,,
,,,,,46607,3.0,3,,,,,,,,
,,,,,46610,3.0,3,,,,,,,,
,,,,,46617,7.0,7,,,,,,,,
,,,,,46624,7.0,7,,,,,,,,
,,,,,46627,3.0,3,,,,,,,,
,,,,,46636,9.0,9,,,,,,,,
,,,,,46641,5.0,5,,,,,,,,
,,,,,46645,4.0,4,,,,,,,,
,,,,,46648,3.0,3,,,,,,,,
,,,,,46656,8.0,8,,,,,,,,
,,,,,46663,7.0,7,,,,,,,,
,,,,,46667,4.0,4,,,,,,,,
,,,,,46670,3.0,3,,,,,,,,
,,,,,46673,3.0,3,,,,,,,,
,,,,,46676,3.0,3,,,,,,,,
,,,,,46679,3.0,3,,,,,,,,
,,,,,46683,4.0,4,,,,,,,,
,,,,,46686,3.0,3,,,,,,,,
,,,,,46694,8.0,8,,,,,,,,
,,,,,46699,5.0,5,,,,,,,,
,,,,,46702,3.0,3,,,,,,,,
,,,,,46705,3.0,3,,,,,,,,
,,,,,46708,3.0,3,,,,,,,,
,,,,,46714,6.0,6,,,,,,,,
,,,,,46717,3.0,3,,,,,,,,
,,,,,46720,3.0,3,,,,,,,,
,,,,,46723,3.0,3,,,,,,,,
,,,,,46727,4.0,4,,,,,,,,
,,,,,46732,5.0,5,,,,,,,,
,,,,,46735,3.0,3,,,,,,,,
,,,,,46739,4.0,4,,,,,,,,
,,,,,46744,5.0,5,,,,,,,,
,,,,,46748,4.0,4,,,,,,,,
,,,,,46753,5.0,5,,,,,,,,
,,,,,46756,3.0,3,,,,,,,,
,,,,,46761,5.0,5,,,,,,,,
,,,,,46764,3.0,3,,,,,,,,
,,,,,46767,3.0,3,,,,,,,,
,,,,,46770,3.0,3,,,,,,,,
,,,,,46782,12.0,12,,,,,,,,
,,,,,46788,6.0,6,,,,,,,,
,,,,,46793,5.0,5,,,,,,,,
,,,,,46796,3.0,3,,,,,,,,
,,,,,46801,5.0,5,,,,,,,,
,,,,,46804,3.0,3,,,,,,,,
,,,,,46807,3.0,3,,,,,,,,
,,,,,46811,4.0,4,,,,,,,,
,,,,,46814,3.0,3,,,,,,,,
,,,,,46831,17.0,17,,,,,,,,
,,,,,46839,8.0,8,,,,,,,,
,,,,,46842,3.0,3,,,,,,,,
,,,,,46847,5.0,5,,,,,,,,
,,,,,46850,3.0,3,,,,,,,,
,,,,,46856,6.0,6,,,,,,,,
,,,,,46859,3.0,3,,,,,,,,
,,,,,46864,5.0,5,,,,,,,,
,,,,,46869,5.0,5,,,,,,,,
,,,,,46872,3.0,3,,,,,,,,
,,,,,46876,4.0,4,,,,,,,,
,,,,,46879,3.0,3,,,,,,,,
,,,,,46891,12.0,12,,,,,,,,
,,,,,46899,8.0,8,,,,,,,,
,,,,,46902,3.0,3,,,,,,,,
,,,,,46913,11.0,11,,,,,,,,
,,,,,46922,9.0,9,,,,,,,,
,,,,,46925,3.0,3,,,,,,,,
,,,,,46928,3.0,3,,,,,,,,
,,,,,46931,3.0,3,,,,,,,,
,,,,,46934,3.0,3,,,,,,,,
,,,,,46938,4.0,4,,,,,,,,
,,,,,46943,5.0,5,,,,,,,,
,,,,,46949,6.0,6,,,,,,,,
,,,,,46952,3.0,3,,,,,,,,
,,,,,46956,4.0,4,,,,,,,,
,,,,,46961,5.0,5,,,,,,,,
,,,,,46968,7.0,7,,,,,,,,
,,,,,46971,3.0,3,,,,,,,,
,,,,,46974,3.0,3,,,,,,,,
,,,,,46979,5.0,5,,,,,,,,
,,,,,46982,3.0,3,,,,,,,,
,,,,,46985,3.0,3,,,,,,,,
,,,,,46990,5.0,5,,,,,,,,
,,,,,46994,4.0,4,,,,,,,,
,,,,,46997,3.0,3,,,,,,,,
,,,,,47000,3.0,3,,,,,,,,
,,,,,47000,,,0.4535757005214691,4.535757064819336,3.369266986846924,5.277386665344238,5.239869117736816,0.0003,0.0003,0.1
,,,,,47005,5.0,5,,,,,,,,
,,,,,47008,3.0,3,,,,,,,,
,,,,,47011,3.0,3,,,,,,,,
,,,,,47016,5.0,5,,,,,,,,
,,,,,47022,6.0,6,,,,,,,,
,,,,,47026,4.0,4,,,,,,,,
,,,,,47029,3.0,3,,,,,,,,
,,,,,47034,5.0,5,,,,,,,,
,,,,,47038,4.0,4,,,,,,,,
,,,,,47042,4.0,4,,,,,,,,
,,,,,47048,6.0,6,,,,,,,,
,,,,,47051,3.0,3,,,,,,,,
,,,,,47055,4.0,4,,,,,,,,
,,,,,47059,4.0,4,,,,,,,,
,,,,,47062,3.0,3,,,,,,,,
,,,,,47069,7.0,7,,,,,,,,
,,,,,47074,5.0,5,,,,,,,,
,,,,,47077,3.0,3,,,,,,,,
,,,,,47082,5.0,5,,,,,,,,
,,,,,47085,3.0,3,,,,,,,,
,,,,,47089,4.0,4,,,,,,,,
,,,,,47093,4.0,4,,,,,,,,
,,,,,47096,3.0,3,,,,,,,,
,,,,,47103,7.0,7,,,,,,,,
,,,,,47107,4.0,4,,,,,,,,
,,,,,47111,4.0,4,,,,,,,,
,,,,,47115,4.0,4,,,,,,,,
,,,,,47121,6.0,6,,,,,,,,
,,,,,47130,9.0,9,,,,,,,,
,,,,,47134,4.0,4,,,,,,,,
,,,,,47137,3.0,3,,,,,,,,
,,,,,47142,5.0,5,,,,,,,,
,,,,,47145,3.0,3,,,,,,,,
,,,,,47158,13.0,13,,,,,,,,
,,,,,47164,6.0,6,,,,,,,,
,,,,,47168,4.0,4,,,,,,,,
,,,,,47171,3.0,3,,,,,,,,
,,,,,47175,4.0,4,,,,,,,,
,,,,,47178,3.0,3,,,,,,,,
,,,,,47181,3.0,3,,,,,,,,
,,,,,47184,3.0,3,,,,,,,,
,,,,,47187,3.0,3,,,,,,,,
,,,,,47190,3.0,3,,,,,,,,
,,,,,47193,3.0,3,,,,,,,,
,,,,,47196,3.0,3,,,,,,,,
,,,,,47200,4.0,4,,,,,,,,
,,,,,47203,3.0,3,,,,,,,,
,,,,,47207,4.0,4,,,,,,,,
,,,,,47210,3.0,3,,,,,,,,
,,,,,47215,5.0,5,,,,,,,,
,,,,,47218,3.0,3,,,,,,,,
,,,,,47221,3.0,3,,,,,,,,
,,,,,47224,3.0,3,,,,,,,,
,,,,,47232,8.0,8,,,,,,,,
,,,,,47235,3.0,3,,,,,,,,
,,,,,47246,11.0,11,,,,,,,,
,,,,,47249,3.0,3,,,,,,,,
,,,,,47256,7.0,7,,,,,,,,
,,,,,47263,7.0,7,,,,,,,,
,,,,,47266,3.0,3,,,,,,,,
,,,,,47269,3.0,3,,,,,,,,
,,,,,47273,4.0,4,,,,,,,,
,,,,,47276,3.0,3,,,,,,,,
,,,,,47281,5.0,5,,,,,,,,
,,,,,47285,4.0,4,,,,,,,,
,,,,,47288,3.0,3,,,,,,,,
,,,,,47292,4.0,4,,,,,,,,
,,,,,47295,3.0,3,,,,,,,,
,,,,,47298,3.0,3,,,,,,,,
,,,,,47301,3.0,3,,,,,,,,
,,,,,47304,3.0,3,,,,,,,,
,,,,,47309,5.0,5,,,,,,,,
,,,,,47313,4.0,4,,,,,,,,
,,,,,47317,4.0,4,,,,,,,,
,,,,,47321,4.0,4,,,,,,,,
,,,,,47325,4.0,4,,,,,,,,
,,,,,47328,3.0,3,,,,,,,,
,,,,,47333,5.0,5,,,,,,,,
,,,,,47336,3.0,3,,,,,,,,
,,,,,47341,5.0,5,,,,,,,,
,,,,,47346,5.0,5,,,,,,,,
,,,,,47349,3.0,3,,,,,,,,
,,,,,47352,3.0,3,,,,,,,,
,,,,,47358,6.0,6,,,,,,,,
,,,,,47363,5.0,5,,,,,,,,
,,,,,47371,8.0,8,,,,,,,,
,,,,,47376,5.0,5,,,,,,,,
,,,,,47381,5.0,5,,,,,,,,
,,,,,47388,7.0,7,,,,,,,,
,,,,,47393,5.0,5,,,,,,,,
,,,,,47396,3.0,3,,,,,,,,
,,,,,47402,6.0,6,,,,,,,,
,,,,,47407,5.0,5,,,,,,,,
,,,,,47415,8.0,8,,,,,,,,
,,,,,47419,4.0,4,,,,,,,,
,,,,,47422,3.0,3,,,,,,,,
,,,,,47425,3.0,3,,,,,,,,
,,,,,47429,4.0,4,,,,,,,,
,,,,,47432,3.0,3,,,,,,,,
,,,,,47435,3.0,3,,,,,,,,
,,,,,47438,3.0,3,,,,,,,,
,,,,,47441,3.0,3,,,,,,,,
,,,,,47445,4.0,4,,,,,,,,
,,,,,47448,3.0,3,,,,,,,,
,,,,,47453,5.0,5,,,,,,,,
,,,,,47466,13.0,13,,,,,,,,
,,,,,47474,8.0,8,,,,,,,,
,,,,,47481,7.0,7,,,,,,,,
,,,,,47486,5.0,5,,,,,,,,
,,,,,47493,7.0,7,,,,,,,,
,,,,,47496,3.0,3,,,,,,,,
,,,,,47501,5.0,5,,,,,,,,
,,,,,47505,4.0,4,,,,,,,,
,,,,,47508,3.0,3,,,,,,,,
,,,,,47514,6.0,6,,,,,,,,
,,,,,47517,3.0,3,,,,,,,,
,,,,,47525,8.0,8,,,,,,,,
,,,,,47528,3.0,3,,,,,,,,
,,,,,47531,3.0,3,,,,,,,,
,,,,,47541,10.0,10,,,,,,,,
,,,,,47544,3.0,3,,,,,,,,
,,,,,47547,3.0,3,,,,,,,,
,,,,,47550,3.0,3,,,,,,,,
,,,,,47553,3.0,3,,,,,,,,
,,,,,47565,12.0,12,,,,,,,,
,,,,,47568,3.0,3,,,,,,,,
,,,,,47577,9.0,9,,,,,,,,
,,,,,47590,13.0,13,,,,,,,,
,,,,,47593,3.0,3,,,,,,,,
,,,,,47596,3.0,3,,,,,,,,
,,,,,47599,3.0,3,,,,,,,,
,,,,,47610,11.0,11,,,,,,,,
,,,,,47615,5.0,5,,,,,,,,
,,,,,47618,3.0,3,,,,,,,,
,,,,,47623,5.0,5,,,,,,,,
,,,,,47628,5.0,5,,,,,,,,
,,,,,47631,3.0,3,,,,,,,,
,,,,,47635,4.0,4,,,,,,,,
,,,,,47638,3.0,3,,,,,,,,
,,,,,47643,5.0,5,,,,,,,,
,,,,,47646,3.0,3,,,,,,,,
,,,,,47652,6.0,6,,,,,,,,
,,,,,47657,5.0,5,,,,,,,,
,,,,,47660,3.0,3,,,,,,,,
,,,,,47666,6.0,6,,,,,,,,
,,,,,47669,3.0,3,,,,,,,,
,,,,,47674,5.0,5,,,,,,,,
,,,,,47684,10.0,10,,,,,,,,
,,,,,47688,4.0,4,,,,,,,,
,,,,,47691,3.0,3,,,,,,,,
,,,,,47717,26.0,26,,,,,,,,
,,,,,47721,4.0,4,,,,,,,,
,,,,,47726,5.0,5,,,,,,,,
,,,,,47729,3.0,3,,,,,,,,
,,,,,47733,4.0,4,,,,,,,,
,,,,,47736,3.0,3,,,,,,,,
,,,,,47741,5.0,5,,,,,,,,
,,,,,47744,3.0,3,,,,,,,,
,,,,,47747,3.0,3,,,,,,,,
,,,,,47750,3.0,3,,,,,,,,
,,,,,47753,3.0,3,,,,,,,,
,,,,,47756,3.0,3,,,,,,,,
,,,,,47759,3.0,3,,,,,,,,
,,,,,47772,13.0,13,,,,,,,,
,,,,,47776,4.0,4,,,,,,,,
,,,,,47779,3.0,3,,,,,,,,
,,,,,47782,3.0,3,,,,,,,,
,,,,,47793,11.0,11,,,,,,,,
,,,,,47798,5.0,5,,,,,,,,
,,,,,47803,5.0,5,,,,,,,,
,,,,,47808,5.0,5,,,,,,,,
,,,,,47817,9.0,9,,,,,,,,
,,,,,47822,5.0,5,,,,,,,,
,,,,,47825,3.0,3,,,,,,,,
,,,,,47830,5.0,5,,,,,,,,
,,,,,47833,3.0,3,,,,,,,,
,,,,,47838,5.0,5,,,,,,,,
,,,,,47841,3.0,3,,,,,,,,
,,,,,47846,5.0,5,,,,,,,,
,,,,,47849,3.0,3,,,,,,,,
,,,,,47852,3.0,3,,,,,,,,
,,,,,47855,3.0,3,,,,,,,,
,,,,,47858,3.0,3,,,,,,,,
,,,,,47863,5.0,5,,,,,,,,
,,,,,47870,7.0,7,,,,,,,,
,,,,,47875,5.0,5,,,,,,,,
,,,,,47878,3.0,3,,,,,,,,
,,,,,47882,4.0,4,,,,,,,,
,,,,,47886,4.0,4,,,,,,,,
,,,,,47891,5.0,5,,,,,,,,
,,,,,47903,12.0,12,,,,,,,,
,,,,,47906,3.0,3,,,,,,,,
,,,,,47909,3.0,3,,,,,,,,
,,,,,47915,6.0,6,,,,,,,,
,,,,,47922,7.0,7,,,,,,,,
,,,,,47928,6.0,6,,,,,,,,
,,,,,47931,3.0,3,,,,,,,,
,,,,,47936,5.0,5,,,,,,,,
,,,,,47941,5.0,5,,,,,,,,
,,,,,47944,3.0,3,,,,,,,,
,,,,,47954,10.0,10,,,,,,,,
,,,,,47957,3.0,3,,,,,,,,
,,,,,47963,6.0,6,,,,,,,,
,,,,,47966,3.0,3,,,,,,,,
,,,,,47969,3.0,3,,,,,,,,
,,,,,47975,6.0,6,,,,,,,,
,,,,,47984,9.0,9,,,,,,,,
,,,,,47987,3.0,3,,,,,,,,
,,,,,47995,8.0,8,,,,,,,,
,,,,,48000,,,0.6432660222053528,6.432660102844238,3.542072296142578,4.902216911315918,4.5751872062683105,0.0003,0.0003,0.1
,,,,,48001,6.0,6,,,,,,,,
,,,,,48004,3.0,3,,,,,,,,
,,,,,48009,5.0,5,,,,,,,,
,,,,,48012,3.0,3,,,,,,,,
,,,,,48015,3.0,3,,,,,,,,
,,,,,48018,3.0,3,,,,,,,,
,,,,,48021,3.0,3,,,,,,,,
,,,,,48025,4.0,4,,,,,,,,
,,,,,48029,4.0,4,,,,,,,,
,,,,,48032,3.0,3,,,,,,,,
,,,,,48035,3.0,3,,,,,,,,
,,,,,48038,3.0,3,,,,,,,,
,,,,,48043,5.0,5,,,,,,,,
,,,,,48046,3.0,3,,,,,,,,
,,,,,48059,13.0,13,,,,,,,,
,,,,,48062,3.0,3,,,,,,,,
,,,,,48065,3.0,3,,,,,,,,
,,,,,48069,4.0,4,,,,,,,,
,,,,,48073,4.0,4,,,,,,,,
,,,,,48076,3.0,3,,,,,,,,
,,,,,48082,6.0,6,,,,,,,,
,,,,,48086,4.0,4,,,,,,,,
,,,,,48089,3.0,3,,,,,,,,
,,,,,48095,6.0,6,,,,,,,,
,,,,,48098,3.0,3,,,,,,,,
,,,,,48101,3.0,3,,,,,,,,
,,,,,48104,3.0,3,,,,,,,,
,,,,,48115,11.0,11,,,,,,,,
,,,,,48118,3.0,3,,,,,,,,
,,,,,48129,11.0,11,,,,,,,,
,,,,,48136,7.0,7,,,,,,,,
,,,,,48139,3.0,3,,,,,,,,
,,,,,48142,3.0,3,,,,,,,,
,,,,,48150,8.0,8,,,,,,,,
,,,,,48156,6.0,6,,,,,,,,
,,,,,48163,7.0,7,,,,,,,,
,,,,,48168,5.0,5,,,,,,,,
,,,,,48179,11.0,11,,,,,,,,
,,,,,48182,3.0,3,,,,,,,,
,,,,,48192,10.0,10,,,,,,,,
,,,,,48197,5.0,5,,,,,,,,
,,,,,48204,7.0,7,,,,,,,,
,,,,,48208,4.0,4,,,,,,,,
,,,,,48215,7.0,7,,,,,,,,
,,,,,48222,7.0,7,,,,,,,,
,,,,,48228,6.0,6,,,,,,,,
,,,,,48231,3.0,3,,,,,,,,
,,,,,48234,3.0,3,,,,,,,,
,,,,,48237,3.0,3,,,,,,,,
,,,,,48242,5.0,5,,,,,,,,
,,,,,48246,4.0,4,,,,,,,,
,,,,,48257,11.0,11,,,,,,,,
,,,,,48260,3.0,3,,,,,,,,
,,,,,48263,3.0,3,,,,,,,,
,,,,,48266,3.0,3,,,,,,,,
,,,,,48269,3.0,3,,,,,,,,
,,,,,48274,5.0,5,,,,,,,,
,,,,,48277,3.0,3,,,,,,,,
,,,,,48287,10.0,10,,,,,,,,
,,,,,48301,14.0,14,,,,,,,,
,,,,,48304,3.0,3,,,,,,,,
,,,,,48307,3.0,3,,,,,,,,
,,,,,48315,8.0,8,,,,,,,,
,,,,,48318,3.0,3,,,,,,,,
,,,,,48326,8.0,8,,,,,,,,
,,,,,48330,4.0,4,,,,,,,,
,,,,,48335,5.0,5,,,,,,,,
,,,,,48344,9.0,9,,,,,,,,
,,,,,48347,3.0,3,,,,,,,,
,,,,,48356,9.0,9,,,,,,,,
,,,,,48359,3.0,3,,,,,,,,
,,,,,48363,4.0,4,,,,,,,,
,,,,,48366,3.0,3,,,,,,,,
,,,,,48369,3.0,3,,,,,,,,
,,,,,48372,3.0,3,,,,,,,,
,,,,,48376,4.0,4,,,,,,,,
,,,,,48379,3.0,3,,,,,,,,
,,,,,48383,4.0,4,,,,,,,,
,,,,,48393,10.0,10,,,,,,,,
,,,,,48400,7.0,7,,,,,,,,
,,,,,48403,3.0,3,,,,,,,,
,,,,,48406,3.0,3,,,,,,,,
,,,,,48410,4.0,4,,,,,,,,
,,,,,48413,3.0,3,,,,,,,,
,,,,,48416,3.0,3,,,,,,,,
,,,,,48419,3.0,3,,,,,,,,
,,,,,48431,12.0,12,,,,,,,,
,,,,,48434,3.0,3,,,,,,,,
,,,,,48437,3.0,3,,,,,,,,
,,,,,48440,3.0,3,,,,,,,,
,,,,,48443,3.0,3,,,,,,,,
,,,,,48449,6.0,6,,,,,,,,
,,,,,48453,4.0,4,,,,,,,,
,,,,,48463,10.0,10,,,,,,,,
,,,,,48466,3.0,3,,,,,,,,
,,,,,48469,3.0,3,,,,,,,,
,,,,,48474,5.0,5,,,,,,,,
,,,,,48477,3.0,3,,,,,,,,
,,,,,48480,3.0,3,,,,,,,,
,,,,,48486,6.0,6,,,,,,,,
,,,,,48491,5.0,5,,,,,,,,
,,,,,48501,10.0,10,,,,,,,,
,,,,,48508,7.0,7,,,,,,,,
,,,,,48512,4.0,4,,,,,,,,
,,,,,48515,3.0,3,,,,,,,,
,,,,,48519,4.0,4,,,,,,,,
,,,,,48524,5.0,5,,,,,,,,
,,,,,48528,4.0,4,,,,,,,,
,,,,,48532,4.0,4,,,,,,,,
,,,,,48535,3.0,3,,,,,,,,
,,,,,48538,3.0,3,,,,,,,,
,,,,,48547,9.0,9,,,,,,,,
,,,,,48552,5.0,5,,,,,,,,
,,,,,48555,3.0,3,,,,,,,,
,,,,,48562,7.0,7,,,,,,,,
,,,,,48565,3.0,3,,,,,,,,
,,,,,48568,3.0,3,,,,,,,,
,,,,,48571,3.0,3,,,,,,,,
,,,,,48574,3.0,3,,,,,,,,
,,,,,48580,6.0,6,,,,,,,,
,,,,,48583,3.0,3,,,,,,,,
,,,,,48591,8.0,8,,,,,,,,
,,,,,48596,5.0,5,,,,,,,,
,,,,,48599,3.0,3,,,,,,,,
,,,,,48607,8.0,8,,,,,,,,
,,,,,48610,3.0,3,,,,,,,,
,,,,,48616,6.0,6,,,,,,,,
,,,,,48621,5.0,5,,,,,,,,
,,,,,48624,3.0,3,,,,,,,,
,,,,,48628,4.0,4,,,,,,,,
,,,,,48631,3.0,3,,,,,,,,
,,,,,48638,7.0,7,,,,,,,,
,,,,,48641,3.0,3,,,,,,,,
,,,,,48644,3.0,3,,,,,,,,
,,,,,48647,3.0,3,,,,,,,,
,,,,,48650,3.0,3,,,,,,,,
,,,,,48663,13.0,13,,,,,,,,
,,,,,48674,11.0,11,,,,,,,,
,,,,,48677,3.0,3,,,,,,,,
,,,,,48681,4.0,4,,,,,,,,
,,,,,48685,4.0,4,,,,,,,,
,,,,,48690,5.0,5,,,,,,,,
,,,,,48693,3.0,3,,,,,,,,
,,,,,48698,5.0,5,,,,,,,,
,,,,,48702,4.0,4,,,,,,,,
,,,,,48705,3.0,3,,,,,,,,
,,,,,48708,3.0,3,,,,,,,,
,,,,,48712,4.0,4,,,,,,,,
,,,,,48716,4.0,4,,,,,,,,
,,,,,48724,8.0,8,,,,,,,,
,,,,,48727,3.0,3,,,,,,,,
,,,,,48730,3.0,3,,,,,,,,
,,,,,48733,3.0,3,,,,,,,,
,,,,,48736,3.0,3,,,,,,,,
,,,,,48741,5.0,5,,,,,,,,
,,,,,48745,4.0,4,,,,,,,,
,,,,,48751,6.0,6,,,,,,,,
,,,,,48756,5.0,5,,,,,,,,
,,,,,48759,3.0,3,,,,,,,,
,,,,,48762,3.0,3,,,,,,,,
,,,,,48765,3.0,3,,,,,,,,
,,,,,48773,8.0,8,,,,,,,,
,,,,,48777,4.0,4,,,,,,,,
,,,,,48784,7.0,7,,,,,,,,
,,,,,48789,5.0,5,,,,,,,,
,,,,,48792,3.0,3,,,,,,,,
,,,,,48796,4.0,4,,,,,,,,
,,,,,48799,3.0,3,,,,,,,,
,,,,,48803,4.0,4,,,,,,,,
,,,,,48807,4.0,4,,,,,,,,
,,,,,48810,3.0,3,,,,,,,,
,,,,,48815,5.0,5,,,,,,,,
,,,,,48818,3.0,3,,,,,,,,
,,,,,48824,6.0,6,,,,,,,,
,,,,,48832,8.0,8,,,,,,,,
,,,,,48837,5.0,5,,,,,,,,
,,,,,48842,5.0,5,,,,,,,,
,,,,,48848,6.0,6,,,,,,,,
,,,,,48852,4.0,4,,,,,,,,
,,,,,48855,3.0,3,,,,,,,,
,,,,,48862,7.0,7,,,,,,,,
,,,,,48866,4.0,4,,,,,,,,
,,,,,48877,11.0,11,,,,,,,,
,,,,,48888,11.0,11,,,,,,,,
,,,,,48894,6.0,6,,,,,,,,
,,,,,48897,3.0,3,,,,,,,,
,,,,,48901,4.0,4,,,,,,,,
,,,,,48904,3.0,3,,,,,,,,
,,,,,48908,4.0,4,,,,,,,,
,,,,,48913,5.0,5,,,,,,,,
,,,,,48918,5.0,5,,,,,,,,
,,,,,48922,4.0,4,,,,,,,,
,,,,,48926,4.0,4,,,,,,,,
,,,,,48929,3.0,3,,,,,,,,
,,,,,48945,16.0,16,,,,,,,,
,,,,,48948,3.0,3,,,,,,,,
,,,,,48951,3.0,3,,,,,,,,
,,,,,48955,4.0,4,,,,,,,,
,,,,,48958,3.0,3,,,,,,,,
,,,,,48961,3.0,3,,,,,,,,
,,,,,48964,3.0,3,,,,,,,,
,,,,,48967,3.0,3,,,,,,,,
,,,,,48971,4.0,4,,,,,,,,
,,,,,48976,5.0,5,,,,,,,,
,,,,,48981,5.0,5,,,,,,,,
,,,,,48984,3.0,3,,,,,,,,
,,,,,48988,4.0,4,,,,,,,,
,,,,,48991,3.0,3,,,,,,,,
,,,,,48994,3.0,3,,,,,,,,
,,,,,48997,3.0,3,,,,,,,,
,,,,,49000,3.0,3,,,,,,,,
,,,,,49000,,,0.5151638984680176,5.151638984680176,4.296667098999023,5.4243059158325195,5.24594783782959,0.0003,0.0003,0.1
,,,,,49003,3.0,3,,,,,,,,
,,,,,49009,6.0,6,,,,,,,,
,,,,,49013,4.0,4,,,,,,,,
,,,,,49020,7.0,7,,,,,,,,
,,,,,49023,3.0,3,,,,,,,,
,,,,,49027,4.0,4,,,,,,,,
,,,,,49030,3.0,3,,,,,,,,
,,,,,49034,4.0,4,,,,,,,,
,,,,,49055,21.0,21,,,,,,,,
,,,,,49058,3.0,3,,,,,,,,
,,,,,49061,3.0,3,,,,,,,,
,,,,,49066,5.0,5,,,,,,,,
,,,,,49069,3.0,3,,,,,,,,
,,,,,49072,3.0,3,,,,,,,,
,,,,,49079,7.0,7,,,,,,,,
,,,,,49091,12.0,12,,,,,,,,
,,,,,49094,3.0,3,,,,,,,,
,,,,,49097,3.0,3,,,,,,,,
,,,,,49101,4.0,4,,,,,,,,
,,,,,49104,3.0,3,,,,,,,,
,,,,,49111,7.0,7,,,,,,,,
,,,,,49114,3.0,3,,,,,,,,
,,,,,49117,3.0,3,,,,,,,,
,,,,,49121,4.0,4,,,,,,,,
,,,,,49124,3.0,3,,,,,,,,
,,,,,49128,4.0,4,,,,,,,,
,,,,,49132,4.0,4,,,,,,,,
,,,,,49140,8.0,8,,,,,,,,
,,,,,49143,3.0,3,,,,,,,,
,,,,,49148,5.0,5,,,,,,,,
,,,,,49151,3.0,3,,,,,,,,
,,,,,49156,5.0,5,,,,,,,,
,,,,,49159,3.0,3,,,,,,,,
,,,,,49162,3.0,3,,,,,,,,
,,,,,49165,3.0,3,,,,,,,,
,,,,,49168,3.0,3,,,,,,,,
,,,,,49176,8.0,8,,,,,,,,
,,,,,49179,3.0,3,,,,,,,,
,,,,,49185,6.0,6,,,,,,,,
,,,,,49194,9.0,9,,,,,,,,
,,,,,49199,5.0,5,,,,,,,,
,,,,,49206,7.0,7,,,,,,,,
,,,,,49210,4.0,4,,,,,,,,
,,,,,49213,3.0,3,,,,,,,,
,,,,,49216,3.0,3,,,,,,,,
,,,,,49219,3.0,3,,,,,,,,
,,,,,49222,3.0,3,,,,,,,,
,,,,,49225,3.0,3,,,,,,,,
,,,,,49230,5.0,5,,,,,,,,
,,,,,49235,5.0,5,,,,,,,,
,,,,,49238,3.0,3,,,,,,,,
,,,,,49241,3.0,3,,,,,,,,
,,,,,49249,8.0,8,,,,,,,,
,,,,,49253,4.0,4,,,,,,,,
,,,,,49259,6.0,6,,,,,,,,
,,,,,49262,3.0,3,,,,,,,,
,,,,,49265,3.0,3,,,,,,,,
,,,,,49269,4.0,4,,,,,,,,
,,,,,49279,10.0,10,,,,,,,,
,,,,,49287,8.0,8,,,,,,,,
,,,,,49290,3.0,3,,,,,,,,
,,,,,49296,6.0,6,,,,,,,,
,,,,,49300,4.0,4,,,,,,,,
,,,,,49303,3.0,3,,,,,,,,
,,,,,49310,7.0,7,,,,,,,,
,,,,,49313,3.0,3,,,,,,,,
,,,,,49317,4.0,4,,,,,,,,
,,,,,49320,3.0,3,,,,,,,,
,,,,,49326,6.0,6,,,,,,,,
,,,,,49329,3.0,3,,,,,,,,
,,,,,49337,8.0,8,,,,,,,,
,,,,,49343,6.0,6,,,,,,,,
,,,,,49354,11.0,11,,,,,,,,
,,,,,49363,9.0,9,,,,,,,,
,,,,,49366,3.0,3,,,,,,,,
,,,,,49369,3.0,3,,,,,,,,
,,,,,49372,3.0,3,,,,,,,,
,,,,,49377,5.0,5,,,,,,,,
,,,,,49381,4.0,4,,,,,,,,
,,,,,49384,3.0,3,,,,,,,,
,,,,,49387,3.0,3,,,,,,,,
,,,,,49390,3.0,3,,,,,,,,
,,,,,49393,3.0,3,,,,,,,,
,,,,,49396,3.0,3,,,,,,,,
,,,,,49400,4.0,4,,,,,,,,
,,,,,49403,3.0,3,,,,,,,,
,,,,,49406,3.0,3,,,,,,,,
,,,,,49409,3.0,3,,,,,,,,
,,,,,49413,4.0,4,,,,,,,,
,,,,,49416,3.0,3,,,,,,,,
,,,,,49423,7.0,7,,,,,,,,
,,,,,49426,3.0,3,,,,,,,,
,,,,,49434,8.0,8,,,,,,,,
,,,,,49437,3.0,3,,,,,,,,
,,,,,49444,7.0,7,,,,,,,,
,,,,,49447,3.0,3,,,,,,,,
,,,,,49452,5.0,5,,,,,,,,
,,,,,49457,5.0,5,,,,,,,,
,,,,,49461,4.0,4,,,,,,,,
,,,,,49464,3.0,3,,,,,,,,
,,,,,49473,9.0,9,,,,,,,,
,,,,,49476,3.0,3,,,,,,,,
,,,,,49480,4.0,4,,,,,,,,
,,,,,49483,3.0,3,,,,,,,,
,,,,,49486,3.0,3,,,,,,,,
,,,,,49493,7.0,7,,,,,,,,
,,,,,49497,4.0,4,,,,,,,,
,,,,,49501,4.0,4,,,,,,,,
,,,,,49504,3.0,3,,,,,,,,
,,,,,49512,8.0,8,,,,,,,,
,,,,,49519,7.0,7,,,,,,,,
,,,,,49522,3.0,3,,,,,,,,
,,,,,49529,7.0,7,,,,,,,,
,,,,,49532,3.0,3,,,,,,,,
,,,,,49536,4.0,4,,,,,,,,
,,,,,49542,6.0,6,,,,,,,,
,,,,,49547,5.0,5,,,,,,,,
,,,,,49550,3.0,3,,,,,,,,
,,,,,49554,4.0,4,,,,,,,,
,,,,,49568,14.0,14,,,,,,,,
,,,,,49571,3.0,3,,,,,,,,
,,,,,49574,3.0,3,,,,,,,,
,,,,,49577,3.0,3,,,,,,,,
,,,,,49581,4.0,4,,,,,,,,
,,,,,49586,5.0,5,,,,,,,,
,,,,,49589,3.0,3,,,,,,,,
,,,,,49595,6.0,6,,,,,,,,
,,,,,49599,4.0,4,,,,,,,,
,,,,,49602,3.0,3,,,,,,,,
,,,,,49613,11.0,11,,,,,,,,
,,,,,49616,3.0,3,,,,,,,,
,,,,,49619,3.0,3,,,,,,,,
,,,,,49622,3.0,3,,,,,,,,
,,,,,49625,3.0,3,,,,,,,,
,,,,,49628,3.0,3,,,,,,,,
,,,,,49631,3.0,3,,,,,,,,
,,,,,49635,4.0,4,,,,,,,,
,,,,,49638,3.0,3,,,,,,,,
,,,,,49641,3.0,3,,,,,,,,
,,,,,49644,3.0,3,,,,,,,,
,,,,,49648,4.0,4,,,,,,,,
,,,,,49652,4.0,4,,,,,,,,
,,,,,49659,7.0,7,,,,,,,,
,,,,,49669,10.0,10,,,,,,,,
,,,,,49680,11.0,11,,,,,,,,
,,,,,49683,3.0,3,,,,,,,,
,,,,,49688,5.0,5,,,,,,,,
,,,,,49694,6.0,6,,,,,,,,
,,,,,49697,3.0,3,,,,,,,,
,,,,,49700,3.0,3,,,,,,,,
,,,,,49703,3.0,3,,,,,,,,
,,,,,49709,6.0,6,,,,,,,,
,,,,,49716,7.0,7,,,,,,,,
,,,,,49723,7.0,7,,,,,,,,
,,,,,49726,3.0,3,,,,,,,,
,,,,,49731,5.0,5,,,,,,,,
,,,,,49735,4.0,4,,,,,,,,
,,,,,49742,7.0,7,,,,,,,,
,,,,,49747,5.0,5,,,,,,,,
,,,,,49750,3.0,3,,,,,,,,
,,,,,49754,4.0,4,,,,,,,,
,,,,,49763,9.0,9,,,,,,,,
,,,,,49766,3.0,3,,,,,,,,
,,,,,49769,3.0,3,,,,,,,,
,,,,,49776,7.0,7,,,,,,,,
,,,,,49782,6.0,6,,,,,,,,
,,,,,49787,5.0,5,,,,,,,,
,,,,,49792,5.0,5,,,,,,,,
,,,,,49795,3.0,3,,,,,,,,
,,,,,49798,3.0,3,,,,,,,,
,,,,,49801,3.0,3,,,,,,,,
,,,,,49806,5.0,5,,,,,,,,
,,,,,49815,9.0,9,,,,,,,,
,,,,,49820,5.0,5,,,,,,,,
,,,,,49824,4.0,4,,,,,,,,
,,,,,49827,3.0,3,,,,,,,,
,,,,,49830,3.0,3,,,,,,,,
,,,,,49835,5.0,5,,,,,,,,
,,,,,49839,4.0,4,,,,,,,,
,,,,,49842,3.0,3,,,,,,,,
,,,,,49850,8.0,8,,,,,,,,
,,,,,49853,3.0,3,,,,,,,,
,,,,,49858,5.0,5,,,,,,,,
,,,,,49861,3.0,3,,,,,,,,
,,,,,49866,5.0,5,,,,,,,,
,,,,,49869,3.0,3,,,,,,,,
,,,,,49872,3.0,3,,,,,,,,
,,,,,49877,5.0,5,,,,,,,,
,,,,,49880,3.0,3,,,,,,,,
,,,,,49885,5.0,5,,,,,,,,
,,,,,49896,11.0,11,,,,,,,,
,,,,,49899,3.0,3,,,,,,,,
,,,,,49904,5.0,5,,,,,,,,
,,,,,49916,12.0,12,,,,,,,,
,,,,,49919,3.0,3,,,,,,,,
,,,,,49922,3.0,3,,,,,,,,
,,,,,49927,5.0,5,,,,,,,,
,,,,,49932,5.0,5,,,,,,,,
,,,,,49935,3.0,3,,,,,,,,
,,,,,49938,3.0,3,,,,,,,,
,,,,,49946,8.0,8,,,,,,,,
,,,,,49954,8.0,8,,,,,,,,
,,,,,49961,7.0,7,,,,,,,,
,,,,,49972,11.0,11,,,,,,,,
,,,,,49979,7.0,7,,,,,,,,
,,,,,49982,3.0,3,,,,,,,,
,,,,,49990,8.0,8,,,,,,,,
,,,,,49993,3.0,3,,,,,,,,
,,,,,49996,3.0,3,,,,,,,,
,,,,,49999,3.0,3,,,,,,,,
