Eval_AverageReturn,Eval_StdReturn,Eval_MaxReturn,Eval_MinReturn,Eval_AverageEpLen,step,Train_EpisodeReturn,Train_EpisodeLen,actor_loss,entropy,critic_loss,q_values,target_values,actor_lr,critic_lr,temperature
7.4,4.476606,17.0,3.0,7.4,0,,,,,,,,,,
,,,,,5,6.0,6,,,,,,,,
,,,,,10,5.0,5,,,,,,,,
,,,,,14,4.0,4,,,,,,,,
,,,,,17,3.0,3,,,,,,,,
,,,,,22,5.0,5,,,,,,,,
,,,,,25,3.0,3,,,,,,,,
,,,,,29,4.0,4,,,,,,,,
,,,,,34,5.0,5,,,,,,,,
,,,,,38,4.0,4,,,,,,,,
,,,,,43,5.0,5,,,,,,,,
,,,,,51,8.0,8,,,,,,,,
,,,,,58,7.0,7,,,,,,,,
,,,,,70,12.0,12,,,,,,,,
,,,,,74,4.0,4,,,,,,,,
,,,,,77,3.0,3,,,,,,,,
,,,,,81,4.0,4,,,,,,,,
,,,,,88,7.0,7,,,,,,,,
,,,,,95,7.0,7,,,,,,,,
,,,,,100,5.0,5,,,,,,,,
,,,,,105,5.0,5,,,,,,,,
,,,,,109,4.0,4,,,,,,,,
,,,,,121,12.0,12,,,,,,,,
,,,,,125,4.0,4,,,,,,,,
,,,,,131,6.0,6,,,,,,,,
,,,,,134,3.0,3,,,,,,,,
,,,,,138,4.0,4,,,,,,,,
,,,,,143,5.0,5,,,,,,,,
,,,,,148,5.0,5,,,,,,,,
,,,,,156,8.0,8,,,,,,,,
,,,,,159,3.0,3,,,,,,,,
,,,,,164,5.0,5,,,,,,,,
,,,,,169,5.0,5,,,,,,,,
,,,,,173,4.0,4,,,,,,,,
,,,,,181,8.0,8,,,,,,,,
,,,,,185,4.0,4,,,,,,,,
,,,,,192,7.0,7,,,,,,,,
,,,,,197,5.0,5,,,,,,,,
,,,,,201,4.0,4,,,,,,,,
,,,,,205,4.0,4,,,,,,,,
,,,,,210,5.0,5,,,,,,,,
,,,,,218,8.0,8,,,,,,,,
,,,,,221,3.0,3,,,,,,,,
,,,,,225,4.0,4,,,,,,,,
,,,,,229,4.0,4,,,,,,,,
,,,,,241,12.0,12,,,,,,,,
,,,,,245,4.0,4,,,,,,,,
,,,,,255,10.0,10,,,,,,,,
,,,,,259,4.0,4,,,,,,,,
,,,,,266,7.0,7,,,,,,,,
,,,,,271,5.0,5,,,,,,,,
,,,,,275,4.0,4,,,,,,,,
,,,,,279,4.0,4,,,,,,,,
,,,,,283,4.0,4,,,,,,,,
,,,,,287,4.0,4,,,,,,,,
,,,,,290,3.0,3,,,,,,,,
,,,,,294,4.0,4,,,,,,,,
,,,,,297,3.0,3,,,,,,,,
,,,,,311,14.0,14,,,,,,,,
,,,,,314,3.0,3,,,,,,,,
,,,,,321,7.0,7,,,,,,,,
,,,,,325,4.0,4,,,,,,,,
,,,,,335,10.0,10,,,,,,,,
,,,,,338,3.0,3,,,,,,,,
,,,,,342,4.0,4,,,,,,,,
,,,,,362,20.0,20,,,,,,,,
,,,,,367,5.0,5,,,,,,,,
,,,,,371,4.0,4,,,,,,,,
,,,,,379,8.0,8,,,,,,,,
,,,,,382,3.0,3,,,,,,,,
,,,,,390,8.0,8,,,,,,,,
,,,,,394,4.0,4,,,,,,,,
,,,,,398,4.0,4,,,,,,,,
,,,,,401,3.0,3,,,,,,,,
,,,,,411,10.0,10,,,,,,,,
,,,,,414,3.0,3,,,,,,,,
,,,,,425,11.0,11,,,,,,,,
,,,,,428,3.0,3,,,,,,,,
,,,,,433,5.0,5,,,,,,,,
,,,,,449,16.0,16,,,,,,,,
,,,,,456,7.0,7,,,,,,,,
,,,,,466,10.0,10,,,,,,,,
,,,,,470,4.0,4,,,,,,,,
,,,,,475,5.0,5,,,,,,,,
,,,,,479,4.0,4,,,,,,,,
,,,,,492,13.0,13,,,,,,,,
,,,,,495,3.0,3,,,,,,,,
,,,,,504,9.0,9,,,,,,,,
,,,,,508,4.0,4,,,,,,,,
,,,,,522,14.0,14,,,,,,,,
,,,,,530,8.0,8,,,,,,,,
,,,,,535,5.0,5,,,,,,,,
,,,,,546,11.0,11,,,,,,,,
,,,,,550,4.0,4,,,,,,,,
,,,,,559,9.0,9,,,,,,,,
,,,,,576,17.0,17,,,,,,,,
,,,,,580,4.0,4,,,,,,,,
,,,,,587,7.0,7,,,,,,,,
,,,,,590,3.0,3,,,,,,,,
,,,,,594,4.0,4,,,,,,,,
,,,,,599,5.0,5,,,,,,,,
,,,,,603,4.0,4,,,,,,,,
,,,,,610,7.0,7,,,,,,,,
,,,,,613,3.0,3,,,,,,,,
,,,,,618,5.0,5,,,,,,,,
,,,,,624,6.0,6,,,,,,,,
,,,,,627,3.0,3,,,,,,,,
,,,,,634,7.0,7,,,,,,,,
,,,,,645,11.0,11,,,,,,,,
,,,,,655,10.0,10,,,,,,,,
,,,,,665,10.0,10,,,,,,,,
,,,,,668,3.0,3,,,,,,,,
,,,,,681,13.0,13,,,,,,,,
,,,,,688,7.0,7,,,,,,,,
,,,,,693,5.0,5,,,,,,,,
,,,,,699,6.0,6,,,,,,,,
,,,,,707,8.0,8,,,,,,,,
,,,,,712,5.0,5,,,,,,,,
,,,,,716,4.0,4,,,,,,,,
,,,,,720,4.0,4,,,,,,,,
,,,,,723,3.0,3,,,,,,,,
,,,,,728,5.0,5,,,,,,,,
,,,,,732,4.0,4,,,,,,,,
,,,,,737,5.0,5,,,,,,,,
,,,,,743,6.0,6,,,,,,,,
,,,,,746,3.0,3,,,,,,,,
,,,,,749,3.0,3,,,,,,,,
,,,,,766,17.0,17,,,,,,,,
,,,,,769,3.0,3,,,,,,,,
,,,,,774,5.0,5,,,,,,,,
,,,,,780,6.0,6,,,,,,,,
,,,,,793,13.0,13,,,,,,,,
,,,,,798,5.0,5,,,,,,,,
,,,,,804,6.0,6,,,,,,,,
,,,,,807,3.0,3,,,,,,,,
,,,,,810,3.0,3,,,,,,,,
,,,,,813,3.0,3,,,,,,,,
,,,,,817,4.0,4,,,,,,,,
,,,,,826,9.0,9,,,,,,,,
,,,,,831,5.0,5,,,,,,,,
,,,,,837,6.0,6,,,,,,,,
,,,,,842,5.0,5,,,,,,,,
,,,,,845,3.0,3,,,,,,,,
,,,,,857,12.0,12,,,,,,,,
,,,,,870,13.0,13,,,,,,,,
,,,,,875,5.0,5,,,,,,,,
,,,,,880,5.0,5,,,,,,,,
,,,,,884,4.0,4,,,,,,,,
,,,,,889,5.0,5,,,,,,,,
,,,,,894,5.0,5,,,,,,,,
,,,,,900,6.0,6,,,,,,,,
,,,,,909,9.0,9,,,,,,,,
,,,,,915,6.0,6,,,,,,,,
,,,,,920,5.0,5,,,,,,,,
,,,,,929,9.0,9,,,,,,,,
,,,,,932,3.0,3,,,,,,,,
,,,,,938,6.0,6,,,,,,,,
,,,,,942,4.0,4,,,,,,,,
,,,,,947,5.0,5,,,,,,,,
,,,,,950,3.0,3,,,,,,,,
,,,,,954,4.0,4,,,,,,,,
,,,,,963,9.0,9,,,,,,,,
,,,,,967,4.0,4,,,,,,,,
,,,,,973,6.0,6,,,,,,,,
,,,,,977,4.0,4,,,,,,,,
,,,,,980,3.0,3,,,,,,,,
,,,,,993,13.0,13,,,,,,,,
,,,,,997,4.0,4,,,,,,,,
,,,,,1004,7.0,7,,,,,,,,
,,,,,1007,3.0,3,,,,,,,,
,,,,,1019,12.0,12,,,,,,,,
,,,,,1024,5.0,5,,,,,,,,
,,,,,1030,6.0,6,,,,,,,,
,,,,,1038,8.0,8,,,,,,,,
,,,,,1044,6.0,6,,,,,,,,
,,,,,1055,11.0,11,,,,,,,,
,,,,,1069,14.0,14,,,,,,,,
,,,,,1073,4.0,4,,,,,,,,
,,,,,1079,6.0,6,,,,,,,,
,,,,,1082,3.0,3,,,,,,,,
,,,,,1086,4.0,4,,,,,,,,
,,,,,1102,16.0,16,,,,,,,,
,,,,,1107,5.0,5,,,,,,,,
,,,,,1110,3.0,3,,,,,,,,
,,,,,1117,7.0,7,,,,,,,,
,,,,,1124,7.0,7,,,,,,,,
,,,,,1128,4.0,4,,,,,,,,
,,,,,1132,4.0,4,,,,,,,,
,,,,,1143,11.0,11,,,,,,,,
,,,,,1146,3.0,3,,,,,,,,
,,,,,1149,3.0,3,,,,,,,,
,,,,,1152,3.0,3,,,,,,,,
,,,,,1159,7.0,7,,,,,,,,
,,,,,1162,3.0,3,,,,,,,,
,,,,,1165,3.0,3,,,,,,,,
,,,,,1169,4.0,4,,,,,,,,
,,,,,1174,5.0,5,,,,,,,,
,,,,,1177,3.0,3,,,,,,,,
,,,,,1180,3.0,3,,,,,,,,
,,,,,1184,4.0,4,,,,,,,,
,,,,,1193,9.0,9,,,,,,,,
,,,,,1202,9.0,9,,,,,,,,
,,,,,1212,10.0,10,,,,,,,,
,,,,,1223,11.0,11,,,,,,,,
,,,,,1236,13.0,13,,,,,,,,
,,,,,1245,9.0,9,,,,,,,,
,,,,,1254,9.0,9,,,,,,,,
,,,,,1259,5.0,5,,,,,,,,
,,,,,1265,6.0,6,,,,,,,,
,,,,,1268,3.0,3,,,,,,,,
,,,,,1273,5.0,5,,,,,,,,
,,,,,1285,12.0,12,,,,,,,,
,,,,,1289,4.0,4,,,,,,,,
,,,,,1294,5.0,5,,,,,,,,
,,,,,1299,5.0,5,,,,,,,,
,,,,,1303,4.0,4,,,,,,,,
,,,,,1311,8.0,8,,,,,,,,
,,,,,1315,4.0,4,,,,,,,,
,,,,,1324,9.0,9,,,,,,,,
,,,,,1329,5.0,5,,,,,,,,
,,,,,1332,3.0,3,,,,,,,,
,,,,,1337,5.0,5,,,,,,,,
,,,,,1345,8.0,8,,,,,,,,
,,,,,1352,7.0,7,,,,,,,,
,,,,,1363,11.0,11,,,,,,,,
,,,,,1366,3.0,3,,,,,,,,
,,,,,1371,5.0,5,,,,,,,,
,,,,,1380,9.0,9,,,,,,,,
,,,,,1394,14.0,14,,,,,,,,
,,,,,1400,6.0,6,,,,,,,,
,,,,,1412,12.0,12,,,,,,,,
,,,,,1420,8.0,8,,,,,,,,
,,,,,1424,4.0,4,,,,,,,,
,,,,,1431,7.0,7,,,,,,,,
,,,,,1447,16.0,16,,,,,,,,
,,,,,1465,18.0,18,,,,,,,,
,,,,,1472,7.0,7,,,,,,,,
,,,,,1475,3.0,3,,,,,,,,
,,,,,1478,3.0,3,,,,,,,,
,,,,,1490,12.0,12,,,,,,,,
,,,,,1501,11.0,11,,,,,,,,
,,,,,1505,4.0,4,,,,,,,,
,,,,,1511,6.0,6,,,,,,,,
,,,,,1524,13.0,13,,,,,,,,
,,,,,1536,12.0,12,,,,,,,,
,,,,,1553,17.0,17,,,,,,,,
,,,,,1557,4.0,4,,,,,,,,
,,,,,1565,8.0,8,,,,,,,,
,,,,,1573,8.0,8,,,,,,,,
,,,,,1577,4.0,4,,,,,,,,
,,,,,1582,5.0,5,,,,,,,,
,,,,,1591,9.0,9,,,,,,,,
,,,,,1595,4.0,4,,,,,,,,
,,,,,1599,4.0,4,,,,,,,,
,,,,,1602,3.0,3,,,,,,,,
,,,,,1608,6.0,6,,,,,,,,
,,,,,1613,5.0,5,,,,,,,,
,,,,,1618,5.0,5,,,,,,,,
,,,,,1629,11.0,11,,,,,,,,
,,,,,1633,4.0,4,,,,,,,,
,,,,,1644,11.0,11,,,,,,,,
,,,,,1647,3.0,3,,,,,,,,
,,,,,1655,8.0,8,,,,,,,,
,,,,,1659,4.0,4,,,,,,,,
,,,,,1662,3.0,3,,,,,,,,
,,,,,1667,5.0,5,,,,,,,,
,,,,,1678,11.0,11,,,,,,,,
,,,,,1684,6.0,6,,,,,,,,
,,,,,1692,8.0,8,,,,,,,,
,,,,,1697,5.0,5,,,,,,,,
,,,,,1702,5.0,5,,,,,,,,
,,,,,1712,10.0,10,,,,,,,,
,,,,,1717,5.0,5,,,,,,,,
,,,,,1722,5.0,5,,,,,,,,
,,,,,1725,3.0,3,,,,,,,,
,,,,,1732,7.0,7,,,,,,,,
,,,,,1735,3.0,3,,,,,,,,
,,,,,1738,3.0,3,,,,,,,,
,,,,,1743,5.0,5,,,,,,,,
,,,,,1748,5.0,5,,,,,,,,
,,,,,1755,7.0,7,,,,,,,,
,,,,,1759,4.0,4,,,,,,,,
,,,,,1764,5.0,5,,,,,,,,
,,,,,1767,3.0,3,,,,,,,,
,,,,,1774,7.0,7,,,,,,,,
,,,,,1787,13.0,13,,,,,,,,
,,,,,1793,6.0,6,,,,,,,,
,,,,,1797,4.0,4,,,,,,,,
,,,,,1801,4.0,4,,,,,,,,
,,,,,1805,4.0,4,,,,,,,,
,,,,,1813,8.0,8,,,,,,,,
,,,,,1817,4.0,4,,,,,,,,
,,,,,1820,3.0,3,,,,,,,,
,,,,,1827,7.0,7,,,,,,,,
,,,,,1832,5.0,5,,,,,,,,
,,,,,1841,9.0,9,,,,,,,,
,,,,,1852,11.0,11,,,,,,,,
,,,,,1855,3.0,3,,,,,,,,
,,,,,1861,6.0,6,,,,,,,,
,,,,,1869,8.0,8,,,,,,,,
,,,,,1885,16.0,16,,,,,,,,
,,,,,1890,5.0,5,,,,,,,,
,,,,,1894,4.0,4,,,,,,,,
,,,,,1898,4.0,4,,,,,,,,
,,,,,1901,3.0,3,,,,,,,,
,,,,,1904,3.0,3,,,,,,,,
,,,,,1908,4.0,4,,,,,,,,
,,,,,1918,10.0,10,,,,,,,,
,,,,,1926,8.0,8,,,,,,,,
,,,,,1931,5.0,5,,,,,,,,
,,,,,1934,3.0,3,,,,,,,,
,,,,,1941,7.0,7,,,,,,,,
,,,,,1951,10.0,10,,,,,,,,
,,,,,1955,4.0,4,,,,,,,,
,,,,,1959,4.0,4,,,,,,,,
,,,,,1963,4.0,4,,,,,,,,
,,,,,1966,3.0,3,,,,,,,,
,,,,,1986,20.0,20,,,,,,,,
,,,,,1989,3.0,3,,,,,,,,
,,,,,1998,9.0,9,,,,,,,,
,,,,,2006,8.0,8,,,,,,,,
,,,,,2014,8.0,8,,,,,,,,
,,,,,2020,6.0,6,,,,,,,,
,,,,,2029,9.0,9,,,,,,,,
,,,,,2034,5.0,5,,,,,,,,
,,,,,2047,13.0,13,,,,,,,,
,,,,,2053,6.0,6,,,,,,,,
,,,,,2060,7.0,7,,,,,,,,
,,,,,2078,18.0,18,,,,,,,,
,,,,,2086,8.0,8,,,,,,,,
,,,,,2089,3.0,3,,,,,,,,
,,,,,2093,4.0,4,,,,,,,,
,,,,,2098,5.0,5,,,,,,,,
,,,,,2109,11.0,11,,,,,,,,
,,,,,2123,14.0,14,,,,,,,,
,,,,,2130,7.0,7,,,,,,,,
,,,,,2147,17.0,17,,,,,,,,
,,,,,2151,4.0,4,,,,,,,,
,,,,,2155,4.0,4,,,,,,,,
,,,,,2167,12.0,12,,,,,,,,
,,,,,2175,8.0,8,,,,,,,,
,,,,,2178,3.0,3,,,,,,,,
,,,,,2187,9.0,9,,,,,,,,
,,,,,2196,9.0,9,,,,,,,,
,,,,,2205,9.0,9,,,,,,,,
,,,,,2210,5.0,5,,,,,,,,
,,,,,2218,8.0,8,,,,,,,,
,,,,,2223,5.0,5,,,,,,,,
,,,,,2230,7.0,7,,,,,,,,
,,,,,2237,7.0,7,,,,,,,,
,,,,,2250,13.0,13,,,,,,,,
,,,,,2254,4.0,4,,,,,,,,
,,,,,2270,16.0,16,,,,,,,,
,,,,,2283,13.0,13,,,,,,,,
,,,,,2288,5.0,5,,,,,,,,
,,,,,2301,13.0,13,,,,,,,,
,,,,,2306,5.0,5,,,,,,,,
,,,,,2316,10.0,10,,,,,,,,
,,,,,2324,8.0,8,,,,,,,,
,,,,,2335,11.0,11,,,,,,,,
,,,,,2346,11.0,11,,,,,,,,
,,,,,2352,6.0,6,,,,,,,,
,,,,,2357,5.0,5,,,,,,,,
,,,,,2361,4.0,4,,,,,,,,
,,,,,2374,13.0,13,,,,,,,,
,,,,,2382,8.0,8,,,,,,,,
,,,,,2401,19.0,19,,,,,,,,
,,,,,2408,7.0,7,,,,,,,,
,,,,,2414,6.0,6,,,,,,,,
,,,,,2418,4.0,4,,,,,,,,
,,,,,2425,7.0,7,,,,,,,,
,,,,,2429,4.0,4,,,,,,,,
,,,,,2435,6.0,6,,,,,,,,
,,,,,2438,3.0,3,,,,,,,,
,,,,,2451,13.0,13,,,,,,,,
,,,,,2461,10.0,10,,,,,,,,
,,,,,2465,4.0,4,,,,,,,,
,,,,,2471,6.0,6,,,,,,,,
,,,,,2480,9.0,9,,,,,,,,
,,,,,2483,3.0,3,,,,,,,,
,,,,,2492,9.0,9,,,,,,,,
,,,,,2499,7.0,7,,,,,,,,
,,,,,2506,7.0,7,,,,,,,,
,,,,,2516,10.0,10,,,,,,,,
,,,,,2524,8.0,8,,,,,,,,
,,,,,2531,7.0,7,,,,,,,,
,,,,,2541,10.0,10,,,,,,,,
,,,,,2544,3.0,3,,,,,,,,
,,,,,2556,12.0,12,,,,,,,,
,,,,,2566,10.0,10,,,,,,,,
,,,,,2571,5.0,5,,,,,,,,
,,,,,2584,13.0,13,,,,,,,,
,,,,,2588,4.0,4,,,,,,,,
,,,,,2591,3.0,3,,,,,,,,
,,,,,2606,15.0,15,,,,,,,,
,,,,,2610,4.0,4,,,,,,,,
,,,,,2618,8.0,8,,,,,,,,
,,,,,2623,5.0,5,,,,,,,,
,,,,,2629,6.0,6,,,,,,,,
,,,,,2637,8.0,8,,,,,,,,
,,,,,2654,17.0,17,,,,,,,,
,,,,,2659,5.0,5,,,,,,,,
,,,,,2662,3.0,3,,,,,,,,
,,,,,2670,8.0,8,,,,,,,,
,,,,,2676,6.0,6,,,,,,,,
,,,,,2680,4.0,4,,,,,,,,
,,,,,2688,8.0,8,,,,,,,,
,,,,,2696,8.0,8,,,,,,,,
,,,,,2701,5.0,5,,,,,,,,
,,,,,2705,4.0,4,,,,,,,,
,,,,,2709,4.0,4,,,,,,,,
,,,,,2719,10.0,10,,,,,,,,
,,,,,2727,8.0,8,,,,,,,,
,,,,,2732,5.0,5,,,,,,,,
,,,,,2735,3.0,3,,,,,,,,
,,,,,2743,8.0,8,,,,,,,,
,,,,,2760,17.0,17,,,,,,,,
,,,,,2769,9.0,9,,,,,,,,
,,,,,2775,6.0,6,,,,,,,,
,,,,,2779,4.0,4,,,,,,,,
,,,,,2786,7.0,7,,,,,,,,
,,,,,2790,4.0,4,,,,,,,,
,,,,,2796,6.0,6,,,,,,,,
,,,,,2801,5.0,5,,,,,,,,
,,,,,2820,19.0,19,,,,,,,,
,,,,,2829,9.0,9,,,,,,,,
,,,,,2835,6.0,6,,,,,,,,
,,,,,2839,4.0,4,,,,,,,,
,,,,,2846,7.0,7,,,,,,,,
,,,,,2860,14.0,14,,,,,,,,
,,,,,2871,11.0,11,,,,,,,,
,,,,,2876,5.0,5,,,,,,,,
,,,,,2880,4.0,4,,,,,,,,
,,,,,2886,6.0,6,,,,,,,,
,,,,,2889,3.0,3,,,,,,,,
,,,,,2903,14.0,14,,,,,,,,
,,,,,2911,8.0,8,,,,,,,,
,,,,,2923,12.0,12,,,,,,,,
,,,,,2930,7.0,7,,,,,,,,
,,,,,2936,6.0,6,,,,,,,,
,,,,,2945,9.0,9,,,,,,,,
,,,,,2950,5.0,5,,,,,,,,
,,,,,2958,8.0,8,,,,,,,,
,,,,,2970,12.0,12,,,,,,,,
,,,,,2978,8.0,8,,,,,,,,
,,,,,2982,4.0,4,,,,,,,,
,,,,,2989,7.0,7,,,,,,,,
,,,,,2995,6.0,6,,,,,,,,
,,,,,3002,7.0,7,,,,,,,,
,,,,,3010,8.0,8,,,,,,,,
,,,,,3013,3.0,3,,,,,,,,
,,,,,3024,11.0,11,,,,,,,,
,,,,,3034,10.0,10,,,,,,,,
,,,,,3041,7.0,7,,,,,,,,
,,,,,3047,6.0,6,,,,,,,,
,,,,,3052,5.0,5,,,,,,,,
,,,,,3059,7.0,7,,,,,,,,
,,,,,3067,8.0,8,,,,,,,,
,,,,,3073,6.0,6,,,,,,,,
,,,,,3077,4.0,4,,,,,,,,
,,,,,3081,4.0,4,,,,,,,,
,,,,,3093,12.0,12,,,,,,,,
,,,,,3097,4.0,4,,,,,,,,
,,,,,3101,4.0,4,,,,,,,,
,,,,,3104,3.0,3,,,,,,,,
,,,,,3117,13.0,13,,,,,,,,
,,,,,3120,3.0,3,,,,,,,,
,,,,,3124,4.0,4,,,,,,,,
,,,,,3127,3.0,3,,,,,,,,
,,,,,3130,3.0,3,,,,,,,,
,,,,,3134,4.0,4,,,,,,,,
,,,,,3138,4.0,4,,,,,,,,
,,,,,3142,4.0,4,,,,,,,,
,,,,,3151,9.0,9,,,,,,,,
,,,,,3155,4.0,4,,,,,,,,
,,,,,3161,6.0,6,,,,,,,,
,,,,,3165,4.0,4,,,,,,,,
,,,,,3173,8.0,8,,,,,,,,
,,,,,3178,5.0,5,,,,,,,,
,,,,,3189,11.0,11,,,,,,,,
,,,,,3192,3.0,3,,,,,,,,
,,,,,3196,4.0,4,,,,,,,,
,,,,,3201,5.0,5,,,,,,,,
,,,,,3205,4.0,4,,,,,,,,
,,,,,3208,3.0,3,,,,,,,,
,,,,,3212,4.0,4,,,,,,,,
,,,,,3221,9.0,9,,,,,,,,
,,,,,3227,6.0,6,,,,,,,,
,,,,,3233,6.0,6,,,,,,,,
,,,,,3236,3.0,3,,,,,,,,
,,,,,3241,5.0,5,,,,,,,,
,,,,,3249,8.0,8,,,,,,,,
,,,,,3255,6.0,6,,,,,,,,
,,,,,3265,10.0,10,,,,,,,,
,,,,,3275,10.0,10,,,,,,,,
,,,,,3281,6.0,6,,,,,,,,
,,,,,3287,6.0,6,,,,,,,,
,,,,,3303,16.0,16,,,,,,,,
,,,,,3306,3.0,3,,,,,,,,
,,,,,3309,3.0,3,,,,,,,,
,,,,,3315,6.0,6,,,,,,,,
,,,,,3319,4.0,4,,,,,,,,
,,,,,3332,13.0,13,,,,,,,,
,,,,,3340,8.0,8,,,,,,,,
,,,,,3347,7.0,7,,,,,,,,
,,,,,3350,3.0,3,,,,,,,,
,,,,,3354,4.0,4,,,,,,,,
,,,,,3358,4.0,4,,,,,,,,
,,,,,3362,4.0,4,,,,,,,,
,,,,,3367,5.0,5,,,,,,,,
,,,,,3374,7.0,7,,,,,,,,
,,,,,3378,4.0,4,,,,,,,,
,,,,,3383,5.0,5,,,,,,,,
,,,,,3388,5.0,5,,,,,,,,
,,,,,3392,4.0,4,,,,,,,,
,,,,,3397,5.0,5,,,,,,,,
,,,,,3403,6.0,6,,,,,,,,
,,,,,3421,18.0,18,,,,,,,,
,,,,,3437,16.0,16,,,,,,,,
,,,,,3442,5.0,5,,,,,,,,
,,,,,3455,13.0,13,,,,,,,,
,,,,,3465,10.0,10,,,,,,,,
,,,,,3471,6.0,6,,,,,,,,
,,,,,3475,4.0,4,,,,,,,,
,,,,,3480,5.0,5,,,,,,,,
,,,,,3496,16.0,16,,,,,,,,
,,,,,3502,6.0,6,,,,,,,,
,,,,,3508,6.0,6,,,,,,,,
,,,,,3520,12.0,12,,,,,,,,
,,,,,3530,10.0,10,,,,,,,,
,,,,,3535,5.0,5,,,,,,,,
,,,,,3539,4.0,4,,,,,,,,
,,,,,3548,9.0,9,,,,,,,,
,,,,,3554,6.0,6,,,,,,,,
,,,,,3558,4.0,4,,,,,,,,
,,,,,3561,3.0,3,,,,,,,,
,,,,,3564,3.0,3,,,,,,,,
,,,,,3567,3.0,3,,,,,,,,
,,,,,3595,28.0,28,,,,,,,,
,,,,,3610,15.0,15,,,,,,,,
,,,,,3614,4.0,4,,,,,,,,
,,,,,3618,4.0,4,,,,,,,,
,,,,,3625,7.0,7,,,,,,,,
,,,,,3634,9.0,9,,,,,,,,
,,,,,3646,12.0,12,,,,,,,,
,,,,,3650,4.0,4,,,,,,,,
,,,,,3655,5.0,5,,,,,,,,
,,,,,3680,25.0,25,,,,,,,,
,,,,,3690,10.0,10,,,,,,,,
,,,,,3695,5.0,5,,,,,,,,
,,,,,3705,10.0,10,,,,,,,,
,,,,,3720,15.0,15,,,,,,,,
,,,,,3730,10.0,10,,,,,,,,
,,,,,3737,7.0,7,,,,,,,,
,,,,,3761,24.0,24,,,,,,,,
,,,,,3779,18.0,18,,,,,,,,
,,,,,3784,5.0,5,,,,,,,,
,,,,,3801,17.0,17,,,,,,,,
,,,,,3820,19.0,19,,,,,,,,
,,,,,3827,7.0,7,,,,,,,,
,,,,,3832,5.0,5,,,,,,,,
,,,,,3836,4.0,4,,,,,,,,
,,,,,3839,3.0,3,,,,,,,,
,,,,,3846,7.0,7,,,,,,,,
,,,,,3851,5.0,5,,,,,,,,
,,,,,3854,3.0,3,,,,,,,,
,,,,,3862,8.0,8,,,,,,,,
,,,,,3872,10.0,10,,,,,,,,
,,,,,3883,11.0,11,,,,,,,,
,,,,,3894,11.0,11,,,,,,,,
,,,,,3909,15.0,15,,,,,,,,
,,,,,3914,5.0,5,,,,,,,,
,,,,,3917,3.0,3,,,,,,,,
,,,,,3922,5.0,5,,,,,,,,
,,,,,3931,9.0,9,,,,,,,,
,,,,,3940,9.0,9,,,,,,,,
,,,,,3945,5.0,5,,,,,,,,
,,,,,3970,25.0,25,,,,,,,,
,,,,,3975,5.0,5,,,,,,,,
,,,,,3979,4.0,4,,,,,,,,
,,,,,3982,3.0,3,,,,,,,,
,,,,,3988,6.0,6,,,,,,,,
,,,,,3999,11.0,11,,,,,,,,
,,,,,4004,5.0,5,,,,,,,,
,,,,,4027,23.0,23,,,,,,,,
,,,,,4035,8.0,8,,,,,,,,
,,,,,4039,4.0,4,,,,,,,,
,,,,,4054,15.0,15,,,,,,,,
,,,,,4060,6.0,6,,,,,,,,
,,,,,4068,8.0,8,,,,,,,,
,,,,,4075,7.0,7,,,,,,,,
,,,,,4079,4.0,4,,,,,,,,
,,,,,4083,4.0,4,,,,,,,,
,,,,,4089,6.0,6,,,,,,,,
,,,,,4093,4.0,4,,,,,,,,
,,,,,4108,15.0,15,,,,,,,,
,,,,,4115,7.0,7,,,,,,,,
,,,,,4126,11.0,11,,,,,,,,
,,,,,4130,4.0,4,,,,,,,,
,,,,,4140,10.0,10,,,,,,,,
,,,,,4144,4.0,4,,,,,,,,
,,,,,4148,4.0,4,,,,,,,,
,,,,,4152,4.0,4,,,,,,,,
,,,,,4157,5.0,5,,,,,,,,
,,,,,4161,4.0,4,,,,,,,,
,,,,,4168,7.0,7,,,,,,,,
,,,,,4173,5.0,5,,,,,,,,
,,,,,4180,7.0,7,,,,,,,,
,,,,,4183,3.0,3,,,,,,,,
,,,,,4196,13.0,13,,,,,,,,
,,,,,4202,6.0,6,,,,,,,,
,,,,,4207,5.0,5,,,,,,,,
,,,,,4210,3.0,3,,,,,,,,
,,,,,4218,8.0,8,,,,,,,,
,,,,,4221,3.0,3,,,,,,,,
,,,,,4226,5.0,5,,,,,,,,
,,,,,4237,11.0,11,,,,,,,,
,,,,,4244,7.0,7,,,,,,,,
,,,,,4252,8.0,8,,,,,,,,
,,,,,4261,9.0,9,,,,,,,,
,,,,,4276,15.0,15,,,,,,,,
,,,,,4281,5.0,5,,,,,,,,
,,,,,4287,6.0,6,,,,,,,,
,,,,,4300,13.0,13,,,,,,,,
,,,,,4303,3.0,3,,,,,,,,
,,,,,4306,3.0,3,,,,,,,,
,,,,,4310,4.0,4,,,,,,,,
,,,,,4314,4.0,4,,,,,,,,
,,,,,4318,4.0,4,,,,,,,,
,,,,,4325,7.0,7,,,,,,,,
,,,,,4331,6.0,6,,,,,,,,
,,,,,4335,4.0,4,,,,,,,,
,,,,,4342,7.0,7,,,,,,,,
,,,,,4346,4.0,4,,,,,,,,
,,,,,4350,4.0,4,,,,,,,,
,,,,,4354,4.0,4,,,,,,,,
,,,,,4357,3.0,3,,,,,,,,
,,,,,4360,3.0,3,,,,,,,,
,,,,,4364,4.0,4,,,,,,,,
,,,,,4368,4.0,4,,,,,,,,
,,,,,4372,4.0,4,,,,,,,,
,,,,,4381,9.0,9,,,,,,,,
,,,,,4388,7.0,7,,,,,,,,
,,,,,4392,4.0,4,,,,,,,,
,,,,,4400,8.0,8,,,,,,,,
,,,,,4404,4.0,4,,,,,,,,
,,,,,4409,5.0,5,,,,,,,,
,,,,,4413,4.0,4,,,,,,,,
,,,,,4423,10.0,10,,,,,,,,
,,,,,4430,7.0,7,,,,,,,,
,,,,,4434,4.0,4,,,,,,,,
,,,,,4439,5.0,5,,,,,,,,
,,,,,4444,5.0,5,,,,,,,,
,,,,,4448,4.0,4,,,,,,,,
,,,,,4454,6.0,6,,,,,,,,
,,,,,4460,6.0,6,,,,,,,,
,,,,,4465,5.0,5,,,,,,,,
,,,,,4469,4.0,4,,,,,,,,
,,,,,4474,5.0,5,,,,,,,,
,,,,,4484,10.0,10,,,,,,,,
,,,,,4490,6.0,6,,,,,,,,
,,,,,4496,6.0,6,,,,,,,,
,,,,,4501,5.0,5,,,,,,,,
,,,,,4509,8.0,8,,,,,,,,
,,,,,4513,4.0,4,,,,,,,,
,,,,,4521,8.0,8,,,,,,,,
,,,,,4527,6.0,6,,,,,,,,
,,,,,4535,8.0,8,,,,,,,,
,,,,,4538,3.0,3,,,,,,,,
,,,,,4542,4.0,4,,,,,,,,
,,,,,4547,5.0,5,,,,,,,,
,,,,,4556,9.0,9,,,,,,,,
,,,,,4560,4.0,4,,,,,,,,
,,,,,4567,7.0,7,,,,,,,,
,,,,,4573,6.0,6,,,,,,,,
,,,,,4577,4.0,4,,,,,,,,
,,,,,4581,4.0,4,,,,,,,,
,,,,,4584,3.0,3,,,,,,,,
,,,,,4591,7.0,7,,,,,,,,
,,,,,4598,7.0,7,,,,,,,,
,,,,,4601,3.0,3,,,,,,,,
,,,,,4605,4.0,4,,,,,,,,
,,,,,4609,4.0,4,,,,,,,,
,,,,,4613,4.0,4,,,,,,,,
,,,,,4623,10.0,10,,,,,,,,
,,,,,4644,21.0,21,,,,,,,,
,,,,,4651,7.0,7,,,,,,,,
,,,,,4661,10.0,10,,,,,,,,
,,,,,4664,3.0,3,,,,,,,,
,,,,,4673,9.0,9,,,,,,,,
,,,,,4678,5.0,5,,,,,,,,
,,,,,4682,4.0,4,,,,,,,,
,,,,,4687,5.0,5,,,,,,,,
,,,,,4690,3.0,3,,,,,,,,
,,,,,4694,4.0,4,,,,,,,,
,,,,,4698,4.0,4,,,,,,,,
,,,,,4707,9.0,9,,,,,,,,
,,,,,4712,5.0,5,,,,,,,,
,,,,,4723,11.0,11,,,,,,,,
,,,,,4727,4.0,4,,,,,,,,
,,,,,4732,5.0,5,,,,,,,,
,,,,,4740,8.0,8,,,,,,,,
,,,,,4747,7.0,7,,,,,,,,
,,,,,4754,7.0,7,,,,,,,,
,,,,,4758,4.0,4,,,,,,,,
,,,,,4780,22.0,22,,,,,,,,
,,,,,4783,3.0,3,,,,,,,,
,,,,,4792,9.0,9,,,,,,,,
,,,,,4799,7.0,7,,,,,,,,
,,,,,4809,10.0,10,,,,,,,,
,,,,,4814,5.0,5,,,,,,,,
,,,,,4821,7.0,7,,,,,,,,
,,,,,4829,8.0,8,,,,,,,,
,,,,,4847,18.0,18,,,,,,,,
,,,,,4851,4.0,4,,,,,,,,
,,,,,4863,12.0,12,,,,,,,,
,,,,,4867,4.0,4,,,,,,,,
,,,,,4880,13.0,13,,,,,,,,
,,,,,4886,6.0,6,,,,,,,,
,,,,,4893,7.0,7,,,,,,,,
,,,,,4898,5.0,5,,,,,,,,
,,,,,4907,9.0,9,,,,,,,,
,,,,,4911,4.0,4,,,,,,,,
,,,,,4918,7.0,7,,,,,,,,
,,,,,4924,6.0,6,,,,,,,,
,,,,,4927,3.0,3,,,,,,,,
,,,,,4931,4.0,4,,,,,,,,
,,,,,4936,5.0,5,,,,,,,,
,,,,,4939,3.0,3,,,,,,,,
,,,,,4946,7.0,7,,,,,,,,
,,,,,4951,5.0,5,,,,,,,,
,,,,,4954,3.0,3,,,,,,,,
,,,,,4965,11.0,11,,,,,,,,
,,,,,4979,14.0,14,,,,,,,,
,,,,,4989,10.0,10,,,,,,,,
,,,,,4997,8.0,8,,,,,,,,
8.8,6.508456,25.0,4.0,8.8,5000,,,-0.0625581368803978,0.6255813837051392,1.0658966302871704,0.06018645316362381,1.0909767150878906,0.0003,0.0003,0.1
,,,,,5002,5.0,5,,,,,,,,
,,,,,5005,3.0,3,,,,,,,,
,,,,,5018,13.0,13,,,,,,,,
,,,,,5021,3.0,3,,,,,,,,
,,,,,5025,4.0,4,,,,,,,,
,,,,,5035,10.0,10,,,,,,,,
,,,,,5039,4.0,4,,,,,,,,
,,,,,5042,3.0,3,,,,,,,,
,,,,,5052,10.0,10,,,,,,,,
,,,,,5059,7.0,7,,,,,,,,
,,,,,5062,3.0,3,,,,,,,,
,,,,,5067,5.0,5,,,,,,,,
,,,,,5072,5.0,5,,,,,,,,
,,,,,5077,5.0,5,,,,,,,,
,,,,,5081,4.0,4,,,,,,,,
,,,,,5087,6.0,6,,,,,,,,
,,,,,5091,4.0,4,,,,,,,,
,,,,,5095,4.0,4,,,,,,,,
,,,,,5098,3.0,3,,,,,,,,
,,,,,5103,5.0,5,,,,,,,,
,,,,,5109,6.0,6,,,,,,,,
,,,,,5112,3.0,3,,,,,,,,
,,,,,5117,5.0,5,,,,,,,,
,,,,,5122,5.0,5,,,,,,,,
,,,,,5127,5.0,5,,,,,,,,
,,,,,5132,5.0,5,,,,,,,,
,,,,,5137,5.0,5,,,,,,,,
,,,,,5155,18.0,18,,,,,,,,
,,,,,5158,3.0,3,,,,,,,,
,,,,,5169,11.0,11,,,,,,,,
,,,,,5172,3.0,3,,,,,,,,
,,,,,5175,3.0,3,,,,,,,,
,,,,,5182,7.0,7,,,,,,,,
,,,,,5188,6.0,6,,,,,,,,
,,,,,5198,10.0,10,,,,,,,,
,,,,,5202,4.0,4,,,,,,,,
,,,,,5215,13.0,13,,,,,,,,
,,,,,5220,5.0,5,,,,,,,,
,,,,,5225,5.0,5,,,,,,,,
,,,,,5229,4.0,4,,,,,,,,
,,,,,5232,3.0,3,,,,,,,,
,,,,,5235,3.0,3,,,,,,,,
,,,,,5239,4.0,4,,,,,,,,
,,,,,5242,3.0,3,,,,,,,,
,,,,,5246,4.0,4,,,,,,,,
,,,,,5253,7.0,7,,,,,,,,
,,,,,5259,6.0,6,,,,,,,,
,,,,,5262,3.0,3,,,,,,,,
,,,,,5266,4.0,4,,,,,,,,
,,,,,5271,5.0,5,,,,,,,,
,,,,,5278,7.0,7,,,,,,,,
,,,,,5283,5.0,5,,,,,,,,
,,,,,5286,3.0,3,,,,,,,,
,,,,,5292,6.0,6,,,,,,,,
,,,,,5298,6.0,6,,,,,,,,
,,,,,5307,9.0,9,,,,,,,,
,,,,,5310,3.0,3,,,,,,,,
,,,,,5322,12.0,12,,,,,,,,
,,,,,5330,8.0,8,,,,,,,,
,,,,,5334,4.0,4,,,,,,,,
,,,,,5338,4.0,4,,,,,,,,
,,,,,5342,4.0,4,,,,,,,,
,,,,,5348,6.0,6,,,,,,,,
,,,,,5352,4.0,4,,,,,,,,
,,,,,5355,3.0,3,,,,,,,,
,,,,,5361,6.0,6,,,,,,,,
,,,,,5364,3.0,3,,,,,,,,
,,,,,5371,7.0,7,,,,,,,,
,,,,,5375,4.0,4,,,,,,,,
,,,,,5383,8.0,8,,,,,,,,
,,,,,5388,5.0,5,,,,,,,,
,,,,,5392,4.0,4,,,,,,,,
,,,,,5397,5.0,5,,,,,,,,
,,,,,5410,13.0,13,,,,,,,,
,,,,,5419,9.0,9,,,,,,,,
,,,,,5425,6.0,6,,,,,,,,
,,,,,5430,5.0,5,,,,,,,,
,,,,,5444,14.0,14,,,,,,,,
,,,,,5450,6.0,6,,,,,,,,
,,,,,5459,9.0,9,,,,,,,,
,,,,,5468,9.0,9,,,,,,,,
,,,,,5477,9.0,9,,,,,,,,
,,,,,5485,8.0,8,,,,,,,,
,,,,,5489,4.0,4,,,,,,,,
,,,,,5492,3.0,3,,,,,,,,
,,,,,5501,9.0,9,,,,,,,,
,,,,,5509,8.0,8,,,,,,,,
,,,,,5516,7.0,7,,,,,,,,
,,,,,5524,8.0,8,,,,,,,,
,,,,,5535,11.0,11,,,,,,,,
,,,,,5539,4.0,4,,,,,,,,
,,,,,5543,4.0,4,,,,,,,,
,,,,,5548,5.0,5,,,,,,,,
,,,,,5554,6.0,6,,,,,,,,
,,,,,5557,3.0,3,,,,,,,,
,,,,,5560,3.0,3,,,,,,,,
,,,,,5563,3.0,3,,,,,,,,
,,,,,5566,3.0,3,,,,,,,,
,,,,,5572,6.0,6,,,,,,,,
,,,,,5582,10.0,10,,,,,,,,
,,,,,5587,5.0,5,,,,,,,,
,,,,,5591,4.0,4,,,,,,,,
,,,,,5597,6.0,6,,,,,,,,
,,,,,5608,11.0,11,,,,,,,,
,,,,,5615,7.0,7,,,,,,,,
,,,,,5625,10.0,10,,,,,,,,
,,,,,5630,5.0,5,,,,,,,,
,,,,,5636,6.0,6,,,,,,,,
,,,,,5639,3.0,3,,,,,,,,
,,,,,5647,8.0,8,,,,,,,,
,,,,,5650,3.0,3,,,,,,,,
,,,,,5657,7.0,7,,,,,,,,
,,,,,5661,4.0,4,,,,,,,,
,,,,,5664,3.0,3,,,,,,,,
,,,,,5673,9.0,9,,,,,,,,
,,,,,5678,5.0,5,,,,,,,,
,,,,,5685,7.0,7,,,,,,,,
,,,,,5690,5.0,5,,,,,,,,
,,,,,5695,5.0,5,,,,,,,,
,,,,,5704,9.0,9,,,,,,,,
,,,,,5709,5.0,5,,,,,,,,
,,,,,5721,12.0,12,,,,,,,,
,,,,,5726,5.0,5,,,,,,,,
,,,,,5732,6.0,6,,,,,,,,
,,,,,5736,4.0,4,,,,,,,,
,,,,,5741,5.0,5,,,,,,,,
,,,,,5750,9.0,9,,,,,,,,
,,,,,5759,9.0,9,,,,,,,,
,,,,,5765,6.0,6,,,,,,,,
,,,,,5768,3.0,3,,,,,,,,
,,,,,5771,3.0,3,,,,,,,,
,,,,,5780,9.0,9,,,,,,,,
,,,,,5787,7.0,7,,,,,,,,
,,,,,5790,3.0,3,,,,,,,,
,,,,,5795,5.0,5,,,,,,,,
,,,,,5800,5.0,5,,,,,,,,
,,,,,5807,7.0,7,,,,,,,,
,,,,,5811,4.0,4,,,,,,,,
,,,,,5814,3.0,3,,,,,,,,
,,,,,5820,6.0,6,,,,,,,,
,,,,,5831,11.0,11,,,,,,,,
,,,,,5834,3.0,3,,,,,,,,
,,,,,5837,3.0,3,,,,,,,,
,,,,,5845,8.0,8,,,,,,,,
,,,,,5853,8.0,8,,,,,,,,
,,,,,5858,5.0,5,,,,,,,,
,,,,,5861,3.0,3,,,,,,,,
,,,,,5868,7.0,7,,,,,,,,
,,,,,5879,11.0,11,,,,,,,,
,,,,,5882,3.0,3,,,,,,,,
,,,,,5891,9.0,9,,,,,,,,
,,,,,5895,4.0,4,,,,,,,,
,,,,,5908,13.0,13,,,,,,,,
,,,,,5911,3.0,3,,,,,,,,
,,,,,5916,5.0,5,,,,,,,,
,,,,,5919,3.0,3,,,,,,,,
,,,,,5925,6.0,6,,,,,,,,
,,,,,5931,6.0,6,,,,,,,,
,,,,,5941,10.0,10,,,,,,,,
,,,,,5950,9.0,9,,,,,,,,
,,,,,5964,14.0,14,,,,,,,,
,,,,,5970,6.0,6,,,,,,,,
,,,,,5974,4.0,4,,,,,,,,
,,,,,5978,4.0,4,,,,,,,,
,,,,,5985,7.0,7,,,,,,,,
,,,,,5995,10.0,10,,,,,,,,
,,,,,6000,5.0,5,,,,,,,,
,,,,,6000,,,-0.06785470992326736,0.6785470843315125,0.6216673851013184,3.583667755126953,3.6689858436584473,0.0003,0.0003,0.1
,,,,,6004,4.0,4,,,,,,,,
,,,,,6010,6.0,6,,,,,,,,
,,,,,6018,8.0,8,,,,,,,,
,,,,,6021,3.0,3,,,,,,,,
,,,,,6025,4.0,4,,,,,,,,
,,,,,6029,4.0,4,,,,,,,,
,,,,,6032,3.0,3,,,,,,,,
,,,,,6041,9.0,9,,,,,,,,
,,,,,6047,6.0,6,,,,,,,,
,,,,,6050,3.0,3,,,,,,,,
,,,,,6055,5.0,5,,,,,,,,
,,,,,6061,6.0,6,,,,,,,,
,,,,,6064,3.0,3,,,,,,,,
,,,,,6076,12.0,12,,,,,,,,
,,,,,6079,3.0,3,,,,,,,,
,,,,,6083,4.0,4,,,,,,,,
,,,,,6090,7.0,7,,,,,,,,
,,,,,6096,6.0,6,,,,,,,,
,,,,,6102,6.0,6,,,,,,,,
,,,,,6107,5.0,5,,,,,,,,
,,,,,6111,4.0,4,,,,,,,,
,,,,,6118,7.0,7,,,,,,,,
,,,,,6121,3.0,3,,,,,,,,
,,,,,6132,11.0,11,,,,,,,,
,,,,,6139,7.0,7,,,,,,,,
,,,,,6149,10.0,10,,,,,,,,
,,,,,6152,3.0,3,,,,,,,,
,,,,,6157,5.0,5,,,,,,,,
,,,,,6160,3.0,3,,,,,,,,
,,,,,6173,13.0,13,,,,,,,,
,,,,,6176,3.0,3,,,,,,,,
,,,,,6182,6.0,6,,,,,,,,
,,,,,6186,4.0,4,,,,,,,,
,,,,,6192,6.0,6,,,,,,,,
,,,,,6200,8.0,8,,,,,,,,
,,,,,6210,10.0,10,,,,,,,,
,,,,,6214,4.0,4,,,,,,,,
,,,,,6217,3.0,3,,,,,,,,
,,,,,6222,5.0,5,,,,,,,,
,,,,,6232,10.0,10,,,,,,,,
,,,,,6241,9.0,9,,,,,,,,
,,,,,6244,3.0,3,,,,,,,,
,,,,,6248,4.0,4,,,,,,,,
,,,,,6253,5.0,5,,,,,,,,
,,,,,6265,12.0,12,,,,,,,,
,,,,,6269,4.0,4,,,,,,,,
,,,,,6280,11.0,11,,,,,,,,
,,,,,6285,5.0,5,,,,,,,,
,,,,,6288,3.0,3,,,,,,,,
,,,,,6293,5.0,5,,,,,,,,
,,,,,6303,10.0,10,,,,,,,,
,,,,,6308,5.0,5,,,,,,,,
,,,,,6312,4.0,4,,,,,,,,
,,,,,6319,7.0,7,,,,,,,,
,,,,,6329,10.0,10,,,,,,,,
,,,,,6335,6.0,6,,,,,,,,
,,,,,6339,4.0,4,,,,,,,,
,,,,,6348,9.0,9,,,,,,,,
,,,,,6359,11.0,11,,,,,,,,
,,,,,6363,4.0,4,,,,,,,,
,,,,,6366,3.0,3,,,,,,,,
,,,,,6371,5.0,5,,,,,,,,
,,,,,6376,5.0,5,,,,,,,,
,,,,,6383,7.0,7,,,,,,,,
,,,,,6390,7.0,7,,,,,,,,
,,,,,6393,3.0,3,,,,,,,,
,,,,,6399,6.0,6,,,,,,,,
,,,,,6405,6.0,6,,,,,,,,
,,,,,6416,11.0,11,,,,,,,,
,,,,,6419,3.0,3,,,,,,,,
,,,,,6422,3.0,3,,,,,,,,
,,,,,6428,6.0,6,,,,,,,,
,,,,,6435,7.0,7,,,,,,,,
,,,,,6441,6.0,6,,,,,,,,
,,,,,6446,5.0,5,,,,,,,,
,,,,,6458,12.0,12,,,,,,,,
,,,,,6467,9.0,9,,,,,,,,
,,,,,6470,3.0,3,,,,,,,,
,,,,,6478,8.0,8,,,,,,,,
,,,,,6485,7.0,7,,,,,,,,
,,,,,6489,4.0,4,,,,,,,,
,,,,,6493,4.0,4,,,,,,,,
,,,,,6497,4.0,4,,,,,,,,
,,,,,6501,4.0,4,,,,,,,,
,,,,,6507,6.0,6,,,,,,,,
,,,,,6511,4.0,4,,,,,,,,
,,,,,6518,7.0,7,,,,,,,,
,,,,,6523,5.0,5,,,,,,,,
,,,,,6528,5.0,5,,,,,,,,
,,,,,6532,4.0,4,,,,,,,,
,,,,,6535,3.0,3,,,,,,,,
,,,,,6538,3.0,3,,,,,,,,
,,,,,6543,5.0,5,,,,,,,,
,,,,,6549,6.0,6,,,,,,,,
,,,,,6552,3.0,3,,,,,,,,
,,,,,6563,11.0,11,,,,,,,,
,,,,,6571,8.0,8,,,,,,,,
,,,,,6578,7.0,7,,,,,,,,
,,,,,6585,7.0,7,,,,,,,,
,,,,,6597,12.0,12,,,,,,,,
,,,,,6600,3.0,3,,,,,,,,
,,,,,6604,4.0,4,,,,,,,,
,,,,,6609,5.0,5,,,,,,,,
,,,,,6617,8.0,8,,,,,,,,
,,,,,6621,4.0,4,,,,,,,,
,,,,,6624,3.0,3,,,,,,,,
,,,,,6638,14.0,14,,,,,,,,
,,,,,6643,5.0,5,,,,,,,,
,,,,,6647,4.0,4,,,,,,,,
,,,,,6652,5.0,5,,,,,,,,
,,,,,6657,5.0,5,,,,,,,,
,,,,,6660,3.0,3,,,,,,,,
,,,,,6664,4.0,4,,,,,,,,
,,,,,6668,4.0,4,,,,,,,,
,,,,,6672,4.0,4,,,,,,,,
,,,,,6675,3.0,3,,,,,,,,
,,,,,6680,5.0,5,,,,,,,,
,,,,,6684,4.0,4,,,,,,,,
,,,,,6690,6.0,6,,,,,,,,
,,,,,6695,5.0,5,,,,,,,,
,,,,,6699,4.0,4,,,,,,,,
,,,,,6716,17.0,17,,,,,,,,
,,,,,6730,14.0,14,,,,,,,,
,,,,,6733,3.0,3,,,,,,,,
,,,,,6737,4.0,4,,,,,,,,
,,,,,6740,3.0,3,,,,,,,,
,,,,,6750,10.0,10,,,,,,,,
,,,,,6759,9.0,9,,,,,,,,
,,,,,6773,14.0,14,,,,,,,,
,,,,,6776,3.0,3,,,,,,,,
,,,,,6779,3.0,3,,,,,,,,
,,,,,6786,7.0,7,,,,,,,,
,,,,,6795,9.0,9,,,,,,,,
,,,,,6803,8.0,8,,,,,,,,
,,,,,6808,5.0,5,,,,,,,,
,,,,,6811,3.0,3,,,,,,,,
,,,,,6814,3.0,3,,,,,,,,
,,,,,6818,4.0,4,,,,,,,,
,,,,,6823,5.0,5,,,,,,,,
,,,,,6826,3.0,3,,,,,,,,
,,,,,6829,3.0,3,,,,,,,,
,,,,,6835,6.0,6,,,,,,,,
,,,,,6840,5.0,5,,,,,,,,
,,,,,6843,3.0,3,,,,,,,,
,,,,,6847,4.0,4,,,,,,,,
,,,,,6850,3.0,3,,,,,,,,
,,,,,6857,7.0,7,,,,,,,,
,,,,,6869,12.0,12,,,,,,,,
,,,,,6882,13.0,13,,,,,,,,
,,,,,6885,3.0,3,,,,,,,,
,,,,,6890,5.0,5,,,,,,,,
,,,,,6893,3.0,3,,,,,,,,
,,,,,6899,6.0,6,,,,,,,,
,,,,,6903,4.0,4,,,,,,,,
,,,,,6916,13.0,13,,,,,,,,
,,,,,6931,15.0,15,,,,,,,,
,,,,,6946,15.0,15,,,,,,,,
,,,,,6950,4.0,4,,,,,,,,
,,,,,6963,13.0,13,,,,,,,,
,,,,,6966,3.0,3,,,,,,,,
,,,,,6970,4.0,4,,,,,,,,
,,,,,6981,11.0,11,,,,,,,,
,,,,,6986,5.0,5,,,,,,,,
,,,,,6991,5.0,5,,,,,,,,
,,,,,6995,4.0,4,,,,,,,,
,,,,,7000,5.0,5,,,,,,,,
,,,,,7000,,,-0.06910926848649979,0.6910926699638367,1.3279273509979248,4.681160926818848,4.785142421722412,0.0003,0.0003,0.1
,,,,,7004,4.0,4,,,,,,,,
,,,,,7010,6.0,6,,,,,,,,
,,,,,7015,5.0,5,,,,,,,,
,,,,,7019,4.0,4,,,,,,,,
,,,,,7024,5.0,5,,,,,,,,
,,,,,7029,5.0,5,,,,,,,,
,,,,,7032,3.0,3,,,,,,,,
,,,,,7039,7.0,7,,,,,,,,
,,,,,7042,3.0,3,,,,,,,,
,,,,,7046,4.0,4,,,,,,,,
,,,,,7049,3.0,3,,,,,,,,
,,,,,7061,12.0,12,,,,,,,,
,,,,,7065,4.0,4,,,,,,,,
,,,,,7071,6.0,6,,,,,,,,
,,,,,7075,4.0,4,,,,,,,,
,,,,,7088,13.0,13,,,,,,,,
,,,,,7093,5.0,5,,,,,,,,
,,,,,7099,6.0,6,,,,,,,,
,,,,,7103,4.0,4,,,,,,,,
,,,,,7120,17.0,17,,,,,,,,
,,,,,7123,3.0,3,,,,,,,,
,,,,,7128,5.0,5,,,,,,,,
,,,,,7132,4.0,4,,,,,,,,
,,,,,7145,13.0,13,,,,,,,,
,,,,,7148,3.0,3,,,,,,,,
,,,,,7152,4.0,4,,,,,,,,
,,,,,7164,12.0,12,,,,,,,,
,,,,,7167,3.0,3,,,,,,,,
,,,,,7174,7.0,7,,,,,,,,
,,,,,7182,8.0,8,,,,,,,,
,,,,,7187,5.0,5,,,,,,,,
,,,,,7191,4.0,4,,,,,,,,
,,,,,7195,4.0,4,,,,,,,,
,,,,,7204,9.0,9,,,,,,,,
,,,,,7207,3.0,3,,,,,,,,
,,,,,7212,5.0,5,,,,,,,,
,,,,,7216,4.0,4,,,,,,,,
,,,,,7221,5.0,5,,,,,,,,
,,,,,7232,11.0,11,,,,,,,,
,,,,,7237,5.0,5,,,,,,,,
,,,,,7243,6.0,6,,,,,,,,
,,,,,7246,3.0,3,,,,,,,,
,,,,,7252,6.0,6,,,,,,,,
,,,,,7256,4.0,4,,,,,,,,
,,,,,7259,3.0,3,,,,,,,,
,,,,,7268,9.0,9,,,,,,,,
,,,,,7271,3.0,3,,,,,,,,
,,,,,7277,6.0,6,,,,,,,,
,,,,,7284,7.0,7,,,,,,,,
,,,,,7287,3.0,3,,,,,,,,
,,,,,7294,7.0,7,,,,,,,,
,,,,,7301,7.0,7,,,,,,,,
,,,,,7315,14.0,14,,,,,,,,
,,,,,7326,11.0,11,,,,,,,,
,,,,,7329,3.0,3,,,,,,,,
,,,,,7332,3.0,3,,,,,,,,
,,,,,7342,10.0,10,,,,,,,,
,,,,,7345,3.0,3,,,,,,,,
,,,,,7352,7.0,7,,,,,,,,
,,,,,7361,9.0,9,,,,,,,,
,,,,,7364,3.0,3,,,,,,,,
,,,,,7367,3.0,3,,,,,,,,
,,,,,7376,9.0,9,,,,,,,,
,,,,,7383,7.0,7,,,,,,,,
,,,,,7391,8.0,8,,,,,,,,
,,,,,7399,8.0,8,,,,,,,,
,,,,,7403,4.0,4,,,,,,,,
,,,,,7406,3.0,3,,,,,,,,
,,,,,7414,8.0,8,,,,,,,,
,,,,,7419,5.0,5,,,,,,,,
,,,,,7425,6.0,6,,,,,,,,
,,,,,7436,11.0,11,,,,,,,,
,,,,,7443,7.0,7,,,,,,,,
,,,,,7448,5.0,5,,,,,,,,
,,,,,7458,10.0,10,,,,,,,,
,,,,,7463,5.0,5,,,,,,,,
,,,,,7474,11.0,11,,,,,,,,
,,,,,7479,5.0,5,,,,,,,,
,,,,,7488,9.0,9,,,,,,,,
,,,,,7496,8.0,8,,,,,,,,
,,,,,7501,5.0,5,,,,,,,,
,,,,,7505,4.0,4,,,,,,,,
,,,,,7509,4.0,4,,,,,,,,
,,,,,7513,4.0,4,,,,,,,,
,,,,,7518,5.0,5,,,,,,,,
,,,,,7526,8.0,8,,,,,,,,
,,,,,7529,3.0,3,,,,,,,,
,,,,,7534,5.0,5,,,,,,,,
,,,,,7550,16.0,16,,,,,,,,
,,,,,7556,6.0,6,,,,,,,,
,,,,,7561,5.0,5,,,,,,,,
,,,,,7565,4.0,4,,,,,,,,
,,,,,7575,10.0,10,,,,,,,,
,,,,,7581,6.0,6,,,,,,,,
,,,,,7586,5.0,5,,,,,,,,
,,,,,7589,3.0,3,,,,,,,,
,,,,,7593,4.0,4,,,,,,,,
,,,,,7599,6.0,6,,,,,,,,
,,,,,7604,5.0,5,,,,,,,,
,,,,,7612,8.0,8,,,,,,,,
,,,,,7616,4.0,4,,,,,,,,
,,,,,7619,3.0,3,,,,,,,,
,,,,,7622,3.0,3,,,,,,,,
,,,,,7634,12.0,12,,,,,,,,
,,,,,7644,10.0,10,,,,,,,,
,,,,,7653,9.0,9,,,,,,,,
,,,,,7659,6.0,6,,,,,,,,
,,,,,7670,11.0,11,,,,,,,,
,,,,,7674,4.0,4,,,,,,,,
,,,,,7678,4.0,4,,,,,,,,
,,,,,7685,7.0,7,,,,,,,,
,,,,,7690,5.0,5,,,,,,,,
,,,,,7700,10.0,10,,,,,,,,
,,,,,7704,4.0,4,,,,,,,,
,,,,,7711,7.0,7,,,,,,,,
,,,,,7719,8.0,8,,,,,,,,
,,,,,7724,5.0,5,,,,,,,,
,,,,,7727,3.0,3,,,,,,,,
,,,,,7737,10.0,10,,,,,,,,
,,,,,7740,3.0,3,,,,,,,,
,,,,,7743,3.0,3,,,,,,,,
,,,,,7752,9.0,9,,,,,,,,
,,,,,7757,5.0,5,,,,,,,,
,,,,,7763,6.0,6,,,,,,,,
,,,,,7767,4.0,4,,,,,,,,
,,,,,7770,3.0,3,,,,,,,,
,,,,,7778,8.0,8,,,,,,,,
,,,,,7781,3.0,3,,,,,,,,
,,,,,7785,4.0,4,,,,,,,,
,,,,,7791,6.0,6,,,,,,,,
,,,,,7798,7.0,7,,,,,,,,
,,,,,7801,3.0,3,,,,,,,,
,,,,,7804,3.0,3,,,,,,,,
,,,,,7810,6.0,6,,,,,,,,
,,,,,7815,5.0,5,,,,,,,,
,,,,,7819,4.0,4,,,,,,,,
,,,,,7822,3.0,3,,,,,,,,
,,,,,7830,8.0,8,,,,,,,,
,,,,,7833,3.0,3,,,,,,,,
,,,,,7846,13.0,13,,,,,,,,
,,,,,7851,5.0,5,,,,,,,,
,,,,,7855,4.0,4,,,,,,,,
,,,,,7863,8.0,8,,,,,,,,
,,,,,7869,6.0,6,,,,,,,,
,,,,,7873,4.0,4,,,,,,,,
,,,,,7877,4.0,4,,,,,,,,
,,,,,7880,3.0,3,,,,,,,,
,,,,,7884,4.0,4,,,,,,,,
,,,,,7889,5.0,5,,,,,,,,
,,,,,7895,6.0,6,,,,,,,,
,,,,,7899,4.0,4,,,,,,,,
,,,,,7902,3.0,3,,,,,,,,
,,,,,7910,8.0,8,,,,,,,,
,,,,,7928,18.0,18,,,,,,,,
,,,,,7940,12.0,12,,,,,,,,
,,,,,7944,4.0,4,,,,,,,,
,,,,,7947,3.0,3,,,,,,,,
,,,,,7962,15.0,15,,,,,,,,
,,,,,7969,7.0,7,,,,,,,,
,,,,,7977,8.0,8,,,,,,,,
,,,,,7982,5.0,5,,,,,,,,
,,,,,7985,3.0,3,,,,,,,,
,,,,,7988,3.0,3,,,,,,,,
,,,,,7991,3.0,3,,,,,,,,
,,,,,7997,6.0,6,,,,,,,,
,,,,,8000,,,-0.06814038753509521,0.6814038753509521,1.8252962827682495,4.629264831542969,4.600564956665039,0.0003,0.0003,0.1
,,,,,8001,4.0,4,,,,,,,,
,,,,,8009,8.0,8,,,,,,,,
,,,,,8015,6.0,6,,,,,,,,
,,,,,8018,3.0,3,,,,,,,,
,,,,,8022,4.0,4,,,,,,,,
,,,,,8032,10.0,10,,,,,,,,
,,,,,8039,7.0,7,,,,,,,,
,,,,,8042,3.0,3,,,,,,,,
,,,,,8052,10.0,10,,,,,,,,
,,,,,8056,4.0,4,,,,,,,,
,,,,,8059,3.0,3,,,,,,,,
,,,,,8065,6.0,6,,,,,,,,
,,,,,8072,7.0,7,,,,,,,,
,,,,,8075,3.0,3,,,,,,,,
,,,,,8080,5.0,5,,,,,,,,
,,,,,8085,5.0,5,,,,,,,,
,,,,,8090,5.0,5,,,,,,,,
,,,,,8106,16.0,16,,,,,,,,
,,,,,8110,4.0,4,,,,,,,,
,,,,,8123,13.0,13,,,,,,,,
,,,,,8127,4.0,4,,,,,,,,
,,,,,8130,3.0,3,,,,,,,,
,,,,,8134,4.0,4,,,,,,,,
,,,,,8137,3.0,3,,,,,,,,
,,,,,8142,5.0,5,,,,,,,,
,,,,,8148,6.0,6,,,,,,,,
,,,,,8151,3.0,3,,,,,,,,
,,,,,8154,3.0,3,,,,,,,,
,,,,,8159,5.0,5,,,,,,,,
,,,,,8167,8.0,8,,,,,,,,
,,,,,8170,3.0,3,,,,,,,,
,,,,,8174,4.0,4,,,,,,,,
,,,,,8179,5.0,5,,,,,,,,
,,,,,8183,4.0,4,,,,,,,,
,,,,,8193,10.0,10,,,,,,,,
,,,,,8205,12.0,12,,,,,,,,
,,,,,8211,6.0,6,,,,,,,,
,,,,,8214,3.0,3,,,,,,,,
,,,,,8217,3.0,3,,,,,,,,
,,,,,8222,5.0,5,,,,,,,,
,,,,,8225,3.0,3,,,,,,,,
,,,,,8231,6.0,6,,,,,,,,
,,,,,8256,25.0,25,,,,,,,,
,,,,,8259,3.0,3,,,,,,,,
,,,,,8264,5.0,5,,,,,,,,
,,,,,8269,5.0,5,,,,,,,,
,,,,,8277,8.0,8,,,,,,,,
,,,,,8283,6.0,6,,,,,,,,
,,,,,8288,5.0,5,,,,,,,,
,,,,,8293,5.0,5,,,,,,,,
,,,,,8298,5.0,5,,,,,,,,
,,,,,8302,4.0,4,,,,,,,,
,,,,,8314,12.0,12,,,,,,,,
,,,,,8317,3.0,3,,,,,,,,
,,,,,8320,3.0,3,,,,,,,,
,,,,,8325,5.0,5,,,,,,,,
,,,,,8330,5.0,5,,,,,,,,
,,,,,8345,15.0,15,,,,,,,,
,,,,,8349,4.0,4,,,,,,,,
,,,,,8357,8.0,8,,,,,,,,
,,,,,8361,4.0,4,,,,,,,,
,,,,,8364,3.0,3,,,,,,,,
,,,,,8367,3.0,3,,,,,,,,
,,,,,8371,4.0,4,,,,,,,,
,,,,,8377,6.0,6,,,,,,,,
,,,,,8380,3.0,3,,,,,,,,
,,,,,8387,7.0,7,,,,,,,,
,,,,,8390,3.0,3,,,,,,,,
,,,,,8398,8.0,8,,,,,,,,
,,,,,8413,15.0,15,,,,,,,,
,,,,,8416,3.0,3,,,,,,,,
,,,,,8420,4.0,4,,,,,,,,
,,,,,8424,4.0,4,,,,,,,,
,,,,,8433,9.0,9,,,,,,,,
,,,,,8438,5.0,5,,,,,,,,
,,,,,8442,4.0,4,,,,,,,,
,,,,,8448,6.0,6,,,,,,,,
,,,,,8451,3.0,3,,,,,,,,
,,,,,8456,5.0,5,,,,,,,,
,,,,,8460,4.0,4,,,,,,,,
,,,,,8464,4.0,4,,,,,,,,
,,,,,8468,4.0,4,,,,,,,,
,,,,,8481,13.0,13,,,,,,,,
,,,,,8492,11.0,11,,,,,,,,
,,,,,8495,3.0,3,,,,,,,,
,,,,,8499,4.0,4,,,,,,,,
,,,,,8502,3.0,3,,,,,,,,
,,,,,8511,9.0,9,,,,,,,,
,,,,,8514,3.0,3,,,,,,,,
,,,,,8522,8.0,8,,,,,,,,
,,,,,8528,6.0,6,,,,,,,,
,,,,,8534,6.0,6,,,,,,,,
,,,,,8537,3.0,3,,,,,,,,
,,,,,8541,4.0,4,,,,,,,,
,,,,,8547,6.0,6,,,,,,,,
,,,,,8550,3.0,3,,,,,,,,
,,,,,8555,5.0,5,,,,,,,,
,,,,,8561,6.0,6,,,,,,,,
,,,,,8573,12.0,12,,,,,,,,
,,,,,8576,3.0,3,,,,,,,,
,,,,,8584,8.0,8,,,,,,,,
,,,,,8588,4.0,4,,,,,,,,
,,,,,8591,3.0,3,,,,,,,,
,,,,,8598,7.0,7,,,,,,,,
,,,,,8601,3.0,3,,,,,,,,
,,,,,8612,11.0,11,,,,,,,,
,,,,,8615,3.0,3,,,,,,,,
,,,,,8620,5.0,5,,,,,,,,
,,,,,8623,3.0,3,,,,,,,,
,,,,,8632,9.0,9,,,,,,,,
,,,,,8637,5.0,5,,,,,,,,
,,,,,8649,12.0,12,,,,,,,,
,,,,,8652,3.0,3,,,,,,,,
,,,,,8660,8.0,8,,,,,,,,
,,,,,8668,8.0,8,,,,,,,,
,,,,,8672,4.0,4,,,,,,,,
,,,,,8676,4.0,4,,,,,,,,
,,,,,8680,4.0,4,,,,,,,,
,,,,,8683,3.0,3,,,,,,,,
,,,,,8697,14.0,14,,,,,,,,
,,,,,8710,13.0,13,,,,,,,,
,,,,,8715,5.0,5,,,,,,,,
,,,,,8718,3.0,3,,,,,,,,
,,,,,8722,4.0,4,,,,,,,,
,,,,,8726,4.0,4,,,,,,,,
,,,,,8729,3.0,3,,,,,,,,
,,,,,8735,6.0,6,,,,,,,,
,,,,,8738,3.0,3,,,,,,,,
,,,,,8741,3.0,3,,,,,,,,
,,,,,8745,4.0,4,,,,,,,,
,,,,,8749,4.0,4,,,,,,,,
,,,,,8756,7.0,7,,,,,,,,
,,,,,8760,4.0,4,,,,,,,,
,,,,,8763,3.0,3,,,,,,,,
,,,,,8779,16.0,16,,,,,,,,
,,,,,8786,7.0,7,,,,,,,,
,,,,,8792,6.0,6,,,,,,,,
,,,,,8795,3.0,3,,,,,,,,
,,,,,8804,9.0,9,,,,,,,,
,,,,,8807,3.0,3,,,,,,,,
,,,,,8811,4.0,4,,,,,,,,
,,,,,8814,3.0,3,,,,,,,,
,,,,,8821,7.0,7,,,,,,,,
,,,,,8827,6.0,6,,,,,,,,
,,,,,8834,7.0,7,,,,,,,,
,,,,,8851,17.0,17,,,,,,,,
,,,,,8854,3.0,3,,,,,,,,
,,,,,8863,9.0,9,,,,,,,,
,,,,,8871,8.0,8,,,,,,,,
,,,,,8879,8.0,8,,,,,,,,
,,,,,8890,11.0,11,,,,,,,,
,,,,,8895,5.0,5,,,,,,,,
,,,,,8898,3.0,3,,,,,,,,
,,,,,8904,6.0,6,,,,,,,,
,,,,,8909,5.0,5,,,,,,,,
,,,,,8912,3.0,3,,,,,,,,
,,,,,8916,4.0,4,,,,,,,,
,,,,,8921,5.0,5,,,,,,,,
,,,,,8931,10.0,10,,,,,,,,
,,,,,8939,8.0,8,,,,,,,,
,,,,,8943,4.0,4,,,,,,,,
,,,,,8947,4.0,4,,,,,,,,
,,,,,8951,4.0,4,,,,,,,,
,,,,,8955,4.0,4,,,,,,,,
,,,,,8960,5.0,5,,,,,,,,
,,,,,8964,4.0,4,,,,,,,,
,,,,,8968,4.0,4,,,,,,,,
,,,,,8974,6.0,6,,,,,,,,
,,,,,8982,8.0,8,,,,,,,,
,,,,,8990,8.0,8,,,,,,,,
,,,,,8994,4.0,4,,,,,,,,
,,,,,8999,5.0,5,,,,,,,,
,,,,,9000,,,-0.06978034973144531,0.6978034973144531,2.1048552989959717,4.428142547607422,4.475795269012451,0.0003,0.0003,0.1
,,,,,9005,6.0,6,,,,,,,,
,,,,,9011,6.0,6,,,,,,,,
,,,,,9023,12.0,12,,,,,,,,
,,,,,9033,10.0,10,,,,,,,,
,,,,,9050,17.0,17,,,,,,,,
,,,,,9054,4.0,4,,,,,,,,
,,,,,9057,3.0,3,,,,,,,,
,,,,,9066,9.0,9,,,,,,,,
,,,,,9069,3.0,3,,,,,,,,
,,,,,9074,5.0,5,,,,,,,,
,,,,,9080,6.0,6,,,,,,,,
,,,,,9083,3.0,3,,,,,,,,
,,,,,9086,3.0,3,,,,,,,,
,,,,,9094,8.0,8,,,,,,,,
,,,,,9100,6.0,6,,,,,,,,
,,,,,9103,3.0,3,,,,,,,,
,,,,,9114,11.0,11,,,,,,,,
,,,,,9130,16.0,16,,,,,,,,
,,,,,9136,6.0,6,,,,,,,,
,,,,,9139,3.0,3,,,,,,,,
,,,,,9142,3.0,3,,,,,,,,
,,,,,9146,4.0,4,,,,,,,,
,,,,,9165,19.0,19,,,,,,,,
,,,,,9178,13.0,13,,,,,,,,
,,,,,9184,6.0,6,,,,,,,,
,,,,,9187,3.0,3,,,,,,,,
,,,,,9191,4.0,4,,,,,,,,
,,,,,9194,3.0,3,,,,,,,,
,,,,,9197,3.0,3,,,,,,,,
,,,,,9201,4.0,4,,,,,,,,
,,,,,9207,6.0,6,,,,,,,,
,,,,,9213,6.0,6,,,,,,,,
,,,,,9220,7.0,7,,,,,,,,
,,,,,9224,4.0,4,,,,,,,,
,,,,,9232,8.0,8,,,,,,,,
,,,,,9235,3.0,3,,,,,,,,
,,,,,9239,4.0,4,,,,,,,,
,,,,,9243,4.0,4,,,,,,,,
,,,,,9248,5.0,5,,,,,,,,
,,,,,9256,8.0,8,,,,,,,,
,,,,,9260,4.0,4,,,,,,,,
,,,,,9263,3.0,3,,,,,,,,
,,,,,9269,6.0,6,,,,,,,,
,,,,,9274,5.0,5,,,,,,,,
,,,,,9279,5.0,5,,,,,,,,
,,,,,9284,5.0,5,,,,,,,,
,,,,,9289,5.0,5,,,,,,,,
,,,,,9298,9.0,9,,,,,,,,
,,,,,9303,5.0,5,,,,,,,,
,,,,,9308,5.0,5,,,,,,,,
,,,,,9312,4.0,4,,,,,,,,
,,,,,9319,7.0,7,,,,,,,,
,,,,,9325,6.0,6,,,,,,,,
,,,,,9328,3.0,3,,,,,,,,
,,,,,9336,8.0,8,,,,,,,,
,,,,,9340,4.0,4,,,,,,,,
,,,,,9348,8.0,8,,,,,,,,
,,,,,9352,4.0,4,,,,,,,,
,,,,,9356,4.0,4,,,,,,,,
,,,,,9361,5.0,5,,,,,,,,
,,,,,9367,6.0,6,,,,,,,,
,,,,,9389,22.0,22,,,,,,,,
,,,,,9392,3.0,3,,,,,,,,
,,,,,9396,4.0,4,,,,,,,,
,,,,,9399,3.0,3,,,,,,,,
,,,,,9403,4.0,4,,,,,,,,
,,,,,9415,12.0,12,,,,,,,,
,,,,,9419,4.0,4,,,,,,,,
,,,,,9424,5.0,5,,,,,,,,
,,,,,9428,4.0,4,,,,,,,,
,,,,,9434,6.0,6,,,,,,,,
,,,,,9442,8.0,8,,,,,,,,
,,,,,9448,6.0,6,,,,,,,,
,,,,,9452,4.0,4,,,,,,,,
,,,,,9463,11.0,11,,,,,,,,
,,,,,9466,3.0,3,,,,,,,,
,,,,,9473,7.0,7,,,,,,,,
,,,,,9479,6.0,6,,,,,,,,
,,,,,9488,9.0,9,,,,,,,,
,,,,,9493,5.0,5,,,,,,,,
,,,,,9504,11.0,11,,,,,,,,
,,,,,9509,5.0,5,,,,,,,,
,,,,,9517,8.0,8,,,,,,,,
,,,,,9521,4.0,4,,,,,,,,
,,,,,9527,6.0,6,,,,,,,,
,,,,,9532,5.0,5,,,,,,,,
,,,,,9536,4.0,4,,,,,,,,
,,,,,9539,3.0,3,,,,,,,,
,,,,,9543,4.0,4,,,,,,,,
,,,,,9547,4.0,4,,,,,,,,
,,,,,9553,6.0,6,,,,,,,,
,,,,,9563,10.0,10,,,,,,,,
,,,,,9566,3.0,3,,,,,,,,
,,,,,9569,3.0,3,,,,,,,,
,,,,,9573,4.0,4,,,,,,,,
,,,,,9576,3.0,3,,,,,,,,
,,,,,9584,8.0,8,,,,,,,,
,,,,,9591,7.0,7,,,,,,,,
,,,,,9595,4.0,4,,,,,,,,
,,,,,9599,4.0,4,,,,,,,,
,,,,,9602,3.0,3,,,,,,,,
,,,,,9606,4.0,4,,,,,,,,
,,,,,9609,3.0,3,,,,,,,,
,,,,,9614,5.0,5,,,,,,,,
,,,,,9622,8.0,8,,,,,,,,
,,,,,9625,3.0,3,,,,,,,,
,,,,,9637,12.0,12,,,,,,,,
,,,,,9642,5.0,5,,,,,,,,
,,,,,9651,9.0,9,,,,,,,,
,,,,,9656,5.0,5,,,,,,,,
,,,,,9660,4.0,4,,,,,,,,
,,,,,9670,10.0,10,,,,,,,,
,,,,,9673,3.0,3,,,,,,,,
,,,,,9677,4.0,4,,,,,,,,
,,,,,9681,4.0,4,,,,,,,,
,,,,,9686,5.0,5,,,,,,,,
,,,,,9692,6.0,6,,,,,,,,
,,,,,9695,3.0,3,,,,,,,,
,,,,,9699,4.0,4,,,,,,,,
,,,,,9702,3.0,3,,,,,,,,
,,,,,9705,3.0,3,,,,,,,,
,,,,,9715,10.0,10,,,,,,,,
,,,,,9728,13.0,13,,,,,,,,
,,,,,9733,5.0,5,,,,,,,,
,,,,,9736,3.0,3,,,,,,,,
,,,,,9742,6.0,6,,,,,,,,
,,,,,9746,4.0,4,,,,,,,,
,,,,,9749,3.0,3,,,,,,,,
,,,,,9755,6.0,6,,,,,,,,
,,,,,9772,17.0,17,,,,,,,,
,,,,,9781,9.0,9,,,,,,,,
,,,,,9784,3.0,3,,,,,,,,
,,,,,9787,3.0,3,,,,,,,,
,,,,,9795,8.0,8,,,,,,,,
,,,,,9799,4.0,4,,,,,,,,
,,,,,9802,3.0,3,,,,,,,,
,,,,,9806,4.0,4,,,,,,,,
,,,,,9821,15.0,15,,,,,,,,
,,,,,9829,8.0,8,,,,,,,,
,,,,,9834,5.0,5,,,,,,,,
,,,,,9837,3.0,3,,,,,,,,
,,,,,9840,3.0,3,,,,,,,,
,,,,,9846,6.0,6,,,,,,,,
,,,,,9850,4.0,4,,,,,,,,
,,,,,9853,3.0,3,,,,,,,,
,,,,,9857,4.0,4,,,,,,,,
,,,,,9861,4.0,4,,,,,,,,
,,,,,9865,4.0,4,,,,,,,,
,,,,,9868,3.0,3,,,,,,,,
,,,,,9871,3.0,3,,,,,,,,
,,,,,9875,4.0,4,,,,,,,,
,,,,,9882,7.0,7,,,,,,,,
,,,,,9898,16.0,16,,,,,,,,
,,,,,9907,9.0,9,,,,,,,,
,,,,,9910,3.0,3,,,,,,,,
,,,,,9917,7.0,7,,,,,,,,
,,,,,9934,17.0,17,,,,,,,,
,,,,,9942,8.0,8,,,,,,,,
,,,,,9951,9.0,9,,,,,,,,
,,,,,9955,4.0,4,,,,,,,,
,,,,,9966,11.0,11,,,,,,,,
,,,,,9978,12.0,12,,,,,,,,
,,,,,9982,4.0,4,,,,,,,,
,,,,,9989,7.0,7,,,,,,,,
,,,,,9995,6.0,6,,,,,,,,
7.6,4.758151,16.0,3.0,7.6,10000,,,-0.06898864358663559,0.6898863911628723,2.205719232559204,4.730273246765137,4.658977508544922,0.0003,0.0003,0.1
,,,,,10013,18.0,18,,,,,,,,
,,,,,10017,4.0,4,,,,,,,,
,,,,,10023,6.0,6,,,,,,,,
,,,,,10035,12.0,12,,,,,,,,
,,,,,10038,3.0,3,,,,,,,,
,,,,,10047,9.0,9,,,,,,,,
,,,,,10058,11.0,11,,,,,,,,
,,,,,10063,5.0,5,,,,,,,,
,,,,,10071,8.0,8,,,,,,,,
,,,,,10084,13.0,13,,,,,,,,
,,,,,10087,3.0,3,,,,,,,,
,,,,,10092,5.0,5,,,,,,,,
,,,,,10096,4.0,4,,,,,,,,
,,,,,10102,6.0,6,,,,,,,,
,,,,,10108,6.0,6,,,,,,,,
,,,,,10112,4.0,4,,,,,,,,
,,,,,10115,3.0,3,,,,,,,,
,,,,,10122,7.0,7,,,,,,,,
,,,,,10128,6.0,6,,,,,,,,
,,,,,10133,5.0,5,,,,,,,,
,,,,,10136,3.0,3,,,,,,,,
,,,,,10144,8.0,8,,,,,,,,
,,,,,10149,5.0,5,,,,,,,,
,,,,,10155,6.0,6,,,,,,,,
,,,,,10158,3.0,3,,,,,,,,
,,,,,10164,6.0,6,,,,,,,,
,,,,,10170,6.0,6,,,,,,,,
,,,,,10177,7.0,7,,,,,,,,
,,,,,10200,23.0,23,,,,,,,,
,,,,,10206,6.0,6,,,,,,,,
,,,,,10211,5.0,5,,,,,,,,
,,,,,10215,4.0,4,,,,,,,,
,,,,,10220,5.0,5,,,,,,,,
,,,,,10224,4.0,4,,,,,,,,
,,,,,10228,4.0,4,,,,,,,,
,,,,,10235,7.0,7,,,,,,,,
,,,,,10241,6.0,6,,,,,,,,
,,,,,10247,6.0,6,,,,,,,,
,,,,,10251,4.0,4,,,,,,,,
,,,,,10256,5.0,5,,,,,,,,
,,,,,10259,3.0,3,,,,,,,,
,,,,,10265,6.0,6,,,,,,,,
,,,,,10269,4.0,4,,,,,,,,
,,,,,10272,3.0,3,,,,,,,,
,,,,,10281,9.0,9,,,,,,,,
,,,,,10284,3.0,3,,,,,,,,
,,,,,10293,9.0,9,,,,,,,,
,,,,,10301,8.0,8,,,,,,,,
,,,,,10307,6.0,6,,,,,,,,
,,,,,10312,5.0,5,,,,,,,,
,,,,,10320,8.0,8,,,,,,,,
,,,,,10323,3.0,3,,,,,,,,
,,,,,10329,6.0,6,,,,,,,,
,,,,,10333,4.0,4,,,,,,,,
,,,,,10337,4.0,4,,,,,,,,
,,,,,10344,7.0,7,,,,,,,,
,,,,,10347,3.0,3,,,,,,,,
,,,,,10356,9.0,9,,,,,,,,
,,,,,10363,7.0,7,,,,,,,,
,,,,,10371,8.0,8,,,,,,,,
,,,,,10378,7.0,7,,,,,,,,
,,,,,10382,4.0,4,,,,,,,,
,,,,,10386,4.0,4,,,,,,,,
,,,,,10389,3.0,3,,,,,,,,
,,,,,10405,16.0,16,,,,,,,,
,,,,,10408,3.0,3,,,,,,,,
,,,,,10415,7.0,7,,,,,,,,
,,,,,10421,6.0,6,,,,,,,,
,,,,,10424,3.0,3,,,,,,,,
,,,,,10436,12.0,12,,,,,,,,
,,,,,10439,3.0,3,,,,,,,,
,,,,,10442,3.0,3,,,,,,,,
,,,,,10445,3.0,3,,,,,,,,
,,,,,10450,5.0,5,,,,,,,,
,,,,,10455,5.0,5,,,,,,,,
,,,,,10465,10.0,10,,,,,,,,
,,,,,10469,4.0,4,,,,,,,,
,,,,,10472,3.0,3,,,,,,,,
,,,,,10476,4.0,4,,,,,,,,
,,,,,10487,11.0,11,,,,,,,,
,,,,,10494,7.0,7,,,,,,,,
,,,,,10499,5.0,5,,,,,,,,
,,,,,10504,5.0,5,,,,,,,,
,,,,,10511,7.0,7,,,,,,,,
,,,,,10515,4.0,4,,,,,,,,
,,,,,10521,6.0,6,,,,,,,,
,,,,,10525,4.0,4,,,,,,,,
,,,,,10528,3.0,3,,,,,,,,
,,,,,10531,3.0,3,,,,,,,,
,,,,,10534,3.0,3,,,,,,,,
,,,,,10542,8.0,8,,,,,,,,
,,,,,10552,10.0,10,,,,,,,,
,,,,,10557,5.0,5,,,,,,,,
,,,,,10563,6.0,6,,,,,,,,
,,,,,10570,7.0,7,,,,,,,,
,,,,,10573,3.0,3,,,,,,,,
,,,,,10584,11.0,11,,,,,,,,
,,,,,10588,4.0,4,,,,,,,,
,,,,,10593,5.0,5,,,,,,,,
,,,,,10597,4.0,4,,,,,,,,
,,,,,10607,10.0,10,,,,,,,,
,,,,,10611,4.0,4,,,,,,,,
,,,,,10615,4.0,4,,,,,,,,
,,,,,10631,16.0,16,,,,,,,,
,,,,,10637,6.0,6,,,,,,,,
,,,,,10645,8.0,8,,,,,,,,
,,,,,10648,3.0,3,,,,,,,,
,,,,,10653,5.0,5,,,,,,,,
,,,,,10657,4.0,4,,,,,,,,
,,,,,10666,9.0,9,,,,,,,,
,,,,,10673,7.0,7,,,,,,,,
,,,,,10680,7.0,7,,,,,,,,
,,,,,10693,13.0,13,,,,,,,,
,,,,,10696,3.0,3,,,,,,,,
,,,,,10705,9.0,9,,,,,,,,
,,,,,10708,3.0,3,,,,,,,,
,,,,,10713,5.0,5,,,,,,,,
,,,,,10716,3.0,3,,,,,,,,
,,,,,10726,10.0,10,,,,,,,,
,,,,,10730,4.0,4,,,,,,,,
,,,,,10738,8.0,8,,,,,,,,
,,,,,10748,10.0,10,,,,,,,,
,,,,,10751,3.0,3,,,,,,,,
,,,,,10766,15.0,15,,,,,,,,
,,,,,10769,3.0,3,,,,,,,,
,,,,,10772,3.0,3,,,,,,,,
,,,,,10779,7.0,7,,,,,,,,
,,,,,10783,4.0,4,,,,,,,,
,,,,,10788,5.0,5,,,,,,,,
,,,,,10791,3.0,3,,,,,,,,
,,,,,10798,7.0,7,,,,,,,,
,,,,,10804,6.0,6,,,,,,,,
,,,,,10807,3.0,3,,,,,,,,
,,,,,10811,4.0,4,,,,,,,,
,,,,,10821,10.0,10,,,,,,,,
,,,,,10830,9.0,9,,,,,,,,
,,,,,10835,5.0,5,,,,,,,,
,,,,,10839,4.0,4,,,,,,,,
,,,,,10843,4.0,4,,,,,,,,
,,,,,10849,6.0,6,,,,,,,,
,,,,,10854,5.0,5,,,,,,,,
,,,,,10858,4.0,4,,,,,,,,
,,,,,10863,5.0,5,,,,,,,,
,,,,,10870,7.0,7,,,,,,,,
,,,,,10875,5.0,5,,,,,,,,
,,,,,10878,3.0,3,,,,,,,,
,,,,,10882,4.0,4,,,,,,,,
,,,,,10887,5.0,5,,,,,,,,
,,,,,10890,3.0,3,,,,,,,,
,,,,,10901,11.0,11,,,,,,,,
,,,,,10922,21.0,21,,,,,,,,
,,,,,10929,7.0,7,,,,,,,,
,,,,,10937,8.0,8,,,,,,,,
,,,,,10940,3.0,3,,,,,,,,
,,,,,10951,11.0,11,,,,,,,,
,,,,,10956,5.0,5,,,,,,,,
,,,,,10964,8.0,8,,,,,,,,
,,,,,10974,10.0,10,,,,,,,,
,,,,,10978,4.0,4,,,,,,,,
,,,,,10982,4.0,4,,,,,,,,
,,,,,10987,5.0,5,,,,,,,,
,,,,,10991,4.0,4,,,,,,,,
,,,,,10998,7.0,7,,,,,,,,
,,,,,11000,,,-0.06766929477453232,0.6766929626464844,1.5614237785339355,4.615778923034668,4.725571155548096,0.0003,0.0003,0.1
,,,,,11004,6.0,6,,,,,,,,
,,,,,11016,12.0,12,,,,,,,,
,,,,,11029,13.0,13,,,,,,,,
,,,,,11041,12.0,12,,,,,,,,
,,,,,11070,29.0,29,,,,,,,,
,,,,,11078,8.0,8,,,,,,,,
,,,,,11082,4.0,4,,,,,,,,
,,,,,11086,4.0,4,,,,,,,,
,,,,,11089,3.0,3,,,,,,,,
,,,,,11094,5.0,5,,,,,,,,
,,,,,11100,6.0,6,,,,,,,,
,,,,,11106,6.0,6,,,,,,,,
,,,,,11111,5.0,5,,,,,,,,
,,,,,11119,8.0,8,,,,,,,,
,,,,,11122,3.0,3,,,,,,,,
,,,,,11130,8.0,8,,,,,,,,
,,,,,11133,3.0,3,,,,,,,,
,,,,,11138,5.0,5,,,,,,,,
,,,,,11144,6.0,6,,,,,,,,
,,,,,11154,10.0,10,,,,,,,,
,,,,,11171,17.0,17,,,,,,,,
,,,,,11178,7.0,7,,,,,,,,
,,,,,11181,3.0,3,,,,,,,,
,,,,,11190,9.0,9,,,,,,,,
,,,,,11193,3.0,3,,,,,,,,
,,,,,11197,4.0,4,,,,,,,,
,,,,,11202,5.0,5,,,,,,,,
,,,,,11205,3.0,3,,,,,,,,
,,,,,11209,4.0,4,,,,,,,,
,,,,,11212,3.0,3,,,,,,,,
,,,,,11216,4.0,4,,,,,,,,
,,,,,11219,3.0,3,,,,,,,,
,,,,,11222,3.0,3,,,,,,,,
,,,,,11227,5.0,5,,,,,,,,
,,,,,11231,4.0,4,,,,,,,,
,,,,,11235,4.0,4,,,,,,,,
,,,,,11244,9.0,9,,,,,,,,
,,,,,11250,6.0,6,,,,,,,,
,,,,,11254,4.0,4,,,,,,,,
,,,,,11257,3.0,3,,,,,,,,
,,,,,11260,3.0,3,,,,,,,,
,,,,,11270,10.0,10,,,,,,,,
,,,,,11276,6.0,6,,,,,,,,
,,,,,11287,11.0,11,,,,,,,,
,,,,,11292,5.0,5,,,,,,,,
,,,,,11301,9.0,9,,,,,,,,
,,,,,11307,6.0,6,,,,,,,,
,,,,,11314,7.0,7,,,,,,,,
,,,,,11317,3.0,3,,,,,,,,
,,,,,11321,4.0,4,,,,,,,,
,,,,,11333,12.0,12,,,,,,,,
,,,,,11339,6.0,6,,,,,,,,
,,,,,11349,10.0,10,,,,,,,,
,,,,,11352,3.0,3,,,,,,,,
,,,,,11357,5.0,5,,,,,,,,
,,,,,11361,4.0,4,,,,,,,,
,,,,,11369,8.0,8,,,,,,,,
,,,,,11375,6.0,6,,,,,,,,
,,,,,11381,6.0,6,,,,,,,,
,,,,,11385,4.0,4,,,,,,,,
,,,,,11389,4.0,4,,,,,,,,
,,,,,11393,4.0,4,,,,,,,,
,,,,,11398,5.0,5,,,,,,,,
,,,,,11411,13.0,13,,,,,,,,
,,,,,11415,4.0,4,,,,,,,,
,,,,,11418,3.0,3,,,,,,,,
,,,,,11428,10.0,10,,,,,,,,
,,,,,11438,10.0,10,,,,,,,,
,,,,,11442,4.0,4,,,,,,,,
,,,,,11456,14.0,14,,,,,,,,
,,,,,11459,3.0,3,,,,,,,,
,,,,,11465,6.0,6,,,,,,,,
,,,,,11471,6.0,6,,,,,,,,
,,,,,11479,8.0,8,,,,,,,,
,,,,,11482,3.0,3,,,,,,,,
,,,,,11487,5.0,5,,,,,,,,
,,,,,11491,4.0,4,,,,,,,,
,,,,,11494,3.0,3,,,,,,,,
,,,,,11516,22.0,22,,,,,,,,
,,,,,11519,3.0,3,,,,,,,,
,,,,,11529,10.0,10,,,,,,,,
,,,,,11534,5.0,5,,,,,,,,
,,,,,11537,3.0,3,,,,,,,,
,,,,,11541,4.0,4,,,,,,,,
,,,,,11546,5.0,5,,,,,,,,
,,,,,11551,5.0,5,,,,,,,,
,,,,,11554,3.0,3,,,,,,,,
,,,,,11557,3.0,3,,,,,,,,
,,,,,11568,11.0,11,,,,,,,,
,,,,,11572,4.0,4,,,,,,,,
,,,,,11576,4.0,4,,,,,,,,
,,,,,11583,7.0,7,,,,,,,,
,,,,,11589,6.0,6,,,,,,,,
,,,,,11592,3.0,3,,,,,,,,
,,,,,11595,3.0,3,,,,,,,,
,,,,,11601,6.0,6,,,,,,,,
,,,,,11604,3.0,3,,,,,,,,
,,,,,11611,7.0,7,,,,,,,,
,,,,,11615,4.0,4,,,,,,,,
,,,,,11618,3.0,3,,,,,,,,
,,,,,11622,4.0,4,,,,,,,,
,,,,,11633,11.0,11,,,,,,,,
,,,,,11638,5.0,5,,,,,,,,
,,,,,11647,9.0,9,,,,,,,,
,,,,,11651,4.0,4,,,,,,,,
,,,,,11654,3.0,3,,,,,,,,
,,,,,11657,3.0,3,,,,,,,,
,,,,,11660,3.0,3,,,,,,,,
,,,,,11665,5.0,5,,,,,,,,
,,,,,11679,14.0,14,,,,,,,,
,,,,,11686,7.0,7,,,,,,,,
,,,,,11689,3.0,3,,,,,,,,
,,,,,11694,5.0,5,,,,,,,,
,,,,,11709,15.0,15,,,,,,,,
,,,,,11712,3.0,3,,,,,,,,
,,,,,11726,14.0,14,,,,,,,,
,,,,,11730,4.0,4,,,,,,,,
,,,,,11734,4.0,4,,,,,,,,
,,,,,11738,4.0,4,,,,,,,,
,,,,,11745,7.0,7,,,,,,,,
,,,,,11748,3.0,3,,,,,,,,
,,,,,11760,12.0,12,,,,,,,,
,,,,,11764,4.0,4,,,,,,,,
,,,,,11768,4.0,4,,,,,,,,
,,,,,11772,4.0,4,,,,,,,,
,,,,,11777,5.0,5,,,,,,,,
,,,,,11782,5.0,5,,,,,,,,
,,,,,11790,8.0,8,,,,,,,,
,,,,,11793,3.0,3,,,,,,,,
,,,,,11803,10.0,10,,,,,,,,
,,,,,11809,6.0,6,,,,,,,,
,,,,,11812,3.0,3,,,,,,,,
,,,,,11816,4.0,4,,,,,,,,
,,,,,11824,8.0,8,,,,,,,,
,,,,,11827,3.0,3,,,,,,,,
,,,,,11830,3.0,3,,,,,,,,
,,,,,11837,7.0,7,,,,,,,,
,,,,,11845,8.0,8,,,,,,,,
,,,,,11857,12.0,12,,,,,,,,
,,,,,11860,3.0,3,,,,,,,,
,,,,,11871,11.0,11,,,,,,,,
,,,,,11875,4.0,4,,,,,,,,
,,,,,11880,5.0,5,,,,,,,,
,,,,,11884,4.0,4,,,,,,,,
,,,,,11896,12.0,12,,,,,,,,
,,,,,11901,5.0,5,,,,,,,,
,,,,,11906,5.0,5,,,,,,,,
,,,,,11909,3.0,3,,,,,,,,
,,,,,11913,4.0,4,,,,,,,,
,,,,,11917,4.0,4,,,,,,,,
,,,,,11921,4.0,4,,,,,,,,
,,,,,11928,7.0,7,,,,,,,,
,,,,,11939,11.0,11,,,,,,,,
,,,,,11945,6.0,6,,,,,,,,
,,,,,11949,4.0,4,,,,,,,,
,,,,,11952,3.0,3,,,,,,,,
,,,,,11955,3.0,3,,,,,,,,
,,,,,11971,16.0,16,,,,,,,,
,,,,,11976,5.0,5,,,,,,,,
,,,,,11981,5.0,5,,,,,,,,
,,,,,11986,5.0,5,,,,,,,,
,,,,,11989,3.0,3,,,,,,,,
,,,,,11992,3.0,3,,,,,,,,
,,,,,12000,,,-0.06806369125843048,0.6806368827819824,1.8057892322540283,4.915520668029785,4.734732627868652,0.0003,0.0003,0.1
,,,,,12004,12.0,12,,,,,,,,
,,,,,12007,3.0,3,,,,,,,,
,,,,,12029,22.0,22,,,,,,,,
,,,,,12033,4.0,4,,,,,,,,
,,,,,12038,5.0,5,,,,,,,,
,,,,,12042,4.0,4,,,,,,,,
,,,,,12046,4.0,4,,,,,,,,
,,,,,12055,9.0,9,,,,,,,,
,,,,,12063,8.0,8,,,,,,,,
,,,,,12067,4.0,4,,,,,,,,
,,,,,12071,4.0,4,,,,,,,,
,,,,,12074,3.0,3,,,,,,,,
,,,,,12077,3.0,3,,,,,,,,
,,,,,12081,4.0,4,,,,,,,,
,,,,,12085,4.0,4,,,,,,,,
,,,,,12088,3.0,3,,,,,,,,
,,,,,12099,11.0,11,,,,,,,,
,,,,,12105,6.0,6,,,,,,,,
,,,,,12109,4.0,4,,,,,,,,
,,,,,12116,7.0,7,,,,,,,,
,,,,,12125,9.0,9,,,,,,,,
,,,,,12130,5.0,5,,,,,,,,
,,,,,12140,10.0,10,,,,,,,,
,,,,,12156,16.0,16,,,,,,,,
,,,,,12160,4.0,4,,,,,,,,
,,,,,12165,5.0,5,,,,,,,,
,,,,,12169,4.0,4,,,,,,,,
,,,,,12175,6.0,6,,,,,,,,
,,,,,12179,4.0,4,,,,,,,,
,,,,,12189,10.0,10,,,,,,,,
,,,,,12196,7.0,7,,,,,,,,
,,,,,12199,3.0,3,,,,,,,,
,,,,,12205,6.0,6,,,,,,,,
,,,,,12213,8.0,8,,,,,,,,
,,,,,12233,20.0,20,,,,,,,,
,,,,,12236,3.0,3,,,,,,,,
,,,,,12239,3.0,3,,,,,,,,
,,,,,12245,6.0,6,,,,,,,,
,,,,,12248,3.0,3,,,,,,,,
,,,,,12260,12.0,12,,,,,,,,
,,,,,12265,5.0,5,,,,,,,,
,,,,,12268,3.0,3,,,,,,,,
,,,,,12273,5.0,5,,,,,,,,
,,,,,12280,7.0,7,,,,,,,,
,,,,,12287,7.0,7,,,,,,,,
,,,,,12291,4.0,4,,,,,,,,
,,,,,12296,5.0,5,,,,,,,,
,,,,,12300,4.0,4,,,,,,,,
,,,,,12305,5.0,5,,,,,,,,
,,,,,12308,3.0,3,,,,,,,,
,,,,,12313,5.0,5,,,,,,,,
,,,,,12317,4.0,4,,,,,,,,
,,,,,12328,11.0,11,,,,,,,,
,,,,,12345,17.0,17,,,,,,,,
,,,,,12349,4.0,4,,,,,,,,
,,,,,12352,3.0,3,,,,,,,,
,,,,,12355,3.0,3,,,,,,,,
,,,,,12362,7.0,7,,,,,,,,
,,,,,12370,8.0,8,,,,,,,,
,,,,,12378,8.0,8,,,,,,,,
,,,,,12387,9.0,9,,,,,,,,
,,,,,12391,4.0,4,,,,,,,,
,,,,,12395,4.0,4,,,,,,,,
,,,,,12410,15.0,15,,,,,,,,
,,,,,12414,4.0,4,,,,,,,,
,,,,,12425,11.0,11,,,,,,,,
,,,,,12428,3.0,3,,,,,,,,
,,,,,12433,5.0,5,,,,,,,,
,,,,,12437,4.0,4,,,,,,,,
,,,,,12441,4.0,4,,,,,,,,
,,,,,12444,3.0,3,,,,,,,,
,,,,,12449,5.0,5,,,,,,,,
,,,,,12452,3.0,3,,,,,,,,
,,,,,12458,6.0,6,,,,,,,,
,,,,,12466,8.0,8,,,,,,,,
,,,,,12483,17.0,17,,,,,,,,
,,,,,12486,3.0,3,,,,,,,,
,,,,,12490,4.0,4,,,,,,,,
,,,,,12493,3.0,3,,,,,,,,
,,,,,12496,3.0,3,,,,,,,,
,,,,,12501,5.0,5,,,,,,,,
,,,,,12510,9.0,9,,,,,,,,
,,,,,12515,5.0,5,,,,,,,,
,,,,,12522,7.0,7,,,,,,,,
,,,,,12525,3.0,3,,,,,,,,
,,,,,12532,7.0,7,,,,,,,,
,,,,,12535,3.0,3,,,,,,,,
,,,,,12539,4.0,4,,,,,,,,
,,,,,12544,5.0,5,,,,,,,,
,,,,,12548,4.0,4,,,,,,,,
,,,,,12552,4.0,4,,,,,,,,
,,,,,12556,4.0,4,,,,,,,,
,,,,,12569,13.0,13,,,,,,,,
,,,,,12574,5.0,5,,,,,,,,
,,,,,12577,3.0,3,,,,,,,,
,,,,,12581,4.0,4,,,,,,,,
,,,,,12584,3.0,3,,,,,,,,
,,,,,12588,4.0,4,,,,,,,,
,,,,,12591,3.0,3,,,,,,,,
,,,,,12594,3.0,3,,,,,,,,
,,,,,12602,8.0,8,,,,,,,,
,,,,,12608,6.0,6,,,,,,,,
,,,,,12613,5.0,5,,,,,,,,
,,,,,12618,5.0,5,,,,,,,,
,,,,,12621,3.0,3,,,,,,,,
,,,,,12633,12.0,12,,,,,,,,
,,,,,12636,3.0,3,,,,,,,,
,,,,,12640,4.0,4,,,,,,,,
,,,,,12646,6.0,6,,,,,,,,
,,,,,12650,4.0,4,,,,,,,,
,,,,,12659,9.0,9,,,,,,,,
,,,,,12662,3.0,3,,,,,,,,
,,,,,12671,9.0,9,,,,,,,,
,,,,,12674,3.0,3,,,,,,,,
,,,,,12683,9.0,9,,,,,,,,
,,,,,12686,3.0,3,,,,,,,,
,,,,,12694,8.0,8,,,,,,,,
,,,,,12700,6.0,6,,,,,,,,
,,,,,12703,3.0,3,,,,,,,,
,,,,,12712,9.0,9,,,,,,,,
,,,,,12720,8.0,8,,,,,,,,
,,,,,12725,5.0,5,,,,,,,,
,,,,,12736,11.0,11,,,,,,,,
,,,,,12739,3.0,3,,,,,,,,
,,,,,12745,6.0,6,,,,,,,,
,,,,,12757,12.0,12,,,,,,,,
,,,,,12761,4.0,4,,,,,,,,
,,,,,12764,3.0,3,,,,,,,,
,,,,,12775,11.0,11,,,,,,,,
,,,,,12779,4.0,4,,,,,,,,
,,,,,12783,4.0,4,,,,,,,,
,,,,,12788,5.0,5,,,,,,,,
,,,,,12791,3.0,3,,,,,,,,
,,,,,12794,3.0,3,,,,,,,,
,,,,,12798,4.0,4,,,,,,,,
,,,,,12801,3.0,3,,,,,,,,
,,,,,12807,6.0,6,,,,,,,,
,,,,,12812,5.0,5,,,,,,,,
,,,,,12817,5.0,5,,,,,,,,
,,,,,12821,4.0,4,,,,,,,,
,,,,,12824,3.0,3,,,,,,,,
,,,,,12830,6.0,6,,,,,,,,
,,,,,12836,6.0,6,,,,,,,,
,,,,,12840,4.0,4,,,,,,,,
,,,,,12849,9.0,9,,,,,,,,
,,,,,12853,4.0,4,,,,,,,,
,,,,,12857,4.0,4,,,,,,,,
,,,,,12863,6.0,6,,,,,,,,
,,,,,12869,6.0,6,,,,,,,,
,,,,,12875,6.0,6,,,,,,,,
,,,,,12880,5.0,5,,,,,,,,
,,,,,12885,5.0,5,,,,,,,,
,,,,,12895,10.0,10,,,,,,,,
,,,,,12904,9.0,9,,,,,,,,
,,,,,12908,4.0,4,,,,,,,,
,,,,,12925,17.0,17,,,,,,,,
,,,,,12938,13.0,13,,,,,,,,
,,,,,12941,3.0,3,,,,,,,,
,,,,,12944,3.0,3,,,,,,,,
,,,,,12947,3.0,3,,,,,,,,
,,,,,12951,4.0,4,,,,,,,,
,,,,,12963,12.0,12,,,,,,,,
,,,,,12973,10.0,10,,,,,,,,
,,,,,13000,,,-0.06820298731327057,0.6820298433303833,1.8413286209106445,4.741679668426514,4.552167892456055,0.0003,0.0003,0.1
,,,,,13002,29.0,29,,,,,,,,
,,,,,13005,3.0,3,,,,,,,,
,,,,,13009,4.0,4,,,,,,,,
,,,,,13012,3.0,3,,,,,,,,
,,,,,13020,8.0,8,,,,,,,,
,,,,,13024,4.0,4,,,,,,,,
,,,,,13027,3.0,3,,,,,,,,
,,,,,13032,5.0,5,,,,,,,,
,,,,,13055,23.0,23,,,,,,,,
,,,,,13068,13.0,13,,,,,,,,
,,,,,13072,4.0,4,,,,,,,,
,,,,,13081,9.0,9,,,,,,,,
,,,,,13085,4.0,4,,,,,,,,
,,,,,13090,5.0,5,,,,,,,,
,,,,,13093,3.0,3,,,,,,,,
,,,,,13097,4.0,4,,,,,,,,
,,,,,13111,14.0,14,,,,,,,,
,,,,,13115,4.0,4,,,,,,,,
,,,,,13118,3.0,3,,,,,,,,
,,,,,13121,3.0,3,,,,,,,,
,,,,,13124,3.0,3,,,,,,,,
,,,,,13135,11.0,11,,,,,,,,
,,,,,13138,3.0,3,,,,,,,,
,,,,,13143,5.0,5,,,,,,,,
,,,,,13148,5.0,5,,,,,,,,
,,,,,13151,3.0,3,,,,,,,,
,,,,,13158,7.0,7,,,,,,,,
,,,,,13170,12.0,12,,,,,,,,
,,,,,13183,13.0,13,,,,,,,,
,,,,,13189,6.0,6,,,,,,,,
,,,,,13201,12.0,12,,,,,,,,
,,,,,13204,3.0,3,,,,,,,,
,,,,,13210,6.0,6,,,,,,,,
,,,,,13215,5.0,5,,,,,,,,
,,,,,13220,5.0,5,,,,,,,,
,,,,,13226,6.0,6,,,,,,,,
,,,,,13233,7.0,7,,,,,,,,
,,,,,13245,12.0,12,,,,,,,,
,,,,,13252,7.0,7,,,,,,,,
,,,,,13265,13.0,13,,,,,,,,
,,,,,13268,3.0,3,,,,,,,,
,,,,,13272,4.0,4,,,,,,,,
,,,,,13276,4.0,4,,,,,,,,
,,,,,13280,4.0,4,,,,,,,,
,,,,,13286,6.0,6,,,,,,,,
,,,,,13289,3.0,3,,,,,,,,
,,,,,13292,3.0,3,,,,,,,,
,,,,,13299,7.0,7,,,,,,,,
,,,,,13302,3.0,3,,,,,,,,
,,,,,13305,3.0,3,,,,,,,,
,,,,,13309,4.0,4,,,,,,,,
,,,,,13315,6.0,6,,,,,,,,
,,,,,13318,3.0,3,,,,,,,,
,,,,,13321,3.0,3,,,,,,,,
,,,,,13325,4.0,4,,,,,,,,
,,,,,13328,3.0,3,,,,,,,,
,,,,,13331,3.0,3,,,,,,,,
,,,,,13337,6.0,6,,,,,,,,
,,,,,13342,5.0,5,,,,,,,,
,,,,,13349,7.0,7,,,,,,,,
,,,,,13363,14.0,14,,,,,,,,
,,,,,13371,8.0,8,,,,,,,,
,,,,,13383,12.0,12,,,,,,,,
,,,,,13386,3.0,3,,,,,,,,
,,,,,13391,5.0,5,,,,,,,,
,,,,,13395,4.0,4,,,,,,,,
,,,,,13398,3.0,3,,,,,,,,
,,,,,13401,3.0,3,,,,,,,,
,,,,,13404,3.0,3,,,,,,,,
,,,,,13415,11.0,11,,,,,,,,
,,,,,13423,8.0,8,,,,,,,,
,,,,,13426,3.0,3,,,,,,,,
,,,,,13432,6.0,6,,,,,,,,
,,,,,13439,7.0,7,,,,,,,,
,,,,,13444,5.0,5,,,,,,,,
,,,,,13451,7.0,7,,,,,,,,
,,,,,13455,4.0,4,,,,,,,,
,,,,,13458,3.0,3,,,,,,,,
,,,,,13461,3.0,3,,,,,,,,
,,,,,13468,7.0,7,,,,,,,,
,,,,,13476,8.0,8,,,,,,,,
,,,,,13482,6.0,6,,,,,,,,
,,,,,13489,7.0,7,,,,,,,,
,,,,,13495,6.0,6,,,,,,,,
,,,,,13504,9.0,9,,,,,,,,
,,,,,13510,6.0,6,,,,,,,,
,,,,,13515,5.0,5,,,,,,,,
,,,,,13523,8.0,8,,,,,,,,
,,,,,13529,6.0,6,,,,,,,,
,,,,,13532,3.0,3,,,,,,,,
,,,,,13535,3.0,3,,,,,,,,
,,,,,13538,3.0,3,,,,,,,,
,,,,,13542,4.0,4,,,,,,,,
,,,,,13549,7.0,7,,,,,,,,
,,,,,13552,3.0,3,,,,,,,,
,,,,,13559,7.0,7,,,,,,,,
,,,,,13562,3.0,3,,,,,,,,
,,,,,13566,4.0,4,,,,,,,,
,,,,,13571,5.0,5,,,,,,,,
,,,,,13575,4.0,4,,,,,,,,
,,,,,13580,5.0,5,,,,,,,,
,,,,,13584,4.0,4,,,,,,,,
,,,,,13588,4.0,4,,,,,,,,
,,,,,13593,5.0,5,,,,,,,,
,,,,,13608,15.0,15,,,,,,,,
,,,,,13615,7.0,7,,,,,,,,
,,,,,13618,3.0,3,,,,,,,,
,,,,,13624,6.0,6,,,,,,,,
,,,,,13627,3.0,3,,,,,,,,
,,,,,13630,3.0,3,,,,,,,,
,,,,,13635,5.0,5,,,,,,,,
,,,,,13638,3.0,3,,,,,,,,
,,,,,13643,5.0,5,,,,,,,,
,,,,,13648,5.0,5,,,,,,,,
,,,,,13657,9.0,9,,,,,,,,
,,,,,13660,3.0,3,,,,,,,,
,,,,,13665,5.0,5,,,,,,,,
,,,,,13670,5.0,5,,,,,,,,
,,,,,13673,3.0,3,,,,,,,,
,,,,,13677,4.0,4,,,,,,,,
,,,,,13687,10.0,10,,,,,,,,
,,,,,13692,5.0,5,,,,,,,,
,,,,,13695,3.0,3,,,,,,,,
,,,,,13698,3.0,3,,,,,,,,
,,,,,13701,3.0,3,,,,,,,,
,,,,,13704,3.0,3,,,,,,,,
,,,,,13714,10.0,10,,,,,,,,
,,,,,13718,4.0,4,,,,,,,,
,,,,,13721,3.0,3,,,,,,,,
,,,,,13727,6.0,6,,,,,,,,
,,,,,13735,8.0,8,,,,,,,,
,,,,,13739,4.0,4,,,,,,,,
,,,,,13744,5.0,5,,,,,,,,
,,,,,13753,9.0,9,,,,,,,,
,,,,,13756,3.0,3,,,,,,,,
,,,,,13763,7.0,7,,,,,,,,
,,,,,13771,8.0,8,,,,,,,,
,,,,,13776,5.0,5,,,,,,,,
,,,,,13779,3.0,3,,,,,,,,
,,,,,13782,3.0,3,,,,,,,,
,,,,,13785,3.0,3,,,,,,,,
,,,,,13799,14.0,14,,,,,,,,
,,,,,13802,3.0,3,,,,,,,,
,,,,,13813,11.0,11,,,,,,,,
,,,,,13824,11.0,11,,,,,,,,
,,,,,13832,8.0,8,,,,,,,,
,,,,,13835,3.0,3,,,,,,,,
,,,,,13842,7.0,7,,,,,,,,
,,,,,13849,7.0,7,,,,,,,,
,,,,,13852,3.0,3,,,,,,,,
,,,,,13857,5.0,5,,,,,,,,
,,,,,13866,9.0,9,,,,,,,,
,,,,,13870,4.0,4,,,,,,,,
,,,,,13873,3.0,3,,,,,,,,
,,,,,13885,12.0,12,,,,,,,,
,,,,,13891,6.0,6,,,,,,,,
,,,,,13897,6.0,6,,,,,,,,
,,,,,13900,3.0,3,,,,,,,,
,,,,,13914,14.0,14,,,,,,,,
,,,,,13918,4.0,4,,,,,,,,
,,,,,13922,4.0,4,,,,,,,,
,,,,,13936,14.0,14,,,,,,,,
,,,,,13943,7.0,7,,,,,,,,
,,,,,13949,6.0,6,,,,,,,,
,,,,,13956,7.0,7,,,,,,,,
,,,,,13962,6.0,6,,,,,,,,
,,,,,13965,3.0,3,,,,,,,,
,,,,,13969,4.0,4,,,,,,,,
,,,,,13976,7.0,7,,,,,,,,
,,,,,13980,4.0,4,,,,,,,,
,,,,,13984,4.0,4,,,,,,,,
,,,,,13988,4.0,4,,,,,,,,
,,,,,13995,7.0,7,,,,,,,,
,,,,,14000,,,-0.06910131871700287,0.6910131573677063,2.2197208404541016,4.866195201873779,4.684250354766846,0.0003,0.0003,0.1
,,,,,14010,15.0,15,,,,,,,,
,,,,,14018,8.0,8,,,,,,,,
,,,,,14022,4.0,4,,,,,,,,
,,,,,14026,4.0,4,,,,,,,,
,,,,,14032,6.0,6,,,,,,,,
,,,,,14036,4.0,4,,,,,,,,
,,,,,14040,4.0,4,,,,,,,,
,,,,,14044,4.0,4,,,,,,,,
,,,,,14051,7.0,7,,,,,,,,
,,,,,14058,7.0,7,,,,,,,,
,,,,,14075,17.0,17,,,,,,,,
,,,,,14079,4.0,4,,,,,,,,
,,,,,14082,3.0,3,,,,,,,,
,,,,,14087,5.0,5,,,,,,,,
,,,,,14091,4.0,4,,,,,,,,
,,,,,14096,5.0,5,,,,,,,,
,,,,,14099,3.0,3,,,,,,,,
,,,,,14103,4.0,4,,,,,,,,
,,,,,14109,6.0,6,,,,,,,,
,,,,,14115,6.0,6,,,,,,,,
,,,,,14119,4.0,4,,,,,,,,
,,,,,14123,4.0,4,,,,,,,,
,,,,,14126,3.0,3,,,,,,,,
,,,,,14129,3.0,3,,,,,,,,
,,,,,14135,6.0,6,,,,,,,,
,,,,,14144,9.0,9,,,,,,,,
,,,,,14148,4.0,4,,,,,,,,
,,,,,14156,8.0,8,,,,,,,,
,,,,,14161,5.0,5,,,,,,,,
,,,,,14166,5.0,5,,,,,,,,
,,,,,14172,6.0,6,,,,,,,,
,,,,,14175,3.0,3,,,,,,,,
,,,,,14180,5.0,5,,,,,,,,
,,,,,14183,3.0,3,,,,,,,,
,,,,,14186,3.0,3,,,,,,,,
,,,,,14192,6.0,6,,,,,,,,
,,,,,14206,14.0,14,,,,,,,,
,,,,,14210,4.0,4,,,,,,,,
,,,,,14214,4.0,4,,,,,,,,
,,,,,14218,4.0,4,,,,,,,,
,,,,,14229,11.0,11,,,,,,,,
,,,,,14233,4.0,4,,,,,,,,
,,,,,14238,5.0,5,,,,,,,,
,,,,,14242,4.0,4,,,,,,,,
,,,,,14249,7.0,7,,,,,,,,
,,,,,14253,4.0,4,,,,,,,,
,,,,,14260,7.0,7,,,,,,,,
,,,,,14263,3.0,3,,,,,,,,
,,,,,14269,6.0,6,,,,,,,,
,,,,,14273,4.0,4,,,,,,,,
,,,,,14276,3.0,3,,,,,,,,
,,,,,14293,17.0,17,,,,,,,,
,,,,,14297,4.0,4,,,,,,,,
,,,,,14301,4.0,4,,,,,,,,
,,,,,14306,5.0,5,,,,,,,,
,,,,,14312,6.0,6,,,,,,,,
,,,,,14317,5.0,5,,,,,,,,
,,,,,14321,4.0,4,,,,,,,,
,,,,,14335,14.0,14,,,,,,,,
,,,,,14338,3.0,3,,,,,,,,
,,,,,14346,8.0,8,,,,,,,,
,,,,,14349,3.0,3,,,,,,,,
,,,,,14355,6.0,6,,,,,,,,
,,,,,14360,5.0,5,,,,,,,,
,,,,,14363,3.0,3,,,,,,,,
,,,,,14367,4.0,4,,,,,,,,
,,,,,14370,3.0,3,,,,,,,,
,,,,,14373,3.0,3,,,,,,,,
,,,,,14379,6.0,6,,,,,,,,
,,,,,14382,3.0,3,,,,,,,,
,,,,,14387,5.0,5,,,,,,,,
,,,,,14390,3.0,3,,,,,,,,
,,,,,14399,9.0,9,,,,,,,,
,,,,,14402,3.0,3,,,,,,,,
,,,,,14412,10.0,10,,,,,,,,
,,,,,14415,3.0,3,,,,,,,,
,,,,,14418,3.0,3,,,,,,,,
,,,,,14427,9.0,9,,,,,,,,
,,,,,14439,12.0,12,,,,,,,,
,,,,,14448,9.0,9,,,,,,,,
,,,,,14456,8.0,8,,,,,,,,
,,,,,14459,3.0,3,,,,,,,,
,,,,,14467,8.0,8,,,,,,,,
,,,,,14471,4.0,4,,,,,,,,
,,,,,14475,4.0,4,,,,,,,,
,,,,,14482,7.0,7,,,,,,,,
,,,,,14485,3.0,3,,,,,,,,
,,,,,14488,3.0,3,,,,,,,,
,,,,,14498,10.0,10,,,,,,,,
,,,,,14504,6.0,6,,,,,,,,
,,,,,14511,7.0,7,,,,,,,,
,,,,,14517,6.0,6,,,,,,,,
,,,,,14523,6.0,6,,,,,,,,
,,,,,14528,5.0,5,,,,,,,,
,,,,,14533,5.0,5,,,,,,,,
,,,,,14540,7.0,7,,,,,,,,
,,,,,14544,4.0,4,,,,,,,,
,,,,,14548,4.0,4,,,,,,,,
,,,,,14562,14.0,14,,,,,,,,
,,,,,14569,7.0,7,,,,,,,,
,,,,,14576,7.0,7,,,,,,,,
,,,,,14584,8.0,8,,,,,,,,
,,,,,14592,8.0,8,,,,,,,,
,,,,,14596,4.0,4,,,,,,,,
,,,,,14602,6.0,6,,,,,,,,
,,,,,14608,6.0,6,,,,,,,,
,,,,,14612,4.0,4,,,,,,,,
,,,,,14616,4.0,4,,,,,,,,
,,,,,14623,7.0,7,,,,,,,,
,,,,,14631,8.0,8,,,,,,,,
,,,,,14635,4.0,4,,,,,,,,
,,,,,14648,13.0,13,,,,,,,,
,,,,,14651,3.0,3,,,,,,,,
,,,,,14661,10.0,10,,,,,,,,
,,,,,14668,7.0,7,,,,,,,,
,,,,,14671,3.0,3,,,,,,,,
,,,,,14682,11.0,11,,,,,,,,
,,,,,14685,3.0,3,,,,,,,,
,,,,,14691,6.0,6,,,,,,,,
,,,,,14694,3.0,3,,,,,,,,
,,,,,14699,5.0,5,,,,,,,,
,,,,,14702,3.0,3,,,,,,,,
,,,,,14715,13.0,13,,,,,,,,
,,,,,14729,14.0,14,,,,,,,,
,,,,,14742,13.0,13,,,,,,,,
,,,,,14755,13.0,13,,,,,,,,
,,,,,14759,4.0,4,,,,,,,,
,,,,,14764,5.0,5,,,,,,,,
,,,,,14780,16.0,16,,,,,,,,
,,,,,14792,12.0,12,,,,,,,,
,,,,,14795,3.0,3,,,,,,,,
,,,,,14798,3.0,3,,,,,,,,
,,,,,14803,5.0,5,,,,,,,,
,,,,,14809,6.0,6,,,,,,,,
,,,,,14813,4.0,4,,,,,,,,
,,,,,14819,6.0,6,,,,,,,,
,,,,,14829,10.0,10,,,,,,,,
,,,,,14839,10.0,10,,,,,,,,
,,,,,14842,3.0,3,,,,,,,,
,,,,,14846,4.0,4,,,,,,,,
,,,,,14864,18.0,18,,,,,,,,
,,,,,14872,8.0,8,,,,,,,,
,,,,,14876,4.0,4,,,,,,,,
,,,,,14879,3.0,3,,,,,,,,
,,,,,14889,10.0,10,,,,,,,,
,,,,,14893,4.0,4,,,,,,,,
,,,,,14899,6.0,6,,,,,,,,
,,,,,14903,4.0,4,,,,,,,,
,,,,,14906,3.0,3,,,,,,,,
,,,,,14913,7.0,7,,,,,,,,
,,,,,14920,7.0,7,,,,,,,,
,,,,,14925,5.0,5,,,,,,,,
,,,,,14933,8.0,8,,,,,,,,
,,,,,14937,4.0,4,,,,,,,,
,,,,,14946,9.0,9,,,,,,,,
,,,,,14951,5.0,5,,,,,,,,
,,,,,14954,3.0,3,,,,,,,,
,,,,,14961,7.0,7,,,,,,,,
,,,,,14966,5.0,5,,,,,,,,
,,,,,14971,5.0,5,,,,,,,,
,,,,,14988,17.0,17,,,,,,,,
,,,,,14994,6.0,6,,,,,,,,
7.1,7.077429,28.0,3.0,7.1,15000,,,-0.0672595426440239,0.6725953817367554,2.124734878540039,4.555703163146973,4.64280366897583,0.0003,0.0003,0.1
,,,,,15003,9.0,9,,,,,,,,
,,,,,15015,12.0,12,,,,,,,,
,,,,,15022,7.0,7,,,,,,,,
,,,,,15025,3.0,3,,,,,,,,
,,,,,15029,4.0,4,,,,,,,,
,,,,,15037,8.0,8,,,,,,,,
,,,,,15044,7.0,7,,,,,,,,
,,,,,15052,8.0,8,,,,,,,,
,,,,,15067,15.0,15,,,,,,,,
,,,,,15070,3.0,3,,,,,,,,
,,,,,15074,4.0,4,,,,,,,,
,,,,,15080,6.0,6,,,,,,,,
,,,,,15083,3.0,3,,,,,,,,
,,,,,15086,3.0,3,,,,,,,,
,,,,,15089,3.0,3,,,,,,,,
,,,,,15096,7.0,7,,,,,,,,
,,,,,15110,14.0,14,,,,,,,,
,,,,,15116,6.0,6,,,,,,,,
,,,,,15122,6.0,6,,,,,,,,
,,,,,15125,3.0,3,,,,,,,,
,,,,,15131,6.0,6,,,,,,,,
,,,,,15135,4.0,4,,,,,,,,
,,,,,15140,5.0,5,,,,,,,,
,,,,,15147,7.0,7,,,,,,,,
,,,,,15154,7.0,7,,,,,,,,
,,,,,15160,6.0,6,,,,,,,,
,,,,,15167,7.0,7,,,,,,,,
,,,,,15174,7.0,7,,,,,,,,
,,,,,15177,3.0,3,,,,,,,,
,,,,,15192,15.0,15,,,,,,,,
,,,,,15195,3.0,3,,,,,,,,
,,,,,15199,4.0,4,,,,,,,,
,,,,,15202,3.0,3,,,,,,,,
,,,,,15205,3.0,3,,,,,,,,
,,,,,15211,6.0,6,,,,,,,,
,,,,,15215,4.0,4,,,,,,,,
,,,,,15219,4.0,4,,,,,,,,
,,,,,15227,8.0,8,,,,,,,,
,,,,,15240,13.0,13,,,,,,,,
,,,,,15245,5.0,5,,,,,,,,
,,,,,15250,5.0,5,,,,,,,,
,,,,,15254,4.0,4,,,,,,,,
,,,,,15258,4.0,4,,,,,,,,
,,,,,15288,30.0,30,,,,,,,,
,,,,,15293,5.0,5,,,,,,,,
,,,,,15302,9.0,9,,,,,,,,
,,,,,15315,13.0,13,,,,,,,,
,,,,,15321,6.0,6,,,,,,,,
,,,,,15329,8.0,8,,,,,,,,
,,,,,15332,3.0,3,,,,,,,,
,,,,,15335,3.0,3,,,,,,,,
,,,,,15339,4.0,4,,,,,,,,
,,,,,15343,4.0,4,,,,,,,,
,,,,,15346,3.0,3,,,,,,,,
,,,,,15350,4.0,4,,,,,,,,
,,,,,15354,4.0,4,,,,,,,,
,,,,,15360,6.0,6,,,,,,,,
,,,,,15364,4.0,4,,,,,,,,
,,,,,15369,5.0,5,,,,,,,,
,,,,,15374,5.0,5,,,,,,,,
,,,,,15390,16.0,16,,,,,,,,
,,,,,15393,3.0,3,,,,,,,,
,,,,,15406,13.0,13,,,,,,,,
,,,,,15412,6.0,6,,,,,,,,
,,,,,15424,12.0,12,,,,,,,,
,,,,,15431,7.0,7,,,,,,,,
,,,,,15440,9.0,9,,,,,,,,
,,,,,15445,5.0,5,,,,,,,,
,,,,,15448,3.0,3,,,,,,,,
,,,,,15452,4.0,4,,,,,,,,
,,,,,15455,3.0,3,,,,,,,,
,,,,,15458,3.0,3,,,,,,,,
,,,,,15462,4.0,4,,,,,,,,
,,,,,15465,3.0,3,,,,,,,,
,,,,,15478,13.0,13,,,,,,,,
,,,,,15490,12.0,12,,,,,,,,
,,,,,15495,5.0,5,,,,,,,,
,,,,,15499,4.0,4,,,,,,,,
,,,,,15502,3.0,3,,,,,,,,
,,,,,15505,3.0,3,,,,,,,,
,,,,,15521,16.0,16,,,,,,,,
,,,,,15531,10.0,10,,,,,,,,
,,,,,15535,4.0,4,,,,,,,,
,,,,,15540,5.0,5,,,,,,,,
,,,,,15545,5.0,5,,,,,,,,
,,,,,15549,4.0,4,,,,,,,,
,,,,,15554,5.0,5,,,,,,,,
,,,,,15559,5.0,5,,,,,,,,
,,,,,15563,4.0,4,,,,,,,,
,,,,,15569,6.0,6,,,,,,,,
,,,,,15572,3.0,3,,,,,,,,
,,,,,15581,9.0,9,,,,,,,,
,,,,,15596,15.0,15,,,,,,,,
,,,,,15600,4.0,4,,,,,,,,
,,,,,15611,11.0,11,,,,,,,,
,,,,,15614,3.0,3,,,,,,,,
,,,,,15625,11.0,11,,,,,,,,
,,,,,15632,7.0,7,,,,,,,,
,,,,,15635,3.0,3,,,,,,,,
,,,,,15644,9.0,9,,,,,,,,
,,,,,15648,4.0,4,,,,,,,,
,,,,,15652,4.0,4,,,,,,,,
,,,,,15657,5.0,5,,,,,,,,
,,,,,15662,5.0,5,,,,,,,,
,,,,,15666,4.0,4,,,,,,,,
,,,,,15680,14.0,14,,,,,,,,
,,,,,15684,4.0,4,,,,,,,,
,,,,,15688,4.0,4,,,,,,,,
,,,,,15693,5.0,5,,,,,,,,
,,,,,15698,5.0,5,,,,,,,,
,,,,,15702,4.0,4,,,,,,,,
,,,,,15705,3.0,3,,,,,,,,
,,,,,15711,6.0,6,,,,,,,,
,,,,,15718,7.0,7,,,,,,,,
,,,,,15721,3.0,3,,,,,,,,
,,,,,15734,13.0,13,,,,,,,,
,,,,,15743,9.0,9,,,,,,,,
,,,,,15746,3.0,3,,,,,,,,
,,,,,15749,3.0,3,,,,,,,,
,,,,,15754,5.0,5,,,,,,,,
,,,,,15758,4.0,4,,,,,,,,
,,,,,15770,12.0,12,,,,,,,,
,,,,,15776,6.0,6,,,,,,,,
,,,,,15782,6.0,6,,,,,,,,
,,,,,15789,7.0,7,,,,,,,,
,,,,,15794,5.0,5,,,,,,,,
,,,,,15800,6.0,6,,,,,,,,
,,,,,15803,3.0,3,,,,,,,,
,,,,,15810,7.0,7,,,,,,,,
,,,,,15814,4.0,4,,,,,,,,
,,,,,15818,4.0,4,,,,,,,,
,,,,,15827,9.0,9,,,,,,,,
,,,,,15833,6.0,6,,,,,,,,
,,,,,15838,5.0,5,,,,,,,,
,,,,,15841,3.0,3,,,,,,,,
,,,,,15845,4.0,4,,,,,,,,
,,,,,15850,5.0,5,,,,,,,,
,,,,,15855,5.0,5,,,,,,,,
,,,,,15866,11.0,11,,,,,,,,
,,,,,15872,6.0,6,,,,,,,,
,,,,,15876,4.0,4,,,,,,,,
,,,,,15879,3.0,3,,,,,,,,
,,,,,15882,3.0,3,,,,,,,,
,,,,,15888,6.0,6,,,,,,,,
,,,,,15891,3.0,3,,,,,,,,
,,,,,15895,4.0,4,,,,,,,,
,,,,,15899,4.0,4,,,,,,,,
,,,,,15903,4.0,4,,,,,,,,
,,,,,15917,14.0,14,,,,,,,,
,,,,,15920,3.0,3,,,,,,,,
,,,,,15927,7.0,7,,,,,,,,
,,,,,15939,12.0,12,,,,,,,,
,,,,,15943,4.0,4,,,,,,,,
,,,,,15952,9.0,9,,,,,,,,
,,,,,15956,4.0,4,,,,,,,,
,,,,,15966,10.0,10,,,,,,,,
,,,,,15976,10.0,10,,,,,,,,
,,,,,15981,5.0,5,,,,,,,,
,,,,,15984,3.0,3,,,,,,,,
,,,,,15991,7.0,7,,,,,,,,
,,,,,15996,5.0,5,,,,,,,,
,,,,,16000,,,-0.06962841749191284,0.6962841749191284,1.9553378820419312,4.866978645324707,5.081571102142334,0.0003,0.0003,0.1
,,,,,16006,10.0,10,,,,,,,,
,,,,,16011,5.0,5,,,,,,,,
,,,,,16023,12.0,12,,,,,,,,
,,,,,16028,5.0,5,,,,,,,,
,,,,,16033,5.0,5,,,,,,,,
,,,,,16041,8.0,8,,,,,,,,
,,,,,16046,5.0,5,,,,,,,,
,,,,,16056,10.0,10,,,,,,,,
,,,,,16066,10.0,10,,,,,,,,
,,,,,16070,4.0,4,,,,,,,,
,,,,,16074,4.0,4,,,,,,,,
,,,,,16078,4.0,4,,,,,,,,
,,,,,16081,3.0,3,,,,,,,,
,,,,,16086,5.0,5,,,,,,,,
,,,,,16096,10.0,10,,,,,,,,
,,,,,16100,4.0,4,,,,,,,,
,,,,,16107,7.0,7,,,,,,,,
,,,,,16114,7.0,7,,,,,,,,
,,,,,16122,8.0,8,,,,,,,,
,,,,,16127,5.0,5,,,,,,,,
,,,,,16131,4.0,4,,,,,,,,
,,,,,16135,4.0,4,,,,,,,,
,,,,,16140,5.0,5,,,,,,,,
,,,,,16149,9.0,9,,,,,,,,
,,,,,16153,4.0,4,,,,,,,,
,,,,,16159,6.0,6,,,,,,,,
,,,,,16166,7.0,7,,,,,,,,
,,,,,16170,4.0,4,,,,,,,,
,,,,,16173,3.0,3,,,,,,,,
,,,,,16187,14.0,14,,,,,,,,
,,,,,16191,4.0,4,,,,,,,,
,,,,,16197,6.0,6,,,,,,,,
,,,,,16201,4.0,4,,,,,,,,
,,,,,16206,5.0,5,,,,,,,,
,,,,,16220,14.0,14,,,,,,,,
,,,,,16227,7.0,7,,,,,,,,
,,,,,16231,4.0,4,,,,,,,,
,,,,,16243,12.0,12,,,,,,,,
,,,,,16260,17.0,17,,,,,,,,
,,,,,16264,4.0,4,,,,,,,,
,,,,,16270,6.0,6,,,,,,,,
,,,,,16277,7.0,7,,,,,,,,
,,,,,16283,6.0,6,,,,,,,,
,,,,,16286,3.0,3,,,,,,,,
,,,,,16293,7.0,7,,,,,,,,
,,,,,16300,7.0,7,,,,,,,,
,,,,,16308,8.0,8,,,,,,,,
,,,,,16314,6.0,6,,,,,,,,
,,,,,16322,8.0,8,,,,,,,,
,,,,,16335,13.0,13,,,,,,,,
,,,,,16346,11.0,11,,,,,,,,
,,,,,16360,14.0,14,,,,,,,,
,,,,,16363,3.0,3,,,,,,,,
,,,,,16367,4.0,4,,,,,,,,
,,,,,16373,6.0,6,,,,,,,,
,,,,,16381,8.0,8,,,,,,,,
,,,,,16389,8.0,8,,,,,,,,
,,,,,16397,8.0,8,,,,,,,,
,,,,,16402,5.0,5,,,,,,,,
,,,,,16405,3.0,3,,,,,,,,
,,,,,16410,5.0,5,,,,,,,,
,,,,,16416,6.0,6,,,,,,,,
,,,,,16421,5.0,5,,,,,,,,
,,,,,16426,5.0,5,,,,,,,,
,,,,,16429,3.0,3,,,,,,,,
,,,,,16433,4.0,4,,,,,,,,
,,,,,16438,5.0,5,,,,,,,,
,,,,,16443,5.0,5,,,,,,,,
,,,,,16446,3.0,3,,,,,,,,
,,,,,16463,17.0,17,,,,,,,,
,,,,,16477,14.0,14,,,,,,,,
,,,,,16485,8.0,8,,,,,,,,
,,,,,16491,6.0,6,,,,,,,,
,,,,,16496,5.0,5,,,,,,,,
,,,,,16501,5.0,5,,,,,,,,
,,,,,16512,11.0,11,,,,,,,,
,,,,,16517,5.0,5,,,,,,,,
,,,,,16521,4.0,4,,,,,,,,
,,,,,16524,3.0,3,,,,,,,,
,,,,,16527,3.0,3,,,,,,,,
,,,,,16541,14.0,14,,,,,,,,
,,,,,16554,13.0,13,,,,,,,,
,,,,,16564,10.0,10,,,,,,,,
,,,,,16570,6.0,6,,,,,,,,
,,,,,16574,4.0,4,,,,,,,,
,,,,,16577,3.0,3,,,,,,,,
,,,,,16581,4.0,4,,,,,,,,
,,,,,16592,11.0,11,,,,,,,,
,,,,,16600,8.0,8,,,,,,,,
,,,,,16604,4.0,4,,,,,,,,
,,,,,16610,6.0,6,,,,,,,,
,,,,,16617,7.0,7,,,,,,,,
,,,,,16622,5.0,5,,,,,,,,
,,,,,16633,11.0,11,,,,,,,,
,,,,,16645,12.0,12,,,,,,,,
,,,,,16650,5.0,5,,,,,,,,
,,,,,16653,3.0,3,,,,,,,,
,,,,,16657,4.0,4,,,,,,,,
,,,,,16661,4.0,4,,,,,,,,
,,,,,16665,4.0,4,,,,,,,,
,,,,,16671,6.0,6,,,,,,,,
,,,,,16678,7.0,7,,,,,,,,
,,,,,16687,9.0,9,,,,,,,,
,,,,,16697,10.0,10,,,,,,,,
,,,,,16700,3.0,3,,,,,,,,
,,,,,16708,8.0,8,,,,,,,,
,,,,,16716,8.0,8,,,,,,,,
,,,,,16720,4.0,4,,,,,,,,
,,,,,16730,10.0,10,,,,,,,,
,,,,,16734,4.0,4,,,,,,,,
,,,,,16739,5.0,5,,,,,,,,
,,,,,16745,6.0,6,,,,,,,,
,,,,,16750,5.0,5,,,,,,,,
,,,,,16753,3.0,3,,,,,,,,
,,,,,16757,4.0,4,,,,,,,,
,,,,,16761,4.0,4,,,,,,,,
,,,,,16771,10.0,10,,,,,,,,
,,,,,16776,5.0,5,,,,,,,,
,,,,,16779,3.0,3,,,,,,,,
,,,,,16792,13.0,13,,,,,,,,
,,,,,16800,8.0,8,,,,,,,,
,,,,,16813,13.0,13,,,,,,,,
,,,,,16818,5.0,5,,,,,,,,
,,,,,16823,5.0,5,,,,,,,,
,,,,,16827,4.0,4,,,,,,,,
,,,,,16831,4.0,4,,,,,,,,
,,,,,16836,5.0,5,,,,,,,,
,,,,,16841,5.0,5,,,,,,,,
,,,,,16848,7.0,7,,,,,,,,
,,,,,16853,5.0,5,,,,,,,,
,,,,,16862,9.0,9,,,,,,,,
,,,,,16869,7.0,7,,,,,,,,
,,,,,16872,3.0,3,,,,,,,,
,,,,,16877,5.0,5,,,,,,,,
,,,,,16881,4.0,4,,,,,,,,
,,,,,16888,7.0,7,,,,,,,,
,,,,,16893,5.0,5,,,,,,,,
,,,,,16897,4.0,4,,,,,,,,
,,,,,16909,12.0,12,,,,,,,,
,,,,,16915,6.0,6,,,,,,,,
,,,,,16923,8.0,8,,,,,,,,
,,,,,16927,4.0,4,,,,,,,,
,,,,,16934,7.0,7,,,,,,,,
,,,,,16939,5.0,5,,,,,,,,
,,,,,16943,4.0,4,,,,,,,,
,,,,,16955,12.0,12,,,,,,,,
,,,,,16961,6.0,6,,,,,,,,
,,,,,16966,5.0,5,,,,,,,,
,,,,,16973,7.0,7,,,,,,,,
,,,,,16979,6.0,6,,,,,,,,
,,,,,16985,6.0,6,,,,,,,,
,,,,,16988,3.0,3,,,,,,,,
,,,,,16996,8.0,8,,,,,,,,
,,,,,17000,,,-0.06802966445684433,0.6802966594696045,1.5015392303466797,4.747054100036621,4.721963882446289,0.0003,0.0003,0.1
,,,,,17012,16.0,16,,,,,,,,
,,,,,17019,7.0,7,,,,,,,,
,,,,,17024,5.0,5,,,,,,,,
,,,,,17027,3.0,3,,,,,,,,
,,,,,17033,6.0,6,,,,,,,,
,,,,,17039,6.0,6,,,,,,,,
,,,,,17043,4.0,4,,,,,,,,
,,,,,17046,3.0,3,,,,,,,,
,,,,,17057,11.0,11,,,,,,,,
,,,,,17062,5.0,5,,,,,,,,
,,,,,17066,4.0,4,,,,,,,,
,,,,,17071,5.0,5,,,,,,,,
,,,,,17076,5.0,5,,,,,,,,
,,,,,17081,5.0,5,,,,,,,,
,,,,,17091,10.0,10,,,,,,,,
,,,,,17096,5.0,5,,,,,,,,
,,,,,17099,3.0,3,,,,,,,,
,,,,,17102,3.0,3,,,,,,,,
,,,,,17108,6.0,6,,,,,,,,
,,,,,17112,4.0,4,,,,,,,,
,,,,,17117,5.0,5,,,,,,,,
,,,,,17121,4.0,4,,,,,,,,
,,,,,17129,8.0,8,,,,,,,,
,,,,,17133,4.0,4,,,,,,,,
,,,,,17140,7.0,7,,,,,,,,
,,,,,17145,5.0,5,,,,,,,,
,,,,,17153,8.0,8,,,,,,,,
,,,,,17156,3.0,3,,,,,,,,
,,,,,17163,7.0,7,,,,,,,,
,,,,,17171,8.0,8,,,,,,,,
,,,,,17174,3.0,3,,,,,,,,
,,,,,17180,6.0,6,,,,,,,,
,,,,,17188,8.0,8,,,,,,,,
,,,,,17191,3.0,3,,,,,,,,
,,,,,17206,15.0,15,,,,,,,,
,,,,,17212,6.0,6,,,,,,,,
,,,,,17226,14.0,14,,,,,,,,
,,,,,17234,8.0,8,,,,,,,,
,,,,,17238,4.0,4,,,,,,,,
,,,,,17245,7.0,7,,,,,,,,
,,,,,17255,10.0,10,,,,,,,,
,,,,,17258,3.0,3,,,,,,,,
,,,,,17263,5.0,5,,,,,,,,
,,,,,17270,7.0,7,,,,,,,,
,,,,,17275,5.0,5,,,,,,,,
,,,,,17278,3.0,3,,,,,,,,
,,,,,17281,3.0,3,,,,,,,,
,,,,,17285,4.0,4,,,,,,,,
,,,,,17291,6.0,6,,,,,,,,
,,,,,17302,11.0,11,,,,,,,,
,,,,,17306,4.0,4,,,,,,,,
,,,,,17309,3.0,3,,,,,,,,
,,,,,17312,3.0,3,,,,,,,,
,,,,,17324,12.0,12,,,,,,,,
,,,,,17334,10.0,10,,,,,,,,
,,,,,17339,5.0,5,,,,,,,,
,,,,,17343,4.0,4,,,,,,,,
,,,,,17346,3.0,3,,,,,,,,
,,,,,17349,3.0,3,,,,,,,,
,,,,,17352,3.0,3,,,,,,,,
,,,,,17355,3.0,3,,,,,,,,
,,,,,17359,4.0,4,,,,,,,,
,,,,,17370,11.0,11,,,,,,,,
,,,,,17373,3.0,3,,,,,,,,
,,,,,17386,13.0,13,,,,,,,,
,,,,,17391,5.0,5,,,,,,,,
,,,,,17394,3.0,3,,,,,,,,
,,,,,17401,7.0,7,,,,,,,,
,,,,,17407,6.0,6,,,,,,,,
,,,,,17419,12.0,12,,,,,,,,
,,,,,17423,4.0,4,,,,,,,,
,,,,,17426,3.0,3,,,,,,,,
,,,,,17429,3.0,3,,,,,,,,
,,,,,17432,3.0,3,,,,,,,,
,,,,,17438,6.0,6,,,,,,,,
,,,,,17441,3.0,3,,,,,,,,
,,,,,17449,8.0,8,,,,,,,,
,,,,,17453,4.0,4,,,,,,,,
,,,,,17459,6.0,6,,,,,,,,
,,,,,17464,5.0,5,,,,,,,,
,,,,,17471,7.0,7,,,,,,,,
,,,,,17475,4.0,4,,,,,,,,
,,,,,17481,6.0,6,,,,,,,,
,,,,,17487,6.0,6,,,,,,,,
,,,,,17491,4.0,4,,,,,,,,
,,,,,17508,17.0,17,,,,,,,,
,,,,,17514,6.0,6,,,,,,,,
,,,,,17518,4.0,4,,,,,,,,
,,,,,17524,6.0,6,,,,,,,,
,,,,,17528,4.0,4,,,,,,,,
,,,,,17531,3.0,3,,,,,,,,
,,,,,17536,5.0,5,,,,,,,,
,,,,,17539,3.0,3,,,,,,,,
,,,,,17547,8.0,8,,,,,,,,
,,,,,17552,5.0,5,,,,,,,,
,,,,,17563,11.0,11,,,,,,,,
,,,,,17567,4.0,4,,,,,,,,
,,,,,17572,5.0,5,,,,,,,,
,,,,,17575,3.0,3,,,,,,,,
,,,,,17583,8.0,8,,,,,,,,
,,,,,17587,4.0,4,,,,,,,,
,,,,,17593,6.0,6,,,,,,,,
,,,,,17598,5.0,5,,,,,,,,
,,,,,17604,6.0,6,,,,,,,,
,,,,,17609,5.0,5,,,,,,,,
,,,,,17613,4.0,4,,,,,,,,
,,,,,17617,4.0,4,,,,,,,,
,,,,,17637,20.0,20,,,,,,,,
,,,,,17640,3.0,3,,,,,,,,
,,,,,17645,5.0,5,,,,,,,,
,,,,,17650,5.0,5,,,,,,,,
,,,,,17654,4.0,4,,,,,,,,
,,,,,17666,12.0,12,,,,,,,,
,,,,,17670,4.0,4,,,,,,,,
,,,,,17676,6.0,6,,,,,,,,
,,,,,17679,3.0,3,,,,,,,,
,,,,,17683,4.0,4,,,,,,,,
,,,,,17688,5.0,5,,,,,,,,
,,,,,17695,7.0,7,,,,,,,,
,,,,,17702,7.0,7,,,,,,,,
,,,,,17712,10.0,10,,,,,,,,
,,,,,17722,10.0,10,,,,,,,,
,,,,,17725,3.0,3,,,,,,,,
,,,,,17731,6.0,6,,,,,,,,
,,,,,17735,4.0,4,,,,,,,,
,,,,,17739,4.0,4,,,,,,,,
,,,,,17742,3.0,3,,,,,,,,
,,,,,17754,12.0,12,,,,,,,,
,,,,,17760,6.0,6,,,,,,,,
,,,,,17765,5.0,5,,,,,,,,
,,,,,17771,6.0,6,,,,,,,,
,,,,,17785,14.0,14,,,,,,,,
,,,,,17794,9.0,9,,,,,,,,
,,,,,17801,7.0,7,,,,,,,,
,,,,,17805,4.0,4,,,,,,,,
,,,,,17810,5.0,5,,,,,,,,
,,,,,17813,3.0,3,,,,,,,,
,,,,,17816,3.0,3,,,,,,,,
,,,,,17820,4.0,4,,,,,,,,
,,,,,17827,7.0,7,,,,,,,,
,,,,,17831,4.0,4,,,,,,,,
,,,,,17838,7.0,7,,,,,,,,
,,,,,17845,7.0,7,,,,,,,,
,,,,,17848,3.0,3,,,,,,,,
,,,,,17852,4.0,4,,,,,,,,
,,,,,17870,18.0,18,,,,,,,,
,,,,,17873,3.0,3,,,,,,,,
,,,,,17876,3.0,3,,,,,,,,
,,,,,17879,3.0,3,,,,,,,,
,,,,,17884,5.0,5,,,,,,,,
,,,,,17904,20.0,20,,,,,,,,
,,,,,17908,4.0,4,,,,,,,,
,,,,,17911,3.0,3,,,,,,,,
,,,,,17915,4.0,4,,,,,,,,
,,,,,17927,12.0,12,,,,,,,,
,,,,,17935,8.0,8,,,,,,,,
,,,,,17939,4.0,4,,,,,,,,
,,,,,17943,4.0,4,,,,,,,,
,,,,,17951,8.0,8,,,,,,,,
,,,,,17961,10.0,10,,,,,,,,
,,,,,17965,4.0,4,,,,,,,,
,,,,,17969,4.0,4,,,,,,,,
,,,,,17972,3.0,3,,,,,,,,
,,,,,17975,3.0,3,,,,,,,,
,,,,,17980,5.0,5,,,,,,,,
,,,,,17984,4.0,4,,,,,,,,
,,,,,17987,3.0,3,,,,,,,,
,,,,,17991,4.0,4,,,,,,,,
,,,,,17999,8.0,8,,,,,,,,
,,,,,18000,,,-0.0690346509218216,0.6903464794158936,1.815306305885315,4.233295440673828,4.185786247253418,0.0003,0.0003,0.1
,,,,,18004,5.0,5,,,,,,,,
,,,,,18009,5.0,5,,,,,,,,
,,,,,18013,4.0,4,,,,,,,,
,,,,,18018,5.0,5,,,,,,,,
,,,,,18022,4.0,4,,,,,,,,
,,,,,18036,14.0,14,,,,,,,,
,,,,,18039,3.0,3,,,,,,,,
,,,,,18054,15.0,15,,,,,,,,
,,,,,18059,5.0,5,,,,,,,,
,,,,,18065,6.0,6,,,,,,,,
,,,,,18069,4.0,4,,,,,,,,
,,,,,18076,7.0,7,,,,,,,,
,,,,,18082,6.0,6,,,,,,,,
,,,,,18085,3.0,3,,,,,,,,
,,,,,18090,5.0,5,,,,,,,,
,,,,,18096,6.0,6,,,,,,,,
,,,,,18103,7.0,7,,,,,,,,
,,,,,18117,14.0,14,,,,,,,,
,,,,,18120,3.0,3,,,,,,,,
,,,,,18125,5.0,5,,,,,,,,
,,,,,18128,3.0,3,,,,,,,,
,,,,,18131,3.0,3,,,,,,,,
,,,,,18139,8.0,8,,,,,,,,
,,,,,18150,11.0,11,,,,,,,,
,,,,,18153,3.0,3,,,,,,,,
,,,,,18157,4.0,4,,,,,,,,
,,,,,18164,7.0,7,,,,,,,,
,,,,,18171,7.0,7,,,,,,,,
,,,,,18175,4.0,4,,,,,,,,
,,,,,18182,7.0,7,,,,,,,,
,,,,,18190,8.0,8,,,,,,,,
,,,,,18200,10.0,10,,,,,,,,
,,,,,18208,8.0,8,,,,,,,,
,,,,,18211,3.0,3,,,,,,,,
,,,,,18220,9.0,9,,,,,,,,
,,,,,18224,4.0,4,,,,,,,,
,,,,,18231,7.0,7,,,,,,,,
,,,,,18237,6.0,6,,,,,,,,
,,,,,18245,8.0,8,,,,,,,,
,,,,,18254,9.0,9,,,,,,,,
,,,,,18258,4.0,4,,,,,,,,
,,,,,18263,5.0,5,,,,,,,,
,,,,,18276,13.0,13,,,,,,,,
,,,,,18283,7.0,7,,,,,,,,
,,,,,18287,4.0,4,,,,,,,,
,,,,,18297,10.0,10,,,,,,,,
,,,,,18301,4.0,4,,,,,,,,
,,,,,18307,6.0,6,,,,,,,,
,,,,,18311,4.0,4,,,,,,,,
,,,,,18318,7.0,7,,,,,,,,
,,,,,18322,4.0,4,,,,,,,,
,,,,,18331,9.0,9,,,,,,,,
,,,,,18343,12.0,12,,,,,,,,
,,,,,18346,3.0,3,,,,,,,,
,,,,,18351,5.0,5,,,,,,,,
,,,,,18361,10.0,10,,,,,,,,
,,,,,18377,16.0,16,,,,,,,,
,,,,,18389,12.0,12,,,,,,,,
,,,,,18392,3.0,3,,,,,,,,
,,,,,18396,4.0,4,,,,,,,,
,,,,,18401,5.0,5,,,,,,,,
,,,,,18406,5.0,5,,,,,,,,
,,,,,18415,9.0,9,,,,,,,,
,,,,,18422,7.0,7,,,,,,,,
,,,,,18426,4.0,4,,,,,,,,
,,,,,18429,3.0,3,,,,,,,,
,,,,,18432,3.0,3,,,,,,,,
,,,,,18440,8.0,8,,,,,,,,
,,,,,18445,5.0,5,,,,,,,,
,,,,,18450,5.0,5,,,,,,,,
,,,,,18455,5.0,5,,,,,,,,
,,,,,18461,6.0,6,,,,,,,,
,,,,,18478,17.0,17,,,,,,,,
,,,,,18482,4.0,4,,,,,,,,
,,,,,18487,5.0,5,,,,,,,,
,,,,,18496,9.0,9,,,,,,,,
,,,,,18499,3.0,3,,,,,,,,
,,,,,18502,3.0,3,,,,,,,,
,,,,,18507,5.0,5,,,,,,,,
,,,,,18511,4.0,4,,,,,,,,
,,,,,18515,4.0,4,,,,,,,,
,,,,,18519,4.0,4,,,,,,,,
,,,,,18529,10.0,10,,,,,,,,
,,,,,18535,6.0,6,,,,,,,,
,,,,,18538,3.0,3,,,,,,,,
,,,,,18544,6.0,6,,,,,,,,
,,,,,18550,6.0,6,,,,,,,,
,,,,,18563,13.0,13,,,,,,,,
,,,,,18568,5.0,5,,,,,,,,
,,,,,18571,3.0,3,,,,,,,,
,,,,,18577,6.0,6,,,,,,,,
,,,,,18580,3.0,3,,,,,,,,
,,,,,18584,4.0,4,,,,,,,,
,,,,,18587,3.0,3,,,,,,,,
,,,,,18591,4.0,4,,,,,,,,
,,,,,18602,11.0,11,,,,,,,,
,,,,,18607,5.0,5,,,,,,,,
,,,,,18629,22.0,22,,,,,,,,
,,,,,18642,13.0,13,,,,,,,,
,,,,,18645,3.0,3,,,,,,,,
,,,,,18648,3.0,3,,,,,,,,
,,,,,18654,6.0,6,,,,,,,,
,,,,,18664,10.0,10,,,,,,,,
,,,,,18668,4.0,4,,,,,,,,
,,,,,18675,7.0,7,,,,,,,,
,,,,,18686,11.0,11,,,,,,,,
,,,,,18690,4.0,4,,,,,,,,
,,,,,18694,4.0,4,,,,,,,,
,,,,,18708,14.0,14,,,,,,,,
,,,,,18714,6.0,6,,,,,,,,
,,,,,18719,5.0,5,,,,,,,,
,,,,,18727,8.0,8,,,,,,,,
,,,,,18730,3.0,3,,,,,,,,
,,,,,18735,5.0,5,,,,,,,,
,,,,,18740,5.0,5,,,,,,,,
,,,,,18743,3.0,3,,,,,,,,
,,,,,18746,3.0,3,,,,,,,,
,,,,,18750,4.0,4,,,,,,,,
,,,,,18753,3.0,3,,,,,,,,
,,,,,18756,3.0,3,,,,,,,,
,,,,,18764,8.0,8,,,,,,,,
,,,,,18770,6.0,6,,,,,,,,
,,,,,18773,3.0,3,,,,,,,,
,,,,,18777,4.0,4,,,,,,,,
,,,,,18784,7.0,7,,,,,,,,
,,,,,18787,3.0,3,,,,,,,,
,,,,,18791,4.0,4,,,,,,,,
,,,,,18794,3.0,3,,,,,,,,
,,,,,18797,3.0,3,,,,,,,,
,,,,,18801,4.0,4,,,,,,,,
,,,,,18807,6.0,6,,,,,,,,
,,,,,18812,5.0,5,,,,,,,,
,,,,,18819,7.0,7,,,,,,,,
,,,,,18825,6.0,6,,,,,,,,
,,,,,18830,5.0,5,,,,,,,,
,,,,,18837,7.0,7,,,,,,,,
,,,,,18841,4.0,4,,,,,,,,
,,,,,18844,3.0,3,,,,,,,,
,,,,,18848,4.0,4,,,,,,,,
,,,,,18852,4.0,4,,,,,,,,
,,,,,18856,4.0,4,,,,,,,,
,,,,,18863,7.0,7,,,,,,,,
,,,,,18872,9.0,9,,,,,,,,
,,,,,18875,3.0,3,,,,,,,,
,,,,,18880,5.0,5,,,,,,,,
,,,,,18889,9.0,9,,,,,,,,
,,,,,18895,6.0,6,,,,,,,,
,,,,,18902,7.0,7,,,,,,,,
,,,,,18907,5.0,5,,,,,,,,
,,,,,18915,8.0,8,,,,,,,,
,,,,,18919,4.0,4,,,,,,,,
,,,,,18924,5.0,5,,,,,,,,
,,,,,18928,4.0,4,,,,,,,,
,,,,,18934,6.0,6,,,,,,,,
,,,,,18941,7.0,7,,,,,,,,
,,,,,18946,5.0,5,,,,,,,,
,,,,,18951,5.0,5,,,,,,,,
,,,,,18954,3.0,3,,,,,,,,
,,,,,18958,4.0,4,,,,,,,,
,,,,,18961,3.0,3,,,,,,,,
,,,,,18966,5.0,5,,,,,,,,
,,,,,18969,3.0,3,,,,,,,,
,,,,,18977,8.0,8,,,,,,,,
,,,,,18981,4.0,4,,,,,,,,
,,,,,18987,6.0,6,,,,,,,,
,,,,,18996,9.0,9,,,,,,,,
,,,,,19000,4.0,4,,,,,,,,
,,,,,19000,,,-0.06854012608528137,0.6854012608528137,1.5628591775894165,4.948009014129639,4.8400468826293945,0.0003,0.0003,0.1
,,,,,19004,4.0,4,,,,,,,,
,,,,,19007,3.0,3,,,,,,,,
,,,,,19021,14.0,14,,,,,,,,
,,,,,19029,8.0,8,,,,,,,,
,,,,,19032,3.0,3,,,,,,,,
,,,,,19042,10.0,10,,,,,,,,
,,,,,19046,4.0,4,,,,,,,,
,,,,,19050,4.0,4,,,,,,,,
,,,,,19053,3.0,3,,,,,,,,
,,,,,19058,5.0,5,,,,,,,,
,,,,,19076,18.0,18,,,,,,,,
,,,,,19087,11.0,11,,,,,,,,
,,,,,19091,4.0,4,,,,,,,,
,,,,,19095,4.0,4,,,,,,,,
,,,,,19105,10.0,10,,,,,,,,
,,,,,19111,6.0,6,,,,,,,,
,,,,,19114,3.0,3,,,,,,,,
,,,,,19118,4.0,4,,,,,,,,
,,,,,19122,4.0,4,,,,,,,,
,,,,,19125,3.0,3,,,,,,,,
,,,,,19134,9.0,9,,,,,,,,
,,,,,19138,4.0,4,,,,,,,,
,,,,,19145,7.0,7,,,,,,,,
,,,,,19154,9.0,9,,,,,,,,
,,,,,19158,4.0,4,,,,,,,,
,,,,,19165,7.0,7,,,,,,,,
,,,,,19175,10.0,10,,,,,,,,
,,,,,19180,5.0,5,,,,,,,,
,,,,,19183,3.0,3,,,,,,,,
,,,,,19186,3.0,3,,,,,,,,
,,,,,19199,13.0,13,,,,,,,,
,,,,,19206,7.0,7,,,,,,,,
,,,,,19210,4.0,4,,,,,,,,
,,,,,19214,4.0,4,,,,,,,,
,,,,,19217,3.0,3,,,,,,,,
,,,,,19221,4.0,4,,,,,,,,
,,,,,19231,10.0,10,,,,,,,,
,,,,,19236,5.0,5,,,,,,,,
,,,,,19241,5.0,5,,,,,,,,
,,,,,19247,6.0,6,,,,,,,,
,,,,,19254,7.0,7,,,,,,,,
,,,,,19259,5.0,5,,,,,,,,
,,,,,19263,4.0,4,,,,,,,,
,,,,,19266,3.0,3,,,,,,,,
,,,,,19269,3.0,3,,,,,,,,
,,,,,19273,4.0,4,,,,,,,,
,,,,,19277,4.0,4,,,,,,,,
,,,,,19280,3.0,3,,,,,,,,
,,,,,19285,5.0,5,,,,,,,,
,,,,,19302,17.0,17,,,,,,,,
,,,,,19306,4.0,4,,,,,,,,
,,,,,19309,3.0,3,,,,,,,,
,,,,,19315,6.0,6,,,,,,,,
,,,,,19321,6.0,6,,,,,,,,
,,,,,19329,8.0,8,,,,,,,,
,,,,,19333,4.0,4,,,,,,,,
,,,,,19337,4.0,4,,,,,,,,
,,,,,19340,3.0,3,,,,,,,,
,,,,,19344,4.0,4,,,,,,,,
,,,,,19348,4.0,4,,,,,,,,
,,,,,19353,5.0,5,,,,,,,,
,,,,,19360,7.0,7,,,,,,,,
,,,,,19364,4.0,4,,,,,,,,
,,,,,19368,4.0,4,,,,,,,,
,,,,,19371,3.0,3,,,,,,,,
,,,,,19375,4.0,4,,,,,,,,
,,,,,19380,5.0,5,,,,,,,,
,,,,,19385,5.0,5,,,,,,,,
,,,,,19390,5.0,5,,,,,,,,
,,,,,19402,12.0,12,,,,,,,,
,,,,,19405,3.0,3,,,,,,,,
,,,,,19414,9.0,9,,,,,,,,
,,,,,19418,4.0,4,,,,,,,,
,,,,,19428,10.0,10,,,,,,,,
,,,,,19435,7.0,7,,,,,,,,
,,,,,19438,3.0,3,,,,,,,,
,,,,,19456,18.0,18,,,,,,,,
,,,,,19462,6.0,6,,,,,,,,
,,,,,19468,6.0,6,,,,,,,,
,,,,,19471,3.0,3,,,,,,,,
,,,,,19475,4.0,4,,,,,,,,
,,,,,19479,4.0,4,,,,,,,,
,,,,,19482,3.0,3,,,,,,,,
,,,,,19485,3.0,3,,,,,,,,
,,,,,19491,6.0,6,,,,,,,,
,,,,,19496,5.0,5,,,,,,,,
,,,,,19499,3.0,3,,,,,,,,
,,,,,19503,4.0,4,,,,,,,,
,,,,,19506,3.0,3,,,,,,,,
,,,,,19510,4.0,4,,,,,,,,
,,,,,19513,3.0,3,,,,,,,,
,,,,,19520,7.0,7,,,,,,,,
,,,,,19529,9.0,9,,,,,,,,
,,,,,19543,14.0,14,,,,,,,,
,,,,,19546,3.0,3,,,,,,,,
,,,,,19557,11.0,11,,,,,,,,
,,,,,19572,15.0,15,,,,,,,,
,,,,,19575,3.0,3,,,,,,,,
,,,,,19581,6.0,6,,,,,,,,
,,,,,19585,4.0,4,,,,,,,,
,,,,,19591,6.0,6,,,,,,,,
,,,,,19595,4.0,4,,,,,,,,
,,,,,19609,14.0,14,,,,,,,,
,,,,,19616,7.0,7,,,,,,,,
,,,,,19619,3.0,3,,,,,,,,
,,,,,19623,4.0,4,,,,,,,,
,,,,,19629,6.0,6,,,,,,,,
,,,,,19634,5.0,5,,,,,,,,
,,,,,19637,3.0,3,,,,,,,,
,,,,,19643,6.0,6,,,,,,,,
,,,,,19647,4.0,4,,,,,,,,
,,,,,19653,6.0,6,,,,,,,,
,,,,,19661,8.0,8,,,,,,,,
,,,,,19678,17.0,17,,,,,,,,
,,,,,19682,4.0,4,,,,,,,,
,,,,,19686,4.0,4,,,,,,,,
,,,,,19690,4.0,4,,,,,,,,
,,,,,19694,4.0,4,,,,,,,,
,,,,,19697,3.0,3,,,,,,,,
,,,,,19700,3.0,3,,,,,,,,
,,,,,19714,14.0,14,,,,,,,,
,,,,,19720,6.0,6,,,,,,,,
,,,,,19724,4.0,4,,,,,,,,
,,,,,19727,3.0,3,,,,,,,,
,,,,,19732,5.0,5,,,,,,,,
,,,,,19739,7.0,7,,,,,,,,
,,,,,19743,4.0,4,,,,,,,,
,,,,,19747,4.0,4,,,,,,,,
,,,,,19751,4.0,4,,,,,,,,
,,,,,19755,4.0,4,,,,,,,,
,,,,,19760,5.0,5,,,,,,,,
,,,,,19763,3.0,3,,,,,,,,
,,,,,19769,6.0,6,,,,,,,,
,,,,,19772,3.0,3,,,,,,,,
,,,,,19775,3.0,3,,,,,,,,
,,,,,19792,17.0,17,,,,,,,,
,,,,,19802,10.0,10,,,,,,,,
,,,,,19805,3.0,3,,,,,,,,
,,,,,19808,3.0,3,,,,,,,,
,,,,,19814,6.0,6,,,,,,,,
,,,,,19819,5.0,5,,,,,,,,
,,,,,19827,8.0,8,,,,,,,,
,,,,,19831,4.0,4,,,,,,,,
,,,,,19834,3.0,3,,,,,,,,
,,,,,19841,7.0,7,,,,,,,,
,,,,,19848,7.0,7,,,,,,,,
,,,,,19852,4.0,4,,,,,,,,
,,,,,19857,5.0,5,,,,,,,,
,,,,,19861,4.0,4,,,,,,,,
,,,,,19868,7.0,7,,,,,,,,
,,,,,19871,3.0,3,,,,,,,,
,,,,,19876,5.0,5,,,,,,,,
,,,,,19884,8.0,8,,,,,,,,
,,,,,19889,5.0,5,,,,,,,,
,,,,,19894,5.0,5,,,,,,,,
,,,,,19897,3.0,3,,,,,,,,
,,,,,19908,11.0,11,,,,,,,,
,,,,,19916,8.0,8,,,,,,,,
,,,,,19924,8.0,8,,,,,,,,
,,,,,19932,8.0,8,,,,,,,,
,,,,,19937,5.0,5,,,,,,,,
,,,,,19947,10.0,10,,,,,,,,
,,,,,19957,10.0,10,,,,,,,,
,,,,,19963,6.0,6,,,,,,,,
,,,,,19975,12.0,12,,,,,,,,
,,,,,19978,3.0,3,,,,,,,,
,,,,,19990,12.0,12,,,,,,,,
,,,,,19993,3.0,3,,,,,,,,
,,,,,19996,3.0,3,,,,,,,,
7.3,5.933801,24.0,3.0,7.3,20000,,,-0.06849627941846848,0.684962809085846,1.694354772567749,4.629384994506836,4.79622745513916,0.0003,0.0003,0.1
,,,,,20021,25.0,25,,,,,,,,
,,,,,20024,3.0,3,,,,,,,,
,,,,,20027,3.0,3,,,,,,,,
,,,,,20034,7.0,7,,,,,,,,
,,,,,20038,4.0,4,,,,,,,,
,,,,,20043,5.0,5,,,,,,,,
,,,,,20046,3.0,3,,,,,,,,
,,,,,20050,4.0,4,,,,,,,,
,,,,,20067,17.0,17,,,,,,,,
,,,,,20076,9.0,9,,,,,,,,
,,,,,20085,9.0,9,,,,,,,,
,,,,,20089,4.0,4,,,,,,,,
,,,,,20093,4.0,4,,,,,,,,
,,,,,20097,4.0,4,,,,,,,,
,,,,,20100,3.0,3,,,,,,,,
,,,,,20103,3.0,3,,,,,,,,
,,,,,20106,3.0,3,,,,,,,,
,,,,,20113,7.0,7,,,,,,,,
,,,,,20119,6.0,6,,,,,,,,
,,,,,20123,4.0,4,,,,,,,,
,,,,,20126,3.0,3,,,,,,,,
,,,,,20131,5.0,5,,,,,,,,
,,,,,20134,3.0,3,,,,,,,,
,,,,,20142,8.0,8,,,,,,,,
,,,,,20145,3.0,3,,,,,,,,
,,,,,20152,7.0,7,,,,,,,,
,,,,,20163,11.0,11,,,,,,,,
,,,,,20167,4.0,4,,,,,,,,
,,,,,20171,4.0,4,,,,,,,,
,,,,,20182,11.0,11,,,,,,,,
,,,,,20190,8.0,8,,,,,,,,
,,,,,20195,5.0,5,,,,,,,,
,,,,,20199,4.0,4,,,,,,,,
,,,,,20206,7.0,7,,,,,,,,
,,,,,20212,6.0,6,,,,,,,,
,,,,,20217,5.0,5,,,,,,,,
,,,,,20220,3.0,3,,,,,,,,
,,,,,20224,4.0,4,,,,,,,,
,,,,,20236,12.0,12,,,,,,,,
,,,,,20240,4.0,4,,,,,,,,
,,,,,20247,7.0,7,,,,,,,,
,,,,,20252,5.0,5,,,,,,,,
,,,,,20264,12.0,12,,,,,,,,
,,,,,20268,4.0,4,,,,,,,,
,,,,,20275,7.0,7,,,,,,,,
,,,,,20288,13.0,13,,,,,,,,
,,,,,20291,3.0,3,,,,,,,,
,,,,,20294,3.0,3,,,,,,,,
,,,,,20299,5.0,5,,,,,,,,
,,,,,20304,5.0,5,,,,,,,,
,,,,,20308,4.0,4,,,,,,,,
,,,,,20312,4.0,4,,,,,,,,
,,,,,20317,5.0,5,,,,,,,,
,,,,,20320,3.0,3,,,,,,,,
,,,,,20323,3.0,3,,,,,,,,
,,,,,20329,6.0,6,,,,,,,,
,,,,,20333,4.0,4,,,,,,,,
,,,,,20336,3.0,3,,,,,,,,
,,,,,20342,6.0,6,,,,,,,,
,,,,,20346,4.0,4,,,,,,,,
,,,,,20353,7.0,7,,,,,,,,
,,,,,20357,4.0,4,,,,,,,,
,,,,,20361,4.0,4,,,,,,,,
,,,,,20376,15.0,15,,,,,,,,
,,,,,20380,4.0,4,,,,,,,,
,,,,,20388,8.0,8,,,,,,,,
,,,,,20394,6.0,6,,,,,,,,
,,,,,20397,3.0,3,,,,,,,,
,,,,,20400,3.0,3,,,,,,,,
,,,,,20405,5.0,5,,,,,,,,
,,,,,20409,4.0,4,,,,,,,,
,,,,,20416,7.0,7,,,,,,,,
,,,,,20420,4.0,4,,,,,,,,
,,,,,20424,4.0,4,,,,,,,,
,,,,,20429,5.0,5,,,,,,,,
,,,,,20432,3.0,3,,,,,,,,
,,,,,20437,5.0,5,,,,,,,,
,,,,,20443,6.0,6,,,,,,,,
,,,,,20457,14.0,14,,,,,,,,
,,,,,20461,4.0,4,,,,,,,,
,,,,,20471,10.0,10,,,,,,,,
,,,,,20474,3.0,3,,,,,,,,
,,,,,20477,3.0,3,,,,,,,,
,,,,,20484,7.0,7,,,,,,,,
,,,,,20488,4.0,4,,,,,,,,
,,,,,20499,11.0,11,,,,,,,,
,,,,,20503,4.0,4,,,,,,,,
,,,,,20506,3.0,3,,,,,,,,
,,,,,20512,6.0,6,,,,,,,,
,,,,,20518,6.0,6,,,,,,,,
,,,,,20521,3.0,3,,,,,,,,
,,,,,20526,5.0,5,,,,,,,,
,,,,,20533,7.0,7,,,,,,,,
,,,,,20536,3.0,3,,,,,,,,
,,,,,20542,6.0,6,,,,,,,,
,,,,,20553,11.0,11,,,,,,,,
,,,,,20559,6.0,6,,,,,,,,
,,,,,20565,6.0,6,,,,,,,,
,,,,,20570,5.0,5,,,,,,,,
,,,,,20586,16.0,16,,,,,,,,
,,,,,20595,9.0,9,,,,,,,,
,,,,,20608,13.0,13,,,,,,,,
,,,,,20612,4.0,4,,,,,,,,
,,,,,20615,3.0,3,,,,,,,,
,,,,,20626,11.0,11,,,,,,,,
,,,,,20631,5.0,5,,,,,,,,
,,,,,20636,5.0,5,,,,,,,,
,,,,,20640,4.0,4,,,,,,,,
,,,,,20647,7.0,7,,,,,,,,
,,,,,20651,4.0,4,,,,,,,,
,,,,,20663,12.0,12,,,,,,,,
,,,,,20671,8.0,8,,,,,,,,
,,,,,20677,6.0,6,,,,,,,,
,,,,,20681,4.0,4,,,,,,,,
,,,,,20685,4.0,4,,,,,,,,
,,,,,20688,3.0,3,,,,,,,,
,,,,,20691,3.0,3,,,,,,,,
,,,,,20702,11.0,11,,,,,,,,
,,,,,20706,4.0,4,,,,,,,,
,,,,,20710,4.0,4,,,,,,,,
,,,,,20714,4.0,4,,,,,,,,
,,,,,20718,4.0,4,,,,,,,,
,,,,,20721,3.0,3,,,,,,,,
,,,,,20731,10.0,10,,,,,,,,
,,,,,20735,4.0,4,,,,,,,,
,,,,,20741,6.0,6,,,,,,,,
,,,,,20749,8.0,8,,,,,,,,
,,,,,20762,13.0,13,,,,,,,,
,,,,,20776,14.0,14,,,,,,,,
,,,,,20780,4.0,4,,,,,,,,
,,,,,20786,6.0,6,,,,,,,,
,,,,,20789,3.0,3,,,,,,,,
,,,,,20792,3.0,3,,,,,,,,
,,,,,20797,5.0,5,,,,,,,,
,,,,,20809,12.0,12,,,,,,,,
,,,,,20817,8.0,8,,,,,,,,
,,,,,20821,4.0,4,,,,,,,,
,,,,,20830,9.0,9,,,,,,,,
,,,,,20836,6.0,6,,,,,,,,
,,,,,20839,3.0,3,,,,,,,,
,,,,,20845,6.0,6,,,,,,,,
,,,,,20853,8.0,8,,,,,,,,
,,,,,20858,5.0,5,,,,,,,,
,,,,,20863,5.0,5,,,,,,,,
,,,,,20873,10.0,10,,,,,,,,
,,,,,20880,7.0,7,,,,,,,,
,,,,,20887,7.0,7,,,,,,,,
,,,,,20892,5.0,5,,,,,,,,
,,,,,20896,4.0,4,,,,,,,,
,,,,,20899,3.0,3,,,,,,,,
,,,,,20905,6.0,6,,,,,,,,
,,,,,20913,8.0,8,,,,,,,,
,,,,,20916,3.0,3,,,,,,,,
,,,,,20922,6.0,6,,,,,,,,
,,,,,20929,7.0,7,,,,,,,,
,,,,,20935,6.0,6,,,,,,,,
,,,,,20941,6.0,6,,,,,,,,
,,,,,20945,4.0,4,,,,,,,,
,,,,,20956,11.0,11,,,,,,,,
,,,,,20964,8.0,8,,,,,,,,
,,,,,20972,8.0,8,,,,,,,,
,,,,,20978,6.0,6,,,,,,,,
,,,,,20983,5.0,5,,,,,,,,
,,,,,20992,9.0,9,,,,,,,,
,,,,,20996,4.0,4,,,,,,,,
,,,,,21000,4.0,4,,,,,,,,
,,,,,21000,,,-0.06858981400728226,0.6858981251716614,1.2155452966690063,4.058379650115967,4.107525825500488,0.0003,0.0003,0.1
,,,,,21005,5.0,5,,,,,,,,
,,,,,21009,4.0,4,,,,,,,,
,,,,,21015,6.0,6,,,,,,,,
,,,,,21023,8.0,8,,,,,,,,
,,,,,21029,6.0,6,,,,,,,,
,,,,,21032,3.0,3,,,,,,,,
,,,,,21035,3.0,3,,,,,,,,
,,,,,21041,6.0,6,,,,,,,,
,,,,,21044,3.0,3,,,,,,,,
,,,,,21051,7.0,7,,,,,,,,
,,,,,21054,3.0,3,,,,,,,,
,,,,,21061,7.0,7,,,,,,,,
,,,,,21066,5.0,5,,,,,,,,
,,,,,21072,6.0,6,,,,,,,,
,,,,,21081,9.0,9,,,,,,,,
,,,,,21091,10.0,10,,,,,,,,
,,,,,21100,9.0,9,,,,,,,,
,,,,,21103,3.0,3,,,,,,,,
,,,,,21108,5.0,5,,,,,,,,
,,,,,21121,13.0,13,,,,,,,,
,,,,,21130,9.0,9,,,,,,,,
,,,,,21135,5.0,5,,,,,,,,
,,,,,21153,18.0,18,,,,,,,,
,,,,,21157,4.0,4,,,,,,,,
,,,,,21161,4.0,4,,,,,,,,
,,,,,21179,18.0,18,,,,,,,,
,,,,,21183,4.0,4,,,,,,,,
,,,,,21188,5.0,5,,,,,,,,
,,,,,21193,5.0,5,,,,,,,,
,,,,,21196,3.0,3,,,,,,,,
,,,,,21202,6.0,6,,,,,,,,
,,,,,21214,12.0,12,,,,,,,,
,,,,,21220,6.0,6,,,,,,,,
,,,,,21225,5.0,5,,,,,,,,
,,,,,21229,4.0,4,,,,,,,,
,,,,,21232,3.0,3,,,,,,,,
,,,,,21236,4.0,4,,,,,,,,
,,,,,21243,7.0,7,,,,,,,,
,,,,,21246,3.0,3,,,,,,,,
,,,,,21252,6.0,6,,,,,,,,
,,,,,21264,12.0,12,,,,,,,,
,,,,,21271,7.0,7,,,,,,,,
,,,,,21274,3.0,3,,,,,,,,
,,,,,21277,3.0,3,,,,,,,,
,,,,,21282,5.0,5,,,,,,,,
,,,,,21290,8.0,8,,,,,,,,
,,,,,21294,4.0,4,,,,,,,,
,,,,,21299,5.0,5,,,,,,,,
,,,,,21307,8.0,8,,,,,,,,
,,,,,21311,4.0,4,,,,,,,,
,,,,,21315,4.0,4,,,,,,,,
,,,,,21319,4.0,4,,,,,,,,
,,,,,21329,10.0,10,,,,,,,,
,,,,,21332,3.0,3,,,,,,,,
,,,,,21338,6.0,6,,,,,,,,
,,,,,21345,7.0,7,,,,,,,,
,,,,,21357,12.0,12,,,,,,,,
,,,,,21363,6.0,6,,,,,,,,
,,,,,21367,4.0,4,,,,,,,,
,,,,,21374,7.0,7,,,,,,,,
,,,,,21379,5.0,5,,,,,,,,
,,,,,21384,5.0,5,,,,,,,,
,,,,,21390,6.0,6,,,,,,,,
,,,,,21399,9.0,9,,,,,,,,
,,,,,21402,3.0,3,,,,,,,,
,,,,,21406,4.0,4,,,,,,,,
,,,,,21414,8.0,8,,,,,,,,
,,,,,21418,4.0,4,,,,,,,,
,,,,,21426,8.0,8,,,,,,,,
,,,,,21430,4.0,4,,,,,,,,
,,,,,21433,3.0,3,,,,,,,,
,,,,,21447,14.0,14,,,,,,,,
,,,,,21454,7.0,7,,,,,,,,
,,,,,21457,3.0,3,,,,,,,,
,,,,,21465,8.0,8,,,,,,,,
,,,,,21471,6.0,6,,,,,,,,
,,,,,21475,4.0,4,,,,,,,,
,,,,,21482,7.0,7,,,,,,,,
,,,,,21485,3.0,3,,,,,,,,
,,,,,21488,3.0,3,,,,,,,,
,,,,,21494,6.0,6,,,,,,,,
,,,,,21497,3.0,3,,,,,,,,
,,,,,21500,3.0,3,,,,,,,,
,,,,,21505,5.0,5,,,,,,,,
,,,,,21510,5.0,5,,,,,,,,
,,,,,21517,7.0,7,,,,,,,,
,,,,,21525,8.0,8,,,,,,,,
,,,,,21528,3.0,3,,,,,,,,
,,,,,21535,7.0,7,,,,,,,,
,,,,,21538,3.0,3,,,,,,,,
,,,,,21548,10.0,10,,,,,,,,
,,,,,21551,3.0,3,,,,,,,,
,,,,,21561,10.0,10,,,,,,,,
,,,,,21570,9.0,9,,,,,,,,
,,,,,21574,4.0,4,,,,,,,,
,,,,,21578,4.0,4,,,,,,,,
,,,,,21584,6.0,6,,,,,,,,
,,,,,21587,3.0,3,,,,,,,,
,,,,,21592,5.0,5,,,,,,,,
,,,,,21595,3.0,3,,,,,,,,
,,,,,21598,3.0,3,,,,,,,,
,,,,,21601,3.0,3,,,,,,,,
,,,,,21611,10.0,10,,,,,,,,
,,,,,21618,7.0,7,,,,,,,,
,,,,,21623,5.0,5,,,,,,,,
,,,,,21629,6.0,6,,,,,,,,
,,,,,21633,4.0,4,,,,,,,,
,,,,,21636,3.0,3,,,,,,,,
,,,,,21641,5.0,5,,,,,,,,
,,,,,21644,3.0,3,,,,,,,,
,,,,,21649,5.0,5,,,,,,,,
,,,,,21654,5.0,5,,,,,,,,
,,,,,21665,11.0,11,,,,,,,,
,,,,,21668,3.0,3,,,,,,,,
,,,,,21672,4.0,4,,,,,,,,
,,,,,21678,6.0,6,,,,,,,,
,,,,,21684,6.0,6,,,,,,,,
,,,,,21687,3.0,3,,,,,,,,
,,,,,21690,3.0,3,,,,,,,,
,,,,,21700,10.0,10,,,,,,,,
,,,,,21703,3.0,3,,,,,,,,
,,,,,21708,5.0,5,,,,,,,,
,,,,,21714,6.0,6,,,,,,,,
,,,,,21720,6.0,6,,,,,,,,
,,,,,21724,4.0,4,,,,,,,,
,,,,,21743,19.0,19,,,,,,,,
,,,,,21751,8.0,8,,,,,,,,
,,,,,21760,9.0,9,,,,,,,,
,,,,,21770,10.0,10,,,,,,,,
,,,,,21774,4.0,4,,,,,,,,
,,,,,21783,9.0,9,,,,,,,,
,,,,,21789,6.0,6,,,,,,,,
,,,,,21797,8.0,8,,,,,,,,
,,,,,21800,3.0,3,,,,,,,,
,,,,,21803,3.0,3,,,,,,,,
,,,,,21807,4.0,4,,,,,,,,
,,,,,21813,6.0,6,,,,,,,,
,,,,,21819,6.0,6,,,,,,,,
,,,,,21822,3.0,3,,,,,,,,
,,,,,21826,4.0,4,,,,,,,,
,,,,,21832,6.0,6,,,,,,,,
,,,,,21843,11.0,11,,,,,,,,
,,,,,21858,15.0,15,,,,,,,,
,,,,,21873,15.0,15,,,,,,,,
,,,,,21879,6.0,6,,,,,,,,
,,,,,21886,7.0,7,,,,,,,,
,,,,,21889,3.0,3,,,,,,,,
,,,,,21901,12.0,12,,,,,,,,
,,,,,21904,3.0,3,,,,,,,,
,,,,,21908,4.0,4,,,,,,,,
,,,,,21911,3.0,3,,,,,,,,
,,,,,21914,3.0,3,,,,,,,,
,,,,,21917,3.0,3,,,,,,,,
,,,,,21922,5.0,5,,,,,,,,
,,,,,21927,5.0,5,,,,,,,,
,,,,,21939,12.0,12,,,,,,,,
,,,,,21950,11.0,11,,,,,,,,
,,,,,21963,13.0,13,,,,,,,,
,,,,,21967,4.0,4,,,,,,,,
,,,,,21970,3.0,3,,,,,,,,
,,,,,21973,3.0,3,,,,,,,,
,,,,,21979,6.0,6,,,,,,,,
,,,,,21982,3.0,3,,,,,,,,
,,,,,21994,12.0,12,,,,,,,,
,,,,,22000,6.0,6,,,,,,,,
,,,,,22000,,,-0.06941729038953781,0.6941728591918945,1.7439019680023193,4.717403411865234,4.807948112487793,0.0003,0.0003,0.1
,,,,,22006,6.0,6,,,,,,,,
,,,,,22010,4.0,4,,,,,,,,
,,,,,22019,9.0,9,,,,,,,,
,,,,,22024,5.0,5,,,,,,,,
,,,,,22030,6.0,6,,,,,,,,
,,,,,22033,3.0,3,,,,,,,,
,,,,,22038,5.0,5,,,,,,,,
,,,,,22044,6.0,6,,,,,,,,
,,,,,22047,3.0,3,,,,,,,,
,,,,,22050,3.0,3,,,,,,,,
,,,,,22055,5.0,5,,,,,,,,
,,,,,22060,5.0,5,,,,,,,,
,,,,,22066,6.0,6,,,,,,,,
,,,,,22070,4.0,4,,,,,,,,
,,,,,22074,4.0,4,,,,,,,,
,,,,,22082,8.0,8,,,,,,,,
,,,,,22085,3.0,3,,,,,,,,
,,,,,22102,17.0,17,,,,,,,,
,,,,,22105,3.0,3,,,,,,,,
,,,,,22109,4.0,4,,,,,,,,
,,,,,22119,10.0,10,,,,,,,,
,,,,,22127,8.0,8,,,,,,,,
,,,,,22134,7.0,7,,,,,,,,
,,,,,22137,3.0,3,,,,,,,,
,,,,,22141,4.0,4,,,,,,,,
,,,,,22146,5.0,5,,,,,,,,
,,,,,22150,4.0,4,,,,,,,,
,,,,,22154,4.0,4,,,,,,,,
,,,,,22166,12.0,12,,,,,,,,
,,,,,22170,4.0,4,,,,,,,,
,,,,,22176,6.0,6,,,,,,,,
,,,,,22183,7.0,7,,,,,,,,
,,,,,22188,5.0,5,,,,,,,,
,,,,,22191,3.0,3,,,,,,,,
,,,,,22195,4.0,4,,,,,,,,
,,,,,22200,5.0,5,,,,,,,,
,,,,,22209,9.0,9,,,,,,,,
,,,,,22216,7.0,7,,,,,,,,
,,,,,22226,10.0,10,,,,,,,,
,,,,,22234,8.0,8,,,,,,,,
,,,,,22241,7.0,7,,,,,,,,
,,,,,22245,4.0,4,,,,,,,,
,,,,,22251,6.0,6,,,,,,,,
,,,,,22260,9.0,9,,,,,,,,
,,,,,22263,3.0,3,,,,,,,,
,,,,,22268,5.0,5,,,,,,,,
,,,,,22272,4.0,4,,,,,,,,
,,,,,22277,5.0,5,,,,,,,,
,,,,,22280,3.0,3,,,,,,,,
,,,,,22283,3.0,3,,,,,,,,
,,,,,22287,4.0,4,,,,,,,,
,,,,,22297,10.0,10,,,,,,,,
,,,,,22300,3.0,3,,,,,,,,
,,,,,22312,12.0,12,,,,,,,,
,,,,,22317,5.0,5,,,,,,,,
,,,,,22320,3.0,3,,,,,,,,
,,,,,22325,5.0,5,,,,,,,,
,,,,,22329,4.0,4,,,,,,,,
,,,,,22332,3.0,3,,,,,,,,
,,,,,22337,5.0,5,,,,,,,,
,,,,,22342,5.0,5,,,,,,,,
,,,,,22348,6.0,6,,,,,,,,
,,,,,22355,7.0,7,,,,,,,,
,,,,,22359,4.0,4,,,,,,,,
,,,,,22365,6.0,6,,,,,,,,
,,,,,22369,4.0,4,,,,,,,,
,,,,,22372,3.0,3,,,,,,,,
,,,,,22383,11.0,11,,,,,,,,
,,,,,22386,3.0,3,,,,,,,,
,,,,,22391,5.0,5,,,,,,,,
,,,,,22395,4.0,4,,,,,,,,
,,,,,22404,9.0,9,,,,,,,,
,,,,,22409,5.0,5,,,,,,,,
,,,,,22413,4.0,4,,,,,,,,
,,,,,22417,4.0,4,,,,,,,,
,,,,,22420,3.0,3,,,,,,,,
,,,,,22427,7.0,7,,,,,,,,
,,,,,22430,3.0,3,,,,,,,,
,,,,,22439,9.0,9,,,,,,,,
,,,,,22442,3.0,3,,,,,,,,
,,,,,22446,4.0,4,,,,,,,,
,,,,,22459,13.0,13,,,,,,,,
,,,,,22462,3.0,3,,,,,,,,
,,,,,22465,3.0,3,,,,,,,,
,,,,,22468,3.0,3,,,,,,,,
,,,,,22473,5.0,5,,,,,,,,
,,,,,22484,11.0,11,,,,,,,,
,,,,,22499,15.0,15,,,,,,,,
,,,,,22507,8.0,8,,,,,,,,
,,,,,22515,8.0,8,,,,,,,,
,,,,,22521,6.0,6,,,,,,,,
,,,,,22527,6.0,6,,,,,,,,
,,,,,22531,4.0,4,,,,,,,,
,,,,,22538,7.0,7,,,,,,,,
,,,,,22542,4.0,4,,,,,,,,
,,,,,22546,4.0,4,,,,,,,,
,,,,,22555,9.0,9,,,,,,,,
,,,,,22559,4.0,4,,,,,,,,
,,,,,22565,6.0,6,,,,,,,,
,,,,,22573,8.0,8,,,,,,,,
,,,,,22577,4.0,4,,,,,,,,
,,,,,22580,3.0,3,,,,,,,,
,,,,,22586,6.0,6,,,,,,,,
,,,,,22589,3.0,3,,,,,,,,
,,,,,22604,15.0,15,,,,,,,,
,,,,,22608,4.0,4,,,,,,,,
,,,,,22617,9.0,9,,,,,,,,
,,,,,22628,11.0,11,,,,,,,,
,,,,,22633,5.0,5,,,,,,,,
,,,,,22646,13.0,13,,,,,,,,
,,,,,22654,8.0,8,,,,,,,,
,,,,,22663,9.0,9,,,,,,,,
,,,,,22668,5.0,5,,,,,,,,
,,,,,22671,3.0,3,,,,,,,,
,,,,,22675,4.0,4,,,,,,,,
,,,,,22679,4.0,4,,,,,,,,
,,,,,22686,7.0,7,,,,,,,,
,,,,,22691,5.0,5,,,,,,,,
,,,,,22694,3.0,3,,,,,,,,
,,,,,22713,19.0,19,,,,,,,,
,,,,,22718,5.0,5,,,,,,,,
,,,,,22722,4.0,4,,,,,,,,
,,,,,22729,7.0,7,,,,,,,,
,,,,,22738,9.0,9,,,,,,,,
,,,,,22744,6.0,6,,,,,,,,
,,,,,22748,4.0,4,,,,,,,,
,,,,,22769,21.0,21,,,,,,,,
,,,,,22772,3.0,3,,,,,,,,
,,,,,22779,7.0,7,,,,,,,,
,,,,,22784,5.0,5,,,,,,,,
,,,,,22787,3.0,3,,,,,,,,
,,,,,22791,4.0,4,,,,,,,,
,,,,,22794,3.0,3,,,,,,,,
,,,,,22797,3.0,3,,,,,,,,
,,,,,22804,7.0,7,,,,,,,,
,,,,,22807,3.0,3,,,,,,,,
,,,,,22817,10.0,10,,,,,,,,
,,,,,22822,5.0,5,,,,,,,,
,,,,,22830,8.0,8,,,,,,,,
,,,,,22836,6.0,6,,,,,,,,
,,,,,22844,8.0,8,,,,,,,,
,,,,,22848,4.0,4,,,,,,,,
,,,,,22852,4.0,4,,,,,,,,
,,,,,22855,3.0,3,,,,,,,,
,,,,,22862,7.0,7,,,,,,,,
,,,,,22867,5.0,5,,,,,,,,
,,,,,22872,5.0,5,,,,,,,,
,,,,,22877,5.0,5,,,,,,,,
,,,,,22884,7.0,7,,,,,,,,
,,,,,22887,3.0,3,,,,,,,,
,,,,,22893,6.0,6,,,,,,,,
,,,,,22897,4.0,4,,,,,,,,
,,,,,22900,3.0,3,,,,,,,,
,,,,,22904,4.0,4,,,,,,,,
,,,,,22912,8.0,8,,,,,,,,
,,,,,22917,5.0,5,,,,,,,,
,,,,,22920,3.0,3,,,,,,,,
,,,,,22927,7.0,7,,,,,,,,
,,,,,22930,3.0,3,,,,,,,,
,,,,,22934,4.0,4,,,,,,,,
,,,,,22937,3.0,3,,,,,,,,
,,,,,22941,4.0,4,,,,,,,,
,,,,,22947,6.0,6,,,,,,,,
,,,,,22955,8.0,8,,,,,,,,
,,,,,22959,4.0,4,,,,,,,,
,,,,,22966,7.0,7,,,,,,,,
,,,,,22970,4.0,4,,,,,,,,
,,,,,22975,5.0,5,,,,,,,,
,,,,,22993,18.0,18,,,,,,,,
,,,,,22996,3.0,3,,,,,,,,
,,,,,23000,,,-0.06885247677564621,0.6885247230529785,1.7934796810150146,4.831783294677734,4.810251235961914,0.0003,0.0003,0.1
,,,,,23001,5.0,5,,,,,,,,
,,,,,23012,11.0,11,,,,,,,,
,,,,,23019,7.0,7,,,,,,,,
,,,,,23022,3.0,3,,,,,,,,
,,,,,23027,5.0,5,,,,,,,,
,,,,,23033,6.0,6,,,,,,,,
,,,,,23036,3.0,3,,,,,,,,
,,,,,23040,4.0,4,,,,,,,,
,,,,,23046,6.0,6,,,,,,,,
,,,,,23052,6.0,6,,,,,,,,
,,,,,23059,7.0,7,,,,,,,,
,,,,,23062,3.0,3,,,,,,,,
,,,,,23067,5.0,5,,,,,,,,
,,,,,23071,4.0,4,,,,,,,,
,,,,,23074,3.0,3,,,,,,,,
,,,,,23078,4.0,4,,,,,,,,
,,,,,23086,8.0,8,,,,,,,,
,,,,,23090,4.0,4,,,,,,,,
,,,,,23104,14.0,14,,,,,,,,
,,,,,23118,14.0,14,,,,,,,,
,,,,,23122,4.0,4,,,,,,,,
,,,,,23133,11.0,11,,,,,,,,
,,,,,23136,3.0,3,,,,,,,,
,,,,,23144,8.0,8,,,,,,,,
,,,,,23150,6.0,6,,,,,,,,
,,,,,23155,5.0,5,,,,,,,,
,,,,,23161,6.0,6,,,,,,,,
,,,,,23164,3.0,3,,,,,,,,
,,,,,23170,6.0,6,,,,,,,,
,,,,,23176,6.0,6,,,,,,,,
,,,,,23186,10.0,10,,,,,,,,
,,,,,23191,5.0,5,,,,,,,,
,,,,,23197,6.0,6,,,,,,,,
,,,,,23202,5.0,5,,,,,,,,
,,,,,23210,8.0,8,,,,,,,,
,,,,,23225,15.0,15,,,,,,,,
,,,,,23233,8.0,8,,,,,,,,
,,,,,23241,8.0,8,,,,,,,,
,,,,,23244,3.0,3,,,,,,,,
,,,,,23247,3.0,3,,,,,,,,
,,,,,23251,4.0,4,,,,,,,,
,,,,,23255,4.0,4,,,,,,,,
,,,,,23259,4.0,4,,,,,,,,
,,,,,23263,4.0,4,,,,,,,,
,,,,,23266,3.0,3,,,,,,,,
,,,,,23269,3.0,3,,,,,,,,
,,,,,23278,9.0,9,,,,,,,,
,,,,,23283,5.0,5,,,,,,,,
,,,,,23288,5.0,5,,,,,,,,
,,,,,23294,6.0,6,,,,,,,,
,,,,,23301,7.0,7,,,,,,,,
,,,,,23305,4.0,4,,,,,,,,
,,,,,23308,3.0,3,,,,,,,,
,,,,,23314,6.0,6,,,,,,,,
,,,,,23318,4.0,4,,,,,,,,
,,,,,23325,7.0,7,,,,,,,,
,,,,,23330,5.0,5,,,,,,,,
,,,,,23337,7.0,7,,,,,,,,
,,,,,23340,3.0,3,,,,,,,,
,,,,,23345,5.0,5,,,,,,,,
,,,,,23349,4.0,4,,,,,,,,
,,,,,23355,6.0,6,,,,,,,,
,,,,,23360,5.0,5,,,,,,,,
,,,,,23368,8.0,8,,,,,,,,
,,,,,23379,11.0,11,,,,,,,,
,,,,,23384,5.0,5,,,,,,,,
,,,,,23388,4.0,4,,,,,,,,
,,,,,23392,4.0,4,,,,,,,,
,,,,,23396,4.0,4,,,,,,,,
,,,,,23399,3.0,3,,,,,,,,
,,,,,23407,8.0,8,,,,,,,,
,,,,,23410,3.0,3,,,,,,,,
,,,,,23415,5.0,5,,,,,,,,
,,,,,23418,3.0,3,,,,,,,,
,,,,,23422,4.0,4,,,,,,,,
,,,,,23428,6.0,6,,,,,,,,
,,,,,23438,10.0,10,,,,,,,,
,,,,,23443,5.0,5,,,,,,,,
,,,,,23446,3.0,3,,,,,,,,
,,,,,23453,7.0,7,,,,,,,,
,,,,,23458,5.0,5,,,,,,,,
,,,,,23463,5.0,5,,,,,,,,
,,,,,23469,6.0,6,,,,,,,,
,,,,,23476,7.0,7,,,,,,,,
,,,,,23480,4.0,4,,,,,,,,
,,,,,23483,3.0,3,,,,,,,,
,,,,,23490,7.0,7,,,,,,,,
,,,,,23493,3.0,3,,,,,,,,
,,,,,23496,3.0,3,,,,,,,,
,,,,,23499,3.0,3,,,,,,,,
,,,,,23523,24.0,24,,,,,,,,
,,,,,23529,6.0,6,,,,,,,,
,,,,,23532,3.0,3,,,,,,,,
,,,,,23538,6.0,6,,,,,,,,
,,,,,23542,4.0,4,,,,,,,,
,,,,,23546,4.0,4,,,,,,,,
,,,,,23549,3.0,3,,,,,,,,
,,,,,23552,3.0,3,,,,,,,,
,,,,,23556,4.0,4,,,,,,,,
,,,,,23565,9.0,9,,,,,,,,
,,,,,23570,5.0,5,,,,,,,,
,,,,,23574,4.0,4,,,,,,,,
,,,,,23579,5.0,5,,,,,,,,
,,,,,23582,3.0,3,,,,,,,,
,,,,,23598,16.0,16,,,,,,,,
,,,,,23602,4.0,4,,,,,,,,
,,,,,23606,4.0,4,,,,,,,,
,,,,,23611,5.0,5,,,,,,,,
,,,,,23614,3.0,3,,,,,,,,
,,,,,23618,4.0,4,,,,,,,,
,,,,,23623,5.0,5,,,,,,,,
,,,,,23633,10.0,10,,,,,,,,
,,,,,23640,7.0,7,,,,,,,,
,,,,,23645,5.0,5,,,,,,,,
,,,,,23650,5.0,5,,,,,,,,
,,,,,23658,8.0,8,,,,,,,,
,,,,,23667,9.0,9,,,,,,,,
,,,,,23672,5.0,5,,,,,,,,
,,,,,23681,9.0,9,,,,,,,,
,,,,,23692,11.0,11,,,,,,,,
,,,,,23699,7.0,7,,,,,,,,
,,,,,23706,7.0,7,,,,,,,,
,,,,,23713,7.0,7,,,,,,,,
,,,,,23732,19.0,19,,,,,,,,
,,,,,23737,5.0,5,,,,,,,,
,,,,,23742,5.0,5,,,,,,,,
,,,,,23746,4.0,4,,,,,,,,
,,,,,23752,6.0,6,,,,,,,,
,,,,,23757,5.0,5,,,,,,,,
,,,,,23760,3.0,3,,,,,,,,
,,,,,23771,11.0,11,,,,,,,,
,,,,,23782,11.0,11,,,,,,,,
,,,,,23786,4.0,4,,,,,,,,
,,,,,23793,7.0,7,,,,,,,,
,,,,,23805,12.0,12,,,,,,,,
,,,,,23809,4.0,4,,,,,,,,
,,,,,23813,4.0,4,,,,,,,,
,,,,,23819,6.0,6,,,,,,,,
,,,,,23823,4.0,4,,,,,,,,
,,,,,23828,5.0,5,,,,,,,,
,,,,,23835,7.0,7,,,,,,,,
,,,,,23838,3.0,3,,,,,,,,
,,,,,23843,5.0,5,,,,,,,,
,,,,,23849,6.0,6,,,,,,,,
,,,,,23852,3.0,3,,,,,,,,
,,,,,23858,6.0,6,,,,,,,,
,,,,,23867,9.0,9,,,,,,,,
,,,,,23872,5.0,5,,,,,,,,
,,,,,23879,7.0,7,,,,,,,,
,,,,,23883,4.0,4,,,,,,,,
,,,,,23888,5.0,5,,,,,,,,
,,,,,23899,11.0,11,,,,,,,,
,,,,,23909,10.0,10,,,,,,,,
,,,,,23913,4.0,4,,,,,,,,
,,,,,23916,3.0,3,,,,,,,,
,,,,,23924,8.0,8,,,,,,,,
,,,,,23931,7.0,7,,,,,,,,
,,,,,23934,3.0,3,,,,,,,,
,,,,,23938,4.0,4,,,,,,,,
,,,,,23942,4.0,4,,,,,,,,
,,,,,23947,5.0,5,,,,,,,,
,,,,,23955,8.0,8,,,,,,,,
,,,,,23961,6.0,6,,,,,,,,
,,,,,23967,6.0,6,,,,,,,,
,,,,,23972,5.0,5,,,,,,,,
,,,,,23975,3.0,3,,,,,,,,
,,,,,23985,10.0,10,,,,,,,,
,,,,,23989,4.0,4,,,,,,,,
,,,,,23994,5.0,5,,,,,,,,
,,,,,24000,,,-0.06893971562385559,0.6893971562385559,1.749609351158142,4.596386909484863,4.790593147277832,0.0003,0.0003,0.1
,,,,,24005,11.0,11,,,,,,,,
,,,,,24009,4.0,4,,,,,,,,
,,,,,24016,7.0,7,,,,,,,,
,,,,,24019,3.0,3,,,,,,,,
,,,,,24023,4.0,4,,,,,,,,
,,,,,24030,7.0,7,,,,,,,,
,,,,,24033,3.0,3,,,,,,,,
,,,,,24037,4.0,4,,,,,,,,
,,,,,24045,8.0,8,,,,,,,,
,,,,,24049,4.0,4,,,,,,,,
,,,,,24054,5.0,5,,,,,,,,
,,,,,24059,5.0,5,,,,,,,,
,,,,,24062,3.0,3,,,,,,,,
,,,,,24067,5.0,5,,,,,,,,
,,,,,24073,6.0,6,,,,,,,,
,,,,,24080,7.0,7,,,,,,,,
,,,,,24083,3.0,3,,,,,,,,
,,,,,24087,4.0,4,,,,,,,,
,,,,,24090,3.0,3,,,,,,,,
,,,,,24097,7.0,7,,,,,,,,
,,,,,24110,13.0,13,,,,,,,,
,,,,,24113,3.0,3,,,,,,,,
,,,,,24118,5.0,5,,,,,,,,
,,,,,24123,5.0,5,,,,,,,,
,,,,,24128,5.0,5,,,,,,,,
,,,,,24134,6.0,6,,,,,,,,
,,,,,24138,4.0,4,,,,,,,,
,,,,,24148,10.0,10,,,,,,,,
,,,,,24157,9.0,9,,,,,,,,
,,,,,24160,3.0,3,,,,,,,,
,,,,,24169,9.0,9,,,,,,,,
,,,,,24172,3.0,3,,,,,,,,
,,,,,24175,3.0,3,,,,,,,,
,,,,,24178,3.0,3,,,,,,,,
,,,,,24181,3.0,3,,,,,,,,
,,,,,24186,5.0,5,,,,,,,,
,,,,,24195,9.0,9,,,,,,,,
,,,,,24198,3.0,3,,,,,,,,
,,,,,24208,10.0,10,,,,,,,,
,,,,,24231,23.0,23,,,,,,,,
,,,,,24234,3.0,3,,,,,,,,
,,,,,24237,3.0,3,,,,,,,,
,,,,,24244,7.0,7,,,,,,,,
,,,,,24247,3.0,3,,,,,,,,
,,,,,24258,11.0,11,,,,,,,,
,,,,,24261,3.0,3,,,,,,,,
,,,,,24264,3.0,3,,,,,,,,
,,,,,24270,6.0,6,,,,,,,,
,,,,,24274,4.0,4,,,,,,,,
,,,,,24281,7.0,7,,,,,,,,
,,,,,24284,3.0,3,,,,,,,,
,,,,,24296,12.0,12,,,,,,,,
,,,,,24301,5.0,5,,,,,,,,
,,,,,24306,5.0,5,,,,,,,,
,,,,,24313,7.0,7,,,,,,,,
,,,,,24318,5.0,5,,,,,,,,
,,,,,24324,6.0,6,,,,,,,,
,,,,,24327,3.0,3,,,,,,,,
,,,,,24331,4.0,4,,,,,,,,
,,,,,24334,3.0,3,,,,,,,,
,,,,,24345,11.0,11,,,,,,,,
,,,,,24352,7.0,7,,,,,,,,
,,,,,24358,6.0,6,,,,,,,,
,,,,,24363,5.0,5,,,,,,,,
,,,,,24367,4.0,4,,,,,,,,
,,,,,24373,6.0,6,,,,,,,,
,,,,,24378,5.0,5,,,,,,,,
,,,,,24384,6.0,6,,,,,,,,
,,,,,24389,5.0,5,,,,,,,,
,,,,,24398,9.0,9,,,,,,,,
,,,,,24409,11.0,11,,,,,,,,
,,,,,24419,10.0,10,,,,,,,,
,,,,,24424,5.0,5,,,,,,,,
,,,,,24436,12.0,12,,,,,,,,
,,,,,24440,4.0,4,,,,,,,,
,,,,,24443,3.0,3,,,,,,,,
,,,,,24450,7.0,7,,,,,,,,
,,,,,24466,16.0,16,,,,,,,,
,,,,,24473,7.0,7,,,,,,,,
,,,,,24478,5.0,5,,,,,,,,
,,,,,24483,5.0,5,,,,,,,,
,,,,,24486,3.0,3,,,,,,,,
,,,,,24491,5.0,5,,,,,,,,
,,,,,24495,4.0,4,,,,,,,,
,,,,,24504,9.0,9,,,,,,,,
,,,,,24508,4.0,4,,,,,,,,
,,,,,24511,3.0,3,,,,,,,,
,,,,,24516,5.0,5,,,,,,,,
,,,,,24523,7.0,7,,,,,,,,
,,,,,24526,3.0,3,,,,,,,,
,,,,,24529,3.0,3,,,,,,,,
,,,,,24547,18.0,18,,,,,,,,
,,,,,24552,5.0,5,,,,,,,,
,,,,,24555,3.0,3,,,,,,,,
,,,,,24558,3.0,3,,,,,,,,
,,,,,24562,4.0,4,,,,,,,,
,,,,,24569,7.0,7,,,,,,,,
,,,,,24572,3.0,3,,,,,,,,
,,,,,24575,3.0,3,,,,,,,,
,,,,,24578,3.0,3,,,,,,,,
,,,,,24593,15.0,15,,,,,,,,
,,,,,24599,6.0,6,,,,,,,,
,,,,,24612,13.0,13,,,,,,,,
,,,,,24618,6.0,6,,,,,,,,
,,,,,24624,6.0,6,,,,,,,,
,,,,,24628,4.0,4,,,,,,,,
,,,,,24631,3.0,3,,,,,,,,
,,,,,24635,4.0,4,,,,,,,,
,,,,,24639,4.0,4,,,,,,,,
,,,,,24652,13.0,13,,,,,,,,
,,,,,24656,4.0,4,,,,,,,,
,,,,,24667,11.0,11,,,,,,,,
,,,,,24672,5.0,5,,,,,,,,
,,,,,24676,4.0,4,,,,,,,,
,,,,,24679,3.0,3,,,,,,,,
,,,,,24683,4.0,4,,,,,,,,
,,,,,24698,15.0,15,,,,,,,,
,,,,,24702,4.0,4,,,,,,,,
,,,,,24705,3.0,3,,,,,,,,
,,,,,24714,9.0,9,,,,,,,,
,,,,,24718,4.0,4,,,,,,,,
,,,,,24730,12.0,12,,,,,,,,
,,,,,24733,3.0,3,,,,,,,,
,,,,,24739,6.0,6,,,,,,,,
,,,,,24746,7.0,7,,,,,,,,
,,,,,24757,11.0,11,,,,,,,,
,,,,,24770,13.0,13,,,,,,,,
,,,,,24775,5.0,5,,,,,,,,
,,,,,24781,6.0,6,,,,,,,,
,,,,,24790,9.0,9,,,,,,,,
,,,,,24800,10.0,10,,,,,,,,
,,,,,24805,5.0,5,,,,,,,,
,,,,,24817,12.0,12,,,,,,,,
,,,,,24827,10.0,10,,,,,,,,
,,,,,24832,5.0,5,,,,,,,,
,,,,,24835,3.0,3,,,,,,,,
,,,,,24839,4.0,4,,,,,,,,
,,,,,24845,6.0,6,,,,,,,,
,,,,,24848,3.0,3,,,,,,,,
,,,,,24851,3.0,3,,,,,,,,
,,,,,24854,3.0,3,,,,,,,,
,,,,,24879,25.0,25,,,,,,,,
,,,,,24885,6.0,6,,,,,,,,
,,,,,24888,3.0,3,,,,,,,,
,,,,,24895,7.0,7,,,,,,,,
,,,,,24902,7.0,7,,,,,,,,
,,,,,24917,15.0,15,,,,,,,,
,,,,,24924,7.0,7,,,,,,,,
,,,,,24929,5.0,5,,,,,,,,
,,,,,24932,3.0,3,,,,,,,,
,,,,,24935,3.0,3,,,,,,,,
,,,,,24941,6.0,6,,,,,,,,
,,,,,24947,6.0,6,,,,,,,,
,,,,,24950,3.0,3,,,,,,,,
,,,,,24954,4.0,4,,,,,,,,
,,,,,24961,7.0,7,,,,,,,,
,,,,,24965,4.0,4,,,,,,,,
,,,,,24968,3.0,3,,,,,,,,
,,,,,24975,7.0,7,,,,,,,,
,,,,,24979,4.0,4,,,,,,,,
,,,,,24999,20.0,20,,,,,,,,
6.4,3.1048348,12.0,3.0,6.4,25000,,,-0.07004506140947342,0.700450599193573,1.724888563156128,4.468517303466797,4.564558029174805,0.0003,0.0003,0.1
,,,,,25004,5.0,5,,,,,,,,
,,,,,25013,9.0,9,,,,,,,,
,,,,,25020,7.0,7,,,,,,,,
,,,,,25025,5.0,5,,,,,,,,
,,,,,25029,4.0,4,,,,,,,,
,,,,,25033,4.0,4,,,,,,,,
,,,,,25053,20.0,20,,,,,,,,
,,,,,25063,10.0,10,,,,,,,,
,,,,,25067,4.0,4,,,,,,,,
,,,,,25077,10.0,10,,,,,,,,
,,,,,25081,4.0,4,,,,,,,,
,,,,,25086,5.0,5,,,,,,,,
,,,,,25095,9.0,9,,,,,,,,
,,,,,25101,6.0,6,,,,,,,,
,,,,,25105,4.0,4,,,,,,,,
,,,,,25108,3.0,3,,,,,,,,
,,,,,25112,4.0,4,,,,,,,,
,,,,,25120,8.0,8,,,,,,,,
,,,,,25125,5.0,5,,,,,,,,
,,,,,25131,6.0,6,,,,,,,,
,,,,,25138,7.0,7,,,,,,,,
,,,,,25142,4.0,4,,,,,,,,
,,,,,25146,4.0,4,,,,,,,,
,,,,,25156,10.0,10,,,,,,,,
,,,,,25164,8.0,8,,,,,,,,
,,,,,25169,5.0,5,,,,,,,,
,,,,,25175,6.0,6,,,,,,,,
,,,,,25183,8.0,8,,,,,,,,
,,,,,25187,4.0,4,,,,,,,,
,,,,,25201,14.0,14,,,,,,,,
,,,,,25205,4.0,4,,,,,,,,
,,,,,25208,3.0,3,,,,,,,,
,,,,,25219,11.0,11,,,,,,,,
,,,,,25223,4.0,4,,,,,,,,
,,,,,25228,5.0,5,,,,,,,,
,,,,,25234,6.0,6,,,,,,,,
,,,,,25239,5.0,5,,,,,,,,
,,,,,25250,11.0,11,,,,,,,,
,,,,,25254,4.0,4,,,,,,,,
,,,,,25257,3.0,3,,,,,,,,
,,,,,25261,4.0,4,,,,,,,,
,,,,,25271,10.0,10,,,,,,,,
,,,,,25277,6.0,6,,,,,,,,
,,,,,25282,5.0,5,,,,,,,,
,,,,,25290,8.0,8,,,,,,,,
,,,,,25295,5.0,5,,,,,,,,
,,,,,25299,4.0,4,,,,,,,,
,,,,,25305,6.0,6,,,,,,,,
,,,,,25315,10.0,10,,,,,,,,
,,,,,25318,3.0,3,,,,,,,,
,,,,,25322,4.0,4,,,,,,,,
,,,,,25327,5.0,5,,,,,,,,
,,,,,25330,3.0,3,,,,,,,,
,,,,,25333,3.0,3,,,,,,,,
,,,,,25347,14.0,14,,,,,,,,
,,,,,25351,4.0,4,,,,,,,,
,,,,,25359,8.0,8,,,,,,,,
,,,,,25365,6.0,6,,,,,,,,
,,,,,25370,5.0,5,,,,,,,,
,,,,,25377,7.0,7,,,,,,,,
,,,,,25381,4.0,4,,,,,,,,
,,,,,25395,14.0,14,,,,,,,,
,,,,,25401,6.0,6,,,,,,,,
,,,,,25404,3.0,3,,,,,,,,
,,,,,25407,3.0,3,,,,,,,,
,,,,,25412,5.0,5,,,,,,,,
,,,,,25424,12.0,12,,,,,,,,
,,,,,25427,3.0,3,,,,,,,,
,,,,,25432,5.0,5,,,,,,,,
,,,,,25436,4.0,4,,,,,,,,
,,,,,25442,6.0,6,,,,,,,,
,,,,,25449,7.0,7,,,,,,,,
,,,,,25456,7.0,7,,,,,,,,
,,,,,25459,3.0,3,,,,,,,,
,,,,,25462,3.0,3,,,,,,,,
,,,,,25466,4.0,4,,,,,,,,
,,,,,25471,5.0,5,,,,,,,,
,,,,,25474,3.0,3,,,,,,,,
,,,,,25478,4.0,4,,,,,,,,
,,,,,25482,4.0,4,,,,,,,,
,,,,,25487,5.0,5,,,,,,,,
,,,,,25490,3.0,3,,,,,,,,
,,,,,25498,8.0,8,,,,,,,,
,,,,,25502,4.0,4,,,,,,,,
,,,,,25506,4.0,4,,,,,,,,
,,,,,25509,3.0,3,,,,,,,,
,,,,,25513,4.0,4,,,,,,,,
,,,,,25520,7.0,7,,,,,,,,
,,,,,25529,9.0,9,,,,,,,,
,,,,,25536,7.0,7,,,,,,,,
,,,,,25540,4.0,4,,,,,,,,
,,,,,25545,5.0,5,,,,,,,,
,,,,,25549,4.0,4,,,,,,,,
,,,,,25555,6.0,6,,,,,,,,
,,,,,25559,4.0,4,,,,,,,,
,,,,,25564,5.0,5,,,,,,,,
,,,,,25567,3.0,3,,,,,,,,
,,,,,25570,3.0,3,,,,,,,,
,,,,,25574,4.0,4,,,,,,,,
,,,,,25577,3.0,3,,,,,,,,
,,,,,25581,4.0,4,,,,,,,,
,,,,,25586,5.0,5,,,,,,,,
,,,,,25589,3.0,3,,,,,,,,
,,,,,25597,8.0,8,,,,,,,,
,,,,,25604,7.0,7,,,,,,,,
,,,,,25609,5.0,5,,,,,,,,
,,,,,25613,4.0,4,,,,,,,,
,,,,,25617,4.0,4,,,,,,,,
,,,,,25620,3.0,3,,,,,,,,
,,,,,25623,3.0,3,,,,,,,,
,,,,,25629,6.0,6,,,,,,,,
,,,,,25633,4.0,4,,,,,,,,
,,,,,25638,5.0,5,,,,,,,,
,,,,,25645,7.0,7,,,,,,,,
,,,,,25650,5.0,5,,,,,,,,
,,,,,25661,11.0,11,,,,,,,,
,,,,,25668,7.0,7,,,,,,,,
,,,,,25672,4.0,4,,,,,,,,
,,,,,25679,7.0,7,,,,,,,,
,,,,,25682,3.0,3,,,,,,,,
,,,,,25685,3.0,3,,,,,,,,
,,,,,25693,8.0,8,,,,,,,,
,,,,,25704,11.0,11,,,,,,,,
,,,,,25722,18.0,18,,,,,,,,
,,,,,25731,9.0,9,,,,,,,,
,,,,,25735,4.0,4,,,,,,,,
,,,,,25739,4.0,4,,,,,,,,
,,,,,25742,3.0,3,,,,,,,,
,,,,,25748,6.0,6,,,,,,,,
,,,,,25751,3.0,3,,,,,,,,
,,,,,25754,3.0,3,,,,,,,,
,,,,,25757,3.0,3,,,,,,,,
,,,,,25760,3.0,3,,,,,,,,
,,,,,25767,7.0,7,,,,,,,,
,,,,,25770,3.0,3,,,,,,,,
,,,,,25774,4.0,4,,,,,,,,
,,,,,25780,6.0,6,,,,,,,,
,,,,,25786,6.0,6,,,,,,,,
,,,,,25803,17.0,17,,,,,,,,
,,,,,25809,6.0,6,,,,,,,,
,,,,,25813,4.0,4,,,,,,,,
,,,,,25817,4.0,4,,,,,,,,
,,,,,25826,9.0,9,,,,,,,,
,,,,,25833,7.0,7,,,,,,,,
,,,,,25836,3.0,3,,,,,,,,
,,,,,25841,5.0,5,,,,,,,,
,,,,,25844,3.0,3,,,,,,,,
,,,,,25852,8.0,8,,,,,,,,
,,,,,25862,10.0,10,,,,,,,,
,,,,,25869,7.0,7,,,,,,,,
,,,,,25872,3.0,3,,,,,,,,
,,,,,25879,7.0,7,,,,,,,,
,,,,,25885,6.0,6,,,,,,,,
,,,,,25888,3.0,3,,,,,,,,
,,,,,25892,4.0,4,,,,,,,,
,,,,,25895,3.0,3,,,,,,,,
,,,,,25901,6.0,6,,,,,,,,
,,,,,25904,3.0,3,,,,,,,,
,,,,,25909,5.0,5,,,,,,,,
,,,,,25913,4.0,4,,,,,,,,
,,,,,25917,4.0,4,,,,,,,,
,,,,,25933,16.0,16,,,,,,,,
,,,,,25938,5.0,5,,,,,,,,
,,,,,25943,5.0,5,,,,,,,,
,,,,,25949,6.0,6,,,,,,,,
,,,,,25959,10.0,10,,,,,,,,
,,,,,25962,3.0,3,,,,,,,,
,,,,,25966,4.0,4,,,,,,,,
,,,,,25973,7.0,7,,,,,,,,
,,,,,25979,6.0,6,,,,,,,,
,,,,,25984,5.0,5,,,,,,,,
,,,,,25987,3.0,3,,,,,,,,
,,,,,25995,8.0,8,,,,,,,,
,,,,,25999,4.0,4,,,,,,,,
,,,,,26000,,,-0.07123003900051117,0.7123003602027893,1.5615360736846924,4.465908050537109,4.313735008239746,0.0003,0.0003,0.1
,,,,,26005,6.0,6,,,,,,,,
,,,,,26008,3.0,3,,,,,,,,
,,,,,26014,6.0,6,,,,,,,,
,,,,,26018,4.0,4,,,,,,,,
,,,,,26021,3.0,3,,,,,,,,
,,,,,26029,8.0,8,,,,,,,,
,,,,,26038,9.0,9,,,,,,,,
,,,,,26041,3.0,3,,,,,,,,
,,,,,26044,3.0,3,,,,,,,,
,,,,,26055,11.0,11,,,,,,,,
,,,,,26062,7.0,7,,,,,,,,
,,,,,26069,7.0,7,,,,,,,,
,,,,,26077,8.0,8,,,,,,,,
,,,,,26081,4.0,4,,,,,,,,
,,,,,26088,7.0,7,,,,,,,,
,,,,,26094,6.0,6,,,,,,,,
,,,,,26098,4.0,4,,,,,,,,
,,,,,26105,7.0,7,,,,,,,,
,,,,,26114,9.0,9,,,,,,,,
,,,,,26118,4.0,4,,,,,,,,
,,,,,26124,6.0,6,,,,,,,,
,,,,,26128,4.0,4,,,,,,,,
,,,,,26132,4.0,4,,,,,,,,
,,,,,26139,7.0,7,,,,,,,,
,,,,,26146,7.0,7,,,,,,,,
,,,,,26165,19.0,19,,,,,,,,
,,,,,26169,4.0,4,,,,,,,,
,,,,,26174,5.0,5,,,,,,,,
,,,,,26178,4.0,4,,,,,,,,
,,,,,26182,4.0,4,,,,,,,,
,,,,,26188,6.0,6,,,,,,,,
,,,,,26201,13.0,13,,,,,,,,
,,,,,26207,6.0,6,,,,,,,,
,,,,,26211,4.0,4,,,,,,,,
,,,,,26216,5.0,5,,,,,,,,
,,,,,26223,7.0,7,,,,,,,,
,,,,,26229,6.0,6,,,,,,,,
,,,,,26235,6.0,6,,,,,,,,
,,,,,26239,4.0,4,,,,,,,,
,,,,,26244,5.0,5,,,,,,,,
,,,,,26248,4.0,4,,,,,,,,
,,,,,26252,4.0,4,,,,,,,,
,,,,,26256,4.0,4,,,,,,,,
,,,,,26261,5.0,5,,,,,,,,
,,,,,26268,7.0,7,,,,,,,,
,,,,,26274,6.0,6,,,,,,,,
,,,,,26280,6.0,6,,,,,,,,
,,,,,26283,3.0,3,,,,,,,,
,,,,,26286,3.0,3,,,,,,,,
,,,,,26289,3.0,3,,,,,,,,
,,,,,26292,3.0,3,,,,,,,,
,,,,,26315,23.0,23,,,,,,,,
,,,,,26320,5.0,5,,,,,,,,
,,,,,26324,4.0,4,,,,,,,,
,,,,,26327,3.0,3,,,,,,,,
,,,,,26333,6.0,6,,,,,,,,
,,,,,26336,3.0,3,,,,,,,,
,,,,,26346,10.0,10,,,,,,,,
,,,,,26354,8.0,8,,,,,,,,
,,,,,26365,11.0,11,,,,,,,,
,,,,,26369,4.0,4,,,,,,,,
,,,,,26372,3.0,3,,,,,,,,
,,,,,26375,3.0,3,,,,,,,,
,,,,,26381,6.0,6,,,,,,,,
,,,,,26385,4.0,4,,,,,,,,
,,,,,26392,7.0,7,,,,,,,,
,,,,,26405,13.0,13,,,,,,,,
,,,,,26409,4.0,4,,,,,,,,
,,,,,26412,3.0,3,,,,,,,,
,,,,,26415,3.0,3,,,,,,,,
,,,,,26426,11.0,11,,,,,,,,
,,,,,26430,4.0,4,,,,,,,,
,,,,,26433,3.0,3,,,,,,,,
,,,,,26438,5.0,5,,,,,,,,
,,,,,26442,4.0,4,,,,,,,,
,,,,,26452,10.0,10,,,,,,,,
,,,,,26457,5.0,5,,,,,,,,
,,,,,26461,4.0,4,,,,,,,,
,,,,,26487,26.0,26,,,,,,,,
,,,,,26490,3.0,3,,,,,,,,
,,,,,26495,5.0,5,,,,,,,,
,,,,,26499,4.0,4,,,,,,,,
,,,,,26503,4.0,4,,,,,,,,
,,,,,26506,3.0,3,,,,,,,,
,,,,,26514,8.0,8,,,,,,,,
,,,,,26518,4.0,4,,,,,,,,
,,,,,26527,9.0,9,,,,,,,,
,,,,,26532,5.0,5,,,,,,,,
,,,,,26538,6.0,6,,,,,,,,
,,,,,26546,8.0,8,,,,,,,,
,,,,,26549,3.0,3,,,,,,,,
,,,,,26555,6.0,6,,,,,,,,
,,,,,26561,6.0,6,,,,,,,,
,,,,,26584,23.0,23,,,,,,,,
,,,,,26587,3.0,3,,,,,,,,
,,,,,26593,6.0,6,,,,,,,,
,,,,,26598,5.0,5,,,,,,,,
,,,,,26601,3.0,3,,,,,,,,
,,,,,26609,8.0,8,,,,,,,,
,,,,,26617,8.0,8,,,,,,,,
,,,,,26621,4.0,4,,,,,,,,
,,,,,26626,5.0,5,,,,,,,,
,,,,,26650,24.0,24,,,,,,,,
,,,,,26655,5.0,5,,,,,,,,
,,,,,26662,7.0,7,,,,,,,,
,,,,,26667,5.0,5,,,,,,,,
,,,,,26671,4.0,4,,,,,,,,
,,,,,26679,8.0,8,,,,,,,,
,,,,,26688,9.0,9,,,,,,,,
,,,,,26692,4.0,4,,,,,,,,
,,,,,26695,3.0,3,,,,,,,,
,,,,,26698,3.0,3,,,,,,,,
,,,,,26705,7.0,7,,,,,,,,
,,,,,26712,7.0,7,,,,,,,,
,,,,,26716,4.0,4,,,,,,,,
,,,,,26722,6.0,6,,,,,,,,
,,,,,26734,12.0,12,,,,,,,,
,,,,,26739,5.0,5,,,,,,,,
,,,,,26747,8.0,8,,,,,,,,
,,,,,26752,5.0,5,,,,,,,,
,,,,,26765,13.0,13,,,,,,,,
,,,,,26774,9.0,9,,,,,,,,
,,,,,26777,3.0,3,,,,,,,,
,,,,,26780,3.0,3,,,,,,,,
,,,,,26783,3.0,3,,,,,,,,
,,,,,26793,10.0,10,,,,,,,,
,,,,,26805,12.0,12,,,,,,,,
,,,,,26811,6.0,6,,,,,,,,
,,,,,26814,3.0,3,,,,,,,,
,,,,,26821,7.0,7,,,,,,,,
,,,,,26825,4.0,4,,,,,,,,
,,,,,26830,5.0,5,,,,,,,,
,,,,,26833,3.0,3,,,,,,,,
,,,,,26836,3.0,3,,,,,,,,
,,,,,26843,7.0,7,,,,,,,,
,,,,,26849,6.0,6,,,,,,,,
,,,,,26859,10.0,10,,,,,,,,
,,,,,26865,6.0,6,,,,,,,,
,,,,,26878,13.0,13,,,,,,,,
,,,,,26885,7.0,7,,,,,,,,
,,,,,26889,4.0,4,,,,,,,,
,,,,,26892,3.0,3,,,,,,,,
,,,,,26895,3.0,3,,,,,,,,
,,,,,26903,8.0,8,,,,,,,,
,,,,,26910,7.0,7,,,,,,,,
,,,,,26914,4.0,4,,,,,,,,
,,,,,26921,7.0,7,,,,,,,,
,,,,,26924,3.0,3,,,,,,,,
,,,,,26932,8.0,8,,,,,,,,
,,,,,26936,4.0,4,,,,,,,,
,,,,,26941,5.0,5,,,,,,,,
,,,,,26947,6.0,6,,,,,,,,
,,,,,26955,8.0,8,,,,,,,,
,,,,,26960,5.0,5,,,,,,,,
,,,,,26965,5.0,5,,,,,,,,
,,,,,26969,4.0,4,,,,,,,,
,,,,,26978,9.0,9,,,,,,,,
,,,,,26986,8.0,8,,,,,,,,
,,,,,26989,3.0,3,,,,,,,,
,,,,,26994,5.0,5,,,,,,,,
,,,,,26998,4.0,4,,,,,,,,
,,,,,27000,,,-0.06874560564756393,0.6874560117721558,2.097672700881958,4.894357204437256,4.72559118270874,0.0003,0.0003,0.1
,,,,,27009,11.0,11,,,,,,,,
,,,,,27012,3.0,3,,,,,,,,
,,,,,27024,12.0,12,,,,,,,,
,,,,,27029,5.0,5,,,,,,,,
,,,,,27042,13.0,13,,,,,,,,
,,,,,27049,7.0,7,,,,,,,,
,,,,,27055,6.0,6,,,,,,,,
,,,,,27064,9.0,9,,,,,,,,
,,,,,27067,3.0,3,,,,,,,,
,,,,,27078,11.0,11,,,,,,,,
,,,,,27083,5.0,5,,,,,,,,
,,,,,27089,6.0,6,,,,,,,,
,,,,,27092,3.0,3,,,,,,,,
,,,,,27096,4.0,4,,,,,,,,
,,,,,27106,10.0,10,,,,,,,,
,,,,,27110,4.0,4,,,,,,,,
,,,,,27115,5.0,5,,,,,,,,
,,,,,27121,6.0,6,,,,,,,,
,,,,,27125,4.0,4,,,,,,,,
,,,,,27132,7.0,7,,,,,,,,
,,,,,27145,13.0,13,,,,,,,,
,,,,,27174,29.0,29,,,,,,,,
,,,,,27180,6.0,6,,,,,,,,
,,,,,27185,5.0,5,,,,,,,,
,,,,,27189,4.0,4,,,,,,,,
,,,,,27199,10.0,10,,,,,,,,
,,,,,27210,11.0,11,,,,,,,,
,,,,,27214,4.0,4,,,,,,,,
,,,,,27221,7.0,7,,,,,,,,
,,,,,27225,4.0,4,,,,,,,,
,,,,,27228,3.0,3,,,,,,,,
,,,,,27232,4.0,4,,,,,,,,
,,,,,27238,6.0,6,,,,,,,,
,,,,,27242,4.0,4,,,,,,,,
,,,,,27250,8.0,8,,,,,,,,
,,,,,27262,12.0,12,,,,,,,,
,,,,,27269,7.0,7,,,,,,,,
,,,,,27273,4.0,4,,,,,,,,
,,,,,27279,6.0,6,,,,,,,,
,,,,,27288,9.0,9,,,,,,,,
,,,,,27302,14.0,14,,,,,,,,
,,,,,27308,6.0,6,,,,,,,,
,,,,,27313,5.0,5,,,,,,,,
,,,,,27317,4.0,4,,,,,,,,
,,,,,27320,3.0,3,,,,,,,,
,,,,,27324,4.0,4,,,,,,,,
,,,,,27329,5.0,5,,,,,,,,
,,,,,27333,4.0,4,,,,,,,,
,,,,,27336,3.0,3,,,,,,,,
,,,,,27339,3.0,3,,,,,,,,
,,,,,27346,7.0,7,,,,,,,,
,,,,,27349,3.0,3,,,,,,,,
,,,,,27355,6.0,6,,,,,,,,
,,,,,27360,5.0,5,,,,,,,,
,,,,,27365,5.0,5,,,,,,,,
,,,,,27371,6.0,6,,,,,,,,
,,,,,27374,3.0,3,,,,,,,,
,,,,,27391,17.0,17,,,,,,,,
,,,,,27395,4.0,4,,,,,,,,
,,,,,27399,4.0,4,,,,,,,,
,,,,,27402,3.0,3,,,,,,,,
,,,,,27412,10.0,10,,,,,,,,
,,,,,27416,4.0,4,,,,,,,,
,,,,,27419,3.0,3,,,,,,,,
,,,,,27434,15.0,15,,,,,,,,
,,,,,27440,6.0,6,,,,,,,,
,,,,,27444,4.0,4,,,,,,,,
,,,,,27447,3.0,3,,,,,,,,
,,,,,27452,5.0,5,,,,,,,,
,,,,,27457,5.0,5,,,,,,,,
,,,,,27460,3.0,3,,,,,,,,
,,,,,27463,3.0,3,,,,,,,,
,,,,,27471,8.0,8,,,,,,,,
,,,,,27476,5.0,5,,,,,,,,
,,,,,27483,7.0,7,,,,,,,,
,,,,,27488,5.0,5,,,,,,,,
,,,,,27494,6.0,6,,,,,,,,
,,,,,27501,7.0,7,,,,,,,,
,,,,,27505,4.0,4,,,,,,,,
,,,,,27508,3.0,3,,,,,,,,
,,,,,27511,3.0,3,,,,,,,,
,,,,,27515,4.0,4,,,,,,,,
,,,,,27518,3.0,3,,,,,,,,
,,,,,27524,6.0,6,,,,,,,,
,,,,,27527,3.0,3,,,,,,,,
,,,,,27539,12.0,12,,,,,,,,
,,,,,27543,4.0,4,,,,,,,,
,,,,,27548,5.0,5,,,,,,,,
,,,,,27573,25.0,25,,,,,,,,
,,,,,27577,4.0,4,,,,,,,,
,,,,,27580,3.0,3,,,,,,,,
,,,,,27584,4.0,4,,,,,,,,
,,,,,27591,7.0,7,,,,,,,,
,,,,,27594,3.0,3,,,,,,,,
,,,,,27605,11.0,11,,,,,,,,
,,,,,27610,5.0,5,,,,,,,,
,,,,,27621,11.0,11,,,,,,,,
,,,,,27624,3.0,3,,,,,,,,
,,,,,27638,14.0,14,,,,,,,,
,,,,,27651,13.0,13,,,,,,,,
,,,,,27660,9.0,9,,,,,,,,
,,,,,27664,4.0,4,,,,,,,,
,,,,,27667,3.0,3,,,,,,,,
,,,,,27672,5.0,5,,,,,,,,
,,,,,27684,12.0,12,,,,,,,,
,,,,,27689,5.0,5,,,,,,,,
,,,,,27706,17.0,17,,,,,,,,
,,,,,27709,3.0,3,,,,,,,,
,,,,,27713,4.0,4,,,,,,,,
,,,,,27717,4.0,4,,,,,,,,
,,,,,27723,6.0,6,,,,,,,,
,,,,,27728,5.0,5,,,,,,,,
,,,,,27734,6.0,6,,,,,,,,
,,,,,27737,3.0,3,,,,,,,,
,,,,,27747,10.0,10,,,,,,,,
,,,,,27754,7.0,7,,,,,,,,
,,,,,27757,3.0,3,,,,,,,,
,,,,,27766,9.0,9,,,,,,,,
,,,,,27769,3.0,3,,,,,,,,
,,,,,27773,4.0,4,,,,,,,,
,,,,,27781,8.0,8,,,,,,,,
,,,,,27786,5.0,5,,,,,,,,
,,,,,27814,28.0,28,,,,,,,,
,,,,,27818,4.0,4,,,,,,,,
,,,,,27822,4.0,4,,,,,,,,
,,,,,27826,4.0,4,,,,,,,,
,,,,,27847,21.0,21,,,,,,,,
,,,,,27850,3.0,3,,,,,,,,
,,,,,27854,4.0,4,,,,,,,,
,,,,,27861,7.0,7,,,,,,,,
,,,,,27866,5.0,5,,,,,,,,
,,,,,27870,4.0,4,,,,,,,,
,,,,,27874,4.0,4,,,,,,,,
,,,,,27877,3.0,3,,,,,,,,
,,,,,27884,7.0,7,,,,,,,,
,,,,,27887,3.0,3,,,,,,,,
,,,,,27891,4.0,4,,,,,,,,
,,,,,27894,3.0,3,,,,,,,,
,,,,,27901,7.0,7,,,,,,,,
,,,,,27905,4.0,4,,,,,,,,
,,,,,27909,4.0,4,,,,,,,,
,,,,,27913,4.0,4,,,,,,,,
,,,,,27921,8.0,8,,,,,,,,
,,,,,27933,12.0,12,,,,,,,,
,,,,,27940,7.0,7,,,,,,,,
,,,,,27948,8.0,8,,,,,,,,
,,,,,27966,18.0,18,,,,,,,,
,,,,,27975,9.0,9,,,,,,,,
,,,,,27983,8.0,8,,,,,,,,
,,,,,27987,4.0,4,,,,,,,,
,,,,,28000,13.0,13,,,,,,,,
,,,,,28000,,,-0.06771039217710495,0.6771039366722107,1.7965677976608276,4.670933246612549,4.782655715942383,0.0003,0.0003,0.1
,,,,,28003,3.0,3,,,,,,,,
,,,,,28011,8.0,8,,,,,,,,
,,,,,28022,11.0,11,,,,,,,,
,,,,,28030,8.0,8,,,,,,,,
,,,,,28033,3.0,3,,,,,,,,
,,,,,28036,3.0,3,,,,,,,,
,,,,,28048,12.0,12,,,,,,,,
,,,,,28052,4.0,4,,,,,,,,
,,,,,28058,6.0,6,,,,,,,,
,,,,,28062,4.0,4,,,,,,,,
,,,,,28066,4.0,4,,,,,,,,
,,,,,28070,4.0,4,,,,,,,,
,,,,,28085,15.0,15,,,,,,,,
,,,,,28097,12.0,12,,,,,,,,
,,,,,28102,5.0,5,,,,,,,,
,,,,,28105,3.0,3,,,,,,,,
,,,,,28111,6.0,6,,,,,,,,
,,,,,28119,8.0,8,,,,,,,,
,,,,,28124,5.0,5,,,,,,,,
,,,,,28127,3.0,3,,,,,,,,
,,,,,28131,4.0,4,,,,,,,,
,,,,,28136,5.0,5,,,,,,,,
,,,,,28143,7.0,7,,,,,,,,
,,,,,28151,8.0,8,,,,,,,,
,,,,,28163,12.0,12,,,,,,,,
,,,,,28170,7.0,7,,,,,,,,
,,,,,28174,4.0,4,,,,,,,,
,,,,,28190,16.0,16,,,,,,,,
,,,,,28195,5.0,5,,,,,,,,
,,,,,28216,21.0,21,,,,,,,,
,,,,,28228,12.0,12,,,,,,,,
,,,,,28238,10.0,10,,,,,,,,
,,,,,28248,10.0,10,,,,,,,,
,,,,,28253,5.0,5,,,,,,,,
,,,,,28260,7.0,7,,,,,,,,
,,,,,28264,4.0,4,,,,,,,,
,,,,,28267,3.0,3,,,,,,,,
,,,,,28272,5.0,5,,,,,,,,
,,,,,28279,7.0,7,,,,,,,,
,,,,,28284,5.0,5,,,,,,,,
,,,,,28289,5.0,5,,,,,,,,
,,,,,28296,7.0,7,,,,,,,,
,,,,,28299,3.0,3,,,,,,,,
,,,,,28304,5.0,5,,,,,,,,
,,,,,28309,5.0,5,,,,,,,,
,,,,,28312,3.0,3,,,,,,,,
,,,,,28316,4.0,4,,,,,,,,
,,,,,28320,4.0,4,,,,,,,,
,,,,,28325,5.0,5,,,,,,,,
,,,,,28328,3.0,3,,,,,,,,
,,,,,28331,3.0,3,,,,,,,,
,,,,,28338,7.0,7,,,,,,,,
,,,,,28341,3.0,3,,,,,,,,
,,,,,28344,3.0,3,,,,,,,,
,,,,,28350,6.0,6,,,,,,,,
,,,,,28354,4.0,4,,,,,,,,
,,,,,28358,4.0,4,,,,,,,,
,,,,,28364,6.0,6,,,,,,,,
,,,,,28368,4.0,4,,,,,,,,
,,,,,28371,3.0,3,,,,,,,,
,,,,,28376,5.0,5,,,,,,,,
,,,,,28381,5.0,5,,,,,,,,
,,,,,28386,5.0,5,,,,,,,,
,,,,,28389,3.0,3,,,,,,,,
,,,,,28392,3.0,3,,,,,,,,
,,,,,28396,4.0,4,,,,,,,,
,,,,,28399,3.0,3,,,,,,,,
,,,,,28413,14.0,14,,,,,,,,
,,,,,28416,3.0,3,,,,,,,,
,,,,,28420,4.0,4,,,,,,,,
,,,,,28431,11.0,11,,,,,,,,
,,,,,28434,3.0,3,,,,,,,,
,,,,,28443,9.0,9,,,,,,,,
,,,,,28447,4.0,4,,,,,,,,
,,,,,28450,3.0,3,,,,,,,,
,,,,,28456,6.0,6,,,,,,,,
,,,,,28460,4.0,4,,,,,,,,
,,,,,28464,4.0,4,,,,,,,,
,,,,,28468,4.0,4,,,,,,,,
,,,,,28474,6.0,6,,,,,,,,
,,,,,28481,7.0,7,,,,,,,,
,,,,,28491,10.0,10,,,,,,,,
,,,,,28501,10.0,10,,,,,,,,
,,,,,28509,8.0,8,,,,,,,,
,,,,,28522,13.0,13,,,,,,,,
,,,,,28526,4.0,4,,,,,,,,
,,,,,28533,7.0,7,,,,,,,,
,,,,,28541,8.0,8,,,,,,,,
,,,,,28544,3.0,3,,,,,,,,
,,,,,28549,5.0,5,,,,,,,,
,,,,,28563,14.0,14,,,,,,,,
,,,,,28568,5.0,5,,,,,,,,
,,,,,28571,3.0,3,,,,,,,,
,,,,,28580,9.0,9,,,,,,,,
,,,,,28586,6.0,6,,,,,,,,
,,,,,28592,6.0,6,,,,,,,,
,,,,,28597,5.0,5,,,,,,,,
,,,,,28600,3.0,3,,,,,,,,
,,,,,28608,8.0,8,,,,,,,,
,,,,,28611,3.0,3,,,,,,,,
,,,,,28617,6.0,6,,,,,,,,
,,,,,28623,6.0,6,,,,,,,,
,,,,,28633,10.0,10,,,,,,,,
,,,,,28640,7.0,7,,,,,,,,
,,,,,28645,5.0,5,,,,,,,,
,,,,,28655,10.0,10,,,,,,,,
,,,,,28663,8.0,8,,,,,,,,
,,,,,28666,3.0,3,,,,,,,,
,,,,,28670,4.0,4,,,,,,,,
,,,,,28677,7.0,7,,,,,,,,
,,,,,28682,5.0,5,,,,,,,,
,,,,,28685,3.0,3,,,,,,,,
,,,,,28688,3.0,3,,,,,,,,
,,,,,28707,19.0,19,,,,,,,,
,,,,,28710,3.0,3,,,,,,,,
,,,,,28713,3.0,3,,,,,,,,
,,,,,28718,5.0,5,,,,,,,,
,,,,,28729,11.0,11,,,,,,,,
,,,,,28733,4.0,4,,,,,,,,
,,,,,28747,14.0,14,,,,,,,,
,,,,,28751,4.0,4,,,,,,,,
,,,,,28755,4.0,4,,,,,,,,
,,,,,28758,3.0,3,,,,,,,,
,,,,,28763,5.0,5,,,,,,,,
,,,,,28766,3.0,3,,,,,,,,
,,,,,28776,10.0,10,,,,,,,,
,,,,,28782,6.0,6,,,,,,,,
,,,,,28788,6.0,6,,,,,,,,
,,,,,28793,5.0,5,,,,,,,,
,,,,,28797,4.0,4,,,,,,,,
,,,,,28806,9.0,9,,,,,,,,
,,,,,28812,6.0,6,,,,,,,,
,,,,,28816,4.0,4,,,,,,,,
,,,,,28820,4.0,4,,,,,,,,
,,,,,28824,4.0,4,,,,,,,,
,,,,,28827,3.0,3,,,,,,,,
,,,,,28835,8.0,8,,,,,,,,
,,,,,28838,3.0,3,,,,,,,,
,,,,,28845,7.0,7,,,,,,,,
,,,,,28851,6.0,6,,,,,,,,
,,,,,28854,3.0,3,,,,,,,,
,,,,,28857,3.0,3,,,,,,,,
,,,,,28860,3.0,3,,,,,,,,
,,,,,28870,10.0,10,,,,,,,,
,,,,,28875,5.0,5,,,,,,,,
,,,,,28881,6.0,6,,,,,,,,
,,,,,28886,5.0,5,,,,,,,,
,,,,,28896,10.0,10,,,,,,,,
,,,,,28905,9.0,9,,,,,,,,
,,,,,28925,20.0,20,,,,,,,,
,,,,,28929,4.0,4,,,,,,,,
,,,,,28934,5.0,5,,,,,,,,
,,,,,28937,3.0,3,,,,,,,,
,,,,,28946,9.0,9,,,,,,,,
,,,,,28957,11.0,11,,,,,,,,
,,,,,28970,13.0,13,,,,,,,,
,,,,,28988,18.0,18,,,,,,,,
,,,,,28994,6.0,6,,,,,,,,
,,,,,28997,3.0,3,,,,,,,,
,,,,,29000,,,-0.06790667027235031,0.6790666580200195,1.8143880367279053,4.44472599029541,4.505852699279785,0.0003,0.0003,0.1
,,,,,29001,4.0,4,,,,,,,,
,,,,,29007,6.0,6,,,,,,,,
,,,,,29012,5.0,5,,,,,,,,
,,,,,29017,5.0,5,,,,,,,,
,,,,,29025,8.0,8,,,,,,,,
,,,,,29032,7.0,7,,,,,,,,
,,,,,29039,7.0,7,,,,,,,,
,,,,,29044,5.0,5,,,,,,,,
,,,,,29063,19.0,19,,,,,,,,
,,,,,29071,8.0,8,,,,,,,,
,,,,,29076,5.0,5,,,,,,,,
,,,,,29095,19.0,19,,,,,,,,
,,,,,29100,5.0,5,,,,,,,,
,,,,,29107,7.0,7,,,,,,,,
,,,,,29110,3.0,3,,,,,,,,
,,,,,29117,7.0,7,,,,,,,,
,,,,,29122,5.0,5,,,,,,,,
,,,,,29127,5.0,5,,,,,,,,
,,,,,29132,5.0,5,,,,,,,,
,,,,,29139,7.0,7,,,,,,,,
,,,,,29146,7.0,7,,,,,,,,
,,,,,29150,4.0,4,,,,,,,,
,,,,,29153,3.0,3,,,,,,,,
,,,,,29160,7.0,7,,,,,,,,
,,,,,29163,3.0,3,,,,,,,,
,,,,,29167,4.0,4,,,,,,,,
,,,,,29181,14.0,14,,,,,,,,
,,,,,29196,15.0,15,,,,,,,,
,,,,,29199,3.0,3,,,,,,,,
,,,,,29202,3.0,3,,,,,,,,
,,,,,29206,4.0,4,,,,,,,,
,,,,,29216,10.0,10,,,,,,,,
,,,,,29222,6.0,6,,,,,,,,
,,,,,29227,5.0,5,,,,,,,,
,,,,,29245,18.0,18,,,,,,,,
,,,,,29250,5.0,5,,,,,,,,
,,,,,29253,3.0,3,,,,,,,,
,,,,,29257,4.0,4,,,,,,,,
,,,,,29264,7.0,7,,,,,,,,
,,,,,29267,3.0,3,,,,,,,,
,,,,,29271,4.0,4,,,,,,,,
,,,,,29290,19.0,19,,,,,,,,
,,,,,29294,4.0,4,,,,,,,,
,,,,,29299,5.0,5,,,,,,,,
,,,,,29302,3.0,3,,,,,,,,
,,,,,29305,3.0,3,,,,,,,,
,,,,,29310,5.0,5,,,,,,,,
,,,,,29316,6.0,6,,,,,,,,
,,,,,29320,4.0,4,,,,,,,,
,,,,,29324,4.0,4,,,,,,,,
,,,,,29332,8.0,8,,,,,,,,
,,,,,29337,5.0,5,,,,,,,,
,,,,,29343,6.0,6,,,,,,,,
,,,,,29348,5.0,5,,,,,,,,
,,,,,29351,3.0,3,,,,,,,,
,,,,,29357,6.0,6,,,,,,,,
,,,,,29362,5.0,5,,,,,,,,
,,,,,29365,3.0,3,,,,,,,,
,,,,,29370,5.0,5,,,,,,,,
,,,,,29373,3.0,3,,,,,,,,
,,,,,29377,4.0,4,,,,,,,,
,,,,,29380,3.0,3,,,,,,,,
,,,,,29390,10.0,10,,,,,,,,
,,,,,29394,4.0,4,,,,,,,,
,,,,,29400,6.0,6,,,,,,,,
,,,,,29413,13.0,13,,,,,,,,
,,,,,29417,4.0,4,,,,,,,,
,,,,,29421,4.0,4,,,,,,,,
,,,,,29424,3.0,3,,,,,,,,
,,,,,29435,11.0,11,,,,,,,,
,,,,,29438,3.0,3,,,,,,,,
,,,,,29448,10.0,10,,,,,,,,
,,,,,29451,3.0,3,,,,,,,,
,,,,,29465,14.0,14,,,,,,,,
,,,,,29469,4.0,4,,,,,,,,
,,,,,29480,11.0,11,,,,,,,,
,,,,,29491,11.0,11,,,,,,,,
,,,,,29497,6.0,6,,,,,,,,
,,,,,29500,3.0,3,,,,,,,,
,,,,,29505,5.0,5,,,,,,,,
,,,,,29510,5.0,5,,,,,,,,
,,,,,29513,3.0,3,,,,,,,,
,,,,,29519,6.0,6,,,,,,,,
,,,,,29524,5.0,5,,,,,,,,
,,,,,29538,14.0,14,,,,,,,,
,,,,,29541,3.0,3,,,,,,,,
,,,,,29544,3.0,3,,,,,,,,
,,,,,29549,5.0,5,,,,,,,,
,,,,,29556,7.0,7,,,,,,,,
,,,,,29566,10.0,10,,,,,,,,
,,,,,29572,6.0,6,,,,,,,,
,,,,,29582,10.0,10,,,,,,,,
,,,,,29586,4.0,4,,,,,,,,
,,,,,29591,5.0,5,,,,,,,,
,,,,,29596,5.0,5,,,,,,,,
,,,,,29606,10.0,10,,,,,,,,
,,,,,29610,4.0,4,,,,,,,,
,,,,,29614,4.0,4,,,,,,,,
,,,,,29619,5.0,5,,,,,,,,
,,,,,29625,6.0,6,,,,,,,,
,,,,,29633,8.0,8,,,,,,,,
,,,,,29639,6.0,6,,,,,,,,
,,,,,29643,4.0,4,,,,,,,,
,,,,,29647,4.0,4,,,,,,,,
,,,,,29661,14.0,14,,,,,,,,
,,,,,29673,12.0,12,,,,,,,,
,,,,,29676,3.0,3,,,,,,,,
,,,,,29682,6.0,6,,,,,,,,
,,,,,29686,4.0,4,,,,,,,,
,,,,,29689,3.0,3,,,,,,,,
,,,,,29695,6.0,6,,,,,,,,
,,,,,29698,3.0,3,,,,,,,,
,,,,,29706,8.0,8,,,,,,,,
,,,,,29716,10.0,10,,,,,,,,
,,,,,29728,12.0,12,,,,,,,,
,,,,,29733,5.0,5,,,,,,,,
,,,,,29739,6.0,6,,,,,,,,
,,,,,29742,3.0,3,,,,,,,,
,,,,,29746,4.0,4,,,,,,,,
,,,,,29749,3.0,3,,,,,,,,
,,,,,29764,15.0,15,,,,,,,,
,,,,,29769,5.0,5,,,,,,,,
,,,,,29773,4.0,4,,,,,,,,
,,,,,29785,12.0,12,,,,,,,,
,,,,,29789,4.0,4,,,,,,,,
,,,,,29804,15.0,15,,,,,,,,
,,,,,29808,4.0,4,,,,,,,,
,,,,,29813,5.0,5,,,,,,,,
,,,,,29816,3.0,3,,,,,,,,
,,,,,29819,3.0,3,,,,,,,,
,,,,,29822,3.0,3,,,,,,,,
,,,,,29828,6.0,6,,,,,,,,
,,,,,29832,4.0,4,,,,,,,,
,,,,,29841,9.0,9,,,,,,,,
,,,,,29844,3.0,3,,,,,,,,
,,,,,29847,3.0,3,,,,,,,,
,,,,,29852,5.0,5,,,,,,,,
,,,,,29855,3.0,3,,,,,,,,
,,,,,29859,4.0,4,,,,,,,,
,,,,,29863,4.0,4,,,,,,,,
,,,,,29867,4.0,4,,,,,,,,
,,,,,29876,9.0,9,,,,,,,,
,,,,,29880,4.0,4,,,,,,,,
,,,,,29894,14.0,14,,,,,,,,
,,,,,29899,5.0,5,,,,,,,,
,,,,,29905,6.0,6,,,,,,,,
,,,,,29909,4.0,4,,,,,,,,
,,,,,29922,13.0,13,,,,,,,,
,,,,,29927,5.0,5,,,,,,,,
,,,,,29931,4.0,4,,,,,,,,
,,,,,29934,3.0,3,,,,,,,,
,,,,,29941,7.0,7,,,,,,,,
,,,,,29945,4.0,4,,,,,,,,
,,,,,29952,7.0,7,,,,,,,,
,,,,,29957,5.0,5,,,,,,,,
,,,,,29961,4.0,4,,,,,,,,
,,,,,29966,5.0,5,,,,,,,,
,,,,,29976,10.0,10,,,,,,,,
,,,,,29981,5.0,5,,,,,,,,
,,,,,29985,4.0,4,,,,,,,,
,,,,,29991,6.0,6,,,,,,,,
,,,,,29995,4.0,4,,,,,,,,
4.2,1.4696938,8.0,3.0,4.2,30000,,,-0.06674382835626602,0.667438268661499,1.802412509918213,4.43177604675293,4.515429496765137,0.0003,0.0003,0.1
,,,,,30001,6.0,6,,,,,,,,
,,,,,30012,11.0,11,,,,,,,,
,,,,,30016,4.0,4,,,,,,,,
,,,,,30019,3.0,3,,,,,,,,
,,,,,30022,3.0,3,,,,,,,,
,,,,,30025,3.0,3,,,,,,,,
,,,,,30029,4.0,4,,,,,,,,
,,,,,30033,4.0,4,,,,,,,,
,,,,,30039,6.0,6,,,,,,,,
,,,,,30043,4.0,4,,,,,,,,
,,,,,30046,3.0,3,,,,,,,,
,,,,,30053,7.0,7,,,,,,,,
,,,,,30056,3.0,3,,,,,,,,
,,,,,30059,3.0,3,,,,,,,,
,,,,,30062,3.0,3,,,,,,,,
,,,,,30069,7.0,7,,,,,,,,
,,,,,30075,6.0,6,,,,,,,,
,,,,,30079,4.0,4,,,,,,,,
,,,,,30087,8.0,8,,,,,,,,
,,,,,30102,15.0,15,,,,,,,,
,,,,,30108,6.0,6,,,,,,,,
,,,,,30111,3.0,3,,,,,,,,
,,,,,30114,3.0,3,,,,,,,,
,,,,,30117,3.0,3,,,,,,,,
,,,,,30120,3.0,3,,,,,,,,
,,,,,30128,8.0,8,,,,,,,,
,,,,,30147,19.0,19,,,,,,,,
,,,,,30152,5.0,5,,,,,,,,
,,,,,30155,3.0,3,,,,,,,,
,,,,,30163,8.0,8,,,,,,,,
,,,,,30166,3.0,3,,,,,,,,
,,,,,30174,8.0,8,,,,,,,,
,,,,,30181,7.0,7,,,,,,,,
,,,,,30191,10.0,10,,,,,,,,
,,,,,30196,5.0,5,,,,,,,,
,,,,,30199,3.0,3,,,,,,,,
,,,,,30202,3.0,3,,,,,,,,
,,,,,30205,3.0,3,,,,,,,,
,,,,,30208,3.0,3,,,,,,,,
,,,,,30212,4.0,4,,,,,,,,
,,,,,30217,5.0,5,,,,,,,,
,,,,,30226,9.0,9,,,,,,,,
,,,,,30244,18.0,18,,,,,,,,
,,,,,30251,7.0,7,,,,,,,,
,,,,,30255,4.0,4,,,,,,,,
,,,,,30258,3.0,3,,,,,,,,
,,,,,30262,4.0,4,,,,,,,,
,,,,,30265,3.0,3,,,,,,,,
,,,,,30270,5.0,5,,,,,,,,
,,,,,30276,6.0,6,,,,,,,,
,,,,,30281,5.0,5,,,,,,,,
,,,,,30284,3.0,3,,,,,,,,
,,,,,30287,3.0,3,,,,,,,,
,,,,,30298,11.0,11,,,,,,,,
,,,,,30316,18.0,18,,,,,,,,
,,,,,30320,4.0,4,,,,,,,,
,,,,,30323,3.0,3,,,,,,,,
,,,,,30329,6.0,6,,,,,,,,
,,,,,30338,9.0,9,,,,,,,,
,,,,,30342,4.0,4,,,,,,,,
,,,,,30352,10.0,10,,,,,,,,
,,,,,30360,8.0,8,,,,,,,,
,,,,,30367,7.0,7,,,,,,,,
,,,,,30376,9.0,9,,,,,,,,
,,,,,30379,3.0,3,,,,,,,,
,,,,,30385,6.0,6,,,,,,,,
,,,,,30393,8.0,8,,,,,,,,
,,,,,30396,3.0,3,,,,,,,,
,,,,,30402,6.0,6,,,,,,,,
,,,,,30408,6.0,6,,,,,,,,
,,,,,30412,4.0,4,,,,,,,,
,,,,,30422,10.0,10,,,,,,,,
,,,,,30425,3.0,3,,,,,,,,
,,,,,30432,7.0,7,,,,,,,,
,,,,,30440,8.0,8,,,,,,,,
,,,,,30443,3.0,3,,,,,,,,
,,,,,30449,6.0,6,,,,,,,,
,,,,,30452,3.0,3,,,,,,,,
,,,,,30458,6.0,6,,,,,,,,
,,,,,30480,22.0,22,,,,,,,,
,,,,,30486,6.0,6,,,,,,,,
,,,,,30490,4.0,4,,,,,,,,
,,,,,30496,6.0,6,,,,,,,,
,,,,,30499,3.0,3,,,,,,,,
,,,,,30512,13.0,13,,,,,,,,
,,,,,30517,5.0,5,,,,,,,,
,,,,,30522,5.0,5,,,,,,,,
,,,,,30531,9.0,9,,,,,,,,
,,,,,30534,3.0,3,,,,,,,,
,,,,,30537,3.0,3,,,,,,,,
,,,,,30540,3.0,3,,,,,,,,
,,,,,30548,8.0,8,,,,,,,,
,,,,,30578,30.0,30,,,,,,,,
,,,,,30582,4.0,4,,,,,,,,
,,,,,30586,4.0,4,,,,,,,,
,,,,,30592,6.0,6,,,,,,,,
,,,,,30596,4.0,4,,,,,,,,
,,,,,30601,5.0,5,,,,,,,,
,,,,,30605,4.0,4,,,,,,,,
,,,,,30612,7.0,7,,,,,,,,
,,,,,30617,5.0,5,,,,,,,,
,,,,,30620,3.0,3,,,,,,,,
,,,,,30632,12.0,12,,,,,,,,
,,,,,30638,6.0,6,,,,,,,,
,,,,,30645,7.0,7,,,,,,,,
,,,,,30651,6.0,6,,,,,,,,
,,,,,30654,3.0,3,,,,,,,,
,,,,,30657,3.0,3,,,,,,,,
,,,,,30660,3.0,3,,,,,,,,
,,,,,30666,6.0,6,,,,,,,,
,,,,,30669,3.0,3,,,,,,,,
,,,,,30674,5.0,5,,,,,,,,
,,,,,30677,3.0,3,,,,,,,,
,,,,,30681,4.0,4,,,,,,,,
,,,,,30684,3.0,3,,,,,,,,
,,,,,30698,14.0,14,,,,,,,,
,,,,,30703,5.0,5,,,,,,,,
,,,,,30712,9.0,9,,,,,,,,
,,,,,30723,11.0,11,,,,,,,,
,,,,,30726,3.0,3,,,,,,,,
,,,,,30730,4.0,4,,,,,,,,
,,,,,30737,7.0,7,,,,,,,,
,,,,,30740,3.0,3,,,,,,,,
,,,,,30745,5.0,5,,,,,,,,
,,,,,30748,3.0,3,,,,,,,,
,,,,,30754,6.0,6,,,,,,,,
,,,,,30759,5.0,5,,,,,,,,
,,,,,30763,4.0,4,,,,,,,,
,,,,,30766,3.0,3,,,,,,,,
,,,,,30771,5.0,5,,,,,,,,
,,,,,30775,4.0,4,,,,,,,,
,,,,,30781,6.0,6,,,,,,,,
,,,,,30786,5.0,5,,,,,,,,
,,,,,30792,6.0,6,,,,,,,,
,,,,,30796,4.0,4,,,,,,,,
,,,,,30808,12.0,12,,,,,,,,
,,,,,30812,4.0,4,,,,,,,,
,,,,,30816,4.0,4,,,,,,,,
,,,,,30821,5.0,5,,,,,,,,
,,,,,30827,6.0,6,,,,,,,,
,,,,,30838,11.0,11,,,,,,,,
,,,,,30841,3.0,3,,,,,,,,
,,,,,30844,3.0,3,,,,,,,,
,,,,,30847,3.0,3,,,,,,,,
,,,,,30850,3.0,3,,,,,,,,
,,,,,30854,4.0,4,,,,,,,,
,,,,,30862,8.0,8,,,,,,,,
,,,,,30866,4.0,4,,,,,,,,
,,,,,30869,3.0,3,,,,,,,,
,,,,,30872,3.0,3,,,,,,,,
,,,,,30876,4.0,4,,,,,,,,
,,,,,30879,3.0,3,,,,,,,,
,,,,,30885,6.0,6,,,,,,,,
,,,,,30896,11.0,11,,,,,,,,
,,,,,30901,5.0,5,,,,,,,,
,,,,,30905,4.0,4,,,,,,,,
,,,,,30912,7.0,7,,,,,,,,
,,,,,30917,5.0,5,,,,,,,,
,,,,,30922,5.0,5,,,,,,,,
,,,,,30929,7.0,7,,,,,,,,
,,,,,30933,4.0,4,,,,,,,,
,,,,,30937,4.0,4,,,,,,,,
,,,,,30940,3.0,3,,,,,,,,
,,,,,30945,5.0,5,,,,,,,,
,,,,,30950,5.0,5,,,,,,,,
,,,,,30955,5.0,5,,,,,,,,
,,,,,30961,6.0,6,,,,,,,,
,,,,,30966,5.0,5,,,,,,,,
,,,,,30971,5.0,5,,,,,,,,
,,,,,30974,3.0,3,,,,,,,,
,,,,,30977,3.0,3,,,,,,,,
,,,,,30981,4.0,4,,,,,,,,
,,,,,30984,3.0,3,,,,,,,,
,,,,,30989,5.0,5,,,,,,,,
,,,,,30994,5.0,5,,,,,,,,
,,,,,30999,5.0,5,,,,,,,,
,,,,,31000,,,-0.06697072088718414,0.669707179069519,1.9755905866622925,4.359203815460205,4.329202651977539,0.0003,0.0003,0.1
,,,,,31004,5.0,5,,,,,,,,
,,,,,31008,4.0,4,,,,,,,,
,,,,,31014,6.0,6,,,,,,,,
,,,,,31018,4.0,4,,,,,,,,
,,,,,31024,6.0,6,,,,,,,,
,,,,,31029,5.0,5,,,,,,,,
,,,,,31036,7.0,7,,,,,,,,
,,,,,31039,3.0,3,,,,,,,,
,,,,,31042,3.0,3,,,,,,,,
,,,,,31046,4.0,4,,,,,,,,
,,,,,31053,7.0,7,,,,,,,,
,,,,,31063,10.0,10,,,,,,,,
,,,,,31068,5.0,5,,,,,,,,
,,,,,31073,5.0,5,,,,,,,,
,,,,,31078,5.0,5,,,,,,,,
,,,,,31081,3.0,3,,,,,,,,
,,,,,31093,12.0,12,,,,,,,,
,,,,,31097,4.0,4,,,,,,,,
,,,,,31101,4.0,4,,,,,,,,
,,,,,31108,7.0,7,,,,,,,,
,,,,,31112,4.0,4,,,,,,,,
,,,,,31115,3.0,3,,,,,,,,
,,,,,31119,4.0,4,,,,,,,,
,,,,,31122,3.0,3,,,,,,,,
,,,,,31125,3.0,3,,,,,,,,
,,,,,31132,7.0,7,,,,,,,,
,,,,,31137,5.0,5,,,,,,,,
,,,,,31141,4.0,4,,,,,,,,
,,,,,31147,6.0,6,,,,,,,,
,,,,,31151,4.0,4,,,,,,,,
,,,,,31164,13.0,13,,,,,,,,
,,,,,31178,14.0,14,,,,,,,,
,,,,,31184,6.0,6,,,,,,,,
,,,,,31188,4.0,4,,,,,,,,
,,,,,31197,9.0,9,,,,,,,,
,,,,,31203,6.0,6,,,,,,,,
,,,,,31211,8.0,8,,,,,,,,
,,,,,31214,3.0,3,,,,,,,,
,,,,,31218,4.0,4,,,,,,,,
,,,,,31232,14.0,14,,,,,,,,
,,,,,31240,8.0,8,,,,,,,,
,,,,,31249,9.0,9,,,,,,,,
,,,,,31255,6.0,6,,,,,,,,
,,,,,31258,3.0,3,,,,,,,,
,,,,,31262,4.0,4,,,,,,,,
,,,,,31267,5.0,5,,,,,,,,
,,,,,31274,7.0,7,,,,,,,,
,,,,,31277,3.0,3,,,,,,,,
,,,,,31282,5.0,5,,,,,,,,
,,,,,31292,10.0,10,,,,,,,,
,,,,,31295,3.0,3,,,,,,,,
,,,,,31306,11.0,11,,,,,,,,
,,,,,31313,7.0,7,,,,,,,,
,,,,,31316,3.0,3,,,,,,,,
,,,,,31324,8.0,8,,,,,,,,
,,,,,31329,5.0,5,,,,,,,,
,,,,,31341,12.0,12,,,,,,,,
,,,,,31344,3.0,3,,,,,,,,
,,,,,31360,16.0,16,,,,,,,,
,,,,,31363,3.0,3,,,,,,,,
,,,,,31376,13.0,13,,,,,,,,
,,,,,31380,4.0,4,,,,,,,,
,,,,,31385,5.0,5,,,,,,,,
,,,,,31391,6.0,6,,,,,,,,
,,,,,31397,6.0,6,,,,,,,,
,,,,,31400,3.0,3,,,,,,,,
,,,,,31406,6.0,6,,,,,,,,
,,,,,31409,3.0,3,,,,,,,,
,,,,,31421,12.0,12,,,,,,,,
,,,,,31424,3.0,3,,,,,,,,
,,,,,31433,9.0,9,,,,,,,,
,,,,,31436,3.0,3,,,,,,,,
,,,,,31439,3.0,3,,,,,,,,
,,,,,31444,5.0,5,,,,,,,,
,,,,,31459,15.0,15,,,,,,,,
,,,,,31464,5.0,5,,,,,,,,
,,,,,31472,8.0,8,,,,,,,,
,,,,,31479,7.0,7,,,,,,,,
,,,,,31488,9.0,9,,,,,,,,
,,,,,31496,8.0,8,,,,,,,,
,,,,,31500,4.0,4,,,,,,,,
,,,,,31505,5.0,5,,,,,,,,
,,,,,31512,7.0,7,,,,,,,,
,,,,,31516,4.0,4,,,,,,,,
,,,,,31520,4.0,4,,,,,,,,
,,,,,31540,20.0,20,,,,,,,,
,,,,,31553,13.0,13,,,,,,,,
,,,,,31562,9.0,9,,,,,,,,
,,,,,31567,5.0,5,,,,,,,,
,,,,,31571,4.0,4,,,,,,,,
,,,,,31576,5.0,5,,,,,,,,
,,,,,31581,5.0,5,,,,,,,,
,,,,,31588,7.0,7,,,,,,,,
,,,,,31591,3.0,3,,,,,,,,
,,,,,31596,5.0,5,,,,,,,,
,,,,,31606,10.0,10,,,,,,,,
,,,,,31612,6.0,6,,,,,,,,
,,,,,31619,7.0,7,,,,,,,,
,,,,,31623,4.0,4,,,,,,,,
,,,,,31634,11.0,11,,,,,,,,
,,,,,31650,16.0,16,,,,,,,,
,,,,,31657,7.0,7,,,,,,,,
,,,,,31666,9.0,9,,,,,,,,
,,,,,31671,5.0,5,,,,,,,,
,,,,,31674,3.0,3,,,,,,,,
,,,,,31688,14.0,14,,,,,,,,
,,,,,31693,5.0,5,,,,,,,,
,,,,,31699,6.0,6,,,,,,,,
,,,,,31703,4.0,4,,,,,,,,
,,,,,31713,10.0,10,,,,,,,,
,,,,,31718,5.0,5,,,,,,,,
,,,,,31727,9.0,9,,,,,,,,
,,,,,31734,7.0,7,,,,,,,,
,,,,,31740,6.0,6,,,,,,,,
,,,,,31743,3.0,3,,,,,,,,
,,,,,31759,16.0,16,,,,,,,,
,,,,,31768,9.0,9,,,,,,,,
,,,,,31772,4.0,4,,,,,,,,
,,,,,31779,7.0,7,,,,,,,,
,,,,,31782,3.0,3,,,,,,,,
,,,,,31786,4.0,4,,,,,,,,
,,,,,31794,8.0,8,,,,,,,,
,,,,,31797,3.0,3,,,,,,,,
,,,,,31800,3.0,3,,,,,,,,
,,,,,31809,9.0,9,,,,,,,,
,,,,,31818,9.0,9,,,,,,,,
,,,,,31823,5.0,5,,,,,,,,
,,,,,31830,7.0,7,,,,,,,,
,,,,,31833,3.0,3,,,,,,,,
,,,,,31843,10.0,10,,,,,,,,
,,,,,31847,4.0,4,,,,,,,,
,,,,,31851,4.0,4,,,,,,,,
,,,,,31855,4.0,4,,,,,,,,
,,,,,31861,6.0,6,,,,,,,,
,,,,,31864,3.0,3,,,,,,,,
,,,,,31868,4.0,4,,,,,,,,
,,,,,31876,8.0,8,,,,,,,,
,,,,,31879,3.0,3,,,,,,,,
,,,,,31883,4.0,4,,,,,,,,
,,,,,31894,11.0,11,,,,,,,,
,,,,,31900,6.0,6,,,,,,,,
,,,,,31908,8.0,8,,,,,,,,
,,,,,31918,10.0,10,,,,,,,,
,,,,,31921,3.0,3,,,,,,,,
,,,,,31927,6.0,6,,,,,,,,
,,,,,31931,4.0,4,,,,,,,,
,,,,,31935,4.0,4,,,,,,,,
,,,,,31946,11.0,11,,,,,,,,
,,,,,31952,6.0,6,,,,,,,,
,,,,,31958,6.0,6,,,,,,,,
,,,,,31962,4.0,4,,,,,,,,
,,,,,31976,14.0,14,,,,,,,,
,,,,,31984,8.0,8,,,,,,,,
,,,,,31997,13.0,13,,,,,,,,
,,,,,32000,,,-0.06716439872980118,0.6716439723968506,1.7104769945144653,4.692627429962158,4.74312686920166,0.0003,0.0003,0.1
,,,,,32002,5.0,5,,,,,,,,
,,,,,32007,5.0,5,,,,,,,,
,,,,,32016,9.0,9,,,,,,,,
,,,,,32020,4.0,4,,,,,,,,
,,,,,32024,4.0,4,,,,,,,,
,,,,,32030,6.0,6,,,,,,,,
,,,,,32033,3.0,3,,,,,,,,
,,,,,32038,5.0,5,,,,,,,,
,,,,,32044,6.0,6,,,,,,,,
,,,,,32047,3.0,3,,,,,,,,
,,,,,32051,4.0,4,,,,,,,,
,,,,,32055,4.0,4,,,,,,,,
,,,,,32058,3.0,3,,,,,,,,
,,,,,32075,17.0,17,,,,,,,,
,,,,,32084,9.0,9,,,,,,,,
,,,,,32089,5.0,5,,,,,,,,
,,,,,32094,5.0,5,,,,,,,,
,,,,,32099,5.0,5,,,,,,,,
,,,,,32105,6.0,6,,,,,,,,
,,,,,32109,4.0,4,,,,,,,,
,,,,,32112,3.0,3,,,,,,,,
,,,,,32116,4.0,4,,,,,,,,
,,,,,32122,6.0,6,,,,,,,,
,,,,,32125,3.0,3,,,,,,,,
,,,,,32129,4.0,4,,,,,,,,
,,,,,32134,5.0,5,,,,,,,,
,,,,,32140,6.0,6,,,,,,,,
,,,,,32144,4.0,4,,,,,,,,
,,,,,32149,5.0,5,,,,,,,,
,,,,,32152,3.0,3,,,,,,,,
,,,,,32155,3.0,3,,,,,,,,
,,,,,32159,4.0,4,,,,,,,,
,,,,,32163,4.0,4,,,,,,,,
,,,,,32171,8.0,8,,,,,,,,
,,,,,32176,5.0,5,,,,,,,,
,,,,,32185,9.0,9,,,,,,,,
,,,,,32190,5.0,5,,,,,,,,
,,,,,32196,6.0,6,,,,,,,,
,,,,,32206,10.0,10,,,,,,,,
,,,,,32209,3.0,3,,,,,,,,
,,,,,32212,3.0,3,,,,,,,,
,,,,,32217,5.0,5,,,,,,,,
,,,,,32221,4.0,4,,,,,,,,
,,,,,32224,3.0,3,,,,,,,,
,,,,,32229,5.0,5,,,,,,,,
,,,,,32233,4.0,4,,,,,,,,
,,,,,32240,7.0,7,,,,,,,,
,,,,,32251,11.0,11,,,,,,,,
,,,,,32257,6.0,6,,,,,,,,
,,,,,32263,6.0,6,,,,,,,,
,,,,,32267,4.0,4,,,,,,,,
,,,,,32278,11.0,11,,,,,,,,
,,,,,32281,3.0,3,,,,,,,,
,,,,,32284,3.0,3,,,,,,,,
,,,,,32288,4.0,4,,,,,,,,
,,,,,32292,4.0,4,,,,,,,,
,,,,,32296,4.0,4,,,,,,,,
,,,,,32310,14.0,14,,,,,,,,
,,,,,32320,10.0,10,,,,,,,,
,,,,,32330,10.0,10,,,,,,,,
,,,,,32335,5.0,5,,,,,,,,
,,,,,32339,4.0,4,,,,,,,,
,,,,,32344,5.0,5,,,,,,,,
,,,,,32353,9.0,9,,,,,,,,
,,,,,32362,9.0,9,,,,,,,,
,,,,,32372,10.0,10,,,,,,,,
,,,,,32390,18.0,18,,,,,,,,
,,,,,32394,4.0,4,,,,,,,,
,,,,,32405,11.0,11,,,,,,,,
,,,,,32410,5.0,5,,,,,,,,
,,,,,32416,6.0,6,,,,,,,,
,,,,,32430,14.0,14,,,,,,,,
,,,,,32436,6.0,6,,,,,,,,
,,,,,32441,5.0,5,,,,,,,,
,,,,,32452,11.0,11,,,,,,,,
,,,,,32457,5.0,5,,,,,,,,
,,,,,32462,5.0,5,,,,,,,,
,,,,,32467,5.0,5,,,,,,,,
,,,,,32475,8.0,8,,,,,,,,
,,,,,32479,4.0,4,,,,,,,,
,,,,,32483,4.0,4,,,,,,,,
,,,,,32486,3.0,3,,,,,,,,
,,,,,32490,4.0,4,,,,,,,,
,,,,,32494,4.0,4,,,,,,,,
,,,,,32497,3.0,3,,,,,,,,
,,,,,32503,6.0,6,,,,,,,,
,,,,,32507,4.0,4,,,,,,,,
,,,,,32518,11.0,11,,,,,,,,
,,,,,32526,8.0,8,,,,,,,,
,,,,,32531,5.0,5,,,,,,,,
,,,,,32548,17.0,17,,,,,,,,
,,,,,32552,4.0,4,,,,,,,,
,,,,,32555,3.0,3,,,,,,,,
,,,,,32558,3.0,3,,,,,,,,
,,,,,32561,3.0,3,,,,,,,,
,,,,,32575,14.0,14,,,,,,,,
,,,,,32579,4.0,4,,,,,,,,
,,,,,32584,5.0,5,,,,,,,,
,,,,,32593,9.0,9,,,,,,,,
,,,,,32603,10.0,10,,,,,,,,
,,,,,32609,6.0,6,,,,,,,,
,,,,,32617,8.0,8,,,,,,,,
,,,,,32627,10.0,10,,,,,,,,
,,,,,32631,4.0,4,,,,,,,,
,,,,,32637,6.0,6,,,,,,,,
,,,,,32653,16.0,16,,,,,,,,
,,,,,32657,4.0,4,,,,,,,,
,,,,,32660,3.0,3,,,,,,,,
,,,,,32666,6.0,6,,,,,,,,
,,,,,32673,7.0,7,,,,,,,,
,,,,,32677,4.0,4,,,,,,,,
,,,,,32682,5.0,5,,,,,,,,
,,,,,32687,5.0,5,,,,,,,,
,,,,,32692,5.0,5,,,,,,,,
,,,,,32698,6.0,6,,,,,,,,
,,,,,32702,4.0,4,,,,,,,,
,,,,,32708,6.0,6,,,,,,,,
,,,,,32726,18.0,18,,,,,,,,
,,,,,32733,7.0,7,,,,,,,,
,,,,,32740,7.0,7,,,,,,,,
,,,,,32743,3.0,3,,,,,,,,
,,,,,32747,4.0,4,,,,,,,,
,,,,,32752,5.0,5,,,,,,,,
,,,,,32755,3.0,3,,,,,,,,
,,,,,32760,5.0,5,,,,,,,,
,,,,,32766,6.0,6,,,,,,,,
,,,,,32770,4.0,4,,,,,,,,
,,,,,32775,5.0,5,,,,,,,,
,,,,,32781,6.0,6,,,,,,,,
,,,,,32786,5.0,5,,,,,,,,
,,,,,32790,4.0,4,,,,,,,,
,,,,,32795,5.0,5,,,,,,,,
,,,,,32800,5.0,5,,,,,,,,
,,,,,32805,5.0,5,,,,,,,,
,,,,,32817,12.0,12,,,,,,,,
,,,,,32820,3.0,3,,,,,,,,
,,,,,32825,5.0,5,,,,,,,,
,,,,,32829,4.0,4,,,,,,,,
,,,,,32832,3.0,3,,,,,,,,
,,,,,32847,15.0,15,,,,,,,,
,,,,,32854,7.0,7,,,,,,,,
,,,,,32870,16.0,16,,,,,,,,
,,,,,32873,3.0,3,,,,,,,,
,,,,,32878,5.0,5,,,,,,,,
,,,,,32881,3.0,3,,,,,,,,
,,,,,32889,8.0,8,,,,,,,,
,,,,,32893,4.0,4,,,,,,,,
,,,,,32898,5.0,5,,,,,,,,
,,,,,32904,6.0,6,,,,,,,,
,,,,,32908,4.0,4,,,,,,,,
,,,,,32912,4.0,4,,,,,,,,
,,,,,32920,8.0,8,,,,,,,,
,,,,,32926,6.0,6,,,,,,,,
,,,,,32942,16.0,16,,,,,,,,
,,,,,32947,5.0,5,,,,,,,,
,,,,,32951,4.0,4,,,,,,,,
,,,,,32973,22.0,22,,,,,,,,
,,,,,32983,10.0,10,,,,,,,,
,,,,,32989,6.0,6,,,,,,,,
,,,,,32994,5.0,5,,,,,,,,
,,,,,32997,3.0,3,,,,,,,,
,,,,,33000,3.0,3,,,,,,,,
,,,,,33000,,,-0.06732457876205444,0.6732457876205444,1.622223138809204,4.407662391662598,4.476088047027588,0.0003,0.0003,0.1
,,,,,33004,4.0,4,,,,,,,,
,,,,,33010,6.0,6,,,,,,,,
,,,,,33013,3.0,3,,,,,,,,
,,,,,33016,3.0,3,,,,,,,,
,,,,,33019,3.0,3,,,,,,,,
,,,,,33023,4.0,4,,,,,,,,
,,,,,33035,12.0,12,,,,,,,,
,,,,,33038,3.0,3,,,,,,,,
,,,,,33050,12.0,12,,,,,,,,
,,,,,33053,3.0,3,,,,,,,,
,,,,,33057,4.0,4,,,,,,,,
,,,,,33060,3.0,3,,,,,,,,
,,,,,33063,3.0,3,,,,,,,,
,,,,,33068,5.0,5,,,,,,,,
,,,,,33077,9.0,9,,,,,,,,
,,,,,33083,6.0,6,,,,,,,,
,,,,,33089,6.0,6,,,,,,,,
,,,,,33093,4.0,4,,,,,,,,
,,,,,33096,3.0,3,,,,,,,,
,,,,,33102,6.0,6,,,,,,,,
,,,,,33110,8.0,8,,,,,,,,
,,,,,33114,4.0,4,,,,,,,,
,,,,,33119,5.0,5,,,,,,,,
,,,,,33125,6.0,6,,,,,,,,
,,,,,33134,9.0,9,,,,,,,,
,,,,,33137,3.0,3,,,,,,,,
,,,,,33141,4.0,4,,,,,,,,
,,,,,33144,3.0,3,,,,,,,,
,,,,,33150,6.0,6,,,,,,,,
,,,,,33156,6.0,6,,,,,,,,
,,,,,33165,9.0,9,,,,,,,,
,,,,,33170,5.0,5,,,,,,,,
,,,,,33176,6.0,6,,,,,,,,
,,,,,33181,5.0,5,,,,,,,,
,,,,,33189,8.0,8,,,,,,,,
,,,,,33192,3.0,3,,,,,,,,
,,,,,33203,11.0,11,,,,,,,,
,,,,,33206,3.0,3,,,,,,,,
,,,,,33209,3.0,3,,,,,,,,
,,,,,33214,5.0,5,,,,,,,,
,,,,,33219,5.0,5,,,,,,,,
,,,,,33227,8.0,8,,,,,,,,
,,,,,33230,3.0,3,,,,,,,,
,,,,,33236,6.0,6,,,,,,,,
,,,,,33245,9.0,9,,,,,,,,
,,,,,33250,5.0,5,,,,,,,,
,,,,,33258,8.0,8,,,,,,,,
,,,,,33261,3.0,3,,,,,,,,
,,,,,33265,4.0,4,,,,,,,,
,,,,,33273,8.0,8,,,,,,,,
,,,,,33279,6.0,6,,,,,,,,
,,,,,33282,3.0,3,,,,,,,,
,,,,,33287,5.0,5,,,,,,,,
,,,,,33291,4.0,4,,,,,,,,
,,,,,33300,9.0,9,,,,,,,,
,,,,,33306,6.0,6,,,,,,,,
,,,,,33309,3.0,3,,,,,,,,
,,,,,33318,9.0,9,,,,,,,,
,,,,,33322,4.0,4,,,,,,,,
,,,,,33330,8.0,8,,,,,,,,
,,,,,33348,18.0,18,,,,,,,,
,,,,,33359,11.0,11,,,,,,,,
,,,,,33364,5.0,5,,,,,,,,
,,,,,33368,4.0,4,,,,,,,,
,,,,,33372,4.0,4,,,,,,,,
,,,,,33375,3.0,3,,,,,,,,
,,,,,33388,13.0,13,,,,,,,,
,,,,,33395,7.0,7,,,,,,,,
,,,,,33401,6.0,6,,,,,,,,
,,,,,33406,5.0,5,,,,,,,,
,,,,,33410,4.0,4,,,,,,,,
,,,,,33427,17.0,17,,,,,,,,
,,,,,33431,4.0,4,,,,,,,,
,,,,,33435,4.0,4,,,,,,,,
,,,,,33439,4.0,4,,,,,,,,
,,,,,33446,7.0,7,,,,,,,,
,,,,,33454,8.0,8,,,,,,,,
,,,,,33458,4.0,4,,,,,,,,
,,,,,33463,5.0,5,,,,,,,,
,,,,,33466,3.0,3,,,,,,,,
,,,,,33473,7.0,7,,,,,,,,
,,,,,33476,3.0,3,,,,,,,,
,,,,,33479,3.0,3,,,,,,,,
,,,,,33483,4.0,4,,,,,,,,
,,,,,33486,3.0,3,,,,,,,,
,,,,,33490,4.0,4,,,,,,,,
,,,,,33493,3.0,3,,,,,,,,
,,,,,33501,8.0,8,,,,,,,,
,,,,,33509,8.0,8,,,,,,,,
,,,,,33512,3.0,3,,,,,,,,
,,,,,33519,7.0,7,,,,,,,,
,,,,,33523,4.0,4,,,,,,,,
,,,,,33528,5.0,5,,,,,,,,
,,,,,33536,8.0,8,,,,,,,,
,,,,,33540,4.0,4,,,,,,,,
,,,,,33546,6.0,6,,,,,,,,
,,,,,33550,4.0,4,,,,,,,,
,,,,,33553,3.0,3,,,,,,,,
,,,,,33560,7.0,7,,,,,,,,
,,,,,33564,4.0,4,,,,,,,,
,,,,,33577,13.0,13,,,,,,,,
,,,,,33581,4.0,4,,,,,,,,
,,,,,33603,22.0,22,,,,,,,,
,,,,,33606,3.0,3,,,,,,,,
,,,,,33612,6.0,6,,,,,,,,
,,,,,33619,7.0,7,,,,,,,,
,,,,,33622,3.0,3,,,,,,,,
,,,,,33625,3.0,3,,,,,,,,
,,,,,33631,6.0,6,,,,,,,,
,,,,,33634,3.0,3,,,,,,,,
,,,,,33637,3.0,3,,,,,,,,
,,,,,33645,8.0,8,,,,,,,,
,,,,,33651,6.0,6,,,,,,,,
,,,,,33657,6.0,6,,,,,,,,
,,,,,33661,4.0,4,,,,,,,,
,,,,,33666,5.0,5,,,,,,,,
,,,,,33674,8.0,8,,,,,,,,
,,,,,33680,6.0,6,,,,,,,,
,,,,,33686,6.0,6,,,,,,,,
,,,,,33695,9.0,9,,,,,,,,
,,,,,33704,9.0,9,,,,,,,,
,,,,,33711,7.0,7,,,,,,,,
,,,,,33715,4.0,4,,,,,,,,
,,,,,33720,5.0,5,,,,,,,,
,,,,,33723,3.0,3,,,,,,,,
,,,,,33728,5.0,5,,,,,,,,
,,,,,33733,5.0,5,,,,,,,,
,,,,,33737,4.0,4,,,,,,,,
,,,,,33740,3.0,3,,,,,,,,
,,,,,33744,4.0,4,,,,,,,,
,,,,,33767,23.0,23,,,,,,,,
,,,,,33772,5.0,5,,,,,,,,
,,,,,33776,4.0,4,,,,,,,,
,,,,,33780,4.0,4,,,,,,,,
,,,,,33787,7.0,7,,,,,,,,
,,,,,33799,12.0,12,,,,,,,,
,,,,,33802,3.0,3,,,,,,,,
,,,,,33807,5.0,5,,,,,,,,
,,,,,33812,5.0,5,,,,,,,,
,,,,,33815,3.0,3,,,,,,,,
,,,,,33820,5.0,5,,,,,,,,
,,,,,33826,6.0,6,,,,,,,,
,,,,,33829,3.0,3,,,,,,,,
,,,,,33834,5.0,5,,,,,,,,
,,,,,33857,23.0,23,,,,,,,,
,,,,,33864,7.0,7,,,,,,,,
,,,,,33867,3.0,3,,,,,,,,
,,,,,33870,3.0,3,,,,,,,,
,,,,,33874,4.0,4,,,,,,,,
,,,,,33877,3.0,3,,,,,,,,
,,,,,33884,7.0,7,,,,,,,,
,,,,,33888,4.0,4,,,,,,,,
,,,,,33892,4.0,4,,,,,,,,
,,,,,33897,5.0,5,,,,,,,,
,,,,,33901,4.0,4,,,,,,,,
,,,,,33904,3.0,3,,,,,,,,
,,,,,33907,3.0,3,,,,,,,,
,,,,,33910,3.0,3,,,,,,,,
,,,,,33913,3.0,3,,,,,,,,
,,,,,33924,11.0,11,,,,,,,,
,,,,,33928,4.0,4,,,,,,,,
,,,,,33933,5.0,5,,,,,,,,
,,,,,33936,3.0,3,,,,,,,,
,,,,,33943,7.0,7,,,,,,,,
,,,,,33954,11.0,11,,,,,,,,
,,,,,33964,10.0,10,,,,,,,,
,,,,,33968,4.0,4,,,,,,,,
,,,,,33974,6.0,6,,,,,,,,
,,,,,33978,4.0,4,,,,,,,,
,,,,,33981,3.0,3,,,,,,,,
,,,,,33985,4.0,4,,,,,,,,
,,,,,33988,3.0,3,,,,,,,,
,,,,,34000,12.0,12,,,,,,,,
,,,,,34000,,,-0.0687490850687027,0.6874908208847046,1.5598920583724976,4.745718955993652,4.802765846252441,0.0003,0.0003,0.1
,,,,,34003,3.0,3,,,,,,,,
,,,,,34006,3.0,3,,,,,,,,
,,,,,34010,4.0,4,,,,,,,,
,,,,,34015,5.0,5,,,,,,,,
,,,,,34022,7.0,7,,,,,,,,
,,,,,34025,3.0,3,,,,,,,,
,,,,,34033,8.0,8,,,,,,,,
,,,,,34037,4.0,4,,,,,,,,
,,,,,34044,7.0,7,,,,,,,,
,,,,,34055,11.0,11,,,,,,,,
,,,,,34059,4.0,4,,,,,,,,
,,,,,34066,7.0,7,,,,,,,,
,,,,,34070,4.0,4,,,,,,,,
,,,,,34074,4.0,4,,,,,,,,
,,,,,34077,3.0,3,,,,,,,,
,,,,,34082,5.0,5,,,,,,,,
,,,,,34088,6.0,6,,,,,,,,
,,,,,34092,4.0,4,,,,,,,,
,,,,,34096,4.0,4,,,,,,,,
,,,,,34104,8.0,8,,,,,,,,
,,,,,34111,7.0,7,,,,,,,,
,,,,,34117,6.0,6,,,,,,,,
,,,,,34120,3.0,3,,,,,,,,
,,,,,34123,3.0,3,,,,,,,,
,,,,,34126,3.0,3,,,,,,,,
,,,,,34142,16.0,16,,,,,,,,
,,,,,34149,7.0,7,,,,,,,,
,,,,,34159,10.0,10,,,,,,,,
,,,,,34163,4.0,4,,,,,,,,
,,,,,34169,6.0,6,,,,,,,,
,,,,,34175,6.0,6,,,,,,,,
,,,,,34181,6.0,6,,,,,,,,
,,,,,34187,6.0,6,,,,,,,,
,,,,,34191,4.0,4,,,,,,,,
,,,,,34200,9.0,9,,,,,,,,
,,,,,34204,4.0,4,,,,,,,,
,,,,,34227,23.0,23,,,,,,,,
,,,,,34239,12.0,12,,,,,,,,
,,,,,34243,4.0,4,,,,,,,,
,,,,,34246,3.0,3,,,,,,,,
,,,,,34252,6.0,6,,,,,,,,
,,,,,34255,3.0,3,,,,,,,,
,,,,,34258,3.0,3,,,,,,,,
,,,,,34263,5.0,5,,,,,,,,
,,,,,34269,6.0,6,,,,,,,,
,,,,,34276,7.0,7,,,,,,,,
,,,,,34280,4.0,4,,,,,,,,
,,,,,34285,5.0,5,,,,,,,,
,,,,,34291,6.0,6,,,,,,,,
,,,,,34294,3.0,3,,,,,,,,
,,,,,34298,4.0,4,,,,,,,,
,,,,,34301,3.0,3,,,,,,,,
,,,,,34308,7.0,7,,,,,,,,
,,,,,34312,4.0,4,,,,,,,,
,,,,,34326,14.0,14,,,,,,,,
,,,,,34333,7.0,7,,,,,,,,
,,,,,34336,3.0,3,,,,,,,,
,,,,,34340,4.0,4,,,,,,,,
,,,,,34343,3.0,3,,,,,,,,
,,,,,34350,7.0,7,,,,,,,,
,,,,,34354,4.0,4,,,,,,,,
,,,,,34359,5.0,5,,,,,,,,
,,,,,34363,4.0,4,,,,,,,,
,,,,,34369,6.0,6,,,,,,,,
,,,,,34375,6.0,6,,,,,,,,
,,,,,34379,4.0,4,,,,,,,,
,,,,,34382,3.0,3,,,,,,,,
,,,,,34390,8.0,8,,,,,,,,
,,,,,34396,6.0,6,,,,,,,,
,,,,,34403,7.0,7,,,,,,,,
,,,,,34406,3.0,3,,,,,,,,
,,,,,34410,4.0,4,,,,,,,,
,,,,,34415,5.0,5,,,,,,,,
,,,,,34420,5.0,5,,,,,,,,
,,,,,34440,20.0,20,,,,,,,,
,,,,,34446,6.0,6,,,,,,,,
,,,,,34453,7.0,7,,,,,,,,
,,,,,34458,5.0,5,,,,,,,,
,,,,,34463,5.0,5,,,,,,,,
,,,,,34470,7.0,7,,,,,,,,
,,,,,34487,17.0,17,,,,,,,,
,,,,,34495,8.0,8,,,,,,,,
,,,,,34503,8.0,8,,,,,,,,
,,,,,34526,23.0,23,,,,,,,,
,,,,,34534,8.0,8,,,,,,,,
,,,,,34537,3.0,3,,,,,,,,
,,,,,34544,7.0,7,,,,,,,,
,,,,,34547,3.0,3,,,,,,,,
,,,,,34558,11.0,11,,,,,,,,
,,,,,34570,12.0,12,,,,,,,,
,,,,,34574,4.0,4,,,,,,,,
,,,,,34579,5.0,5,,,,,,,,
,,,,,34583,4.0,4,,,,,,,,
,,,,,34587,4.0,4,,,,,,,,
,,,,,34593,6.0,6,,,,,,,,
,,,,,34597,4.0,4,,,,,,,,
,,,,,34601,4.0,4,,,,,,,,
,,,,,34606,5.0,5,,,,,,,,
,,,,,34609,3.0,3,,,,,,,,
,,,,,34614,5.0,5,,,,,,,,
,,,,,34617,3.0,3,,,,,,,,
,,,,,34620,3.0,3,,,,,,,,
,,,,,34631,11.0,11,,,,,,,,
,,,,,34635,4.0,4,,,,,,,,
,,,,,34643,8.0,8,,,,,,,,
,,,,,34650,7.0,7,,,,,,,,
,,,,,34656,6.0,6,,,,,,,,
,,,,,34665,9.0,9,,,,,,,,
,,,,,34668,3.0,3,,,,,,,,
,,,,,34677,9.0,9,,,,,,,,
,,,,,34684,7.0,7,,,,,,,,
,,,,,34687,3.0,3,,,,,,,,
,,,,,34692,5.0,5,,,,,,,,
,,,,,34696,4.0,4,,,,,,,,
,,,,,34702,6.0,6,,,,,,,,
,,,,,34712,10.0,10,,,,,,,,
,,,,,34720,8.0,8,,,,,,,,
,,,,,34723,3.0,3,,,,,,,,
,,,,,34730,7.0,7,,,,,,,,
,,,,,34746,16.0,16,,,,,,,,
,,,,,34752,6.0,6,,,,,,,,
,,,,,34765,13.0,13,,,,,,,,
,,,,,34768,3.0,3,,,,,,,,
,,,,,34779,11.0,11,,,,,,,,
,,,,,34784,5.0,5,,,,,,,,
,,,,,34803,19.0,19,,,,,,,,
,,,,,34809,6.0,6,,,,,,,,
,,,,,34816,7.0,7,,,,,,,,
,,,,,34820,4.0,4,,,,,,,,
,,,,,34831,11.0,11,,,,,,,,
,,,,,34838,7.0,7,,,,,,,,
,,,,,34858,20.0,20,,,,,,,,
,,,,,34866,8.0,8,,,,,,,,
,,,,,34872,6.0,6,,,,,,,,
,,,,,34889,17.0,17,,,,,,,,
,,,,,34893,4.0,4,,,,,,,,
,,,,,34911,18.0,18,,,,,,,,
,,,,,34915,4.0,4,,,,,,,,
,,,,,34919,4.0,4,,,,,,,,
,,,,,34923,4.0,4,,,,,,,,
,,,,,34926,3.0,3,,,,,,,,
,,,,,34932,6.0,6,,,,,,,,
,,,,,34939,7.0,7,,,,,,,,
,,,,,34943,4.0,4,,,,,,,,
,,,,,34947,4.0,4,,,,,,,,
,,,,,34951,4.0,4,,,,,,,,
,,,,,34954,3.0,3,,,,,,,,
,,,,,34958,4.0,4,,,,,,,,
,,,,,34969,11.0,11,,,,,,,,
,,,,,34973,4.0,4,,,,,,,,
,,,,,34977,4.0,4,,,,,,,,
,,,,,34983,6.0,6,,,,,,,,
,,,,,34986,3.0,3,,,,,,,,
,,,,,34992,6.0,6,,,,,,,,
,,,,,34995,3.0,3,,,,,,,,
6.2,2.7856777,13.0,3.0,6.2,35000,,,-0.06810571998357773,0.6810571551322937,1.831072211265564,4.819978713989258,4.755520343780518,0.0003,0.0003,0.1
,,,,,35002,7.0,7,,,,,,,,
,,,,,35007,5.0,5,,,,,,,,
,,,,,35015,8.0,8,,,,,,,,
,,,,,35022,7.0,7,,,,,,,,
,,,,,35027,5.0,5,,,,,,,,
,,,,,35035,8.0,8,,,,,,,,
,,,,,35045,10.0,10,,,,,,,,
,,,,,35049,4.0,4,,,,,,,,
,,,,,35056,7.0,7,,,,,,,,
,,,,,35060,4.0,4,,,,,,,,
,,,,,35066,6.0,6,,,,,,,,
,,,,,35070,4.0,4,,,,,,,,
,,,,,35073,3.0,3,,,,,,,,
,,,,,35081,8.0,8,,,,,,,,
,,,,,35090,9.0,9,,,,,,,,
,,,,,35098,8.0,8,,,,,,,,
,,,,,35102,4.0,4,,,,,,,,
,,,,,35106,4.0,4,,,,,,,,
,,,,,35113,7.0,7,,,,,,,,
,,,,,35121,8.0,8,,,,,,,,
,,,,,35125,4.0,4,,,,,,,,
,,,,,35137,12.0,12,,,,,,,,
,,,,,35141,4.0,4,,,,,,,,
,,,,,35148,7.0,7,,,,,,,,
,,,,,35151,3.0,3,,,,,,,,
,,,,,35157,6.0,6,,,,,,,,
,,,,,35160,3.0,3,,,,,,,,
,,,,,35163,3.0,3,,,,,,,,
,,,,,35169,6.0,6,,,,,,,,
,,,,,35176,7.0,7,,,,,,,,
,,,,,35180,4.0,4,,,,,,,,
,,,,,35184,4.0,4,,,,,,,,
,,,,,35188,4.0,4,,,,,,,,
,,,,,35192,4.0,4,,,,,,,,
,,,,,35195,3.0,3,,,,,,,,
,,,,,35198,3.0,3,,,,,,,,
,,,,,35209,11.0,11,,,,,,,,
,,,,,35214,5.0,5,,,,,,,,
,,,,,35227,13.0,13,,,,,,,,
,,,,,35232,5.0,5,,,,,,,,
,,,,,35238,6.0,6,,,,,,,,
,,,,,35243,5.0,5,,,,,,,,
,,,,,35253,10.0,10,,,,,,,,
,,,,,35257,4.0,4,,,,,,,,
,,,,,35270,13.0,13,,,,,,,,
,,,,,35273,3.0,3,,,,,,,,
,,,,,35277,4.0,4,,,,,,,,
,,,,,35280,3.0,3,,,,,,,,
,,,,,35283,3.0,3,,,,,,,,
,,,,,35290,7.0,7,,,,,,,,
,,,,,35293,3.0,3,,,,,,,,
,,,,,35306,13.0,13,,,,,,,,
,,,,,35311,5.0,5,,,,,,,,
,,,,,35315,4.0,4,,,,,,,,
,,,,,35327,12.0,12,,,,,,,,
,,,,,35332,5.0,5,,,,,,,,
,,,,,35335,3.0,3,,,,,,,,
,,,,,35340,5.0,5,,,,,,,,
,,,,,35343,3.0,3,,,,,,,,
,,,,,35350,7.0,7,,,,,,,,
,,,,,35359,9.0,9,,,,,,,,
,,,,,35362,3.0,3,,,,,,,,
,,,,,35374,12.0,12,,,,,,,,
,,,,,35377,3.0,3,,,,,,,,
,,,,,35380,3.0,3,,,,,,,,
,,,,,35389,9.0,9,,,,,,,,
,,,,,35392,3.0,3,,,,,,,,
,,,,,35395,3.0,3,,,,,,,,
,,,,,35398,3.0,3,,,,,,,,
,,,,,35415,17.0,17,,,,,,,,
,,,,,35422,7.0,7,,,,,,,,
,,,,,35427,5.0,5,,,,,,,,
,,,,,35437,10.0,10,,,,,,,,
,,,,,35441,4.0,4,,,,,,,,
,,,,,35455,14.0,14,,,,,,,,
,,,,,35459,4.0,4,,,,,,,,
,,,,,35463,4.0,4,,,,,,,,
,,,,,35478,15.0,15,,,,,,,,
,,,,,35484,6.0,6,,,,,,,,
,,,,,35490,6.0,6,,,,,,,,
,,,,,35495,5.0,5,,,,,,,,
,,,,,35498,3.0,3,,,,,,,,
,,,,,35503,5.0,5,,,,,,,,
,,,,,35507,4.0,4,,,,,,,,
,,,,,35513,6.0,6,,,,,,,,
,,,,,35520,7.0,7,,,,,,,,
,,,,,35523,3.0,3,,,,,,,,
,,,,,35532,9.0,9,,,,,,,,
,,,,,35539,7.0,7,,,,,,,,
,,,,,35542,3.0,3,,,,,,,,
,,,,,35547,5.0,5,,,,,,,,
,,,,,35556,9.0,9,,,,,,,,
,,,,,35562,6.0,6,,,,,,,,
,,,,,35568,6.0,6,,,,,,,,
,,,,,35578,10.0,10,,,,,,,,
,,,,,35587,9.0,9,,,,,,,,
,,,,,35591,4.0,4,,,,,,,,
,,,,,35596,5.0,5,,,,,,,,
,,,,,35599,3.0,3,,,,,,,,
,,,,,35605,6.0,6,,,,,,,,
,,,,,35613,8.0,8,,,,,,,,
,,,,,35616,3.0,3,,,,,,,,
,,,,,35623,7.0,7,,,,,,,,
,,,,,35636,13.0,13,,,,,,,,
,,,,,35641,5.0,5,,,,,,,,
,,,,,35647,6.0,6,,,,,,,,
,,,,,35655,8.0,8,,,,,,,,
,,,,,35659,4.0,4,,,,,,,,
,,,,,35664,5.0,5,,,,,,,,
,,,,,35671,7.0,7,,,,,,,,
,,,,,35685,14.0,14,,,,,,,,
,,,,,35689,4.0,4,,,,,,,,
,,,,,35692,3.0,3,,,,,,,,
,,,,,35697,5.0,5,,,,,,,,
,,,,,35714,17.0,17,,,,,,,,
,,,,,35719,5.0,5,,,,,,,,
,,,,,35725,6.0,6,,,,,,,,
,,,,,35731,6.0,6,,,,,,,,
,,,,,35739,8.0,8,,,,,,,,
,,,,,35743,4.0,4,,,,,,,,
,,,,,35752,9.0,9,,,,,,,,
,,,,,35757,5.0,5,,,,,,,,
,,,,,35761,4.0,4,,,,,,,,
,,,,,35765,4.0,4,,,,,,,,
,,,,,35771,6.0,6,,,,,,,,
,,,,,35776,5.0,5,,,,,,,,
,,,,,35781,5.0,5,,,,,,,,
,,,,,35785,4.0,4,,,,,,,,
,,,,,35793,8.0,8,,,,,,,,
,,,,,35798,5.0,5,,,,,,,,
,,,,,35802,4.0,4,,,,,,,,
,,,,,35808,6.0,6,,,,,,,,
,,,,,35817,9.0,9,,,,,,,,
,,,,,35820,3.0,3,,,,,,,,
,,,,,35823,3.0,3,,,,,,,,
,,,,,35828,5.0,5,,,,,,,,
,,,,,35838,10.0,10,,,,,,,,
,,,,,35841,3.0,3,,,,,,,,
,,,,,35844,3.0,3,,,,,,,,
,,,,,35854,10.0,10,,,,,,,,
,,,,,35858,4.0,4,,,,,,,,
,,,,,35862,4.0,4,,,,,,,,
,,,,,35866,4.0,4,,,,,,,,
,,,,,35875,9.0,9,,,,,,,,
,,,,,35878,3.0,3,,,,,,,,
,,,,,35887,9.0,9,,,,,,,,
,,,,,35890,3.0,3,,,,,,,,
,,,,,35893,3.0,3,,,,,,,,
,,,,,35896,3.0,3,,,,,,,,
,,,,,35899,3.0,3,,,,,,,,
,,,,,35907,8.0,8,,,,,,,,
,,,,,35920,13.0,13,,,,,,,,
,,,,,35924,4.0,4,,,,,,,,
,,,,,35929,5.0,5,,,,,,,,
,,,,,35932,3.0,3,,,,,,,,
,,,,,35936,4.0,4,,,,,,,,
,,,,,35939,3.0,3,,,,,,,,
,,,,,35943,4.0,4,,,,,,,,
,,,,,35948,5.0,5,,,,,,,,
,,,,,35954,6.0,6,,,,,,,,
,,,,,35959,5.0,5,,,,,,,,
,,,,,35963,4.0,4,,,,,,,,
,,,,,35978,15.0,15,,,,,,,,
,,,,,35986,8.0,8,,,,,,,,
,,,,,35994,8.0,8,,,,,,,,
,,,,,35999,5.0,5,,,,,,,,
,,,,,36000,,,-0.06964796036481857,0.6964795589447021,2.2793173789978027,4.635334014892578,4.681085586547852,0.0003,0.0003,0.1
,,,,,36005,6.0,6,,,,,,,,
,,,,,36010,5.0,5,,,,,,,,
,,,,,36021,11.0,11,,,,,,,,
,,,,,36038,17.0,17,,,,,,,,
,,,,,36041,3.0,3,,,,,,,,
,,,,,36046,5.0,5,,,,,,,,
,,,,,36051,5.0,5,,,,,,,,
,,,,,36056,5.0,5,,,,,,,,
,,,,,36060,4.0,4,,,,,,,,
,,,,,36064,4.0,4,,,,,,,,
,,,,,36068,4.0,4,,,,,,,,
,,,,,36072,4.0,4,,,,,,,,
,,,,,36079,7.0,7,,,,,,,,
,,,,,36084,5.0,5,,,,,,,,
,,,,,36088,4.0,4,,,,,,,,
,,,,,36091,3.0,3,,,,,,,,
,,,,,36097,6.0,6,,,,,,,,
,,,,,36102,5.0,5,,,,,,,,
,,,,,36109,7.0,7,,,,,,,,
,,,,,36114,5.0,5,,,,,,,,
,,,,,36117,3.0,3,,,,,,,,
,,,,,36124,7.0,7,,,,,,,,
,,,,,36130,6.0,6,,,,,,,,
,,,,,36133,3.0,3,,,,,,,,
,,,,,36142,9.0,9,,,,,,,,
,,,,,36148,6.0,6,,,,,,,,
,,,,,36154,6.0,6,,,,,,,,
,,,,,36157,3.0,3,,,,,,,,
,,,,,36161,4.0,4,,,,,,,,
,,,,,36164,3.0,3,,,,,,,,
,,,,,36168,4.0,4,,,,,,,,
,,,,,36174,6.0,6,,,,,,,,
,,,,,36180,6.0,6,,,,,,,,
,,,,,36184,4.0,4,,,,,,,,
,,,,,36192,8.0,8,,,,,,,,
,,,,,36208,16.0,16,,,,,,,,
,,,,,36213,5.0,5,,,,,,,,
,,,,,36228,15.0,15,,,,,,,,
,,,,,36233,5.0,5,,,,,,,,
,,,,,36242,9.0,9,,,,,,,,
,,,,,36245,3.0,3,,,,,,,,
,,,,,36249,4.0,4,,,,,,,,
,,,,,36252,3.0,3,,,,,,,,
,,,,,36255,3.0,3,,,,,,,,
,,,,,36260,5.0,5,,,,,,,,
,,,,,36265,5.0,5,,,,,,,,
,,,,,36270,5.0,5,,,,,,,,
,,,,,36274,4.0,4,,,,,,,,
,,,,,36277,3.0,3,,,,,,,,
,,,,,36282,5.0,5,,,,,,,,
,,,,,36288,6.0,6,,,,,,,,
,,,,,36294,6.0,6,,,,,,,,
,,,,,36299,5.0,5,,,,,,,,
,,,,,36302,3.0,3,,,,,,,,
,,,,,36305,3.0,3,,,,,,,,
,,,,,36315,10.0,10,,,,,,,,
,,,,,36331,16.0,16,,,,,,,,
,,,,,36335,4.0,4,,,,,,,,
,,,,,36345,10.0,10,,,,,,,,
,,,,,36352,7.0,7,,,,,,,,
,,,,,36356,4.0,4,,,,,,,,
,,,,,36362,6.0,6,,,,,,,,
,,,,,36375,13.0,13,,,,,,,,
,,,,,36386,11.0,11,,,,,,,,
,,,,,36391,5.0,5,,,,,,,,
,,,,,36395,4.0,4,,,,,,,,
,,,,,36400,5.0,5,,,,,,,,
,,,,,36407,7.0,7,,,,,,,,
,,,,,36419,12.0,12,,,,,,,,
,,,,,36423,4.0,4,,,,,,,,
,,,,,36426,3.0,3,,,,,,,,
,,,,,36439,13.0,13,,,,,,,,
,,,,,36443,4.0,4,,,,,,,,
,,,,,36448,5.0,5,,,,,,,,
,,,,,36458,10.0,10,,,,,,,,
,,,,,36465,7.0,7,,,,,,,,
,,,,,36469,4.0,4,,,,,,,,
,,,,,36472,3.0,3,,,,,,,,
,,,,,36476,4.0,4,,,,,,,,
,,,,,36479,3.0,3,,,,,,,,
,,,,,36489,10.0,10,,,,,,,,
,,,,,36497,8.0,8,,,,,,,,
,,,,,36500,3.0,3,,,,,,,,
,,,,,36503,3.0,3,,,,,,,,
,,,,,36511,8.0,8,,,,,,,,
,,,,,36514,3.0,3,,,,,,,,
,,,,,36519,5.0,5,,,,,,,,
,,,,,36522,3.0,3,,,,,,,,
,,,,,36525,3.0,3,,,,,,,,
,,,,,36535,10.0,10,,,,,,,,
,,,,,36542,7.0,7,,,,,,,,
,,,,,36549,7.0,7,,,,,,,,
,,,,,36555,6.0,6,,,,,,,,
,,,,,36561,6.0,6,,,,,,,,
,,,,,36565,4.0,4,,,,,,,,
,,,,,36573,8.0,8,,,,,,,,
,,,,,36577,4.0,4,,,,,,,,
,,,,,36580,3.0,3,,,,,,,,
,,,,,36585,5.0,5,,,,,,,,
,,,,,36591,6.0,6,,,,,,,,
,,,,,36595,4.0,4,,,,,,,,
,,,,,36599,4.0,4,,,,,,,,
,,,,,36603,4.0,4,,,,,,,,
,,,,,36607,4.0,4,,,,,,,,
,,,,,36610,3.0,3,,,,,,,,
,,,,,36615,5.0,5,,,,,,,,
,,,,,36620,5.0,5,,,,,,,,
,,,,,36624,4.0,4,,,,,,,,
,,,,,36629,5.0,5,,,,,,,,
,,,,,36633,4.0,4,,,,,,,,
,,,,,36637,4.0,4,,,,,,,,
,,,,,36641,4.0,4,,,,,,,,
,,,,,36644,3.0,3,,,,,,,,
,,,,,36653,9.0,9,,,,,,,,
,,,,,36656,3.0,3,,,,,,,,
,,,,,36666,10.0,10,,,,,,,,
,,,,,36670,4.0,4,,,,,,,,
,,,,,36675,5.0,5,,,,,,,,
,,,,,36680,5.0,5,,,,,,,,
,,,,,36683,3.0,3,,,,,,,,
,,,,,36687,4.0,4,,,,,,,,
,,,,,36691,4.0,4,,,,,,,,
,,,,,36696,5.0,5,,,,,,,,
,,,,,36699,3.0,3,,,,,,,,
,,,,,36707,8.0,8,,,,,,,,
,,,,,36710,3.0,3,,,,,,,,
,,,,,36713,3.0,3,,,,,,,,
,,,,,36719,6.0,6,,,,,,,,
,,,,,36733,14.0,14,,,,,,,,
,,,,,36747,14.0,14,,,,,,,,
,,,,,36750,3.0,3,,,,,,,,
,,,,,36756,6.0,6,,,,,,,,
,,,,,36760,4.0,4,,,,,,,,
,,,,,36763,3.0,3,,,,,,,,
,,,,,36766,3.0,3,,,,,,,,
,,,,,36773,7.0,7,,,,,,,,
,,,,,36778,5.0,5,,,,,,,,
,,,,,36784,6.0,6,,,,,,,,
,,,,,36788,4.0,4,,,,,,,,
,,,,,36793,5.0,5,,,,,,,,
,,,,,36797,4.0,4,,,,,,,,
,,,,,36805,8.0,8,,,,,,,,
,,,,,36809,4.0,4,,,,,,,,
,,,,,36827,18.0,18,,,,,,,,
,,,,,36831,4.0,4,,,,,,,,
,,,,,36838,7.0,7,,,,,,,,
,,,,,36846,8.0,8,,,,,,,,
,,,,,36853,7.0,7,,,,,,,,
,,,,,36856,3.0,3,,,,,,,,
,,,,,36865,9.0,9,,,,,,,,
,,,,,36870,5.0,5,,,,,,,,
,,,,,36873,3.0,3,,,,,,,,
,,,,,36876,3.0,3,,,,,,,,
,,,,,36883,7.0,7,,,,,,,,
,,,,,36886,3.0,3,,,,,,,,
,,,,,36889,3.0,3,,,,,,,,
,,,,,36898,9.0,9,,,,,,,,
,,,,,36902,4.0,4,,,,,,,,
,,,,,36907,5.0,5,,,,,,,,
,,,,,36911,4.0,4,,,,,,,,
,,,,,36916,5.0,5,,,,,,,,
,,,,,36920,4.0,4,,,,,,,,
,,,,,36924,4.0,4,,,,,,,,
,,,,,36932,8.0,8,,,,,,,,
,,,,,36941,9.0,9,,,,,,,,
,,,,,36946,5.0,5,,,,,,,,
,,,,,36949,3.0,3,,,,,,,,
,,,,,36952,3.0,3,,,,,,,,
,,,,,36955,3.0,3,,,,,,,,
,,,,,36959,4.0,4,,,,,,,,
,,,,,36966,7.0,7,,,,,,,,
,,,,,36970,4.0,4,,,,,,,,
,,,,,36974,4.0,4,,,,,,,,
,,,,,36980,6.0,6,,,,,,,,
,,,,,36994,14.0,14,,,,,,,,
,,,,,36997,3.0,3,,,,,,,,
,,,,,37000,,,-0.07035394757986069,0.7035394906997681,1.657193660736084,4.31767463684082,4.3178839683532715,0.0003,0.0003,0.1
,,,,,37012,15.0,15,,,,,,,,
,,,,,37018,6.0,6,,,,,,,,
,,,,,37021,3.0,3,,,,,,,,
,,,,,37025,4.0,4,,,,,,,,
,,,,,37028,3.0,3,,,,,,,,
,,,,,37035,7.0,7,,,,,,,,
,,,,,37039,4.0,4,,,,,,,,
,,,,,37042,3.0,3,,,,,,,,
,,,,,37047,5.0,5,,,,,,,,
,,,,,37055,8.0,8,,,,,,,,
,,,,,37059,4.0,4,,,,,,,,
,,,,,37068,9.0,9,,,,,,,,
,,,,,37076,8.0,8,,,,,,,,
,,,,,37079,3.0,3,,,,,,,,
,,,,,37083,4.0,4,,,,,,,,
,,,,,37087,4.0,4,,,,,,,,
,,,,,37090,3.0,3,,,,,,,,
,,,,,37095,5.0,5,,,,,,,,
,,,,,37098,3.0,3,,,,,,,,
,,,,,37106,8.0,8,,,,,,,,
,,,,,37109,3.0,3,,,,,,,,
,,,,,37114,5.0,5,,,,,,,,
,,,,,37118,4.0,4,,,,,,,,
,,,,,37121,3.0,3,,,,,,,,
,,,,,37124,3.0,3,,,,,,,,
,,,,,37128,4.0,4,,,,,,,,
,,,,,37132,4.0,4,,,,,,,,
,,,,,37136,4.0,4,,,,,,,,
,,,,,37146,10.0,10,,,,,,,,
,,,,,37154,8.0,8,,,,,,,,
,,,,,37159,5.0,5,,,,,,,,
,,,,,37162,3.0,3,,,,,,,,
,,,,,37166,4.0,4,,,,,,,,
,,,,,37169,3.0,3,,,,,,,,
,,,,,37172,3.0,3,,,,,,,,
,,,,,37178,6.0,6,,,,,,,,
,,,,,37184,6.0,6,,,,,,,,
,,,,,37190,6.0,6,,,,,,,,
,,,,,37199,9.0,9,,,,,,,,
,,,,,37202,3.0,3,,,,,,,,
,,,,,37207,5.0,5,,,,,,,,
,,,,,37212,5.0,5,,,,,,,,
,,,,,37215,3.0,3,,,,,,,,
,,,,,37227,12.0,12,,,,,,,,
,,,,,37235,8.0,8,,,,,,,,
,,,,,37239,4.0,4,,,,,,,,
,,,,,37242,3.0,3,,,,,,,,
,,,,,37251,9.0,9,,,,,,,,
,,,,,37261,10.0,10,,,,,,,,
,,,,,37267,6.0,6,,,,,,,,
,,,,,37271,4.0,4,,,,,,,,
,,,,,37274,3.0,3,,,,,,,,
,,,,,37278,4.0,4,,,,,,,,
,,,,,37288,10.0,10,,,,,,,,
,,,,,37302,14.0,14,,,,,,,,
,,,,,37307,5.0,5,,,,,,,,
,,,,,37312,5.0,5,,,,,,,,
,,,,,37318,6.0,6,,,,,,,,
,,,,,37321,3.0,3,,,,,,,,
,,,,,37324,3.0,3,,,,,,,,
,,,,,37328,4.0,4,,,,,,,,
,,,,,37340,12.0,12,,,,,,,,
,,,,,37343,3.0,3,,,,,,,,
,,,,,37354,11.0,11,,,,,,,,
,,,,,37360,6.0,6,,,,,,,,
,,,,,37365,5.0,5,,,,,,,,
,,,,,37368,3.0,3,,,,,,,,
,,,,,37379,11.0,11,,,,,,,,
,,,,,37386,7.0,7,,,,,,,,
,,,,,37390,4.0,4,,,,,,,,
,,,,,37399,9.0,9,,,,,,,,
,,,,,37402,3.0,3,,,,,,,,
,,,,,37416,14.0,14,,,,,,,,
,,,,,37420,4.0,4,,,,,,,,
,,,,,37431,11.0,11,,,,,,,,
,,,,,37440,9.0,9,,,,,,,,
,,,,,37450,10.0,10,,,,,,,,
,,,,,37454,4.0,4,,,,,,,,
,,,,,37458,4.0,4,,,,,,,,
,,,,,37465,7.0,7,,,,,,,,
,,,,,37469,4.0,4,,,,,,,,
,,,,,37472,3.0,3,,,,,,,,
,,,,,37476,4.0,4,,,,,,,,
,,,,,37479,3.0,3,,,,,,,,
,,,,,37483,4.0,4,,,,,,,,
,,,,,37486,3.0,3,,,,,,,,
,,,,,37500,14.0,14,,,,,,,,
,,,,,37504,4.0,4,,,,,,,,
,,,,,37512,8.0,8,,,,,,,,
,,,,,37517,5.0,5,,,,,,,,
,,,,,37521,4.0,4,,,,,,,,
,,,,,37530,9.0,9,,,,,,,,
,,,,,37533,3.0,3,,,,,,,,
,,,,,37540,7.0,7,,,,,,,,
,,,,,37546,6.0,6,,,,,,,,
,,,,,37558,12.0,12,,,,,,,,
,,,,,37564,6.0,6,,,,,,,,
,,,,,37567,3.0,3,,,,,,,,
,,,,,37573,6.0,6,,,,,,,,
,,,,,37576,3.0,3,,,,,,,,
,,,,,37587,11.0,11,,,,,,,,
,,,,,37592,5.0,5,,,,,,,,
,,,,,37596,4.0,4,,,,,,,,
,,,,,37599,3.0,3,,,,,,,,
,,,,,37603,4.0,4,,,,,,,,
,,,,,37606,3.0,3,,,,,,,,
,,,,,37610,4.0,4,,,,,,,,
,,,,,37613,3.0,3,,,,,,,,
,,,,,37625,12.0,12,,,,,,,,
,,,,,37642,17.0,17,,,,,,,,
,,,,,37650,8.0,8,,,,,,,,
,,,,,37654,4.0,4,,,,,,,,
,,,,,37658,4.0,4,,,,,,,,
,,,,,37664,6.0,6,,,,,,,,
,,,,,37668,4.0,4,,,,,,,,
,,,,,37672,4.0,4,,,,,,,,
,,,,,37680,8.0,8,,,,,,,,
,,,,,37686,6.0,6,,,,,,,,
,,,,,37691,5.0,5,,,,,,,,
,,,,,37697,6.0,6,,,,,,,,
,,,,,37705,8.0,8,,,,,,,,
,,,,,37708,3.0,3,,,,,,,,
,,,,,37711,3.0,3,,,,,,,,
,,,,,37730,19.0,19,,,,,,,,
,,,,,37735,5.0,5,,,,,,,,
,,,,,37742,7.0,7,,,,,,,,
,,,,,37746,4.0,4,,,,,,,,
,,,,,37753,7.0,7,,,,,,,,
,,,,,37756,3.0,3,,,,,,,,
,,,,,37767,11.0,11,,,,,,,,
,,,,,37772,5.0,5,,,,,,,,
,,,,,37777,5.0,5,,,,,,,,
,,,,,37780,3.0,3,,,,,,,,
,,,,,37788,8.0,8,,,,,,,,
,,,,,37793,5.0,5,,,,,,,,
,,,,,37796,3.0,3,,,,,,,,
,,,,,37799,3.0,3,,,,,,,,
,,,,,37807,8.0,8,,,,,,,,
,,,,,37812,5.0,5,,,,,,,,
,,,,,37816,4.0,4,,,,,,,,
,,,,,37825,9.0,9,,,,,,,,
,,,,,37829,4.0,4,,,,,,,,
,,,,,37832,3.0,3,,,,,,,,
,,,,,37837,5.0,5,,,,,,,,
,,,,,37840,3.0,3,,,,,,,,
,,,,,37844,4.0,4,,,,,,,,
,,,,,37849,5.0,5,,,,,,,,
,,,,,37853,4.0,4,,,,,,,,
,,,,,37856,3.0,3,,,,,,,,
,,,,,37859,3.0,3,,,,,,,,
,,,,,37862,3.0,3,,,,,,,,
,,,,,37865,3.0,3,,,,,,,,
,,,,,37869,4.0,4,,,,,,,,
,,,,,37872,3.0,3,,,,,,,,
,,,,,37880,8.0,8,,,,,,,,
,,,,,37884,4.0,4,,,,,,,,
,,,,,37893,9.0,9,,,,,,,,
,,,,,37898,5.0,5,,,,,,,,
,,,,,37901,3.0,3,,,,,,,,
,,,,,37916,15.0,15,,,,,,,,
,,,,,37930,14.0,14,,,,,,,,
,,,,,37941,11.0,11,,,,,,,,
,,,,,37952,11.0,11,,,,,,,,
,,,,,37957,5.0,5,,,,,,,,
,,,,,37960,3.0,3,,,,,,,,
,,,,,37965,5.0,5,,,,,,,,
,,,,,37974,9.0,9,,,,,,,,
,,,,,37978,4.0,4,,,,,,,,
,,,,,37985,7.0,7,,,,,,,,
,,,,,37993,8.0,8,,,,,,,,
,,,,,37997,4.0,4,,,,,,,,
,,,,,38000,,,-0.06770285218954086,0.677028477191925,1.7794170379638672,4.807777404785156,4.573048114776611,0.0003,0.0003,0.1
,,,,,38002,5.0,5,,,,,,,,
,,,,,38010,8.0,8,,,,,,,,
,,,,,38015,5.0,5,,,,,,,,
,,,,,38018,3.0,3,,,,,,,,
,,,,,38022,4.0,4,,,,,,,,
,,,,,38025,3.0,3,,,,,,,,
,,,,,38034,9.0,9,,,,,,,,
,,,,,38038,4.0,4,,,,,,,,
,,,,,38042,4.0,4,,,,,,,,
,,,,,38048,6.0,6,,,,,,,,
,,,,,38052,4.0,4,,,,,,,,
,,,,,38057,5.0,5,,,,,,,,
,,,,,38062,5.0,5,,,,,,,,
,,,,,38072,10.0,10,,,,,,,,
,,,,,38081,9.0,9,,,,,,,,
,,,,,38088,7.0,7,,,,,,,,
,,,,,38095,7.0,7,,,,,,,,
,,,,,38099,4.0,4,,,,,,,,
,,,,,38103,4.0,4,,,,,,,,
,,,,,38111,8.0,8,,,,,,,,
,,,,,38116,5.0,5,,,,,,,,
,,,,,38122,6.0,6,,,,,,,,
,,,,,38128,6.0,6,,,,,,,,
,,,,,38134,6.0,6,,,,,,,,
,,,,,38141,7.0,7,,,,,,,,
,,,,,38144,3.0,3,,,,,,,,
,,,,,38147,3.0,3,,,,,,,,
,,,,,38150,3.0,3,,,,,,,,
,,,,,38155,5.0,5,,,,,,,,
,,,,,38159,4.0,4,,,,,,,,
,,,,,38170,11.0,11,,,,,,,,
,,,,,38186,16.0,16,,,,,,,,
,,,,,38195,9.0,9,,,,,,,,
,,,,,38201,6.0,6,,,,,,,,
,,,,,38206,5.0,5,,,,,,,,
,,,,,38214,8.0,8,,,,,,,,
,,,,,38219,5.0,5,,,,,,,,
,,,,,38223,4.0,4,,,,,,,,
,,,,,38229,6.0,6,,,,,,,,
,,,,,38234,5.0,5,,,,,,,,
,,,,,38238,4.0,4,,,,,,,,
,,,,,38248,10.0,10,,,,,,,,
,,,,,38251,3.0,3,,,,,,,,
,,,,,38258,7.0,7,,,,,,,,
,,,,,38261,3.0,3,,,,,,,,
,,,,,38268,7.0,7,,,,,,,,
,,,,,38272,4.0,4,,,,,,,,
,,,,,38278,6.0,6,,,,,,,,
,,,,,38285,7.0,7,,,,,,,,
,,,,,38288,3.0,3,,,,,,,,
,,,,,38302,14.0,14,,,,,,,,
,,,,,38307,5.0,5,,,,,,,,
,,,,,38312,5.0,5,,,,,,,,
,,,,,38316,4.0,4,,,,,,,,
,,,,,38324,8.0,8,,,,,,,,
,,,,,38327,3.0,3,,,,,,,,
,,,,,38341,14.0,14,,,,,,,,
,,,,,38352,11.0,11,,,,,,,,
,,,,,38359,7.0,7,,,,,,,,
,,,,,38363,4.0,4,,,,,,,,
,,,,,38371,8.0,8,,,,,,,,
,,,,,38375,4.0,4,,,,,,,,
,,,,,38379,4.0,4,,,,,,,,
,,,,,38382,3.0,3,,,,,,,,
,,,,,38386,4.0,4,,,,,,,,
,,,,,38394,8.0,8,,,,,,,,
,,,,,38399,5.0,5,,,,,,,,
,,,,,38412,13.0,13,,,,,,,,
,,,,,38419,7.0,7,,,,,,,,
,,,,,38422,3.0,3,,,,,,,,
,,,,,38425,3.0,3,,,,,,,,
,,,,,38434,9.0,9,,,,,,,,
,,,,,38447,13.0,13,,,,,,,,
,,,,,38451,4.0,4,,,,,,,,
,,,,,38454,3.0,3,,,,,,,,
,,,,,38460,6.0,6,,,,,,,,
,,,,,38472,12.0,12,,,,,,,,
,,,,,38476,4.0,4,,,,,,,,
,,,,,38488,12.0,12,,,,,,,,
,,,,,38495,7.0,7,,,,,,,,
,,,,,38500,5.0,5,,,,,,,,
,,,,,38507,7.0,7,,,,,,,,
,,,,,38510,3.0,3,,,,,,,,
,,,,,38513,3.0,3,,,,,,,,
,,,,,38526,13.0,13,,,,,,,,
,,,,,38529,3.0,3,,,,,,,,
,,,,,38539,10.0,10,,,,,,,,
,,,,,38542,3.0,3,,,,,,,,
,,,,,38554,12.0,12,,,,,,,,
,,,,,38559,5.0,5,,,,,,,,
,,,,,38563,4.0,4,,,,,,,,
,,,,,38570,7.0,7,,,,,,,,
,,,,,38576,6.0,6,,,,,,,,
,,,,,38581,5.0,5,,,,,,,,
,,,,,38584,3.0,3,,,,,,,,
,,,,,38587,3.0,3,,,,,,,,
,,,,,38591,4.0,4,,,,,,,,
,,,,,38599,8.0,8,,,,,,,,
,,,,,38605,6.0,6,,,,,,,,
,,,,,38609,4.0,4,,,,,,,,
,,,,,38620,11.0,11,,,,,,,,
,,,,,38625,5.0,5,,,,,,,,
,,,,,38631,6.0,6,,,,,,,,
,,,,,38639,8.0,8,,,,,,,,
,,,,,38647,8.0,8,,,,,,,,
,,,,,38655,8.0,8,,,,,,,,
,,,,,38661,6.0,6,,,,,,,,
,,,,,38664,3.0,3,,,,,,,,
,,,,,38670,6.0,6,,,,,,,,
,,,,,38674,4.0,4,,,,,,,,
,,,,,38677,3.0,3,,,,,,,,
,,,,,38680,3.0,3,,,,,,,,
,,,,,38683,3.0,3,,,,,,,,
,,,,,38688,5.0,5,,,,,,,,
,,,,,38692,4.0,4,,,,,,,,
,,,,,38698,6.0,6,,,,,,,,
,,,,,38702,4.0,4,,,,,,,,
,,,,,38707,5.0,5,,,,,,,,
,,,,,38711,4.0,4,,,,,,,,
,,,,,38714,3.0,3,,,,,,,,
,,,,,38722,8.0,8,,,,,,,,
,,,,,38733,11.0,11,,,,,,,,
,,,,,38736,3.0,3,,,,,,,,
,,,,,38739,3.0,3,,,,,,,,
,,,,,38746,7.0,7,,,,,,,,
,,,,,38753,7.0,7,,,,,,,,
,,,,,38756,3.0,3,,,,,,,,
,,,,,38760,4.0,4,,,,,,,,
,,,,,38775,15.0,15,,,,,,,,
,,,,,38791,16.0,16,,,,,,,,
,,,,,38794,3.0,3,,,,,,,,
,,,,,38798,4.0,4,,,,,,,,
,,,,,38801,3.0,3,,,,,,,,
,,,,,38805,4.0,4,,,,,,,,
,,,,,38812,7.0,7,,,,,,,,
,,,,,38815,3.0,3,,,,,,,,
,,,,,38821,6.0,6,,,,,,,,
,,,,,38838,17.0,17,,,,,,,,
,,,,,38844,6.0,6,,,,,,,,
,,,,,38852,8.0,8,,,,,,,,
,,,,,38856,4.0,4,,,,,,,,
,,,,,38860,4.0,4,,,,,,,,
,,,,,38865,5.0,5,,,,,,,,
,,,,,38874,9.0,9,,,,,,,,
,,,,,38879,5.0,5,,,,,,,,
,,,,,38889,10.0,10,,,,,,,,
,,,,,38896,7.0,7,,,,,,,,
,,,,,38900,4.0,4,,,,,,,,
,,,,,38906,6.0,6,,,,,,,,
,,,,,38926,20.0,20,,,,,,,,
,,,,,38929,3.0,3,,,,,,,,
,,,,,38934,5.0,5,,,,,,,,
,,,,,38939,5.0,5,,,,,,,,
,,,,,38952,13.0,13,,,,,,,,
,,,,,38958,6.0,6,,,,,,,,
,,,,,38963,5.0,5,,,,,,,,
,,,,,38969,6.0,6,,,,,,,,
,,,,,38976,7.0,7,,,,,,,,
,,,,,38980,4.0,4,,,,,,,,
,,,,,38991,11.0,11,,,,,,,,
,,,,,38998,7.0,7,,,,,,,,
,,,,,39000,,,-0.06899061799049377,0.6899061799049377,1.6164979934692383,4.569314002990723,4.416688442230225,0.0003,0.0003,0.1
,,,,,39004,6.0,6,,,,,,,,
,,,,,39014,10.0,10,,,,,,,,
,,,,,39023,9.0,9,,,,,,,,
,,,,,39026,3.0,3,,,,,,,,
,,,,,39032,6.0,6,,,,,,,,
,,,,,39037,5.0,5,,,,,,,,
,,,,,39041,4.0,4,,,,,,,,
,,,,,39059,18.0,18,,,,,,,,
,,,,,39063,4.0,4,,,,,,,,
,,,,,39067,4.0,4,,,,,,,,
,,,,,39086,19.0,19,,,,,,,,
,,,,,39092,6.0,6,,,,,,,,
,,,,,39095,3.0,3,,,,,,,,
,,,,,39098,3.0,3,,,,,,,,
,,,,,39102,4.0,4,,,,,,,,
,,,,,39107,5.0,5,,,,,,,,
,,,,,39120,13.0,13,,,,,,,,
,,,,,39128,8.0,8,,,,,,,,
,,,,,39138,10.0,10,,,,,,,,
,,,,,39142,4.0,4,,,,,,,,
,,,,,39146,4.0,4,,,,,,,,
,,,,,39150,4.0,4,,,,,,,,
,,,,,39154,4.0,4,,,,,,,,
,,,,,39159,5.0,5,,,,,,,,
,,,,,39164,5.0,5,,,,,,,,
,,,,,39170,6.0,6,,,,,,,,
,,,,,39174,4.0,4,,,,,,,,
,,,,,39185,11.0,11,,,,,,,,
,,,,,39191,6.0,6,,,,,,,,
,,,,,39198,7.0,7,,,,,,,,
,,,,,39201,3.0,3,,,,,,,,
,,,,,39204,3.0,3,,,,,,,,
,,,,,39208,4.0,4,,,,,,,,
,,,,,39213,5.0,5,,,,,,,,
,,,,,39218,5.0,5,,,,,,,,
,,,,,39224,6.0,6,,,,,,,,
,,,,,39229,5.0,5,,,,,,,,
,,,,,39238,9.0,9,,,,,,,,
,,,,,39242,4.0,4,,,,,,,,
,,,,,39247,5.0,5,,,,,,,,
,,,,,39257,10.0,10,,,,,,,,
,,,,,39263,6.0,6,,,,,,,,
,,,,,39274,11.0,11,,,,,,,,
,,,,,39277,3.0,3,,,,,,,,
,,,,,39280,3.0,3,,,,,,,,
,,,,,39290,10.0,10,,,,,,,,
,,,,,39298,8.0,8,,,,,,,,
,,,,,39301,3.0,3,,,,,,,,
,,,,,39305,4.0,4,,,,,,,,
,,,,,39322,17.0,17,,,,,,,,
,,,,,39326,4.0,4,,,,,,,,
,,,,,39332,6.0,6,,,,,,,,
,,,,,39336,4.0,4,,,,,,,,
,,,,,39340,4.0,4,,,,,,,,
,,,,,39346,6.0,6,,,,,,,,
,,,,,39351,5.0,5,,,,,,,,
,,,,,39354,3.0,3,,,,,,,,
,,,,,39359,5.0,5,,,,,,,,
,,,,,39366,7.0,7,,,,,,,,
,,,,,39369,3.0,3,,,,,,,,
,,,,,39372,3.0,3,,,,,,,,
,,,,,39376,4.0,4,,,,,,,,
,,,,,39379,3.0,3,,,,,,,,
,,,,,39382,3.0,3,,,,,,,,
,,,,,39388,6.0,6,,,,,,,,
,,,,,39396,8.0,8,,,,,,,,
,,,,,39399,3.0,3,,,,,,,,
,,,,,39407,8.0,8,,,,,,,,
,,,,,39410,3.0,3,,,,,,,,
,,,,,39417,7.0,7,,,,,,,,
,,,,,39420,3.0,3,,,,,,,,
,,,,,39425,5.0,5,,,,,,,,
,,,,,39432,7.0,7,,,,,,,,
,,,,,39438,6.0,6,,,,,,,,
,,,,,39455,17.0,17,,,,,,,,
,,,,,39463,8.0,8,,,,,,,,
,,,,,39466,3.0,3,,,,,,,,
,,,,,39470,4.0,4,,,,,,,,
,,,,,39473,3.0,3,,,,,,,,
,,,,,39481,8.0,8,,,,,,,,
,,,,,39490,9.0,9,,,,,,,,
,,,,,39493,3.0,3,,,,,,,,
,,,,,39502,9.0,9,,,,,,,,
,,,,,39508,6.0,6,,,,,,,,
,,,,,39514,6.0,6,,,,,,,,
,,,,,39526,12.0,12,,,,,,,,
,,,,,39531,5.0,5,,,,,,,,
,,,,,39541,10.0,10,,,,,,,,
,,,,,39544,3.0,3,,,,,,,,
,,,,,39547,3.0,3,,,,,,,,
,,,,,39551,4.0,4,,,,,,,,
,,,,,39555,4.0,4,,,,,,,,
,,,,,39560,5.0,5,,,,,,,,
,,,,,39564,4.0,4,,,,,,,,
,,,,,39567,3.0,3,,,,,,,,
,,,,,39570,3.0,3,,,,,,,,
,,,,,39574,4.0,4,,,,,,,,
,,,,,39578,4.0,4,,,,,,,,
,,,,,39583,5.0,5,,,,,,,,
,,,,,39588,5.0,5,,,,,,,,
,,,,,39594,6.0,6,,,,,,,,
,,,,,39610,16.0,16,,,,,,,,
,,,,,39621,11.0,11,,,,,,,,
,,,,,39625,4.0,4,,,,,,,,
,,,,,39630,5.0,5,,,,,,,,
,,,,,39634,4.0,4,,,,,,,,
,,,,,39639,5.0,5,,,,,,,,
,,,,,39644,5.0,5,,,,,,,,
,,,,,39648,4.0,4,,,,,,,,
,,,,,39655,7.0,7,,,,,,,,
,,,,,39658,3.0,3,,,,,,,,
,,,,,39662,4.0,4,,,,,,,,
,,,,,39666,4.0,4,,,,,,,,
,,,,,39671,5.0,5,,,,,,,,
,,,,,39675,4.0,4,,,,,,,,
,,,,,39680,5.0,5,,,,,,,,
,,,,,39683,3.0,3,,,,,,,,
,,,,,39690,7.0,7,,,,,,,,
,,,,,39699,9.0,9,,,,,,,,
,,,,,39707,8.0,8,,,,,,,,
,,,,,39711,4.0,4,,,,,,,,
,,,,,39714,3.0,3,,,,,,,,
,,,,,39718,4.0,4,,,,,,,,
,,,,,39722,4.0,4,,,,,,,,
,,,,,39728,6.0,6,,,,,,,,
,,,,,39732,4.0,4,,,,,,,,
,,,,,39736,4.0,4,,,,,,,,
,,,,,39746,10.0,10,,,,,,,,
,,,,,39750,4.0,4,,,,,,,,
,,,,,39756,6.0,6,,,,,,,,
,,,,,39759,3.0,3,,,,,,,,
,,,,,39762,3.0,3,,,,,,,,
,,,,,39767,5.0,5,,,,,,,,
,,,,,39772,5.0,5,,,,,,,,
,,,,,39778,6.0,6,,,,,,,,
,,,,,39781,3.0,3,,,,,,,,
,,,,,39792,11.0,11,,,,,,,,
,,,,,39795,3.0,3,,,,,,,,
,,,,,39798,3.0,3,,,,,,,,
,,,,,39801,3.0,3,,,,,,,,
,,,,,39816,15.0,15,,,,,,,,
,,,,,39823,7.0,7,,,,,,,,
,,,,,39826,3.0,3,,,,,,,,
,,,,,39829,3.0,3,,,,,,,,
,,,,,39842,13.0,13,,,,,,,,
,,,,,39856,14.0,14,,,,,,,,
,,,,,39863,7.0,7,,,,,,,,
,,,,,39873,10.0,10,,,,,,,,
,,,,,39876,3.0,3,,,,,,,,
,,,,,39883,7.0,7,,,,,,,,
,,,,,39886,3.0,3,,,,,,,,
,,,,,39890,4.0,4,,,,,,,,
,,,,,39895,5.0,5,,,,,,,,
,,,,,39901,6.0,6,,,,,,,,
,,,,,39904,3.0,3,,,,,,,,
,,,,,39911,7.0,7,,,,,,,,
,,,,,39919,8.0,8,,,,,,,,
,,,,,39926,7.0,7,,,,,,,,
,,,,,39929,3.0,3,,,,,,,,
,,,,,39938,9.0,9,,,,,,,,
,,,,,39943,5.0,5,,,,,,,,
,,,,,39947,4.0,4,,,,,,,,
,,,,,39950,3.0,3,,,,,,,,
,,,,,39955,5.0,5,,,,,,,,
,,,,,39959,4.0,4,,,,,,,,
,,,,,39963,4.0,4,,,,,,,,
,,,,,39967,4.0,4,,,,,,,,
,,,,,39971,4.0,4,,,,,,,,
,,,,,39979,8.0,8,,,,,,,,
,,,,,39986,7.0,7,,,,,,,,
,,,,,39993,7.0,7,,,,,,,,
,,,,,39997,4.0,4,,,,,,,,
,,,,,40000,3.0,3,,,,,,,,
7.9,6.236185,24.0,3.0,7.9,40000,,,-0.06839217245578766,0.6839216947555542,2.3636832237243652,4.8051886558532715,4.8585124015808105,0.0003,0.0003,0.1
,,,,,40004,4.0,4,,,,,,,,
,,,,,40008,4.0,4,,,,,,,,
,,,,,40012,4.0,4,,,,,,,,
,,,,,40021,9.0,9,,,,,,,,
,,,,,40027,6.0,6,,,,,,,,
,,,,,40031,4.0,4,,,,,,,,
,,,,,40037,6.0,6,,,,,,,,
,,,,,40041,4.0,4,,,,,,,,
,,,,,40054,13.0,13,,,,,,,,
,,,,,40066,12.0,12,,,,,,,,
,,,,,40070,4.0,4,,,,,,,,
,,,,,40077,7.0,7,,,,,,,,
,,,,,40086,9.0,9,,,,,,,,
,,,,,40090,4.0,4,,,,,,,,
,,,,,40096,6.0,6,,,,,,,,
,,,,,40107,11.0,11,,,,,,,,
,,,,,40115,8.0,8,,,,,,,,
,,,,,40119,4.0,4,,,,,,,,
,,,,,40129,10.0,10,,,,,,,,
,,,,,40133,4.0,4,,,,,,,,
,,,,,40138,5.0,5,,,,,,,,
,,,,,40142,4.0,4,,,,,,,,
,,,,,40147,5.0,5,,,,,,,,
,,,,,40155,8.0,8,,,,,,,,
,,,,,40161,6.0,6,,,,,,,,
,,,,,40164,3.0,3,,,,,,,,
,,,,,40171,7.0,7,,,,,,,,
,,,,,40177,6.0,6,,,,,,,,
,,,,,40180,3.0,3,,,,,,,,
,,,,,40187,7.0,7,,,,,,,,
,,,,,40193,6.0,6,,,,,,,,
,,,,,40203,10.0,10,,,,,,,,
,,,,,40216,13.0,13,,,,,,,,
,,,,,40224,8.0,8,,,,,,,,
,,,,,40229,5.0,5,,,,,,,,
,,,,,40242,13.0,13,,,,,,,,
,,,,,40247,5.0,5,,,,,,,,
,,,,,40251,4.0,4,,,,,,,,
,,,,,40255,4.0,4,,,,,,,,
,,,,,40260,5.0,5,,,,,,,,
,,,,,40263,3.0,3,,,,,,,,
,,,,,40266,3.0,3,,,,,,,,
,,,,,40271,5.0,5,,,,,,,,
,,,,,40274,3.0,3,,,,,,,,
,,,,,40277,3.0,3,,,,,,,,
,,,,,40281,4.0,4,,,,,,,,
,,,,,40295,14.0,14,,,,,,,,
,,,,,40299,4.0,4,,,,,,,,
,,,,,40303,4.0,4,,,,,,,,
,,,,,40310,7.0,7,,,,,,,,
,,,,,40315,5.0,5,,,,,,,,
,,,,,40321,6.0,6,,,,,,,,
,,,,,40324,3.0,3,,,,,,,,
,,,,,40328,4.0,4,,,,,,,,
,,,,,40332,4.0,4,,,,,,,,
,,,,,40336,4.0,4,,,,,,,,
,,,,,40350,14.0,14,,,,,,,,
,,,,,40361,11.0,11,,,,,,,,
,,,,,40365,4.0,4,,,,,,,,
,,,,,40368,3.0,3,,,,,,,,
,,,,,40373,5.0,5,,,,,,,,
,,,,,40377,4.0,4,,,,,,,,
,,,,,40391,14.0,14,,,,,,,,
,,,,,40397,6.0,6,,,,,,,,
,,,,,40401,4.0,4,,,,,,,,
,,,,,40407,6.0,6,,,,,,,,
,,,,,40414,7.0,7,,,,,,,,
,,,,,40418,4.0,4,,,,,,,,
,,,,,40422,4.0,4,,,,,,,,
,,,,,40425,3.0,3,,,,,,,,
,,,,,40429,4.0,4,,,,,,,,
,,,,,40439,10.0,10,,,,,,,,
,,,,,40450,11.0,11,,,,,,,,
,,,,,40455,5.0,5,,,,,,,,
,,,,,40462,7.0,7,,,,,,,,
,,,,,40466,4.0,4,,,,,,,,
,,,,,40470,4.0,4,,,,,,,,
,,,,,40484,14.0,14,,,,,,,,
,,,,,40488,4.0,4,,,,,,,,
,,,,,40501,13.0,13,,,,,,,,
,,,,,40505,4.0,4,,,,,,,,
,,,,,40509,4.0,4,,,,,,,,
,,,,,40516,7.0,7,,,,,,,,
,,,,,40522,6.0,6,,,,,,,,
,,,,,40528,6.0,6,,,,,,,,
,,,,,40536,8.0,8,,,,,,,,
,,,,,40541,5.0,5,,,,,,,,
,,,,,40546,5.0,5,,,,,,,,
,,,,,40549,3.0,3,,,,,,,,
,,,,,40552,3.0,3,,,,,,,,
,,,,,40558,6.0,6,,,,,,,,
,,,,,40565,7.0,7,,,,,,,,
,,,,,40569,4.0,4,,,,,,,,
,,,,,40573,4.0,4,,,,,,,,
,,,,,40576,3.0,3,,,,,,,,
,,,,,40580,4.0,4,,,,,,,,
,,,,,40585,5.0,5,,,,,,,,
,,,,,40590,5.0,5,,,,,,,,
,,,,,40599,9.0,9,,,,,,,,
,,,,,40604,5.0,5,,,,,,,,
,,,,,40609,5.0,5,,,,,,,,
,,,,,40614,5.0,5,,,,,,,,
,,,,,40637,23.0,23,,,,,,,,
,,,,,40643,6.0,6,,,,,,,,
,,,,,40649,6.0,6,,,,,,,,
,,,,,40654,5.0,5,,,,,,,,
,,,,,40660,6.0,6,,,,,,,,
,,,,,40667,7.0,7,,,,,,,,
,,,,,40671,4.0,4,,,,,,,,
,,,,,40674,3.0,3,,,,,,,,
,,,,,40683,9.0,9,,,,,,,,
,,,,,40688,5.0,5,,,,,,,,
,,,,,40691,3.0,3,,,,,,,,
,,,,,40697,6.0,6,,,,,,,,
,,,,,40701,4.0,4,,,,,,,,
,,,,,40704,3.0,3,,,,,,,,
,,,,,40707,3.0,3,,,,,,,,
,,,,,40710,3.0,3,,,,,,,,
,,,,,40715,5.0,5,,,,,,,,
,,,,,40725,10.0,10,,,,,,,,
,,,,,40737,12.0,12,,,,,,,,
,,,,,40741,4.0,4,,,,,,,,
,,,,,40744,3.0,3,,,,,,,,
,,,,,40749,5.0,5,,,,,,,,
,,,,,40754,5.0,5,,,,,,,,
,,,,,40768,14.0,14,,,,,,,,
,,,,,40771,3.0,3,,,,,,,,
,,,,,40778,7.0,7,,,,,,,,
,,,,,40783,5.0,5,,,,,,,,
,,,,,40786,3.0,3,,,,,,,,
,,,,,40790,4.0,4,,,,,,,,
,,,,,40793,3.0,3,,,,,,,,
,,,,,40796,3.0,3,,,,,,,,
,,,,,40806,10.0,10,,,,,,,,
,,,,,40811,5.0,5,,,,,,,,
,,,,,40818,7.0,7,,,,,,,,
,,,,,40823,5.0,5,,,,,,,,
,,,,,40827,4.0,4,,,,,,,,
,,,,,40830,3.0,3,,,,,,,,
,,,,,40834,4.0,4,,,,,,,,
,,,,,40837,3.0,3,,,,,,,,
,,,,,40842,5.0,5,,,,,,,,
,,,,,40846,4.0,4,,,,,,,,
,,,,,40849,3.0,3,,,,,,,,
,,,,,40854,5.0,5,,,,,,,,
,,,,,40857,3.0,3,,,,,,,,
,,,,,40865,8.0,8,,,,,,,,
,,,,,40868,3.0,3,,,,,,,,
,,,,,40872,4.0,4,,,,,,,,
,,,,,40877,5.0,5,,,,,,,,
,,,,,40886,9.0,9,,,,,,,,
,,,,,40900,14.0,14,,,,,,,,
,,,,,40911,11.0,11,,,,,,,,
,,,,,40917,6.0,6,,,,,,,,
,,,,,40923,6.0,6,,,,,,,,
,,,,,40927,4.0,4,,,,,,,,
,,,,,40932,5.0,5,,,,,,,,
,,,,,40935,3.0,3,,,,,,,,
,,,,,40940,5.0,5,,,,,,,,
,,,,,40944,4.0,4,,,,,,,,
,,,,,40947,3.0,3,,,,,,,,
,,,,,40954,7.0,7,,,,,,,,
,,,,,40959,5.0,5,,,,,,,,
,,,,,40963,4.0,4,,,,,,,,
,,,,,40969,6.0,6,,,,,,,,
,,,,,40972,3.0,3,,,,,,,,
,,,,,40975,3.0,3,,,,,,,,
,,,,,40979,4.0,4,,,,,,,,
,,,,,40982,3.0,3,,,,,,,,
,,,,,40988,6.0,6,,,,,,,,
,,,,,40994,6.0,6,,,,,,,,
,,,,,40998,4.0,4,,,,,,,,
,,,,,41000,,,-0.06928277760744095,0.6928277611732483,2.2301416397094727,4.7273969650268555,4.72171688079834,0.0003,0.0003,0.1
,,,,,41005,7.0,7,,,,,,,,
,,,,,41008,3.0,3,,,,,,,,
,,,,,41014,6.0,6,,,,,,,,
,,,,,41021,7.0,7,,,,,,,,
,,,,,41025,4.0,4,,,,,,,,
,,,,,41029,4.0,4,,,,,,,,
,,,,,41032,3.0,3,,,,,,,,
,,,,,41037,5.0,5,,,,,,,,
,,,,,41040,3.0,3,,,,,,,,
,,,,,41044,4.0,4,,,,,,,,
,,,,,41047,3.0,3,,,,,,,,
,,,,,41053,6.0,6,,,,,,,,
,,,,,41076,23.0,23,,,,,,,,
,,,,,41080,4.0,4,,,,,,,,
,,,,,41088,8.0,8,,,,,,,,
,,,,,41093,5.0,5,,,,,,,,
,,,,,41097,4.0,4,,,,,,,,
,,,,,41103,6.0,6,,,,,,,,
,,,,,41108,5.0,5,,,,,,,,
,,,,,41111,3.0,3,,,,,,,,
,,,,,41124,13.0,13,,,,,,,,
,,,,,41129,5.0,5,,,,,,,,
,,,,,41135,6.0,6,,,,,,,,
,,,,,41138,3.0,3,,,,,,,,
,,,,,41144,6.0,6,,,,,,,,
,,,,,41149,5.0,5,,,,,,,,
,,,,,41157,8.0,8,,,,,,,,
,,,,,41160,3.0,3,,,,,,,,
,,,,,41164,4.0,4,,,,,,,,
,,,,,41170,6.0,6,,,,,,,,
,,,,,41174,4.0,4,,,,,,,,
,,,,,41183,9.0,9,,,,,,,,
,,,,,41186,3.0,3,,,,,,,,
,,,,,41189,3.0,3,,,,,,,,
,,,,,41212,23.0,23,,,,,,,,
,,,,,41216,4.0,4,,,,,,,,
,,,,,41222,6.0,6,,,,,,,,
,,,,,41225,3.0,3,,,,,,,,
,,,,,41228,3.0,3,,,,,,,,
,,,,,41234,6.0,6,,,,,,,,
,,,,,41238,4.0,4,,,,,,,,
,,,,,41242,4.0,4,,,,,,,,
,,,,,41250,8.0,8,,,,,,,,
,,,,,41258,8.0,8,,,,,,,,
,,,,,41263,5.0,5,,,,,,,,
,,,,,41267,4.0,4,,,,,,,,
,,,,,41270,3.0,3,,,,,,,,
,,,,,41275,5.0,5,,,,,,,,
,,,,,41281,6.0,6,,,,,,,,
,,,,,41285,4.0,4,,,,,,,,
,,,,,41299,14.0,14,,,,,,,,
,,,,,41302,3.0,3,,,,,,,,
,,,,,41309,7.0,7,,,,,,,,
,,,,,41320,11.0,11,,,,,,,,
,,,,,41332,12.0,12,,,,,,,,
,,,,,41338,6.0,6,,,,,,,,
,,,,,41342,4.0,4,,,,,,,,
,,,,,41347,5.0,5,,,,,,,,
,,,,,41353,6.0,6,,,,,,,,
,,,,,41356,3.0,3,,,,,,,,
,,,,,41364,8.0,8,,,,,,,,
,,,,,41368,4.0,4,,,,,,,,
,,,,,41374,6.0,6,,,,,,,,
,,,,,41377,3.0,3,,,,,,,,
,,,,,41382,5.0,5,,,,,,,,
,,,,,41387,5.0,5,,,,,,,,
,,,,,41395,8.0,8,,,,,,,,
,,,,,41400,5.0,5,,,,,,,,
,,,,,41406,6.0,6,,,,,,,,
,,,,,41413,7.0,7,,,,,,,,
,,,,,41420,7.0,7,,,,,,,,
,,,,,41426,6.0,6,,,,,,,,
,,,,,41433,7.0,7,,,,,,,,
,,,,,41439,6.0,6,,,,,,,,
,,,,,41442,3.0,3,,,,,,,,
,,,,,41449,7.0,7,,,,,,,,
,,,,,41456,7.0,7,,,,,,,,
,,,,,41461,5.0,5,,,,,,,,
,,,,,41465,4.0,4,,,,,,,,
,,,,,41469,4.0,4,,,,,,,,
,,,,,41474,5.0,5,,,,,,,,
,,,,,41481,7.0,7,,,,,,,,
,,,,,41485,4.0,4,,,,,,,,
,,,,,41494,9.0,9,,,,,,,,
,,,,,41500,6.0,6,,,,,,,,
,,,,,41503,3.0,3,,,,,,,,
,,,,,41507,4.0,4,,,,,,,,
,,,,,41511,4.0,4,,,,,,,,
,,,,,41520,9.0,9,,,,,,,,
,,,,,41525,5.0,5,,,,,,,,
,,,,,41533,8.0,8,,,,,,,,
,,,,,41538,5.0,5,,,,,,,,
,,,,,41541,3.0,3,,,,,,,,
,,,,,41544,3.0,3,,,,,,,,
,,,,,41548,4.0,4,,,,,,,,
,,,,,41551,3.0,3,,,,,,,,
,,,,,41554,3.0,3,,,,,,,,
,,,,,41562,8.0,8,,,,,,,,
,,,,,41566,4.0,4,,,,,,,,
,,,,,41579,13.0,13,,,,,,,,
,,,,,41583,4.0,4,,,,,,,,
,,,,,41592,9.0,9,,,,,,,,
,,,,,41596,4.0,4,,,,,,,,
,,,,,41601,5.0,5,,,,,,,,
,,,,,41604,3.0,3,,,,,,,,
,,,,,41608,4.0,4,,,,,,,,
,,,,,41611,3.0,3,,,,,,,,
,,,,,41615,4.0,4,,,,,,,,
,,,,,41621,6.0,6,,,,,,,,
,,,,,41627,6.0,6,,,,,,,,
,,,,,41631,4.0,4,,,,,,,,
,,,,,41642,11.0,11,,,,,,,,
,,,,,41645,3.0,3,,,,,,,,
,,,,,41652,7.0,7,,,,,,,,
,,,,,41662,10.0,10,,,,,,,,
,,,,,41665,3.0,3,,,,,,,,
,,,,,41673,8.0,8,,,,,,,,
,,,,,41678,5.0,5,,,,,,,,
,,,,,41683,5.0,5,,,,,,,,
,,,,,41691,8.0,8,,,,,,,,
,,,,,41696,5.0,5,,,,,,,,
,,,,,41701,5.0,5,,,,,,,,
,,,,,41723,22.0,22,,,,,,,,
,,,,,41732,9.0,9,,,,,,,,
,,,,,41738,6.0,6,,,,,,,,
,,,,,41749,11.0,11,,,,,,,,
,,,,,41762,13.0,13,,,,,,,,
,,,,,41766,4.0,4,,,,,,,,
,,,,,41772,6.0,6,,,,,,,,
,,,,,41776,4.0,4,,,,,,,,
,,,,,41779,3.0,3,,,,,,,,
,,,,,41782,3.0,3,,,,,,,,
,,,,,41793,11.0,11,,,,,,,,
,,,,,41796,3.0,3,,,,,,,,
,,,,,41803,7.0,7,,,,,,,,
,,,,,41806,3.0,3,,,,,,,,
,,,,,41811,5.0,5,,,,,,,,
,,,,,41820,9.0,9,,,,,,,,
,,,,,41824,4.0,4,,,,,,,,
,,,,,41834,10.0,10,,,,,,,,
,,,,,41837,3.0,3,,,,,,,,
,,,,,41843,6.0,6,,,,,,,,
,,,,,41847,4.0,4,,,,,,,,
,,,,,41850,3.0,3,,,,,,,,
,,,,,41855,5.0,5,,,,,,,,
,,,,,41859,4.0,4,,,,,,,,
,,,,,41864,5.0,5,,,,,,,,
,,,,,41871,7.0,7,,,,,,,,
,,,,,41875,4.0,4,,,,,,,,
,,,,,41878,3.0,3,,,,,,,,
,,,,,41884,6.0,6,,,,,,,,
,,,,,41887,3.0,3,,,,,,,,
,,,,,41892,5.0,5,,,,,,,,
,,,,,41895,3.0,3,,,,,,,,
,,,,,41900,5.0,5,,,,,,,,
,,,,,41905,5.0,5,,,,,,,,
,,,,,41909,4.0,4,,,,,,,,
,,,,,41914,5.0,5,,,,,,,,
,,,,,41921,7.0,7,,,,,,,,
,,,,,41925,4.0,4,,,,,,,,
,,,,,41935,10.0,10,,,,,,,,
,,,,,41951,16.0,16,,,,,,,,
,,,,,41958,7.0,7,,,,,,,,
,,,,,41963,5.0,5,,,,,,,,
,,,,,41972,9.0,9,,,,,,,,
,,,,,41986,14.0,14,,,,,,,,
,,,,,41989,3.0,3,,,,,,,,
,,,,,41995,6.0,6,,,,,,,,
,,,,,42000,,,-0.06724148988723755,0.6724148988723755,2.1759042739868164,4.500231742858887,4.343173027038574,0.0003,0.0003,0.1
,,,,,42001,6.0,6,,,,,,,,
,,,,,42004,3.0,3,,,,,,,,
,,,,,42013,9.0,9,,,,,,,,
,,,,,42022,9.0,9,,,,,,,,
,,,,,42026,4.0,4,,,,,,,,
,,,,,42029,3.0,3,,,,,,,,
,,,,,42037,8.0,8,,,,,,,,
,,,,,42051,14.0,14,,,,,,,,
,,,,,42055,4.0,4,,,,,,,,
,,,,,42058,3.0,3,,,,,,,,
,,,,,42062,4.0,4,,,,,,,,
,,,,,42065,3.0,3,,,,,,,,
,,,,,42069,4.0,4,,,,,,,,
,,,,,42072,3.0,3,,,,,,,,
,,,,,42076,4.0,4,,,,,,,,
,,,,,42085,9.0,9,,,,,,,,
,,,,,42088,3.0,3,,,,,,,,
,,,,,42092,4.0,4,,,,,,,,
,,,,,42096,4.0,4,,,,,,,,
,,,,,42101,5.0,5,,,,,,,,
,,,,,42105,4.0,4,,,,,,,,
,,,,,42113,8.0,8,,,,,,,,
,,,,,42116,3.0,3,,,,,,,,
,,,,,42129,13.0,13,,,,,,,,
,,,,,42137,8.0,8,,,,,,,,
,,,,,42143,6.0,6,,,,,,,,
,,,,,42148,5.0,5,,,,,,,,
,,,,,42151,3.0,3,,,,,,,,
,,,,,42156,5.0,5,,,,,,,,
,,,,,42163,7.0,7,,,,,,,,
,,,,,42171,8.0,8,,,,,,,,
,,,,,42176,5.0,5,,,,,,,,
,,,,,42179,3.0,3,,,,,,,,
,,,,,42184,5.0,5,,,,,,,,
,,,,,42190,6.0,6,,,,,,,,
,,,,,42194,4.0,4,,,,,,,,
,,,,,42198,4.0,4,,,,,,,,
,,,,,42214,16.0,16,,,,,,,,
,,,,,42219,5.0,5,,,,,,,,
,,,,,42224,5.0,5,,,,,,,,
,,,,,42232,8.0,8,,,,,,,,
,,,,,42237,5.0,5,,,,,,,,
,,,,,42242,5.0,5,,,,,,,,
,,,,,42246,4.0,4,,,,,,,,
,,,,,42250,4.0,4,,,,,,,,
,,,,,42255,5.0,5,,,,,,,,
,,,,,42259,4.0,4,,,,,,,,
,,,,,42264,5.0,5,,,,,,,,
,,,,,42268,4.0,4,,,,,,,,
,,,,,42273,5.0,5,,,,,,,,
,,,,,42276,3.0,3,,,,,,,,
,,,,,42280,4.0,4,,,,,,,,
,,,,,42284,4.0,4,,,,,,,,
,,,,,42291,7.0,7,,,,,,,,
,,,,,42294,3.0,3,,,,,,,,
,,,,,42300,6.0,6,,,,,,,,
,,,,,42303,3.0,3,,,,,,,,
,,,,,42306,3.0,3,,,,,,,,
,,,,,42310,4.0,4,,,,,,,,
,,,,,42315,5.0,5,,,,,,,,
,,,,,42319,4.0,4,,,,,,,,
,,,,,42327,8.0,8,,,,,,,,
,,,,,42330,3.0,3,,,,,,,,
,,,,,42333,3.0,3,,,,,,,,
,,,,,42336,3.0,3,,,,,,,,
,,,,,42339,3.0,3,,,,,,,,
,,,,,42343,4.0,4,,,,,,,,
,,,,,42347,4.0,4,,,,,,,,
,,,,,42352,5.0,5,,,,,,,,
,,,,,42356,4.0,4,,,,,,,,
,,,,,42361,5.0,5,,,,,,,,
,,,,,42369,8.0,8,,,,,,,,
,,,,,42377,8.0,8,,,,,,,,
,,,,,42390,13.0,13,,,,,,,,
,,,,,42394,4.0,4,,,,,,,,
,,,,,42402,8.0,8,,,,,,,,
,,,,,42410,8.0,8,,,,,,,,
,,,,,42413,3.0,3,,,,,,,,
,,,,,42416,3.0,3,,,,,,,,
,,,,,42420,4.0,4,,,,,,,,
,,,,,42440,20.0,20,,,,,,,,
,,,,,42446,6.0,6,,,,,,,,
,,,,,42457,11.0,11,,,,,,,,
,,,,,42460,3.0,3,,,,,,,,
,,,,,42467,7.0,7,,,,,,,,
,,,,,42472,5.0,5,,,,,,,,
,,,,,42478,6.0,6,,,,,,,,
,,,,,42483,5.0,5,,,,,,,,
,,,,,42486,3.0,3,,,,,,,,
,,,,,42492,6.0,6,,,,,,,,
,,,,,42498,6.0,6,,,,,,,,
,,,,,42502,4.0,4,,,,,,,,
,,,,,42505,3.0,3,,,,,,,,
,,,,,42513,8.0,8,,,,,,,,
,,,,,42517,4.0,4,,,,,,,,
,,,,,42520,3.0,3,,,,,,,,
,,,,,42524,4.0,4,,,,,,,,
,,,,,42531,7.0,7,,,,,,,,
,,,,,42534,3.0,3,,,,,,,,
,,,,,42538,4.0,4,,,,,,,,
,,,,,42541,3.0,3,,,,,,,,
,,,,,42546,5.0,5,,,,,,,,
,,,,,42552,6.0,6,,,,,,,,
,,,,,42561,9.0,9,,,,,,,,
,,,,,42566,5.0,5,,,,,,,,
,,,,,42569,3.0,3,,,,,,,,
,,,,,42581,12.0,12,,,,,,,,
,,,,,42586,5.0,5,,,,,,,,
,,,,,42589,3.0,3,,,,,,,,
,,,,,42592,3.0,3,,,,,,,,
,,,,,42596,4.0,4,,,,,,,,
,,,,,42602,6.0,6,,,,,,,,
,,,,,42624,22.0,22,,,,,,,,
,,,,,42630,6.0,6,,,,,,,,
,,,,,42633,3.0,3,,,,,,,,
,,,,,42636,3.0,3,,,,,,,,
,,,,,42639,3.0,3,,,,,,,,
,,,,,42650,11.0,11,,,,,,,,
,,,,,42659,9.0,9,,,,,,,,
,,,,,42662,3.0,3,,,,,,,,
,,,,,42667,5.0,5,,,,,,,,
,,,,,42673,6.0,6,,,,,,,,
,,,,,42679,6.0,6,,,,,,,,
,,,,,42699,20.0,20,,,,,,,,
,,,,,42703,4.0,4,,,,,,,,
,,,,,42706,3.0,3,,,,,,,,
,,,,,42714,8.0,8,,,,,,,,
,,,,,42722,8.0,8,,,,,,,,
,,,,,42728,6.0,6,,,,,,,,
,,,,,42731,3.0,3,,,,,,,,
,,,,,42734,3.0,3,,,,,,,,
,,,,,42750,16.0,16,,,,,,,,
,,,,,42758,8.0,8,,,,,,,,
,,,,,42763,5.0,5,,,,,,,,
,,,,,42768,5.0,5,,,,,,,,
,,,,,42771,3.0,3,,,,,,,,
,,,,,42776,5.0,5,,,,,,,,
,,,,,42780,4.0,4,,,,,,,,
,,,,,42784,4.0,4,,,,,,,,
,,,,,42792,8.0,8,,,,,,,,
,,,,,42804,12.0,12,,,,,,,,
,,,,,42808,4.0,4,,,,,,,,
,,,,,42812,4.0,4,,,,,,,,
,,,,,42818,6.0,6,,,,,,,,
,,,,,42821,3.0,3,,,,,,,,
,,,,,42827,6.0,6,,,,,,,,
,,,,,42832,5.0,5,,,,,,,,
,,,,,42837,5.0,5,,,,,,,,
,,,,,42840,3.0,3,,,,,,,,
,,,,,42847,7.0,7,,,,,,,,
,,,,,42856,9.0,9,,,,,,,,
,,,,,42859,3.0,3,,,,,,,,
,,,,,42864,5.0,5,,,,,,,,
,,,,,42879,15.0,15,,,,,,,,
,,,,,42882,3.0,3,,,,,,,,
,,,,,42887,5.0,5,,,,,,,,
,,,,,42890,3.0,3,,,,,,,,
,,,,,42902,12.0,12,,,,,,,,
,,,,,42905,3.0,3,,,,,,,,
,,,,,42908,3.0,3,,,,,,,,
,,,,,42915,7.0,7,,,,,,,,
,,,,,42918,3.0,3,,,,,,,,
,,,,,42930,12.0,12,,,,,,,,
,,,,,42935,5.0,5,,,,,,,,
,,,,,42939,4.0,4,,,,,,,,
,,,,,42942,3.0,3,,,,,,,,
,,,,,42948,6.0,6,,,,,,,,
,,,,,42951,3.0,3,,,,,,,,
,,,,,42954,3.0,3,,,,,,,,
,,,,,42957,3.0,3,,,,,,,,
,,,,,42961,4.0,4,,,,,,,,
,,,,,42965,4.0,4,,,,,,,,
,,,,,42971,6.0,6,,,,,,,,
,,,,,42974,3.0,3,,,,,,,,
,,,,,42981,7.0,7,,,,,,,,
,,,,,42992,11.0,11,,,,,,,,
,,,,,42996,4.0,4,,,,,,,,
,,,,,43000,4.0,4,,,,,,,,
,,,,,43000,,,-0.06927262991666794,0.6927262544631958,1.5922166109085083,4.077432155609131,3.9725139141082764,0.0003,0.0003,0.1
,,,,,43004,4.0,4,,,,,,,,
,,,,,43011,7.0,7,,,,,,,,
,,,,,43014,3.0,3,,,,,,,,
,,,,,43017,3.0,3,,,,,,,,
,,,,,43020,3.0,3,,,,,,,,
,,,,,43023,3.0,3,,,,,,,,
,,,,,43026,3.0,3,,,,,,,,
,,,,,43031,5.0,5,,,,,,,,
,,,,,43034,3.0,3,,,,,,,,
,,,,,43037,3.0,3,,,,,,,,
,,,,,43040,3.0,3,,,,,,,,
,,,,,43043,3.0,3,,,,,,,,
,,,,,43049,6.0,6,,,,,,,,
,,,,,43053,4.0,4,,,,,,,,
,,,,,43056,3.0,3,,,,,,,,
,,,,,43064,8.0,8,,,,,,,,
,,,,,43068,4.0,4,,,,,,,,
,,,,,43073,5.0,5,,,,,,,,
,,,,,43077,4.0,4,,,,,,,,
,,,,,43086,9.0,9,,,,,,,,
,,,,,43091,5.0,5,,,,,,,,
,,,,,43099,8.0,8,,,,,,,,
,,,,,43102,3.0,3,,,,,,,,
,,,,,43105,3.0,3,,,,,,,,
,,,,,43109,4.0,4,,,,,,,,
,,,,,43117,8.0,8,,,,,,,,
,,,,,43121,4.0,4,,,,,,,,
,,,,,43124,3.0,3,,,,,,,,
,,,,,43135,11.0,11,,,,,,,,
,,,,,43138,3.0,3,,,,,,,,
,,,,,43148,10.0,10,,,,,,,,
,,,,,43153,5.0,5,,,,,,,,
,,,,,43159,6.0,6,,,,,,,,
,,,,,43162,3.0,3,,,,,,,,
,,,,,43166,4.0,4,,,,,,,,
,,,,,43169,3.0,3,,,,,,,,
,,,,,43175,6.0,6,,,,,,,,
,,,,,43181,6.0,6,,,,,,,,
,,,,,43184,3.0,3,,,,,,,,
,,,,,43188,4.0,4,,,,,,,,
,,,,,43207,19.0,19,,,,,,,,
,,,,,43212,5.0,5,,,,,,,,
,,,,,43215,3.0,3,,,,,,,,
,,,,,43224,9.0,9,,,,,,,,
,,,,,43229,5.0,5,,,,,,,,
,,,,,43234,5.0,5,,,,,,,,
,,,,,43243,9.0,9,,,,,,,,
,,,,,43248,5.0,5,,,,,,,,
,,,,,43256,8.0,8,,,,,,,,
,,,,,43260,4.0,4,,,,,,,,
,,,,,43264,4.0,4,,,,,,,,
,,,,,43269,5.0,5,,,,,,,,
,,,,,43275,6.0,6,,,,,,,,
,,,,,43284,9.0,9,,,,,,,,
,,,,,43289,5.0,5,,,,,,,,
,,,,,43293,4.0,4,,,,,,,,
,,,,,43296,3.0,3,,,,,,,,
,,,,,43299,3.0,3,,,,,,,,
,,,,,43304,5.0,5,,,,,,,,
,,,,,43307,3.0,3,,,,,,,,
,,,,,43311,4.0,4,,,,,,,,
,,,,,43314,3.0,3,,,,,,,,
,,,,,43319,5.0,5,,,,,,,,
,,,,,43339,20.0,20,,,,,,,,
,,,,,43344,5.0,5,,,,,,,,
,,,,,43349,5.0,5,,,,,,,,
,,,,,43354,5.0,5,,,,,,,,
,,,,,43362,8.0,8,,,,,,,,
,,,,,43370,8.0,8,,,,,,,,
,,,,,43374,4.0,4,,,,,,,,
,,,,,43377,3.0,3,,,,,,,,
,,,,,43382,5.0,5,,,,,,,,
,,,,,43387,5.0,5,,,,,,,,
,,,,,43392,5.0,5,,,,,,,,
,,,,,43396,4.0,4,,,,,,,,
,,,,,43399,3.0,3,,,,,,,,
,,,,,43405,6.0,6,,,,,,,,
,,,,,43408,3.0,3,,,,,,,,
,,,,,43413,5.0,5,,,,,,,,
,,,,,43417,4.0,4,,,,,,,,
,,,,,43424,7.0,7,,,,,,,,
,,,,,43428,4.0,4,,,,,,,,
,,,,,43431,3.0,3,,,,,,,,
,,,,,43437,6.0,6,,,,,,,,
,,,,,43441,4.0,4,,,,,,,,
,,,,,43444,3.0,3,,,,,,,,
,,,,,43448,4.0,4,,,,,,,,
,,,,,43452,4.0,4,,,,,,,,
,,,,,43457,5.0,5,,,,,,,,
,,,,,43464,7.0,7,,,,,,,,
,,,,,43467,3.0,3,,,,,,,,
,,,,,43474,7.0,7,,,,,,,,
,,,,,43478,4.0,4,,,,,,,,
,,,,,43496,18.0,18,,,,,,,,
,,,,,43504,8.0,8,,,,,,,,
,,,,,43508,4.0,4,,,,,,,,
,,,,,43521,13.0,13,,,,,,,,
,,,,,43526,5.0,5,,,,,,,,
,,,,,43530,4.0,4,,,,,,,,
,,,,,43539,9.0,9,,,,,,,,
,,,,,43543,4.0,4,,,,,,,,
,,,,,43552,9.0,9,,,,,,,,
,,,,,43555,3.0,3,,,,,,,,
,,,,,43565,10.0,10,,,,,,,,
,,,,,43576,11.0,11,,,,,,,,
,,,,,43592,16.0,16,,,,,,,,
,,,,,43595,3.0,3,,,,,,,,
,,,,,43604,9.0,9,,,,,,,,
,,,,,43614,10.0,10,,,,,,,,
,,,,,43617,3.0,3,,,,,,,,
,,,,,43623,6.0,6,,,,,,,,
,,,,,43627,4.0,4,,,,,,,,
,,,,,43631,4.0,4,,,,,,,,
,,,,,43635,4.0,4,,,,,,,,
,,,,,43642,7.0,7,,,,,,,,
,,,,,43645,3.0,3,,,,,,,,
,,,,,43652,7.0,7,,,,,,,,
,,,,,43661,9.0,9,,,,,,,,
,,,,,43666,5.0,5,,,,,,,,
,,,,,43670,4.0,4,,,,,,,,
,,,,,43673,3.0,3,,,,,,,,
,,,,,43676,3.0,3,,,,,,,,
,,,,,43682,6.0,6,,,,,,,,
,,,,,43689,7.0,7,,,,,,,,
,,,,,43693,4.0,4,,,,,,,,
,,,,,43697,4.0,4,,,,,,,,
,,,,,43701,4.0,4,,,,,,,,
,,,,,43718,17.0,17,,,,,,,,
,,,,,43722,4.0,4,,,,,,,,
,,,,,43725,3.0,3,,,,,,,,
,,,,,43731,6.0,6,,,,,,,,
,,,,,43734,3.0,3,,,,,,,,
,,,,,43739,5.0,5,,,,,,,,
,,,,,43745,6.0,6,,,,,,,,
,,,,,43751,6.0,6,,,,,,,,
,,,,,43759,8.0,8,,,,,,,,
,,,,,43763,4.0,4,,,,,,,,
,,,,,43768,5.0,5,,,,,,,,
,,,,,43778,10.0,10,,,,,,,,
,,,,,43785,7.0,7,,,,,,,,
,,,,,43788,3.0,3,,,,,,,,
,,,,,43796,8.0,8,,,,,,,,
,,,,,43799,3.0,3,,,,,,,,
,,,,,43802,3.0,3,,,,,,,,
,,,,,43807,5.0,5,,,,,,,,
,,,,,43814,7.0,7,,,,,,,,
,,,,,43825,11.0,11,,,,,,,,
,,,,,43830,5.0,5,,,,,,,,
,,,,,43840,10.0,10,,,,,,,,
,,,,,43851,11.0,11,,,,,,,,
,,,,,43854,3.0,3,,,,,,,,
,,,,,43857,3.0,3,,,,,,,,
,,,,,43861,4.0,4,,,,,,,,
,,,,,43865,4.0,4,,,,,,,,
,,,,,43870,5.0,5,,,,,,,,
,,,,,43875,5.0,5,,,,,,,,
,,,,,43880,5.0,5,,,,,,,,
,,,,,43883,3.0,3,,,,,,,,
,,,,,43888,5.0,5,,,,,,,,
,,,,,43891,3.0,3,,,,,,,,
,,,,,43896,5.0,5,,,,,,,,
,,,,,43899,3.0,3,,,,,,,,
,,,,,43904,5.0,5,,,,,,,,
,,,,,43908,4.0,4,,,,,,,,
,,,,,43911,3.0,3,,,,,,,,
,,,,,43928,17.0,17,,,,,,,,
,,,,,43931,3.0,3,,,,,,,,
,,,,,43935,4.0,4,,,,,,,,
,,,,,43942,7.0,7,,,,,,,,
,,,,,43946,4.0,4,,,,,,,,
,,,,,43951,5.0,5,,,,,,,,
,,,,,43955,4.0,4,,,,,,,,
,,,,,43958,3.0,3,,,,,,,,
,,,,,43964,6.0,6,,,,,,,,
,,,,,43968,4.0,4,,,,,,,,
,,,,,43972,4.0,4,,,,,,,,
,,,,,43980,8.0,8,,,,,,,,
,,,,,43983,3.0,3,,,,,,,,
,,,,,43988,5.0,5,,,,,,,,
,,,,,43999,11.0,11,,,,,,,,
,,,,,44000,,,-0.06885887682437897,0.6885887384414673,1.8538464307785034,4.79209566116333,4.533159255981445,0.0003,0.0003,0.1
,,,,,44003,4.0,4,,,,,,,,
,,,,,44011,8.0,8,,,,,,,,
,,,,,44015,4.0,4,,,,,,,,
,,,,,44022,7.0,7,,,,,,,,
,,,,,44026,4.0,4,,,,,,,,
,,,,,44030,4.0,4,,,,,,,,
,,,,,44034,4.0,4,,,,,,,,
,,,,,44038,4.0,4,,,,,,,,
,,,,,44041,3.0,3,,,,,,,,
,,,,,44045,4.0,4,,,,,,,,
,,,,,44065,20.0,20,,,,,,,,
,,,,,44073,8.0,8,,,,,,,,
,,,,,44080,7.0,7,,,,,,,,
,,,,,44084,4.0,4,,,,,,,,
,,,,,44090,6.0,6,,,,,,,,
,,,,,44095,5.0,5,,,,,,,,
,,,,,44107,12.0,12,,,,,,,,
,,,,,44110,3.0,3,,,,,,,,
,,,,,44115,5.0,5,,,,,,,,
,,,,,44119,4.0,4,,,,,,,,
,,,,,44124,5.0,5,,,,,,,,
,,,,,44129,5.0,5,,,,,,,,
,,,,,44134,5.0,5,,,,,,,,
,,,,,44139,5.0,5,,,,,,,,
,,,,,44142,3.0,3,,,,,,,,
,,,,,44146,4.0,4,,,,,,,,
,,,,,44150,4.0,4,,,,,,,,
,,,,,44153,3.0,3,,,,,,,,
,,,,,44164,11.0,11,,,,,,,,
,,,,,44169,5.0,5,,,,,,,,
,,,,,44188,19.0,19,,,,,,,,
,,,,,44195,7.0,7,,,,,,,,
,,,,,44199,4.0,4,,,,,,,,
,,,,,44203,4.0,4,,,,,,,,
,,,,,44208,5.0,5,,,,,,,,
,,,,,44213,5.0,5,,,,,,,,
,,,,,44221,8.0,8,,,,,,,,
,,,,,44227,6.0,6,,,,,,,,
,,,,,44235,8.0,8,,,,,,,,
,,,,,44238,3.0,3,,,,,,,,
,,,,,44250,12.0,12,,,,,,,,
,,,,,44253,3.0,3,,,,,,,,
,,,,,44256,3.0,3,,,,,,,,
,,,,,44259,3.0,3,,,,,,,,
,,,,,44264,5.0,5,,,,,,,,
,,,,,44272,8.0,8,,,,,,,,
,,,,,44276,4.0,4,,,,,,,,
,,,,,44279,3.0,3,,,,,,,,
,,,,,44291,12.0,12,,,,,,,,
,,,,,44294,3.0,3,,,,,,,,
,,,,,44304,10.0,10,,,,,,,,
,,,,,44316,12.0,12,,,,,,,,
,,,,,44320,4.0,4,,,,,,,,
,,,,,44324,4.0,4,,,,,,,,
,,,,,44328,4.0,4,,,,,,,,
,,,,,44335,7.0,7,,,,,,,,
,,,,,44340,5.0,5,,,,,,,,
,,,,,44344,4.0,4,,,,,,,,
,,,,,44347,3.0,3,,,,,,,,
,,,,,44355,8.0,8,,,,,,,,
,,,,,44362,7.0,7,,,,,,,,
,,,,,44367,5.0,5,,,,,,,,
,,,,,44374,7.0,7,,,,,,,,
,,,,,44386,12.0,12,,,,,,,,
,,,,,44391,5.0,5,,,,,,,,
,,,,,44397,6.0,6,,,,,,,,
,,,,,44405,8.0,8,,,,,,,,
,,,,,44408,3.0,3,,,,,,,,
,,,,,44411,3.0,3,,,,,,,,
,,,,,44416,5.0,5,,,,,,,,
,,,,,44422,6.0,6,,,,,,,,
,,,,,44430,8.0,8,,,,,,,,
,,,,,44433,3.0,3,,,,,,,,
,,,,,44442,9.0,9,,,,,,,,
,,,,,44448,6.0,6,,,,,,,,
,,,,,44452,4.0,4,,,,,,,,
,,,,,44461,9.0,9,,,,,,,,
,,,,,44478,17.0,17,,,,,,,,
,,,,,44488,10.0,10,,,,,,,,
,,,,,44493,5.0,5,,,,,,,,
,,,,,44508,15.0,15,,,,,,,,
,,,,,44511,3.0,3,,,,,,,,
,,,,,44518,7.0,7,,,,,,,,
,,,,,44524,6.0,6,,,,,,,,
,,,,,44531,7.0,7,,,,,,,,
,,,,,44535,4.0,4,,,,,,,,
,,,,,44544,9.0,9,,,,,,,,
,,,,,44547,3.0,3,,,,,,,,
,,,,,44550,3.0,3,,,,,,,,
,,,,,44554,4.0,4,,,,,,,,
,,,,,44558,4.0,4,,,,,,,,
,,,,,44566,8.0,8,,,,,,,,
,,,,,44571,5.0,5,,,,,,,,
,,,,,44581,10.0,10,,,,,,,,
,,,,,44585,4.0,4,,,,,,,,
,,,,,44588,3.0,3,,,,,,,,
,,,,,44594,6.0,6,,,,,,,,
,,,,,44598,4.0,4,,,,,,,,
,,,,,44602,4.0,4,,,,,,,,
,,,,,44606,4.0,4,,,,,,,,
,,,,,44610,4.0,4,,,,,,,,
,,,,,44620,10.0,10,,,,,,,,
,,,,,44623,3.0,3,,,,,,,,
,,,,,44629,6.0,6,,,,,,,,
,,,,,44634,5.0,5,,,,,,,,
,,,,,44640,6.0,6,,,,,,,,
,,,,,44649,9.0,9,,,,,,,,
,,,,,44661,12.0,12,,,,,,,,
,,,,,44666,5.0,5,,,,,,,,
,,,,,44674,8.0,8,,,,,,,,
,,,,,44678,4.0,4,,,,,,,,
,,,,,44682,4.0,4,,,,,,,,
,,,,,44685,3.0,3,,,,,,,,
,,,,,44688,3.0,3,,,,,,,,
,,,,,44692,4.0,4,,,,,,,,
,,,,,44699,7.0,7,,,,,,,,
,,,,,44703,4.0,4,,,,,,,,
,,,,,44714,11.0,11,,,,,,,,
,,,,,44718,4.0,4,,,,,,,,
,,,,,44721,3.0,3,,,,,,,,
,,,,,44726,5.0,5,,,,,,,,
,,,,,44732,6.0,6,,,,,,,,
,,,,,44740,8.0,8,,,,,,,,
,,,,,44745,5.0,5,,,,,,,,
,,,,,44755,10.0,10,,,,,,,,
,,,,,44759,4.0,4,,,,,,,,
,,,,,44764,5.0,5,,,,,,,,
,,,,,44767,3.0,3,,,,,,,,
,,,,,44773,6.0,6,,,,,,,,
,,,,,44777,4.0,4,,,,,,,,
,,,,,44781,4.0,4,,,,,,,,
,,,,,44788,7.0,7,,,,,,,,
,,,,,44792,4.0,4,,,,,,,,
,,,,,44799,7.0,7,,,,,,,,
,,,,,44810,11.0,11,,,,,,,,
,,,,,44815,5.0,5,,,,,,,,
,,,,,44822,7.0,7,,,,,,,,
,,,,,44828,6.0,6,,,,,,,,
,,,,,44834,6.0,6,,,,,,,,
,,,,,44840,6.0,6,,,,,,,,
,,,,,44843,3.0,3,,,,,,,,
,,,,,44846,3.0,3,,,,,,,,
,,,,,44851,5.0,5,,,,,,,,
,,,,,44854,3.0,3,,,,,,,,
,,,,,44861,7.0,7,,,,,,,,
,,,,,44865,4.0,4,,,,,,,,
,,,,,44868,3.0,3,,,,,,,,
,,,,,44875,7.0,7,,,,,,,,
,,,,,44880,5.0,5,,,,,,,,
,,,,,44885,5.0,5,,,,,,,,
,,,,,44890,5.0,5,,,,,,,,
,,,,,44898,8.0,8,,,,,,,,
,,,,,44901,3.0,3,,,,,,,,
,,,,,44911,10.0,10,,,,,,,,
,,,,,44921,10.0,10,,,,,,,,
,,,,,44925,4.0,4,,,,,,,,
,,,,,44930,5.0,5,,,,,,,,
,,,,,44935,5.0,5,,,,,,,,
,,,,,44940,5.0,5,,,,,,,,
,,,,,44944,4.0,4,,,,,,,,
,,,,,44952,8.0,8,,,,,,,,
,,,,,44955,3.0,3,,,,,,,,
,,,,,44958,3.0,3,,,,,,,,
,,,,,44966,8.0,8,,,,,,,,
,,,,,44969,3.0,3,,,,,,,,
,,,,,44973,4.0,4,,,,,,,,
,,,,,44977,4.0,4,,,,,,,,
,,,,,44984,7.0,7,,,,,,,,
,,,,,44989,5.0,5,,,,,,,,
,,,,,44992,3.0,3,,,,,,,,
5.2,3.2802439,13.0,3.0,5.2,45000,,,-0.06691150367259979,0.6691150069236755,1.6676369905471802,4.562760829925537,4.481132507324219,0.0003,0.0003,0.1
,,,,,45008,16.0,16,,,,,,,,
,,,,,45013,5.0,5,,,,,,,,
,,,,,45026,13.0,13,,,,,,,,
,,,,,45033,7.0,7,,,,,,,,
,,,,,45039,6.0,6,,,,,,,,
,,,,,45042,3.0,3,,,,,,,,
,,,,,45046,4.0,4,,,,,,,,
,,,,,45049,3.0,3,,,,,,,,
,,,,,45056,7.0,7,,,,,,,,
,,,,,45061,5.0,5,,,,,,,,
,,,,,45068,7.0,7,,,,,,,,
,,,,,45072,4.0,4,,,,,,,,
,,,,,45075,3.0,3,,,,,,,,
,,,,,45078,3.0,3,,,,,,,,
,,,,,45091,13.0,13,,,,,,,,
,,,,,45094,3.0,3,,,,,,,,
,,,,,45099,5.0,5,,,,,,,,
,,,,,45102,3.0,3,,,,,,,,
,,,,,45109,7.0,7,,,,,,,,
,,,,,45112,3.0,3,,,,,,,,
,,,,,45116,4.0,4,,,,,,,,
,,,,,45119,3.0,3,,,,,,,,
,,,,,45123,4.0,4,,,,,,,,
,,,,,45127,4.0,4,,,,,,,,
,,,,,45130,3.0,3,,,,,,,,
,,,,,45141,11.0,11,,,,,,,,
,,,,,45145,4.0,4,,,,,,,,
,,,,,45150,5.0,5,,,,,,,,
,,,,,45158,8.0,8,,,,,,,,
,,,,,45161,3.0,3,,,,,,,,
,,,,,45166,5.0,5,,,,,,,,
,,,,,45182,16.0,16,,,,,,,,
,,,,,45185,3.0,3,,,,,,,,
,,,,,45205,20.0,20,,,,,,,,
,,,,,45208,3.0,3,,,,,,,,
,,,,,45213,5.0,5,,,,,,,,
,,,,,45216,3.0,3,,,,,,,,
,,,,,45219,3.0,3,,,,,,,,
,,,,,45222,3.0,3,,,,,,,,
,,,,,45238,16.0,16,,,,,,,,
,,,,,45246,8.0,8,,,,,,,,
,,,,,45251,5.0,5,,,,,,,,
,,,,,45257,6.0,6,,,,,,,,
,,,,,45261,4.0,4,,,,,,,,
,,,,,45264,3.0,3,,,,,,,,
,,,,,45267,3.0,3,,,,,,,,
,,,,,45271,4.0,4,,,,,,,,
,,,,,45280,9.0,9,,,,,,,,
,,,,,45284,4.0,4,,,,,,,,
,,,,,45294,10.0,10,,,,,,,,
,,,,,45302,8.0,8,,,,,,,,
,,,,,45307,5.0,5,,,,,,,,
,,,,,45313,6.0,6,,,,,,,,
,,,,,45317,4.0,4,,,,,,,,
,,,,,45321,4.0,4,,,,,,,,
,,,,,45324,3.0,3,,,,,,,,
,,,,,45329,5.0,5,,,,,,,,
,,,,,45334,5.0,5,,,,,,,,
,,,,,45344,10.0,10,,,,,,,,
,,,,,45347,3.0,3,,,,,,,,
,,,,,45352,5.0,5,,,,,,,,
,,,,,45355,3.0,3,,,,,,,,
,,,,,45374,19.0,19,,,,,,,,
,,,,,45380,6.0,6,,,,,,,,
,,,,,45390,10.0,10,,,,,,,,
,,,,,45403,13.0,13,,,,,,,,
,,,,,45407,4.0,4,,,,,,,,
,,,,,45414,7.0,7,,,,,,,,
,,,,,45426,12.0,12,,,,,,,,
,,,,,45433,7.0,7,,,,,,,,
,,,,,45436,3.0,3,,,,,,,,
,,,,,45449,13.0,13,,,,,,,,
,,,,,45452,3.0,3,,,,,,,,
,,,,,45458,6.0,6,,,,,,,,
,,,,,45463,5.0,5,,,,,,,,
,,,,,45470,7.0,7,,,,,,,,
,,,,,45479,9.0,9,,,,,,,,
,,,,,45487,8.0,8,,,,,,,,
,,,,,45490,3.0,3,,,,,,,,
,,,,,45499,9.0,9,,,,,,,,
,,,,,45505,6.0,6,,,,,,,,
,,,,,45512,7.0,7,,,,,,,,
,,,,,45515,3.0,3,,,,,,,,
,,,,,45521,6.0,6,,,,,,,,
,,,,,45526,5.0,5,,,,,,,,
,,,,,45530,4.0,4,,,,,,,,
,,,,,45533,3.0,3,,,,,,,,
,,,,,45539,6.0,6,,,,,,,,
,,,,,45542,3.0,3,,,,,,,,
,,,,,45545,3.0,3,,,,,,,,
,,,,,45549,4.0,4,,,,,,,,
,,,,,45553,4.0,4,,,,,,,,
,,,,,45557,4.0,4,,,,,,,,
,,,,,45561,4.0,4,,,,,,,,
,,,,,45566,5.0,5,,,,,,,,
,,,,,45569,3.0,3,,,,,,,,
,,,,,45574,5.0,5,,,,,,,,
,,,,,45584,10.0,10,,,,,,,,
,,,,,45587,3.0,3,,,,,,,,
,,,,,45590,3.0,3,,,,,,,,
,,,,,45604,14.0,14,,,,,,,,
,,,,,45608,4.0,4,,,,,,,,
,,,,,45611,3.0,3,,,,,,,,
,,,,,45615,4.0,4,,,,,,,,
,,,,,45618,3.0,3,,,,,,,,
,,,,,45621,3.0,3,,,,,,,,
,,,,,45625,4.0,4,,,,,,,,
,,,,,45633,8.0,8,,,,,,,,
,,,,,45638,5.0,5,,,,,,,,
,,,,,45649,11.0,11,,,,,,,,
,,,,,45654,5.0,5,,,,,,,,
,,,,,45662,8.0,8,,,,,,,,
,,,,,45671,9.0,9,,,,,,,,
,,,,,45682,11.0,11,,,,,,,,
,,,,,45689,7.0,7,,,,,,,,
,,,,,45693,4.0,4,,,,,,,,
,,,,,45703,10.0,10,,,,,,,,
,,,,,45709,6.0,6,,,,,,,,
,,,,,45715,6.0,6,,,,,,,,
,,,,,45720,5.0,5,,,,,,,,
,,,,,45730,10.0,10,,,,,,,,
,,,,,45736,6.0,6,,,,,,,,
,,,,,45744,8.0,8,,,,,,,,
,,,,,45750,6.0,6,,,,,,,,
,,,,,45764,14.0,14,,,,,,,,
,,,,,45767,3.0,3,,,,,,,,
,,,,,45772,5.0,5,,,,,,,,
,,,,,45778,6.0,6,,,,,,,,
,,,,,45784,6.0,6,,,,,,,,
,,,,,45789,5.0,5,,,,,,,,
,,,,,45796,7.0,7,,,,,,,,
,,,,,45801,5.0,5,,,,,,,,
,,,,,45806,5.0,5,,,,,,,,
,,,,,45810,4.0,4,,,,,,,,
,,,,,45816,6.0,6,,,,,,,,
,,,,,45822,6.0,6,,,,,,,,
,,,,,45834,12.0,12,,,,,,,,
,,,,,45839,5.0,5,,,,,,,,
,,,,,45846,7.0,7,,,,,,,,
,,,,,45850,4.0,4,,,,,,,,
,,,,,45856,6.0,6,,,,,,,,
,,,,,45859,3.0,3,,,,,,,,
,,,,,45864,5.0,5,,,,,,,,
,,,,,45869,5.0,5,,,,,,,,
,,,,,45879,10.0,10,,,,,,,,
,,,,,45894,15.0,15,,,,,,,,
,,,,,45898,4.0,4,,,,,,,,
,,,,,45910,12.0,12,,,,,,,,
,,,,,45920,10.0,10,,,,,,,,
,,,,,45926,6.0,6,,,,,,,,
,,,,,45940,14.0,14,,,,,,,,
,,,,,45945,5.0,5,,,,,,,,
,,,,,45962,17.0,17,,,,,,,,
,,,,,45966,4.0,4,,,,,,,,
,,,,,45971,5.0,5,,,,,,,,
,,,,,45975,4.0,4,,,,,,,,
,,,,,45980,5.0,5,,,,,,,,
,,,,,45984,4.0,4,,,,,,,,
,,,,,45991,7.0,7,,,,,,,,
,,,,,45995,4.0,4,,,,,,,,
,,,,,46000,,,-0.06838726997375488,0.6838726997375488,2.0314226150512695,4.89974308013916,4.875056743621826,0.0003,0.0003,0.1
,,,,,46003,8.0,8,,,,,,,,
,,,,,46012,9.0,9,,,,,,,,
,,,,,46017,5.0,5,,,,,,,,
,,,,,46030,13.0,13,,,,,,,,
,,,,,46034,4.0,4,,,,,,,,
,,,,,46040,6.0,6,,,,,,,,
,,,,,46047,7.0,7,,,,,,,,
,,,,,46050,3.0,3,,,,,,,,
,,,,,46054,4.0,4,,,,,,,,
,,,,,46059,5.0,5,,,,,,,,
,,,,,46064,5.0,5,,,,,,,,
,,,,,46068,4.0,4,,,,,,,,
,,,,,46072,4.0,4,,,,,,,,
,,,,,46088,16.0,16,,,,,,,,
,,,,,46095,7.0,7,,,,,,,,
,,,,,46099,4.0,4,,,,,,,,
,,,,,46102,3.0,3,,,,,,,,
,,,,,46110,8.0,8,,,,,,,,
,,,,,46113,3.0,3,,,,,,,,
,,,,,46122,9.0,9,,,,,,,,
,,,,,46127,5.0,5,,,,,,,,
,,,,,46132,5.0,5,,,,,,,,
,,,,,46137,5.0,5,,,,,,,,
,,,,,46140,3.0,3,,,,,,,,
,,,,,46157,17.0,17,,,,,,,,
,,,,,46163,6.0,6,,,,,,,,
,,,,,46166,3.0,3,,,,,,,,
,,,,,46172,6.0,6,,,,,,,,
,,,,,46184,12.0,12,,,,,,,,
,,,,,46189,5.0,5,,,,,,,,
,,,,,46194,5.0,5,,,,,,,,
,,,,,46197,3.0,3,,,,,,,,
,,,,,46204,7.0,7,,,,,,,,
,,,,,46214,10.0,10,,,,,,,,
,,,,,46220,6.0,6,,,,,,,,
,,,,,46230,10.0,10,,,,,,,,
,,,,,46234,4.0,4,,,,,,,,
,,,,,46238,4.0,4,,,,,,,,
,,,,,46245,7.0,7,,,,,,,,
,,,,,46253,8.0,8,,,,,,,,
,,,,,46269,16.0,16,,,,,,,,
,,,,,46272,3.0,3,,,,,,,,
,,,,,46275,3.0,3,,,,,,,,
,,,,,46284,9.0,9,,,,,,,,
,,,,,46288,4.0,4,,,,,,,,
,,,,,46293,5.0,5,,,,,,,,
,,,,,46297,4.0,4,,,,,,,,
,,,,,46303,6.0,6,,,,,,,,
,,,,,46330,27.0,27,,,,,,,,
,,,,,46333,3.0,3,,,,,,,,
,,,,,46336,3.0,3,,,,,,,,
,,,,,46339,3.0,3,,,,,,,,
,,,,,46344,5.0,5,,,,,,,,
,,,,,46347,3.0,3,,,,,,,,
,,,,,46350,3.0,3,,,,,,,,
,,,,,46357,7.0,7,,,,,,,,
,,,,,46361,4.0,4,,,,,,,,
,,,,,46364,3.0,3,,,,,,,,
,,,,,46367,3.0,3,,,,,,,,
,,,,,46370,3.0,3,,,,,,,,
,,,,,46377,7.0,7,,,,,,,,
,,,,,46380,3.0,3,,,,,,,,
,,,,,46395,15.0,15,,,,,,,,
,,,,,46400,5.0,5,,,,,,,,
,,,,,46407,7.0,7,,,,,,,,
,,,,,46413,6.0,6,,,,,,,,
,,,,,46416,3.0,3,,,,,,,,
,,,,,46445,29.0,29,,,,,,,,
,,,,,46450,5.0,5,,,,,,,,
,,,,,46453,3.0,3,,,,,,,,
,,,,,46457,4.0,4,,,,,,,,
,,,,,46469,12.0,12,,,,,,,,
,,,,,46472,3.0,3,,,,,,,,
,,,,,46476,4.0,4,,,,,,,,
,,,,,46487,11.0,11,,,,,,,,
,,,,,46497,10.0,10,,,,,,,,
,,,,,46503,6.0,6,,,,,,,,
,,,,,46506,3.0,3,,,,,,,,
,,,,,46509,3.0,3,,,,,,,,
,,,,,46512,3.0,3,,,,,,,,
,,,,,46516,4.0,4,,,,,,,,
,,,,,46519,3.0,3,,,,,,,,
,,,,,46523,4.0,4,,,,,,,,
,,,,,46527,4.0,4,,,,,,,,
,,,,,46534,7.0,7,,,,,,,,
,,,,,46539,5.0,5,,,,,,,,
,,,,,46542,3.0,3,,,,,,,,
,,,,,46547,5.0,5,,,,,,,,
,,,,,46555,8.0,8,,,,,,,,
,,,,,46563,8.0,8,,,,,,,,
,,,,,46568,5.0,5,,,,,,,,
,,,,,46572,4.0,4,,,,,,,,
,,,,,46576,4.0,4,,,,,,,,
,,,,,46579,3.0,3,,,,,,,,
,,,,,46585,6.0,6,,,,,,,,
,,,,,46593,8.0,8,,,,,,,,
,,,,,46598,5.0,5,,,,,,,,
,,,,,46602,4.0,4,,,,,,,,
,,,,,46606,4.0,4,,,,,,,,
,,,,,46615,9.0,9,,,,,,,,
,,,,,46619,4.0,4,,,,,,,,
,,,,,46623,4.0,4,,,,,,,,
,,,,,46631,8.0,8,,,,,,,,
,,,,,46639,8.0,8,,,,,,,,
,,,,,46650,11.0,11,,,,,,,,
,,,,,46653,3.0,3,,,,,,,,
,,,,,46663,10.0,10,,,,,,,,
,,,,,46677,14.0,14,,,,,,,,
,,,,,46687,10.0,10,,,,,,,,
,,,,,46693,6.0,6,,,,,,,,
,,,,,46700,7.0,7,,,,,,,,
,,,,,46707,7.0,7,,,,,,,,
,,,,,46717,10.0,10,,,,,,,,
,,,,,46721,4.0,4,,,,,,,,
,,,,,46726,5.0,5,,,,,,,,
,,,,,46730,4.0,4,,,,,,,,
,,,,,46734,4.0,4,,,,,,,,
,,,,,46738,4.0,4,,,,,,,,
,,,,,46750,12.0,12,,,,,,,,
,,,,,46762,12.0,12,,,,,,,,
,,,,,46766,4.0,4,,,,,,,,
,,,,,46770,4.0,4,,,,,,,,
,,,,,46774,4.0,4,,,,,,,,
,,,,,46777,3.0,3,,,,,,,,
,,,,,46782,5.0,5,,,,,,,,
,,,,,46786,4.0,4,,,,,,,,
,,,,,46791,5.0,5,,,,,,,,
,,,,,46796,5.0,5,,,,,,,,
,,,,,46807,11.0,11,,,,,,,,
,,,,,46815,8.0,8,,,,,,,,
,,,,,46819,4.0,4,,,,,,,,
,,,,,46823,4.0,4,,,,,,,,
,,,,,46838,15.0,15,,,,,,,,
,,,,,46841,3.0,3,,,,,,,,
,,,,,46846,5.0,5,,,,,,,,
,,,,,46852,6.0,6,,,,,,,,
,,,,,46863,11.0,11,,,,,,,,
,,,,,46871,8.0,8,,,,,,,,
,,,,,46874,3.0,3,,,,,,,,
,,,,,46882,8.0,8,,,,,,,,
,,,,,46896,14.0,14,,,,,,,,
,,,,,46907,11.0,11,,,,,,,,
,,,,,46913,6.0,6,,,,,,,,
,,,,,46921,8.0,8,,,,,,,,
,,,,,46925,4.0,4,,,,,,,,
,,,,,46928,3.0,3,,,,,,,,
,,,,,46933,5.0,5,,,,,,,,
,,,,,46941,8.0,8,,,,,,,,
,,,,,46944,3.0,3,,,,,,,,
,,,,,46948,4.0,4,,,,,,,,
,,,,,46954,6.0,6,,,,,,,,
,,,,,46962,8.0,8,,,,,,,,
,,,,,46968,6.0,6,,,,,,,,
,,,,,46972,4.0,4,,,,,,,,
,,,,,46975,3.0,3,,,,,,,,
,,,,,46983,8.0,8,,,,,,,,
,,,,,46992,9.0,9,,,,,,,,
,,,,,46998,6.0,6,,,,,,,,
,,,,,47000,,,-0.06703788042068481,0.6703788042068481,2.13004732131958,4.876359462738037,4.7757768630981445,0.0003,0.0003,0.1
,,,,,47001,3.0,3,,,,,,,,
,,,,,47006,5.0,5,,,,,,,,
,,,,,47017,11.0,11,,,,,,,,
,,,,,47021,4.0,4,,,,,,,,
,,,,,47026,5.0,5,,,,,,,,
,,,,,47032,6.0,6,,,,,,,,
,,,,,47035,3.0,3,,,,,,,,
,,,,,47046,11.0,11,,,,,,,,
,,,,,47054,8.0,8,,,,,,,,
,,,,,47059,5.0,5,,,,,,,,
,,,,,47063,4.0,4,,,,,,,,
,,,,,47066,3.0,3,,,,,,,,
,,,,,47069,3.0,3,,,,,,,,
,,,,,47079,10.0,10,,,,,,,,
,,,,,47089,10.0,10,,,,,,,,
,,,,,47094,5.0,5,,,,,,,,
,,,,,47105,11.0,11,,,,,,,,
,,,,,47108,3.0,3,,,,,,,,
,,,,,47119,11.0,11,,,,,,,,
,,,,,47122,3.0,3,,,,,,,,
,,,,,47127,5.0,5,,,,,,,,
,,,,,47134,7.0,7,,,,,,,,
,,,,,47137,3.0,3,,,,,,,,
,,,,,47152,15.0,15,,,,,,,,
,,,,,47157,5.0,5,,,,,,,,
,,,,,47163,6.0,6,,,,,,,,
,,,,,47166,3.0,3,,,,,,,,
,,,,,47173,7.0,7,,,,,,,,
,,,,,47178,5.0,5,,,,,,,,
,,,,,47185,7.0,7,,,,,,,,
,,,,,47196,11.0,11,,,,,,,,
,,,,,47199,3.0,3,,,,,,,,
,,,,,47210,11.0,11,,,,,,,,
,,,,,47213,3.0,3,,,,,,,,
,,,,,47216,3.0,3,,,,,,,,
,,,,,47231,15.0,15,,,,,,,,
,,,,,47240,9.0,9,,,,,,,,
,,,,,47243,3.0,3,,,,,,,,
,,,,,47246,3.0,3,,,,,,,,
,,,,,47251,5.0,5,,,,,,,,
,,,,,47255,4.0,4,,,,,,,,
,,,,,47259,4.0,4,,,,,,,,
,,,,,47263,4.0,4,,,,,,,,
,,,,,47266,3.0,3,,,,,,,,
,,,,,47271,5.0,5,,,,,,,,
,,,,,47275,4.0,4,,,,,,,,
,,,,,47283,8.0,8,,,,,,,,
,,,,,47286,3.0,3,,,,,,,,
,,,,,47290,4.0,4,,,,,,,,
,,,,,47297,7.0,7,,,,,,,,
,,,,,47300,3.0,3,,,,,,,,
,,,,,47308,8.0,8,,,,,,,,
,,,,,47311,3.0,3,,,,,,,,
,,,,,47317,6.0,6,,,,,,,,
,,,,,47323,6.0,6,,,,,,,,
,,,,,47333,10.0,10,,,,,,,,
,,,,,47338,5.0,5,,,,,,,,
,,,,,47342,4.0,4,,,,,,,,
,,,,,47349,7.0,7,,,,,,,,
,,,,,47358,9.0,9,,,,,,,,
,,,,,47364,6.0,6,,,,,,,,
,,,,,47372,8.0,8,,,,,,,,
,,,,,47377,5.0,5,,,,,,,,
,,,,,47383,6.0,6,,,,,,,,
,,,,,47391,8.0,8,,,,,,,,
,,,,,47394,3.0,3,,,,,,,,
,,,,,47399,5.0,5,,,,,,,,
,,,,,47402,3.0,3,,,,,,,,
,,,,,47411,9.0,9,,,,,,,,
,,,,,47415,4.0,4,,,,,,,,
,,,,,47418,3.0,3,,,,,,,,
,,,,,47427,9.0,9,,,,,,,,
,,,,,47430,3.0,3,,,,,,,,
,,,,,47435,5.0,5,,,,,,,,
,,,,,47446,11.0,11,,,,,,,,
,,,,,47449,3.0,3,,,,,,,,
,,,,,47453,4.0,4,,,,,,,,
,,,,,47459,6.0,6,,,,,,,,
,,,,,47466,7.0,7,,,,,,,,
,,,,,47469,3.0,3,,,,,,,,
,,,,,47474,5.0,5,,,,,,,,
,,,,,47482,8.0,8,,,,,,,,
,,,,,47485,3.0,3,,,,,,,,
,,,,,47497,12.0,12,,,,,,,,
,,,,,47500,3.0,3,,,,,,,,
,,,,,47503,3.0,3,,,,,,,,
,,,,,47512,9.0,9,,,,,,,,
,,,,,47515,3.0,3,,,,,,,,
,,,,,47518,3.0,3,,,,,,,,
,,,,,47532,14.0,14,,,,,,,,
,,,,,47537,5.0,5,,,,,,,,
,,,,,47548,11.0,11,,,,,,,,
,,,,,47556,8.0,8,,,,,,,,
,,,,,47559,3.0,3,,,,,,,,
,,,,,47563,4.0,4,,,,,,,,
,,,,,47572,9.0,9,,,,,,,,
,,,,,47584,12.0,12,,,,,,,,
,,,,,47593,9.0,9,,,,,,,,
,,,,,47598,5.0,5,,,,,,,,
,,,,,47602,4.0,4,,,,,,,,
,,,,,47608,6.0,6,,,,,,,,
,,,,,47612,4.0,4,,,,,,,,
,,,,,47618,6.0,6,,,,,,,,
,,,,,47622,4.0,4,,,,,,,,
,,,,,47628,6.0,6,,,,,,,,
,,,,,47633,5.0,5,,,,,,,,
,,,,,47638,5.0,5,,,,,,,,
,,,,,47642,4.0,4,,,,,,,,
,,,,,47652,10.0,10,,,,,,,,
,,,,,47660,8.0,8,,,,,,,,
,,,,,47664,4.0,4,,,,,,,,
,,,,,47669,5.0,5,,,,,,,,
,,,,,47673,4.0,4,,,,,,,,
,,,,,47679,6.0,6,,,,,,,,
,,,,,47685,6.0,6,,,,,,,,
,,,,,47688,3.0,3,,,,,,,,
,,,,,47692,4.0,4,,,,,,,,
,,,,,47699,7.0,7,,,,,,,,
,,,,,47719,20.0,20,,,,,,,,
,,,,,47727,8.0,8,,,,,,,,
,,,,,47732,5.0,5,,,,,,,,
,,,,,47735,3.0,3,,,,,,,,
,,,,,47738,3.0,3,,,,,,,,
,,,,,47741,3.0,3,,,,,,,,
,,,,,47751,10.0,10,,,,,,,,
,,,,,47756,5.0,5,,,,,,,,
,,,,,47772,16.0,16,,,,,,,,
,,,,,47778,6.0,6,,,,,,,,
,,,,,47783,5.0,5,,,,,,,,
,,,,,47787,4.0,4,,,,,,,,
,,,,,47791,4.0,4,,,,,,,,
,,,,,47794,3.0,3,,,,,,,,
,,,,,47800,6.0,6,,,,,,,,
,,,,,47807,7.0,7,,,,,,,,
,,,,,47813,6.0,6,,,,,,,,
,,,,,47819,6.0,6,,,,,,,,
,,,,,47822,3.0,3,,,,,,,,
,,,,,47831,9.0,9,,,,,,,,
,,,,,47838,7.0,7,,,,,,,,
,,,,,47843,5.0,5,,,,,,,,
,,,,,47849,6.0,6,,,,,,,,
,,,,,47852,3.0,3,,,,,,,,
,,,,,47858,6.0,6,,,,,,,,
,,,,,47862,4.0,4,,,,,,,,
,,,,,47867,5.0,5,,,,,,,,
,,,,,47872,5.0,5,,,,,,,,
,,,,,47878,6.0,6,,,,,,,,
,,,,,47887,9.0,9,,,,,,,,
,,,,,47897,10.0,10,,,,,,,,
,,,,,47907,10.0,10,,,,,,,,
,,,,,47918,11.0,11,,,,,,,,
,,,,,47925,7.0,7,,,,,,,,
,,,,,47930,5.0,5,,,,,,,,
,,,,,47934,4.0,4,,,,,,,,
,,,,,47939,5.0,5,,,,,,,,
,,,,,47943,4.0,4,,,,,,,,
,,,,,47952,9.0,9,,,,,,,,
,,,,,47961,9.0,9,,,,,,,,
,,,,,47967,6.0,6,,,,,,,,
,,,,,47970,3.0,3,,,,,,,,
,,,,,47973,3.0,3,,,,,,,,
,,,,,47977,4.0,4,,,,,,,,
,,,,,47980,3.0,3,,,,,,,,
,,,,,47983,3.0,3,,,,,,,,
,,,,,47987,4.0,4,,,,,,,,
,,,,,47997,10.0,10,,,,,,,,
,,,,,48000,,,-0.06798700243234634,0.6798700094223022,1.696335792541504,4.594895839691162,4.573977470397949,0.0003,0.0003,0.1
,,,,,48002,5.0,5,,,,,,,,
,,,,,48010,8.0,8,,,,,,,,
,,,,,48014,4.0,4,,,,,,,,
,,,,,48019,5.0,5,,,,,,,,
,,,,,48022,3.0,3,,,,,,,,
,,,,,48029,7.0,7,,,,,,,,
,,,,,48032,3.0,3,,,,,,,,
,,,,,48035,3.0,3,,,,,,,,
,,,,,48038,3.0,3,,,,,,,,
,,,,,48042,4.0,4,,,,,,,,
,,,,,48050,8.0,8,,,,,,,,
,,,,,48053,3.0,3,,,,,,,,
,,,,,48058,5.0,5,,,,,,,,
,,,,,48062,4.0,4,,,,,,,,
,,,,,48073,11.0,11,,,,,,,,
,,,,,48078,5.0,5,,,,,,,,
,,,,,48081,3.0,3,,,,,,,,
,,,,,48085,4.0,4,,,,,,,,
,,,,,48090,5.0,5,,,,,,,,
,,,,,48093,3.0,3,,,,,,,,
,,,,,48099,6.0,6,,,,,,,,
,,,,,48106,7.0,7,,,,,,,,
,,,,,48109,3.0,3,,,,,,,,
,,,,,48115,6.0,6,,,,,,,,
,,,,,48128,13.0,13,,,,,,,,
,,,,,48136,8.0,8,,,,,,,,
,,,,,48142,6.0,6,,,,,,,,
,,,,,48145,3.0,3,,,,,,,,
,,,,,48152,7.0,7,,,,,,,,
,,,,,48167,15.0,15,,,,,,,,
,,,,,48172,5.0,5,,,,,,,,
,,,,,48182,10.0,10,,,,,,,,
,,,,,48185,3.0,3,,,,,,,,
,,,,,48193,8.0,8,,,,,,,,
,,,,,48199,6.0,6,,,,,,,,
,,,,,48202,3.0,3,,,,,,,,
,,,,,48206,4.0,4,,,,,,,,
,,,,,48209,3.0,3,,,,,,,,
,,,,,48224,15.0,15,,,,,,,,
,,,,,48233,9.0,9,,,,,,,,
,,,,,48236,3.0,3,,,,,,,,
,,,,,48244,8.0,8,,,,,,,,
,,,,,48247,3.0,3,,,,,,,,
,,,,,48251,4.0,4,,,,,,,,
,,,,,48264,13.0,13,,,,,,,,
,,,,,48272,8.0,8,,,,,,,,
,,,,,48279,7.0,7,,,,,,,,
,,,,,48286,7.0,7,,,,,,,,
,,,,,48291,5.0,5,,,,,,,,
,,,,,48294,3.0,3,,,,,,,,
,,,,,48297,3.0,3,,,,,,,,
,,,,,48306,9.0,9,,,,,,,,
,,,,,48312,6.0,6,,,,,,,,
,,,,,48333,21.0,21,,,,,,,,
,,,,,48338,5.0,5,,,,,,,,
,,,,,48345,7.0,7,,,,,,,,
,,,,,48354,9.0,9,,,,,,,,
,,,,,48358,4.0,4,,,,,,,,
,,,,,48361,3.0,3,,,,,,,,
,,,,,48364,3.0,3,,,,,,,,
,,,,,48367,3.0,3,,,,,,,,
,,,,,48371,4.0,4,,,,,,,,
,,,,,48377,6.0,6,,,,,,,,
,,,,,48382,5.0,5,,,,,,,,
,,,,,48390,8.0,8,,,,,,,,
,,,,,48395,5.0,5,,,,,,,,
,,,,,48399,4.0,4,,,,,,,,
,,,,,48402,3.0,3,,,,,,,,
,,,,,48406,4.0,4,,,,,,,,
,,,,,48409,3.0,3,,,,,,,,
,,,,,48412,3.0,3,,,,,,,,
,,,,,48420,8.0,8,,,,,,,,
,,,,,48423,3.0,3,,,,,,,,
,,,,,48430,7.0,7,,,,,,,,
,,,,,48439,9.0,9,,,,,,,,
,,,,,48443,4.0,4,,,,,,,,
,,,,,48447,4.0,4,,,,,,,,
,,,,,48451,4.0,4,,,,,,,,
,,,,,48454,3.0,3,,,,,,,,
,,,,,48462,8.0,8,,,,,,,,
,,,,,48465,3.0,3,,,,,,,,
,,,,,48470,5.0,5,,,,,,,,
,,,,,48475,5.0,5,,,,,,,,
,,,,,48483,8.0,8,,,,,,,,
,,,,,48487,4.0,4,,,,,,,,
,,,,,48491,4.0,4,,,,,,,,
,,,,,48500,9.0,9,,,,,,,,
,,,,,48509,9.0,9,,,,,,,,
,,,,,48512,3.0,3,,,,,,,,
,,,,,48531,19.0,19,,,,,,,,
,,,,,48535,4.0,4,,,,,,,,
,,,,,48538,3.0,3,,,,,,,,
,,,,,48548,10.0,10,,,,,,,,
,,,,,48551,3.0,3,,,,,,,,
,,,,,48554,3.0,3,,,,,,,,
,,,,,48557,3.0,3,,,,,,,,
,,,,,48565,8.0,8,,,,,,,,
,,,,,48569,4.0,4,,,,,,,,
,,,,,48574,5.0,5,,,,,,,,
,,,,,48577,3.0,3,,,,,,,,
,,,,,48580,3.0,3,,,,,,,,
,,,,,48586,6.0,6,,,,,,,,
,,,,,48593,7.0,7,,,,,,,,
,,,,,48598,5.0,5,,,,,,,,
,,,,,48605,7.0,7,,,,,,,,
,,,,,48609,4.0,4,,,,,,,,
,,,,,48612,3.0,3,,,,,,,,
,,,,,48617,5.0,5,,,,,,,,
,,,,,48621,4.0,4,,,,,,,,
,,,,,48636,15.0,15,,,,,,,,
,,,,,48643,7.0,7,,,,,,,,
,,,,,48648,5.0,5,,,,,,,,
,,,,,48653,5.0,5,,,,,,,,
,,,,,48660,7.0,7,,,,,,,,
,,,,,48663,3.0,3,,,,,,,,
,,,,,48669,6.0,6,,,,,,,,
,,,,,48677,8.0,8,,,,,,,,
,,,,,48685,8.0,8,,,,,,,,
,,,,,48688,3.0,3,,,,,,,,
,,,,,48691,3.0,3,,,,,,,,
,,,,,48695,4.0,4,,,,,,,,
,,,,,48700,5.0,5,,,,,,,,
,,,,,48707,7.0,7,,,,,,,,
,,,,,48715,8.0,8,,,,,,,,
,,,,,48719,4.0,4,,,,,,,,
,,,,,48723,4.0,4,,,,,,,,
,,,,,48727,4.0,4,,,,,,,,
,,,,,48737,10.0,10,,,,,,,,
,,,,,48740,3.0,3,,,,,,,,
,,,,,48743,3.0,3,,,,,,,,
,,,,,48746,3.0,3,,,,,,,,
,,,,,48762,16.0,16,,,,,,,,
,,,,,48766,4.0,4,,,,,,,,
,,,,,48771,5.0,5,,,,,,,,
,,,,,48775,4.0,4,,,,,,,,
,,,,,48781,6.0,6,,,,,,,,
,,,,,48784,3.0,3,,,,,,,,
,,,,,48788,4.0,4,,,,,,,,
,,,,,48792,4.0,4,,,,,,,,
,,,,,48817,25.0,25,,,,,,,,
,,,,,48820,3.0,3,,,,,,,,
,,,,,48823,3.0,3,,,,,,,,
,,,,,48826,3.0,3,,,,,,,,
,,,,,48830,4.0,4,,,,,,,,
,,,,,48836,6.0,6,,,,,,,,
,,,,,48842,6.0,6,,,,,,,,
,,,,,48850,8.0,8,,,,,,,,
,,,,,48853,3.0,3,,,,,,,,
,,,,,48857,4.0,4,,,,,,,,
,,,,,48860,3.0,3,,,,,,,,
,,,,,48873,13.0,13,,,,,,,,
,,,,,48876,3.0,3,,,,,,,,
,,,,,48879,3.0,3,,,,,,,,
,,,,,48883,4.0,4,,,,,,,,
,,,,,48891,8.0,8,,,,,,,,
,,,,,48898,7.0,7,,,,,,,,
,,,,,48905,7.0,7,,,,,,,,
,,,,,48911,6.0,6,,,,,,,,
,,,,,48924,13.0,13,,,,,,,,
,,,,,48939,15.0,15,,,,,,,,
,,,,,48944,5.0,5,,,,,,,,
,,,,,48948,4.0,4,,,,,,,,
,,,,,48954,6.0,6,,,,,,,,
,,,,,48957,3.0,3,,,,,,,,
,,,,,48960,3.0,3,,,,,,,,
,,,,,48964,4.0,4,,,,,,,,
,,,,,48969,5.0,5,,,,,,,,
,,,,,48974,5.0,5,,,,,,,,
,,,,,48979,5.0,5,,,,,,,,
,,,,,48986,7.0,7,,,,,,,,
,,,,,48993,7.0,7,,,,,,,,
,,,,,48996,3.0,3,,,,,,,,
,,,,,49000,4.0,4,,,,,,,,
,,,,,49000,,,-0.06696348637342453,0.6696348786354065,2.0294132232666016,4.409662246704102,4.295870780944824,0.0003,0.0003,0.1
,,,,,49014,14.0,14,,,,,,,,
,,,,,49018,4.0,4,,,,,,,,
,,,,,49024,6.0,6,,,,,,,,
,,,,,49032,8.0,8,,,,,,,,
,,,,,49038,6.0,6,,,,,,,,
,,,,,49048,10.0,10,,,,,,,,
,,,,,49052,4.0,4,,,,,,,,
,,,,,49056,4.0,4,,,,,,,,
,,,,,49060,4.0,4,,,,,,,,
,,,,,49064,4.0,4,,,,,,,,
,,,,,49069,5.0,5,,,,,,,,
,,,,,49085,16.0,16,,,,,,,,
,,,,,49091,6.0,6,,,,,,,,
,,,,,49094,3.0,3,,,,,,,,
,,,,,49097,3.0,3,,,,,,,,
,,,,,49105,8.0,8,,,,,,,,
,,,,,49108,3.0,3,,,,,,,,
,,,,,49112,4.0,4,,,,,,,,
,,,,,49115,3.0,3,,,,,,,,
,,,,,49118,3.0,3,,,,,,,,
,,,,,49122,4.0,4,,,,,,,,
,,,,,49130,8.0,8,,,,,,,,
,,,,,49137,7.0,7,,,,,,,,
,,,,,49143,6.0,6,,,,,,,,
,,,,,49149,6.0,6,,,,,,,,
,,,,,49156,7.0,7,,,,,,,,
,,,,,49159,3.0,3,,,,,,,,
,,,,,49186,27.0,27,,,,,,,,
,,,,,49189,3.0,3,,,,,,,,
,,,,,49194,5.0,5,,,,,,,,
,,,,,49203,9.0,9,,,,,,,,
,,,,,49206,3.0,3,,,,,,,,
,,,,,49216,10.0,10,,,,,,,,
,,,,,49229,13.0,13,,,,,,,,
,,,,,49237,8.0,8,,,,,,,,
,,,,,49241,4.0,4,,,,,,,,
,,,,,49255,14.0,14,,,,,,,,
,,,,,49258,3.0,3,,,,,,,,
,,,,,49262,4.0,4,,,,,,,,
,,,,,49277,15.0,15,,,,,,,,
,,,,,49281,4.0,4,,,,,,,,
,,,,,49287,6.0,6,,,,,,,,
,,,,,49293,6.0,6,,,,,,,,
,,,,,49296,3.0,3,,,,,,,,
,,,,,49300,4.0,4,,,,,,,,
,,,,,49303,3.0,3,,,,,,,,
,,,,,49308,5.0,5,,,,,,,,
,,,,,49313,5.0,5,,,,,,,,
,,,,,49316,3.0,3,,,,,,,,
,,,,,49321,5.0,5,,,,,,,,
,,,,,49324,3.0,3,,,,,,,,
,,,,,49331,7.0,7,,,,,,,,
,,,,,49338,7.0,7,,,,,,,,
,,,,,49347,9.0,9,,,,,,,,
,,,,,49351,4.0,4,,,,,,,,
,,,,,49354,3.0,3,,,,,,,,
,,,,,49357,3.0,3,,,,,,,,
,,,,,49362,5.0,5,,,,,,,,
,,,,,49365,3.0,3,,,,,,,,
,,,,,49370,5.0,5,,,,,,,,
,,,,,49373,3.0,3,,,,,,,,
,,,,,49378,5.0,5,,,,,,,,
,,,,,49390,12.0,12,,,,,,,,
,,,,,49393,3.0,3,,,,,,,,
,,,,,49408,15.0,15,,,,,,,,
,,,,,49411,3.0,3,,,,,,,,
,,,,,49415,4.0,4,,,,,,,,
,,,,,49423,8.0,8,,,,,,,,
,,,,,49428,5.0,5,,,,,,,,
,,,,,49432,4.0,4,,,,,,,,
,,,,,49442,10.0,10,,,,,,,,
,,,,,49446,4.0,4,,,,,,,,
,,,,,49449,3.0,3,,,,,,,,
,,,,,49467,18.0,18,,,,,,,,
,,,,,49476,9.0,9,,,,,,,,
,,,,,49480,4.0,4,,,,,,,,
,,,,,49486,6.0,6,,,,,,,,
,,,,,49490,4.0,4,,,,,,,,
,,,,,49498,8.0,8,,,,,,,,
,,,,,49501,3.0,3,,,,,,,,
,,,,,49504,3.0,3,,,,,,,,
,,,,,49513,9.0,9,,,,,,,,
,,,,,49518,5.0,5,,,,,,,,
,,,,,49521,3.0,3,,,,,,,,
,,,,,49525,4.0,4,,,,,,,,
,,,,,49530,5.0,5,,,,,,,,
,,,,,49535,5.0,5,,,,,,,,
,,,,,49539,4.0,4,,,,,,,,
,,,,,49545,6.0,6,,,,,,,,
,,,,,49549,4.0,4,,,,,,,,
,,,,,49557,8.0,8,,,,,,,,
,,,,,49560,3.0,3,,,,,,,,
,,,,,49564,4.0,4,,,,,,,,
,,,,,49567,3.0,3,,,,,,,,
,,,,,49576,9.0,9,,,,,,,,
,,,,,49580,4.0,4,,,,,,,,
,,,,,49585,5.0,5,,,,,,,,
,,,,,49588,3.0,3,,,,,,,,
,,,,,49602,14.0,14,,,,,,,,
,,,,,49613,11.0,11,,,,,,,,
,,,,,49619,6.0,6,,,,,,,,
,,,,,49625,6.0,6,,,,,,,,
,,,,,49630,5.0,5,,,,,,,,
,,,,,49639,9.0,9,,,,,,,,
,,,,,49647,8.0,8,,,,,,,,
,,,,,49656,9.0,9,,,,,,,,
,,,,,49660,4.0,4,,,,,,,,
,,,,,49663,3.0,3,,,,,,,,
,,,,,49667,4.0,4,,,,,,,,
,,,,,49670,3.0,3,,,,,,,,
,,,,,49679,9.0,9,,,,,,,,
,,,,,49682,3.0,3,,,,,,,,
,,,,,49687,5.0,5,,,,,,,,
,,,,,49690,3.0,3,,,,,,,,
,,,,,49694,4.0,4,,,,,,,,
,,,,,49711,17.0,17,,,,,,,,
,,,,,49717,6.0,6,,,,,,,,
,,,,,49721,4.0,4,,,,,,,,
,,,,,49727,6.0,6,,,,,,,,
,,,,,49734,7.0,7,,,,,,,,
,,,,,49737,3.0,3,,,,,,,,
,,,,,49745,8.0,8,,,,,,,,
,,,,,49751,6.0,6,,,,,,,,
,,,,,49755,4.0,4,,,,,,,,
,,,,,49758,3.0,3,,,,,,,,
,,,,,49762,4.0,4,,,,,,,,
,,,,,49766,4.0,4,,,,,,,,
,,,,,49770,4.0,4,,,,,,,,
,,,,,49782,12.0,12,,,,,,,,
,,,,,49786,4.0,4,,,,,,,,
,,,,,49792,6.0,6,,,,,,,,
,,,,,49795,3.0,3,,,,,,,,
,,,,,49804,9.0,9,,,,,,,,
,,,,,49809,5.0,5,,,,,,,,
,,,,,49813,4.0,4,,,,,,,,
,,,,,49817,4.0,4,,,,,,,,
,,,,,49832,15.0,15,,,,,,,,
,,,,,49840,8.0,8,,,,,,,,
,,,,,49844,4.0,4,,,,,,,,
,,,,,49853,9.0,9,,,,,,,,
,,,,,49856,3.0,3,,,,,,,,
,,,,,49860,4.0,4,,,,,,,,
,,,,,49866,6.0,6,,,,,,,,
,,,,,49873,7.0,7,,,,,,,,
,,,,,49881,8.0,8,,,,,,,,
,,,,,49885,4.0,4,,,,,,,,
,,,,,49888,3.0,3,,,,,,,,
,,,,,49892,4.0,4,,,,,,,,
,,,,,49904,12.0,12,,,,,,,,
,,,,,49910,6.0,6,,,,,,,,
,,,,,49915,5.0,5,,,,,,,,
,,,,,49927,12.0,12,,,,,,,,
,,,,,49930,3.0,3,,,,,,,,
,,,,,49935,5.0,5,,,,,,,,
,,,,,49938,3.0,3,,,,,,,,
,,,,,49941,3.0,3,,,,,,,,
,,,,,49944,3.0,3,,,,,,,,
,,,,,49951,7.0,7,,,,,,,,
,,,,,49956,5.0,5,,,,,,,,
,,,,,49963,7.0,7,,,,,,,,
,,,,,49966,3.0,3,,,,,,,,
,,,,,49975,9.0,9,,,,,,,,
,,,,,49978,3.0,3,,,,,,,,
,,,,,49985,7.0,7,,,,,,,,
,,,,,49990,5.0,5,,,,,,,,
,,,,,49994,4.0,4,,,,,,,,
,,,,,49998,4.0,4,,,,,,,,
