Eval_AverageReturn,Eval_StdReturn,Eval_MaxReturn,Eval_MinReturn,Eval_AverageEpLen,step,Train_EpisodeReturn,Train_EpisodeLen,critic_loss,q_values,target_values,actor_lr,critic_lr,temperature
6.8,4.0199504,15.0,3.0,6.8,0,,,,,,,,
,,,,,10,11.0,11,,,,,,
,,,,,20,10.0,10,,,,,,
,,,,,30,10.0,10,,,,,,
,,,,,37,7.0,7,,,,,,
,,,,,42,5.0,5,,,,,,
,,,,,45,3.0,3,,,,,,
,,,,,49,4.0,4,,,,,,
,,,,,55,6.0,6,,,,,,
,,,,,60,5.0,5,,,,,,
,,,,,66,6.0,6,,,,,,
,,,,,77,11.0,11,,,,,,
,,,,,88,11.0,11,,,,,,
,,,,,91,3.0,3,,,,,,
,,,,,95,4.0,4,,,,,,
,,,,,108,13.0,13,,,,,,
,,,,,119,11.0,11,,,,,,
,,,,,123,4.0,4,,,,,,
,,,,,126,3.0,3,,,,,,
,,,,,136,10.0,10,,,,,,
,,,,,141,5.0,5,,,,,,
,,,,,150,9.0,9,,,,,,
,,,,,157,7.0,7,,,,,,
,,,,,163,6.0,6,,,,,,
,,,,,169,6.0,6,,,,,,
,,,,,174,5.0,5,,,,,,
,,,,,178,4.0,4,,,,,,
,,,,,188,10.0,10,,,,,,
,,,,,194,6.0,6,,,,,,
,,,,,212,18.0,18,,,,,,
,,,,,215,3.0,3,,,,,,
,,,,,220,5.0,5,,,,,,
,,,,,224,4.0,4,,,,,,
,,,,,233,9.0,9,,,,,,
,,,,,239,6.0,6,,,,,,
,,,,,246,7.0,7,,,,,,
,,,,,251,5.0,5,,,,,,
,,,,,259,8.0,8,,,,,,
,,,,,266,7.0,7,,,,,,
,,,,,270,4.0,4,,,,,,
,,,,,275,5.0,5,,,,,,
,,,,,283,8.0,8,,,,,,
,,,,,309,26.0,26,,,,,,
,,,,,316,7.0,7,,,,,,
,,,,,320,4.0,4,,,,,,
,,,,,326,6.0,6,,,,,,
,,,,,329,3.0,3,,,,,,
,,,,,335,6.0,6,,,,,,
,,,,,339,4.0,4,,,,,,
,,,,,343,4.0,4,,,,,,
,,,,,346,3.0,3,,,,,,
,,,,,349,3.0,3,,,,,,
,,,,,358,9.0,9,,,,,,
,,,,,361,3.0,3,,,,,,
,,,,,366,5.0,5,,,,,,
,,,,,371,5.0,5,,,,,,
,,,,,374,3.0,3,,,,,,
,,,,,378,4.0,4,,,,,,
,,,,,390,12.0,12,,,,,,
,,,,,393,3.0,3,,,,,,
,,,,,398,5.0,5,,,,,,
,,,,,404,6.0,6,,,,,,
,,,,,409,5.0,5,,,,,,
,,,,,413,4.0,4,,,,,,
,,,,,416,3.0,3,,,,,,
,,,,,420,4.0,4,,,,,,
,,,,,426,6.0,6,,,,,,
,,,,,429,3.0,3,,,,,,
,,,,,433,4.0,4,,,,,,
,,,,,444,11.0,11,,,,,,
,,,,,451,7.0,7,,,,,,
,,,,,461,10.0,10,,,,,,
,,,,,465,4.0,4,,,,,,
,,,,,479,14.0,14,,,,,,
,,,,,484,5.0,5,,,,,,
,,,,,492,8.0,8,,,,,,
,,,,,507,15.0,15,,,,,,
,,,,,514,7.0,7,,,,,,
,,,,,523,9.0,9,,,,,,
,,,,,528,5.0,5,,,,,,
,,,,,533,5.0,5,,,,,,
,,,,,536,3.0,3,,,,,,
,,,,,552,16.0,16,,,,,,
,,,,,557,5.0,5,,,,,,
,,,,,563,6.0,6,,,,,,
,,,,,569,6.0,6,,,,,,
,,,,,573,4.0,4,,,,,,
,,,,,580,7.0,7,,,,,,
,,,,,584,4.0,4,,,,,,
,,,,,587,3.0,3,,,,,,
,,,,,596,9.0,9,,,,,,
,,,,,599,3.0,3,,,,,,
,,,,,609,10.0,10,,,,,,
,,,,,616,7.0,7,,,,,,
,,,,,621,5.0,5,,,,,,
,,,,,625,4.0,4,,,,,,
,,,,,628,3.0,3,,,,,,
,,,,,634,6.0,6,,,,,,
,,,,,637,3.0,3,,,,,,
,,,,,650,13.0,13,,,,,,
,,,,,661,11.0,11,,,,,,
,,,,,668,7.0,7,,,,,,
,,,,,672,4.0,4,,,,,,
,,,,,677,5.0,5,,,,,,
,,,,,684,7.0,7,,,,,,
,,,,,689,5.0,5,,,,,,
,,,,,693,4.0,4,,,,,,
,,,,,702,9.0,9,,,,,,
,,,,,711,9.0,9,,,,,,
,,,,,715,4.0,4,,,,,,
,,,,,720,5.0,5,,,,,,
,,,,,729,9.0,9,,,,,,
,,,,,733,4.0,4,,,,,,
,,,,,743,10.0,10,,,,,,
,,,,,750,7.0,7,,,,,,
,,,,,762,12.0,12,,,,,,
,,,,,765,3.0,3,,,,,,
,,,,,771,6.0,6,,,,,,
,,,,,779,8.0,8,,,,,,
,,,,,787,8.0,8,,,,,,
,,,,,801,14.0,14,,,,,,
,,,,,804,3.0,3,,,,,,
,,,,,809,5.0,5,,,,,,
,,,,,813,4.0,4,,,,,,
,,,,,818,5.0,5,,,,,,
,,,,,822,4.0,4,,,,,,
,,,,,826,4.0,4,,,,,,
,,,,,831,5.0,5,,,,,,
,,,,,836,5.0,5,,,,,,
,,,,,842,6.0,6,,,,,,
,,,,,847,5.0,5,,,,,,
,,,,,850,3.0,3,,,,,,
,,,,,860,10.0,10,,,,,,
,,,,,864,4.0,4,,,,,,
,,,,,871,7.0,7,,,,,,
,,,,,876,5.0,5,,,,,,
,,,,,882,6.0,6,,,,,,
,,,,,885,3.0,3,,,,,,
,,,,,897,12.0,12,,,,,,
,,,,,903,6.0,6,,,,,,
,,,,,907,4.0,4,,,,,,
,,,,,910,3.0,3,,,,,,
,,,,,926,16.0,16,,,,,,
,,,,,931,5.0,5,,,,,,
,,,,,934,3.0,3,,,,,,
,,,,,941,7.0,7,,,,,,
,,,,,944,3.0,3,,,,,,
,,,,,947,3.0,3,,,,,,
,,,,,953,6.0,6,,,,,,
,,,,,963,10.0,10,,,,,,
,,,,,967,4.0,4,,,,,,
,,,,,970,3.0,3,,,,,,
,,,,,983,13.0,13,,,,,,
,,,,,991,8.0,8,,,,,,
,,,,,997,6.0,6,,,,,,
,,,,,1004,7.0,7,,,,,,
,,,,,1010,6.0,6,,,,,,
,,,,,1013,3.0,3,,,,,,
,,,,,1025,12.0,12,,,,,,
,,,,,1030,5.0,5,,,,,,
,,,,,1035,5.0,5,,,,,,
,,,,,1038,3.0,3,,,,,,
,,,,,1042,4.0,4,,,,,,
,,,,,1045,3.0,3,,,,,,
,,,,,1063,18.0,18,,,,,,
,,,,,1076,13.0,13,,,,,,
,,,,,1083,7.0,7,,,,,,
,,,,,1087,4.0,4,,,,,,
,,,,,1090,3.0,3,,,,,,
,,,,,1093,3.0,3,,,,,,
,,,,,1106,13.0,13,,,,,,
,,,,,1111,5.0,5,,,,,,
,,,,,1118,7.0,7,,,,,,
,,,,,1123,5.0,5,,,,,,
,,,,,1130,7.0,7,,,,,,
,,,,,1134,4.0,4,,,,,,
,,,,,1138,4.0,4,,,,,,
,,,,,1149,11.0,11,,,,,,
,,,,,1152,3.0,3,,,,,,
,,,,,1155,3.0,3,,,,,,
,,,,,1158,3.0,3,,,,,,
,,,,,1165,7.0,7,,,,,,
,,,,,1168,3.0,3,,,,,,
,,,,,1171,3.0,3,,,,,,
,,,,,1175,4.0,4,,,,,,
,,,,,1180,5.0,5,,,,,,
,,,,,1183,3.0,3,,,,,,
,,,,,1186,3.0,3,,,,,,
,,,,,1190,4.0,4,,,,,,
,,,,,1198,8.0,8,,,,,,
,,,,,1202,4.0,4,,,,,,
,,,,,1205,3.0,3,,,,,,
,,,,,1208,3.0,3,,,,,,
,,,,,1218,10.0,10,,,,,,
,,,,,1229,11.0,11,,,,,,
,,,,,1242,13.0,13,,,,,,
,,,,,1251,9.0,9,,,,,,
,,,,,1260,9.0,9,,,,,,
,,,,,1265,5.0,5,,,,,,
,,,,,1271,6.0,6,,,,,,
,,,,,1274,3.0,3,,,,,,
,,,,,1279,5.0,5,,,,,,
,,,,,1292,13.0,13,,,,,,
,,,,,1297,5.0,5,,,,,,
,,,,,1314,17.0,17,,,,,,
,,,,,1325,11.0,11,,,,,,
,,,,,1330,5.0,5,,,,,,
,,,,,1335,5.0,5,,,,,,
,,,,,1338,3.0,3,,,,,,
,,,,,1343,5.0,5,,,,,,
,,,,,1351,8.0,8,,,,,,
,,,,,1358,7.0,7,,,,,,
,,,,,1369,11.0,11,,,,,,
,,,,,1372,3.0,3,,,,,,
,,,,,1377,5.0,5,,,,,,
,,,,,1386,9.0,9,,,,,,
,,,,,1401,15.0,15,,,,,,
,,,,,1406,5.0,5,,,,,,
,,,,,1418,12.0,12,,,,,,
,,,,,1426,8.0,8,,,,,,
,,,,,1429,3.0,3,,,,,,
,,,,,1433,4.0,4,,,,,,
,,,,,1440,7.0,7,,,,,,
,,,,,1444,4.0,4,,,,,,
,,,,,1451,7.0,7,,,,,,
,,,,,1456,5.0,5,,,,,,
,,,,,1460,4.0,4,,,,,,
,,,,,1467,7.0,7,,,,,,
,,,,,1470,3.0,3,,,,,,
,,,,,1476,6.0,6,,,,,,
,,,,,1479,3.0,3,,,,,,
,,,,,1485,6.0,6,,,,,,
,,,,,1491,6.0,6,,,,,,
,,,,,1494,3.0,3,,,,,,
,,,,,1514,20.0,20,,,,,,
,,,,,1522,8.0,8,,,,,,
,,,,,1527,5.0,5,,,,,,
,,,,,1537,10.0,10,,,,,,
,,,,,1542,5.0,5,,,,,,
,,,,,1558,16.0,16,,,,,,
,,,,,1561,3.0,3,,,,,,
,,,,,1568,7.0,7,,,,,,
,,,,,1571,3.0,3,,,,,,
,,,,,1579,8.0,8,,,,,,
,,,,,1583,4.0,4,,,,,,
,,,,,1588,5.0,5,,,,,,
,,,,,1597,9.0,9,,,,,,
,,,,,1601,4.0,4,,,,,,
,,,,,1605,4.0,4,,,,,,
,,,,,1608,3.0,3,,,,,,
,,,,,1614,6.0,6,,,,,,
,,,,,1619,5.0,5,,,,,,
,,,,,1623,4.0,4,,,,,,
,,,,,1637,14.0,14,,,,,,
,,,,,1653,16.0,16,,,,,,
,,,,,1658,5.0,5,,,,,,
,,,,,1663,5.0,5,,,,,,
,,,,,1668,5.0,5,,,,,,
,,,,,1673,5.0,5,,,,,,
,,,,,1684,11.0,11,,,,,,
,,,,,1690,6.0,6,,,,,,
,,,,,1698,8.0,8,,,,,,
,,,,,1703,5.0,5,,,,,,
,,,,,1708,5.0,5,,,,,,
,,,,,1717,9.0,9,,,,,,
,,,,,1722,5.0,5,,,,,,
,,,,,1730,8.0,8,,,,,,
,,,,,1743,13.0,13,,,,,,
,,,,,1750,7.0,7,,,,,,
,,,,,1757,7.0,7,,,,,,
,,,,,1762,5.0,5,,,,,,
,,,,,1766,4.0,4,,,,,,
,,,,,1771,5.0,5,,,,,,
,,,,,1774,3.0,3,,,,,,
,,,,,1779,5.0,5,,,,,,
,,,,,1800,21.0,21,,,,,,
,,,,,1803,3.0,3,,,,,,
,,,,,1807,4.0,4,,,,,,
,,,,,1811,4.0,4,,,,,,
,,,,,1818,7.0,7,,,,,,
,,,,,1823,5.0,5,,,,,,
,,,,,1826,3.0,3,,,,,,
,,,,,1834,8.0,8,,,,,,
,,,,,1856,22.0,22,,,,,,
,,,,,1859,3.0,3,,,,,,
,,,,,1863,4.0,4,,,,,,
,,,,,1867,4.0,4,,,,,,
,,,,,1875,8.0,8,,,,,,
,,,,,1890,15.0,15,,,,,,
,,,,,1895,5.0,5,,,,,,
,,,,,1906,11.0,11,,,,,,
,,,,,1911,5.0,5,,,,,,
,,,,,1914,3.0,3,,,,,,
,,,,,1924,10.0,10,,,,,,
,,,,,1932,8.0,8,,,,,,
,,,,,1937,5.0,5,,,,,,
,,,,,1940,3.0,3,,,,,,
,,,,,1948,8.0,8,,,,,,
,,,,,1958,10.0,10,,,,,,
,,,,,1965,7.0,7,,,,,,
,,,,,1969,4.0,4,,,,,,
,,,,,1972,3.0,3,,,,,,
,,,,,1991,19.0,19,,,,,,
,,,,,1994,3.0,3,,,,,,
,,,,,1998,4.0,4,,,,,,
,,,,,2002,4.0,4,,,,,,
,,,,,2007,5.0,5,,,,,,
,,,,,2011,4.0,4,,,,,,
,,,,,2017,6.0,6,,,,,,
,,,,,2025,8.0,8,,,,,,
,,,,,2029,4.0,4,,,,,,
,,,,,2038,9.0,9,,,,,,
,,,,,2051,13.0,13,,,,,,
,,,,,2079,28.0,28,,,,,,
,,,,,2093,14.0,14,,,,,,
,,,,,2100,7.0,7,,,,,,
,,,,,2108,8.0,8,,,,,,
,,,,,2114,6.0,6,,,,,,
,,,,,2120,6.0,6,,,,,,
,,,,,2129,9.0,9,,,,,,
,,,,,2136,7.0,7,,,,,,
,,,,,2152,16.0,16,,,,,,
,,,,,2156,4.0,4,,,,,,
,,,,,2163,7.0,7,,,,,,
,,,,,2172,9.0,9,,,,,,
,,,,,2179,7.0,7,,,,,,
,,,,,2185,6.0,6,,,,,,
,,,,,2199,14.0,14,,,,,,
,,,,,2203,4.0,4,,,,,,
,,,,,2208,5.0,5,,,,,,
,,,,,2214,6.0,6,,,,,,
,,,,,2220,6.0,6,,,,,,
,,,,,2225,5.0,5,,,,,,
,,,,,2236,11.0,11,,,,,,
,,,,,2243,7.0,7,,,,,,
,,,,,2256,13.0,13,,,,,,
,,,,,2259,3.0,3,,,,,,
,,,,,2266,7.0,7,,,,,,
,,,,,2269,3.0,3,,,,,,
,,,,,2279,10.0,10,,,,,,
,,,,,2285,6.0,6,,,,,,
,,,,,2291,6.0,6,,,,,,
,,,,,2298,7.0,7,,,,,,
,,,,,2303,5.0,5,,,,,,
,,,,,2307,4.0,4,,,,,,
,,,,,2312,5.0,5,,,,,,
,,,,,2322,10.0,10,,,,,,
,,,,,2330,8.0,8,,,,,,
,,,,,2341,11.0,11,,,,,,
,,,,,2352,11.0,11,,,,,,
,,,,,2357,5.0,5,,,,,,
,,,,,2361,4.0,4,,,,,,
,,,,,2365,4.0,4,,,,,,
,,,,,2369,4.0,4,,,,,,
,,,,,2373,4.0,4,,,,,,
,,,,,2377,4.0,4,,,,,,
,,,,,2387,10.0,10,,,,,,
,,,,,2394,7.0,7,,,,,,
,,,,,2397,3.0,3,,,,,,
,,,,,2400,3.0,3,,,,,,
,,,,,2408,8.0,8,,,,,,
,,,,,2419,11.0,11,,,,,,
,,,,,2422,3.0,3,,,,,,
,,,,,2431,9.0,9,,,,,,
,,,,,2435,4.0,4,,,,,,
,,,,,2441,6.0,6,,,,,,
,,,,,2444,3.0,3,,,,,,
,,,,,2457,13.0,13,,,,,,
,,,,,2467,10.0,10,,,,,,
,,,,,2470,3.0,3,,,,,,
,,,,,2478,8.0,8,,,,,,
,,,,,2482,4.0,4,,,,,,
,,,,,2487,5.0,5,,,,,,
,,,,,2491,4.0,4,,,,,,
,,,,,2496,5.0,5,,,,,,
,,,,,2500,4.0,4,,,,,,
,,,,,2506,6.0,6,,,,,,
,,,,,2511,5.0,5,,,,,,
,,,,,2521,10.0,10,,,,,,
,,,,,2528,7.0,7,,,,,,
,,,,,2540,12.0,12,,,,,,
,,,,,2547,7.0,7,,,,,,
,,,,,2550,3.0,3,,,,,,
,,,,,2563,13.0,13,,,,,,
,,,,,2575,12.0,12,,,,,,
,,,,,2583,8.0,8,,,,,,
,,,,,2587,4.0,4,,,,,,
,,,,,2592,5.0,5,,,,,,
,,,,,2598,6.0,6,,,,,,
,,,,,2602,4.0,4,,,,,,
,,,,,2612,10.0,10,,,,,,
,,,,,2616,4.0,4,,,,,,
,,,,,2623,7.0,7,,,,,,
,,,,,2629,6.0,6,,,,,,
,,,,,2636,7.0,7,,,,,,
,,,,,2642,6.0,6,,,,,,
,,,,,2660,18.0,18,,,,,,
,,,,,2665,5.0,5,,,,,,
,,,,,2668,3.0,3,,,,,,
,,,,,2676,8.0,8,,,,,,
,,,,,2682,6.0,6,,,,,,
,,,,,2685,3.0,3,,,,,,
,,,,,2689,4.0,4,,,,,,
,,,,,2695,6.0,6,,,,,,
,,,,,2702,7.0,7,,,,,,
,,,,,2707,5.0,5,,,,,,
,,,,,2711,4.0,4,,,,,,
,,,,,2714,3.0,3,,,,,,
,,,,,2718,4.0,4,,,,,,
,,,,,2722,4.0,4,,,,,,
,,,,,2727,5.0,5,,,,,,
,,,,,2732,5.0,5,,,,,,
,,,,,2741,9.0,9,,,,,,
,,,,,2749,8.0,8,,,,,,
,,,,,2765,16.0,16,,,,,,
,,,,,2775,10.0,10,,,,,,
,,,,,2781,6.0,6,,,,,,
,,,,,2785,4.0,4,,,,,,
,,,,,2792,7.0,7,,,,,,
,,,,,2796,4.0,4,,,,,,
,,,,,2802,6.0,6,,,,,,
,,,,,2807,5.0,5,,,,,,
,,,,,2829,22.0,22,,,,,,
,,,,,2834,5.0,5,,,,,,
,,,,,2843,9.0,9,,,,,,
,,,,,2847,4.0,4,,,,,,
,,,,,2850,3.0,3,,,,,,
,,,,,2853,3.0,3,,,,,,
,,,,,2857,4.0,4,,,,,,
,,,,,2866,9.0,9,,,,,,
,,,,,2877,11.0,11,,,,,,
,,,,,2882,5.0,5,,,,,,
,,,,,2887,5.0,5,,,,,,
,,,,,2895,8.0,8,,,,,,
,,,,,2911,16.0,16,,,,,,
,,,,,2921,10.0,10,,,,,,
,,,,,2931,10.0,10,,,,,,
,,,,,2937,6.0,6,,,,,,
,,,,,2943,6.0,6,,,,,,
,,,,,2953,10.0,10,,,,,,
,,,,,2958,5.0,5,,,,,,
,,,,,2965,7.0,7,,,,,,
,,,,,2977,12.0,12,,,,,,
,,,,,2995,18.0,18,,,,,,
,,,,,3001,6.0,6,,,,,,
,,,,,3008,7.0,7,,,,,,
,,,,,3016,8.0,8,,,,,,
,,,,,3020,4.0,4,,,,,,
,,,,,3041,21.0,21,,,,,,
,,,,,3049,8.0,8,,,,,,
,,,,,3057,8.0,8,,,,,,
,,,,,3063,6.0,6,,,,,,
,,,,,3075,12.0,12,,,,,,
,,,,,3080,5.0,5,,,,,,
,,,,,3089,9.0,9,,,,,,
,,,,,3097,8.0,8,,,,,,
,,,,,3103,6.0,6,,,,,,
,,,,,3107,4.0,4,,,,,,
,,,,,3110,3.0,3,,,,,,
,,,,,3123,13.0,13,,,,,,
,,,,,3126,3.0,3,,,,,,
,,,,,3130,4.0,4,,,,,,
,,,,,3133,3.0,3,,,,,,
,,,,,3136,3.0,3,,,,,,
,,,,,3140,4.0,4,,,,,,
,,,,,3144,4.0,4,,,,,,
,,,,,3148,4.0,4,,,,,,
,,,,,3158,10.0,10,,,,,,
,,,,,3167,9.0,9,,,,,,
,,,,,3171,4.0,4,,,,,,
,,,,,3179,8.0,8,,,,,,
,,,,,3184,5.0,5,,,,,,
,,,,,3195,11.0,11,,,,,,
,,,,,3198,3.0,3,,,,,,
,,,,,3202,4.0,4,,,,,,
,,,,,3207,5.0,5,,,,,,
,,,,,3211,4.0,4,,,,,,
,,,,,3214,3.0,3,,,,,,
,,,,,3218,4.0,4,,,,,,
,,,,,3228,10.0,10,,,,,,
,,,,,3240,12.0,12,,,,,,
,,,,,3244,4.0,4,,,,,,
,,,,,3248,4.0,4,,,,,,
,,,,,3254,6.0,6,,,,,,
,,,,,3266,12.0,12,,,,,,
,,,,,3271,5.0,5,,,,,,
,,,,,3280,9.0,9,,,,,,
,,,,,3285,5.0,5,,,,,,
,,,,,3308,23.0,23,,,,,,
,,,,,3313,5.0,5,,,,,,
,,,,,3318,5.0,5,,,,,,
,,,,,3324,6.0,6,,,,,,
,,,,,3331,7.0,7,,,,,,
,,,,,3337,6.0,6,,,,,,
,,,,,3341,4.0,4,,,,,,
,,,,,3345,4.0,4,,,,,,
,,,,,3352,7.0,7,,,,,,
,,,,,3355,3.0,3,,,,,,
,,,,,3365,10.0,10,,,,,,
,,,,,3373,8.0,8,,,,,,
,,,,,3380,7.0,7,,,,,,
,,,,,3384,4.0,4,,,,,,
,,,,,3388,4.0,4,,,,,,
,,,,,3391,3.0,3,,,,,,
,,,,,3403,12.0,12,,,,,,
,,,,,3409,6.0,6,,,,,,
,,,,,3428,19.0,19,,,,,,
,,,,,3432,4.0,4,,,,,,
,,,,,3440,8.0,8,,,,,,
,,,,,3448,8.0,8,,,,,,
,,,,,3461,13.0,13,,,,,,
,,,,,3470,9.0,9,,,,,,
,,,,,3478,8.0,8,,,,,,
,,,,,3482,4.0,4,,,,,,
,,,,,3487,5.0,5,,,,,,
,,,,,3493,6.0,6,,,,,,
,,,,,3504,11.0,11,,,,,,
,,,,,3511,7.0,7,,,,,,
,,,,,3516,5.0,5,,,,,,
,,,,,3531,15.0,15,,,,,,
,,,,,3534,3.0,3,,,,,,
,,,,,3544,10.0,10,,,,,,
,,,,,3548,4.0,4,,,,,,
,,,,,3555,7.0,7,,,,,,
,,,,,3565,10.0,10,,,,,,
,,,,,3569,4.0,4,,,,,,
,,,,,3579,10.0,10,,,,,,
,,,,,3594,15.0,15,,,,,,
,,,,,3599,5.0,5,,,,,,
,,,,,3613,14.0,14,,,,,,
,,,,,3617,4.0,4,,,,,,
,,,,,3621,4.0,4,,,,,,
,,,,,3629,8.0,8,,,,,,
,,,,,3635,6.0,6,,,,,,
,,,,,3639,4.0,4,,,,,,
,,,,,3648,9.0,9,,,,,,
,,,,,3656,8.0,8,,,,,,
,,,,,3661,5.0,5,,,,,,
,,,,,3676,15.0,15,,,,,,
,,,,,3682,6.0,6,,,,,,
,,,,,3691,9.0,9,,,,,,
,,,,,3698,7.0,7,,,,,,
,,,,,3702,4.0,4,,,,,,
,,,,,3707,5.0,5,,,,,,
,,,,,3714,7.0,7,,,,,,
,,,,,3725,11.0,11,,,,,,
,,,,,3729,4.0,4,,,,,,
,,,,,3737,8.0,8,,,,,,
,,,,,3743,6.0,6,,,,,,
,,,,,3767,24.0,24,,,,,,
,,,,,3785,18.0,18,,,,,,
,,,,,3790,5.0,5,,,,,,
,,,,,3806,16.0,16,,,,,,
,,,,,3821,15.0,15,,,,,,
,,,,,3825,4.0,4,,,,,,
,,,,,3831,6.0,6,,,,,,
,,,,,3836,5.0,5,,,,,,
,,,,,3841,5.0,5,,,,,,
,,,,,3844,3.0,3,,,,,,
,,,,,3850,6.0,6,,,,,,
,,,,,3855,5.0,5,,,,,,
,,,,,3858,3.0,3,,,,,,
,,,,,3872,14.0,14,,,,,,
,,,,,3886,14.0,14,,,,,,
,,,,,3890,4.0,4,,,,,,
,,,,,3895,5.0,5,,,,,,
,,,,,3899,4.0,4,,,,,,
,,,,,3913,14.0,14,,,,,,
,,,,,3922,9.0,9,,,,,,
,,,,,3926,4.0,4,,,,,,
,,,,,3930,4.0,4,,,,,,
,,,,,3934,4.0,4,,,,,,
,,,,,3939,5.0,5,,,,,,
,,,,,3946,7.0,7,,,,,,
,,,,,3951,5.0,5,,,,,,
,,,,,3977,26.0,26,,,,,,
,,,,,3985,8.0,8,,,,,,
,,,,,3988,3.0,3,,,,,,
,,,,,3994,6.0,6,,,,,,
,,,,,4005,11.0,11,,,,,,
,,,,,4010,5.0,5,,,,,,
,,,,,4025,15.0,15,,,,,,
,,,,,4039,14.0,14,,,,,,
,,,,,4053,14.0,14,,,,,,
,,,,,4058,5.0,5,,,,,,
,,,,,4067,9.0,9,,,,,,
,,,,,4079,12.0,12,,,,,,
,,,,,4083,4.0,4,,,,,,
,,,,,4094,11.0,11,,,,,,
,,,,,4098,4.0,4,,,,,,
,,,,,4111,13.0,13,,,,,,
,,,,,4114,3.0,3,,,,,,
,,,,,4121,7.0,7,,,,,,
,,,,,4132,11.0,11,,,,,,
,,,,,4136,4.0,4,,,,,,
,,,,,4147,11.0,11,,,,,,
,,,,,4152,5.0,5,,,,,,
,,,,,4161,9.0,9,,,,,,
,,,,,4170,9.0,9,,,,,,
,,,,,4175,5.0,5,,,,,,
,,,,,4181,6.0,6,,,,,,
,,,,,4184,3.0,3,,,,,,
,,,,,4188,4.0,4,,,,,,
,,,,,4203,15.0,15,,,,,,
,,,,,4219,16.0,16,,,,,,
,,,,,4235,16.0,16,,,,,,
,,,,,4242,7.0,7,,,,,,
,,,,,4246,4.0,4,,,,,,
,,,,,4250,4.0,4,,,,,,
,,,,,4258,8.0,8,,,,,,
,,,,,4267,9.0,9,,,,,,
,,,,,4281,14.0,14,,,,,,
,,,,,4287,6.0,6,,,,,,
,,,,,4293,6.0,6,,,,,,
,,,,,4307,14.0,14,,,,,,
,,,,,4315,8.0,8,,,,,,
,,,,,4324,9.0,9,,,,,,
,,,,,4331,7.0,7,,,,,,
,,,,,4337,6.0,6,,,,,,
,,,,,4340,3.0,3,,,,,,
,,,,,4363,23.0,23,,,,,,
,,,,,4366,3.0,3,,,,,,
,,,,,4370,4.0,4,,,,,,
,,,,,4374,4.0,4,,,,,,
,,,,,4378,4.0,4,,,,,,
,,,,,4387,9.0,9,,,,,,
,,,,,4394,7.0,7,,,,,,
,,,,,4398,4.0,4,,,,,,
,,,,,4406,8.0,8,,,,,,
,,,,,4410,4.0,4,,,,,,
,,,,,4415,5.0,5,,,,,,
,,,,,4419,4.0,4,,,,,,
,,,,,4429,10.0,10,,,,,,
,,,,,4436,7.0,7,,,,,,
,,,,,4440,4.0,4,,,,,,
,,,,,4445,5.0,5,,,,,,
,,,,,4450,5.0,5,,,,,,
,,,,,4454,4.0,4,,,,,,
,,,,,4460,6.0,6,,,,,,
,,,,,4466,6.0,6,,,,,,
,,,,,4471,5.0,5,,,,,,
,,,,,4475,4.0,4,,,,,,
,,,,,4480,5.0,5,,,,,,
,,,,,4490,10.0,10,,,,,,
,,,,,4495,5.0,5,,,,,,
,,,,,4500,5.0,5,,,,,,
,,,,,4503,3.0,3,,,,,,
,,,,,4506,3.0,3,,,,,,
,,,,,4510,4.0,4,,,,,,
,,,,,4514,4.0,4,,,,,,
,,,,,4519,5.0,5,,,,,,
,,,,,4527,8.0,8,,,,,,
,,,,,4533,6.0,6,,,,,,
,,,,,4541,8.0,8,,,,,,
,,,,,4544,3.0,3,,,,,,
,,,,,4548,4.0,4,,,,,,
,,,,,4553,5.0,5,,,,,,
,,,,,4563,10.0,10,,,,,,
,,,,,4568,5.0,5,,,,,,
,,,,,4572,4.0,4,,,,,,
,,,,,4585,13.0,13,,,,,,
,,,,,4591,6.0,6,,,,,,
,,,,,4599,8.0,8,,,,,,
,,,,,4603,4.0,4,,,,,,
,,,,,4608,5.0,5,,,,,,
,,,,,4613,5.0,5,,,,,,
,,,,,4618,5.0,5,,,,,,
,,,,,4622,4.0,4,,,,,,
,,,,,4628,6.0,6,,,,,,
,,,,,4633,5.0,5,,,,,,
,,,,,4640,7.0,7,,,,,,
,,,,,4646,6.0,6,,,,,,
,,,,,4651,5.0,5,,,,,,
,,,,,4656,5.0,5,,,,,,
,,,,,4665,9.0,9,,,,,,
,,,,,4670,5.0,5,,,,,,
,,,,,4679,9.0,9,,,,,,
,,,,,4684,5.0,5,,,,,,
,,,,,4688,4.0,4,,,,,,
,,,,,4693,5.0,5,,,,,,
,,,,,4696,3.0,3,,,,,,
,,,,,4700,4.0,4,,,,,,
,,,,,4704,4.0,4,,,,,,
,,,,,4713,9.0,9,,,,,,
,,,,,4718,5.0,5,,,,,,
,,,,,4729,11.0,11,,,,,,
,,,,,4733,4.0,4,,,,,,
,,,,,4738,5.0,5,,,,,,
,,,,,4748,10.0,10,,,,,,
,,,,,4754,6.0,6,,,,,,
,,,,,4768,14.0,14,,,,,,
,,,,,4776,8.0,8,,,,,,
,,,,,4784,8.0,8,,,,,,
,,,,,4792,8.0,8,,,,,,
,,,,,4798,6.0,6,,,,,,
,,,,,4805,7.0,7,,,,,,
,,,,,4815,10.0,10,,,,,,
,,,,,4840,25.0,25,,,,,,
,,,,,4844,4.0,4,,,,,,
,,,,,4852,8.0,8,,,,,,
,,,,,4856,4.0,4,,,,,,
,,,,,4860,4.0,4,,,,,,
,,,,,4873,13.0,13,,,,,,
,,,,,4885,12.0,12,,,,,,
,,,,,4892,7.0,7,,,,,,
,,,,,4899,7.0,7,,,,,,
,,,,,4904,5.0,5,,,,,,
,,,,,4913,9.0,9,,,,,,
,,,,,4917,4.0,4,,,,,,
,,,,,4924,7.0,7,,,,,,
,,,,,4930,6.0,6,,,,,,
,,,,,4933,3.0,3,,,,,,
,,,,,4937,4.0,4,,,,,,
,,,,,4942,5.0,5,,,,,,
,,,,,4945,3.0,3,,,,,,
,,,,,4952,7.0,7,,,,,,
,,,,,4957,5.0,5,,,,,,
,,,,,4960,3.0,3,,,,,,
,,,,,4971,11.0,11,,,,,,
,,,,,4985,14.0,14,,,,,,
,,,,,4994,9.0,9,,,,,,
,,,,,4998,4.0,4,,,,,,
6.0,2.236068,10.0,3.0,6.0,5000,,,0.9800450205802917,0.0588647723197937,1.0479736328125,0.0003,0.0003,0.1
,,,,,5002,4.0,4,,,,,,
,,,,,5013,11.0,11,,,,,,
,,,,,5021,8.0,8,,,,,,
,,,,,5026,5.0,5,,,,,,
,,,,,5031,5.0,5,,,,,,
,,,,,5036,5.0,5,,,,,,
,,,,,5043,7.0,7,,,,,,
,,,,,5053,10.0,10,,,,,,
,,,,,5058,5.0,5,,,,,,
,,,,,5062,4.0,4,,,,,,
,,,,,5065,3.0,3,,,,,,
,,,,,5069,4.0,4,,,,,,
,,,,,5073,4.0,4,,,,,,
,,,,,5081,8.0,8,,,,,,
,,,,,5085,4.0,4,,,,,,
,,,,,5089,4.0,4,,,,,,
,,,,,5093,4.0,4,,,,,,
,,,,,5097,4.0,4,,,,,,
,,,,,5104,7.0,7,,,,,,
,,,,,5109,5.0,5,,,,,,
,,,,,5114,5.0,5,,,,,,
,,,,,5122,8.0,8,,,,,,
,,,,,5149,27.0,27,,,,,,
,,,,,5153,4.0,4,,,,,,
,,,,,5157,4.0,4,,,,,,
,,,,,5161,4.0,4,,,,,,
,,,,,5165,4.0,4,,,,,,
,,,,,5169,4.0,4,,,,,,
,,,,,5172,3.0,3,,,,,,
,,,,,5176,4.0,4,,,,,,
,,,,,5184,8.0,8,,,,,,
,,,,,5191,7.0,7,,,,,,
,,,,,5194,3.0,3,,,,,,
,,,,,5201,7.0,7,,,,,,
,,,,,5204,3.0,3,,,,,,
,,,,,5208,4.0,4,,,,,,
,,,,,5215,7.0,7,,,,,,
,,,,,5221,6.0,6,,,,,,
,,,,,5228,7.0,7,,,,,,
,,,,,5231,3.0,3,,,,,,
,,,,,5234,3.0,3,,,,,,
,,,,,5240,6.0,6,,,,,,
,,,,,5254,14.0,14,,,,,,
,,,,,5257,3.0,3,,,,,,
,,,,,5269,12.0,12,,,,,,
,,,,,5274,5.0,5,,,,,,
,,,,,5284,10.0,10,,,,,,
,,,,,5288,4.0,4,,,,,,
,,,,,5293,5.0,5,,,,,,
,,,,,5309,16.0,16,,,,,,
,,,,,5314,5.0,5,,,,,,
,,,,,5318,4.0,4,,,,,,
,,,,,5321,3.0,3,,,,,,
,,,,,5327,6.0,6,,,,,,
,,,,,5334,7.0,7,,,,,,
,,,,,5337,3.0,3,,,,,,
,,,,,5342,5.0,5,,,,,,
,,,,,5350,8.0,8,,,,,,
,,,,,5355,5.0,5,,,,,,
,,,,,5363,8.0,8,,,,,,
,,,,,5377,14.0,14,,,,,,
,,,,,5381,4.0,4,,,,,,
,,,,,5385,4.0,4,,,,,,
,,,,,5395,10.0,10,,,,,,
,,,,,5403,8.0,8,,,,,,
,,,,,5407,4.0,4,,,,,,
,,,,,5410,3.0,3,,,,,,
,,,,,5423,13.0,13,,,,,,
,,,,,5432,9.0,9,,,,,,
,,,,,5436,4.0,4,,,,,,
,,,,,5445,9.0,9,,,,,,
,,,,,5453,8.0,8,,,,,,
,,,,,5459,6.0,6,,,,,,
,,,,,5462,3.0,3,,,,,,
,,,,,5469,7.0,7,,,,,,
,,,,,5474,5.0,5,,,,,,
,,,,,5481,7.0,7,,,,,,
,,,,,5484,3.0,3,,,,,,
,,,,,5487,3.0,3,,,,,,
,,,,,5494,7.0,7,,,,,,
,,,,,5503,9.0,9,,,,,,
,,,,,5516,13.0,13,,,,,,
,,,,,5522,6.0,6,,,,,,
,,,,,5526,4.0,4,,,,,,
,,,,,5529,3.0,3,,,,,,
,,,,,5534,5.0,5,,,,,,
,,,,,5543,9.0,9,,,,,,
,,,,,5553,10.0,10,,,,,,
,,,,,5558,5.0,5,,,,,,
,,,,,5564,6.0,6,,,,,,
,,,,,5570,6.0,6,,,,,,
,,,,,5575,5.0,5,,,,,,
,,,,,5583,8.0,8,,,,,,
,,,,,5587,4.0,4,,,,,,
,,,,,5599,12.0,12,,,,,,
,,,,,5603,4.0,4,,,,,,
,,,,,5609,6.0,6,,,,,,
,,,,,5619,10.0,10,,,,,,
,,,,,5627,8.0,8,,,,,,
,,,,,5633,6.0,6,,,,,,
,,,,,5636,3.0,3,,,,,,
,,,,,5640,4.0,4,,,,,,
,,,,,5647,7.0,7,,,,,,
,,,,,5655,8.0,8,,,,,,
,,,,,5662,7.0,7,,,,,,
,,,,,5667,5.0,5,,,,,,
,,,,,5671,4.0,4,,,,,,
,,,,,5684,13.0,13,,,,,,
,,,,,5703,19.0,19,,,,,,
,,,,,5707,4.0,4,,,,,,
,,,,,5712,5.0,5,,,,,,
,,,,,5719,7.0,7,,,,,,
,,,,,5726,7.0,7,,,,,,
,,,,,5736,10.0,10,,,,,,
,,,,,5742,6.0,6,,,,,,
,,,,,5748,6.0,6,,,,,,
,,,,,5751,3.0,3,,,,,,
,,,,,5754,3.0,3,,,,,,
,,,,,5758,4.0,4,,,,,,
,,,,,5765,7.0,7,,,,,,
,,,,,5771,6.0,6,,,,,,
,,,,,5774,3.0,3,,,,,,
,,,,,5778,4.0,4,,,,,,
,,,,,5791,13.0,13,,,,,,
,,,,,5800,9.0,9,,,,,,
,,,,,5808,8.0,8,,,,,,
,,,,,5815,7.0,7,,,,,,
,,,,,5820,5.0,5,,,,,,
,,,,,5829,9.0,9,,,,,,
,,,,,5833,4.0,4,,,,,,
,,,,,5838,5.0,5,,,,,,
,,,,,5851,13.0,13,,,,,,
,,,,,5854,3.0,3,,,,,,
,,,,,5864,10.0,10,,,,,,
,,,,,5867,3.0,3,,,,,,
,,,,,5879,12.0,12,,,,,,
,,,,,5893,14.0,14,,,,,,
,,,,,5897,4.0,4,,,,,,
,,,,,5900,3.0,3,,,,,,
,,,,,5904,4.0,4,,,,,,
,,,,,5918,14.0,14,,,,,,
,,,,,5938,20.0,20,,,,,,
,,,,,5946,8.0,8,,,,,,
,,,,,5950,4.0,4,,,,,,
,,,,,5959,9.0,9,,,,,,
,,,,,5971,12.0,12,,,,,,
,,,,,5975,4.0,4,,,,,,
,,,,,5986,11.0,11,,,,,,
,,,,,6000,,,0.4747013747692108,3.66934871673584,3.729221820831299,0.0003,0.0003,0.1
,,,,,6002,16.0,16,,,,,,
,,,,,6006,4.0,4,,,,,,
,,,,,6013,7.0,7,,,,,,
,,,,,6023,10.0,10,,,,,,
,,,,,6029,6.0,6,,,,,,
,,,,,6032,3.0,3,,,,,,
,,,,,6039,7.0,7,,,,,,
,,,,,6042,3.0,3,,,,,,
,,,,,6058,16.0,16,,,,,,
,,,,,6064,6.0,6,,,,,,
,,,,,6067,3.0,3,,,,,,
,,,,,6070,3.0,3,,,,,,
,,,,,6075,5.0,5,,,,,,
,,,,,6081,6.0,6,,,,,,
,,,,,6085,4.0,4,,,,,,
,,,,,6091,6.0,6,,,,,,
,,,,,6107,16.0,16,,,,,,
,,,,,6111,4.0,4,,,,,,
,,,,,6116,5.0,5,,,,,,
,,,,,6127,11.0,11,,,,,,
,,,,,6132,5.0,5,,,,,,
,,,,,6136,4.0,4,,,,,,
,,,,,6148,12.0,12,,,,,,
,,,,,6152,4.0,4,,,,,,
,,,,,6158,6.0,6,,,,,,
,,,,,6163,5.0,5,,,,,,
,,,,,6167,4.0,4,,,,,,
,,,,,6182,15.0,15,,,,,,
,,,,,6186,4.0,4,,,,,,
,,,,,6191,5.0,5,,,,,,
,,,,,6202,11.0,11,,,,,,
,,,,,6211,9.0,9,,,,,,
,,,,,6215,4.0,4,,,,,,
,,,,,6224,9.0,9,,,,,,
,,,,,6230,6.0,6,,,,,,
,,,,,6236,6.0,6,,,,,,
,,,,,6243,7.0,7,,,,,,
,,,,,6257,14.0,14,,,,,,
,,,,,6262,5.0,5,,,,,,
,,,,,6266,4.0,4,,,,,,
,,,,,6269,3.0,3,,,,,,
,,,,,6278,9.0,9,,,,,,
,,,,,6283,5.0,5,,,,,,
,,,,,6289,6.0,6,,,,,,
,,,,,6297,8.0,8,,,,,,
,,,,,6300,3.0,3,,,,,,
,,,,,6305,5.0,5,,,,,,
,,,,,6319,14.0,14,,,,,,
,,,,,6334,15.0,15,,,,,,
,,,,,6337,3.0,3,,,,,,
,,,,,6344,7.0,7,,,,,,
,,,,,6348,4.0,4,,,,,,
,,,,,6355,7.0,7,,,,,,
,,,,,6364,9.0,9,,,,,,
,,,,,6368,4.0,4,,,,,,
,,,,,6374,6.0,6,,,,,,
,,,,,6387,13.0,13,,,,,,
,,,,,6396,9.0,9,,,,,,
,,,,,6405,9.0,9,,,,,,
,,,,,6412,7.0,7,,,,,,
,,,,,6423,11.0,11,,,,,,
,,,,,6431,8.0,8,,,,,,
,,,,,6436,5.0,5,,,,,,
,,,,,6440,4.0,4,,,,,,
,,,,,6445,5.0,5,,,,,,
,,,,,6450,5.0,5,,,,,,
,,,,,6454,4.0,4,,,,,,
,,,,,6463,9.0,9,,,,,,
,,,,,6468,5.0,5,,,,,,
,,,,,6475,7.0,7,,,,,,
,,,,,6482,7.0,7,,,,,,
,,,,,6488,6.0,6,,,,,,
,,,,,6492,4.0,4,,,,,,
,,,,,6500,8.0,8,,,,,,
,,,,,6515,15.0,15,,,,,,
,,,,,6518,3.0,3,,,,,,
,,,,,6523,5.0,5,,,,,,
,,,,,6538,15.0,15,,,,,,
,,,,,6545,7.0,7,,,,,,
,,,,,6553,8.0,8,,,,,,
,,,,,6556,3.0,3,,,,,,
,,,,,6563,7.0,7,,,,,,
,,,,,6567,4.0,4,,,,,,
,,,,,6571,4.0,4,,,,,,
,,,,,6575,4.0,4,,,,,,
,,,,,6590,15.0,15,,,,,,
,,,,,6599,9.0,9,,,,,,
,,,,,6604,5.0,5,,,,,,
,,,,,6608,4.0,4,,,,,,
,,,,,6618,10.0,10,,,,,,
,,,,,6621,3.0,3,,,,,,
,,,,,6627,6.0,6,,,,,,
,,,,,6644,17.0,17,,,,,,
,,,,,6648,4.0,4,,,,,,
,,,,,6660,12.0,12,,,,,,
,,,,,6665,5.0,5,,,,,,
,,,,,6674,9.0,9,,,,,,
,,,,,6679,5.0,5,,,,,,
,,,,,6687,8.0,8,,,,,,
,,,,,6691,4.0,4,,,,,,
,,,,,6700,9.0,9,,,,,,
,,,,,6704,4.0,4,,,,,,
,,,,,6711,7.0,7,,,,,,
,,,,,6714,3.0,3,,,,,,
,,,,,6723,9.0,9,,,,,,
,,,,,6729,6.0,6,,,,,,
,,,,,6733,4.0,4,,,,,,
,,,,,6736,3.0,3,,,,,,
,,,,,6745,9.0,9,,,,,,
,,,,,6750,5.0,5,,,,,,
,,,,,6755,5.0,5,,,,,,
,,,,,6769,14.0,14,,,,,,
,,,,,6772,3.0,3,,,,,,
,,,,,6776,4.0,4,,,,,,
,,,,,6785,9.0,9,,,,,,
,,,,,6789,4.0,4,,,,,,
,,,,,6796,7.0,7,,,,,,
,,,,,6805,9.0,9,,,,,,
,,,,,6808,3.0,3,,,,,,
,,,,,6811,3.0,3,,,,,,
,,,,,6818,7.0,7,,,,,,
,,,,,6823,5.0,5,,,,,,
,,,,,6827,4.0,4,,,,,,
,,,,,6837,10.0,10,,,,,,
,,,,,6847,10.0,10,,,,,,
,,,,,6857,10.0,10,,,,,,
,,,,,6860,3.0,3,,,,,,
,,,,,6864,4.0,4,,,,,,
,,,,,6869,5.0,5,,,,,,
,,,,,6876,7.0,7,,,,,,
,,,,,6880,4.0,4,,,,,,
,,,,,6885,5.0,5,,,,,,
,,,,,6891,6.0,6,,,,,,
,,,,,6896,5.0,5,,,,,,
,,,,,6899,3.0,3,,,,,,
,,,,,6904,5.0,5,,,,,,
,,,,,6910,6.0,6,,,,,,
,,,,,6914,4.0,4,,,,,,
,,,,,6919,5.0,5,,,,,,
,,,,,6922,3.0,3,,,,,,
,,,,,6925,3.0,3,,,,,,
,,,,,6932,7.0,7,,,,,,
,,,,,6937,5.0,5,,,,,,
,,,,,6940,3.0,3,,,,,,
,,,,,6948,8.0,8,,,,,,
,,,,,6960,12.0,12,,,,,,
,,,,,6965,5.0,5,,,,,,
,,,,,6969,4.0,4,,,,,,
,,,,,6974,5.0,5,,,,,,
,,,,,6978,4.0,4,,,,,,
,,,,,6990,12.0,12,,,,,,
,,,,,6997,7.0,7,,,,,,
,,,,,7000,3.0,3,,,,,,
,,,,,7000,,,1.2667948007583618,5.046026229858398,5.078795909881592,0.0003,0.0003,0.1
,,,,,7008,8.0,8,,,,,,
,,,,,7023,15.0,15,,,,,,
,,,,,7027,4.0,4,,,,,,
,,,,,7030,3.0,3,,,,,,
,,,,,7033,3.0,3,,,,,,
,,,,,7039,6.0,6,,,,,,
,,,,,7043,4.0,4,,,,,,
,,,,,7046,3.0,3,,,,,,
,,,,,7049,3.0,3,,,,,,
,,,,,7059,10.0,10,,,,,,
,,,,,7065,6.0,6,,,,,,
,,,,,7068,3.0,3,,,,,,
,,,,,7074,6.0,6,,,,,,
,,,,,7083,9.0,9,,,,,,
,,,,,7087,4.0,4,,,,,,
,,,,,7101,14.0,14,,,,,,
,,,,,7112,11.0,11,,,,,,
,,,,,7115,3.0,3,,,,,,
,,,,,7122,7.0,7,,,,,,
,,,,,7125,3.0,3,,,,,,
,,,,,7128,3.0,3,,,,,,
,,,,,7138,10.0,10,,,,,,
,,,,,7141,3.0,3,,,,,,
,,,,,7151,10.0,10,,,,,,
,,,,,7155,4.0,4,,,,,,
,,,,,7159,4.0,4,,,,,,
,,,,,7162,3.0,3,,,,,,
,,,,,7166,4.0,4,,,,,,
,,,,,7173,7.0,7,,,,,,
,,,,,7177,4.0,4,,,,,,
,,,,,7189,12.0,12,,,,,,
,,,,,7192,3.0,3,,,,,,
,,,,,7200,8.0,8,,,,,,
,,,,,7207,7.0,7,,,,,,
,,,,,7211,4.0,4,,,,,,
,,,,,7216,5.0,5,,,,,,
,,,,,7222,6.0,6,,,,,,
,,,,,7227,5.0,5,,,,,,
,,,,,7237,10.0,10,,,,,,
,,,,,7241,4.0,4,,,,,,
,,,,,7245,4.0,4,,,,,,
,,,,,7251,6.0,6,,,,,,
,,,,,7260,9.0,9,,,,,,
,,,,,7263,3.0,3,,,,,,
,,,,,7269,6.0,6,,,,,,
,,,,,7274,5.0,5,,,,,,
,,,,,7289,15.0,15,,,,,,
,,,,,7295,6.0,6,,,,,,
,,,,,7301,6.0,6,,,,,,
,,,,,7304,3.0,3,,,,,,
,,,,,7307,3.0,3,,,,,,
,,,,,7312,5.0,5,,,,,,
,,,,,7321,9.0,9,,,,,,
,,,,,7326,5.0,5,,,,,,
,,,,,7332,6.0,6,,,,,,
,,,,,7341,9.0,9,,,,,,
,,,,,7346,5.0,5,,,,,,
,,,,,7351,5.0,5,,,,,,
,,,,,7357,6.0,6,,,,,,
,,,,,7360,3.0,3,,,,,,
,,,,,7364,4.0,4,,,,,,
,,,,,7376,12.0,12,,,,,,
,,,,,7380,4.0,4,,,,,,
,,,,,7385,5.0,5,,,,,,
,,,,,7401,16.0,16,,,,,,
,,,,,7411,10.0,10,,,,,,
,,,,,7419,8.0,8,,,,,,
,,,,,7423,4.0,4,,,,,,
,,,,,7427,4.0,4,,,,,,
,,,,,7436,9.0,9,,,,,,
,,,,,7439,3.0,3,,,,,,
,,,,,7444,5.0,5,,,,,,
,,,,,7450,6.0,6,,,,,,
,,,,,7453,3.0,3,,,,,,
,,,,,7461,8.0,8,,,,,,
,,,,,7465,4.0,4,,,,,,
,,,,,7474,9.0,9,,,,,,
,,,,,7480,6.0,6,,,,,,
,,,,,7490,10.0,10,,,,,,
,,,,,7495,5.0,5,,,,,,
,,,,,7499,4.0,4,,,,,,
,,,,,7506,7.0,7,,,,,,
,,,,,7511,5.0,5,,,,,,
,,,,,7520,9.0,9,,,,,,
,,,,,7525,5.0,5,,,,,,
,,,,,7529,4.0,4,,,,,,
,,,,,7533,4.0,4,,,,,,
,,,,,7541,8.0,8,,,,,,
,,,,,7547,6.0,6,,,,,,
,,,,,7553,6.0,6,,,,,,
,,,,,7556,3.0,3,,,,,,
,,,,,7562,6.0,6,,,,,,
,,,,,7576,14.0,14,,,,,,
,,,,,7583,7.0,7,,,,,,
,,,,,7597,14.0,14,,,,,,
,,,,,7602,5.0,5,,,,,,
,,,,,7617,15.0,15,,,,,,
,,,,,7622,5.0,5,,,,,,
,,,,,7630,8.0,8,,,,,,
,,,,,7637,7.0,7,,,,,,
,,,,,7642,5.0,5,,,,,,
,,,,,7647,5.0,5,,,,,,
,,,,,7653,6.0,6,,,,,,
,,,,,7658,5.0,5,,,,,,
,,,,,7661,3.0,3,,,,,,
,,,,,7667,6.0,6,,,,,,
,,,,,7674,7.0,7,,,,,,
,,,,,7678,4.0,4,,,,,,
,,,,,7681,3.0,3,,,,,,
,,,,,7685,4.0,4,,,,,,
,,,,,7688,3.0,3,,,,,,
,,,,,7697,9.0,9,,,,,,
,,,,,7702,5.0,5,,,,,,
,,,,,7707,5.0,5,,,,,,
,,,,,7723,16.0,16,,,,,,
,,,,,7726,3.0,3,,,,,,
,,,,,7731,5.0,5,,,,,,
,,,,,7734,3.0,3,,,,,,
,,,,,7738,4.0,4,,,,,,
,,,,,7741,3.0,3,,,,,,
,,,,,7745,4.0,4,,,,,,
,,,,,7751,6.0,6,,,,,,
,,,,,7754,3.0,3,,,,,,
,,,,,7759,5.0,5,,,,,,
,,,,,7762,3.0,3,,,,,,
,,,,,7766,4.0,4,,,,,,
,,,,,7773,7.0,7,,,,,,
,,,,,7782,9.0,9,,,,,,
,,,,,7804,22.0,22,,,,,,
,,,,,7820,16.0,16,,,,,,
,,,,,7823,3.0,3,,,,,,
,,,,,7827,4.0,4,,,,,,
,,,,,7835,8.0,8,,,,,,
,,,,,7845,10.0,10,,,,,,
,,,,,7857,12.0,12,,,,,,
,,,,,7861,4.0,4,,,,,,
,,,,,7866,5.0,5,,,,,,
,,,,,7875,9.0,9,,,,,,
,,,,,7879,4.0,4,,,,,,
,,,,,7889,10.0,10,,,,,,
,,,,,7903,14.0,14,,,,,,
,,,,,7908,5.0,5,,,,,,
,,,,,7918,10.0,10,,,,,,
,,,,,7943,25.0,25,,,,,,
,,,,,7947,4.0,4,,,,,,
,,,,,7952,5.0,5,,,,,,
,,,,,7957,5.0,5,,,,,,
,,,,,7960,3.0,3,,,,,,
,,,,,7968,8.0,8,,,,,,
,,,,,7975,7.0,7,,,,,,
,,,,,7982,7.0,7,,,,,,
,,,,,7992,10.0,10,,,,,,
,,,,,8000,8.0,8,,,,,,
,,,,,8000,,,1.7195987701416016,4.522371292114258,4.432065010070801,0.0003,0.0003,0.1
,,,,,8006,6.0,6,,,,,,
,,,,,8013,7.0,7,,,,,,
,,,,,8016,3.0,3,,,,,,
,,,,,8027,11.0,11,,,,,,
,,,,,8036,9.0,9,,,,,,
,,,,,8040,4.0,4,,,,,,
,,,,,8044,4.0,4,,,,,,
,,,,,8053,9.0,9,,,,,,
,,,,,8067,14.0,14,,,,,,
,,,,,8076,9.0,9,,,,,,
,,,,,8082,6.0,6,,,,,,
,,,,,8088,6.0,6,,,,,,
,,,,,8093,5.0,5,,,,,,
,,,,,8097,4.0,4,,,,,,
,,,,,8100,3.0,3,,,,,,
,,,,,8106,6.0,6,,,,,,
,,,,,8119,13.0,13,,,,,,
,,,,,8127,8.0,8,,,,,,
,,,,,8135,8.0,8,,,,,,
,,,,,8139,4.0,4,,,,,,
,,,,,8144,5.0,5,,,,,,
,,,,,8151,7.0,7,,,,,,
,,,,,8160,9.0,9,,,,,,
,,,,,8164,4.0,4,,,,,,
,,,,,8172,8.0,8,,,,,,
,,,,,8176,4.0,4,,,,,,
,,,,,8191,15.0,15,,,,,,
,,,,,8194,3.0,3,,,,,,
,,,,,8200,6.0,6,,,,,,
,,,,,8204,4.0,4,,,,,,
,,,,,8209,5.0,5,,,,,,
,,,,,8226,17.0,17,,,,,,
,,,,,8229,3.0,3,,,,,,
,,,,,8236,7.0,7,,,,,,
,,,,,8240,4.0,4,,,,,,
,,,,,8246,6.0,6,,,,,,
,,,,,8251,5.0,5,,,,,,
,,,,,8255,4.0,4,,,,,,
,,,,,8268,13.0,13,,,,,,
,,,,,8275,7.0,7,,,,,,
,,,,,8290,15.0,15,,,,,,
,,,,,8294,4.0,4,,,,,,
,,,,,8302,8.0,8,,,,,,
,,,,,8310,8.0,8,,,,,,
,,,,,8314,4.0,4,,,,,,
,,,,,8319,5.0,5,,,,,,
,,,,,8330,11.0,11,,,,,,
,,,,,8334,4.0,4,,,,,,
,,,,,8338,4.0,4,,,,,,
,,,,,8341,3.0,3,,,,,,
,,,,,8345,4.0,4,,,,,,
,,,,,8362,17.0,17,,,,,,
,,,,,8370,8.0,8,,,,,,
,,,,,8375,5.0,5,,,,,,
,,,,,8388,13.0,13,,,,,,
,,,,,8403,15.0,15,,,,,,
,,,,,8408,5.0,5,,,,,,
,,,,,8414,6.0,6,,,,,,
,,,,,8417,3.0,3,,,,,,
,,,,,8423,6.0,6,,,,,,
,,,,,8428,5.0,5,,,,,,
,,,,,8431,3.0,3,,,,,,
,,,,,8436,5.0,5,,,,,,
,,,,,8444,8.0,8,,,,,,
,,,,,8448,4.0,4,,,,,,
,,,,,8459,11.0,11,,,,,,
,,,,,8463,4.0,4,,,,,,
,,,,,8467,4.0,4,,,,,,
,,,,,8473,6.0,6,,,,,,
,,,,,8484,11.0,11,,,,,,
,,,,,8488,4.0,4,,,,,,
,,,,,8496,8.0,8,,,,,,
,,,,,8500,4.0,4,,,,,,
,,,,,8504,4.0,4,,,,,,
,,,,,8511,7.0,7,,,,,,
,,,,,8516,5.0,5,,,,,,
,,,,,8520,4.0,4,,,,,,
,,,,,8527,7.0,7,,,,,,
,,,,,8531,4.0,4,,,,,,
,,,,,8535,4.0,4,,,,,,
,,,,,8555,20.0,20,,,,,,
,,,,,8560,5.0,5,,,,,,
,,,,,8564,4.0,4,,,,,,
,,,,,8572,8.0,8,,,,,,
,,,,,8584,12.0,12,,,,,,
,,,,,8589,5.0,5,,,,,,
,,,,,8597,8.0,8,,,,,,
,,,,,8602,5.0,5,,,,,,
,,,,,8607,5.0,5,,,,,,
,,,,,8611,4.0,4,,,,,,
,,,,,8615,4.0,4,,,,,,
,,,,,8620,5.0,5,,,,,,
,,,,,8641,21.0,21,,,,,,
,,,,,8646,5.0,5,,,,,,
,,,,,8654,8.0,8,,,,,,
,,,,,8663,9.0,9,,,,,,
,,,,,8671,8.0,8,,,,,,
,,,,,8675,4.0,4,,,,,,
,,,,,8682,7.0,7,,,,,,
,,,,,8685,3.0,3,,,,,,
,,,,,8703,18.0,18,,,,,,
,,,,,8706,3.0,3,,,,,,
,,,,,8709,3.0,3,,,,,,
,,,,,8713,4.0,4,,,,,,
,,,,,8717,4.0,4,,,,,,
,,,,,8727,10.0,10,,,,,,
,,,,,8731,4.0,4,,,,,,
,,,,,8734,3.0,3,,,,,,
,,,,,8754,20.0,20,,,,,,
,,,,,8767,13.0,13,,,,,,
,,,,,8774,7.0,7,,,,,,
,,,,,8778,4.0,4,,,,,,
,,,,,8781,3.0,3,,,,,,
,,,,,8785,4.0,4,,,,,,
,,,,,8793,8.0,8,,,,,,
,,,,,8797,4.0,4,,,,,,
,,,,,8805,8.0,8,,,,,,
,,,,,8809,4.0,4,,,,,,
,,,,,8836,27.0,27,,,,,,
,,,,,8844,8.0,8,,,,,,
,,,,,8849,5.0,5,,,,,,
,,,,,8852,3.0,3,,,,,,
,,,,,8856,4.0,4,,,,,,
,,,,,8863,7.0,7,,,,,,
,,,,,8866,3.0,3,,,,,,
,,,,,8872,6.0,6,,,,,,
,,,,,8876,4.0,4,,,,,,
,,,,,8884,8.0,8,,,,,,
,,,,,8894,10.0,10,,,,,,
,,,,,8899,5.0,5,,,,,,
,,,,,8913,14.0,14,,,,,,
,,,,,8918,5.0,5,,,,,,
,,,,,8924,6.0,6,,,,,,
,,,,,8943,19.0,19,,,,,,
,,,,,8946,3.0,3,,,,,,
,,,,,8952,6.0,6,,,,,,
,,,,,8958,6.0,6,,,,,,
,,,,,8962,4.0,4,,,,,,
,,,,,8967,5.0,5,,,,,,
,,,,,8974,7.0,7,,,,,,
,,,,,8979,5.0,5,,,,,,
,,,,,8982,3.0,3,,,,,,
,,,,,8992,10.0,10,,,,,,
,,,,,9000,,,2.1833553314208984,5.076335906982422,4.964669227600098,0.0003,0.0003,0.1
,,,,,9007,15.0,15,,,,,,
,,,,,9010,3.0,3,,,,,,
,,,,,9014,4.0,4,,,,,,
,,,,,9030,16.0,16,,,,,,
,,,,,9033,3.0,3,,,,,,
,,,,,9038,5.0,5,,,,,,
,,,,,9048,10.0,10,,,,,,
,,,,,9056,8.0,8,,,,,,
,,,,,9063,7.0,7,,,,,,
,,,,,9067,4.0,4,,,,,,
,,,,,9071,4.0,4,,,,,,
,,,,,9074,3.0,3,,,,,,
,,,,,9079,5.0,5,,,,,,
,,,,,9085,6.0,6,,,,,,
,,,,,9096,11.0,11,,,,,,
,,,,,9104,8.0,8,,,,,,
,,,,,9110,6.0,6,,,,,,
,,,,,9113,3.0,3,,,,,,
,,,,,9117,4.0,4,,,,,,
,,,,,9131,14.0,14,,,,,,
,,,,,9138,7.0,7,,,,,,
,,,,,9143,5.0,5,,,,,,
,,,,,9149,6.0,6,,,,,,
,,,,,9153,4.0,4,,,,,,
,,,,,9165,12.0,12,,,,,,
,,,,,9173,8.0,8,,,,,,
,,,,,9182,9.0,9,,,,,,
,,,,,9193,11.0,11,,,,,,
,,,,,9200,7.0,7,,,,,,
,,,,,9203,3.0,3,,,,,,
,,,,,9208,5.0,5,,,,,,
,,,,,9212,4.0,4,,,,,,
,,,,,9215,3.0,3,,,,,,
,,,,,9232,17.0,17,,,,,,
,,,,,9240,8.0,8,,,,,,
,,,,,9259,19.0,19,,,,,,
,,,,,9265,6.0,6,,,,,,
,,,,,9268,3.0,3,,,,,,
,,,,,9271,3.0,3,,,,,,
,,,,,9284,13.0,13,,,,,,
,,,,,9291,7.0,7,,,,,,
,,,,,9295,4.0,4,,,,,,
,,,,,9301,6.0,6,,,,,,
,,,,,9305,4.0,4,,,,,,
,,,,,9314,9.0,9,,,,,,
,,,,,9318,4.0,4,,,,,,
,,,,,9325,7.0,7,,,,,,
,,,,,9328,3.0,3,,,,,,
,,,,,9337,9.0,9,,,,,,
,,,,,9353,16.0,16,,,,,,
,,,,,9358,5.0,5,,,,,,
,,,,,9362,4.0,4,,,,,,
,,,,,9368,6.0,6,,,,,,
,,,,,9374,6.0,6,,,,,,
,,,,,9388,14.0,14,,,,,,
,,,,,9397,9.0,9,,,,,,
,,,,,9424,27.0,27,,,,,,
,,,,,9427,3.0,3,,,,,,
,,,,,9433,6.0,6,,,,,,
,,,,,9438,5.0,5,,,,,,
,,,,,9444,6.0,6,,,,,,
,,,,,9448,4.0,4,,,,,,
,,,,,9452,4.0,4,,,,,,
,,,,,9464,12.0,12,,,,,,
,,,,,9467,3.0,3,,,,,,
,,,,,9471,4.0,4,,,,,,
,,,,,9477,6.0,6,,,,,,
,,,,,9480,3.0,3,,,,,,
,,,,,9483,3.0,3,,,,,,
,,,,,9489,6.0,6,,,,,,
,,,,,9494,5.0,5,,,,,,
,,,,,9508,14.0,14,,,,,,
,,,,,9519,11.0,11,,,,,,
,,,,,9522,3.0,3,,,,,,
,,,,,9527,5.0,5,,,,,,
,,,,,9530,3.0,3,,,,,,
,,,,,9542,12.0,12,,,,,,
,,,,,9545,3.0,3,,,,,,
,,,,,9552,7.0,7,,,,,,
,,,,,9557,5.0,5,,,,,,
,,,,,9560,3.0,3,,,,,,
,,,,,9564,4.0,4,,,,,,
,,,,,9571,7.0,7,,,,,,
,,,,,9576,5.0,5,,,,,,
,,,,,9579,3.0,3,,,,,,
,,,,,9585,6.0,6,,,,,,
,,,,,9590,5.0,5,,,,,,
,,,,,9596,6.0,6,,,,,,
,,,,,9605,9.0,9,,,,,,
,,,,,9609,4.0,4,,,,,,
,,,,,9618,9.0,9,,,,,,
,,,,,9622,4.0,4,,,,,,
,,,,,9637,15.0,15,,,,,,
,,,,,9640,3.0,3,,,,,,
,,,,,9644,4.0,4,,,,,,
,,,,,9649,5.0,5,,,,,,
,,,,,9656,7.0,7,,,,,,
,,,,,9662,6.0,6,,,,,,
,,,,,9665,3.0,3,,,,,,
,,,,,9683,18.0,18,,,,,,
,,,,,9687,4.0,4,,,,,,
,,,,,9705,18.0,18,,,,,,
,,,,,9712,7.0,7,,,,,,
,,,,,9722,10.0,10,,,,,,
,,,,,9729,7.0,7,,,,,,
,,,,,9746,17.0,17,,,,,,
,,,,,9754,8.0,8,,,,,,
,,,,,9760,6.0,6,,,,,,
,,,,,9771,11.0,11,,,,,,
,,,,,9779,8.0,8,,,,,,
,,,,,9785,6.0,6,,,,,,
,,,,,9791,6.0,6,,,,,,
,,,,,9798,7.0,7,,,,,,
,,,,,9806,8.0,8,,,,,,
,,,,,9809,3.0,3,,,,,,
,,,,,9812,3.0,3,,,,,,
,,,,,9821,9.0,9,,,,,,
,,,,,9824,3.0,3,,,,,,
,,,,,9829,5.0,5,,,,,,
,,,,,9833,4.0,4,,,,,,
,,,,,9837,4.0,4,,,,,,
,,,,,9842,5.0,5,,,,,,
,,,,,9845,3.0,3,,,,,,
,,,,,9856,11.0,11,,,,,,
,,,,,9875,19.0,19,,,,,,
,,,,,9878,3.0,3,,,,,,
,,,,,9894,16.0,16,,,,,,
,,,,,9907,13.0,13,,,,,,
,,,,,9919,12.0,12,,,,,,
,,,,,9924,5.0,5,,,,,,
,,,,,9936,12.0,12,,,,,,
,,,,,9948,12.0,12,,,,,,
,,,,,9952,4.0,4,,,,,,
,,,,,9960,8.0,8,,,,,,
,,,,,9968,8.0,8,,,,,,
,,,,,9973,5.0,5,,,,,,
,,,,,9978,5.0,5,,,,,,
,,,,,9982,4.0,4,,,,,,
,,,,,9993,11.0,11,,,,,,
,,,,,9999,6.0,6,,,,,,
6.4,3.0066593,11.0,3.0,6.4,10000,,,2.398690938949585,4.926384925842285,4.9232683181762695,0.0003,0.0003,0.1
,,,,,10009,10.0,10,,,,,,
,,,,,10015,6.0,6,,,,,,
,,,,,10018,3.0,3,,,,,,
,,,,,10029,11.0,11,,,,,,
,,,,,10035,6.0,6,,,,,,
,,,,,10042,7.0,7,,,,,,
,,,,,10053,11.0,11,,,,,,
,,,,,10056,3.0,3,,,,,,
,,,,,10059,3.0,3,,,,,,
,,,,,10070,11.0,11,,,,,,
,,,,,10073,3.0,3,,,,,,
,,,,,10079,6.0,6,,,,,,
,,,,,10082,3.0,3,,,,,,
,,,,,10086,4.0,4,,,,,,
,,,,,10091,5.0,5,,,,,,
,,,,,10096,5.0,5,,,,,,
,,,,,10100,4.0,4,,,,,,
,,,,,10105,5.0,5,,,,,,
,,,,,10111,6.0,6,,,,,,
,,,,,10114,3.0,3,,,,,,
,,,,,10120,6.0,6,,,,,,
,,,,,10124,4.0,4,,,,,,
,,,,,10136,12.0,12,,,,,,
,,,,,10139,3.0,3,,,,,,
,,,,,10142,3.0,3,,,,,,
,,,,,10148,6.0,6,,,,,,
,,,,,10152,4.0,4,,,,,,
,,,,,10155,3.0,3,,,,,,
,,,,,10159,4.0,4,,,,,,
,,,,,10162,3.0,3,,,,,,
,,,,,10167,5.0,5,,,,,,
,,,,,10172,5.0,5,,,,,,
,,,,,10187,15.0,15,,,,,,
,,,,,10191,4.0,4,,,,,,
,,,,,10196,5.0,5,,,,,,
,,,,,10205,9.0,9,,,,,,
,,,,,10210,5.0,5,,,,,,
,,,,,10216,6.0,6,,,,,,
,,,,,10224,8.0,8,,,,,,
,,,,,10228,4.0,4,,,,,,
,,,,,10233,5.0,5,,,,,,
,,,,,10240,7.0,7,,,,,,
,,,,,10255,15.0,15,,,,,,
,,,,,10262,7.0,7,,,,,,
,,,,,10265,3.0,3,,,,,,
,,,,,10276,11.0,11,,,,,,
,,,,,10283,7.0,7,,,,,,
,,,,,10289,6.0,6,,,,,,
,,,,,10293,4.0,4,,,,,,
,,,,,10296,3.0,3,,,,,,
,,,,,10300,4.0,4,,,,,,
,,,,,10307,7.0,7,,,,,,
,,,,,10315,8.0,8,,,,,,
,,,,,10318,3.0,3,,,,,,
,,,,,10324,6.0,6,,,,,,
,,,,,10344,20.0,20,,,,,,
,,,,,10356,12.0,12,,,,,,
,,,,,10364,8.0,8,,,,,,
,,,,,10378,14.0,14,,,,,,
,,,,,10391,13.0,13,,,,,,
,,,,,10399,8.0,8,,,,,,
,,,,,10404,5.0,5,,,,,,
,,,,,10415,11.0,11,,,,,,
,,,,,10420,5.0,5,,,,,,
,,,,,10428,8.0,8,,,,,,
,,,,,10441,13.0,13,,,,,,
,,,,,10453,12.0,12,,,,,,
,,,,,10464,11.0,11,,,,,,
,,,,,10467,3.0,3,,,,,,
,,,,,10472,5.0,5,,,,,,
,,,,,10476,4.0,4,,,,,,
,,,,,10482,6.0,6,,,,,,
,,,,,10487,5.0,5,,,,,,
,,,,,10495,8.0,8,,,,,,
,,,,,10503,8.0,8,,,,,,
,,,,,10509,6.0,6,,,,,,
,,,,,10519,10.0,10,,,,,,
,,,,,10524,5.0,5,,,,,,
,,,,,10537,13.0,13,,,,,,
,,,,,10545,8.0,8,,,,,,
,,,,,10549,4.0,4,,,,,,
,,,,,10556,7.0,7,,,,,,
,,,,,10560,4.0,4,,,,,,
,,,,,10563,3.0,3,,,,,,
,,,,,10574,11.0,11,,,,,,
,,,,,10577,3.0,3,,,,,,
,,,,,10580,3.0,3,,,,,,
,,,,,10598,18.0,18,,,,,,
,,,,,10604,6.0,6,,,,,,
,,,,,10608,4.0,4,,,,,,
,,,,,10611,3.0,3,,,,,,
,,,,,10614,3.0,3,,,,,,
,,,,,10629,15.0,15,,,,,,
,,,,,10635,6.0,6,,,,,,
,,,,,10643,8.0,8,,,,,,
,,,,,10651,8.0,8,,,,,,
,,,,,10656,5.0,5,,,,,,
,,,,,10660,4.0,4,,,,,,
,,,,,10669,9.0,9,,,,,,
,,,,,10676,7.0,7,,,,,,
,,,,,10681,5.0,5,,,,,,
,,,,,10688,7.0,7,,,,,,
,,,,,10702,14.0,14,,,,,,
,,,,,10720,18.0,18,,,,,,
,,,,,10723,3.0,3,,,,,,
,,,,,10734,11.0,11,,,,,,
,,,,,10745,11.0,11,,,,,,
,,,,,10751,6.0,6,,,,,,
,,,,,10755,4.0,4,,,,,,
,,,,,10759,4.0,4,,,,,,
,,,,,10767,8.0,8,,,,,,
,,,,,10775,8.0,8,,,,,,
,,,,,10782,7.0,7,,,,,,
,,,,,10788,6.0,6,,,,,,
,,,,,10794,6.0,6,,,,,,
,,,,,10798,4.0,4,,,,,,
,,,,,10802,4.0,4,,,,,,
,,,,,10808,6.0,6,,,,,,
,,,,,10813,5.0,5,,,,,,
,,,,,10822,9.0,9,,,,,,
,,,,,10825,3.0,3,,,,,,
,,,,,10829,4.0,4,,,,,,
,,,,,10834,5.0,5,,,,,,
,,,,,10841,7.0,7,,,,,,
,,,,,10848,7.0,7,,,,,,
,,,,,10874,26.0,26,,,,,,
,,,,,10878,4.0,4,,,,,,
,,,,,10886,8.0,8,,,,,,
,,,,,10889,3.0,3,,,,,,
,,,,,10900,11.0,11,,,,,,
,,,,,10915,15.0,15,,,,,,
,,,,,10920,5.0,5,,,,,,
,,,,,10929,9.0,9,,,,,,
,,,,,10932,3.0,3,,,,,,
,,,,,10938,6.0,6,,,,,,
,,,,,10942,4.0,4,,,,,,
,,,,,10947,5.0,5,,,,,,
,,,,,10960,13.0,13,,,,,,
,,,,,10975,15.0,15,,,,,,
,,,,,10979,4.0,4,,,,,,
,,,,,10988,9.0,9,,,,,,
,,,,,10996,8.0,8,,,,,,
,,,,,11000,,,1.9696857929229736,5.0059919357299805,5.012354850769043,0.0003,0.0003,0.1
,,,,,11009,13.0,13,,,,,,
,,,,,11012,3.0,3,,,,,,
,,,,,11032,20.0,20,,,,,,
,,,,,11042,10.0,10,,,,,,
,,,,,11046,4.0,4,,,,,,
,,,,,11049,3.0,3,,,,,,
,,,,,11055,6.0,6,,,,,,
,,,,,11060,5.0,5,,,,,,
,,,,,11063,3.0,3,,,,,,
,,,,,11066,3.0,3,,,,,,
,,,,,11086,20.0,20,,,,,,
,,,,,11094,8.0,8,,,,,,
,,,,,11103,9.0,9,,,,,,
,,,,,11110,7.0,7,,,,,,
,,,,,11119,9.0,9,,,,,,
,,,,,11122,3.0,3,,,,,,
,,,,,11127,5.0,5,,,,,,
,,,,,11132,5.0,5,,,,,,
,,,,,11139,7.0,7,,,,,,
,,,,,11143,4.0,4,,,,,,
,,,,,11148,5.0,5,,,,,,
,,,,,11151,3.0,3,,,,,,
,,,,,11154,3.0,3,,,,,,
,,,,,11161,7.0,7,,,,,,
,,,,,11165,4.0,4,,,,,,
,,,,,11170,5.0,5,,,,,,
,,,,,11175,5.0,5,,,,,,
,,,,,11178,3.0,3,,,,,,
,,,,,11183,5.0,5,,,,,,
,,,,,11193,10.0,10,,,,,,
,,,,,11199,6.0,6,,,,,,
,,,,,11203,4.0,4,,,,,,
,,,,,11206,3.0,3,,,,,,
,,,,,11229,23.0,23,,,,,,
,,,,,11234,5.0,5,,,,,,
,,,,,11237,3.0,3,,,,,,
,,,,,11243,6.0,6,,,,,,
,,,,,11251,8.0,8,,,,,,
,,,,,11256,5.0,5,,,,,,
,,,,,11263,7.0,7,,,,,,
,,,,,11268,5.0,5,,,,,,
,,,,,11272,4.0,4,,,,,,
,,,,,11276,4.0,4,,,,,,
,,,,,11282,6.0,6,,,,,,
,,,,,11285,3.0,3,,,,,,
,,,,,11302,17.0,17,,,,,,
,,,,,11310,8.0,8,,,,,,
,,,,,11313,3.0,3,,,,,,
,,,,,11321,8.0,8,,,,,,
,,,,,11331,10.0,10,,,,,,
,,,,,11334,3.0,3,,,,,,
,,,,,11340,6.0,6,,,,,,
,,,,,11344,4.0,4,,,,,,
,,,,,11350,6.0,6,,,,,,
,,,,,11353,3.0,3,,,,,,
,,,,,11357,4.0,4,,,,,,
,,,,,11360,3.0,3,,,,,,
,,,,,11363,3.0,3,,,,,,
,,,,,11367,4.0,4,,,,,,
,,,,,11371,4.0,4,,,,,,
,,,,,11375,4.0,4,,,,,,
,,,,,11382,7.0,7,,,,,,
,,,,,11385,3.0,3,,,,,,
,,,,,11401,16.0,16,,,,,,
,,,,,11405,4.0,4,,,,,,
,,,,,11410,5.0,5,,,,,,
,,,,,11413,3.0,3,,,,,,
,,,,,11418,5.0,5,,,,,,
,,,,,11422,4.0,4,,,,,,
,,,,,11428,6.0,6,,,,,,
,,,,,11432,4.0,4,,,,,,
,,,,,11435,3.0,3,,,,,,
,,,,,11446,11.0,11,,,,,,
,,,,,11455,9.0,9,,,,,,
,,,,,11461,6.0,6,,,,,,
,,,,,11464,3.0,3,,,,,,
,,,,,11476,12.0,12,,,,,,
,,,,,11482,6.0,6,,,,,,
,,,,,11486,4.0,4,,,,,,
,,,,,11491,5.0,5,,,,,,
,,,,,11495,4.0,4,,,,,,
,,,,,11510,15.0,15,,,,,,
,,,,,11524,14.0,14,,,,,,
,,,,,11527,3.0,3,,,,,,
,,,,,11530,3.0,3,,,,,,
,,,,,11536,6.0,6,,,,,,
,,,,,11543,7.0,7,,,,,,
,,,,,11554,11.0,11,,,,,,
,,,,,11565,11.0,11,,,,,,
,,,,,11583,18.0,18,,,,,,
,,,,,11598,15.0,15,,,,,,
,,,,,11618,20.0,20,,,,,,
,,,,,11625,7.0,7,,,,,,
,,,,,11635,10.0,10,,,,,,
,,,,,11639,4.0,4,,,,,,
,,,,,11646,7.0,7,,,,,,
,,,,,11649,3.0,3,,,,,,
,,,,,11653,4.0,4,,,,,,
,,,,,11657,4.0,4,,,,,,
,,,,,11660,3.0,3,,,,,,
,,,,,11664,4.0,4,,,,,,
,,,,,11671,7.0,7,,,,,,
,,,,,11677,6.0,6,,,,,,
,,,,,11683,6.0,6,,,,,,
,,,,,11687,4.0,4,,,,,,
,,,,,11691,4.0,4,,,,,,
,,,,,11698,7.0,7,,,,,,
,,,,,11703,5.0,5,,,,,,
,,,,,11707,4.0,4,,,,,,
,,,,,11730,23.0,23,,,,,,
,,,,,11733,3.0,3,,,,,,
,,,,,11740,7.0,7,,,,,,
,,,,,11744,4.0,4,,,,,,
,,,,,11754,10.0,10,,,,,,
,,,,,11757,3.0,3,,,,,,
,,,,,11761,4.0,4,,,,,,
,,,,,11770,9.0,9,,,,,,
,,,,,11783,13.0,13,,,,,,
,,,,,11787,4.0,4,,,,,,
,,,,,11795,8.0,8,,,,,,
,,,,,11805,10.0,10,,,,,,
,,,,,11809,4.0,4,,,,,,
,,,,,11830,21.0,21,,,,,,
,,,,,11833,3.0,3,,,,,,
,,,,,11844,11.0,11,,,,,,
,,,,,11848,4.0,4,,,,,,
,,,,,11858,10.0,10,,,,,,
,,,,,11861,3.0,3,,,,,,
,,,,,11868,7.0,7,,,,,,
,,,,,11880,12.0,12,,,,,,
,,,,,11885,5.0,5,,,,,,
,,,,,11898,13.0,13,,,,,,
,,,,,11908,10.0,10,,,,,,
,,,,,11912,4.0,4,,,,,,
,,,,,11924,12.0,12,,,,,,
,,,,,11928,4.0,4,,,,,,
,,,,,11938,10.0,10,,,,,,
,,,,,11944,6.0,6,,,,,,
,,,,,11948,4.0,4,,,,,,
,,,,,11952,4.0,4,,,,,,
,,,,,11961,9.0,9,,,,,,
,,,,,11966,5.0,5,,,,,,
,,,,,11971,5.0,5,,,,,,
,,,,,11986,15.0,15,,,,,,
,,,,,11992,6.0,6,,,,,,
,,,,,11999,7.0,7,,,,,,
,,,,,12000,,,2.120504379272461,5.2450032234191895,5.542306900024414,0.0003,0.0003,0.1
,,,,,12007,8.0,8,,,,,,
,,,,,12011,4.0,4,,,,,,
,,,,,12016,5.0,5,,,,,,
,,,,,12029,13.0,13,,,,,,
,,,,,12035,6.0,6,,,,,,
,,,,,12044,9.0,9,,,,,,
,,,,,12053,9.0,9,,,,,,
,,,,,12059,6.0,6,,,,,,
,,,,,12073,14.0,14,,,,,,
,,,,,12078,5.0,5,,,,,,
,,,,,12081,3.0,3,,,,,,
,,,,,12089,8.0,8,,,,,,
,,,,,12096,7.0,7,,,,,,
,,,,,12100,4.0,4,,,,,,
,,,,,12104,4.0,4,,,,,,
,,,,,12109,5.0,5,,,,,,
,,,,,12113,4.0,4,,,,,,
,,,,,12120,7.0,7,,,,,,
,,,,,12124,4.0,4,,,,,,
,,,,,12133,9.0,9,,,,,,
,,,,,12147,14.0,14,,,,,,
,,,,,12153,6.0,6,,,,,,
,,,,,12164,11.0,11,,,,,,
,,,,,12169,5.0,5,,,,,,
,,,,,12176,7.0,7,,,,,,
,,,,,12180,4.0,4,,,,,,
,,,,,12183,3.0,3,,,,,,
,,,,,12187,4.0,4,,,,,,
,,,,,12192,5.0,5,,,,,,
,,,,,12202,10.0,10,,,,,,
,,,,,12210,8.0,8,,,,,,
,,,,,12213,3.0,3,,,,,,
,,,,,12229,16.0,16,,,,,,
,,,,,12233,4.0,4,,,,,,
,,,,,12242,9.0,9,,,,,,
,,,,,12247,5.0,5,,,,,,
,,,,,12253,6.0,6,,,,,,
,,,,,12257,4.0,4,,,,,,
,,,,,12260,3.0,3,,,,,,
,,,,,12264,4.0,4,,,,,,
,,,,,12268,4.0,4,,,,,,
,,,,,12276,8.0,8,,,,,,
,,,,,12280,4.0,4,,,,,,
,,,,,12283,3.0,3,,,,,,
,,,,,12288,5.0,5,,,,,,
,,,,,12303,15.0,15,,,,,,
,,,,,12309,6.0,6,,,,,,
,,,,,12312,3.0,3,,,,,,
,,,,,12317,5.0,5,,,,,,
,,,,,12320,3.0,3,,,,,,
,,,,,12330,10.0,10,,,,,,
,,,,,12333,3.0,3,,,,,,
,,,,,12340,7.0,7,,,,,,
,,,,,12344,4.0,4,,,,,,
,,,,,12349,5.0,5,,,,,,
,,,,,12353,4.0,4,,,,,,
,,,,,12357,4.0,4,,,,,,
,,,,,12365,8.0,8,,,,,,
,,,,,12376,11.0,11,,,,,,
,,,,,12380,4.0,4,,,,,,
,,,,,12384,4.0,4,,,,,,
,,,,,12389,5.0,5,,,,,,
,,,,,12393,4.0,4,,,,,,
,,,,,12397,4.0,4,,,,,,
,,,,,12408,11.0,11,,,,,,
,,,,,12411,3.0,3,,,,,,
,,,,,12425,14.0,14,,,,,,
,,,,,12429,4.0,4,,,,,,
,,,,,12433,4.0,4,,,,,,
,,,,,12437,4.0,4,,,,,,
,,,,,12442,5.0,5,,,,,,
,,,,,12451,9.0,9,,,,,,
,,,,,12460,9.0,9,,,,,,
,,,,,12466,6.0,6,,,,,,
,,,,,12471,5.0,5,,,,,,
,,,,,12475,4.0,4,,,,,,
,,,,,12484,9.0,9,,,,,,
,,,,,12487,3.0,3,,,,,,
,,,,,12495,8.0,8,,,,,,
,,,,,12501,6.0,6,,,,,,
,,,,,12509,8.0,8,,,,,,
,,,,,12515,6.0,6,,,,,,
,,,,,12521,6.0,6,,,,,,
,,,,,12525,4.0,4,,,,,,
,,,,,12548,23.0,23,,,,,,
,,,,,12558,10.0,10,,,,,,
,,,,,12566,8.0,8,,,,,,
,,,,,12573,7.0,7,,,,,,
,,,,,12577,4.0,4,,,,,,
,,,,,12582,5.0,5,,,,,,
,,,,,12590,8.0,8,,,,,,
,,,,,12594,4.0,4,,,,,,
,,,,,12598,4.0,4,,,,,,
,,,,,12601,3.0,3,,,,,,
,,,,,12608,7.0,7,,,,,,
,,,,,12616,8.0,8,,,,,,
,,,,,12620,4.0,4,,,,,,
,,,,,12624,4.0,4,,,,,,
,,,,,12628,4.0,4,,,,,,
,,,,,12635,7.0,7,,,,,,
,,,,,12639,4.0,4,,,,,,
,,,,,12642,3.0,3,,,,,,
,,,,,12652,10.0,10,,,,,,
,,,,,12657,5.0,5,,,,,,
,,,,,12669,12.0,12,,,,,,
,,,,,12677,8.0,8,,,,,,
,,,,,12692,15.0,15,,,,,,
,,,,,12699,7.0,7,,,,,,
,,,,,12705,6.0,6,,,,,,
,,,,,12716,11.0,11,,,,,,
,,,,,12721,5.0,5,,,,,,
,,,,,12726,5.0,5,,,,,,
,,,,,12729,3.0,3,,,,,,
,,,,,12733,4.0,4,,,,,,
,,,,,12737,4.0,4,,,,,,
,,,,,12740,3.0,3,,,,,,
,,,,,12745,5.0,5,,,,,,
,,,,,12753,8.0,8,,,,,,
,,,,,12761,8.0,8,,,,,,
,,,,,12766,5.0,5,,,,,,
,,,,,12770,4.0,4,,,,,,
,,,,,12777,7.0,7,,,,,,
,,,,,12783,6.0,6,,,,,,
,,,,,12800,17.0,17,,,,,,
,,,,,12804,4.0,4,,,,,,
,,,,,12816,12.0,12,,,,,,
,,,,,12826,10.0,10,,,,,,
,,,,,12832,6.0,6,,,,,,
,,,,,12837,5.0,5,,,,,,
,,,,,12842,5.0,5,,,,,,
,,,,,12849,7.0,7,,,,,,
,,,,,12855,6.0,6,,,,,,
,,,,,12872,17.0,17,,,,,,
,,,,,12879,7.0,7,,,,,,
,,,,,12884,5.0,5,,,,,,
,,,,,12894,10.0,10,,,,,,
,,,,,12898,4.0,4,,,,,,
,,,,,12901,3.0,3,,,,,,
,,,,,12911,10.0,10,,,,,,
,,,,,12919,8.0,8,,,,,,
,,,,,12925,6.0,6,,,,,,
,,,,,12937,12.0,12,,,,,,
,,,,,12944,7.0,7,,,,,,
,,,,,12950,6.0,6,,,,,,
,,,,,12961,11.0,11,,,,,,
,,,,,12971,10.0,10,,,,,,
,,,,,12974,3.0,3,,,,,,
,,,,,12980,6.0,6,,,,,,
,,,,,12984,4.0,4,,,,,,
,,,,,12991,7.0,7,,,,,,
,,,,,12996,5.0,5,,,,,,
,,,,,13000,,,1.9930050373077393,4.972156524658203,4.737831115722656,0.0003,0.0003,0.1
,,,,,13009,13.0,13,,,,,,
,,,,,13012,3.0,3,,,,,,
,,,,,13015,3.0,3,,,,,,
,,,,,13027,12.0,12,,,,,,
,,,,,13030,3.0,3,,,,,,
,,,,,13035,5.0,5,,,,,,
,,,,,13041,6.0,6,,,,,,
,,,,,13045,4.0,4,,,,,,
,,,,,13050,5.0,5,,,,,,
,,,,,13058,8.0,8,,,,,,
,,,,,13061,3.0,3,,,,,,
,,,,,13068,7.0,7,,,,,,
,,,,,13074,6.0,6,,,,,,
,,,,,13080,6.0,6,,,,,,
,,,,,13083,3.0,3,,,,,,
,,,,,13086,3.0,3,,,,,,
,,,,,13095,9.0,9,,,,,,
,,,,,13098,3.0,3,,,,,,
,,,,,13106,8.0,8,,,,,,
,,,,,13120,14.0,14,,,,,,
,,,,,13142,22.0,22,,,,,,
,,,,,13145,3.0,3,,,,,,
,,,,,13150,5.0,5,,,,,,
,,,,,13154,4.0,4,,,,,,
,,,,,13158,4.0,4,,,,,,
,,,,,13163,5.0,5,,,,,,
,,,,,13175,12.0,12,,,,,,
,,,,,13178,3.0,3,,,,,,
,,,,,13194,16.0,16,,,,,,
,,,,,13200,6.0,6,,,,,,
,,,,,13205,5.0,5,,,,,,
,,,,,13212,7.0,7,,,,,,
,,,,,13218,6.0,6,,,,,,
,,,,,13224,6.0,6,,,,,,
,,,,,13230,6.0,6,,,,,,
,,,,,13239,9.0,9,,,,,,
,,,,,13246,7.0,7,,,,,,
,,,,,13250,4.0,4,,,,,,
,,,,,13255,5.0,5,,,,,,
,,,,,13259,4.0,4,,,,,,
,,,,,13267,8.0,8,,,,,,
,,,,,13271,4.0,4,,,,,,
,,,,,13276,5.0,5,,,,,,
,,,,,13282,6.0,6,,,,,,
,,,,,13297,15.0,15,,,,,,
,,,,,13312,15.0,15,,,,,,
,,,,,13322,10.0,10,,,,,,
,,,,,13327,5.0,5,,,,,,
,,,,,13337,10.0,10,,,,,,
,,,,,13340,3.0,3,,,,,,
,,,,,13344,4.0,4,,,,,,
,,,,,13351,7.0,7,,,,,,
,,,,,13354,3.0,3,,,,,,
,,,,,13358,4.0,4,,,,,,
,,,,,13367,9.0,9,,,,,,
,,,,,13375,8.0,8,,,,,,
,,,,,13383,8.0,8,,,,,,
,,,,,13389,6.0,6,,,,,,
,,,,,13395,6.0,6,,,,,,
,,,,,13400,5.0,5,,,,,,
,,,,,13404,4.0,4,,,,,,
,,,,,13409,5.0,5,,,,,,
,,,,,13418,9.0,9,,,,,,
,,,,,13423,5.0,5,,,,,,
,,,,,13429,6.0,6,,,,,,
,,,,,13439,10.0,10,,,,,,
,,,,,13442,3.0,3,,,,,,
,,,,,13452,10.0,10,,,,,,
,,,,,13456,4.0,4,,,,,,
,,,,,13466,10.0,10,,,,,,
,,,,,13473,7.0,7,,,,,,
,,,,,13476,3.0,3,,,,,,
,,,,,13481,5.0,5,,,,,,
,,,,,13488,7.0,7,,,,,,
,,,,,13491,3.0,3,,,,,,
,,,,,13496,5.0,5,,,,,,
,,,,,13503,7.0,7,,,,,,
,,,,,13506,3.0,3,,,,,,
,,,,,13514,8.0,8,,,,,,
,,,,,13517,3.0,3,,,,,,
,,,,,13521,4.0,4,,,,,,
,,,,,13526,5.0,5,,,,,,
,,,,,13530,4.0,4,,,,,,
,,,,,13541,11.0,11,,,,,,
,,,,,13545,4.0,4,,,,,,
,,,,,13561,16.0,16,,,,,,
,,,,,13564,3.0,3,,,,,,
,,,,,13567,3.0,3,,,,,,
,,,,,13570,3.0,3,,,,,,
,,,,,13578,8.0,8,,,,,,
,,,,,13582,4.0,4,,,,,,
,,,,,13587,5.0,5,,,,,,
,,,,,13591,4.0,4,,,,,,
,,,,,13598,7.0,7,,,,,,
,,,,,13621,23.0,23,,,,,,
,,,,,13635,14.0,14,,,,,,
,,,,,13638,3.0,3,,,,,,
,,,,,13644,6.0,6,,,,,,
,,,,,13657,13.0,13,,,,,,
,,,,,13668,11.0,11,,,,,,
,,,,,13672,4.0,4,,,,,,
,,,,,13675,3.0,3,,,,,,
,,,,,13692,17.0,17,,,,,,
,,,,,13698,6.0,6,,,,,,
,,,,,13711,13.0,13,,,,,,
,,,,,13716,5.0,5,,,,,,
,,,,,13719,3.0,3,,,,,,
,,,,,13724,5.0,5,,,,,,
,,,,,13729,5.0,5,,,,,,
,,,,,13748,19.0,19,,,,,,
,,,,,13752,4.0,4,,,,,,
,,,,,13759,7.0,7,,,,,,
,,,,,13766,7.0,7,,,,,,
,,,,,13775,9.0,9,,,,,,
,,,,,13797,22.0,22,,,,,,
,,,,,13809,12.0,12,,,,,,
,,,,,13812,3.0,3,,,,,,
,,,,,13815,3.0,3,,,,,,
,,,,,13820,5.0,5,,,,,,
,,,,,13823,3.0,3,,,,,,
,,,,,13829,6.0,6,,,,,,
,,,,,13832,3.0,3,,,,,,
,,,,,13838,6.0,6,,,,,,
,,,,,13844,6.0,6,,,,,,
,,,,,13854,10.0,10,,,,,,
,,,,,13857,3.0,3,,,,,,
,,,,,13863,6.0,6,,,,,,
,,,,,13866,3.0,3,,,,,,
,,,,,13874,8.0,8,,,,,,
,,,,,13877,3.0,3,,,,,,
,,,,,13883,6.0,6,,,,,,
,,,,,13887,4.0,4,,,,,,
,,,,,13894,7.0,7,,,,,,
,,,,,13903,9.0,9,,,,,,
,,,,,13913,10.0,10,,,,,,
,,,,,13920,7.0,7,,,,,,
,,,,,13923,3.0,3,,,,,,
,,,,,13928,5.0,5,,,,,,
,,,,,13933,5.0,5,,,,,,
,,,,,13938,5.0,5,,,,,,
,,,,,13955,17.0,17,,,,,,
,,,,,13960,5.0,5,,,,,,
,,,,,13966,6.0,6,,,,,,
,,,,,13970,4.0,4,,,,,,
,,,,,13975,5.0,5,,,,,,
,,,,,13980,5.0,5,,,,,,
,,,,,13991,11.0,11,,,,,,
,,,,,13999,8.0,8,,,,,,
,,,,,14000,,,1.9142305850982666,4.725119590759277,4.676690101623535,0.0003,0.0003,0.1
,,,,,14009,10.0,10,,,,,,
,,,,,14014,5.0,5,,,,,,
,,,,,14017,3.0,3,,,,,,
,,,,,14030,13.0,13,,,,,,
,,,,,14034,4.0,4,,,,,,
,,,,,14037,3.0,3,,,,,,
,,,,,14044,7.0,7,,,,,,
,,,,,14047,3.0,3,,,,,,
,,,,,14052,5.0,5,,,,,,
,,,,,14055,3.0,3,,,,,,
,,,,,14059,4.0,4,,,,,,
,,,,,14064,5.0,5,,,,,,
,,,,,14068,4.0,4,,,,,,
,,,,,14074,6.0,6,,,,,,
,,,,,14083,9.0,9,,,,,,
,,,,,14086,3.0,3,,,,,,
,,,,,14102,16.0,16,,,,,,
,,,,,14105,3.0,3,,,,,,
,,,,,14112,7.0,7,,,,,,
,,,,,14122,10.0,10,,,,,,
,,,,,14130,8.0,8,,,,,,
,,,,,14143,13.0,13,,,,,,
,,,,,14162,19.0,19,,,,,,
,,,,,14171,9.0,9,,,,,,
,,,,,14175,4.0,4,,,,,,
,,,,,14180,5.0,5,,,,,,
,,,,,14188,8.0,8,,,,,,
,,,,,14191,3.0,3,,,,,,
,,,,,14198,7.0,7,,,,,,
,,,,,14201,3.0,3,,,,,,
,,,,,14206,5.0,5,,,,,,
,,,,,14229,23.0,23,,,,,,
,,,,,14234,5.0,5,,,,,,
,,,,,14248,14.0,14,,,,,,
,,,,,14252,4.0,4,,,,,,
,,,,,14261,9.0,9,,,,,,
,,,,,14266,5.0,5,,,,,,
,,,,,14272,6.0,6,,,,,,
,,,,,14276,4.0,4,,,,,,
,,,,,14281,5.0,5,,,,,,
,,,,,14297,16.0,16,,,,,,
,,,,,14304,7.0,7,,,,,,
,,,,,14314,10.0,10,,,,,,
,,,,,14317,3.0,3,,,,,,
,,,,,14322,5.0,5,,,,,,
,,,,,14325,3.0,3,,,,,,
,,,,,14329,4.0,4,,,,,,
,,,,,14333,4.0,4,,,,,,
,,,,,14339,6.0,6,,,,,,
,,,,,14345,6.0,6,,,,,,
,,,,,14352,7.0,7,,,,,,
,,,,,14364,12.0,12,,,,,,
,,,,,14383,19.0,19,,,,,,
,,,,,14389,6.0,6,,,,,,
,,,,,14400,11.0,11,,,,,,
,,,,,14405,5.0,5,,,,,,
,,,,,14410,5.0,5,,,,,,
,,,,,14418,8.0,8,,,,,,
,,,,,14425,7.0,7,,,,,,
,,,,,14433,8.0,8,,,,,,
,,,,,14440,7.0,7,,,,,,
,,,,,14444,4.0,4,,,,,,
,,,,,14451,7.0,7,,,,,,
,,,,,14455,4.0,4,,,,,,
,,,,,14459,4.0,4,,,,,,
,,,,,14465,6.0,6,,,,,,
,,,,,14473,8.0,8,,,,,,
,,,,,14477,4.0,4,,,,,,
,,,,,14483,6.0,6,,,,,,
,,,,,14490,7.0,7,,,,,,
,,,,,14494,4.0,4,,,,,,
,,,,,14498,4.0,4,,,,,,
,,,,,14501,3.0,3,,,,,,
,,,,,14506,5.0,5,,,,,,
,,,,,14515,9.0,9,,,,,,
,,,,,14519,4.0,4,,,,,,
,,,,,14527,8.0,8,,,,,,
,,,,,14533,6.0,6,,,,,,
,,,,,14537,4.0,4,,,,,,
,,,,,14541,4.0,4,,,,,,
,,,,,14545,4.0,4,,,,,,
,,,,,14549,4.0,4,,,,,,
,,,,,14555,6.0,6,,,,,,
,,,,,14566,11.0,11,,,,,,
,,,,,14580,14.0,14,,,,,,
,,,,,14593,13.0,13,,,,,,
,,,,,14601,8.0,8,,,,,,
,,,,,14621,20.0,20,,,,,,
,,,,,14627,6.0,6,,,,,,
,,,,,14633,6.0,6,,,,,,
,,,,,14637,4.0,4,,,,,,
,,,,,14641,4.0,4,,,,,,
,,,,,14647,6.0,6,,,,,,
,,,,,14653,6.0,6,,,,,,
,,,,,14657,4.0,4,,,,,,
,,,,,14661,4.0,4,,,,,,
,,,,,14666,5.0,5,,,,,,
,,,,,14670,4.0,4,,,,,,
,,,,,14685,15.0,15,,,,,,
,,,,,14690,5.0,5,,,,,,
,,,,,14693,3.0,3,,,,,,
,,,,,14699,6.0,6,,,,,,
,,,,,14708,9.0,9,,,,,,
,,,,,14713,5.0,5,,,,,,
,,,,,14717,4.0,4,,,,,,
,,,,,14721,4.0,4,,,,,,
,,,,,14724,3.0,3,,,,,,
,,,,,14727,3.0,3,,,,,,
,,,,,14733,6.0,6,,,,,,
,,,,,14738,5.0,5,,,,,,
,,,,,14743,5.0,5,,,,,,
,,,,,14750,7.0,7,,,,,,
,,,,,14753,3.0,3,,,,,,
,,,,,14759,6.0,6,,,,,,
,,,,,14762,3.0,3,,,,,,
,,,,,14768,6.0,6,,,,,,
,,,,,14775,7.0,7,,,,,,
,,,,,14778,3.0,3,,,,,,
,,,,,14787,9.0,9,,,,,,
,,,,,14805,18.0,18,,,,,,
,,,,,14808,3.0,3,,,,,,
,,,,,14812,4.0,4,,,,,,
,,,,,14822,10.0,10,,,,,,
,,,,,14834,12.0,12,,,,,,
,,,,,14837,3.0,3,,,,,,
,,,,,14867,30.0,30,,,,,,
,,,,,14871,4.0,4,,,,,,
,,,,,14892,21.0,21,,,,,,
,,,,,14904,12.0,12,,,,,,
,,,,,14911,7.0,7,,,,,,
,,,,,14927,16.0,16,,,,,,
,,,,,14932,5.0,5,,,,,,
,,,,,14938,6.0,6,,,,,,
,,,,,14945,7.0,7,,,,,,
,,,,,14950,5.0,5,,,,,,
,,,,,14953,3.0,3,,,,,,
,,,,,14958,5.0,5,,,,,,
,,,,,14965,7.0,7,,,,,,
,,,,,14968,3.0,3,,,,,,
,,,,,14973,5.0,5,,,,,,
,,,,,14977,4.0,4,,,,,,
,,,,,14983,6.0,6,,,,,,
,,,,,14989,6.0,6,,,,,,
,,,,,14993,4.0,4,,,,,,
6.3,2.6851444,11.0,3.0,6.3,15000,,,2.207432746887207,5.346283912658691,5.510165214538574,0.0003,0.0003,0.1
,,,,,15013,20.0,20,,,,,,
,,,,,15019,6.0,6,,,,,,
,,,,,15026,7.0,7,,,,,,
,,,,,15030,4.0,4,,,,,,
,,,,,15040,10.0,10,,,,,,
,,,,,15043,3.0,3,,,,,,
,,,,,15058,15.0,15,,,,,,
,,,,,15061,3.0,3,,,,,,
,,,,,15069,8.0,8,,,,,,
,,,,,15077,8.0,8,,,,,,
,,,,,15091,14.0,14,,,,,,
,,,,,15095,4.0,4,,,,,,
,,,,,15106,11.0,11,,,,,,
,,,,,15110,4.0,4,,,,,,
,,,,,15115,5.0,5,,,,,,
,,,,,15119,4.0,4,,,,,,
,,,,,15122,3.0,3,,,,,,
,,,,,15128,6.0,6,,,,,,
,,,,,15136,8.0,8,,,,,,
,,,,,15145,9.0,9,,,,,,
,,,,,15148,3.0,3,,,,,,
,,,,,15154,6.0,6,,,,,,
,,,,,15163,9.0,9,,,,,,
,,,,,15172,9.0,9,,,,,,
,,,,,15182,10.0,10,,,,,,
,,,,,15188,6.0,6,,,,,,
,,,,,15194,6.0,6,,,,,,
,,,,,15200,6.0,6,,,,,,
,,,,,15206,6.0,6,,,,,,
,,,,,15213,7.0,7,,,,,,
,,,,,15218,5.0,5,,,,,,
,,,,,15223,5.0,5,,,,,,
,,,,,15238,15.0,15,,,,,,
,,,,,15245,7.0,7,,,,,,
,,,,,15259,14.0,14,,,,,,
,,,,,15262,3.0,3,,,,,,
,,,,,15268,6.0,6,,,,,,
,,,,,15272,4.0,4,,,,,,
,,,,,15278,6.0,6,,,,,,
,,,,,15283,5.0,5,,,,,,
,,,,,15288,5.0,5,,,,,,
,,,,,15293,5.0,5,,,,,,
,,,,,15297,4.0,4,,,,,,
,,,,,15305,8.0,8,,,,,,
,,,,,15318,13.0,13,,,,,,
,,,,,15323,5.0,5,,,,,,
,,,,,15328,5.0,5,,,,,,
,,,,,15336,8.0,8,,,,,,
,,,,,15345,9.0,9,,,,,,
,,,,,15350,5.0,5,,,,,,
,,,,,15354,4.0,4,,,,,,
,,,,,15358,4.0,4,,,,,,
,,,,,15361,3.0,3,,,,,,
,,,,,15366,5.0,5,,,,,,
,,,,,15372,6.0,6,,,,,,
,,,,,15381,9.0,9,,,,,,
,,,,,15389,8.0,8,,,,,,
,,,,,15407,18.0,18,,,,,,
,,,,,15412,5.0,5,,,,,,
,,,,,15416,4.0,4,,,,,,
,,,,,15428,12.0,12,,,,,,
,,,,,15438,10.0,10,,,,,,
,,,,,15443,5.0,5,,,,,,
,,,,,15450,7.0,7,,,,,,
,,,,,15468,18.0,18,,,,,,
,,,,,15483,15.0,15,,,,,,
,,,,,15490,7.0,7,,,,,,
,,,,,15497,7.0,7,,,,,,
,,,,,15502,5.0,5,,,,,,
,,,,,15506,4.0,4,,,,,,
,,,,,15519,13.0,13,,,,,,
,,,,,15522,3.0,3,,,,,,
,,,,,15530,8.0,8,,,,,,
,,,,,15534,4.0,4,,,,,,
,,,,,15541,7.0,7,,,,,,
,,,,,15550,9.0,9,,,,,,
,,,,,15553,3.0,3,,,,,,
,,,,,15559,6.0,6,,,,,,
,,,,,15562,3.0,3,,,,,,
,,,,,15582,20.0,20,,,,,,
,,,,,15597,15.0,15,,,,,,
,,,,,15600,3.0,3,,,,,,
,,,,,15603,3.0,3,,,,,,
,,,,,15609,6.0,6,,,,,,
,,,,,15614,5.0,5,,,,,,
,,,,,15623,9.0,9,,,,,,
,,,,,15628,5.0,5,,,,,,
,,,,,15645,17.0,17,,,,,,
,,,,,15649,4.0,4,,,,,,
,,,,,15654,5.0,5,,,,,,
,,,,,15661,7.0,7,,,,,,
,,,,,15669,8.0,8,,,,,,
,,,,,15677,8.0,8,,,,,,
,,,,,15684,7.0,7,,,,,,
,,,,,15698,14.0,14,,,,,,
,,,,,15703,5.0,5,,,,,,
,,,,,15709,6.0,6,,,,,,
,,,,,15716,7.0,7,,,,,,
,,,,,15726,10.0,10,,,,,,
,,,,,15732,6.0,6,,,,,,
,,,,,15736,4.0,4,,,,,,
,,,,,15745,9.0,9,,,,,,
,,,,,15749,4.0,4,,,,,,
,,,,,15765,16.0,16,,,,,,
,,,,,15772,7.0,7,,,,,,
,,,,,15776,4.0,4,,,,,,
,,,,,15787,11.0,11,,,,,,
,,,,,15803,16.0,16,,,,,,
,,,,,15807,4.0,4,,,,,,
,,,,,15810,3.0,3,,,,,,
,,,,,15815,5.0,5,,,,,,
,,,,,15818,3.0,3,,,,,,
,,,,,15831,13.0,13,,,,,,
,,,,,15835,4.0,4,,,,,,
,,,,,15838,3.0,3,,,,,,
,,,,,15841,3.0,3,,,,,,
,,,,,15846,5.0,5,,,,,,
,,,,,15851,5.0,5,,,,,,
,,,,,15854,3.0,3,,,,,,
,,,,,15874,20.0,20,,,,,,
,,,,,15879,5.0,5,,,,,,
,,,,,15883,4.0,4,,,,,,
,,,,,15892,9.0,9,,,,,,
,,,,,15899,7.0,7,,,,,,
,,,,,15906,7.0,7,,,,,,
,,,,,15912,6.0,6,,,,,,
,,,,,15917,5.0,5,,,,,,
,,,,,15928,11.0,11,,,,,,
,,,,,15937,9.0,9,,,,,,
,,,,,15945,8.0,8,,,,,,
,,,,,15950,5.0,5,,,,,,
,,,,,15953,3.0,3,,,,,,
,,,,,15959,6.0,6,,,,,,
,,,,,15976,17.0,17,,,,,,
,,,,,15982,6.0,6,,,,,,
,,,,,15986,4.0,4,,,,,,
,,,,,15990,4.0,4,,,,,,
,,,,,15999,9.0,9,,,,,,
,,,,,16000,,,1.971563696861267,4.6840386390686035,4.581055164337158,0.0003,0.0003,0.1
,,,,,16005,6.0,6,,,,,,
,,,,,16013,8.0,8,,,,,,
,,,,,16017,4.0,4,,,,,,
,,,,,16021,4.0,4,,,,,,
,,,,,16029,8.0,8,,,,,,
,,,,,16035,6.0,6,,,,,,
,,,,,16052,17.0,17,,,,,,
,,,,,16056,4.0,4,,,,,,
,,,,,16060,4.0,4,,,,,,
,,,,,16081,21.0,21,,,,,,
,,,,,16086,5.0,5,,,,,,
,,,,,16089,3.0,3,,,,,,
,,,,,16096,7.0,7,,,,,,
,,,,,16099,3.0,3,,,,,,
,,,,,16105,6.0,6,,,,,,
,,,,,16114,9.0,9,,,,,,
,,,,,16120,6.0,6,,,,,,
,,,,,16125,5.0,5,,,,,,
,,,,,16128,3.0,3,,,,,,
,,,,,16132,4.0,4,,,,,,
,,,,,16151,19.0,19,,,,,,
,,,,,16156,5.0,5,,,,,,
,,,,,16160,4.0,4,,,,,,
,,,,,16166,6.0,6,,,,,,
,,,,,16174,8.0,8,,,,,,
,,,,,16178,4.0,4,,,,,,
,,,,,16192,14.0,14,,,,,,
,,,,,16205,13.0,13,,,,,,
,,,,,16209,4.0,4,,,,,,
,,,,,16215,6.0,6,,,,,,
,,,,,16218,3.0,3,,,,,,
,,,,,16231,13.0,13,,,,,,
,,,,,16236,5.0,5,,,,,,
,,,,,16241,5.0,5,,,,,,
,,,,,16251,10.0,10,,,,,,
,,,,,16262,11.0,11,,,,,,
,,,,,16266,4.0,4,,,,,,
,,,,,16280,14.0,14,,,,,,
,,,,,16283,3.0,3,,,,,,
,,,,,16290,7.0,7,,,,,,
,,,,,16316,26.0,26,,,,,,
,,,,,16322,6.0,6,,,,,,
,,,,,16325,3.0,3,,,,,,
,,,,,16328,3.0,3,,,,,,
,,,,,16334,6.0,6,,,,,,
,,,,,16337,3.0,3,,,,,,
,,,,,16342,5.0,5,,,,,,
,,,,,16346,4.0,4,,,,,,
,,,,,16349,3.0,3,,,,,,
,,,,,16353,4.0,4,,,,,,
,,,,,16358,5.0,5,,,,,,
,,,,,16364,6.0,6,,,,,,
,,,,,16369,5.0,5,,,,,,
,,,,,16373,4.0,4,,,,,,
,,,,,16377,4.0,4,,,,,,
,,,,,16380,3.0,3,,,,,,
,,,,,16396,16.0,16,,,,,,
,,,,,16404,8.0,8,,,,,,
,,,,,16410,6.0,6,,,,,,
,,,,,16422,12.0,12,,,,,,
,,,,,16428,6.0,6,,,,,,
,,,,,16435,7.0,7,,,,,,
,,,,,16441,6.0,6,,,,,,
,,,,,16449,8.0,8,,,,,,
,,,,,16456,7.0,7,,,,,,
,,,,,16460,4.0,4,,,,,,
,,,,,16467,7.0,7,,,,,,
,,,,,16471,4.0,4,,,,,,
,,,,,16504,33.0,33,,,,,,
,,,,,16515,11.0,11,,,,,,
,,,,,16520,5.0,5,,,,,,
,,,,,16532,12.0,12,,,,,,
,,,,,16539,7.0,7,,,,,,
,,,,,16545,6.0,6,,,,,,
,,,,,16548,3.0,3,,,,,,
,,,,,16577,29.0,29,,,,,,
,,,,,16580,3.0,3,,,,,,
,,,,,16585,5.0,5,,,,,,
,,,,,16589,4.0,4,,,,,,
,,,,,16594,5.0,5,,,,,,
,,,,,16613,19.0,19,,,,,,
,,,,,16622,9.0,9,,,,,,
,,,,,16626,4.0,4,,,,,,
,,,,,16644,18.0,18,,,,,,
,,,,,16658,14.0,14,,,,,,
,,,,,16666,8.0,8,,,,,,
,,,,,16671,5.0,5,,,,,,
,,,,,16677,6.0,6,,,,,,
,,,,,16704,27.0,27,,,,,,
,,,,,16708,4.0,4,,,,,,
,,,,,16714,6.0,6,,,,,,
,,,,,16719,5.0,5,,,,,,
,,,,,16723,4.0,4,,,,,,
,,,,,16732,9.0,9,,,,,,
,,,,,16736,4.0,4,,,,,,
,,,,,16740,4.0,4,,,,,,
,,,,,16750,10.0,10,,,,,,
,,,,,16757,7.0,7,,,,,,
,,,,,16777,20.0,20,,,,,,
,,,,,16786,9.0,9,,,,,,
,,,,,16790,4.0,4,,,,,,
,,,,,16798,8.0,8,,,,,,
,,,,,16802,4.0,4,,,,,,
,,,,,16813,11.0,11,,,,,,
,,,,,16816,3.0,3,,,,,,
,,,,,16828,12.0,12,,,,,,
,,,,,16831,3.0,3,,,,,,
,,,,,16836,5.0,5,,,,,,
,,,,,16841,5.0,5,,,,,,
,,,,,16849,8.0,8,,,,,,
,,,,,16865,16.0,16,,,,,,
,,,,,16868,3.0,3,,,,,,
,,,,,16872,4.0,4,,,,,,
,,,,,16885,13.0,13,,,,,,
,,,,,16889,4.0,4,,,,,,
,,,,,16894,5.0,5,,,,,,
,,,,,16897,3.0,3,,,,,,
,,,,,16900,3.0,3,,,,,,
,,,,,16906,6.0,6,,,,,,
,,,,,16909,3.0,3,,,,,,
,,,,,16914,5.0,5,,,,,,
,,,,,16921,7.0,7,,,,,,
,,,,,16926,5.0,5,,,,,,
,,,,,16932,6.0,6,,,,,,
,,,,,16943,11.0,11,,,,,,
,,,,,16949,6.0,6,,,,,,
,,,,,16966,17.0,17,,,,,,
,,,,,16970,4.0,4,,,,,,
,,,,,16981,11.0,11,,,,,,
,,,,,16990,9.0,9,,,,,,
,,,,,16999,9.0,9,,,,,,
,,,,,17000,,,1.6938197612762451,5.025043487548828,5.163319110870361,0.0003,0.0003,0.1
,,,,,17006,7.0,7,,,,,,
,,,,,17010,4.0,4,,,,,,
,,,,,17019,9.0,9,,,,,,
,,,,,17036,17.0,17,,,,,,
,,,,,17039,3.0,3,,,,,,
,,,,,17055,16.0,16,,,,,,
,,,,,17068,13.0,13,,,,,,
,,,,,17074,6.0,6,,,,,,
,,,,,17078,4.0,4,,,,,,
,,,,,17083,5.0,5,,,,,,
,,,,,17087,4.0,4,,,,,,
,,,,,17095,8.0,8,,,,,,
,,,,,17100,5.0,5,,,,,,
,,,,,17105,5.0,5,,,,,,
,,,,,17109,4.0,4,,,,,,
,,,,,17115,6.0,6,,,,,,
,,,,,17121,6.0,6,,,,,,
,,,,,17130,9.0,9,,,,,,
,,,,,17135,5.0,5,,,,,,
,,,,,17142,7.0,7,,,,,,
,,,,,17145,3.0,3,,,,,,
,,,,,17148,3.0,3,,,,,,
,,,,,17161,13.0,13,,,,,,
,,,,,17166,5.0,5,,,,,,
,,,,,17175,9.0,9,,,,,,
,,,,,17180,5.0,5,,,,,,
,,,,,17188,8.0,8,,,,,,
,,,,,17192,4.0,4,,,,,,
,,,,,17204,12.0,12,,,,,,
,,,,,17209,5.0,5,,,,,,
,,,,,17212,3.0,3,,,,,,
,,,,,17215,3.0,3,,,,,,
,,,,,17218,3.0,3,,,,,,
,,,,,17222,4.0,4,,,,,,
,,,,,17241,19.0,19,,,,,,
,,,,,17246,5.0,5,,,,,,
,,,,,17251,5.0,5,,,,,,
,,,,,17262,11.0,11,,,,,,
,,,,,17279,17.0,17,,,,,,
,,,,,17286,7.0,7,,,,,,
,,,,,17296,10.0,10,,,,,,
,,,,,17299,3.0,3,,,,,,
,,,,,17302,3.0,3,,,,,,
,,,,,17305,3.0,3,,,,,,
,,,,,17311,6.0,6,,,,,,
,,,,,17314,3.0,3,,,,,,
,,,,,17319,5.0,5,,,,,,
,,,,,17329,10.0,10,,,,,,
,,,,,17339,10.0,10,,,,,,
,,,,,17343,4.0,4,,,,,,
,,,,,17347,4.0,4,,,,,,
,,,,,17350,3.0,3,,,,,,
,,,,,17361,11.0,11,,,,,,
,,,,,17368,7.0,7,,,,,,
,,,,,17378,10.0,10,,,,,,
,,,,,17407,29.0,29,,,,,,
,,,,,17412,5.0,5,,,,,,
,,,,,17416,4.0,4,,,,,,
,,,,,17422,6.0,6,,,,,,
,,,,,17429,7.0,7,,,,,,
,,,,,17437,8.0,8,,,,,,
,,,,,17456,19.0,19,,,,,,
,,,,,17464,8.0,8,,,,,,
,,,,,17474,10.0,10,,,,,,
,,,,,17480,6.0,6,,,,,,
,,,,,17483,3.0,3,,,,,,
,,,,,17493,10.0,10,,,,,,
,,,,,17498,5.0,5,,,,,,
,,,,,17506,8.0,8,,,,,,
,,,,,17515,9.0,9,,,,,,
,,,,,17525,10.0,10,,,,,,
,,,,,17531,6.0,6,,,,,,
,,,,,17543,12.0,12,,,,,,
,,,,,17550,7.0,7,,,,,,
,,,,,17554,4.0,4,,,,,,
,,,,,17559,5.0,5,,,,,,
,,,,,17565,6.0,6,,,,,,
,,,,,17573,8.0,8,,,,,,
,,,,,17578,5.0,5,,,,,,
,,,,,17585,7.0,7,,,,,,
,,,,,17588,3.0,3,,,,,,
,,,,,17591,3.0,3,,,,,,
,,,,,17595,4.0,4,,,,,,
,,,,,17601,6.0,6,,,,,,
,,,,,17605,4.0,4,,,,,,
,,,,,17616,11.0,11,,,,,,
,,,,,17621,5.0,5,,,,,,
,,,,,17624,3.0,3,,,,,,
,,,,,17628,4.0,4,,,,,,
,,,,,17632,4.0,4,,,,,,
,,,,,17640,8.0,8,,,,,,
,,,,,17649,9.0,9,,,,,,
,,,,,17654,5.0,5,,,,,,
,,,,,17657,3.0,3,,,,,,
,,,,,17661,4.0,4,,,,,,
,,,,,17664,3.0,3,,,,,,
,,,,,17677,13.0,13,,,,,,
,,,,,17683,6.0,6,,,,,,
,,,,,17695,12.0,12,,,,,,
,,,,,17712,17.0,17,,,,,,
,,,,,17720,8.0,8,,,,,,
,,,,,17732,12.0,12,,,,,,
,,,,,17737,5.0,5,,,,,,
,,,,,17741,4.0,4,,,,,,
,,,,,17747,6.0,6,,,,,,
,,,,,17751,4.0,4,,,,,,
,,,,,17764,13.0,13,,,,,,
,,,,,17768,4.0,4,,,,,,
,,,,,17771,3.0,3,,,,,,
,,,,,17776,5.0,5,,,,,,
,,,,,17780,4.0,4,,,,,,
,,,,,17783,3.0,3,,,,,,
,,,,,17787,4.0,4,,,,,,
,,,,,17793,6.0,6,,,,,,
,,,,,17800,7.0,7,,,,,,
,,,,,17804,4.0,4,,,,,,
,,,,,17808,4.0,4,,,,,,
,,,,,17817,9.0,9,,,,,,
,,,,,17821,4.0,4,,,,,,
,,,,,17825,4.0,4,,,,,,
,,,,,17832,7.0,7,,,,,,
,,,,,17836,4.0,4,,,,,,
,,,,,17844,8.0,8,,,,,,
,,,,,17860,16.0,16,,,,,,
,,,,,17864,4.0,4,,,,,,
,,,,,17867,3.0,3,,,,,,
,,,,,17871,4.0,4,,,,,,
,,,,,17874,3.0,3,,,,,,
,,,,,17893,19.0,19,,,,,,
,,,,,17900,7.0,7,,,,,,
,,,,,17904,4.0,4,,,,,,
,,,,,17917,13.0,13,,,,,,
,,,,,17923,6.0,6,,,,,,
,,,,,17927,4.0,4,,,,,,
,,,,,17930,3.0,3,,,,,,
,,,,,17936,6.0,6,,,,,,
,,,,,17941,5.0,5,,,,,,
,,,,,17948,7.0,7,,,,,,
,,,,,17954,6.0,6,,,,,,
,,,,,17959,5.0,5,,,,,,
,,,,,17964,5.0,5,,,,,,
,,,,,17967,3.0,3,,,,,,
,,,,,17971,4.0,4,,,,,,
,,,,,17981,10.0,10,,,,,,
,,,,,17988,7.0,7,,,,,,
,,,,,17995,7.0,7,,,,,,
,,,,,17998,3.0,3,,,,,,
,,,,,18000,,,2.2478599548339844,5.133959770202637,5.246967792510986,0.0003,0.0003,0.1
,,,,,18027,29.0,29,,,,,,
,,,,,18031,4.0,4,,,,,,
,,,,,18034,3.0,3,,,,,,
,,,,,18041,7.0,7,,,,,,
,,,,,18045,4.0,4,,,,,,
,,,,,18055,10.0,10,,,,,,
,,,,,18060,5.0,5,,,,,,
,,,,,18070,10.0,10,,,,,,
,,,,,18075,5.0,5,,,,,,
,,,,,18090,15.0,15,,,,,,
,,,,,18093,3.0,3,,,,,,
,,,,,18101,8.0,8,,,,,,
,,,,,18107,6.0,6,,,,,,
,,,,,18115,8.0,8,,,,,,
,,,,,18119,4.0,4,,,,,,
,,,,,18127,8.0,8,,,,,,
,,,,,18132,5.0,5,,,,,,
,,,,,18137,5.0,5,,,,,,
,,,,,18141,4.0,4,,,,,,
,,,,,18147,6.0,6,,,,,,
,,,,,18153,6.0,6,,,,,,
,,,,,18158,5.0,5,,,,,,
,,,,,18165,7.0,7,,,,,,
,,,,,18168,3.0,3,,,,,,
,,,,,18179,11.0,11,,,,,,
,,,,,18182,3.0,3,,,,,,
,,,,,18189,7.0,7,,,,,,
,,,,,18194,5.0,5,,,,,,
,,,,,18204,10.0,10,,,,,,
,,,,,18207,3.0,3,,,,,,
,,,,,18213,6.0,6,,,,,,
,,,,,18217,4.0,4,,,,,,
,,,,,18224,7.0,7,,,,,,
,,,,,18241,17.0,17,,,,,,
,,,,,18258,17.0,17,,,,,,
,,,,,18261,3.0,3,,,,,,
,,,,,18265,4.0,4,,,,,,
,,,,,18270,5.0,5,,,,,,
,,,,,18273,3.0,3,,,,,,
,,,,,18277,4.0,4,,,,,,
,,,,,18282,5.0,5,,,,,,
,,,,,18286,4.0,4,,,,,,
,,,,,18294,8.0,8,,,,,,
,,,,,18297,3.0,3,,,,,,
,,,,,18306,9.0,9,,,,,,
,,,,,18310,4.0,4,,,,,,
,,,,,18314,4.0,4,,,,,,
,,,,,18323,9.0,9,,,,,,
,,,,,18331,8.0,8,,,,,,
,,,,,18366,35.0,35,,,,,,
,,,,,18374,8.0,8,,,,,,
,,,,,18378,4.0,4,,,,,,
,,,,,18381,3.0,3,,,,,,
,,,,,18388,7.0,7,,,,,,
,,,,,18392,4.0,4,,,,,,
,,,,,18398,6.0,6,,,,,,
,,,,,18404,6.0,6,,,,,,
,,,,,18409,5.0,5,,,,,,
,,,,,18415,6.0,6,,,,,,
,,,,,18432,17.0,17,,,,,,
,,,,,18438,6.0,6,,,,,,
,,,,,18441,3.0,3,,,,,,
,,,,,18446,5.0,5,,,,,,
,,,,,18450,4.0,4,,,,,,
,,,,,18454,4.0,4,,,,,,
,,,,,18457,3.0,3,,,,,,
,,,,,18460,3.0,3,,,,,,
,,,,,18464,4.0,4,,,,,,
,,,,,18470,6.0,6,,,,,,
,,,,,18473,3.0,3,,,,,,
,,,,,18478,5.0,5,,,,,,
,,,,,18489,11.0,11,,,,,,
,,,,,18493,4.0,4,,,,,,
,,,,,18499,6.0,6,,,,,,
,,,,,18503,4.0,4,,,,,,
,,,,,18510,7.0,7,,,,,,
,,,,,18517,7.0,7,,,,,,
,,,,,18523,6.0,6,,,,,,
,,,,,18526,3.0,3,,,,,,
,,,,,18542,16.0,16,,,,,,
,,,,,18549,7.0,7,,,,,,
,,,,,18553,4.0,4,,,,,,
,,,,,18561,8.0,8,,,,,,
,,,,,18582,21.0,21,,,,,,
,,,,,18588,6.0,6,,,,,,
,,,,,18594,6.0,6,,,,,,
,,,,,18599,5.0,5,,,,,,
,,,,,18612,13.0,13,,,,,,
,,,,,18621,9.0,9,,,,,,
,,,,,18627,6.0,6,,,,,,
,,,,,18638,11.0,11,,,,,,
,,,,,18642,4.0,4,,,,,,
,,,,,18646,4.0,4,,,,,,
,,,,,18650,4.0,4,,,,,,
,,,,,18655,5.0,5,,,,,,
,,,,,18672,17.0,17,,,,,,
,,,,,18683,11.0,11,,,,,,
,,,,,18687,4.0,4,,,,,,
,,,,,18691,4.0,4,,,,,,
,,,,,18713,22.0,22,,,,,,
,,,,,18719,6.0,6,,,,,,
,,,,,18723,4.0,4,,,,,,
,,,,,18726,3.0,3,,,,,,
,,,,,18731,5.0,5,,,,,,
,,,,,18735,4.0,4,,,,,,
,,,,,18747,12.0,12,,,,,,
,,,,,18753,6.0,6,,,,,,
,,,,,18762,9.0,9,,,,,,
,,,,,18765,3.0,3,,,,,,
,,,,,18775,10.0,10,,,,,,
,,,,,18780,5.0,5,,,,,,
,,,,,18786,6.0,6,,,,,,
,,,,,18795,9.0,9,,,,,,
,,,,,18809,14.0,14,,,,,,
,,,,,18815,6.0,6,,,,,,
,,,,,18818,3.0,3,,,,,,
,,,,,18823,5.0,5,,,,,,
,,,,,18827,4.0,4,,,,,,
,,,,,18842,15.0,15,,,,,,
,,,,,18848,6.0,6,,,,,,
,,,,,18857,9.0,9,,,,,,
,,,,,18867,10.0,10,,,,,,
,,,,,18872,5.0,5,,,,,,
,,,,,18875,3.0,3,,,,,,
,,,,,18878,3.0,3,,,,,,
,,,,,18884,6.0,6,,,,,,
,,,,,18890,6.0,6,,,,,,
,,,,,18898,8.0,8,,,,,,
,,,,,18905,7.0,7,,,,,,
,,,,,18909,4.0,4,,,,,,
,,,,,18912,3.0,3,,,,,,
,,,,,18924,12.0,12,,,,,,
,,,,,18933,9.0,9,,,,,,
,,,,,18938,5.0,5,,,,,,
,,,,,18947,9.0,9,,,,,,
,,,,,18951,4.0,4,,,,,,
,,,,,18955,4.0,4,,,,,,
,,,,,18961,6.0,6,,,,,,
,,,,,18967,6.0,6,,,,,,
,,,,,18971,4.0,4,,,,,,
,,,,,18975,4.0,4,,,,,,
,,,,,18982,7.0,7,,,,,,
,,,,,18986,4.0,4,,,,,,
,,,,,18990,4.0,4,,,,,,
,,,,,18996,6.0,6,,,,,,
,,,,,19000,,,1.542686939239502,4.574367523193359,4.555802822113037,0.0003,0.0003,0.1
,,,,,19001,5.0,5,,,,,,
,,,,,19012,11.0,11,,,,,,
,,,,,19015,3.0,3,,,,,,
,,,,,19020,5.0,5,,,,,,
,,,,,19023,3.0,3,,,,,,
,,,,,19026,3.0,3,,,,,,
,,,,,19029,3.0,3,,,,,,
,,,,,19035,6.0,6,,,,,,
,,,,,19039,4.0,4,,,,,,
,,,,,19042,3.0,3,,,,,,
,,,,,19057,15.0,15,,,,,,
,,,,,19062,5.0,5,,,,,,
,,,,,19075,13.0,13,,,,,,
,,,,,19082,7.0,7,,,,,,
,,,,,19086,4.0,4,,,,,,
,,,,,19090,4.0,4,,,,,,
,,,,,19095,5.0,5,,,,,,
,,,,,19101,6.0,6,,,,,,
,,,,,19107,6.0,6,,,,,,
,,,,,19112,5.0,5,,,,,,
,,,,,19116,4.0,4,,,,,,
,,,,,19124,8.0,8,,,,,,
,,,,,19138,14.0,14,,,,,,
,,,,,19150,12.0,12,,,,,,
,,,,,19154,4.0,4,,,,,,
,,,,,19159,5.0,5,,,,,,
,,,,,19162,3.0,3,,,,,,
,,,,,19170,8.0,8,,,,,,
,,,,,19174,4.0,4,,,,,,
,,,,,19182,8.0,8,,,,,,
,,,,,19186,4.0,4,,,,,,
,,,,,19191,5.0,5,,,,,,
,,,,,19195,4.0,4,,,,,,
,,,,,19199,4.0,4,,,,,,
,,,,,19203,4.0,4,,,,,,
,,,,,19206,3.0,3,,,,,,
,,,,,19210,4.0,4,,,,,,
,,,,,19215,5.0,5,,,,,,
,,,,,19221,6.0,6,,,,,,
,,,,,19229,8.0,8,,,,,,
,,,,,19232,3.0,3,,,,,,
,,,,,19239,7.0,7,,,,,,
,,,,,19248,9.0,9,,,,,,
,,,,,19252,4.0,4,,,,,,
,,,,,19255,3.0,3,,,,,,
,,,,,19266,11.0,11,,,,,,
,,,,,19270,4.0,4,,,,,,
,,,,,19279,9.0,9,,,,,,
,,,,,19285,6.0,6,,,,,,
,,,,,19288,3.0,3,,,,,,
,,,,,19291,3.0,3,,,,,,
,,,,,19296,5.0,5,,,,,,
,,,,,19299,3.0,3,,,,,,
,,,,,19309,10.0,10,,,,,,
,,,,,19313,4.0,4,,,,,,
,,,,,19317,4.0,4,,,,,,
,,,,,19324,7.0,7,,,,,,
,,,,,19328,4.0,4,,,,,,
,,,,,19333,5.0,5,,,,,,
,,,,,19340,7.0,7,,,,,,
,,,,,19343,3.0,3,,,,,,
,,,,,19346,3.0,3,,,,,,
,,,,,19356,10.0,10,,,,,,
,,,,,19360,4.0,4,,,,,,
,,,,,19366,6.0,6,,,,,,
,,,,,19376,10.0,10,,,,,,
,,,,,19381,5.0,5,,,,,,
,,,,,19389,8.0,8,,,,,,
,,,,,19397,8.0,8,,,,,,
,,,,,19402,5.0,5,,,,,,
,,,,,19409,7.0,7,,,,,,
,,,,,19426,17.0,17,,,,,,
,,,,,19446,20.0,20,,,,,,
,,,,,19457,11.0,11,,,,,,
,,,,,19462,5.0,5,,,,,,
,,,,,19465,3.0,3,,,,,,
,,,,,19473,8.0,8,,,,,,
,,,,,19480,7.0,7,,,,,,
,,,,,19490,10.0,10,,,,,,
,,,,,19499,9.0,9,,,,,,
,,,,,19510,11.0,11,,,,,,
,,,,,19515,5.0,5,,,,,,
,,,,,19519,4.0,4,,,,,,
,,,,,19527,8.0,8,,,,,,
,,,,,19532,5.0,5,,,,,,
,,,,,19536,4.0,4,,,,,,
,,,,,19542,6.0,6,,,,,,
,,,,,19552,10.0,10,,,,,,
,,,,,19558,6.0,6,,,,,,
,,,,,19564,6.0,6,,,,,,
,,,,,19568,4.0,4,,,,,,
,,,,,19577,9.0,9,,,,,,
,,,,,19584,7.0,7,,,,,,
,,,,,19587,3.0,3,,,,,,
,,,,,19612,25.0,25,,,,,,
,,,,,19622,10.0,10,,,,,,
,,,,,19640,18.0,18,,,,,,
,,,,,19650,10.0,10,,,,,,
,,,,,19654,4.0,4,,,,,,
,,,,,19660,6.0,6,,,,,,
,,,,,19664,4.0,4,,,,,,
,,,,,19672,8.0,8,,,,,,
,,,,,19678,6.0,6,,,,,,
,,,,,19698,20.0,20,,,,,,
,,,,,19703,5.0,5,,,,,,
,,,,,19711,8.0,8,,,,,,
,,,,,19716,5.0,5,,,,,,
,,,,,19723,7.0,7,,,,,,
,,,,,19727,4.0,4,,,,,,
,,,,,19732,5.0,5,,,,,,
,,,,,19746,14.0,14,,,,,,
,,,,,19752,6.0,6,,,,,,
,,,,,19757,5.0,5,,,,,,
,,,,,19772,15.0,15,,,,,,
,,,,,19786,14.0,14,,,,,,
,,,,,19789,3.0,3,,,,,,
,,,,,19795,6.0,6,,,,,,
,,,,,19800,5.0,5,,,,,,
,,,,,19806,6.0,6,,,,,,
,,,,,19812,6.0,6,,,,,,
,,,,,19817,5.0,5,,,,,,
,,,,,19826,9.0,9,,,,,,
,,,,,19831,5.0,5,,,,,,
,,,,,19839,8.0,8,,,,,,
,,,,,19843,4.0,4,,,,,,
,,,,,19848,5.0,5,,,,,,
,,,,,19851,3.0,3,,,,,,
,,,,,19857,6.0,6,,,,,,
,,,,,19861,4.0,4,,,,,,
,,,,,19868,7.0,7,,,,,,
,,,,,19880,12.0,12,,,,,,
,,,,,19883,3.0,3,,,,,,
,,,,,19886,3.0,3,,,,,,
,,,,,19891,5.0,5,,,,,,
,,,,,19896,5.0,5,,,,,,
,,,,,19904,8.0,8,,,,,,
,,,,,19912,8.0,8,,,,,,
,,,,,19916,4.0,4,,,,,,
,,,,,19922,6.0,6,,,,,,
,,,,,19930,8.0,8,,,,,,
,,,,,19935,5.0,5,,,,,,
,,,,,19939,4.0,4,,,,,,
,,,,,19942,3.0,3,,,,,,
,,,,,19946,4.0,4,,,,,,
,,,,,19949,3.0,3,,,,,,
,,,,,19954,5.0,5,,,,,,
,,,,,19963,9.0,9,,,,,,
,,,,,19970,7.0,7,,,,,,
,,,,,19975,5.0,5,,,,,,
,,,,,19980,5.0,5,,,,,,
,,,,,19992,12.0,12,,,,,,
,,,,,19998,6.0,6,,,,,,
7.7,3.7161808,15.0,3.0,7.7,20000,,,1.5776411294937134,5.011035442352295,5.08957052230835,0.0003,0.0003,0.1
,,,,,20002,4.0,4,,,,,,
,,,,,20013,11.0,11,,,,,,
,,,,,20021,8.0,8,,,,,,
,,,,,20025,4.0,4,,,,,,
,,,,,20033,8.0,8,,,,,,
,,,,,20038,5.0,5,,,,,,
,,,,,20052,14.0,14,,,,,,
,,,,,20058,6.0,6,,,,,,
,,,,,20061,3.0,3,,,,,,
,,,,,20069,8.0,8,,,,,,
,,,,,20075,6.0,6,,,,,,
,,,,,20080,5.0,5,,,,,,
,,,,,20084,4.0,4,,,,,,
,,,,,20091,7.0,7,,,,,,
,,,,,20095,4.0,4,,,,,,
,,,,,20100,5.0,5,,,,,,
,,,,,20106,6.0,6,,,,,,
,,,,,20109,3.0,3,,,,,,
,,,,,20113,4.0,4,,,,,,
,,,,,20124,11.0,11,,,,,,
,,,,,20133,9.0,9,,,,,,
,,,,,20148,15.0,15,,,,,,
,,,,,20170,22.0,22,,,,,,
,,,,,20174,4.0,4,,,,,,
,,,,,20178,4.0,4,,,,,,
,,,,,20188,10.0,10,,,,,,
,,,,,20193,5.0,5,,,,,,
,,,,,20203,10.0,10,,,,,,
,,,,,20209,6.0,6,,,,,,
,,,,,20231,22.0,22,,,,,,
,,,,,20236,5.0,5,,,,,,
,,,,,20240,4.0,4,,,,,,
,,,,,20246,6.0,6,,,,,,
,,,,,20258,12.0,12,,,,,,
,,,,,20266,8.0,8,,,,,,
,,,,,20274,8.0,8,,,,,,
,,,,,20287,13.0,13,,,,,,
,,,,,20290,3.0,3,,,,,,
,,,,,20300,10.0,10,,,,,,
,,,,,20308,8.0,8,,,,,,
,,,,,20312,4.0,4,,,,,,
,,,,,20320,8.0,8,,,,,,
,,,,,20331,11.0,11,,,,,,
,,,,,20335,4.0,4,,,,,,
,,,,,20345,10.0,10,,,,,,
,,,,,20353,8.0,8,,,,,,
,,,,,20368,15.0,15,,,,,,
,,,,,20375,7.0,7,,,,,,
,,,,,20378,3.0,3,,,,,,
,,,,,20382,4.0,4,,,,,,
,,,,,20387,5.0,5,,,,,,
,,,,,20394,7.0,7,,,,,,
,,,,,20403,9.0,9,,,,,,
,,,,,20414,11.0,11,,,,,,
,,,,,20418,4.0,4,,,,,,
,,,,,20429,11.0,11,,,,,,
,,,,,20433,4.0,4,,,,,,
,,,,,20436,3.0,3,,,,,,
,,,,,20439,3.0,3,,,,,,
,,,,,20443,4.0,4,,,,,,
,,,,,20451,8.0,8,,,,,,
,,,,,20462,11.0,11,,,,,,
,,,,,20479,17.0,17,,,,,,
,,,,,20482,3.0,3,,,,,,
,,,,,20490,8.0,8,,,,,,
,,,,,20502,12.0,12,,,,,,
,,,,,20505,3.0,3,,,,,,
,,,,,20510,5.0,5,,,,,,
,,,,,20523,13.0,13,,,,,,
,,,,,20532,9.0,9,,,,,,
,,,,,20537,5.0,5,,,,,,
,,,,,20541,4.0,4,,,,,,
,,,,,20547,6.0,6,,,,,,
,,,,,20556,9.0,9,,,,,,
,,,,,20567,11.0,11,,,,,,
,,,,,20579,12.0,12,,,,,,
,,,,,20584,5.0,5,,,,,,
,,,,,20591,7.0,7,,,,,,
,,,,,20617,26.0,26,,,,,,
,,,,,20627,10.0,10,,,,,,
,,,,,20633,6.0,6,,,,,,
,,,,,20637,4.0,4,,,,,,
,,,,,20647,10.0,10,,,,,,
,,,,,20652,5.0,5,,,,,,
,,,,,20655,3.0,3,,,,,,
,,,,,20661,6.0,6,,,,,,
,,,,,20675,14.0,14,,,,,,
,,,,,20679,4.0,4,,,,,,
,,,,,20682,3.0,3,,,,,,
,,,,,20685,3.0,3,,,,,,
,,,,,20689,4.0,4,,,,,,
,,,,,20693,4.0,4,,,,,,
,,,,,20702,9.0,9,,,,,,
,,,,,20706,4.0,4,,,,,,
,,,,,20715,9.0,9,,,,,,
,,,,,20719,4.0,4,,,,,,
,,,,,20736,17.0,17,,,,,,
,,,,,20744,8.0,8,,,,,,
,,,,,20749,5.0,5,,,,,,
,,,,,20759,10.0,10,,,,,,
,,,,,20767,8.0,8,,,,,,
,,,,,20773,6.0,6,,,,,,
,,,,,20783,10.0,10,,,,,,
,,,,,20792,9.0,9,,,,,,
,,,,,20795,3.0,3,,,,,,
,,,,,20799,4.0,4,,,,,,
,,,,,20805,6.0,6,,,,,,
,,,,,20810,5.0,5,,,,,,
,,,,,20813,3.0,3,,,,,,
,,,,,20821,8.0,8,,,,,,
,,,,,20828,7.0,7,,,,,,
,,,,,20832,4.0,4,,,,,,
,,,,,20841,9.0,9,,,,,,
,,,,,20845,4.0,4,,,,,,
,,,,,20849,4.0,4,,,,,,
,,,,,20857,8.0,8,,,,,,
,,,,,20863,6.0,6,,,,,,
,,,,,20869,6.0,6,,,,,,
,,,,,20874,5.0,5,,,,,,
,,,,,20879,5.0,5,,,,,,
,,,,,20883,4.0,4,,,,,,
,,,,,20893,10.0,10,,,,,,
,,,,,20897,4.0,4,,,,,,
,,,,,20906,9.0,9,,,,,,
,,,,,20910,4.0,4,,,,,,
,,,,,20919,9.0,9,,,,,,
,,,,,20927,8.0,8,,,,,,
,,,,,20934,7.0,7,,,,,,
,,,,,20952,18.0,18,,,,,,
,,,,,20956,4.0,4,,,,,,
,,,,,20962,6.0,6,,,,,,
,,,,,20972,10.0,10,,,,,,
,,,,,20975,3.0,3,,,,,,
,,,,,20979,4.0,4,,,,,,
,,,,,20985,6.0,6,,,,,,
,,,,,20988,3.0,3,,,,,,
,,,,,20995,7.0,7,,,,,,
,,,,,21000,,,1.8616406917572021,4.945080280303955,4.959469318389893,0.0003,0.0003,0.1
,,,,,21005,10.0,10,,,,,,
,,,,,21009,4.0,4,,,,,,
,,,,,21031,22.0,22,,,,,,
,,,,,21037,6.0,6,,,,,,
,,,,,21041,4.0,4,,,,,,
,,,,,21046,5.0,5,,,,,,
,,,,,21050,4.0,4,,,,,,
,,,,,21053,3.0,3,,,,,,
,,,,,21085,32.0,32,,,,,,
,,,,,21092,7.0,7,,,,,,
,,,,,21098,6.0,6,,,,,,
,,,,,21104,6.0,6,,,,,,
,,,,,21110,6.0,6,,,,,,
,,,,,21117,7.0,7,,,,,,
,,,,,21125,8.0,8,,,,,,
,,,,,21132,7.0,7,,,,,,
,,,,,21139,7.0,7,,,,,,
,,,,,21143,4.0,4,,,,,,
,,,,,21153,10.0,10,,,,,,
,,,,,21157,4.0,4,,,,,,
,,,,,21166,9.0,9,,,,,,
,,,,,21173,7.0,7,,,,,,
,,,,,21178,5.0,5,,,,,,
,,,,,21185,7.0,7,,,,,,
,,,,,21188,3.0,3,,,,,,
,,,,,21195,7.0,7,,,,,,
,,,,,21203,8.0,8,,,,,,
,,,,,21216,13.0,13,,,,,,
,,,,,21222,6.0,6,,,,,,
,,,,,21225,3.0,3,,,,,,
,,,,,21229,4.0,4,,,,,,
,,,,,21233,4.0,4,,,,,,
,,,,,21239,6.0,6,,,,,,
,,,,,21242,3.0,3,,,,,,
,,,,,21248,6.0,6,,,,,,
,,,,,21274,26.0,26,,,,,,
,,,,,21288,14.0,14,,,,,,
,,,,,21291,3.0,3,,,,,,
,,,,,21300,9.0,9,,,,,,
,,,,,21303,3.0,3,,,,,,
,,,,,21315,12.0,12,,,,,,
,,,,,21320,5.0,5,,,,,,
,,,,,21329,9.0,9,,,,,,
,,,,,21336,7.0,7,,,,,,
,,,,,21343,7.0,7,,,,,,
,,,,,21346,3.0,3,,,,,,
,,,,,21354,8.0,8,,,,,,
,,,,,21357,3.0,3,,,,,,
,,,,,21368,11.0,11,,,,,,
,,,,,21374,6.0,6,,,,,,
,,,,,21381,7.0,7,,,,,,
,,,,,21392,11.0,11,,,,,,
,,,,,21396,4.0,4,,,,,,
,,,,,21411,15.0,15,,,,,,
,,,,,21417,6.0,6,,,,,,
,,,,,21435,18.0,18,,,,,,
,,,,,21438,3.0,3,,,,,,
,,,,,21442,4.0,4,,,,,,
,,,,,21449,7.0,7,,,,,,
,,,,,21456,7.0,7,,,,,,
,,,,,21460,4.0,4,,,,,,
,,,,,21465,5.0,5,,,,,,
,,,,,21470,5.0,5,,,,,,
,,,,,21474,4.0,4,,,,,,
,,,,,21498,24.0,24,,,,,,
,,,,,21508,10.0,10,,,,,,
,,,,,21512,4.0,4,,,,,,
,,,,,21523,11.0,11,,,,,,
,,,,,21527,4.0,4,,,,,,
,,,,,21533,6.0,6,,,,,,
,,,,,21538,5.0,5,,,,,,
,,,,,21542,4.0,4,,,,,,
,,,,,21549,7.0,7,,,,,,
,,,,,21553,4.0,4,,,,,,
,,,,,21559,6.0,6,,,,,,
,,,,,21569,10.0,10,,,,,,
,,,,,21576,7.0,7,,,,,,
,,,,,21583,7.0,7,,,,,,
,,,,,21597,14.0,14,,,,,,
,,,,,21611,14.0,14,,,,,,
,,,,,21619,8.0,8,,,,,,
,,,,,21624,5.0,5,,,,,,
,,,,,21630,6.0,6,,,,,,
,,,,,21635,5.0,5,,,,,,
,,,,,21646,11.0,11,,,,,,
,,,,,21655,9.0,9,,,,,,
,,,,,21668,13.0,13,,,,,,
,,,,,21672,4.0,4,,,,,,
,,,,,21676,4.0,4,,,,,,
,,,,,21679,3.0,3,,,,,,
,,,,,21684,5.0,5,,,,,,
,,,,,21696,12.0,12,,,,,,
,,,,,21703,7.0,7,,,,,,
,,,,,21712,9.0,9,,,,,,
,,,,,21717,5.0,5,,,,,,
,,,,,21726,9.0,9,,,,,,
,,,,,21732,6.0,6,,,,,,
,,,,,21736,4.0,4,,,,,,
,,,,,21741,5.0,5,,,,,,
,,,,,21745,4.0,4,,,,,,
,,,,,21748,3.0,3,,,,,,
,,,,,21754,6.0,6,,,,,,
,,,,,21764,10.0,10,,,,,,
,,,,,21767,3.0,3,,,,,,
,,,,,21771,4.0,4,,,,,,
,,,,,21776,5.0,5,,,,,,
,,,,,21780,4.0,4,,,,,,
,,,,,21785,5.0,5,,,,,,
,,,,,21788,3.0,3,,,,,,
,,,,,21792,4.0,4,,,,,,
,,,,,21798,6.0,6,,,,,,
,,,,,21805,7.0,7,,,,,,
,,,,,21816,11.0,11,,,,,,
,,,,,21821,5.0,5,,,,,,
,,,,,21825,4.0,4,,,,,,
,,,,,21834,9.0,9,,,,,,
,,,,,21838,4.0,4,,,,,,
,,,,,21850,12.0,12,,,,,,
,,,,,21858,8.0,8,,,,,,
,,,,,21862,4.0,4,,,,,,
,,,,,21865,3.0,3,,,,,,
,,,,,21881,16.0,16,,,,,,
,,,,,21891,10.0,10,,,,,,
,,,,,21896,5.0,5,,,,,,
,,,,,21900,4.0,4,,,,,,
,,,,,21904,4.0,4,,,,,,
,,,,,21911,7.0,7,,,,,,
,,,,,21914,3.0,3,,,,,,
,,,,,21918,4.0,4,,,,,,
,,,,,21924,6.0,6,,,,,,
,,,,,21928,4.0,4,,,,,,
,,,,,21934,6.0,6,,,,,,
,,,,,21942,8.0,8,,,,,,
,,,,,21946,4.0,4,,,,,,
,,,,,21963,17.0,17,,,,,,
,,,,,21968,5.0,5,,,,,,
,,,,,21984,16.0,16,,,,,,
,,,,,21990,6.0,6,,,,,,
,,,,,22000,,,1.874411940574646,4.9611897468566895,5.044792652130127,0.0003,0.0003,0.1
,,,,,22002,12.0,12,,,,,,
,,,,,22011,9.0,9,,,,,,
,,,,,22015,4.0,4,,,,,,
,,,,,22019,4.0,4,,,,,,
,,,,,22023,4.0,4,,,,,,
,,,,,22026,3.0,3,,,,,,
,,,,,22029,3.0,3,,,,,,
,,,,,22032,3.0,3,,,,,,
,,,,,22041,9.0,9,,,,,,
,,,,,22044,3.0,3,,,,,,
,,,,,22049,5.0,5,,,,,,
,,,,,22054,5.0,5,,,,,,
,,,,,22057,3.0,3,,,,,,
,,,,,22066,9.0,9,,,,,,
,,,,,22069,3.0,3,,,,,,
,,,,,22076,7.0,7,,,,,,
,,,,,22085,9.0,9,,,,,,
,,,,,22093,8.0,8,,,,,,
,,,,,22096,3.0,3,,,,,,
,,,,,22099,3.0,3,,,,,,
,,,,,22102,3.0,3,,,,,,
,,,,,22111,9.0,9,,,,,,
,,,,,22125,14.0,14,,,,,,
,,,,,22141,16.0,16,,,,,,
,,,,,22151,10.0,10,,,,,,
,,,,,22154,3.0,3,,,,,,
,,,,,22162,8.0,8,,,,,,
,,,,,22168,6.0,6,,,,,,
,,,,,22179,11.0,11,,,,,,
,,,,,22184,5.0,5,,,,,,
,,,,,22188,4.0,4,,,,,,
,,,,,22192,4.0,4,,,,,,
,,,,,22202,10.0,10,,,,,,
,,,,,22208,6.0,6,,,,,,
,,,,,22212,4.0,4,,,,,,
,,,,,22221,9.0,9,,,,,,
,,,,,22225,4.0,4,,,,,,
,,,,,22228,3.0,3,,,,,,
,,,,,22232,4.0,4,,,,,,
,,,,,22236,4.0,4,,,,,,
,,,,,22247,11.0,11,,,,,,
,,,,,22258,11.0,11,,,,,,
,,,,,22267,9.0,9,,,,,,
,,,,,22270,3.0,3,,,,,,
,,,,,22278,8.0,8,,,,,,
,,,,,22286,8.0,8,,,,,,
,,,,,22301,15.0,15,,,,,,
,,,,,22307,6.0,6,,,,,,
,,,,,22310,3.0,3,,,,,,
,,,,,22320,10.0,10,,,,,,
,,,,,22324,4.0,4,,,,,,
,,,,,22330,6.0,6,,,,,,
,,,,,22338,8.0,8,,,,,,
,,,,,22342,4.0,4,,,,,,
,,,,,22354,12.0,12,,,,,,
,,,,,22364,10.0,10,,,,,,
,,,,,22368,4.0,4,,,,,,
,,,,,22371,3.0,3,,,,,,
,,,,,22380,9.0,9,,,,,,
,,,,,22390,10.0,10,,,,,,
,,,,,22394,4.0,4,,,,,,
,,,,,22404,10.0,10,,,,,,
,,,,,22409,5.0,5,,,,,,
,,,,,22419,10.0,10,,,,,,
,,,,,22424,5.0,5,,,,,,
,,,,,22438,14.0,14,,,,,,
,,,,,22442,4.0,4,,,,,,
,,,,,22448,6.0,6,,,,,,
,,,,,22460,12.0,12,,,,,,
,,,,,22473,13.0,13,,,,,,
,,,,,22481,8.0,8,,,,,,
,,,,,22493,12.0,12,,,,,,
,,,,,22496,3.0,3,,,,,,
,,,,,22499,3.0,3,,,,,,
,,,,,22517,18.0,18,,,,,,
,,,,,22526,9.0,9,,,,,,
,,,,,22549,23.0,23,,,,,,
,,,,,22552,3.0,3,,,,,,
,,,,,22556,4.0,4,,,,,,
,,,,,22563,7.0,7,,,,,,
,,,,,22571,8.0,8,,,,,,
,,,,,22579,8.0,8,,,,,,
,,,,,22582,3.0,3,,,,,,
,,,,,22587,5.0,5,,,,,,
,,,,,22597,10.0,10,,,,,,
,,,,,22601,4.0,4,,,,,,
,,,,,22607,6.0,6,,,,,,
,,,,,22612,5.0,5,,,,,,
,,,,,22618,6.0,6,,,,,,
,,,,,22623,5.0,5,,,,,,
,,,,,22629,6.0,6,,,,,,
,,,,,22633,4.0,4,,,,,,
,,,,,22636,3.0,3,,,,,,
,,,,,22640,4.0,4,,,,,,
,,,,,22644,4.0,4,,,,,,
,,,,,22658,14.0,14,,,,,,
,,,,,22661,3.0,3,,,,,,
,,,,,22675,14.0,14,,,,,,
,,,,,22685,10.0,10,,,,,,
,,,,,22692,7.0,7,,,,,,
,,,,,22696,4.0,4,,,,,,
,,,,,22708,12.0,12,,,,,,
,,,,,22721,13.0,13,,,,,,
,,,,,22725,4.0,4,,,,,,
,,,,,22733,8.0,8,,,,,,
,,,,,22737,4.0,4,,,,,,
,,,,,22744,7.0,7,,,,,,
,,,,,22754,10.0,10,,,,,,
,,,,,22759,5.0,5,,,,,,
,,,,,22762,3.0,3,,,,,,
,,,,,22769,7.0,7,,,,,,
,,,,,22782,13.0,13,,,,,,
,,,,,22789,7.0,7,,,,,,
,,,,,22802,13.0,13,,,,,,
,,,,,22806,4.0,4,,,,,,
,,,,,22811,5.0,5,,,,,,
,,,,,22828,17.0,17,,,,,,
,,,,,22831,3.0,3,,,,,,
,,,,,22836,5.0,5,,,,,,
,,,,,22855,19.0,19,,,,,,
,,,,,22868,13.0,13,,,,,,
,,,,,22877,9.0,9,,,,,,
,,,,,22883,6.0,6,,,,,,
,,,,,22889,6.0,6,,,,,,
,,,,,22895,6.0,6,,,,,,
,,,,,22898,3.0,3,,,,,,
,,,,,22902,4.0,4,,,,,,
,,,,,22905,3.0,3,,,,,,
,,,,,22909,4.0,4,,,,,,
,,,,,22913,4.0,4,,,,,,
,,,,,22922,9.0,9,,,,,,
,,,,,22929,7.0,7,,,,,,
,,,,,22933,4.0,4,,,,,,
,,,,,22938,5.0,5,,,,,,
,,,,,22948,10.0,10,,,,,,
,,,,,22954,6.0,6,,,,,,
,,,,,22962,8.0,8,,,,,,
,,,,,22967,5.0,5,,,,,,
,,,,,22970,3.0,3,,,,,,
,,,,,22981,11.0,11,,,,,,
,,,,,22995,14.0,14,,,,,,
,,,,,23000,,,2.0427520275115967,4.924813270568848,5.125990867614746,0.0003,0.0003,0.1
,,,,,23007,12.0,12,,,,,,
,,,,,23010,3.0,3,,,,,,
,,,,,23015,5.0,5,,,,,,
,,,,,23023,8.0,8,,,,,,
,,,,,23039,16.0,16,,,,,,
,,,,,23047,8.0,8,,,,,,
,,,,,23053,6.0,6,,,,,,
,,,,,23059,6.0,6,,,,,,
,,,,,23066,7.0,7,,,,,,
,,,,,23069,3.0,3,,,,,,
,,,,,23072,3.0,3,,,,,,
,,,,,23076,4.0,4,,,,,,
,,,,,23080,4.0,4,,,,,,
,,,,,23087,7.0,7,,,,,,
,,,,,23096,9.0,9,,,,,,
,,,,,23103,7.0,7,,,,,,
,,,,,23115,12.0,12,,,,,,
,,,,,23120,5.0,5,,,,,,
,,,,,23123,3.0,3,,,,,,
,,,,,23127,4.0,4,,,,,,
,,,,,23134,7.0,7,,,,,,
,,,,,23138,4.0,4,,,,,,
,,,,,23145,7.0,7,,,,,,
,,,,,23149,4.0,4,,,,,,
,,,,,23153,4.0,4,,,,,,
,,,,,23165,12.0,12,,,,,,
,,,,,23181,16.0,16,,,,,,
,,,,,23186,5.0,5,,,,,,
,,,,,23193,7.0,7,,,,,,
,,,,,23198,5.0,5,,,,,,
,,,,,23202,4.0,4,,,,,,
,,,,,23206,4.0,4,,,,,,
,,,,,23212,6.0,6,,,,,,
,,,,,23226,14.0,14,,,,,,
,,,,,23232,6.0,6,,,,,,
,,,,,23237,5.0,5,,,,,,
,,,,,23240,3.0,3,,,,,,
,,,,,23243,3.0,3,,,,,,
,,,,,23250,7.0,7,,,,,,
,,,,,23257,7.0,7,,,,,,
,,,,,23264,7.0,7,,,,,,
,,,,,23268,4.0,4,,,,,,
,,,,,23274,6.0,6,,,,,,
,,,,,23277,3.0,3,,,,,,
,,,,,23280,3.0,3,,,,,,
,,,,,23297,17.0,17,,,,,,
,,,,,23301,4.0,4,,,,,,
,,,,,23310,9.0,9,,,,,,
,,,,,23315,5.0,5,,,,,,
,,,,,23323,8.0,8,,,,,,
,,,,,23329,6.0,6,,,,,,
,,,,,23332,3.0,3,,,,,,
,,,,,23336,4.0,4,,,,,,
,,,,,23341,5.0,5,,,,,,
,,,,,23345,4.0,4,,,,,,
,,,,,23349,4.0,4,,,,,,
,,,,,23357,8.0,8,,,,,,
,,,,,23368,11.0,11,,,,,,
,,,,,23373,5.0,5,,,,,,
,,,,,23382,9.0,9,,,,,,
,,,,,23386,4.0,4,,,,,,
,,,,,23394,8.0,8,,,,,,
,,,,,23398,4.0,4,,,,,,
,,,,,23401,3.0,3,,,,,,
,,,,,23414,13.0,13,,,,,,
,,,,,23423,9.0,9,,,,,,
,,,,,23427,4.0,4,,,,,,
,,,,,23431,4.0,4,,,,,,
,,,,,23442,11.0,11,,,,,,
,,,,,23453,11.0,11,,,,,,
,,,,,23456,3.0,3,,,,,,
,,,,,23461,5.0,5,,,,,,
,,,,,23469,8.0,8,,,,,,
,,,,,23475,6.0,6,,,,,,
,,,,,23479,4.0,4,,,,,,
,,,,,23482,3.0,3,,,,,,
,,,,,23486,4.0,4,,,,,,
,,,,,23491,5.0,5,,,,,,
,,,,,23495,4.0,4,,,,,,
,,,,,23499,4.0,4,,,,,,
,,,,,23502,3.0,3,,,,,,
,,,,,23505,3.0,3,,,,,,
,,,,,23510,5.0,5,,,,,,
,,,,,23515,5.0,5,,,,,,
,,,,,23519,4.0,4,,,,,,
,,,,,23525,6.0,6,,,,,,
,,,,,23530,5.0,5,,,,,,
,,,,,23535,5.0,5,,,,,,
,,,,,23539,4.0,4,,,,,,
,,,,,23544,5.0,5,,,,,,
,,,,,23551,7.0,7,,,,,,
,,,,,23559,8.0,8,,,,,,
,,,,,23565,6.0,6,,,,,,
,,,,,23574,9.0,9,,,,,,
,,,,,23578,4.0,4,,,,,,
,,,,,23581,3.0,3,,,,,,
,,,,,23584,3.0,3,,,,,,
,,,,,23589,5.0,5,,,,,,
,,,,,23595,6.0,6,,,,,,
,,,,,23607,12.0,12,,,,,,
,,,,,23616,9.0,9,,,,,,
,,,,,23619,3.0,3,,,,,,
,,,,,23623,4.0,4,,,,,,
,,,,,23627,4.0,4,,,,,,
,,,,,23632,5.0,5,,,,,,
,,,,,23635,3.0,3,,,,,,
,,,,,23650,15.0,15,,,,,,
,,,,,23656,6.0,6,,,,,,
,,,,,23660,4.0,4,,,,,,
,,,,,23663,3.0,3,,,,,,
,,,,,23674,11.0,11,,,,,,
,,,,,23687,13.0,13,,,,,,
,,,,,23695,8.0,8,,,,,,
,,,,,23708,13.0,13,,,,,,
,,,,,23713,5.0,5,,,,,,
,,,,,23716,3.0,3,,,,,,
,,,,,23726,10.0,10,,,,,,
,,,,,23730,4.0,4,,,,,,
,,,,,23735,5.0,5,,,,,,
,,,,,23742,7.0,7,,,,,,
,,,,,23745,3.0,3,,,,,,
,,,,,23754,9.0,9,,,,,,
,,,,,23765,11.0,11,,,,,,
,,,,,23769,4.0,4,,,,,,
,,,,,23778,9.0,9,,,,,,
,,,,,23784,6.0,6,,,,,,
,,,,,23791,7.0,7,,,,,,
,,,,,23800,9.0,9,,,,,,
,,,,,23806,6.0,6,,,,,,
,,,,,23813,7.0,7,,,,,,
,,,,,23821,8.0,8,,,,,,
,,,,,23824,3.0,3,,,,,,
,,,,,23830,6.0,6,,,,,,
,,,,,23834,4.0,4,,,,,,
,,,,,23838,4.0,4,,,,,,
,,,,,23844,6.0,6,,,,,,
,,,,,23848,4.0,4,,,,,,
,,,,,23854,6.0,6,,,,,,
,,,,,23859,5.0,5,,,,,,
,,,,,23863,4.0,4,,,,,,
,,,,,23870,7.0,7,,,,,,
,,,,,23874,4.0,4,,,,,,
,,,,,23881,7.0,7,,,,,,
,,,,,23907,26.0,26,,,,,,
,,,,,23914,7.0,7,,,,,,
,,,,,23927,13.0,13,,,,,,
,,,,,23930,3.0,3,,,,,,
,,,,,23950,20.0,20,,,,,,
,,,,,23954,4.0,4,,,,,,
,,,,,23958,4.0,4,,,,,,
,,,,,23962,4.0,4,,,,,,
,,,,,23983,21.0,21,,,,,,
,,,,,23986,3.0,3,,,,,,
,,,,,23993,7.0,7,,,,,,
,,,,,23997,4.0,4,,,,,,
,,,,,24000,,,2.0305566787719727,4.974588394165039,5.114389419555664,0.0003,0.0003,0.1
,,,,,24002,5.0,5,,,,,,
,,,,,24010,8.0,8,,,,,,
,,,,,24016,6.0,6,,,,,,
,,,,,24029,13.0,13,,,,,,
,,,,,24037,8.0,8,,,,,,
,,,,,24045,8.0,8,,,,,,
,,,,,24052,7.0,7,,,,,,
,,,,,24058,6.0,6,,,,,,
,,,,,24074,16.0,16,,,,,,
,,,,,24082,8.0,8,,,,,,
,,,,,24085,3.0,3,,,,,,
,,,,,24088,3.0,3,,,,,,
,,,,,24098,10.0,10,,,,,,
,,,,,24110,12.0,12,,,,,,
,,,,,24113,3.0,3,,,,,,
,,,,,24124,11.0,11,,,,,,
,,,,,24131,7.0,7,,,,,,
,,,,,24137,6.0,6,,,,,,
,,,,,24143,6.0,6,,,,,,
,,,,,24148,5.0,5,,,,,,
,,,,,24156,8.0,8,,,,,,
,,,,,24164,8.0,8,,,,,,
,,,,,24170,6.0,6,,,,,,
,,,,,24176,6.0,6,,,,,,
,,,,,24180,4.0,4,,,,,,
,,,,,24183,3.0,3,,,,,,
,,,,,24192,9.0,9,,,,,,
,,,,,24195,3.0,3,,,,,,
,,,,,24199,4.0,4,,,,,,
,,,,,24204,5.0,5,,,,,,
,,,,,24211,7.0,7,,,,,,
,,,,,24222,11.0,11,,,,,,
,,,,,24228,6.0,6,,,,,,
,,,,,24233,5.0,5,,,,,,
,,,,,24238,5.0,5,,,,,,
,,,,,24249,11.0,11,,,,,,
,,,,,24254,5.0,5,,,,,,
,,,,,24258,4.0,4,,,,,,
,,,,,24261,3.0,3,,,,,,
,,,,,24272,11.0,11,,,,,,
,,,,,24280,8.0,8,,,,,,
,,,,,24285,5.0,5,,,,,,
,,,,,24293,8.0,8,,,,,,
,,,,,24300,7.0,7,,,,,,
,,,,,24306,6.0,6,,,,,,
,,,,,24315,9.0,9,,,,,,
,,,,,24336,21.0,21,,,,,,
,,,,,24339,3.0,3,,,,,,
,,,,,24349,10.0,10,,,,,,
,,,,,24352,3.0,3,,,,,,
,,,,,24359,7.0,7,,,,,,
,,,,,24364,5.0,5,,,,,,
,,,,,24371,7.0,7,,,,,,
,,,,,24378,7.0,7,,,,,,
,,,,,24389,11.0,11,,,,,,
,,,,,24393,4.0,4,,,,,,
,,,,,24408,15.0,15,,,,,,
,,,,,24417,9.0,9,,,,,,
,,,,,24433,16.0,16,,,,,,
,,,,,24440,7.0,7,,,,,,
,,,,,24444,4.0,4,,,,,,
,,,,,24453,9.0,9,,,,,,
,,,,,24466,13.0,13,,,,,,
,,,,,24471,5.0,5,,,,,,
,,,,,24486,15.0,15,,,,,,
,,,,,24491,5.0,5,,,,,,
,,,,,24502,11.0,11,,,,,,
,,,,,24508,6.0,6,,,,,,
,,,,,24514,6.0,6,,,,,,
,,,,,24522,8.0,8,,,,,,
,,,,,24527,5.0,5,,,,,,
,,,,,24532,5.0,5,,,,,,
,,,,,24538,6.0,6,,,,,,
,,,,,24541,3.0,3,,,,,,
,,,,,24545,4.0,4,,,,,,
,,,,,24550,5.0,5,,,,,,
,,,,,24555,5.0,5,,,,,,
,,,,,24561,6.0,6,,,,,,
,,,,,24564,3.0,3,,,,,,
,,,,,24569,5.0,5,,,,,,
,,,,,24573,4.0,4,,,,,,
,,,,,24583,10.0,10,,,,,,
,,,,,24586,3.0,3,,,,,,
,,,,,24598,12.0,12,,,,,,
,,,,,24603,5.0,5,,,,,,
,,,,,24620,17.0,17,,,,,,
,,,,,24623,3.0,3,,,,,,
,,,,,24628,5.0,5,,,,,,
,,,,,24643,15.0,15,,,,,,
,,,,,24654,11.0,11,,,,,,
,,,,,24659,5.0,5,,,,,,
,,,,,24669,10.0,10,,,,,,
,,,,,24673,4.0,4,,,,,,
,,,,,24677,4.0,4,,,,,,
,,,,,24680,3.0,3,,,,,,
,,,,,24686,6.0,6,,,,,,
,,,,,24694,8.0,8,,,,,,
,,,,,24698,4.0,4,,,,,,
,,,,,24701,3.0,3,,,,,,
,,,,,24705,4.0,4,,,,,,
,,,,,24714,9.0,9,,,,,,
,,,,,24719,5.0,5,,,,,,
,,,,,24722,3.0,3,,,,,,
,,,,,24725,3.0,3,,,,,,
,,,,,24732,7.0,7,,,,,,
,,,,,24735,3.0,3,,,,,,
,,,,,24739,4.0,4,,,,,,
,,,,,24742,3.0,3,,,,,,
,,,,,24750,8.0,8,,,,,,
,,,,,24756,6.0,6,,,,,,
,,,,,24760,4.0,4,,,,,,
,,,,,24763,3.0,3,,,,,,
,,,,,24766,3.0,3,,,,,,
,,,,,24775,9.0,9,,,,,,
,,,,,24780,5.0,5,,,,,,
,,,,,24788,8.0,8,,,,,,
,,,,,24798,10.0,10,,,,,,
,,,,,24804,6.0,6,,,,,,
,,,,,24821,17.0,17,,,,,,
,,,,,24828,7.0,7,,,,,,
,,,,,24831,3.0,3,,,,,,
,,,,,24849,18.0,18,,,,,,
,,,,,24852,3.0,3,,,,,,
,,,,,24862,10.0,10,,,,,,
,,,,,24866,4.0,4,,,,,,
,,,,,24876,10.0,10,,,,,,
,,,,,24879,3.0,3,,,,,,
,,,,,24890,11.0,11,,,,,,
,,,,,24894,4.0,4,,,,,,
,,,,,24902,8.0,8,,,,,,
,,,,,24906,4.0,4,,,,,,
,,,,,24913,7.0,7,,,,,,
,,,,,24919,6.0,6,,,,,,
,,,,,24938,19.0,19,,,,,,
,,,,,24943,5.0,5,,,,,,
,,,,,24951,8.0,8,,,,,,
,,,,,24958,7.0,7,,,,,,
,,,,,24978,20.0,20,,,,,,
,,,,,24983,5.0,5,,,,,,
,,,,,24991,8.0,8,,,,,,
,,,,,24997,6.0,6,,,,,,
,,,,,25000,3.0,3,,,,,,
6.3,3.8483763,15.0,3.0,6.3,25000,,,1.9407057762145996,5.228451251983643,5.418096542358398,0.0003,0.0003,0.1
,,,,,25008,8.0,8,,,,,,
,,,,,25015,7.0,7,,,,,,
,,,,,25023,8.0,8,,,,,,
,,,,,25031,8.0,8,,,,,,
,,,,,25037,6.0,6,,,,,,
,,,,,25041,4.0,4,,,,,,
,,,,,25051,10.0,10,,,,,,
,,,,,25058,7.0,7,,,,,,
,,,,,25062,4.0,4,,,,,,
,,,,,25065,3.0,3,,,,,,
,,,,,25081,16.0,16,,,,,,
,,,,,25086,5.0,5,,,,,,
,,,,,25089,3.0,3,,,,,,
,,,,,25092,3.0,3,,,,,,
,,,,,25096,4.0,4,,,,,,
,,,,,25099,3.0,3,,,,,,
,,,,,25103,4.0,4,,,,,,
,,,,,25115,12.0,12,,,,,,
,,,,,25120,5.0,5,,,,,,
,,,,,25133,13.0,13,,,,,,
,,,,,25143,10.0,10,,,,,,
,,,,,25148,5.0,5,,,,,,
,,,,,25154,6.0,6,,,,,,
,,,,,25161,7.0,7,,,,,,
,,,,,25165,4.0,4,,,,,,
,,,,,25176,11.0,11,,,,,,
,,,,,25183,7.0,7,,,,,,
,,,,,25190,7.0,7,,,,,,
,,,,,25194,4.0,4,,,,,,
,,,,,25203,9.0,9,,,,,,
,,,,,25208,5.0,5,,,,,,
,,,,,25213,5.0,5,,,,,,
,,,,,25216,3.0,3,,,,,,
,,,,,25222,6.0,6,,,,,,
,,,,,25229,7.0,7,,,,,,
,,,,,25240,11.0,11,,,,,,
,,,,,25254,14.0,14,,,,,,
,,,,,25276,22.0,22,,,,,,
,,,,,25279,3.0,3,,,,,,
,,,,,25285,6.0,6,,,,,,
,,,,,25290,5.0,5,,,,,,
,,,,,25294,4.0,4,,,,,,
,,,,,25298,4.0,4,,,,,,
,,,,,25305,7.0,7,,,,,,
,,,,,25310,5.0,5,,,,,,
,,,,,25316,6.0,6,,,,,,
,,,,,25322,6.0,6,,,,,,
,,,,,25326,4.0,4,,,,,,
,,,,,25342,16.0,16,,,,,,
,,,,,25346,4.0,4,,,,,,
,,,,,25349,3.0,3,,,,,,
,,,,,25352,3.0,3,,,,,,
,,,,,25355,3.0,3,,,,,,
,,,,,25361,6.0,6,,,,,,
,,,,,25371,10.0,10,,,,,,
,,,,,25374,3.0,3,,,,,,
,,,,,25378,4.0,4,,,,,,
,,,,,25386,8.0,8,,,,,,
,,,,,25398,12.0,12,,,,,,
,,,,,25401,3.0,3,,,,,,
,,,,,25407,6.0,6,,,,,,
,,,,,25411,4.0,4,,,,,,
,,,,,25414,3.0,3,,,,,,
,,,,,25419,5.0,5,,,,,,
,,,,,25423,4.0,4,,,,,,
,,,,,25426,3.0,3,,,,,,
,,,,,25430,4.0,4,,,,,,
,,,,,25434,4.0,4,,,,,,
,,,,,25447,13.0,13,,,,,,
,,,,,25452,5.0,5,,,,,,
,,,,,25463,11.0,11,,,,,,
,,,,,25466,3.0,3,,,,,,
,,,,,25470,4.0,4,,,,,,
,,,,,25480,10.0,10,,,,,,
,,,,,25484,4.0,4,,,,,,
,,,,,25488,4.0,4,,,,,,
,,,,,25498,10.0,10,,,,,,
,,,,,25507,9.0,9,,,,,,
,,,,,25522,15.0,15,,,,,,
,,,,,25532,10.0,10,,,,,,
,,,,,25542,10.0,10,,,,,,
,,,,,25550,8.0,8,,,,,,
,,,,,25565,15.0,15,,,,,,
,,,,,25578,13.0,13,,,,,,
,,,,,25583,5.0,5,,,,,,
,,,,,25589,6.0,6,,,,,,
,,,,,25596,7.0,7,,,,,,
,,,,,25601,5.0,5,,,,,,
,,,,,25612,11.0,11,,,,,,
,,,,,25636,24.0,24,,,,,,
,,,,,25639,3.0,3,,,,,,
,,,,,25643,4.0,4,,,,,,
,,,,,25656,13.0,13,,,,,,
,,,,,25666,10.0,10,,,,,,
,,,,,25671,5.0,5,,,,,,
,,,,,25675,4.0,4,,,,,,
,,,,,25680,5.0,5,,,,,,
,,,,,25694,14.0,14,,,,,,
,,,,,25700,6.0,6,,,,,,
,,,,,25703,3.0,3,,,,,,
,,,,,25707,4.0,4,,,,,,
,,,,,25710,3.0,3,,,,,,
,,,,,25714,4.0,4,,,,,,
,,,,,25717,3.0,3,,,,,,
,,,,,25720,3.0,3,,,,,,
,,,,,25725,5.0,5,,,,,,
,,,,,25737,12.0,12,,,,,,
,,,,,25742,5.0,5,,,,,,
,,,,,25746,4.0,4,,,,,,
,,,,,25752,6.0,6,,,,,,
,,,,,25757,5.0,5,,,,,,
,,,,,25760,3.0,3,,,,,,
,,,,,25768,8.0,8,,,,,,
,,,,,25777,9.0,9,,,,,,
,,,,,25784,7.0,7,,,,,,
,,,,,25789,5.0,5,,,,,,
,,,,,25794,5.0,5,,,,,,
,,,,,25797,3.0,3,,,,,,
,,,,,25802,5.0,5,,,,,,
,,,,,25805,3.0,3,,,,,,
,,,,,25815,10.0,10,,,,,,
,,,,,25819,4.0,4,,,,,,
,,,,,25824,5.0,5,,,,,,
,,,,,25835,11.0,11,,,,,,
,,,,,25846,11.0,11,,,,,,
,,,,,25852,6.0,6,,,,,,
,,,,,25861,9.0,9,,,,,,
,,,,,25875,14.0,14,,,,,,
,,,,,25879,4.0,4,,,,,,
,,,,,25886,7.0,7,,,,,,
,,,,,25890,4.0,4,,,,,,
,,,,,25894,4.0,4,,,,,,
,,,,,25900,6.0,6,,,,,,
,,,,,25904,4.0,4,,,,,,
,,,,,25914,10.0,10,,,,,,
,,,,,25919,5.0,5,,,,,,
,,,,,25931,12.0,12,,,,,,
,,,,,25939,8.0,8,,,,,,
,,,,,25943,4.0,4,,,,,,
,,,,,25947,4.0,4,,,,,,
,,,,,25951,4.0,4,,,,,,
,,,,,25954,3.0,3,,,,,,
,,,,,25962,8.0,8,,,,,,
,,,,,25968,6.0,6,,,,,,
,,,,,25977,9.0,9,,,,,,
,,,,,25982,5.0,5,,,,,,
,,,,,26000,,,1.9181551933288574,5.21415901184082,5.212528228759766,0.0003,0.0003,0.1
,,,,,26010,28.0,28,,,,,,
,,,,,26014,4.0,4,,,,,,
,,,,,26022,8.0,8,,,,,,
,,,,,26030,8.0,8,,,,,,
,,,,,26034,4.0,4,,,,,,
,,,,,26037,3.0,3,,,,,,
,,,,,26043,6.0,6,,,,,,
,,,,,26046,3.0,3,,,,,,
,,,,,26057,11.0,11,,,,,,
,,,,,26061,4.0,4,,,,,,
,,,,,26065,4.0,4,,,,,,
,,,,,26073,8.0,8,,,,,,
,,,,,26080,7.0,7,,,,,,
,,,,,26085,5.0,5,,,,,,
,,,,,26091,6.0,6,,,,,,
,,,,,26094,3.0,3,,,,,,
,,,,,26099,5.0,5,,,,,,
,,,,,26106,7.0,7,,,,,,
,,,,,26110,4.0,4,,,,,,
,,,,,26121,11.0,11,,,,,,
,,,,,26125,4.0,4,,,,,,
,,,,,26130,5.0,5,,,,,,
,,,,,26139,9.0,9,,,,,,
,,,,,26144,5.0,5,,,,,,
,,,,,26151,7.0,7,,,,,,
,,,,,26155,4.0,4,,,,,,
,,,,,26160,5.0,5,,,,,,
,,,,,26165,5.0,5,,,,,,
,,,,,26173,8.0,8,,,,,,
,,,,,26177,4.0,4,,,,,,
,,,,,26180,3.0,3,,,,,,
,,,,,26186,6.0,6,,,,,,
,,,,,26193,7.0,7,,,,,,
,,,,,26203,10.0,10,,,,,,
,,,,,26206,3.0,3,,,,,,
,,,,,26209,3.0,3,,,,,,
,,,,,26217,8.0,8,,,,,,
,,,,,26221,4.0,4,,,,,,
,,,,,26226,5.0,5,,,,,,
,,,,,26235,9.0,9,,,,,,
,,,,,26239,4.0,4,,,,,,
,,,,,26244,5.0,5,,,,,,
,,,,,26249,5.0,5,,,,,,
,,,,,26252,3.0,3,,,,,,
,,,,,26271,19.0,19,,,,,,
,,,,,26275,4.0,4,,,,,,
,,,,,26288,13.0,13,,,,,,
,,,,,26307,19.0,19,,,,,,
,,,,,26312,5.0,5,,,,,,
,,,,,26316,4.0,4,,,,,,
,,,,,26320,4.0,4,,,,,,
,,,,,26323,3.0,3,,,,,,
,,,,,26332,9.0,9,,,,,,
,,,,,26336,4.0,4,,,,,,
,,,,,26346,10.0,10,,,,,,
,,,,,26349,3.0,3,,,,,,
,,,,,26352,3.0,3,,,,,,
,,,,,26365,13.0,13,,,,,,
,,,,,26374,9.0,9,,,,,,
,,,,,26382,8.0,8,,,,,,
,,,,,26394,12.0,12,,,,,,
,,,,,26399,5.0,5,,,,,,
,,,,,26408,9.0,9,,,,,,
,,,,,26412,4.0,4,,,,,,
,,,,,26431,19.0,19,,,,,,
,,,,,26438,7.0,7,,,,,,
,,,,,26445,7.0,7,,,,,,
,,,,,26452,7.0,7,,,,,,
,,,,,26455,3.0,3,,,,,,
,,,,,26461,6.0,6,,,,,,
,,,,,26473,12.0,12,,,,,,
,,,,,26477,4.0,4,,,,,,
,,,,,26497,20.0,20,,,,,,
,,,,,26501,4.0,4,,,,,,
,,,,,26520,19.0,19,,,,,,
,,,,,26526,6.0,6,,,,,,
,,,,,26532,6.0,6,,,,,,
,,,,,26542,10.0,10,,,,,,
,,,,,26550,8.0,8,,,,,,
,,,,,26557,7.0,7,,,,,,
,,,,,26569,12.0,12,,,,,,
,,,,,26573,4.0,4,,,,,,
,,,,,26576,3.0,3,,,,,,
,,,,,26582,6.0,6,,,,,,
,,,,,26585,3.0,3,,,,,,
,,,,,26589,4.0,4,,,,,,
,,,,,26593,4.0,4,,,,,,
,,,,,26599,6.0,6,,,,,,
,,,,,26612,13.0,13,,,,,,
,,,,,26615,3.0,3,,,,,,
,,,,,26619,4.0,4,,,,,,
,,,,,26626,7.0,7,,,,,,
,,,,,26629,3.0,3,,,,,,
,,,,,26637,8.0,8,,,,,,
,,,,,26641,4.0,4,,,,,,
,,,,,26657,16.0,16,,,,,,
,,,,,26662,5.0,5,,,,,,
,,,,,26666,4.0,4,,,,,,
,,,,,26675,9.0,9,,,,,,
,,,,,26679,4.0,4,,,,,,
,,,,,26683,4.0,4,,,,,,
,,,,,26687,4.0,4,,,,,,
,,,,,26691,4.0,4,,,,,,
,,,,,26698,7.0,7,,,,,,
,,,,,26712,14.0,14,,,,,,
,,,,,26717,5.0,5,,,,,,
,,,,,26733,16.0,16,,,,,,
,,,,,26736,3.0,3,,,,,,
,,,,,26741,5.0,5,,,,,,
,,,,,26745,4.0,4,,,,,,
,,,,,26748,3.0,3,,,,,,
,,,,,26753,5.0,5,,,,,,
,,,,,26766,13.0,13,,,,,,
,,,,,26781,15.0,15,,,,,,
,,,,,26789,8.0,8,,,,,,
,,,,,26795,6.0,6,,,,,,
,,,,,26803,8.0,8,,,,,,
,,,,,26808,5.0,5,,,,,,
,,,,,26814,6.0,6,,,,,,
,,,,,26825,11.0,11,,,,,,
,,,,,26829,4.0,4,,,,,,
,,,,,26835,6.0,6,,,,,,
,,,,,26846,11.0,11,,,,,,
,,,,,26849,3.0,3,,,,,,
,,,,,26858,9.0,9,,,,,,
,,,,,26867,9.0,9,,,,,,
,,,,,26875,8.0,8,,,,,,
,,,,,26894,19.0,19,,,,,,
,,,,,26898,4.0,4,,,,,,
,,,,,26905,7.0,7,,,,,,
,,,,,26914,9.0,9,,,,,,
,,,,,26923,9.0,9,,,,,,
,,,,,26926,3.0,3,,,,,,
,,,,,26931,5.0,5,,,,,,
,,,,,26935,4.0,4,,,,,,
,,,,,26938,3.0,3,,,,,,
,,,,,26942,4.0,4,,,,,,
,,,,,26945,3.0,3,,,,,,
,,,,,26949,4.0,4,,,,,,
,,,,,26954,5.0,5,,,,,,
,,,,,26976,22.0,22,,,,,,
,,,,,26983,7.0,7,,,,,,
,,,,,27000,,,1.9702290296554565,4.6577253341674805,4.960796356201172,0.0003,0.0003,0.1
,,,,,27005,22.0,22,,,,,,
,,,,,27010,5.0,5,,,,,,
,,,,,27020,10.0,10,,,,,,
,,,,,27028,8.0,8,,,,,,
,,,,,27035,7.0,7,,,,,,
,,,,,27039,4.0,4,,,,,,
,,,,,27045,6.0,6,,,,,,
,,,,,27050,5.0,5,,,,,,
,,,,,27056,6.0,6,,,,,,
,,,,,27061,5.0,5,,,,,,
,,,,,27072,11.0,11,,,,,,
,,,,,27078,6.0,6,,,,,,
,,,,,27081,3.0,3,,,,,,
,,,,,27098,17.0,17,,,,,,
,,,,,27103,5.0,5,,,,,,
,,,,,27108,5.0,5,,,,,,
,,,,,27112,4.0,4,,,,,,
,,,,,27118,6.0,6,,,,,,
,,,,,27122,4.0,4,,,,,,
,,,,,27127,5.0,5,,,,,,
,,,,,27135,8.0,8,,,,,,
,,,,,27146,11.0,11,,,,,,
,,,,,27149,3.0,3,,,,,,
,,,,,27153,4.0,4,,,,,,
,,,,,27156,3.0,3,,,,,,
,,,,,27159,3.0,3,,,,,,
,,,,,27162,3.0,3,,,,,,
,,,,,27167,5.0,5,,,,,,
,,,,,27178,11.0,11,,,,,,
,,,,,27188,10.0,10,,,,,,
,,,,,27191,3.0,3,,,,,,
,,,,,27211,20.0,20,,,,,,
,,,,,27216,5.0,5,,,,,,
,,,,,27222,6.0,6,,,,,,
,,,,,27226,4.0,4,,,,,,
,,,,,27231,5.0,5,,,,,,
,,,,,27238,7.0,7,,,,,,
,,,,,27250,12.0,12,,,,,,
,,,,,27255,5.0,5,,,,,,
,,,,,27262,7.0,7,,,,,,
,,,,,27285,23.0,23,,,,,,
,,,,,27289,4.0,4,,,,,,
,,,,,27294,5.0,5,,,,,,
,,,,,27304,10.0,10,,,,,,
,,,,,27309,5.0,5,,,,,,
,,,,,27313,4.0,4,,,,,,
,,,,,27320,7.0,7,,,,,,
,,,,,27327,7.0,7,,,,,,
,,,,,27341,14.0,14,,,,,,
,,,,,27344,3.0,3,,,,,,
,,,,,27347,3.0,3,,,,,,
,,,,,27353,6.0,6,,,,,,
,,,,,27367,14.0,14,,,,,,
,,,,,27372,5.0,5,,,,,,
,,,,,27375,3.0,3,,,,,,
,,,,,27401,26.0,26,,,,,,
,,,,,27404,3.0,3,,,,,,
,,,,,27407,3.0,3,,,,,,
,,,,,27410,3.0,3,,,,,,
,,,,,27416,6.0,6,,,,,,
,,,,,27431,15.0,15,,,,,,
,,,,,27435,4.0,4,,,,,,
,,,,,27439,4.0,4,,,,,,
,,,,,27458,19.0,19,,,,,,
,,,,,27461,3.0,3,,,,,,
,,,,,27470,9.0,9,,,,,,
,,,,,27473,3.0,3,,,,,,
,,,,,27478,5.0,5,,,,,,
,,,,,27482,4.0,4,,,,,,
,,,,,27490,8.0,8,,,,,,
,,,,,27495,5.0,5,,,,,,
,,,,,27499,4.0,4,,,,,,
,,,,,27504,5.0,5,,,,,,
,,,,,27510,6.0,6,,,,,,
,,,,,27518,8.0,8,,,,,,
,,,,,27531,13.0,13,,,,,,
,,,,,27547,16.0,16,,,,,,
,,,,,27553,6.0,6,,,,,,
,,,,,27557,4.0,4,,,,,,
,,,,,27563,6.0,6,,,,,,
,,,,,27569,6.0,6,,,,,,
,,,,,27576,7.0,7,,,,,,
,,,,,27581,5.0,5,,,,,,
,,,,,27588,7.0,7,,,,,,
,,,,,27602,14.0,14,,,,,,
,,,,,27609,7.0,7,,,,,,
,,,,,27620,11.0,11,,,,,,
,,,,,27628,8.0,8,,,,,,
,,,,,27631,3.0,3,,,,,,
,,,,,27635,4.0,4,,,,,,
,,,,,27638,3.0,3,,,,,,
,,,,,27650,12.0,12,,,,,,
,,,,,27653,3.0,3,,,,,,
,,,,,27659,6.0,6,,,,,,
,,,,,27664,5.0,5,,,,,,
,,,,,27668,4.0,4,,,,,,
,,,,,27673,5.0,5,,,,,,
,,,,,27676,3.0,3,,,,,,
,,,,,27679,3.0,3,,,,,,
,,,,,27683,4.0,4,,,,,,
,,,,,27687,4.0,4,,,,,,
,,,,,27696,9.0,9,,,,,,
,,,,,27700,4.0,4,,,,,,
,,,,,27703,3.0,3,,,,,,
,,,,,27707,4.0,4,,,,,,
,,,,,27712,5.0,5,,,,,,
,,,,,27723,11.0,11,,,,,,
,,,,,27726,3.0,3,,,,,,
,,,,,27730,4.0,4,,,,,,
,,,,,27734,4.0,4,,,,,,
,,,,,27737,3.0,3,,,,,,
,,,,,27746,9.0,9,,,,,,
,,,,,27752,6.0,6,,,,,,
,,,,,27761,9.0,9,,,,,,
,,,,,27769,8.0,8,,,,,,
,,,,,27774,5.0,5,,,,,,
,,,,,27779,5.0,5,,,,,,
,,,,,27791,12.0,12,,,,,,
,,,,,27795,4.0,4,,,,,,
,,,,,27799,4.0,4,,,,,,
,,,,,27803,4.0,4,,,,,,
,,,,,27811,8.0,8,,,,,,
,,,,,27820,9.0,9,,,,,,
,,,,,27826,6.0,6,,,,,,
,,,,,27833,7.0,7,,,,,,
,,,,,27838,5.0,5,,,,,,
,,,,,27844,6.0,6,,,,,,
,,,,,27849,5.0,5,,,,,,
,,,,,27854,5.0,5,,,,,,
,,,,,27859,5.0,5,,,,,,
,,,,,27867,8.0,8,,,,,,
,,,,,27878,11.0,11,,,,,,
,,,,,27881,3.0,3,,,,,,
,,,,,27891,10.0,10,,,,,,
,,,,,27895,4.0,4,,,,,,
,,,,,27899,4.0,4,,,,,,
,,,,,27903,4.0,4,,,,,,
,,,,,27910,7.0,7,,,,,,
,,,,,27913,3.0,3,,,,,,
,,,,,27918,5.0,5,,,,,,
,,,,,27924,6.0,6,,,,,,
,,,,,27933,9.0,9,,,,,,
,,,,,27941,8.0,8,,,,,,
,,,,,27944,3.0,3,,,,,,
,,,,,27949,5.0,5,,,,,,
,,,,,27955,6.0,6,,,,,,
,,,,,27970,15.0,15,,,,,,
,,,,,27982,12.0,12,,,,,,
,,,,,27987,5.0,5,,,,,,
,,,,,27991,4.0,4,,,,,,
,,,,,27996,5.0,5,,,,,,
,,,,,28000,,,1.8997342586517334,4.883846282958984,4.89631462097168,0.0003,0.0003,0.1
,,,,,28001,5.0,5,,,,,,
,,,,,28008,7.0,7,,,,,,
,,,,,28017,9.0,9,,,,,,
,,,,,28023,6.0,6,,,,,,
,,,,,28031,8.0,8,,,,,,
,,,,,28038,7.0,7,,,,,,
,,,,,28043,5.0,5,,,,,,
,,,,,28048,5.0,5,,,,,,
,,,,,28060,12.0,12,,,,,,
,,,,,28065,5.0,5,,,,,,
,,,,,28068,3.0,3,,,,,,
,,,,,28076,8.0,8,,,,,,
,,,,,28082,6.0,6,,,,,,
,,,,,28087,5.0,5,,,,,,
,,,,,28093,6.0,6,,,,,,
,,,,,28099,6.0,6,,,,,,
,,,,,28103,4.0,4,,,,,,
,,,,,28110,7.0,7,,,,,,
,,,,,28114,4.0,4,,,,,,
,,,,,28118,4.0,4,,,,,,
,,,,,28122,4.0,4,,,,,,
,,,,,28125,3.0,3,,,,,,
,,,,,28130,5.0,5,,,,,,
,,,,,28136,6.0,6,,,,,,
,,,,,28141,5.0,5,,,,,,
,,,,,28148,7.0,7,,,,,,
,,,,,28155,7.0,7,,,,,,
,,,,,28167,12.0,12,,,,,,
,,,,,28173,6.0,6,,,,,,
,,,,,28176,3.0,3,,,,,,
,,,,,28179,3.0,3,,,,,,
,,,,,28184,5.0,5,,,,,,
,,,,,28191,7.0,7,,,,,,
,,,,,28197,6.0,6,,,,,,
,,,,,28204,7.0,7,,,,,,
,,,,,28212,8.0,8,,,,,,
,,,,,28216,4.0,4,,,,,,
,,,,,28223,7.0,7,,,,,,
,,,,,28226,3.0,3,,,,,,
,,,,,28237,11.0,11,,,,,,
,,,,,28243,6.0,6,,,,,,
,,,,,28250,7.0,7,,,,,,
,,,,,28258,8.0,8,,,,,,
,,,,,28274,16.0,16,,,,,,
,,,,,28278,4.0,4,,,,,,
,,,,,28285,7.0,7,,,,,,
,,,,,28289,4.0,4,,,,,,
,,,,,28295,6.0,6,,,,,,
,,,,,28306,11.0,11,,,,,,
,,,,,28324,18.0,18,,,,,,
,,,,,28330,6.0,6,,,,,,
,,,,,28337,7.0,7,,,,,,
,,,,,28350,13.0,13,,,,,,
,,,,,28366,16.0,16,,,,,,
,,,,,28380,14.0,14,,,,,,
,,,,,28384,4.0,4,,,,,,
,,,,,28400,16.0,16,,,,,,
,,,,,28412,12.0,12,,,,,,
,,,,,28416,4.0,4,,,,,,
,,,,,28432,16.0,16,,,,,,
,,,,,28436,4.0,4,,,,,,
,,,,,28446,10.0,10,,,,,,
,,,,,28451,5.0,5,,,,,,
,,,,,28457,6.0,6,,,,,,
,,,,,28460,3.0,3,,,,,,
,,,,,28474,14.0,14,,,,,,
,,,,,28477,3.0,3,,,,,,
,,,,,28480,3.0,3,,,,,,
,,,,,28485,5.0,5,,,,,,
,,,,,28488,3.0,3,,,,,,
,,,,,28497,9.0,9,,,,,,
,,,,,28501,4.0,4,,,,,,
,,,,,28511,10.0,10,,,,,,
,,,,,28515,4.0,4,,,,,,
,,,,,28526,11.0,11,,,,,,
,,,,,28530,4.0,4,,,,,,
,,,,,28539,9.0,9,,,,,,
,,,,,28545,6.0,6,,,,,,
,,,,,28548,3.0,3,,,,,,
,,,,,28556,8.0,8,,,,,,
,,,,,28568,12.0,12,,,,,,
,,,,,28572,4.0,4,,,,,,
,,,,,28578,6.0,6,,,,,,
,,,,,28583,5.0,5,,,,,,
,,,,,28587,4.0,4,,,,,,
,,,,,28593,6.0,6,,,,,,
,,,,,28599,6.0,6,,,,,,
,,,,,28602,3.0,3,,,,,,
,,,,,28605,3.0,3,,,,,,
,,,,,28611,6.0,6,,,,,,
,,,,,28616,5.0,5,,,,,,
,,,,,28627,11.0,11,,,,,,
,,,,,28645,18.0,18,,,,,,
,,,,,28658,13.0,13,,,,,,
,,,,,28664,6.0,6,,,,,,
,,,,,28669,5.0,5,,,,,,
,,,,,28673,4.0,4,,,,,,
,,,,,28679,6.0,6,,,,,,
,,,,,28683,4.0,4,,,,,,
,,,,,28697,14.0,14,,,,,,
,,,,,28703,6.0,6,,,,,,
,,,,,28710,7.0,7,,,,,,
,,,,,28722,12.0,12,,,,,,
,,,,,28725,3.0,3,,,,,,
,,,,,28728,3.0,3,,,,,,
,,,,,28733,5.0,5,,,,,,
,,,,,28741,8.0,8,,,,,,
,,,,,28751,10.0,10,,,,,,
,,,,,28772,21.0,21,,,,,,
,,,,,28776,4.0,4,,,,,,
,,,,,28780,4.0,4,,,,,,
,,,,,28792,12.0,12,,,,,,
,,,,,28800,8.0,8,,,,,,
,,,,,28812,12.0,12,,,,,,
,,,,,28822,10.0,10,,,,,,
,,,,,28830,8.0,8,,,,,,
,,,,,28837,7.0,7,,,,,,
,,,,,28847,10.0,10,,,,,,
,,,,,28852,5.0,5,,,,,,
,,,,,28855,3.0,3,,,,,,
,,,,,28862,7.0,7,,,,,,
,,,,,28867,5.0,5,,,,,,
,,,,,28874,7.0,7,,,,,,
,,,,,28881,7.0,7,,,,,,
,,,,,28887,6.0,6,,,,,,
,,,,,28895,8.0,8,,,,,,
,,,,,28908,13.0,13,,,,,,
,,,,,28911,3.0,3,,,,,,
,,,,,28915,4.0,4,,,,,,
,,,,,28923,8.0,8,,,,,,
,,,,,28930,7.0,7,,,,,,
,,,,,28944,14.0,14,,,,,,
,,,,,28948,4.0,4,,,,,,
,,,,,28956,8.0,8,,,,,,
,,,,,28960,4.0,4,,,,,,
,,,,,28964,4.0,4,,,,,,
,,,,,28968,4.0,4,,,,,,
,,,,,28975,7.0,7,,,,,,
,,,,,28979,4.0,4,,,,,,
,,,,,28985,6.0,6,,,,,,
,,,,,28992,7.0,7,,,,,,
,,,,,28995,3.0,3,,,,,,
,,,,,29000,,,2.1303343772888184,4.779301166534424,4.80380392074585,0.0003,0.0003,0.1
,,,,,29003,8.0,8,,,,,,
,,,,,29007,4.0,4,,,,,,
,,,,,29012,5.0,5,,,,,,
,,,,,29023,11.0,11,,,,,,
,,,,,29030,7.0,7,,,,,,
,,,,,29042,12.0,12,,,,,,
,,,,,29048,6.0,6,,,,,,
,,,,,29054,6.0,6,,,,,,
,,,,,29061,7.0,7,,,,,,
,,,,,29067,6.0,6,,,,,,
,,,,,29082,15.0,15,,,,,,
,,,,,29085,3.0,3,,,,,,
,,,,,29092,7.0,7,,,,,,
,,,,,29110,18.0,18,,,,,,
,,,,,29123,13.0,13,,,,,,
,,,,,29128,5.0,5,,,,,,
,,,,,29136,8.0,8,,,,,,
,,,,,29147,11.0,11,,,,,,
,,,,,29153,6.0,6,,,,,,
,,,,,29156,3.0,3,,,,,,
,,,,,29173,17.0,17,,,,,,
,,,,,29181,8.0,8,,,,,,
,,,,,29185,4.0,4,,,,,,
,,,,,29198,13.0,13,,,,,,
,,,,,29208,10.0,10,,,,,,
,,,,,29212,4.0,4,,,,,,
,,,,,29220,8.0,8,,,,,,
,,,,,29230,10.0,10,,,,,,
,,,,,29235,5.0,5,,,,,,
,,,,,29245,10.0,10,,,,,,
,,,,,29255,10.0,10,,,,,,
,,,,,29263,8.0,8,,,,,,
,,,,,29275,12.0,12,,,,,,
,,,,,29282,7.0,7,,,,,,
,,,,,29287,5.0,5,,,,,,
,,,,,29293,6.0,6,,,,,,
,,,,,29308,15.0,15,,,,,,
,,,,,29312,4.0,4,,,,,,
,,,,,29322,10.0,10,,,,,,
,,,,,29327,5.0,5,,,,,,
,,,,,29332,5.0,5,,,,,,
,,,,,29340,8.0,8,,,,,,
,,,,,29345,5.0,5,,,,,,
,,,,,29348,3.0,3,,,,,,
,,,,,29354,6.0,6,,,,,,
,,,,,29372,18.0,18,,,,,,
,,,,,29379,7.0,7,,,,,,
,,,,,29382,3.0,3,,,,,,
,,,,,29389,7.0,7,,,,,,
,,,,,29395,6.0,6,,,,,,
,,,,,29399,4.0,4,,,,,,
,,,,,29404,5.0,5,,,,,,
,,,,,29412,8.0,8,,,,,,
,,,,,29425,13.0,13,,,,,,
,,,,,29429,4.0,4,,,,,,
,,,,,29442,13.0,13,,,,,,
,,,,,29466,24.0,24,,,,,,
,,,,,29474,8.0,8,,,,,,
,,,,,29477,3.0,3,,,,,,
,,,,,29482,5.0,5,,,,,,
,,,,,29494,12.0,12,,,,,,
,,,,,29499,5.0,5,,,,,,
,,,,,29502,3.0,3,,,,,,
,,,,,29527,25.0,25,,,,,,
,,,,,29533,6.0,6,,,,,,
,,,,,29537,4.0,4,,,,,,
,,,,,29547,10.0,10,,,,,,
,,,,,29550,3.0,3,,,,,,
,,,,,29556,6.0,6,,,,,,
,,,,,29564,8.0,8,,,,,,
,,,,,29569,5.0,5,,,,,,
,,,,,29572,3.0,3,,,,,,
,,,,,29575,3.0,3,,,,,,
,,,,,29578,3.0,3,,,,,,
,,,,,29582,4.0,4,,,,,,
,,,,,29586,4.0,4,,,,,,
,,,,,29591,5.0,5,,,,,,
,,,,,29603,12.0,12,,,,,,
,,,,,29615,12.0,12,,,,,,
,,,,,29626,11.0,11,,,,,,
,,,,,29635,9.0,9,,,,,,
,,,,,29640,5.0,5,,,,,,
,,,,,29645,5.0,5,,,,,,
,,,,,29649,4.0,4,,,,,,
,,,,,29667,18.0,18,,,,,,
,,,,,29671,4.0,4,,,,,,
,,,,,29681,10.0,10,,,,,,
,,,,,29685,4.0,4,,,,,,
,,,,,29688,3.0,3,,,,,,
,,,,,29695,7.0,7,,,,,,
,,,,,29699,4.0,4,,,,,,
,,,,,29706,7.0,7,,,,,,
,,,,,29713,7.0,7,,,,,,
,,,,,29728,15.0,15,,,,,,
,,,,,29736,8.0,8,,,,,,
,,,,,29739,3.0,3,,,,,,
,,,,,29743,4.0,4,,,,,,
,,,,,29747,4.0,4,,,,,,
,,,,,29751,4.0,4,,,,,,
,,,,,29760,9.0,9,,,,,,
,,,,,29767,7.0,7,,,,,,
,,,,,29778,11.0,11,,,,,,
,,,,,29790,12.0,12,,,,,,
,,,,,29795,5.0,5,,,,,,
,,,,,29798,3.0,3,,,,,,
,,,,,29802,4.0,4,,,,,,
,,,,,29805,3.0,3,,,,,,
,,,,,29811,6.0,6,,,,,,
,,,,,29815,4.0,4,,,,,,
,,,,,29824,9.0,9,,,,,,
,,,,,29828,4.0,4,,,,,,
,,,,,29835,7.0,7,,,,,,
,,,,,29838,3.0,3,,,,,,
,,,,,29852,14.0,14,,,,,,
,,,,,29857,5.0,5,,,,,,
,,,,,29861,4.0,4,,,,,,
,,,,,29865,4.0,4,,,,,,
,,,,,29874,9.0,9,,,,,,
,,,,,29878,4.0,4,,,,,,
,,,,,29882,4.0,4,,,,,,
,,,,,29892,10.0,10,,,,,,
,,,,,29896,4.0,4,,,,,,
,,,,,29912,16.0,16,,,,,,
,,,,,29922,10.0,10,,,,,,
,,,,,29925,3.0,3,,,,,,
,,,,,29938,13.0,13,,,,,,
,,,,,29943,5.0,5,,,,,,
,,,,,29956,13.0,13,,,,,,
,,,,,29960,4.0,4,,,,,,
,,,,,29967,7.0,7,,,,,,
,,,,,29978,11.0,11,,,,,,
,,,,,29987,9.0,9,,,,,,
,,,,,29991,4.0,4,,,,,,
,,,,,30000,9.0,9,,,,,,
8.9,5.1468434,21.0,4.0,8.9,30000,,,2.080066442489624,4.860371112823486,4.717947483062744,0.0003,0.0003,0.1
,,,,,30003,3.0,3,,,,,,
,,,,,30006,3.0,3,,,,,,
,,,,,30009,3.0,3,,,,,,
,,,,,30013,4.0,4,,,,,,
,,,,,30019,6.0,6,,,,,,
,,,,,30025,6.0,6,,,,,,
,,,,,30033,8.0,8,,,,,,
,,,,,30037,4.0,4,,,,,,
,,,,,30041,4.0,4,,,,,,
,,,,,30046,5.0,5,,,,,,
,,,,,30053,7.0,7,,,,,,
,,,,,30060,7.0,7,,,,,,
,,,,,30065,5.0,5,,,,,,
,,,,,30069,4.0,4,,,,,,
,,,,,30103,34.0,34,,,,,,
,,,,,30110,7.0,7,,,,,,
,,,,,30115,5.0,5,,,,,,
,,,,,30121,6.0,6,,,,,,
,,,,,30129,8.0,8,,,,,,
,,,,,30143,14.0,14,,,,,,
,,,,,30159,16.0,16,,,,,,
,,,,,30163,4.0,4,,,,,,
,,,,,30170,7.0,7,,,,,,
,,,,,30174,4.0,4,,,,,,
,,,,,30183,9.0,9,,,,,,
,,,,,30188,5.0,5,,,,,,
,,,,,30199,11.0,11,,,,,,
,,,,,30210,11.0,11,,,,,,
,,,,,30218,8.0,8,,,,,,
,,,,,30222,4.0,4,,,,,,
,,,,,30230,8.0,8,,,,,,
,,,,,30237,7.0,7,,,,,,
,,,,,30241,4.0,4,,,,,,
,,,,,30246,5.0,5,,,,,,
,,,,,30266,20.0,20,,,,,,
,,,,,30279,13.0,13,,,,,,
,,,,,30287,8.0,8,,,,,,
,,,,,30291,4.0,4,,,,,,
,,,,,30294,3.0,3,,,,,,
,,,,,30304,10.0,10,,,,,,
,,,,,30311,7.0,7,,,,,,
,,,,,30317,6.0,6,,,,,,
,,,,,30330,13.0,13,,,,,,
,,,,,30333,3.0,3,,,,,,
,,,,,30339,6.0,6,,,,,,
,,,,,30345,6.0,6,,,,,,
,,,,,30352,7.0,7,,,,,,
,,,,,30369,17.0,17,,,,,,
,,,,,30372,3.0,3,,,,,,
,,,,,30376,4.0,4,,,,,,
,,,,,30380,4.0,4,,,,,,
,,,,,30398,18.0,18,,,,,,
,,,,,30402,4.0,4,,,,,,
,,,,,30412,10.0,10,,,,,,
,,,,,30415,3.0,3,,,,,,
,,,,,30420,5.0,5,,,,,,
,,,,,30428,8.0,8,,,,,,
,,,,,30432,4.0,4,,,,,,
,,,,,30436,4.0,4,,,,,,
,,,,,30444,8.0,8,,,,,,
,,,,,30457,13.0,13,,,,,,
,,,,,30464,7.0,7,,,,,,
,,,,,30468,4.0,4,,,,,,
,,,,,30473,5.0,5,,,,,,
,,,,,30480,7.0,7,,,,,,
,,,,,30489,9.0,9,,,,,,
,,,,,30493,4.0,4,,,,,,
,,,,,30524,31.0,31,,,,,,
,,,,,30530,6.0,6,,,,,,
,,,,,30534,4.0,4,,,,,,
,,,,,30539,5.0,5,,,,,,
,,,,,30554,15.0,15,,,,,,
,,,,,30563,9.0,9,,,,,,
,,,,,30568,5.0,5,,,,,,
,,,,,30578,10.0,10,,,,,,
,,,,,30584,6.0,6,,,,,,
,,,,,30587,3.0,3,,,,,,
,,,,,30600,13.0,13,,,,,,
,,,,,30605,5.0,5,,,,,,
,,,,,30611,6.0,6,,,,,,
,,,,,30618,7.0,7,,,,,,
,,,,,30624,6.0,6,,,,,,
,,,,,30634,10.0,10,,,,,,
,,,,,30637,3.0,3,,,,,,
,,,,,30642,5.0,5,,,,,,
,,,,,30651,9.0,9,,,,,,
,,,,,30660,9.0,9,,,,,,
,,,,,30667,7.0,7,,,,,,
,,,,,30677,10.0,10,,,,,,
,,,,,30689,12.0,12,,,,,,
,,,,,30700,11.0,11,,,,,,
,,,,,30706,6.0,6,,,,,,
,,,,,30709,3.0,3,,,,,,
,,,,,30714,5.0,5,,,,,,
,,,,,30719,5.0,5,,,,,,
,,,,,30723,4.0,4,,,,,,
,,,,,30737,14.0,14,,,,,,
,,,,,30742,5.0,5,,,,,,
,,,,,30747,5.0,5,,,,,,
,,,,,30759,12.0,12,,,,,,
,,,,,30765,6.0,6,,,,,,
,,,,,30768,3.0,3,,,,,,
,,,,,30773,5.0,5,,,,,,
,,,,,30776,3.0,3,,,,,,
,,,,,30780,4.0,4,,,,,,
,,,,,30784,4.0,4,,,,,,
,,,,,30790,6.0,6,,,,,,
,,,,,30801,11.0,11,,,,,,
,,,,,30807,6.0,6,,,,,,
,,,,,30816,9.0,9,,,,,,
,,,,,30820,4.0,4,,,,,,
,,,,,30824,4.0,4,,,,,,
,,,,,30831,7.0,7,,,,,,
,,,,,30835,4.0,4,,,,,,
,,,,,30843,8.0,8,,,,,,
,,,,,30846,3.0,3,,,,,,
,,,,,30852,6.0,6,,,,,,
,,,,,30858,6.0,6,,,,,,
,,,,,30866,8.0,8,,,,,,
,,,,,30873,7.0,7,,,,,,
,,,,,30879,6.0,6,,,,,,
,,,,,30882,3.0,3,,,,,,
,,,,,30888,6.0,6,,,,,,
,,,,,30896,8.0,8,,,,,,
,,,,,30904,8.0,8,,,,,,
,,,,,30911,7.0,7,,,,,,
,,,,,30914,3.0,3,,,,,,
,,,,,30924,10.0,10,,,,,,
,,,,,30931,7.0,7,,,,,,
,,,,,30935,4.0,4,,,,,,
,,,,,30939,4.0,4,,,,,,
,,,,,30945,6.0,6,,,,,,
,,,,,30949,4.0,4,,,,,,
,,,,,30953,4.0,4,,,,,,
,,,,,30959,6.0,6,,,,,,
,,,,,30968,9.0,9,,,,,,
,,,,,30976,8.0,8,,,,,,
,,,,,30984,8.0,8,,,,,,
,,,,,30994,10.0,10,,,,,,
,,,,,30997,3.0,3,,,,,,
,,,,,31000,,,2.1403303146362305,4.851039886474609,5.008710861206055,0.0003,0.0003,0.1
,,,,,31011,14.0,14,,,,,,
,,,,,31015,4.0,4,,,,,,
,,,,,31022,7.0,7,,,,,,
,,,,,31027,5.0,5,,,,,,
,,,,,31033,6.0,6,,,,,,
,,,,,31039,6.0,6,,,,,,
,,,,,31043,4.0,4,,,,,,
,,,,,31047,4.0,4,,,,,,
,,,,,31051,4.0,4,,,,,,
,,,,,31056,5.0,5,,,,,,
,,,,,31062,6.0,6,,,,,,
,,,,,31066,4.0,4,,,,,,
,,,,,31070,4.0,4,,,,,,
,,,,,31074,4.0,4,,,,,,
,,,,,31083,9.0,9,,,,,,
,,,,,31087,4.0,4,,,,,,
,,,,,31109,22.0,22,,,,,,
,,,,,31112,3.0,3,,,,,,
,,,,,31115,3.0,3,,,,,,
,,,,,31124,9.0,9,,,,,,
,,,,,31130,6.0,6,,,,,,
,,,,,31134,4.0,4,,,,,,
,,,,,31138,4.0,4,,,,,,
,,,,,31141,3.0,3,,,,,,
,,,,,31144,3.0,3,,,,,,
,,,,,31151,7.0,7,,,,,,
,,,,,31155,4.0,4,,,,,,
,,,,,31177,22.0,22,,,,,,
,,,,,31184,7.0,7,,,,,,
,,,,,31190,6.0,6,,,,,,
,,,,,31198,8.0,8,,,,,,
,,,,,31205,7.0,7,,,,,,
,,,,,31217,12.0,12,,,,,,
,,,,,31222,5.0,5,,,,,,
,,,,,31225,3.0,3,,,,,,
,,,,,31230,5.0,5,,,,,,
,,,,,31238,8.0,8,,,,,,
,,,,,31247,9.0,9,,,,,,
,,,,,31251,4.0,4,,,,,,
,,,,,31258,7.0,7,,,,,,
,,,,,31262,4.0,4,,,,,,
,,,,,31266,4.0,4,,,,,,
,,,,,31271,5.0,5,,,,,,
,,,,,31274,3.0,3,,,,,,
,,,,,31280,6.0,6,,,,,,
,,,,,31284,4.0,4,,,,,,
,,,,,31291,7.0,7,,,,,,
,,,,,31299,8.0,8,,,,,,
,,,,,31304,5.0,5,,,,,,
,,,,,31308,4.0,4,,,,,,
,,,,,31312,4.0,4,,,,,,
,,,,,31326,14.0,14,,,,,,
,,,,,31331,5.0,5,,,,,,
,,,,,31336,5.0,5,,,,,,
,,,,,31342,6.0,6,,,,,,
,,,,,31346,4.0,4,,,,,,
,,,,,31350,4.0,4,,,,,,
,,,,,31354,4.0,4,,,,,,
,,,,,31361,7.0,7,,,,,,
,,,,,31369,8.0,8,,,,,,
,,,,,31373,4.0,4,,,,,,
,,,,,31377,4.0,4,,,,,,
,,,,,31381,4.0,4,,,,,,
,,,,,31385,4.0,4,,,,,,
,,,,,31388,3.0,3,,,,,,
,,,,,31394,6.0,6,,,,,,
,,,,,31414,20.0,20,,,,,,
,,,,,31422,8.0,8,,,,,,
,,,,,31425,3.0,3,,,,,,
,,,,,31442,17.0,17,,,,,,
,,,,,31447,5.0,5,,,,,,
,,,,,31459,12.0,12,,,,,,
,,,,,31466,7.0,7,,,,,,
,,,,,31469,3.0,3,,,,,,
,,,,,31481,12.0,12,,,,,,
,,,,,31501,20.0,20,,,,,,
,,,,,31504,3.0,3,,,,,,
,,,,,31507,3.0,3,,,,,,
,,,,,31512,5.0,5,,,,,,
,,,,,31518,6.0,6,,,,,,
,,,,,31522,4.0,4,,,,,,
,,,,,31532,10.0,10,,,,,,
,,,,,31550,18.0,18,,,,,,
,,,,,31569,19.0,19,,,,,,
,,,,,31575,6.0,6,,,,,,
,,,,,31579,4.0,4,,,,,,
,,,,,31585,6.0,6,,,,,,
,,,,,31588,3.0,3,,,,,,
,,,,,31591,3.0,3,,,,,,
,,,,,31597,6.0,6,,,,,,
,,,,,31601,4.0,4,,,,,,
,,,,,31605,4.0,4,,,,,,
,,,,,31616,11.0,11,,,,,,
,,,,,31623,7.0,7,,,,,,
,,,,,31628,5.0,5,,,,,,
,,,,,31634,6.0,6,,,,,,
,,,,,31638,4.0,4,,,,,,
,,,,,31641,3.0,3,,,,,,
,,,,,31649,8.0,8,,,,,,
,,,,,31653,4.0,4,,,,,,
,,,,,31663,10.0,10,,,,,,
,,,,,31666,3.0,3,,,,,,
,,,,,31676,10.0,10,,,,,,
,,,,,31685,9.0,9,,,,,,
,,,,,31690,5.0,5,,,,,,
,,,,,31693,3.0,3,,,,,,
,,,,,31700,7.0,7,,,,,,
,,,,,31706,6.0,6,,,,,,
,,,,,31710,4.0,4,,,,,,
,,,,,31736,26.0,26,,,,,,
,,,,,31740,4.0,4,,,,,,
,,,,,31744,4.0,4,,,,,,
,,,,,31747,3.0,3,,,,,,
,,,,,31758,11.0,11,,,,,,
,,,,,31775,17.0,17,,,,,,
,,,,,31779,4.0,4,,,,,,
,,,,,31783,4.0,4,,,,,,
,,,,,31795,12.0,12,,,,,,
,,,,,31812,17.0,17,,,,,,
,,,,,31816,4.0,4,,,,,,
,,,,,31822,6.0,6,,,,,,
,,,,,31832,10.0,10,,,,,,
,,,,,31836,4.0,4,,,,,,
,,,,,31840,4.0,4,,,,,,
,,,,,31843,3.0,3,,,,,,
,,,,,31851,8.0,8,,,,,,
,,,,,31855,4.0,4,,,,,,
,,,,,31864,9.0,9,,,,,,
,,,,,31875,11.0,11,,,,,,
,,,,,31887,12.0,12,,,,,,
,,,,,31896,9.0,9,,,,,,
,,,,,31902,6.0,6,,,,,,
,,,,,31905,3.0,3,,,,,,
,,,,,31908,3.0,3,,,,,,
,,,,,31916,8.0,8,,,,,,
,,,,,31924,8.0,8,,,,,,
,,,,,31927,3.0,3,,,,,,
,,,,,31942,15.0,15,,,,,,
,,,,,31945,3.0,3,,,,,,
,,,,,31956,11.0,11,,,,,,
,,,,,31964,8.0,8,,,,,,
,,,,,31971,7.0,7,,,,,,
,,,,,31976,5.0,5,,,,,,
,,,,,31980,4.0,4,,,,,,
,,,,,31985,5.0,5,,,,,,
,,,,,31988,3.0,3,,,,,,
,,,,,31994,6.0,6,,,,,,
,,,,,32000,6.0,6,,,,,,
,,,,,32000,,,2.413154125213623,5.130643367767334,5.133970260620117,0.0003,0.0003,0.1
,,,,,32007,7.0,7,,,,,,
,,,,,32011,4.0,4,,,,,,
,,,,,32017,6.0,6,,,,,,
,,,,,32024,7.0,7,,,,,,
,,,,,32027,3.0,3,,,,,,
,,,,,32031,4.0,4,,,,,,
,,,,,32037,6.0,6,,,,,,
,,,,,32049,12.0,12,,,,,,
,,,,,32053,4.0,4,,,,,,
,,,,,32061,8.0,8,,,,,,
,,,,,32069,8.0,8,,,,,,
,,,,,32072,3.0,3,,,,,,
,,,,,32078,6.0,6,,,,,,
,,,,,32082,4.0,4,,,,,,
,,,,,32090,8.0,8,,,,,,
,,,,,32094,4.0,4,,,,,,
,,,,,32102,8.0,8,,,,,,
,,,,,32109,7.0,7,,,,,,
,,,,,32114,5.0,5,,,,,,
,,,,,32130,16.0,16,,,,,,
,,,,,32141,11.0,11,,,,,,
,,,,,32151,10.0,10,,,,,,
,,,,,32156,5.0,5,,,,,,
,,,,,32160,4.0,4,,,,,,
,,,,,32164,4.0,4,,,,,,
,,,,,32173,9.0,9,,,,,,
,,,,,32178,5.0,5,,,,,,
,,,,,32189,11.0,11,,,,,,
,,,,,32193,4.0,4,,,,,,
,,,,,32199,6.0,6,,,,,,
,,,,,32206,7.0,7,,,,,,
,,,,,32219,13.0,13,,,,,,
,,,,,32228,9.0,9,,,,,,
,,,,,32236,8.0,8,,,,,,
,,,,,32241,5.0,5,,,,,,
,,,,,32245,4.0,4,,,,,,
,,,,,32248,3.0,3,,,,,,
,,,,,32253,5.0,5,,,,,,
,,,,,32259,6.0,6,,,,,,
,,,,,32270,11.0,11,,,,,,
,,,,,32278,8.0,8,,,,,,
,,,,,32299,21.0,21,,,,,,
,,,,,32303,4.0,4,,,,,,
,,,,,32306,3.0,3,,,,,,
,,,,,32316,10.0,10,,,,,,
,,,,,32322,6.0,6,,,,,,
,,,,,32329,7.0,7,,,,,,
,,,,,32339,10.0,10,,,,,,
,,,,,32349,10.0,10,,,,,,
,,,,,32353,4.0,4,,,,,,
,,,,,32369,16.0,16,,,,,,
,,,,,32376,7.0,7,,,,,,
,,,,,32381,5.0,5,,,,,,
,,,,,32387,6.0,6,,,,,,
,,,,,32392,5.0,5,,,,,,
,,,,,32400,8.0,8,,,,,,
,,,,,32404,4.0,4,,,,,,
,,,,,32407,3.0,3,,,,,,
,,,,,32412,5.0,5,,,,,,
,,,,,32417,5.0,5,,,,,,
,,,,,32421,4.0,4,,,,,,
,,,,,32424,3.0,3,,,,,,
,,,,,32430,6.0,6,,,,,,
,,,,,32447,17.0,17,,,,,,
,,,,,32453,6.0,6,,,,,,
,,,,,32460,7.0,7,,,,,,
,,,,,32480,20.0,20,,,,,,
,,,,,32487,7.0,7,,,,,,
,,,,,32492,5.0,5,,,,,,
,,,,,32496,4.0,4,,,,,,
,,,,,32506,10.0,10,,,,,,
,,,,,32513,7.0,7,,,,,,
,,,,,32517,4.0,4,,,,,,
,,,,,32523,6.0,6,,,,,,
,,,,,32528,5.0,5,,,,,,
,,,,,32534,6.0,6,,,,,,
,,,,,32541,7.0,7,,,,,,
,,,,,32546,5.0,5,,,,,,
,,,,,32554,8.0,8,,,,,,
,,,,,32559,5.0,5,,,,,,
,,,,,32562,3.0,3,,,,,,
,,,,,32570,8.0,8,,,,,,
,,,,,32575,5.0,5,,,,,,
,,,,,32585,10.0,10,,,,,,
,,,,,32588,3.0,3,,,,,,
,,,,,32591,3.0,3,,,,,,
,,,,,32595,4.0,4,,,,,,
,,,,,32598,3.0,3,,,,,,
,,,,,32606,8.0,8,,,,,,
,,,,,32619,13.0,13,,,,,,
,,,,,32622,3.0,3,,,,,,
,,,,,32632,10.0,10,,,,,,
,,,,,32635,3.0,3,,,,,,
,,,,,32645,10.0,10,,,,,,
,,,,,32651,6.0,6,,,,,,
,,,,,32654,3.0,3,,,,,,
,,,,,32664,10.0,10,,,,,,
,,,,,32676,12.0,12,,,,,,
,,,,,32681,5.0,5,,,,,,
,,,,,32688,7.0,7,,,,,,
,,,,,32692,4.0,4,,,,,,
,,,,,32695,3.0,3,,,,,,
,,,,,32698,3.0,3,,,,,,
,,,,,32701,3.0,3,,,,,,
,,,,,32704,3.0,3,,,,,,
,,,,,32709,5.0,5,,,,,,
,,,,,32713,4.0,4,,,,,,
,,,,,32722,9.0,9,,,,,,
,,,,,32726,4.0,4,,,,,,
,,,,,32750,24.0,24,,,,,,
,,,,,32755,5.0,5,,,,,,
,,,,,32759,4.0,4,,,,,,
,,,,,32763,4.0,4,,,,,,
,,,,,32768,5.0,5,,,,,,
,,,,,32772,4.0,4,,,,,,
,,,,,32777,5.0,5,,,,,,
,,,,,32781,4.0,4,,,,,,
,,,,,32792,11.0,11,,,,,,
,,,,,32802,10.0,10,,,,,,
,,,,,32806,4.0,4,,,,,,
,,,,,32812,6.0,6,,,,,,
,,,,,32822,10.0,10,,,,,,
,,,,,32829,7.0,7,,,,,,
,,,,,32839,10.0,10,,,,,,
,,,,,32843,4.0,4,,,,,,
,,,,,32852,9.0,9,,,,,,
,,,,,32860,8.0,8,,,,,,
,,,,,32864,4.0,4,,,,,,
,,,,,32883,19.0,19,,,,,,
,,,,,32887,4.0,4,,,,,,
,,,,,32893,6.0,6,,,,,,
,,,,,32899,6.0,6,,,,,,
,,,,,32907,8.0,8,,,,,,
,,,,,32912,5.0,5,,,,,,
,,,,,32916,4.0,4,,,,,,
,,,,,32923,7.0,7,,,,,,
,,,,,32928,5.0,5,,,,,,
,,,,,32932,4.0,4,,,,,,
,,,,,32936,4.0,4,,,,,,
,,,,,32944,8.0,8,,,,,,
,,,,,32949,5.0,5,,,,,,
,,,,,32955,6.0,6,,,,,,
,,,,,32960,5.0,5,,,,,,
,,,,,32964,4.0,4,,,,,,
,,,,,32983,19.0,19,,,,,,
,,,,,32988,5.0,5,,,,,,
,,,,,33000,,,2.141421318054199,5.002813339233398,5.143623352050781,0.0003,0.0003,0.1
,,,,,33004,16.0,16,,,,,,
,,,,,33009,5.0,5,,,,,,
,,,,,33012,3.0,3,,,,,,
,,,,,33019,7.0,7,,,,,,
,,,,,33032,13.0,13,,,,,,
,,,,,33036,4.0,4,,,,,,
,,,,,33043,7.0,7,,,,,,
,,,,,33046,3.0,3,,,,,,
,,,,,33051,5.0,5,,,,,,
,,,,,33054,3.0,3,,,,,,
,,,,,33060,6.0,6,,,,,,
,,,,,33064,4.0,4,,,,,,
,,,,,33069,5.0,5,,,,,,
,,,,,33083,14.0,14,,,,,,
,,,,,33086,3.0,3,,,,,,
,,,,,33090,4.0,4,,,,,,
,,,,,33095,5.0,5,,,,,,
,,,,,33098,3.0,3,,,,,,
,,,,,33102,4.0,4,,,,,,
,,,,,33120,18.0,18,,,,,,
,,,,,33126,6.0,6,,,,,,
,,,,,33131,5.0,5,,,,,,
,,,,,33136,5.0,5,,,,,,
,,,,,33142,6.0,6,,,,,,
,,,,,33146,4.0,4,,,,,,
,,,,,33149,3.0,3,,,,,,
,,,,,33157,8.0,8,,,,,,
,,,,,33170,13.0,13,,,,,,
,,,,,33178,8.0,8,,,,,,
,,,,,33183,5.0,5,,,,,,
,,,,,33194,11.0,11,,,,,,
,,,,,33198,4.0,4,,,,,,
,,,,,33201,3.0,3,,,,,,
,,,,,33205,4.0,4,,,,,,
,,,,,33209,4.0,4,,,,,,
,,,,,33216,7.0,7,,,,,,
,,,,,33220,4.0,4,,,,,,
,,,,,33229,9.0,9,,,,,,
,,,,,33238,9.0,9,,,,,,
,,,,,33258,20.0,20,,,,,,
,,,,,33262,4.0,4,,,,,,
,,,,,33271,9.0,9,,,,,,
,,,,,33281,10.0,10,,,,,,
,,,,,33292,11.0,11,,,,,,
,,,,,33296,4.0,4,,,,,,
,,,,,33303,7.0,7,,,,,,
,,,,,33308,5.0,5,,,,,,
,,,,,33311,3.0,3,,,,,,
,,,,,33319,8.0,8,,,,,,
,,,,,33328,9.0,9,,,,,,
,,,,,33333,5.0,5,,,,,,
,,,,,33344,11.0,11,,,,,,
,,,,,33348,4.0,4,,,,,,
,,,,,33353,5.0,5,,,,,,
,,,,,33359,6.0,6,,,,,,
,,,,,33367,8.0,8,,,,,,
,,,,,33373,6.0,6,,,,,,
,,,,,33377,4.0,4,,,,,,
,,,,,33382,5.0,5,,,,,,
,,,,,33397,15.0,15,,,,,,
,,,,,33404,7.0,7,,,,,,
,,,,,33409,5.0,5,,,,,,
,,,,,33416,7.0,7,,,,,,
,,,,,33420,4.0,4,,,,,,
,,,,,33432,12.0,12,,,,,,
,,,,,33436,4.0,4,,,,,,
,,,,,33440,4.0,4,,,,,,
,,,,,33443,3.0,3,,,,,,
,,,,,33454,11.0,11,,,,,,
,,,,,33464,10.0,10,,,,,,
,,,,,33471,7.0,7,,,,,,
,,,,,33476,5.0,5,,,,,,
,,,,,33480,4.0,4,,,,,,
,,,,,33485,5.0,5,,,,,,
,,,,,33498,13.0,13,,,,,,
,,,,,33502,4.0,4,,,,,,
,,,,,33505,3.0,3,,,,,,
,,,,,33509,4.0,4,,,,,,
,,,,,33517,8.0,8,,,,,,
,,,,,33525,8.0,8,,,,,,
,,,,,33530,5.0,5,,,,,,
,,,,,33537,7.0,7,,,,,,
,,,,,33540,3.0,3,,,,,,
,,,,,33545,5.0,5,,,,,,
,,,,,33552,7.0,7,,,,,,
,,,,,33561,9.0,9,,,,,,
,,,,,33570,9.0,9,,,,,,
,,,,,33573,3.0,3,,,,,,
,,,,,33578,5.0,5,,,,,,
,,,,,33584,6.0,6,,,,,,
,,,,,33589,5.0,5,,,,,,
,,,,,33593,4.0,4,,,,,,
,,,,,33598,5.0,5,,,,,,
,,,,,33605,7.0,7,,,,,,
,,,,,33609,4.0,4,,,,,,
,,,,,33614,5.0,5,,,,,,
,,,,,33620,6.0,6,,,,,,
,,,,,33641,21.0,21,,,,,,
,,,,,33648,7.0,7,,,,,,
,,,,,33654,6.0,6,,,,,,
,,,,,33663,9.0,9,,,,,,
,,,,,33668,5.0,5,,,,,,
,,,,,33676,8.0,8,,,,,,
,,,,,33681,5.0,5,,,,,,
,,,,,33692,11.0,11,,,,,,
,,,,,33708,16.0,16,,,,,,
,,,,,33717,9.0,9,,,,,,
,,,,,33723,6.0,6,,,,,,
,,,,,33727,4.0,4,,,,,,
,,,,,33731,4.0,4,,,,,,
,,,,,33735,4.0,4,,,,,,
,,,,,33749,14.0,14,,,,,,
,,,,,33752,3.0,3,,,,,,
,,,,,33759,7.0,7,,,,,,
,,,,,33764,5.0,5,,,,,,
,,,,,33768,4.0,4,,,,,,
,,,,,33772,4.0,4,,,,,,
,,,,,33775,3.0,3,,,,,,
,,,,,33778,3.0,3,,,,,,
,,,,,33786,8.0,8,,,,,,
,,,,,33790,4.0,4,,,,,,
,,,,,33794,4.0,4,,,,,,
,,,,,33804,10.0,10,,,,,,
,,,,,33811,7.0,7,,,,,,
,,,,,33816,5.0,5,,,,,,
,,,,,33820,4.0,4,,,,,,
,,,,,33823,3.0,3,,,,,,
,,,,,33828,5.0,5,,,,,,
,,,,,33834,6.0,6,,,,,,
,,,,,33843,9.0,9,,,,,,
,,,,,33847,4.0,4,,,,,,
,,,,,33853,6.0,6,,,,,,
,,,,,33863,10.0,10,,,,,,
,,,,,33870,7.0,7,,,,,,
,,,,,33874,4.0,4,,,,,,
,,,,,33877,3.0,3,,,,,,
,,,,,33881,4.0,4,,,,,,
,,,,,33888,7.0,7,,,,,,
,,,,,33891,3.0,3,,,,,,
,,,,,33911,20.0,20,,,,,,
,,,,,33920,9.0,9,,,,,,
,,,,,33924,4.0,4,,,,,,
,,,,,33927,3.0,3,,,,,,
,,,,,33932,5.0,5,,,,,,
,,,,,33937,5.0,5,,,,,,
,,,,,33947,10.0,10,,,,,,
,,,,,33950,3.0,3,,,,,,
,,,,,33953,3.0,3,,,,,,
,,,,,33960,7.0,7,,,,,,
,,,,,33967,7.0,7,,,,,,
,,,,,33975,8.0,8,,,,,,
,,,,,33980,5.0,5,,,,,,
,,,,,33986,6.0,6,,,,,,
,,,,,33996,10.0,10,,,,,,
,,,,,34000,,,2.249824285507202,5.1052565574646,5.219191551208496,0.0003,0.0003,0.1
,,,,,34006,10.0,10,,,,,,
,,,,,34015,9.0,9,,,,,,
,,,,,34018,3.0,3,,,,,,
,,,,,34023,5.0,5,,,,,,
,,,,,34030,7.0,7,,,,,,
,,,,,34035,5.0,5,,,,,,
,,,,,34041,6.0,6,,,,,,
,,,,,34045,4.0,4,,,,,,
,,,,,34050,5.0,5,,,,,,
,,,,,34057,7.0,7,,,,,,
,,,,,34061,4.0,4,,,,,,
,,,,,34071,10.0,10,,,,,,
,,,,,34081,10.0,10,,,,,,
,,,,,34085,4.0,4,,,,,,
,,,,,34100,15.0,15,,,,,,
,,,,,34111,11.0,11,,,,,,
,,,,,34116,5.0,5,,,,,,
,,,,,34122,6.0,6,,,,,,
,,,,,34125,3.0,3,,,,,,
,,,,,34132,7.0,7,,,,,,
,,,,,34135,3.0,3,,,,,,
,,,,,34143,8.0,8,,,,,,
,,,,,34146,3.0,3,,,,,,
,,,,,34163,17.0,17,,,,,,
,,,,,34168,5.0,5,,,,,,
,,,,,34173,5.0,5,,,,,,
,,,,,34178,5.0,5,,,,,,
,,,,,34183,5.0,5,,,,,,
,,,,,34187,4.0,4,,,,,,
,,,,,34190,3.0,3,,,,,,
,,,,,34193,3.0,3,,,,,,
,,,,,34205,12.0,12,,,,,,
,,,,,34209,4.0,4,,,,,,
,,,,,34214,5.0,5,,,,,,
,,,,,34219,5.0,5,,,,,,
,,,,,34224,5.0,5,,,,,,
,,,,,34227,3.0,3,,,,,,
,,,,,34232,5.0,5,,,,,,
,,,,,34236,4.0,4,,,,,,
,,,,,34241,5.0,5,,,,,,
,,,,,34249,8.0,8,,,,,,
,,,,,34254,5.0,5,,,,,,
,,,,,34261,7.0,7,,,,,,
,,,,,34264,3.0,3,,,,,,
,,,,,34274,10.0,10,,,,,,
,,,,,34279,5.0,5,,,,,,
,,,,,34287,8.0,8,,,,,,
,,,,,34296,9.0,9,,,,,,
,,,,,34300,4.0,4,,,,,,
,,,,,34303,3.0,3,,,,,,
,,,,,34320,17.0,17,,,,,,
,,,,,34325,5.0,5,,,,,,
,,,,,34330,5.0,5,,,,,,
,,,,,34333,3.0,3,,,,,,
,,,,,34336,3.0,3,,,,,,
,,,,,34346,10.0,10,,,,,,
,,,,,34353,7.0,7,,,,,,
,,,,,34363,10.0,10,,,,,,
,,,,,34374,11.0,11,,,,,,
,,,,,34379,5.0,5,,,,,,
,,,,,34395,16.0,16,,,,,,
,,,,,34402,7.0,7,,,,,,
,,,,,34405,3.0,3,,,,,,
,,,,,34416,11.0,11,,,,,,
,,,,,34420,4.0,4,,,,,,
,,,,,34425,5.0,5,,,,,,
,,,,,34437,12.0,12,,,,,,
,,,,,34449,12.0,12,,,,,,
,,,,,34453,4.0,4,,,,,,
,,,,,34473,20.0,20,,,,,,
,,,,,34477,4.0,4,,,,,,
,,,,,34482,5.0,5,,,,,,
,,,,,34496,14.0,14,,,,,,
,,,,,34500,4.0,4,,,,,,
,,,,,34511,11.0,11,,,,,,
,,,,,34519,8.0,8,,,,,,
,,,,,34527,8.0,8,,,,,,
,,,,,34537,10.0,10,,,,,,
,,,,,34542,5.0,5,,,,,,
,,,,,34546,4.0,4,,,,,,
,,,,,34551,5.0,5,,,,,,
,,,,,34555,4.0,4,,,,,,
,,,,,34560,5.0,5,,,,,,
,,,,,34563,3.0,3,,,,,,
,,,,,34567,4.0,4,,,,,,
,,,,,34573,6.0,6,,,,,,
,,,,,34579,6.0,6,,,,,,
,,,,,34584,5.0,5,,,,,,
,,,,,34596,12.0,12,,,,,,
,,,,,34605,9.0,9,,,,,,
,,,,,34611,6.0,6,,,,,,
,,,,,34618,7.0,7,,,,,,
,,,,,34621,3.0,3,,,,,,
,,,,,34631,10.0,10,,,,,,
,,,,,34646,15.0,15,,,,,,
,,,,,34653,7.0,7,,,,,,
,,,,,34657,4.0,4,,,,,,
,,,,,34665,8.0,8,,,,,,
,,,,,34672,7.0,7,,,,,,
,,,,,34678,6.0,6,,,,,,
,,,,,34685,7.0,7,,,,,,
,,,,,34690,5.0,5,,,,,,
,,,,,34695,5.0,5,,,,,,
,,,,,34701,6.0,6,,,,,,
,,,,,34711,10.0,10,,,,,,
,,,,,34716,5.0,5,,,,,,
,,,,,34721,5.0,5,,,,,,
,,,,,34727,6.0,6,,,,,,
,,,,,34731,4.0,4,,,,,,
,,,,,34739,8.0,8,,,,,,
,,,,,34744,5.0,5,,,,,,
,,,,,34749,5.0,5,,,,,,
,,,,,34753,4.0,4,,,,,,
,,,,,34756,3.0,3,,,,,,
,,,,,34759,3.0,3,,,,,,
,,,,,34765,6.0,6,,,,,,
,,,,,34770,5.0,5,,,,,,
,,,,,34774,4.0,4,,,,,,
,,,,,34779,5.0,5,,,,,,
,,,,,34783,4.0,4,,,,,,
,,,,,34798,15.0,15,,,,,,
,,,,,34803,5.0,5,,,,,,
,,,,,34806,3.0,3,,,,,,
,,,,,34809,3.0,3,,,,,,
,,,,,34817,8.0,8,,,,,,
,,,,,34823,6.0,6,,,,,,
,,,,,34826,3.0,3,,,,,,
,,,,,34846,20.0,20,,,,,,
,,,,,34849,3.0,3,,,,,,
,,,,,34862,13.0,13,,,,,,
,,,,,34865,3.0,3,,,,,,
,,,,,34868,3.0,3,,,,,,
,,,,,34888,20.0,20,,,,,,
,,,,,34891,3.0,3,,,,,,
,,,,,34894,3.0,3,,,,,,
,,,,,34897,3.0,3,,,,,,
,,,,,34907,10.0,10,,,,,,
,,,,,34914,7.0,7,,,,,,
,,,,,34919,5.0,5,,,,,,
,,,,,34923,4.0,4,,,,,,
,,,,,34929,6.0,6,,,,,,
,,,,,34934,5.0,5,,,,,,
,,,,,34941,7.0,7,,,,,,
,,,,,34949,8.0,8,,,,,,
,,,,,34957,8.0,8,,,,,,
,,,,,34960,3.0,3,,,,,,
,,,,,34985,25.0,25,,,,,,
,,,,,34991,6.0,6,,,,,,
,,,,,34998,7.0,7,,,,,,
5.2,1.3266499,7.0,3.0,5.2,35000,,,2.0470900535583496,5.214967727661133,4.930717468261719,0.0003,0.0003,0.1
,,,,,35001,3.0,3,,,,,,
,,,,,35009,8.0,8,,,,,,
,,,,,35012,3.0,3,,,,,,
,,,,,35018,6.0,6,,,,,,
,,,,,35030,12.0,12,,,,,,
,,,,,35035,5.0,5,,,,,,
,,,,,35041,6.0,6,,,,,,
,,,,,35048,7.0,7,,,,,,
,,,,,35060,12.0,12,,,,,,
,,,,,35063,3.0,3,,,,,,
,,,,,35084,21.0,21,,,,,,
,,,,,35096,12.0,12,,,,,,
,,,,,35101,5.0,5,,,,,,
,,,,,35108,7.0,7,,,,,,
,,,,,35113,5.0,5,,,,,,
,,,,,35116,3.0,3,,,,,,
,,,,,35122,6.0,6,,,,,,
,,,,,35126,4.0,4,,,,,,
,,,,,35129,3.0,3,,,,,,
,,,,,35136,7.0,7,,,,,,
,,,,,35141,5.0,5,,,,,,
,,,,,35153,12.0,12,,,,,,
,,,,,35161,8.0,8,,,,,,
,,,,,35164,3.0,3,,,,,,
,,,,,35168,4.0,4,,,,,,
,,,,,35180,12.0,12,,,,,,
,,,,,35183,3.0,3,,,,,,
,,,,,35193,10.0,10,,,,,,
,,,,,35199,6.0,6,,,,,,
,,,,,35204,5.0,5,,,,,,
,,,,,35211,7.0,7,,,,,,
,,,,,35224,13.0,13,,,,,,
,,,,,35229,5.0,5,,,,,,
,,,,,35232,3.0,3,,,,,,
,,,,,35238,6.0,6,,,,,,
,,,,,35241,3.0,3,,,,,,
,,,,,35248,7.0,7,,,,,,
,,,,,35252,4.0,4,,,,,,
,,,,,35255,3.0,3,,,,,,
,,,,,35264,9.0,9,,,,,,
,,,,,35267,3.0,3,,,,,,
,,,,,35285,18.0,18,,,,,,
,,,,,35292,7.0,7,,,,,,
,,,,,35299,7.0,7,,,,,,
,,,,,35302,3.0,3,,,,,,
,,,,,35306,4.0,4,,,,,,
,,,,,35309,3.0,3,,,,,,
,,,,,35314,5.0,5,,,,,,
,,,,,35319,5.0,5,,,,,,
,,,,,35326,7.0,7,,,,,,
,,,,,35332,6.0,6,,,,,,
,,,,,35339,7.0,7,,,,,,
,,,,,35343,4.0,4,,,,,,
,,,,,35355,12.0,12,,,,,,
,,,,,35360,5.0,5,,,,,,
,,,,,35377,17.0,17,,,,,,
,,,,,35380,3.0,3,,,,,,
,,,,,35383,3.0,3,,,,,,
,,,,,35393,10.0,10,,,,,,
,,,,,35404,11.0,11,,,,,,
,,,,,35409,5.0,5,,,,,,
,,,,,35414,5.0,5,,,,,,
,,,,,35419,5.0,5,,,,,,
,,,,,35423,4.0,4,,,,,,
,,,,,35426,3.0,3,,,,,,
,,,,,35429,3.0,3,,,,,,
,,,,,35433,4.0,4,,,,,,
,,,,,35441,8.0,8,,,,,,
,,,,,35455,14.0,14,,,,,,
,,,,,35460,5.0,5,,,,,,
,,,,,35473,13.0,13,,,,,,
,,,,,35482,9.0,9,,,,,,
,,,,,35485,3.0,3,,,,,,
,,,,,35489,4.0,4,,,,,,
,,,,,35495,6.0,6,,,,,,
,,,,,35498,3.0,3,,,,,,
,,,,,35502,4.0,4,,,,,,
,,,,,35507,5.0,5,,,,,,
,,,,,35522,15.0,15,,,,,,
,,,,,35531,9.0,9,,,,,,
,,,,,35537,6.0,6,,,,,,
,,,,,35541,4.0,4,,,,,,
,,,,,35555,14.0,14,,,,,,
,,,,,35576,21.0,21,,,,,,
,,,,,35582,6.0,6,,,,,,
,,,,,35590,8.0,8,,,,,,
,,,,,35602,12.0,12,,,,,,
,,,,,35610,8.0,8,,,,,,
,,,,,35614,4.0,4,,,,,,
,,,,,35617,3.0,3,,,,,,
,,,,,35625,8.0,8,,,,,,
,,,,,35628,3.0,3,,,,,,
,,,,,35633,5.0,5,,,,,,
,,,,,35655,22.0,22,,,,,,
,,,,,35664,9.0,9,,,,,,
,,,,,35669,5.0,5,,,,,,
,,,,,35673,4.0,4,,,,,,
,,,,,35677,4.0,4,,,,,,
,,,,,35682,5.0,5,,,,,,
,,,,,35690,8.0,8,,,,,,
,,,,,35693,3.0,3,,,,,,
,,,,,35698,5.0,5,,,,,,
,,,,,35722,24.0,24,,,,,,
,,,,,35725,3.0,3,,,,,,
,,,,,35734,9.0,9,,,,,,
,,,,,35737,3.0,3,,,,,,
,,,,,35753,16.0,16,,,,,,
,,,,,35763,10.0,10,,,,,,
,,,,,35773,10.0,10,,,,,,
,,,,,35786,13.0,13,,,,,,
,,,,,35792,6.0,6,,,,,,
,,,,,35796,4.0,4,,,,,,
,,,,,35811,15.0,15,,,,,,
,,,,,35815,4.0,4,,,,,,
,,,,,35829,14.0,14,,,,,,
,,,,,35833,4.0,4,,,,,,
,,,,,35839,6.0,6,,,,,,
,,,,,35854,15.0,15,,,,,,
,,,,,35862,8.0,8,,,,,,
,,,,,35868,6.0,6,,,,,,
,,,,,35874,6.0,6,,,,,,
,,,,,35881,7.0,7,,,,,,
,,,,,35906,25.0,25,,,,,,
,,,,,35917,11.0,11,,,,,,
,,,,,35930,13.0,13,,,,,,
,,,,,35941,11.0,11,,,,,,
,,,,,35956,15.0,15,,,,,,
,,,,,35960,4.0,4,,,,,,
,,,,,35972,12.0,12,,,,,,
,,,,,35977,5.0,5,,,,,,
,,,,,35982,5.0,5,,,,,,
,,,,,35987,5.0,5,,,,,,
,,,,,35992,5.0,5,,,,,,
,,,,,35995,3.0,3,,,,,,
,,,,,36000,,,1.9115889072418213,4.940003395080566,5.041845321655273,0.0003,0.0003,0.1
,,,,,36001,6.0,6,,,,,,
,,,,,36017,16.0,16,,,,,,
,,,,,36024,7.0,7,,,,,,
,,,,,36028,4.0,4,,,,,,
,,,,,36034,6.0,6,,,,,,
,,,,,36045,11.0,11,,,,,,
,,,,,36050,5.0,5,,,,,,
,,,,,36056,6.0,6,,,,,,
,,,,,36074,18.0,18,,,,,,
,,,,,36080,6.0,6,,,,,,
,,,,,36086,6.0,6,,,,,,
,,,,,36102,16.0,16,,,,,,
,,,,,36108,6.0,6,,,,,,
,,,,,36116,8.0,8,,,,,,
,,,,,36121,5.0,5,,,,,,
,,,,,36128,7.0,7,,,,,,
,,,,,36132,4.0,4,,,,,,
,,,,,36140,8.0,8,,,,,,
,,,,,36145,5.0,5,,,,,,
,,,,,36152,7.0,7,,,,,,
,,,,,36155,3.0,3,,,,,,
,,,,,36166,11.0,11,,,,,,
,,,,,36174,8.0,8,,,,,,
,,,,,36177,3.0,3,,,,,,
,,,,,36193,16.0,16,,,,,,
,,,,,36198,5.0,5,,,,,,
,,,,,36207,9.0,9,,,,,,
,,,,,36224,17.0,17,,,,,,
,,,,,36230,6.0,6,,,,,,
,,,,,36233,3.0,3,,,,,,
,,,,,36245,12.0,12,,,,,,
,,,,,36255,10.0,10,,,,,,
,,,,,36258,3.0,3,,,,,,
,,,,,36262,4.0,4,,,,,,
,,,,,36273,11.0,11,,,,,,
,,,,,36282,9.0,9,,,,,,
,,,,,36286,4.0,4,,,,,,
,,,,,36291,5.0,5,,,,,,
,,,,,36295,4.0,4,,,,,,
,,,,,36304,9.0,9,,,,,,
,,,,,36314,10.0,10,,,,,,
,,,,,36319,5.0,5,,,,,,
,,,,,36322,3.0,3,,,,,,
,,,,,36326,4.0,4,,,,,,
,,,,,36331,5.0,5,,,,,,
,,,,,36334,3.0,3,,,,,,
,,,,,36337,3.0,3,,,,,,
,,,,,36345,8.0,8,,,,,,
,,,,,36356,11.0,11,,,,,,
,,,,,36361,5.0,5,,,,,,
,,,,,36367,6.0,6,,,,,,
,,,,,36373,6.0,6,,,,,,
,,,,,36378,5.0,5,,,,,,
,,,,,36385,7.0,7,,,,,,
,,,,,36388,3.0,3,,,,,,
,,,,,36398,10.0,10,,,,,,
,,,,,36401,3.0,3,,,,,,
,,,,,36412,11.0,11,,,,,,
,,,,,36417,5.0,5,,,,,,
,,,,,36420,3.0,3,,,,,,
,,,,,36431,11.0,11,,,,,,
,,,,,36435,4.0,4,,,,,,
,,,,,36439,4.0,4,,,,,,
,,,,,36446,7.0,7,,,,,,
,,,,,36453,7.0,7,,,,,,
,,,,,36473,20.0,20,,,,,,
,,,,,36480,7.0,7,,,,,,
,,,,,36490,10.0,10,,,,,,
,,,,,36501,11.0,11,,,,,,
,,,,,36514,13.0,13,,,,,,
,,,,,36526,12.0,12,,,,,,
,,,,,36530,4.0,4,,,,,,
,,,,,36539,9.0,9,,,,,,
,,,,,36542,3.0,3,,,,,,
,,,,,36549,7.0,7,,,,,,
,,,,,36565,16.0,16,,,,,,
,,,,,36572,7.0,7,,,,,,
,,,,,36577,5.0,5,,,,,,
,,,,,36582,5.0,5,,,,,,
,,,,,36588,6.0,6,,,,,,
,,,,,36591,3.0,3,,,,,,
,,,,,36595,4.0,4,,,,,,
,,,,,36598,3.0,3,,,,,,
,,,,,36609,11.0,11,,,,,,
,,,,,36620,11.0,11,,,,,,
,,,,,36627,7.0,7,,,,,,
,,,,,36635,8.0,8,,,,,,
,,,,,36638,3.0,3,,,,,,
,,,,,36643,5.0,5,,,,,,
,,,,,36646,3.0,3,,,,,,
,,,,,36669,23.0,23,,,,,,
,,,,,36675,6.0,6,,,,,,
,,,,,36683,8.0,8,,,,,,
,,,,,36689,6.0,6,,,,,,
,,,,,36693,4.0,4,,,,,,
,,,,,36697,4.0,4,,,,,,
,,,,,36725,28.0,28,,,,,,
,,,,,36730,5.0,5,,,,,,
,,,,,36737,7.0,7,,,,,,
,,,,,36742,5.0,5,,,,,,
,,,,,36749,7.0,7,,,,,,
,,,,,36759,10.0,10,,,,,,
,,,,,36765,6.0,6,,,,,,
,,,,,36768,3.0,3,,,,,,
,,,,,36772,4.0,4,,,,,,
,,,,,36780,8.0,8,,,,,,
,,,,,36787,7.0,7,,,,,,
,,,,,36794,7.0,7,,,,,,
,,,,,36806,12.0,12,,,,,,
,,,,,36814,8.0,8,,,,,,
,,,,,36821,7.0,7,,,,,,
,,,,,36830,9.0,9,,,,,,
,,,,,36843,13.0,13,,,,,,
,,,,,36851,8.0,8,,,,,,
,,,,,36867,16.0,16,,,,,,
,,,,,36875,8.0,8,,,,,,
,,,,,36882,7.0,7,,,,,,
,,,,,36895,13.0,13,,,,,,
,,,,,36900,5.0,5,,,,,,
,,,,,36906,6.0,6,,,,,,
,,,,,36913,7.0,7,,,,,,
,,,,,36919,6.0,6,,,,,,
,,,,,36922,3.0,3,,,,,,
,,,,,36932,10.0,10,,,,,,
,,,,,36940,8.0,8,,,,,,
,,,,,36947,7.0,7,,,,,,
,,,,,36952,5.0,5,,,,,,
,,,,,36956,4.0,4,,,,,,
,,,,,36962,6.0,6,,,,,,
,,,,,36969,7.0,7,,,,,,
,,,,,36973,4.0,4,,,,,,
,,,,,36977,4.0,4,,,,,,
,,,,,36980,3.0,3,,,,,,
,,,,,36988,8.0,8,,,,,,
,,,,,36993,5.0,5,,,,,,
,,,,,36997,4.0,4,,,,,,
,,,,,37000,,,1.9274637699127197,5.232341766357422,5.211642742156982,0.0003,0.0003,0.1
,,,,,37005,8.0,8,,,,,,
,,,,,37012,7.0,7,,,,,,
,,,,,37017,5.0,5,,,,,,
,,,,,37033,16.0,16,,,,,,
,,,,,37047,14.0,14,,,,,,
,,,,,37053,6.0,6,,,,,,
,,,,,37061,8.0,8,,,,,,
,,,,,37072,11.0,11,,,,,,
,,,,,37076,4.0,4,,,,,,
,,,,,37084,8.0,8,,,,,,
,,,,,37094,10.0,10,,,,,,
,,,,,37100,6.0,6,,,,,,
,,,,,37111,11.0,11,,,,,,
,,,,,37115,4.0,4,,,,,,
,,,,,37119,4.0,4,,,,,,
,,,,,37123,4.0,4,,,,,,
,,,,,37127,4.0,4,,,,,,
,,,,,37131,4.0,4,,,,,,
,,,,,37136,5.0,5,,,,,,
,,,,,37140,4.0,4,,,,,,
,,,,,37144,4.0,4,,,,,,
,,,,,37147,3.0,3,,,,,,
,,,,,37152,5.0,5,,,,,,
,,,,,37157,5.0,5,,,,,,
,,,,,37163,6.0,6,,,,,,
,,,,,37167,4.0,4,,,,,,
,,,,,37172,5.0,5,,,,,,
,,,,,37184,12.0,12,,,,,,
,,,,,37191,7.0,7,,,,,,
,,,,,37202,11.0,11,,,,,,
,,,,,37210,8.0,8,,,,,,
,,,,,37228,18.0,18,,,,,,
,,,,,37232,4.0,4,,,,,,
,,,,,37240,8.0,8,,,,,,
,,,,,37250,10.0,10,,,,,,
,,,,,37254,4.0,4,,,,,,
,,,,,37258,4.0,4,,,,,,
,,,,,37261,3.0,3,,,,,,
,,,,,37266,5.0,5,,,,,,
,,,,,37270,4.0,4,,,,,,
,,,,,37273,3.0,3,,,,,,
,,,,,37280,7.0,7,,,,,,
,,,,,37286,6.0,6,,,,,,
,,,,,37291,5.0,5,,,,,,
,,,,,37295,4.0,4,,,,,,
,,,,,37299,4.0,4,,,,,,
,,,,,37337,38.0,38,,,,,,
,,,,,37342,5.0,5,,,,,,
,,,,,37346,4.0,4,,,,,,
,,,,,37350,4.0,4,,,,,,
,,,,,37354,4.0,4,,,,,,
,,,,,37361,7.0,7,,,,,,
,,,,,37366,5.0,5,,,,,,
,,,,,37370,4.0,4,,,,,,
,,,,,37374,4.0,4,,,,,,
,,,,,37380,6.0,6,,,,,,
,,,,,37383,3.0,3,,,,,,
,,,,,37386,3.0,3,,,,,,
,,,,,37396,10.0,10,,,,,,
,,,,,37401,5.0,5,,,,,,
,,,,,37408,7.0,7,,,,,,
,,,,,37412,4.0,4,,,,,,
,,,,,37422,10.0,10,,,,,,
,,,,,37432,10.0,10,,,,,,
,,,,,37438,6.0,6,,,,,,
,,,,,37457,19.0,19,,,,,,
,,,,,37477,20.0,20,,,,,,
,,,,,37484,7.0,7,,,,,,
,,,,,37494,10.0,10,,,,,,
,,,,,37500,6.0,6,,,,,,
,,,,,37504,4.0,4,,,,,,
,,,,,37524,20.0,20,,,,,,
,,,,,37551,27.0,27,,,,,,
,,,,,37558,7.0,7,,,,,,
,,,,,37562,4.0,4,,,,,,
,,,,,37565,3.0,3,,,,,,
,,,,,37571,6.0,6,,,,,,
,,,,,37578,7.0,7,,,,,,
,,,,,37587,9.0,9,,,,,,
,,,,,37593,6.0,6,,,,,,
,,,,,37605,12.0,12,,,,,,
,,,,,37609,4.0,4,,,,,,
,,,,,37614,5.0,5,,,,,,
,,,,,37624,10.0,10,,,,,,
,,,,,37637,13.0,13,,,,,,
,,,,,37642,5.0,5,,,,,,
,,,,,37645,3.0,3,,,,,,
,,,,,37662,17.0,17,,,,,,
,,,,,37673,11.0,11,,,,,,
,,,,,37677,4.0,4,,,,,,
,,,,,37681,4.0,4,,,,,,
,,,,,37693,12.0,12,,,,,,
,,,,,37697,4.0,4,,,,,,
,,,,,37713,16.0,16,,,,,,
,,,,,37717,4.0,4,,,,,,
,,,,,37722,5.0,5,,,,,,
,,,,,37726,4.0,4,,,,,,
,,,,,37733,7.0,7,,,,,,
,,,,,37750,17.0,17,,,,,,
,,,,,37753,3.0,3,,,,,,
,,,,,37757,4.0,4,,,,,,
,,,,,37766,9.0,9,,,,,,
,,,,,37771,5.0,5,,,,,,
,,,,,37776,5.0,5,,,,,,
,,,,,37780,4.0,4,,,,,,
,,,,,37787,7.0,7,,,,,,
,,,,,37795,8.0,8,,,,,,
,,,,,37810,15.0,15,,,,,,
,,,,,37815,5.0,5,,,,,,
,,,,,37823,8.0,8,,,,,,
,,,,,37827,4.0,4,,,,,,
,,,,,37830,3.0,3,,,,,,
,,,,,37841,11.0,11,,,,,,
,,,,,37844,3.0,3,,,,,,
,,,,,37860,16.0,16,,,,,,
,,,,,37869,9.0,9,,,,,,
,,,,,37874,5.0,5,,,,,,
,,,,,37887,13.0,13,,,,,,
,,,,,37894,7.0,7,,,,,,
,,,,,37904,10.0,10,,,,,,
,,,,,37911,7.0,7,,,,,,
,,,,,37923,12.0,12,,,,,,
,,,,,37928,5.0,5,,,,,,
,,,,,37931,3.0,3,,,,,,
,,,,,37945,14.0,14,,,,,,
,,,,,37949,4.0,4,,,,,,
,,,,,37965,16.0,16,,,,,,
,,,,,37978,13.0,13,,,,,,
,,,,,37981,3.0,3,,,,,,
,,,,,37984,3.0,3,,,,,,
,,,,,37989,5.0,5,,,,,,
,,,,,37993,4.0,4,,,,,,
,,,,,38000,,,2.267089366912842,5.122158050537109,5.181089401245117,0.0003,0.0003,0.1
,,,,,38003,10.0,10,,,,,,
,,,,,38007,4.0,4,,,,,,
,,,,,38010,3.0,3,,,,,,
,,,,,38016,6.0,6,,,,,,
,,,,,38021,5.0,5,,,,,,
,,,,,38025,4.0,4,,,,,,
,,,,,38038,13.0,13,,,,,,
,,,,,38043,5.0,5,,,,,,
,,,,,38056,13.0,13,,,,,,
,,,,,38061,5.0,5,,,,,,
,,,,,38077,16.0,16,,,,,,
,,,,,38097,20.0,20,,,,,,
,,,,,38101,4.0,4,,,,,,
,,,,,38110,9.0,9,,,,,,
,,,,,38124,14.0,14,,,,,,
,,,,,38134,10.0,10,,,,,,
,,,,,38137,3.0,3,,,,,,
,,,,,38143,6.0,6,,,,,,
,,,,,38157,14.0,14,,,,,,
,,,,,38162,5.0,5,,,,,,
,,,,,38165,3.0,3,,,,,,
,,,,,38169,4.0,4,,,,,,
,,,,,38173,4.0,4,,,,,,
,,,,,38177,4.0,4,,,,,,
,,,,,38181,4.0,4,,,,,,
,,,,,38187,6.0,6,,,,,,
,,,,,38191,4.0,4,,,,,,
,,,,,38196,5.0,5,,,,,,
,,,,,38200,4.0,4,,,,,,
,,,,,38212,12.0,12,,,,,,
,,,,,38220,8.0,8,,,,,,
,,,,,38224,4.0,4,,,,,,
,,,,,38228,4.0,4,,,,,,
,,,,,38238,10.0,10,,,,,,
,,,,,38246,8.0,8,,,,,,
,,,,,38252,6.0,6,,,,,,
,,,,,38256,4.0,4,,,,,,
,,,,,38265,9.0,9,,,,,,
,,,,,38273,8.0,8,,,,,,
,,,,,38277,4.0,4,,,,,,
,,,,,38281,4.0,4,,,,,,
,,,,,38287,6.0,6,,,,,,
,,,,,38307,20.0,20,,,,,,
,,,,,38312,5.0,5,,,,,,
,,,,,38317,5.0,5,,,,,,
,,,,,38330,13.0,13,,,,,,
,,,,,38335,5.0,5,,,,,,
,,,,,38338,3.0,3,,,,,,
,,,,,38341,3.0,3,,,,,,
,,,,,38345,4.0,4,,,,,,
,,,,,38351,6.0,6,,,,,,
,,,,,38360,9.0,9,,,,,,
,,,,,38369,9.0,9,,,,,,
,,,,,38375,6.0,6,,,,,,
,,,,,38380,5.0,5,,,,,,
,,,,,38394,14.0,14,,,,,,
,,,,,38407,13.0,13,,,,,,
,,,,,38415,8.0,8,,,,,,
,,,,,38419,4.0,4,,,,,,
,,,,,38424,5.0,5,,,,,,
,,,,,38427,3.0,3,,,,,,
,,,,,38434,7.0,7,,,,,,
,,,,,38439,5.0,5,,,,,,
,,,,,38443,4.0,4,,,,,,
,,,,,38454,11.0,11,,,,,,
,,,,,38461,7.0,7,,,,,,
,,,,,38465,4.0,4,,,,,,
,,,,,38470,5.0,5,,,,,,
,,,,,38477,7.0,7,,,,,,
,,,,,38481,4.0,4,,,,,,
,,,,,38488,7.0,7,,,,,,
,,,,,38494,6.0,6,,,,,,
,,,,,38518,24.0,24,,,,,,
,,,,,38524,6.0,6,,,,,,
,,,,,38529,5.0,5,,,,,,
,,,,,38533,4.0,4,,,,,,
,,,,,38539,6.0,6,,,,,,
,,,,,38544,5.0,5,,,,,,
,,,,,38547,3.0,3,,,,,,
,,,,,38553,6.0,6,,,,,,
,,,,,38566,13.0,13,,,,,,
,,,,,38569,3.0,3,,,,,,
,,,,,38572,3.0,3,,,,,,
,,,,,38583,11.0,11,,,,,,
,,,,,38589,6.0,6,,,,,,
,,,,,38594,5.0,5,,,,,,
,,,,,38600,6.0,6,,,,,,
,,,,,38612,12.0,12,,,,,,
,,,,,38627,15.0,15,,,,,,
,,,,,38632,5.0,5,,,,,,
,,,,,38639,7.0,7,,,,,,
,,,,,38649,10.0,10,,,,,,
,,,,,38655,6.0,6,,,,,,
,,,,,38668,13.0,13,,,,,,
,,,,,38672,4.0,4,,,,,,
,,,,,38678,6.0,6,,,,,,
,,,,,38682,4.0,4,,,,,,
,,,,,38685,3.0,3,,,,,,
,,,,,38689,4.0,4,,,,,,
,,,,,38699,10.0,10,,,,,,
,,,,,38704,5.0,5,,,,,,
,,,,,38713,9.0,9,,,,,,
,,,,,38719,6.0,6,,,,,,
,,,,,38729,10.0,10,,,,,,
,,,,,38734,5.0,5,,,,,,
,,,,,38742,8.0,8,,,,,,
,,,,,38745,3.0,3,,,,,,
,,,,,38750,5.0,5,,,,,,
,,,,,38755,5.0,5,,,,,,
,,,,,38761,6.0,6,,,,,,
,,,,,38772,11.0,11,,,,,,
,,,,,38786,14.0,14,,,,,,
,,,,,38792,6.0,6,,,,,,
,,,,,38797,5.0,5,,,,,,
,,,,,38804,7.0,7,,,,,,
,,,,,38807,3.0,3,,,,,,
,,,,,38811,4.0,4,,,,,,
,,,,,38816,5.0,5,,,,,,
,,,,,38819,3.0,3,,,,,,
,,,,,38828,9.0,9,,,,,,
,,,,,38833,5.0,5,,,,,,
,,,,,38838,5.0,5,,,,,,
,,,,,38841,3.0,3,,,,,,
,,,,,38844,3.0,3,,,,,,
,,,,,38853,9.0,9,,,,,,
,,,,,38856,3.0,3,,,,,,
,,,,,38859,3.0,3,,,,,,
,,,,,38862,3.0,3,,,,,,
,,,,,38873,11.0,11,,,,,,
,,,,,38876,3.0,3,,,,,,
,,,,,38891,15.0,15,,,,,,
,,,,,38898,7.0,7,,,,,,
,,,,,38903,5.0,5,,,,,,
,,,,,38919,16.0,16,,,,,,
,,,,,38928,9.0,9,,,,,,
,,,,,38931,3.0,3,,,,,,
,,,,,38935,4.0,4,,,,,,
,,,,,38938,3.0,3,,,,,,
,,,,,38942,4.0,4,,,,,,
,,,,,38945,3.0,3,,,,,,
,,,,,38956,11.0,11,,,,,,
,,,,,38959,3.0,3,,,,,,
,,,,,38967,8.0,8,,,,,,
,,,,,38971,4.0,4,,,,,,
,,,,,38980,9.0,9,,,,,,
,,,,,38984,4.0,4,,,,,,
,,,,,38988,4.0,4,,,,,,
,,,,,38992,4.0,4,,,,,,
,,,,,38998,6.0,6,,,,,,
,,,,,39000,,,1.5569918155670166,4.9280571937561035,4.991763591766357,0.0003,0.0003,0.1
,,,,,39004,6.0,6,,,,,,
,,,,,39008,4.0,4,,,,,,
,,,,,39013,5.0,5,,,,,,
,,,,,39016,3.0,3,,,,,,
,,,,,39023,7.0,7,,,,,,
,,,,,39032,9.0,9,,,,,,
,,,,,39037,5.0,5,,,,,,
,,,,,39041,4.0,4,,,,,,
,,,,,39050,9.0,9,,,,,,
,,,,,39053,3.0,3,,,,,,
,,,,,39056,3.0,3,,,,,,
,,,,,39075,19.0,19,,,,,,
,,,,,39088,13.0,13,,,,,,
,,,,,39095,7.0,7,,,,,,
,,,,,39108,13.0,13,,,,,,
,,,,,39117,9.0,9,,,,,,
,,,,,39120,3.0,3,,,,,,
,,,,,39124,4.0,4,,,,,,
,,,,,39139,15.0,15,,,,,,
,,,,,39156,17.0,17,,,,,,
,,,,,39171,15.0,15,,,,,,
,,,,,39175,4.0,4,,,,,,
,,,,,39187,12.0,12,,,,,,
,,,,,39193,6.0,6,,,,,,
,,,,,39196,3.0,3,,,,,,
,,,,,39199,3.0,3,,,,,,
,,,,,39205,6.0,6,,,,,,
,,,,,39208,3.0,3,,,,,,
,,,,,39211,3.0,3,,,,,,
,,,,,39245,34.0,34,,,,,,
,,,,,39252,7.0,7,,,,,,
,,,,,39255,3.0,3,,,,,,
,,,,,39273,18.0,18,,,,,,
,,,,,39277,4.0,4,,,,,,
,,,,,39287,10.0,10,,,,,,
,,,,,39309,22.0,22,,,,,,
,,,,,39313,4.0,4,,,,,,
,,,,,39317,4.0,4,,,,,,
,,,,,39333,16.0,16,,,,,,
,,,,,39339,6.0,6,,,,,,
,,,,,39343,4.0,4,,,,,,
,,,,,39350,7.0,7,,,,,,
,,,,,39361,11.0,11,,,,,,
,,,,,39367,6.0,6,,,,,,
,,,,,39382,15.0,15,,,,,,
,,,,,39386,4.0,4,,,,,,
,,,,,39394,8.0,8,,,,,,
,,,,,39398,4.0,4,,,,,,
,,,,,39403,5.0,5,,,,,,
,,,,,39406,3.0,3,,,,,,
,,,,,39412,6.0,6,,,,,,
,,,,,39416,4.0,4,,,,,,
,,,,,39419,3.0,3,,,,,,
,,,,,39424,5.0,5,,,,,,
,,,,,39430,6.0,6,,,,,,
,,,,,39440,10.0,10,,,,,,
,,,,,39455,15.0,15,,,,,,
,,,,,39460,5.0,5,,,,,,
,,,,,39463,3.0,3,,,,,,
,,,,,39468,5.0,5,,,,,,
,,,,,39478,10.0,10,,,,,,
,,,,,39482,4.0,4,,,,,,
,,,,,39494,12.0,12,,,,,,
,,,,,39498,4.0,4,,,,,,
,,,,,39508,10.0,10,,,,,,
,,,,,39519,11.0,11,,,,,,
,,,,,39537,18.0,18,,,,,,
,,,,,39540,3.0,3,,,,,,
,,,,,39548,8.0,8,,,,,,
,,,,,39551,3.0,3,,,,,,
,,,,,39570,19.0,19,,,,,,
,,,,,39590,20.0,20,,,,,,
,,,,,39596,6.0,6,,,,,,
,,,,,39600,4.0,4,,,,,,
,,,,,39603,3.0,3,,,,,,
,,,,,39607,4.0,4,,,,,,
,,,,,39613,6.0,6,,,,,,
,,,,,39617,4.0,4,,,,,,
,,,,,39621,4.0,4,,,,,,
,,,,,39627,6.0,6,,,,,,
,,,,,39632,5.0,5,,,,,,
,,,,,39638,6.0,6,,,,,,
,,,,,39642,4.0,4,,,,,,
,,,,,39647,5.0,5,,,,,,
,,,,,39653,6.0,6,,,,,,
,,,,,39657,4.0,4,,,,,,
,,,,,39661,4.0,4,,,,,,
,,,,,39668,7.0,7,,,,,,
,,,,,39672,4.0,4,,,,,,
,,,,,39679,7.0,7,,,,,,
,,,,,39689,10.0,10,,,,,,
,,,,,39693,4.0,4,,,,,,
,,,,,39696,3.0,3,,,,,,
,,,,,39708,12.0,12,,,,,,
,,,,,39711,3.0,3,,,,,,
,,,,,39722,11.0,11,,,,,,
,,,,,39730,8.0,8,,,,,,
,,,,,39744,14.0,14,,,,,,
,,,,,39748,4.0,4,,,,,,
,,,,,39754,6.0,6,,,,,,
,,,,,39767,13.0,13,,,,,,
,,,,,39770,3.0,3,,,,,,
,,,,,39775,5.0,5,,,,,,
,,,,,39780,5.0,5,,,,,,
,,,,,39790,10.0,10,,,,,,
,,,,,39798,8.0,8,,,,,,
,,,,,39808,10.0,10,,,,,,
,,,,,39811,3.0,3,,,,,,
,,,,,39815,4.0,4,,,,,,
,,,,,39827,12.0,12,,,,,,
,,,,,39833,6.0,6,,,,,,
,,,,,39837,4.0,4,,,,,,
,,,,,39840,3.0,3,,,,,,
,,,,,39847,7.0,7,,,,,,
,,,,,39852,5.0,5,,,,,,
,,,,,39860,8.0,8,,,,,,
,,,,,39866,6.0,6,,,,,,
,,,,,39870,4.0,4,,,,,,
,,,,,39880,10.0,10,,,,,,
,,,,,39889,9.0,9,,,,,,
,,,,,39895,6.0,6,,,,,,
,,,,,39900,5.0,5,,,,,,
,,,,,39930,30.0,30,,,,,,
,,,,,39935,5.0,5,,,,,,
,,,,,39944,9.0,9,,,,,,
,,,,,39962,18.0,18,,,,,,
,,,,,39966,4.0,4,,,,,,
,,,,,39975,9.0,9,,,,,,
,,,,,39981,6.0,6,,,,,,
,,,,,39985,4.0,4,,,,,,
,,,,,39994,9.0,9,,,,,,
,,,,,39997,3.0,3,,,,,,
6.3,3.3481338,14.0,3.0,6.3,40000,,,2.2748966217041016,4.492722511291504,4.544462203979492,0.0003,0.0003,0.1
,,,,,40003,6.0,6,,,,,,
,,,,,40007,4.0,4,,,,,,
,,,,,40019,12.0,12,,,,,,
,,,,,40025,6.0,6,,,,,,
,,,,,40031,6.0,6,,,,,,
,,,,,40039,8.0,8,,,,,,
,,,,,40044,5.0,5,,,,,,
,,,,,40048,4.0,4,,,,,,
,,,,,40052,4.0,4,,,,,,
,,,,,40057,5.0,5,,,,,,
,,,,,40061,4.0,4,,,,,,
,,,,,40065,4.0,4,,,,,,
,,,,,40081,16.0,16,,,,,,
,,,,,40098,17.0,17,,,,,,
,,,,,40102,4.0,4,,,,,,
,,,,,40109,7.0,7,,,,,,
,,,,,40113,4.0,4,,,,,,
,,,,,40129,16.0,16,,,,,,
,,,,,40149,20.0,20,,,,,,
,,,,,40163,14.0,14,,,,,,
,,,,,40177,14.0,14,,,,,,
,,,,,40180,3.0,3,,,,,,
,,,,,40183,3.0,3,,,,,,
,,,,,40198,15.0,15,,,,,,
,,,,,40203,5.0,5,,,,,,
,,,,,40208,5.0,5,,,,,,
,,,,,40218,10.0,10,,,,,,
,,,,,40223,5.0,5,,,,,,
,,,,,40232,9.0,9,,,,,,
,,,,,40237,5.0,5,,,,,,
,,,,,40242,5.0,5,,,,,,
,,,,,40250,8.0,8,,,,,,
,,,,,40253,3.0,3,,,,,,
,,,,,40259,6.0,6,,,,,,
,,,,,40263,4.0,4,,,,,,
,,,,,40276,13.0,13,,,,,,
,,,,,40298,22.0,22,,,,,,
,,,,,40304,6.0,6,,,,,,
,,,,,40308,4.0,4,,,,,,
,,,,,40322,14.0,14,,,,,,
,,,,,40328,6.0,6,,,,,,
,,,,,40332,4.0,4,,,,,,
,,,,,40337,5.0,5,,,,,,
,,,,,40354,17.0,17,,,,,,
,,,,,40357,3.0,3,,,,,,
,,,,,40365,8.0,8,,,,,,
,,,,,40375,10.0,10,,,,,,
,,,,,40387,12.0,12,,,,,,
,,,,,40391,4.0,4,,,,,,
,,,,,40394,3.0,3,,,,,,
,,,,,40399,5.0,5,,,,,,
,,,,,40403,4.0,4,,,,,,
,,,,,40408,5.0,5,,,,,,
,,,,,40417,9.0,9,,,,,,
,,,,,40428,11.0,11,,,,,,
,,,,,40432,4.0,4,,,,,,
,,,,,40438,6.0,6,,,,,,
,,,,,40446,8.0,8,,,,,,
,,,,,40452,6.0,6,,,,,,
,,,,,40474,22.0,22,,,,,,
,,,,,40489,15.0,15,,,,,,
,,,,,40499,10.0,10,,,,,,
,,,,,40511,12.0,12,,,,,,
,,,,,40516,5.0,5,,,,,,
,,,,,40519,3.0,3,,,,,,
,,,,,40524,5.0,5,,,,,,
,,,,,40529,5.0,5,,,,,,
,,,,,40538,9.0,9,,,,,,
,,,,,40542,4.0,4,,,,,,
,,,,,40547,5.0,5,,,,,,
,,,,,40554,7.0,7,,,,,,
,,,,,40557,3.0,3,,,,,,
,,,,,40565,8.0,8,,,,,,
,,,,,40568,3.0,3,,,,,,
,,,,,40571,3.0,3,,,,,,
,,,,,40575,4.0,4,,,,,,
,,,,,40588,13.0,13,,,,,,
,,,,,40595,7.0,7,,,,,,
,,,,,40603,8.0,8,,,,,,
,,,,,40609,6.0,6,,,,,,
,,,,,40613,4.0,4,,,,,,
,,,,,40619,6.0,6,,,,,,
,,,,,40625,6.0,6,,,,,,
,,,,,40630,5.0,5,,,,,,
,,,,,40635,5.0,5,,,,,,
,,,,,40640,5.0,5,,,,,,
,,,,,40645,5.0,5,,,,,,
,,,,,40648,3.0,3,,,,,,
,,,,,40652,4.0,4,,,,,,
,,,,,40656,4.0,4,,,,,,
,,,,,40663,7.0,7,,,,,,
,,,,,40671,8.0,8,,,,,,
,,,,,40676,5.0,5,,,,,,
,,,,,40682,6.0,6,,,,,,
,,,,,40688,6.0,6,,,,,,
,,,,,40693,5.0,5,,,,,,
,,,,,40698,5.0,5,,,,,,
,,,,,40707,9.0,9,,,,,,
,,,,,40713,6.0,6,,,,,,
,,,,,40716,3.0,3,,,,,,
,,,,,40725,9.0,9,,,,,,
,,,,,40735,10.0,10,,,,,,
,,,,,40738,3.0,3,,,,,,
,,,,,40741,3.0,3,,,,,,
,,,,,40744,3.0,3,,,,,,
,,,,,40748,4.0,4,,,,,,
,,,,,40752,4.0,4,,,,,,
,,,,,40759,7.0,7,,,,,,
,,,,,40765,6.0,6,,,,,,
,,,,,40773,8.0,8,,,,,,
,,,,,40780,7.0,7,,,,,,
,,,,,40785,5.0,5,,,,,,
,,,,,40790,5.0,5,,,,,,
,,,,,40794,4.0,4,,,,,,
,,,,,40798,4.0,4,,,,,,
,,,,,40807,9.0,9,,,,,,
,,,,,40813,6.0,6,,,,,,
,,,,,40821,8.0,8,,,,,,
,,,,,40833,12.0,12,,,,,,
,,,,,40839,6.0,6,,,,,,
,,,,,40842,3.0,3,,,,,,
,,,,,40856,14.0,14,,,,,,
,,,,,40860,4.0,4,,,,,,
,,,,,40864,4.0,4,,,,,,
,,,,,40871,7.0,7,,,,,,
,,,,,40875,4.0,4,,,,,,
,,,,,40882,7.0,7,,,,,,
,,,,,40888,6.0,6,,,,,,
,,,,,40898,10.0,10,,,,,,
,,,,,40901,3.0,3,,,,,,
,,,,,40908,7.0,7,,,,,,
,,,,,40915,7.0,7,,,,,,
,,,,,40924,9.0,9,,,,,,
,,,,,40931,7.0,7,,,,,,
,,,,,40935,4.0,4,,,,,,
,,,,,40940,5.0,5,,,,,,
,,,,,40951,11.0,11,,,,,,
,,,,,40959,8.0,8,,,,,,
,,,,,40962,3.0,3,,,,,,
,,,,,40967,5.0,5,,,,,,
,,,,,40973,6.0,6,,,,,,
,,,,,40976,3.0,3,,,,,,
,,,,,40981,5.0,5,,,,,,
,,,,,40987,6.0,6,,,,,,
,,,,,40991,4.0,4,,,,,,
,,,,,40996,5.0,5,,,,,,
,,,,,41000,4.0,4,,,,,,
,,,,,41000,,,2.7610855102539062,5.1468400955200195,5.274796009063721,0.0003,0.0003,0.1
,,,,,41003,3.0,3,,,,,,
,,,,,41013,10.0,10,,,,,,
,,,,,41023,10.0,10,,,,,,
,,,,,41029,6.0,6,,,,,,
,,,,,41035,6.0,6,,,,,,
,,,,,41053,18.0,18,,,,,,
,,,,,41073,20.0,20,,,,,,
,,,,,41077,4.0,4,,,,,,
,,,,,41085,8.0,8,,,,,,
,,,,,41094,9.0,9,,,,,,
,,,,,41102,8.0,8,,,,,,
,,,,,41110,8.0,8,,,,,,
,,,,,41115,5.0,5,,,,,,
,,,,,41119,4.0,4,,,,,,
,,,,,41122,3.0,3,,,,,,
,,,,,41126,4.0,4,,,,,,
,,,,,41132,6.0,6,,,,,,
,,,,,41138,6.0,6,,,,,,
,,,,,41145,7.0,7,,,,,,
,,,,,41149,4.0,4,,,,,,
,,,,,41152,3.0,3,,,,,,
,,,,,41159,7.0,7,,,,,,
,,,,,41166,7.0,7,,,,,,
,,,,,41171,5.0,5,,,,,,
,,,,,41187,16.0,16,,,,,,
,,,,,41196,9.0,9,,,,,,
,,,,,41206,10.0,10,,,,,,
,,,,,41212,6.0,6,,,,,,
,,,,,41220,8.0,8,,,,,,
,,,,,41230,10.0,10,,,,,,
,,,,,41237,7.0,7,,,,,,
,,,,,41241,4.0,4,,,,,,
,,,,,41248,7.0,7,,,,,,
,,,,,41254,6.0,6,,,,,,
,,,,,41257,3.0,3,,,,,,
,,,,,41265,8.0,8,,,,,,
,,,,,41271,6.0,6,,,,,,
,,,,,41278,7.0,7,,,,,,
,,,,,41281,3.0,3,,,,,,
,,,,,41285,4.0,4,,,,,,
,,,,,41290,5.0,5,,,,,,
,,,,,41294,4.0,4,,,,,,
,,,,,41300,6.0,6,,,,,,
,,,,,41304,4.0,4,,,,,,
,,,,,41311,7.0,7,,,,,,
,,,,,41315,4.0,4,,,,,,
,,,,,41319,4.0,4,,,,,,
,,,,,41322,3.0,3,,,,,,
,,,,,41332,10.0,10,,,,,,
,,,,,41351,19.0,19,,,,,,
,,,,,41356,5.0,5,,,,,,
,,,,,41360,4.0,4,,,,,,
,,,,,41364,4.0,4,,,,,,
,,,,,41367,3.0,3,,,,,,
,,,,,41373,6.0,6,,,,,,
,,,,,41380,7.0,7,,,,,,
,,,,,41390,10.0,10,,,,,,
,,,,,41395,5.0,5,,,,,,
,,,,,41399,4.0,4,,,,,,
,,,,,41406,7.0,7,,,,,,
,,,,,41409,3.0,3,,,,,,
,,,,,41415,6.0,6,,,,,,
,,,,,41419,4.0,4,,,,,,
,,,,,41424,5.0,5,,,,,,
,,,,,41441,17.0,17,,,,,,
,,,,,41455,14.0,14,,,,,,
,,,,,41464,9.0,9,,,,,,
,,,,,41467,3.0,3,,,,,,
,,,,,41476,9.0,9,,,,,,
,,,,,41483,7.0,7,,,,,,
,,,,,41489,6.0,6,,,,,,
,,,,,41493,4.0,4,,,,,,
,,,,,41497,4.0,4,,,,,,
,,,,,41503,6.0,6,,,,,,
,,,,,41514,11.0,11,,,,,,
,,,,,41520,6.0,6,,,,,,
,,,,,41527,7.0,7,,,,,,
,,,,,41533,6.0,6,,,,,,
,,,,,41537,4.0,4,,,,,,
,,,,,41541,4.0,4,,,,,,
,,,,,41544,3.0,3,,,,,,
,,,,,41548,4.0,4,,,,,,
,,,,,41562,14.0,14,,,,,,
,,,,,41570,8.0,8,,,,,,
,,,,,41580,10.0,10,,,,,,
,,,,,41585,5.0,5,,,,,,
,,,,,41593,8.0,8,,,,,,
,,,,,41597,4.0,4,,,,,,
,,,,,41600,3.0,3,,,,,,
,,,,,41604,4.0,4,,,,,,
,,,,,41607,3.0,3,,,,,,
,,,,,41623,16.0,16,,,,,,
,,,,,41627,4.0,4,,,,,,
,,,,,41632,5.0,5,,,,,,
,,,,,41635,3.0,3,,,,,,
,,,,,41639,4.0,4,,,,,,
,,,,,41647,8.0,8,,,,,,
,,,,,41653,6.0,6,,,,,,
,,,,,41657,4.0,4,,,,,,
,,,,,41661,4.0,4,,,,,,
,,,,,41665,4.0,4,,,,,,
,,,,,41673,8.0,8,,,,,,
,,,,,41677,4.0,4,,,,,,
,,,,,41683,6.0,6,,,,,,
,,,,,41688,5.0,5,,,,,,
,,,,,41708,20.0,20,,,,,,
,,,,,41712,4.0,4,,,,,,
,,,,,41717,5.0,5,,,,,,
,,,,,41728,11.0,11,,,,,,
,,,,,41736,8.0,8,,,,,,
,,,,,41749,13.0,13,,,,,,
,,,,,41752,3.0,3,,,,,,
,,,,,41757,5.0,5,,,,,,
,,,,,41761,4.0,4,,,,,,
,,,,,41767,6.0,6,,,,,,
,,,,,41771,4.0,4,,,,,,
,,,,,41775,4.0,4,,,,,,
,,,,,41780,5.0,5,,,,,,
,,,,,41788,8.0,8,,,,,,
,,,,,41792,4.0,4,,,,,,
,,,,,41798,6.0,6,,,,,,
,,,,,41808,10.0,10,,,,,,
,,,,,41823,15.0,15,,,,,,
,,,,,41835,12.0,12,,,,,,
,,,,,41840,5.0,5,,,,,,
,,,,,41847,7.0,7,,,,,,
,,,,,41851,4.0,4,,,,,,
,,,,,41856,5.0,5,,,,,,
,,,,,41860,4.0,4,,,,,,
,,,,,41876,16.0,16,,,,,,
,,,,,41882,6.0,6,,,,,,
,,,,,41887,5.0,5,,,,,,
,,,,,41912,25.0,25,,,,,,
,,,,,41916,4.0,4,,,,,,
,,,,,41919,3.0,3,,,,,,
,,,,,41926,7.0,7,,,,,,
,,,,,41930,4.0,4,,,,,,
,,,,,41933,3.0,3,,,,,,
,,,,,41937,4.0,4,,,,,,
,,,,,41946,9.0,9,,,,,,
,,,,,41954,8.0,8,,,,,,
,,,,,41959,5.0,5,,,,,,
,,,,,41964,5.0,5,,,,,,
,,,,,41970,6.0,6,,,,,,
,,,,,41973,3.0,3,,,,,,
,,,,,41976,3.0,3,,,,,,
,,,,,41985,9.0,9,,,,,,
,,,,,41991,6.0,6,,,,,,
,,,,,41997,6.0,6,,,,,,
,,,,,42000,3.0,3,,,,,,
,,,,,42000,,,2.1096644401550293,4.8343424797058105,4.578425884246826,0.0003,0.0003,0.1
,,,,,42012,12.0,12,,,,,,
,,,,,42016,4.0,4,,,,,,
,,,,,42024,8.0,8,,,,,,
,,,,,42037,13.0,13,,,,,,
,,,,,42059,22.0,22,,,,,,
,,,,,42063,4.0,4,,,,,,
,,,,,42067,4.0,4,,,,,,
,,,,,42070,3.0,3,,,,,,
,,,,,42073,3.0,3,,,,,,
,,,,,42077,4.0,4,,,,,,
,,,,,42090,13.0,13,,,,,,
,,,,,42095,5.0,5,,,,,,
,,,,,42100,5.0,5,,,,,,
,,,,,42104,4.0,4,,,,,,
,,,,,42107,3.0,3,,,,,,
,,,,,42122,15.0,15,,,,,,
,,,,,42125,3.0,3,,,,,,
,,,,,42128,3.0,3,,,,,,
,,,,,42133,5.0,5,,,,,,
,,,,,42137,4.0,4,,,,,,
,,,,,42142,5.0,5,,,,,,
,,,,,42153,11.0,11,,,,,,
,,,,,42173,20.0,20,,,,,,
,,,,,42178,5.0,5,,,,,,
,,,,,42185,7.0,7,,,,,,
,,,,,42188,3.0,3,,,,,,
,,,,,42192,4.0,4,,,,,,
,,,,,42196,4.0,4,,,,,,
,,,,,42208,12.0,12,,,,,,
,,,,,42212,4.0,4,,,,,,
,,,,,42216,4.0,4,,,,,,
,,,,,42225,9.0,9,,,,,,
,,,,,42228,3.0,3,,,,,,
,,,,,42231,3.0,3,,,,,,
,,,,,42236,5.0,5,,,,,,
,,,,,42241,5.0,5,,,,,,
,,,,,42245,4.0,4,,,,,,
,,,,,42251,6.0,6,,,,,,
,,,,,42257,6.0,6,,,,,,
,,,,,42260,3.0,3,,,,,,
,,,,,42268,8.0,8,,,,,,
,,,,,42272,4.0,4,,,,,,
,,,,,42276,4.0,4,,,,,,
,,,,,42281,5.0,5,,,,,,
,,,,,42285,4.0,4,,,,,,
,,,,,42293,8.0,8,,,,,,
,,,,,42299,6.0,6,,,,,,
,,,,,42303,4.0,4,,,,,,
,,,,,42308,5.0,5,,,,,,
,,,,,42320,12.0,12,,,,,,
,,,,,42325,5.0,5,,,,,,
,,,,,42333,8.0,8,,,,,,
,,,,,42341,8.0,8,,,,,,
,,,,,42346,5.0,5,,,,,,
,,,,,42350,4.0,4,,,,,,
,,,,,42354,4.0,4,,,,,,
,,,,,42357,3.0,3,,,,,,
,,,,,42366,9.0,9,,,,,,
,,,,,42369,3.0,3,,,,,,
,,,,,42375,6.0,6,,,,,,
,,,,,42380,5.0,5,,,,,,
,,,,,42387,7.0,7,,,,,,
,,,,,42397,10.0,10,,,,,,
,,,,,42404,7.0,7,,,,,,
,,,,,42410,6.0,6,,,,,,
,,,,,42415,5.0,5,,,,,,
,,,,,42425,10.0,10,,,,,,
,,,,,42444,19.0,19,,,,,,
,,,,,42450,6.0,6,,,,,,
,,,,,42454,4.0,4,,,,,,
,,,,,42458,4.0,4,,,,,,
,,,,,42463,5.0,5,,,,,,
,,,,,42467,4.0,4,,,,,,
,,,,,42473,6.0,6,,,,,,
,,,,,42480,7.0,7,,,,,,
,,,,,42485,5.0,5,,,,,,
,,,,,42491,6.0,6,,,,,,
,,,,,42499,8.0,8,,,,,,
,,,,,42505,6.0,6,,,,,,
,,,,,42508,3.0,3,,,,,,
,,,,,42511,3.0,3,,,,,,
,,,,,42518,7.0,7,,,,,,
,,,,,42536,18.0,18,,,,,,
,,,,,42544,8.0,8,,,,,,
,,,,,42548,4.0,4,,,,,,
,,,,,42551,3.0,3,,,,,,
,,,,,42557,6.0,6,,,,,,
,,,,,42563,6.0,6,,,,,,
,,,,,42567,4.0,4,,,,,,
,,,,,42574,7.0,7,,,,,,
,,,,,42580,6.0,6,,,,,,
,,,,,42592,12.0,12,,,,,,
,,,,,42598,6.0,6,,,,,,
,,,,,42602,4.0,4,,,,,,
,,,,,42606,4.0,4,,,,,,
,,,,,42610,4.0,4,,,,,,
,,,,,42615,5.0,5,,,,,,
,,,,,42618,3.0,3,,,,,,
,,,,,42630,12.0,12,,,,,,
,,,,,42634,4.0,4,,,,,,
,,,,,42641,7.0,7,,,,,,
,,,,,42647,6.0,6,,,,,,
,,,,,42654,7.0,7,,,,,,
,,,,,42658,4.0,4,,,,,,
,,,,,42672,14.0,14,,,,,,
,,,,,42676,4.0,4,,,,,,
,,,,,42681,5.0,5,,,,,,
,,,,,42688,7.0,7,,,,,,
,,,,,42698,10.0,10,,,,,,
,,,,,42705,7.0,7,,,,,,
,,,,,42711,6.0,6,,,,,,
,,,,,42716,5.0,5,,,,,,
,,,,,42719,3.0,3,,,,,,
,,,,,42722,3.0,3,,,,,,
,,,,,42731,9.0,9,,,,,,
,,,,,42736,5.0,5,,,,,,
,,,,,42741,5.0,5,,,,,,
,,,,,42744,3.0,3,,,,,,
,,,,,42750,6.0,6,,,,,,
,,,,,42771,21.0,21,,,,,,
,,,,,42776,5.0,5,,,,,,
,,,,,42780,4.0,4,,,,,,
,,,,,42785,5.0,5,,,,,,
,,,,,42795,10.0,10,,,,,,
,,,,,42809,14.0,14,,,,,,
,,,,,42816,7.0,7,,,,,,
,,,,,42827,11.0,11,,,,,,
,,,,,42832,5.0,5,,,,,,
,,,,,42836,4.0,4,,,,,,
,,,,,42843,7.0,7,,,,,,
,,,,,42861,18.0,18,,,,,,
,,,,,42864,3.0,3,,,,,,
,,,,,42875,11.0,11,,,,,,
,,,,,42880,5.0,5,,,,,,
,,,,,42887,7.0,7,,,,,,
,,,,,42892,5.0,5,,,,,,
,,,,,42905,13.0,13,,,,,,
,,,,,42910,5.0,5,,,,,,
,,,,,42913,3.0,3,,,,,,
,,,,,42921,8.0,8,,,,,,
,,,,,42926,5.0,5,,,,,,
,,,,,42930,4.0,4,,,,,,
,,,,,42937,7.0,7,,,,,,
,,,,,42941,4.0,4,,,,,,
,,,,,42945,4.0,4,,,,,,
,,,,,42952,7.0,7,,,,,,
,,,,,42958,6.0,6,,,,,,
,,,,,42976,18.0,18,,,,,,
,,,,,42979,3.0,3,,,,,,
,,,,,42987,8.0,8,,,,,,
,,,,,42990,3.0,3,,,,,,
,,,,,42994,4.0,4,,,,,,
,,,,,42997,3.0,3,,,,,,
,,,,,43000,,,2.3225767612457275,4.718522548675537,4.781274795532227,0.0003,0.0003,0.1
,,,,,43004,7.0,7,,,,,,
,,,,,43008,4.0,4,,,,,,
,,,,,43016,8.0,8,,,,,,
,,,,,43022,6.0,6,,,,,,
,,,,,43027,5.0,5,,,,,,
,,,,,43034,7.0,7,,,,,,
,,,,,43042,8.0,8,,,,,,
,,,,,43057,15.0,15,,,,,,
,,,,,43067,10.0,10,,,,,,
,,,,,43072,5.0,5,,,,,,
,,,,,43084,12.0,12,,,,,,
,,,,,43088,4.0,4,,,,,,
,,,,,43097,9.0,9,,,,,,
,,,,,43104,7.0,7,,,,,,
,,,,,43115,11.0,11,,,,,,
,,,,,43119,4.0,4,,,,,,
,,,,,43129,10.0,10,,,,,,
,,,,,43135,6.0,6,,,,,,
,,,,,43139,4.0,4,,,,,,
,,,,,43143,4.0,4,,,,,,
,,,,,43152,9.0,9,,,,,,
,,,,,43155,3.0,3,,,,,,
,,,,,43160,5.0,5,,,,,,
,,,,,43164,4.0,4,,,,,,
,,,,,43171,7.0,7,,,,,,
,,,,,43177,6.0,6,,,,,,
,,,,,43183,6.0,6,,,,,,
,,,,,43187,4.0,4,,,,,,
,,,,,43193,6.0,6,,,,,,
,,,,,43198,5.0,5,,,,,,
,,,,,43202,4.0,4,,,,,,
,,,,,43214,12.0,12,,,,,,
,,,,,43218,4.0,4,,,,,,
,,,,,43230,12.0,12,,,,,,
,,,,,43235,5.0,5,,,,,,
,,,,,43246,11.0,11,,,,,,
,,,,,43256,10.0,10,,,,,,
,,,,,43260,4.0,4,,,,,,
,,,,,43264,4.0,4,,,,,,
,,,,,43267,3.0,3,,,,,,
,,,,,43276,9.0,9,,,,,,
,,,,,43283,7.0,7,,,,,,
,,,,,43287,4.0,4,,,,,,
,,,,,43290,3.0,3,,,,,,
,,,,,43294,4.0,4,,,,,,
,,,,,43297,3.0,3,,,,,,
,,,,,43301,4.0,4,,,,,,
,,,,,43305,4.0,4,,,,,,
,,,,,43309,4.0,4,,,,,,
,,,,,43327,18.0,18,,,,,,
,,,,,43331,4.0,4,,,,,,
,,,,,43334,3.0,3,,,,,,
,,,,,43338,4.0,4,,,,,,
,,,,,43345,7.0,7,,,,,,
,,,,,43348,3.0,3,,,,,,
,,,,,43352,4.0,4,,,,,,
,,,,,43356,4.0,4,,,,,,
,,,,,43365,9.0,9,,,,,,
,,,,,43368,3.0,3,,,,,,
,,,,,43377,9.0,9,,,,,,
,,,,,43387,10.0,10,,,,,,
,,,,,43390,3.0,3,,,,,,
,,,,,43397,7.0,7,,,,,,
,,,,,43402,5.0,5,,,,,,
,,,,,43413,11.0,11,,,,,,
,,,,,43417,4.0,4,,,,,,
,,,,,43420,3.0,3,,,,,,
,,,,,43427,7.0,7,,,,,,
,,,,,43435,8.0,8,,,,,,
,,,,,43444,9.0,9,,,,,,
,,,,,43450,6.0,6,,,,,,
,,,,,43468,18.0,18,,,,,,
,,,,,43480,12.0,12,,,,,,
,,,,,43486,6.0,6,,,,,,
,,,,,43490,4.0,4,,,,,,
,,,,,43495,5.0,5,,,,,,
,,,,,43502,7.0,7,,,,,,
,,,,,43506,4.0,4,,,,,,
,,,,,43517,11.0,11,,,,,,
,,,,,43525,8.0,8,,,,,,
,,,,,43532,7.0,7,,,,,,
,,,,,43539,7.0,7,,,,,,
,,,,,43544,5.0,5,,,,,,
,,,,,43580,36.0,36,,,,,,
,,,,,43589,9.0,9,,,,,,
,,,,,43594,5.0,5,,,,,,
,,,,,43597,3.0,3,,,,,,
,,,,,43618,21.0,21,,,,,,
,,,,,43625,7.0,7,,,,,,
,,,,,43628,3.0,3,,,,,,
,,,,,43635,7.0,7,,,,,,
,,,,,43648,13.0,13,,,,,,
,,,,,43666,18.0,18,,,,,,
,,,,,43677,11.0,11,,,,,,
,,,,,43697,20.0,20,,,,,,
,,,,,43700,3.0,3,,,,,,
,,,,,43703,3.0,3,,,,,,
,,,,,43710,7.0,7,,,,,,
,,,,,43718,8.0,8,,,,,,
,,,,,43722,4.0,4,,,,,,
,,,,,43731,9.0,9,,,,,,
,,,,,43736,5.0,5,,,,,,
,,,,,43749,13.0,13,,,,,,
,,,,,43757,8.0,8,,,,,,
,,,,,43765,8.0,8,,,,,,
,,,,,43773,8.0,8,,,,,,
,,,,,43778,5.0,5,,,,,,
,,,,,43787,9.0,9,,,,,,
,,,,,43798,11.0,11,,,,,,
,,,,,43802,4.0,4,,,,,,
,,,,,43809,7.0,7,,,,,,
,,,,,43817,8.0,8,,,,,,
,,,,,43833,16.0,16,,,,,,
,,,,,43838,5.0,5,,,,,,
,,,,,43848,10.0,10,,,,,,
,,,,,43852,4.0,4,,,,,,
,,,,,43861,9.0,9,,,,,,
,,,,,43866,5.0,5,,,,,,
,,,,,43869,3.0,3,,,,,,
,,,,,43875,6.0,6,,,,,,
,,,,,43878,3.0,3,,,,,,
,,,,,43884,6.0,6,,,,,,
,,,,,43893,9.0,9,,,,,,
,,,,,43899,6.0,6,,,,,,
,,,,,43911,12.0,12,,,,,,
,,,,,43914,3.0,3,,,,,,
,,,,,43920,6.0,6,,,,,,
,,,,,43926,6.0,6,,,,,,
,,,,,43931,5.0,5,,,,,,
,,,,,43938,7.0,7,,,,,,
,,,,,43944,6.0,6,,,,,,
,,,,,43953,9.0,9,,,,,,
,,,,,43958,5.0,5,,,,,,
,,,,,43961,3.0,3,,,,,,
,,,,,43968,7.0,7,,,,,,
,,,,,43974,6.0,6,,,,,,
,,,,,44000,26.0,26,,,,,,
,,,,,44000,,,2.0260539054870605,5.045139789581299,4.913868427276611,0.0003,0.0003,0.1
,,,,,44004,4.0,4,,,,,,
,,,,,44007,3.0,3,,,,,,
,,,,,44011,4.0,4,,,,,,
,,,,,44021,10.0,10,,,,,,
,,,,,44028,7.0,7,,,,,,
,,,,,44031,3.0,3,,,,,,
,,,,,44050,19.0,19,,,,,,
,,,,,44054,4.0,4,,,,,,
,,,,,44059,5.0,5,,,,,,
,,,,,44065,6.0,6,,,,,,
,,,,,44071,6.0,6,,,,,,
,,,,,44075,4.0,4,,,,,,
,,,,,44082,7.0,7,,,,,,
,,,,,44094,12.0,12,,,,,,
,,,,,44099,5.0,5,,,,,,
,,,,,44103,4.0,4,,,,,,
,,,,,44106,3.0,3,,,,,,
,,,,,44111,5.0,5,,,,,,
,,,,,44116,5.0,5,,,,,,
,,,,,44119,3.0,3,,,,,,
,,,,,44123,4.0,4,,,,,,
,,,,,44130,7.0,7,,,,,,
,,,,,44138,8.0,8,,,,,,
,,,,,44142,4.0,4,,,,,,
,,,,,44150,8.0,8,,,,,,
,,,,,44156,6.0,6,,,,,,
,,,,,44160,4.0,4,,,,,,
,,,,,44163,3.0,3,,,,,,
,,,,,44182,19.0,19,,,,,,
,,,,,44197,15.0,15,,,,,,
,,,,,44204,7.0,7,,,,,,
,,,,,44209,5.0,5,,,,,,
,,,,,44212,3.0,3,,,,,,
,,,,,44215,3.0,3,,,,,,
,,,,,44219,4.0,4,,,,,,
,,,,,44224,5.0,5,,,,,,
,,,,,44228,4.0,4,,,,,,
,,,,,44231,3.0,3,,,,,,
,,,,,44236,5.0,5,,,,,,
,,,,,44242,6.0,6,,,,,,
,,,,,44250,8.0,8,,,,,,
,,,,,44261,11.0,11,,,,,,
,,,,,44264,3.0,3,,,,,,
,,,,,44268,4.0,4,,,,,,
,,,,,44276,8.0,8,,,,,,
,,,,,44279,3.0,3,,,,,,
,,,,,44285,6.0,6,,,,,,
,,,,,44293,8.0,8,,,,,,
,,,,,44298,5.0,5,,,,,,
,,,,,44302,4.0,4,,,,,,
,,,,,44306,4.0,4,,,,,,
,,,,,44312,6.0,6,,,,,,
,,,,,44316,4.0,4,,,,,,
,,,,,44326,10.0,10,,,,,,
,,,,,44330,4.0,4,,,,,,
,,,,,44334,4.0,4,,,,,,
,,,,,44339,5.0,5,,,,,,
,,,,,44344,5.0,5,,,,,,
,,,,,44348,4.0,4,,,,,,
,,,,,44353,5.0,5,,,,,,
,,,,,44366,13.0,13,,,,,,
,,,,,44377,11.0,11,,,,,,
,,,,,44387,10.0,10,,,,,,
,,,,,44394,7.0,7,,,,,,
,,,,,44399,5.0,5,,,,,,
,,,,,44406,7.0,7,,,,,,
,,,,,44410,4.0,4,,,,,,
,,,,,44415,5.0,5,,,,,,
,,,,,44422,7.0,7,,,,,,
,,,,,44432,10.0,10,,,,,,
,,,,,44450,18.0,18,,,,,,
,,,,,44454,4.0,4,,,,,,
,,,,,44462,8.0,8,,,,,,
,,,,,44465,3.0,3,,,,,,
,,,,,44468,3.0,3,,,,,,
,,,,,44476,8.0,8,,,,,,
,,,,,44480,4.0,4,,,,,,
,,,,,44483,3.0,3,,,,,,
,,,,,44487,4.0,4,,,,,,
,,,,,44496,9.0,9,,,,,,
,,,,,44514,18.0,18,,,,,,
,,,,,44519,5.0,5,,,,,,
,,,,,44527,8.0,8,,,,,,
,,,,,44531,4.0,4,,,,,,
,,,,,44543,12.0,12,,,,,,
,,,,,44547,4.0,4,,,,,,
,,,,,44568,21.0,21,,,,,,
,,,,,44572,4.0,4,,,,,,
,,,,,44578,6.0,6,,,,,,
,,,,,44584,6.0,6,,,,,,
,,,,,44593,9.0,9,,,,,,
,,,,,44600,7.0,7,,,,,,
,,,,,44604,4.0,4,,,,,,
,,,,,44613,9.0,9,,,,,,
,,,,,44621,8.0,8,,,,,,
,,,,,44624,3.0,3,,,,,,
,,,,,44632,8.0,8,,,,,,
,,,,,44635,3.0,3,,,,,,
,,,,,44646,11.0,11,,,,,,
,,,,,44654,8.0,8,,,,,,
,,,,,44661,7.0,7,,,,,,
,,,,,44666,5.0,5,,,,,,
,,,,,44669,3.0,3,,,,,,
,,,,,44678,9.0,9,,,,,,
,,,,,44684,6.0,6,,,,,,
,,,,,44690,6.0,6,,,,,,
,,,,,44696,6.0,6,,,,,,
,,,,,44702,6.0,6,,,,,,
,,,,,44715,13.0,13,,,,,,
,,,,,44721,6.0,6,,,,,,
,,,,,44728,7.0,7,,,,,,
,,,,,44731,3.0,3,,,,,,
,,,,,44736,5.0,5,,,,,,
,,,,,44741,5.0,5,,,,,,
,,,,,44745,4.0,4,,,,,,
,,,,,44759,14.0,14,,,,,,
,,,,,44763,4.0,4,,,,,,
,,,,,44770,7.0,7,,,,,,
,,,,,44774,4.0,4,,,,,,
,,,,,44793,19.0,19,,,,,,
,,,,,44799,6.0,6,,,,,,
,,,,,44803,4.0,4,,,,,,
,,,,,44807,4.0,4,,,,,,
,,,,,44820,13.0,13,,,,,,
,,,,,44829,9.0,9,,,,,,
,,,,,44833,4.0,4,,,,,,
,,,,,44836,3.0,3,,,,,,
,,,,,44839,3.0,3,,,,,,
,,,,,44844,5.0,5,,,,,,
,,,,,44848,4.0,4,,,,,,
,,,,,44856,8.0,8,,,,,,
,,,,,44864,8.0,8,,,,,,
,,,,,44874,10.0,10,,,,,,
,,,,,44878,4.0,4,,,,,,
,,,,,44883,5.0,5,,,,,,
,,,,,44888,5.0,5,,,,,,
,,,,,44893,5.0,5,,,,,,
,,,,,44898,5.0,5,,,,,,
,,,,,44906,8.0,8,,,,,,
,,,,,44918,12.0,12,,,,,,
,,,,,44922,4.0,4,,,,,,
,,,,,44926,4.0,4,,,,,,
,,,,,44936,10.0,10,,,,,,
,,,,,44940,4.0,4,,,,,,
,,,,,44943,3.0,3,,,,,,
,,,,,44947,4.0,4,,,,,,
,,,,,44951,4.0,4,,,,,,
,,,,,44954,3.0,3,,,,,,
,,,,,44958,4.0,4,,,,,,
,,,,,44964,6.0,6,,,,,,
,,,,,44973,9.0,9,,,,,,
,,,,,44981,8.0,8,,,,,,
,,,,,44986,5.0,5,,,,,,
,,,,,44994,8.0,8,,,,,,
,,,,,44997,3.0,3,,,,,,
7.8,4.3081317,17.0,3.0,7.8,45000,,,1.6689982414245605,4.672597885131836,4.819509506225586,0.0003,0.0003,0.1
,,,,,45020,23.0,23,,,,,,
,,,,,45023,3.0,3,,,,,,
,,,,,45027,4.0,4,,,,,,
,,,,,45032,5.0,5,,,,,,
,,,,,45035,3.0,3,,,,,,
,,,,,45043,8.0,8,,,,,,
,,,,,45046,3.0,3,,,,,,
,,,,,45054,8.0,8,,,,,,
,,,,,45058,4.0,4,,,,,,
,,,,,45071,13.0,13,,,,,,
,,,,,45074,3.0,3,,,,,,
,,,,,45079,5.0,5,,,,,,
,,,,,45103,24.0,24,,,,,,
,,,,,45108,5.0,5,,,,,,
,,,,,45114,6.0,6,,,,,,
,,,,,45119,5.0,5,,,,,,
,,,,,45124,5.0,5,,,,,,
,,,,,45144,20.0,20,,,,,,
,,,,,45150,6.0,6,,,,,,
,,,,,45155,5.0,5,,,,,,
,,,,,45159,4.0,4,,,,,,
,,,,,45162,3.0,3,,,,,,
,,,,,45165,3.0,3,,,,,,
,,,,,45174,9.0,9,,,,,,
,,,,,45181,7.0,7,,,,,,
,,,,,45194,13.0,13,,,,,,
,,,,,45200,6.0,6,,,,,,
,,,,,45203,3.0,3,,,,,,
,,,,,45218,15.0,15,,,,,,
,,,,,45234,16.0,16,,,,,,
,,,,,45238,4.0,4,,,,,,
,,,,,45245,7.0,7,,,,,,
,,,,,45250,5.0,5,,,,,,
,,,,,45261,11.0,11,,,,,,
,,,,,45267,6.0,6,,,,,,
,,,,,45278,11.0,11,,,,,,
,,,,,45287,9.0,9,,,,,,
,,,,,45291,4.0,4,,,,,,
,,,,,45295,4.0,4,,,,,,
,,,,,45299,4.0,4,,,,,,
,,,,,45303,4.0,4,,,,,,
,,,,,45310,7.0,7,,,,,,
,,,,,45313,3.0,3,,,,,,
,,,,,45320,7.0,7,,,,,,
,,,,,45340,20.0,20,,,,,,
,,,,,45351,11.0,11,,,,,,
,,,,,45360,9.0,9,,,,,,
,,,,,45369,9.0,9,,,,,,
,,,,,45376,7.0,7,,,,,,
,,,,,45393,17.0,17,,,,,,
,,,,,45397,4.0,4,,,,,,
,,,,,45406,9.0,9,,,,,,
,,,,,45417,11.0,11,,,,,,
,,,,,45424,7.0,7,,,,,,
,,,,,45429,5.0,5,,,,,,
,,,,,45440,11.0,11,,,,,,
,,,,,45443,3.0,3,,,,,,
,,,,,45459,16.0,16,,,,,,
,,,,,45466,7.0,7,,,,,,
,,,,,45470,4.0,4,,,,,,
,,,,,45478,8.0,8,,,,,,
,,,,,45482,4.0,4,,,,,,
,,,,,45491,9.0,9,,,,,,
,,,,,45495,4.0,4,,,,,,
,,,,,45504,9.0,9,,,,,,
,,,,,45507,3.0,3,,,,,,
,,,,,45518,11.0,11,,,,,,
,,,,,45525,7.0,7,,,,,,
,,,,,45532,7.0,7,,,,,,
,,,,,45535,3.0,3,,,,,,
,,,,,45538,3.0,3,,,,,,
,,,,,45545,7.0,7,,,,,,
,,,,,45549,4.0,4,,,,,,
,,,,,45562,13.0,13,,,,,,
,,,,,45566,4.0,4,,,,,,
,,,,,45569,3.0,3,,,,,,
,,,,,45572,3.0,3,,,,,,
,,,,,45586,14.0,14,,,,,,
,,,,,45595,9.0,9,,,,,,
,,,,,45598,3.0,3,,,,,,
,,,,,45613,15.0,15,,,,,,
,,,,,45621,8.0,8,,,,,,
,,,,,45626,5.0,5,,,,,,
,,,,,45630,4.0,4,,,,,,
,,,,,45634,4.0,4,,,,,,
,,,,,45641,7.0,7,,,,,,
,,,,,45660,19.0,19,,,,,,
,,,,,45665,5.0,5,,,,,,
,,,,,45669,4.0,4,,,,,,
,,,,,45672,3.0,3,,,,,,
,,,,,45678,6.0,6,,,,,,
,,,,,45685,7.0,7,,,,,,
,,,,,45689,4.0,4,,,,,,
,,,,,45702,13.0,13,,,,,,
,,,,,45705,3.0,3,,,,,,
,,,,,45709,4.0,4,,,,,,
,,,,,45720,11.0,11,,,,,,
,,,,,45723,3.0,3,,,,,,
,,,,,45729,6.0,6,,,,,,
,,,,,45734,5.0,5,,,,,,
,,,,,45738,4.0,4,,,,,,
,,,,,45742,4.0,4,,,,,,
,,,,,45745,3.0,3,,,,,,
,,,,,45748,3.0,3,,,,,,
,,,,,45754,6.0,6,,,,,,
,,,,,45758,4.0,4,,,,,,
,,,,,45767,9.0,9,,,,,,
,,,,,45770,3.0,3,,,,,,
,,,,,45778,8.0,8,,,,,,
,,,,,45781,3.0,3,,,,,,
,,,,,45788,7.0,7,,,,,,
,,,,,45794,6.0,6,,,,,,
,,,,,45799,5.0,5,,,,,,
,,,,,45804,5.0,5,,,,,,
,,,,,45814,10.0,10,,,,,,
,,,,,45819,5.0,5,,,,,,
,,,,,45824,5.0,5,,,,,,
,,,,,45828,4.0,4,,,,,,
,,,,,45832,4.0,4,,,,,,
,,,,,45839,7.0,7,,,,,,
,,,,,45843,4.0,4,,,,,,
,,,,,45851,8.0,8,,,,,,
,,,,,45868,17.0,17,,,,,,
,,,,,45876,8.0,8,,,,,,
,,,,,45882,6.0,6,,,,,,
,,,,,45902,20.0,20,,,,,,
,,,,,45929,27.0,27,,,,,,
,,,,,45941,12.0,12,,,,,,
,,,,,45951,10.0,10,,,,,,
,,,,,45957,6.0,6,,,,,,
,,,,,45961,4.0,4,,,,,,
,,,,,45966,5.0,5,,,,,,
,,,,,45976,10.0,10,,,,,,
,,,,,45981,5.0,5,,,,,,
,,,,,45985,4.0,4,,,,,,
,,,,,45994,9.0,9,,,,,,
,,,,,46000,,,2.1957318782806396,5.026268005371094,5.117225646972656,0.0003,0.0003,0.1
,,,,,46008,14.0,14,,,,,,
,,,,,46012,4.0,4,,,,,,
,,,,,46022,10.0,10,,,,,,
,,,,,46028,6.0,6,,,,,,
,,,,,46043,15.0,15,,,,,,
,,,,,46048,5.0,5,,,,,,
,,,,,46057,9.0,9,,,,,,
,,,,,46063,6.0,6,,,,,,
,,,,,46069,6.0,6,,,,,,
,,,,,46074,5.0,5,,,,,,
,,,,,46078,4.0,4,,,,,,
,,,,,46091,13.0,13,,,,,,
,,,,,46099,8.0,8,,,,,,
,,,,,46117,18.0,18,,,,,,
,,,,,46121,4.0,4,,,,,,
,,,,,46124,3.0,3,,,,,,
,,,,,46128,4.0,4,,,,,,
,,,,,46149,21.0,21,,,,,,
,,,,,46153,4.0,4,,,,,,
,,,,,46163,10.0,10,,,,,,
,,,,,46178,15.0,15,,,,,,
,,,,,46184,6.0,6,,,,,,
,,,,,46189,5.0,5,,,,,,
,,,,,46206,17.0,17,,,,,,
,,,,,46211,5.0,5,,,,,,
,,,,,46220,9.0,9,,,,,,
,,,,,46228,8.0,8,,,,,,
,,,,,46232,4.0,4,,,,,,
,,,,,46242,10.0,10,,,,,,
,,,,,46249,7.0,7,,,,,,
,,,,,46253,4.0,4,,,,,,
,,,,,46260,7.0,7,,,,,,
,,,,,46265,5.0,5,,,,,,
,,,,,46276,11.0,11,,,,,,
,,,,,46294,18.0,18,,,,,,
,,,,,46306,12.0,12,,,,,,
,,,,,46315,9.0,9,,,,,,
,,,,,46324,9.0,9,,,,,,
,,,,,46331,7.0,7,,,,,,
,,,,,46337,6.0,6,,,,,,
,,,,,46340,3.0,3,,,,,,
,,,,,46348,8.0,8,,,,,,
,,,,,46357,9.0,9,,,,,,
,,,,,46373,16.0,16,,,,,,
,,,,,46377,4.0,4,,,,,,
,,,,,46384,7.0,7,,,,,,
,,,,,46398,14.0,14,,,,,,
,,,,,46412,14.0,14,,,,,,
,,,,,46418,6.0,6,,,,,,
,,,,,46424,6.0,6,,,,,,
,,,,,46430,6.0,6,,,,,,
,,,,,46451,21.0,21,,,,,,
,,,,,46456,5.0,5,,,,,,
,,,,,46463,7.0,7,,,,,,
,,,,,46471,8.0,8,,,,,,
,,,,,46479,8.0,8,,,,,,
,,,,,46489,10.0,10,,,,,,
,,,,,46492,3.0,3,,,,,,
,,,,,46497,5.0,5,,,,,,
,,,,,46507,10.0,10,,,,,,
,,,,,46510,3.0,3,,,,,,
,,,,,46517,7.0,7,,,,,,
,,,,,46520,3.0,3,,,,,,
,,,,,46525,5.0,5,,,,,,
,,,,,46530,5.0,5,,,,,,
,,,,,46538,8.0,8,,,,,,
,,,,,46542,4.0,4,,,,,,
,,,,,46545,3.0,3,,,,,,
,,,,,46551,6.0,6,,,,,,
,,,,,46555,4.0,4,,,,,,
,,,,,46559,4.0,4,,,,,,
,,,,,46570,11.0,11,,,,,,
,,,,,46577,7.0,7,,,,,,
,,,,,46585,8.0,8,,,,,,
,,,,,46590,5.0,5,,,,,,
,,,,,46594,4.0,4,,,,,,
,,,,,46599,5.0,5,,,,,,
,,,,,46603,4.0,4,,,,,,
,,,,,46616,13.0,13,,,,,,
,,,,,46620,4.0,4,,,,,,
,,,,,46624,4.0,4,,,,,,
,,,,,46632,8.0,8,,,,,,
,,,,,46637,5.0,5,,,,,,
,,,,,46652,15.0,15,,,,,,
,,,,,46658,6.0,6,,,,,,
,,,,,46670,12.0,12,,,,,,
,,,,,46676,6.0,6,,,,,,
,,,,,46684,8.0,8,,,,,,
,,,,,46688,4.0,4,,,,,,
,,,,,46692,4.0,4,,,,,,
,,,,,46695,3.0,3,,,,,,
,,,,,46701,6.0,6,,,,,,
,,,,,46705,4.0,4,,,,,,
,,,,,46710,5.0,5,,,,,,
,,,,,46713,3.0,3,,,,,,
,,,,,46719,6.0,6,,,,,,
,,,,,46723,4.0,4,,,,,,
,,,,,46735,12.0,12,,,,,,
,,,,,46739,4.0,4,,,,,,
,,,,,46751,12.0,12,,,,,,
,,,,,46763,12.0,12,,,,,,
,,,,,46773,10.0,10,,,,,,
,,,,,46776,3.0,3,,,,,,
,,,,,46779,3.0,3,,,,,,
,,,,,46783,4.0,4,,,,,,
,,,,,46792,9.0,9,,,,,,
,,,,,46796,4.0,4,,,,,,
,,,,,46801,5.0,5,,,,,,
,,,,,46807,6.0,6,,,,,,
,,,,,46812,5.0,5,,,,,,
,,,,,46816,4.0,4,,,,,,
,,,,,46820,4.0,4,,,,,,
,,,,,46826,6.0,6,,,,,,
,,,,,46830,4.0,4,,,,,,
,,,,,46835,5.0,5,,,,,,
,,,,,46840,5.0,5,,,,,,
,,,,,46845,5.0,5,,,,,,
,,,,,46851,6.0,6,,,,,,
,,,,,46857,6.0,6,,,,,,
,,,,,46863,6.0,6,,,,,,
,,,,,46870,7.0,7,,,,,,
,,,,,46877,7.0,7,,,,,,
,,,,,46882,5.0,5,,,,,,
,,,,,46891,9.0,9,,,,,,
,,,,,46900,9.0,9,,,,,,
,,,,,46911,11.0,11,,,,,,
,,,,,46925,14.0,14,,,,,,
,,,,,46930,5.0,5,,,,,,
,,,,,46934,4.0,4,,,,,,
,,,,,46941,7.0,7,,,,,,
,,,,,46964,23.0,23,,,,,,
,,,,,46971,7.0,7,,,,,,
,,,,,46975,4.0,4,,,,,,
,,,,,46990,15.0,15,,,,,,
,,,,,46996,6.0,6,,,,,,
,,,,,47000,4.0,4,,,,,,
,,,,,47000,,,2.2831995487213135,5.191271781921387,5.4004034996032715,0.0003,0.0003,0.1
,,,,,47009,9.0,9,,,,,,
,,,,,47015,6.0,6,,,,,,
,,,,,47018,3.0,3,,,,,,
,,,,,47026,8.0,8,,,,,,
,,,,,47032,6.0,6,,,,,,
,,,,,47040,8.0,8,,,,,,
,,,,,47048,8.0,8,,,,,,
,,,,,47053,5.0,5,,,,,,
,,,,,47058,5.0,5,,,,,,
,,,,,47065,7.0,7,,,,,,
,,,,,47071,6.0,6,,,,,,
,,,,,47075,4.0,4,,,,,,
,,,,,47078,3.0,3,,,,,,
,,,,,47088,10.0,10,,,,,,
,,,,,47092,4.0,4,,,,,,
,,,,,47097,5.0,5,,,,,,
,,,,,47103,6.0,6,,,,,,
,,,,,47114,11.0,11,,,,,,
,,,,,47117,3.0,3,,,,,,
,,,,,47124,7.0,7,,,,,,
,,,,,47129,5.0,5,,,,,,
,,,,,47159,30.0,30,,,,,,
,,,,,47164,5.0,5,,,,,,
,,,,,47168,4.0,4,,,,,,
,,,,,47172,4.0,4,,,,,,
,,,,,47181,9.0,9,,,,,,
,,,,,47184,3.0,3,,,,,,
,,,,,47187,3.0,3,,,,,,
,,,,,47190,3.0,3,,,,,,
,,,,,47198,8.0,8,,,,,,
,,,,,47201,3.0,3,,,,,,
,,,,,47209,8.0,8,,,,,,
,,,,,47216,7.0,7,,,,,,
,,,,,47221,5.0,5,,,,,,
,,,,,47225,4.0,4,,,,,,
,,,,,47236,11.0,11,,,,,,
,,,,,47246,10.0,10,,,,,,
,,,,,47252,6.0,6,,,,,,
,,,,,47260,8.0,8,,,,,,
,,,,,47267,7.0,7,,,,,,
,,,,,47297,30.0,30,,,,,,
,,,,,47309,12.0,12,,,,,,
,,,,,47317,8.0,8,,,,,,
,,,,,47331,14.0,14,,,,,,
,,,,,47335,4.0,4,,,,,,
,,,,,47341,6.0,6,,,,,,
,,,,,47350,9.0,9,,,,,,
,,,,,47354,4.0,4,,,,,,
,,,,,47358,4.0,4,,,,,,
,,,,,47362,4.0,4,,,,,,
,,,,,47369,7.0,7,,,,,,
,,,,,47374,5.0,5,,,,,,
,,,,,47385,11.0,11,,,,,,
,,,,,47391,6.0,6,,,,,,
,,,,,47394,3.0,3,,,,,,
,,,,,47397,3.0,3,,,,,,
,,,,,47401,4.0,4,,,,,,
,,,,,47410,9.0,9,,,,,,
,,,,,47417,7.0,7,,,,,,
,,,,,47423,6.0,6,,,,,,
,,,,,47429,6.0,6,,,,,,
,,,,,47433,4.0,4,,,,,,
,,,,,47437,4.0,4,,,,,,
,,,,,47442,5.0,5,,,,,,
,,,,,47450,8.0,8,,,,,,
,,,,,47453,3.0,3,,,,,,
,,,,,47458,5.0,5,,,,,,
,,,,,47470,12.0,12,,,,,,
,,,,,47491,21.0,21,,,,,,
,,,,,47495,4.0,4,,,,,,
,,,,,47499,4.0,4,,,,,,
,,,,,47509,10.0,10,,,,,,
,,,,,47517,8.0,8,,,,,,
,,,,,47520,3.0,3,,,,,,
,,,,,47525,5.0,5,,,,,,
,,,,,47532,7.0,7,,,,,,
,,,,,47543,11.0,11,,,,,,
,,,,,47547,4.0,4,,,,,,
,,,,,47552,5.0,5,,,,,,
,,,,,47557,5.0,5,,,,,,
,,,,,47562,5.0,5,,,,,,
,,,,,47577,15.0,15,,,,,,
,,,,,47582,5.0,5,,,,,,
,,,,,47588,6.0,6,,,,,,
,,,,,47593,5.0,5,,,,,,
,,,,,47598,5.0,5,,,,,,
,,,,,47601,3.0,3,,,,,,
,,,,,47605,4.0,4,,,,,,
,,,,,47612,7.0,7,,,,,,
,,,,,47620,8.0,8,,,,,,
,,,,,47624,4.0,4,,,,,,
,,,,,47628,4.0,4,,,,,,
,,,,,47633,5.0,5,,,,,,
,,,,,47642,9.0,9,,,,,,
,,,,,47646,4.0,4,,,,,,
,,,,,47655,9.0,9,,,,,,
,,,,,47665,10.0,10,,,,,,
,,,,,47675,10.0,10,,,,,,
,,,,,47678,3.0,3,,,,,,
,,,,,47684,6.0,6,,,,,,
,,,,,47698,14.0,14,,,,,,
,,,,,47703,5.0,5,,,,,,
,,,,,47717,14.0,14,,,,,,
,,,,,47736,19.0,19,,,,,,
,,,,,47741,5.0,5,,,,,,
,,,,,47746,5.0,5,,,,,,
,,,,,47751,5.0,5,,,,,,
,,,,,47762,11.0,11,,,,,,
,,,,,47772,10.0,10,,,,,,
,,,,,47776,4.0,4,,,,,,
,,,,,47782,6.0,6,,,,,,
,,,,,47785,3.0,3,,,,,,
,,,,,47802,17.0,17,,,,,,
,,,,,47805,3.0,3,,,,,,
,,,,,47814,9.0,9,,,,,,
,,,,,47824,10.0,10,,,,,,
,,,,,47829,5.0,5,,,,,,
,,,,,47833,4.0,4,,,,,,
,,,,,47838,5.0,5,,,,,,
,,,,,47849,11.0,11,,,,,,
,,,,,47863,14.0,14,,,,,,
,,,,,47867,4.0,4,,,,,,
,,,,,47875,8.0,8,,,,,,
,,,,,47878,3.0,3,,,,,,
,,,,,47883,5.0,5,,,,,,
,,,,,47893,10.0,10,,,,,,
,,,,,47903,10.0,10,,,,,,
,,,,,47909,6.0,6,,,,,,
,,,,,47912,3.0,3,,,,,,
,,,,,47924,12.0,12,,,,,,
,,,,,47930,6.0,6,,,,,,
,,,,,47942,12.0,12,,,,,,
,,,,,47946,4.0,4,,,,,,
,,,,,47956,10.0,10,,,,,,
,,,,,47960,4.0,4,,,,,,
,,,,,47974,14.0,14,,,,,,
,,,,,47981,7.0,7,,,,,,
,,,,,47986,5.0,5,,,,,,
,,,,,47995,9.0,9,,,,,,
,,,,,48000,,,2.279709815979004,5.178352355957031,5.181726455688477,0.0003,0.0003,0.1
,,,,,48001,6.0,6,,,,,,
,,,,,48009,8.0,8,,,,,,
,,,,,48013,4.0,4,,,,,,
,,,,,48019,6.0,6,,,,,,
,,,,,48023,4.0,4,,,,,,
,,,,,48029,6.0,6,,,,,,
,,,,,48032,3.0,3,,,,,,
,,,,,48035,3.0,3,,,,,,
,,,,,48040,5.0,5,,,,,,
,,,,,48048,8.0,8,,,,,,
,,,,,48053,5.0,5,,,,,,
,,,,,48056,3.0,3,,,,,,
,,,,,48060,4.0,4,,,,,,
,,,,,48069,9.0,9,,,,,,
,,,,,48072,3.0,3,,,,,,
,,,,,48076,4.0,4,,,,,,
,,,,,48080,4.0,4,,,,,,
,,,,,48085,5.0,5,,,,,,
,,,,,48089,4.0,4,,,,,,
,,,,,48096,7.0,7,,,,,,
,,,,,48105,9.0,9,,,,,,
,,,,,48109,4.0,4,,,,,,
,,,,,48120,11.0,11,,,,,,
,,,,,48129,9.0,9,,,,,,
,,,,,48140,11.0,11,,,,,,
,,,,,48144,4.0,4,,,,,,
,,,,,48150,6.0,6,,,,,,
,,,,,48169,19.0,19,,,,,,
,,,,,48175,6.0,6,,,,,,
,,,,,48179,4.0,4,,,,,,
,,,,,48183,4.0,4,,,,,,
,,,,,48190,7.0,7,,,,,,
,,,,,48194,4.0,4,,,,,,
,,,,,48198,4.0,4,,,,,,
,,,,,48202,4.0,4,,,,,,
,,,,,48208,6.0,6,,,,,,
,,,,,48213,5.0,5,,,,,,
,,,,,48221,8.0,8,,,,,,
,,,,,48229,8.0,8,,,,,,
,,,,,48234,5.0,5,,,,,,
,,,,,48241,7.0,7,,,,,,
,,,,,48247,6.0,6,,,,,,
,,,,,48252,5.0,5,,,,,,
,,,,,48260,8.0,8,,,,,,
,,,,,48264,4.0,4,,,,,,
,,,,,48269,5.0,5,,,,,,
,,,,,48274,5.0,5,,,,,,
,,,,,48284,10.0,10,,,,,,
,,,,,48287,3.0,3,,,,,,
,,,,,48295,8.0,8,,,,,,
,,,,,48311,16.0,16,,,,,,
,,,,,48316,5.0,5,,,,,,
,,,,,48321,5.0,5,,,,,,
,,,,,48325,4.0,4,,,,,,
,,,,,48330,5.0,5,,,,,,
,,,,,48336,6.0,6,,,,,,
,,,,,48341,5.0,5,,,,,,
,,,,,48345,4.0,4,,,,,,
,,,,,48353,8.0,8,,,,,,
,,,,,48362,9.0,9,,,,,,
,,,,,48365,3.0,3,,,,,,
,,,,,48368,3.0,3,,,,,,
,,,,,48376,8.0,8,,,,,,
,,,,,48384,8.0,8,,,,,,
,,,,,48390,6.0,6,,,,,,
,,,,,48402,12.0,12,,,,,,
,,,,,48405,3.0,3,,,,,,
,,,,,48414,9.0,9,,,,,,
,,,,,48420,6.0,6,,,,,,
,,,,,48426,6.0,6,,,,,,
,,,,,48433,7.0,7,,,,,,
,,,,,48441,8.0,8,,,,,,
,,,,,48447,6.0,6,,,,,,
,,,,,48452,5.0,5,,,,,,
,,,,,48455,3.0,3,,,,,,
,,,,,48460,5.0,5,,,,,,
,,,,,48467,7.0,7,,,,,,
,,,,,48473,6.0,6,,,,,,
,,,,,48483,10.0,10,,,,,,
,,,,,48491,8.0,8,,,,,,
,,,,,48500,9.0,9,,,,,,
,,,,,48504,4.0,4,,,,,,
,,,,,48507,3.0,3,,,,,,
,,,,,48516,9.0,9,,,,,,
,,,,,48519,3.0,3,,,,,,
,,,,,48523,4.0,4,,,,,,
,,,,,48535,12.0,12,,,,,,
,,,,,48542,7.0,7,,,,,,
,,,,,48545,3.0,3,,,,,,
,,,,,48554,9.0,9,,,,,,
,,,,,48561,7.0,7,,,,,,
,,,,,48565,4.0,4,,,,,,
,,,,,48570,5.0,5,,,,,,
,,,,,48577,7.0,7,,,,,,
,,,,,48581,4.0,4,,,,,,
,,,,,48587,6.0,6,,,,,,
,,,,,48591,4.0,4,,,,,,
,,,,,48601,10.0,10,,,,,,
,,,,,48606,5.0,5,,,,,,
,,,,,48612,6.0,6,,,,,,
,,,,,48616,4.0,4,,,,,,
,,,,,48621,5.0,5,,,,,,
,,,,,48627,6.0,6,,,,,,
,,,,,48630,3.0,3,,,,,,
,,,,,48648,18.0,18,,,,,,
,,,,,48658,10.0,10,,,,,,
,,,,,48668,10.0,10,,,,,,
,,,,,48677,9.0,9,,,,,,
,,,,,48682,5.0,5,,,,,,
,,,,,48690,8.0,8,,,,,,
,,,,,48695,5.0,5,,,,,,
,,,,,48709,14.0,14,,,,,,
,,,,,48713,4.0,4,,,,,,
,,,,,48720,7.0,7,,,,,,
,,,,,48730,10.0,10,,,,,,
,,,,,48734,4.0,4,,,,,,
,,,,,48738,4.0,4,,,,,,
,,,,,48749,11.0,11,,,,,,
,,,,,48756,7.0,7,,,,,,
,,,,,48759,3.0,3,,,,,,
,,,,,48768,9.0,9,,,,,,
,,,,,48774,6.0,6,,,,,,
,,,,,48777,3.0,3,,,,,,
,,,,,48782,5.0,5,,,,,,
,,,,,48787,5.0,5,,,,,,
,,,,,48791,4.0,4,,,,,,
,,,,,48798,7.0,7,,,,,,
,,,,,48801,3.0,3,,,,,,
,,,,,48807,6.0,6,,,,,,
,,,,,48811,4.0,4,,,,,,
,,,,,48815,4.0,4,,,,,,
,,,,,48819,4.0,4,,,,,,
,,,,,48822,3.0,3,,,,,,
,,,,,48827,5.0,5,,,,,,
,,,,,48832,5.0,5,,,,,,
,,,,,48837,5.0,5,,,,,,
,,,,,48842,5.0,5,,,,,,
,,,,,48846,4.0,4,,,,,,
,,,,,48849,3.0,3,,,,,,
,,,,,48859,10.0,10,,,,,,
,,,,,48863,4.0,4,,,,,,
,,,,,48867,4.0,4,,,,,,
,,,,,48871,4.0,4,,,,,,
,,,,,48875,4.0,4,,,,,,
,,,,,48879,4.0,4,,,,,,
,,,,,48883,4.0,4,,,,,,
,,,,,48887,4.0,4,,,,,,
,,,,,48896,9.0,9,,,,,,
,,,,,48900,4.0,4,,,,,,
,,,,,48906,6.0,6,,,,,,
,,,,,48922,16.0,16,,,,,,
,,,,,48927,5.0,5,,,,,,
,,,,,48933,6.0,6,,,,,,
,,,,,48938,5.0,5,,,,,,
,,,,,48944,6.0,6,,,,,,
,,,,,48948,4.0,4,,,,,,
,,,,,48952,4.0,4,,,,,,
,,,,,48955,3.0,3,,,,,,
,,,,,48960,5.0,5,,,,,,
,,,,,48963,3.0,3,,,,,,
,,,,,48968,5.0,5,,,,,,
,,,,,48988,20.0,20,,,,,,
,,,,,48991,3.0,3,,,,,,
,,,,,48994,3.0,3,,,,,,
,,,,,49000,,,2.018867254257202,4.949410915374756,5.011127948760986,0.0003,0.0003,0.1
,,,,,49003,9.0,9,,,,,,
,,,,,49009,6.0,6,,,,,,
,,,,,49015,6.0,6,,,,,,
,,,,,49021,6.0,6,,,,,,
,,,,,49026,5.0,5,,,,,,
,,,,,49031,5.0,5,,,,,,
,,,,,49036,5.0,5,,,,,,
,,,,,49040,4.0,4,,,,,,
,,,,,49055,15.0,15,,,,,,
,,,,,49060,5.0,5,,,,,,
,,,,,49063,3.0,3,,,,,,
,,,,,49069,6.0,6,,,,,,
,,,,,49081,12.0,12,,,,,,
,,,,,49085,4.0,4,,,,,,
,,,,,49088,3.0,3,,,,,,
,,,,,49096,8.0,8,,,,,,
,,,,,49102,6.0,6,,,,,,
,,,,,49105,3.0,3,,,,,,
,,,,,49117,12.0,12,,,,,,
,,,,,49125,8.0,8,,,,,,
,,,,,49132,7.0,7,,,,,,
,,,,,49136,4.0,4,,,,,,
,,,,,49141,5.0,5,,,,,,
,,,,,49148,7.0,7,,,,,,
,,,,,49153,5.0,5,,,,,,
,,,,,49157,4.0,4,,,,,,
,,,,,49165,8.0,8,,,,,,
,,,,,49169,4.0,4,,,,,,
,,,,,49173,4.0,4,,,,,,
,,,,,49176,3.0,3,,,,,,
,,,,,49179,3.0,3,,,,,,
,,,,,49190,11.0,11,,,,,,
,,,,,49195,5.0,5,,,,,,
,,,,,49200,5.0,5,,,,,,
,,,,,49203,3.0,3,,,,,,
,,,,,49206,3.0,3,,,,,,
,,,,,49210,4.0,4,,,,,,
,,,,,49217,7.0,7,,,,,,
,,,,,49221,4.0,4,,,,,,
,,,,,49229,8.0,8,,,,,,
,,,,,49232,3.0,3,,,,,,
,,,,,49245,13.0,13,,,,,,
,,,,,49248,3.0,3,,,,,,
,,,,,49258,10.0,10,,,,,,
,,,,,49261,3.0,3,,,,,,
,,,,,49264,3.0,3,,,,,,
,,,,,49271,7.0,7,,,,,,
,,,,,49277,6.0,6,,,,,,
,,,,,49282,5.0,5,,,,,,
,,,,,49288,6.0,6,,,,,,
,,,,,49299,11.0,11,,,,,,
,,,,,49303,4.0,4,,,,,,
,,,,,49322,19.0,19,,,,,,
,,,,,49327,5.0,5,,,,,,
,,,,,49331,4.0,4,,,,,,
,,,,,49342,11.0,11,,,,,,
,,,,,49350,8.0,8,,,,,,
,,,,,49355,5.0,5,,,,,,
,,,,,49359,4.0,4,,,,,,
,,,,,49363,4.0,4,,,,,,
,,,,,49368,5.0,5,,,,,,
,,,,,49373,5.0,5,,,,,,
,,,,,49376,3.0,3,,,,,,
,,,,,49387,11.0,11,,,,,,
,,,,,49392,5.0,5,,,,,,
,,,,,49397,5.0,5,,,,,,
,,,,,49416,19.0,19,,,,,,
,,,,,49420,4.0,4,,,,,,
,,,,,49423,3.0,3,,,,,,
,,,,,49430,7.0,7,,,,,,
,,,,,49436,6.0,6,,,,,,
,,,,,49441,5.0,5,,,,,,
,,,,,49446,5.0,5,,,,,,
,,,,,49457,11.0,11,,,,,,
,,,,,49465,8.0,8,,,,,,
,,,,,49469,4.0,4,,,,,,
,,,,,49474,5.0,5,,,,,,
,,,,,49481,7.0,7,,,,,,
,,,,,49486,5.0,5,,,,,,
,,,,,49492,6.0,6,,,,,,
,,,,,49495,3.0,3,,,,,,
,,,,,49500,5.0,5,,,,,,
,,,,,49504,4.0,4,,,,,,
,,,,,49509,5.0,5,,,,,,
,,,,,49512,3.0,3,,,,,,
,,,,,49520,8.0,8,,,,,,
,,,,,49524,4.0,4,,,,,,
,,,,,49528,4.0,4,,,,,,
,,,,,49542,14.0,14,,,,,,
,,,,,49549,7.0,7,,,,,,
,,,,,49559,10.0,10,,,,,,
,,,,,49568,9.0,9,,,,,,
,,,,,49574,6.0,6,,,,,,
,,,,,49579,5.0,5,,,,,,
,,,,,49586,7.0,7,,,,,,
,,,,,49591,5.0,5,,,,,,
,,,,,49597,6.0,6,,,,,,
,,,,,49608,11.0,11,,,,,,
,,,,,49613,5.0,5,,,,,,
,,,,,49616,3.0,3,,,,,,
,,,,,49619,3.0,3,,,,,,
,,,,,49629,10.0,10,,,,,,
,,,,,49633,4.0,4,,,,,,
,,,,,49639,6.0,6,,,,,,
,,,,,49643,4.0,4,,,,,,
,,,,,49648,5.0,5,,,,,,
,,,,,49653,5.0,5,,,,,,
,,,,,49663,10.0,10,,,,,,
,,,,,49669,6.0,6,,,,,,
,,,,,49672,3.0,3,,,,,,
,,,,,49681,9.0,9,,,,,,
,,,,,49685,4.0,4,,,,,,
,,,,,49709,24.0,24,,,,,,
,,,,,49712,3.0,3,,,,,,
,,,,,49716,4.0,4,,,,,,
,,,,,49723,7.0,7,,,,,,
,,,,,49731,8.0,8,,,,,,
,,,,,49743,12.0,12,,,,,,
,,,,,49750,7.0,7,,,,,,
,,,,,49756,6.0,6,,,,,,
,,,,,49762,6.0,6,,,,,,
,,,,,49773,11.0,11,,,,,,
,,,,,49780,7.0,7,,,,,,
,,,,,49786,6.0,6,,,,,,
,,,,,49789,3.0,3,,,,,,
,,,,,49793,4.0,4,,,,,,
,,,,,49798,5.0,5,,,,,,
,,,,,49803,5.0,5,,,,,,
,,,,,49812,9.0,9,,,,,,
,,,,,49820,8.0,8,,,,,,
,,,,,49825,5.0,5,,,,,,
,,,,,49842,17.0,17,,,,,,
,,,,,49845,3.0,3,,,,,,
,,,,,49849,4.0,4,,,,,,
,,,,,49853,4.0,4,,,,,,
,,,,,49860,7.0,7,,,,,,
,,,,,49864,4.0,4,,,,,,
,,,,,49867,3.0,3,,,,,,
,,,,,49870,3.0,3,,,,,,
,,,,,49875,5.0,5,,,,,,
,,,,,49892,17.0,17,,,,,,
,,,,,49901,9.0,9,,,,,,
,,,,,49909,8.0,8,,,,,,
,,,,,49913,4.0,4,,,,,,
,,,,,49920,7.0,7,,,,,,
,,,,,49926,6.0,6,,,,,,
,,,,,49933,7.0,7,,,,,,
,,,,,49944,11.0,11,,,,,,
,,,,,49955,11.0,11,,,,,,
,,,,,49966,11.0,11,,,,,,
,,,,,49970,4.0,4,,,,,,
,,,,,49982,12.0,12,,,,,,
,,,,,49985,3.0,3,,,,,,
,,,,,49995,10.0,10,,,,,,
