Eval_AverageReturn,Eval_StdReturn,Eval_MaxReturn,Eval_MinReturn,Eval_AverageEpLen,step,Train_EpisodeReturn,Train_EpisodeLen,actor_loss,entropy,critic_loss,q_values,target_values,actor_lr,critic_lr,temperature
22.816113,19.221657,78.48281,9.897337,22.3,0,,,,,,,,,,
,,,,,38,32.560093,39,,,,,,,,
,,,,,52,12.723348,14,,,,,,,,
,,,,,74,13.594802,22,,,,,,,,
,,,,,97,21.04625,23,,,,,,,,
,,,,,141,39.156933,44,,,,,,,,
,,,,,164,16.282236,23,,,,,,,,
,,,,,194,15.863021,30,,,,,,,,
,,,,,214,14.757389,20,,,,,,,,
,,,,,230,12.679639,16,,,,,,,,
,,,,,282,30.751337,52,,,,,,,,
,,,,,292,7.370962,10,,,,,,,,
,,,,,301,6.6927,9,,,,,,,,
,,,,,319,13.966857,18,,,,,,,,
,,,,,343,11.883785,24,,,,,,,,
,,,,,384,35.60109,41,,,,,,,,
,,,,,416,19.18307,32,,,,,,,,
,,,,,431,8.69928,15,,,,,,,,
,,,,,440,5.7765102,9,,,,,,,,
,,,,,451,8.315724,11,,,,,,,,
,,,,,470,11.02086,19,,,,,,,,
,,,,,489,19.098845,19,,,,,,,,
,,,,,506,18.113213,17,,,,,,,,
,,,,,527,18.792336,21,,,,,,,,
,,,,,545,15.158744,18,,,,,,,,
,,,,,564,14.194588,19,,,,,,,,
,,,,,576,10.710877,12,,,,,,,,
,,,,,591,10.535314,15,,,,,,,,
,,,,,605,14.1770115,14,,,,,,,,
,,,,,627,8.83627,22,,,,,,,,
,,,,,661,14.965351,34,,,,,,,,
,,,,,675,11.507595,14,,,,,,,,
,,,,,689,13.22314,14,,,,,,,,
,,,,,720,19.172392,31,,,,,,,,
,,,,,734,11.392289,14,,,,,,,,
,,,,,750,9.01037,16,,,,,,,,
,,,,,764,10.475382,14,,,,,,,,
,,,,,782,15.266661,18,,,,,,,,
,,,,,799,10.289552,17,,,,,,,,
,,,,,817,9.47059,18,,,,,,,,
,,,,,833,5.2089562,16,,,,,,,,
,,,,,846,12.177913,13,,,,,,,,
,,,,,860,9.416247,14,,,,,,,,
,,,,,874,12.038869,14,,,,,,,,
,,,,,886,9.854575,12,,,,,,,,
,,,,,901,15.042553,15,,,,,,,,
,,,,,919,12.798504,18,,,,,,,,
,,,,,930,8.765747,11,,,,,,,,
,,,,,960,11.835471,30,,,,,,,,
,,,,,996,22.248837,36,,,,,,,,
,,,,,1013,6.2079296,17,,,,,,,,
,,,,,1032,14.272781,19,,,,,,,,
,,,,,1047,14.24219,15,,,,,,,,
,,,,,1058,9.086277,11,,,,,,,,
,,,,,1082,14.884153,24,,,,,,,,
,,,,,1105,20.535227,23,,,,,,,,
,,,,,1122,16.047533,17,,,,,,,,
,,,,,1185,55.538567,63,,,,,,,,
,,,,,1215,21.541924,30,,,,,,,,
,,,,,1245,11.802326,30,,,,,,,,
,,,,,1263,17.998154,18,,,,,,,,
,,,,,1274,8.0815115,11,,,,,,,,
,,,,,1287,10.398218,13,,,,,,,,
,,,,,1313,24.758406,26,,,,,,,,
,,,,,1325,10.295827,12,,,,,,,,
,,,,,1339,7.7288046,14,,,,,,,,
,,,,,1351,10.73964,12,,,,,,,,
,,,,,1367,10.200447,16,,,,,,,,
,,,,,1388,19.015072,21,,,,,,,,
,,,,,1404,8.081884,16,,,,,,,,
,,,,,1434,34.723587,30,,,,,,,,
,,,,,1494,82.80455,60,,,,,,,,
,,,,,1519,11.976399,25,,,,,,,,
,,,,,1542,17.276514,23,,,,,,,,
,,,,,1575,30.512157,33,,,,,,,,
,,,,,1586,6.2576137,11,,,,,,,,
,,,,,1605,19.718994,19,,,,,,,,
,,,,,1631,25.639091,26,,,,,,,,
,,,,,1665,35.05872,34,,,,,,,,
,,,,,1698,37.721638,33,,,,,,,,
,,,,,1742,26.193584,44,,,,,,,,
,,,,,1759,9.1646185,17,,,,,,,,
,,,,,1781,6.2634163,22,,,,,,,,
,,,,,1799,18.180195,18,,,,,,,,
,,,,,1816,9.01713,17,,,,,,,,
,,,,,1832,15.008453,16,,,,,,,,
,,,,,1845,9.194861,13,,,,,,,,
,,,,,1859,10.635438,14,,,,,,,,
,,,,,1874,13.9054575,15,,,,,,,,
,,,,,1898,19.52173,24,,,,,,,,
,,,,,1914,7.23521,16,,,,,,,,
,,,,,1941,12.718244,27,,,,,,,,
,,,,,1961,18.61222,20,,,,,,,,
,,,,,1978,13.583154,17,,,,,,,,
,,,,,2039,90.604065,61,,,,,,,,
,,,,,2066,12.939131,27,,,,,,,,
,,,,,2091,17.3985,25,,,,,,,,
,,,,,2119,16.269695,28,,,,,,,,
,,,,,2152,31.826578,33,,,,,,,,
,,,,,2173,14.664879,21,,,,,,,,
,,,,,2196,10.701486,23,,,,,,,,
,,,,,2227,27.274666,31,,,,,,,,
,,,,,2250,20.329552,23,,,,,,,,
,,,,,2278,32.76799,28,,,,,,,,
,,,,,2309,38.11421,31,,,,,,,,
,,,,,2334,21.176126,25,,,,,,,,
,,,,,2360,17.482939,26,,,,,,,,
,,,,,2376,9.350632,16,,,,,,,,
,,,,,2394,15.079916,18,,,,,,,,
,,,,,2414,19.51143,20,,,,,,,,
,,,,,2424,7.7788343,10,,,,,,,,
,,,,,2443,11.160007,19,,,,,,,,
,,,,,2464,16.704525,21,,,,,,,,
,,,,,2482,12.210785,18,,,,,,,,
,,,,,2517,30.012398,35,,,,,,,,
,,,,,2529,8.981241,12,,,,,,,,
,,,,,2561,40.327667,32,,,,,,,,
,,,,,2575,9.16722,14,,,,,,,,
,,,,,2598,24.00579,23,,,,,,,,
,,,,,2613,14.380817,15,,,,,,,,
,,,,,2632,11.237247,19,,,,,,,,
,,,,,2647,9.353705,15,,,,,,,,
,,,,,2658,8.75794,11,,,,,,,,
,,,,,2672,8.971898,14,,,,,,,,
,,,,,2691,11.162249,19,,,,,,,,
,,,,,2720,14.477332,29,,,,,,,,
,,,,,2746,10.896071,26,,,,,,,,
,,,,,2761,8.996869,15,,,,,,,,
,,,,,2776,14.698644,15,,,,,,,,
,,,,,2793,15.677857,17,,,,,,,,
,,,,,2814,10.212833,21,,,,,,,,
,,,,,2831,14.467616,17,,,,,,,,
,,,,,2852,22.348417,21,,,,,,,,
,,,,,2861,7.0997252,9,,,,,,,,
,,,,,2902,21.182785,41,,,,,,,,
,,,,,2913,8.897828,11,,,,,,,,
,,,,,2930,7.0872765,17,,,,,,,,
,,,,,2948,13.758348,18,,,,,,,,
,,,,,2964,14.421753,16,,,,,,,,
,,,,,2982,16.308252,18,,,,,,,,
,,,,,3019,22.730745,37,,,,,,,,
,,,,,3033,11.275695,14,,,,,,,,
,,,,,3044,9.334052,11,,,,,,,,
,,,,,3123,70.74472,79,,,,,,,,
,,,,,3172,42.903957,49,,,,,,,,
,,,,,3193,13.094347,21,,,,,,,,
,,,,,3218,21.730392,25,,,,,,,,
,,,,,3232,11.363539,14,,,,,,,,
,,,,,3241,5.691821,9,,,,,,,,
,,,,,3260,23.109661,19,,,,,,,,
,,,,,3279,17.018555,19,,,,,,,,
,,,,,3297,8.532694,18,,,,,,,,
,,,,,3323,26.96676,26,,,,,,,,
,,,,,3398,117.98008,75,,,,,,,,
,,,,,3415,18.131023,17,,,,,,,,
,,,,,3440,9.585294,25,,,,,,,,
,,,,,3532,72.45417,92,,,,,,,,
,,,,,3559,24.314442,27,,,,,,,,
,,,,,3575,7.876772,16,,,,,,,,
,,,,,3593,16.870241,18,,,,,,,,
,,,,,3606,8.339306,13,,,,,,,,
,,,,,3616,8.326122,10,,,,,,,,
,,,,,3625,6.5721235,9,,,,,,,,
,,,,,3650,20.237822,25,,,,,,,,
,,,,,3661,8.323614,11,,,,,,,,
,,,,,3694,12.195417,33,,,,,,,,
,,,,,3715,13.545876,21,,,,,,,,
,,,,,3726,9.498225,11,,,,,,,,
,,,,,3738,9.286048,12,,,,,,,,
,,,,,3750,10.760808,12,,,,,,,,
,,,,,3760,8.131043,10,,,,,,,,
,,,,,3778,14.214927,18,,,,,,,,
,,,,,3795,8.16436,17,,,,,,,,
,,,,,3854,69.27679,59,,,,,,,,
,,,,,3877,23.069773,23,,,,,,,,
,,,,,3895,12.57569,18,,,,,,,,
,,,,,3909,11.335316,14,,,,,,,,
,,,,,3926,16.678715,17,,,,,,,,
,,,,,3978,42.15401,52,,,,,,,,
,,,,,3987,6.7964735,9,,,,,,,,
,,,,,4033,45.327343,46,,,,,,,,
,,,,,4060,24.192049,27,,,,,,,,
,,,,,4078,10.774442,18,,,,,,,,
,,,,,4096,16.030617,18,,,,,,,,
,,,,,4177,88.29459,81,,,,,,,,
,,,,,4189,8.2710705,12,,,,,,,,
,,,,,4201,9.206767,12,,,,,,,,
,,,,,4235,25.66119,34,,,,,,,,
,,,,,4247,6.2364063,12,,,,,,,,
,,,,,4272,25.809364,25,,,,,,,,
,,,,,4289,13.696033,17,,,,,,,,
,,,,,4306,10.096925,17,,,,,,,,
,,,,,4328,10.203849,22,,,,,,,,
,,,,,4348,19.170433,20,,,,,,,,
,,,,,4364,12.083722,16,,,,,,,,
,,,,,4378,11.3986,14,,,,,,,,
,,,,,4399,13.597875,21,,,,,,,,
,,,,,4407,5.8286,8,,,,,,,,
,,,,,4417,7.022791,10,,,,,,,,
,,,,,4440,15.601929,23,,,,,,,,
,,,,,4462,19.304596,22,,,,,,,,
,,,,,4494,29.463835,32,,,,,,,,
,,,,,4515,18.418844,21,,,,,,,,
,,,,,4530,9.35937,15,,,,,,,,
,,,,,4545,14.458854,15,,,,,,,,
,,,,,4571,16.471876,26,,,,,,,,
,,,,,4589,11.718977,18,,,,,,,,
,,,,,4614,8.682958,25,,,,,,,,
,,,,,4627,8.477545,13,,,,,,,,
,,,,,4650,5.7184997,23,,,,,,,,
,,,,,4674,13.905242,24,,,,,,,,
,,,,,4695,18.473501,21,,,,,,,,
,,,,,4717,9.101335,22,,,,,,,,
,,,,,4743,22.73131,26,,,,,,,,
,,,,,4760,11.677523,17,,,,,,,,
,,,,,4775,6.7424636,15,,,,,,,,
,,,,,4800,16.99755,25,,,,,,,,
,,,,,4816,11.78578,16,,,,,,,,
,,,,,4827,9.137326,11,,,,,,,,
,,,,,4860,21.24263,33,,,,,,,,
,,,,,4879,12.013407,19,,,,,,,,
,,,,,4901,10.691656,22,,,,,,,,
,,,,,4915,9.152906,14,,,,,,,,
,,,,,4948,29.791256,33,,,,,,,,
,,,,,4960,10.006652,12,,,,,,,,
,,,,,4974,9.846361,14,,,,,,,,
,,,,,4987,9.755292,13,,,,,,,,
19.192978,10.342966,36.999184,8.033143,24.6,5000,,,,,,,,,,
,,,,,5001,5.6571884,14,,,,,,,,
,,,,,5026,14.488834,25,,,,,,,,
,,,,,5069,15.122231,43,,,,,,,,
,,,,,5077,5.570034,8,,,,,,,,
,,,,,5107,39.16252,30,,,,,,,,
,,,,,5121,11.794626,14,,,,,,,,
,,,,,5141,10.115302,20,,,,,,,,
,,,,,5168,34.319965,27,,,,,,,,
,,,,,5194,13.798023,26,,,,,,,,
,,,,,5208,12.902304,14,,,,,,,,
,,,,,5226,13.236022,18,,,,,,,,
,,,,,5258,24.596851,32,,,,,,,,
,,,,,5280,13.350191,22,,,,,,,,
,,,,,5294,11.629903,14,,,,,,,,
,,,,,5316,16.358358,22,,,,,,,,
,,,,,5335,14.869908,19,,,,,,,,
,,,,,5352,18.925974,17,,,,,,,,
,,,,,5372,13.257433,20,,,,,,,,
,,,,,5389,15.37243,17,,,,,,,,
,,,,,5409,24.330786,20,,,,,,,,
,,,,,5443,34.71701,34,,,,,,,,
,,,,,5472,35.01292,29,,,,,,,,
,,,,,5488,10.157188,16,,,,,,,,
,,,,,5509,14.664869,21,,,,,,,,
,,,,,5549,43.431885,40,,,,,,,,
,,,,,5569,15.932052,20,,,,,,,,
,,,,,5586,11.653661,17,,,,,,,,
,,,,,5599,13.276953,13,,,,,,,,
,,,,,5625,29.744171,26,,,,,,,,
,,,,,5648,16.294079,23,,,,,,,,
,,,,,5700,44.24361,52,,,,,,,,
,,,,,5713,11.4075365,13,,,,,,,,
,,,,,5740,31.51385,27,,,,,,,,
,,,,,5753,6.6545496,13,,,,,,,,
,,,,,5796,52.105247,43,,,,,,,,
,,,,,5812,16.401121,16,,,,,,,,
,,,,,5827,13.605107,15,,,,,,,,
,,,,,5847,18.405596,20,,,,,,,,
,,,,,5874,22.832628,27,,,,,,,,
,,,,,5891,17.52089,17,,,,,,,,
,,,,,5915,29.953989,24,,,,,,,,
,,,,,5962,31.202276,47,,,,,,,,
,,,,,5985,16.978022,23,,,,,,,,
,,,,,5999,13.115729,14,,,,,,,,
,,,,,6052,50.15076,53,,,,,,,,
,,,,,6068,9.970247,16,,,,,,,,
,,,,,6121,47.16296,53,,,,,,,,
,,,,,6139,12.548502,18,,,,,,,,
,,,,,6158,17.633066,19,,,,,,,,
,,,,,6288,242.43173,130,,,,,,,,
,,,,,6300,6.1541963,12,,,,,,,,
,,,,,6314,8.700589,14,,,,,,,,
,,,,,6357,36.401573,43,,,,,,,,
,,,,,6370,10.034248,13,,,,,,,,
,,,,,6385,13.120225,15,,,,,,,,
,,,,,6408,28.228338,23,,,,,,,,
,,,,,6443,36.652508,35,,,,,,,,
,,,,,6466,25.573051,23,,,,,,,,
,,,,,6482,12.868608,16,,,,,,,,
,,,,,6494,11.198424,12,,,,,,,,
,,,,,6507,12.711689,13,,,,,,,,
,,,,,6521,8.62367,14,,,,,,,,
,,,,,6549,18.136703,28,,,,,,,,
,,,,,6581,33.8079,32,,,,,,,,
,,,,,6593,10.093177,12,,,,,,,,
,,,,,6605,10.441576,12,,,,,,,,
,,,,,6633,35.70824,28,,,,,,,,
,,,,,6688,99.283035,55,,,,,,,,
,,,,,6706,12.090221,18,,,,,,,,
,,,,,6719,12.36548,13,,,,,,,,
,,,,,6730,8.799895,11,,,,,,,,
,,,,,6775,56.7072,45,,,,,,,,
,,,,,6798,22.925747,23,,,,,,,,
,,,,,6823,19.219713,25,,,,,,,,
,,,,,6842,20.69055,19,,,,,,,,
,,,,,6856,15.278472,14,,,,,,,,
,,,,,6866,8.402538,10,,,,,,,,
,,,,,6887,16.29597,21,,,,,,,,
,,,,,6937,44.196777,50,,,,,,,,
,,,,,6983,55.80681,46,,,,,,,,
,,,,,6996,11.389503,13,,,,,,,,
,,,,,7010,15.183724,14,,,,,,,,
,,,,,7028,17.148315,18,,,,,,,,
,,,,,7045,11.384674,17,,,,,,,,
,,,,,7103,76.633194,58,,,,,,,,
,,,,,7116,10.585164,13,,,,,,,,
,,,,,7131,15.813576,15,,,,,,,,
,,,,,7151,12.99376,20,,,,,,,,
,,,,,7179,36.875572,28,,,,,,,,
,,,,,7199,22.568268,20,,,,,,,,
,,,,,7225,29.472687,26,,,,,,,,
,,,,,7238,9.862417,13,,,,,,,,
,,,,,7266,22.31443,28,,,,,,,,
,,,,,7302,33.653522,36,,,,,,,,
,,,,,7327,13.107766,25,,,,,,,,
,,,,,7345,11.4394455,18,,,,,,,,
,,,,,7367,20.788,22,,,,,,,,
,,,,,7384,15.50161,17,,,,,,,,
,,,,,7396,11.789372,12,,,,,,,,
,,,,,7406,7.441758,10,,,,,,,,
,,,,,7418,10.066766,12,,,,,,,,
,,,,,7447,29.735458,29,,,,,,,,
,,,,,7467,15.691666,20,,,,,,,,
,,,,,7477,7.6201844,10,,,,,,,,
,,,,,7496,13.230872,19,,,,,,,,
,,,,,7514,8.448522,18,,,,,,,,
,,,,,7525,8.7024145,11,,,,,,,,
,,,,,7541,14.458393,16,,,,,,,,
,,,,,7553,10.5278425,12,,,,,,,,
,,,,,7588,19.537443,35,,,,,,,,
,,,,,7611,24.740618,23,,,,,,,,
,,,,,7628,11.401334,17,,,,,,,,
,,,,,7642,13.153122,14,,,,,,,,
,,,,,7670,32.636593,28,,,,,,,,
,,,,,7682,12.027067,12,,,,,,,,
,,,,,7716,44.38077,34,,,,,,,,
,,,,,7735,14.447994,19,,,,,,,,
,,,,,7748,10.60403,13,,,,,,,,
,,,,,7790,63.71851,42,,,,,,,,
,,,,,7805,12.235407,15,,,,,,,,
,,,,,7837,29.974033,32,,,,,,,,
,,,,,7855,12.59298,18,,,,,,,,
,,,,,7868,12.318008,13,,,,,,,,
,,,,,7909,24.743534,41,,,,,,,,
,,,,,7953,60.50223,44,,,,,,,,
,,,,,7976,29.053926,23,,,,,,,,
,,,,,7988,9.222756,12,,,,,,,,
,,,,,8003,12.907698,15,,,,,,,,
,,,,,8041,45.65847,38,,,,,,,,
,,,,,8056,15.465648,15,,,,,,,,
,,,,,8074,12.202899,18,,,,,,,,
,,,,,8095,22.497921,21,,,,,,,,
,,,,,8109,14.051775,14,,,,,,,,
,,,,,8127,16.293291,18,,,,,,,,
,,,,,8138,9.617584,11,,,,,,,,
,,,,,8152,12.979724,14,,,,,,,,
,,,,,8160,5.021757,8,,,,,,,,
,,,,,8181,10.68717,21,,,,,,,,
,,,,,8197,11.266435,16,,,,,,,,
,,,,,8208,9.9404,11,,,,,,,,
,,,,,8234,13.41299,26,,,,,,,,
,,,,,8257,18.927057,23,,,,,,,,
,,,,,8271,9.739402,14,,,,,,,,
,,,,,8285,14.804892,14,,,,,,,,
,,,,,8302,15.221866,17,,,,,,,,
,,,,,8317,11.416628,15,,,,,,,,
,,,,,8329,9.534671,12,,,,,,,,
,,,,,8341,10.382456,12,,,,,,,,
,,,,,8359,14.694628,18,,,,,,,,
,,,,,8379,9.285316,20,,,,,,,,
,,,,,8411,25.863955,32,,,,,,,,
,,,,,8427,10.63949,16,,,,,,,,
,,,,,8438,8.585813,11,,,,,,,,
,,,,,8460,18.63729,22,,,,,,,,
,,,,,8473,10.526016,13,,,,,,,,
,,,,,8567,141.78545,94,,,,,,,,
,,,,,8586,13.513853,19,,,,,,,,
,,,,,8601,7.6672516,15,,,,,,,,
,,,,,8614,12.667277,13,,,,,,,,
,,,,,8656,65.38656,42,,,,,,,,
,,,,,8666,7.1589165,10,,,,,,,,
,,,,,8683,14.169283,17,,,,,,,,
,,,,,8700,16.287415,17,,,,,,,,
,,,,,8714,10.406102,14,,,,,,,,
,,,,,8740,8.853193,26,,,,,,,,
,,,,,8763,9.911248,23,,,,,,,,
,,,,,8791,30.131336,28,,,,,,,,
,,,,,8813,15.398022,22,,,,,,,,
,,,,,8834,15.60152,21,,,,,,,,
,,,,,8862,36.438457,28,,,,,,,,
,,,,,8878,11.438522,16,,,,,,,,
,,,,,8894,12.0400715,16,,,,,,,,
,,,,,8920,28.811068,26,,,,,,,,
,,,,,8933,12.250244,13,,,,,,,,
,,,,,8972,40.974976,39,,,,,,,,
,,,,,9002,13.214307,30,,,,,,,,
,,,,,9043,47.7079,41,,,,,,,,
,,,,,9097,42.93445,54,,,,,,,,
,,,,,9122,16.00996,25,,,,,,,,
,,,,,9170,43.549843,48,,,,,,,,
,,,,,9237,73.25321,67,,,,,,,,
,,,,,9253,15.177648,16,,,,,,,,
,,,,,9273,17.82401,20,,,,,,,,
,,,,,9291,12.799679,18,,,,,,,,
,,,,,9310,13.981552,19,,,,,,,,
,,,,,9322,9.07604,12,,,,,,,,
,,,,,9340,19.482866,18,,,,,,,,
,,,,,9371,39.28835,31,,,,,,,,
,,,,,9395,24.848637,24,,,,,,,,
,,,,,9424,35.663048,29,,,,,,,,
,,,,,9438,12.845318,14,,,,,,,,
,,,,,9463,19.272697,25,,,,,,,,
,,,,,9507,45.68817,44,,,,,,,,
,,,,,9520,11.909812,13,,,,,,,,
,,,,,9539,19.825579,19,,,,,,,,
,,,,,9572,42.345425,33,,,,,,,,
,,,,,9588,15.0465555,16,,,,,,,,
,,,,,9635,76.9289,47,,,,,,,,
,,,,,9669,13.656681,34,,,,,,,,
,,,,,9692,21.526106,23,,,,,,,,
,,,,,9729,45.165974,37,,,,,,,,
,,,,,9765,36.583755,36,,,,,,,,
,,,,,9782,9.138365,17,,,,,,,,
,,,,,9803,18.361921,21,,,,,,,,
,,,,,9822,17.40882,19,,,,,,,,
,,,,,9834,9.951264,12,,,,,,,,
,,,,,9847,10.487568,13,,,,,,,,
,,,,,9878,19.479662,31,,,,,,,,
,,,,,9894,15.886117,16,,,,,,,,
,,,,,9916,18.625996,22,,,,,,,,
,,,,,9929,11.394835,13,,,,,,,,
,,,,,9944,15.523001,15,,,,,,,,
,,,,,9974,41.326252,30,,,,,,,,
,,,,,9986,9.215676,12,,,,,,,,
17.23936,7.1314154,33.84712,10.07655,24.0,10000,,,-0.4493066072463989,1.9352600574493408,1.273813247680664,0.09810669720172882,1.158918857574463,0.0003,0.0003,0.1
,,,,,10021,16.399292,35,,,,,,,,
,,,,,10043,24.907219,22,,,,,,,,
,,,,,10084,69.23593,41,,,,,,,,
,,,,,10116,47.48174,32,,,,,,,,
,,,,,10166,89.125984,50,,,,,,,,
,,,,,10178,9.542838,12,,,,,,,,
,,,,,10219,68.15222,41,,,,,,,,
,,,,,10262,72.84767,43,,,,,,,,
,,,,,10310,83.17203,48,,,,,,,,
,,,,,10344,56.753487,34,,,,,,,,
,,,,,10392,79.82779,48,,,,,,,,
,,,,,10450,108.83226,58,,,,,,,,
,,,,,10492,71.3705,42,,,,,,,,
,,,,,10540,85.713165,48,,,,,,,,
,,,,,10596,103.60387,56,,,,,,,,
,,,,,10633,61.635094,37,,,,,,,,
,,,,,10675,68.9332,42,,,,,,,,
,,,,,10718,72.584335,43,,,,,,,,
,,,,,10754,58.78127,36,,,,,,,,
,,,,,10794,65.57928,40,,,,,,,,
,,,,,10843,84.90323,49,,,,,,,,
,,,,,10882,64.507484,39,,,,,,,,
,,,,,10955,150.03816,73,,,,,,,,
,,,,,10996,69.41981,41,,,,,,,,
,,,,,11000,,,-6.826892852783203,-0.34620580077171326,0.870532751083374,6.205582141876221,6.150067329406738,0.0003,0.0003,0.1
,,,,,11070,155.13965,74,,,,,,,,
,,,,,11154,184.88052,84,,,,,,,,
,,,,,11245,200.55072,91,,,,,,,,
,,,,,11337,208.21996,92,,,,,,,,
,,,,,11429,204.86563,92,,,,,,,,
,,,,,11527,214.99503,98,,,,,,,,
,,,,,11616,198.56563,89,,,,,,,,
,,,,,11696,171.65694,80,,,,,,,,
,,,,,11784,195.71875,88,,,,,,,,
,,,,,11875,200.16211,91,,,,,,,,
,,,,,11980,250.34148,105,,,,,,,,
,,,,,12000,,,-15.031356811523438,-1.0496108531951904,5.649356842041016,13.801579475402832,13.692946434020996,0.0003,0.0003,0.1
,,,,,12070,196.18182,90,,,,,,,,
,,,,,12176,256.39697,106,,,,,,,,
,,,,,12273,218.19664,97,,,,,,,,
,,,,,12379,237.5754,106,,,,,,,,
,,,,,12492,266.92285,113,,,,,,,,
,,,,,12579,173.02858,87,,,,,,,,
,,,,,12678,217.27856,99,,,,,,,,
,,,,,12764,190.0811,86,,,,,,,,
,,,,,12854,193.55733,90,,,,,,,,
,,,,,12952,201.8814,98,,,,,,,,
,,,,,13000,,,-24.624792098999023,-1.1892545223236084,1.1383754014968872,23.279438018798828,23.549564361572266,0.0003,0.0003,0.1
,,,,,13062,221.40181,110,,,,,,,,
,,,,,13152,195.68033,90,,,,,,,,
,,,,,13237,187.58784,85,,,,,,,,
,,,,,13321,177.04219,84,,,,,,,,
,,,,,13408,183.16547,87,,,,,,,,
,,,,,13510,238.32301,102,,,,,,,,
,,,,,13608,224.581,98,,,,,,,,
,,,,,13720,269.09668,112,,,,,,,,
,,,,,13839,293.98712,119,,,,,,,,
,,,,,13932,204.70949,93,,,,,,,,
,,,,,14000,,,-34.8104248046875,-1.1161797046661377,6.192899227142334,33.11207580566406,32.746517181396484,0.0003,0.0003,0.1
,,,,,14039,235.38815,107,,,,,,,,
,,,,,14136,209.21751,97,,,,,,,,
,,,,,14233,226.26236,97,,,,,,,,
,,,,,14330,214.90137,97,,,,,,,,
,,,,,14441,271.20294,111,,,,,,,,
,,,,,14531,204.73663,90,,,,,,,,
,,,,,14629,228.95796,98,,,,,,,,
,,,,,14732,227.17834,103,,,,,,,,
,,,,,14829,237.24123,97,,,,,,,,
,,,,,14946,306.52423,117,,,,,,,,
327.69315,37.378517,370.4538,235.23529,122.7,15000,,,-43.55269241333008,-1.2856113910675049,4.358331203460693,41.482872009277344,41.65229797363281,0.0003,0.0003,0.1
,,,,,15060,273.45767,114,,,,,,,,
,,,,,15172,300.01312,112,,,,,,,,
,,,,,15277,262.95264,105,,,,,,,,
,,,,,15377,221.662,100,,,,,,,,
,,,,,15479,247.48047,102,,,,,,,,
,,,,,15595,301.8954,116,,,,,,,,
,,,,,15708,288.47122,113,,,,,,,,
,,,,,15815,277.54968,107,,,,,,,,
,,,,,15925,295.90475,110,,,,,,,,
,,,,,16000,,,-51.69043731689453,-0.9861027598381042,3.615530014038086,49.02803039550781,49.30072784423828,0.0003,0.0003,0.1
,,,,,16039,293.3275,114,,,,,,,,
,,,,,16145,260.073,106,,,,,,,,
,,,,,16259,277.0355,114,,,,,,,,
,,,,,16364,260.28745,105,,,,,,,,
,,,,,16461,244.86066,97,,,,,,,,
,,,,,16561,225.13847,100,,,,,,,,
,,,,,16660,236.17796,99,,,,,,,,
,,,,,16757,236.0966,97,,,,,,,,
,,,,,16850,224.03003,93,,,,,,,,
,,,,,16951,257.22403,101,,,,,,,,
,,,,,17000,,,-61.70975875854492,-1.1413030624389648,3.507948398590088,58.824363708496094,58.775794982910156,0.0003,0.0003,0.1
,,,,,17055,254.32942,104,,,,,,,,
,,,,,17190,306.6046,135,,,,,,,,
,,,,,17291,247.52213,101,,,,,,,,
,,,,,17392,241.16,101,,,,,,,,
,,,,,17497,249.89597,105,,,,,,,,
,,,,,17586,203.46529,89,,,,,,,,
,,,,,17688,235.35167,102,,,,,,,,
,,,,,17804,279.83438,116,,,,,,,,
,,,,,17916,279.8238,112,,,,,,,,
,,,,,18000,,,-70.58131408691406,-1.247524619102478,5.239058494567871,68.19593811035156,68.26904296875,0.0003,0.0003,0.1
,,,,,18024,254.01866,108,,,,,,,,
,,,,,18129,234.00803,105,,,,,,,,
,,,,,18230,242.73975,101,,,,,,,,
,,,,,18329,215.42447,99,,,,,,,,
,,,,,18439,254.02933,110,,,,,,,,
,,,,,18562,279.5599,123,,,,,,,,
,,,,,18668,240.3745,106,,,,,,,,
,,,,,18779,239.9863,111,,,,,,,,
,,,,,18885,245.55109,106,,,,,,,,
,,,,,19000,261.22345,115,,,,,,,,
,,,,,19000,,,-78.39321899414062,-1.0767425298690796,34.32085037231445,76.8065185546875,76.60631561279297,0.0003,0.0003,0.1
,,,,,19124,292.96597,124,,,,,,,,
,,,,,19255,301.61102,131,,,,,,,,
,,,,,19389,286.98605,134,,,,,,,,
,,,,,19533,312.06122,144,,,,,,,,
,,,,,19650,239.77164,117,,,,,,,,
,,,,,19766,245.44511,116,,,,,,,,
,,,,,19870,243.67255,104,,,,,,,,
,,,,,19985,247.6526,115,,,,,,,,
233.66362,62.46462,296.84094,53.47576,110.2,20000,,,-88.62744903564453,-1.221801519393921,15.487537384033203,85.41825866699219,85.84575653076172,0.0003,0.0003,0.1
,,,,,20089,223.12457,104,,,,,,,,
,,,,,20224,275.03485,135,,,,,,,,
,,,,,20289,121.40274,65,,,,,,,,
,,,,,20398,253.90802,109,,,,,,,,
,,,,,20513,257.5326,115,,,,,,,,
,,,,,20613,227.79326,100,,,,,,,,
,,,,,20721,273.54303,108,,,,,,,,
,,,,,20768,78.20977,47,,,,,,,,
,,,,,20888,286.82034,120,,,,,,,,
,,,,,20990,250.36803,102,,,,,,,,
,,,,,21000,,,-95.42443084716797,-1.460809350013733,14.795312881469727,93.63349914550781,92.81495666503906,0.0003,0.0003,0.1
,,,,,21105,287.02145,115,,,,,,,,
,,,,,21202,233.67061,97,,,,,,,,
,,,,,21287,195.22049,85,,,,,,,,
,,,,,21379,219.15665,92,,,,,,,,
,,,,,21419,63.729828,40,,,,,,,,
,,,,,21518,233.44286,99,,,,,,,,
,,,,,21539,29.124876,21,,,,,,,,
,,,,,21643,253.92087,104,,,,,,,,
,,,,,21741,229.88596,98,,,,,,,,
,,,,,21843,245.23364,102,,,,,,,,
,,,,,21939,227.92398,96,,,,,,,,
,,,,,22000,,,-100.66810607910156,-1.592956304550171,2.8098721504211426,97.07896423339844,96.9389419555664,0.0003,0.0003,0.1
,,,,,22036,232.12373,97,,,,,,,,
,,,,,22138,247.38922,102,,,,,,,,
,,,,,22234,227.7278,96,,,,,,,,
,,,,,22339,263.54413,105,,,,,,,,
,,,,,22443,251.84512,104,,,,,,,,
,,,,,22463,29.579191,20,,,,,,,,
,,,,,22560,225.14816,97,,,,,,,,
,,,,,22656,225.06996,96,,,,,,,,
,,,,,22752,223.9224,96,,,,,,,,
,,,,,22856,241.53879,104,,,,,,,,
,,,,,22959,230.40591,103,,,,,,,,
,,,,,23000,,,-108.56388092041016,-1.5689375400543213,33.63115692138672,105.14703369140625,104.66436767578125,0.0003,0.0003,0.1
,,,,,23068,270.0761,109,,,,,,,,
,,,,,23174,237.09106,106,,,,,,,,
,,,,,23282,243.8845,108,,,,,,,,
,,,,,23385,247.57753,103,,,,,,,,
,,,,,23482,215.68814,97,,,,,,,,
,,,,,23592,265.6925,110,,,,,,,,
,,,,,23690,224.17244,98,,,,,,,,
,,,,,23789,231.60645,99,,,,,,,,
,,,,,23911,292.19333,122,,,,,,,,
,,,,,24000,,,-118.4414291381836,-1.4535276889801025,18.446908950805664,115.43283081054688,116.14762878417969,0.0003,0.0003,0.1
,,,,,24013,220.96123,102,,,,,,,,
,,,,,24112,206.20628,99,,,,,,,,
,,,,,24213,233.8984,101,,,,,,,,
,,,,,24316,202.65454,103,,,,,,,,
,,,,,24419,194.98042,103,,,,,,,,
,,,,,24514,197.8599,95,,,,,,,,
,,,,,24612,188.2801,98,,,,,,,,
,,,,,24720,227.71515,108,,,,,,,,
,,,,,24810,156.26717,90,,,,,,,,
,,,,,24916,203.9361,106,,,,,,,,
207.7758,18.22828,242.07559,182.72182,101.5,25000,,,-122.46810913085938,-1.564327597618103,17.119136810302734,120.15737915039062,120.86224365234375,0.0003,0.0003,0.1
,,,,,25012,239.65579,96,,,,,,,,
,,,,,25113,193.02055,101,,,,,,,,
,,,,,25222,236.44276,109,,,,,,,,
,,,,,25325,195.53622,103,,,,,,,,
,,,,,25435,229.57947,110,,,,,,,,
,,,,,25520,165.88295,85,,,,,,,,
,,,,,25607,196.49635,87,,,,,,,,
,,,,,25695,196.07048,88,,,,,,,,
,,,,,25793,214.87338,98,,,,,,,,
,,,,,25889,233.49927,96,,,,,,,,
,,,,,25999,290.90594,110,,,,,,,,
,,,,,26000,,,-128.76654052734375,-2.1078836917877197,13.359025955200195,125.95350646972656,126.55623626708984,0.0003,0.0003,0.1
,,,,,26112,311.2304,113,,,,,,,,
,,,,,26228,280.74884,116,,,,,,,,
,,,,,26339,280.99985,111,,,,,,,,
,,,,,26430,176.10133,91,,,,,,,,
,,,,,26518,171.10019,88,,,,,,,,
,,,,,26636,279.56796,118,,,,,,,,
,,,,,26753,296.19153,117,,,,,,,,
,,,,,26868,286.6923,115,,,,,,,,
,,,,,27000,,,-138.2581329345703,-1.5079766511917114,10.965328216552734,136.1032257080078,136.45196533203125,0.0003,0.0003,0.1
,,,,,27002,317.01425,134,,,,,,,,
,,,,,27110,259.95645,108,,,,,,,,
,,,,,27209,241.74802,99,,,,,,,,
,,,,,27314,262.19174,105,,,,,,,,
,,,,,27422,271.4767,108,,,,,,,,
,,,,,27535,285.1786,113,,,,,,,,
,,,,,27631,207.32138,96,,,,,,,,
,,,,,27738,227.72702,107,,,,,,,,
,,,,,27832,180.568,94,,,,,,,,
,,,,,27906,157.31758,74,,,,,,,,
,,,,,28000,,,-143.96282958984375,-1.8112715482711792,9.938084602355957,140.61724853515625,141.08108520507812,0.0003,0.0003,0.1
,,,,,28009,182.947,103,,,,,,,,
,,,,,28040,51.838383,31,,,,,,,,
,,,,,28138,183.7823,98,,,,,,,,
,,,,,28166,46.507023,28,,,,,,,,
,,,,,28260,183.60321,94,,,,,,,,
,,,,,28375,295.72443,115,,,,,,,,
,,,,,28497,274.85687,122,,,,,,,,
,,,,,28593,200.01604,96,,,,,,,,
,,,,,28710,274.89984,117,,,,,,,,
,,,,,28827,305.89853,117,,,,,,,,
,,,,,28932,278.3912,105,,,,,,,,
,,,,,28956,40.99775,24,,,,,,,,
,,,,,29000,,,-150.24066162109375,-1.7064499855041504,5.770303726196289,146.41140747070312,146.59559631347656,0.0003,0.0003,0.1
,,,,,29078,272.53113,122,,,,,,,,
,,,,,29199,272.03345,121,,,,,,,,
,,,,,29320,301.44876,121,,,,,,,,
,,,,,29441,273.23962,121,,,,,,,,
,,,,,29554,278.48944,113,,,,,,,,
,,,,,29682,295.2501,128,,,,,,,,
,,,,,29798,303.77277,116,,,,,,,,
,,,,,29923,285.31595,125,,,,,,,,
306.60907,12.468671,325.22928,283.60193,119.5,30000,,,-151.71507263183594,-2.113318920135498,14.124112129211426,149.70166015625,150.44349670410156,0.0003,0.0003,0.1
,,,,,30041,286.74292,118,,,,,,,,
,,,,,30174,320.08273,133,,,,,,,,
,,,,,30310,308.7933,136,,,,,,,,
,,,,,30429,307.89233,119,,,,,,,,
,,,,,30562,290.87054,133,,,,,,,,
,,,,,30695,295.05066,133,,,,,,,,
,,,,,30821,279.99722,126,,,,,,,,
,,,,,30946,283.7778,125,,,,,,,,
,,,,,31000,,,-159.17127990722656,-1.6158339977264404,36.22956085205078,155.06224060058594,154.58505249023438,0.0003,0.0003,0.1
,,,,,31074,299.8893,128,,,,,,,,
,,,,,31193,300.56796,119,,,,,,,,
,,,,,31318,285.44852,125,,,,,,,,
,,,,,31433,294.48627,115,,,,,,,,
,,,,,31559,301.48688,126,,,,,,,,
,,,,,31689,289.2332,130,,,,,,,,
,,,,,31806,310.78452,117,,,,,,,,
,,,,,31923,293.7952,117,,,,,,,,
,,,,,32000,,,-163.69970703125,-1.6491010189056396,7.008563041687012,159.70079040527344,159.78134155273438,0.0003,0.0003,0.1
,,,,,32027,246.42,104,,,,,,,,
,,,,,32150,323.47824,123,,,,,,,,
,,,,,32276,274.96045,126,,,,,,,,
,,,,,32398,320.08322,122,,,,,,,,
,,,,,32516,295.30447,118,,,,,,,,
,,,,,32633,290.97232,117,,,,,,,,
,,,,,32754,294.25412,121,,,,,,,,
,,,,,32862,261.59882,108,,,,,,,,
,,,,,32976,281.12335,114,,,,,,,,
,,,,,33000,,,-171.38490295410156,-1.1590168476104736,9.922992706298828,169.60414123535156,170.028564453125,0.0003,0.0003,0.1
,,,,,33073,232.59938,97,,,,,,,,
,,,,,33205,296.99188,132,,,,,,,,
,,,,,33322,284.7094,117,,,,,,,,
,,,,,33443,312.3253,121,,,,,,,,
,,,,,33565,320.9302,122,,,,,,,,
,,,,,33686,263.62106,121,,,,,,,,
,,,,,33804,303.21588,118,,,,,,,,
,,,,,33923,297.4771,119,,,,,,,,
,,,,,34000,,,-172.18161010742188,-1.8122317790985107,9.99772834777832,168.21595764160156,168.52169799804688,0.0003,0.0003,0.1
,,,,,34032,269.69006,109,,,,,,,,
,,,,,34145,290.68182,113,,,,,,,,
,,,,,34256,275.21964,111,,,,,,,,
,,,,,34374,291.3798,118,,,,,,,,
,,,,,34497,266.61432,123,,,,,,,,
,,,,,34619,284.78513,122,,,,,,,,
,,,,,34730,282.4423,111,,,,,,,,
,,,,,34843,278.6535,113,,,,,,,,
,,,,,34962,311.49054,119,,,,,,,,
258.9754,13.53726,290.1692,241.52945,113.0,35000,,,-174.2137908935547,-1.8392066955566406,11.990478515625,169.24166870117188,169.34449768066406,0.0003,0.0003,0.1
,,,,,35077,298.76764,115,,,,,,,,
,,,,,35195,268.04974,118,,,,,,,,
,,,,,35332,357.36652,137,,,,,,,,
,,,,,35437,255.37492,105,,,,,,,,
,,,,,35559,278.6575,122,,,,,,,,
,,,,,35688,348.5025,129,,,,,,,,
,,,,,35804,315.40463,116,,,,,,,,
,,,,,35910,246.89761,106,,,,,,,,
,,,,,36000,,,-179.939697265625,-1.7121671438217163,10.811405181884766,177.0237274169922,177.43753051757812,0.0003,0.0003,0.1
,,,,,36025,309.3293,115,,,,,,,,
,,,,,36136,278.66763,111,,,,,,,,
,,,,,36247,257.49045,111,,,,,,,,
,,,,,36370,312.65195,123,,,,,,,,
,,,,,36488,269.31448,118,,,,,,,,
,,,,,36608,276.8188,120,,,,,,,,
,,,,,36742,329.3149,134,,,,,,,,
,,,,,36761,21.711401,19,,,,,,,,
,,,,,36900,355.0616,139,,,,,,,,
,,,,,37000,,,-180.94961547851562,-1.7991609573364258,37.56840896606445,177.01785278320312,176.1656494140625,0.0003,0.0003,0.1
,,,,,37060,348.65283,160,,,,,,,,
,,,,,37272,396.62656,212,,,,,,,,
,,,,,37396,309.03833,124,,,,,,,,
,,,,,37473,113.14076,77,,,,,,,,
,,,,,37622,365.41928,149,,,,,,,,
,,,,,37748,352.71918,126,,,,,,,,
,,,,,37876,317.685,128,,,,,,,,
,,,,,37909,54.502914,33,,,,,,,,
,,,,,38000,,,-190.95880126953125,-1.5464746952056885,29.80860137939453,187.979736328125,188.12400817871094,0.0003,0.0003,0.1
,,,,,38026,275.94177,117,,,,,,,,
,,,,,38154,340.25336,128,,,,,,,,
,,,,,38270,310.07776,116,,,,,,,,
,,,,,38382,261.07974,112,,,,,,,,
,,,,,38503,329.2732,121,,,,,,,,
,,,,,38651,372.26544,148,,,,,,,,
,,,,,38787,361.7642,136,,,,,,,,
,,,,,38919,354.6354,132,,,,,,,,
,,,,,39000,,,-194.0688018798828,-2.092254161834717,17.470460891723633,190.3140106201172,190.3037109375,0.0003,0.0003,0.1
,,,,,39040,312.5101,121,,,,,,,,
,,,,,39171,366.31137,131,,,,,,,,
,,,,,39290,292.74442,119,,,,,,,,
,,,,,39403,261.202,113,,,,,,,,
,,,,,39534,361.97226,131,,,,,,,,
,,,,,39651,281.4014,117,,,,,,,,
,,,,,39787,351.6479,136,,,,,,,,
,,,,,39921,355.07834,134,,,,,,,,
361.93896,9.663003,373.86325,345.1535,131.2,40000,,,-195.4223175048828,-2.3534443378448486,55.49021530151367,189.85484313964844,191.36074829101562,0.0003,0.0003,0.1
,,,,,40047,341.4576,126,,,,,,,,
,,,,,40164,288.99295,117,,,,,,,,
,,,,,40304,381.67273,140,,,,,,,,
,,,,,40424,328.3451,120,,,,,,,,
,,,,,40557,320.7958,133,,,,,,,,
,,,,,40696,326.78812,139,,,,,,,,
,,,,,40821,306.98267,125,,,,,,,,
,,,,,40951,369.88583,130,,,,,,,,
,,,,,40995,76.45015,44,,,,,,,,
,,,,,41000,,,-194.827392578125,-1.9807755947113037,21.74019432067871,190.61279296875,191.88595581054688,0.0003,0.0003,0.1
,,,,,41131,337.05246,136,,,,,,,,
,,,,,41178,84.31623,47,,,,,,,,
,,,,,41314,326.0516,136,,,,,,,,
,,,,,41461,333.08905,147,,,,,,,,
,,,,,41598,343.7649,137,,,,,,,,
,,,,,41739,363.40863,141,,,,,,,,
,,,,,41867,327.6745,128,,,,,,,,
,,,,,42000,,,-202.66683959960938,-1.922580599784851,4.385501384735107,198.580810546875,198.48379516601562,0.0003,0.0003,0.1
,,,,,42004,325.3985,137,,,,,,,,
,,,,,42144,355.4443,140,,,,,,,,
,,,,,42275,342.22906,131,,,,,,,,
,,,,,42420,358.3786,145,,,,,,,,
,,,,,42558,323.01193,138,,,,,,,,
,,,,,42699,333.19513,141,,,,,,,,
,,,,,42834,323.71182,135,,,,,,,,
,,,,,42958,304.25745,124,,,,,,,,
,,,,,43000,,,-202.0591278076172,-1.6480932235717773,11.222768783569336,197.21893310546875,197.36163330078125,0.0003,0.0003,0.1
,,,,,43101,337.51755,143,,,,,,,,
,,,,,43248,331.9718,147,,,,,,,,
,,,,,43391,327.5982,143,,,,,,,,
,,,,,43530,323.83353,139,,,,,,,,
,,,,,43675,324.7321,145,,,,,,,,
,,,,,43839,349.92734,164,,,,,,,,
,,,,,43989,344.2276,150,,,,,,,,
,,,,,44000,,,-208.94842529296875,-1.4414387941360474,37.208126068115234,202.83651733398438,202.7845916748047,0.0003,0.0003,0.1
,,,,,44134,328.75723,145,,,,,,,,
,,,,,44278,338.13803,144,,,,,,,,
,,,,,44416,333.86908,138,,,,,,,,
,,,,,44558,332.49417,142,,,,,,,,
,,,,,44694,347.99255,136,,,,,,,,
,,,,,44839,337.77954,145,,,,,,,,
,,,,,44982,334.56998,143,,,,,,,,
351.8967,14.691862,389.09818,335.59793,150.9,45000,,,-212.39617919921875,-1.2096574306488037,10.097087860107422,209.627197265625,210.11135864257812,0.0003,0.0003,0.1
,,,,,45139,382.09518,157,,,,,,,,
,,,,,45280,340.60138,141,,,,,,,,
,,,,,45421,324.9441,141,,,,,,,,
,,,,,45560,379.2374,139,,,,,,,,
,,,,,45700,337.72156,140,,,,,,,,
,,,,,45843,384.93127,143,,,,,,,,
,,,,,45980,378.83832,137,,,,,,,,
,,,,,46000,,,-209.56039428710938,-2.0387978553771973,12.375154495239258,206.41934204101562,207.1856689453125,0.0003,0.0003,0.1
,,,,,46113,330.8497,133,,,,,,,,
,,,,,46248,346.24225,135,,,,,,,,
,,,,,46389,329.49475,141,,,,,,,,
,,,,,46537,383.1459,148,,,,,,,,
,,,,,46673,332.6807,136,,,,,,,,
,,,,,46813,343.28882,140,,,,,,,,
,,,,,46953,365.20816,140,,,,,,,,
,,,,,47000,,,-200.5288543701172,-2.167304515838623,16.05632781982422,195.28335571289062,195.5719451904297,0.0003,0.0003,0.1
,,,,,47100,350.45966,147,,,,,,,,
,,,,,47238,362.829,138,,,,,,,,
,,,,,47385,379.7383,147,,,,,,,,
,,,,,47528,376.5804,143,,,,,,,,
,,,,,47672,375.06314,144,,,,,,,,
,,,,,47802,309.75946,130,,,,,,,,
,,,,,47928,322.05817,126,,,,,,,,
,,,,,48000,,,-209.42822265625,-1.8634446859359741,10.607275009155273,204.96893310546875,204.1702117919922,0.0003,0.0003,0.1
,,,,,48072,376.5355,144,,,,,,,,
,,,,,48209,326.1941,137,,,,,,,,
,,,,,48337,361.30206,128,,,,,,,,
,,,,,48483,368.9785,146,,,,,,,,
,,,,,48617,317.2718,134,,,,,,,,
,,,,,48754,334.31265,137,,,,,,,,
,,,,,48895,377.5422,141,,,,,,,,
,,,,,49000,,,-213.38580322265625,-1.6703970432281494,15.247454643249512,208.0128631591797,208.48941040039062,0.0003,0.0003,0.1
,,,,,49034,325.3517,139,,,,,,,,
,,,,,49175,366.704,141,,,,,,,,
,,,,,49317,380.3788,142,,,,,,,,
,,,,,49464,379.50464,147,,,,,,,,
,,,,,49604,381.4943,140,,,,,,,,
,,,,,49739,368.6125,135,,,,,,,,
,,,,,49875,382.25925,136,,,,,,,,
347.99188,31.638077,385.81058,275.45987,128.7,50000,,,-212.73779296875,-1.5735735893249512,37.331912994384766,208.62771606445312,207.96163940429688,0.0003,0.0003,0.1
,,,,,50012,382.5297,137,,,,,,,,
,,,,,50158,366.40945,146,,,,,,,,
,,,,,50298,365.62466,140,,,,,,,,
,,,,,50437,354.94595,139,,,,,,,,
,,,,,50552,280.9057,115,,,,,,,,
,,,,,50692,391.76407,140,,,,,,,,
,,,,,50830,374.15573,138,,,,,,,,
,,,,,50973,361.60632,143,,,,,,,,
,,,,,51000,,,-211.89999389648438,-2.027923345565796,56.35246276855469,208.78961181640625,207.99261474609375,0.0003,0.0003,0.1
,,,,,51121,365.99066,148,,,,,,,,
,,,,,51260,384.71045,139,,,,,,,,
,,,,,51373,290.46048,113,,,,,,,,
,,,,,51502,341.2677,129,,,,,,,,
,,,,,51602,239.58762,100,,,,,,,,
,,,,,51758,393.66992,156,,,,,,,,
,,,,,51879,248.3748,121,,,,,,,,
,,,,,51987,232.00575,108,,,,,,,,
,,,,,52000,,,-212.57763671875,-1.9336743354797363,10.366737365722656,209.27774047851562,209.8575439453125,0.0003,0.0003,0.1
,,,,,52083,217.1886,96,,,,,,,,
,,,,,52181,220.02206,98,,,,,,,,
,,,,,52333,377.7135,152,,,,,,,,
,,,,,52440,224.86617,107,,,,,,,,
,,,,,52564,325.80612,124,,,,,,,,
,,,,,52677,268.1321,113,,,,,,,,
,,,,,52784,259.33408,107,,,,,,,,
,,,,,52892,234.57393,108,,,,,,,,
,,,,,53000,,,-206.32754516601562,-2.297518730163574,16.21099090576172,200.9589080810547,200.30479431152344,0.0003,0.0003,0.1
,,,,,53028,377.30536,136,,,,,,,,
,,,,,53159,341.93796,131,,,,,,,,
,,,,,53302,328.1597,143,,,,,,,,
,,,,,53403,232.83589,101,,,,,,,,
,,,,,53535,336.67685,132,,,,,,,,
,,,,,53658,303.95294,123,,,,,,,,
,,,,,53811,386.65985,153,,,,,,,,
,,,,,53950,367.4394,139,,,,,,,,
,,,,,54000,,,-207.12338256835938,-2.5636518001556396,14.733332633972168,201.0527801513672,201.59202575683594,0.0003,0.0003,0.1
,,,,,54105,359.70438,155,,,,,,,,
,,,,,54258,358.80817,153,,,,,,,,
,,,,,54384,347.5552,126,,,,,,,,
,,,,,54519,314.49704,135,,,,,,,,
,,,,,54642,333.79028,123,,,,,,,,
,,,,,54773,343.4333,131,,,,,,,,
,,,,,54893,301.25125,120,,,,,,,,
340.52637,33.633366,380.07016,272.26852,137.0,55000,,,-212.7203369140625,-1.9478851556777954,47.42668151855469,208.6544647216797,208.43202209472656,0.0003,0.0003,0.1
,,,,,55031,365.46338,138,,,,,,,,
,,,,,55168,333.14178,137,,,,,,,,
,,,,,55300,315.50995,132,,,,,,,,
,,,,,55438,308.54254,138,,,,,,,,
,,,,,55563,354.82602,125,,,,,,,,
,,,,,55712,389.52176,149,,,,,,,,
,,,,,55852,348.10355,140,,,,,,,,
,,,,,55984,321.9004,132,,,,,,,,
,,,,,56000,,,-212.83810424804688,-1.9019619226455688,12.944358825683594,209.74929809570312,209.5789031982422,0.0003,0.0003,0.1
,,,,,56155,504.7341,171,,,,,,,,
,,,,,56305,424.64224,150,,,,,,,,
,,,,,56466,416.77417,161,,,,,,,,
,,,,,56609,395.71588,143,,,,,,,,
,,,,,56733,321.2972,124,,,,,,,,
,,,,,56884,379.59332,151,,,,,,,,
,,,,,57000,,,-214.96682739257812,-1.9384610652923584,8.409041404724121,212.47080993652344,212.08685302734375,0.0003,0.0003,0.1
,,,,,57019,357.89658,135,,,,,,,,
,,,,,57138,299.49362,119,,,,,,,,
,,,,,57256,298.8891,118,,,,,,,,
,,,,,57397,370.69604,141,,,,,,,,
,,,,,57524,339.47385,127,,,,,,,,
,,,,,57667,364.99338,143,,,,,,,,
,,,,,57821,415.96365,154,,,,,,,,
,,,,,57949,338.22083,128,,,,,,,,
,,,,,58000,,,-217.1079864501953,-1.6917179822921753,17.90070915222168,212.1990203857422,212.4457550048828,0.0003,0.0003,0.1
,,,,,58078,343.71796,129,,,,,,,,
,,,,,58209,328.86368,131,,,,,,,,
,,,,,58347,324.57245,138,,,,,,,,
,,,,,58388,69.279884,41,,,,,,,,
,,,,,58506,271.6732,118,,,,,,,,
,,,,,58639,323.6002,133,,,,,,,,
,,,,,58763,287.63864,124,,,,,,,,
,,,,,58906,399.59818,143,,,,,,,,
,,,,,59000,,,-212.7406005859375,-2.086071252822876,24.599382400512695,208.48895263671875,207.90379333496094,0.0003,0.0003,0.1
,,,,,59033,320.18927,127,,,,,,,,
,,,,,59164,350.58987,131,,,,,,,,
,,,,,59296,344.65176,132,,,,,,,,
,,,,,59426,300.42294,130,,,,,,,,
,,,,,59553,304.6815,127,,,,,,,,
,,,,,59680,317.78162,127,,,,,,,,
,,,,,59813,319.51135,133,,,,,,,,
,,,,,59954,371.17856,141,,,,,,,,
324.1241,29.772469,382.35934,293.16678,127.2,60000,,,-207.15542602539062,-2.0287129878997803,14.179357528686523,203.87387084960938,203.94198608398438,0.0003,0.0003,0.1
,,,,,60078,295.5352,124,,,,,,,,
,,,,,60204,333.9232,126,,,,,,,,
,,,,,60326,317.86942,122,,,,,,,,
,,,,,60430,228.57323,104,,,,,,,,
,,,,,60575,403.91702,145,,,,,,,,
,,,,,60678,230.58778,103,,,,,,,,
,,,,,60793,265.7397,115,,,,,,,,
,,,,,60918,315.00015,125,,,,,,,,
,,,,,61000,,,-219.685546875,-1.7643144130706787,7.3887176513671875,218.06549072265625,218.4738006591797,0.0003,0.0003,0.1
,,,,,61047,349.39865,129,,,,,,,,
,,,,,61173,331.4558,126,,,,,,,,
,,,,,61309,378.29102,136,,,,,,,,
,,,,,61479,404.4694,170,,,,,,,,
,,,,,61634,406.4895,155,,,,,,,,
,,,,,61772,381.33023,138,,,,,,,,
,,,,,61908,382.92,136,,,,,,,,
,,,,,62000,,,-215.3124542236328,-1.9496732950210571,6.226866245269775,212.04730224609375,212.26370239257812,0.0003,0.0003,0.1
,,,,,62058,383.6242,150,,,,,,,,
,,,,,62199,380.86774,141,,,,,,,,
,,,,,62328,284.09763,129,,,,,,,,
,,,,,62487,408.8613,159,,,,,,,,
,,,,,62617,340.04346,130,,,,,,,,
,,,,,62757,405.46268,140,,,,,,,,
,,,,,62917,424.06146,160,,,,,,,,
,,,,,63000,,,-213.39236450195312,-1.662887692451477,6.046157360076904,210.7535400390625,210.65966796875,0.0003,0.0003,0.1
,,,,,63077,427.38815,160,,,,,,,,
,,,,,63195,296.24585,118,,,,,,,,
,,,,,63327,289.84006,132,,,,,,,,
,,,,,63467,410.72797,140,,,,,,,,
,,,,,63618,374.09262,151,,,,,,,,
,,,,,63777,403.6713,159,,,,,,,,
,,,,,63920,414.4965,143,,,,,,,,
,,,,,64000,,,-214.54315185546875,-2.141788959503174,11.407408714294434,211.8406982421875,212.09365844726562,0.0003,0.0003,0.1
,,,,,64054,376.3159,134,,,,,,,,
,,,,,64207,407.622,153,,,,,,,,
,,,,,64369,432.40485,162,,,,,,,,
,,,,,64501,369.23276,132,,,,,,,,
,,,,,64638,396.119,137,,,,,,,,
,,,,,64766,368.71472,128,,,,,,,,
,,,,,64898,371.67017,132,,,,,,,,
,,,,,64993,216.53757,95,,,,,,,,
386.87653,50.27007,466.11707,282.5499,157.0,65000,,,-216.1953125,-2.1906754970550537,22.12876319885254,213.25949096679688,213.6005859375,0.0003,0.0003,0.1
,,,,,65122,355.96167,129,,,,,,,,
,,,,,65261,396.05515,139,,,,,,,,
,,,,,65385,347.5908,124,,,,,,,,
,,,,,65526,370.57056,141,,,,,,,,
,,,,,65654,367.84854,128,,,,,,,,
,,,,,65825,431.3855,171,,,,,,,,
,,,,,65981,370.3873,156,,,,,,,,
,,,,,66000,,,-214.53240966796875,-2.306688070297241,11.191919326782227,210.94532775878906,211.17611694335938,0.0003,0.0003,0.1
,,,,,66134,383.64722,153,,,,,,,,
,,,,,66242,236.147,108,,,,,,,,
,,,,,66370,358.8461,128,,,,,,,,
,,,,,66500,370.64835,130,,,,,,,,
,,,,,66636,373.8911,136,,,,,,,,
,,,,,66777,409.69806,141,,,,,,,,
,,,,,66935,354.54147,158,,,,,,,,
,,,,,67000,,,-213.82733154296875,-2.2498726844787598,20.42391014099121,211.67141723632812,212.00656127929688,0.0003,0.0003,0.1
,,,,,67102,477.60977,167,,,,,,,,
,,,,,67241,390.8128,139,,,,,,,,
,,,,,67391,319.2903,150,,,,,,,,
,,,,,67540,303.04684,149,,,,,,,,
,,,,,67684,419.7874,144,,,,,,,,
,,,,,67841,465.22693,157,,,,,,,,
,,,,,68000,,,-212.49899291992188,-2.170191764831543,18.216676712036133,209.58790588378906,209.0448760986328,0.0003,0.0003,0.1
,,,,,68002,482.52954,161,,,,,,,,
,,,,,68139,392.12222,137,,,,,,,,
,,,,,68293,440.50955,154,,,,,,,,
,,,,,68437,395.84537,144,,,,,,,,
,,,,,68577,396.30914,140,,,,,,,,
,,,,,68725,427.90475,148,,,,,,,,
,,,,,68892,479.06375,167,,,,,,,,
,,,,,69000,,,-220.35098266601562,-2.048891305923462,10.42494010925293,217.71836853027344,217.6156005859375,0.0003,0.0003,0.1
,,,,,69048,435.60263,156,,,,,,,,
,,,,,69176,316.6219,128,,,,,,,,
,,,,,69343,480.05072,167,,,,,,,,
,,,,,69514,479.12866,171,,,,,,,,
,,,,,69662,398.42337,148,,,,,,,,
,,,,,69826,466.6278,164,,,,,,,,
,,,,,69953,299.87622,127,,,,,,,,
453.74976,81.085045,546.8945,303.2514,165.1,70000,,,-224.58291625976562,-2.0481977462768555,20.643064498901367,222.73550415039062,223.3986053466797,0.0003,0.0003,0.1
,,,,,70127,499.56403,174,,,,,,,,
,,,,,70281,391.25952,154,,,,,,,,
,,,,,70413,322.45648,132,,,,,,,,
,,,,,70548,330.2749,135,,,,,,,,
,,,,,70679,310.31406,131,,,,,,,,
,,,,,70798,272.32172,119,,,,,,,,
,,,,,70918,278.16104,120,,,,,,,,
,,,,,71000,,,-222.053955078125,-2.3549790382385254,8.361010551452637,219.83486938476562,219.62838745117188,0.0003,0.0003,0.1
,,,,,71040,288.6437,122,,,,,,,,
,,,,,71176,352.70178,136,,,,,,,,
,,,,,71296,263.6914,120,,,,,,,,
,,,,,71434,394.47116,138,,,,,,,,
,,,,,71580,343.96524,146,,,,,,,,
,,,,,71713,332.08728,133,,,,,,,,
,,,,,71843,315.89755,130,,,,,,,,
,,,,,71973,317.82935,130,,,,,,,,
,,,,,72000,,,-222.60511779785156,-2.3853983879089355,8.28711223602295,218.44866943359375,218.17237854003906,0.0003,0.0003,0.1
,,,,,72128,405.88647,155,,,,,,,,
,,,,,72272,374.74094,144,,,,,,,,
,,,,,72408,315.8293,136,,,,,,,,
,,,,,72536,311.90167,128,,,,,,,,
,,,,,72705,465.54,169,,,,,,,,
,,,,,72868,417.61435,163,,,,,,,,
,,,,,73000,,,-223.05714416503906,-1.9301657676696777,11.230131149291992,218.139892578125,217.9056396484375,0.0003,0.0003,0.1
,,,,,73007,375.61353,139,,,,,,,,
,,,,,73180,493.56824,173,,,,,,,,
,,,,,73366,526.9842,186,,,,,,,,
,,,,,73550,539.8511,184,,,,,,,,
,,,,,73724,476.55624,174,,,,,,,,
,,,,,73916,537.3044,192,,,,,,,,
,,,,,74000,,,-214.443603515625,-2.3641204833984375,28.969242095947266,209.92491149902344,210.09332275390625,0.0003,0.0003,0.1
,,,,,74092,438.90628,176,,,,,,,,
,,,,,74242,365.51,150,,,,,,,,
,,,,,74389,354.66248,147,,,,,,,,
,,,,,74562,446.20404,173,,,,,,,,
,,,,,74716,403.80713,154,,,,,,,,
,,,,,74876,426.2081,160,,,,,,,,
405.9465,35.105938,439.88388,321.90247,157.1,75000,,,-221.98068237304688,-2.1451194286346436,6.707931041717529,219.14617919921875,219.39097595214844,0.0003,0.0003,0.1
,,,,,75039,402.3542,163,,,,,,,,
,,,,,75191,375.21368,152,,,,,,,,
,,,,,75335,340.79196,144,,,,,,,,
,,,,,75482,365.9522,147,,,,,,,,
,,,,,75649,427.61694,167,,,,,,,,
,,,,,75807,431.99417,158,,,,,,,,
,,,,,75948,343.81488,141,,,,,,,,
,,,,,76000,,,-222.24600219726562,-1.8683874607086182,12.238431930541992,218.57485961914062,218.7484588623047,0.0003,0.0003,0.1
,,,,,76118,455.73514,170,,,,,,,,
,,,,,76264,364.6161,146,,,,,,,,
,,,,,76278,15.759553,14,,,,,,,,
,,,,,76416,346.72662,138,,,,,,,,
,,,,,76433,19.821493,17,,,,,,,,
,,,,,76451,21.484718,18,,,,,,,,
,,,,,76468,19.890259,17,,,,,,,,
,,,,,76612,368.28735,144,,,,,,,,
,,,,,76797,500.64825,185,,,,,,,,
,,,,,76812,17.98606,15,,,,,,,,
,,,,,76981,492.69708,169,,,,,,,,
,,,,,77000,,,-226.5684356689453,-1.8494148254394531,7.308410167694092,222.0912322998047,222.51637268066406,0.0003,0.0003,0.1
,,,,,77129,412.19986,148,,,,,,,,
,,,,,77301,456.26303,172,,,,,,,,
,,,,,77450,399.06787,149,,,,,,,,
,,,,,77619,457.06958,169,,,,,,,,
,,,,,77750,300.9764,131,,,,,,,,
,,,,,77933,519.19916,183,,,,,,,,
,,,,,78000,,,-228.10072326660156,-1.7280467748641968,9.426593780517578,226.02308654785156,225.82107543945312,0.0003,0.0003,0.1
,,,,,78129,491.4338,196,,,,,,,,
,,,,,78325,505.13885,196,,,,,,,,
,,,,,78336,10.9105,11,,,,,,,,
,,,,,78475,342.52255,139,,,,,,,,
,,,,,78652,497.54553,177,,,,,,,,
,,,,,78832,496.271,180,,,,,,,,
,,,,,79000,,,-225.1271514892578,-1.9633607864379883,9.967638969421387,220.92031860351562,220.85536193847656,0.0003,0.0003,0.1
,,,,,79008,488.48526,176,,,,,,,,
,,,,,79174,459.55243,166,,,,,,,,
,,,,,79354,476.77036,180,,,,,,,,
,,,,,79498,389.62543,144,,,,,,,,
,,,,,79662,430.4293,164,,,,,,,,
,,,,,79836,490.69284,174,,,,,,,,
,,,,,79992,441.0111,156,,,,,,,,
429.3899,30.498285,473.3974,373.0323,153.3,80000,,,-224.3972930908203,-2.2194015979766846,21.875244140625,220.69717407226562,220.5342254638672,0.0003,0.0003,0.1
,,,,,80132,353.54492,140,,,,,,,,
,,,,,80311,496.0733,179,,,,,,,,
,,,,,80470,465.44507,159,,,,,,,,
,,,,,80611,355.28943,141,,,,,,,,
,,,,,80760,425.82697,149,,,,,,,,
,,,,,80900,351.32523,140,,,,,,,,
,,,,,81000,,,-229.60714721679688,-2.062089443206787,147.39163208007812,225.66128540039062,223.86294555664062,0.0003,0.0003,0.1
,,,,,81047,427.55313,147,,,,,,,,
,,,,,81196,414.29388,149,,,,,,,,
,,,,,81353,463.47708,157,,,,,,,,
,,,,,81500,427.57883,147,,,,,,,,
,,,,,81659,446.09692,159,,,,,,,,
,,,,,81814,460.6776,155,,,,,,,,
,,,,,81980,482.24646,166,,,,,,,,
,,,,,82000,,,-221.40087890625,-1.9910756349563599,13.744296073913574,218.84738159179688,219.33529663085938,0.0003,0.0003,0.1
,,,,,82118,349.60797,138,,,,,,,,
,,,,,82270,415.7726,152,,,,,,,,
,,,,,82430,461.4924,160,,,,,,,,
,,,,,82569,349.78403,139,,,,,,,,
,,,,,82726,416.93774,157,,,,,,,,
,,,,,82880,422.48767,154,,,,,,,,
,,,,,83000,,,-225.42364501953125,-1.6427440643310547,13.18558120727539,221.6986846923828,222.02830505371094,0.0003,0.0003,0.1
,,,,,83043,469.93805,163,,,,,,,,
,,,,,83215,463.1827,172,,,,,,,,
,,,,,83353,340.059,138,,,,,,,,
,,,,,83514,420.21512,161,,,,,,,,
,,,,,83673,435.00095,159,,,,,,,,
,,,,,83818,361.09604,145,,,,,,,,
,,,,,83990,483.46094,172,,,,,,,,
,,,,,84000,,,-230.21023559570312,-2.026109457015991,13.872483253479004,226.25836181640625,226.46229553222656,0.0003,0.0003,0.1
,,,,,84141,397.65305,151,,,,,,,,
,,,,,84285,422.05127,144,,,,,,,,
,,,,,84459,451.90796,174,,,,,,,,
,,,,,84632,426.8729,173,,,,,,,,
,,,,,84787,440.08795,155,,,,,,,,
,,,,,84951,442.1223,164,,,,,,,,
354.19843,158.99449,477.82825,39.472874,145.3,85000,,,-232.1575927734375,-1.984131097793579,15.980588912963867,229.59759521484375,229.45358276367188,0.0003,0.0003,0.1
,,,,,85140,486.52356,189,,,,,,,,
,,,,,85163,24.919407,23,,,,,,,,
,,,,,85191,32.345676,28,,,,,,,,
,,,,,85373,464.66592,182,,,,,,,,
,,,,,85404,36.626762,31,,,,,,,,
,,,,,85567,403.6733,163,,,,,,,,
,,,,,85722,452.51602,155,,,,,,,,
,,,,,85905,452.82788,183,,,,,,,,
,,,,,85940,43.456,35,,,,,,,,
,,,,,85968,32.95971,28,,,,,,,,
,,,,,85993,28.185696,25,,,,,,,,
,,,,,86000,,,-232.60968017578125,-1.7158536911010742,10.735384941101074,228.72523498535156,229.00851440429688,0.0003,0.0003,0.1
,,,,,86022,34.176453,29,,,,,,,,
,,,,,86198,445.3744,176,,,,,,,,
,,,,,86367,391.91455,169,,,,,,,,
,,,,,86528,386.59076,161,,,,,,,,
,,,,,86697,419.73557,169,,,,,,,,
,,,,,86871,447.29205,174,,,,,,,,
,,,,,87000,,,-229.61944580078125,-2.6911585330963135,7.639618873596191,223.35838317871094,223.4064178466797,0.0003,0.0003,0.1
,,,,,87014,323.77753,143,,,,,,,,
,,,,,87226,587.36725,212,,,,,,,,
,,,,,87373,316.11166,147,,,,,,,,
,,,,,87525,334.42627,152,,,,,,,,
,,,,,87701,411.09192,176,,,,,,,,
,,,,,87859,352.89722,158,,,,,,,,
,,,,,88000,,,-229.5690155029297,-1.8475987911224365,7.809157371520996,227.6931610107422,227.1016082763672,0.0003,0.0003,0.1
,,,,,88017,380.9312,158,,,,,,,,
,,,,,88191,424.37338,174,,,,,,,,
,,,,,88355,388.70993,164,,,,,,,,
,,,,,88515,377.9971,160,,,,,,,,
,,,,,88678,379.74896,163,,,,,,,,
,,,,,88849,432.21686,171,,,,,,,,
,,,,,88991,337.55386,142,,,,,,,,
,,,,,89000,,,-237.09765625,-2.2126095294952393,8.460408210754395,234.46026611328125,234.55699157714844,0.0003,0.0003,0.1
,,,,,89168,457.3078,177,,,,,,,,
,,,,,89323,386.28122,155,,,,,,,,
,,,,,89480,396.70035,157,,,,,,,,
,,,,,89631,381.6034,151,,,,,,,,
,,,,,89775,346.44962,144,,,,,,,,
,,,,,89926,382.2592,151,,,,,,,,
431.77686,58.655407,508.981,352.0113,159.8,90000,,,-227.89109802246094,-2.4321253299713135,20.554302215576172,223.68507385253906,223.80276489257812,0.0003,0.0003,0.1
,,,,,90113,545.7384,187,,,,,,,,
,,,,,90270,388.98267,157,,,,,,,,
,,,,,90428,405.13855,158,,,,,,,,
,,,,,90593,396.45096,165,,,,,,,,
,,,,,90775,530.41986,182,,,,,,,,
,,,,,90959,479.6633,184,,,,,,,,
,,,,,91000,,,-227.025390625,-2.2234556674957275,236.77484130859375,224.14346313476562,222.87930297851562,0.0003,0.0003,0.1
,,,,,91147,511.18842,188,,,,,,,,
,,,,,91333,496.34955,186,,,,,,,,
,,,,,91485,349.64655,152,,,,,,,,
,,,,,91632,350.14694,147,,,,,,,,
,,,,,91810,534.0052,178,,,,,,,,
,,,,,91978,433.0163,168,,,,,,,,
,,,,,92000,,,-233.12832641601562,-1.9613274335861206,4.851812839508057,229.78680419921875,230.325927734375,0.0003,0.0003,0.1
,,,,,92145,419.58038,167,,,,,,,,
,,,,,92268,323.48,123,,,,,,,,
,,,,,92419,424.2465,151,,,,,,,,
,,,,,92572,437.58548,153,,,,,,,,
,,,,,92739,465.24698,167,,,,,,,,
,,,,,92911,492.08917,172,,,,,,,,
,,,,,93000,,,-222.02696228027344,-2.0848145484924316,8.32953929901123,220.38186645507812,219.7914581298828,0.0003,0.0003,0.1
,,,,,93088,503.334,177,,,,,,,,
,,,,,93230,360.1186,142,,,,,,,,
,,,,,93389,463.78894,159,,,,,,,,
,,,,,93538,417.6325,149,,,,,,,,
,,,,,93725,553.567,187,,,,,,,,
,,,,,93852,336.53702,127,,,,,,,,
,,,,,94000,,,-234.84762573242188,-2.108182907104492,9.300763130187988,233.47247314453125,234.2904510498047,0.0003,0.0003,0.1
,,,,,94037,548.33374,185,,,,,,,,
,,,,,94215,520.474,178,,,,,,,,
,,,,,94395,521.72723,180,,,,,,,,
,,,,,94583,568.17834,188,,,,,,,,
,,,,,94767,528.169,184,,,,,,,,
,,,,,94955,557.45087,188,,,,,,,,
485.1224,36.955986,522.75867,381.09137,168.0,95000,,,-234.40725708007812,-1.7846264839172363,8.43630599975586,230.72718811035156,230.62225341796875,0.0003,0.0003,0.1
,,,,,95140,544.4113,185,,,,,,,,
,,,,,95314,521.11084,174,,,,,,,,
,,,,,95479,496.55872,165,,,,,,,,
,,,,,95665,553.3687,186,,,,,,,,
,,,,,95852,565.0266,187,,,,,,,,
,,,,,96000,,,-235.68829345703125,-1.9455482959747314,5.6647138595581055,234.40597534179688,234.32562255859375,0.0003,0.0003,0.1
,,,,,96024,522.00726,172,,,,,,,,
,,,,,96198,504.10596,174,,,,,,,,
,,,,,96403,616.1127,205,,,,,,,,
,,,,,96592,529.3019,189,,,,,,,,
,,,,,96787,599.83,195,,,,,,,,
,,,,,96942,447.1881,155,,,,,,,,
,,,,,97000,,,-243.88565063476562,-1.8090336322784424,7.508602142333984,242.03009033203125,242.0758819580078,0.0003,0.0003,0.1
,,,,,97129,501.12314,187,,,,,,,,
,,,,,97319,561.9837,190,,,,,,,,
,,,,,97478,486.23035,159,,,,,,,,
,,,,,97649,513.19714,171,,,,,,,,
,,,,,97846,601.25464,197,,,,,,,,
,,,,,98000,,,-229.4016876220703,-2.0561530590057373,11.449016571044922,225.4459228515625,225.4253387451172,0.0003,0.0003,0.1
,,,,,98011,489.94217,165,,,,,,,,
,,,,,98211,611.1098,200,,,,,,,,
,,,,,98408,599.2826,197,,,,,,,,
,,,,,98580,509.17944,172,,,,,,,,
,,,,,98768,573.65564,188,,,,,,,,
,,,,,98967,590.0406,199,,,,,,,,
,,,,,99000,,,-238.5879364013672,-1.8128628730773926,13.978790283203125,235.37977600097656,235.84063720703125,0.0003,0.0003,0.1
,,,,,99151,565.07526,184,,,,,,,,
,,,,,99332,540.9586,181,,,,,,,,
,,,,,99496,502.59146,164,,,,,,,,
,,,,,99674,508.32642,178,,,,,,,,
,,,,,99866,579.5169,192,,,,,,,,
551.6168,37.339893,601.95575,455.3224,184.3,100000,,,-227.26608276367188,-2.23945689201355,37.09817123413086,223.6728973388672,224.07339477539062,0.0003,0.0003,0.1
,,,,,100028,484.93872,162,,,,,,,,
,,,,,100197,496.89426,169,,,,,,,,
,,,,,100385,575.42175,188,,,,,,,,
,,,,,100560,456.66394,175,,,,,,,,
,,,,,100751,580.86127,191,,,,,,,,
,,,,,100941,584.6473,190,,,,,,,,
,,,,,101000,,,-223.80105590820312,-2.2032432556152344,20.17135238647461,219.13076782226562,218.95654296875,0.0003,0.0003,0.1
,,,,,101132,560.95264,191,,,,,,,,
,,,,,101329,598.96814,197,,,,,,,,
,,,,,101512,547.26,183,,,,,,,,
,,,,,101712,594.13727,200,,,,,,,,
,,,,,101911,586.42236,199,,,,,,,,
,,,,,102000,,,-241.5780029296875,-2.104917526245117,7.436504364013672,237.65931701660156,237.8977813720703,0.0003,0.0003,0.1
,,,,,102114,614.2334,203,,,,,,,,
,,,,,102309,584.1945,195,,,,,,,,
,,,,,102502,572.5705,193,,,,,,,,
,,,,,102696,519.43524,194,,,,,,,,
,,,,,102883,482.3872,187,,,,,,,,
,,,,,103000,,,-233.55885314941406,-2.3968818187713623,71.51653289794922,231.14723205566406,230.99713134765625,0.0003,0.0003,0.1
,,,,,103066,553.2273,183,,,,,,,,
,,,,,103263,591.11273,197,,,,,,,,
,,,,,103460,582.5532,197,,,,,,,,
,,,,,103652,561.8213,192,,,,,,,,
,,,,,103841,554.24396,189,,,,,,,,
,,,,,104000,,,-235.65171813964844,-1.972437858581543,29.69684600830078,231.9920654296875,232.13198852539062,0.0003,0.0003,0.1
,,,,,104041,615.48596,200,,,,,,,,
,,,,,104229,504.173,188,,,,,,,,
,,,,,104435,633.25134,206,,,,,,,,
,,,,,104610,532.576,175,,,,,,,,
,,,,,104803,558.47455,193,,,,,,,,
,,,,,104982,527.098,179,,,,,,,,
501.56317,20.439304,534.0619,463.48514,177.2,105000,,,-234.35057067871094,-2.290444850921631,6.565206050872803,232.7470703125,232.4838104248047,0.0003,0.0003,0.1
,,,,,105178,565.8753,196,,,,,,,,
,,,,,105362,564.31525,184,,,,,,,,
,,,,,105560,515.1701,198,,,,,,,,
,,,,,105730,491.45486,170,,,,,,,,
,,,,,105927,586.0136,197,,,,,,,,
,,,,,106000,,,-233.6118927001953,-2.2663402557373047,5.82927131652832,230.12020874023438,230.16729736328125,0.0003,0.0003,0.1
,,,,,106088,402.27676,161,,,,,,,,
,,,,,106280,584.57947,192,,,,,,,,
,,,,,106439,418.37045,159,,,,,,,,
,,,,,106631,566.7935,192,,,,,,,,
,,,,,106798,449.40262,167,,,,,,,,
,,,,,106984,523.6975,186,,,,,,,,
,,,,,107000,,,-233.4514617919922,-1.9483058452606201,6.715486526489258,231.451171875,231.35406494140625,0.0003,0.0003,0.1
,,,,,107176,527.4464,192,,,,,,,,
,,,,,107370,551.7581,194,,,,,,,,
,,,,,107553,535.4128,183,,,,,,,,
,,,,,107715,474.8949,162,,,,,,,,
,,,,,107912,572.85297,197,,,,,,,,
,,,,,108000,,,-233.17752075195312,-2.2163896560668945,7.752146244049072,230.18280029296875,230.6134490966797,0.0003,0.0003,0.1
,,,,,108088,530.9546,176,,,,,,,,
,,,,,108261,496.13943,173,,,,,,,,
,,,,,108453,578.85596,192,,,,,,,,
,,,,,108621,399.01822,168,,,,,,,,
,,,,,108828,639.1476,207,,,,,,,,
,,,,,108993,508.72507,165,,,,,,,,
,,,,,109000,,,-236.53512573242188,-2.0615835189819336,7.541776657104492,233.89291381835938,233.93045043945312,0.0003,0.0003,0.1
,,,,,109178,564.26874,185,,,,,,,,
,,,,,109359,561.76764,181,,,,,,,,
,,,,,109528,509.5306,169,,,,,,,,
,,,,,109706,546.8163,178,,,,,,,,
,,,,,109890,562.6557,184,,,,,,,,
610.1868,82.29721,851.8601,557.36224,202.2,110000,,,-237.73158264160156,-1.724606990814209,7.982373237609863,236.18008422851562,236.2099609375,0.0003,0.0003,0.1
,,,,,110077,565.46454,187,,,,,,,,
,,,,,110254,545.33484,177,,,,,,,,
,,,,,110431,529.5305,177,,,,,,,,
,,,,,110625,587.4637,194,,,,,,,,
,,,,,110800,532.33734,175,,,,,,,,
,,,,,110988,573.06586,188,,,,,,,,
,,,,,111000,,,-232.8519287109375,-2.431422233581543,20.598358154296875,227.1199951171875,226.9682159423828,0.0003,0.0003,0.1
,,,,,111161,529.6356,173,,,,,,,,
,,,,,111352,599.6557,191,,,,,,,,
,,,,,111524,532.6569,172,,,,,,,,
,,,,,111700,541.6517,176,,,,,,,,
,,,,,111873,534.53595,173,,,,,,,,
,,,,,112000,,,-234.30990600585938,-2.3366565704345703,13.946854591369629,228.91757202148438,228.6727294921875,0.0003,0.0003,0.1
,,,,,112057,559.2953,184,,,,,,,,
,,,,,112251,603.508,194,,,,,,,,
,,,,,112455,627.06647,204,,,,,,,,
,,,,,112661,614.6264,206,,,,,,,,
,,,,,112873,685.9747,212,,,,,,,,
,,,,,113000,,,-236.17782592773438,-2.0282745361328125,8.75821590423584,233.24832153320312,233.2404327392578,0.0003,0.0003,0.1
,,,,,113049,535.76917,176,,,,,,,,
,,,,,113261,685.9224,212,,,,,,,,
,,,,,113455,595.1135,194,,,,,,,,
,,,,,113657,618.2582,202,,,,,,,,
,,,,,113891,704.3742,234,,,,,,,,
,,,,,114000,,,-237.94407653808594,-2.1898107528686523,10.089974403381348,233.55780029296875,232.90496826171875,0.0003,0.0003,0.1
,,,,,114071,549.72076,180,,,,,,,,
,,,,,114292,694.9748,221,,,,,,,,
,,,,,114524,744.0986,232,,,,,,,,
,,,,,114710,572.9777,186,,,,,,,,
,,,,,114936,714.23883,226,,,,,,,,
571.5988,95.74933,648.0539,308.0348,185.5,115000,,,-236.4732666015625,-2.4935903549194336,11.048707962036133,231.96287536621094,231.87762451171875,0.0003,0.0003,0.1
,,,,,115061,322.8433,125,,,,,,,,
,,,,,115282,711.478,221,,,,,,,,
,,,,,115483,638.4326,201,,,,,,,,
,,,,,115774,840.14886,291,,,,,,,,
,,,,,115979,609.3352,205,,,,,,,,
,,,,,116000,,,-235.8099365234375,-2.2088444232940674,13.278231620788574,233.47525024414062,233.9884796142578,0.0003,0.0003,0.1
,,,,,116198,635.9314,219,,,,,,,,
,,,,,116426,752.8718,228,,,,,,,,
,,,,,116668,781.88214,242,,,,,,,,
,,,,,116937,855.0334,269,,,,,,,,
,,,,,117000,,,-237.7183837890625,-1.7616008520126343,6.101871013641357,234.8008575439453,234.58291625976562,0.0003,0.0003,0.1
,,,,,117145,639.2522,208,,,,,,,,
,,,,,117342,617.03357,197,,,,,,,,
,,,,,117579,761.584,237,,,,,,,,
,,,,,117780,567.2108,201,,,,,,,,
,,,,,117940,489.0323,160,,,,,,,,
,,,,,118000,,,-238.8625946044922,-1.6686111688613892,12.171638488769531,237.47467041015625,237.14111328125,0.0003,0.0003,0.1
,,,,,118198,747.7731,258,,,,,,,,
,,,,,118456,816.2477,258,,,,,,,,
,,,,,118647,533.4006,191,,,,,,,,
,,,,,118869,678.2008,222,,,,,,,,
,,,,,119000,,,-240.73794555664062,-2.4479222297668457,13.55609130859375,236.11404418945312,236.43472290039062,0.0003,0.0003,0.1
,,,,,119112,758.95264,243,,,,,,,,
,,,,,119365,757.6183,253,,,,,,,,
,,,,,119570,619.13745,205,,,,,,,,
,,,,,119759,626.1215,189,,,,,,,,
,,,,,119989,662.1794,230,,,,,,,,
689.2167,55.25956,786.4338,605.83704,229.4,120000,,,-237.22421264648438,-1.79188871383667,8.608545303344727,235.6854705810547,235.8865203857422,0.0003,0.0003,0.1
,,,,,120232,780.5436,243,,,,,,,,
,,,,,120466,700.9486,234,,,,,,,,
,,,,,120682,652.2952,216,,,,,,,,
,,,,,120900,634.687,218,,,,,,,,
,,,,,121000,,,-230.28163146972656,-2.243691921234131,8.049290657043457,227.31320190429688,227.39385986328125,0.0003,0.0003,0.1
,,,,,121142,668.89246,242,,,,,,,,
,,,,,121264,296.5492,122,,,,,,,,
,,,,,121513,745.60016,249,,,,,,,,
,,,,,121712,630.6399,199,,,,,,,,
,,,,,121988,822.1631,276,,,,,,,,
,,,,,122000,,,-238.20974731445312,-1.7348525524139404,5.481687545776367,236.51138305664062,236.5923614501953,0.0003,0.0003,0.1
,,,,,122197,646.124,209,,,,,,,,
,,,,,122383,505.56024,186,,,,,,,,
,,,,,122571,521.3997,188,,,,,,,,
,,,,,122785,674.66797,214,,,,,,,,
,,,,,123000,,,-230.12643432617188,-2.2188844680786133,15.37834644317627,227.718505859375,227.64915466308594,0.0003,0.0003,0.1
,,,,,123055,802.6109,270,,,,,,,,
,,,,,123307,779.198,252,,,,,,,,
,,,,,123510,616.43054,203,,,,,,,,
,,,,,123626,265.78635,116,,,,,,,,
,,,,,123838,658.84845,212,,,,,,,,
,,,,,124000,,,-240.3065948486328,-2.298393726348877,50.57802963256836,236.53530883789062,236.16517639160156,0.0003,0.0003,0.1
,,,,,124078,727.3115,240,,,,,,,,
,,,,,124307,716.6226,229,,,,,,,,
,,,,,124520,652.00464,213,,,,,,,,
,,,,,124737,687.4636,217,,,,,,,,
874.4313,272.62207,1365.5303,527.6495,304.5,125000,,,-234.81788635253906,-2.379042625427246,9.399642944335938,231.68045043945312,231.56716918945312,0.0003,0.0003,0.1
,,,,,125004,836.8967,267,,,,,,,,
,,,,,125214,663.6318,210,,,,,,,,
,,,,,125469,749.8703,255,,,,,,,,
,,,,,125717,768.95245,248,,,,,,,,
,,,,,125966,744.59875,249,,,,,,,,
,,,,,126000,,,-246.38662719726562,-1.9433497190475464,7.12973165512085,242.8160400390625,243.72344970703125,0.0003,0.0003,0.1
,,,,,126211,724.60443,245,,,,,,,,
,,,,,126441,661.31165,230,,,,,,,,
,,,,,126692,733.719,251,,,,,,,,
,,,,,126957,852.528,265,,,,,,,,
,,,,,127000,,,-238.8878173828125,-2.2882118225097656,6.802499771118164,237.2722930908203,236.79498291015625,0.0003,0.0003,0.1
,,,,,127149,498.44717,192,,,,,,,,
,,,,,127336,497.82956,187,,,,,,,,
,,,,,127606,795.65094,270,,,,,,,,
,,,,,127882,821.55536,276,,,,,,,,
,,,,,128000,,,-239.89718627929688,-2.1064605712890625,12.529574394226074,237.83729553222656,238.2580108642578,0.0003,0.0003,0.1
,,,,,128099,661.36926,217,,,,,,,,
,,,,,128399,874.56287,300,,,,,,,,
,,,,,128678,782.462,279,,,,,,,,
,,,,,128965,872.3275,287,,,,,,,,
,,,,,129000,,,-244.35263061523438,-2.5967764854431152,11.597087860107422,243.04867553710938,242.0406951904297,0.0003,0.0003,0.1
,,,,,129252,828.12225,287,,,,,,,,
,,,,,129520,830.2277,268,,,,,,,,
,,,,,129760,737.6948,240,,,,,,,,
,,,,,129987,676.5058,227,,,,,,,,
687.6719,219.9481,1039.457,149.89937,240.7,130000,,,-248.96986389160156,-2.1760120391845703,6.968177318572998,245.7411651611328,246.07693481445312,0.0003,0.0003,0.1
,,,,,130176,457.06363,189,,,,,,,,
,,,,,130413,724.9142,237,,,,,,,,
,,,,,130610,541.6103,197,,,,,,,,
,,,,,130646,47.61191,36,,,,,,,,
,,,,,130861,637.7659,215,,,,,,,,
,,,,,131000,,,-245.69027709960938,-2.2614693641662598,15.278074264526367,244.7353973388672,244.2255859375,0.0003,0.0003,0.1
,,,,,131129,827.3484,268,,,,,,,,
,,,,,131387,814.4414,258,,,,,,,,
,,,,,131606,679.51715,219,,,,,,,,
,,,,,131827,695.7986,221,,,,,,,,
,,,,,132000,,,-242.12754821777344,-2.2052977085113525,12.710551261901855,238.8326873779297,238.47698974609375,0.0003,0.0003,0.1
,,,,,132023,594.1693,196,,,,,,,,
,,,,,132304,873.68176,281,,,,,,,,
,,,,,132548,765.8138,244,,,,,,,,
,,,,,132805,804.78766,257,,,,,,,,
,,,,,133000,,,-256.2044677734375,-2.315487861633301,9.58774185180664,254.29934692382812,254.82659912109375,0.0003,0.0003,0.1
,,,,,133017,639.1855,212,,,,,,,,
,,,,,133245,713.995,228,,,,,,,,
,,,,,133442,590.5405,197,,,,,,,,
,,,,,133656,633.5987,214,,,,,,,,
,,,,,133867,675.27563,211,,,,,,,,
,,,,,134000,,,-241.98748779296875,-2.7016868591308594,10.760823249816895,239.63218688964844,240.0888214111328,0.0003,0.0003,0.1
,,,,,134065,609.43274,198,,,,,,,,
,,,,,134319,807.1772,254,,,,,,,,
,,,,,134545,688.68274,226,,,,,,,,
,,,,,134754,630.3694,209,,,,,,,,
,,,,,134985,709.7986,231,,,,,,,,
628.087,42.355473,720.49347,571.852,206.6,135000,,,-242.10975646972656,-2.3652288913726807,9.494996070861816,239.2051544189453,239.57485961914062,0.0003,0.0003,0.1
,,,,,135208,671.57605,223,,,,,,,,
,,,,,135437,698.2539,229,,,,,,,,
,,,,,135665,702.69653,228,,,,,,,,
,,,,,135842,539.2299,177,,,,,,,,
,,,,,136000,,,-246.99960327148438,-2.077491521835327,8.25423812866211,245.3494110107422,245.1863555908203,0.0003,0.0003,0.1
,,,,,136057,666.9767,215,,,,,,,,
,,,,,136257,608.125,200,,,,,,,,
,,,,,136483,697.24915,226,,,,,,,,
,,,,,136751,847.78076,268,,,,,,,,
,,,,,136963,663.6274,212,,,,,,,,
,,,,,137000,,,-243.19918823242188,-2.513810157775879,9.521214485168457,240.14572143554688,239.99261474609375,0.0003,0.0003,0.1
,,,,,137158,584.307,195,,,,,,,,
,,,,,137388,711.4854,230,,,,,,,,
,,,,,137583,596.0855,195,,,,,,,,
,,,,,137821,758.5819,238,,,,,,,,
,,,,,138000,,,-243.0213165283203,-2.312695264816284,9.557472229003906,239.7197723388672,240.5023956298828,0.0003,0.0003,0.1
,,,,,138056,726.6726,235,,,,,,,,
,,,,,138286,714.12244,230,,,,,,,,
,,,,,138476,609.70685,190,,,,,,,,
,,,,,138686,638.91364,210,,,,,,,,
,,,,,138887,578.52124,201,,,,,,,,
,,,,,139000,,,-251.5386962890625,-2.6049067974090576,14.681715965270996,249.29666137695312,249.3723907470703,0.0003,0.0003,0.1
,,,,,139119,708.0293,232,,,,,,,,
,,,,,139314,607.1798,195,,,,,,,,
,,,,,139515,599.53784,201,,,,,,,,
,,,,,139724,649.82794,209,,,,,,,,
,,,,,139935,633.5652,211,,,,,,,,
629.4792,37.087097,690.48016,585.57404,215.4,140000,,,-246.40008544921875,-2.736898422241211,8.537790298461914,244.33026123046875,244.18499755859375,0.0003,0.0003,0.1
,,,,,140143,625.9027,208,,,,,,,,
,,,,,140352,619.4535,209,,,,,,,,
,,,,,140561,606.21326,209,,,,,,,,
,,,,,140712,441.71103,151,,,,,,,,
,,,,,140729,24.223478,17,,,,,,,,
,,,,,140917,592.2267,188,,,,,,,,
,,,,,141000,,,-254.96009826660156,-2.1009135246276855,14.88150405883789,253.17063903808594,252.73947143554688,0.0003,0.0003,0.1
,,,,,141125,653.93146,208,,,,,,,,
,,,,,141350,713.749,225,,,,,,,,
,,,,,141546,575.9093,196,,,,,,,,
,,,,,141738,596.90283,192,,,,,,,,
,,,,,142000,,,-252.7173614501953,-2.266371250152588,12.82619857788086,249.28857421875,249.7167510986328,0.0003,0.0003,0.1
,,,,,142016,745.54175,278,,,,,,,,
,,,,,142208,603.4588,192,,,,,,,,
,,,,,142434,698.1614,226,,,,,,,,
,,,,,142624,602.0835,190,,,,,,,,
,,,,,142822,623.2753,198,,,,,,,,
,,,,,143000,,,-245.69247436523438,-2.614565372467041,13.150851249694824,244.11634826660156,243.7506103515625,0.0003,0.0003,0.1
,,,,,143042,685.1025,220,,,,,,,,
,,,,,143257,676.9937,215,,,,,,,,
,,,,,143457,615.5914,200,,,,,,,,
,,,,,143675,681.88745,218,,,,,,,,
,,,,,143868,568.5178,193,,,,,,,,
,,,,,144000,,,-255.6324005126953,-1.8565729856491089,4.348681926727295,253.08355712890625,252.9821319580078,0.0003,0.0003,0.1
,,,,,144055,565.15326,187,,,,,,,,
,,,,,144263,650.94604,208,,,,,,,,
,,,,,144480,677.8943,217,,,,,,,,
,,,,,144693,674.7037,213,,,,,,,,
,,,,,144878,586.1443,185,,,,,,,,
638.4692,27.073427,694.2523,582.63416,202.3,145000,,,-253.07180786132812,-2.2510108947753906,9.974695205688477,249.8260498046875,250.29525756835938,0.0003,0.0003,0.1
,,,,,145118,819.2115,240,,,,,,,,
,,,,,145334,683.4654,216,,,,,,,,
,,,,,145531,607.8662,197,,,,,,,,
,,,,,145742,665.4534,211,,,,,,,,
,,,,,145971,754.3682,229,,,,,,,,
,,,,,146000,,,-246.786376953125,-2.468782663345337,13.556347846984863,242.99261474609375,243.5552520751953,0.0003,0.0003,0.1
,,,,,146159,613.55005,188,,,,,,,,
,,,,,146354,648.7102,195,,,,,,,,
,,,,,146561,675.60394,207,,,,,,,,
,,,,,146790,755.84827,229,,,,,,,,
,,,,,146981,599.1398,191,,,,,,,,
,,,,,147000,,,-252.74949645996094,-2.373424530029297,8.96020793914795,249.4591064453125,249.37904357910156,0.0003,0.0003,0.1
,,,,,147183,667.7734,202,,,,,,,,
,,,,,147388,645.89465,205,,,,,,,,
,,,,,147578,621.3593,190,,,,,,,,
,,,,,147788,658.2096,210,,,,,,,,
,,,,,147972,613.9783,184,,,,,,,,
,,,,,148000,,,-256.44091796875,-2.0163445472717285,5.796554088592529,254.8879852294922,255.1585693359375,0.0003,0.0003,0.1
,,,,,148175,627.64624,203,,,,,,,,
,,,,,148376,608.59375,201,,,,,,,,
,,,,,148598,707.64795,222,,,,,,,,
,,,,,148819,689.9209,221,,,,,,,,
,,,,,149000,,,-250.71922302246094,-2.483332872390747,5.778155326843262,248.82994079589844,248.68994140625,0.0003,0.0003,0.1
,,,,,149026,633.19434,207,,,,,,,,
,,,,,149253,746.2873,227,,,,,,,,
,,,,,149454,597.1164,201,,,,,,,,
,,,,,149707,852.89154,253,,,,,,,,
,,,,,149917,648.6607,210,,,,,,,,
618.21173,27.927622,662.1001,569.35333,203.8,150000,,,-252.07049560546875,-2.25034761428833,6.9575676918029785,249.71449279785156,249.9813232421875,0.0003,0.0003,0.1
,,,,,150114,594.5932,197,,,,,,,,
,,,,,150322,651.32764,208,,,,,,,,
,,,,,150504,559.6989,182,,,,,,,,
,,,,,150713,664.2824,209,,,,,,,,
,,,,,150912,631.92053,199,,,,,,,,
,,,,,151000,,,-253.52500915527344,-2.601039171218872,15.828987121582031,251.28793334960938,251.46206665039062,0.0003,0.0003,0.1
,,,,,151111,623.6606,199,,,,,,,,
,,,,,151329,692.0926,218,,,,,,,,
,,,,,151544,688.5225,215,,,,,,,,
,,,,,151744,609.9606,200,,,,,,,,
,,,,,151958,656.9619,214,,,,,,,,
,,,,,152000,,,-250.775390625,-1.950302004814148,60.37300109863281,248.44528198242188,248.88150024414062,0.0003,0.0003,0.1
,,,,,152173,670.59094,215,,,,,,,,
,,,,,152385,643.7837,212,,,,,,,,
,,,,,152599,653.83527,214,,,,,,,,
,,,,,152820,677.2455,221,,,,,,,,
,,,,,153000,,,-250.7578125,-2.0819220542907715,20.626794815063477,247.90338134765625,247.49786376953125,0.0003,0.0003,0.1
,,,,,153023,601.69543,203,,,,,,,,
,,,,,153240,695.15906,217,,,,,,,,
,,,,,153455,697.32214,215,,,,,,,,
,,,,,153659,631.7413,204,,,,,,,,
,,,,,153874,674.0208,215,,,,,,,,
,,,,,153906,47.663567,32,,,,,,,,
,,,,,154000,,,-256.5404968261719,-2.1661009788513184,9.289069175720215,254.260986328125,254.4901123046875,0.0003,0.0003,0.1
,,,,,154117,650.32697,211,,,,,,,,
,,,,,154331,651.19543,214,,,,,,,,
,,,,,154581,805.34186,250,,,,,,,,
,,,,,154789,629.1861,208,,,,,,,,
,,,,,154998,665.35034,209,,,,,,,,
662.13654,23.38131,692.4165,627.23364,208.6,155000,,,-259.7590026855469,-2.3415136337280273,8.805170059204102,257.59918212890625,257.9227294921875,0.0003,0.0003,0.1
,,,,,155211,619.13116,213,,,,,,,,
,,,,,155410,609.3912,199,,,,,,,,
,,,,,155606,651.04,196,,,,,,,,
,,,,,155818,629.12317,212,,,,,,,,
,,,,,156000,,,-258.30194091796875,-1.9899643659591675,6.469099044799805,255.43533325195312,255.32249450683594,0.0003,0.0003,0.1
,,,,,156024,643.34265,206,,,,,,,,
,,,,,156212,663.97095,188,,,,,,,,
,,,,,156440,718.43774,228,,,,,,,,
,,,,,156643,662.4654,203,,,,,,,,
,,,,,156878,754.3244,235,,,,,,,,
,,,,,157000,,,-259.46697998046875,-1.9799747467041016,7.017159461975098,258.01031494140625,258.37591552734375,0.0003,0.0003,0.1
,,,,,157088,661.16473,210,,,,,,,,
,,,,,157292,632.9234,204,,,,,,,,
,,,,,157496,653.76807,204,,,,,,,,
,,,,,157710,648.6903,214,,,,,,,,
,,,,,157913,635.6828,203,,,,,,,,
,,,,,158000,,,-266.9285583496094,-2.0790135860443115,6.2334442138671875,261.4140319824219,261.26104736328125,0.0003,0.0003,0.1
,,,,,158125,647.1118,212,,,,,,,,
,,,,,158334,675.02783,209,,,,,,,,
,,,,,158562,710.94574,228,,,,,,,,
,,,,,158602,68.72228,40,,,,,,,,
,,,,,158877,890.1185,275,,,,,,,,
,,,,,159000,,,-266.4220275878906,-2.2711997032165527,24.855649948120117,264.08868408203125,263.74627685546875,0.0003,0.0003,0.1
,,,,,159103,743.30396,226,,,,,,,,
,,,,,159316,648.85925,213,,,,,,,,
,,,,,159541,710.05054,225,,,,,,,,
,,,,,159745,614.76904,204,,,,,,,,
,,,,,159965,706.344,220,,,,,,,,
682.0021,257.4017,1155.7102,74.535286,216.9,160000,,,-262.7272033691406,-2.152137041091919,11.189531326293945,260.63433837890625,260.97137451171875,0.0003,0.0003,0.1
,,,,,160166,659.79596,201,,,,,,,,
,,,,,160382,684.0875,216,,,,,,,,
,,,,,160581,586.23956,199,,,,,,,,
,,,,,160795,690.46875,214,,,,,,,,
,,,,,160981,640.101,186,,,,,,,,
,,,,,161000,,,-256.8291015625,-2.550434112548828,7.183099269866943,254.96502685546875,254.643310546875,0.0003,0.0003,0.1
,,,,,161162,575.3008,181,,,,,,,,
,,,,,161360,624.04645,198,,,,,,,,
,,,,,161532,543.64453,172,,,,,,,,
,,,,,161721,614.236,189,,,,,,,,
,,,,,161889,530.9845,168,,,,,,,,
,,,,,162000,,,-260.83294677734375,-2.4287900924682617,8.979955673217773,259.36529541015625,259.07275390625,0.0003,0.0003,0.1
,,,,,162062,547.29297,173,,,,,,,,
,,,,,162295,734.2328,233,,,,,,,,
,,,,,162502,642.93665,207,,,,,,,,
,,,,,162673,559.6829,171,,,,,,,,
,,,,,162890,690.4398,217,,,,,,,,
,,,,,163000,,,-256.92132568359375,-2.0800628662109375,6.617362022399902,254.93435668945312,254.21548461914062,0.0003,0.0003,0.1
,,,,,163095,659.1988,205,,,,,,,,
,,,,,163266,523.06,171,,,,,,,,
,,,,,163435,552.47925,169,,,,,,,,
,,,,,163651,697.6438,216,,,,,,,,
,,,,,163874,722.95447,223,,,,,,,,
,,,,,164000,,,-259.6681823730469,-2.2084314823150635,19.24125099182129,257.62188720703125,256.5211486816406,0.0003,0.0003,0.1
,,,,,164091,737.3953,217,,,,,,,,
,,,,,164316,718.744,225,,,,,,,,
,,,,,164520,664.2222,204,,,,,,,,
,,,,,164720,630.90106,200,,,,,,,,
,,,,,164905,654.1466,185,,,,,,,,
679.8654,30.326275,717.6324,633.61993,201.2,165000,,,-259.1641845703125,-2.485795021057129,278.6522216796875,257.3768615722656,256.75164794921875,0.0003,0.0003,0.1
,,,,,165121,674.72943,216,,,,,,,,
,,,,,165338,679.4236,217,,,,,,,,
,,,,,165516,603.70514,178,,,,,,,,
,,,,,165692,571.8205,176,,,,,,,,
,,,,,165911,693.21893,219,,,,,,,,
,,,,,166000,,,-257.15936279296875,-2.3614559173583984,8.959821701049805,254.3958282470703,254.72647094726562,0.0003,0.0003,0.1
,,,,,166142,783.63824,231,,,,,,,,
,,,,,166343,691.60455,201,,,,,,,,
,,,,,166520,579.6212,177,,,,,,,,
,,,,,166750,723.88763,230,,,,,,,,
,,,,,166982,757.85004,232,,,,,,,,
,,,,,167000,,,-271.3300476074219,-2.193333864212036,21.54753303527832,268.087158203125,267.6907958984375,0.0003,0.0003,0.1
,,,,,167216,770.5175,234,,,,,,,,
,,,,,167382,547.19006,166,,,,,,,,
,,,,,167582,735.7293,200,,,,,,,,
,,,,,167835,889.71484,253,,,,,,,,
,,,,,168000,,,-262.81964111328125,-2.0848727226257324,7.062057971954346,259.1835632324219,259.4901123046875,0.0003,0.0003,0.1
,,,,,168049,776.9755,214,,,,,,,,
,,,,,168264,733.1952,215,,,,,,,,
,,,,,168464,713.0136,200,,,,,,,,
,,,,,168679,671.0381,215,,,,,,,,
,,,,,168873,679.6379,194,,,,,,,,
,,,,,168906,43.7328,33,,,,,,,,
,,,,,169000,,,-260.0838928222656,-1.7794950008392334,5.469909191131592,258.27044677734375,258.1559753417969,0.0003,0.0003,0.1
,,,,,169146,758.7305,240,,,,,,,,
,,,,,169359,707.2627,213,,,,,,,,
,,,,,169618,938.90656,259,,,,,,,,
,,,,,169861,795.7274,243,,,,,,,,
783.7446,135.44707,1129.8278,660.69415,231.1,170000,,,-260.9024658203125,-2.2152974605560303,6.672294616699219,257.9587707519531,257.7322998046875,0.0003,0.0003,0.1
,,,,,170093,747.4917,232,,,,,,,,
,,,,,170317,745.5381,224,,,,,,,,
,,,,,170554,809.2438,237,,,,,,,,
,,,,,170743,644.1705,189,,,,,,,,
,,,,,170940,724.3269,197,,,,,,,,
,,,,,171000,,,-256.6358337402344,-2.4786412715911865,12.232563018798828,254.42059326171875,253.75332641601562,0.0003,0.0003,0.1
,,,,,171144,707.3477,204,,,,,,,,
,,,,,171359,748.3352,215,,,,,,,,
,,,,,171543,581.3736,184,,,,,,,,
,,,,,171743,742.7721,200,,,,,,,,
,,,,,172000,,,-255.1099853515625,-2.3358240127563477,43.81300354003906,252.41586303710938,251.4063262939453,0.0003,0.0003,0.1
,,,,,172017,945.1398,274,,,,,,,,
,,,,,172254,788.1569,237,,,,,,,,
,,,,,172465,714.5156,211,,,,,,,,
,,,,,172669,722.0264,204,,,,,,,,
,,,,,172873,703.4855,204,,,,,,,,
,,,,,173000,,,-260.1270751953125,-2.3822312355041504,9.666380882263184,257.0262145996094,256.64532470703125,0.0003,0.0003,0.1
,,,,,173066,689.6704,193,,,,,,,,
,,,,,173338,932.22156,272,,,,,,,,
,,,,,173582,824.1396,244,,,,,,,,
,,,,,173776,618.7353,194,,,,,,,,
,,,,,173954,619.9635,178,,,,,,,,
,,,,,174000,,,-264.2908935546875,-2.1660218238830566,8.30825138092041,262.643310546875,262.30078125,0.0003,0.0003,0.1
,,,,,174144,674.5922,190,,,,,,,,
,,,,,174332,625.83777,188,,,,,,,,
,,,,,174561,784.99274,229,,,,,,,,
,,,,,174803,827.2473,242,,,,,,,,
661.3905,55.343906,730.6078,558.1321,197.5,175000,,,-258.7642517089844,-2.5570387840270996,6.192451000213623,255.75872802734375,256.0151062011719,0.0003,0.0003,0.1
,,,,,175030,765.6389,227,,,,,,,,
,,,,,175231,707.8986,201,,,,,,,,
,,,,,175376,406.59564,145,,,,,,,,
,,,,,175591,698.482,215,,,,,,,,
,,,,,175857,929.34784,266,,,,,,,,
,,,,,176000,,,-256.7316589355469,-2.1870064735412598,9.293703079223633,255.150390625,254.5339813232422,0.0003,0.0003,0.1
,,,,,176054,697.3038,197,,,,,,,,
,,,,,176277,744.1377,223,,,,,,,,
,,,,,176487,730.8973,210,,,,,,,,
,,,,,176698,686.92584,211,,,,,,,,
,,,,,176888,606.5062,190,,,,,,,,
,,,,,176919,51.5197,31,,,,,,,,
,,,,,176946,45.622284,27,,,,,,,,
,,,,,177000,,,-254.5807647705078,-2.430173873901367,7.594289779663086,251.87063598632812,252.18161010742188,0.0003,0.0003,0.1
,,,,,177142,649.8493,196,,,,,,,,
,,,,,177364,720.14886,222,,,,,,,,
,,,,,177572,728.25757,208,,,,,,,,
,,,,,177776,701.1983,204,,,,,,,,
,,,,,177991,699.79376,215,,,,,,,,
,,,,,178000,,,-258.04254150390625,-2.5201644897460938,7.172291278839111,254.20657348632812,254.52029418945312,0.0003,0.0003,0.1
,,,,,178226,790.57477,235,,,,,,,,
,,,,,178439,737.21704,213,,,,,,,,
,,,,,178657,702.3614,218,,,,,,,,
,,,,,178868,704.44415,211,,,,,,,,
,,,,,179000,,,-258.2850036621094,-2.119800329208374,6.570522308349609,256.9324951171875,256.7565002441406,0.0003,0.0003,0.1
,,,,,179067,606.64606,199,,,,,,,,
,,,,,179283,663.85187,216,,,,,,,,
,,,,,179487,748.5599,204,,,,,,,,
,,,,,179702,743.22797,215,,,,,,,,
,,,,,179915,711.94434,213,,,,,,,,
675.43195,116.11695,763.8282,340.34845,208.3,180000,,,-263.07452392578125,-2.601226568222046,7.285310745239258,261.5986022949219,261.39996337890625,0.0003,0.0003,0.1
,,,,,180117,685.687,202,,,,,,,,
,,,,,180340,722.858,223,,,,,,,,
,,,,,180549,684.6658,209,,,,,,,,
,,,,,180792,806.3809,243,,,,,,,,
,,,,,181000,,,-263.693359375,-2.1302759647369385,6.752026081085205,260.9903564453125,260.6762390136719,0.0003,0.0003,0.1
,,,,,181003,672.527,211,,,,,,,,
,,,,,181226,696.60767,223,,,,,,,,
,,,,,181257,50.916805,31,,,,,,,,
,,,,,181484,749.6489,227,,,,,,,,
,,,,,181711,760.6729,227,,,,,,,,
,,,,,181964,866.5463,253,,,,,,,,
,,,,,182000,,,-262.51861572265625,-2.581969738006592,23.831436157226562,259.03057861328125,259.52374267578125,0.0003,0.0003,0.1
,,,,,182181,724.0462,217,,,,,,,,
,,,,,182430,827.99054,249,,,,,,,,
,,,,,182499,131.93555,69,,,,,,,,
,,,,,182715,697.56085,216,,,,,,,,
,,,,,182931,778.4278,216,,,,,,,,
,,,,,183000,,,-261.3360900878906,-1.9658470153808594,11.603473663330078,259.45172119140625,259.7671813964844,0.0003,0.0003,0.1
,,,,,183143,684.3692,212,,,,,,,,
,,,,,183335,674.8721,192,,,,,,,,
,,,,,183552,728.75903,217,,,,,,,,
,,,,,183832,798.4698,280,,,,,,,,
,,,,,184000,,,-260.8909912109375,-2.371919870376587,26.690759658813477,258.2596435546875,259.0173645019531,0.0003,0.0003,0.1
,,,,,184048,744.74036,216,,,,,,,,
,,,,,184270,703.9888,222,,,,,,,,
,,,,,184480,643.81915,210,,,,,,,,
,,,,,184702,741.6371,222,,,,,,,,
,,,,,184951,837.48975,249,,,,,,,,
670.33466,124.99625,738.9723,304.39655,209.1,185000,,,-267.3426513671875,-2.002763271331787,34.89807891845703,265.8928527832031,265.38336181640625,0.0003,0.0003,0.1
,,,,,185219,881.73676,268,,,,,,,,
,,,,,185444,745.0397,225,,,,,,,,
,,,,,185693,865.00653,249,,,,,,,,
,,,,,185932,786.0723,239,,,,,,,,
,,,,,186000,,,-264.69842529296875,-2.109567642211914,17.448680877685547,261.7882385253906,261.9256591796875,0.0003,0.0003,0.1
,,,,,186185,890.17706,253,,,,,,,,
,,,,,186401,717.2494,216,,,,,,,,
,,,,,186632,775.6572,231,,,,,,,,
,,,,,186859,735.06287,227,,,,,,,,
,,,,,187000,,,-263.62884521484375,-2.1109588146209717,11.587395668029785,261.4227294921875,261.5719299316406,0.0003,0.0003,0.1
,,,,,187160,928.66296,301,,,,,,,,
,,,,,187387,755.58673,227,,,,,,,,
,,,,,187629,817.6349,242,,,,,,,,
,,,,,187849,686.39923,220,,,,,,,,
,,,,,188000,,,-264.0393371582031,-2.224923610687256,9.082345008850098,261.61065673828125,261.5078125,0.0003,0.0003,0.1
,,,,,188087,802.1479,238,,,,,,,,
,,,,,188302,743.65424,215,,,,,,,,
,,,,,188552,816.5834,250,,,,,,,,
,,,,,188786,787.8567,234,,,,,,,,
,,,,,189000,,,-256.62506103515625,-2.0866012573242188,13.532310485839844,254.81124877929688,255.5261993408203,0.0003,0.0003,0.1
,,,,,189005,693.16437,219,,,,,,,,
,,,,,189223,732.21405,218,,,,,,,,
,,,,,189418,589.73425,195,,,,,,,,
,,,,,189625,679.99097,207,,,,,,,,
,,,,,189845,738.5779,220,,,,,,,,
635.1417,50.17526,746.5735,590.1625,201.2,190000,,,-260.80462646484375,-2.3696908950805664,15.107234001159668,258.08331298828125,258.94287109375,0.0003,0.0003,0.1
,,,,,190060,743.15155,215,,,,,,,,
,,,,,190279,719.4288,219,,,,,,,,
,,,,,190474,643.66974,195,,,,,,,,
,,,,,190689,699.7271,215,,,,,,,,
,,,,,190914,736.3478,225,,,,,,,,
,,,,,191000,,,-263.66796875,-2.199587821960449,5.3110198974609375,261.6748046875,262.2127990722656,0.0003,0.0003,0.1
,,,,,191110,592.0889,196,,,,,,,,
,,,,,191341,744.9433,231,,,,,,,,
,,,,,191571,774.2019,230,,,,,,,,
,,,,,191785,695.04755,214,,,,,,,,
,,,,,192000,,,-271.128662109375,-1.9343572854995728,85.23945617675781,268.3292236328125,269.1217041015625,0.0003,0.0003,0.1
,,,,,192016,771.3465,231,,,,,,,,
,,,,,192222,714.2036,206,,,,,,,,
,,,,,192441,703.5661,219,,,,,,,,
,,,,,192667,744.9635,226,,,,,,,,
,,,,,192869,653.52655,202,,,,,,,,
,,,,,193000,,,-262.98590087890625,-2.260183811187744,7.784071922302246,260.9847717285156,261.0892333984375,0.0003,0.0003,0.1
,,,,,193091,717.2462,222,,,,,,,,
,,,,,193101,9.771195,10,,,,,,,,
,,,,,193353,856.094,252,,,,,,,,
,,,,,193560,718.29645,207,,,,,,,,
,,,,,193571,11.09916,11,,,,,,,,
,,,,,193789,726.49817,218,,,,,,,,
,,,,,194000,,,-268.8681640625,-2.1364176273345947,10.877666473388672,266.9675598144531,267.1016845703125,0.0003,0.0003,0.1
,,,,,194006,694.32153,217,,,,,,,,
,,,,,194017,12.114017,11,,,,,,,,
,,,,,194227,686.7225,210,,,,,,,,
,,,,,194438,690.5814,211,,,,,,,,
,,,,,194644,631.8637,206,,,,,,,,
,,,,,194869,732.81055,225,,,,,,,,
594.4869,189.50351,762.39075,53.278656,184.3,195000,,,-267.5465393066406,-2.097210168838501,24.921524047851562,264.4207763671875,264.19232177734375,0.0003,0.0003,0.1
,,,,,195070,621.21735,201,,,,,,,,
,,,,,195292,737.5134,222,,,,,,,,
,,,,,195476,645.08594,184,,,,,,,,
,,,,,195683,741.71564,207,,,,,,,,
,,,,,195928,819.9489,245,,,,,,,,
,,,,,196000,,,-258.17681884765625,-2.571045398712158,9.99193000793457,256.478759765625,257.1302795410156,0.0003,0.0003,0.1
,,,,,196153,715.7701,225,,,,,,,,
,,,,,196353,612.2359,200,,,,,,,,
,,,,,196688,1103.9347,335,,,,,,,,
,,,,,196874,541.1511,186,,,,,,,,
,,,,,197000,,,-265.7464599609375,-2.3110086917877197,9.622884750366211,263.0273742675781,263.34210205078125,0.0003,0.0003,0.1
,,,,,197095,700.0177,221,,,,,,,,
,,,,,197303,698.2145,208,,,,,,,,
,,,,,197512,637.3883,209,,,,,,,,
,,,,,197790,952.479,278,,,,,,,,
,,,,,198000,,,-260.07672119140625,-1.9303985834121704,8.788588523864746,256.7667236328125,256.760009765625,0.0003,0.0003,0.1
,,,,,198036,815.3096,246,,,,,,,,
,,,,,198248,665.0083,212,,,,,,,,
,,,,,198430,605.5772,182,,,,,,,,
,,,,,198630,616.05316,200,,,,,,,,
,,,,,198827,604.2436,197,,,,,,,,
,,,,,198997,516.5678,170,,,,,,,,
,,,,,199000,,,-255.492919921875,-2.5083422660827637,22.439645767211914,253.07464599609375,254.30352783203125,0.0003,0.0003,0.1
,,,,,199184,656.01434,187,,,,,,,,
,,,,,199397,673.62213,213,,,,,,,,
,,,,,199611,759.68066,214,,,,,,,,
,,,,,199861,814.34674,250,,,,,,,,
658.9972,74.459465,855.0724,575.5471,210.9,200000,,,-260.1224670410156,-2.3890771865844727,9.737812995910645,258.65972900390625,258.06402587890625,0.0003,0.0003,0.1
,,,,,200058,594.4692,197,,,,,,,,
,,,,,200322,858.9421,264,,,,,,,,
,,,,,200530,607.1365,208,,,,,,,,
,,,,,200731,734.6315,201,,,,,,,,
,,,,,200933,735.10156,202,,,,,,,,
,,,,,201000,,,-273.8552551269531,-2.2120392322540283,4.953671455383301,271.894775390625,271.87078857421875,0.0003,0.0003,0.1
,,,,,201145,703.9909,212,,,,,,,,
,,,,,201267,309.2671,122,,,,,,,,
,,,,,201486,704.28467,219,,,,,,,,
,,,,,201692,694.2176,206,,,,,,,,
,,,,,201942,852.2767,250,,,,,,,,
,,,,,202000,,,-263.374267578125,-2.5079097747802734,7.579045295715332,258.6246643066406,258.4028015136719,0.0003,0.0003,0.1
,,,,,202154,705.774,212,,,,,,,,
,,,,,202362,695.9885,208,,,,,,,,
,,,,,202587,733.4499,225,,,,,,,,
,,,,,202786,592.3651,199,,,,,,,,
,,,,,203000,,,-271.4105224609375,-2.261815309524536,11.150053024291992,268.2099304199219,268.5180969238281,0.0003,0.0003,0.1
,,,,,203012,683.8832,226,,,,,,,,
,,,,,203266,847.8343,254,,,,,,,,
,,,,,203465,610.4351,199,,,,,,,,
,,,,,203693,723.33093,228,,,,,,,,
,,,,,203969,836.8302,276,,,,,,,,
,,,,,204000,,,-263.9069519042969,-2.116931438446045,11.232124328613281,262.2916259765625,261.503662109375,0.0003,0.0003,0.1
,,,,,204171,615.97266,202,,,,,,,,
,,,,,204414,817.89795,243,,,,,,,,
,,,,,204622,651.983,208,,,,,,,,
,,,,,204905,911.53705,283,,,,,,,,
690.10846,32.027454,726.2907,613.5471,210.5,205000,,,-262.63330078125,-2.3654074668884277,9.42624282836914,260.9258728027344,260.7745056152344,0.0003,0.0003,0.1
,,,,,205123,730.9765,218,,,,,,,,
,,,,,205319,611.6156,196,,,,,,,,
,,,,,205529,705.5226,210,,,,,,,,
,,,,,205735,620.64764,206,,,,,,,,
,,,,,205948,690.23376,213,,,,,,,,
,,,,,206000,,,-267.7447204589844,-1.9631332159042358,21.462684631347656,266.1376953125,266.1429138183594,0.0003,0.0003,0.1
,,,,,206133,556.6079,185,,,,,,,,
,,,,,206347,678.8422,214,,,,,,,,
,,,,,206552,637.3894,205,,,,,,,,
,,,,,206772,699.6691,220,,,,,,,,
,,,,,206985,679.10443,213,,,,,,,,
,,,,,207000,,,-257.4585876464844,-1.9460046291351318,8.240874290466309,255.66490173339844,255.9398193359375,0.0003,0.0003,0.1
,,,,,207202,670.20624,217,,,,,,,,
,,,,,207399,658.4671,197,,,,,,,,
,,,,,207592,580.43634,193,,,,,,,,
,,,,,207808,685.6952,216,,,,,,,,
,,,,,208000,,,-267.4532470703125,-1.9653058052062988,5.688858509063721,264.6941833496094,265.22503662109375,0.0003,0.0003,0.1
,,,,,208019,676.79297,211,,,,,,,,
,,,,,208229,644.8705,210,,,,,,,,
,,,,,208428,618.1237,199,,,,,,,,
,,,,,208654,717.84973,226,,,,,,,,
,,,,,208867,689.92206,213,,,,,,,,
,,,,,209000,,,-260.9411315917969,-2.2565500736236572,7.8155012130737305,257.99139404296875,257.99078369140625,0.0003,0.0003,0.1
,,,,,209091,720.2897,224,,,,,,,,
,,,,,209304,662.29156,213,,,,,,,,
,,,,,209515,666.56366,211,,,,,,,,
,,,,,209661,384.1762,146,,,,,,,,
,,,,,209868,653.3485,207,,,,,,,,
742.4039,100.51802,908.4513,609.32214,232.5,210000,,,-255.82888793945312,-2.592151165008545,11.313356399536133,253.39541625976562,253.50942993164062,0.0003,0.0003,0.1
,,,,,210119,843.41876,251,,,,,,,,
,,,,,210348,719.9703,229,,,,,,,,
,,,,,210571,715.447,223,,,,,,,,
,,,,,210780,658.33887,209,,,,,,,,
,,,,,210995,697.3532,215,,,,,,,,
,,,,,211000,,,-267.9311828613281,-1.5824425220489502,6.408419609069824,265.7666320800781,265.397705078125,0.0003,0.0003,0.1
,,,,,211214,689.9088,219,,,,,,,,
,,,,,211433,719.374,219,,,,,,,,
,,,,,211588,433.03046,155,,,,,,,,
,,,,,211801,645.4008,213,,,,,,,,
,,,,,212000,,,-261.79949951171875,-2.3161168098449707,6.702593803405762,259.9098815917969,259.841796875,0.0003,0.0003,0.1
,,,,,212014,683.905,213,,,,,,,,
,,,,,212225,657.1803,211,,,,,,,,
,,,,,212258,56.788563,33,,,,,,,,
,,,,,212482,733.8096,224,,,,,,,,
,,,,,212519,64.24758,37,,,,,,,,
,,,,,212734,680.1088,215,,,,,,,,
,,,,,212902,479.58215,168,,,,,,,,
,,,,,213000,,,-260.16632080078125,-2.1445014476776123,15.90011978149414,257.51727294921875,257.32611083984375,0.0003,0.0003,0.1
,,,,,213110,676.0301,208,,,,,,,,
,,,,,213325,688.7293,215,,,,,,,,
,,,,,213536,675.1468,211,,,,,,,,
,,,,,213758,702.144,222,,,,,,,,
,,,,,213966,661.00397,208,,,,,,,,
,,,,,214000,,,-272.68218994140625,-1.8110826015472412,4.574901580810547,270.7460021972656,270.6044616699219,0.0003,0.0003,0.1
,,,,,214182,681.4779,216,,,,,,,,
,,,,,214388,618.16376,206,,,,,,,,
,,,,,214538,403.08206,150,,,,,,,,
,,,,,214741,635.5759,203,,,,,,,,
,,,,,214951,655.02924,210,,,,,,,,
,,,,,214973,38.169903,22,,,,,,,,
214.96936,258.2378,671.66833,41.926994,78.7,215000,,,-263.0949401855469,-2.09320330619812,7.243575096130371,261.7093505859375,261.65228271484375,0.0003,0.0003,0.1
,,,,,215005,55.996284,32,,,,,,,,
,,,,,215202,600.816,197,,,,,,,,
,,,,,215420,713.47876,218,,,,,,,,
,,,,,215444,42.39814,24,,,,,,,,
,,,,,215468,42.280045,24,,,,,,,,
,,,,,215671,611.32764,203,,,,,,,,
,,,,,215871,644.53827,200,,,,,,,,
,,,,,216000,,,-267.2518310546875,-2.019385814666748,21.37466812133789,265.234619140625,265.0294189453125,0.0003,0.0003,0.1
,,,,,216044,536.4657,173,,,,,,,,
,,,,,216261,679.43787,217,,,,,,,,
,,,,,216483,730.1456,222,,,,,,,,
,,,,,216696,663.21045,213,,,,,,,,
,,,,,216724,48.876293,28,,,,,,,,
,,,,,216953,710.5545,229,,,,,,,,
,,,,,217000,,,-266.78857421875,-2.304150104522705,15.17304801940918,264.94647216796875,264.613525390625,0.0003,0.0003,0.1
,,,,,217152,611.4516,199,,,,,,,,
,,,,,217368,677.5716,216,,,,,,,,
,,,,,217584,695.0252,216,,,,,,,,
,,,,,217807,739.3269,223,,,,,,,,
,,,,,218000,,,-269.4658203125,-2.000828742980957,32.64649963378906,267.9012756347656,267.0041809082031,0.0003,0.0003,0.1
,,,,,218036,707.97754,229,,,,,,,,
,,,,,218234,598.7707,198,,,,,,,,
,,,,,218444,634.42957,210,,,,,,,,
,,,,,218653,679.49396,209,,,,,,,,
,,,,,218873,704.73083,220,,,,,,,,
,,,,,219000,,,-266.5573425292969,-2.2333641052246094,6.356362342834473,263.1710205078125,263.4784851074219,0.0003,0.0003,0.1
,,,,,219129,862.112,256,,,,,,,,
,,,,,219359,748.46814,230,,,,,,,,
,,,,,219566,654.19055,207,,,,,,,,
,,,,,219787,715.4794,221,,,,,,,,
,,,,,219987,615.88257,200,,,,,,,,
569.7682,180.43727,700.8512,44.389664,184.9,220000,,,-265.042236328125,-2.032402515411377,6.083498001098633,263.1148986816406,262.66827392578125,0.0003,0.0003,0.1
,,,,,220175,634.41064,188,,,,,,,,
,,,,,220375,605.1701,200,,,,,,,,
,,,,,220595,761.7216,220,,,,,,,,
,,,,,220816,694.9313,221,,,,,,,,
,,,,,221000,,,-261.4007568359375,-1.8958194255828857,8.475719451904297,257.97723388671875,258.2686767578125,0.0003,0.0003,0.1
,,,,,221035,686.9016,219,,,,,,,,
,,,,,221258,734.77264,223,,,,,,,,
,,,,,221473,718.97833,215,,,,,,,,
,,,,,221688,722.0591,215,,,,,,,,
,,,,,221900,673.6342,212,,,,,,,,
,,,,,222000,,,-253.42530822753906,-2.597370147705078,7.941643714904785,251.46746826171875,251.8104248046875,0.0003,0.0003,0.1
,,,,,222096,604.2503,196,,,,,,,,
,,,,,222318,703.1525,222,,,,,,,,
,,,,,222530,746.3416,212,,,,,,,,
,,,,,222745,685.1756,215,,,,,,,,
,,,,,222967,730.8635,222,,,,,,,,
,,,,,223000,,,-262.07684326171875,-1.8222689628601074,7.071288108825684,261.3105163574219,261.4255676269531,0.0003,0.0003,0.1
,,,,,223208,787.7768,241,,,,,,,,
,,,,,223424,773.42847,216,,,,,,,,
,,,,,223651,740.5276,227,,,,,,,,
,,,,,223879,769.789,228,,,,,,,,
,,,,,224000,,,-266.58892822265625,-2.1070938110351562,6.259176731109619,264.8027648925781,264.39068603515625,0.0003,0.0003,0.1
,,,,,224100,714.52747,221,,,,,,,,
,,,,,224324,718.0037,224,,,,,,,,
,,,,,224546,746.45667,222,,,,,,,,
,,,,,224754,691.0051,208,,,,,,,,
,,,,,224973,741.668,219,,,,,,,,
695.13873,34.732758,729.46576,618.2419,210.0,225000,,,-266.3870849609375,-1.8121817111968994,6.300403594970703,265.4666748046875,265.71563720703125,0.0003,0.0003,0.1
,,,,,225166,612.6232,193,,,,,,,,
,,,,,225381,733.5357,215,,,,,,,,
,,,,,225566,616.8871,185,,,,,,,,
,,,,,225790,703.6019,224,,,,,,,,
,,,,,226000,,,-271.7481994628906,-2.242373466491699,6.487738609313965,269.1644592285156,269.45233154296875,0.0003,0.0003,0.1
,,,,,226009,717.1845,219,,,,,,,,
,,,,,226231,727.78625,222,,,,,,,,
,,,,,226443,671.4421,212,,,,,,,,
,,,,,226663,713.31976,220,,,,,,,,
,,,,,226889,717.8108,226,,,,,,,,
,,,,,227000,,,-262.81793212890625,-2.3388142585754395,15.615269660949707,259.92999267578125,259.8401184082031,0.0003,0.0003,0.1
,,,,,227107,723.59845,218,,,,,,,,
,,,,,227349,796.06,242,,,,,,,,
,,,,,227564,700.1048,215,,,,,,,,
,,,,,227783,730.3781,219,,,,,,,,
,,,,,227992,675.4065,209,,,,,,,,
,,,,,228000,,,-276.4878845214844,-1.747572898864746,11.036086082458496,275.1061706542969,274.7389831542969,0.0003,0.0003,0.1
,,,,,228195,685.0738,203,,,,,,,,
,,,,,228404,664.014,209,,,,,,,,
,,,,,228618,707.1436,214,,,,,,,,
,,,,,228840,720.72516,222,,,,,,,,
,,,,,229000,,,-269.97735595703125,-1.9441419839859009,7.708174705505371,268.76776123046875,268.6852722167969,0.0003,0.0003,0.1
,,,,,229057,752.75165,217,,,,,,,,
,,,,,229258,590.1875,201,,,,,,,,
,,,,,229457,619.59106,199,,,,,,,,
,,,,,229682,734.24927,225,,,,,,,,
,,,,,229893,699.9784,211,,,,,,,,
687.1241,57.184807,724.8629,567.3305,209.2,230000,,,-249.66632080078125,-2.4460437297821045,129.33290100097656,248.5269775390625,247.15196228027344,0.0003,0.0003,0.1
,,,,,230112,698.5545,219,,,,,,,,
,,,,,230312,620.6761,200,,,,,,,,
,,,,,230535,731.15063,223,,,,,,,,
,,,,,230747,722.012,212,,,,,,,,
,,,,,230963,732.6558,216,,,,,,,,
,,,,,231000,,,-261.3763122558594,-2.1586227416992188,18.945104598999023,259.86053466796875,259.6935119628906,0.0003,0.0003,0.1
,,,,,231184,733.7084,221,,,,,,,,
,,,,,231441,850.73145,257,,,,,,,,
,,,,,231638,580.3806,197,,,,,,,,
,,,,,231857,710.9382,219,,,,,,,,
,,,,,232000,,,-256.6849060058594,-2.2030951976776123,170.01040649414062,254.97882080078125,253.83087158203125,0.0003,0.0003,0.1
,,,,,232084,746.1262,227,,,,,,,,
,,,,,232295,703.2808,211,,,,,,,,
,,,,,232513,699.82837,218,,,,,,,,
,,,,,232732,723.2791,219,,,,,,,,
,,,,,232939,675.8023,207,,,,,,,,
,,,,,233000,,,-267.0460510253906,-1.7514424324035645,10.173409461975098,264.8240966796875,264.48431396484375,0.0003,0.0003,0.1
,,,,,233171,765.4765,232,,,,,,,,
,,,,,233387,694.0185,216,,,,,,,,
,,,,,233612,727.72473,225,,,,,,,,
,,,,,233821,701.2981,209,,,,,,,,
,,,,,234000,,,-267.6158752441406,-2.091881036758423,40.12419128417969,266.0673828125,265.8061828613281,0.0003,0.0003,0.1
,,,,,234015,577.7286,194,,,,,,,,
,,,,,234232,707.3798,217,,,,,,,,
,,,,,234440,686.34467,208,,,,,,,,
,,,,,234662,721.73364,222,,,,,,,,
,,,,,234879,707.8357,217,,,,,,,,
656.8589,182.95502,755.0663,115.747765,200.7,235000,,,-261.7082824707031,-2.544106960296631,15.478510856628418,258.8724365234375,258.7723388671875,0.0003,0.0003,0.1
,,,,,235088,683.39557,209,,,,,,,,
,,,,,235293,723.2132,205,,,,,,,,
,,,,,235509,714.00287,216,,,,,,,,
,,,,,235731,696.42926,222,,,,,,,,
,,,,,235932,676.1123,201,,,,,,,,
,,,,,236000,,,-269.353271484375,-1.9711048603057861,5.127346515655518,267.492919921875,267.9046325683594,0.0003,0.0003,0.1
,,,,,236127,661.88605,195,,,,,,,,
,,,,,236144,24.277977,17,,,,,,,,
,,,,,236344,612.0303,200,,,,,,,,
,,,,,236567,714.53937,223,,,,,,,,
,,,,,236725,497.1261,158,,,,,,,,
,,,,,236924,641.93646,199,,,,,,,,
,,,,,237000,,,-269.0010681152344,-2.095099925994873,7.542901992797852,267.71710205078125,267.9811096191406,0.0003,0.0003,0.1
,,,,,237129,664.8193,205,,,,,,,,
,,,,,237350,699.2003,221,,,,,,,,
,,,,,237551,655.6297,201,,,,,,,,
,,,,,237774,681.63934,223,,,,,,,,
,,,,,237966,635.4807,192,,,,,,,,
,,,,,238000,,,-266.52471923828125,-1.9878876209259033,19.088998794555664,264.3016357421875,263.882568359375,0.0003,0.0003,0.1
,,,,,238185,705.8705,219,,,,,,,,
,,,,,238392,612.20514,207,,,,,,,,
,,,,,238605,653.8393,213,,,,,,,,
,,,,,238815,673.4639,210,,,,,,,,
,,,,,239000,,,-277.2065124511719,-2.1276485919952393,15.73831558227539,274.8684997558594,274.4512634277344,0.0003,0.0003,0.1
,,,,,239040,721.2027,225,,,,,,,,
,,,,,239251,653.8994,211,,,,,,,,
,,,,,239477,717.0196,226,,,,,,,,
,,,,,239703,730.5768,226,,,,,,,,
,,,,,239901,666.6499,198,,,,,,,,
660.91394,64.10902,733.6222,544.11017,212.5,240000,,,-254.70834350585938,-2.3193421363830566,6.123565673828125,252.81988525390625,252.62217712402344,0.0003,0.0003,0.1
,,,,,240104,697.6458,203,,,,,,,,
,,,,,240285,595.0816,181,,,,,,,,
,,,,,240483,635.01764,198,,,,,,,,
,,,,,240702,682.0028,219,,,,,,,,
,,,,,240916,695.60657,214,,,,,,,,
,,,,,241000,,,-265.9764099121094,-2.234553813934326,7.55781888961792,264.21563720703125,264.0257568359375,0.0003,0.0003,0.1
,,,,,241137,692.2169,221,,,,,,,,
,,,,,241351,682.89075,214,,,,,,,,
,,,,,241563,647.3343,212,,,,,,,,
,,,,,241769,616.91254,206,,,,,,,,
,,,,,241998,727.33636,229,,,,,,,,
,,,,,242000,,,-261.9188537597656,-2.58328914642334,9.888513565063477,260.1664123535156,259.6009521484375,0.0003,0.0003,0.1
,,,,,242208,672.61194,210,,,,,,,,
,,,,,242403,667.2869,195,,,,,,,,
,,,,,242592,545.47034,189,,,,,,,,
,,,,,242797,661.8134,205,,,,,,,,
,,,,,243000,,,-267.2610778808594,-2.1798834800720215,7.92253303527832,265.9696350097656,266.00872802734375,0.0003,0.0003,0.1
,,,,,243006,704.38635,209,,,,,,,,
,,,,,243215,632.81635,209,,,,,,,,
,,,,,243433,703.3759,218,,,,,,,,
,,,,,243641,645.2514,208,,,,,,,,
,,,,,243817,571.8017,176,,,,,,,,
,,,,,243831,18.593678,14,,,,,,,,
,,,,,243844,16.799429,13,,,,,,,,
,,,,,243858,18.94,14,,,,,,,,
,,,,,244000,,,-259.3781433105469,-2.405508518218994,12.788324356079102,256.1996154785156,256.35089111328125,0.0003,0.0003,0.1
,,,,,244083,673.1818,225,,,,,,,,
,,,,,244289,651.8532,206,,,,,,,,
,,,,,244422,305.60016,133,,,,,,,,
,,,,,244643,712.1308,221,,,,,,,,
,,,,,244867,722.29565,224,,,,,,,,
688.8046,42.766113,759.174,618.3938,202.1,245000,,,-258.97607421875,-2.097383499145508,10.985130310058594,257.07330322265625,257.55816650390625,0.0003,0.0003,0.1
,,,,,245074,637.5794,207,,,,,,,,
,,,,,245258,615.6662,184,,,,,,,,
,,,,,245461,647.2423,203,,,,,,,,
,,,,,245679,735.31085,218,,,,,,,,
,,,,,245861,564.4496,182,,,,,,,,
,,,,,246000,,,-264.1686096191406,-2.3140218257904053,13.732888221740723,262.65545654296875,262.21002197265625,0.0003,0.0003,0.1
,,,,,246077,697.3835,216,,,,,,,,
,,,,,246307,740.8027,230,,,,,,,,
,,,,,246534,731.84424,227,,,,,,,,
,,,,,246757,751.32025,223,,,,,,,,
,,,,,246979,741.0145,222,,,,,,,,
,,,,,247000,,,-266.1424560546875,-1.8778207302093506,10.994340896606445,264.6399841308594,264.8514099121094,0.0003,0.0003,0.1
,,,,,247209,740.0244,230,,,,,,,,
,,,,,247417,646.7728,208,,,,,,,,
,,,,,247620,701.1668,203,,,,,,,,
,,,,,247836,735.53357,216,,,,,,,,
,,,,,248000,,,-262.8404541015625,-2.5279018878936768,19.611459732055664,258.28271484375,258.0946960449219,0.0003,0.0003,0.1
,,,,,248067,763.56177,231,,,,,,,,
,,,,,248285,724.7438,218,,,,,,,,
,,,,,248499,686.8969,214,,,,,,,,
,,,,,248740,789.303,241,,,,,,,,
,,,,,248957,703.30634,217,,,,,,,,
,,,,,249000,,,-264.927734375,-2.310701370239258,11.835111618041992,262.4974365234375,262.59014892578125,0.0003,0.0003,0.1
,,,,,249158,682.4875,201,,,,,,,,
,,,,,249383,730.397,225,,,,,,,,
,,,,,249606,741.16797,223,,,,,,,,
,,,,,249820,696.6337,214,,,,,,,,
704.2607,42.52148,742.65326,592.151,203.1,250000,,,-265.71044921875,-2.1067311763763428,8.457358360290527,263.89398193359375,263.9007263183594,0.0003,0.0003,0.1
,,,,,250035,725.9598,215,,,,,,,,
,,,,,250216,630.3464,181,,,,,,,,
,,,,,250421,676.55286,205,,,,,,,,
,,,,,250652,772.2223,231,,,,,,,,
,,,,,250875,766.1219,223,,,,,,,,
,,,,,251000,,,-271.77056884765625,-1.8537973165512085,18.375810623168945,268.6697692871094,269.1012268066406,0.0003,0.0003,0.1
,,,,,251069,598.40845,194,,,,,,,,
,,,,,251283,719.56244,214,,,,,,,,
,,,,,251494,720.58057,211,,,,,,,,
,,,,,251688,637.03723,194,,,,,,,,
,,,,,251887,670.3606,199,,,,,,,,
,,,,,252000,,,-262.97784423828125,-2.1764585971832275,9.605327606201172,261.57196044921875,261.802978515625,0.0003,0.0003,0.1
,,,,,252092,753.11975,205,,,,,,,,
,,,,,252310,688.3575,218,,,,,,,,
,,,,,252516,686.9583,206,,,,,,,,
,,,,,252741,730.47437,225,,,,,,,,
,,,,,252942,704.1752,201,,,,,,,,
,,,,,253000,,,-265.51995849609375,-2.0105035305023193,8.92755126953125,263.439453125,264.25140380859375,0.0003,0.0003,0.1
,,,,,253137,700.5775,195,,,,,,,,
,,,,,253349,758.9038,212,,,,,,,,
,,,,,253574,784.976,225,,,,,,,,
,,,,,253759,608.1397,185,,,,,,,,
,,,,,253965,698.18384,206,,,,,,,,
,,,,,254000,,,-264.75531005859375,-1.606133222579956,9.878169059753418,263.2726745605469,262.7841796875,0.0003,0.0003,0.1
,,,,,254198,797.2094,233,,,,,,,,
,,,,,254390,648.36884,192,,,,,,,,
,,,,,254582,632.32983,192,,,,,,,,
,,,,,254802,701.9853,220,,,,,,,,
,,,,,254996,643.8112,194,,,,,,,,
678.42206,47.193073,761.7218,601.4859,203.5,255000,,,-267.5501708984375,-2.2495622634887695,13.509529113769531,266.0635986328125,265.95892333984375,0.0003,0.0003,0.1
,,,,,255215,681.79877,219,,,,,,,,
,,,,,255446,742.86096,231,,,,,,,,
,,,,,255676,716.4058,230,,,,,,,,
,,,,,255898,742.69574,222,,,,,,,,
,,,,,256000,,,-256.3332824707031,-1.9405492544174194,6.854540824890137,255.2605438232422,254.71539306640625,0.0003,0.0003,0.1
,,,,,256106,712.87744,208,,,,,,,,
,,,,,256303,640.67773,197,,,,,,,,
,,,,,256338,56.619484,35,,,,,,,,
,,,,,256519,602.08014,181,,,,,,,,
,,,,,256725,697.17804,206,,,,,,,,
,,,,,256907,605.205,182,,,,,,,,
,,,,,257000,,,-264.276611328125,-2.148603677749634,22.343257904052734,263.00018310546875,262.2324523925781,0.0003,0.0003,0.1
,,,,,257102,664.43536,195,,,,,,,,
,,,,,257300,671.0973,198,,,,,,,,
,,,,,257512,743.31445,212,,,,,,,,
,,,,,257736,770.78436,224,,,,,,,,
,,,,,257906,501.70007,170,,,,,,,,
,,,,,258000,,,-263.06719970703125,-1.993821382522583,20.695207595825195,262.0797119140625,262.33489990234375,0.0003,0.0003,0.1
,,,,,258101,655.0483,195,,,,,,,,
,,,,,258311,618.8821,210,,,,,,,,
,,,,,258538,790.7324,227,,,,,,,,
,,,,,258743,693.7488,205,,,,,,,,
,,,,,258947,702.54,204,,,,,,,,
,,,,,259000,,,-272.6358947753906,-1.660691738128662,6.664826393127441,271.3438720703125,271.70904541015625,0.0003,0.0003,0.1
,,,,,259181,787.32074,234,,,,,,,,
,,,,,259375,673.28644,194,,,,,,,,
,,,,,259571,635.97797,196,,,,,,,,
,,,,,259753,551.6502,182,,,,,,,,
,,,,,259977,725.4849,224,,,,,,,,
631.07916,91.19889,770.1728,463.752,194.3,260000,,,-268.69964599609375,-1.9715286493301392,6.747280597686768,267.70074462890625,267.7052001953125,0.0003,0.0003,0.1
,,,,,260176,699.34937,199,,,,,,,,
,,,,,260376,741.0921,200,,,,,,,,
,,,,,260573,702.8136,197,,,,,,,,
,,,,,260790,740.4327,217,,,,,,,,
,,,,,260979,663.5712,189,,,,,,,,
,,,,,261000,,,-268.3387451171875,-2.145672559738159,7.708739280700684,266.268310546875,266.567626953125,0.0003,0.0003,0.1
,,,,,261171,671.43854,192,,,,,,,,
,,,,,261357,616.40356,186,,,,,,,,
,,,,,261550,640.44836,193,,,,,,,,
,,,,,261733,596.6306,183,,,,,,,,
,,,,,261956,766.3945,223,,,,,,,,
,,,,,262000,,,-261.0870361328125,-2.2473175525665283,7.094089508056641,259.60552978515625,260.11810302734375,0.0003,0.0003,0.1
,,,,,262153,672.8209,197,,,,,,,,
,,,,,262319,526.91956,166,,,,,,,,
,,,,,262535,662.7196,216,,,,,,,,
,,,,,262741,724.96,206,,,,,,,,
,,,,,262946,661.21954,205,,,,,,,,
,,,,,263000,,,-269.00567626953125,-2.012413501739502,19.407203674316406,266.6639709472656,266.9413146972656,0.0003,0.0003,0.1
,,,,,263109,514.3551,163,,,,,,,,
,,,,,263260,384.39633,151,,,,,,,,
,,,,,263475,726.5984,215,,,,,,,,
,,,,,263662,645.8028,187,,,,,,,,
,,,,,263844,597.638,182,,,,,,,,
,,,,,264000,,,-268.15533447265625,-1.7865630388259888,17.77788543701172,266.9170227050781,267.10467529296875,0.0003,0.0003,0.1
,,,,,264025,610.36426,181,,,,,,,,
,,,,,264218,644.8359,193,,,,,,,,
,,,,,264401,595.21027,183,,,,,,,,
,,,,,264599,615.4201,198,,,,,,,,
,,,,,264789,628.61426,190,,,,,,,,
,,,,,264978,611.87146,189,,,,,,,,
587.73,64.786606,669.4214,449.62857,182.0,265000,,,-264.6869201660156,-2.2635316848754883,13.137273788452148,261.58050537109375,261.38671875,0.0003,0.0003,0.1
,,,,,265161,588.1535,183,,,,,,,,
,,,,,265367,691.0363,206,,,,,,,,
,,,,,265526,500.58575,159,,,,,,,,
,,,,,265701,551.3814,175,,,,,,,,
,,,,,265865,535.7415,164,,,,,,,,
,,,,,266000,,,-268.1263732910156,-2.109833002090454,6.336688041687012,265.924560546875,266.02252197265625,0.0003,0.0003,0.1
,,,,,266056,648.47327,191,,,,,,,,
,,,,,266237,601.3832,181,,,,,,,,
,,,,,266426,620.3474,189,,,,,,,,
,,,,,266610,547.75055,184,,,,,,,,
,,,,,266798,610.9015,188,,,,,,,,
,,,,,266967,539.0735,169,,,,,,,,
,,,,,267000,,,-255.14019775390625,-2.653853178024292,14.44788646697998,254.23199462890625,253.8485870361328,0.0003,0.0003,0.1
,,,,,267166,622.54895,199,,,,,,,,
,,,,,267351,605.3893,185,,,,,,,,
,,,,,267535,597.47296,184,,,,,,,,
,,,,,267747,746.591,212,,,,,,,,
,,,,,267923,585.0609,176,,,,,,,,
,,,,,268000,,,-265.22509765625,-2.102832078933716,7.174100875854492,263.9469299316406,263.767822265625,0.0003,0.0003,0.1
,,,,,268096,522.5708,173,,,,,,,,
,,,,,268302,706.8835,206,,,,,,,,
,,,,,268481,595.0077,179,,,,,,,,
,,,,,268686,682.49915,205,,,,,,,,
,,,,,268879,633.6302,193,,,,,,,,
,,,,,269000,,,-264.30621337890625,-1.899449348449707,15.746786117553711,262.881103515625,261.5836181640625,0.0003,0.0003,0.1
,,,,,269088,734.265,209,,,,,,,,
,,,,,269278,638.95703,190,,,,,,,,
,,,,,269486,721.60944,208,,,,,,,,
,,,,,269688,720.1609,202,,,,,,,,
,,,,,269889,683.3048,201,,,,,,,,
644.1525,71.63601,759.60596,533.4934,189.8,270000,,,-260.7718200683594,-2.206599712371826,10.060027122497559,259.363525390625,259.8309326171875,0.0003,0.0003,0.1
,,,,,270077,653.87006,188,,,,,,,,
,,,,,270242,547.5449,165,,,,,,,,
,,,,,270414,547.25024,172,,,,,,,,
,,,,,270617,674.5086,203,,,,,,,,
,,,,,270821,763.4261,204,,,,,,,,
,,,,,271000,,,-258.574462890625,-2.2565603256225586,8.153223037719727,256.84869384765625,256.83758544921875,0.0003,0.0003,0.1
,,,,,271025,711.5912,204,,,,,,,,
,,,,,271225,699.0024,200,,,,,,,,
,,,,,271437,767.4327,212,,,,,,,,
,,,,,271638,689.56024,201,,,,,,,,
,,,,,271776,325.81668,138,,,,,,,,
,,,,,271961,619.72095,185,,,,,,,,
,,,,,272000,,,-256.2906494140625,-2.021498918533325,4.336326599121094,255.09341430664062,254.69578552246094,0.0003,0.0003,0.1
,,,,,272152,543.5161,191,,,,,,,,
,,,,,272366,651.161,214,,,,,,,,
,,,,,272572,725.5009,206,,,,,,,,
,,,,,272781,763.30524,209,,,,,,,,
,,,,,272983,723.8858,202,,,,,,,,
,,,,,273000,,,-258.5948791503906,-2.4155337810516357,6.1770429611206055,256.9351501464844,257.0885314941406,0.0003,0.0003,0.1
,,,,,273110,290.23904,127,,,,,,,,
,,,,,273306,720.2352,196,,,,,,,,
,,,,,273511,724.93677,205,,,,,,,,
,,,,,273718,708.5232,207,,,,,,,,
,,,,,273933,771.4727,215,,,,,,,,
,,,,,274000,,,-271.24603271484375,-1.6811130046844482,20.088146209716797,268.4452819824219,268.6376647949219,0.0003,0.0003,0.1
,,,,,274141,693.677,208,,,,,,,,
,,,,,274353,733.35895,212,,,,,,,,
,,,,,274553,722.7011,200,,,,,,,,
,,,,,274749,687.4269,196,,,,,,,,
,,,,,274945,696.923,196,,,,,,,,
704.3972,41.218826,740.95264,594.4018,204.0,275000,,,-262.638916015625,-2.0697286128997803,15.512444496154785,260.6654968261719,259.85919189453125,0.0003,0.0003,0.1
,,,,,275143,685.9115,198,,,,,,,,
,,,,,275401,824.4391,258,,,,,,,,
,,,,,275593,704.06384,192,,,,,,,,
,,,,,275834,777.739,241,,,,,,,,
,,,,,276000,,,-265.90087890625,-2.071659564971924,7.699875354766846,264.79364013671875,265.53900146484375,0.0003,0.0003,0.1
,,,,,276038,688.4466,204,,,,,,,,
,,,,,276228,670.5902,190,,,,,,,,
,,,,,276434,721.96674,206,,,,,,,,
,,,,,276619,655.8391,185,,,,,,,,
,,,,,276828,662.24,209,,,,,,,,
,,,,,277000,,,-262.4126281738281,-1.7555701732635498,5.253203868865967,261.41375732421875,261.1029968261719,0.0003,0.0003,0.1
,,,,,277025,677.6308,197,,,,,,,,
,,,,,277233,681.96655,208,,,,,,,,
,,,,,277440,761.9778,207,,,,,,,,
,,,,,277642,724.41345,202,,,,,,,,
,,,,,277859,625.18604,217,,,,,,,,
,,,,,278000,,,-264.8830871582031,-1.9185404777526855,10.534521102905273,262.37872314453125,262.3426513671875,0.0003,0.0003,0.1
,,,,,278029,497.85648,170,,,,,,,,
,,,,,278225,683.99536,196,,,,,,,,
,,,,,278420,584.891,195,,,,,,,,
,,,,,278615,689.6304,195,,,,,,,,
,,,,,278829,710.83875,214,,,,,,,,
,,,,,279000,,,-248.94784545898438,-2.391721487045288,12.101522445678711,247.14605712890625,247.56173706054688,0.0003,0.0003,0.1
,,,,,279041,731.38556,212,,,,,,,,
,,,,,279232,694.4432,191,,,,,,,,
,,,,,279408,619.8011,176,,,,,,,,
,,,,,279599,674.26135,191,,,,,,,,
,,,,,279798,703.3396,199,,,,,,,,
,,,,,279994,695.23584,196,,,,,,,,
633.43085,173.0091,795.8899,286.54105,198.6,280000,,,-262.6260681152344,-2.072098731994629,7.107008934020996,261.31024169921875,261.3018493652344,0.0003,0.0003,0.1
,,,,,280193,716.46747,199,,,,,,,,
,,,,,280404,678.4409,211,,,,,,,,
,,,,,280597,716.33716,193,,,,,,,,
,,,,,280790,671.5838,193,,,,,,,,
,,,,,280989,719.9305,199,,,,,,,,
,,,,,281000,,,-259.1709289550781,-1.9536280632019043,10.611370086669922,258.2200012207031,257.4861755371094,0.0003,0.0003,0.1
,,,,,281105,250.80045,116,,,,,,,,
,,,,,281279,592.12286,174,,,,,,,,
,,,,,281465,663.5849,186,,,,,,,,
,,,,,281675,745.2226,210,,,,,,,,
,,,,,281822,319.009,147,,,,,,,,
,,,,,282000,,,-261.76025390625,-1.7794687747955322,5.275396347045898,260.5377502441406,260.34039306640625,0.0003,0.0003,0.1
,,,,,282039,695.81244,217,,,,,,,,
,,,,,282230,684.6539,191,,,,,,,,
,,,,,282431,653.3307,201,,,,,,,,
,,,,,282635,732.47296,204,,,,,,,,
,,,,,282822,663.6601,187,,,,,,,,
,,,,,283000,,,-258.5450439453125,-2.340688467025757,10.480720520019531,257.295166015625,257.133544921875,0.0003,0.0003,0.1
,,,,,283024,665.19574,202,,,,,,,,
,,,,,283228,750.8782,204,,,,,,,,
,,,,,283422,608.93774,194,,,,,,,,
,,,,,283548,249.06134,126,,,,,,,,
,,,,,283766,709.51,218,,,,,,,,
,,,,,283995,718.36365,229,,,,,,,,
,,,,,284000,,,-260.6766662597656,-2.0736308097839355,9.5953950881958,259.52972412109375,259.33892822265625,0.0003,0.0003,0.1
,,,,,284205,783.61926,210,,,,,,,,
,,,,,284418,792.303,213,,,,,,,,
,,,,,284629,733.7713,211,,,,,,,,
,,,,,284789,424.41602,160,,,,,,,,
638.42444,113.549446,754.2099,316.33273,197.8,285000,,,-260.7995910644531,-2.005049705505371,9.553508758544922,259.1454772949219,258.39739990234375,0.0003,0.0003,0.1
,,,,,285054,884.0409,265,,,,,,,,
,,,,,285250,594.3204,196,,,,,,,,
,,,,,285489,748.9975,239,,,,,,,,
,,,,,285663,605.5027,174,,,,,,,,
,,,,,285907,763.737,244,,,,,,,,
,,,,,286000,,,-268.44219970703125,-1.930760145187378,11.355850219726562,267.58270263671875,266.7925109863281,0.0003,0.0003,0.1
,,,,,286115,752.20996,208,,,,,,,,
,,,,,286309,713.38617,194,,,,,,,,
,,,,,286424,240.7853,115,,,,,,,,
,,,,,286621,724.8513,197,,,,,,,,
,,,,,286846,727.3937,225,,,,,,,,
,,,,,287000,,,-268.5932312011719,-1.7199053764343262,8.280035972595215,267.111083984375,267.55218505859375,0.0003,0.0003,0.1
,,,,,287127,856.75134,281,,,,,,,,
,,,,,287334,676.1673,207,,,,,,,,
,,,,,287452,232.33197,118,,,,,,,,
,,,,,287664,767.6508,212,,,,,,,,
,,,,,287866,698.9468,202,,,,,,,,
,,,,,288000,,,-258.8900146484375,-1.9596166610717773,9.750869750976562,256.7373046875,256.92230224609375,0.0003,0.0003,0.1
,,,,,288045,629.4125,179,,,,,,,,
,,,,,288281,768.5112,236,,,,,,,,
,,,,,288479,691.60913,198,,,,,,,,
,,,,,288678,730.11316,199,,,,,,,,
,,,,,288877,691.9589,199,,,,,,,,
,,,,,289000,,,-254.7105255126953,-2.018007278442383,6.0540571212768555,253.1241455078125,253.57220458984375,0.0003,0.0003,0.1
,,,,,289039,531.47766,162,,,,,,,,
,,,,,289245,653.9018,206,,,,,,,,
,,,,,289454,747.74963,209,,,,,,,,
,,,,,289651,684.0844,197,,,,,,,,
,,,,,289859,734.93585,208,,,,,,,,
666.8956,36.75816,728.44885,609.5015,193.8,290000,,,-266.7041015625,-1.8502038717269897,4.778083801269531,265.9707336425781,265.65789794921875,0.0003,0.0003,0.1
,,,,,290074,727.95935,215,,,,,,,,
,,,,,290269,679.0786,195,,,,,,,,
,,,,,290482,742.5903,213,,,,,,,,
,,,,,290690,739.70483,208,,,,,,,,
,,,,,290895,734.76886,205,,,,,,,,
,,,,,291000,,,-258.26849365234375,-2.395282745361328,7.97503662109375,257.0283203125,256.5533142089844,0.0003,0.0003,0.1
,,,,,291109,781.56494,214,,,,,,,,
,,,,,291321,750.17596,212,,,,,,,,
,,,,,291531,760.9044,210,,,,,,,,
,,,,,291711,601.3926,180,,,,,,,,
,,,,,291833,281.32468,122,,,,,,,,
,,,,,292000,,,-262.9095764160156,-2.0761890411376953,8.006196975708008,261.93475341796875,262.4044494628906,0.0003,0.0003,0.1
,,,,,292021,621.19586,188,,,,,,,,
,,,,,292203,598.4765,182,,,,,,,,
,,,,,292405,713.2975,202,,,,,,,,
,,,,,292580,578.8767,175,,,,,,,,
,,,,,292777,690.35706,197,,,,,,,,
,,,,,292991,773.201,214,,,,,,,,
,,,,,293000,,,-254.07138061523438,-2.0274481773376465,19.911958694458008,252.41111755371094,252.1019744873047,0.0003,0.0003,0.1
,,,,,293180,642.30383,189,,,,,,,,
,,,,,293371,663.6217,191,,,,,,,,
,,,,,293579,745.77277,208,,,,,,,,
,,,,,293777,732.50323,198,,,,,,,,
,,,,,293985,719.0279,208,,,,,,,,
,,,,,294000,,,-261.06536865234375,-1.6634247303009033,6.693016052246094,259.63067626953125,259.6627197265625,0.0003,0.0003,0.1
,,,,,294192,723.90326,207,,,,,,,,
,,,,,294407,788.06006,215,,,,,,,,
,,,,,294594,599.6621,187,,,,,,,,
,,,,,294808,790.2172,214,,,,,,,,
773.9376,34.917866,825.3365,691.47687,212.3,295000,,,-255.04612731933594,-1.7209430932998657,11.364837646484375,252.83070373535156,253.16259765625,0.0003,0.0003,0.1
,,,,,295024,739.2031,216,,,,,,,,
,,,,,295225,727.3052,201,,,,,,,,
,,,,,295438,759.99164,213,,,,,,,,
,,,,,295654,746.8109,216,,,,,,,,
,,,,,295869,790.8034,215,,,,,,,,
,,,,,295989,258.99432,120,,,,,,,,
,,,,,296000,,,-259.354736328125,-1.8692902326583862,31.47203254699707,258.53826904296875,258.09228515625,0.0003,0.0003,0.1
,,,,,296184,674.0829,195,,,,,,,,
,,,,,296397,746.164,213,,,,,,,,
,,,,,296587,654.8244,190,,,,,,,,
,,,,,296761,447.99655,174,,,,,,,,
,,,,,296978,722.299,217,,,,,,,,
,,,,,297000,,,-261.8778076171875,-2.041890859603882,8.149559020996094,260.8046875,260.7366943359375,0.0003,0.0003,0.1
,,,,,297109,273.4745,131,,,,,,,,
,,,,,297354,802.6663,245,,,,,,,,
,,,,,297593,788.44653,239,,,,,,,,
,,,,,297811,696.6527,218,,,,,,,,
,,,,,298000,,,-261.0900573730469,-1.9010415077209473,6.6968278884887695,259.8372497558594,259.85107421875,0.0003,0.0003,0.1
,,,,,298046,772.7256,235,,,,,,,,
,,,,,298251,649.3392,205,,,,,,,,
,,,,,298456,662.89746,205,,,,,,,,
,,,,,298706,847.23987,250,,,,,,,,
,,,,,298942,773.6761,236,,,,,,,,
,,,,,299000,,,-252.69589233398438,-2.175147533416748,5.146179676055908,251.86508178710938,251.76577758789062,0.0003,0.0003,0.1
,,,,,299161,702.09045,219,,,,,,,,
,,,,,299354,678.5545,193,,,,,,,,
,,,,,299568,754.3278,214,,,,,,,,
,,,,,299784,669.1788,216,,,,,,,,
,,,,,299998,773.01733,214,,,,,,,,
607.6208,129.24612,765.10986,278.93134,188.9,300000,,,-258.9778137207031,-1.6130638122558594,6.336380958557129,257.4242858886719,257.5645751953125,0.0003,0.0003,0.1
,,,,,300224,723.338,226,,,,,,,,
,,,,,300455,743.5017,231,,,,,,,,
,,,,,300603,358.23657,148,,,,,,,,
,,,,,300810,757.86993,207,,,,,,,,
,,,,,301000,,,-266.0084533691406,-1.720592975616455,5.790132522583008,263.8631591796875,264.2208251953125,0.0003,0.0003,0.1
,,,,,301041,698.89984,231,,,,,,,,
,,,,,301225,680.5605,184,,,,,,,,
,,,,,301428,708.5087,203,,,,,,,,
,,,,,301630,707.266,202,,,,,,,,
,,,,,301849,780.4755,219,,,,,,,,
,,,,,301978,289.33676,129,,,,,,,,
,,,,,302000,,,-262.73089599609375,-1.8138530254364014,4.981448173522949,262.1807556152344,262.0517578125,0.0003,0.0003,0.1
,,,,,302180,702.6574,202,,,,,,,,
,,,,,302423,772.69617,243,,,,,,,,
,,,,,302627,712.12244,204,,,,,,,,
,,,,,302865,765.0784,238,,,,,,,,
,,,,,303000,,,-258.0173645019531,-1.8194172382354736,23.201480865478516,254.75927734375,254.88302612304688,0.0003,0.0003,0.1
,,,,,303070,713.2977,205,,,,,,,,
,,,,,303273,628.4812,203,,,,,,,,
,,,,,303524,798.0491,251,,,,,,,,
,,,,,303738,661.78674,214,,,,,,,,
,,,,,303949,749.14374,211,,,,,,,,
,,,,,304000,,,-267.802734375,-1.8736655712127686,6.306811332702637,265.9884338378906,265.75543212890625,0.0003,0.0003,0.1
,,,,,304161,659.80383,212,,,,,,,,
,,,,,304281,259.58505,120,,,,,,,,
,,,,,304422,326.00732,141,,,,,,,,
,,,,,304635,635.93677,213,,,,,,,,
,,,,,304823,514.7272,188,,,,,,,,
639.76654,180.41148,894.2779,299.7153,199.9,305000,,,-257.4636535644531,-2.359355926513672,12.652713775634766,256.38177490234375,255.3137664794922,0.0003,0.0003,0.1
,,,,,305041,694.35114,218,,,,,,,,
,,,,,305261,727.07886,220,,,,,,,,
,,,,,305462,599.91113,201,,,,,,,,
,,,,,305670,718.86804,208,,,,,,,,
,,,,,305878,728.3486,208,,,,,,,,
,,,,,306000,,,-253.95184326171875,-2.1648683547973633,5.656304836273193,252.92431640625,252.71981811523438,0.0003,0.0003,0.1
,,,,,306073,680.3701,195,,,,,,,,
,,,,,306283,728.4795,210,,,,,,,,
,,,,,306501,767.8285,218,,,,,,,,
,,,,,306710,734.6219,209,,,,,,,,
,,,,,306915,740.96564,205,,,,,,,,
,,,,,307000,,,-255.38665771484375,-2.0794408321380615,14.584440231323242,253.95762634277344,254.16268920898438,0.0003,0.0003,0.1
,,,,,307123,704.78253,208,,,,,,,,
,,,,,307339,785.1309,216,,,,,,,,
,,,,,307532,680.56885,193,,,,,,,,
,,,,,307738,743.8116,206,,,,,,,,
,,,,,307944,714.7555,206,,,,,,,,
,,,,,308000,,,-267.46563720703125,-1.519343614578247,11.52768611907959,265.25189208984375,264.63916015625,0.0003,0.0003,0.1
,,,,,308159,774.2543,215,,,,,,,,
,,,,,308374,687.80994,215,,,,,,,,
,,,,,308585,738.84265,211,,,,,,,,
,,,,,308785,678.12244,200,,,,,,,,
,,,,,309000,,,-260.2940673828125,-1.7720303535461426,9.759537696838379,258.8572998046875,259.1131896972656,0.0003,0.0003,0.1
,,,,,309006,724.6218,221,,,,,,,,
,,,,,309223,732.8166,217,,,,,,,,
,,,,,309426,714.34204,203,,,,,,,,
,,,,,309620,662.146,194,,,,,,,,
,,,,,309832,766.1794,212,,,,,,,,
727.42505,87.417854,920.41003,565.2872,215.3,310000,,,-261.329345703125,-2.036684036254883,34.43977737426758,260.0669860839844,260.30999755859375,0.0003,0.0003,0.1
,,,,,310045,741.7863,213,,,,,,,,
,,,,,310291,789.2225,246,,,,,,,,
,,,,,310487,686.94086,196,,,,,,,,
,,,,,310680,672.99603,193,,,,,,,,
,,,,,310889,708.8588,209,,,,,,,,
,,,,,311000,,,-261.0906982421875,-1.8312886953353882,11.149593353271484,259.53607177734375,259.2979431152344,0.0003,0.0003,0.1
,,,,,311100,749.53467,211,,,,,,,,
,,,,,311307,770.985,207,,,,,,,,
,,,,,311484,586.72003,177,,,,,,,,
,,,,,311668,638.13617,184,,,,,,,,
,,,,,311880,728.7463,212,,,,,,,,
,,,,,312000,,,-257.3187255859375,-1.691701054573059,8.38416576385498,256.0775146484375,256.04815673828125,0.0003,0.0003,0.1
,,,,,312068,674.89716,188,,,,,,,,
,,,,,312250,617.3562,182,,,,,,,,
,,,,,312494,788.1095,244,,,,,,,,
,,,,,312701,736.4162,207,,,,,,,,
,,,,,312909,768.2554,208,,,,,,,,
,,,,,313000,,,-258.8650207519531,-1.7588950395584106,10.935015678405762,257.60968017578125,257.60986328125,0.0003,0.0003,0.1
,,,,,313100,660.50183,191,,,,,,,,
,,,,,313309,770.04266,209,,,,,,,,
,,,,,313510,639.94904,201,,,,,,,,
,,,,,313716,707.00104,206,,,,,,,,
,,,,,313929,782.39136,213,,,,,,,,
,,,,,314000,,,-261.1564025878906,-2.351701021194458,14.114507675170898,258.57806396484375,258.6950988769531,0.0003,0.0003,0.1
,,,,,314139,741.2011,210,,,,,,,,
,,,,,314275,332.4711,136,,,,,,,,
,,,,,314478,734.3557,203,,,,,,,,
,,,,,314703,731.9399,225,,,,,,,,
,,,,,314907,681.4755,204,,,,,,,,
708.8219,42.400208,824.4692,658.3239,207.0,315000,,,-259.90911865234375,-2.303420066833496,7.526815891265869,256.9489440917969,257.6079406738281,0.0003,0.0003,0.1
,,,,,315113,677.31433,206,,,,,,,,
,,,,,315312,721.4987,199,,,,,,,,
,,,,,315532,741.5802,220,,,,,,,,
,,,,,315686,504.59995,154,,,,,,,,
,,,,,315892,759.37427,206,,,,,,,,
,,,,,316000,,,-261.70452880859375,-1.7761905193328857,14.42241382598877,259.55035400390625,259.5028076171875,0.0003,0.0003,0.1
,,,,,316077,664.4459,185,,,,,,,,
,,,,,316282,692.3972,205,,,,,,,,
,,,,,316485,724.3719,203,,,,,,,,
,,,,,316704,679.72894,219,,,,,,,,
,,,,,316938,805.05774,234,,,,,,,,
,,,,,317000,,,-264.294677734375,-1.6944100856781006,7.127922058105469,263.1470031738281,263.1532897949219,0.0003,0.0003,0.1
,,,,,317156,744.02496,218,,,,,,,,
,,,,,317365,762.05255,209,,,,,,,,
,,,,,317576,649.7216,211,,,,,,,,
,,,,,317821,805.8146,245,,,,,,,,
,,,,,318000,,,-267.16668701171875,-1.7285486459732056,7.292146682739258,266.07977294921875,266.0501403808594,0.0003,0.0003,0.1
,,,,,318041,699.9717,220,,,,,,,,
,,,,,318262,819.30365,221,,,,,,,,
,,,,,318483,755.78735,221,,,,,,,,
,,,,,318697,709.7412,214,,,,,,,,
,,,,,318905,683.49695,208,,,,,,,,
,,,,,319000,,,-261.6285400390625,-1.6868040561676025,6.302229404449463,258.78997802734375,258.45684814453125,0.0003,0.0003,0.1
,,,,,319092,636.85065,187,,,,,,,,
,,,,,319295,698.8921,203,,,,,,,,
,,,,,319491,655.97687,196,,,,,,,,
,,,,,319693,634.9692,202,,,,,,,,
,,,,,319923,767.61597,230,,,,,,,,
717.86426,40.966667,767.1184,648.95544,209.0,320000,,,-262.81378173828125,-2.0136311054229736,5.284792423248291,261.545654296875,261.8758239746094,0.0003,0.0003,0.1
,,,,,320149,733.9655,226,,,,,,,,
,,,,,320386,805.9706,237,,,,,,,,
,,,,,320580,669.4736,194,,,,,,,,
,,,,,320786,670.72577,206,,,,,,,,
,,,,,320992,595.7874,206,,,,,,,,
,,,,,321000,,,-256.2052001953125,-2.0463457107543945,6.470645904541016,254.89620971679688,255.14190673828125,0.0003,0.0003,0.1
,,,,,321198,699.96045,206,,,,,,,,
,,,,,321413,712.58215,215,,,,,,,,
,,,,,321623,701.10486,210,,,,,,,,
,,,,,321831,716.8464,208,,,,,,,,
,,,,,322000,,,-256.33154296875,-1.9891510009765625,5.888405799865723,255.28477478027344,255.4451904296875,0.0003,0.0003,0.1
,,,,,322041,717.02045,210,,,,,,,,
,,,,,322310,908.75446,269,,,,,,,,
,,,,,322526,643.2001,216,,,,,,,,
,,,,,322734,719.57996,208,,,,,,,,
,,,,,322954,756.3026,220,,,,,,,,
,,,,,323000,,,-265.9236145019531,-1.9351072311401367,3.951822519302368,264.70074462890625,264.72320556640625,0.0003,0.0003,0.1
,,,,,323159,690.9295,205,,,,,,,,
,,,,,323361,711.7154,202,,,,,,,,
,,,,,323571,716.42834,210,,,,,,,,
,,,,,323767,705.1408,196,,,,,,,,
,,,,,323969,726.2733,202,,,,,,,,
,,,,,324000,,,-261.88922119140625,-2.183063507080078,6.827634811401367,260.7433166503906,260.9339599609375,0.0003,0.0003,0.1
,,,,,324197,684.74774,228,,,,,,,,
,,,,,324389,669.5198,192,,,,,,,,
,,,,,324582,698.8703,193,,,,,,,,
,,,,,324791,729.54553,209,,,,,,,,
,,,,,324987,691.6708,196,,,,,,,,
729.26935,57.956116,846.0488,650.7749,219.1,325000,,,-261.5545654296875,-2.1645867824554443,11.440268516540527,259.3678894042969,259.1316223144531,0.0003,0.0003,0.1
,,,,,325196,664.2,209,,,,,,,,
,,,,,325399,681.7105,203,,,,,,,,
,,,,,325632,764.0064,233,,,,,,,,
,,,,,325858,715.8079,226,,,,,,,,
,,,,,326000,,,-258.6764831542969,-2.195847749710083,6.828162670135498,256.50079345703125,256.6907958984375,0.0003,0.0003,0.1
,,,,,326079,758.7445,221,,,,,,,,
,,,,,326300,718.0637,221,,,,,,,,
,,,,,326524,693.8756,224,,,,,,,,
,,,,,326744,712.2782,220,,,,,,,,
,,,,,326944,692.48914,200,,,,,,,,
,,,,,327000,,,-270.20916748046875,-1.7925440073013306,7.034531116485596,269.2784423828125,269.88385009765625,0.0003,0.0003,0.1
,,,,,327155,691.819,211,,,,,,,,
,,,,,327363,731.28656,208,,,,,,,,
,,,,,327579,765.17566,216,,,,,,,,
,,,,,327795,638.9641,216,,,,,,,,
,,,,,328000,,,-254.60768127441406,-1.9792535305023193,11.162940979003906,253.54315185546875,253.75013732910156,0.0003,0.0003,0.1
,,,,,328018,700.82574,223,,,,,,,,
,,,,,328231,626.5319,213,,,,,,,,
,,,,,328453,753.4034,222,,,,,,,,
,,,,,328654,589.4932,201,,,,,,,,
,,,,,328829,494.094,175,,,,,,,,
,,,,,329000,,,-263.92572021484375,-1.8523331880569458,5.499446868896484,263.0916442871094,262.960693359375,0.0003,0.0003,0.1
,,,,,329037,766.303,208,,,,,,,,
,,,,,329232,675.8211,195,,,,,,,,
,,,,,329438,721.8975,206,,,,,,,,
,,,,,329678,773.3888,240,,,,,,,,
,,,,,329879,627.168,201,,,,,,,,
677.80963,52.303085,747.4864,592.8377,204.0,330000,,,-263.548828125,-1.8020482063293457,5.631353378295898,262.0053405761719,261.6788024902344,0.0003,0.0003,0.1
,,,,,330101,725.3634,222,,,,,,,,
,,,,,330282,492.3301,181,,,,,,,,
,,,,,330484,745.75555,202,,,,,,,,
,,,,,330694,776.4281,210,,,,,,,,
,,,,,330903,716.146,209,,,,,,,,
,,,,,331000,,,-265.9586181640625,-1.8518434762954712,5.058899402618408,264.98602294921875,264.966552734375,0.0003,0.0003,0.1
,,,,,331111,630.6476,208,,,,,,,,
,,,,,331346,738.3976,235,,,,,,,,
,,,,,331493,378.83392,147,,,,,,,,
,,,,,331709,774.9711,216,,,,,,,,
,,,,,331952,817.11835,243,,,,,,,,
,,,,,332000,,,-261.90484619140625,-1.630944013595581,7.935478210449219,260.66046142578125,260.8518371582031,0.0003,0.0003,0.1
,,,,,332165,749.56537,213,,,,,,,,
,,,,,332426,869.9212,261,,,,,,,,
,,,,,332638,688.6725,212,,,,,,,,
,,,,,332862,720.8654,224,,,,,,,,
,,,,,333000,,,-261.06695556640625,-1.9563353061676025,10.128334045410156,258.8038024902344,259.15911865234375,0.0003,0.0003,0.1
,,,,,333069,757.04395,207,,,,,,,,
,,,,,333264,661.9036,195,,,,,,,,
,,,,,333452,638.337,188,,,,,,,,
,,,,,333625,486.92233,173,,,,,,,,
,,,,,333826,613.65607,201,,,,,,,,
,,,,,334000,,,-256.2585754394531,-1.9682083129882812,9.68162727355957,254.45884704589844,255.01400756835938,0.0003,0.0003,0.1
,,,,,334011,615.42645,185,,,,,,,,
,,,,,334221,736.24976,210,,,,,,,,
,,,,,334427,733.5716,206,,,,,,,,
,,,,,334644,662.6759,217,,,,,,,,
,,,,,334841,704.2539,197,,,,,,,,
714.1627,63.83326,827.2666,580.61475,221.4,335000,,,-255.49668884277344,-2.310153007507324,7.678892135620117,253.73165893554688,253.4017333984375,0.0003,0.0003,0.1
,,,,,335063,724.36896,222,,,,,,,,
,,,,,335271,700.7472,208,,,,,,,,
,,,,,335493,679.8794,222,,,,,,,,
,,,,,335697,745.42896,204,,,,,,,,
,,,,,335897,614.99475,200,,,,,,,,
,,,,,336000,,,-264.0003356933594,-1.6443700790405273,8.328088760375977,263.0904541015625,263.27362060546875,0.0003,0.0003,0.1
,,,,,336128,764.1007,231,,,,,,,,
,,,,,336383,803.53754,255,,,,,,,,
,,,,,336586,717.97504,203,,,,,,,,
,,,,,336778,687.1879,192,,,,,,,,
,,,,,337000,,,-257.30303955078125,-1.9331976175308228,10.211259841918945,256.36859130859375,256.3414306640625,0.0003,0.0003,0.1
,,,,,337003,692.70013,225,,,,,,,,
,,,,,337216,680.93384,213,,,,,,,,
,,,,,337430,792.9648,214,,,,,,,,
,,,,,337633,727.2855,203,,,,,,,,
,,,,,337840,752.1539,207,,,,,,,,
,,,,,338000,,,-262.9701843261719,-1.97425377368927,5.082524299621582,261.89605712890625,261.7032775878906,0.0003,0.0003,0.1
,,,,,338080,833.0587,240,,,,,,,,
,,,,,338302,695.9021,222,,,,,,,,
,,,,,338543,817.1652,241,,,,,,,,
,,,,,338745,722.7007,202,,,,,,,,
,,,,,338936,651.2326,191,,,,,,,,
,,,,,339000,,,-268.2361145019531,-1.8843082189559937,4.884491920471191,265.854248046875,265.9726257324219,0.0003,0.0003,0.1
,,,,,339137,700.71246,201,,,,,,,,
,,,,,339350,683.811,213,,,,,,,,
,,,,,339549,706.8911,199,,,,,,,,
,,,,,339748,699.79626,199,,,,,,,,
,,,,,339950,703.0855,202,,,,,,,,
576.66003,274.23737,758.71234,32.284927,171.3,340000,,,-261.06707763671875,-1.7321250438690186,14.84343433380127,259.51806640625,259.80865478515625,0.0003,0.0003,0.1
,,,,,340141,673.11505,191,,,,,,,,
,,,,,340348,755.72015,207,,,,,,,,
,,,,,340592,804.5268,244,,,,,,,,
,,,,,340797,717.52045,205,,,,,,,,
,,,,,341000,,,-263.4313659667969,-1.6120187044143677,16.321901321411133,262.0898132324219,261.427734375,0.0003,0.0003,0.1
,,,,,341003,642.22614,206,,,,,,,,
,,,,,341224,757.7117,221,,,,,,,,
,,,,,341428,726.00446,204,,,,,,,,
,,,,,341631,719.8788,203,,,,,,,,
,,,,,341818,551.7692,187,,,,,,,,
,,,,,342000,,,-267.7821044921875,-1.8242905139923096,95.17261505126953,265.6598205566406,265.4365234375,0.0003,0.0003,0.1
,,,,,342013,693.5306,195,,,,,,,,
,,,,,342209,693.0966,196,,,,,,,,
,,,,,342441,745.69666,232,,,,,,,,
,,,,,342661,815.6347,220,,,,,,,,
,,,,,342868,744.60846,207,,,,,,,,
,,,,,343000,,,-258.0724182128906,-2.0285909175872803,8.212596893310547,257.13043212890625,257.0552978515625,0.0003,0.0003,0.1
,,,,,343074,730.7208,206,,,,,,,,
,,,,,343301,718.27924,227,,,,,,,,
,,,,,343519,805.00183,218,,,,,,,,
,,,,,343714,671.209,195,,,,,,,,
,,,,,343923,660.0177,209,,,,,,,,
,,,,,344000,,,-264.49505615234375,-1.88107430934906,5.498836994171143,263.2444152832031,263.4357604980469,0.0003,0.0003,0.1
,,,,,344123,696.5612,200,,,,,,,,
,,,,,344365,832.3929,242,,,,,,,,
,,,,,344569,736.52356,204,,,,,,,,
,,,,,344788,688.4778,219,,,,,,,,
,,,,,344987,711.61426,199,,,,,,,,
656.30865,97.827065,740.827,408.925,198.0,345000,,,-260.5956115722656,-1.739549160003662,5.7178635597229,259.75494384765625,259.6457824707031,0.0003,0.0003,0.1
,,,,,345190,762.7758,203,,,,,,,,
,,,,,345391,718.1552,201,,,,,,,,
,,,,,345596,740.4436,205,,,,,,,,
,,,,,345806,763.1158,210,,,,,,,,
,,,,,346000,,,-260.3547668457031,-2.2473816871643066,8.26784896850586,258.11651611328125,257.8091735839844,0.0003,0.0003,0.1
,,,,,346011,629.91547,205,,,,,,,,
,,,,,346238,761.7811,227,,,,,,,,
,,,,,346466,760.80444,228,,,,,,,,
,,,,,346667,648.32196,201,,,,,,,,
,,,,,346878,708.97217,211,,,,,,,,
,,,,,347000,,,-263.2396240234375,-1.8153867721557617,7.499711990356445,260.54962158203125,260.68890380859375,0.0003,0.0003,0.1
,,,,,347080,705.2406,202,,,,,,,,
,,,,,347289,687.84155,209,,,,,,,,
,,,,,347482,693.5709,193,,,,,,,,
,,,,,347660,661.37054,178,,,,,,,,
,,,,,347869,654.72205,209,,,,,,,,
,,,,,348000,,,-258.81097412109375,-1.9018707275390625,7.269079208374023,257.1443176269531,256.9814758300781,0.0003,0.0003,0.1
,,,,,348092,713.84344,223,,,,,,,,
,,,,,348293,728.3705,201,,,,,,,,
,,,,,348526,794.61945,233,,,,,,,,
,,,,,348833,1001.6845,307,,,,,,,,
,,,,,349000,,,-262.87042236328125,-2.1169605255126953,6.878180503845215,262.16925048828125,261.8351135253906,0.0003,0.0003,0.1
,,,,,349037,701.1424,204,,,,,,,,
,,,,,349239,699.51697,202,,,,,,,,
,,,,,349451,726.1549,212,,,,,,,,
,,,,,349658,721.4431,207,,,,,,,,
,,,,,349868,723.2134,210,,,,,,,,
714.18066,35.73748,778.6636,666.779,214.7,350000,,,-255.65145874023438,-2.2218751907348633,5.69126033782959,254.5681610107422,254.48423767089844,0.0003,0.0003,0.1
,,,,,350081,747.3855,213,,,,,,,,
,,,,,350294,720.54297,213,,,,,,,,
,,,,,350465,462.84152,171,,,,,,,,
,,,,,350575,286.76395,110,,,,,,,,
,,,,,350791,718.12836,216,,,,,,,,
,,,,,350994,611.9709,203,,,,,,,,
,,,,,351000,,,-262.1075744628906,-1.9752154350280762,78.25799560546875,260.8547668457031,260.81805419921875,0.0003,0.0003,0.1
,,,,,351166,488.1539,172,,,,,,,,
,,,,,351359,627.4281,193,,,,,,,,
,,,,,351559,653.7565,200,,,,,,,,
,,,,,351773,688.2142,214,,,,,,,,
,,,,,351992,744.7411,219,,,,,,,,
,,,,,352000,,,-256.7111511230469,-2.135439157485962,22.402193069458008,252.2241668701172,251.91629028320312,0.0003,0.0003,0.1
,,,,,352194,658.8985,202,,,,,,,,
,,,,,352410,732.7567,216,,,,,,,,
,,,,,352631,717.39355,221,,,,,,,,
,,,,,352827,686.02277,196,,,,,,,,
,,,,,353000,,,-257.16632080078125,-2.056687831878662,28.494426727294922,255.3461151123047,255.58676147460938,0.0003,0.0003,0.1
,,,,,353053,746.61743,226,,,,,,,,
,,,,,353250,689.7458,197,,,,,,,,
,,,,,353445,671.3943,195,,,,,,,,
,,,,,353641,660.61444,196,,,,,,,,
,,,,,353807,483.88702,166,,,,,,,,
,,,,,354000,,,-265.6514892578125,-1.9821362495422363,19.426334381103516,264.15118408203125,263.59832763671875,0.0003,0.0003,0.1
,,,,,354015,664.0995,208,,,,,,,,
,,,,,354225,737.5224,210,,,,,,,,
,,,,,354422,689.1074,197,,,,,,,,
,,,,,354639,735.73114,217,,,,,,,,
,,,,,354835,658.8042,196,,,,,,,,
703.62274,52.263245,807.65576,607.66187,204.5,355000,,,-263.2082214355469,-1.6688798666000366,24.876657485961914,262.31298828125,262.0934753417969,0.0003,0.0003,0.1
,,,,,355035,627.4164,200,,,,,,,,
,,,,,355232,633.25354,197,,,,,,,,
,,,,,355254,28.660809,22,,,,,,,,
,,,,,355451,640.2886,197,,,,,,,,
,,,,,355711,896.4956,260,,,,,,,,
,,,,,355898,585.66,187,,,,,,,,
,,,,,356000,,,-258.4223937988281,-2.0034337043762207,3.930767059326172,257.8238220214844,257.9338073730469,0.0003,0.0003,0.1
,,,,,356091,609.67816,193,,,,,,,,
,,,,,356295,666.9944,204,,,,,,,,
,,,,,356514,746.0381,219,,,,,,,,
,,,,,356707,650.62427,193,,,,,,,,
,,,,,356928,687.6157,221,,,,,,,,
,,,,,357000,,,-258.36761474609375,-1.8154999017715454,6.732914924621582,257.34552001953125,258.15301513671875,0.0003,0.0003,0.1
,,,,,357118,610.0466,190,,,,,,,,
,,,,,357370,811.6135,252,,,,,,,,
,,,,,357586,717.9356,216,,,,,,,,
,,,,,357788,730.35297,202,,,,,,,,
,,,,,357985,655.6036,197,,,,,,,,
,,,,,358000,,,-260.3160705566406,-2.0390470027923584,7.228673934936523,259.2921142578125,259.8656005859375,0.0003,0.0003,0.1
,,,,,358209,701.4314,224,,,,,,,,
,,,,,358460,858.5639,251,,,,,,,,
,,,,,358674,676.77747,214,,,,,,,,
,,,,,358876,571.71313,202,,,,,,,,
,,,,,359000,,,-266.9524841308594,-1.6893390417099,3.858675718307495,265.8591003417969,266.144775390625,0.0003,0.0003,0.1
,,,,,359079,673.0442,203,,,,,,,,
,,,,,359335,900.03204,256,,,,,,,,
,,,,,359554,754.746,219,,,,,,,,
,,,,,359743,618.5763,189,,,,,,,,
,,,,,359934,629.9862,191,,,,,,,,
713.54333,75.698784,864.74164,620.93335,214.0,360000,,,-266.74066162109375,-1.6090384721755981,9.880295753479004,265.5169677734375,265.4544372558594,0.0003,0.0003,0.1
,,,,,360152,719.01746,218,,,,,,,,
,,,,,360425,873.07275,273,,,,,,,,
,,,,,360742,1008.2184,317,,,,,,,,
,,,,,360943,684.37573,201,,,,,,,,
,,,,,361000,,,-266.488037109375,-1.741734504699707,6.083364486694336,265.228515625,265.56646728515625,0.0003,0.0003,0.1
,,,,,361222,932.05585,279,,,,,,,,
,,,,,361463,839.2809,241,,,,,,,,
,,,,,361656,664.5448,193,,,,,,,,
,,,,,361868,687.83453,212,,,,,,,,
,,,,,362000,,,-272.4521484375,-1.8199433088302612,3.6443169116973877,269.9953918457031,270.09033203125,0.0003,0.0003,0.1
,,,,,362089,693.16846,221,,,,,,,,
,,,,,362319,794.4093,230,,,,,,,,
,,,,,362602,913.8716,283,,,,,,,,
,,,,,362858,868.3419,256,,,,,,,,
,,,,,363000,,,-258.7348327636719,-1.87993323802948,6.030492305755615,257.5943908691406,257.8719787597656,0.0003,0.0003,0.1
,,,,,363055,650.2033,197,,,,,,,,
,,,,,363296,826.8827,241,,,,,,,,
,,,,,363554,895.32477,258,,,,,,,,
,,,,,363762,676.3979,208,,,,,,,,
,,,,,363950,625.48663,188,,,,,,,,
,,,,,364000,,,-257.244140625,-1.7488881349563599,8.21728515625,255.81735229492188,256.296630859375,0.0003,0.0003,0.1
,,,,,364288,1099.0493,338,,,,,,,,
,,,,,364527,845.066,239,,,,,,,,
,,,,,364745,742.11,218,,,,,,,,
,,,,,364940,661.50385,195,,,,,,,,
721.6296,81.2114,902.10175,627.7861,215.4,365000,,,-259.43743896484375,-2.008279800415039,6.266425132751465,258.23321533203125,258.63519287109375,0.0003,0.0003,0.1
,,,,,365157,770.02826,217,,,,,,,,
,,,,,365392,788.8617,235,,,,,,,,
,,,,,365588,670.29016,196,,,,,,,,
,,,,,365807,712.0678,219,,,,,,,,
,,,,,366000,,,-260.56781005859375,-1.8098845481872559,7.628109455108643,259.6169738769531,259.65008544921875,0.0003,0.0003,0.1
,,,,,366006,699.10065,199,,,,,,,,
,,,,,366198,637.53973,192,,,,,,,,
,,,,,366378,639.7309,180,,,,,,,,
,,,,,366555,534.5542,177,,,,,,,,
,,,,,366797,819.05597,242,,,,,,,,
,,,,,367000,,,-264.37445068359375,-1.5309818983078003,15.11468505859375,263.8310241699219,263.182861328125,0.0003,0.0003,0.1
,,,,,367036,802.81384,239,,,,,,,,
,,,,,367269,752.16626,233,,,,,,,,
,,,,,367488,776.4849,219,,,,,,,,
,,,,,367711,746.48804,223,,,,,,,,
,,,,,367925,733.33453,214,,,,,,,,
,,,,,368000,,,-262.4730529785156,-1.5626227855682373,6.177567005157471,260.981689453125,261.3531494140625,0.0003,0.0003,0.1
,,,,,368150,765.09247,225,,,,,,,,
,,,,,368477,1060.458,327,,,,,,,,
,,,,,368707,784.3658,230,,,,,,,,
,,,,,369000,,,-265.222900390625,-1.7989795207977295,30.338958740234375,263.9233703613281,263.96319580078125,0.0003,0.0003,0.1
,,,,,369018,1055.9698,311,,,,,,,,
,,,,,369247,775.0775,229,,,,,,,,
,,,,,369491,831.2229,244,,,,,,,,
,,,,,369702,752.2194,211,,,,,,,,
,,,,,369919,696.5866,217,,,,,,,,
678.80096,233.21317,880.47656,11.972341,199.1,370000,,,-264.395751953125,-1.9381303787231445,7.124685764312744,263.45025634765625,263.64898681640625,0.0003,0.0003,0.1
,,,,,370113,641.99585,194,,,,,,,,
,,,,,370304,659.0418,191,,,,,,,,
,,,,,370581,942.7149,277,,,,,,,,
,,,,,370778,619.8723,197,,,,,,,,
,,,,,371000,,,-264.83770751953125,-1.4519761800765991,4.279480457305908,263.9619140625,264.135986328125,0.0003,0.0003,0.1
,,,,,371022,856.5104,244,,,,,,,,
,,,,,371234,599.8347,212,,,,,,,,
,,,,,371455,679.6561,221,,,,,,,,
,,,,,371684,770.7451,229,,,,,,,,
,,,,,371905,753.001,221,,,,,,,,
,,,,,372000,,,-259.3406066894531,-1.9205070734024048,8.606010437011719,258.281982421875,258.41552734375,0.0003,0.0003,0.1
,,,,,372131,737.35675,226,,,,,,,,
,,,,,372376,813.1411,245,,,,,,,,
,,,,,372571,664.0632,195,,,,,,,,
,,,,,372808,807.9444,237,,,,,,,,
,,,,,373000,,,-270.9893798828125,-1.8454887866973877,132.07794189453125,267.682861328125,268.140869140625,0.0003,0.0003,0.1
,,,,,373042,823.37286,234,,,,,,,,
,,,,,373254,706.2876,212,,,,,,,,
,,,,,373445,652.97815,191,,,,,,,,
,,,,,373570,328.34894,125,,,,,,,,
,,,,,373755,627.0012,185,,,,,,,,
,,,,,373953,694.17834,198,,,,,,,,
,,,,,374000,,,-265.84710693359375,-1.7553081512451172,5.101646423339844,264.4598083496094,264.7437744140625,0.0003,0.0003,0.1
,,,,,374172,743.71967,219,,,,,,,,
,,,,,374384,728.21326,212,,,,,,,,
,,,,,374576,605.46796,192,,,,,,,,
,,,,,374801,767.1295,225,,,,,,,,
698.7021,103.27299,885.2306,572.68054,214.0,375000,,,-263.9195556640625,-1.7403950691223145,4.529218673706055,263.0691223144531,263.1982727050781,0.0003,0.0003,0.1
,,,,,375005,675.9808,204,,,,,,,,
,,,,,375209,675.8745,204,,,,,,,,
,,,,,375431,720.6074,222,,,,,,,,
,,,,,375652,761.2217,221,,,,,,,,
,,,,,375865,718.4759,213,,,,,,,,
,,,,,376000,,,-262.6999206542969,-2.078589677810669,7.3529157638549805,261.3291015625,261.6259460449219,0.0003,0.0003,0.1
,,,,,376086,750.74866,221,,,,,,,,
,,,,,376308,696.90906,222,,,,,,,,
,,,,,376503,671.81573,195,,,,,,,,
,,,,,376686,633.3126,183,,,,,,,,
,,,,,376883,669.3739,197,,,,,,,,
,,,,,377000,,,-256.98907470703125,-1.8905081748962402,18.948070526123047,254.41702270507812,253.94068908691406,0.0003,0.0003,0.1
,,,,,377086,674.3111,203,,,,,,,,
,,,,,377293,686.8325,207,,,,,,,,
,,,,,377500,655.1865,207,,,,,,,,
,,,,,377817,1009.90234,317,,,,,,,,
,,,,,378000,,,-258.75543212890625,-1.699665904045105,7.532642364501953,257.3100891113281,257.5359191894531,0.0003,0.0003,0.1
,,,,,378061,834.41455,244,,,,,,,,
,,,,,378300,867.137,239,,,,,,,,
,,,,,378513,748.37195,213,,,,,,,,
,,,,,378748,777.1244,235,,,,,,,,
,,,,,378964,707.4157,216,,,,,,,,
,,,,,379000,,,-260.1125183105469,-1.886522889137268,6.562911033630371,259.0745849609375,259.1852722167969,0.0003,0.0003,0.1
,,,,,379217,831.0883,253,,,,,,,,
,,,,,379433,721.2928,216,,,,,,,,
,,,,,379668,779.32007,235,,,,,,,,
,,,,,379871,693.41766,203,,,,,,,,
821.2626,82.19418,1016.6007,741.4511,242.5,380000,,,-265.807861328125,-1.6981717348098755,6.449699878692627,264.8569030761719,264.49713134765625,0.0003,0.0003,0.1
,,,,,380104,766.36475,233,,,,,,,,
,,,,,380331,834.18414,227,,,,,,,,
,,,,,380597,906.2533,266,,,,,,,,
,,,,,380815,758.932,218,,,,,,,,
,,,,,381000,,,-253.90277099609375,-2.009164810180664,6.609652996063232,252.51712036132812,252.89178466796875,0.0003,0.0003,0.1
,,,,,381008,689.26855,193,,,,,,,,
,,,,,381261,872.0846,253,,,,,,,,
,,,,,381510,824.1045,249,,,,,,,,
,,,,,381763,900.26086,253,,,,,,,,
,,,,,381979,704.85455,216,,,,,,,,
,,,,,382000,,,-261.4638977050781,-1.9309507608413696,28.732053756713867,260.3936767578125,259.94390869140625,0.0003,0.0003,0.1
,,,,,382225,870.03015,246,,,,,,,,
,,,,,382474,870.95496,249,,,,,,,,
,,,,,382691,816.7871,217,,,,,,,,
,,,,,382916,718.6136,225,,,,,,,,
,,,,,383000,,,-263.31146240234375,-1.848100185394287,6.523338317871094,262.09130859375,262.588623046875,0.0003,0.0003,0.1
,,,,,383167,846.1727,251,,,,,,,,
,,,,,383377,697.27374,210,,,,,,,,
,,,,,383594,710.11865,217,,,,,,,,
,,,,,383806,782.6429,212,,,,,,,,
,,,,,384000,,,-256.46575927734375,-1.8581182956695557,5.711319923400879,254.85415649414062,255.31277465820312,0.0003,0.0003,0.1
,,,,,384063,915.15173,257,,,,,,,,
,,,,,384285,729.6049,222,,,,,,,,
,,,,,384518,738.2054,233,,,,,,,,
,,,,,384765,834.64886,247,,,,,,,,
799.98,76.084816,960.75214,692.5817,237.5,385000,,,-265.72418212890625,-1.7916866540908813,4.691648006439209,264.8378601074219,264.7884216308594,0.0003,0.0003,0.1
,,,,,385018,848.97296,253,,,,,,,,
,,,,,385218,689.1166,200,,,,,,,,
,,,,,385472,855.81866,254,,,,,,,,
,,,,,385709,800.2588,237,,,,,,,,
,,,,,385966,904.53345,257,,,,,,,,
,,,,,386000,,,-266.77734375,-1.4714548587799072,7.66036319732666,265.3105773925781,265.24566650390625,0.0003,0.0003,0.1
,,,,,386176,777.2742,210,,,,,,,,
,,,,,386403,765.45294,227,,,,,,,,
,,,,,386638,840.91693,235,,,,,,,,
,,,,,386886,851.7353,248,,,,,,,,
,,,,,387000,,,-268.2455139160156,-1.8114736080169678,8.2465238571167,267.07550048828125,267.23992919921875,0.0003,0.0003,0.1
,,,,,387117,809.24176,231,,,,,,,,
,,,,,387347,787.0003,230,,,,,,,,
,,,,,387567,759.02,220,,,,,,,,
,,,,,387844,980.4813,277,,,,,,,,
,,,,,388000,,,-263.6864013671875,-1.8292748928070068,10.536056518554688,262.89617919921875,262.9134521484375,0.0003,0.0003,0.1
,,,,,388037,610.59326,193,,,,,,,,
,,,,,388261,770.2255,224,,,,,,,,
,,,,,388506,867.7963,245,,,,,,,,
,,,,,388718,762.2811,212,,,,,,,,
,,,,,388927,711.18384,209,,,,,,,,
,,,,,389000,,,-262.6375732421875,-1.754304051399231,9.080747604370117,260.806884765625,261.1561584472656,0.0003,0.0003,0.1
,,,,,389157,808.3851,230,,,,,,,,
,,,,,389356,687.7951,199,,,,,,,,
,,,,,389571,759.12384,215,,,,,,,,
,,,,,389782,764.17676,211,,,,,,,,
731.3815,49.1057,814.7574,636.80133,213.6,390000,,,-266.73138427734375,-1.4197142124176025,5.1062331199646,265.2010498046875,265.3361511230469,0.0003,0.0003,0.1
,,,,,390004,760.3377,222,,,,,,,,
,,,,,390236,816.65576,232,,,,,,,,
,,,,,390423,555.28955,187,,,,,,,,
,,,,,390656,815.1333,233,,,,,,,,
,,,,,390899,833.22723,243,,,,,,,,
,,,,,391000,,,-255.14430236816406,-1.8548011779785156,7.725882530212402,254.46395874023438,254.08242797851562,0.0003,0.0003,0.1
,,,,,391114,764.27344,215,,,,,,,,
,,,,,391340,780.64386,226,,,,,,,,
,,,,,391550,740.0433,210,,,,,,,,
,,,,,391762,735.3459,212,,,,,,,,
,,,,,391956,680.59595,194,,,,,,,,
,,,,,392000,,,-272.8159484863281,-1.2383462190628052,4.168179988861084,271.9039001464844,272.0538635253906,0.0003,0.0003,0.1
,,,,,392182,764.3316,226,,,,,,,,
,,,,,392406,795.5437,224,,,,,,,,
,,,,,392607,689.781,201,,,,,,,,
,,,,,392838,786.6245,231,,,,,,,,
,,,,,393000,,,-260.0220642089844,-1.6014645099639893,10.663415908813477,258.93035888671875,258.894775390625,0.0003,0.0003,0.1
,,,,,393048,716.77203,210,,,,,,,,
,,,,,393261,731.5594,213,,,,,,,,
,,,,,393453,659.04767,192,,,,,,,,
,,,,,393662,723.00073,209,,,,,,,,
,,,,,393872,731.2491,210,,,,,,,,
,,,,,394000,,,-265.24017333984375,-1.7050997018814087,3.6922292709350586,262.77923583984375,263.1226806640625,0.0003,0.0003,0.1
,,,,,394071,671.6394,199,,,,,,,,
,,,,,394267,659.7674,196,,,,,,,,
,,,,,394467,690.74426,200,,,,,,,,
,,,,,394714,857.04584,247,,,,,,,,
,,,,,394905,656.60895,191,,,,,,,,
811.67725,82.88468,938.73724,647.0741,232.1,395000,,,-259.1388854980469,-1.9819326400756836,7.16098690032959,257.255126953125,257.71783447265625,0.0003,0.0003,0.1
,,,,,395096,662.99963,191,,,,,,,,
,,,,,395299,682.57794,203,,,,,,,,
,,,,,395535,850.0413,236,,,,,,,,
,,,,,395814,940.40967,279,,,,,,,,
,,,,,396000,,,-263.1069641113281,-1.7160919904708862,7.58096170425415,262.2330017089844,262.1426696777344,0.0003,0.0003,0.1
,,,,,396032,734.1852,218,,,,,,,,
,,,,,396281,862.52576,249,,,,,,,,
,,,,,396476,657.12537,195,,,,,,,,
,,,,,396678,722.7698,202,,,,,,,,
,,,,,396904,772.66547,226,,,,,,,,
,,,,,397000,,,-255.69329833984375,-1.9817304611206055,7.133804798126221,254.6747589111328,254.26214599609375,0.0003,0.0003,0.1
,,,,,397096,678.4586,192,,,,,,,,
,,,,,397322,784.471,226,,,,,,,,
,,,,,397563,877.3543,241,,,,,,,,
,,,,,397786,781.4386,223,,,,,,,,
,,,,,397981,676.0456,195,,,,,,,,
,,,,,398000,,,-265.8697509765625,-1.6348739862442017,8.103583335876465,265.05975341796875,265.15087890625,0.0003,0.0003,0.1
,,,,,398213,802.47974,232,,,,,,,,
,,,,,398439,784.60974,226,,,,,,,,
,,,,,398643,702.80566,204,,,,,,,,
,,,,,398877,812.2649,234,,,,,,,,
,,,,,399000,,,-268.07525634765625,-1.7380955219268799,7.922264575958252,265.5308532714844,265.2034912109375,0.0003,0.0003,0.1
,,,,,399108,822.05444,231,,,,,,,,
,,,,,399326,757.0764,218,,,,,,,,
,,,,,399560,800.74396,234,,,,,,,,
,,,,,399773,763.41693,213,,,,,,,,
,,,,,399978,738.28357,205,,,,,,,,
644.4938,321.99176,957.23157,13.623708,187.6,400000,,,-262.7016296386719,-1.765303611755371,7.927236557006836,260.76068115234375,260.519775390625,0.0003,0.0003,0.1
,,,,,400185,732.74316,207,,,,,,,,
,,,,,400415,764.34894,230,,,,,,,,
,,,,,400533,304.03235,118,,,,,,,,
,,,,,400732,670.6435,199,,,,,,,,
,,,,,400972,845.7449,240,,,,,,,,
,,,,,401000,,,-265.020751953125,-2.037242889404297,14.31457233428955,263.43304443359375,263.2889099121094,0.0003,0.0003,0.1
,,,,,401177,686.18585,205,,,,,,,,
,,,,,401367,644.5902,190,,,,,,,,
,,,,,401600,811.23676,233,,,,,,,,
,,,,,401821,766.26886,221,,,,,,,,
,,,,,402000,,,-266.9068298339844,-1.7065784931182861,7.2597551345825195,266.0258483886719,265.496337890625,0.0003,0.0003,0.1
,,,,,402018,676.9674,197,,,,,,,,
,,,,,402251,834.4144,233,,,,,,,,
,,,,,402468,753.00146,217,,,,,,,,
,,,,,402715,883.6722,247,,,,,,,,
,,,,,402915,681.4991,200,,,,,,,,
,,,,,403000,,,-261.10015869140625,-1.8922455310821533,8.837835311889648,259.470458984375,259.7986755371094,0.0003,0.0003,0.1
,,,,,403159,857.712,244,,,,,,,,
,,,,,403369,703.143,210,,,,,,,,
,,,,,403567,683.52277,198,,,,,,,,
,,,,,403796,775.93994,229,,,,,,,,
,,,,,403999,687.27466,203,,,,,,,,
,,,,,404000,,,-255.66278076171875,-1.9406886100769043,7.915210723876953,254.14955139160156,254.55587768554688,0.0003,0.0003,0.1
,,,,,404208,712.29297,209,,,,,,,,
,,,,,404383,588.13055,175,,,,,,,,
,,,,,404591,695.81964,208,,,,,,,,
,,,,,404791,694.04224,200,,,,,,,,
774.8847,64.09322,866.12384,655.62573,224.8,405000,,,-267.3363342285156,-1.7912483215332031,4.755941390991211,265.9903259277344,266.3945007324219,0.0003,0.0003,0.1
,,,,,405031,824.75476,240,,,,,,,,
,,,,,405236,688.3119,205,,,,,,,,
,,,,,405451,746.37244,215,,,,,,,,
,,,,,405685,837.1594,234,,,,,,,,
,,,,,405905,711.996,220,,,,,,,,
,,,,,406000,,,-270.9223327636719,-1.6515907049179077,14.548892974853516,268.98321533203125,268.7247314453125,0.0003,0.0003,0.1
,,,,,406127,755.0366,222,,,,,,,,
,,,,,406342,711.0423,215,,,,,,,,
,,,,,406562,741.5419,220,,,,,,,,
,,,,,406774,708.91974,212,,,,,,,,
,,,,,406967,630.9539,193,,,,,,,,
,,,,,407000,,,-262.44775390625,-1.737658977508545,13.8425931930542,260.5880126953125,260.98394775390625,0.0003,0.0003,0.1
,,,,,407186,751.74664,219,,,,,,,,
,,,,,407388,696.4246,202,,,,,,,,
,,,,,407579,544.8833,191,,,,,,,,
,,,,,407831,893.63416,252,,,,,,,,
,,,,,408000,,,-263.90234375,-1.5784976482391357,5.390233039855957,262.61474609375,262.9128723144531,0.0003,0.0003,0.1
,,,,,408044,678.1397,213,,,,,,,,
,,,,,408264,762.1757,220,,,,,,,,
,,,,,408504,840.148,240,,,,,,,,
,,,,,408727,766.96246,223,,,,,,,,
,,,,,408959,832.7532,232,,,,,,,,
,,,,,409000,,,-268.86273193359375,-1.7154706716537476,22.011064529418945,266.41015625,266.37451171875,0.0003,0.0003,0.1
,,,,,409182,746.09906,223,,,,,,,,
,,,,,409419,865.39716,237,,,,,,,,
,,,,,409724,1016.8477,305,,,,,,,,
,,,,,409945,763.6431,221,,,,,,,,
799.92993,91.2991,996.2467,694.8311,238.4,410000,,,-263.83526611328125,-1.9546668529510498,5.546062469482422,262.95233154296875,262.8692626953125,0.0003,0.0003,0.1
,,,,,410174,846.5987,229,,,,,,,,
,,,,,410388,742.3407,214,,,,,,,,
,,,,,410593,717.34735,205,,,,,,,,
,,,,,410797,690.23566,204,,,,,,,,
,,,,,411000,,,-259.91912841796875,-1.7511478662490845,24.7369327545166,258.05133056640625,258.50640869140625,0.0003,0.0003,0.1
,,,,,411008,745.705,211,,,,,,,,
,,,,,411226,781.1767,218,,,,,,,,
,,,,,411248,26.742874,22,,,,,,,,
,,,,,411457,792.22577,209,,,,,,,,
,,,,,411703,847.8203,246,,,,,,,,
,,,,,411921,760.3115,218,,,,,,,,
,,,,,412000,,,-270.4000549316406,-1.798101544380188,4.280200481414795,269.77947998046875,269.948974609375,0.0003,0.0003,0.1
,,,,,412139,766.62885,218,,,,,,,,
,,,,,412365,650.76996,226,,,,,,,,
,,,,,412568,714.417,203,,,,,,,,
,,,,,412766,675.37775,198,,,,,,,,
,,,,,412971,713.86707,205,,,,,,,,
,,,,,413000,,,-258.6089172363281,-1.9840307235717773,9.557884216308594,256.9234924316406,256.58563232421875,0.0003,0.0003,0.1
,,,,,413191,771.35626,220,,,,,,,,
,,,,,413401,714.6228,210,,,,,,,,
,,,,,413690,978.564,289,,,,,,,,
,,,,,413894,688.9055,204,,,,,,,,
,,,,,414000,,,-264.9653015136719,-1.6977710723876953,8.55662727355957,264.0857849121094,263.77587890625,0.0003,0.0003,0.1
,,,,,414139,870.48004,245,,,,,,,,
,,,,,414364,778.0426,225,,,,,,,,
,,,,,414564,704.3764,200,,,,,,,,
,,,,,414771,702.6584,207,,,,,,,,
,,,,,414969,659.6489,198,,,,,,,,
703.8743,51.01794,794.4271,617.3143,206.1,415000,,,-256.5593566894531,-1.5503383874893188,4.816458225250244,255.97222900390625,255.72207641601562,0.0003,0.0003,0.1
,,,,,415112,402.26886,143,,,,,,,,
,,,,,415307,689.4258,195,,,,,,,,
,,,,,415382,143.34654,75,,,,,,,,
,,,,,415594,689.6377,212,,,,,,,,
,,,,,415795,648.1925,201,,,,,,,,
,,,,,416000,,,-267.12579345703125,-1.9648737907409668,9.463337898254395,265.5673828125,265.75994873046875,0.0003,0.0003,0.1
,,,,,416044,845.4434,249,,,,,,,,
,,,,,416253,708.86194,209,,,,,,,,
,,,,,416452,681.2377,199,,,,,,,,
,,,,,416683,806.3891,231,,,,,,,,
,,,,,416895,703.37067,212,,,,,,,,
,,,,,417000,,,-266.5102844238281,-1.5806161165237427,4.8831353187561035,265.665771484375,266.1446228027344,0.0003,0.0003,0.1
,,,,,417154,898.6122,259,,,,,,,,
,,,,,417352,677.07916,198,,,,,,,,
,,,,,417607,891.9392,255,,,,,,,,
,,,,,417827,739.98267,220,,,,,,,,
,,,,,418000,,,-265.554931640625,-1.5689690113067627,8.218236923217773,264.65338134765625,264.96893310546875,0.0003,0.0003,0.1
,,,,,418040,731.13464,213,,,,,,,,
,,,,,418262,733.89575,222,,,,,,,,
,,,,,418486,752.5677,224,,,,,,,,
,,,,,418716,814.0951,230,,,,,,,,
,,,,,418923,702.7939,207,,,,,,,,
,,,,,419000,,,-265.0196838378906,-1.530022382736206,19.857267379760742,263.569580078125,263.1191711425781,0.0003,0.0003,0.1
,,,,,419178,881.0338,255,,,,,,,,
,,,,,419475,1011.0335,297,,,,,,,,
,,,,,419740,918.5837,265,,,,,,,,
,,,,,419893,411.92133,153,,,,,,,,
843.1117,53.24414,909.49414,728.3732,253.2,420000,,,-267.14056396484375,-1.678323745727539,6.054365634918213,265.0688171386719,264.9621887207031,0.0003,0.0003,0.1
,,,,,420132,815.62634,239,,,,,,,,
,,,,,420356,766.2754,224,,,,,,,,
,,,,,420566,768.423,210,,,,,,,,
,,,,,420772,691.40234,206,,,,,,,,
,,,,,420988,712.7944,216,,,,,,,,
,,,,,421000,,,-277.8787536621094,-1.6042317152023315,5.386411190032959,277.2061767578125,277.0245056152344,0.0003,0.0003,0.1
,,,,,421255,889.22906,267,,,,,,,,
,,,,,421461,685.8955,206,,,,,,,,
,,,,,421685,753.4079,224,,,,,,,,
,,,,,421885,672.112,200,,,,,,,,
,,,,,422000,,,-274.5484619140625,-1.4634512662887573,3.988258123397827,273.5826416015625,273.7348327636719,0.0003,0.0003,0.1
,,,,,422081,671.8115,196,,,,,,,,
,,,,,422285,695.4554,204,,,,,,,,
,,,,,422295,10.4915495,10,,,,,,,,
,,,,,422530,816.7533,235,,,,,,,,
,,,,,422793,917.97595,263,,,,,,,,
,,,,,423000,,,-261.3849792480469,-1.7534644603729248,5.610950469970703,260.3031005859375,260.3019714355469,0.0003,0.0003,0.1
,,,,,423006,685.1096,213,,,,,,,,
,,,,,423211,667.51447,205,,,,,,,,
,,,,,423441,779.56573,230,,,,,,,,
,,,,,423458,24.188072,17,,,,,,,,
,,,,,423672,699.58374,214,,,,,,,,
,,,,,423880,656.5702,208,,,,,,,,
,,,,,424000,,,-271.6766357421875,-1.53101646900177,13.279616355895996,270.357666015625,270.47607421875,0.0003,0.0003,0.1
,,,,,424101,771.2741,221,,,,,,,,
,,,,,424341,850.3493,240,,,,,,,,
,,,,,424561,746.31256,220,,,,,,,,
,,,,,424781,739.5506,220,,,,,,,,
808.11066,94.614296,925.95154,598.1483,235.5,425000,,,-268.9906921386719,-1.4392833709716797,6.543357849121094,268.19073486328125,268.3374938964844,0.0003,0.0003,0.1
,,,,,425053,949.39185,272,,,,,,,,
,,,,,425252,675.1287,199,,,,,,,,
,,,,,425493,869.918,241,,,,,,,,
,,,,,425784,1013.9444,291,,,,,,,,
,,,,,425987,689.54517,203,,,,,,,,
,,,,,426000,,,-260.2342529296875,-1.7368658781051636,11.137982368469238,258.14044189453125,257.760009765625,0.0003,0.0003,0.1
,,,,,426212,757.33276,225,,,,,,,,
,,,,,426423,785.7949,211,,,,,,,,
,,,,,426634,698.3459,211,,,,,,,,
,,,,,426832,670.27954,198,,,,,,,,
,,,,,427000,,,-271.1174011230469,-2.129275321960449,5.428855895996094,270.0189208984375,269.9709167480469,0.0003,0.0003,0.1
,,,,,427043,692.5952,211,,,,,,,,
,,,,,427113,149.51936,70,,,,,,,,
,,,,,427359,893.41205,246,,,,,,,,
,,,,,427560,704.5113,201,,,,,,,,
,,,,,427777,727.8471,217,,,,,,,,
,,,,,428000,,,-266.79827880859375,-1.7441774606704712,13.468721389770508,266.0116271972656,265.84783935546875,0.0003,0.0003,0.1
,,,,,428030,886.8245,253,,,,,,,,
,,,,,428291,950.407,261,,,,,,,,
,,,,,428531,851.02704,240,,,,,,,,
,,,,,428743,699.7622,212,,,,,,,,
,,,,,428953,704.7346,210,,,,,,,,
,,,,,429000,,,-267.19305419921875,-1.6331640481948853,14.621776580810547,265.6259460449219,266.13446044921875,0.0003,0.0003,0.1
,,,,,429152,641.3633,199,,,,,,,,
,,,,,429363,710.10925,211,,,,,,,,
,,,,,429583,743.84766,220,,,,,,,,
,,,,,429778,642.3043,195,,,,,,,,
592.1967,292.69354,817.91187,7.9404845,175.6,430000,,,-266.328857421875,-2.2435059547424316,6.6990742683410645,264.6510009765625,264.78662109375,0.0003,0.0003,0.1
,,,,,430002,751.9823,224,,,,,,,,
,,,,,430116,292.36115,114,,,,,,,,
,,,,,430354,821.55963,238,,,,,,,,
,,,,,430559,702.1784,205,,,,,,,,
,,,,,430791,815.512,232,,,,,,,,
,,,,,431000,,,-271.13397216796875,-1.5890564918518066,3.838766098022461,270.3742980957031,270.2117919921875,0.0003,0.0003,0.1
,,,,,431011,770.91815,220,,,,,,,,
,,,,,431257,888.6406,246,,,,,,,,
,,,,,431478,780.1779,221,,,,,,,,
,,,,,431689,732.1738,211,,,,,,,,
,,,,,431942,902.6781,253,,,,,,,,
,,,,,432000,,,-265.022705078125,-1.4233771562576294,6.083432197570801,264.15386962890625,263.7550048828125,0.0003,0.0003,0.1
,,,,,432143,659.95624,201,,,,,,,,
,,,,,432328,647.89777,185,,,,,,,,
,,,,,432539,723.96014,211,,,,,,,,
,,,,,432745,689.7192,206,,,,,,,,
,,,,,433000,922.7996,255,,,,,,,,
,,,,,433000,,,-260.7086181640625,-1.6721973419189453,8.276494979858398,257.6495666503906,257.24139404296875,0.0003,0.0003,0.1
,,,,,433210,743.9537,210,,,,,,,,
,,,,,433457,868.41235,247,,,,,,,,
,,,,,433649,687.3245,192,,,,,,,,
,,,,,433868,764.5584,219,,,,,,,,
,,,,,434000,,,-267.1769104003906,-1.8267583847045898,6.223932266235352,266.36529541015625,266.1436767578125,0.0003,0.0003,0.1
,,,,,434077,721.4033,209,,,,,,,,
,,,,,434296,768.2939,219,,,,,,,,
,,,,,434505,703.5883,209,,,,,,,,
,,,,,434726,785.7525,221,,,,,,,,
,,,,,434938,743.1737,212,,,,,,,,
781.6002,89.99384,895.0567,644.0906,226.0,435000,,,-271.46270751953125,-1.6308400630950928,9.926440238952637,268.7275695800781,268.78497314453125,0.0003,0.0003,0.1
,,,,,435154,771.9584,216,,,,,,,,
,,,,,435383,833.1447,229,,,,,,,,
,,,,,435587,755.6482,204,,,,,,,,
,,,,,435819,844.27637,232,,,,,,,,
,,,,,436000,,,-268.36590576171875,-1.3245792388916016,6.800325393676758,267.5035400390625,267.448486328125,0.0003,0.0003,0.1
,,,,,436034,729.1111,215,,,,,,,,
,,,,,436261,774.8415,227,,,,,,,,
,,,,,436467,707.9402,206,,,,,,,,
,,,,,436690,792.84216,223,,,,,,,,
,,,,,436904,716.27124,214,,,,,,,,
,,,,,437000,,,-271.9833068847656,-1.7294538021087646,24.5053653717041,270.46630859375,270.18377685546875,0.0003,0.0003,0.1
,,,,,437128,801.2447,224,,,,,,,,
,,,,,437334,715.18634,206,,,,,,,,
,,,,,437545,719.8896,211,,,,,,,,
,,,,,437765,806.4894,220,,,,,,,,
,,,,,437950,612.63727,185,,,,,,,,
,,,,,438000,,,-266.6532287597656,-1.6052106618881226,6.314328193664551,265.1011962890625,264.8858947753906,0.0003,0.0003,0.1
,,,,,438179,803.9173,229,,,,,,,,
,,,,,438386,683.0965,207,,,,,,,,
,,,,,438633,882.35004,247,,,,,,,,
,,,,,438852,767.3704,219,,,,,,,,
,,,,,439000,,,-263.1045837402344,-1.6728501319885254,11.094476699829102,261.2801818847656,260.9585266113281,0.0003,0.0003,0.1
,,,,,439067,750.0749,215,,,,,,,,
,,,,,439330,913.5817,263,,,,,,,,
,,,,,439570,840.9524,240,,,,,,,,
,,,,,439805,845.27576,235,,,,,,,,
785.33856,62.074604,913.425,671.16254,222.6,440000,,,-265.0390625,-1.6940147876739502,6.248094081878662,264.13134765625,264.00604248046875,0.0003,0.0003,0.1
,,,,,440029,794.5042,224,,,,,,,,
,,,,,440268,849.8551,239,,,,,,,,
,,,,,440491,782.66156,223,,,,,,,,
,,,,,440731,871.50397,240,,,,,,,,
,,,,,440938,716.4146,207,,,,,,,,
,,,,,441000,,,-271.4859619140625,-1.6399602890014648,4.707449436187744,270.6886901855469,270.5744934082031,0.0003,0.0003,0.1
,,,,,441154,793.75116,216,,,,,,,,
,,,,,441358,703.06104,204,,,,,,,,
,,,,,441592,820.9326,234,,,,,,,,
,,,,,441789,670.87646,197,,,,,,,,
,,,,,442000,,,-263.6087646484375,-1.7873998880386353,8.094985961914062,262.5010681152344,262.33673095703125,0.0003,0.0003,0.1
,,,,,442041,897.28595,252,,,,,,,,
,,,,,442221,613.5785,180,,,,,,,,
,,,,,442447,790.58673,226,,,,,,,,
,,,,,442655,771.13446,208,,,,,,,,
,,,,,442858,731.154,203,,,,,,,,
,,,,,443000,,,-270.3028564453125,-1.7890708446502686,5.2456955909729,269.40179443359375,269.6557922363281,0.0003,0.0003,0.1
,,,,,443064,752.8103,206,,,,,,,,
,,,,,443261,665.18506,197,,,,,,,,
,,,,,443469,698.0217,208,,,,,,,,
,,,,,443666,654.296,197,,,,,,,,
,,,,,443913,875.75745,247,,,,,,,,
,,,,,444000,,,-265.886474609375,-1.913236141204834,5.41949462890625,265.1624755859375,265.3289794921875,0.0003,0.0003,0.1
,,,,,444114,674.7671,201,,,,,,,,
,,,,,444305,648.18146,191,,,,,,,,
,,,,,444490,607.18317,185,,,,,,,,
,,,,,444688,693.32733,198,,,,,,,,
,,,,,444890,648.18866,202,,,,,,,,
728.472,49.674477,802.67035,658.194,208.1,445000,,,-268.2103271484375,-1.6881463527679443,6.858926773071289,267.4588928222656,267.52838134765625,0.0003,0.0003,0.1
,,,,,445079,667.2429,189,,,,,,,,
,,,,,445274,647.9183,195,,,,,,,,
,,,,,445470,661.0859,196,,,,,,,,
,,,,,445679,696.3572,209,,,,,,,,
,,,,,445882,642.5065,203,,,,,,,,
,,,,,446000,,,-271.1862487792969,-1.5728398561477661,6.034509658813477,269.9950866699219,269.71112060546875,0.0003,0.0003,0.1
,,,,,446092,751.6635,210,,,,,,,,
,,,,,446321,823.19476,229,,,,,,,,
,,,,,446519,650.7844,198,,,,,,,,
,,,,,446756,849.3783,237,,,,,,,,
,,,,,446932,606.75397,176,,,,,,,,
,,,,,447000,,,-265.7160339355469,-1.549729824066162,4.446610927581787,264.8865966796875,264.747802734375,0.0003,0.0003,0.1
,,,,,447138,688.6226,206,,,,,,,,
,,,,,447364,795.8494,226,,,,,,,,
,,,,,447579,743.29395,215,,,,,,,,
,,,,,447794,798.1831,215,,,,,,,,
,,,,,448000,,,-271.12445068359375,-1.8180872201919556,13.58594799041748,269.16644287109375,267.6899108886719,0.0003,0.0003,0.1
,,,,,448039,821.77936,245,,,,,,,,
,,,,,448288,862.00415,249,,,,,,,,
,,,,,448537,853.8878,249,,,,,,,,
,,,,,448760,776.1363,223,,,,,,,,
,,,,,449000,,,-272.53741455078125,-1.2502566576004028,7.605915069580078,269.7845458984375,270.33551025390625,0.0003,0.0003,0.1
,,,,,449003,841.649,243,,,,,,,,
,,,,,449193,636.88,190,,,,,,,,
,,,,,449427,793.2198,234,,,,,,,,
,,,,,449639,743.89374,212,,,,,,,,
,,,,,449850,730.6933,211,,,,,,,,
718.14355,47.446175,782.01996,626.70306,207.6,450000,,,-274.92340087890625,-1.3751978874206543,8.020486831665039,274.4276123046875,274.347900390625,0.0003,0.0003,0.1
,,,,,450029,617.4962,179,,,,,,,,
,,,,,450251,797.19037,222,,,,,,,,
,,,,,450459,711.6489,208,,,,,,,,
,,,,,450693,860.7762,234,,,,,,,,
,,,,,450888,694.3326,195,,,,,,,,
,,,,,451000,,,-256.2222900390625,-1.8147627115249634,5.377684116363525,255.37252807617188,255.67300415039062,0.0003,0.0003,0.1
,,,,,451084,691.2409,196,,,,,,,,
,,,,,451311,842.74066,227,,,,,,,,
,,,,,451524,737.2937,213,,,,,,,,
,,,,,451727,715.5339,203,,,,,,,,
,,,,,451918,648.23035,191,,,,,,,,
,,,,,452000,,,-259.2298889160156,-1.780562162399292,7.455633640289307,258.3488464355469,258.4130859375,0.0003,0.0003,0.1
,,,,,452142,829.1655,224,,,,,,,,
,,,,,452359,767.22815,217,,,,,,,,
,,,,,452598,876.7112,239,,,,,,,,
,,,,,452790,649.24817,192,,,,,,,,
,,,,,452989,673.6807,199,,,,,,,,
,,,,,453000,,,-271.670166015625,-1.5670547485351562,5.883277893066406,269.9787902832031,269.71966552734375,0.0003,0.0003,0.1
,,,,,453199,733.852,210,,,,,,,,
,,,,,453448,865.599,249,,,,,,,,
,,,,,453673,772.4657,225,,,,,,,,
,,,,,453841,577.0082,168,,,,,,,,
,,,,,454000,,,-270.1694030761719,-1.694101333618164,4.058347702026367,268.62591552734375,268.4784240722656,0.0003,0.0003,0.1
,,,,,454070,827.3665,229,,,,,,,,
,,,,,454280,727.3007,210,,,,,,,,
,,,,,454462,623.43274,182,,,,,,,,
,,,,,454672,746.2602,210,,,,,,,,
,,,,,454877,689.74384,205,,,,,,,,
749.7844,53.189674,847.3927,665.863,214.7,455000,,,-268.35809326171875,-1.3989211320877075,6.953388214111328,267.30926513671875,266.8244934082031,0.0003,0.0003,0.1
,,,,,455095,783.57007,218,,,,,,,,
,,,,,455301,726.5828,206,,,,,,,,
,,,,,455525,785.29596,224,,,,,,,,
,,,,,455757,822.31805,232,,,,,,,,
,,,,,455950,678.8673,193,,,,,,,,
,,,,,456000,,,-271.28118896484375,-1.6139781475067139,6.236234664916992,270.1810302734375,270.23138427734375,0.0003,0.0003,0.1
,,,,,456166,774.49854,216,,,,,,,,
,,,,,456363,662.45984,197,,,,,,,,
,,,,,456589,785.72565,226,,,,,,,,
,,,,,456794,667.9826,205,,,,,,,,
,,,,,457000,,,-263.69049072265625,-1.9010648727416992,25.34823226928711,261.5174255371094,261.8817138671875,0.0003,0.0003,0.1
,,,,,457022,785.7826,228,,,,,,,,
,,,,,457194,608.26495,172,,,,,,,,
,,,,,457417,811.6545,223,,,,,,,,
,,,,,457643,835.21985,226,,,,,,,,
,,,,,457877,828.4645,234,,,,,,,,
,,,,,458000,,,-276.09539794921875,-1.4399949312210083,7.101414680480957,275.0075988769531,275.4371337890625,0.0003,0.0003,0.1
,,,,,458094,802.4633,217,,,,,,,,
,,,,,458317,802.8757,223,,,,,,,,
,,,,,458555,841.5125,238,,,,,,,,
,,,,,458770,729.17456,215,,,,,,,,
,,,,,459000,,,-267.5408935546875,-1.9045493602752686,4.3069047927856445,266.57086181640625,266.7637939453125,0.0003,0.0003,0.1
,,,,,459008,865.08514,238,,,,,,,,
,,,,,459258,883.5369,250,,,,,,,,
,,,,,459478,792.56976,220,,,,,,,,
,,,,,459670,707.2619,192,,,,,,,,
,,,,,459880,755.30054,210,,,,,,,,
671.41223,224.38672,855.67633,12.364396,206.2,460000,,,-260.02349853515625,-1.7978119850158691,23.339033126831055,259.3052978515625,258.5196533203125,0.0003,0.0003,0.1
,,,,,460071,644.2335,191,,,,,,,,
,,,,,460267,711.0699,196,,,,,,,,
,,,,,460492,829.66046,225,,,,,,,,
,,,,,460729,867.2181,237,,,,,,,,
,,,,,460980,906.641,251,,,,,,,,
,,,,,461000,,,-262.77459716796875,-1.5798234939575195,5.075743198394775,262.0010070800781,261.8851623535156,0.0003,0.0003,0.1
,,,,,461214,830.7806,234,,,,,,,,
,,,,,461454,860.4427,240,,,,,,,,
,,,,,461680,795.297,226,,,,,,,,
,,,,,461888,728.5992,208,,,,,,,,
,,,,,462000,,,-271.81988525390625,-1.550290584564209,5.517431735992432,269.90234375,269.894287109375,0.0003,0.0003,0.1
,,,,,462100,736.3865,212,,,,,,,,
,,,,,462315,800.0554,215,,,,,,,,
,,,,,462522,720.8272,207,,,,,,,,
,,,,,462533,7.5345616,11,,,,,,,,
,,,,,462546,10.374691,13,,,,,,,,
,,,,,462558,8.935593,12,,,,,,,,
,,,,,462784,836.0407,226,,,,,,,,
,,,,,463000,,,-276.04833984375,-1.2478519678115845,97.20762634277344,275.64947509765625,274.80816650390625,0.0003,0.0003,0.1
,,,,,463001,780.22186,217,,,,,,,,
,,,,,463170,512.5303,169,,,,,,,,
,,,,,463379,765.8563,209,,,,,,,,
,,,,,463392,10.429822,13,,,,,,,,
,,,,,463620,863.09717,228,,,,,,,,
,,,,,463824,706.5581,204,,,,,,,,
,,,,,463836,9.494697,12,,,,,,,,
,,,,,464000,,,-273.71771240234375,-1.7964208126068115,18.700340270996094,272.07501220703125,271.31201171875,0.0003,0.0003,0.1
,,,,,464035,708.8292,199,,,,,,,,
,,,,,464221,655.4508,186,,,,,,,,
,,,,,464428,703.3533,207,,,,,,,,
,,,,,464614,668.50275,186,,,,,,,,
,,,,,464627,10.984965,13,,,,,,,,
,,,,,464849,813.31836,222,,,,,,,,
,,,,,464861,8.710181,12,,,,,,,,
,,,,,464875,11.583497,14,,,,,,,,
453.67487,364.183,814.8585,8.688982,130.5,465000,,,-272.31640625,-1.8005878925323486,6.551263809204102,271.2003173828125,270.710205078125,0.0003,0.0003,0.1
,,,,,465095,788.1877,220,,,,,,,,
,,,,,465310,778.81354,215,,,,,,,,
,,,,,465528,741.0174,218,,,,,,,,
,,,,,465743,787.5789,215,,,,,,,,
,,,,,465962,780.01117,219,,,,,,,,
,,,,,466000,,,-265.05755615234375,-1.6871471405029297,6.403590202331543,264.19757080078125,263.7577209472656,0.0003,0.0003,0.1
,,,,,466171,762.90454,209,,,,,,,,
,,,,,466389,821.51526,218,,,,,,,,
,,,,,466599,781.4709,210,,,,,,,,
,,,,,466611,8.670816,12,,,,,,,,
,,,,,466838,831.3039,227,,,,,,,,
,,,,,467000,,,-262.2671813964844,-1.6629111766815186,6.0996575355529785,260.6597595214844,260.5745544433594,0.0003,0.0003,0.1
,,,,,467042,729.3353,204,,,,,,,,
,,,,,467229,671.95416,187,,,,,,,,
,,,,,467428,665.2046,199,,,,,,,,
,,,,,467658,814.69836,230,,,,,,,,
,,,,,467877,764.4411,219,,,,,,,,
,,,,,468000,,,-264.97821044921875,-1.91439688205719,8.776450157165527,262.6289367675781,262.85235595703125,0.0003,0.0003,0.1
,,,,,468087,798.9041,210,,,,,,,,
,,,,,468285,688.6354,198,,,,,,,,
,,,,,468463,627.85187,178,,,,,,,,
,,,,,468741,949.1036,278,,,,,,,,
,,,,,468938,675.78906,197,,,,,,,,
,,,,,469000,,,-264.545654296875,-1.5757887363433838,9.565596580505371,263.6641540527344,263.8220520019531,0.0003,0.0003,0.1
,,,,,469151,767.13495,213,,,,,,,,
,,,,,469163,8.413322,12,,,,,,,,
,,,,,469179,14.795454,16,,,,,,,,
,,,,,469373,706.36707,194,,,,,,,,
,,,,,469569,695.2932,196,,,,,,,,
,,,,,469803,833.5705,234,,,,,,,,
571.3118,304.11166,898.13904,9.992964,171.8,470000,,,-260.7779235839844,-1.8941882848739624,21.220726013183594,259.6759033203125,259.7394714355469,0.0003,0.0003,0.1
,,,,,470008,755.4973,205,,,,,,,,
,,,,,470236,803.0352,228,,,,,,,,
,,,,,470488,848.4199,252,,,,,,,,
,,,,,470687,729.357,199,,,,,,,,
,,,,,470891,726.9802,204,,,,,,,,
,,,,,471000,,,-256.4472961425781,-1.8693420886993408,8.602681159973145,255.4392547607422,255.77708435058594,0.0003,0.0003,0.1
,,,,,471108,770.1714,217,,,,,,,,
,,,,,471306,656.56177,198,,,,,,,,
,,,,,471510,717.4024,204,,,,,,,,
,,,,,471710,693.388,200,,,,,,,,
,,,,,471978,955.70514,268,,,,,,,,
,,,,,472000,,,-269.28369140625,-1.7916090488433838,100.26744842529297,266.5351867675781,266.6120910644531,0.0003,0.0003,0.1
,,,,,472035,106.907814,57,,,,,,,,
,,,,,472247,806.52496,212,,,,,,,,
,,,,,472455,752.6406,208,,,,,,,,
,,,,,472649,701.05396,194,,,,,,,,
,,,,,472865,790.95605,216,,,,,,,,
,,,,,473000,,,-264.67303466796875,-1.897784948348999,3.5869102478027344,262.830322265625,262.8603210449219,0.0003,0.0003,0.1
,,,,,473081,761.098,216,,,,,,,,
,,,,,473287,763.94006,206,,,,,,,,
,,,,,473507,745.8299,220,,,,,,,,
,,,,,473748,874.1647,241,,,,,,,,
,,,,,473988,879.9285,240,,,,,,,,
,,,,,474000,,,-261.57330322265625,-1.946598768234253,5.285324573516846,260.85821533203125,260.4349365234375,0.0003,0.0003,0.1
,,,,,474191,705.3194,203,,,,,,,,
,,,,,474365,513.4727,174,,,,,,,,
,,,,,474585,786.2441,220,,,,,,,,
,,,,,474829,882.8393,244,,,,,,,,
838.9744,54.974743,930.605,752.9197,235.9,475000,,,-275.3526611328125,-1.746193766593933,5.730751991271973,274.2147521972656,274.5627746582031,0.0003,0.0003,0.1
,,,,,475122,976.0687,293,,,,,,,,
,,,,,475351,806.8949,229,,,,,,,,
,,,,,475555,752.28485,204,,,,,,,,
,,,,,475778,831.77765,223,,,,,,,,
,,,,,476000,,,-263.02197265625,-1.406216025352478,6.864927768707275,261.2905578613281,261.7613220214844,0.0003,0.0003,0.1
,,,,,476008,818.7709,230,,,,,,,,
,,,,,476268,909.15796,260,,,,,,,,
,,,,,476490,801.739,222,,,,,,,,
,,,,,476749,905.8359,259,,,,,,,,
,,,,,476971,782.6835,222,,,,,,,,
,,,,,477000,,,-271.7105712890625,-1.6203117370605469,6.06886625289917,270.83575439453125,270.47149658203125,0.0003,0.0003,0.1
,,,,,477197,816.3451,226,,,,,,,,
,,,,,477407,706.0358,210,,,,,,,,
,,,,,477619,749.6322,212,,,,,,,,
,,,,,477837,759.7458,218,,,,,,,,
,,,,,478000,,,-272.30889892578125,-1.3892651796340942,11.098908424377441,271.0856628417969,271.14483642578125,0.0003,0.0003,0.1
,,,,,478047,690.68506,210,,,,,,,,
,,,,,478299,888.7354,252,,,,,,,,
,,,,,478504,678.83636,205,,,,,,,,
,,,,,478713,733.75745,209,,,,,,,,
,,,,,478957,864.3394,244,,,,,,,,
,,,,,479000,,,-274.7819519042969,-1.6111780405044556,4.764655113220215,273.728759765625,274.1365661621094,0.0003,0.0003,0.1
,,,,,479161,697.7627,204,,,,,,,,
,,,,,479364,641.67084,203,,,,,,,,
,,,,,479592,845.49164,228,,,,,,,,
,,,,,479851,854.01135,259,,,,,,,,
812.5111,69.63223,885.1893,679.7958,222.9,480000,,,-268.73321533203125,-1.5313100814819336,26.269168853759766,267.56622314453125,267.001953125,0.0003,0.0003,0.1
,,,,,480083,805.1082,232,,,,,,,,
,,,,,480342,878.37994,259,,,,,,,,
,,,,,480608,936.2099,266,,,,,,,,
,,,,,480862,912.7029,254,,,,,,,,
,,,,,481000,,,-275.88720703125,-1.435258150100708,4.377874374389648,274.36431884765625,274.30322265625,0.0003,0.0003,0.1
,,,,,481120,814.3117,258,,,,,,,,
,,,,,481360,836.8458,240,,,,,,,,
,,,,,481602,829.3145,242,,,,,,,,
,,,,,481839,840.34955,237,,,,,,,,
,,,,,482000,,,-265.8188171386719,-1.4824308156967163,8.116138458251953,264.4969482421875,264.1171569824219,0.0003,0.0003,0.1
,,,,,482088,898.94745,249,,,,,,,,
,,,,,482297,716.775,209,,,,,,,,
,,,,,482506,679.2412,209,,,,,,,,
,,,,,482704,715.1463,198,,,,,,,,
,,,,,482948,847.98755,244,,,,,,,,
,,,,,483000,,,-267.706298828125,-1.548342227935791,6.767188549041748,266.3533935546875,266.5784606933594,0.0003,0.0003,0.1
,,,,,483152,693.5497,204,,,,,,,,
,,,,,483355,668.5899,203,,,,,,,,
,,,,,483551,660.70483,196,,,,,,,,
,,,,,483753,670.2285,202,,,,,,,,
,,,,,483965,697.5887,212,,,,,,,,
,,,,,484000,,,-266.3348388671875,-1.5651501417160034,4.811610221862793,264.8711242675781,264.8670959472656,0.0003,0.0003,0.1
,,,,,484181,752.33746,216,,,,,,,,
,,,,,484393,716.00555,212,,,,,,,,
,,,,,484625,835.8544,232,,,,,,,,
,,,,,484873,854.8768,248,,,,,,,,
727.0374,116.18631,886.8397,529.2123,220.4,485000,,,-261.03912353515625,-1.598291039466858,5.020725250244141,260.05377197265625,260.02734375,0.0003,0.0003,0.1
,,,,,485093,814.9537,220,,,,,,,,
,,,,,485308,717.68054,215,,,,,,,,
,,,,,485531,814.7592,223,,,,,,,,
,,,,,485748,755.1506,217,,,,,,,,
,,,,,485953,718.63385,205,,,,,,,,
,,,,,486000,,,-266.90576171875,-1.708974838256836,6.876016616821289,266.15673828125,265.995849609375,0.0003,0.0003,0.1
,,,,,486170,801.9293,217,,,,,,,,
,,,,,486413,882.7802,243,,,,,,,,
,,,,,486650,845.37415,237,,,,,,,,
,,,,,486850,724.1922,200,,,,,,,,
,,,,,487000,,,-272.927490234375,-1.4507046937942505,4.687908172607422,271.8813171386719,271.94329833984375,0.0003,0.0003,0.1
,,,,,487060,779.9224,210,,,,,,,,
,,,,,487280,804.7907,220,,,,,,,,
,,,,,487469,643.7642,189,,,,,,,,
,,,,,487699,848.4446,230,,,,,,,,
,,,,,487816,310.92627,117,,,,,,,,
,,,,,488000,,,-269.8603515625,-1.8170843124389648,7.161358833312988,268.7860412597656,268.60546875,0.0003,0.0003,0.1
,,,,,488059,841.5911,243,,,,,,,,
,,,,,488292,812.733,233,,,,,,,,
,,,,,488494,714.3338,202,,,,,,,,
,,,,,488718,825.7702,224,,,,,,,,
,,,,,488930,784.32007,212,,,,,,,,
,,,,,489000,,,-275.1240234375,-1.4342728853225708,6.1952805519104,272.6786193847656,272.3571472167969,0.0003,0.0003,0.1
,,,,,489115,637.7319,185,,,,,,,,
,,,,,489341,772.95306,226,,,,,,,,
,,,,,489583,866.9678,242,,,,,,,,
,,,,,489813,868.4536,230,,,,,,,,
733.09143,52.86454,807.6355,665.8072,208.2,490000,,,-263.48358154296875,-1.3376049995422363,6.878016471862793,262.49871826171875,262.6329345703125,0.0003,0.0003,0.1
,,,,,490008,681.9667,195,,,,,,,,
,,,,,490264,874.7656,256,,,,,,,,
,,,,,490465,711.9298,201,,,,,,,,
,,,,,490674,728.8707,209,,,,,,,,
,,,,,490787,272.26413,113,,,,,,,,
,,,,,490992,695.49994,205,,,,,,,,
,,,,,491000,,,-267.8119201660156,-1.518700122833252,5.110937595367432,266.47491455078125,266.5537109375,0.0003,0.0003,0.1
,,,,,491256,900.99744,264,,,,,,,,
,,,,,491496,799.0992,240,,,,,,,,
,,,,,491732,798.0985,236,,,,,,,,
,,,,,491959,835.30646,227,,,,,,,,
,,,,,492000,,,-273.9308776855469,-1.800751805305481,4.973082542419434,272.8194580078125,273.07403564453125,0.0003,0.0003,0.1
,,,,,492205,834.1768,246,,,,,,,,
,,,,,492431,790.2104,226,,,,,,,,
,,,,,492658,813.43286,227,,,,,,,,
,,,,,492887,788.6325,229,,,,,,,,
,,,,,493000,,,-271.9252624511719,-1.353125810623169,45.42897033691406,270.5044250488281,269.0508117675781,0.0003,0.0003,0.1
,,,,,493080,668.635,193,,,,,,,,
,,,,,493343,906.5545,263,,,,,,,,
,,,,,493591,810.1791,248,,,,,,,,
,,,,,493843,844.02765,252,,,,,,,,
,,,,,494000,,,-272.21453857421875,-1.4071297645568848,6.486617565155029,271.244384765625,271.5441589355469,0.0003,0.0003,0.1
,,,,,494080,864.74414,237,,,,,,,,
,,,,,494293,743.60486,213,,,,,,,,
,,,,,494509,744.0991,216,,,,,,,,
,,,,,494744,846.21136,235,,,,,,,,
,,,,,494951,731.45526,207,,,,,,,,
785.9198,68.0481,886.2525,698.20404,223.9,495000,,,-266.806884765625,-1.238792061805725,13.783608436584473,265.82720947265625,265.741943359375,0.0003,0.0003,0.1
,,,,,495161,724.7883,210,,,,,,,,
,,,,,495231,142.57709,70,,,,,,,,
,,,,,495436,726.7677,205,,,,,,,,
,,,,,495643,766.69946,207,,,,,,,,
,,,,,495867,811.9892,224,,,,,,,,
,,,,,496000,,,-267.42218017578125,-1.7036510705947876,11.832910537719727,265.8741455078125,265.6542053222656,0.0003,0.0003,0.1
,,,,,496067,717.8763,200,,,,,,,,
,,,,,496302,773.88654,235,,,,,,,,
,,,,,496501,717.68066,199,,,,,,,,
,,,,,496726,781.70825,225,,,,,,,,
,,,,,496983,898.5597,257,,,,,,,,
,,,,,497000,,,-272.3109130859375,-1.6852538585662842,6.570905685424805,271.20068359375,271.2433166503906,0.0003,0.0003,0.1
,,,,,497250,926.22327,267,,,,,,,,
,,,,,497431,600.21423,181,,,,,,,,
,,,,,497601,479.7132,170,,,,,,,,
,,,,,497834,833.6556,233,,,,,,,,
,,,,,498000,,,-262.7588806152344,-1.4071162939071655,5.472708225250244,262.0500183105469,261.556396484375,0.0003,0.0003,0.1
,,,,,498058,810.9016,224,,,,,,,,
,,,,,498242,644.23395,184,,,,,,,,
,,,,,498361,319.0467,119,,,,,,,,
,,,,,498429,134.93279,68,,,,,,,,
,,,,,498681,854.67505,252,,,,,,,,
,,,,,498925,797.95416,244,,,,,,,,
,,,,,499000,,,-267.2231140136719,-1.564258337020874,5.255366325378418,266.56658935546875,266.923583984375,0.0003,0.0003,0.1
,,,,,499047,320.50696,122,,,,,,,,
,,,,,499276,830.8274,229,,,,,,,,
,,,,,499517,857.9475,241,,,,,,,,
,,,,,499629,290.51825,112,,,,,,,,
,,,,,499878,858.2944,249,,,,,,,,
