Eval_AverageReturn,Eval_StdReturn,Eval_MaxReturn,Eval_MinReturn,Eval_AverageEpLen,step,Train_EpisodeReturn,Train_EpisodeLen,critic_loss,q_values,target_values,grad_norm,epsilon,lr
-1082.6714,516.37994,-515.1129,-2017.6268,142.7,0,,,,,,,,
,,,,,102,-63.435555,103,,,,,,
,,,,,232,-134.31633,130,,,,,,
,,,,,310,-334.44043,78,,,,,,
,,,,,378,-110.03728,68,,,,,,
,,,,,453,-55.70472,75,,,,,,
,,,,,547,-67.82653,94,,,,,,
,,,,,668,-285.1777,121,,,,,,
,,,,,800,-188.45389,132,,,,,,
,,,,,887,-226.16705,87,,,,,,
,,,,,952,-90.54808,65,,,,,,
,,,,,1023,-124.412704,71,,,,,,
,,,,,1131,-191.6914,108,,,,,,
,,,,,1236,-86.31278,105,,,,,,
,,,,,1294,-94.76554,58,,,,,,
,,,,,1385,-115.27803,91,,,,,,
,,,,,1497,-4.9840317,112,,,,,,
,,,,,1613,-175.09738,116,,,,,,
,,,,,1715,-374.83508,102,,,,,,
,,,,,1786,-50.781956,71,,,,,,
,,,,,1894,-321.23236,108,,,,,,
,,,,,1960,-101.486084,66,,,,,,
,,,,,2059,-171.74979,99,,,,,,
,,,,,2130,-181.57846,71,,,,,,
,,,,,2227,-337.35895,97,,,,,,
,,,,,2342,-110.37037,115,,,,,,
,,,,,2444,-71.388794,102,,,,,,
,,,,,2558,-390.9145,114,,,,,,
,,,,,2654,-170.10583,96,,,,,,
,,,,,2757,-253.95213,103,,,,,,
,,,,,2857,-244.60149,100,,,,,,
,,,,,2918,-202.63812,61,,,,,,
,,,,,3022,-195.73181,104,,,,,,
,,,,,3133,-122.6718,111,,,,,,
,,,,,3223,-323.33176,90,,,,,,
,,,,,3283,-122.4316,60,,,,,,
,,,,,3399,-285.08798,116,,,,,,
,,,,,3471,-274.17313,72,,,,,,
,,,,,3559,-455.70343,88,,,,,,
,,,,,3635,-74.55443,76,,,,,,
,,,,,3734,-273.12064,99,,,,,,
,,,,,3819,-339.13086,85,,,,,,
,,,,,3903,-324.85123,84,,,,,,
,,,,,3983,-193.35872,80,,,,,,
,,,,,4071,-347.17743,88,,,,,,
,,,,,4150,-98.828636,79,,,,,,
,,,,,4216,-328.65228,66,,,,,,
,,,,,4350,-194.51999,134,,,,,,
,,,,,4429,-258.8024,79,,,,,,
,,,,,4496,-52.999367,67,,,,,,
,,,,,4565,-128.7989,69,,,,,,
,,,,,4627,-69.37441,62,,,,,,
,,,,,4722,-317.64655,95,,,,,,
,,,,,4808,-337.39682,86,,,,,,
,,,,,4907,-69.53676,99,,,,,,
,,,,,4972,-96.83258,65,,,,,,
,,,,,5039,-169.52045,67,,,,,,
,,,,,5101,-118.49594,62,,,,,,
,,,,,5198,-222.6567,97,,,,,,
,,,,,5292,-156.56287,94,,,,,,
,,,,,5418,-50.19054,126,,,,,,
,,,,,5478,-131.73813,60,,,,,,
,,,,,5569,-422.72006,91,,,,,,
,,,,,5682,-292.80896,113,,,,,,
,,,,,5788,-244.58096,106,,,,,,
,,,,,5863,-306.83142,75,,,,,,
,,,,,5952,-130.83719,89,,,,,,
,,,,,6072,-130.60382,120,,,,,,
,,,,,6170,-92.221695,98,,,,,,
,,,,,6281,-83.797516,111,,,,,,
,,,,,6366,-99.46801,85,,,,,,
,,,,,6451,-384.84583,85,,,,,,
,,,,,6552,-160.35805,101,,,,,,
,,,,,6669,-299.14435,117,,,,,,
,,,,,6794,-134.77768,125,,,,,,
,,,,,6930,-92.73421,136,,,,,,
,,,,,7045,-356.58398,115,,,,,,
,,,,,7155,-316.5608,110,,,,,,
,,,,,7294,-215.9317,139,,,,,,
,,,,,7381,-289.344,87,,,,,,
,,,,,7477,-101.1927,96,,,,,,
,,,,,7643,-138.38153,166,,,,,,
,,,,,7716,-135.62419,73,,,,,,
,,,,,7818,-378.82025,102,,,,,,
,,,,,7909,-242.77768,91,,,,,,
,,,,,8055,-95.495346,146,,,,,,
,,,,,8143,-193.57962,88,,,,,,
,,,,,8239,-113.50103,96,,,,,,
,,,,,8333,-311.0927,94,,,,,,
,,,,,8449,-301.55438,116,,,,,,
,,,,,8552,-96.64745,103,,,,,,
,,,,,8696,-150.66496,144,,,,,,
,,,,,8773,-66.699585,77,,,,,,
,,,,,8855,-141.42865,82,,,,,,
,,,,,8987,-104.94926,132,,,,,,
,,,,,9141,-361.67258,154,,,,,,
,,,,,9251,-140.0583,110,,,,,,
,,,,,9333,-214.21292,82,,,,,,
,,,,,9418,-26.24099,85,,,,,,
,,,,,9494,-194.7114,76,,,,,,
,,,,,9614,-62.12725,120,,,,,,
,,,,,9709,-211.46185,95,,,,,,
,,,,,9776,-174.7476,67,,,,,,
,,,,,9872,-120.18272,96,,,,,,
,,,,,9941,-84.17825,69,,,,,,
-915.08105,514.06934,-532.2273,-2066.2053,119.6,10000,,,,,,,,
,,,,,10019,-302.46686,78,,,,,,
,,,,,10113,-92.38176,94,,,,,,
,,,,,10185,-140.01685,72,,,,,,
,,,,,10278,-341.74017,93,,,,,,
,,,,,10359,-199.21817,81,,,,,,
,,,,,10449,-60.469196,90,,,,,,
,,,,,10518,-98.28658,69,,,,,,
,,,,,10601,-514.19965,83,,,,,,
,,,,,10696,-107.03393,95,,,,,,
,,,,,10790,-117.407486,94,,,,,,
,,,,,10919,-219.48483,129,,,,,,
,,,,,11017,-357.71066,98,,,,,,
,,,,,11139,-159.09113,122,,,,,,
,,,,,11211,-83.0009,72,,,,,,
,,,,,11337,-53.2445,126,,,,,,
,,,,,11417,-254.70995,80,,,,,,
,,,,,11513,-118.91811,96,,,,,,
,,,,,11639,-184.85849,126,,,,,,
,,,,,11733,-89.94976,94,,,,,,
,,,,,11843,-389.4009,110,,,,,,
,,,,,11939,-248.09288,96,,,,,,
,,,,,12014,-360.56616,75,,,,,,
,,,,,12082,-98.5826,68,,,,,,
,,,,,12148,-230.71805,66,,,,,,
,,,,,12271,-54.684402,123,,,,,,
,,,,,12364,-66.24748,93,,,,,,
,,,,,12439,-174.59595,75,,,,,,
,,,,,12542,-96.01435,103,,,,,,
,,,,,12648,-185.18964,106,,,,,,
,,,,,12752,-107.02178,104,,,,,,
,,,,,12888,-112.64145,136,,,,,,
,,,,,13004,-69.658966,116,,,,,,
,,,,,13141,-308.7066,137,,,,,,
,,,,,13214,-199.36644,73,,,,,,
,,,,,13299,-372.22467,85,,,,,,
,,,,,13402,-337.53973,103,,,,,,
,,,,,13522,-265.15326,120,,,,,,
,,,,,13659,-164.59558,137,,,,,,
,,,,,13732,-101.55751,73,,,,,,
,,,,,13813,-63.471096,81,,,,,,
,,,,,13921,-365.93988,108,,,,,,
,,,,,13994,-85.262955,73,,,,,,
,,,,,14117,-158.75978,123,,,,,,
,,,,,14205,-99.75918,88,,,,,,
,,,,,14325,-15.969215,120,,,,,,
,,,,,14446,-163.70776,121,,,,,,
,,,,,14524,-214.575,78,,,,,,
,,,,,14596,-113.92851,72,,,,,,
,,,,,14695,-216.85681,99,,,,,,
,,,,,14785,-91.64901,90,,,,,,
,,,,,14875,-315.82443,90,,,,,,
,,,,,14973,-248.21912,98,,,,,,
,,,,,15077,-359.25244,104,,,,,,
,,,,,15173,-72.42827,96,,,,,,
,,,,,15281,-53.004017,108,,,,,,
,,,,,15362,11.32563,81,,,,,,
,,,,,15483,-382.02557,121,,,,,,
,,,,,15550,-99.6635,67,,,,,,
,,,,,15628,-120.234634,78,,,,,,
,,,,,15707,-74.794525,79,,,,,,
,,,,,15808,-279.8225,101,,,,,,
,,,,,15929,-147.76033,121,,,,,,
,,,,,16032,-534.0508,103,,,,,,
,,,,,16137,-304.7927,105,,,,,,
,,,,,16215,-112.25052,78,,,,,,
,,,,,16293,-101.27857,78,,,,,,
,,,,,16390,-92.59818,97,,,,,,
,,,,,16470,-187.70697,80,,,,,,
,,,,,16621,-107.69828,151,,,,,,
,,,,,16723,-97.94546,102,,,,,,
,,,,,16831,-233.76999,108,,,,,,
,,,,,16932,-351.3104,101,,,,,,
,,,,,17032,-295.37115,100,,,,,,
,,,,,17109,-75.107376,77,,,,,,
,,,,,17236,-172.87761,127,,,,,,
,,,,,17315,-129.40569,79,,,,,,
,,,,,17426,-365.64392,111,,,,,,
,,,,,17552,-144.11899,126,,,,,,
,,,,,17642,-410.4339,90,,,,,,
,,,,,17745,-318.24078,103,,,,,,
,,,,,17879,-328.7022,134,,,,,,
,,,,,17973,-243.45212,94,,,,,,
,,,,,18075,-87.376205,102,,,,,,
,,,,,18187,-36.351616,112,,,,,,
,,,,,18293,-290.55722,106,,,,,,
,,,,,18396,-147.58455,103,,,,,,
,,,,,18529,-357.90033,133,,,,,,
,,,,,18619,-415.6924,90,,,,,,
,,,,,18684,-353.1426,65,,,,,,
,,,,,18771,-448.71518,87,,,,,,
,,,,,18869,-135.91887,98,,,,,,
,,,,,18975,-358.28806,106,,,,,,
,,,,,19038,-142.71524,63,,,,,,
,,,,,19153,-200.33926,115,,,,,,
,,,,,19257,-288.20755,104,,,,,,
,,,,,19398,-251.04256,141,,,,,,
,,,,,19467,-86.53548,69,,,,,,
,,,,,19601,-295.96832,134,,,,,,
,,,,,19725,-189.08797,124,,,,,,
,,,,,19791,-269.1233,66,,,,,,
,,,,,19930,-431.1142,139,,,,,,
-1251.7367,1149.241,-423.49457,-3950.1199,161.8,20000,,,11.622997283935547,-0.04163265973329544,-1.044679880142212,8.563291549682617,0.88,0.001
,,,,,20013,-312.67566,83,,,,,,
,,,,,20102,-275.88385,89,,,,,,
,,,,,20175,-101.35378,73,,,,,,
,,,,,20265,-271.0634,90,,,,,,
,,,,,20387,-261.77423,122,,,,,,
,,,,,20484,-70.59502,97,,,,,,
,,,,,20597,-338.43872,113,,,,,,
,,,,,20713,-227.031,116,,,,,,
,,,,,20795,-206.14667,82,,,,,,
,,,,,20924,-10.370445,129,,,,,,
,,,,,21000,,,83.21795654296875,-2.4290566444396973,-1.342186450958252,44.8941535949707,0.874,0.001
,,,,,21057,-213.73383,133,,,,,,
,,,,,21203,-181.18634,146,,,,,,
,,,,,21273,-79.0437,70,,,,,,
,,,,,21357,-96.95918,84,,,,,,
,,,,,21430,-44.502655,73,,,,,,
,,,,,21532,-115.3736,102,,,,,,
,,,,,21629,-52.76241,97,,,,,,
,,,,,21722,-441.53815,93,,,,,,
,,,,,21809,-212.41849,87,,,,,,
,,,,,21921,-181.70958,112,,,,,,
,,,,,22000,,,49.70851516723633,-3.141915798187256,-3.104764699935913,31.75513458251953,0.868,0.001
,,,,,22064,-22.99459,143,,,,,,
,,,,,22184,-132.05554,120,,,,,,
,,,,,22300,-142.8596,116,,,,,,
,,,,,22373,-61.575768,73,,,,,,
,,,,,22462,-99.492836,89,,,,,,
,,,,,22582,-69.55256,120,,,,,,
,,,,,22642,-94.58612,60,,,,,,
,,,,,22771,-103.80194,129,,,,,,
,,,,,22840,-62.54525,69,,,,,,
,,,,,22962,-115.13573,122,,,,,,
,,,,,23000,,,67.56534576416016,-1.1873114109039307,-0.6638574004173279,112.357666015625,0.862,0.001
,,,,,23091,-143.27274,129,,,,,,
,,,,,23177,-89.07149,86,,,,,,
,,,,,23266,-140.23442,89,,,,,,
,,,,,23356,-138.59512,90,,,,,,
,,,,,23446,-77.095474,90,,,,,,
,,,,,23532,-95.220825,86,,,,,,
,,,,,23638,-62.291412,106,,,,,,
,,,,,23726,-229.41347,88,,,,,,
,,,,,23839,-41.184082,113,,,,,,
,,,,,23900,-183.13486,61,,,,,,
,,,,,24000,,,194.6106414794922,-1.766729474067688,0.00588381290435791,108.97036743164062,0.856,0.001
,,,,,24031,-111.73242,131,,,,,,
,,,,,24128,-88.3209,97,,,,,,
,,,,,24259,-143.04482,131,,,,,,
,,,,,24342,-198.58717,83,,,,,,
,,,,,24468,-325.06384,126,,,,,,
,,,,,24557,-195.23923,89,,,,,,
,,,,,24667,-138.72868,110,,,,,,
,,,,,24770,-78.7574,103,,,,,,
,,,,,24847,-72.06629,77,,,,,,
,,,,,24916,-67.85628,69,,,,,,
,,,,,25000,,,8.499258995056152,-1.4191021919250488,-1.1595598459243774,28.494028091430664,0.85,0.001
,,,,,25031,-405.172,115,,,,,,
,,,,,25153,-89.71739,122,,,,,,
,,,,,25290,-224.18787,137,,,,,,
,,,,,25407,-152.8411,117,,,,,,
,,,,,25477,-104.24788,70,,,,,,
,,,,,25552,-77.00587,75,,,,,,
,,,,,25665,-90.89276,113,,,,,,
,,,,,25787,-151.65039,122,,,,,,
,,,,,25855,-101.31388,68,,,,,,
,,,,,25954,-144.6911,99,,,,,,
,,,,,26000,,,14.537793159484863,-5.54968786239624,-5.095745086669922,47.63264083862305,0.844,0.001
,,,,,26033,-114.967316,79,,,,,,
,,,,,26108,-109.51083,75,,,,,,
,,,,,26205,-190.15198,97,,,,,,
,,,,,26301,-26.134773,96,,,,,,
,,,,,26423,-127.98161,122,,,,,,
,,,,,26518,-195.70111,95,,,,,,
,,,,,26632,-130.23982,114,,,,,,
,,,,,26774,-1.2568207,142,,,,,,
,,,,,26877,-87.642136,103,,,,,,
,,,,,26949,-154.74185,72,,,,,,
,,,,,27000,,,65.76614379882812,-2.4584195613861084,-3.2955572605133057,70.14224243164062,0.838,0.001
,,,,,27037,-215.68433,88,,,,,,
,,,,,27135,-82.18398,98,,,,,,
,,,,,27211,-75.930695,76,,,,,,
,,,,,27307,-157.3122,96,,,,,,
,,,,,27414,-8.255768,107,,,,,,
,,,,,27531,-149.15927,117,,,,,,
,,,,,27628,-91.87081,97,,,,,,
,,,,,27740,-97.939445,112,,,,,,
,,,,,27823,-107.35756,83,,,,,,
,,,,,27921,-121.942635,98,,,,,,
,,,,,27998,-99.582375,77,,,,,,
,,,,,28000,,,0.8724143505096436,2.1871140003204346,2.1567866802215576,14.0128755569458,0.832,0.001
,,,,,28068,-89.828156,70,,,,,,
,,,,,28196,-77.867584,128,,,,,,
,,,,,28272,-63.578014,76,,,,,,
,,,,,28366,-71.28537,94,,,,,,
,,,,,28463,-53.013374,97,,,,,,
,,,,,28559,-128.49173,96,,,,,,
,,,,,28639,-124.97484,80,,,,,,
,,,,,28713,-83.30802,74,,,,,,
,,,,,28822,-24.546173,109,,,,,,
,,,,,28928,-91.12924,106,,,,,,
,,,,,29000,,,52.49593734741211,-2.3332204818725586,-1.9321504831314087,64.9753646850586,0.8260000000000001,0.001
,,,,,29008,-96.48475,80,,,,,,
,,,,,29084,-72.48573,76,,,,,,
,,,,,29172,29.024231,88,,,,,,
,,,,,29249,-138.89262,77,,,,,,
,,,,,29396,-216.30588,147,,,,,,
,,,,,29501,-193.76416,105,,,,,,
,,,,,29592,-116.334335,91,,,,,,
,,,,,29696,-57.644676,104,,,,,,
,,,,,29780,-99.966515,84,,,,,,
,,,,,29883,-137.1651,103,,,,,,
,,,,,29999,-75.37427,116,,,,,,
-187.52591,61.413708,-146.05707,-366.1308,579.0,30000,,,1.2737705707550049,1.0480244159698486,1.0276663303375244,14.355496406555176,0.82,0.001
,,,,,30131,-93.33834,132,,,,,,
,,,,,30203,-74.66101,72,,,,,,
,,,,,30325,-130.25272,122,,,,,,
,,,,,30429,-108.525665,104,,,,,,
,,,,,30547,-87.297966,118,,,,,,
,,,,,30671,-14.017738,124,,,,,,
,,,,,30812,-29.126572,141,,,,,,
,,,,,30917,-68.172386,105,,,,,,
,,,,,31000,,,4.417646408081055,-3.0190072059631348,-3.2346386909484863,44.07332992553711,0.8140000000000001,0.001
,,,,,31001,-61.451138,84,,,,,,
,,,,,31113,-89.611496,112,,,,,,
,,,,,31196,-83.97449,83,,,,,,
,,,,,31299,-121.10903,103,,,,,,
,,,,,31377,-90.77995,78,,,,,,
,,,,,31474,-88.41629,97,,,,,,
,,,,,31563,-123.68779,89,,,,,,
,,,,,31682,-122.4806,119,,,,,,
,,,,,31766,-44.52919,84,,,,,,
,,,,,31848,-10.239197,82,,,,,,
,,,,,31971,-129.59346,123,,,,,,
,,,,,32000,,,12.729945182800293,-4.823744773864746,-3.8373422622680664,53.49695587158203,0.808,0.001
,,,,,32099,-38.12329,128,,,,,,
,,,,,32226,-82.66738,127,,,,,,
,,,,,32334,-140.05354,108,,,,,,
,,,,,32395,-69.49057,61,,,,,,
,,,,,32479,-67.04579,84,,,,,,
,,,,,32585,-77.377686,106,,,,,,
,,,,,32717,-15.785126,132,,,,,,
,,,,,32823,-144.10367,106,,,,,,
,,,,,32942,-157.36865,119,,,,,,
,,,,,33000,,,3.482597827911377,4.536879539489746,3.8288888931274414,43.443084716796875,0.802,0.001
,,,,,33025,-107.35463,83,,,,,,
,,,,,33158,-110.956505,133,,,,,,
,,,,,33273,-62.757767,115,,,,,,
,,,,,33365,-111.97041,92,,,,,,
,,,,,33454,-12.226715,89,,,,,,
,,,,,33616,-104.037445,162,,,,,,
,,,,,33752,-30.50708,136,,,,,,
,,,,,33891,-84.24267,139,,,,,,
,,,,,33992,-87.35948,101,,,,,,
,,,,,34000,,,2.7697598934173584,0.12226751446723938,0.31025299429893494,37.03419494628906,0.796,0.001
,,,,,34091,-105.207,99,,,,,,
,,,,,34216,-118.54382,125,,,,,,
,,,,,34308,-107.70862,92,,,,,,
,,,,,34400,-85.71255,92,,,,,,
,,,,,34470,-62.664585,70,,,,,,
,,,,,34615,-117.33475,145,,,,,,
,,,,,34698,-113.05585,83,,,,,,
,,,,,34812,-80.13899,114,,,,,,
,,,,,34931,-46.8328,119,,,,,,
,,,,,35000,-41.5069,69,,,,,,
,,,,,35000,,,3.6339545249938965,-3.6040375232696533,-3.8771543502807617,37.23955154418945,0.79,0.001
,,,,,35109,-92.02114,109,,,,,,
,,,,,35211,-108.475426,102,,,,,,
,,,,,35310,-83.0431,99,,,,,,
,,,,,35417,-158.66217,107,,,,,,
,,,,,35507,-77.5771,90,,,,,,
,,,,,35616,-79.28485,109,,,,,,
,,,,,35704,-77.30286,88,,,,,,
,,,,,35801,-53.57294,97,,,,,,
,,,,,35929,-118.50987,128,,,,,,
,,,,,36000,,,1.7323405742645264,8.837691307067871,9.229936599731445,42.75957489013672,0.784,0.001
,,,,,36033,-54.857662,104,,,,,,
,,,,,36196,-23.255127,163,,,,,,
,,,,,36296,-40.755234,100,,,,,,
,,,,,36436,-96.74553,140,,,,,,
,,,,,36542,-44.58456,106,,,,,,
,,,,,36626,-68.82333,84,,,,,,
,,,,,36688,-93.90184,62,,,,,,
,,,,,36758,-66.29625,70,,,,,,
,,,,,36879,-97.374825,121,,,,,,
,,,,,36958,-73.77174,79,,,,,,
,,,,,37000,,,3.3868765830993652,4.089628219604492,4.640046119689941,37.52109909057617,0.778,0.001
,,,,,37048,-41.659855,90,,,,,,
,,,,,37109,-76.879074,61,,,,,,
,,,,,37177,-85.65338,68,,,,,,
,,,,,37287,-84.02886,110,,,,,,
,,,,,37395,-229.66602,108,,,,,,
,,,,,37483,-78.87044,88,,,,,,
,,,,,37538,-62.661034,55,,,,,,
,,,,,37669,-61.331085,131,,,,,,
,,,,,37790,-80.303375,121,,,,,,
,,,,,37870,-31.210083,80,,,,,,
,,,,,37945,-61.956745,75,,,,,,
,,,,,38000,,,8.682221412658691,4.595921993255615,3.978545665740967,54.67951202392578,0.772,0.001
,,,,,38070,-116.68393,125,,,,,,
,,,,,38158,-92.7958,88,,,,,,
,,,,,38277,-105.9015,119,,,,,,
,,,,,38395,-61.617794,118,,,,,,
,,,,,38519,-90.70224,124,,,,,,
,,,,,38643,-24.386032,124,,,,,,
,,,,,38717,-98.9779,74,,,,,,
,,,,,38791,-48.09713,74,,,,,,
,,,,,38889,-83.53181,98,,,,,,
,,,,,38989,-109.136696,100,,,,,,
,,,,,39000,,,6.444755554199219,1.234860897064209,1.2669004201889038,64.46723937988281,0.766,0.001
,,,,,39100,-116.64409,111,,,,,,
,,,,,39223,-80.61821,123,,,,,,
,,,,,39333,-112.06585,110,,,,,,
,,,,,39418,-70.99324,85,,,,,,
,,,,,39565,-70.731544,147,,,,,,
,,,,,39682,-48.624123,117,,,,,,
,,,,,39830,-115.84258,148,,,,,,
,,,,,39920,-32.601547,90,,,,,,
-164.61565,58.792007,-49.185226,-266.557,658.8,40000,,,49.10462951660156,6.728419303894043,5.899571895599365,119.38719177246094,0.76,0.001
,,,,,40101,-46.905315,181,,,,,,
,,,,,40189,-89.67522,88,,,,,,
,,,,,40359,-24.872345,170,,,,,,
,,,,,40432,-86.27996,73,,,,,,
,,,,,40509,-75.402664,77,,,,,,
,,,,,40619,-52.30587,110,,,,,,
,,,,,40694,-74.14801,75,,,,,,
,,,,,40813,-106.39965,119,,,,,,
,,,,,40871,-123.96761,58,,,,,,
,,,,,40962,-85.92852,91,,,,,,
,,,,,41000,,,21.28376579284668,0.8070704936981201,1.596779227256775,65.95353698730469,0.754,0.001
,,,,,41050,-57.402252,88,,,,,,
,,,,,41170,-79.18486,120,,,,,,
,,,,,41259,-150.65489,89,,,,,,
,,,,,41413,-33.295258,154,,,,,,
,,,,,41510,-183.1419,97,,,,,,
,,,,,41652,-136.72118,142,,,,,,
,,,,,41763,-63.296677,111,,,,,,
,,,,,41827,-36.808586,64,,,,,,
,,,,,41935,-27.55883,108,,,,,,
,,,,,42000,,,1.2915152311325073,12.503268241882324,12.311750411987305,23.6275634765625,0.748,0.001
,,,,,42115,-19.463661,180,,,,,,
,,,,,42207,-49.81812,92,,,,,,
,,,,,42284,-72.25424,77,,,,,,
,,,,,42410,-25.17308,126,,,,,,
,,,,,42506,-77.70883,96,,,,,,
,,,,,42597,-56.315407,91,,,,,,
,,,,,42664,-49.09995,67,,,,,,
,,,,,42784,-72.12166,120,,,,,,
,,,,,42884,-133.00456,100,,,,,,
,,,,,42993,-62.12841,109,,,,,,
,,,,,43000,,,4.126376152038574,14.03607177734375,13.918572425842285,33.899314880371094,0.742,0.001
,,,,,43087,-15.405319,94,,,,,,
,,,,,43196,-66.956345,109,,,,,,
,,,,,43304,-79.40207,108,,,,,,
,,,,,43451,-96.984634,147,,,,,,
,,,,,43563,-49.593685,112,,,,,,
,,,,,43647,-84.43145,84,,,,,,
,,,,,43784,-97.13527,137,,,,,,
,,,,,43926,-62.02667,142,,,,,,
,,,,,44000,,,240.13839721679688,11.945513725280762,13.920783996582031,286.5261535644531,0.736,0.001
,,,,,44012,-54.720383,86,,,,,,
,,,,,44079,-66.81264,67,,,,,,
,,,,,44167,-85.41456,88,,,,,,
,,,,,44249,-33.1296,82,,,,,,
,,,,,44325,-72.424736,76,,,,,,
,,,,,44477,-21.019463,152,,,,,,
,,,,,44563,-76.63187,86,,,,,,
,,,,,44728,-56.667336,165,,,,,,
,,,,,44852,-126.359695,124,,,,,,
,,,,,44956,45.869293,104,,,,,,
,,,,,45000,,,4.556233882904053,16.58806800842285,16.985872268676758,46.014251708984375,0.73,0.001
,,,,,45070,-41.87916,114,,,,,,
,,,,,45150,-101.376305,80,,,,,,
,,,,,45259,-85.70531,109,,,,,,
,,,,,45375,-58.499245,116,,,,,,
,,,,,45471,-71.3312,96,,,,,,
,,,,,45596,-220.16246,125,,,,,,
,,,,,45711,-170.39798,115,,,,,,
,,,,,45811,-84.675644,100,,,,,,
,,,,,45890,-47.683067,79,,,,,,
,,,,,46000,,,6.148667335510254,7.944923400878906,8.531854629516602,50.74342727661133,0.724,0.001
,,,,,46006,-110.992874,116,,,,,,
,,,,,46121,-85.861565,115,,,,,,
,,,,,46245,-38.41216,124,,,,,,
,,,,,46359,-80.56561,114,,,,,,
,,,,,46440,-118.386406,81,,,,,,
,,,,,46560,-73.77725,120,,,,,,
,,,,,46638,-131.55112,78,,,,,,
,,,,,46735,-85.38498,97,,,,,,
,,,,,46807,-40.35444,72,,,,,,
,,,,,46881,-90.93073,74,,,,,,
,,,,,46985,-75.95627,104,,,,,,
,,,,,47000,,,13.411770820617676,-2.1618032455444336,-1.4629366397857666,57.38691711425781,0.718,0.001
,,,,,47100,-85.79108,115,,,,,,
,,,,,47229,-29.98433,129,,,,,,
,,,,,47312,-45.6024,83,,,,,,
,,,,,47443,-61.77333,131,,,,,,
,,,,,47526,-56.825916,83,,,,,,
,,,,,47675,-74.67555,149,,,,,,
,,,,,47772,-46.016094,97,,,,,,
,,,,,47906,-130.25496,134,,,,,,
,,,,,48000,,,36.6053466796875,9.60080337524414,10.444025039672852,162.2220458984375,0.712,0.001
,,,,,48039,-79.60656,133,,,,,,
,,,,,48110,-56.742336,71,,,,,,
,,,,,48230,-51.809223,120,,,,,,
,,,,,48315,-70.8837,85,,,,,,
,,,,,48437,-32.64612,122,,,,,,
,,,,,48530,-89.45198,93,,,,,,
,,,,,48651,-10.519302,121,,,,,,
,,,,,48761,-154.63486,110,,,,,,
,,,,,48823,-56.38964,62,,,,,,
,,,,,48937,-103.93261,114,,,,,,
,,,,,49000,,,8.427305221557617,3.907343864440918,3.9549312591552734,66.2353286743164,0.706,0.001
,,,,,49015,-65.434494,78,,,,,,
,,,,,49105,-70.31313,90,,,,,,
,,,,,49190,-105.89288,85,,,,,,
,,,,,49303,-69.21951,113,,,,,,
,,,,,49390,-46.72911,87,,,,,,
,,,,,49498,-59.73866,108,,,,,,
,,,,,49581,-67.65445,83,,,,,,
,,,,,49657,-39.611217,76,,,,,,
,,,,,49751,-73.70039,94,,,,,,
,,,,,49982,-19.537766,231,,,,,,
-151.4616,77.92006,-64.64721,-281.77805,579.2,50000,,,19.052804946899414,10.191946029663086,9.724082946777344,106.27054595947266,0.7,0.001
,,,,,50100,-47.955456,118,,,,,,
,,,,,50200,-82.42997,100,,,,,,
,,,,,50314,-41.334732,114,,,,,,
,,,,,50436,-37.40951,122,,,,,,
,,,,,50577,-105.803696,141,,,,,,
,,,,,50686,-107.31002,109,,,,,,
,,,,,50766,-23.687592,80,,,,,,
,,,,,50907,-64.83712,141,,,,,,
,,,,,51000,,,4.852705478668213,16.431814193725586,16.3436279296875,43.45859146118164,0.694,0.001
,,,,,51014,-99.563835,107,,,,,,
,,,,,51116,-41.4673,102,,,,,,
,,,,,51196,-59.60166,80,,,,,,
,,,,,51344,-55.86949,148,,,,,,
,,,,,51417,-9.520302,73,,,,,,
,,,,,51482,-59.429237,65,,,,,,
,,,,,51618,-77.18913,136,,,,,,
,,,,,51710,-83.607414,92,,,,,,
,,,,,51864,-4.3946075,154,,,,,,
,,,,,51971,-41.879105,107,,,,,,
,,,,,52000,,,9.269075393676758,6.896413803100586,6.541267395019531,65.09137725830078,0.688,0.001
,,,,,52092,-111.36501,121,,,,,,
,,,,,52156,-50.259315,64,,,,,,
,,,,,52278,-89.55046,122,,,,,,
,,,,,52361,-52.93036,83,,,,,,
,,,,,52472,-100.50436,111,,,,,,
,,,,,52553,-83.40804,81,,,,,,
,,,,,52638,-83.31043,85,,,,,,
,,,,,52726,-87.22725,88,,,,,,
,,,,,52814,-151.32765,88,,,,,,
,,,,,52904,-45.411446,90,,,,,,
,,,,,53000,,,7.914792537689209,12.800365447998047,12.700252532958984,36.057010650634766,0.6819999999999999,0.001
,,,,,53035,-54.257267,131,,,,,,
,,,,,53170,-57.37299,135,,,,,,
,,,,,53253,-71.62933,83,,,,,,
,,,,,53343,-90.97486,90,,,,,,
,,,,,53492,-51.286102,149,,,,,,
,,,,,53575,-57.679325,83,,,,,,
,,,,,53676,-35.895157,101,,,,,,
,,,,,53806,-28.054703,130,,,,,,
,,,,,53888,-24.056725,82,,,,,,
,,,,,54000,-113.45601,112,,,,,,
,,,,,54000,,,71.08792114257812,16.81859016418457,17.838775634765625,87.65263366699219,0.6759999999999999,0.001
,,,,,54098,-32.47664,98,,,,,,
,,,,,54166,-85.06591,68,,,,,,
,,,,,54282,-102.44205,116,,,,,,
,,,,,54389,-69.797905,107,,,,,,
,,,,,54470,-9.670219,81,,,,,,
,,,,,54565,-3.9201126,95,,,,,,
,,,,,54744,-97.14748,179,,,,,,
,,,,,54866,-104.66121,122,,,,,,
,,,,,54981,-56.426445,115,,,,,,
,,,,,55000,,,2.6950201988220215,13.306198120117188,13.072575569152832,35.1152458190918,0.67,0.001
,,,,,55177,-193.65341,196,,,,,,
,,,,,55319,-81.67996,142,,,,,,
,,,,,55393,-31.7958,74,,,,,,
,,,,,55494,-69.80874,101,,,,,,
,,,,,55623,-44.427853,129,,,,,,
,,,,,55709,-24.002075,86,,,,,,
,,,,,55877,-52.32045,168,,,,,,
,,,,,55965,-56.799213,88,,,,,,
,,,,,56000,,,2.734870433807373,23.29421043395996,23.778657913208008,59.537479400634766,0.6639999999999999,0.001
,,,,,56094,-30.929337,129,,,,,,
,,,,,56164,-21.963837,70,,,,,,
,,,,,56259,-75.2326,95,,,,,,
,,,,,56398,-126.73905,139,,,,,,
,,,,,56486,-31.426437,88,,,,,,
,,,,,56576,-38.06334,90,,,,,,
,,,,,56662,-43.336826,86,,,,,,
,,,,,56775,-44.188995,113,,,,,,
,,,,,56843,-80.22198,68,,,,,,
,,,,,56969,-96.21762,126,,,,,,
,,,,,57000,,,2.9343652725219727,20.559247970581055,20.340803146362305,32.50056457519531,0.6579999999999999,0.001
,,,,,57070,-52.30451,101,,,,,,
,,,,,57174,-92.12688,104,,,,,,
,,,,,57274,-85.83493,100,,,,,,
,,,,,57392,-91.6574,118,,,,,,
,,,,,57517,-1.3975525,125,,,,,,
,,,,,57611,-54.58054,94,,,,,,
,,,,,57678,-32.086075,67,,,,,,
,,,,,57750,-85.65257,72,,,,,,
,,,,,57874,-69.78105,124,,,,,,
,,,,,58000,,,3.8296005725860596,22.426223754882812,22.69932746887207,60.094085693359375,0.652,0.001
,,,,,58089,52.772003,215,,,,,,
,,,,,58205,-59.95747,116,,,,,,
,,,,,58337,-8.747414,132,,,,,,
,,,,,58457,-135.91838,120,,,,,,
,,,,,58567,-91.84524,110,,,,,,
,,,,,58660,-50.63471,93,,,,,,
,,,,,58776,-79.509315,116,,,,,,
,,,,,58876,-50.60792,100,,,,,,
,,,,,58956,-89.22897,80,,,,,,
,,,,,59000,,,364.8306579589844,21.85753059387207,25.086750030517578,562.2142333984375,0.646,0.001
,,,,,59059,-72.24266,103,,,,,,
,,,,,59160,-102.199814,101,,,,,,
,,,,,59263,-60.439434,103,,,,,,
,,,,,59354,-23.5251,91,,,,,,
,,,,,59448,-87.18493,94,,,,,,
,,,,,59557,-72.165054,109,,,,,,
,,,,,59638,-65.261475,81,,,,,,
,,,,,59744,-100.41018,106,,,,,,
,,,,,59814,-34.94529,70,,,,,,
,,,,,59916,-104.30506,102,,,,,,
-214.57376,79.435646,-78.45662,-308.0301,475.8,60000,,,2.5127317905426025,19.903602600097656,20.175987243652344,25.614452362060547,0.6399999999999999,0.001
,,,,,60006,-53.94205,90,,,,,,
,,,,,60090,-100.3646,84,,,,,,
,,,,,60194,-90.09106,104,,,,,,
,,,,,60276,-107.41163,82,,,,,,
,,,,,60389,-85.21345,113,,,,,,
,,,,,60502,-60.506836,113,,,,,,
,,,,,60601,-68.773964,99,,,,,,
,,,,,60675,-47.957546,74,,,,,,
,,,,,60782,-9.529221,107,,,,,,
,,,,,60888,-118.536415,106,,,,,,
,,,,,60963,-71.056366,75,,,,,,
,,,,,61000,,,30.851896286010742,12.406030654907227,12.243429183959961,97.82962799072266,0.634,0.001
,,,,,61039,-47.68736,76,,,,,,
,,,,,61116,-78.76331,77,,,,,,
,,,,,61188,-79.05709,72,,,,,,
,,,,,61318,-75.34143,130,,,,,,
,,,,,61413,-20.168312,95,,,,,,
,,,,,61495,-56.91881,82,,,,,,
,,,,,61563,-69.977585,68,,,,,,
,,,,,61663,-132.38509,100,,,,,,
,,,,,61762,-82.69389,99,,,,,,
,,,,,61842,-26.017464,80,,,,,,
,,,,,61956,-101.82574,114,,,,,,
,,,,,62000,,,5.290013790130615,21.188425064086914,21.78854751586914,69.05646514892578,0.628,0.001
,,,,,62053,-79.57483,97,,,,,,
,,,,,62156,-31.379562,103,,,,,,
,,,,,62258,-35.339905,102,,,,,,
,,,,,62368,-88.76978,110,,,,,,
,,,,,62448,-82.90238,80,,,,,,
,,,,,62543,-75.30844,95,,,,,,
,,,,,62624,-29.770828,81,,,,,,
,,,,,62707,-60.66484,83,,,,,,
,,,,,62806,-81.3827,99,,,,,,
,,,,,62919,-60.049103,113,,,,,,
,,,,,63000,,,4.437970161437988,16.1939640045166,15.744373321533203,54.82552719116211,0.622,0.001
,,,,,63011,-35.71547,92,,,,,,
,,,,,63101,-59.9775,90,,,,,,
,,,,,63200,-77.72458,99,,,,,,
,,,,,63269,-37.407784,69,,,,,,
,,,,,63341,-15.328232,72,,,,,,
,,,,,63413,-32.855324,72,,,,,,
,,,,,63520,-114.01404,107,,,,,,
,,,,,63599,-68.9324,79,,,,,,
,,,,,63679,-24.935257,80,,,,,,
,,,,,63790,-59.70148,111,,,,,,
,,,,,63864,-66.93971,74,,,,,,
,,,,,63939,-71.09507,75,,,,,,
,,,,,64000,,,10.1650390625,21.791156768798828,21.02925682067871,76.13160705566406,0.616,0.001
,,,,,64038,-96.5684,99,,,,,,
,,,,,64158,-26.384323,120,,,,,,
,,,,,64273,-51.03594,115,,,,,,
,,,,,64359,-52.832966,86,,,,,,
,,,,,64465,-37.750053,106,,,,,,
,,,,,64691,-356.12543,226,,,,,,
,,,,,64807,-67.47551,116,,,,,,
,,,,,64898,-25.016235,91,,,,,,
,,,,,65000,,,8.369275093078613,11.192682266235352,10.621435165405273,57.7240104675293,0.61,0.001
,,,,,65005,-43.424152,107,,,,,,
,,,,,65090,-43.453888,85,,,,,,
,,,,,65187,-52.651253,97,,,,,,
,,,,,65284,-32.14589,97,,,,,,
,,,,,65401,-156.59853,117,,,,,,
,,,,,65527,-56.934036,126,,,,,,
,,,,,65639,-48.881824,112,,,,,,
,,,,,65727,-41.518677,88,,,,,,
,,,,,65806,-40.85849,79,,,,,,
,,,,,65892,-112.24833,86,,,,,,
,,,,,65995,-76.61366,103,,,,,,
,,,,,66000,,,3.097342014312744,25.372276306152344,25.479267120361328,29.468345642089844,0.604,0.001
,,,,,66093,-67.245575,98,,,,,,
,,,,,66168,-37.185936,75,,,,,,
,,,,,66269,-64.04642,101,,,,,,
,,,,,66390,-93.768234,121,,,,,,
,,,,,66485,-82.518196,95,,,,,,
,,,,,66589,-82.58628,104,,,,,,
,,,,,66686,-86.08178,97,,,,,,
,,,,,66756,-87.04059,70,,,,,,
,,,,,66870,-30.98169,114,,,,,,
,,,,,66970,-21.240486,100,,,,,,
,,,,,67000,,,152.93617248535156,22.49956512451172,23.844390869140625,644.0380249023438,0.598,0.001
,,,,,67052,-9.184235,82,,,,,,
,,,,,67138,-43.09838,86,,,,,,
,,,,,67239,-68.32978,101,,,,,,
,,,,,67363,9.584717,124,,,,,,
,,,,,67433,-64.33048,70,,,,,,
,,,,,67528,-14.390381,95,,,,,,
,,,,,67624,-23.889496,96,,,,,,
,,,,,67692,-61.18858,68,,,,,,
,,,,,67764,-8.039032,72,,,,,,
,,,,,67839,-40.68292,75,,,,,,
,,,,,67961,-136.72632,122,,,,,,
,,,,,68000,,,6.7391486167907715,19.64204216003418,19.794784545898438,70.93524932861328,0.5920000000000001,0.001
,,,,,68068,-117.10675,107,,,,,,
,,,,,68146,-89.74911,78,,,,,,
,,,,,68268,-78.84378,122,,,,,,
,,,,,68391,-1.2678146,123,,,,,,
,,,,,68549,-21.683098,158,,,,,,
,,,,,68630,-70.79153,81,,,,,,
,,,,,68773,-18.274826,143,,,,,,
,,,,,68905,0.21469879,132,,,,,,
,,,,,68984,-62.486984,79,,,,,,
,,,,,69000,,,3.18780255317688,20.86363410949707,20.794076919555664,44.61692810058594,0.586,0.001
,,,,,69076,-20.354744,92,,,,,,
,,,,,69258,-4.985199,182,,,,,,
,,,,,69368,-73.889915,110,,,,,,
,,,,,69443,-18.149384,75,,,,,,
,,,,,69536,-79.335815,93,,,,,,
,,,,,69630,-103.707306,94,,,,,,
,,,,,69725,-71.58043,95,,,,,,
,,,,,69809,-65.825,84,,,,,,
,,,,,69883,-18.10353,74,,,,,,
-194.40952,76.41037,-99.270485,-358.26535,488.1,70000,,,6.3215484619140625,16.5856876373291,16.57273292541504,48.033138275146484,0.58,0.001
,,,,,70013,-37.50624,130,,,,,,
,,,,,70084,-50.860283,71,,,,,,
,,,,,70205,5.239685,121,,,,,,
,,,,,70288,-26.593002,83,,,,,,
,,,,,70395,-135.28992,107,,,,,,
,,,,,70516,-59.34365,121,,,,,,
,,,,,70615,-32.912674,99,,,,,,
,,,,,70692,-57.263023,77,,,,,,
,,,,,70847,-195.90323,155,,,,,,
,,,,,70918,-47.58706,71,,,,,,
,,,,,71000,,,4.788413047790527,26.88260269165039,27.037874221801758,34.19163513183594,0.5740000000000001,0.001
,,,,,71003,-40.7398,85,,,,,,
,,,,,71096,-72.479355,93,,,,,,
,,,,,71218,-146.76129,122,,,,,,
,,,,,71317,-54.50561,99,,,,,,
,,,,,71443,-17.729721,126,,,,,,
,,,,,71576,-16.888832,133,,,,,,
,,,,,71652,-41.35172,76,,,,,,
,,,,,71770,-97.15841,118,,,,,,
,,,,,71865,18.98996,95,,,,,,
,,,,,71946,-75.536514,81,,,,,,
,,,,,72000,,,3.7410738468170166,30.595890045166016,31.147090911865234,64.187255859375,0.5680000000000001,0.001
,,,,,72031,-47.25927,85,,,,,,
,,,,,72141,-55.20769,110,,,,,,
,,,,,72212,-110.31839,71,,,,,,
,,,,,72301,-57.513615,89,,,,,,
,,,,,72397,-43.43002,96,,,,,,
,,,,,72523,-188.21266,126,,,,,,
,,,,,72645,-219.5986,122,,,,,,
,,,,,72746,-28.036964,101,,,,,,
,,,,,72821,-4.4126587,75,,,,,,
,,,,,72930,-80.415634,109,,,,,,
,,,,,73000,,,30.491477966308594,26.091175079345703,25.958284378051758,73.82659149169922,0.5619999999999999,0.001
,,,,,73053,-53.940983,123,,,,,,
,,,,,73183,-49.09256,130,,,,,,
,,,,,73295,-61.73223,112,,,,,,
,,,,,73363,-6.995079,68,,,,,,
,,,,,73474,-91.216385,111,,,,,,
,,,,,73552,-27.576088,78,,,,,,
,,,,,73650,-45.51181,98,,,,,,
,,,,,73772,-33.37008,122,,,,,,
,,,,,73855,-33.363922,83,,,,,,
,,,,,73971,-52.18518,116,,,,,,
,,,,,74000,,,8.374493598937988,29.31028938293457,29.788681030273438,47.75774002075195,0.556,0.001
,,,,,74058,-45.431026,87,,,,,,
,,,,,74167,-103.95324,109,,,,,,
,,,,,74281,7.7516556,114,,,,,,
,,,,,74360,-72.52267,79,,,,,,
,,,,,74444,-58.11564,84,,,,,,
,,,,,74562,-28.15689,118,,,,,,
,,,,,74665,-67.13994,103,,,,,,
,,,,,74762,-20.397545,97,,,,,,
,,,,,74837,-46.80826,75,,,,,,
,,,,,74906,-7.7689896,69,,,,,,
,,,,,75000,,,11.24698257446289,28.502443313598633,28.619632720947266,52.284881591796875,0.55,0.001
,,,,,75013,-23.326447,107,,,,,,
,,,,,75107,-48.67844,94,,,,,,
,,,,,75221,-36.54875,114,,,,,,
,,,,,75341,-65.31057,120,,,,,,
,,,,,75433,-44.051056,92,,,,,,
,,,,,75528,-9.360016,95,,,,,,
,,,,,75618,27.405289,90,,,,,,
,,,,,75710,-114.92771,92,,,,,,
,,,,,75814,-41.822426,104,,,,,,
,,,,,75890,-12.681335,76,,,,,,
,,,,,75964,-7.90361,74,,,,,,
,,,,,76000,,,44.632938385009766,27.778377532958984,26.756328582763672,154.11041259765625,0.5439999999999999,0.001
,,,,,76041,-69.96187,77,,,,,,
,,,,,76132,-1.1002731,91,,,,,,
,,,,,76247,14.150505,115,,,,,,
,,,,,76325,-39.808857,78,,,,,,
,,,,,76399,-21.307861,74,,,,,,
,,,,,76482,-93.392494,83,,,,,,
,,,,,76590,-34.29747,108,,,,,,
,,,,,76700,-32.890823,110,,,,,,
,,,,,76830,19.91932,130,,,,,,
,,,,,76922,-75.842606,92,,,,,,
,,,,,77000,,,81.9947738647461,17.596691131591797,18.838226318359375,285.52154541015625,0.538,0.001
,,,,,77058,-51.598473,136,,,,,,
,,,,,77145,7.630249,87,,,,,,
,,,,,77269,-63.196964,124,,,,,,
,,,,,77355,-40.583817,86,,,,,,
,,,,,77463,-34.55281,108,,,,,,
,,,,,77548,-94.05808,85,,,,,,
,,,,,77640,-19.851486,92,,,,,,
,,,,,77727,-59.67807,87,,,,,,
,,,,,77823,-57.986565,96,,,,,,
,,,,,77901,-42.30907,78,,,,,,
,,,,,78000,,,4.976326942443848,30.7408447265625,30.485572814941406,49.78362274169922,0.532,0.001
,,,,,78016,-62.92228,115,,,,,,
,,,,,78091,-26.746277,75,,,,,,
,,,,,78187,-34.489685,96,,,,,,
,,,,,78357,-49.338997,170,,,,,,
,,,,,78473,-65.31225,116,,,,,,
,,,,,78593,23.09327,120,,,,,,
,,,,,78686,-44.739418,93,,,,,,
,,,,,78790,-1.4549484,104,,,,,,
,,,,,78862,-41.060688,72,,,,,,
,,,,,78974,-15.360283,112,,,,,,
,,,,,79000,,,171.516357421875,25.968212127685547,28.39903450012207,218.38714599609375,0.526,0.001
,,,,,79076,-48.178726,102,,,,,,
,,,,,79180,-31.233673,104,,,,,,
,,,,,79259,-30.197594,79,,,,,,
,,,,,79346,-86.29732,87,,,,,,
,,,,,79431,38.207214,85,,,,,,
,,,,,79528,-64.417076,97,,,,,,
,,,,,79619,-22.520012,91,,,,,,
,,,,,79732,-14.939499,113,,,,,,
,,,,,79824,-34.819794,92,,,,,,
,,,,,79937,-73.10368,113,,,,,,
-222.70146,56.21813,-121.82297,-308.62878,627.5,80000,,,3.200240135192871,18.834667205810547,19.19171905517578,41.98556137084961,0.52,0.001
,,,,,80034,-49.508945,97,,,,,,
,,,,,80171,-30.735023,137,,,,,,
,,,,,80267,-36.37397,96,,,,,,
,,,,,80354,-28.113533,87,,,,,,
,,,,,80466,-16.346634,112,,,,,,
,,,,,80558,-51.32634,92,,,,,,
,,,,,80683,-38.44062,125,,,,,,
,,,,,80819,-2.9160004,136,,,,,,
,,,,,80945,-89.07194,126,,,,,,
,,,,,81000,,,63.240264892578125,3.583096981048584,3.2984867095947266,111.98709106445312,0.514,0.001
,,,,,81039,-28.467583,94,,,,,,
,,,,,81136,-49.81192,97,,,,,,
,,,,,81218,12.082817,82,,,,,,
,,,,,81289,-38.873413,71,,,,,,
,,,,,81446,-38.84298,157,,,,,,
,,,,,81580,-17.486664,134,,,,,,
,,,,,81695,8.214516,115,,,,,,
,,,,,81803,9.615799,108,,,,,,
,,,,,81910,-62.83864,107,,,,,,
,,,,,82000,,,4.717578887939453,30.992019653320312,30.994129180908203,38.68545150756836,0.508,0.001
,,,,,82026,-40.304527,116,,,,,,
,,,,,82135,-15.342758,109,,,,,,
,,,,,82225,-48.98564,90,,,,,,
,,,,,82312,26.059517,87,,,,,,
,,,,,82440,19.276512,128,,,,,,
,,,,,82525,-50.109543,85,,,,,,
,,,,,82610,9.4136505,85,,,,,,
,,,,,82695,-28.04641,85,,,,,,
,,,,,82765,-20.235443,70,,,,,,
,,,,,83000,,,5.266822814941406,15.63133430480957,15.453554153442383,41.77484893798828,0.502,0.001
,,,,,83433,-248.58469,668,,,,,,
,,,,,83517,-23.747643,84,,,,,,
,,,,,83623,-36.650845,106,,,,,,
,,,,,83712,13.946472,89,,,,,,
,,,,,83828,13.083954,116,,,,,,
,,,,,83914,-48.474094,86,,,,,,
,,,,,84000,-40.12193,86,,,,,,
,,,,,84000,,,10.30428695678711,23.974267959594727,23.439083099365234,52.13094711303711,0.4959999999999999,0.001
,,,,,84108,-38.082165,108,,,,,,
,,,,,84226,18.988586,118,,,,,,
,,,,,84351,-43.357853,125,,,,,,
,,,,,84439,-52.00772,88,,,,,,
,,,,,84540,-14.3600235,101,,,,,,
,,,,,84674,-30.508492,134,,,,,,
,,,,,84753,-16.665146,79,,,,,,
,,,,,84883,-57.60298,130,,,,,,
,,,,,85000,,,4.383960723876953,17.376501083374023,17.56659698486328,47.46974182128906,0.49,0.001
,,,,,85008,-30.31559,125,,,,,,
,,,,,85135,13.482178,127,,,,,,
,,,,,85281,-45.388557,146,,,,,,
,,,,,85409,-1.1304092,128,,,,,,
,,,,,86000,,,4.12647008895874,39.157615661621094,38.59612274169922,49.15858840942383,0.484,0.001
,,,,,86137,-81.032166,728,,,,,,
,,,,,86255,-9.131645,118,,,,,,
,,,,,86348,-49.966545,93,,,,,,
,,,,,86439,-17.056747,91,,,,,,
,,,,,86523,-14.517914,84,,,,,,
,,,,,86837,-15.544281,314,,,,,,
,,,,,86936,-48.143074,99,,,,,,
,,,,,87000,,,38.31779479980469,30.607492446899414,30.3043212890625,117.62052154541016,0.478,0.001
,,,,,87037,-33.75814,101,,,,,,
,,,,,87146,-12.75444,109,,,,,,
,,,,,88000,,,4.34303617477417,31.216575622558594,31.08554458618164,44.251731872558594,0.472,0.001
,,,,,88146,88.33008,1000,,,,,,
,,,,,88225,-17.74121,79,,,,,,
,,,,,88327,-48.512283,102,,,,,,
,,,,,88409,-19.224136,82,,,,,,
,,,,,88501,38.308304,92,,,,,,
,,,,,88596,1.0395584,95,,,,,,
,,,,,88676,-47.441513,80,,,,,,
,,,,,89000,,,47.50920104980469,19.0893497467041,18.95090103149414,109.86553955078125,0.46599999999999997,0.001
,,,,,89676,16.280928,1000,,,,,,
,,,,,89787,-57.08669,111,,,,,,
,,,,,89864,22.697891,77,,,,,,
,,,,,89970,-18.17524,106,,,,,,
-88.91539,116.56227,226.97662,-239.07547,515.5,90000,,,28.086212158203125,32.49305725097656,33.331390380859375,112.6102523803711,0.45999999999999996,0.001
,,,,,90078,-10.669067,108,,,,,,
,,,,,90454,-161.08347,376,,,,,,
,,,,,90550,-18.527985,96,,,,,,
,,,,,91000,,,6.494722366333008,31.99058723449707,33.01893615722656,97.08332824707031,0.45399999999999996,0.001
,,,,,91550,-169.14978,1000,,,,,,
,,,,,91643,38.63521,93,,,,,,
,,,,,91808,-39.246353,165,,,,,,
,,,,,91920,-1.3190308,112,,,,,,
,,,,,92000,,,34.57968521118164,11.829619407653809,13.407634735107422,105.71953582763672,0.44800000000000006,0.001
,,,,,92065,-88.038666,145,,,,,,
,,,,,92168,5.596634,103,,,,,,
,,,,,92428,-162.17447,260,,,,,,
,,,,,92534,-64.69527,106,,,,,,
,,,,,92613,-6.5691605,79,,,,,,
,,,,,92718,24.406998,105,,,,,,
,,,,,92839,-50.613422,121,,,,,,
,,,,,92935,-24.602837,96,,,,,,
,,,,,93000,,,13.725489616394043,25.457056045532227,25.545654296875,69.31640625,0.44199999999999995,0.001
,,,,,93064,63.13939,129,,,,,,
,,,,,93232,-2.7514496,168,,,,,,
,,,,,94000,,,27.679487228393555,31.91788101196289,31.778470993041992,91.73393249511719,0.43599999999999994,0.001
,,,,,94232,89.40104,1000,,,,,,
,,,,,94360,4.278366,128,,,,,,
,,,,,94479,-15.545479,119,,,,,,
,,,,,95000,,,6.832388877868652,29.494640350341797,29.555341720581055,37.437103271484375,0.43000000000000005,0.001
,,,,,95479,66.613525,1000,,,,,,
,,,,,95709,-77.27036,230,,,,,,
,,,,,96000,,,5.042994499206543,22.74122428894043,22.85601043701172,44.91270446777344,0.42399999999999993,0.001
,,,,,96709,106.36328,1000,,,,,,
,,,,,96800,-44.364822,91,,,,,,
,,,,,96921,-119.549286,121,,,,,,
,,,,,97000,,,39.50450134277344,38.06208038330078,37.36100769042969,147.64566040039062,0.41800000000000004,0.001
,,,,,97035,-159.70267,114,,,,,,
,,,,,97155,-3.2149506,120,,,,,,
,,,,,97286,42.673218,131,,,,,,
,,,,,97858,-186.3402,572,,,,,,
,,,,,97951,-0.9397049,93,,,,,,
,,,,,98000,,,4.406449317932129,40.91596603393555,40.46076202392578,65.87921142578125,0.41200000000000003,0.001
,,,,,98034,-35.274628,83,,,,,,
,,,,,98190,-45.22301,156,,,,,,
,,,,,98370,-3.248085,180,,,,,,
,,,,,98468,38.645416,98,,,,,,
,,,,,98553,-44.212574,85,,,,,,
,,,,,98643,-56.016796,90,,,,,,
,,,,,98995,-211.79556,352,,,,,,
,,,,,99000,,,10.519333839416504,30.846622467041016,31.25802230834961,60.03461837768555,0.4059999999999999,0.001
,,,,,99338,-114.47,343,,,,,,
,,,,,99415,-19.684692,77,,,,,,
,,,,,99511,9.592232,96,,,,,,
-37.415703,149.07193,215.61124,-220.07462,785.9,100000,,,3.5825695991516113,39.82086944580078,39.659358978271484,37.73093795776367,0.4,0.001
,,,,,100511,-57.646343,1000,,,,,,
,,,,,100618,-57.028244,107,,,,,,
,,,,,100758,-15.066681,140,,,,,,
,,,,,100858,-33.006386,100,,,,,,
,,,,,101000,,,4.448835372924805,41.467445373535156,41.52008819580078,49.48014831542969,0.394,0.001
,,,,,101858,48.059017,1000,,,,,,
,,,,,101979,-37.340492,121,,,,,,
,,,,,102000,,,5.579401016235352,33.15838623046875,32.5181884765625,61.279903411865234,0.3879999999999999,0.001
,,,,,102142,29.379654,163,,,,,,
,,,,,102229,53.510147,87,,,,,,
,,,,,102884,-13.986427,655,,,,,,
,,,,,103000,,,33.690643310546875,25.13483238220215,25.088146209716797,90.72064208984375,0.382,0.001
,,,,,103884,27.829544,1000,,,,,,
,,,,,104000,,,6.894319534301758,33.53128433227539,33.787620544433594,81.81938171386719,0.376,0.001
,,,,,104114,25.172905,230,,,,,,
,,,,,104192,-12.348419,78,,,,,,
,,,,,104302,-7.2688675,110,,,,,,
,,,,,104402,-51.06079,100,,,,,,
,,,,,104516,25.952423,114,,,,,,
,,,,,104785,-66.725876,269,,,,,,
,,,,,105000,,,51.10268783569336,25.323713302612305,26.262481689453125,183.1226806640625,0.37,0.001
,,,,,105189,-46.640923,404,,,,,,
,,,,,105295,-32.795647,106,,,,,,
,,,,,105422,-12.296211,127,,,,,,
,,,,,105546,15.160423,124,,,,,,
,,,,,105643,1.7133331,97,,,,,,
,,,,,105721,-27.682144,78,,,,,,
,,,,,105808,-39.02415,87,,,,,,
,,,,,105883,-29.236855,75,,,,,,
,,,,,106000,,,11.220341682434082,45.06269836425781,44.265655517578125,108.1385269165039,0.364,0.001
,,,,,106047,-40.059227,164,,,,,,
,,,,,106196,16.001717,149,,,,,,
,,,,,106872,-158.6313,676,,,,,,
,,,,,107000,,,2.985079526901245,42.50053405761719,42.892799377441406,60.454200744628906,0.358,0.001
,,,,,107150,-132.31561,278,,,,,,
,,,,,108000,,,10.423897743225098,40.60795593261719,41.24610900878906,66.29051208496094,0.352,0.001
,,,,,108150,57.543407,1000,,,,,,
,,,,,109000,,,60.3115119934082,35.12664031982422,35.92814636230469,140.11619567871094,0.346,0.001
,,,,,109150,52.431377,1000,,,,,,
,,,,,109244,49.33824,94,,,,,,
,,,,,109354,-137.34871,110,,,,,,
,,,,,109457,-19.073639,103,,,,,,
,,,,,109568,8.444572,111,,,,,,
,,,,,109662,-25.402863,94,,,,,,
,,,,,109802,41.045425,140,,,,,,
,,,,,109914,-23.143738,112,,,,,,
-61.327526,95.200935,211.69577,-133.46751,717.0,110000,,,11.569360733032227,30.698780059814453,30.828460693359375,91.90180206298828,0.3400000000000001,0.001
,,,,,110050,-51.194492,136,,,,,,
,,,,,111000,,,22.7304744720459,42.948570251464844,43.2431640625,279.0611877441406,0.33399999999999996,0.001
,,,,,111050,133.03445,1000,,,,,,
,,,,,111203,-14.425461,153,,,,,,
,,,,,112000,,,27.98846435546875,34.876197814941406,35.383628845214844,119.98933410644531,0.32799999999999996,0.001
,,,,,112203,107.21398,1000,,,,,,
,,,,,113000,,,4.190352916717529,44.204593658447266,43.89772415161133,47.18522644042969,0.32200000000000006,0.001
,,,,,113203,31.853342,1000,,,,,,
,,,,,114000,,,11.374631881713867,38.347599029541016,38.00019836425781,72.2975082397461,0.31599999999999995,0.001
,,,,,114203,80.56284,1000,,,,,,
,,,,,114334,57.962036,131,,,,,,
,,,,,114852,-164.60028,518,,,,,,
,,,,,114991,22.607582,139,,,,,,
,,,,,115000,,,4.394491672515869,42.223838806152344,42.03205490112305,32.7691764831543,0.30999999999999994,0.001
,,,,,115138,11.075058,147,,,,,,
,,,,,115504,-93.72233,366,,,,,,
,,,,,115618,-3.204033,114,,,,,,
,,,,,115752,31.203552,134,,,,,,
,,,,,115849,8.349869,97,,,,,,
,,,,,115943,-44.41172,94,,,,,,
,,,,,116000,,,22.3248291015625,29.450040817260742,28.853071212768555,104.11585235595703,0.30400000000000005,0.001
,,,,,116053,-55.51999,110,,,,,,
,,,,,117000,,,24.595949172973633,50.07765579223633,52.20895767211914,199.79818725585938,0.29799999999999993,0.001
,,,,,117053,-0.19889355,1000,,,,,,
,,,,,117198,-56.189915,145,,,,,,
,,,,,117288,21.203026,90,,,,,,
,,,,,118000,,,6.742294788360596,49.39745330810547,49.04712677001953,56.32859420776367,0.29200000000000004,0.001
,,,,,118288,-101.19089,1000,,,,,,
,,,,,119000,,,6.015199661254883,40.03600311279297,40.095420837402344,44.60944366455078,0.28600000000000003,0.001
,,,,,119288,96.97869,1000,,,,,,
,,,,,119420,4.7129974,132,,,,,,
,,,,,119690,-21.122124,270,,,,,,
55.361916,133.7871,223.22778,-119.02486,528.6,120000,,,7.205234527587891,48.161376953125,48.54449462890625,52.73567581176758,0.2799999999999999,0.001
,,,,,120690,155.25153,1000,,,,,,
,,,,,120967,-70.05483,277,,,,,,
,,,,,121000,,,7.047123432159424,47.09105682373047,47.28302001953125,47.227943420410156,0.274,0.001
,,,,,121196,9.0032425,229,,,,,,
,,,,,121364,37.335754,168,,,,,,
,,,,,122000,,,10.342646598815918,36.42848205566406,35.3826789855957,116.85790252685547,0.268,0.001
,,,,,122364,114.49051,1000,,,,,,
,,,,,123000,,,15.87690258026123,52.236995697021484,52.451297760009766,70.13621520996094,0.262,0.001
,,,,,123364,118.25734,1000,,,,,,
,,,,,124000,,,17.39586639404297,44.8731689453125,44.59547424316406,113.30766296386719,0.256,0.001
,,,,,124364,6.171662,1000,,,,,,
,,,,,124734,219.31065,370,,,,,,
,,,,,125000,,,5.717572212219238,31.888446807861328,32.16973876953125,46.487945556640625,0.25,0.001
,,,,,125572,-125.36673,838,,,,,,
,,,,,126000,,,8.977262496948242,51.71070861816406,52.304664611816406,90.17228698730469,0.244,0.001
,,,,,126572,103.79073,1000,,,,,,
,,,,,126928,-220.87965,356,,,,,,
,,,,,127000,,,7.8111467361450195,52.66884231567383,53.24240493774414,70.87165832519531,0.238,0.001
,,,,,127928,109.137184,1000,,,,,,
,,,,,128000,,,101.53067016601562,33.799224853515625,35.560028076171875,211.0938262939453,0.23199999999999998,0.001
,,,,,128928,20.036806,1000,,,,,,
,,,,,129000,,,12.316162109375,40.37422180175781,40.841026306152344,66.77467346191406,0.22599999999999998,0.001
,,,,,129928,-40.82434,1000,,,,,,
-28.516506,87.07637,176.81773,-199.97449,930.5,130000,,,6.47355842590332,56.099403381347656,55.325618743896484,73.81843566894531,0.21999999999999997,0.001
,,,,,130928,16.68925,1000,,,,,,
,,,,,131000,,,16.284385681152344,27.986202239990234,27.345460891723633,62.18724822998047,0.21399999999999997,0.001
,,,,,131928,-4.2498565,1000,,,,,,
,,,,,132000,,,4.258691787719727,50.7908821105957,50.5178337097168,44.29532241821289,0.20799999999999996,0.001
,,,,,132928,67.804596,1000,,,,,,
,,,,,133000,,,3.3947348594665527,54.9739990234375,54.80314254760742,29.478809356689453,0.20199999999999996,0.001
,,,,,133852,-226.76581,924,,,,,,
,,,,,134000,,,8.569645881652832,49.5670166015625,49.66033172607422,54.1941032409668,0.19599999999999995,0.001
,,,,,134852,-10.380436,1000,,,,,,
,,,,,135000,,,22.385860443115234,35.95362091064453,36.22207260131836,111.15697479248047,0.18999999999999995,0.001
,,,,,135852,25.932215,1000,,,,,,
,,,,,136000,,,54.606327056884766,37.259124755859375,37.913551330566406,131.3497314453125,0.18400000000000005,0.001
,,,,,136852,-97.712,1000,,,,,,
,,,,,137000,,,11.385185241699219,48.034690856933594,47.92626953125,82.16873931884766,0.17799999999999994,0.001
,,,,,137852,-66.33314,1000,,,,,,
,,,,,138000,,,27.730300903320312,32.96268844604492,33.9415397644043,125.09090423583984,0.17199999999999993,0.001
,,,,,138852,-27.416609,1000,,,,,,
,,,,,139000,,,6.536131858825684,45.784385681152344,46.47271728515625,65.72933197021484,0.16600000000000004,0.001
,,,,,139852,37.174065,1000,,,,,,
93.256165,124.39775,230.84683,-209.05801,802.6,140000,,,107.24456024169922,37.169593811035156,35.650516510009766,264.732177734375,0.15999999999999992,0.001
,,,,,140852,-6.3909016,1000,,,,,,
,,,,,141000,,,15.105391502380371,43.139617919921875,43.30900955200195,73.04500579833984,0.15400000000000003,0.001
,,,,,141852,-22.546612,1000,,,,,,
,,,,,142000,,,22.472652435302734,55.59817886352539,55.7330207824707,117.50464630126953,0.14800000000000002,0.001
,,,,,142746,-345.34625,894,,,,,,
,,,,,143000,,,22.986408233642578,54.071720123291016,52.86540222167969,130.60633850097656,0.1419999999999999,0.001
,,,,,143746,-8.783592,1000,,,,,,
,,,,,144000,,,6.633394241333008,59.52971649169922,59.71094512939453,58.8608283996582,0.136,0.001
,,,,,144719,96.310265,973,,,,,,
,,,,,145000,,,6.8779706954956055,55.88307189941406,55.5146484375,50.827518463134766,0.13,0.001
,,,,,145097,266.14954,378,,,,,,
,,,,,146000,,,9.693105697631836,50.16897201538086,50.17875671386719,64.68536376953125,0.12399999999999989,0.001
,,,,,146097,-64.42791,1000,,,,,,
,,,,,147000,,,9.846576690673828,46.78466033935547,46.91139221191406,65.20399475097656,0.118,0.001
,,,,,147097,-46.72744,1000,,,,,,
,,,,,147759,224.78705,662,,,,,,
,,,,,148000,,,21.87127685546875,43.32451629638672,43.872291564941406,106.77908325195312,0.11199999999999999,0.001
,,,,,148759,-23.763117,1000,,,,,,
,,,,,149000,,,6.303516387939453,52.79861068725586,52.95903015136719,32.06017303466797,0.10599999999999998,0.001
,,,,,149759,-49.962475,1000,,,,,,
21.545963,90.56941,182.36826,-78.17555,869.8,150000,,,74.79310607910156,52.26350402832031,50.84844207763672,305.691162109375,0.1,0.001
,,,,,150759,58.31983,1000,,,,,,
,,,,,151000,,,6.762280464172363,49.84173583984375,49.93067932128906,51.413238525390625,0.09946666666666668,0.001
,,,,,151294,260.54703,535,,,,,,
,,,,,152000,,,4.0051374435424805,50.8699836730957,50.730934143066406,34.24531936645508,0.09893333333333335,0.001
,,,,,152294,-35.262943,1000,,,,,,
,,,,,153000,,,127.58576202392578,52.5449104309082,54.54853057861328,196.2797088623047,0.0984,0.001
,,,,,153294,-53.1478,1000,,,,,,
,,,,,154000,,,131.89608764648438,38.787513732910156,37.60002136230469,285.6287841796875,0.09786666666666667,0.001
,,,,,154294,-22.051998,1000,,,,,,
,,,,,155000,,,5.124672889709473,47.842376708984375,47.459049224853516,52.459129333496094,0.09733333333333334,0.001
,,,,,155294,136.65125,1000,,,,,,
,,,,,156000,,,52.804710388183594,38.97599792480469,40.551597595214844,441.11004638671875,0.09680000000000001,0.001
,,,,,156049,149.8859,755,,,,,,
,,,,,157000,,,37.505287170410156,44.28645324707031,43.51885986328125,105.93268585205078,0.09626666666666667,0.001
,,,,,157049,107.92651,1000,,,,,,
,,,,,157329,242.72258,280,,,,,,
,,,,,158000,,,10.872282028198242,63.49909973144531,63.707618713378906,88.75144958496094,0.09573333333333334,0.001
,,,,,158071,197.10294,742,,,,,,
,,,,,159000,,,4.544059753417969,56.34246826171875,56.6261100769043,39.48633575439453,0.0952,0.001
,,,,,159071,-83.05031,1000,,,,,,
,,,,,159405,217.03735,334,,,,,,
149.88943,77.639984,215.5256,-49.384098,805.8,160000,,,11.244820594787598,47.81461715698242,48.94478225708008,106.52787780761719,0.09466666666666668,0.001
,,,,,160405,55.291706,1000,,,,,,
,,,,,161000,,,21.05243682861328,61.37331008911133,61.51327133178711,73.19172668457031,0.09413333333333333,0.001
,,,,,161063,223.395,658,,,,,,
,,,,,162000,,,5.948445796966553,52.560062408447266,52.073753356933594,77.63069152832031,0.0936,0.001
,,,,,162063,-63.15005,1000,,,,,,
,,,,,162581,238.27086,518,,,,,,
,,,,,163000,,,13.702313423156738,51.25254821777344,51.14485168457031,70.18241882324219,0.09306666666666667,0.001
,,,,,163295,241.26114,714,,,,,,
,,,,,164000,,,11.342353820800781,51.33265686035156,51.66049575805664,90.81909942626953,0.09253333333333334,0.001
,,,,,164295,-70.58619,1000,,,,,,
,,,,,165000,,,11.317752838134766,65.7842025756836,66.37371826171875,80.31829833984375,0.092,0.001
,,,,,165295,-27.458946,1000,,,,,,
,,,,,166000,,,5.128015041351318,51.852413177490234,51.74864196777344,34.035037994384766,0.09146666666666667,0.001
,,,,,166295,49.434948,1000,,,,,,
,,,,,167000,,,12.738077163696289,44.971378326416016,44.76350021362305,75.70109558105469,0.09093333333333334,0.001
,,,,,167295,-66.30024,1000,,,,,,
,,,,,168000,,,11.105262756347656,42.76446533203125,42.82928466796875,84.38475799560547,0.09040000000000001,0.001
,,,,,168295,-29.521288,1000,,,,,,
,,,,,169000,,,3.7996392250061035,59.24708557128906,59.55519104003906,40.78304672241211,0.08986666666666668,0.001
,,,,,169295,53.598152,1000,,,,,,
134.99231,136.42192,284.38266,-112.94608,668.0,170000,,,8.523730278015137,47.180782318115234,47.28280258178711,43.667179107666016,0.08933333333333333,0.001
,,,,,170064,177.9463,769,,,,,,
,,,,,170652,218.52371,588,,,,,,
,,,,,171000,,,8.62187671661377,51.089813232421875,51.004638671875,44.651798248291016,0.0888,0.001
,,,,,171101,240.841,449,,,,,,
,,,,,172000,,,4.188150405883789,61.12150192260742,61.11614990234375,42.63773727416992,0.08826666666666667,0.001
,,,,,172101,-1.6503565,1000,,,,,,
,,,,,172660,247.591,559,,,,,,
,,,,,173000,,,23.539031982421875,53.51722717285156,54.103450775146484,89.66549682617188,0.08773333333333334,0.001
,,,,,173660,-31.554607,1000,,,,,,
,,,,,174000,,,182.810791015625,35.060768127441406,35.62403106689453,323.9499206542969,0.0872,0.001
,,,,,174660,-85.93514,1000,,,,,,
,,,,,175000,,,6.985283851623535,56.36058044433594,56.06298065185547,85.86454010009766,0.08666666666666667,0.001
,,,,,175660,-44.90073,1000,,,,,,
,,,,,176000,,,10.705589294433594,59.438968658447266,60.29973602294922,79.34725952148438,0.08613333333333334,0.001
,,,,,176660,75.18385,1000,,,,,,
,,,,,177000,,,7.715318202972412,34.484458923339844,34.35619354248047,57.52590560913086,0.08560000000000001,0.001
,,,,,177660,-14.77345,1000,,,,,,
,,,,,178000,,,16.756484985351562,53.97735595703125,53.00736999511719,88.9320297241211,0.08506666666666667,0.001
,,,,,178137,254.48737,477,,,,,,
,,,,,178707,177.81769,570,,,,,,
,,,,,179000,,,3.9482529163360596,57.662811279296875,57.296417236328125,44.59955596923828,0.08453333333333334,0.001
,,,,,179094,-195.43063,387,,,,,,
,,,,,179352,278.38995,258,,,,,,
2.8921156,80.687775,205.21532,-72.02766,937.4,180000,,,16.388172149658203,47.18465805053711,47.63362121582031,72.0799560546875,0.084,0.001
,,,,,180352,-40.557903,1000,,,,,,
,,,,,180997,266.64502,645,,,,,,
,,,,,181000,,,14.25783920288086,54.09046173095703,54.20892333984375,89.71064758300781,0.08346666666666668,0.001
,,,,,181868,191.62186,871,,,,,,
,,,,,182000,,,211.27774047851562,52.62126159667969,54.09459686279297,392.6401672363281,0.08293333333333333,0.001
,,,,,182868,-67.343124,1000,,,,,,
,,,,,183000,,,18.97246551513672,59.58058166503906,60.138427734375,78.42180633544922,0.0824,0.001
,,,,,183568,197.16153,700,,,,,,
,,,,,184000,,,12.963739395141602,47.655155181884766,47.93963623046875,136.7370147705078,0.08186666666666667,0.001
,,,,,184568,-12.811618,1000,,,,,,
,,,,,185000,,,29.00572395324707,52.72836685180664,53.7630615234375,223.8763885498047,0.08133333333333334,0.001
,,,,,185450,132.77823,882,,,,,,
,,,,,186000,,,30.01898956298828,62.705806732177734,62.314353942871094,93.99761962890625,0.08080000000000001,0.001
,,,,,186450,-43.654934,1000,,,,,,
,,,,,187000,,,105.14989471435547,47.334869384765625,45.39563751220703,357.8202819824219,0.08026666666666667,0.001
,,,,,187450,3.4870372,1000,,,,,,
,,,,,188000,,,11.311905860900879,46.30042266845703,46.07414245605469,62.16171646118164,0.07973333333333334,0.001
,,,,,188450,-22.443525,1000,,,,,,
,,,,,189000,,,123.13196563720703,47.34150695800781,45.33634567260742,249.2045135498047,0.0792,0.001
,,,,,189231,168.78125,781,,,,,,
48.079624,131.49446,167.45619,-258.71265,801.2,190000,,,6.811152458190918,57.09809112548828,56.50110626220703,53.056549072265625,0.07866666666666668,0.001
,,,,,190231,-26.546928,1000,,,,,,
,,,,,190841,259.61713,610,,,,,,
,,,,,191000,,,13.85091495513916,53.64387512207031,53.23442077636719,88.02727508544922,0.07813333333333333,0.001
,,,,,191365,238.74306,524,,,,,,
,,,,,191948,188.91367,583,,,,,,
,,,,,192000,,,6.108639717102051,54.94296646118164,55.27421569824219,47.923343658447266,0.0776,0.001
,,,,,192948,-31.71568,1000,,,,,,
,,,,,193000,,,12.359057426452637,38.03205490112305,38.25932312011719,109.18413543701172,0.07706666666666667,0.001
,,,,,193346,237.213,398,,,,,,
,,,,,194000,,,7.602148056030273,50.40547561645508,50.195068359375,70.6882553100586,0.07653333333333334,0.001
,,,,,194346,-42.859684,1000,,,,,,
,,,,,194884,207.18604,538,,,,,,
,,,,,195000,,,8.398874282836914,54.84560775756836,55.34166717529297,91.44915771484375,0.07600000000000001,0.001
,,,,,195884,59.850243,1000,,,,,,
,,,,,196000,,,33.52484893798828,53.65711212158203,54.94090270996094,128.7469482421875,0.07546666666666668,0.001
,,,,,196884,23.52319,1000,,,,,,
,,,,,197000,,,16.415115356445312,48.695823669433594,48.754634857177734,97.79161834716797,0.07493333333333334,0.001
,,,,,197390,240.15298,506,,,,,,
,,,,,198000,,,4.9369964599609375,47.02629852294922,47.3406867980957,53.134986877441406,0.07440000000000001,0.001
,,,,,198062,185.87523,672,,,,,,
,,,,,198635,225.20685,573,,,,,,
,,,,,198797,-60.235416,162,,,,,,
,,,,,199000,,,6.392132759094238,57.992881774902344,58.042945861816406,50.87175750732422,0.07386666666666666,0.001
,,,,,199159,276.49036,362,,,,,,
,,,,,199635,273.5927,476,,,,,,
101.88735,100.65885,226.95901,-53.239403,667.3,200000,,,12.517822265625,51.71949768066406,51.28681182861328,82.15673828125,0.07333333333333333,0.001
,,,,,200193,227.03625,558,,,,,,
,,,,,200732,255.9549,539,,,,,,
,,,,,201000,,,63.77067184448242,58.97428894042969,58.15822982788086,221.18638610839844,0.0728,0.001
,,,,,201346,231.49222,614,,,,,,
,,,,,202000,,,16.637123107910156,46.37897491455078,46.843017578125,115.21533966064453,0.07226666666666667,0.001
,,,,,202118,241.1103,772,,,,,,
,,,,,202477,269.479,359,,,,,,
,,,,,202651,-37.99462,174,,,,,,
,,,,,203000,,,11.028586387634277,53.49790954589844,53.619651794433594,50.15480041503906,0.07173333333333334,0.001
,,,,,203042,280.44934,391,,,,,,
,,,,,203406,258.33075,364,,,,,,
,,,,,203797,234.76694,391,,,,,,
,,,,,204000,,,19.817489624023438,50.6534423828125,51.065887451171875,107.87468719482422,0.07120000000000001,0.001
,,,,,204178,227.52579,381,,,,,,
,,,,,204509,240.57321,331,,,,,,
,,,,,204797,237.78404,288,,,,,,
,,,,,205000,,,5.3016743659973145,49.168128967285156,49.48932647705078,50.299591064453125,0.07066666666666667,0.001
,,,,,205143,-5.538864,346,,,,,,
,,,,,205594,208.3884,451,,,,,,
,,,,,206000,,,20.894285202026367,60.01104736328125,59.72438049316406,180.39039611816406,0.07013333333333334,0.001
,,,,,206177,-304.5707,583,,,,,,
,,,,,206600,174.25603,423,,,,,,
,,,,,206965,256.28333,365,,,,,,
,,,,,207000,,,4.851984977722168,53.808494567871094,53.70371627807617,39.95534896850586,0.06960000000000001,0.001
,,,,,207965,-59.464363,1000,,,,,,
,,,,,208000,,,9.281503677368164,51.286190032958984,51.09274673461914,73.33995819091797,0.06906666666666667,0.001
,,,,,208616,226.6265,651,,,,,,
,,,,,209000,,,14.86987018585205,36.11838150024414,36.06068420410156,107.62115478515625,0.06853333333333333,0.001
,,,,,209616,-26.649467,1000,,,,,,
181.26196,159.08759,278.0523,-284.72638,508.4,210000,,,8.581396102905273,58.52806854248047,58.033119201660156,63.89653778076172,0.068,0.001
,,,,,210616,-22.320667,1000,,,,,,
,,,,,210862,-156.65703,246,,,,,,
,,,,,211000,,,5.801898956298828,56.699737548828125,56.98846435546875,52.27731704711914,0.06746666666666667,0.001
,,,,,211624,198.69273,762,,,,,,
,,,,,212000,,,6.248532295227051,51.3171272277832,51.04545593261719,45.958736419677734,0.06693333333333334,0.001
,,,,,212624,13.379522,1000,,,,,,
,,,,,212953,278.1031,329,,,,,,
,,,,,213000,,,5.298184394836426,55.781044006347656,56.16120147705078,46.44822311401367,0.06640000000000001,0.001
,,,,,213556,290.4769,603,,,,,,
,,,,,214000,,,7.777963638305664,55.022491455078125,55.43967056274414,61.17881393432617,0.06586666666666667,0.001
,,,,,214556,92.015205,1000,,,,,,
,,,,,214895,233.23694,339,,,,,,
,,,,,215000,,,15.54439926147461,56.26295471191406,55.215972900390625,99.86670684814453,0.06533333333333333,0.001
,,,,,215651,220.92676,756,,,,,,
,,,,,216000,,,6.333507537841797,58.48263168334961,58.30382537841797,44.27603530883789,0.0648,0.001
,,,,,216651,67.38342,1000,,,,,,
,,,,,216953,225.00703,302,,,,,,
,,,,,217000,,,5.732076644897461,48.85878372192383,48.9229736328125,48.591007232666016,0.06426666666666667,0.001
,,,,,217953,-48.60116,1000,,,,,,
,,,,,218000,,,4.815456390380859,59.69727325439453,59.814727783203125,42.5482292175293,0.06373333333333334,0.001
,,,,,218953,-8.503344,1000,,,,,,
,,,,,219000,,,45.92500305175781,46.26783752441406,44.88111114501953,226.47659301757812,0.0632,0.001
,,,,,219369,228.3058,416,,,,,,
,,,,,219767,219.3864,398,,,,,,
76.295425,189.73218,288.1209,-239.3133,542.7,220000,,,6.071122169494629,50.989707946777344,51.17280197143555,53.07909393310547,0.06266666666666668,0.001
,,,,,220082,-128.9386,315,,,,,,
,,,,,220715,196.73798,633,,,,,,
,,,,,221000,,,11.319135665893555,56.09571838378906,55.97616958618164,63.128570556640625,0.06213333333333334,0.001
,,,,,221715,-67.82072,1000,,,,,,
,,,,,222000,,,11.475648880004883,49.86603546142578,50.42826843261719,74.3249740600586,0.06160000000000001,0.001
,,,,,222224,259.9341,509,,,,,,
,,,,,223000,,,8.14207649230957,51.26153564453125,51.494659423828125,58.495567321777344,0.06106666666666667,0.001
,,,,,223224,4.285322,1000,,,,,,
,,,,,223626,283.7683,402,,,,,,
,,,,,224000,,,5.469839572906494,64.13969421386719,63.94361877441406,39.4324836730957,0.060533333333333335,0.001
,,,,,224003,264.2804,377,,,,,,
,,,,,225000,,,13.728178024291992,53.16057586669922,52.676612854003906,57.73634338378906,0.060000000000000005,0.001
,,,,,225003,-20.99858,1000,,,,,,
,,,,,225635,208.4409,632,,,,,,
,,,,,226000,,,6.558249473571777,60.12620544433594,59.55819320678711,52.34867858886719,0.05946666666666667,0.001
,,,,,226635,-36.518394,1000,,,,,,
,,,,,227000,,,5.600318908691406,67.50926208496094,67.85206604003906,51.248687744140625,0.05893333333333334,0.001
,,,,,227635,-40.753,1000,,,,,,
,,,,,228000,,,49.2133674621582,57.911224365234375,57.808738708496094,172.6649169921875,0.0584,0.001
,,,,,228074,277.79993,439,,,,,,
,,,,,228433,266.9568,359,,,,,,
,,,,,228953,212.04793,520,,,,,,
,,,,,229000,,,7.946052551269531,63.335182189941406,63.419227600097656,50.78163528442383,0.05786666666666668,0.001
,,,,,229297,228.31279,344,,,,,,
,,,,,229624,269.38226,327,,,,,,
113.36112,100.12136,240.34856,-149.76892,789.3,230000,,,7.407392501831055,62.48616027832031,62.41240692138672,50.72542953491211,0.05733333333333334,0.001
,,,,,230112,224.9587,488,,,,,,
,,,,,230472,229.71573,360,,,,,,
,,,,,230871,253.60526,399,,,,,,
,,,,,231000,,,8.019145965576172,51.657108306884766,51.47657012939453,80.94841766357422,0.0568,0.001
,,,,,231478,269.9358,607,,,,,,
,,,,,231836,212.11328,358,,,,,,
,,,,,232000,,,7.559072971343994,53.086029052734375,53.25584411621094,45.86567306518555,0.05626666666666667,0.001
,,,,,232363,221.3642,527,,,,,,
,,,,,232909,264.50964,546,,,,,,
,,,,,233000,,,26.422306060791016,56.13763427734375,56.735206604003906,172.78421020507812,0.055733333333333336,0.001
,,,,,233522,228.08981,613,,,,,,
,,,,,234000,,,9.197269439697266,54.86632537841797,53.56547927856445,146.13681030273438,0.0552,0.001
,,,,,234037,238.1283,515,,,,,,
,,,,,234551,170.56607,514,,,,,,
,,,,,235000,,,5.540875434875488,47.927635192871094,48.21361541748047,51.2440185546875,0.054666666666666676,0.001
,,,,,235060,208.59534,509,,,,,,
,,,,,235401,241.9282,341,,,,,,
,,,,,235740,269.35855,339,,,,,,
,,,,,236000,,,9.150911331176758,49.05220031738281,48.021217346191406,85.74604034423828,0.05413333333333334,0.001
,,,,,236068,12.346115,328,,,,,,
,,,,,236419,256.75964,351,,,,,,
,,,,,236915,221.0586,496,,,,,,
,,,,,237000,,,13.545574188232422,55.69335174560547,55.711158752441406,90.59262084960938,0.05360000000000001,0.001
,,,,,237331,257.45557,416,,,,,,
,,,,,238000,,,11.360191345214844,53.22402572631836,53.225006103515625,90.73458862304688,0.05306666666666667,0.001
,,,,,238183,261.36176,852,,,,,,
,,,,,239000,,,5.574277400970459,59.662452697753906,59.622291564941406,42.161808013916016,0.052533333333333335,0.001
,,,,,239183,10.993696,1000,,,,,,
,,,,,239511,250.35588,328,,,,,,
,,,,,239913,224.25406,402,,,,,,
177.83138,118.31817,264.60257,-101.34169,333.0,240000,,,10.924640655517578,54.37322998046875,53.84901428222656,125.6187973022461,0.052000000000000005,0.001
,,,,,240756,150.26826,843,,,,,,
,,,,,241000,,,10.852581024169922,53.014163970947266,53.5552978515625,86.39358520507812,0.05146666666666667,0.001
,,,,,241120,211.03064,364,,,,,,
,,,,,241562,254.7676,442,,,,,,
,,,,,242000,,,4.803765296936035,56.51628112792969,56.95844268798828,59.24592971801758,0.050933333333333344,0.001
,,,,,242226,238.14088,664,,,,,,
,,,,,242636,255.23999,410,,,,,,
,,,,,242948,219.22986,312,,,,,,
,,,,,243000,,,20.672401428222656,51.0605354309082,50.77080535888672,63.98290252685547,0.05040000000000001,0.001
,,,,,243334,219.6886,386,,,,,,
,,,,,244000,,,6.42067813873291,51.18738555908203,50.71366882324219,83.47964477539062,0.04986666666666667,0.001
,,,,,244011,223.1047,677,,,,,,
,,,,,244395,296.8698,384,,,,,,
,,,,,244662,274.54016,267,,,,,,
,,,,,245000,,,6.376128196716309,58.314579010009766,57.741065979003906,57.672462463378906,0.04933333333333334,0.001
,,,,,245122,-142.92953,460,,,,,,
,,,,,245576,275.5566,454,,,,,,
,,,,,246000,,,202.07656860351562,57.37160110473633,59.108238220214844,164.21170043945312,0.0488,0.001
,,,,,246176,220.65399,600,,,,,,
,,,,,246469,260.46222,293,,,,,,
,,,,,246835,291.64966,366,,,,,,
,,,,,247000,,,24.520221710205078,61.393310546875,61.927799224853516,94.92953491210938,0.04826666666666667,0.001
,,,,,247573,128.2889,738,,,,,,
,,,,,247889,207.57939,316,,,,,,
,,,,,248000,,,13.334136962890625,54.38214874267578,54.71741485595703,90.90753173828125,0.047733333333333336,0.001
,,,,,248438,167.84335,549,,,,,,
,,,,,248714,250.5607,276,,,,,,
,,,,,249000,,,10.107186317443848,64.97364044189453,64.5347671508789,73.95187377929688,0.0472,0.001
,,,,,249010,249.92021,296,,,,,,
,,,,,249352,217.68127,342,,,,,,
,,,,,249732,248.71857,380,,,,,,
26.61582,123.495514,221.3133,-95.156845,867.6,250000,,,6.892187118530273,54.681758880615234,54.104248046875,61.3040885925293,0.046666666666666676,0.001
,,,,,250001,260.66177,269,,,,,,
,,,,,250386,188.95398,385,,,,,,
,,,,,250681,272.70258,295,,,,,,
,,,,,251000,,,15.483375549316406,59.598670959472656,60.97780990600586,120.45360565185547,0.04613333333333334,0.001
,,,,,251045,244.08392,364,,,,,,
,,,,,251252,259.05536,207,,,,,,
,,,,,251849,178.95909,597,,,,,,
,,,,,252000,,,19.033405303955078,47.81093978881836,48.34883117675781,77.86498260498047,0.0456,0.001
,,,,,252156,267.53372,307,,,,,,
,,,,,252535,266.115,379,,,,,,
,,,,,252836,255.17212,301,,,,,,
,,,,,253000,,,16.015247344970703,46.409385681152344,45.660118103027344,100.56502532958984,0.04506666666666667,0.001
,,,,,253290,-101.3078,454,,,,,,
,,,,,253522,278.7049,232,,,,,,
,,,,,253692,-10.279907,170,,,,,,
,,,,,254000,,,14.649815559387207,45.528564453125,45.74066162109375,67.37290954589844,0.044533333333333334,0.001
,,,,,254219,208.21756,527,,,,,,
,,,,,255000,,,3.307177782058716,52.98775863647461,53.3206901550293,39.90998077392578,0.04400000000000001,0.001
,,,,,255219,54.387524,1000,,,,,,
,,,,,255764,253.23083,545,,,,,,
,,,,,256000,,,11.466592788696289,65.8385238647461,65.32379913330078,88.45330047607422,0.043466666666666674,0.001
,,,,,256226,249.60265,462,,,,,,
,,,,,256553,245.78033,327,,,,,,
,,,,,257000,,,99.1164779663086,59.782958984375,60.419776916503906,152.32777404785156,0.04293333333333334,0.001
,,,,,257324,183.97028,771,,,,,,
,,,,,257739,205.95982,415,,,,,,
,,,,,258000,,,8.383123397827148,62.83666229248047,62.5973014831543,59.342498779296875,0.04240000000000001,0.001
,,,,,258455,214.87036,716,,,,,,
,,,,,258984,205.452,529,,,,,,
,,,,,259000,,,6.864139556884766,52.09447479248047,51.90754699707031,63.657711029052734,0.04186666666666667,0.001
,,,,,259343,298.25433,359,,,,,,
,,,,,259885,194.65207,542,,,,,,
157.18112,90.80008,255.79309,-44.33276,635.5,260000,,,3.083343029022217,57.74563980102539,57.534820556640625,30.178531646728516,0.04133333333333334,0.001
,,,,,260376,233.47754,491,,,,,,
,,,,,260857,-169.54764,481,,,,,,
,,,,,261000,,,6.2848992347717285,59.85811996459961,59.44534683227539,54.42325973510742,0.0408,0.001
,,,,,261236,205.2001,379,,,,,,
,,,,,261585,259.50745,349,,,,,,
,,,,,261973,218.32248,388,,,,,,
,,,,,262000,,,3.2216057777404785,63.23344802856445,63.39124298095703,43.87229537963867,0.040266666666666666,0.001
,,,,,262302,269.35812,329,,,,,,
,,,,,262765,222.98106,463,,,,,,
,,,,,263000,,,4.175877571105957,65.38905334472656,65.57571411132812,35.61595916748047,0.03973333333333334,0.001
,,,,,263352,243.5898,587,,,,,,
,,,,,263574,239.07553,222,,,,,,
,,,,,263718,0.4006958,144,,,,,,
,,,,,264000,,,22.51059341430664,55.955284118652344,56.297584533691406,124.79862976074219,0.039200000000000006,0.001
,,,,,264093,296.25372,375,,,,,,
,,,,,264499,264.65448,406,,,,,,
,,,,,265000,,,7.084308624267578,62.444061279296875,62.37671661376953,83.77318572998047,0.03866666666666667,0.001
,,,,,265071,251.06213,572,,,,,,
,,,,,265214,26.11856,143,,,,,,
,,,,,265656,149.31927,442,,,,,,
,,,,,266000,,,4.385283470153809,58.30247497558594,58.689029693603516,43.89481735229492,0.03813333333333334,0.001
,,,,,266258,260.7817,602,,,,,,
,,,,,267000,,,10.976507186889648,51.807655334472656,51.47712707519531,77.77422332763672,0.0376,0.001
,,,,,267110,201.02612,852,,,,,,
,,,,,268000,,,9.417157173156738,54.95709228515625,54.658084869384766,67.27584075927734,0.03706666666666668,0.001
,,,,,268022,249.59888,912,,,,,,
,,,,,268346,249.91386,324,,,,,,
,,,,,268826,227.12842,480,,,,,,
,,,,,268975,-13.293068,149,,,,,,
,,,,,269000,,,222.1282958984375,58.126564025878906,56.18651580810547,286.70135498046875,0.036533333333333334,0.001
,,,,,269343,223.06137,368,,,,,,
,,,,,269593,249.4835,250,,,,,,
,,,,,269914,258.17377,321,,,,,,
23.420578,100.983406,248.73611,-83.783615,885.2,270000,,,25.36199378967285,49.47465896606445,48.18730163574219,127.41168975830078,0.036000000000000004,0.001
,,,,,270182,277.06097,268,,,,,,
,,,,,270400,271.951,218,,,,,,
,,,,,271000,,,11.416891098022461,51.91086959838867,51.87976837158203,66.98678588867188,0.035466666666666674,0.001
,,,,,271031,244.89862,631,,,,,,
,,,,,271404,-147.30122,373,,,,,,
,,,,,271668,277.35452,264,,,,,,
,,,,,272000,,,4.996647357940674,58.42375946044922,58.98755645751953,42.51500701904297,0.03493333333333333,0.001
,,,,,272429,217.07196,761,,,,,,
,,,,,272839,256.8199,410,,,,,,
,,,,,273000,,,7.452560901641846,60.28752899169922,60.665283203125,63.77638626098633,0.034400000000000014,0.001
,,,,,273091,258.2141,252,,,,,,
,,,,,273325,271.88043,234,,,,,,
,,,,,273707,261.98633,382,,,,,,
,,,,,273965,223.44324,258,,,,,,
,,,,,274000,,,4.136607646942139,70.84169006347656,70.82083129882812,35.90259552001953,0.03386666666666667,0.001
,,,,,274195,252.58981,230,,,,,,
,,,,,274393,239.09569,198,,,,,,
,,,,,274964,198.97736,571,,,,,,
,,,,,275000,,,18.596752166748047,63.61772155761719,62.545997619628906,149.86019897460938,0.03333333333333334,0.001
,,,,,275226,263.61942,262,,,,,,
,,,,,275485,259.63998,259,,,,,,
,,,,,275692,217.35127,207,,,,,,
,,,,,276000,,,87.32815551757812,63.057289123535156,62.694129943847656,219.48220825195312,0.03280000000000001,0.001
,,,,,276001,274.5354,309,,,,,,
,,,,,276295,236.52696,294,,,,,,
,,,,,276632,249.36792,337,,,,,,
,,,,,277000,,,10.309280395507812,54.185489654541016,53.99718475341797,69.2116470336914,0.032266666666666666,0.001
,,,,,277018,229.54611,386,,,,,,
,,,,,277202,291.5233,184,,,,,,
,,,,,278000,,,23.107757568359375,65.83833312988281,66.55360412597656,126.94395446777344,0.031733333333333336,0.001
,,,,,278062,95.8244,860,,,,,,
,,,,,278486,202.73538,424,,,,,,
,,,,,278629,-134.33746,143,,,,,,
,,,,,279000,,,141.01805114746094,60.39362716674805,61.44332504272461,184.33096313476562,0.031200000000000006,0.001
,,,,,279105,243.01208,476,,,,,,
,,,,,279474,269.35257,369,,,,,,
26.559292,168.38301,276.25116,-199.25006,631.0,280000,,,13.90571403503418,56.521018981933594,55.785255432128906,118.48059844970703,0.03066666666666666,0.001
,,,,,280067,239.50073,593,,,,,,
,,,,,280387,267.8542,320,,,,,,
,,,,,280757,255.4428,370,,,,,,
,,,,,281000,,,11.732651710510254,52.49991989135742,52.11284637451172,67.12132263183594,0.030133333333333345,0.001
,,,,,281220,240.50089,463,,,,,,
,,,,,281450,236.21437,230,,,,,,
,,,,,281879,256.37424,429,,,,,,
,,,,,282000,,,7.9575886726379395,63.0554084777832,63.103614807128906,67.24462890625,0.0296,0.001
,,,,,282305,210.81433,426,,,,,,
,,,,,283000,,,5.025174140930176,59.96710205078125,59.55791091918945,56.09661102294922,0.02906666666666667,0.001
,,,,,283173,-169.36063,868,,,,,,
,,,,,283448,283.4015,275,,,,,,
,,,,,283773,234.23734,325,,,,,,
,,,,,284000,,,4.487390518188477,54.96342086791992,55.09445571899414,34.402713775634766,0.02853333333333334,0.001
,,,,,284216,242.1219,443,,,,,,
,,,,,284563,245.70517,347,,,,,,
,,,,,284826,258.12274,263,,,,,,
,,,,,285000,,,66.72725677490234,46.95079803466797,45.0543212890625,146.81265258789062,0.027999999999999997,0.001
,,,,,285112,200.37871,286,,,,,,
,,,,,285609,213.57953,497,,,,,,
,,,,,286000,,,7.453494548797607,60.16982650756836,59.477962493896484,67.51036834716797,0.02746666666666668,0.001
,,,,,286099,217.64691,490,,,,,,
,,,,,286692,-127.09129,593,,,,,,
,,,,,286894,287.91315,202,,,,,,
,,,,,287000,,,9.084135055541992,59.3455924987793,59.54159164428711,59.29720687866211,0.026933333333333337,0.001
,,,,,287168,273.49805,274,,,,,,
,,,,,287397,259.47137,229,,,,,,
,,,,,288000,,,9.934799194335938,49.704017639160156,49.59431838989258,83.83380889892578,0.026400000000000007,0.001
,,,,,288102,205.97147,705,,,,,,
,,,,,288388,-230.65858,286,,,,,,
,,,,,288647,305.2473,259,,,,,,
,,,,,289000,,,5.02603006362915,62.56833267211914,61.920719146728516,57.37672424316406,0.025866666666666677,0.001
,,,,,289103,217.49667,456,,,,,,
,,,,,289312,282.0337,209,,,,,,
,,,,,289522,274.74023,210,,,,,,
,,,,,289676,-4.0097275,154,,,,,,
,,,,,289972,286.86298,296,,,,,,
97.427505,173.18842,268.22662,-239.34706,372.6,290000,,,4.880103588104248,62.735107421875,62.15646743774414,53.33606719970703,0.025333333333333333,0.001
,,,,,290389,291.85718,417,,,,,,
,,,,,290631,231.67397,242,,,,,,
,,,,,290866,258.97565,235,,,,,,
,,,,,291000,,,30.133169174194336,59.68626022338867,59.866058349609375,182.2049102783203,0.024800000000000003,0.001
,,,,,291185,271.83453,319,,,,,,
,,,,,291335,-141.14172,150,,,,,,
,,,,,291686,234.71074,351,,,,,,
,,,,,292000,,,8.288737297058105,49.81987762451172,48.80732727050781,65.12763977050781,0.024266666666666672,0.001
,,,,,292081,-266.19284,395,,,,,,
,,,,,292268,264.80072,187,,,,,,
,,,,,292377,-29.99305,109,,,,,,
,,,,,292746,257.34558,369,,,,,,
,,,,,293000,,,15.000293731689453,57.207489013671875,57.74342346191406,127.10054016113281,0.02373333333333333,0.001
,,,,,293248,205.35867,502,,,,,,
,,,,,293488,263.29602,240,,,,,,
,,,,,293689,238.88625,201,,,,,,
,,,,,293989,294.73462,300,,,,,,
,,,,,294000,,,5.313261985778809,58.936344146728516,58.667938232421875,50.38800811767578,0.023200000000000012,0.001
,,,,,294243,240.30281,254,,,,,,
,,,,,294384,-208.5164,141,,,,,,
,,,,,294611,310.65878,227,,,,,,
,,,,,295000,,,3.396186351776123,70.29248809814453,70.0743637084961,43.64308547973633,0.02266666666666667,0.001
,,,,,295047,263.1596,436,,,,,,
,,,,,295292,279.2439,245,,,,,,
,,,,,295574,280.7166,282,,,,,,
,,,,,295786,259.91034,212,,,,,,
,,,,,296000,,,72.47008514404297,64.76611328125,66.17481994628906,72.75952911376953,0.022133333333333338,0.001
,,,,,296059,231.49333,273,,,,,,
,,,,,296554,-309.44672,495,,,,,,
,,,,,296819,-174.17728,265,,,,,,
,,,,,297000,,,7.870596885681152,58.95387268066406,59.033599853515625,55.73273468017578,0.021600000000000008,0.001
,,,,,297224,200.78555,405,,,,,,
,,,,,297887,157.16884,663,,,,,,
,,,,,298000,,,3.8723292350769043,63.64291763305664,64.02079010009766,53.44812774658203,0.021066666666666664,0.001
,,,,,298112,262.12024,225,,,,,,
,,,,,298327,298.5401,215,,,,,,
,,,,,298615,253.72682,288,,,,,,
,,,,,298843,239.07573,228,,,,,,
,,,,,299000,,,11.477672576904297,67.14352416992188,66.60948181152344,66.9283218383789,0.020533333333333334,0.001
,,,,,299083,265.45746,240,,,,,,
,,,,,299276,271.39276,193,,,,,,
,,,,,299500,294.50317,224,,,,,,
,,,,,299785,261.69263,285,,,,,,
151.84015,181.68936,289.554,-202.26874,395.7,300000,,,22.058856964111328,62.706443786621094,62.863582611083984,158.8038787841797,0.02,0.001
,,,,,300025,242.657,240,,,,,,
,,,,,300288,276.4088,263,,,,,,
,,,,,300616,263.65472,328,,,,,,
,,,,,300868,219.3223,252,,,,,,
,,,,,301000,,,24.916149139404297,64.66090393066406,64.55262756347656,105.4016342163086,0.02,0.001
,,,,,301088,254.85196,220,,,,,,
,,,,,301449,281.6494,361,,,,,,
,,,,,301677,192.67717,228,,,,,,
,,,,,301943,228.62729,266,,,,,,
,,,,,302000,,,7.763438701629639,58.732906341552734,58.629249572753906,61.463653564453125,0.02,0.001
,,,,,302202,235.8769,259,,,,,,
,,,,,302502,257.3431,300,,,,,,
,,,,,302890,228.6934,388,,,,,,
,,,,,303000,,,6.574313163757324,65.36553955078125,65.30036926269531,84.0448989868164,0.02,0.001
,,,,,303239,244.38782,349,,,,,,
,,,,,303460,224.58296,221,,,,,,
,,,,,303813,271.4109,353,,,,,,
,,,,,304000,,,9.234404563903809,69.5230712890625,69.69612884521484,58.85743713378906,0.02,0.001
,,,,,304080,294.50964,267,,,,,,
,,,,,304239,-51.36897,159,,,,,,
,,,,,304656,271.17084,417,,,,,,
,,,,,305000,,,11.321269989013672,62.8040885925293,63.259849548339844,75.99418640136719,0.02,0.001
,,,,,305137,232.26476,481,,,,,,
,,,,,305514,279.774,377,,,,,,
,,,,,305830,249.59952,316,,,,,,
,,,,,306000,,,10.658822059631348,56.699424743652344,57.55991744995117,96.30751037597656,0.02,0.001
,,,,,306142,251.5636,312,,,,,,
,,,,,306453,259.338,311,,,,,,
,,,,,306814,299.81064,361,,,,,,
,,,,,307000,,,83.28777313232422,54.958961486816406,56.21060562133789,179.9039306640625,0.02,0.001
,,,,,307013,271.53656,199,,,,,,
,,,,,307733,103.40434,720,,,,,,
,,,,,307957,54.771652,224,,,,,,
,,,,,308000,,,20.98137664794922,61.35750961303711,61.920562744140625,209.8527069091797,0.02,0.001
,,,,,308152,-203.63782,195,,,,,,
,,,,,308466,238.12128,314,,,,,,
,,,,,308733,-125.48727,267,,,,,,
,,,,,309000,,,6.4371337890625,65.51880645751953,66.05131530761719,65.898681640625,0.02,0.001
,,,,,309012,298.20673,279,,,,,,
,,,,,309372,245.56732,360,,,,,,
,,,,,309686,258.33484,314,,,,,,
,,,,,309940,250.30086,254,,,,,,
246.09505,33.3836,284.5698,166.84573,344.9,310000,,,25.587392807006836,60.481807708740234,61.44287872314453,167.83705139160156,0.02,0.001
,,,,,310286,238.91002,346,,,,,,
,,,,,310562,284.68744,276,,,,,,
,,,,,310748,11.605385,186,,,,,,
,,,,,311000,,,4.0078887939453125,67.03187561035156,67.02696990966797,30.522502899169922,0.02,0.001
,,,,,311027,200.52045,279,,,,,,
,,,,,311483,286.3266,456,,,,,,
,,,,,311879,273.55972,396,,,,,,
,,,,,312000,,,14.922598838806152,61.67429733276367,61.63075637817383,92.87876892089844,0.02,0.001
,,,,,312298,266.9711,419,,,,,,
,,,,,312660,265.74997,362,,,,,,
,,,,,313000,,,5.667254447937012,71.33721923828125,71.03730773925781,50.488189697265625,0.02,0.001
,,,,,313193,255.39246,533,,,,,,
,,,,,313543,275.56488,350,,,,,,
,,,,,313866,264.6591,323,,,,,,
,,,,,314000,,,5.807164669036865,62.156532287597656,63.03757095336914,94.12907409667969,0.02,0.001
,,,,,314187,178.28322,321,,,,,,
,,,,,314402,276.80374,215,,,,,,
,,,,,314741,271.1096,339,,,,,,
,,,,,315000,,,66.71329498291016,65.55366516113281,66.86557006835938,63.655418395996094,0.02,0.001
,,,,,315005,278.8613,264,,,,,,
,,,,,315197,274.9193,192,,,,,,
,,,,,315532,252.13306,335,,,,,,
,,,,,316000,,,13.726007461547852,55.273231506347656,55.25071716308594,93.42820739746094,0.02,0.001
,,,,,316013,225.19232,481,,,,,,
,,,,,316234,277.763,221,,,,,,
,,,,,316743,231.90433,509,,,,,,
,,,,,317000,,,104.83319091796875,56.05451965332031,54.282875061035156,378.87127685546875,0.02,0.001
,,,,,317075,272.7442,332,,,,,,
,,,,,317327,249.74234,252,,,,,,
,,,,,317724,275.09155,397,,,,,,
,,,,,317970,251.67963,246,,,,,,
,,,,,318000,,,7.389193534851074,60.555171966552734,60.836463928222656,77.55635833740234,0.02,0.001
,,,,,318192,270.2766,222,,,,,,
,,,,,318428,261.47217,236,,,,,,
,,,,,318780,277.01212,352,,,,,,
,,,,,319000,,,6.022768974304199,60.65955352783203,60.16044235229492,55.03825759887695,0.02,0.001
,,,,,319067,272.16312,287,,,,,,
,,,,,319474,304.39868,407,,,,,,
,,,,,319820,281.5313,346,,,,,,
180.01004,170.22624,294.81952,-252.90381,434.7,320000,,,5.907684326171875,62.87744140625,63.40416717529297,58.337345123291016,0.02,0.001
,,,,,320350,238.8284,530,,,,,,
,,,,,320643,265.67148,293,,,,,,
,,,,,320988,232.90942,345,,,,,,
,,,,,321000,,,4.909424781799316,66.24130249023438,66.0751953125,35.14052200317383,0.02,0.001
,,,,,321346,237.16142,358,,,,,,
,,,,,321763,185.9029,417,,,,,,
,,,,,321987,253.4646,224,,,,,,
,,,,,322000,,,6.1756134033203125,64.91059875488281,65.48799133300781,66.87535095214844,0.02,0.001
,,,,,322198,248.01918,211,,,,,,
,,,,,322539,224.94107,341,,,,,,
,,,,,322854,232.25095,315,,,,,,
,,,,,323000,,,7.141426086425781,69.79891204833984,70.0229721069336,57.683387756347656,0.02,0.001
,,,,,323235,305.63013,381,,,,,,
,,,,,323524,258.37927,289,,,,,,
,,,,,323857,276.47647,333,,,,,,
,,,,,324000,,,5.215097904205322,65.58599853515625,65.60675811767578,40.950931549072266,0.02,0.001
,,,,,324171,261.39697,314,,,,,,
,,,,,324592,246.37578,421,,,,,,
,,,,,324927,283.45514,335,,,,,,
,,,,,325000,,,4.57930850982666,54.03547668457031,54.078617095947266,56.20362854003906,0.02,0.001
,,,,,325189,272.58307,262,,,,,,
,,,,,325408,243.82243,219,,,,,,
,,,,,325652,250.61021,244,,,,,,
,,,,,325943,246.9992,291,,,,,,
,,,,,326000,,,5.101652145385742,72.7979965209961,72.76954650878906,49.86693572998047,0.02,0.001
,,,,,326168,273.03088,225,,,,,,
,,,,,326742,193.5737,574,,,,,,
,,,,,327000,,,38.77595901489258,67.0278091430664,67.48684692382812,226.91184997558594,0.02,0.001
,,,,,327687,122.645,945,,,,,,
,,,,,327890,240.56702,203,,,,,,
,,,,,328000,,,12.578471183776855,53.969791412353516,54.3433723449707,113.26849365234375,0.02,0.001
,,,,,328110,266.26108,220,,,,,,
,,,,,329000,,,7.691293716430664,68.25651550292969,68.33333587646484,63.49006652832031,0.02,0.001
,,,,,329110,5.131074,1000,,,,,,
,,,,,329510,253.57982,400,,,,,,
,,,,,329688,-14.349998,178,,,,,,
,,,,,329964,285.4021,276,,,,,,
159.75717,155.86057,271.39575,-202.77792,264.8,330000,,,10.853010177612305,61.49590301513672,61.35478973388672,86.19486999511719,0.02,0.001
,,,,,330377,242.52472,413,,,,,,
,,,,,330930,280.65228,553,,,,,,
,,,,,331000,,,12.539247512817383,51.81203079223633,51.750465393066406,89.44882202148438,0.02,0.001
,,,,,331215,270.9754,285,,,,,,
,,,,,331472,252.2571,257,,,,,,
,,,,,331700,258.7719,228,,,,,,
,,,,,332000,,,6.987743854522705,74.91657257080078,74.43251037597656,73.30957794189453,0.02,0.001
,,,,,332244,230.39888,544,,,,,,
,,,,,332436,268.6978,192,,,,,,
,,,,,332619,263.8932,183,,,,,,
,,,,,333000,,,9.767810821533203,59.35679626464844,58.837440490722656,50.666927337646484,0.02,0.001
,,,,,333261,264.77765,642,,,,,,
,,,,,333753,209.02238,492,,,,,,
,,,,,334000,,,4.62855863571167,62.19843673706055,61.59984588623047,43.57503128051758,0.02,0.001
,,,,,334262,229.00455,509,,,,,,
,,,,,334470,305.82745,208,,,,,,
,,,,,334786,281.52008,316,,,,,,
,,,,,334963,255.15443,177,,,,,,
,,,,,335000,,,5.671664714813232,71.26821899414062,71.33995056152344,51.585079193115234,0.02,0.001
,,,,,335298,247.72775,335,,,,,,
,,,,,335479,278.0124,181,,,,,,
,,,,,335972,234.86304,493,,,,,,
,,,,,336000,,,6.226960182189941,75.95207977294922,75.54095458984375,49.833736419677734,0.02,0.001
,,,,,336384,267.64154,412,,,,,,
,,,,,336746,268.95636,362,,,,,,
,,,,,337000,,,9.204103469848633,63.1077880859375,63.10139083862305,71.00779724121094,0.02,0.001
,,,,,337071,263.1361,325,,,,,,
,,,,,337352,278.5995,281,,,,,,
,,,,,337608,266.0659,256,,,,,,
,,,,,338000,,,4.714393615722656,70.01448059082031,69.38855743408203,50.86915588378906,0.02,0.001
,,,,,338608,-141.83968,1000,,,,,,
,,,,,339000,,,12.446549415588379,57.49747085571289,56.85895538330078,102.9343490600586,0.02,0.001
,,,,,339173,226.0792,565,,,,,,
,,,,,339464,285.8479,291,,,,,,
,,,,,339670,267.318,206,,,,,,
236.5815,58.81061,309.35413,93.01128,411.9,340000,,,91.60169982910156,64.24443054199219,64.87094116210938,395.6648254394531,0.02,0.001
,,,,,340670,-159.96843,1000,,,,,,
,,,,,340986,239.68207,316,,,,,,
,,,,,341000,,,87.49730682373047,66.57289123535156,67.22311401367188,146.15528869628906,0.02,0.001
,,,,,341198,33.405685,212,,,,,,
,,,,,341420,212.6272,222,,,,,,
,,,,,341736,229.11101,316,,,,,,
,,,,,342000,,,14.941433906555176,69.47505950927734,69.1172866821289,102.79456329345703,0.02,0.001
,,,,,342274,249.54237,538,,,,,,
,,,,,342637,235.54495,363,,,,,,
,,,,,343000,,,5.22218132019043,69.38544464111328,69.039306640625,42.98896408081055,0.02,0.001
,,,,,343264,141.49898,627,,,,,,
,,,,,343523,263.34937,259,,,,,,
,,,,,343721,41.09024,198,,,,,,
,,,,,344000,,,6.412173271179199,58.252384185791016,58.369911193847656,53.34735107421875,0.02,0.001
,,,,,344122,255.42737,401,,,,,,
,,,,,344618,279.7607,496,,,,,,
,,,,,344834,255.55054,216,,,,,,
,,,,,345000,,,10.104233741760254,62.90731430053711,62.85399627685547,80.26676177978516,0.02,0.001
,,,,,345691,264.85266,857,,,,,,
,,,,,346000,,,6.377942085266113,67.4571304321289,67.1376724243164,50.74924850463867,0.02,0.001
,,,,,346187,197.08023,496,,,,,,
,,,,,346638,189.23378,451,,,,,,
,,,,,346943,307.14398,305,,,,,,
,,,,,347000,,,4.003936767578125,74.71696472167969,74.89886474609375,41.3414192199707,0.02,0.001
,,,,,347123,289.48584,180,,,,,,
,,,,,347421,274.85507,298,,,,,,
,,,,,348000,,,5.456387519836426,74.47696685791016,74.1396255493164,44.51642608642578,0.02,0.001
,,,,,348212,242.65985,791,,,,,,
,,,,,348495,262.63074,283,,,,,,
,,,,,349000,,,4.95612096786499,64.22633361816406,64.13878631591797,35.11892318725586,0.02,0.001
,,,,,349085,209.3107,590,,,,,,
,,,,,349386,220.16406,301,,,,,,
,,,,,349614,230.59032,228,,,,,,
,,,,,349981,220.023,367,,,,,,
188.70686,142.42294,312.03174,-222.77417,331.9,350000,,,4.060550689697266,74.59797668457031,74.33689880371094,41.18157196044922,0.02,0.001
,,,,,350313,254.26985,332,,,,,,
,,,,,350963,160.41673,650,,,,,,
,,,,,351000,,,9.998470306396484,74.33301544189453,73.96836853027344,128.26177978515625,0.02,0.001
,,,,,351272,279.21677,309,,,,,,
,,,,,351446,216.55008,174,,,,,,
,,,,,352000,,,8.414994239807129,71.41222381591797,71.42572021484375,95.33927154541016,0.02,0.001
,,,,,352199,211.96799,753,,,,,,
,,,,,352674,262.8908,475,,,,,,
,,,,,353000,,,4.204413414001465,72.52641296386719,73.0750732421875,53.49838638305664,0.02,0.001
,,,,,353212,174.83633,538,,,,,,
,,,,,353416,186.48102,204,,,,,,
,,,,,353744,228.1408,328,,,,,,
,,,,,354000,,,4.813807964324951,63.87750244140625,63.23396682739258,49.5681266784668,0.02,0.001
,,,,,354086,220.37479,342,,,,,,
,,,,,354507,290.48492,421,,,,,,
,,,,,354841,215.37346,334,,,,,,
,,,,,354983,-21.348648,142,,,,,,
,,,,,355000,,,3.909214496612549,80.73149108886719,80.74200439453125,33.664920806884766,0.02,0.001
,,,,,355366,275.69666,383,,,,,,
,,,,,355583,281.61017,217,,,,,,
,,,,,355838,273.5746,255,,,,,,
,,,,,356000,,,75.36319732666016,75.37893676757812,77.08522033691406,222.7530975341797,0.02,0.001
,,,,,356277,253.89735,439,,,,,,
,,,,,356972,209.17535,695,,,,,,
,,,,,357000,,,5.334805011749268,73.4473648071289,73.14763641357422,55.8004264831543,0.02,0.001
,,,,,357401,277.65274,429,,,,,,
,,,,,357604,297.19147,203,,,,,,
,,,,,357713,-3.4109802,109,,,,,,
,,,,,358000,,,60.86931610107422,73.62559509277344,74.20488739013672,117.767578125,0.02,0.001
,,,,,358020,260.6905,307,,,,,,
,,,,,358275,246.79561,255,,,,,,
,,,,,358700,253.20213,425,,,,,,
,,,,,358811,-42.30418,111,,,,,,
,,,,,359000,,,10.632853507995605,62.982975006103516,63.184078216552734,87.58111572265625,0.02,0.001
,,,,,359084,292.914,273,,,,,,
166.493,81.75184,236.99677,-24.730747,598.3,360000,,,5.497528553009033,68.97830963134766,69.18840026855469,54.196163177490234,0.02,0.001
,,,,,360084,1.1929827,1000,,,,,,
,,,,,360580,-149.66338,496,,,,,,
,,,,,361000,,,8.014439582824707,73.82805633544922,73.8338851928711,55.476173400878906,0.02,0.001
,,,,,361493,199.69785,913,,,,,,
,,,,,361826,233.6645,333,,,,,,
,,,,,362000,,,103.52912902832031,72.05876159667969,70.99356842041016,393.86578369140625,0.02,0.001
,,,,,362826,126.5843,1000,,,,,,
,,,,,363000,,,6.777415752410889,77.86489868164062,78.22660064697266,43.43535232543945,0.02,0.001
,,,,,363084,212.58377,258,,,,,,
,,,,,363510,274.36346,426,,,,,,
,,,,,363706,265.7157,196,,,,,,
,,,,,363887,282.0816,181,,,,,,
,,,,,364000,,,5.770213603973389,70.03996276855469,69.87776947021484,51.43403625488281,0.02,0.001
,,,,,364236,169.39151,349,,,,,,
,,,,,364805,163.02951,569,,,,,,
,,,,,365000,,,9.012219429016113,72.34297943115234,71.9519271850586,77.55852508544922,0.02,0.001
,,,,,365219,184.71298,414,,,,,,
,,,,,365472,279.20477,253,,,,,,
,,,,,365783,301.1239,311,,,,,,
,,,,,366000,,,6.784285545349121,67.77062225341797,67.31504821777344,64.97691345214844,0.02,0.001
,,,,,366090,263.1924,307,,,,,,
,,,,,366343,237.54765,253,,,,,,
,,,,,366703,248.05234,360,,,,,,
,,,,,367000,,,25.115571975708008,73.41513061523438,73.33074188232422,93.5964126586914,0.02,0.001
,,,,,367132,222.9378,429,,,,,,
,,,,,367340,221.58412,208,,,,,,
,,,,,367736,228.08128,396,,,,,,
,,,,,368000,,,11.826375007629395,65.48843383789062,65.3544921875,90.63191986083984,0.02,0.001
,,,,,368096,194.0368,360,,,,,,
,,,,,368367,250.82841,271,,,,,,
,,,,,368629,302.03375,262,,,,,,
,,,,,368955,256.51025,326,,,,,,
,,,,,369000,,,5.653555870056152,76.66941833496094,76.7508316040039,35.8656005859375,0.02,0.001
,,,,,369272,289.33383,317,,,,,,
,,,,,369633,244.81245,361,,,,,,
237.34712,73.98174,305.20667,32.15454,200.6,370000,,,18.78980255126953,53.29892349243164,53.21875,174.06678771972656,0.02,0.001
,,,,,370360,244.37238,727,,,,,,
,,,,,370653,204.0138,293,,,,,,
,,,,,370876,226.59659,223,,,,,,
,,,,,371000,,,187.7060089111328,72.00900268554688,73.26800537109375,556.4601440429688,0.02,0.001
,,,,,371184,258.2298,308,,,,,,
,,,,,371911,186.87129,727,,,,,,
,,,,,372000,,,2.8349661827087402,73.19854736328125,73.54396057128906,38.80487060546875,0.02,0.001
,,,,,372326,233.56491,415,,,,,,
,,,,,372638,296.8183,312,,,,,,
,,,,,373000,,,10.510475158691406,69.27165985107422,68.9354248046875,81.63282775878906,0.02,0.001
,,,,,373099,235.112,461,,,,,,
,,,,,373373,279.13422,274,,,,,,
,,,,,373633,213.525,260,,,,,,
,,,,,374000,,,7.216176509857178,69.5439224243164,69.0130844116211,53.076316833496094,0.02,0.001
,,,,,374095,208.3455,462,,,,,,
,,,,,374353,245.82483,258,,,,,,
,,,,,374604,277.84387,251,,,,,,
,,,,,374859,280.35693,255,,,,,,
,,,,,375000,,,6.921176433563232,77.03642272949219,77.09640502929688,65.32124328613281,0.02,0.001
,,,,,375143,232.10365,284,,,,,,
,,,,,376000,,,5.3733110427856445,77.16048431396484,76.47233581542969,53.38962173461914,0.02,0.001
,,,,,376143,149.33627,1000,,,,,,
,,,,,376374,272.6272,231,,,,,,
,,,,,376597,289.01172,223,,,,,,
,,,,,377000,,,6.240411758422852,72.79301452636719,71.72758483886719,73.99108123779297,0.02,0.001
,,,,,377421,224.34637,824,,,,,,
,,,,,377874,162.11871,453,,,,,,
,,,,,378000,,,16.002155303955078,72.37068176269531,70.8714599609375,137.93690490722656,0.02,0.001
,,,,,378329,207.487,455,,,,,,
,,,,,378595,251.59105,266,,,,,,
,,,,,378865,274.99237,270,,,,,,
,,,,,379000,,,45.864891052246094,72.50186157226562,72.06491088867188,178.89442443847656,0.02,0.001
,,,,,379394,234.90404,529,,,,,,
,,,,,379597,312.0831,203,,,,,,
,,,,,379870,242.50815,273,,,,,,
211.70676,65.91056,283.38007,81.59823,493.8,380000,,,6.006707191467285,78.49203491210938,78.12739562988281,47.906829833984375,0.02,0.001
,,,,,380224,255.19748,354,,,,,,
,,,,,380854,163.88062,630,,,,,,
,,,,,381000,,,9.896147727966309,72.0626220703125,71.44147491455078,78.8923110961914,0.02,0.001
,,,,,381050,279.40826,196,,,,,,
,,,,,381357,282.74152,307,,,,,,
,,,,,381666,226.2629,309,,,,,,
,,,,,382000,,,6.859288215637207,69.31074523925781,69.50332641601562,41.294010162353516,0.02,0.001
,,,,,382150,225.24915,484,,,,,,
,,,,,382321,20.334656,171,,,,,,
,,,,,382740,267.14392,419,,,,,,
,,,,,383000,,,3.10931396484375,77.79584503173828,77.42137145996094,26.845766067504883,0.02,0.001
,,,,,383024,259.47168,284,,,,,,
,,,,,383300,237.12184,276,,,,,,
,,,,,383685,216.37769,385,,,,,,
,,,,,384000,,,4.897107124328613,75.21353149414062,74.89193725585938,44.0085563659668,0.02,0.001
,,,,,384685,-19.477783,1000,,,,,,
,,,,,384976,290.68616,291,,,,,,
,,,,,385000,,,3.7740883827209473,70.25872802734375,70.84932708740234,69.81660461425781,0.02,0.001
,,,,,385185,293.79578,209,,,,,,
,,,,,385503,277.9571,318,,,,,,
,,,,,385817,224.63934,314,,,,,,
,,,,,386000,,,6.676138877868652,71.80133056640625,71.98771667480469,57.11090087890625,0.02,0.001
,,,,,386320,255.87227,503,,,,,,
,,,,,386572,242.57256,252,,,,,,
,,,,,387000,,,8.748388290405273,73.97853088378906,73.96207427978516,49.47860336303711,0.02,0.001
,,,,,387103,237.85144,531,,,,,,
,,,,,387308,284.05478,205,,,,,,
,,,,,387649,240.53401,341,,,,,,
,,,,,387777,31.494232,128,,,,,,
,,,,,388000,,,5.452466011047363,65.21717071533203,65.14348602294922,37.21034240722656,0.02,0.001
,,,,,388160,251.26337,383,,,,,,
,,,,,388572,270.7442,412,,,,,,
,,,,,388770,15.0541,198,,,,,,
,,,,,389000,,,8.794632911682129,64.83393859863281,64.18856048583984,93.37579345703125,0.02,0.001
,,,,,389288,247.39986,518,,,,,,
,,,,,389513,-139.30774,225,,,,,,
,,,,,389734,279.66403,221,,,,,,
191.61948,121.002144,305.0411,-116.30211,459.5,390000,,,19.77254867553711,79.79489135742188,80.08002471923828,100.31924438476562,0.02,0.001
,,,,,390001,293.87646,267,,,,,,
,,,,,390257,236.83359,256,,,,,,
,,,,,390551,303.93646,294,,,,,,
,,,,,390980,228.44626,429,,,,,,
,,,,,391000,,,15.23609447479248,62.50591278076172,62.869285583496094,106.2557144165039,0.02,0.001
,,,,,391325,286.38116,345,,,,,,
,,,,,391671,291.20062,346,,,,,,
,,,,,392000,,,6.471452236175537,79.37600708007812,79.75715637207031,76.56640625,0.02,0.001
,,,,,392052,289.32474,381,,,,,,
,,,,,392807,-61.021664,755,,,,,,
,,,,,393000,,,6.724148750305176,85.83399963378906,85.70536041259766,57.492271423339844,0.02,0.001
,,,,,393240,-5.3500824,433,,,,,,
,,,,,393481,262.99933,241,,,,,,
,,,,,393677,41.384964,196,,,,,,
,,,,,393823,243.27187,146,,,,,,
,,,,,394000,,,38.87382888793945,67.06501770019531,67.3607177734375,130.91143798828125,0.02,0.001
,,,,,394254,274.5302,431,,,,,,
,,,,,394574,248.24863,320,,,,,,
,,,,,394830,208.99913,256,,,,,,
,,,,,395000,,,9.219268798828125,71.48959350585938,71.64278411865234,53.1790885925293,0.02,0.001
,,,,,395034,226.57755,204,,,,,,
,,,,,395304,268.34558,270,,,,,,
,,,,,395517,276.81506,213,,,,,,
,,,,,395768,269.0019,251,,,,,,
,,,,,395989,240.18323,221,,,,,,
,,,,,396000,,,12.032209396362305,66.56685638427734,66.65402221679688,56.871559143066406,0.02,0.001
,,,,,396724,174.66135,735,,,,,,
,,,,,396937,232.86717,213,,,,,,
,,,,,397000,,,6.013888359069824,71.02932739257812,70.77945709228516,53.38488006591797,0.02,0.001
,,,,,397179,241.76817,242,,,,,,
,,,,,397920,127.12671,741,,,,,,
,,,,,398000,,,3.382474899291992,77.02565002441406,77.12408447265625,53.545692443847656,0.02,0.001
,,,,,398130,284.82135,210,,,,,,
,,,,,398401,322.44055,271,,,,,,
,,,,,398679,277.10898,278,,,,,,
,,,,,398898,264.12976,219,,,,,,
,,,,,399000,,,12.460433959960938,74.14991760253906,74.6145248413086,73.89124298095703,0.02,0.001
,,,,,399138,239.05899,240,,,,,,
,,,,,399304,-21.931328,166,,,,,,
,,,,,399626,242.32439,322,,,,,,
,,,,,399996,262.55765,370,,,,,,
127.5074,149.57626,324.66776,-132.11603,480.1,400000,,,24.119657516479492,71.04171752929688,71.279052734375,131.96994018554688,0.02,0.001
,,,,,400251,276.9442,255,,,,,,
,,,,,400428,283.40552,177,,,,,,
,,,,,400648,234.15761,220,,,,,,
,,,,,400767,28.66507,119,,,,,,
,,,,,401000,,,4.611963272094727,72.10238647460938,71.77096557617188,45.69029998779297,0.02,0.001
,,,,,401367,259.31055,600,,,,,,
,,,,,401644,241.36252,277,,,,,,
,,,,,401815,35.87549,171,,,,,,
,,,,,401961,44.679108,146,,,,,,
,,,,,402000,,,5.981325149536133,68.87281036376953,68.92615509033203,42.96275329589844,0.02,0.001
,,,,,402117,-160.78882,156,,,,,,
,,,,,402315,260.38132,198,,,,,,
,,,,,402622,260.09674,307,,,,,,
,,,,,402923,270.52753,301,,,,,,
,,,,,403000,,,5.9891252517700195,75.63372039794922,75.60135650634766,52.47148895263672,0.02,0.001
,,,,,403132,238.66115,209,,,,,,
,,,,,403440,226.53296,308,,,,,,
,,,,,403688,292.755,248,,,,,,
,,,,,404000,,,3.503024101257324,66.97136688232422,66.48086547851562,32.17351531982422,0.02,0.001
,,,,,404688,127.88241,1000,,,,,,
,,,,,404993,193.27386,305,,,,,,
,,,,,405000,,,7.062061786651611,63.96538543701172,64.21437072753906,62.449562072753906,0.02,0.001
,,,,,405326,266.26486,333,,,,,,
,,,,,405539,-114.937996,213,,,,,,
,,,,,405777,255.89342,238,,,,,,
,,,,,406000,,,5.652777671813965,61.827301025390625,62.254241943359375,52.28950881958008,0.02,0.001
,,,,,406057,312.3482,280,,,,,,
,,,,,406344,240.33185,287,,,,,,
,,,,,406503,-205.84958,159,,,,,,
,,,,,406848,290.54327,345,,,,,,
,,,,,407000,,,6.198041915893555,73.44999694824219,73.54200744628906,49.766109466552734,0.02,0.001
,,,,,407100,292.33838,252,,,,,,
,,,,,407481,255.73077,381,,,,,,
,,,,,407661,309.8055,180,,,,,,
,,,,,408000,,,6.317641258239746,71.89443969726562,72.10677337646484,47.4335823059082,0.02,0.001
,,,,,408094,283.9951,433,,,,,,
,,,,,408763,201.3039,669,,,,,,
,,,,,409000,,,14.15549373626709,73.07418060302734,72.17697143554688,102.14778137207031,0.02,0.001
,,,,,409104,269.8347,341,,,,,,
,,,,,409513,243.65952,409,,,,,,
,,,,,409844,253.70187,331,,,,,,
163.57718,111.82305,284.02097,-63.491585,589.8,410000,,,8.960800170898438,70.68439483642578,70.53614044189453,69.74897766113281,0.02,0.001
,,,,,410088,230.37544,244,,,,,,
,,,,,410234,19.8441,146,,,,,,
,,,,,410511,258.13818,277,,,,,,
,,,,,410733,242.78062,222,,,,,,
,,,,,410947,276.08728,214,,,,,,
,,,,,411000,,,9.80186939239502,79.95677947998047,78.97344970703125,58.84418487548828,0.02,0.001
,,,,,411110,57.356064,163,,,,,,
,,,,,411237,6.7978897,127,,,,,,
,,,,,411439,219.50595,202,,,,,,
,,,,,411715,219.89685,276,,,,,,
,,,,,412000,,,4.78540563583374,70.39987182617188,70.46160125732422,33.24948501586914,0.02,0.001
,,,,,412457,280.71732,742,,,,,,
,,,,,412890,279.2025,433,,,,,,
,,,,,413000,,,6.849983215332031,63.964202880859375,64.39027404785156,59.29574203491211,0.02,0.001
,,,,,413007,26.860825,117,,,,,,
,,,,,413214,299.24985,207,,,,,,
,,,,,413477,277.63965,263,,,,,,
,,,,,413600,51.160492,123,,,,,,
,,,,,414000,,,5.608876705169678,67.68408203125,67.67017364501953,44.40694808959961,0.02,0.001
,,,,,414253,247.8688,653,,,,,,
,,,,,414434,251.22794,181,,,,,,
,,,,,415000,,,8.694453239440918,67.15204620361328,67.51350402832031,59.047607421875,0.02,0.001
,,,,,415305,162.3352,871,,,,,,
,,,,,415501,6.747444,196,,,,,,
,,,,,415691,287.29736,190,,,,,,
,,,,,415854,39.411926,163,,,,,,
,,,,,416000,,,9.954398155212402,66.88420104980469,66.6034927368164,57.24224090576172,0.02,0.001
,,,,,416094,279.20935,240,,,,,,
,,,,,416333,299.2967,239,,,,,,
,,,,,416582,263.6192,249,,,,,,
,,,,,417000,,,4.128322601318359,65.13375854492188,64.95114135742188,46.6640739440918,0.02,0.001
,,,,,417018,281.4876,436,,,,,,
,,,,,417319,254.3541,301,,,,,,
,,,,,417509,238.73007,190,,,,,,
,,,,,417751,276.62524,242,,,,,,
,,,,,417903,-9.598709,152,,,,,,
,,,,,418000,,,3.650601387023926,70.883056640625,71.19451904296875,32.1169319152832,0.02,0.001
,,,,,418140,286.83917,237,,,,,,
,,,,,418373,299.08942,233,,,,,,
,,,,,418562,-34.407455,189,,,,,,
,,,,,418695,-77.50275,133,,,,,,
,,,,,419000,,,56.47156524658203,71.11271667480469,72.33963775634766,132.72950744628906,0.02,0.001
,,,,,419042,296.4499,347,,,,,,
,,,,,419304,236.87997,262,,,,,,
,,,,,419474,272.9359,170,,,,,,
,,,,,419724,266.09537,250,,,,,,
,,,,,419999,261.74677,275,,,,,,
217.29599,94.013,298.1103,52.305588,335.3,420000,,,3.05118989944458,69.50865173339844,69.37667083740234,28.026996612548828,0.02,0.001
,,,,,420203,238.7828,204,,,,,,
,,,,,420417,256.82834,214,,,,,,
,,,,,420753,245.97952,336,,,,,,
,,,,,420912,34.101883,159,,,,,,
,,,,,421000,,,4.024706840515137,65.93794250488281,65.56867218017578,44.12190246582031,0.02,0.001
,,,,,421159,281.33026,247,,,,,,
,,,,,421395,279.1886,236,,,,,,
,,,,,421588,-72.835106,193,,,,,,
,,,,,421875,213.4102,287,,,,,,
,,,,,422000,,,4.216169834136963,79.26669311523438,79.50457763671875,31.670961380004883,0.02,0.001
,,,,,422172,270.86096,297,,,,,,
,,,,,422381,277.4303,209,,,,,,
,,,,,422626,298.22473,245,,,,,,
,,,,,423000,,,44.826602935791016,68.24943542480469,69.89253234863281,87.08207702636719,0.02,0.001
,,,,,423124,279.47305,498,,,,,,
,,,,,423363,267.0376,239,,,,,,
,,,,,423589,273.77213,226,,,,,,
,,,,,424000,,,6.9309587478637695,71.90667724609375,72.17279815673828,58.298675537109375,0.02,0.001
,,,,,424067,289.91327,478,,,,,,
,,,,,424291,254.74916,224,,,,,,
,,,,,424477,251.08435,186,,,,,,
,,,,,424782,258.31268,305,,,,,,
,,,,,424994,245.99413,212,,,,,,
,,,,,425000,,,11.55124568939209,68.80887603759766,69.31373596191406,62.3780403137207,0.02,0.001
,,,,,425265,284.06555,271,,,,,,
,,,,,425592,283.48053,327,,,,,,
,,,,,425832,229.98233,240,,,,,,
,,,,,426000,,,13.513547897338867,66.25240325927734,65.95631408691406,85.65656280517578,0.02,0.001
,,,,,426021,253.8748,189,,,,,,
,,,,,426257,219.32654,236,,,,,,
,,,,,426593,295.61716,336,,,,,,
,,,,,426813,235.61568,220,,,,,,
,,,,,427000,,,5.847067832946777,71.59063720703125,71.43598937988281,48.576786041259766,0.02,0.001
,,,,,427149,262.2271,336,,,,,,
,,,,,427622,247.27107,473,,,,,,
,,,,,427944,255.28246,322,,,,,,
,,,,,428000,,,5.732489585876465,68.91688537597656,68.7913818359375,47.147979736328125,0.02,0.001
,,,,,428144,255.6475,200,,,,,,
,,,,,428470,242.76144,326,,,,,,
,,,,,428749,250.6008,279,,,,,,
,,,,,429000,,,5.235325813293457,78.95631408691406,78.94845581054688,34.337196350097656,0.02,0.001
,,,,,429013,249.4203,264,,,,,,
,,,,,429208,266.0447,195,,,,,,
,,,,,429458,221.72131,250,,,,,,
,,,,,429653,235.05426,195,,,,,,
,,,,,429860,260.4972,207,,,,,,
183.36978,121.57191,276.76675,-165.91376,482.1,430000,,,50.4581413269043,75.41824340820312,73.85670471191406,279.1619567871094,0.02,0.001
,,,,,430239,287.2656,379,,,,,,
,,,,,430724,203.15518,485,,,,,,
,,,,,430939,279.78632,215,,,,,,
,,,,,431000,,,13.722526550292969,74.03073120117188,74.34381103515625,90.77546691894531,0.02,0.001
,,,,,431178,252.06393,239,,,,,,
,,,,,431450,274.47073,272,,,,,,
,,,,,431861,261.12415,411,,,,,,
,,,,,432000,,,4.361763954162598,69.13168334960938,68.97087097167969,56.28986740112305,0.02,0.001
,,,,,432459,171.16953,598,,,,,,
,,,,,432728,277.56577,269,,,,,,
,,,,,433000,,,5.052273273468018,75.82344055175781,75.52775573730469,42.963157653808594,0.02,0.001
,,,,,433110,267.57605,382,,,,,,
,,,,,433307,291.2721,197,,,,,,
,,,,,433814,267.75842,507,,,,,,
,,,,,434000,,,7.330204010009766,71.66064453125,71.61344909667969,50.85539245605469,0.02,0.001
,,,,,434078,302.7757,264,,,,,,
,,,,,434276,233.84225,198,,,,,,
,,,,,434508,242.74591,232,,,,,,
,,,,,434836,272.25882,328,,,,,,
,,,,,434999,-198.39658,163,,,,,,
,,,,,435000,,,49.13005447387695,76.18013000488281,75.87907409667969,114.33092498779297,0.02,0.001
,,,,,435310,216.20352,311,,,,,,
,,,,,435561,244.91844,251,,,,,,
,,,,,435811,252.1565,250,,,,,,
,,,,,436000,,,4.712944507598877,73.16473388671875,73.56787109375,42.79389953613281,0.02,0.001
,,,,,436009,-204.46414,198,,,,,,
,,,,,436237,293.35815,228,,,,,,
,,,,,436576,265.545,339,,,,,,
,,,,,437000,,,2.9989964962005615,68.92806243896484,68.63687133789062,30.5863094329834,0.02,0.001
,,,,,437378,250.26572,802,,,,,,
,,,,,437637,249.09312,259,,,,,,
,,,,,437870,281.50647,233,,,,,,
,,,,,438000,,,6.459285736083984,67.95181274414062,68.2292251586914,70.80254364013672,0.02,0.001
,,,,,438282,239.36801,412,,,,,,
,,,,,438532,277.4853,250,,,,,,
,,,,,438744,263.9538,212,,,,,,
,,,,,438969,278.0581,225,,,,,,
,,,,,439000,,,4.502746105194092,69.759765625,69.83547973632812,63.9466438293457,0.02,0.001
,,,,,439146,285.64618,177,,,,,,
,,,,,439380,299.39392,234,,,,,,
,,,,,439797,294.23456,417,,,,,,
,,,,,439942,48.654694,145,,,,,,
234.1724,59.529587,305.1892,133.23647,442.9,440000,,,5.3524250984191895,78.47974395751953,78.14712524414062,57.381046295166016,0.02,0.001
,,,,,440142,256.3431,200,,,,,,
,,,,,440404,259.216,262,,,,,,
,,,,,440703,239.8199,299,,,,,,
,,,,,441000,260.91788,297,,,,,,
,,,,,441000,,,5.632575035095215,68.33085632324219,67.9236068725586,38.67813491821289,0.02,0.001
,,,,,441266,257.22394,266,,,,,,
,,,,,441380,-27.353363,114,,,,,,
,,,,,441787,282.54263,407,,,,,,
,,,,,442000,,,8.604827880859375,75.24015045166016,75.21984100341797,53.45909118652344,0.02,0.001
,,,,,442041,292.63092,254,,,,,,
,,,,,442184,-167.35382,143,,,,,,
,,,,,442400,294.2265,216,,,,,,
,,,,,442710,259.5615,310,,,,,,
,,,,,443000,,,6.810128211975098,65.95368957519531,65.52668762207031,59.4578742980957,0.02,0.001
,,,,,443015,267.40936,305,,,,,,
,,,,,443207,259.7453,192,,,,,,
,,,,,443577,263.812,370,,,,,,
,,,,,443873,313.12067,296,,,,,,
,,,,,444000,,,15.27196216583252,70.4115982055664,69.02149200439453,101.21471405029297,0.02,0.001
,,,,,444038,291.11407,165,,,,,,
,,,,,444260,283.09033,222,,,,,,
,,,,,444519,271.37122,259,,,,,,
,,,,,444939,272.26175,420,,,,,,
,,,,,445000,,,5.889439582824707,72.9970474243164,72.92762756347656,41.82270812988281,0.02,0.001
,,,,,445289,230.86937,350,,,,,,
,,,,,445776,223.35748,487,,,,,,
,,,,,445967,290.30457,191,,,,,,
,,,,,446000,,,4.744194984436035,67.78303527832031,67.03992462158203,68.0624008178711,0.02,0.001
,,,,,446188,260.7588,221,,,,,,
,,,,,446474,286.125,286,,,,,,
,,,,,446597,26.65696,123,,,,,,
,,,,,447000,,,9.927478790283203,78.3128433227539,77.85148620605469,95.9658203125,0.02,0.001
,,,,,447021,221.15994,424,,,,,,
,,,,,447596,-165.62088,575,,,,,,
,,,,,447748,-2.4171906,152,,,,,,
,,,,,448000,,,8.28187370300293,73.77316284179688,73.83671569824219,55.00606918334961,0.02,0.001
,,,,,448402,209.00256,654,,,,,,
,,,,,448635,256.76157,233,,,,,,
,,,,,448952,191.88055,317,,,,,,
,,,,,449000,,,5.122930526733398,71.12077331542969,71.3792724609375,55.775753021240234,0.02,0.001
,,,,,449091,58.58226,139,,,,,,
,,,,,449308,280.661,217,,,,,,
,,,,,449477,-138.16599,169,,,,,,
,,,,,449649,-110.6593,172,,,,,,
163.94879,126.62233,285.38806,-174.67648,605.2,450000,,,12.221186637878418,62.742698669433594,63.064632415771484,122.46852111816406,0.02,0.001
,,,,,450217,-113.05942,568,,,,,,
,,,,,450463,222.5549,246,,,,,,
,,,,,450782,253.6854,319,,,,,,
,,,,,450878,-24.339905,96,,,,,,
,,,,,451000,,,2.87186861038208,65.31009674072266,65.07180786132812,33.933013916015625,0.02,0.001
,,,,,451111,279.82452,233,,,,,,
,,,,,451304,245.35556,193,,,,,,
,,,,,451585,265.65482,281,,,,,,
,,,,,452000,,,4.5958404541015625,74.747314453125,74.85394287109375,43.29471969604492,0.02,0.001
,,,,,452108,270.52753,523,,,,,,
,,,,,452340,244.24046,232,,,,,,
,,,,,452602,250.72319,262,,,,,,
,,,,,453000,,,14.186944961547852,69.57656860351562,68.62184143066406,102.03101348876953,0.02,0.001
,,,,,453045,214.35605,443,,,,,,
,,,,,453163,-17.856316,118,,,,,,
,,,,,453388,295.7918,225,,,,,,
,,,,,453990,247.37106,602,,,,,,
,,,,,454000,,,90.23442077636719,66.4341812133789,66.85079193115234,149.92572021484375,0.02,0.001
,,,,,454257,277.65903,267,,,,,,
,,,,,454458,277.64905,201,,,,,,
,,,,,454635,-134.66232,177,,,,,,
,,,,,454888,268.28027,253,,,,,,
,,,,,455000,,,41.30624771118164,67.95608520507812,68.241455078125,88.97105407714844,0.02,0.001
,,,,,455186,235.34404,298,,,,,,
,,,,,455360,238.76706,174,,,,,,
,,,,,455589,265.43552,229,,,,,,
,,,,,455996,211.76697,407,,,,,,
,,,,,456000,,,11.14436149597168,70.11820220947266,69.36294555664062,131.20501708984375,0.02,0.001
,,,,,456205,253.04352,209,,,,,,
,,,,,456366,246.03116,161,,,,,,
,,,,,456676,267.82156,310,,,,,,
,,,,,456853,252.02905,177,,,,,,
,,,,,457000,,,23.795196533203125,68.85531616210938,68.48099517822266,86.07255554199219,0.02,0.001
,,,,,457091,277.14508,238,,,,,,
,,,,,457357,258.9444,266,,,,,,
,,,,,457566,253.5254,209,,,,,,
,,,,,457957,276.56067,391,,,,,,
,,,,,458000,,,9.298467636108398,81.4079818725586,81.75172424316406,61.0737190246582,0.02,0.001
,,,,,458164,294.8641,207,,,,,,
,,,,,458414,260.86014,250,,,,,,
,,,,,458687,264.1301,273,,,,,,
,,,,,458874,40.46988,187,,,,,,
,,,,,459000,,,11.231879234313965,68.51414489746094,69.25006103515625,75.4637680053711,0.02,0.001
,,,,,459137,246.07608,263,,,,,,
,,,,,459397,254.8292,260,,,,,,
,,,,,459638,283.39096,241,,,,,,
,,,,,459927,243.50374,289,,,,,,
224.88261,35.22389,263.07114,140.59302,368.1,460000,,,4.204707145690918,66.39312744140625,66.34257507324219,33.33714294433594,0.02,0.001
,,,,,460108,259.33978,181,,,,,,
,,,,,460437,294.4628,329,,,,,,
,,,,,460661,239.68808,224,,,,,,
,,,,,460909,236.78201,248,,,,,,
,,,,,461000,,,3.4158830642700195,78.70911407470703,78.99198150634766,44.64934158325195,0.02,0.001
,,,,,461273,233.45801,364,,,,,,
,,,,,461504,256.59528,231,,,,,,
,,,,,461973,272.51123,469,,,,,,
,,,,,462000,,,5.957192897796631,76.59471130371094,76.93468475341797,44.17878723144531,0.02,0.001
,,,,,462181,208.37666,208,,,,,,
,,,,,462614,268.17896,433,,,,,,
,,,,,462954,248.63713,340,,,,,,
,,,,,463000,,,17.34185791015625,73.74054718017578,73.3591537475586,95.19998168945312,0.02,0.001
,,,,,463160,251.30789,206,,,,,,
,,,,,463362,-142.20514,202,,,,,,
,,,,,463651,246.74031,289,,,,,,
,,,,,463834,251.5875,183,,,,,,
,,,,,464000,,,19.05483627319336,70.89207458496094,71.64076232910156,152.34068298339844,0.02,0.001
,,,,,464044,265.19037,210,,,,,,
,,,,,464230,280.8415,186,,,,,,
,,,,,464542,277.1318,312,,,,,,
,,,,,464922,261.86917,380,,,,,,
,,,,,465000,,,3.7364296913146973,68.77874755859375,68.62767028808594,39.99882125854492,0.02,0.001
,,,,,465052,-2.1770248,130,,,,,,
,,,,,465291,273.61887,239,,,,,,
,,,,,465516,267.15344,225,,,,,,
,,,,,465773,287.0583,257,,,,,,
,,,,,465985,263.59302,212,,,,,,
,,,,,466000,,,9.938096046447754,76.84010314941406,76.33995056152344,66.28772735595703,0.02,0.001
,,,,,466167,267.2328,182,,,,,,
,,,,,466525,178.78757,358,,,,,,
,,,,,466797,299.49036,272,,,,,,
,,,,,466920,19.740402,123,,,,,,
,,,,,467000,,,5.160667896270752,76.60826110839844,76.67758178710938,52.87052917480469,0.02,0.001
,,,,,467252,239.30814,332,,,,,,
,,,,,467654,279.16504,402,,,,,,
,,,,,468000,,,4.854776859283447,71.71865844726562,71.42376708984375,47.294307708740234,0.02,0.001
,,,,,468081,249.27068,427,,,,,,
,,,,,468326,269.72687,245,,,,,,
,,,,,468533,279.89996,207,,,,,,
,,,,,468843,285.01788,310,,,,,,
,,,,,469000,,,10.339664459228516,75.70301818847656,75.90279388427734,91.06697845458984,0.02,0.001
,,,,,469058,250.18904,215,,,,,,
,,,,,469516,165.47061,458,,,,,,
,,,,,469697,284.49164,181,,,,,,
,,,,,469952,262.723,255,,,,,,
212.10709,78.55286,272.85748,12.802116,379.3,470000,,,5.15434455871582,74.62799835205078,74.14285278320312,43.161170959472656,0.02,0.001
,,,,,470123,280.32715,171,,,,,,
,,,,,470246,19.847939,123,,,,,,
,,,,,470878,202.95718,632,,,,,,
,,,,,471000,,,7.152606010437012,71.53981018066406,70.92351531982422,62.245845794677734,0.02,0.001
,,,,,471180,268.58252,302,,,,,,
,,,,,471417,229.85374,237,,,,,,
,,,,,471749,239.9264,332,,,,,,
,,,,,472000,,,6.112588882446289,74.9103012084961,75.06703186035156,72.17320251464844,0.02,0.001
,,,,,472480,163.91101,731,,,,,,
,,,,,472644,20.533356,164,,,,,,
,,,,,472983,260.7024,339,,,,,,
,,,,,473000,,,10.193699836730957,72.1934814453125,72.15966033935547,61.819461822509766,0.02,0.001
,,,,,473248,259.3014,265,,,,,,
,,,,,473477,217.73834,229,,,,,,
,,,,,473737,250.52518,260,,,,,,
,,,,,474000,,,2.791130542755127,77.86109161376953,77.72616577148438,24.914865493774414,0.02,0.001
,,,,,474045,162.7899,308,,,,,,
,,,,,474220,278.9464,175,,,,,,
,,,,,474489,257.16202,269,,,,,,
,,,,,474931,277.1119,442,,,,,,
,,,,,475000,,,92.76361083984375,71.602783203125,73.7791748046875,109.38575744628906,0.02,0.001
,,,,,475931,120.50828,1000,,,,,,
,,,,,476000,,,13.88040542602539,71.40433502197266,71.0506362915039,87.3071060180664,0.02,0.001
,,,,,476186,275.80472,255,,,,,,
,,,,,476428,290.30307,242,,,,,,
,,,,,476712,257.59247,284,,,,,,
,,,,,476935,196.17252,223,,,,,,
,,,,,477000,,,10.434884071350098,75.03787994384766,74.6180191040039,68.21870422363281,0.02,0.001
,,,,,477403,268.4289,468,,,,,,
,,,,,477641,266.12274,238,,,,,,
,,,,,477875,263.35004,234,,,,,,
,,,,,478000,,,7.08791971206665,70.22920989990234,69.9012451171875,51.41146469116211,0.02,0.001
,,,,,478284,271.39392,409,,,,,,
,,,,,478701,292.1496,417,,,,,,
,,,,,479000,,,6.028696060180664,73.97026824951172,74.38276672363281,65.33895111083984,0.02,0.001
,,,,,479117,155.43106,416,,,,,,
,,,,,479469,281.1494,352,,,,,,
,,,,,479858,241.05493,389,,,,,,
236.36311,77.882,293.83557,34.576202,309.5,480000,,,37.86290740966797,71.7411117553711,72.17636108398438,47.55219268798828,0.02,0.001
,,,,,480059,244.53578,201,,,,,,
,,,,,480513,225.78854,454,,,,,,
,,,,,480756,260.26422,243,,,,,,
,,,,,480938,268.6524,182,,,,,,
,,,,,481000,,,8.08194351196289,65.9053955078125,66.45945739746094,67.72441864013672,0.02,0.001
,,,,,481134,255.75348,196,,,,,,
,,,,,481536,279.36438,402,,,,,,
,,,,,481724,271.255,188,,,,,,
,,,,,482000,,,6.632390975952148,79.46995544433594,79.3696060180664,47.078163146972656,0.02,0.001
,,,,,482010,265.56897,286,,,,,,
,,,,,482373,263.14725,363,,,,,,
,,,,,482669,287.70102,296,,,,,,
,,,,,482893,304.14655,224,,,,,,
,,,,,483000,,,39.08060073852539,66.73650360107422,67.29150390625,77.46131134033203,0.02,0.001
,,,,,483139,263.9331,246,,,,,,
,,,,,483371,238.74677,232,,,,,,
,,,,,483644,295.7191,273,,,,,,
,,,,,483944,269.16406,300,,,,,,
,,,,,484000,,,36.230857849121094,61.0958251953125,61.44092559814453,141.93807983398438,0.02,0.001
,,,,,484074,4.012375,130,,,,,,
,,,,,484371,268.7641,297,,,,,,
,,,,,484696,182.50842,325,,,,,,
,,,,,485000,,,44.21288299560547,67.46391296386719,68.2439193725586,171.17735290527344,0.02,0.001
,,,,,485157,232.23875,461,,,,,,
,,,,,485502,250.39081,345,,,,,,
,,,,,485778,301.78778,276,,,,,,
,,,,,486000,,,5.8499836921691895,70.10407257080078,69.31138610839844,47.053035736083984,0.02,0.001
,,,,,486246,206.30972,468,,,,,,
,,,,,486689,287.44226,443,,,,,,
,,,,,486993,275.8553,304,,,,,,
,,,,,487000,,,14.341194152832031,57.46141815185547,58.44026565551758,102.47733306884766,0.02,0.001
,,,,,487912,138.00471,919,,,,,,
,,,,,488000,,,3.781700611114502,78.41507720947266,78.31346130371094,28.544113159179688,0.02,0.001
,,,,,488349,-10.617844,437,,,,,,
,,,,,488660,272.26868,311,,,,,,
,,,,,488852,268.05493,192,,,,,,
,,,,,489000,,,15.3829927444458,77.1578369140625,76.88343811035156,71.32770538330078,0.02,0.001
,,,,,489117,231.82196,265,,,,,,
,,,,,489349,278.63187,232,,,,,,
,,,,,489683,234.82103,334,,,,,,
,,,,,489905,233.55428,222,,,,,,
225.3552,74.566414,289.70023,35.078903,465.9,490000,,,3.3504300117492676,76.58802032470703,77.03289794921875,31.329219818115234,0.02,0.001
,,,,,490148,265.67633,243,,,,,,
,,,,,490468,279.46515,320,,,,,,
,,,,,490705,270.9573,237,,,,,,
,,,,,490972,301.50043,267,,,,,,
,,,,,491000,,,6.262566566467285,76.48081970214844,76.25538635253906,42.886051177978516,0.02,0.001
,,,,,491194,271.59637,222,,,,,,
,,,,,491535,255.31763,341,,,,,,
,,,,,492000,,,12.436549186706543,62.776371002197266,63.249053955078125,74.5477523803711,0.02,0.001
,,,,,492535,134.91068,1000,,,,,,
,,,,,492734,267.40903,199,,,,,,
,,,,,492961,228.98398,227,,,,,,
,,,,,493000,,,24.349842071533203,76.72097778320312,77.97463989257812,96.35401153564453,0.02,0.001
,,,,,493144,232.99066,183,,,,,,
,,,,,493371,280.2305,227,,,,,,
,,,,,493645,303.6712,274,,,,,,
,,,,,493867,268.24786,222,,,,,,
,,,,,494000,,,10.305743217468262,70.76155090332031,70.69708251953125,58.41143035888672,0.02,0.001
,,,,,494077,271.76294,210,,,,,,
,,,,,494287,259.66916,210,,,,,,
,,,,,494409,-160.70909,122,,,,,,
,,,,,494628,281.8518,219,,,,,,
,,,,,494884,264.7033,256,,,,,,
,,,,,495000,,,8.28520393371582,65.40238952636719,65.92584228515625,50.751853942871094,0.02,0.001
,,,,,495340,250.03816,456,,,,,,
,,,,,495610,250.46356,270,,,,,,
,,,,,495886,258.42603,276,,,,,,
,,,,,496000,,,6.935898780822754,74.24755859375,74.14474487304688,52.67371368408203,0.02,0.001
,,,,,496105,269.6394,219,,,,,,
,,,,,496488,280.5141,383,,,,,,
,,,,,496711,245.16234,223,,,,,,
,,,,,496950,273.2376,239,,,,,,
,,,,,497000,,,11.76002311706543,65.87416076660156,65.61048126220703,56.05812454223633,0.02,0.001
,,,,,497134,265.57974,184,,,,,,
,,,,,497415,243.97095,281,,,,,,
,,,,,497671,265.8272,256,,,,,,
,,,,,497966,292.0561,295,,,,,,
,,,,,498000,,,21.400432586669922,74.892822265625,75.035888671875,126.52193450927734,0.02,0.001
,,,,,498253,284.05875,287,,,,,,
,,,,,498455,283.25598,202,,,,,,
,,,,,498696,240.01402,241,,,,,,
,,,,,498854,291.27136,158,,,,,,
,,,,,499000,,,6.253340244293213,73.31652069091797,73.38717651367188,52.96006393432617,0.02,0.001
,,,,,499160,305.67267,306,,,,,,
,,,,,499542,287.28296,382,,,,,,
,,,,,499748,241.81924,206,,,,,,
,,,,,499991,284.46222,243,,,,,,
