Eval_AverageReturn,Eval_StdReturn,Eval_MaxReturn,Eval_MinReturn,Eval_AverageEpLen,step,Train_EpisodeReturn,Train_EpisodeLen,actor_loss,entropy,critic_loss,q_values,target_values,actor_lr,critic_lr,temperature
6.8,4.0199504,15.0,3.0,6.8,0,,,,,,,,,,
,,,,,3,4.0,4,,,,,,,,
,,,,,6,3.0,3,,,,,,,,
,,,,,33,27.0,27,,,,,,,,
,,,,,36,3.0,3,,,,,,,,
,,,,,39,3.0,3,,,,,,,,
,,,,,42,3.0,3,,,,,,,,
,,,,,47,5.0,5,,,,,,,,
,,,,,55,8.0,8,,,,,,,,
,,,,,58,3.0,3,,,,,,,,
,,,,,63,5.0,5,,,,,,,,
,,,,,67,4.0,4,,,,,,,,
,,,,,70,3.0,3,,,,,,,,
,,,,,73,3.0,3,,,,,,,,
,,,,,82,9.0,9,,,,,,,,
,,,,,85,3.0,3,,,,,,,,
,,,,,88,3.0,3,,,,,,,,
,,,,,94,6.0,6,,,,,,,,
,,,,,99,5.0,5,,,,,,,,
,,,,,103,4.0,4,,,,,,,,
,,,,,115,12.0,12,,,,,,,,
,,,,,120,5.0,5,,,,,,,,
,,,,,124,4.0,4,,,,,,,,
,,,,,127,3.0,3,,,,,,,,
,,,,,131,4.0,4,,,,,,,,
,,,,,144,13.0,13,,,,,,,,
,,,,,148,4.0,4,,,,,,,,
,,,,,160,12.0,12,,,,,,,,
,,,,,172,12.0,12,,,,,,,,
,,,,,176,4.0,4,,,,,,,,
,,,,,180,4.0,4,,,,,,,,
,,,,,184,4.0,4,,,,,,,,
,,,,,187,3.0,3,,,,,,,,
,,,,,191,4.0,4,,,,,,,,
,,,,,194,3.0,3,,,,,,,,
,,,,,200,6.0,6,,,,,,,,
,,,,,204,4.0,4,,,,,,,,
,,,,,208,4.0,4,,,,,,,,
,,,,,222,14.0,14,,,,,,,,
,,,,,238,16.0,16,,,,,,,,
,,,,,246,8.0,8,,,,,,,,
,,,,,252,6.0,6,,,,,,,,
,,,,,256,4.0,4,,,,,,,,
,,,,,261,5.0,5,,,,,,,,
,,,,,276,15.0,15,,,,,,,,
,,,,,279,3.0,3,,,,,,,,
,,,,,282,3.0,3,,,,,,,,
,,,,,287,5.0,5,,,,,,,,
,,,,,291,4.0,4,,,,,,,,
,,,,,296,5.0,5,,,,,,,,
,,,,,300,4.0,4,,,,,,,,
,,,,,305,5.0,5,,,,,,,,
,,,,,314,9.0,9,,,,,,,,
,,,,,317,3.0,3,,,,,,,,
,,,,,321,4.0,4,,,,,,,,
,,,,,326,5.0,5,,,,,,,,
,,,,,329,3.0,3,,,,,,,,
,,,,,341,12.0,12,,,,,,,,
,,,,,346,5.0,5,,,,,,,,
,,,,,353,7.0,7,,,,,,,,
,,,,,357,4.0,4,,,,,,,,
,,,,,361,4.0,4,,,,,,,,
,,,,,366,5.0,5,,,,,,,,
,,,,,370,4.0,4,,,,,,,,
,,,,,375,5.0,5,,,,,,,,
,,,,,382,7.0,7,,,,,,,,
,,,,,386,4.0,4,,,,,,,,
,,,,,390,4.0,4,,,,,,,,
,,,,,401,11.0,11,,,,,,,,
,,,,,405,4.0,4,,,,,,,,
,,,,,412,7.0,7,,,,,,,,
,,,,,422,10.0,10,,,,,,,,
,,,,,433,11.0,11,,,,,,,,
,,,,,438,5.0,5,,,,,,,,
,,,,,442,4.0,4,,,,,,,,
,,,,,445,3.0,3,,,,,,,,
,,,,,450,5.0,5,,,,,,,,
,,,,,454,4.0,4,,,,,,,,
,,,,,458,4.0,4,,,,,,,,
,,,,,464,6.0,6,,,,,,,,
,,,,,479,15.0,15,,,,,,,,
,,,,,483,4.0,4,,,,,,,,
,,,,,489,6.0,6,,,,,,,,
,,,,,500,11.0,11,,,,,,,,
,,,,,504,4.0,4,,,,,,,,
,,,,,507,3.0,3,,,,,,,,
,,,,,511,4.0,4,,,,,,,,
,,,,,516,5.0,5,,,,,,,,
,,,,,524,8.0,8,,,,,,,,
,,,,,530,6.0,6,,,,,,,,
,,,,,533,3.0,3,,,,,,,,
,,,,,536,3.0,3,,,,,,,,
,,,,,542,6.0,6,,,,,,,,
,,,,,545,3.0,3,,,,,,,,
,,,,,555,10.0,10,,,,,,,,
,,,,,560,5.0,5,,,,,,,,
,,,,,567,7.0,7,,,,,,,,
,,,,,571,4.0,4,,,,,,,,
,,,,,576,5.0,5,,,,,,,,
,,,,,580,4.0,4,,,,,,,,
,,,,,588,8.0,8,,,,,,,,
,,,,,595,7.0,7,,,,,,,,
,,,,,599,4.0,4,,,,,,,,
,,,,,602,3.0,3,,,,,,,,
,,,,,605,3.0,3,,,,,,,,
,,,,,609,4.0,4,,,,,,,,
,,,,,618,9.0,9,,,,,,,,
,,,,,626,8.0,8,,,,,,,,
,,,,,631,5.0,5,,,,,,,,
,,,,,637,6.0,6,,,,,,,,
,,,,,645,8.0,8,,,,,,,,
,,,,,650,5.0,5,,,,,,,,
,,,,,655,5.0,5,,,,,,,,
,,,,,659,4.0,4,,,,,,,,
,,,,,662,3.0,3,,,,,,,,
,,,,,665,3.0,3,,,,,,,,
,,,,,670,5.0,5,,,,,,,,
,,,,,674,4.0,4,,,,,,,,
,,,,,681,7.0,7,,,,,,,,
,,,,,684,3.0,3,,,,,,,,
,,,,,687,3.0,3,,,,,,,,
,,,,,696,9.0,9,,,,,,,,
,,,,,701,5.0,5,,,,,,,,
,,,,,709,8.0,8,,,,,,,,
,,,,,713,4.0,4,,,,,,,,
,,,,,729,16.0,16,,,,,,,,
,,,,,736,7.0,7,,,,,,,,
,,,,,739,3.0,3,,,,,,,,
,,,,,748,9.0,9,,,,,,,,
,,,,,754,6.0,6,,,,,,,,
,,,,,768,14.0,14,,,,,,,,
,,,,,778,10.0,10,,,,,,,,
,,,,,782,4.0,4,,,,,,,,
,,,,,796,14.0,14,,,,,,,,
,,,,,800,4.0,4,,,,,,,,
,,,,,803,3.0,3,,,,,,,,
,,,,,808,5.0,5,,,,,,,,
,,,,,814,6.0,6,,,,,,,,
,,,,,824,10.0,10,,,,,,,,
,,,,,831,7.0,7,,,,,,,,
,,,,,838,7.0,7,,,,,,,,
,,,,,843,5.0,5,,,,,,,,
,,,,,855,12.0,12,,,,,,,,
,,,,,863,8.0,8,,,,,,,,
,,,,,873,10.0,10,,,,,,,,
,,,,,876,3.0,3,,,,,,,,
,,,,,884,8.0,8,,,,,,,,
,,,,,895,11.0,11,,,,,,,,
,,,,,898,3.0,3,,,,,,,,
,,,,,906,8.0,8,,,,,,,,
,,,,,918,12.0,12,,,,,,,,
,,,,,921,3.0,3,,,,,,,,
,,,,,930,9.0,9,,,,,,,,
,,,,,933,3.0,3,,,,,,,,
,,,,,937,4.0,4,,,,,,,,
,,,,,948,11.0,11,,,,,,,,
,,,,,951,3.0,3,,,,,,,,
,,,,,957,6.0,6,,,,,,,,
,,,,,961,4.0,4,,,,,,,,
,,,,,968,7.0,7,,,,,,,,
,,,,,971,3.0,3,,,,,,,,
,,,,,977,6.0,6,,,,,,,,
,,,,,981,4.0,4,,,,,,,,
,,,,,987,6.0,6,,,,,,,,
,,,,,1002,15.0,15,,,,,,,,
,,,,,1011,9.0,9,,,,,,,,
,,,,,1017,6.0,6,,,,,,,,
,,,,,1021,4.0,4,,,,,,,,
,,,,,1025,4.0,4,,,,,,,,
,,,,,1030,5.0,5,,,,,,,,
,,,,,1035,5.0,5,,,,,,,,
,,,,,1038,3.0,3,,,,,,,,
,,,,,1042,4.0,4,,,,,,,,
,,,,,1045,3.0,3,,,,,,,,
,,,,,1061,16.0,16,,,,,,,,
,,,,,1075,14.0,14,,,,,,,,
,,,,,1079,4.0,4,,,,,,,,
,,,,,1085,6.0,6,,,,,,,,
,,,,,1088,3.0,3,,,,,,,,
,,,,,1092,4.0,4,,,,,,,,
,,,,,1108,16.0,16,,,,,,,,
,,,,,1113,5.0,5,,,,,,,,
,,,,,1116,3.0,3,,,,,,,,
,,,,,1123,7.0,7,,,,,,,,
,,,,,1130,7.0,7,,,,,,,,
,,,,,1134,4.0,4,,,,,,,,
,,,,,1138,4.0,4,,,,,,,,
,,,,,1149,11.0,11,,,,,,,,
,,,,,1152,3.0,3,,,,,,,,
,,,,,1155,3.0,3,,,,,,,,
,,,,,1158,3.0,3,,,,,,,,
,,,,,1165,7.0,7,,,,,,,,
,,,,,1168,3.0,3,,,,,,,,
,,,,,1171,3.0,3,,,,,,,,
,,,,,1175,4.0,4,,,,,,,,
,,,,,1180,5.0,5,,,,,,,,
,,,,,1183,3.0,3,,,,,,,,
,,,,,1187,4.0,4,,,,,,,,
,,,,,1190,3.0,3,,,,,,,,
,,,,,1198,8.0,8,,,,,,,,
,,,,,1202,4.0,4,,,,,,,,
,,,,,1205,3.0,3,,,,,,,,
,,,,,1208,3.0,3,,,,,,,,
,,,,,1218,10.0,10,,,,,,,,
,,,,,1229,11.0,11,,,,,,,,
,,,,,1242,13.0,13,,,,,,,,
,,,,,1251,9.0,9,,,,,,,,
,,,,,1260,9.0,9,,,,,,,,
,,,,,1265,5.0,5,,,,,,,,
,,,,,1272,7.0,7,,,,,,,,
,,,,,1279,7.0,7,,,,,,,,
,,,,,1291,12.0,12,,,,,,,,
,,,,,1295,4.0,4,,,,,,,,
,,,,,1300,5.0,5,,,,,,,,
,,,,,1305,5.0,5,,,,,,,,
,,,,,1309,4.0,4,,,,,,,,
,,,,,1317,8.0,8,,,,,,,,
,,,,,1321,4.0,4,,,,,,,,
,,,,,1330,9.0,9,,,,,,,,
,,,,,1335,5.0,5,,,,,,,,
,,,,,1338,3.0,3,,,,,,,,
,,,,,1343,5.0,5,,,,,,,,
,,,,,1351,8.0,8,,,,,,,,
,,,,,1358,7.0,7,,,,,,,,
,,,,,1369,11.0,11,,,,,,,,
,,,,,1372,3.0,3,,,,,,,,
,,,,,1377,5.0,5,,,,,,,,
,,,,,1386,9.0,9,,,,,,,,
,,,,,1403,17.0,17,,,,,,,,
,,,,,1408,5.0,5,,,,,,,,
,,,,,1419,11.0,11,,,,,,,,
,,,,,1427,8.0,8,,,,,,,,
,,,,,1430,3.0,3,,,,,,,,
,,,,,1437,7.0,7,,,,,,,,
,,,,,1452,15.0,15,,,,,,,,
,,,,,1457,5.0,5,,,,,,,,
,,,,,1462,5.0,5,,,,,,,,
,,,,,1470,8.0,8,,,,,,,,
,,,,,1476,6.0,6,,,,,,,,
,,,,,1479,3.0,3,,,,,,,,
,,,,,1485,6.0,6,,,,,,,,
,,,,,1491,6.0,6,,,,,,,,
,,,,,1494,3.0,3,,,,,,,,
,,,,,1514,20.0,20,,,,,,,,
,,,,,1522,8.0,8,,,,,,,,
,,,,,1527,5.0,5,,,,,,,,
,,,,,1538,11.0,11,,,,,,,,
,,,,,1544,6.0,6,,,,,,,,
,,,,,1550,6.0,6,,,,,,,,
,,,,,1557,7.0,7,,,,,,,,
,,,,,1560,3.0,3,,,,,,,,
,,,,,1573,13.0,13,,,,,,,,
,,,,,1585,12.0,12,,,,,,,,
,,,,,1589,4.0,4,,,,,,,,
,,,,,1596,7.0,7,,,,,,,,
,,,,,1601,5.0,5,,,,,,,,
,,,,,1605,4.0,4,,,,,,,,
,,,,,1608,3.0,3,,,,,,,,
,,,,,1614,6.0,6,,,,,,,,
,,,,,1619,5.0,5,,,,,,,,
,,,,,1623,4.0,4,,,,,,,,
,,,,,1637,14.0,14,,,,,,,,
,,,,,1653,16.0,16,,,,,,,,
,,,,,1658,5.0,5,,,,,,,,
,,,,,1663,5.0,5,,,,,,,,
,,,,,1668,5.0,5,,,,,,,,
,,,,,1673,5.0,5,,,,,,,,
,,,,,1684,11.0,11,,,,,,,,
,,,,,1690,6.0,6,,,,,,,,
,,,,,1699,9.0,9,,,,,,,,
,,,,,1703,4.0,4,,,,,,,,
,,,,,1708,5.0,5,,,,,,,,
,,,,,1727,19.0,19,,,,,,,,
,,,,,1730,3.0,3,,,,,,,,
,,,,,1743,13.0,13,,,,,,,,
,,,,,1750,7.0,7,,,,,,,,
,,,,,1757,7.0,7,,,,,,,,
,,,,,1762,5.0,5,,,,,,,,
,,,,,1766,4.0,4,,,,,,,,
,,,,,1771,5.0,5,,,,,,,,
,,,,,1774,3.0,3,,,,,,,,
,,,,,1779,5.0,5,,,,,,,,
,,,,,1799,20.0,20,,,,,,,,
,,,,,1803,4.0,4,,,,,,,,
,,,,,1807,4.0,4,,,,,,,,
,,,,,1811,4.0,4,,,,,,,,
,,,,,1818,7.0,7,,,,,,,,
,,,,,1823,5.0,5,,,,,,,,
,,,,,1826,3.0,3,,,,,,,,
,,,,,1833,7.0,7,,,,,,,,
,,,,,1838,5.0,5,,,,,,,,
,,,,,1847,9.0,9,,,,,,,,
,,,,,1858,11.0,11,,,,,,,,
,,,,,1861,3.0,3,,,,,,,,
,,,,,1867,6.0,6,,,,,,,,
,,,,,1875,8.0,8,,,,,,,,
,,,,,1890,15.0,15,,,,,,,,
,,,,,1895,5.0,5,,,,,,,,
,,,,,1907,12.0,12,,,,,,,,
,,,,,1910,3.0,3,,,,,,,,
,,,,,1914,4.0,4,,,,,,,,
,,,,,1924,10.0,10,,,,,,,,
,,,,,1932,8.0,8,,,,,,,,
,,,,,1937,5.0,5,,,,,,,,
,,,,,1940,3.0,3,,,,,,,,
,,,,,1947,7.0,7,,,,,,,,
,,,,,1957,10.0,10,,,,,,,,
,,,,,1962,5.0,5,,,,,,,,
,,,,,1973,11.0,11,,,,,,,,
,,,,,1996,23.0,23,,,,,,,,
,,,,,2003,7.0,7,,,,,,,,
,,,,,2009,6.0,6,,,,,,,,
,,,,,2013,4.0,4,,,,,,,,
,,,,,2017,4.0,4,,,,,,,,
,,,,,2025,8.0,8,,,,,,,,
,,,,,2029,4.0,4,,,,,,,,
,,,,,2038,9.0,9,,,,,,,,
,,,,,2051,13.0,13,,,,,,,,
,,,,,2079,28.0,28,,,,,,,,
,,,,,2093,14.0,14,,,,,,,,
,,,,,2099,6.0,6,,,,,,,,
,,,,,2104,5.0,5,,,,,,,,
,,,,,2115,11.0,11,,,,,,,,
,,,,,2129,14.0,14,,,,,,,,
,,,,,2136,7.0,7,,,,,,,,
,,,,,2152,16.0,16,,,,,,,,
,,,,,2156,4.0,4,,,,,,,,
,,,,,2163,7.0,7,,,,,,,,
,,,,,2172,9.0,9,,,,,,,,
,,,,,2179,7.0,7,,,,,,,,
,,,,,2185,6.0,6,,,,,,,,
,,,,,2199,14.0,14,,,,,,,,
,,,,,2203,4.0,4,,,,,,,,
,,,,,2208,5.0,5,,,,,,,,
,,,,,2214,6.0,6,,,,,,,,
,,,,,2220,6.0,6,,,,,,,,
,,,,,2225,5.0,5,,,,,,,,
,,,,,2236,11.0,11,,,,,,,,
,,,,,2243,7.0,7,,,,,,,,
,,,,,2256,13.0,13,,,,,,,,
,,,,,2259,3.0,3,,,,,,,,
,,,,,2266,7.0,7,,,,,,,,
,,,,,2270,4.0,4,,,,,,,,
,,,,,2294,24.0,24,,,,,,,,
,,,,,2307,13.0,13,,,,,,,,
,,,,,2312,5.0,5,,,,,,,,
,,,,,2322,10.0,10,,,,,,,,
,,,,,2329,7.0,7,,,,,,,,
,,,,,2352,23.0,23,,,,,,,,
,,,,,2358,6.0,6,,,,,,,,
,,,,,2363,5.0,5,,,,,,,,
,,,,,2367,4.0,4,,,,,,,,
,,,,,2380,13.0,13,,,,,,,,
,,,,,2388,8.0,8,,,,,,,,
,,,,,2422,34.0,34,,,,,,,,
,,,,,2431,9.0,9,,,,,,,,
,,,,,2435,4.0,4,,,,,,,,
,,,,,2440,5.0,5,,,,,,,,
,,,,,2444,4.0,4,,,,,,,,
,,,,,2457,13.0,13,,,,,,,,
,,,,,2467,10.0,10,,,,,,,,
,,,,,2471,4.0,4,,,,,,,,
,,,,,2477,6.0,6,,,,,,,,
,,,,,2486,9.0,9,,,,,,,,
,,,,,2489,3.0,3,,,,,,,,
,,,,,2498,9.0,9,,,,,,,,
,,,,,2505,7.0,7,,,,,,,,
,,,,,2512,7.0,7,,,,,,,,
,,,,,2522,10.0,10,,,,,,,,
,,,,,2530,8.0,8,,,,,,,,
,,,,,2538,8.0,8,,,,,,,,
,,,,,2549,11.0,11,,,,,,,,
,,,,,2560,11.0,11,,,,,,,,
,,,,,2563,3.0,3,,,,,,,,
,,,,,2575,12.0,12,,,,,,,,
,,,,,2582,7.0,7,,,,,,,,
,,,,,2586,4.0,4,,,,,,,,
,,,,,2593,7.0,7,,,,,,,,
,,,,,2596,3.0,3,,,,,,,,
,,,,,2614,18.0,18,,,,,,,,
,,,,,2619,5.0,5,,,,,,,,
,,,,,2650,31.0,31,,,,,,,,
,,,,,2656,6.0,6,,,,,,,,
,,,,,2673,17.0,17,,,,,,,,
,,,,,2682,9.0,9,,,,,,,,
,,,,,2685,3.0,3,,,,,,,,
,,,,,2688,3.0,3,,,,,,,,
,,,,,2694,6.0,6,,,,,,,,
,,,,,2701,7.0,7,,,,,,,,
,,,,,2705,4.0,4,,,,,,,,
,,,,,2709,4.0,4,,,,,,,,
,,,,,2712,3.0,3,,,,,,,,
,,,,,2719,7.0,7,,,,,,,,
,,,,,2722,3.0,3,,,,,,,,
,,,,,2727,5.0,5,,,,,,,,
,,,,,2732,5.0,5,,,,,,,,
,,,,,2742,10.0,10,,,,,,,,
,,,,,2747,5.0,5,,,,,,,,
,,,,,2756,9.0,9,,,,,,,,
,,,,,2766,10.0,10,,,,,,,,
,,,,,2775,9.0,9,,,,,,,,
,,,,,2781,6.0,6,,,,,,,,
,,,,,2785,4.0,4,,,,,,,,
,,,,,2792,7.0,7,,,,,,,,
,,,,,2796,4.0,4,,,,,,,,
,,,,,2802,6.0,6,,,,,,,,
,,,,,2807,5.0,5,,,,,,,,
,,,,,2830,23.0,23,,,,,,,,
,,,,,2836,6.0,6,,,,,,,,
,,,,,2842,6.0,6,,,,,,,,
,,,,,2849,7.0,7,,,,,,,,
,,,,,2853,4.0,4,,,,,,,,
,,,,,2857,4.0,4,,,,,,,,
,,,,,2866,9.0,9,,,,,,,,
,,,,,2877,11.0,11,,,,,,,,
,,,,,2882,5.0,5,,,,,,,,
,,,,,2887,5.0,5,,,,,,,,
,,,,,2895,8.0,8,,,,,,,,
,,,,,2910,15.0,15,,,,,,,,
,,,,,2930,20.0,20,,,,,,,,
,,,,,2934,4.0,4,,,,,,,,
,,,,,2938,4.0,4,,,,,,,,
,,,,,2954,16.0,16,,,,,,,,
,,,,,2958,4.0,4,,,,,,,,
,,,,,2964,6.0,6,,,,,,,,
,,,,,2976,12.0,12,,,,,,,,
,,,,,2984,8.0,8,,,,,,,,
,,,,,2988,4.0,4,,,,,,,,
,,,,,2995,7.0,7,,,,,,,,
,,,,,3001,6.0,6,,,,,,,,
,,,,,3008,7.0,7,,,,,,,,
,,,,,3016,8.0,8,,,,,,,,
,,,,,3019,3.0,3,,,,,,,,
,,,,,3030,11.0,11,,,,,,,,
,,,,,3040,10.0,10,,,,,,,,
,,,,,3047,7.0,7,,,,,,,,
,,,,,3053,6.0,6,,,,,,,,
,,,,,3058,5.0,5,,,,,,,,
,,,,,3065,7.0,7,,,,,,,,
,,,,,3073,8.0,8,,,,,,,,
,,,,,3079,6.0,6,,,,,,,,
,,,,,3083,4.0,4,,,,,,,,
,,,,,3087,4.0,4,,,,,,,,
,,,,,3092,5.0,5,,,,,,,,
,,,,,3095,3.0,3,,,,,,,,
,,,,,3100,5.0,5,,,,,,,,
,,,,,3104,4.0,4,,,,,,,,
,,,,,3110,6.0,6,,,,,,,,
,,,,,3123,13.0,13,,,,,,,,
,,,,,3126,3.0,3,,,,,,,,
,,,,,3130,4.0,4,,,,,,,,
,,,,,3133,3.0,3,,,,,,,,
,,,,,3137,4.0,4,,,,,,,,
,,,,,3140,3.0,3,,,,,,,,
,,,,,3144,4.0,4,,,,,,,,
,,,,,3148,4.0,4,,,,,,,,
,,,,,3157,9.0,9,,,,,,,,
,,,,,3162,5.0,5,,,,,,,,
,,,,,3166,4.0,4,,,,,,,,
,,,,,3170,4.0,4,,,,,,,,
,,,,,3174,4.0,4,,,,,,,,
,,,,,3185,11.0,11,,,,,,,,
,,,,,3194,9.0,9,,,,,,,,
,,,,,3198,4.0,4,,,,,,,,
,,,,,3202,4.0,4,,,,,,,,
,,,,,3207,5.0,5,,,,,,,,
,,,,,3211,4.0,4,,,,,,,,
,,,,,3214,3.0,3,,,,,,,,
,,,,,3218,4.0,4,,,,,,,,
,,,,,3227,9.0,9,,,,,,,,
,,,,,3233,6.0,6,,,,,,,,
,,,,,3239,6.0,6,,,,,,,,
,,,,,3242,3.0,3,,,,,,,,
,,,,,3247,5.0,5,,,,,,,,
,,,,,3254,7.0,7,,,,,,,,
,,,,,3265,11.0,11,,,,,,,,
,,,,,3271,6.0,6,,,,,,,,
,,,,,3280,9.0,9,,,,,,,,
,,,,,3285,5.0,5,,,,,,,,
,,,,,3308,23.0,23,,,,,,,,
,,,,,3313,5.0,5,,,,,,,,
,,,,,3317,4.0,4,,,,,,,,
,,,,,3321,4.0,4,,,,,,,,
,,,,,3325,4.0,4,,,,,,,,
,,,,,3338,13.0,13,,,,,,,,
,,,,,3346,8.0,8,,,,,,,,
,,,,,3353,7.0,7,,,,,,,,
,,,,,3356,3.0,3,,,,,,,,
,,,,,3360,4.0,4,,,,,,,,
,,,,,3364,4.0,4,,,,,,,,
,,,,,3368,4.0,4,,,,,,,,
,,,,,3373,5.0,5,,,,,,,,
,,,,,3380,7.0,7,,,,,,,,
,,,,,3384,4.0,4,,,,,,,,
,,,,,3388,4.0,4,,,,,,,,
,,,,,3391,3.0,3,,,,,,,,
,,,,,3403,12.0,12,,,,,,,,
,,,,,3409,6.0,6,,,,,,,,
,,,,,3428,19.0,19,,,,,,,,
,,,,,3431,3.0,3,,,,,,,,
,,,,,3440,9.0,9,,,,,,,,
,,,,,3448,8.0,8,,,,,,,,
,,,,,3460,12.0,12,,,,,,,,
,,,,,3482,22.0,22,,,,,,,,
,,,,,3487,5.0,5,,,,,,,,
,,,,,3494,7.0,7,,,,,,,,
,,,,,3499,5.0,5,,,,,,,,
,,,,,3502,3.0,3,,,,,,,,
,,,,,3508,6.0,6,,,,,,,,
,,,,,3514,6.0,6,,,,,,,,
,,,,,3526,12.0,12,,,,,,,,
,,,,,3536,10.0,10,,,,,,,,
,,,,,3541,5.0,5,,,,,,,,
,,,,,3546,5.0,5,,,,,,,,
,,,,,3550,4.0,4,,,,,,,,
,,,,,3555,5.0,5,,,,,,,,
,,,,,3565,10.0,10,,,,,,,,
,,,,,3569,4.0,4,,,,,,,,
,,,,,3579,10.0,10,,,,,,,,
,,,,,3595,16.0,16,,,,,,,,
,,,,,3598,3.0,3,,,,,,,,
,,,,,3605,7.0,7,,,,,,,,
,,,,,3612,7.0,7,,,,,,,,
,,,,,3620,8.0,8,,,,,,,,
,,,,,3624,4.0,4,,,,,,,,
,,,,,3631,7.0,7,,,,,,,,
,,,,,3640,9.0,9,,,,,,,,
,,,,,3670,30.0,30,,,,,,,,
,,,,,3674,4.0,4,,,,,,,,
,,,,,3679,5.0,5,,,,,,,,
,,,,,3683,4.0,4,,,,,,,,
,,,,,3690,7.0,7,,,,,,,,
,,,,,3699,9.0,9,,,,,,,,
,,,,,3707,8.0,8,,,,,,,,
,,,,,3714,7.0,7,,,,,,,,
,,,,,3725,11.0,11,,,,,,,,
,,,,,3729,4.0,4,,,,,,,,
,,,,,3737,8.0,8,,,,,,,,
,,,,,3744,7.0,7,,,,,,,,
,,,,,3764,20.0,20,,,,,,,,
,,,,,3769,5.0,5,,,,,,,,
,,,,,3774,5.0,5,,,,,,,,
,,,,,3780,6.0,6,,,,,,,,
,,,,,3786,6.0,6,,,,,,,,
,,,,,3792,6.0,6,,,,,,,,
,,,,,3795,3.0,3,,,,,,,,
,,,,,3805,10.0,10,,,,,,,,
,,,,,3821,16.0,16,,,,,,,,
,,,,,3825,4.0,4,,,,,,,,
,,,,,3831,6.0,6,,,,,,,,
,,,,,3836,5.0,5,,,,,,,,
,,,,,3841,5.0,5,,,,,,,,
,,,,,3844,3.0,3,,,,,,,,
,,,,,3850,6.0,6,,,,,,,,
,,,,,3855,5.0,5,,,,,,,,
,,,,,3858,3.0,3,,,,,,,,
,,,,,3882,24.0,24,,,,,,,,
,,,,,3886,4.0,4,,,,,,,,
,,,,,3890,4.0,4,,,,,,,,
,,,,,3895,5.0,5,,,,,,,,
,,,,,3899,4.0,4,,,,,,,,
,,,,,3904,5.0,5,,,,,,,,
,,,,,3908,4.0,4,,,,,,,,
,,,,,3913,5.0,5,,,,,,,,
,,,,,3922,9.0,9,,,,,,,,
,,,,,3926,4.0,4,,,,,,,,
,,,,,3930,4.0,4,,,,,,,,
,,,,,3934,4.0,4,,,,,,,,
,,,,,3939,5.0,5,,,,,,,,
,,,,,3946,7.0,7,,,,,,,,
,,,,,3951,5.0,5,,,,,,,,
,,,,,3971,20.0,20,,,,,,,,
,,,,,3986,15.0,15,,,,,,,,
,,,,,3992,6.0,6,,,,,,,,
,,,,,3996,4.0,4,,,,,,,,
,,,,,4001,5.0,5,,,,,,,,
,,,,,4007,6.0,6,,,,,,,,
,,,,,4012,5.0,5,,,,,,,,
,,,,,4016,4.0,4,,,,,,,,
,,,,,4022,6.0,6,,,,,,,,
,,,,,4033,11.0,11,,,,,,,,
,,,,,4042,9.0,9,,,,,,,,
,,,,,4045,3.0,3,,,,,,,,
,,,,,4061,16.0,16,,,,,,,,
,,,,,4071,10.0,10,,,,,,,,
,,,,,4080,9.0,9,,,,,,,,
,,,,,4083,3.0,3,,,,,,,,
,,,,,4094,11.0,11,,,,,,,,
,,,,,4098,4.0,4,,,,,,,,
,,,,,4111,13.0,13,,,,,,,,
,,,,,4114,3.0,3,,,,,,,,
,,,,,4121,7.0,7,,,,,,,,
,,,,,4132,11.0,11,,,,,,,,
,,,,,4136,4.0,4,,,,,,,,
,,,,,4147,11.0,11,,,,,,,,
,,,,,4152,5.0,5,,,,,,,,
,,,,,4161,9.0,9,,,,,,,,
,,,,,4170,9.0,9,,,,,,,,
,,,,,4175,5.0,5,,,,,,,,
,,,,,4182,7.0,7,,,,,,,,
,,,,,4186,4.0,4,,,,,,,,
,,,,,4190,4.0,4,,,,,,,,
,,,,,4203,13.0,13,,,,,,,,
,,,,,4219,16.0,16,,,,,,,,
,,,,,4234,15.0,15,,,,,,,,
,,,,,4239,5.0,5,,,,,,,,
,,,,,4245,6.0,6,,,,,,,,
,,,,,4251,6.0,6,,,,,,,,
,,,,,4259,8.0,8,,,,,,,,
,,,,,4267,8.0,8,,,,,,,,
,,,,,4280,13.0,13,,,,,,,,
,,,,,4284,4.0,4,,,,,,,,
,,,,,4287,3.0,3,,,,,,,,
,,,,,4293,6.0,6,,,,,,,,
,,,,,4307,14.0,14,,,,,,,,
,,,,,4315,8.0,8,,,,,,,,
,,,,,4323,8.0,8,,,,,,,,
,,,,,4328,5.0,5,,,,,,,,
,,,,,4333,5.0,5,,,,,,,,
,,,,,4337,4.0,4,,,,,,,,
,,,,,4340,3.0,3,,,,,,,,
,,,,,4363,23.0,23,,,,,,,,
,,,,,4366,3.0,3,,,,,,,,
,,,,,4370,4.0,4,,,,,,,,
,,,,,4374,4.0,4,,,,,,,,
,,,,,4378,4.0,4,,,,,,,,
,,,,,4387,9.0,9,,,,,,,,
,,,,,4394,7.0,7,,,,,,,,
,,,,,4398,4.0,4,,,,,,,,
,,,,,4406,8.0,8,,,,,,,,
,,,,,4410,4.0,4,,,,,,,,
,,,,,4415,5.0,5,,,,,,,,
,,,,,4419,4.0,4,,,,,,,,
,,,,,4430,11.0,11,,,,,,,,
,,,,,4435,5.0,5,,,,,,,,
,,,,,4442,7.0,7,,,,,,,,
,,,,,4453,11.0,11,,,,,,,,
,,,,,4461,8.0,8,,,,,,,,
,,,,,4472,11.0,11,,,,,,,,
,,,,,4479,7.0,7,,,,,,,,
,,,,,4489,10.0,10,,,,,,,,
,,,,,4493,4.0,4,,,,,,,,
,,,,,4504,11.0,11,,,,,,,,
,,,,,4507,3.0,3,,,,,,,,
,,,,,4514,7.0,7,,,,,,,,
,,,,,4519,5.0,5,,,,,,,,
,,,,,4527,8.0,8,,,,,,,,
,,,,,4533,6.0,6,,,,,,,,
,,,,,4541,8.0,8,,,,,,,,
,,,,,4544,3.0,3,,,,,,,,
,,,,,4548,4.0,4,,,,,,,,
,,,,,4553,5.0,5,,,,,,,,
,,,,,4563,10.0,10,,,,,,,,
,,,,,4568,5.0,5,,,,,,,,
,,,,,4572,4.0,4,,,,,,,,
,,,,,4585,13.0,13,,,,,,,,
,,,,,4591,6.0,6,,,,,,,,
,,,,,4598,7.0,7,,,,,,,,
,,,,,4611,13.0,13,,,,,,,,
,,,,,4615,4.0,4,,,,,,,,
,,,,,4619,4.0,4,,,,,,,,
,,,,,4630,11.0,11,,,,,,,,
,,,,,4636,6.0,6,,,,,,,,
,,,,,4641,5.0,5,,,,,,,,
,,,,,4646,5.0,5,,,,,,,,
,,,,,4651,5.0,5,,,,,,,,
,,,,,4656,5.0,5,,,,,,,,
,,,,,4665,9.0,9,,,,,,,,
,,,,,4670,5.0,5,,,,,,,,
,,,,,4679,9.0,9,,,,,,,,
,,,,,4684,5.0,5,,,,,,,,
,,,,,4688,4.0,4,,,,,,,,
,,,,,4693,5.0,5,,,,,,,,
,,,,,4696,3.0,3,,,,,,,,
,,,,,4700,4.0,4,,,,,,,,
,,,,,4704,4.0,4,,,,,,,,
,,,,,4713,9.0,9,,,,,,,,
,,,,,4718,5.0,5,,,,,,,,
,,,,,4729,11.0,11,,,,,,,,
,,,,,4733,4.0,4,,,,,,,,
,,,,,4739,6.0,6,,,,,,,,
,,,,,4759,20.0,20,,,,,,,,
,,,,,4763,4.0,4,,,,,,,,
,,,,,4777,14.0,14,,,,,,,,
,,,,,4781,4.0,4,,,,,,,,
,,,,,4791,10.0,10,,,,,,,,
,,,,,4809,18.0,18,,,,,,,,
,,,,,4814,5.0,5,,,,,,,,
,,,,,4818,4.0,4,,,,,,,,
,,,,,4821,3.0,3,,,,,,,,
,,,,,4829,8.0,8,,,,,,,,
,,,,,4834,5.0,5,,,,,,,,
,,,,,4851,17.0,17,,,,,,,,
,,,,,4855,4.0,4,,,,,,,,
,,,,,4860,5.0,5,,,,,,,,
,,,,,4873,13.0,13,,,,,,,,
,,,,,4886,13.0,13,,,,,,,,
,,,,,4892,6.0,6,,,,,,,,
,,,,,4899,7.0,7,,,,,,,,
,,,,,4904,5.0,5,,,,,,,,
,,,,,4913,9.0,9,,,,,,,,
,,,,,4917,4.0,4,,,,,,,,
,,,,,4924,7.0,7,,,,,,,,
,,,,,4930,6.0,6,,,,,,,,
,,,,,4933,3.0,3,,,,,,,,
,,,,,4937,4.0,4,,,,,,,,
,,,,,4941,4.0,4,,,,,,,,
,,,,,4944,3.0,3,,,,,,,,
,,,,,4956,12.0,12,,,,,,,,
,,,,,4960,4.0,4,,,,,,,,
,,,,,4971,11.0,11,,,,,,,,
,,,,,4985,14.0,14,,,,,,,,
,,,,,4994,9.0,9,,,,,,,,
,,,,,4998,4.0,4,,,,,,,,
5.9,2.2113345,10.0,3.0,5.9,5000,,,-0.06266504526138306,0.6266504526138306,1.0840144157409668,0.05989142134785652,1.099435806274414,0.0003,0.0003,0.1
,,,,,5002,4.0,4,,,,,,,,
,,,,,5005,3.0,3,,,,,,,,
,,,,,5012,7.0,7,,,,,,,,
,,,,,5020,8.0,8,,,,,,,,
,,,,,5029,9.0,9,,,,,,,,
,,,,,5034,5.0,5,,,,,,,,
,,,,,5042,8.0,8,,,,,,,,
,,,,,5067,25.0,25,,,,,,,,
,,,,,5077,10.0,10,,,,,,,,
,,,,,5084,7.0,7,,,,,,,,
,,,,,5092,8.0,8,,,,,,,,
,,,,,5101,9.0,9,,,,,,,,
,,,,,5126,25.0,25,,,,,,,,
,,,,,5137,11.0,11,,,,,,,,
,,,,,5163,26.0,26,,,,,,,,
,,,,,5177,14.0,14,,,,,,,,
,,,,,5198,21.0,21,,,,,,,,
,,,,,5215,17.0,17,,,,,,,,
,,,,,5220,5.0,5,,,,,,,,
,,,,,5231,11.0,11,,,,,,,,
,,,,,5239,8.0,8,,,,,,,,
,,,,,5244,5.0,5,,,,,,,,
,,,,,5251,7.0,7,,,,,,,,
,,,,,5257,6.0,6,,,,,,,,
,,,,,5262,5.0,5,,,,,,,,
,,,,,5271,9.0,9,,,,,,,,
,,,,,5278,7.0,7,,,,,,,,
,,,,,5286,8.0,8,,,,,,,,
,,,,,5292,6.0,6,,,,,,,,
,,,,,5302,10.0,10,,,,,,,,
,,,,,5309,7.0,7,,,,,,,,
,,,,,5330,21.0,21,,,,,,,,
,,,,,5342,12.0,12,,,,,,,,
,,,,,5359,17.0,17,,,,,,,,
,,,,,5369,10.0,10,,,,,,,,
,,,,,5416,47.0,47,,,,,,,,
,,,,,5430,14.0,14,,,,,,,,
,,,,,5464,34.0,34,,,,,,,,
,,,,,5518,54.0,54,,,,,,,,
,,,,,5534,16.0,16,,,,,,,,
,,,,,5552,18.0,18,,,,,,,,
,,,,,5566,14.0,14,,,,,,,,
,,,,,5582,16.0,16,,,,,,,,
,,,,,5605,23.0,23,,,,,,,,
,,,,,5621,16.0,16,,,,,,,,
,,,,,5628,7.0,7,,,,,,,,
,,,,,5640,12.0,12,,,,,,,,
,,,,,5646,6.0,6,,,,,,,,
,,,,,5704,58.0,58,,,,,,,,
,,,,,5749,45.0,45,,,,,,,,
,,,,,5784,35.0,35,,,,,,,,
,,,,,5808,24.0,24,,,,,,,,
,,,,,5840,32.0,32,,,,,,,,
,,,,,5863,23.0,23,,,,,,,,
,,,,,5901,38.0,38,,,,,,,,
,,,,,5955,54.0,54,,,,,,,,
,,,,,5971,16.0,16,,,,,,,,
,,,,,5982,11.0,11,,,,,,,,
,,,,,5993,11.0,11,,,,,,,,
,,,,,6000,,,0.05785934254527092,-0.5785934329032898,0.8230547904968262,4.332498550415039,4.263706207275391,0.0003,0.0003,0.1
,,,,,6024,31.0,31,,,,,,,,
,,,,,6035,11.0,11,,,,,,,,
,,,,,6046,11.0,11,,,,,,,,
,,,,,6060,14.0,14,,,,,,,,
,,,,,6077,17.0,17,,,,,,,,
,,,,,6095,18.0,18,,,,,,,,
,,,,,6128,33.0,33,,,,,,,,
,,,,,6140,12.0,12,,,,,,,,
,,,,,6168,28.0,28,,,,,,,,
,,,,,6188,20.0,20,,,,,,,,
,,,,,6204,16.0,16,,,,,,,,
,,,,,6255,51.0,51,,,,,,,,
,,,,,6263,8.0,8,,,,,,,,
,,,,,6295,32.0,32,,,,,,,,
,,,,,6311,16.0,16,,,,,,,,
,,,,,6332,21.0,21,,,,,,,,
,,,,,6341,9.0,9,,,,,,,,
,,,,,6356,15.0,15,,,,,,,,
,,,,,6376,20.0,20,,,,,,,,
,,,,,6392,16.0,16,,,,,,,,
,,,,,6402,10.0,10,,,,,,,,
,,,,,6434,32.0,32,,,,,,,,
,,,,,6448,14.0,14,,,,,,,,
,,,,,6462,14.0,14,,,,,,,,
,,,,,6474,12.0,12,,,,,,,,
,,,,,6481,7.0,7,,,,,,,,
,,,,,6487,6.0,6,,,,,,,,
,,,,,6498,11.0,11,,,,,,,,
,,,,,6503,5.0,5,,,,,,,,
,,,,,6513,10.0,10,,,,,,,,
,,,,,6519,6.0,6,,,,,,,,
,,,,,6528,9.0,9,,,,,,,,
,,,,,6537,9.0,9,,,,,,,,
,,,,,6540,3.0,3,,,,,,,,
,,,,,6546,6.0,6,,,,,,,,
,,,,,6552,6.0,6,,,,,,,,
,,,,,6556,4.0,4,,,,,,,,
,,,,,6566,10.0,10,,,,,,,,
,,,,,6570,4.0,4,,,,,,,,
,,,,,6574,4.0,4,,,,,,,,
,,,,,6578,4.0,4,,,,,,,,
,,,,,6584,6.0,6,,,,,,,,
,,,,,6587,3.0,3,,,,,,,,
,,,,,6592,5.0,5,,,,,,,,
,,,,,6596,4.0,4,,,,,,,,
,,,,,6600,4.0,4,,,,,,,,
,,,,,6605,5.0,5,,,,,,,,
,,,,,6609,4.0,4,,,,,,,,
,,,,,6617,8.0,8,,,,,,,,
,,,,,6621,4.0,4,,,,,,,,
,,,,,6625,4.0,4,,,,,,,,
,,,,,6630,5.0,5,,,,,,,,
,,,,,6633,3.0,3,,,,,,,,
,,,,,6637,4.0,4,,,,,,,,
,,,,,6644,7.0,7,,,,,,,,
,,,,,6651,7.0,7,,,,,,,,
,,,,,6655,4.0,4,,,,,,,,
,,,,,6661,6.0,6,,,,,,,,
,,,,,6666,5.0,5,,,,,,,,
,,,,,6669,3.0,3,,,,,,,,
,,,,,6677,8.0,8,,,,,,,,
,,,,,6680,3.0,3,,,,,,,,
,,,,,6683,3.0,3,,,,,,,,
,,,,,6696,13.0,13,,,,,,,,
,,,,,6701,5.0,5,,,,,,,,
,,,,,6705,4.0,4,,,,,,,,
,,,,,6709,4.0,4,,,,,,,,
,,,,,6713,4.0,4,,,,,,,,
,,,,,6727,14.0,14,,,,,,,,
,,,,,6730,3.0,3,,,,,,,,
,,,,,6733,3.0,3,,,,,,,,
,,,,,6736,3.0,3,,,,,,,,
,,,,,6741,5.0,5,,,,,,,,
,,,,,6746,5.0,5,,,,,,,,
,,,,,6749,3.0,3,,,,,,,,
,,,,,6752,3.0,3,,,,,,,,
,,,,,6755,3.0,3,,,,,,,,
,,,,,6759,4.0,4,,,,,,,,
,,,,,6762,3.0,3,,,,,,,,
,,,,,6766,4.0,4,,,,,,,,
,,,,,6770,4.0,4,,,,,,,,
,,,,,6776,6.0,6,,,,,,,,
,,,,,6779,3.0,3,,,,,,,,
,,,,,6782,3.0,3,,,,,,,,
,,,,,6790,8.0,8,,,,,,,,
,,,,,6796,6.0,6,,,,,,,,
,,,,,6807,11.0,11,,,,,,,,
,,,,,6815,8.0,8,,,,,,,,
,,,,,6818,3.0,3,,,,,,,,
,,,,,6821,3.0,3,,,,,,,,
,,,,,6824,3.0,3,,,,,,,,
,,,,,6827,3.0,3,,,,,,,,
,,,,,6830,3.0,3,,,,,,,,
,,,,,6835,5.0,5,,,,,,,,
,,,,,6842,7.0,7,,,,,,,,
,,,,,6845,3.0,3,,,,,,,,
,,,,,6851,6.0,6,,,,,,,,
,,,,,6859,8.0,8,,,,,,,,
,,,,,6873,14.0,14,,,,,,,,
,,,,,6876,3.0,3,,,,,,,,
,,,,,6881,5.0,5,,,,,,,,
,,,,,6886,5.0,5,,,,,,,,
,,,,,6891,5.0,5,,,,,,,,
,,,,,6894,3.0,3,,,,,,,,
,,,,,6902,8.0,8,,,,,,,,
,,,,,6907,5.0,5,,,,,,,,
,,,,,6911,4.0,4,,,,,,,,
,,,,,6922,11.0,11,,,,,,,,
,,,,,6926,4.0,4,,,,,,,,
,,,,,6930,4.0,4,,,,,,,,
,,,,,6935,5.0,5,,,,,,,,
,,,,,6939,4.0,4,,,,,,,,
,,,,,6942,3.0,3,,,,,,,,
,,,,,6948,6.0,6,,,,,,,,
,,,,,6951,3.0,3,,,,,,,,
,,,,,6954,3.0,3,,,,,,,,
,,,,,6958,4.0,4,,,,,,,,
,,,,,6962,4.0,4,,,,,,,,
,,,,,6969,7.0,7,,,,,,,,
,,,,,6973,4.0,4,,,,,,,,
,,,,,6977,4.0,4,,,,,,,,
,,,,,6987,10.0,10,,,,,,,,
,,,,,6991,4.0,4,,,,,,,,
,,,,,6994,3.0,3,,,,,,,,
,,,,,6997,3.0,3,,,,,,,,
,,,,,7000,3.0,3,,,,,,,,
,,,,,7000,,,-0.05556340143084526,0.5556340217590332,1.9645068645477295,5.08889102935791,5.047467231750488,0.0003,0.0003,0.1
,,,,,7004,4.0,4,,,,,,,,
,,,,,7008,4.0,4,,,,,,,,
,,,,,7011,3.0,3,,,,,,,,
,,,,,7015,4.0,4,,,,,,,,
,,,,,7019,4.0,4,,,,,,,,
,,,,,7023,4.0,4,,,,,,,,
,,,,,7029,6.0,6,,,,,,,,
,,,,,7035,6.0,6,,,,,,,,
,,,,,7042,7.0,7,,,,,,,,
,,,,,7046,4.0,4,,,,,,,,
,,,,,7050,4.0,4,,,,,,,,
,,,,,7056,6.0,6,,,,,,,,
,,,,,7059,3.0,3,,,,,,,,
,,,,,7062,3.0,3,,,,,,,,
,,,,,7065,3.0,3,,,,,,,,
,,,,,7068,3.0,3,,,,,,,,
,,,,,7071,3.0,3,,,,,,,,
,,,,,7075,4.0,4,,,,,,,,
,,,,,7078,3.0,3,,,,,,,,
,,,,,7083,5.0,5,,,,,,,,
,,,,,7087,4.0,4,,,,,,,,
,,,,,7098,11.0,11,,,,,,,,
,,,,,7101,3.0,3,,,,,,,,
,,,,,7104,3.0,3,,,,,,,,
,,,,,7107,3.0,3,,,,,,,,
,,,,,7110,3.0,3,,,,,,,,
,,,,,7116,6.0,6,,,,,,,,
,,,,,7119,3.0,3,,,,,,,,
,,,,,7125,6.0,6,,,,,,,,
,,,,,7129,4.0,4,,,,,,,,
,,,,,7132,3.0,3,,,,,,,,
,,,,,7138,6.0,6,,,,,,,,
,,,,,7143,5.0,5,,,,,,,,
,,,,,7146,3.0,3,,,,,,,,
,,,,,7150,4.0,4,,,,,,,,
,,,,,7156,6.0,6,,,,,,,,
,,,,,7159,3.0,3,,,,,,,,
,,,,,7164,5.0,5,,,,,,,,
,,,,,7168,4.0,4,,,,,,,,
,,,,,7171,3.0,3,,,,,,,,
,,,,,7175,4.0,4,,,,,,,,
,,,,,7178,3.0,3,,,,,,,,
,,,,,7182,4.0,4,,,,,,,,
,,,,,7185,3.0,3,,,,,,,,
,,,,,7188,3.0,3,,,,,,,,
,,,,,7191,3.0,3,,,,,,,,
,,,,,7195,4.0,4,,,,,,,,
,,,,,7203,8.0,8,,,,,,,,
,,,,,7206,3.0,3,,,,,,,,
,,,,,7209,3.0,3,,,,,,,,
,,,,,7212,3.0,3,,,,,,,,
,,,,,7216,4.0,4,,,,,,,,
,,,,,7222,6.0,6,,,,,,,,
,,,,,7225,3.0,3,,,,,,,,
,,,,,7229,4.0,4,,,,,,,,
,,,,,7235,6.0,6,,,,,,,,
,,,,,7241,6.0,6,,,,,,,,
,,,,,7244,3.0,3,,,,,,,,
,,,,,7250,6.0,6,,,,,,,,
,,,,,7253,3.0,3,,,,,,,,
,,,,,7258,5.0,5,,,,,,,,
,,,,,7266,8.0,8,,,,,,,,
,,,,,7269,3.0,3,,,,,,,,
,,,,,7273,4.0,4,,,,,,,,
,,,,,7277,4.0,4,,,,,,,,
,,,,,7280,3.0,3,,,,,,,,
,,,,,7284,4.0,4,,,,,,,,
,,,,,7287,3.0,3,,,,,,,,
,,,,,7290,3.0,3,,,,,,,,
,,,,,7294,4.0,4,,,,,,,,
,,,,,7298,4.0,4,,,,,,,,
,,,,,7301,3.0,3,,,,,,,,
,,,,,7307,6.0,6,,,,,,,,
,,,,,7310,3.0,3,,,,,,,,
,,,,,7313,3.0,3,,,,,,,,
,,,,,7322,9.0,9,,,,,,,,
,,,,,7325,3.0,3,,,,,,,,
,,,,,7328,3.0,3,,,,,,,,
,,,,,7332,4.0,4,,,,,,,,
,,,,,7335,3.0,3,,,,,,,,
,,,,,7339,4.0,4,,,,,,,,
,,,,,7344,5.0,5,,,,,,,,
,,,,,7349,5.0,5,,,,,,,,
,,,,,7352,3.0,3,,,,,,,,
,,,,,7357,5.0,5,,,,,,,,
,,,,,7362,5.0,5,,,,,,,,
,,,,,7365,3.0,3,,,,,,,,
,,,,,7369,4.0,4,,,,,,,,
,,,,,7373,4.0,4,,,,,,,,
,,,,,7376,3.0,3,,,,,,,,
,,,,,7379,3.0,3,,,,,,,,
,,,,,7382,3.0,3,,,,,,,,
,,,,,7386,4.0,4,,,,,,,,
,,,,,7389,3.0,3,,,,,,,,
,,,,,7392,3.0,3,,,,,,,,
,,,,,7396,4.0,4,,,,,,,,
,,,,,7399,3.0,3,,,,,,,,
,,,,,7404,5.0,5,,,,,,,,
,,,,,7408,4.0,4,,,,,,,,
,,,,,7413,5.0,5,,,,,,,,
,,,,,7416,3.0,3,,,,,,,,
,,,,,7419,3.0,3,,,,,,,,
,,,,,7427,8.0,8,,,,,,,,
,,,,,7430,3.0,3,,,,,,,,
,,,,,7434,4.0,4,,,,,,,,
,,,,,7438,4.0,4,,,,,,,,
,,,,,7441,3.0,3,,,,,,,,
,,,,,7452,11.0,11,,,,,,,,
,,,,,7455,3.0,3,,,,,,,,
,,,,,7459,4.0,4,,,,,,,,
,,,,,7462,3.0,3,,,,,,,,
,,,,,7466,4.0,4,,,,,,,,
,,,,,7469,3.0,3,,,,,,,,
,,,,,7472,3.0,3,,,,,,,,
,,,,,7477,5.0,5,,,,,,,,
,,,,,7482,5.0,5,,,,,,,,
,,,,,7485,3.0,3,,,,,,,,
,,,,,7493,8.0,8,,,,,,,,
,,,,,7496,3.0,3,,,,,,,,
,,,,,7500,4.0,4,,,,,,,,
,,,,,7503,3.0,3,,,,,,,,
,,,,,7506,3.0,3,,,,,,,,
,,,,,7511,5.0,5,,,,,,,,
,,,,,7514,3.0,3,,,,,,,,
,,,,,7519,5.0,5,,,,,,,,
,,,,,7522,3.0,3,,,,,,,,
,,,,,7525,3.0,3,,,,,,,,
,,,,,7528,3.0,3,,,,,,,,
,,,,,7532,4.0,4,,,,,,,,
,,,,,7535,3.0,3,,,,,,,,
,,,,,7538,3.0,3,,,,,,,,
,,,,,7541,3.0,3,,,,,,,,
,,,,,7544,3.0,3,,,,,,,,
,,,,,7550,6.0,6,,,,,,,,
,,,,,7553,3.0,3,,,,,,,,
,,,,,7556,3.0,3,,,,,,,,
,,,,,7559,3.0,3,,,,,,,,
,,,,,7562,3.0,3,,,,,,,,
,,,,,7565,3.0,3,,,,,,,,
,,,,,7568,3.0,3,,,,,,,,
,,,,,7571,3.0,3,,,,,,,,
,,,,,7574,3.0,3,,,,,,,,
,,,,,7577,3.0,3,,,,,,,,
,,,,,7580,3.0,3,,,,,,,,
,,,,,7583,3.0,3,,,,,,,,
,,,,,7586,3.0,3,,,,,,,,
,,,,,7589,3.0,3,,,,,,,,
,,,,,7593,4.0,4,,,,,,,,
,,,,,7598,5.0,5,,,,,,,,
,,,,,7601,3.0,3,,,,,,,,
,,,,,7604,3.0,3,,,,,,,,
,,,,,7607,3.0,3,,,,,,,,
,,,,,7611,4.0,4,,,,,,,,
,,,,,7614,3.0,3,,,,,,,,
,,,,,7617,3.0,3,,,,,,,,
,,,,,7620,3.0,3,,,,,,,,
,,,,,7623,3.0,3,,,,,,,,
,,,,,7630,7.0,7,,,,,,,,
,,,,,7634,4.0,4,,,,,,,,
,,,,,7637,3.0,3,,,,,,,,
,,,,,7640,3.0,3,,,,,,,,
,,,,,7644,4.0,4,,,,,,,,
,,,,,7648,4.0,4,,,,,,,,
,,,,,7652,4.0,4,,,,,,,,
,,,,,7657,5.0,5,,,,,,,,
,,,,,7662,5.0,5,,,,,,,,
,,,,,7669,7.0,7,,,,,,,,
,,,,,7672,3.0,3,,,,,,,,
,,,,,7675,3.0,3,,,,,,,,
,,,,,7678,3.0,3,,,,,,,,
,,,,,7683,5.0,5,,,,,,,,
,,,,,7687,4.0,4,,,,,,,,
,,,,,7690,3.0,3,,,,,,,,
,,,,,7693,3.0,3,,,,,,,,
,,,,,7697,4.0,4,,,,,,,,
,,,,,7701,4.0,4,,,,,,,,
,,,,,7707,6.0,6,,,,,,,,
,,,,,7711,4.0,4,,,,,,,,
,,,,,7716,5.0,5,,,,,,,,
,,,,,7719,3.0,3,,,,,,,,
,,,,,7722,3.0,3,,,,,,,,
,,,,,7725,3.0,3,,,,,,,,
,,,,,7729,4.0,4,,,,,,,,
,,,,,7732,3.0,3,,,,,,,,
,,,,,7735,3.0,3,,,,,,,,
,,,,,7738,3.0,3,,,,,,,,
,,,,,7742,4.0,4,,,,,,,,
,,,,,7745,3.0,3,,,,,,,,
,,,,,7748,3.0,3,,,,,,,,
,,,,,7757,9.0,9,,,,,,,,
,,,,,7763,6.0,6,,,,,,,,
,,,,,7766,3.0,3,,,,,,,,
,,,,,7769,3.0,3,,,,,,,,
,,,,,7773,4.0,4,,,,,,,,
,,,,,7776,3.0,3,,,,,,,,
,,,,,7779,3.0,3,,,,,,,,
,,,,,7782,3.0,3,,,,,,,,
,,,,,7785,3.0,3,,,,,,,,
,,,,,7788,3.0,3,,,,,,,,
,,,,,7791,3.0,3,,,,,,,,
,,,,,7796,5.0,5,,,,,,,,
,,,,,7799,3.0,3,,,,,,,,
,,,,,7802,3.0,3,,,,,,,,
,,,,,7807,5.0,5,,,,,,,,
,,,,,7812,5.0,5,,,,,,,,
,,,,,7815,3.0,3,,,,,,,,
,,,,,7819,4.0,4,,,,,,,,
,,,,,7823,4.0,4,,,,,,,,
,,,,,7826,3.0,3,,,,,,,,
,,,,,7829,3.0,3,,,,,,,,
,,,,,7832,3.0,3,,,,,,,,
,,,,,7835,3.0,3,,,,,,,,
,,,,,7838,3.0,3,,,,,,,,
,,,,,7841,3.0,3,,,,,,,,
,,,,,7845,4.0,4,,,,,,,,
,,,,,7848,3.0,3,,,,,,,,
,,,,,7852,4.0,4,,,,,,,,
,,,,,7855,3.0,3,,,,,,,,
,,,,,7858,3.0,3,,,,,,,,
,,,,,7861,3.0,3,,,,,,,,
,,,,,7864,3.0,3,,,,,,,,
,,,,,7867,3.0,3,,,,,,,,
,,,,,7871,4.0,4,,,,,,,,
,,,,,7875,4.0,4,,,,,,,,
,,,,,7878,3.0,3,,,,,,,,
,,,,,7881,3.0,3,,,,,,,,
,,,,,7884,3.0,3,,,,,,,,
,,,,,7887,3.0,3,,,,,,,,
,,,,,7890,3.0,3,,,,,,,,
,,,,,7893,3.0,3,,,,,,,,
,,,,,7896,3.0,3,,,,,,,,
,,,,,7899,3.0,3,,,,,,,,
,,,,,7902,3.0,3,,,,,,,,
,,,,,7905,3.0,3,,,,,,,,
,,,,,7910,5.0,5,,,,,,,,
,,,,,7913,3.0,3,,,,,,,,
,,,,,7916,3.0,3,,,,,,,,
,,,,,7919,3.0,3,,,,,,,,
,,,,,7922,3.0,3,,,,,,,,
,,,,,7925,3.0,3,,,,,,,,
,,,,,7928,3.0,3,,,,,,,,
,,,,,7931,3.0,3,,,,,,,,
,,,,,7934,3.0,3,,,,,,,,
,,,,,7938,4.0,4,,,,,,,,
,,,,,7942,4.0,4,,,,,,,,
,,,,,7946,4.0,4,,,,,,,,
,,,,,7949,3.0,3,,,,,,,,
,,,,,7953,4.0,4,,,,,,,,
,,,,,7956,3.0,3,,,,,,,,
,,,,,7959,3.0,3,,,,,,,,
,,,,,7963,4.0,4,,,,,,,,
,,,,,7967,4.0,4,,,,,,,,
,,,,,7970,3.0,3,,,,,,,,
,,,,,7974,4.0,4,,,,,,,,
,,,,,7977,3.0,3,,,,,,,,
,,,,,7980,3.0,3,,,,,,,,
,,,,,7983,3.0,3,,,,,,,,
,,,,,7986,3.0,3,,,,,,,,
,,,,,7989,3.0,3,,,,,,,,
,,,,,7992,3.0,3,,,,,,,,
,,,,,7995,3.0,3,,,,,,,,
,,,,,7999,4.0,4,,,,,,,,
,,,,,8000,,,0.02012435533106327,-0.2012435495853424,0.7215040922164917,3.7163093090057373,3.6524996757507324,0.0003,0.0003,0.1
,,,,,8002,3.0,3,,,,,,,,
,,,,,8005,3.0,3,,,,,,,,
,,,,,8008,3.0,3,,,,,,,,
,,,,,8012,4.0,4,,,,,,,,
,,,,,8015,3.0,3,,,,,,,,
,,,,,8019,4.0,4,,,,,,,,
,,,,,8022,3.0,3,,,,,,,,
,,,,,8025,3.0,3,,,,,,,,
,,,,,8028,3.0,3,,,,,,,,
,,,,,8032,4.0,4,,,,,,,,
,,,,,8035,3.0,3,,,,,,,,
,,,,,8038,3.0,3,,,,,,,,
,,,,,8041,3.0,3,,,,,,,,
,,,,,8044,3.0,3,,,,,,,,
,,,,,8047,3.0,3,,,,,,,,
,,,,,8053,6.0,6,,,,,,,,
,,,,,8057,4.0,4,,,,,,,,
,,,,,8062,5.0,5,,,,,,,,
,,,,,8066,4.0,4,,,,,,,,
,,,,,8072,6.0,6,,,,,,,,
,,,,,8076,4.0,4,,,,,,,,
,,,,,8079,3.0,3,,,,,,,,
,,,,,8082,3.0,3,,,,,,,,
,,,,,8087,5.0,5,,,,,,,,
,,,,,8093,6.0,6,,,,,,,,
,,,,,8098,5.0,5,,,,,,,,
,,,,,8101,3.0,3,,,,,,,,
,,,,,8106,5.0,5,,,,,,,,
,,,,,8109,3.0,3,,,,,,,,
,,,,,8115,6.0,6,,,,,,,,
,,,,,8119,4.0,4,,,,,,,,
,,,,,8125,6.0,6,,,,,,,,
,,,,,8128,3.0,3,,,,,,,,
,,,,,8133,5.0,5,,,,,,,,
,,,,,8137,4.0,4,,,,,,,,
,,,,,8141,4.0,4,,,,,,,,
,,,,,8145,4.0,4,,,,,,,,
,,,,,8148,3.0,3,,,,,,,,
,,,,,8151,3.0,3,,,,,,,,
,,,,,8156,5.0,5,,,,,,,,
,,,,,8160,4.0,4,,,,,,,,
,,,,,8163,3.0,3,,,,,,,,
,,,,,8167,4.0,4,,,,,,,,
,,,,,8172,5.0,5,,,,,,,,
,,,,,8182,10.0,10,,,,,,,,
,,,,,8189,7.0,7,,,,,,,,
,,,,,8198,9.0,9,,,,,,,,
,,,,,8201,3.0,3,,,,,,,,
,,,,,8206,5.0,5,,,,,,,,
,,,,,8209,3.0,3,,,,,,,,
,,,,,8212,3.0,3,,,,,,,,
,,,,,8216,4.0,4,,,,,,,,
,,,,,8221,5.0,5,,,,,,,,
,,,,,8224,3.0,3,,,,,,,,
,,,,,8227,3.0,3,,,,,,,,
,,,,,8235,8.0,8,,,,,,,,
,,,,,8238,3.0,3,,,,,,,,
,,,,,8241,3.0,3,,,,,,,,
,,,,,8248,7.0,7,,,,,,,,
,,,,,8258,10.0,10,,,,,,,,
,,,,,8262,4.0,4,,,,,,,,
,,,,,8268,6.0,6,,,,,,,,
,,,,,8273,5.0,5,,,,,,,,
,,,,,8277,4.0,4,,,,,,,,
,,,,,8281,4.0,4,,,,,,,,
,,,,,8284,3.0,3,,,,,,,,
,,,,,8287,3.0,3,,,,,,,,
,,,,,8290,3.0,3,,,,,,,,
,,,,,8293,3.0,3,,,,,,,,
,,,,,8296,3.0,3,,,,,,,,
,,,,,8301,5.0,5,,,,,,,,
,,,,,8306,5.0,5,,,,,,,,
,,,,,8309,3.0,3,,,,,,,,
,,,,,8313,4.0,4,,,,,,,,
,,,,,8317,4.0,4,,,,,,,,
,,,,,8322,5.0,5,,,,,,,,
,,,,,8328,6.0,6,,,,,,,,
,,,,,8336,8.0,8,,,,,,,,
,,,,,8341,5.0,5,,,,,,,,
,,,,,8347,6.0,6,,,,,,,,
,,,,,8350,3.0,3,,,,,,,,
,,,,,8353,3.0,3,,,,,,,,
,,,,,8357,4.0,4,,,,,,,,
,,,,,8362,5.0,5,,,,,,,,
,,,,,8365,3.0,3,,,,,,,,
,,,,,8368,3.0,3,,,,,,,,
,,,,,8374,6.0,6,,,,,,,,
,,,,,8377,3.0,3,,,,,,,,
,,,,,8380,3.0,3,,,,,,,,
,,,,,8384,4.0,4,,,,,,,,
,,,,,8388,4.0,4,,,,,,,,
,,,,,8391,3.0,3,,,,,,,,
,,,,,8394,3.0,3,,,,,,,,
,,,,,8400,6.0,6,,,,,,,,
,,,,,8404,4.0,4,,,,,,,,
,,,,,8407,3.0,3,,,,,,,,
,,,,,8412,5.0,5,,,,,,,,
,,,,,8418,6.0,6,,,,,,,,
,,,,,8422,4.0,4,,,,,,,,
,,,,,8425,3.0,3,,,,,,,,
,,,,,8429,4.0,4,,,,,,,,
,,,,,8433,4.0,4,,,,,,,,
,,,,,8436,3.0,3,,,,,,,,
,,,,,8439,3.0,3,,,,,,,,
,,,,,8442,3.0,3,,,,,,,,
,,,,,8447,5.0,5,,,,,,,,
,,,,,8450,3.0,3,,,,,,,,
,,,,,8453,3.0,3,,,,,,,,
,,,,,8457,4.0,4,,,,,,,,
,,,,,8461,4.0,4,,,,,,,,
,,,,,8464,3.0,3,,,,,,,,
,,,,,8470,6.0,6,,,,,,,,
,,,,,8473,3.0,3,,,,,,,,
,,,,,8478,5.0,5,,,,,,,,
,,,,,8482,4.0,4,,,,,,,,
,,,,,8485,3.0,3,,,,,,,,
,,,,,8491,6.0,6,,,,,,,,
,,,,,8494,3.0,3,,,,,,,,
,,,,,8499,5.0,5,,,,,,,,
,,,,,8505,6.0,6,,,,,,,,
,,,,,8508,3.0,3,,,,,,,,
,,,,,8512,4.0,4,,,,,,,,
,,,,,8515,3.0,3,,,,,,,,
,,,,,8518,3.0,3,,,,,,,,
,,,,,8521,3.0,3,,,,,,,,
,,,,,8524,3.0,3,,,,,,,,
,,,,,8527,3.0,3,,,,,,,,
,,,,,8530,3.0,3,,,,,,,,
,,,,,8533,3.0,3,,,,,,,,
,,,,,8537,4.0,4,,,,,,,,
,,,,,8541,4.0,4,,,,,,,,
,,,,,8548,7.0,7,,,,,,,,
,,,,,8551,3.0,3,,,,,,,,
,,,,,8555,4.0,4,,,,,,,,
,,,,,8559,4.0,4,,,,,,,,
,,,,,8562,3.0,3,,,,,,,,
,,,,,8567,5.0,5,,,,,,,,
,,,,,8570,3.0,3,,,,,,,,
,,,,,8573,3.0,3,,,,,,,,
,,,,,8583,10.0,10,,,,,,,,
,,,,,8586,3.0,3,,,,,,,,
,,,,,8590,4.0,4,,,,,,,,
,,,,,8594,4.0,4,,,,,,,,
,,,,,8599,5.0,5,,,,,,,,
,,,,,8609,10.0,10,,,,,,,,
,,,,,8612,3.0,3,,,,,,,,
,,,,,8618,6.0,6,,,,,,,,
,,,,,8623,5.0,5,,,,,,,,
,,,,,8627,4.0,4,,,,,,,,
,,,,,8631,4.0,4,,,,,,,,
,,,,,8636,5.0,5,,,,,,,,
,,,,,8639,3.0,3,,,,,,,,
,,,,,8642,3.0,3,,,,,,,,
,,,,,8647,5.0,5,,,,,,,,
,,,,,8661,14.0,14,,,,,,,,
,,,,,8667,6.0,6,,,,,,,,
,,,,,8671,4.0,4,,,,,,,,
,,,,,8674,3.0,3,,,,,,,,
,,,,,8681,7.0,7,,,,,,,,
,,,,,8688,7.0,7,,,,,,,,
,,,,,8693,5.0,5,,,,,,,,
,,,,,8696,3.0,3,,,,,,,,
,,,,,8699,3.0,3,,,,,,,,
,,,,,8702,3.0,3,,,,,,,,
,,,,,8708,6.0,6,,,,,,,,
,,,,,8712,4.0,4,,,,,,,,
,,,,,8722,10.0,10,,,,,,,,
,,,,,8725,3.0,3,,,,,,,,
,,,,,8728,3.0,3,,,,,,,,
,,,,,8732,4.0,4,,,,,,,,
,,,,,8741,9.0,9,,,,,,,,
,,,,,8746,5.0,5,,,,,,,,
,,,,,8749,3.0,3,,,,,,,,
,,,,,8752,3.0,3,,,,,,,,
,,,,,8756,4.0,4,,,,,,,,
,,,,,8770,14.0,14,,,,,,,,
,,,,,8778,8.0,8,,,,,,,,
,,,,,8784,6.0,6,,,,,,,,
,,,,,8794,10.0,10,,,,,,,,
,,,,,8800,6.0,6,,,,,,,,
,,,,,8804,4.0,4,,,,,,,,
,,,,,8820,16.0,16,,,,,,,,
,,,,,8827,7.0,7,,,,,,,,
,,,,,8839,12.0,12,,,,,,,,
,,,,,8851,12.0,12,,,,,,,,
,,,,,8857,6.0,6,,,,,,,,
,,,,,8865,8.0,8,,,,,,,,
,,,,,8876,11.0,11,,,,,,,,
,,,,,8879,3.0,3,,,,,,,,
,,,,,8884,5.0,5,,,,,,,,
,,,,,8890,6.0,6,,,,,,,,
,,,,,8893,3.0,3,,,,,,,,
,,,,,8897,4.0,4,,,,,,,,
,,,,,8900,3.0,3,,,,,,,,
,,,,,8906,6.0,6,,,,,,,,
,,,,,8919,13.0,13,,,,,,,,
,,,,,8922,3.0,3,,,,,,,,
,,,,,8929,7.0,7,,,,,,,,
,,,,,8932,3.0,3,,,,,,,,
,,,,,8937,5.0,5,,,,,,,,
,,,,,8946,9.0,9,,,,,,,,
,,,,,8953,7.0,7,,,,,,,,
,,,,,8957,4.0,4,,,,,,,,
,,,,,8961,4.0,4,,,,,,,,
,,,,,8967,6.0,6,,,,,,,,
,,,,,8972,5.0,5,,,,,,,,
,,,,,8982,10.0,10,,,,,,,,
,,,,,8987,5.0,5,,,,,,,,
,,,,,8991,4.0,4,,,,,,,,
,,,,,8999,8.0,8,,,,,,,,
,,,,,9000,,,0.0011296082520857453,-0.01129608228802681,0.8242878317832947,4.935135841369629,4.877445220947266,0.0003,0.0003,0.1
,,,,,9002,3.0,3,,,,,,,,
,,,,,9006,4.0,4,,,,,,,,
,,,,,9014,8.0,8,,,,,,,,
,,,,,9017,3.0,3,,,,,,,,
,,,,,9020,3.0,3,,,,,,,,
,,,,,9026,6.0,6,,,,,,,,
,,,,,9032,6.0,6,,,,,,,,
,,,,,9035,3.0,3,,,,,,,,
,,,,,9041,6.0,6,,,,,,,,
,,,,,9046,5.0,5,,,,,,,,
,,,,,9049,3.0,3,,,,,,,,
,,,,,9055,6.0,6,,,,,,,,
,,,,,9059,4.0,4,,,,,,,,
,,,,,9069,10.0,10,,,,,,,,
,,,,,9072,3.0,3,,,,,,,,
,,,,,9080,8.0,8,,,,,,,,
,,,,,9095,15.0,15,,,,,,,,
,,,,,9098,3.0,3,,,,,,,,
,,,,,9103,5.0,5,,,,,,,,
,,,,,9106,3.0,3,,,,,,,,
,,,,,9117,11.0,11,,,,,,,,
,,,,,9123,6.0,6,,,,,,,,
,,,,,9127,4.0,4,,,,,,,,
,,,,,9135,8.0,8,,,,,,,,
,,,,,9138,3.0,3,,,,,,,,
,,,,,9141,3.0,3,,,,,,,,
,,,,,9145,4.0,4,,,,,,,,
,,,,,9154,9.0,9,,,,,,,,
,,,,,9162,8.0,8,,,,,,,,
,,,,,9166,4.0,4,,,,,,,,
,,,,,9175,9.0,9,,,,,,,,
,,,,,9181,6.0,6,,,,,,,,
,,,,,9184,3.0,3,,,,,,,,
,,,,,9190,6.0,6,,,,,,,,
,,,,,9198,8.0,8,,,,,,,,
,,,,,9205,7.0,7,,,,,,,,
,,,,,9215,10.0,10,,,,,,,,
,,,,,9218,3.0,3,,,,,,,,
,,,,,9221,3.0,3,,,,,,,,
,,,,,9224,3.0,3,,,,,,,,
,,,,,9230,6.0,6,,,,,,,,
,,,,,9240,10.0,10,,,,,,,,
,,,,,9244,4.0,4,,,,,,,,
,,,,,9250,6.0,6,,,,,,,,
,,,,,9257,7.0,7,,,,,,,,
,,,,,9262,5.0,5,,,,,,,,
,,,,,9269,7.0,7,,,,,,,,
,,,,,9276,7.0,7,,,,,,,,
,,,,,9284,8.0,8,,,,,,,,
,,,,,9293,9.0,9,,,,,,,,
,,,,,9311,18.0,18,,,,,,,,
,,,,,9327,16.0,16,,,,,,,,
,,,,,9333,6.0,6,,,,,,,,
,,,,,9337,4.0,4,,,,,,,,
,,,,,9355,18.0,18,,,,,,,,
,,,,,9360,5.0,5,,,,,,,,
,,,,,9372,12.0,12,,,,,,,,
,,,,,9375,3.0,3,,,,,,,,
,,,,,9380,5.0,5,,,,,,,,
,,,,,9386,6.0,6,,,,,,,,
,,,,,9397,11.0,11,,,,,,,,
,,,,,9404,7.0,7,,,,,,,,
,,,,,9410,6.0,6,,,,,,,,
,,,,,9418,8.0,8,,,,,,,,
,,,,,9421,3.0,3,,,,,,,,
,,,,,9435,14.0,14,,,,,,,,
,,,,,9451,16.0,16,,,,,,,,
,,,,,9455,4.0,4,,,,,,,,
,,,,,9460,5.0,5,,,,,,,,
,,,,,9516,56.0,56,,,,,,,,
,,,,,9528,12.0,12,,,,,,,,
,,,,,9540,12.0,12,,,,,,,,
,,,,,9547,7.0,7,,,,,,,,
,,,,,9573,26.0,26,,,,,,,,
,,,,,9580,7.0,7,,,,,,,,
,,,,,9598,18.0,18,,,,,,,,
,,,,,9605,7.0,7,,,,,,,,
,,,,,9614,9.0,9,,,,,,,,
,,,,,9618,4.0,4,,,,,,,,
,,,,,9628,10.0,10,,,,,,,,
,,,,,9637,9.0,9,,,,,,,,
,,,,,9647,10.0,10,,,,,,,,
,,,,,9653,6.0,6,,,,,,,,
,,,,,9663,10.0,10,,,,,,,,
,,,,,9683,20.0,20,,,,,,,,
,,,,,9703,20.0,20,,,,,,,,
,,,,,9713,10.0,10,,,,,,,,
,,,,,9717,4.0,4,,,,,,,,
,,,,,9732,15.0,15,,,,,,,,
,,,,,9745,13.0,13,,,,,,,,
,,,,,9772,27.0,27,,,,,,,,
,,,,,9785,13.0,13,,,,,,,,
,,,,,9792,7.0,7,,,,,,,,
,,,,,9804,12.0,12,,,,,,,,
,,,,,9808,4.0,4,,,,,,,,
,,,,,9820,12.0,12,,,,,,,,
,,,,,9831,11.0,11,,,,,,,,
,,,,,9865,34.0,34,,,,,,,,
,,,,,9887,22.0,22,,,,,,,,
,,,,,9904,17.0,17,,,,,,,,
,,,,,9909,5.0,5,,,,,,,,
,,,,,9950,41.0,41,,,,,,,,
,,,,,9990,40.0,40,,,,,,,,
15.1,11.734138,43.0,4.0,15.1,10000,,,0.06541361659765244,-0.6541361808776855,1.1511011123657227,6.57138204574585,6.472257614135742,0.0003,0.0003,0.1
,,,,,10012,22.0,22,,,,,,,,
,,,,,10065,53.0,53,,,,,,,,
,,,,,10079,14.0,14,,,,,,,,
,,,,,10113,34.0,34,,,,,,,,
,,,,,10153,40.0,40,,,,,,,,
,,,,,10164,11.0,11,,,,,,,,
,,,,,10184,20.0,20,,,,,,,,
,,,,,10196,12.0,12,,,,,,,,
,,,,,10202,6.0,6,,,,,,,,
,,,,,10235,33.0,33,,,,,,,,
,,,,,10262,27.0,27,,,,,,,,
,,,,,10269,7.0,7,,,,,,,,
,,,,,10284,15.0,15,,,,,,,,
,,,,,10292,8.0,8,,,,,,,,
,,,,,10332,40.0,40,,,,,,,,
,,,,,10346,14.0,14,,,,,,,,
,,,,,10358,12.0,12,,,,,,,,
,,,,,10364,6.0,6,,,,,,,,
,,,,,10370,6.0,6,,,,,,,,
,,,,,10376,6.0,6,,,,,,,,
,,,,,10418,42.0,42,,,,,,,,
,,,,,10444,26.0,26,,,,,,,,
,,,,,10455,11.0,11,,,,,,,,
,,,,,10474,19.0,19,,,,,,,,
,,,,,10480,6.0,6,,,,,,,,
,,,,,10491,11.0,11,,,,,,,,
,,,,,10501,10.0,10,,,,,,,,
,,,,,10513,12.0,12,,,,,,,,
,,,,,10538,25.0,25,,,,,,,,
,,,,,10549,11.0,11,,,,,,,,
,,,,,10558,9.0,9,,,,,,,,
,,,,,10564,6.0,6,,,,,,,,
,,,,,10572,8.0,8,,,,,,,,
,,,,,10579,7.0,7,,,,,,,,
,,,,,10586,7.0,7,,,,,,,,
,,,,,10602,16.0,16,,,,,,,,
,,,,,10610,8.0,8,,,,,,,,
,,,,,10632,22.0,22,,,,,,,,
,,,,,10644,12.0,12,,,,,,,,
,,,,,10657,13.0,13,,,,,,,,
,,,,,10707,50.0,50,,,,,,,,
,,,,,10717,10.0,10,,,,,,,,
,,,,,10724,7.0,7,,,,,,,,
,,,,,10758,34.0,34,,,,,,,,
,,,,,10769,11.0,11,,,,,,,,
,,,,,10786,17.0,17,,,,,,,,
,,,,,10816,30.0,30,,,,,,,,
,,,,,10832,16.0,16,,,,,,,,
,,,,,10848,16.0,16,,,,,,,,
,,,,,10856,8.0,8,,,,,,,,
,,,,,10865,9.0,9,,,,,,,,
,,,,,10876,11.0,11,,,,,,,,
,,,,,10909,33.0,33,,,,,,,,
,,,,,10919,10.0,10,,,,,,,,
,,,,,10929,10.0,10,,,,,,,,
,,,,,10953,24.0,24,,,,,,,,
,,,,,10969,16.0,16,,,,,,,,
,,,,,10986,17.0,17,,,,,,,,
,,,,,11000,,,0.16764262318611145,-1.6764261722564697,1.4130934476852417,8.385396957397461,8.314553260803223,0.0003,0.0003,0.1
,,,,,11006,20.0,20,,,,,,,,
,,,,,11019,13.0,13,,,,,,,,
,,,,,11032,13.0,13,,,,,,,,
,,,,,11073,41.0,41,,,,,,,,
,,,,,11078,5.0,5,,,,,,,,
,,,,,11099,21.0,21,,,,,,,,
,,,,,11108,9.0,9,,,,,,,,
,,,,,11162,54.0,54,,,,,,,,
,,,,,11193,31.0,31,,,,,,,,
,,,,,11301,108.0,108,,,,,,,,
,,,,,11312,11.0,11,,,,,,,,
,,,,,11329,17.0,17,,,,,,,,
,,,,,11338,9.0,9,,,,,,,,
,,,,,11346,8.0,8,,,,,,,,
,,,,,11379,33.0,33,,,,,,,,
,,,,,11389,10.0,10,,,,,,,,
,,,,,11409,20.0,20,,,,,,,,
,,,,,11412,3.0,3,,,,,,,,
,,,,,11420,8.0,8,,,,,,,,
,,,,,11445,25.0,25,,,,,,,,
,,,,,11459,14.0,14,,,,,,,,
,,,,,11499,40.0,40,,,,,,,,
,,,,,11507,8.0,8,,,,,,,,
,,,,,11517,10.0,10,,,,,,,,
,,,,,11540,23.0,23,,,,,,,,
,,,,,11544,4.0,4,,,,,,,,
,,,,,11554,10.0,10,,,,,,,,
,,,,,11560,6.0,6,,,,,,,,
,,,,,11570,10.0,10,,,,,,,,
,,,,,11577,7.0,7,,,,,,,,
,,,,,11583,6.0,6,,,,,,,,
,,,,,11591,8.0,8,,,,,,,,
,,,,,11597,6.0,6,,,,,,,,
,,,,,11616,19.0,19,,,,,,,,
,,,,,11624,8.0,8,,,,,,,,
,,,,,11630,6.0,6,,,,,,,,
,,,,,11639,9.0,9,,,,,,,,
,,,,,11645,6.0,6,,,,,,,,
,,,,,11661,16.0,16,,,,,,,,
,,,,,11693,32.0,32,,,,,,,,
,,,,,11702,9.0,9,,,,,,,,
,,,,,11716,14.0,14,,,,,,,,
,,,,,11751,35.0,35,,,,,,,,
,,,,,11760,9.0,9,,,,,,,,
,,,,,11768,8.0,8,,,,,,,,
,,,,,11773,5.0,5,,,,,,,,
,,,,,11788,15.0,15,,,,,,,,
,,,,,11795,7.0,7,,,,,,,,
,,,,,11817,22.0,22,,,,,,,,
,,,,,11825,8.0,8,,,,,,,,
,,,,,11834,9.0,9,,,,,,,,
,,,,,11841,7.0,7,,,,,,,,
,,,,,11848,7.0,7,,,,,,,,
,,,,,11855,7.0,7,,,,,,,,
,,,,,11869,14.0,14,,,,,,,,
,,,,,11874,5.0,5,,,,,,,,
,,,,,11885,11.0,11,,,,,,,,
,,,,,11891,6.0,6,,,,,,,,
,,,,,11898,7.0,7,,,,,,,,
,,,,,11905,7.0,7,,,,,,,,
,,,,,11912,7.0,7,,,,,,,,
,,,,,11917,5.0,5,,,,,,,,
,,,,,11923,6.0,6,,,,,,,,
,,,,,11929,6.0,6,,,,,,,,
,,,,,11936,7.0,7,,,,,,,,
,,,,,11946,10.0,10,,,,,,,,
,,,,,11956,10.0,10,,,,,,,,
,,,,,11969,13.0,13,,,,,,,,
,,,,,11979,10.0,10,,,,,,,,
,,,,,11990,11.0,11,,,,,,,,
,,,,,11999,9.0,9,,,,,,,,
,,,,,12000,,,0.30387040972709656,-3.0387039184570312,2.0063114166259766,7.8375396728515625,7.680932998657227,0.0003,0.0003,0.1
,,,,,12007,8.0,8,,,,,,,,
,,,,,12016,9.0,9,,,,,,,,
,,,,,12027,11.0,11,,,,,,,,
,,,,,12039,12.0,12,,,,,,,,
,,,,,12045,6.0,6,,,,,,,,
,,,,,12058,13.0,13,,,,,,,,
,,,,,12065,7.0,7,,,,,,,,
,,,,,12080,15.0,15,,,,,,,,
,,,,,12094,14.0,14,,,,,,,,
,,,,,12101,7.0,7,,,,,,,,
,,,,,12111,10.0,10,,,,,,,,
,,,,,12137,26.0,26,,,,,,,,
,,,,,12143,6.0,6,,,,,,,,
,,,,,12147,4.0,4,,,,,,,,
,,,,,12155,8.0,8,,,,,,,,
,,,,,12159,4.0,4,,,,,,,,
,,,,,12173,14.0,14,,,,,,,,
,,,,,12179,6.0,6,,,,,,,,
,,,,,12187,8.0,8,,,,,,,,
,,,,,12194,7.0,7,,,,,,,,
,,,,,12200,6.0,6,,,,,,,,
,,,,,12206,6.0,6,,,,,,,,
,,,,,12217,11.0,11,,,,,,,,
,,,,,12223,6.0,6,,,,,,,,
,,,,,12240,17.0,17,,,,,,,,
,,,,,12245,5.0,5,,,,,,,,
,,,,,12265,20.0,20,,,,,,,,
,,,,,12280,15.0,15,,,,,,,,
,,,,,12286,6.0,6,,,,,,,,
,,,,,12293,7.0,7,,,,,,,,
,,,,,12301,8.0,8,,,,,,,,
,,,,,12310,9.0,9,,,,,,,,
,,,,,12332,22.0,22,,,,,,,,
,,,,,12338,6.0,6,,,,,,,,
,,,,,12355,17.0,17,,,,,,,,
,,,,,12361,6.0,6,,,,,,,,
,,,,,12368,7.0,7,,,,,,,,
,,,,,12374,6.0,6,,,,,,,,
,,,,,12377,3.0,3,,,,,,,,
,,,,,12383,6.0,6,,,,,,,,
,,,,,12389,6.0,6,,,,,,,,
,,,,,12396,7.0,7,,,,,,,,
,,,,,12408,12.0,12,,,,,,,,
,,,,,12414,6.0,6,,,,,,,,
,,,,,12420,6.0,6,,,,,,,,
,,,,,12426,6.0,6,,,,,,,,
,,,,,12434,8.0,8,,,,,,,,
,,,,,12445,11.0,11,,,,,,,,
,,,,,12450,5.0,5,,,,,,,,
,,,,,12456,6.0,6,,,,,,,,
,,,,,12461,5.0,5,,,,,,,,
,,,,,12467,6.0,6,,,,,,,,
,,,,,12474,7.0,7,,,,,,,,
,,,,,12477,3.0,3,,,,,,,,
,,,,,12488,11.0,11,,,,,,,,
,,,,,12491,3.0,3,,,,,,,,
,,,,,12506,15.0,15,,,,,,,,
,,,,,12512,6.0,6,,,,,,,,
,,,,,12518,6.0,6,,,,,,,,
,,,,,12527,9.0,9,,,,,,,,
,,,,,12533,6.0,6,,,,,,,,
,,,,,12538,5.0,5,,,,,,,,
,,,,,12543,5.0,5,,,,,,,,
,,,,,12549,6.0,6,,,,,,,,
,,,,,12554,5.0,5,,,,,,,,
,,,,,12559,5.0,5,,,,,,,,
,,,,,12564,5.0,5,,,,,,,,
,,,,,12570,6.0,6,,,,,,,,
,,,,,12575,5.0,5,,,,,,,,
,,,,,12581,6.0,6,,,,,,,,
,,,,,12587,6.0,6,,,,,,,,
,,,,,12590,3.0,3,,,,,,,,
,,,,,12597,7.0,7,,,,,,,,
,,,,,12600,3.0,3,,,,,,,,
,,,,,12605,5.0,5,,,,,,,,
,,,,,12610,5.0,5,,,,,,,,
,,,,,12617,7.0,7,,,,,,,,
,,,,,12622,5.0,5,,,,,,,,
,,,,,12628,6.0,6,,,,,,,,
,,,,,12633,5.0,5,,,,,,,,
,,,,,12638,5.0,5,,,,,,,,
,,,,,12643,5.0,5,,,,,,,,
,,,,,12648,5.0,5,,,,,,,,
,,,,,12653,5.0,5,,,,,,,,
,,,,,12658,5.0,5,,,,,,,,
,,,,,12666,8.0,8,,,,,,,,
,,,,,12671,5.0,5,,,,,,,,
,,,,,12676,5.0,5,,,,,,,,
,,,,,12682,6.0,6,,,,,,,,
,,,,,12687,5.0,5,,,,,,,,
,,,,,12692,5.0,5,,,,,,,,
,,,,,12701,9.0,9,,,,,,,,
,,,,,12708,7.0,7,,,,,,,,
,,,,,12716,8.0,8,,,,,,,,
,,,,,12721,5.0,5,,,,,,,,
,,,,,12726,5.0,5,,,,,,,,
,,,,,12732,6.0,6,,,,,,,,
,,,,,12738,6.0,6,,,,,,,,
,,,,,12742,4.0,4,,,,,,,,
,,,,,12747,5.0,5,,,,,,,,
,,,,,12752,5.0,5,,,,,,,,
,,,,,12758,6.0,6,,,,,,,,
,,,,,12763,5.0,5,,,,,,,,
,,,,,12770,7.0,7,,,,,,,,
,,,,,12775,5.0,5,,,,,,,,
,,,,,12780,5.0,5,,,,,,,,
,,,,,12785,5.0,5,,,,,,,,
,,,,,12790,5.0,5,,,,,,,,
,,,,,12795,5.0,5,,,,,,,,
,,,,,12800,5.0,5,,,,,,,,
,,,,,12805,5.0,5,,,,,,,,
,,,,,12810,5.0,5,,,,,,,,
,,,,,12815,5.0,5,,,,,,,,
,,,,,12820,5.0,5,,,,,,,,
,,,,,12825,5.0,5,,,,,,,,
,,,,,12830,5.0,5,,,,,,,,
,,,,,12835,5.0,5,,,,,,,,
,,,,,12840,5.0,5,,,,,,,,
,,,,,12845,5.0,5,,,,,,,,
,,,,,12850,5.0,5,,,,,,,,
,,,,,12855,5.0,5,,,,,,,,
,,,,,12860,5.0,5,,,,,,,,
,,,,,12865,5.0,5,,,,,,,,
,,,,,12870,5.0,5,,,,,,,,
,,,,,12875,5.0,5,,,,,,,,
,,,,,12880,5.0,5,,,,,,,,
,,,,,12885,5.0,5,,,,,,,,
,,,,,12890,5.0,5,,,,,,,,
,,,,,12895,5.0,5,,,,,,,,
,,,,,12900,5.0,5,,,,,,,,
,,,,,12905,5.0,5,,,,,,,,
,,,,,12911,6.0,6,,,,,,,,
,,,,,12916,5.0,5,,,,,,,,
,,,,,12921,5.0,5,,,,,,,,
,,,,,12926,5.0,5,,,,,,,,
,,,,,12931,5.0,5,,,,,,,,
,,,,,12936,5.0,5,,,,,,,,
,,,,,12943,7.0,7,,,,,,,,
,,,,,12948,5.0,5,,,,,,,,
,,,,,12953,5.0,5,,,,,,,,
,,,,,12965,12.0,12,,,,,,,,
,,,,,12970,5.0,5,,,,,,,,
,,,,,12975,5.0,5,,,,,,,,
,,,,,12980,5.0,5,,,,,,,,
,,,,,12985,5.0,5,,,,,,,,
,,,,,12990,5.0,5,,,,,,,,
,,,,,12995,5.0,5,,,,,,,,
,,,,,13000,5.0,5,,,,,,,,
,,,,,13000,,,0.7388087511062622,-7.388087272644043,0.9104945659637451,6.805658340454102,6.890669345855713,0.0003,0.0003,0.1
,,,,,13005,5.0,5,,,,,,,,
,,,,,13010,5.0,5,,,,,,,,
,,,,,13015,5.0,5,,,,,,,,
,,,,,13020,5.0,5,,,,,,,,
,,,,,13037,17.0,17,,,,,,,,
,,,,,13042,5.0,5,,,,,,,,
,,,,,13047,5.0,5,,,,,,,,
,,,,,13052,5.0,5,,,,,,,,
,,,,,13057,5.0,5,,,,,,,,
,,,,,13062,5.0,5,,,,,,,,
,,,,,13067,5.0,5,,,,,,,,
,,,,,13072,5.0,5,,,,,,,,
,,,,,13079,7.0,7,,,,,,,,
,,,,,13087,8.0,8,,,,,,,,
,,,,,13092,5.0,5,,,,,,,,
,,,,,13097,5.0,5,,,,,,,,
,,,,,13102,5.0,5,,,,,,,,
,,,,,13107,5.0,5,,,,,,,,
,,,,,13112,5.0,5,,,,,,,,
,,,,,13117,5.0,5,,,,,,,,
,,,,,13122,5.0,5,,,,,,,,
,,,,,13127,5.0,5,,,,,,,,
,,,,,13133,6.0,6,,,,,,,,
,,,,,13139,6.0,6,,,,,,,,
,,,,,13144,5.0,5,,,,,,,,
,,,,,13149,5.0,5,,,,,,,,
,,,,,13154,5.0,5,,,,,,,,
,,,,,13159,5.0,5,,,,,,,,
,,,,,13167,8.0,8,,,,,,,,
,,,,,13172,5.0,5,,,,,,,,
,,,,,13181,9.0,9,,,,,,,,
,,,,,13186,5.0,5,,,,,,,,
,,,,,13191,5.0,5,,,,,,,,
,,,,,13198,7.0,7,,,,,,,,
,,,,,13203,5.0,5,,,,,,,,
,,,,,13208,5.0,5,,,,,,,,
,,,,,13213,5.0,5,,,,,,,,
,,,,,13218,5.0,5,,,,,,,,
,,,,,13223,5.0,5,,,,,,,,
,,,,,13228,5.0,5,,,,,,,,
,,,,,13234,6.0,6,,,,,,,,
,,,,,13240,6.0,6,,,,,,,,
,,,,,13245,5.0,5,,,,,,,,
,,,,,13250,5.0,5,,,,,,,,
,,,,,13257,7.0,7,,,,,,,,
,,,,,13262,5.0,5,,,,,,,,
,,,,,13267,5.0,5,,,,,,,,
,,,,,13272,5.0,5,,,,,,,,
,,,,,13287,15.0,15,,,,,,,,
,,,,,13292,5.0,5,,,,,,,,
,,,,,13297,5.0,5,,,,,,,,
,,,,,13302,5.0,5,,,,,,,,
,,,,,13312,10.0,10,,,,,,,,
,,,,,13317,5.0,5,,,,,,,,
,,,,,13325,8.0,8,,,,,,,,
,,,,,13330,5.0,5,,,,,,,,
,,,,,13337,7.0,7,,,,,,,,
,,,,,13343,6.0,6,,,,,,,,
,,,,,13359,16.0,16,,,,,,,,
,,,,,13380,21.0,21,,,,,,,,
,,,,,13386,6.0,6,,,,,,,,
,,,,,13399,13.0,13,,,,,,,,
,,,,,13404,5.0,5,,,,,,,,
,,,,,13414,10.0,10,,,,,,,,
,,,,,13419,5.0,5,,,,,,,,
,,,,,13431,12.0,12,,,,,,,,
,,,,,13436,5.0,5,,,,,,,,
,,,,,13441,5.0,5,,,,,,,,
,,,,,13447,6.0,6,,,,,,,,
,,,,,13454,7.0,7,,,,,,,,
,,,,,13459,5.0,5,,,,,,,,
,,,,,13464,5.0,5,,,,,,,,
,,,,,13481,17.0,17,,,,,,,,
,,,,,13487,6.0,6,,,,,,,,
,,,,,13492,5.0,5,,,,,,,,
,,,,,13501,9.0,9,,,,,,,,
,,,,,13506,5.0,5,,,,,,,,
,,,,,13512,6.0,6,,,,,,,,
,,,,,13517,5.0,5,,,,,,,,
,,,,,13522,5.0,5,,,,,,,,
,,,,,13527,5.0,5,,,,,,,,
,,,,,13532,5.0,5,,,,,,,,
,,,,,13541,9.0,9,,,,,,,,
,,,,,13546,5.0,5,,,,,,,,
,,,,,13551,5.0,5,,,,,,,,
,,,,,13558,7.0,7,,,,,,,,
,,,,,13564,6.0,6,,,,,,,,
,,,,,13569,5.0,5,,,,,,,,
,,,,,13574,5.0,5,,,,,,,,
,,,,,13579,5.0,5,,,,,,,,
,,,,,13584,5.0,5,,,,,,,,
,,,,,13589,5.0,5,,,,,,,,
,,,,,13603,14.0,14,,,,,,,,
,,,,,13608,5.0,5,,,,,,,,
,,,,,13613,5.0,5,,,,,,,,
,,,,,13618,5.0,5,,,,,,,,
,,,,,13623,5.0,5,,,,,,,,
,,,,,13628,5.0,5,,,,,,,,
,,,,,13633,5.0,5,,,,,,,,
,,,,,13642,9.0,9,,,,,,,,
,,,,,13647,5.0,5,,,,,,,,
,,,,,13652,5.0,5,,,,,,,,
,,,,,13657,5.0,5,,,,,,,,
,,,,,13663,6.0,6,,,,,,,,
,,,,,13670,7.0,7,,,,,,,,
,,,,,13675,5.0,5,,,,,,,,
,,,,,13680,5.0,5,,,,,,,,
,,,,,13685,5.0,5,,,,,,,,
,,,,,13690,5.0,5,,,,,,,,
,,,,,13695,5.0,5,,,,,,,,
,,,,,13703,8.0,8,,,,,,,,
,,,,,13709,6.0,6,,,,,,,,
,,,,,13714,5.0,5,,,,,,,,
,,,,,13719,5.0,5,,,,,,,,
,,,,,13726,7.0,7,,,,,,,,
,,,,,13732,6.0,6,,,,,,,,
,,,,,13739,7.0,7,,,,,,,,
,,,,,13744,5.0,5,,,,,,,,
,,,,,13750,6.0,6,,,,,,,,
,,,,,13755,5.0,5,,,,,,,,
,,,,,13760,5.0,5,,,,,,,,
,,,,,13765,5.0,5,,,,,,,,
,,,,,13775,10.0,10,,,,,,,,
,,,,,13781,6.0,6,,,,,,,,
,,,,,13791,10.0,10,,,,,,,,
,,,,,13796,5.0,5,,,,,,,,
,,,,,13802,6.0,6,,,,,,,,
,,,,,13808,6.0,6,,,,,,,,
,,,,,13819,11.0,11,,,,,,,,
,,,,,13824,5.0,5,,,,,,,,
,,,,,13833,9.0,9,,,,,,,,
,,,,,13838,5.0,5,,,,,,,,
,,,,,13844,6.0,6,,,,,,,,
,,,,,13867,23.0,23,,,,,,,,
,,,,,13873,6.0,6,,,,,,,,
,,,,,13881,8.0,8,,,,,,,,
,,,,,13887,6.0,6,,,,,,,,
,,,,,13899,12.0,12,,,,,,,,
,,,,,13905,6.0,6,,,,,,,,
,,,,,13910,5.0,5,,,,,,,,
,,,,,13915,5.0,5,,,,,,,,
,,,,,13919,4.0,4,,,,,,,,
,,,,,13925,6.0,6,,,,,,,,
,,,,,13930,5.0,5,,,,,,,,
,,,,,13935,5.0,5,,,,,,,,
,,,,,13940,5.0,5,,,,,,,,
,,,,,13947,7.0,7,,,,,,,,
,,,,,13952,5.0,5,,,,,,,,
,,,,,13960,8.0,8,,,,,,,,
,,,,,13976,16.0,16,,,,,,,,
,,,,,13989,13.0,13,,,,,,,,
,,,,,14000,,,0.6577998399734497,-6.577998161315918,1.1737165451049805,4.909549713134766,4.879624366760254,0.0003,0.0003,0.1
,,,,,14016,27.0,27,,,,,,,,
,,,,,14022,6.0,6,,,,,,,,
,,,,,14034,12.0,12,,,,,,,,
,,,,,14043,9.0,9,,,,,,,,
,,,,,14048,5.0,5,,,,,,,,
,,,,,14063,15.0,15,,,,,,,,
,,,,,14069,6.0,6,,,,,,,,
,,,,,14075,6.0,6,,,,,,,,
,,,,,14081,6.0,6,,,,,,,,
,,,,,14089,8.0,8,,,,,,,,
,,,,,14096,7.0,7,,,,,,,,
,,,,,14103,7.0,7,,,,,,,,
,,,,,14108,5.0,5,,,,,,,,
,,,,,14113,5.0,5,,,,,,,,
,,,,,14126,13.0,13,,,,,,,,
,,,,,14133,7.0,7,,,,,,,,
,,,,,14138,5.0,5,,,,,,,,
,,,,,14143,5.0,5,,,,,,,,
,,,,,14157,14.0,14,,,,,,,,
,,,,,14165,8.0,8,,,,,,,,
,,,,,14201,36.0,36,,,,,,,,
,,,,,14207,6.0,6,,,,,,,,
,,,,,14219,12.0,12,,,,,,,,
,,,,,14246,27.0,27,,,,,,,,
,,,,,14257,11.0,11,,,,,,,,
,,,,,14263,6.0,6,,,,,,,,
,,,,,14275,12.0,12,,,,,,,,
,,,,,14287,12.0,12,,,,,,,,
,,,,,14293,6.0,6,,,,,,,,
,,,,,14300,7.0,7,,,,,,,,
,,,,,14314,14.0,14,,,,,,,,
,,,,,14322,8.0,8,,,,,,,,
,,,,,14327,5.0,5,,,,,,,,
,,,,,14332,5.0,5,,,,,,,,
,,,,,14338,6.0,6,,,,,,,,
,,,,,14343,5.0,5,,,,,,,,
,,,,,14351,8.0,8,,,,,,,,
,,,,,14356,5.0,5,,,,,,,,
,,,,,14364,8.0,8,,,,,,,,
,,,,,14376,12.0,12,,,,,,,,
,,,,,14387,11.0,11,,,,,,,,
,,,,,14402,15.0,15,,,,,,,,
,,,,,14407,5.0,5,,,,,,,,
,,,,,14412,5.0,5,,,,,,,,
,,,,,14419,7.0,7,,,,,,,,
,,,,,14424,5.0,5,,,,,,,,
,,,,,14429,5.0,5,,,,,,,,
,,,,,14441,12.0,12,,,,,,,,
,,,,,14452,11.0,11,,,,,,,,
,,,,,14469,17.0,17,,,,,,,,
,,,,,14482,13.0,13,,,,,,,,
,,,,,14489,7.0,7,,,,,,,,
,,,,,14499,10.0,10,,,,,,,,
,,,,,14505,6.0,6,,,,,,,,
,,,,,14510,5.0,5,,,,,,,,
,,,,,14521,11.0,11,,,,,,,,
,,,,,14532,11.0,11,,,,,,,,
,,,,,14538,6.0,6,,,,,,,,
,,,,,14544,6.0,6,,,,,,,,
,,,,,14550,6.0,6,,,,,,,,
,,,,,14555,5.0,5,,,,,,,,
,,,,,14562,7.0,7,,,,,,,,
,,,,,14571,9.0,9,,,,,,,,
,,,,,14580,9.0,9,,,,,,,,
,,,,,14587,7.0,7,,,,,,,,
,,,,,14615,28.0,28,,,,,,,,
,,,,,14621,6.0,6,,,,,,,,
,,,,,14626,5.0,5,,,,,,,,
,,,,,14644,18.0,18,,,,,,,,
,,,,,14659,15.0,15,,,,,,,,
,,,,,14664,5.0,5,,,,,,,,
,,,,,14675,11.0,11,,,,,,,,
,,,,,14683,8.0,8,,,,,,,,
,,,,,14690,7.0,7,,,,,,,,
,,,,,14705,15.0,15,,,,,,,,
,,,,,14710,5.0,5,,,,,,,,
,,,,,14715,5.0,5,,,,,,,,
,,,,,14736,21.0,21,,,,,,,,
,,,,,14747,11.0,11,,,,,,,,
,,,,,14754,7.0,7,,,,,,,,
,,,,,14765,11.0,11,,,,,,,,
,,,,,14770,5.0,5,,,,,,,,
,,,,,14777,7.0,7,,,,,,,,
,,,,,14795,18.0,18,,,,,,,,
,,,,,14818,23.0,23,,,,,,,,
,,,,,14823,5.0,5,,,,,,,,
,,,,,14829,6.0,6,,,,,,,,
,,,,,14846,17.0,17,,,,,,,,
,,,,,14853,7.0,7,,,,,,,,
,,,,,14858,5.0,5,,,,,,,,
,,,,,14874,16.0,16,,,,,,,,
,,,,,14879,5.0,5,,,,,,,,
,,,,,14884,5.0,5,,,,,,,,
,,,,,14890,6.0,6,,,,,,,,
,,,,,14895,5.0,5,,,,,,,,
,,,,,14903,8.0,8,,,,,,,,
,,,,,14911,8.0,8,,,,,,,,
,,,,,14918,7.0,7,,,,,,,,
,,,,,14923,5.0,5,,,,,,,,
,,,,,14929,6.0,6,,,,,,,,
,,,,,14934,5.0,5,,,,,,,,
,,,,,14946,12.0,12,,,,,,,,
,,,,,14951,5.0,5,,,,,,,,
,,,,,14961,10.0,10,,,,,,,,
,,,,,14966,5.0,5,,,,,,,,
,,,,,14971,5.0,5,,,,,,,,
,,,,,14976,5.0,5,,,,,,,,
,,,,,14982,6.0,6,,,,,,,,
,,,,,14996,14.0,14,,,,,,,,
5.9,1.1357816,8.0,5.0,5.9,15000,,,0.6769310235977173,-6.769309997558594,0.730577826499939,3.651888132095337,3.6479482650756836,0.0003,0.0003,0.1
,,,,,15003,7.0,7,,,,,,,,
,,,,,15012,9.0,9,,,,,,,,
,,,,,15017,5.0,5,,,,,,,,
,,,,,15022,5.0,5,,,,,,,,
,,,,,15027,5.0,5,,,,,,,,
,,,,,15034,7.0,7,,,,,,,,
,,,,,15042,8.0,8,,,,,,,,
,,,,,15047,5.0,5,,,,,,,,
,,,,,15053,6.0,6,,,,,,,,
,,,,,15065,12.0,12,,,,,,,,
,,,,,15071,6.0,6,,,,,,,,
,,,,,15087,16.0,16,,,,,,,,
,,,,,15102,15.0,15,,,,,,,,
,,,,,15107,5.0,5,,,,,,,,
,,,,,15128,21.0,21,,,,,,,,
,,,,,15134,6.0,6,,,,,,,,
,,,,,15146,12.0,12,,,,,,,,
,,,,,15151,5.0,5,,,,,,,,
,,,,,15156,5.0,5,,,,,,,,
,,,,,15161,5.0,5,,,,,,,,
,,,,,15168,7.0,7,,,,,,,,
,,,,,15173,5.0,5,,,,,,,,
,,,,,15178,5.0,5,,,,,,,,
,,,,,15183,5.0,5,,,,,,,,
,,,,,15188,5.0,5,,,,,,,,
,,,,,15194,6.0,6,,,,,,,,
,,,,,15199,5.0,5,,,,,,,,
,,,,,15217,18.0,18,,,,,,,,
,,,,,15222,5.0,5,,,,,,,,
,,,,,15227,5.0,5,,,,,,,,
,,,,,15232,5.0,5,,,,,,,,
,,,,,15237,5.0,5,,,,,,,,
,,,,,15244,7.0,7,,,,,,,,
,,,,,15262,18.0,18,,,,,,,,
,,,,,15267,5.0,5,,,,,,,,
,,,,,15273,6.0,6,,,,,,,,
,,,,,15282,9.0,9,,,,,,,,
,,,,,15298,16.0,16,,,,,,,,
,,,,,15304,6.0,6,,,,,,,,
,,,,,15310,6.0,6,,,,,,,,
,,,,,15315,5.0,5,,,,,,,,
,,,,,15327,12.0,12,,,,,,,,
,,,,,15348,21.0,21,,,,,,,,
,,,,,15353,5.0,5,,,,,,,,
,,,,,15359,6.0,6,,,,,,,,
,,,,,15379,20.0,20,,,,,,,,
,,,,,15391,12.0,12,,,,,,,,
,,,,,15396,5.0,5,,,,,,,,
,,,,,15404,8.0,8,,,,,,,,
,,,,,15411,7.0,7,,,,,,,,
,,,,,15425,14.0,14,,,,,,,,
,,,,,15430,5.0,5,,,,,,,,
,,,,,15435,5.0,5,,,,,,,,
,,,,,15442,7.0,7,,,,,,,,
,,,,,15453,11.0,11,,,,,,,,
,,,,,15459,6.0,6,,,,,,,,
,,,,,15481,22.0,22,,,,,,,,
,,,,,15487,6.0,6,,,,,,,,
,,,,,15495,8.0,8,,,,,,,,
,,,,,15503,8.0,8,,,,,,,,
,,,,,15508,5.0,5,,,,,,,,
,,,,,15515,7.0,7,,,,,,,,
,,,,,15520,5.0,5,,,,,,,,
,,,,,15525,5.0,5,,,,,,,,
,,,,,15534,9.0,9,,,,,,,,
,,,,,15546,12.0,12,,,,,,,,
,,,,,15551,5.0,5,,,,,,,,
,,,,,15557,6.0,6,,,,,,,,
,,,,,15577,20.0,20,,,,,,,,
,,,,,15586,9.0,9,,,,,,,,
,,,,,15592,6.0,6,,,,,,,,
,,,,,15600,8.0,8,,,,,,,,
,,,,,15605,5.0,5,,,,,,,,
,,,,,15613,8.0,8,,,,,,,,
,,,,,15617,4.0,4,,,,,,,,
,,,,,15626,9.0,9,,,,,,,,
,,,,,15631,5.0,5,,,,,,,,
,,,,,15641,10.0,10,,,,,,,,
,,,,,15647,6.0,6,,,,,,,,
,,,,,15659,12.0,12,,,,,,,,
,,,,,15664,5.0,5,,,,,,,,
,,,,,15669,5.0,5,,,,,,,,
,,,,,15674,5.0,5,,,,,,,,
,,,,,15680,6.0,6,,,,,,,,
,,,,,15684,4.0,4,,,,,,,,
,,,,,15689,5.0,5,,,,,,,,
,,,,,15694,5.0,5,,,,,,,,
,,,,,15705,11.0,11,,,,,,,,
,,,,,15710,5.0,5,,,,,,,,
,,,,,15728,18.0,18,,,,,,,,
,,,,,15733,5.0,5,,,,,,,,
,,,,,15738,5.0,5,,,,,,,,
,,,,,15744,6.0,6,,,,,,,,
,,,,,15750,6.0,6,,,,,,,,
,,,,,15755,5.0,5,,,,,,,,
,,,,,15761,6.0,6,,,,,,,,
,,,,,15766,5.0,5,,,,,,,,
,,,,,15773,7.0,7,,,,,,,,
,,,,,15780,7.0,7,,,,,,,,
,,,,,15787,7.0,7,,,,,,,,
,,,,,15801,14.0,14,,,,,,,,
,,,,,15808,7.0,7,,,,,,,,
,,,,,15813,5.0,5,,,,,,,,
,,,,,15818,5.0,5,,,,,,,,
,,,,,15832,14.0,14,,,,,,,,
,,,,,15837,5.0,5,,,,,,,,
,,,,,15843,6.0,6,,,,,,,,
,,,,,15848,5.0,5,,,,,,,,
,,,,,15855,7.0,7,,,,,,,,
,,,,,15860,5.0,5,,,,,,,,
,,,,,15865,5.0,5,,,,,,,,
,,,,,15871,6.0,6,,,,,,,,
,,,,,15877,6.0,6,,,,,,,,
,,,,,15882,5.0,5,,,,,,,,
,,,,,15887,5.0,5,,,,,,,,
,,,,,15892,5.0,5,,,,,,,,
,,,,,15897,5.0,5,,,,,,,,
,,,,,15904,7.0,7,,,,,,,,
,,,,,15909,5.0,5,,,,,,,,
,,,,,15914,5.0,5,,,,,,,,
,,,,,15919,5.0,5,,,,,,,,
,,,,,15924,5.0,5,,,,,,,,
,,,,,15929,5.0,5,,,,,,,,
,,,,,15934,5.0,5,,,,,,,,
,,,,,15939,5.0,5,,,,,,,,
,,,,,15944,5.0,5,,,,,,,,
,,,,,15949,5.0,5,,,,,,,,
,,,,,15954,5.0,5,,,,,,,,
,,,,,15959,5.0,5,,,,,,,,
,,,,,15976,17.0,17,,,,,,,,
,,,,,15981,5.0,5,,,,,,,,
,,,,,15986,5.0,5,,,,,,,,
,,,,,15991,5.0,5,,,,,,,,
,,,,,15996,5.0,5,,,,,,,,
,,,,,16000,,,0.8329518437385559,-8.32951831817627,0.436659574508667,3.2884559631347656,3.300675868988037,0.0003,0.0003,0.1
,,,,,16001,5.0,5,,,,,,,,
,,,,,16006,5.0,5,,,,,,,,
,,,,,16011,5.0,5,,,,,,,,
,,,,,16016,5.0,5,,,,,,,,
,,,,,16021,5.0,5,,,,,,,,
,,,,,16026,5.0,5,,,,,,,,
,,,,,16031,5.0,5,,,,,,,,
,,,,,16036,5.0,5,,,,,,,,
,,,,,16041,5.0,5,,,,,,,,
,,,,,16046,5.0,5,,,,,,,,
,,,,,16054,8.0,8,,,,,,,,
,,,,,16059,5.0,5,,,,,,,,
,,,,,16064,5.0,5,,,,,,,,
,,,,,16069,5.0,5,,,,,,,,
,,,,,16074,5.0,5,,,,,,,,
,,,,,16079,5.0,5,,,,,,,,
,,,,,16084,5.0,5,,,,,,,,
,,,,,16098,14.0,14,,,,,,,,
,,,,,16103,5.0,5,,,,,,,,
,,,,,16108,5.0,5,,,,,,,,
,,,,,16113,5.0,5,,,,,,,,
,,,,,16118,5.0,5,,,,,,,,
,,,,,16124,6.0,6,,,,,,,,
,,,,,16129,5.0,5,,,,,,,,
,,,,,16134,5.0,5,,,,,,,,
,,,,,16139,5.0,5,,,,,,,,
,,,,,16144,5.0,5,,,,,,,,
,,,,,16149,5.0,5,,,,,,,,
,,,,,16154,5.0,5,,,,,,,,
,,,,,16159,5.0,5,,,,,,,,
,,,,,16164,5.0,5,,,,,,,,
,,,,,16169,5.0,5,,,,,,,,
,,,,,16174,5.0,5,,,,,,,,
,,,,,16179,5.0,5,,,,,,,,
,,,,,16184,5.0,5,,,,,,,,
,,,,,16189,5.0,5,,,,,,,,
,,,,,16194,5.0,5,,,,,,,,
,,,,,16199,5.0,5,,,,,,,,
,,,,,16204,5.0,5,,,,,,,,
,,,,,16209,5.0,5,,,,,,,,
,,,,,16214,5.0,5,,,,,,,,
,,,,,16219,5.0,5,,,,,,,,
,,,,,16224,5.0,5,,,,,,,,
,,,,,16229,5.0,5,,,,,,,,
,,,,,16234,5.0,5,,,,,,,,
,,,,,16239,5.0,5,,,,,,,,
,,,,,16244,5.0,5,,,,,,,,
,,,,,16249,5.0,5,,,,,,,,
,,,,,16254,5.0,5,,,,,,,,
,,,,,16260,6.0,6,,,,,,,,
,,,,,16265,5.0,5,,,,,,,,
,,,,,16270,5.0,5,,,,,,,,
,,,,,16275,5.0,5,,,,,,,,
,,,,,16280,5.0,5,,,,,,,,
,,,,,16285,5.0,5,,,,,,,,
,,,,,16290,5.0,5,,,,,,,,
,,,,,16295,5.0,5,,,,,,,,
,,,,,16300,5.0,5,,,,,,,,
,,,,,16305,5.0,5,,,,,,,,
,,,,,16310,5.0,5,,,,,,,,
,,,,,16315,5.0,5,,,,,,,,
,,,,,16321,6.0,6,,,,,,,,
,,,,,16326,5.0,5,,,,,,,,
,,,,,16331,5.0,5,,,,,,,,
,,,,,16336,5.0,5,,,,,,,,
,,,,,16341,5.0,5,,,,,,,,
,,,,,16346,5.0,5,,,,,,,,
,,,,,16351,5.0,5,,,,,,,,
,,,,,16357,6.0,6,,,,,,,,
,,,,,16362,5.0,5,,,,,,,,
,,,,,16367,5.0,5,,,,,,,,
,,,,,16372,5.0,5,,,,,,,,
,,,,,16377,5.0,5,,,,,,,,
,,,,,16382,5.0,5,,,,,,,,
,,,,,16387,5.0,5,,,,,,,,
,,,,,16392,5.0,5,,,,,,,,
,,,,,16397,5.0,5,,,,,,,,
,,,,,16402,5.0,5,,,,,,,,
,,,,,16416,14.0,14,,,,,,,,
,,,,,16421,5.0,5,,,,,,,,
,,,,,16426,5.0,5,,,,,,,,
,,,,,16431,5.0,5,,,,,,,,
,,,,,16437,6.0,6,,,,,,,,
,,,,,16442,5.0,5,,,,,,,,
,,,,,16447,5.0,5,,,,,,,,
,,,,,16452,5.0,5,,,,,,,,
,,,,,16457,5.0,5,,,,,,,,
,,,,,16466,9.0,9,,,,,,,,
,,,,,16471,5.0,5,,,,,,,,
,,,,,16476,5.0,5,,,,,,,,
,,,,,16482,6.0,6,,,,,,,,
,,,,,16487,5.0,5,,,,,,,,
,,,,,16492,5.0,5,,,,,,,,
,,,,,16497,5.0,5,,,,,,,,
,,,,,16502,5.0,5,,,,,,,,
,,,,,16507,5.0,5,,,,,,,,
,,,,,16512,5.0,5,,,,,,,,
,,,,,16517,5.0,5,,,,,,,,
,,,,,16522,5.0,5,,,,,,,,
,,,,,16527,5.0,5,,,,,,,,
,,,,,16532,5.0,5,,,,,,,,
,,,,,16537,5.0,5,,,,,,,,
,,,,,16542,5.0,5,,,,,,,,
,,,,,16547,5.0,5,,,,,,,,
,,,,,16552,5.0,5,,,,,,,,
,,,,,16557,5.0,5,,,,,,,,
,,,,,16564,7.0,7,,,,,,,,
,,,,,16594,30.0,30,,,,,,,,
,,,,,16599,5.0,5,,,,,,,,
,,,,,16604,5.0,5,,,,,,,,
,,,,,16628,24.0,24,,,,,,,,
,,,,,16633,5.0,5,,,,,,,,
,,,,,16641,8.0,8,,,,,,,,
,,,,,16645,4.0,4,,,,,,,,
,,,,,16654,9.0,9,,,,,,,,
,,,,,16660,6.0,6,,,,,,,,
,,,,,16665,5.0,5,,,,,,,,
,,,,,16671,6.0,6,,,,,,,,
,,,,,16676,5.0,5,,,,,,,,
,,,,,16681,5.0,5,,,,,,,,
,,,,,16686,5.0,5,,,,,,,,
,,,,,16691,5.0,5,,,,,,,,
,,,,,16699,8.0,8,,,,,,,,
,,,,,16716,17.0,17,,,,,,,,
,,,,,16721,5.0,5,,,,,,,,
,,,,,16732,11.0,11,,,,,,,,
,,,,,16737,5.0,5,,,,,,,,
,,,,,16743,6.0,6,,,,,,,,
,,,,,16747,4.0,4,,,,,,,,
,,,,,16752,5.0,5,,,,,,,,
,,,,,16761,9.0,9,,,,,,,,
,,,,,16766,5.0,5,,,,,,,,
,,,,,16771,5.0,5,,,,,,,,
,,,,,16776,5.0,5,,,,,,,,
,,,,,16781,5.0,5,,,,,,,,
,,,,,16786,5.0,5,,,,,,,,
,,,,,16794,8.0,8,,,,,,,,
,,,,,16802,8.0,8,,,,,,,,
,,,,,16807,5.0,5,,,,,,,,
,,,,,16812,5.0,5,,,,,,,,
,,,,,16818,6.0,6,,,,,,,,
,,,,,16823,5.0,5,,,,,,,,
,,,,,16828,5.0,5,,,,,,,,
,,,,,16833,5.0,5,,,,,,,,
,,,,,16838,5.0,5,,,,,,,,
,,,,,16842,4.0,4,,,,,,,,
,,,,,16847,5.0,5,,,,,,,,
,,,,,16852,5.0,5,,,,,,,,
,,,,,16857,5.0,5,,,,,,,,
,,,,,16862,5.0,5,,,,,,,,
,,,,,16867,5.0,5,,,,,,,,
,,,,,16872,5.0,5,,,,,,,,
,,,,,16879,7.0,7,,,,,,,,
,,,,,16884,5.0,5,,,,,,,,
,,,,,16889,5.0,5,,,,,,,,
,,,,,16894,5.0,5,,,,,,,,
,,,,,16899,5.0,5,,,,,,,,
,,,,,16905,6.0,6,,,,,,,,
,,,,,16912,7.0,7,,,,,,,,
,,,,,16917,5.0,5,,,,,,,,
,,,,,16922,5.0,5,,,,,,,,
,,,,,16929,7.0,7,,,,,,,,
,,,,,16934,5.0,5,,,,,,,,
,,,,,16940,6.0,6,,,,,,,,
,,,,,16945,5.0,5,,,,,,,,
,,,,,16950,5.0,5,,,,,,,,
,,,,,16957,7.0,7,,,,,,,,
,,,,,16963,6.0,6,,,,,,,,
,,,,,16971,8.0,8,,,,,,,,
,,,,,16976,5.0,5,,,,,,,,
,,,,,16982,6.0,6,,,,,,,,
,,,,,16989,7.0,7,,,,,,,,
,,,,,17000,,,0.7454971075057983,-7.454970836639404,0.33819323778152466,2.5328307151794434,2.5482840538024902,0.0003,0.0003,0.1
,,,,,17003,14.0,14,,,,,,,,
,,,,,17008,5.0,5,,,,,,,,
,,,,,17014,6.0,6,,,,,,,,
,,,,,17019,5.0,5,,,,,,,,
,,,,,17025,6.0,6,,,,,,,,
,,,,,17030,5.0,5,,,,,,,,
,,,,,17035,5.0,5,,,,,,,,
,,,,,17046,11.0,11,,,,,,,,
,,,,,17051,5.0,5,,,,,,,,
,,,,,17056,5.0,5,,,,,,,,
,,,,,17061,5.0,5,,,,,,,,
,,,,,17066,5.0,5,,,,,,,,
,,,,,17072,6.0,6,,,,,,,,
,,,,,17077,5.0,5,,,,,,,,
,,,,,17082,5.0,5,,,,,,,,
,,,,,17105,23.0,23,,,,,,,,
,,,,,17112,7.0,7,,,,,,,,
,,,,,17117,5.0,5,,,,,,,,
,,,,,17122,5.0,5,,,,,,,,
,,,,,17134,12.0,12,,,,,,,,
,,,,,17139,5.0,5,,,,,,,,
,,,,,17145,6.0,6,,,,,,,,
,,,,,17156,11.0,11,,,,,,,,
,,,,,17161,5.0,5,,,,,,,,
,,,,,17166,5.0,5,,,,,,,,
,,,,,17171,5.0,5,,,,,,,,
,,,,,17176,5.0,5,,,,,,,,
,,,,,17181,5.0,5,,,,,,,,
,,,,,17186,5.0,5,,,,,,,,
,,,,,17191,5.0,5,,,,,,,,
,,,,,17196,5.0,5,,,,,,,,
,,,,,17201,5.0,5,,,,,,,,
,,,,,17206,5.0,5,,,,,,,,
,,,,,17211,5.0,5,,,,,,,,
,,,,,17216,5.0,5,,,,,,,,
,,,,,17221,5.0,5,,,,,,,,
,,,,,17226,5.0,5,,,,,,,,
,,,,,17231,5.0,5,,,,,,,,
,,,,,17236,5.0,5,,,,,,,,
,,,,,17243,7.0,7,,,,,,,,
,,,,,17250,7.0,7,,,,,,,,
,,,,,17255,5.0,5,,,,,,,,
,,,,,17265,10.0,10,,,,,,,,
,,,,,17272,7.0,7,,,,,,,,
,,,,,17277,5.0,5,,,,,,,,
,,,,,17282,5.0,5,,,,,,,,
,,,,,17287,5.0,5,,,,,,,,
,,,,,17295,8.0,8,,,,,,,,
,,,,,17300,5.0,5,,,,,,,,
,,,,,17306,6.0,6,,,,,,,,
,,,,,17311,5.0,5,,,,,,,,
,,,,,17328,17.0,17,,,,,,,,
,,,,,17335,7.0,7,,,,,,,,
,,,,,17341,6.0,6,,,,,,,,
,,,,,17347,6.0,6,,,,,,,,
,,,,,17355,8.0,8,,,,,,,,
,,,,,17360,5.0,5,,,,,,,,
,,,,,17366,6.0,6,,,,,,,,
,,,,,17373,7.0,7,,,,,,,,
,,,,,17378,5.0,5,,,,,,,,
,,,,,17394,16.0,16,,,,,,,,
,,,,,17400,6.0,6,,,,,,,,
,,,,,17407,7.0,7,,,,,,,,
,,,,,17413,6.0,6,,,,,,,,
,,,,,17423,10.0,10,,,,,,,,
,,,,,17428,5.0,5,,,,,,,,
,,,,,17433,5.0,5,,,,,,,,
,,,,,17447,14.0,14,,,,,,,,
,,,,,17463,16.0,16,,,,,,,,
,,,,,17471,8.0,8,,,,,,,,
,,,,,17476,5.0,5,,,,,,,,
,,,,,17509,33.0,33,,,,,,,,
,,,,,17521,12.0,12,,,,,,,,
,,,,,17533,12.0,12,,,,,,,,
,,,,,17554,21.0,21,,,,,,,,
,,,,,17559,5.0,5,,,,,,,,
,,,,,17573,14.0,14,,,,,,,,
,,,,,17589,16.0,16,,,,,,,,
,,,,,17595,6.0,6,,,,,,,,
,,,,,17604,9.0,9,,,,,,,,
,,,,,17612,8.0,8,,,,,,,,
,,,,,17621,9.0,9,,,,,,,,
,,,,,17627,6.0,6,,,,,,,,
,,,,,17642,15.0,15,,,,,,,,
,,,,,17673,31.0,31,,,,,,,,
,,,,,17679,6.0,6,,,,,,,,
,,,,,17709,30.0,30,,,,,,,,
,,,,,17732,23.0,23,,,,,,,,
,,,,,17739,7.0,7,,,,,,,,
,,,,,17750,11.0,11,,,,,,,,
,,,,,17775,25.0,25,,,,,,,,
,,,,,17788,13.0,13,,,,,,,,
,,,,,17800,12.0,12,,,,,,,,
,,,,,17805,5.0,5,,,,,,,,
,,,,,17827,22.0,22,,,,,,,,
,,,,,17852,25.0,25,,,,,,,,
,,,,,17863,11.0,11,,,,,,,,
,,,,,17872,9.0,9,,,,,,,,
,,,,,17879,7.0,7,,,,,,,,
,,,,,17885,6.0,6,,,,,,,,
,,,,,17899,14.0,14,,,,,,,,
,,,,,17944,45.0,45,,,,,,,,
,,,,,17963,19.0,19,,,,,,,,
,,,,,17971,8.0,8,,,,,,,,
,,,,,17987,16.0,16,,,,,,,,
,,,,,17994,7.0,7,,,,,,,,
,,,,,18000,,,0.46435531973838806,-4.643553256988525,0.31884413957595825,3.1390719413757324,3.0873591899871826,0.0003,0.0003,0.1
,,,,,18013,19.0,19,,,,,,,,
,,,,,18021,8.0,8,,,,,,,,
,,,,,18028,7.0,7,,,,,,,,
,,,,,18035,7.0,7,,,,,,,,
,,,,,18040,5.0,5,,,,,,,,
,,,,,18052,12.0,12,,,,,,,,
,,,,,18068,16.0,16,,,,,,,,
,,,,,18076,8.0,8,,,,,,,,
,,,,,18082,6.0,6,,,,,,,,
,,,,,18098,16.0,16,,,,,,,,
,,,,,18103,5.0,5,,,,,,,,
,,,,,18112,9.0,9,,,,,,,,
,,,,,18117,5.0,5,,,,,,,,
,,,,,18128,11.0,11,,,,,,,,
,,,,,18135,7.0,7,,,,,,,,
,,,,,18143,8.0,8,,,,,,,,
,,,,,18160,17.0,17,,,,,,,,
,,,,,18192,32.0,32,,,,,,,,
,,,,,18199,7.0,7,,,,,,,,
,,,,,18206,7.0,7,,,,,,,,
,,,,,18212,6.0,6,,,,,,,,
,,,,,18219,7.0,7,,,,,,,,
,,,,,18224,5.0,5,,,,,,,,
,,,,,18231,7.0,7,,,,,,,,
,,,,,18240,9.0,9,,,,,,,,
,,,,,18245,5.0,5,,,,,,,,
,,,,,18250,5.0,5,,,,,,,,
,,,,,18261,11.0,11,,,,,,,,
,,,,,18267,6.0,6,,,,,,,,
,,,,,18274,7.0,7,,,,,,,,
,,,,,18283,9.0,9,,,,,,,,
,,,,,18288,5.0,5,,,,,,,,
,,,,,18293,5.0,5,,,,,,,,
,,,,,18298,5.0,5,,,,,,,,
,,,,,18331,33.0,33,,,,,,,,
,,,,,18340,9.0,9,,,,,,,,
,,,,,18357,17.0,17,,,,,,,,
,,,,,18363,6.0,6,,,,,,,,
,,,,,18369,6.0,6,,,,,,,,
,,,,,18396,27.0,27,,,,,,,,
,,,,,18420,24.0,24,,,,,,,,
,,,,,18449,29.0,29,,,,,,,,
,,,,,18463,14.0,14,,,,,,,,
,,,,,18471,8.0,8,,,,,,,,
,,,,,18489,18.0,18,,,,,,,,
,,,,,18496,7.0,7,,,,,,,,
,,,,,18520,24.0,24,,,,,,,,
,,,,,18530,10.0,10,,,,,,,,
,,,,,18537,7.0,7,,,,,,,,
,,,,,18545,8.0,8,,,,,,,,
,,,,,18552,7.0,7,,,,,,,,
,,,,,18559,7.0,7,,,,,,,,
,,,,,18574,15.0,15,,,,,,,,
,,,,,18583,9.0,9,,,,,,,,
,,,,,18589,6.0,6,,,,,,,,
,,,,,18600,11.0,11,,,,,,,,
,,,,,18613,13.0,13,,,,,,,,
,,,,,18628,15.0,15,,,,,,,,
,,,,,18644,16.0,16,,,,,,,,
,,,,,18666,22.0,22,,,,,,,,
,,,,,18680,14.0,14,,,,,,,,
,,,,,18696,16.0,16,,,,,,,,
,,,,,18712,16.0,16,,,,,,,,
,,,,,18717,5.0,5,,,,,,,,
,,,,,18731,14.0,14,,,,,,,,
,,,,,18737,6.0,6,,,,,,,,
,,,,,18751,14.0,14,,,,,,,,
,,,,,18766,15.0,15,,,,,,,,
,,,,,18787,21.0,21,,,,,,,,
,,,,,18793,6.0,6,,,,,,,,
,,,,,18801,8.0,8,,,,,,,,
,,,,,18828,27.0,27,,,,,,,,
,,,,,18833,5.0,5,,,,,,,,
,,,,,18839,6.0,6,,,,,,,,
,,,,,18845,6.0,6,,,,,,,,
,,,,,18849,4.0,4,,,,,,,,
,,,,,18854,5.0,5,,,,,,,,
,,,,,18863,9.0,9,,,,,,,,
,,,,,18889,26.0,26,,,,,,,,
,,,,,18893,4.0,4,,,,,,,,
,,,,,18908,15.0,15,,,,,,,,
,,,,,18943,35.0,35,,,,,,,,
,,,,,18948,5.0,5,,,,,,,,
,,,,,18975,27.0,27,,,,,,,,
,,,,,18985,10.0,10,,,,,,,,
,,,,,19000,,,0.479504257440567,-4.795042514801025,0.3550282120704651,3.6042144298553467,3.7523345947265625,0.0003,0.0003,0.1
,,,,,19002,17.0,17,,,,,,,,
,,,,,19012,10.0,10,,,,,,,,
,,,,,19033,21.0,21,,,,,,,,
,,,,,19038,5.0,5,,,,,,,,
,,,,,19043,5.0,5,,,,,,,,
,,,,,19050,7.0,7,,,,,,,,
,,,,,19059,9.0,9,,,,,,,,
,,,,,19067,8.0,8,,,,,,,,
,,,,,19076,9.0,9,,,,,,,,
,,,,,19086,10.0,10,,,,,,,,
,,,,,19093,7.0,7,,,,,,,,
,,,,,19099,6.0,6,,,,,,,,
,,,,,19104,5.0,5,,,,,,,,
,,,,,19107,3.0,3,,,,,,,,
,,,,,19131,24.0,24,,,,,,,,
,,,,,19135,4.0,4,,,,,,,,
,,,,,19141,6.0,6,,,,,,,,
,,,,,19147,6.0,6,,,,,,,,
,,,,,19153,6.0,6,,,,,,,,
,,,,,19156,3.0,3,,,,,,,,
,,,,,19170,14.0,14,,,,,,,,
,,,,,19181,11.0,11,,,,,,,,
,,,,,19187,6.0,6,,,,,,,,
,,,,,19197,10.0,10,,,,,,,,
,,,,,19208,11.0,11,,,,,,,,
,,,,,19226,18.0,18,,,,,,,,
,,,,,19229,3.0,3,,,,,,,,
,,,,,19240,11.0,11,,,,,,,,
,,,,,19249,9.0,9,,,,,,,,
,,,,,19253,4.0,4,,,,,,,,
,,,,,19270,17.0,17,,,,,,,,
,,,,,19273,3.0,3,,,,,,,,
,,,,,19288,15.0,15,,,,,,,,
,,,,,19299,11.0,11,,,,,,,,
,,,,,19311,12.0,12,,,,,,,,
,,,,,19315,4.0,4,,,,,,,,
,,,,,19335,20.0,20,,,,,,,,
,,,,,19344,9.0,9,,,,,,,,
,,,,,19352,8.0,8,,,,,,,,
,,,,,19364,12.0,12,,,,,,,,
,,,,,19379,15.0,15,,,,,,,,
,,,,,19384,5.0,5,,,,,,,,
,,,,,19392,8.0,8,,,,,,,,
,,,,,19395,3.0,3,,,,,,,,
,,,,,19425,30.0,30,,,,,,,,
,,,,,19431,6.0,6,,,,,,,,
,,,,,19439,8.0,8,,,,,,,,
,,,,,19449,10.0,10,,,,,,,,
,,,,,19457,8.0,8,,,,,,,,
,,,,,19462,5.0,5,,,,,,,,
,,,,,19470,8.0,8,,,,,,,,
,,,,,19498,28.0,28,,,,,,,,
,,,,,19502,4.0,4,,,,,,,,
,,,,,19511,9.0,9,,,,,,,,
,,,,,19533,22.0,22,,,,,,,,
,,,,,19539,6.0,6,,,,,,,,
,,,,,19545,6.0,6,,,,,,,,
,,,,,19565,20.0,20,,,,,,,,
,,,,,19573,8.0,8,,,,,,,,
,,,,,19585,12.0,12,,,,,,,,
,,,,,19598,13.0,13,,,,,,,,
,,,,,19608,10.0,10,,,,,,,,
,,,,,19617,9.0,9,,,,,,,,
,,,,,19628,11.0,11,,,,,,,,
,,,,,19632,4.0,4,,,,,,,,
,,,,,19637,5.0,5,,,,,,,,
,,,,,19642,5.0,5,,,,,,,,
,,,,,19647,5.0,5,,,,,,,,
,,,,,19662,15.0,15,,,,,,,,
,,,,,19675,13.0,13,,,,,,,,
,,,,,19683,8.0,8,,,,,,,,
,,,,,19709,26.0,26,,,,,,,,
,,,,,19724,15.0,15,,,,,,,,
,,,,,19743,19.0,19,,,,,,,,
,,,,,19753,10.0,10,,,,,,,,
,,,,,19762,9.0,9,,,,,,,,
,,,,,19770,8.0,8,,,,,,,,
,,,,,19778,8.0,8,,,,,,,,
,,,,,19785,7.0,7,,,,,,,,
,,,,,19807,22.0,22,,,,,,,,
,,,,,19822,15.0,15,,,,,,,,
,,,,,19833,11.0,11,,,,,,,,
,,,,,19842,9.0,9,,,,,,,,
,,,,,19853,11.0,11,,,,,,,,
,,,,,19872,19.0,19,,,,,,,,
,,,,,19896,24.0,24,,,,,,,,
,,,,,19899,3.0,3,,,,,,,,
,,,,,19907,8.0,8,,,,,,,,
,,,,,19913,6.0,6,,,,,,,,
,,,,,19916,3.0,3,,,,,,,,
,,,,,19937,21.0,21,,,,,,,,
,,,,,19959,22.0,22,,,,,,,,
,,,,,19972,13.0,13,,,,,,,,
,,,,,19981,9.0,9,,,,,,,,
,,,,,19984,3.0,3,,,,,,,,
,,,,,19989,5.0,5,,,,,,,,
,,,,,19994,5.0,5,,,,,,,,
12.3,5.4046273,26.0,5.0,12.3,20000,,,0.22868923842906952,-2.2868924140930176,0.9201917052268982,4.714348793029785,4.764264106750488,0.0003,0.0003,0.1
,,,,,20003,9.0,9,,,,,,,,
,,,,,20009,6.0,6,,,,,,,,
,,,,,20021,12.0,12,,,,,,,,
,,,,,20046,25.0,25,,,,,,,,
,,,,,20051,5.0,5,,,,,,,,
,,,,,20063,12.0,12,,,,,,,,
,,,,,20070,7.0,7,,,,,,,,
,,,,,20086,16.0,16,,,,,,,,
,,,,,20089,3.0,3,,,,,,,,
,,,,,20117,28.0,28,,,,,,,,
,,,,,20127,10.0,10,,,,,,,,
,,,,,20132,5.0,5,,,,,,,,
,,,,,20145,13.0,13,,,,,,,,
,,,,,20154,9.0,9,,,,,,,,
,,,,,20167,13.0,13,,,,,,,,
,,,,,20174,7.0,7,,,,,,,,
,,,,,20192,18.0,18,,,,,,,,
,,,,,20199,7.0,7,,,,,,,,
,,,,,20205,6.0,6,,,,,,,,
,,,,,20208,3.0,3,,,,,,,,
,,,,,20215,7.0,7,,,,,,,,
,,,,,20233,18.0,18,,,,,,,,
,,,,,20240,7.0,7,,,,,,,,
,,,,,20244,4.0,4,,,,,,,,
,,,,,20247,3.0,3,,,,,,,,
,,,,,20266,19.0,19,,,,,,,,
,,,,,20274,8.0,8,,,,,,,,
,,,,,20301,27.0,27,,,,,,,,
,,,,,20310,9.0,9,,,,,,,,
,,,,,20338,28.0,28,,,,,,,,
,,,,,20341,3.0,3,,,,,,,,
,,,,,20346,5.0,5,,,,,,,,
,,,,,20353,7.0,7,,,,,,,,
,,,,,20368,15.0,15,,,,,,,,
,,,,,20380,12.0,12,,,,,,,,
,,,,,20386,6.0,6,,,,,,,,
,,,,,20422,36.0,36,,,,,,,,
,,,,,20426,4.0,4,,,,,,,,
,,,,,20436,10.0,10,,,,,,,,
,,,,,20449,13.0,13,,,,,,,,
,,,,,20459,10.0,10,,,,,,,,
,,,,,20468,9.0,9,,,,,,,,
,,,,,20489,21.0,21,,,,,,,,
,,,,,20509,20.0,20,,,,,,,,
,,,,,20515,6.0,6,,,,,,,,
,,,,,20525,10.0,10,,,,,,,,
,,,,,20534,9.0,9,,,,,,,,
,,,,,20537,3.0,3,,,,,,,,
,,,,,20542,5.0,5,,,,,,,,
,,,,,20551,9.0,9,,,,,,,,
,,,,,20556,5.0,5,,,,,,,,
,,,,,20563,7.0,7,,,,,,,,
,,,,,20569,6.0,6,,,,,,,,
,,,,,20576,7.0,7,,,,,,,,
,,,,,20583,7.0,7,,,,,,,,
,,,,,20598,15.0,15,,,,,,,,
,,,,,20603,5.0,5,,,,,,,,
,,,,,20617,14.0,14,,,,,,,,
,,,,,20621,4.0,4,,,,,,,,
,,,,,20633,12.0,12,,,,,,,,
,,,,,20642,9.0,9,,,,,,,,
,,,,,20654,12.0,12,,,,,,,,
,,,,,20661,7.0,7,,,,,,,,
,,,,,20670,9.0,9,,,,,,,,
,,,,,20674,4.0,4,,,,,,,,
,,,,,20689,15.0,15,,,,,,,,
,,,,,20695,6.0,6,,,,,,,,
,,,,,20698,3.0,3,,,,,,,,
,,,,,20717,19.0,19,,,,,,,,
,,,,,20725,8.0,8,,,,,,,,
,,,,,20730,5.0,5,,,,,,,,
,,,,,20740,10.0,10,,,,,,,,
,,,,,20743,3.0,3,,,,,,,,
,,,,,20752,9.0,9,,,,,,,,
,,,,,20761,9.0,9,,,,,,,,
,,,,,20768,7.0,7,,,,,,,,
,,,,,20790,22.0,22,,,,,,,,
,,,,,20794,4.0,4,,,,,,,,
,,,,,20812,18.0,18,,,,,,,,
,,,,,20817,5.0,5,,,,,,,,
,,,,,20821,4.0,4,,,,,,,,
,,,,,20830,9.0,9,,,,,,,,
,,,,,20836,6.0,6,,,,,,,,
,,,,,20841,5.0,5,,,,,,,,
,,,,,20850,9.0,9,,,,,,,,
,,,,,20860,10.0,10,,,,,,,,
,,,,,20865,5.0,5,,,,,,,,
,,,,,20868,3.0,3,,,,,,,,
,,,,,20875,7.0,7,,,,,,,,
,,,,,20885,10.0,10,,,,,,,,
,,,,,20891,6.0,6,,,,,,,,
,,,,,20903,12.0,12,,,,,,,,
,,,,,20906,3.0,3,,,,,,,,
,,,,,20921,15.0,15,,,,,,,,
,,,,,20931,10.0,10,,,,,,,,
,,,,,20946,15.0,15,,,,,,,,
,,,,,20951,5.0,5,,,,,,,,
,,,,,20960,9.0,9,,,,,,,,
,,,,,20963,3.0,3,,,,,,,,
,,,,,20979,16.0,16,,,,,,,,
,,,,,20987,8.0,8,,,,,,,,
,,,,,20993,6.0,6,,,,,,,,
,,,,,21000,,,0.03129858896136284,-0.312985897064209,2.5220682621002197,5.062021732330322,4.941675186157227,0.0003,0.0003,0.1
,,,,,21008,15.0,15,,,,,,,,
,,,,,21012,4.0,4,,,,,,,,
,,,,,21015,3.0,3,,,,,,,,
,,,,,21020,5.0,5,,,,,,,,
,,,,,21025,5.0,5,,,,,,,,
,,,,,21034,9.0,9,,,,,,,,
,,,,,21040,6.0,6,,,,,,,,
,,,,,21055,15.0,15,,,,,,,,
,,,,,21058,3.0,3,,,,,,,,
,,,,,21063,5.0,5,,,,,,,,
,,,,,21077,14.0,14,,,,,,,,
,,,,,21083,6.0,6,,,,,,,,
,,,,,21089,6.0,6,,,,,,,,
,,,,,21098,9.0,9,,,,,,,,
,,,,,21109,11.0,11,,,,,,,,
,,,,,21131,22.0,22,,,,,,,,
,,,,,21138,7.0,7,,,,,,,,
,,,,,21149,11.0,11,,,,,,,,
,,,,,21153,4.0,4,,,,,,,,
,,,,,21159,6.0,6,,,,,,,,
,,,,,21164,5.0,5,,,,,,,,
,,,,,21172,8.0,8,,,,,,,,
,,,,,21179,7.0,7,,,,,,,,
,,,,,21205,26.0,26,,,,,,,,
,,,,,21212,7.0,7,,,,,,,,
,,,,,21217,5.0,5,,,,,,,,
,,,,,21221,4.0,4,,,,,,,,
,,,,,21228,7.0,7,,,,,,,,
,,,,,21241,13.0,13,,,,,,,,
,,,,,21257,16.0,16,,,,,,,,
,,,,,21264,7.0,7,,,,,,,,
,,,,,21275,11.0,11,,,,,,,,
,,,,,21280,5.0,5,,,,,,,,
,,,,,21286,6.0,6,,,,,,,,
,,,,,21290,4.0,4,,,,,,,,
,,,,,21300,10.0,10,,,,,,,,
,,,,,21316,16.0,16,,,,,,,,
,,,,,21327,11.0,11,,,,,,,,
,,,,,21335,8.0,8,,,,,,,,
,,,,,21339,4.0,4,,,,,,,,
,,,,,21358,19.0,19,,,,,,,,
,,,,,21373,15.0,15,,,,,,,,
,,,,,21376,3.0,3,,,,,,,,
,,,,,21381,5.0,5,,,,,,,,
,,,,,21394,13.0,13,,,,,,,,
,,,,,21403,9.0,9,,,,,,,,
,,,,,21406,3.0,3,,,,,,,,
,,,,,21414,8.0,8,,,,,,,,
,,,,,21431,17.0,17,,,,,,,,
,,,,,21442,11.0,11,,,,,,,,
,,,,,21449,7.0,7,,,,,,,,
,,,,,21461,12.0,12,,,,,,,,
,,,,,21476,15.0,15,,,,,,,,
,,,,,21483,7.0,7,,,,,,,,
,,,,,21502,19.0,19,,,,,,,,
,,,,,21507,5.0,5,,,,,,,,
,,,,,21514,7.0,7,,,,,,,,
,,,,,21518,4.0,4,,,,,,,,
,,,,,21522,4.0,4,,,,,,,,
,,,,,21530,8.0,8,,,,,,,,
,,,,,21538,8.0,8,,,,,,,,
,,,,,21554,16.0,16,,,,,,,,
,,,,,21564,10.0,10,,,,,,,,
,,,,,21573,9.0,9,,,,,,,,
,,,,,21581,8.0,8,,,,,,,,
,,,,,21585,4.0,4,,,,,,,,
,,,,,21591,6.0,6,,,,,,,,
,,,,,21595,4.0,4,,,,,,,,
,,,,,21604,9.0,9,,,,,,,,
,,,,,21611,7.0,7,,,,,,,,
,,,,,21615,4.0,4,,,,,,,,
,,,,,21621,6.0,6,,,,,,,,
,,,,,21634,13.0,13,,,,,,,,
,,,,,21640,6.0,6,,,,,,,,
,,,,,21645,5.0,5,,,,,,,,
,,,,,21654,9.0,9,,,,,,,,
,,,,,21658,4.0,4,,,,,,,,
,,,,,21661,3.0,3,,,,,,,,
,,,,,21664,3.0,3,,,,,,,,
,,,,,21668,4.0,4,,,,,,,,
,,,,,21671,3.0,3,,,,,,,,
,,,,,21674,3.0,3,,,,,,,,
,,,,,21677,3.0,3,,,,,,,,
,,,,,21682,5.0,5,,,,,,,,
,,,,,21689,7.0,7,,,,,,,,
,,,,,21692,3.0,3,,,,,,,,
,,,,,21695,3.0,3,,,,,,,,
,,,,,21698,3.0,3,,,,,,,,
,,,,,21704,6.0,6,,,,,,,,
,,,,,21712,8.0,8,,,,,,,,
,,,,,21724,12.0,12,,,,,,,,
,,,,,21732,8.0,8,,,,,,,,
,,,,,21740,8.0,8,,,,,,,,
,,,,,21745,5.0,5,,,,,,,,
,,,,,21750,5.0,5,,,,,,,,
,,,,,21760,10.0,10,,,,,,,,
,,,,,21763,3.0,3,,,,,,,,
,,,,,21766,3.0,3,,,,,,,,
,,,,,21784,18.0,18,,,,,,,,
,,,,,21793,9.0,9,,,,,,,,
,,,,,21796,3.0,3,,,,,,,,
,,,,,21801,5.0,5,,,,,,,,
,,,,,21808,7.0,7,,,,,,,,
,,,,,21822,14.0,14,,,,,,,,
,,,,,21825,3.0,3,,,,,,,,
,,,,,21828,3.0,3,,,,,,,,
,,,,,21833,5.0,5,,,,,,,,
,,,,,21838,5.0,5,,,,,,,,
,,,,,21844,6.0,6,,,,,,,,
,,,,,21849,5.0,5,,,,,,,,
,,,,,21852,3.0,3,,,,,,,,
,,,,,21858,6.0,6,,,,,,,,
,,,,,21861,3.0,3,,,,,,,,
,,,,,21866,5.0,5,,,,,,,,
,,,,,21874,8.0,8,,,,,,,,
,,,,,21883,9.0,9,,,,,,,,
,,,,,21888,5.0,5,,,,,,,,
,,,,,21891,3.0,3,,,,,,,,
,,,,,21900,9.0,9,,,,,,,,
,,,,,21909,9.0,9,,,,,,,,
,,,,,21914,5.0,5,,,,,,,,
,,,,,21919,5.0,5,,,,,,,,
,,,,,21926,7.0,7,,,,,,,,
,,,,,21947,21.0,21,,,,,,,,
,,,,,21958,11.0,11,,,,,,,,
,,,,,21967,9.0,9,,,,,,,,
,,,,,21971,4.0,4,,,,,,,,
,,,,,21977,6.0,6,,,,,,,,
,,,,,21987,10.0,10,,,,,,,,
,,,,,21993,6.0,6,,,,,,,,
,,,,,21996,3.0,3,,,,,,,,
,,,,,22000,,,0.05128773674368858,-0.512877345085144,3.5375185012817383,5.073596477508545,4.904553413391113,0.0003,0.0003,0.1
,,,,,22003,7.0,7,,,,,,,,
,,,,,22006,3.0,3,,,,,,,,
,,,,,22009,3.0,3,,,,,,,,
,,,,,22013,4.0,4,,,,,,,,
,,,,,22016,3.0,3,,,,,,,,
,,,,,22024,8.0,8,,,,,,,,
,,,,,22027,3.0,3,,,,,,,,
,,,,,22033,6.0,6,,,,,,,,
,,,,,22036,3.0,3,,,,,,,,
,,,,,22040,4.0,4,,,,,,,,
,,,,,22044,4.0,4,,,,,,,,
,,,,,22049,5.0,5,,,,,,,,
,,,,,22059,10.0,10,,,,,,,,
,,,,,22062,3.0,3,,,,,,,,
,,,,,22092,30.0,30,,,,,,,,
,,,,,22097,5.0,5,,,,,,,,
,,,,,22110,13.0,13,,,,,,,,
,,,,,22113,3.0,3,,,,,,,,
,,,,,22135,22.0,22,,,,,,,,
,,,,,22140,5.0,5,,,,,,,,
,,,,,22145,5.0,5,,,,,,,,
,,,,,22150,5.0,5,,,,,,,,
,,,,,22158,8.0,8,,,,,,,,
,,,,,22169,11.0,11,,,,,,,,
,,,,,22173,4.0,4,,,,,,,,
,,,,,22181,8.0,8,,,,,,,,
,,,,,22187,6.0,6,,,,,,,,
,,,,,22194,7.0,7,,,,,,,,
,,,,,22199,5.0,5,,,,,,,,
,,,,,22208,9.0,9,,,,,,,,
,,,,,22211,3.0,3,,,,,,,,
,,,,,22221,10.0,10,,,,,,,,
,,,,,22224,3.0,3,,,,,,,,
,,,,,22227,3.0,3,,,,,,,,
,,,,,22241,14.0,14,,,,,,,,
,,,,,22246,5.0,5,,,,,,,,
,,,,,22258,12.0,12,,,,,,,,
,,,,,22267,9.0,9,,,,,,,,
,,,,,22280,13.0,13,,,,,,,,
,,,,,22290,10.0,10,,,,,,,,
,,,,,22299,9.0,9,,,,,,,,
,,,,,22308,9.0,9,,,,,,,,
,,,,,22313,5.0,5,,,,,,,,
,,,,,22321,8.0,8,,,,,,,,
,,,,,22329,8.0,8,,,,,,,,
,,,,,22344,15.0,15,,,,,,,,
,,,,,22352,8.0,8,,,,,,,,
,,,,,22360,8.0,8,,,,,,,,
,,,,,22369,9.0,9,,,,,,,,
,,,,,22386,17.0,17,,,,,,,,
,,,,,22419,33.0,33,,,,,,,,
,,,,,22429,10.0,10,,,,,,,,
,,,,,22437,8.0,8,,,,,,,,
,,,,,22451,14.0,14,,,,,,,,
,,,,,22460,9.0,9,,,,,,,,
,,,,,22472,12.0,12,,,,,,,,
,,,,,22482,10.0,10,,,,,,,,
,,,,,22490,8.0,8,,,,,,,,
,,,,,22493,3.0,3,,,,,,,,
,,,,,22500,7.0,7,,,,,,,,
,,,,,22503,3.0,3,,,,,,,,
,,,,,22506,3.0,3,,,,,,,,
,,,,,22512,6.0,6,,,,,,,,
,,,,,22520,8.0,8,,,,,,,,
,,,,,22530,10.0,10,,,,,,,,
,,,,,22547,17.0,17,,,,,,,,
,,,,,22551,4.0,4,,,,,,,,
,,,,,22561,10.0,10,,,,,,,,
,,,,,22583,22.0,22,,,,,,,,
,,,,,22594,11.0,11,,,,,,,,
,,,,,22597,3.0,3,,,,,,,,
,,,,,22604,7.0,7,,,,,,,,
,,,,,22609,5.0,5,,,,,,,,
,,,,,22622,13.0,13,,,,,,,,
,,,,,22626,4.0,4,,,,,,,,
,,,,,22629,3.0,3,,,,,,,,
,,,,,22639,10.0,10,,,,,,,,
,,,,,22642,3.0,3,,,,,,,,
,,,,,22649,7.0,7,,,,,,,,
,,,,,22655,6.0,6,,,,,,,,
,,,,,22658,3.0,3,,,,,,,,
,,,,,22665,7.0,7,,,,,,,,
,,,,,22668,3.0,3,,,,,,,,
,,,,,22675,7.0,7,,,,,,,,
,,,,,22678,3.0,3,,,,,,,,
,,,,,22687,9.0,9,,,,,,,,
,,,,,22708,21.0,21,,,,,,,,
,,,,,22711,3.0,3,,,,,,,,
,,,,,22717,6.0,6,,,,,,,,
,,,,,22720,3.0,3,,,,,,,,
,,,,,22733,13.0,13,,,,,,,,
,,,,,22745,12.0,12,,,,,,,,
,,,,,22749,4.0,4,,,,,,,,
,,,,,22752,3.0,3,,,,,,,,
,,,,,22757,5.0,5,,,,,,,,
,,,,,22760,3.0,3,,,,,,,,
,,,,,22768,8.0,8,,,,,,,,
,,,,,22781,13.0,13,,,,,,,,
,,,,,22794,13.0,13,,,,,,,,
,,,,,22797,3.0,3,,,,,,,,
,,,,,22812,15.0,15,,,,,,,,
,,,,,22816,4.0,4,,,,,,,,
,,,,,22822,6.0,6,,,,,,,,
,,,,,22830,8.0,8,,,,,,,,
,,,,,22840,10.0,10,,,,,,,,
,,,,,22846,6.0,6,,,,,,,,
,,,,,22851,5.0,5,,,,,,,,
,,,,,22857,6.0,6,,,,,,,,
,,,,,22866,9.0,9,,,,,,,,
,,,,,22874,8.0,8,,,,,,,,
,,,,,22878,4.0,4,,,,,,,,
,,,,,22884,6.0,6,,,,,,,,
,,,,,22889,5.0,5,,,,,,,,
,,,,,22906,17.0,17,,,,,,,,
,,,,,22912,6.0,6,,,,,,,,
,,,,,22915,3.0,3,,,,,,,,
,,,,,22918,3.0,3,,,,,,,,
,,,,,22924,6.0,6,,,,,,,,
,,,,,22930,6.0,6,,,,,,,,
,,,,,22933,3.0,3,,,,,,,,
,,,,,22944,11.0,11,,,,,,,,
,,,,,22950,6.0,6,,,,,,,,
,,,,,22956,6.0,6,,,,,,,,
,,,,,22964,8.0,8,,,,,,,,
,,,,,22970,6.0,6,,,,,,,,
,,,,,22975,5.0,5,,,,,,,,
,,,,,22987,12.0,12,,,,,,,,
,,,,,22990,3.0,3,,,,,,,,
,,,,,22994,4.0,4,,,,,,,,
,,,,,22998,4.0,4,,,,,,,,
,,,,,23000,,,0.08700084686279297,-0.8700084686279297,1.9989136457443237,4.930497169494629,4.902124404907227,0.0003,0.0003,0.1
,,,,,23004,6.0,6,,,,,,,,
,,,,,23007,3.0,3,,,,,,,,
,,,,,23016,9.0,9,,,,,,,,
,,,,,23024,8.0,8,,,,,,,,
,,,,,23032,8.0,8,,,,,,,,
,,,,,23035,3.0,3,,,,,,,,
,,,,,23049,14.0,14,,,,,,,,
,,,,,23058,9.0,9,,,,,,,,
,,,,,23065,7.0,7,,,,,,,,
,,,,,23069,4.0,4,,,,,,,,
,,,,,23076,7.0,7,,,,,,,,
,,,,,23082,6.0,6,,,,,,,,
,,,,,23091,9.0,9,,,,,,,,
,,,,,23096,5.0,5,,,,,,,,
,,,,,23099,3.0,3,,,,,,,,
,,,,,23104,5.0,5,,,,,,,,
,,,,,23114,10.0,10,,,,,,,,
,,,,,23117,3.0,3,,,,,,,,
,,,,,23120,3.0,3,,,,,,,,
,,,,,23126,6.0,6,,,,,,,,
,,,,,23134,8.0,8,,,,,,,,
,,,,,23145,11.0,11,,,,,,,,
,,,,,23169,24.0,24,,,,,,,,
,,,,,23175,6.0,6,,,,,,,,
,,,,,23180,5.0,5,,,,,,,,
,,,,,23185,5.0,5,,,,,,,,
,,,,,23192,7.0,7,,,,,,,,
,,,,,23195,3.0,3,,,,,,,,
,,,,,23201,6.0,6,,,,,,,,
,,,,,23204,3.0,3,,,,,,,,
,,,,,23210,6.0,6,,,,,,,,
,,,,,23221,11.0,11,,,,,,,,
,,,,,23224,3.0,3,,,,,,,,
,,,,,23227,3.0,3,,,,,,,,
,,,,,23235,8.0,8,,,,,,,,
,,,,,23244,9.0,9,,,,,,,,
,,,,,23250,6.0,6,,,,,,,,
,,,,,23253,3.0,3,,,,,,,,
,,,,,23260,7.0,7,,,,,,,,
,,,,,23266,6.0,6,,,,,,,,
,,,,,23269,3.0,3,,,,,,,,
,,,,,23276,7.0,7,,,,,,,,
,,,,,23281,5.0,5,,,,,,,,
,,,,,23287,6.0,6,,,,,,,,
,,,,,23290,3.0,3,,,,,,,,
,,,,,23297,7.0,7,,,,,,,,
,,,,,23308,11.0,11,,,,,,,,
,,,,,23311,3.0,3,,,,,,,,
,,,,,23316,5.0,5,,,,,,,,
,,,,,23321,5.0,5,,,,,,,,
,,,,,23327,6.0,6,,,,,,,,
,,,,,23333,6.0,6,,,,,,,,
,,,,,23336,3.0,3,,,,,,,,
,,,,,23339,3.0,3,,,,,,,,
,,,,,23348,9.0,9,,,,,,,,
,,,,,23354,6.0,6,,,,,,,,
,,,,,23358,4.0,4,,,,,,,,
,,,,,23366,8.0,8,,,,,,,,
,,,,,23370,4.0,4,,,,,,,,
,,,,,23378,8.0,8,,,,,,,,
,,,,,23383,5.0,5,,,,,,,,
,,,,,23400,17.0,17,,,,,,,,
,,,,,23405,5.0,5,,,,,,,,
,,,,,23408,3.0,3,,,,,,,,
,,,,,23416,8.0,8,,,,,,,,
,,,,,23426,10.0,10,,,,,,,,
,,,,,23430,4.0,4,,,,,,,,
,,,,,23435,5.0,5,,,,,,,,
,,,,,23438,3.0,3,,,,,,,,
,,,,,23460,22.0,22,,,,,,,,
,,,,,23471,11.0,11,,,,,,,,
,,,,,23475,4.0,4,,,,,,,,
,,,,,23484,9.0,9,,,,,,,,
,,,,,23491,7.0,7,,,,,,,,
,,,,,23494,3.0,3,,,,,,,,
,,,,,23499,5.0,5,,,,,,,,
,,,,,23505,6.0,6,,,,,,,,
,,,,,23512,7.0,7,,,,,,,,
,,,,,23536,24.0,24,,,,,,,,
,,,,,23542,6.0,6,,,,,,,,
,,,,,23553,11.0,11,,,,,,,,
,,,,,23559,6.0,6,,,,,,,,
,,,,,23564,5.0,5,,,,,,,,
,,,,,23567,3.0,3,,,,,,,,
,,,,,23574,7.0,7,,,,,,,,
,,,,,23581,7.0,7,,,,,,,,
,,,,,23587,6.0,6,,,,,,,,
,,,,,23591,4.0,4,,,,,,,,
,,,,,23594,3.0,3,,,,,,,,
,,,,,23615,21.0,21,,,,,,,,
,,,,,23621,6.0,6,,,,,,,,
,,,,,23630,9.0,9,,,,,,,,
,,,,,23634,4.0,4,,,,,,,,
,,,,,23637,3.0,3,,,,,,,,
,,,,,23647,10.0,10,,,,,,,,
,,,,,23650,3.0,3,,,,,,,,
,,,,,23654,4.0,4,,,,,,,,
,,,,,23672,18.0,18,,,,,,,,
,,,,,23677,5.0,5,,,,,,,,
,,,,,23680,3.0,3,,,,,,,,
,,,,,23690,10.0,10,,,,,,,,
,,,,,23699,9.0,9,,,,,,,,
,,,,,23706,7.0,7,,,,,,,,
,,,,,23711,5.0,5,,,,,,,,
,,,,,23728,17.0,17,,,,,,,,
,,,,,23731,3.0,3,,,,,,,,
,,,,,23735,4.0,4,,,,,,,,
,,,,,23752,17.0,17,,,,,,,,
,,,,,23756,4.0,4,,,,,,,,
,,,,,23769,13.0,13,,,,,,,,
,,,,,23773,4.0,4,,,,,,,,
,,,,,23782,9.0,9,,,,,,,,
,,,,,23792,10.0,10,,,,,,,,
,,,,,23800,8.0,8,,,,,,,,
,,,,,23812,12.0,12,,,,,,,,
,,,,,23817,5.0,5,,,,,,,,
,,,,,23822,5.0,5,,,,,,,,
,,,,,23828,6.0,6,,,,,,,,
,,,,,23831,3.0,3,,,,,,,,
,,,,,23837,6.0,6,,,,,,,,
,,,,,23840,3.0,3,,,,,,,,
,,,,,23845,5.0,5,,,,,,,,
,,,,,23851,6.0,6,,,,,,,,
,,,,,23854,3.0,3,,,,,,,,
,,,,,23858,4.0,4,,,,,,,,
,,,,,23861,3.0,3,,,,,,,,
,,,,,23866,5.0,5,,,,,,,,
,,,,,23871,5.0,5,,,,,,,,
,,,,,23876,5.0,5,,,,,,,,
,,,,,23879,3.0,3,,,,,,,,
,,,,,23884,5.0,5,,,,,,,,
,,,,,23888,4.0,4,,,,,,,,
,,,,,23897,9.0,9,,,,,,,,
,,,,,23902,5.0,5,,,,,,,,
,,,,,23906,4.0,4,,,,,,,,
,,,,,23920,14.0,14,,,,,,,,
,,,,,23931,11.0,11,,,,,,,,
,,,,,23934,3.0,3,,,,,,,,
,,,,,23937,3.0,3,,,,,,,,
,,,,,23946,9.0,9,,,,,,,,
,,,,,23956,10.0,10,,,,,,,,
,,,,,23977,21.0,21,,,,,,,,
,,,,,23983,6.0,6,,,,,,,,
,,,,,23995,12.0,12,,,,,,,,
,,,,,24000,,,0.1787368208169937,-1.7873681783676147,1.227424144744873,4.75940465927124,4.685390472412109,0.0003,0.0003,0.1
,,,,,24003,8.0,8,,,,,,,,
,,,,,24006,3.0,3,,,,,,,,
,,,,,24017,11.0,11,,,,,,,,
,,,,,24027,10.0,10,,,,,,,,
,,,,,24035,8.0,8,,,,,,,,
,,,,,24038,3.0,3,,,,,,,,
,,,,,24048,10.0,10,,,,,,,,
,,,,,24059,11.0,11,,,,,,,,
,,,,,24063,4.0,4,,,,,,,,
,,,,,24066,3.0,3,,,,,,,,
,,,,,24076,10.0,10,,,,,,,,
,,,,,24086,10.0,10,,,,,,,,
,,,,,24092,6.0,6,,,,,,,,
,,,,,24097,5.0,5,,,,,,,,
,,,,,24104,7.0,7,,,,,,,,
,,,,,24110,6.0,6,,,,,,,,
,,,,,24116,6.0,6,,,,,,,,
,,,,,24125,9.0,9,,,,,,,,
,,,,,24132,7.0,7,,,,,,,,
,,,,,24140,8.0,8,,,,,,,,
,,,,,24155,15.0,15,,,,,,,,
,,,,,24166,11.0,11,,,,,,,,
,,,,,24169,3.0,3,,,,,,,,
,,,,,24188,19.0,19,,,,,,,,
,,,,,24191,3.0,3,,,,,,,,
,,,,,24198,7.0,7,,,,,,,,
,,,,,24201,3.0,3,,,,,,,,
,,,,,24207,6.0,6,,,,,,,,
,,,,,24211,4.0,4,,,,,,,,
,,,,,24246,35.0,35,,,,,,,,
,,,,,24256,10.0,10,,,,,,,,
,,,,,24266,10.0,10,,,,,,,,
,,,,,24270,4.0,4,,,,,,,,
,,,,,24274,4.0,4,,,,,,,,
,,,,,24277,3.0,3,,,,,,,,
,,,,,24283,6.0,6,,,,,,,,
,,,,,24288,5.0,5,,,,,,,,
,,,,,24302,14.0,14,,,,,,,,
,,,,,24308,6.0,6,,,,,,,,
,,,,,24320,12.0,12,,,,,,,,
,,,,,24324,4.0,4,,,,,,,,
,,,,,24329,5.0,5,,,,,,,,
,,,,,24338,9.0,9,,,,,,,,
,,,,,24345,7.0,7,,,,,,,,
,,,,,24359,14.0,14,,,,,,,,
,,,,,24365,6.0,6,,,,,,,,
,,,,,24371,6.0,6,,,,,,,,
,,,,,24375,4.0,4,,,,,,,,
,,,,,24390,15.0,15,,,,,,,,
,,,,,24397,7.0,7,,,,,,,,
,,,,,24418,21.0,21,,,,,,,,
,,,,,24426,8.0,8,,,,,,,,
,,,,,24434,8.0,8,,,,,,,,
,,,,,24439,5.0,5,,,,,,,,
,,,,,24444,5.0,5,,,,,,,,
,,,,,24453,9.0,9,,,,,,,,
,,,,,24458,5.0,5,,,,,,,,
,,,,,24465,7.0,7,,,,,,,,
,,,,,24473,8.0,8,,,,,,,,
,,,,,24476,3.0,3,,,,,,,,
,,,,,24488,12.0,12,,,,,,,,
,,,,,24491,3.0,3,,,,,,,,
,,,,,24494,3.0,3,,,,,,,,
,,,,,24501,7.0,7,,,,,,,,
,,,,,24508,7.0,7,,,,,,,,
,,,,,24514,6.0,6,,,,,,,,
,,,,,24517,3.0,3,,,,,,,,
,,,,,24525,8.0,8,,,,,,,,
,,,,,24528,3.0,3,,,,,,,,
,,,,,24543,15.0,15,,,,,,,,
,,,,,24550,7.0,7,,,,,,,,
,,,,,24554,4.0,4,,,,,,,,
,,,,,24557,3.0,3,,,,,,,,
,,,,,24560,3.0,3,,,,,,,,
,,,,,24563,3.0,3,,,,,,,,
,,,,,24568,5.0,5,,,,,,,,
,,,,,24581,13.0,13,,,,,,,,
,,,,,24595,14.0,14,,,,,,,,
,,,,,24610,15.0,15,,,,,,,,
,,,,,24613,3.0,3,,,,,,,,
,,,,,24616,3.0,3,,,,,,,,
,,,,,24621,5.0,5,,,,,,,,
,,,,,24635,14.0,14,,,,,,,,
,,,,,24641,6.0,6,,,,,,,,
,,,,,24644,3.0,3,,,,,,,,
,,,,,24654,10.0,10,,,,,,,,
,,,,,24658,4.0,4,,,,,,,,
,,,,,24670,12.0,12,,,,,,,,
,,,,,24689,19.0,19,,,,,,,,
,,,,,24694,5.0,5,,,,,,,,
,,,,,24699,5.0,5,,,,,,,,
,,,,,24705,6.0,6,,,,,,,,
,,,,,24709,4.0,4,,,,,,,,
,,,,,24712,3.0,3,,,,,,,,
,,,,,24715,3.0,3,,,,,,,,
,,,,,24724,9.0,9,,,,,,,,
,,,,,24738,14.0,14,,,,,,,,
,,,,,24743,5.0,5,,,,,,,,
,,,,,24746,3.0,3,,,,,,,,
,,,,,24753,7.0,7,,,,,,,,
,,,,,24757,4.0,4,,,,,,,,
,,,,,24765,8.0,8,,,,,,,,
,,,,,24770,5.0,5,,,,,,,,
,,,,,24784,14.0,14,,,,,,,,
,,,,,24787,3.0,3,,,,,,,,
,,,,,24791,4.0,4,,,,,,,,
,,,,,24797,6.0,6,,,,,,,,
,,,,,24800,3.0,3,,,,,,,,
,,,,,24808,8.0,8,,,,,,,,
,,,,,24811,3.0,3,,,,,,,,
,,,,,24824,13.0,13,,,,,,,,
,,,,,24831,7.0,7,,,,,,,,
,,,,,24840,9.0,9,,,,,,,,
,,,,,24849,9.0,9,,,,,,,,
,,,,,24855,6.0,6,,,,,,,,
,,,,,24868,13.0,13,,,,,,,,
,,,,,24877,9.0,9,,,,,,,,
,,,,,24886,9.0,9,,,,,,,,
,,,,,24891,5.0,5,,,,,,,,
,,,,,24900,9.0,9,,,,,,,,
,,,,,24914,14.0,14,,,,,,,,
,,,,,24917,3.0,3,,,,,,,,
,,,,,24926,9.0,9,,,,,,,,
,,,,,24937,11.0,11,,,,,,,,
,,,,,24945,8.0,8,,,,,,,,
,,,,,24953,8.0,8,,,,,,,,
,,,,,24960,7.0,7,,,,,,,,
,,,,,24967,7.0,7,,,,,,,,
,,,,,24970,3.0,3,,,,,,,,
,,,,,24973,3.0,3,,,,,,,,
,,,,,24976,3.0,3,,,,,,,,
,,,,,24985,9.0,9,,,,,,,,
,,,,,24988,3.0,3,,,,,,,,
,,,,,24992,4.0,4,,,,,,,,
,,,,,24995,3.0,3,,,,,,,,
6.4,2.57682,9.0,3.0,6.4,25000,,,0.17356060445308685,-1.7356059551239014,1.2673165798187256,4.637182235717773,4.566178321838379,0.0003,0.0003,0.1
,,,,,25006,11.0,11,,,,,,,,
,,,,,25017,11.0,11,,,,,,,,
,,,,,25022,5.0,5,,,,,,,,
,,,,,25026,4.0,4,,,,,,,,
,,,,,25030,4.0,4,,,,,,,,
,,,,,25037,7.0,7,,,,,,,,
,,,,,25041,4.0,4,,,,,,,,
,,,,,25048,7.0,7,,,,,,,,
,,,,,25053,5.0,5,,,,,,,,
,,,,,25056,3.0,3,,,,,,,,
,,,,,25060,4.0,4,,,,,,,,
,,,,,25075,15.0,15,,,,,,,,
,,,,,25082,7.0,7,,,,,,,,
,,,,,25085,3.0,3,,,,,,,,
,,,,,25088,3.0,3,,,,,,,,
,,,,,25102,14.0,14,,,,,,,,
,,,,,25108,6.0,6,,,,,,,,
,,,,,25114,6.0,6,,,,,,,,
,,,,,25119,5.0,5,,,,,,,,
,,,,,25122,3.0,3,,,,,,,,
,,,,,25125,3.0,3,,,,,,,,
,,,,,25134,9.0,9,,,,,,,,
,,,,,25144,10.0,10,,,,,,,,
,,,,,25158,14.0,14,,,,,,,,
,,,,,25164,6.0,6,,,,,,,,
,,,,,25168,4.0,4,,,,,,,,
,,,,,25175,7.0,7,,,,,,,,
,,,,,25185,10.0,10,,,,,,,,
,,,,,25193,8.0,8,,,,,,,,
,,,,,25198,5.0,5,,,,,,,,
,,,,,25201,3.0,3,,,,,,,,
,,,,,25214,13.0,13,,,,,,,,
,,,,,25220,6.0,6,,,,,,,,
,,,,,25225,5.0,5,,,,,,,,
,,,,,25228,3.0,3,,,,,,,,
,,,,,25235,7.0,7,,,,,,,,
,,,,,25245,10.0,10,,,,,,,,
,,,,,25251,6.0,6,,,,,,,,
,,,,,25261,10.0,10,,,,,,,,
,,,,,25264,3.0,3,,,,,,,,
,,,,,25282,18.0,18,,,,,,,,
,,,,,25285,3.0,3,,,,,,,,
,,,,,25288,3.0,3,,,,,,,,
,,,,,25292,4.0,4,,,,,,,,
,,,,,25295,3.0,3,,,,,,,,
,,,,,25306,11.0,11,,,,,,,,
,,,,,25315,9.0,9,,,,,,,,
,,,,,25318,3.0,3,,,,,,,,
,,,,,25341,23.0,23,,,,,,,,
,,,,,25346,5.0,5,,,,,,,,
,,,,,25358,12.0,12,,,,,,,,
,,,,,25363,5.0,5,,,,,,,,
,,,,,25370,7.0,7,,,,,,,,
,,,,,25376,6.0,6,,,,,,,,
,,,,,25379,3.0,3,,,,,,,,
,,,,,25393,14.0,14,,,,,,,,
,,,,,25396,3.0,3,,,,,,,,
,,,,,25405,9.0,9,,,,,,,,
,,,,,25413,8.0,8,,,,,,,,
,,,,,25418,5.0,5,,,,,,,,
,,,,,25429,11.0,11,,,,,,,,
,,,,,25437,8.0,8,,,,,,,,
,,,,,25445,8.0,8,,,,,,,,
,,,,,25448,3.0,3,,,,,,,,
,,,,,25461,13.0,13,,,,,,,,
,,,,,25466,5.0,5,,,,,,,,
,,,,,25470,4.0,4,,,,,,,,
,,,,,25477,7.0,7,,,,,,,,
,,,,,25493,16.0,16,,,,,,,,
,,,,,25496,3.0,3,,,,,,,,
,,,,,25499,3.0,3,,,,,,,,
,,,,,25502,3.0,3,,,,,,,,
,,,,,25509,7.0,7,,,,,,,,
,,,,,25512,3.0,3,,,,,,,,
,,,,,25517,5.0,5,,,,,,,,
,,,,,25527,10.0,10,,,,,,,,
,,,,,25530,3.0,3,,,,,,,,
,,,,,25538,8.0,8,,,,,,,,
,,,,,25543,5.0,5,,,,,,,,
,,,,,25548,5.0,5,,,,,,,,
,,,,,25559,11.0,11,,,,,,,,
,,,,,25565,6.0,6,,,,,,,,
,,,,,25569,4.0,4,,,,,,,,
,,,,,25572,3.0,3,,,,,,,,
,,,,,25583,11.0,11,,,,,,,,
,,,,,25586,3.0,3,,,,,,,,
,,,,,25591,5.0,5,,,,,,,,
,,,,,25598,7.0,7,,,,,,,,
,,,,,25602,4.0,4,,,,,,,,
,,,,,25607,5.0,5,,,,,,,,
,,,,,25610,3.0,3,,,,,,,,
,,,,,25629,19.0,19,,,,,,,,
,,,,,25633,4.0,4,,,,,,,,
,,,,,25637,4.0,4,,,,,,,,
,,,,,25647,10.0,10,,,,,,,,
,,,,,25656,9.0,9,,,,,,,,
,,,,,25661,5.0,5,,,,,,,,
,,,,,25665,4.0,4,,,,,,,,
,,,,,25673,8.0,8,,,,,,,,
,,,,,25679,6.0,6,,,,,,,,
,,,,,25682,3.0,3,,,,,,,,
,,,,,25692,10.0,10,,,,,,,,
,,,,,25698,6.0,6,,,,,,,,
,,,,,25708,10.0,10,,,,,,,,
,,,,,25717,9.0,9,,,,,,,,
,,,,,25721,4.0,4,,,,,,,,
,,,,,25729,8.0,8,,,,,,,,
,,,,,25732,3.0,3,,,,,,,,
,,,,,25736,4.0,4,,,,,,,,
,,,,,25765,29.0,29,,,,,,,,
,,,,,25773,8.0,8,,,,,,,,
,,,,,25784,11.0,11,,,,,,,,
,,,,,25790,6.0,6,,,,,,,,
,,,,,25800,10.0,10,,,,,,,,
,,,,,25804,4.0,4,,,,,,,,
,,,,,25807,3.0,3,,,,,,,,
,,,,,25810,3.0,3,,,,,,,,
,,,,,25820,10.0,10,,,,,,,,
,,,,,25825,5.0,5,,,,,,,,
,,,,,25828,3.0,3,,,,,,,,
,,,,,25831,3.0,3,,,,,,,,
,,,,,25837,6.0,6,,,,,,,,
,,,,,25840,3.0,3,,,,,,,,
,,,,,25851,11.0,11,,,,,,,,
,,,,,25855,4.0,4,,,,,,,,
,,,,,25871,16.0,16,,,,,,,,
,,,,,25879,8.0,8,,,,,,,,
,,,,,25889,10.0,10,,,,,,,,
,,,,,25898,9.0,9,,,,,,,,
,,,,,25902,4.0,4,,,,,,,,
,,,,,25913,11.0,11,,,,,,,,
,,,,,25916,3.0,3,,,,,,,,
,,,,,25927,11.0,11,,,,,,,,
,,,,,25933,6.0,6,,,,,,,,
,,,,,25937,4.0,4,,,,,,,,
,,,,,25940,3.0,3,,,,,,,,
,,,,,25945,5.0,5,,,,,,,,
,,,,,25948,3.0,3,,,,,,,,
,,,,,25952,4.0,4,,,,,,,,
,,,,,25962,10.0,10,,,,,,,,
,,,,,25970,8.0,8,,,,,,,,
,,,,,25975,5.0,5,,,,,,,,
,,,,,25984,9.0,9,,,,,,,,
,,,,,25989,5.0,5,,,,,,,,
,,,,,25993,4.0,4,,,,,,,,
,,,,,26000,,,0.11268167942762375,-1.126816749572754,1.3806495666503906,4.739108085632324,4.733405113220215,0.0003,0.0003,0.1
,,,,,26003,10.0,10,,,,,,,,
,,,,,26006,3.0,3,,,,,,,,
,,,,,26010,4.0,4,,,,,,,,
,,,,,26018,8.0,8,,,,,,,,
,,,,,26029,11.0,11,,,,,,,,
,,,,,26035,6.0,6,,,,,,,,
,,,,,26046,11.0,11,,,,,,,,
,,,,,26059,13.0,13,,,,,,,,
,,,,,26066,7.0,7,,,,,,,,
,,,,,26073,7.0,7,,,,,,,,
,,,,,26080,7.0,7,,,,,,,,
,,,,,26083,3.0,3,,,,,,,,
,,,,,26086,3.0,3,,,,,,,,
,,,,,26096,10.0,10,,,,,,,,
,,,,,26102,6.0,6,,,,,,,,
,,,,,26109,7.0,7,,,,,,,,
,,,,,26119,10.0,10,,,,,,,,
,,,,,26128,9.0,9,,,,,,,,
,,,,,26132,4.0,4,,,,,,,,
,,,,,26137,5.0,5,,,,,,,,
,,,,,26143,6.0,6,,,,,,,,
,,,,,26151,8.0,8,,,,,,,,
,,,,,26160,9.0,9,,,,,,,,
,,,,,26163,3.0,3,,,,,,,,
,,,,,26172,9.0,9,,,,,,,,
,,,,,26179,7.0,7,,,,,,,,
,,,,,26183,4.0,4,,,,,,,,
,,,,,26189,6.0,6,,,,,,,,
,,,,,26198,9.0,9,,,,,,,,
,,,,,26205,7.0,7,,,,,,,,
,,,,,26210,5.0,5,,,,,,,,
,,,,,26216,6.0,6,,,,,,,,
,,,,,26222,6.0,6,,,,,,,,
,,,,,26237,15.0,15,,,,,,,,
,,,,,26242,5.0,5,,,,,,,,
,,,,,26246,4.0,4,,,,,,,,
,,,,,26249,3.0,3,,,,,,,,
,,,,,26256,7.0,7,,,,,,,,
,,,,,26264,8.0,8,,,,,,,,
,,,,,26271,7.0,7,,,,,,,,
,,,,,26281,10.0,10,,,,,,,,
,,,,,26290,9.0,9,,,,,,,,
,,,,,26306,16.0,16,,,,,,,,
,,,,,26309,3.0,3,,,,,,,,
,,,,,26318,9.0,9,,,,,,,,
,,,,,26326,8.0,8,,,,,,,,
,,,,,26338,12.0,12,,,,,,,,
,,,,,26351,13.0,13,,,,,,,,
,,,,,26365,14.0,14,,,,,,,,
,,,,,26370,5.0,5,,,,,,,,
,,,,,26376,6.0,6,,,,,,,,
,,,,,26387,11.0,11,,,,,,,,
,,,,,26390,3.0,3,,,,,,,,
,,,,,26393,3.0,3,,,,,,,,
,,,,,26400,7.0,7,,,,,,,,
,,,,,26406,6.0,6,,,,,,,,
,,,,,26413,7.0,7,,,,,,,,
,,,,,26425,12.0,12,,,,,,,,
,,,,,26428,3.0,3,,,,,,,,
,,,,,26435,7.0,7,,,,,,,,
,,,,,26440,5.0,5,,,,,,,,
,,,,,26443,3.0,3,,,,,,,,
,,,,,26452,9.0,9,,,,,,,,
,,,,,26459,7.0,7,,,,,,,,
,,,,,26466,7.0,7,,,,,,,,
,,,,,26478,12.0,12,,,,,,,,
,,,,,26485,7.0,7,,,,,,,,
,,,,,26494,9.0,9,,,,,,,,
,,,,,26499,5.0,5,,,,,,,,
,,,,,26516,17.0,17,,,,,,,,
,,,,,26519,3.0,3,,,,,,,,
,,,,,26527,8.0,8,,,,,,,,
,,,,,26530,3.0,3,,,,,,,,
,,,,,26542,12.0,12,,,,,,,,
,,,,,26551,9.0,9,,,,,,,,
,,,,,26557,6.0,6,,,,,,,,
,,,,,26561,4.0,4,,,,,,,,
,,,,,26568,7.0,7,,,,,,,,
,,,,,26571,3.0,3,,,,,,,,
,,,,,26574,3.0,3,,,,,,,,
,,,,,26582,8.0,8,,,,,,,,
,,,,,26585,3.0,3,,,,,,,,
,,,,,26590,5.0,5,,,,,,,,
,,,,,26596,6.0,6,,,,,,,,
,,,,,26599,3.0,3,,,,,,,,
,,,,,26605,6.0,6,,,,,,,,
,,,,,26617,12.0,12,,,,,,,,
,,,,,26625,8.0,8,,,,,,,,
,,,,,26630,5.0,5,,,,,,,,
,,,,,26637,7.0,7,,,,,,,,
,,,,,26640,3.0,3,,,,,,,,
,,,,,26644,4.0,4,,,,,,,,
,,,,,26649,5.0,5,,,,,,,,
,,,,,26663,14.0,14,,,,,,,,
,,,,,26674,11.0,11,,,,,,,,
,,,,,26677,3.0,3,,,,,,,,
,,,,,26690,13.0,13,,,,,,,,
,,,,,26703,13.0,13,,,,,,,,
,,,,,26711,8.0,8,,,,,,,,
,,,,,26721,10.0,10,,,,,,,,
,,,,,26731,10.0,10,,,,,,,,
,,,,,26739,8.0,8,,,,,,,,
,,,,,26771,32.0,32,,,,,,,,
,,,,,26777,6.0,6,,,,,,,,
,,,,,26784,7.0,7,,,,,,,,
,,,,,26791,7.0,7,,,,,,,,
,,,,,26802,11.0,11,,,,,,,,
,,,,,26806,4.0,4,,,,,,,,
,,,,,26813,7.0,7,,,,,,,,
,,,,,26818,5.0,5,,,,,,,,
,,,,,26823,5.0,5,,,,,,,,
,,,,,26827,4.0,4,,,,,,,,
,,,,,26830,3.0,3,,,,,,,,
,,,,,26842,12.0,12,,,,,,,,
,,,,,26845,3.0,3,,,,,,,,
,,,,,26867,22.0,22,,,,,,,,
,,,,,26889,22.0,22,,,,,,,,
,,,,,26892,3.0,3,,,,,,,,
,,,,,26901,9.0,9,,,,,,,,
,,,,,26920,19.0,19,,,,,,,,
,,,,,26932,12.0,12,,,,,,,,
,,,,,26938,6.0,6,,,,,,,,
,,,,,26941,3.0,3,,,,,,,,
,,,,,26944,3.0,3,,,,,,,,
,,,,,26958,14.0,14,,,,,,,,
,,,,,26964,6.0,6,,,,,,,,
,,,,,26977,13.0,13,,,,,,,,
,,,,,26987,10.0,10,,,,,,,,
,,,,,26993,6.0,6,,,,,,,,
,,,,,27000,,,0.21719177067279816,-2.171917676925659,1.3609857559204102,4.655921459197998,4.527702331542969,0.0003,0.0003,0.1
,,,,,27014,21.0,21,,,,,,,,
,,,,,27018,4.0,4,,,,,,,,
,,,,,27026,8.0,8,,,,,,,,
,,,,,27035,9.0,9,,,,,,,,
,,,,,27040,5.0,5,,,,,,,,
,,,,,27048,8.0,8,,,,,,,,
,,,,,27065,17.0,17,,,,,,,,
,,,,,27077,12.0,12,,,,,,,,
,,,,,27082,5.0,5,,,,,,,,
,,,,,27091,9.0,9,,,,,,,,
,,,,,27100,9.0,9,,,,,,,,
,,,,,27106,6.0,6,,,,,,,,
,,,,,27116,10.0,10,,,,,,,,
,,,,,27121,5.0,5,,,,,,,,
,,,,,27126,5.0,5,,,,,,,,
,,,,,27132,6.0,6,,,,,,,,
,,,,,27140,8.0,8,,,,,,,,
,,,,,27143,3.0,3,,,,,,,,
,,,,,27149,6.0,6,,,,,,,,
,,,,,27154,5.0,5,,,,,,,,
,,,,,27160,6.0,6,,,,,,,,
,,,,,27172,12.0,12,,,,,,,,
,,,,,27175,3.0,3,,,,,,,,
,,,,,27180,5.0,5,,,,,,,,
,,,,,27183,3.0,3,,,,,,,,
,,,,,27189,6.0,6,,,,,,,,
,,,,,27204,15.0,15,,,,,,,,
,,,,,27208,4.0,4,,,,,,,,
,,,,,27212,4.0,4,,,,,,,,
,,,,,27221,9.0,9,,,,,,,,
,,,,,27225,4.0,4,,,,,,,,
,,,,,27228,3.0,3,,,,,,,,
,,,,,27236,8.0,8,,,,,,,,
,,,,,27254,18.0,18,,,,,,,,
,,,,,27266,12.0,12,,,,,,,,
,,,,,27275,9.0,9,,,,,,,,
,,,,,27300,25.0,25,,,,,,,,
,,,,,27303,3.0,3,,,,,,,,
,,,,,27311,8.0,8,,,,,,,,
,,,,,27322,11.0,11,,,,,,,,
,,,,,27332,10.0,10,,,,,,,,
,,,,,27336,4.0,4,,,,,,,,
,,,,,27342,6.0,6,,,,,,,,
,,,,,27346,4.0,4,,,,,,,,
,,,,,27351,5.0,5,,,,,,,,
,,,,,27359,8.0,8,,,,,,,,
,,,,,27362,3.0,3,,,,,,,,
,,,,,27367,5.0,5,,,,,,,,
,,,,,27375,8.0,8,,,,,,,,
,,,,,27385,10.0,10,,,,,,,,
,,,,,27392,7.0,7,,,,,,,,
,,,,,27396,4.0,4,,,,,,,,
,,,,,27402,6.0,6,,,,,,,,
,,,,,27406,4.0,4,,,,,,,,
,,,,,27409,3.0,3,,,,,,,,
,,,,,27418,9.0,9,,,,,,,,
,,,,,27429,11.0,11,,,,,,,,
,,,,,27443,14.0,14,,,,,,,,
,,,,,27448,5.0,5,,,,,,,,
,,,,,27451,3.0,3,,,,,,,,
,,,,,27454,3.0,3,,,,,,,,
,,,,,27471,17.0,17,,,,,,,,
,,,,,27475,4.0,4,,,,,,,,
,,,,,27486,11.0,11,,,,,,,,
,,,,,27495,9.0,9,,,,,,,,
,,,,,27503,8.0,8,,,,,,,,
,,,,,27506,3.0,3,,,,,,,,
,,,,,27513,7.0,7,,,,,,,,
,,,,,27528,15.0,15,,,,,,,,
,,,,,27536,8.0,8,,,,,,,,
,,,,,27539,3.0,3,,,,,,,,
,,,,,27547,8.0,8,,,,,,,,
,,,,,27552,5.0,5,,,,,,,,
,,,,,27561,9.0,9,,,,,,,,
,,,,,27564,3.0,3,,,,,,,,
,,,,,27567,3.0,3,,,,,,,,
,,,,,27581,14.0,14,,,,,,,,
,,,,,27584,3.0,3,,,,,,,,
,,,,,27589,5.0,5,,,,,,,,
,,,,,27592,3.0,3,,,,,,,,
,,,,,27606,14.0,14,,,,,,,,
,,,,,27616,10.0,10,,,,,,,,
,,,,,27638,22.0,22,,,,,,,,
,,,,,27647,9.0,9,,,,,,,,
,,,,,27658,11.0,11,,,,,,,,
,,,,,27661,3.0,3,,,,,,,,
,,,,,27666,5.0,5,,,,,,,,
,,,,,27670,4.0,4,,,,,,,,
,,,,,27677,7.0,7,,,,,,,,
,,,,,27688,11.0,11,,,,,,,,
,,,,,27691,3.0,3,,,,,,,,
,,,,,27696,5.0,5,,,,,,,,
,,,,,27704,8.0,8,,,,,,,,
,,,,,27709,5.0,5,,,,,,,,
,,,,,27715,6.0,6,,,,,,,,
,,,,,27725,10.0,10,,,,,,,,
,,,,,27733,8.0,8,,,,,,,,
,,,,,27740,7.0,7,,,,,,,,
,,,,,27763,23.0,23,,,,,,,,
,,,,,27776,13.0,13,,,,,,,,
,,,,,27779,3.0,3,,,,,,,,
,,,,,27785,6.0,6,,,,,,,,
,,,,,27788,3.0,3,,,,,,,,
,,,,,27795,7.0,7,,,,,,,,
,,,,,27802,7.0,7,,,,,,,,
,,,,,27806,4.0,4,,,,,,,,
,,,,,27809,3.0,3,,,,,,,,
,,,,,27832,23.0,23,,,,,,,,
,,,,,27846,14.0,14,,,,,,,,
,,,,,27852,6.0,6,,,,,,,,
,,,,,27866,14.0,14,,,,,,,,
,,,,,27881,15.0,15,,,,,,,,
,,,,,27888,7.0,7,,,,,,,,
,,,,,27914,26.0,26,,,,,,,,
,,,,,27920,6.0,6,,,,,,,,
,,,,,27925,5.0,5,,,,,,,,
,,,,,27935,10.0,10,,,,,,,,
,,,,,27939,4.0,4,,,,,,,,
,,,,,27949,10.0,10,,,,,,,,
,,,,,27966,17.0,17,,,,,,,,
,,,,,27974,8.0,8,,,,,,,,
,,,,,27984,10.0,10,,,,,,,,
,,,,,27991,7.0,7,,,,,,,,
,,,,,28000,9.0,9,,,,,,,,
,,,,,28000,,,0.26899439096450806,-2.689943790435791,0.9833618998527527,4.73822021484375,4.804991722106934,0.0003,0.0003,0.1
,,,,,28011,11.0,11,,,,,,,,
,,,,,28018,7.0,7,,,,,,,,
,,,,,28023,5.0,5,,,,,,,,
,,,,,28029,6.0,6,,,,,,,,
,,,,,28033,4.0,4,,,,,,,,
,,,,,28040,7.0,7,,,,,,,,
,,,,,28048,8.0,8,,,,,,,,
,,,,,28051,3.0,3,,,,,,,,
,,,,,28057,6.0,6,,,,,,,,
,,,,,28064,7.0,7,,,,,,,,
,,,,,28087,23.0,23,,,,,,,,
,,,,,28093,6.0,6,,,,,,,,
,,,,,28121,28.0,28,,,,,,,,
,,,,,28126,5.0,5,,,,,,,,
,,,,,28137,11.0,11,,,,,,,,
,,,,,28140,3.0,3,,,,,,,,
,,,,,28148,8.0,8,,,,,,,,
,,,,,28159,11.0,11,,,,,,,,
,,,,,28170,11.0,11,,,,,,,,
,,,,,28183,13.0,13,,,,,,,,
,,,,,28188,5.0,5,,,,,,,,
,,,,,28192,4.0,4,,,,,,,,
,,,,,28201,9.0,9,,,,,,,,
,,,,,28230,29.0,29,,,,,,,,
,,,,,28239,9.0,9,,,,,,,,
,,,,,28251,12.0,12,,,,,,,,
,,,,,28267,16.0,16,,,,,,,,
,,,,,28276,9.0,9,,,,,,,,
,,,,,28289,13.0,13,,,,,,,,
,,,,,28309,20.0,20,,,,,,,,
,,,,,28321,12.0,12,,,,,,,,
,,,,,28339,18.0,18,,,,,,,,
,,,,,28359,20.0,20,,,,,,,,
,,,,,28369,10.0,10,,,,,,,,
,,,,,28384,15.0,15,,,,,,,,
,,,,,28390,6.0,6,,,,,,,,
,,,,,28398,8.0,8,,,,,,,,
,,,,,28404,6.0,6,,,,,,,,
,,,,,28409,5.0,5,,,,,,,,
,,,,,28422,13.0,13,,,,,,,,
,,,,,28428,6.0,6,,,,,,,,
,,,,,28434,6.0,6,,,,,,,,
,,,,,28446,12.0,12,,,,,,,,
,,,,,28452,6.0,6,,,,,,,,
,,,,,28460,8.0,8,,,,,,,,
,,,,,28475,15.0,15,,,,,,,,
,,,,,28487,12.0,12,,,,,,,,
,,,,,28499,12.0,12,,,,,,,,
,,,,,28503,4.0,4,,,,,,,,
,,,,,28508,5.0,5,,,,,,,,
,,,,,28511,3.0,3,,,,,,,,
,,,,,28516,5.0,5,,,,,,,,
,,,,,28525,9.0,9,,,,,,,,
,,,,,28528,3.0,3,,,,,,,,
,,,,,28531,3.0,3,,,,,,,,
,,,,,28543,12.0,12,,,,,,,,
,,,,,28549,6.0,6,,,,,,,,
,,,,,28556,7.0,7,,,,,,,,
,,,,,28560,4.0,4,,,,,,,,
,,,,,28567,7.0,7,,,,,,,,
,,,,,28570,3.0,3,,,,,,,,
,,,,,28579,9.0,9,,,,,,,,
,,,,,28601,22.0,22,,,,,,,,
,,,,,28611,10.0,10,,,,,,,,
,,,,,28625,14.0,14,,,,,,,,
,,,,,28638,13.0,13,,,,,,,,
,,,,,28645,7.0,7,,,,,,,,
,,,,,28655,10.0,10,,,,,,,,
,,,,,28659,4.0,4,,,,,,,,
,,,,,28680,21.0,21,,,,,,,,
,,,,,28685,5.0,5,,,,,,,,
,,,,,28705,20.0,20,,,,,,,,
,,,,,28712,7.0,7,,,,,,,,
,,,,,28726,14.0,14,,,,,,,,
,,,,,28733,7.0,7,,,,,,,,
,,,,,28736,3.0,3,,,,,,,,
,,,,,28754,18.0,18,,,,,,,,
,,,,,28764,10.0,10,,,,,,,,
,,,,,28767,3.0,3,,,,,,,,
,,,,,28784,17.0,17,,,,,,,,
,,,,,28794,10.0,10,,,,,,,,
,,,,,28808,14.0,14,,,,,,,,
,,,,,28815,7.0,7,,,,,,,,
,,,,,28823,8.0,8,,,,,,,,
,,,,,28840,17.0,17,,,,,,,,
,,,,,28849,9.0,9,,,,,,,,
,,,,,28857,8.0,8,,,,,,,,
,,,,,28870,13.0,13,,,,,,,,
,,,,,28886,16.0,16,,,,,,,,
,,,,,28897,11.0,11,,,,,,,,
,,,,,28908,11.0,11,,,,,,,,
,,,,,28912,4.0,4,,,,,,,,
,,,,,28923,11.0,11,,,,,,,,
,,,,,28941,18.0,18,,,,,,,,
,,,,,28948,7.0,7,,,,,,,,
,,,,,28953,5.0,5,,,,,,,,
,,,,,28958,5.0,5,,,,,,,,
,,,,,28975,17.0,17,,,,,,,,
,,,,,28991,16.0,16,,,,,,,,
,,,,,28996,5.0,5,,,,,,,,
,,,,,29000,4.0,4,,,,,,,,
,,,,,29000,,,0.23281705379486084,-2.3281705379486084,1.853135108947754,5.067967891693115,5.113039970397949,0.0003,0.0003,0.1
,,,,,29010,10.0,10,,,,,,,,
,,,,,29020,10.0,10,,,,,,,,
,,,,,29035,15.0,15,,,,,,,,
,,,,,29065,30.0,30,,,,,,,,
,,,,,29079,14.0,14,,,,,,,,
,,,,,29086,7.0,7,,,,,,,,
,,,,,29092,6.0,6,,,,,,,,
,,,,,29105,13.0,13,,,,,,,,
,,,,,29120,15.0,15,,,,,,,,
,,,,,29123,3.0,3,,,,,,,,
,,,,,29129,6.0,6,,,,,,,,
,,,,,29135,6.0,6,,,,,,,,
,,,,,29144,9.0,9,,,,,,,,
,,,,,29149,5.0,5,,,,,,,,
,,,,,29166,17.0,17,,,,,,,,
,,,,,29171,5.0,5,,,,,,,,
,,,,,29178,7.0,7,,,,,,,,
,,,,,29198,20.0,20,,,,,,,,
,,,,,29201,3.0,3,,,,,,,,
,,,,,29207,6.0,6,,,,,,,,
,,,,,29220,13.0,13,,,,,,,,
,,,,,29229,9.0,9,,,,,,,,
,,,,,29236,7.0,7,,,,,,,,
,,,,,29239,3.0,3,,,,,,,,
,,,,,29256,17.0,17,,,,,,,,
,,,,,29267,11.0,11,,,,,,,,
,,,,,29276,9.0,9,,,,,,,,
,,,,,29288,12.0,12,,,,,,,,
,,,,,29293,5.0,5,,,,,,,,
,,,,,29298,5.0,5,,,,,,,,
,,,,,29309,11.0,11,,,,,,,,
,,,,,29326,17.0,17,,,,,,,,
,,,,,29330,4.0,4,,,,,,,,
,,,,,29335,5.0,5,,,,,,,,
,,,,,29338,3.0,3,,,,,,,,
,,,,,29343,5.0,5,,,,,,,,
,,,,,29346,3.0,3,,,,,,,,
,,,,,29352,6.0,6,,,,,,,,
,,,,,29355,3.0,3,,,,,,,,
,,,,,29370,15.0,15,,,,,,,,
,,,,,29379,9.0,9,,,,,,,,
,,,,,29387,8.0,8,,,,,,,,
,,,,,29391,4.0,4,,,,,,,,
,,,,,29407,16.0,16,,,,,,,,
,,,,,29423,16.0,16,,,,,,,,
,,,,,29454,31.0,31,,,,,,,,
,,,,,29466,12.0,12,,,,,,,,
,,,,,29472,6.0,6,,,,,,,,
,,,,,29482,10.0,10,,,,,,,,
,,,,,29487,5.0,5,,,,,,,,
,,,,,29495,8.0,8,,,,,,,,
,,,,,29500,5.0,5,,,,,,,,
,,,,,29515,15.0,15,,,,,,,,
,,,,,29528,13.0,13,,,,,,,,
,,,,,29532,4.0,4,,,,,,,,
,,,,,29537,5.0,5,,,,,,,,
,,,,,29542,5.0,5,,,,,,,,
,,,,,29547,5.0,5,,,,,,,,
,,,,,29554,7.0,7,,,,,,,,
,,,,,29568,14.0,14,,,,,,,,
,,,,,29575,7.0,7,,,,,,,,
,,,,,29621,46.0,46,,,,,,,,
,,,,,29628,7.0,7,,,,,,,,
,,,,,29637,9.0,9,,,,,,,,
,,,,,29641,4.0,4,,,,,,,,
,,,,,29649,8.0,8,,,,,,,,
,,,,,29661,12.0,12,,,,,,,,
,,,,,29675,14.0,14,,,,,,,,
,,,,,29686,11.0,11,,,,,,,,
,,,,,29690,4.0,4,,,,,,,,
,,,,,29708,18.0,18,,,,,,,,
,,,,,29717,9.0,9,,,,,,,,
,,,,,29722,5.0,5,,,,,,,,
,,,,,29746,24.0,24,,,,,,,,
,,,,,29753,7.0,7,,,,,,,,
,,,,,29760,7.0,7,,,,,,,,
,,,,,29799,39.0,39,,,,,,,,
,,,,,29807,8.0,8,,,,,,,,
,,,,,29815,8.0,8,,,,,,,,
,,,,,29825,10.0,10,,,,,,,,
,,,,,29837,12.0,12,,,,,,,,
,,,,,29850,13.0,13,,,,,,,,
,,,,,29862,12.0,12,,,,,,,,
,,,,,29867,5.0,5,,,,,,,,
,,,,,29877,10.0,10,,,,,,,,
,,,,,29884,7.0,7,,,,,,,,
,,,,,29924,40.0,40,,,,,,,,
,,,,,29937,13.0,13,,,,,,,,
,,,,,29944,7.0,7,,,,,,,,
,,,,,29951,7.0,7,,,,,,,,
,,,,,29954,3.0,3,,,,,,,,
,,,,,29958,4.0,4,,,,,,,,
,,,,,29963,5.0,5,,,,,,,,
,,,,,29966,3.0,3,,,,,,,,
,,,,,29973,7.0,7,,,,,,,,
,,,,,29977,4.0,4,,,,,,,,
,,,,,29984,7.0,7,,,,,,,,
,,,,,29992,8.0,8,,,,,,,,
,,,,,29997,5.0,5,,,,,,,,
11.3,5.710517,23.0,4.0,11.3,30000,,,0.24902701377868652,-2.4902701377868652,1.5892210006713867,5.3314208984375,5.392132759094238,0.0003,0.0003,0.1
,,,,,30007,10.0,10,,,,,,,,
,,,,,30017,10.0,10,,,,,,,,
,,,,,30030,13.0,13,,,,,,,,
,,,,,30035,5.0,5,,,,,,,,
,,,,,30053,18.0,18,,,,,,,,
,,,,,30066,13.0,13,,,,,,,,
,,,,,30083,17.0,17,,,,,,,,
,,,,,30086,3.0,3,,,,,,,,
,,,,,30094,8.0,8,,,,,,,,
,,,,,30104,10.0,10,,,,,,,,
,,,,,30109,5.0,5,,,,,,,,
,,,,,30119,10.0,10,,,,,,,,
,,,,,30124,5.0,5,,,,,,,,
,,,,,30148,24.0,24,,,,,,,,
,,,,,30159,11.0,11,,,,,,,,
,,,,,30168,9.0,9,,,,,,,,
,,,,,30182,14.0,14,,,,,,,,
,,,,,30185,3.0,3,,,,,,,,
,,,,,30191,6.0,6,,,,,,,,
,,,,,30211,20.0,20,,,,,,,,
,,,,,30225,14.0,14,,,,,,,,
,,,,,30228,3.0,3,,,,,,,,
,,,,,30237,9.0,9,,,,,,,,
,,,,,30247,10.0,10,,,,,,,,
,,,,,30253,6.0,6,,,,,,,,
,,,,,30258,5.0,5,,,,,,,,
,,,,,30274,16.0,16,,,,,,,,
,,,,,30282,8.0,8,,,,,,,,
,,,,,30293,11.0,11,,,,,,,,
,,,,,30299,6.0,6,,,,,,,,
,,,,,30335,36.0,36,,,,,,,,
,,,,,30347,12.0,12,,,,,,,,
,,,,,30352,5.0,5,,,,,,,,
,,,,,30368,16.0,16,,,,,,,,
,,,,,30373,5.0,5,,,,,,,,
,,,,,30411,38.0,38,,,,,,,,
,,,,,30427,16.0,16,,,,,,,,
,,,,,30437,10.0,10,,,,,,,,
,,,,,30441,4.0,4,,,,,,,,
,,,,,30448,7.0,7,,,,,,,,
,,,,,30460,12.0,12,,,,,,,,
,,,,,30469,9.0,9,,,,,,,,
,,,,,30493,24.0,24,,,,,,,,
,,,,,30517,24.0,24,,,,,,,,
,,,,,30529,12.0,12,,,,,,,,
,,,,,30549,20.0,20,,,,,,,,
,,,,,30560,11.0,11,,,,,,,,
,,,,,30573,13.0,13,,,,,,,,
,,,,,30580,7.0,7,,,,,,,,
,,,,,30583,3.0,3,,,,,,,,
,,,,,30593,10.0,10,,,,,,,,
,,,,,30606,13.0,13,,,,,,,,
,,,,,30609,3.0,3,,,,,,,,
,,,,,30628,19.0,19,,,,,,,,
,,,,,30641,13.0,13,,,,,,,,
,,,,,30644,3.0,3,,,,,,,,
,,,,,30656,12.0,12,,,,,,,,
,,,,,30662,6.0,6,,,,,,,,
,,,,,30674,12.0,12,,,,,,,,
,,,,,30682,8.0,8,,,,,,,,
,,,,,30692,10.0,10,,,,,,,,
,,,,,30699,7.0,7,,,,,,,,
,,,,,30705,6.0,6,,,,,,,,
,,,,,30710,5.0,5,,,,,,,,
,,,,,30716,6.0,6,,,,,,,,
,,,,,30728,12.0,12,,,,,,,,
,,,,,30731,3.0,3,,,,,,,,
,,,,,30739,8.0,8,,,,,,,,
,,,,,30755,16.0,16,,,,,,,,
,,,,,30761,6.0,6,,,,,,,,
,,,,,30764,3.0,3,,,,,,,,
,,,,,30776,12.0,12,,,,,,,,
,,,,,30781,5.0,5,,,,,,,,
,,,,,30807,26.0,26,,,,,,,,
,,,,,30814,7.0,7,,,,,,,,
,,,,,30822,8.0,8,,,,,,,,
,,,,,30837,15.0,15,,,,,,,,
,,,,,30842,5.0,5,,,,,,,,
,,,,,30855,13.0,13,,,,,,,,
,,,,,30859,4.0,4,,,,,,,,
,,,,,30863,4.0,4,,,,,,,,
,,,,,30869,6.0,6,,,,,,,,
,,,,,30872,3.0,3,,,,,,,,
,,,,,30899,27.0,27,,,,,,,,
,,,,,30909,10.0,10,,,,,,,,
,,,,,30926,17.0,17,,,,,,,,
,,,,,30930,4.0,4,,,,,,,,
,,,,,30942,12.0,12,,,,,,,,
,,,,,30945,3.0,3,,,,,,,,
,,,,,30951,6.0,6,,,,,,,,
,,,,,30956,5.0,5,,,,,,,,
,,,,,30959,3.0,3,,,,,,,,
,,,,,30973,14.0,14,,,,,,,,
,,,,,30982,9.0,9,,,,,,,,
,,,,,30994,12.0,12,,,,,,,,
,,,,,31000,,,0.3330633342266083,-3.3306331634521484,1.4248466491699219,4.743925094604492,4.897892951965332,0.0003,0.0003,0.1
,,,,,31009,15.0,15,,,,,,,,
,,,,,31035,26.0,26,,,,,,,,
,,,,,31046,11.0,11,,,,,,,,
,,,,,31054,8.0,8,,,,,,,,
,,,,,31063,9.0,9,,,,,,,,
,,,,,31073,10.0,10,,,,,,,,
,,,,,31078,5.0,5,,,,,,,,
,,,,,31084,6.0,6,,,,,,,,
,,,,,31110,26.0,26,,,,,,,,
,,,,,31118,8.0,8,,,,,,,,
,,,,,31129,11.0,11,,,,,,,,
,,,,,31132,3.0,3,,,,,,,,
,,,,,31143,11.0,11,,,,,,,,
,,,,,31161,18.0,18,,,,,,,,
,,,,,31167,6.0,6,,,,,,,,
,,,,,31176,9.0,9,,,,,,,,
,,,,,31194,18.0,18,,,,,,,,
,,,,,31207,13.0,13,,,,,,,,
,,,,,31215,8.0,8,,,,,,,,
,,,,,31222,7.0,7,,,,,,,,
,,,,,31227,5.0,5,,,,,,,,
,,,,,31236,9.0,9,,,,,,,,
,,,,,31242,6.0,6,,,,,,,,
,,,,,31245,3.0,3,,,,,,,,
,,,,,31251,6.0,6,,,,,,,,
,,,,,31279,28.0,28,,,,,,,,
,,,,,31292,13.0,13,,,,,,,,
,,,,,31297,5.0,5,,,,,,,,
,,,,,31306,9.0,9,,,,,,,,
,,,,,31326,20.0,20,,,,,,,,
,,,,,31330,4.0,4,,,,,,,,
,,,,,31347,17.0,17,,,,,,,,
,,,,,31367,20.0,20,,,,,,,,
,,,,,31392,25.0,25,,,,,,,,
,,,,,31401,9.0,9,,,,,,,,
,,,,,31417,16.0,16,,,,,,,,
,,,,,31420,3.0,3,,,,,,,,
,,,,,31430,10.0,10,,,,,,,,
,,,,,31442,12.0,12,,,,,,,,
,,,,,31446,4.0,4,,,,,,,,
,,,,,31455,9.0,9,,,,,,,,
,,,,,31462,7.0,7,,,,,,,,
,,,,,31475,13.0,13,,,,,,,,
,,,,,31486,11.0,11,,,,,,,,
,,,,,31507,21.0,21,,,,,,,,
,,,,,31510,3.0,3,,,,,,,,
,,,,,31521,11.0,11,,,,,,,,
,,,,,31536,15.0,15,,,,,,,,
,,,,,31544,8.0,8,,,,,,,,
,,,,,31561,17.0,17,,,,,,,,
,,,,,31604,43.0,43,,,,,,,,
,,,,,31630,26.0,26,,,,,,,,
,,,,,31641,11.0,11,,,,,,,,
,,,,,31649,8.0,8,,,,,,,,
,,,,,31652,3.0,3,,,,,,,,
,,,,,31659,7.0,7,,,,,,,,
,,,,,31667,8.0,8,,,,,,,,
,,,,,31671,4.0,4,,,,,,,,
,,,,,31676,5.0,5,,,,,,,,
,,,,,31682,6.0,6,,,,,,,,
,,,,,31689,7.0,7,,,,,,,,
,,,,,31696,7.0,7,,,,,,,,
,,,,,31708,12.0,12,,,,,,,,
,,,,,31731,23.0,23,,,,,,,,
,,,,,31737,6.0,6,,,,,,,,
,,,,,31748,11.0,11,,,,,,,,
,,,,,31762,14.0,14,,,,,,,,
,,,,,31766,4.0,4,,,,,,,,
,,,,,31773,7.0,7,,,,,,,,
,,,,,31783,10.0,10,,,,,,,,
,,,,,31787,4.0,4,,,,,,,,
,,,,,31791,4.0,4,,,,,,,,
,,,,,31798,7.0,7,,,,,,,,
,,,,,31804,6.0,6,,,,,,,,
,,,,,31812,8.0,8,,,,,,,,
,,,,,31838,26.0,26,,,,,,,,
,,,,,31843,5.0,5,,,,,,,,
,,,,,31853,10.0,10,,,,,,,,
,,,,,31856,3.0,3,,,,,,,,
,,,,,31859,3.0,3,,,,,,,,
,,,,,31881,22.0,22,,,,,,,,
,,,,,31890,9.0,9,,,,,,,,
,,,,,31893,3.0,3,,,,,,,,
,,,,,31900,7.0,7,,,,,,,,
,,,,,31914,14.0,14,,,,,,,,
,,,,,31917,3.0,3,,,,,,,,
,,,,,31928,11.0,11,,,,,,,,
,,,,,31941,13.0,13,,,,,,,,
,,,,,31952,11.0,11,,,,,,,,
,,,,,31955,3.0,3,,,,,,,,
,,,,,31963,8.0,8,,,,,,,,
,,,,,31970,7.0,7,,,,,,,,
,,,,,31978,8.0,8,,,,,,,,
,,,,,31986,8.0,8,,,,,,,,
,,,,,32000,,,0.299001544713974,-2.9900152683258057,1.4799964427947998,4.790380001068115,4.735105991363525,0.0003,0.0003,0.1
,,,,,32003,17.0,17,,,,,,,,
,,,,,32009,6.0,6,,,,,,,,
,,,,,32024,15.0,15,,,,,,,,
,,,,,32034,10.0,10,,,,,,,,
,,,,,32041,7.0,7,,,,,,,,
,,,,,32047,6.0,6,,,,,,,,
,,,,,32054,7.0,7,,,,,,,,
,,,,,32060,6.0,6,,,,,,,,
,,,,,32071,11.0,11,,,,,,,,
,,,,,32083,12.0,12,,,,,,,,
,,,,,32087,4.0,4,,,,,,,,
,,,,,32101,14.0,14,,,,,,,,
,,,,,32109,8.0,8,,,,,,,,
,,,,,32126,17.0,17,,,,,,,,
,,,,,32135,9.0,9,,,,,,,,
,,,,,32147,12.0,12,,,,,,,,
,,,,,32156,9.0,9,,,,,,,,
,,,,,32170,14.0,14,,,,,,,,
,,,,,32175,5.0,5,,,,,,,,
,,,,,32192,17.0,17,,,,,,,,
,,,,,32202,10.0,10,,,,,,,,
,,,,,32213,11.0,11,,,,,,,,
,,,,,32226,13.0,13,,,,,,,,
,,,,,32232,6.0,6,,,,,,,,
,,,,,32247,15.0,15,,,,,,,,
,,,,,32260,13.0,13,,,,,,,,
,,,,,32268,8.0,8,,,,,,,,
,,,,,32275,7.0,7,,,,,,,,
,,,,,32280,5.0,5,,,,,,,,
,,,,,32283,3.0,3,,,,,,,,
,,,,,32304,21.0,21,,,,,,,,
,,,,,32309,5.0,5,,,,,,,,
,,,,,32312,3.0,3,,,,,,,,
,,,,,32326,14.0,14,,,,,,,,
,,,,,32364,38.0,38,,,,,,,,
,,,,,32382,18.0,18,,,,,,,,
,,,,,32398,16.0,16,,,,,,,,
,,,,,32412,14.0,14,,,,,,,,
,,,,,32418,6.0,6,,,,,,,,
,,,,,32446,28.0,28,,,,,,,,
,,,,,32465,19.0,19,,,,,,,,
,,,,,32473,8.0,8,,,,,,,,
,,,,,32481,8.0,8,,,,,,,,
,,,,,32484,3.0,3,,,,,,,,
,,,,,32491,7.0,7,,,,,,,,
,,,,,32499,8.0,8,,,,,,,,
,,,,,32509,10.0,10,,,,,,,,
,,,,,32521,12.0,12,,,,,,,,
,,,,,32531,10.0,10,,,,,,,,
,,,,,32552,21.0,21,,,,,,,,
,,,,,32558,6.0,6,,,,,,,,
,,,,,32563,5.0,5,,,,,,,,
,,,,,32570,7.0,7,,,,,,,,
,,,,,32585,15.0,15,,,,,,,,
,,,,,32590,5.0,5,,,,,,,,
,,,,,32606,16.0,16,,,,,,,,
,,,,,32618,12.0,12,,,,,,,,
,,,,,32650,32.0,32,,,,,,,,
,,,,,32660,10.0,10,,,,,,,,
,,,,,32678,18.0,18,,,,,,,,
,,,,,32686,8.0,8,,,,,,,,
,,,,,32712,26.0,26,,,,,,,,
,,,,,32736,24.0,24,,,,,,,,
,,,,,32742,6.0,6,,,,,,,,
,,,,,32751,9.0,9,,,,,,,,
,,,,,32766,15.0,15,,,,,,,,
,,,,,32775,9.0,9,,,,,,,,
,,,,,32788,13.0,13,,,,,,,,
,,,,,32794,6.0,6,,,,,,,,
,,,,,32802,8.0,8,,,,,,,,
,,,,,32809,7.0,7,,,,,,,,
,,,,,32819,10.0,10,,,,,,,,
,,,,,32831,12.0,12,,,,,,,,
,,,,,32838,7.0,7,,,,,,,,
,,,,,32846,8.0,8,,,,,,,,
,,,,,32853,7.0,7,,,,,,,,
,,,,,32864,11.0,11,,,,,,,,
,,,,,32873,9.0,9,,,,,,,,
,,,,,32878,5.0,5,,,,,,,,
,,,,,32886,8.0,8,,,,,,,,
,,,,,32905,19.0,19,,,,,,,,
,,,,,32911,6.0,6,,,,,,,,
,,,,,32934,23.0,23,,,,,,,,
,,,,,32938,4.0,4,,,,,,,,
,,,,,32941,3.0,3,,,,,,,,
,,,,,32947,6.0,6,,,,,,,,
,,,,,32956,9.0,9,,,,,,,,
,,,,,32963,7.0,7,,,,,,,,
,,,,,32970,7.0,7,,,,,,,,
,,,,,32975,5.0,5,,,,,,,,
,,,,,32985,10.0,10,,,,,,,,
,,,,,33000,,,0.32187578082084656,-3.2187576293945312,1.3625632524490356,4.6414008140563965,4.547527313232422,0.0003,0.0003,0.1
,,,,,33008,23.0,23,,,,,,,,
,,,,,33011,3.0,3,,,,,,,,
,,,,,33025,14.0,14,,,,,,,,
,,,,,33035,10.0,10,,,,,,,,
,,,,,33038,3.0,3,,,,,,,,
,,,,,33044,6.0,6,,,,,,,,
,,,,,33050,6.0,6,,,,,,,,
,,,,,33056,6.0,6,,,,,,,,
,,,,,33063,7.0,7,,,,,,,,
,,,,,33076,13.0,13,,,,,,,,
,,,,,33082,6.0,6,,,,,,,,
,,,,,33094,12.0,12,,,,,,,,
,,,,,33109,15.0,15,,,,,,,,
,,,,,33115,6.0,6,,,,,,,,
,,,,,33125,10.0,10,,,,,,,,
,,,,,33134,9.0,9,,,,,,,,
,,,,,33143,9.0,9,,,,,,,,
,,,,,33161,18.0,18,,,,,,,,
,,,,,33169,8.0,8,,,,,,,,
,,,,,33181,12.0,12,,,,,,,,
,,,,,33200,19.0,19,,,,,,,,
,,,,,33208,8.0,8,,,,,,,,
,,,,,33224,16.0,16,,,,,,,,
,,,,,33238,14.0,14,,,,,,,,
,,,,,33241,3.0,3,,,,,,,,
,,,,,33258,17.0,17,,,,,,,,
,,,,,33263,5.0,5,,,,,,,,
,,,,,33266,3.0,3,,,,,,,,
,,,,,33281,15.0,15,,,,,,,,
,,,,,33289,8.0,8,,,,,,,,
,,,,,33294,5.0,5,,,,,,,,
,,,,,33303,9.0,9,,,,,,,,
,,,,,33307,4.0,4,,,,,,,,
,,,,,33319,12.0,12,,,,,,,,
,,,,,33329,10.0,10,,,,,,,,
,,,,,33347,18.0,18,,,,,,,,
,,,,,33360,13.0,13,,,,,,,,
,,,,,33382,22.0,22,,,,,,,,
,,,,,33389,7.0,7,,,,,,,,
,,,,,33394,5.0,5,,,,,,,,
,,,,,33404,10.0,10,,,,,,,,
,,,,,33418,14.0,14,,,,,,,,
,,,,,33421,3.0,3,,,,,,,,
,,,,,33425,4.0,4,,,,,,,,
,,,,,33439,14.0,14,,,,,,,,
,,,,,33447,8.0,8,,,,,,,,
,,,,,33458,11.0,11,,,,,,,,
,,,,,33468,10.0,10,,,,,,,,
,,,,,33476,8.0,8,,,,,,,,
,,,,,33485,9.0,9,,,,,,,,
,,,,,33489,4.0,4,,,,,,,,
,,,,,33505,16.0,16,,,,,,,,
,,,,,33517,12.0,12,,,,,,,,
,,,,,33520,3.0,3,,,,,,,,
,,,,,33526,6.0,6,,,,,,,,
,,,,,33533,7.0,7,,,,,,,,
,,,,,33541,8.0,8,,,,,,,,
,,,,,33577,36.0,36,,,,,,,,
,,,,,33583,6.0,6,,,,,,,,
,,,,,33588,5.0,5,,,,,,,,
,,,,,33597,9.0,9,,,,,,,,
,,,,,33604,7.0,7,,,,,,,,
,,,,,33609,5.0,5,,,,,,,,
,,,,,33627,18.0,18,,,,,,,,
,,,,,33636,9.0,9,,,,,,,,
,,,,,33652,16.0,16,,,,,,,,
,,,,,33661,9.0,9,,,,,,,,
,,,,,33667,6.0,6,,,,,,,,
,,,,,33675,8.0,8,,,,,,,,
,,,,,33683,8.0,8,,,,,,,,
,,,,,33689,6.0,6,,,,,,,,
,,,,,33700,11.0,11,,,,,,,,
,,,,,33711,11.0,11,,,,,,,,
,,,,,33722,11.0,11,,,,,,,,
,,,,,33727,5.0,5,,,,,,,,
,,,,,33733,6.0,6,,,,,,,,
,,,,,33738,5.0,5,,,,,,,,
,,,,,33748,10.0,10,,,,,,,,
,,,,,33766,18.0,18,,,,,,,,
,,,,,33775,9.0,9,,,,,,,,
,,,,,33793,18.0,18,,,,,,,,
,,,,,33801,8.0,8,,,,,,,,
,,,,,33804,3.0,3,,,,,,,,
,,,,,33816,12.0,12,,,,,,,,
,,,,,33822,6.0,6,,,,,,,,
,,,,,33825,3.0,3,,,,,,,,
,,,,,33833,8.0,8,,,,,,,,
,,,,,33853,20.0,20,,,,,,,,
,,,,,33856,3.0,3,,,,,,,,
,,,,,33865,9.0,9,,,,,,,,
,,,,,33871,6.0,6,,,,,,,,
,,,,,33892,21.0,21,,,,,,,,
,,,,,33903,11.0,11,,,,,,,,
,,,,,33930,27.0,27,,,,,,,,
,,,,,33940,10.0,10,,,,,,,,
,,,,,33943,3.0,3,,,,,,,,
,,,,,33950,7.0,7,,,,,,,,
,,,,,33966,16.0,16,,,,,,,,
,,,,,33970,4.0,4,,,,,,,,
,,,,,33981,11.0,11,,,,,,,,
,,,,,33996,15.0,15,,,,,,,,
,,,,,34000,4.0,4,,,,,,,,
,,,,,34000,,,0.36342570185661316,-3.6342568397521973,1.6358613967895508,4.964190483093262,5.05230712890625,0.0003,0.0003,0.1
,,,,,34009,9.0,9,,,,,,,,
,,,,,34012,3.0,3,,,,,,,,
,,,,,34023,11.0,11,,,,,,,,
,,,,,34046,23.0,23,,,,,,,,
,,,,,34060,14.0,14,,,,,,,,
,,,,,34067,7.0,7,,,,,,,,
,,,,,34070,3.0,3,,,,,,,,
,,,,,34078,8.0,8,,,,,,,,
,,,,,34083,5.0,5,,,,,,,,
,,,,,34088,5.0,5,,,,,,,,
,,,,,34097,9.0,9,,,,,,,,
,,,,,34106,9.0,9,,,,,,,,
,,,,,34117,11.0,11,,,,,,,,
,,,,,34122,5.0,5,,,,,,,,
,,,,,34137,15.0,15,,,,,,,,
,,,,,34140,3.0,3,,,,,,,,
,,,,,34145,5.0,5,,,,,,,,
,,,,,34151,6.0,6,,,,,,,,
,,,,,34157,6.0,6,,,,,,,,
,,,,,34160,3.0,3,,,,,,,,
,,,,,34168,8.0,8,,,,,,,,
,,,,,34174,6.0,6,,,,,,,,
,,,,,34183,9.0,9,,,,,,,,
,,,,,34199,16.0,16,,,,,,,,
,,,,,34202,3.0,3,,,,,,,,
,,,,,34207,5.0,5,,,,,,,,
,,,,,34212,5.0,5,,,,,,,,
,,,,,34216,4.0,4,,,,,,,,
,,,,,34225,9.0,9,,,,,,,,
,,,,,34228,3.0,3,,,,,,,,
,,,,,34236,8.0,8,,,,,,,,
,,,,,34258,22.0,22,,,,,,,,
,,,,,34265,7.0,7,,,,,,,,
,,,,,34280,15.0,15,,,,,,,,
,,,,,34289,9.0,9,,,,,,,,
,,,,,34315,26.0,26,,,,,,,,
,,,,,34329,14.0,14,,,,,,,,
,,,,,34336,7.0,7,,,,,,,,
,,,,,34340,4.0,4,,,,,,,,
,,,,,34350,10.0,10,,,,,,,,
,,,,,34355,5.0,5,,,,,,,,
,,,,,34365,10.0,10,,,,,,,,
,,,,,34372,7.0,7,,,,,,,,
,,,,,34383,11.0,11,,,,,,,,
,,,,,34389,6.0,6,,,,,,,,
,,,,,34398,9.0,9,,,,,,,,
,,,,,34409,11.0,11,,,,,,,,
,,,,,34413,4.0,4,,,,,,,,
,,,,,34423,10.0,10,,,,,,,,
,,,,,34431,8.0,8,,,,,,,,
,,,,,34438,7.0,7,,,,,,,,
,,,,,34447,9.0,9,,,,,,,,
,,,,,34459,12.0,12,,,,,,,,
,,,,,34470,11.0,11,,,,,,,,
,,,,,34475,5.0,5,,,,,,,,
,,,,,34480,5.0,5,,,,,,,,
,,,,,34487,7.0,7,,,,,,,,
,,,,,34497,10.0,10,,,,,,,,
,,,,,34500,3.0,3,,,,,,,,
,,,,,34510,10.0,10,,,,,,,,
,,,,,34516,6.0,6,,,,,,,,
,,,,,34543,27.0,27,,,,,,,,
,,,,,34548,5.0,5,,,,,,,,
,,,,,34554,6.0,6,,,,,,,,
,,,,,34566,12.0,12,,,,,,,,
,,,,,34574,8.0,8,,,,,,,,
,,,,,34592,18.0,18,,,,,,,,
,,,,,34604,12.0,12,,,,,,,,
,,,,,34607,3.0,3,,,,,,,,
,,,,,34619,12.0,12,,,,,,,,
,,,,,34629,10.0,10,,,,,,,,
,,,,,34636,7.0,7,,,,,,,,
,,,,,34643,7.0,7,,,,,,,,
,,,,,34650,7.0,7,,,,,,,,
,,,,,34677,27.0,27,,,,,,,,
,,,,,34685,8.0,8,,,,,,,,
,,,,,34706,21.0,21,,,,,,,,
,,,,,34714,8.0,8,,,,,,,,
,,,,,34732,18.0,18,,,,,,,,
,,,,,34746,14.0,14,,,,,,,,
,,,,,34755,9.0,9,,,,,,,,
,,,,,34762,7.0,7,,,,,,,,
,,,,,34768,6.0,6,,,,,,,,
,,,,,34772,4.0,4,,,,,,,,
,,,,,34780,8.0,8,,,,,,,,
,,,,,34790,10.0,10,,,,,,,,
,,,,,34809,19.0,19,,,,,,,,
,,,,,34818,9.0,9,,,,,,,,
,,,,,34842,24.0,24,,,,,,,,
,,,,,34852,10.0,10,,,,,,,,
,,,,,34856,4.0,4,,,,,,,,
,,,,,34860,4.0,4,,,,,,,,
,,,,,34864,4.0,4,,,,,,,,
,,,,,34883,19.0,19,,,,,,,,
,,,,,34892,9.0,9,,,,,,,,
,,,,,34897,5.0,5,,,,,,,,
,,,,,34901,4.0,4,,,,,,,,
,,,,,34909,8.0,8,,,,,,,,
,,,,,34914,5.0,5,,,,,,,,
,,,,,34930,16.0,16,,,,,,,,
,,,,,34939,9.0,9,,,,,,,,
,,,,,34946,7.0,7,,,,,,,,
,,,,,34951,5.0,5,,,,,,,,
,,,,,34959,8.0,8,,,,,,,,
,,,,,34964,5.0,5,,,,,,,,
,,,,,34967,3.0,3,,,,,,,,
,,,,,34985,18.0,18,,,,,,,,
,,,,,34991,6.0,6,,,,,,,,
,,,,,34994,3.0,3,,,,,,,,
,,,,,34999,5.0,5,,,,,,,,
10.1,3.3896902,16.0,5.0,10.1,35000,,,0.323650598526001,-3.2365059852600098,1.3113834857940674,4.457942008972168,4.364022731781006,0.0003,0.0003,0.1
,,,,,35005,6.0,6,,,,,,,,
,,,,,35008,3.0,3,,,,,,,,
,,,,,35016,8.0,8,,,,,,,,
,,,,,35028,12.0,12,,,,,,,,
,,,,,35052,24.0,24,,,,,,,,
,,,,,35058,6.0,6,,,,,,,,
,,,,,35064,6.0,6,,,,,,,,
,,,,,35073,9.0,9,,,,,,,,
,,,,,35078,5.0,5,,,,,,,,
,,,,,35091,13.0,13,,,,,,,,
,,,,,35100,9.0,9,,,,,,,,
,,,,,35109,9.0,9,,,,,,,,
,,,,,35116,7.0,7,,,,,,,,
,,,,,35119,3.0,3,,,,,,,,
,,,,,35122,3.0,3,,,,,,,,
,,,,,35143,21.0,21,,,,,,,,
,,,,,35149,6.0,6,,,,,,,,
,,,,,35160,11.0,11,,,,,,,,
,,,,,35163,3.0,3,,,,,,,,
,,,,,35174,11.0,11,,,,,,,,
,,,,,35182,8.0,8,,,,,,,,
,,,,,35188,6.0,6,,,,,,,,
,,,,,35199,11.0,11,,,,,,,,
,,,,,35207,8.0,8,,,,,,,,
,,,,,35228,21.0,21,,,,,,,,
,,,,,35233,5.0,5,,,,,,,,
,,,,,35252,19.0,19,,,,,,,,
,,,,,35259,7.0,7,,,,,,,,
,,,,,35265,6.0,6,,,,,,,,
,,,,,35277,12.0,12,,,,,,,,
,,,,,35286,9.0,9,,,,,,,,
,,,,,35291,5.0,5,,,,,,,,
,,,,,35312,21.0,21,,,,,,,,
,,,,,35324,12.0,12,,,,,,,,
,,,,,35334,10.0,10,,,,,,,,
,,,,,35342,8.0,8,,,,,,,,
,,,,,35351,9.0,9,,,,,,,,
,,,,,35369,18.0,18,,,,,,,,
,,,,,35382,13.0,13,,,,,,,,
,,,,,35412,30.0,30,,,,,,,,
,,,,,35415,3.0,3,,,,,,,,
,,,,,35425,10.0,10,,,,,,,,
,,,,,35431,6.0,6,,,,,,,,
,,,,,35443,12.0,12,,,,,,,,
,,,,,35446,3.0,3,,,,,,,,
,,,,,35463,17.0,17,,,,,,,,
,,,,,35472,9.0,9,,,,,,,,
,,,,,35476,4.0,4,,,,,,,,
,,,,,35484,8.0,8,,,,,,,,
,,,,,35513,29.0,29,,,,,,,,
,,,,,35527,14.0,14,,,,,,,,
,,,,,35530,3.0,3,,,,,,,,
,,,,,35534,4.0,4,,,,,,,,
,,,,,35545,11.0,11,,,,,,,,
,,,,,35556,11.0,11,,,,,,,,
,,,,,35562,6.0,6,,,,,,,,
,,,,,35565,3.0,3,,,,,,,,
,,,,,35573,8.0,8,,,,,,,,
,,,,,35578,5.0,5,,,,,,,,
,,,,,35590,12.0,12,,,,,,,,
,,,,,35599,9.0,9,,,,,,,,
,,,,,35603,4.0,4,,,,,,,,
,,,,,35612,9.0,9,,,,,,,,
,,,,,35623,11.0,11,,,,,,,,
,,,,,35634,11.0,11,,,,,,,,
,,,,,35647,13.0,13,,,,,,,,
,,,,,35652,5.0,5,,,,,,,,
,,,,,35664,12.0,12,,,,,,,,
,,,,,35688,24.0,24,,,,,,,,
,,,,,35696,8.0,8,,,,,,,,
,,,,,35703,7.0,7,,,,,,,,
,,,,,35712,9.0,9,,,,,,,,
,,,,,35719,7.0,7,,,,,,,,
,,,,,35722,3.0,3,,,,,,,,
,,,,,35725,3.0,3,,,,,,,,
,,,,,35731,6.0,6,,,,,,,,
,,,,,35751,20.0,20,,,,,,,,
,,,,,35762,11.0,11,,,,,,,,
,,,,,35783,21.0,21,,,,,,,,
,,,,,35786,3.0,3,,,,,,,,
,,,,,35790,4.0,4,,,,,,,,
,,,,,35794,4.0,4,,,,,,,,
,,,,,35798,4.0,4,,,,,,,,
,,,,,35806,8.0,8,,,,,,,,
,,,,,35816,10.0,10,,,,,,,,
,,,,,35823,7.0,7,,,,,,,,
,,,,,35826,3.0,3,,,,,,,,
,,,,,35831,5.0,5,,,,,,,,
,,,,,35838,7.0,7,,,,,,,,
,,,,,35853,15.0,15,,,,,,,,
,,,,,35873,20.0,20,,,,,,,,
,,,,,35885,12.0,12,,,,,,,,
,,,,,35896,11.0,11,,,,,,,,
,,,,,35905,9.0,9,,,,,,,,
,,,,,35914,9.0,9,,,,,,,,
,,,,,35942,28.0,28,,,,,,,,
,,,,,35945,3.0,3,,,,,,,,
,,,,,35952,7.0,7,,,,,,,,
,,,,,35964,12.0,12,,,,,,,,
,,,,,35978,14.0,14,,,,,,,,
,,,,,35986,8.0,8,,,,,,,,
,,,,,35993,7.0,7,,,,,,,,
,,,,,36000,,,0.334448903799057,-3.3444888591766357,0.7169495224952698,4.37135124206543,4.337610721588135,0.0003,0.0003,0.1
,,,,,36001,8.0,8,,,,,,,,
,,,,,36010,9.0,9,,,,,,,,
,,,,,36014,4.0,4,,,,,,,,
,,,,,36025,11.0,11,,,,,,,,
,,,,,36031,6.0,6,,,,,,,,
,,,,,36040,9.0,9,,,,,,,,
,,,,,36043,3.0,3,,,,,,,,
,,,,,36052,9.0,9,,,,,,,,
,,,,,36062,10.0,10,,,,,,,,
,,,,,36068,6.0,6,,,,,,,,
,,,,,36073,5.0,5,,,,,,,,
,,,,,36078,5.0,5,,,,,,,,
,,,,,36083,5.0,5,,,,,,,,
,,,,,36086,3.0,3,,,,,,,,
,,,,,36091,5.0,5,,,,,,,,
,,,,,36098,7.0,7,,,,,,,,
,,,,,36104,6.0,6,,,,,,,,
,,,,,36120,16.0,16,,,,,,,,
,,,,,36130,10.0,10,,,,,,,,
,,,,,36133,3.0,3,,,,,,,,
,,,,,36145,12.0,12,,,,,,,,
,,,,,36148,3.0,3,,,,,,,,
,,,,,36159,11.0,11,,,,,,,,
,,,,,36166,7.0,7,,,,,,,,
,,,,,36176,10.0,10,,,,,,,,
,,,,,36183,7.0,7,,,,,,,,
,,,,,36194,11.0,11,,,,,,,,
,,,,,36203,9.0,9,,,,,,,,
,,,,,36212,9.0,9,,,,,,,,
,,,,,36219,7.0,7,,,,,,,,
,,,,,36223,4.0,4,,,,,,,,
,,,,,36228,5.0,5,,,,,,,,
,,,,,36231,3.0,3,,,,,,,,
,,,,,36234,3.0,3,,,,,,,,
,,,,,36239,5.0,5,,,,,,,,
,,,,,36249,10.0,10,,,,,,,,
,,,,,36258,9.0,9,,,,,,,,
,,,,,36265,7.0,7,,,,,,,,
,,,,,36276,11.0,11,,,,,,,,
,,,,,36279,3.0,3,,,,,,,,
,,,,,36282,3.0,3,,,,,,,,
,,,,,36289,7.0,7,,,,,,,,
,,,,,36300,11.0,11,,,,,,,,
,,,,,36304,4.0,4,,,,,,,,
,,,,,36322,18.0,18,,,,,,,,
,,,,,36329,7.0,7,,,,,,,,
,,,,,36342,13.0,13,,,,,,,,
,,,,,36355,13.0,13,,,,,,,,
,,,,,36384,29.0,29,,,,,,,,
,,,,,36392,8.0,8,,,,,,,,
,,,,,36399,7.0,7,,,,,,,,
,,,,,36426,27.0,27,,,,,,,,
,,,,,36429,3.0,3,,,,,,,,
,,,,,36435,6.0,6,,,,,,,,
,,,,,36442,7.0,7,,,,,,,,
,,,,,36453,11.0,11,,,,,,,,
,,,,,36463,10.0,10,,,,,,,,
,,,,,36469,6.0,6,,,,,,,,
,,,,,36479,10.0,10,,,,,,,,
,,,,,36487,8.0,8,,,,,,,,
,,,,,36494,7.0,7,,,,,,,,
,,,,,36511,17.0,17,,,,,,,,
,,,,,36515,4.0,4,,,,,,,,
,,,,,36530,15.0,15,,,,,,,,
,,,,,36535,5.0,5,,,,,,,,
,,,,,36545,10.0,10,,,,,,,,
,,,,,36552,7.0,7,,,,,,,,
,,,,,36573,21.0,21,,,,,,,,
,,,,,36578,5.0,5,,,,,,,,
,,,,,36587,9.0,9,,,,,,,,
,,,,,36602,15.0,15,,,,,,,,
,,,,,36613,11.0,11,,,,,,,,
,,,,,36621,8.0,8,,,,,,,,
,,,,,36625,4.0,4,,,,,,,,
,,,,,36630,5.0,5,,,,,,,,
,,,,,36636,6.0,6,,,,,,,,
,,,,,36641,5.0,5,,,,,,,,
,,,,,36648,7.0,7,,,,,,,,
,,,,,36658,10.0,10,,,,,,,,
,,,,,36663,5.0,5,,,,,,,,
,,,,,36672,9.0,9,,,,,,,,
,,,,,36680,8.0,8,,,,,,,,
,,,,,36683,3.0,3,,,,,,,,
,,,,,36688,5.0,5,,,,,,,,
,,,,,36697,9.0,9,,,,,,,,
,,,,,36710,13.0,13,,,,,,,,
,,,,,36721,11.0,11,,,,,,,,
,,,,,36731,10.0,10,,,,,,,,
,,,,,36736,5.0,5,,,,,,,,
,,,,,36741,5.0,5,,,,,,,,
,,,,,36748,7.0,7,,,,,,,,
,,,,,36756,8.0,8,,,,,,,,
,,,,,36777,21.0,21,,,,,,,,
,,,,,36796,19.0,19,,,,,,,,
,,,,,36803,7.0,7,,,,,,,,
,,,,,36813,10.0,10,,,,,,,,
,,,,,36818,5.0,5,,,,,,,,
,,,,,36822,4.0,4,,,,,,,,
,,,,,36834,12.0,12,,,,,,,,
,,,,,36839,5.0,5,,,,,,,,
,,,,,36842,3.0,3,,,,,,,,
,,,,,36851,9.0,9,,,,,,,,
,,,,,36865,14.0,14,,,,,,,,
,,,,,36885,20.0,20,,,,,,,,
,,,,,36898,13.0,13,,,,,,,,
,,,,,36907,9.0,9,,,,,,,,
,,,,,36914,7.0,7,,,,,,,,
,,,,,36921,7.0,7,,,,,,,,
,,,,,36929,8.0,8,,,,,,,,
,,,,,36937,8.0,8,,,,,,,,
,,,,,36943,6.0,6,,,,,,,,
,,,,,36951,8.0,8,,,,,,,,
,,,,,36957,6.0,6,,,,,,,,
,,,,,36963,6.0,6,,,,,,,,
,,,,,36974,11.0,11,,,,,,,,
,,,,,36980,6.0,6,,,,,,,,
,,,,,36986,6.0,6,,,,,,,,
,,,,,36995,9.0,9,,,,,,,,
,,,,,37000,,,0.4021852910518646,-4.021852970123291,1.3099430799484253,4.312760829925537,4.423547744750977,0.0003,0.0003,0.1
,,,,,37019,24.0,24,,,,,,,,
,,,,,37028,9.0,9,,,,,,,,
,,,,,37031,3.0,3,,,,,,,,
,,,,,37042,11.0,11,,,,,,,,
,,,,,37046,4.0,4,,,,,,,,
,,,,,37059,13.0,13,,,,,,,,
,,,,,37077,18.0,18,,,,,,,,
,,,,,37087,10.0,10,,,,,,,,
,,,,,37092,5.0,5,,,,,,,,
,,,,,37107,15.0,15,,,,,,,,
,,,,,37119,12.0,12,,,,,,,,
,,,,,37122,3.0,3,,,,,,,,
,,,,,37127,5.0,5,,,,,,,,
,,,,,37132,5.0,5,,,,,,,,
,,,,,37137,5.0,5,,,,,,,,
,,,,,37143,6.0,6,,,,,,,,
,,,,,37153,10.0,10,,,,,,,,
,,,,,37158,5.0,5,,,,,,,,
,,,,,37166,8.0,8,,,,,,,,
,,,,,37173,7.0,7,,,,,,,,
,,,,,37176,3.0,3,,,,,,,,
,,,,,37181,5.0,5,,,,,,,,
,,,,,37195,14.0,14,,,,,,,,
,,,,,37203,8.0,8,,,,,,,,
,,,,,37210,7.0,7,,,,,,,,
,,,,,37215,5.0,5,,,,,,,,
,,,,,37221,6.0,6,,,,,,,,
,,,,,37226,5.0,5,,,,,,,,
,,,,,37229,3.0,3,,,,,,,,
,,,,,37279,50.0,50,,,,,,,,
,,,,,37300,21.0,21,,,,,,,,
,,,,,37307,7.0,7,,,,,,,,
,,,,,37313,6.0,6,,,,,,,,
,,,,,37316,3.0,3,,,,,,,,
,,,,,37322,6.0,6,,,,,,,,
,,,,,37327,5.0,5,,,,,,,,
,,,,,37332,5.0,5,,,,,,,,
,,,,,37346,14.0,14,,,,,,,,
,,,,,37355,9.0,9,,,,,,,,
,,,,,37366,11.0,11,,,,,,,,
,,,,,37375,9.0,9,,,,,,,,
,,,,,37384,9.0,9,,,,,,,,
,,,,,37394,10.0,10,,,,,,,,
,,,,,37403,9.0,9,,,,,,,,
,,,,,37423,20.0,20,,,,,,,,
,,,,,37427,4.0,4,,,,,,,,
,,,,,37430,3.0,3,,,,,,,,
,,,,,37436,6.0,6,,,,,,,,
,,,,,37450,14.0,14,,,,,,,,
,,,,,37456,6.0,6,,,,,,,,
,,,,,37463,7.0,7,,,,,,,,
,,,,,37472,9.0,9,,,,,,,,
,,,,,37489,17.0,17,,,,,,,,
,,,,,37492,3.0,3,,,,,,,,
,,,,,37500,8.0,8,,,,,,,,
,,,,,37504,4.0,4,,,,,,,,
,,,,,37509,5.0,5,,,,,,,,
,,,,,37517,8.0,8,,,,,,,,
,,,,,37531,14.0,14,,,,,,,,
,,,,,37535,4.0,4,,,,,,,,
,,,,,37538,3.0,3,,,,,,,,
,,,,,37543,5.0,5,,,,,,,,
,,,,,37546,3.0,3,,,,,,,,
,,,,,37571,25.0,25,,,,,,,,
,,,,,37580,9.0,9,,,,,,,,
,,,,,37584,4.0,4,,,,,,,,
,,,,,37589,5.0,5,,,,,,,,
,,,,,37595,6.0,6,,,,,,,,
,,,,,37603,8.0,8,,,,,,,,
,,,,,37614,11.0,11,,,,,,,,
,,,,,37619,5.0,5,,,,,,,,
,,,,,37625,6.0,6,,,,,,,,
,,,,,37632,7.0,7,,,,,,,,
,,,,,37644,12.0,12,,,,,,,,
,,,,,37647,3.0,3,,,,,,,,
,,,,,37654,7.0,7,,,,,,,,
,,,,,37658,4.0,4,,,,,,,,
,,,,,37665,7.0,7,,,,,,,,
,,,,,37671,6.0,6,,,,,,,,
,,,,,37675,4.0,4,,,,,,,,
,,,,,37701,26.0,26,,,,,,,,
,,,,,37707,6.0,6,,,,,,,,
,,,,,37713,6.0,6,,,,,,,,
,,,,,37718,5.0,5,,,,,,,,
,,,,,37721,3.0,3,,,,,,,,
,,,,,37728,7.0,7,,,,,,,,
,,,,,37733,5.0,5,,,,,,,,
,,,,,37737,4.0,4,,,,,,,,
,,,,,37749,12.0,12,,,,,,,,
,,,,,37757,8.0,8,,,,,,,,
,,,,,37762,5.0,5,,,,,,,,
,,,,,37768,6.0,6,,,,,,,,
,,,,,37781,13.0,13,,,,,,,,
,,,,,37810,29.0,29,,,,,,,,
,,,,,37822,12.0,12,,,,,,,,
,,,,,37829,7.0,7,,,,,,,,
,,,,,37833,4.0,4,,,,,,,,
,,,,,37843,10.0,10,,,,,,,,
,,,,,37859,16.0,16,,,,,,,,
,,,,,37864,5.0,5,,,,,,,,
,,,,,37872,8.0,8,,,,,,,,
,,,,,37875,3.0,3,,,,,,,,
,,,,,37880,5.0,5,,,,,,,,
,,,,,37893,13.0,13,,,,,,,,
,,,,,37901,8.0,8,,,,,,,,
,,,,,37908,7.0,7,,,,,,,,
,,,,,37915,7.0,7,,,,,,,,
,,,,,37926,11.0,11,,,,,,,,
,,,,,37933,7.0,7,,,,,,,,
,,,,,37936,3.0,3,,,,,,,,
,,,,,37949,13.0,13,,,,,,,,
,,,,,37959,10.0,10,,,,,,,,
,,,,,37970,11.0,11,,,,,,,,
,,,,,37976,6.0,6,,,,,,,,
,,,,,37982,6.0,6,,,,,,,,
,,,,,37985,3.0,3,,,,,,,,
,,,,,37990,5.0,5,,,,,,,,
,,,,,38000,,,0.48834457993507385,-4.883445739746094,0.812174916267395,3.8618335723876953,3.8062310218811035,0.0003,0.0003,0.1
,,,,,38006,16.0,16,,,,,,,,
,,,,,38013,7.0,7,,,,,,,,
,,,,,38018,5.0,5,,,,,,,,
,,,,,38024,6.0,6,,,,,,,,
,,,,,38046,22.0,22,,,,,,,,
,,,,,38050,4.0,4,,,,,,,,
,,,,,38056,6.0,6,,,,,,,,
,,,,,38059,3.0,3,,,,,,,,
,,,,,38064,5.0,5,,,,,,,,
,,,,,38067,3.0,3,,,,,,,,
,,,,,38072,5.0,5,,,,,,,,
,,,,,38076,4.0,4,,,,,,,,
,,,,,38079,3.0,3,,,,,,,,
,,,,,38082,3.0,3,,,,,,,,
,,,,,38086,4.0,4,,,,,,,,
,,,,,38090,4.0,4,,,,,,,,
,,,,,38095,5.0,5,,,,,,,,
,,,,,38098,3.0,3,,,,,,,,
,,,,,38105,7.0,7,,,,,,,,
,,,,,38108,3.0,3,,,,,,,,
,,,,,38112,4.0,4,,,,,,,,
,,,,,38115,3.0,3,,,,,,,,
,,,,,38121,6.0,6,,,,,,,,
,,,,,38126,5.0,5,,,,,,,,
,,,,,38138,12.0,12,,,,,,,,
,,,,,38149,11.0,11,,,,,,,,
,,,,,38154,5.0,5,,,,,,,,
,,,,,38178,24.0,24,,,,,,,,
,,,,,38189,11.0,11,,,,,,,,
,,,,,38204,15.0,15,,,,,,,,
,,,,,38209,5.0,5,,,,,,,,
,,,,,38213,4.0,4,,,,,,,,
,,,,,38222,9.0,9,,,,,,,,
,,,,,38245,23.0,23,,,,,,,,
,,,,,38252,7.0,7,,,,,,,,
,,,,,38256,4.0,4,,,,,,,,
,,,,,38265,9.0,9,,,,,,,,
,,,,,38268,3.0,3,,,,,,,,
,,,,,38277,9.0,9,,,,,,,,
,,,,,38283,6.0,6,,,,,,,,
,,,,,38293,10.0,10,,,,,,,,
,,,,,38302,9.0,9,,,,,,,,
,,,,,38328,26.0,26,,,,,,,,
,,,,,38331,3.0,3,,,,,,,,
,,,,,38340,9.0,9,,,,,,,,
,,,,,38348,8.0,8,,,,,,,,
,,,,,38352,4.0,4,,,,,,,,
,,,,,38361,9.0,9,,,,,,,,
,,,,,38369,8.0,8,,,,,,,,
,,,,,38388,19.0,19,,,,,,,,
,,,,,38392,4.0,4,,,,,,,,
,,,,,38395,3.0,3,,,,,,,,
,,,,,38415,20.0,20,,,,,,,,
,,,,,38418,3.0,3,,,,,,,,
,,,,,38426,8.0,8,,,,,,,,
,,,,,38439,13.0,13,,,,,,,,
,,,,,38446,7.0,7,,,,,,,,
,,,,,38449,3.0,3,,,,,,,,
,,,,,38454,5.0,5,,,,,,,,
,,,,,38465,11.0,11,,,,,,,,
,,,,,38472,7.0,7,,,,,,,,
,,,,,38479,7.0,7,,,,,,,,
,,,,,38490,11.0,11,,,,,,,,
,,,,,38499,9.0,9,,,,,,,,
,,,,,38509,10.0,10,,,,,,,,
,,,,,38512,3.0,3,,,,,,,,
,,,,,38524,12.0,12,,,,,,,,
,,,,,38529,5.0,5,,,,,,,,
,,,,,38532,3.0,3,,,,,,,,
,,,,,38541,9.0,9,,,,,,,,
,,,,,38562,21.0,21,,,,,,,,
,,,,,38567,5.0,5,,,,,,,,
,,,,,38584,17.0,17,,,,,,,,
,,,,,38587,3.0,3,,,,,,,,
,,,,,38593,6.0,6,,,,,,,,
,,,,,38610,17.0,17,,,,,,,,
,,,,,38618,8.0,8,,,,,,,,
,,,,,38629,11.0,11,,,,,,,,
,,,,,38635,6.0,6,,,,,,,,
,,,,,38655,20.0,20,,,,,,,,
,,,,,38659,4.0,4,,,,,,,,
,,,,,38665,6.0,6,,,,,,,,
,,,,,38676,11.0,11,,,,,,,,
,,,,,38685,9.0,9,,,,,,,,
,,,,,38693,8.0,8,,,,,,,,
,,,,,38697,4.0,4,,,,,,,,
,,,,,38716,19.0,19,,,,,,,,
,,,,,38724,8.0,8,,,,,,,,
,,,,,38735,11.0,11,,,,,,,,
,,,,,38738,3.0,3,,,,,,,,
,,,,,38751,13.0,13,,,,,,,,
,,,,,38754,3.0,3,,,,,,,,
,,,,,38767,13.0,13,,,,,,,,
,,,,,38775,8.0,8,,,,,,,,
,,,,,38782,7.0,7,,,,,,,,
,,,,,38787,5.0,5,,,,,,,,
,,,,,38795,8.0,8,,,,,,,,
,,,,,38803,8.0,8,,,,,,,,
,,,,,38808,5.0,5,,,,,,,,
,,,,,38818,10.0,10,,,,,,,,
,,,,,38837,19.0,19,,,,,,,,
,,,,,38843,6.0,6,,,,,,,,
,,,,,38855,12.0,12,,,,,,,,
,,,,,38862,7.0,7,,,,,,,,
,,,,,38870,8.0,8,,,,,,,,
,,,,,38881,11.0,11,,,,,,,,
,,,,,38891,10.0,10,,,,,,,,
,,,,,38901,10.0,10,,,,,,,,
,,,,,38906,5.0,5,,,,,,,,
,,,,,38917,11.0,11,,,,,,,,
,,,,,38920,3.0,3,,,,,,,,
,,,,,38928,8.0,8,,,,,,,,
,,,,,38936,8.0,8,,,,,,,,
,,,,,38943,7.0,7,,,,,,,,
,,,,,38946,3.0,3,,,,,,,,
,,,,,38963,17.0,17,,,,,,,,
,,,,,38968,5.0,5,,,,,,,,
,,,,,38977,9.0,9,,,,,,,,
,,,,,38983,6.0,6,,,,,,,,
,,,,,38988,5.0,5,,,,,,,,
,,,,,38993,5.0,5,,,,,,,,
,,,,,39000,,,0.4580663740634918,-4.580663681030273,1.0303629636764526,3.761394500732422,3.753617763519287,0.0003,0.0003,0.1
,,,,,39002,9.0,9,,,,,,,,
,,,,,39016,14.0,14,,,,,,,,
,,,,,39023,7.0,7,,,,,,,,
,,,,,39036,13.0,13,,,,,,,,
,,,,,39047,11.0,11,,,,,,,,
,,,,,39050,3.0,3,,,,,,,,
,,,,,39054,4.0,4,,,,,,,,
,,,,,39059,5.0,5,,,,,,,,
,,,,,39073,14.0,14,,,,,,,,
,,,,,39096,23.0,23,,,,,,,,
,,,,,39122,26.0,26,,,,,,,,
,,,,,39139,17.0,17,,,,,,,,
,,,,,39147,8.0,8,,,,,,,,
,,,,,39157,10.0,10,,,,,,,,
,,,,,39160,3.0,3,,,,,,,,
,,,,,39164,4.0,4,,,,,,,,
,,,,,39175,11.0,11,,,,,,,,
,,,,,39182,7.0,7,,,,,,,,
,,,,,39187,5.0,5,,,,,,,,
,,,,,39194,7.0,7,,,,,,,,
,,,,,39203,9.0,9,,,,,,,,
,,,,,39207,4.0,4,,,,,,,,
,,,,,39211,4.0,4,,,,,,,,
,,,,,39214,3.0,3,,,,,,,,
,,,,,39219,5.0,5,,,,,,,,
,,,,,39223,4.0,4,,,,,,,,
,,,,,39237,14.0,14,,,,,,,,
,,,,,39240,3.0,3,,,,,,,,
,,,,,39243,3.0,3,,,,,,,,
,,,,,39255,12.0,12,,,,,,,,
,,,,,39262,7.0,7,,,,,,,,
,,,,,39268,6.0,6,,,,,,,,
,,,,,39283,15.0,15,,,,,,,,
,,,,,39294,11.0,11,,,,,,,,
,,,,,39298,4.0,4,,,,,,,,
,,,,,39310,12.0,12,,,,,,,,
,,,,,39321,11.0,11,,,,,,,,
,,,,,39328,7.0,7,,,,,,,,
,,,,,39331,3.0,3,,,,,,,,
,,,,,39337,6.0,6,,,,,,,,
,,,,,39342,5.0,5,,,,,,,,
,,,,,39347,5.0,5,,,,,,,,
,,,,,39356,9.0,9,,,,,,,,
,,,,,39362,6.0,6,,,,,,,,
,,,,,39368,6.0,6,,,,,,,,
,,,,,39373,5.0,5,,,,,,,,
,,,,,39380,7.0,7,,,,,,,,
,,,,,39391,11.0,11,,,,,,,,
,,,,,39397,6.0,6,,,,,,,,
,,,,,39407,10.0,10,,,,,,,,
,,,,,39413,6.0,6,,,,,,,,
,,,,,39423,10.0,10,,,,,,,,
,,,,,39429,6.0,6,,,,,,,,
,,,,,39432,3.0,3,,,,,,,,
,,,,,39450,18.0,18,,,,,,,,
,,,,,39461,11.0,11,,,,,,,,
,,,,,39468,7.0,7,,,,,,,,
,,,,,39476,8.0,8,,,,,,,,
,,,,,39485,9.0,9,,,,,,,,
,,,,,39488,3.0,3,,,,,,,,
,,,,,39494,6.0,6,,,,,,,,
,,,,,39497,3.0,3,,,,,,,,
,,,,,39501,4.0,4,,,,,,,,
,,,,,39504,3.0,3,,,,,,,,
,,,,,39515,11.0,11,,,,,,,,
,,,,,39527,12.0,12,,,,,,,,
,,,,,39533,6.0,6,,,,,,,,
,,,,,39538,5.0,5,,,,,,,,
,,,,,39545,7.0,7,,,,,,,,
,,,,,39551,6.0,6,,,,,,,,
,,,,,39557,6.0,6,,,,,,,,
,,,,,39567,10.0,10,,,,,,,,
,,,,,39574,7.0,7,,,,,,,,
,,,,,39591,17.0,17,,,,,,,,
,,,,,39596,5.0,5,,,,,,,,
,,,,,39601,5.0,5,,,,,,,,
,,,,,39605,4.0,4,,,,,,,,
,,,,,39615,10.0,10,,,,,,,,
,,,,,39627,12.0,12,,,,,,,,
,,,,,39634,7.0,7,,,,,,,,
,,,,,39639,5.0,5,,,,,,,,
,,,,,39643,4.0,4,,,,,,,,
,,,,,39651,8.0,8,,,,,,,,
,,,,,39657,6.0,6,,,,,,,,
,,,,,39664,7.0,7,,,,,,,,
,,,,,39672,8.0,8,,,,,,,,
,,,,,39691,19.0,19,,,,,,,,
,,,,,39707,16.0,16,,,,,,,,
,,,,,39710,3.0,3,,,,,,,,
,,,,,39716,6.0,6,,,,,,,,
,,,,,39735,19.0,19,,,,,,,,
,,,,,39741,6.0,6,,,,,,,,
,,,,,39757,16.0,16,,,,,,,,
,,,,,39762,5.0,5,,,,,,,,
,,,,,39780,18.0,18,,,,,,,,
,,,,,39791,11.0,11,,,,,,,,
,,,,,39803,12.0,12,,,,,,,,
,,,,,39809,6.0,6,,,,,,,,
,,,,,39827,18.0,18,,,,,,,,
,,,,,39832,5.0,5,,,,,,,,
,,,,,39846,14.0,14,,,,,,,,
,,,,,39852,6.0,6,,,,,,,,
,,,,,39858,6.0,6,,,,,,,,
,,,,,39867,9.0,9,,,,,,,,
,,,,,39875,8.0,8,,,,,,,,
,,,,,39884,9.0,9,,,,,,,,
,,,,,39891,7.0,7,,,,,,,,
,,,,,39896,5.0,5,,,,,,,,
,,,,,39906,10.0,10,,,,,,,,
,,,,,39912,6.0,6,,,,,,,,
,,,,,39916,4.0,4,,,,,,,,
,,,,,39924,8.0,8,,,,,,,,
,,,,,39928,4.0,4,,,,,,,,
,,,,,39940,12.0,12,,,,,,,,
,,,,,39952,12.0,12,,,,,,,,
,,,,,39960,8.0,8,,,,,,,,
,,,,,39963,3.0,3,,,,,,,,
,,,,,39989,26.0,26,,,,,,,,
,,,,,39999,10.0,10,,,,,,,,
9.2,4.707441,16.0,3.0,9.2,40000,,,0.4879203736782074,-4.879203796386719,0.7461815476417542,3.920856237411499,3.883509874343872,0.0003,0.0003,0.1
,,,,,40004,5.0,5,,,,,,,,
,,,,,40018,14.0,14,,,,,,,,
,,,,,40026,8.0,8,,,,,,,,
,,,,,40032,6.0,6,,,,,,,,
,,,,,40038,6.0,6,,,,,,,,
,,,,,40042,4.0,4,,,,,,,,
,,,,,40049,7.0,7,,,,,,,,
,,,,,40052,3.0,3,,,,,,,,
,,,,,40063,11.0,11,,,,,,,,
,,,,,40076,13.0,13,,,,,,,,
,,,,,40081,5.0,5,,,,,,,,
,,,,,40091,10.0,10,,,,,,,,
,,,,,40101,10.0,10,,,,,,,,
,,,,,40105,4.0,4,,,,,,,,
,,,,,40108,3.0,3,,,,,,,,
,,,,,40112,4.0,4,,,,,,,,
,,,,,40120,8.0,8,,,,,,,,
,,,,,40125,5.0,5,,,,,,,,
,,,,,40129,4.0,4,,,,,,,,
,,,,,40137,8.0,8,,,,,,,,
,,,,,40151,14.0,14,,,,,,,,
,,,,,40155,4.0,4,,,,,,,,
,,,,,40162,7.0,7,,,,,,,,
,,,,,40168,6.0,6,,,,,,,,
,,,,,40183,15.0,15,,,,,,,,
,,,,,40187,4.0,4,,,,,,,,
,,,,,40192,5.0,5,,,,,,,,
,,,,,40197,5.0,5,,,,,,,,
,,,,,40200,3.0,3,,,,,,,,
,,,,,40207,7.0,7,,,,,,,,
,,,,,40214,7.0,7,,,,,,,,
,,,,,40218,4.0,4,,,,,,,,
,,,,,40222,4.0,4,,,,,,,,
,,,,,40229,7.0,7,,,,,,,,
,,,,,40272,43.0,43,,,,,,,,
,,,,,40295,23.0,23,,,,,,,,
,,,,,40301,6.0,6,,,,,,,,
,,,,,40304,3.0,3,,,,,,,,
,,,,,40313,9.0,9,,,,,,,,
,,,,,40321,8.0,8,,,,,,,,
,,,,,40325,4.0,4,,,,,,,,
,,,,,40339,14.0,14,,,,,,,,
,,,,,40348,9.0,9,,,,,,,,
,,,,,40358,10.0,10,,,,,,,,
,,,,,40361,3.0,3,,,,,,,,
,,,,,40367,6.0,6,,,,,,,,
,,,,,40380,13.0,13,,,,,,,,
,,,,,40383,3.0,3,,,,,,,,
,,,,,40388,5.0,5,,,,,,,,
,,,,,40398,10.0,10,,,,,,,,
,,,,,40401,3.0,3,,,,,,,,
,,,,,40423,22.0,22,,,,,,,,
,,,,,40434,11.0,11,,,,,,,,
,,,,,40437,3.0,3,,,,,,,,
,,,,,40442,5.0,5,,,,,,,,
,,,,,40446,4.0,4,,,,,,,,
,,,,,40461,15.0,15,,,,,,,,
,,,,,40468,7.0,7,,,,,,,,
,,,,,40472,4.0,4,,,,,,,,
,,,,,40477,5.0,5,,,,,,,,
,,,,,40483,6.0,6,,,,,,,,
,,,,,40487,4.0,4,,,,,,,,
,,,,,40508,21.0,21,,,,,,,,
,,,,,40514,6.0,6,,,,,,,,
,,,,,40523,9.0,9,,,,,,,,
,,,,,40526,3.0,3,,,,,,,,
,,,,,40531,5.0,5,,,,,,,,
,,,,,40536,5.0,5,,,,,,,,
,,,,,40547,11.0,11,,,,,,,,
,,,,,40553,6.0,6,,,,,,,,
,,,,,40566,13.0,13,,,,,,,,
,,,,,40570,4.0,4,,,,,,,,
,,,,,40576,6.0,6,,,,,,,,
,,,,,40583,7.0,7,,,,,,,,
,,,,,40594,11.0,11,,,,,,,,
,,,,,40599,5.0,5,,,,,,,,
,,,,,40605,6.0,6,,,,,,,,
,,,,,40608,3.0,3,,,,,,,,
,,,,,40617,9.0,9,,,,,,,,
,,,,,40622,5.0,5,,,,,,,,
,,,,,40628,6.0,6,,,,,,,,
,,,,,40650,22.0,22,,,,,,,,
,,,,,40654,4.0,4,,,,,,,,
,,,,,40660,6.0,6,,,,,,,,
,,,,,40665,5.0,5,,,,,,,,
,,,,,40673,8.0,8,,,,,,,,
,,,,,40679,6.0,6,,,,,,,,
,,,,,40687,8.0,8,,,,,,,,
,,,,,40690,3.0,3,,,,,,,,
,,,,,40699,9.0,9,,,,,,,,
,,,,,40703,4.0,4,,,,,,,,
,,,,,40707,4.0,4,,,,,,,,
,,,,,40713,6.0,6,,,,,,,,
,,,,,40721,8.0,8,,,,,,,,
,,,,,40726,5.0,5,,,,,,,,
,,,,,40734,8.0,8,,,,,,,,
,,,,,40740,6.0,6,,,,,,,,
,,,,,40743,3.0,3,,,,,,,,
,,,,,40749,6.0,6,,,,,,,,
,,,,,40754,5.0,5,,,,,,,,
,,,,,40759,5.0,5,,,,,,,,
,,,,,40766,7.0,7,,,,,,,,
,,,,,40769,3.0,3,,,,,,,,
,,,,,40784,15.0,15,,,,,,,,
,,,,,40789,5.0,5,,,,,,,,
,,,,,40793,4.0,4,,,,,,,,
,,,,,40797,4.0,4,,,,,,,,
,,,,,40803,6.0,6,,,,,,,,
,,,,,40816,13.0,13,,,,,,,,
,,,,,40820,4.0,4,,,,,,,,
,,,,,40830,10.0,10,,,,,,,,
,,,,,40834,4.0,4,,,,,,,,
,,,,,40839,5.0,5,,,,,,,,
,,,,,40844,5.0,5,,,,,,,,
,,,,,40850,6.0,6,,,,,,,,
,,,,,40853,3.0,3,,,,,,,,
,,,,,40861,8.0,8,,,,,,,,
,,,,,40870,9.0,9,,,,,,,,
,,,,,40878,8.0,8,,,,,,,,
,,,,,40883,5.0,5,,,,,,,,
,,,,,40887,4.0,4,,,,,,,,
,,,,,40899,12.0,12,,,,,,,,
,,,,,40904,5.0,5,,,,,,,,
,,,,,40911,7.0,7,,,,,,,,
,,,,,40921,10.0,10,,,,,,,,
,,,,,40927,6.0,6,,,,,,,,
,,,,,40935,8.0,8,,,,,,,,
,,,,,40940,5.0,5,,,,,,,,
,,,,,40947,7.0,7,,,,,,,,
,,,,,40950,3.0,3,,,,,,,,
,,,,,40957,7.0,7,,,,,,,,
,,,,,40961,4.0,4,,,,,,,,
,,,,,40968,7.0,7,,,,,,,,
,,,,,40972,4.0,4,,,,,,,,
,,,,,40979,7.0,7,,,,,,,,
,,,,,40983,4.0,4,,,,,,,,
,,,,,40989,6.0,6,,,,,,,,
,,,,,40993,4.0,4,,,,,,,,
,,,,,40999,6.0,6,,,,,,,,
,,,,,41000,,,0.5442468523979187,-5.442468643188477,0.5308201313018799,3.7393946647644043,3.741091728210449,0.0003,0.0003,0.1
,,,,,41002,3.0,3,,,,,,,,
,,,,,41007,5.0,5,,,,,,,,
,,,,,41015,8.0,8,,,,,,,,
,,,,,41027,12.0,12,,,,,,,,
,,,,,41040,13.0,13,,,,,,,,
,,,,,41048,8.0,8,,,,,,,,
,,,,,41053,5.0,5,,,,,,,,
,,,,,41057,4.0,4,,,,,,,,
,,,,,41062,5.0,5,,,,,,,,
,,,,,41070,8.0,8,,,,,,,,
,,,,,41073,3.0,3,,,,,,,,
,,,,,41079,6.0,6,,,,,,,,
,,,,,41089,10.0,10,,,,,,,,
,,,,,41101,12.0,12,,,,,,,,
,,,,,41107,6.0,6,,,,,,,,
,,,,,41110,3.0,3,,,,,,,,
,,,,,41113,3.0,3,,,,,,,,
,,,,,41121,8.0,8,,,,,,,,
,,,,,41125,4.0,4,,,,,,,,
,,,,,41132,7.0,7,,,,,,,,
,,,,,41137,5.0,5,,,,,,,,
,,,,,41150,13.0,13,,,,,,,,
,,,,,41153,3.0,3,,,,,,,,
,,,,,41165,12.0,12,,,,,,,,
,,,,,41168,3.0,3,,,,,,,,
,,,,,41172,4.0,4,,,,,,,,
,,,,,41184,12.0,12,,,,,,,,
,,,,,41194,10.0,10,,,,,,,,
,,,,,41200,6.0,6,,,,,,,,
,,,,,41206,6.0,6,,,,,,,,
,,,,,41212,6.0,6,,,,,,,,
,,,,,41222,10.0,10,,,,,,,,
,,,,,41227,5.0,5,,,,,,,,
,,,,,41234,7.0,7,,,,,,,,
,,,,,41243,9.0,9,,,,,,,,
,,,,,41249,6.0,6,,,,,,,,
,,,,,41252,3.0,3,,,,,,,,
,,,,,41263,11.0,11,,,,,,,,
,,,,,41273,10.0,10,,,,,,,,
,,,,,41279,6.0,6,,,,,,,,
,,,,,41284,5.0,5,,,,,,,,
,,,,,41294,10.0,10,,,,,,,,
,,,,,41299,5.0,5,,,,,,,,
,,,,,41321,22.0,22,,,,,,,,
,,,,,41324,3.0,3,,,,,,,,
,,,,,41329,5.0,5,,,,,,,,
,,,,,41333,4.0,4,,,,,,,,
,,,,,41338,5.0,5,,,,,,,,
,,,,,41343,5.0,5,,,,,,,,
,,,,,41374,31.0,31,,,,,,,,
,,,,,41381,7.0,7,,,,,,,,
,,,,,41385,4.0,4,,,,,,,,
,,,,,41388,3.0,3,,,,,,,,
,,,,,41395,7.0,7,,,,,,,,
,,,,,41401,6.0,6,,,,,,,,
,,,,,41405,4.0,4,,,,,,,,
,,,,,41409,4.0,4,,,,,,,,
,,,,,41413,4.0,4,,,,,,,,
,,,,,41416,3.0,3,,,,,,,,
,,,,,41423,7.0,7,,,,,,,,
,,,,,41428,5.0,5,,,,,,,,
,,,,,41435,7.0,7,,,,,,,,
,,,,,41440,5.0,5,,,,,,,,
,,,,,41444,4.0,4,,,,,,,,
,,,,,41449,5.0,5,,,,,,,,
,,,,,41454,5.0,5,,,,,,,,
,,,,,41457,3.0,3,,,,,,,,
,,,,,41463,6.0,6,,,,,,,,
,,,,,41471,8.0,8,,,,,,,,
,,,,,41477,6.0,6,,,,,,,,
,,,,,41483,6.0,6,,,,,,,,
,,,,,41489,6.0,6,,,,,,,,
,,,,,41492,3.0,3,,,,,,,,
,,,,,41497,5.0,5,,,,,,,,
,,,,,41502,5.0,5,,,,,,,,
,,,,,41513,11.0,11,,,,,,,,
,,,,,41516,3.0,3,,,,,,,,
,,,,,41524,8.0,8,,,,,,,,
,,,,,41527,3.0,3,,,,,,,,
,,,,,41532,5.0,5,,,,,,,,
,,,,,41536,4.0,4,,,,,,,,
,,,,,41553,17.0,17,,,,,,,,
,,,,,41560,7.0,7,,,,,,,,
,,,,,41563,3.0,3,,,,,,,,
,,,,,41566,3.0,3,,,,,,,,
,,,,,41572,6.0,6,,,,,,,,
,,,,,41577,5.0,5,,,,,,,,
,,,,,41585,8.0,8,,,,,,,,
,,,,,41592,7.0,7,,,,,,,,
,,,,,41598,6.0,6,,,,,,,,
,,,,,41605,7.0,7,,,,,,,,
,,,,,41621,16.0,16,,,,,,,,
,,,,,41625,4.0,4,,,,,,,,
,,,,,41633,8.0,8,,,,,,,,
,,,,,41638,5.0,5,,,,,,,,
,,,,,41644,6.0,6,,,,,,,,
,,,,,41649,5.0,5,,,,,,,,
,,,,,41659,10.0,10,,,,,,,,
,,,,,41665,6.0,6,,,,,,,,
,,,,,41673,8.0,8,,,,,,,,
,,,,,41678,5.0,5,,,,,,,,
,,,,,41683,5.0,5,,,,,,,,
,,,,,41687,4.0,4,,,,,,,,
,,,,,41695,8.0,8,,,,,,,,
,,,,,41707,12.0,12,,,,,,,,
,,,,,41713,6.0,6,,,,,,,,
,,,,,41720,7.0,7,,,,,,,,
,,,,,41723,3.0,3,,,,,,,,
,,,,,41739,16.0,16,,,,,,,,
,,,,,41744,5.0,5,,,,,,,,
,,,,,41747,3.0,3,,,,,,,,
,,,,,41754,7.0,7,,,,,,,,
,,,,,41762,8.0,8,,,,,,,,
,,,,,41767,5.0,5,,,,,,,,
,,,,,41776,9.0,9,,,,,,,,
,,,,,41789,13.0,13,,,,,,,,
,,,,,41793,4.0,4,,,,,,,,
,,,,,41796,3.0,3,,,,,,,,
,,,,,41803,7.0,7,,,,,,,,
,,,,,41811,8.0,8,,,,,,,,
,,,,,41814,3.0,3,,,,,,,,
,,,,,41823,9.0,9,,,,,,,,
,,,,,41829,6.0,6,,,,,,,,
,,,,,41833,4.0,4,,,,,,,,
,,,,,41838,5.0,5,,,,,,,,
,,,,,41844,6.0,6,,,,,,,,
,,,,,41850,6.0,6,,,,,,,,
,,,,,41857,7.0,7,,,,,,,,
,,,,,41862,5.0,5,,,,,,,,
,,,,,41871,9.0,9,,,,,,,,
,,,,,41878,7.0,7,,,,,,,,
,,,,,41883,5.0,5,,,,,,,,
,,,,,41893,10.0,10,,,,,,,,
,,,,,41898,5.0,5,,,,,,,,
,,,,,41904,6.0,6,,,,,,,,
,,,,,41908,4.0,4,,,,,,,,
,,,,,41911,3.0,3,,,,,,,,
,,,,,41915,4.0,4,,,,,,,,
,,,,,41920,5.0,5,,,,,,,,
,,,,,41924,4.0,4,,,,,,,,
,,,,,41931,7.0,7,,,,,,,,
,,,,,41947,16.0,16,,,,,,,,
,,,,,41952,5.0,5,,,,,,,,
,,,,,41957,5.0,5,,,,,,,,
,,,,,41962,5.0,5,,,,,,,,
,,,,,41967,5.0,5,,,,,,,,
,,,,,41972,5.0,5,,,,,,,,
,,,,,41977,5.0,5,,,,,,,,
,,,,,41981,4.0,4,,,,,,,,
,,,,,41987,6.0,6,,,,,,,,
,,,,,41991,4.0,4,,,,,,,,
,,,,,41995,4.0,4,,,,,,,,
,,,,,42000,,,0.6976008415222168,-6.976008415222168,0.5684119462966919,2.9534778594970703,2.8862264156341553,0.0003,0.0003,0.1
,,,,,42003,8.0,8,,,,,,,,
,,,,,42008,5.0,5,,,,,,,,
,,,,,42011,3.0,3,,,,,,,,
,,,,,42018,7.0,7,,,,,,,,
,,,,,42022,4.0,4,,,,,,,,
,,,,,42037,15.0,15,,,,,,,,
,,,,,42042,5.0,5,,,,,,,,
,,,,,42047,5.0,5,,,,,,,,
,,,,,42055,8.0,8,,,,,,,,
,,,,,42059,4.0,4,,,,,,,,
,,,,,42066,7.0,7,,,,,,,,
,,,,,42069,3.0,3,,,,,,,,
,,,,,42074,5.0,5,,,,,,,,
,,,,,42079,5.0,5,,,,,,,,
,,,,,42084,5.0,5,,,,,,,,
,,,,,42089,5.0,5,,,,,,,,
,,,,,42096,7.0,7,,,,,,,,
,,,,,42101,5.0,5,,,,,,,,
,,,,,42104,3.0,3,,,,,,,,
,,,,,42107,3.0,3,,,,,,,,
,,,,,42112,5.0,5,,,,,,,,
,,,,,42133,21.0,21,,,,,,,,
,,,,,42145,12.0,12,,,,,,,,
,,,,,42152,7.0,7,,,,,,,,
,,,,,42158,6.0,6,,,,,,,,
,,,,,42163,5.0,5,,,,,,,,
,,,,,42172,9.0,9,,,,,,,,
,,,,,42186,14.0,14,,,,,,,,
,,,,,42189,3.0,3,,,,,,,,
,,,,,42192,3.0,3,,,,,,,,
,,,,,42197,5.0,5,,,,,,,,
,,,,,42203,6.0,6,,,,,,,,
,,,,,42210,7.0,7,,,,,,,,
,,,,,42213,3.0,3,,,,,,,,
,,,,,42220,7.0,7,,,,,,,,
,,,,,42225,5.0,5,,,,,,,,
,,,,,42229,4.0,4,,,,,,,,
,,,,,42236,7.0,7,,,,,,,,
,,,,,42241,5.0,5,,,,,,,,
,,,,,42246,5.0,5,,,,,,,,
,,,,,42250,4.0,4,,,,,,,,
,,,,,42253,3.0,3,,,,,,,,
,,,,,42264,11.0,11,,,,,,,,
,,,,,42276,12.0,12,,,,,,,,
,,,,,42294,18.0,18,,,,,,,,
,,,,,42298,4.0,4,,,,,,,,
,,,,,42302,4.0,4,,,,,,,,
,,,,,42309,7.0,7,,,,,,,,
,,,,,42316,7.0,7,,,,,,,,
,,,,,42325,9.0,9,,,,,,,,
,,,,,42329,4.0,4,,,,,,,,
,,,,,42334,5.0,5,,,,,,,,
,,,,,42337,3.0,3,,,,,,,,
,,,,,42348,11.0,11,,,,,,,,
,,,,,42356,8.0,8,,,,,,,,
,,,,,42359,3.0,3,,,,,,,,
,,,,,42369,10.0,10,,,,,,,,
,,,,,42373,4.0,4,,,,,,,,
,,,,,42378,5.0,5,,,,,,,,
,,,,,42383,5.0,5,,,,,,,,
,,,,,42390,7.0,7,,,,,,,,
,,,,,42394,4.0,4,,,,,,,,
,,,,,42397,3.0,3,,,,,,,,
,,,,,42402,5.0,5,,,,,,,,
,,,,,42407,5.0,5,,,,,,,,
,,,,,42417,10.0,10,,,,,,,,
,,,,,42422,5.0,5,,,,,,,,
,,,,,42427,5.0,5,,,,,,,,
,,,,,42432,5.0,5,,,,,,,,
,,,,,42437,5.0,5,,,,,,,,
,,,,,42442,5.0,5,,,,,,,,
,,,,,42448,6.0,6,,,,,,,,
,,,,,42453,5.0,5,,,,,,,,
,,,,,42458,5.0,5,,,,,,,,
,,,,,42462,4.0,4,,,,,,,,
,,,,,42467,5.0,5,,,,,,,,
,,,,,42473,6.0,6,,,,,,,,
,,,,,42476,3.0,3,,,,,,,,
,,,,,42481,5.0,5,,,,,,,,
,,,,,42486,5.0,5,,,,,,,,
,,,,,42496,10.0,10,,,,,,,,
,,,,,42501,5.0,5,,,,,,,,
,,,,,42506,5.0,5,,,,,,,,
,,,,,42511,5.0,5,,,,,,,,
,,,,,42516,5.0,5,,,,,,,,
,,,,,42521,5.0,5,,,,,,,,
,,,,,42526,5.0,5,,,,,,,,
,,,,,42531,5.0,5,,,,,,,,
,,,,,42535,4.0,4,,,,,,,,
,,,,,42539,4.0,4,,,,,,,,
,,,,,42547,8.0,8,,,,,,,,
,,,,,42555,8.0,8,,,,,,,,
,,,,,42558,3.0,3,,,,,,,,
,,,,,42569,11.0,11,,,,,,,,
,,,,,42574,5.0,5,,,,,,,,
,,,,,42580,6.0,6,,,,,,,,
,,,,,42585,5.0,5,,,,,,,,
,,,,,42590,5.0,5,,,,,,,,
,,,,,42594,4.0,4,,,,,,,,
,,,,,42602,8.0,8,,,,,,,,
,,,,,42608,6.0,6,,,,,,,,
,,,,,42613,5.0,5,,,,,,,,
,,,,,42619,6.0,6,,,,,,,,
,,,,,42624,5.0,5,,,,,,,,
,,,,,42629,5.0,5,,,,,,,,
,,,,,42633,4.0,4,,,,,,,,
,,,,,42640,7.0,7,,,,,,,,
,,,,,42643,3.0,3,,,,,,,,
,,,,,42654,11.0,11,,,,,,,,
,,,,,42661,7.0,7,,,,,,,,
,,,,,42667,6.0,6,,,,,,,,
,,,,,42673,6.0,6,,,,,,,,
,,,,,42706,33.0,33,,,,,,,,
,,,,,42724,18.0,18,,,,,,,,
,,,,,42732,8.0,8,,,,,,,,
,,,,,42754,22.0,22,,,,,,,,
,,,,,42758,4.0,4,,,,,,,,
,,,,,42762,4.0,4,,,,,,,,
,,,,,42769,7.0,7,,,,,,,,
,,,,,42783,14.0,14,,,,,,,,
,,,,,42786,3.0,3,,,,,,,,
,,,,,42791,5.0,5,,,,,,,,
,,,,,42802,11.0,11,,,,,,,,
,,,,,42821,19.0,19,,,,,,,,
,,,,,42838,17.0,17,,,,,,,,
,,,,,42857,19.0,19,,,,,,,,
,,,,,42879,22.0,22,,,,,,,,
,,,,,42886,7.0,7,,,,,,,,
,,,,,42896,10.0,10,,,,,,,,
,,,,,42903,7.0,7,,,,,,,,
,,,,,42907,4.0,4,,,,,,,,
,,,,,42924,17.0,17,,,,,,,,
,,,,,42935,11.0,11,,,,,,,,
,,,,,42944,9.0,9,,,,,,,,
,,,,,42949,5.0,5,,,,,,,,
,,,,,42967,18.0,18,,,,,,,,
,,,,,42976,9.0,9,,,,,,,,
,,,,,42981,5.0,5,,,,,,,,
,,,,,42994,13.0,13,,,,,,,,
,,,,,43000,,,0.5101991295814514,-5.101991176605225,0.4404982328414917,2.7389063835144043,2.6972508430480957,0.0003,0.0003,0.1
,,,,,43005,11.0,11,,,,,,,,
,,,,,43009,4.0,4,,,,,,,,
,,,,,43016,7.0,7,,,,,,,,
,,,,,43031,15.0,15,,,,,,,,
,,,,,43039,8.0,8,,,,,,,,
,,,,,43045,6.0,6,,,,,,,,
,,,,,43053,8.0,8,,,,,,,,
,,,,,43077,24.0,24,,,,,,,,
,,,,,43084,7.0,7,,,,,,,,
,,,,,43104,20.0,20,,,,,,,,
,,,,,43112,8.0,8,,,,,,,,
,,,,,43126,14.0,14,,,,,,,,
,,,,,43132,6.0,6,,,,,,,,
,,,,,43139,7.0,7,,,,,,,,
,,,,,43151,12.0,12,,,,,,,,
,,,,,43159,8.0,8,,,,,,,,
,,,,,43170,11.0,11,,,,,,,,
,,,,,43187,17.0,17,,,,,,,,
,,,,,43191,4.0,4,,,,,,,,
,,,,,43200,9.0,9,,,,,,,,
,,,,,43212,12.0,12,,,,,,,,
,,,,,43216,4.0,4,,,,,,,,
,,,,,43222,6.0,6,,,,,,,,
,,,,,43293,71.0,71,,,,,,,,
,,,,,43300,7.0,7,,,,,,,,
,,,,,43315,15.0,15,,,,,,,,
,,,,,43325,10.0,10,,,,,,,,
,,,,,43334,9.0,9,,,,,,,,
,,,,,43344,10.0,10,,,,,,,,
,,,,,43350,6.0,6,,,,,,,,
,,,,,43369,19.0,19,,,,,,,,
,,,,,43381,12.0,12,,,,,,,,
,,,,,43390,9.0,9,,,,,,,,
,,,,,43400,10.0,10,,,,,,,,
,,,,,43417,17.0,17,,,,,,,,
,,,,,43420,3.0,3,,,,,,,,
,,,,,43445,25.0,25,,,,,,,,
,,,,,43456,11.0,11,,,,,,,,
,,,,,43467,11.0,11,,,,,,,,
,,,,,43483,16.0,16,,,,,,,,
,,,,,43492,9.0,9,,,,,,,,
,,,,,43507,15.0,15,,,,,,,,
,,,,,43512,5.0,5,,,,,,,,
,,,,,43520,8.0,8,,,,,,,,
,,,,,43526,6.0,6,,,,,,,,
,,,,,43529,3.0,3,,,,,,,,
,,,,,43540,11.0,11,,,,,,,,
,,,,,43547,7.0,7,,,,,,,,
,,,,,43564,17.0,17,,,,,,,,
,,,,,43575,11.0,11,,,,,,,,
,,,,,43591,16.0,16,,,,,,,,
,,,,,43602,11.0,11,,,,,,,,
,,,,,43611,9.0,9,,,,,,,,
,,,,,43618,7.0,7,,,,,,,,
,,,,,43626,8.0,8,,,,,,,,
,,,,,43639,13.0,13,,,,,,,,
,,,,,43652,13.0,13,,,,,,,,
,,,,,43661,9.0,9,,,,,,,,
,,,,,43677,16.0,16,,,,,,,,
,,,,,43682,5.0,5,,,,,,,,
,,,,,43694,12.0,12,,,,,,,,
,,,,,43703,9.0,9,,,,,,,,
,,,,,43720,17.0,17,,,,,,,,
,,,,,43739,19.0,19,,,,,,,,
,,,,,43749,10.0,10,,,,,,,,
,,,,,43754,5.0,5,,,,,,,,
,,,,,43767,13.0,13,,,,,,,,
,,,,,43772,5.0,5,,,,,,,,
,,,,,43775,3.0,3,,,,,,,,
,,,,,43789,14.0,14,,,,,,,,
,,,,,43807,18.0,18,,,,,,,,
,,,,,43844,37.0,37,,,,,,,,
,,,,,43853,9.0,9,,,,,,,,
,,,,,43864,11.0,11,,,,,,,,
,,,,,43891,27.0,27,,,,,,,,
,,,,,43904,13.0,13,,,,,,,,
,,,,,43909,5.0,5,,,,,,,,
,,,,,43921,12.0,12,,,,,,,,
,,,,,43932,11.0,11,,,,,,,,
,,,,,43949,17.0,17,,,,,,,,
,,,,,43955,6.0,6,,,,,,,,
,,,,,43960,5.0,5,,,,,,,,
,,,,,43972,12.0,12,,,,,,,,
,,,,,43977,5.0,5,,,,,,,,
,,,,,43985,8.0,8,,,,,,,,
,,,,,43991,6.0,6,,,,,,,,
,,,,,44000,,,0.6645333170890808,-6.645333290100098,0.5950536727905273,2.8975603580474854,2.8464484214782715,0.0003,0.0003,0.1
,,,,,44011,20.0,20,,,,,,,,
,,,,,44024,13.0,13,,,,,,,,
,,,,,44050,26.0,26,,,,,,,,
,,,,,44064,14.0,14,,,,,,,,
,,,,,44081,17.0,17,,,,,,,,
,,,,,44091,10.0,10,,,,,,,,
,,,,,44096,5.0,5,,,,,,,,
,,,,,44101,5.0,5,,,,,,,,
,,,,,44106,5.0,5,,,,,,,,
,,,,,44129,23.0,23,,,,,,,,
,,,,,44159,30.0,30,,,,,,,,
,,,,,44166,7.0,7,,,,,,,,
,,,,,44169,3.0,3,,,,,,,,
,,,,,44187,18.0,18,,,,,,,,
,,,,,44198,11.0,11,,,,,,,,
,,,,,44203,5.0,5,,,,,,,,
,,,,,44215,12.0,12,,,,,,,,
,,,,,44225,10.0,10,,,,,,,,
,,,,,44237,12.0,12,,,,,,,,
,,,,,44248,11.0,11,,,,,,,,
,,,,,44253,5.0,5,,,,,,,,
,,,,,44264,11.0,11,,,,,,,,
,,,,,44271,7.0,7,,,,,,,,
,,,,,44275,4.0,4,,,,,,,,
,,,,,44283,8.0,8,,,,,,,,
,,,,,44315,32.0,32,,,,,,,,
,,,,,44331,16.0,16,,,,,,,,
,,,,,44344,13.0,13,,,,,,,,
,,,,,44356,12.0,12,,,,,,,,
,,,,,44359,3.0,3,,,,,,,,
,,,,,44365,6.0,6,,,,,,,,
,,,,,44390,25.0,25,,,,,,,,
,,,,,44397,7.0,7,,,,,,,,
,,,,,44404,7.0,7,,,,,,,,
,,,,,44420,16.0,16,,,,,,,,
,,,,,44432,12.0,12,,,,,,,,
,,,,,44457,25.0,25,,,,,,,,
,,,,,44492,35.0,35,,,,,,,,
,,,,,44502,10.0,10,,,,,,,,
,,,,,44507,5.0,5,,,,,,,,
,,,,,44512,5.0,5,,,,,,,,
,,,,,44531,19.0,19,,,,,,,,
,,,,,44537,6.0,6,,,,,,,,
,,,,,44545,8.0,8,,,,,,,,
,,,,,44571,26.0,26,,,,,,,,
,,,,,44582,11.0,11,,,,,,,,
,,,,,44599,17.0,17,,,,,,,,
,,,,,44604,5.0,5,,,,,,,,
,,,,,44618,14.0,14,,,,,,,,
,,,,,44639,21.0,21,,,,,,,,
,,,,,44647,8.0,8,,,,,,,,
,,,,,44661,14.0,14,,,,,,,,
,,,,,44678,17.0,17,,,,,,,,
,,,,,44686,8.0,8,,,,,,,,
,,,,,44707,21.0,21,,,,,,,,
,,,,,44712,5.0,5,,,,,,,,
,,,,,44715,3.0,3,,,,,,,,
,,,,,44741,26.0,26,,,,,,,,
,,,,,44750,9.0,9,,,,,,,,
,,,,,44760,10.0,10,,,,,,,,
,,,,,44769,9.0,9,,,,,,,,
,,,,,44780,11.0,11,,,,,,,,
,,,,,44795,15.0,15,,,,,,,,
,,,,,44804,9.0,9,,,,,,,,
,,,,,44809,5.0,5,,,,,,,,
,,,,,44815,6.0,6,,,,,,,,
,,,,,44820,5.0,5,,,,,,,,
,,,,,44833,13.0,13,,,,,,,,
,,,,,44851,18.0,18,,,,,,,,
,,,,,44860,9.0,9,,,,,,,,
,,,,,44866,6.0,6,,,,,,,,
,,,,,44878,12.0,12,,,,,,,,
,,,,,44889,11.0,11,,,,,,,,
,,,,,44897,8.0,8,,,,,,,,
,,,,,44932,35.0,35,,,,,,,,
,,,,,44948,16.0,16,,,,,,,,
,,,,,44981,33.0,33,,,,,,,,
,,,,,44993,12.0,12,,,,,,,,
9.4,5.4990907,21.0,5.0,9.4,45000,,,0.5786595344543457,-5.786595344543457,0.3694886565208435,3.085845947265625,3.112650156021118,0.0003,0.0003,0.1
,,,,,45006,13.0,13,,,,,,,,
,,,,,45011,5.0,5,,,,,,,,
,,,,,45027,16.0,16,,,,,,,,
,,,,,45035,8.0,8,,,,,,,,
,,,,,45055,20.0,20,,,,,,,,
,,,,,45064,9.0,9,,,,,,,,
,,,,,45067,3.0,3,,,,,,,,
,,,,,45071,4.0,4,,,,,,,,
,,,,,45087,16.0,16,,,,,,,,
,,,,,45101,14.0,14,,,,,,,,
,,,,,45126,25.0,25,,,,,,,,
,,,,,45131,5.0,5,,,,,,,,
,,,,,45154,23.0,23,,,,,,,,
,,,,,45169,15.0,15,,,,,,,,
,,,,,45177,8.0,8,,,,,,,,
,,,,,45186,9.0,9,,,,,,,,
,,,,,45193,7.0,7,,,,,,,,
,,,,,45210,17.0,17,,,,,,,,
,,,,,45246,36.0,36,,,,,,,,
,,,,,45252,6.0,6,,,,,,,,
,,,,,45258,6.0,6,,,,,,,,
,,,,,45271,13.0,13,,,,,,,,
,,,,,45274,3.0,3,,,,,,,,
,,,,,45277,3.0,3,,,,,,,,
,,,,,45282,5.0,5,,,,,,,,
,,,,,45297,15.0,15,,,,,,,,
,,,,,45305,8.0,8,,,,,,,,
,,,,,45310,5.0,5,,,,,,,,
,,,,,45330,20.0,20,,,,,,,,
,,,,,45335,5.0,5,,,,,,,,
,,,,,45359,24.0,24,,,,,,,,
,,,,,45365,6.0,6,,,,,,,,
,,,,,45371,6.0,6,,,,,,,,
,,,,,45383,12.0,12,,,,,,,,
,,,,,45388,5.0,5,,,,,,,,
,,,,,45417,29.0,29,,,,,,,,
,,,,,45424,7.0,7,,,,,,,,
,,,,,45436,12.0,12,,,,,,,,
,,,,,45441,5.0,5,,,,,,,,
,,,,,45450,9.0,9,,,,,,,,
,,,,,45455,5.0,5,,,,,,,,
,,,,,45477,22.0,22,,,,,,,,
,,,,,45492,15.0,15,,,,,,,,
,,,,,45536,44.0,44,,,,,,,,
,,,,,45564,28.0,28,,,,,,,,
,,,,,45581,17.0,17,,,,,,,,
,,,,,45590,9.0,9,,,,,,,,
,,,,,45598,8.0,8,,,,,,,,
,,,,,45636,38.0,38,,,,,,,,
,,,,,45646,10.0,10,,,,,,,,
,,,,,45656,10.0,10,,,,,,,,
,,,,,45677,21.0,21,,,,,,,,
,,,,,45691,14.0,14,,,,,,,,
,,,,,45696,5.0,5,,,,,,,,
,,,,,45701,5.0,5,,,,,,,,
,,,,,45704,3.0,3,,,,,,,,
,,,,,45723,19.0,19,,,,,,,,
,,,,,45734,11.0,11,,,,,,,,
,,,,,45759,25.0,25,,,,,,,,
,,,,,45768,9.0,9,,,,,,,,
,,,,,45771,3.0,3,,,,,,,,
,,,,,45780,9.0,9,,,,,,,,
,,,,,45794,14.0,14,,,,,,,,
,,,,,45806,12.0,12,,,,,,,,
,,,,,45817,11.0,11,,,,,,,,
,,,,,45832,15.0,15,,,,,,,,
,,,,,45835,3.0,3,,,,,,,,
,,,,,45838,3.0,3,,,,,,,,
,,,,,45864,26.0,26,,,,,,,,
,,,,,45879,15.0,15,,,,,,,,
,,,,,45884,5.0,5,,,,,,,,
,,,,,45888,4.0,4,,,,,,,,
,,,,,45896,8.0,8,,,,,,,,
,,,,,45904,8.0,8,,,,,,,,
,,,,,45914,10.0,10,,,,,,,,
,,,,,45931,17.0,17,,,,,,,,
,,,,,45934,3.0,3,,,,,,,,
,,,,,45946,12.0,12,,,,,,,,
,,,,,45955,9.0,9,,,,,,,,
,,,,,45962,7.0,7,,,,,,,,
,,,,,45970,8.0,8,,,,,,,,
,,,,,45984,14.0,14,,,,,,,,
,,,,,45989,5.0,5,,,,,,,,
,,,,,45996,7.0,7,,,,,,,,
,,,,,46000,,,0.5392681956291199,-5.39268159866333,0.922645092010498,3.1269145011901855,2.968726634979248,0.0003,0.0003,0.1
,,,,,46004,8.0,8,,,,,,,,
,,,,,46012,8.0,8,,,,,,,,
,,,,,46024,12.0,12,,,,,,,,
,,,,,46032,8.0,8,,,,,,,,
,,,,,46044,12.0,12,,,,,,,,
,,,,,46050,6.0,6,,,,,,,,
,,,,,46053,3.0,3,,,,,,,,
,,,,,46063,10.0,10,,,,,,,,
,,,,,46071,8.0,8,,,,,,,,
,,,,,46077,6.0,6,,,,,,,,
,,,,,46080,3.0,3,,,,,,,,
,,,,,46087,7.0,7,,,,,,,,
,,,,,46092,5.0,5,,,,,,,,
,,,,,46096,4.0,4,,,,,,,,
,,,,,46101,5.0,5,,,,,,,,
,,,,,46104,3.0,3,,,,,,,,
,,,,,46118,14.0,14,,,,,,,,
,,,,,46126,8.0,8,,,,,,,,
,,,,,46158,32.0,32,,,,,,,,
,,,,,46167,9.0,9,,,,,,,,
,,,,,46177,10.0,10,,,,,,,,
,,,,,46184,7.0,7,,,,,,,,
,,,,,46189,5.0,5,,,,,,,,
,,,,,46196,7.0,7,,,,,,,,
,,,,,46207,11.0,11,,,,,,,,
,,,,,46214,7.0,7,,,,,,,,
,,,,,46225,11.0,11,,,,,,,,
,,,,,46228,3.0,3,,,,,,,,
,,,,,46231,3.0,3,,,,,,,,
,,,,,46248,17.0,17,,,,,,,,
,,,,,46263,15.0,15,,,,,,,,
,,,,,46277,14.0,14,,,,,,,,
,,,,,46282,5.0,5,,,,,,,,
,,,,,46288,6.0,6,,,,,,,,
,,,,,46325,37.0,37,,,,,,,,
,,,,,46328,3.0,3,,,,,,,,
,,,,,46351,23.0,23,,,,,,,,
,,,,,46395,44.0,44,,,,,,,,
,,,,,46398,3.0,3,,,,,,,,
,,,,,46402,4.0,4,,,,,,,,
,,,,,46405,3.0,3,,,,,,,,
,,,,,46427,22.0,22,,,,,,,,
,,,,,46449,22.0,22,,,,,,,,
,,,,,46456,7.0,7,,,,,,,,
,,,,,46470,14.0,14,,,,,,,,
,,,,,46475,5.0,5,,,,,,,,
,,,,,46479,4.0,4,,,,,,,,
,,,,,46486,7.0,7,,,,,,,,
,,,,,46494,8.0,8,,,,,,,,
,,,,,46504,10.0,10,,,,,,,,
,,,,,46522,18.0,18,,,,,,,,
,,,,,46531,9.0,9,,,,,,,,
,,,,,46544,13.0,13,,,,,,,,
,,,,,46548,4.0,4,,,,,,,,
,,,,,46558,10.0,10,,,,,,,,
,,,,,46566,8.0,8,,,,,,,,
,,,,,46584,18.0,18,,,,,,,,
,,,,,46587,3.0,3,,,,,,,,
,,,,,46600,13.0,13,,,,,,,,
,,,,,46617,17.0,17,,,,,,,,
,,,,,46621,4.0,4,,,,,,,,
,,,,,46628,7.0,7,,,,,,,,
,,,,,46638,10.0,10,,,,,,,,
,,,,,46651,13.0,13,,,,,,,,
,,,,,46656,5.0,5,,,,,,,,
,,,,,46681,25.0,25,,,,,,,,
,,,,,46693,12.0,12,,,,,,,,
,,,,,46705,12.0,12,,,,,,,,
,,,,,46713,8.0,8,,,,,,,,
,,,,,46728,15.0,15,,,,,,,,
,,,,,46739,11.0,11,,,,,,,,
,,,,,46758,19.0,19,,,,,,,,
,,,,,46771,13.0,13,,,,,,,,
,,,,,46781,10.0,10,,,,,,,,
,,,,,46808,27.0,27,,,,,,,,
,,,,,46811,3.0,3,,,,,,,,
,,,,,46818,7.0,7,,,,,,,,
,,,,,46824,6.0,6,,,,,,,,
,,,,,46839,15.0,15,,,,,,,,
,,,,,46846,7.0,7,,,,,,,,
,,,,,46858,12.0,12,,,,,,,,
,,,,,46878,20.0,20,,,,,,,,
,,,,,46890,12.0,12,,,,,,,,
,,,,,46914,24.0,24,,,,,,,,
,,,,,46922,8.0,8,,,,,,,,
,,,,,46932,10.0,10,,,,,,,,
,,,,,46948,16.0,16,,,,,,,,
,,,,,46963,15.0,15,,,,,,,,
,,,,,46979,16.0,16,,,,,,,,
,,,,,46987,8.0,8,,,,,,,,
,,,,,47000,,,0.5401844382286072,-5.401844501495361,0.5762767791748047,3.164674758911133,3.191305637359619,0.0003,0.0003,0.1
,,,,,47003,16.0,16,,,,,,,,
,,,,,47016,13.0,13,,,,,,,,
,,,,,47021,5.0,5,,,,,,,,
,,,,,47026,5.0,5,,,,,,,,
,,,,,47052,26.0,26,,,,,,,,
,,,,,47055,3.0,3,,,,,,,,
,,,,,47070,15.0,15,,,,,,,,
,,,,,47080,10.0,10,,,,,,,,
,,,,,47089,9.0,9,,,,,,,,
,,,,,47094,5.0,5,,,,,,,,
,,,,,47100,6.0,6,,,,,,,,
,,,,,47113,13.0,13,,,,,,,,
,,,,,47117,4.0,4,,,,,,,,
,,,,,47120,3.0,3,,,,,,,,
,,,,,47125,5.0,5,,,,,,,,
,,,,,47130,5.0,5,,,,,,,,
,,,,,47160,30.0,30,,,,,,,,
,,,,,47186,26.0,26,,,,,,,,
,,,,,47194,8.0,8,,,,,,,,
,,,,,47208,14.0,14,,,,,,,,
,,,,,47228,20.0,20,,,,,,,,
,,,,,47236,8.0,8,,,,,,,,
,,,,,47246,10.0,10,,,,,,,,
,,,,,47291,45.0,45,,,,,,,,
,,,,,47333,42.0,42,,,,,,,,
,,,,,47341,8.0,8,,,,,,,,
,,,,,47369,28.0,28,,,,,,,,
,,,,,47374,5.0,5,,,,,,,,
,,,,,47383,9.0,9,,,,,,,,
,,,,,47388,5.0,5,,,,,,,,
,,,,,47397,9.0,9,,,,,,,,
,,,,,47409,12.0,12,,,,,,,,
,,,,,47417,8.0,8,,,,,,,,
,,,,,47429,12.0,12,,,,,,,,
,,,,,47432,3.0,3,,,,,,,,
,,,,,47438,6.0,6,,,,,,,,
,,,,,47449,11.0,11,,,,,,,,
,,,,,47454,5.0,5,,,,,,,,
,,,,,47460,6.0,6,,,,,,,,
,,,,,47468,8.0,8,,,,,,,,
,,,,,47478,10.0,10,,,,,,,,
,,,,,47484,6.0,6,,,,,,,,
,,,,,47489,5.0,5,,,,,,,,
,,,,,47498,9.0,9,,,,,,,,
,,,,,47510,12.0,12,,,,,,,,
,,,,,47519,9.0,9,,,,,,,,
,,,,,47524,5.0,5,,,,,,,,
,,,,,47527,3.0,3,,,,,,,,
,,,,,47531,4.0,4,,,,,,,,
,,,,,47534,3.0,3,,,,,,,,
,,,,,47539,5.0,5,,,,,,,,
,,,,,47549,10.0,10,,,,,,,,
,,,,,47556,7.0,7,,,,,,,,
,,,,,47566,10.0,10,,,,,,,,
,,,,,47604,38.0,38,,,,,,,,
,,,,,47623,19.0,19,,,,,,,,
,,,,,47628,5.0,5,,,,,,,,
,,,,,47650,22.0,22,,,,,,,,
,,,,,47653,3.0,3,,,,,,,,
,,,,,47659,6.0,6,,,,,,,,
,,,,,47684,25.0,25,,,,,,,,
,,,,,47706,22.0,22,,,,,,,,
,,,,,47711,5.0,5,,,,,,,,
,,,,,47723,12.0,12,,,,,,,,
,,,,,47737,14.0,14,,,,,,,,
,,,,,47758,21.0,21,,,,,,,,
,,,,,47767,9.0,9,,,,,,,,
,,,,,47772,5.0,5,,,,,,,,
,,,,,47784,12.0,12,,,,,,,,
,,,,,47792,8.0,8,,,,,,,,
,,,,,47804,12.0,12,,,,,,,,
,,,,,47828,24.0,24,,,,,,,,
,,,,,47844,16.0,16,,,,,,,,
,,,,,47855,11.0,11,,,,,,,,
,,,,,47860,5.0,5,,,,,,,,
,,,,,47878,18.0,18,,,,,,,,
,,,,,47886,8.0,8,,,,,,,,
,,,,,47893,7.0,7,,,,,,,,
,,,,,47896,3.0,3,,,,,,,,
,,,,,47905,9.0,9,,,,,,,,
,,,,,47913,8.0,8,,,,,,,,
,,,,,47919,6.0,6,,,,,,,,
,,,,,47924,5.0,5,,,,,,,,
,,,,,47929,5.0,5,,,,,,,,
,,,,,47934,5.0,5,,,,,,,,
,,,,,47962,28.0,28,,,,,,,,
,,,,,47967,5.0,5,,,,,,,,
,,,,,47975,8.0,8,,,,,,,,
,,,,,47993,18.0,18,,,,,,,,
,,,,,47998,5.0,5,,,,,,,,
,,,,,48000,,,0.46902990341186523,-4.690299034118652,1.0973355770111084,3.882551908493042,4.0593461990356445,0.0003,0.0003,0.1
,,,,,48005,7.0,7,,,,,,,,
,,,,,48021,16.0,16,,,,,,,,
,,,,,48024,3.0,3,,,,,,,,
,,,,,48034,10.0,10,,,,,,,,
,,,,,48057,23.0,23,,,,,,,,
,,,,,48094,37.0,37,,,,,,,,
,,,,,48102,8.0,8,,,,,,,,
,,,,,48107,5.0,5,,,,,,,,
,,,,,48110,3.0,3,,,,,,,,
,,,,,48116,6.0,6,,,,,,,,
,,,,,48119,3.0,3,,,,,,,,
,,,,,48122,3.0,3,,,,,,,,
,,,,,48141,19.0,19,,,,,,,,
,,,,,48148,7.0,7,,,,,,,,
,,,,,48164,16.0,16,,,,,,,,
,,,,,48183,19.0,19,,,,,,,,
,,,,,48188,5.0,5,,,,,,,,
,,,,,48195,7.0,7,,,,,,,,
,,,,,48221,26.0,26,,,,,,,,
,,,,,48228,7.0,7,,,,,,,,
,,,,,48236,8.0,8,,,,,,,,
,,,,,48246,10.0,10,,,,,,,,
,,,,,48250,4.0,4,,,,,,,,
,,,,,48262,12.0,12,,,,,,,,
,,,,,48283,21.0,21,,,,,,,,
,,,,,48294,11.0,11,,,,,,,,
,,,,,48311,17.0,17,,,,,,,,
,,,,,48314,3.0,3,,,,,,,,
,,,,,48325,11.0,11,,,,,,,,
,,,,,48328,3.0,3,,,,,,,,
,,,,,48332,4.0,4,,,,,,,,
,,,,,48360,28.0,28,,,,,,,,
,,,,,48370,10.0,10,,,,,,,,
,,,,,48384,14.0,14,,,,,,,,
,,,,,48397,13.0,13,,,,,,,,
,,,,,48416,19.0,19,,,,,,,,
,,,,,48429,13.0,13,,,,,,,,
,,,,,48434,5.0,5,,,,,,,,
,,,,,48440,6.0,6,,,,,,,,
,,,,,48451,11.0,11,,,,,,,,
,,,,,48468,17.0,17,,,,,,,,
,,,,,48480,12.0,12,,,,,,,,
,,,,,48488,8.0,8,,,,,,,,
,,,,,48499,11.0,11,,,,,,,,
,,,,,48504,5.0,5,,,,,,,,
,,,,,48509,5.0,5,,,,,,,,
,,,,,48526,17.0,17,,,,,,,,
,,,,,48531,5.0,5,,,,,,,,
,,,,,48534,3.0,3,,,,,,,,
,,,,,48556,22.0,22,,,,,,,,
,,,,,48584,28.0,28,,,,,,,,
,,,,,48623,39.0,39,,,,,,,,
,,,,,48626,3.0,3,,,,,,,,
,,,,,48639,13.0,13,,,,,,,,
,,,,,48665,26.0,26,,,,,,,,
,,,,,48678,13.0,13,,,,,,,,
,,,,,48686,8.0,8,,,,,,,,
,,,,,48719,33.0,33,,,,,,,,
,,,,,48735,16.0,16,,,,,,,,
,,,,,48740,5.0,5,,,,,,,,
,,,,,48754,14.0,14,,,,,,,,
,,,,,48757,3.0,3,,,,,,,,
,,,,,48762,5.0,5,,,,,,,,
,,,,,48770,8.0,8,,,,,,,,
,,,,,48773,3.0,3,,,,,,,,
,,,,,48786,13.0,13,,,,,,,,
,,,,,48794,8.0,8,,,,,,,,
,,,,,48801,7.0,7,,,,,,,,
,,,,,48806,5.0,5,,,,,,,,
,,,,,48814,8.0,8,,,,,,,,
,,,,,48818,4.0,4,,,,,,,,
,,,,,48824,6.0,6,,,,,,,,
,,,,,48839,15.0,15,,,,,,,,
,,,,,48843,4.0,4,,,,,,,,
,,,,,48848,5.0,5,,,,,,,,
,,,,,48860,12.0,12,,,,,,,,
,,,,,48881,21.0,21,,,,,,,,
,,,,,48888,7.0,7,,,,,,,,
,,,,,48892,4.0,4,,,,,,,,
,,,,,48901,9.0,9,,,,,,,,
,,,,,48909,8.0,8,,,,,,,,
,,,,,48923,14.0,14,,,,,,,,
,,,,,48926,3.0,3,,,,,,,,
,,,,,48933,7.0,7,,,,,,,,
,,,,,48957,24.0,24,,,,,,,,
,,,,,48973,16.0,16,,,,,,,,
,,,,,48977,4.0,4,,,,,,,,
,,,,,48983,6.0,6,,,,,,,,
,,,,,49000,,,0.4571441113948822,-4.571441173553467,1.3070330619812012,3.9055347442626953,3.8365566730499268,0.0003,0.0003,0.1
,,,,,49004,21.0,21,,,,,,,,
,,,,,49016,12.0,12,,,,,,,,
,,,,,49026,10.0,10,,,,,,,,
,,,,,49060,34.0,34,,,,,,,,
,,,,,49085,25.0,25,,,,,,,,
,,,,,49105,20.0,20,,,,,,,,
,,,,,49118,13.0,13,,,,,,,,
,,,,,49139,21.0,21,,,,,,,,
,,,,,49154,15.0,15,,,,,,,,
,,,,,49192,38.0,38,,,,,,,,
,,,,,49200,8.0,8,,,,,,,,
,,,,,49217,17.0,17,,,,,,,,
,,,,,49237,20.0,20,,,,,,,,
,,,,,49248,11.0,11,,,,,,,,
,,,,,49253,5.0,5,,,,,,,,
,,,,,49256,3.0,3,,,,,,,,
,,,,,49268,12.0,12,,,,,,,,
,,,,,49291,23.0,23,,,,,,,,
,,,,,49310,19.0,19,,,,,,,,
,,,,,49321,11.0,11,,,,,,,,
,,,,,49330,9.0,9,,,,,,,,
,,,,,49335,5.0,5,,,,,,,,
,,,,,49340,5.0,5,,,,,,,,
,,,,,49348,8.0,8,,,,,,,,
,,,,,49358,10.0,10,,,,,,,,
,,,,,49368,10.0,10,,,,,,,,
,,,,,49374,6.0,6,,,,,,,,
,,,,,49379,5.0,5,,,,,,,,
,,,,,49389,10.0,10,,,,,,,,
,,,,,49397,8.0,8,,,,,,,,
,,,,,49404,7.0,7,,,,,,,,
,,,,,49431,27.0,27,,,,,,,,
,,,,,49455,24.0,24,,,,,,,,
,,,,,49458,3.0,3,,,,,,,,
,,,,,49463,5.0,5,,,,,,,,
,,,,,49493,30.0,30,,,,,,,,
,,,,,49532,39.0,39,,,,,,,,
,,,,,49538,6.0,6,,,,,,,,
,,,,,49561,23.0,23,,,,,,,,
,,,,,49584,23.0,23,,,,,,,,
,,,,,49608,24.0,24,,,,,,,,
,,,,,49613,5.0,5,,,,,,,,
,,,,,49624,11.0,11,,,,,,,,
,,,,,49654,30.0,30,,,,,,,,
,,,,,49692,38.0,38,,,,,,,,
,,,,,49705,13.0,13,,,,,,,,
,,,,,49717,12.0,12,,,,,,,,
,,,,,49740,23.0,23,,,,,,,,
,,,,,49746,6.0,6,,,,,,,,
,,,,,49761,15.0,15,,,,,,,,
,,,,,49765,4.0,4,,,,,,,,
,,,,,49798,33.0,33,,,,,,,,
,,,,,49804,6.0,6,,,,,,,,
,,,,,49807,3.0,3,,,,,,,,
,,,,,49812,5.0,5,,,,,,,,
,,,,,49855,43.0,43,,,,,,,,
,,,,,49869,14.0,14,,,,,,,,
,,,,,49886,17.0,17,,,,,,,,
,,,,,49891,5.0,5,,,,,,,,
,,,,,49897,6.0,6,,,,,,,,
,,,,,49904,7.0,7,,,,,,,,
,,,,,49910,6.0,6,,,,,,,,
,,,,,49915,5.0,5,,,,,,,,
,,,,,49936,21.0,21,,,,,,,,
,,,,,49955,19.0,19,,,,,,,,
,,,,,49969,14.0,14,,,,,,,,
,,,,,49986,17.0,17,,,,,,,,
