Eval_AverageReturn,Eval_StdReturn,Eval_MaxReturn,Eval_MinReturn,Eval_AverageEpLen,step,Train_EpisodeReturn,Train_EpisodeLen,actor_loss,entropy,critic_loss,q_values,target_values,actor_lr,critic_lr,temperature
6.8,4.0199504,15.0,3.0,6.8,0,,,,,,,,,,
,,,,,5,6.0,6,,,,,,,,
,,,,,12,7.0,7,,,,,,,,
,,,,,19,7.0,7,,,,,,,,
,,,,,23,4.0,4,,,,,,,,
,,,,,29,6.0,6,,,,,,,,
,,,,,33,4.0,4,,,,,,,,
,,,,,38,5.0,5,,,,,,,,
,,,,,41,3.0,3,,,,,,,,
,,,,,47,6.0,6,,,,,,,,
,,,,,53,6.0,6,,,,,,,,
,,,,,62,9.0,9,,,,,,,,
,,,,,66,4.0,4,,,,,,,,
,,,,,72,6.0,6,,,,,,,,
,,,,,75,3.0,3,,,,,,,,
,,,,,81,6.0,6,,,,,,,,
,,,,,89,8.0,8,,,,,,,,
,,,,,93,4.0,4,,,,,,,,
,,,,,121,28.0,28,,,,,,,,
,,,,,124,3.0,3,,,,,,,,
,,,,,127,3.0,3,,,,,,,,
,,,,,131,4.0,4,,,,,,,,
,,,,,137,6.0,6,,,,,,,,
,,,,,144,7.0,7,,,,,,,,
,,,,,148,4.0,4,,,,,,,,
,,,,,154,6.0,6,,,,,,,,
,,,,,163,9.0,9,,,,,,,,
,,,,,170,7.0,7,,,,,,,,
,,,,,176,6.0,6,,,,,,,,
,,,,,179,3.0,3,,,,,,,,
,,,,,183,4.0,4,,,,,,,,
,,,,,195,12.0,12,,,,,,,,
,,,,,200,5.0,5,,,,,,,,
,,,,,207,7.0,7,,,,,,,,
,,,,,215,8.0,8,,,,,,,,
,,,,,220,5.0,5,,,,,,,,
,,,,,223,3.0,3,,,,,,,,
,,,,,227,4.0,4,,,,,,,,
,,,,,231,4.0,4,,,,,,,,
,,,,,238,7.0,7,,,,,,,,
,,,,,242,4.0,4,,,,,,,,
,,,,,249,7.0,7,,,,,,,,
,,,,,261,12.0,12,,,,,,,,
,,,,,264,3.0,3,,,,,,,,
,,,,,278,14.0,14,,,,,,,,
,,,,,283,5.0,5,,,,,,,,
,,,,,289,6.0,6,,,,,,,,
,,,,,295,6.0,6,,,,,,,,
,,,,,299,4.0,4,,,,,,,,
,,,,,306,7.0,7,,,,,,,,
,,,,,309,3.0,3,,,,,,,,
,,,,,316,7.0,7,,,,,,,,
,,,,,321,5.0,5,,,,,,,,
,,,,,330,9.0,9,,,,,,,,
,,,,,337,7.0,7,,,,,,,,
,,,,,345,8.0,8,,,,,,,,
,,,,,354,9.0,9,,,,,,,,
,,,,,368,14.0,14,,,,,,,,
,,,,,372,4.0,4,,,,,,,,
,,,,,384,12.0,12,,,,,,,,
,,,,,388,4.0,4,,,,,,,,
,,,,,396,8.0,8,,,,,,,,
,,,,,401,5.0,5,,,,,,,,
,,,,,405,4.0,4,,,,,,,,
,,,,,410,5.0,5,,,,,,,,
,,,,,413,3.0,3,,,,,,,,
,,,,,418,5.0,5,,,,,,,,
,,,,,421,3.0,3,,,,,,,,
,,,,,441,20.0,20,,,,,,,,
,,,,,445,4.0,4,,,,,,,,
,,,,,450,5.0,5,,,,,,,,
,,,,,456,6.0,6,,,,,,,,
,,,,,464,8.0,8,,,,,,,,
,,,,,467,3.0,3,,,,,,,,
,,,,,470,3.0,3,,,,,,,,
,,,,,474,4.0,4,,,,,,,,
,,,,,481,7.0,7,,,,,,,,
,,,,,499,18.0,18,,,,,,,,
,,,,,504,5.0,5,,,,,,,,
,,,,,508,4.0,4,,,,,,,,
,,,,,511,3.0,3,,,,,,,,
,,,,,516,5.0,5,,,,,,,,
,,,,,520,4.0,4,,,,,,,,
,,,,,523,3.0,3,,,,,,,,
,,,,,531,8.0,8,,,,,,,,
,,,,,540,9.0,9,,,,,,,,
,,,,,547,7.0,7,,,,,,,,
,,,,,552,5.0,5,,,,,,,,
,,,,,558,6.0,6,,,,,,,,
,,,,,562,4.0,4,,,,,,,,
,,,,,568,6.0,6,,,,,,,,
,,,,,573,5.0,5,,,,,,,,
,,,,,579,6.0,6,,,,,,,,
,,,,,582,3.0,3,,,,,,,,
,,,,,586,4.0,4,,,,,,,,
,,,,,592,6.0,6,,,,,,,,
,,,,,596,4.0,4,,,,,,,,
,,,,,612,16.0,16,,,,,,,,
,,,,,634,22.0,22,,,,,,,,
,,,,,642,8.0,8,,,,,,,,
,,,,,646,4.0,4,,,,,,,,
,,,,,652,6.0,6,,,,,,,,
,,,,,664,12.0,12,,,,,,,,
,,,,,672,8.0,8,,,,,,,,
,,,,,676,4.0,4,,,,,,,,
,,,,,686,10.0,10,,,,,,,,
,,,,,695,9.0,9,,,,,,,,
,,,,,701,6.0,6,,,,,,,,
,,,,,705,4.0,4,,,,,,,,
,,,,,714,9.0,9,,,,,,,,
,,,,,717,3.0,3,,,,,,,,
,,,,,723,6.0,6,,,,,,,,
,,,,,727,4.0,4,,,,,,,,
,,,,,730,3.0,3,,,,,,,,
,,,,,733,3.0,3,,,,,,,,
,,,,,738,5.0,5,,,,,,,,
,,,,,743,5.0,5,,,,,,,,
,,,,,757,14.0,14,,,,,,,,
,,,,,761,4.0,4,,,,,,,,
,,,,,764,3.0,3,,,,,,,,
,,,,,774,10.0,10,,,,,,,,
,,,,,778,4.0,4,,,,,,,,
,,,,,781,3.0,3,,,,,,,,
,,,,,801,20.0,20,,,,,,,,
,,,,,810,9.0,9,,,,,,,,
,,,,,813,3.0,3,,,,,,,,
,,,,,817,4.0,4,,,,,,,,
,,,,,823,6.0,6,,,,,,,,
,,,,,837,14.0,14,,,,,,,,
,,,,,845,8.0,8,,,,,,,,
,,,,,850,5.0,5,,,,,,,,
,,,,,854,4.0,4,,,,,,,,
,,,,,859,5.0,5,,,,,,,,
,,,,,865,6.0,6,,,,,,,,
,,,,,873,8.0,8,,,,,,,,
,,,,,880,7.0,7,,,,,,,,
,,,,,883,3.0,3,,,,,,,,
,,,,,887,4.0,4,,,,,,,,
,,,,,891,4.0,4,,,,,,,,
,,,,,901,10.0,10,,,,,,,,
,,,,,907,6.0,6,,,,,,,,
,,,,,923,16.0,16,,,,,,,,
,,,,,927,4.0,4,,,,,,,,
,,,,,935,8.0,8,,,,,,,,
,,,,,945,10.0,10,,,,,,,,
,,,,,957,12.0,12,,,,,,,,
,,,,,963,6.0,6,,,,,,,,
,,,,,969,6.0,6,,,,,,,,
,,,,,976,7.0,7,,,,,,,,
,,,,,988,12.0,12,,,,,,,,
,,,,,993,5.0,5,,,,,,,,
,,,,,1005,12.0,12,,,,,,,,
,,,,,1009,4.0,4,,,,,,,,
,,,,,1013,4.0,4,,,,,,,,
,,,,,1025,12.0,12,,,,,,,,
,,,,,1030,5.0,5,,,,,,,,
,,,,,1035,5.0,5,,,,,,,,
,,,,,1038,3.0,3,,,,,,,,
,,,,,1042,4.0,4,,,,,,,,
,,,,,1045,3.0,3,,,,,,,,
,,,,,1062,17.0,17,,,,,,,,
,,,,,1066,4.0,4,,,,,,,,
,,,,,1069,3.0,3,,,,,,,,
,,,,,1073,4.0,4,,,,,,,,
,,,,,1077,4.0,4,,,,,,,,
,,,,,1083,6.0,6,,,,,,,,
,,,,,1087,4.0,4,,,,,,,,
,,,,,1090,3.0,3,,,,,,,,
,,,,,1093,3.0,3,,,,,,,,
,,,,,1105,12.0,12,,,,,,,,
,,,,,1120,15.0,15,,,,,,,,
,,,,,1123,3.0,3,,,,,,,,
,,,,,1130,7.0,7,,,,,,,,
,,,,,1134,4.0,4,,,,,,,,
,,,,,1138,4.0,4,,,,,,,,
,,,,,1149,11.0,11,,,,,,,,
,,,,,1152,3.0,3,,,,,,,,
,,,,,1155,3.0,3,,,,,,,,
,,,,,1158,3.0,3,,,,,,,,
,,,,,1165,7.0,7,,,,,,,,
,,,,,1168,3.0,3,,,,,,,,
,,,,,1171,3.0,3,,,,,,,,
,,,,,1175,4.0,4,,,,,,,,
,,,,,1180,5.0,5,,,,,,,,
,,,,,1183,3.0,3,,,,,,,,
,,,,,1187,4.0,4,,,,,,,,
,,,,,1190,3.0,3,,,,,,,,
,,,,,1198,8.0,8,,,,,,,,
,,,,,1202,4.0,4,,,,,,,,
,,,,,1205,3.0,3,,,,,,,,
,,,,,1208,3.0,3,,,,,,,,
,,,,,1218,10.0,10,,,,,,,,
,,,,,1229,11.0,11,,,,,,,,
,,,,,1242,13.0,13,,,,,,,,
,,,,,1251,9.0,9,,,,,,,,
,,,,,1260,9.0,9,,,,,,,,
,,,,,1265,5.0,5,,,,,,,,
,,,,,1271,6.0,6,,,,,,,,
,,,,,1274,3.0,3,,,,,,,,
,,,,,1279,5.0,5,,,,,,,,
,,,,,1292,13.0,13,,,,,,,,
,,,,,1297,5.0,5,,,,,,,,
,,,,,1311,14.0,14,,,,,,,,
,,,,,1318,7.0,7,,,,,,,,
,,,,,1326,8.0,8,,,,,,,,
,,,,,1330,4.0,4,,,,,,,,
,,,,,1335,5.0,5,,,,,,,,
,,,,,1338,3.0,3,,,,,,,,
,,,,,1343,5.0,5,,,,,,,,
,,,,,1351,8.0,8,,,,,,,,
,,,,,1358,7.0,7,,,,,,,,
,,,,,1369,11.0,11,,,,,,,,
,,,,,1372,3.0,3,,,,,,,,
,,,,,1377,5.0,5,,,,,,,,
,,,,,1386,9.0,9,,,,,,,,
,,,,,1403,17.0,17,,,,,,,,
,,,,,1408,5.0,5,,,,,,,,
,,,,,1419,11.0,11,,,,,,,,
,,,,,1432,13.0,13,,,,,,,,
,,,,,1438,6.0,6,,,,,,,,
,,,,,1446,8.0,8,,,,,,,,
,,,,,1453,7.0,7,,,,,,,,
,,,,,1471,18.0,18,,,,,,,,
,,,,,1477,6.0,6,,,,,,,,
,,,,,1480,3.0,3,,,,,,,,
,,,,,1483,3.0,3,,,,,,,,
,,,,,1487,4.0,4,,,,,,,,
,,,,,1491,4.0,4,,,,,,,,
,,,,,1494,3.0,3,,,,,,,,
,,,,,1514,20.0,20,,,,,,,,
,,,,,1522,8.0,8,,,,,,,,
,,,,,1528,6.0,6,,,,,,,,
,,,,,1538,10.0,10,,,,,,,,
,,,,,1544,6.0,6,,,,,,,,
,,,,,1550,6.0,6,,,,,,,,
,,,,,1557,7.0,7,,,,,,,,
,,,,,1560,3.0,3,,,,,,,,
,,,,,1572,12.0,12,,,,,,,,
,,,,,1576,4.0,4,,,,,,,,
,,,,,1582,6.0,6,,,,,,,,
,,,,,1589,7.0,7,,,,,,,,
,,,,,1596,7.0,7,,,,,,,,
,,,,,1601,5.0,5,,,,,,,,
,,,,,1605,4.0,4,,,,,,,,
,,,,,1608,3.0,3,,,,,,,,
,,,,,1614,6.0,6,,,,,,,,
,,,,,1619,5.0,5,,,,,,,,
,,,,,1623,4.0,4,,,,,,,,
,,,,,1637,14.0,14,,,,,,,,
,,,,,1653,16.0,16,,,,,,,,
,,,,,1658,5.0,5,,,,,,,,
,,,,,1664,6.0,6,,,,,,,,
,,,,,1667,3.0,3,,,,,,,,
,,,,,1673,6.0,6,,,,,,,,
,,,,,1684,11.0,11,,,,,,,,
,,,,,1690,6.0,6,,,,,,,,
,,,,,1698,8.0,8,,,,,,,,
,,,,,1703,5.0,5,,,,,,,,
,,,,,1708,5.0,5,,,,,,,,
,,,,,1728,20.0,20,,,,,,,,
,,,,,1731,3.0,3,,,,,,,,
,,,,,1739,8.0,8,,,,,,,,
,,,,,1742,3.0,3,,,,,,,,
,,,,,1756,14.0,14,,,,,,,,
,,,,,1762,6.0,6,,,,,,,,
,,,,,1766,4.0,4,,,,,,,,
,,,,,1771,5.0,5,,,,,,,,
,,,,,1774,3.0,3,,,,,,,,
,,,,,1779,5.0,5,,,,,,,,
,,,,,1799,20.0,20,,,,,,,,
,,,,,1803,4.0,4,,,,,,,,
,,,,,1807,4.0,4,,,,,,,,
,,,,,1811,4.0,4,,,,,,,,
,,,,,1818,7.0,7,,,,,,,,
,,,,,1823,5.0,5,,,,,,,,
,,,,,1826,3.0,3,,,,,,,,
,,,,,1833,7.0,7,,,,,,,,
,,,,,1838,5.0,5,,,,,,,,
,,,,,1847,9.0,9,,,,,,,,
,,,,,1858,11.0,11,,,,,,,,
,,,,,1861,3.0,3,,,,,,,,
,,,,,1867,6.0,6,,,,,,,,
,,,,,1875,8.0,8,,,,,,,,
,,,,,1890,15.0,15,,,,,,,,
,,,,,1895,5.0,5,,,,,,,,
,,,,,1907,12.0,12,,,,,,,,
,,,,,1910,3.0,3,,,,,,,,
,,,,,1915,5.0,5,,,,,,,,
,,,,,1928,13.0,13,,,,,,,,
,,,,,1941,13.0,13,,,,,,,,
,,,,,1947,6.0,6,,,,,,,,
,,,,,1957,10.0,10,,,,,,,,
,,,,,1962,5.0,5,,,,,,,,
,,,,,1973,11.0,11,,,,,,,,
,,,,,1995,22.0,22,,,,,,,,
,,,,,2003,8.0,8,,,,,,,,
,,,,,2009,6.0,6,,,,,,,,
,,,,,2013,4.0,4,,,,,,,,
,,,,,2018,5.0,5,,,,,,,,
,,,,,2021,3.0,3,,,,,,,,
,,,,,2027,6.0,6,,,,,,,,
,,,,,2033,6.0,6,,,,,,,,
,,,,,2040,7.0,7,,,,,,,,
,,,,,2053,13.0,13,,,,,,,,
,,,,,2059,6.0,6,,,,,,,,
,,,,,2066,7.0,7,,,,,,,,
,,,,,2085,19.0,19,,,,,,,,
,,,,,2101,16.0,16,,,,,,,,
,,,,,2109,8.0,8,,,,,,,,
,,,,,2114,5.0,5,,,,,,,,
,,,,,2120,6.0,6,,,,,,,,
,,,,,2129,9.0,9,,,,,,,,
,,,,,2136,7.0,7,,,,,,,,
,,,,,2153,17.0,17,,,,,,,,
,,,,,2157,4.0,4,,,,,,,,
,,,,,2161,4.0,4,,,,,,,,
,,,,,2173,12.0,12,,,,,,,,
,,,,,2181,8.0,8,,,,,,,,
,,,,,2184,3.0,3,,,,,,,,
,,,,,2193,9.0,9,,,,,,,,
,,,,,2202,9.0,9,,,,,,,,
,,,,,2211,9.0,9,,,,,,,,
,,,,,2216,5.0,5,,,,,,,,
,,,,,2224,8.0,8,,,,,,,,
,,,,,2229,5.0,5,,,,,,,,
,,,,,2236,7.0,7,,,,,,,,
,,,,,2243,7.0,7,,,,,,,,
,,,,,2256,13.0,13,,,,,,,,
,,,,,2260,4.0,4,,,,,,,,
,,,,,2275,15.0,15,,,,,,,,
,,,,,2286,11.0,11,,,,,,,,
,,,,,2289,3.0,3,,,,,,,,
,,,,,2294,5.0,5,,,,,,,,
,,,,,2306,12.0,12,,,,,,,,
,,,,,2309,3.0,3,,,,,,,,
,,,,,2314,5.0,5,,,,,,,,
,,,,,2322,8.0,8,,,,,,,,
,,,,,2330,8.0,8,,,,,,,,
,,,,,2341,11.0,11,,,,,,,,
,,,,,2351,10.0,10,,,,,,,,
,,,,,2362,11.0,11,,,,,,,,
,,,,,2366,4.0,4,,,,,,,,
,,,,,2370,4.0,4,,,,,,,,
,,,,,2374,4.0,4,,,,,,,,
,,,,,2381,7.0,7,,,,,,,,
,,,,,2389,8.0,8,,,,,,,,
,,,,,2400,11.0,11,,,,,,,,
,,,,,2409,9.0,9,,,,,,,,
,,,,,2416,7.0,7,,,,,,,,
,,,,,2425,9.0,9,,,,,,,,
,,,,,2429,4.0,4,,,,,,,,
,,,,,2434,5.0,5,,,,,,,,
,,,,,2437,3.0,3,,,,,,,,
,,,,,2443,6.0,6,,,,,,,,
,,,,,2454,11.0,11,,,,,,,,
,,,,,2457,3.0,3,,,,,,,,
,,,,,2467,10.0,10,,,,,,,,
,,,,,2471,4.0,4,,,,,,,,
,,,,,2477,6.0,6,,,,,,,,
,,,,,2486,9.0,9,,,,,,,,
,,,,,2489,3.0,3,,,,,,,,
,,,,,2498,9.0,9,,,,,,,,
,,,,,2505,7.0,7,,,,,,,,
,,,,,2512,7.0,7,,,,,,,,
,,,,,2522,10.0,10,,,,,,,,
,,,,,2530,8.0,8,,,,,,,,
,,,,,2538,8.0,8,,,,,,,,
,,,,,2549,11.0,11,,,,,,,,
,,,,,2561,12.0,12,,,,,,,,
,,,,,2566,5.0,5,,,,,,,,
,,,,,2572,6.0,6,,,,,,,,
,,,,,2576,4.0,4,,,,,,,,
,,,,,2584,8.0,8,,,,,,,,
,,,,,2594,10.0,10,,,,,,,,
,,,,,2597,3.0,3,,,,,,,,
,,,,,2613,16.0,16,,,,,,,,
,,,,,2617,4.0,4,,,,,,,,
,,,,,2625,8.0,8,,,,,,,,
,,,,,2640,15.0,15,,,,,,,,
,,,,,2652,12.0,12,,,,,,,,
,,,,,2665,13.0,13,,,,,,,,
,,,,,2668,3.0,3,,,,,,,,
,,,,,2676,8.0,8,,,,,,,,
,,,,,2682,6.0,6,,,,,,,,
,,,,,2685,3.0,3,,,,,,,,
,,,,,2689,4.0,4,,,,,,,,
,,,,,2695,6.0,6,,,,,,,,
,,,,,2701,6.0,6,,,,,,,,
,,,,,2705,4.0,4,,,,,,,,
,,,,,2709,4.0,4,,,,,,,,
,,,,,2712,3.0,3,,,,,,,,
,,,,,2719,7.0,7,,,,,,,,
,,,,,2722,3.0,3,,,,,,,,
,,,,,2727,5.0,5,,,,,,,,
,,,,,2732,5.0,5,,,,,,,,
,,,,,2741,9.0,9,,,,,,,,
,,,,,2749,8.0,8,,,,,,,,
,,,,,2765,16.0,16,,,,,,,,
,,,,,2775,10.0,10,,,,,,,,
,,,,,2781,6.0,6,,,,,,,,
,,,,,2785,4.0,4,,,,,,,,
,,,,,2792,7.0,7,,,,,,,,
,,,,,2796,4.0,4,,,,,,,,
,,,,,2802,6.0,6,,,,,,,,
,,,,,2807,5.0,5,,,,,,,,
,,,,,2829,22.0,22,,,,,,,,
,,,,,2834,5.0,5,,,,,,,,
,,,,,2843,9.0,9,,,,,,,,
,,,,,2847,4.0,4,,,,,,,,
,,,,,2850,3.0,3,,,,,,,,
,,,,,2853,3.0,3,,,,,,,,
,,,,,2857,4.0,4,,,,,,,,
,,,,,2866,9.0,9,,,,,,,,
,,,,,2878,12.0,12,,,,,,,,
,,,,,2885,7.0,7,,,,,,,,
,,,,,2895,10.0,10,,,,,,,,
,,,,,2910,15.0,15,,,,,,,,
,,,,,2926,16.0,16,,,,,,,,
,,,,,2929,3.0,3,,,,,,,,
,,,,,2936,7.0,7,,,,,,,,
,,,,,2942,6.0,6,,,,,,,,
,,,,,2950,8.0,8,,,,,,,,
,,,,,2956,6.0,6,,,,,,,,
,,,,,2964,8.0,8,,,,,,,,
,,,,,2976,12.0,12,,,,,,,,
,,,,,2984,8.0,8,,,,,,,,
,,,,,2988,4.0,4,,,,,,,,
,,,,,2995,7.0,7,,,,,,,,
,,,,,3001,6.0,6,,,,,,,,
,,,,,3008,7.0,7,,,,,,,,
,,,,,3015,7.0,7,,,,,,,,
,,,,,3018,3.0,3,,,,,,,,
,,,,,3022,4.0,4,,,,,,,,
,,,,,3038,16.0,16,,,,,,,,
,,,,,3042,4.0,4,,,,,,,,
,,,,,3046,4.0,4,,,,,,,,
,,,,,3050,4.0,4,,,,,,,,
,,,,,3055,5.0,5,,,,,,,,
,,,,,3063,8.0,8,,,,,,,,
,,,,,3074,11.0,11,,,,,,,,
,,,,,3081,7.0,7,,,,,,,,
,,,,,3085,4.0,4,,,,,,,,
,,,,,3091,6.0,6,,,,,,,,
,,,,,3094,3.0,3,,,,,,,,
,,,,,3100,6.0,6,,,,,,,,
,,,,,3104,4.0,4,,,,,,,,
,,,,,3111,7.0,7,,,,,,,,
,,,,,3117,6.0,6,,,,,,,,
,,,,,3123,6.0,6,,,,,,,,
,,,,,3126,3.0,3,,,,,,,,
,,,,,3130,4.0,4,,,,,,,,
,,,,,3133,3.0,3,,,,,,,,
,,,,,3136,3.0,3,,,,,,,,
,,,,,3140,4.0,4,,,,,,,,
,,,,,3144,4.0,4,,,,,,,,
,,,,,3148,4.0,4,,,,,,,,
,,,,,3157,9.0,9,,,,,,,,
,,,,,3162,5.0,5,,,,,,,,
,,,,,3165,3.0,3,,,,,,,,
,,,,,3170,5.0,5,,,,,,,,
,,,,,3173,3.0,3,,,,,,,,
,,,,,3181,8.0,8,,,,,,,,
,,,,,3185,4.0,4,,,,,,,,
,,,,,3205,20.0,20,,,,,,,,
,,,,,3208,3.0,3,,,,,,,,
,,,,,3219,11.0,11,,,,,,,,
,,,,,3227,8.0,8,,,,,,,,
,,,,,3233,6.0,6,,,,,,,,
,,,,,3239,6.0,6,,,,,,,,
,,,,,3242,3.0,3,,,,,,,,
,,,,,3247,5.0,5,,,,,,,,
,,,,,3254,7.0,7,,,,,,,,
,,,,,3267,13.0,13,,,,,,,,
,,,,,3274,7.0,7,,,,,,,,
,,,,,3277,3.0,3,,,,,,,,
,,,,,3281,4.0,4,,,,,,,,
,,,,,3286,5.0,5,,,,,,,,
,,,,,3292,6.0,6,,,,,,,,
,,,,,3300,8.0,8,,,,,,,,
,,,,,3309,9.0,9,,,,,,,,
,,,,,3312,3.0,3,,,,,,,,
,,,,,3316,4.0,4,,,,,,,,
,,,,,3323,7.0,7,,,,,,,,
,,,,,3326,3.0,3,,,,,,,,
,,,,,3335,9.0,9,,,,,,,,
,,,,,3341,6.0,6,,,,,,,,
,,,,,3345,4.0,4,,,,,,,,
,,,,,3349,4.0,4,,,,,,,,
,,,,,3354,5.0,5,,,,,,,,
,,,,,3362,8.0,8,,,,,,,,
,,,,,3366,4.0,4,,,,,,,,
,,,,,3377,11.0,11,,,,,,,,
,,,,,3391,14.0,14,,,,,,,,
,,,,,3403,12.0,12,,,,,,,,
,,,,,3409,6.0,6,,,,,,,,
,,,,,3433,24.0,24,,,,,,,,
,,,,,3442,9.0,9,,,,,,,,
,,,,,3449,7.0,7,,,,,,,,
,,,,,3455,6.0,6,,,,,,,,
,,,,,3460,5.0,5,,,,,,,,
,,,,,3482,22.0,22,,,,,,,,
,,,,,3487,5.0,5,,,,,,,,
,,,,,3493,6.0,6,,,,,,,,
,,,,,3504,11.0,11,,,,,,,,
,,,,,3511,7.0,7,,,,,,,,
,,,,,3516,5.0,5,,,,,,,,
,,,,,3531,15.0,15,,,,,,,,
,,,,,3534,3.0,3,,,,,,,,
,,,,,3544,10.0,10,,,,,,,,
,,,,,3548,4.0,4,,,,,,,,
,,,,,3555,7.0,7,,,,,,,,
,,,,,3565,10.0,10,,,,,,,,
,,,,,3569,4.0,4,,,,,,,,
,,,,,3579,10.0,10,,,,,,,,
,,,,,3595,16.0,16,,,,,,,,
,,,,,3598,3.0,3,,,,,,,,
,,,,,3605,7.0,7,,,,,,,,
,,,,,3612,7.0,7,,,,,,,,
,,,,,3620,8.0,8,,,,,,,,
,,,,,3624,4.0,4,,,,,,,,
,,,,,3631,7.0,7,,,,,,,,
,,,,,3640,9.0,9,,,,,,,,
,,,,,3652,12.0,12,,,,,,,,
,,,,,3656,4.0,4,,,,,,,,
,,,,,3661,5.0,5,,,,,,,,
,,,,,3676,15.0,15,,,,,,,,
,,,,,3682,6.0,6,,,,,,,,
,,,,,3691,9.0,9,,,,,,,,
,,,,,3698,7.0,7,,,,,,,,
,,,,,3702,4.0,4,,,,,,,,
,,,,,3707,5.0,5,,,,,,,,
,,,,,3714,7.0,7,,,,,,,,
,,,,,3725,11.0,11,,,,,,,,
,,,,,3729,4.0,4,,,,,,,,
,,,,,3737,8.0,8,,,,,,,,
,,,,,3743,6.0,6,,,,,,,,
,,,,,3764,21.0,21,,,,,,,,
,,,,,3769,5.0,5,,,,,,,,
,,,,,3774,5.0,5,,,,,,,,
,,,,,3780,6.0,6,,,,,,,,
,,,,,3786,6.0,6,,,,,,,,
,,,,,3792,6.0,6,,,,,,,,
,,,,,3795,3.0,3,,,,,,,,
,,,,,3805,10.0,10,,,,,,,,
,,,,,3820,15.0,15,,,,,,,,
,,,,,3827,7.0,7,,,,,,,,
,,,,,3831,4.0,4,,,,,,,,
,,,,,3836,5.0,5,,,,,,,,
,,,,,3840,4.0,4,,,,,,,,
,,,,,3844,4.0,4,,,,,,,,
,,,,,3850,6.0,6,,,,,,,,
,,,,,3855,5.0,5,,,,,,,,
,,,,,3858,3.0,3,,,,,,,,
,,,,,3871,13.0,13,,,,,,,,
,,,,,3876,5.0,5,,,,,,,,
,,,,,3887,11.0,11,,,,,,,,
,,,,,3890,3.0,3,,,,,,,,
,,,,,3895,5.0,5,,,,,,,,
,,,,,3899,4.0,4,,,,,,,,
,,,,,3914,15.0,15,,,,,,,,
,,,,,3923,9.0,9,,,,,,,,
,,,,,3928,5.0,5,,,,,,,,
,,,,,3937,9.0,9,,,,,,,,
,,,,,3945,8.0,8,,,,,,,,
,,,,,3955,10.0,10,,,,,,,,
,,,,,3966,11.0,11,,,,,,,,
,,,,,3969,3.0,3,,,,,,,,
,,,,,3974,5.0,5,,,,,,,,
,,,,,3980,6.0,6,,,,,,,,
,,,,,3988,8.0,8,,,,,,,,
,,,,,3994,6.0,6,,,,,,,,
,,,,,4005,11.0,11,,,,,,,,
,,,,,4010,5.0,5,,,,,,,,
,,,,,4030,20.0,20,,,,,,,,
,,,,,4034,4.0,4,,,,,,,,
,,,,,4042,8.0,8,,,,,,,,
,,,,,4045,3.0,3,,,,,,,,
,,,,,4060,15.0,15,,,,,,,,
,,,,,4066,6.0,6,,,,,,,,
,,,,,4074,8.0,8,,,,,,,,
,,,,,4081,7.0,7,,,,,,,,
,,,,,4085,4.0,4,,,,,,,,
,,,,,4089,4.0,4,,,,,,,,
,,,,,4095,6.0,6,,,,,,,,
,,,,,4099,4.0,4,,,,,,,,
,,,,,4116,17.0,17,,,,,,,,
,,,,,4121,5.0,5,,,,,,,,
,,,,,4132,11.0,11,,,,,,,,
,,,,,4136,4.0,4,,,,,,,,
,,,,,4146,10.0,10,,,,,,,,
,,,,,4150,4.0,4,,,,,,,,
,,,,,4154,4.0,4,,,,,,,,
,,,,,4158,4.0,4,,,,,,,,
,,,,,4163,5.0,5,,,,,,,,
,,,,,4167,4.0,4,,,,,,,,
,,,,,4174,7.0,7,,,,,,,,
,,,,,4178,4.0,4,,,,,,,,
,,,,,4184,6.0,6,,,,,,,,
,,,,,4188,4.0,4,,,,,,,,
,,,,,4202,14.0,14,,,,,,,,
,,,,,4208,6.0,6,,,,,,,,
,,,,,4213,5.0,5,,,,,,,,
,,,,,4216,3.0,3,,,,,,,,
,,,,,4224,8.0,8,,,,,,,,
,,,,,4227,3.0,3,,,,,,,,
,,,,,4232,5.0,5,,,,,,,,
,,,,,4243,11.0,11,,,,,,,,
,,,,,4250,7.0,7,,,,,,,,
,,,,,4258,8.0,8,,,,,,,,
,,,,,4267,9.0,9,,,,,,,,
,,,,,4282,15.0,15,,,,,,,,
,,,,,4287,5.0,5,,,,,,,,
,,,,,4293,6.0,6,,,,,,,,
,,,,,4306,13.0,13,,,,,,,,
,,,,,4309,3.0,3,,,,,,,,
,,,,,4312,3.0,3,,,,,,,,
,,,,,4316,4.0,4,,,,,,,,
,,,,,4320,4.0,4,,,,,,,,
,,,,,4324,4.0,4,,,,,,,,
,,,,,4331,7.0,7,,,,,,,,
,,,,,4336,5.0,5,,,,,,,,
,,,,,4339,3.0,3,,,,,,,,
,,,,,4358,19.0,19,,,,,,,,
,,,,,4364,6.0,6,,,,,,,,
,,,,,4368,4.0,4,,,,,,,,
,,,,,4372,4.0,4,,,,,,,,
,,,,,4377,5.0,5,,,,,,,,
,,,,,4383,6.0,6,,,,,,,,
,,,,,4393,10.0,10,,,,,,,,
,,,,,4398,5.0,5,,,,,,,,
,,,,,4406,8.0,8,,,,,,,,
,,,,,4410,4.0,4,,,,,,,,
,,,,,4415,5.0,5,,,,,,,,
,,,,,4419,4.0,4,,,,,,,,
,,,,,4429,10.0,10,,,,,,,,
,,,,,4436,7.0,7,,,,,,,,
,,,,,4440,4.0,4,,,,,,,,
,,,,,4445,5.0,5,,,,,,,,
,,,,,4450,5.0,5,,,,,,,,
,,,,,4454,4.0,4,,,,,,,,
,,,,,4460,6.0,6,,,,,,,,
,,,,,4466,6.0,6,,,,,,,,
,,,,,4471,5.0,5,,,,,,,,
,,,,,4475,4.0,4,,,,,,,,
,,,,,4479,4.0,4,,,,,,,,
,,,,,4489,10.0,10,,,,,,,,
,,,,,4493,4.0,4,,,,,,,,
,,,,,4504,11.0,11,,,,,,,,
,,,,,4507,3.0,3,,,,,,,,
,,,,,4514,7.0,7,,,,,,,,
,,,,,4519,5.0,5,,,,,,,,
,,,,,4527,8.0,8,,,,,,,,
,,,,,4533,6.0,6,,,,,,,,
,,,,,4541,8.0,8,,,,,,,,
,,,,,4544,3.0,3,,,,,,,,
,,,,,4548,4.0,4,,,,,,,,
,,,,,4553,5.0,5,,,,,,,,
,,,,,4563,10.0,10,,,,,,,,
,,,,,4568,5.0,5,,,,,,,,
,,,,,4572,4.0,4,,,,,,,,
,,,,,4585,13.0,13,,,,,,,,
,,,,,4591,6.0,6,,,,,,,,
,,,,,4599,8.0,8,,,,,,,,
,,,,,4603,4.0,4,,,,,,,,
,,,,,4608,5.0,5,,,,,,,,
,,,,,4613,5.0,5,,,,,,,,
,,,,,4617,4.0,4,,,,,,,,
,,,,,4642,25.0,25,,,,,,,,
,,,,,4647,5.0,5,,,,,,,,
,,,,,4666,19.0,19,,,,,,,,
,,,,,4670,4.0,4,,,,,,,,
,,,,,4679,9.0,9,,,,,,,,
,,,,,4684,5.0,5,,,,,,,,
,,,,,4688,4.0,4,,,,,,,,
,,,,,4693,5.0,5,,,,,,,,
,,,,,4696,3.0,3,,,,,,,,
,,,,,4700,4.0,4,,,,,,,,
,,,,,4704,4.0,4,,,,,,,,
,,,,,4713,9.0,9,,,,,,,,
,,,,,4719,6.0,6,,,,,,,,
,,,,,4724,5.0,5,,,,,,,,
,,,,,4729,5.0,5,,,,,,,,
,,,,,4733,4.0,4,,,,,,,,
,,,,,4739,6.0,6,,,,,,,,
,,,,,4764,25.0,25,,,,,,,,
,,,,,4785,21.0,21,,,,,,,,
,,,,,4792,7.0,7,,,,,,,,
,,,,,4799,7.0,7,,,,,,,,
,,,,,4803,4.0,4,,,,,,,,
,,,,,4812,9.0,9,,,,,,,,
,,,,,4819,7.0,7,,,,,,,,
,,,,,4822,3.0,3,,,,,,,,
,,,,,4829,7.0,7,,,,,,,,
,,,,,4834,5.0,5,,,,,,,,
,,,,,4851,17.0,17,,,,,,,,
,,,,,4855,4.0,4,,,,,,,,
,,,,,4860,5.0,5,,,,,,,,
,,,,,4872,12.0,12,,,,,,,,
,,,,,4878,6.0,6,,,,,,,,
,,,,,4886,8.0,8,,,,,,,,
,,,,,4892,6.0,6,,,,,,,,
,,,,,4899,7.0,7,,,,,,,,
,,,,,4904,5.0,5,,,,,,,,
,,,,,4913,9.0,9,,,,,,,,
,,,,,4917,4.0,4,,,,,,,,
,,,,,4924,7.0,7,,,,,,,,
,,,,,4930,6.0,6,,,,,,,,
,,,,,4933,3.0,3,,,,,,,,
,,,,,4937,4.0,4,,,,,,,,
,,,,,4942,5.0,5,,,,,,,,
,,,,,4945,3.0,3,,,,,,,,
,,,,,4952,7.0,7,,,,,,,,
,,,,,4957,5.0,5,,,,,,,,
,,,,,4960,3.0,3,,,,,,,,
,,,,,4971,11.0,11,,,,,,,,
,,,,,4985,14.0,14,,,,,,,,
,,,,,4995,10.0,10,,,,,,,,
7.4,5.8000007,23.0,3.0,7.4,5000,,,-8.031850814819336,80.3185043334961,64.701904296875,0.05830788239836693,7.614799499511719,0.0003,0.0003,0.1
,,,,,5008,13.0,13,,,,,,,,
,,,,,5020,12.0,12,,,,,,,,
,,,,,5030,10.0,10,,,,,,,,
,,,,,5034,4.0,4,,,,,,,,
,,,,,5051,17.0,17,,,,,,,,
,,,,,5060,9.0,9,,,,,,,,
,,,,,5065,5.0,5,,,,,,,,
,,,,,5077,12.0,12,,,,,,,,
,,,,,5089,12.0,12,,,,,,,,
,,,,,5100,11.0,11,,,,,,,,
,,,,,5106,6.0,6,,,,,,,,
,,,,,5125,19.0,19,,,,,,,,
,,,,,5146,21.0,21,,,,,,,,
,,,,,5173,27.0,27,,,,,,,,
,,,,,5182,9.0,9,,,,,,,,
,,,,,5198,16.0,16,,,,,,,,
,,,,,5201,3.0,3,,,,,,,,
,,,,,5205,4.0,4,,,,,,,,
,,,,,5218,13.0,13,,,,,,,,
,,,,,5250,32.0,32,,,,,,,,
,,,,,5258,8.0,8,,,,,,,,
,,,,,5265,7.0,7,,,,,,,,
,,,,,5278,13.0,13,,,,,,,,
,,,,,5283,5.0,5,,,,,,,,
,,,,,5299,16.0,16,,,,,,,,
,,,,,5305,6.0,6,,,,,,,,
,,,,,5312,7.0,7,,,,,,,,
,,,,,5319,7.0,7,,,,,,,,
,,,,,5330,11.0,11,,,,,,,,
,,,,,5335,5.0,5,,,,,,,,
,,,,,5339,4.0,4,,,,,,,,
,,,,,5346,7.0,7,,,,,,,,
,,,,,5353,7.0,7,,,,,,,,
,,,,,5357,4.0,4,,,,,,,,
,,,,,5363,6.0,6,,,,,,,,
,,,,,5369,6.0,6,,,,,,,,
,,,,,5377,8.0,8,,,,,,,,
,,,,,5391,14.0,14,,,,,,,,
,,,,,5396,5.0,5,,,,,,,,
,,,,,5401,5.0,5,,,,,,,,
,,,,,5408,7.0,7,,,,,,,,
,,,,,5415,7.0,7,,,,,,,,
,,,,,5419,4.0,4,,,,,,,,
,,,,,5425,6.0,6,,,,,,,,
,,,,,5430,5.0,5,,,,,,,,
,,,,,5445,15.0,15,,,,,,,,
,,,,,5450,5.0,5,,,,,,,,
,,,,,5455,5.0,5,,,,,,,,
,,,,,5459,4.0,4,,,,,,,,
,,,,,5463,4.0,4,,,,,,,,
,,,,,5473,10.0,10,,,,,,,,
,,,,,5479,6.0,6,,,,,,,,
,,,,,5496,17.0,17,,,,,,,,
,,,,,5501,5.0,5,,,,,,,,
,,,,,5508,7.0,7,,,,,,,,
,,,,,5515,7.0,7,,,,,,,,
,,,,,5521,6.0,6,,,,,,,,
,,,,,5528,7.0,7,,,,,,,,
,,,,,5535,7.0,7,,,,,,,,
,,,,,5545,10.0,10,,,,,,,,
,,,,,5552,7.0,7,,,,,,,,
,,,,,5557,5.0,5,,,,,,,,
,,,,,5571,14.0,14,,,,,,,,
,,,,,5578,7.0,7,,,,,,,,
,,,,,5583,5.0,5,,,,,,,,
,,,,,5610,27.0,27,,,,,,,,
,,,,,5630,20.0,20,,,,,,,,
,,,,,5635,5.0,5,,,,,,,,
,,,,,5646,11.0,11,,,,,,,,
,,,,,5663,17.0,17,,,,,,,,
,,,,,5672,9.0,9,,,,,,,,
,,,,,5685,13.0,13,,,,,,,,
,,,,,5709,24.0,24,,,,,,,,
,,,,,5718,9.0,9,,,,,,,,
,,,,,5727,9.0,9,,,,,,,,
,,,,,5736,9.0,9,,,,,,,,
,,,,,5755,19.0,19,,,,,,,,
,,,,,5770,15.0,15,,,,,,,,
,,,,,5779,9.0,9,,,,,,,,
,,,,,5790,11.0,11,,,,,,,,
,,,,,5796,6.0,6,,,,,,,,
,,,,,5803,7.0,7,,,,,,,,
,,,,,5809,6.0,6,,,,,,,,
,,,,,5828,19.0,19,,,,,,,,
,,,,,5841,13.0,13,,,,,,,,
,,,,,5878,37.0,37,,,,,,,,
,,,,,5906,28.0,28,,,,,,,,
,,,,,5931,25.0,25,,,,,,,,
,,,,,5946,15.0,15,,,,,,,,
,,,,,5978,32.0,32,,,,,,,,
,,,,,6000,,,1.316798210144043,-13.16798210144043,1.5016207695007324,1.8225376605987549,2.4909415245056152,0.0003,0.0003,0.1
,,,,,6001,23.0,23,,,,,,,,
,,,,,6019,18.0,18,,,,,,,,
,,,,,6028,9.0,9,,,,,,,,
,,,,,6039,11.0,11,,,,,,,,
,,,,,6097,58.0,58,,,,,,,,
,,,,,6111,14.0,14,,,,,,,,
,,,,,6136,25.0,25,,,,,,,,
,,,,,6171,35.0,35,,,,,,,,
,,,,,6213,42.0,42,,,,,,,,
,,,,,6225,12.0,12,,,,,,,,
,,,,,6239,14.0,14,,,,,,,,
,,,,,6248,9.0,9,,,,,,,,
,,,,,6257,9.0,9,,,,,,,,
,,,,,6279,22.0,22,,,,,,,,
,,,,,6293,14.0,14,,,,,,,,
,,,,,6310,17.0,17,,,,,,,,
,,,,,6322,12.0,12,,,,,,,,
,,,,,6348,26.0,26,,,,,,,,
,,,,,6354,6.0,6,,,,,,,,
,,,,,6375,21.0,21,,,,,,,,
,,,,,6399,24.0,24,,,,,,,,
,,,,,6423,24.0,24,,,,,,,,
,,,,,6434,11.0,11,,,,,,,,
,,,,,6449,15.0,15,,,,,,,,
,,,,,6460,11.0,11,,,,,,,,
,,,,,6481,21.0,21,,,,,,,,
,,,,,6493,12.0,12,,,,,,,,
,,,,,6503,10.0,10,,,,,,,,
,,,,,6514,11.0,11,,,,,,,,
,,,,,6527,13.0,13,,,,,,,,
,,,,,6534,7.0,7,,,,,,,,
,,,,,6546,12.0,12,,,,,,,,
,,,,,6552,6.0,6,,,,,,,,
,,,,,6566,14.0,14,,,,,,,,
,,,,,6578,12.0,12,,,,,,,,
,,,,,6584,6.0,6,,,,,,,,
,,,,,6594,10.0,10,,,,,,,,
,,,,,6623,29.0,29,,,,,,,,
,,,,,6631,8.0,8,,,,,,,,
,,,,,6639,8.0,8,,,,,,,,
,,,,,6649,10.0,10,,,,,,,,
,,,,,6659,10.0,10,,,,,,,,
,,,,,6670,11.0,11,,,,,,,,
,,,,,6690,20.0,20,,,,,,,,
,,,,,6700,10.0,10,,,,,,,,
,,,,,6708,8.0,8,,,,,,,,
,,,,,6717,9.0,9,,,,,,,,
,,,,,6728,11.0,11,,,,,,,,
,,,,,6734,6.0,6,,,,,,,,
,,,,,6749,15.0,15,,,,,,,,
,,,,,6759,10.0,10,,,,,,,,
,,,,,6766,7.0,7,,,,,,,,
,,,,,6779,13.0,13,,,,,,,,
,,,,,6786,7.0,7,,,,,,,,
,,,,,6793,7.0,7,,,,,,,,
,,,,,6800,7.0,7,,,,,,,,
,,,,,6810,10.0,10,,,,,,,,
,,,,,6819,9.0,9,,,,,,,,
,,,,,6827,8.0,8,,,,,,,,
,,,,,6835,8.0,8,,,,,,,,
,,,,,6843,8.0,8,,,,,,,,
,,,,,6851,8.0,8,,,,,,,,
,,,,,6859,8.0,8,,,,,,,,
,,,,,6870,11.0,11,,,,,,,,
,,,,,6880,10.0,10,,,,,,,,
,,,,,6890,10.0,10,,,,,,,,
,,,,,6904,14.0,14,,,,,,,,
,,,,,6911,7.0,7,,,,,,,,
,,,,,6919,8.0,8,,,,,,,,
,,,,,6927,8.0,8,,,,,,,,
,,,,,6940,13.0,13,,,,,,,,
,,,,,6953,13.0,13,,,,,,,,
,,,,,6962,9.0,9,,,,,,,,
,,,,,6972,10.0,10,,,,,,,,
,,,,,6993,21.0,21,,,,,,,,
,,,,,7000,,,11.2861328125,-112.861328125,63.65277099609375,-31.864213943481445,-31.858919143676758,0.0003,0.0003,0.1
,,,,,7020,27.0,27,,,,,,,,
,,,,,7040,20.0,20,,,,,,,,
,,,,,7052,12.0,12,,,,,,,,
,,,,,7063,11.0,11,,,,,,,,
,,,,,7072,9.0,9,,,,,,,,
,,,,,7085,13.0,13,,,,,,,,
,,,,,7092,7.0,7,,,,,,,,
,,,,,7099,7.0,7,,,,,,,,
,,,,,7106,7.0,7,,,,,,,,
,,,,,7116,10.0,10,,,,,,,,
,,,,,7139,23.0,23,,,,,,,,
,,,,,7155,16.0,16,,,,,,,,
,,,,,7164,9.0,9,,,,,,,,
,,,,,7177,13.0,13,,,,,,,,
,,,,,7186,9.0,9,,,,,,,,
,,,,,7192,6.0,6,,,,,,,,
,,,,,7199,7.0,7,,,,,,,,
,,,,,7207,8.0,8,,,,,,,,
,,,,,7213,6.0,6,,,,,,,,
,,,,,7224,11.0,11,,,,,,,,
,,,,,7235,11.0,11,,,,,,,,
,,,,,7241,6.0,6,,,,,,,,
,,,,,7251,10.0,10,,,,,,,,
,,,,,7259,8.0,8,,,,,,,,
,,,,,7266,7.0,7,,,,,,,,
,,,,,7273,7.0,7,,,,,,,,
,,,,,7284,11.0,11,,,,,,,,
,,,,,7298,14.0,14,,,,,,,,
,,,,,7304,6.0,6,,,,,,,,
,,,,,7311,7.0,7,,,,,,,,
,,,,,7317,6.0,6,,,,,,,,
,,,,,7330,13.0,13,,,,,,,,
,,,,,7340,10.0,10,,,,,,,,
,,,,,7349,9.0,9,,,,,,,,
,,,,,7356,7.0,7,,,,,,,,
,,,,,7364,8.0,8,,,,,,,,
,,,,,7369,5.0,5,,,,,,,,
,,,,,7374,5.0,5,,,,,,,,
,,,,,7383,9.0,9,,,,,,,,
,,,,,7393,10.0,10,,,,,,,,
,,,,,7403,10.0,10,,,,,,,,
,,,,,7429,26.0,26,,,,,,,,
,,,,,7437,8.0,8,,,,,,,,
,,,,,7457,20.0,20,,,,,,,,
,,,,,7473,16.0,16,,,,,,,,
,,,,,7483,10.0,10,,,,,,,,
,,,,,7501,18.0,18,,,,,,,,
,,,,,7509,8.0,8,,,,,,,,
,,,,,7523,14.0,14,,,,,,,,
,,,,,7560,37.0,37,,,,,,,,
,,,,,7568,8.0,8,,,,,,,,
,,,,,7586,18.0,18,,,,,,,,
,,,,,7626,40.0,40,,,,,,,,
,,,,,7633,7.0,7,,,,,,,,
,,,,,7646,13.0,13,,,,,,,,
,,,,,7653,7.0,7,,,,,,,,
,,,,,7662,9.0,9,,,,,,,,
,,,,,7678,16.0,16,,,,,,,,
,,,,,7687,9.0,9,,,,,,,,
,,,,,7692,5.0,5,,,,,,,,
,,,,,7726,34.0,34,,,,,,,,
,,,,,7738,12.0,12,,,,,,,,
,,,,,7748,10.0,10,,,,,,,,
,,,,,7763,15.0,15,,,,,,,,
,,,,,7785,22.0,22,,,,,,,,
,,,,,7790,5.0,5,,,,,,,,
,,,,,7825,35.0,35,,,,,,,,
,,,,,7842,17.0,17,,,,,,,,
,,,,,7851,9.0,9,,,,,,,,
,,,,,7862,11.0,11,,,,,,,,
,,,,,7882,20.0,20,,,,,,,,
,,,,,7893,11.0,11,,,,,,,,
,,,,,7904,11.0,11,,,,,,,,
,,,,,7914,10.0,10,,,,,,,,
,,,,,7927,13.0,13,,,,,,,,
,,,,,7940,13.0,13,,,,,,,,
,,,,,8000,60.0,60,,,,,,,,
,,,,,8000,,,7.048095703125,-70.48095703125,164.80706787109375,-43.37830352783203,-49.468505859375,0.0003,0.0003,0.1
,,,,,8006,6.0,6,,,,,,,,
,,,,,8012,6.0,6,,,,,,,,
,,,,,8023,11.0,11,,,,,,,,
,,,,,8064,41.0,41,,,,,,,,
,,,,,8080,16.0,16,,,,,,,,
,,,,,8091,11.0,11,,,,,,,,
,,,,,8097,6.0,6,,,,,,,,
,,,,,8103,6.0,6,,,,,,,,
,,,,,8112,9.0,9,,,,,,,,
,,,,,8121,9.0,9,,,,,,,,
,,,,,8129,8.0,8,,,,,,,,
,,,,,8139,10.0,10,,,,,,,,
,,,,,8153,14.0,14,,,,,,,,
,,,,,8180,27.0,27,,,,,,,,
,,,,,8197,17.0,17,,,,,,,,
,,,,,8207,10.0,10,,,,,,,,
,,,,,8214,7.0,7,,,,,,,,
,,,,,8221,7.0,7,,,,,,,,
,,,,,8228,7.0,7,,,,,,,,
,,,,,8233,5.0,5,,,,,,,,
,,,,,8244,11.0,11,,,,,,,,
,,,,,8249,5.0,5,,,,,,,,
,,,,,8307,58.0,58,,,,,,,,
,,,,,8325,18.0,18,,,,,,,,
,,,,,8330,5.0,5,,,,,,,,
,,,,,8351,21.0,21,,,,,,,,
,,,,,8363,12.0,12,,,,,,,,
,,,,,8379,16.0,16,,,,,,,,
,,,,,8388,9.0,9,,,,,,,,
,,,,,8402,14.0,14,,,,,,,,
,,,,,8410,8.0,8,,,,,,,,
,,,,,8419,9.0,9,,,,,,,,
,,,,,8438,19.0,19,,,,,,,,
,,,,,8456,18.0,18,,,,,,,,
,,,,,8471,15.0,15,,,,,,,,
,,,,,8507,36.0,36,,,,,,,,
,,,,,8515,8.0,8,,,,,,,,
,,,,,8524,9.0,9,,,,,,,,
,,,,,8540,16.0,16,,,,,,,,
,,,,,8552,12.0,12,,,,,,,,
,,,,,8581,29.0,29,,,,,,,,
,,,,,8596,15.0,15,,,,,,,,
,,,,,8610,14.0,14,,,,,,,,
,,,,,8619,9.0,9,,,,,,,,
,,,,,8658,39.0,39,,,,,,,,
,,,,,8676,18.0,18,,,,,,,,
,,,,,8686,10.0,10,,,,,,,,
,,,,,8751,65.0,65,,,,,,,,
,,,,,8774,23.0,23,,,,,,,,
,,,,,8801,27.0,27,,,,,,,,
,,,,,8818,17.0,17,,,,,,,,
,,,,,8837,19.0,19,,,,,,,,
,,,,,8857,20.0,20,,,,,,,,
,,,,,8871,14.0,14,,,,,,,,
,,,,,8876,5.0,5,,,,,,,,
,,,,,8887,11.0,11,,,,,,,,
,,,,,8899,12.0,12,,,,,,,,
,,,,,8934,35.0,35,,,,,,,,
,,,,,8939,5.0,5,,,,,,,,
,,,,,8955,16.0,16,,,,,,,,
,,,,,8965,10.0,10,,,,,,,,
,,,,,8974,9.0,9,,,,,,,,
,,,,,8981,7.0,7,,,,,,,,
,,,,,9000,,,-2.1921021938323975,21.921022415161133,100.28449249267578,-42.71460723876953,-42.21162796020508,0.0003,0.0003,0.1
,,,,,9009,28.0,28,,,,,,,,
,,,,,9022,13.0,13,,,,,,,,
,,,,,9057,35.0,35,,,,,,,,
,,,,,9063,6.0,6,,,,,,,,
,,,,,9078,15.0,15,,,,,,,,
,,,,,9095,17.0,17,,,,,,,,
,,,,,9100,5.0,5,,,,,,,,
,,,,,9114,14.0,14,,,,,,,,
,,,,,9131,17.0,17,,,,,,,,
,,,,,9145,14.0,14,,,,,,,,
,,,,,9154,9.0,9,,,,,,,,
,,,,,9161,7.0,7,,,,,,,,
,,,,,9170,9.0,9,,,,,,,,
,,,,,9186,16.0,16,,,,,,,,
,,,,,9196,10.0,10,,,,,,,,
,,,,,9211,15.0,15,,,,,,,,
,,,,,9223,12.0,12,,,,,,,,
,,,,,9235,12.0,12,,,,,,,,
,,,,,9249,14.0,14,,,,,,,,
,,,,,9257,8.0,8,,,,,,,,
,,,,,9269,12.0,12,,,,,,,,
,,,,,9277,8.0,8,,,,,,,,
,,,,,9281,4.0,4,,,,,,,,
,,,,,9289,8.0,8,,,,,,,,
,,,,,9307,18.0,18,,,,,,,,
,,,,,9316,9.0,9,,,,,,,,
,,,,,9332,16.0,16,,,,,,,,
,,,,,9338,6.0,6,,,,,,,,
,,,,,9366,28.0,28,,,,,,,,
,,,,,9391,25.0,25,,,,,,,,
,,,,,9403,12.0,12,,,,,,,,
,,,,,9419,16.0,16,,,,,,,,
,,,,,9431,12.0,12,,,,,,,,
,,,,,9439,8.0,8,,,,,,,,
,,,,,9479,40.0,40,,,,,,,,
,,,,,9488,9.0,9,,,,,,,,
,,,,,9502,14.0,14,,,,,,,,
,,,,,9512,10.0,10,,,,,,,,
,,,,,9531,19.0,19,,,,,,,,
,,,,,9541,10.0,10,,,,,,,,
,,,,,9546,5.0,5,,,,,,,,
,,,,,9550,4.0,4,,,,,,,,
,,,,,9561,11.0,11,,,,,,,,
,,,,,9586,25.0,25,,,,,,,,
,,,,,9601,15.0,15,,,,,,,,
,,,,,9608,7.0,7,,,,,,,,
,,,,,9613,5.0,5,,,,,,,,
,,,,,9634,21.0,21,,,,,,,,
,,,,,9640,6.0,6,,,,,,,,
,,,,,9646,6.0,6,,,,,,,,
,,,,,9657,11.0,11,,,,,,,,
,,,,,9671,14.0,14,,,,,,,,
,,,,,9677,6.0,6,,,,,,,,
,,,,,9689,12.0,12,,,,,,,,
,,,,,9718,29.0,29,,,,,,,,
,,,,,9767,49.0,49,,,,,,,,
,,,,,9774,7.0,7,,,,,,,,
,,,,,9804,30.0,30,,,,,,,,
,,,,,9818,14.0,14,,,,,,,,
,,,,,9828,10.0,10,,,,,,,,
,,,,,9844,16.0,16,,,,,,,,
,,,,,9856,12.0,12,,,,,,,,
,,,,,9877,21.0,21,,,,,,,,
,,,,,9880,3.0,3,,,,,,,,
,,,,,9885,5.0,5,,,,,,,,
,,,,,9896,11.0,11,,,,,,,,
,,,,,9901,5.0,5,,,,,,,,
,,,,,9917,16.0,16,,,,,,,,
,,,,,9926,9.0,9,,,,,,,,
,,,,,9952,26.0,26,,,,,,,,
,,,,,9974,22.0,22,,,,,,,,
,,,,,9986,12.0,12,,,,,,,,
,,,,,9990,4.0,4,,,,,,,,
,,,,,9993,3.0,3,,,,,,,,
,,,,,9999,6.0,6,,,,,,,,
9.8,3.9698868,20.0,6.0,9.8,10000,,,-2.6988770961761475,26.98876953125,116.93221282958984,-45.2432861328125,-45.29261016845703,0.0003,0.0003,0.1
,,,,,10025,26.0,26,,,,,,,,
,,,,,10037,12.0,12,,,,,,,,
,,,,,10042,5.0,5,,,,,,,,
,,,,,10047,5.0,5,,,,,,,,
,,,,,10052,5.0,5,,,,,,,,
,,,,,10055,3.0,3,,,,,,,,
,,,,,10060,5.0,5,,,,,,,,
,,,,,10066,6.0,6,,,,,,,,
,,,,,10069,3.0,3,,,,,,,,
,,,,,10075,6.0,6,,,,,,,,
,,,,,10093,18.0,18,,,,,,,,
,,,,,10106,13.0,13,,,,,,,,
,,,,,10110,4.0,4,,,,,,,,
,,,,,10125,15.0,15,,,,,,,,
,,,,,10128,3.0,3,,,,,,,,
,,,,,10141,13.0,13,,,,,,,,
,,,,,10147,6.0,6,,,,,,,,
,,,,,10154,7.0,7,,,,,,,,
,,,,,10161,7.0,7,,,,,,,,
,,,,,10173,12.0,12,,,,,,,,
,,,,,10176,3.0,3,,,,,,,,
,,,,,10182,6.0,6,,,,,,,,
,,,,,10205,23.0,23,,,,,,,,
,,,,,10210,5.0,5,,,,,,,,
,,,,,10234,24.0,24,,,,,,,,
,,,,,10244,10.0,10,,,,,,,,
,,,,,10251,7.0,7,,,,,,,,
,,,,,10275,24.0,24,,,,,,,,
,,,,,10293,18.0,18,,,,,,,,
,,,,,10302,9.0,9,,,,,,,,
,,,,,10309,7.0,7,,,,,,,,
,,,,,10315,6.0,6,,,,,,,,
,,,,,10328,13.0,13,,,,,,,,
,,,,,10336,8.0,8,,,,,,,,
,,,,,10341,5.0,5,,,,,,,,
,,,,,10350,9.0,9,,,,,,,,
,,,,,10358,8.0,8,,,,,,,,
,,,,,10366,8.0,8,,,,,,,,
,,,,,10373,7.0,7,,,,,,,,
,,,,,10381,8.0,8,,,,,,,,
,,,,,10413,32.0,32,,,,,,,,
,,,,,10419,6.0,6,,,,,,,,
,,,,,10432,13.0,13,,,,,,,,
,,,,,10443,11.0,11,,,,,,,,
,,,,,10446,3.0,3,,,,,,,,
,,,,,10452,6.0,6,,,,,,,,
,,,,,10480,28.0,28,,,,,,,,
,,,,,10484,4.0,4,,,,,,,,
,,,,,10503,19.0,19,,,,,,,,
,,,,,10509,6.0,6,,,,,,,,
,,,,,10513,4.0,4,,,,,,,,
,,,,,10517,4.0,4,,,,,,,,
,,,,,10526,9.0,9,,,,,,,,
,,,,,10529,3.0,3,,,,,,,,
,,,,,10546,17.0,17,,,,,,,,
,,,,,10550,4.0,4,,,,,,,,
,,,,,10565,15.0,15,,,,,,,,
,,,,,10568,3.0,3,,,,,,,,
,,,,,10573,5.0,5,,,,,,,,
,,,,,10583,10.0,10,,,,,,,,
,,,,,10590,7.0,7,,,,,,,,
,,,,,10594,4.0,4,,,,,,,,
,,,,,10599,5.0,5,,,,,,,,
,,,,,10603,4.0,4,,,,,,,,
,,,,,10610,7.0,7,,,,,,,,
,,,,,10616,6.0,6,,,,,,,,
,,,,,10622,6.0,6,,,,,,,,
,,,,,10626,4.0,4,,,,,,,,
,,,,,10649,23.0,23,,,,,,,,
,,,,,10658,9.0,9,,,,,,,,
,,,,,10661,3.0,3,,,,,,,,
,,,,,10680,19.0,19,,,,,,,,
,,,,,10697,17.0,17,,,,,,,,
,,,,,10708,11.0,11,,,,,,,,
,,,,,10720,12.0,12,,,,,,,,
,,,,,10724,4.0,4,,,,,,,,
,,,,,10740,16.0,16,,,,,,,,
,,,,,10748,8.0,8,,,,,,,,
,,,,,10768,20.0,20,,,,,,,,
,,,,,10772,4.0,4,,,,,,,,
,,,,,10776,4.0,4,,,,,,,,
,,,,,10780,4.0,4,,,,,,,,
,,,,,10792,12.0,12,,,,,,,,
,,,,,10797,5.0,5,,,,,,,,
,,,,,10821,24.0,24,,,,,,,,
,,,,,10824,3.0,3,,,,,,,,
,,,,,10836,12.0,12,,,,,,,,
,,,,,10843,7.0,7,,,,,,,,
,,,,,10859,16.0,16,,,,,,,,
,,,,,10863,4.0,4,,,,,,,,
,,,,,10875,12.0,12,,,,,,,,
,,,,,10882,7.0,7,,,,,,,,
,,,,,10885,3.0,3,,,,,,,,
,,,,,10889,4.0,4,,,,,,,,
,,,,,10894,5.0,5,,,,,,,,
,,,,,10899,5.0,5,,,,,,,,
,,,,,10904,5.0,5,,,,,,,,
,,,,,10910,6.0,6,,,,,,,,
,,,,,10914,4.0,4,,,,,,,,
,,,,,10927,13.0,13,,,,,,,,
,,,,,10941,14.0,14,,,,,,,,
,,,,,10946,5.0,5,,,,,,,,
,,,,,10950,4.0,4,,,,,,,,
,,,,,10955,5.0,5,,,,,,,,
,,,,,10974,19.0,19,,,,,,,,
,,,,,10993,19.0,19,,,,,,,,
,,,,,10997,4.0,4,,,,,,,,
,,,,,11000,,,-5.547375202178955,55.473751068115234,84.7156753540039,-11.23267936706543,-11.422021865844727,0.0003,0.0003,0.1
,,,,,11003,6.0,6,,,,,,,,
,,,,,11008,5.0,5,,,,,,,,
,,,,,11021,13.0,13,,,,,,,,
,,,,,11026,5.0,5,,,,,,,,
,,,,,11036,10.0,10,,,,,,,,
,,,,,11042,6.0,6,,,,,,,,
,,,,,11045,3.0,3,,,,,,,,
,,,,,11052,7.0,7,,,,,,,,
,,,,,11074,22.0,22,,,,,,,,
,,,,,11077,3.0,3,,,,,,,,
,,,,,11080,3.0,3,,,,,,,,
,,,,,11085,5.0,5,,,,,,,,
,,,,,11093,8.0,8,,,,,,,,
,,,,,11098,5.0,5,,,,,,,,
,,,,,11103,5.0,5,,,,,,,,
,,,,,11106,3.0,3,,,,,,,,
,,,,,11124,18.0,18,,,,,,,,
,,,,,11128,4.0,4,,,,,,,,
,,,,,11132,4.0,4,,,,,,,,
,,,,,11138,6.0,6,,,,,,,,
,,,,,11144,6.0,6,,,,,,,,
,,,,,11169,25.0,25,,,,,,,,
,,,,,11174,5.0,5,,,,,,,,
,,,,,11185,11.0,11,,,,,,,,
,,,,,11190,5.0,5,,,,,,,,
,,,,,11199,9.0,9,,,,,,,,
,,,,,11206,7.0,7,,,,,,,,
,,,,,11212,6.0,6,,,,,,,,
,,,,,11227,15.0,15,,,,,,,,
,,,,,11238,11.0,11,,,,,,,,
,,,,,11247,9.0,9,,,,,,,,
,,,,,11251,4.0,4,,,,,,,,
,,,,,11255,4.0,4,,,,,,,,
,,,,,11259,4.0,4,,,,,,,,
,,,,,11262,3.0,3,,,,,,,,
,,,,,11267,5.0,5,,,,,,,,
,,,,,11273,6.0,6,,,,,,,,
,,,,,11282,9.0,9,,,,,,,,
,,,,,11286,4.0,4,,,,,,,,
,,,,,11293,7.0,7,,,,,,,,
,,,,,11300,7.0,7,,,,,,,,
,,,,,11309,9.0,9,,,,,,,,
,,,,,11319,10.0,10,,,,,,,,
,,,,,11341,22.0,22,,,,,,,,
,,,,,11347,6.0,6,,,,,,,,
,,,,,11350,3.0,3,,,,,,,,
,,,,,11359,9.0,9,,,,,,,,
,,,,,11374,15.0,15,,,,,,,,
,,,,,11392,18.0,18,,,,,,,,
,,,,,11395,3.0,3,,,,,,,,
,,,,,11402,7.0,7,,,,,,,,
,,,,,11423,21.0,21,,,,,,,,
,,,,,11433,10.0,10,,,,,,,,
,,,,,11445,12.0,12,,,,,,,,
,,,,,11456,11.0,11,,,,,,,,
,,,,,11492,36.0,36,,,,,,,,
,,,,,11499,7.0,7,,,,,,,,
,,,,,11502,3.0,3,,,,,,,,
,,,,,11524,22.0,22,,,,,,,,
,,,,,11565,41.0,41,,,,,,,,
,,,,,11573,8.0,8,,,,,,,,
,,,,,11597,24.0,24,,,,,,,,
,,,,,11640,43.0,43,,,,,,,,
,,,,,11665,25.0,25,,,,,,,,
,,,,,11674,9.0,9,,,,,,,,
,,,,,11685,11.0,11,,,,,,,,
,,,,,11688,3.0,3,,,,,,,,
,,,,,11697,9.0,9,,,,,,,,
,,,,,11713,16.0,16,,,,,,,,
,,,,,11722,9.0,9,,,,,,,,
,,,,,11735,13.0,13,,,,,,,,
,,,,,11739,4.0,4,,,,,,,,
,,,,,11748,9.0,9,,,,,,,,
,,,,,11786,38.0,38,,,,,,,,
,,,,,11789,3.0,3,,,,,,,,
,,,,,11803,14.0,14,,,,,,,,
,,,,,11808,5.0,5,,,,,,,,
,,,,,11817,9.0,9,,,,,,,,
,,,,,11830,13.0,13,,,,,,,,
,,,,,11853,23.0,23,,,,,,,,
,,,,,11860,7.0,7,,,,,,,,
,,,,,11873,13.0,13,,,,,,,,
,,,,,11878,5.0,5,,,,,,,,
,,,,,11884,6.0,6,,,,,,,,
,,,,,11890,6.0,6,,,,,,,,
,,,,,11901,11.0,11,,,,,,,,
,,,,,11912,11.0,11,,,,,,,,
,,,,,11927,15.0,15,,,,,,,,
,,,,,11939,12.0,12,,,,,,,,
,,,,,11964,25.0,25,,,,,,,,
,,,,,11972,8.0,8,,,,,,,,
,,,,,11985,13.0,13,,,,,,,,
,,,,,11996,11.0,11,,,,,,,,
,,,,,12000,,,1.691369891166687,-16.913698196411133,16.187084197998047,-8.652141571044922,-10.993783950805664,0.0003,0.0003,0.1
,,,,,12013,17.0,17,,,,,,,,
,,,,,12027,14.0,14,,,,,,,,
,,,,,12030,3.0,3,,,,,,,,
,,,,,12034,4.0,4,,,,,,,,
,,,,,12041,7.0,7,,,,,,,,
,,,,,12054,13.0,13,,,,,,,,
,,,,,12057,3.0,3,,,,,,,,
,,,,,12065,8.0,8,,,,,,,,
,,,,,12070,5.0,5,,,,,,,,
,,,,,12086,16.0,16,,,,,,,,
,,,,,12104,18.0,18,,,,,,,,
,,,,,12109,5.0,5,,,,,,,,
,,,,,12115,6.0,6,,,,,,,,
,,,,,12120,5.0,5,,,,,,,,
,,,,,12135,15.0,15,,,,,,,,
,,,,,12142,7.0,7,,,,,,,,
,,,,,12152,10.0,10,,,,,,,,
,,,,,12176,24.0,24,,,,,,,,
,,,,,12189,13.0,13,,,,,,,,
,,,,,12192,3.0,3,,,,,,,,
,,,,,12215,23.0,23,,,,,,,,
,,,,,12226,11.0,11,,,,,,,,
,,,,,12235,9.0,9,,,,,,,,
,,,,,12248,13.0,13,,,,,,,,
,,,,,12254,6.0,6,,,,,,,,
,,,,,12257,3.0,3,,,,,,,,
,,,,,12275,18.0,18,,,,,,,,
,,,,,12295,20.0,20,,,,,,,,
,,,,,12307,12.0,12,,,,,,,,
,,,,,12316,9.0,9,,,,,,,,
,,,,,12325,9.0,9,,,,,,,,
,,,,,12355,30.0,30,,,,,,,,
,,,,,12361,6.0,6,,,,,,,,
,,,,,12375,14.0,14,,,,,,,,
,,,,,12384,9.0,9,,,,,,,,
,,,,,12394,10.0,10,,,,,,,,
,,,,,12402,8.0,8,,,,,,,,
,,,,,12417,15.0,15,,,,,,,,
,,,,,12420,3.0,3,,,,,,,,
,,,,,12428,8.0,8,,,,,,,,
,,,,,12431,3.0,3,,,,,,,,
,,,,,12441,10.0,10,,,,,,,,
,,,,,12447,6.0,6,,,,,,,,
,,,,,12451,4.0,4,,,,,,,,
,,,,,12460,9.0,9,,,,,,,,
,,,,,12466,6.0,6,,,,,,,,
,,,,,12473,7.0,7,,,,,,,,
,,,,,12486,13.0,13,,,,,,,,
,,,,,12497,11.0,11,,,,,,,,
,,,,,12506,9.0,9,,,,,,,,
,,,,,12511,5.0,5,,,,,,,,
,,,,,12517,6.0,6,,,,,,,,
,,,,,12531,14.0,14,,,,,,,,
,,,,,12537,6.0,6,,,,,,,,
,,,,,12540,3.0,3,,,,,,,,
,,,,,12544,4.0,4,,,,,,,,
,,,,,12551,7.0,7,,,,,,,,
,,,,,12561,10.0,10,,,,,,,,
,,,,,12566,5.0,5,,,,,,,,
,,,,,12569,3.0,3,,,,,,,,
,,,,,12579,10.0,10,,,,,,,,
,,,,,12582,3.0,3,,,,,,,,
,,,,,12587,5.0,5,,,,,,,,
,,,,,12590,3.0,3,,,,,,,,
,,,,,12599,9.0,9,,,,,,,,
,,,,,12605,6.0,6,,,,,,,,
,,,,,12626,21.0,21,,,,,,,,
,,,,,12634,8.0,8,,,,,,,,
,,,,,12643,9.0,9,,,,,,,,
,,,,,12659,16.0,16,,,,,,,,
,,,,,12662,3.0,3,,,,,,,,
,,,,,12667,5.0,5,,,,,,,,
,,,,,12673,6.0,6,,,,,,,,
,,,,,12696,23.0,23,,,,,,,,
,,,,,12706,10.0,10,,,,,,,,
,,,,,12714,8.0,8,,,,,,,,
,,,,,12720,6.0,6,,,,,,,,
,,,,,12725,5.0,5,,,,,,,,
,,,,,12736,11.0,11,,,,,,,,
,,,,,12745,9.0,9,,,,,,,,
,,,,,12751,6.0,6,,,,,,,,
,,,,,12755,4.0,4,,,,,,,,
,,,,,12762,7.0,7,,,,,,,,
,,,,,12769,7.0,7,,,,,,,,
,,,,,12777,8.0,8,,,,,,,,
,,,,,12786,9.0,9,,,,,,,,
,,,,,12791,5.0,5,,,,,,,,
,,,,,12799,8.0,8,,,,,,,,
,,,,,12805,6.0,6,,,,,,,,
,,,,,12814,9.0,9,,,,,,,,
,,,,,12825,11.0,11,,,,,,,,
,,,,,12831,6.0,6,,,,,,,,
,,,,,12838,7.0,7,,,,,,,,
,,,,,12849,11.0,11,,,,,,,,
,,,,,12854,5.0,5,,,,,,,,
,,,,,12858,4.0,4,,,,,,,,
,,,,,12866,8.0,8,,,,,,,,
,,,,,12876,10.0,10,,,,,,,,
,,,,,12881,5.0,5,,,,,,,,
,,,,,12884,3.0,3,,,,,,,,
,,,,,12891,7.0,7,,,,,,,,
,,,,,12902,11.0,11,,,,,,,,
,,,,,12913,11.0,11,,,,,,,,
,,,,,12923,10.0,10,,,,,,,,
,,,,,12934,11.0,11,,,,,,,,
,,,,,12938,4.0,4,,,,,,,,
,,,,,12941,3.0,3,,,,,,,,
,,,,,12954,13.0,13,,,,,,,,
,,,,,12967,13.0,13,,,,,,,,
,,,,,12977,10.0,10,,,,,,,,
,,,,,13000,,,-0.1588846743106842,1.5888466835021973,15.495002746582031,-9.49127197265625,-9.433276176452637,0.0003,0.0003,0.1
,,,,,13001,24.0,24,,,,,,,,
,,,,,13004,3.0,3,,,,,,,,
,,,,,13008,4.0,4,,,,,,,,
,,,,,13018,10.0,10,,,,,,,,
,,,,,13025,7.0,7,,,,,,,,
,,,,,13058,33.0,33,,,,,,,,
,,,,,13072,14.0,14,,,,,,,,
,,,,,13080,8.0,8,,,,,,,,
,,,,,13097,17.0,17,,,,,,,,
,,,,,13114,17.0,17,,,,,,,,
,,,,,13124,10.0,10,,,,,,,,
,,,,,13129,5.0,5,,,,,,,,
,,,,,13151,22.0,22,,,,,,,,
,,,,,13158,7.0,7,,,,,,,,
,,,,,13162,4.0,4,,,,,,,,
,,,,,13172,10.0,10,,,,,,,,
,,,,,13184,12.0,12,,,,,,,,
,,,,,13193,9.0,9,,,,,,,,
,,,,,13202,9.0,9,,,,,,,,
,,,,,13216,14.0,14,,,,,,,,
,,,,,13226,10.0,10,,,,,,,,
,,,,,13239,13.0,13,,,,,,,,
,,,,,13260,21.0,21,,,,,,,,
,,,,,13266,6.0,6,,,,,,,,
,,,,,13274,8.0,8,,,,,,,,
,,,,,13278,4.0,4,,,,,,,,
,,,,,13285,7.0,7,,,,,,,,
,,,,,13293,8.0,8,,,,,,,,
,,,,,13298,5.0,5,,,,,,,,
,,,,,13305,7.0,7,,,,,,,,
,,,,,13325,20.0,20,,,,,,,,
,,,,,13335,10.0,10,,,,,,,,
,,,,,13338,3.0,3,,,,,,,,
,,,,,13342,4.0,4,,,,,,,,
,,,,,13345,3.0,3,,,,,,,,
,,,,,13357,12.0,12,,,,,,,,
,,,,,13373,16.0,16,,,,,,,,
,,,,,13378,5.0,5,,,,,,,,
,,,,,13382,4.0,4,,,,,,,,
,,,,,13393,11.0,11,,,,,,,,
,,,,,13402,9.0,9,,,,,,,,
,,,,,13423,21.0,21,,,,,,,,
,,,,,13444,21.0,21,,,,,,,,
,,,,,13454,10.0,10,,,,,,,,
,,,,,13460,6.0,6,,,,,,,,
,,,,,13466,6.0,6,,,,,,,,
,,,,,13471,5.0,5,,,,,,,,
,,,,,13474,3.0,3,,,,,,,,
,,,,,13480,6.0,6,,,,,,,,
,,,,,13490,10.0,10,,,,,,,,
,,,,,13499,9.0,9,,,,,,,,
,,,,,13508,9.0,9,,,,,,,,
,,,,,13517,9.0,9,,,,,,,,
,,,,,13536,19.0,19,,,,,,,,
,,,,,13542,6.0,6,,,,,,,,
,,,,,13554,12.0,12,,,,,,,,
,,,,,13565,11.0,11,,,,,,,,
,,,,,13570,5.0,5,,,,,,,,
,,,,,13575,5.0,5,,,,,,,,
,,,,,13592,17.0,17,,,,,,,,
,,,,,13604,12.0,12,,,,,,,,
,,,,,13616,12.0,12,,,,,,,,
,,,,,13622,6.0,6,,,,,,,,
,,,,,13627,5.0,5,,,,,,,,
,,,,,13631,4.0,4,,,,,,,,
,,,,,13640,9.0,9,,,,,,,,
,,,,,13649,9.0,9,,,,,,,,
,,,,,13658,9.0,9,,,,,,,,
,,,,,13664,6.0,6,,,,,,,,
,,,,,13670,6.0,6,,,,,,,,
,,,,,13676,6.0,6,,,,,,,,
,,,,,13679,3.0,3,,,,,,,,
,,,,,13686,7.0,7,,,,,,,,
,,,,,13716,30.0,30,,,,,,,,
,,,,,13721,5.0,5,,,,,,,,
,,,,,13740,19.0,19,,,,,,,,
,,,,,13746,6.0,6,,,,,,,,
,,,,,13757,11.0,11,,,,,,,,
,,,,,13764,7.0,7,,,,,,,,
,,,,,13774,10.0,10,,,,,,,,
,,,,,13777,3.0,3,,,,,,,,
,,,,,13788,11.0,11,,,,,,,,
,,,,,13794,6.0,6,,,,,,,,
,,,,,13797,3.0,3,,,,,,,,
,,,,,13804,7.0,7,,,,,,,,
,,,,,13808,4.0,4,,,,,,,,
,,,,,13823,15.0,15,,,,,,,,
,,,,,13831,8.0,8,,,,,,,,
,,,,,13835,4.0,4,,,,,,,,
,,,,,13839,4.0,4,,,,,,,,
,,,,,13844,5.0,5,,,,,,,,
,,,,,13847,3.0,3,,,,,,,,
,,,,,13850,3.0,3,,,,,,,,
,,,,,13854,4.0,4,,,,,,,,
,,,,,13861,7.0,7,,,,,,,,
,,,,,13869,8.0,8,,,,,,,,
,,,,,13875,6.0,6,,,,,,,,
,,,,,13881,6.0,6,,,,,,,,
,,,,,13884,3.0,3,,,,,,,,
,,,,,13891,7.0,7,,,,,,,,
,,,,,13894,3.0,3,,,,,,,,
,,,,,13899,5.0,5,,,,,,,,
,,,,,13906,7.0,7,,,,,,,,
,,,,,13919,13.0,13,,,,,,,,
,,,,,13930,11.0,11,,,,,,,,
,,,,,13933,3.0,3,,,,,,,,
,,,,,13941,8.0,8,,,,,,,,
,,,,,13946,5.0,5,,,,,,,,
,,,,,13949,3.0,3,,,,,,,,
,,,,,13955,6.0,6,,,,,,,,
,,,,,13959,4.0,4,,,,,,,,
,,,,,13962,3.0,3,,,,,,,,
,,,,,13967,5.0,5,,,,,,,,
,,,,,13973,6.0,6,,,,,,,,
,,,,,13977,4.0,4,,,,,,,,
,,,,,13983,6.0,6,,,,,,,,
,,,,,13991,8.0,8,,,,,,,,
,,,,,13996,5.0,5,,,,,,,,
,,,,,14000,,,14.100532531738281,-141.0053253173828,80.4425048828125,-45.31315994262695,-45.690250396728516,0.0003,0.0003,0.1
,,,,,14003,7.0,7,,,,,,,,
,,,,,14008,5.0,5,,,,,,,,
,,,,,14015,7.0,7,,,,,,,,
,,,,,14026,11.0,11,,,,,,,,
,,,,,14030,4.0,4,,,,,,,,
,,,,,14037,7.0,7,,,,,,,,
,,,,,14048,11.0,11,,,,,,,,
,,,,,14052,4.0,4,,,,,,,,
,,,,,14060,8.0,8,,,,,,,,
,,,,,14071,11.0,11,,,,,,,,
,,,,,14079,8.0,8,,,,,,,,
,,,,,14083,4.0,4,,,,,,,,
,,,,,14087,4.0,4,,,,,,,,
,,,,,14090,3.0,3,,,,,,,,
,,,,,14099,9.0,9,,,,,,,,
,,,,,14102,3.0,3,,,,,,,,
,,,,,14108,6.0,6,,,,,,,,
,,,,,14117,9.0,9,,,,,,,,
,,,,,14123,6.0,6,,,,,,,,
,,,,,14129,6.0,6,,,,,,,,
,,,,,14132,3.0,3,,,,,,,,
,,,,,14142,10.0,10,,,,,,,,
,,,,,14148,6.0,6,,,,,,,,
,,,,,14156,8.0,8,,,,,,,,
,,,,,14160,4.0,4,,,,,,,,
,,,,,14168,8.0,8,,,,,,,,
,,,,,14173,5.0,5,,,,,,,,
,,,,,14179,6.0,6,,,,,,,,
,,,,,14182,3.0,3,,,,,,,,
,,,,,14187,5.0,5,,,,,,,,
,,,,,14196,9.0,9,,,,,,,,
,,,,,14203,7.0,7,,,,,,,,
,,,,,14209,6.0,6,,,,,,,,
,,,,,14215,6.0,6,,,,,,,,
,,,,,14220,5.0,5,,,,,,,,
,,,,,14225,5.0,5,,,,,,,,
,,,,,14230,5.0,5,,,,,,,,
,,,,,14234,4.0,4,,,,,,,,
,,,,,14239,5.0,5,,,,,,,,
,,,,,14244,5.0,5,,,,,,,,
,,,,,14248,4.0,4,,,,,,,,
,,,,,14252,4.0,4,,,,,,,,
,,,,,14257,5.0,5,,,,,,,,
,,,,,14260,3.0,3,,,,,,,,
,,,,,14269,9.0,9,,,,,,,,
,,,,,14275,6.0,6,,,,,,,,
,,,,,14283,8.0,8,,,,,,,,
,,,,,14290,7.0,7,,,,,,,,
,,,,,14298,8.0,8,,,,,,,,
,,,,,14304,6.0,6,,,,,,,,
,,,,,14321,17.0,17,,,,,,,,
,,,,,14331,10.0,10,,,,,,,,
,,,,,14342,11.0,11,,,,,,,,
,,,,,14348,6.0,6,,,,,,,,
,,,,,14358,10.0,10,,,,,,,,
,,,,,14379,21.0,21,,,,,,,,
,,,,,14382,3.0,3,,,,,,,,
,,,,,14386,4.0,4,,,,,,,,
,,,,,14389,3.0,3,,,,,,,,
,,,,,14405,16.0,16,,,,,,,,
,,,,,14408,3.0,3,,,,,,,,
,,,,,14414,6.0,6,,,,,,,,
,,,,,14425,11.0,11,,,,,,,,
,,,,,14430,5.0,5,,,,,,,,
,,,,,14440,10.0,10,,,,,,,,
,,,,,14447,7.0,7,,,,,,,,
,,,,,14457,10.0,10,,,,,,,,
,,,,,14465,8.0,8,,,,,,,,
,,,,,14471,6.0,6,,,,,,,,
,,,,,14479,8.0,8,,,,,,,,
,,,,,14486,7.0,7,,,,,,,,
,,,,,14492,6.0,6,,,,,,,,
,,,,,14498,6.0,6,,,,,,,,
,,,,,14501,3.0,3,,,,,,,,
,,,,,14509,8.0,8,,,,,,,,
,,,,,14518,9.0,9,,,,,,,,
,,,,,14524,6.0,6,,,,,,,,
,,,,,14530,6.0,6,,,,,,,,
,,,,,14537,7.0,7,,,,,,,,
,,,,,14549,12.0,12,,,,,,,,
,,,,,14557,8.0,8,,,,,,,,
,,,,,14572,15.0,15,,,,,,,,
,,,,,14586,14.0,14,,,,,,,,
,,,,,14604,18.0,18,,,,,,,,
,,,,,14617,13.0,13,,,,,,,,
,,,,,14622,5.0,5,,,,,,,,
,,,,,14627,5.0,5,,,,,,,,
,,,,,14636,9.0,9,,,,,,,,
,,,,,14642,6.0,6,,,,,,,,
,,,,,14647,5.0,5,,,,,,,,
,,,,,14652,5.0,5,,,,,,,,
,,,,,14660,8.0,8,,,,,,,,
,,,,,14670,10.0,10,,,,,,,,
,,,,,14678,8.0,8,,,,,,,,
,,,,,14681,3.0,3,,,,,,,,
,,,,,14686,5.0,5,,,,,,,,
,,,,,14689,3.0,3,,,,,,,,
,,,,,14695,6.0,6,,,,,,,,
,,,,,14705,10.0,10,,,,,,,,
,,,,,14720,15.0,15,,,,,,,,
,,,,,14731,11.0,11,,,,,,,,
,,,,,14737,6.0,6,,,,,,,,
,,,,,14747,10.0,10,,,,,,,,
,,,,,14758,11.0,11,,,,,,,,
,,,,,14763,5.0,5,,,,,,,,
,,,,,14771,8.0,8,,,,,,,,
,,,,,14775,4.0,4,,,,,,,,
,,,,,14784,9.0,9,,,,,,,,
,,,,,14789,5.0,5,,,,,,,,
,,,,,14807,18.0,18,,,,,,,,
,,,,,14812,5.0,5,,,,,,,,
,,,,,14819,7.0,7,,,,,,,,
,,,,,14832,13.0,13,,,,,,,,
,,,,,14844,12.0,12,,,,,,,,
,,,,,14851,7.0,7,,,,,,,,
,,,,,14860,9.0,9,,,,,,,,
,,,,,14865,5.0,5,,,,,,,,
,,,,,14869,4.0,4,,,,,,,,
,,,,,14872,3.0,3,,,,,,,,
,,,,,14877,5.0,5,,,,,,,,
,,,,,14893,16.0,16,,,,,,,,
,,,,,14904,11.0,11,,,,,,,,
,,,,,14907,3.0,3,,,,,,,,
,,,,,14918,11.0,11,,,,,,,,
,,,,,14922,4.0,4,,,,,,,,
,,,,,14931,9.0,9,,,,,,,,
,,,,,14944,13.0,13,,,,,,,,
,,,,,14952,8.0,8,,,,,,,,
,,,,,14961,9.0,9,,,,,,,,
,,,,,14975,14.0,14,,,,,,,,
,,,,,14978,3.0,3,,,,,,,,
,,,,,14982,4.0,4,,,,,,,,
,,,,,14989,7.0,7,,,,,,,,
,,,,,14997,8.0,8,,,,,,,,
10.8,6.0959005,27.0,3.0,10.8,15000,,,25.19546127319336,-251.95460510253906,444.53594970703125,-82.77460479736328,-93.93992614746094,0.0003,0.0003,0.1
,,,,,15009,12.0,12,,,,,,,,
,,,,,15019,10.0,10,,,,,,,,
,,,,,15034,15.0,15,,,,,,,,
,,,,,15037,3.0,3,,,,,,,,
,,,,,15047,10.0,10,,,,,,,,
,,,,,15050,3.0,3,,,,,,,,
,,,,,15067,17.0,17,,,,,,,,
,,,,,15072,5.0,5,,,,,,,,
,,,,,15075,3.0,3,,,,,,,,
,,,,,15081,6.0,6,,,,,,,,
,,,,,15103,22.0,22,,,,,,,,
,,,,,15110,7.0,7,,,,,,,,
,,,,,15121,11.0,11,,,,,,,,
,,,,,15136,15.0,15,,,,,,,,
,,,,,15141,5.0,5,,,,,,,,
,,,,,15149,8.0,8,,,,,,,,
,,,,,15158,9.0,9,,,,,,,,
,,,,,15165,7.0,7,,,,,,,,
,,,,,15171,6.0,6,,,,,,,,
,,,,,15174,3.0,3,,,,,,,,
,,,,,15181,7.0,7,,,,,,,,
,,,,,15188,7.0,7,,,,,,,,
,,,,,15197,9.0,9,,,,,,,,
,,,,,15217,20.0,20,,,,,,,,
,,,,,15222,5.0,5,,,,,,,,
,,,,,15225,3.0,3,,,,,,,,
,,,,,15230,5.0,5,,,,,,,,
,,,,,15242,12.0,12,,,,,,,,
,,,,,15245,3.0,3,,,,,,,,
,,,,,15262,17.0,17,,,,,,,,
,,,,,15271,9.0,9,,,,,,,,
,,,,,15277,6.0,6,,,,,,,,
,,,,,15289,12.0,12,,,,,,,,
,,,,,15298,9.0,9,,,,,,,,
,,,,,15314,16.0,16,,,,,,,,
,,,,,15319,5.0,5,,,,,,,,
,,,,,15324,5.0,5,,,,,,,,
,,,,,15330,6.0,6,,,,,,,,
,,,,,15339,9.0,9,,,,,,,,
,,,,,15351,12.0,12,,,,,,,,
,,,,,15368,17.0,17,,,,,,,,
,,,,,15386,18.0,18,,,,,,,,
,,,,,15392,6.0,6,,,,,,,,
,,,,,15398,6.0,6,,,,,,,,
,,,,,15401,3.0,3,,,,,,,,
,,,,,15405,4.0,4,,,,,,,,
,,,,,15409,4.0,4,,,,,,,,
,,,,,15414,5.0,5,,,,,,,,
,,,,,15423,9.0,9,,,,,,,,
,,,,,15429,6.0,6,,,,,,,,
,,,,,15445,16.0,16,,,,,,,,
,,,,,15451,6.0,6,,,,,,,,
,,,,,15486,35.0,35,,,,,,,,
,,,,,15498,12.0,12,,,,,,,,
,,,,,15507,9.0,9,,,,,,,,
,,,,,15510,3.0,3,,,,,,,,
,,,,,15517,7.0,7,,,,,,,,
,,,,,15524,7.0,7,,,,,,,,
,,,,,15536,12.0,12,,,,,,,,
,,,,,15550,14.0,14,,,,,,,,
,,,,,15554,4.0,4,,,,,,,,
,,,,,15588,34.0,34,,,,,,,,
,,,,,15595,7.0,7,,,,,,,,
,,,,,15606,11.0,11,,,,,,,,
,,,,,15615,9.0,9,,,,,,,,
,,,,,15624,9.0,9,,,,,,,,
,,,,,15635,11.0,11,,,,,,,,
,,,,,15641,6.0,6,,,,,,,,
,,,,,15649,8.0,8,,,,,,,,
,,,,,15665,16.0,16,,,,,,,,
,,,,,15668,3.0,3,,,,,,,,
,,,,,15682,14.0,14,,,,,,,,
,,,,,15691,9.0,9,,,,,,,,
,,,,,15703,12.0,12,,,,,,,,
,,,,,15708,5.0,5,,,,,,,,
,,,,,15738,30.0,30,,,,,,,,
,,,,,15760,22.0,22,,,,,,,,
,,,,,15765,5.0,5,,,,,,,,
,,,,,15769,4.0,4,,,,,,,,
,,,,,15783,14.0,14,,,,,,,,
,,,,,15792,9.0,9,,,,,,,,
,,,,,15804,12.0,12,,,,,,,,
,,,,,15817,13.0,13,,,,,,,,
,,,,,15823,6.0,6,,,,,,,,
,,,,,15829,6.0,6,,,,,,,,
,,,,,15838,9.0,9,,,,,,,,
,,,,,15846,8.0,8,,,,,,,,
,,,,,15855,9.0,9,,,,,,,,
,,,,,15859,4.0,4,,,,,,,,
,,,,,15868,9.0,9,,,,,,,,
,,,,,15881,13.0,13,,,,,,,,
,,,,,15885,4.0,4,,,,,,,,
,,,,,15891,6.0,6,,,,,,,,
,,,,,15913,22.0,22,,,,,,,,
,,,,,15918,5.0,5,,,,,,,,
,,,,,15928,10.0,10,,,,,,,,
,,,,,15943,15.0,15,,,,,,,,
,,,,,15956,13.0,13,,,,,,,,
,,,,,15965,9.0,9,,,,,,,,
,,,,,15969,4.0,4,,,,,,,,
,,,,,15983,14.0,14,,,,,,,,
,,,,,16000,,,22.774784088134766,-227.74783325195312,694.1964111328125,-90.17019653320312,-88.92396545410156,0.0003,0.0003,0.1
,,,,,16001,18.0,18,,,,,,,,
,,,,,16007,6.0,6,,,,,,,,
,,,,,16010,3.0,3,,,,,,,,
,,,,,16015,5.0,5,,,,,,,,
,,,,,16024,9.0,9,,,,,,,,
,,,,,16031,7.0,7,,,,,,,,
,,,,,16034,3.0,3,,,,,,,,
,,,,,16037,3.0,3,,,,,,,,
,,,,,16047,10.0,10,,,,,,,,
,,,,,16054,7.0,7,,,,,,,,
,,,,,16060,6.0,6,,,,,,,,
,,,,,16065,5.0,5,,,,,,,,
,,,,,16106,41.0,41,,,,,,,,
,,,,,16111,5.0,5,,,,,,,,
,,,,,16122,11.0,11,,,,,,,,
,,,,,16129,7.0,7,,,,,,,,
,,,,,16144,15.0,15,,,,,,,,
,,,,,16150,6.0,6,,,,,,,,
,,,,,16168,18.0,18,,,,,,,,
,,,,,16175,7.0,7,,,,,,,,
,,,,,16180,5.0,5,,,,,,,,
,,,,,16183,3.0,3,,,,,,,,
,,,,,16197,14.0,14,,,,,,,,
,,,,,16204,7.0,7,,,,,,,,
,,,,,16213,9.0,9,,,,,,,,
,,,,,16218,5.0,5,,,,,,,,
,,,,,16234,16.0,16,,,,,,,,
,,,,,16240,6.0,6,,,,,,,,
,,,,,16251,11.0,11,,,,,,,,
,,,,,16256,5.0,5,,,,,,,,
,,,,,16277,21.0,21,,,,,,,,
,,,,,16296,19.0,19,,,,,,,,
,,,,,16305,9.0,9,,,,,,,,
,,,,,16312,7.0,7,,,,,,,,
,,,,,16316,4.0,4,,,,,,,,
,,,,,16331,15.0,15,,,,,,,,
,,,,,16340,9.0,9,,,,,,,,
,,,,,16347,7.0,7,,,,,,,,
,,,,,16358,11.0,11,,,,,,,,
,,,,,16365,7.0,7,,,,,,,,
,,,,,16377,12.0,12,,,,,,,,
,,,,,16390,13.0,13,,,,,,,,
,,,,,16394,4.0,4,,,,,,,,
,,,,,16405,11.0,11,,,,,,,,
,,,,,16414,9.0,9,,,,,,,,
,,,,,16426,12.0,12,,,,,,,,
,,,,,16435,9.0,9,,,,,,,,
,,,,,16453,18.0,18,,,,,,,,
,,,,,16458,5.0,5,,,,,,,,
,,,,,16464,6.0,6,,,,,,,,
,,,,,16472,8.0,8,,,,,,,,
,,,,,16478,6.0,6,,,,,,,,
,,,,,16487,9.0,9,,,,,,,,
,,,,,16497,10.0,10,,,,,,,,
,,,,,16513,16.0,16,,,,,,,,
,,,,,16530,17.0,17,,,,,,,,
,,,,,16540,10.0,10,,,,,,,,
,,,,,16550,10.0,10,,,,,,,,
,,,,,16559,9.0,9,,,,,,,,
,,,,,16571,12.0,12,,,,,,,,
,,,,,16577,6.0,6,,,,,,,,
,,,,,16582,5.0,5,,,,,,,,
,,,,,16585,3.0,3,,,,,,,,
,,,,,16596,11.0,11,,,,,,,,
,,,,,16652,56.0,56,,,,,,,,
,,,,,16659,7.0,7,,,,,,,,
,,,,,16664,5.0,5,,,,,,,,
,,,,,16668,4.0,4,,,,,,,,
,,,,,16672,4.0,4,,,,,,,,
,,,,,16675,3.0,3,,,,,,,,
,,,,,16688,13.0,13,,,,,,,,
,,,,,16711,23.0,23,,,,,,,,
,,,,,16732,21.0,21,,,,,,,,
,,,,,16740,8.0,8,,,,,,,,
,,,,,16743,3.0,3,,,,,,,,
,,,,,16759,16.0,16,,,,,,,,
,,,,,16762,3.0,3,,,,,,,,
,,,,,16769,7.0,7,,,,,,,,
,,,,,16778,9.0,9,,,,,,,,
,,,,,16782,4.0,4,,,,,,,,
,,,,,16789,7.0,7,,,,,,,,
,,,,,16795,6.0,6,,,,,,,,
,,,,,16803,8.0,8,,,,,,,,
,,,,,16818,15.0,15,,,,,,,,
,,,,,16829,11.0,11,,,,,,,,
,,,,,16832,3.0,3,,,,,,,,
,,,,,16849,17.0,17,,,,,,,,
,,,,,16853,4.0,4,,,,,,,,
,,,,,16860,7.0,7,,,,,,,,
,,,,,16869,9.0,9,,,,,,,,
,,,,,16875,6.0,6,,,,,,,,
,,,,,16905,30.0,30,,,,,,,,
,,,,,16909,4.0,4,,,,,,,,
,,,,,16917,8.0,8,,,,,,,,
,,,,,16921,4.0,4,,,,,,,,
,,,,,16928,7.0,7,,,,,,,,
,,,,,16934,6.0,6,,,,,,,,
,,,,,16950,16.0,16,,,,,,,,
,,,,,16954,4.0,4,,,,,,,,
,,,,,16970,16.0,16,,,,,,,,
,,,,,16977,7.0,7,,,,,,,,
,,,,,16998,21.0,21,,,,,,,,
,,,,,17000,,,8.166885375976562,-81.66885375976562,711.3085327148438,-79.88285064697266,-79.18133544921875,0.0003,0.0003,0.1
,,,,,17017,19.0,19,,,,,,,,
,,,,,17024,7.0,7,,,,,,,,
,,,,,17033,9.0,9,,,,,,,,
,,,,,17050,17.0,17,,,,,,,,
,,,,,17056,6.0,6,,,,,,,,
,,,,,17060,4.0,4,,,,,,,,
,,,,,17067,7.0,7,,,,,,,,
,,,,,17075,8.0,8,,,,,,,,
,,,,,17079,4.0,4,,,,,,,,
,,,,,17086,7.0,7,,,,,,,,
,,,,,17089,3.0,3,,,,,,,,
,,,,,17095,6.0,6,,,,,,,,
,,,,,17103,8.0,8,,,,,,,,
,,,,,17109,6.0,6,,,,,,,,
,,,,,17114,5.0,5,,,,,,,,
,,,,,17120,6.0,6,,,,,,,,
,,,,,17126,6.0,6,,,,,,,,
,,,,,17137,11.0,11,,,,,,,,
,,,,,17145,8.0,8,,,,,,,,
,,,,,17149,4.0,4,,,,,,,,
,,,,,17156,7.0,7,,,,,,,,
,,,,,17161,5.0,5,,,,,,,,
,,,,,17169,8.0,8,,,,,,,,
,,,,,17172,3.0,3,,,,,,,,
,,,,,17175,3.0,3,,,,,,,,
,,,,,17178,3.0,3,,,,,,,,
,,,,,17184,6.0,6,,,,,,,,
,,,,,17192,8.0,8,,,,,,,,
,,,,,17195,3.0,3,,,,,,,,
,,,,,17198,3.0,3,,,,,,,,
,,,,,17205,7.0,7,,,,,,,,
,,,,,17208,3.0,3,,,,,,,,
,,,,,17212,4.0,4,,,,,,,,
,,,,,17220,8.0,8,,,,,,,,
,,,,,17224,4.0,4,,,,,,,,
,,,,,17230,6.0,6,,,,,,,,
,,,,,17241,11.0,11,,,,,,,,
,,,,,17245,4.0,4,,,,,,,,
,,,,,17249,4.0,4,,,,,,,,
,,,,,17257,8.0,8,,,,,,,,
,,,,,17264,7.0,7,,,,,,,,
,,,,,17282,18.0,18,,,,,,,,
,,,,,17300,18.0,18,,,,,,,,
,,,,,17308,8.0,8,,,,,,,,
,,,,,17313,5.0,5,,,,,,,,
,,,,,17331,18.0,18,,,,,,,,
,,,,,17337,6.0,6,,,,,,,,
,,,,,17344,7.0,7,,,,,,,,
,,,,,17360,16.0,16,,,,,,,,
,,,,,17371,11.0,11,,,,,,,,
,,,,,17377,6.0,6,,,,,,,,
,,,,,17382,5.0,5,,,,,,,,
,,,,,17392,10.0,10,,,,,,,,
,,,,,17400,8.0,8,,,,,,,,
,,,,,17403,3.0,3,,,,,,,,
,,,,,17408,5.0,5,,,,,,,,
,,,,,17414,6.0,6,,,,,,,,
,,,,,17419,5.0,5,,,,,,,,
,,,,,17447,28.0,28,,,,,,,,
,,,,,17450,3.0,3,,,,,,,,
,,,,,17458,8.0,8,,,,,,,,
,,,,,17461,3.0,3,,,,,,,,
,,,,,17468,7.0,7,,,,,,,,
,,,,,17475,7.0,7,,,,,,,,
,,,,,17505,30.0,30,,,,,,,,
,,,,,17516,11.0,11,,,,,,,,
,,,,,17519,3.0,3,,,,,,,,
,,,,,17535,16.0,16,,,,,,,,
,,,,,17542,7.0,7,,,,,,,,
,,,,,17547,5.0,5,,,,,,,,
,,,,,17557,10.0,10,,,,,,,,
,,,,,17564,7.0,7,,,,,,,,
,,,,,17571,7.0,7,,,,,,,,
,,,,,17575,4.0,4,,,,,,,,
,,,,,17578,3.0,3,,,,,,,,
,,,,,17589,11.0,11,,,,,,,,
,,,,,17593,4.0,4,,,,,,,,
,,,,,17599,6.0,6,,,,,,,,
,,,,,17603,4.0,4,,,,,,,,
,,,,,17606,3.0,3,,,,,,,,
,,,,,17609,3.0,3,,,,,,,,
,,,,,17615,6.0,6,,,,,,,,
,,,,,17620,5.0,5,,,,,,,,
,,,,,17623,3.0,3,,,,,,,,
,,,,,17631,8.0,8,,,,,,,,
,,,,,17635,4.0,4,,,,,,,,
,,,,,17638,3.0,3,,,,,,,,
,,,,,17641,3.0,3,,,,,,,,
,,,,,17647,6.0,6,,,,,,,,
,,,,,17650,3.0,3,,,,,,,,
,,,,,17654,4.0,4,,,,,,,,
,,,,,17657,3.0,3,,,,,,,,
,,,,,17662,5.0,5,,,,,,,,
,,,,,17668,6.0,6,,,,,,,,
,,,,,17671,3.0,3,,,,,,,,
,,,,,17690,19.0,19,,,,,,,,
,,,,,17693,3.0,3,,,,,,,,
,,,,,17696,3.0,3,,,,,,,,
,,,,,17711,15.0,15,,,,,,,,
,,,,,17714,3.0,3,,,,,,,,
,,,,,17721,7.0,7,,,,,,,,
,,,,,17724,3.0,3,,,,,,,,
,,,,,17727,3.0,3,,,,,,,,
,,,,,17731,4.0,4,,,,,,,,
,,,,,17735,4.0,4,,,,,,,,
,,,,,17738,3.0,3,,,,,,,,
,,,,,17741,3.0,3,,,,,,,,
,,,,,17744,3.0,3,,,,,,,,
,,,,,17750,6.0,6,,,,,,,,
,,,,,17754,4.0,4,,,,,,,,
,,,,,17757,3.0,3,,,,,,,,
,,,,,17763,6.0,6,,,,,,,,
,,,,,17768,5.0,5,,,,,,,,
,,,,,17771,3.0,3,,,,,,,,
,,,,,17774,3.0,3,,,,,,,,
,,,,,17777,3.0,3,,,,,,,,
,,,,,17780,3.0,3,,,,,,,,
,,,,,17784,4.0,4,,,,,,,,
,,,,,17793,9.0,9,,,,,,,,
,,,,,17796,3.0,3,,,,,,,,
,,,,,17800,4.0,4,,,,,,,,
,,,,,17803,3.0,3,,,,,,,,
,,,,,17806,3.0,3,,,,,,,,
,,,,,17809,3.0,3,,,,,,,,
,,,,,17812,3.0,3,,,,,,,,
,,,,,17815,3.0,3,,,,,,,,
,,,,,17818,3.0,3,,,,,,,,
,,,,,17822,4.0,4,,,,,,,,
,,,,,17827,5.0,5,,,,,,,,
,,,,,17830,3.0,3,,,,,,,,
,,,,,17835,5.0,5,,,,,,,,
,,,,,17838,3.0,3,,,,,,,,
,,,,,17841,3.0,3,,,,,,,,
,,,,,17845,4.0,4,,,,,,,,
,,,,,17849,4.0,4,,,,,,,,
,,,,,17853,4.0,4,,,,,,,,
,,,,,17856,3.0,3,,,,,,,,
,,,,,17859,3.0,3,,,,,,,,
,,,,,17868,9.0,9,,,,,,,,
,,,,,17873,5.0,5,,,,,,,,
,,,,,17877,4.0,4,,,,,,,,
,,,,,17880,3.0,3,,,,,,,,
,,,,,17883,3.0,3,,,,,,,,
,,,,,17886,3.0,3,,,,,,,,
,,,,,17890,4.0,4,,,,,,,,
,,,,,17893,3.0,3,,,,,,,,
,,,,,17904,11.0,11,,,,,,,,
,,,,,17907,3.0,3,,,,,,,,
,,,,,17910,3.0,3,,,,,,,,
,,,,,17920,10.0,10,,,,,,,,
,,,,,17924,4.0,4,,,,,,,,
,,,,,17927,3.0,3,,,,,,,,
,,,,,17930,3.0,3,,,,,,,,
,,,,,17933,3.0,3,,,,,,,,
,,,,,17938,5.0,5,,,,,,,,
,,,,,17941,3.0,3,,,,,,,,
,,,,,17944,3.0,3,,,,,,,,
,,,,,17947,3.0,3,,,,,,,,
,,,,,17951,4.0,4,,,,,,,,
,,,,,17954,3.0,3,,,,,,,,
,,,,,17959,5.0,5,,,,,,,,
,,,,,17962,3.0,3,,,,,,,,
,,,,,17965,3.0,3,,,,,,,,
,,,,,17969,4.0,4,,,,,,,,
,,,,,17972,3.0,3,,,,,,,,
,,,,,17976,4.0,4,,,,,,,,
,,,,,17979,3.0,3,,,,,,,,
,,,,,17983,4.0,4,,,,,,,,
,,,,,17986,3.0,3,,,,,,,,
,,,,,17990,4.0,4,,,,,,,,
,,,,,17993,3.0,3,,,,,,,,
,,,,,17998,5.0,5,,,,,,,,
,,,,,18000,,,10.200556755065918,-102.00556945800781,621.17626953125,-49.58238983154297,-46.92056655883789,0.0003,0.0003,0.1
,,,,,18001,3.0,3,,,,,,,,
,,,,,18005,4.0,4,,,,,,,,
,,,,,18008,3.0,3,,,,,,,,
,,,,,18028,20.0,20,,,,,,,,
,,,,,18039,11.0,11,,,,,,,,
,,,,,18042,3.0,3,,,,,,,,
,,,,,18052,10.0,10,,,,,,,,
,,,,,18065,13.0,13,,,,,,,,
,,,,,18068,3.0,3,,,,,,,,
,,,,,18082,14.0,14,,,,,,,,
,,,,,18105,23.0,23,,,,,,,,
,,,,,18117,12.0,12,,,,,,,,
,,,,,18129,12.0,12,,,,,,,,
,,,,,18136,7.0,7,,,,,,,,
,,,,,18146,10.0,10,,,,,,,,
,,,,,18149,3.0,3,,,,,,,,
,,,,,18156,7.0,7,,,,,,,,
,,,,,18162,6.0,6,,,,,,,,
,,,,,18166,4.0,4,,,,,,,,
,,,,,18173,7.0,7,,,,,,,,
,,,,,18183,10.0,10,,,,,,,,
,,,,,18192,9.0,9,,,,,,,,
,,,,,18199,7.0,7,,,,,,,,
,,,,,18210,11.0,11,,,,,,,,
,,,,,18217,7.0,7,,,,,,,,
,,,,,18223,6.0,6,,,,,,,,
,,,,,18232,9.0,9,,,,,,,,
,,,,,18236,4.0,4,,,,,,,,
,,,,,18241,5.0,5,,,,,,,,
,,,,,18255,14.0,14,,,,,,,,
,,,,,18266,11.0,11,,,,,,,,
,,,,,18269,3.0,3,,,,,,,,
,,,,,18275,6.0,6,,,,,,,,
,,,,,18282,7.0,7,,,,,,,,
,,,,,18289,7.0,7,,,,,,,,
,,,,,18304,15.0,15,,,,,,,,
,,,,,18326,22.0,22,,,,,,,,
,,,,,18333,7.0,7,,,,,,,,
,,,,,18347,14.0,14,,,,,,,,
,,,,,18351,4.0,4,,,,,,,,
,,,,,18357,6.0,6,,,,,,,,
,,,,,18363,6.0,6,,,,,,,,
,,,,,18372,9.0,9,,,,,,,,
,,,,,18392,20.0,20,,,,,,,,
,,,,,18400,8.0,8,,,,,,,,
,,,,,18410,10.0,10,,,,,,,,
,,,,,18415,5.0,5,,,,,,,,
,,,,,18440,25.0,25,,,,,,,,
,,,,,18447,7.0,7,,,,,,,,
,,,,,18451,4.0,4,,,,,,,,
,,,,,18476,25.0,25,,,,,,,,
,,,,,18494,18.0,18,,,,,,,,
,,,,,18497,3.0,3,,,,,,,,
,,,,,18513,16.0,16,,,,,,,,
,,,,,18549,36.0,36,,,,,,,,
,,,,,18559,10.0,10,,,,,,,,
,,,,,18625,66.0,66,,,,,,,,
,,,,,18632,7.0,7,,,,,,,,
,,,,,18645,13.0,13,,,,,,,,
,,,,,18652,7.0,7,,,,,,,,
,,,,,18678,26.0,26,,,,,,,,
,,,,,18687,9.0,9,,,,,,,,
,,,,,18698,11.0,11,,,,,,,,
,,,,,18707,9.0,9,,,,,,,,
,,,,,18714,7.0,7,,,,,,,,
,,,,,18718,4.0,4,,,,,,,,
,,,,,18729,11.0,11,,,,,,,,
,,,,,18734,5.0,5,,,,,,,,
,,,,,18737,3.0,3,,,,,,,,
,,,,,18740,3.0,3,,,,,,,,
,,,,,18750,10.0,10,,,,,,,,
,,,,,18753,3.0,3,,,,,,,,
,,,,,18761,8.0,8,,,,,,,,
,,,,,18772,11.0,11,,,,,,,,
,,,,,18777,5.0,5,,,,,,,,
,,,,,18789,12.0,12,,,,,,,,
,,,,,18795,6.0,6,,,,,,,,
,,,,,18829,34.0,34,,,,,,,,
,,,,,18877,48.0,48,,,,,,,,
,,,,,18880,3.0,3,,,,,,,,
,,,,,18885,5.0,5,,,,,,,,
,,,,,18893,8.0,8,,,,,,,,
,,,,,18900,7.0,7,,,,,,,,
,,,,,18909,9.0,9,,,,,,,,
,,,,,18916,7.0,7,,,,,,,,
,,,,,18923,7.0,7,,,,,,,,
,,,,,18944,21.0,21,,,,,,,,
,,,,,18954,10.0,10,,,,,,,,
,,,,,18969,15.0,15,,,,,,,,
,,,,,18975,6.0,6,,,,,,,,
,,,,,18981,6.0,6,,,,,,,,
,,,,,18988,7.0,7,,,,,,,,
,,,,,18991,3.0,3,,,,,,,,
,,,,,18997,6.0,6,,,,,,,,
,,,,,19000,3.0,3,,,,,,,,
,,,,,19000,,,33.78889465332031,-337.8889465332031,1022.0064086914062,-112.94781494140625,-124.71210479736328,0.0003,0.0003,0.1
,,,,,19009,9.0,9,,,,,,,,
,,,,,19018,9.0,9,,,,,,,,
,,,,,19040,22.0,22,,,,,,,,
,,,,,19054,14.0,14,,,,,,,,
,,,,,19071,17.0,17,,,,,,,,
,,,,,19078,7.0,7,,,,,,,,
,,,,,19100,22.0,22,,,,,,,,
,,,,,19119,19.0,19,,,,,,,,
,,,,,19122,3.0,3,,,,,,,,
,,,,,19136,14.0,14,,,,,,,,
,,,,,19146,10.0,10,,,,,,,,
,,,,,19163,17.0,17,,,,,,,,
,,,,,19170,7.0,7,,,,,,,,
,,,,,19178,8.0,8,,,,,,,,
,,,,,19190,12.0,12,,,,,,,,
,,,,,19232,42.0,42,,,,,,,,
,,,,,19235,3.0,3,,,,,,,,
,,,,,19241,6.0,6,,,,,,,,
,,,,,19261,20.0,20,,,,,,,,
,,,,,19267,6.0,6,,,,,,,,
,,,,,19287,20.0,20,,,,,,,,
,,,,,19292,5.0,5,,,,,,,,
,,,,,19295,3.0,3,,,,,,,,
,,,,,19303,8.0,8,,,,,,,,
,,,,,19311,8.0,8,,,,,,,,
,,,,,19325,14.0,14,,,,,,,,
,,,,,19343,18.0,18,,,,,,,,
,,,,,19348,5.0,5,,,,,,,,
,,,,,19361,13.0,13,,,,,,,,
,,,,,19368,7.0,7,,,,,,,,
,,,,,19377,9.0,9,,,,,,,,
,,,,,19388,11.0,11,,,,,,,,
,,,,,19401,13.0,13,,,,,,,,
,,,,,19424,23.0,23,,,,,,,,
,,,,,19436,12.0,12,,,,,,,,
,,,,,19439,3.0,3,,,,,,,,
,,,,,19453,14.0,14,,,,,,,,
,,,,,19459,6.0,6,,,,,,,,
,,,,,19469,10.0,10,,,,,,,,
,,,,,19486,17.0,17,,,,,,,,
,,,,,19492,6.0,6,,,,,,,,
,,,,,19496,4.0,4,,,,,,,,
,,,,,19515,19.0,19,,,,,,,,
,,,,,19527,12.0,12,,,,,,,,
,,,,,19532,5.0,5,,,,,,,,
,,,,,19545,13.0,13,,,,,,,,
,,,,,19548,3.0,3,,,,,,,,
,,,,,19555,7.0,7,,,,,,,,
,,,,,19559,4.0,4,,,,,,,,
,,,,,19570,11.0,11,,,,,,,,
,,,,,19586,16.0,16,,,,,,,,
,,,,,19592,6.0,6,,,,,,,,
,,,,,19604,12.0,12,,,,,,,,
,,,,,19607,3.0,3,,,,,,,,
,,,,,19610,3.0,3,,,,,,,,
,,,,,19631,21.0,21,,,,,,,,
,,,,,19655,24.0,24,,,,,,,,
,,,,,19665,10.0,10,,,,,,,,
,,,,,19670,5.0,5,,,,,,,,
,,,,,19673,3.0,3,,,,,,,,
,,,,,19680,7.0,7,,,,,,,,
,,,,,19698,18.0,18,,,,,,,,
,,,,,19719,21.0,21,,,,,,,,
,,,,,19737,18.0,18,,,,,,,,
,,,,,19747,10.0,10,,,,,,,,
,,,,,19772,25.0,25,,,,,,,,
,,,,,19777,5.0,5,,,,,,,,
,,,,,19795,18.0,18,,,,,,,,
,,,,,19803,8.0,8,,,,,,,,
,,,,,19821,18.0,18,,,,,,,,
,,,,,19832,11.0,11,,,,,,,,
,,,,,19836,4.0,4,,,,,,,,
,,,,,19845,9.0,9,,,,,,,,
,,,,,19857,12.0,12,,,,,,,,
,,,,,19873,16.0,16,,,,,,,,
,,,,,19887,14.0,14,,,,,,,,
,,,,,19899,12.0,12,,,,,,,,
,,,,,19906,7.0,7,,,,,,,,
,,,,,19913,7.0,7,,,,,,,,
,,,,,19918,5.0,5,,,,,,,,
,,,,,19947,29.0,29,,,,,,,,
,,,,,19956,9.0,9,,,,,,,,
,,,,,19960,4.0,4,,,,,,,,
,,,,,19964,4.0,4,,,,,,,,
,,,,,19967,3.0,3,,,,,,,,
,,,,,19974,7.0,7,,,,,,,,
9.2,4.4676614,17.0,3.0,9.2,20000,,,17.16786003112793,-171.6785888671875,1281.67626953125,-117.42674255371094,-130.2823028564453,0.0003,0.0003,0.1
,,,,,20004,30.0,30,,,,,,,,
,,,,,20023,19.0,19,,,,,,,,
,,,,,20028,5.0,5,,,,,,,,
,,,,,20066,38.0,38,,,,,,,,
,,,,,20085,19.0,19,,,,,,,,
,,,,,20092,7.0,7,,,,,,,,
,,,,,20095,3.0,3,,,,,,,,
,,,,,20118,23.0,23,,,,,,,,
,,,,,20121,3.0,3,,,,,,,,
,,,,,20129,8.0,8,,,,,,,,
,,,,,20142,13.0,13,,,,,,,,
,,,,,20162,20.0,20,,,,,,,,
,,,,,20177,15.0,15,,,,,,,,
,,,,,20180,3.0,3,,,,,,,,
,,,,,20185,5.0,5,,,,,,,,
,,,,,20219,34.0,34,,,,,,,,
,,,,,20231,12.0,12,,,,,,,,
,,,,,20238,7.0,7,,,,,,,,
,,,,,20251,13.0,13,,,,,,,,
,,,,,20260,9.0,9,,,,,,,,
,,,,,20263,3.0,3,,,,,,,,
,,,,,20272,9.0,9,,,,,,,,
,,,,,20279,7.0,7,,,,,,,,
,,,,,20283,4.0,4,,,,,,,,
,,,,,20287,4.0,4,,,,,,,,
,,,,,20306,19.0,19,,,,,,,,
,,,,,20310,4.0,4,,,,,,,,
,,,,,20319,9.0,9,,,,,,,,
,,,,,20322,3.0,3,,,,,,,,
,,,,,20339,17.0,17,,,,,,,,
,,,,,20349,10.0,10,,,,,,,,
,,,,,20363,14.0,14,,,,,,,,
,,,,,20372,9.0,9,,,,,,,,
,,,,,20382,10.0,10,,,,,,,,
,,,,,20395,13.0,13,,,,,,,,
,,,,,20401,6.0,6,,,,,,,,
,,,,,20412,11.0,11,,,,,,,,
,,,,,20424,12.0,12,,,,,,,,
,,,,,20435,11.0,11,,,,,,,,
,,,,,20443,8.0,8,,,,,,,,
,,,,,20459,16.0,16,,,,,,,,
,,,,,20466,7.0,7,,,,,,,,
,,,,,20474,8.0,8,,,,,,,,
,,,,,20477,3.0,3,,,,,,,,
,,,,,20494,17.0,17,,,,,,,,
,,,,,20499,5.0,5,,,,,,,,
,,,,,20510,11.0,11,,,,,,,,
,,,,,20518,8.0,8,,,,,,,,
,,,,,20526,8.0,8,,,,,,,,
,,,,,20529,3.0,3,,,,,,,,
,,,,,20543,14.0,14,,,,,,,,
,,,,,20562,19.0,19,,,,,,,,
,,,,,20566,4.0,4,,,,,,,,
,,,,,20569,3.0,3,,,,,,,,
,,,,,20605,36.0,36,,,,,,,,
,,,,,20608,3.0,3,,,,,,,,
,,,,,20611,3.0,3,,,,,,,,
,,,,,20641,30.0,30,,,,,,,,
,,,,,20647,6.0,6,,,,,,,,
,,,,,20653,6.0,6,,,,,,,,
,,,,,20656,3.0,3,,,,,,,,
,,,,,20661,5.0,5,,,,,,,,
,,,,,20665,4.0,4,,,,,,,,
,,,,,20688,23.0,23,,,,,,,,
,,,,,20691,3.0,3,,,,,,,,
,,,,,20708,17.0,17,,,,,,,,
,,,,,20711,3.0,3,,,,,,,,
,,,,,20725,14.0,14,,,,,,,,
,,,,,20736,11.0,11,,,,,,,,
,,,,,20745,9.0,9,,,,,,,,
,,,,,20748,3.0,3,,,,,,,,
,,,,,20765,17.0,17,,,,,,,,
,,,,,20774,9.0,9,,,,,,,,
,,,,,20783,9.0,9,,,,,,,,
,,,,,20786,3.0,3,,,,,,,,
,,,,,20807,21.0,21,,,,,,,,
,,,,,20815,8.0,8,,,,,,,,
,,,,,20820,5.0,5,,,,,,,,
,,,,,20828,8.0,8,,,,,,,,
,,,,,20839,11.0,11,,,,,,,,
,,,,,20842,3.0,3,,,,,,,,
,,,,,20849,7.0,7,,,,,,,,
,,,,,20855,6.0,6,,,,,,,,
,,,,,20858,3.0,3,,,,,,,,
,,,,,20873,15.0,15,,,,,,,,
,,,,,20889,16.0,16,,,,,,,,
,,,,,20912,23.0,23,,,,,,,,
,,,,,20917,5.0,5,,,,,,,,
,,,,,20968,51.0,51,,,,,,,,
,,,,,20981,13.0,13,,,,,,,,
,,,,,20993,12.0,12,,,,,,,,
,,,,,20996,3.0,3,,,,,,,,
,,,,,21000,,,12.023604393005371,-120.23603820800781,1314.9150390625,-117.97509002685547,-121.27754974365234,0.0003,0.0003,0.1
,,,,,21006,10.0,10,,,,,,,,
,,,,,21012,6.0,6,,,,,,,,
,,,,,21017,5.0,5,,,,,,,,
,,,,,21023,6.0,6,,,,,,,,
,,,,,21028,5.0,5,,,,,,,,
,,,,,21039,11.0,11,,,,,,,,
,,,,,21047,8.0,8,,,,,,,,
,,,,,21053,6.0,6,,,,,,,,
,,,,,21059,6.0,6,,,,,,,,
,,,,,21069,10.0,10,,,,,,,,
,,,,,21076,7.0,7,,,,,,,,
,,,,,21082,6.0,6,,,,,,,,
,,,,,21100,18.0,18,,,,,,,,
,,,,,21110,10.0,10,,,,,,,,
,,,,,21122,12.0,12,,,,,,,,
,,,,,21127,5.0,5,,,,,,,,
,,,,,21136,9.0,9,,,,,,,,
,,,,,21139,3.0,3,,,,,,,,
,,,,,21156,17.0,17,,,,,,,,
,,,,,21161,5.0,5,,,,,,,,
,,,,,21174,13.0,13,,,,,,,,
,,,,,21188,14.0,14,,,,,,,,
,,,,,21195,7.0,7,,,,,,,,
,,,,,21201,6.0,6,,,,,,,,
,,,,,21231,30.0,30,,,,,,,,
,,,,,21260,29.0,29,,,,,,,,
,,,,,21280,20.0,20,,,,,,,,
,,,,,21292,12.0,12,,,,,,,,
,,,,,21311,19.0,19,,,,,,,,
,,,,,21322,11.0,11,,,,,,,,
,,,,,21343,21.0,21,,,,,,,,
,,,,,21349,6.0,6,,,,,,,,
,,,,,21367,18.0,18,,,,,,,,
,,,,,21375,8.0,8,,,,,,,,
,,,,,21388,13.0,13,,,,,,,,
,,,,,21393,5.0,5,,,,,,,,
,,,,,21398,5.0,5,,,,,,,,
,,,,,21403,5.0,5,,,,,,,,
,,,,,21421,18.0,18,,,,,,,,
,,,,,21445,24.0,24,,,,,,,,
,,,,,21448,3.0,3,,,,,,,,
,,,,,21456,8.0,8,,,,,,,,
,,,,,21463,7.0,7,,,,,,,,
,,,,,21471,8.0,8,,,,,,,,
,,,,,21474,3.0,3,,,,,,,,
,,,,,21482,8.0,8,,,,,,,,
,,,,,21490,8.0,8,,,,,,,,
,,,,,21502,12.0,12,,,,,,,,
,,,,,21516,14.0,14,,,,,,,,
,,,,,21535,19.0,19,,,,,,,,
,,,,,21546,11.0,11,,,,,,,,
,,,,,21551,5.0,5,,,,,,,,
,,,,,21562,11.0,11,,,,,,,,
,,,,,21574,12.0,12,,,,,,,,
,,,,,21610,36.0,36,,,,,,,,
,,,,,21613,3.0,3,,,,,,,,
,,,,,21616,3.0,3,,,,,,,,
,,,,,21624,8.0,8,,,,,,,,
,,,,,21629,5.0,5,,,,,,,,
,,,,,21634,5.0,5,,,,,,,,
,,,,,21641,7.0,7,,,,,,,,
,,,,,21646,5.0,5,,,,,,,,
,,,,,21665,19.0,19,,,,,,,,
,,,,,21694,29.0,29,,,,,,,,
,,,,,21701,7.0,7,,,,,,,,
,,,,,21712,11.0,11,,,,,,,,
,,,,,21715,3.0,3,,,,,,,,
,,,,,21718,3.0,3,,,,,,,,
,,,,,21726,8.0,8,,,,,,,,
,,,,,21737,11.0,11,,,,,,,,
,,,,,21744,7.0,7,,,,,,,,
,,,,,21749,5.0,5,,,,,,,,
,,,,,21752,3.0,3,,,,,,,,
,,,,,21763,11.0,11,,,,,,,,
,,,,,21774,11.0,11,,,,,,,,
,,,,,21782,8.0,8,,,,,,,,
,,,,,21802,20.0,20,,,,,,,,
,,,,,21813,11.0,11,,,,,,,,
,,,,,21819,6.0,6,,,,,,,,
,,,,,21829,10.0,10,,,,,,,,
,,,,,21835,6.0,6,,,,,,,,
,,,,,21855,20.0,20,,,,,,,,
,,,,,21863,8.0,8,,,,,,,,
,,,,,21867,4.0,4,,,,,,,,
,,,,,21870,3.0,3,,,,,,,,
,,,,,21876,6.0,6,,,,,,,,
,,,,,21885,9.0,9,,,,,,,,
,,,,,21893,8.0,8,,,,,,,,
,,,,,21900,7.0,7,,,,,,,,
,,,,,21905,5.0,5,,,,,,,,
,,,,,21916,11.0,11,,,,,,,,
,,,,,21921,5.0,5,,,,,,,,
,,,,,21939,18.0,18,,,,,,,,
,,,,,21948,9.0,9,,,,,,,,
,,,,,21955,7.0,7,,,,,,,,
,,,,,21960,5.0,5,,,,,,,,
,,,,,21974,14.0,14,,,,,,,,
,,,,,22000,,,20.81542205810547,-208.1542205810547,1376.42724609375,-118.6588134765625,-123.807373046875,0.0003,0.0003,0.1
,,,,,22001,27.0,27,,,,,,,,
,,,,,22013,12.0,12,,,,,,,,
,,,,,22021,8.0,8,,,,,,,,
,,,,,22025,4.0,4,,,,,,,,
,,,,,22036,11.0,11,,,,,,,,
,,,,,22055,19.0,19,,,,,,,,
,,,,,22058,3.0,3,,,,,,,,
,,,,,22061,3.0,3,,,,,,,,
,,,,,22068,7.0,7,,,,,,,,
,,,,,22087,19.0,19,,,,,,,,
,,,,,22098,11.0,11,,,,,,,,
,,,,,22103,5.0,5,,,,,,,,
,,,,,22112,9.0,9,,,,,,,,
,,,,,22118,6.0,6,,,,,,,,
,,,,,22122,4.0,4,,,,,,,,
,,,,,22130,8.0,8,,,,,,,,
,,,,,22133,3.0,3,,,,,,,,
,,,,,22158,25.0,25,,,,,,,,
,,,,,22167,9.0,9,,,,,,,,
,,,,,22176,9.0,9,,,,,,,,
,,,,,22184,8.0,8,,,,,,,,
,,,,,22194,10.0,10,,,,,,,,
,,,,,22205,11.0,11,,,,,,,,
,,,,,22221,16.0,16,,,,,,,,
,,,,,22232,11.0,11,,,,,,,,
,,,,,22237,5.0,5,,,,,,,,
,,,,,22243,6.0,6,,,,,,,,
,,,,,22248,5.0,5,,,,,,,,
,,,,,22257,9.0,9,,,,,,,,
,,,,,22270,13.0,13,,,,,,,,
,,,,,22278,8.0,8,,,,,,,,
,,,,,22291,13.0,13,,,,,,,,
,,,,,22312,21.0,21,,,,,,,,
,,,,,22319,7.0,7,,,,,,,,
,,,,,22325,6.0,6,,,,,,,,
,,,,,22339,14.0,14,,,,,,,,
,,,,,22343,4.0,4,,,,,,,,
,,,,,22350,7.0,7,,,,,,,,
,,,,,22353,3.0,3,,,,,,,,
,,,,,22364,11.0,11,,,,,,,,
,,,,,22371,7.0,7,,,,,,,,
,,,,,22388,17.0,17,,,,,,,,
,,,,,22402,14.0,14,,,,,,,,
,,,,,22420,18.0,18,,,,,,,,
,,,,,22426,6.0,6,,,,,,,,
,,,,,22441,15.0,15,,,,,,,,
,,,,,22450,9.0,9,,,,,,,,
,,,,,22458,8.0,8,,,,,,,,
,,,,,22470,12.0,12,,,,,,,,
,,,,,22481,11.0,11,,,,,,,,
,,,,,22493,12.0,12,,,,,,,,
,,,,,22500,7.0,7,,,,,,,,
,,,,,22513,13.0,13,,,,,,,,
,,,,,22521,8.0,8,,,,,,,,
,,,,,22530,9.0,9,,,,,,,,
,,,,,22537,7.0,7,,,,,,,,
,,,,,22547,10.0,10,,,,,,,,
,,,,,22557,10.0,10,,,,,,,,
,,,,,22562,5.0,5,,,,,,,,
,,,,,22577,15.0,15,,,,,,,,
,,,,,22589,12.0,12,,,,,,,,
,,,,,22595,6.0,6,,,,,,,,
,,,,,22631,36.0,36,,,,,,,,
,,,,,22634,3.0,3,,,,,,,,
,,,,,22639,5.0,5,,,,,,,,
,,,,,22647,8.0,8,,,,,,,,
,,,,,22665,18.0,18,,,,,,,,
,,,,,22674,9.0,9,,,,,,,,
,,,,,22684,10.0,10,,,,,,,,
,,,,,22700,16.0,16,,,,,,,,
,,,,,22713,13.0,13,,,,,,,,
,,,,,22727,14.0,14,,,,,,,,
,,,,,22733,6.0,6,,,,,,,,
,,,,,22758,25.0,25,,,,,,,,
,,,,,22771,13.0,13,,,,,,,,
,,,,,22780,9.0,9,,,,,,,,
,,,,,22785,5.0,5,,,,,,,,
,,,,,22790,5.0,5,,,,,,,,
,,,,,22796,6.0,6,,,,,,,,
,,,,,22819,23.0,23,,,,,,,,
,,,,,22823,4.0,4,,,,,,,,
,,,,,22831,8.0,8,,,,,,,,
,,,,,22836,5.0,5,,,,,,,,
,,,,,22842,6.0,6,,,,,,,,
,,,,,22858,16.0,16,,,,,,,,
,,,,,22861,3.0,3,,,,,,,,
,,,,,22879,18.0,18,,,,,,,,
,,,,,22882,3.0,3,,,,,,,,
,,,,,22887,5.0,5,,,,,,,,
,,,,,22893,6.0,6,,,,,,,,
,,,,,22906,13.0,13,,,,,,,,
,,,,,22917,11.0,11,,,,,,,,
,,,,,22921,4.0,4,,,,,,,,
,,,,,22926,5.0,5,,,,,,,,
,,,,,22930,4.0,4,,,,,,,,
,,,,,22942,12.0,12,,,,,,,,
,,,,,22964,22.0,22,,,,,,,,
,,,,,22973,9.0,9,,,,,,,,
,,,,,22979,6.0,6,,,,,,,,
,,,,,22984,5.0,5,,,,,,,,
,,,,,22991,7.0,7,,,,,,,,
,,,,,23000,,,15.320938110351562,-153.20938110351562,1031.702392578125,-115.92312622070312,-120.43560791015625,0.0003,0.0003,0.1
,,,,,23024,33.0,33,,,,,,,,
,,,,,23029,5.0,5,,,,,,,,
,,,,,23035,6.0,6,,,,,,,,
,,,,,23038,3.0,3,,,,,,,,
,,,,,23045,7.0,7,,,,,,,,
,,,,,23054,9.0,9,,,,,,,,
,,,,,23057,3.0,3,,,,,,,,
,,,,,23063,6.0,6,,,,,,,,
,,,,,23074,11.0,11,,,,,,,,
,,,,,23080,6.0,6,,,,,,,,
,,,,,23083,3.0,3,,,,,,,,
,,,,,23086,3.0,3,,,,,,,,
,,,,,23101,15.0,15,,,,,,,,
,,,,,23106,5.0,5,,,,,,,,
,,,,,23128,22.0,22,,,,,,,,
,,,,,23139,11.0,11,,,,,,,,
,,,,,23149,10.0,10,,,,,,,,
,,,,,23154,5.0,5,,,,,,,,
,,,,,23160,6.0,6,,,,,,,,
,,,,,23166,6.0,6,,,,,,,,
,,,,,23171,5.0,5,,,,,,,,
,,,,,23178,7.0,7,,,,,,,,
,,,,,23191,13.0,13,,,,,,,,
,,,,,23195,4.0,4,,,,,,,,
,,,,,23200,5.0,5,,,,,,,,
,,,,,23211,11.0,11,,,,,,,,
,,,,,23215,4.0,4,,,,,,,,
,,,,,23225,10.0,10,,,,,,,,
,,,,,23231,6.0,6,,,,,,,,
,,,,,23247,16.0,16,,,,,,,,
,,,,,23258,11.0,11,,,,,,,,
,,,,,23261,3.0,3,,,,,,,,
,,,,,23276,15.0,15,,,,,,,,
,,,,,23280,4.0,4,,,,,,,,
,,,,,23297,17.0,17,,,,,,,,
,,,,,23300,3.0,3,,,,,,,,
,,,,,23310,10.0,10,,,,,,,,
,,,,,23323,13.0,13,,,,,,,,
,,,,,23332,9.0,9,,,,,,,,
,,,,,23335,3.0,3,,,,,,,,
,,,,,23352,17.0,17,,,,,,,,
,,,,,23360,8.0,8,,,,,,,,
,,,,,23375,15.0,15,,,,,,,,
,,,,,23378,3.0,3,,,,,,,,
,,,,,23395,17.0,17,,,,,,,,
,,,,,23400,5.0,5,,,,,,,,
,,,,,23411,11.0,11,,,,,,,,
,,,,,23417,6.0,6,,,,,,,,
,,,,,23438,21.0,21,,,,,,,,
,,,,,23467,29.0,29,,,,,,,,
,,,,,23473,6.0,6,,,,,,,,
,,,,,23480,7.0,7,,,,,,,,
,,,,,23485,5.0,5,,,,,,,,
,,,,,23488,3.0,3,,,,,,,,
,,,,,23491,3.0,3,,,,,,,,
,,,,,23494,3.0,3,,,,,,,,
,,,,,23505,11.0,11,,,,,,,,
,,,,,23510,5.0,5,,,,,,,,
,,,,,23513,3.0,3,,,,,,,,
,,,,,23518,5.0,5,,,,,,,,
,,,,,23525,7.0,7,,,,,,,,
,,,,,23534,9.0,9,,,,,,,,
,,,,,23537,3.0,3,,,,,,,,
,,,,,23542,5.0,5,,,,,,,,
,,,,,23545,3.0,3,,,,,,,,
,,,,,23566,21.0,21,,,,,,,,
,,,,,23571,5.0,5,,,,,,,,
,,,,,23581,10.0,10,,,,,,,,
,,,,,23589,8.0,8,,,,,,,,
,,,,,23601,12.0,12,,,,,,,,
,,,,,23633,32.0,32,,,,,,,,
,,,,,23636,3.0,3,,,,,,,,
,,,,,23640,4.0,4,,,,,,,,
,,,,,23646,6.0,6,,,,,,,,
,,,,,23652,6.0,6,,,,,,,,
,,,,,23674,22.0,22,,,,,,,,
,,,,,23686,12.0,12,,,,,,,,
,,,,,23694,8.0,8,,,,,,,,
,,,,,23703,9.0,9,,,,,,,,
,,,,,23707,4.0,4,,,,,,,,
,,,,,23719,12.0,12,,,,,,,,
,,,,,23724,5.0,5,,,,,,,,
,,,,,23746,22.0,22,,,,,,,,
,,,,,23761,15.0,15,,,,,,,,
,,,,,23777,16.0,16,,,,,,,,
,,,,,23789,12.0,12,,,,,,,,
,,,,,23799,10.0,10,,,,,,,,
,,,,,23807,8.0,8,,,,,,,,
,,,,,23811,4.0,4,,,,,,,,
,,,,,23828,17.0,17,,,,,,,,
,,,,,23831,3.0,3,,,,,,,,
,,,,,23840,9.0,9,,,,,,,,
,,,,,23844,4.0,4,,,,,,,,
,,,,,23849,5.0,5,,,,,,,,
,,,,,23852,3.0,3,,,,,,,,
,,,,,23857,5.0,5,,,,,,,,
,,,,,23888,31.0,31,,,,,,,,
,,,,,23891,3.0,3,,,,,,,,
,,,,,23897,6.0,6,,,,,,,,
,,,,,23909,12.0,12,,,,,,,,
,,,,,23918,9.0,9,,,,,,,,
,,,,,23928,10.0,10,,,,,,,,
,,,,,23932,4.0,4,,,,,,,,
,,,,,23937,5.0,5,,,,,,,,
,,,,,23945,8.0,8,,,,,,,,
,,,,,23948,3.0,3,,,,,,,,
,,,,,23957,9.0,9,,,,,,,,
,,,,,23960,3.0,3,,,,,,,,
,,,,,24000,,,8.534246444702148,-85.34246063232422,1101.0299072265625,-117.68798828125,-117.70308685302734,0.0003,0.0003,0.1
,,,,,24028,68.0,68,,,,,,,,
,,,,,24031,3.0,3,,,,,,,,
,,,,,24044,13.0,13,,,,,,,,
,,,,,24047,3.0,3,,,,,,,,
,,,,,24053,6.0,6,,,,,,,,
,,,,,24062,9.0,9,,,,,,,,
,,,,,24069,7.0,7,,,,,,,,
,,,,,24077,8.0,8,,,,,,,,
,,,,,24081,4.0,4,,,,,,,,
,,,,,24086,5.0,5,,,,,,,,
,,,,,24095,9.0,9,,,,,,,,
,,,,,24105,10.0,10,,,,,,,,
,,,,,24110,5.0,5,,,,,,,,
,,,,,24132,22.0,22,,,,,,,,
,,,,,24138,6.0,6,,,,,,,,
,,,,,24146,8.0,8,,,,,,,,
,,,,,24149,3.0,3,,,,,,,,
,,,,,24153,4.0,4,,,,,,,,
,,,,,24165,12.0,12,,,,,,,,
,,,,,24180,15.0,15,,,,,,,,
,,,,,24197,17.0,17,,,,,,,,
,,,,,24202,5.0,5,,,,,,,,
,,,,,24208,6.0,6,,,,,,,,
,,,,,24215,7.0,7,,,,,,,,
,,,,,24227,12.0,12,,,,,,,,
,,,,,24230,3.0,3,,,,,,,,
,,,,,24238,8.0,8,,,,,,,,
,,,,,24241,3.0,3,,,,,,,,
,,,,,24256,15.0,15,,,,,,,,
,,,,,24259,3.0,3,,,,,,,,
,,,,,24273,14.0,14,,,,,,,,
,,,,,24276,3.0,3,,,,,,,,
,,,,,24281,5.0,5,,,,,,,,
,,,,,24286,5.0,5,,,,,,,,
,,,,,24290,4.0,4,,,,,,,,
,,,,,24297,7.0,7,,,,,,,,
,,,,,24303,6.0,6,,,,,,,,
,,,,,24315,12.0,12,,,,,,,,
,,,,,24320,5.0,5,,,,,,,,
,,,,,24328,8.0,8,,,,,,,,
,,,,,24345,17.0,17,,,,,,,,
,,,,,24359,14.0,14,,,,,,,,
,,,,,24365,6.0,6,,,,,,,,
,,,,,24385,20.0,20,,,,,,,,
,,,,,24434,49.0,49,,,,,,,,
,,,,,24440,6.0,6,,,,,,,,
,,,,,24453,13.0,13,,,,,,,,
,,,,,24461,8.0,8,,,,,,,,
,,,,,24464,3.0,3,,,,,,,,
,,,,,24476,12.0,12,,,,,,,,
,,,,,24485,9.0,9,,,,,,,,
,,,,,24493,8.0,8,,,,,,,,
,,,,,24499,6.0,6,,,,,,,,
,,,,,24507,8.0,8,,,,,,,,
,,,,,24518,11.0,11,,,,,,,,
,,,,,24541,23.0,23,,,,,,,,
,,,,,24564,23.0,23,,,,,,,,
,,,,,24567,3.0,3,,,,,,,,
,,,,,24570,3.0,3,,,,,,,,
,,,,,24573,3.0,3,,,,,,,,
,,,,,24581,8.0,8,,,,,,,,
,,,,,24586,5.0,5,,,,,,,,
,,,,,24592,6.0,6,,,,,,,,
,,,,,24596,4.0,4,,,,,,,,
,,,,,24603,7.0,7,,,,,,,,
,,,,,24615,12.0,12,,,,,,,,
,,,,,24619,4.0,4,,,,,,,,
,,,,,24622,3.0,3,,,,,,,,
,,,,,24647,25.0,25,,,,,,,,
,,,,,24664,17.0,17,,,,,,,,
,,,,,24673,9.0,9,,,,,,,,
,,,,,24687,14.0,14,,,,,,,,
,,,,,24712,25.0,25,,,,,,,,
,,,,,24727,15.0,15,,,,,,,,
,,,,,24740,13.0,13,,,,,,,,
,,,,,24748,8.0,8,,,,,,,,
,,,,,24764,16.0,16,,,,,,,,
,,,,,24776,12.0,12,,,,,,,,
,,,,,24788,12.0,12,,,,,,,,
,,,,,24795,7.0,7,,,,,,,,
,,,,,24820,25.0,25,,,,,,,,
,,,,,24838,18.0,18,,,,,,,,
,,,,,24850,12.0,12,,,,,,,,
,,,,,24860,10.0,10,,,,,,,,
,,,,,24863,3.0,3,,,,,,,,
,,,,,24867,4.0,4,,,,,,,,
,,,,,24870,3.0,3,,,,,,,,
,,,,,24885,15.0,15,,,,,,,,
,,,,,24896,11.0,11,,,,,,,,
,,,,,24915,19.0,19,,,,,,,,
,,,,,24922,7.0,7,,,,,,,,
,,,,,24931,9.0,9,,,,,,,,
,,,,,24935,4.0,4,,,,,,,,
,,,,,24939,4.0,4,,,,,,,,
,,,,,24944,5.0,5,,,,,,,,
,,,,,24957,13.0,13,,,,,,,,
,,,,,24966,9.0,9,,,,,,,,
,,,,,24972,6.0,6,,,,,,,,
9.1,3.4481878,14.0,3.0,9.1,25000,,,11.867108345031738,-118.67108154296875,991.20947265625,-95.72015380859375,-100.211669921875,0.0003,0.0003,0.1
,,,,,25022,50.0,50,,,,,,,,
,,,,,25029,7.0,7,,,,,,,,
,,,,,25036,7.0,7,,,,,,,,
,,,,,25043,7.0,7,,,,,,,,
,,,,,25055,12.0,12,,,,,,,,
,,,,,25064,9.0,9,,,,,,,,
,,,,,25081,17.0,17,,,,,,,,
,,,,,25087,6.0,6,,,,,,,,
,,,,,25090,3.0,3,,,,,,,,
,,,,,25098,8.0,8,,,,,,,,
,,,,,25104,6.0,6,,,,,,,,
,,,,,25110,6.0,6,,,,,,,,
,,,,,25127,17.0,17,,,,,,,,
,,,,,25130,3.0,3,,,,,,,,
,,,,,25135,5.0,5,,,,,,,,
,,,,,25141,6.0,6,,,,,,,,
,,,,,25146,5.0,5,,,,,,,,
,,,,,25154,8.0,8,,,,,,,,
,,,,,25157,3.0,3,,,,,,,,
,,,,,25163,6.0,6,,,,,,,,
,,,,,25167,4.0,4,,,,,,,,
,,,,,25172,5.0,5,,,,,,,,
,,,,,25188,16.0,16,,,,,,,,
,,,,,25201,13.0,13,,,,,,,,
,,,,,25208,7.0,7,,,,,,,,
,,,,,25213,5.0,5,,,,,,,,
,,,,,25223,10.0,10,,,,,,,,
,,,,,25240,17.0,17,,,,,,,,
,,,,,25262,22.0,22,,,,,,,,
,,,,,25272,10.0,10,,,,,,,,
,,,,,25294,22.0,22,,,,,,,,
,,,,,25313,19.0,19,,,,,,,,
,,,,,25319,6.0,6,,,,,,,,
,,,,,25326,7.0,7,,,,,,,,
,,,,,25332,6.0,6,,,,,,,,
,,,,,25340,8.0,8,,,,,,,,
,,,,,25352,12.0,12,,,,,,,,
,,,,,25355,3.0,3,,,,,,,,
,,,,,25375,20.0,20,,,,,,,,
,,,,,25409,34.0,34,,,,,,,,
,,,,,25415,6.0,6,,,,,,,,
,,,,,25426,11.0,11,,,,,,,,
,,,,,25431,5.0,5,,,,,,,,
,,,,,25437,6.0,6,,,,,,,,
,,,,,25445,8.0,8,,,,,,,,
,,,,,25480,35.0,35,,,,,,,,
,,,,,25506,26.0,26,,,,,,,,
,,,,,25517,11.0,11,,,,,,,,
,,,,,25523,6.0,6,,,,,,,,
,,,,,25542,19.0,19,,,,,,,,
,,,,,25553,11.0,11,,,,,,,,
,,,,,25565,12.0,12,,,,,,,,
,,,,,25569,4.0,4,,,,,,,,
,,,,,25574,5.0,5,,,,,,,,
,,,,,25583,9.0,9,,,,,,,,
,,,,,25591,8.0,8,,,,,,,,
,,,,,25594,3.0,3,,,,,,,,
,,,,,25601,7.0,7,,,,,,,,
,,,,,25607,6.0,6,,,,,,,,
,,,,,25612,5.0,5,,,,,,,,
,,,,,25637,25.0,25,,,,,,,,
,,,,,25640,3.0,3,,,,,,,,
,,,,,25658,18.0,18,,,,,,,,
,,,,,25663,5.0,5,,,,,,,,
,,,,,25667,4.0,4,,,,,,,,
,,,,,25670,3.0,3,,,,,,,,
,,,,,25676,6.0,6,,,,,,,,
,,,,,25684,8.0,8,,,,,,,,
,,,,,25700,16.0,16,,,,,,,,
,,,,,25703,3.0,3,,,,,,,,
,,,,,25713,10.0,10,,,,,,,,
,,,,,25723,10.0,10,,,,,,,,
,,,,,25731,8.0,8,,,,,,,,
,,,,,25742,11.0,11,,,,,,,,
,,,,,25748,6.0,6,,,,,,,,
,,,,,25755,7.0,7,,,,,,,,
,,,,,25761,6.0,6,,,,,,,,
,,,,,25766,5.0,5,,,,,,,,
,,,,,25774,8.0,8,,,,,,,,
,,,,,25778,4.0,4,,,,,,,,
,,,,,25782,4.0,4,,,,,,,,
,,,,,25802,20.0,20,,,,,,,,
,,,,,25805,3.0,3,,,,,,,,
,,,,,25824,19.0,19,,,,,,,,
,,,,,25838,14.0,14,,,,,,,,
,,,,,25845,7.0,7,,,,,,,,
,,,,,25853,8.0,8,,,,,,,,
,,,,,25856,3.0,3,,,,,,,,
,,,,,25869,13.0,13,,,,,,,,
,,,,,25897,28.0,28,,,,,,,,
,,,,,25902,5.0,5,,,,,,,,
,,,,,25918,16.0,16,,,,,,,,
,,,,,25925,7.0,7,,,,,,,,
,,,,,25937,12.0,12,,,,,,,,
,,,,,25951,14.0,14,,,,,,,,
,,,,,25954,3.0,3,,,,,,,,
,,,,,25962,8.0,8,,,,,,,,
,,,,,25965,3.0,3,,,,,,,,
,,,,,25969,4.0,4,,,,,,,,
,,,,,25972,3.0,3,,,,,,,,
,,,,,25985,13.0,13,,,,,,,,
,,,,,25995,10.0,10,,,,,,,,
,,,,,26000,5.0,5,,,,,,,,
,,,,,26000,,,30.107242584228516,-301.0724182128906,1104.7352294921875,-124.43450927734375,-118.19749450683594,0.0003,0.0003,0.1
,,,,,26005,5.0,5,,,,,,,,
,,,,,26008,3.0,3,,,,,,,,
,,,,,26019,11.0,11,,,,,,,,
,,,,,26025,6.0,6,,,,,,,,
,,,,,26028,3.0,3,,,,,,,,
,,,,,26033,5.0,5,,,,,,,,
,,,,,26038,5.0,5,,,,,,,,
,,,,,26070,32.0,32,,,,,,,,
,,,,,26076,6.0,6,,,,,,,,
,,,,,26083,7.0,7,,,,,,,,
,,,,,26087,4.0,4,,,,,,,,
,,,,,26091,4.0,4,,,,,,,,
,,,,,26099,8.0,8,,,,,,,,
,,,,,26102,3.0,3,,,,,,,,
,,,,,26109,7.0,7,,,,,,,,
,,,,,26112,3.0,3,,,,,,,,
,,,,,26129,17.0,17,,,,,,,,
,,,,,26138,9.0,9,,,,,,,,
,,,,,26146,8.0,8,,,,,,,,
,,,,,26155,9.0,9,,,,,,,,
,,,,,26162,7.0,7,,,,,,,,
,,,,,26172,10.0,10,,,,,,,,
,,,,,26182,10.0,10,,,,,,,,
,,,,,26185,3.0,3,,,,,,,,
,,,,,26190,5.0,5,,,,,,,,
,,,,,26201,11.0,11,,,,,,,,
,,,,,26220,19.0,19,,,,,,,,
,,,,,26226,6.0,6,,,,,,,,
,,,,,26245,19.0,19,,,,,,,,
,,,,,26259,14.0,14,,,,,,,,
,,,,,26274,15.0,15,,,,,,,,
,,,,,26286,12.0,12,,,,,,,,
,,,,,26307,21.0,21,,,,,,,,
,,,,,26314,7.0,7,,,,,,,,
,,,,,26319,5.0,5,,,,,,,,
,,,,,26324,5.0,5,,,,,,,,
,,,,,26342,18.0,18,,,,,,,,
,,,,,26348,6.0,6,,,,,,,,
,,,,,26353,5.0,5,,,,,,,,
,,,,,26358,5.0,5,,,,,,,,
,,,,,26367,9.0,9,,,,,,,,
,,,,,26371,4.0,4,,,,,,,,
,,,,,26374,3.0,3,,,,,,,,
,,,,,26381,7.0,7,,,,,,,,
,,,,,26384,3.0,3,,,,,,,,
,,,,,26387,3.0,3,,,,,,,,
,,,,,26394,7.0,7,,,,,,,,
,,,,,26400,6.0,6,,,,,,,,
,,,,,26415,15.0,15,,,,,,,,
,,,,,26418,3.0,3,,,,,,,,
,,,,,26422,4.0,4,,,,,,,,
,,,,,26432,10.0,10,,,,,,,,
,,,,,26447,15.0,15,,,,,,,,
,,,,,26462,15.0,15,,,,,,,,
,,,,,26477,15.0,15,,,,,,,,
,,,,,26488,11.0,11,,,,,,,,
,,,,,26491,3.0,3,,,,,,,,
,,,,,26499,8.0,8,,,,,,,,
,,,,,26506,7.0,7,,,,,,,,
,,,,,26513,7.0,7,,,,,,,,
,,,,,26516,3.0,3,,,,,,,,
,,,,,26531,15.0,15,,,,,,,,
,,,,,26543,12.0,12,,,,,,,,
,,,,,26546,3.0,3,,,,,,,,
,,,,,26557,11.0,11,,,,,,,,
,,,,,26564,7.0,7,,,,,,,,
,,,,,26567,3.0,3,,,,,,,,
,,,,,26570,3.0,3,,,,,,,,
,,,,,26573,3.0,3,,,,,,,,
,,,,,26582,9.0,9,,,,,,,,
,,,,,26585,3.0,3,,,,,,,,
,,,,,26594,9.0,9,,,,,,,,
,,,,,26597,3.0,3,,,,,,,,
,,,,,26601,4.0,4,,,,,,,,
,,,,,26604,3.0,3,,,,,,,,
,,,,,26612,8.0,8,,,,,,,,
,,,,,26617,5.0,5,,,,,,,,
,,,,,26630,13.0,13,,,,,,,,
,,,,,26636,6.0,6,,,,,,,,
,,,,,26643,7.0,7,,,,,,,,
,,,,,26658,15.0,15,,,,,,,,
,,,,,26670,12.0,12,,,,,,,,
,,,,,26674,4.0,4,,,,,,,,
,,,,,26688,14.0,14,,,,,,,,
,,,,,26695,7.0,7,,,,,,,,
,,,,,26702,7.0,7,,,,,,,,
,,,,,26708,6.0,6,,,,,,,,
,,,,,26711,3.0,3,,,,,,,,
,,,,,26720,9.0,9,,,,,,,,
,,,,,26730,10.0,10,,,,,,,,
,,,,,26734,4.0,4,,,,,,,,
,,,,,26742,8.0,8,,,,,,,,
,,,,,26746,4.0,4,,,,,,,,
,,,,,26749,3.0,3,,,,,,,,
,,,,,26773,24.0,24,,,,,,,,
,,,,,26778,5.0,5,,,,,,,,
,,,,,26781,3.0,3,,,,,,,,
,,,,,26785,4.0,4,,,,,,,,
,,,,,26816,31.0,31,,,,,,,,
,,,,,26827,11.0,11,,,,,,,,
,,,,,26841,14.0,14,,,,,,,,
,,,,,26847,6.0,6,,,,,,,,
,,,,,26850,3.0,3,,,,,,,,
,,,,,26857,7.0,7,,,,,,,,
,,,,,26860,3.0,3,,,,,,,,
,,,,,26863,3.0,3,,,,,,,,
,,,,,26886,23.0,23,,,,,,,,
,,,,,26906,20.0,20,,,,,,,,
,,,,,26925,19.0,19,,,,,,,,
,,,,,26930,5.0,5,,,,,,,,
,,,,,26944,14.0,14,,,,,,,,
,,,,,26947,3.0,3,,,,,,,,
,,,,,26954,7.0,7,,,,,,,,
,,,,,26963,9.0,9,,,,,,,,
,,,,,26969,6.0,6,,,,,,,,
,,,,,26975,6.0,6,,,,,,,,
,,,,,26980,5.0,5,,,,,,,,
,,,,,26990,10.0,10,,,,,,,,
,,,,,26993,3.0,3,,,,,,,,
,,,,,26996,3.0,3,,,,,,,,
,,,,,27000,,,8.432337760925293,-84.32337951660156,1042.63427734375,-98.19190979003906,-95.95315551757812,0.0003,0.0003,0.1
,,,,,27005,9.0,9,,,,,,,,
,,,,,27011,6.0,6,,,,,,,,
,,,,,27032,21.0,21,,,,,,,,
,,,,,27035,3.0,3,,,,,,,,
,,,,,27057,22.0,22,,,,,,,,
,,,,,27063,6.0,6,,,,,,,,
,,,,,27071,8.0,8,,,,,,,,
,,,,,27081,10.0,10,,,,,,,,
,,,,,27085,4.0,4,,,,,,,,
,,,,,27089,4.0,4,,,,,,,,
,,,,,27094,5.0,5,,,,,,,,
,,,,,27098,4.0,4,,,,,,,,
,,,,,27110,12.0,12,,,,,,,,
,,,,,27115,5.0,5,,,,,,,,
,,,,,27122,7.0,7,,,,,,,,
,,,,,27125,3.0,3,,,,,,,,
,,,,,27131,6.0,6,,,,,,,,
,,,,,27136,5.0,5,,,,,,,,
,,,,,27141,5.0,5,,,,,,,,
,,,,,27153,12.0,12,,,,,,,,
,,,,,27160,7.0,7,,,,,,,,
,,,,,27175,15.0,15,,,,,,,,
,,,,,27178,3.0,3,,,,,,,,
,,,,,27183,5.0,5,,,,,,,,
,,,,,27186,3.0,3,,,,,,,,
,,,,,27195,9.0,9,,,,,,,,
,,,,,27200,5.0,5,,,,,,,,
,,,,,27226,26.0,26,,,,,,,,
,,,,,27251,25.0,25,,,,,,,,
,,,,,27254,3.0,3,,,,,,,,
,,,,,27262,8.0,8,,,,,,,,
,,,,,27269,7.0,7,,,,,,,,
,,,,,27275,6.0,6,,,,,,,,
,,,,,27278,3.0,3,,,,,,,,
,,,,,27284,6.0,6,,,,,,,,
,,,,,27287,3.0,3,,,,,,,,
,,,,,27314,27.0,27,,,,,,,,
,,,,,27324,10.0,10,,,,,,,,
,,,,,27327,3.0,3,,,,,,,,
,,,,,27336,9.0,9,,,,,,,,
,,,,,27345,9.0,9,,,,,,,,
,,,,,27352,7.0,7,,,,,,,,
,,,,,27359,7.0,7,,,,,,,,
,,,,,27370,11.0,11,,,,,,,,
,,,,,27378,8.0,8,,,,,,,,
,,,,,27383,5.0,5,,,,,,,,
,,,,,27395,12.0,12,,,,,,,,
,,,,,27410,15.0,15,,,,,,,,
,,,,,27414,4.0,4,,,,,,,,
,,,,,27417,3.0,3,,,,,,,,
,,,,,27420,3.0,3,,,,,,,,
,,,,,27436,16.0,16,,,,,,,,
,,,,,27441,5.0,5,,,,,,,,
,,,,,27470,29.0,29,,,,,,,,
,,,,,27491,21.0,21,,,,,,,,
,,,,,27500,9.0,9,,,,,,,,
,,,,,27507,7.0,7,,,,,,,,
,,,,,27511,4.0,4,,,,,,,,
,,,,,27532,21.0,21,,,,,,,,
,,,,,27535,3.0,3,,,,,,,,
,,,,,27545,10.0,10,,,,,,,,
,,,,,27557,12.0,12,,,,,,,,
,,,,,27575,18.0,18,,,,,,,,
,,,,,27582,7.0,7,,,,,,,,
,,,,,27610,28.0,28,,,,,,,,
,,,,,27613,3.0,3,,,,,,,,
,,,,,27620,7.0,7,,,,,,,,
,,,,,27625,5.0,5,,,,,,,,
,,,,,27639,14.0,14,,,,,,,,
,,,,,27655,16.0,16,,,,,,,,
,,,,,27660,5.0,5,,,,,,,,
,,,,,27663,3.0,3,,,,,,,,
,,,,,27666,3.0,3,,,,,,,,
,,,,,27677,11.0,11,,,,,,,,
,,,,,27683,6.0,6,,,,,,,,
,,,,,27692,9.0,9,,,,,,,,
,,,,,27696,4.0,4,,,,,,,,
,,,,,27709,13.0,13,,,,,,,,
,,,,,27720,11.0,11,,,,,,,,
,,,,,27737,17.0,17,,,,,,,,
,,,,,27744,7.0,7,,,,,,,,
,,,,,27748,4.0,4,,,,,,,,
,,,,,27766,18.0,18,,,,,,,,
,,,,,27778,12.0,12,,,,,,,,
,,,,,27784,6.0,6,,,,,,,,
,,,,,27787,3.0,3,,,,,,,,
,,,,,27796,9.0,9,,,,,,,,
,,,,,27802,6.0,6,,,,,,,,
,,,,,27810,8.0,8,,,,,,,,
,,,,,27817,7.0,7,,,,,,,,
,,,,,27820,3.0,3,,,,,,,,
,,,,,27825,5.0,5,,,,,,,,
,,,,,27829,4.0,4,,,,,,,,
,,,,,27834,5.0,5,,,,,,,,
,,,,,27839,5.0,5,,,,,,,,
,,,,,27843,4.0,4,,,,,,,,
,,,,,27848,5.0,5,,,,,,,,
,,,,,27858,10.0,10,,,,,,,,
,,,,,27867,9.0,9,,,,,,,,
,,,,,27875,8.0,8,,,,,,,,
,,,,,27882,7.0,7,,,,,,,,
,,,,,27885,3.0,3,,,,,,,,
,,,,,27890,5.0,5,,,,,,,,
,,,,,27893,3.0,3,,,,,,,,
,,,,,27898,5.0,5,,,,,,,,
,,,,,27910,12.0,12,,,,,,,,
,,,,,27913,3.0,3,,,,,,,,
,,,,,27928,15.0,15,,,,,,,,
,,,,,27936,8.0,8,,,,,,,,
,,,,,27942,6.0,6,,,,,,,,
,,,,,27952,10.0,10,,,,,,,,
,,,,,27960,8.0,8,,,,,,,,
,,,,,27963,3.0,3,,,,,,,,
,,,,,27970,7.0,7,,,,,,,,
,,,,,27974,4.0,4,,,,,,,,
,,,,,27981,7.0,7,,,,,,,,
,,,,,27985,4.0,4,,,,,,,,
,,,,,27992,7.0,7,,,,,,,,
,,,,,28000,,,7.8842644691467285,-78.84264373779297,1066.7930908203125,-84.4619369506836,-87.01371765136719,0.0003,0.0003,0.1
,,,,,28009,17.0,17,,,,,,,,
,,,,,28015,6.0,6,,,,,,,,
,,,,,28044,29.0,29,,,,,,,,
,,,,,28048,4.0,4,,,,,,,,
,,,,,28055,7.0,7,,,,,,,,
,,,,,28064,9.0,9,,,,,,,,
,,,,,28078,14.0,14,,,,,,,,
,,,,,28086,8.0,8,,,,,,,,
,,,,,28092,6.0,6,,,,,,,,
,,,,,28102,10.0,10,,,,,,,,
,,,,,28106,4.0,4,,,,,,,,
,,,,,28111,5.0,5,,,,,,,,
,,,,,28117,6.0,6,,,,,,,,
,,,,,28135,18.0,18,,,,,,,,
,,,,,28138,3.0,3,,,,,,,,
,,,,,28143,5.0,5,,,,,,,,
,,,,,28147,4.0,4,,,,,,,,
,,,,,28152,5.0,5,,,,,,,,
,,,,,28155,3.0,3,,,,,,,,
,,,,,28163,8.0,8,,,,,,,,
,,,,,28169,6.0,6,,,,,,,,
,,,,,28179,10.0,10,,,,,,,,
,,,,,28202,23.0,23,,,,,,,,
,,,,,28207,5.0,5,,,,,,,,
,,,,,28225,18.0,18,,,,,,,,
,,,,,28241,16.0,16,,,,,,,,
,,,,,28253,12.0,12,,,,,,,,
,,,,,28260,7.0,7,,,,,,,,
,,,,,28264,4.0,4,,,,,,,,
,,,,,28270,6.0,6,,,,,,,,
,,,,,28276,6.0,6,,,,,,,,
,,,,,28288,12.0,12,,,,,,,,
,,,,,28300,12.0,12,,,,,,,,
,,,,,28307,7.0,7,,,,,,,,
,,,,,28314,7.0,7,,,,,,,,
,,,,,28325,11.0,11,,,,,,,,
,,,,,28334,9.0,9,,,,,,,,
,,,,,28343,9.0,9,,,,,,,,
,,,,,28350,7.0,7,,,,,,,,
,,,,,28355,5.0,5,,,,,,,,
,,,,,28378,23.0,23,,,,,,,,
,,,,,28382,4.0,4,,,,,,,,
,,,,,28389,7.0,7,,,,,,,,
,,,,,28405,16.0,16,,,,,,,,
,,,,,28411,6.0,6,,,,,,,,
,,,,,28417,6.0,6,,,,,,,,
,,,,,28420,3.0,3,,,,,,,,
,,,,,28424,4.0,4,,,,,,,,
,,,,,28450,26.0,26,,,,,,,,
,,,,,28457,7.0,7,,,,,,,,
,,,,,28460,3.0,3,,,,,,,,
,,,,,28466,6.0,6,,,,,,,,
,,,,,28472,6.0,6,,,,,,,,
,,,,,28477,5.0,5,,,,,,,,
,,,,,28480,3.0,3,,,,,,,,
,,,,,28487,7.0,7,,,,,,,,
,,,,,28493,6.0,6,,,,,,,,
,,,,,28497,4.0,4,,,,,,,,
,,,,,28504,7.0,7,,,,,,,,
,,,,,28517,13.0,13,,,,,,,,
,,,,,28547,30.0,30,,,,,,,,
,,,,,28560,13.0,13,,,,,,,,
,,,,,28563,3.0,3,,,,,,,,
,,,,,28572,9.0,9,,,,,,,,
,,,,,28575,3.0,3,,,,,,,,
,,,,,28581,6.0,6,,,,,,,,
,,,,,28595,14.0,14,,,,,,,,
,,,,,28599,4.0,4,,,,,,,,
,,,,,28620,21.0,21,,,,,,,,
,,,,,28626,6.0,6,,,,,,,,
,,,,,28666,40.0,40,,,,,,,,
,,,,,28682,16.0,16,,,,,,,,
,,,,,28686,4.0,4,,,,,,,,
,,,,,28692,6.0,6,,,,,,,,
,,,,,28702,10.0,10,,,,,,,,
,,,,,28705,3.0,3,,,,,,,,
,,,,,28714,9.0,9,,,,,,,,
,,,,,28718,4.0,4,,,,,,,,
,,,,,28725,7.0,7,,,,,,,,
,,,,,28730,5.0,5,,,,,,,,
,,,,,28745,15.0,15,,,,,,,,
,,,,,28750,5.0,5,,,,,,,,
,,,,,28760,10.0,10,,,,,,,,
,,,,,28764,4.0,4,,,,,,,,
,,,,,28769,5.0,5,,,,,,,,
,,,,,28785,16.0,16,,,,,,,,
,,,,,28805,20.0,20,,,,,,,,
,,,,,28809,4.0,4,,,,,,,,
,,,,,28822,13.0,13,,,,,,,,
,,,,,28827,5.0,5,,,,,,,,
,,,,,28830,3.0,3,,,,,,,,
,,,,,28834,4.0,4,,,,,,,,
,,,,,28845,11.0,11,,,,,,,,
,,,,,28849,4.0,4,,,,,,,,
,,,,,28857,8.0,8,,,,,,,,
,,,,,28878,21.0,21,,,,,,,,
,,,,,28881,3.0,3,,,,,,,,
,,,,,28889,8.0,8,,,,,,,,
,,,,,28904,15.0,15,,,,,,,,
,,,,,28932,28.0,28,,,,,,,,
,,,,,28940,8.0,8,,,,,,,,
,,,,,28948,8.0,8,,,,,,,,
,,,,,28952,4.0,4,,,,,,,,
,,,,,28956,4.0,4,,,,,,,,
,,,,,28961,5.0,5,,,,,,,,
,,,,,28974,13.0,13,,,,,,,,
,,,,,28991,17.0,17,,,,,,,,
,,,,,28999,8.0,8,,,,,,,,
,,,,,29000,,,24.59769630432129,-245.97695922851562,850.3804931640625,-100.18630981445312,-103.32926177978516,0.0003,0.0003,0.1
,,,,,29021,22.0,22,,,,,,,,
,,,,,29027,6.0,6,,,,,,,,
,,,,,29030,3.0,3,,,,,,,,
,,,,,29044,14.0,14,,,,,,,,
,,,,,29049,5.0,5,,,,,,,,
,,,,,29054,5.0,5,,,,,,,,
,,,,,29057,3.0,3,,,,,,,,
,,,,,29061,4.0,4,,,,,,,,
,,,,,29066,5.0,5,,,,,,,,
,,,,,29069,3.0,3,,,,,,,,
,,,,,29074,5.0,5,,,,,,,,
,,,,,29080,6.0,6,,,,,,,,
,,,,,29083,3.0,3,,,,,,,,
,,,,,29091,8.0,8,,,,,,,,
,,,,,29096,5.0,5,,,,,,,,
,,,,,29101,5.0,5,,,,,,,,
,,,,,29108,7.0,7,,,,,,,,
,,,,,29113,5.0,5,,,,,,,,
,,,,,29133,20.0,20,,,,,,,,
,,,,,29138,5.0,5,,,,,,,,
,,,,,29144,6.0,6,,,,,,,,
,,,,,29160,16.0,16,,,,,,,,
,,,,,29167,7.0,7,,,,,,,,
,,,,,29176,9.0,9,,,,,,,,
,,,,,29179,3.0,3,,,,,,,,
,,,,,29182,3.0,3,,,,,,,,
,,,,,29191,9.0,9,,,,,,,,
,,,,,29194,3.0,3,,,,,,,,
,,,,,29197,3.0,3,,,,,,,,
,,,,,29200,3.0,3,,,,,,,,
,,,,,29215,15.0,15,,,,,,,,
,,,,,29223,8.0,8,,,,,,,,
,,,,,29234,11.0,11,,,,,,,,
,,,,,29237,3.0,3,,,,,,,,
,,,,,29241,4.0,4,,,,,,,,
,,,,,29248,7.0,7,,,,,,,,
,,,,,29258,10.0,10,,,,,,,,
,,,,,29266,8.0,8,,,,,,,,
,,,,,29272,6.0,6,,,,,,,,
,,,,,29281,9.0,9,,,,,,,,
,,,,,29299,18.0,18,,,,,,,,
,,,,,29302,3.0,3,,,,,,,,
,,,,,29312,10.0,10,,,,,,,,
,,,,,29320,8.0,8,,,,,,,,
,,,,,29338,18.0,18,,,,,,,,
,,,,,29347,9.0,9,,,,,,,,
,,,,,29355,8.0,8,,,,,,,,
,,,,,29360,5.0,5,,,,,,,,
,,,,,29370,10.0,10,,,,,,,,
,,,,,29375,5.0,5,,,,,,,,
,,,,,29381,6.0,6,,,,,,,,
,,,,,29386,5.0,5,,,,,,,,
,,,,,29390,4.0,4,,,,,,,,
,,,,,29393,3.0,3,,,,,,,,
,,,,,29396,3.0,3,,,,,,,,
,,,,,29399,3.0,3,,,,,,,,
,,,,,29414,15.0,15,,,,,,,,
,,,,,29417,3.0,3,,,,,,,,
,,,,,29429,12.0,12,,,,,,,,
,,,,,29441,12.0,12,,,,,,,,
,,,,,29444,3.0,3,,,,,,,,
,,,,,29450,6.0,6,,,,,,,,
,,,,,29455,5.0,5,,,,,,,,
,,,,,29458,3.0,3,,,,,,,,
,,,,,29461,3.0,3,,,,,,,,
,,,,,29464,3.0,3,,,,,,,,
,,,,,29468,4.0,4,,,,,,,,
,,,,,29471,3.0,3,,,,,,,,
,,,,,29474,3.0,3,,,,,,,,
,,,,,29482,8.0,8,,,,,,,,
,,,,,29485,3.0,3,,,,,,,,
,,,,,29488,3.0,3,,,,,,,,
,,,,,29492,4.0,4,,,,,,,,
,,,,,29495,3.0,3,,,,,,,,
,,,,,29501,6.0,6,,,,,,,,
,,,,,29509,8.0,8,,,,,,,,
,,,,,29513,4.0,4,,,,,,,,
,,,,,29516,3.0,3,,,,,,,,
,,,,,29521,5.0,5,,,,,,,,
,,,,,29524,3.0,3,,,,,,,,
,,,,,29527,3.0,3,,,,,,,,
,,,,,29530,3.0,3,,,,,,,,
,,,,,29533,3.0,3,,,,,,,,
,,,,,29539,6.0,6,,,,,,,,
,,,,,29542,3.0,3,,,,,,,,
,,,,,29545,3.0,3,,,,,,,,
,,,,,29563,18.0,18,,,,,,,,
,,,,,29567,4.0,4,,,,,,,,
,,,,,29577,10.0,10,,,,,,,,
,,,,,29584,7.0,7,,,,,,,,
,,,,,29589,5.0,5,,,,,,,,
,,,,,29601,12.0,12,,,,,,,,
,,,,,29605,4.0,4,,,,,,,,
,,,,,29608,3.0,3,,,,,,,,
,,,,,29612,4.0,4,,,,,,,,
,,,,,29615,3.0,3,,,,,,,,
,,,,,29618,3.0,3,,,,,,,,
,,,,,29621,3.0,3,,,,,,,,
,,,,,29625,4.0,4,,,,,,,,
,,,,,29628,3.0,3,,,,,,,,
,,,,,29631,3.0,3,,,,,,,,
,,,,,29635,4.0,4,,,,,,,,
,,,,,29648,13.0,13,,,,,,,,
,,,,,29651,3.0,3,,,,,,,,
,,,,,29655,4.0,4,,,,,,,,
,,,,,29659,4.0,4,,,,,,,,
,,,,,29662,3.0,3,,,,,,,,
,,,,,29665,3.0,3,,,,,,,,
,,,,,29669,4.0,4,,,,,,,,
,,,,,29673,4.0,4,,,,,,,,
,,,,,29676,3.0,3,,,,,,,,
,,,,,29680,4.0,4,,,,,,,,
,,,,,29683,3.0,3,,,,,,,,
,,,,,29686,3.0,3,,,,,,,,
,,,,,29695,9.0,9,,,,,,,,
,,,,,29700,5.0,5,,,,,,,,
,,,,,29703,3.0,3,,,,,,,,
,,,,,29715,12.0,12,,,,,,,,
,,,,,29720,5.0,5,,,,,,,,
,,,,,29732,12.0,12,,,,,,,,
,,,,,29743,11.0,11,,,,,,,,
,,,,,29752,9.0,9,,,,,,,,
,,,,,29755,3.0,3,,,,,,,,
,,,,,29761,6.0,6,,,,,,,,
,,,,,29765,4.0,4,,,,,,,,
,,,,,29771,6.0,6,,,,,,,,
,,,,,29778,7.0,7,,,,,,,,
,,,,,29786,8.0,8,,,,,,,,
,,,,,29806,20.0,20,,,,,,,,
,,,,,29816,10.0,10,,,,,,,,
,,,,,29839,23.0,23,,,,,,,,
,,,,,29844,5.0,5,,,,,,,,
,,,,,29854,10.0,10,,,,,,,,
,,,,,29858,4.0,4,,,,,,,,
,,,,,29862,4.0,4,,,,,,,,
,,,,,29865,3.0,3,,,,,,,,
,,,,,29868,3.0,3,,,,,,,,
,,,,,29878,10.0,10,,,,,,,,
,,,,,29881,3.0,3,,,,,,,,
,,,,,29886,5.0,5,,,,,,,,
,,,,,29889,3.0,3,,,,,,,,
,,,,,29892,3.0,3,,,,,,,,
,,,,,29899,7.0,7,,,,,,,,
,,,,,29902,3.0,3,,,,,,,,
,,,,,29910,8.0,8,,,,,,,,
,,,,,29918,8.0,8,,,,,,,,
,,,,,29924,6.0,6,,,,,,,,
,,,,,29930,6.0,6,,,,,,,,
,,,,,29933,3.0,3,,,,,,,,
,,,,,29940,7.0,7,,,,,,,,
,,,,,29949,9.0,9,,,,,,,,
,,,,,29959,10.0,10,,,,,,,,
,,,,,29966,7.0,7,,,,,,,,
,,,,,29970,4.0,4,,,,,,,,
,,,,,29973,3.0,3,,,,,,,,
,,,,,29977,4.0,4,,,,,,,,
,,,,,29980,3.0,3,,,,,,,,
5.9,3.1448371,14.0,3.0,5.9,30000,,,18.184696197509766,-181.84695434570312,1256.10888671875,-88.89036560058594,-82.12713623046875,0.0003,0.0003,0.1
,,,,,30011,31.0,31,,,,,,,,
,,,,,30020,9.0,9,,,,,,,,
,,,,,30027,7.0,7,,,,,,,,
,,,,,30041,14.0,14,,,,,,,,
,,,,,30047,6.0,6,,,,,,,,
,,,,,30051,4.0,4,,,,,,,,
,,,,,30059,8.0,8,,,,,,,,
,,,,,30066,7.0,7,,,,,,,,
,,,,,30074,8.0,8,,,,,,,,
,,,,,30078,4.0,4,,,,,,,,
,,,,,30082,4.0,4,,,,,,,,
,,,,,30085,3.0,3,,,,,,,,
,,,,,30088,3.0,3,,,,,,,,
,,,,,30092,4.0,4,,,,,,,,
,,,,,30098,6.0,6,,,,,,,,
,,,,,30101,3.0,3,,,,,,,,
,,,,,30104,3.0,3,,,,,,,,
,,,,,30108,4.0,4,,,,,,,,
,,,,,30115,7.0,7,,,,,,,,
,,,,,30118,3.0,3,,,,,,,,
,,,,,30137,19.0,19,,,,,,,,
,,,,,30142,5.0,5,,,,,,,,
,,,,,30154,12.0,12,,,,,,,,
,,,,,30161,7.0,7,,,,,,,,
,,,,,30164,3.0,3,,,,,,,,
,,,,,30169,5.0,5,,,,,,,,
,,,,,30177,8.0,8,,,,,,,,
,,,,,30181,4.0,4,,,,,,,,
,,,,,30191,10.0,10,,,,,,,,
,,,,,30199,8.0,8,,,,,,,,
,,,,,30202,3.0,3,,,,,,,,
,,,,,30212,10.0,10,,,,,,,,
,,,,,30221,9.0,9,,,,,,,,
,,,,,30230,9.0,9,,,,,,,,
,,,,,30235,5.0,5,,,,,,,,
,,,,,30250,15.0,15,,,,,,,,
,,,,,30260,10.0,10,,,,,,,,
,,,,,30264,4.0,4,,,,,,,,
,,,,,30267,3.0,3,,,,,,,,
,,,,,30270,3.0,3,,,,,,,,
,,,,,30275,5.0,5,,,,,,,,
,,,,,30279,4.0,4,,,,,,,,
,,,,,30282,3.0,3,,,,,,,,
,,,,,30286,4.0,4,,,,,,,,
,,,,,30299,13.0,13,,,,,,,,
,,,,,30303,4.0,4,,,,,,,,
,,,,,30319,16.0,16,,,,,,,,
,,,,,30326,7.0,7,,,,,,,,
,,,,,30348,22.0,22,,,,,,,,
,,,,,30353,5.0,5,,,,,,,,
,,,,,30360,7.0,7,,,,,,,,
,,,,,30363,3.0,3,,,,,,,,
,,,,,30374,11.0,11,,,,,,,,
,,,,,30380,6.0,6,,,,,,,,
,,,,,30386,6.0,6,,,,,,,,
,,,,,30396,10.0,10,,,,,,,,
,,,,,30399,3.0,3,,,,,,,,
,,,,,30424,25.0,25,,,,,,,,
,,,,,30434,10.0,10,,,,,,,,
,,,,,30439,5.0,5,,,,,,,,
,,,,,30461,22.0,22,,,,,,,,
,,,,,30466,5.0,5,,,,,,,,
,,,,,30469,3.0,3,,,,,,,,
,,,,,30475,6.0,6,,,,,,,,
,,,,,30481,6.0,6,,,,,,,,
,,,,,30484,3.0,3,,,,,,,,
,,,,,30492,8.0,8,,,,,,,,
,,,,,30496,4.0,4,,,,,,,,
,,,,,30503,7.0,7,,,,,,,,
,,,,,30510,7.0,7,,,,,,,,
,,,,,30513,3.0,3,,,,,,,,
,,,,,30516,3.0,3,,,,,,,,
,,,,,30520,4.0,4,,,,,,,,
,,,,,30525,5.0,5,,,,,,,,
,,,,,30538,13.0,13,,,,,,,,
,,,,,30545,7.0,7,,,,,,,,
,,,,,30548,3.0,3,,,,,,,,
,,,,,30552,4.0,4,,,,,,,,
,,,,,30557,5.0,5,,,,,,,,
,,,,,30581,24.0,24,,,,,,,,
,,,,,30593,12.0,12,,,,,,,,
,,,,,30601,8.0,8,,,,,,,,
,,,,,30610,9.0,9,,,,,,,,
,,,,,30627,17.0,17,,,,,,,,
,,,,,30632,5.0,5,,,,,,,,
,,,,,30635,3.0,3,,,,,,,,
,,,,,30644,9.0,9,,,,,,,,
,,,,,30659,15.0,15,,,,,,,,
,,,,,30662,3.0,3,,,,,,,,
,,,,,30665,3.0,3,,,,,,,,
,,,,,30672,7.0,7,,,,,,,,
,,,,,30675,3.0,3,,,,,,,,
,,,,,30682,7.0,7,,,,,,,,
,,,,,30687,5.0,5,,,,,,,,
,,,,,30690,3.0,3,,,,,,,,
,,,,,30693,3.0,3,,,,,,,,
,,,,,30696,3.0,3,,,,,,,,
,,,,,30705,9.0,9,,,,,,,,
,,,,,30714,9.0,9,,,,,,,,
,,,,,30717,3.0,3,,,,,,,,
,,,,,30727,10.0,10,,,,,,,,
,,,,,30740,13.0,13,,,,,,,,
,,,,,30749,9.0,9,,,,,,,,
,,,,,30760,11.0,11,,,,,,,,
,,,,,30767,7.0,7,,,,,,,,
,,,,,30777,10.0,10,,,,,,,,
,,,,,30781,4.0,4,,,,,,,,
,,,,,30785,4.0,4,,,,,,,,
,,,,,30792,7.0,7,,,,,,,,
,,,,,30800,8.0,8,,,,,,,,
,,,,,30813,13.0,13,,,,,,,,
,,,,,30818,5.0,5,,,,,,,,
,,,,,30821,3.0,3,,,,,,,,
,,,,,30825,4.0,4,,,,,,,,
,,,,,30828,3.0,3,,,,,,,,
,,,,,30832,4.0,4,,,,,,,,
,,,,,30840,8.0,8,,,,,,,,
,,,,,30843,3.0,3,,,,,,,,
,,,,,30856,13.0,13,,,,,,,,
,,,,,30862,6.0,6,,,,,,,,
,,,,,30873,11.0,11,,,,,,,,
,,,,,30878,5.0,5,,,,,,,,
,,,,,30891,13.0,13,,,,,,,,
,,,,,30895,4.0,4,,,,,,,,
,,,,,30910,15.0,15,,,,,,,,
,,,,,30916,6.0,6,,,,,,,,
,,,,,30923,7.0,7,,,,,,,,
,,,,,30926,3.0,3,,,,,,,,
,,,,,30929,3.0,3,,,,,,,,
,,,,,30942,13.0,13,,,,,,,,
,,,,,30974,32.0,32,,,,,,,,
,,,,,30982,8.0,8,,,,,,,,
,,,,,30985,3.0,3,,,,,,,,
,,,,,30989,4.0,4,,,,,,,,
,,,,,30995,6.0,6,,,,,,,,
,,,,,31000,,,10.202876091003418,-102.02876281738281,1042.3887939453125,-78.78614807128906,-78.31416320800781,0.0003,0.0003,0.1
,,,,,31009,14.0,14,,,,,,,,
,,,,,31021,12.0,12,,,,,,,,
,,,,,31024,3.0,3,,,,,,,,
,,,,,31027,3.0,3,,,,,,,,
,,,,,31031,4.0,4,,,,,,,,
,,,,,31039,8.0,8,,,,,,,,
,,,,,31042,3.0,3,,,,,,,,
,,,,,31047,5.0,5,,,,,,,,
,,,,,31051,4.0,4,,,,,,,,
,,,,,31077,26.0,26,,,,,,,,
,,,,,31087,10.0,10,,,,,,,,
,,,,,31092,5.0,5,,,,,,,,
,,,,,31099,7.0,7,,,,,,,,
,,,,,31103,4.0,4,,,,,,,,
,,,,,31112,9.0,9,,,,,,,,
,,,,,31121,9.0,9,,,,,,,,
,,,,,31124,3.0,3,,,,,,,,
,,,,,31131,7.0,7,,,,,,,,
,,,,,31135,4.0,4,,,,,,,,
,,,,,31141,6.0,6,,,,,,,,
,,,,,31144,3.0,3,,,,,,,,
,,,,,31148,4.0,4,,,,,,,,
,,,,,31153,5.0,5,,,,,,,,
,,,,,31156,3.0,3,,,,,,,,
,,,,,31163,7.0,7,,,,,,,,
,,,,,31170,7.0,7,,,,,,,,
,,,,,31177,7.0,7,,,,,,,,
,,,,,31183,6.0,6,,,,,,,,
,,,,,31189,6.0,6,,,,,,,,
,,,,,31193,4.0,4,,,,,,,,
,,,,,31201,8.0,8,,,,,,,,
,,,,,31204,3.0,3,,,,,,,,
,,,,,31207,3.0,3,,,,,,,,
,,,,,31218,11.0,11,,,,,,,,
,,,,,31222,4.0,4,,,,,,,,
,,,,,31248,26.0,26,,,,,,,,
,,,,,31251,3.0,3,,,,,,,,
,,,,,31254,3.0,3,,,,,,,,
,,,,,31260,6.0,6,,,,,,,,
,,,,,31265,5.0,5,,,,,,,,
,,,,,31268,3.0,3,,,,,,,,
,,,,,31271,3.0,3,,,,,,,,
,,,,,31282,11.0,11,,,,,,,,
,,,,,31288,6.0,6,,,,,,,,
,,,,,31291,3.0,3,,,,,,,,
,,,,,31297,6.0,6,,,,,,,,
,,,,,31300,3.0,3,,,,,,,,
,,,,,31311,11.0,11,,,,,,,,
,,,,,31318,7.0,7,,,,,,,,
,,,,,31325,7.0,7,,,,,,,,
,,,,,31333,8.0,8,,,,,,,,
,,,,,31339,6.0,6,,,,,,,,
,,,,,31348,9.0,9,,,,,,,,
,,,,,31355,7.0,7,,,,,,,,
,,,,,31365,10.0,10,,,,,,,,
,,,,,31368,3.0,3,,,,,,,,
,,,,,31391,23.0,23,,,,,,,,
,,,,,31394,3.0,3,,,,,,,,
,,,,,31402,8.0,8,,,,,,,,
,,,,,31405,3.0,3,,,,,,,,
,,,,,31412,7.0,7,,,,,,,,
,,,,,31421,9.0,9,,,,,,,,
,,,,,31425,4.0,4,,,,,,,,
,,,,,31431,6.0,6,,,,,,,,
,,,,,31441,10.0,10,,,,,,,,
,,,,,31447,6.0,6,,,,,,,,
,,,,,31450,3.0,3,,,,,,,,
,,,,,31456,6.0,6,,,,,,,,
,,,,,31469,13.0,13,,,,,,,,
,,,,,31482,13.0,13,,,,,,,,
,,,,,31488,6.0,6,,,,,,,,
,,,,,31493,5.0,5,,,,,,,,
,,,,,31497,4.0,4,,,,,,,,
,,,,,31503,6.0,6,,,,,,,,
,,,,,31508,5.0,5,,,,,,,,
,,,,,31515,7.0,7,,,,,,,,
,,,,,31519,4.0,4,,,,,,,,
,,,,,31528,9.0,9,,,,,,,,
,,,,,31531,3.0,3,,,,,,,,
,,,,,31536,5.0,5,,,,,,,,
,,,,,31545,9.0,9,,,,,,,,
,,,,,31551,6.0,6,,,,,,,,
,,,,,31559,8.0,8,,,,,,,,
,,,,,31562,3.0,3,,,,,,,,
,,,,,31566,4.0,4,,,,,,,,
,,,,,31570,4.0,4,,,,,,,,
,,,,,31576,6.0,6,,,,,,,,
,,,,,31585,9.0,9,,,,,,,,
,,,,,31591,6.0,6,,,,,,,,
,,,,,31597,6.0,6,,,,,,,,
,,,,,31605,8.0,8,,,,,,,,
,,,,,31611,6.0,6,,,,,,,,
,,,,,31615,4.0,4,,,,,,,,
,,,,,31621,6.0,6,,,,,,,,
,,,,,31624,3.0,3,,,,,,,,
,,,,,31631,7.0,7,,,,,,,,
,,,,,31640,9.0,9,,,,,,,,
,,,,,31643,3.0,3,,,,,,,,
,,,,,31648,5.0,5,,,,,,,,
,,,,,31652,4.0,4,,,,,,,,
,,,,,31657,5.0,5,,,,,,,,
,,,,,31668,11.0,11,,,,,,,,
,,,,,31674,6.0,6,,,,,,,,
,,,,,31678,4.0,4,,,,,,,,
,,,,,31695,17.0,17,,,,,,,,
,,,,,31703,8.0,8,,,,,,,,
,,,,,31721,18.0,18,,,,,,,,
,,,,,31728,7.0,7,,,,,,,,
,,,,,31733,5.0,5,,,,,,,,
,,,,,31740,7.0,7,,,,,,,,
,,,,,31744,4.0,4,,,,,,,,
,,,,,31751,7.0,7,,,,,,,,
,,,,,31755,4.0,4,,,,,,,,
,,,,,31763,8.0,8,,,,,,,,
,,,,,31767,4.0,4,,,,,,,,
,,,,,31778,11.0,11,,,,,,,,
,,,,,31781,3.0,3,,,,,,,,
,,,,,31786,5.0,5,,,,,,,,
,,,,,31795,9.0,9,,,,,,,,
,,,,,31798,3.0,3,,,,,,,,
,,,,,31801,3.0,3,,,,,,,,
,,,,,31804,3.0,3,,,,,,,,
,,,,,31809,5.0,5,,,,,,,,
,,,,,31824,15.0,15,,,,,,,,
,,,,,31827,3.0,3,,,,,,,,
,,,,,31839,12.0,12,,,,,,,,
,,,,,31859,20.0,20,,,,,,,,
,,,,,31891,32.0,32,,,,,,,,
,,,,,31894,3.0,3,,,,,,,,
,,,,,31901,7.0,7,,,,,,,,
,,,,,31913,12.0,12,,,,,,,,
,,,,,31916,3.0,3,,,,,,,,
,,,,,31919,3.0,3,,,,,,,,
,,,,,31928,9.0,9,,,,,,,,
,,,,,31931,3.0,3,,,,,,,,
,,,,,31945,14.0,14,,,,,,,,
,,,,,31949,4.0,4,,,,,,,,
,,,,,31953,4.0,4,,,,,,,,
,,,,,31959,6.0,6,,,,,,,,
,,,,,31962,3.0,3,,,,,,,,
,,,,,31968,6.0,6,,,,,,,,
,,,,,31976,8.0,8,,,,,,,,
,,,,,31982,6.0,6,,,,,,,,
,,,,,31985,3.0,3,,,,,,,,
,,,,,31991,6.0,6,,,,,,,,
,,,,,31995,4.0,4,,,,,,,,
,,,,,32000,,,18.230777740478516,-182.30776977539062,587.6041259765625,-66.2449722290039,-69.01709747314453,0.0003,0.0003,0.1
,,,,,32001,6.0,6,,,,,,,,
,,,,,32010,9.0,9,,,,,,,,
,,,,,32021,11.0,11,,,,,,,,
,,,,,32030,9.0,9,,,,,,,,
,,,,,32033,3.0,3,,,,,,,,
,,,,,32039,6.0,6,,,,,,,,
,,,,,32043,4.0,4,,,,,,,,
,,,,,32051,8.0,8,,,,,,,,
,,,,,32057,6.0,6,,,,,,,,
,,,,,32060,3.0,3,,,,,,,,
,,,,,32063,3.0,3,,,,,,,,
,,,,,32073,10.0,10,,,,,,,,
,,,,,32076,3.0,3,,,,,,,,
,,,,,32079,3.0,3,,,,,,,,
,,,,,32084,5.0,5,,,,,,,,
,,,,,32092,8.0,8,,,,,,,,
,,,,,32095,3.0,3,,,,,,,,
,,,,,32110,15.0,15,,,,,,,,
,,,,,32113,3.0,3,,,,,,,,
,,,,,32117,4.0,4,,,,,,,,
,,,,,32121,4.0,4,,,,,,,,
,,,,,32137,16.0,16,,,,,,,,
,,,,,32140,3.0,3,,,,,,,,
,,,,,32143,3.0,3,,,,,,,,
,,,,,32146,3.0,3,,,,,,,,
,,,,,32156,10.0,10,,,,,,,,
,,,,,32165,9.0,9,,,,,,,,
,,,,,32172,7.0,7,,,,,,,,
,,,,,32175,3.0,3,,,,,,,,
,,,,,32181,6.0,6,,,,,,,,
,,,,,32189,8.0,8,,,,,,,,
,,,,,32197,8.0,8,,,,,,,,
,,,,,32200,3.0,3,,,,,,,,
,,,,,32203,3.0,3,,,,,,,,
,,,,,32209,6.0,6,,,,,,,,
,,,,,32212,3.0,3,,,,,,,,
,,,,,32220,8.0,8,,,,,,,,
,,,,,32224,4.0,4,,,,,,,,
,,,,,32229,5.0,5,,,,,,,,
,,,,,32236,7.0,7,,,,,,,,
,,,,,32240,4.0,4,,,,,,,,
,,,,,32243,3.0,3,,,,,,,,
,,,,,32246,3.0,3,,,,,,,,
,,,,,32249,3.0,3,,,,,,,,
,,,,,32252,3.0,3,,,,,,,,
,,,,,32255,3.0,3,,,,,,,,
,,,,,32258,3.0,3,,,,,,,,
,,,,,32265,7.0,7,,,,,,,,
,,,,,32269,4.0,4,,,,,,,,
,,,,,32272,3.0,3,,,,,,,,
,,,,,32275,3.0,3,,,,,,,,
,,,,,32278,3.0,3,,,,,,,,
,,,,,32284,6.0,6,,,,,,,,
,,,,,32287,3.0,3,,,,,,,,
,,,,,32290,3.0,3,,,,,,,,
,,,,,32301,11.0,11,,,,,,,,
,,,,,32306,5.0,5,,,,,,,,
,,,,,32313,7.0,7,,,,,,,,
,,,,,32325,12.0,12,,,,,,,,
,,,,,32329,4.0,4,,,,,,,,
,,,,,32335,6.0,6,,,,,,,,
,,,,,32338,3.0,3,,,,,,,,
,,,,,32349,11.0,11,,,,,,,,
,,,,,32352,3.0,3,,,,,,,,
,,,,,32363,11.0,11,,,,,,,,
,,,,,32366,3.0,3,,,,,,,,
,,,,,32369,3.0,3,,,,,,,,
,,,,,32375,6.0,6,,,,,,,,
,,,,,32391,16.0,16,,,,,,,,
,,,,,32400,9.0,9,,,,,,,,
,,,,,32407,7.0,7,,,,,,,,
,,,,,32426,19.0,19,,,,,,,,
,,,,,32430,4.0,4,,,,,,,,
,,,,,32433,3.0,3,,,,,,,,
,,,,,32436,3.0,3,,,,,,,,
,,,,,32439,3.0,3,,,,,,,,
,,,,,32445,6.0,6,,,,,,,,
,,,,,32448,3.0,3,,,,,,,,
,,,,,32453,5.0,5,,,,,,,,
,,,,,32457,4.0,4,,,,,,,,
,,,,,32470,13.0,13,,,,,,,,
,,,,,32475,5.0,5,,,,,,,,
,,,,,32480,5.0,5,,,,,,,,
,,,,,32483,3.0,3,,,,,,,,
,,,,,32488,5.0,5,,,,,,,,
,,,,,32497,9.0,9,,,,,,,,
,,,,,32500,3.0,3,,,,,,,,
,,,,,32508,8.0,8,,,,,,,,
,,,,,32511,3.0,3,,,,,,,,
,,,,,32514,3.0,3,,,,,,,,
,,,,,32517,3.0,3,,,,,,,,
,,,,,32520,3.0,3,,,,,,,,
,,,,,32523,3.0,3,,,,,,,,
,,,,,32526,3.0,3,,,,,,,,
,,,,,32530,4.0,4,,,,,,,,
,,,,,32533,3.0,3,,,,,,,,
,,,,,32536,3.0,3,,,,,,,,
,,,,,32540,4.0,4,,,,,,,,
,,,,,32543,3.0,3,,,,,,,,
,,,,,32546,3.0,3,,,,,,,,
,,,,,32549,3.0,3,,,,,,,,
,,,,,32555,6.0,6,,,,,,,,
,,,,,32558,3.0,3,,,,,,,,
,,,,,32571,13.0,13,,,,,,,,
,,,,,32575,4.0,4,,,,,,,,
,,,,,32578,3.0,3,,,,,,,,
,,,,,32583,5.0,5,,,,,,,,
,,,,,32588,5.0,5,,,,,,,,
,,,,,32591,3.0,3,,,,,,,,
,,,,,32603,12.0,12,,,,,,,,
,,,,,32608,5.0,5,,,,,,,,
,,,,,32629,21.0,21,,,,,,,,
,,,,,32633,4.0,4,,,,,,,,
,,,,,32641,8.0,8,,,,,,,,
,,,,,32648,7.0,7,,,,,,,,
,,,,,32651,3.0,3,,,,,,,,
,,,,,32663,12.0,12,,,,,,,,
,,,,,32666,3.0,3,,,,,,,,
,,,,,32669,3.0,3,,,,,,,,
,,,,,32679,10.0,10,,,,,,,,
,,,,,32684,5.0,5,,,,,,,,
,,,,,32692,8.0,8,,,,,,,,
,,,,,32696,4.0,4,,,,,,,,
,,,,,32701,5.0,5,,,,,,,,
,,,,,32707,6.0,6,,,,,,,,
,,,,,32712,5.0,5,,,,,,,,
,,,,,32722,10.0,10,,,,,,,,
,,,,,32727,5.0,5,,,,,,,,
,,,,,32732,5.0,5,,,,,,,,
,,,,,32739,7.0,7,,,,,,,,
,,,,,32744,5.0,5,,,,,,,,
,,,,,32749,5.0,5,,,,,,,,
,,,,,32766,17.0,17,,,,,,,,
,,,,,32774,8.0,8,,,,,,,,
,,,,,32779,5.0,5,,,,,,,,
,,,,,32784,5.0,5,,,,,,,,
,,,,,32791,7.0,7,,,,,,,,
,,,,,32797,6.0,6,,,,,,,,
,,,,,32802,5.0,5,,,,,,,,
,,,,,32805,3.0,3,,,,,,,,
,,,,,32814,9.0,9,,,,,,,,
,,,,,32817,3.0,3,,,,,,,,
,,,,,32843,26.0,26,,,,,,,,
,,,,,32855,12.0,12,,,,,,,,
,,,,,32868,13.0,13,,,,,,,,
,,,,,32871,3.0,3,,,,,,,,
,,,,,32874,3.0,3,,,,,,,,
,,,,,32900,26.0,26,,,,,,,,
,,,,,32911,11.0,11,,,,,,,,
,,,,,32914,3.0,3,,,,,,,,
,,,,,32917,3.0,3,,,,,,,,
,,,,,32924,7.0,7,,,,,,,,
,,,,,32927,3.0,3,,,,,,,,
,,,,,32932,5.0,5,,,,,,,,
,,,,,32935,3.0,3,,,,,,,,
,,,,,32946,11.0,11,,,,,,,,
,,,,,32954,8.0,8,,,,,,,,
,,,,,32961,7.0,7,,,,,,,,
,,,,,32966,5.0,5,,,,,,,,
,,,,,32975,9.0,9,,,,,,,,
,,,,,32980,5.0,5,,,,,,,,
,,,,,32987,7.0,7,,,,,,,,
,,,,,32990,3.0,3,,,,,,,,
,,,,,32993,3.0,3,,,,,,,,
,,,,,32996,3.0,3,,,,,,,,
,,,,,32999,3.0,3,,,,,,,,
,,,,,33000,,,13.270337104797363,-132.703369140625,661.89306640625,-76.24937438964844,-76.31575775146484,0.0003,0.0003,0.1
,,,,,33004,5.0,5,,,,,,,,
,,,,,33007,3.0,3,,,,,,,,
,,,,,33012,5.0,5,,,,,,,,
,,,,,33019,7.0,7,,,,,,,,
,,,,,33022,3.0,3,,,,,,,,
,,,,,33031,9.0,9,,,,,,,,
,,,,,33034,3.0,3,,,,,,,,
,,,,,33037,3.0,3,,,,,,,,
,,,,,33048,11.0,11,,,,,,,,
,,,,,33052,4.0,4,,,,,,,,
,,,,,33065,13.0,13,,,,,,,,
,,,,,33068,3.0,3,,,,,,,,
,,,,,33079,11.0,11,,,,,,,,
,,,,,33082,3.0,3,,,,,,,,
,,,,,33085,3.0,3,,,,,,,,
,,,,,33094,9.0,9,,,,,,,,
,,,,,33104,10.0,10,,,,,,,,
,,,,,33116,12.0,12,,,,,,,,
,,,,,33123,7.0,7,,,,,,,,
,,,,,33137,14.0,14,,,,,,,,
,,,,,33140,3.0,3,,,,,,,,
,,,,,33147,7.0,7,,,,,,,,
,,,,,33152,5.0,5,,,,,,,,
,,,,,33158,6.0,6,,,,,,,,
,,,,,33176,18.0,18,,,,,,,,
,,,,,33187,11.0,11,,,,,,,,
,,,,,33192,5.0,5,,,,,,,,
,,,,,33205,13.0,13,,,,,,,,
,,,,,33209,4.0,4,,,,,,,,
,,,,,33217,8.0,8,,,,,,,,
,,,,,33221,4.0,4,,,,,,,,
,,,,,33227,6.0,6,,,,,,,,
,,,,,33233,6.0,6,,,,,,,,
,,,,,33236,3.0,3,,,,,,,,
,,,,,33242,6.0,6,,,,,,,,
,,,,,33245,3.0,3,,,,,,,,
,,,,,33248,3.0,3,,,,,,,,
,,,,,33251,3.0,3,,,,,,,,
,,,,,33255,4.0,4,,,,,,,,
,,,,,33263,8.0,8,,,,,,,,
,,,,,33275,12.0,12,,,,,,,,
,,,,,33288,13.0,13,,,,,,,,
,,,,,33298,10.0,10,,,,,,,,
,,,,,33302,4.0,4,,,,,,,,
,,,,,33305,3.0,3,,,,,,,,
,,,,,33310,5.0,5,,,,,,,,
,,,,,33326,16.0,16,,,,,,,,
,,,,,33331,5.0,5,,,,,,,,
,,,,,33334,3.0,3,,,,,,,,
,,,,,33337,3.0,3,,,,,,,,
,,,,,33348,11.0,11,,,,,,,,
,,,,,33354,6.0,6,,,,,,,,
,,,,,33360,6.0,6,,,,,,,,
,,,,,33366,6.0,6,,,,,,,,
,,,,,33373,7.0,7,,,,,,,,
,,,,,33376,3.0,3,,,,,,,,
,,,,,33383,7.0,7,,,,,,,,
,,,,,33391,8.0,8,,,,,,,,
,,,,,33394,3.0,3,,,,,,,,
,,,,,33404,10.0,10,,,,,,,,
,,,,,33407,3.0,3,,,,,,,,
,,,,,33417,10.0,10,,,,,,,,
,,,,,33420,3.0,3,,,,,,,,
,,,,,33424,4.0,4,,,,,,,,
,,,,,33427,3.0,3,,,,,,,,
,,,,,33440,13.0,13,,,,,,,,
,,,,,33446,6.0,6,,,,,,,,
,,,,,33457,11.0,11,,,,,,,,
,,,,,33463,6.0,6,,,,,,,,
,,,,,33466,3.0,3,,,,,,,,
,,,,,33479,13.0,13,,,,,,,,
,,,,,33483,4.0,4,,,,,,,,
,,,,,33500,17.0,17,,,,,,,,
,,,,,33503,3.0,3,,,,,,,,
,,,,,33506,3.0,3,,,,,,,,
,,,,,33509,3.0,3,,,,,,,,
,,,,,33517,8.0,8,,,,,,,,
,,,,,33528,11.0,11,,,,,,,,
,,,,,33531,3.0,3,,,,,,,,
,,,,,33543,12.0,12,,,,,,,,
,,,,,33549,6.0,6,,,,,,,,
,,,,,33559,10.0,10,,,,,,,,
,,,,,33570,11.0,11,,,,,,,,
,,,,,33573,3.0,3,,,,,,,,
,,,,,33576,3.0,3,,,,,,,,
,,,,,33579,3.0,3,,,,,,,,
,,,,,33588,9.0,9,,,,,,,,
,,,,,33601,13.0,13,,,,,,,,
,,,,,33607,6.0,6,,,,,,,,
,,,,,33613,6.0,6,,,,,,,,
,,,,,33622,9.0,9,,,,,,,,
,,,,,33626,4.0,4,,,,,,,,
,,,,,33633,7.0,7,,,,,,,,
,,,,,33636,3.0,3,,,,,,,,
,,,,,33648,12.0,12,,,,,,,,
,,,,,33653,5.0,5,,,,,,,,
,,,,,33663,10.0,10,,,,,,,,
,,,,,33674,11.0,11,,,,,,,,
,,,,,33681,7.0,7,,,,,,,,
,,,,,33696,15.0,15,,,,,,,,
,,,,,33700,4.0,4,,,,,,,,
,,,,,33720,20.0,20,,,,,,,,
,,,,,33724,4.0,4,,,,,,,,
,,,,,33728,4.0,4,,,,,,,,
,,,,,33738,10.0,10,,,,,,,,
,,,,,33744,6.0,6,,,,,,,,
,,,,,33753,9.0,9,,,,,,,,
,,,,,33759,6.0,6,,,,,,,,
,,,,,33762,3.0,3,,,,,,,,
,,,,,33765,3.0,3,,,,,,,,
,,,,,33768,3.0,3,,,,,,,,
,,,,,33772,4.0,4,,,,,,,,
,,,,,33779,7.0,7,,,,,,,,
,,,,,33786,7.0,7,,,,,,,,
,,,,,33789,3.0,3,,,,,,,,
,,,,,33793,4.0,4,,,,,,,,
,,,,,33800,7.0,7,,,,,,,,
,,,,,33806,6.0,6,,,,,,,,
,,,,,33819,13.0,13,,,,,,,,
,,,,,33822,3.0,3,,,,,,,,
,,,,,33828,6.0,6,,,,,,,,
,,,,,33840,12.0,12,,,,,,,,
,,,,,33846,6.0,6,,,,,,,,
,,,,,33855,9.0,9,,,,,,,,
,,,,,33864,9.0,9,,,,,,,,
,,,,,33867,3.0,3,,,,,,,,
,,,,,33870,3.0,3,,,,,,,,
,,,,,33876,6.0,6,,,,,,,,
,,,,,33879,3.0,3,,,,,,,,
,,,,,33887,8.0,8,,,,,,,,
,,,,,33890,3.0,3,,,,,,,,
,,,,,33893,3.0,3,,,,,,,,
,,,,,33898,5.0,5,,,,,,,,
,,,,,33907,9.0,9,,,,,,,,
,,,,,33913,6.0,6,,,,,,,,
,,,,,33916,3.0,3,,,,,,,,
,,,,,33922,6.0,6,,,,,,,,
,,,,,33926,4.0,4,,,,,,,,
,,,,,33933,7.0,7,,,,,,,,
,,,,,33942,9.0,9,,,,,,,,
,,,,,33958,16.0,16,,,,,,,,
,,,,,33964,6.0,6,,,,,,,,
,,,,,33975,11.0,11,,,,,,,,
,,,,,33987,12.0,12,,,,,,,,
,,,,,33993,6.0,6,,,,,,,,
,,,,,33999,6.0,6,,,,,,,,
,,,,,34000,,,8.132149696350098,-81.32149505615234,559.6199340820312,-73.58511352539062,-72.46515655517578,0.0003,0.0003,0.1
,,,,,34010,11.0,11,,,,,,,,
,,,,,34023,13.0,13,,,,,,,,
,,,,,34028,5.0,5,,,,,,,,
,,,,,34031,3.0,3,,,,,,,,
,,,,,34041,10.0,10,,,,,,,,
,,,,,34052,11.0,11,,,,,,,,
,,,,,34065,13.0,13,,,,,,,,
,,,,,34078,13.0,13,,,,,,,,
,,,,,34083,5.0,5,,,,,,,,
,,,,,34093,10.0,10,,,,,,,,
,,,,,34105,12.0,12,,,,,,,,
,,,,,34108,3.0,3,,,,,,,,
,,,,,34118,10.0,10,,,,,,,,
,,,,,34134,16.0,16,,,,,,,,
,,,,,34140,6.0,6,,,,,,,,
,,,,,34149,9.0,9,,,,,,,,
,,,,,34157,8.0,8,,,,,,,,
,,,,,34160,3.0,3,,,,,,,,
,,,,,34174,14.0,14,,,,,,,,
,,,,,34177,3.0,3,,,,,,,,
,,,,,34180,3.0,3,,,,,,,,
,,,,,34183,3.0,3,,,,,,,,
,,,,,34186,3.0,3,,,,,,,,
,,,,,34189,3.0,3,,,,,,,,
,,,,,34194,5.0,5,,,,,,,,
,,,,,34200,6.0,6,,,,,,,,
,,,,,34203,3.0,3,,,,,,,,
,,,,,34212,9.0,9,,,,,,,,
,,,,,34222,10.0,10,,,,,,,,
,,,,,34225,3.0,3,,,,,,,,
,,,,,34229,4.0,4,,,,,,,,
,,,,,34237,8.0,8,,,,,,,,
,,,,,34245,8.0,8,,,,,,,,
,,,,,34248,3.0,3,,,,,,,,
,,,,,34256,8.0,8,,,,,,,,
,,,,,34263,7.0,7,,,,,,,,
,,,,,34271,8.0,8,,,,,,,,
,,,,,34278,7.0,7,,,,,,,,
,,,,,34281,3.0,3,,,,,,,,
,,,,,34290,9.0,9,,,,,,,,
,,,,,34293,3.0,3,,,,,,,,
,,,,,34314,21.0,21,,,,,,,,
,,,,,34318,4.0,4,,,,,,,,
,,,,,34326,8.0,8,,,,,,,,
,,,,,34332,6.0,6,,,,,,,,
,,,,,34343,11.0,11,,,,,,,,
,,,,,34346,3.0,3,,,,,,,,
,,,,,34349,3.0,3,,,,,,,,
,,,,,34352,3.0,3,,,,,,,,
,,,,,34355,3.0,3,,,,,,,,
,,,,,34365,10.0,10,,,,,,,,
,,,,,34378,13.0,13,,,,,,,,
,,,,,34384,6.0,6,,,,,,,,
,,,,,34389,5.0,5,,,,,,,,
,,,,,34398,9.0,9,,,,,,,,
,,,,,34413,15.0,15,,,,,,,,
,,,,,34423,10.0,10,,,,,,,,
,,,,,34427,4.0,4,,,,,,,,
,,,,,34438,11.0,11,,,,,,,,
,,,,,34441,3.0,3,,,,,,,,
,,,,,34448,7.0,7,,,,,,,,
,,,,,34454,6.0,6,,,,,,,,
,,,,,34463,9.0,9,,,,,,,,
,,,,,34469,6.0,6,,,,,,,,
,,,,,34475,6.0,6,,,,,,,,
,,,,,34478,3.0,3,,,,,,,,
,,,,,34483,5.0,5,,,,,,,,
,,,,,34490,7.0,7,,,,,,,,
,,,,,34497,7.0,7,,,,,,,,
,,,,,34506,9.0,9,,,,,,,,
,,,,,34513,7.0,7,,,,,,,,
,,,,,34526,13.0,13,,,,,,,,
,,,,,34531,5.0,5,,,,,,,,
,,,,,34538,7.0,7,,,,,,,,
,,,,,34552,14.0,14,,,,,,,,
,,,,,34558,6.0,6,,,,,,,,
,,,,,34584,26.0,26,,,,,,,,
,,,,,34590,6.0,6,,,,,,,,
,,,,,34595,5.0,5,,,,,,,,
,,,,,34598,3.0,3,,,,,,,,
,,,,,34602,4.0,4,,,,,,,,
,,,,,34618,16.0,16,,,,,,,,
,,,,,34626,8.0,8,,,,,,,,
,,,,,34636,10.0,10,,,,,,,,
,,,,,34640,4.0,4,,,,,,,,
,,,,,34645,5.0,5,,,,,,,,
,,,,,34652,7.0,7,,,,,,,,
,,,,,34676,24.0,24,,,,,,,,
,,,,,34686,10.0,10,,,,,,,,
,,,,,34689,3.0,3,,,,,,,,
,,,,,34692,3.0,3,,,,,,,,
,,,,,34697,5.0,5,,,,,,,,
,,,,,34708,11.0,11,,,,,,,,
,,,,,34711,3.0,3,,,,,,,,
,,,,,34720,9.0,9,,,,,,,,
,,,,,34723,3.0,3,,,,,,,,
,,,,,34726,3.0,3,,,,,,,,
,,,,,34741,15.0,15,,,,,,,,
,,,,,34753,12.0,12,,,,,,,,
,,,,,34759,6.0,6,,,,,,,,
,,,,,34764,5.0,5,,,,,,,,
,,,,,34767,3.0,3,,,,,,,,
,,,,,34771,4.0,4,,,,,,,,
,,,,,34774,3.0,3,,,,,,,,
,,,,,34777,3.0,3,,,,,,,,
,,,,,34784,7.0,7,,,,,,,,
,,,,,34796,12.0,12,,,,,,,,
,,,,,34799,3.0,3,,,,,,,,
,,,,,34802,3.0,3,,,,,,,,
,,,,,34805,3.0,3,,,,,,,,
,,,,,34811,6.0,6,,,,,,,,
,,,,,34838,27.0,27,,,,,,,,
,,,,,34845,7.0,7,,,,,,,,
,,,,,34852,7.0,7,,,,,,,,
,,,,,34855,3.0,3,,,,,,,,
,,,,,34858,3.0,3,,,,,,,,
,,,,,34879,21.0,21,,,,,,,,
,,,,,34888,9.0,9,,,,,,,,
,,,,,34899,11.0,11,,,,,,,,
,,,,,34910,11.0,11,,,,,,,,
,,,,,34923,13.0,13,,,,,,,,
,,,,,34931,8.0,8,,,,,,,,
,,,,,34935,4.0,4,,,,,,,,
,,,,,34940,5.0,5,,,,,,,,
,,,,,34951,11.0,11,,,,,,,,
,,,,,34954,3.0,3,,,,,,,,
,,,,,34963,9.0,9,,,,,,,,
,,,,,34984,21.0,21,,,,,,,,
,,,,,34989,5.0,5,,,,,,,,
6.9,3.910243,15.0,3.0,6.9,35000,,,13.556612968444824,-135.56613159179688,629.8165283203125,-80.16535949707031,-78.8244400024414,0.0003,0.0003,0.1
,,,,,35009,20.0,20,,,,,,,,
,,,,,35021,12.0,12,,,,,,,,
,,,,,35030,9.0,9,,,,,,,,
,,,,,35033,3.0,3,,,,,,,,
,,,,,35036,3.0,3,,,,,,,,
,,,,,35058,22.0,22,,,,,,,,
,,,,,35083,25.0,25,,,,,,,,
,,,,,35087,4.0,4,,,,,,,,
,,,,,35091,4.0,4,,,,,,,,
,,,,,35108,17.0,17,,,,,,,,
,,,,,35115,7.0,7,,,,,,,,
,,,,,35121,6.0,6,,,,,,,,
,,,,,35128,7.0,7,,,,,,,,
,,,,,35156,28.0,28,,,,,,,,
,,,,,35166,10.0,10,,,,,,,,
,,,,,35170,4.0,4,,,,,,,,
,,,,,35175,5.0,5,,,,,,,,
,,,,,35181,6.0,6,,,,,,,,
,,,,,35191,10.0,10,,,,,,,,
,,,,,35196,5.0,5,,,,,,,,
,,,,,35204,8.0,8,,,,,,,,
,,,,,35210,6.0,6,,,,,,,,
,,,,,35216,6.0,6,,,,,,,,
,,,,,35225,9.0,9,,,,,,,,
,,,,,35232,7.0,7,,,,,,,,
,,,,,35236,4.0,4,,,,,,,,
,,,,,35244,8.0,8,,,,,,,,
,,,,,35257,13.0,13,,,,,,,,
,,,,,35260,3.0,3,,,,,,,,
,,,,,35267,7.0,7,,,,,,,,
,,,,,35278,11.0,11,,,,,,,,
,,,,,35282,4.0,4,,,,,,,,
,,,,,35293,11.0,11,,,,,,,,
,,,,,35298,5.0,5,,,,,,,,
,,,,,35303,5.0,5,,,,,,,,
,,,,,35306,3.0,3,,,,,,,,
,,,,,35317,11.0,11,,,,,,,,
,,,,,35326,9.0,9,,,,,,,,
,,,,,35332,6.0,6,,,,,,,,
,,,,,35335,3.0,3,,,,,,,,
,,,,,35344,9.0,9,,,,,,,,
,,,,,35360,16.0,16,,,,,,,,
,,,,,35363,3.0,3,,,,,,,,
,,,,,35370,7.0,7,,,,,,,,
,,,,,35373,3.0,3,,,,,,,,
,,,,,35379,6.0,6,,,,,,,,
,,,,,35388,9.0,9,,,,,,,,
,,,,,35396,8.0,8,,,,,,,,
,,,,,35400,4.0,4,,,,,,,,
,,,,,35427,27.0,27,,,,,,,,
,,,,,35430,3.0,3,,,,,,,,
,,,,,35434,4.0,4,,,,,,,,
,,,,,35441,7.0,7,,,,,,,,
,,,,,35446,5.0,5,,,,,,,,
,,,,,35453,7.0,7,,,,,,,,
,,,,,35456,3.0,3,,,,,,,,
,,,,,35459,3.0,3,,,,,,,,
,,,,,35465,6.0,6,,,,,,,,
,,,,,35483,18.0,18,,,,,,,,
,,,,,35523,40.0,40,,,,,,,,
,,,,,35531,8.0,8,,,,,,,,
,,,,,35536,5.0,5,,,,,,,,
,,,,,35541,5.0,5,,,,,,,,
,,,,,35544,3.0,3,,,,,,,,
,,,,,35547,3.0,3,,,,,,,,
,,,,,35550,3.0,3,,,,,,,,
,,,,,35559,9.0,9,,,,,,,,
,,,,,35570,11.0,11,,,,,,,,
,,,,,35573,3.0,3,,,,,,,,
,,,,,35576,3.0,3,,,,,,,,
,,,,,35593,17.0,17,,,,,,,,
,,,,,35598,5.0,5,,,,,,,,
,,,,,35602,4.0,4,,,,,,,,
,,,,,35624,22.0,22,,,,,,,,
,,,,,35628,4.0,4,,,,,,,,
,,,,,35632,4.0,4,,,,,,,,
,,,,,35645,13.0,13,,,,,,,,
,,,,,35651,6.0,6,,,,,,,,
,,,,,35656,5.0,5,,,,,,,,
,,,,,35667,11.0,11,,,,,,,,
,,,,,35683,16.0,16,,,,,,,,
,,,,,35694,11.0,11,,,,,,,,
,,,,,35713,19.0,19,,,,,,,,
,,,,,35718,5.0,5,,,,,,,,
,,,,,35730,12.0,12,,,,,,,,
,,,,,35744,14.0,14,,,,,,,,
,,,,,35748,4.0,4,,,,,,,,
,,,,,35767,19.0,19,,,,,,,,
,,,,,35773,6.0,6,,,,,,,,
,,,,,35781,8.0,8,,,,,,,,
,,,,,35786,5.0,5,,,,,,,,
,,,,,35795,9.0,9,,,,,,,,
,,,,,35807,12.0,12,,,,,,,,
,,,,,35810,3.0,3,,,,,,,,
,,,,,35813,3.0,3,,,,,,,,
,,,,,35826,13.0,13,,,,,,,,
,,,,,35852,26.0,26,,,,,,,,
,,,,,35864,12.0,12,,,,,,,,
,,,,,35875,11.0,11,,,,,,,,
,,,,,35886,11.0,11,,,,,,,,
,,,,,35897,11.0,11,,,,,,,,
,,,,,35905,8.0,8,,,,,,,,
,,,,,35912,7.0,7,,,,,,,,
,,,,,35923,11.0,11,,,,,,,,
,,,,,35927,4.0,4,,,,,,,,
,,,,,35934,7.0,7,,,,,,,,
,,,,,35961,27.0,27,,,,,,,,
,,,,,35967,6.0,6,,,,,,,,
,,,,,35973,6.0,6,,,,,,,,
,,,,,35976,3.0,3,,,,,,,,
,,,,,35982,6.0,6,,,,,,,,
,,,,,35996,14.0,14,,,,,,,,
,,,,,36000,,,14.978167533874512,-149.78167724609375,1427.60302734375,-103.4737548828125,-100.20037841796875,0.0003,0.0003,0.1
,,,,,36005,9.0,9,,,,,,,,
,,,,,36013,8.0,8,,,,,,,,
,,,,,36016,3.0,3,,,,,,,,
,,,,,36019,3.0,3,,,,,,,,
,,,,,36024,5.0,5,,,,,,,,
,,,,,36030,6.0,6,,,,,,,,
,,,,,36046,16.0,16,,,,,,,,
,,,,,36095,49.0,49,,,,,,,,
,,,,,36101,6.0,6,,,,,,,,
,,,,,36111,10.0,10,,,,,,,,
,,,,,36128,17.0,17,,,,,,,,
,,,,,36140,12.0,12,,,,,,,,
,,,,,36144,4.0,4,,,,,,,,
,,,,,36147,3.0,3,,,,,,,,
,,,,,36155,8.0,8,,,,,,,,
,,,,,36164,9.0,9,,,,,,,,
,,,,,36204,40.0,40,,,,,,,,
,,,,,36215,11.0,11,,,,,,,,
,,,,,36218,3.0,3,,,,,,,,
,,,,,36228,10.0,10,,,,,,,,
,,,,,36250,22.0,22,,,,,,,,
,,,,,36260,10.0,10,,,,,,,,
,,,,,36265,5.0,5,,,,,,,,
,,,,,36278,13.0,13,,,,,,,,
,,,,,36282,4.0,4,,,,,,,,
,,,,,36286,4.0,4,,,,,,,,
,,,,,36292,6.0,6,,,,,,,,
,,,,,36296,4.0,4,,,,,,,,
,,,,,36310,14.0,14,,,,,,,,
,,,,,36321,11.0,11,,,,,,,,
,,,,,36326,5.0,5,,,,,,,,
,,,,,36330,4.0,4,,,,,,,,
,,,,,36333,3.0,3,,,,,,,,
,,,,,36339,6.0,6,,,,,,,,
,,,,,36343,4.0,4,,,,,,,,
,,,,,36346,3.0,3,,,,,,,,
,,,,,36349,3.0,3,,,,,,,,
,,,,,36360,11.0,11,,,,,,,,
,,,,,36364,4.0,4,,,,,,,,
,,,,,36367,3.0,3,,,,,,,,
,,,,,36379,12.0,12,,,,,,,,
,,,,,36382,3.0,3,,,,,,,,
,,,,,36392,10.0,10,,,,,,,,
,,,,,36400,8.0,8,,,,,,,,
,,,,,36406,6.0,6,,,,,,,,
,,,,,36410,4.0,4,,,,,,,,
,,,,,36416,6.0,6,,,,,,,,
,,,,,36420,4.0,4,,,,,,,,
,,,,,36424,4.0,4,,,,,,,,
,,,,,36431,7.0,7,,,,,,,,
,,,,,36434,3.0,3,,,,,,,,
,,,,,36438,4.0,4,,,,,,,,
,,,,,36453,15.0,15,,,,,,,,
,,,,,36464,11.0,11,,,,,,,,
,,,,,36467,3.0,3,,,,,,,,
,,,,,36472,5.0,5,,,,,,,,
,,,,,36480,8.0,8,,,,,,,,
,,,,,36484,4.0,4,,,,,,,,
,,,,,36493,9.0,9,,,,,,,,
,,,,,36505,12.0,12,,,,,,,,
,,,,,36518,13.0,13,,,,,,,,
,,,,,36522,4.0,4,,,,,,,,
,,,,,36525,3.0,3,,,,,,,,
,,,,,36528,3.0,3,,,,,,,,
,,,,,36532,4.0,4,,,,,,,,
,,,,,36543,11.0,11,,,,,,,,
,,,,,36550,7.0,7,,,,,,,,
,,,,,36558,8.0,8,,,,,,,,
,,,,,36561,3.0,3,,,,,,,,
,,,,,36566,5.0,5,,,,,,,,
,,,,,36580,14.0,14,,,,,,,,
,,,,,36587,7.0,7,,,,,,,,
,,,,,36593,6.0,6,,,,,,,,
,,,,,36598,5.0,5,,,,,,,,
,,,,,36603,5.0,5,,,,,,,,
,,,,,36608,5.0,5,,,,,,,,
,,,,,36617,9.0,9,,,,,,,,
,,,,,36631,14.0,14,,,,,,,,
,,,,,36634,3.0,3,,,,,,,,
,,,,,36637,3.0,3,,,,,,,,
,,,,,36647,10.0,10,,,,,,,,
,,,,,36650,3.0,3,,,,,,,,
,,,,,36657,7.0,7,,,,,,,,
,,,,,36663,6.0,6,,,,,,,,
,,,,,36667,4.0,4,,,,,,,,
,,,,,36687,20.0,20,,,,,,,,
,,,,,36693,6.0,6,,,,,,,,
,,,,,36696,3.0,3,,,,,,,,
,,,,,36708,12.0,12,,,,,,,,
,,,,,36711,3.0,3,,,,,,,,
,,,,,36718,7.0,7,,,,,,,,
,,,,,36722,4.0,4,,,,,,,,
,,,,,36726,4.0,4,,,,,,,,
,,,,,36729,3.0,3,,,,,,,,
,,,,,36735,6.0,6,,,,,,,,
,,,,,36748,13.0,13,,,,,,,,
,,,,,36751,3.0,3,,,,,,,,
,,,,,36758,7.0,7,,,,,,,,
,,,,,36765,7.0,7,,,,,,,,
,,,,,36770,5.0,5,,,,,,,,
,,,,,36786,16.0,16,,,,,,,,
,,,,,36810,24.0,24,,,,,,,,
,,,,,36815,5.0,5,,,,,,,,
,,,,,36819,4.0,4,,,,,,,,
,,,,,36822,3.0,3,,,,,,,,
,,,,,36829,7.0,7,,,,,,,,
,,,,,36833,4.0,4,,,,,,,,
,,,,,36838,5.0,5,,,,,,,,
,,,,,36841,3.0,3,,,,,,,,
,,,,,36844,3.0,3,,,,,,,,
,,,,,36856,12.0,12,,,,,,,,
,,,,,36863,7.0,7,,,,,,,,
,,,,,36867,4.0,4,,,,,,,,
,,,,,36870,3.0,3,,,,,,,,
,,,,,36873,3.0,3,,,,,,,,
,,,,,36876,3.0,3,,,,,,,,
,,,,,36879,3.0,3,,,,,,,,
,,,,,36888,9.0,9,,,,,,,,
,,,,,36894,6.0,6,,,,,,,,
,,,,,36899,5.0,5,,,,,,,,
,,,,,36907,8.0,8,,,,,,,,
,,,,,36918,11.0,11,,,,,,,,
,,,,,36941,23.0,23,,,,,,,,
,,,,,36949,8.0,8,,,,,,,,
,,,,,36964,15.0,15,,,,,,,,
,,,,,36969,5.0,5,,,,,,,,
,,,,,36976,7.0,7,,,,,,,,
,,,,,36980,4.0,4,,,,,,,,
,,,,,36986,6.0,6,,,,,,,,
,,,,,37000,,,10.527427673339844,-105.27427673339844,1265.1571044921875,-105.272705078125,-108.46260070800781,0.0003,0.0003,0.1
,,,,,37001,15.0,15,,,,,,,,
,,,,,37006,5.0,5,,,,,,,,
,,,,,37013,7.0,7,,,,,,,,
,,,,,37018,5.0,5,,,,,,,,
,,,,,37034,16.0,16,,,,,,,,
,,,,,37037,3.0,3,,,,,,,,
,,,,,37046,9.0,9,,,,,,,,
,,,,,37049,3.0,3,,,,,,,,
,,,,,37058,9.0,9,,,,,,,,
,,,,,37064,6.0,6,,,,,,,,
,,,,,37073,9.0,9,,,,,,,,
,,,,,37079,6.0,6,,,,,,,,
,,,,,37085,6.0,6,,,,,,,,
,,,,,37095,10.0,10,,,,,,,,
,,,,,37101,6.0,6,,,,,,,,
,,,,,37105,4.0,4,,,,,,,,
,,,,,37108,3.0,3,,,,,,,,
,,,,,37111,3.0,3,,,,,,,,
,,,,,37114,3.0,3,,,,,,,,
,,,,,37120,6.0,6,,,,,,,,
,,,,,37123,3.0,3,,,,,,,,
,,,,,37126,3.0,3,,,,,,,,
,,,,,37129,3.0,3,,,,,,,,
,,,,,37133,4.0,4,,,,,,,,
,,,,,37136,3.0,3,,,,,,,,
,,,,,37139,3.0,3,,,,,,,,
,,,,,37142,3.0,3,,,,,,,,
,,,,,37145,3.0,3,,,,,,,,
,,,,,37149,4.0,4,,,,,,,,
,,,,,37154,5.0,5,,,,,,,,
,,,,,37159,5.0,5,,,,,,,,
,,,,,37162,3.0,3,,,,,,,,
,,,,,37165,3.0,3,,,,,,,,
,,,,,37168,3.0,3,,,,,,,,
,,,,,37172,4.0,4,,,,,,,,
,,,,,37176,4.0,4,,,,,,,,
,,,,,37179,3.0,3,,,,,,,,
,,,,,37182,3.0,3,,,,,,,,
,,,,,37186,4.0,4,,,,,,,,
,,,,,37189,3.0,3,,,,,,,,
,,,,,37194,5.0,5,,,,,,,,
,,,,,37197,3.0,3,,,,,,,,
,,,,,37204,7.0,7,,,,,,,,
,,,,,37207,3.0,3,,,,,,,,
,,,,,37210,3.0,3,,,,,,,,
,,,,,37213,3.0,3,,,,,,,,
,,,,,37217,4.0,4,,,,,,,,
,,,,,37224,7.0,7,,,,,,,,
,,,,,37228,4.0,4,,,,,,,,
,,,,,37231,3.0,3,,,,,,,,
,,,,,37235,4.0,4,,,,,,,,
,,,,,37240,5.0,5,,,,,,,,
,,,,,37244,4.0,4,,,,,,,,
,,,,,37248,4.0,4,,,,,,,,
,,,,,37254,6.0,6,,,,,,,,
,,,,,37258,4.0,4,,,,,,,,
,,,,,37264,6.0,6,,,,,,,,
,,,,,37268,4.0,4,,,,,,,,
,,,,,37271,3.0,3,,,,,,,,
,,,,,37274,3.0,3,,,,,,,,
,,,,,37279,5.0,5,,,,,,,,
,,,,,37284,5.0,5,,,,,,,,
,,,,,37291,7.0,7,,,,,,,,
,,,,,37302,11.0,11,,,,,,,,
,,,,,37306,4.0,4,,,,,,,,
,,,,,37310,4.0,4,,,,,,,,
,,,,,37314,4.0,4,,,,,,,,
,,,,,37317,3.0,3,,,,,,,,
,,,,,37321,4.0,4,,,,,,,,
,,,,,37334,13.0,13,,,,,,,,
,,,,,37337,3.0,3,,,,,,,,
,,,,,37341,4.0,4,,,,,,,,
,,,,,37345,4.0,4,,,,,,,,
,,,,,37350,5.0,5,,,,,,,,
,,,,,37364,14.0,14,,,,,,,,
,,,,,37373,9.0,9,,,,,,,,
,,,,,37377,4.0,4,,,,,,,,
,,,,,37395,18.0,18,,,,,,,,
,,,,,37400,5.0,5,,,,,,,,
,,,,,37414,14.0,14,,,,,,,,
,,,,,37450,36.0,36,,,,,,,,
,,,,,37454,4.0,4,,,,,,,,
,,,,,37458,4.0,4,,,,,,,,
,,,,,37467,9.0,9,,,,,,,,
,,,,,37471,4.0,4,,,,,,,,
,,,,,37475,4.0,4,,,,,,,,
,,,,,37481,6.0,6,,,,,,,,
,,,,,37489,8.0,8,,,,,,,,
,,,,,37497,8.0,8,,,,,,,,
,,,,,37510,13.0,13,,,,,,,,
,,,,,37518,8.0,8,,,,,,,,
,,,,,37526,8.0,8,,,,,,,,
,,,,,37529,3.0,3,,,,,,,,
,,,,,37534,5.0,5,,,,,,,,
,,,,,37544,10.0,10,,,,,,,,
,,,,,37547,3.0,3,,,,,,,,
,,,,,37556,9.0,9,,,,,,,,
,,,,,37562,6.0,6,,,,,,,,
,,,,,37565,3.0,3,,,,,,,,
,,,,,37572,7.0,7,,,,,,,,
,,,,,37575,3.0,3,,,,,,,,
,,,,,37578,3.0,3,,,,,,,,
,,,,,37586,8.0,8,,,,,,,,
,,,,,37590,4.0,4,,,,,,,,
,,,,,37594,4.0,4,,,,,,,,
,,,,,37600,6.0,6,,,,,,,,
,,,,,37603,3.0,3,,,,,,,,
,,,,,37606,3.0,3,,,,,,,,
,,,,,37622,16.0,16,,,,,,,,
,,,,,37628,6.0,6,,,,,,,,
,,,,,37632,4.0,4,,,,,,,,
,,,,,37636,4.0,4,,,,,,,,
,,,,,37639,3.0,3,,,,,,,,
,,,,,37650,11.0,11,,,,,,,,
,,,,,37654,4.0,4,,,,,,,,
,,,,,37664,10.0,10,,,,,,,,
,,,,,37668,4.0,4,,,,,,,,
,,,,,37671,3.0,3,,,,,,,,
,,,,,37675,4.0,4,,,,,,,,
,,,,,37689,14.0,14,,,,,,,,
,,,,,37694,5.0,5,,,,,,,,
,,,,,37699,5.0,5,,,,,,,,
,,,,,37704,5.0,5,,,,,,,,
,,,,,37711,7.0,7,,,,,,,,
,,,,,37723,12.0,12,,,,,,,,
,,,,,37731,8.0,8,,,,,,,,
,,,,,37734,3.0,3,,,,,,,,
,,,,,37739,5.0,5,,,,,,,,
,,,,,37742,3.0,3,,,,,,,,
,,,,,37751,9.0,9,,,,,,,,
,,,,,37758,7.0,7,,,,,,,,
,,,,,37763,5.0,5,,,,,,,,
,,,,,37768,5.0,5,,,,,,,,
,,,,,37773,5.0,5,,,,,,,,
,,,,,37776,3.0,3,,,,,,,,
,,,,,37784,8.0,8,,,,,,,,
,,,,,37794,10.0,10,,,,,,,,
,,,,,37797,3.0,3,,,,,,,,
,,,,,37811,14.0,14,,,,,,,,
,,,,,37818,7.0,7,,,,,,,,
,,,,,37821,3.0,3,,,,,,,,
,,,,,37831,10.0,10,,,,,,,,
,,,,,37834,3.0,3,,,,,,,,
,,,,,37840,6.0,6,,,,,,,,
,,,,,37846,6.0,6,,,,,,,,
,,,,,37850,4.0,4,,,,,,,,
,,,,,37857,7.0,7,,,,,,,,
,,,,,37861,4.0,4,,,,,,,,
,,,,,37865,4.0,4,,,,,,,,
,,,,,37879,14.0,14,,,,,,,,
,,,,,37882,3.0,3,,,,,,,,
,,,,,37889,7.0,7,,,,,,,,
,,,,,37894,5.0,5,,,,,,,,
,,,,,37898,4.0,4,,,,,,,,
,,,,,37902,4.0,4,,,,,,,,
,,,,,37905,3.0,3,,,,,,,,
,,,,,37913,8.0,8,,,,,,,,
,,,,,37917,4.0,4,,,,,,,,
,,,,,37920,3.0,3,,,,,,,,
,,,,,37923,3.0,3,,,,,,,,
,,,,,37927,4.0,4,,,,,,,,
,,,,,37930,3.0,3,,,,,,,,
,,,,,37933,3.0,3,,,,,,,,
,,,,,37936,3.0,3,,,,,,,,
,,,,,37940,4.0,4,,,,,,,,
,,,,,37944,4.0,4,,,,,,,,
,,,,,37947,3.0,3,,,,,,,,
,,,,,37952,5.0,5,,,,,,,,
,,,,,37956,4.0,4,,,,,,,,
,,,,,37959,3.0,3,,,,,,,,
,,,,,37965,6.0,6,,,,,,,,
,,,,,37970,5.0,5,,,,,,,,
,,,,,37973,3.0,3,,,,,,,,
,,,,,37977,4.0,4,,,,,,,,
,,,,,37980,3.0,3,,,,,,,,
,,,,,37984,4.0,4,,,,,,,,
,,,,,37987,3.0,3,,,,,,,,
,,,,,37992,5.0,5,,,,,,,,
,,,,,37995,3.0,3,,,,,,,,
,,,,,38000,,,13.220355033874512,-132.20355224609375,1222.518310546875,-78.38224792480469,-76.01496887207031,0.0003,0.0003,0.1
,,,,,38004,9.0,9,,,,,,,,
,,,,,38007,3.0,3,,,,,,,,
,,,,,38016,9.0,9,,,,,,,,
,,,,,38025,9.0,9,,,,,,,,
,,,,,38031,6.0,6,,,,,,,,
,,,,,38041,10.0,10,,,,,,,,
,,,,,38044,3.0,3,,,,,,,,
,,,,,38050,6.0,6,,,,,,,,
,,,,,38058,8.0,8,,,,,,,,
,,,,,38064,6.0,6,,,,,,,,
,,,,,38067,3.0,3,,,,,,,,
,,,,,38072,5.0,5,,,,,,,,
,,,,,38075,3.0,3,,,,,,,,
,,,,,38078,3.0,3,,,,,,,,
,,,,,38081,3.0,3,,,,,,,,
,,,,,38087,6.0,6,,,,,,,,
,,,,,38090,3.0,3,,,,,,,,
,,,,,38093,3.0,3,,,,,,,,
,,,,,38097,4.0,4,,,,,,,,
,,,,,38100,3.0,3,,,,,,,,
,,,,,38103,3.0,3,,,,,,,,
,,,,,38106,3.0,3,,,,,,,,
,,,,,38112,6.0,6,,,,,,,,
,,,,,38115,3.0,3,,,,,,,,
,,,,,38121,6.0,6,,,,,,,,
,,,,,38124,3.0,3,,,,,,,,
,,,,,38130,6.0,6,,,,,,,,
,,,,,38134,4.0,4,,,,,,,,
,,,,,38137,3.0,3,,,,,,,,
,,,,,38140,3.0,3,,,,,,,,
,,,,,38143,3.0,3,,,,,,,,
,,,,,38146,3.0,3,,,,,,,,
,,,,,38149,3.0,3,,,,,,,,
,,,,,38152,3.0,3,,,,,,,,
,,,,,38155,3.0,3,,,,,,,,
,,,,,38160,5.0,5,,,,,,,,
,,,,,38163,3.0,3,,,,,,,,
,,,,,38168,5.0,5,,,,,,,,
,,,,,38171,3.0,3,,,,,,,,
,,,,,38176,5.0,5,,,,,,,,
,,,,,38184,8.0,8,,,,,,,,
,,,,,38190,6.0,6,,,,,,,,
,,,,,38193,3.0,3,,,,,,,,
,,,,,38199,6.0,6,,,,,,,,
,,,,,38204,5.0,5,,,,,,,,
,,,,,38208,4.0,4,,,,,,,,
,,,,,38213,5.0,5,,,,,,,,
,,,,,38216,3.0,3,,,,,,,,
,,,,,38219,3.0,3,,,,,,,,
,,,,,38222,3.0,3,,,,,,,,
,,,,,38225,3.0,3,,,,,,,,
,,,,,38228,3.0,3,,,,,,,,
,,,,,38237,9.0,9,,,,,,,,
,,,,,38240,3.0,3,,,,,,,,
,,,,,38243,3.0,3,,,,,,,,
,,,,,38246,3.0,3,,,,,,,,
,,,,,38255,9.0,9,,,,,,,,
,,,,,38259,4.0,4,,,,,,,,
,,,,,38262,3.0,3,,,,,,,,
,,,,,38266,4.0,4,,,,,,,,
,,,,,38270,4.0,4,,,,,,,,
,,,,,38276,6.0,6,,,,,,,,
,,,,,38279,3.0,3,,,,,,,,
,,,,,38282,3.0,3,,,,,,,,
,,,,,38294,12.0,12,,,,,,,,
,,,,,38297,3.0,3,,,,,,,,
,,,,,38302,5.0,5,,,,,,,,
,,,,,38305,3.0,3,,,,,,,,
,,,,,38308,3.0,3,,,,,,,,
,,,,,38311,3.0,3,,,,,,,,
,,,,,38318,7.0,7,,,,,,,,
,,,,,38323,5.0,5,,,,,,,,
,,,,,38329,6.0,6,,,,,,,,
,,,,,38338,9.0,9,,,,,,,,
,,,,,38343,5.0,5,,,,,,,,
,,,,,38348,5.0,5,,,,,,,,
,,,,,38358,10.0,10,,,,,,,,
,,,,,38364,6.0,6,,,,,,,,
,,,,,38371,7.0,7,,,,,,,,
,,,,,38383,12.0,12,,,,,,,,
,,,,,38389,6.0,6,,,,,,,,
,,,,,38392,3.0,3,,,,,,,,
,,,,,38397,5.0,5,,,,,,,,
,,,,,38400,3.0,3,,,,,,,,
,,,,,38407,7.0,7,,,,,,,,
,,,,,38410,3.0,3,,,,,,,,
,,,,,38421,11.0,11,,,,,,,,
,,,,,38427,6.0,6,,,,,,,,
,,,,,38447,20.0,20,,,,,,,,
,,,,,38458,11.0,11,,,,,,,,
,,,,,38463,5.0,5,,,,,,,,
,,,,,38473,10.0,10,,,,,,,,
,,,,,38479,6.0,6,,,,,,,,
,,,,,38482,3.0,3,,,,,,,,
,,,,,38496,14.0,14,,,,,,,,
,,,,,38509,13.0,13,,,,,,,,
,,,,,38523,14.0,14,,,,,,,,
,,,,,38526,3.0,3,,,,,,,,
,,,,,38530,4.0,4,,,,,,,,
,,,,,38533,3.0,3,,,,,,,,
,,,,,38536,3.0,3,,,,,,,,
,,,,,38545,9.0,9,,,,,,,,
,,,,,38554,9.0,9,,,,,,,,
,,,,,38557,3.0,3,,,,,,,,
,,,,,38566,9.0,9,,,,,,,,
,,,,,38578,12.0,12,,,,,,,,
,,,,,38585,7.0,7,,,,,,,,
,,,,,38599,14.0,14,,,,,,,,
,,,,,38607,8.0,8,,,,,,,,
,,,,,38617,10.0,10,,,,,,,,
,,,,,38632,15.0,15,,,,,,,,
,,,,,38638,6.0,6,,,,,,,,
,,,,,38644,6.0,6,,,,,,,,
,,,,,38648,4.0,4,,,,,,,,
,,,,,38656,8.0,8,,,,,,,,
,,,,,38666,10.0,10,,,,,,,,
,,,,,38669,3.0,3,,,,,,,,
,,,,,38673,4.0,4,,,,,,,,
,,,,,38679,6.0,6,,,,,,,,
,,,,,38685,6.0,6,,,,,,,,
,,,,,38689,4.0,4,,,,,,,,
,,,,,38706,17.0,17,,,,,,,,
,,,,,38709,3.0,3,,,,,,,,
,,,,,38715,6.0,6,,,,,,,,
,,,,,38727,12.0,12,,,,,,,,
,,,,,38738,11.0,11,,,,,,,,
,,,,,38742,4.0,4,,,,,,,,
,,,,,38746,4.0,4,,,,,,,,
,,,,,38750,4.0,4,,,,,,,,
,,,,,38764,14.0,14,,,,,,,,
,,,,,38773,9.0,9,,,,,,,,
,,,,,38776,3.0,3,,,,,,,,
,,,,,38781,5.0,5,,,,,,,,
,,,,,38798,17.0,17,,,,,,,,
,,,,,38808,10.0,10,,,,,,,,
,,,,,38811,3.0,3,,,,,,,,
,,,,,38814,3.0,3,,,,,,,,
,,,,,38817,3.0,3,,,,,,,,
,,,,,38825,8.0,8,,,,,,,,
,,,,,38828,3.0,3,,,,,,,,
,,,,,38831,3.0,3,,,,,,,,
,,,,,38836,5.0,5,,,,,,,,
,,,,,38842,6.0,6,,,,,,,,
,,,,,38859,17.0,17,,,,,,,,
,,,,,38864,5.0,5,,,,,,,,
,,,,,38869,5.0,5,,,,,,,,
,,,,,38874,5.0,5,,,,,,,,
,,,,,38877,3.0,3,,,,,,,,
,,,,,38882,5.0,5,,,,,,,,
,,,,,38885,3.0,3,,,,,,,,
,,,,,38893,8.0,8,,,,,,,,
,,,,,38898,5.0,5,,,,,,,,
,,,,,38901,3.0,3,,,,,,,,
,,,,,38911,10.0,10,,,,,,,,
,,,,,38918,7.0,7,,,,,,,,
,,,,,38924,6.0,6,,,,,,,,
,,,,,38927,3.0,3,,,,,,,,
,,,,,38931,4.0,4,,,,,,,,
,,,,,38942,11.0,11,,,,,,,,
,,,,,38948,6.0,6,,,,,,,,
,,,,,38965,17.0,17,,,,,,,,
,,,,,38968,3.0,3,,,,,,,,
,,,,,38980,12.0,12,,,,,,,,
,,,,,38989,9.0,9,,,,,,,,
,,,,,38992,3.0,3,,,,,,,,
,,,,,39000,,,19.554153442382812,-195.54153442382812,582.7603149414062,-64.85391998291016,-61.267356872558594,0.0003,0.0003,0.1
,,,,,39002,10.0,10,,,,,,,,
,,,,,39007,5.0,5,,,,,,,,
,,,,,39017,10.0,10,,,,,,,,
,,,,,39023,6.0,6,,,,,,,,
,,,,,39026,3.0,3,,,,,,,,
,,,,,39031,5.0,5,,,,,,,,
,,,,,39034,3.0,3,,,,,,,,
,,,,,39037,3.0,3,,,,,,,,
,,,,,39040,3.0,3,,,,,,,,
,,,,,39043,3.0,3,,,,,,,,
,,,,,39047,4.0,4,,,,,,,,
,,,,,39054,7.0,7,,,,,,,,
,,,,,39061,7.0,7,,,,,,,,
,,,,,39065,4.0,4,,,,,,,,
,,,,,39070,5.0,5,,,,,,,,
,,,,,39073,3.0,3,,,,,,,,
,,,,,39077,4.0,4,,,,,,,,
,,,,,39081,4.0,4,,,,,,,,
,,,,,39085,4.0,4,,,,,,,,
,,,,,39089,4.0,4,,,,,,,,
,,,,,39094,5.0,5,,,,,,,,
,,,,,39097,3.0,3,,,,,,,,
,,,,,39100,3.0,3,,,,,,,,
,,,,,39108,8.0,8,,,,,,,,
,,,,,39112,4.0,4,,,,,,,,
,,,,,39120,8.0,8,,,,,,,,
,,,,,39123,3.0,3,,,,,,,,
,,,,,39126,3.0,3,,,,,,,,
,,,,,39130,4.0,4,,,,,,,,
,,,,,39135,5.0,5,,,,,,,,
,,,,,39146,11.0,11,,,,,,,,
,,,,,39153,7.0,7,,,,,,,,
,,,,,39161,8.0,8,,,,,,,,
,,,,,39169,8.0,8,,,,,,,,
,,,,,39172,3.0,3,,,,,,,,
,,,,,39175,3.0,3,,,,,,,,
,,,,,39182,7.0,7,,,,,,,,
,,,,,39185,3.0,3,,,,,,,,
,,,,,39189,4.0,4,,,,,,,,
,,,,,39195,6.0,6,,,,,,,,
,,,,,39201,6.0,6,,,,,,,,
,,,,,39205,4.0,4,,,,,,,,
,,,,,39210,5.0,5,,,,,,,,
,,,,,39214,4.0,4,,,,,,,,
,,,,,39219,5.0,5,,,,,,,,
,,,,,39224,5.0,5,,,,,,,,
,,,,,39228,4.0,4,,,,,,,,
,,,,,39231,3.0,3,,,,,,,,
,,,,,39237,6.0,6,,,,,,,,
,,,,,39240,3.0,3,,,,,,,,
,,,,,39249,9.0,9,,,,,,,,
,,,,,39253,4.0,4,,,,,,,,
,,,,,39259,6.0,6,,,,,,,,
,,,,,39262,3.0,3,,,,,,,,
,,,,,39265,3.0,3,,,,,,,,
,,,,,39269,4.0,4,,,,,,,,
,,,,,39273,4.0,4,,,,,,,,
,,,,,39281,8.0,8,,,,,,,,
,,,,,39284,3.0,3,,,,,,,,
,,,,,39294,10.0,10,,,,,,,,
,,,,,39297,3.0,3,,,,,,,,
,,,,,39309,12.0,12,,,,,,,,
,,,,,39319,10.0,10,,,,,,,,
,,,,,39326,7.0,7,,,,,,,,
,,,,,39330,4.0,4,,,,,,,,
,,,,,39333,3.0,3,,,,,,,,
,,,,,39347,14.0,14,,,,,,,,
,,,,,39351,4.0,4,,,,,,,,
,,,,,39354,3.0,3,,,,,,,,
,,,,,39359,5.0,5,,,,,,,,
,,,,,39364,5.0,5,,,,,,,,
,,,,,39379,15.0,15,,,,,,,,
,,,,,39383,4.0,4,,,,,,,,
,,,,,39387,4.0,4,,,,,,,,
,,,,,39390,3.0,3,,,,,,,,
,,,,,39395,5.0,5,,,,,,,,
,,,,,39398,3.0,3,,,,,,,,
,,,,,39410,12.0,12,,,,,,,,
,,,,,39417,7.0,7,,,,,,,,
,,,,,39423,6.0,6,,,,,,,,
,,,,,39426,3.0,3,,,,,,,,
,,,,,39430,4.0,4,,,,,,,,
,,,,,39434,4.0,4,,,,,,,,
,,,,,39437,3.0,3,,,,,,,,
,,,,,39441,4.0,4,,,,,,,,
,,,,,39445,4.0,4,,,,,,,,
,,,,,39449,4.0,4,,,,,,,,
,,,,,39453,4.0,4,,,,,,,,
,,,,,39459,6.0,6,,,,,,,,
,,,,,39462,3.0,3,,,,,,,,
,,,,,39465,3.0,3,,,,,,,,
,,,,,39468,3.0,3,,,,,,,,
,,,,,39479,11.0,11,,,,,,,,
,,,,,39483,4.0,4,,,,,,,,
,,,,,39487,4.0,4,,,,,,,,
,,,,,39490,3.0,3,,,,,,,,
,,,,,39493,3.0,3,,,,,,,,
,,,,,39502,9.0,9,,,,,,,,
,,,,,39515,13.0,13,,,,,,,,
,,,,,39520,5.0,5,,,,,,,,
,,,,,39524,4.0,4,,,,,,,,
,,,,,39530,6.0,6,,,,,,,,
,,,,,39536,6.0,6,,,,,,,,
,,,,,39539,3.0,3,,,,,,,,
,,,,,39544,5.0,5,,,,,,,,
,,,,,39547,3.0,3,,,,,,,,
,,,,,39556,9.0,9,,,,,,,,
,,,,,39564,8.0,8,,,,,,,,
,,,,,39570,6.0,6,,,,,,,,
,,,,,39574,4.0,4,,,,,,,,
,,,,,39577,3.0,3,,,,,,,,
,,,,,39594,17.0,17,,,,,,,,
,,,,,39597,3.0,3,,,,,,,,
,,,,,39605,8.0,8,,,,,,,,
,,,,,39610,5.0,5,,,,,,,,
,,,,,39614,4.0,4,,,,,,,,
,,,,,39625,11.0,11,,,,,,,,
,,,,,39629,4.0,4,,,,,,,,
,,,,,39633,4.0,4,,,,,,,,
,,,,,39636,3.0,3,,,,,,,,
,,,,,39641,5.0,5,,,,,,,,
,,,,,39645,4.0,4,,,,,,,,
,,,,,39648,3.0,3,,,,,,,,
,,,,,39651,3.0,3,,,,,,,,
,,,,,39655,4.0,4,,,,,,,,
,,,,,39658,3.0,3,,,,,,,,
,,,,,39661,3.0,3,,,,,,,,
,,,,,39665,4.0,4,,,,,,,,
,,,,,39669,4.0,4,,,,,,,,
,,,,,39672,3.0,3,,,,,,,,
,,,,,39676,4.0,4,,,,,,,,
,,,,,39679,3.0,3,,,,,,,,
,,,,,39686,7.0,7,,,,,,,,
,,,,,39690,4.0,4,,,,,,,,
,,,,,39694,4.0,4,,,,,,,,
,,,,,39702,8.0,8,,,,,,,,
,,,,,39705,3.0,3,,,,,,,,
,,,,,39708,3.0,3,,,,,,,,
,,,,,39711,3.0,3,,,,,,,,
,,,,,39714,3.0,3,,,,,,,,
,,,,,39720,6.0,6,,,,,,,,
,,,,,39727,7.0,7,,,,,,,,
,,,,,39733,6.0,6,,,,,,,,
,,,,,39737,4.0,4,,,,,,,,
,,,,,39741,4.0,4,,,,,,,,
,,,,,39747,6.0,6,,,,,,,,
,,,,,39756,9.0,9,,,,,,,,
,,,,,39759,3.0,3,,,,,,,,
,,,,,39763,4.0,4,,,,,,,,
,,,,,39767,4.0,4,,,,,,,,
,,,,,39771,4.0,4,,,,,,,,
,,,,,39776,5.0,5,,,,,,,,
,,,,,39780,4.0,4,,,,,,,,
,,,,,39783,3.0,3,,,,,,,,
,,,,,39786,3.0,3,,,,,,,,
,,,,,39790,4.0,4,,,,,,,,
,,,,,39793,3.0,3,,,,,,,,
,,,,,39796,3.0,3,,,,,,,,
,,,,,39799,3.0,3,,,,,,,,
,,,,,39806,7.0,7,,,,,,,,
,,,,,39814,8.0,8,,,,,,,,
,,,,,39818,4.0,4,,,,,,,,
,,,,,39823,5.0,5,,,,,,,,
,,,,,39826,3.0,3,,,,,,,,
,,,,,39832,6.0,6,,,,,,,,
,,,,,39840,8.0,8,,,,,,,,
,,,,,39847,7.0,7,,,,,,,,
,,,,,39850,3.0,3,,,,,,,,
,,,,,39854,4.0,4,,,,,,,,
,,,,,39857,3.0,3,,,,,,,,
,,,,,39861,4.0,4,,,,,,,,
,,,,,39871,10.0,10,,,,,,,,
,,,,,39874,3.0,3,,,,,,,,
,,,,,39877,3.0,3,,,,,,,,
,,,,,39881,4.0,4,,,,,,,,
,,,,,39885,4.0,4,,,,,,,,
,,,,,39888,3.0,3,,,,,,,,
,,,,,39895,7.0,7,,,,,,,,
,,,,,39899,4.0,4,,,,,,,,
,,,,,39902,3.0,3,,,,,,,,
,,,,,39909,7.0,7,,,,,,,,
,,,,,39912,3.0,3,,,,,,,,
,,,,,39922,10.0,10,,,,,,,,
,,,,,39925,3.0,3,,,,,,,,
,,,,,39931,6.0,6,,,,,,,,
,,,,,39934,3.0,3,,,,,,,,
,,,,,39940,6.0,6,,,,,,,,
,,,,,39943,3.0,3,,,,,,,,
,,,,,39946,3.0,3,,,,,,,,
,,,,,39949,3.0,3,,,,,,,,
,,,,,39952,3.0,3,,,,,,,,
,,,,,39961,9.0,9,,,,,,,,
,,,,,39965,4.0,4,,,,,,,,
,,,,,39969,4.0,4,,,,,,,,
,,,,,39972,3.0,3,,,,,,,,
,,,,,39981,9.0,9,,,,,,,,
,,,,,39985,4.0,4,,,,,,,,
,,,,,39988,3.0,3,,,,,,,,
,,,,,39994,6.0,6,,,,,,,,
,,,,,39999,5.0,5,,,,,,,,
4.2,1.4696938,7.0,3.0,4.2,40000,,,14.61698055267334,-146.1697998046875,414.71002197265625,-51.485687255859375,-52.21290969848633,0.0003,0.0003,0.1
,,,,,40003,4.0,4,,,,,,,,
,,,,,40007,4.0,4,,,,,,,,
,,,,,40011,4.0,4,,,,,,,,
,,,,,40018,7.0,7,,,,,,,,
,,,,,40021,3.0,3,,,,,,,,
,,,,,40029,8.0,8,,,,,,,,
,,,,,40032,3.0,3,,,,,,,,
,,,,,40041,9.0,9,,,,,,,,
,,,,,40044,3.0,3,,,,,,,,
,,,,,40048,4.0,4,,,,,,,,
,,,,,40053,5.0,5,,,,,,,,
,,,,,40056,3.0,3,,,,,,,,
,,,,,40059,3.0,3,,,,,,,,
,,,,,40062,3.0,3,,,,,,,,
,,,,,40067,5.0,5,,,,,,,,
,,,,,40072,5.0,5,,,,,,,,
,,,,,40078,6.0,6,,,,,,,,
,,,,,40086,8.0,8,,,,,,,,
,,,,,40095,9.0,9,,,,,,,,
,,,,,40101,6.0,6,,,,,,,,
,,,,,40119,18.0,18,,,,,,,,
,,,,,40122,3.0,3,,,,,,,,
,,,,,40127,5.0,5,,,,,,,,
,,,,,40131,4.0,4,,,,,,,,
,,,,,40135,4.0,4,,,,,,,,
,,,,,40138,3.0,3,,,,,,,,
,,,,,40141,3.0,3,,,,,,,,
,,,,,40147,6.0,6,,,,,,,,
,,,,,40155,8.0,8,,,,,,,,
,,,,,40158,3.0,3,,,,,,,,
,,,,,40164,6.0,6,,,,,,,,
,,,,,40170,6.0,6,,,,,,,,
,,,,,40173,3.0,3,,,,,,,,
,,,,,40180,7.0,7,,,,,,,,
,,,,,40185,5.0,5,,,,,,,,
,,,,,40188,3.0,3,,,,,,,,
,,,,,40194,6.0,6,,,,,,,,
,,,,,40201,7.0,7,,,,,,,,
,,,,,40205,4.0,4,,,,,,,,
,,,,,40213,8.0,8,,,,,,,,
,,,,,40220,7.0,7,,,,,,,,
,,,,,40223,3.0,3,,,,,,,,
,,,,,40229,6.0,6,,,,,,,,
,,,,,40248,19.0,19,,,,,,,,
,,,,,40251,3.0,3,,,,,,,,
,,,,,40255,4.0,4,,,,,,,,
,,,,,40258,3.0,3,,,,,,,,
,,,,,40262,4.0,4,,,,,,,,
,,,,,40265,3.0,3,,,,,,,,
,,,,,40271,6.0,6,,,,,,,,
,,,,,40274,3.0,3,,,,,,,,
,,,,,40278,4.0,4,,,,,,,,
,,,,,40281,3.0,3,,,,,,,,
,,,,,40284,3.0,3,,,,,,,,
,,,,,40287,3.0,3,,,,,,,,
,,,,,40295,8.0,8,,,,,,,,
,,,,,40303,8.0,8,,,,,,,,
,,,,,40306,3.0,3,,,,,,,,
,,,,,40309,3.0,3,,,,,,,,
,,,,,40315,6.0,6,,,,,,,,
,,,,,40322,7.0,7,,,,,,,,
,,,,,40325,3.0,3,,,,,,,,
,,,,,40329,4.0,4,,,,,,,,
,,,,,40332,3.0,3,,,,,,,,
,,,,,40336,4.0,4,,,,,,,,
,,,,,40342,6.0,6,,,,,,,,
,,,,,40353,11.0,11,,,,,,,,
,,,,,40357,4.0,4,,,,,,,,
,,,,,40360,3.0,3,,,,,,,,
,,,,,40363,3.0,3,,,,,,,,
,,,,,40371,8.0,8,,,,,,,,
,,,,,40375,4.0,4,,,,,,,,
,,,,,40378,3.0,3,,,,,,,,
,,,,,40381,3.0,3,,,,,,,,
,,,,,40385,4.0,4,,,,,,,,
,,,,,40391,6.0,6,,,,,,,,
,,,,,40394,3.0,3,,,,,,,,
,,,,,40397,3.0,3,,,,,,,,
,,,,,40402,5.0,5,,,,,,,,
,,,,,40405,3.0,3,,,,,,,,
,,,,,40408,3.0,3,,,,,,,,
,,,,,40411,3.0,3,,,,,,,,
,,,,,40415,4.0,4,,,,,,,,
,,,,,40418,3.0,3,,,,,,,,
,,,,,40421,3.0,3,,,,,,,,
,,,,,40425,4.0,4,,,,,,,,
,,,,,40431,6.0,6,,,,,,,,
,,,,,40440,9.0,9,,,,,,,,
,,,,,40446,6.0,6,,,,,,,,
,,,,,40449,3.0,3,,,,,,,,
,,,,,40454,5.0,5,,,,,,,,
,,,,,40457,3.0,3,,,,,,,,
,,,,,40466,9.0,9,,,,,,,,
,,,,,40469,3.0,3,,,,,,,,
,,,,,40472,3.0,3,,,,,,,,
,,,,,40477,5.0,5,,,,,,,,
,,,,,40480,3.0,3,,,,,,,,
,,,,,40483,3.0,3,,,,,,,,
,,,,,40489,6.0,6,,,,,,,,
,,,,,40492,3.0,3,,,,,,,,
,,,,,40502,10.0,10,,,,,,,,
,,,,,40506,4.0,4,,,,,,,,
,,,,,40512,6.0,6,,,,,,,,
,,,,,40515,3.0,3,,,,,,,,
,,,,,40518,3.0,3,,,,,,,,
,,,,,40524,6.0,6,,,,,,,,
,,,,,40527,3.0,3,,,,,,,,
,,,,,40533,6.0,6,,,,,,,,
,,,,,40536,3.0,3,,,,,,,,
,,,,,40541,5.0,5,,,,,,,,
,,,,,40545,4.0,4,,,,,,,,
,,,,,40548,3.0,3,,,,,,,,
,,,,,40551,3.0,3,,,,,,,,
,,,,,40554,3.0,3,,,,,,,,
,,,,,40559,5.0,5,,,,,,,,
,,,,,40562,3.0,3,,,,,,,,
,,,,,40565,3.0,3,,,,,,,,
,,,,,40568,3.0,3,,,,,,,,
,,,,,40571,3.0,3,,,,,,,,
,,,,,40577,6.0,6,,,,,,,,
,,,,,40584,7.0,7,,,,,,,,
,,,,,40587,3.0,3,,,,,,,,
,,,,,40590,3.0,3,,,,,,,,
,,,,,40593,3.0,3,,,,,,,,
,,,,,40597,4.0,4,,,,,,,,
,,,,,40600,3.0,3,,,,,,,,
,,,,,40603,3.0,3,,,,,,,,
,,,,,40615,12.0,12,,,,,,,,
,,,,,40620,5.0,5,,,,,,,,
,,,,,40623,3.0,3,,,,,,,,
,,,,,40626,3.0,3,,,,,,,,
,,,,,40629,3.0,3,,,,,,,,
,,,,,40632,3.0,3,,,,,,,,
,,,,,40636,4.0,4,,,,,,,,
,,,,,40645,9.0,9,,,,,,,,
,,,,,40654,9.0,9,,,,,,,,
,,,,,40666,12.0,12,,,,,,,,
,,,,,40669,3.0,3,,,,,,,,
,,,,,40672,3.0,3,,,,,,,,
,,,,,40675,3.0,3,,,,,,,,
,,,,,40678,3.0,3,,,,,,,,
,,,,,40685,7.0,7,,,,,,,,
,,,,,40689,4.0,4,,,,,,,,
,,,,,40695,6.0,6,,,,,,,,
,,,,,40698,3.0,3,,,,,,,,
,,,,,40703,5.0,5,,,,,,,,
,,,,,40706,3.0,3,,,,,,,,
,,,,,40710,4.0,4,,,,,,,,
,,,,,40713,3.0,3,,,,,,,,
,,,,,40716,3.0,3,,,,,,,,
,,,,,40720,4.0,4,,,,,,,,
,,,,,40737,17.0,17,,,,,,,,
,,,,,40741,4.0,4,,,,,,,,
,,,,,40745,4.0,4,,,,,,,,
,,,,,40748,3.0,3,,,,,,,,
,,,,,40751,3.0,3,,,,,,,,
,,,,,40754,3.0,3,,,,,,,,
,,,,,40758,4.0,4,,,,,,,,
,,,,,40763,5.0,5,,,,,,,,
,,,,,40766,3.0,3,,,,,,,,
,,,,,40769,3.0,3,,,,,,,,
,,,,,40775,6.0,6,,,,,,,,
,,,,,40778,3.0,3,,,,,,,,
,,,,,40783,5.0,5,,,,,,,,
,,,,,40786,3.0,3,,,,,,,,
,,,,,40793,7.0,7,,,,,,,,
,,,,,40799,6.0,6,,,,,,,,
,,,,,40802,3.0,3,,,,,,,,
,,,,,40805,3.0,3,,,,,,,,
,,,,,40813,8.0,8,,,,,,,,
,,,,,40816,3.0,3,,,,,,,,
,,,,,40819,3.0,3,,,,,,,,
,,,,,40824,5.0,5,,,,,,,,
,,,,,40827,3.0,3,,,,,,,,
,,,,,40833,6.0,6,,,,,,,,
,,,,,40836,3.0,3,,,,,,,,
,,,,,40840,4.0,4,,,,,,,,
,,,,,40844,4.0,4,,,,,,,,
,,,,,40847,3.0,3,,,,,,,,
,,,,,40850,3.0,3,,,,,,,,
,,,,,40858,8.0,8,,,,,,,,
,,,,,40861,3.0,3,,,,,,,,
,,,,,40864,3.0,3,,,,,,,,
,,,,,40871,7.0,7,,,,,,,,
,,,,,40876,5.0,5,,,,,,,,
,,,,,40879,3.0,3,,,,,,,,
,,,,,40882,3.0,3,,,,,,,,
,,,,,40888,6.0,6,,,,,,,,
,,,,,40891,3.0,3,,,,,,,,
,,,,,40894,3.0,3,,,,,,,,
,,,,,40897,3.0,3,,,,,,,,
,,,,,40901,4.0,4,,,,,,,,
,,,,,40910,9.0,9,,,,,,,,
,,,,,40913,3.0,3,,,,,,,,
,,,,,40921,8.0,8,,,,,,,,
,,,,,40924,3.0,3,,,,,,,,
,,,,,40929,5.0,5,,,,,,,,
,,,,,40936,7.0,7,,,,,,,,
,,,,,40939,3.0,3,,,,,,,,
,,,,,40943,4.0,4,,,,,,,,
,,,,,40947,4.0,4,,,,,,,,
,,,,,40953,6.0,6,,,,,,,,
,,,,,40956,3.0,3,,,,,,,,
,,,,,40960,4.0,4,,,,,,,,
,,,,,40964,4.0,4,,,,,,,,
,,,,,40970,6.0,6,,,,,,,,
,,,,,40984,14.0,14,,,,,,,,
,,,,,40987,3.0,3,,,,,,,,
,,,,,40991,4.0,4,,,,,,,,
,,,,,40994,3.0,3,,,,,,,,
,,,,,41000,6.0,6,,,,,,,,
,,,,,41000,,,17.244626998901367,-172.44625854492188,584.5673217773438,-61.5536003112793,-65.9937973022461,0.0003,0.0003,0.1
,,,,,41003,3.0,3,,,,,,,,
,,,,,41007,4.0,4,,,,,,,,
,,,,,41010,3.0,3,,,,,,,,
,,,,,41023,13.0,13,,,,,,,,
,,,,,41027,4.0,4,,,,,,,,
,,,,,41030,3.0,3,,,,,,,,
,,,,,41034,4.0,4,,,,,,,,
,,,,,41037,3.0,3,,,,,,,,
,,,,,41045,8.0,8,,,,,,,,
,,,,,41051,6.0,6,,,,,,,,
,,,,,41054,3.0,3,,,,,,,,
,,,,,41057,3.0,3,,,,,,,,
,,,,,41062,5.0,5,,,,,,,,
,,,,,41065,3.0,3,,,,,,,,
,,,,,41068,3.0,3,,,,,,,,
,,,,,41072,4.0,4,,,,,,,,
,,,,,41075,3.0,3,,,,,,,,
,,,,,41078,3.0,3,,,,,,,,
,,,,,41081,3.0,3,,,,,,,,
,,,,,41084,3.0,3,,,,,,,,
,,,,,41087,3.0,3,,,,,,,,
,,,,,41090,3.0,3,,,,,,,,
,,,,,41093,3.0,3,,,,,,,,
,,,,,41096,3.0,3,,,,,,,,
,,,,,41100,4.0,4,,,,,,,,
,,,,,41107,7.0,7,,,,,,,,
,,,,,41110,3.0,3,,,,,,,,
,,,,,41115,5.0,5,,,,,,,,
,,,,,41118,3.0,3,,,,,,,,
,,,,,41124,6.0,6,,,,,,,,
,,,,,41128,4.0,4,,,,,,,,
,,,,,41131,3.0,3,,,,,,,,
,,,,,41135,4.0,4,,,,,,,,
,,,,,41139,4.0,4,,,,,,,,
,,,,,41145,6.0,6,,,,,,,,
,,,,,41150,5.0,5,,,,,,,,
,,,,,41159,9.0,9,,,,,,,,
,,,,,41162,3.0,3,,,,,,,,
,,,,,41165,3.0,3,,,,,,,,
,,,,,41168,3.0,3,,,,,,,,
,,,,,41171,3.0,3,,,,,,,,
,,,,,41175,4.0,4,,,,,,,,
,,,,,41179,4.0,4,,,,,,,,
,,,,,41182,3.0,3,,,,,,,,
,,,,,41186,4.0,4,,,,,,,,
,,,,,41189,3.0,3,,,,,,,,
,,,,,41192,3.0,3,,,,,,,,
,,,,,41195,3.0,3,,,,,,,,
,,,,,41205,10.0,10,,,,,,,,
,,,,,41215,10.0,10,,,,,,,,
,,,,,41218,3.0,3,,,,,,,,
,,,,,41221,3.0,3,,,,,,,,
,,,,,41226,5.0,5,,,,,,,,
,,,,,41229,3.0,3,,,,,,,,
,,,,,41232,3.0,3,,,,,,,,
,,,,,41235,3.0,3,,,,,,,,
,,,,,41242,7.0,7,,,,,,,,
,,,,,41252,10.0,10,,,,,,,,
,,,,,41255,3.0,3,,,,,,,,
,,,,,41259,4.0,4,,,,,,,,
,,,,,41262,3.0,3,,,,,,,,
,,,,,41268,6.0,6,,,,,,,,
,,,,,41271,3.0,3,,,,,,,,
,,,,,41276,5.0,5,,,,,,,,
,,,,,41281,5.0,5,,,,,,,,
,,,,,41291,10.0,10,,,,,,,,
,,,,,41294,3.0,3,,,,,,,,
,,,,,41298,4.0,4,,,,,,,,
,,,,,41303,5.0,5,,,,,,,,
,,,,,41309,6.0,6,,,,,,,,
,,,,,41312,3.0,3,,,,,,,,
,,,,,41315,3.0,3,,,,,,,,
,,,,,41318,3.0,3,,,,,,,,
,,,,,41324,6.0,6,,,,,,,,
,,,,,41328,4.0,4,,,,,,,,
,,,,,41332,4.0,4,,,,,,,,
,,,,,41336,4.0,4,,,,,,,,
,,,,,41340,4.0,4,,,,,,,,
,,,,,41344,4.0,4,,,,,,,,
,,,,,41353,9.0,9,,,,,,,,
,,,,,41356,3.0,3,,,,,,,,
,,,,,41362,6.0,6,,,,,,,,
,,,,,41365,3.0,3,,,,,,,,
,,,,,41368,3.0,3,,,,,,,,
,,,,,41379,11.0,11,,,,,,,,
,,,,,41382,3.0,3,,,,,,,,
,,,,,41386,4.0,4,,,,,,,,
,,,,,41389,3.0,3,,,,,,,,
,,,,,41395,6.0,6,,,,,,,,
,,,,,41399,4.0,4,,,,,,,,
,,,,,41402,3.0,3,,,,,,,,
,,,,,41406,4.0,4,,,,,,,,
,,,,,41409,3.0,3,,,,,,,,
,,,,,41419,10.0,10,,,,,,,,
,,,,,41422,3.0,3,,,,,,,,
,,,,,41425,3.0,3,,,,,,,,
,,,,,41428,3.0,3,,,,,,,,
,,,,,41433,5.0,5,,,,,,,,
,,,,,41436,3.0,3,,,,,,,,
,,,,,41440,4.0,4,,,,,,,,
,,,,,41444,4.0,4,,,,,,,,
,,,,,41448,4.0,4,,,,,,,,
,,,,,41451,3.0,3,,,,,,,,
,,,,,41454,3.0,3,,,,,,,,
,,,,,41463,9.0,9,,,,,,,,
,,,,,41469,6.0,6,,,,,,,,
,,,,,41475,6.0,6,,,,,,,,
,,,,,41478,3.0,3,,,,,,,,
,,,,,41481,3.0,3,,,,,,,,
,,,,,41484,3.0,3,,,,,,,,
,,,,,41490,6.0,6,,,,,,,,
,,,,,41496,6.0,6,,,,,,,,
,,,,,41502,6.0,6,,,,,,,,
,,,,,41505,3.0,3,,,,,,,,
,,,,,41508,3.0,3,,,,,,,,
,,,,,41511,3.0,3,,,,,,,,
,,,,,41515,4.0,4,,,,,,,,
,,,,,41520,5.0,5,,,,,,,,
,,,,,41523,3.0,3,,,,,,,,
,,,,,41528,5.0,5,,,,,,,,
,,,,,41531,3.0,3,,,,,,,,
,,,,,41539,8.0,8,,,,,,,,
,,,,,41543,4.0,4,,,,,,,,
,,,,,41546,3.0,3,,,,,,,,
,,,,,41549,3.0,3,,,,,,,,
,,,,,41552,3.0,3,,,,,,,,
,,,,,41558,6.0,6,,,,,,,,
,,,,,41563,5.0,5,,,,,,,,
,,,,,41566,3.0,3,,,,,,,,
,,,,,41569,3.0,3,,,,,,,,
,,,,,41572,3.0,3,,,,,,,,
,,,,,41575,3.0,3,,,,,,,,
,,,,,41578,3.0,3,,,,,,,,
,,,,,41581,3.0,3,,,,,,,,
,,,,,41584,3.0,3,,,,,,,,
,,,,,41588,4.0,4,,,,,,,,
,,,,,41594,6.0,6,,,,,,,,
,,,,,41597,3.0,3,,,,,,,,
,,,,,41601,4.0,4,,,,,,,,
,,,,,41606,5.0,5,,,,,,,,
,,,,,41609,3.0,3,,,,,,,,
,,,,,41612,3.0,3,,,,,,,,
,,,,,41620,8.0,8,,,,,,,,
,,,,,41623,3.0,3,,,,,,,,
,,,,,41626,3.0,3,,,,,,,,
,,,,,41630,4.0,4,,,,,,,,
,,,,,41633,3.0,3,,,,,,,,
,,,,,41636,3.0,3,,,,,,,,
,,,,,41639,3.0,3,,,,,,,,
,,,,,41642,3.0,3,,,,,,,,
,,,,,41645,3.0,3,,,,,,,,
,,,,,41648,3.0,3,,,,,,,,
,,,,,41652,4.0,4,,,,,,,,
,,,,,41655,3.0,3,,,,,,,,
,,,,,41661,6.0,6,,,,,,,,
,,,,,41670,9.0,9,,,,,,,,
,,,,,41674,4.0,4,,,,,,,,
,,,,,41677,3.0,3,,,,,,,,
,,,,,41681,4.0,4,,,,,,,,
,,,,,41684,3.0,3,,,,,,,,
,,,,,41688,4.0,4,,,,,,,,
,,,,,41693,5.0,5,,,,,,,,
,,,,,41696,3.0,3,,,,,,,,
,,,,,41699,3.0,3,,,,,,,,
,,,,,41705,6.0,6,,,,,,,,
,,,,,41711,6.0,6,,,,,,,,
,,,,,41714,3.0,3,,,,,,,,
,,,,,41717,3.0,3,,,,,,,,
,,,,,41720,3.0,3,,,,,,,,
,,,,,41723,3.0,3,,,,,,,,
,,,,,41726,3.0,3,,,,,,,,
,,,,,41735,9.0,9,,,,,,,,
,,,,,41738,3.0,3,,,,,,,,
,,,,,41744,6.0,6,,,,,,,,
,,,,,41748,4.0,4,,,,,,,,
,,,,,41755,7.0,7,,,,,,,,
,,,,,41758,3.0,3,,,,,,,,
,,,,,41761,3.0,3,,,,,,,,
,,,,,41767,6.0,6,,,,,,,,
,,,,,41770,3.0,3,,,,,,,,
,,,,,41777,7.0,7,,,,,,,,
,,,,,41782,5.0,5,,,,,,,,
,,,,,41785,3.0,3,,,,,,,,
,,,,,41788,3.0,3,,,,,,,,
,,,,,41791,3.0,3,,,,,,,,
,,,,,41796,5.0,5,,,,,,,,
,,,,,41799,3.0,3,,,,,,,,
,,,,,41805,6.0,6,,,,,,,,
,,,,,41809,4.0,4,,,,,,,,
,,,,,41812,3.0,3,,,,,,,,
,,,,,41818,6.0,6,,,,,,,,
,,,,,41822,4.0,4,,,,,,,,
,,,,,41825,3.0,3,,,,,,,,
,,,,,41830,5.0,5,,,,,,,,
,,,,,41833,3.0,3,,,,,,,,
,,,,,41838,5.0,5,,,,,,,,
,,,,,41843,5.0,5,,,,,,,,
,,,,,41849,6.0,6,,,,,,,,
,,,,,41852,3.0,3,,,,,,,,
,,,,,41857,5.0,5,,,,,,,,
,,,,,41864,7.0,7,,,,,,,,
,,,,,41867,3.0,3,,,,,,,,
,,,,,41870,3.0,3,,,,,,,,
,,,,,41874,4.0,4,,,,,,,,
,,,,,41877,3.0,3,,,,,,,,
,,,,,41882,5.0,5,,,,,,,,
,,,,,41885,3.0,3,,,,,,,,
,,,,,41888,3.0,3,,,,,,,,
,,,,,41891,3.0,3,,,,,,,,
,,,,,41896,5.0,5,,,,,,,,
,,,,,41899,3.0,3,,,,,,,,
,,,,,41902,3.0,3,,,,,,,,
,,,,,41905,3.0,3,,,,,,,,
,,,,,41908,3.0,3,,,,,,,,
,,,,,41911,3.0,3,,,,,,,,
,,,,,41914,3.0,3,,,,,,,,
,,,,,41917,3.0,3,,,,,,,,
,,,,,41925,8.0,8,,,,,,,,
,,,,,41932,7.0,7,,,,,,,,
,,,,,41935,3.0,3,,,,,,,,
,,,,,41938,3.0,3,,,,,,,,
,,,,,41941,3.0,3,,,,,,,,
,,,,,41945,4.0,4,,,,,,,,
,,,,,41951,6.0,6,,,,,,,,
,,,,,41954,3.0,3,,,,,,,,
,,,,,41957,3.0,3,,,,,,,,
,,,,,41962,5.0,5,,,,,,,,
,,,,,41965,3.0,3,,,,,,,,
,,,,,41969,4.0,4,,,,,,,,
,,,,,41972,3.0,3,,,,,,,,
,,,,,41975,3.0,3,,,,,,,,
,,,,,41980,5.0,5,,,,,,,,
,,,,,41983,3.0,3,,,,,,,,
,,,,,41989,6.0,6,,,,,,,,
,,,,,41992,3.0,3,,,,,,,,
,,,,,41996,4.0,4,,,,,,,,
,,,,,41999,3.0,3,,,,,,,,
,,,,,42000,,,32.68146896362305,-326.8146667480469,690.6494750976562,-67.29740905761719,-78.02818298339844,0.0003,0.0003,0.1
,,,,,42002,3.0,3,,,,,,,,
,,,,,42006,4.0,4,,,,,,,,
,,,,,42010,4.0,4,,,,,,,,
,,,,,42013,3.0,3,,,,,,,,
,,,,,42016,3.0,3,,,,,,,,
,,,,,42023,7.0,7,,,,,,,,
,,,,,42026,3.0,3,,,,,,,,
,,,,,42029,3.0,3,,,,,,,,
,,,,,42034,5.0,5,,,,,,,,
,,,,,42037,3.0,3,,,,,,,,
,,,,,42043,6.0,6,,,,,,,,
,,,,,42047,4.0,4,,,,,,,,
,,,,,42057,10.0,10,,,,,,,,
,,,,,42061,4.0,4,,,,,,,,
,,,,,42064,3.0,3,,,,,,,,
,,,,,42068,4.0,4,,,,,,,,
,,,,,42071,3.0,3,,,,,,,,
,,,,,42074,3.0,3,,,,,,,,
,,,,,42089,15.0,15,,,,,,,,
,,,,,42094,5.0,5,,,,,,,,
,,,,,42097,3.0,3,,,,,,,,
,,,,,42101,4.0,4,,,,,,,,
,,,,,42104,3.0,3,,,,,,,,
,,,,,42107,3.0,3,,,,,,,,
,,,,,42110,3.0,3,,,,,,,,
,,,,,42114,4.0,4,,,,,,,,
,,,,,42118,4.0,4,,,,,,,,
,,,,,42124,6.0,6,,,,,,,,
,,,,,42127,3.0,3,,,,,,,,
,,,,,42130,3.0,3,,,,,,,,
,,,,,42134,4.0,4,,,,,,,,
,,,,,42137,3.0,3,,,,,,,,
,,,,,42140,3.0,3,,,,,,,,
,,,,,42143,3.0,3,,,,,,,,
,,,,,42146,3.0,3,,,,,,,,
,,,,,42150,4.0,4,,,,,,,,
,,,,,42153,3.0,3,,,,,,,,
,,,,,42158,5.0,5,,,,,,,,
,,,,,42163,5.0,5,,,,,,,,
,,,,,42166,3.0,3,,,,,,,,
,,,,,42169,3.0,3,,,,,,,,
,,,,,42175,6.0,6,,,,,,,,
,,,,,42178,3.0,3,,,,,,,,
,,,,,42181,3.0,3,,,,,,,,
,,,,,42186,5.0,5,,,,,,,,
,,,,,42191,5.0,5,,,,,,,,
,,,,,42194,3.0,3,,,,,,,,
,,,,,42197,3.0,3,,,,,,,,
,,,,,42200,3.0,3,,,,,,,,
,,,,,42203,3.0,3,,,,,,,,
,,,,,42207,4.0,4,,,,,,,,
,,,,,42210,3.0,3,,,,,,,,
,,,,,42213,3.0,3,,,,,,,,
,,,,,42216,3.0,3,,,,,,,,
,,,,,42219,3.0,3,,,,,,,,
,,,,,42224,5.0,5,,,,,,,,
,,,,,42227,3.0,3,,,,,,,,
,,,,,42233,6.0,6,,,,,,,,
,,,,,42236,3.0,3,,,,,,,,
,,,,,42239,3.0,3,,,,,,,,
,,,,,42242,3.0,3,,,,,,,,
,,,,,42245,3.0,3,,,,,,,,
,,,,,42249,4.0,4,,,,,,,,
,,,,,42252,3.0,3,,,,,,,,
,,,,,42255,3.0,3,,,,,,,,
,,,,,42260,5.0,5,,,,,,,,
,,,,,42263,3.0,3,,,,,,,,
,,,,,42272,9.0,9,,,,,,,,
,,,,,42275,3.0,3,,,,,,,,
,,,,,42280,5.0,5,,,,,,,,
,,,,,42288,8.0,8,,,,,,,,
,,,,,42291,3.0,3,,,,,,,,
,,,,,42294,3.0,3,,,,,,,,
,,,,,42300,6.0,6,,,,,,,,
,,,,,42303,3.0,3,,,,,,,,
,,,,,42306,3.0,3,,,,,,,,
,,,,,42313,7.0,7,,,,,,,,
,,,,,42316,3.0,3,,,,,,,,
,,,,,42319,3.0,3,,,,,,,,
,,,,,42322,3.0,3,,,,,,,,
,,,,,42325,3.0,3,,,,,,,,
,,,,,42330,5.0,5,,,,,,,,
,,,,,42335,5.0,5,,,,,,,,
,,,,,42339,4.0,4,,,,,,,,
,,,,,42342,3.0,3,,,,,,,,
,,,,,42346,4.0,4,,,,,,,,
,,,,,42350,4.0,4,,,,,,,,
,,,,,42357,7.0,7,,,,,,,,
,,,,,42360,3.0,3,,,,,,,,
,,,,,42363,3.0,3,,,,,,,,
,,,,,42366,3.0,3,,,,,,,,
,,,,,42369,3.0,3,,,,,,,,
,,,,,42372,3.0,3,,,,,,,,
,,,,,42377,5.0,5,,,,,,,,
,,,,,42380,3.0,3,,,,,,,,
,,,,,42383,3.0,3,,,,,,,,
,,,,,42387,4.0,4,,,,,,,,
,,,,,42390,3.0,3,,,,,,,,
,,,,,42393,3.0,3,,,,,,,,
,,,,,42396,3.0,3,,,,,,,,
,,,,,42399,3.0,3,,,,,,,,
,,,,,42410,11.0,11,,,,,,,,
,,,,,42414,4.0,4,,,,,,,,
,,,,,42419,5.0,5,,,,,,,,
,,,,,42422,3.0,3,,,,,,,,
,,,,,42425,3.0,3,,,,,,,,
,,,,,42430,5.0,5,,,,,,,,
,,,,,42433,3.0,3,,,,,,,,
,,,,,42436,3.0,3,,,,,,,,
,,,,,42440,4.0,4,,,,,,,,
,,,,,42444,4.0,4,,,,,,,,
,,,,,42447,3.0,3,,,,,,,,
,,,,,42450,3.0,3,,,,,,,,
,,,,,42455,5.0,5,,,,,,,,
,,,,,42458,3.0,3,,,,,,,,
,,,,,42465,7.0,7,,,,,,,,
,,,,,42468,3.0,3,,,,,,,,
,,,,,42471,3.0,3,,,,,,,,
,,,,,42474,3.0,3,,,,,,,,
,,,,,42477,3.0,3,,,,,,,,
,,,,,42480,3.0,3,,,,,,,,
,,,,,42483,3.0,3,,,,,,,,
,,,,,42486,3.0,3,,,,,,,,
,,,,,42489,3.0,3,,,,,,,,
,,,,,42492,3.0,3,,,,,,,,
,,,,,42496,4.0,4,,,,,,,,
,,,,,42499,3.0,3,,,,,,,,
,,,,,42502,3.0,3,,,,,,,,
,,,,,42511,9.0,9,,,,,,,,
,,,,,42514,3.0,3,,,,,,,,
,,,,,42517,3.0,3,,,,,,,,
,,,,,42521,4.0,4,,,,,,,,
,,,,,42524,3.0,3,,,,,,,,
,,,,,42527,3.0,3,,,,,,,,
,,,,,42530,3.0,3,,,,,,,,
,,,,,42533,3.0,3,,,,,,,,
,,,,,42537,4.0,4,,,,,,,,
,,,,,42540,3.0,3,,,,,,,,
,,,,,42545,5.0,5,,,,,,,,
,,,,,42548,3.0,3,,,,,,,,
,,,,,42555,7.0,7,,,,,,,,
,,,,,42558,3.0,3,,,,,,,,
,,,,,42561,3.0,3,,,,,,,,
,,,,,42566,5.0,5,,,,,,,,
,,,,,42572,6.0,6,,,,,,,,
,,,,,42578,6.0,6,,,,,,,,
,,,,,42583,5.0,5,,,,,,,,
,,,,,42586,3.0,3,,,,,,,,
,,,,,42593,7.0,7,,,,,,,,
,,,,,42596,3.0,3,,,,,,,,
,,,,,42599,3.0,3,,,,,,,,
,,,,,42603,4.0,4,,,,,,,,
,,,,,42614,11.0,11,,,,,,,,
,,,,,42617,3.0,3,,,,,,,,
,,,,,42620,3.0,3,,,,,,,,
,,,,,42623,3.0,3,,,,,,,,
,,,,,42626,3.0,3,,,,,,,,
,,,,,42629,3.0,3,,,,,,,,
,,,,,42632,3.0,3,,,,,,,,
,,,,,42635,3.0,3,,,,,,,,
,,,,,42639,4.0,4,,,,,,,,
,,,,,42642,3.0,3,,,,,,,,
,,,,,42649,7.0,7,,,,,,,,
,,,,,42655,6.0,6,,,,,,,,
,,,,,42658,3.0,3,,,,,,,,
,,,,,42663,5.0,5,,,,,,,,
,,,,,42671,8.0,8,,,,,,,,
,,,,,42674,3.0,3,,,,,,,,
,,,,,42678,4.0,4,,,,,,,,
,,,,,42681,3.0,3,,,,,,,,
,,,,,42684,3.0,3,,,,,,,,
,,,,,42687,3.0,3,,,,,,,,
,,,,,42690,3.0,3,,,,,,,,
,,,,,42693,3.0,3,,,,,,,,
,,,,,42696,3.0,3,,,,,,,,
,,,,,42699,3.0,3,,,,,,,,
,,,,,42702,3.0,3,,,,,,,,
,,,,,42708,6.0,6,,,,,,,,
,,,,,42711,3.0,3,,,,,,,,
,,,,,42714,3.0,3,,,,,,,,
,,,,,42717,3.0,3,,,,,,,,
,,,,,42720,3.0,3,,,,,,,,
,,,,,42725,5.0,5,,,,,,,,
,,,,,42728,3.0,3,,,,,,,,
,,,,,42732,4.0,4,,,,,,,,
,,,,,42737,5.0,5,,,,,,,,
,,,,,42741,4.0,4,,,,,,,,
,,,,,42744,3.0,3,,,,,,,,
,,,,,42747,3.0,3,,,,,,,,
,,,,,42750,3.0,3,,,,,,,,
,,,,,42760,10.0,10,,,,,,,,
,,,,,42763,3.0,3,,,,,,,,
,,,,,42766,3.0,3,,,,,,,,
,,,,,42772,6.0,6,,,,,,,,
,,,,,42775,3.0,3,,,,,,,,
,,,,,42788,13.0,13,,,,,,,,
,,,,,42791,3.0,3,,,,,,,,
,,,,,42797,6.0,6,,,,,,,,
,,,,,42800,3.0,3,,,,,,,,
,,,,,42805,5.0,5,,,,,,,,
,,,,,42808,3.0,3,,,,,,,,
,,,,,42811,3.0,3,,,,,,,,
,,,,,42816,5.0,5,,,,,,,,
,,,,,42822,6.0,6,,,,,,,,
,,,,,42827,5.0,5,,,,,,,,
,,,,,42832,5.0,5,,,,,,,,
,,,,,42836,4.0,4,,,,,,,,
,,,,,42841,5.0,5,,,,,,,,
,,,,,42844,3.0,3,,,,,,,,
,,,,,42847,3.0,3,,,,,,,,
,,,,,42852,5.0,5,,,,,,,,
,,,,,42862,10.0,10,,,,,,,,
,,,,,42865,3.0,3,,,,,,,,
,,,,,42868,3.0,3,,,,,,,,
,,,,,42876,8.0,8,,,,,,,,
,,,,,42882,6.0,6,,,,,,,,
,,,,,42885,3.0,3,,,,,,,,
,,,,,42888,3.0,3,,,,,,,,
,,,,,42893,5.0,5,,,,,,,,
,,,,,42896,3.0,3,,,,,,,,
,,,,,42899,3.0,3,,,,,,,,
,,,,,42904,5.0,5,,,,,,,,
,,,,,42907,3.0,3,,,,,,,,
,,,,,42910,3.0,3,,,,,,,,
,,,,,42915,5.0,5,,,,,,,,
,,,,,42919,4.0,4,,,,,,,,
,,,,,42922,3.0,3,,,,,,,,
,,,,,42926,4.0,4,,,,,,,,
,,,,,42929,3.0,3,,,,,,,,
,,,,,42936,7.0,7,,,,,,,,
,,,,,42939,3.0,3,,,,,,,,
,,,,,42945,6.0,6,,,,,,,,
,,,,,42948,3.0,3,,,,,,,,
,,,,,42951,3.0,3,,,,,,,,
,,,,,42955,4.0,4,,,,,,,,
,,,,,42959,4.0,4,,,,,,,,
,,,,,42962,3.0,3,,,,,,,,
,,,,,42965,3.0,3,,,,,,,,
,,,,,42968,3.0,3,,,,,,,,
,,,,,42971,3.0,3,,,,,,,,
,,,,,42974,3.0,3,,,,,,,,
,,,,,42977,3.0,3,,,,,,,,
,,,,,42983,6.0,6,,,,,,,,
,,,,,42986,3.0,3,,,,,,,,
,,,,,42989,3.0,3,,,,,,,,
,,,,,42992,3.0,3,,,,,,,,
,,,,,42997,5.0,5,,,,,,,,
,,,,,43000,3.0,3,,,,,,,,
,,,,,43000,,,22.73659324645996,-227.36593627929688,649.5442504882812,-51.57032775878906,-59.75980758666992,0.0003,0.0003,0.1
,,,,,43005,5.0,5,,,,,,,,
,,,,,43008,3.0,3,,,,,,,,
,,,,,43011,3.0,3,,,,,,,,
,,,,,43014,3.0,3,,,,,,,,
,,,,,43017,3.0,3,,,,,,,,
,,,,,43020,3.0,3,,,,,,,,
,,,,,43025,5.0,5,,,,,,,,
,,,,,43028,3.0,3,,,,,,,,
,,,,,43032,4.0,4,,,,,,,,
,,,,,43037,5.0,5,,,,,,,,
,,,,,43040,3.0,3,,,,,,,,
,,,,,43046,6.0,6,,,,,,,,
,,,,,43055,9.0,9,,,,,,,,
,,,,,43058,3.0,3,,,,,,,,
,,,,,43061,3.0,3,,,,,,,,
,,,,,43065,4.0,4,,,,,,,,
,,,,,43068,3.0,3,,,,,,,,
,,,,,43071,3.0,3,,,,,,,,
,,,,,43074,3.0,3,,,,,,,,
,,,,,43077,3.0,3,,,,,,,,
,,,,,43080,3.0,3,,,,,,,,
,,,,,43086,6.0,6,,,,,,,,
,,,,,43089,3.0,3,,,,,,,,
,,,,,43092,3.0,3,,,,,,,,
,,,,,43100,8.0,8,,,,,,,,
,,,,,43103,3.0,3,,,,,,,,
,,,,,43107,4.0,4,,,,,,,,
,,,,,43110,3.0,3,,,,,,,,
,,,,,43113,3.0,3,,,,,,,,
,,,,,43117,4.0,4,,,,,,,,
,,,,,43120,3.0,3,,,,,,,,
,,,,,43123,3.0,3,,,,,,,,
,,,,,43126,3.0,3,,,,,,,,
,,,,,43132,6.0,6,,,,,,,,
,,,,,43135,3.0,3,,,,,,,,
,,,,,43144,9.0,9,,,,,,,,
,,,,,43156,12.0,12,,,,,,,,
,,,,,43163,7.0,7,,,,,,,,
,,,,,43166,3.0,3,,,,,,,,
,,,,,43169,3.0,3,,,,,,,,
,,,,,43173,4.0,4,,,,,,,,
,,,,,43176,3.0,3,,,,,,,,
,,,,,43179,3.0,3,,,,,,,,
,,,,,43191,12.0,12,,,,,,,,
,,,,,43194,3.0,3,,,,,,,,
,,,,,43200,6.0,6,,,,,,,,
,,,,,43203,3.0,3,,,,,,,,
,,,,,43206,3.0,3,,,,,,,,
,,,,,43209,3.0,3,,,,,,,,
,,,,,43212,3.0,3,,,,,,,,
,,,,,43223,11.0,11,,,,,,,,
,,,,,43226,3.0,3,,,,,,,,
,,,,,43230,4.0,4,,,,,,,,
,,,,,43233,3.0,3,,,,,,,,
,,,,,43237,4.0,4,,,,,,,,
,,,,,43240,3.0,3,,,,,,,,
,,,,,43243,3.0,3,,,,,,,,
,,,,,43251,8.0,8,,,,,,,,
,,,,,43256,5.0,5,,,,,,,,
,,,,,43259,3.0,3,,,,,,,,
,,,,,43265,6.0,6,,,,,,,,
,,,,,43268,3.0,3,,,,,,,,
,,,,,43274,6.0,6,,,,,,,,
,,,,,43277,3.0,3,,,,,,,,
,,,,,43280,3.0,3,,,,,,,,
,,,,,43284,4.0,4,,,,,,,,
,,,,,43288,4.0,4,,,,,,,,
,,,,,43292,4.0,4,,,,,,,,
,,,,,43297,5.0,5,,,,,,,,
,,,,,43300,3.0,3,,,,,,,,
,,,,,43303,3.0,3,,,,,,,,
,,,,,43306,3.0,3,,,,,,,,
,,,,,43309,3.0,3,,,,,,,,
,,,,,43312,3.0,3,,,,,,,,
,,,,,43315,3.0,3,,,,,,,,
,,,,,43318,3.0,3,,,,,,,,
,,,,,43321,3.0,3,,,,,,,,
,,,,,43325,4.0,4,,,,,,,,
,,,,,43331,6.0,6,,,,,,,,
,,,,,43338,7.0,7,,,,,,,,
,,,,,43341,3.0,3,,,,,,,,
,,,,,43345,4.0,4,,,,,,,,
,,,,,43348,3.0,3,,,,,,,,
,,,,,43351,3.0,3,,,,,,,,
,,,,,43355,4.0,4,,,,,,,,
,,,,,43358,3.0,3,,,,,,,,
,,,,,43361,3.0,3,,,,,,,,
,,,,,43366,5.0,5,,,,,,,,
,,,,,43372,6.0,6,,,,,,,,
,,,,,43375,3.0,3,,,,,,,,
,,,,,43380,5.0,5,,,,,,,,
,,,,,43383,3.0,3,,,,,,,,
,,,,,43390,7.0,7,,,,,,,,
,,,,,43393,3.0,3,,,,,,,,
,,,,,43396,3.0,3,,,,,,,,
,,,,,43399,3.0,3,,,,,,,,
,,,,,43404,5.0,5,,,,,,,,
,,,,,43412,8.0,8,,,,,,,,
,,,,,43415,3.0,3,,,,,,,,
,,,,,43418,3.0,3,,,,,,,,
,,,,,43427,9.0,9,,,,,,,,
,,,,,43435,8.0,8,,,,,,,,
,,,,,43438,3.0,3,,,,,,,,
,,,,,43442,4.0,4,,,,,,,,
,,,,,43447,5.0,5,,,,,,,,
,,,,,43454,7.0,7,,,,,,,,
,,,,,43459,5.0,5,,,,,,,,
,,,,,43467,8.0,8,,,,,,,,
,,,,,43472,5.0,5,,,,,,,,
,,,,,43475,3.0,3,,,,,,,,
,,,,,43479,4.0,4,,,,,,,,
,,,,,43482,3.0,3,,,,,,,,
,,,,,43485,3.0,3,,,,,,,,
,,,,,43488,3.0,3,,,,,,,,
,,,,,43491,3.0,3,,,,,,,,
,,,,,43495,4.0,4,,,,,,,,
,,,,,43498,3.0,3,,,,,,,,
,,,,,43501,3.0,3,,,,,,,,
,,,,,43504,3.0,3,,,,,,,,
,,,,,43507,3.0,3,,,,,,,,
,,,,,43510,3.0,3,,,,,,,,
,,,,,43516,6.0,6,,,,,,,,
,,,,,43519,3.0,3,,,,,,,,
,,,,,43522,3.0,3,,,,,,,,
,,,,,43527,5.0,5,,,,,,,,
,,,,,43530,3.0,3,,,,,,,,
,,,,,43533,3.0,3,,,,,,,,
,,,,,43536,3.0,3,,,,,,,,
,,,,,43539,3.0,3,,,,,,,,
,,,,,43543,4.0,4,,,,,,,,
,,,,,43547,4.0,4,,,,,,,,
,,,,,43559,12.0,12,,,,,,,,
,,,,,43564,5.0,5,,,,,,,,
,,,,,43567,3.0,3,,,,,,,,
,,,,,43570,3.0,3,,,,,,,,
,,,,,43573,3.0,3,,,,,,,,
,,,,,43579,6.0,6,,,,,,,,
,,,,,43585,6.0,6,,,,,,,,
,,,,,43595,10.0,10,,,,,,,,
,,,,,43598,3.0,3,,,,,,,,
,,,,,43601,3.0,3,,,,,,,,
,,,,,43604,3.0,3,,,,,,,,
,,,,,43607,3.0,3,,,,,,,,
,,,,,43611,4.0,4,,,,,,,,
,,,,,43614,3.0,3,,,,,,,,
,,,,,43617,3.0,3,,,,,,,,
,,,,,43620,3.0,3,,,,,,,,
,,,,,43624,4.0,4,,,,,,,,
,,,,,43628,4.0,4,,,,,,,,
,,,,,43633,5.0,5,,,,,,,,
,,,,,43638,5.0,5,,,,,,,,
,,,,,43641,3.0,3,,,,,,,,
,,,,,43644,3.0,3,,,,,,,,
,,,,,43648,4.0,4,,,,,,,,
,,,,,43656,8.0,8,,,,,,,,
,,,,,43660,4.0,4,,,,,,,,
,,,,,43663,3.0,3,,,,,,,,
,,,,,43668,5.0,5,,,,,,,,
,,,,,43674,6.0,6,,,,,,,,
,,,,,43681,7.0,7,,,,,,,,
,,,,,43685,4.0,4,,,,,,,,
,,,,,43693,8.0,8,,,,,,,,
,,,,,43697,4.0,4,,,,,,,,
,,,,,43700,3.0,3,,,,,,,,
,,,,,43703,3.0,3,,,,,,,,
,,,,,43708,5.0,5,,,,,,,,
,,,,,43712,4.0,4,,,,,,,,
,,,,,43715,3.0,3,,,,,,,,
,,,,,43718,3.0,3,,,,,,,,
,,,,,43722,4.0,4,,,,,,,,
,,,,,43726,4.0,4,,,,,,,,
,,,,,43732,6.0,6,,,,,,,,
,,,,,43736,4.0,4,,,,,,,,
,,,,,43739,3.0,3,,,,,,,,
,,,,,43742,3.0,3,,,,,,,,
,,,,,43746,4.0,4,,,,,,,,
,,,,,43749,3.0,3,,,,,,,,
,,,,,43752,3.0,3,,,,,,,,
,,,,,43756,4.0,4,,,,,,,,
,,,,,43759,3.0,3,,,,,,,,
,,,,,43763,4.0,4,,,,,,,,
,,,,,43767,4.0,4,,,,,,,,
,,,,,43775,8.0,8,,,,,,,,
,,,,,43780,5.0,5,,,,,,,,
,,,,,43787,7.0,7,,,,,,,,
,,,,,43791,4.0,4,,,,,,,,
,,,,,43809,18.0,18,,,,,,,,
,,,,,43815,6.0,6,,,,,,,,
,,,,,43824,9.0,9,,,,,,,,
,,,,,43832,8.0,8,,,,,,,,
,,,,,43852,20.0,20,,,,,,,,
,,,,,43863,11.0,11,,,,,,,,
,,,,,43876,13.0,13,,,,,,,,
,,,,,43890,14.0,14,,,,,,,,
,,,,,43900,10.0,10,,,,,,,,
,,,,,43905,5.0,5,,,,,,,,
,,,,,43909,4.0,4,,,,,,,,
,,,,,43912,3.0,3,,,,,,,,
,,,,,43932,20.0,20,,,,,,,,
,,,,,43940,8.0,8,,,,,,,,
,,,,,43943,3.0,3,,,,,,,,
,,,,,43956,13.0,13,,,,,,,,
,,,,,43961,5.0,5,,,,,,,,
,,,,,43980,19.0,19,,,,,,,,
,,,,,43984,4.0,4,,,,,,,,
,,,,,43987,3.0,3,,,,,,,,
,,,,,43990,3.0,3,,,,,,,,
,,,,,43993,3.0,3,,,,,,,,
,,,,,44000,7.0,7,,,,,,,,
,,,,,44000,,,11.453619956970215,-114.53619384765625,460.8529357910156,-72.3360824584961,-69.1688232421875,0.0003,0.0003,0.1
,,,,,44012,12.0,12,,,,,,,,
,,,,,44017,5.0,5,,,,,,,,
,,,,,44020,3.0,3,,,,,,,,
,,,,,44027,7.0,7,,,,,,,,
,,,,,44032,5.0,5,,,,,,,,
,,,,,44036,4.0,4,,,,,,,,
,,,,,44062,26.0,26,,,,,,,,
,,,,,44067,5.0,5,,,,,,,,
,,,,,44075,8.0,8,,,,,,,,
,,,,,44080,5.0,5,,,,,,,,
,,,,,44096,16.0,16,,,,,,,,
,,,,,44100,4.0,4,,,,,,,,
,,,,,44106,6.0,6,,,,,,,,
,,,,,44114,8.0,8,,,,,,,,
,,,,,44118,4.0,4,,,,,,,,
,,,,,44126,8.0,8,,,,,,,,
,,,,,44144,18.0,18,,,,,,,,
,,,,,44154,10.0,10,,,,,,,,
,,,,,44162,8.0,8,,,,,,,,
,,,,,44167,5.0,5,,,,,,,,
,,,,,44175,8.0,8,,,,,,,,
,,,,,44195,20.0,20,,,,,,,,
,,,,,44202,7.0,7,,,,,,,,
,,,,,44216,14.0,14,,,,,,,,
,,,,,44234,18.0,18,,,,,,,,
,,,,,44239,5.0,5,,,,,,,,
,,,,,44245,6.0,6,,,,,,,,
,,,,,44248,3.0,3,,,,,,,,
,,,,,44263,15.0,15,,,,,,,,
,,,,,44285,22.0,22,,,,,,,,
,,,,,44290,5.0,5,,,,,,,,
,,,,,44299,9.0,9,,,,,,,,
,,,,,44307,8.0,8,,,,,,,,
,,,,,44314,7.0,7,,,,,,,,
,,,,,44320,6.0,6,,,,,,,,
,,,,,44324,4.0,4,,,,,,,,
,,,,,44333,9.0,9,,,,,,,,
,,,,,44345,12.0,12,,,,,,,,
,,,,,44351,6.0,6,,,,,,,,
,,,,,44366,15.0,15,,,,,,,,
,,,,,44370,4.0,4,,,,,,,,
,,,,,44376,6.0,6,,,,,,,,
,,,,,44380,4.0,4,,,,,,,,
,,,,,44389,9.0,9,,,,,,,,
,,,,,44392,3.0,3,,,,,,,,
,,,,,44398,6.0,6,,,,,,,,
,,,,,44404,6.0,6,,,,,,,,
,,,,,44410,6.0,6,,,,,,,,
,,,,,44413,3.0,3,,,,,,,,
,,,,,44422,9.0,9,,,,,,,,
,,,,,44425,3.0,3,,,,,,,,
,,,,,44430,5.0,5,,,,,,,,
,,,,,44443,13.0,13,,,,,,,,
,,,,,44452,9.0,9,,,,,,,,
,,,,,44480,28.0,28,,,,,,,,
,,,,,44494,14.0,14,,,,,,,,
,,,,,44501,7.0,7,,,,,,,,
,,,,,44510,9.0,9,,,,,,,,
,,,,,44518,8.0,8,,,,,,,,
,,,,,44532,14.0,14,,,,,,,,
,,,,,44536,4.0,4,,,,,,,,
,,,,,44541,5.0,5,,,,,,,,
,,,,,44564,23.0,23,,,,,,,,
,,,,,44572,8.0,8,,,,,,,,
,,,,,44586,14.0,14,,,,,,,,
,,,,,44599,13.0,13,,,,,,,,
,,,,,44603,4.0,4,,,,,,,,
,,,,,44608,5.0,5,,,,,,,,
,,,,,44612,4.0,4,,,,,,,,
,,,,,44621,9.0,9,,,,,,,,
,,,,,44630,9.0,9,,,,,,,,
,,,,,44645,15.0,15,,,,,,,,
,,,,,44660,15.0,15,,,,,,,,
,,,,,44667,7.0,7,,,,,,,,
,,,,,44670,3.0,3,,,,,,,,
,,,,,44677,7.0,7,,,,,,,,
,,,,,44680,3.0,3,,,,,,,,
,,,,,44684,4.0,4,,,,,,,,
,,,,,44689,5.0,5,,,,,,,,
,,,,,44692,3.0,3,,,,,,,,
,,,,,44704,12.0,12,,,,,,,,
,,,,,44708,4.0,4,,,,,,,,
,,,,,44720,12.0,12,,,,,,,,
,,,,,44726,6.0,6,,,,,,,,
,,,,,44743,17.0,17,,,,,,,,
,,,,,44747,4.0,4,,,,,,,,
,,,,,44761,14.0,14,,,,,,,,
,,,,,44764,3.0,3,,,,,,,,
,,,,,44775,11.0,11,,,,,,,,
,,,,,44778,3.0,3,,,,,,,,
,,,,,44784,6.0,6,,,,,,,,
,,,,,44789,5.0,5,,,,,,,,
,,,,,44792,3.0,3,,,,,,,,
,,,,,44796,4.0,4,,,,,,,,
,,,,,44810,14.0,14,,,,,,,,
,,,,,44817,7.0,7,,,,,,,,
,,,,,44820,3.0,3,,,,,,,,
,,,,,44823,3.0,3,,,,,,,,
,,,,,44826,3.0,3,,,,,,,,
,,,,,44836,10.0,10,,,,,,,,
,,,,,44846,10.0,10,,,,,,,,
,,,,,44854,8.0,8,,,,,,,,
,,,,,44859,5.0,5,,,,,,,,
,,,,,44864,5.0,5,,,,,,,,
,,,,,44869,5.0,5,,,,,,,,
,,,,,44872,3.0,3,,,,,,,,
,,,,,44897,25.0,25,,,,,,,,
,,,,,44912,15.0,15,,,,,,,,
,,,,,44920,8.0,8,,,,,,,,
,,,,,44923,3.0,3,,,,,,,,
,,,,,44943,20.0,20,,,,,,,,
,,,,,44961,18.0,18,,,,,,,,
,,,,,44980,19.0,19,,,,,,,,
,,,,,44983,3.0,3,,,,,,,,
,,,,,44994,11.0,11,,,,,,,,
7.7,5.6044626,23.0,3.0,7.7,45000,,,16.421140670776367,-164.21139526367188,1623.087158203125,-108.50798034667969,-112.9228515625,0.0003,0.0003,0.1
,,,,,45009,15.0,15,,,,,,,,
,,,,,45025,16.0,16,,,,,,,,
,,,,,45037,12.0,12,,,,,,,,
,,,,,45055,18.0,18,,,,,,,,
,,,,,45065,10.0,10,,,,,,,,
,,,,,45072,7.0,7,,,,,,,,
,,,,,45082,10.0,10,,,,,,,,
,,,,,45089,7.0,7,,,,,,,,
,,,,,45100,11.0,11,,,,,,,,
,,,,,45103,3.0,3,,,,,,,,
,,,,,45110,7.0,7,,,,,,,,
,,,,,45118,8.0,8,,,,,,,,
,,,,,45137,19.0,19,,,,,,,,
,,,,,45145,8.0,8,,,,,,,,
,,,,,45157,12.0,12,,,,,,,,
,,,,,45165,8.0,8,,,,,,,,
,,,,,45169,4.0,4,,,,,,,,
,,,,,45184,15.0,15,,,,,,,,
,,,,,45194,10.0,10,,,,,,,,
,,,,,45198,4.0,4,,,,,,,,
,,,,,45210,12.0,12,,,,,,,,
,,,,,45224,14.0,14,,,,,,,,
,,,,,45230,6.0,6,,,,,,,,
,,,,,45239,9.0,9,,,,,,,,
,,,,,45243,4.0,4,,,,,,,,
,,,,,45251,8.0,8,,,,,,,,
,,,,,45254,3.0,3,,,,,,,,
,,,,,45259,5.0,5,,,,,,,,
,,,,,45263,4.0,4,,,,,,,,
,,,,,45269,6.0,6,,,,,,,,
,,,,,45282,13.0,13,,,,,,,,
,,,,,45294,12.0,12,,,,,,,,
,,,,,45297,3.0,3,,,,,,,,
,,,,,45308,11.0,11,,,,,,,,
,,,,,45322,14.0,14,,,,,,,,
,,,,,45327,5.0,5,,,,,,,,
,,,,,45332,5.0,5,,,,,,,,
,,,,,45338,6.0,6,,,,,,,,
,,,,,45345,7.0,7,,,,,,,,
,,,,,45355,10.0,10,,,,,,,,
,,,,,45362,7.0,7,,,,,,,,
,,,,,45369,7.0,7,,,,,,,,
,,,,,45373,4.0,4,,,,,,,,
,,,,,45383,10.0,10,,,,,,,,
,,,,,45386,3.0,3,,,,,,,,
,,,,,45389,3.0,3,,,,,,,,
,,,,,45393,4.0,4,,,,,,,,
,,,,,45397,4.0,4,,,,,,,,
,,,,,45408,11.0,11,,,,,,,,
,,,,,45412,4.0,4,,,,,,,,
,,,,,45423,11.0,11,,,,,,,,
,,,,,45428,5.0,5,,,,,,,,
,,,,,45435,7.0,7,,,,,,,,
,,,,,45438,3.0,3,,,,,,,,
,,,,,45449,11.0,11,,,,,,,,
,,,,,45457,8.0,8,,,,,,,,
,,,,,45467,10.0,10,,,,,,,,
,,,,,45472,5.0,5,,,,,,,,
,,,,,45476,4.0,4,,,,,,,,
,,,,,45487,11.0,11,,,,,,,,
,,,,,45494,7.0,7,,,,,,,,
,,,,,45498,4.0,4,,,,,,,,
,,,,,45505,7.0,7,,,,,,,,
,,,,,45510,5.0,5,,,,,,,,
,,,,,45518,8.0,8,,,,,,,,
,,,,,45522,4.0,4,,,,,,,,
,,,,,45530,8.0,8,,,,,,,,
,,,,,45534,4.0,4,,,,,,,,
,,,,,45538,4.0,4,,,,,,,,
,,,,,45545,7.0,7,,,,,,,,
,,,,,45549,4.0,4,,,,,,,,
,,,,,45554,5.0,5,,,,,,,,
,,,,,45559,5.0,5,,,,,,,,
,,,,,45562,3.0,3,,,,,,,,
,,,,,45566,4.0,4,,,,,,,,
,,,,,45571,5.0,5,,,,,,,,
,,,,,45581,10.0,10,,,,,,,,
,,,,,45585,4.0,4,,,,,,,,
,,,,,45589,4.0,4,,,,,,,,
,,,,,45593,4.0,4,,,,,,,,
,,,,,45604,11.0,11,,,,,,,,
,,,,,45614,10.0,10,,,,,,,,
,,,,,45623,9.0,9,,,,,,,,
,,,,,45632,9.0,9,,,,,,,,
,,,,,45635,3.0,3,,,,,,,,
,,,,,45644,9.0,9,,,,,,,,
,,,,,45647,3.0,3,,,,,,,,
,,,,,45651,4.0,4,,,,,,,,
,,,,,45657,6.0,6,,,,,,,,
,,,,,45662,5.0,5,,,,,,,,
,,,,,45666,4.0,4,,,,,,,,
,,,,,45670,4.0,4,,,,,,,,
,,,,,45675,5.0,5,,,,,,,,
,,,,,45680,5.0,5,,,,,,,,
,,,,,45691,11.0,11,,,,,,,,
,,,,,45695,4.0,4,,,,,,,,
,,,,,45704,9.0,9,,,,,,,,
,,,,,45713,9.0,9,,,,,,,,
,,,,,45717,4.0,4,,,,,,,,
,,,,,45728,11.0,11,,,,,,,,
,,,,,45732,4.0,4,,,,,,,,
,,,,,45736,4.0,4,,,,,,,,
,,,,,45740,4.0,4,,,,,,,,
,,,,,45744,4.0,4,,,,,,,,
,,,,,45749,5.0,5,,,,,,,,
,,,,,45762,13.0,13,,,,,,,,
,,,,,45765,3.0,3,,,,,,,,
,,,,,45769,4.0,4,,,,,,,,
,,,,,45772,3.0,3,,,,,,,,
,,,,,45780,8.0,8,,,,,,,,
,,,,,45783,3.0,3,,,,,,,,
,,,,,45787,4.0,4,,,,,,,,
,,,,,45790,3.0,3,,,,,,,,
,,,,,45797,7.0,7,,,,,,,,
,,,,,45800,3.0,3,,,,,,,,
,,,,,45804,4.0,4,,,,,,,,
,,,,,45807,3.0,3,,,,,,,,
,,,,,45811,4.0,4,,,,,,,,
,,,,,45814,3.0,3,,,,,,,,
,,,,,45817,3.0,3,,,,,,,,
,,,,,45821,4.0,4,,,,,,,,
,,,,,45824,3.0,3,,,,,,,,
,,,,,45827,3.0,3,,,,,,,,
,,,,,45834,7.0,7,,,,,,,,
,,,,,45839,5.0,5,,,,,,,,
,,,,,45842,3.0,3,,,,,,,,
,,,,,45846,4.0,4,,,,,,,,
,,,,,45850,4.0,4,,,,,,,,
,,,,,45854,4.0,4,,,,,,,,
,,,,,45865,11.0,11,,,,,,,,
,,,,,45868,3.0,3,,,,,,,,
,,,,,45872,4.0,4,,,,,,,,
,,,,,45877,5.0,5,,,,,,,,
,,,,,45881,4.0,4,,,,,,,,
,,,,,45885,4.0,4,,,,,,,,
,,,,,45888,3.0,3,,,,,,,,
,,,,,45891,3.0,3,,,,,,,,
,,,,,45894,3.0,3,,,,,,,,
,,,,,45900,6.0,6,,,,,,,,
,,,,,45903,3.0,3,,,,,,,,
,,,,,45908,5.0,5,,,,,,,,
,,,,,45917,9.0,9,,,,,,,,
,,,,,45928,11.0,11,,,,,,,,
,,,,,45932,4.0,4,,,,,,,,
,,,,,45936,4.0,4,,,,,,,,
,,,,,45940,4.0,4,,,,,,,,
,,,,,45943,3.0,3,,,,,,,,
,,,,,45950,7.0,7,,,,,,,,
,,,,,45953,3.0,3,,,,,,,,
,,,,,45956,3.0,3,,,,,,,,
,,,,,45959,3.0,3,,,,,,,,
,,,,,45962,3.0,3,,,,,,,,
,,,,,45966,4.0,4,,,,,,,,
,,,,,45971,5.0,5,,,,,,,,
,,,,,45974,3.0,3,,,,,,,,
,,,,,45978,4.0,4,,,,,,,,
,,,,,45981,3.0,3,,,,,,,,
,,,,,45984,3.0,3,,,,,,,,
,,,,,45992,8.0,8,,,,,,,,
,,,,,45995,3.0,3,,,,,,,,
,,,,,45999,4.0,4,,,,,,,,
,,,,,46000,,,12.89746379852295,-128.97463989257812,1757.43505859375,-81.71983337402344,-84.90237426757812,0.0003,0.0003,0.1
,,,,,46003,4.0,4,,,,,,,,
,,,,,46006,3.0,3,,,,,,,,
,,,,,46011,5.0,5,,,,,,,,
,,,,,46014,3.0,3,,,,,,,,
,,,,,46021,7.0,7,,,,,,,,
,,,,,46025,4.0,4,,,,,,,,
,,,,,46029,4.0,4,,,,,,,,
,,,,,46033,4.0,4,,,,,,,,
,,,,,46038,5.0,5,,,,,,,,
,,,,,46041,3.0,3,,,,,,,,
,,,,,46049,8.0,8,,,,,,,,
,,,,,46052,3.0,3,,,,,,,,
,,,,,46056,4.0,4,,,,,,,,
,,,,,46065,9.0,9,,,,,,,,
,,,,,46074,9.0,9,,,,,,,,
,,,,,46082,8.0,8,,,,,,,,
,,,,,46096,14.0,14,,,,,,,,
,,,,,46100,4.0,4,,,,,,,,
,,,,,46107,7.0,7,,,,,,,,
,,,,,46111,4.0,4,,,,,,,,
,,,,,46114,3.0,3,,,,,,,,
,,,,,46119,5.0,5,,,,,,,,
,,,,,46125,6.0,6,,,,,,,,
,,,,,46129,4.0,4,,,,,,,,
,,,,,46133,4.0,4,,,,,,,,
,,,,,46137,4.0,4,,,,,,,,
,,,,,46146,9.0,9,,,,,,,,
,,,,,46149,3.0,3,,,,,,,,
,,,,,46153,4.0,4,,,,,,,,
,,,,,46157,4.0,4,,,,,,,,
,,,,,46160,3.0,3,,,,,,,,
,,,,,46163,3.0,3,,,,,,,,
,,,,,46174,11.0,11,,,,,,,,
,,,,,46180,6.0,6,,,,,,,,
,,,,,46183,3.0,3,,,,,,,,
,,,,,46192,9.0,9,,,,,,,,
,,,,,46196,4.0,4,,,,,,,,
,,,,,46200,4.0,4,,,,,,,,
,,,,,46203,3.0,3,,,,,,,,
,,,,,46209,6.0,6,,,,,,,,
,,,,,46212,3.0,3,,,,,,,,
,,,,,46218,6.0,6,,,,,,,,
,,,,,46222,4.0,4,,,,,,,,
,,,,,46231,9.0,9,,,,,,,,
,,,,,46235,4.0,4,,,,,,,,
,,,,,46239,4.0,4,,,,,,,,
,,,,,46245,6.0,6,,,,,,,,
,,,,,46251,6.0,6,,,,,,,,
,,,,,46255,4.0,4,,,,,,,,
,,,,,46258,3.0,3,,,,,,,,
,,,,,46261,3.0,3,,,,,,,,
,,,,,46267,6.0,6,,,,,,,,
,,,,,46273,6.0,6,,,,,,,,
,,,,,46276,3.0,3,,,,,,,,
,,,,,46279,3.0,3,,,,,,,,
,,,,,46285,6.0,6,,,,,,,,
,,,,,46296,11.0,11,,,,,,,,
,,,,,46299,3.0,3,,,,,,,,
,,,,,46303,4.0,4,,,,,,,,
,,,,,46308,5.0,5,,,,,,,,
,,,,,46315,7.0,7,,,,,,,,
,,,,,46318,3.0,3,,,,,,,,
,,,,,46325,7.0,7,,,,,,,,
,,,,,46328,3.0,3,,,,,,,,
,,,,,46336,8.0,8,,,,,,,,
,,,,,46343,7.0,7,,,,,,,,
,,,,,46346,3.0,3,,,,,,,,
,,,,,46350,4.0,4,,,,,,,,
,,,,,46354,4.0,4,,,,,,,,
,,,,,46358,4.0,4,,,,,,,,
,,,,,46361,3.0,3,,,,,,,,
,,,,,46365,4.0,4,,,,,,,,
,,,,,46373,8.0,8,,,,,,,,
,,,,,46381,8.0,8,,,,,,,,
,,,,,46386,5.0,5,,,,,,,,
,,,,,46390,4.0,4,,,,,,,,
,,,,,46393,3.0,3,,,,,,,,
,,,,,46396,3.0,3,,,,,,,,
,,,,,46414,18.0,18,,,,,,,,
,,,,,46422,8.0,8,,,,,,,,
,,,,,46429,7.0,7,,,,,,,,
,,,,,46433,4.0,4,,,,,,,,
,,,,,46437,4.0,4,,,,,,,,
,,,,,46440,3.0,3,,,,,,,,
,,,,,46450,10.0,10,,,,,,,,
,,,,,46455,5.0,5,,,,,,,,
,,,,,46458,3.0,3,,,,,,,,
,,,,,46462,4.0,4,,,,,,,,
,,,,,46468,6.0,6,,,,,,,,
,,,,,46471,3.0,3,,,,,,,,
,,,,,46475,4.0,4,,,,,,,,
,,,,,46478,3.0,3,,,,,,,,
,,,,,46481,3.0,3,,,,,,,,
,,,,,46484,3.0,3,,,,,,,,
,,,,,46494,10.0,10,,,,,,,,
,,,,,46497,3.0,3,,,,,,,,
,,,,,46506,9.0,9,,,,,,,,
,,,,,46509,3.0,3,,,,,,,,
,,,,,46513,4.0,4,,,,,,,,
,,,,,46517,4.0,4,,,,,,,,
,,,,,46523,6.0,6,,,,,,,,
,,,,,46527,4.0,4,,,,,,,,
,,,,,46530,3.0,3,,,,,,,,
,,,,,46534,4.0,4,,,,,,,,
,,,,,46537,3.0,3,,,,,,,,
,,,,,46540,3.0,3,,,,,,,,
,,,,,46550,10.0,10,,,,,,,,
,,,,,46554,4.0,4,,,,,,,,
,,,,,46558,4.0,4,,,,,,,,
,,,,,46562,4.0,4,,,,,,,,
,,,,,46565,3.0,3,,,,,,,,
,,,,,46576,11.0,11,,,,,,,,
,,,,,46583,7.0,7,,,,,,,,
,,,,,46586,3.0,3,,,,,,,,
,,,,,46590,4.0,4,,,,,,,,
,,,,,46594,4.0,4,,,,,,,,
,,,,,46598,4.0,4,,,,,,,,
,,,,,46601,3.0,3,,,,,,,,
,,,,,46606,5.0,5,,,,,,,,
,,,,,46613,7.0,7,,,,,,,,
,,,,,46616,3.0,3,,,,,,,,
,,,,,46633,17.0,17,,,,,,,,
,,,,,46637,4.0,4,,,,,,,,
,,,,,46641,4.0,4,,,,,,,,
,,,,,46645,4.0,4,,,,,,,,
,,,,,46652,7.0,7,,,,,,,,
,,,,,46655,3.0,3,,,,,,,,
,,,,,46662,7.0,7,,,,,,,,
,,,,,46665,3.0,3,,,,,,,,
,,,,,46673,8.0,8,,,,,,,,
,,,,,46676,3.0,3,,,,,,,,
,,,,,46679,3.0,3,,,,,,,,
,,,,,46686,7.0,7,,,,,,,,
,,,,,46691,5.0,5,,,,,,,,
,,,,,46698,7.0,7,,,,,,,,
,,,,,46705,7.0,7,,,,,,,,
,,,,,46708,3.0,3,,,,,,,,
,,,,,46713,5.0,5,,,,,,,,
,,,,,46730,17.0,17,,,,,,,,
,,,,,46737,7.0,7,,,,,,,,
,,,,,46741,4.0,4,,,,,,,,
,,,,,46745,4.0,4,,,,,,,,
,,,,,46756,11.0,11,,,,,,,,
,,,,,46759,3.0,3,,,,,,,,
,,,,,46764,5.0,5,,,,,,,,
,,,,,46769,5.0,5,,,,,,,,
,,,,,46776,7.0,7,,,,,,,,
,,,,,46780,4.0,4,,,,,,,,
,,,,,46784,4.0,4,,,,,,,,
,,,,,46789,5.0,5,,,,,,,,
,,,,,46802,13.0,13,,,,,,,,
,,,,,46807,5.0,5,,,,,,,,
,,,,,46811,4.0,4,,,,,,,,
,,,,,46815,4.0,4,,,,,,,,
,,,,,46818,3.0,3,,,,,,,,
,,,,,46821,3.0,3,,,,,,,,
,,,,,46825,4.0,4,,,,,,,,
,,,,,46839,14.0,14,,,,,,,,
,,,,,46844,5.0,5,,,,,,,,
,,,,,46848,4.0,4,,,,,,,,
,,,,,46852,4.0,4,,,,,,,,
,,,,,46855,3.0,3,,,,,,,,
,,,,,46865,10.0,10,,,,,,,,
,,,,,46871,6.0,6,,,,,,,,
,,,,,46874,3.0,3,,,,,,,,
,,,,,46878,4.0,4,,,,,,,,
,,,,,46881,3.0,3,,,,,,,,
,,,,,46888,7.0,7,,,,,,,,
,,,,,46892,4.0,4,,,,,,,,
,,,,,46895,3.0,3,,,,,,,,
,,,,,46904,9.0,9,,,,,,,,
,,,,,46908,4.0,4,,,,,,,,
,,,,,46912,4.0,4,,,,,,,,
,,,,,46916,4.0,4,,,,,,,,
,,,,,46921,5.0,5,,,,,,,,
,,,,,46929,8.0,8,,,,,,,,
,,,,,46933,4.0,4,,,,,,,,
,,,,,46937,4.0,4,,,,,,,,
,,,,,46942,5.0,5,,,,,,,,
,,,,,46949,7.0,7,,,,,,,,
,,,,,46961,12.0,12,,,,,,,,
,,,,,46964,3.0,3,,,,,,,,
,,,,,46967,3.0,3,,,,,,,,
,,,,,46970,3.0,3,,,,,,,,
,,,,,46976,6.0,6,,,,,,,,
,,,,,46980,4.0,4,,,,,,,,
,,,,,46984,4.0,4,,,,,,,,
,,,,,46987,3.0,3,,,,,,,,
,,,,,46990,3.0,3,,,,,,,,
,,,,,46994,4.0,4,,,,,,,,
,,,,,47000,,,8.544318199157715,-85.44318389892578,905.658935546875,-61.658512115478516,-63.14856719970703,0.0003,0.0003,0.1
,,,,,47003,9.0,9,,,,,,,,
,,,,,47006,3.0,3,,,,,,,,
,,,,,47012,6.0,6,,,,,,,,
,,,,,47024,12.0,12,,,,,,,,
,,,,,47027,3.0,3,,,,,,,,
,,,,,47031,4.0,4,,,,,,,,
,,,,,47045,14.0,14,,,,,,,,
,,,,,47048,3.0,3,,,,,,,,
,,,,,47051,3.0,3,,,,,,,,
,,,,,47056,5.0,5,,,,,,,,
,,,,,47060,4.0,4,,,,,,,,
,,,,,47063,3.0,3,,,,,,,,
,,,,,47067,4.0,4,,,,,,,,
,,,,,47082,15.0,15,,,,,,,,
,,,,,47085,3.0,3,,,,,,,,
,,,,,47090,5.0,5,,,,,,,,
,,,,,47096,6.0,6,,,,,,,,
,,,,,47099,3.0,3,,,,,,,,
,,,,,47111,12.0,12,,,,,,,,
,,,,,47114,3.0,3,,,,,,,,
,,,,,47121,7.0,7,,,,,,,,
,,,,,47126,5.0,5,,,,,,,,
,,,,,47133,7.0,7,,,,,,,,
,,,,,47136,3.0,3,,,,,,,,
,,,,,47142,6.0,6,,,,,,,,
,,,,,47146,4.0,4,,,,,,,,
,,,,,47149,3.0,3,,,,,,,,
,,,,,47152,3.0,3,,,,,,,,
,,,,,47156,4.0,4,,,,,,,,
,,,,,47160,4.0,4,,,,,,,,
,,,,,47164,4.0,4,,,,,,,,
,,,,,47167,3.0,3,,,,,,,,
,,,,,47173,6.0,6,,,,,,,,
,,,,,47178,5.0,5,,,,,,,,
,,,,,47183,5.0,5,,,,,,,,
,,,,,47195,12.0,12,,,,,,,,
,,,,,47198,3.0,3,,,,,,,,
,,,,,47203,5.0,5,,,,,,,,
,,,,,47210,7.0,7,,,,,,,,
,,,,,47213,3.0,3,,,,,,,,
,,,,,47216,3.0,3,,,,,,,,
,,,,,47219,3.0,3,,,,,,,,
,,,,,47238,19.0,19,,,,,,,,
,,,,,47245,7.0,7,,,,,,,,
,,,,,47248,3.0,3,,,,,,,,
,,,,,47261,13.0,13,,,,,,,,
,,,,,47265,4.0,4,,,,,,,,
,,,,,47269,4.0,4,,,,,,,,
,,,,,47272,3.0,3,,,,,,,,
,,,,,47276,4.0,4,,,,,,,,
,,,,,47282,6.0,6,,,,,,,,
,,,,,47285,3.0,3,,,,,,,,
,,,,,47288,3.0,3,,,,,,,,
,,,,,47292,4.0,4,,,,,,,,
,,,,,47295,3.0,3,,,,,,,,
,,,,,47301,6.0,6,,,,,,,,
,,,,,47307,6.0,6,,,,,,,,
,,,,,47310,3.0,3,,,,,,,,
,,,,,47314,4.0,4,,,,,,,,
,,,,,47319,5.0,5,,,,,,,,
,,,,,47323,4.0,4,,,,,,,,
,,,,,47326,3.0,3,,,,,,,,
,,,,,47329,3.0,3,,,,,,,,
,,,,,47333,4.0,4,,,,,,,,
,,,,,47337,4.0,4,,,,,,,,
,,,,,47341,4.0,4,,,,,,,,
,,,,,47346,5.0,5,,,,,,,,
,,,,,47349,3.0,3,,,,,,,,
,,,,,47352,3.0,3,,,,,,,,
,,,,,47355,3.0,3,,,,,,,,
,,,,,47362,7.0,7,,,,,,,,
,,,,,47365,3.0,3,,,,,,,,
,,,,,47368,3.0,3,,,,,,,,
,,,,,47374,6.0,6,,,,,,,,
,,,,,47378,4.0,4,,,,,,,,
,,,,,47382,4.0,4,,,,,,,,
,,,,,47386,4.0,4,,,,,,,,
,,,,,47389,3.0,3,,,,,,,,
,,,,,47393,4.0,4,,,,,,,,
,,,,,47396,3.0,3,,,,,,,,
,,,,,47399,3.0,3,,,,,,,,
,,,,,47403,4.0,4,,,,,,,,
,,,,,47411,8.0,8,,,,,,,,
,,,,,47415,4.0,4,,,,,,,,
,,,,,47418,3.0,3,,,,,,,,
,,,,,47422,4.0,4,,,,,,,,
,,,,,47430,8.0,8,,,,,,,,
,,,,,47434,4.0,4,,,,,,,,
,,,,,47437,3.0,3,,,,,,,,
,,,,,47443,6.0,6,,,,,,,,
,,,,,47446,3.0,3,,,,,,,,
,,,,,47449,3.0,3,,,,,,,,
,,,,,47453,4.0,4,,,,,,,,
,,,,,47456,3.0,3,,,,,,,,
,,,,,47460,4.0,4,,,,,,,,
,,,,,47464,4.0,4,,,,,,,,
,,,,,47468,4.0,4,,,,,,,,
,,,,,47472,4.0,4,,,,,,,,
,,,,,47475,3.0,3,,,,,,,,
,,,,,47481,6.0,6,,,,,,,,
,,,,,47485,4.0,4,,,,,,,,
,,,,,47490,5.0,5,,,,,,,,
,,,,,47493,3.0,3,,,,,,,,
,,,,,47497,4.0,4,,,,,,,,
,,,,,47502,5.0,5,,,,,,,,
,,,,,47506,4.0,4,,,,,,,,
,,,,,47509,3.0,3,,,,,,,,
,,,,,47516,7.0,7,,,,,,,,
,,,,,47520,4.0,4,,,,,,,,
,,,,,47525,5.0,5,,,,,,,,
,,,,,47528,3.0,3,,,,,,,,
,,,,,47532,4.0,4,,,,,,,,
,,,,,47536,4.0,4,,,,,,,,
,,,,,47543,7.0,7,,,,,,,,
,,,,,47546,3.0,3,,,,,,,,
,,,,,47550,4.0,4,,,,,,,,
,,,,,47557,7.0,7,,,,,,,,
,,,,,47560,3.0,3,,,,,,,,
,,,,,47563,3.0,3,,,,,,,,
,,,,,47570,7.0,7,,,,,,,,
,,,,,47574,4.0,4,,,,,,,,
,,,,,47582,8.0,8,,,,,,,,
,,,,,47586,4.0,4,,,,,,,,
,,,,,47592,6.0,6,,,,,,,,
,,,,,47595,3.0,3,,,,,,,,
,,,,,47599,4.0,4,,,,,,,,
,,,,,47603,4.0,4,,,,,,,,
,,,,,47610,7.0,7,,,,,,,,
,,,,,47615,5.0,5,,,,,,,,
,,,,,47628,13.0,13,,,,,,,,
,,,,,47634,6.0,6,,,,,,,,
,,,,,47642,8.0,8,,,,,,,,
,,,,,47649,7.0,7,,,,,,,,
,,,,,47653,4.0,4,,,,,,,,
,,,,,47656,3.0,3,,,,,,,,
,,,,,47660,4.0,4,,,,,,,,
,,,,,47663,3.0,3,,,,,,,,
,,,,,47667,4.0,4,,,,,,,,
,,,,,47671,4.0,4,,,,,,,,
,,,,,47674,3.0,3,,,,,,,,
,,,,,47679,5.0,5,,,,,,,,
,,,,,47686,7.0,7,,,,,,,,
,,,,,47690,4.0,4,,,,,,,,
,,,,,47693,3.0,3,,,,,,,,
,,,,,47696,3.0,3,,,,,,,,
,,,,,47699,3.0,3,,,,,,,,
,,,,,47702,3.0,3,,,,,,,,
,,,,,47706,4.0,4,,,,,,,,
,,,,,47711,5.0,5,,,,,,,,
,,,,,47714,3.0,3,,,,,,,,
,,,,,47720,6.0,6,,,,,,,,
,,,,,47729,9.0,9,,,,,,,,
,,,,,47732,3.0,3,,,,,,,,
,,,,,47743,11.0,11,,,,,,,,
,,,,,47749,6.0,6,,,,,,,,
,,,,,47752,3.0,3,,,,,,,,
,,,,,47758,6.0,6,,,,,,,,
,,,,,47769,11.0,11,,,,,,,,
,,,,,47774,5.0,5,,,,,,,,
,,,,,47778,4.0,4,,,,,,,,
,,,,,47784,6.0,6,,,,,,,,
,,,,,47789,5.0,5,,,,,,,,
,,,,,47793,4.0,4,,,,,,,,
,,,,,47796,3.0,3,,,,,,,,
,,,,,47799,3.0,3,,,,,,,,
,,,,,47805,6.0,6,,,,,,,,
,,,,,47809,4.0,4,,,,,,,,
,,,,,47813,4.0,4,,,,,,,,
,,,,,47819,6.0,6,,,,,,,,
,,,,,47822,3.0,3,,,,,,,,
,,,,,47825,3.0,3,,,,,,,,
,,,,,47837,12.0,12,,,,,,,,
,,,,,47842,5.0,5,,,,,,,,
,,,,,47845,3.0,3,,,,,,,,
,,,,,47855,10.0,10,,,,,,,,
,,,,,47862,7.0,7,,,,,,,,
,,,,,47865,3.0,3,,,,,,,,
,,,,,47868,3.0,3,,,,,,,,
,,,,,47871,3.0,3,,,,,,,,
,,,,,47875,4.0,4,,,,,,,,
,,,,,47879,4.0,4,,,,,,,,
,,,,,47882,3.0,3,,,,,,,,
,,,,,47887,5.0,5,,,,,,,,
,,,,,47890,3.0,3,,,,,,,,
,,,,,47902,12.0,12,,,,,,,,
,,,,,47905,3.0,3,,,,,,,,
,,,,,47909,4.0,4,,,,,,,,
,,,,,47915,6.0,6,,,,,,,,
,,,,,47919,4.0,4,,,,,,,,
,,,,,47922,3.0,3,,,,,,,,
,,,,,47926,4.0,4,,,,,,,,
,,,,,47930,4.0,4,,,,,,,,
,,,,,47940,10.0,10,,,,,,,,
,,,,,47944,4.0,4,,,,,,,,
,,,,,47951,7.0,7,,,,,,,,
,,,,,47955,4.0,4,,,,,,,,
,,,,,47961,6.0,6,,,,,,,,
,,,,,47965,4.0,4,,,,,,,,
,,,,,47968,3.0,3,,,,,,,,
,,,,,47972,4.0,4,,,,,,,,
,,,,,47975,3.0,3,,,,,,,,
,,,,,47979,4.0,4,,,,,,,,
,,,,,47982,3.0,3,,,,,,,,
,,,,,47987,5.0,5,,,,,,,,
,,,,,47990,3.0,3,,,,,,,,
,,,,,47993,3.0,3,,,,,,,,
,,,,,47996,3.0,3,,,,,,,,
,,,,,47999,3.0,3,,,,,,,,
,,,,,48000,,,8.13265609741211,-81.3265609741211,374.1330871582031,-38.91250991821289,-39.16938400268555,0.0003,0.0003,0.1
,,,,,48002,3.0,3,,,,,,,,
,,,,,48006,4.0,4,,,,,,,,
,,,,,48015,9.0,9,,,,,,,,
,,,,,48019,4.0,4,,,,,,,,
,,,,,48022,3.0,3,,,,,,,,
,,,,,48025,3.0,3,,,,,,,,
,,,,,48031,6.0,6,,,,,,,,
,,,,,48035,4.0,4,,,,,,,,
,,,,,48039,4.0,4,,,,,,,,
,,,,,48042,3.0,3,,,,,,,,
,,,,,48045,3.0,3,,,,,,,,
,,,,,48048,3.0,3,,,,,,,,
,,,,,48052,4.0,4,,,,,,,,
,,,,,48058,6.0,6,,,,,,,,
,,,,,48063,5.0,5,,,,,,,,
,,,,,48066,3.0,3,,,,,,,,
,,,,,48070,4.0,4,,,,,,,,
,,,,,48076,6.0,6,,,,,,,,
,,,,,48085,9.0,9,,,,,,,,
,,,,,48093,8.0,8,,,,,,,,
,,,,,48099,6.0,6,,,,,,,,
,,,,,48103,4.0,4,,,,,,,,
,,,,,48108,5.0,5,,,,,,,,
,,,,,48112,4.0,4,,,,,,,,
,,,,,48118,6.0,6,,,,,,,,
,,,,,48123,5.0,5,,,,,,,,
,,,,,48129,6.0,6,,,,,,,,
,,,,,48132,3.0,3,,,,,,,,
,,,,,48139,7.0,7,,,,,,,,
,,,,,48143,4.0,4,,,,,,,,
,,,,,48146,3.0,3,,,,,,,,
,,,,,48149,3.0,3,,,,,,,,
,,,,,48152,3.0,3,,,,,,,,
,,,,,48155,3.0,3,,,,,,,,
,,,,,48161,6.0,6,,,,,,,,
,,,,,48165,4.0,4,,,,,,,,
,,,,,48168,3.0,3,,,,,,,,
,,,,,48175,7.0,7,,,,,,,,
,,,,,48178,3.0,3,,,,,,,,
,,,,,48181,3.0,3,,,,,,,,
,,,,,48187,6.0,6,,,,,,,,
,,,,,48191,4.0,4,,,,,,,,
,,,,,48194,3.0,3,,,,,,,,
,,,,,48202,8.0,8,,,,,,,,
,,,,,48207,5.0,5,,,,,,,,
,,,,,48210,3.0,3,,,,,,,,
,,,,,48213,3.0,3,,,,,,,,
,,,,,48219,6.0,6,,,,,,,,
,,,,,48222,3.0,3,,,,,,,,
,,,,,48225,3.0,3,,,,,,,,
,,,,,48230,5.0,5,,,,,,,,
,,,,,48233,3.0,3,,,,,,,,
,,,,,48236,3.0,3,,,,,,,,
,,,,,48239,3.0,3,,,,,,,,
,,,,,48245,6.0,6,,,,,,,,
,,,,,48248,3.0,3,,,,,,,,
,,,,,48253,5.0,5,,,,,,,,
,,,,,48256,3.0,3,,,,,,,,
,,,,,48262,6.0,6,,,,,,,,
,,,,,48265,3.0,3,,,,,,,,
,,,,,48268,3.0,3,,,,,,,,
,,,,,48271,3.0,3,,,,,,,,
,,,,,48274,3.0,3,,,,,,,,
,,,,,48277,3.0,3,,,,,,,,
,,,,,48280,3.0,3,,,,,,,,
,,,,,48284,4.0,4,,,,,,,,
,,,,,48288,4.0,4,,,,,,,,
,,,,,48292,4.0,4,,,,,,,,
,,,,,48295,3.0,3,,,,,,,,
,,,,,48298,3.0,3,,,,,,,,
,,,,,48304,6.0,6,,,,,,,,
,,,,,48312,8.0,8,,,,,,,,
,,,,,48316,4.0,4,,,,,,,,
,,,,,48323,7.0,7,,,,,,,,
,,,,,48326,3.0,3,,,,,,,,
,,,,,48330,4.0,4,,,,,,,,
,,,,,48333,3.0,3,,,,,,,,
,,,,,48336,3.0,3,,,,,,,,
,,,,,48339,3.0,3,,,,,,,,
,,,,,48346,7.0,7,,,,,,,,
,,,,,48350,4.0,4,,,,,,,,
,,,,,48354,4.0,4,,,,,,,,
,,,,,48357,3.0,3,,,,,,,,
,,,,,48364,7.0,7,,,,,,,,
,,,,,48367,3.0,3,,,,,,,,
,,,,,48370,3.0,3,,,,,,,,
,,,,,48374,4.0,4,,,,,,,,
,,,,,48382,8.0,8,,,,,,,,
,,,,,48390,8.0,8,,,,,,,,
,,,,,48393,3.0,3,,,,,,,,
,,,,,48396,3.0,3,,,,,,,,
,,,,,48401,5.0,5,,,,,,,,
,,,,,48407,6.0,6,,,,,,,,
,,,,,48413,6.0,6,,,,,,,,
,,,,,48418,5.0,5,,,,,,,,
,,,,,48422,4.0,4,,,,,,,,
,,,,,48430,8.0,8,,,,,,,,
,,,,,48434,4.0,4,,,,,,,,
,,,,,48438,4.0,4,,,,,,,,
,,,,,48441,3.0,3,,,,,,,,
,,,,,48451,10.0,10,,,,,,,,
,,,,,48455,4.0,4,,,,,,,,
,,,,,48459,4.0,4,,,,,,,,
,,,,,48470,11.0,11,,,,,,,,
,,,,,48473,3.0,3,,,,,,,,
,,,,,48476,3.0,3,,,,,,,,
,,,,,48480,4.0,4,,,,,,,,
,,,,,48484,4.0,4,,,,,,,,
,,,,,48487,3.0,3,,,,,,,,
,,,,,48490,3.0,3,,,,,,,,
,,,,,48494,4.0,4,,,,,,,,
,,,,,48506,12.0,12,,,,,,,,
,,,,,48509,3.0,3,,,,,,,,
,,,,,48512,3.0,3,,,,,,,,
,,,,,48516,4.0,4,,,,,,,,
,,,,,48522,6.0,6,,,,,,,,
,,,,,48526,4.0,4,,,,,,,,
,,,,,48534,8.0,8,,,,,,,,
,,,,,48541,7.0,7,,,,,,,,
,,,,,48551,10.0,10,,,,,,,,
,,,,,48561,10.0,10,,,,,,,,
,,,,,48571,10.0,10,,,,,,,,
,,,,,48581,10.0,10,,,,,,,,
,,,,,48585,4.0,4,,,,,,,,
,,,,,48589,4.0,4,,,,,,,,
,,,,,48592,3.0,3,,,,,,,,
,,,,,48597,5.0,5,,,,,,,,
,,,,,48602,5.0,5,,,,,,,,
,,,,,48615,13.0,13,,,,,,,,
,,,,,48634,19.0,19,,,,,,,,
,,,,,48637,3.0,3,,,,,,,,
,,,,,48640,3.0,3,,,,,,,,
,,,,,48643,3.0,3,,,,,,,,
,,,,,48647,4.0,4,,,,,,,,
,,,,,48657,10.0,10,,,,,,,,
,,,,,48665,8.0,8,,,,,,,,
,,,,,48668,3.0,3,,,,,,,,
,,,,,48672,4.0,4,,,,,,,,
,,,,,48680,8.0,8,,,,,,,,
,,,,,48686,6.0,6,,,,,,,,
,,,,,48689,3.0,3,,,,,,,,
,,,,,48692,3.0,3,,,,,,,,
,,,,,48697,5.0,5,,,,,,,,
,,,,,48703,6.0,6,,,,,,,,
,,,,,48706,3.0,3,,,,,,,,
,,,,,48711,5.0,5,,,,,,,,
,,,,,48714,3.0,3,,,,,,,,
,,,,,48719,5.0,5,,,,,,,,
,,,,,48722,3.0,3,,,,,,,,
,,,,,48725,3.0,3,,,,,,,,
,,,,,48728,3.0,3,,,,,,,,
,,,,,48733,5.0,5,,,,,,,,
,,,,,48737,4.0,4,,,,,,,,
,,,,,48742,5.0,5,,,,,,,,
,,,,,48745,3.0,3,,,,,,,,
,,,,,48748,3.0,3,,,,,,,,
,,,,,48751,3.0,3,,,,,,,,
,,,,,48754,3.0,3,,,,,,,,
,,,,,48757,3.0,3,,,,,,,,
,,,,,48760,3.0,3,,,,,,,,
,,,,,48765,5.0,5,,,,,,,,
,,,,,48770,5.0,5,,,,,,,,
,,,,,48774,4.0,4,,,,,,,,
,,,,,48777,3.0,3,,,,,,,,
,,,,,48780,3.0,3,,,,,,,,
,,,,,48784,4.0,4,,,,,,,,
,,,,,48789,5.0,5,,,,,,,,
,,,,,48792,3.0,3,,,,,,,,
,,,,,48795,3.0,3,,,,,,,,
,,,,,48799,4.0,4,,,,,,,,
,,,,,48802,3.0,3,,,,,,,,
,,,,,48806,4.0,4,,,,,,,,
,,,,,48809,3.0,3,,,,,,,,
,,,,,48814,5.0,5,,,,,,,,
,,,,,48820,6.0,6,,,,,,,,
,,,,,48831,11.0,11,,,,,,,,
,,,,,48837,6.0,6,,,,,,,,
,,,,,48840,3.0,3,,,,,,,,
,,,,,48849,9.0,9,,,,,,,,
,,,,,48857,8.0,8,,,,,,,,
,,,,,48862,5.0,5,,,,,,,,
,,,,,48866,4.0,4,,,,,,,,
,,,,,48869,3.0,3,,,,,,,,
,,,,,48872,3.0,3,,,,,,,,
,,,,,48878,6.0,6,,,,,,,,
,,,,,48883,5.0,5,,,,,,,,
,,,,,48900,17.0,17,,,,,,,,
,,,,,48904,4.0,4,,,,,,,,
,,,,,48908,4.0,4,,,,,,,,
,,,,,48911,3.0,3,,,,,,,,
,,,,,48914,3.0,3,,,,,,,,
,,,,,48918,4.0,4,,,,,,,,
,,,,,48922,4.0,4,,,,,,,,
,,,,,48926,4.0,4,,,,,,,,
,,,,,48932,6.0,6,,,,,,,,
,,,,,48937,5.0,5,,,,,,,,
,,,,,48942,5.0,5,,,,,,,,
,,,,,48946,4.0,4,,,,,,,,
,,,,,48954,8.0,8,,,,,,,,
,,,,,48958,4.0,4,,,,,,,,
,,,,,48964,6.0,6,,,,,,,,
,,,,,48973,9.0,9,,,,,,,,
,,,,,48981,8.0,8,,,,,,,,
,,,,,48985,4.0,4,,,,,,,,
,,,,,48989,4.0,4,,,,,,,,
,,,,,48992,3.0,3,,,,,,,,
,,,,,48996,4.0,4,,,,,,,,
,,,,,49000,,,12.824899673461914,-128.24899291992188,362.22247314453125,-46.518402099609375,-43.518035888671875,0.0003,0.0003,0.1
,,,,,49001,5.0,5,,,,,,,,
,,,,,49004,3.0,3,,,,,,,,
,,,,,49007,3.0,3,,,,,,,,
,,,,,49010,3.0,3,,,,,,,,
,,,,,49017,7.0,7,,,,,,,,
,,,,,49023,6.0,6,,,,,,,,
,,,,,49031,8.0,8,,,,,,,,
,,,,,49036,5.0,5,,,,,,,,
,,,,,49043,7.0,7,,,,,,,,
,,,,,49046,3.0,3,,,,,,,,
,,,,,49049,3.0,3,,,,,,,,
,,,,,49053,4.0,4,,,,,,,,
,,,,,49056,3.0,3,,,,,,,,
,,,,,49061,5.0,5,,,,,,,,
,,,,,49064,3.0,3,,,,,,,,
,,,,,49067,3.0,3,,,,,,,,
,,,,,49073,6.0,6,,,,,,,,
,,,,,49076,3.0,3,,,,,,,,
,,,,,49079,3.0,3,,,,,,,,
,,,,,49083,4.0,4,,,,,,,,
,,,,,49087,4.0,4,,,,,,,,
,,,,,49090,3.0,3,,,,,,,,
,,,,,49094,4.0,4,,,,,,,,
,,,,,49097,3.0,3,,,,,,,,
,,,,,49100,3.0,3,,,,,,,,
,,,,,49103,3.0,3,,,,,,,,
,,,,,49106,3.0,3,,,,,,,,
,,,,,49111,5.0,5,,,,,,,,
,,,,,49115,4.0,4,,,,,,,,
,,,,,49118,3.0,3,,,,,,,,
,,,,,49126,8.0,8,,,,,,,,
,,,,,49132,6.0,6,,,,,,,,
,,,,,49135,3.0,3,,,,,,,,
,,,,,49138,3.0,3,,,,,,,,
,,,,,49141,3.0,3,,,,,,,,
,,,,,49145,4.0,4,,,,,,,,
,,,,,49152,7.0,7,,,,,,,,
,,,,,49156,4.0,4,,,,,,,,
,,,,,49160,4.0,4,,,,,,,,
,,,,,49163,3.0,3,,,,,,,,
,,,,,49168,5.0,5,,,,,,,,
,,,,,49172,4.0,4,,,,,,,,
,,,,,49175,3.0,3,,,,,,,,
,,,,,49181,6.0,6,,,,,,,,
,,,,,49195,14.0,14,,,,,,,,
,,,,,49206,11.0,11,,,,,,,,
,,,,,49213,7.0,7,,,,,,,,
,,,,,49228,15.0,15,,,,,,,,
,,,,,49233,5.0,5,,,,,,,,
,,,,,49239,6.0,6,,,,,,,,
,,,,,49256,17.0,17,,,,,,,,
,,,,,49259,3.0,3,,,,,,,,
,,,,,49263,4.0,4,,,,,,,,
,,,,,49266,3.0,3,,,,,,,,
,,,,,49274,8.0,8,,,,,,,,
,,,,,49286,12.0,12,,,,,,,,
,,,,,49295,9.0,9,,,,,,,,
,,,,,49298,3.0,3,,,,,,,,
,,,,,49313,15.0,15,,,,,,,,
,,,,,49317,4.0,4,,,,,,,,
,,,,,49321,4.0,4,,,,,,,,
,,,,,49328,7.0,7,,,,,,,,
,,,,,49341,13.0,13,,,,,,,,
,,,,,49351,10.0,10,,,,,,,,
,,,,,49354,3.0,3,,,,,,,,
,,,,,49368,14.0,14,,,,,,,,
,,,,,49374,6.0,6,,,,,,,,
,,,,,49384,10.0,10,,,,,,,,
,,,,,49393,9.0,9,,,,,,,,
,,,,,49403,10.0,10,,,,,,,,
,,,,,49414,11.0,11,,,,,,,,
,,,,,49431,17.0,17,,,,,,,,
,,,,,49434,3.0,3,,,,,,,,
,,,,,49450,16.0,16,,,,,,,,
,,,,,49453,3.0,3,,,,,,,,
,,,,,49460,7.0,7,,,,,,,,
,,,,,49475,15.0,15,,,,,,,,
,,,,,49486,11.0,11,,,,,,,,
,,,,,49504,18.0,18,,,,,,,,
,,,,,49518,14.0,14,,,,,,,,
,,,,,49525,7.0,7,,,,,,,,
,,,,,49531,6.0,6,,,,,,,,
,,,,,49536,5.0,5,,,,,,,,
,,,,,49539,3.0,3,,,,,,,,
,,,,,49542,3.0,3,,,,,,,,
,,,,,49547,5.0,5,,,,,,,,
,,,,,49557,10.0,10,,,,,,,,
,,,,,49578,21.0,21,,,,,,,,
,,,,,49585,7.0,7,,,,,,,,
,,,,,49590,5.0,5,,,,,,,,
,,,,,49602,12.0,12,,,,,,,,
,,,,,49616,14.0,14,,,,,,,,
,,,,,49625,9.0,9,,,,,,,,
,,,,,49638,13.0,13,,,,,,,,
,,,,,49648,10.0,10,,,,,,,,
,,,,,49662,14.0,14,,,,,,,,
,,,,,49667,5.0,5,,,,,,,,
,,,,,49679,12.0,12,,,,,,,,
,,,,,49684,5.0,5,,,,,,,,
,,,,,49689,5.0,5,,,,,,,,
,,,,,49693,4.0,4,,,,,,,,
,,,,,49705,12.0,12,,,,,,,,
,,,,,49716,11.0,11,,,,,,,,
,,,,,49722,6.0,6,,,,,,,,
,,,,,49725,3.0,3,,,,,,,,
,,,,,49741,16.0,16,,,,,,,,
,,,,,49744,3.0,3,,,,,,,,
,,,,,49747,3.0,3,,,,,,,,
,,,,,49752,5.0,5,,,,,,,,
,,,,,49759,7.0,7,,,,,,,,
,,,,,49766,7.0,7,,,,,,,,
,,,,,49792,26.0,26,,,,,,,,
,,,,,49796,4.0,4,,,,,,,,
,,,,,49801,5.0,5,,,,,,,,
,,,,,49840,39.0,39,,,,,,,,
,,,,,49844,4.0,4,,,,,,,,
,,,,,49860,16.0,16,,,,,,,,
,,,,,49870,10.0,10,,,,,,,,
,,,,,49891,21.0,21,,,,,,,,
,,,,,49898,7.0,7,,,,,,,,
,,,,,49901,3.0,3,,,,,,,,
,,,,,49906,5.0,5,,,,,,,,
,,,,,49911,5.0,5,,,,,,,,
,,,,,49932,21.0,21,,,,,,,,
,,,,,49938,6.0,6,,,,,,,,
,,,,,49942,4.0,4,,,,,,,,
,,,,,49951,9.0,9,,,,,,,,
,,,,,49958,7.0,7,,,,,,,,
,,,,,49968,10.0,10,,,,,,,,
,,,,,49979,11.0,11,,,,,,,,
,,,,,49986,7.0,7,,,,,,,,
,,,,,49991,5.0,5,,,,,,,,
,,,,,49998,7.0,7,,,,,,,,
