Eval_AverageReturn,Eval_StdReturn,Eval_MaxReturn,Eval_MinReturn,Eval_AverageEpLen,step,Train_EpisodeReturn,Train_EpisodeLen,actor_loss,entropy,critic_loss,q_values,target_values,actor_lr,critic_lr,temperature
-241.71858,58.920044,-145.46234,-331.7727,1000.0,0,,,,,,,,,,
,,,,,999,-465.66608,1000,,,,,,,,
,,,,,1999,-268.185,1000,,,,,,,,
,,,,,2999,-271.92798,1000,,,,,,,,
,,,,,3999,-175.05663,1000,,,,,,,,
,,,,,4999,-325.7463,1000,,,,,,,,
-228.09756,52.485367,-152.53549,-332.05487,1000.0,5000,,,,,,,,,,
,,,,,5999,-254.92435,1000,,,,,,,,
,,,,,6999,-276.09085,1000,,,,,,,,
,,,,,7999,-195.8748,1000,,,,,,,,
,,,,,8999,-174.78065,1000,,,,,,,,
,,,,,9999,-273.21027,1000,,,,,,,,
-251.71968,65.77126,-170.39095,-376.35873,1000.0,10000,,,-0.3605998754501343,3.712705612182617,0.4079247713088989,-0.013409202918410301,0.08311919867992401,0.0003,0.0003,0.1
,,,,,10999,-171.43411,1000,,,,,,,,
,,,,,11000,,,-2.4009671211242676,2.1935744285583496,0.4244442880153656,1.6647186279296875,1.7000569105148315,0.0003,0.0003,0.1
,,,,,11999,-231.79404,1000,,,,,,,,
,,,,,12000,,,-3.590622901916504,3.1945528984069824,0.6328816413879395,3.0713491439819336,3.0288920402526855,0.0003,0.0003,0.1
,,,,,12999,-192.8214,1000,,,,,,,,
,,,,,13000,,,-5.095861434936523,2.4032094478607178,0.6279493570327759,4.444849967956543,4.27476692199707,0.0003,0.0003,0.1
,,,,,13999,-206.97646,1000,,,,,,,,
,,,,,14000,,,-7.439359188079834,2.3710989952087402,0.8223825693130493,6.745670318603516,6.642355442047119,0.0003,0.0003,0.1
,,,,,14999,-209.25572,1000,,,,,,,,
-191.35738,25.678438,-159.56992,-229.19067,1000.0,15000,,,-8.716415405273438,2.160104513168335,0.606065571308136,7.851724624633789,7.972922325134277,0.0003,0.0003,0.1
,,,,,15999,-145.08398,1000,,,,,,,,
,,,,,16000,,,-10.918773651123047,2.131295680999756,0.5792603492736816,10.074882507324219,10.202699661254883,0.0003,0.0003,0.1
,,,,,16999,-138.9522,1000,,,,,,,,
,,,,,17000,,,-13.363426208496094,2.30261492729187,0.42850470542907715,12.653247833251953,12.594188690185547,0.0003,0.0003,0.1
,,,,,17999,-138.82355,1000,,,,,,,,
,,,,,18000,,,-14.352926254272461,2.2587478160858154,0.39243075251579285,13.662223815917969,13.67213249206543,0.0003,0.0003,0.1
,,,,,18999,-33.339184,1000,,,,,,,,
,,,,,19000,,,-16.61743927001953,2.3384060859680176,0.4279559850692749,15.782692909240723,15.836804389953613,0.0003,0.0003,0.1
,,,,,19999,-3.4421587,1000,,,,,,,,
178.01585,138.3045,338.3029,-8.740652,1000.0,20000,,,-17.542619705200195,2.20497727394104,0.3617456257343292,16.882530212402344,16.85419273376465,0.0003,0.0003,0.1
,,,,,20999,97.68542,1000,,,,,,,,
,,,,,21000,,,-20.557361602783203,1.915371298789978,0.3727908730506897,19.768287658691406,19.71717643737793,0.0003,0.0003,0.1
,,,,,21999,391.80222,1000,,,,,,,,
,,,,,22000,,,-21.74490737915039,1.9710315465927124,0.38167428970336914,20.94559097290039,20.916873931884766,0.0003,0.0003,0.1
,,,,,22999,210.5315,1000,,,,,,,,
,,,,,23000,,,-22.498363494873047,1.8999720811843872,0.4774862825870514,21.805538177490234,21.70716094970703,0.0003,0.0003,0.1
,,,,,23999,406.97202,1000,,,,,,,,
,,,,,24000,,,-23.93181610107422,1.40854811668396,0.42491087317466736,23.23895263671875,23.228633880615234,0.0003,0.0003,0.1
,,,,,24999,673.2842,1000,,,,,,,,
475.76987,220.27559,887.28827,228.34616,1000.0,25000,,,-26.794145584106445,1.7075366973876953,0.3225211501121521,26.092491149902344,26.171602249145508,0.0003,0.0003,0.1
,,,,,25999,992.2563,1000,,,,,,,,
,,,,,26000,,,-30.462955474853516,1.3070342540740967,0.4700930714607239,29.522537231445312,29.675640106201172,0.0003,0.0003,0.1
,,,,,26999,777.7438,1000,,,,,,,,
,,,,,27000,,,-32.123443603515625,0.8838324546813965,0.4633897542953491,31.280946731567383,31.316261291503906,0.0003,0.0003,0.1
,,,,,27999,1137.976,1000,,,,,,,,
,,,,,28000,,,-34.256561279296875,0.9842702746391296,0.604565441608429,33.46282958984375,33.37918472290039,0.0003,0.0003,0.1
,,,,,28999,718.0939,1000,,,,,,,,
,,,,,29000,,,-39.0060920715332,0.4266449809074402,0.5079030990600586,38.049156188964844,38.091758728027344,0.0003,0.0003,0.1
,,,,,29999,1334.8193,1000,,,,,,,,
1323.2546,133.16176,1507.259,1041.196,1000.0,30000,,,-43.142601013183594,0.2337021827697754,0.6007933616638184,42.09185791015625,42.1632080078125,0.0003,0.0003,0.1
,,,,,30999,908.2932,1000,,,,,,,,
,,,,,31000,,,-46.321266174316406,0.4566001296043396,0.5370672941207886,45.465721130371094,45.513790130615234,0.0003,0.0003,0.1
,,,,,31999,1418.6879,1000,,,,,,,,
,,,,,32000,,,-50.044166564941406,-0.049640953540802,0.5660296678543091,49.05966567993164,49.008331298828125,0.0003,0.0003,0.1
,,,,,32999,829.3851,1000,,,,,,,,
,,,,,33000,,,-49.68631362915039,0.436485230922699,0.5947304368019104,48.796390533447266,48.84814453125,0.0003,0.0003,0.1
,,,,,33999,1555.3463,1000,,,,,,,,
,,,,,34000,,,-54.334373474121094,0.2573554217815399,0.6590965986251831,53.45885467529297,53.37294387817383,0.0003,0.0003,0.1
,,,,,34999,1641.3812,1000,,,,,,,,
1590.814,255.5122,1733.4054,827.5938,1000.0,35000,,,-59.20922088623047,0.23653417825698853,0.5909721851348877,58.27299880981445,58.193504333496094,0.0003,0.0003,0.1
,,,,,35999,1690.9058,1000,,,,,,,,
,,,,,36000,,,-64.15975952148438,-0.19468852877616882,0.5451366901397705,63.0512580871582,63.154319763183594,0.0003,0.0003,0.1
,,,,,36999,1666.7666,1000,,,,,,,,
,,,,,37000,,,-66.60765075683594,0.16492989659309387,0.5207964181900024,65.84082794189453,65.65882110595703,0.0003,0.0003,0.1
,,,,,37999,1837.6365,1000,,,,,,,,
,,,,,38000,,,-70.65345001220703,-0.1787814199924469,0.5395610928535461,69.57193756103516,69.57112121582031,0.0003,0.0003,0.1
,,,,,38999,1918.1091,1000,,,,,,,,
,,,,,39000,,,-80.16251373291016,-0.4044263958930969,0.6643447279930115,79.0166015625,79.26673889160156,0.0003,0.0003,0.1
,,,,,39999,727.825,1000,,,,,,,,
1904.6013,91.84281,2023.2485,1653.3439,1000.0,40000,,,-74.662109375,-0.48498982191085815,0.5828604102134705,73.62622833251953,73.61895751953125,0.0003,0.0003,0.1
,,,,,40999,2031.4935,1000,,,,,,,,
,,,,,41000,,,-81.56817626953125,-0.21005120873451233,0.6832341551780701,80.65498352050781,80.61506652832031,0.0003,0.0003,0.1
,,,,,41999,2033.9586,1000,,,,,,,,
,,,,,42000,,,-85.32980346679688,-0.49510177969932556,0.6807289719581604,84.46229553222656,84.28691864013672,0.0003,0.0003,0.1
,,,,,42999,2129.2485,1000,,,,,,,,
,,,,,43000,,,-85.19794464111328,-0.557155966758728,0.9131567478179932,84.3354721069336,84.37173461914062,0.0003,0.0003,0.1
,,,,,43999,2103.6301,1000,,,,,,,,
,,,,,44000,,,-93.61019897460938,-0.6193875074386597,0.6155027151107788,92.53286743164062,92.50652313232422,0.0003,0.0003,0.1
,,,,,44999,2145.9783,1000,,,,,,,,
1964.2458,537.7332,2292.0845,727.3127,1000.0,45000,,,-99.0749740600586,-0.5416157245635986,0.7577385306358337,97.97415161132812,97.94631958007812,0.0003,0.0003,0.1
,,,,,45999,2296.749,1000,,,,,,,,
,,,,,46000,,,-100.91777038574219,-0.626903772354126,0.6505826115608215,99.95557403564453,99.96188354492188,0.0003,0.0003,0.1
,,,,,46999,962.16956,1000,,,,,,,,
,,,,,47000,,,-103.77605438232422,-1.008460283279419,0.7469193935394287,102.73668670654297,102.73170471191406,0.0003,0.0003,0.1
,,,,,47999,2356.6326,1000,,,,,,,,
,,,,,48000,,,-108.8563232421875,-0.9033783674240112,0.6846866607666016,107.881103515625,107.99861145019531,0.0003,0.0003,0.1
,,,,,48999,2341.709,1000,,,,,,,,
,,,,,49000,,,-110.28982543945312,-0.7711814045906067,0.7499905824661255,109.08261108398438,109.06195831298828,0.0003,0.0003,0.1
,,,,,49999,789.8256,1000,,,,,,,,
2282.3657,322.9665,2517.325,1645.4899,1000.0,50000,,,-109.9561996459961,-0.8673365116119385,0.7515857219696045,108.6944808959961,108.79751586914062,0.0003,0.0003,0.1
,,,,,50999,2128.7366,1000,,,,,,,,
,,,,,51000,,,-118.34317779541016,-0.9879403114318848,0.7555019855499268,117.36768341064453,117.32701110839844,0.0003,0.0003,0.1
,,,,,51999,2525.5237,1000,,,,,,,,
,,,,,52000,,,-122.2548828125,-0.7869857549667358,0.5553738474845886,121.32686614990234,121.4454345703125,0.0003,0.0003,0.1
,,,,,52999,2514.1355,1000,,,,,,,,
,,,,,53000,,,-125.23250579833984,-0.8882417678833008,0.6231796741485596,124.30662536621094,124.23068237304688,0.0003,0.0003,0.1
,,,,,53999,2526.634,1000,,,,,,,,
,,,,,54000,,,-127.43629455566406,-0.6404151320457458,0.6643391847610474,126.31425476074219,126.38956451416016,0.0003,0.0003,0.1
,,,,,54999,2543.931,1000,,,,,,,,
2407.0103,581.15234,2638.5828,666.57104,1000.0,55000,,,-133.9454345703125,-1.1915321350097656,0.7489232420921326,132.7206573486328,132.5620880126953,0.0003,0.0003,0.1
,,,,,55999,2612.1802,1000,,,,,,,,
,,,,,56000,,,-126.93048858642578,-1.0816552639007568,0.5514931082725525,125.88544464111328,125.97575378417969,0.0003,0.0003,0.1
,,,,,56999,2608.9956,1000,,,,,,,,
,,,,,57000,,,-140.93035888671875,-1.07804274559021,0.6572902202606201,139.93675231933594,139.92037963867188,0.0003,0.0003,0.1
,,,,,57999,2659.0708,1000,,,,,,,,
,,,,,58000,,,-144.1598663330078,-1.277252197265625,1.1261894702911377,142.92401123046875,143.03086853027344,0.0003,0.0003,0.1
,,,,,58999,1623.0073,1000,,,,,,,,
,,,,,59000,,,-145.85540771484375,-1.3242722749710083,0.7382533550262451,144.9676513671875,144.91488647460938,0.0003,0.0003,0.1
,,,,,59999,2752.5337,1000,,,,,,,,
2206.718,783.76965,2760.4675,763.26154,1000.0,60000,,,-147.06268310546875,-1.3274931907653809,0.8309589624404907,146.093505859375,146.06085205078125,0.0003,0.0003,0.1
,,,,,60999,2771.4856,1000,,,,,,,,
,,,,,61000,,,-143.8601531982422,-1.2011282444000244,0.8182465434074402,142.86785888671875,142.9874267578125,0.0003,0.0003,0.1
,,,,,61999,2750.4807,1000,,,,,,,,
,,,,,62000,,,-150.8292236328125,-1.0715548992156982,0.7180749773979187,149.73110961914062,149.83538818359375,0.0003,0.0003,0.1
,,,,,62999,2800.3816,1000,,,,,,,,
,,,,,63000,,,-157.64381408691406,-1.1689993143081665,0.6384081840515137,156.54623413085938,156.53030395507812,0.0003,0.0003,0.1
,,,,,63999,2722.8638,1000,,,,,,,,
,,,,,64000,,,-156.3601837158203,-1.5643393993377686,0.6326676607131958,155.43426513671875,155.5548553466797,0.0003,0.0003,0.1
,,,,,64999,2850.2988,1000,,,,,,,,
2604.0315,589.3511,2832.8328,837.1716,1000.0,65000,,,-164.17889404296875,-1.126460313796997,0.741929829120636,163.26548767089844,163.41644287109375,0.0003,0.0003,0.1
,,,,,65999,2911.9265,1000,,,,,,,,
,,,,,66000,,,-168.19866943359375,-1.598858118057251,0.7570538520812988,167.1956329345703,167.15179443359375,0.0003,0.0003,0.1
,,,,,66999,1644.2028,1000,,,,,,,,
,,,,,67000,,,-174.06729125976562,-1.138746738433838,0.9208810329437256,173.10824584960938,173.192626953125,0.0003,0.0003,0.1
,,,,,67999,1662.4185,1000,,,,,,,,
,,,,,68000,,,-166.80007934570312,-1.7183506488800049,2.250450611114502,165.75335693359375,165.733642578125,0.0003,0.0003,0.1
,,,,,68999,2925.98,1000,,,,,,,,
,,,,,69000,,,-180.09918212890625,-1.505561113357544,0.7482308149337769,179.0364990234375,178.9755096435547,0.0003,0.0003,0.1
,,,,,69999,2907.2278,1000,,,,,,,,
3020.3608,24.800117,3065.8545,2981.2952,1000.0,70000,,,-181.4718475341797,-1.9207459688186646,0.9207078218460083,180.67276000976562,180.56942749023438,0.0003,0.0003,0.1
,,,,,70999,2958.4358,1000,,,,,,,,
,,,,,71000,,,-177.67124938964844,-1.1576051712036133,1.0204187631607056,176.56503295898438,176.69671630859375,0.0003,0.0003,0.1
,,,,,71999,2963.846,1000,,,,,,,,
,,,,,72000,,,-184.33154296875,-1.5221298933029175,0.8397156000137329,183.52487182617188,183.5894775390625,0.0003,0.0003,0.1
,,,,,72999,3023.0686,1000,,,,,,,,
,,,,,73000,,,-189.69776916503906,-1.5748382806777954,3.4717588424682617,188.57662963867188,188.55661010742188,0.0003,0.0003,0.1
,,,,,73999,3012.4607,1000,,,,,,,,
,,,,,74000,,,-186.29013061523438,-1.341407299041748,0.7670482397079468,185.2781219482422,185.41836547851562,0.0003,0.0003,0.1
,,,,,74999,2979.2761,1000,,,,,,,,
2956.815,36.66157,3008.3987,2885.1038,1000.0,75000,,,-192.94024658203125,-1.5025229454040527,1.0075533390045166,192.1705780029297,192.15887451171875,0.0003,0.0003,0.1
,,,,,75999,3040.529,1000,,,,,,,,
,,,,,76000,,,-186.17523193359375,-1.3668577671051025,0.6955316066741943,185.3645477294922,185.39842224121094,0.0003,0.0003,0.1
,,,,,76999,3107.1438,1000,,,,,,,,
,,,,,77000,,,-198.0181884765625,-1.6320632696151733,0.7999303936958313,197.0625457763672,197.06884765625,0.0003,0.0003,0.1
,,,,,77999,3097.4854,1000,,,,,,,,
,,,,,78000,,,-201.35958862304688,-1.9949750900268555,1.204943299293518,200.25201416015625,200.2659912109375,0.0003,0.0003,0.1
,,,,,78999,3142.3188,1000,,,,,,,,
,,,,,79000,,,-207.70535278320312,-1.6764795780181885,1.0195683240890503,206.52838134765625,206.5202178955078,0.0003,0.0003,0.1
,,,,,79999,3101.544,1000,,,,,,,,
3181.6282,32.667767,3221.1543,3132.7563,1000.0,80000,,,-203.86807250976562,-1.8196473121643066,0.8936265110969543,202.81686401367188,202.73426818847656,0.0003,0.0003,0.1
,,,,,80999,3195.136,1000,,,,,,,,
,,,,,81000,,,-209.26809692382812,-1.2553222179412842,0.8555048704147339,208.28555297851562,208.0934600830078,0.0003,0.0003,0.1
,,,,,81999,3245.8462,1000,,,,,,,,
,,,,,82000,,,-209.8385772705078,-1.543969750404358,0.7448638677597046,208.9213409423828,208.87265014648438,0.0003,0.0003,0.1
,,,,,82999,3264.1501,1000,,,,,,,,
,,,,,83000,,,-212.04335021972656,-1.8790712356567383,0.9609837532043457,211.10923767089844,211.24609375,0.0003,0.0003,0.1
,,,,,83999,3244.1575,1000,,,,,,,,
,,,,,84000,,,-216.11572265625,-2.0087509155273438,0.8140710592269897,215.10464477539062,215.21517944335938,0.0003,0.0003,0.1
,,,,,84999,3262.1514,1000,,,,,,,,
3327.321,23.611704,3363.19,3301.865,1000.0,85000,,,-215.40591430664062,-2.188188076019287,1.010702133178711,214.31747436523438,214.36038208007812,0.0003,0.0003,0.1
,,,,,85999,3342.492,1000,,,,,,,,
,,,,,86000,,,-217.37646484375,-1.7294502258300781,0.8337798714637756,216.38278198242188,216.46707153320312,0.0003,0.0003,0.1
,,,,,86999,3287.8472,1000,,,,,,,,
,,,,,87000,,,-213.5723419189453,-2.0142087936401367,0.7657343149185181,212.63314819335938,212.77593994140625,0.0003,0.0003,0.1
,,,,,87999,3347.0723,1000,,,,,,,,
,,,,,88000,,,-219.13067626953125,-1.6035276651382446,0.8479387164115906,218.16090393066406,218.1112060546875,0.0003,0.0003,0.1
,,,,,88999,3371.232,1000,,,,,,,,
,,,,,89000,,,-218.38784790039062,-1.7727969884872437,0.8294193744659424,217.3868408203125,217.47860717773438,0.0003,0.0003,0.1
,,,,,89999,3405.376,1000,,,,,,,,
3365.1472,29.414305,3400.8506,3307.2625,1000.0,90000,,,-227.540771484375,-1.7941067218780518,0.691545844078064,226.49668884277344,226.50338745117188,0.0003,0.0003,0.1
,,,,,90999,3418.5457,1000,,,,,,,,
,,,,,91000,,,-230.16070556640625,-1.9944738149642944,0.9887109398841858,229.2744140625,229.3037109375,0.0003,0.0003,0.1
,,,,,91999,3436.4456,1000,,,,,,,,
,,,,,92000,,,-236.30844116210938,-2.008612871170044,1.046852946281433,235.33404541015625,235.53005981445312,0.0003,0.0003,0.1
,,,,,92999,3435.0183,1000,,,,,,,,
,,,,,93000,,,-230.86178588867188,-2.1229166984558105,0.9083213806152344,229.888427734375,229.7852020263672,0.0003,0.0003,0.1
,,,,,93999,3418.6902,1000,,,,,,,,
,,,,,94000,,,-238.65420532226562,-2.560904026031494,0.8300325274467468,237.45433044433594,237.33229064941406,0.0003,0.0003,0.1
,,,,,94999,3457.56,1000,,,,,,,,
3507.571,24.16621,3559.677,3463.4001,1000.0,95000,,,-242.35992431640625,-2.7252447605133057,0.9348634481430054,241.36476135253906,241.51141357421875,0.0003,0.0003,0.1
,,,,,95999,3518.7495,1000,,,,,,,,
,,,,,96000,,,-241.3813018798828,-2.1869277954101562,0.874987006187439,240.45730590820312,240.4175262451172,0.0003,0.0003,0.1
,,,,,96999,3514.8254,1000,,,,,,,,
,,,,,97000,,,-244.26358032226562,-2.1858999729156494,0.80771803855896,243.39254760742188,243.33665466308594,0.0003,0.0003,0.1
,,,,,97999,3444.6362,1000,,,,,,,,
,,,,,98000,,,-254.39459228515625,-2.4747672080993652,1.3625094890594482,253.3428955078125,253.2508544921875,0.0003,0.0003,0.1
,,,,,98999,3563.1614,1000,,,,,,,,
,,,,,99000,,,-247.19488525390625,-2.4738216400146484,0.8347209692001343,246.16134643554688,246.24270629882812,0.0003,0.0003,0.1
,,,,,99999,3608.5308,1000,,,,,,,,
3140.1924,845.78,3613.7556,1435.6581,1000.0,100000,,,-256.8959655761719,-2.040534734725952,0.8529103994369507,255.90216064453125,255.77444458007812,0.0003,0.0003,0.1
,,,,,100999,3630.5583,1000,,,,,,,,
,,,,,101000,,,-256.9249572753906,-2.1836652755737305,0.9669768214225769,256.0302734375,255.96286010742188,0.0003,0.0003,0.1
,,,,,101999,3669.9304,1000,,,,,,,,
,,,,,102000,,,-256.8080139160156,-2.226503372192383,0.859673261642456,255.74819946289062,255.76280212402344,0.0003,0.0003,0.1
,,,,,102999,605.5657,1000,,,,,,,,
,,,,,103000,,,-252.68434143066406,-2.4859278202056885,1.379475474357605,251.360107421875,251.41842651367188,0.0003,0.0003,0.1
,,,,,103999,3683.345,1000,,,,,,,,
,,,,,104000,,,-252.08056640625,-2.3309011459350586,1.0407198667526245,251.08009338378906,251.1088409423828,0.0003,0.0003,0.1
,,,,,104999,3653.9678,1000,,,,,,,,
3526.4604,253.79134,3680.5515,2770.4827,1000.0,105000,,,-257.3336486816406,-2.4383726119995117,0.9524060487747192,256.2897033691406,256.4451904296875,0.0003,0.0003,0.1
,,,,,105999,3667.0688,1000,,,,,,,,
,,,,,106000,,,-257.1922912597656,-2.5166378021240234,0.8998814821243286,256.12701416015625,256.23748779296875,0.0003,0.0003,0.1
,,,,,106999,3667.0916,1000,,,,,,,,
,,,,,107000,,,-261.20684814453125,-2.422559976577759,0.8540422916412354,260.0159912109375,260.30126953125,0.0003,0.0003,0.1
,,,,,107999,3656.8774,1000,,,,,,,,
,,,,,108000,,,-274.7535400390625,-2.5718517303466797,1.483313798904419,273.8129577636719,273.90966796875,0.0003,0.0003,0.1
,,,,,108999,3703.2803,1000,,,,,,,,
,,,,,109000,,,-264.09429931640625,-2.1855897903442383,1.010035753250122,263.06671142578125,262.952880859375,0.0003,0.0003,0.1
,,,,,109999,2868.3635,1000,,,,,,,,
3661.8308,254.50186,3781.896,2901.2202,1000.0,110000,,,-272.16192626953125,-2.727221965789795,1.1594566106796265,271.1158752441406,271.2086181640625,0.0003,0.0003,0.1
,,,,,110999,3684.9211,1000,,,,,,,,
,,,,,111000,,,-270.75579833984375,-2.6441855430603027,0.85345458984375,269.89813232421875,269.83551025390625,0.0003,0.0003,0.1
,,,,,111999,3781.707,1000,,,,,,,,
,,,,,112000,,,-269.64044189453125,-2.5898540019989014,1.1839717626571655,268.27593994140625,268.25482177734375,0.0003,0.0003,0.1
,,,,,112999,3737.4062,1000,,,,,,,,
,,,,,113000,,,-286.5555419921875,-2.6715614795684814,1.5498839616775513,285.55474853515625,285.3536376953125,0.0003,0.0003,0.1
,,,,,113999,3803.876,1000,,,,,,,,
,,,,,114000,,,-278.052734375,-2.7117514610290527,1.8173372745513916,277.19903564453125,277.2747802734375,0.0003,0.0003,0.1
,,,,,114999,3854.6838,1000,,,,,,,,
3841.9011,50.42081,3910.42,3735.9426,1000.0,115000,,,-281.402587890625,-2.815037488937378,1.324838399887085,280.4586181640625,280.4722900390625,0.0003,0.0003,0.1
,,,,,115999,1176.0238,1000,,,,,,,,
,,,,,116000,,,-278.5295715332031,-2.6512575149536133,1.5418518781661987,277.32861328125,277.34564208984375,0.0003,0.0003,0.1
,,,,,116999,3781.3362,1000,,,,,,,,
,,,,,117000,,,-289.6851806640625,-2.5709450244903564,0.9387261867523193,288.8961486816406,288.8835754394531,0.0003,0.0003,0.1
,,,,,117999,3705.6938,1000,,,,,,,,
,,,,,118000,,,-277.647216796875,-2.453016996383667,1.1606889963150024,276.8538818359375,276.8053894042969,0.0003,0.0003,0.1
,,,,,118999,3881.5334,1000,,,,,,,,
,,,,,119000,,,-290.04315185546875,-2.568305492401123,1.47254478931427,289.04534912109375,288.99298095703125,0.0003,0.0003,0.1
,,,,,119999,3890.4868,1000,,,,,,,,
3871.4395,41.391075,3919.609,3783.3403,1000.0,120000,,,-288.0512390136719,-2.7307727336883545,1.0509425401687622,287.07623291015625,287.1077575683594,0.0003,0.0003,0.1
,,,,,120999,3935.7166,1000,,,,,,,,
,,,,,121000,,,-288.4664306640625,-2.639883279800415,1.8036707639694214,287.44036865234375,287.36053466796875,0.0003,0.0003,0.1
,,,,,121999,3839.288,1000,,,,,,,,
,,,,,122000,,,-296.081298828125,-2.7131099700927734,1.1441096067428589,295.0108642578125,295.137451171875,0.0003,0.0003,0.1
,,,,,122999,3920.4175,1000,,,,,,,,
,,,,,123000,,,-302.58843994140625,-2.58689284324646,0.8504964113235474,301.80474853515625,301.7550964355469,0.0003,0.0003,0.1
,,,,,123999,3950.5286,1000,,,,,,,,
,,,,,124000,,,-291.2952880859375,-2.8508639335632324,2.679481029510498,290.4034423828125,289.98388671875,0.0003,0.0003,0.1
,,,,,124999,3911.1091,1000,,,,,,,,
4013.5835,35.230347,4054.432,3931.7173,1000.0,125000,,,-301.62384033203125,-3.0634827613830566,1.9404280185699463,300.3290710449219,300.5240783691406,0.0003,0.0003,0.1
,,,,,125999,3950.9207,1000,,,,,,,,
,,,,,126000,,,-294.2911376953125,-2.720335006713867,1.0294463634490967,293.2864990234375,293.2132568359375,0.0003,0.0003,0.1
,,,,,126999,4020.986,1000,,,,,,,,
,,,,,127000,,,-293.8564147949219,-2.5499215126037598,1.0057122707366943,293.0177917480469,293.0059814453125,0.0003,0.0003,0.1
,,,,,127999,4028.6685,1000,,,,,,,,
,,,,,128000,,,-298.0956726074219,-3.2764434814453125,1.1633858680725098,296.96087646484375,296.7913818359375,0.0003,0.0003,0.1
,,,,,128999,3959.3638,1000,,,,,,,,
,,,,,129000,,,-293.32354736328125,-3.1132259368896484,1.2611101865768433,292.2539367675781,292.1643981933594,0.0003,0.0003,0.1
,,,,,129999,4035.6147,1000,,,,,,,,
4013.4192,21.724648,4055.8782,3982.4636,1000.0,130000,,,-309.30987548828125,-2.8772544860839844,0.9796032905578613,308.5328369140625,308.33233642578125,0.0003,0.0003,0.1
,,,,,130999,4015.0317,1000,,,,,,,,
,,,,,131000,,,-311.5830078125,-2.919008731842041,1.001847267150879,310.68182373046875,310.7871398925781,0.0003,0.0003,0.1
,,,,,131999,4002.2488,1000,,,,,,,,
,,,,,132000,,,-312.6285400390625,-2.6630594730377197,0.8540332317352295,311.6158142089844,311.59527587890625,0.0003,0.0003,0.1
,,,,,132999,4069.1904,1000,,,,,,,,
,,,,,133000,,,-307.781494140625,-2.4829773902893066,1.023355484008789,306.85711669921875,306.90838623046875,0.0003,0.0003,0.1
,,,,,133999,4012.587,1000,,,,,,,,
,,,,,134000,,,-288.27056884765625,-2.2985095977783203,1.126354455947876,287.395263671875,287.373291015625,0.0003,0.0003,0.1
,,,,,134999,4140.2363,1000,,,,,,,,
4047.5657,46.74066,4104.085,3938.3137,1000.0,135000,,,-306.9739990234375,-2.8299806118011475,1.684483528137207,305.92864990234375,305.8668212890625,0.0003,0.0003,0.1
,,,,,135999,4063.3506,1000,,,,,,,,
,,,,,136000,,,-307.8131103515625,-2.5756728649139404,1.0154156684875488,306.86767578125,306.8485107421875,0.0003,0.0003,0.1
,,,,,136999,4129.323,1000,,,,,,,,
,,,,,137000,,,-308.063232421875,-2.655928134918213,1.2891905307769775,307.050537109375,307.21405029296875,0.0003,0.0003,0.1
,,,,,137999,4109.1157,1000,,,,,,,,
,,,,,138000,,,-315.4847717285156,-2.7864654064178467,1.4666311740875244,314.41082763671875,314.37750244140625,0.0003,0.0003,0.1
,,,,,138999,4130.5835,1000,,,,,,,,
,,,,,139000,,,-321.08331298828125,-3.2774038314819336,1.1628485918045044,320.0456848144531,320.1087646484375,0.0003,0.0003,0.1
,,,,,139999,4155.9844,1000,,,,,,,,
3873.2886,662.75385,4173.743,1889.0598,1000.0,140000,,,-325.7047424316406,-2.6900134086608887,1.2433581352233887,324.66961669921875,324.7593994140625,0.0003,0.0003,0.1
,,,,,140999,4187.049,1000,,,,,,,,
,,,,,141000,,,-318.39080810546875,-2.6355090141296387,1.1169655323028564,317.23248291015625,317.13677978515625,0.0003,0.0003,0.1
,,,,,141999,4210.7173,1000,,,,,,,,
,,,,,142000,,,-314.9620666503906,-2.5314676761627197,1.9331130981445312,313.78424072265625,313.8703918457031,0.0003,0.0003,0.1
,,,,,142999,4216.352,1000,,,,,,,,
,,,,,143000,,,-323.2785949707031,-2.8978562355041504,1.128995656967163,322.3599853515625,322.4570007324219,0.0003,0.0003,0.1
,,,,,143999,4250.6616,1000,,,,,,,,
,,,,,144000,,,-323.473388671875,-3.102158546447754,1.294152021408081,322.3133544921875,322.3397216796875,0.0003,0.0003,0.1
,,,,,144999,4204.2007,1000,,,,,,,,
4249.345,23.00732,4293.007,4205.311,1000.0,145000,,,-322.4668273925781,-3.373478412628174,1.1573271751403809,321.6888427734375,321.51348876953125,0.0003,0.0003,0.1
,,,,,145999,4242.136,1000,,,,,,,,
,,,,,146000,,,-317.16778564453125,-2.976059913635254,0.9902151823043823,316.3096618652344,316.2951354980469,0.0003,0.0003,0.1
,,,,,146999,4313.8545,1000,,,,,,,,
,,,,,147000,,,-330.119140625,-2.772397994995117,0.9855032563209534,329.05914306640625,329.1339111328125,0.0003,0.0003,0.1
,,,,,147999,4263.3545,1000,,,,,,,,
,,,,,148000,,,-338.9569091796875,-3.0816121101379395,1.0954513549804688,338.0454406738281,338.1105651855469,0.0003,0.0003,0.1
,,,,,148999,4378.7817,1000,,,,,,,,
,,,,,149000,,,-341.72119140625,-3.057908535003662,1.122633457183838,340.77374267578125,340.9078369140625,0.0003,0.0003,0.1
,,,,,149999,4337.8184,1000,,,,,,,,
4375.0234,32.897995,4444.025,4332.5664,1000.0,150000,,,-341.2629089355469,-3.2394814491271973,1.1582770347595215,340.26495361328125,340.25128173828125,0.0003,0.0003,0.1
,,,,,150999,4290.7886,1000,,,,,,,,
,,,,,151000,,,-329.0377197265625,-2.803842067718506,1.4627119302749634,327.7635192871094,327.9361267089844,0.0003,0.0003,0.1
,,,,,151999,3998.4167,1000,,,,,,,,
,,,,,152000,,,-340.4810791015625,-2.9441800117492676,1.0139288902282715,339.51458740234375,339.7061767578125,0.0003,0.0003,0.1
,,,,,152999,4385.7666,1000,,,,,,,,
,,,,,153000,,,-330.24163818359375,-3.0011706352233887,1.418170690536499,329.06854248046875,329.09637451171875,0.0003,0.0003,0.1
,,,,,153999,4366.6567,1000,,,,,,,,
,,,,,154000,,,-331.179443359375,-3.0556535720825195,1.140008568763733,330.02984619140625,330.154052734375,0.0003,0.0003,0.1
,,,,,154999,4346.3774,1000,,,,,,,,
4330.8955,257.7294,4499.6196,3566.3462,1000.0,155000,,,-332.2804870605469,-3.197408676147461,1.4831905364990234,331.19207763671875,331.1850891113281,0.0003,0.0003,0.1
,,,,,155999,4405.0615,1000,,,,,,,,
,,,,,156000,,,-344.09710693359375,-2.581918716430664,1.0380847454071045,343.10345458984375,343.20123291015625,0.0003,0.0003,0.1
,,,,,156999,4358.3403,1000,,,,,,,,
,,,,,157000,,,-335.5719909667969,-3.032890796661377,1.1857911348342896,334.7562561035156,334.8218994140625,0.0003,0.0003,0.1
,,,,,157999,4360.749,1000,,,,,,,,
,,,,,158000,,,-343.51202392578125,-3.211775779724121,2.8432164192199707,342.51922607421875,342.7940979003906,0.0003,0.0003,0.1
,,,,,158999,4410.591,1000,,,,,,,,
,,,,,159000,,,-343.692138671875,-3.1950292587280273,1.496978521347046,342.54168701171875,342.40118408203125,0.0003,0.0003,0.1
,,,,,159999,4433.7134,1000,,,,,,,,
4406.5737,48.79427,4497.1655,4330.6587,1000.0,160000,,,-357.4081726074219,-3.4725592136383057,1.5091098546981812,356.0785217285156,356.2374267578125,0.0003,0.0003,0.1
,,,,,160999,4465.701,1000,,,,,,,,
,,,,,161000,,,-352.4105224609375,-3.2218658924102783,1.7929997444152832,351.2456970214844,351.170654296875,0.0003,0.0003,0.1
,,,,,161999,4486.9326,1000,,,,,,,,
,,,,,162000,,,-354.561767578125,-3.011916160583496,1.2371952533721924,353.3785400390625,353.6557312011719,0.0003,0.0003,0.1
,,,,,162999,4445.3384,1000,,,,,,,,
,,,,,163000,,,-350.99603271484375,-3.2532975673675537,1.2380356788635254,349.82537841796875,349.74188232421875,0.0003,0.0003,0.1
,,,,,163999,4476.7993,1000,,,,,,,,
,,,,,164000,,,-353.9412841796875,-2.977109909057617,1.3862993717193604,352.87030029296875,352.91046142578125,0.0003,0.0003,0.1
,,,,,164999,4473.171,1000,,,,,,,,
4484.73,44.50499,4536.0615,4371.7373,1000.0,165000,,,-347.57330322265625,-2.9751930236816406,1.6099977493286133,346.3507995605469,346.22308349609375,0.0003,0.0003,0.1
,,,,,165999,4427.3643,1000,,,,,,,,
,,,,,166000,,,-348.82666015625,-2.842743396759033,1.2129032611846924,347.84417724609375,347.75701904296875,0.0003,0.0003,0.1
,,,,,166999,4400.716,1000,,,,,,,,
,,,,,167000,,,-357.97442626953125,-2.60833740234375,1.6307578086853027,357.10687255859375,357.13519287109375,0.0003,0.0003,0.1
,,,,,167999,4538.2744,1000,,,,,,,,
,,,,,168000,,,-354.1712341308594,-3.0039453506469727,1.2896004915237427,353.2991943359375,353.28656005859375,0.0003,0.0003,0.1
,,,,,168999,4509.59,1000,,,,,,,,
,,,,,169000,,,-368.78857421875,-3.1213526725769043,1.1668736934661865,367.65802001953125,367.68731689453125,0.0003,0.0003,0.1
,,,,,169999,4515.2627,1000,,,,,,,,
4556.5815,36.26266,4597.3325,4464.21,1000.0,170000,,,-371.5450439453125,-3.1153531074523926,1.381582498550415,370.7121887207031,370.52618408203125,0.0003,0.0003,0.1
,,,,,170999,4544.1113,1000,,,,,,,,
,,,,,171000,,,-354.857666015625,-3.563978672027588,1.5034704208374023,353.5543212890625,353.6326599121094,0.0003,0.0003,0.1
,,,,,171999,4537.8735,1000,,,,,,,,
,,,,,172000,,,-367.401123046875,-3.527372360229492,2.306324005126953,366.24749755859375,366.14263916015625,0.0003,0.0003,0.1
,,,,,172999,4585.7217,1000,,,,,,,,
,,,,,173000,,,-375.0516662597656,-3.808288097381592,2.000303268432617,373.95294189453125,373.86944580078125,0.0003,0.0003,0.1
,,,,,173999,4668.365,1000,,,,,,,,
,,,,,174000,,,-369.7162170410156,-3.3690314292907715,2.603506565093994,368.6778869628906,368.4295349121094,0.0003,0.0003,0.1
,,,,,174999,4597.9575,1000,,,,,,,,
4439.4727,452.95224,4751.3926,3198.4734,1000.0,175000,,,-368.75311279296875,-3.2873268127441406,1.6863447427749634,367.6278076171875,367.48699951171875,0.0003,0.0003,0.1
,,,,,175999,4609.05,1000,,,,,,,,
,,,,,176000,,,-373.1705322265625,-3.5635018348693848,1.6407204866409302,371.99273681640625,371.7297058105469,0.0003,0.0003,0.1
,,,,,176999,4619.5786,1000,,,,,,,,
,,,,,177000,,,-377.8995056152344,-3.601915121078491,1.3845926523208618,376.7033386230469,376.5634765625,0.0003,0.0003,0.1
,,,,,177999,4611.966,1000,,,,,,,,
,,,,,178000,,,-381.89630126953125,-3.691185235977173,1.4667887687683105,380.8681945800781,380.9919738769531,0.0003,0.0003,0.1
,,,,,178999,4693.7856,1000,,,,,,,,
,,,,,179000,,,-387.8517150878906,-3.6109519004821777,1.1873807907104492,386.8289489746094,386.92340087890625,0.0003,0.0003,0.1
,,,,,179999,4611.7593,1000,,,,,,,,
4602.4785,182.22888,4788.0713,4079.2795,1000.0,180000,,,-377.329345703125,-2.916595935821533,1.3255614042282104,376.43670654296875,376.2720947265625,0.0003,0.0003,0.1
,,,,,180999,4678.5444,1000,,,,,,,,
,,,,,181000,,,-374.07659912109375,-3.3158063888549805,1.3728374242782593,372.7791748046875,372.5989685058594,0.0003,0.0003,0.1
,,,,,181999,4636.8477,1000,,,,,,,,
,,,,,182000,,,-380.5589294433594,-3.265622615814209,2.2386529445648193,379.19354248046875,379.5198974609375,0.0003,0.0003,0.1
,,,,,182999,4619.1733,1000,,,,,,,,
,,,,,183000,,,-377.1103820800781,-2.82098126411438,1.306804895401001,376.2794189453125,376.2003479003906,0.0003,0.0003,0.1
,,,,,183999,4717.949,1000,,,,,,,,
,,,,,184000,,,-368.436279296875,-2.735186815261841,1.283900260925293,367.427001953125,367.36981201171875,0.0003,0.0003,0.1
,,,,,184999,4668.937,1000,,,,,,,,
4670.1196,80.08512,4747.254,4458.6533,1000.0,185000,,,-383.0037536621094,-3.1273014545440674,1.2172629833221436,382.098388671875,382.09033203125,0.0003,0.0003,0.1
,,,,,185999,4747.2954,1000,,,,,,,,
,,,,,186000,,,-381.14031982421875,-2.915393829345703,1.4275271892547607,380.3492126464844,380.44091796875,0.0003,0.0003,0.1
,,,,,186999,4793.077,1000,,,,,,,,
,,,,,187000,,,-386.9492492675781,-3.300795078277588,1.313406229019165,385.948974609375,385.80645751953125,0.0003,0.0003,0.1
,,,,,187999,4842.7314,1000,,,,,,,,
,,,,,188000,,,-388.3341979980469,-3.220662832260132,1.070914626121521,387.4190673828125,387.397705078125,0.0003,0.0003,0.1
,,,,,188999,4873.876,1000,,,,,,,,
,,,,,189000,,,-387.2803649902344,-3.6849708557128906,1.1481391191482544,386.0616455078125,386.05792236328125,0.0003,0.0003,0.1
,,,,,189999,4674.1187,1000,,,,,,,,
4682.1025,281.49136,4845.744,3847.903,1000.0,190000,,,-383.199462890625,-3.7275948524475098,1.685760736465454,381.8203125,381.75701904296875,0.0003,0.0003,0.1
,,,,,190999,4610.8584,1000,,,,,,,,
,,,,,191000,,,-400.51031494140625,-4.0578413009643555,2.082916498184204,399.239501953125,399.387939453125,0.0003,0.0003,0.1
,,,,,191999,4737.5083,1000,,,,,,,,
,,,,,192000,,,-396.9326477050781,-3.746856927871704,1.5896435976028442,395.7131652832031,395.7491455078125,0.0003,0.0003,0.1
,,,,,192999,4914.7144,1000,,,,,,,,
,,,,,193000,,,-399.296630859375,-3.6215357780456543,1.6965913772583008,398.0966491699219,397.8395080566406,0.0003,0.0003,0.1
,,,,,193999,4854.3784,1000,,,,,,,,
,,,,,194000,,,-402.21435546875,-3.4800710678100586,1.7070684432983398,400.9643859863281,401.10186767578125,0.0003,0.0003,0.1
,,,,,194999,4880.5767,1000,,,,,,,,
4564.9873,812.9684,4905.729,2128.552,1000.0,195000,,,-416.177001953125,-4.221114635467529,1.4316198825836182,415.19390869140625,415.1783142089844,0.0003,0.0003,0.1
,,,,,195999,4865.4556,1000,,,,,,,,
,,,,,196000,,,-404.6048889160156,-3.6374502182006836,1.6710312366485596,403.237060546875,403.1772766113281,0.0003,0.0003,0.1
,,,,,196999,5002.5083,1000,,,,,,,,
,,,,,197000,,,-402.7415771484375,-3.730828046798706,3.9102766513824463,401.2104187011719,401.1751403808594,0.0003,0.0003,0.1
,,,,,197999,229.33975,1000,,,,,,,,
,,,,,198000,,,-408.47344970703125,-3.9617583751678467,2.8962514400482178,406.8011779785156,406.8526306152344,0.0003,0.0003,0.1
,,,,,198999,4896.1562,1000,,,,,,,,
,,,,,199000,,,-407.1645202636719,-3.818991184234619,2.0300722122192383,406.015869140625,406.0179443359375,0.0003,0.0003,0.1
,,,,,199999,3227.8242,1000,,,,,,,,
4955.074,44.434498,5009.5557,4878.3623,1000.0,200000,,,-410.2840270996094,-3.900346279144287,1.6409668922424316,409.3907470703125,409.49993896484375,0.0003,0.0003,0.1
,,,,,200999,4970.9272,1000,,,,,,,,
,,,,,201000,,,-397.03265380859375,-3.5817015171051025,5.697203636169434,395.807861328125,395.7142333984375,0.0003,0.0003,0.1
,,,,,201999,4863.644,1000,,,,,,,,
,,,,,202000,,,-405.7933349609375,-3.8995537757873535,2.0100250244140625,404.62078857421875,404.64874267578125,0.0003,0.0003,0.1
,,,,,202999,4870.3193,1000,,,,,,,,
,,,,,203000,,,-409.8989562988281,-3.471207618713379,1.5244452953338623,408.5898742675781,408.568115234375,0.0003,0.0003,0.1
,,,,,203999,4892.5044,1000,,,,,,,,
,,,,,204000,,,-396.2655944824219,-3.412227153778076,2.1913743019104004,395.10284423828125,395.1594543457031,0.0003,0.0003,0.1
,,,,,204999,4869.3545,1000,,,,,,,,
4447.7812,1415.8005,4967.7207,202.80872,1000.0,205000,,,-407.6288146972656,-3.690582752227783,3.300607681274414,406.3553466796875,406.4576416015625,0.0003,0.0003,0.1
,,,,,205999,4851.9707,1000,,,,,,,,
,,,,,206000,,,-410.35076904296875,-3.4216675758361816,3.2263903617858887,409.24530029296875,409.284423828125,0.0003,0.0003,0.1
,,,,,206999,4935.1255,1000,,,,,,,,
,,,,,207000,,,-418.580322265625,-3.4869179725646973,1.9464462995529175,417.56475830078125,417.87213134765625,0.0003,0.0003,0.1
,,,,,207999,4735.0425,1000,,,,,,,,
,,,,,208000,,,-407.9270324707031,-3.3694987297058105,1.8039599657058716,406.9236145019531,406.9453125,0.0003,0.0003,0.1
,,,,,208999,4997.1475,1000,,,,,,,,
,,,,,209000,,,-416.79473876953125,-3.9113941192626953,5.616791725158691,415.9045715332031,415.61297607421875,0.0003,0.0003,0.1
,,,,,209999,5015.953,1000,,,,,,,,
4612.246,1044.1212,5019.7764,1481.619,1000.0,210000,,,-415.5389404296875,-3.7560744285583496,2.5198254585266113,414.19879150390625,414.2073059082031,0.0003,0.0003,0.1
,,,,,210999,5011.516,1000,,,,,,,,
,,,,,211000,,,-416.5341796875,-3.7434871196746826,1.7952189445495605,415.3812561035156,415.42059326171875,0.0003,0.0003,0.1
,,,,,211999,5007.3804,1000,,,,,,,,
,,,,,212000,,,-408.1641845703125,-3.3731610774993896,1.6783863306045532,406.9641418457031,406.7996520996094,0.0003,0.0003,0.1
,,,,,212999,5002.6914,1000,,,,,,,,
,,,,,213000,,,-417.98382568359375,-3.9036078453063965,2.691586971282959,416.88238525390625,416.7039794921875,0.0003,0.0003,0.1
,,,,,213999,4999.363,1000,,,,,,,,
,,,,,214000,,,-423.245849609375,-3.9606728553771973,2.4513583183288574,421.951904296875,421.90081787109375,0.0003,0.0003,0.1
,,,,,214999,4999.892,1000,,,,,,,,
4954.3647,67.15463,5022.6226,4812.919,1000.0,215000,,,-419.51861572265625,-3.843268632888794,1.693225383758545,418.1364440917969,418.19818115234375,0.0003,0.0003,0.1
,,,,,215999,5093.943,1000,,,,,,,,
,,,,,216000,,,-422.26531982421875,-3.94492506980896,1.8556888103485107,421.2516174316406,420.9625244140625,0.0003,0.0003,0.1
,,,,,216999,5094.2144,1000,,,,,,,,
,,,,,217000,,,-413.73101806640625,-3.6609954833984375,3.6942381858825684,412.2276916503906,412.3189697265625,0.0003,0.0003,0.1
,,,,,217999,5078.4067,1000,,,,,,,,
,,,,,218000,,,-422.5482482910156,-3.81721568107605,1.797292947769165,421.41021728515625,421.2276611328125,0.0003,0.0003,0.1
,,,,,218999,5105.469,1000,,,,,,,,
,,,,,219000,,,-430.300048828125,-3.8652663230895996,2.7150979042053223,429.1670227050781,428.888916015625,0.0003,0.0003,0.1
,,,,,219999,5072.392,1000,,,,,,,,
5126.7314,28.114496,5159.2305,5067.7124,1000.0,220000,,,-424.31329345703125,-4.274646759033203,1.3116257190704346,423.0910339355469,423.24652099609375,0.0003,0.0003,0.1
,,,,,220999,5096.5444,1000,,,,,,,,
,,,,,221000,,,-428.0703125,-4.184333801269531,1.9851083755493164,426.8023681640625,426.76971435546875,0.0003,0.0003,0.1
,,,,,221999,5175.7803,1000,,,,,,,,
,,,,,222000,,,-435.2693176269531,-3.628934383392334,1.5953752994537354,434.0633239746094,433.762939453125,0.0003,0.0003,0.1
,,,,,222999,5157.9297,1000,,,,,,,,
,,,,,223000,,,-441.30316162109375,-4.1721625328063965,1.6662224531173706,440.3926696777344,440.2047119140625,0.0003,0.0003,0.1
,,,,,223999,5188.178,1000,,,,,,,,
,,,,,224000,,,-428.4343566894531,-3.952707529067993,2.685668706893921,427.1083984375,426.7751159667969,0.0003,0.0003,0.1
,,,,,224999,5222.525,1000,,,,,,,,
5221.881,34.771236,5260.413,5136.577,1000.0,225000,,,-430.49700927734375,-4.246381759643555,1.8533496856689453,429.34588623046875,429.2901611328125,0.0003,0.0003,0.1
,,,,,225999,5247.369,1000,,,,,,,,
,,,,,226000,,,-436.9400634765625,-3.9178786277770996,1.9832783937454224,435.88934326171875,435.90887451171875,0.0003,0.0003,0.1
,,,,,226999,5270.3784,1000,,,,,,,,
,,,,,227000,,,-436.0394287109375,-3.775050163269043,2.0290393829345703,434.756103515625,434.51959228515625,0.0003,0.0003,0.1
,,,,,227999,5294.545,1000,,,,,,,,
,,,,,228000,,,-440.0728759765625,-4.290631294250488,3.0055058002471924,438.60406494140625,438.5646667480469,0.0003,0.0003,0.1
,,,,,228999,5303.6714,1000,,,,,,,,
,,,,,229000,,,-438.8250427246094,-3.975916862487793,1.7138564586639404,437.6593017578125,437.73974609375,0.0003,0.0003,0.1
,,,,,229999,5195.937,1000,,,,,,,,
5258.377,49.128548,5339.076,5196.319,1000.0,230000,,,-435.1715087890625,-4.197150230407715,3.8460693359375,434.0354919433594,434.0523681640625,0.0003,0.0003,0.1
,,,,,230999,5242.6484,1000,,,,,,,,
,,,,,231000,,,-442.3901672363281,-3.679983139038086,1.9964241981506348,441.5198974609375,441.4620666503906,0.0003,0.0003,0.1
,,,,,231999,5238.067,1000,,,,,,,,
,,,,,232000,,,-446.657958984375,-3.9055123329162598,1.9219117164611816,445.4560546875,445.5536804199219,0.0003,0.0003,0.1
,,,,,232999,5288.659,1000,,,,,,,,
,,,,,233000,,,-441.89813232421875,-4.348601818084717,3.0575802326202393,440.7840576171875,440.6497497558594,0.0003,0.0003,0.1
,,,,,233999,5367.3804,1000,,,,,,,,
,,,,,234000,,,-454.0154724121094,-4.203273773193359,1.9602066278457642,452.6046142578125,452.8397216796875,0.0003,0.0003,0.1
,,,,,234999,5396.4136,1000,,,,,,,,
5370.5234,51.173946,5450.3,5256.4316,1000.0,235000,,,-442.92181396484375,-3.777550458908081,1.7053050994873047,441.5980224609375,441.5356140136719,0.0003,0.0003,0.1
,,,,,235999,5277.3364,1000,,,,,,,,
,,,,,236000,,,-451.2075500488281,-4.179444789886475,19.708370208740234,449.8684387207031,450.0458679199219,0.0003,0.0003,0.1
,,,,,236999,5286.5073,1000,,,,,,,,
,,,,,237000,,,-455.0201110839844,-4.291357517242432,1.7340264320373535,453.48028564453125,453.551025390625,0.0003,0.0003,0.1
,,,,,237999,5356.1626,1000,,,,,,,,
,,,,,238000,,,-453.9020690917969,-4.234356880187988,2.006749153137207,452.83349609375,452.5950012207031,0.0003,0.0003,0.1
,,,,,238999,5365.039,1000,,,,,,,,
,,,,,239000,,,-454.5843505859375,-4.612034320831299,3.971126079559326,453.10626220703125,453.2283935546875,0.0003,0.0003,0.1
,,,,,239999,5399.07,1000,,,,,,,,
5469.9194,131.77931,5567.31,5086.913,1000.0,240000,,,-451.3410949707031,-4.651159763336182,1.5584806203842163,449.91375732421875,449.9090576171875,0.0003,0.0003,0.1
,,,,,240999,5411.7,1000,,,,,,,,
,,,,,241000,,,-466.1845703125,-4.287883758544922,2.314647912979126,464.8791809082031,464.79400634765625,0.0003,0.0003,0.1
,,,,,241999,5492.852,1000,,,,,,,,
,,,,,242000,,,-454.9988708496094,-4.512575149536133,2.570573329925537,453.5916748046875,453.8832092285156,0.0003,0.0003,0.1
,,,,,242999,5419.073,1000,,,,,,,,
,,,,,243000,,,-465.5643310546875,-4.486455917358398,1.5276148319244385,464.24871826171875,464.6744689941406,0.0003,0.0003,0.1
,,,,,243999,5387.914,1000,,,,,,,,
,,,,,244000,,,-461.5768737792969,-4.497359275817871,2.0072543621063232,460.24993896484375,460.0369873046875,0.0003,0.0003,0.1
,,,,,244999,5421.2866,1000,,,,,,,,
5331.628,544.356,5638.6494,4049.0112,1000.0,245000,,,-464.0552673339844,-4.4599528312683105,2.1541566848754883,462.6768798828125,462.7069396972656,0.0003,0.0003,0.1
,,,,,245999,5543.142,1000,,,,,,,,
,,,,,246000,,,-462.5394287109375,-4.657264709472656,1.9300014972686768,461.03179931640625,460.97381591796875,0.0003,0.0003,0.1
,,,,,246999,5544.075,1000,,,,,,,,
,,,,,247000,,,-474.30682373046875,-4.445535182952881,2.000943899154663,473.0419616699219,472.98406982421875,0.0003,0.0003,0.1
,,,,,247999,5479.2627,1000,,,,,,,,
,,,,,248000,,,-466.54547119140625,-4.258137226104736,2.240013360977173,464.9290466308594,464.8030700683594,0.0003,0.0003,0.1
,,,,,248999,5562.67,1000,,,,,,,,
,,,,,249000,,,-466.09796142578125,-4.487314224243164,3.762991428375244,464.34783935546875,464.20831298828125,0.0003,0.0003,0.1
,,,,,249999,5518.7236,1000,,,,,,,,
5634.415,28.8819,5698.954,5573.8184,1000.0,250000,,,-470.649658203125,-4.723625183105469,2.5576136112213135,469.67816162109375,469.4105224609375,0.0003,0.0003,0.1
,,,,,250999,5571.15,1000,,,,,,,,
,,,,,251000,,,-465.865234375,-4.51527738571167,2.159445285797119,464.3331604003906,464.4194030761719,0.0003,0.0003,0.1
,,,,,251999,5554.7334,1000,,,,,,,,
,,,,,252000,,,-466.963134765625,-4.748849868774414,2.2475907802581787,465.2513122558594,465.3659973144531,0.0003,0.0003,0.1
,,,,,252999,5639.2764,1000,,,,,,,,
,,,,,253000,,,-471.95635986328125,-4.681607723236084,1.8432128429412842,470.73388671875,470.7376708984375,0.0003,0.0003,0.1
,,,,,253999,5417.5063,1000,,,,,,,,
,,,,,254000,,,-475.5401916503906,-4.205624103546143,2.557823657989502,474.1619873046875,474.1279296875,0.0003,0.0003,0.1
,,,,,254999,5586.5605,1000,,,,,,,,
5533.4497,243.09937,5725.285,4823.466,1000.0,255000,,,-471.93658447265625,-4.553689002990723,3.394951820373535,470.3839111328125,470.634033203125,0.0003,0.0003,0.1
,,,,,255999,5635.531,1000,,,,,,,,
,,,,,256000,,,-485.197265625,-4.4598164558410645,2.5691678524017334,484.14141845703125,484.04840087890625,0.0003,0.0003,0.1
,,,,,256999,5660.069,1000,,,,,,,,
,,,,,257000,,,-478.1979675292969,-4.926314830780029,1.7292226552963257,476.82672119140625,476.6202392578125,0.0003,0.0003,0.1
,,,,,257999,5656.363,1000,,,,,,,,
,,,,,258000,,,-481.415283203125,-4.634570121765137,1.8096591234207153,480.0410461425781,480.1476745605469,0.0003,0.0003,0.1
,,,,,258999,5645.8887,1000,,,,,,,,
,,,,,259000,,,-480.2998046875,-4.931049823760986,2.5672800540924072,478.87994384765625,478.9505920410156,0.0003,0.0003,0.1
,,,,,259999,5683.78,1000,,,,,,,,
5657.134,28.842974,5703.3237,5623.5728,1000.0,260000,,,-478.9288635253906,-4.534029006958008,4.587952613830566,476.97735595703125,477.3025207519531,0.0003,0.0003,0.1
,,,,,260999,5644.3003,1000,,,,,,,,
,,,,,261000,,,-482.702880859375,-4.249673843383789,2.2412519454956055,481.46942138671875,481.2869873046875,0.0003,0.0003,0.1
,,,,,261999,5671.509,1000,,,,,,,,
,,,,,262000,,,-480.1658020019531,-4.382091045379639,2.068366289138794,479.0180969238281,478.95111083984375,0.0003,0.0003,0.1
,,,,,262999,5699.0503,1000,,,,,,,,
,,,,,263000,,,-494.40704345703125,-4.144525051116943,2.0085389614105225,493.0829772949219,493.21514892578125,0.0003,0.0003,0.1
,,,,,263999,5683.5005,1000,,,,,,,,
,,,,,264000,,,-485.2221374511719,-4.471229553222656,3.304927349090576,483.7045593261719,483.8497619628906,0.0003,0.0003,0.1
,,,,,264999,5727.3457,1000,,,,,,,,
5633.547,164.44107,5733.666,5146.7686,1000.0,265000,,,-489.37677001953125,-4.497332572937012,2.4694905281066895,488.2142333984375,488.1329345703125,0.0003,0.0003,0.1
,,,,,265999,5718.425,1000,,,,,,,,
,,,,,266000,,,-488.9568786621094,-4.848843097686768,2.4077582359313965,487.34381103515625,487.2666015625,0.0003,0.0003,0.1
,,,,,266999,5806.071,1000,,,,,,,,
,,,,,267000,,,-486.87841796875,-4.191644191741943,1.7262651920318604,485.9617919921875,485.82647705078125,0.0003,0.0003,0.1
,,,,,267999,5780.6616,1000,,,,,,,,
,,,,,268000,,,-485.23455810546875,-4.941964149475098,2.093181610107422,483.40460205078125,483.640869140625,0.0003,0.0003,0.1
,,,,,268999,5837.97,1000,,,,,,,,
,,,,,269000,,,-499.66888427734375,-4.486501216888428,2.2328710556030273,498.33270263671875,498.4469909667969,0.0003,0.0003,0.1
,,,,,269999,5863.8823,1000,,,,,,,,
5762.629,36.84187,5808.8115,5710.734,1000.0,270000,,,-496.09814453125,-4.224899768829346,2.265378475189209,494.8583984375,494.75201416015625,0.0003,0.0003,0.1
,,,,,270999,5710.558,1000,,,,,,,,
,,,,,271000,,,-494.853271484375,-4.658073902130127,1.8224438428878784,493.2539367675781,493.1463623046875,0.0003,0.0003,0.1
,,,,,271999,5833.351,1000,,,,,,,,
,,,,,272000,,,-497.2825927734375,-4.547177314758301,2.1791458129882812,495.9554138183594,496.02783203125,0.0003,0.0003,0.1
,,,,,272999,5851.827,1000,,,,,,,,
,,,,,273000,,,-497.2210998535156,-4.983036041259766,1.734928011894226,495.64862060546875,495.66748046875,0.0003,0.0003,0.1
,,,,,273999,5866.267,1000,,,,,,,,
,,,,,274000,,,-493.7564697265625,-5.122215270996094,2.7992072105407715,492.1749572753906,491.9976806640625,0.0003,0.0003,0.1
,,,,,274999,5792.434,1000,,,,,,,,
5826.0024,29.435673,5877.676,5778.7456,1000.0,275000,,,-502.7818298339844,-4.773777961730957,2.0909571647644043,501.39801025390625,501.4655456542969,0.0003,0.0003,0.1
,,,,,275999,5856.6987,1000,,,,,,,,
,,,,,276000,,,-501.8492431640625,-4.984692573547363,2.4724326133728027,500.44488525390625,500.28271484375,0.0003,0.0003,0.1
,,,,,276999,5947.5693,1000,,,,,,,,
,,,,,277000,,,-502.65399169921875,-5.007845878601074,2.302717685699463,501.1956787109375,501.3731689453125,0.0003,0.0003,0.1
,,,,,277999,5926.7617,1000,,,,,,,,
,,,,,278000,,,-507.5215148925781,-4.843297004699707,2.3727705478668213,505.9600830078125,505.9739074707031,0.0003,0.0003,0.1
,,,,,278999,5923.431,1000,,,,,,,,
,,,,,279000,,,-514.8544921875,-4.9711737632751465,2.1636738777160645,513.1083374023438,513.469482421875,0.0003,0.0003,0.1
,,,,,279999,5916.6284,1000,,,,,,,,
5890.878,29.508268,5934.9355,5842.5415,1000.0,280000,,,-501.2108154296875,-4.793309211730957,2.2071645259857178,499.9549560546875,499.7358093261719,0.0003,0.0003,0.1
,,,,,280999,5914.2153,1000,,,,,,,,
,,,,,281000,,,-512.7539672851562,-5.6928815841674805,2.182042121887207,511.1990051269531,511.25531005859375,0.0003,0.0003,0.1
,,,,,281999,5921.1914,1000,,,,,,,,
,,,,,282000,,,-506.67138671875,-4.642441749572754,2.4288320541381836,504.80096435546875,504.8815002441406,0.0003,0.0003,0.1
,,,,,282999,5994.717,1000,,,,,,,,
,,,,,283000,,,-507.5176086425781,-4.709270477294922,1.9071851968765259,505.8587341308594,505.6968078613281,0.0003,0.0003,0.1
,,,,,283999,5965.823,1000,,,,,,,,
,,,,,284000,,,-509.4451904296875,-4.589391231536865,2.862480401992798,508.04400634765625,508.142333984375,0.0003,0.0003,0.1
,,,,,284999,6024.7974,1000,,,,,,,,
5956.667,54.327908,6043.303,5867.4434,1000.0,285000,,,-516.5194702148438,-4.88179874420166,2.3761348724365234,515.0709228515625,514.6170654296875,0.0003,0.0003,0.1
,,,,,285999,5978.1606,1000,,,,,,,,
,,,,,286000,,,-515.219482421875,-4.706390380859375,2.067730188369751,513.853759765625,513.79931640625,0.0003,0.0003,0.1
,,,,,286999,5980.48,1000,,,,,,,,
,,,,,287000,,,-510.923583984375,-5.382857322692871,2.369906425476074,509.10736083984375,509.09014892578125,0.0003,0.0003,0.1
,,,,,287999,5980.0674,1000,,,,,,,,
,,,,,288000,,,-516.7199096679688,-4.98527193069458,3.311908721923828,514.806640625,515.1834716796875,0.0003,0.0003,0.1
,,,,,288999,6014.9946,1000,,,,,,,,
,,,,,289000,,,-517.641357421875,-5.125156402587891,2.5750699043273926,516.119384765625,516.2282104492188,0.0003,0.0003,0.1
,,,,,289999,6043.1655,1000,,,,,,,,
6009.5635,84.5694,6107.119,5786.4785,1000.0,290000,,,-522.5660400390625,-5.129202365875244,2.3754889965057373,520.8123779296875,520.98876953125,0.0003,0.0003,0.1
,,,,,290999,6064.7935,1000,,,,,,,,
,,,,,291000,,,-522.7247924804688,-4.874858856201172,2.546961784362793,521.0925903320312,520.958984375,0.0003,0.0003,0.1
,,,,,291999,6037.709,1000,,,,,,,,
,,,,,292000,,,-523.7581787109375,-4.5522260665893555,1.9519563913345337,522.2923583984375,522.4411010742188,0.0003,0.0003,0.1
,,,,,292999,1315.3834,1000,,,,,,,,
,,,,,293000,,,-522.5298461914062,-4.55261754989624,4.556710720062256,521.116455078125,521.08642578125,0.0003,0.0003,0.1
,,,,,293999,3844.9602,1000,,,,,,,,
,,,,,294000,,,-522.9886474609375,-4.960339069366455,2.288353443145752,521.381591796875,521.3596801757812,0.0003,0.0003,0.1
,,,,,294999,5884.126,1000,,,,,,,,
5968.493,40.93665,6025.021,5871.1016,1000.0,295000,,,-521.765380859375,-4.486069679260254,2.899961471557617,520.3426513671875,520.763916015625,0.0003,0.0003,0.1
,,,,,295999,6009.0024,1000,,,,,,,,
,,,,,296000,,,-530.81787109375,-4.717219829559326,4.421444892883301,529.4740600585938,528.592041015625,0.0003,0.0003,0.1
,,,,,296999,5954.4243,1000,,,,,,,,
,,,,,297000,,,-527.0564575195312,-4.601651668548584,2.022437572479248,525.8372192382812,525.7625122070312,0.0003,0.0003,0.1
,,,,,297999,5916.8413,1000,,,,,,,,
,,,,,298000,,,-516.4414672851562,-4.265039443969727,2.287282943725586,514.9270629882812,514.99267578125,0.0003,0.0003,0.1
,,,,,298999,5952.9194,1000,,,,,,,,
,,,,,299000,,,-531.45166015625,-4.886487007141113,2.784271240234375,530.0253295898438,529.9231567382812,0.0003,0.0003,0.1
,,,,,299999,5949.516,1000,,,,,,,,
6042.271,31.57242,6084.2935,5992.6772,1000.0,300000,,,-527.8116455078125,-4.735113620758057,3.242724657058716,526.5668334960938,526.2974853515625,0.0003,0.0003,0.1
,,,,,300999,6019.6416,1000,,,,,,,,
,,,,,301000,,,-522.1542358398438,-5.077523231506348,3.1710779666900635,520.3202514648438,520.4825439453125,0.0003,0.0003,0.1
,,,,,301999,5967.029,1000,,,,,,,,
,,,,,302000,,,-520.9012451171875,-4.912495136260986,3.809109687805176,518.8759765625,519.0072021484375,0.0003,0.0003,0.1
,,,,,302999,6033.114,1000,,,,,,,,
,,,,,303000,,,-530.5228881835938,-4.431024551391602,2.163036346435547,529.10498046875,529.1085205078125,0.0003,0.0003,0.1
,,,,,303999,6064.461,1000,,,,,,,,
,,,,,304000,,,-533.84375,-4.990966796875,2.555144786834717,532.3375244140625,532.6246337890625,0.0003,0.0003,0.1
,,,,,304999,6034.3433,1000,,,,,,,,
6107.919,42.42877,6167.3115,6006.34,1000.0,305000,,,-523.6171875,-4.576489448547363,2.9223556518554688,522.0693359375,522.028564453125,0.0003,0.0003,0.1
,,,,,305999,6078.8315,1000,,,,,,,,
,,,,,306000,,,-535.1185913085938,-4.370101451873779,2.8646798133850098,533.30126953125,533.7105712890625,0.0003,0.0003,0.1
,,,,,306999,6067.711,1000,,,,,,,,
,,,,,307000,,,-533.615966796875,-4.404553413391113,2.383922576904297,532.1729736328125,532.4251098632812,0.0003,0.0003,0.1
,,,,,307999,6150.984,1000,,,,,,,,
,,,,,308000,,,-535.820556640625,-4.929111003875732,2.311457872390747,534.0455322265625,534.3803100585938,0.0003,0.0003,0.1
,,,,,308999,6193.6553,1000,,,,,,,,
,,,,,309000,,,-539.3104248046875,-4.727282524108887,5.667519569396973,538.1101684570312,538.0173950195312,0.0003,0.0003,0.1
,,,,,309999,6110.6074,1000,,,,,,,,
6150.4155,38.504242,6235.261,6086.7935,1000.0,310000,,,-540.8803100585938,-4.735074043273926,2.6119112968444824,539.3992309570312,539.1094970703125,0.0003,0.0003,0.1
,,,,,310999,5952.9155,1000,,,,,,,,
,,,,,311000,,,-533.0142822265625,-5.192484378814697,3.23960280418396,531.4098510742188,531.5849609375,0.0003,0.0003,0.1
,,,,,311999,6104.7026,1000,,,,,,,,
,,,,,312000,,,-531.1860961914062,-4.272136688232422,2.2958621978759766,529.7703857421875,529.975830078125,0.0003,0.0003,0.1
,,,,,312999,6123.9,1000,,,,,,,,
,,,,,313000,,,-538.0172119140625,-4.766045093536377,6.021026134490967,536.5130615234375,536.56591796875,0.0003,0.0003,0.1
,,,,,313999,6166.172,1000,,,,,,,,
,,,,,314000,,,-540.9906005859375,-4.854649066925049,2.184478282928467,539.50146484375,539.2862548828125,0.0003,0.0003,0.1
,,,,,314999,6142.8247,1000,,,,,,,,
6252.9487,52.758247,6320.699,6175.2783,1000.0,315000,,,-541.3377075195312,-4.9563727378845215,2.122131824493408,539.3677368164062,539.5145263671875,0.0003,0.0003,0.1
,,,,,315999,6037.5425,1000,,,,,,,,
,,,,,316000,,,-540.6670532226562,-4.545017242431641,2.4706335067749023,539.056396484375,539.2620849609375,0.0003,0.0003,0.1
,,,,,316999,3208.128,1000,,,,,,,,
,,,,,317000,,,-540.9910278320312,-4.989241600036621,2.910820245742798,539.1077880859375,539.6458129882812,0.0003,0.0003,0.1
,,,,,317999,6228.7104,1000,,,,,,,,
,,,,,318000,,,-542.6482543945312,-5.159787178039551,2.1409220695495605,540.931640625,540.9918212890625,0.0003,0.0003,0.1
,,,,,318999,6128.5723,1000,,,,,,,,
,,,,,319000,,,-547.3709106445312,-4.644618511199951,2.0602266788482666,546.210693359375,546.1126098632812,0.0003,0.0003,0.1
,,,,,319999,6140.2207,1000,,,,,,,,
6186.857,54.2856,6269.474,6095.0933,1000.0,320000,,,-547.6161499023438,-4.768655300140381,2.480586051940918,545.8884887695312,545.9541015625,0.0003,0.0003,0.1
,,,,,320999,6146.746,1000,,,,,,,,
,,,,,321000,,,-547.0516357421875,-4.70156192779541,2.6842308044433594,545.447265625,545.4624633789062,0.0003,0.0003,0.1
,,,,,321999,6232.9062,1000,,,,,,,,
,,,,,322000,,,-558.1817016601562,-4.574191093444824,2.323479175567627,556.861083984375,557.057861328125,0.0003,0.0003,0.1
,,,,,322999,6153.03,1000,,,,,,,,
,,,,,323000,,,-543.528076171875,-4.572846412658691,3.9214749336242676,542.3258056640625,542.31201171875,0.0003,0.0003,0.1
,,,,,323999,6171.6465,1000,,,,,,,,
,,,,,324000,,,-543.6927490234375,-4.656620025634766,3.498842239379883,542.2261962890625,542.25732421875,0.0003,0.0003,0.1
,,,,,324999,6161.185,1000,,,,,,,,
6219.162,50.677067,6285.983,6092.8228,1000.0,325000,,,-545.7655029296875,-5.268377304077148,3.343306541442871,543.9173583984375,543.9163818359375,0.0003,0.0003,0.1
,,,,,325999,6221.0234,1000,,,,,,,,
,,,,,326000,,,-547.16455078125,-5.107645034790039,3.3947291374206543,545.5657958984375,545.4600830078125,0.0003,0.0003,0.1
,,,,,326999,6195.4204,1000,,,,,,,,
,,,,,327000,,,-551.861083984375,-5.123842716217041,2.3973517417907715,550.2928466796875,550.44580078125,0.0003,0.0003,0.1
,,,,,327999,6191.5254,1000,,,,,,,,
,,,,,328000,,,-559.4364013671875,-4.860368728637695,3.4776010513305664,558.2344970703125,557.8988647460938,0.0003,0.0003,0.1
,,,,,328999,6200.911,1000,,,,,,,,
,,,,,329000,,,-550.1889038085938,-4.429707050323486,2.835587978363037,548.7590942382812,549.121826171875,0.0003,0.0003,0.1
,,,,,329999,6226.3174,1000,,,,,,,,
6203.9463,56.47788,6291.9453,6110.768,1000.0,330000,,,-556.946044921875,-4.612030982971191,3.367260694503784,555.6483764648438,555.6135864257812,0.0003,0.0003,0.1
,,,,,330999,6247.768,1000,,,,,,,,
,,,,,331000,,,-550.0162353515625,-4.49919319152832,2.5088577270507812,548.6424560546875,548.8031616210938,0.0003,0.0003,0.1
,,,,,331999,6238.5703,1000,,,,,,,,
,,,,,332000,,,-553.2694091796875,-4.279521465301514,2.420506477355957,551.7518920898438,551.8878173828125,0.0003,0.0003,0.1
,,,,,332999,6289.018,1000,,,,,,,,
,,,,,333000,,,-555.9993896484375,-4.476144790649414,2.58388614654541,554.6284790039062,554.3419799804688,0.0003,0.0003,0.1
,,,,,333999,6338.454,1000,,,,,,,,
,,,,,334000,,,-547.3738403320312,-4.628326416015625,4.974684715270996,545.4388427734375,545.5306396484375,0.0003,0.0003,0.1
,,,,,334999,6289.3013,1000,,,,,,,,
6237.7075,44.37866,6304.546,6137.2637,1000.0,335000,,,-561.7457275390625,-4.499489784240723,2.5051639080047607,560.144775390625,560.1145629882812,0.0003,0.0003,0.1
,,,,,335999,6323.4375,1000,,,,,,,,
,,,,,336000,,,-557.3157958984375,-5.01122522354126,6.265501022338867,555.7792358398438,555.3792724609375,0.0003,0.0003,0.1
,,,,,336999,6373.8022,1000,,,,,,,,
,,,,,337000,,,-558.717529296875,-4.888119697570801,4.287176132202148,557.00634765625,557.0301513671875,0.0003,0.0003,0.1
,,,,,337999,6307.908,1000,,,,,,,,
,,,,,338000,,,-548.6135864257812,-4.788905620574951,2.44946026802063,546.8294067382812,546.790771484375,0.0003,0.0003,0.1
,,,,,338999,6243.088,1000,,,,,,,,
,,,,,339000,,,-559.8779907226562,-4.9100751876831055,3.8987386226654053,558.1820678710938,558.6058349609375,0.0003,0.0003,0.1
,,,,,339999,6395.7275,1000,,,,,,,,
6417.7627,46.87847,6476.0728,6340.971,1000.0,340000,,,-555.06982421875,-5.276766300201416,2.851541042327881,553.291015625,553.3355712890625,0.0003,0.0003,0.1
,,,,,340999,6346.924,1000,,,,,,,,
,,,,,341000,,,-564.772216796875,-5.0043511390686035,1.8805123567581177,563.1312255859375,563.3165283203125,0.0003,0.0003,0.1
,,,,,341999,6346.9185,1000,,,,,,,,
,,,,,342000,,,-562.7504272460938,-4.666374206542969,2.295450448989868,561.3646240234375,561.139892578125,0.0003,0.0003,0.1
,,,,,342999,6345.1753,1000,,,,,,,,
,,,,,343000,,,-565.0997924804688,-4.941144943237305,3.511463165283203,563.8182983398438,563.8634033203125,0.0003,0.0003,0.1
,,,,,343999,6387.5254,1000,,,,,,,,
,,,,,344000,,,-559.4722290039062,-4.737322807312012,3.353713274002075,557.7828369140625,557.6561279296875,0.0003,0.0003,0.1
,,,,,344999,6390.8027,1000,,,,,,,,
6308.3926,23.801136,6346.8286,6270.8135,1000.0,345000,,,-569.7716674804688,-4.618598461151123,2.2304201126098633,568.48388671875,568.428955078125,0.0003,0.0003,0.1
,,,,,345999,6286.1304,1000,,,,,,,,
,,,,,346000,,,-565.8131103515625,-4.729452133178711,1.6713933944702148,564.3182373046875,564.237548828125,0.0003,0.0003,0.1
,,,,,346999,6415.963,1000,,,,,,,,
,,,,,347000,,,-571.1185913085938,-5.0541462898254395,2.4750680923461914,569.48095703125,569.5447998046875,0.0003,0.0003,0.1
,,,,,347999,6429.459,1000,,,,,,,,
,,,,,348000,,,-567.0573120117188,-4.9841156005859375,2.4048094749450684,565.76953125,565.805908203125,0.0003,0.0003,0.1
,,,,,348999,6424.6846,1000,,,,,,,,
,,,,,349000,,,-567.0604248046875,-4.844973564147949,2.5163750648498535,565.4476318359375,565.6895751953125,0.0003,0.0003,0.1
,,,,,349999,6465.771,1000,,,,,,,,
6259.5435,226.5767,6370.6055,5585.344,1000.0,350000,,,-563.2595825195312,-4.919816493988037,1.8053913116455078,561.5372924804688,561.3939208984375,0.0003,0.0003,0.1
,,,,,350999,6451.875,1000,,,,,,,,
,,,,,351000,,,-568.3446044921875,-4.871517658233643,2.4677114486694336,567.1046142578125,567.015625,0.0003,0.0003,0.1
,,,,,351999,6398.6196,1000,,,,,,,,
,,,,,352000,,,-565.6058349609375,-4.911552906036377,4.683986186981201,563.910400390625,563.7012329101562,0.0003,0.0003,0.1
,,,,,352999,6442.726,1000,,,,,,,,
,,,,,353000,,,-574.4989013671875,-5.010405540466309,2.142549991607666,572.7860107421875,572.8614501953125,0.0003,0.0003,0.1
,,,,,353999,6505.403,1000,,,,,,,,
,,,,,354000,,,-573.4666748046875,-5.262611389160156,2.713301181793213,571.480712890625,571.5162353515625,0.0003,0.0003,0.1
,,,,,354999,6414.5586,1000,,,,,,,,
6399.161,29.733322,6455.4883,6353.2056,1000.0,355000,,,-574.7263793945312,-4.161630153656006,1.6860531568527222,572.9921264648438,573.1259765625,0.0003,0.0003,0.1
,,,,,355999,6512.4526,1000,,,,,,,,
,,,,,356000,,,-576.231201171875,-5.398255825042725,1.849112868309021,574.6511840820312,574.9747314453125,0.0003,0.0003,0.1
,,,,,356999,6393.133,1000,,,,,,,,
,,,,,357000,,,-577.28515625,-5.368813514709473,2.059633255004883,575.500732421875,575.4593505859375,0.0003,0.0003,0.1
,,,,,357999,6513.318,1000,,,,,,,,
,,,,,358000,,,-572.2800903320312,-5.130821228027344,3.022279739379883,570.3009033203125,570.0428466796875,0.0003,0.0003,0.1
,,,,,358999,6492.6846,1000,,,,,,,,
,,,,,359000,,,-575.2929077148438,-4.746519565582275,2.1842546463012695,573.6139526367188,573.8228149414062,0.0003,0.0003,0.1
,,,,,359999,6614.2393,1000,,,,,,,,
6536.542,25.3379,6569.3584,6494.498,1000.0,360000,,,-570.242431640625,-4.5482072830200195,2.5211825370788574,568.5638427734375,568.769775390625,0.0003,0.0003,0.1
,,,,,360999,6543.4033,1000,,,,,,,,
,,,,,361000,,,-581.1336669921875,-5.073805332183838,2.2030844688415527,579.32177734375,579.5078125,0.0003,0.0003,0.1
,,,,,361999,6581.515,1000,,,,,,,,
,,,,,362000,,,-574.1209716796875,-5.088634014129639,2.3009347915649414,572.2000122070312,572.1798095703125,0.0003,0.0003,0.1
,,,,,362999,6044.686,1000,,,,,,,,
,,,,,363000,,,-583.8994140625,-5.295893669128418,2.3186864852905273,582.3051147460938,582.3140258789062,0.0003,0.0003,0.1
,,,,,363999,6583.0703,1000,,,,,,,,
,,,,,364000,,,-582.40380859375,-4.874275207519531,2.2671871185302734,581.0059814453125,581.0232543945312,0.0003,0.0003,0.1
,,,,,364999,6642.457,1000,,,,,,,,
6565.405,73.90733,6666.7305,6392.7246,1000.0,365000,,,-581.286865234375,-5.138731002807617,2.592822790145874,579.437255859375,579.4746704101562,0.0003,0.0003,0.1
,,,,,365999,6582.998,1000,,,,,,,,
,,,,,366000,,,-585.0418701171875,-5.190460681915283,2.1761562824249268,583.1885986328125,583.4595947265625,0.0003,0.0003,0.1
,,,,,366999,6491.0176,1000,,,,,,,,
,,,,,367000,,,-581.981201171875,-5.106838226318359,3.259096384048462,579.9981689453125,580.165771484375,0.0003,0.0003,0.1
,,,,,367999,6600.976,1000,,,,,,,,
,,,,,368000,,,-584.53564453125,-5.118290901184082,2.3200271129608154,582.98779296875,582.8060302734375,0.0003,0.0003,0.1
,,,,,368999,6623.227,1000,,,,,,,,
,,,,,369000,,,-580.72216796875,-5.099543571472168,3.0291590690612793,579.4317626953125,578.9481201171875,0.0003,0.0003,0.1
,,,,,369999,6647.083,1000,,,,,,,,
6647.521,51.184162,6713.424,6538.4263,1000.0,370000,,,-584.0150146484375,-4.9488067626953125,2.657276153564453,582.1605224609375,582.07666015625,0.0003,0.0003,0.1
,,,,,370999,6595.705,1000,,,,,,,,
,,,,,371000,,,-583.6544189453125,-4.858572006225586,1.7282195091247559,581.89599609375,581.8992919921875,0.0003,0.0003,0.1
,,,,,371999,6548.5127,1000,,,,,,,,
,,,,,372000,,,-580.2598876953125,-4.533093452453613,2.438253164291382,579.138916015625,578.8951416015625,0.0003,0.0003,0.1
,,,,,372999,6448.3047,1000,,,,,,,,
,,,,,373000,,,-583.0343627929688,-4.6842427253723145,1.866263508796692,581.4239501953125,581.49072265625,0.0003,0.0003,0.1
,,,,,373999,6582.0513,1000,,,,,,,,
,,,,,374000,,,-590.8336181640625,-5.344011306762695,2.268941879272461,589.252197265625,589.1356201171875,0.0003,0.0003,0.1
,,,,,374999,6604.362,1000,,,,,,,,
6643.638,56.526997,6737.7075,6546.326,1000.0,375000,,,-590.36181640625,-5.396962642669678,1.8495538234710693,588.978759765625,588.817138671875,0.0003,0.0003,0.1
,,,,,375999,6585.5938,1000,,,,,,,,
,,,,,376000,,,-592.5946044921875,-4.947824478149414,2.067187547683716,591.4523315429688,591.3555908203125,0.0003,0.0003,0.1
,,,,,376999,6695.868,1000,,,,,,,,
,,,,,377000,,,-594.2305297851562,-5.209949970245361,2.429215431213379,592.546875,592.68115234375,0.0003,0.0003,0.1
,,,,,377999,6603.953,1000,,,,,,,,
,,,,,378000,,,-584.7506103515625,-5.233916282653809,2.4008727073669434,583.153076171875,583.044921875,0.0003,0.0003,0.1
,,,,,378999,6668.458,1000,,,,,,,,
,,,,,379000,,,-585.0623779296875,-4.841814994812012,1.8131330013275146,583.4409790039062,583.5810546875,0.0003,0.0003,0.1
,,,,,379999,6772.809,1000,,,,,,,,
6618.215,35.83821,6668.6523,6536.906,1000.0,380000,,,-595.2984619140625,-4.61575984954834,3.2531991004943848,593.5965576171875,594.001220703125,0.0003,0.0003,0.1
,,,,,380999,6685.019,1000,,,,,,,,
,,,,,381000,,,-585.4447631835938,-5.035980224609375,2.5564215183258057,583.9614868164062,583.7115478515625,0.0003,0.0003,0.1
,,,,,381999,6728.485,1000,,,,,,,,
,,,,,382000,,,-591.2238159179688,-5.541446685791016,3.411501884460449,589.543212890625,589.0670776367188,0.0003,0.0003,0.1
,,,,,382999,6762.0273,1000,,,,,,,,
,,,,,383000,,,-586.0018310546875,-5.662626266479492,2.487607479095459,584.2034912109375,584.4061279296875,0.0003,0.0003,0.1
,,,,,383999,6711.4155,1000,,,,,,,,
,,,,,384000,,,-599.260498046875,-5.2409563064575195,2.583922863006592,597.769287109375,597.4310302734375,0.0003,0.0003,0.1
,,,,,384999,6652.517,1000,,,,,,,,
6755.9688,48.99899,6833.0654,6654.8315,1000.0,385000,,,-593.228271484375,-5.160000324249268,2.513251304626465,591.7284545898438,591.4737548828125,0.0003,0.0003,0.1
,,,,,385999,6791.862,1000,,,,,,,,
,,,,,386000,,,-597.7832641601562,-5.229561805725098,2.617457866668701,596.2115478515625,596.18115234375,0.0003,0.0003,0.1
,,,,,386999,6701.5327,1000,,,,,,,,
,,,,,387000,,,-598.883056640625,-5.430112838745117,2.5955066680908203,597.534912109375,597.4246826171875,0.0003,0.0003,0.1
,,,,,387999,6857.176,1000,,,,,,,,
,,,,,388000,,,-597.6956787109375,-5.239665985107422,2.079864263534546,595.9248046875,595.9429931640625,0.0003,0.0003,0.1
,,,,,388999,6852.656,1000,,,,,,,,
,,,,,389000,,,-604.00048828125,-5.291088104248047,1.9422638416290283,602.8055419921875,602.7230224609375,0.0003,0.0003,0.1
,,,,,389999,6842.4795,1000,,,,,,,,
6832.5337,44.912495,6916.0093,6763.2583,1000.0,390000,,,-593.9146118164062,-5.291990280151367,3.069558620452881,592.5728759765625,592.5909423828125,0.0003,0.0003,0.1
,,,,,390999,6760.9355,1000,,,,,,,,
,,,,,391000,,,-597.772705078125,-5.3338470458984375,2.157982587814331,596.4800415039062,596.1946411132812,0.0003,0.0003,0.1
,,,,,391999,6859.835,1000,,,,,,,,
,,,,,392000,,,-601.35400390625,-6.019455909729004,2.191740036010742,599.6699829101562,599.7710571289062,0.0003,0.0003,0.1
,,,,,392999,1437.3141,1000,,,,,,,,
,,,,,393000,,,-598.9268188476562,-5.072909832000732,2.415492057800293,597.3212890625,597.4965209960938,0.0003,0.0003,0.1
,,,,,393999,6636.042,1000,,,,,,,,
,,,,,394000,,,-607.288818359375,-4.9395575523376465,2.7417068481445312,605.67431640625,605.4795532226562,0.0003,0.0003,0.1
,,,,,394999,6066.9834,1000,,,,,,,,
6884.3438,50.504326,6947.246,6771.351,1000.0,395000,,,-604.2569580078125,-5.362113952636719,3.0254976749420166,603.1297607421875,602.6188354492188,0.0003,0.0003,0.1
,,,,,395999,6880.6807,1000,,,,,,,,
,,,,,396000,,,-607.9358520507812,-5.26534366607666,2.6716883182525635,606.0167236328125,606.177978515625,0.0003,0.0003,0.1
,,,,,396999,6809.6,1000,,,,,,,,
,,,,,397000,,,-601.834716796875,-5.453647136688232,3.80110239982605,600.3614501953125,600.7221069335938,0.0003,0.0003,0.1
,,,,,397999,6860.5205,1000,,,,,,,,
,,,,,398000,,,-601.7615356445312,-5.399925231933594,2.7422890663146973,600.156982421875,600.387451171875,0.0003,0.0003,0.1
,,,,,398999,6882.5747,1000,,,,,,,,
,,,,,399000,,,-601.68896484375,-5.02238130569458,3.038693428039551,600.10791015625,599.8209838867188,0.0003,0.0003,0.1
,,,,,399999,6860.3115,1000,,,,,,,,
6760.8555,197.43051,6888.091,6189.7896,1000.0,400000,,,-608.3341674804688,-5.14121150970459,2.4412293434143066,606.8589477539062,607.260009765625,0.0003,0.0003,0.1
,,,,,400999,6795.1,1000,,,,,,,,
,,,,,401000,,,-602.1632080078125,-5.073549747467041,2.8966574668884277,600.3277587890625,600.7130737304688,0.0003,0.0003,0.1
,,,,,401999,6893.311,1000,,,,,,,,
,,,,,402000,,,-608.5633544921875,-5.366206645965576,2.278184413909912,607.37060546875,607.1647338867188,0.0003,0.0003,0.1
,,,,,402999,6853.2163,1000,,,,,,,,
,,,,,403000,,,-605.7979736328125,-5.893949031829834,2.3557519912719727,604.1148681640625,604.033935546875,0.0003,0.0003,0.1
,,,,,403999,6932.8164,1000,,,,,,,,
,,,,,404000,,,-606.0382690429688,-5.5672712326049805,2.794528007507324,604.3690185546875,604.3047485351562,0.0003,0.0003,0.1
,,,,,404999,6991.913,1000,,,,,,,,
6995.073,64.80518,7126.8315,6892.9062,1000.0,405000,,,-603.2598876953125,-5.106333255767822,2.2449452877044678,601.8056030273438,601.6513671875,0.0003,0.0003,0.1
,,,,,405999,6920.8784,1000,,,,,,,,
,,,,,406000,,,-615.4295654296875,-4.9507904052734375,2.4122838973999023,614.309814453125,614.1279296875,0.0003,0.0003,0.1
,,,,,406999,6975.005,1000,,,,,,,,
,,,,,407000,,,-606.1449584960938,-4.957345008850098,2.7837538719177246,604.7760009765625,604.3832397460938,0.0003,0.0003,0.1
,,,,,407999,6925.499,1000,,,,,,,,
,,,,,408000,,,-616.611572265625,-4.811351776123047,2.619417667388916,614.9329833984375,615.2332763671875,0.0003,0.0003,0.1
,,,,,408999,6878.3755,1000,,,,,,,,
,,,,,409000,,,-619.4855346679688,-5.026846885681152,2.6713242530822754,618.2391967773438,617.9739379882812,0.0003,0.0003,0.1
,,,,,409999,6987.289,1000,,,,,,,,
7034.0557,50.826633,7122.116,6952.802,1000.0,410000,,,-615.0191650390625,-5.7288360595703125,2.9947705268859863,613.0752563476562,613.468017578125,0.0003,0.0003,0.1
,,,,,410999,7006.2354,1000,,,,,,,,
,,,,,411000,,,-615.1956176757812,-5.127549171447754,2.865614414215088,613.39306640625,613.428955078125,0.0003,0.0003,0.1
,,,,,411999,7077.9985,1000,,,,,,,,
,,,,,412000,,,-611.64697265625,-5.838863372802734,2.9017343521118164,609.9462890625,609.8450317382812,0.0003,0.0003,0.1
,,,,,412999,7025.3506,1000,,,,,,,,
,,,,,413000,,,-606.5050048828125,-5.310671329498291,2.3165969848632812,604.8485717773438,604.5516357421875,0.0003,0.0003,0.1
,,,,,413999,7040.98,1000,,,,,,,,
,,,,,414000,,,-623.89013671875,-4.6772918701171875,2.7051429748535156,622.3556518554688,622.3505249023438,0.0003,0.0003,0.1
,,,,,414999,7033.2554,1000,,,,,,,,
7120.5796,18.644045,7152.439,7094.5522,1000.0,415000,,,-620.3334350585938,-6.109644412994385,2.655020236968994,618.7674560546875,618.4884033203125,0.0003,0.0003,0.1
,,,,,415999,7006.408,1000,,,,,,,,
,,,,,416000,,,-609.7320556640625,-5.185216903686523,3.395022392272949,607.7119140625,608.1815185546875,0.0003,0.0003,0.1
,,,,,416999,7043.9385,1000,,,,,,,,
,,,,,417000,,,-618.6360473632812,-5.039667129516602,2.0455100536346436,617.39013671875,617.3496704101562,0.0003,0.0003,0.1
,,,,,417999,6995.711,1000,,,,,,,,
,,,,,418000,,,-613.0455322265625,-5.388436317443848,2.5458593368530273,611.7496337890625,611.5458984375,0.0003,0.0003,0.1
,,,,,418999,7146.3633,1000,,,,,,,,
,,,,,419000,,,-625.167236328125,-5.310730934143066,2.193243980407715,623.966796875,623.8734130859375,0.0003,0.0003,0.1
,,,,,419999,7072.633,1000,,,,,,,,
7187.241,64.05057,7297.55,7054.1587,1000.0,420000,,,-619.638916015625,-5.124507904052734,2.4906370639801025,617.8624877929688,618.1072998046875,0.0003,0.0003,0.1
,,,,,420999,7122.955,1000,,,,,,,,
,,,,,421000,,,-626.39990234375,-5.583184719085693,2.8764662742614746,624.7044677734375,625.1392211914062,0.0003,0.0003,0.1
,,,,,421999,7081.412,1000,,,,,,,,
,,,,,422000,,,-625.6270751953125,-5.340633392333984,3.509087085723877,624.2576904296875,623.7872924804688,0.0003,0.0003,0.1
,,,,,422999,7129.0034,1000,,,,,,,,
,,,,,423000,,,-625.3013305664062,-5.600940704345703,2.5049190521240234,623.0744018554688,623.353759765625,0.0003,0.0003,0.1
,,,,,423999,7115.4556,1000,,,,,,,,
,,,,,424000,,,-619.111328125,-5.304510116577148,2.5750348567962646,617.345458984375,616.83251953125,0.0003,0.0003,0.1
,,,,,424999,7094.545,1000,,,,,,,,
7126.2354,43.807076,7186.5776,7041.572,1000.0,425000,,,-625.087646484375,-5.324685096740723,2.9088735580444336,623.6239624023438,623.8280029296875,0.0003,0.0003,0.1
,,,,,425999,7190.4326,1000,,,,,,,,
,,,,,426000,,,-629.8140869140625,-4.926187038421631,3.073824882507324,628.45361328125,628.4224243164062,0.0003,0.0003,0.1
,,,,,426999,7119.961,1000,,,,,,,,
,,,,,427000,,,-629.7750244140625,-4.5748419761657715,2.7546284198760986,628.1451416015625,627.9014892578125,0.0003,0.0003,0.1
,,,,,427999,7173.228,1000,,,,,,,,
,,,,,428000,,,-633.017822265625,-5.293244361877441,2.1393795013427734,631.5634155273438,631.5494384765625,0.0003,0.0003,0.1
,,,,,428999,7234.364,1000,,,,,,,,
,,,,,429000,,,-632.676025390625,-5.474949359893799,2.8004746437072754,630.398681640625,630.844970703125,0.0003,0.0003,0.1
,,,,,429999,7099.478,1000,,,,,,,,
7118.4893,143.9177,7281.5356,6785.194,1000.0,430000,,,-623.6314697265625,-5.574875831604004,2.8951363563537598,621.86279296875,621.88330078125,0.0003,0.0003,0.1
,,,,,430999,7218.8833,1000,,,,,,,,
,,,,,431000,,,-635.048828125,-5.073897838592529,2.2862114906311035,633.27001953125,633.1364135742188,0.0003,0.0003,0.1
,,,,,431999,7174.598,1000,,,,,,,,
,,,,,432000,,,-623.6129760742188,-5.195363998413086,2.3738303184509277,621.5091552734375,621.8525390625,0.0003,0.0003,0.1
,,,,,432999,7255.614,1000,,,,,,,,
,,,,,433000,,,-632.9117431640625,-5.601806640625,2.612032890319824,630.6519775390625,630.8659057617188,0.0003,0.0003,0.1
,,,,,433999,7200.471,1000,,,,,,,,
,,,,,434000,,,-631.0030517578125,-5.43502950668335,2.866891384124756,629.1900634765625,629.4873046875,0.0003,0.0003,0.1
,,,,,434999,7132.959,1000,,,,,,,,
7229.487,27.753036,7259.3643,7173.6543,1000.0,435000,,,-635.905517578125,-5.122714042663574,3.185976505279541,634.21923828125,634.315185546875,0.0003,0.0003,0.1
,,,,,435999,7250.104,1000,,,,,,,,
,,,,,436000,,,-634.1002197265625,-5.547943115234375,2.906344413757324,632.5447998046875,632.6195068359375,0.0003,0.0003,0.1
,,,,,436999,7194.111,1000,,,,,,,,
,,,,,437000,,,-631.0339965820312,-5.209927558898926,2.564767360687256,629.3585205078125,629.3635864257812,0.0003,0.0003,0.1
,,,,,437999,6896.4194,1000,,,,,,,,
,,,,,438000,,,-636.6212158203125,-5.402092933654785,2.5461010932922363,634.7890014648438,634.9119873046875,0.0003,0.0003,0.1
,,,,,438999,7144.96,1000,,,,,,,,
,,,,,439000,,,-645.0933837890625,-5.009256362915039,2.301426410675049,643.510498046875,643.5289916992188,0.0003,0.0003,0.1
,,,,,439999,7062.2876,1000,,,,,,,,
7159.051,68.07589,7262.6616,7067.2188,1000.0,440000,,,-643.2337036132812,-5.586668968200684,3.0868289470672607,642.1754760742188,642.0656127929688,0.0003,0.0003,0.1
,,,,,440999,7174.3696,1000,,,,,,,,
,,,,,441000,,,-631.7263793945312,-5.40950870513916,2.48475980758667,629.68896484375,629.4693603515625,0.0003,0.0003,0.1
,,,,,441999,7180.116,1000,,,,,,,,
,,,,,442000,,,-638.1737670898438,-5.611347198486328,2.456223726272583,636.6509399414062,636.6301879882812,0.0003,0.0003,0.1
,,,,,442999,7219.681,1000,,,,,,,,
,,,,,443000,,,-638.50537109375,-5.6395368576049805,2.9267983436584473,637.072509765625,637.0538330078125,0.0003,0.0003,0.1
,,,,,443999,7153.48,1000,,,,,,,,
,,,,,444000,,,-636.4048461914062,-5.287945747375488,3.570098876953125,634.7972412109375,634.850341796875,0.0003,0.0003,0.1
,,,,,444999,7349.681,1000,,,,,,,,
7182.2695,68.97851,7281.778,7016.4517,1000.0,445000,,,-645.5530395507812,-5.642889976501465,2.2041707038879395,643.9803466796875,643.9144897460938,0.0003,0.0003,0.1
,,,,,445999,7306.419,1000,,,,,,,,
,,,,,446000,,,-642.041015625,-5.664628028869629,2.184720993041992,640.23291015625,640.1810302734375,0.0003,0.0003,0.1
,,,,,446999,7213.554,1000,,,,,,,,
,,,,,447000,,,-641.09130859375,-5.194527626037598,2.263209819793701,639.3853149414062,639.3878173828125,0.0003,0.0003,0.1
,,,,,447999,7276.833,1000,,,,,,,,
,,,,,448000,,,-643.9530029296875,-5.504036903381348,2.649775505065918,642.1987915039062,642.239013671875,0.0003,0.0003,0.1
,,,,,448999,7344.895,1000,,,,,,,,
,,,,,449000,,,-646.6359252929688,-5.319790363311768,2.929058790206909,644.7346801757812,645.0897216796875,0.0003,0.0003,0.1
,,,,,449999,7158.5366,1000,,,,,,,,
7316.8945,57.813694,7395.9585,7170.19,1000.0,450000,,,-645.29736328125,-5.3213043212890625,3.5037031173706055,642.9440307617188,642.6539306640625,0.0003,0.0003,0.1
,,,,,450999,7355.1147,1000,,,,,,,,
,,,,,451000,,,-648.7498779296875,-6.109094619750977,2.613558530807495,646.9993896484375,647.0628051757812,0.0003,0.0003,0.1
,,,,,451999,7414.4053,1000,,,,,,,,
,,,,,452000,,,-654.9144287109375,-5.008594512939453,2.4441893100738525,653.2609252929688,653.7391967773438,0.0003,0.0003,0.1
,,,,,452999,7352.628,1000,,,,,,,,
,,,,,453000,,,-648.8531494140625,-6.143083572387695,3.248514175415039,647.5743408203125,647.5074462890625,0.0003,0.0003,0.1
,,,,,453999,7283.6323,1000,,,,,,,,
,,,,,454000,,,-646.3427734375,-5.88755989074707,3.3212480545043945,644.442138671875,644.388916015625,0.0003,0.0003,0.1
,,,,,454999,7354.914,1000,,,,,,,,
7350.59,67.681114,7417.7354,7195.7026,1000.0,455000,,,-656.308349609375,-5.337120056152344,2.5748679637908936,654.8331909179688,654.82421875,0.0003,0.0003,0.1
,,,,,455999,7392.858,1000,,,,,,,,
,,,,,456000,,,-650.7247314453125,-5.8851318359375,3.454573631286621,648.636474609375,648.822998046875,0.0003,0.0003,0.1
,,,,,456999,7382.408,1000,,,,,,,,
,,,,,457000,,,-653.47265625,-5.565523147583008,2.7790894508361816,651.7069091796875,651.7391967773438,0.0003,0.0003,0.1
,,,,,457999,7365.5493,1000,,,,,,,,
,,,,,458000,,,-655.8370361328125,-5.792598724365234,2.554342269897461,654.486328125,654.16650390625,0.0003,0.0003,0.1
,,,,,458999,7351.3164,1000,,,,,,,,
,,,,,459000,,,-655.5975952148438,-5.415125370025635,2.3636059761047363,653.574951171875,653.9180908203125,0.0003,0.0003,0.1
,,,,,459999,7413.046,1000,,,,,,,,
7158.7437,591.9305,7494.1562,5389.993,1000.0,460000,,,-651.829833984375,-5.645079612731934,2.518932819366455,650.3447265625,650.2777099609375,0.0003,0.0003,0.1
,,,,,460999,7371.2334,1000,,,,,,,,
,,,,,461000,,,-658.5624389648438,-5.199033737182617,2.608922004699707,656.9743041992188,657.00830078125,0.0003,0.0003,0.1
,,,,,461999,7357.863,1000,,,,,,,,
,,,,,462000,,,-660.9117431640625,-5.914087295532227,2.823096990585327,659.38916015625,659.0086669921875,0.0003,0.0003,0.1
,,,,,462999,7311.581,1000,,,,,,,,
,,,,,463000,,,-652.8394165039062,-5.48859977722168,3.4430289268493652,650.7984619140625,650.5302124023438,0.0003,0.0003,0.1
,,,,,463999,7441.7505,1000,,,,,,,,
,,,,,464000,,,-666.75732421875,-5.457822799682617,5.542605400085449,665.222900390625,665.128662109375,0.0003,0.0003,0.1
,,,,,464999,7352.221,1000,,,,,,,,
7151.629,871.3503,7522.591,4551.024,1000.0,465000,,,-659.8507690429688,-4.941854476928711,2.753305435180664,657.709228515625,657.650634765625,0.0003,0.0003,0.1
,,,,,465999,7586.345,1000,,,,,,,,
,,,,,466000,,,-657.6009521484375,-5.563287734985352,3.554288625717163,655.9598388671875,655.8232421875,0.0003,0.0003,0.1
,,,,,466999,7367.5396,1000,,,,,,,,
,,,,,467000,,,-667.1817016601562,-5.953264236450195,2.782057285308838,665.619384765625,665.7096557617188,0.0003,0.0003,0.1
,,,,,467999,7504.5454,1000,,,,,,,,
,,,,,468000,,,-658.724609375,-5.358346462249756,2.9071969985961914,656.8146362304688,656.7752685546875,0.0003,0.0003,0.1
,,,,,468999,7401.386,1000,,,,,,,,
,,,,,469000,,,-659.3177490234375,-5.407545566558838,3.2071828842163086,657.70166015625,657.8313598632812,0.0003,0.0003,0.1
,,,,,469999,7491.4,1000,,,,,,,,
7474.782,63.913815,7587.578,7379.5874,1000.0,470000,,,-673.285400390625,-5.445763111114502,2.4769935607910156,671.5900268554688,671.74560546875,0.0003,0.0003,0.1
,,,,,470999,7519.715,1000,,,,,,,,
,,,,,471000,,,-668.23388671875,-5.067151069641113,2.50258207321167,666.67724609375,666.725341796875,0.0003,0.0003,0.1
,,,,,471999,7429.9683,1000,,,,,,,,
,,,,,472000,,,-665.63818359375,-5.267523288726807,2.897937059402466,664.0486450195312,664.1090087890625,0.0003,0.0003,0.1
,,,,,472999,7455.1777,1000,,,,,,,,
,,,,,473000,,,-670.7874755859375,-5.912786483764648,2.4250619411468506,669.4351196289062,669.754150390625,0.0003,0.0003,0.1
,,,,,473999,7492.524,1000,,,,,,,,
,,,,,474000,,,-671.3966064453125,-5.0698113441467285,2.5275321006774902,670.264892578125,669.7688598632812,0.0003,0.0003,0.1
,,,,,474999,7498.5874,1000,,,,,,,,
7570.6045,45.65801,7643.355,7476.3257,1000.0,475000,,,-665.6927490234375,-5.358611106872559,2.8128981590270996,663.8885498046875,663.892822265625,0.0003,0.0003,0.1
,,,,,475999,7451.452,1000,,,,,,,,
,,,,,476000,,,-665.3956298828125,-5.807879447937012,2.9924278259277344,663.412353515625,663.6810913085938,0.0003,0.0003,0.1
,,,,,476999,7543.1206,1000,,,,,,,,
,,,,,477000,,,-665.4404296875,-5.765064239501953,2.1506502628326416,663.98681640625,664.25830078125,0.0003,0.0003,0.1
,,,,,477999,7571.8027,1000,,,,,,,,
,,,,,478000,,,-665.0313110351562,-5.566933631896973,3.04697847366333,663.494384765625,663.4710693359375,0.0003,0.0003,0.1
,,,,,478999,7443.931,1000,,,,,,,,
,,,,,479000,,,-667.76904296875,-5.79201078414917,3.0336294174194336,666.240478515625,665.8185424804688,0.0003,0.0003,0.1
,,,,,479999,7497.8794,1000,,,,,,,,
7564.1187,54.745117,7640.083,7477.4766,1000.0,480000,,,-676.585693359375,-5.527433395385742,3.0931215286254883,675.2848510742188,675.3484497070312,0.0003,0.0003,0.1
,,,,,480999,7526.362,1000,,,,,,,,
,,,,,481000,,,-671.5280151367188,-5.649863243103027,3.456973075866699,669.8118896484375,669.5689697265625,0.0003,0.0003,0.1
,,,,,481999,7560.2905,1000,,,,,,,,
,,,,,482000,,,-669.1370239257812,-5.440142631530762,3.32071852684021,667.62255859375,667.5643310546875,0.0003,0.0003,0.1
,,,,,482999,1072.1224,1000,,,,,,,,
,,,,,483000,,,-668.3084106445312,-5.944015026092529,3.0673794746398926,666.356689453125,667.095703125,0.0003,0.0003,0.1
,,,,,483999,7414.6904,1000,,,,,,,,
,,,,,484000,,,-674.3927001953125,-5.8103485107421875,2.670416831970215,672.8878173828125,672.8367919921875,0.0003,0.0003,0.1
,,,,,484999,7512.844,1000,,,,,,,,
7508.7993,41.427784,7565.756,7420.283,1000.0,485000,,,-669.79296875,-5.327123641967773,3.4480042457580566,667.9061279296875,668.1429443359375,0.0003,0.0003,0.1
,,,,,485999,7431.405,1000,,,,,,,,
,,,,,486000,,,-679.4196166992188,-6.141733646392822,3.0603885650634766,677.35693359375,677.7386474609375,0.0003,0.0003,0.1
,,,,,486999,7533.0537,1000,,,,,,,,
,,,,,487000,,,-670.4500732421875,-6.017080307006836,3.6096081733703613,669.1036376953125,669.0631103515625,0.0003,0.0003,0.1
,,,,,487999,7505.8667,1000,,,,,,,,
,,,,,488000,,,-673.7390747070312,-5.667193412780762,2.841299533843994,672.031982421875,671.8191528320312,0.0003,0.0003,0.1
,,,,,488999,7536.74,1000,,,,,,,,
,,,,,489000,,,-665.2723388671875,-5.642222881317139,3.835172653198242,663.29248046875,663.4478759765625,0.0003,0.0003,0.1
,,,,,489999,7571.4355,1000,,,,,,,,
7570.992,68.00273,7648.2563,7390.9565,1000.0,490000,,,-679.743408203125,-6.037247657775879,5.592521667480469,678.52197265625,678.25048828125,0.0003,0.0003,0.1
,,,,,490999,7570.032,1000,,,,,,,,
,,,,,491000,,,-674.3517456054688,-5.335423469543457,3.6772093772888184,672.6392822265625,672.8350830078125,0.0003,0.0003,0.1
,,,,,491999,7556.9736,1000,,,,,,,,
,,,,,492000,,,-675.2816162109375,-5.375859260559082,3.7842929363250732,673.1142578125,673.23583984375,0.0003,0.0003,0.1
,,,,,492999,7643.147,1000,,,,,,,,
,,,,,493000,,,-675.7040405273438,-5.312693119049072,3.5607080459594727,673.5881958007812,673.7750854492188,0.0003,0.0003,0.1
,,,,,493999,7647.5005,1000,,,,,,,,
,,,,,494000,,,-681.0165405273438,-5.729671001434326,2.7736873626708984,679.4130859375,679.520751953125,0.0003,0.0003,0.1
,,,,,494999,7500.22,1000,,,,,,,,
7656.2607,61.54049,7774.7812,7559.228,1000.0,495000,,,-679.3615112304688,-5.577869892120361,2.7249481678009033,677.52099609375,677.58447265625,0.0003,0.0003,0.1
,,,,,495999,7634.392,1000,,,,,,,,
,,,,,496000,,,-680.7896728515625,-6.076933860778809,3.558987617492676,678.9513549804688,679.248779296875,0.0003,0.0003,0.1
,,,,,496999,7663.0293,1000,,,,,,,,
,,,,,497000,,,-686.81494140625,-4.878289699554443,3.15596604347229,685.3929443359375,685.1897583007812,0.0003,0.0003,0.1
,,,,,497999,7613.459,1000,,,,,,,,
,,,,,498000,,,-679.7113647460938,-6.049446105957031,2.568052053451538,677.95068359375,678.3614501953125,0.0003,0.0003,0.1
,,,,,498999,7662.6357,1000,,,,,,,,
,,,,,499000,,,-684.708740234375,-5.434780597686768,2.662240982055664,682.7750854492188,683.1781616210938,0.0003,0.0003,0.1
,,,,,499999,7664.749,1000,,,,,,,,
7725.1475,55.718945,7821.866,7619.1714,1000.0,500000,,,-681.69873046875,-5.862192630767822,2.7918124198913574,679.9099731445312,679.81005859375,0.0003,0.0003,0.1
,,,,,500999,7637.721,1000,,,,,,,,
,,,,,501000,,,-675.74462890625,-5.787439346313477,4.14436149597168,673.8800659179688,673.9993286132812,0.0003,0.0003,0.1
,,,,,501999,7619.6133,1000,,,,,,,,
,,,,,502000,,,-687.2620849609375,-5.713313102722168,2.6283528804779053,685.5822143554688,685.7429809570312,0.0003,0.0003,0.1
,,,,,502999,7648.621,1000,,,,,,,,
,,,,,503000,,,-683.9189453125,-5.455970287322998,4.1941328048706055,682.650390625,682.2142333984375,0.0003,0.0003,0.1
,,,,,503999,7678.471,1000,,,,,,,,
,,,,,504000,,,-689.8340454101562,-5.349993705749512,2.464704990386963,688.412841796875,688.4205932617188,0.0003,0.0003,0.1
,,,,,504999,7619.5015,1000,,,,,,,,
7716.87,49.415386,7800.185,7616.761,1000.0,505000,,,-695.0567626953125,-5.760019779205322,3.0281453132629395,693.6220703125,693.8858642578125,0.0003,0.0003,0.1
,,,,,505999,7640.563,1000,,,,,,,,
,,,,,506000,,,-682.392333984375,-5.510525226593018,2.7812552452087402,681.1384887695312,680.9739990234375,0.0003,0.0003,0.1
,,,,,506999,7706.1406,1000,,,,,,,,
,,,,,507000,,,-688.673828125,-5.3937788009643555,2.8495163917541504,687.361572265625,687.0107421875,0.0003,0.0003,0.1
,,,,,507999,7708.7393,1000,,,,,,,,
,,,,,508000,,,-683.3482666015625,-5.420022487640381,3.1273741722106934,681.2274169921875,681.6105346679688,0.0003,0.0003,0.1
,,,,,508999,7711.963,1000,,,,,,,,
,,,,,509000,,,-687.5765380859375,-5.605976581573486,2.5336689949035645,685.980712890625,685.7200927734375,0.0003,0.0003,0.1
,,,,,509999,7818.5664,1000,,,,,,,,
7805.911,56.86172,7901.343,7703.836,1000.0,510000,,,-689.0701904296875,-6.15947961807251,2.8518476486206055,686.8853759765625,687.19677734375,0.0003,0.0003,0.1
,,,,,510999,7689.026,1000,,,,,,,,
,,,,,511000,,,-687.179443359375,-5.725705146789551,3.6626791954040527,685.393798828125,685.1167602539062,0.0003,0.0003,0.1
,,,,,511999,7778.2935,1000,,,,,,,,
,,,,,512000,,,-690.5762939453125,-6.222456455230713,3.055102825164795,688.39892578125,688.3387451171875,0.0003,0.0003,0.1
,,,,,512999,7652.4014,1000,,,,,,,,
,,,,,513000,,,-685.8851928710938,-5.9723687171936035,2.8659110069274902,683.8956298828125,684.3290405273438,0.0003,0.0003,0.1
,,,,,513999,7718.665,1000,,,,,,,,
,,,,,514000,,,-693.8123779296875,-5.970754623413086,3.253729820251465,692.4085693359375,692.2654418945312,0.0003,0.0003,0.1
,,,,,514999,7778.7764,1000,,,,,,,,
7644.4834,60.067913,7730.718,7527.262,1000.0,515000,,,-691.1049194335938,-5.7979044914245605,3.5009756088256836,689.666259765625,689.5128784179688,0.0003,0.0003,0.1
,,,,,515999,7683.6772,1000,,,,,,,,
,,,,,516000,,,-688.5244140625,-6.49934196472168,2.746540069580078,686.5782470703125,686.5042724609375,0.0003,0.0003,0.1
,,,,,516999,7721.3574,1000,,,,,,,,
,,,,,517000,,,-690.30224609375,-6.026435375213623,2.767803192138672,688.5132446289062,688.2960815429688,0.0003,0.0003,0.1
,,,,,517999,7548.607,1000,,,,,,,,
,,,,,518000,,,-703.9585571289062,-5.643743515014648,3.034465789794922,702.5618286132812,702.455810546875,0.0003,0.0003,0.1
,,,,,518999,7675.23,1000,,,,,,,,
,,,,,519000,,,-697.404541015625,-6.108240127563477,2.868662118911743,696.103759765625,695.8387451171875,0.0003,0.0003,0.1
,,,,,519999,7714.3203,1000,,,,,,,,
7674.3594,111.00758,7773.044,7374.116,1000.0,520000,,,-699.7833251953125,-6.092854022979736,2.4944911003112793,697.9520263671875,697.68359375,0.0003,0.0003,0.1
,,,,,520999,7688.803,1000,,,,,,,,
,,,,,521000,,,-699.6248779296875,-6.013157844543457,3.3885498046875,698.0501708984375,698.0137939453125,0.0003,0.0003,0.1
,,,,,521999,7735.6646,1000,,,,,,,,
,,,,,522000,,,-705.8131103515625,-5.911128520965576,3.0468802452087402,704.0732421875,704.1062622070312,0.0003,0.0003,0.1
,,,,,522999,7775.5986,1000,,,,,,,,
,,,,,523000,,,-693.0390625,-5.910013198852539,5.283895492553711,690.8765869140625,691.44970703125,0.0003,0.0003,0.1
,,,,,523999,7804.571,1000,,,,,,,,
,,,,,524000,,,-693.0563354492188,-5.701627254486084,3.596215009689331,691.5828857421875,691.6292114257812,0.0003,0.0003,0.1
,,,,,524999,7725.7393,1000,,,,,,,,
7787.138,75.16125,7900.1006,7631.47,1000.0,525000,,,-702.0299072265625,-6.1286139488220215,3.2522239685058594,700.4674072265625,699.872314453125,0.0003,0.0003,0.1
,,,,,525999,7852.921,1000,,,,,,,,
,,,,,526000,,,-706.876953125,-5.782069206237793,2.5771865844726562,705.2528076171875,705.30859375,0.0003,0.0003,0.1
,,,,,526999,7868.547,1000,,,,,,,,
,,,,,527000,,,-703.1878051757812,-5.929640293121338,2.287588357925415,701.5338134765625,701.403076171875,0.0003,0.0003,0.1
,,,,,527999,7738.16,1000,,,,,,,,
,,,,,528000,,,-695.6384887695312,-5.997681617736816,3.0399162769317627,694.0208740234375,694.14306640625,0.0003,0.0003,0.1
,,,,,528999,7804.558,1000,,,,,,,,
,,,,,529000,,,-696.30810546875,-5.928175926208496,3.5811705589294434,694.4832153320312,694.51806640625,0.0003,0.0003,0.1
,,,,,529999,7849.226,1000,,,,,,,,
7885.04,98.34518,7998.2334,7679.2837,1000.0,530000,,,-705.7855224609375,-6.031167984008789,2.2162091732025146,704.2916870117188,703.90283203125,0.0003,0.0003,0.1
,,,,,530999,7832.4097,1000,,,,,,,,
,,,,,531000,,,-702.5671997070312,-5.89881706237793,3.1393446922302246,701.36962890625,701.1171264648438,0.0003,0.0003,0.1
,,,,,531999,7885.764,1000,,,,,,,,
,,,,,532000,,,-696.724609375,-5.959693908691406,3.374332904815674,694.88720703125,694.9589233398438,0.0003,0.0003,0.1
,,,,,532999,7978.9766,1000,,,,,,,,
,,,,,533000,,,-712.1888427734375,-5.57659912109375,3.410228729248047,710.2435913085938,710.720703125,0.0003,0.0003,0.1
,,,,,533999,7133.268,1000,,,,,,,,
,,,,,534000,,,-703.8863525390625,-5.769144058227539,3.3958826065063477,702.49462890625,702.3112182617188,0.0003,0.0003,0.1
,,,,,534999,7971.088,1000,,,,,,,,
7543.8193,343.7173,7796.149,6541.5513,1000.0,535000,,,-702.5348510742188,-5.850398063659668,3.0419955253601074,700.613525390625,700.5541381835938,0.0003,0.0003,0.1
,,,,,535999,7922.0176,1000,,,,,,,,
,,,,,536000,,,-705.5792236328125,-5.79197359085083,3.3350136280059814,704.2890625,704.3724365234375,0.0003,0.0003,0.1
,,,,,536999,7874.863,1000,,,,,,,,
,,,,,537000,,,-707.9339599609375,-5.9581756591796875,2.938521385192871,706.4005126953125,706.3240966796875,0.0003,0.0003,0.1
,,,,,537999,7870.627,1000,,,,,,,,
,,,,,538000,,,-706.1726684570312,-5.106488227844238,3.5181126594543457,704.7466430664062,704.4257202148438,0.0003,0.0003,0.1
,,,,,538999,7842.97,1000,,,,,,,,
,,,,,539000,,,-712.94482421875,-5.448782920837402,3.1361570358276367,711.2293090820312,712.1494140625,0.0003,0.0003,0.1
,,,,,539999,7935.278,1000,,,,,,,,
7946.6357,42.894512,8015.494,7873.111,1000.0,540000,,,-708.2999877929688,-6.0416154861450195,3.3801755905151367,706.6007080078125,706.7302856445312,0.0003,0.0003,0.1
,,,,,540999,7940.2236,1000,,,,,,,,
,,,,,541000,,,-697.6812744140625,-6.006866455078125,3.04541015625,695.832763671875,696.0311279296875,0.0003,0.0003,0.1
,,,,,541999,7931.187,1000,,,,,,,,
,,,,,542000,,,-700.0988159179688,-6.055843353271484,3.1876354217529297,698.4820556640625,698.8745727539062,0.0003,0.0003,0.1
,,,,,542999,7839.158,1000,,,,,,,,
,,,,,543000,,,-708.89892578125,-5.520493984222412,3.7781827449798584,707.7213134765625,707.5537109375,0.0003,0.0003,0.1
,,,,,543999,7855.529,1000,,,,,,,,
,,,,,544000,,,-712.1932373046875,-5.978121280670166,3.4341635704040527,710.5584716796875,710.181396484375,0.0003,0.0003,0.1
,,,,,544999,7894.9272,1000,,,,,,,,
7758.712,143.52422,7874.9883,7384.18,1000.0,545000,,,-709.31396484375,-5.883337020874023,3.313333749771118,707.3663330078125,707.4849853515625,0.0003,0.0003,0.1
,,,,,545999,7904.0537,1000,,,,,,,,
,,,,,546000,,,-698.01220703125,-6.0897369384765625,4.538073539733887,696.0640869140625,696.4312133789062,0.0003,0.0003,0.1
,,,,,546999,7958.467,1000,,,,,,,,
,,,,,547000,,,-715.02587890625,-6.253235816955566,3.5668816566467285,713.0587158203125,712.899658203125,0.0003,0.0003,0.1
,,,,,547999,7899.2163,1000,,,,,,,,
,,,,,548000,,,-711.3846435546875,-6.224485397338867,2.54465913772583,709.160400390625,709.131103515625,0.0003,0.0003,0.1
,,,,,548999,7713.066,1000,,,,,,,,
,,,,,549000,,,-713.6801147460938,-6.428274631500244,4.196659088134766,711.589111328125,711.2501220703125,0.0003,0.0003,0.1
,,,,,549999,7833.959,1000,,,,,,,,
7680.051,356.2248,7864.7188,6620.7144,1000.0,550000,,,-714.7588500976562,-5.493518829345703,3.1911869049072266,713.3355712890625,713.3509521484375,0.0003,0.0003,0.1
,,,,,550999,7978.033,1000,,,,,,,,
,,,,,551000,,,-710.2263793945312,-6.083108425140381,4.73879337310791,708.4286499023438,708.293701171875,0.0003,0.0003,0.1
,,,,,551999,7674.7314,1000,,,,,,,,
,,,,,552000,,,-719.3888549804688,-5.524106025695801,3.7033421993255615,718.0654296875,717.731689453125,0.0003,0.0003,0.1
,,,,,552999,8045.892,1000,,,,,,,,
,,,,,553000,,,-713.975830078125,-5.768514633178711,2.8903064727783203,712.5306396484375,712.6389770507812,0.0003,0.0003,0.1
,,,,,553999,7841.47,1000,,,,,,,,
,,,,,554000,,,-718.23388671875,-5.649289131164551,2.748548984527588,716.9862060546875,716.5530395507812,0.0003,0.0003,0.1
,,,,,554999,7977.393,1000,,,,,,,,
8027.7905,45.71054,8087.0806,7946.572,1000.0,555000,,,-712.204345703125,-5.693519115447998,3.674490451812744,710.3541259765625,710.27001953125,0.0003,0.0003,0.1
,,,,,555999,7929.8516,1000,,,,,,,,
,,,,,556000,,,-720.7021484375,-6.1091108322143555,3.2250847816467285,719.2667236328125,719.403076171875,0.0003,0.0003,0.1
,,,,,556999,7990.102,1000,,,,,,,,
,,,,,557000,,,-716.1221923828125,-6.199980735778809,2.875025749206543,713.9848022460938,714.1836547851562,0.0003,0.0003,0.1
,,,,,557999,7953.509,1000,,,,,,,,
,,,,,558000,,,-713.854736328125,-5.602891445159912,3.0834007263183594,712.2733154296875,712.4024658203125,0.0003,0.0003,0.1
,,,,,558999,7927.2954,1000,,,,,,,,
,,,,,559000,,,-715.0623779296875,-6.471456527709961,4.131265640258789,712.947265625,713.3120727539062,0.0003,0.0003,0.1
,,,,,559999,7992.898,1000,,,,,,,,
8052.2266,65.31874,8129.497,7889.1763,1000.0,560000,,,-717.00146484375,-6.20751428604126,4.083564758300781,715.34716796875,715.4531860351562,0.0003,0.0003,0.1
,,,,,560999,8042.8926,1000,,,,,,,,
,,,,,561000,,,-725.1260986328125,-5.679418563842773,3.1753759384155273,723.030029296875,723.5040893554688,0.0003,0.0003,0.1
,,,,,561999,8096.5264,1000,,,,,,,,
,,,,,562000,,,-711.4583740234375,-6.2028303146362305,2.6221120357513428,709.3426513671875,709.46484375,0.0003,0.0003,0.1
,,,,,562999,8078.708,1000,,,,,,,,
,,,,,563000,,,-724.921142578125,-6.469193458557129,2.9511382579803467,722.9492797851562,722.55078125,0.0003,0.0003,0.1
,,,,,563999,8044.347,1000,,,,,,,,
,,,,,564000,,,-731.0344848632812,-5.703115463256836,3.464613437652588,729.77978515625,729.603515625,0.0003,0.0003,0.1
,,,,,564999,7999.956,1000,,,,,,,,
8226.528,33.700104,8296.622,8172.539,1000.0,565000,,,-721.2254638671875,-5.914593696594238,5.296064376831055,719.6679077148438,719.2191772460938,0.0003,0.0003,0.1
,,,,,565999,6578.184,1000,,,,,,,,
,,,,,566000,,,-723.9327392578125,-5.972731590270996,3.07159686088562,722.362060546875,722.5208740234375,0.0003,0.0003,0.1
,,,,,566999,8054.4204,1000,,,,,,,,
,,,,,567000,,,-725.2784423828125,-5.737964630126953,2.715911388397217,723.1220092773438,723.230712890625,0.0003,0.0003,0.1
,,,,,567999,8043.5664,1000,,,,,,,,
,,,,,568000,,,-732.7734375,-5.922297477722168,3.673281192779541,731.3653564453125,731.1351928710938,0.0003,0.0003,0.1
,,,,,568999,8172.385,1000,,,,,,,,
,,,,,569000,,,-726.5249633789062,-5.7339887619018555,3.5931310653686523,725.526611328125,725.1820068359375,0.0003,0.0003,0.1
,,,,,569999,8103.292,1000,,,,,,,,
8057.9688,347.66708,8268.697,7031.402,1000.0,570000,,,-727.20751953125,-6.2076592445373535,3.0272579193115234,725.5394897460938,725.5961303710938,0.0003,0.0003,0.1
,,,,,570999,8150.313,1000,,,,,,,,
,,,,,571000,,,-730.944580078125,-5.992660045623779,2.847587823867798,729.918212890625,729.5994262695312,0.0003,0.0003,0.1
,,,,,571999,8232.803,1000,,,,,,,,
,,,,,572000,,,-733.7401123046875,-6.084429740905762,3.2046124935150146,731.983154296875,731.787841796875,0.0003,0.0003,0.1
,,,,,572999,8150.331,1000,,,,,,,,
,,,,,573000,,,-726.0694580078125,-5.969715595245361,4.838386058807373,724.5908813476562,724.8528442382812,0.0003,0.0003,0.1
,,,,,573999,8158.681,1000,,,,,,,,
,,,,,574000,,,-724.4735107421875,-5.9547553062438965,3.8130979537963867,721.9010620117188,722.3260498046875,0.0003,0.0003,0.1
,,,,,574999,8189.1685,1000,,,,,,,,
8076.447,34.33976,8119.508,8017.0347,1000.0,575000,,,-722.4830322265625,-5.825299263000488,3.9569497108459473,720.7467041015625,720.4632568359375,0.0003,0.0003,0.1
,,,,,575999,8056.701,1000,,,,,,,,
,,,,,576000,,,-727.1138305664062,-6.506487846374512,3.1796183586120605,724.9332885742188,724.8677978515625,0.0003,0.0003,0.1
,,,,,576999,8241.681,1000,,,,,,,,
,,,,,577000,,,-722.1419067382812,-6.1650285720825195,4.419594764709473,720.6621704101562,720.6611328125,0.0003,0.0003,0.1
,,,,,577999,8140.502,1000,,,,,,,,
,,,,,578000,,,-729.37451171875,-5.894280433654785,2.82440185546875,727.4498291015625,727.5099487304688,0.0003,0.0003,0.1
,,,,,578999,8134.6143,1000,,,,,,,,
,,,,,579000,,,-732.7589111328125,-5.828619956970215,3.0877761840820312,730.98681640625,731.112060546875,0.0003,0.0003,0.1
,,,,,579999,8099.766,1000,,,,,,,,
8260.285,64.4717,8322.85,8094.663,1000.0,580000,,,-723.649658203125,-6.140174865722656,3.082066059112549,721.7191162109375,721.907958984375,0.0003,0.0003,0.1
,,,,,580999,8041.6567,1000,,,,,,,,
,,,,,581000,,,-737.2186279296875,-5.656028747558594,3.810427665710449,735.4805908203125,735.4251708984375,0.0003,0.0003,0.1
,,,,,581999,8275.126,1000,,,,,,,,
,,,,,582000,,,-736.01513671875,-6.036116123199463,2.905165672302246,734.0262451171875,733.9730834960938,0.0003,0.0003,0.1
,,,,,582999,8058.3813,1000,,,,,,,,
,,,,,583000,,,-728.3348388671875,-5.667483329772949,3.2703638076782227,725.8387451171875,725.875732421875,0.0003,0.0003,0.1
,,,,,583999,4203.9233,1000,,,,,,,,
,,,,,584000,,,-734.5887451171875,-5.912694931030273,4.281756401062012,732.6412353515625,732.7843017578125,0.0003,0.0003,0.1
,,,,,584999,8316.853,1000,,,,,,,,
7633.108,1799.0114,8331.298,2245.717,1000.0,585000,,,-734.6965942382812,-6.3021721839904785,3.2770891189575195,732.8408203125,732.6317138671875,0.0003,0.0003,0.1
,,,,,585999,8160.9277,1000,,,,,,,,
,,,,,586000,,,-732.67333984375,-6.039257049560547,3.7485251426696777,731.31005859375,730.8882446289062,0.0003,0.0003,0.1
,,,,,586999,8152.9214,1000,,,,,,,,
,,,,,587000,,,-726.2693481445312,-6.551806449890137,5.1146392822265625,723.9942626953125,723.947998046875,0.0003,0.0003,0.1
,,,,,587999,8362.594,1000,,,,,,,,
,,,,,588000,,,-729.8294677734375,-6.255870819091797,4.924504280090332,728.3079833984375,728.00341796875,0.0003,0.0003,0.1
,,,,,588999,8282.601,1000,,,,,,,,
,,,,,589000,,,-737.0902709960938,-5.808427333831787,2.953875780105591,735.2652587890625,735.2880859375,0.0003,0.0003,0.1
,,,,,589999,8235.238,1000,,,,,,,,
8206.754,24.27423,8242.276,8164.8906,1000.0,590000,,,-728.7293090820312,-5.928920269012451,4.765689849853516,726.6600341796875,727.3885498046875,0.0003,0.0003,0.1
,,,,,590999,8357.064,1000,,,,,,,,
,,,,,591000,,,-731.9437255859375,-5.524620532989502,3.9190433025360107,730.1427001953125,729.707275390625,0.0003,0.0003,0.1
,,,,,591999,8258.348,1000,,,,,,,,
,,,,,592000,,,-732.2894897460938,-6.100399971008301,3.9817662239074707,730.5565795898438,730.445068359375,0.0003,0.0003,0.1
,,,,,592999,8295.861,1000,,,,,,,,
,,,,,593000,,,-732.1527099609375,-6.3047194480896,4.540104389190674,730.1468505859375,730.1744384765625,0.0003,0.0003,0.1
,,,,,593999,8299.722,1000,,,,,,,,
,,,,,594000,,,-742.9098510742188,-6.36667013168335,3.513223171234131,741.13720703125,740.96484375,0.0003,0.0003,0.1
,,,,,594999,8272.862,1000,,,,,,,,
8073.4507,38.870853,8134.9907,8008.0405,1000.0,595000,,,-732.74951171875,-5.394266128540039,3.373561382293701,730.9356689453125,731.0896606445312,0.0003,0.0003,0.1
,,,,,595999,8242.96,1000,,,,,,,,
,,,,,596000,,,-741.760009765625,-6.035239219665527,3.260003089904785,739.6078491210938,739.4602661132812,0.0003,0.0003,0.1
,,,,,596999,8334.084,1000,,,,,,,,
,,,,,597000,,,-733.8351440429688,-6.176467418670654,3.6423306465148926,732.181884765625,732.1937255859375,0.0003,0.0003,0.1
,,,,,597999,8286.425,1000,,,,,,,,
,,,,,598000,,,-739.510009765625,-6.384833335876465,3.7180936336517334,737.6095581054688,737.380126953125,0.0003,0.0003,0.1
,,,,,598999,8345.122,1000,,,,,,,,
,,,,,599000,,,-743.1400146484375,-6.503854274749756,3.2276523113250732,741.2711181640625,741.7987670898438,0.0003,0.0003,0.1
,,,,,599999,8384.43,1000,,,,,,,,
8293.467,45.33923,8383.097,8204.072,1000.0,600000,,,-736.729248046875,-6.266035079956055,4.892102241516113,734.73681640625,734.5777587890625,0.0003,0.0003,0.1
,,,,,600999,8305.376,1000,,,,,,,,
,,,,,601000,,,-753.4472045898438,-5.688038349151611,5.841502666473389,751.7918701171875,751.6925048828125,0.0003,0.0003,0.1
,,,,,601999,8400.713,1000,,,,,,,,
,,,,,602000,,,-741.4769897460938,-5.849072456359863,3.775139570236206,739.62353515625,739.4814453125,0.0003,0.0003,0.1
,,,,,602999,8404.347,1000,,,,,,,,
,,,,,603000,,,-746.95068359375,-6.076227188110352,4.496228218078613,744.6253662109375,744.9811401367188,0.0003,0.0003,0.1
,,,,,603999,8466.505,1000,,,,,,,,
,,,,,604000,,,-746.6571655273438,-6.296431541442871,2.767327308654785,744.8070068359375,744.8294677734375,0.0003,0.0003,0.1
,,,,,604999,8419.822,1000,,,,,,,,
8266.893,71.800835,8347.723,8141.295,1000.0,605000,,,-741.4864501953125,-5.864325523376465,3.5467329025268555,739.4609985351562,739.290283203125,0.0003,0.0003,0.1
,,,,,605999,8451.148,1000,,,,,,,,
,,,,,606000,,,-739.383056640625,-6.320723533630371,3.504998207092285,737.3799438476562,737.2072143554688,0.0003,0.0003,0.1
,,,,,606999,8481.782,1000,,,,,,,,
,,,,,607000,,,-746.39208984375,-6.00224494934082,3.0723860263824463,744.1768188476562,744.6111450195312,0.0003,0.0003,0.1
,,,,,607999,8314.425,1000,,,,,,,,
,,,,,608000,,,-752.4452514648438,-6.400964736938477,3.587068557739258,750.665283203125,750.697509765625,0.0003,0.0003,0.1
,,,,,608999,8411.278,1000,,,,,,,,
,,,,,609000,,,-756.173095703125,-6.21583890914917,2.326582431793213,754.8024291992188,754.7944946289062,0.0003,0.0003,0.1
,,,,,609999,8446.678,1000,,,,,,,,
8310.021,48.558243,8394.514,8236.254,1000.0,610000,,,-749.2938232421875,-6.326866626739502,3.1148176193237305,747.6563720703125,747.3115234375,0.0003,0.0003,0.1
,,,,,610999,8466.609,1000,,,,,,,,
,,,,,611000,,,-749.21240234375,-5.914987564086914,3.1452808380126953,747.7532958984375,747.3327026367188,0.0003,0.0003,0.1
,,,,,611999,8441.2705,1000,,,,,,,,
,,,,,612000,,,-759.3333740234375,-6.432899475097656,3.908381462097168,757.4970092773438,757.2720947265625,0.0003,0.0003,0.1
,,,,,612999,8480.976,1000,,,,,,,,
,,,,,613000,,,-753.1453247070312,-6.400287628173828,4.2298126220703125,751.7081909179688,751.3534545898438,0.0003,0.0003,0.1
,,,,,613999,8468.919,1000,,,,,,,,
,,,,,614000,,,-760.10595703125,-6.443580150604248,2.9549994468688965,758.183349609375,758.4093627929688,0.0003,0.0003,0.1
,,,,,614999,8547.559,1000,,,,,,,,
8635.049,27.205246,8682.026,8601.21,1000.0,615000,,,-749.9810791015625,-6.766735076904297,4.132542610168457,747.8739013671875,747.8577270507812,0.0003,0.0003,0.1
,,,,,615999,6334.666,1000,,,,,,,,
,,,,,616000,,,-748.581787109375,-6.682722091674805,3.5528485774993896,746.877197265625,747.0206298828125,0.0003,0.0003,0.1
,,,,,616999,8345.084,1000,,,,,,,,
,,,,,617000,,,-752.65771484375,-6.372289657592773,3.5309648513793945,750.47021484375,750.122802734375,0.0003,0.0003,0.1
,,,,,617999,8488.839,1000,,,,,,,,
,,,,,618000,,,-756.6268920898438,-6.381746292114258,3.14552903175354,755.0492553710938,755.0802001953125,0.0003,0.0003,0.1
,,,,,618999,8470.196,1000,,,,,,,,
,,,,,619000,,,-753.968505859375,-6.137605667114258,3.4782443046569824,751.9893188476562,751.7869873046875,0.0003,0.0003,0.1
,,,,,619999,8507.125,1000,,,,,,,,
8421.727,36.736317,8495.881,8358.865,1000.0,620000,,,-758.53466796875,-6.3084259033203125,3.8052330017089844,756.8900756835938,756.82568359375,0.0003,0.0003,0.1
,,,,,620999,8602.66,1000,,,,,,,,
,,,,,621000,,,-748.2001953125,-5.9549880027771,3.548865795135498,746.1520385742188,745.8810424804688,0.0003,0.0003,0.1
,,,,,621999,8595.851,1000,,,,,,,,
,,,,,622000,,,-749.60888671875,-6.294814109802246,3.287698268890381,747.203125,747.2803955078125,0.0003,0.0003,0.1
,,,,,622999,8475.28,1000,,,,,,,,
,,,,,623000,,,-751.4688110351562,-6.762502670288086,5.400555610656738,749.8267822265625,749.8158569335938,0.0003,0.0003,0.1
,,,,,623999,8494.977,1000,,,,,,,,
,,,,,624000,,,-748.1563720703125,-6.330522060394287,4.249821662902832,746.147705078125,745.8267822265625,0.0003,0.0003,0.1
,,,,,624999,8501.153,1000,,,,,,,,
8599.796,27.463964,8645.281,8551.9795,1000.0,625000,,,-765.5411376953125,-6.144926071166992,2.6769237518310547,763.724365234375,763.8270263671875,0.0003,0.0003,0.1
,,,,,625999,8479.725,1000,,,,,,,,
,,,,,626000,,,-758.2825927734375,-6.210715293884277,4.2436699867248535,756.9063110351562,756.6808471679688,0.0003,0.0003,0.1
,,,,,626999,8504.186,1000,,,,,,,,
,,,,,627000,,,-761.5570678710938,-6.514520645141602,3.9665627479553223,759.947021484375,759.9491577148438,0.0003,0.0003,0.1
,,,,,627999,8556.124,1000,,,,,,,,
,,,,,628000,,,-760.864501953125,-6.649959564208984,6.679425239562988,759.4281616210938,759.260498046875,0.0003,0.0003,0.1
,,,,,628999,6748.8057,1000,,,,,,,,
,,,,,629000,,,-761.1751708984375,-6.455547332763672,3.2125437259674072,758.8286743164062,759.297607421875,0.0003,0.0003,0.1
,,,,,629999,8487.74,1000,,,,,,,,
8533.615,63.31246,8632.049,8457.129,1000.0,630000,,,-759.1016845703125,-6.6854567527771,4.55734920501709,757.1861572265625,756.77392578125,0.0003,0.0003,0.1
,,,,,630999,8513.133,1000,,,,,,,,
,,,,,631000,,,-768.4300537109375,-6.142441749572754,3.392956018447876,766.4345703125,766.7365112304688,0.0003,0.0003,0.1
,,,,,631999,8551.852,1000,,,,,,,,
,,,,,632000,,,-760.0842895507812,-6.398786544799805,3.550124406814575,758.4910888671875,758.4500732421875,0.0003,0.0003,0.1
,,,,,632999,8476.283,1000,,,,,,,,
,,,,,633000,,,-762.1832275390625,-6.750101089477539,5.529357433319092,759.859375,760.39208984375,0.0003,0.0003,0.1
,,,,,633999,8507.708,1000,,,,,,,,
,,,,,634000,,,-774.01513671875,-6.020946025848389,3.235119581222534,772.321044921875,772.54296875,0.0003,0.0003,0.1
,,,,,634999,8650.97,1000,,,,,,,,
8573.485,65.18483,8691.278,8484.184,1000.0,635000,,,-765.761962890625,-6.328902721405029,5.433297157287598,764.001953125,764.47265625,0.0003,0.0003,0.1
,,,,,635999,8523.604,1000,,,,,,,,
,,,,,636000,,,-763.772216796875,-6.530657768249512,4.337138652801514,761.8812255859375,762.0072021484375,0.0003,0.0003,0.1
,,,,,636999,8545.352,1000,,,,,,,,
,,,,,637000,,,-757.7926025390625,-6.303243637084961,4.911416530609131,755.926513671875,755.4691162109375,0.0003,0.0003,0.1
,,,,,637999,8644.102,1000,,,,,,,,
,,,,,638000,,,-765.3090209960938,-6.350278854370117,4.044800758361816,763.234130859375,763.4284057617188,0.0003,0.0003,0.1
,,,,,638999,8557.133,1000,,,,,,,,
,,,,,639000,,,-768.9451293945312,-6.666350841522217,3.371295928955078,766.9373168945312,767.4461059570312,0.0003,0.0003,0.1
,,,,,639999,8548.818,1000,,,,,,,,
8662.619,57.4608,8746.078,8569.803,1000.0,640000,,,-766.454833984375,-6.298271179199219,3.9569268226623535,764.2891845703125,764.0701904296875,0.0003,0.0003,0.1
,,,,,640999,8714.284,1000,,,,,,,,
,,,,,641000,,,-764.9307250976562,-6.8002519607543945,4.547915458679199,762.8888549804688,762.8572387695312,0.0003,0.0003,0.1
,,,,,641999,8557.24,1000,,,,,,,,
,,,,,642000,,,-764.0928955078125,-6.245399475097656,4.955704689025879,761.9961547851562,762.13818359375,0.0003,0.0003,0.1
,,,,,642999,8659.975,1000,,,,,,,,
,,,,,643000,,,-757.1472778320312,-6.3167901039123535,5.299749374389648,755.153564453125,755.3214111328125,0.0003,0.0003,0.1
,,,,,643999,8341.095,1000,,,,,,,,
,,,,,644000,,,-773.5410766601562,-6.743232727050781,3.699948310852051,771.903564453125,771.913818359375,0.0003,0.0003,0.1
,,,,,644999,8690.761,1000,,,,,,,,
8712.726,79.007706,8855.339,8551.712,1000.0,645000,,,-766.1302490234375,-6.1590681076049805,4.019830703735352,764.4179077148438,764.4660034179688,0.0003,0.0003,0.1
,,,,,645999,8618.56,1000,,,,,,,,
,,,,,646000,,,-762.1426391601562,-6.463735103607178,3.5879173278808594,760.447998046875,760.5394287109375,0.0003,0.0003,0.1
,,,,,646999,8721.111,1000,,,,,,,,
,,,,,647000,,,-770.934326171875,-6.457338809967041,3.180818557739258,768.8497314453125,768.6223754882812,0.0003,0.0003,0.1
,,,,,647999,8699.614,1000,,,,,,,,
,,,,,648000,,,-779.6180419921875,-6.994167327880859,3.9440200328826904,777.5618896484375,777.6064453125,0.0003,0.0003,0.1
,,,,,648999,3342.035,1000,,,,,,,,
,,,,,649000,,,-762.99267578125,-6.798846244812012,9.119046211242676,761.2442626953125,760.8894653320312,0.0003,0.0003,0.1
,,,,,649999,8667.063,1000,,,,,,,,
8698.328,56.744194,8834.063,8646.601,1000.0,650000,,,-772.7149047851562,-6.2089667320251465,3.5885016918182373,770.6943359375,771.0678100585938,0.0003,0.0003,0.1
,,,,,650999,8723.491,1000,,,,,,,,
,,,,,651000,,,-776.3726806640625,-6.1684489250183105,4.624673843383789,774.63916015625,774.8359985351562,0.0003,0.0003,0.1
,,,,,651999,8678.987,1000,,,,,,,,
,,,,,652000,,,-773.6646728515625,-6.605034351348877,7.11370849609375,772.07470703125,771.8910522460938,0.0003,0.0003,0.1
,,,,,652999,8691.321,1000,,,,,,,,
,,,,,653000,,,-773.8021850585938,-6.6469902992248535,4.786735534667969,772.006591796875,771.80419921875,0.0003,0.0003,0.1
,,,,,653999,8753.82,1000,,,,,,,,
,,,,,654000,,,-778.862060546875,-6.4980316162109375,3.7215607166290283,777.1968994140625,776.716796875,0.0003,0.0003,0.1
,,,,,654999,8657.326,1000,,,,,,,,
8642.614,69.88986,8713.491,8508.024,1000.0,655000,,,-773.001220703125,-5.825123310089111,3.4215433597564697,771.2340087890625,771.2484130859375,0.0003,0.0003,0.1
,,,,,655999,8566.499,1000,,,,,,,,
,,,,,656000,,,-770.8746337890625,-6.973553657531738,7.244885444641113,768.552978515625,768.54150390625,0.0003,0.0003,0.1
,,,,,656999,8762.877,1000,,,,,,,,
,,,,,657000,,,-775.5891723632812,-6.653459548950195,5.380210876464844,774.0889892578125,773.3912353515625,0.0003,0.0003,0.1
,,,,,657999,8704.866,1000,,,,,,,,
,,,,,658000,,,-780.490234375,-6.626177787780762,4.507571220397949,778.8389282226562,778.8165893554688,0.0003,0.0003,0.1
,,,,,658999,8599.465,1000,,,,,,,,
,,,,,659000,,,-764.4818115234375,-6.943389415740967,5.040159702301025,762.7398681640625,762.2647705078125,0.0003,0.0003,0.1
,,,,,659999,8650.995,1000,,,,,,,,
8692.084,37.29353,8776.697,8633.503,1000.0,660000,,,-780.36279296875,-6.1491241455078125,3.4735066890716553,778.560302734375,778.7857055664062,0.0003,0.0003,0.1
,,,,,660999,8697.669,1000,,,,,,,,
,,,,,661000,,,-783.3626098632812,-6.357579231262207,5.176787376403809,781.788330078125,782.3447265625,0.0003,0.0003,0.1
,,,,,661999,8739.062,1000,,,,,,,,
,,,,,662000,,,-782.7333374023438,-7.029922962188721,4.963149070739746,780.9781494140625,780.8578491210938,0.0003,0.0003,0.1
,,,,,662999,8706.515,1000,,,,,,,,
,,,,,663000,,,-767.9010009765625,-6.416646480560303,4.952199935913086,766.310546875,766.1627197265625,0.0003,0.0003,0.1
,,,,,663999,8702.715,1000,,,,,,,,
,,,,,664000,,,-783.8555297851562,-6.285833358764648,4.0516180992126465,782.1239013671875,781.8737182617188,0.0003,0.0003,0.1
,,,,,664999,8712.701,1000,,,,,,,,
8764.608,54.739586,8862.944,8667.025,1000.0,665000,,,-780.7640380859375,-6.351593017578125,4.176087379455566,779.148193359375,779.2299194335938,0.0003,0.0003,0.1
,,,,,665999,8753.971,1000,,,,,,,,
,,,,,666000,,,-786.032470703125,-6.577537536621094,3.869246006011963,784.13525390625,784.0728759765625,0.0003,0.0003,0.1
,,,,,666999,8665.2,1000,,,,,,,,
,,,,,667000,,,-789.0397338867188,-6.00924015045166,5.511226177215576,787.2070922851562,787.556396484375,0.0003,0.0003,0.1
,,,,,667999,8836.344,1000,,,,,,,,
,,,,,668000,,,-772.451904296875,-6.613950729370117,6.0881028175354,770.9044189453125,770.8229370117188,0.0003,0.0003,0.1
,,,,,668999,8668.459,1000,,,,,,,,
,,,,,669000,,,-781.9251098632812,-6.032350063323975,3.278642177581787,779.89892578125,779.9270629882812,0.0003,0.0003,0.1
,,,,,669999,8795.225,1000,,,,,,,,
8740.177,137.18779,8868.235,8354.709,1000.0,670000,,,-779.426025390625,-6.425166130065918,11.433034896850586,777.1915283203125,777.6925048828125,0.0003,0.0003,0.1
,,,,,670999,8884.364,1000,,,,,,,,
,,,,,671000,,,-775.6557006835938,-6.863985061645508,5.372493267059326,773.524169921875,773.226806640625,0.0003,0.0003,0.1
,,,,,671999,8852.36,1000,,,,,,,,
,,,,,672000,,,-772.0601196289062,-6.726305961608887,3.6662142276763916,770.361572265625,770.250244140625,0.0003,0.0003,0.1
,,,,,672999,8795.799,1000,,,,,,,,
,,,,,673000,,,-777.3989868164062,-6.372965335845947,4.871709823608398,775.7957763671875,775.7232666015625,0.0003,0.0003,0.1
,,,,,673999,8631.834,1000,,,,,,,,
,,,,,674000,,,-783.7944946289062,-6.4731316566467285,3.1194379329681396,782.0271606445312,781.9676513671875,0.0003,0.0003,0.1
,,,,,674999,8764.772,1000,,,,,,,,
8928.604,102.68888,9081.991,8774.393,1000.0,675000,,,-791.6074829101562,-5.817757606506348,4.461296081542969,789.6170043945312,789.8165283203125,0.0003,0.0003,0.1
,,,,,675999,8945.36,1000,,,,,,,,
,,,,,676000,,,-786.9909057617188,-6.377045154571533,3.492332696914673,784.8660888671875,784.6693115234375,0.0003,0.0003,0.1
,,,,,676999,8848.081,1000,,,,,,,,
,,,,,677000,,,-789.074951171875,-6.595036506652832,5.379611968994141,787.5192260742188,787.5732421875,0.0003,0.0003,0.1
,,,,,677999,8781.685,1000,,,,,,,,
,,,,,678000,,,-794.7330322265625,-5.914472579956055,2.689751148223877,792.8765869140625,792.6065673828125,0.0003,0.0003,0.1
,,,,,678999,8818.362,1000,,,,,,,,
,,,,,679000,,,-775.859375,-6.629847526550293,4.174801826477051,773.713134765625,773.759033203125,0.0003,0.0003,0.1
,,,,,679999,8894.804,1000,,,,,,,,
8905.261,47.971733,8984.472,8817.35,1000.0,680000,,,-787.327392578125,-6.409262657165527,3.3760244846343994,785.1268310546875,785.471923828125,0.0003,0.0003,0.1
,,,,,680999,8859.36,1000,,,,,,,,
,,,,,681000,,,-789.0899658203125,-6.6275129318237305,4.346508026123047,787.463134765625,787.5474853515625,0.0003,0.0003,0.1
,,,,,681999,8761.993,1000,,,,,,,,
,,,,,682000,,,-782.594482421875,-6.686769962310791,6.738581657409668,780.2685546875,780.450439453125,0.0003,0.0003,0.1
,,,,,682999,8775.683,1000,,,,,,,,
,,,,,683000,,,-787.27587890625,-6.327582359313965,5.395465850830078,785.1871948242188,785.7449951171875,0.0003,0.0003,0.1
,,,,,683999,8985.631,1000,,,,,,,,
,,,,,684000,,,-791.9900512695312,-6.653010368347168,4.342341423034668,789.7317504882812,790.1522827148438,0.0003,0.0003,0.1
,,,,,684999,8863.984,1000,,,,,,,,
8999.564,58.196423,9094.494,8865.752,1000.0,685000,,,-788.747802734375,-6.673293113708496,4.887302398681641,786.657470703125,786.6776123046875,0.0003,0.0003,0.1
,,,,,685999,8804.02,1000,,,,,,,,
,,,,,686000,,,-783.8013916015625,-6.985572338104248,4.4509406089782715,781.8154296875,781.522216796875,0.0003,0.0003,0.1
,,,,,686999,8837.556,1000,,,,,,,,
,,,,,687000,,,-788.605712890625,-6.2986063957214355,5.909996032714844,786.5509033203125,786.373779296875,0.0003,0.0003,0.1
,,,,,687999,8849.621,1000,,,,,,,,
,,,,,688000,,,-795.5909423828125,-6.807376861572266,4.066479682922363,794.1305541992188,793.8489990234375,0.0003,0.0003,0.1
,,,,,688999,8860.897,1000,,,,,,,,
,,,,,689000,,,-797.7386474609375,-6.421634197235107,3.4932737350463867,796.2678833007812,796.0065307617188,0.0003,0.0003,0.1
,,,,,689999,8908.917,1000,,,,,,,,
9019.845,43.762993,9089.074,8945.631,1000.0,690000,,,-801.9081420898438,-6.629879951477051,4.780786514282227,799.9229736328125,799.8912963867188,0.0003,0.0003,0.1
,,,,,690999,8782.351,1000,,,,,,,,
,,,,,691000,,,-799.0350952148438,-5.981172561645508,4.873846530914307,796.938232421875,797.002197265625,0.0003,0.0003,0.1
,,,,,691999,8952.817,1000,,,,,,,,
,,,,,692000,,,-795.65087890625,-6.699139595031738,5.98167610168457,793.7357788085938,793.62744140625,0.0003,0.0003,0.1
,,,,,692999,8936.738,1000,,,,,,,,
,,,,,693000,,,-791.466552734375,-6.852540969848633,3.7887020111083984,789.1359252929688,789.5150756835938,0.0003,0.0003,0.1
,,,,,693999,8969.514,1000,,,,,,,,
,,,,,694000,,,-800.7992553710938,-6.288108825683594,4.000135898590088,799.095458984375,799.094482421875,0.0003,0.0003,0.1
,,,,,694999,8911.651,1000,,,,,,,,
8846.244,231.5537,9023.054,8189.835,1000.0,695000,,,-791.9119262695312,-6.837146282196045,4.568029403686523,790.1654052734375,789.8983154296875,0.0003,0.0003,0.1
,,,,,695999,9009.723,1000,,,,,,,,
,,,,,696000,,,-789.5277709960938,-6.156088829040527,4.8285980224609375,787.4801025390625,788.1031494140625,0.0003,0.0003,0.1
,,,,,696999,8972.306,1000,,,,,,,,
,,,,,697000,,,-801.0731811523438,-6.400826454162598,5.428891181945801,799.391357421875,798.8500366210938,0.0003,0.0003,0.1
,,,,,697999,9026.119,1000,,,,,,,,
,,,,,698000,,,-807.7802734375,-6.055861473083496,3.4990453720092773,805.9385986328125,805.8513793945312,0.0003,0.0003,0.1
,,,,,698999,9028.352,1000,,,,,,,,
,,,,,699000,,,-795.1912841796875,-6.566780090332031,5.1779327392578125,793.6347045898438,793.519287109375,0.0003,0.0003,0.1
,,,,,699999,9036.0,1000,,,,,,,,
9051.623,266.82886,9285.722,8272.355,1000.0,700000,,,-792.40185546875,-7.099316596984863,3.866377353668213,790.9050903320312,791.083251953125,0.0003,0.0003,0.1
,,,,,700999,8858.708,1000,,,,,,,,
,,,,,701000,,,-799.0709228515625,-6.785678386688232,3.031167507171631,797.3135986328125,797.1943969726562,0.0003,0.0003,0.1
,,,,,701999,8972.107,1000,,,,,,,,
,,,,,702000,,,-797.9334716796875,-6.983512878417969,6.925091743469238,796.0532836914062,795.8399047851562,0.0003,0.0003,0.1
,,,,,702999,8805.913,1000,,,,,,,,
,,,,,703000,,,-799.533935546875,-6.594498634338379,6.7970733642578125,798.2320556640625,798.1204833984375,0.0003,0.0003,0.1
,,,,,703999,9143.862,1000,,,,,,,,
,,,,,704000,,,-802.83837890625,-7.082779884338379,5.069867134094238,800.58935546875,800.5047607421875,0.0003,0.0003,0.1
,,,,,704999,8858.888,1000,,,,,,,,
8936.828,100.902954,9086.612,8787.177,1000.0,705000,,,-797.0880126953125,-6.095368385314941,3.239602565765381,795.2794189453125,795.4052734375,0.0003,0.0003,0.1
,,,,,705999,2738.3901,1000,,,,,,,,
,,,,,706000,,,-795.1983032226562,-6.45590877532959,4.106692790985107,793.173583984375,793.373046875,0.0003,0.0003,0.1
,,,,,706999,9136.75,1000,,,,,,,,
,,,,,707000,,,-790.645751953125,-6.572977542877197,4.673359394073486,788.440673828125,788.091796875,0.0003,0.0003,0.1
,,,,,707999,9031.521,1000,,,,,,,,
,,,,,708000,,,-803.189208984375,-6.436410903930664,4.188750267028809,801.5771484375,801.4468994140625,0.0003,0.0003,0.1
,,,,,708999,8960.164,1000,,,,,,,,
,,,,,709000,,,-803.219970703125,-6.580577850341797,5.236649990081787,801.89697265625,801.4635620117188,0.0003,0.0003,0.1
,,,,,709999,9038.872,1000,,,,,,,,
9003.483,54.30789,9080.198,8928.158,1000.0,710000,,,-804.8367919921875,-6.768582344055176,6.235311031341553,802.8980102539062,802.9103393554688,0.0003,0.0003,0.1
,,,,,710999,9072.836,1000,,,,,,,,
,,,,,711000,,,-801.3606567382812,-6.97010612487793,4.24372673034668,798.9002685546875,798.9080810546875,0.0003,0.0003,0.1
,,,,,711999,9169.505,1000,,,,,,,,
,,,,,712000,,,-802.99951171875,-6.564962387084961,4.579556465148926,801.021240234375,800.7457275390625,0.0003,0.0003,0.1
,,,,,712999,9015.799,1000,,,,,,,,
,,,,,713000,,,-808.3465576171875,-6.519841194152832,4.1523003578186035,806.77685546875,806.6810302734375,0.0003,0.0003,0.1
,,,,,713999,9133.344,1000,,,,,,,,
,,,,,714000,,,-810.8695068359375,-6.396958351135254,3.5715975761413574,808.8604736328125,808.6767578125,0.0003,0.0003,0.1
,,,,,714999,9048.254,1000,,,,,,,,
9150.693,57.656704,9229.117,9043.361,1000.0,715000,,,-811.1183471679688,-6.252318859100342,3.950559139251709,809.1765747070312,809.1495361328125,0.0003,0.0003,0.1
,,,,,715999,8950.968,1000,,,,,,,,
,,,,,716000,,,-802.814453125,-6.722311019897461,4.5800299644470215,800.5691528320312,800.7117309570312,0.0003,0.0003,0.1
,,,,,716999,8923.665,1000,,,,,,,,
,,,,,717000,,,-811.9017333984375,-7.285623550415039,5.340356349945068,809.993408203125,809.8128662109375,0.0003,0.0003,0.1
,,,,,717999,9154.1875,1000,,,,,,,,
,,,,,718000,,,-810.0330810546875,-6.816233158111572,5.123705863952637,808.0323486328125,807.6979370117188,0.0003,0.0003,0.1
,,,,,718999,9229.297,1000,,,,,,,,
,,,,,719000,,,-817.5444946289062,-6.050762176513672,5.380458354949951,815.8482666015625,815.2451782226562,0.0003,0.0003,0.1
,,,,,719999,9218.732,1000,,,,,,,,
9194.119,48.201607,9260.375,9092.488,1000.0,720000,,,-810.0501708984375,-6.813388347625732,5.20927619934082,807.947998046875,807.5938110351562,0.0003,0.0003,0.1
,,,,,720999,9225.678,1000,,,,,,,,
,,,,,721000,,,-814.8426513671875,-6.708667755126953,5.445357322692871,813.0457763671875,813.141845703125,0.0003,0.0003,0.1
,,,,,721999,9037.211,1000,,,,,,,,
,,,,,722000,,,-813.01318359375,-6.69398307800293,4.497260570526123,811.08837890625,811.2923583984375,0.0003,0.0003,0.1
,,,,,722999,9106.01,1000,,,,,,,,
,,,,,723000,,,-805.4664306640625,-6.251343727111816,5.017480850219727,803.4273681640625,803.438720703125,0.0003,0.0003,0.1
,,,,,723999,9063.817,1000,,,,,,,,
,,,,,724000,,,-818.8484497070312,-6.863626480102539,4.2942962646484375,816.7385864257812,816.8131103515625,0.0003,0.0003,0.1
,,,,,724999,9192.7295,1000,,,,,,,,
9223.319,46.713497,9347.547,9176.18,1000.0,725000,,,-805.1094970703125,-6.966188430786133,4.46635627746582,802.8897094726562,802.994384765625,0.0003,0.0003,0.1
,,,,,725999,9060.879,1000,,,,,,,,
,,,,,726000,,,-816.5753173828125,-6.8255438804626465,3.9095277786254883,814.6803588867188,814.5142211914062,0.0003,0.0003,0.1
,,,,,726999,9256.312,1000,,,,,,,,
,,,,,727000,,,-826.7171020507812,-6.912847518920898,4.863003730773926,824.851806640625,824.563720703125,0.0003,0.0003,0.1
,,,,,727999,9137.418,1000,,,,,,,,
,,,,,728000,,,-815.76953125,-6.82006311416626,4.94138240814209,813.3297119140625,814.2047729492188,0.0003,0.0003,0.1
,,,,,728999,9139.876,1000,,,,,,,,
,,,,,729000,,,-812.7332763671875,-6.260317325592041,5.04927396774292,810.2117919921875,810.6105346679688,0.0003,0.0003,0.1
,,,,,729999,9221.463,1000,,,,,,,,
9104.637,109.74384,9267.954,8855.24,1000.0,730000,,,-817.6910400390625,-6.646975517272949,4.340912342071533,815.31103515625,815.6362915039062,0.0003,0.0003,0.1
,,,,,730999,9135.623,1000,,,,,,,,
,,,,,731000,,,-825.9153442382812,-6.103748321533203,6.249386787414551,824.30908203125,824.1282958984375,0.0003,0.0003,0.1
,,,,,731999,9370.3125,1000,,,,,,,,
,,,,,732000,,,-820.9801025390625,-6.641302108764648,4.6809892654418945,818.7154541015625,818.89892578125,0.0003,0.0003,0.1
,,,,,732999,9121.936,1000,,,,,,,,
,,,,,733000,,,-833.0677490234375,-6.340490341186523,3.653566360473633,830.88720703125,830.85400390625,0.0003,0.0003,0.1
,,,,,733999,9167.832,1000,,,,,,,,
,,,,,734000,,,-825.866943359375,-6.685425758361816,4.622467994689941,824.0167236328125,824.0044555664062,0.0003,0.0003,0.1
,,,,,734999,9176.266,1000,,,,,,,,
9136.514,51.000862,9223.478,9028.748,1000.0,735000,,,-820.203369140625,-6.549918174743652,5.372024059295654,818.050048828125,818.1166381835938,0.0003,0.0003,0.1
,,,,,735999,9230.035,1000,,,,,,,,
,,,,,736000,,,-820.6388549804688,-6.656064033508301,5.158939361572266,819.25341796875,819.0186767578125,0.0003,0.0003,0.1
,,,,,736999,9324.195,1000,,,,,,,,
,,,,,737000,,,-830.833984375,-6.521938323974609,4.0146331787109375,829.0385131835938,829.2493896484375,0.0003,0.0003,0.1
,,,,,737999,9035.918,1000,,,,,,,,
,,,,,738000,,,-818.325439453125,-6.856632709503174,5.69289493560791,816.2335815429688,816.2078857421875,0.0003,0.0003,0.1
,,,,,738999,9230.8955,1000,,,,,,,,
,,,,,739000,,,-827.655029296875,-6.490408897399902,8.334853172302246,825.88720703125,826.0928955078125,0.0003,0.0003,0.1
,,,,,739999,9213.046,1000,,,,,,,,
9112.288,99.03594,9247.213,8886.632,1000.0,740000,,,-824.0283813476562,-5.920208930969238,4.5434417724609375,821.99267578125,822.1846923828125,0.0003,0.0003,0.1
,,,,,740999,9276.804,1000,,,,,,,,
,,,,,741000,,,-815.9854125976562,-6.5309953689575195,3.580014705657959,814.0786743164062,813.7122192382812,0.0003,0.0003,0.1
,,,,,741999,9233.583,1000,,,,,,,,
,,,,,742000,,,-826.5269165039062,-6.349026679992676,5.81497049331665,824.6495361328125,824.6931762695312,0.0003,0.0003,0.1
,,,,,742999,9292.454,1000,,,,,,,,
,,,,,743000,,,-818.56640625,-6.479466438293457,5.114072322845459,816.1658935546875,816.5907592773438,0.0003,0.0003,0.1
,,,,,743999,9348.668,1000,,,,,,,,
,,,,,744000,,,-828.8409423828125,-6.26177978515625,4.050049304962158,827.2080078125,827.2611694335938,0.0003,0.0003,0.1
,,,,,744999,9206.014,1000,,,,,,,,
9299.845,84.09764,9408.931,9138.4,1000.0,745000,,,-831.4129638671875,-6.122313499450684,4.400359630584717,829.9140014648438,830.0089111328125,0.0003,0.0003,0.1
,,,,,745999,1267.947,1000,,,,,,,,
,,,,,746000,,,-829.6231689453125,-6.612778663635254,4.326798439025879,827.4830932617188,827.6444091796875,0.0003,0.0003,0.1
,,,,,746999,9309.68,1000,,,,,,,,
,,,,,747000,,,-831.9971923828125,-6.565577507019043,3.575185775756836,830.0467529296875,829.8414916992188,0.0003,0.0003,0.1
,,,,,747999,9279.838,1000,,,,,,,,
,,,,,748000,,,-824.085205078125,-6.56657075881958,4.470495223999023,822.276123046875,822.0690307617188,0.0003,0.0003,0.1
,,,,,748999,9133.588,1000,,,,,,,,
,,,,,749000,,,-821.8801879882812,-7.052321910858154,8.16920280456543,819.6748046875,818.962890625,0.0003,0.0003,0.1
,,,,,749999,9285.518,1000,,,,,,,,
9206.561,160.05461,9298.195,8745.902,1000.0,750000,,,-837.2664794921875,-6.9721999168396,3.948714017868042,834.7422485351562,835.08447265625,0.0003,0.0003,0.1
,,,,,750999,9230.236,1000,,,,,,,,
,,,,,751000,,,-828.3594970703125,-6.587826728820801,5.632766246795654,826.75341796875,827.0282592773438,0.0003,0.0003,0.1
,,,,,751999,9288.152,1000,,,,,,,,
,,,,,752000,,,-827.1598510742188,-7.26870584487915,4.730918884277344,825.112548828125,825.2755126953125,0.0003,0.0003,0.1
,,,,,752999,9278.849,1000,,,,,,,,
,,,,,753000,,,-835.2218627929688,-6.423470497131348,4.637697219848633,833.917236328125,833.989013671875,0.0003,0.0003,0.1
,,,,,753999,9361.794,1000,,,,,,,,
,,,,,754000,,,-829.9302978515625,-6.723968505859375,4.88168478012085,827.5123291015625,827.8257446289062,0.0003,0.0003,0.1
,,,,,754999,9351.639,1000,,,,,,,,
9379.837,60.13094,9465.437,9241.217,1000.0,755000,,,-826.29541015625,-6.917296409606934,4.794578552246094,824.15087890625,823.9532470703125,0.0003,0.0003,0.1
,,,,,755999,9324.833,1000,,,,,,,,
,,,,,756000,,,-828.9395141601562,-6.895617485046387,5.398510932922363,827.3848266601562,827.2987060546875,0.0003,0.0003,0.1
,,,,,756999,9330.573,1000,,,,,,,,
,,,,,757000,,,-836.5343627929688,-6.853579521179199,6.2119140625,834.956787109375,834.8895874023438,0.0003,0.0003,0.1
,,,,,757999,9416.225,1000,,,,,,,,
,,,,,758000,,,-839.3073120117188,-7.04066276550293,5.466485023498535,837.4115600585938,837.655517578125,0.0003,0.0003,0.1
,,,,,758999,9420.6045,1000,,,,,,,,
,,,,,759000,,,-835.3541870117188,-6.892670631408691,6.529943466186523,832.7860717773438,832.8246459960938,0.0003,0.0003,0.1
,,,,,759999,9471.327,1000,,,,,,,,
9287.467,122.01159,9447.066,9027.802,1000.0,760000,,,-838.0996704101562,-6.579819679260254,6.00247859954834,836.2427978515625,836.003662109375,0.0003,0.0003,0.1
,,,,,760999,9447.095,1000,,,,,,,,
,,,,,761000,,,-823.6868286132812,-6.8349456787109375,7.416675090789795,821.6356811523438,821.68896484375,0.0003,0.0003,0.1
,,,,,761999,9386.133,1000,,,,,,,,
,,,,,762000,,,-836.57470703125,-6.1989569664001465,4.9682936668396,834.512451171875,834.5026245117188,0.0003,0.0003,0.1
,,,,,762999,9324.117,1000,,,,,,,,
,,,,,763000,,,-830.1387939453125,-7.378753662109375,4.117652416229248,827.9547119140625,827.7769165039062,0.0003,0.0003,0.1
,,,,,763999,9455.233,1000,,,,,,,,
,,,,,764000,,,-846.507080078125,-6.97503662109375,5.19390869140625,844.5859375,844.9361572265625,0.0003,0.0003,0.1
,,,,,764999,9350.389,1000,,,,,,,,
9442.432,73.12725,9538.447,9292.607,1000.0,765000,,,-835.2539672851562,-7.251706123352051,6.070369720458984,832.942626953125,833.0537719726562,0.0003,0.0003,0.1
,,,,,765999,9460.214,1000,,,,,,,,
,,,,,766000,,,-832.2348022460938,-6.60693359375,4.495210647583008,830.678955078125,830.2396240234375,0.0003,0.0003,0.1
,,,,,766999,9227.292,1000,,,,,,,,
,,,,,767000,,,-826.3251342773438,-7.822540283203125,5.437919616699219,824.25732421875,824.2525634765625,0.0003,0.0003,0.1
,,,,,767999,8962.248,1000,,,,,,,,
,,,,,768000,,,-838.2423706054688,-6.90732479095459,6.116794586181641,835.7067260742188,835.5865478515625,0.0003,0.0003,0.1
,,,,,768999,9282.174,1000,,,,,,,,
,,,,,769000,,,-842.2557373046875,-6.8933563232421875,5.3733978271484375,840.7825927734375,840.4139404296875,0.0003,0.0003,0.1
,,,,,769999,9003.626,1000,,,,,,,,
9081.736,687.9684,9417.273,7035.9434,1000.0,770000,,,-838.9609375,-6.729276180267334,4.589282512664795,836.8573608398438,836.9242553710938,0.0003,0.0003,0.1
,,,,,770999,9455.404,1000,,,,,,,,
,,,,,771000,,,-833.749755859375,-7.388847351074219,6.006888389587402,831.2987060546875,831.928955078125,0.0003,0.0003,0.1
,,,,,771999,9456.887,1000,,,,,,,,
,,,,,772000,,,-845.73974609375,-7.10460090637207,4.0925068855285645,843.6375732421875,843.687255859375,0.0003,0.0003,0.1
,,,,,772999,9409.736,1000,,,,,,,,
,,,,,773000,,,-842.0953369140625,-6.853568077087402,6.329339027404785,839.7725830078125,839.92724609375,0.0003,0.0003,0.1
,,,,,773999,9412.102,1000,,,,,,,,
,,,,,774000,,,-844.577392578125,-6.666999340057373,4.235187530517578,843.0994873046875,842.56201171875,0.0003,0.0003,0.1
,,,,,774999,9475.161,1000,,,,,,,,
9303.225,770.22595,9615.2,6995.485,1000.0,775000,,,-840.2265625,-7.407871246337891,4.2182111740112305,838.6006469726562,838.42529296875,0.0003,0.0003,0.1
,,,,,775999,9433.922,1000,,,,,,,,
,,,,,776000,,,-850.5615234375,-6.885601997375488,3.830940008163452,848.699462890625,848.85009765625,0.0003,0.0003,0.1
,,,,,776999,9445.321,1000,,,,,,,,
,,,,,777000,,,-843.24853515625,-6.652718544006348,7.53262996673584,841.147705078125,841.2991943359375,0.0003,0.0003,0.1
,,,,,777999,9302.395,1000,,,,,,,,
,,,,,778000,,,-846.0900268554688,-6.638462066650391,5.405892372131348,844.4737548828125,844.2083740234375,0.0003,0.0003,0.1
,,,,,778999,1389.2776,1000,,,,,,,,
,,,,,779000,,,-839.4747314453125,-6.749935150146484,5.253337860107422,837.601806640625,837.4794921875,0.0003,0.0003,0.1
,,,,,779999,9395.729,1000,,,,,,,,
9393.286,280.0995,9562.194,8585.079,1000.0,780000,,,-836.6226806640625,-6.859563827514648,6.274313449859619,834.430908203125,834.6639404296875,0.0003,0.0003,0.1
,,,,,780999,9595.583,1000,,,,,,,,
,,,,,781000,,,-844.58154296875,-7.191763877868652,5.973725318908691,842.2686767578125,842.5904541015625,0.0003,0.0003,0.1
,,,,,781999,9493.259,1000,,,,,,,,
,,,,,782000,,,-849.8858642578125,-6.609663963317871,4.566468238830566,848.0311279296875,847.81396484375,0.0003,0.0003,0.1
,,,,,782999,9359.315,1000,,,,,,,,
,,,,,783000,,,-836.1228637695312,-6.768363952636719,4.11589241027832,833.9154052734375,834.3991088867188,0.0003,0.0003,0.1
,,,,,783999,9465.521,1000,,,,,,,,
,,,,,784000,,,-833.591796875,-7.004050254821777,4.371783256530762,831.6141357421875,831.2677001953125,0.0003,0.0003,0.1
,,,,,784999,9425.7295,1000,,,,,,,,
9545.954,90.57578,9621.812,9384.981,1000.0,785000,,,-848.774169921875,-6.609921455383301,4.919005393981934,846.59619140625,846.5193481445312,0.0003,0.0003,0.1
,,,,,785999,8207.379,1000,,,,,,,,
,,,,,786000,,,-840.7750854492188,-7.063854694366455,6.1083760261535645,839.072998046875,839.1533203125,0.0003,0.0003,0.1
,,,,,786999,9408.084,1000,,,,,,,,
,,,,,787000,,,-849.1646118164062,-6.800915718078613,5.847799301147461,846.9832763671875,847.74853515625,0.0003,0.0003,0.1
,,,,,787999,9356.127,1000,,,,,,,,
,,,,,788000,,,-849.7979736328125,-7.110352993011475,4.647622108459473,847.389892578125,848.009521484375,0.0003,0.0003,0.1
,,,,,788999,9413.792,1000,,,,,,,,
,,,,,789000,,,-840.255615234375,-7.044416427612305,4.958245754241943,837.5892333984375,837.826416015625,0.0003,0.0003,0.1
,,,,,789999,9492.305,1000,,,,,,,,
9285.747,494.0654,9575.87,7846.677,1000.0,790000,,,-835.5966796875,-6.883246898651123,6.623193264007568,833.983642578125,833.6060791015625,0.0003,0.0003,0.1
,,,,,790999,9504.685,1000,,,,,,,,
,,,,,791000,,,-850.6091918945312,-7.065032958984375,5.640801429748535,848.6246337890625,848.99853515625,0.0003,0.0003,0.1
,,,,,791999,9371.718,1000,,,,,,,,
,,,,,792000,,,-856.6329345703125,-7.18377685546875,5.20188045501709,854.1630859375,853.968994140625,0.0003,0.0003,0.1
,,,,,792999,9481.457,1000,,,,,,,,
,,,,,793000,,,-842.7883911132812,-6.992488861083984,5.697111129760742,840.4412841796875,840.2642822265625,0.0003,0.0003,0.1
,,,,,793999,9528.227,1000,,,,,,,,
,,,,,794000,,,-844.2251586914062,-6.535325050354004,5.992612838745117,842.828369140625,842.5335693359375,0.0003,0.0003,0.1
,,,,,794999,9418.012,1000,,,,,,,,
9603.815,37.59927,9663.017,9533.051,1000.0,795000,,,-837.2059326171875,-7.341250419616699,5.68406867980957,835.154296875,834.8314208984375,0.0003,0.0003,0.1
,,,,,795999,9594.471,1000,,,,,,,,
,,,,,796000,,,-849.0615234375,-7.052334785461426,5.101413249969482,846.812744140625,847.0057983398438,0.0003,0.0003,0.1
,,,,,796999,9553.913,1000,,,,,,,,
,,,,,797000,,,-857.4459228515625,-6.384245872497559,4.4567718505859375,855.1827392578125,855.4163818359375,0.0003,0.0003,0.1
,,,,,797999,9390.166,1000,,,,,,,,
,,,,,798000,,,-840.0852661132812,-7.004289627075195,5.5030317306518555,837.6641235351562,837.4854125976562,0.0003,0.0003,0.1
,,,,,798999,9415.819,1000,,,,,,,,
,,,,,799000,,,-853.2222900390625,-7.154738426208496,3.4454290866851807,850.8860473632812,850.7020263671875,0.0003,0.0003,0.1
,,,,,799999,9548.181,1000,,,,,,,,
9535.903,69.28022,9625.779,9363.491,1000.0,800000,,,-855.1233520507812,-6.930809020996094,4.948419570922852,853.0859375,852.771240234375,0.0003,0.0003,0.1
,,,,,800999,9528.165,1000,,,,,,,,
,,,,,801000,,,-847.5953979492188,-7.305546760559082,5.400018692016602,845.2796020507812,845.187744140625,0.0003,0.0003,0.1
,,,,,801999,9280.703,1000,,,,,,,,
,,,,,802000,,,-853.5985717773438,-6.857311248779297,4.698256015777588,851.3922729492188,851.3341674804688,0.0003,0.0003,0.1
,,,,,802999,9642.551,1000,,,,,,,,
,,,,,803000,,,-853.8881225585938,-6.485054969787598,5.8176798820495605,851.7683715820312,851.5074462890625,0.0003,0.0003,0.1
,,,,,803999,9250.156,1000,,,,,,,,
,,,,,804000,,,-851.076904296875,-6.995649337768555,6.233706474304199,849.1409912109375,848.9915161132812,0.0003,0.0003,0.1
,,,,,804999,9585.84,1000,,,,,,,,
9613.842,41.665886,9657.507,9523.273,1000.0,805000,,,-862.5767822265625,-7.009150505065918,3.7172210216522217,860.09130859375,860.4317626953125,0.0003,0.0003,0.1
,,,,,805999,9516.735,1000,,,,,,,,
,,,,,806000,,,-850.8026123046875,-7.377964019775391,4.474791526794434,848.384033203125,848.706787109375,0.0003,0.0003,0.1
,,,,,806999,9502.647,1000,,,,,,,,
,,,,,807000,,,-852.870361328125,-7.23219108581543,4.395276069641113,851.1088256835938,850.8695068359375,0.0003,0.0003,0.1
,,,,,807999,9503.498,1000,,,,,,,,
,,,,,808000,,,-853.5809936523438,-6.916872501373291,6.105897903442383,851.7627563476562,851.9688720703125,0.0003,0.0003,0.1
,,,,,808999,9599.233,1000,,,,,,,,
,,,,,809000,,,-853.9231567382812,-6.651040077209473,4.726768970489502,852.47802734375,852.3511962890625,0.0003,0.0003,0.1
,,,,,809999,9569.394,1000,,,,,,,,
8843.668,2303.8765,9703.859,1933.3475,1000.0,810000,,,-854.8819580078125,-6.959455490112305,4.9854207038879395,851.927978515625,852.3201904296875,0.0003,0.0003,0.1
,,,,,810999,9647.721,1000,,,,,,,,
,,,,,811000,,,-847.8570556640625,-7.1698174476623535,5.893133163452148,846.1102294921875,845.9527587890625,0.0003,0.0003,0.1
,,,,,811999,9482.501,1000,,,,,,,,
,,,,,812000,,,-849.1524658203125,-6.894528865814209,6.645262718200684,846.1408081054688,846.5242919921875,0.0003,0.0003,0.1
,,,,,812999,9645.419,1000,,,,,,,,
,,,,,813000,,,-864.6776733398438,-6.7605109214782715,4.657279014587402,862.7523193359375,862.9842529296875,0.0003,0.0003,0.1
,,,,,813999,9227.447,1000,,,,,,,,
,,,,,814000,,,-853.1885986328125,-6.939186096191406,6.42807674407959,850.4583740234375,850.4287719726562,0.0003,0.0003,0.1
,,,,,814999,9601.987,1000,,,,,,,,
8105.0244,1240.6061,9140.084,5442.211,1000.0,815000,,,-869.8626098632812,-6.245019912719727,5.401647567749023,868.4425048828125,868.1241455078125,0.0003,0.0003,0.1
,,,,,815999,9586.88,1000,,,,,,,,
,,,,,816000,,,-859.0100708007812,-6.671897888183594,4.611252784729004,856.6253662109375,856.6146850585938,0.0003,0.0003,0.1
,,,,,816999,9533.01,1000,,,,,,,,
,,,,,817000,,,-852.5205078125,-7.272656440734863,6.225431442260742,850.3480224609375,850.6513671875,0.0003,0.0003,0.1
,,,,,817999,9633.343,1000,,,,,,,,
,,,,,818000,,,-855.74951171875,-6.575141906738281,5.145325660705566,853.5648193359375,853.8984985351562,0.0003,0.0003,0.1
,,,,,818999,9619.951,1000,,,,,,,,
,,,,,819000,,,-852.6668701171875,-7.193181991577148,5.2372846603393555,850.8785400390625,851.1177978515625,0.0003,0.0003,0.1
,,,,,819999,9718.095,1000,,,,,,,,
9606.51,46.99702,9684.846,9529.848,1000.0,820000,,,-871.931884765625,-6.858415603637695,5.437254905700684,870.1725463867188,869.9400024414062,0.0003,0.0003,0.1
,,,,,820999,9608.601,1000,,,,,,,,
,,,,,821000,,,-844.21728515625,-6.775150299072266,10.68729019165039,841.6433715820312,841.506103515625,0.0003,0.0003,0.1
,,,,,821999,9747.553,1000,,,,,,,,
,,,,,822000,,,-859.02880859375,-6.941549301147461,4.312204837799072,857.0628662109375,857.6611328125,0.0003,0.0003,0.1
,,,,,822999,9600.475,1000,,,,,,,,
,,,,,823000,,,-859.3489990234375,-6.76943302154541,4.447273254394531,857.5250244140625,857.799560546875,0.0003,0.0003,0.1
,,,,,823999,9648.268,1000,,,,,,,,
,,,,,824000,,,-871.3280029296875,-7.128136157989502,4.2313995361328125,869.5001220703125,869.8147583007812,0.0003,0.0003,0.1
,,,,,824999,9833.527,1000,,,,,,,,
9721.971,66.26137,9803.592,9557.304,1000.0,825000,,,-864.4812622070312,-6.936126232147217,5.30198860168457,862.3699951171875,862.4081420898438,0.0003,0.0003,0.1
,,,,,825999,9735.69,1000,,,,,,,,
,,,,,826000,,,-868.5938720703125,-7.359366416931152,8.141010284423828,866.5828857421875,865.95703125,0.0003,0.0003,0.1
,,,,,826999,9618.058,1000,,,,,,,,
,,,,,827000,,,-865.7982177734375,-7.366594314575195,6.68131160736084,864.0638427734375,864.0224609375,0.0003,0.0003,0.1
,,,,,827999,9773.3,1000,,,,,,,,
,,,,,828000,,,-868.6907348632812,-6.90983772277832,5.093693256378174,866.733154296875,867.027099609375,0.0003,0.0003,0.1
,,,,,828999,9826.009,1000,,,,,,,,
,,,,,829000,,,-867.21533203125,-6.687480926513672,4.891242027282715,865.7186279296875,865.6104736328125,0.0003,0.0003,0.1
,,,,,829999,9707.404,1000,,,,,,,,
9435.181,473.1906,9688.1045,8079.1777,1000.0,830000,,,-878.33984375,-6.994694709777832,3.584547758102417,876.52783203125,876.6229858398438,0.0003,0.0003,0.1
,,,,,830999,9480.55,1000,,,,,,,,
,,,,,831000,,,-866.3934936523438,-6.380484104156494,3.801753282546997,864.11865234375,864.2325439453125,0.0003,0.0003,0.1
,,,,,831999,9725.64,1000,,,,,,,,
,,,,,832000,,,-873.1053466796875,-6.529386520385742,5.635080337524414,870.3916015625,870.8161010742188,0.0003,0.0003,0.1
,,,,,832999,9739.839,1000,,,,,,,,
,,,,,833000,,,-866.2535400390625,-6.437660217285156,5.410433292388916,864.53466796875,864.2344360351562,0.0003,0.0003,0.1
,,,,,833999,9673.811,1000,,,,,,,,
,,,,,834000,,,-869.3565673828125,-7.0230584144592285,5.977591514587402,867.0828247070312,866.8271484375,0.0003,0.0003,0.1
,,,,,834999,9740.553,1000,,,,,,,,
9675.0625,189.3669,9920.97,9203.3955,1000.0,835000,,,-865.8387451171875,-7.128261566162109,7.034636974334717,863.64599609375,863.9859008789062,0.0003,0.0003,0.1
,,,,,835999,9683.698,1000,,,,,,,,
,,,,,836000,,,-872.3524169921875,-6.638322830200195,6.56360387802124,869.8795166015625,869.6663818359375,0.0003,0.0003,0.1
,,,,,836999,9714.139,1000,,,,,,,,
,,,,,837000,,,-869.3672485351562,-7.473391056060791,4.915137767791748,867.1502685546875,867.3436889648438,0.0003,0.0003,0.1
,,,,,837999,9801.422,1000,,,,,,,,
,,,,,838000,,,-875.8047485351562,-6.887648582458496,7.0356550216674805,873.827880859375,873.9659423828125,0.0003,0.0003,0.1
,,,,,838999,9692.899,1000,,,,,,,,
,,,,,839000,,,-883.6385498046875,-6.687989234924316,5.3401408195495605,881.7427978515625,882.2420654296875,0.0003,0.0003,0.1
,,,,,839999,9768.411,1000,,,,,,,,
7219.0186,3567.431,10072.698,734.1984,1000.0,840000,,,-876.07275390625,-7.27065372467041,4.893326282501221,873.79150390625,873.8137817382812,0.0003,0.0003,0.1
,,,,,840999,9652.187,1000,,,,,,,,
,,,,,841000,,,-878.4312133789062,-6.211472511291504,5.60396671295166,876.3221435546875,876.7218627929688,0.0003,0.0003,0.1
,,,,,841999,9741.54,1000,,,,,,,,
,,,,,842000,,,-866.14501953125,-6.704412460327148,4.265440464019775,864.334228515625,864.0503540039062,0.0003,0.0003,0.1
,,,,,842999,9838.631,1000,,,,,,,,
,,,,,843000,,,-870.5177612304688,-7.115345001220703,8.612735748291016,867.29345703125,868.173828125,0.0003,0.0003,0.1
,,,,,843999,9719.269,1000,,,,,,,,
,,,,,844000,,,-881.9539794921875,-6.799841403961182,6.989167213439941,880.6956787109375,880.4810791015625,0.0003,0.0003,0.1
,,,,,844999,9833.19,1000,,,,,,,,
9902.953,92.9335,10023.399,9677.106,1000.0,845000,,,-876.8953247070312,-7.286664962768555,5.166205406188965,874.8795166015625,874.8287353515625,0.0003,0.0003,0.1
,,,,,845999,9812.87,1000,,,,,,,,
,,,,,846000,,,-874.3101196289062,-7.18911075592041,4.779172420501709,871.9984741210938,871.9525146484375,0.0003,0.0003,0.1
,,,,,846999,9810.534,1000,,,,,,,,
,,,,,847000,,,-887.3927001953125,-7.302708625793457,5.437356472015381,885.3419189453125,885.3400268554688,0.0003,0.0003,0.1
,,,,,847999,9906.34,1000,,,,,,,,
,,,,,848000,,,-889.9371948242188,-7.15632438659668,4.356384754180908,888.1248779296875,887.74755859375,0.0003,0.0003,0.1
,,,,,848999,9825.582,1000,,,,,,,,
,,,,,849000,,,-881.7018432617188,-6.779402732849121,5.585088729858398,879.594482421875,879.645751953125,0.0003,0.0003,0.1
,,,,,849999,9686.847,1000,,,,,,,,
9518.764,102.59731,9631.518,9330.219,1000.0,850000,,,-875.0844116210938,-6.404397010803223,4.964082717895508,873.0335693359375,873.7290649414062,0.0003,0.0003,0.1
,,,,,850999,9747.703,1000,,,,,,,,
,,,,,851000,,,-879.0584716796875,-7.1640424728393555,4.172192573547363,877.3104248046875,877.1817016601562,0.0003,0.0003,0.1
,,,,,851999,9660.739,1000,,,,,,,,
,,,,,852000,,,-872.5869140625,-6.865074157714844,5.380793571472168,870.1436767578125,870.0138549804688,0.0003,0.0003,0.1
,,,,,852999,9840.922,1000,,,,,,,,
,,,,,853000,,,-885.2589111328125,-6.83676815032959,7.087246894836426,883.2158813476562,883.094970703125,0.0003,0.0003,0.1
,,,,,853999,9780.113,1000,,,,,,,,
,,,,,854000,,,-873.8455810546875,-6.960056781768799,4.328596115112305,871.9228515625,872.085693359375,0.0003,0.0003,0.1
,,,,,854999,9737.522,1000,,,,,,,,
9856.298,111.42944,10020.272,9577.099,1000.0,855000,,,-879.2587280273438,-6.933920860290527,5.2565484046936035,877.0638427734375,877.31005859375,0.0003,0.0003,0.1
,,,,,855999,9892.691,1000,,,,,,,,
,,,,,856000,,,-874.6199951171875,-7.1817426681518555,4.649328231811523,872.4055786132812,872.38330078125,0.0003,0.0003,0.1
,,,,,856999,9848.173,1000,,,,,,,,
,,,,,857000,,,-869.0303955078125,-6.7889862060546875,5.100331783294678,866.7869873046875,866.8189697265625,0.0003,0.0003,0.1
,,,,,857999,9879.132,1000,,,,,,,,
,,,,,858000,,,-873.525390625,-6.392762184143066,5.0869669914245605,872.26318359375,872.2994995117188,0.0003,0.0003,0.1
,,,,,858999,9889.311,1000,,,,,,,,
,,,,,859000,,,-878.340576171875,-6.6415228843688965,4.658422470092773,876.3882446289062,876.43896484375,0.0003,0.0003,0.1
,,,,,859999,9749.711,1000,,,,,,,,
9886.607,76.381355,10020.898,9747.521,1000.0,860000,,,-870.15869140625,-7.336794853210449,5.347238540649414,868.1438598632812,868.1845092773438,0.0003,0.0003,0.1
,,,,,860999,9839.124,1000,,,,,,,,
,,,,,861000,,,-876.06640625,-6.317190647125244,4.612306118011475,874.1103515625,874.2651977539062,0.0003,0.0003,0.1
,,,,,861999,9944.079,1000,,,,,,,,
,,,,,862000,,,-890.7174072265625,-7.1887664794921875,5.709598541259766,888.7213134765625,888.2529296875,0.0003,0.0003,0.1
,,,,,862999,9923.979,1000,,,,,,,,
,,,,,863000,,,-886.3905029296875,-6.8765740394592285,5.104674339294434,883.702392578125,883.89404296875,0.0003,0.0003,0.1
,,,,,863999,9739.417,1000,,,,,,,,
,,,,,864000,,,-883.9451904296875,-6.961686611175537,5.224337577819824,881.9954833984375,882.2830810546875,0.0003,0.0003,0.1
,,,,,864999,9822.4,1000,,,,,,,,
9892.147,42.0032,9982.361,9816.72,1000.0,865000,,,-889.6764526367188,-7.2223429679870605,5.7353620529174805,888.1395263671875,887.5800170898438,0.0003,0.0003,0.1
,,,,,865999,9998.42,1000,,,,,,,,
,,,,,866000,,,-879.5872802734375,-6.847838401794434,6.709563255310059,877.5052490234375,877.4946899414062,0.0003,0.0003,0.1
,,,,,866999,9933.951,1000,,,,,,,,
,,,,,867000,,,-877.9112548828125,-7.351706027984619,6.094031810760498,876.2987060546875,876.040771484375,0.0003,0.0003,0.1
,,,,,867999,9860.211,1000,,,,,,,,
,,,,,868000,,,-884.739990234375,-6.964761734008789,5.484492778778076,882.093994140625,882.38232421875,0.0003,0.0003,0.1
,,,,,868999,9931.364,1000,,,,,,,,
,,,,,869000,,,-885.671142578125,-6.711541175842285,5.220412254333496,883.9454956054688,883.551513671875,0.0003,0.0003,0.1
,,,,,869999,9931.321,1000,,,,,,,,
9966.67,172.06842,10155.055,9483.731,1000.0,870000,,,-889.1828002929688,-6.679333209991455,3.8367698192596436,886.6475830078125,886.6279907226562,0.0003,0.0003,0.1
,,,,,870999,9742.483,1000,,,,,,,,
,,,,,871000,,,-885.55126953125,-7.562644958496094,7.555283546447754,884.20361328125,884.3548583984375,0.0003,0.0003,0.1
,,,,,871999,9942.953,1000,,,,,,,,
,,,,,872000,,,-886.1259155273438,-7.386247158050537,6.1160173416137695,883.640625,883.6661376953125,0.0003,0.0003,0.1
,,,,,872999,9740.91,1000,,,,,,,,
,,,,,873000,,,-877.7124633789062,-6.942241668701172,6.001474857330322,875.321044921875,875.1856079101562,0.0003,0.0003,0.1
,,,,,873999,2158.3838,1000,,,,,,,,
,,,,,874000,,,-877.8924560546875,-7.1021342277526855,7.365664005279541,875.37060546875,875.649658203125,0.0003,0.0003,0.1
,,,,,874999,9792.162,1000,,,,,,,,
9913.288,83.57672,10024.209,9702.575,1000.0,875000,,,-894.5476684570312,-6.779320240020752,9.869499206542969,892.803955078125,892.58251953125,0.0003,0.0003,0.1
,,,,,875999,9873.861,1000,,,,,,,,
,,,,,876000,,,-903.1689453125,-6.392441749572754,4.679980278015137,901.0245971679688,900.9901123046875,0.0003,0.0003,0.1
,,,,,876999,9986.536,1000,,,,,,,,
,,,,,877000,,,-875.7546997070312,-7.151148796081543,8.499826431274414,874.0999755859375,873.9312133789062,0.0003,0.0003,0.1
,,,,,877999,9876.983,1000,,,,,,,,
,,,,,878000,,,-884.513427734375,-7.05252742767334,7.274222373962402,882.9570922851562,883.0382080078125,0.0003,0.0003,0.1
,,,,,878999,9974.317,1000,,,,,,,,
,,,,,879000,,,-888.759765625,-7.003050804138184,6.236651420593262,886.6497192382812,886.636474609375,0.0003,0.0003,0.1
,,,,,879999,9772.397,1000,,,,,,,,
9793.385,91.28088,9946.539,9637.045,1000.0,880000,,,-893.5181884765625,-6.975120544433594,4.753361225128174,891.5707397460938,891.5113525390625,0.0003,0.0003,0.1
,,,,,880999,9777.429,1000,,,,,,,,
,,,,,881000,,,-881.8963012695312,-7.25533390045166,5.055918216705322,879.4210205078125,879.538330078125,0.0003,0.0003,0.1
,,,,,881999,8706.62,1000,,,,,,,,
,,,,,882000,,,-892.316162109375,-7.565580368041992,9.60610580444336,889.7540283203125,890.0181884765625,0.0003,0.0003,0.1
,,,,,882999,9926.179,1000,,,,,,,,
,,,,,883000,,,-888.9605712890625,-7.50363826751709,4.244255065917969,887.07958984375,886.743896484375,0.0003,0.0003,0.1
,,,,,883999,9969.985,1000,,,,,,,,
,,,,,884000,,,-898.1589965820312,-7.055517673492432,5.11721658706665,896.3472290039062,896.5032348632812,0.0003,0.0003,0.1
,,,,,884999,9846.936,1000,,,,,,,,
9973.295,53.815655,10046.663,9860.921,1000.0,885000,,,-893.853759765625,-7.372910022735596,5.039205551147461,892.0255126953125,891.905029296875,0.0003,0.0003,0.1
,,,,,885999,10031.167,1000,,,,,,,,
,,,,,886000,,,-896.868408203125,-6.703070640563965,6.835099697113037,895.1158447265625,894.8326416015625,0.0003,0.0003,0.1
,,,,,886999,10018.156,1000,,,,,,,,
,,,,,887000,,,-883.1000366210938,-7.67734956741333,4.50709867477417,881.1436767578125,881.017578125,0.0003,0.0003,0.1
,,,,,887999,9522.26,1000,,,,,,,,
,,,,,888000,,,-885.6488037109375,-7.02993106842041,4.9859938621521,883.38330078125,883.732421875,0.0003,0.0003,0.1
,,,,,888999,8188.27,1000,,,,,,,,
,,,,,889000,,,-889.7354736328125,-6.943505764007568,5.04244327545166,887.8952026367188,887.4625244140625,0.0003,0.0003,0.1
,,,,,889999,9837.331,1000,,,,,,,,
9969.803,102.72718,10095.842,9803.008,1000.0,890000,,,-890.8602294921875,-7.116864204406738,4.690773963928223,888.6378173828125,888.7982177734375,0.0003,0.0003,0.1
,,,,,890999,9929.527,1000,,,,,,,,
,,,,,891000,,,-890.0552978515625,-6.992867469787598,4.905807971954346,887.958740234375,888.0001831054688,0.0003,0.0003,0.1
,,,,,891999,9721.4,1000,,,,,,,,
,,,,,892000,,,-893.985107421875,-7.336783409118652,3.8022046089172363,892.342041015625,892.2410278320312,0.0003,0.0003,0.1
,,,,,892999,9851.691,1000,,,,,,,,
,,,,,893000,,,-879.9569091796875,-7.533737659454346,5.525762557983398,877.4140625,877.4119262695312,0.0003,0.0003,0.1
,,,,,893999,9840.644,1000,,,,,,,,
,,,,,894000,,,-905.5144653320312,-7.070601940155029,5.034411430358887,903.571533203125,903.3082275390625,0.0003,0.0003,0.1
,,,,,894999,10070.495,1000,,,,,,,,
9022.701,2636.413,9989.905,1116.4364,1000.0,895000,,,-881.1390380859375,-7.07965612411499,6.6337456703186035,878.7730712890625,878.7645263671875,0.0003,0.0003,0.1
,,,,,895999,9961.199,1000,,,,,,,,
,,,,,896000,,,-896.413330078125,-6.876246452331543,6.069356441497803,894.320556640625,894.549072265625,0.0003,0.0003,0.1
,,,,,896999,10008.895,1000,,,,,,,,
,,,,,897000,,,-896.5892333984375,-7.458245754241943,5.368547439575195,894.3402709960938,894.32958984375,0.0003,0.0003,0.1
,,,,,897999,9977.195,1000,,,,,,,,
,,,,,898000,,,-890.7911987304688,-7.6377763748168945,8.594882011413574,888.7537841796875,888.651611328125,0.0003,0.0003,0.1
,,,,,898999,9893.108,1000,,,,,,,,
,,,,,899000,,,-880.7940063476562,-7.2607245445251465,8.034402847290039,878.435302734375,878.3500366210938,0.0003,0.0003,0.1
,,,,,899999,9862.864,1000,,,,,,,,
9959.264,112.24891,10149.672,9802.933,1000.0,900000,,,-895.7755126953125,-7.418352127075195,7.804171562194824,893.78564453125,893.9201049804688,0.0003,0.0003,0.1
,,,,,900999,9991.126,1000,,,,,,,,
,,,,,901000,,,-904.54052734375,-6.410993576049805,4.672717094421387,901.95751953125,902.2869873046875,0.0003,0.0003,0.1
,,,,,901999,9957.467,1000,,,,,,,,
,,,,,902000,,,-887.6488037109375,-7.066620349884033,9.95671272277832,885.9827880859375,886.1598510742188,0.0003,0.0003,0.1
,,,,,902999,9948.844,1000,,,,,,,,
,,,,,903000,,,-887.275390625,-6.8897175788879395,5.362755298614502,885.1611328125,885.2069702148438,0.0003,0.0003,0.1
,,,,,903999,10192.245,1000,,,,,,,,
,,,,,904000,,,-892.7811279296875,-7.324915409088135,7.6520819664001465,890.0107421875,890.10888671875,0.0003,0.0003,0.1
,,,,,904999,9828.365,1000,,,,,,,,
10016.6,121.941185,10170.623,9713.365,1000.0,905000,,,-898.266357421875,-7.324899673461914,5.739877700805664,896.1022338867188,896.3431396484375,0.0003,0.0003,0.1
,,,,,905999,9959.02,1000,,,,,,,,
,,,,,906000,,,-906.30810546875,-6.762192726135254,5.270394325256348,904.2808837890625,904.3676147460938,0.0003,0.0003,0.1
,,,,,906999,7090.94,1000,,,,,,,,
,,,,,907000,,,-912.8779296875,-6.499886989593506,4.931936740875244,911.3133544921875,911.0445556640625,0.0003,0.0003,0.1
,,,,,907999,9950.897,1000,,,,,,,,
,,,,,908000,,,-901.6038818359375,-7.013345718383789,21.369415283203125,899.52880859375,899.4678955078125,0.0003,0.0003,0.1
,,,,,908999,9981.742,1000,,,,,,,,
,,,,,909000,,,-900.610595703125,-6.603185653686523,6.646793365478516,898.3983764648438,898.9425048828125,0.0003,0.0003,0.1
,,,,,909999,9377.714,1000,,,,,,,,
9861.743,101.98218,10026.715,9679.22,1000.0,910000,,,-901.311767578125,-6.475673675537109,13.426921844482422,899.4080200195312,899.0764770507812,0.0003,0.0003,0.1
,,,,,910999,9873.695,1000,,,,,,,,
,,,,,911000,,,-895.5358276367188,-7.564146995544434,20.523330688476562,893.3358154296875,893.338134765625,0.0003,0.0003,0.1
,,,,,911999,9030.934,1000,,,,,,,,
,,,,,912000,,,-908.7576904296875,-6.955588340759277,6.452666759490967,906.71630859375,906.407958984375,0.0003,0.0003,0.1
,,,,,912999,9808.088,1000,,,,,,,,
,,,,,913000,,,-904.781494140625,-7.277655601501465,8.178030014038086,902.1940307617188,902.1909790039062,0.0003,0.0003,0.1
,,,,,913999,10048.424,1000,,,,,,,,
,,,,,914000,,,-892.8955078125,-7.308348178863525,5.450843811035156,891.0508422851562,891.0512084960938,0.0003,0.0003,0.1
,,,,,914999,9852.94,1000,,,,,,,,
9972.616,119.63807,10148.535,9716.147,1000.0,915000,,,-900.2618408203125,-7.386880874633789,6.504834175109863,898.5437622070312,898.2909545898438,0.0003,0.0003,0.1
,,,,,915999,10033.539,1000,,,,,,,,
,,,,,916000,,,-912.1416015625,-6.825516223907471,5.548568248748779,910.2479248046875,910.1622314453125,0.0003,0.0003,0.1
,,,,,916999,9866.6045,1000,,,,,,,,
,,,,,917000,,,-896.5384521484375,-7.631541728973389,10.261687278747559,894.4546508789062,894.400390625,0.0003,0.0003,0.1
,,,,,917999,10084.8125,1000,,,,,,,,
,,,,,918000,,,-910.5657958984375,-6.916516304016113,3.4684760570526123,908.680419921875,908.5189208984375,0.0003,0.0003,0.1
,,,,,918999,10061.758,1000,,,,,,,,
,,,,,919000,,,-900.99072265625,-6.939938545227051,7.251859664916992,899.44384765625,899.4484252929688,0.0003,0.0003,0.1
,,,,,919999,3948.7188,1000,,,,,,,,
10168.899,120.1281,10315.031,9923.222,1000.0,920000,,,-914.9278564453125,-7.856860160827637,5.315195083618164,913.4286499023438,912.7623291015625,0.0003,0.0003,0.1
,,,,,920999,9803.032,1000,,,,,,,,
,,,,,921000,,,-901.7659912109375,-6.931509971618652,8.914396286010742,899.152099609375,898.8543701171875,0.0003,0.0003,0.1
,,,,,921999,10029.433,1000,,,,,,,,
,,,,,922000,,,-891.2227783203125,-7.226169586181641,5.051751136779785,889.0748291015625,889.0469970703125,0.0003,0.0003,0.1
,,,,,922999,9912.878,1000,,,,,,,,
,,,,,923000,,,-908.576416015625,-6.750483512878418,8.812568664550781,906.6298828125,906.9826049804688,0.0003,0.0003,0.1
,,,,,923999,10161.618,1000,,,,,,,,
,,,,,924000,,,-894.3165283203125,-7.486747741699219,30.311201095581055,891.9863891601562,891.9973754882812,0.0003,0.0003,0.1
,,,,,924999,8977.31,1000,,,,,,,,
8392.321,537.4835,8844.896,6972.248,1000.0,925000,,,-898.1017456054688,-7.616249084472656,5.547886848449707,896.1734619140625,895.5938110351562,0.0003,0.0003,0.1
,,,,,925999,10058.157,1000,,,,,,,,
,,,,,926000,,,-899.3330078125,-7.412939071655273,8.694989204406738,897.3447875976562,896.6517944335938,0.0003,0.0003,0.1
,,,,,926999,10142.914,1000,,,,,,,,
,,,,,927000,,,-911.7699584960938,-7.354312419891357,11.324934005737305,910.134765625,910.5382690429688,0.0003,0.0003,0.1
,,,,,927999,10123.245,1000,,,,,,,,
,,,,,928000,,,-916.708740234375,-6.322257995605469,3.8839874267578125,915.1204833984375,915.3062744140625,0.0003,0.0003,0.1
,,,,,928999,3911.1025,1000,,,,,,,,
,,,,,929000,,,-902.46875,-7.883355140686035,6.654554843902588,900.2044677734375,900.1181640625,0.0003,0.0003,0.1
,,,,,929999,10155.6,1000,,,,,,,,
9932.572,59.759132,10012.57,9832.657,1000.0,930000,,,-908.4580688476562,-7.086995601654053,9.759927749633789,906.1685791015625,906.7178955078125,0.0003,0.0003,0.1
,,,,,930999,10036.748,1000,,,,,,,,
,,,,,931000,,,-898.6714477539062,-7.253816604614258,5.94405460357666,896.2569580078125,896.5674438476562,0.0003,0.0003,0.1
,,,,,931999,10099.886,1000,,,,,,,,
,,,,,932000,,,-912.82275390625,-6.782384395599365,4.334263324737549,911.167724609375,910.8567504882812,0.0003,0.0003,0.1
,,,,,932999,10110.535,1000,,,,,,,,
,,,,,933000,,,-891.6860961914062,-6.81340217590332,7.879449844360352,889.91796875,889.6500244140625,0.0003,0.0003,0.1
,,,,,933999,8487.86,1000,,,,,,,,
,,,,,934000,,,-910.5926513671875,-7.003879070281982,5.172023773193359,908.9554443359375,908.8209838867188,0.0003,0.0003,0.1
,,,,,934999,10039.575,1000,,,,,,,,
8784.9375,2724.2678,10250.006,1608.3506,1000.0,935000,,,-906.6239624023438,-7.602588653564453,9.628629684448242,904.3775634765625,904.2141723632812,0.0003,0.0003,0.1
,,,,,935999,10200.082,1000,,,,,,,,
,,,,,936000,,,-906.3723754882812,-7.403733253479004,10.822447776794434,904.4188232421875,904.2071533203125,0.0003,0.0003,0.1
,,,,,936999,10072.762,1000,,,,,,,,
,,,,,937000,,,-904.8109741210938,-7.376956462860107,6.172865390777588,902.9556274414062,902.5711669921875,0.0003,0.0003,0.1
,,,,,937999,7397.9106,1000,,,,,,,,
,,,,,938000,,,-904.8571166992188,-7.280093193054199,9.757819175720215,903.1353759765625,903.471435546875,0.0003,0.0003,0.1
,,,,,938999,10114.142,1000,,,,,,,,
,,,,,939000,,,-921.85888671875,-7.469730854034424,4.890883922576904,919.50634765625,919.7493896484375,0.0003,0.0003,0.1
,,,,,939999,9685.856,1000,,,,,,,,
10114.511,108.52686,10257.739,9873.527,1000.0,940000,,,-921.2675170898438,-7.073470592498779,6.210108757019043,919.1790771484375,919.2817993164062,0.0003,0.0003,0.1
,,,,,940999,10061.496,1000,,,,,,,,
,,,,,941000,,,-914.025634765625,-7.17154598236084,6.090835094451904,911.9511108398438,911.9556884765625,0.0003,0.0003,0.1
,,,,,941999,3482.6719,1000,,,,,,,,
,,,,,942000,,,-912.077880859375,-6.636283874511719,8.857231140136719,910.1326904296875,910.287841796875,0.0003,0.0003,0.1
,,,,,942999,10105.53,1000,,,,,,,,
,,,,,943000,,,-902.522705078125,-7.089810848236084,5.017278671264648,900.8624877929688,900.9349365234375,0.0003,0.0003,0.1
,,,,,943999,9314.203,1000,,,,,,,,
,,,,,944000,,,-907.6036376953125,-7.388657093048096,5.89780330657959,905.1539916992188,905.1265258789062,0.0003,0.0003,0.1
,,,,,944999,10011.794,1000,,,,,,,,
10177.8955,59.215176,10266.593,10078.857,1000.0,945000,,,-899.9105224609375,-7.011157035827637,10.33076286315918,897.7841186523438,898.1956787109375,0.0003,0.0003,0.1
,,,,,945999,9408.173,1000,,,,,,,,
,,,,,946000,,,-912.4000854492188,-7.67140531539917,22.766067504882812,909.9049072265625,910.1866455078125,0.0003,0.0003,0.1
,,,,,946999,9973.702,1000,,,,,,,,
,,,,,947000,,,-920.8599243164062,-6.747525691986084,14.284673690795898,919.811767578125,917.4139404296875,0.0003,0.0003,0.1
,,,,,947999,9881.078,1000,,,,,,,,
,,,,,948000,,,-918.3411865234375,-7.106930732727051,6.012763023376465,916.695556640625,916.2294921875,0.0003,0.0003,0.1
,,,,,948999,10139.478,1000,,,,,,,,
,,,,,949000,,,-907.5279541015625,-7.236013412475586,8.436362266540527,904.6878051757812,905.416259765625,0.0003,0.0003,0.1
,,,,,949999,9392.066,1000,,,,,,,,
10050.014,233.6114,10187.154,9383.426,1000.0,950000,,,-914.0157470703125,-7.537179946899414,6.126546859741211,912.0107421875,912.085693359375,0.0003,0.0003,0.1
,,,,,950999,701.6513,1000,,,,,,,,
,,,,,951000,,,-909.033935546875,-7.322492599487305,6.620625019073486,907.3709716796875,907.2472534179688,0.0003,0.0003,0.1
,,,,,951999,10022.86,1000,,,,,,,,
,,,,,952000,,,-914.289794921875,-7.363142967224121,7.098906517028809,912.5960083007812,912.0538940429688,0.0003,0.0003,0.1
,,,,,952999,10102.048,1000,,,,,,,,
,,,,,953000,,,-903.7067260742188,-7.225165843963623,5.855135440826416,901.1387939453125,901.3619384765625,0.0003,0.0003,0.1
,,,,,953999,6753.6055,1000,,,,,,,,
,,,,,954000,,,-912.3936767578125,-7.503358364105225,17.242733001708984,909.7313842773438,909.8261108398438,0.0003,0.0003,0.1
,,,,,954999,8534.21,1000,,,,,,,,
8183.7217,2546.107,9887.068,1939.2627,1000.0,955000,,,-903.7269897460938,-7.359885215759277,21.242826461791992,901.44580078125,900.8610229492188,0.0003,0.0003,0.1
,,,,,955999,9828.313,1000,,,,,,,,
,,,,,956000,,,-920.2633056640625,-6.660001754760742,64.1304702758789,918.0316772460938,917.443115234375,0.0003,0.0003,0.1
,,,,,956999,10088.384,1000,,,,,,,,
,,,,,957000,,,-911.5054931640625,-7.712065696716309,9.761767387390137,909.28271484375,909.2603759765625,0.0003,0.0003,0.1
,,,,,957999,7068.9316,1000,,,,,,,,
,,,,,958000,,,-904.858642578125,-6.99282169342041,8.675497055053711,902.796875,902.600341796875,0.0003,0.0003,0.1
,,,,,958999,7480.9414,1000,,,,,,,,
,,,,,959000,,,-921.8048706054688,-7.317052841186523,4.617071628570557,919.9699096679688,919.7044067382812,0.0003,0.0003,0.1
,,,,,959999,9520.774,1000,,,,,,,,
9861.801,53.36429,9964.513,9766.78,1000.0,960000,,,-916.6217041015625,-6.537494659423828,8.244333267211914,915.0553588867188,915.350830078125,0.0003,0.0003,0.1
,,,,,960999,9795.95,1000,,,,,,,,
,,,,,961000,,,-907.171875,-7.152990341186523,4.519874095916748,905.2265625,905.260009765625,0.0003,0.0003,0.1
,,,,,961999,10180.065,1000,,,,,,,,
,,,,,962000,,,-910.079345703125,-6.698782920837402,8.57302474975586,907.857177734375,908.287353515625,0.0003,0.0003,0.1
,,,,,962999,9739.107,1000,,,,,,,,
,,,,,963000,,,-914.1880493164062,-6.701471328735352,32.86188888549805,912.5712280273438,912.6683349609375,0.0003,0.0003,0.1
,,,,,963999,10057.774,1000,,,,,,,,
,,,,,964000,,,-917.895263671875,-7.4884934425354,7.911411285400391,915.7359008789062,915.9022827148438,0.0003,0.0003,0.1
,,,,,964999,9590.278,1000,,,,,,,,
10082.388,94.36574,10178.733,9855.564,1000.0,965000,,,-911.98681640625,-7.5390214920043945,6.441025733947754,909.6617431640625,910.1445922851562,0.0003,0.0003,0.1
,,,,,965999,9887.108,1000,,,,,,,,
,,,,,966000,,,-908.575439453125,-7.09259033203125,5.15090274810791,906.2958984375,907.0216064453125,0.0003,0.0003,0.1
,,,,,966999,10174.652,1000,,,,,,,,
,,,,,967000,,,-910.4454956054688,-7.074430465698242,7.775800704956055,908.958984375,908.4966430664062,0.0003,0.0003,0.1
,,,,,967999,9820.125,1000,,,,,,,,
,,,,,968000,,,-897.740966796875,-7.493563652038574,13.593576431274414,894.9276733398438,894.7740478515625,0.0003,0.0003,0.1
,,,,,968999,9986.918,1000,,,,,,,,
,,,,,969000,,,-899.904296875,-6.8503570556640625,8.957401275634766,897.7027587890625,897.6643676757812,0.0003,0.0003,0.1
,,,,,969999,10178.486,1000,,,,,,,,
5600.2847,2232.192,7901.967,1711.269,1000.0,970000,,,-914.7987060546875,-7.284976959228516,17.03925323486328,912.1533203125,912.593994140625,0.0003,0.0003,0.1
,,,,,970999,9805.129,1000,,,,,,,,
,,,,,971000,,,-927.3017578125,-6.618056774139404,12.81075668334961,925.3270263671875,925.7298583984375,0.0003,0.0003,0.1
,,,,,971999,9612.708,1000,,,,,,,,
,,,,,972000,,,-917.9765625,-7.279863357543945,6.97196626663208,915.3988037109375,915.5618896484375,0.0003,0.0003,0.1
,,,,,972999,9929.127,1000,,,,,,,,
,,,,,973000,,,-925.5996704101562,-7.116471290588379,7.112597465515137,923.6929931640625,923.5575561523438,0.0003,0.0003,0.1
,,,,,973999,10046.335,1000,,,,,,,,
,,,,,974000,,,-919.4891967773438,-7.076567649841309,5.997876167297363,917.1162109375,917.3138427734375,0.0003,0.0003,0.1
,,,,,974999,10245.492,1000,,,,,,,,
9378.795,914.146,9903.768,6672.3325,1000.0,975000,,,-927.3983154296875,-6.999589920043945,14.882780075073242,925.54443359375,925.18701171875,0.0003,0.0003,0.1
,,,,,975999,9940.825,1000,,,,,,,,
,,,,,976000,,,-920.2561645507812,-7.14266300201416,7.052260875701904,918.0567626953125,918.4349975585938,0.0003,0.0003,0.1
,,,,,976999,8820.28,1000,,,,,,,,
,,,,,977000,,,-923.157958984375,-6.68699312210083,11.310843467712402,921.033203125,921.21337890625,0.0003,0.0003,0.1
,,,,,977999,10121.008,1000,,,,,,,,
,,,,,978000,,,-915.4937744140625,-7.024647235870361,12.580852508544922,913.772705078125,913.9769287109375,0.0003,0.0003,0.1
,,,,,978999,9984.257,1000,,,,,,,,
,,,,,979000,,,-906.12060546875,-7.122715473175049,8.762738227844238,904.250732421875,904.3258056640625,0.0003,0.0003,0.1
,,,,,979999,7153.9844,1000,,,,,,,,
10005.811,95.35675,10155.634,9854.079,1000.0,980000,,,-918.902099609375,-7.460951805114746,12.840636253356934,916.306884765625,916.2559204101562,0.0003,0.0003,0.1
,,,,,980999,9127.814,1000,,,,,,,,
,,,,,981000,,,-915.95361328125,-6.39631986618042,16.271102905273438,914.2284545898438,912.8863525390625,0.0003,0.0003,0.1
,,,,,981999,9693.13,1000,,,,,,,,
,,,,,982000,,,-913.9556884765625,-7.268223762512207,14.397697448730469,911.9490966796875,911.4888916015625,0.0003,0.0003,0.1
,,,,,982999,9590.738,1000,,,,,,,,
,,,,,983000,,,-917.2799072265625,-7.752782344818115,11.297937393188477,915.376953125,915.1470336914062,0.0003,0.0003,0.1
,,,,,983999,9613.338,1000,,,,,,,,
,,,,,984000,,,-897.88037109375,-6.908116817474365,10.09527587890625,896.2289428710938,895.8368530273438,0.0003,0.0003,0.1
,,,,,984999,10227.3125,1000,,,,,,,,
10280.941,78.091194,10397.502,10140.093,1000.0,985000,,,-909.9512329101562,-7.451107025146484,6.514995574951172,907.5070190429688,907.5571899414062,0.0003,0.0003,0.1
,,,,,985999,10123.865,1000,,,,,,,,
,,,,,986000,,,-925.4246826171875,-7.185851097106934,7.149709701538086,923.0860595703125,923.0596313476562,0.0003,0.0003,0.1
,,,,,986999,9964.189,1000,,,,,,,,
,,,,,987000,,,-912.5045166015625,-7.252823829650879,6.187793254852295,910.693115234375,910.70849609375,0.0003,0.0003,0.1
,,,,,987999,10079.535,1000,,,,,,,,
,,,,,988000,,,-925.5255126953125,-7.052806854248047,8.638219833374023,923.5963745117188,923.8546752929688,0.0003,0.0003,0.1
,,,,,988999,8215.6455,1000,,,,,,,,
,,,,,989000,,,-921.4976806640625,-7.248219966888428,9.883474349975586,919.571533203125,919.8093872070312,0.0003,0.0003,0.1
,,,,,989999,9848.721,1000,,,,,,,,
10058.833,58.21707,10195.058,9985.155,1000.0,990000,,,-928.114501953125,-7.018963813781738,5.26716947555542,925.9165649414062,926.1832885742188,0.0003,0.0003,0.1
,,,,,990999,10161.717,1000,,,,,,,,
,,,,,991000,,,-920.3381958007812,-6.788002014160156,10.050383567810059,918.812255859375,918.284423828125,0.0003,0.0003,0.1
,,,,,991999,9860.622,1000,,,,,,,,
,,,,,992000,,,-912.2927856445312,-7.023782730102539,7.1241455078125,910.4842529296875,910.8656005859375,0.0003,0.0003,0.1
,,,,,992999,9645.519,1000,,,,,,,,
,,,,,993000,,,-922.1527099609375,-7.460201740264893,42.06053924560547,920.3888549804688,920.2149658203125,0.0003,0.0003,0.1
,,,,,993999,3618.092,1000,,,,,,,,
,,,,,994000,,,-924.1924438476562,-7.132585525512695,7.445945739746094,922.2388916015625,922.254638671875,0.0003,0.0003,0.1
,,,,,994999,9911.162,1000,,,,,,,,
10076.963,77.70843,10231.262,9949.993,1000.0,995000,,,-918.5955200195312,-6.944118022918701,10.723760604858398,917.404541015625,917.1258544921875,0.0003,0.0003,0.1
,,,,,995999,9881.795,1000,,,,,,,,
,,,,,996000,,,-913.6897583007812,-7.300463676452637,5.298253059387207,911.6722412109375,911.9820556640625,0.0003,0.0003,0.1
,,,,,996999,6392.5835,1000,,,,,,,,
,,,,,997000,,,-914.9722900390625,-6.772107124328613,10.543441772460938,912.75830078125,913.44189453125,0.0003,0.0003,0.1
,,,,,997999,9878.759,1000,,,,,,,,
,,,,,998000,,,-930.6986694335938,-6.981332302093506,10.48499870300293,928.6295166015625,928.6177368164062,0.0003,0.0003,0.1
,,,,,998999,9623.562,1000,,,,,,,,
,,,,,999000,,,-917.4774169921875,-6.474603176116943,7.319293975830078,916.081298828125,915.8139038085938,0.0003,0.0003,0.1
,,,,,999999,9035.498,1000,,,,,,,,
