Eval_AverageReturn,Eval_StdReturn,Eval_MaxReturn,Eval_MinReturn,Eval_AverageEpLen,step,Train_EpisodeReturn,Train_EpisodeLen,critic_loss,q_values,target_values,grad_norm,epsilon,lr
60.0,0.0,60.0,60.0,1930.0,0,,,,,,,,
,,,,,489,260.0,1970,,,,,,
,,,,,963,130.0,1914,,,,,,
,,,,,1440,300.0,1914,,,,,,
,,,,,1863,210.0,1690,,,,,,
,,,,,2244,170.0,1538,,,,,,
,,,,,2807,410.0,2258,,,,,,
,,,,,3381,350.0,2314,,,,,,
,,,,,3807,260.0,1730,,,,,,
,,,,,4362,410.0,2234,,,,,,
,,,,,4759,180.0,1594,,,,,,
,,,,,5251,270.0,1994,,,,,,
,,,,,5712,250.0,1850,,,,,,
,,,,,6178,220.0,1890,,,,,,
,,,,,6700,300.0,2098,,,,,,
,,,,,7152,220.0,1818,,,,,,
,,,,,7851,550.0,2802,,,,,,
,,,,,8279,210.0,1714,,,,,,
,,,,,8695,180.0,1690,,,,,,
,,,,,9184,270.0,1970,,,,,,
,,,,,9636,220.0,1810,,,,,,
60.0,0.0,60.0,60.0,1930.0,10000,,,,,,,,
,,,,,10031,170.0,1578,,,,,,
,,,,,10586,320.0,2242,,,,,,
,,,,,11123,200.0,2146,,,,,,
,,,,,11592,270.0,1890,,,,,,
,,,,,12091,160.0,2002,,,,,,
,,,,,12553,220.0,1874,,,,,,
,,,,,13012,230.0,1842,,,,,,
,,,,,13503,200.0,1986,,,,,,
,,,,,13921,310.0,1698,,,,,,
,,,,,14430,280.0,2042,,,,,,
,,,,,14993,210.0,2258,,,,,,
,,,,,15500,210.0,2034,,,,,,
,,,,,15988,220.0,1970,,,,,,
,,,,,16532,220.0,2178,,,,,,
,,,,,16973,200.0,1794,,,,,,
,,,,,17452,210.0,1938,,,,,,
,,,,,18099,320.0,2602,,,,,,
,,,,,18578,150.0,1938,,,,,,
,,,,,19208,380.0,2530,,,,,,
,,,,,19708,270.0,2026,,,,,,
60.0,0.0,60.0,60.0,1930.0,20000,,,3.1695752143859863,-0.0050938986241817474,0.35656094551086426,0.8870211243629456,1.0,0.0001
,,,,,20231,280.0,2114,,,,,,
,,,,,20731,320.0,2010,,,,,,
,,,,,21000,,,8.701102256774902,0.4751887619495392,0.9165544509887695,5.601860046386719,0.9979375,0.0001
,,,,,21241,180.0,2066,,,,,,
,,,,,21667,220.0,1730,,,,,,
,,,,,22000,,,3.3946304321289062,0.6940577030181885,0.3100864887237549,6.151127338409424,0.995875,0.0001
,,,,,22171,370.0,2026,,,,,,
,,,,,22675,240.0,2042,,,,,,
,,,,,23000,,,5.733034133911133,1.2910369634628296,1.4656262397766113,9.899855613708496,0.9938125,0.0001
,,,,,23188,310.0,2066,,,,,,
,,,,,23607,280.0,1674,,,,,,
,,,,,24000,,,8.592896461486816,0.9425925016403198,1.4700406789779663,12.603865623474121,0.99175,0.0001
,,,,,24072,190.0,1882,,,,,,
,,,,,24532,170.0,1850,,,,,,
,,,,,25000,,,0.2470400035381317,1.3538647890090942,0.9556795358657837,6.747242450714111,0.9896875,0.0001
,,,,,25048,230.0,2082,,,,,,
,,,,,25558,220.0,2058,,,,,,
,,,,,26000,,,3.1504745483398438,1.3435592651367188,1.2272136211395264,6.27559757232666,0.987625,0.0001
,,,,,26068,280.0,2058,,,,,,
,,,,,26599,260.0,2130,,,,,,
,,,,,27000,,,5.591588973999023,2.4472270011901855,2.3986992835998535,13.731253623962402,0.9855625,0.0001
,,,,,27095,200.0,2010,,,,,,
,,,,,27467,190.0,1514,,,,,,
,,,,,28000,,,12.202573776245117,2.0870416164398193,2.8831591606140137,21.654695510864258,0.9835,0.0001
,,,,,28019,260.0,2234,,,,,,
,,,,,28467,200.0,1794,,,,,,
,,,,,28902,210.0,1746,,,,,,
,,,,,29000,,,0.23702959716320038,1.8722494840621948,1.6442246437072754,7.474812984466553,0.9814375,0.0001
,,,,,29376,270.0,1914,,,,,,
,,,,,29883,190.0,2058,,,,,,
487.0,90.66973,540.0,240.0,2647.6,30000,,,2.7535595893859863,2.472712516784668,2.5917916297912598,12.848167419433594,0.979375,0.0001
,,,,,30344,160.0,1850,,,,,,
,,,,,30890,300.0,2202,,,,,,
,,,,,31000,,,2.5778417587280273,2.8983261585235596,2.9389219284057617,12.301653861999512,0.9773125,0.0001
,,,,,31409,190.0,2090,,,,,,
,,,,,31741,200.0,1346,,,,,,
,,,,,32000,,,2.1265950202941895,3.331312894821167,3.1930954456329346,17.74662208557129,0.97525,0.0001
,,,,,32240,200.0,2018,,,,,,
,,,,,32580,190.0,1386,,,,,,
,,,,,33000,,,6.1389923095703125,3.5341358184814453,3.627196788787842,25.626483917236328,0.9731875,0.0001
,,,,,33017,220.0,1762,,,,,,
,,,,,33467,190.0,1810,,,,,,
,,,,,33915,230.0,1802,,,,,,
,,,,,34000,,,0.4530121088027954,3.162168025970459,2.9062747955322266,12.821784973144531,0.971125,0.0001
,,,,,34420,260.0,2050,,,,,,
,,,,,35000,,,6.566268444061279,4.035000801086426,4.321816444396973,48.419761657714844,0.9690625,0.0001
,,,,,35100,350.0,2722,,,,,,
,,,,,35593,220.0,1986,,,,,,
,,,,,36000,,,5.040884017944336,3.5776684284210205,3.752101421356201,30.648822784423828,0.967,0.0001
,,,,,36117,190.0,2114,,,,,,
,,,,,36513,230.0,1594,,,,,,
,,,,,37000,,,0.3156473636627197,4.418503761291504,4.39575719833374,10.533284187316895,0.9649375,0.0001
,,,,,37051,290.0,2170,,,,,,
,,,,,37574,220.0,2106,,,,,,
,,,,,38000,,,4.0907368659973145,4.567357063293457,4.131060600280762,52.33037185668945,0.962875,0.0001
,,,,,38021,240.0,1794,,,,,,
,,,,,38530,340.0,2034,,,,,,
,,,,,38917,190.0,1578,,,,,,
,,,,,39000,,,9.231070518493652,5.5963287353515625,6.233274936676025,66.96916961669922,0.9608125,0.0001
,,,,,39306,170.0,1570,,,,,,
,,,,,39749,270.0,1794,,,,,,
256.0,206.16498,560.0,70.0,2150.8,40000,,,4.126928806304932,4.624482154846191,4.60615348815918,42.653038024902344,0.95875,9.999989583333334e-05
,,,,,40238,130.0,1986,,,,,,
,,,,,40554,130.0,1274,,,,,,
,,,,,41000,,,2.046456813812256,4.913298606872559,4.083161354064941,129.16574096679688,0.9566875,9.989572916666667e-05
,,,,,41141,400.0,2354,,,,,,
,,,,,41566,200.0,1722,,,,,,
,,,,,42000,,,7.563406944274902,5.846706867218018,6.452022552490234,109.53143310546875,0.9546250000000001,9.97915625e-05
,,,,,42096,330.0,2138,,,,,,
,,,,,42641,200.0,2178,,,,,,
,,,,,43000,,,1.2422081232070923,6.566997528076172,5.790633201599121,98.48880767822266,0.9525625,9.968739583333334e-05
,,,,,43121,200.0,1938,,,,,,
,,,,,43595,250.0,1922,,,,,,
,,,,,43952,180.0,1450,,,,,,
,,,,,44000,,,1.2449431419372559,5.969638347625732,5.856245040893555,29.002220153808594,0.9505,9.958322916666667e-05
,,,,,44664,470.0,2866,,,,,,
,,,,,45000,,,5.673601150512695,7.064025402069092,7.048726558685303,61.08176040649414,0.9484375,9.947906250000001e-05
,,,,,45127,310.0,1874,,,,,,
,,,,,45590,110.0,1874,,,,,,
,,,,,46000,,,5.768894195556641,6.158244609832764,5.984628677368164,73.27619171142578,0.946375,9.937489583333334e-05
,,,,,46053,290.0,1858,,,,,,
,,,,,46499,210.0,1794,,,,,,
,,,,,47000,,,2.2988038063049316,8.743867874145508,8.540769577026367,50.85149383544922,0.9443125,9.927072916666668e-05
,,,,,47151,630.0,2626,,,,,,
,,,,,47741,240.0,2362,,,,,,
,,,,,48000,,,46.38535690307617,8.144294738769531,9.704395294189453,316.5330505371094,0.94225,9.916656250000001e-05
,,,,,48239,190.0,1994,,,,,,
,,,,,48665,250.0,1706,,,,,,
,,,,,49000,,,5.334005355834961,8.891825675964355,7.620152473449707,262.8402404785156,0.9401875,9.906239583333335e-05
,,,,,49181,240.0,2082,,,,,,
,,,,,49738,390.0,2242,,,,,,
381.0,128.64291,620.0,280.0,2164.4,50000,,,4.336427211761475,9.237733840942383,8.68205451965332,130.99044799804688,0.938125,9.895822916666668e-05
,,,,,50223,230.0,1954,,,,,,
,,,,,50691,220.0,1874,,,,,,
,,,,,51000,,,3.0863404273986816,9.340217590332031,9.392621994018555,71.6186294555664,0.9360625,9.88540625e-05
,,,,,51095,190.0,1634,,,,,,
,,,,,51584,210.0,1978,,,,,,
,,,,,52000,,,10.275469779968262,6.508604049682617,6.781198978424072,91.09649658203125,0.9339999999999999,9.874989583333334e-05
,,,,,52052,320.0,1874,,,,,,
,,,,,52588,220.0,2146,,,,,,
,,,,,53000,,,1.952001690864563,9.826539993286133,9.567635536193848,106.97628784179688,0.9319375,9.864572916666666e-05
,,,,,53097,210.0,2066,,,,,,
,,,,,53580,210.0,1954,,,,,,
,,,,,54000,,,2.7537856101989746,9.09865951538086,7.939993381500244,229.40426635742188,0.929875,9.85415625e-05
,,,,,54031,200.0,1810,,,,,,
,,,,,54552,310.0,2098,,,,,,
,,,,,55000,,,7.63381290435791,13.01229476928711,12.637335777282715,177.98992919921875,0.9278125,9.843739583333333e-05
,,,,,55062,250.0,2042,,,,,,
,,,,,55493,240.0,1730,,,,,,
,,,,,55927,270.0,1762,,,,,,
,,,,,56000,,,8.8132963180542,11.759475708007812,11.964941024780273,127.27117919921875,0.92575,9.833322916666668e-05
,,,,,56423,210.0,2002,,,,,,
,,,,,56982,400.0,2250,,,,,,
,,,,,57000,,,1.9855384826660156,10.504820823669434,9.488700866699219,218.78305053710938,0.9236875,9.82290625e-05
,,,,,57497,300.0,2066,,,,,,
,,,,,58000,,,11.331453323364258,14.263158798217773,14.030118942260742,162.63461303710938,0.921625,9.812489583333335e-05
,,,,,58020,230.0,2114,,,,,,
,,,,,58524,300.0,2018,,,,,,
,,,,,59000,,,29.645896911621094,13.46612548828125,14.779239654541016,232.3245391845703,0.9195625000000001,9.802072916666668e-05
,,,,,59070,320.0,2186,,,,,,
,,,,,59553,180.0,1938,,,,,,
325.0,46.314144,460.0,300.0,1882.0,60000,,,5.986264228820801,11.881332397460938,11.328475952148438,165.00640869140625,0.9175,9.79165625e-05
,,,,,60035,320.0,1954,,,,,,
,,,,,60491,190.0,1834,,,,,,
,,,,,61000,,,7.152310371398926,15.64203929901123,14.301336288452148,433.15716552734375,0.9154375,9.781239583333333e-05
,,,,,61087,230.0,2402,,,,,,
,,,,,61628,250.0,2186,,,,,,
,,,,,62000,,,7.059745788574219,15.079994201660156,16.149051666259766,401.1159973144531,0.913375,9.770822916666668e-05
,,,,,62066,260.0,1754,,,,,,
,,,,,62554,290.0,1954,,,,,,
,,,,,63000,,,5.601621627807617,17.586509704589844,16.788145065307617,278.52569580078125,0.9113125,9.76040625e-05
,,,,,63078,250.0,2114,,,,,,
,,,,,63440,240.0,1474,,,,,,
,,,,,64000,,,14.73712158203125,16.42067527770996,15.41787338256836,389.5666198730469,0.90925,9.749989583333335e-05
,,,,,64064,320.0,2498,,,,,,
,,,,,64537,340.0,1898,,,,,,
,,,,,65000,,,3.946709156036377,12.743400573730469,13.129825592041016,154.5847930908203,0.9071875,9.739572916666667e-05
,,,,,65016,220.0,1914,,,,,,
,,,,,65563,330.0,2186,,,,,,
,,,,,66000,,,10.403617858886719,15.850423812866211,15.774145126342773,187.00106811523438,0.905125,9.72915625e-05
,,,,,66298,480.0,2962,,,,,,
,,,,,66807,240.0,2042,,,,,,
,,,,,67000,,,1.6024373769760132,16.99160385131836,16.80364990234375,85.25540161132812,0.9030625,9.718739583333334e-05
,,,,,67295,300.0,1978,,,,,,
,,,,,67772,250.0,1938,,,,,,
,,,,,68000,,,3.563768148422241,15.936128616333008,15.652168273925781,133.49154663085938,0.901,9.708322916666667e-05
,,,,,68437,330.0,2682,,,,,,
,,,,,68896,250.0,1834,,,,,,
,,,,,69000,,,4.531694412231445,14.30642318725586,14.833661079406738,186.4848175048828,0.8989375,9.69790625e-05
,,,,,69378,360.0,1938,,,,,,
,,,,,69769,280.0,1586,,,,,,
485.0,142.28493,720.0,360.0,2298.0,70000,,,7.095154762268066,16.825332641601562,15.99372386932373,278.55517578125,0.896875,9.687489583333333e-05
,,,,,70296,270.0,2122,,,,,,
,,,,,70617,100.0,1298,,,,,,
,,,,,71000,,,11.334640502929688,19.46566390991211,18.564861297607422,306.93145751953125,0.8948125,9.677072916666667e-05
,,,,,71015,230.0,1618,,,,,,
,,,,,71514,220.0,2010,,,,,,
,,,,,72000,,,7.556763648986816,20.08990478515625,19.845422744750977,115.80374908447266,0.89275,9.66665625e-05
,,,,,72028,240.0,2058,,,,,,
,,,,,72523,310.0,2002,,,,,,
,,,,,73000,,,7.682686805725098,20.847795486450195,20.092601776123047,339.28875732421875,0.8906875,9.656239583333334e-05
,,,,,73045,270.0,2106,,,,,,
,,,,,73713,210.0,2698,,,,,,
,,,,,74000,,,2.741748809814453,17.58736801147461,17.068344116210938,112.53722381591797,0.888625,9.645822916666667e-05
,,,,,74146,150.0,1746,,,,,,
,,,,,74659,180.0,2066,,,,,,
,,,,,75000,,,6.845246315002441,21.782787322998047,22.907678604125977,527.2811889648438,0.8865625,9.635406250000001e-05
,,,,,75179,250.0,2098,,,,,,
,,,,,75593,240.0,1682,,,,,,
,,,,,76000,,,13.632223129272461,26.21544647216797,25.552494049072266,257.581787109375,0.8845,9.624989583333334e-05
,,,,,76052,230.0,1842,,,,,,
,,,,,76715,320.0,2666,,,,,,
,,,,,77000,,,12.708877563476562,22.321516036987305,22.507617950439453,213.23248291015625,0.8824375,9.614572916666667e-05
,,,,,77132,180.0,1674,,,,,,
,,,,,77611,260.0,1922,,,,,,
,,,,,78000,,,108.16179656982422,19.321666717529297,22.34488296508789,691.2135009765625,0.880375,9.60415625e-05
,,,,,78191,450.0,2338,,,,,,
,,,,,78621,240.0,1722,,,,,,
,,,,,79000,,,8.215649604797363,22.732025146484375,22.178539276123047,304.6698913574219,0.8783125,9.593739583333334e-05
,,,,,79036,190.0,1682,,,,,,
,,,,,79434,160.0,1618,,,,,,
,,,,,79981,340.0,2202,,,,,,
352.0,125.283676,520.0,170.0,1931.6,80000,,,5.417121887207031,20.296955108642578,18.888458251953125,411.9888610839844,0.87625,9.583322916666667e-05
,,,,,80501,280.0,2082,,,,,,
,,,,,81000,,,10.758346557617188,26.825294494628906,25.64266586303711,405.7918701171875,0.8741875,9.57290625e-05
,,,,,81111,260.0,2450,,,,,,
,,,,,81615,250.0,2034,,,,,,
,,,,,82000,,,10.84445571899414,22.791898727416992,24.47182846069336,553.9880981445312,0.872125,9.562489583333334e-05
,,,,,82053,200.0,1762,,,,,,
,,,,,82537,220.0,1962,,,,,,
,,,,,83000,,,7.21501350402832,22.62109375,24.04372215270996,464.4506530761719,0.8700625,9.552072916666667e-05
,,,,,83006,310.0,1890,,,,,,
,,,,,83416,210.0,1666,,,,,,
,,,,,83849,300.0,1730,,,,,,
,,,,,84000,,,5.911049842834473,24.801708221435547,23.78681182861328,438.1265563964844,0.868,9.541656250000001e-05
,,,,,84324,260.0,1922,,,,,,
,,,,,84786,280.0,1874,,,,,,
,,,,,85000,,,5.751959323883057,24.448833465576172,24.972761154174805,184.328369140625,0.8659375,9.531239583333334e-05
,,,,,85211,260.0,1722,,,,,,
,,,,,85676,270.0,1882,,,,,,
,,,,,86000,,,7.850217819213867,22.647159576416016,23.22821617126465,377.1177978515625,0.863875,9.520822916666667e-05
,,,,,86092,240.0,1674,,,,,,
,,,,,86494,240.0,1634,,,,,,
,,,,,87000,,,7.487990379333496,27.70032501220703,29.420324325561523,520.3912963867188,0.8618125,9.51040625e-05
,,,,,87044,370.0,2218,,,,,,
,,,,,87564,260.0,2090,,,,,,
,,,,,87989,230.0,1722,,,,,,
,,,,,88000,,,8.302092552185059,24.879060745239258,26.567150115966797,590.7349853515625,0.85975,9.499989583333334e-05
,,,,,88346,220.0,1434,,,,,,
,,,,,88878,320.0,2146,,,,,,
,,,,,89000,,,4.168283939361572,22.552310943603516,21.67766571044922,295.4602355957031,0.8576875,9.489572916666667e-05
,,,,,89209,130.0,1346,,,,,,
,,,,,89742,250.0,2138,,,,,,
688.0,287.63867,1280.0,490.0,2323.6,90000,,,10.079197883605957,16.459636688232422,15.965752601623535,153.8296661376953,0.855625,9.479156250000001e-05
,,,,,90487,1040.0,3002,,,,,,
,,,,,90871,190.0,1562,,,,,,
,,,,,91000,,,10.301916122436523,33.30841827392578,31.58409309387207,814.9747924804688,0.8535625,9.468739583333334e-05
,,,,,91369,340.0,1994,,,,,,
,,,,,91860,330.0,1986,,,,,,
,,,,,92000,,,13.620152473449707,22.96361541748047,23.468971252441406,172.7321014404297,0.8515,9.458322916666668e-05
,,,,,92329,190.0,1890,,,,,,
,,,,,92771,230.0,1786,,,,,,
,,,,,93000,,,3.1107683181762695,22.14630699157715,22.589975357055664,158.09567260742188,0.8494375000000001,9.447906250000001e-05
,,,,,93252,200.0,1938,,,,,,
,,,,,93684,190.0,1730,,,,,,
,,,,,94000,,,7.236937046051025,23.283506393432617,23.599781036376953,109.40031433105469,0.847375,9.437489583333334e-05
,,,,,94172,280.0,1978,,,,,,
,,,,,94552,210.0,1546,,,,,,
,,,,,94958,350.0,1626,,,,,,
,,,,,95000,,,4.843426704406738,25.455217361450195,25.626415252685547,151.58203125,0.8453125,9.427072916666667e-05
,,,,,95416,170.0,1858,,,,,,
,,,,,95948,290.0,2146,,,,,,
,,,,,96000,,,61.41141128540039,31.656827926635742,31.09498405456543,546.0567626953125,0.84325,9.41665625e-05
,,,,,96348,280.0,1626,,,,,,
,,,,,97000,,,10.645156860351562,27.248403549194336,26.92584228515625,226.39866638183594,0.8411875,9.406239583333334e-05
,,,,,97023,630.0,2706,,,,,,
,,,,,97449,220.0,1722,,,,,,
,,,,,97930,260.0,1938,,,,,,
,,,,,98000,,,7.189883232116699,25.964298248291016,25.882919311523438,174.09857177734375,0.839125,9.395822916666667e-05
,,,,,98395,250.0,1874,,,,,,
,,,,,98898,350.0,2018,,,,,,
,,,,,99000,,,8.306452751159668,25.479183197021484,25.968713760375977,314.410400390625,0.8370625,9.385406250000001e-05
,,,,,99338,220.0,1770,,,,,,
,,,,,99824,300.0,1970,,,,,,
873.0,647.4882,1660.0,280.0,2565.2,100000,,,8.234251022338867,28.121173858642578,27.667686462402344,213.46047973632812,0.835,9.374989583333334e-05
,,,,,100327,260.0,2034,,,,,,
,,,,,101000,,,3.882962942123413,26.753170013427734,25.96869468688965,272.5388488769531,0.8329375,9.364572916666668e-05
,,,,,101251,950.0,3706,,,,,,
,,,,,101724,180.0,1890,,,,,,
,,,,,102000,,,8.34779167175293,31.286828994750977,31.14911651611328,235.16677856445312,0.830875,9.35415625e-05
,,,,,102206,180.0,1954,,,,,,
,,,,,102780,290.0,2314,,,,,,
,,,,,103000,,,3.0805630683898926,26.553905487060547,26.146848678588867,235.68568420410156,0.8288125,9.343739583333334e-05
,,,,,103198,270.0,1674,,,,,,
,,,,,103696,180.0,2018,,,,,,
,,,,,104000,,,13.884910583496094,24.588937759399414,24.24886131286621,293.2739562988281,0.82675,9.333322916666666e-05
,,,,,104282,610.0,2370,,,,,,
,,,,,104895,450.0,2474,,,,,,
,,,,,105000,,,8.051239013671875,27.97385025024414,29.509103775024414,591.4849243164062,0.8246875,9.32290625e-05
,,,,,105338,250.0,1778,,,,,,
,,,,,106000,,,9.972776412963867,28.704360961914062,30.12260627746582,593.0733642578125,0.8226249999999999,9.312489583333333e-05
,,,,,106039,720.0,2826,,,,,,
,,,,,106399,150.0,1458,,,,,,
,,,,,107000,,,11.525961875915527,31.06993865966797,29.970359802246094,481.54107666015625,0.8205625,9.302072916666668e-05
,,,,,107259,1040.0,3458,,,,,,
,,,,,107711,300.0,1826,,,,,,
,,,,,108000,,,7.319881916046143,30.07215118408203,29.12883949279785,352.08251953125,0.8185,9.29165625e-05
,,,,,108207,220.0,2010,,,,,,
,,,,,108638,230.0,1746,,,,,,
,,,,,109000,,,3.044206142425537,30.428024291992188,29.991947174072266,161.5786895751953,0.8164374999999999,9.281239583333335e-05
,,,,,109115,240.0,1922,,,,,,
,,,,,109589,270.0,1914,,,,,,
350.0,60.0,380.0,230.0,2424.4,110000,,,7.6279706954956055,32.952491760253906,30.951231002807617,675.3958129882812,0.8143750000000001,9.270822916666668e-05
,,,,,110031,160.0,1786,,,,,,
,,,,,110541,300.0,2050,,,,,,
,,,,,110952,220.0,1666,,,,,,
,,,,,111000,,,4.637978553771973,36.14569091796875,36.03116226196289,186.58392333984375,0.8123125,9.26040625e-05
,,,,,111389,230.0,1762,,,,,,
,,,,,111862,220.0,1914,,,,,,
,,,,,112000,,,7.935050964355469,34.53977966308594,33.67095184326172,343.4463195800781,0.81025,9.249989583333333e-05
,,,,,112611,630.0,3002,,,,,,
,,,,,113000,,,19.90524673461914,31.64352035522461,32.6727409362793,324.0141296386719,0.8081875000000001,9.239572916666666e-05
,,,,,113082,290.0,1914,,,,,,
,,,,,113602,330.0,2090,,,,,,
,,,,,114000,,,5.334084987640381,27.952232360839844,27.375267028808594,342.92242431640625,0.806125,9.22915625e-05
,,,,,114163,330.0,2258,,,,,,
,,,,,114665,430.0,2018,,,,,,
,,,,,115000,,,15.621742248535156,35.42705154418945,34.80881881713867,268.0138244628906,0.8040625,9.218739583333333e-05
,,,,,115174,250.0,2042,,,,,,
,,,,,115557,190.0,1546,,,,,,
,,,,,116000,,,44.49878692626953,30.859384536743164,33.15827941894531,2608.20947265625,0.802,9.208322916666667e-05
,,,,,116127,330.0,2290,,,,,,
,,,,,116681,290.0,2218,,,,,,
,,,,,117000,,,4.115765571594238,26.77486801147461,26.520055770874023,162.52711486816406,0.7999375,9.19790625e-05
,,,,,117155,190.0,1906,,,,,,
,,,,,117653,240.0,2010,,,,,,
,,,,,118000,,,8.446006774902344,30.35761070251465,28.765640258789062,575.6011962890625,0.797875,9.187489583333334e-05
,,,,,118126,220.0,1890,,,,,,
,,,,,118623,220.0,2018,,,,,,
,,,,,119000,,,180.66952514648438,30.455644607543945,32.13573455810547,584.53369140625,0.7958125,9.177072916666667e-05
,,,,,119552,570.0,3722,,,,,,
430.0,232.55107,850.0,280.0,2474.8,120000,,,9.401862144470215,33.50144577026367,34.16223907470703,417.8712158203125,0.79375,9.16665625e-05
,,,,,120075,420.0,2114,,,,,,
,,,,,120518,300.0,1794,,,,,,
,,,,,120936,210.0,1698,,,,,,
,,,,,121000,,,7.916813850402832,32.222251892089844,31.847841262817383,198.14247131347656,0.7916875,9.156239583333333e-05
,,,,,121410,310.0,1914,,,,,,
,,,,,121825,200.0,1666,,,,,,
,,,,,122000,,,83.27404022216797,32.688072204589844,32.59114074707031,494.715576171875,0.789625,9.145822916666667e-05
,,,,,122320,220.0,2002,,,,,,
,,,,,122802,280.0,1946,,,,,,
,,,,,123000,,,2.963897228240967,35.458290100097656,35.221656799316406,149.21241760253906,0.7875625,9.13540625e-05
,,,,,123250,250.0,1810,,,,,,
,,,,,123966,590.0,2866,,,,,,
,,,,,124000,,,9.371172904968262,38.476314544677734,37.99799728393555,268.3108825683594,0.7855,9.124989583333334e-05
,,,,,124514,250.0,2218,,,,,,
,,,,,124883,240.0,1490,,,,,,
,,,,,125000,,,6.212133407592773,31.468278884887695,31.821754455566406,216.94358825683594,0.7834375,9.114572916666667e-05
,,,,,125330,320.0,1810,,,,,,
,,,,,125848,300.0,2090,,,,,,
,,,,,126000,,,19.109119415283203,37.23809814453125,38.19911575317383,342.6347961425781,0.781375,9.10415625e-05
,,,,,126253,230.0,1650,,,,,,
,,,,,126743,300.0,1970,,,,,,
,,,,,127000,,,5.695328235626221,32.132545471191406,32.02792739868164,234.90158081054688,0.7793125,9.093739583333334e-05
,,,,,127230,280.0,1970,,,,,,
,,,,,127665,210.0,1762,,,,,,
,,,,,128000,,,90.82539367675781,31.066926956176758,32.020809173583984,562.2278442382812,0.77725,9.083322916666667e-05
,,,,,128010,160.0,1410,,,,,,
,,,,,128610,270.0,2426,,,,,,
,,,,,129000,,,7.461031913757324,32.771636962890625,33.181236267089844,219.7903594970703,0.7751875,9.072906250000001e-05
,,,,,129060,230.0,1810,,,,,,
,,,,,129438,240.0,1530,,,,,,
,,,,,129862,230.0,1714,,,,,,
517.0,147.38046,670.0,300.0,2526.8,130000,,,6.936612606048584,36.96674346923828,36.385738372802734,281.2076110839844,0.7731250000000001,9.062489583333333e-05
,,,,,130343,210.0,1930,,,,,,
,,,,,130861,310.0,2074,,,,,,
,,,,,131000,,,105.17413330078125,35.087646484375,37.98173904418945,717.3251953125,0.7710625,9.052072916666667e-05
,,,,,131334,300.0,1914,,,,,,
,,,,,131852,280.0,2074,,,,,,
,,,,,132000,,,17.305776596069336,34.605125427246094,32.811241149902344,552.802490234375,0.769,9.04165625e-05
,,,,,132280,200.0,1730,,,,,,
,,,,,132706,270.0,1722,,,,,,
,,,,,133000,,,36.495121002197266,38.10017013549805,40.38542938232422,636.1769409179688,0.7669375,9.031239583333334e-05
,,,,,133212,320.0,2034,,,,,,
,,,,,133756,340.0,2194,,,,,,
,,,,,134000,,,7.14349365234375,37.52665710449219,37.41353225708008,225.482421875,0.764875,9.020822916666667e-05
,,,,,134275,300.0,2082,,,,,,
,,,,,134813,320.0,2178,,,,,,
,,,,,135000,,,8.160244941711426,34.22393035888672,34.87889099121094,324.4289245605469,0.7628125,9.010406250000001e-05
,,,,,135373,230.0,2266,,,,,,
,,,,,135984,290.0,2458,,,,,,
,,,,,136000,,,5.470268249511719,34.91872787475586,35.60462951660156,260.5262451171875,0.76075,8.999989583333334e-05
,,,,,136349,210.0,1466,,,,,,
,,,,,136788,280.0,1762,,,,,,
,,,,,137000,,,6.03602409362793,41.9241943359375,42.82474899291992,342.74383544921875,0.7586875,8.989572916666668e-05
,,,,,137280,310.0,1978,,,,,,
,,,,,137866,320.0,2346,,,,,,
,,,,,138000,,,8.03484058380127,39.992061614990234,40.45475769042969,305.93939208984375,0.756625,8.979156250000001e-05
,,,,,138584,790.0,2898,,,,,,
,,,,,139000,,,5.494767665863037,36.335540771484375,36.588199615478516,180.58326721191406,0.7545625,8.968739583333334e-05
,,,,,139034,290.0,1826,,,,,,
,,,,,139476,210.0,1770,,,,,,
,,,,,139969,350.0,1986,,,,,,
364.0,94.57272,540.0,270.0,2035.6,140000,,,4.678743362426758,36.2143440246582,35.5733528137207,329.1024169921875,0.7525,8.958322916666667e-05
,,,,,140549,560.0,2338,,,,,,
,,,,,141000,,,5.163046360015869,35.38128662109375,35.694602966308594,204.93995666503906,0.7504375,8.94790625e-05
,,,,,141046,220.0,2002,,,,,,
,,,,,141420,250.0,1522,,,,,,
,,,,,141934,300.0,2082,,,,,,
,,,,,142000,,,5.333580493927002,38.02806091308594,36.910728454589844,363.708251953125,0.748375,8.937489583333334e-05
,,,,,142375,270.0,1786,,,,,,
,,,,,142830,240.0,1842,,,,,,
,,,,,143000,,,6.492706298828125,38.69500732421875,37.977638244628906,321.66766357421875,0.7463125,8.927072916666667e-05
,,,,,143392,360.0,2274,,,,,,
,,,,,144000,,,11.543664932250977,34.73436737060547,33.42913055419922,481.1909484863281,0.74425,8.916656250000001e-05
,,,,,144198,1060.0,3234,,,,,,
,,,,,144687,210.0,1970,,,,,,
,,,,,145000,,,5.017973899841309,37.067264556884766,36.984901428222656,198.6118927001953,0.7421875,8.906239583333334e-05
,,,,,145323,390.0,2554,,,,,,
,,,,,145966,400.0,2578,,,,,,
,,,,,146000,,,8.264345169067383,39.8848876953125,38.34764099121094,577.5491943359375,0.7401249999999999,8.895822916666668e-05
,,,,,146530,280.0,2258,,,,,,
,,,,,147000,,,4.046136856079102,43.191829681396484,42.33650207519531,273.2704772949219,0.7380625000000001,8.885406250000001e-05
,,,,,147061,280.0,2146,,,,,,
,,,,,147553,370.0,1978,,,,,,
,,,,,147979,270.0,1722,,,,,,
,,,,,148000,,,6.006969928741455,39.38459777832031,39.457679748535156,179.17068481445312,0.736,8.874989583333334e-05
,,,,,148495,260.0,2074,,,,,,
,,,,,149000,,,30.334850311279297,37.131446838378906,37.183406829833984,247.21731567382812,0.7339375,8.864572916666666e-05
,,,,,149110,340.0,2474,,,,,,
,,,,,149665,280.0,2226,,,,,,
726.0,212.0,970.0,370.0,2902.0,150000,,,39.46826934814453,40.46525573730469,40.19828796386719,387.6072082519531,0.731875,8.854156250000001e-05
,,,,,150479,640.0,3266,,,,,,
,,,,,150987,250.0,2034,,,,,,
,,,,,151000,,,3.7124199867248535,45.850467681884766,46.06197738647461,230.262939453125,0.7298125,8.843739583333334e-05
,,,,,151655,1040.0,2690,,,,,,
,,,,,152000,,,64.33383178710938,44.882076263427734,45.70347595214844,641.4359741210938,0.72775,8.833322916666668e-05
,,,,,152031,220.0,1522,,,,,,
,,,,,152566,290.0,2138,,,,,,
,,,,,153000,,,7.930350303649902,41.29705047607422,40.63605499267578,305.15771484375,0.7256875,8.82290625e-05
,,,,,153505,720.0,3778,,,,,,
,,,,,153982,320.0,1922,,,,,,
,,,,,154000,,,8.428974151611328,45.7747688293457,45.78851318359375,223.8463134765625,0.723625,8.812489583333335e-05
,,,,,154424,280.0,1794,,,,,,
,,,,,155000,,,8.572366714477539,41.05144500732422,42.115379333496094,349.6462097167969,0.7215625,8.802072916666668e-05
,,,,,155078,460.0,2626,,,,,,
,,,,,155572,240.0,1978,,,,,,
,,,,,156000,,,4.954155921936035,43.20992660522461,42.339439392089844,398.0247802734375,0.7195,8.79165625e-05
,,,,,156191,410.0,2506,,,,,,
,,,,,156832,990.0,2578,,,,,,
,,,,,157000,,,206.81492614746094,39.72820281982422,41.519813537597656,667.9769897460938,0.7174375,8.781239583333333e-05
,,,,,157393,270.0,2266,,,,,,
,,,,,157819,240.0,1714,,,,,,
,,,,,158000,,,7.130442142486572,35.733604431152344,35.757450103759766,241.56906127929688,0.7153750000000001,8.770822916666666e-05
,,,,,158276,270.0,1858,,,,,,
,,,,,158700,240.0,1722,,,,,,
,,,,,159000,,,10.512353897094727,44.81783676147461,45.69386291503906,359.05908203125,0.7133125,8.76040625e-05
,,,,,159209,330.0,2066,,,,,,
,,,,,159610,290.0,1634,,,,,,
782.0,277.40945,1180.0,480.0,2346.0,160000,,,7.152689456939697,38.8499870300293,38.413307189941406,343.31903076171875,0.7112499999999999,8.749989583333333e-05
,,,,,160069,200.0,1842,,,,,,
,,,,,160575,330.0,2034,,,,,,
,,,,,161000,,,5.507594108581543,45.91810607910156,46.4470329284668,194.09144592285156,0.7091875,8.739572916666668e-05
,,,,,161042,260.0,1890,,,,,,
,,,,,161491,280.0,1818,,,,,,
,,,,,161966,270.0,1922,,,,,,
,,,,,162000,,,150.79444885253906,44.0126953125,45.36912155151367,618.5037841796875,0.707125,8.72915625e-05
,,,,,162446,280.0,1922,,,,,,
,,,,,162947,360.0,2018,,,,,,
,,,,,163000,,,8.138985633850098,42.63646697998047,44.00396728515625,457.41790771484375,0.7050624999999999,8.718739583333335e-05
,,,,,163609,660.0,2658,,,,,,
,,,,,164000,,,8.054508209228516,43.3428955078125,42.903812408447266,258.94671630859375,0.7030000000000001,8.708322916666667e-05
,,,,,164170,300.0,2258,,,,,,
,,,,,164732,360.0,2258,,,,,,
,,,,,165000,,,62.51064682006836,34.919857025146484,36.72496032714844,564.6342163085938,0.7009375,8.69790625e-05
,,,,,165099,170.0,1490,,,,,,
,,,,,165738,350.0,2578,,,,,,
,,,,,166000,,,6.40814208984375,43.49247741699219,44.097755432128906,285.68475341796875,0.698875,8.687489583333333e-05
,,,,,166279,370.0,2178,,,,,,
,,,,,166720,180.0,1786,,,,,,
,,,,,167000,,,6.2610859870910645,40.929603576660156,42.0352783203125,459.6648254394531,0.6968125000000001,8.677072916666666e-05
,,,,,167325,600.0,2442,,,,,,
,,,,,168000,,,7.7616729736328125,40.756317138671875,40.901153564453125,256.2488098144531,0.69475,8.66665625e-05
,,,,,168365,1070.0,4170,,,,,,
,,,,,168818,250.0,1826,,,,,,
,,,,,169000,,,6.996647834777832,46.83505630493164,46.26559829711914,354.1709899902344,0.6926875,8.656239583333334e-05
,,,,,169540,990.0,2890,,,,,,
727.0,304.99344,1050.0,340.0,2387.6,170000,,,76.76162719726562,33.989524841308594,36.221336364746094,603.4735107421875,0.690625,8.645822916666667e-05
,,,,,170197,970.0,2634,,,,,,
,,,,,170844,1120.0,2618,,,,,,
,,,,,171000,,,3.9347589015960693,37.75227737426758,37.44791793823242,150.72596740722656,0.6885625,8.63540625e-05
,,,,,171260,260.0,1666,,,,,,
,,,,,171667,260.0,1642,,,,,,
,,,,,172000,,,7.323090553283691,33.881752014160156,33.54374694824219,190.4178924560547,0.6865,8.624989583333334e-05
,,,,,172367,1180.0,2810,,,,,,
,,,,,173000,,,4.034566879272461,38.481163024902344,38.212303161621094,170.00006103515625,0.6844375,8.614572916666667e-05
,,,,,173091,620.0,2898,,,,,,
,,,,,173511,330.0,1706,,,,,,
,,,,,173909,280.0,1602,,,,,,
,,,,,174000,,,1.5866514444351196,41.311279296875,40.94761657714844,131.68417358398438,0.682375,8.60415625e-05
,,,,,174224,190.0,1282,,,,,,
,,,,,174675,270.0,1818,,,,,,
,,,,,175000,,,41.87920379638672,41.542205810546875,42.87397003173828,449.22991943359375,0.6803125,8.593739583333333e-05
,,,,,175168,330.0,1986,,,,,,
,,,,,175639,280.0,1906,,,,,,
,,,,,176000,,,153.28111267089844,41.15517807006836,42.96706771850586,803.3745727539062,0.67825,8.583322916666667e-05
,,,,,176087,350.0,1802,,,,,,
,,,,,176501,280.0,1658,,,,,,
,,,,,177000,,,79.09223937988281,43.818992614746094,44.59335708618164,677.65478515625,0.6761874999999999,8.57290625e-05
,,,,,177338,590.0,3362,,,,,,
,,,,,178000,,,9.800073623657227,42.213253021240234,43.06144332885742,352.8210754394531,0.6741250000000001,8.562489583333334e-05
,,,,,178014,600.0,2714,,,,,,
,,,,,178511,300.0,2010,,,,,,
,,,,,179000,,,6.708323001861572,40.57499694824219,40.63902282714844,318.20599365234375,0.6720625,8.552072916666667e-05
,,,,,179091,400.0,2346,,,,,,
,,,,,179481,210.0,1570,,,,,,
,,,,,179973,400.0,1978,,,,,,
572.0,66.6033,660.0,470.0,2585.2,180000,,,9.73698902130127,45.27109909057617,46.137577056884766,386.17919921875,0.67,8.541656250000001e-05
,,,,,180835,1300.0,3458,,,,,,
,,,,,181000,,,3.004098892211914,38.75664520263672,39.63316345214844,275.400390625,0.6679375000000001,8.531239583333334e-05
,,,,,181200,190.0,1474,,,,,,
,,,,,181748,400.0,2194,,,,,,
,,,,,182000,,,3.5030009746551514,41.06777572631836,40.252685546875,228.44639587402344,0.665875,8.520822916666667e-05
,,,,,182226,250.0,1930,,,,,,
,,,,,182637,290.0,1658,,,,,,
,,,,,183000,,,8.074466705322266,38.21531677246094,38.70643615722656,251.19337463378906,0.6638124999999999,8.51040625e-05
,,,,,183117,200.0,1922,,,,,,
,,,,,183517,310.0,1618,,,,,,
,,,,,184000,,,13.484569549560547,45.1710205078125,45.65601348876953,289.84039306640625,0.6617500000000001,8.499989583333334e-05
,,,,,184253,750.0,2946,,,,,,
,,,,,184686,250.0,1746,,,,,,
,,,,,185000,,,8.165070533752441,43.295963287353516,43.77845764160156,229.4480743408203,0.6596875,8.489572916666667e-05
,,,,,185476,1980.0,3186,,,,,,
,,,,,186000,,,151.58372497558594,41.48047637939453,43.47969055175781,628.2355346679688,0.657625,8.47915625e-05
,,,,,186003,350.0,2122,,,,,,
,,,,,187000,,,3.961116313934326,39.259490966796875,38.59941101074219,212.6318817138672,0.6555625,8.468739583333334e-05
,,,,,187019,1350.0,4082,,,,,,
,,,,,187528,270.0,2050,,,,,,
,,,,,188000,,,8.694902420043945,40.59587478637695,41.509033203125,333.7576904296875,0.6535,8.458322916666668e-05
,,,,,188169,360.0,2562,,,,,,
,,,,,188601,360.0,1754,,,,,,
,,,,,189000,,,5.615455627441406,35.787071228027344,35.69147491455078,210.0083770751953,0.6514375,8.447906250000001e-05
,,,,,189091,300.0,1978,,,,,,
,,,,,189575,330.0,1954,,,,,,
818.0,276.21732,1100.0,370.0,2348.4,190000,,,5.440928936004639,42.31119918823242,41.94599533081055,222.4864501953125,0.649375,8.437489583333334e-05
,,,,,190057,360.0,1954,,,,,,
,,,,,190563,350.0,2042,,,,,,
,,,,,191000,,,5.806066513061523,41.5355224609375,41.513607025146484,195.2492218017578,0.6473125,8.427072916666667e-05
,,,,,191094,320.0,2146,,,,,,
,,,,,191524,340.0,1730,,,,,,
,,,,,191979,350.0,1826,,,,,,
,,,,,192000,,,4.98347282409668,49.53934097290039,48.926795959472656,265.3636779785156,0.64525,8.41665625e-05
,,,,,192349,280.0,1506,,,,,,
,,,,,192838,200.0,1962,,,,,,
,,,,,193000,,,76.6209487915039,44.71416473388672,46.425697326660156,580.9087524414062,0.6431875,8.406239583333334e-05
,,,,,193362,330.0,2098,,,,,,
,,,,,193982,400.0,2498,,,,,,
,,,,,194000,,,18.384525299072266,41.5125732421875,40.829124450683594,417.9134826660156,0.641125,8.395822916666667e-05
,,,,,194558,390.0,2314,,,,,,
,,,,,194926,340.0,1490,,,,,,
,,,,,195000,,,7.2673444747924805,47.522247314453125,46.65330505371094,329.88787841796875,0.6390625000000001,8.385406250000001e-05
,,,,,195737,670.0,3266,,,,,,
,,,,,196000,,,27.43602752685547,45.57609176635742,46.475677490234375,330.58740234375,0.637,8.374989583333334e-05
,,,,,196297,530.0,2250,,,,,,
,,,,,197000,,,13.423348426818848,46.49208068847656,45.674774169921875,414.2560729980469,0.6349374999999999,8.364572916666667e-05
,,,,,197174,660.0,3514,,,,,,
,,,,,197826,460.0,2626,,,,,,
,,,,,198000,,,178.0106201171875,48.478172302246094,50.61625671386719,653.55615234375,0.632875,8.354156250000001e-05
,,,,,198290,380.0,1866,,,,,,
,,,,,198807,260.0,2090,,,,,,
,,,,,199000,,,15.203065872192383,44.86236572265625,45.75871276855469,462.9412841796875,0.6308125,8.343739583333335e-05
,,,,,199445,850.0,2554,,,,,,
,,,,,199956,440.0,2058,,,,,,
1039.0,479.6551,1570.0,450.0,2733.2,200000,,,8.361610412597656,42.812713623046875,43.28648376464844,318.85858154296875,0.62875,8.333322916666666e-05
,,,,,200454,310.0,2002,,,,,,
,,,,,200827,230.0,1498,,,,,,
,,,,,201000,,,4.774475574493408,52.528480529785156,52.165218353271484,258.734130859375,0.6266875000000001,8.322906249999999e-05
,,,,,201587,560.0,3058,,,,,,
,,,,,202000,,,9.172026634216309,39.90827178955078,41.794395446777344,624.5086059570312,0.624625,8.312489583333334e-05
,,,,,202004,270.0,1698,,,,,,
,,,,,202925,1000.0,3682,,,,,,
,,,,,203000,,,203.6656951904297,47.53837585449219,50.45650100708008,907.3128662109375,0.6225625,8.302072916666668e-05
,,,,,203421,360.0,1986,,,,,,
,,,,,204000,,,6.892319679260254,47.309940338134766,47.4375,212.01695251464844,0.6205,8.29165625e-05
,,,,,204098,730.0,2714,,,,,,
,,,,,204557,380.0,1850,,,,,,
,,,,,205000,,,6.532614707946777,45.30072784423828,44.3261833190918,338.7906799316406,0.6184375,8.281239583333333e-05
,,,,,205007,310.0,1802,,,,,,
,,,,,205397,300.0,1586,,,,,,
,,,,,205881,270.0,1938,,,,,,
,,,,,206000,,,197.8958282470703,47.05061340332031,47.81947708129883,718.9112548828125,0.616375,8.270822916666668e-05
,,,,,206407,300.0,2122,,,,,,
,,,,,207000,,,6.911813735961914,45.223812103271484,44.982521057128906,170.90350341796875,0.6143125,8.26040625e-05
,,,,,207205,1140.0,3202,,,,,,
,,,,,207899,680.0,2802,,,,,,
,,,,,208000,,,3.4880805015563965,42.9298095703125,43.4097900390625,199.9021759033203,0.61225,8.249989583333335e-05
,,,,,208341,300.0,1786,,,,,,
,,,,,208865,250.0,2098,,,,,,
,,,,,209000,,,8.396200180053711,50.416290283203125,50.31230926513672,254.57545471191406,0.6101875,8.239572916666666e-05
,,,,,209185,200.0,1306,,,,,,
,,,,,209736,440.0,2218,,,,,,
592.0,274.69257,1040.0,380.0,2114.8,210000,,,4.786046981811523,47.72734069824219,47.203033447265625,220.82440185546875,0.608125,8.22915625e-05
,,,,,210197,340.0,1858,,,,,,
,,,,,210751,410.0,2242,,,,,,
,,,,,211000,,,8.610421180725098,48.064945220947266,46.49452209472656,495.5527038574219,0.6060625,8.218739583333333e-05
,,,,,211688,940.0,3754,,,,,,
,,,,,212000,,,16.12738609313965,55.15122985839844,56.2581787109375,415.39508056640625,0.604,8.208322916666666e-05
,,,,,212178,370.0,1962,,,,,,
,,,,,212866,960.0,2770,,,,,,
,,,,,213000,,,9.946664810180664,53.57501983642578,52.7605094909668,370.1485900878906,0.6019375,8.19790625e-05
,,,,,213306,380.0,1778,,,,,,
,,,,,213743,290.0,1762,,,,,,
,,,,,214000,,,23.051971435546875,45.62956237792969,44.228721618652344,449.2606201171875,0.5998749999999999,8.187489583333335e-05
,,,,,214776,760.0,4154,,,,,,
,,,,,215000,,,3.8456151485443115,42.26915740966797,42.403076171875,169.9032440185547,0.5978125000000001,8.177072916666667e-05
,,,,,215215,270.0,1778,,,,,,
,,,,,215729,340.0,2058,,,,,,
,,,,,216000,,,11.147594451904297,49.877891540527344,50.63542556762695,312.4614562988281,0.59575,8.16665625e-05
,,,,,216659,1250.0,3730,,,,,,
,,,,,217000,,,7.967740058898926,49.687156677246094,50.83207702636719,361.7377014160156,0.5936875,8.156239583333334e-05
,,,,,217352,560.0,2786,,,,,,
,,,,,217876,460.0,2098,,,,,,
,,,,,218000,,,9.607221603393555,45.387237548828125,44.788841247558594,264.2750244140625,0.5916250000000001,8.145822916666667e-05
,,,,,218706,1100.0,3346,,,,,,
,,,,,219000,,,7.023918628692627,45.891845703125,45.04823303222656,285.2383728027344,0.5895625,8.13540625e-05
,,,,,219195,330.0,1978,,,,,,
,,,,,219645,380.0,1826,,,,,,
932.0,307.92206,1300.0,430.0,2870.0,220000,,,3.622938632965088,44.710636138916016,43.985084533691406,194.75201416015625,0.5874999999999999,8.124989583333333e-05
,,,,,220130,370.0,1954,,,,,,
,,,,,220604,350.0,1922,,,,,,
,,,,,221000,,,5.637896537780762,47.87242889404297,47.95061111450195,223.9478759765625,0.5854375,8.114572916666667e-05
,,,,,221040,220.0,1754,,,,,,
,,,,,221456,230.0,1690,,,,,,
,,,,,222000,,,21.008224487304688,51.99225616455078,49.991355895996094,628.703125,0.583375,8.10415625e-05
,,,,,222032,580.0,2330,,,,,,
,,,,,222488,270.0,1834,,,,,,
,,,,,223000,,,42.09326934814453,46.90824890136719,48.51966094970703,434.0928955078125,0.5813125,8.093739583333334e-05
,,,,,223015,310.0,2122,,,,,,
,,,,,223820,860.0,3234,,,,,,
,,,,,224000,,,8.691808700561523,49.45940399169922,48.050724029541016,418.1698303222656,0.57925,8.083322916666667e-05
,,,,,224299,350.0,1914,,,,,,
,,,,,224809,330.0,2066,,,,,,
,,,,,225000,,,6.527868270874023,50.64216613769531,50.09134292602539,258.80902099609375,0.5771875,8.072906250000001e-05
,,,,,225674,690.0,3482,,,,,,
,,,,,226000,,,134.253173828125,47.1616096496582,49.96263122558594,860.5755004882812,0.5751250000000001,8.062489583333334e-05
,,,,,226202,350.0,2138,,,,,,
,,,,,226823,510.0,2514,,,,,,
,,,,,227000,,,11.712665557861328,52.724464416503906,52.87080383300781,259.4075927734375,0.5730625,8.052072916666667e-05
,,,,,227381,380.0,2250,,,,,,
,,,,,227839,410.0,1842,,,,,,
,,,,,228000,,,3.949458122253418,53.53919982910156,52.74375915527344,228.0876922607422,0.571,8.04165625e-05
,,,,,228753,1960.0,3658,,,,,,
,,,,,229000,,,10.036819458007812,49.10702133178711,47.800689697265625,437.1917419433594,0.5689375,8.031239583333334e-05
,,,,,229504,660.0,3018,,,,,,
469.0,51.855568,540.0,410.0,2530.8,230000,,,11.564044952392578,48.356201171875,47.23873519897461,410.8216857910156,0.566875,8.020822916666667e-05
,,,,,230335,870.0,3330,,,,,,
,,,,,230800,370.0,1866,,,,,,
,,,,,231000,,,8.501869201660156,45.17253875732422,45.29642868041992,222.3977508544922,0.5648124999999999,8.01040625e-05
,,,,,231318,260.0,2082,,,,,,
,,,,,231772,400.0,1818,,,,,,
,,,,,232000,,,3.988849401473999,53.80904006958008,52.79357147216797,325.0932312011719,0.5627500000000001,7.999989583333334e-05
,,,,,232225,250.0,1818,,,,,,
,,,,,232692,280.0,1874,,,,,,
,,,,,233000,,,57.661376953125,58.12014389038086,58.4655647277832,489.925048828125,0.5606875,7.989572916666668e-05
,,,,,233151,380.0,1842,,,,,,
,,,,,233634,280.0,1946,,,,,,
,,,,,234000,,,6.196393013000488,53.47434997558594,53.530845642089844,197.71624755859375,0.5586249999999999,7.979156250000001e-05
,,,,,234020,300.0,1554,,,,,,
,,,,,234619,510.0,2418,,,,,,
,,,,,235000,,,13.858266830444336,50.37196350097656,50.79887390136719,297.2454528808594,0.5565625,7.968739583333334e-05
,,,,,235220,480.0,2426,,,,,,
,,,,,235744,310.0,2106,,,,,,
,,,,,236000,,,16.85999298095703,59.65293884277344,59.60901641845703,390.9236145019531,0.5545,7.958322916666667e-05
,,,,,236451,460.0,2842,,,,,,
,,,,,237000,,,7.743008613586426,54.1625862121582,53.28112030029297,363.8877868652344,0.5524375,7.94790625e-05
,,,,,237257,800.0,3242,,,,,,
,,,,,237738,330.0,1930,,,,,,
,,,,,238000,,,6.825862884521484,53.02801513671875,52.75421905517578,375.6346130371094,0.5503750000000001,7.937489583333334e-05
,,,,,238326,450.0,2370,,,,,,
,,,,,238690,220.0,1474,,,,,,
,,,,,239000,,,6.267875671386719,48.530452728271484,48.802833557128906,188.7431640625,0.5483125,7.927072916666667e-05
,,,,,239194,280.0,2034,,,,,,
,,,,,239605,310.0,1650,,,,,,
547.0,188.20468,830.0,380.0,2034.8,240000,,,5.502502918243408,53.597694396972656,53.00237274169922,262.2177734375,0.54625,7.916656250000001e-05
,,,,,240133,280.0,2130,,,,,,
,,,,,240629,260.0,2010,,,,,,
,,,,,241000,,,10.375171661376953,49.30746078491211,49.23047637939453,316.640380859375,0.5441875,7.906239583333334e-05
,,,,,241449,600.0,3298,,,,,,
,,,,,241863,380.0,1658,,,,,,
,,,,,242000,,,207.7638397216797,48.103675842285156,50.74114227294922,790.4283447265625,0.542125,7.895822916666667e-05
,,,,,242934,1150.0,4290,,,,,,
,,,,,243000,,,6.467878341674805,49.78645324707031,49.68280029296875,202.39913940429688,0.5400625,7.885406250000001e-05
,,,,,243424,280.0,1970,,,,,,
,,,,,244000,,,8.938813209533691,51.20826721191406,52.040550231933594,317.03253173828125,0.538,7.874989583333334e-05
,,,,,244086,580.0,2666,,,,,,
,,,,,244812,1400.0,2930,,,,,,
,,,,,245000,,,4.93892765045166,47.91864013671875,47.74324035644531,263.76068115234375,0.5359375,7.864572916666667e-05
,,,,,245291,390.0,1922,,,,,,
,,,,,246000,,,6.705312728881836,48.455528259277344,48.915000915527344,202.66012573242188,0.533875,7.85415625e-05
,,,,,246090,1890.0,3202,,,,,,
,,,,,246776,600.0,2762,,,,,,
,,,,,247000,,,7.09398078918457,54.10122299194336,54.56123352050781,375.1802978515625,0.5318125,7.843739583333334e-05
,,,,,247283,290.0,2050,,,,,,
,,,,,248000,,,5.57195520401001,47.42815399169922,47.762062072753906,243.26412963867188,0.5297499999999999,7.833322916666668e-05
,,,,,248078,800.0,3186,,,,,,
,,,,,248668,570.0,2362,,,,,,
,,,,,249000,,,11.234672546386719,51.198116302490234,51.12097930908203,400.90380859375,0.5276875,7.822906250000001e-05
,,,,,249184,320.0,2066,,,,,,
,,,,,249871,760.0,2762,,,,,,
335.0,50.447994,400.0,280.0,2330.0,250000,,,6.90357780456543,50.33013153076172,50.013771057128906,241.25875854492188,0.525625,7.812489583333334e-05
,,,,,250526,660.0,2626,,,,,,
,,,,,251000,,,10.026443481445312,48.29698181152344,49.14240646362305,337.8409729003906,0.5235624999999999,7.802072916666668e-05
,,,,,251233,630.0,2826,,,,,,
,,,,,251684,1090.0,1818,,,,,,
,,,,,252000,,,4.53358268737793,47.597267150878906,47.73920440673828,154.5903778076172,0.5215000000000001,7.79165625e-05
,,,,,252269,700.0,2346,,,,,,
,,,,,253000,,,4.759936332702637,45.539703369140625,44.69322967529297,335.7095947265625,0.5194375,7.781239583333333e-05
,,,,,253042,990.0,3098,,,,,,
,,,,,253443,290.0,1626,,,,,,
,,,,,253845,230.0,1634,,,,,,
,,,,,254000,,,7.682761192321777,54.709197998046875,54.339088439941406,303.46856689453125,0.517375,7.770822916666666e-05
,,,,,254607,650.0,3058,,,,,,
,,,,,255000,,,6.188828945159912,52.59737014770508,52.544700622558594,288.2889709472656,0.5153125000000001,7.76040625e-05
,,,,,255147,440.0,2162,,,,,,
,,,,,255936,900.0,3178,,,,,,
,,,,,256000,,,9.206388473510742,55.04741668701172,55.40317916870117,318.8690490722656,0.51325,7.749989583333333e-05
,,,,,256481,620.0,2202,,,,,,
,,,,,257000,,,8.214781761169434,50.4831657409668,49.48621368408203,326.638427734375,0.5111874999999999,7.739572916666666e-05
,,,,,257212,870.0,2954,,,,,,
,,,,,257684,460.0,1914,,,,,,
,,,,,258000,,,15.42732048034668,55.01325225830078,56.456722259521484,596.545654296875,0.509125,7.72915625e-05
,,,,,258184,400.0,2002,,,,,,
,,,,,258782,700.0,2410,,,,,,
,,,,,259000,,,190.9496612548828,52.319583892822266,54.9551887512207,974.746337890625,0.5070625,7.718739583333335e-05
,,,,,259420,530.0,2578,,,,,,
931.0,222.77567,1120.0,520.0,2462.8,260000,,,3.774803638458252,56.326759338378906,55.75366973876953,222.43533325195312,0.505,7.708322916666668e-05
,,,,,260061,570.0,2586,,,,,,
,,,,,260960,810.0,3610,,,,,,
,,,,,261000,,,5.756322383880615,52.641021728515625,52.308326721191406,230.37808227539062,0.5029375,7.69790625e-05
,,,,,261488,380.0,2114,,,,,,
,,,,,262000,,,4.316496849060059,49.51850509643555,49.038108825683594,230.28602600097656,0.500875,7.687489583333333e-05
,,,,,262161,460.0,2714,,,,,,
,,,,,262562,380.0,1634,,,,,,
,,,,,263000,,,9.425878524780273,52.05914306640625,52.06101989746094,237.2176971435547,0.4988125,7.677072916666667e-05
,,,,,263074,370.0,2058,,,,,,
,,,,,263706,440.0,2554,,,,,,
,,,,,264000,,,7.44551944732666,59.29120635986328,58.128265380859375,418.3443298339844,0.49675,7.66665625e-05
,,,,,264267,450.0,2250,,,,,,
,,,,,264740,400.0,1914,,,,,,
,,,,,265000,,,7.351526260375977,53.34237289428711,53.71199035644531,274.3828125,0.49468750000000006,7.656239583333333e-05
,,,,,265545,1090.0,3226,,,,,,
,,,,,265960,310.0,1666,,,,,,
,,,,,266000,,,8.649801254272461,51.836669921875,52.139347076416016,263.4627380371094,0.4926250000000001,7.645822916666667e-05
,,,,,266629,730.0,2706,,,,,,
,,,,,267000,,,5.931159019470215,52.39892578125,51.545433044433594,388.5890197753906,0.4905625,7.63540625e-05
,,,,,267167,450.0,2154,,,,,,
,,,,,267895,1320.0,2938,,,,,,
,,,,,268000,,,6.893218040466309,54.945220947265625,54.692405700683594,229.32237243652344,0.48849999999999993,7.624989583333334e-05
,,,,,268942,1400.0,4194,,,,,,
,,,,,269000,,,6.110750198364258,49.78293228149414,50.251773834228516,168.48159790039062,0.48643749999999997,7.614572916666667e-05
,,,,,269410,350.0,1874,,,,,,
755.0,246.62724,1000.0,430.0,2421.2,270000,,,13.620198249816895,56.56394577026367,56.08657455444336,393.61004638671875,0.484375,7.60415625e-05
,,,,,270082,440.0,2698,,,,,,
,,,,,270538,460.0,1834,,,,,,
,,,,,271000,,,8.351101875305176,56.89487075805664,56.04539489746094,367.3305969238281,0.4823124999999999,7.593739583333333e-05
,,,,,271332,880.0,3186,,,,,,
,,,,,272000,,,6.1226115226745605,58.72413635253906,57.706153869628906,432.75238037109375,0.48024999999999995,7.583322916666666e-05
,,,,,272265,1580.0,3746,,,,,,
,,,,,272761,360.0,2002,,,,,,
,,,,,273000,,,7.237515926361084,57.2249755859375,56.00244903564453,400.30743408203125,0.4781875,7.57290625e-05
,,,,,273226,370.0,1866,,,,,,
,,,,,273958,530.0,2930,,,,,,
,,,,,274000,,,95.47283172607422,52.22276306152344,54.32917785644531,804.5524291992188,0.476125,7.562489583333334e-05
,,,,,274770,1090.0,3274,,,,,,
,,,,,275000,,,7.131834983825684,61.939971923828125,62.07757568359375,231.84739685058594,0.47406250000000005,7.552072916666667e-05
,,,,,275282,430.0,2066,,,,,,
,,,,,275812,430.0,2130,,,,,,
,,,,,276000,,,11.948616027832031,53.42516326904297,55.157161712646484,618.0653686523438,0.472,7.54165625e-05
,,,,,276804,1790.0,3986,,,,,,
,,,,,277000,,,7.120378017425537,55.75739669799805,55.43564224243164,307.3427429199219,0.4699375,7.531239583333334e-05
,,,,,277821,1330.0,4090,,,,,,
,,,,,278000,,,11.055645942687988,55.221858978271484,56.005088806152344,371.7710876464844,0.46787500000000004,7.520822916666668e-05
,,,,,278413,730.0,2370,,,,,,
,,,,,278969,1100.0,2250,,,,,,
,,,,,279000,,,22.70703125,61.25711441040039,61.083213806152344,462.247802734375,0.4658125000000001,7.51040625e-05
,,,,,279441,400.0,1898,,,,,,
747.0,101.29659,850.0,560.0,2276.4,280000,,,8.164867401123047,55.16009521484375,54.778167724609375,320.2882385253906,0.46375,7.499989583333333e-05
,,,,,280013,440.0,2314,,,,,,
,,,,,280534,340.0,2082,,,,,,
,,,,,281000,,,11.308126449584961,59.83488845825195,59.96857452392578,389.5657958984375,0.46168750000000003,7.489572916666667e-05
,,,,,281374,1050.0,3370,,,,,,
,,,,,281980,560.0,2434,,,,,,
,,,,,282000,,,85.90016174316406,56.781532287597656,57.43706512451172,582.67578125,0.45962500000000006,7.47915625e-05
,,,,,282455,370.0,1922,,,,,,
,,,,,282908,390.0,1818,,,,,,
,,,,,283000,,,6.596986770629883,51.96592712402344,51.725852966308594,304.35455322265625,0.4575625,7.468739583333333e-05
,,,,,283391,430.0,1946,,,,,,
,,,,,284000,,,7.283131122589111,63.53273010253906,64.10489654541016,339.5838317871094,0.4555,7.458322916666667e-05
,,,,,284135,540.0,2994,,,,,,
,,,,,284581,390.0,1802,,,,,,
,,,,,285000,,,4.397390365600586,57.77191925048828,57.965362548828125,214.08578491210938,0.45343749999999994,7.447906250000001e-05
,,,,,285147,520.0,2266,,,,,,
,,,,,285843,710.0,2794,,,,,,
,,,,,286000,,,8.436471939086914,56.675392150878906,56.66257095336914,309.35211181640625,0.45137499999999997,7.437489583333334e-05
,,,,,286374,440.0,2138,,,,,,
,,,,,286799,430.0,1714,,,,,,
,,,,,287000,,,13.21823787689209,56.095680236816406,56.99650573730469,560.99560546875,0.4493125,7.427072916666667e-05
,,,,,287364,570.0,2274,,,,,,
,,,,,287855,460.0,1962,,,,,,
,,,,,288000,,,11.484420776367188,57.56187438964844,58.76250457763672,772.003173828125,0.44725000000000004,7.41665625e-05
,,,,,288895,1220.0,4186,,,,,,
,,,,,289000,,,26.13019371032715,59.705230712890625,58.791175842285156,584.6898193359375,0.44518749999999996,7.406239583333334e-05
,,,,,289504,760.0,2434,,,,,,
1096.0,405.04816,1850.0,700.0,2805.2,290000,,,9.022976875305176,66.95040893554688,67.91169738769531,454.0484619140625,0.443125,7.395822916666667e-05
,,,,,290050,350.0,2210,,,,,,
,,,,,290848,1060.0,3218,,,,,,
,,,,,291000,,,6.401923656463623,53.71446990966797,52.72380828857422,380.1447448730469,0.4410625,7.38540625e-05
,,,,,291386,430.0,2154,,,,,,
,,,,,292000,,,18.118593215942383,63.7044563293457,65.58840942382812,797.3745727539062,0.43900000000000006,7.374989583333334e-05
,,,,,292074,660.0,2770,,,,,,
,,,,,292494,370.0,1682,,,,,,
,,,,,293000,,,5.725829124450684,65.36759948730469,64.35652923583984,403.3380126953125,0.4369375,7.364572916666668e-05
,,,,,293218,820.0,2906,,,,,,
,,,,,293730,520.0,2074,,,,,,
,,,,,294000,,,102.96216583251953,56.4237174987793,57.563720703125,747.1173706054688,0.434875,7.354156250000001e-05
,,,,,294473,790.0,2994,,,,,,
,,,,,295000,,,11.262049674987793,64.39054870605469,64.2396011352539,332.77532958984375,0.43281250000000004,7.343739583333334e-05
,,,,,295301,990.0,3330,,,,,,
,,,,,295893,740.0,2394,,,,,,
,,,,,296000,,,5.07129430770874,62.4034423828125,61.75165557861328,303.01409912109375,0.4307500000000001,7.333322916666668e-05
,,,,,296425,430.0,2154,,,,,,
,,,,,297000,,,11.557809829711914,63.02570343017578,63.92416763305664,524.7256469726562,0.4286875000000001,7.322906250000001e-05
,,,,,297104,720.0,2738,,,,,,
,,,,,298000,,,12.164631843566895,59.907859802246094,59.198184967041016,453.3489685058594,0.4266249999999999,7.312489583333332e-05
,,,,,298118,1230.0,4074,,,,,,
,,,,,298576,350.0,1842,,,,,,
,,,,,299000,,,276.8528747558594,60.004554748535156,64.16850280761719,1334.572509765625,0.42456249999999995,7.302072916666666e-05
,,,,,299689,1290.0,4458,,,,,,
672.0,25.612497,710.0,630.0,2938.0,300000,,,20.62749481201172,58.53656005859375,59.982513427734375,608.078369140625,0.4225,7.29165625e-05
,,,,,300384,670.0,2786,,,,,,
,,,,,300709,260.0,1322,,,,,,
,,,,,301000,,,10.206265449523926,61.883724212646484,62.183868408203125,367.4010925292969,0.4204375,7.281239583333334e-05
,,,,,301706,1550.0,3986,,,,,,
,,,,,302000,,,13.020123481750488,62.058467864990234,61.181396484375,607.1569213867188,0.41837499999999994,7.270822916666666e-05
,,,,,302198,380.0,1994,,,,,,
,,,,,303000,,,13.468477249145508,59.080665588378906,60.863914489746094,805.0922241210938,0.4163125,7.26040625e-05
,,,,,303098,790.0,3602,,,,,,
,,,,,303624,520.0,2122,,,,,,
,,,,,304000,,,10.954715728759766,65.00747680664062,64.70314025878906,342.77862548828125,0.41425,7.249989583333335e-05
,,,,,304089,330.0,1866,,,,,,
,,,,,304602,430.0,2066,,,,,,
,,,,,305000,,,9.11251163482666,59.21083450317383,59.249595642089844,279.5897521972656,0.41218750000000004,7.239572916666668e-05
,,,,,305275,690.0,2706,,,,,,
,,,,,306000,,,9.825729370117188,63.825775146484375,63.797996520996094,358.8902587890625,0.41012499999999996,7.22915625e-05
,,,,,306257,830.0,3954,,,,,,
,,,,,306929,710.0,2714,,,,,,
,,,,,307000,,,11.402080535888672,69.66582489013672,69.40217590332031,367.3803405761719,0.4080625,7.218739583333333e-05
,,,,,307337,320.0,1658,,,,,,
,,,,,308000,,,14.78945255279541,58.35762023925781,57.643524169921875,992.1636962890625,0.406,7.208322916666668e-05
,,,,,308102,930.0,3082,,,,,,
,,,,,308630,500.0,2122,,,,,,
,,,,,309000,,,79.70262145996094,63.991119384765625,66.1435546875,1107.288818359375,0.40393750000000006,7.19790625e-05
,,,,,309078,340.0,1810,,,,,,
,,,,,309637,530.0,2242,,,,,,
1152.0,398.8684,1590.0,640.0,2781.2,310000,,,15.758710861206055,57.65431213378906,54.92698287963867,924.9427490234375,0.4018750000000001,7.187489583333333e-05
,,,,,310025,350.0,1554,,,,,,
,,,,,310571,450.0,2194,,,,,,
,,,,,311000,,,11.36388111114502,65.85131072998047,66.74006652832031,492.2734069824219,0.3998125,7.177072916666667e-05
,,,,,311387,850.0,3290,,,,,,
,,,,,312000,,,7.109509468078613,59.868160247802734,60.62192153930664,386.716796875,0.39775000000000005,7.16665625e-05
,,,,,312066,810.0,2730,,,,,,
,,,,,312851,690.0,3154,,,,,,
,,,,,313000,,,10.061376571655273,70.88302612304688,69.69036865234375,494.2876892089844,0.39568749999999997,7.156239583333333e-05
,,,,,313368,550.0,2082,,,,,,
,,,,,314000,,,10.961515426635742,59.97495651245117,59.79661178588867,351.7964172363281,0.393625,7.145822916666667e-05
,,,,,314164,1160.0,3202,,,,,,
,,,,,314827,500.0,2658,,,,,,
,,,,,315000,,,11.286916732788086,65.65574645996094,66.19055938720703,403.25701904296875,0.3915624999999999,7.13540625e-05
,,,,,315577,610.0,3002,,,,,,
,,,,,316000,,,60.88205337524414,57.82834243774414,59.398494720458984,673.5086059570312,0.38949999999999996,7.124989583333333e-05
,,,,,316029,320.0,1826,,,,,,
,,,,,316895,1190.0,3474,,,,,,
,,,,,317000,,,10.742307662963867,55.30729675292969,54.6570930480957,349.94854736328125,0.3874375,7.114572916666666e-05
,,,,,317315,410.0,1706,,,,,,
,,,,,317849,480.0,2146,,,,,,
,,,,,318000,,,10.086758613586426,70.93116760253906,70.11380004882812,435.1319274902344,0.385375,7.10415625e-05
,,,,,318503,670.0,2642,,,,,,
,,,,,319000,,,6.05821418762207,62.57476806640625,62.179779052734375,228.23609924316406,0.38331249999999994,7.093739583333334e-05
,,,,,319346,920.0,3378,,,,,,
,,,,,319949,890.0,2418,,,,,,
914.0,396.28778,1490.0,500.0,2339.6,320000,,,4.3452372550964355,68.43242645263672,67.81726837158203,292.7242431640625,0.38125,7.083322916666667e-05
,,,,,320412,450.0,1866,,,,,,
,,,,,320865,270.0,1818,,,,,,
,,,,,321000,,,303.2545166015625,66.07492065429688,67.84198760986328,1239.5655517578125,0.3791875,7.07290625e-05
,,,,,321370,330.0,2018,,,,,,
,,,,,322000,,,323.8992004394531,67.21072387695312,69.84879302978516,1040.3226318359375,0.37712500000000004,7.062489583333334e-05
,,,,,322146,890.0,3106,,,,,,
,,,,,322567,450.0,1698,,,,,,
,,,,,323000,,,8.068819046020508,54.429683685302734,53.597755432128906,474.6398010253906,0.3750625000000001,7.052072916666667e-05
,,,,,323306,1510.0,2970,,,,,,
,,,,,323990,730.0,2762,,,,,,
,,,,,324000,,,9.875797271728516,60.35115051269531,60.455291748046875,460.1584777832031,0.373,7.04165625e-05
,,,,,324821,1190.0,3330,,,,,,
,,,,,325000,,,13.639427185058594,76.59052276611328,76.63298034667969,399.73126220703125,0.37093750000000003,7.031239583333333e-05
,,,,,325808,1640.0,3954,,,,,,
,,,,,326000,,,22.310062408447266,65.4009780883789,64.95361328125,594.5573120117188,0.36887500000000006,7.020822916666667e-05
,,,,,326564,880.0,3034,,,,,,
,,,,,327000,,,10.288683891296387,71.00663757324219,70.91673278808594,304.4495849609375,0.3668125000000001,7.01040625e-05
,,,,,327002,390.0,1770,,,,,,
,,,,,327453,280.0,1810,,,,,,
,,,,,328000,,,81.69630432128906,66.40847778320312,66.7406234741211,1054.3406982421875,0.3647499999999999,6.999989583333333e-05
,,,,,328068,760.0,2482,,,,,,
,,,,,328544,330.0,1930,,,,,,
,,,,,329000,,,74.70738220214844,58.537437438964844,58.780853271484375,801.0875854492188,0.36268749999999994,6.989572916666667e-05
828.0,16.0,860.0,820.0,2971.6,330000,,,17.583847045898438,75.93907165527344,77.03264617919922,666.3195190429688,0.360625,6.979156250000001e-05
,,,,,330207,1210.0,6658,,,,,,
,,,,,330942,1000.0,2946,,,,,,
,,,,,331000,,,9.80540657043457,56.8770751953125,57.68449401855469,526.983154296875,0.3585625,6.968739583333334e-05
,,,,,331473,440.0,2130,,,,,,
,,,,,332000,,,17.045455932617188,60.181270599365234,60.30491638183594,628.4884643554688,0.35650000000000004,6.958322916666667e-05
,,,,,332020,330.0,2202,,,,,,
,,,,,332436,390.0,1690,,,,,,
,,,,,333000,,,25.087871551513672,73.98249816894531,73.48602294921875,530.166748046875,0.35443749999999996,6.94790625e-05
,,,,,333172,770.0,2970,,,,,,
,,,,,333700,470.0,2122,,,,,,
,,,,,334000,,,10.04479694366455,68.57994079589844,68.38668060302734,340.8514709472656,0.352375,6.937489583333334e-05
,,,,,334202,370.0,2018,,,,,,
,,,,,334603,310.0,1618,,,,,,
,,,,,335000,,,17.173500061035156,68.74528503417969,69.6278305053711,670.9857177734375,0.3503125,6.927072916666667e-05
,,,,,335202,640.0,2402,,,,,,
,,,,,336000,,,3.895014762878418,62.44886016845703,62.38020324707031,219.8218536376953,0.34825000000000006,6.91665625e-05
,,,,,336235,1020.0,4162,,,,,,
,,,,,336928,600.0,2778,,,,,,
,,,,,337000,,,8.297534942626953,70.20509338378906,71.37870788574219,544.9813842773438,0.3461875,6.906239583333334e-05
,,,,,337453,410.0,2106,,,,,,
,,,,,338000,,,18.35010528564453,69.5899887084961,67.98939514160156,969.5059204101562,0.344125,6.895822916666668e-05
,,,,,338069,850.0,2490,,,,,,
,,,,,338639,560.0,2282,,,,,,
,,,,,339000,,,23.894332885742188,76.42083740234375,76.31002807617188,473.0265808105469,0.34206250000000005,6.885406250000001e-05
,,,,,339298,810.0,2658,,,,,,
,,,,,339847,580.0,2218,,,,,,
816.0,696.6807,1880.0,330.0,2393.2,340000,,,127.4714126586914,69.72930908203125,71.36900329589844,856.4181518554688,0.3400000000000001,6.874989583333334e-05
,,,,,340638,440.0,3178,,,,,,
,,,,,341000,,,9.203298568725586,63.34783935546875,65.20439147949219,703.8485107421875,0.3379375,6.864572916666667e-05
,,,,,341438,970.0,3218,,,,,,
,,,,,341970,410.0,2130,,,,,,
,,,,,342000,,,8.579519271850586,70.39642333984375,69.53652954101562,437.906494140625,0.33587500000000003,6.85415625e-05
,,,,,342544,860.0,2322,,,,,,
,,,,,343000,,,26.502193450927734,72.8428955078125,72.92488098144531,462.5245056152344,0.33381249999999996,6.843739583333332e-05
,,,,,343007,190.0,1858,,,,,,
,,,,,343625,770.0,2474,,,,,,
,,,,,344000,,,27.039051055908203,68.77973175048828,69.59922790527344,611.6080932617188,0.33175,6.833322916666667e-05
,,,,,344089,550.0,1858,,,,,,
,,,,,344775,730.0,2762,,,,,,
,,,,,345000,,,8.110908508300781,67.99024963378906,67.32560729980469,383.10919189453125,0.3296875,6.822906250000001e-05
,,,,,345697,3120.0,3698,,,,,,
,,,,,346000,,,6.262502670288086,64.0865249633789,63.623329162597656,306.45001220703125,0.32762499999999994,6.812489583333334e-05
,,,,,346484,1200.0,3162,,,,,,
,,,,,347000,,,12.64763355255127,70.21170806884766,68.65022277832031,737.9278564453125,0.3255625,6.802072916666666e-05
,,,,,347475,1000.0,3986,,,,,,
,,,,,348000,,,8.749625205993652,80.50059509277344,79.79732513427734,331.798828125,0.3235,6.791656250000001e-05
,,,,,348335,1210.0,3466,,,,,,
,,,,,348811,360.0,1914,,,,,,
,,,,,349000,,,26.798675537109375,73.3738784790039,72.70652770996094,568.438720703125,0.32143750000000004,6.781239583333334e-05
,,,,,349345,420.0,2146,,,,,,
,,,,,349954,540.0,2458,,,,,,
1291.0,253.35548,1500.0,560.0,3081.2,350000,,,6.41502046585083,73.06748962402344,73.37564086914062,223.1265869140625,0.31937499999999996,6.770822916666666e-05
,,,,,350621,1340.0,2690,,,,,,
,,,,,351000,,,10.658586502075195,68.82565307617188,68.91718292236328,320.214111328125,0.3173125,6.760406249999999e-05
,,,,,351284,1440.0,2650,,,,,,
,,,,,351679,340.0,1602,,,,,,
,,,,,352000,,,17.797279357910156,74.8730697631836,74.26315307617188,522.9024658203125,0.31525000000000003,6.749989583333333e-05
,,,,,352307,480.0,2514,,,,,,
,,,,,352752,330.0,1802,,,,,,
,,,,,353000,,,11.787710189819336,76.7501220703125,76.8702392578125,411.9324035644531,0.31318750000000006,6.739572916666668e-05
,,,,,353701,1250.0,3818,,,,,,
,,,,,354000,,,36.12497329711914,73.53157043457031,75.86772918701172,799.15185546875,0.311125,6.72915625e-05
,,,,,354525,1820.0,3298,,,,,,
,,,,,355000,,,13.568097114562988,78.07300567626953,78.76299285888672,539.0488891601562,0.3090625,6.718739583333333e-05
,,,,,355250,960.0,2906,,,,,,
,,,,,355783,780.0,2146,,,,,,
,,,,,356000,,,12.873026847839355,83.22552490234375,81.58016967773438,709.1571655273438,0.30700000000000005,6.708322916666668e-05
,,,,,356278,350.0,1986,,,,,,
,,,,,356918,560.0,2570,,,,,,
,,,,,357000,,,14.637958526611328,68.43443298339844,66.16836547851562,908.5091552734375,0.3049375000000001,6.69790625e-05
,,,,,357914,2300.0,3994,,,,,,
,,,,,358000,,,34.35969543457031,69.77828979492188,69.55487823486328,478.22265625,0.302875,6.687489583333333e-05
,,,,,358618,700.0,2842,,,,,,
,,,,,358996,370.0,1538,,,,,,
,,,,,359000,,,10.733546257019043,81.70993041992188,80.20606994628906,651.2782592773438,0.3008124999999999,6.677072916666666e-05
,,,,,359569,410.0,2298,,,,,,
1193.0,242.2829,1540.0,890.0,3306.0,360000,,,1158.229736328125,77.62919616699219,87.193115234375,3292.429443359375,0.29874999999999996,6.66665625e-05
,,,,,360391,770.0,3314,,,,,,
,,,,,360938,690.0,2202,,,,,,
,,,,,361000,,,14.514928817749023,74.70317077636719,74.30204010009766,453.2991638183594,0.2966875,6.656239583333333e-05
,,,,,361619,1030.0,2746,,,,,,
,,,,,362000,,,21.29352569580078,77.93899536132812,79.63623809814453,743.7951049804688,0.294625,6.645822916666666e-05
,,,,,362131,450.0,2058,,,,,,
,,,,,362737,790.0,2434,,,,,,
,,,,,363000,,,71.17782592773438,77.91714477539062,79.58604431152344,831.455322265625,0.29256249999999995,6.63540625e-05
,,,,,363385,570.0,2610,,,,,,
,,,,,364000,,,15.26122760772705,72.18077087402344,72.98342895507812,588.516845703125,0.2905,6.624989583333335e-05
,,,,,364260,950.0,3506,,,,,,
,,,,,365000,,,536.4922485351562,64.14775848388672,67.6993179321289,1778.268310546875,0.2884375,6.614572916666667e-05
,,,,,365023,810.0,3066,,,,,,
,,,,,365993,1020.0,3882,,,,,,
,,,,,366000,,,88.37600708007812,85.31419372558594,86.74787902832031,855.4003295898438,0.28637500000000005,6.60415625e-05
,,,,,366633,530.0,2586,,,,,,
,,,,,367000,,,11.544048309326172,74.74591064453125,74.99623107910156,411.2449035644531,0.28431249999999997,6.593739583333333e-05
,,,,,367305,550.0,2698,,,,,,
,,,,,368000,,,9.381146430969238,63.963768005371094,63.80037307739258,330.637939453125,0.28225,6.583322916666667e-05
,,,,,368080,1100.0,3114,,,,,,
,,,,,368716,620.0,2554,,,,,,
,,,,,369000,,,7.671635627746582,69.89434814453125,69.92776489257812,418.35931396484375,0.28018750000000003,6.57290625e-05
,,,,,369141,460.0,1722,,,,,,
,,,,,369764,1280.0,2514,,,,,,
978.0,126.23787,1150.0,830.0,3046.0,370000,,,6.781672954559326,76.00454711914062,74.83165740966797,480.8636169433594,0.27812500000000007,6.562489583333333e-05
,,,,,370350,470.0,2354,,,,,,
,,,,,370828,460.0,1930,,,,,,
,,,,,371000,,,6.630257606506348,74.13107299804688,74.55949401855469,321.7422180175781,0.2760625000000001,6.552072916666667e-05
,,,,,371447,2020.0,2498,,,,,,
,,,,,371935,360.0,1978,,,,,,
,,,,,372000,,,11.80087947845459,79.86100006103516,78.00741577148438,827.7046508789062,0.274,6.54165625e-05
,,,,,372752,2220.0,3282,,,,,,
,,,,,373000,,,508.5850524902344,72.23533630371094,76.42231750488281,1930.7410888671875,0.27193749999999994,6.531239583333333e-05
,,,,,373329,550.0,2330,,,,,,
,,,,,374000,,,664.8942260742188,82.08194732666016,88.23548889160156,3229.5478515625,0.269875,6.520822916666667e-05
,,,,,374337,940.0,4042,,,,,,
,,,,,374886,780.0,2210,,,,,,
,,,,,375000,,,14.187891960144043,82.2740478515625,83.55671691894531,686.1499633789062,0.2678125,6.510406250000001e-05
,,,,,375871,980.0,3962,,,,,,
,,,,,376000,,,189.64541625976562,69.56945037841797,72.17645263671875,1282.9227294921875,0.26574999999999993,6.499989583333334e-05
,,,,,376640,700.0,3074,,,,,,
,,,,,377000,,,26.217710494995117,75.08116149902344,75.07757568359375,679.1615600585938,0.26368749999999996,6.489572916666666e-05
,,,,,377079,350.0,1762,,,,,,
,,,,,377514,340.0,1754,,,,,,
,,,,,377931,350.0,1682,,,,,,
,,,,,378000,,,12.555549621582031,69.60194396972656,69.59909057617188,358.89495849609375,0.261625,6.47915625e-05
,,,,,378688,1540.0,3042,,,,,,
,,,,,379000,,,10.345558166503906,81.82579040527344,82.11164093017578,463.358154296875,0.25956250000000003,6.468739583333334e-05
,,,,,379309,840.0,2506,,,,,,
,,,,,379801,410.0,1994,,,,,,
508.0,112.67653,730.0,440.0,2691.6,380000,,,8.087888717651367,80.35115051269531,79.41249084472656,477.3685607910156,0.25750000000000006,6.458322916666667e-05
,,,,,380488,750.0,2754,,,,,,
,,,,,381000,,,22.315208435058594,76.61894226074219,77.00804138183594,619.4406127929688,0.2554375,6.44790625e-05
,,,,,381304,1600.0,3266,,,,,,
,,,,,382000,,,8.495454788208008,79.48545837402344,78.33175659179688,553.0701904296875,0.253375,6.437489583333334e-05
,,,,,382098,1150.0,3202,,,,,,
,,,,,383000,,,20.70136070251465,80.67843627929688,80.6537094116211,330.6325378417969,0.25131250000000005,6.427072916666668e-05
,,,,,383008,840.0,3666,,,,,,
,,,,,383755,680.0,3002,,,,,,
,,,,,384000,,,11.708501815795898,82.26499938964844,81.94022369384766,498.3157653808594,0.24925000000000008,6.416656250000001e-05
,,,,,384451,770.0,2810,,,,,,
,,,,,385000,,,8.81924057006836,90.36289978027344,88.80980682373047,632.6886596679688,0.2471875,6.406239583333334e-05
,,,,,385090,740.0,2578,,,,,,
,,,,,385986,1580.0,3602,,,,,,
,,,,,386000,,,500.2367248535156,72.79065704345703,76.50352478027344,2467.74755859375,0.24512500000000004,6.395822916666667e-05
,,,,,386723,1150.0,2962,,,,,,
,,,,,387000,,,15.763304710388184,83.2124252319336,80.7983169555664,1122.7122802734375,0.24306250000000007,6.38540625e-05
,,,,,387205,430.0,1938,,,,,,
,,,,,387768,590.0,2266,,,,,,
,,,,,388000,,,5.158565521240234,72.5532455444336,72.22245025634766,258.2939758300781,0.241,6.374989583333332e-05
,,,,,388263,420.0,2010,,,,,,
,,,,,389000,,,8.448512077331543,90.53860473632812,89.45445251464844,543.2257690429688,0.2389374999999999,6.364572916666667e-05
,,,,,389111,910.0,3410,,,,,,
,,,,,389886,1410.0,3114,,,,,,
684.0,62.641838,810.0,610.0,2298.0,390000,,,67.27157592773438,73.13240051269531,73.99357604980469,948.4993896484375,0.23687499999999995,6.354156250000001e-05
,,,,,390548,690.0,2658,,,,,,
,,,,,391000,,,13.883352279663086,74.9207763671875,73.15997314453125,740.6704711914062,0.23481249999999998,6.343739583333334e-05
,,,,,391330,690.0,3138,,,,,,
,,,,,392000,,,8.766677856445312,72.3988037109375,72.09288024902344,319.0286865234375,0.23275,6.333322916666667e-05
,,,,,392138,1240.0,3250,,,,,,
,,,,,392752,840.0,2482,,,,,,
,,,,,393000,,,4762.451171875,78.32698059082031,90.01303100585938,8374.3701171875,0.23068750000000005,6.322906250000001e-05
,,,,,393414,540.0,2650,,,,,,
,,,,,394000,,,11.641488075256348,75.0872802734375,75.10963439941406,441.39239501953125,0.22862499999999997,6.312489583333334e-05
,,,,,394197,1220.0,3146,,,,,,
,,,,,395000,,,12.110176086425781,77.21207427978516,76.74569702148438,578.76611328125,0.2265625,6.302072916666667e-05
,,,,,395007,1110.0,3258,,,,,,
,,,,,395751,960.0,2986,,,,,,
,,,,,396000,,,12.103524208068848,85.166748046875,82.92676544189453,973.6723022460938,0.22450000000000003,6.29165625e-05
,,,,,396490,770.0,2954,,,,,,
,,,,,397000,,,31.581188201904297,79.84416198730469,79.30662536621094,750.5308837890625,0.22243750000000007,6.281239583333334e-05
,,,,,397080,570.0,2386,,,,,,
,,,,,397838,1050.0,3050,,,,,,
,,,,,398000,,,8.414916038513184,84.21981811523438,83.99994659423828,374.5126953125,0.220375,6.270822916666668e-05
,,,,,398556,730.0,2882,,,,,,
,,,,,398959,430.0,1626,,,,,,
,,,,,399000,,,11.285040855407715,80.28385925292969,80.49510192871094,315.3265686035156,0.21831250000000002,6.26040625e-05
,,,,,399870,1040.0,3666,,,,,,
925.0,197.39554,1080.0,560.0,2911.6,400000,,,14.936668395996094,73.109619140625,74.0008544921875,582.175048828125,0.21625000000000005,6.249989583333334e-05
,,,,,400472,810.0,2418,,,,,,
,,,,,401000,,,9.043825149536133,75.48436737060547,74.12407684326172,484.06719970703125,0.2141875000000001,6.239572916666668e-05
,,,,,401194,940.0,2898,,,,,,
,,,,,401804,620.0,2458,,,,,,
,,,,,402000,,,59.05540466308594,88.5445556640625,89.8504638671875,774.9271240234375,0.212125,6.22915625e-05
,,,,,402450,680.0,2610,,,,,,
,,,,,403000,,,9.411453247070312,78.23685455322266,76.88423156738281,618.8523559570312,0.21006249999999993,6.218739583333333e-05
,,,,,403211,1020.0,3058,,,,,,
,,,,,404000,,,9.720802307128906,90.36619567871094,91.81375885009766,633.8223876953125,0.20799999999999996,6.208322916666666e-05
,,,,,404049,1890.0,3378,,,,,,
,,,,,404772,930.0,2922,,,,,,
,,,,,405000,,,7.93723201751709,88.21846008300781,87.81365966796875,353.36236572265625,0.2059375,6.19790625e-05
,,,,,405865,2060.0,4378,,,,,,
,,,,,406000,,,10.687564849853516,82.93590545654297,82.06678771972656,505.43853759765625,0.20387500000000003,6.187489583333333e-05
,,,,,406829,830.0,3858,,,,,,
,,,,,407000,,,5.198068141937256,73.32560729980469,72.27674865722656,353.056884765625,0.20181249999999995,6.177072916666666e-05
,,,,,407653,1110.0,3314,,,,,,
,,,,,408000,,,96.66759490966797,75.84043884277344,77.7790298461914,919.8182373046875,0.19974999999999998,6.16665625e-05
,,,,,408044,450.0,1578,,,,,,
,,,,,408843,1990.0,3202,,,,,,
,,,,,409000,,,9.038575172424316,90.50323486328125,90.6443862915039,353.059326171875,0.19768750000000002,6.156239583333335e-05
,,,,,409485,820.0,2578,,,,,,
715.0,231.82968,1050.0,430.0,2978.0,410000,,,8.491449356079102,76.33432006835938,75.77745056152344,337.3477478027344,0.19562500000000005,6.145822916666667e-05
,,,,,410471,1810.0,3970,,,,,,
,,,,,411000,,,9.9100341796875,80.28846740722656,79.73219299316406,405.3928527832031,0.19356249999999997,6.13540625e-05
,,,,,411843,1360.0,5506,,,,,,
,,,,,412000,,,7.326470375061035,78.63752746582031,78.6445083618164,443.2195129394531,0.1915,6.124989583333333e-05
,,,,,413000,,,1789.73046875,82.25841522216797,91.26212310791016,3983.638671875,0.18943750000000004,6.114572916666667e-05
,,,,,413294,1910.0,5834,,,,,,
,,,,,414000,,,13.107305526733398,77.28741455078125,76.74089050292969,402.6828308105469,0.18737500000000007,6.10415625e-05
,,,,,414078,1570.0,3138,,,,,,
,,,,,414772,880.0,2778,,,,,,
,,,,,415000,,,8.870134353637695,83.71571350097656,84.18856048583984,463.46331787109375,0.1853125,6.093739583333333e-05
,,,,,415446,860.0,2722,,,,,,
,,,,,416000,,,11.812829971313477,75.2278060913086,75.72006225585938,525.7200927734375,0.18325000000000002,6.083322916666667e-05
,,,,,416158,690.0,2850,,,,,,
,,,,,416735,870.0,2306,,,,,,
,,,,,417000,,,83.05313110351562,79.1545181274414,78.62384033203125,934.5946044921875,0.18118750000000006,6.07290625e-05
,,,,,417539,810.0,3242,,,,,,
,,,,,418000,,,15.246658325195312,90.13387298583984,90.1836166381836,452.7779235839844,0.17912499999999998,6.062489583333333e-05
,,,,,418371,2180.0,3346,,,,,,
,,,,,418797,540.0,1730,,,,,,
,,,,,419000,,,76.93685150146484,71.65431213378906,72.8255844116211,892.4779663085938,0.1770625,6.0520729166666666e-05
,,,,,419582,950.0,3154,,,,,,
1351.0,751.724,2260.0,630.0,2531.6,420000,,,10.943105697631836,81.30020141601562,81.68547821044922,477.9600830078125,0.17499999999999993,6.041656250000001e-05
,,,,,420410,1450.0,3338,,,,,,
,,,,,421000,,,5.450629234313965,80.64936828613281,79.55935668945312,390.32049560546875,0.17293749999999997,6.0312395833333336e-05
,,,,,421183,1030.0,3114,,,,,,
,,,,,422000,,,13.286188125610352,78.35850524902344,76.84439086914062,757.4391479492188,0.170875,6.0208229166666665e-05
,,,,,422029,1230.0,3410,,,,,,
,,,,,422835,1170.0,3242,,,,,,
,,,,,423000,,,504.80853271484375,83.71855163574219,87.02130126953125,2848.11083984375,0.16881250000000003,6.01040625e-05
,,,,,423659,960.0,3322,,,,,,
,,,,,424000,,,124.3591537475586,82.29097747802734,84.09504699707031,987.162841796875,0.16674999999999995,5.999989583333334e-05
,,,,,424517,1290.0,3450,,,,,,
,,,,,425000,,,12.569921493530273,81.50857543945312,82.41082763671875,664.21435546875,0.1646875,5.989572916666667e-05
,,,,,425138,870.0,2506,,,,,,
,,,,,426000,,,11.94658374786377,88.70342254638672,89.83636474609375,532.1657104492188,0.16262500000000002,5.97915625e-05
,,,,,426296,1500.0,4642,,,,,,
,,,,,427000,,,5.085550785064697,85.29679870605469,85.54241943359375,279.1761474609375,0.16056250000000005,5.9687395833333335e-05
,,,,,427217,1200.0,3706,,,,,,
,,,,,427852,1360.0,2562,,,,,,
,,,,,428000,,,3.8103530406951904,85.63117980957031,86.41098022460938,366.5397644042969,0.15849999999999997,5.958322916666668e-05
,,,,,428658,1240.0,3234,,,,,,
,,,,,429000,,,12.465354919433594,80.21063232421875,80.3777084350586,435.4898986816406,0.1564375,5.9479062500000005e-05
,,,,,429222,1300.0,2274,,,,,,
,,,,,429895,930.0,2698,,,,,,
987.0,117.81766,1120.0,780.0,3307.6,430000,,,9.00667953491211,72.18295288085938,71.86296844482422,376.19110107421875,0.15437500000000004,5.9374895833333334e-05
,,,,,430709,1110.0,3266,,,,,,
,,,,,431000,,,9.509795188903809,80.38766479492188,81.66464233398438,692.532470703125,0.15231250000000007,5.927072916666667e-05
,,,,,431514,1060.0,3226,,,,,,
,,,,,432000,,,11.93299674987793,74.44513702392578,73.68869018554688,447.99676513671875,0.1502500000000001,5.91665625e-05
,,,,,432488,1870.0,3922,,,,,,
,,,,,433000,,,7.556897163391113,81.17591094970703,80.90311431884766,313.62908935546875,0.14818749999999992,5.9062395833333326e-05
,,,,,433125,870.0,2554,,,,,,
,,,,,433838,1020.0,2874,,,,,,
,,,,,434000,,,14.50345516204834,82.33179473876953,82.11878967285156,428.26470947265625,0.14612499999999995,5.895822916666667e-05
,,,,,434647,880.0,3258,,,,,,
,,,,,435000,,,10.63070297241211,82.90996551513672,82.95640563964844,394.6726989746094,0.14406249999999998,5.8854062500000004e-05
,,,,,435814,1620.0,4690,,,,,,
,,,,,436000,,,17.292234420776367,79.42118072509766,79.63539123535156,563.6083374023438,0.14200000000000002,5.874989583333333e-05
,,,,,436546,980.0,2930,,,,,,
,,,,,437000,,,25.341840744018555,84.64350128173828,83.09953308105469,846.9879760742188,0.13993749999999994,5.864572916666666e-05
,,,,,437204,1020.0,2658,,,,,,
,,,,,437967,870.0,3058,,,,,,
,,,,,438000,,,6.664457321166992,84.5451431274414,83.48882293701172,475.5769958496094,0.13787499999999997,5.85415625e-05
,,,,,438856,970.0,3570,,,,,,
,,,,,439000,,,19.132688522338867,84.37547302246094,84.57635498046875,497.2093505859375,0.1358125,5.8437395833333345e-05
,,,,,439572,1650.0,2874,,,,,,
1440.0,553.31726,2510.0,1030.0,3203.6,440000,,,20.47509765625,86.16322326660156,85.4403076171875,578.0482788085938,0.13375000000000004,5.833322916666667e-05
,,,,,440242,990.0,2682,,,,,,
,,,,,440933,1020.0,2778,,,,,,
,,,,,441000,,,8.354866027832031,81.09463500976562,80.27496337890625,405.1585693359375,0.13168750000000007,5.8229062499999995e-05
,,,,,441641,760.0,2842,,,,,,
,,,,,442000,,,14.67029094696045,83.29714965820312,81.70697021484375,848.07763671875,0.129625,5.812489583333334e-05
,,,,,442479,1670.0,3378,,,,,,
,,,,,443000,,,20.078824996948242,87.70401000976562,89.17758178710938,704.406982421875,0.12756250000000002,5.802072916666668e-05
,,,,,443060,500.0,2330,,,,,,
,,,,,443770,1560.0,2842,,,,,,
,,,,,444000,,,46.501163482666016,85.99148559570312,84.46150207519531,802.4779052734375,0.12550000000000006,5.79165625e-05
,,,,,444432,910.0,2666,,,,,,
,,,,,445000,,,6.7437872886657715,88.57530975341797,88.37013244628906,283.5938720703125,0.12343750000000009,5.781239583333333e-05
,,,,,445226,990.0,3202,,,,,,
,,,,,446000,,,13.174885749816895,73.95279693603516,73.1160659790039,435.8947448730469,0.12137500000000001,5.770822916666667e-05
,,,,,446364,1660.0,4562,,,,,,
,,,,,447000,,,141.23609924316406,90.97254180908203,93.46175384521484,1222.1029052734375,0.11931250000000004,5.76040625e-05
,,,,,447203,1640.0,3378,,,,,,
,,,,,448000,,,85.20494842529297,85.82400512695312,88.48236083984375,1309.0802001953125,0.11724999999999997,5.749989583333333e-05
,,,,,448120,1190.0,3666,,,,,,
,,,,,448620,560.0,2026,,,,,,
,,,,,449000,,,9.43525505065918,80.76232147216797,80.29743957519531,458.76220703125,0.1151875,5.7395729166666664e-05
,,,,,449306,900.0,2770,,,,,,
881.0,432.35287,1910.0,460.0,2919.6,450000,,,6.165948867797852,64.44987487792969,64.87330627441406,334.480224609375,0.11312499999999992,5.7291562500000006e-05
,,,,,450323,1410.0,4090,,,,,,
,,,,,451000,,,14.050178527832031,85.82868957519531,84.65795135498047,742.081298828125,0.11106249999999995,5.7187395833333335e-05
,,,,,451182,1560.0,3466,,,,,,
,,,,,451914,1220.0,2954,,,,,,
,,,,,452000,,,21.035743713378906,81.13215637207031,80.44654846191406,575.70458984375,0.10899999999999999,5.7083229166666663e-05
,,,,,452404,600.0,1978,,,,,,
,,,,,452983,1280.0,2338,,,,,,
,,,,,453000,,,5.775339126586914,80.48579406738281,80.10250854492188,287.7579345703125,0.10693750000000002,5.6979062500000006e-05
,,,,,453660,1420.0,2714,,,,,,
,,,,,454000,,,4891.7138671875,91.22057342529297,102.84868621826172,5995.32861328125,0.10487500000000005,5.687489583333334e-05
,,,,,454306,690.0,2586,,,,,,
,,,,,454743,450.0,1754,,,,,,
,,,,,455000,,,10.297359466552734,74.11227416992188,73.32232666015625,647.0962524414062,0.10281249999999997,5.677072916666667e-05
,,,,,455389,580.0,2586,,,,,,
,,,,,456000,,,11.75191879272461,79.76821899414062,79.64346313476562,388.8862609863281,0.10075,5.66665625e-05
,,,,,456062,1010.0,2698,,,,,,
,,,,,456726,1360.0,2682,,,,,,
,,,,,457000,,,9.081645965576172,81.89958190917969,82.3419189453125,465.3447265625,0.09868750000000004,5.656239583333334e-05
,,,,,457524,1360.0,3194,,,,,,
,,,,,458000,,,75.52542877197266,92.68380737304688,93.38484191894531,840.9407348632812,0.09662500000000007,5.6458229166666675e-05
,,,,,458164,1080.0,2578,,,,,,
,,,,,458928,1190.0,3082,,,,,,
,,,,,459000,,,6.771937370300293,78.78675079345703,78.45285034179688,286.57171630859375,0.0945625,5.6354062500000004e-05
,,,,,459659,1480.0,2922,,,,,,
865.0,222.90132,1290.0,620.0,2678.8,460000,,,7.204302787780762,95.79554748535156,94.9621810913086,399.52227783203125,0.09250000000000003,5.624989583333333e-05
,,,,,460272,760.0,2450,,,,,,
,,,,,461000,,,6.80312442779541,98.15567779541016,98.78621673583984,391.0919494628906,0.09043750000000006,5.6145729166666675e-05
,,,,,461084,1550.0,3266,,,,,,
,,,,,461547,560.0,1858,,,,,,
,,,,,462000,,,465.8390197753906,77.69180297851562,81.58561706542969,1604.4967041015625,0.08837500000000009,5.60415625e-05
,,,,,462157,650.0,2466,,,,,,
,,,,,462826,920.0,2698,,,,,,
,,,,,463000,,,14.264232635498047,79.79113006591797,79.22067260742188,506.1506042480469,0.0863124999999999,5.5937395833333325e-05
,,,,,463308,600.0,1946,,,,,,
,,,,,463833,550.0,2106,,,,,,
,,,,,464000,,,15.561777114868164,84.50717163085938,84.02748107910156,443.3651123046875,0.08424999999999994,5.583322916666667e-05
,,,,,464339,480.0,2050,,,,,,
,,,,,464916,740.0,2330,,,,,,
,,,,,465000,,,47.65363311767578,83.70124816894531,84.59330749511719,729.8939819335938,0.08218749999999997,5.572906250000001e-05
,,,,,465764,1420.0,3402,,,,,,
,,,,,466000,,,16.649869918823242,95.97620391845703,96.47785949707031,470.738525390625,0.080125,5.562489583333334e-05
,,,,,466390,580.0,2514,,,,,,
,,,,,467000,,,5.195121765136719,84.20619201660156,84.23960876464844,343.66314697265625,0.07806250000000003,5.5520729166666666e-05
,,,,,467085,850.0,2802,,,,,,
,,,,,468000,,,24.611831665039062,81.28804779052734,80.60699462890625,556.8052368164062,0.07599999999999996,5.54165625e-05
,,,,,468090,2020.0,4034,,,,,,
,,,,,468584,520.0,2002,,,,,,
,,,,,469000,,,8.512680053710938,83.5456771850586,82.94652557373047,427.70635986328125,0.07393749999999999,5.5312395833333344e-05
,,,,,469206,610.0,2498,,,,,,
751.0,176.37744,1140.0,620.0,2423.6,470000,,,5420.294921875,92.52584075927734,107.34770202636719,7111.2734375,0.07187500000000002,5.520822916666667e-05
,,,,,470222,1730.0,4082,,,,,,
,,,,,471000,,,17.53086280822754,96.31451416015625,97.49327087402344,688.3504028320312,0.06981250000000006,5.51040625e-05
,,,,,471010,1250.0,3162,,,,,,
,,,,,472000,,,7.415344715118408,81.31819152832031,80.2297592163086,531.9978637695312,0.06774999999999998,5.4999895833333336e-05
,,,,,472036,1350.0,4122,,,,,,
,,,,,472546,610.0,2066,,,,,,
,,,,,473000,,,15.940045356750488,96.04839324951172,94.56986236572266,798.8554077148438,0.06568750000000001,5.489572916666668e-05
,,,,,473242,3960.0,2794,,,,,,
,,,,,473790,970.0,2218,,,,,,
,,,,,474000,,,9.613021850585938,93.48233032226562,94.51506042480469,666.946044921875,0.06362500000000004,5.4791562500000007e-05
,,,,,474623,930.0,3354,,,,,,
,,,,,475000,,,5.911408424377441,88.15243530273438,87.91053009033203,355.0074768066406,0.061562500000000075,5.4687395833333335e-05
,,,,,475192,780.0,2291,,,,,,
,,,,,475814,800.0,2490,,,,,,
,,,,,476000,,,14.833236694335938,90.78116607666016,89.82565307617188,660.6871948242188,0.0595,5.458322916666667e-05
,,,,,476674,830.0,3450,,,,,,
,,,,,477000,,,1194.2425537109375,82.59837341308594,89.79191589355469,4328.857421875,0.05743750000000003,5.44790625e-05
,,,,,477177,480.0,2018,,,,,,
,,,,,477898,890.0,2906,,,,,,
,,,,,478000,,,13.484880447387695,90.71448516845703,89.98384094238281,615.8218383789062,0.05537499999999995,5.437489583333333e-05
,,,,,478688,1280.0,3186,,,,,,
,,,,,479000,,,12.30877685546875,90.46940612792969,90.64044189453125,487.01904296875,0.053312499999999985,5.427072916666667e-05
,,,,,479222,880.0,2138,,,,,,
,,,,,479907,760.0,2762,,,,,,
909.0,43.231934,930.0,780.0,3285.2,480000,,,15.085729598999023,88.38525390625,88.91587829589844,536.8241577148438,0.05125000000000002,5.4166562500000005e-05
,,,,,480763,1380.0,3434,,,,,,
,,,,,481000,,,461.30804443359375,86.33637237548828,88.24742126464844,2432.68994140625,0.04918749999999994,5.4062395833333333e-05
,,,,,481393,680.0,2546,,,,,,
,,,,,482000,,,3.875176191329956,87.26322174072266,86.9388427734375,236.4719696044922,0.04712499999999997,5.395822916666666e-05
,,,,,482206,1430.0,3258,,,,,,
,,,,,483000,,,10.790199279785156,90.0767593383789,89.50719451904297,459.8968505859375,0.045062500000000005,5.3854062500000004e-05
,,,,,483023,900.0,3290,,,,,,
,,,,,484000,,,13.101326942443848,91.46509552001953,91.25617980957031,555.31640625,0.04300000000000004,5.374989583333334e-05
,,,,,484154,1450.0,4538,,,,,,
,,,,,484948,2210.0,3186,,,,,,
,,,,,485000,,,6.038663864135742,86.98323059082031,86.74341583251953,325.6720275878906,0.04093749999999996,5.364572916666667e-05
,,,,,485640,1440.0,2786,,,,,,
,,,,,486000,,,12.853133201599121,92.48613739013672,92.36034393310547,439.0730895996094,0.03887499999999999,5.3541562499999996e-05
,,,,,486251,630.0,2442,,,,,,
,,,,,486802,480.0,2226,,,,,,
,,,,,487000,,,18.106250762939453,84.45449829101562,85.74126434326172,746.8876953125,0.036812500000000026,5.343739583333334e-05
,,,,,487464,1000.0,2658,,,,,,
,,,,,488000,,,9.761865615844727,99.820068359375,99.25525665283203,440.5680847167969,0.03475000000000006,5.3333229166666674e-05
,,,,,488198,1700.0,2938,,,,,,
,,,,,488929,1630.0,2930,,,,,,
,,,,,489000,,,22.169689178466797,87.67344665527344,87.5271224975586,585.6759643554688,0.03268750000000009,5.32290625e-05
,,,,,489712,920.0,3154,,,,,,
1291.0,472.36533,2150.0,640.0,3193.2,490000,,,16.64879035949707,90.48348999023438,88.93310546875,854.9496459960938,0.030625000000000013,5.312489583333333e-05
,,,,,490501,940.0,3178,,,,,,
,,,,,491000,,,15.598666191101074,95.9649429321289,96.71790313720703,748.6395874023438,0.028562500000000046,5.302072916666667e-05
,,,,,491603,1610.0,4410,,,,,,
,,,,,492000,,,6.40808629989624,95.93290710449219,95.60472106933594,355.55145263671875,0.02650000000000008,5.29165625e-05
,,,,,492335,770.0,2930,,,,,,
,,,,,492874,720.0,2178,,,,,,
,,,,,493000,,,25.695556640625,86.11429595947266,86.93022155761719,624.1122436523438,0.0244375,5.281239583333333e-05
,,,,,494000,,,23.508893966674805,85.67145538330078,86.10750579833984,402.8796691894531,0.022374999999999923,5.2708229166666665e-05
,,,,,494163,1380.0,5170,,,,,,
,,,,,495000,,,14.513656616210938,93.19744873046875,91.6697769165039,745.98486328125,0.020312499999999956,5.260406250000001e-05
,,,,,495323,2270.0,4642,,,,,,
,,,,,496000,,,19.55569839477539,79.77171325683594,80.09236145019531,587.4293823242188,0.01824999999999999,5.2499895833333336e-05
,,,,,496473,1590.0,4610,,,,,,
,,,,,497000,,,536.4116821289062,77.08160400390625,81.29580688476562,1880.7205810546875,0.01618750000000002,5.2395729166666665e-05
,,,,,497031,620.0,2250,,,,,,
,,,,,497697,790.0,2690,,,,,,
,,,,,498000,,,11.200445175170898,89.658447265625,87.85271453857422,795.3973999023438,0.014124999999999943,5.22915625e-05
,,,,,498307,770.0,2450,,,,,,
,,,,,498912,940.0,2442,,,,,,
,,,,,499000,,,19.178207397460938,102.79534912109375,102.02825927734375,755.6718139648438,0.012062499999999976,5.218739583333334e-05
,,,,,499529,1420.0,2466,,,,,,
1030.0,34.641018,1060.0,970.0,3007.6,500000,,,4.895533561706543,93.5931396484375,92.39598083496094,555.061767578125,0.01,5.208322916666667e-05
,,,,,500283,2330.0,3018,,,,,,
,,,,,501000,,,546.9849853515625,96.15547180175781,99.0545425415039,3167.451416015625,0.01,5.19790625e-05
,,,,,501069,660.0,3146,,,,,,
,,,,,501474,490.0,1626,,,,,,
,,,,,502000,,,25.584056854248047,92.278076171875,93.27251434326172,1313.19580078125,0.01,5.1874895833333334e-05
,,,,,502272,1690.0,3210,,,,,,
,,,,,503000,,,464.1131286621094,94.21094512939453,96.79635620117188,1692.7119140625,0.01,5.1770729166666677e-05
,,,,,503151,1940.0,3538,,,,,,
,,,,,503795,1520.0,2602,,,,,,
,,,,,504000,,,15.667020797729492,92.09327697753906,92.61500549316406,517.2604370117188,0.01,5.1666562500000005e-05
,,,,,504443,1200.0,2610,,,,,,
,,,,,505000,,,12.269179344177246,83.31424713134766,83.91877746582031,537.9058837890625,0.01,5.1562395833333334e-05
,,,,,505671,2340.0,4930,,,,,,
,,,,,506000,,,19.22136878967285,83.47003173828125,81.3857192993164,1131.3818359375,0.01,5.145822916666667e-05
,,,,,506270,1100.0,2402,,,,,,
,,,,,506983,2230.0,2866,,,,,,
,,,,,507000,,,15.00143051147461,85.5527114868164,83.95496368408203,830.8612060546875,0.01,5.13540625e-05
,,,,,507718,1070.0,2954,,,,,,
,,,,,508000,,,13.143660545349121,93.31645202636719,94.6061019897461,676.7733764648438,0.01,5.1249895833333326e-05
,,,,,508638,2490.0,3698,,,,,,
,,,,,509000,,,473.3228759765625,94.835693359375,97.48751831054688,1834.723876953125,0.01,5.114572916666667e-05
,,,,,509365,2150.0,2922,,,,,,
1458.0,761.404,2370.0,700.0,2858.0,510000,,,7.760008811950684,84.37498474121094,84.53685760498047,354.1190490722656,0.01,5.1041562500000003e-05
,,,,,510183,2810.0,3290,,,,,,
,,,,,510846,1480.0,2658,,,,,,
,,,,,511000,,,1191.17236328125,93.48713684082031,99.025146484375,3803.895751953125,0.01,5.093739583333333e-05
,,,,,511833,990.0,3954,,,,,,
,,,,,512000,,,32.64432144165039,84.07078552246094,86.51368713378906,1258.3509521484375,0.01,5.083322916666666e-05
,,,,,512352,560.0,2106,,,,,,
,,,,,512820,490.0,1882,,,,,,
,,,,,513000,,,10.278183937072754,93.80843353271484,93.03400421142578,441.4356384277344,0.01,5.07290625e-05
,,,,,513395,660.0,2306,,,,,,
,,,,,513913,590.0,2082,,,,,,
,,,,,514000,,,17.831192016601562,90.03699493408203,88.50648498535156,744.2796630859375,0.01,5.062489583333334e-05
,,,,,514636,920.0,2914,,,,,,
,,,,,515000,,,19.78483009338379,81.96469116210938,83.40174102783203,774.1431884765625,0.01,5.0520729166666667e-05
,,,,,515730,1540.0,4394,,,,,,
,,,,,516000,,,20.49859619140625,85.7828598022461,84.63015747070312,1031.598388671875,0.01,5.0416562499999995e-05
,,,,,516516,1830.0,3146,,,,,,
,,,,,517000,,,16.289020538330078,96.47976684570312,96.30558776855469,502.84173583984375,0.01,5.031239583333334e-05
,,,,,517546,1780.0,4122,,,,,,
,,,,,518000,,,8.618927001953125,92.44892883300781,92.40626525878906,394.48187255859375,0.01,5.020822916666668e-05
,,,,,518239,1300.0,2778,,,,,,
,,,,,518788,740.0,2218,,,,,,
,,,,,519000,,,14.541584014892578,82.46063232421875,83.13386535644531,571.0304565429688,0.01,5.01040625e-05
,,,,,519227,470.0,1778,,,,,,
,,,,,519934,1070.0,2834,,,,,,
1319.0,225.27539,1490.0,880.0,2914.8,520000,,,11.7178955078125,95.07950592041016,95.3639907836914,424.3297119140625,0.01,5e-05
,,,,,520493,700.0,2242,,,,,,
,,,,,521000,,,25.458194732666016,106.78543090820312,106.16329193115234,723.3671264648438,0.01,5e-05
,,,,,521297,1480.0,3242,,,,,,
,,,,,522000,,,15.812700271606445,101.28485870361328,99.44428253173828,947.4778442382812,0.01,5e-05
,,,,,522180,2740.0,3554,,,,,,
,,,,,522792,850.0,2474,,,,,,
,,,,,523000,,,17.369064331054688,99.97940063476562,100.56706237792969,637.9774169921875,0.01,5e-05
,,,,,523578,1440.0,3170,,,,,,
,,,,,524000,,,6.660895347595215,91.60920715332031,90.77141571044922,622.103271484375,0.01,5e-05
,,,,,524176,470.0,2418,,,,,,
,,,,,524911,2190.0,2954,,,,,,
,,,,,525000,,,136.5164794921875,88.95710754394531,91.20732879638672,1222.4180908203125,0.01,5e-05
,,,,,525858,1130.0,3810,,,,,,
,,,,,526000,,,12.778820991516113,109.22770690917969,109.5706558227539,605.2744750976562,0.01,5e-05
,,,,,526826,1480.0,3874,,,,,,
,,,,,527000,,,5.045531272888184,96.3724136352539,95.36480712890625,469.9913024902344,0.01,5e-05
,,,,,527467,1250.0,2570,,,,,,
,,,,,528000,,,14.596460342407227,91.35074615478516,92.1709213256836,692.2124633789062,0.01,5e-05
,,,,,528111,1400.0,2586,,,,,,
,,,,,528818,900.0,2834,,,,,,
,,,,,529000,,,11.711984634399414,99.55854797363281,99.21084594726562,471.68109130859375,0.01,5e-05
,,,,,529534,1120.0,2882,,,,,,
1210.0,451.7743,1900.0,900.0,2952.4,530000,,,7.738594055175781,91.24547576904297,91.73149108886719,472.6319885253906,0.01,5e-05
,,,,,530285,1090.0,3034,,,,,,
,,,,,531000,,,625.8270874023438,95.98959350585938,100.44281768798828,2135.880615234375,0.01,5e-05
,,,,,531008,1130.0,2906,,,,,,
,,,,,532000,,,9.621817588806152,94.33103942871094,93.6883544921875,514.9280395507812,0.01,5e-05
,,,,,532027,1080.0,4106,,,,,,
,,,,,532549,640.0,2114,,,,,,
,,,,,533000,,,10.900851249694824,91.64451599121094,91.3290023803711,500.68304443359375,0.01,5e-05
,,,,,533303,1050.0,3026,,,,,,
,,,,,534000,,,6.93980073928833,102.5584716796875,102.35057067871094,370.1925048828125,0.01,5e-05
,,,,,534344,1800.0,4194,,,,,,
,,,,,534979,890.0,2554,,,,,,
,,,,,535000,,,17.38568115234375,112.13580322265625,112.77104949951172,781.4078369140625,0.01,5e-05
,,,,,535695,1020.0,2882,,,,,,
,,,,,536000,,,10.37618350982666,94.4711685180664,95.34777069091797,656.1785278320312,0.01,5e-05
,,,,,536318,900.0,2498,,,,,,
,,,,,536897,710.0,2330,,,,,,
,,,,,537000,,,6.587038040161133,92.29724884033203,91.73277282714844,478.16546630859375,0.01,5e-05
,,,,,537456,730.0,2242,,,,,,
,,,,,538000,,,21.792964935302734,98.76869201660156,97.7774658203125,677.539306640625,0.01,5e-05
,,,,,538098,940.0,2570,,,,,,
,,,,,538872,1370.0,3098,,,,,,
,,,,,539000,,,79.66912078857422,101.63092041015625,103.11862182617188,1234.65625,0.01,5e-05
,,,,,539630,1360.0,3050,,,,,,
1132.0,238.27715,1380.0,810.0,2781.2,540000,,,1248.523681640625,95.52023315429688,101.34521484375,4277.98974609375,0.01,5e-05
,,,,,540645,1650.0,4082,,,,,,
,,,,,541000,,,12.020883560180664,96.58088684082031,96.22998046875,510.2015075683594,0.01,5e-05
,,,,,541276,1080.0,2530,,,,,,
,,,,,541991,720.0,2882,,,,,,
,,,,,542000,,,20.120759963989258,91.8852310180664,92.89295196533203,771.6067504882812,0.01,5e-05
,,,,,542612,980.0,2490,,,,,,
,,,,,543000,,,13.843989372253418,93.00960540771484,92.69479370117188,593.4994506835938,0.01,5e-05
,,,,,543345,980.0,2954,,,,,,
,,,,,543863,680.0,2082,,,,,,
,,,,,544000,,,11.190624237060547,106.49789428710938,105.84947204589844,532.7363891601562,0.01,5e-05
,,,,,544543,650.0,2738,,,,,,
,,,,,545000,,,8.47895622253418,102.23654174804688,101.41004943847656,537.7611694335938,0.01,5e-05
,,,,,545267,950.0,2898,,,,,,
,,,,,546000,,,4752.587890625,107.58956909179688,118.85231018066406,8387.810546875,0.01,5e-05
,,,,,546305,1390.0,4154,,,,,,
,,,,,546865,580.0,2258,,,,,,
,,,,,547000,,,11.714827537536621,99.703857421875,99.46392822265625,632.89501953125,0.01,5e-05
,,,,,547447,710.0,2338,,,,,,
,,,,,548000,,,17.2745361328125,91.36978149414062,92.96134948730469,929.222900390625,0.01,5e-05
,,,,,548372,1840.0,3714,,,,,,
,,,,,549000,,,15.636848449707031,97.25709533691406,96.64884948730469,684.185791015625,0.01,5e-05
,,,,,549166,1560.0,3186,,,,,,
,,,,,549934,1110.0,3090,,,,,,
851.0,189.54947,1030.0,550.0,2575.6,550000,,,245.5574951171875,101.60848999023438,103.93885803222656,1510.5810546875,0.01,5e-05
,,,,,550544,970.0,2466,,,,,,
,,,,,551000,,,7.485187530517578,99.57884216308594,98.83454132080078,529.15673828125,0.01,5e-05
,,,,,551488,950.0,3794,,,,,,
,,,,,552000,,,10.95882797241211,88.93659210205078,88.20750427246094,459.21832275390625,0.01,5e-05
,,,,,552109,810.0,2490,,,,,,
,,,,,552763,730.0,2642,,,,,,
,,,,,553000,,,80.25765991210938,92.22116088867188,92.89370727539062,901.5286254882812,0.01,5e-05
,,,,,553402,1370.0,2562,,,,,,
,,,,,554000,,,4726.984375,98.81816864013672,108.76748657226562,10846.349609375,0.01,5e-05
,,,,,554112,940.0,2866,,,,,,
,,,,,554786,1430.0,2706,,,,,,
,,,,,555000,,,16.98941421508789,98.63087463378906,100.35309600830078,939.6713256835938,0.01,5e-05
,,,,,555252,520.0,1866,,,,,,
,,,,,556000,,,18.768367767333984,104.9093246459961,104.97689819335938,522.3573608398438,0.01,5e-05
,,,,,556067,1250.0,3258,,,,,,
,,,,,557000,,,23.815027236938477,98.07954406738281,97.29116821289062,784.5477294921875,0.01,5e-05
,,,,,557051,3760.0,3946,,,,,,
,,,,,557860,850.0,3258,,,,,,
,,,,,558000,,,24.283876419067383,92.72708892822266,94.67961883544922,1111.9910888671875,0.01,5e-05
,,,,,558890,3170.0,4138,,,,,,
,,,,,559000,,,9.600085258483887,97.70831298828125,97.76921081542969,517.8490600585938,0.01,5e-05
,,,,,559390,660.0,2002,,,,,,
1039.0,169.02367,1510.0,940.0,3001.2,560000,,,54.97146224975586,94.54241180419922,95.30030822753906,1075.1044921875,0.01,5e-05
,,,,,560065,890.0,2698,,,,,,
,,,,,560962,930.0,3602,,,,,,
,,,,,561000,,,7.642313003540039,106.30018615722656,105.2144775390625,541.068359375,0.01,5e-05
,,,,,561626,2040.0,2658,,,,,,
,,,,,562000,,,23.017993927001953,108.94859313964844,109.3492202758789,820.9715576171875,0.01,5e-05
,,,,,562273,1170.0,2594,,,,,,
,,,,,563000,,,62.2060546875,99.59162902832031,101.59525299072266,1158.6754150390625,0.01,5e-05
,,,,,563207,3120.0,3754,,,,,,
,,,,,563931,1210.0,2914,,,,,,
,,,,,564000,,,26.659996032714844,104.88091278076172,104.13448333740234,742.5262451171875,0.01,5e-05
,,,,,564387,660.0,1834,,,,,,
,,,,,565000,,,9.554448127746582,95.54996490478516,94.00177764892578,748.3992309570312,0.01,5e-05
,,,,,565264,1090.0,3514,,,,,,
,,,,,566000,,,621.6981201171875,107.18742370605469,110.99073028564453,2135.954833984375,0.01,5e-05
,,,,,566009,650.0,3002,,,,,,
,,,,,566599,670.0,2378,,,,,,
,,,,,567000,,,14.399116516113281,106.38862609863281,105.06038665771484,1004.0731811523438,0.01,5e-05
,,,,,567355,1890.0,3050,,,,,,
,,,,,568000,,,14.600082397460938,112.55534362792969,113.56639099121094,844.729736328125,0.01,5e-05
,,,,,568028,1040.0,2714,,,,,,
,,,,,568558,610.0,2138,,,,,,
,,,,,569000,,,21.602909088134766,103.66153717041016,102.8994140625,760.741943359375,0.01,5e-05
,,,,,569004,710.0,1810,,,,,,
,,,,,569617,3970.0,2458,,,,,,
1065.0,770.9118,2220.0,480.0,2069.2,570000,,,21.471710205078125,91.36422729492188,91.34294128417969,812.259521484375,0.01,5e-05
,,,,,570461,1770.0,3386,,,,,,
,,,,,571000,,,11.472521781921387,108.63441467285156,108.22199249267578,560.9490356445312,0.01,5e-05
,,,,,571371,1560.0,3642,,,,,,
,,,,,572000,,,41.558170318603516,93.73744201660156,95.43266296386719,853.69287109375,0.01,5e-05
,,,,,572035,690.0,2666,,,,,,
,,,,,572511,590.0,1914,,,,,,
,,,,,573000,,,10.402081489562988,107.2943115234375,107.59684753417969,546.6292114257812,0.01,5e-05
,,,,,573048,1020.0,2162,,,,,,
,,,,,573948,1900.0,3602,,,,,,
,,,,,574000,,,24.105335235595703,90.2432861328125,90.35587310791016,1043.12548828125,0.01,5e-05
,,,,,574695,1930.0,3010,,,,,,
,,,,,575000,,,24.082717895507812,116.51435852050781,115.81857299804688,748.8986206054688,0.01,5e-05
,,,,,575276,1040.0,2346,,,,,,
,,,,,576000,,,136.0503387451172,94.13044738769531,95.18360137939453,1287.109619140625,0.01,5e-05
,,,,,576057,1890.0,3130,,,,,,
,,,,,576688,1270.0,2546,,,,,,
,,,,,577000,,,14.103019714355469,97.45466613769531,98.65538787841797,709.601806640625,0.01,5e-05
,,,,,577374,750.0,2770,,,,,,
,,,,,578000,,,23.23096466064453,103.05052185058594,99.69819641113281,2017.9986572265625,0.01,5e-05
,,,,,578283,1420.0,3658,,,,,,
,,,,,578861,980.0,2314,,,,,,
,,,,,579000,,,15.682771682739258,93.47557067871094,91.61125183105469,947.2491455078125,0.01,5e-05
,,,,,579614,1040.0,3042,,,,,,
1044.0,175.79533,1360.0,880.0,3202.0,580000,,,19.90359115600586,104.48897552490234,103.90288543701172,779.1310424804688,0.01,5e-05
,,,,,580612,1490.0,4002,,,,,,
,,,,,581000,,,26.23032569885254,94.88176727294922,91.78507995605469,1801.5045166015625,0.01,5e-05
,,,,,581378,1040.0,3074,,,,,,
,,,,,582000,,,5.576130390167236,99.56008911132812,99.5914535522461,384.2799377441406,0.01,5e-05
,,,,,582184,1360.0,3234,,,,,,
,,,,,583000,,,23.392881393432617,134.25816345214844,132.6568603515625,1067.3023681640625,0.01,5e-05
,,,,,583106,1300.0,3706,,,,,,
,,,,,583945,1590.0,3378,,,,,,
,,,,,584000,,,8.126230239868164,103.87118530273438,103.35718536376953,428.3784484863281,0.01,5e-05
,,,,,584521,1310.0,2306,,,,,,
,,,,,585000,,,16.738243103027344,109.9666519165039,109.57093811035156,677.6049194335938,0.01,5e-05
,,,,,585377,2380.0,3426,,,,,,
,,,,,586000,,,593.1615600585938,121.48458862304688,124.19802856445312,2138.176025390625,0.01,5e-05
,,,,,586049,840.0,2690,,,,,,
,,,,,586895,1140.0,3386,,,,,,
,,,,,587000,,,10.312849044799805,109.94697570800781,110.74003601074219,639.2850341796875,0.01,5e-05
,,,,,587811,1020.0,3682,,,,,,
,,,,,588000,,,13.524408340454102,100.98173522949219,102.63294982910156,844.6492919921875,0.01,5e-05
,,,,,588457,1040.0,2602,,,,,,
,,,,,589000,,,20.806575775146484,114.74581909179688,115.98101043701172,1098.5657958984375,0.01,5e-05
,,,,,589105,930.0,2610,,,,,,
,,,,,589811,1900.0,2850,,,,,,
1155.0,190.48622,1310.0,870.0,3143.6,590000,,,25.26430892944336,111.56044006347656,111.28953552246094,702.807861328125,0.01,5e-05
,,,,,590758,2050.0,3786,,,,,,
,,,,,591000,,,72.81123352050781,104.99919128417969,106.3901596069336,1254.2669677734375,0.01,5e-05
,,,,,591455,1000.0,2810,,,,,,
,,,,,592000,,,29.41463851928711,107.45976257324219,108.4288101196289,1037.0540771484375,0.01,5e-05
,,,,,592229,1100.0,3106,,,,,,
,,,,,592759,740.0,2138,,,,,,
,,,,,593000,,,27.591344833374023,95.56095123291016,94.92842102050781,818.311279296875,0.01,5e-05
,,,,,593559,1610.0,3202,,,,,,
,,,,,594000,,,11.849103927612305,89.53507995605469,89.24250030517578,547.3760986328125,0.01,5e-05
,,,,,594158,1200.0,2418,,,,,,
,,,,,595000,,,23.368282318115234,95.85192108154297,97.36695861816406,1174.89111328125,0.01,5e-05
,,,,,595300,1930.0,4578,,,,,,
,,,,,596000,,,24.182809829711914,107.20110321044922,108.06229400634766,733.8583984375,0.01,5e-05
,,,,,596464,1760.0,4674,,,,,,
,,,,,597000,,,27.135332107543945,115.83401489257812,115.21497344970703,1352.2515869140625,0.01,5e-05
,,,,,597120,850.0,2634,,,,,,
,,,,,597877,1370.0,3050,,,,,,
,,,,,598000,,,34.52050018310547,103.68940734863281,105.16490173339844,1257.7471923828125,0.01,5e-05
,,,,,598630,1580.0,3026,,,,,,
,,,,,599000,,,4919.69384765625,101.24795532226562,114.27069854736328,9906.6240234375,0.01,5e-05
,,,,,599492,1670.0,3458,,,,,,
,,,,,599969,790.0,1922,,,,,,
945.0,281.46936,1330.0,630.0,2774.0,600000,,,1272.739013671875,111.65974426269531,118.18360900878906,4987.572265625,0.01,5e-05
,,,,,600954,1660.0,3946,,,,,,
,,,,,601000,,,14.569198608398438,90.43313598632812,91.97410583496094,899.1748046875,0.01,5e-05
,,,,,601846,1540.0,3570,,,,,,
,,,,,602000,,,14.289132118225098,119.8724136352539,119.88115692138672,609.356201171875,0.01,5e-05
,,,,,602667,2360.0,3298,,,,,,
,,,,,603000,,,21.668415069580078,104.87459564208984,106.85050201416016,1116.131591796875,0.01,5e-05
,,,,,603384,1140.0,2890,,,,,,
,,,,,604000,,,54.935699462890625,93.95420837402344,90.48530578613281,2239.202880859375,0.01,5e-05
,,,,,604188,1420.0,3234,,,,,,
,,,,,605000,,,186.64053344726562,122.05486297607422,124.53167724609375,1406.3525390625,0.01,5e-05
,,,,,605008,1440.0,3298,,,,,,
,,,,,605919,1270.0,3650,,,,,,
,,,,,606000,,,23.877281188964844,113.40716552734375,111.88153076171875,1105.282470703125,0.01,5e-05
,,,,,606654,1590.0,2962,,,,,,
,,,,,607000,,,11.387496948242188,103.16015625,104.51207733154297,728.2017822265625,0.01,5e-05
,,,,,607428,1180.0,3098,,,,,,
,,,,,608000,,,1061.3553466796875,92.91228485107422,99.03059387207031,4815.67822265625,0.01,5e-05
,,,,,608149,1180.0,2890,,,,,,
,,,,,609000,,,10.365716934204102,114.82530212402344,114.26040649414062,499.5368957519531,0.01,5e-05
,,,,,609006,870.0,3434,,,,,,
,,,,,609833,4260.0,3306,,,,,,
1213.0,164.56306,1520.0,1070.0,3397.2,610000,,,17.298622131347656,101.64688873291016,101.69303894042969,707.058837890625,0.01,5e-05
,,,,,610419,810.0,2370,,,,,,
,,,,,611000,,,29.06281852722168,102.65744018554688,104.17205810546875,1116.558349609375,0.01,5e-05
,,,,,611236,1430.0,3282,,,,,,
,,,,,612000,,,8.408148765563965,99.44061279296875,99.45709228515625,482.0462646484375,0.01,5e-05
,,,,,612007,1210.0,3090,,,,,,
,,,,,612871,1310.0,3482,,,,,,
,,,,,613000,,,182.80624389648438,115.61302185058594,118.12348937988281,1640.87255859375,0.01,5e-05
,,,,,613348,570.0,1922,,,,,,
,,,,,614000,,,14.995383262634277,99.70236206054688,98.56690979003906,885.75341796875,0.01,5e-05
,,,,,614187,2280.0,3354,,,,,,
,,,,,614854,1250.0,2698,,,,,,
,,,,,615000,,,11.859983444213867,104.60225677490234,103.83221435546875,505.49603271484375,0.01,5e-05
,,,,,615471,1000.0,2490,,,,,,
,,,,,616000,,,20.11248016357422,107.32638549804688,106.22637176513672,871.6010131835938,0.01,5e-05
,,,,,616209,1750.0,2962,,,,,,
,,,,,616700,860.0,1978,,,,,,
,,,,,617000,,,11.161182403564453,108.05595397949219,107.0904312133789,730.6981811523438,0.01,5e-05
,,,,,617155,490.0,1834,,,,,,
,,,,,618000,,,180.5154266357422,113.49063873291016,115.44888305664062,1463.253173828125,0.01,5e-05
,,,,,618041,1330.0,3554,,,,,,
,,,,,618877,1640.0,3346,,,,,,
,,,,,619000,,,18.000308990478516,108.87861633300781,110.17193603515625,780.8560791015625,0.01,5e-05
,,,,,619686,1430.0,3242,,,,,,
1600.0,220.72607,1730.0,1160.0,3446.8,620000,,,10.051154136657715,113.520263671875,113.45307922363281,535.6761474609375,0.01,5e-05
,,,,,620327,990.0,2570,,,,,,
,,,,,621000,,,17.055448532104492,126.70906829833984,125.4522705078125,869.9190673828125,0.01,5e-05
,,,,,621171,1210.0,3394,,,,,,
,,,,,622000,,,928.21484375,108.29132080078125,116.90364837646484,4553.62841796875,0.01,5e-05
,,,,,622150,1300.0,3938,,,,,,
,,,,,622859,1240.0,2858,,,,,,
,,,,,623000,,,7.461012840270996,114.26748657226562,114.01203918457031,445.84417724609375,0.01,5e-05
,,,,,623707,1780.0,3410,,,,,,
,,,,,624000,,,21.510276794433594,111.96942138671875,113.9105224609375,1190.79248046875,0.01,5e-05
,,,,,624450,1320.0,2986,,,,,,
,,,,,625000,,,23.398548126220703,125.98746490478516,125.03654479980469,1004.857666015625,0.01,5e-05
,,,,,625116,970.0,2674,,,,,,
,,,,,626000,,,12.007529258728027,106.48899841308594,105.72115325927734,736.124267578125,0.01,5e-05
,,,,,626240,2270.0,4506,,,,,,
,,,,,626790,930.0,2210,,,,,,
,,,,,627000,,,12.842630386352539,114.75144958496094,113.58837890625,649.2393188476562,0.01,5e-05
,,,,,627518,2020.0,2930,,,,,,
,,,,,628000,,,14.534629821777344,122.0277328491211,122.27423095703125,683.5863647460938,0.01,5e-05
,,,,,628086,920.0,2298,,,,,,
,,,,,628753,2110.0,2690,,,,,,
,,,,,629000,,,12.864317893981934,117.65391540527344,116.47859191894531,595.4571533203125,0.01,5e-05
,,,,,629422,1460.0,2698,,,,,,
,,,,,629952,470.0,2122,,,,,,
1680.0,626.147,2490.0,1000.0,3278.0,630000,,,13.303791999816895,111.4151611328125,110.00193786621094,640.3930053710938,0.01,5e-05
,,,,,630907,1630.0,3826,,,,,,
,,,,,631000,,,10.629080772399902,118.72040557861328,119.1190414428711,518.6817016601562,0.01,5e-05
,,,,,631453,600.0,2202,,,,,,
,,,,,632000,,,9.101146697998047,113.2342529296875,113.37190246582031,415.6370544433594,0.01,5e-05
,,,,,632232,2270.0,3138,,,,,,
,,,,,633000,,,14.019379615783691,112.93888092041016,112.15786743164062,635.93359375,0.01,5e-05
,,,,,633105,1300.0,3506,,,,,,
,,,,,633902,1360.0,3210,,,,,,
,,,,,634000,,,1224.2227783203125,104.10020446777344,110.37089538574219,5197.0380859375,0.01,5e-05
,,,,,634760,1610.0,3450,,,,,,
,,,,,635000,,,10.596216201782227,110.34363555908203,110.6453857421875,672.6929931640625,0.01,5e-05
,,,,,635525,1120.0,3082,,,,,,
,,,,,636000,,,13.793806076049805,115.69447326660156,116.27438354492188,621.1314697265625,0.01,5e-05
,,,,,636526,2840.0,4018,,,,,,
,,,,,637000,,,11.14686393737793,116.59586334228516,115.28968811035156,976.573486328125,0.01,5e-05
,,,,,637463,1760.0,3754,,,,,,
,,,,,638000,,,18.137985229492188,116.79801940917969,114.37419128417969,1207.765625,0.01,5e-05
,,,,,638196,1390.0,2930,,,,,,
,,,,,639000,,,9.026430130004883,103.70808410644531,104.19535827636719,590.30859375,0.01,5e-05
,,,,,639211,1240.0,4082,,,,,,
,,,,,639939,1060.0,2914,,,,,,
963.0,151.92432,1090.0,590.0,2952.4,640000,,,17.77186393737793,133.35914611816406,134.66781616210938,973.7820434570312,0.01,5e-05
,,,,,640616,1550.0,2730,,,,,,
,,,,,641000,,,14.06728744506836,108.40592956542969,108.32752227783203,712.0634155273438,0.01,5e-05
,,,,,641316,1110.0,2818,,,,,,
,,,,,642000,,,11.578731536865234,122.97369384765625,122.189453125,815.0917358398438,0.01,5e-05
,,,,,642025,1180.0,2842,,,,,,
,,,,,642955,2150.0,3746,,,,,,
,,,,,643000,,,105.17936706542969,100.42385864257812,103.50662231445312,1486.4549560546875,0.01,5e-05
,,,,,643710,1190.0,3026,,,,,,
,,,,,644000,,,15.386049270629883,109.62439727783203,109.86119842529297,602.9113159179688,0.01,5e-05
,,,,,644527,1290.0,3274,,,,,,
,,,,,645000,,,95.27045440673828,113.51402282714844,114.74593353271484,1139.0030517578125,0.01,5e-05
,,,,,645218,790.0,2778,,,,,,
,,,,,646000,,,20.894041061401367,128.7161407470703,128.98341369628906,727.366455078125,0.01,5e-05
,,,,,646300,1370.0,4346,,,,,,
,,,,,646925,1120.0,2522,,,,,,
,,,,,647000,,,13.623929977416992,116.04075622558594,116.80915832519531,761.7849731445312,0.01,5e-05
,,,,,647719,1430.0,3194,,,,,,
,,,,,648000,,,13.27049446105957,130.63824462890625,129.58151245117188,796.0702514648438,0.01,5e-05
,,,,,648589,1460.0,3490,,,,,,
,,,,,649000,,,21.52845001220703,125.612548828125,122.96270751953125,1302.4034423828125,0.01,5e-05
,,,,,649408,2410.0,3298,,,,,,
2186.0,412.0728,2690.0,1630.0,3259.6,650000,,,14.862531661987305,127.67587280273438,126.27368927001953,897.5130615234375,0.01,5e-05
,,,,,650083,810.0,2722,,,,,,
,,,,,650786,1430.0,2826,,,,,,
,,,,,651000,,,8.555035591125488,120.19279479980469,119.62677001953125,520.8682250976562,0.01,5e-05
,,,,,651671,1310.0,3562,,,,,,
,,,,,652000,,,20.035621643066406,110.72795104980469,111.2838134765625,690.25244140625,0.01,5e-05
,,,,,652467,1630.0,3210,,,,,,
,,,,,653000,,,15.68179702758789,120.68159484863281,120.01510620117188,845.8844604492188,0.01,5e-05
,,,,,653312,1270.0,3386,,,,,,
,,,,,654000,,,31.467784881591797,118.93403625488281,118.16366577148438,981.6807250976562,0.01,5e-05
,,,,,654104,2650.0,3186,,,,,,
,,,,,654786,1110.0,2738,,,,,,
,,,,,655000,,,71.62193298339844,114.14659881591797,115.78318786621094,1068.1866455078125,0.01,5e-05
,,,,,655432,1140.0,2610,,,,,,
,,,,,656000,,,10.635318756103516,107.39483642578125,107.67613220214844,524.1976928710938,0.01,5e-05
,,,,,656586,1660.0,4634,,,,,,
,,,,,657000,,,25.557357788085938,112.49175262451172,110.41493225097656,1131.1737060546875,0.01,5e-05
,,,,,657529,1590.0,3786,,,,,,
,,,,,658000,,,16.26252555847168,115.71917724609375,115.64070129394531,611.9284057617188,0.01,5e-05
,,,,,658252,1070.0,2906,,,,,,
,,,,,659000,,,14.849630355834961,136.9319610595703,136.23065185546875,624.4341430664062,0.01,5e-05
,,,,,659685,2160.0,5746,,,,,,
1294.0,273.9781,1590.0,790.0,3347.6,660000,,,23.6875,132.66741943359375,130.23837280273438,1293.934814453125,0.01,5e-05
,,,,,660389,710.0,2834,,,,,,
,,,,,661000,,,12.178528785705566,118.34458923339844,117.97200012207031,532.6621704101562,0.01,5e-05
,,,,,661189,1090.0,3202,,,,,,
,,,,,661998,1640.0,3250,,,,,,
,,,,,662000,,,16.698787689208984,126.56282806396484,126.97047424316406,781.5933227539062,0.01,5e-05
,,,,,662736,1340.0,2962,,,,,,
,,,,,663000,,,31.711143493652344,124.54191589355469,126.19771575927734,1218.333984375,0.01,5e-05
,,,,,663366,1210.0,2530,,,,,,
,,,,,664000,,,172.83213806152344,124.26919555664062,126.41230773925781,1440.9786376953125,0.01,5e-05
,,,,,664235,1930.0,3482,,,,,,
,,,,,665000,,,24.000194549560547,120.72807312011719,120.62530517578125,769.443359375,0.01,5e-05
,,,,,665177,2070.0,3770,,,,,,
,,,,,666000,,,12.046916961669922,119.52140808105469,120.83812713623047,830.5982666015625,0.01,5e-05
,,,,,666223,2310.0,4210,,,,,,
,,,,,666807,2310.0,2338,,,,,,
,,,,,667000,,,269.9684143066406,124.11426544189453,127.64674377441406,2091.5390625,0.01,5e-05
,,,,,667571,1920.0,3066,,,,,,
,,,,,668000,,,35.21980285644531,144.1591796875,143.2600555419922,999.3006591796875,0.01,5e-05
,,,,,668323,1700.0,3010,,,,,,
,,,,,669000,,,12.542936325073242,128.12966918945312,128.66781616210938,938.146240234375,0.01,5e-05
,,,,,669073,1750.0,3010,,,,,,
,,,,,669921,1340.0,3418,,,,,,
1766.0,1038.6934,3350.0,1040.0,3093.2,670000,,,18.43977165222168,125.17179107666016,126.47307586669922,939.4066772460938,0.01,5e-05
,,,,,670678,1150.0,3034,,,,,,
,,,,,671000,,,13.659314155578613,108.78120422363281,108.56190490722656,600.081298828125,0.01,5e-05
,,,,,671460,1400.0,3146,,,,,,
,,,,,672000,,,19.156387329101562,109.46223449707031,109.95687103271484,861.9588623046875,0.01,5e-05
,,,,,672183,1570.0,2898,,,,,,
,,,,,673000,,,18.86498260498047,121.60908508300781,121.67369079589844,909.8218994140625,0.01,5e-05
,,,,,673122,1560.0,3754,,,,,,
,,,,,674000,,,13.392419815063477,125.1627426147461,125.3861083984375,663.543212890625,0.01,5e-05
,,,,,674195,1250.0,4306,,,,,,
,,,,,674969,990.0,3114,,,,,,
,,,,,675000,,,679.3078002929688,117.16499328613281,120.8592529296875,2403.32958984375,0.01,5e-05
,,,,,675639,1130.0,2682,,,,,,
,,,,,676000,,,14.956701278686523,119.22512817382812,119.92979431152344,691.01318359375,0.01,5e-05
,,,,,676654,1730.0,4090,,,,,,
,,,,,677000,,,33.598838806152344,112.12986755371094,111.3807373046875,1249.7060546875,0.01,5e-05
,,,,,677869,2770.0,4890,,,,,,
,,,,,678000,,,99.6193618774414,108.8014907836914,110.22312927246094,1298.016845703125,0.01,5e-05
,,,,,678621,1440.0,3010,,,,,,
,,,,,679000,,,11.853975296020508,128.67437744140625,127.99429321289062,562.43212890625,0.01,5e-05
,,,,,679698,2620.0,4314,,,,,,
1753.0,374.7012,2100.0,1070.0,3480.4,680000,,,24.047714233398438,119.77915954589844,119.72541809082031,956.0724487304688,0.01,5e-05
,,,,,680622,1780.0,3698,,,,,,
,,,,,681000,,,12.22912883758545,109.67023468017578,109.24528503417969,541.8897094726562,0.01,5e-05
,,,,,681370,1110.0,3018,,,,,,
,,,,,682000,,,113.98822021484375,119.86175537109375,122.07476806640625,1995.60400390625,0.01,5e-05
,,,,,682091,1840.0,2898,,,,,,
,,,,,682800,940.0,2842,,,,,,
,,,,,683000,,,9.676216125488281,112.75921630859375,114.09231567382812,898.6124877929688,0.01,5e-05
,,,,,683895,1970.0,4402,,,,,,
,,,,,684000,,,28.036243438720703,122.86030578613281,122.9453125,791.0765991210938,0.01,5e-05
,,,,,684598,1790.0,2818,,,,,,
,,,,,685000,,,25.818681716918945,126.43438720703125,127.33932495117188,1247.845947265625,0.01,5e-05
,,,,,685364,2340.0,3074,,,,,,
,,,,,686000,,,28.625049591064453,114.08070373535156,114.89034271240234,1178.1932373046875,0.01,5e-05
,,,,,686262,1870.0,3602,,,,,,
,,,,,687000,,,16.864694595336914,95.82792663574219,96.86688232421875,764.6690063476562,0.01,5e-05
,,,,,687190,1450.0,3730,,,,,,
,,,,,688000,,,15.946102142333984,116.40606689453125,117.51617431640625,773.0507202148438,0.01,5e-05
,,,,,688089,1460.0,3602,,,,,,
,,,,,688896,1720.0,3234,,,,,,
,,,,,689000,,,21.42546272277832,107.93632507324219,108.32530212402344,822.0606689453125,0.01,5e-05
,,,,,689929,1000.0,4138,,,,,,
2029.0,423.75583,2660.0,1580.0,2898.8,690000,,,1144.875244140625,130.40835571289062,136.07022094726562,6804.783203125,0.01,5e-05
,,,,,690709,1430.0,3130,,,,,,
,,,,,691000,,,21.765243530273438,98.45338439941406,97.29655456542969,1280.4427490234375,0.01,5e-05
,,,,,691352,1530.0,2586,,,,,,
,,,,,692000,,,11.493291854858398,128.9294891357422,129.1753387451172,652.1830444335938,0.01,5e-05
,,,,,692013,1550.0,2650,,,,,,
,,,,,692760,1880.0,2994,,,,,,
,,,,,693000,,,16.89938735961914,107.16116333007812,107.19478607177734,793.9738159179688,0.01,5e-05
,,,,,693393,810.0,2538,,,,,,
,,,,,694000,,,20.261260986328125,111.28690338134766,108.40460205078125,1558.4505615234375,0.01,5e-05
,,,,,694259,1790.0,3474,,,,,,
,,,,,694908,1090.0,2610,,,,,,
,,,,,695000,,,20.33085060119629,126.19001770019531,126.93705749511719,928.644775390625,0.01,5e-05
,,,,,695936,2270.0,4138,,,,,,
,,,,,696000,,,21.916934967041016,126.45659637451172,125.05667114257812,881.9595947265625,0.01,5e-05
,,,,,697000,,,17.614988327026367,115.88387298583984,114.65249633789062,930.0486450195312,0.01,5e-05
,,,,,697040,1620.0,4426,,,,,,
,,,,,697747,1300.0,2842,,,,,,
,,,,,698000,,,4865.16357421875,119.16864776611328,131.35763549804688,9414.76171875,0.01,5e-05
,,,,,698982,1440.0,4946,,,,,,
,,,,,699000,,,27.84675407409668,133.90499877929688,134.98385620117188,994.517333984375,0.01,5e-05
,,,,,699633,990.0,2626,,,,,,
1649.0,371.22635,2670.0,1390.0,3298.8,700000,,,29.671871185302734,105.02530670166016,106.13119506835938,757.2896728515625,0.01,5e-05
,,,,,700557,2780.0,3722,,,,,,
,,,,,701000,,,15.413530349731445,121.04362487792969,119.9314956665039,1253.7733154296875,0.01,5e-05
,,,,,701500,2060.0,3786,,,,,,
,,,,,702000,,,28.386592864990234,136.367919921875,134.635009765625,1222.483642578125,0.01,5e-05
,,,,,702268,1920.0,3074,,,,,,
,,,,,702906,2500.0,2554,,,,,,
,,,,,703000,,,36.38044738769531,105.44772338867188,103.88197326660156,2040.080322265625,0.01,5e-05
,,,,,703680,1010.0,3098,,,,,,
,,,,,704000,,,24.362163543701172,123.71376037597656,123.39788818359375,714.5671997070312,0.01,5e-05
,,,,,704402,1440.0,2906,,,,,,
,,,,,705000,,,11.327840805053711,114.78959655761719,114.38582611083984,540.3003540039062,0.01,5e-05
,,,,,705103,930.0,2826,,,,,,
,,,,,705823,710.0,2906,,,,,,
,,,,,706000,,,228.47288513183594,138.36544799804688,141.33456420898438,1804.120849609375,0.01,5e-05
,,,,,706496,1650.0,2714,,,,,,
,,,,,707000,,,30.333126068115234,100.9411849975586,102.3221435546875,1289.8599853515625,0.01,5e-05
,,,,,707229,1360.0,2954,,,,,,
,,,,,708000,,,1182.600830078125,124.68972778320312,129.25341796875,4157.802734375,0.01,5e-05
,,,,,708050,1610.0,3298,,,,,,
,,,,,708741,1260.0,2778,,,,,,
,,,,,709000,,,21.68938636779785,106.52153015136719,106.01809692382812,995.0379028320312,0.01,5e-05
,,,,,709554,1300.0,3266,,,,,,
1593.0,89.44831,1680.0,1470.0,3123.6,710000,,,25.973175048828125,111.92608642578125,113.15154266357422,899.9368896484375,0.01,5e-05
,,,,,710244,1250.0,2770,,,,,,
,,,,,710960,1300.0,2890,,,,,,
,,,,,711000,,,8.285255432128906,107.94740295410156,107.98960876464844,530.4586181640625,0.01,5e-05
,,,,,711785,980.0,3314,,,,,,
,,,,,712000,,,23.360017776489258,139.59014892578125,137.90573120117188,1266.572998046875,0.01,5e-05
,,,,,712621,1150.0,3362,,,,,,
,,,,,713000,,,15.153641700744629,139.30581665039062,138.17697143554688,807.878173828125,0.01,5e-05
,,,,,713702,1290.0,4338,,,,,,
,,,,,714000,,,890.787109375,119.41349792480469,126.61846923828125,3327.732177734375,0.01,5e-05
,,,,,714471,1220.0,3090,,,,,,
,,,,,715000,,,20.635757446289062,121.51805114746094,122.40379333496094,939.3255615234375,0.01,5e-05
,,,,,715283,1550.0,3266,,,,,,
,,,,,716000,,,17.97964859008789,137.17034912109375,136.25636291503906,868.1040649414062,0.01,5e-05
,,,,,716055,980.0,3098,,,,,,
,,,,,716808,1700.0,3018,,,,,,
,,,,,717000,,,15.691344261169434,112.56796264648438,110.30241394042969,1212.46142578125,0.01,5e-05
,,,,,717758,2530.0,3810,,,,,,
,,,,,718000,,,18.902345657348633,117.55975341796875,115.90652465820312,1479.4779052734375,0.01,5e-05
,,,,,718495,1750.0,2962,,,,,,
,,,,,719000,,,16.429033279418945,126.91342163085938,126.95307922363281,636.1823120117188,0.01,5e-05
,,,,,719334,1290.0,3386,,,,,,
1614.0,323.95062,1900.0,1030.0,3088.4,720000,,,15.935693740844727,115.77024841308594,116.2010726928711,891.9861450195312,0.01,5e-05
,,,,,720746,1580.0,5658,,,,,,
,,,,,721000,,,22.33761215209961,129.99667358398438,130.22122192382812,931.0521240234375,0.01,5e-05
,,,,,721576,2410.0,3338,,,,,,
,,,,,722000,,,18.81116485595703,133.51834106445312,134.75852966308594,1090.2950439453125,0.01,5e-05
,,,,,722279,1560.0,2818,,,,,,
,,,,,723000,,,55.2916145324707,119.60494995117188,121.51451110839844,2411.32373046875,0.01,5e-05
,,,,,723154,1760.0,3522,,,,,,
,,,,,723849,1800.0,2786,,,,,,
,,,,,724000,,,28.68326187133789,122.43034362792969,122.64974975585938,815.8631591796875,0.01,5e-05
,,,,,724529,1420.0,2738,,,,,,
,,,,,725000,,,15.57772445678711,117.32440185546875,116.60214233398438,595.2281494140625,0.01,5e-05
,,,,,725521,1600.0,3970,,,,,,
,,,,,726000,,,21.194507598876953,119.34381103515625,118.66968536376953,897.4102783203125,0.01,5e-05
,,,,,726328,1310.0,3234,,,,,,
,,,,,727000,,,16.996124267578125,126.13238525390625,127.27308654785156,1064.339111328125,0.01,5e-05
,,,,,727082,1630.0,3026,,,,,,
,,,,,727843,1790.0,3066,,,,,,
,,,,,728000,,,16.090351104736328,117.74178314208984,116.37886047363281,1270.438720703125,0.01,5e-05
,,,,,728698,1750.0,3426,,,,,,
,,,,,729000,,,21.945255279541016,126.4951171875,125.62936401367188,1018.6058349609375,0.01,5e-05
,,,,,729495,1380.0,3202,,,,,,
1905.0,346.64822,2940.0,1740.0,3008.4,730000,,,92.9611587524414,122.08819580078125,120.75780487060547,2004.198974609375,0.01,5e-05
,,,,,730409,1770.0,3682,,,,,,
,,,,,731000,,,15.322774887084961,119.24263000488281,119.4312744140625,892.9306640625,0.01,5e-05
,,,,,731537,1830.0,4530,,,,,,
,,,,,732000,,,111.4815902709961,119.82709503173828,120.52555847167969,1220.11376953125,0.01,5e-05
,,,,,732389,1590.0,3426,,,,,,
,,,,,733000,,,20.89177703857422,113.3020248413086,113.23591613769531,668.4801635742188,0.01,5e-05
,,,,,733003,2390.0,2458,,,,,,
,,,,,733653,1280.0,2618,,,,,,
,,,,,734000,,,12.737468719482422,131.65255737304688,131.12545776367188,594.4529418945312,0.01,5e-05
,,,,,734437,2070.0,3162,,,,,,
,,,,,735000,,,15.738100051879883,116.22539520263672,116.63578033447266,817.4459838867188,0.01,5e-05
,,,,,735519,3000.0,4330,,,,,,
,,,,,736000,,,23.106197357177734,136.024658203125,133.73519897460938,1821.9326171875,0.01,5e-05
,,,,,736514,1500.0,3994,,,,,,
,,,,,737000,,,18.05696678161621,123.28482055664062,122.34635162353516,835.8513793945312,0.01,5e-05
,,,,,737365,2570.0,3410,,,,,,
,,,,,738000,,,28.202510833740234,99.52106475830078,97.580322265625,1396.185546875,0.01,5e-05
,,,,,738082,1630.0,2866,,,,,,
,,,,,738888,1760.0,3226,,,,,,
,,,,,739000,,,18.860950469970703,124.92483520507812,125.21837615966797,726.9710083007812,0.01,5e-05
,,,,,739661,1910.0,3122,,,,,,
2477.0,363.26437,3030.0,2190.0,3151.6,740000,,,17.151634216308594,118.74651336669922,117.98466491699219,700.2586059570312,0.01,5e-05
,,,,,740928,3870.0,5082,,,,,,
,,,,,741000,,,10.364152908325195,113.9237060546875,114.90013885498047,621.06884765625,0.01,5e-05
,,,,,742000,,,14.58255386352539,130.662353515625,128.89208984375,946.1748046875,0.01,5e-05
,,,,,742145,1840.0,4882,,,,,,
,,,,,743000,,,28.506912231445312,122.00968933105469,121.76069641113281,804.9494018554688,0.01,5e-05
,,,,,743044,1870.0,3610,,,,,,
,,,,,743766,1200.0,2906,,,,,,
,,,,,744000,,,1159.62158203125,134.98336791992188,139.11837768554688,4571.57568359375,0.01,5e-05
,,,,,744414,1520.0,2610,,,,,,
,,,,,745000,,,90.3959732055664,139.08746337890625,139.5045166015625,1166.5360107421875,0.01,5e-05
,,,,,745085,1160.0,2690,,,,,,
,,,,,745731,1010.0,2610,,,,,,
,,,,,746000,,,16.0104923248291,138.82867431640625,137.6900634765625,879.7340087890625,0.01,5e-05
,,,,,746307,1000.0,2330,,,,,,
,,,,,747000,,,26.905778884887695,134.62644958496094,135.55758666992188,798.7609252929688,0.01,5e-05
,,,,,747141,1410.0,3354,,,,,,
,,,,,748000,,,21.19380760192871,122.95075988769531,124.42817687988281,1197.4161376953125,0.01,5e-05
,,,,,748087,2020.0,3786,,,,,,
,,,,,748724,2890.0,2554,,,,,,
,,,,,749000,,,20.069856643676758,124.78469848632812,124.00953674316406,721.4854736328125,0.01,5e-05
,,,,,749674,1190.0,3802,,,,,,
1714.0,168.35677,2030.0,1570.0,4656.4,750000,,,30.77384376525879,114.92843627929688,115.25886535644531,883.4965209960938,0.01,5e-05
,,,,,750559,2290.0,3562,,,,,,
,,,,,751000,,,49.678619384765625,122.26922607421875,124.498779296875,1794.32666015625,0.01,5e-05
,,,,,751537,1150.0,3930,,,,,,
,,,,,752000,,,848.8827514648438,119.98747253417969,125.12132263183594,5328.35888671875,0.01,5e-05
,,,,,752395,1690.0,3434,,,,,,
,,,,,753000,,,20.003116607666016,147.5335235595703,147.96728515625,749.72314453125,0.01,5e-05
,,,,,753339,1440.0,3794,,,,,,
,,,,,754000,,,86.7949447631836,128.87557983398438,131.13385009765625,1924.0260009765625,0.01,5e-05
,,,,,754148,2160.0,3242,,,,,,
,,,,,754751,1140.0,2434,,,,,,
,,,,,755000,,,16.126190185546875,137.5626678466797,137.1741943359375,861.738525390625,0.01,5e-05
,,,,,755577,1990.0,3322,,,,,,
,,,,,756000,,,16.037931442260742,103.4496078491211,102.44508361816406,811.2794189453125,0.01,5e-05
,,,,,756257,1570.0,2738,,,,,,
,,,,,757000,,,303.6480712890625,124.15503692626953,126.02906036376953,2276.782958984375,0.01,5e-05
,,,,,757089,1030.0,3346,,,,,,
,,,,,758000,,,30.562923431396484,132.6765594482422,133.4755096435547,1304.6270751953125,0.01,5e-05
,,,,,758419,1620.0,5330,,,,,,
,,,,,759000,,,20.18048095703125,127.68990325927734,126.58441162109375,1027.67724609375,0.01,5e-05
,,,,,759185,1870.0,3066,,,,,,
1381.0,598.9065,2010.0,670.0,2950.0,760000,,,389.4791259765625,133.9608917236328,138.35549926757812,2890.6337890625,0.01,5e-05
,,,,,760353,2720.0,4690,,,,,,
,,,,,761000,,,26.476545333862305,129.01121520996094,128.01394653320312,959.266845703125,0.01,5e-05
,,,,,761090,2580.0,2962,,,,,,
,,,,,761951,1330.0,3466,,,,,,
,,,,,762000,,,50.06358337402344,128.89727783203125,129.11082458496094,1136.5672607421875,0.01,5e-05
,,,,,762908,1770.0,3842,,,,,,
,,,,,763000,,,27.24911880493164,122.94607543945312,122.90686798095703,1135.1334228515625,0.01,5e-05
,,,,,763609,950.0,2810,,,,,,
,,,,,764000,,,38.21430206298828,122.5927505493164,120.75311279296875,2548.260986328125,0.01,5e-05
,,,,,764295,1610.0,2770,,,,,,
,,,,,765000,,,10.227583885192871,136.00238037109375,134.9513397216797,698.7718505859375,0.01,5e-05
,,,,,765150,950.0,3418,,,,,,
,,,,,765902,1850.0,3010,,,,,,
,,,,,766000,,,19.637767791748047,127.9449462890625,128.31982421875,740.4111328125,0.01,5e-05
,,,,,766648,1570.0,2986,,,,,,
,,,,,767000,,,20.477684020996094,135.20809936523438,133.283935546875,1422.55224609375,0.01,5e-05
,,,,,767437,1310.0,3178,,,,,,
,,,,,768000,,,17.11940574645996,126.67362976074219,124.53215789794922,1311.241943359375,0.01,5e-05
,,,,,768530,2880.0,4370,,,,,,
,,,,,769000,,,22.8004207611084,125.11567687988281,125.88829803466797,793.5049438476562,0.01,5e-05
,,,,,769400,1890.0,3506,,,,,,
728.0,137.17143,960.0,600.0,2823.6,770000,,,1063.6220703125,134.6109619140625,139.36453247070312,3593.14892578125,0.01,5e-05
,,,,,770083,1090.0,2738,,,,,,
,,,,,771000,,,90.44546508789062,126.58380126953125,127.1298828125,1408.5960693359375,0.01,5e-05
,,,,,771057,2780.0,3914,,,,,,
,,,,,771663,930.0,2434,,,,,,
,,,,,772000,,,12.511566162109375,142.8902130126953,141.9163818359375,931.23681640625,0.01,5e-05
,,,,,772568,1400.0,3634,,,,,,
,,,,,773000,,,44.63928985595703,140.64805603027344,137.611083984375,1755.7093505859375,0.01,5e-05
,,,,,773597,2760.0,4122,,,,,,
,,,,,774000,,,34.72584915161133,126.7752685546875,128.70321655273438,1200.797607421875,0.01,5e-05
,,,,,774310,1010.0,2874,,,,,,
,,,,,775000,,,15.718448638916016,126.66751861572266,125.776123046875,951.4240112304688,0.01,5e-05
,,,,,775418,2370.0,4458,,,,,,
,,,,,776000,,,185.0234832763672,142.19635009765625,142.23367309570312,1674.3092041015625,0.01,5e-05
,,,,,776126,1830.0,2850,,,,,,
,,,,,776926,1310.0,3226,,,,,,
,,,,,777000,,,51.03627395629883,132.66368103027344,131.00424194335938,1454.6741943359375,0.01,5e-05
,,,,,777700,1070.0,3098,,,,,,
,,,,,778000,,,22.718536376953125,136.04721069335938,135.23187255859375,974.8328857421875,0.01,5e-05
,,,,,778481,1510.0,3130,,,,,,
,,,,,779000,,,42.475914001464844,133.4378204345703,133.5376739501953,913.798828125,0.01,5e-05
,,,,,779417,2270.0,3746,,,,,,
2125.0,227.12332,2490.0,1710.0,3410.0,780000,,,21.925607681274414,134.05084228515625,133.97735595703125,1490.5489501953125,0.01,5e-05
,,,,,780645,2250.0,4922,,,,,,
,,,,,781000,,,28.555850982666016,144.81634521484375,145.2690887451172,1837.97119140625,0.01,5e-05
,,,,,781430,1140.0,3170,,,,,,
,,,,,782000,,,11.986268997192383,126.78128814697266,126.74081420898438,600.2069702148438,0.01,5e-05
,,,,,782289,1550.0,3442,,,,,,
,,,,,783000,,,59.0054931640625,129.19090270996094,129.63693237304688,1076.4951171875,0.01,5e-05
,,,,,783066,1740.0,3130,,,,,,
,,,,,784000,,,33.77075958251953,118.50003051757812,121.05471801757812,1529.5035400390625,0.01,5e-05
,,,,,784300,2080.0,4962,,,,,,
,,,,,785000,,,12.216854095458984,120.2574462890625,119.87875366210938,596.7427978515625,0.01,5e-05
,,,,,785480,1180.0,4738,,,,,,
,,,,,786000,,,31.74658203125,128.1011962890625,130.4688720703125,1701.2059326171875,0.01,5e-05
,,,,,786527,1500.0,4202,,,,,,
,,,,,787000,,,170.19374084472656,139.29127502441406,141.10794067382812,1870.378662109375,0.01,5e-05
,,,,,787495,2340.0,3890,,,,,,
,,,,,788000,,,22.00589370727539,118.22644805908203,118.50379180908203,894.7499389648438,0.01,5e-05
,,,,,788395,3290.0,3602,,,,,,
,,,,,789000,,,10.94454574584961,128.80950927734375,129.13275146484375,513.4815673828125,0.01,5e-05
,,,,,789197,2100.0,3226,,,,,,
3002.0,1204.5647,4160.0,1320.0,3326.0,790000,,,1101.94482421875,131.61622619628906,139.17697143554688,9038.5830078125,0.01,5e-05
,,,,,790007,880.0,3242,,,,,,
,,,,,790831,1190.0,3306,,,,,,
,,,,,791000,,,22.1005859375,116.9774398803711,116.45091247558594,949.1185913085938,0.01,5e-05
,,,,,791723,2600.0,3578,,,,,,
,,,,,792000,,,16.21354103088379,124.06840515136719,124.45088958740234,860.154296875,0.01,5e-05
,,,,,792325,860.0,2426,,,,,,
,,,,,793000,,,28.550827026367188,120.35072326660156,119.50662994384766,1251.2135009765625,0.01,5e-05
,,,,,793169,1680.0,3402,,,,,,
,,,,,793891,1550.0,2906,,,,,,
,,,,,794000,,,26.118925094604492,127.28793334960938,126.95181274414062,983.0748291015625,0.01,5e-05
,,,,,794538,1380.0,2602,,,,,,
,,,,,795000,,,15.874853134155273,131.49072265625,131.25205993652344,587.878173828125,0.01,5e-05
,,,,,795404,1880.0,3466,,,,,,
,,,,,796000,,,14.17832088470459,141.79702758789062,141.83163452148438,605.1714477539062,0.01,5e-05
,,,,,796150,1400.0,2994,,,,,,
,,,,,797000,,,35.79682159423828,132.2978515625,131.85601806640625,1035.68994140625,0.01,5e-05
,,,,,797207,2690.0,4234,,,,,,
,,,,,797819,1370.0,2458,,,,,,
,,,,,798000,,,30.927913665771484,129.7433319091797,129.7342529296875,804.2019653320312,0.01,5e-05
,,,,,798501,1600.0,2754,,,,,,
,,,,,799000,,,875.6771240234375,130.9485626220703,136.04893493652344,5298.02294921875,0.01,5e-05
,,,,,799232,2370.0,2930,,,,,,
,,,,,799931,1870.0,2810,,,,,,
2194.0,369.03116,2810.0,1790.0,4506.0,800000,,,24.891326904296875,130.4488067626953,130.13064575195312,884.8243408203125,0.01,5e-05
,,,,,800694,2950.0,3066,,,,,,
,,,,,801000,,,22.051414489746094,113.39158630371094,114.4645004272461,935.2261962890625,0.01,5e-05
,,,,,801438,870.0,2978,,,,,,
,,,,,802000,,,28.414409637451172,141.89620971679688,140.79994201660156,1143.0086669921875,0.01,5e-05
,,,,,802204,2360.0,3074,,,,,,
,,,,,803000,,,8.94362735748291,132.83824157714844,131.56996154785156,847.4473266601562,0.01,5e-05
,,,,,803233,3120.0,4122,,,,,,
,,,,,804000,,,30.472232818603516,115.07963562011719,115.18367004394531,1313.65283203125,0.01,5e-05
,,,,,804149,3850.0,3666,,,,,,
,,,,,804954,2670.0,3234,,,,,,
,,,,,805000,,,222.73081970214844,127.00594329833984,127.7813491821289,2306.280517578125,0.01,5e-05
,,,,,805634,940.0,2722,,,,,,
,,,,,806000,,,23.96280288696289,134.62289428710938,134.17630004882812,882.589599609375,0.01,5e-05
,,,,,806443,1050.0,3234,,,,,,
,,,,,807000,,,137.36239624023438,126.0928955078125,126.9133071899414,1706.2806396484375,0.01,5e-05
,,,,,807243,1340.0,3210,,,,,,
,,,,,807982,1460.0,2970,,,,,,
,,,,,808000,,,23.1971378326416,119.13941955566406,120.6263198852539,1078.2294921875,0.01,5e-05
,,,,,808856,1670.0,3498,,,,,,
,,,,,809000,,,19.409690856933594,145.05584716796875,143.18492126464844,1140.595703125,0.01,5e-05
,,,,,809699,1700.0,3378,,,,,,
1984.0,821.87836,3260.0,990.0,3550.8,810000,,,21.550331115722656,117.34907531738281,115.7192153930664,1186.6727294921875,0.01,5e-05
,,,,,810490,1330.0,3170,,,,,,
,,,,,811000,,,44.52419662475586,118.89794921875,115.02236938476562,2103.789794921875,0.01,5e-05
,,,,,811368,1290.0,3538,,,,,,
,,,,,812000,,,25.190834045410156,145.40626525878906,144.5043487548828,1030.3809814453125,0.01,5e-05
,,,,,812129,1790.0,3066,,,,,,
,,,,,813000,,,36.21393966674805,130.45362854003906,130.57933044433594,718.050537109375,0.01,5e-05
,,,,,813061,1340.0,3730,,,,,,
,,,,,813961,1600.0,3626,,,,,,
,,,,,814000,,,67.28134155273438,129.14479064941406,129.8487548828125,1128.4488525390625,0.01,5e-05
,,,,,814729,1230.0,3082,,,,,,
,,,,,815000,,,23.727693557739258,130.65557861328125,127.92086791992188,1692.5111083984375,0.01,5e-05
,,,,,815575,1590.0,3402,,,,,,
,,,,,816000,,,25.74437713623047,136.275146484375,136.49766540527344,691.6028442382812,0.01,5e-05
,,,,,816324,3040.0,3018,,,,,,
,,,,,817000,,,122.63455963134766,114.96766662597656,115.19100952148438,1602.7747802734375,0.01,5e-05
,,,,,817172,1240.0,3394,,,,,,
,,,,,818000,,,14.180087089538574,145.6663818359375,144.37945556640625,723.766357421875,0.01,5e-05
,,,,,818063,1440.0,3578,,,,,,
,,,,,818809,1270.0,2994,,,,,,
,,,,,819000,,,17.49169158935547,125.62593078613281,125.36941528320312,643.8250122070312,0.01,5e-05
,,,,,819494,1210.0,2754,,,,,,
1710.0,564.74774,2830.0,1310.0,3314.8,820000,,,26.122791290283203,106.24299621582031,105.12723541259766,930.0328979492188,0.01,5e-05
,,,,,820198,1360.0,2834,,,,,,
,,,,,820974,1520.0,3114,,,,,,
,,,,,821000,,,16.79454231262207,127.39735412597656,128.1737518310547,883.3029174804688,0.01,5e-05
,,,,,821763,1560.0,3178,,,,,,
,,,,,822000,,,223.7889862060547,124.20801544189453,127.50977325439453,2982.554443359375,0.01,5e-05
,,,,,822458,1410.0,2794,,,,,,
,,,,,823000,,,17.742034912109375,114.34471130371094,115.36088562011719,1178.6722412109375,0.01,5e-05
,,,,,823276,1490.0,3298,,,,,,
,,,,,824000,,,28.383506774902344,124.44667053222656,125.06260681152344,1180.6175537109375,0.01,5e-05
,,,,,824034,1370.0,3042,,,,,,
,,,,,824856,1200.0,3298,,,,,,
,,,,,825000,,,15.377218246459961,128.7487335205078,128.81442260742188,688.8565063476562,0.01,5e-05
,,,,,825675,1440.0,3290,,,,,,
,,,,,826000,,,13.596689224243164,122.03194427490234,121.46971130371094,1060.976806640625,0.01,5e-05
,,,,,826631,2790.0,3826,,,,,,
,,,,,827000,,,48.572509765625,141.17779541015625,142.2589111328125,956.4039916992188,0.01,5e-05
,,,,,827375,1190.0,2978,,,,,,
,,,,,828000,,,24.338008880615234,147.74819946289062,145.9674530029297,1322.6212158203125,0.01,5e-05
,,,,,828200,1710.0,3322,,,,,,
,,,,,828877,2470.0,2722,,,,,,
,,,,,829000,,,26.15573501586914,128.38714599609375,127.44621276855469,1216.1329345703125,0.01,5e-05
,,,,,829694,1520.0,3290,,,,,,
1898.0,434.02304,2230.0,1160.0,3027.6,830000,,,19.512868881225586,126.59788513183594,124.63319396972656,1118.4989013671875,0.01,5e-05
,,,,,830377,1070.0,2754,,,,,,
,,,,,831000,,,15.277447700500488,149.80368041992188,150.03231811523438,592.1981811523438,0.01,5e-05
,,,,,831088,1750.0,2858,,,,,,
,,,,,831927,1320.0,3370,,,,,,
,,,,,832000,,,1034.685791015625,146.77328491210938,151.4667510986328,5384.443359375,0.01,5e-05
,,,,,832854,2910.0,3714,,,,,,
,,,,,833000,,,47.84302520751953,130.8334503173828,130.80406188964844,1384.6253662109375,0.01,5e-05
,,,,,833706,2560.0,3410,,,,,,
,,,,,834000,,,1044.663818359375,149.34014892578125,155.47705078125,3459.422119140625,0.01,5e-05
,,,,,834507,1340.0,3210,,,,,,
,,,,,835000,,,13.894107818603516,130.8425750732422,130.97276306152344,887.5885009765625,0.01,5e-05
,,,,,835814,1380.0,5234,,,,,,
,,,,,836000,,,12.585920333862305,135.5561981201172,134.73486328125,780.6709594726562,0.01,5e-05
,,,,,836579,3030.0,3074,,,,,,
,,,,,837000,,,17.462690353393555,117.73551940917969,118.41493225097656,1012.66943359375,0.01,5e-05
,,,,,837239,1470.0,2642,,,,,,
,,,,,838000,,,13.527427673339844,130.8701171875,128.6671142578125,1322.6986083984375,0.01,5e-05
,,,,,838341,2240.0,4434,,,,,,
,,,,,838997,790.0,2650,,,,,,
,,,,,839000,,,19.563610076904297,135.63230895996094,135.12158203125,891.1572875976562,0.01,5e-05
,,,,,839699,1700.0,2818,,,,,,
1519.0,390.2166,1980.0,1090.0,3472.4,840000,,,8.235747337341309,144.989501953125,145.10308837890625,460.2653503417969,0.01,5e-05
,,,,,840441,2530.0,2994,,,,,,
,,,,,841000,,,21.926166534423828,147.59503173828125,147.5608673095703,754.8296508789062,0.01,5e-05
,,,,,841270,1240.0,3322,,,,,,
,,,,,842000,,,10.977579116821289,127.28163146972656,126.28152465820312,726.3932495117188,0.01,5e-05
,,,,,842029,1800.0,3058,,,,,,
,,,,,842796,1100.0,3090,,,,,,
,,,,,843000,,,15.75020694732666,155.83187866210938,155.03225708007812,780.0176391601562,0.01,5e-05
,,,,,843791,4160.0,3994,,,,,,
,,,,,844000,,,14.652752876281738,154.05816650390625,154.00216674804688,946.4869384765625,0.01,5e-05
,,,,,844479,1520.0,2770,,,,,,
,,,,,845000,,,20.768461227416992,134.5695037841797,135.59275817871094,1158.391357421875,0.01,5e-05
,,,,,845336,1920.0,3450,,,,,,
,,,,,846000,,,18.729290008544922,143.51223754882812,145.07293701171875,1174.5172119140625,0.01,5e-05
,,,,,846144,1210.0,3242,,,,,,
,,,,,846967,2500.0,3298,,,,,,
,,,,,847000,,,22.847187042236328,140.55706787109375,140.8535614013672,855.9727783203125,0.01,5e-05
,,,,,847906,1620.0,3754,,,,,,
,,,,,848000,,,25.78533172607422,127.77519226074219,128.18301391601562,984.2180786132812,0.01,5e-05
,,,,,848753,1890.0,3394,,,,,,
,,,,,849000,,,92.37500762939453,147.4821319580078,150.0718994140625,1851.4796142578125,0.01,5e-05
,,,,,849614,2570.0,3474,,,,,,
2315.0,285.3156,2640.0,1970.0,2876.4,850000,,,17.263137817382812,149.30813598632812,150.0228271484375,813.89697265625,0.01,5e-05
,,,,,850289,3040.0,2722,,,,,,
,,,,,851000,,,9.076505661010742,138.75704956054688,137.857421875,761.8005981445312,0.01,5e-05
,,,,,851035,1710.0,2994,,,,,,
,,,,,851874,3850.0,3378,,,,,,
,,,,,852000,,,24.11422348022461,146.43096923828125,146.8989715576172,991.4214477539062,0.01,5e-05
,,,,,852514,1100.0,2586,,,,,,
,,,,,853000,,,17.5159912109375,141.6507110595703,143.11257934570312,1023.8950805664062,0.01,5e-05
,,,,,853518,1670.0,4026,,,,,,
,,,,,854000,,,1171.5623779296875,141.78965759277344,146.7015380859375,8048.83837890625,0.01,5e-05
,,,,,854211,930.0,2778,,,,,,
,,,,,855000,,,16.099315643310547,145.36361694335938,143.10397338867188,1327.10595703125,0.01,5e-05
,,,,,855018,1200.0,3226,,,,,,
,,,,,855821,2410.0,3226,,,,,,
,,,,,856000,,,15.322369575500488,132.3624267578125,131.29583740234375,773.6971435546875,0.01,5e-05
,,,,,856658,1580.0,3362,,,,,,
,,,,,857000,,,24.814599990844727,137.12948608398438,138.83287048339844,1082.766845703125,0.01,5e-05
,,,,,857626,1360.0,3882,,,,,,
,,,,,858000,,,1012.23193359375,126.29376220703125,131.7256317138672,4909.328125,0.01,5e-05
,,,,,858364,1910.0,2962,,,,,,
,,,,,859000,,,24.225967407226562,137.37371826171875,135.79006958007812,1229.2384033203125,0.01,5e-05
,,,,,859132,1610.0,3090,,,,,,
,,,,,859870,1830.0,2954,,,,,,
1606.0,77.09734,1710.0,1490.0,3478.8,860000,,,16.41037940979004,128.42764282226562,129.22459411621094,784.0320434570312,0.01,5e-05
,,,,,860620,1620.0,3010,,,,,,
,,,,,861000,,,27.757741928100586,113.130126953125,114.23377227783203,1129.420654296875,0.01,5e-05
,,,,,861498,1800.0,3514,,,,,,
,,,,,862000,,,20.53131103515625,135.69464111328125,135.79962158203125,853.6988525390625,0.01,5e-05
,,,,,862224,2750.0,2930,,,,,,
,,,,,862942,1840.0,2882,,,,,,
,,,,,863000,,,14.968245506286621,134.81752014160156,134.9171142578125,934.53759765625,0.01,5e-05
,,,,,863967,1570.0,4122,,,,,,
,,,,,864000,,,54.474918365478516,163.5780029296875,161.36099243164062,1896.5426025390625,0.01,5e-05
,,,,,864721,1870.0,3042,,,,,,
,,,,,865000,,,192.32090759277344,153.525634765625,155.2368621826172,1798.1121826171875,0.01,5e-05
,,,,,865344,2320.0,2498,,,,,,
,,,,,866000,,,15.957202911376953,149.7834014892578,148.26791381835938,1191.9207763671875,0.01,5e-05
,,,,,866278,1420.0,3738,,,,,,
,,,,,867000,,,20.55450439453125,127.9256591796875,126.88167572021484,997.1724243164062,0.01,5e-05
,,,,,867036,1770.0,3058,,,,,,
,,,,,867779,1600.0,2986,,,,,,
,,,,,868000,,,20.41136932373047,148.56568908691406,149.20925903320312,755.1032104492188,0.01,5e-05
,,,,,868493,1470.0,2858,,,,,,
,,,,,869000,,,16.147010803222656,134.48690795898438,135.86605834960938,1167.6939697265625,0.01,5e-05
,,,,,869207,1610.0,2866,,,,,,
2601.0,347.28806,2900.0,2080.0,3051.6,870000,,,11.153196334838867,120.59017944335938,121.37770080566406,655.5775756835938,0.01,5e-05
,,,,,870118,1970.0,3674,,,,,,
,,,,,870919,2680.0,3226,,,,,,
,,,,,871000,,,47.777076721191406,137.76776123046875,137.39553833007812,1492.912841796875,0.01,5e-05
,,,,,871443,940.0,2114,,,,,,
,,,,,872000,,,21.360963821411133,139.13894653320312,137.629638671875,1154.13916015625,0.01,5e-05
,,,,,872289,1660.0,3410,,,,,,
,,,,,873000,,,11.248476028442383,134.9988555908203,133.2917938232422,1279.01025390625,0.01,5e-05
,,,,,873159,2760.0,3498,,,,,,
,,,,,874000,,,14.179981231689453,123.44987487792969,122.51358795166016,1080.1214599609375,0.01,5e-05
,,,,,874085,1870.0,3714,,,,,,
,,,,,874886,1810.0,3226,,,,,,
,,,,,875000,,,25.752099990844727,142.2718505859375,142.3173828125,777.982177734375,0.01,5e-05
,,,,,875795,1230.0,3642,,,,,,
,,,,,876000,,,17.3206729888916,117.78874206542969,118.21910095214844,835.5834350585938,0.01,5e-05
,,,,,876511,1710.0,2874,,,,,,
,,,,,877000,,,15.977471351623535,132.57015991210938,131.51051330566406,1194.1517333984375,0.01,5e-05
,,,,,877319,1310.0,3250,,,,,,
,,,,,878000,,,18.18379783630371,121.112548828125,122.7908935546875,1372.460693359375,0.01,5e-05
,,,,,878038,960.0,2874,,,,,,
,,,,,878814,1720.0,3106,,,,,,
,,,,,879000,,,20.24664306640625,140.60702514648438,141.64114379882812,1235.380615234375,0.01,5e-05
,,,,,879588,2000.0,3098,,,,,,
1331.0,237.71622,2040.0,1230.0,3285.2,880000,,,39.74009323120117,139.48907470703125,142.4632110595703,2175.221435546875,0.01,5e-05
,,,,,880320,1710.0,2930,,,,,,
,,,,,881000,,,21.74618911743164,149.8265380859375,148.1570281982422,1397.905029296875,0.01,5e-05
,,,,,881143,2430.0,3298,,,,,,
,,,,,881916,1730.0,3098,,,,,,
,,,,,882000,,,24.10115623474121,142.26927185058594,140.8697967529297,1286.9774169921875,0.01,5e-05
,,,,,882609,2570.0,2778,,,,,,
,,,,,883000,,,26.50257110595703,119.3677749633789,120.58797454833984,1202.4912109375,0.01,5e-05
,,,,,883489,2510.0,3522,,,,,,
,,,,,884000,,,17.307971954345703,141.44638061523438,141.31057739257812,1014.7155151367188,0.01,5e-05
,,,,,884342,3150.0,3418,,,,,,
,,,,,885000,,,1076.697265625,120.98957824707031,127.9302978515625,3861.298828125,0.01,5e-05
,,,,,885221,2400.0,3530,,,,,,
,,,,,886000,,,47.403160095214844,139.94029235839844,144.0596160888672,3080.310791015625,0.01,5e-05
,,,,,886067,2160.0,3394,,,,,,
,,,,,887000,,,45.417457580566406,128.4091796875,126.8074951171875,1755.267822265625,0.01,5e-05
,,,,,887012,2320.0,3786,,,,,,
,,,,,887922,2480.0,3650,,,,,,
,,,,,888000,,,1074.7279052734375,111.28462219238281,114.70845031738281,5488.83642578125,0.01,5e-05
,,,,,888536,1510.0,2474,,,,,,
,,,,,889000,,,17.22873878479004,129.1453857421875,129.58273315429688,735.5252685546875,0.01,5e-05
,,,,,889409,3160.0,3506,,,,,,
2250.0,325.3306,2650.0,1880.0,3198.0,890000,,,12.48773193359375,130.1026153564453,128.6768798828125,849.5035400390625,0.01,5e-05
,,,,,890056,1640.0,2594,,,,,,
,,,,,890552,1140.0,2010,,,,,,
,,,,,891000,,,12.55074405670166,140.76776123046875,140.26809692382812,632.9661865234375,0.01,5e-05
,,,,,891222,1400.0,2690,,,,,,
,,,,,891887,1820.0,2666,,,,,,
,,,,,892000,,,21.950374603271484,125.00517272949219,124.4195785522461,961.65625,0.01,5e-05
,,,,,892905,3050.0,4098,,,,,,
,,,,,893000,,,18.191423416137695,141.536376953125,142.21209716796875,719.337890625,0.01,5e-05
,,,,,893741,1840.0,3346,,,,,,
,,,,,894000,,,67.23924255371094,119.40383911132812,120.2317886352539,1512.6773681640625,0.01,5e-05
,,,,,894561,1400.0,3306,,,,,,
,,,,,895000,,,39.9981689453125,137.5548858642578,138.39215087890625,1824.4212646484375,0.01,5e-05
,,,,,895297,1090.0,2970,,,,,,
,,,,,896000,,,29.091209411621094,133.88958740234375,132.32772827148438,1216.008056640625,0.01,5e-05
,,,,,896051,2580.0,3034,,,,,,
,,,,,896836,1430.0,3162,,,,,,
,,,,,897000,,,16.82217025756836,155.03665161132812,154.1405487060547,1061.3428955078125,0.01,5e-05
,,,,,897317,1230.0,1946,,,,,,
,,,,,898000,,,1014.3912963867188,144.67822265625,150.0215606689453,3304.591552734375,0.01,5e-05
,,,,,898039,1850.0,2898,,,,,,
,,,,,898538,1290.0,2002,,,,,,
,,,,,899000,,,21.944732666015625,139.92572021484375,138.13320922851562,1167.4459228515625,0.01,5e-05
,,,,,899377,1220.0,3362,,,,,,
1811.0,785.21906,2780.0,670.0,3232.4,900000,,,28.248554229736328,141.30955505371094,142.30740356445312,1055.4990234375,0.01,5e-05
,,,,,900129,1180.0,3026,,,,,,
,,,,,900944,1370.0,3266,,,,,,
,,,,,901000,,,1216.11474609375,139.02679443359375,144.17068481445312,6369.71728515625,0.01,5e-05
,,,,,901852,1900.0,3650,,,,,,
,,,,,902000,,,16.654327392578125,123.99394226074219,124.59001159667969,887.4999389648438,0.01,5e-05
,,,,,902711,2430.0,3442,,,,,,
,,,,,903000,,,28.389360427856445,144.80413818359375,144.14614868164062,1065.1729736328125,0.01,5e-05
,,,,,903242,920.0,2130,,,,,,
,,,,,904000,,,17.710216522216797,123.00132751464844,123.35428619384766,880.600341796875,0.01,5e-05
,,,,,904139,2250.0,3618,,,,,,
,,,,,904977,960.0,3354,,,,,,
,,,,,905000,,,136.26766967773438,127.65887451171875,131.35110473632812,2010.6383056640625,0.01,5e-05
,,,,,905729,1640.0,3010,,,,,,
,,,,,906000,,,179.6645965576172,144.7418212890625,146.09060668945312,1828.3472900390625,0.01,5e-05
,,,,,906515,2500.0,3170,,,,,,
,,,,,907000,,,37.121986389160156,141.4975128173828,141.18002319335938,1175.029541015625,0.01,5e-05
,,,,,907470,2660.0,3842,,,,,,
,,,,,908000,,,9.172345161437988,151.67208862304688,151.42080688476562,579.093017578125,0.01,5e-05
,,,,,908258,950.0,3178,,,,,,
,,,,,908951,2410.0,2794,,,,,,
,,,,,909000,,,32.3408088684082,133.58851623535156,132.86114501953125,1533.37353515625,0.01,5e-05
,,,,,909737,1950.0,3170,,,,,,
1118.0,455.78064,1590.0,610.0,3005.2,910000,,,16.506816864013672,140.23245239257812,140.68240356445312,997.7835083007812,0.01,5e-05
,,,,,910631,2170.0,3578,,,,,,
,,,,,911000,,,20.66925048828125,149.51278686523438,149.81700134277344,1296.952392578125,0.01,5e-05
,,,,,911296,1120.0,2658,,,,,,
,,,,,911991,1870.0,2786,,,,,,
,,,,,912000,,,19.584150314331055,155.6580047607422,155.5760955810547,756.7295532226562,0.01,5e-05
,,,,,912571,1010.0,2338,,,,,,
,,,,,913000,,,24.24240493774414,142.26022338867188,140.27113342285156,1172.8590087890625,0.01,5e-05
,,,,,913247,1130.0,2706,,,,,,
,,,,,914000,,,768.587890625,146.33969116210938,152.1813507080078,5781.15283203125,0.01,5e-05
,,,,,914048,1980.0,3210,,,,,,
,,,,,914740,1710.0,2794,,,,,,
,,,,,915000,,,17.306955337524414,142.54661560058594,142.0859375,674.420654296875,0.01,5e-05
,,,,,915524,1550.0,3138,,,,,,
,,,,,915990,700.0,1874,,,,,,
,,,,,916000,,,11.464090347290039,154.46060180664062,154.17359924316406,714.83154296875,0.01,5e-05
,,,,,916659,900.0,2682,,,,,,
,,,,,917000,,,227.398193359375,130.97076416015625,132.57003784179688,2082.935791015625,0.01,5e-05
,,,,,917384,1850.0,2930,,,,,,
,,,,,917996,2160.0,2474,,,,,,
,,,,,918000,,,14.222888946533203,135.65863037109375,135.033935546875,683.7574462890625,0.01,5e-05
,,,,,918728,1280.0,2938,,,,,,
,,,,,919000,,,79.3030014038086,149.6291961669922,151.099853515625,2149.234375,0.01,5e-05
,,,,,919390,1710.0,2658,,,,,,
2300.0,240.99792,2570.0,2060.0,3774.0,920000,,,14.457659721374512,128.42587280273438,128.03427124023438,999.784912109375,0.01,5e-05
,,,,,920557,2290.0,4682,,,,,,
,,,,,921000,,,28.417116165161133,150.52943420410156,150.07632446289062,1098.74609375,0.01,5e-05
,,,,,921075,960.0,2074,,,,,,
,,,,,921790,1700.0,2882,,,,,,
,,,,,922000,,,28.13808250427246,121.22334289550781,121.13167572021484,881.9796752929688,0.01,5e-05
,,,,,922364,1400.0,2306,,,,,,
,,,,,923000,,,73.16117858886719,128.950439453125,130.29428100585938,1265.833984375,0.01,5e-05
,,,,,923371,3080.0,4050,,,,,,
,,,,,924000,,,20.700008392333984,152.01744079589844,152.21229553222656,828.1151733398438,0.01,5e-05
,,,,,924192,1490.0,3282,,,,,,
,,,,,924975,1030.0,3154,,,,,,
,,,,,925000,,,25.061813354492188,150.49069213867188,150.69134521484375,1222.490478515625,0.01,5e-05
,,,,,925884,1940.0,3658,,,,,,
,,,,,926000,,,21.915042877197266,129.91827392578125,129.08966064453125,1100.5892333984375,0.01,5e-05
,,,,,926710,1930.0,3314,,,,,,
,,,,,927000,,,28.536821365356445,157.39697265625,155.01748657226562,2018.2313232421875,0.01,5e-05
,,,,,927507,1780.0,3202,,,,,,
,,,,,928000,,,24.86591911315918,134.98403930664062,133.16445922851562,1443.1109619140625,0.01,5e-05
,,,,,928331,1850.0,3314,,,,,,
,,,,,929000,,,32.64011001586914,155.67691040039062,153.36862182617188,1651.9000244140625,0.01,5e-05
,,,,,929194,2350.0,3458,,,,,,
,,,,,929871,1590.0,2722,,,,,,
1374.0,152.39423,1650.0,1260.0,3112.4,930000,,,28.08709716796875,149.615966796875,150.63833618164062,1333.2161865234375,0.01,5e-05
,,,,,930606,1730.0,2938,,,,,,
,,,,,931000,,,27.704566955566406,136.71505737304688,137.15713500976562,1225.0313720703125,0.01,5e-05
,,,,,931646,1540.0,4170,,,,,,
,,,,,932000,,,15.730568885803223,151.284423828125,152.23338317871094,1116.8358154296875,0.01,5e-05
,,,,,932521,1450.0,3522,,,,,,
,,,,,933000,,,1148.4779052734375,121.850830078125,127.23492431640625,6369.6220703125,0.01,5e-05
,,,,,933535,3240.0,4058,,,,,,
,,,,,934000,,,36.72374725341797,138.57525634765625,134.712646484375,2408.924560546875,0.01,5e-05
,,,,,934404,2730.0,3498,,,,,,
,,,,,935000,,,18.38428497314453,163.7541961669922,162.87176513671875,827.6972045898438,0.01,5e-05
,,,,,935292,2150.0,3554,,,,,,
,,,,,935935,3030.0,2578,,,,,,
,,,,,936000,,,16.59282112121582,144.1024169921875,144.16648864746094,780.5669555664062,0.01,5e-05
,,,,,936827,2860.0,3586,,,,,,
,,,,,937000,,,26.490585327148438,127.79306030273438,128.61676025390625,1590.6790771484375,0.01,5e-05
,,,,,937556,1790.0,2946,,,,,,
,,,,,938000,,,1114.00146484375,132.5762176513672,139.83694458007812,6745.29443359375,0.01,5e-05
,,,,,938435,2730.0,3538,,,,,,
,,,,,939000,,,19.013975143432617,137.90774536132812,138.2364501953125,949.981689453125,0.01,5e-05
,,,,,939218,3130.0,3154,,,,,,
2160.0,514.0428,3140.0,1280.0,2766.8,940000,,,736.3367919921875,148.47103881835938,152.22900390625,6409.05029296875,0.01,5e-05
,,,,,940204,2630.0,3962,,,,,,
,,,,,940972,1230.0,3082,,,,,,
,,,,,941000,,,31.44326400756836,155.38836669921875,154.36471557617188,1401.7568359375,0.01,5e-05
,,,,,941544,1300.0,2314,,,,,,
,,,,,942000,,,21.113643646240234,141.2049102783203,139.9517364501953,1646.06884765625,0.01,5e-05
,,,,,942342,1240.0,3194,,,,,,
,,,,,943000,,,33.63648223876953,154.730712890625,154.9849090576172,1084.1531982421875,0.01,5e-05
,,,,,943054,1920.0,2866,,,,,,
,,,,,943892,2510.0,3362,,,,,,
,,,,,944000,,,16.326723098754883,124.47119140625,123.57964324951172,926.5186157226562,0.01,5e-05
,,,,,944519,1750.0,2522,,,,,,
,,,,,945000,,,34.892066955566406,155.57229614257812,156.873046875,1267.895263671875,0.01,5e-05
,,,,,945182,1090.0,2658,,,,,,
,,,,,945974,2600.0,3194,,,,,,
,,,,,946000,,,1302.142333984375,133.25399780273438,139.73562622070312,3952.690673828125,0.01,5e-05
,,,,,946765,1440.0,3170,,,,,,
,,,,,947000,,,40.548622131347656,150.97894287109375,149.67367553710938,1545.83740234375,0.01,5e-05
,,,,,947442,2350.0,2730,,,,,,
,,,,,948000,,,361.4366760253906,129.9541015625,133.2825164794922,2848.196533203125,0.01,5e-05
,,,,,948267,2640.0,3330,,,,,,
,,,,,949000,,,27.67974090576172,152.27642822265625,151.96095275878906,885.7112426757812,0.01,5e-05
,,,,,949181,2310.0,3674,,,,,,
2121.0,766.13904,2980.0,1330.0,3090.8,950000,,,1362.93994140625,133.45211791992188,139.00050354003906,4030.6240234375,0.01,5e-05
,,,,,950189,1850.0,4042,,,,,,
,,,,,950819,1450.0,2546,,,,,,
,,,,,951000,,,58.73653793334961,130.63858032226562,128.5802459716797,1906.062255859375,0.01,5e-05
,,,,,951597,3860.0,3130,,,,,,
,,,,,952000,,,260.6546630859375,144.26712036132812,147.05604553222656,3170.12548828125,0.01,5e-05
,,,,,952256,1260.0,2658,,,,,,
,,,,,952936,1620.0,2730,,,,,,
,,,,,953000,,,15.78416919708252,144.46994018554688,145.63082885742188,888.7451782226562,0.01,5e-05
,,,,,953576,2510.0,2570,,,,,,
,,,,,954000,,,111.6280746459961,135.71109008789062,138.04397583007812,2026.133544921875,0.01,5e-05
,,,,,954201,2230.0,2530,,,,,,
,,,,,954821,2360.0,2498,,,,,,
,,,,,955000,,,34.19524383544922,133.3121337890625,130.9667205810547,1643.6761474609375,0.01,5e-05
,,,,,955642,1810.0,3306,,,,,,
,,,,,956000,,,27.625288009643555,138.37631225585938,138.59027099609375,1310.333251953125,0.01,5e-05
,,,,,956639,1970.0,3994,,,,,,
,,,,,957000,,,42.9158935546875,156.52005004882812,157.84983825683594,1520.470458984375,0.01,5e-05
,,,,,957570,1830.0,3738,,,,,,
,,,,,958000,,,31.058605194091797,144.64353942871094,146.35873413085938,2046.8580322265625,0.01,5e-05
,,,,,958346,4230.0,3122,,,,,,
,,,,,959000,,,15.882568359375,139.6328125,141.07635498046875,1235.80029296875,0.01,5e-05
,,,,,959142,2950.0,3186,,,,,,
,,,,,959694,1350.0,2210,,,,,,
2712.0,573.7386,3850.0,2380.0,3326.8,960000,,,18.693851470947266,136.75704956054688,136.78038024902344,770.2251586914062,0.01,5e-05
,,,,,960379,2100.0,2762,,,,,,
,,,,,961000,,,26.245622634887695,150.73825073242188,150.43551635742188,1109.0972900390625,0.01,5e-05
,,,,,961292,1700.0,3666,,,,,,
,,,,,962000,,,9.243242263793945,155.46615600585938,155.21279907226562,505.4054870605469,0.01,5e-05
,,,,,962011,1310.0,2882,,,,,,
,,,,,962727,2320.0,2874,,,,,,
,,,,,963000,,,74.76061248779297,134.7843780517578,134.9846649169922,1153.913330078125,0.01,5e-05
,,,,,963298,1020.0,2298,,,,,,
,,,,,964000,,,27.917606353759766,149.46054077148438,147.25457763671875,1826.1756591796875,0.01,5e-05
,,,,,964107,1640.0,3258,,,,,,
,,,,,964932,1780.0,3314,,,,,,
,,,,,965000,,,21.488204956054688,153.54000854492188,153.42971801757812,791.6892700195312,0.01,5e-05
,,,,,965457,1340.0,2114,,,,,,
,,,,,966000,,,27.146989822387695,146.469970703125,146.77764892578125,991.2429809570312,0.01,5e-05
,,,,,966251,2530.0,3194,,,,,,
,,,,,967000,,,1287.733154296875,154.5537109375,162.40725708007812,6306.3916015625,0.01,5e-05
,,,,,967036,1290.0,3162,,,,,,
,,,,,967712,1150.0,2722,,,,,,
,,,,,968000,,,1412.5076904296875,138.28701782226562,147.98399353027344,4981.96142578125,0.01,5e-05
,,,,,968627,1940.0,3674,,,,,,
,,,,,969000,,,40.95574188232422,134.62155151367188,133.43026733398438,1637.6419677734375,0.01,5e-05
,,,,,969641,2050.0,4074,,,,,,
1412.0,649.50446,3160.0,790.0,3316.4,970000,,,45.04642868041992,124.63473510742188,125.31743621826172,1752.23828125,0.01,5e-05
,,,,,970433,1330.0,3194,,,,,,
,,,,,971000,,,1277.737060546875,133.89349365234375,139.813232421875,7270.533203125,0.01,5e-05
,,,,,971114,2210.0,2738,,,,,,
,,,,,971905,3190.0,3178,,,,,,
,,,,,972000,,,25.988069534301758,118.81193542480469,118.04769897460938,1338.546630859375,0.01,5e-05
,,,,,972866,1700.0,3866,,,,,,
,,,,,973000,,,16.894954681396484,143.52789306640625,143.01919555664062,785.720703125,0.01,5e-05
,,,,,973525,2260.0,2642,,,,,,
,,,,,974000,,,7.442948818206787,134.66497802734375,134.41680908203125,492.8116760253906,0.01,5e-05
,,,,,974723,3190.0,4794,,,,,,
,,,,,975000,,,69.33554077148438,148.18035888671875,146.04144287109375,3216.33349609375,0.01,5e-05
,,,,,975455,1780.0,2954,,,,,,
,,,,,976000,,,27.52328872680664,132.6526336669922,133.1262664794922,998.4183959960938,0.01,5e-05
,,,,,976300,1750.0,3386,,,,,,
,,,,,977000,,,23.198780059814453,129.98989868164062,130.39071655273438,947.4328002929688,0.01,5e-05
,,,,,977068,1760.0,3074,,,,,,
,,,,,977731,1900.0,2674,,,,,,
,,,,,978000,,,11.289009094238281,145.37228393554688,144.49868774414062,920.3250732421875,0.01,5e-05
,,,,,978646,1720.0,3682,,,,,,
,,,,,979000,,,308.77960205078125,125.15032196044922,124.64903259277344,7410.26708984375,0.01,5e-05
,,,,,979410,2360.0,3058,,,,,,
1992.0,374.80127,2600.0,1480.0,3451.6,980000,,,15.624547958374023,146.91842651367188,147.23008728027344,755.4627075195312,0.01,5e-05
,,,,,980475,3910.0,4274,,,,,,
,,,,,981000,,,27.73366928100586,123.73149108886719,124.49980163574219,959.9568481445312,0.01,5e-05
,,,,,981424,3040.0,3810,,,,,,
,,,,,981922,1260.0,2018,,,,,,
,,,,,982000,,,19.24985694885254,138.79518127441406,139.07867431640625,870.8579711914062,0.01,5e-05
,,,,,982631,1550.0,2842,,,,,,
,,,,,983000,,,17.551918029785156,129.5167694091797,129.8028564453125,918.3005981445312,0.01,5e-05
,,,,,983557,2120.0,3730,,,,,,
,,,,,984000,,,268.4508972167969,143.27584838867188,144.7840576171875,2516.808837890625,0.01,5e-05
,,,,,984200,1280.0,2578,,,,,,
,,,,,984947,2010.0,3010,,,,,,
,,,,,985000,,,14.780721664428711,152.99008178710938,153.78167724609375,753.869140625,0.01,5e-05
,,,,,985462,2120.0,2066,,,,,,
,,,,,986000,,,46.06291198730469,129.3459014892578,131.782958984375,1876.7060546875,0.01,5e-05
,,,,,986256,2930.0,3202,,,,,,
,,,,,986971,1850.0,2858,,,,,,
,,,,,987000,,,10.502470016479492,104.40878295898438,104.24488067626953,600.769287109375,0.01,5e-05
,,,,,987807,1600.0,3346,,,,,,
,,,,,988000,,,23.562715530395508,139.22564697265625,138.71743774414062,1239.230224609375,0.01,5e-05
,,,,,988735,1790.0,3714,,,,,,
,,,,,989000,,,24.832929611206055,129.8865203857422,131.95263671875,1422.07373046875,0.01,5e-05
,,,,,989550,2360.0,3266,,,,,,
2401.0,568.25085,2900.0,1310.0,3209.2,990000,,,19.177387237548828,163.1363983154297,160.7117919921875,1593.2674560546875,0.01,5e-05
,,,,,990315,1620.0,3066,,,,,,
,,,,,991000,,,25.89114761352539,140.30294799804688,138.39060974121094,1233.9207763671875,0.01,5e-05
,,,,,991291,4130.0,3930,,,,,,
,,,,,992000,,,11.01348876953125,140.31369018554688,141.39334106445312,784.8035278320312,0.01,5e-05
,,,,,992213,3430.0,3706,,,,,,
,,,,,993000,,,26.722225189208984,138.6397247314453,139.0356903076172,1206.9761962890625,0.01,5e-05
,,,,,993051,1840.0,3354,,,,,,
,,,,,994000,,,13.758779525756836,157.7403564453125,157.18377685546875,795.4098510742188,0.01,5e-05
,,,,,994239,2850.0,4762,,,,,,
,,,,,994953,2400.0,2882,,,,,,
,,,,,995000,,,20.077842712402344,147.7516632080078,146.8702392578125,847.5531616210938,0.01,5e-05
,,,,,995848,2440.0,3578,,,,,,
,,,,,996000,,,1212.6033935546875,115.40203094482422,121.31748962402344,14497.8515625,0.01,5e-05
,,,,,996737,1740.0,3578,,,,,,
,,,,,997000,,,67.87455749511719,126.07206726074219,128.50326538085938,1532.630126953125,0.01,5e-05
,,,,,997475,2910.0,2962,,,,,,
,,,,,998000,,,9.370433807373047,133.06346130371094,132.75869750976562,515.2757568359375,0.01,5e-05
,,,,,998522,1780.0,4210,,,,,,
,,,,,999000,,,39.47663116455078,170.9591064453125,172.8040008544922,1451.029541015625,0.01,5e-05
,,,,,999163,1560.0,2586,,,,,,
