Eval_AverageReturn,Eval_StdReturn,Eval_MaxReturn,Eval_MinReturn,Eval_AverageEpLen,step,Train_EpisodeReturn,Train_EpisodeLen,actor_loss,entropy,critic_loss,q_values,target_values,actor_lr,critic_lr,temperature
8.1,5.4120235,18.0,3.0,8.1,0,,,,,,,,,,
,,,,,8,9.0,9,,,,,,,,
,,,,,15,7.0,7,,,,,,,,
,,,,,19,4.0,4,,,,,,,,
,,,,,23,4.0,4,,,,,,,,
,,,,,27,4.0,4,,,,,,,,
,,,,,31,4.0,4,,,,,,,,
,,,,,37,6.0,6,,,,,,,,
,,,,,41,4.0,4,,,,,,,,
,,,,,46,5.0,5,,,,,,,,
,,,,,49,3.0,3,,,,,,,,
,,,,,56,7.0,7,,,,,,,,
,,,,,67,11.0,11,,,,,,,,
,,,,,74,7.0,7,,,,,,,,
,,,,,79,5.0,5,,,,,,,,
,,,,,83,4.0,4,,,,,,,,
,,,,,89,6.0,6,,,,,,,,
,,,,,93,4.0,4,,,,,,,,
,,,,,96,3.0,3,,,,,,,,
,,,,,107,11.0,11,,,,,,,,
,,,,,110,3.0,3,,,,,,,,
,,,,,116,6.0,6,,,,,,,,
,,,,,125,9.0,9,,,,,,,,
,,,,,129,4.0,4,,,,,,,,
,,,,,133,4.0,4,,,,,,,,
,,,,,136,3.0,3,,,,,,,,
,,,,,144,8.0,8,,,,,,,,
,,,,,148,4.0,4,,,,,,,,
,,,,,152,4.0,4,,,,,,,,
,,,,,157,5.0,5,,,,,,,,
,,,,,170,13.0,13,,,,,,,,
,,,,,174,4.0,4,,,,,,,,
,,,,,191,17.0,17,,,,,,,,
,,,,,194,3.0,3,,,,,,,,
,,,,,208,14.0,14,,,,,,,,
,,,,,217,9.0,9,,,,,,,,
,,,,,221,4.0,4,,,,,,,,
,,,,,226,5.0,5,,,,,,,,
,,,,,232,6.0,6,,,,,,,,
,,,,,235,3.0,3,,,,,,,,
,,,,,240,5.0,5,,,,,,,,
,,,,,248,8.0,8,,,,,,,,
,,,,,252,4.0,4,,,,,,,,
,,,,,255,3.0,3,,,,,,,,
,,,,,264,9.0,9,,,,,,,,
,,,,,268,4.0,4,,,,,,,,
,,,,,271,3.0,3,,,,,,,,
,,,,,274,3.0,3,,,,,,,,
,,,,,279,5.0,5,,,,,,,,
,,,,,284,5.0,5,,,,,,,,
,,,,,287,3.0,3,,,,,,,,
,,,,,291,4.0,4,,,,,,,,
,,,,,295,4.0,4,,,,,,,,
,,,,,310,15.0,15,,,,,,,,
,,,,,317,7.0,7,,,,,,,,
,,,,,320,3.0,3,,,,,,,,
,,,,,323,3.0,3,,,,,,,,
,,,,,327,4.0,4,,,,,,,,
,,,,,332,5.0,5,,,,,,,,
,,,,,335,3.0,3,,,,,,,,
,,,,,347,12.0,12,,,,,,,,
,,,,,352,5.0,5,,,,,,,,
,,,,,358,6.0,6,,,,,,,,
,,,,,364,6.0,6,,,,,,,,
,,,,,368,4.0,4,,,,,,,,
,,,,,374,6.0,6,,,,,,,,
,,,,,378,4.0,4,,,,,,,,
,,,,,381,3.0,3,,,,,,,,
,,,,,384,3.0,3,,,,,,,,
,,,,,405,21.0,21,,,,,,,,
,,,,,413,8.0,8,,,,,,,,
,,,,,417,4.0,4,,,,,,,,
,,,,,420,3.0,3,,,,,,,,
,,,,,423,3.0,3,,,,,,,,
,,,,,428,5.0,5,,,,,,,,
,,,,,433,5.0,5,,,,,,,,
,,,,,441,8.0,8,,,,,,,,
,,,,,444,3.0,3,,,,,,,,
,,,,,457,13.0,13,,,,,,,,
,,,,,460,3.0,3,,,,,,,,
,,,,,464,4.0,4,,,,,,,,
,,,,,471,7.0,7,,,,,,,,
,,,,,476,5.0,5,,,,,,,,
,,,,,479,3.0,3,,,,,,,,
,,,,,485,6.0,6,,,,,,,,
,,,,,488,3.0,3,,,,,,,,
,,,,,492,4.0,4,,,,,,,,
,,,,,495,3.0,3,,,,,,,,
,,,,,499,4.0,4,,,,,,,,
,,,,,502,3.0,3,,,,,,,,
,,,,,506,4.0,4,,,,,,,,
,,,,,509,3.0,3,,,,,,,,
,,,,,516,7.0,7,,,,,,,,
,,,,,519,3.0,3,,,,,,,,
,,,,,524,5.0,5,,,,,,,,
,,,,,533,9.0,9,,,,,,,,
,,,,,539,6.0,6,,,,,,,,
,,,,,546,7.0,7,,,,,,,,
,,,,,553,7.0,7,,,,,,,,
,,,,,558,5.0,5,,,,,,,,
,,,,,562,4.0,4,,,,,,,,
,,,,,567,5.0,5,,,,,,,,
,,,,,572,5.0,5,,,,,,,,
,,,,,579,7.0,7,,,,,,,,
,,,,,583,4.0,4,,,,,,,,
,,,,,590,7.0,7,,,,,,,,
,,,,,602,12.0,12,,,,,,,,
,,,,,606,4.0,4,,,,,,,,
,,,,,613,7.0,7,,,,,,,,
,,,,,616,3.0,3,,,,,,,,
,,,,,620,4.0,4,,,,,,,,
,,,,,633,13.0,13,,,,,,,,
,,,,,643,10.0,10,,,,,,,,
,,,,,649,6.0,6,,,,,,,,
,,,,,654,5.0,5,,,,,,,,
,,,,,659,5.0,5,,,,,,,,
,,,,,672,13.0,13,,,,,,,,
,,,,,677,5.0,5,,,,,,,,
,,,,,685,8.0,8,,,,,,,,
,,,,,694,9.0,9,,,,,,,,
,,,,,700,6.0,6,,,,,,,,
,,,,,715,15.0,15,,,,,,,,
,,,,,719,4.0,4,,,,,,,,
,,,,,723,4.0,4,,,,,,,,
,,,,,728,5.0,5,,,,,,,,
,,,,,741,13.0,13,,,,,,,,
,,,,,750,9.0,9,,,,,,,,
,,,,,754,4.0,4,,,,,,,,
,,,,,757,3.0,3,,,,,,,,
,,,,,761,4.0,4,,,,,,,,
,,,,,767,6.0,6,,,,,,,,
,,,,,772,5.0,5,,,,,,,,
,,,,,775,3.0,3,,,,,,,,
,,,,,783,8.0,8,,,,,,,,
,,,,,809,26.0,26,,,,,,,,
,,,,,815,6.0,6,,,,,,,,
,,,,,825,10.0,10,,,,,,,,
,,,,,840,15.0,15,,,,,,,,
,,,,,844,4.0,4,,,,,,,,
,,,,,857,13.0,13,,,,,,,,
,,,,,869,12.0,12,,,,,,,,
,,,,,872,3.0,3,,,,,,,,
,,,,,875,3.0,3,,,,,,,,
,,,,,879,4.0,4,,,,,,,,
,,,,,882,3.0,3,,,,,,,,
,,,,,888,6.0,6,,,,,,,,
,,,,,897,9.0,9,,,,,,,,
,,,,,905,8.0,8,,,,,,,,
,,,,,909,4.0,4,,,,,,,,
,,,,,913,4.0,4,,,,,,,,
,,,,,916,3.0,3,,,,,,,,
,,,,,922,6.0,6,,,,,,,,
,,,,,925,3.0,3,,,,,,,,
,,,,,930,5.0,5,,,,,,,,
,,,,,938,8.0,8,,,,,,,,
,,,,,942,4.0,4,,,,,,,,
,,,,,949,7.0,7,,,,,,,,
,,,,,967,18.0,18,,,,,,,,
,,,,,971,4.0,4,,,,,,,,
,,,,,975,4.0,4,,,,,,,,
,,,,,982,7.0,7,,,,,,,,
,,,,,988,6.0,6,,,,,,,,
,,,,,994,6.0,6,,,,,,,,
,,,,,1008,14.0,14,,,,,,,,
,,,,,1013,5.0,5,,,,,,,,
,,,,,1016,3.0,3,,,,,,,,
,,,,,1024,8.0,8,,,,,,,,
,,,,,1028,4.0,4,,,,,,,,
,,,,,1032,4.0,4,,,,,,,,
,,,,,1048,16.0,16,,,,,,,,
,,,,,1063,15.0,15,,,,,,,,
,,,,,1070,7.0,7,,,,,,,,
,,,,,1074,4.0,4,,,,,,,,
,,,,,1077,3.0,3,,,,,,,,
,,,,,1080,3.0,3,,,,,,,,
,,,,,1092,12.0,12,,,,,,,,
,,,,,1117,25.0,25,,,,,,,,
,,,,,1121,4.0,4,,,,,,,,
,,,,,1125,4.0,4,,,,,,,,
,,,,,1136,11.0,11,,,,,,,,
,,,,,1139,3.0,3,,,,,,,,
,,,,,1142,3.0,3,,,,,,,,
,,,,,1145,3.0,3,,,,,,,,
,,,,,1152,7.0,7,,,,,,,,
,,,,,1155,3.0,3,,,,,,,,
,,,,,1158,3.0,3,,,,,,,,
,,,,,1162,4.0,4,,,,,,,,
,,,,,1167,5.0,5,,,,,,,,
,,,,,1170,3.0,3,,,,,,,,
,,,,,1174,4.0,4,,,,,,,,
,,,,,1177,3.0,3,,,,,,,,
,,,,,1185,8.0,8,,,,,,,,
,,,,,1189,4.0,4,,,,,,,,
,,,,,1192,3.0,3,,,,,,,,
,,,,,1195,3.0,3,,,,,,,,
,,,,,1205,10.0,10,,,,,,,,
,,,,,1216,11.0,11,,,,,,,,
,,,,,1230,14.0,14,,,,,,,,
,,,,,1246,16.0,16,,,,,,,,
,,,,,1257,11.0,11,,,,,,,,
,,,,,1261,4.0,4,,,,,,,,
,,,,,1266,5.0,5,,,,,,,,
,,,,,1278,12.0,12,,,,,,,,
,,,,,1282,4.0,4,,,,,,,,
,,,,,1287,5.0,5,,,,,,,,
,,,,,1292,5.0,5,,,,,,,,
,,,,,1296,4.0,4,,,,,,,,
,,,,,1304,8.0,8,,,,,,,,
,,,,,1309,5.0,5,,,,,,,,
,,,,,1322,13.0,13,,,,,,,,
,,,,,1325,3.0,3,,,,,,,,
,,,,,1330,5.0,5,,,,,,,,
,,,,,1338,8.0,8,,,,,,,,
,,,,,1345,7.0,7,,,,,,,,
,,,,,1356,11.0,11,,,,,,,,
,,,,,1359,3.0,3,,,,,,,,
,,,,,1364,5.0,5,,,,,,,,
,,,,,1373,9.0,9,,,,,,,,
,,,,,1390,17.0,17,,,,,,,,
,,,,,1395,5.0,5,,,,,,,,
,,,,,1406,11.0,11,,,,,,,,
,,,,,1419,13.0,13,,,,,,,,
,,,,,1424,5.0,5,,,,,,,,
,,,,,1439,15.0,15,,,,,,,,
,,,,,1444,5.0,5,,,,,,,,
,,,,,1448,4.0,4,,,,,,,,
,,,,,1458,10.0,10,,,,,,,,
,,,,,1465,7.0,7,,,,,,,,
,,,,,1468,3.0,3,,,,,,,,
,,,,,1471,3.0,3,,,,,,,,
,,,,,1484,13.0,13,,,,,,,,
,,,,,1501,17.0,17,,,,,,,,
,,,,,1509,8.0,8,,,,,,,,
,,,,,1514,5.0,5,,,,,,,,
,,,,,1524,10.0,10,,,,,,,,
,,,,,1530,6.0,6,,,,,,,,
,,,,,1537,7.0,7,,,,,,,,
,,,,,1544,7.0,7,,,,,,,,
,,,,,1547,3.0,3,,,,,,,,
,,,,,1560,13.0,13,,,,,,,,
,,,,,1572,12.0,12,,,,,,,,
,,,,,1575,3.0,3,,,,,,,,
,,,,,1584,9.0,9,,,,,,,,
,,,,,1588,4.0,4,,,,,,,,
,,,,,1592,4.0,4,,,,,,,,
,,,,,1595,3.0,3,,,,,,,,
,,,,,1601,6.0,6,,,,,,,,
,,,,,1606,5.0,5,,,,,,,,
,,,,,1610,4.0,4,,,,,,,,
,,,,,1624,14.0,14,,,,,,,,
,,,,,1641,17.0,17,,,,,,,,
,,,,,1649,8.0,8,,,,,,,,
,,,,,1655,6.0,6,,,,,,,,
,,,,,1660,5.0,5,,,,,,,,
,,,,,1671,11.0,11,,,,,,,,
,,,,,1677,6.0,6,,,,,,,,
,,,,,1685,8.0,8,,,,,,,,
,,,,,1690,5.0,5,,,,,,,,
,,,,,1695,5.0,5,,,,,,,,
,,,,,1714,19.0,19,,,,,,,,
,,,,,1717,3.0,3,,,,,,,,
,,,,,1730,13.0,13,,,,,,,,
,,,,,1737,7.0,7,,,,,,,,
,,,,,1744,7.0,7,,,,,,,,
,,,,,1749,5.0,5,,,,,,,,
,,,,,1753,4.0,4,,,,,,,,
,,,,,1758,5.0,5,,,,,,,,
,,,,,1761,3.0,3,,,,,,,,
,,,,,1766,5.0,5,,,,,,,,
,,,,,1787,21.0,21,,,,,,,,
,,,,,1790,3.0,3,,,,,,,,
,,,,,1794,4.0,4,,,,,,,,
,,,,,1798,4.0,4,,,,,,,,
,,,,,1805,7.0,7,,,,,,,,
,,,,,1810,5.0,5,,,,,,,,
,,,,,1813,3.0,3,,,,,,,,
,,,,,1821,8.0,8,,,,,,,,
,,,,,1839,18.0,18,,,,,,,,
,,,,,1847,8.0,8,,,,,,,,
,,,,,1851,4.0,4,,,,,,,,
,,,,,1855,4.0,4,,,,,,,,
,,,,,1869,14.0,14,,,,,,,,
,,,,,1883,14.0,14,,,,,,,,
,,,,,1887,4.0,4,,,,,,,,
,,,,,1891,4.0,4,,,,,,,,
,,,,,1894,3.0,3,,,,,,,,
,,,,,1897,3.0,3,,,,,,,,
,,,,,1902,5.0,5,,,,,,,,
,,,,,1914,12.0,12,,,,,,,,
,,,,,1926,12.0,12,,,,,,,,
,,,,,1935,9.0,9,,,,,,,,
,,,,,1945,10.0,10,,,,,,,,
,,,,,1953,8.0,8,,,,,,,,
,,,,,1961,8.0,8,,,,,,,,
,,,,,1970,9.0,9,,,,,,,,
,,,,,1973,3.0,3,,,,,,,,
,,,,,1980,7.0,7,,,,,,,,
,,,,,1992,12.0,12,,,,,,,,
,,,,,1996,4.0,4,,,,,,,,
,,,,,2000,4.0,4,,,,,,,,
,,,,,2005,5.0,5,,,,,,,,
,,,,,2008,3.0,3,,,,,,,,
,,,,,2014,6.0,6,,,,,,,,
,,,,,2021,7.0,7,,,,,,,,
,,,,,2024,3.0,3,,,,,,,,
,,,,,2028,4.0,4,,,,,,,,
,,,,,2038,10.0,10,,,,,,,,
,,,,,2066,28.0,28,,,,,,,,
,,,,,2082,16.0,16,,,,,,,,
,,,,,2086,4.0,4,,,,,,,,
,,,,,2091,5.0,5,,,,,,,,
,,,,,2102,11.0,11,,,,,,,,
,,,,,2116,14.0,14,,,,,,,,
,,,,,2123,7.0,7,,,,,,,,
,,,,,2139,16.0,16,,,,,,,,
,,,,,2143,4.0,4,,,,,,,,
,,,,,2150,7.0,7,,,,,,,,
,,,,,2159,9.0,9,,,,,,,,
,,,,,2166,7.0,7,,,,,,,,
,,,,,2172,6.0,6,,,,,,,,
,,,,,2187,15.0,15,,,,,,,,
,,,,,2196,9.0,9,,,,,,,,
,,,,,2202,6.0,6,,,,,,,,
,,,,,2209,7.0,7,,,,,,,,
,,,,,2218,9.0,9,,,,,,,,
,,,,,2221,3.0,3,,,,,,,,
,,,,,2224,3.0,3,,,,,,,,
,,,,,2229,5.0,5,,,,,,,,
,,,,,2236,7.0,7,,,,,,,,
,,,,,2240,4.0,4,,,,,,,,
,,,,,2245,5.0,5,,,,,,,,
,,,,,2262,17.0,17,,,,,,,,
,,,,,2273,11.0,11,,,,,,,,
,,,,,2276,3.0,3,,,,,,,,
,,,,,2281,5.0,5,,,,,,,,
,,,,,2294,13.0,13,,,,,,,,
,,,,,2299,5.0,5,,,,,,,,
,,,,,2309,10.0,10,,,,,,,,
,,,,,2317,8.0,8,,,,,,,,
,,,,,2328,11.0,11,,,,,,,,
,,,,,2338,10.0,10,,,,,,,,
,,,,,2349,11.0,11,,,,,,,,
,,,,,2353,4.0,4,,,,,,,,
,,,,,2357,4.0,4,,,,,,,,
,,,,,2360,3.0,3,,,,,,,,
,,,,,2364,4.0,4,,,,,,,,
,,,,,2375,11.0,11,,,,,,,,
,,,,,2408,33.0,33,,,,,,,,
,,,,,2413,5.0,5,,,,,,,,
,,,,,2417,4.0,4,,,,,,,,
,,,,,2424,7.0,7,,,,,,,,
,,,,,2430,6.0,6,,,,,,,,
,,,,,2441,11.0,11,,,,,,,,
,,,,,2444,3.0,3,,,,,,,,
,,,,,2454,10.0,10,,,,,,,,
,,,,,2457,3.0,3,,,,,,,,
,,,,,2465,8.0,8,,,,,,,,
,,,,,2469,4.0,4,,,,,,,,
,,,,,2474,5.0,5,,,,,,,,
,,,,,2478,4.0,4,,,,,,,,
,,,,,2483,5.0,5,,,,,,,,
,,,,,2487,4.0,4,,,,,,,,
,,,,,2492,5.0,5,,,,,,,,
,,,,,2498,6.0,6,,,,,,,,
,,,,,2508,10.0,10,,,,,,,,
,,,,,2515,7.0,7,,,,,,,,
,,,,,2529,14.0,14,,,,,,,,
,,,,,2534,5.0,5,,,,,,,,
,,,,,2537,3.0,3,,,,,,,,
,,,,,2550,13.0,13,,,,,,,,
,,,,,2562,12.0,12,,,,,,,,
,,,,,2570,8.0,8,,,,,,,,
,,,,,2574,4.0,4,,,,,,,,
,,,,,2579,5.0,5,,,,,,,,
,,,,,2585,6.0,6,,,,,,,,
,,,,,2589,4.0,4,,,,,,,,
,,,,,2599,10.0,10,,,,,,,,
,,,,,2604,5.0,5,,,,,,,,
,,,,,2613,9.0,9,,,,,,,,
,,,,,2618,5.0,5,,,,,,,,
,,,,,2625,7.0,7,,,,,,,,
,,,,,2629,4.0,4,,,,,,,,
,,,,,2659,30.0,30,,,,,,,,
,,,,,2670,11.0,11,,,,,,,,
,,,,,2679,9.0,9,,,,,,,,
,,,,,2682,3.0,3,,,,,,,,
,,,,,2689,7.0,7,,,,,,,,
,,,,,2694,5.0,5,,,,,,,,
,,,,,2698,4.0,4,,,,,,,,
,,,,,2702,4.0,4,,,,,,,,
,,,,,2712,10.0,10,,,,,,,,
,,,,,2719,7.0,7,,,,,,,,
,,,,,2728,9.0,9,,,,,,,,
,,,,,2736,8.0,8,,,,,,,,
,,,,,2753,17.0,17,,,,,,,,
,,,,,2762,9.0,9,,,,,,,,
,,,,,2768,6.0,6,,,,,,,,
,,,,,2772,4.0,4,,,,,,,,
,,,,,2779,7.0,7,,,,,,,,
,,,,,2783,4.0,4,,,,,,,,
,,,,,2789,6.0,6,,,,,,,,
,,,,,2794,5.0,5,,,,,,,,
,,,,,2813,19.0,19,,,,,,,,
,,,,,2822,9.0,9,,,,,,,,
,,,,,2828,6.0,6,,,,,,,,
,,,,,2832,4.0,4,,,,,,,,
,,,,,2839,7.0,7,,,,,,,,
,,,,,2853,14.0,14,,,,,,,,
,,,,,2864,11.0,11,,,,,,,,
,,,,,2869,5.0,5,,,,,,,,
,,,,,2874,5.0,5,,,,,,,,
,,,,,2882,8.0,8,,,,,,,,
,,,,,2897,15.0,15,,,,,,,,
,,,,,2912,15.0,15,,,,,,,,
,,,,,2915,3.0,3,,,,,,,,
,,,,,2918,3.0,3,,,,,,,,
,,,,,2923,5.0,5,,,,,,,,
,,,,,2929,6.0,6,,,,,,,,
,,,,,2937,8.0,8,,,,,,,,
,,,,,2943,6.0,6,,,,,,,,
,,,,,2951,8.0,8,,,,,,,,
,,,,,2963,12.0,12,,,,,,,,
,,,,,2971,8.0,8,,,,,,,,
,,,,,2975,4.0,4,,,,,,,,
,,,,,2982,7.0,7,,,,,,,,
,,,,,2988,6.0,6,,,,,,,,
,,,,,2995,7.0,7,,,,,,,,
,,,,,3002,7.0,7,,,,,,,,
,,,,,3005,3.0,3,,,,,,,,
,,,,,3009,4.0,4,,,,,,,,
,,,,,3024,15.0,15,,,,,,,,
,,,,,3027,3.0,3,,,,,,,,
,,,,,3034,7.0,7,,,,,,,,
,,,,,3040,6.0,6,,,,,,,,
,,,,,3045,5.0,5,,,,,,,,
,,,,,3052,7.0,7,,,,,,,,
,,,,,3060,8.0,8,,,,,,,,
,,,,,3066,6.0,6,,,,,,,,
,,,,,3070,4.0,4,,,,,,,,
,,,,,3074,4.0,4,,,,,,,,
,,,,,3086,12.0,12,,,,,,,,
,,,,,3090,4.0,4,,,,,,,,
,,,,,3094,4.0,4,,,,,,,,
,,,,,3097,3.0,3,,,,,,,,
,,,,,3110,13.0,13,,,,,,,,
,,,,,3113,3.0,3,,,,,,,,
,,,,,3117,4.0,4,,,,,,,,
,,,,,3120,3.0,3,,,,,,,,
,,,,,3123,3.0,3,,,,,,,,
,,,,,3127,4.0,4,,,,,,,,
,,,,,3131,4.0,4,,,,,,,,
,,,,,3135,4.0,4,,,,,,,,
,,,,,3144,9.0,9,,,,,,,,
,,,,,3148,4.0,4,,,,,,,,
,,,,,3154,6.0,6,,,,,,,,
,,,,,3158,4.0,4,,,,,,,,
,,,,,3166,8.0,8,,,,,,,,
,,,,,3171,5.0,5,,,,,,,,
,,,,,3182,11.0,11,,,,,,,,
,,,,,3185,3.0,3,,,,,,,,
,,,,,3189,4.0,4,,,,,,,,
,,,,,3194,5.0,5,,,,,,,,
,,,,,3198,4.0,4,,,,,,,,
,,,,,3202,4.0,4,,,,,,,,
,,,,,3212,10.0,10,,,,,,,,
,,,,,3222,10.0,10,,,,,,,,
,,,,,3228,6.0,6,,,,,,,,
,,,,,3235,7.0,7,,,,,,,,
,,,,,3241,6.0,6,,,,,,,,
,,,,,3253,12.0,12,,,,,,,,
,,,,,3258,5.0,5,,,,,,,,
,,,,,3268,10.0,10,,,,,,,,
,,,,,3273,5.0,5,,,,,,,,
,,,,,3279,6.0,6,,,,,,,,
,,,,,3287,8.0,8,,,,,,,,
,,,,,3296,9.0,9,,,,,,,,
,,,,,3299,3.0,3,,,,,,,,
,,,,,3302,3.0,3,,,,,,,,
,,,,,3308,6.0,6,,,,,,,,
,,,,,3312,4.0,4,,,,,,,,
,,,,,3325,13.0,13,,,,,,,,
,,,,,3333,8.0,8,,,,,,,,
,,,,,3350,17.0,17,,,,,,,,
,,,,,3353,3.0,3,,,,,,,,
,,,,,3364,11.0,11,,,,,,,,
,,,,,3378,14.0,14,,,,,,,,
,,,,,3390,12.0,12,,,,,,,,
,,,,,3396,6.0,6,,,,,,,,
,,,,,3414,18.0,18,,,,,,,,
,,,,,3429,15.0,15,,,,,,,,
,,,,,3436,7.0,7,,,,,,,,
,,,,,3442,6.0,6,,,,,,,,
,,,,,3447,5.0,5,,,,,,,,
,,,,,3468,21.0,21,,,,,,,,
,,,,,3473,5.0,5,,,,,,,,
,,,,,3489,16.0,16,,,,,,,,
,,,,,3495,6.0,6,,,,,,,,
,,,,,3501,6.0,6,,,,,,,,
,,,,,3509,8.0,8,,,,,,,,
,,,,,3516,7.0,7,,,,,,,,
,,,,,3521,5.0,5,,,,,,,,
,,,,,3530,9.0,9,,,,,,,,
,,,,,3533,3.0,3,,,,,,,,
,,,,,3537,4.0,4,,,,,,,,
,,,,,3542,5.0,5,,,,,,,,
,,,,,3552,10.0,10,,,,,,,,
,,,,,3556,4.0,4,,,,,,,,
,,,,,3566,10.0,10,,,,,,,,
,,,,,3582,16.0,16,,,,,,,,
,,,,,3585,3.0,3,,,,,,,,
,,,,,3592,7.0,7,,,,,,,,
,,,,,3599,7.0,7,,,,,,,,
,,,,,3607,8.0,8,,,,,,,,
,,,,,3611,4.0,4,,,,,,,,
,,,,,3618,7.0,7,,,,,,,,
,,,,,3627,9.0,9,,,,,,,,
,,,,,3639,12.0,12,,,,,,,,
,,,,,3643,4.0,4,,,,,,,,
,,,,,3648,5.0,5,,,,,,,,
,,,,,3664,16.0,16,,,,,,,,
,,,,,3668,4.0,4,,,,,,,,
,,,,,3672,4.0,4,,,,,,,,
,,,,,3680,8.0,8,,,,,,,,
,,,,,3693,13.0,13,,,,,,,,
,,,,,3708,15.0,15,,,,,,,,
,,,,,3714,6.0,6,,,,,,,,
,,,,,3721,7.0,7,,,,,,,,
,,,,,3725,4.0,4,,,,,,,,
,,,,,3736,11.0,11,,,,,,,,
,,,,,3741,5.0,5,,,,,,,,
,,,,,3745,4.0,4,,,,,,,,
,,,,,3755,10.0,10,,,,,,,,
,,,,,3758,3.0,3,,,,,,,,
,,,,,3767,9.0,9,,,,,,,,
,,,,,3773,6.0,6,,,,,,,,
,,,,,3779,6.0,6,,,,,,,,
,,,,,3782,3.0,3,,,,,,,,
,,,,,3792,10.0,10,,,,,,,,
,,,,,3811,19.0,19,,,,,,,,
,,,,,3823,12.0,12,,,,,,,,
,,,,,3828,5.0,5,,,,,,,,
,,,,,3831,3.0,3,,,,,,,,
,,,,,3837,6.0,6,,,,,,,,
,,,,,3842,5.0,5,,,,,,,,
,,,,,3845,3.0,3,,,,,,,,
,,,,,3867,22.0,22,,,,,,,,
,,,,,3873,6.0,6,,,,,,,,
,,,,,3877,4.0,4,,,,,,,,
,,,,,3882,5.0,5,,,,,,,,
,,,,,3886,4.0,4,,,,,,,,
,,,,,3891,5.0,5,,,,,,,,
,,,,,3895,4.0,4,,,,,,,,
,,,,,3900,5.0,5,,,,,,,,
,,,,,3909,9.0,9,,,,,,,,
,,,,,3913,4.0,4,,,,,,,,
,,,,,3917,4.0,4,,,,,,,,
,,,,,3921,4.0,4,,,,,,,,
,,,,,3925,4.0,4,,,,,,,,
,,,,,3929,4.0,4,,,,,,,,
,,,,,3934,5.0,5,,,,,,,,
,,,,,3942,8.0,8,,,,,,,,
,,,,,3953,11.0,11,,,,,,,,
,,,,,3956,3.0,3,,,,,,,,
,,,,,3961,5.0,5,,,,,,,,
,,,,,3967,6.0,6,,,,,,,,
,,,,,3974,7.0,7,,,,,,,,
,,,,,3983,9.0,9,,,,,,,,
,,,,,3988,5.0,5,,,,,,,,
,,,,,3994,6.0,6,,,,,,,,
,,,,,3999,5.0,5,,,,,,,,
,,,,,4003,4.0,4,,,,,,,,
,,,,,4008,5.0,5,,,,,,,,
,,,,,4021,13.0,13,,,,,,,,
,,,,,4029,8.0,8,,,,,,,,
,,,,,4032,3.0,3,,,,,,,,
,,,,,4048,16.0,16,,,,,,,,
,,,,,4058,10.0,10,,,,,,,,
,,,,,4067,9.0,9,,,,,,,,
,,,,,4070,3.0,3,,,,,,,,
,,,,,4081,11.0,11,,,,,,,,
,,,,,4085,4.0,4,,,,,,,,
,,,,,4098,13.0,13,,,,,,,,
,,,,,4102,4.0,4,,,,,,,,
,,,,,4110,8.0,8,,,,,,,,
,,,,,4114,4.0,4,,,,,,,,
,,,,,4120,6.0,6,,,,,,,,
,,,,,4130,10.0,10,,,,,,,,
,,,,,4133,3.0,3,,,,,,,,
,,,,,4137,4.0,4,,,,,,,,
,,,,,4141,4.0,4,,,,,,,,
,,,,,4145,4.0,4,,,,,,,,
,,,,,4150,5.0,5,,,,,,,,
,,,,,4154,4.0,4,,,,,,,,
,,,,,4161,7.0,7,,,,,,,,
,,,,,4166,5.0,5,,,,,,,,
,,,,,4174,8.0,8,,,,,,,,
,,,,,4193,19.0,19,,,,,,,,
,,,,,4199,6.0,6,,,,,,,,
,,,,,4203,4.0,4,,,,,,,,
,,,,,4211,8.0,8,,,,,,,,
,,,,,4214,3.0,3,,,,,,,,
,,,,,4219,5.0,5,,,,,,,,
,,,,,4230,11.0,11,,,,,,,,
,,,,,4237,7.0,7,,,,,,,,
,,,,,4245,8.0,8,,,,,,,,
,,,,,4254,9.0,9,,,,,,,,
,,,,,4267,13.0,13,,,,,,,,
,,,,,4271,4.0,4,,,,,,,,
,,,,,4274,3.0,3,,,,,,,,
,,,,,4280,6.0,6,,,,,,,,
,,,,,4294,14.0,14,,,,,,,,
,,,,,4302,8.0,8,,,,,,,,
,,,,,4310,8.0,8,,,,,,,,
,,,,,4315,5.0,5,,,,,,,,
,,,,,4321,6.0,6,,,,,,,,
,,,,,4325,4.0,4,,,,,,,,
,,,,,4335,10.0,10,,,,,,,,
,,,,,4339,4.0,4,,,,,,,,
,,,,,4343,4.0,4,,,,,,,,
,,,,,4347,4.0,4,,,,,,,,
,,,,,4350,3.0,3,,,,,,,,
,,,,,4353,3.0,3,,,,,,,,
,,,,,4357,4.0,4,,,,,,,,
,,,,,4361,4.0,4,,,,,,,,
,,,,,4365,4.0,4,,,,,,,,
,,,,,4374,9.0,9,,,,,,,,
,,,,,4381,7.0,7,,,,,,,,
,,,,,4385,4.0,4,,,,,,,,
,,,,,4393,8.0,8,,,,,,,,
,,,,,4397,4.0,4,,,,,,,,
,,,,,4402,5.0,5,,,,,,,,
,,,,,4405,3.0,3,,,,,,,,
,,,,,4417,12.0,12,,,,,,,,
,,,,,4422,5.0,5,,,,,,,,
,,,,,4429,7.0,7,,,,,,,,
,,,,,4435,6.0,6,,,,,,,,
,,,,,4438,3.0,3,,,,,,,,
,,,,,4441,3.0,3,,,,,,,,
,,,,,4447,6.0,6,,,,,,,,
,,,,,4453,6.0,6,,,,,,,,
,,,,,4458,5.0,5,,,,,,,,
,,,,,4462,4.0,4,,,,,,,,
,,,,,4466,4.0,4,,,,,,,,
,,,,,4475,9.0,9,,,,,,,,
,,,,,4481,6.0,6,,,,,,,,
,,,,,4489,8.0,8,,,,,,,,
,,,,,4494,5.0,5,,,,,,,,
,,,,,4502,8.0,8,,,,,,,,
,,,,,4506,4.0,4,,,,,,,,
,,,,,4514,8.0,8,,,,,,,,
,,,,,4520,6.0,6,,,,,,,,
,,,,,4528,8.0,8,,,,,,,,
,,,,,4531,3.0,3,,,,,,,,
,,,,,4535,4.0,4,,,,,,,,
,,,,,4540,5.0,5,,,,,,,,
,,,,,4549,9.0,9,,,,,,,,
,,,,,4553,4.0,4,,,,,,,,
,,,,,4560,7.0,7,,,,,,,,
,,,,,4566,6.0,6,,,,,,,,
,,,,,4570,4.0,4,,,,,,,,
,,,,,4574,4.0,4,,,,,,,,
,,,,,4578,4.0,4,,,,,,,,
,,,,,4586,8.0,8,,,,,,,,
,,,,,4590,4.0,4,,,,,,,,
,,,,,4595,5.0,5,,,,,,,,
,,,,,4600,5.0,5,,,,,,,,
,,,,,4605,5.0,5,,,,,,,,
,,,,,4609,4.0,4,,,,,,,,
,,,,,4615,6.0,6,,,,,,,,
,,,,,4619,4.0,4,,,,,,,,
,,,,,4627,8.0,8,,,,,,,,
,,,,,4633,6.0,6,,,,,,,,
,,,,,4638,5.0,5,,,,,,,,
,,,,,4643,5.0,5,,,,,,,,
,,,,,4651,8.0,8,,,,,,,,
,,,,,4657,6.0,6,,,,,,,,
,,,,,4666,9.0,9,,,,,,,,
,,,,,4671,5.0,5,,,,,,,,
,,,,,4675,4.0,4,,,,,,,,
,,,,,4680,5.0,5,,,,,,,,
,,,,,4683,3.0,3,,,,,,,,
,,,,,4687,4.0,4,,,,,,,,
,,,,,4691,4.0,4,,,,,,,,
,,,,,4700,9.0,9,,,,,,,,
,,,,,4706,6.0,6,,,,,,,,
,,,,,4711,5.0,5,,,,,,,,
,,,,,4716,5.0,5,,,,,,,,
,,,,,4720,4.0,4,,,,,,,,
,,,,,4726,6.0,6,,,,,,,,
,,,,,4754,28.0,28,,,,,,,,
,,,,,4757,3.0,3,,,,,,,,
,,,,,4772,15.0,15,,,,,,,,
,,,,,4779,7.0,7,,,,,,,,
,,,,,4785,6.0,6,,,,,,,,
,,,,,4792,7.0,7,,,,,,,,
,,,,,4802,10.0,10,,,,,,,,
,,,,,4807,5.0,5,,,,,,,,
,,,,,4813,6.0,6,,,,,,,,
,,,,,4826,13.0,13,,,,,,,,
,,,,,4830,4.0,4,,,,,,,,
,,,,,4843,13.0,13,,,,,,,,
,,,,,4847,4.0,4,,,,,,,,
,,,,,4860,13.0,13,,,,,,,,
,,,,,4873,13.0,13,,,,,,,,
,,,,,4879,6.0,6,,,,,,,,
,,,,,4886,7.0,7,,,,,,,,
,,,,,4891,5.0,5,,,,,,,,
,,,,,4900,9.0,9,,,,,,,,
,,,,,4904,4.0,4,,,,,,,,
,,,,,4911,7.0,7,,,,,,,,
,,,,,4917,6.0,6,,,,,,,,
,,,,,4920,3.0,3,,,,,,,,
,,,,,4924,4.0,4,,,,,,,,
,,,,,4929,5.0,5,,,,,,,,
,,,,,4932,3.0,3,,,,,,,,
,,,,,4939,7.0,7,,,,,,,,
,,,,,4944,5.0,5,,,,,,,,
,,,,,4947,3.0,3,,,,,,,,
,,,,,4958,11.0,11,,,,,,,,
,,,,,4972,14.0,14,,,,,,,,
,,,,,4982,10.0,10,,,,,,,,
,,,,,4990,8.0,8,,,,,,,,
,,,,,4994,4.0,4,,,,,,,,
7.2,4.5122056,17.0,3.0,7.2,5000,,,-8.11670207977295,81.16702270507812,63.36579132080078,0.05687250941991806,7.481680870056152,0.0003,0.0003,0.1
,,,,,5002,8.0,8,,,,,,,,
,,,,,5011,9.0,9,,,,,,,,
,,,,,5030,19.0,19,,,,,,,,
,,,,,5034,4.0,4,,,,,,,,
,,,,,5039,5.0,5,,,,,,,,
,,,,,5047,8.0,8,,,,,,,,
,,,,,5053,6.0,6,,,,,,,,
,,,,,5059,6.0,6,,,,,,,,
,,,,,5066,7.0,7,,,,,,,,
,,,,,5069,3.0,3,,,,,,,,
,,,,,5087,18.0,18,,,,,,,,
,,,,,5091,4.0,4,,,,,,,,
,,,,,5097,6.0,6,,,,,,,,
,,,,,5100,3.0,3,,,,,,,,
,,,,,5106,6.0,6,,,,,,,,
,,,,,5109,3.0,3,,,,,,,,
,,,,,5122,13.0,13,,,,,,,,
,,,,,5128,6.0,6,,,,,,,,
,,,,,5135,7.0,7,,,,,,,,
,,,,,5147,12.0,12,,,,,,,,
,,,,,5152,5.0,5,,,,,,,,
,,,,,5167,15.0,15,,,,,,,,
,,,,,5171,4.0,4,,,,,,,,
,,,,,5175,4.0,4,,,,,,,,
,,,,,5179,4.0,4,,,,,,,,
,,,,,5183,4.0,4,,,,,,,,
,,,,,5187,4.0,4,,,,,,,,
,,,,,5193,6.0,6,,,,,,,,
,,,,,5197,4.0,4,,,,,,,,
,,,,,5204,7.0,7,,,,,,,,
,,,,,5210,6.0,6,,,,,,,,
,,,,,5219,9.0,9,,,,,,,,
,,,,,5222,3.0,3,,,,,,,,
,,,,,5225,3.0,3,,,,,,,,
,,,,,5236,11.0,11,,,,,,,,
,,,,,5246,10.0,10,,,,,,,,
,,,,,5251,5.0,5,,,,,,,,
,,,,,5255,4.0,4,,,,,,,,
,,,,,5259,4.0,4,,,,,,,,
,,,,,5264,5.0,5,,,,,,,,
,,,,,5269,5.0,5,,,,,,,,
,,,,,5273,4.0,4,,,,,,,,
,,,,,5287,14.0,14,,,,,,,,
,,,,,5295,8.0,8,,,,,,,,
,,,,,5300,5.0,5,,,,,,,,
,,,,,5311,11.0,11,,,,,,,,
,,,,,5317,6.0,6,,,,,,,,
,,,,,5324,7.0,7,,,,,,,,
,,,,,5346,22.0,22,,,,,,,,
,,,,,5354,8.0,8,,,,,,,,
,,,,,5358,4.0,4,,,,,,,,
,,,,,5366,8.0,8,,,,,,,,
,,,,,5370,4.0,4,,,,,,,,
,,,,,5373,3.0,3,,,,,,,,
,,,,,5377,4.0,4,,,,,,,,
,,,,,5383,6.0,6,,,,,,,,
,,,,,5393,10.0,10,,,,,,,,
,,,,,5399,6.0,6,,,,,,,,
,,,,,5403,4.0,4,,,,,,,,
,,,,,5406,3.0,3,,,,,,,,
,,,,,5415,9.0,9,,,,,,,,
,,,,,5418,3.0,3,,,,,,,,
,,,,,5426,8.0,8,,,,,,,,
,,,,,5431,5.0,5,,,,,,,,
,,,,,5435,4.0,4,,,,,,,,
,,,,,5441,6.0,6,,,,,,,,
,,,,,5447,6.0,6,,,,,,,,
,,,,,5453,6.0,6,,,,,,,,
,,,,,5461,8.0,8,,,,,,,,
,,,,,5464,3.0,3,,,,,,,,
,,,,,5467,3.0,3,,,,,,,,
,,,,,5472,5.0,5,,,,,,,,
,,,,,5478,6.0,6,,,,,,,,
,,,,,5483,5.0,5,,,,,,,,
,,,,,5486,3.0,3,,,,,,,,
,,,,,5493,7.0,7,,,,,,,,
,,,,,5500,7.0,7,,,,,,,,
,,,,,5509,9.0,9,,,,,,,,
,,,,,5520,11.0,11,,,,,,,,
,,,,,5523,3.0,3,,,,,,,,
,,,,,5526,3.0,3,,,,,,,,
,,,,,5530,4.0,4,,,,,,,,
,,,,,5535,5.0,5,,,,,,,,
,,,,,5538,3.0,3,,,,,,,,
,,,,,5541,3.0,3,,,,,,,,
,,,,,5546,5.0,5,,,,,,,,
,,,,,5550,4.0,4,,,,,,,,
,,,,,5559,9.0,9,,,,,,,,
,,,,,5566,7.0,7,,,,,,,,
,,,,,5579,13.0,13,,,,,,,,
,,,,,5588,9.0,9,,,,,,,,
,,,,,5596,8.0,8,,,,,,,,
,,,,,5613,17.0,17,,,,,,,,
,,,,,5617,4.0,4,,,,,,,,
,,,,,5630,13.0,13,,,,,,,,
,,,,,5635,5.0,5,,,,,,,,
,,,,,5639,4.0,4,,,,,,,,
,,,,,5643,4.0,4,,,,,,,,
,,,,,5648,5.0,5,,,,,,,,
,,,,,5651,3.0,3,,,,,,,,
,,,,,5654,3.0,3,,,,,,,,
,,,,,5659,5.0,5,,,,,,,,
,,,,,5662,3.0,3,,,,,,,,
,,,,,5666,4.0,4,,,,,,,,
,,,,,5669,3.0,3,,,,,,,,
,,,,,5672,3.0,3,,,,,,,,
,,,,,5677,5.0,5,,,,,,,,
,,,,,5694,17.0,17,,,,,,,,
,,,,,5698,4.0,4,,,,,,,,
,,,,,5702,4.0,4,,,,,,,,
,,,,,5706,4.0,4,,,,,,,,
,,,,,5709,3.0,3,,,,,,,,
,,,,,5713,4.0,4,,,,,,,,
,,,,,5718,5.0,5,,,,,,,,
,,,,,5723,5.0,5,,,,,,,,
,,,,,5727,4.0,4,,,,,,,,
,,,,,5731,4.0,4,,,,,,,,
,,,,,5734,3.0,3,,,,,,,,
,,,,,5741,7.0,7,,,,,,,,
,,,,,5747,6.0,6,,,,,,,,
,,,,,5752,5.0,5,,,,,,,,
,,,,,5761,9.0,9,,,,,,,,
,,,,,5769,8.0,8,,,,,,,,
,,,,,5772,3.0,3,,,,,,,,
,,,,,5776,4.0,4,,,,,,,,
,,,,,5782,6.0,6,,,,,,,,
,,,,,5785,3.0,3,,,,,,,,
,,,,,5791,6.0,6,,,,,,,,
,,,,,5796,5.0,5,,,,,,,,
,,,,,5800,4.0,4,,,,,,,,
,,,,,5807,7.0,7,,,,,,,,
,,,,,5811,4.0,4,,,,,,,,
,,,,,5815,4.0,4,,,,,,,,
,,,,,5821,6.0,6,,,,,,,,
,,,,,5830,9.0,9,,,,,,,,
,,,,,5835,5.0,5,,,,,,,,
,,,,,5841,6.0,6,,,,,,,,
,,,,,5846,5.0,5,,,,,,,,
,,,,,5851,5.0,5,,,,,,,,
,,,,,5854,3.0,3,,,,,,,,
,,,,,5862,8.0,8,,,,,,,,
,,,,,5865,3.0,3,,,,,,,,
,,,,,5868,3.0,3,,,,,,,,
,,,,,5882,14.0,14,,,,,,,,
,,,,,5887,5.0,5,,,,,,,,
,,,,,5893,6.0,6,,,,,,,,
,,,,,5897,4.0,4,,,,,,,,
,,,,,5903,6.0,6,,,,,,,,
,,,,,5908,5.0,5,,,,,,,,
,,,,,5912,4.0,4,,,,,,,,
,,,,,5923,11.0,11,,,,,,,,
,,,,,5926,3.0,3,,,,,,,,
,,,,,5938,12.0,12,,,,,,,,
,,,,,5944,6.0,6,,,,,,,,
,,,,,5950,6.0,6,,,,,,,,
,,,,,5953,3.0,3,,,,,,,,
,,,,,5956,3.0,3,,,,,,,,
,,,,,5959,3.0,3,,,,,,,,
,,,,,5963,4.0,4,,,,,,,,
,,,,,5967,4.0,4,,,,,,,,
,,,,,5971,4.0,4,,,,,,,,
,,,,,5979,8.0,8,,,,,,,,
,,,,,5987,8.0,8,,,,,,,,
,,,,,5991,4.0,4,,,,,,,,
,,,,,5998,7.0,7,,,,,,,,
,,,,,6000,,,-8.748248100280762,87.48248291015625,43.32671356201172,20.374752044677734,23.502803802490234,0.0003,0.0003,0.1
,,,,,6004,6.0,6,,,,,,,,
,,,,,6019,15.0,15,,,,,,,,
,,,,,6031,12.0,12,,,,,,,,
,,,,,6054,23.0,23,,,,,,,,
,,,,,6057,3.0,3,,,,,,,,
,,,,,6063,6.0,6,,,,,,,,
,,,,,6070,7.0,7,,,,,,,,
,,,,,6076,6.0,6,,,,,,,,
,,,,,6083,7.0,7,,,,,,,,
,,,,,6086,3.0,3,,,,,,,,
,,,,,6089,3.0,3,,,,,,,,
,,,,,6093,4.0,4,,,,,,,,
,,,,,6097,4.0,4,,,,,,,,
,,,,,6101,4.0,4,,,,,,,,
,,,,,6105,4.0,4,,,,,,,,
,,,,,6108,3.0,3,,,,,,,,
,,,,,6113,5.0,5,,,,,,,,
,,,,,6118,5.0,5,,,,,,,,
,,,,,6124,6.0,6,,,,,,,,
,,,,,6137,13.0,13,,,,,,,,
,,,,,6144,7.0,7,,,,,,,,
,,,,,6152,8.0,8,,,,,,,,
,,,,,6160,8.0,8,,,,,,,,
,,,,,6164,4.0,4,,,,,,,,
,,,,,6168,4.0,4,,,,,,,,
,,,,,6173,5.0,5,,,,,,,,
,,,,,6182,9.0,9,,,,,,,,
,,,,,6188,6.0,6,,,,,,,,
,,,,,6191,3.0,3,,,,,,,,
,,,,,6209,18.0,18,,,,,,,,
,,,,,6215,6.0,6,,,,,,,,
,,,,,6218,3.0,3,,,,,,,,
,,,,,6226,8.0,8,,,,,,,,
,,,,,6231,5.0,5,,,,,,,,
,,,,,6240,9.0,9,,,,,,,,
,,,,,6255,15.0,15,,,,,,,,
,,,,,6268,13.0,13,,,,,,,,
,,,,,6273,5.0,5,,,,,,,,
,,,,,6280,7.0,7,,,,,,,,
,,,,,6283,3.0,3,,,,,,,,
,,,,,6286,3.0,3,,,,,,,,
,,,,,6300,14.0,14,,,,,,,,
,,,,,6304,4.0,4,,,,,,,,
,,,,,6309,5.0,5,,,,,,,,
,,,,,6313,4.0,4,,,,,,,,
,,,,,6335,22.0,22,,,,,,,,
,,,,,6342,7.0,7,,,,,,,,
,,,,,6345,3.0,3,,,,,,,,
,,,,,6351,6.0,6,,,,,,,,
,,,,,6354,3.0,3,,,,,,,,
,,,,,6357,3.0,3,,,,,,,,
,,,,,6363,6.0,6,,,,,,,,
,,,,,6367,4.0,4,,,,,,,,
,,,,,6374,7.0,7,,,,,,,,
,,,,,6378,4.0,4,,,,,,,,
,,,,,6382,4.0,4,,,,,,,,
,,,,,6398,16.0,16,,,,,,,,
,,,,,6402,4.0,4,,,,,,,,
,,,,,6406,4.0,4,,,,,,,,
,,,,,6412,6.0,6,,,,,,,,
,,,,,6427,15.0,15,,,,,,,,
,,,,,6434,7.0,7,,,,,,,,
,,,,,6438,4.0,4,,,,,,,,
,,,,,6447,9.0,9,,,,,,,,
,,,,,6450,3.0,3,,,,,,,,
,,,,,6454,4.0,4,,,,,,,,
,,,,,6459,5.0,5,,,,,,,,
,,,,,6465,6.0,6,,,,,,,,
,,,,,6468,3.0,3,,,,,,,,
,,,,,6473,5.0,5,,,,,,,,
,,,,,6481,8.0,8,,,,,,,,
,,,,,6491,10.0,10,,,,,,,,
,,,,,6497,6.0,6,,,,,,,,
,,,,,6500,3.0,3,,,,,,,,
,,,,,6504,4.0,4,,,,,,,,
,,,,,6507,3.0,3,,,,,,,,
,,,,,6514,7.0,7,,,,,,,,
,,,,,6523,9.0,9,,,,,,,,
,,,,,6526,3.0,3,,,,,,,,
,,,,,6540,14.0,14,,,,,,,,
,,,,,6554,14.0,14,,,,,,,,
,,,,,6562,8.0,8,,,,,,,,
,,,,,6568,6.0,6,,,,,,,,
,,,,,6583,15.0,15,,,,,,,,
,,,,,6587,4.0,4,,,,,,,,
,,,,,6591,4.0,4,,,,,,,,
,,,,,6595,4.0,4,,,,,,,,
,,,,,6602,7.0,7,,,,,,,,
,,,,,6605,3.0,3,,,,,,,,
,,,,,6610,5.0,5,,,,,,,,
,,,,,6625,15.0,15,,,,,,,,
,,,,,6628,3.0,3,,,,,,,,
,,,,,6635,7.0,7,,,,,,,,
,,,,,6638,3.0,3,,,,,,,,
,,,,,6644,6.0,6,,,,,,,,
,,,,,6647,3.0,3,,,,,,,,
,,,,,6655,8.0,8,,,,,,,,
,,,,,6661,6.0,6,,,,,,,,
,,,,,6664,3.0,3,,,,,,,,
,,,,,6670,6.0,6,,,,,,,,
,,,,,6673,3.0,3,,,,,,,,
,,,,,6680,7.0,7,,,,,,,,
,,,,,6688,8.0,8,,,,,,,,
,,,,,6691,3.0,3,,,,,,,,
,,,,,6704,13.0,13,,,,,,,,
,,,,,6709,5.0,5,,,,,,,,
,,,,,6714,5.0,5,,,,,,,,
,,,,,6718,4.0,4,,,,,,,,
,,,,,6731,13.0,13,,,,,,,,
,,,,,6734,3.0,3,,,,,,,,
,,,,,6739,5.0,5,,,,,,,,
,,,,,6743,4.0,4,,,,,,,,
,,,,,6747,4.0,4,,,,,,,,
,,,,,6752,5.0,5,,,,,,,,
,,,,,6756,4.0,4,,,,,,,,
,,,,,6759,3.0,3,,,,,,,,
,,,,,6770,11.0,11,,,,,,,,
,,,,,6775,5.0,5,,,,,,,,
,,,,,6785,10.0,10,,,,,,,,
,,,,,6788,3.0,3,,,,,,,,
,,,,,6792,4.0,4,,,,,,,,
,,,,,6799,7.0,7,,,,,,,,
,,,,,6804,5.0,5,,,,,,,,
,,,,,6808,4.0,4,,,,,,,,
,,,,,6820,12.0,12,,,,,,,,
,,,,,6830,10.0,10,,,,,,,,
,,,,,6833,3.0,3,,,,,,,,
,,,,,6837,4.0,4,,,,,,,,
,,,,,6840,3.0,3,,,,,,,,
,,,,,6845,5.0,5,,,,,,,,
,,,,,6848,3.0,3,,,,,,,,
,,,,,6851,3.0,3,,,,,,,,
,,,,,6855,4.0,4,,,,,,,,
,,,,,6861,6.0,6,,,,,,,,
,,,,,6867,6.0,6,,,,,,,,
,,,,,6871,4.0,4,,,,,,,,
,,,,,6886,15.0,15,,,,,,,,
,,,,,6891,5.0,5,,,,,,,,
,,,,,6896,5.0,5,,,,,,,,
,,,,,6903,7.0,7,,,,,,,,
,,,,,6917,14.0,14,,,,,,,,
,,,,,6923,6.0,6,,,,,,,,
,,,,,6927,4.0,4,,,,,,,,
,,,,,6934,7.0,7,,,,,,,,
,,,,,6937,3.0,3,,,,,,,,
,,,,,6941,4.0,4,,,,,,,,
,,,,,6951,10.0,10,,,,,,,,
,,,,,6956,5.0,5,,,,,,,,
,,,,,6968,12.0,12,,,,,,,,
,,,,,6986,18.0,18,,,,,,,,
,,,,,6991,5.0,5,,,,,,,,
,,,,,6994,3.0,3,,,,,,,,
,,,,,6998,4.0,4,,,,,,,,
,,,,,7000,,,-8.623855590820312,86.23855590820312,79.60054779052734,30.624889373779297,32.574398040771484,0.0003,0.0003,0.1
,,,,,7001,3.0,3,,,,,,,,
,,,,,7008,7.0,7,,,,,,,,
,,,,,7011,3.0,3,,,,,,,,
,,,,,7016,5.0,5,,,,,,,,
,,,,,7019,3.0,3,,,,,,,,
,,,,,7024,5.0,5,,,,,,,,
,,,,,7037,13.0,13,,,,,,,,
,,,,,7040,3.0,3,,,,,,,,
,,,,,7044,4.0,4,,,,,,,,
,,,,,7048,4.0,4,,,,,,,,
,,,,,7055,7.0,7,,,,,,,,
,,,,,7059,4.0,4,,,,,,,,
,,,,,7064,5.0,5,,,,,,,,
,,,,,7069,5.0,5,,,,,,,,
,,,,,7072,3.0,3,,,,,,,,
,,,,,7075,3.0,3,,,,,,,,
,,,,,7078,3.0,3,,,,,,,,
,,,,,7085,7.0,7,,,,,,,,
,,,,,7088,3.0,3,,,,,,,,
,,,,,7091,3.0,3,,,,,,,,
,,,,,7095,4.0,4,,,,,,,,
,,,,,7102,7.0,7,,,,,,,,
,,,,,7110,8.0,8,,,,,,,,
,,,,,7122,12.0,12,,,,,,,,
,,,,,7130,8.0,8,,,,,,,,
,,,,,7137,7.0,7,,,,,,,,
,,,,,7146,9.0,9,,,,,,,,
,,,,,7151,5.0,5,,,,,,,,
,,,,,7156,5.0,5,,,,,,,,
,,,,,7160,4.0,4,,,,,,,,
,,,,,7163,3.0,3,,,,,,,,
,,,,,7166,3.0,3,,,,,,,,
,,,,,7172,6.0,6,,,,,,,,
,,,,,7176,4.0,4,,,,,,,,
,,,,,7182,6.0,6,,,,,,,,
,,,,,7185,3.0,3,,,,,,,,
,,,,,7192,7.0,7,,,,,,,,
,,,,,7200,8.0,8,,,,,,,,
,,,,,7204,4.0,4,,,,,,,,
,,,,,7212,8.0,8,,,,,,,,
,,,,,7218,6.0,6,,,,,,,,
,,,,,7222,4.0,4,,,,,,,,
,,,,,7228,6.0,6,,,,,,,,
,,,,,7233,5.0,5,,,,,,,,
,,,,,7236,3.0,3,,,,,,,,
,,,,,7239,3.0,3,,,,,,,,
,,,,,7247,8.0,8,,,,,,,,
,,,,,7256,9.0,9,,,,,,,,
,,,,,7260,4.0,4,,,,,,,,
,,,,,7270,10.0,10,,,,,,,,
,,,,,7273,3.0,3,,,,,,,,
,,,,,7276,3.0,3,,,,,,,,
,,,,,7283,7.0,7,,,,,,,,
,,,,,7287,4.0,4,,,,,,,,
,,,,,7290,3.0,3,,,,,,,,
,,,,,7294,4.0,4,,,,,,,,
,,,,,7298,4.0,4,,,,,,,,
,,,,,7302,4.0,4,,,,,,,,
,,,,,7307,5.0,5,,,,,,,,
,,,,,7312,5.0,5,,,,,,,,
,,,,,7316,4.0,4,,,,,,,,
,,,,,7326,10.0,10,,,,,,,,
,,,,,7332,6.0,6,,,,,,,,
,,,,,7338,6.0,6,,,,,,,,
,,,,,7343,5.0,5,,,,,,,,
,,,,,7350,7.0,7,,,,,,,,
,,,,,7354,4.0,4,,,,,,,,
,,,,,7357,3.0,3,,,,,,,,
,,,,,7361,4.0,4,,,,,,,,
,,,,,7364,3.0,3,,,,,,,,
,,,,,7368,4.0,4,,,,,,,,
,,,,,7372,4.0,4,,,,,,,,
,,,,,7376,4.0,4,,,,,,,,
,,,,,7381,5.0,5,,,,,,,,
,,,,,7384,3.0,3,,,,,,,,
,,,,,7389,5.0,5,,,,,,,,
,,,,,7396,7.0,7,,,,,,,,
,,,,,7400,4.0,4,,,,,,,,
,,,,,7404,4.0,4,,,,,,,,
,,,,,7411,7.0,7,,,,,,,,
,,,,,7417,6.0,6,,,,,,,,
,,,,,7421,4.0,4,,,,,,,,
,,,,,7427,6.0,6,,,,,,,,
,,,,,7434,7.0,7,,,,,,,,
,,,,,7437,3.0,3,,,,,,,,
,,,,,7443,6.0,6,,,,,,,,
,,,,,7449,6.0,6,,,,,,,,
,,,,,7460,11.0,11,,,,,,,,
,,,,,7463,3.0,3,,,,,,,,
,,,,,7468,5.0,5,,,,,,,,
,,,,,7475,7.0,7,,,,,,,,
,,,,,7480,5.0,5,,,,,,,,
,,,,,7484,4.0,4,,,,,,,,
,,,,,7488,4.0,4,,,,,,,,
,,,,,7499,11.0,11,,,,,,,,
,,,,,7503,4.0,4,,,,,,,,
,,,,,7516,13.0,13,,,,,,,,
,,,,,7530,14.0,14,,,,,,,,
,,,,,7538,8.0,8,,,,,,,,
,,,,,7541,3.0,3,,,,,,,,
,,,,,7546,5.0,5,,,,,,,,
,,,,,7552,6.0,6,,,,,,,,
,,,,,7572,20.0,20,,,,,,,,
,,,,,7576,4.0,4,,,,,,,,
,,,,,7587,11.0,11,,,,,,,,
,,,,,7591,4.0,4,,,,,,,,
,,,,,7596,5.0,5,,,,,,,,
,,,,,7599,3.0,3,,,,,,,,
,,,,,7606,7.0,7,,,,,,,,
,,,,,7615,9.0,9,,,,,,,,
,,,,,7641,26.0,26,,,,,,,,
,,,,,7644,3.0,3,,,,,,,,
,,,,,7648,4.0,4,,,,,,,,
,,,,,7653,5.0,5,,,,,,,,
,,,,,7670,17.0,17,,,,,,,,
,,,,,7674,4.0,4,,,,,,,,
,,,,,7679,5.0,5,,,,,,,,
,,,,,7683,4.0,4,,,,,,,,
,,,,,7689,6.0,6,,,,,,,,
,,,,,7692,3.0,3,,,,,,,,
,,,,,7696,4.0,4,,,,,,,,
,,,,,7703,7.0,7,,,,,,,,
,,,,,7710,7.0,7,,,,,,,,
,,,,,7732,22.0,22,,,,,,,,
,,,,,7735,3.0,3,,,,,,,,
,,,,,7747,12.0,12,,,,,,,,
,,,,,7751,4.0,4,,,,,,,,
,,,,,7757,6.0,6,,,,,,,,
,,,,,7760,3.0,3,,,,,,,,
,,,,,7768,8.0,8,,,,,,,,
,,,,,7777,9.0,9,,,,,,,,
,,,,,7785,8.0,8,,,,,,,,
,,,,,7791,6.0,6,,,,,,,,
,,,,,7795,4.0,4,,,,,,,,
,,,,,7799,4.0,4,,,,,,,,
,,,,,7804,5.0,5,,,,,,,,
,,,,,7811,7.0,7,,,,,,,,
,,,,,7814,3.0,3,,,,,,,,
,,,,,7819,5.0,5,,,,,,,,
,,,,,7824,5.0,5,,,,,,,,
,,,,,7828,4.0,4,,,,,,,,
,,,,,7833,5.0,5,,,,,,,,
,,,,,7838,5.0,5,,,,,,,,
,,,,,7842,4.0,4,,,,,,,,
,,,,,7851,9.0,9,,,,,,,,
,,,,,7858,7.0,7,,,,,,,,
,,,,,7861,3.0,3,,,,,,,,
,,,,,7865,4.0,4,,,,,,,,
,,,,,7873,8.0,8,,,,,,,,
,,,,,7877,4.0,4,,,,,,,,
,,,,,7885,8.0,8,,,,,,,,
,,,,,7892,7.0,7,,,,,,,,
,,,,,7899,7.0,7,,,,,,,,
,,,,,7909,10.0,10,,,,,,,,
,,,,,7913,4.0,4,,,,,,,,
,,,,,7916,3.0,3,,,,,,,,
,,,,,7920,4.0,4,,,,,,,,
,,,,,7933,13.0,13,,,,,,,,
,,,,,7936,3.0,3,,,,,,,,
,,,,,7948,12.0,12,,,,,,,,
,,,,,7957,9.0,9,,,,,,,,
,,,,,7962,5.0,5,,,,,,,,
,,,,,7978,16.0,16,,,,,,,,
,,,,,7981,3.0,3,,,,,,,,
,,,,,7986,5.0,5,,,,,,,,
,,,,,7994,8.0,8,,,,,,,,
,,,,,7997,3.0,3,,,,,,,,
,,,,,8000,3.0,3,,,,,,,,
,,,,,8000,,,-8.526751518249512,85.26751708984375,130.79156494140625,32.350589752197266,32.617183685302734,0.0003,0.0003,0.1
,,,,,8008,8.0,8,,,,,,,,
,,,,,8011,3.0,3,,,,,,,,
,,,,,8015,4.0,4,,,,,,,,
,,,,,8019,4.0,4,,,,,,,,
,,,,,8027,8.0,8,,,,,,,,
,,,,,8031,4.0,4,,,,,,,,
,,,,,8035,4.0,4,,,,,,,,
,,,,,8041,6.0,6,,,,,,,,
,,,,,8047,6.0,6,,,,,,,,
,,,,,8050,3.0,3,,,,,,,,
,,,,,8054,4.0,4,,,,,,,,
,,,,,8061,7.0,7,,,,,,,,
,,,,,8068,7.0,7,,,,,,,,
,,,,,8073,5.0,5,,,,,,,,
,,,,,8077,4.0,4,,,,,,,,
,,,,,8080,3.0,3,,,,,,,,
,,,,,8085,5.0,5,,,,,,,,
,,,,,8088,3.0,3,,,,,,,,
,,,,,8093,5.0,5,,,,,,,,
,,,,,8096,3.0,3,,,,,,,,
,,,,,8100,4.0,4,,,,,,,,
,,,,,8104,4.0,4,,,,,,,,
,,,,,8107,3.0,3,,,,,,,,
,,,,,8110,3.0,3,,,,,,,,
,,,,,8114,4.0,4,,,,,,,,
,,,,,8118,4.0,4,,,,,,,,
,,,,,8124,6.0,6,,,,,,,,
,,,,,8130,6.0,6,,,,,,,,
,,,,,8135,5.0,5,,,,,,,,
,,,,,8141,6.0,6,,,,,,,,
,,,,,8146,5.0,5,,,,,,,,
,,,,,8151,5.0,5,,,,,,,,
,,,,,8161,10.0,10,,,,,,,,
,,,,,8167,6.0,6,,,,,,,,
,,,,,8172,5.0,5,,,,,,,,
,,,,,8181,9.0,9,,,,,,,,
,,,,,8184,3.0,3,,,,,,,,
,,,,,8200,16.0,16,,,,,,,,
,,,,,8206,6.0,6,,,,,,,,
,,,,,8210,4.0,4,,,,,,,,
,,,,,8213,3.0,3,,,,,,,,
,,,,,8219,6.0,6,,,,,,,,
,,,,,8223,4.0,4,,,,,,,,
,,,,,8226,3.0,3,,,,,,,,
,,,,,8231,5.0,5,,,,,,,,
,,,,,8242,11.0,11,,,,,,,,
,,,,,8249,7.0,7,,,,,,,,
,,,,,8252,3.0,3,,,,,,,,
,,,,,8255,3.0,3,,,,,,,,
,,,,,8260,5.0,5,,,,,,,,
,,,,,8265,5.0,5,,,,,,,,
,,,,,8273,8.0,8,,,,,,,,
,,,,,8277,4.0,4,,,,,,,,
,,,,,8289,12.0,12,,,,,,,,
,,,,,8293,4.0,4,,,,,,,,
,,,,,8301,8.0,8,,,,,,,,
,,,,,8304,3.0,3,,,,,,,,
,,,,,8313,9.0,9,,,,,,,,
,,,,,8316,3.0,3,,,,,,,,
,,,,,8323,7.0,7,,,,,,,,
,,,,,8338,15.0,15,,,,,,,,
,,,,,8344,6.0,6,,,,,,,,
,,,,,8348,4.0,4,,,,,,,,
,,,,,8358,10.0,10,,,,,,,,
,,,,,8362,4.0,4,,,,,,,,
,,,,,8367,5.0,5,,,,,,,,
,,,,,8370,3.0,3,,,,,,,,
,,,,,8376,6.0,6,,,,,,,,
,,,,,8379,3.0,3,,,,,,,,
,,,,,8382,3.0,3,,,,,,,,
,,,,,8386,4.0,4,,,,,,,,
,,,,,8391,5.0,5,,,,,,,,
,,,,,8394,3.0,3,,,,,,,,
,,,,,8399,5.0,5,,,,,,,,
,,,,,8403,4.0,4,,,,,,,,
,,,,,8406,3.0,3,,,,,,,,
,,,,,8414,8.0,8,,,,,,,,
,,,,,8418,4.0,4,,,,,,,,
,,,,,8421,3.0,3,,,,,,,,
,,,,,8426,5.0,5,,,,,,,,
,,,,,8433,7.0,7,,,,,,,,
,,,,,8437,4.0,4,,,,,,,,
,,,,,8440,3.0,3,,,,,,,,
,,,,,8448,8.0,8,,,,,,,,
,,,,,8457,9.0,9,,,,,,,,
,,,,,8461,4.0,4,,,,,,,,
,,,,,8464,3.0,3,,,,,,,,
,,,,,8468,4.0,4,,,,,,,,
,,,,,8474,6.0,6,,,,,,,,
,,,,,8479,5.0,5,,,,,,,,
,,,,,8494,15.0,15,,,,,,,,
,,,,,8501,7.0,7,,,,,,,,
,,,,,8505,4.0,4,,,,,,,,
,,,,,8515,10.0,10,,,,,,,,
,,,,,8519,4.0,4,,,,,,,,
,,,,,8522,3.0,3,,,,,,,,
,,,,,8530,8.0,8,,,,,,,,
,,,,,8534,4.0,4,,,,,,,,
,,,,,8550,16.0,16,,,,,,,,
,,,,,8554,4.0,4,,,,,,,,
,,,,,8557,3.0,3,,,,,,,,
,,,,,8562,5.0,5,,,,,,,,
,,,,,8567,5.0,5,,,,,,,,
,,,,,8572,5.0,5,,,,,,,,
,,,,,8576,4.0,4,,,,,,,,
,,,,,8584,8.0,8,,,,,,,,
,,,,,8588,4.0,4,,,,,,,,
,,,,,8593,5.0,5,,,,,,,,
,,,,,8601,8.0,8,,,,,,,,
,,,,,8606,5.0,5,,,,,,,,
,,,,,8612,6.0,6,,,,,,,,
,,,,,8622,10.0,10,,,,,,,,
,,,,,8626,4.0,4,,,,,,,,
,,,,,8636,10.0,10,,,,,,,,
,,,,,8640,4.0,4,,,,,,,,
,,,,,8643,3.0,3,,,,,,,,
,,,,,8648,5.0,5,,,,,,,,
,,,,,8652,4.0,4,,,,,,,,
,,,,,8660,8.0,8,,,,,,,,
,,,,,8664,4.0,4,,,,,,,,
,,,,,8668,4.0,4,,,,,,,,
,,,,,8675,7.0,7,,,,,,,,
,,,,,8683,8.0,8,,,,,,,,
,,,,,8686,3.0,3,,,,,,,,
,,,,,8698,12.0,12,,,,,,,,
,,,,,8710,12.0,12,,,,,,,,
,,,,,8716,6.0,6,,,,,,,,
,,,,,8720,4.0,4,,,,,,,,
,,,,,8727,7.0,7,,,,,,,,
,,,,,8734,7.0,7,,,,,,,,
,,,,,8746,12.0,12,,,,,,,,
,,,,,8768,22.0,22,,,,,,,,
,,,,,8779,11.0,11,,,,,,,,
,,,,,8783,4.0,4,,,,,,,,
,,,,,8788,5.0,5,,,,,,,,
,,,,,8805,17.0,17,,,,,,,,
,,,,,8808,3.0,3,,,,,,,,
,,,,,8811,3.0,3,,,,,,,,
,,,,,8819,8.0,8,,,,,,,,
,,,,,8822,3.0,3,,,,,,,,
,,,,,8833,11.0,11,,,,,,,,
,,,,,8841,8.0,8,,,,,,,,
,,,,,8849,8.0,8,,,,,,,,
,,,,,8852,3.0,3,,,,,,,,
,,,,,8859,7.0,7,,,,,,,,
,,,,,8864,5.0,5,,,,,,,,
,,,,,8872,8.0,8,,,,,,,,
,,,,,8875,3.0,3,,,,,,,,
,,,,,8878,3.0,3,,,,,,,,
,,,,,8882,4.0,4,,,,,,,,
,,,,,8886,4.0,4,,,,,,,,
,,,,,8890,4.0,4,,,,,,,,
,,,,,8896,6.0,6,,,,,,,,
,,,,,8903,7.0,7,,,,,,,,
,,,,,8906,3.0,3,,,,,,,,
,,,,,8911,5.0,5,,,,,,,,
,,,,,8916,5.0,5,,,,,,,,
,,,,,8924,8.0,8,,,,,,,,
,,,,,8933,9.0,9,,,,,,,,
,,,,,8936,3.0,3,,,,,,,,
,,,,,8946,10.0,10,,,,,,,,
,,,,,8954,8.0,8,,,,,,,,
,,,,,8962,8.0,8,,,,,,,,
,,,,,8973,11.0,11,,,,,,,,
,,,,,8982,9.0,9,,,,,,,,
,,,,,8988,6.0,6,,,,,,,,
,,,,,8992,4.0,4,,,,,,,,
,,,,,8995,3.0,3,,,,,,,,
,,,,,9000,5.0,5,,,,,,,,
,,,,,9000,,,-8.701838493347168,87.01838684082031,166.41201782226562,35.599246978759766,37.14037322998047,0.0003,0.0003,0.1
,,,,,9003,3.0,3,,,,,,,,
,,,,,9006,3.0,3,,,,,,,,
,,,,,9023,17.0,17,,,,,,,,
,,,,,9026,3.0,3,,,,,,,,
,,,,,9038,12.0,12,,,,,,,,
,,,,,9048,10.0,10,,,,,,,,
,,,,,9056,8.0,8,,,,,,,,
,,,,,9062,6.0,6,,,,,,,,
,,,,,9065,3.0,3,,,,,,,,
,,,,,9076,11.0,11,,,,,,,,
,,,,,9081,5.0,5,,,,,,,,
,,,,,9095,14.0,14,,,,,,,,
,,,,,9100,5.0,5,,,,,,,,
,,,,,9106,6.0,6,,,,,,,,
,,,,,9110,4.0,4,,,,,,,,
,,,,,9123,13.0,13,,,,,,,,
,,,,,9129,6.0,6,,,,,,,,
,,,,,9132,3.0,3,,,,,,,,
,,,,,9135,3.0,3,,,,,,,,
,,,,,9143,8.0,8,,,,,,,,
,,,,,9147,4.0,4,,,,,,,,
,,,,,9153,6.0,6,,,,,,,,
,,,,,9160,7.0,7,,,,,,,,
,,,,,9163,3.0,3,,,,,,,,
,,,,,9170,7.0,7,,,,,,,,
,,,,,9178,8.0,8,,,,,,,,
,,,,,9188,10.0,10,,,,,,,,
,,,,,9192,4.0,4,,,,,,,,
,,,,,9197,5.0,5,,,,,,,,
,,,,,9202,5.0,5,,,,,,,,
,,,,,9210,8.0,8,,,,,,,,
,,,,,9214,4.0,4,,,,,,,,
,,,,,9217,3.0,3,,,,,,,,
,,,,,9222,5.0,5,,,,,,,,
,,,,,9226,4.0,4,,,,,,,,
,,,,,9231,5.0,5,,,,,,,,
,,,,,9239,8.0,8,,,,,,,,
,,,,,9245,6.0,6,,,,,,,,
,,,,,9257,12.0,12,,,,,,,,
,,,,,9261,4.0,4,,,,,,,,
,,,,,9264,3.0,3,,,,,,,,
,,,,,9272,8.0,8,,,,,,,,
,,,,,9275,3.0,3,,,,,,,,
,,,,,9278,3.0,3,,,,,,,,
,,,,,9287,9.0,9,,,,,,,,
,,,,,9293,6.0,6,,,,,,,,
,,,,,9298,5.0,5,,,,,,,,
,,,,,9301,3.0,3,,,,,,,,
,,,,,9304,3.0,3,,,,,,,,
,,,,,9309,5.0,5,,,,,,,,
,,,,,9315,6.0,6,,,,,,,,
,,,,,9324,9.0,9,,,,,,,,
,,,,,9327,3.0,3,,,,,,,,
,,,,,9340,13.0,13,,,,,,,,
,,,,,9343,3.0,3,,,,,,,,
,,,,,9348,5.0,5,,,,,,,,
,,,,,9359,11.0,11,,,,,,,,
,,,,,9374,15.0,15,,,,,,,,
,,,,,9377,3.0,3,,,,,,,,
,,,,,9381,4.0,4,,,,,,,,
,,,,,9392,11.0,11,,,,,,,,
,,,,,9396,4.0,4,,,,,,,,
,,,,,9409,13.0,13,,,,,,,,
,,,,,9418,9.0,9,,,,,,,,
,,,,,9422,4.0,4,,,,,,,,
,,,,,9428,6.0,6,,,,,,,,
,,,,,9431,3.0,3,,,,,,,,
,,,,,9438,7.0,7,,,,,,,,
,,,,,9442,4.0,4,,,,,,,,
,,,,,9451,9.0,9,,,,,,,,
,,,,,9454,3.0,3,,,,,,,,
,,,,,9461,7.0,7,,,,,,,,
,,,,,9465,4.0,4,,,,,,,,
,,,,,9469,4.0,4,,,,,,,,
,,,,,9477,8.0,8,,,,,,,,
,,,,,9483,6.0,6,,,,,,,,
,,,,,9487,4.0,4,,,,,,,,
,,,,,9490,3.0,3,,,,,,,,
,,,,,9498,8.0,8,,,,,,,,
,,,,,9505,7.0,7,,,,,,,,
,,,,,9520,15.0,15,,,,,,,,
,,,,,9526,6.0,6,,,,,,,,
,,,,,9534,8.0,8,,,,,,,,
,,,,,9537,3.0,3,,,,,,,,
,,,,,9541,4.0,4,,,,,,,,
,,,,,9549,8.0,8,,,,,,,,
,,,,,9555,6.0,6,,,,,,,,
,,,,,9559,4.0,4,,,,,,,,
,,,,,9565,6.0,6,,,,,,,,
,,,,,9568,3.0,3,,,,,,,,
,,,,,9571,3.0,3,,,,,,,,
,,,,,9576,5.0,5,,,,,,,,
,,,,,9581,5.0,5,,,,,,,,
,,,,,9584,3.0,3,,,,,,,,
,,,,,9591,7.0,7,,,,,,,,
,,,,,9612,21.0,21,,,,,,,,
,,,,,9616,4.0,4,,,,,,,,
,,,,,9625,9.0,9,,,,,,,,
,,,,,9632,7.0,7,,,,,,,,
,,,,,9640,8.0,8,,,,,,,,
,,,,,9646,6.0,6,,,,,,,,
,,,,,9649,3.0,3,,,,,,,,
,,,,,9656,7.0,7,,,,,,,,
,,,,,9663,7.0,7,,,,,,,,
,,,,,9668,5.0,5,,,,,,,,
,,,,,9672,4.0,4,,,,,,,,
,,,,,9676,4.0,4,,,,,,,,
,,,,,9683,7.0,7,,,,,,,,
,,,,,9688,5.0,5,,,,,,,,
,,,,,9694,6.0,6,,,,,,,,
,,,,,9707,13.0,13,,,,,,,,
,,,,,9712,5.0,5,,,,,,,,
,,,,,9716,4.0,4,,,,,,,,
,,,,,9719,3.0,3,,,,,,,,
,,,,,9722,3.0,3,,,,,,,,
,,,,,9726,4.0,4,,,,,,,,
,,,,,9732,6.0,6,,,,,,,,
,,,,,9735,3.0,3,,,,,,,,
,,,,,9738,3.0,3,,,,,,,,
,,,,,9746,8.0,8,,,,,,,,
,,,,,9749,3.0,3,,,,,,,,
,,,,,9753,4.0,4,,,,,,,,
,,,,,9756,3.0,3,,,,,,,,
,,,,,9763,7.0,7,,,,,,,,
,,,,,9766,3.0,3,,,,,,,,
,,,,,9769,3.0,3,,,,,,,,
,,,,,9774,5.0,5,,,,,,,,
,,,,,9777,3.0,3,,,,,,,,
,,,,,9780,3.0,3,,,,,,,,
,,,,,9787,7.0,7,,,,,,,,
,,,,,9790,3.0,3,,,,,,,,
,,,,,9794,4.0,4,,,,,,,,
,,,,,9798,4.0,4,,,,,,,,
,,,,,9808,10.0,10,,,,,,,,
,,,,,9811,3.0,3,,,,,,,,
,,,,,9817,6.0,6,,,,,,,,
,,,,,9821,4.0,4,,,,,,,,
,,,,,9831,10.0,10,,,,,,,,
,,,,,9839,8.0,8,,,,,,,,
,,,,,9846,7.0,7,,,,,,,,
,,,,,9855,9.0,9,,,,,,,,
,,,,,9859,4.0,4,,,,,,,,
,,,,,9867,8.0,8,,,,,,,,
,,,,,9870,3.0,3,,,,,,,,
,,,,,9874,4.0,4,,,,,,,,
,,,,,9887,13.0,13,,,,,,,,
,,,,,9891,4.0,4,,,,,,,,
,,,,,9897,6.0,6,,,,,,,,
,,,,,9900,3.0,3,,,,,,,,
,,,,,9910,10.0,10,,,,,,,,
,,,,,9914,4.0,4,,,,,,,,
,,,,,9918,4.0,4,,,,,,,,
,,,,,9922,4.0,4,,,,,,,,
,,,,,9926,4.0,4,,,,,,,,
,,,,,9931,5.0,5,,,,,,,,
,,,,,9944,13.0,13,,,,,,,,
,,,,,9947,3.0,3,,,,,,,,
,,,,,9954,7.0,7,,,,,,,,
,,,,,9958,4.0,4,,,,,,,,
,,,,,9962,4.0,4,,,,,,,,
,,,,,9967,5.0,5,,,,,,,,
,,,,,9971,4.0,4,,,,,,,,
,,,,,9976,5.0,5,,,,,,,,
,,,,,9980,4.0,4,,,,,,,,
,,,,,9988,8.0,8,,,,,,,,
,,,,,9995,7.0,7,,,,,,,,
,,,,,9998,3.0,3,,,,,,,,
9.0,4.9193497,20.0,3.0,9.0,10000,,,-8.678133010864258,86.78132629394531,182.95901489257812,36.795631408691406,37.30726623535156,0.0003,0.0003,0.1
,,,,,10003,5.0,5,,,,,,,,
,,,,,10007,4.0,4,,,,,,,,
,,,,,10012,5.0,5,,,,,,,,
,,,,,10021,9.0,9,,,,,,,,
,,,,,10034,13.0,13,,,,,,,,
,,,,,10040,6.0,6,,,,,,,,
,,,,,10045,5.0,5,,,,,,,,
,,,,,10059,14.0,14,,,,,,,,
,,,,,10063,4.0,4,,,,,,,,
,,,,,10070,7.0,7,,,,,,,,
,,,,,10075,5.0,5,,,,,,,,
,,,,,10079,4.0,4,,,,,,,,
,,,,,10084,5.0,5,,,,,,,,
,,,,,10088,4.0,4,,,,,,,,
,,,,,10091,3.0,3,,,,,,,,
,,,,,10098,7.0,7,,,,,,,,
,,,,,10101,3.0,3,,,,,,,,
,,,,,10104,3.0,3,,,,,,,,
,,,,,10116,12.0,12,,,,,,,,
,,,,,10120,4.0,4,,,,,,,,
,,,,,10123,3.0,3,,,,,,,,
,,,,,10130,7.0,7,,,,,,,,
,,,,,10137,7.0,7,,,,,,,,
,,,,,10148,11.0,11,,,,,,,,
,,,,,10151,3.0,3,,,,,,,,
,,,,,10155,4.0,4,,,,,,,,
,,,,,10159,4.0,4,,,,,,,,
,,,,,10165,6.0,6,,,,,,,,
,,,,,10170,5.0,5,,,,,,,,
,,,,,10176,6.0,6,,,,,,,,
,,,,,10181,5.0,5,,,,,,,,
,,,,,10184,3.0,3,,,,,,,,
,,,,,10187,3.0,3,,,,,,,,
,,,,,10200,13.0,13,,,,,,,,
,,,,,10206,6.0,6,,,,,,,,
,,,,,10221,15.0,15,,,,,,,,
,,,,,10224,3.0,3,,,,,,,,
,,,,,10227,3.0,3,,,,,,,,
,,,,,10236,9.0,9,,,,,,,,
,,,,,10241,5.0,5,,,,,,,,
,,,,,10245,4.0,4,,,,,,,,
,,,,,10253,8.0,8,,,,,,,,
,,,,,10259,6.0,6,,,,,,,,
,,,,,10262,3.0,3,,,,,,,,
,,,,,10267,5.0,5,,,,,,,,
,,,,,10271,4.0,4,,,,,,,,
,,,,,10274,3.0,3,,,,,,,,
,,,,,10277,3.0,3,,,,,,,,
,,,,,10281,4.0,4,,,,,,,,
,,,,,10285,4.0,4,,,,,,,,
,,,,,10289,4.0,4,,,,,,,,
,,,,,10294,5.0,5,,,,,,,,
,,,,,10301,7.0,7,,,,,,,,
,,,,,10320,19.0,19,,,,,,,,
,,,,,10326,6.0,6,,,,,,,,
,,,,,10329,3.0,3,,,,,,,,
,,,,,10333,4.0,4,,,,,,,,
,,,,,10343,10.0,10,,,,,,,,
,,,,,10348,5.0,5,,,,,,,,
,,,,,10351,3.0,3,,,,,,,,
,,,,,10357,6.0,6,,,,,,,,
,,,,,10361,4.0,4,,,,,,,,
,,,,,10364,3.0,3,,,,,,,,
,,,,,10367,3.0,3,,,,,,,,
,,,,,10370,3.0,3,,,,,,,,
,,,,,10373,3.0,3,,,,,,,,
,,,,,10380,7.0,7,,,,,,,,
,,,,,10384,4.0,4,,,,,,,,
,,,,,10387,3.0,3,,,,,,,,
,,,,,10393,6.0,6,,,,,,,,
,,,,,10401,8.0,8,,,,,,,,
,,,,,10408,7.0,7,,,,,,,,
,,,,,10415,7.0,7,,,,,,,,
,,,,,10419,4.0,4,,,,,,,,
,,,,,10427,8.0,8,,,,,,,,
,,,,,10434,7.0,7,,,,,,,,
,,,,,10445,11.0,11,,,,,,,,
,,,,,10449,4.0,4,,,,,,,,
,,,,,10456,7.0,7,,,,,,,,
,,,,,10463,7.0,7,,,,,,,,
,,,,,10468,5.0,5,,,,,,,,
,,,,,10473,5.0,5,,,,,,,,
,,,,,10478,5.0,5,,,,,,,,
,,,,,10481,3.0,3,,,,,,,,
,,,,,10486,5.0,5,,,,,,,,
,,,,,10490,4.0,4,,,,,,,,
,,,,,10496,6.0,6,,,,,,,,
,,,,,10499,3.0,3,,,,,,,,
,,,,,10510,11.0,11,,,,,,,,
,,,,,10513,3.0,3,,,,,,,,
,,,,,10517,4.0,4,,,,,,,,
,,,,,10520,3.0,3,,,,,,,,
,,,,,10526,6.0,6,,,,,,,,
,,,,,10532,6.0,6,,,,,,,,
,,,,,10535,3.0,3,,,,,,,,
,,,,,10538,3.0,3,,,,,,,,
,,,,,10543,5.0,5,,,,,,,,
,,,,,10556,13.0,13,,,,,,,,
,,,,,10561,5.0,5,,,,,,,,
,,,,,10564,3.0,3,,,,,,,,
,,,,,10567,3.0,3,,,,,,,,
,,,,,10571,4.0,4,,,,,,,,
,,,,,10575,4.0,4,,,,,,,,
,,,,,10583,8.0,8,,,,,,,,
,,,,,10590,7.0,7,,,,,,,,
,,,,,10595,5.0,5,,,,,,,,
,,,,,10603,8.0,8,,,,,,,,
,,,,,10614,11.0,11,,,,,,,,
,,,,,10618,4.0,4,,,,,,,,
,,,,,10633,15.0,15,,,,,,,,
,,,,,10642,9.0,9,,,,,,,,
,,,,,10648,6.0,6,,,,,,,,
,,,,,10659,11.0,11,,,,,,,,
,,,,,10664,5.0,5,,,,,,,,
,,,,,10667,3.0,3,,,,,,,,
,,,,,10670,3.0,3,,,,,,,,
,,,,,10679,9.0,9,,,,,,,,
,,,,,10688,9.0,9,,,,,,,,
,,,,,10694,6.0,6,,,,,,,,
,,,,,10697,3.0,3,,,,,,,,
,,,,,10700,3.0,3,,,,,,,,
,,,,,10703,3.0,3,,,,,,,,
,,,,,10707,4.0,4,,,,,,,,
,,,,,10714,7.0,7,,,,,,,,
,,,,,10721,7.0,7,,,,,,,,
,,,,,10733,12.0,12,,,,,,,,
,,,,,10739,6.0,6,,,,,,,,
,,,,,10743,4.0,4,,,,,,,,
,,,,,10750,7.0,7,,,,,,,,
,,,,,10755,5.0,5,,,,,,,,
,,,,,10758,3.0,3,,,,,,,,
,,,,,10761,3.0,3,,,,,,,,
,,,,,10765,4.0,4,,,,,,,,
,,,,,10770,5.0,5,,,,,,,,
,,,,,10773,3.0,3,,,,,,,,
,,,,,10782,9.0,9,,,,,,,,
,,,,,10788,6.0,6,,,,,,,,
,,,,,10793,5.0,5,,,,,,,,
,,,,,10796,3.0,3,,,,,,,,
,,,,,10800,4.0,4,,,,,,,,
,,,,,10809,9.0,9,,,,,,,,
,,,,,10817,8.0,8,,,,,,,,
,,,,,10821,4.0,4,,,,,,,,
,,,,,10825,4.0,4,,,,,,,,
,,,,,10829,4.0,4,,,,,,,,
,,,,,10846,17.0,17,,,,,,,,
,,,,,10852,6.0,6,,,,,,,,
,,,,,10858,6.0,6,,,,,,,,
,,,,,10870,12.0,12,,,,,,,,
,,,,,10874,4.0,4,,,,,,,,
,,,,,10879,5.0,5,,,,,,,,
,,,,,10882,3.0,3,,,,,,,,
,,,,,10885,3.0,3,,,,,,,,
,,,,,10888,3.0,3,,,,,,,,
,,,,,10893,5.0,5,,,,,,,,
,,,,,10900,7.0,7,,,,,,,,
,,,,,10903,3.0,3,,,,,,,,
,,,,,10906,3.0,3,,,,,,,,
,,,,,10910,4.0,4,,,,,,,,
,,,,,10913,3.0,3,,,,,,,,
,,,,,10921,8.0,8,,,,,,,,
,,,,,10927,6.0,6,,,,,,,,
,,,,,10931,4.0,4,,,,,,,,
,,,,,10936,5.0,5,,,,,,,,
,,,,,10949,13.0,13,,,,,,,,
,,,,,10953,4.0,4,,,,,,,,
,,,,,10956,3.0,3,,,,,,,,
,,,,,10966,10.0,10,,,,,,,,
,,,,,10975,9.0,9,,,,,,,,
,,,,,10979,4.0,4,,,,,,,,
,,,,,10983,4.0,4,,,,,,,,
,,,,,10993,10.0,10,,,,,,,,
,,,,,11000,,,-8.652214050292969,86.52214050292969,139.77310180664062,37.118812561035156,39.06941223144531,0.0003,0.0003,0.1
,,,,,11002,9.0,9,,,,,,,,
,,,,,11013,11.0,11,,,,,,,,
,,,,,11019,6.0,6,,,,,,,,
,,,,,11022,3.0,3,,,,,,,,
,,,,,11032,10.0,10,,,,,,,,
,,,,,11037,5.0,5,,,,,,,,
,,,,,11046,9.0,9,,,,,,,,
,,,,,11070,24.0,24,,,,,,,,
,,,,,11074,4.0,4,,,,,,,,
,,,,,11078,4.0,4,,,,,,,,
,,,,,11085,7.0,7,,,,,,,,
,,,,,11090,5.0,5,,,,,,,,
,,,,,11095,5.0,5,,,,,,,,
,,,,,11099,4.0,4,,,,,,,,
,,,,,11108,9.0,9,,,,,,,,
,,,,,11112,4.0,4,,,,,,,,
,,,,,11122,10.0,10,,,,,,,,
,,,,,11129,7.0,7,,,,,,,,
,,,,,11135,6.0,6,,,,,,,,
,,,,,11141,6.0,6,,,,,,,,
,,,,,11147,6.0,6,,,,,,,,
,,,,,11154,7.0,7,,,,,,,,
,,,,,11162,8.0,8,,,,,,,,
,,,,,11167,5.0,5,,,,,,,,
,,,,,11171,4.0,4,,,,,,,,
,,,,,11177,6.0,6,,,,,,,,
,,,,,11181,4.0,4,,,,,,,,
,,,,,11189,8.0,8,,,,,,,,
,,,,,11193,4.0,4,,,,,,,,
,,,,,11204,11.0,11,,,,,,,,
,,,,,11215,11.0,11,,,,,,,,
,,,,,11218,3.0,3,,,,,,,,
,,,,,11244,26.0,26,,,,,,,,
,,,,,11247,3.0,3,,,,,,,,
,,,,,11251,4.0,4,,,,,,,,
,,,,,11257,6.0,6,,,,,,,,
,,,,,11265,8.0,8,,,,,,,,
,,,,,11268,3.0,3,,,,,,,,
,,,,,11272,4.0,4,,,,,,,,
,,,,,11276,4.0,4,,,,,,,,
,,,,,11284,8.0,8,,,,,,,,
,,,,,11289,5.0,5,,,,,,,,
,,,,,11296,7.0,7,,,,,,,,
,,,,,11299,3.0,3,,,,,,,,
,,,,,11304,5.0,5,,,,,,,,
,,,,,11307,3.0,3,,,,,,,,
,,,,,11311,4.0,4,,,,,,,,
,,,,,11315,4.0,4,,,,,,,,
,,,,,11318,3.0,3,,,,,,,,
,,,,,11324,6.0,6,,,,,,,,
,,,,,11327,3.0,3,,,,,,,,
,,,,,11331,4.0,4,,,,,,,,
,,,,,11336,5.0,5,,,,,,,,
,,,,,11342,6.0,6,,,,,,,,
,,,,,11350,8.0,8,,,,,,,,
,,,,,11355,5.0,5,,,,,,,,
,,,,,11359,4.0,4,,,,,,,,
,,,,,11365,6.0,6,,,,,,,,
,,,,,11371,6.0,6,,,,,,,,
,,,,,11374,3.0,3,,,,,,,,
,,,,,11377,3.0,3,,,,,,,,
,,,,,11386,9.0,9,,,,,,,,
,,,,,11407,21.0,21,,,,,,,,
,,,,,11415,8.0,8,,,,,,,,
,,,,,11425,10.0,10,,,,,,,,
,,,,,11435,10.0,10,,,,,,,,
,,,,,11442,7.0,7,,,,,,,,
,,,,,11446,4.0,4,,,,,,,,
,,,,,11449,3.0,3,,,,,,,,
,,,,,11452,3.0,3,,,,,,,,
,,,,,11455,3.0,3,,,,,,,,
,,,,,11461,6.0,6,,,,,,,,
,,,,,11464,3.0,3,,,,,,,,
,,,,,11467,3.0,3,,,,,,,,
,,,,,11470,3.0,3,,,,,,,,
,,,,,11482,12.0,12,,,,,,,,
,,,,,11490,8.0,8,,,,,,,,
,,,,,11497,7.0,7,,,,,,,,
,,,,,11509,12.0,12,,,,,,,,
,,,,,11514,5.0,5,,,,,,,,
,,,,,11520,6.0,6,,,,,,,,
,,,,,11524,4.0,4,,,,,,,,
,,,,,11527,3.0,3,,,,,,,,
,,,,,11534,7.0,7,,,,,,,,
,,,,,11544,10.0,10,,,,,,,,
,,,,,11548,4.0,4,,,,,,,,
,,,,,11556,8.0,8,,,,,,,,
,,,,,11559,3.0,3,,,,,,,,
,,,,,11563,4.0,4,,,,,,,,
,,,,,11568,5.0,5,,,,,,,,
,,,,,11575,7.0,7,,,,,,,,
,,,,,11582,7.0,7,,,,,,,,
,,,,,11588,6.0,6,,,,,,,,
,,,,,11599,11.0,11,,,,,,,,
,,,,,11604,5.0,5,,,,,,,,
,,,,,11609,5.0,5,,,,,,,,
,,,,,11621,12.0,12,,,,,,,,
,,,,,11624,3.0,3,,,,,,,,
,,,,,11628,4.0,4,,,,,,,,
,,,,,11631,3.0,3,,,,,,,,
,,,,,11637,6.0,6,,,,,,,,
,,,,,11645,8.0,8,,,,,,,,
,,,,,11651,6.0,6,,,,,,,,
,,,,,11657,6.0,6,,,,,,,,
,,,,,11667,10.0,10,,,,,,,,
,,,,,11670,3.0,3,,,,,,,,
,,,,,11674,4.0,4,,,,,,,,
,,,,,11677,3.0,3,,,,,,,,
,,,,,11681,4.0,4,,,,,,,,
,,,,,11684,3.0,3,,,,,,,,
,,,,,11688,4.0,4,,,,,,,,
,,,,,11694,6.0,6,,,,,,,,
,,,,,11698,4.0,4,,,,,,,,
,,,,,11720,22.0,22,,,,,,,,
,,,,,11725,5.0,5,,,,,,,,
,,,,,11729,4.0,4,,,,,,,,
,,,,,11733,4.0,4,,,,,,,,
,,,,,11738,5.0,5,,,,,,,,
,,,,,11745,7.0,7,,,,,,,,
,,,,,11750,5.0,5,,,,,,,,
,,,,,11762,12.0,12,,,,,,,,
,,,,,11769,7.0,7,,,,,,,,
,,,,,11772,3.0,3,,,,,,,,
,,,,,11779,7.0,7,,,,,,,,
,,,,,11784,5.0,5,,,,,,,,
,,,,,11789,5.0,5,,,,,,,,
,,,,,11794,5.0,5,,,,,,,,
,,,,,11799,5.0,5,,,,,,,,
,,,,,11808,9.0,9,,,,,,,,
,,,,,11816,8.0,8,,,,,,,,
,,,,,11825,9.0,9,,,,,,,,
,,,,,11834,9.0,9,,,,,,,,
,,,,,11837,3.0,3,,,,,,,,
,,,,,11848,11.0,11,,,,,,,,
,,,,,11854,6.0,6,,,,,,,,
,,,,,11857,3.0,3,,,,,,,,
,,,,,11861,4.0,4,,,,,,,,
,,,,,11866,5.0,5,,,,,,,,
,,,,,11873,7.0,7,,,,,,,,
,,,,,11880,7.0,7,,,,,,,,
,,,,,11893,13.0,13,,,,,,,,
,,,,,11896,3.0,3,,,,,,,,
,,,,,11902,6.0,6,,,,,,,,
,,,,,11907,5.0,5,,,,,,,,
,,,,,11916,9.0,9,,,,,,,,
,,,,,11927,11.0,11,,,,,,,,
,,,,,11930,3.0,3,,,,,,,,
,,,,,11943,13.0,13,,,,,,,,
,,,,,11947,4.0,4,,,,,,,,
,,,,,11952,5.0,5,,,,,,,,
,,,,,11960,8.0,8,,,,,,,,
,,,,,11965,5.0,5,,,,,,,,
,,,,,11968,3.0,3,,,,,,,,
,,,,,11971,3.0,3,,,,,,,,
,,,,,11978,7.0,7,,,,,,,,
,,,,,11983,5.0,5,,,,,,,,
,,,,,11990,7.0,7,,,,,,,,
,,,,,11996,6.0,6,,,,,,,,
,,,,,12000,,,-8.47124195098877,84.71241760253906,174.04904174804688,37.313941955566406,35.921504974365234,0.0003,0.0003,0.1
,,,,,12003,7.0,7,,,,,,,,
,,,,,12006,3.0,3,,,,,,,,
,,,,,12010,4.0,4,,,,,,,,
,,,,,12013,3.0,3,,,,,,,,
,,,,,12016,3.0,3,,,,,,,,
,,,,,12019,3.0,3,,,,,,,,
,,,,,12023,4.0,4,,,,,,,,
,,,,,12029,6.0,6,,,,,,,,
,,,,,12034,5.0,5,,,,,,,,
,,,,,12039,5.0,5,,,,,,,,
,,,,,12043,4.0,4,,,,,,,,
,,,,,12049,6.0,6,,,,,,,,
,,,,,12057,8.0,8,,,,,,,,
,,,,,12065,8.0,8,,,,,,,,
,,,,,12073,8.0,8,,,,,,,,
,,,,,12077,4.0,4,,,,,,,,
,,,,,12083,6.0,6,,,,,,,,
,,,,,12087,4.0,4,,,,,,,,
,,,,,12100,13.0,13,,,,,,,,
,,,,,12107,7.0,7,,,,,,,,
,,,,,12112,5.0,5,,,,,,,,
,,,,,12117,5.0,5,,,,,,,,
,,,,,12140,23.0,23,,,,,,,,
,,,,,12146,6.0,6,,,,,,,,
,,,,,12149,3.0,3,,,,,,,,
,,,,,12158,9.0,9,,,,,,,,
,,,,,12161,3.0,3,,,,,,,,
,,,,,12170,9.0,9,,,,,,,,
,,,,,12173,3.0,3,,,,,,,,
,,,,,12176,3.0,3,,,,,,,,
,,,,,12181,5.0,5,,,,,,,,
,,,,,12184,3.0,3,,,,,,,,
,,,,,12189,5.0,5,,,,,,,,
,,,,,12193,4.0,4,,,,,,,,
,,,,,12196,3.0,3,,,,,,,,
,,,,,12204,8.0,8,,,,,,,,
,,,,,12209,5.0,5,,,,,,,,
,,,,,12213,4.0,4,,,,,,,,
,,,,,12217,4.0,4,,,,,,,,
,,,,,12222,5.0,5,,,,,,,,
,,,,,12226,4.0,4,,,,,,,,
,,,,,12247,21.0,21,,,,,,,,
,,,,,12251,4.0,4,,,,,,,,
,,,,,12260,9.0,9,,,,,,,,
,,,,,12270,10.0,10,,,,,,,,
,,,,,12280,10.0,10,,,,,,,,
,,,,,12286,6.0,6,,,,,,,,
,,,,,12294,8.0,8,,,,,,,,
,,,,,12298,4.0,4,,,,,,,,
,,,,,12301,3.0,3,,,,,,,,
,,,,,12314,13.0,13,,,,,,,,
,,,,,12318,4.0,4,,,,,,,,
,,,,,12322,4.0,4,,,,,,,,
,,,,,12336,14.0,14,,,,,,,,
,,,,,12341,5.0,5,,,,,,,,
,,,,,12345,4.0,4,,,,,,,,
,,,,,12354,9.0,9,,,,,,,,
,,,,,12360,6.0,6,,,,,,,,
,,,,,12366,6.0,6,,,,,,,,
,,,,,12371,5.0,5,,,,,,,,
,,,,,12377,6.0,6,,,,,,,,
,,,,,12381,4.0,4,,,,,,,,
,,,,,12384,3.0,3,,,,,,,,
,,,,,12387,3.0,3,,,,,,,,
,,,,,12390,3.0,3,,,,,,,,
,,,,,12393,3.0,3,,,,,,,,
,,,,,12402,9.0,9,,,,,,,,
,,,,,12405,3.0,3,,,,,,,,
,,,,,12410,5.0,5,,,,,,,,
,,,,,12414,4.0,4,,,,,,,,
,,,,,12418,4.0,4,,,,,,,,
,,,,,12421,3.0,3,,,,,,,,
,,,,,12425,4.0,4,,,,,,,,
,,,,,12446,21.0,21,,,,,,,,
,,,,,12450,4.0,4,,,,,,,,
,,,,,12460,10.0,10,,,,,,,,
,,,,,12472,12.0,12,,,,,,,,
,,,,,12481,9.0,9,,,,,,,,
,,,,,12484,3.0,3,,,,,,,,
,,,,,12489,5.0,5,,,,,,,,
,,,,,12495,6.0,6,,,,,,,,
,,,,,12504,9.0,9,,,,,,,,
,,,,,12507,3.0,3,,,,,,,,
,,,,,12511,4.0,4,,,,,,,,
,,,,,12515,4.0,4,,,,,,,,
,,,,,12520,5.0,5,,,,,,,,
,,,,,12525,5.0,5,,,,,,,,
,,,,,12530,5.0,5,,,,,,,,
,,,,,12533,3.0,3,,,,,,,,
,,,,,12545,12.0,12,,,,,,,,
,,,,,12557,12.0,12,,,,,,,,
,,,,,12562,5.0,5,,,,,,,,
,,,,,12565,3.0,3,,,,,,,,
,,,,,12571,6.0,6,,,,,,,,
,,,,,12574,3.0,3,,,,,,,,
,,,,,12580,6.0,6,,,,,,,,
,,,,,12588,8.0,8,,,,,,,,
,,,,,12596,8.0,8,,,,,,,,
,,,,,12608,12.0,12,,,,,,,,
,,,,,12614,6.0,6,,,,,,,,
,,,,,12620,6.0,6,,,,,,,,
,,,,,12625,5.0,5,,,,,,,,
,,,,,12629,4.0,4,,,,,,,,
,,,,,12632,3.0,3,,,,,,,,
,,,,,12635,3.0,3,,,,,,,,
,,,,,12641,6.0,6,,,,,,,,
,,,,,12645,4.0,4,,,,,,,,
,,,,,12650,5.0,5,,,,,,,,
,,,,,12653,3.0,3,,,,,,,,
,,,,,12657,4.0,4,,,,,,,,
,,,,,12664,7.0,7,,,,,,,,
,,,,,12671,7.0,7,,,,,,,,
,,,,,12675,4.0,4,,,,,,,,
,,,,,12679,4.0,4,,,,,,,,
,,,,,12684,5.0,5,,,,,,,,
,,,,,12689,5.0,5,,,,,,,,
,,,,,12709,20.0,20,,,,,,,,
,,,,,12713,4.0,4,,,,,,,,
,,,,,12718,5.0,5,,,,,,,,
,,,,,12721,3.0,3,,,,,,,,
,,,,,12727,6.0,6,,,,,,,,
,,,,,12741,14.0,14,,,,,,,,
,,,,,12749,8.0,8,,,,,,,,
,,,,,12755,6.0,6,,,,,,,,
,,,,,12759,4.0,4,,,,,,,,
,,,,,12765,6.0,6,,,,,,,,
,,,,,12783,18.0,18,,,,,,,,
,,,,,12787,4.0,4,,,,,,,,
,,,,,12791,4.0,4,,,,,,,,
,,,,,12794,3.0,3,,,,,,,,
,,,,,12805,11.0,11,,,,,,,,
,,,,,12810,5.0,5,,,,,,,,
,,,,,12816,6.0,6,,,,,,,,
,,,,,12819,3.0,3,,,,,,,,
,,,,,12825,6.0,6,,,,,,,,
,,,,,12832,7.0,7,,,,,,,,
,,,,,12836,4.0,4,,,,,,,,
,,,,,12844,8.0,8,,,,,,,,
,,,,,12852,8.0,8,,,,,,,,
,,,,,12857,5.0,5,,,,,,,,
,,,,,12862,5.0,5,,,,,,,,
,,,,,12865,3.0,3,,,,,,,,
,,,,,12869,4.0,4,,,,,,,,
,,,,,12878,9.0,9,,,,,,,,
,,,,,12887,9.0,9,,,,,,,,
,,,,,12899,12.0,12,,,,,,,,
,,,,,12902,3.0,3,,,,,,,,
,,,,,12909,7.0,7,,,,,,,,
,,,,,12916,7.0,7,,,,,,,,
,,,,,12920,4.0,4,,,,,,,,
,,,,,12925,5.0,5,,,,,,,,
,,,,,12932,7.0,7,,,,,,,,
,,,,,12938,6.0,6,,,,,,,,
,,,,,12945,7.0,7,,,,,,,,
,,,,,12954,9.0,9,,,,,,,,
,,,,,12961,7.0,7,,,,,,,,
,,,,,12969,8.0,8,,,,,,,,
,,,,,12982,13.0,13,,,,,,,,
,,,,,12986,4.0,4,,,,,,,,
,,,,,12992,6.0,6,,,,,,,,
,,,,,13000,,,-9.145185470581055,91.45185089111328,143.2850341796875,35.31367492675781,36.66333770751953,0.0003,0.0003,0.1
,,,,,13001,9.0,9,,,,,,,,
,,,,,13008,7.0,7,,,,,,,,
,,,,,13013,5.0,5,,,,,,,,
,,,,,13017,4.0,4,,,,,,,,
,,,,,13024,7.0,7,,,,,,,,
,,,,,13032,8.0,8,,,,,,,,
,,,,,13042,10.0,10,,,,,,,,
,,,,,13053,11.0,11,,,,,,,,
,,,,,13062,9.0,9,,,,,,,,
,,,,,13065,3.0,3,,,,,,,,
,,,,,13069,4.0,4,,,,,,,,
,,,,,13072,3.0,3,,,,,,,,
,,,,,13084,12.0,12,,,,,,,,
,,,,,13088,4.0,4,,,,,,,,
,,,,,13091,3.0,3,,,,,,,,
,,,,,13100,9.0,9,,,,,,,,
,,,,,13104,4.0,4,,,,,,,,
,,,,,13109,5.0,5,,,,,,,,
,,,,,13113,4.0,4,,,,,,,,
,,,,,13116,3.0,3,,,,,,,,
,,,,,13121,5.0,5,,,,,,,,
,,,,,13125,4.0,4,,,,,,,,
,,,,,13130,5.0,5,,,,,,,,
,,,,,13135,5.0,5,,,,,,,,
,,,,,13141,6.0,6,,,,,,,,
,,,,,13145,4.0,4,,,,,,,,
,,,,,13149,4.0,4,,,,,,,,
,,,,,13163,14.0,14,,,,,,,,
,,,,,13168,5.0,5,,,,,,,,
,,,,,13177,9.0,9,,,,,,,,
,,,,,13181,4.0,4,,,,,,,,
,,,,,13185,4.0,4,,,,,,,,
,,,,,13193,8.0,8,,,,,,,,
,,,,,13197,4.0,4,,,,,,,,
,,,,,13202,5.0,5,,,,,,,,
,,,,,13206,4.0,4,,,,,,,,
,,,,,13212,6.0,6,,,,,,,,
,,,,,13218,6.0,6,,,,,,,,
,,,,,13222,4.0,4,,,,,,,,
,,,,,13227,5.0,5,,,,,,,,
,,,,,13231,4.0,4,,,,,,,,
,,,,,13238,7.0,7,,,,,,,,
,,,,,13243,5.0,5,,,,,,,,
,,,,,13253,10.0,10,,,,,,,,
,,,,,13257,4.0,4,,,,,,,,
,,,,,13261,4.0,4,,,,,,,,
,,,,,13264,3.0,3,,,,,,,,
,,,,,13270,6.0,6,,,,,,,,
,,,,,13277,7.0,7,,,,,,,,
,,,,,13286,9.0,9,,,,,,,,
,,,,,13297,11.0,11,,,,,,,,
,,,,,13304,7.0,7,,,,,,,,
,,,,,13330,26.0,26,,,,,,,,
,,,,,13334,4.0,4,,,,,,,,
,,,,,13339,5.0,5,,,,,,,,
,,,,,13348,9.0,9,,,,,,,,
,,,,,13351,3.0,3,,,,,,,,
,,,,,13355,4.0,4,,,,,,,,
,,,,,13359,4.0,4,,,,,,,,
,,,,,13362,3.0,3,,,,,,,,
,,,,,13367,5.0,5,,,,,,,,
,,,,,13373,6.0,6,,,,,,,,
,,,,,13378,5.0,5,,,,,,,,
,,,,,13383,5.0,5,,,,,,,,
,,,,,13395,12.0,12,,,,,,,,
,,,,,13401,6.0,6,,,,,,,,
,,,,,13405,4.0,4,,,,,,,,
,,,,,13410,5.0,5,,,,,,,,
,,,,,13420,10.0,10,,,,,,,,
,,,,,13423,3.0,3,,,,,,,,
,,,,,13427,4.0,4,,,,,,,,
,,,,,13432,5.0,5,,,,,,,,
,,,,,13437,5.0,5,,,,,,,,
,,,,,13444,7.0,7,,,,,,,,
,,,,,13450,6.0,6,,,,,,,,
,,,,,13454,4.0,4,,,,,,,,
,,,,,13457,3.0,3,,,,,,,,
,,,,,13466,9.0,9,,,,,,,,
,,,,,13470,4.0,4,,,,,,,,
,,,,,13473,3.0,3,,,,,,,,
,,,,,13480,7.0,7,,,,,,,,
,,,,,13484,4.0,4,,,,,,,,
,,,,,13497,13.0,13,,,,,,,,
,,,,,13500,3.0,3,,,,,,,,
,,,,,13503,3.0,3,,,,,,,,
,,,,,13508,5.0,5,,,,,,,,
,,,,,13515,7.0,7,,,,,,,,
,,,,,13519,4.0,4,,,,,,,,
,,,,,13524,5.0,5,,,,,,,,
,,,,,13528,4.0,4,,,,,,,,
,,,,,13541,13.0,13,,,,,,,,
,,,,,13547,6.0,6,,,,,,,,
,,,,,13553,6.0,6,,,,,,,,
,,,,,13557,4.0,4,,,,,,,,
,,,,,13563,6.0,6,,,,,,,,
,,,,,13574,11.0,11,,,,,,,,
,,,,,13579,5.0,5,,,,,,,,
,,,,,13596,17.0,17,,,,,,,,
,,,,,13601,5.0,5,,,,,,,,
,,,,,13605,4.0,4,,,,,,,,
,,,,,13608,3.0,3,,,,,,,,
,,,,,13611,3.0,3,,,,,,,,
,,,,,13615,4.0,4,,,,,,,,
,,,,,13621,6.0,6,,,,,,,,
,,,,,13627,6.0,6,,,,,,,,
,,,,,13631,4.0,4,,,,,,,,
,,,,,13639,8.0,8,,,,,,,,
,,,,,13643,4.0,4,,,,,,,,
,,,,,13649,6.0,6,,,,,,,,
,,,,,13655,6.0,6,,,,,,,,
,,,,,13668,13.0,13,,,,,,,,
,,,,,13671,3.0,3,,,,,,,,
,,,,,13675,4.0,4,,,,,,,,
,,,,,13679,4.0,4,,,,,,,,
,,,,,13684,5.0,5,,,,,,,,
,,,,,13687,3.0,3,,,,,,,,
,,,,,13691,4.0,4,,,,,,,,
,,,,,13698,7.0,7,,,,,,,,
,,,,,13701,3.0,3,,,,,,,,
,,,,,13705,4.0,4,,,,,,,,
,,,,,13710,5.0,5,,,,,,,,
,,,,,13714,4.0,4,,,,,,,,
,,,,,13720,6.0,6,,,,,,,,
,,,,,13728,8.0,8,,,,,,,,
,,,,,13732,4.0,4,,,,,,,,
,,,,,13738,6.0,6,,,,,,,,
,,,,,13741,3.0,3,,,,,,,,
,,,,,13745,4.0,4,,,,,,,,
,,,,,13749,4.0,4,,,,,,,,
,,,,,13753,4.0,4,,,,,,,,
,,,,,13757,4.0,4,,,,,,,,
,,,,,13760,3.0,3,,,,,,,,
,,,,,13764,4.0,4,,,,,,,,
,,,,,13767,3.0,3,,,,,,,,
,,,,,13771,4.0,4,,,,,,,,
,,,,,13777,6.0,6,,,,,,,,
,,,,,13782,5.0,5,,,,,,,,
,,,,,13797,15.0,15,,,,,,,,
,,,,,13801,4.0,4,,,,,,,,
,,,,,13812,11.0,11,,,,,,,,
,,,,,13820,8.0,8,,,,,,,,
,,,,,13824,4.0,4,,,,,,,,
,,,,,13831,7.0,7,,,,,,,,
,,,,,13836,5.0,5,,,,,,,,
,,,,,13846,10.0,10,,,,,,,,
,,,,,13849,3.0,3,,,,,,,,
,,,,,13854,5.0,5,,,,,,,,
,,,,,13859,5.0,5,,,,,,,,
,,,,,13862,3.0,3,,,,,,,,
,,,,,13866,4.0,4,,,,,,,,
,,,,,13877,11.0,11,,,,,,,,
,,,,,13882,5.0,5,,,,,,,,
,,,,,13903,21.0,21,,,,,,,,
,,,,,13913,10.0,10,,,,,,,,
,,,,,13916,3.0,3,,,,,,,,
,,,,,13922,6.0,6,,,,,,,,
,,,,,13928,6.0,6,,,,,,,,
,,,,,13931,3.0,3,,,,,,,,
,,,,,13935,4.0,4,,,,,,,,
,,,,,13942,7.0,7,,,,,,,,
,,,,,13946,4.0,4,,,,,,,,
,,,,,13949,3.0,3,,,,,,,,
,,,,,13955,6.0,6,,,,,,,,
,,,,,13961,6.0,6,,,,,,,,
,,,,,13968,7.0,7,,,,,,,,
,,,,,13971,3.0,3,,,,,,,,
,,,,,13982,11.0,11,,,,,,,,
,,,,,13986,4.0,4,,,,,,,,
,,,,,13990,4.0,4,,,,,,,,
,,,,,13994,4.0,4,,,,,,,,
,,,,,14000,,,-8.736440658569336,87.3644027709961,161.48008728027344,35.32194519042969,33.72942352294922,0.0003,0.0003,0.1
,,,,,14010,16.0,16,,,,,,,,
,,,,,14018,8.0,8,,,,,,,,
,,,,,14022,4.0,4,,,,,,,,
,,,,,14026,4.0,4,,,,,,,,
,,,,,14032,6.0,6,,,,,,,,
,,,,,14036,4.0,4,,,,,,,,
,,,,,14052,16.0,16,,,,,,,,
,,,,,14060,8.0,8,,,,,,,,
,,,,,14063,3.0,3,,,,,,,,
,,,,,14066,3.0,3,,,,,,,,
,,,,,14070,4.0,4,,,,,,,,
,,,,,14073,3.0,3,,,,,,,,
,,,,,14078,5.0,5,,,,,,,,
,,,,,14085,7.0,7,,,,,,,,
,,,,,14088,3.0,3,,,,,,,,
,,,,,14093,5.0,5,,,,,,,,
,,,,,14098,5.0,5,,,,,,,,
,,,,,14108,10.0,10,,,,,,,,
,,,,,14112,4.0,4,,,,,,,,
,,,,,14116,4.0,4,,,,,,,,
,,,,,14126,10.0,10,,,,,,,,
,,,,,14135,9.0,9,,,,,,,,
,,,,,14141,6.0,6,,,,,,,,
,,,,,14150,9.0,9,,,,,,,,
,,,,,14154,4.0,4,,,,,,,,
,,,,,14159,5.0,5,,,,,,,,
,,,,,14167,8.0,8,,,,,,,,
,,,,,14171,4.0,4,,,,,,,,
,,,,,14176,5.0,5,,,,,,,,
,,,,,14180,4.0,4,,,,,,,,
,,,,,14184,4.0,4,,,,,,,,
,,,,,14188,4.0,4,,,,,,,,
,,,,,14197,9.0,9,,,,,,,,
,,,,,14200,3.0,3,,,,,,,,
,,,,,14203,3.0,3,,,,,,,,
,,,,,14207,4.0,4,,,,,,,,
,,,,,14212,5.0,5,,,,,,,,
,,,,,14215,3.0,3,,,,,,,,
,,,,,14220,5.0,5,,,,,,,,
,,,,,14223,3.0,3,,,,,,,,
,,,,,14241,18.0,18,,,,,,,,
,,,,,14245,4.0,4,,,,,,,,
,,,,,14249,4.0,4,,,,,,,,
,,,,,14255,6.0,6,,,,,,,,
,,,,,14259,4.0,4,,,,,,,,
,,,,,14264,5.0,5,,,,,,,,
,,,,,14274,10.0,10,,,,,,,,
,,,,,14282,8.0,8,,,,,,,,
,,,,,14289,7.0,7,,,,,,,,
,,,,,14293,4.0,4,,,,,,,,
,,,,,14306,13.0,13,,,,,,,,
,,,,,14309,3.0,3,,,,,,,,
,,,,,14314,5.0,5,,,,,,,,
,,,,,14337,23.0,23,,,,,,,,
,,,,,14340,3.0,3,,,,,,,,
,,,,,14355,15.0,15,,,,,,,,
,,,,,14360,5.0,5,,,,,,,,
,,,,,14364,4.0,4,,,,,,,,
,,,,,14367,3.0,3,,,,,,,,
,,,,,14375,8.0,8,,,,,,,,
,,,,,14381,6.0,6,,,,,,,,
,,,,,14390,9.0,9,,,,,,,,
,,,,,14394,4.0,4,,,,,,,,
,,,,,14406,12.0,12,,,,,,,,
,,,,,14417,11.0,11,,,,,,,,
,,,,,14420,3.0,3,,,,,,,,
,,,,,14426,6.0,6,,,,,,,,
,,,,,14429,3.0,3,,,,,,,,
,,,,,14433,4.0,4,,,,,,,,
,,,,,14440,7.0,7,,,,,,,,
,,,,,14446,6.0,6,,,,,,,,
,,,,,14449,3.0,3,,,,,,,,
,,,,,14453,4.0,4,,,,,,,,
,,,,,14457,4.0,4,,,,,,,,
,,,,,14461,4.0,4,,,,,,,,
,,,,,14464,3.0,3,,,,,,,,
,,,,,14470,6.0,6,,,,,,,,
,,,,,14473,3.0,3,,,,,,,,
,,,,,14483,10.0,10,,,,,,,,
,,,,,14486,3.0,3,,,,,,,,
,,,,,14489,3.0,3,,,,,,,,
,,,,,14494,5.0,5,,,,,,,,
,,,,,14499,5.0,5,,,,,,,,
,,,,,14504,5.0,5,,,,,,,,
,,,,,14510,6.0,6,,,,,,,,
,,,,,14513,3.0,3,,,,,,,,
,,,,,14516,3.0,3,,,,,,,,
,,,,,14519,3.0,3,,,,,,,,
,,,,,14525,6.0,6,,,,,,,,
,,,,,14542,17.0,17,,,,,,,,
,,,,,14546,4.0,4,,,,,,,,
,,,,,14556,10.0,10,,,,,,,,
,,,,,14563,7.0,7,,,,,,,,
,,,,,14571,8.0,8,,,,,,,,
,,,,,14579,8.0,8,,,,,,,,
,,,,,14584,5.0,5,,,,,,,,
,,,,,14588,4.0,4,,,,,,,,
,,,,,14593,5.0,5,,,,,,,,
,,,,,14598,5.0,5,,,,,,,,
,,,,,14610,12.0,12,,,,,,,,
,,,,,14614,4.0,4,,,,,,,,
,,,,,14632,18.0,18,,,,,,,,
,,,,,14643,11.0,11,,,,,,,,
,,,,,14646,3.0,3,,,,,,,,
,,,,,14651,5.0,5,,,,,,,,
,,,,,14654,3.0,3,,,,,,,,
,,,,,14663,9.0,9,,,,,,,,
,,,,,14678,15.0,15,,,,,,,,
,,,,,14681,3.0,3,,,,,,,,
,,,,,14685,4.0,4,,,,,,,,
,,,,,14689,4.0,4,,,,,,,,
,,,,,14696,7.0,7,,,,,,,,
,,,,,14700,4.0,4,,,,,,,,
,,,,,14707,7.0,7,,,,,,,,
,,,,,14717,10.0,10,,,,,,,,
,,,,,14724,7.0,7,,,,,,,,
,,,,,14731,7.0,7,,,,,,,,
,,,,,14735,4.0,4,,,,,,,,
,,,,,14739,4.0,4,,,,,,,,
,,,,,14743,4.0,4,,,,,,,,
,,,,,14747,4.0,4,,,,,,,,
,,,,,14750,3.0,3,,,,,,,,
,,,,,14753,3.0,3,,,,,,,,
,,,,,14757,4.0,4,,,,,,,,
,,,,,14768,11.0,11,,,,,,,,
,,,,,14777,9.0,9,,,,,,,,
,,,,,14784,7.0,7,,,,,,,,
,,,,,14788,4.0,4,,,,,,,,
,,,,,14799,11.0,11,,,,,,,,
,,,,,14802,3.0,3,,,,,,,,
,,,,,14809,7.0,7,,,,,,,,
,,,,,14814,5.0,5,,,,,,,,
,,,,,14821,7.0,7,,,,,,,,
,,,,,14829,8.0,8,,,,,,,,
,,,,,14841,12.0,12,,,,,,,,
,,,,,14847,6.0,6,,,,,,,,
,,,,,14852,5.0,5,,,,,,,,
,,,,,14856,4.0,4,,,,,,,,
,,,,,14861,5.0,5,,,,,,,,
,,,,,14864,3.0,3,,,,,,,,
,,,,,14868,4.0,4,,,,,,,,
,,,,,14873,5.0,5,,,,,,,,
,,,,,14879,6.0,6,,,,,,,,
,,,,,14882,3.0,3,,,,,,,,
,,,,,14885,3.0,3,,,,,,,,
,,,,,14891,6.0,6,,,,,,,,
,,,,,14895,4.0,4,,,,,,,,
,,,,,14900,5.0,5,,,,,,,,
,,,,,14904,4.0,4,,,,,,,,
,,,,,14915,11.0,11,,,,,,,,
,,,,,14918,3.0,3,,,,,,,,
,,,,,14924,6.0,6,,,,,,,,
,,,,,14928,4.0,4,,,,,,,,
,,,,,14932,4.0,4,,,,,,,,
,,,,,14943,11.0,11,,,,,,,,
,,,,,14948,5.0,5,,,,,,,,
,,,,,14952,4.0,4,,,,,,,,
,,,,,14959,7.0,7,,,,,,,,
,,,,,14964,5.0,5,,,,,,,,
,,,,,14968,4.0,4,,,,,,,,
,,,,,14977,9.0,9,,,,,,,,
,,,,,14984,7.0,7,,,,,,,,
,,,,,14987,3.0,3,,,,,,,,
,,,,,14992,5.0,5,,,,,,,,
6.9,6.487681,26.0,3.0,6.9,15000,,,-8.647117614746094,86.47117614746094,138.7694091796875,32.995304107666016,31.61682891845703,0.0003,0.0003,0.1
,,,,,15004,12.0,12,,,,,,,,
,,,,,15007,3.0,3,,,,,,,,
,,,,,15012,5.0,5,,,,,,,,
,,,,,15018,6.0,6,,,,,,,,
,,,,,15026,8.0,8,,,,,,,,
,,,,,15031,5.0,5,,,,,,,,
,,,,,15046,15.0,15,,,,,,,,
,,,,,15061,15.0,15,,,,,,,,
,,,,,15064,3.0,3,,,,,,,,
,,,,,15067,3.0,3,,,,,,,,
,,,,,15070,3.0,3,,,,,,,,
,,,,,15079,9.0,9,,,,,,,,
,,,,,15086,7.0,7,,,,,,,,
,,,,,15096,10.0,10,,,,,,,,
,,,,,15099,3.0,3,,,,,,,,
,,,,,15103,4.0,4,,,,,,,,
,,,,,15106,3.0,3,,,,,,,,
,,,,,15110,4.0,4,,,,,,,,
,,,,,15115,5.0,5,,,,,,,,
,,,,,15122,7.0,7,,,,,,,,
,,,,,15128,6.0,6,,,,,,,,
,,,,,15132,4.0,4,,,,,,,,
,,,,,15136,4.0,4,,,,,,,,
,,,,,15140,4.0,4,,,,,,,,
,,,,,15150,10.0,10,,,,,,,,
,,,,,15153,3.0,3,,,,,,,,
,,,,,15156,3.0,3,,,,,,,,
,,,,,15159,3.0,3,,,,,,,,
,,,,,15166,7.0,7,,,,,,,,
,,,,,15178,12.0,12,,,,,,,,
,,,,,15185,7.0,7,,,,,,,,
,,,,,15189,4.0,4,,,,,,,,
,,,,,15199,10.0,10,,,,,,,,
,,,,,15205,6.0,6,,,,,,,,
,,,,,15217,12.0,12,,,,,,,,
,,,,,15220,3.0,3,,,,,,,,
,,,,,15223,3.0,3,,,,,,,,
,,,,,15226,3.0,3,,,,,,,,
,,,,,15229,3.0,3,,,,,,,,
,,,,,15235,6.0,6,,,,,,,,
,,,,,15241,6.0,6,,,,,,,,
,,,,,15245,4.0,4,,,,,,,,
,,,,,15248,3.0,3,,,,,,,,
,,,,,15259,11.0,11,,,,,,,,
,,,,,15263,4.0,4,,,,,,,,
,,,,,15271,8.0,8,,,,,,,,
,,,,,15276,5.0,5,,,,,,,,
,,,,,15284,8.0,8,,,,,,,,
,,,,,15298,14.0,14,,,,,,,,
,,,,,15301,3.0,3,,,,,,,,
,,,,,15310,9.0,9,,,,,,,,
,,,,,15314,4.0,4,,,,,,,,
,,,,,15317,3.0,3,,,,,,,,
,,,,,15322,5.0,5,,,,,,,,
,,,,,15331,9.0,9,,,,,,,,
,,,,,15335,4.0,4,,,,,,,,
,,,,,15338,3.0,3,,,,,,,,
,,,,,15341,3.0,3,,,,,,,,
,,,,,15345,4.0,4,,,,,,,,
,,,,,15351,6.0,6,,,,,,,,
,,,,,15354,3.0,3,,,,,,,,
,,,,,15366,12.0,12,,,,,,,,
,,,,,15369,3.0,3,,,,,,,,
,,,,,15373,4.0,4,,,,,,,,
,,,,,15380,7.0,7,,,,,,,,
,,,,,15383,3.0,3,,,,,,,,
,,,,,15387,4.0,4,,,,,,,,
,,,,,15390,3.0,3,,,,,,,,
,,,,,15395,5.0,5,,,,,,,,
,,,,,15400,5.0,5,,,,,,,,
,,,,,15406,6.0,6,,,,,,,,
,,,,,15412,6.0,6,,,,,,,,
,,,,,15423,11.0,11,,,,,,,,
,,,,,15427,4.0,4,,,,,,,,
,,,,,15430,3.0,3,,,,,,,,
,,,,,15434,4.0,4,,,,,,,,
,,,,,15441,7.0,7,,,,,,,,
,,,,,15452,11.0,11,,,,,,,,
,,,,,15457,5.0,5,,,,,,,,
,,,,,15461,4.0,4,,,,,,,,
,,,,,15464,3.0,3,,,,,,,,
,,,,,15467,3.0,3,,,,,,,,
,,,,,15474,7.0,7,,,,,,,,
,,,,,15477,3.0,3,,,,,,,,
,,,,,15481,4.0,4,,,,,,,,
,,,,,15484,3.0,3,,,,,,,,
,,,,,15491,7.0,7,,,,,,,,
,,,,,15496,5.0,5,,,,,,,,
,,,,,15500,4.0,4,,,,,,,,
,,,,,15504,4.0,4,,,,,,,,
,,,,,15507,3.0,3,,,,,,,,
,,,,,15511,4.0,4,,,,,,,,
,,,,,15515,4.0,4,,,,,,,,
,,,,,15518,3.0,3,,,,,,,,
,,,,,15521,3.0,3,,,,,,,,
,,,,,15530,9.0,9,,,,,,,,
,,,,,15537,7.0,7,,,,,,,,
,,,,,15545,8.0,8,,,,,,,,
,,,,,15555,10.0,10,,,,,,,,
,,,,,15558,3.0,3,,,,,,,,
,,,,,15563,5.0,5,,,,,,,,
,,,,,15571,8.0,8,,,,,,,,
,,,,,15575,4.0,4,,,,,,,,
,,,,,15583,8.0,8,,,,,,,,
,,,,,15595,12.0,12,,,,,,,,
,,,,,15602,7.0,7,,,,,,,,
,,,,,15615,13.0,13,,,,,,,,
,,,,,15624,9.0,9,,,,,,,,
,,,,,15630,6.0,6,,,,,,,,
,,,,,15636,6.0,6,,,,,,,,
,,,,,15643,7.0,7,,,,,,,,
,,,,,15648,5.0,5,,,,,,,,
,,,,,15654,6.0,6,,,,,,,,
,,,,,15657,3.0,3,,,,,,,,
,,,,,15662,5.0,5,,,,,,,,
,,,,,15667,5.0,5,,,,,,,,
,,,,,15677,10.0,10,,,,,,,,
,,,,,15683,6.0,6,,,,,,,,
,,,,,15686,3.0,3,,,,,,,,
,,,,,15690,4.0,4,,,,,,,,
,,,,,15695,5.0,5,,,,,,,,
,,,,,15700,5.0,5,,,,,,,,
,,,,,15703,3.0,3,,,,,,,,
,,,,,15707,4.0,4,,,,,,,,
,,,,,15713,6.0,6,,,,,,,,
,,,,,15716,3.0,3,,,,,,,,
,,,,,15721,5.0,5,,,,,,,,
,,,,,15729,8.0,8,,,,,,,,
,,,,,15735,6.0,6,,,,,,,,
,,,,,15741,6.0,6,,,,,,,,
,,,,,15751,10.0,10,,,,,,,,
,,,,,15757,6.0,6,,,,,,,,
,,,,,15761,4.0,4,,,,,,,,
,,,,,15766,5.0,5,,,,,,,,
,,,,,15771,5.0,5,,,,,,,,
,,,,,15777,6.0,6,,,,,,,,
,,,,,15786,9.0,9,,,,,,,,
,,,,,15792,6.0,6,,,,,,,,
,,,,,15795,3.0,3,,,,,,,,
,,,,,15801,6.0,6,,,,,,,,
,,,,,15804,3.0,3,,,,,,,,
,,,,,15810,6.0,6,,,,,,,,
,,,,,15819,9.0,9,,,,,,,,
,,,,,15823,4.0,4,,,,,,,,
,,,,,15831,8.0,8,,,,,,,,
,,,,,15838,7.0,7,,,,,,,,
,,,,,15845,7.0,7,,,,,,,,
,,,,,15848,3.0,3,,,,,,,,
,,,,,15863,15.0,15,,,,,,,,
,,,,,15867,4.0,4,,,,,,,,
,,,,,15871,4.0,4,,,,,,,,
,,,,,15876,5.0,5,,,,,,,,
,,,,,15879,3.0,3,,,,,,,,
,,,,,15890,11.0,11,,,,,,,,
,,,,,15897,7.0,7,,,,,,,,
,,,,,15900,3.0,3,,,,,,,,
,,,,,15905,5.0,5,,,,,,,,
,,,,,15908,3.0,3,,,,,,,,
,,,,,15911,3.0,3,,,,,,,,
,,,,,15919,8.0,8,,,,,,,,
,,,,,15926,7.0,7,,,,,,,,
,,,,,15934,8.0,8,,,,,,,,
,,,,,15945,11.0,11,,,,,,,,
,,,,,15951,6.0,6,,,,,,,,
,,,,,15957,6.0,6,,,,,,,,
,,,,,15968,11.0,11,,,,,,,,
,,,,,15980,12.0,12,,,,,,,,
,,,,,15985,5.0,5,,,,,,,,
,,,,,15988,3.0,3,,,,,,,,
,,,,,15997,9.0,9,,,,,,,,
,,,,,16000,,,-8.731709480285645,87.31709289550781,183.83782958984375,38.18400192260742,39.17499542236328,0.0003,0.0003,0.1
,,,,,16001,4.0,4,,,,,,,,
,,,,,16004,3.0,3,,,,,,,,
,,,,,16007,3.0,3,,,,,,,,
,,,,,16010,3.0,3,,,,,,,,
,,,,,16013,3.0,3,,,,,,,,
,,,,,16022,9.0,9,,,,,,,,
,,,,,16026,4.0,4,,,,,,,,
,,,,,16031,5.0,5,,,,,,,,
,,,,,16035,4.0,4,,,,,,,,
,,,,,16041,6.0,6,,,,,,,,
,,,,,16044,3.0,3,,,,,,,,
,,,,,16047,3.0,3,,,,,,,,
,,,,,16055,8.0,8,,,,,,,,
,,,,,16063,8.0,8,,,,,,,,
,,,,,16067,4.0,4,,,,,,,,
,,,,,16071,4.0,4,,,,,,,,
,,,,,16076,5.0,5,,,,,,,,
,,,,,16080,4.0,4,,,,,,,,
,,,,,16083,3.0,3,,,,,,,,
,,,,,16088,5.0,5,,,,,,,,
,,,,,16093,5.0,5,,,,,,,,
,,,,,16099,6.0,6,,,,,,,,
,,,,,16106,7.0,7,,,,,,,,
,,,,,16112,6.0,6,,,,,,,,
,,,,,16115,3.0,3,,,,,,,,
,,,,,16120,5.0,5,,,,,,,,
,,,,,16130,10.0,10,,,,,,,,
,,,,,16135,5.0,5,,,,,,,,
,,,,,16140,5.0,5,,,,,,,,
,,,,,16143,3.0,3,,,,,,,,
,,,,,16146,3.0,3,,,,,,,,
,,,,,16152,6.0,6,,,,,,,,
,,,,,16157,5.0,5,,,,,,,,
,,,,,16168,11.0,11,,,,,,,,
,,,,,16172,4.0,4,,,,,,,,
,,,,,16176,4.0,4,,,,,,,,
,,,,,16179,3.0,3,,,,,,,,
,,,,,16183,4.0,4,,,,,,,,
,,,,,16186,3.0,3,,,,,,,,
,,,,,16189,3.0,3,,,,,,,,
,,,,,16192,3.0,3,,,,,,,,
,,,,,16198,6.0,6,,,,,,,,
,,,,,16201,3.0,3,,,,,,,,
,,,,,16210,9.0,9,,,,,,,,
,,,,,16214,4.0,4,,,,,,,,
,,,,,16219,5.0,5,,,,,,,,
,,,,,16222,3.0,3,,,,,,,,
,,,,,16227,5.0,5,,,,,,,,
,,,,,16231,4.0,4,,,,,,,,
,,,,,16246,15.0,15,,,,,,,,
,,,,,16251,5.0,5,,,,,,,,
,,,,,16254,3.0,3,,,,,,,,
,,,,,16262,8.0,8,,,,,,,,
,,,,,16268,6.0,6,,,,,,,,
,,,,,16271,3.0,3,,,,,,,,
,,,,,16275,4.0,4,,,,,,,,
,,,,,16283,8.0,8,,,,,,,,
,,,,,16289,6.0,6,,,,,,,,
,,,,,16302,13.0,13,,,,,,,,
,,,,,16314,12.0,12,,,,,,,,
,,,,,16318,4.0,4,,,,,,,,
,,,,,16327,9.0,9,,,,,,,,
,,,,,16334,7.0,7,,,,,,,,
,,,,,16340,6.0,6,,,,,,,,
,,,,,16344,4.0,4,,,,,,,,
,,,,,16349,5.0,5,,,,,,,,
,,,,,16352,3.0,3,,,,,,,,
,,,,,16355,3.0,3,,,,,,,,
,,,,,16360,5.0,5,,,,,,,,
,,,,,16363,3.0,3,,,,,,,,
,,,,,16375,12.0,12,,,,,,,,
,,,,,16390,15.0,15,,,,,,,,
,,,,,16394,4.0,4,,,,,,,,
,,,,,16405,11.0,11,,,,,,,,
,,,,,16409,4.0,4,,,,,,,,
,,,,,16413,4.0,4,,,,,,,,
,,,,,16420,7.0,7,,,,,,,,
,,,,,16425,5.0,5,,,,,,,,
,,,,,16428,3.0,3,,,,,,,,
,,,,,16432,4.0,4,,,,,,,,
,,,,,16439,7.0,7,,,,,,,,
,,,,,16445,6.0,6,,,,,,,,
,,,,,16450,5.0,5,,,,,,,,
,,,,,16453,3.0,3,,,,,,,,
,,,,,16462,9.0,9,,,,,,,,
,,,,,16468,6.0,6,,,,,,,,
,,,,,16471,3.0,3,,,,,,,,
,,,,,16476,5.0,5,,,,,,,,
,,,,,16479,3.0,3,,,,,,,,
,,,,,16483,4.0,4,,,,,,,,
,,,,,16488,5.0,5,,,,,,,,
,,,,,16491,3.0,3,,,,,,,,
,,,,,16496,5.0,5,,,,,,,,
,,,,,16499,3.0,3,,,,,,,,
,,,,,16502,3.0,3,,,,,,,,
,,,,,16507,5.0,5,,,,,,,,
,,,,,16511,4.0,4,,,,,,,,
,,,,,16516,5.0,5,,,,,,,,
,,,,,16521,5.0,5,,,,,,,,
,,,,,16531,10.0,10,,,,,,,,
,,,,,16535,4.0,4,,,,,,,,
,,,,,16540,5.0,5,,,,,,,,
,,,,,16545,5.0,5,,,,,,,,
,,,,,16548,3.0,3,,,,,,,,
,,,,,16552,4.0,4,,,,,,,,
,,,,,16564,12.0,12,,,,,,,,
,,,,,16568,4.0,4,,,,,,,,
,,,,,16583,15.0,15,,,,,,,,
,,,,,16597,14.0,14,,,,,,,,
,,,,,16600,3.0,3,,,,,,,,
,,,,,16606,6.0,6,,,,,,,,
,,,,,16614,8.0,8,,,,,,,,
,,,,,16619,5.0,5,,,,,,,,
,,,,,16625,6.0,6,,,,,,,,
,,,,,16629,4.0,4,,,,,,,,
,,,,,16634,5.0,5,,,,,,,,
,,,,,16639,5.0,5,,,,,,,,
,,,,,16647,8.0,8,,,,,,,,
,,,,,16651,4.0,4,,,,,,,,
,,,,,16656,5.0,5,,,,,,,,
,,,,,16664,8.0,8,,,,,,,,
,,,,,16667,3.0,3,,,,,,,,
,,,,,16680,13.0,13,,,,,,,,
,,,,,16684,4.0,4,,,,,,,,
,,,,,16694,10.0,10,,,,,,,,
,,,,,16697,3.0,3,,,,,,,,
,,,,,16704,7.0,7,,,,,,,,
,,,,,16708,4.0,4,,,,,,,,
,,,,,16712,4.0,4,,,,,,,,
,,,,,16729,17.0,17,,,,,,,,
,,,,,16733,4.0,4,,,,,,,,
,,,,,16736,3.0,3,,,,,,,,
,,,,,16747,11.0,11,,,,,,,,
,,,,,16751,4.0,4,,,,,,,,
,,,,,16757,6.0,6,,,,,,,,
,,,,,16764,7.0,7,,,,,,,,
,,,,,16771,7.0,7,,,,,,,,
,,,,,16774,3.0,3,,,,,,,,
,,,,,16780,6.0,6,,,,,,,,
,,,,,16791,11.0,11,,,,,,,,
,,,,,16796,5.0,5,,,,,,,,
,,,,,16799,3.0,3,,,,,,,,
,,,,,16802,3.0,3,,,,,,,,
,,,,,16810,8.0,8,,,,,,,,
,,,,,16814,4.0,4,,,,,,,,
,,,,,16821,7.0,7,,,,,,,,
,,,,,16825,4.0,4,,,,,,,,
,,,,,16828,3.0,3,,,,,,,,
,,,,,16832,4.0,4,,,,,,,,
,,,,,16837,5.0,5,,,,,,,,
,,,,,16841,4.0,4,,,,,,,,
,,,,,16845,4.0,4,,,,,,,,
,,,,,16848,3.0,3,,,,,,,,
,,,,,16854,6.0,6,,,,,,,,
,,,,,16857,3.0,3,,,,,,,,
,,,,,16864,7.0,7,,,,,,,,
,,,,,16868,4.0,4,,,,,,,,
,,,,,16872,4.0,4,,,,,,,,
,,,,,16880,8.0,8,,,,,,,,
,,,,,16884,4.0,4,,,,,,,,
,,,,,16887,3.0,3,,,,,,,,
,,,,,16895,8.0,8,,,,,,,,
,,,,,16906,11.0,11,,,,,,,,
,,,,,16909,3.0,3,,,,,,,,
,,,,,16914,5.0,5,,,,,,,,
,,,,,16919,5.0,5,,,,,,,,
,,,,,16923,4.0,4,,,,,,,,
,,,,,16927,4.0,4,,,,,,,,
,,,,,16932,5.0,5,,,,,,,,
,,,,,16936,4.0,4,,,,,,,,
,,,,,16949,13.0,13,,,,,,,,
,,,,,16958,9.0,9,,,,,,,,
,,,,,16966,8.0,8,,,,,,,,
,,,,,16971,5.0,5,,,,,,,,
,,,,,16975,4.0,4,,,,,,,,
,,,,,16987,12.0,12,,,,,,,,
,,,,,16991,4.0,4,,,,,,,,
,,,,,16995,4.0,4,,,,,,,,
,,,,,17000,,,-8.671526908874512,86.71527099609375,144.23129272460938,32.00927734375,32.42987060546875,0.0003,0.0003,0.1
,,,,,17002,7.0,7,,,,,,,,
,,,,,17012,10.0,10,,,,,,,,
,,,,,17015,3.0,3,,,,,,,,
,,,,,17020,5.0,5,,,,,,,,
,,,,,17024,4.0,4,,,,,,,,
,,,,,17033,9.0,9,,,,,,,,
,,,,,17036,3.0,3,,,,,,,,
,,,,,17042,6.0,6,,,,,,,,
,,,,,17051,9.0,9,,,,,,,,
,,,,,17058,7.0,7,,,,,,,,
,,,,,17064,6.0,6,,,,,,,,
,,,,,17073,9.0,9,,,,,,,,
,,,,,17087,14.0,14,,,,,,,,
,,,,,17090,3.0,3,,,,,,,,
,,,,,17093,3.0,3,,,,,,,,
,,,,,17096,3.0,3,,,,,,,,
,,,,,17101,5.0,5,,,,,,,,
,,,,,17108,7.0,7,,,,,,,,
,,,,,17111,3.0,3,,,,,,,,
,,,,,17116,5.0,5,,,,,,,,
,,,,,17120,4.0,4,,,,,,,,
,,,,,17124,4.0,4,,,,,,,,
,,,,,17134,10.0,10,,,,,,,,
,,,,,17138,4.0,4,,,,,,,,
,,,,,17141,3.0,3,,,,,,,,
,,,,,17144,3.0,3,,,,,,,,
,,,,,17150,6.0,6,,,,,,,,
,,,,,17158,8.0,8,,,,,,,,
,,,,,17161,3.0,3,,,,,,,,
,,,,,17166,5.0,5,,,,,,,,
,,,,,17176,10.0,10,,,,,,,,
,,,,,17201,25.0,25,,,,,,,,
,,,,,17204,3.0,3,,,,,,,,
,,,,,17216,12.0,12,,,,,,,,
,,,,,17220,4.0,4,,,,,,,,
,,,,,17224,4.0,4,,,,,,,,
,,,,,17232,8.0,8,,,,,,,,
,,,,,17238,6.0,6,,,,,,,,
,,,,,17247,9.0,9,,,,,,,,
,,,,,17250,3.0,3,,,,,,,,
,,,,,17262,12.0,12,,,,,,,,
,,,,,17269,7.0,7,,,,,,,,
,,,,,17272,3.0,3,,,,,,,,
,,,,,17275,3.0,3,,,,,,,,
,,,,,17279,4.0,4,,,,,,,,
,,,,,17286,7.0,7,,,,,,,,
,,,,,17289,3.0,3,,,,,,,,
,,,,,17294,5.0,5,,,,,,,,
,,,,,17299,5.0,5,,,,,,,,
,,,,,17302,3.0,3,,,,,,,,
,,,,,17305,3.0,3,,,,,,,,
,,,,,17309,4.0,4,,,,,,,,
,,,,,17313,4.0,4,,,,,,,,
,,,,,17319,6.0,6,,,,,,,,
,,,,,17322,3.0,3,,,,,,,,
,,,,,17325,3.0,3,,,,,,,,
,,,,,17328,3.0,3,,,,,,,,
,,,,,17332,4.0,4,,,,,,,,
,,,,,17336,4.0,4,,,,,,,,
,,,,,17340,4.0,4,,,,,,,,
,,,,,17345,5.0,5,,,,,,,,
,,,,,17351,6.0,6,,,,,,,,
,,,,,17355,4.0,4,,,,,,,,
,,,,,17358,3.0,3,,,,,,,,
,,,,,17363,5.0,5,,,,,,,,
,,,,,17367,4.0,4,,,,,,,,
,,,,,17385,18.0,18,,,,,,,,
,,,,,17389,4.0,4,,,,,,,,
,,,,,17395,6.0,6,,,,,,,,
,,,,,17401,6.0,6,,,,,,,,
,,,,,17405,4.0,4,,,,,,,,
,,,,,17409,4.0,4,,,,,,,,
,,,,,17421,12.0,12,,,,,,,,
,,,,,17425,4.0,4,,,,,,,,
,,,,,17431,6.0,6,,,,,,,,
,,,,,17434,3.0,3,,,,,,,,
,,,,,17438,4.0,4,,,,,,,,
,,,,,17448,10.0,10,,,,,,,,
,,,,,17451,3.0,3,,,,,,,,
,,,,,17455,4.0,4,,,,,,,,
,,,,,17464,9.0,9,,,,,,,,
,,,,,17473,9.0,9,,,,,,,,
,,,,,17477,4.0,4,,,,,,,,
,,,,,17485,8.0,8,,,,,,,,
,,,,,17488,3.0,3,,,,,,,,
,,,,,17494,6.0,6,,,,,,,,
,,,,,17497,3.0,3,,,,,,,,
,,,,,17504,7.0,7,,,,,,,,
,,,,,17515,11.0,11,,,,,,,,
,,,,,17520,5.0,5,,,,,,,,
,,,,,17527,7.0,7,,,,,,,,
,,,,,17531,4.0,4,,,,,,,,
,,,,,17536,5.0,5,,,,,,,,
,,,,,17552,16.0,16,,,,,,,,
,,,,,17558,6.0,6,,,,,,,,
,,,,,17561,3.0,3,,,,,,,,
,,,,,17566,5.0,5,,,,,,,,
,,,,,17569,3.0,3,,,,,,,,
,,,,,17572,3.0,3,,,,,,,,
,,,,,17575,3.0,3,,,,,,,,
,,,,,17578,3.0,3,,,,,,,,
,,,,,17591,13.0,13,,,,,,,,
,,,,,17596,5.0,5,,,,,,,,
,,,,,17602,6.0,6,,,,,,,,
,,,,,17612,10.0,10,,,,,,,,
,,,,,17616,4.0,4,,,,,,,,
,,,,,17624,8.0,8,,,,,,,,
,,,,,17642,18.0,18,,,,,,,,
,,,,,17645,3.0,3,,,,,,,,
,,,,,17648,3.0,3,,,,,,,,
,,,,,17653,5.0,5,,,,,,,,
,,,,,17658,5.0,5,,,,,,,,
,,,,,17662,4.0,4,,,,,,,,
,,,,,17681,19.0,19,,,,,,,,
,,,,,17684,3.0,3,,,,,,,,
,,,,,17690,6.0,6,,,,,,,,
,,,,,17696,6.0,6,,,,,,,,
,,,,,17699,3.0,3,,,,,,,,
,,,,,17703,4.0,4,,,,,,,,
,,,,,17710,7.0,7,,,,,,,,
,,,,,17718,8.0,8,,,,,,,,
,,,,,17725,7.0,7,,,,,,,,
,,,,,17739,14.0,14,,,,,,,,
,,,,,17744,5.0,5,,,,,,,,
,,,,,17748,4.0,4,,,,,,,,
,,,,,17752,4.0,4,,,,,,,,
,,,,,17755,3.0,3,,,,,,,,
,,,,,17758,3.0,3,,,,,,,,
,,,,,17763,5.0,5,,,,,,,,
,,,,,17766,3.0,3,,,,,,,,
,,,,,17775,9.0,9,,,,,,,,
,,,,,17782,7.0,7,,,,,,,,
,,,,,17785,3.0,3,,,,,,,,
,,,,,17789,4.0,4,,,,,,,,
,,,,,17793,4.0,4,,,,,,,,
,,,,,17796,3.0,3,,,,,,,,
,,,,,17807,11.0,11,,,,,,,,
,,,,,17810,3.0,3,,,,,,,,
,,,,,17819,9.0,9,,,,,,,,
,,,,,17824,5.0,5,,,,,,,,
,,,,,17832,8.0,8,,,,,,,,
,,,,,17841,9.0,9,,,,,,,,
,,,,,17845,4.0,4,,,,,,,,
,,,,,17855,10.0,10,,,,,,,,
,,,,,17860,5.0,5,,,,,,,,
,,,,,17863,3.0,3,,,,,,,,
,,,,,17867,4.0,4,,,,,,,,
,,,,,17872,5.0,5,,,,,,,,
,,,,,17879,7.0,7,,,,,,,,
,,,,,17884,5.0,5,,,,,,,,
,,,,,17887,3.0,3,,,,,,,,
,,,,,17890,3.0,3,,,,,,,,
,,,,,17903,13.0,13,,,,,,,,
,,,,,17908,5.0,5,,,,,,,,
,,,,,17926,18.0,18,,,,,,,,
,,,,,17929,3.0,3,,,,,,,,
,,,,,17935,6.0,6,,,,,,,,
,,,,,17939,4.0,4,,,,,,,,
,,,,,17944,5.0,5,,,,,,,,
,,,,,17951,7.0,7,,,,,,,,
,,,,,17954,3.0,3,,,,,,,,
,,,,,17966,12.0,12,,,,,,,,
,,,,,17970,4.0,4,,,,,,,,
,,,,,17974,4.0,4,,,,,,,,
,,,,,17977,3.0,3,,,,,,,,
,,,,,17996,19.0,19,,,,,,,,
,,,,,18000,4.0,4,,,,,,,,
,,,,,18000,,,-8.634906768798828,86.34906768798828,118.48420715332031,33.871559143066406,32.560302734375,0.0003,0.0003,0.1
,,,,,18005,5.0,5,,,,,,,,
,,,,,18012,7.0,7,,,,,,,,
,,,,,18016,4.0,4,,,,,,,,
,,,,,18021,5.0,5,,,,,,,,
,,,,,18032,11.0,11,,,,,,,,
,,,,,18036,4.0,4,,,,,,,,
,,,,,18042,6.0,6,,,,,,,,
,,,,,18046,4.0,4,,,,,,,,
,,,,,18049,3.0,3,,,,,,,,
,,,,,18056,7.0,7,,,,,,,,
,,,,,18068,12.0,12,,,,,,,,
,,,,,18071,3.0,3,,,,,,,,
,,,,,18076,5.0,5,,,,,,,,
,,,,,18080,4.0,4,,,,,,,,
,,,,,18087,7.0,7,,,,,,,,
,,,,,18090,3.0,3,,,,,,,,
,,,,,18094,4.0,4,,,,,,,,
,,,,,18102,8.0,8,,,,,,,,
,,,,,18107,5.0,5,,,,,,,,
,,,,,18113,6.0,6,,,,,,,,
,,,,,18119,6.0,6,,,,,,,,
,,,,,18123,4.0,4,,,,,,,,
,,,,,18130,7.0,7,,,,,,,,
,,,,,18139,9.0,9,,,,,,,,
,,,,,18143,4.0,4,,,,,,,,
,,,,,18147,4.0,4,,,,,,,,
,,,,,18159,12.0,12,,,,,,,,
,,,,,18162,3.0,3,,,,,,,,
,,,,,18169,7.0,7,,,,,,,,
,,,,,18172,3.0,3,,,,,,,,
,,,,,18179,7.0,7,,,,,,,,
,,,,,18185,6.0,6,,,,,,,,
,,,,,18190,5.0,5,,,,,,,,
,,,,,18195,5.0,5,,,,,,,,
,,,,,18198,3.0,3,,,,,,,,
,,,,,18206,8.0,8,,,,,,,,
,,,,,18243,37.0,37,,,,,,,,
,,,,,18252,9.0,9,,,,,,,,
,,,,,18260,8.0,8,,,,,,,,
,,,,,18270,10.0,10,,,,,,,,
,,,,,18274,4.0,4,,,,,,,,
,,,,,18277,3.0,3,,,,,,,,
,,,,,18281,4.0,4,,,,,,,,
,,,,,18288,7.0,7,,,,,,,,
,,,,,18291,3.0,3,,,,,,,,
,,,,,18297,6.0,6,,,,,,,,
,,,,,18302,5.0,5,,,,,,,,
,,,,,18305,3.0,3,,,,,,,,
,,,,,18319,14.0,14,,,,,,,,
,,,,,18325,6.0,6,,,,,,,,
,,,,,18329,4.0,4,,,,,,,,
,,,,,18334,5.0,5,,,,,,,,
,,,,,18342,8.0,8,,,,,,,,
,,,,,18346,4.0,4,,,,,,,,
,,,,,18349,3.0,3,,,,,,,,
,,,,,18352,3.0,3,,,,,,,,
,,,,,18355,3.0,3,,,,,,,,
,,,,,18363,8.0,8,,,,,,,,
,,,,,18370,7.0,7,,,,,,,,
,,,,,18384,14.0,14,,,,,,,,
,,,,,18395,11.0,11,,,,,,,,
,,,,,18406,11.0,11,,,,,,,,
,,,,,18409,3.0,3,,,,,,,,
,,,,,18412,3.0,3,,,,,,,,
,,,,,18419,7.0,7,,,,,,,,
,,,,,18423,4.0,4,,,,,,,,
,,,,,18426,3.0,3,,,,,,,,
,,,,,18429,3.0,3,,,,,,,,
,,,,,18432,3.0,3,,,,,,,,
,,,,,18436,4.0,4,,,,,,,,
,,,,,18441,5.0,5,,,,,,,,
,,,,,18444,3.0,3,,,,,,,,
,,,,,18455,11.0,11,,,,,,,,
,,,,,18459,4.0,4,,,,,,,,
,,,,,18464,5.0,5,,,,,,,,
,,,,,18467,3.0,3,,,,,,,,
,,,,,18472,5.0,5,,,,,,,,
,,,,,18477,5.0,5,,,,,,,,
,,,,,18481,4.0,4,,,,,,,,
,,,,,18484,3.0,3,,,,,,,,
,,,,,18488,4.0,4,,,,,,,,
,,,,,18496,8.0,8,,,,,,,,
,,,,,18504,8.0,8,,,,,,,,
,,,,,18510,6.0,6,,,,,,,,
,,,,,18513,3.0,3,,,,,,,,
,,,,,18516,3.0,3,,,,,,,,
,,,,,18522,6.0,6,,,,,,,,
,,,,,18526,4.0,4,,,,,,,,
,,,,,18529,3.0,3,,,,,,,,
,,,,,18534,5.0,5,,,,,,,,
,,,,,18540,6.0,6,,,,,,,,
,,,,,18551,11.0,11,,,,,,,,
,,,,,18555,4.0,4,,,,,,,,
,,,,,18559,4.0,4,,,,,,,,
,,,,,18563,4.0,4,,,,,,,,
,,,,,18568,5.0,5,,,,,,,,
,,,,,18576,8.0,8,,,,,,,,
,,,,,18580,4.0,4,,,,,,,,
,,,,,18584,4.0,4,,,,,,,,
,,,,,18595,11.0,11,,,,,,,,
,,,,,18599,4.0,4,,,,,,,,
,,,,,18604,5.0,5,,,,,,,,
,,,,,18607,3.0,3,,,,,,,,
,,,,,18611,4.0,4,,,,,,,,
,,,,,18615,4.0,4,,,,,,,,
,,,,,18618,3.0,3,,,,,,,,
,,,,,18623,5.0,5,,,,,,,,
,,,,,18627,4.0,4,,,,,,,,
,,,,,18635,8.0,8,,,,,,,,
,,,,,18640,5.0,5,,,,,,,,
,,,,,18644,4.0,4,,,,,,,,
,,,,,18649,5.0,5,,,,,,,,
,,,,,18653,4.0,4,,,,,,,,
,,,,,18658,5.0,5,,,,,,,,
,,,,,18670,12.0,12,,,,,,,,
,,,,,18675,5.0,5,,,,,,,,
,,,,,18682,7.0,7,,,,,,,,
,,,,,18686,4.0,4,,,,,,,,
,,,,,18689,3.0,3,,,,,,,,
,,,,,18694,5.0,5,,,,,,,,
,,,,,18698,4.0,4,,,,,,,,
,,,,,18707,9.0,9,,,,,,,,
,,,,,18712,5.0,5,,,,,,,,
,,,,,18723,11.0,11,,,,,,,,
,,,,,18736,13.0,13,,,,,,,,
,,,,,18742,6.0,6,,,,,,,,
,,,,,18751,9.0,9,,,,,,,,
,,,,,18755,4.0,4,,,,,,,,
,,,,,18758,3.0,3,,,,,,,,
,,,,,18768,10.0,10,,,,,,,,
,,,,,18777,9.0,9,,,,,,,,
,,,,,18783,6.0,6,,,,,,,,
,,,,,18786,3.0,3,,,,,,,,
,,,,,18792,6.0,6,,,,,,,,
,,,,,18798,6.0,6,,,,,,,,
,,,,,18801,3.0,3,,,,,,,,
,,,,,18805,4.0,4,,,,,,,,
,,,,,18809,4.0,4,,,,,,,,
,,,,,18815,6.0,6,,,,,,,,
,,,,,18824,9.0,9,,,,,,,,
,,,,,18831,7.0,7,,,,,,,,
,,,,,18836,5.0,5,,,,,,,,
,,,,,18845,9.0,9,,,,,,,,
,,,,,18849,4.0,4,,,,,,,,
,,,,,18856,7.0,7,,,,,,,,
,,,,,18860,4.0,4,,,,,,,,
,,,,,18872,12.0,12,,,,,,,,
,,,,,18886,14.0,14,,,,,,,,
,,,,,18889,3.0,3,,,,,,,,
,,,,,18899,10.0,10,,,,,,,,
,,,,,18903,4.0,4,,,,,,,,
,,,,,18907,4.0,4,,,,,,,,
,,,,,18917,10.0,10,,,,,,,,
,,,,,18928,11.0,11,,,,,,,,
,,,,,18931,3.0,3,,,,,,,,
,,,,,18937,6.0,6,,,,,,,,
,,,,,18943,6.0,6,,,,,,,,
,,,,,18947,4.0,4,,,,,,,,
,,,,,18952,5.0,5,,,,,,,,
,,,,,18957,5.0,5,,,,,,,,
,,,,,18967,10.0,10,,,,,,,,
,,,,,18975,8.0,8,,,,,,,,
,,,,,18979,4.0,4,,,,,,,,
,,,,,18991,12.0,12,,,,,,,,
,,,,,18994,3.0,3,,,,,,,,
,,,,,18997,3.0,3,,,,,,,,
,,,,,19000,,,-8.61493968963623,86.14939880371094,161.04193115234375,35.82712173461914,36.68963623046875,0.0003,0.0003,0.1
,,,,,19001,4.0,4,,,,,,,,
,,,,,19007,6.0,6,,,,,,,,
,,,,,19011,4.0,4,,,,,,,,
,,,,,19015,4.0,4,,,,,,,,
,,,,,19018,3.0,3,,,,,,,,
,,,,,19022,4.0,4,,,,,,,,
,,,,,19025,3.0,3,,,,,,,,
,,,,,19030,5.0,5,,,,,,,,
,,,,,19034,4.0,4,,,,,,,,
,,,,,19039,5.0,5,,,,,,,,
,,,,,19042,3.0,3,,,,,,,,
,,,,,19046,4.0,4,,,,,,,,
,,,,,19049,3.0,3,,,,,,,,
,,,,,19053,4.0,4,,,,,,,,
,,,,,19060,7.0,7,,,,,,,,
,,,,,19066,6.0,6,,,,,,,,
,,,,,19070,4.0,4,,,,,,,,
,,,,,19076,6.0,6,,,,,,,,
,,,,,19082,6.0,6,,,,,,,,
,,,,,19086,4.0,4,,,,,,,,
,,,,,19089,3.0,3,,,,,,,,
,,,,,19094,5.0,5,,,,,,,,
,,,,,19101,7.0,7,,,,,,,,
,,,,,19105,4.0,4,,,,,,,,
,,,,,19111,6.0,6,,,,,,,,
,,,,,19114,3.0,3,,,,,,,,
,,,,,19118,4.0,4,,,,,,,,
,,,,,19124,6.0,6,,,,,,,,
,,,,,19129,5.0,5,,,,,,,,
,,,,,19143,14.0,14,,,,,,,,
,,,,,19149,6.0,6,,,,,,,,
,,,,,19160,11.0,11,,,,,,,,
,,,,,19166,6.0,6,,,,,,,,
,,,,,19170,4.0,4,,,,,,,,
,,,,,19182,12.0,12,,,,,,,,
,,,,,19189,7.0,7,,,,,,,,
,,,,,19194,5.0,5,,,,,,,,
,,,,,19199,5.0,5,,,,,,,,
,,,,,19207,8.0,8,,,,,,,,
,,,,,19211,4.0,4,,,,,,,,
,,,,,19219,8.0,8,,,,,,,,
,,,,,19225,6.0,6,,,,,,,,
,,,,,19230,5.0,5,,,,,,,,
,,,,,19237,7.0,7,,,,,,,,
,,,,,19240,3.0,3,,,,,,,,
,,,,,19246,6.0,6,,,,,,,,
,,,,,19249,3.0,3,,,,,,,,
,,,,,19262,13.0,13,,,,,,,,
,,,,,19267,5.0,5,,,,,,,,
,,,,,19272,5.0,5,,,,,,,,
,,,,,19282,10.0,10,,,,,,,,
,,,,,19286,4.0,4,,,,,,,,
,,,,,19292,6.0,6,,,,,,,,
,,,,,19297,5.0,5,,,,,,,,
,,,,,19300,3.0,3,,,,,,,,
,,,,,19304,4.0,4,,,,,,,,
,,,,,19312,8.0,8,,,,,,,,
,,,,,19315,3.0,3,,,,,,,,
,,,,,19318,3.0,3,,,,,,,,
,,,,,19322,4.0,4,,,,,,,,
,,,,,19329,7.0,7,,,,,,,,
,,,,,19335,6.0,6,,,,,,,,
,,,,,19338,3.0,3,,,,,,,,
,,,,,19342,4.0,4,,,,,,,,
,,,,,19345,3.0,3,,,,,,,,
,,,,,19353,8.0,8,,,,,,,,
,,,,,19358,5.0,5,,,,,,,,
,,,,,19361,3.0,3,,,,,,,,
,,,,,19373,12.0,12,,,,,,,,
,,,,,19378,5.0,5,,,,,,,,
,,,,,19382,4.0,4,,,,,,,,
,,,,,19388,6.0,6,,,,,,,,
,,,,,19391,3.0,3,,,,,,,,
,,,,,19398,7.0,7,,,,,,,,
,,,,,19415,17.0,17,,,,,,,,
,,,,,19422,7.0,7,,,,,,,,
,,,,,19426,4.0,4,,,,,,,,
,,,,,19430,4.0,4,,,,,,,,
,,,,,19433,3.0,3,,,,,,,,
,,,,,19442,9.0,9,,,,,,,,
,,,,,19446,4.0,4,,,,,,,,
,,,,,19450,4.0,4,,,,,,,,
,,,,,19453,3.0,3,,,,,,,,
,,,,,19459,6.0,6,,,,,,,,
,,,,,19462,3.0,3,,,,,,,,
,,,,,19467,5.0,5,,,,,,,,
,,,,,19475,8.0,8,,,,,,,,
,,,,,19481,6.0,6,,,,,,,,
,,,,,19485,4.0,4,,,,,,,,
,,,,,19490,5.0,5,,,,,,,,
,,,,,19493,3.0,3,,,,,,,,
,,,,,19498,5.0,5,,,,,,,,
,,,,,19509,11.0,11,,,,,,,,
,,,,,19512,3.0,3,,,,,,,,
,,,,,19519,7.0,7,,,,,,,,
,,,,,19523,4.0,4,,,,,,,,
,,,,,19529,6.0,6,,,,,,,,
,,,,,19533,4.0,4,,,,,,,,
,,,,,19538,5.0,5,,,,,,,,
,,,,,19541,3.0,3,,,,,,,,
,,,,,19548,7.0,7,,,,,,,,
,,,,,19553,5.0,5,,,,,,,,
,,,,,19558,5.0,5,,,,,,,,
,,,,,19561,3.0,3,,,,,,,,
,,,,,19566,5.0,5,,,,,,,,
,,,,,19569,3.0,3,,,,,,,,
,,,,,19577,8.0,8,,,,,,,,
,,,,,19587,10.0,10,,,,,,,,
,,,,,19593,6.0,6,,,,,,,,
,,,,,19598,5.0,5,,,,,,,,
,,,,,19609,11.0,11,,,,,,,,
,,,,,19612,3.0,3,,,,,,,,
,,,,,19616,4.0,4,,,,,,,,
,,,,,19620,4.0,4,,,,,,,,
,,,,,19624,4.0,4,,,,,,,,
,,,,,19627,3.0,3,,,,,,,,
,,,,,19635,8.0,8,,,,,,,,
,,,,,19653,18.0,18,,,,,,,,
,,,,,19659,6.0,6,,,,,,,,
,,,,,19663,4.0,4,,,,,,,,
,,,,,19668,5.0,5,,,,,,,,
,,,,,19673,5.0,5,,,,,,,,
,,,,,19678,5.0,5,,,,,,,,
,,,,,19686,8.0,8,,,,,,,,
,,,,,19690,4.0,4,,,,,,,,
,,,,,19693,3.0,3,,,,,,,,
,,,,,19703,10.0,10,,,,,,,,
,,,,,19708,5.0,5,,,,,,,,
,,,,,19713,5.0,5,,,,,,,,
,,,,,19724,11.0,11,,,,,,,,
,,,,,19727,3.0,3,,,,,,,,
,,,,,19730,3.0,3,,,,,,,,
,,,,,19742,12.0,12,,,,,,,,
,,,,,19748,6.0,6,,,,,,,,
,,,,,19752,4.0,4,,,,,,,,
,,,,,19767,15.0,15,,,,,,,,
,,,,,19776,9.0,9,,,,,,,,
,,,,,19783,7.0,7,,,,,,,,
,,,,,19792,9.0,9,,,,,,,,
,,,,,19796,4.0,4,,,,,,,,
,,,,,19799,3.0,3,,,,,,,,
,,,,,19806,7.0,7,,,,,,,,
,,,,,19809,3.0,3,,,,,,,,
,,,,,19813,4.0,4,,,,,,,,
,,,,,19817,4.0,4,,,,,,,,
,,,,,19821,4.0,4,,,,,,,,
,,,,,19826,5.0,5,,,,,,,,
,,,,,19830,4.0,4,,,,,,,,
,,,,,19837,7.0,7,,,,,,,,
,,,,,19840,3.0,3,,,,,,,,
,,,,,19844,4.0,4,,,,,,,,
,,,,,19855,11.0,11,,,,,,,,
,,,,,19864,9.0,9,,,,,,,,
,,,,,19868,4.0,4,,,,,,,,
,,,,,19873,5.0,5,,,,,,,,
,,,,,19876,3.0,3,,,,,,,,
,,,,,19883,7.0,7,,,,,,,,
,,,,,19891,8.0,8,,,,,,,,
,,,,,19895,4.0,4,,,,,,,,
,,,,,19898,3.0,3,,,,,,,,
,,,,,19903,5.0,5,,,,,,,,
,,,,,19908,5.0,5,,,,,,,,
,,,,,19912,4.0,4,,,,,,,,
,,,,,19915,3.0,3,,,,,,,,
,,,,,19923,8.0,8,,,,,,,,
,,,,,19927,4.0,4,,,,,,,,
,,,,,19930,3.0,3,,,,,,,,
,,,,,19935,5.0,5,,,,,,,,
,,,,,19940,5.0,5,,,,,,,,
,,,,,19943,3.0,3,,,,,,,,
,,,,,19946,3.0,3,,,,,,,,
,,,,,19949,3.0,3,,,,,,,,
,,,,,19952,3.0,3,,,,,,,,
,,,,,19958,6.0,6,,,,,,,,
,,,,,19964,6.0,6,,,,,,,,
,,,,,19969,5.0,5,,,,,,,,
,,,,,19974,5.0,5,,,,,,,,
,,,,,19977,3.0,3,,,,,,,,
,,,,,19983,6.0,6,,,,,,,,
,,,,,19990,7.0,7,,,,,,,,
,,,,,19999,9.0,9,,,,,,,,
7.4,3.6660604,14.0,3.0,7.4,20000,,,-8.88124942779541,88.81249237060547,159.56455993652344,30.828807830810547,33.25145721435547,0.0003,0.0003,0.1
,,,,,20004,5.0,5,,,,,,,,
,,,,,20012,8.0,8,,,,,,,,
,,,,,20017,5.0,5,,,,,,,,
,,,,,20021,4.0,4,,,,,,,,
,,,,,20036,15.0,15,,,,,,,,
,,,,,20042,6.0,6,,,,,,,,
,,,,,20047,5.0,5,,,,,,,,
,,,,,20052,5.0,5,,,,,,,,
,,,,,20058,6.0,6,,,,,,,,
,,,,,20061,3.0,3,,,,,,,,
,,,,,20064,3.0,3,,,,,,,,
,,,,,20069,5.0,5,,,,,,,,
,,,,,20074,5.0,5,,,,,,,,
,,,,,20079,5.0,5,,,,,,,,
,,,,,20082,3.0,3,,,,,,,,
,,,,,20088,6.0,6,,,,,,,,
,,,,,20101,13.0,13,,,,,,,,
,,,,,20106,5.0,5,,,,,,,,
,,,,,20111,5.0,5,,,,,,,,
,,,,,20114,3.0,3,,,,,,,,
,,,,,20118,4.0,4,,,,,,,,
,,,,,20123,5.0,5,,,,,,,,
,,,,,20128,5.0,5,,,,,,,,
,,,,,20135,7.0,7,,,,,,,,
,,,,,20138,3.0,3,,,,,,,,
,,,,,20143,5.0,5,,,,,,,,
,,,,,20148,5.0,5,,,,,,,,
,,,,,20155,7.0,7,,,,,,,,
,,,,,20159,4.0,4,,,,,,,,
,,,,,20162,3.0,3,,,,,,,,
,,,,,20165,3.0,3,,,,,,,,
,,,,,20171,6.0,6,,,,,,,,
,,,,,20177,6.0,6,,,,,,,,
,,,,,20181,4.0,4,,,,,,,,
,,,,,20187,6.0,6,,,,,,,,
,,,,,20190,3.0,3,,,,,,,,
,,,,,20196,6.0,6,,,,,,,,
,,,,,20200,4.0,4,,,,,,,,
,,,,,20209,9.0,9,,,,,,,,
,,,,,20214,5.0,5,,,,,,,,
,,,,,20218,4.0,4,,,,,,,,
,,,,,20223,5.0,5,,,,,,,,
,,,,,20233,10.0,10,,,,,,,,
,,,,,20240,7.0,7,,,,,,,,
,,,,,20244,4.0,4,,,,,,,,
,,,,,20247,3.0,3,,,,,,,,
,,,,,20250,3.0,3,,,,,,,,
,,,,,20254,4.0,4,,,,,,,,
,,,,,20261,7.0,7,,,,,,,,
,,,,,20272,11.0,11,,,,,,,,
,,,,,20278,6.0,6,,,,,,,,
,,,,,20283,5.0,5,,,,,,,,
,,,,,20295,12.0,12,,,,,,,,
,,,,,20302,7.0,7,,,,,,,,
,,,,,20311,9.0,9,,,,,,,,
,,,,,20320,9.0,9,,,,,,,,
,,,,,20323,3.0,3,,,,,,,,
,,,,,20331,8.0,8,,,,,,,,
,,,,,20336,5.0,5,,,,,,,,
,,,,,20343,7.0,7,,,,,,,,
,,,,,20351,8.0,8,,,,,,,,
,,,,,20354,3.0,3,,,,,,,,
,,,,,20357,3.0,3,,,,,,,,
,,,,,20362,5.0,5,,,,,,,,
,,,,,20366,4.0,4,,,,,,,,
,,,,,20371,5.0,5,,,,,,,,
,,,,,20375,4.0,4,,,,,,,,
,,,,,20390,15.0,15,,,,,,,,
,,,,,20407,17.0,17,,,,,,,,
,,,,,20411,4.0,4,,,,,,,,
,,,,,20424,13.0,13,,,,,,,,
,,,,,20429,5.0,5,,,,,,,,
,,,,,20440,11.0,11,,,,,,,,
,,,,,20444,4.0,4,,,,,,,,
,,,,,20447,3.0,3,,,,,,,,
,,,,,20451,4.0,4,,,,,,,,
,,,,,20454,3.0,3,,,,,,,,
,,,,,20460,6.0,6,,,,,,,,
,,,,,20463,3.0,3,,,,,,,,
,,,,,20469,6.0,6,,,,,,,,
,,,,,20473,4.0,4,,,,,,,,
,,,,,20477,4.0,4,,,,,,,,
,,,,,20480,3.0,3,,,,,,,,
,,,,,20483,3.0,3,,,,,,,,
,,,,,20487,4.0,4,,,,,,,,
,,,,,20492,5.0,5,,,,,,,,
,,,,,20496,4.0,4,,,,,,,,
,,,,,20500,4.0,4,,,,,,,,
,,,,,20505,5.0,5,,,,,,,,
,,,,,20509,4.0,4,,,,,,,,
,,,,,20516,7.0,7,,,,,,,,
,,,,,20526,10.0,10,,,,,,,,
,,,,,20534,8.0,8,,,,,,,,
,,,,,20539,5.0,5,,,,,,,,
,,,,,20546,7.0,7,,,,,,,,
,,,,,20552,6.0,6,,,,,,,,
,,,,,20555,3.0,3,,,,,,,,
,,,,,20565,10.0,10,,,,,,,,
,,,,,20580,15.0,15,,,,,,,,
,,,,,20584,4.0,4,,,,,,,,
,,,,,20587,3.0,3,,,,,,,,
,,,,,20590,3.0,3,,,,,,,,
,,,,,20593,3.0,3,,,,,,,,
,,,,,20602,9.0,9,,,,,,,,
,,,,,20611,9.0,9,,,,,,,,
,,,,,20617,6.0,6,,,,,,,,
,,,,,20622,5.0,5,,,,,,,,
,,,,,20625,3.0,3,,,,,,,,
,,,,,20628,3.0,3,,,,,,,,
,,,,,20636,8.0,8,,,,,,,,
,,,,,20644,8.0,8,,,,,,,,
,,,,,20648,4.0,4,,,,,,,,
,,,,,20661,13.0,13,,,,,,,,
,,,,,20666,5.0,5,,,,,,,,
,,,,,20671,5.0,5,,,,,,,,
,,,,,20674,3.0,3,,,,,,,,
,,,,,20683,9.0,9,,,,,,,,
,,,,,20687,4.0,4,,,,,,,,
,,,,,20690,3.0,3,,,,,,,,
,,,,,20695,5.0,5,,,,,,,,
,,,,,20701,6.0,6,,,,,,,,
,,,,,20706,5.0,5,,,,,,,,
,,,,,20710,4.0,4,,,,,,,,
,,,,,20714,4.0,4,,,,,,,,
,,,,,20724,10.0,10,,,,,,,,
,,,,,20727,3.0,3,,,,,,,,
,,,,,20730,3.0,3,,,,,,,,
,,,,,20736,6.0,6,,,,,,,,
,,,,,20746,10.0,10,,,,,,,,
,,,,,20762,16.0,16,,,,,,,,
,,,,,20775,13.0,13,,,,,,,,
,,,,,20779,4.0,4,,,,,,,,
,,,,,20789,10.0,10,,,,,,,,
,,,,,20796,7.0,7,,,,,,,,
,,,,,20799,3.0,3,,,,,,,,
,,,,,20814,15.0,15,,,,,,,,
,,,,,20820,6.0,6,,,,,,,,
,,,,,20825,5.0,5,,,,,,,,
,,,,,20832,7.0,7,,,,,,,,
,,,,,20836,4.0,4,,,,,,,,
,,,,,20847,11.0,11,,,,,,,,
,,,,,20853,6.0,6,,,,,,,,
,,,,,20857,4.0,4,,,,,,,,
,,,,,20862,5.0,5,,,,,,,,
,,,,,20868,6.0,6,,,,,,,,
,,,,,20881,13.0,13,,,,,,,,
,,,,,20886,5.0,5,,,,,,,,
,,,,,20889,3.0,3,,,,,,,,
,,,,,20895,6.0,6,,,,,,,,
,,,,,20899,4.0,4,,,,,,,,
,,,,,20903,4.0,4,,,,,,,,
,,,,,20906,3.0,3,,,,,,,,
,,,,,20909,3.0,3,,,,,,,,
,,,,,20912,3.0,3,,,,,,,,
,,,,,20917,5.0,5,,,,,,,,
,,,,,20924,7.0,7,,,,,,,,
,,,,,20927,3.0,3,,,,,,,,
,,,,,20933,6.0,6,,,,,,,,
,,,,,20937,4.0,4,,,,,,,,
,,,,,20944,7.0,7,,,,,,,,
,,,,,20949,5.0,5,,,,,,,,
,,,,,20961,12.0,12,,,,,,,,
,,,,,20968,7.0,7,,,,,,,,
,,,,,20973,5.0,5,,,,,,,,
,,,,,20981,8.0,8,,,,,,,,
,,,,,20986,5.0,5,,,,,,,,
,,,,,20990,4.0,4,,,,,,,,
,,,,,20993,3.0,3,,,,,,,,
,,,,,20997,4.0,4,,,,,,,,
,,,,,21000,,,-8.581124305725098,85.81124114990234,168.5303955078125,38.80329895019531,38.342342376708984,0.0003,0.0003,0.1
,,,,,21001,4.0,4,,,,,,,,
,,,,,21005,4.0,4,,,,,,,,
,,,,,21009,4.0,4,,,,,,,,
,,,,,21012,3.0,3,,,,,,,,
,,,,,21023,11.0,11,,,,,,,,
,,,,,21029,6.0,6,,,,,,,,
,,,,,21033,4.0,4,,,,,,,,
,,,,,21040,7.0,7,,,,,,,,
,,,,,21048,8.0,8,,,,,,,,
,,,,,21060,12.0,12,,,,,,,,
,,,,,21063,3.0,3,,,,,,,,
,,,,,21068,5.0,5,,,,,,,,
,,,,,21072,4.0,4,,,,,,,,
,,,,,21077,5.0,5,,,,,,,,
,,,,,21081,4.0,4,,,,,,,,
,,,,,21088,7.0,7,,,,,,,,
,,,,,21095,7.0,7,,,,,,,,
,,,,,21104,9.0,9,,,,,,,,
,,,,,21108,4.0,4,,,,,,,,
,,,,,21123,15.0,15,,,,,,,,
,,,,,21131,8.0,8,,,,,,,,
,,,,,21135,4.0,4,,,,,,,,
,,,,,21139,4.0,4,,,,,,,,
,,,,,21146,7.0,7,,,,,,,,
,,,,,21149,3.0,3,,,,,,,,
,,,,,21153,4.0,4,,,,,,,,
,,,,,21156,3.0,3,,,,,,,,
,,,,,21160,4.0,4,,,,,,,,
,,,,,21172,12.0,12,,,,,,,,
,,,,,21177,5.0,5,,,,,,,,
,,,,,21180,3.0,3,,,,,,,,
,,,,,21189,9.0,9,,,,,,,,
,,,,,21196,7.0,7,,,,,,,,
,,,,,21204,8.0,8,,,,,,,,
,,,,,21224,20.0,20,,,,,,,,
,,,,,21228,4.0,4,,,,,,,,
,,,,,21234,6.0,6,,,,,,,,
,,,,,21244,10.0,10,,,,,,,,
,,,,,21248,4.0,4,,,,,,,,
,,,,,21252,4.0,4,,,,,,,,
,,,,,21255,3.0,3,,,,,,,,
,,,,,21260,5.0,5,,,,,,,,
,,,,,21265,5.0,5,,,,,,,,
,,,,,21274,9.0,9,,,,,,,,
,,,,,21278,4.0,4,,,,,,,,
,,,,,21282,4.0,4,,,,,,,,
,,,,,21286,4.0,4,,,,,,,,
,,,,,21292,6.0,6,,,,,,,,
,,,,,21295,3.0,3,,,,,,,,
,,,,,21308,13.0,13,,,,,,,,
,,,,,21312,4.0,4,,,,,,,,
,,,,,21316,4.0,4,,,,,,,,
,,,,,21324,8.0,8,,,,,,,,
,,,,,21331,7.0,7,,,,,,,,
,,,,,21336,5.0,5,,,,,,,,
,,,,,21339,3.0,3,,,,,,,,
,,,,,21342,3.0,3,,,,,,,,
,,,,,21345,3.0,3,,,,,,,,
,,,,,21351,6.0,6,,,,,,,,
,,,,,21354,3.0,3,,,,,,,,
,,,,,21361,7.0,7,,,,,,,,
,,,,,21364,3.0,3,,,,,,,,
,,,,,21368,4.0,4,,,,,,,,
,,,,,21373,5.0,5,,,,,,,,
,,,,,21391,18.0,18,,,,,,,,
,,,,,21394,3.0,3,,,,,,,,
,,,,,21398,4.0,4,,,,,,,,
,,,,,21406,8.0,8,,,,,,,,
,,,,,21410,4.0,4,,,,,,,,
,,,,,21413,3.0,3,,,,,,,,
,,,,,21416,3.0,3,,,,,,,,
,,,,,21421,5.0,5,,,,,,,,
,,,,,21433,12.0,12,,,,,,,,
,,,,,21436,3.0,3,,,,,,,,
,,,,,21440,4.0,4,,,,,,,,
,,,,,21445,5.0,5,,,,,,,,
,,,,,21450,5.0,5,,,,,,,,
,,,,,21454,4.0,4,,,,,,,,
,,,,,21471,17.0,17,,,,,,,,
,,,,,21479,8.0,8,,,,,,,,
,,,,,21483,4.0,4,,,,,,,,
,,,,,21488,5.0,5,,,,,,,,
,,,,,21493,5.0,5,,,,,,,,
,,,,,21505,12.0,12,,,,,,,,
,,,,,21509,4.0,4,,,,,,,,
,,,,,21513,4.0,4,,,,,,,,
,,,,,21520,7.0,7,,,,,,,,
,,,,,21525,5.0,5,,,,,,,,
,,,,,21529,4.0,4,,,,,,,,
,,,,,21533,4.0,4,,,,,,,,
,,,,,21544,11.0,11,,,,,,,,
,,,,,21548,4.0,4,,,,,,,,
,,,,,21553,5.0,5,,,,,,,,
,,,,,21567,14.0,14,,,,,,,,
,,,,,21574,7.0,7,,,,,,,,
,,,,,21578,4.0,4,,,,,,,,
,,,,,21583,5.0,5,,,,,,,,
,,,,,21589,6.0,6,,,,,,,,
,,,,,21598,9.0,9,,,,,,,,
,,,,,21602,4.0,4,,,,,,,,
,,,,,21607,5.0,5,,,,,,,,
,,,,,21622,15.0,15,,,,,,,,
,,,,,21633,11.0,11,,,,,,,,
,,,,,21641,8.0,8,,,,,,,,
,,,,,21653,12.0,12,,,,,,,,
,,,,,21659,6.0,6,,,,,,,,
,,,,,21663,4.0,4,,,,,,,,
,,,,,21669,6.0,6,,,,,,,,
,,,,,21674,5.0,5,,,,,,,,
,,,,,21686,12.0,12,,,,,,,,
,,,,,21691,5.0,5,,,,,,,,
,,,,,21695,4.0,4,,,,,,,,
,,,,,21700,5.0,5,,,,,,,,
,,,,,21703,3.0,3,,,,,,,,
,,,,,21719,16.0,16,,,,,,,,
,,,,,21725,6.0,6,,,,,,,,
,,,,,21729,4.0,4,,,,,,,,
,,,,,21732,3.0,3,,,,,,,,
,,,,,21735,3.0,3,,,,,,,,
,,,,,21739,4.0,4,,,,,,,,
,,,,,21742,3.0,3,,,,,,,,
,,,,,21746,4.0,4,,,,,,,,
,,,,,21755,9.0,9,,,,,,,,
,,,,,21761,6.0,6,,,,,,,,
,,,,,21770,9.0,9,,,,,,,,
,,,,,21776,6.0,6,,,,,,,,
,,,,,21780,4.0,4,,,,,,,,
,,,,,21784,4.0,4,,,,,,,,
,,,,,21787,3.0,3,,,,,,,,
,,,,,21790,3.0,3,,,,,,,,
,,,,,21797,7.0,7,,,,,,,,
,,,,,21800,3.0,3,,,,,,,,
,,,,,21808,8.0,8,,,,,,,,
,,,,,21818,10.0,10,,,,,,,,
,,,,,21821,3.0,3,,,,,,,,
,,,,,21827,6.0,6,,,,,,,,
,,,,,21841,14.0,14,,,,,,,,
,,,,,21850,9.0,9,,,,,,,,
,,,,,21853,3.0,3,,,,,,,,
,,,,,21857,4.0,4,,,,,,,,
,,,,,21871,14.0,14,,,,,,,,
,,,,,21875,4.0,4,,,,,,,,
,,,,,21879,4.0,4,,,,,,,,
,,,,,21882,3.0,3,,,,,,,,
,,,,,21887,5.0,5,,,,,,,,
,,,,,21891,4.0,4,,,,,,,,
,,,,,21895,4.0,4,,,,,,,,
,,,,,21898,3.0,3,,,,,,,,
,,,,,21901,3.0,3,,,,,,,,
,,,,,21905,4.0,4,,,,,,,,
,,,,,21933,28.0,28,,,,,,,,
,,,,,21939,6.0,6,,,,,,,,
,,,,,21942,3.0,3,,,,,,,,
,,,,,21948,6.0,6,,,,,,,,
,,,,,21952,4.0,4,,,,,,,,
,,,,,21957,5.0,5,,,,,,,,
,,,,,21961,4.0,4,,,,,,,,
,,,,,21967,6.0,6,,,,,,,,
,,,,,21971,4.0,4,,,,,,,,
,,,,,21975,4.0,4,,,,,,,,
,,,,,21990,15.0,15,,,,,,,,
,,,,,21999,9.0,9,,,,,,,,
,,,,,22000,,,-8.663050651550293,86.63050842285156,151.44528198242188,35.629295349121094,35.57828903198242,0.0003,0.0003,0.1
,,,,,22007,8.0,8,,,,,,,,
,,,,,22011,4.0,4,,,,,,,,
,,,,,22016,5.0,5,,,,,,,,
,,,,,22020,4.0,4,,,,,,,,
,,,,,22023,3.0,3,,,,,,,,
,,,,,22033,10.0,10,,,,,,,,
,,,,,22043,10.0,10,,,,,,,,
,,,,,22046,3.0,3,,,,,,,,
,,,,,22055,9.0,9,,,,,,,,
,,,,,22058,3.0,3,,,,,,,,
,,,,,22061,3.0,3,,,,,,,,
,,,,,22065,4.0,4,,,,,,,,
,,,,,22068,3.0,3,,,,,,,,
,,,,,22072,4.0,4,,,,,,,,
,,,,,22085,13.0,13,,,,,,,,
,,,,,22092,7.0,7,,,,,,,,
,,,,,22098,6.0,6,,,,,,,,
,,,,,22107,9.0,9,,,,,,,,
,,,,,22110,3.0,3,,,,,,,,
,,,,,22113,3.0,3,,,,,,,,
,,,,,22117,4.0,4,,,,,,,,
,,,,,22122,5.0,5,,,,,,,,
,,,,,22128,6.0,6,,,,,,,,
,,,,,22133,5.0,5,,,,,,,,
,,,,,22138,5.0,5,,,,,,,,
,,,,,22145,7.0,7,,,,,,,,
,,,,,22152,7.0,7,,,,,,,,
,,,,,22160,8.0,8,,,,,,,,
,,,,,22166,6.0,6,,,,,,,,
,,,,,22171,5.0,5,,,,,,,,
,,,,,22182,11.0,11,,,,,,,,
,,,,,22185,3.0,3,,,,,,,,
,,,,,22191,6.0,6,,,,,,,,
,,,,,22194,3.0,3,,,,,,,,
,,,,,22197,3.0,3,,,,,,,,
,,,,,22203,6.0,6,,,,,,,,
,,,,,22209,6.0,6,,,,,,,,
,,,,,22212,3.0,3,,,,,,,,
,,,,,22215,3.0,3,,,,,,,,
,,,,,22219,4.0,4,,,,,,,,
,,,,,22224,5.0,5,,,,,,,,
,,,,,22231,7.0,7,,,,,,,,
,,,,,22238,7.0,7,,,,,,,,
,,,,,22241,3.0,3,,,,,,,,
,,,,,22244,3.0,3,,,,,,,,
,,,,,22247,3.0,3,,,,,,,,
,,,,,22255,8.0,8,,,,,,,,
,,,,,22265,10.0,10,,,,,,,,
,,,,,22269,4.0,4,,,,,,,,
,,,,,22272,3.0,3,,,,,,,,
,,,,,22277,5.0,5,,,,,,,,
,,,,,22280,3.0,3,,,,,,,,
,,,,,22286,6.0,6,,,,,,,,
,,,,,22290,4.0,4,,,,,,,,
,,,,,22293,3.0,3,,,,,,,,
,,,,,22304,11.0,11,,,,,,,,
,,,,,22309,5.0,5,,,,,,,,
,,,,,22316,7.0,7,,,,,,,,
,,,,,22321,5.0,5,,,,,,,,
,,,,,22324,3.0,3,,,,,,,,
,,,,,22328,4.0,4,,,,,,,,
,,,,,22332,4.0,4,,,,,,,,
,,,,,22339,7.0,7,,,,,,,,
,,,,,22345,6.0,6,,,,,,,,
,,,,,22350,5.0,5,,,,,,,,
,,,,,22356,6.0,6,,,,,,,,
,,,,,22372,16.0,16,,,,,,,,
,,,,,22379,7.0,7,,,,,,,,
,,,,,22388,9.0,9,,,,,,,,
,,,,,22393,5.0,5,,,,,,,,
,,,,,22396,3.0,3,,,,,,,,
,,,,,22399,3.0,3,,,,,,,,
,,,,,22403,4.0,4,,,,,,,,
,,,,,22406,3.0,3,,,,,,,,
,,,,,22410,4.0,4,,,,,,,,
,,,,,22425,15.0,15,,,,,,,,
,,,,,22428,3.0,3,,,,,,,,
,,,,,22436,8.0,8,,,,,,,,
,,,,,22448,12.0,12,,,,,,,,
,,,,,22458,10.0,10,,,,,,,,
,,,,,22462,4.0,4,,,,,,,,
,,,,,22468,6.0,6,,,,,,,,
,,,,,22476,8.0,8,,,,,,,,
,,,,,22484,8.0,8,,,,,,,,
,,,,,22498,14.0,14,,,,,,,,
,,,,,22516,18.0,18,,,,,,,,
,,,,,22519,3.0,3,,,,,,,,
,,,,,22524,5.0,5,,,,,,,,
,,,,,22530,6.0,6,,,,,,,,
,,,,,22535,5.0,5,,,,,,,,
,,,,,22538,3.0,3,,,,,,,,
,,,,,22541,3.0,3,,,,,,,,
,,,,,22546,5.0,5,,,,,,,,
,,,,,22550,4.0,4,,,,,,,,
,,,,,22564,14.0,14,,,,,,,,
,,,,,22567,3.0,3,,,,,,,,
,,,,,22576,9.0,9,,,,,,,,
,,,,,22580,4.0,4,,,,,,,,
,,,,,22604,24.0,24,,,,,,,,
,,,,,22608,4.0,4,,,,,,,,
,,,,,22620,12.0,12,,,,,,,,
,,,,,22623,3.0,3,,,,,,,,
,,,,,22630,7.0,7,,,,,,,,
,,,,,22634,4.0,4,,,,,,,,
,,,,,22639,5.0,5,,,,,,,,
,,,,,22642,3.0,3,,,,,,,,
,,,,,22646,4.0,4,,,,,,,,
,,,,,22649,3.0,3,,,,,,,,
,,,,,22660,11.0,11,,,,,,,,
,,,,,22663,3.0,3,,,,,,,,
,,,,,22669,6.0,6,,,,,,,,
,,,,,22679,10.0,10,,,,,,,,
,,,,,22686,7.0,7,,,,,,,,
,,,,,22691,5.0,5,,,,,,,,
,,,,,22697,6.0,6,,,,,,,,
,,,,,22704,7.0,7,,,,,,,,
,,,,,22708,4.0,4,,,,,,,,
,,,,,22715,7.0,7,,,,,,,,
,,,,,22720,5.0,5,,,,,,,,
,,,,,22726,6.0,6,,,,,,,,
,,,,,22729,3.0,3,,,,,,,,
,,,,,22735,6.0,6,,,,,,,,
,,,,,22740,5.0,5,,,,,,,,
,,,,,22744,4.0,4,,,,,,,,
,,,,,22748,4.0,4,,,,,,,,
,,,,,22752,4.0,4,,,,,,,,
,,,,,22765,13.0,13,,,,,,,,
,,,,,22772,7.0,7,,,,,,,,
,,,,,22776,4.0,4,,,,,,,,
,,,,,22781,5.0,5,,,,,,,,
,,,,,22785,4.0,4,,,,,,,,
,,,,,22790,5.0,5,,,,,,,,
,,,,,22793,3.0,3,,,,,,,,
,,,,,22798,5.0,5,,,,,,,,
,,,,,22805,7.0,7,,,,,,,,
,,,,,22811,6.0,6,,,,,,,,
,,,,,22817,6.0,6,,,,,,,,
,,,,,22830,13.0,13,,,,,,,,
,,,,,22834,4.0,4,,,,,,,,
,,,,,22838,4.0,4,,,,,,,,
,,,,,22841,3.0,3,,,,,,,,
,,,,,22846,5.0,5,,,,,,,,
,,,,,22858,12.0,12,,,,,,,,
,,,,,22862,4.0,4,,,,,,,,
,,,,,22866,4.0,4,,,,,,,,
,,,,,22871,5.0,5,,,,,,,,
,,,,,22874,3.0,3,,,,,,,,
,,,,,22877,3.0,3,,,,,,,,
,,,,,22880,3.0,3,,,,,,,,
,,,,,22888,8.0,8,,,,,,,,
,,,,,22893,5.0,5,,,,,,,,
,,,,,22898,5.0,5,,,,,,,,
,,,,,22901,3.0,3,,,,,,,,
,,,,,22909,8.0,8,,,,,,,,
,,,,,22913,4.0,4,,,,,,,,
,,,,,22917,4.0,4,,,,,,,,
,,,,,22921,4.0,4,,,,,,,,
,,,,,22924,3.0,3,,,,,,,,
,,,,,22930,6.0,6,,,,,,,,
,,,,,22933,3.0,3,,,,,,,,
,,,,,22948,15.0,15,,,,,,,,
,,,,,22959,11.0,11,,,,,,,,
,,,,,22965,6.0,6,,,,,,,,
,,,,,22968,3.0,3,,,,,,,,
,,,,,22971,3.0,3,,,,,,,,
,,,,,22975,4.0,4,,,,,,,,
,,,,,22979,4.0,4,,,,,,,,
,,,,,22983,4.0,4,,,,,,,,
,,,,,22997,14.0,14,,,,,,,,
,,,,,23000,,,-8.508078575134277,85.08078002929688,183.29022216796875,34.4405517578125,32.84172058105469,0.0003,0.0003,0.1
,,,,,23002,5.0,5,,,,,,,,
,,,,,23005,3.0,3,,,,,,,,
,,,,,23013,8.0,8,,,,,,,,
,,,,,23016,3.0,3,,,,,,,,
,,,,,23020,4.0,4,,,,,,,,
,,,,,23025,5.0,5,,,,,,,,
,,,,,23029,4.0,4,,,,,,,,
,,,,,23033,4.0,4,,,,,,,,
,,,,,23037,4.0,4,,,,,,,,
,,,,,23040,3.0,3,,,,,,,,
,,,,,23043,3.0,3,,,,,,,,
,,,,,23046,3.0,3,,,,,,,,
,,,,,23053,7.0,7,,,,,,,,
,,,,,23056,3.0,3,,,,,,,,
,,,,,23061,5.0,5,,,,,,,,
,,,,,23064,3.0,3,,,,,,,,
,,,,,23067,3.0,3,,,,,,,,
,,,,,23071,4.0,4,,,,,,,,
,,,,,23076,5.0,5,,,,,,,,
,,,,,23080,4.0,4,,,,,,,,
,,,,,23087,7.0,7,,,,,,,,
,,,,,23090,3.0,3,,,,,,,,
,,,,,23097,7.0,7,,,,,,,,
,,,,,23103,6.0,6,,,,,,,,
,,,,,23108,5.0,5,,,,,,,,
,,,,,23112,4.0,4,,,,,,,,
,,,,,23116,4.0,4,,,,,,,,
,,,,,23119,3.0,3,,,,,,,,
,,,,,23122,3.0,3,,,,,,,,
,,,,,23127,5.0,5,,,,,,,,
,,,,,23138,11.0,11,,,,,,,,
,,,,,23142,4.0,4,,,,,,,,
,,,,,23145,3.0,3,,,,,,,,
,,,,,23149,4.0,4,,,,,,,,
,,,,,23156,7.0,7,,,,,,,,
,,,,,23160,4.0,4,,,,,,,,
,,,,,23163,3.0,3,,,,,,,,
,,,,,23171,8.0,8,,,,,,,,
,,,,,23177,6.0,6,,,,,,,,
,,,,,23182,5.0,5,,,,,,,,
,,,,,23185,3.0,3,,,,,,,,
,,,,,23189,4.0,4,,,,,,,,
,,,,,23195,6.0,6,,,,,,,,
,,,,,23198,3.0,3,,,,,,,,
,,,,,23206,8.0,8,,,,,,,,
,,,,,23217,11.0,11,,,,,,,,
,,,,,23222,5.0,5,,,,,,,,
,,,,,23225,3.0,3,,,,,,,,
,,,,,23231,6.0,6,,,,,,,,
,,,,,23235,4.0,4,,,,,,,,
,,,,,23239,4.0,4,,,,,,,,
,,,,,23247,8.0,8,,,,,,,,
,,,,,23251,4.0,4,,,,,,,,
,,,,,23259,8.0,8,,,,,,,,
,,,,,23265,6.0,6,,,,,,,,
,,,,,23270,5.0,5,,,,,,,,
,,,,,23276,6.0,6,,,,,,,,
,,,,,23279,3.0,3,,,,,,,,
,,,,,23282,3.0,3,,,,,,,,
,,,,,23290,8.0,8,,,,,,,,
,,,,,23299,9.0,9,,,,,,,,
,,,,,23305,6.0,6,,,,,,,,
,,,,,23317,12.0,12,,,,,,,,
,,,,,23330,13.0,13,,,,,,,,
,,,,,23333,3.0,3,,,,,,,,
,,,,,23339,6.0,6,,,,,,,,
,,,,,23345,6.0,6,,,,,,,,
,,,,,23350,5.0,5,,,,,,,,
,,,,,23355,5.0,5,,,,,,,,
,,,,,23360,5.0,5,,,,,,,,
,,,,,23364,4.0,4,,,,,,,,
,,,,,23369,5.0,5,,,,,,,,
,,,,,23373,4.0,4,,,,,,,,
,,,,,23376,3.0,3,,,,,,,,
,,,,,23388,12.0,12,,,,,,,,
,,,,,23391,3.0,3,,,,,,,,
,,,,,23398,7.0,7,,,,,,,,
,,,,,23401,3.0,3,,,,,,,,
,,,,,23408,7.0,7,,,,,,,,
,,,,,23414,6.0,6,,,,,,,,
,,,,,23420,6.0,6,,,,,,,,
,,,,,23427,7.0,7,,,,,,,,
,,,,,23432,5.0,5,,,,,,,,
,,,,,23436,4.0,4,,,,,,,,
,,,,,23442,6.0,6,,,,,,,,
,,,,,23445,3.0,3,,,,,,,,
,,,,,23448,3.0,3,,,,,,,,
,,,,,23458,10.0,10,,,,,,,,
,,,,,23467,9.0,9,,,,,,,,
,,,,,23470,3.0,3,,,,,,,,
,,,,,23473,3.0,3,,,,,,,,
,,,,,23476,3.0,3,,,,,,,,
,,,,,23482,6.0,6,,,,,,,,
,,,,,23486,4.0,4,,,,,,,,
,,,,,23489,3.0,3,,,,,,,,
,,,,,23493,4.0,4,,,,,,,,
,,,,,23496,3.0,3,,,,,,,,
,,,,,23501,5.0,5,,,,,,,,
,,,,,23505,4.0,4,,,,,,,,
,,,,,23519,14.0,14,,,,,,,,
,,,,,23528,9.0,9,,,,,,,,
,,,,,23531,3.0,3,,,,,,,,
,,,,,23536,5.0,5,,,,,,,,
,,,,,23548,12.0,12,,,,,,,,
,,,,,23552,4.0,4,,,,,,,,
,,,,,23556,4.0,4,,,,,,,,
,,,,,23562,6.0,6,,,,,,,,
,,,,,23570,8.0,8,,,,,,,,
,,,,,23577,7.0,7,,,,,,,,
,,,,,23604,27.0,27,,,,,,,,
,,,,,23607,3.0,3,,,,,,,,
,,,,,23615,8.0,8,,,,,,,,
,,,,,23620,5.0,5,,,,,,,,
,,,,,23630,10.0,10,,,,,,,,
,,,,,23636,6.0,6,,,,,,,,
,,,,,23645,9.0,9,,,,,,,,
,,,,,23651,6.0,6,,,,,,,,
,,,,,23655,4.0,4,,,,,,,,
,,,,,23664,9.0,9,,,,,,,,
,,,,,23689,25.0,25,,,,,,,,
,,,,,23699,10.0,10,,,,,,,,
,,,,,23705,6.0,6,,,,,,,,
,,,,,23712,7.0,7,,,,,,,,
,,,,,23722,10.0,10,,,,,,,,
,,,,,23727,5.0,5,,,,,,,,
,,,,,23730,3.0,3,,,,,,,,
,,,,,23733,3.0,3,,,,,,,,
,,,,,23737,4.0,4,,,,,,,,
,,,,,23748,11.0,11,,,,,,,,
,,,,,23751,3.0,3,,,,,,,,
,,,,,23755,4.0,4,,,,,,,,
,,,,,23759,4.0,4,,,,,,,,
,,,,,23778,19.0,19,,,,,,,,
,,,,,23781,3.0,3,,,,,,,,
,,,,,23789,8.0,8,,,,,,,,
,,,,,23794,5.0,5,,,,,,,,
,,,,,23797,3.0,3,,,,,,,,
,,,,,23808,11.0,11,,,,,,,,
,,,,,23812,4.0,4,,,,,,,,
,,,,,23822,10.0,10,,,,,,,,
,,,,,23831,9.0,9,,,,,,,,
,,,,,23834,3.0,3,,,,,,,,
,,,,,23838,4.0,4,,,,,,,,
,,,,,23844,6.0,6,,,,,,,,
,,,,,23849,5.0,5,,,,,,,,
,,,,,23855,6.0,6,,,,,,,,
,,,,,23858,3.0,3,,,,,,,,
,,,,,23863,5.0,5,,,,,,,,
,,,,,23868,5.0,5,,,,,,,,
,,,,,23881,13.0,13,,,,,,,,
,,,,,23891,10.0,10,,,,,,,,
,,,,,23899,8.0,8,,,,,,,,
,,,,,23903,4.0,4,,,,,,,,
,,,,,23916,13.0,13,,,,,,,,
,,,,,23919,3.0,3,,,,,,,,
,,,,,23922,3.0,3,,,,,,,,
,,,,,23925,3.0,3,,,,,,,,
,,,,,23928,3.0,3,,,,,,,,
,,,,,23931,3.0,3,,,,,,,,
,,,,,23938,7.0,7,,,,,,,,
,,,,,23941,3.0,3,,,,,,,,
,,,,,23947,6.0,6,,,,,,,,
,,,,,23951,4.0,4,,,,,,,,
,,,,,23957,6.0,6,,,,,,,,
,,,,,23960,3.0,3,,,,,,,,
,,,,,23964,4.0,4,,,,,,,,
,,,,,23975,11.0,11,,,,,,,,
,,,,,23980,5.0,5,,,,,,,,
,,,,,23987,7.0,7,,,,,,,,
,,,,,23995,8.0,8,,,,,,,,
,,,,,24000,5.0,5,,,,,,,,
,,,,,24000,,,-8.72954273223877,87.29542541503906,119.82133483886719,34.67890930175781,35.06888198852539,0.0003,0.0003,0.1
,,,,,24004,4.0,4,,,,,,,,
,,,,,24008,4.0,4,,,,,,,,
,,,,,24014,6.0,6,,,,,,,,
,,,,,24018,4.0,4,,,,,,,,
,,,,,24022,4.0,4,,,,,,,,
,,,,,24025,3.0,3,,,,,,,,
,,,,,24030,5.0,5,,,,,,,,
,,,,,24038,8.0,8,,,,,,,,
,,,,,24041,3.0,3,,,,,,,,
,,,,,24051,10.0,10,,,,,,,,
,,,,,24056,5.0,5,,,,,,,,
,,,,,24061,5.0,5,,,,,,,,
,,,,,24065,4.0,4,,,,,,,,
,,,,,24068,3.0,3,,,,,,,,
,,,,,24075,7.0,7,,,,,,,,
,,,,,24079,4.0,4,,,,,,,,
,,,,,24086,7.0,7,,,,,,,,
,,,,,24090,4.0,4,,,,,,,,
,,,,,24100,10.0,10,,,,,,,,
,,,,,24103,3.0,3,,,,,,,,
,,,,,24108,5.0,5,,,,,,,,
,,,,,24112,4.0,4,,,,,,,,
,,,,,24128,16.0,16,,,,,,,,
,,,,,24137,9.0,9,,,,,,,,
,,,,,24141,4.0,4,,,,,,,,
,,,,,24153,12.0,12,,,,,,,,
,,,,,24157,4.0,4,,,,,,,,
,,,,,24169,12.0,12,,,,,,,,
,,,,,24178,9.0,9,,,,,,,,
,,,,,24182,4.0,4,,,,,,,,
,,,,,24190,8.0,8,,,,,,,,
,,,,,24193,3.0,3,,,,,,,,
,,,,,24205,12.0,12,,,,,,,,
,,,,,24209,4.0,4,,,,,,,,
,,,,,24220,11.0,11,,,,,,,,
,,,,,24224,4.0,4,,,,,,,,
,,,,,24229,5.0,5,,,,,,,,
,,,,,24237,8.0,8,,,,,,,,
,,,,,24240,3.0,3,,,,,,,,
,,,,,24245,5.0,5,,,,,,,,
,,,,,24251,6.0,6,,,,,,,,
,,,,,24254,3.0,3,,,,,,,,
,,,,,24271,17.0,17,,,,,,,,
,,,,,24274,3.0,3,,,,,,,,
,,,,,24277,3.0,3,,,,,,,,
,,,,,24284,7.0,7,,,,,,,,
,,,,,24297,13.0,13,,,,,,,,
,,,,,24302,5.0,5,,,,,,,,
,,,,,24310,8.0,8,,,,,,,,
,,,,,24313,3.0,3,,,,,,,,
,,,,,24318,5.0,5,,,,,,,,
,,,,,24326,8.0,8,,,,,,,,
,,,,,24330,4.0,4,,,,,,,,
,,,,,24333,3.0,3,,,,,,,,
,,,,,24339,6.0,6,,,,,,,,
,,,,,24343,4.0,4,,,,,,,,
,,,,,24350,7.0,7,,,,,,,,
,,,,,24360,10.0,10,,,,,,,,
,,,,,24365,5.0,5,,,,,,,,
,,,,,24369,4.0,4,,,,,,,,
,,,,,24374,5.0,5,,,,,,,,
,,,,,24377,3.0,3,,,,,,,,
,,,,,24386,9.0,9,,,,,,,,
,,,,,24389,3.0,3,,,,,,,,
,,,,,24395,6.0,6,,,,,,,,
,,,,,24405,10.0,10,,,,,,,,
,,,,,24409,4.0,4,,,,,,,,
,,,,,24424,15.0,15,,,,,,,,
,,,,,24430,6.0,6,,,,,,,,
,,,,,24448,18.0,18,,,,,,,,
,,,,,24452,4.0,4,,,,,,,,
,,,,,24456,4.0,4,,,,,,,,
,,,,,24470,14.0,14,,,,,,,,
,,,,,24474,4.0,4,,,,,,,,
,,,,,24479,5.0,5,,,,,,,,
,,,,,24488,9.0,9,,,,,,,,
,,,,,24496,8.0,8,,,,,,,,
,,,,,24502,6.0,6,,,,,,,,
,,,,,24509,7.0,7,,,,,,,,
,,,,,24517,8.0,8,,,,,,,,
,,,,,24523,6.0,6,,,,,,,,
,,,,,24527,4.0,4,,,,,,,,
,,,,,24530,3.0,3,,,,,,,,
,,,,,24537,7.0,7,,,,,,,,
,,,,,24544,7.0,7,,,,,,,,
,,,,,24548,4.0,4,,,,,,,,
,,,,,24558,10.0,10,,,,,,,,
,,,,,24566,8.0,8,,,,,,,,
,,,,,24572,6.0,6,,,,,,,,
,,,,,24578,6.0,6,,,,,,,,
,,,,,24581,3.0,3,,,,,,,,
,,,,,24587,6.0,6,,,,,,,,
,,,,,24591,4.0,4,,,,,,,,
,,,,,24599,8.0,8,,,,,,,,
,,,,,24603,4.0,4,,,,,,,,
,,,,,24606,3.0,3,,,,,,,,
,,,,,24615,9.0,9,,,,,,,,
,,,,,24618,3.0,3,,,,,,,,
,,,,,24622,4.0,4,,,,,,,,
,,,,,24639,17.0,17,,,,,,,,
,,,,,24645,6.0,6,,,,,,,,
,,,,,24656,11.0,11,,,,,,,,
,,,,,24663,7.0,7,,,,,,,,
,,,,,24676,13.0,13,,,,,,,,
,,,,,24680,4.0,4,,,,,,,,
,,,,,24692,12.0,12,,,,,,,,
,,,,,24697,5.0,5,,,,,,,,
,,,,,24700,3.0,3,,,,,,,,
,,,,,24705,5.0,5,,,,,,,,
,,,,,24713,8.0,8,,,,,,,,
,,,,,24717,4.0,4,,,,,,,,
,,,,,24722,5.0,5,,,,,,,,
,,,,,24729,7.0,7,,,,,,,,
,,,,,24732,3.0,3,,,,,,,,
,,,,,24737,5.0,5,,,,,,,,
,,,,,24740,3.0,3,,,,,,,,
,,,,,24761,21.0,21,,,,,,,,
,,,,,24765,4.0,4,,,,,,,,
,,,,,24784,19.0,19,,,,,,,,
,,,,,24791,7.0,7,,,,,,,,
,,,,,24797,6.0,6,,,,,,,,
,,,,,24800,3.0,3,,,,,,,,
,,,,,24811,11.0,11,,,,,,,,
,,,,,24814,3.0,3,,,,,,,,
,,,,,24818,4.0,4,,,,,,,,
,,,,,24824,6.0,6,,,,,,,,
,,,,,24830,6.0,6,,,,,,,,
,,,,,24834,4.0,4,,,,,,,,
,,,,,24838,4.0,4,,,,,,,,
,,,,,24844,6.0,6,,,,,,,,
,,,,,24848,4.0,4,,,,,,,,
,,,,,24851,3.0,3,,,,,,,,
,,,,,24873,22.0,22,,,,,,,,
,,,,,24876,3.0,3,,,,,,,,
,,,,,24881,5.0,5,,,,,,,,
,,,,,24885,4.0,4,,,,,,,,
,,,,,24889,4.0,4,,,,,,,,
,,,,,24918,29.0,29,,,,,,,,
,,,,,24925,7.0,7,,,,,,,,
,,,,,24933,8.0,8,,,,,,,,
,,,,,24936,3.0,3,,,,,,,,
,,,,,24943,7.0,7,,,,,,,,
,,,,,24948,5.0,5,,,,,,,,
,,,,,24955,7.0,7,,,,,,,,
,,,,,24958,3.0,3,,,,,,,,
,,,,,24962,4.0,4,,,,,,,,
,,,,,24971,9.0,9,,,,,,,,
,,,,,24977,6.0,6,,,,,,,,
,,,,,24982,5.0,5,,,,,,,,
,,,,,24987,5.0,5,,,,,,,,
,,,,,24999,12.0,12,,,,,,,,
5.1,1.0440307,7.0,4.0,5.1,25000,,,-8.710241317749023,87.10240936279297,126.29685974121094,34.71171569824219,34.9339714050293,0.0003,0.0003,0.1
,,,,,25003,4.0,4,,,,,,,,
,,,,,25008,5.0,5,,,,,,,,
,,,,,25011,3.0,3,,,,,,,,
,,,,,25017,6.0,6,,,,,,,,
,,,,,25020,3.0,3,,,,,,,,
,,,,,25027,7.0,7,,,,,,,,
,,,,,25030,3.0,3,,,,,,,,
,,,,,25033,3.0,3,,,,,,,,
,,,,,25037,4.0,4,,,,,,,,
,,,,,25041,4.0,4,,,,,,,,
,,,,,25044,3.0,3,,,,,,,,
,,,,,25047,3.0,3,,,,,,,,
,,,,,25053,6.0,6,,,,,,,,
,,,,,25072,19.0,19,,,,,,,,
,,,,,25075,3.0,3,,,,,,,,
,,,,,25090,15.0,15,,,,,,,,
,,,,,25094,4.0,4,,,,,,,,
,,,,,25099,5.0,5,,,,,,,,
,,,,,25103,4.0,4,,,,,,,,
,,,,,25108,5.0,5,,,,,,,,
,,,,,25111,3.0,3,,,,,,,,
,,,,,25116,5.0,5,,,,,,,,
,,,,,25121,5.0,5,,,,,,,,
,,,,,25127,6.0,6,,,,,,,,
,,,,,25131,4.0,4,,,,,,,,
,,,,,25142,11.0,11,,,,,,,,
,,,,,25152,10.0,10,,,,,,,,
,,,,,25164,12.0,12,,,,,,,,
,,,,,25172,8.0,8,,,,,,,,
,,,,,25175,3.0,3,,,,,,,,
,,,,,25186,11.0,11,,,,,,,,
,,,,,25189,3.0,3,,,,,,,,
,,,,,25194,5.0,5,,,,,,,,
,,,,,25198,4.0,4,,,,,,,,
,,,,,25202,4.0,4,,,,,,,,
,,,,,25206,4.0,4,,,,,,,,
,,,,,25224,18.0,18,,,,,,,,
,,,,,25227,3.0,3,,,,,,,,
,,,,,25232,5.0,5,,,,,,,,
,,,,,25241,9.0,9,,,,,,,,
,,,,,25252,11.0,11,,,,,,,,
,,,,,25258,6.0,6,,,,,,,,
,,,,,25270,12.0,12,,,,,,,,
,,,,,25288,18.0,18,,,,,,,,
,,,,,25296,8.0,8,,,,,,,,
,,,,,25302,6.0,6,,,,,,,,
,,,,,25317,15.0,15,,,,,,,,
,,,,,25324,7.0,7,,,,,,,,
,,,,,25332,8.0,8,,,,,,,,
,,,,,25339,7.0,7,,,,,,,,
,,,,,25342,3.0,3,,,,,,,,
,,,,,25362,20.0,20,,,,,,,,
,,,,,25365,3.0,3,,,,,,,,
,,,,,25369,4.0,4,,,,,,,,
,,,,,25372,3.0,3,,,,,,,,
,,,,,25376,4.0,4,,,,,,,,
,,,,,25382,6.0,6,,,,,,,,
,,,,,25386,4.0,4,,,,,,,,
,,,,,25396,10.0,10,,,,,,,,
,,,,,25400,4.0,4,,,,,,,,
,,,,,25403,3.0,3,,,,,,,,
,,,,,25408,5.0,5,,,,,,,,
,,,,,25411,3.0,3,,,,,,,,
,,,,,25416,5.0,5,,,,,,,,
,,,,,25422,6.0,6,,,,,,,,
,,,,,25426,4.0,4,,,,,,,,
,,,,,25432,6.0,6,,,,,,,,
,,,,,25436,4.0,4,,,,,,,,
,,,,,25441,5.0,5,,,,,,,,
,,,,,25446,5.0,5,,,,,,,,
,,,,,25453,7.0,7,,,,,,,,
,,,,,25459,6.0,6,,,,,,,,
,,,,,25463,4.0,4,,,,,,,,
,,,,,25477,14.0,14,,,,,,,,
,,,,,25484,7.0,7,,,,,,,,
,,,,,25492,8.0,8,,,,,,,,
,,,,,25500,8.0,8,,,,,,,,
,,,,,25507,7.0,7,,,,,,,,
,,,,,25513,6.0,6,,,,,,,,
,,,,,25517,4.0,4,,,,,,,,
,,,,,25520,3.0,3,,,,,,,,
,,,,,25523,3.0,3,,,,,,,,
,,,,,25527,4.0,4,,,,,,,,
,,,,,25535,8.0,8,,,,,,,,
,,,,,25539,4.0,4,,,,,,,,
,,,,,25545,6.0,6,,,,,,,,
,,,,,25551,6.0,6,,,,,,,,
,,,,,25563,12.0,12,,,,,,,,
,,,,,25567,4.0,4,,,,,,,,
,,,,,25573,6.0,6,,,,,,,,
,,,,,25579,6.0,6,,,,,,,,
,,,,,25584,5.0,5,,,,,,,,
,,,,,25587,3.0,3,,,,,,,,
,,,,,25594,7.0,7,,,,,,,,
,,,,,25598,4.0,4,,,,,,,,
,,,,,25603,5.0,5,,,,,,,,
,,,,,25609,6.0,6,,,,,,,,
,,,,,25615,6.0,6,,,,,,,,
,,,,,25618,3.0,3,,,,,,,,
,,,,,25622,4.0,4,,,,,,,,
,,,,,25626,4.0,4,,,,,,,,
,,,,,25632,6.0,6,,,,,,,,
,,,,,25635,3.0,3,,,,,,,,
,,,,,25638,3.0,3,,,,,,,,
,,,,,25649,11.0,11,,,,,,,,
,,,,,25655,6.0,6,,,,,,,,
,,,,,25666,11.0,11,,,,,,,,
,,,,,25669,3.0,3,,,,,,,,
,,,,,25688,19.0,19,,,,,,,,
,,,,,25691,3.0,3,,,,,,,,
,,,,,25695,4.0,4,,,,,,,,
,,,,,25703,8.0,8,,,,,,,,
,,,,,25707,4.0,4,,,,,,,,
,,,,,25711,4.0,4,,,,,,,,
,,,,,25714,3.0,3,,,,,,,,
,,,,,25721,7.0,7,,,,,,,,
,,,,,25728,7.0,7,,,,,,,,
,,,,,25736,8.0,8,,,,,,,,
,,,,,25739,3.0,3,,,,,,,,
,,,,,25743,4.0,4,,,,,,,,
,,,,,25749,6.0,6,,,,,,,,
,,,,,25752,3.0,3,,,,,,,,
,,,,,25755,3.0,3,,,,,,,,
,,,,,25760,5.0,5,,,,,,,,
,,,,,25770,10.0,10,,,,,,,,
,,,,,25774,4.0,4,,,,,,,,
,,,,,25784,10.0,10,,,,,,,,
,,,,,25790,6.0,6,,,,,,,,
,,,,,25793,3.0,3,,,,,,,,
,,,,,25797,4.0,4,,,,,,,,
,,,,,25805,8.0,8,,,,,,,,
,,,,,25809,4.0,4,,,,,,,,
,,,,,25812,3.0,3,,,,,,,,
,,,,,25817,5.0,5,,,,,,,,
,,,,,25820,3.0,3,,,,,,,,
,,,,,25823,3.0,3,,,,,,,,
,,,,,25827,4.0,4,,,,,,,,
,,,,,25832,5.0,5,,,,,,,,
,,,,,25847,15.0,15,,,,,,,,
,,,,,25851,4.0,4,,,,,,,,
,,,,,25855,4.0,4,,,,,,,,
,,,,,25859,4.0,4,,,,,,,,
,,,,,25864,5.0,5,,,,,,,,
,,,,,25868,4.0,4,,,,,,,,
,,,,,25875,7.0,7,,,,,,,,
,,,,,25878,3.0,3,,,,,,,,
,,,,,25882,4.0,4,,,,,,,,
,,,,,25894,12.0,12,,,,,,,,
,,,,,25900,6.0,6,,,,,,,,
,,,,,25903,3.0,3,,,,,,,,
,,,,,25906,3.0,3,,,,,,,,
,,,,,25913,7.0,7,,,,,,,,
,,,,,25918,5.0,5,,,,,,,,
,,,,,25927,9.0,9,,,,,,,,
,,,,,25932,5.0,5,,,,,,,,
,,,,,25937,5.0,5,,,,,,,,
,,,,,25941,4.0,4,,,,,,,,
,,,,,25946,5.0,5,,,,,,,,
,,,,,25961,15.0,15,,,,,,,,
,,,,,25968,7.0,7,,,,,,,,
,,,,,25971,3.0,3,,,,,,,,
,,,,,25975,4.0,4,,,,,,,,
,,,,,25980,5.0,5,,,,,,,,
,,,,,25983,3.0,3,,,,,,,,
,,,,,25987,4.0,4,,,,,,,,
,,,,,25991,4.0,4,,,,,,,,
,,,,,25996,5.0,5,,,,,,,,
,,,,,25999,3.0,3,,,,,,,,
,,,,,26000,,,-8.813545227050781,88.13545227050781,112.43587493896484,32.77247619628906,34.2697868347168,0.0003,0.0003,0.1
,,,,,26008,9.0,9,,,,,,,,
,,,,,26014,6.0,6,,,,,,,,
,,,,,26023,9.0,9,,,,,,,,
,,,,,26032,9.0,9,,,,,,,,
,,,,,26037,5.0,5,,,,,,,,
,,,,,26041,4.0,4,,,,,,,,
,,,,,26049,8.0,8,,,,,,,,
,,,,,26054,5.0,5,,,,,,,,
,,,,,26059,5.0,5,,,,,,,,
,,,,,26063,4.0,4,,,,,,,,
,,,,,26067,4.0,4,,,,,,,,
,,,,,26073,6.0,6,,,,,,,,
,,,,,26078,5.0,5,,,,,,,,
,,,,,26086,8.0,8,,,,,,,,
,,,,,26090,4.0,4,,,,,,,,
,,,,,26093,3.0,3,,,,,,,,
,,,,,26098,5.0,5,,,,,,,,
,,,,,26109,11.0,11,,,,,,,,
,,,,,26112,3.0,3,,,,,,,,
,,,,,26115,3.0,3,,,,,,,,
,,,,,26118,3.0,3,,,,,,,,
,,,,,26122,4.0,4,,,,,,,,
,,,,,26130,8.0,8,,,,,,,,
,,,,,26136,6.0,6,,,,,,,,
,,,,,26140,4.0,4,,,,,,,,
,,,,,26144,4.0,4,,,,,,,,
,,,,,26147,3.0,3,,,,,,,,
,,,,,26151,4.0,4,,,,,,,,
,,,,,26157,6.0,6,,,,,,,,
,,,,,26162,5.0,5,,,,,,,,
,,,,,26165,3.0,3,,,,,,,,
,,,,,26169,4.0,4,,,,,,,,
,,,,,26179,10.0,10,,,,,,,,
,,,,,26182,3.0,3,,,,,,,,
,,,,,26187,5.0,5,,,,,,,,
,,,,,26198,11.0,11,,,,,,,,
,,,,,26202,4.0,4,,,,,,,,
,,,,,26217,15.0,15,,,,,,,,
,,,,,26223,6.0,6,,,,,,,,
,,,,,26232,9.0,9,,,,,,,,
,,,,,26235,3.0,3,,,,,,,,
,,,,,26245,10.0,10,,,,,,,,
,,,,,26250,5.0,5,,,,,,,,
,,,,,26256,6.0,6,,,,,,,,
,,,,,26259,3.0,3,,,,,,,,
,,,,,26266,7.0,7,,,,,,,,
,,,,,26283,17.0,17,,,,,,,,
,,,,,26286,3.0,3,,,,,,,,
,,,,,26295,9.0,9,,,,,,,,
,,,,,26305,10.0,10,,,,,,,,
,,,,,26308,3.0,3,,,,,,,,
,,,,,26312,4.0,4,,,,,,,,
,,,,,26316,4.0,4,,,,,,,,
,,,,,26319,3.0,3,,,,,,,,
,,,,,26323,4.0,4,,,,,,,,
,,,,,26339,16.0,16,,,,,,,,
,,,,,26343,4.0,4,,,,,,,,
,,,,,26346,3.0,3,,,,,,,,
,,,,,26350,4.0,4,,,,,,,,
,,,,,26354,4.0,4,,,,,,,,
,,,,,26361,7.0,7,,,,,,,,
,,,,,26367,6.0,6,,,,,,,,
,,,,,26370,3.0,3,,,,,,,,
,,,,,26373,3.0,3,,,,,,,,
,,,,,26377,4.0,4,,,,,,,,
,,,,,26381,4.0,4,,,,,,,,
,,,,,26384,3.0,3,,,,,,,,
,,,,,26399,15.0,15,,,,,,,,
,,,,,26402,3.0,3,,,,,,,,
,,,,,26405,3.0,3,,,,,,,,
,,,,,26410,5.0,5,,,,,,,,
,,,,,26414,4.0,4,,,,,,,,
,,,,,26417,3.0,3,,,,,,,,
,,,,,26421,4.0,4,,,,,,,,
,,,,,26425,4.0,4,,,,,,,,
,,,,,26428,3.0,3,,,,,,,,
,,,,,26437,9.0,9,,,,,,,,
,,,,,26440,3.0,3,,,,,,,,
,,,,,26444,4.0,4,,,,,,,,
,,,,,26448,4.0,4,,,,,,,,
,,,,,26452,4.0,4,,,,,,,,
,,,,,26459,7.0,7,,,,,,,,
,,,,,26466,7.0,7,,,,,,,,
,,,,,26469,3.0,3,,,,,,,,
,,,,,26472,3.0,3,,,,,,,,
,,,,,26481,9.0,9,,,,,,,,
,,,,,26485,4.0,4,,,,,,,,
,,,,,26498,13.0,13,,,,,,,,
,,,,,26501,3.0,3,,,,,,,,
,,,,,26507,6.0,6,,,,,,,,
,,,,,26514,7.0,7,,,,,,,,
,,,,,26525,11.0,11,,,,,,,,
,,,,,26528,3.0,3,,,,,,,,
,,,,,26533,5.0,5,,,,,,,,
,,,,,26543,10.0,10,,,,,,,,
,,,,,26546,3.0,3,,,,,,,,
,,,,,26550,4.0,4,,,,,,,,
,,,,,26553,3.0,3,,,,,,,,
,,,,,26558,5.0,5,,,,,,,,
,,,,,26561,3.0,3,,,,,,,,
,,,,,26566,5.0,5,,,,,,,,
,,,,,26569,3.0,3,,,,,,,,
,,,,,26572,3.0,3,,,,,,,,
,,,,,26576,4.0,4,,,,,,,,
,,,,,26580,4.0,4,,,,,,,,
,,,,,26586,6.0,6,,,,,,,,
,,,,,26592,6.0,6,,,,,,,,
,,,,,26599,7.0,7,,,,,,,,
,,,,,26604,5.0,5,,,,,,,,
,,,,,26612,8.0,8,,,,,,,,
,,,,,26616,4.0,4,,,,,,,,
,,,,,26620,4.0,4,,,,,,,,
,,,,,26624,4.0,4,,,,,,,,
,,,,,26628,4.0,4,,,,,,,,
,,,,,26631,3.0,3,,,,,,,,
,,,,,26634,3.0,3,,,,,,,,
,,,,,26637,3.0,3,,,,,,,,
,,,,,26644,7.0,7,,,,,,,,
,,,,,26647,3.0,3,,,,,,,,
,,,,,26666,19.0,19,,,,,,,,
,,,,,26670,4.0,4,,,,,,,,
,,,,,26675,5.0,5,,,,,,,,
,,,,,26679,4.0,4,,,,,,,,
,,,,,26684,5.0,5,,,,,,,,
,,,,,26692,8.0,8,,,,,,,,
,,,,,26698,6.0,6,,,,,,,,
,,,,,26701,3.0,3,,,,,,,,
,,,,,26709,8.0,8,,,,,,,,
,,,,,26712,3.0,3,,,,,,,,
,,,,,26720,8.0,8,,,,,,,,
,,,,,26725,5.0,5,,,,,,,,
,,,,,26728,3.0,3,,,,,,,,
,,,,,26734,6.0,6,,,,,,,,
,,,,,26737,3.0,3,,,,,,,,
,,,,,26743,6.0,6,,,,,,,,
,,,,,26749,6.0,6,,,,,,,,
,,,,,26758,9.0,9,,,,,,,,
,,,,,26766,8.0,8,,,,,,,,
,,,,,26773,7.0,7,,,,,,,,
,,,,,26777,4.0,4,,,,,,,,
,,,,,26782,5.0,5,,,,,,,,
,,,,,26790,8.0,8,,,,,,,,
,,,,,26801,11.0,11,,,,,,,,
,,,,,26807,6.0,6,,,,,,,,
,,,,,26811,4.0,4,,,,,,,,
,,,,,26814,3.0,3,,,,,,,,
,,,,,26823,9.0,9,,,,,,,,
,,,,,26828,5.0,5,,,,,,,,
,,,,,26849,21.0,21,,,,,,,,
,,,,,26855,6.0,6,,,,,,,,
,,,,,26859,4.0,4,,,,,,,,
,,,,,26876,17.0,17,,,,,,,,
,,,,,26887,11.0,11,,,,,,,,
,,,,,26890,3.0,3,,,,,,,,
,,,,,26896,6.0,6,,,,,,,,
,,,,,26899,3.0,3,,,,,,,,
,,,,,26906,7.0,7,,,,,,,,
,,,,,26911,5.0,5,,,,,,,,
,,,,,26917,6.0,6,,,,,,,,
,,,,,26924,7.0,7,,,,,,,,
,,,,,26929,5.0,5,,,,,,,,
,,,,,26933,4.0,4,,,,,,,,
,,,,,26937,4.0,4,,,,,,,,
,,,,,26941,4.0,4,,,,,,,,
,,,,,26945,4.0,4,,,,,,,,
,,,,,26949,4.0,4,,,,,,,,
,,,,,26953,4.0,4,,,,,,,,
,,,,,26961,8.0,8,,,,,,,,
,,,,,26964,3.0,3,,,,,,,,
,,,,,26972,8.0,8,,,,,,,,
,,,,,26979,7.0,7,,,,,,,,
,,,,,26987,8.0,8,,,,,,,,
,,,,,26991,4.0,4,,,,,,,,
,,,,,26998,7.0,7,,,,,,,,
,,,,,27000,,,-8.985255241394043,89.85255432128906,140.11050415039062,34.66404342651367,33.28081512451172,0.0003,0.0003,0.1
,,,,,27002,4.0,4,,,,,,,,
,,,,,27005,3.0,3,,,,,,,,
,,,,,27019,14.0,14,,,,,,,,
,,,,,27022,3.0,3,,,,,,,,
,,,,,27027,5.0,5,,,,,,,,
,,,,,27039,12.0,12,,,,,,,,
,,,,,27050,11.0,11,,,,,,,,
,,,,,27060,10.0,10,,,,,,,,
,,,,,27065,5.0,5,,,,,,,,
,,,,,27068,3.0,3,,,,,,,,
,,,,,27071,3.0,3,,,,,,,,
,,,,,27074,3.0,3,,,,,,,,
,,,,,27077,3.0,3,,,,,,,,
,,,,,27083,6.0,6,,,,,,,,
,,,,,27089,6.0,6,,,,,,,,
,,,,,27097,8.0,8,,,,,,,,
,,,,,27105,8.0,8,,,,,,,,
,,,,,27108,3.0,3,,,,,,,,
,,,,,27113,5.0,5,,,,,,,,
,,,,,27119,6.0,6,,,,,,,,
,,,,,27124,5.0,5,,,,,,,,
,,,,,27131,7.0,7,,,,,,,,
,,,,,27137,6.0,6,,,,,,,,
,,,,,27140,3.0,3,,,,,,,,
,,,,,27147,7.0,7,,,,,,,,
,,,,,27150,3.0,3,,,,,,,,
,,,,,27162,12.0,12,,,,,,,,
,,,,,27171,9.0,9,,,,,,,,
,,,,,27174,3.0,3,,,,,,,,
,,,,,27193,19.0,19,,,,,,,,
,,,,,27197,4.0,4,,,,,,,,
,,,,,27201,4.0,4,,,,,,,,
,,,,,27207,6.0,6,,,,,,,,
,,,,,27219,12.0,12,,,,,,,,
,,,,,27236,17.0,17,,,,,,,,
,,,,,27241,5.0,5,,,,,,,,
,,,,,27248,7.0,7,,,,,,,,
,,,,,27257,9.0,9,,,,,,,,
,,,,,27264,7.0,7,,,,,,,,
,,,,,27280,16.0,16,,,,,,,,
,,,,,27284,4.0,4,,,,,,,,
,,,,,27291,7.0,7,,,,,,,,
,,,,,27309,18.0,18,,,,,,,,
,,,,,27313,4.0,4,,,,,,,,
,,,,,27324,11.0,11,,,,,,,,
,,,,,27329,5.0,5,,,,,,,,
,,,,,27332,3.0,3,,,,,,,,
,,,,,27352,20.0,20,,,,,,,,
,,,,,27355,3.0,3,,,,,,,,
,,,,,27358,3.0,3,,,,,,,,
,,,,,27367,9.0,9,,,,,,,,
,,,,,27375,8.0,8,,,,,,,,
,,,,,27379,4.0,4,,,,,,,,
,,,,,27386,7.0,7,,,,,,,,
,,,,,27395,9.0,9,,,,,,,,
,,,,,27405,10.0,10,,,,,,,,
,,,,,27410,5.0,5,,,,,,,,
,,,,,27416,6.0,6,,,,,,,,
,,,,,27421,5.0,5,,,,,,,,
,,,,,27425,4.0,4,,,,,,,,
,,,,,27439,14.0,14,,,,,,,,
,,,,,27448,9.0,9,,,,,,,,
,,,,,27452,4.0,4,,,,,,,,
,,,,,27460,8.0,8,,,,,,,,
,,,,,27471,11.0,11,,,,,,,,
,,,,,27474,3.0,3,,,,,,,,
,,,,,27478,4.0,4,,,,,,,,
,,,,,27501,23.0,23,,,,,,,,
,,,,,27505,4.0,4,,,,,,,,
,,,,,27516,11.0,11,,,,,,,,
,,,,,27520,4.0,4,,,,,,,,
,,,,,27523,3.0,3,,,,,,,,
,,,,,27528,5.0,5,,,,,,,,
,,,,,27531,3.0,3,,,,,,,,
,,,,,27539,8.0,8,,,,,,,,
,,,,,27548,9.0,9,,,,,,,,
,,,,,27555,7.0,7,,,,,,,,
,,,,,27565,10.0,10,,,,,,,,
,,,,,27575,10.0,10,,,,,,,,
,,,,,27579,4.0,4,,,,,,,,
,,,,,27585,6.0,6,,,,,,,,
,,,,,27595,10.0,10,,,,,,,,
,,,,,27603,8.0,8,,,,,,,,
,,,,,27610,7.0,7,,,,,,,,
,,,,,27618,8.0,8,,,,,,,,
,,,,,27621,3.0,3,,,,,,,,
,,,,,27624,3.0,3,,,,,,,,
,,,,,27628,4.0,4,,,,,,,,
,,,,,27636,8.0,8,,,,,,,,
,,,,,27643,7.0,7,,,,,,,,
,,,,,27649,6.0,6,,,,,,,,
,,,,,27653,4.0,4,,,,,,,,
,,,,,27666,13.0,13,,,,,,,,
,,,,,27677,11.0,11,,,,,,,,
,,,,,27688,11.0,11,,,,,,,,
,,,,,27694,6.0,6,,,,,,,,
,,,,,27707,13.0,13,,,,,,,,
,,,,,27714,7.0,7,,,,,,,,
,,,,,27726,12.0,12,,,,,,,,
,,,,,27731,5.0,5,,,,,,,,
,,,,,27734,3.0,3,,,,,,,,
,,,,,27742,8.0,8,,,,,,,,
,,,,,27746,4.0,4,,,,,,,,
,,,,,27750,4.0,4,,,,,,,,
,,,,,27756,6.0,6,,,,,,,,
,,,,,27774,18.0,18,,,,,,,,
,,,,,27784,10.0,10,,,,,,,,
,,,,,27790,6.0,6,,,,,,,,
,,,,,27793,3.0,3,,,,,,,,
,,,,,27796,3.0,3,,,,,,,,
,,,,,27800,4.0,4,,,,,,,,
,,,,,27806,6.0,6,,,,,,,,
,,,,,27810,4.0,4,,,,,,,,
,,,,,27819,9.0,9,,,,,,,,
,,,,,27823,4.0,4,,,,,,,,
,,,,,27829,6.0,6,,,,,,,,
,,,,,27835,6.0,6,,,,,,,,
,,,,,27839,4.0,4,,,,,,,,
,,,,,27854,15.0,15,,,,,,,,
,,,,,27859,5.0,5,,,,,,,,
,,,,,27862,3.0,3,,,,,,,,
,,,,,27866,4.0,4,,,,,,,,
,,,,,27872,6.0,6,,,,,,,,
,,,,,27875,3.0,3,,,,,,,,
,,,,,27882,7.0,7,,,,,,,,
,,,,,27891,9.0,9,,,,,,,,
,,,,,27896,5.0,5,,,,,,,,
,,,,,27901,5.0,5,,,,,,,,
,,,,,27911,10.0,10,,,,,,,,
,,,,,27919,8.0,8,,,,,,,,
,,,,,27932,13.0,13,,,,,,,,
,,,,,27935,3.0,3,,,,,,,,
,,,,,27938,3.0,3,,,,,,,,
,,,,,27943,5.0,5,,,,,,,,
,,,,,27947,4.0,4,,,,,,,,
,,,,,27951,4.0,4,,,,,,,,
,,,,,27954,3.0,3,,,,,,,,
,,,,,27959,5.0,5,,,,,,,,
,,,,,27962,3.0,3,,,,,,,,
,,,,,27965,3.0,3,,,,,,,,
,,,,,27972,7.0,7,,,,,,,,
,,,,,27988,16.0,16,,,,,,,,
,,,,,27992,4.0,4,,,,,,,,
,,,,,27997,5.0,5,,,,,,,,
,,,,,28000,3.0,3,,,,,,,,
,,,,,28000,,,-8.76367473602295,87.6367416381836,164.34140014648438,33.19960021972656,33.6970100402832,0.0003,0.0003,0.1
,,,,,28003,3.0,3,,,,,,,,
,,,,,28008,5.0,5,,,,,,,,
,,,,,28016,8.0,8,,,,,,,,
,,,,,28029,13.0,13,,,,,,,,
,,,,,28034,5.0,5,,,,,,,,
,,,,,28038,4.0,4,,,,,,,,
,,,,,28045,7.0,7,,,,,,,,
,,,,,28050,5.0,5,,,,,,,,
,,,,,28054,4.0,4,,,,,,,,
,,,,,28058,4.0,4,,,,,,,,
,,,,,28064,6.0,6,,,,,,,,
,,,,,28069,5.0,5,,,,,,,,
,,,,,28074,5.0,5,,,,,,,,
,,,,,28085,11.0,11,,,,,,,,
,,,,,28088,3.0,3,,,,,,,,
,,,,,28092,4.0,4,,,,,,,,
,,,,,28096,4.0,4,,,,,,,,
,,,,,28100,4.0,4,,,,,,,,
,,,,,28105,5.0,5,,,,,,,,
,,,,,28108,3.0,3,,,,,,,,
,,,,,28112,4.0,4,,,,,,,,
,,,,,28119,7.0,7,,,,,,,,
,,,,,28123,4.0,4,,,,,,,,
,,,,,28126,3.0,3,,,,,,,,
,,,,,28131,5.0,5,,,,,,,,
,,,,,28140,9.0,9,,,,,,,,
,,,,,28147,7.0,7,,,,,,,,
,,,,,28151,4.0,4,,,,,,,,
,,,,,28158,7.0,7,,,,,,,,
,,,,,28166,8.0,8,,,,,,,,
,,,,,28173,7.0,7,,,,,,,,
,,,,,28177,4.0,4,,,,,,,,
,,,,,28180,3.0,3,,,,,,,,
,,,,,28185,5.0,5,,,,,,,,
,,,,,28189,4.0,4,,,,,,,,
,,,,,28192,3.0,3,,,,,,,,
,,,,,28201,9.0,9,,,,,,,,
,,,,,28205,4.0,4,,,,,,,,
,,,,,28215,10.0,10,,,,,,,,
,,,,,28220,5.0,5,,,,,,,,
,,,,,28223,3.0,3,,,,,,,,
,,,,,28231,8.0,8,,,,,,,,
,,,,,28237,6.0,6,,,,,,,,
,,,,,28240,3.0,3,,,,,,,,
,,,,,28243,3.0,3,,,,,,,,
,,,,,28247,4.0,4,,,,,,,,
,,,,,28253,6.0,6,,,,,,,,
,,,,,28265,12.0,12,,,,,,,,
,,,,,28268,3.0,3,,,,,,,,
,,,,,28274,6.0,6,,,,,,,,
,,,,,28283,9.0,9,,,,,,,,
,,,,,28286,3.0,3,,,,,,,,
,,,,,28295,9.0,9,,,,,,,,
,,,,,28302,7.0,7,,,,,,,,
,,,,,28321,19.0,19,,,,,,,,
,,,,,28325,4.0,4,,,,,,,,
,,,,,28329,4.0,4,,,,,,,,
,,,,,28336,7.0,7,,,,,,,,
,,,,,28339,3.0,3,,,,,,,,
,,,,,28343,4.0,4,,,,,,,,
,,,,,28352,9.0,9,,,,,,,,
,,,,,28355,3.0,3,,,,,,,,
,,,,,28362,7.0,7,,,,,,,,
,,,,,28367,5.0,5,,,,,,,,
,,,,,28370,3.0,3,,,,,,,,
,,,,,28375,5.0,5,,,,,,,,
,,,,,28391,16.0,16,,,,,,,,
,,,,,28394,3.0,3,,,,,,,,
,,,,,28401,7.0,7,,,,,,,,
,,,,,28406,5.0,5,,,,,,,,
,,,,,28411,5.0,5,,,,,,,,
,,,,,28416,5.0,5,,,,,,,,
,,,,,28422,6.0,6,,,,,,,,
,,,,,28425,3.0,3,,,,,,,,
,,,,,28428,3.0,3,,,,,,,,
,,,,,28442,14.0,14,,,,,,,,
,,,,,28445,3.0,3,,,,,,,,
,,,,,28449,4.0,4,,,,,,,,
,,,,,28461,12.0,12,,,,,,,,
,,,,,28465,4.0,4,,,,,,,,
,,,,,28477,12.0,12,,,,,,,,
,,,,,28480,3.0,3,,,,,,,,
,,,,,28485,5.0,5,,,,,,,,
,,,,,28488,3.0,3,,,,,,,,
,,,,,28497,9.0,9,,,,,,,,
,,,,,28507,10.0,10,,,,,,,,
,,,,,28510,3.0,3,,,,,,,,
,,,,,28513,3.0,3,,,,,,,,
,,,,,28516,3.0,3,,,,,,,,
,,,,,28520,4.0,4,,,,,,,,
,,,,,28527,7.0,7,,,,,,,,
,,,,,28532,5.0,5,,,,,,,,
,,,,,28537,5.0,5,,,,,,,,
,,,,,28541,4.0,4,,,,,,,,
,,,,,28545,4.0,4,,,,,,,,
,,,,,28550,5.0,5,,,,,,,,
,,,,,28553,3.0,3,,,,,,,,
,,,,,28557,4.0,4,,,,,,,,
,,,,,28562,5.0,5,,,,,,,,
,,,,,28565,3.0,3,,,,,,,,
,,,,,28572,7.0,7,,,,,,,,
,,,,,28580,8.0,8,,,,,,,,
,,,,,28586,6.0,6,,,,,,,,
,,,,,28590,4.0,4,,,,,,,,
,,,,,28595,5.0,5,,,,,,,,
,,,,,28598,3.0,3,,,,,,,,
,,,,,28601,3.0,3,,,,,,,,
,,,,,28615,14.0,14,,,,,,,,
,,,,,28621,6.0,6,,,,,,,,
,,,,,28626,5.0,5,,,,,,,,
,,,,,28629,3.0,3,,,,,,,,
,,,,,28635,6.0,6,,,,,,,,
,,,,,28639,4.0,4,,,,,,,,
,,,,,28647,8.0,8,,,,,,,,
,,,,,28650,3.0,3,,,,,,,,
,,,,,28654,4.0,4,,,,,,,,
,,,,,28668,14.0,14,,,,,,,,
,,,,,28671,3.0,3,,,,,,,,
,,,,,28676,5.0,5,,,,,,,,
,,,,,28679,3.0,3,,,,,,,,
,,,,,28682,3.0,3,,,,,,,,
,,,,,28690,8.0,8,,,,,,,,
,,,,,28695,5.0,5,,,,,,,,
,,,,,28700,5.0,5,,,,,,,,
,,,,,28704,4.0,4,,,,,,,,
,,,,,28708,4.0,4,,,,,,,,
,,,,,28712,4.0,4,,,,,,,,
,,,,,28718,6.0,6,,,,,,,,
,,,,,28721,3.0,3,,,,,,,,
,,,,,28734,13.0,13,,,,,,,,
,,,,,28742,8.0,8,,,,,,,,
,,,,,28750,8.0,8,,,,,,,,
,,,,,28755,5.0,5,,,,,,,,
,,,,,28760,5.0,5,,,,,,,,
,,,,,28766,6.0,6,,,,,,,,
,,,,,28771,5.0,5,,,,,,,,
,,,,,28781,10.0,10,,,,,,,,
,,,,,28787,6.0,6,,,,,,,,
,,,,,28794,7.0,7,,,,,,,,
,,,,,28798,4.0,4,,,,,,,,
,,,,,28804,6.0,6,,,,,,,,
,,,,,28809,5.0,5,,,,,,,,
,,,,,28812,3.0,3,,,,,,,,
,,,,,28815,3.0,3,,,,,,,,
,,,,,28823,8.0,8,,,,,,,,
,,,,,28827,4.0,4,,,,,,,,
,,,,,28830,3.0,3,,,,,,,,
,,,,,28835,5.0,5,,,,,,,,
,,,,,28844,9.0,9,,,,,,,,
,,,,,28849,5.0,5,,,,,,,,
,,,,,28853,4.0,4,,,,,,,,
,,,,,28863,10.0,10,,,,,,,,
,,,,,28867,4.0,4,,,,,,,,
,,,,,28873,6.0,6,,,,,,,,
,,,,,28877,4.0,4,,,,,,,,
,,,,,28883,6.0,6,,,,,,,,
,,,,,28887,4.0,4,,,,,,,,
,,,,,28898,11.0,11,,,,,,,,
,,,,,28901,3.0,3,,,,,,,,
,,,,,28905,4.0,4,,,,,,,,
,,,,,28925,20.0,20,,,,,,,,
,,,,,28936,11.0,11,,,,,,,,
,,,,,28940,4.0,4,,,,,,,,
,,,,,28949,9.0,9,,,,,,,,
,,,,,28953,4.0,4,,,,,,,,
,,,,,28956,3.0,3,,,,,,,,
,,,,,28962,6.0,6,,,,,,,,
,,,,,28974,12.0,12,,,,,,,,
,,,,,28979,5.0,5,,,,,,,,
,,,,,28982,3.0,3,,,,,,,,
,,,,,28991,9.0,9,,,,,,,,
,,,,,28998,7.0,7,,,,,,,,
,,,,,29000,,,-8.725234031677246,87.25233459472656,158.0665283203125,34.361873626708984,36.7479362487793,0.0003,0.0003,0.1
,,,,,29002,4.0,4,,,,,,,,
,,,,,29007,5.0,5,,,,,,,,
,,,,,29012,5.0,5,,,,,,,,
,,,,,29022,10.0,10,,,,,,,,
,,,,,29028,6.0,6,,,,,,,,
,,,,,29031,3.0,3,,,,,,,,
,,,,,29034,3.0,3,,,,,,,,
,,,,,29037,3.0,3,,,,,,,,
,,,,,29045,8.0,8,,,,,,,,
,,,,,29062,17.0,17,,,,,,,,
,,,,,29083,21.0,21,,,,,,,,
,,,,,29088,5.0,5,,,,,,,,
,,,,,29092,4.0,4,,,,,,,,
,,,,,29096,4.0,4,,,,,,,,
,,,,,29104,8.0,8,,,,,,,,
,,,,,29108,4.0,4,,,,,,,,
,,,,,29111,3.0,3,,,,,,,,
,,,,,29121,10.0,10,,,,,,,,
,,,,,29129,8.0,8,,,,,,,,
,,,,,29133,4.0,4,,,,,,,,
,,,,,29141,8.0,8,,,,,,,,
,,,,,29144,3.0,3,,,,,,,,
,,,,,29148,4.0,4,,,,,,,,
,,,,,29153,5.0,5,,,,,,,,
,,,,,29159,6.0,6,,,,,,,,
,,,,,29162,3.0,3,,,,,,,,
,,,,,29166,4.0,4,,,,,,,,
,,,,,29175,9.0,9,,,,,,,,
,,,,,29181,6.0,6,,,,,,,,
,,,,,29186,5.0,5,,,,,,,,
,,,,,29194,8.0,8,,,,,,,,
,,,,,29197,3.0,3,,,,,,,,
,,,,,29205,8.0,8,,,,,,,,
,,,,,29212,7.0,7,,,,,,,,
,,,,,29225,13.0,13,,,,,,,,
,,,,,29229,4.0,4,,,,,,,,
,,,,,29238,9.0,9,,,,,,,,
,,,,,29249,11.0,11,,,,,,,,
,,,,,29257,8.0,8,,,,,,,,
,,,,,29261,4.0,4,,,,,,,,
,,,,,29266,5.0,5,,,,,,,,
,,,,,29272,6.0,6,,,,,,,,
,,,,,29276,4.0,4,,,,,,,,
,,,,,29282,6.0,6,,,,,,,,
,,,,,29286,4.0,4,,,,,,,,
,,,,,29299,13.0,13,,,,,,,,
,,,,,29304,5.0,5,,,,,,,,
,,,,,29310,6.0,6,,,,,,,,
,,,,,29313,3.0,3,,,,,,,,
,,,,,29319,6.0,6,,,,,,,,
,,,,,29323,4.0,4,,,,,,,,
,,,,,29350,27.0,27,,,,,,,,
,,,,,29360,10.0,10,,,,,,,,
,,,,,29364,4.0,4,,,,,,,,
,,,,,29369,5.0,5,,,,,,,,
,,,,,29383,14.0,14,,,,,,,,
,,,,,29395,12.0,12,,,,,,,,
,,,,,29406,11.0,11,,,,,,,,
,,,,,29416,10.0,10,,,,,,,,
,,,,,29420,4.0,4,,,,,,,,
,,,,,29423,3.0,3,,,,,,,,
,,,,,29429,6.0,6,,,,,,,,
,,,,,29432,3.0,3,,,,,,,,
,,,,,29437,5.0,5,,,,,,,,
,,,,,29444,7.0,7,,,,,,,,
,,,,,29449,5.0,5,,,,,,,,
,,,,,29453,4.0,4,,,,,,,,
,,,,,29460,7.0,7,,,,,,,,
,,,,,29469,9.0,9,,,,,,,,
,,,,,29483,14.0,14,,,,,,,,
,,,,,29488,5.0,5,,,,,,,,
,,,,,29493,5.0,5,,,,,,,,
,,,,,29498,5.0,5,,,,,,,,
,,,,,29503,5.0,5,,,,,,,,
,,,,,29507,4.0,4,,,,,,,,
,,,,,29514,7.0,7,,,,,,,,
,,,,,29520,6.0,6,,,,,,,,
,,,,,29524,4.0,4,,,,,,,,
,,,,,29530,6.0,6,,,,,,,,
,,,,,29534,4.0,4,,,,,,,,
,,,,,29537,3.0,3,,,,,,,,
,,,,,29543,6.0,6,,,,,,,,
,,,,,29546,3.0,3,,,,,,,,
,,,,,29551,5.0,5,,,,,,,,
,,,,,29572,21.0,21,,,,,,,,
,,,,,29581,9.0,9,,,,,,,,
,,,,,29584,3.0,3,,,,,,,,
,,,,,29588,4.0,4,,,,,,,,
,,,,,29593,5.0,5,,,,,,,,
,,,,,29599,6.0,6,,,,,,,,
,,,,,29602,3.0,3,,,,,,,,
,,,,,29605,3.0,3,,,,,,,,
,,,,,29608,3.0,3,,,,,,,,
,,,,,29611,3.0,3,,,,,,,,
,,,,,29614,3.0,3,,,,,,,,
,,,,,29617,3.0,3,,,,,,,,
,,,,,29620,3.0,3,,,,,,,,
,,,,,29627,7.0,7,,,,,,,,
,,,,,29632,5.0,5,,,,,,,,
,,,,,29635,3.0,3,,,,,,,,
,,,,,29643,8.0,8,,,,,,,,
,,,,,29654,11.0,11,,,,,,,,
,,,,,29659,5.0,5,,,,,,,,
,,,,,29663,4.0,4,,,,,,,,
,,,,,29668,5.0,5,,,,,,,,
,,,,,29672,4.0,4,,,,,,,,
,,,,,29684,12.0,12,,,,,,,,
,,,,,29692,8.0,8,,,,,,,,
,,,,,29697,5.0,5,,,,,,,,
,,,,,29700,3.0,3,,,,,,,,
,,,,,29704,4.0,4,,,,,,,,
,,,,,29707,3.0,3,,,,,,,,
,,,,,29713,6.0,6,,,,,,,,
,,,,,29716,3.0,3,,,,,,,,
,,,,,29720,4.0,4,,,,,,,,
,,,,,29729,9.0,9,,,,,,,,
,,,,,29732,3.0,3,,,,,,,,
,,,,,29735,3.0,3,,,,,,,,
,,,,,29740,5.0,5,,,,,,,,
,,,,,29753,13.0,13,,,,,,,,
,,,,,29767,14.0,14,,,,,,,,
,,,,,29780,13.0,13,,,,,,,,
,,,,,29790,10.0,10,,,,,,,,
,,,,,29796,6.0,6,,,,,,,,
,,,,,29804,8.0,8,,,,,,,,
,,,,,29809,5.0,5,,,,,,,,
,,,,,29813,4.0,4,,,,,,,,
,,,,,29820,7.0,7,,,,,,,,
,,,,,29824,4.0,4,,,,,,,,
,,,,,29827,3.0,3,,,,,,,,
,,,,,29833,6.0,6,,,,,,,,
,,,,,29836,3.0,3,,,,,,,,
,,,,,29841,5.0,5,,,,,,,,
,,,,,29844,3.0,3,,,,,,,,
,,,,,29849,5.0,5,,,,,,,,
,,,,,29856,7.0,7,,,,,,,,
,,,,,29864,8.0,8,,,,,,,,
,,,,,29869,5.0,5,,,,,,,,
,,,,,29874,5.0,5,,,,,,,,
,,,,,29878,4.0,4,,,,,,,,
,,,,,29882,4.0,4,,,,,,,,
,,,,,29885,3.0,3,,,,,,,,
,,,,,29890,5.0,5,,,,,,,,
,,,,,29900,10.0,10,,,,,,,,
,,,,,29904,4.0,4,,,,,,,,
,,,,,29907,3.0,3,,,,,,,,
,,,,,29916,9.0,9,,,,,,,,
,,,,,29925,9.0,9,,,,,,,,
,,,,,29928,3.0,3,,,,,,,,
,,,,,29931,3.0,3,,,,,,,,
,,,,,29936,5.0,5,,,,,,,,
,,,,,29943,7.0,7,,,,,,,,
,,,,,29953,10.0,10,,,,,,,,
,,,,,29957,4.0,4,,,,,,,,
,,,,,29961,4.0,4,,,,,,,,
,,,,,29964,3.0,3,,,,,,,,
,,,,,29967,3.0,3,,,,,,,,
,,,,,29976,9.0,9,,,,,,,,
,,,,,29986,10.0,10,,,,,,,,
,,,,,29992,6.0,6,,,,,,,,
,,,,,29997,5.0,5,,,,,,,,
4.5,2.3345234,11.0,3.0,4.5,30000,,,-8.67621898651123,86.7621841430664,145.22171020507812,33.78043746948242,33.925758361816406,0.0003,0.0003,0.1
,,,,,30003,6.0,6,,,,,,,,
,,,,,30007,4.0,4,,,,,,,,
,,,,,30016,9.0,9,,,,,,,,
,,,,,30025,9.0,9,,,,,,,,
,,,,,30032,7.0,7,,,,,,,,
,,,,,30038,6.0,6,,,,,,,,
,,,,,30041,3.0,3,,,,,,,,
,,,,,30047,6.0,6,,,,,,,,
,,,,,30052,5.0,5,,,,,,,,
,,,,,30056,4.0,4,,,,,,,,
,,,,,30059,3.0,3,,,,,,,,
,,,,,30066,7.0,7,,,,,,,,
,,,,,30082,16.0,16,,,,,,,,
,,,,,30086,4.0,4,,,,,,,,
,,,,,30089,3.0,3,,,,,,,,
,,,,,30092,3.0,3,,,,,,,,
,,,,,30099,7.0,7,,,,,,,,
,,,,,30112,13.0,13,,,,,,,,
,,,,,30116,4.0,4,,,,,,,,
,,,,,30120,4.0,4,,,,,,,,
,,,,,30137,17.0,17,,,,,,,,
,,,,,30142,5.0,5,,,,,,,,
,,,,,30152,10.0,10,,,,,,,,
,,,,,30155,3.0,3,,,,,,,,
,,,,,30159,4.0,4,,,,,,,,
,,,,,30168,9.0,9,,,,,,,,
,,,,,30172,4.0,4,,,,,,,,
,,,,,30176,4.0,4,,,,,,,,
,,,,,30182,6.0,6,,,,,,,,
,,,,,30188,6.0,6,,,,,,,,
,,,,,30195,7.0,7,,,,,,,,
,,,,,30199,4.0,4,,,,,,,,
,,,,,30206,7.0,7,,,,,,,,
,,,,,30209,3.0,3,,,,,,,,
,,,,,30215,6.0,6,,,,,,,,
,,,,,30221,6.0,6,,,,,,,,
,,,,,30225,4.0,4,,,,,,,,
,,,,,30229,4.0,4,,,,,,,,
,,,,,30233,4.0,4,,,,,,,,
,,,,,30239,6.0,6,,,,,,,,
,,,,,30242,3.0,3,,,,,,,,
,,,,,30245,3.0,3,,,,,,,,
,,,,,30255,10.0,10,,,,,,,,
,,,,,30261,6.0,6,,,,,,,,
,,,,,30265,4.0,4,,,,,,,,
,,,,,30271,6.0,6,,,,,,,,
,,,,,30279,8.0,8,,,,,,,,
,,,,,30283,4.0,4,,,,,,,,
,,,,,30288,5.0,5,,,,,,,,
,,,,,30292,4.0,4,,,,,,,,
,,,,,30295,3.0,3,,,,,,,,
,,,,,30298,3.0,3,,,,,,,,
,,,,,30305,7.0,7,,,,,,,,
,,,,,30315,10.0,10,,,,,,,,
,,,,,30329,14.0,14,,,,,,,,
,,,,,30334,5.0,5,,,,,,,,
,,,,,30338,4.0,4,,,,,,,,
,,,,,30348,10.0,10,,,,,,,,
,,,,,30352,4.0,4,,,,,,,,
,,,,,30355,3.0,3,,,,,,,,
,,,,,30359,4.0,4,,,,,,,,
,,,,,30362,3.0,3,,,,,,,,
,,,,,30366,4.0,4,,,,,,,,
,,,,,30371,5.0,5,,,,,,,,
,,,,,30375,4.0,4,,,,,,,,
,,,,,30378,3.0,3,,,,,,,,
,,,,,30397,19.0,19,,,,,,,,
,,,,,30402,5.0,5,,,,,,,,
,,,,,30407,5.0,5,,,,,,,,
,,,,,30428,21.0,21,,,,,,,,
,,,,,30439,11.0,11,,,,,,,,
,,,,,30446,7.0,7,,,,,,,,
,,,,,30450,4.0,4,,,,,,,,
,,,,,30453,3.0,3,,,,,,,,
,,,,,30456,3.0,3,,,,,,,,
,,,,,30462,6.0,6,,,,,,,,
,,,,,30465,3.0,3,,,,,,,,
,,,,,30468,3.0,3,,,,,,,,
,,,,,30482,14.0,14,,,,,,,,
,,,,,30488,6.0,6,,,,,,,,
,,,,,30494,6.0,6,,,,,,,,
,,,,,30497,3.0,3,,,,,,,,
,,,,,30511,14.0,14,,,,,,,,
,,,,,30517,6.0,6,,,,,,,,
,,,,,30521,4.0,4,,,,,,,,
,,,,,30525,4.0,4,,,,,,,,
,,,,,30529,4.0,4,,,,,,,,
,,,,,30539,10.0,10,,,,,,,,
,,,,,30545,6.0,6,,,,,,,,
,,,,,30555,10.0,10,,,,,,,,
,,,,,30558,3.0,3,,,,,,,,
,,,,,30564,6.0,6,,,,,,,,
,,,,,30567,3.0,3,,,,,,,,
,,,,,30570,3.0,3,,,,,,,,
,,,,,30574,4.0,4,,,,,,,,
,,,,,30577,3.0,3,,,,,,,,
,,,,,30601,24.0,24,,,,,,,,
,,,,,30604,3.0,3,,,,,,,,
,,,,,30608,4.0,4,,,,,,,,
,,,,,30615,7.0,7,,,,,,,,
,,,,,30620,5.0,5,,,,,,,,
,,,,,30624,4.0,4,,,,,,,,
,,,,,30640,16.0,16,,,,,,,,
,,,,,30649,9.0,9,,,,,,,,
,,,,,30658,9.0,9,,,,,,,,
,,,,,30664,6.0,6,,,,,,,,
,,,,,30670,6.0,6,,,,,,,,
,,,,,30675,5.0,5,,,,,,,,
,,,,,30685,10.0,10,,,,,,,,
,,,,,30698,13.0,13,,,,,,,,
,,,,,30703,5.0,5,,,,,,,,
,,,,,30715,12.0,12,,,,,,,,
,,,,,30730,15.0,15,,,,,,,,
,,,,,30733,3.0,3,,,,,,,,
,,,,,30744,11.0,11,,,,,,,,
,,,,,30750,6.0,6,,,,,,,,
,,,,,30756,6.0,6,,,,,,,,
,,,,,30759,3.0,3,,,,,,,,
,,,,,30763,4.0,4,,,,,,,,
,,,,,30769,6.0,6,,,,,,,,
,,,,,30773,4.0,4,,,,,,,,
,,,,,30781,8.0,8,,,,,,,,
,,,,,30788,7.0,7,,,,,,,,
,,,,,30792,4.0,4,,,,,,,,
,,,,,30796,4.0,4,,,,,,,,
,,,,,30800,4.0,4,,,,,,,,
,,,,,30803,3.0,3,,,,,,,,
,,,,,30808,5.0,5,,,,,,,,
,,,,,30815,7.0,7,,,,,,,,
,,,,,30825,10.0,10,,,,,,,,
,,,,,30831,6.0,6,,,,,,,,
,,,,,30840,9.0,9,,,,,,,,
,,,,,30844,4.0,4,,,,,,,,
,,,,,30859,15.0,15,,,,,,,,
,,,,,30865,6.0,6,,,,,,,,
,,,,,30869,4.0,4,,,,,,,,
,,,,,30874,5.0,5,,,,,,,,
,,,,,30882,8.0,8,,,,,,,,
,,,,,30886,4.0,4,,,,,,,,
,,,,,30891,5.0,5,,,,,,,,
,,,,,30895,4.0,4,,,,,,,,
,,,,,30901,6.0,6,,,,,,,,
,,,,,30918,17.0,17,,,,,,,,
,,,,,30924,6.0,6,,,,,,,,
,,,,,30929,5.0,5,,,,,,,,
,,,,,30939,10.0,10,,,,,,,,
,,,,,30958,19.0,19,,,,,,,,
,,,,,30962,4.0,4,,,,,,,,
,,,,,30967,5.0,5,,,,,,,,
,,,,,30976,9.0,9,,,,,,,,
,,,,,30979,3.0,3,,,,,,,,
,,,,,30994,15.0,15,,,,,,,,
,,,,,30997,3.0,3,,,,,,,,
,,,,,31000,,,-8.726019859313965,87.26020050048828,158.47872924804688,34.80331802368164,34.44389724731445,0.0003,0.0003,0.1
,,,,,31001,4.0,4,,,,,,,,
,,,,,31007,6.0,6,,,,,,,,
,,,,,31011,4.0,4,,,,,,,,
,,,,,31020,9.0,9,,,,,,,,
,,,,,31026,6.0,6,,,,,,,,
,,,,,31029,3.0,3,,,,,,,,
,,,,,31032,3.0,3,,,,,,,,
,,,,,31035,3.0,3,,,,,,,,
,,,,,31040,5.0,5,,,,,,,,
,,,,,31045,5.0,5,,,,,,,,
,,,,,31052,7.0,7,,,,,,,,
,,,,,31055,3.0,3,,,,,,,,
,,,,,31058,3.0,3,,,,,,,,
,,,,,31070,12.0,12,,,,,,,,
,,,,,31075,5.0,5,,,,,,,,
,,,,,31078,3.0,3,,,,,,,,
,,,,,31084,6.0,6,,,,,,,,
,,,,,31091,7.0,7,,,,,,,,
,,,,,31096,5.0,5,,,,,,,,
,,,,,31099,3.0,3,,,,,,,,
,,,,,31108,9.0,9,,,,,,,,
,,,,,31111,3.0,3,,,,,,,,
,,,,,31115,4.0,4,,,,,,,,
,,,,,31118,3.0,3,,,,,,,,
,,,,,31125,7.0,7,,,,,,,,
,,,,,31134,9.0,9,,,,,,,,
,,,,,31138,4.0,4,,,,,,,,
,,,,,31143,5.0,5,,,,,,,,
,,,,,31148,5.0,5,,,,,,,,
,,,,,31155,7.0,7,,,,,,,,
,,,,,31158,3.0,3,,,,,,,,
,,,,,31170,12.0,12,,,,,,,,
,,,,,31173,3.0,3,,,,,,,,
,,,,,31176,3.0,3,,,,,,,,
,,,,,31179,3.0,3,,,,,,,,
,,,,,31185,6.0,6,,,,,,,,
,,,,,31214,29.0,29,,,,,,,,
,,,,,31217,3.0,3,,,,,,,,
,,,,,31223,6.0,6,,,,,,,,
,,,,,31226,3.0,3,,,,,,,,
,,,,,31234,8.0,8,,,,,,,,
,,,,,31240,6.0,6,,,,,,,,
,,,,,31250,10.0,10,,,,,,,,
,,,,,31261,11.0,11,,,,,,,,
,,,,,31266,5.0,5,,,,,,,,
,,,,,31270,4.0,4,,,,,,,,
,,,,,31274,4.0,4,,,,,,,,
,,,,,31278,4.0,4,,,,,,,,
,,,,,31289,11.0,11,,,,,,,,
,,,,,31292,3.0,3,,,,,,,,
,,,,,31298,6.0,6,,,,,,,,
,,,,,31301,3.0,3,,,,,,,,
,,,,,31306,5.0,5,,,,,,,,
,,,,,31312,6.0,6,,,,,,,,
,,,,,31315,3.0,3,,,,,,,,
,,,,,31321,6.0,6,,,,,,,,
,,,,,31326,5.0,5,,,,,,,,
,,,,,31342,16.0,16,,,,,,,,
,,,,,31349,7.0,7,,,,,,,,
,,,,,31355,6.0,6,,,,,,,,
,,,,,31358,3.0,3,,,,,,,,
,,,,,31369,11.0,11,,,,,,,,
,,,,,31373,4.0,4,,,,,,,,
,,,,,31376,3.0,3,,,,,,,,
,,,,,31379,3.0,3,,,,,,,,
,,,,,31384,5.0,5,,,,,,,,
,,,,,31391,7.0,7,,,,,,,,
,,,,,31403,12.0,12,,,,,,,,
,,,,,31407,4.0,4,,,,,,,,
,,,,,31412,5.0,5,,,,,,,,
,,,,,31416,4.0,4,,,,,,,,
,,,,,31419,3.0,3,,,,,,,,
,,,,,31423,4.0,4,,,,,,,,
,,,,,31427,4.0,4,,,,,,,,
,,,,,31435,8.0,8,,,,,,,,
,,,,,31441,6.0,6,,,,,,,,
,,,,,31448,7.0,7,,,,,,,,
,,,,,31456,8.0,8,,,,,,,,
,,,,,31459,3.0,3,,,,,,,,
,,,,,31462,3.0,3,,,,,,,,
,,,,,31466,4.0,4,,,,,,,,
,,,,,31469,3.0,3,,,,,,,,
,,,,,31475,6.0,6,,,,,,,,
,,,,,31484,9.0,9,,,,,,,,
,,,,,31496,12.0,12,,,,,,,,
,,,,,31500,4.0,4,,,,,,,,
,,,,,31504,4.0,4,,,,,,,,
,,,,,31509,5.0,5,,,,,,,,
,,,,,31514,5.0,5,,,,,,,,
,,,,,31520,6.0,6,,,,,,,,
,,,,,31523,3.0,3,,,,,,,,
,,,,,31527,4.0,4,,,,,,,,
,,,,,31531,4.0,4,,,,,,,,
,,,,,31538,7.0,7,,,,,,,,
,,,,,31542,4.0,4,,,,,,,,
,,,,,31545,3.0,3,,,,,,,,
,,,,,31552,7.0,7,,,,,,,,
,,,,,31557,5.0,5,,,,,,,,
,,,,,31567,10.0,10,,,,,,,,
,,,,,31574,7.0,7,,,,,,,,
,,,,,31581,7.0,7,,,,,,,,
,,,,,31586,5.0,5,,,,,,,,
,,,,,31594,8.0,8,,,,,,,,
,,,,,31598,4.0,4,,,,,,,,
,,,,,31601,3.0,3,,,,,,,,
,,,,,31607,6.0,6,,,,,,,,
,,,,,31615,8.0,8,,,,,,,,
,,,,,31619,4.0,4,,,,,,,,
,,,,,31624,5.0,5,,,,,,,,
,,,,,31627,3.0,3,,,,,,,,
,,,,,31634,7.0,7,,,,,,,,
,,,,,31640,6.0,6,,,,,,,,
,,,,,31645,5.0,5,,,,,,,,
,,,,,31651,6.0,6,,,,,,,,
,,,,,31658,7.0,7,,,,,,,,
,,,,,31663,5.0,5,,,,,,,,
,,,,,31666,3.0,3,,,,,,,,
,,,,,31673,7.0,7,,,,,,,,
,,,,,31676,3.0,3,,,,,,,,
,,,,,31679,3.0,3,,,,,,,,
,,,,,31684,5.0,5,,,,,,,,
,,,,,31690,6.0,6,,,,,,,,
,,,,,31700,10.0,10,,,,,,,,
,,,,,31705,5.0,5,,,,,,,,
,,,,,31711,6.0,6,,,,,,,,
,,,,,31720,9.0,9,,,,,,,,
,,,,,31731,11.0,11,,,,,,,,
,,,,,31736,5.0,5,,,,,,,,
,,,,,31743,7.0,7,,,,,,,,
,,,,,31747,4.0,4,,,,,,,,
,,,,,31762,15.0,15,,,,,,,,
,,,,,31775,13.0,13,,,,,,,,
,,,,,31785,10.0,10,,,,,,,,
,,,,,31797,12.0,12,,,,,,,,
,,,,,31800,3.0,3,,,,,,,,
,,,,,31806,6.0,6,,,,,,,,
,,,,,31810,4.0,4,,,,,,,,
,,,,,31813,3.0,3,,,,,,,,
,,,,,31822,9.0,9,,,,,,,,
,,,,,31826,4.0,4,,,,,,,,
,,,,,31832,6.0,6,,,,,,,,
,,,,,31836,4.0,4,,,,,,,,
,,,,,31842,6.0,6,,,,,,,,
,,,,,31852,10.0,10,,,,,,,,
,,,,,31861,9.0,9,,,,,,,,
,,,,,31864,3.0,3,,,,,,,,
,,,,,31873,9.0,9,,,,,,,,
,,,,,31878,5.0,5,,,,,,,,
,,,,,31881,3.0,3,,,,,,,,
,,,,,31888,7.0,7,,,,,,,,
,,,,,31899,11.0,11,,,,,,,,
,,,,,31906,7.0,7,,,,,,,,
,,,,,31911,5.0,5,,,,,,,,
,,,,,31914,3.0,3,,,,,,,,
,,,,,31919,5.0,5,,,,,,,,
,,,,,31931,12.0,12,,,,,,,,
,,,,,31935,4.0,4,,,,,,,,
,,,,,31938,3.0,3,,,,,,,,
,,,,,31942,4.0,4,,,,,,,,
,,,,,31959,17.0,17,,,,,,,,
,,,,,31962,3.0,3,,,,,,,,
,,,,,31974,12.0,12,,,,,,,,
,,,,,31980,6.0,6,,,,,,,,
,,,,,31987,7.0,7,,,,,,,,
,,,,,31991,4.0,4,,,,,,,,
,,,,,32000,,,-8.484539985656738,84.84539794921875,139.2960205078125,32.7650260925293,31.557355880737305,0.0003,0.0003,0.1
,,,,,32001,10.0,10,,,,,,,,
,,,,,32004,3.0,3,,,,,,,,
,,,,,32007,3.0,3,,,,,,,,
,,,,,32030,23.0,23,,,,,,,,
,,,,,32036,6.0,6,,,,,,,,
,,,,,32044,8.0,8,,,,,,,,
,,,,,32050,6.0,6,,,,,,,,
,,,,,32054,4.0,4,,,,,,,,
,,,,,32063,9.0,9,,,,,,,,
,,,,,32066,3.0,3,,,,,,,,
,,,,,32071,5.0,5,,,,,,,,
,,,,,32079,8.0,8,,,,,,,,
,,,,,32089,10.0,10,,,,,,,,
,,,,,32092,3.0,3,,,,,,,,
,,,,,32096,4.0,4,,,,,,,,
,,,,,32105,9.0,9,,,,,,,,
,,,,,32109,4.0,4,,,,,,,,
,,,,,32119,10.0,10,,,,,,,,
,,,,,32122,3.0,3,,,,,,,,
,,,,,32130,8.0,8,,,,,,,,
,,,,,32141,11.0,11,,,,,,,,
,,,,,32157,16.0,16,,,,,,,,
,,,,,32163,6.0,6,,,,,,,,
,,,,,32167,4.0,4,,,,,,,,
,,,,,32171,4.0,4,,,,,,,,
,,,,,32179,8.0,8,,,,,,,,
,,,,,32182,3.0,3,,,,,,,,
,,,,,32187,5.0,5,,,,,,,,
,,,,,32190,3.0,3,,,,,,,,
,,,,,32193,3.0,3,,,,,,,,
,,,,,32203,10.0,10,,,,,,,,
,,,,,32211,8.0,8,,,,,,,,
,,,,,32215,4.0,4,,,,,,,,
,,,,,32222,7.0,7,,,,,,,,
,,,,,32226,4.0,4,,,,,,,,
,,,,,32233,7.0,7,,,,,,,,
,,,,,32238,5.0,5,,,,,,,,
,,,,,32242,4.0,4,,,,,,,,
,,,,,32250,8.0,8,,,,,,,,
,,,,,32256,6.0,6,,,,,,,,
,,,,,32260,4.0,4,,,,,,,,
,,,,,32263,3.0,3,,,,,,,,
,,,,,32266,3.0,3,,,,,,,,
,,,,,32270,4.0,4,,,,,,,,
,,,,,32276,6.0,6,,,,,,,,
,,,,,32282,6.0,6,,,,,,,,
,,,,,32285,3.0,3,,,,,,,,
,,,,,32289,4.0,4,,,,,,,,
,,,,,32295,6.0,6,,,,,,,,
,,,,,32301,6.0,6,,,,,,,,
,,,,,32304,3.0,3,,,,,,,,
,,,,,32308,4.0,4,,,,,,,,
,,,,,32313,5.0,5,,,,,,,,
,,,,,32318,5.0,5,,,,,,,,
,,,,,32327,9.0,9,,,,,,,,
,,,,,32345,18.0,18,,,,,,,,
,,,,,32350,5.0,5,,,,,,,,
,,,,,32353,3.0,3,,,,,,,,
,,,,,32357,4.0,4,,,,,,,,
,,,,,32365,8.0,8,,,,,,,,
,,,,,32371,6.0,6,,,,,,,,
,,,,,32374,3.0,3,,,,,,,,
,,,,,32377,3.0,3,,,,,,,,
,,,,,32380,3.0,3,,,,,,,,
,,,,,32385,5.0,5,,,,,,,,
,,,,,32388,3.0,3,,,,,,,,
,,,,,32398,10.0,10,,,,,,,,
,,,,,32406,8.0,8,,,,,,,,
,,,,,32413,7.0,7,,,,,,,,
,,,,,32420,7.0,7,,,,,,,,
,,,,,32424,4.0,4,,,,,,,,
,,,,,32427,3.0,3,,,,,,,,
,,,,,32430,3.0,3,,,,,,,,
,,,,,32433,3.0,3,,,,,,,,
,,,,,32439,6.0,6,,,,,,,,
,,,,,32448,9.0,9,,,,,,,,
,,,,,32452,4.0,4,,,,,,,,
,,,,,32456,4.0,4,,,,,,,,
,,,,,32461,5.0,5,,,,,,,,
,,,,,32464,3.0,3,,,,,,,,
,,,,,32468,4.0,4,,,,,,,,
,,,,,32472,4.0,4,,,,,,,,
,,,,,32475,3.0,3,,,,,,,,
,,,,,32489,14.0,14,,,,,,,,
,,,,,32492,3.0,3,,,,,,,,
,,,,,32499,7.0,7,,,,,,,,
,,,,,32503,4.0,4,,,,,,,,
,,,,,32506,3.0,3,,,,,,,,
,,,,,32511,5.0,5,,,,,,,,
,,,,,32515,4.0,4,,,,,,,,
,,,,,32520,5.0,5,,,,,,,,
,,,,,32523,3.0,3,,,,,,,,
,,,,,32527,4.0,4,,,,,,,,
,,,,,32535,8.0,8,,,,,,,,
,,,,,32539,4.0,4,,,,,,,,
,,,,,32542,3.0,3,,,,,,,,
,,,,,32546,4.0,4,,,,,,,,
,,,,,32554,8.0,8,,,,,,,,
,,,,,32560,6.0,6,,,,,,,,
,,,,,32564,4.0,4,,,,,,,,
,,,,,32569,5.0,5,,,,,,,,
,,,,,32572,3.0,3,,,,,,,,
,,,,,32579,7.0,7,,,,,,,,
,,,,,32583,4.0,4,,,,,,,,
,,,,,32586,3.0,3,,,,,,,,
,,,,,32590,4.0,4,,,,,,,,
,,,,,32604,14.0,14,,,,,,,,
,,,,,32608,4.0,4,,,,,,,,
,,,,,32611,3.0,3,,,,,,,,
,,,,,32617,6.0,6,,,,,,,,
,,,,,32623,6.0,6,,,,,,,,
,,,,,32628,5.0,5,,,,,,,,
,,,,,32635,7.0,7,,,,,,,,
,,,,,32642,7.0,7,,,,,,,,
,,,,,32648,6.0,6,,,,,,,,
,,,,,32652,4.0,4,,,,,,,,
,,,,,32661,9.0,9,,,,,,,,
,,,,,32665,4.0,4,,,,,,,,
,,,,,32678,13.0,13,,,,,,,,
,,,,,32682,4.0,4,,,,,,,,
,,,,,32685,3.0,3,,,,,,,,
,,,,,32690,5.0,5,,,,,,,,
,,,,,32702,12.0,12,,,,,,,,
,,,,,32715,13.0,13,,,,,,,,
,,,,,32718,3.0,3,,,,,,,,
,,,,,32721,3.0,3,,,,,,,,
,,,,,32733,12.0,12,,,,,,,,
,,,,,32740,7.0,7,,,,,,,,
,,,,,32753,13.0,13,,,,,,,,
,,,,,32757,4.0,4,,,,,,,,
,,,,,32760,3.0,3,,,,,,,,
,,,,,32775,15.0,15,,,,,,,,
,,,,,32779,4.0,4,,,,,,,,
,,,,,32786,7.0,7,,,,,,,,
,,,,,32795,9.0,9,,,,,,,,
,,,,,32804,9.0,9,,,,,,,,
,,,,,32807,3.0,3,,,,,,,,
,,,,,32816,9.0,9,,,,,,,,
,,,,,32819,3.0,3,,,,,,,,
,,,,,32826,7.0,7,,,,,,,,
,,,,,32830,4.0,4,,,,,,,,
,,,,,32844,14.0,14,,,,,,,,
,,,,,32853,9.0,9,,,,,,,,
,,,,,32858,5.0,5,,,,,,,,
,,,,,32864,6.0,6,,,,,,,,
,,,,,32867,3.0,3,,,,,,,,
,,,,,32874,7.0,7,,,,,,,,
,,,,,32882,8.0,8,,,,,,,,
,,,,,32890,8.0,8,,,,,,,,
,,,,,32895,5.0,5,,,,,,,,
,,,,,32899,4.0,4,,,,,,,,
,,,,,32913,14.0,14,,,,,,,,
,,,,,32917,4.0,4,,,,,,,,
,,,,,32921,4.0,4,,,,,,,,
,,,,,32929,8.0,8,,,,,,,,
,,,,,32933,4.0,4,,,,,,,,
,,,,,32946,13.0,13,,,,,,,,
,,,,,32950,4.0,4,,,,,,,,
,,,,,32956,6.0,6,,,,,,,,
,,,,,32960,4.0,4,,,,,,,,
,,,,,32972,12.0,12,,,,,,,,
,,,,,32980,8.0,8,,,,,,,,
,,,,,32988,8.0,8,,,,,,,,
,,,,,32994,6.0,6,,,,,,,,
,,,,,32997,3.0,3,,,,,,,,
,,,,,33000,,,-8.723848342895508,87.23847961425781,170.47032165527344,31.92218017578125,31.91339874267578,0.0003,0.0003,0.1
,,,,,33003,6.0,6,,,,,,,,
,,,,,33007,4.0,4,,,,,,,,
,,,,,33012,5.0,5,,,,,,,,
,,,,,33015,3.0,3,,,,,,,,
,,,,,33019,4.0,4,,,,,,,,
,,,,,33024,5.0,5,,,,,,,,
,,,,,33028,4.0,4,,,,,,,,
,,,,,33035,7.0,7,,,,,,,,
,,,,,33040,5.0,5,,,,,,,,
,,,,,33046,6.0,6,,,,,,,,
,,,,,33060,14.0,14,,,,,,,,
,,,,,33064,4.0,4,,,,,,,,
,,,,,33087,23.0,23,,,,,,,,
,,,,,33090,3.0,3,,,,,,,,
,,,,,33094,4.0,4,,,,,,,,
,,,,,33099,5.0,5,,,,,,,,
,,,,,33103,4.0,4,,,,,,,,
,,,,,33111,8.0,8,,,,,,,,
,,,,,33119,8.0,8,,,,,,,,
,,,,,33124,5.0,5,,,,,,,,
,,,,,33131,7.0,7,,,,,,,,
,,,,,33141,10.0,10,,,,,,,,
,,,,,33164,23.0,23,,,,,,,,
,,,,,33168,4.0,4,,,,,,,,
,,,,,33172,4.0,4,,,,,,,,
,,,,,33185,13.0,13,,,,,,,,
,,,,,33189,4.0,4,,,,,,,,
,,,,,33193,4.0,4,,,,,,,,
,,,,,33199,6.0,6,,,,,,,,
,,,,,33203,4.0,4,,,,,,,,
,,,,,33206,3.0,3,,,,,,,,
,,,,,33212,6.0,6,,,,,,,,
,,,,,33215,3.0,3,,,,,,,,
,,,,,33218,3.0,3,,,,,,,,
,,,,,33228,10.0,10,,,,,,,,
,,,,,33234,6.0,6,,,,,,,,
,,,,,33245,11.0,11,,,,,,,,
,,,,,33249,4.0,4,,,,,,,,
,,,,,33256,7.0,7,,,,,,,,
,,,,,33261,5.0,5,,,,,,,,
,,,,,33265,4.0,4,,,,,,,,
,,,,,33268,3.0,3,,,,,,,,
,,,,,33279,11.0,11,,,,,,,,
,,,,,33283,4.0,4,,,,,,,,
,,,,,33287,4.0,4,,,,,,,,
,,,,,33293,6.0,6,,,,,,,,
,,,,,33301,8.0,8,,,,,,,,
,,,,,33307,6.0,6,,,,,,,,
,,,,,33311,4.0,4,,,,,,,,
,,,,,33315,4.0,4,,,,,,,,
,,,,,33319,4.0,4,,,,,,,,
,,,,,33329,10.0,10,,,,,,,,
,,,,,33334,5.0,5,,,,,,,,
,,,,,33339,5.0,5,,,,,,,,
,,,,,33343,4.0,4,,,,,,,,
,,,,,33346,3.0,3,,,,,,,,
,,,,,33352,6.0,6,,,,,,,,
,,,,,33356,4.0,4,,,,,,,,
,,,,,33360,4.0,4,,,,,,,,
,,,,,33370,10.0,10,,,,,,,,
,,,,,33378,8.0,8,,,,,,,,
,,,,,33382,4.0,4,,,,,,,,
,,,,,33386,4.0,4,,,,,,,,
,,,,,33390,4.0,4,,,,,,,,
,,,,,33399,9.0,9,,,,,,,,
,,,,,33408,9.0,9,,,,,,,,
,,,,,33411,3.0,3,,,,,,,,
,,,,,33416,5.0,5,,,,,,,,
,,,,,33431,15.0,15,,,,,,,,
,,,,,33435,4.0,4,,,,,,,,
,,,,,33440,5.0,5,,,,,,,,
,,,,,33447,7.0,7,,,,,,,,
,,,,,33453,6.0,6,,,,,,,,
,,,,,33456,3.0,3,,,,,,,,
,,,,,33460,4.0,4,,,,,,,,
,,,,,33463,3.0,3,,,,,,,,
,,,,,33466,3.0,3,,,,,,,,
,,,,,33472,6.0,6,,,,,,,,
,,,,,33486,14.0,14,,,,,,,,
,,,,,33489,3.0,3,,,,,,,,
,,,,,33492,3.0,3,,,,,,,,
,,,,,33501,9.0,9,,,,,,,,
,,,,,33507,6.0,6,,,,,,,,
,,,,,33513,6.0,6,,,,,,,,
,,,,,33516,3.0,3,,,,,,,,
,,,,,33526,10.0,10,,,,,,,,
,,,,,33529,3.0,3,,,,,,,,
,,,,,33533,4.0,4,,,,,,,,
,,,,,33544,11.0,11,,,,,,,,
,,,,,33547,3.0,3,,,,,,,,
,,,,,33551,4.0,4,,,,,,,,
,,,,,33558,7.0,7,,,,,,,,
,,,,,33568,10.0,10,,,,,,,,
,,,,,33571,3.0,3,,,,,,,,
,,,,,33581,10.0,10,,,,,,,,
,,,,,33589,8.0,8,,,,,,,,
,,,,,33599,10.0,10,,,,,,,,
,,,,,33603,4.0,4,,,,,,,,
,,,,,33606,3.0,3,,,,,,,,
,,,,,33611,5.0,5,,,,,,,,
,,,,,33615,4.0,4,,,,,,,,
,,,,,33618,3.0,3,,,,,,,,
,,,,,33624,6.0,6,,,,,,,,
,,,,,33627,3.0,3,,,,,,,,
,,,,,33642,15.0,15,,,,,,,,
,,,,,33660,18.0,18,,,,,,,,
,,,,,33663,3.0,3,,,,,,,,
,,,,,33672,9.0,9,,,,,,,,
,,,,,33675,3.0,3,,,,,,,,
,,,,,33681,6.0,6,,,,,,,,
,,,,,33684,3.0,3,,,,,,,,
,,,,,33690,6.0,6,,,,,,,,
,,,,,33697,7.0,7,,,,,,,,
,,,,,33703,6.0,6,,,,,,,,
,,,,,33717,14.0,14,,,,,,,,
,,,,,33721,4.0,4,,,,,,,,
,,,,,33734,13.0,13,,,,,,,,
,,,,,33737,3.0,3,,,,,,,,
,,,,,33744,7.0,7,,,,,,,,
,,,,,33755,11.0,11,,,,,,,,
,,,,,33759,4.0,4,,,,,,,,
,,,,,33762,3.0,3,,,,,,,,
,,,,,33765,3.0,3,,,,,,,,
,,,,,33768,3.0,3,,,,,,,,
,,,,,33774,6.0,6,,,,,,,,
,,,,,33791,17.0,17,,,,,,,,
,,,,,33795,4.0,4,,,,,,,,
,,,,,33798,3.0,3,,,,,,,,
,,,,,33806,8.0,8,,,,,,,,
,,,,,33816,10.0,10,,,,,,,,
,,,,,33828,12.0,12,,,,,,,,
,,,,,33833,5.0,5,,,,,,,,
,,,,,33839,6.0,6,,,,,,,,
,,,,,33844,5.0,5,,,,,,,,
,,,,,33848,4.0,4,,,,,,,,
,,,,,33854,6.0,6,,,,,,,,
,,,,,33857,3.0,3,,,,,,,,
,,,,,33862,5.0,5,,,,,,,,
,,,,,33866,4.0,4,,,,,,,,
,,,,,33869,3.0,3,,,,,,,,
,,,,,33872,3.0,3,,,,,,,,
,,,,,33875,3.0,3,,,,,,,,
,,,,,33882,7.0,7,,,,,,,,
,,,,,33890,8.0,8,,,,,,,,
,,,,,33895,5.0,5,,,,,,,,
,,,,,33899,4.0,4,,,,,,,,
,,,,,33904,5.0,5,,,,,,,,
,,,,,33908,4.0,4,,,,,,,,
,,,,,33913,5.0,5,,,,,,,,
,,,,,33921,8.0,8,,,,,,,,
,,,,,33924,3.0,3,,,,,,,,
,,,,,33929,5.0,5,,,,,,,,
,,,,,33933,4.0,4,,,,,,,,
,,,,,33940,7.0,7,,,,,,,,
,,,,,33947,7.0,7,,,,,,,,
,,,,,33956,9.0,9,,,,,,,,
,,,,,33960,4.0,4,,,,,,,,
,,,,,33964,4.0,4,,,,,,,,
,,,,,33967,3.0,3,,,,,,,,
,,,,,33971,4.0,4,,,,,,,,
,,,,,33974,3.0,3,,,,,,,,
,,,,,33977,3.0,3,,,,,,,,
,,,,,33981,4.0,4,,,,,,,,
,,,,,33985,4.0,4,,,,,,,,
,,,,,33989,4.0,4,,,,,,,,
,,,,,33996,7.0,7,,,,,,,,
,,,,,34000,,,-8.99827766418457,89.98277282714844,139.6834716796875,33.25165939331055,35.932464599609375,0.0003,0.0003,0.1
,,,,,34003,7.0,7,,,,,,,,
,,,,,34006,3.0,3,,,,,,,,
,,,,,34009,3.0,3,,,,,,,,
,,,,,34017,8.0,8,,,,,,,,
,,,,,34025,8.0,8,,,,,,,,
,,,,,34028,3.0,3,,,,,,,,
,,,,,34031,3.0,3,,,,,,,,
,,,,,34034,3.0,3,,,,,,,,
,,,,,34041,7.0,7,,,,,,,,
,,,,,34045,4.0,4,,,,,,,,
,,,,,34050,5.0,5,,,,,,,,
,,,,,34058,8.0,8,,,,,,,,
,,,,,34062,4.0,4,,,,,,,,
,,,,,34066,4.0,4,,,,,,,,
,,,,,34072,6.0,6,,,,,,,,
,,,,,34077,5.0,5,,,,,,,,
,,,,,34086,9.0,9,,,,,,,,
,,,,,34090,4.0,4,,,,,,,,
,,,,,34093,3.0,3,,,,,,,,
,,,,,34096,3.0,3,,,,,,,,
,,,,,34102,6.0,6,,,,,,,,
,,,,,34107,5.0,5,,,,,,,,
,,,,,34113,6.0,6,,,,,,,,
,,,,,34118,5.0,5,,,,,,,,
,,,,,34122,4.0,4,,,,,,,,
,,,,,34125,3.0,3,,,,,,,,
,,,,,34130,5.0,5,,,,,,,,
,,,,,34133,3.0,3,,,,,,,,
,,,,,34137,4.0,4,,,,,,,,
,,,,,34142,5.0,5,,,,,,,,
,,,,,34147,5.0,5,,,,,,,,
,,,,,34151,4.0,4,,,,,,,,
,,,,,34155,4.0,4,,,,,,,,
,,,,,34166,11.0,11,,,,,,,,
,,,,,34170,4.0,4,,,,,,,,
,,,,,34173,3.0,3,,,,,,,,
,,,,,34179,6.0,6,,,,,,,,
,,,,,34199,20.0,20,,,,,,,,
,,,,,34203,4.0,4,,,,,,,,
,,,,,34207,4.0,4,,,,,,,,
,,,,,34211,4.0,4,,,,,,,,
,,,,,34218,7.0,7,,,,,,,,
,,,,,34226,8.0,8,,,,,,,,
,,,,,34232,6.0,6,,,,,,,,
,,,,,34235,3.0,3,,,,,,,,
,,,,,34238,3.0,3,,,,,,,,
,,,,,34243,5.0,5,,,,,,,,
,,,,,34246,3.0,3,,,,,,,,
,,,,,34249,3.0,3,,,,,,,,
,,,,,34262,13.0,13,,,,,,,,
,,,,,34267,5.0,5,,,,,,,,
,,,,,34271,4.0,4,,,,,,,,
,,,,,34274,3.0,3,,,,,,,,
,,,,,34280,6.0,6,,,,,,,,
,,,,,34283,3.0,3,,,,,,,,
,,,,,34287,4.0,4,,,,,,,,
,,,,,34302,15.0,15,,,,,,,,
,,,,,34308,6.0,6,,,,,,,,
,,,,,34328,20.0,20,,,,,,,,
,,,,,34334,6.0,6,,,,,,,,
,,,,,34343,9.0,9,,,,,,,,
,,,,,34348,5.0,5,,,,,,,,
,,,,,34351,3.0,3,,,,,,,,
,,,,,34354,3.0,3,,,,,,,,
,,,,,34359,5.0,5,,,,,,,,
,,,,,34369,10.0,10,,,,,,,,
,,,,,34378,9.0,9,,,,,,,,
,,,,,34384,6.0,6,,,,,,,,
,,,,,34387,3.0,3,,,,,,,,
,,,,,34392,5.0,5,,,,,,,,
,,,,,34400,8.0,8,,,,,,,,
,,,,,34403,3.0,3,,,,,,,,
,,,,,34408,5.0,5,,,,,,,,
,,,,,34411,3.0,3,,,,,,,,
,,,,,34415,4.0,4,,,,,,,,
,,,,,34419,4.0,4,,,,,,,,
,,,,,34429,10.0,10,,,,,,,,
,,,,,34432,3.0,3,,,,,,,,
,,,,,34435,3.0,3,,,,,,,,
,,,,,34439,4.0,4,,,,,,,,
,,,,,34446,7.0,7,,,,,,,,
,,,,,34451,5.0,5,,,,,,,,
,,,,,34462,11.0,11,,,,,,,,
,,,,,34476,14.0,14,,,,,,,,
,,,,,34483,7.0,7,,,,,,,,
,,,,,34490,7.0,7,,,,,,,,
,,,,,34494,4.0,4,,,,,,,,
,,,,,34500,6.0,6,,,,,,,,
,,,,,34506,6.0,6,,,,,,,,
,,,,,34511,5.0,5,,,,,,,,
,,,,,34517,6.0,6,,,,,,,,
,,,,,34522,5.0,5,,,,,,,,
,,,,,34526,4.0,4,,,,,,,,
,,,,,34533,7.0,7,,,,,,,,
,,,,,34540,7.0,7,,,,,,,,
,,,,,34544,4.0,4,,,,,,,,
,,,,,34547,3.0,3,,,,,,,,
,,,,,34553,6.0,6,,,,,,,,
,,,,,34561,8.0,8,,,,,,,,
,,,,,34570,9.0,9,,,,,,,,
,,,,,34573,3.0,3,,,,,,,,
,,,,,34578,5.0,5,,,,,,,,
,,,,,34582,4.0,4,,,,,,,,
,,,,,34587,5.0,5,,,,,,,,
,,,,,34591,4.0,4,,,,,,,,
,,,,,34595,4.0,4,,,,,,,,
,,,,,34600,5.0,5,,,,,,,,
,,,,,34609,9.0,9,,,,,,,,
,,,,,34616,7.0,7,,,,,,,,
,,,,,34619,3.0,3,,,,,,,,
,,,,,34623,4.0,4,,,,,,,,
,,,,,34635,12.0,12,,,,,,,,
,,,,,34639,4.0,4,,,,,,,,
,,,,,34646,7.0,7,,,,,,,,
,,,,,34652,6.0,6,,,,,,,,
,,,,,34656,4.0,4,,,,,,,,
,,,,,34660,4.0,4,,,,,,,,
,,,,,34664,4.0,4,,,,,,,,
,,,,,34669,5.0,5,,,,,,,,
,,,,,34672,3.0,3,,,,,,,,
,,,,,34690,18.0,18,,,,,,,,
,,,,,34693,3.0,3,,,,,,,,
,,,,,34697,4.0,4,,,,,,,,
,,,,,34701,4.0,4,,,,,,,,
,,,,,34705,4.0,4,,,,,,,,
,,,,,34709,4.0,4,,,,,,,,
,,,,,34719,10.0,10,,,,,,,,
,,,,,34722,3.0,3,,,,,,,,
,,,,,34728,6.0,6,,,,,,,,
,,,,,34743,15.0,15,,,,,,,,
,,,,,34747,4.0,4,,,,,,,,
,,,,,34754,7.0,7,,,,,,,,
,,,,,34757,3.0,3,,,,,,,,
,,,,,34760,3.0,3,,,,,,,,
,,,,,34766,6.0,6,,,,,,,,
,,,,,34770,4.0,4,,,,,,,,
,,,,,34774,4.0,4,,,,,,,,
,,,,,34785,11.0,11,,,,,,,,
,,,,,34789,4.0,4,,,,,,,,
,,,,,34792,3.0,3,,,,,,,,
,,,,,34795,3.0,3,,,,,,,,
,,,,,34800,5.0,5,,,,,,,,
,,,,,34811,11.0,11,,,,,,,,
,,,,,34815,4.0,4,,,,,,,,
,,,,,34824,9.0,9,,,,,,,,
,,,,,34828,4.0,4,,,,,,,,
,,,,,34833,5.0,5,,,,,,,,
,,,,,34839,6.0,6,,,,,,,,
,,,,,34844,5.0,5,,,,,,,,
,,,,,34847,3.0,3,,,,,,,,
,,,,,34858,11.0,11,,,,,,,,
,,,,,34864,6.0,6,,,,,,,,
,,,,,34868,4.0,4,,,,,,,,
,,,,,34871,3.0,3,,,,,,,,
,,,,,34874,3.0,3,,,,,,,,
,,,,,34879,5.0,5,,,,,,,,
,,,,,34883,4.0,4,,,,,,,,
,,,,,34891,8.0,8,,,,,,,,
,,,,,34895,4.0,4,,,,,,,,
,,,,,34910,15.0,15,,,,,,,,
,,,,,34914,4.0,4,,,,,,,,
,,,,,34918,4.0,4,,,,,,,,
,,,,,34924,6.0,6,,,,,,,,
,,,,,34935,11.0,11,,,,,,,,
,,,,,34939,4.0,4,,,,,,,,
,,,,,34943,4.0,4,,,,,,,,
,,,,,34955,12.0,12,,,,,,,,
,,,,,34960,5.0,5,,,,,,,,
,,,,,34969,9.0,9,,,,,,,,
,,,,,34973,4.0,4,,,,,,,,
,,,,,34982,9.0,9,,,,,,,,
,,,,,34986,4.0,4,,,,,,,,
,,,,,34992,6.0,6,,,,,,,,
,,,,,34998,6.0,6,,,,,,,,
5.7,2.3685439,11.0,3.0,5.7,35000,,,-8.659991264343262,86.59990692138672,167.1298828125,35.10291290283203,36.30119323730469,0.0003,0.0003,0.1
,,,,,35001,3.0,3,,,,,,,,
,,,,,35011,10.0,10,,,,,,,,
,,,,,35016,5.0,5,,,,,,,,
,,,,,35023,7.0,7,,,,,,,,
,,,,,35029,6.0,6,,,,,,,,
,,,,,35036,7.0,7,,,,,,,,
,,,,,35040,4.0,4,,,,,,,,
,,,,,35053,13.0,13,,,,,,,,
,,,,,35060,7.0,7,,,,,,,,
,,,,,35070,10.0,10,,,,,,,,
,,,,,35073,3.0,3,,,,,,,,
,,,,,35077,4.0,4,,,,,,,,
,,,,,35084,7.0,7,,,,,,,,
,,,,,35088,4.0,4,,,,,,,,
,,,,,35092,4.0,4,,,,,,,,
,,,,,35095,3.0,3,,,,,,,,
,,,,,35106,11.0,11,,,,,,,,
,,,,,35114,8.0,8,,,,,,,,
,,,,,35118,4.0,4,,,,,,,,
,,,,,35122,4.0,4,,,,,,,,
,,,,,35125,3.0,3,,,,,,,,
,,,,,35128,3.0,3,,,,,,,,
,,,,,35132,4.0,4,,,,,,,,
,,,,,35141,9.0,9,,,,,,,,
,,,,,35153,12.0,12,,,,,,,,
,,,,,35159,6.0,6,,,,,,,,
,,,,,35162,3.0,3,,,,,,,,
,,,,,35166,4.0,4,,,,,,,,
,,,,,35171,5.0,5,,,,,,,,
,,,,,35180,9.0,9,,,,,,,,
,,,,,35184,4.0,4,,,,,,,,
,,,,,35191,7.0,7,,,,,,,,
,,,,,35201,10.0,10,,,,,,,,
,,,,,35205,4.0,4,,,,,,,,
,,,,,35226,21.0,21,,,,,,,,
,,,,,35230,4.0,4,,,,,,,,
,,,,,35235,5.0,5,,,,,,,,
,,,,,35263,28.0,28,,,,,,,,
,,,,,35270,7.0,7,,,,,,,,
,,,,,35282,12.0,12,,,,,,,,
,,,,,35286,4.0,4,,,,,,,,
,,,,,35298,12.0,12,,,,,,,,
,,,,,35302,4.0,4,,,,,,,,
,,,,,35306,4.0,4,,,,,,,,
,,,,,35312,6.0,6,,,,,,,,
,,,,,35317,5.0,5,,,,,,,,
,,,,,35331,14.0,14,,,,,,,,
,,,,,35336,5.0,5,,,,,,,,
,,,,,35343,7.0,7,,,,,,,,
,,,,,35354,11.0,11,,,,,,,,
,,,,,35358,4.0,4,,,,,,,,
,,,,,35361,3.0,3,,,,,,,,
,,,,,35366,5.0,5,,,,,,,,
,,,,,35369,3.0,3,,,,,,,,
,,,,,35378,9.0,9,,,,,,,,
,,,,,35382,4.0,4,,,,,,,,
,,,,,35386,4.0,4,,,,,,,,
,,,,,35390,4.0,4,,,,,,,,
,,,,,35395,5.0,5,,,,,,,,
,,,,,35408,13.0,13,,,,,,,,
,,,,,35421,13.0,13,,,,,,,,
,,,,,35427,6.0,6,,,,,,,,
,,,,,35438,11.0,11,,,,,,,,
,,,,,35441,3.0,3,,,,,,,,
,,,,,35445,4.0,4,,,,,,,,
,,,,,35448,3.0,3,,,,,,,,
,,,,,35451,3.0,3,,,,,,,,
,,,,,35460,9.0,9,,,,,,,,
,,,,,35469,9.0,9,,,,,,,,
,,,,,35477,8.0,8,,,,,,,,
,,,,,35483,6.0,6,,,,,,,,
,,,,,35494,11.0,11,,,,,,,,
,,,,,35500,6.0,6,,,,,,,,
,,,,,35508,8.0,8,,,,,,,,
,,,,,35515,7.0,7,,,,,,,,
,,,,,35520,5.0,5,,,,,,,,
,,,,,35530,10.0,10,,,,,,,,
,,,,,35542,12.0,12,,,,,,,,
,,,,,35552,10.0,10,,,,,,,,
,,,,,35563,11.0,11,,,,,,,,
,,,,,35570,7.0,7,,,,,,,,
,,,,,35574,4.0,4,,,,,,,,
,,,,,35580,6.0,6,,,,,,,,
,,,,,35590,10.0,10,,,,,,,,
,,,,,35594,4.0,4,,,,,,,,
,,,,,35599,5.0,5,,,,,,,,
,,,,,35606,7.0,7,,,,,,,,
,,,,,35612,6.0,6,,,,,,,,
,,,,,35615,3.0,3,,,,,,,,
,,,,,35624,9.0,9,,,,,,,,
,,,,,35628,4.0,4,,,,,,,,
,,,,,35632,4.0,4,,,,,,,,
,,,,,35635,3.0,3,,,,,,,,
,,,,,35646,11.0,11,,,,,,,,
,,,,,35653,7.0,7,,,,,,,,
,,,,,35657,4.0,4,,,,,,,,
,,,,,35663,6.0,6,,,,,,,,
,,,,,35669,6.0,6,,,,,,,,
,,,,,35675,6.0,6,,,,,,,,
,,,,,35680,5.0,5,,,,,,,,
,,,,,35683,3.0,3,,,,,,,,
,,,,,35688,5.0,5,,,,,,,,
,,,,,35695,7.0,7,,,,,,,,
,,,,,35698,3.0,3,,,,,,,,
,,,,,35702,4.0,4,,,,,,,,
,,,,,35710,8.0,8,,,,,,,,
,,,,,35722,12.0,12,,,,,,,,
,,,,,35732,10.0,10,,,,,,,,
,,,,,35735,3.0,3,,,,,,,,
,,,,,35739,4.0,4,,,,,,,,
,,,,,35749,10.0,10,,,,,,,,
,,,,,35753,4.0,4,,,,,,,,
,,,,,35761,8.0,8,,,,,,,,
,,,,,35765,4.0,4,,,,,,,,
,,,,,35775,10.0,10,,,,,,,,
,,,,,35778,3.0,3,,,,,,,,
,,,,,35784,6.0,6,,,,,,,,
,,,,,35789,5.0,5,,,,,,,,
,,,,,35802,13.0,13,,,,,,,,
,,,,,35806,4.0,4,,,,,,,,
,,,,,35811,5.0,5,,,,,,,,
,,,,,35814,3.0,3,,,,,,,,
,,,,,35822,8.0,8,,,,,,,,
,,,,,35826,4.0,4,,,,,,,,
,,,,,35831,5.0,5,,,,,,,,
,,,,,35842,11.0,11,,,,,,,,
,,,,,35845,3.0,3,,,,,,,,
,,,,,35850,5.0,5,,,,,,,,
,,,,,35853,3.0,3,,,,,,,,
,,,,,35858,5.0,5,,,,,,,,
,,,,,35864,6.0,6,,,,,,,,
,,,,,35872,8.0,8,,,,,,,,
,,,,,35875,3.0,3,,,,,,,,
,,,,,35882,7.0,7,,,,,,,,
,,,,,35891,9.0,9,,,,,,,,
,,,,,35903,12.0,12,,,,,,,,
,,,,,35907,4.0,4,,,,,,,,
,,,,,35913,6.0,6,,,,,,,,
,,,,,35917,4.0,4,,,,,,,,
,,,,,35922,5.0,5,,,,,,,,
,,,,,35925,3.0,3,,,,,,,,
,,,,,35928,3.0,3,,,,,,,,
,,,,,35931,3.0,3,,,,,,,,
,,,,,35934,3.0,3,,,,,,,,
,,,,,35942,8.0,8,,,,,,,,
,,,,,35946,4.0,4,,,,,,,,
,,,,,35955,9.0,9,,,,,,,,
,,,,,35959,4.0,4,,,,,,,,
,,,,,35962,3.0,3,,,,,,,,
,,,,,35969,7.0,7,,,,,,,,
,,,,,35976,7.0,7,,,,,,,,
,,,,,35979,3.0,3,,,,,,,,
,,,,,35983,4.0,4,,,,,,,,
,,,,,35992,9.0,9,,,,,,,,
,,,,,35999,7.0,7,,,,,,,,
,,,,,36000,,,-8.872900009155273,88.72899627685547,143.18275451660156,36.0025634765625,36.11986541748047,0.0003,0.0003,0.1
,,,,,36002,3.0,3,,,,,,,,
,,,,,36006,4.0,4,,,,,,,,
,,,,,36009,3.0,3,,,,,,,,
,,,,,36015,6.0,6,,,,,,,,
,,,,,36020,5.0,5,,,,,,,,
,,,,,36023,3.0,3,,,,,,,,
,,,,,36032,9.0,9,,,,,,,,
,,,,,36044,12.0,12,,,,,,,,
,,,,,36047,3.0,3,,,,,,,,
,,,,,36053,6.0,6,,,,,,,,
,,,,,36058,5.0,5,,,,,,,,
,,,,,36061,3.0,3,,,,,,,,
,,,,,36066,5.0,5,,,,,,,,
,,,,,36072,6.0,6,,,,,,,,
,,,,,36077,5.0,5,,,,,,,,
,,,,,36080,3.0,3,,,,,,,,
,,,,,36083,3.0,3,,,,,,,,
,,,,,36092,9.0,9,,,,,,,,
,,,,,36101,9.0,9,,,,,,,,
,,,,,36106,5.0,5,,,,,,,,
,,,,,36110,4.0,4,,,,,,,,
,,,,,36114,4.0,4,,,,,,,,
,,,,,36127,13.0,13,,,,,,,,
,,,,,36135,8.0,8,,,,,,,,
,,,,,36142,7.0,7,,,,,,,,
,,,,,36146,4.0,4,,,,,,,,
,,,,,36150,4.0,4,,,,,,,,
,,,,,36153,3.0,3,,,,,,,,
,,,,,36156,3.0,3,,,,,,,,
,,,,,36160,4.0,4,,,,,,,,
,,,,,36166,6.0,6,,,,,,,,
,,,,,36173,7.0,7,,,,,,,,
,,,,,36178,5.0,5,,,,,,,,
,,,,,36182,4.0,4,,,,,,,,
,,,,,36185,3.0,3,,,,,,,,
,,,,,36188,3.0,3,,,,,,,,
,,,,,36208,20.0,20,,,,,,,,
,,,,,36212,4.0,4,,,,,,,,
,,,,,36215,3.0,3,,,,,,,,
,,,,,36219,4.0,4,,,,,,,,
,,,,,36227,8.0,8,,,,,,,,
,,,,,36232,5.0,5,,,,,,,,
,,,,,36240,8.0,8,,,,,,,,
,,,,,36243,3.0,3,,,,,,,,
,,,,,36249,6.0,6,,,,,,,,
,,,,,36252,3.0,3,,,,,,,,
,,,,,36259,7.0,7,,,,,,,,
,,,,,36265,6.0,6,,,,,,,,
,,,,,36275,10.0,10,,,,,,,,
,,,,,36286,11.0,11,,,,,,,,
,,,,,36289,3.0,3,,,,,,,,
,,,,,36295,6.0,6,,,,,,,,
,,,,,36298,3.0,3,,,,,,,,
,,,,,36301,3.0,3,,,,,,,,
,,,,,36304,3.0,3,,,,,,,,
,,,,,36308,4.0,4,,,,,,,,
,,,,,36319,11.0,11,,,,,,,,
,,,,,36323,4.0,4,,,,,,,,
,,,,,36326,3.0,3,,,,,,,,
,,,,,36330,4.0,4,,,,,,,,
,,,,,36334,4.0,4,,,,,,,,
,,,,,36342,8.0,8,,,,,,,,
,,,,,36350,8.0,8,,,,,,,,
,,,,,36353,3.0,3,,,,,,,,
,,,,,36369,16.0,16,,,,,,,,
,,,,,36378,9.0,9,,,,,,,,
,,,,,36381,3.0,3,,,,,,,,
,,,,,36385,4.0,4,,,,,,,,
,,,,,36398,13.0,13,,,,,,,,
,,,,,36407,9.0,9,,,,,,,,
,,,,,36417,10.0,10,,,,,,,,
,,,,,36420,3.0,3,,,,,,,,
,,,,,36427,7.0,7,,,,,,,,
,,,,,36431,4.0,4,,,,,,,,
,,,,,36442,11.0,11,,,,,,,,
,,,,,36446,4.0,4,,,,,,,,
,,,,,36453,7.0,7,,,,,,,,
,,,,,36456,3.0,3,,,,,,,,
,,,,,36469,13.0,13,,,,,,,,
,,,,,36473,4.0,4,,,,,,,,
,,,,,36480,7.0,7,,,,,,,,
,,,,,36484,4.0,4,,,,,,,,
,,,,,36487,3.0,3,,,,,,,,
,,,,,36492,5.0,5,,,,,,,,
,,,,,36496,4.0,4,,,,,,,,
,,,,,36500,4.0,4,,,,,,,,
,,,,,36503,3.0,3,,,,,,,,
,,,,,36506,3.0,3,,,,,,,,
,,,,,36515,9.0,9,,,,,,,,
,,,,,36529,14.0,14,,,,,,,,
,,,,,36535,6.0,6,,,,,,,,
,,,,,36542,7.0,7,,,,,,,,
,,,,,36546,4.0,4,,,,,,,,
,,,,,36549,3.0,3,,,,,,,,
,,,,,36552,3.0,3,,,,,,,,
,,,,,36555,3.0,3,,,,,,,,
,,,,,36559,4.0,4,,,,,,,,
,,,,,36562,3.0,3,,,,,,,,
,,,,,36567,5.0,5,,,,,,,,
,,,,,36570,3.0,3,,,,,,,,
,,,,,36576,6.0,6,,,,,,,,
,,,,,36581,5.0,5,,,,,,,,
,,,,,36587,6.0,6,,,,,,,,
,,,,,36602,15.0,15,,,,,,,,
,,,,,36609,7.0,7,,,,,,,,
,,,,,36615,6.0,6,,,,,,,,
,,,,,36621,6.0,6,,,,,,,,
,,,,,36624,3.0,3,,,,,,,,
,,,,,36631,7.0,7,,,,,,,,
,,,,,36636,5.0,5,,,,,,,,
,,,,,36641,5.0,5,,,,,,,,
,,,,,36644,3.0,3,,,,,,,,
,,,,,36651,7.0,7,,,,,,,,
,,,,,36654,3.0,3,,,,,,,,
,,,,,36660,6.0,6,,,,,,,,
,,,,,36667,7.0,7,,,,,,,,
,,,,,36675,8.0,8,,,,,,,,
,,,,,36678,3.0,3,,,,,,,,
,,,,,36682,4.0,4,,,,,,,,
,,,,,36693,11.0,11,,,,,,,,
,,,,,36696,3.0,3,,,,,,,,
,,,,,36703,7.0,7,,,,,,,,
,,,,,36707,4.0,4,,,,,,,,
,,,,,36716,9.0,9,,,,,,,,
,,,,,36720,4.0,4,,,,,,,,
,,,,,36726,6.0,6,,,,,,,,
,,,,,36730,4.0,4,,,,,,,,
,,,,,36734,4.0,4,,,,,,,,
,,,,,36742,8.0,8,,,,,,,,
,,,,,36746,4.0,4,,,,,,,,
,,,,,36751,5.0,5,,,,,,,,
,,,,,36759,8.0,8,,,,,,,,
,,,,,36764,5.0,5,,,,,,,,
,,,,,36771,7.0,7,,,,,,,,
,,,,,36777,6.0,6,,,,,,,,
,,,,,36786,9.0,9,,,,,,,,
,,,,,36792,6.0,6,,,,,,,,
,,,,,36804,12.0,12,,,,,,,,
,,,,,36809,5.0,5,,,,,,,,
,,,,,36812,3.0,3,,,,,,,,
,,,,,36826,14.0,14,,,,,,,,
,,,,,36832,6.0,6,,,,,,,,
,,,,,36839,7.0,7,,,,,,,,
,,,,,36842,3.0,3,,,,,,,,
,,,,,36846,4.0,4,,,,,,,,
,,,,,36851,5.0,5,,,,,,,,
,,,,,36855,4.0,4,,,,,,,,
,,,,,36860,5.0,5,,,,,,,,
,,,,,36863,3.0,3,,,,,,,,
,,,,,36868,5.0,5,,,,,,,,
,,,,,36872,4.0,4,,,,,,,,
,,,,,36876,4.0,4,,,,,,,,
,,,,,36891,15.0,15,,,,,,,,
,,,,,36895,4.0,4,,,,,,,,
,,,,,36898,3.0,3,,,,,,,,
,,,,,36901,3.0,3,,,,,,,,
,,,,,36904,3.0,3,,,,,,,,
,,,,,36909,5.0,5,,,,,,,,
,,,,,36912,3.0,3,,,,,,,,
,,,,,36917,5.0,5,,,,,,,,
,,,,,36922,5.0,5,,,,,,,,
,,,,,36930,8.0,8,,,,,,,,
,,,,,36933,3.0,3,,,,,,,,
,,,,,36937,4.0,4,,,,,,,,
,,,,,36943,6.0,6,,,,,,,,
,,,,,36947,4.0,4,,,,,,,,
,,,,,36952,5.0,5,,,,,,,,
,,,,,36956,4.0,4,,,,,,,,
,,,,,36959,3.0,3,,,,,,,,
,,,,,36962,3.0,3,,,,,,,,
,,,,,36968,6.0,6,,,,,,,,
,,,,,36977,9.0,9,,,,,,,,
,,,,,36982,5.0,5,,,,,,,,
,,,,,36988,6.0,6,,,,,,,,
,,,,,36991,3.0,3,,,,,,,,
,,,,,36997,6.0,6,,,,,,,,
,,,,,37000,,,-8.887837409973145,88.87837219238281,169.31736755371094,34.531715393066406,35.15237808227539,0.0003,0.0003,0.1
,,,,,37003,6.0,6,,,,,,,,
,,,,,37014,11.0,11,,,,,,,,
,,,,,37017,3.0,3,,,,,,,,
,,,,,37021,4.0,4,,,,,,,,
,,,,,37025,4.0,4,,,,,,,,
,,,,,37030,5.0,5,,,,,,,,
,,,,,37035,5.0,5,,,,,,,,
,,,,,37042,7.0,7,,,,,,,,
,,,,,37045,3.0,3,,,,,,,,
,,,,,37048,3.0,3,,,,,,,,
,,,,,37051,3.0,3,,,,,,,,
,,,,,37055,4.0,4,,,,,,,,
,,,,,37058,3.0,3,,,,,,,,
,,,,,37062,4.0,4,,,,,,,,
,,,,,37068,6.0,6,,,,,,,,
,,,,,37073,5.0,5,,,,,,,,
,,,,,37084,11.0,11,,,,,,,,
,,,,,37093,9.0,9,,,,,,,,
,,,,,37110,17.0,17,,,,,,,,
,,,,,37114,4.0,4,,,,,,,,
,,,,,37117,3.0,3,,,,,,,,
,,,,,37120,3.0,3,,,,,,,,
,,,,,37125,5.0,5,,,,,,,,
,,,,,37128,3.0,3,,,,,,,,
,,,,,37133,5.0,5,,,,,,,,
,,,,,37137,4.0,4,,,,,,,,
,,,,,37141,4.0,4,,,,,,,,
,,,,,37145,4.0,4,,,,,,,,
,,,,,37150,5.0,5,,,,,,,,
,,,,,37153,3.0,3,,,,,,,,
,,,,,37156,3.0,3,,,,,,,,
,,,,,37161,5.0,5,,,,,,,,
,,,,,37171,10.0,10,,,,,,,,
,,,,,37178,7.0,7,,,,,,,,
,,,,,37181,3.0,3,,,,,,,,
,,,,,37184,3.0,3,,,,,,,,
,,,,,37191,7.0,7,,,,,,,,
,,,,,37197,6.0,6,,,,,,,,
,,,,,37201,4.0,4,,,,,,,,
,,,,,37208,7.0,7,,,,,,,,
,,,,,37214,6.0,6,,,,,,,,
,,,,,37221,7.0,7,,,,,,,,
,,,,,37232,11.0,11,,,,,,,,
,,,,,37236,4.0,4,,,,,,,,
,,,,,37244,8.0,8,,,,,,,,
,,,,,37249,5.0,5,,,,,,,,
,,,,,37257,8.0,8,,,,,,,,
,,,,,37264,7.0,7,,,,,,,,
,,,,,37268,4.0,4,,,,,,,,
,,,,,37272,4.0,4,,,,,,,,
,,,,,37276,4.0,4,,,,,,,,
,,,,,37288,12.0,12,,,,,,,,
,,,,,37297,9.0,9,,,,,,,,
,,,,,37302,5.0,5,,,,,,,,
,,,,,37306,4.0,4,,,,,,,,
,,,,,37311,5.0,5,,,,,,,,
,,,,,37314,3.0,3,,,,,,,,
,,,,,37317,3.0,3,,,,,,,,
,,,,,37322,5.0,5,,,,,,,,
,,,,,37326,4.0,4,,,,,,,,
,,,,,37331,5.0,5,,,,,,,,
,,,,,37335,4.0,4,,,,,,,,
,,,,,37339,4.0,4,,,,,,,,
,,,,,37361,22.0,22,,,,,,,,
,,,,,37369,8.0,8,,,,,,,,
,,,,,37374,5.0,5,,,,,,,,
,,,,,37377,3.0,3,,,,,,,,
,,,,,37385,8.0,8,,,,,,,,
,,,,,37391,6.0,6,,,,,,,,
,,,,,37394,3.0,3,,,,,,,,
,,,,,37401,7.0,7,,,,,,,,
,,,,,37406,5.0,5,,,,,,,,
,,,,,37409,3.0,3,,,,,,,,
,,,,,37416,7.0,7,,,,,,,,
,,,,,37422,6.0,6,,,,,,,,
,,,,,37431,9.0,9,,,,,,,,
,,,,,37437,6.0,6,,,,,,,,
,,,,,37448,11.0,11,,,,,,,,
,,,,,37454,6.0,6,,,,,,,,
,,,,,37460,6.0,6,,,,,,,,
,,,,,37464,4.0,4,,,,,,,,
,,,,,37468,4.0,4,,,,,,,,
,,,,,37472,4.0,4,,,,,,,,
,,,,,37493,21.0,21,,,,,,,,
,,,,,37499,6.0,6,,,,,,,,
,,,,,37508,9.0,9,,,,,,,,
,,,,,37512,4.0,4,,,,,,,,
,,,,,37516,4.0,4,,,,,,,,
,,,,,37527,11.0,11,,,,,,,,
,,,,,37530,3.0,3,,,,,,,,
,,,,,37535,5.0,5,,,,,,,,
,,,,,37549,14.0,14,,,,,,,,
,,,,,37552,3.0,3,,,,,,,,
,,,,,37557,5.0,5,,,,,,,,
,,,,,37567,10.0,10,,,,,,,,
,,,,,37578,11.0,11,,,,,,,,
,,,,,37584,6.0,6,,,,,,,,
,,,,,37587,3.0,3,,,,,,,,
,,,,,37604,17.0,17,,,,,,,,
,,,,,37616,12.0,12,,,,,,,,
,,,,,37633,17.0,17,,,,,,,,
,,,,,37639,6.0,6,,,,,,,,
,,,,,37648,9.0,9,,,,,,,,
,,,,,37651,3.0,3,,,,,,,,
,,,,,37655,4.0,4,,,,,,,,
,,,,,37658,3.0,3,,,,,,,,
,,,,,37661,3.0,3,,,,,,,,
,,,,,37666,5.0,5,,,,,,,,
,,,,,37670,4.0,4,,,,,,,,
,,,,,37676,6.0,6,,,,,,,,
,,,,,37681,5.0,5,,,,,,,,
,,,,,37685,4.0,4,,,,,,,,
,,,,,37688,3.0,3,,,,,,,,
,,,,,37692,4.0,4,,,,,,,,
,,,,,37703,11.0,11,,,,,,,,
,,,,,37707,4.0,4,,,,,,,,
,,,,,37725,18.0,18,,,,,,,,
,,,,,37740,15.0,15,,,,,,,,
,,,,,37744,4.0,4,,,,,,,,
,,,,,37748,4.0,4,,,,,,,,
,,,,,37754,6.0,6,,,,,,,,
,,,,,37758,4.0,4,,,,,,,,
,,,,,37773,15.0,15,,,,,,,,
,,,,,37777,4.0,4,,,,,,,,
,,,,,37783,6.0,6,,,,,,,,
,,,,,37787,4.0,4,,,,,,,,
,,,,,37792,5.0,5,,,,,,,,
,,,,,37796,4.0,4,,,,,,,,
,,,,,37799,3.0,3,,,,,,,,
,,,,,37804,5.0,5,,,,,,,,
,,,,,37812,8.0,8,,,,,,,,
,,,,,37820,8.0,8,,,,,,,,
,,,,,37823,3.0,3,,,,,,,,
,,,,,37830,7.0,7,,,,,,,,
,,,,,37846,16.0,16,,,,,,,,
,,,,,37851,5.0,5,,,,,,,,
,,,,,37858,7.0,7,,,,,,,,
,,,,,37868,10.0,10,,,,,,,,
,,,,,37874,6.0,6,,,,,,,,
,,,,,37878,4.0,4,,,,,,,,
,,,,,37889,11.0,11,,,,,,,,
,,,,,37892,3.0,3,,,,,,,,
,,,,,37897,5.0,5,,,,,,,,
,,,,,37900,3.0,3,,,,,,,,
,,,,,37907,7.0,7,,,,,,,,
,,,,,37913,6.0,6,,,,,,,,
,,,,,37921,8.0,8,,,,,,,,
,,,,,37935,14.0,14,,,,,,,,
,,,,,37938,3.0,3,,,,,,,,
,,,,,37941,3.0,3,,,,,,,,
,,,,,37947,6.0,6,,,,,,,,
,,,,,37959,12.0,12,,,,,,,,
,,,,,37963,4.0,4,,,,,,,,
,,,,,37977,14.0,14,,,,,,,,
,,,,,37986,9.0,9,,,,,,,,
,,,,,37990,4.0,4,,,,,,,,
,,,,,38000,,,-8.716460227966309,87.16460418701172,183.29122924804688,34.68359375,36.7530632019043,0.0003,0.0003,0.1
,,,,,38008,18.0,18,,,,,,,,
,,,,,38012,4.0,4,,,,,,,,
,,,,,38016,4.0,4,,,,,,,,
,,,,,38019,3.0,3,,,,,,,,
,,,,,38022,3.0,3,,,,,,,,
,,,,,38026,4.0,4,,,,,,,,
,,,,,38030,4.0,4,,,,,,,,
,,,,,38034,4.0,4,,,,,,,,
,,,,,38038,4.0,4,,,,,,,,
,,,,,38043,5.0,5,,,,,,,,
,,,,,38047,4.0,4,,,,,,,,
,,,,,38062,15.0,15,,,,,,,,
,,,,,38066,4.0,4,,,,,,,,
,,,,,38081,15.0,15,,,,,,,,
,,,,,38090,9.0,9,,,,,,,,
,,,,,38095,5.0,5,,,,,,,,
,,,,,38099,4.0,4,,,,,,,,
,,,,,38104,5.0,5,,,,,,,,
,,,,,38120,16.0,16,,,,,,,,
,,,,,38124,4.0,4,,,,,,,,
,,,,,38127,3.0,3,,,,,,,,
,,,,,38136,9.0,9,,,,,,,,
,,,,,38142,6.0,6,,,,,,,,
,,,,,38149,7.0,7,,,,,,,,
,,,,,38163,14.0,14,,,,,,,,
,,,,,38169,6.0,6,,,,,,,,
,,,,,38175,6.0,6,,,,,,,,
,,,,,38180,5.0,5,,,,,,,,
,,,,,38183,3.0,3,,,,,,,,
,,,,,38187,4.0,4,,,,,,,,
,,,,,38200,13.0,13,,,,,,,,
,,,,,38204,4.0,4,,,,,,,,
,,,,,38207,3.0,3,,,,,,,,
,,,,,38210,3.0,3,,,,,,,,
,,,,,38217,7.0,7,,,,,,,,
,,,,,38221,4.0,4,,,,,,,,
,,,,,38226,5.0,5,,,,,,,,
,,,,,38229,3.0,3,,,,,,,,
,,,,,38232,3.0,3,,,,,,,,
,,,,,38237,5.0,5,,,,,,,,
,,,,,38241,4.0,4,,,,,,,,
,,,,,38247,6.0,6,,,,,,,,
,,,,,38250,3.0,3,,,,,,,,
,,,,,38254,4.0,4,,,,,,,,
,,,,,38259,5.0,5,,,,,,,,
,,,,,38272,13.0,13,,,,,,,,
,,,,,38279,7.0,7,,,,,,,,
,,,,,38283,4.0,4,,,,,,,,
,,,,,38286,3.0,3,,,,,,,,
,,,,,38295,9.0,9,,,,,,,,
,,,,,38303,8.0,8,,,,,,,,
,,,,,38308,5.0,5,,,,,,,,
,,,,,38312,4.0,4,,,,,,,,
,,,,,38320,8.0,8,,,,,,,,
,,,,,38332,12.0,12,,,,,,,,
,,,,,38335,3.0,3,,,,,,,,
,,,,,38339,4.0,4,,,,,,,,
,,,,,38344,5.0,5,,,,,,,,
,,,,,38354,10.0,10,,,,,,,,
,,,,,38359,5.0,5,,,,,,,,
,,,,,38365,6.0,6,,,,,,,,
,,,,,38372,7.0,7,,,,,,,,
,,,,,38381,9.0,9,,,,,,,,
,,,,,38384,3.0,3,,,,,,,,
,,,,,38391,7.0,7,,,,,,,,
,,,,,38396,5.0,5,,,,,,,,
,,,,,38404,8.0,8,,,,,,,,
,,,,,38408,4.0,4,,,,,,,,
,,,,,38417,9.0,9,,,,,,,,
,,,,,38420,3.0,3,,,,,,,,
,,,,,38433,13.0,13,,,,,,,,
,,,,,38436,3.0,3,,,,,,,,
,,,,,38441,5.0,5,,,,,,,,
,,,,,38445,4.0,4,,,,,,,,
,,,,,38457,12.0,12,,,,,,,,
,,,,,38460,3.0,3,,,,,,,,
,,,,,38464,4.0,4,,,,,,,,
,,,,,38467,3.0,3,,,,,,,,
,,,,,38470,3.0,3,,,,,,,,
,,,,,38476,6.0,6,,,,,,,,
,,,,,38480,4.0,4,,,,,,,,
,,,,,38488,8.0,8,,,,,,,,
,,,,,38492,4.0,4,,,,,,,,
,,,,,38495,3.0,3,,,,,,,,
,,,,,38500,5.0,5,,,,,,,,
,,,,,38503,3.0,3,,,,,,,,
,,,,,38506,3.0,3,,,,,,,,
,,,,,38510,4.0,4,,,,,,,,
,,,,,38514,4.0,4,,,,,,,,
,,,,,38517,3.0,3,,,,,,,,
,,,,,38539,22.0,22,,,,,,,,
,,,,,38546,7.0,7,,,,,,,,
,,,,,38550,4.0,4,,,,,,,,
,,,,,38553,3.0,3,,,,,,,,
,,,,,38561,8.0,8,,,,,,,,
,,,,,38570,9.0,9,,,,,,,,
,,,,,38580,10.0,10,,,,,,,,
,,,,,38584,4.0,4,,,,,,,,
,,,,,38593,9.0,9,,,,,,,,
,,,,,38597,4.0,4,,,,,,,,
,,,,,38604,7.0,7,,,,,,,,
,,,,,38607,3.0,3,,,,,,,,
,,,,,38611,4.0,4,,,,,,,,
,,,,,38615,4.0,4,,,,,,,,
,,,,,38618,3.0,3,,,,,,,,
,,,,,38625,7.0,7,,,,,,,,
,,,,,38629,4.0,4,,,,,,,,
,,,,,38635,6.0,6,,,,,,,,
,,,,,38640,5.0,5,,,,,,,,
,,,,,38653,13.0,13,,,,,,,,
,,,,,38657,4.0,4,,,,,,,,
,,,,,38660,3.0,3,,,,,,,,
,,,,,38668,8.0,8,,,,,,,,
,,,,,38681,13.0,13,,,,,,,,
,,,,,38686,5.0,5,,,,,,,,
,,,,,38693,7.0,7,,,,,,,,
,,,,,38700,7.0,7,,,,,,,,
,,,,,38706,6.0,6,,,,,,,,
,,,,,38713,7.0,7,,,,,,,,
,,,,,38716,3.0,3,,,,,,,,
,,,,,38719,3.0,3,,,,,,,,
,,,,,38731,12.0,12,,,,,,,,
,,,,,38735,4.0,4,,,,,,,,
,,,,,38741,6.0,6,,,,,,,,
,,,,,38746,5.0,5,,,,,,,,
,,,,,38756,10.0,10,,,,,,,,
,,,,,38765,9.0,9,,,,,,,,
,,,,,38770,5.0,5,,,,,,,,
,,,,,38778,8.0,8,,,,,,,,
,,,,,38798,20.0,20,,,,,,,,
,,,,,38803,5.0,5,,,,,,,,
,,,,,38817,14.0,14,,,,,,,,
,,,,,38820,3.0,3,,,,,,,,
,,,,,38824,4.0,4,,,,,,,,
,,,,,38827,3.0,3,,,,,,,,
,,,,,38831,4.0,4,,,,,,,,
,,,,,38835,4.0,4,,,,,,,,
,,,,,38842,7.0,7,,,,,,,,
,,,,,38849,7.0,7,,,,,,,,
,,,,,38852,3.0,3,,,,,,,,
,,,,,38860,8.0,8,,,,,,,,
,,,,,38871,11.0,11,,,,,,,,
,,,,,38875,4.0,4,,,,,,,,
,,,,,38878,3.0,3,,,,,,,,
,,,,,38884,6.0,6,,,,,,,,
,,,,,38889,5.0,5,,,,,,,,
,,,,,38892,3.0,3,,,,,,,,
,,,,,38897,5.0,5,,,,,,,,
,,,,,38902,5.0,5,,,,,,,,
,,,,,38905,3.0,3,,,,,,,,
,,,,,38910,5.0,5,,,,,,,,
,,,,,38913,3.0,3,,,,,,,,
,,,,,38921,8.0,8,,,,,,,,
,,,,,38930,9.0,9,,,,,,,,
,,,,,38934,4.0,4,,,,,,,,
,,,,,38938,4.0,4,,,,,,,,
,,,,,38941,3.0,3,,,,,,,,
,,,,,38944,3.0,3,,,,,,,,
,,,,,38947,3.0,3,,,,,,,,
,,,,,38952,5.0,5,,,,,,,,
,,,,,38962,10.0,10,,,,,,,,
,,,,,38971,9.0,9,,,,,,,,
,,,,,38977,6.0,6,,,,,,,,
,,,,,38981,4.0,4,,,,,,,,
,,,,,38995,14.0,14,,,,,,,,
,,,,,39000,,,-8.839802742004395,88.39802551269531,152.88836669921875,35.642601013183594,36.553871154785156,0.0003,0.0003,0.1
,,,,,39002,7.0,7,,,,,,,,
,,,,,39005,3.0,3,,,,,,,,
,,,,,39010,5.0,5,,,,,,,,
,,,,,39019,9.0,9,,,,,,,,
,,,,,39022,3.0,3,,,,,,,,
,,,,,39025,3.0,3,,,,,,,,
,,,,,39030,5.0,5,,,,,,,,
,,,,,39033,3.0,3,,,,,,,,
,,,,,39037,4.0,4,,,,,,,,
,,,,,39041,4.0,4,,,,,,,,
,,,,,39048,7.0,7,,,,,,,,
,,,,,39067,19.0,19,,,,,,,,
,,,,,39071,4.0,4,,,,,,,,
,,,,,39077,6.0,6,,,,,,,,
,,,,,39092,15.0,15,,,,,,,,
,,,,,39104,12.0,12,,,,,,,,
,,,,,39107,3.0,3,,,,,,,,
,,,,,39112,5.0,5,,,,,,,,
,,,,,39117,5.0,5,,,,,,,,
,,,,,39122,5.0,5,,,,,,,,
,,,,,39126,4.0,4,,,,,,,,
,,,,,39131,5.0,5,,,,,,,,
,,,,,39134,3.0,3,,,,,,,,
,,,,,39143,9.0,9,,,,,,,,
,,,,,39146,3.0,3,,,,,,,,
,,,,,39151,5.0,5,,,,,,,,
,,,,,39154,3.0,3,,,,,,,,
,,,,,39159,5.0,5,,,,,,,,
,,,,,39162,3.0,3,,,,,,,,
,,,,,39166,4.0,4,,,,,,,,
,,,,,39174,8.0,8,,,,,,,,
,,,,,39177,3.0,3,,,,,,,,
,,,,,39180,3.0,3,,,,,,,,
,,,,,39189,9.0,9,,,,,,,,
,,,,,39192,3.0,3,,,,,,,,
,,,,,39202,10.0,10,,,,,,,,
,,,,,39209,7.0,7,,,,,,,,
,,,,,39220,11.0,11,,,,,,,,
,,,,,39230,10.0,10,,,,,,,,
,,,,,39234,4.0,4,,,,,,,,
,,,,,39238,4.0,4,,,,,,,,
,,,,,39243,5.0,5,,,,,,,,
,,,,,39251,8.0,8,,,,,,,,
,,,,,39256,5.0,5,,,,,,,,
,,,,,39265,9.0,9,,,,,,,,
,,,,,39275,10.0,10,,,,,,,,
,,,,,39279,4.0,4,,,,,,,,
,,,,,39283,4.0,4,,,,,,,,
,,,,,39297,14.0,14,,,,,,,,
,,,,,39304,7.0,7,,,,,,,,
,,,,,39309,5.0,5,,,,,,,,
,,,,,39317,8.0,8,,,,,,,,
,,,,,39323,6.0,6,,,,,,,,
,,,,,39327,4.0,4,,,,,,,,
,,,,,39333,6.0,6,,,,,,,,
,,,,,39336,3.0,3,,,,,,,,
,,,,,39340,4.0,4,,,,,,,,
,,,,,39350,10.0,10,,,,,,,,
,,,,,39355,5.0,5,,,,,,,,
,,,,,39360,5.0,5,,,,,,,,
,,,,,39366,6.0,6,,,,,,,,
,,,,,39374,8.0,8,,,,,,,,
,,,,,39381,7.0,7,,,,,,,,
,,,,,39387,6.0,6,,,,,,,,
,,,,,39392,5.0,5,,,,,,,,
,,,,,39400,8.0,8,,,,,,,,
,,,,,39405,5.0,5,,,,,,,,
,,,,,39415,10.0,10,,,,,,,,
,,,,,39418,3.0,3,,,,,,,,
,,,,,39421,3.0,3,,,,,,,,
,,,,,39424,3.0,3,,,,,,,,
,,,,,39428,4.0,4,,,,,,,,
,,,,,39431,3.0,3,,,,,,,,
,,,,,39435,4.0,4,,,,,,,,
,,,,,39439,4.0,4,,,,,,,,
,,,,,39448,9.0,9,,,,,,,,
,,,,,39455,7.0,7,,,,,,,,
,,,,,39460,5.0,5,,,,,,,,
,,,,,39463,3.0,3,,,,,,,,
,,,,,39466,3.0,3,,,,,,,,
,,,,,39473,7.0,7,,,,,,,,
,,,,,39488,15.0,15,,,,,,,,
,,,,,39500,12.0,12,,,,,,,,
,,,,,39510,10.0,10,,,,,,,,
,,,,,39516,6.0,6,,,,,,,,
,,,,,39526,10.0,10,,,,,,,,
,,,,,39532,6.0,6,,,,,,,,
,,,,,39542,10.0,10,,,,,,,,
,,,,,39548,6.0,6,,,,,,,,
,,,,,39552,4.0,4,,,,,,,,
,,,,,39560,8.0,8,,,,,,,,
,,,,,39574,14.0,14,,,,,,,,
,,,,,39577,3.0,3,,,,,,,,
,,,,,39580,3.0,3,,,,,,,,
,,,,,39585,5.0,5,,,,,,,,
,,,,,39602,17.0,17,,,,,,,,
,,,,,39614,12.0,12,,,,,,,,
,,,,,39619,5.0,5,,,,,,,,
,,,,,39623,4.0,4,,,,,,,,
,,,,,39629,6.0,6,,,,,,,,
,,,,,39634,5.0,5,,,,,,,,
,,,,,39638,4.0,4,,,,,,,,
,,,,,39643,5.0,5,,,,,,,,
,,,,,39646,3.0,3,,,,,,,,
,,,,,39649,3.0,3,,,,,,,,
,,,,,39653,4.0,4,,,,,,,,
,,,,,39664,11.0,11,,,,,,,,
,,,,,39667,3.0,3,,,,,,,,
,,,,,39677,10.0,10,,,,,,,,
,,,,,39682,5.0,5,,,,,,,,
,,,,,39691,9.0,9,,,,,,,,
,,,,,39694,3.0,3,,,,,,,,
,,,,,39707,13.0,13,,,,,,,,
,,,,,39712,5.0,5,,,,,,,,
,,,,,39717,5.0,5,,,,,,,,
,,,,,39726,9.0,9,,,,,,,,
,,,,,39732,6.0,6,,,,,,,,
,,,,,39737,5.0,5,,,,,,,,
,,,,,39741,4.0,4,,,,,,,,
,,,,,39753,12.0,12,,,,,,,,
,,,,,39756,3.0,3,,,,,,,,
,,,,,39760,4.0,4,,,,,,,,
,,,,,39768,8.0,8,,,,,,,,
,,,,,39771,3.0,3,,,,,,,,
,,,,,39782,11.0,11,,,,,,,,
,,,,,39787,5.0,5,,,,,,,,
,,,,,39804,17.0,17,,,,,,,,
,,,,,39810,6.0,6,,,,,,,,
,,,,,39814,4.0,4,,,,,,,,
,,,,,39821,7.0,7,,,,,,,,
,,,,,39830,9.0,9,,,,,,,,
,,,,,39833,3.0,3,,,,,,,,
,,,,,39837,4.0,4,,,,,,,,
,,,,,39845,8.0,8,,,,,,,,
,,,,,39850,5.0,5,,,,,,,,
,,,,,39855,5.0,5,,,,,,,,
,,,,,39859,4.0,4,,,,,,,,
,,,,,39862,3.0,3,,,,,,,,
,,,,,39869,7.0,7,,,,,,,,
,,,,,39874,5.0,5,,,,,,,,
,,,,,39879,5.0,5,,,,,,,,
,,,,,39883,4.0,4,,,,,,,,
,,,,,39888,5.0,5,,,,,,,,
,,,,,39894,6.0,6,,,,,,,,
,,,,,39897,3.0,3,,,,,,,,
,,,,,39901,4.0,4,,,,,,,,
,,,,,39907,6.0,6,,,,,,,,
,,,,,39915,8.0,8,,,,,,,,
,,,,,39919,4.0,4,,,,,,,,
,,,,,39928,9.0,9,,,,,,,,
,,,,,39934,6.0,6,,,,,,,,
,,,,,39938,4.0,4,,,,,,,,
,,,,,39944,6.0,6,,,,,,,,
,,,,,39947,3.0,3,,,,,,,,
,,,,,39950,3.0,3,,,,,,,,
,,,,,39965,15.0,15,,,,,,,,
,,,,,39972,7.0,7,,,,,,,,
,,,,,39981,9.0,9,,,,,,,,
,,,,,39985,4.0,4,,,,,,,,
,,,,,39994,9.0,9,,,,,,,,
5.8,3.7094474,16.0,3.0,5.8,40000,,,-8.814202308654785,88.14202117919922,149.6902313232422,33.987770080566406,34.92012405395508,0.0003,0.0003,0.1
,,,,,40005,11.0,11,,,,,,,,
,,,,,40010,5.0,5,,,,,,,,
,,,,,40013,3.0,3,,,,,,,,
,,,,,40019,6.0,6,,,,,,,,
,,,,,40022,3.0,3,,,,,,,,
,,,,,40026,4.0,4,,,,,,,,
,,,,,40032,6.0,6,,,,,,,,
,,,,,40036,4.0,4,,,,,,,,
,,,,,40041,5.0,5,,,,,,,,
,,,,,40044,3.0,3,,,,,,,,
,,,,,40049,5.0,5,,,,,,,,
,,,,,40054,5.0,5,,,,,,,,
,,,,,40057,3.0,3,,,,,,,,
,,,,,40064,7.0,7,,,,,,,,
,,,,,40067,3.0,3,,,,,,,,
,,,,,40070,3.0,3,,,,,,,,
,,,,,40073,3.0,3,,,,,,,,
,,,,,40078,5.0,5,,,,,,,,
,,,,,40083,5.0,5,,,,,,,,
,,,,,40090,7.0,7,,,,,,,,
,,,,,40098,8.0,8,,,,,,,,
,,,,,40110,12.0,12,,,,,,,,
,,,,,40113,3.0,3,,,,,,,,
,,,,,40116,3.0,3,,,,,,,,
,,,,,40121,5.0,5,,,,,,,,
,,,,,40126,5.0,5,,,,,,,,
,,,,,40134,8.0,8,,,,,,,,
,,,,,40138,4.0,4,,,,,,,,
,,,,,40143,5.0,5,,,,,,,,
,,,,,40147,4.0,4,,,,,,,,
,,,,,40150,3.0,3,,,,,,,,
,,,,,40154,4.0,4,,,,,,,,
,,,,,40159,5.0,5,,,,,,,,
,,,,,40168,9.0,9,,,,,,,,
,,,,,40178,10.0,10,,,,,,,,
,,,,,40186,8.0,8,,,,,,,,
,,,,,40190,4.0,4,,,,,,,,
,,,,,40199,9.0,9,,,,,,,,
,,,,,40206,7.0,7,,,,,,,,
,,,,,40211,5.0,5,,,,,,,,
,,,,,40221,10.0,10,,,,,,,,
,,,,,40225,4.0,4,,,,,,,,
,,,,,40237,12.0,12,,,,,,,,
,,,,,40245,8.0,8,,,,,,,,
,,,,,40249,4.0,4,,,,,,,,
,,,,,40255,6.0,6,,,,,,,,
,,,,,40258,3.0,3,,,,,,,,
,,,,,40261,3.0,3,,,,,,,,
,,,,,40265,4.0,4,,,,,,,,
,,,,,40268,3.0,3,,,,,,,,
,,,,,40275,7.0,7,,,,,,,,
,,,,,40280,5.0,5,,,,,,,,
,,,,,40291,11.0,11,,,,,,,,
,,,,,40305,14.0,14,,,,,,,,
,,,,,40311,6.0,6,,,,,,,,
,,,,,40315,4.0,4,,,,,,,,
,,,,,40320,5.0,5,,,,,,,,
,,,,,40338,18.0,18,,,,,,,,
,,,,,40341,3.0,3,,,,,,,,
,,,,,40344,3.0,3,,,,,,,,
,,,,,40347,3.0,3,,,,,,,,
,,,,,40353,6.0,6,,,,,,,,
,,,,,40356,3.0,3,,,,,,,,
,,,,,40360,4.0,4,,,,,,,,
,,,,,40363,3.0,3,,,,,,,,
,,,,,40366,3.0,3,,,,,,,,
,,,,,40376,10.0,10,,,,,,,,
,,,,,40379,3.0,3,,,,,,,,
,,,,,40382,3.0,3,,,,,,,,
,,,,,40390,8.0,8,,,,,,,,
,,,,,40398,8.0,8,,,,,,,,
,,,,,40402,4.0,4,,,,,,,,
,,,,,40409,7.0,7,,,,,,,,
,,,,,40418,9.0,9,,,,,,,,
,,,,,40422,4.0,4,,,,,,,,
,,,,,40426,4.0,4,,,,,,,,
,,,,,40432,6.0,6,,,,,,,,
,,,,,40437,5.0,5,,,,,,,,
,,,,,40441,4.0,4,,,,,,,,
,,,,,40445,4.0,4,,,,,,,,
,,,,,40451,6.0,6,,,,,,,,
,,,,,40465,14.0,14,,,,,,,,
,,,,,40469,4.0,4,,,,,,,,
,,,,,40475,6.0,6,,,,,,,,
,,,,,40485,10.0,10,,,,,,,,
,,,,,40488,3.0,3,,,,,,,,
,,,,,40493,5.0,5,,,,,,,,
,,,,,40496,3.0,3,,,,,,,,
,,,,,40501,5.0,5,,,,,,,,
,,,,,40507,6.0,6,,,,,,,,
,,,,,40511,4.0,4,,,,,,,,
,,,,,40517,6.0,6,,,,,,,,
,,,,,40521,4.0,4,,,,,,,,
,,,,,40524,3.0,3,,,,,,,,
,,,,,40543,19.0,19,,,,,,,,
,,,,,40551,8.0,8,,,,,,,,
,,,,,40557,6.0,6,,,,,,,,
,,,,,40569,12.0,12,,,,,,,,
,,,,,40573,4.0,4,,,,,,,,
,,,,,40578,5.0,5,,,,,,,,
,,,,,40581,3.0,3,,,,,,,,
,,,,,40591,10.0,10,,,,,,,,
,,,,,40604,13.0,13,,,,,,,,
,,,,,40607,3.0,3,,,,,,,,
,,,,,40610,3.0,3,,,,,,,,
,,,,,40616,6.0,6,,,,,,,,
,,,,,40626,10.0,10,,,,,,,,
,,,,,40629,3.0,3,,,,,,,,
,,,,,40634,5.0,5,,,,,,,,
,,,,,40640,6.0,6,,,,,,,,
,,,,,40646,6.0,6,,,,,,,,
,,,,,40651,5.0,5,,,,,,,,
,,,,,40655,4.0,4,,,,,,,,
,,,,,40658,3.0,3,,,,,,,,
,,,,,40661,3.0,3,,,,,,,,
,,,,,40665,4.0,4,,,,,,,,
,,,,,40671,6.0,6,,,,,,,,
,,,,,40675,4.0,4,,,,,,,,
,,,,,40679,4.0,4,,,,,,,,
,,,,,40685,6.0,6,,,,,,,,
,,,,,40690,5.0,5,,,,,,,,
,,,,,40693,3.0,3,,,,,,,,
,,,,,40697,4.0,4,,,,,,,,
,,,,,40701,4.0,4,,,,,,,,
,,,,,40704,3.0,3,,,,,,,,
,,,,,40709,5.0,5,,,,,,,,
,,,,,40714,5.0,5,,,,,,,,
,,,,,40717,3.0,3,,,,,,,,
,,,,,40720,3.0,3,,,,,,,,
,,,,,40724,4.0,4,,,,,,,,
,,,,,40731,7.0,7,,,,,,,,
,,,,,40736,5.0,5,,,,,,,,
,,,,,40741,5.0,5,,,,,,,,
,,,,,40746,5.0,5,,,,,,,,
,,,,,40760,14.0,14,,,,,,,,
,,,,,40765,5.0,5,,,,,,,,
,,,,,40774,9.0,9,,,,,,,,
,,,,,40788,14.0,14,,,,,,,,
,,,,,40792,4.0,4,,,,,,,,
,,,,,40798,6.0,6,,,,,,,,
,,,,,40803,5.0,5,,,,,,,,
,,,,,40812,9.0,9,,,,,,,,
,,,,,40818,6.0,6,,,,,,,,
,,,,,40826,8.0,8,,,,,,,,
,,,,,40834,8.0,8,,,,,,,,
,,,,,40840,6.0,6,,,,,,,,
,,,,,40843,3.0,3,,,,,,,,
,,,,,40846,3.0,3,,,,,,,,
,,,,,40852,6.0,6,,,,,,,,
,,,,,40855,3.0,3,,,,,,,,
,,,,,40859,4.0,4,,,,,,,,
,,,,,40865,6.0,6,,,,,,,,
,,,,,40868,3.0,3,,,,,,,,
,,,,,40876,8.0,8,,,,,,,,
,,,,,40879,3.0,3,,,,,,,,
,,,,,40884,5.0,5,,,,,,,,
,,,,,40889,5.0,5,,,,,,,,
,,,,,40892,3.0,3,,,,,,,,
,,,,,40897,5.0,5,,,,,,,,
,,,,,40902,5.0,5,,,,,,,,
,,,,,40906,4.0,4,,,,,,,,
,,,,,40910,4.0,4,,,,,,,,
,,,,,40916,6.0,6,,,,,,,,
,,,,,40922,6.0,6,,,,,,,,
,,,,,40925,3.0,3,,,,,,,,
,,,,,40930,5.0,5,,,,,,,,
,,,,,40938,8.0,8,,,,,,,,
,,,,,40941,3.0,3,,,,,,,,
,,,,,40951,10.0,10,,,,,,,,
,,,,,40957,6.0,6,,,,,,,,
,,,,,40961,4.0,4,,,,,,,,
,,,,,40975,14.0,14,,,,,,,,
,,,,,40983,8.0,8,,,,,,,,
,,,,,40986,3.0,3,,,,,,,,
,,,,,40990,4.0,4,,,,,,,,
,,,,,40998,8.0,8,,,,,,,,
,,,,,41000,,,-8.597169876098633,85.97169494628906,144.40982055664062,35.427284240722656,32.99797058105469,0.0003,0.0003,0.1
,,,,,41012,14.0,14,,,,,,,,
,,,,,41015,3.0,3,,,,,,,,
,,,,,41024,9.0,9,,,,,,,,
,,,,,41030,6.0,6,,,,,,,,
,,,,,41035,5.0,5,,,,,,,,
,,,,,41040,5.0,5,,,,,,,,
,,,,,41050,10.0,10,,,,,,,,
,,,,,41055,5.0,5,,,,,,,,
,,,,,41060,5.0,5,,,,,,,,
,,,,,41064,4.0,4,,,,,,,,
,,,,,41073,9.0,9,,,,,,,,
,,,,,41076,3.0,3,,,,,,,,
,,,,,41079,3.0,3,,,,,,,,
,,,,,41082,3.0,3,,,,,,,,
,,,,,41085,3.0,3,,,,,,,,
,,,,,41092,7.0,7,,,,,,,,
,,,,,41095,3.0,3,,,,,,,,
,,,,,41110,15.0,15,,,,,,,,
,,,,,41115,5.0,5,,,,,,,,
,,,,,41120,5.0,5,,,,,,,,
,,,,,41125,5.0,5,,,,,,,,
,,,,,41129,4.0,4,,,,,,,,
,,,,,41133,4.0,4,,,,,,,,
,,,,,41137,4.0,4,,,,,,,,
,,,,,41144,7.0,7,,,,,,,,
,,,,,41150,6.0,6,,,,,,,,
,,,,,41155,5.0,5,,,,,,,,
,,,,,41158,3.0,3,,,,,,,,
,,,,,41161,3.0,3,,,,,,,,
,,,,,41169,8.0,8,,,,,,,,
,,,,,41175,6.0,6,,,,,,,,
,,,,,41178,3.0,3,,,,,,,,
,,,,,41181,3.0,3,,,,,,,,
,,,,,41186,5.0,5,,,,,,,,
,,,,,41189,3.0,3,,,,,,,,
,,,,,41196,7.0,7,,,,,,,,
,,,,,41199,3.0,3,,,,,,,,
,,,,,41214,15.0,15,,,,,,,,
,,,,,41219,5.0,5,,,,,,,,
,,,,,41225,6.0,6,,,,,,,,
,,,,,41236,11.0,11,,,,,,,,
,,,,,41240,4.0,4,,,,,,,,
,,,,,41250,10.0,10,,,,,,,,
,,,,,41254,4.0,4,,,,,,,,
,,,,,41259,5.0,5,,,,,,,,
,,,,,41262,3.0,3,,,,,,,,
,,,,,41267,5.0,5,,,,,,,,
,,,,,41270,3.0,3,,,,,,,,
,,,,,41273,3.0,3,,,,,,,,
,,,,,41280,7.0,7,,,,,,,,
,,,,,41284,4.0,4,,,,,,,,
,,,,,41290,6.0,6,,,,,,,,
,,,,,41298,8.0,8,,,,,,,,
,,,,,41301,3.0,3,,,,,,,,
,,,,,41304,3.0,3,,,,,,,,
,,,,,41316,12.0,12,,,,,,,,
,,,,,41326,10.0,10,,,,,,,,
,,,,,41331,5.0,5,,,,,,,,
,,,,,41337,6.0,6,,,,,,,,
,,,,,41341,4.0,4,,,,,,,,
,,,,,41350,9.0,9,,,,,,,,
,,,,,41354,4.0,4,,,,,,,,
,,,,,41360,6.0,6,,,,,,,,
,,,,,41364,4.0,4,,,,,,,,
,,,,,41370,6.0,6,,,,,,,,
,,,,,41374,4.0,4,,,,,,,,
,,,,,41383,9.0,9,,,,,,,,
,,,,,41387,4.0,4,,,,,,,,
,,,,,41393,6.0,6,,,,,,,,
,,,,,41398,5.0,5,,,,,,,,
,,,,,41401,3.0,3,,,,,,,,
,,,,,41406,5.0,5,,,,,,,,
,,,,,41426,20.0,20,,,,,,,,
,,,,,41430,4.0,4,,,,,,,,
,,,,,41434,4.0,4,,,,,,,,
,,,,,41444,10.0,10,,,,,,,,
,,,,,41448,4.0,4,,,,,,,,
,,,,,41451,3.0,3,,,,,,,,
,,,,,41454,3.0,3,,,,,,,,
,,,,,41460,6.0,6,,,,,,,,
,,,,,41467,7.0,7,,,,,,,,
,,,,,41471,4.0,4,,,,,,,,
,,,,,41474,3.0,3,,,,,,,,
,,,,,41479,5.0,5,,,,,,,,
,,,,,41482,3.0,3,,,,,,,,
,,,,,41489,7.0,7,,,,,,,,
,,,,,41496,7.0,7,,,,,,,,
,,,,,41503,7.0,7,,,,,,,,
,,,,,41511,8.0,8,,,,,,,,
,,,,,41515,4.0,4,,,,,,,,
,,,,,41523,8.0,8,,,,,,,,
,,,,,41530,7.0,7,,,,,,,,
,,,,,41544,14.0,14,,,,,,,,
,,,,,41555,11.0,11,,,,,,,,
,,,,,41559,4.0,4,,,,,,,,
,,,,,41567,8.0,8,,,,,,,,
,,,,,41570,3.0,3,,,,,,,,
,,,,,41577,7.0,7,,,,,,,,
,,,,,41581,4.0,4,,,,,,,,
,,,,,41588,7.0,7,,,,,,,,
,,,,,41594,6.0,6,,,,,,,,
,,,,,41613,19.0,19,,,,,,,,
,,,,,41621,8.0,8,,,,,,,,
,,,,,41632,11.0,11,,,,,,,,
,,,,,41635,3.0,3,,,,,,,,
,,,,,41645,10.0,10,,,,,,,,
,,,,,41650,5.0,5,,,,,,,,
,,,,,41659,9.0,9,,,,,,,,
,,,,,41662,3.0,3,,,,,,,,
,,,,,41667,5.0,5,,,,,,,,
,,,,,41677,10.0,10,,,,,,,,
,,,,,41682,5.0,5,,,,,,,,
,,,,,41688,6.0,6,,,,,,,,
,,,,,41692,4.0,4,,,,,,,,
,,,,,41695,3.0,3,,,,,,,,
,,,,,41710,15.0,15,,,,,,,,
,,,,,41714,4.0,4,,,,,,,,
,,,,,41717,3.0,3,,,,,,,,
,,,,,41723,6.0,6,,,,,,,,
,,,,,41728,5.0,5,,,,,,,,
,,,,,41735,7.0,7,,,,,,,,
,,,,,41742,7.0,7,,,,,,,,
,,,,,41746,4.0,4,,,,,,,,
,,,,,41754,8.0,8,,,,,,,,
,,,,,41758,4.0,4,,,,,,,,
,,,,,41764,6.0,6,,,,,,,,
,,,,,41779,15.0,15,,,,,,,,
,,,,,41786,7.0,7,,,,,,,,
,,,,,41791,5.0,5,,,,,,,,
,,,,,41798,7.0,7,,,,,,,,
,,,,,41806,8.0,8,,,,,,,,
,,,,,41809,3.0,3,,,,,,,,
,,,,,41812,3.0,3,,,,,,,,
,,,,,41822,10.0,10,,,,,,,,
,,,,,41825,3.0,3,,,,,,,,
,,,,,41829,4.0,4,,,,,,,,
,,,,,41834,5.0,5,,,,,,,,
,,,,,41842,8.0,8,,,,,,,,
,,,,,41847,5.0,5,,,,,,,,
,,,,,41850,3.0,3,,,,,,,,
,,,,,41854,4.0,4,,,,,,,,
,,,,,41859,5.0,5,,,,,,,,
,,,,,41863,4.0,4,,,,,,,,
,,,,,41866,3.0,3,,,,,,,,
,,,,,41876,10.0,10,,,,,,,,
,,,,,41887,11.0,11,,,,,,,,
,,,,,41890,3.0,3,,,,,,,,
,,,,,41894,4.0,4,,,,,,,,
,,,,,41897,3.0,3,,,,,,,,
,,,,,41900,3.0,3,,,,,,,,
,,,,,41907,7.0,7,,,,,,,,
,,,,,41913,6.0,6,,,,,,,,
,,,,,41916,3.0,3,,,,,,,,
,,,,,41920,4.0,4,,,,,,,,
,,,,,41923,3.0,3,,,,,,,,
,,,,,41926,3.0,3,,,,,,,,
,,,,,41929,3.0,3,,,,,,,,
,,,,,41933,4.0,4,,,,,,,,
,,,,,41936,3.0,3,,,,,,,,
,,,,,41941,5.0,5,,,,,,,,
,,,,,41945,4.0,4,,,,,,,,
,,,,,41948,3.0,3,,,,,,,,
,,,,,41954,6.0,6,,,,,,,,
,,,,,41965,11.0,11,,,,,,,,
,,,,,41973,8.0,8,,,,,,,,
,,,,,41979,6.0,6,,,,,,,,
,,,,,41983,4.0,4,,,,,,,,
,,,,,41986,3.0,3,,,,,,,,
,,,,,41989,3.0,3,,,,,,,,
,,,,,42000,,,-8.676727294921875,86.76727294921875,161.37020874023438,34.28554153442383,33.505348205566406,0.0003,0.0003,0.1
,,,,,42002,13.0,13,,,,,,,,
,,,,,42006,4.0,4,,,,,,,,
,,,,,42015,9.0,9,,,,,,,,
,,,,,42018,3.0,3,,,,,,,,
,,,,,42021,3.0,3,,,,,,,,
,,,,,42025,4.0,4,,,,,,,,
,,,,,42036,11.0,11,,,,,,,,
,,,,,42040,4.0,4,,,,,,,,
,,,,,42046,6.0,6,,,,,,,,
,,,,,42049,3.0,3,,,,,,,,
,,,,,42053,4.0,4,,,,,,,,
,,,,,42057,4.0,4,,,,,,,,
,,,,,42069,12.0,12,,,,,,,,
,,,,,42074,5.0,5,,,,,,,,
,,,,,42079,5.0,5,,,,,,,,
,,,,,42082,3.0,3,,,,,,,,
,,,,,42085,3.0,3,,,,,,,,
,,,,,42088,3.0,3,,,,,,,,
,,,,,42093,5.0,5,,,,,,,,
,,,,,42097,4.0,4,,,,,,,,
,,,,,42100,3.0,3,,,,,,,,
,,,,,42109,9.0,9,,,,,,,,
,,,,,42113,4.0,4,,,,,,,,
,,,,,42118,5.0,5,,,,,,,,
,,,,,42123,5.0,5,,,,,,,,
,,,,,42134,11.0,11,,,,,,,,
,,,,,42138,4.0,4,,,,,,,,
,,,,,42149,11.0,11,,,,,,,,
,,,,,42157,8.0,8,,,,,,,,
,,,,,42164,7.0,7,,,,,,,,
,,,,,42167,3.0,3,,,,,,,,
,,,,,42175,8.0,8,,,,,,,,
,,,,,42179,4.0,4,,,,,,,,
,,,,,42183,4.0,4,,,,,,,,
,,,,,42190,7.0,7,,,,,,,,
,,,,,42193,3.0,3,,,,,,,,
,,,,,42199,6.0,6,,,,,,,,
,,,,,42203,4.0,4,,,,,,,,
,,,,,42206,3.0,3,,,,,,,,
,,,,,42213,7.0,7,,,,,,,,
,,,,,42216,3.0,3,,,,,,,,
,,,,,42219,3.0,3,,,,,,,,
,,,,,42222,3.0,3,,,,,,,,
,,,,,42226,4.0,4,,,,,,,,
,,,,,42236,10.0,10,,,,,,,,
,,,,,42239,3.0,3,,,,,,,,
,,,,,42242,3.0,3,,,,,,,,
,,,,,42255,13.0,13,,,,,,,,
,,,,,42267,12.0,12,,,,,,,,
,,,,,42271,4.0,4,,,,,,,,
,,,,,42275,4.0,4,,,,,,,,
,,,,,42279,4.0,4,,,,,,,,
,,,,,42285,6.0,6,,,,,,,,
,,,,,42291,6.0,6,,,,,,,,
,,,,,42294,3.0,3,,,,,,,,
,,,,,42300,6.0,6,,,,,,,,
,,,,,42304,4.0,4,,,,,,,,
,,,,,42310,6.0,6,,,,,,,,
,,,,,42324,14.0,14,,,,,,,,
,,,,,42329,5.0,5,,,,,,,,
,,,,,42335,6.0,6,,,,,,,,
,,,,,42338,3.0,3,,,,,,,,
,,,,,42341,3.0,3,,,,,,,,
,,,,,42348,7.0,7,,,,,,,,
,,,,,42353,5.0,5,,,,,,,,
,,,,,42358,5.0,5,,,,,,,,
,,,,,42361,3.0,3,,,,,,,,
,,,,,42364,3.0,3,,,,,,,,
,,,,,42370,6.0,6,,,,,,,,
,,,,,42374,4.0,4,,,,,,,,
,,,,,42378,4.0,4,,,,,,,,
,,,,,42388,10.0,10,,,,,,,,
,,,,,42410,22.0,22,,,,,,,,
,,,,,42424,14.0,14,,,,,,,,
,,,,,42427,3.0,3,,,,,,,,
,,,,,42433,6.0,6,,,,,,,,
,,,,,42437,4.0,4,,,,,,,,
,,,,,42441,4.0,4,,,,,,,,
,,,,,42446,5.0,5,,,,,,,,
,,,,,42449,3.0,3,,,,,,,,
,,,,,42452,3.0,3,,,,,,,,
,,,,,42460,8.0,8,,,,,,,,
,,,,,42472,12.0,12,,,,,,,,
,,,,,42479,7.0,7,,,,,,,,
,,,,,42483,4.0,4,,,,,,,,
,,,,,42492,9.0,9,,,,,,,,
,,,,,42499,7.0,7,,,,,,,,
,,,,,42519,20.0,20,,,,,,,,
,,,,,42522,3.0,3,,,,,,,,
,,,,,42525,3.0,3,,,,,,,,
,,,,,42531,6.0,6,,,,,,,,
,,,,,42536,5.0,5,,,,,,,,
,,,,,42539,3.0,3,,,,,,,,
,,,,,42542,3.0,3,,,,,,,,
,,,,,42547,5.0,5,,,,,,,,
,,,,,42571,24.0,24,,,,,,,,
,,,,,42578,7.0,7,,,,,,,,
,,,,,42581,3.0,3,,,,,,,,
,,,,,42588,7.0,7,,,,,,,,
,,,,,42591,3.0,3,,,,,,,,
,,,,,42600,9.0,9,,,,,,,,
,,,,,42604,4.0,4,,,,,,,,
,,,,,42607,3.0,3,,,,,,,,
,,,,,42611,4.0,4,,,,,,,,
,,,,,42628,17.0,17,,,,,,,,
,,,,,42632,4.0,4,,,,,,,,
,,,,,42635,3.0,3,,,,,,,,
,,,,,42648,13.0,13,,,,,,,,
,,,,,42653,5.0,5,,,,,,,,
,,,,,42656,3.0,3,,,,,,,,
,,,,,42660,4.0,4,,,,,,,,
,,,,,42670,10.0,10,,,,,,,,
,,,,,42673,3.0,3,,,,,,,,
,,,,,42676,3.0,3,,,,,,,,
,,,,,42679,3.0,3,,,,,,,,
,,,,,42688,9.0,9,,,,,,,,
,,,,,42695,7.0,7,,,,,,,,
,,,,,42698,3.0,3,,,,,,,,
,,,,,42705,7.0,7,,,,,,,,
,,,,,42712,7.0,7,,,,,,,,
,,,,,42721,9.0,9,,,,,,,,
,,,,,42725,4.0,4,,,,,,,,
,,,,,42729,4.0,4,,,,,,,,
,,,,,42732,3.0,3,,,,,,,,
,,,,,42740,8.0,8,,,,,,,,
,,,,,42744,4.0,4,,,,,,,,
,,,,,42753,9.0,9,,,,,,,,
,,,,,42756,3.0,3,,,,,,,,
,,,,,42759,3.0,3,,,,,,,,
,,,,,42762,3.0,3,,,,,,,,
,,,,,42767,5.0,5,,,,,,,,
,,,,,42771,4.0,4,,,,,,,,
,,,,,42775,4.0,4,,,,,,,,
,,,,,42778,3.0,3,,,,,,,,
,,,,,42781,3.0,3,,,,,,,,
,,,,,42785,4.0,4,,,,,,,,
,,,,,42791,6.0,6,,,,,,,,
,,,,,42801,10.0,10,,,,,,,,
,,,,,42810,9.0,9,,,,,,,,
,,,,,42814,4.0,4,,,,,,,,
,,,,,42817,3.0,3,,,,,,,,
,,,,,42823,6.0,6,,,,,,,,
,,,,,42831,8.0,8,,,,,,,,
,,,,,42837,6.0,6,,,,,,,,
,,,,,42846,9.0,9,,,,,,,,
,,,,,42855,9.0,9,,,,,,,,
,,,,,42860,5.0,5,,,,,,,,
,,,,,42865,5.0,5,,,,,,,,
,,,,,42868,3.0,3,,,,,,,,
,,,,,42872,4.0,4,,,,,,,,
,,,,,42876,4.0,4,,,,,,,,
,,,,,42881,5.0,5,,,,,,,,
,,,,,42889,8.0,8,,,,,,,,
,,,,,42893,4.0,4,,,,,,,,
,,,,,42905,12.0,12,,,,,,,,
,,,,,42913,8.0,8,,,,,,,,
,,,,,42920,7.0,7,,,,,,,,
,,,,,42924,4.0,4,,,,,,,,
,,,,,42932,8.0,8,,,,,,,,
,,,,,42936,4.0,4,,,,,,,,
,,,,,42940,4.0,4,,,,,,,,
,,,,,42948,8.0,8,,,,,,,,
,,,,,42953,5.0,5,,,,,,,,
,,,,,42958,5.0,5,,,,,,,,
,,,,,42972,14.0,14,,,,,,,,
,,,,,42981,9.0,9,,,,,,,,
,,,,,42986,5.0,5,,,,,,,,
,,,,,42992,6.0,6,,,,,,,,
,,,,,42996,4.0,4,,,,,,,,
,,,,,43000,4.0,4,,,,,,,,
,,,,,43000,,,-8.834929466247559,88.34928894042969,171.2275848388672,35.24272918701172,36.323448181152344,0.0003,0.0003,0.1
,,,,,43012,12.0,12,,,,,,,,
,,,,,43025,13.0,13,,,,,,,,
,,,,,43028,3.0,3,,,,,,,,
,,,,,43035,7.0,7,,,,,,,,
,,,,,43043,8.0,8,,,,,,,,
,,,,,43052,9.0,9,,,,,,,,
,,,,,43064,12.0,12,,,,,,,,
,,,,,43069,5.0,5,,,,,,,,
,,,,,43084,15.0,15,,,,,,,,
,,,,,43087,3.0,3,,,,,,,,
,,,,,43095,8.0,8,,,,,,,,
,,,,,43103,8.0,8,,,,,,,,
,,,,,43106,3.0,3,,,,,,,,
,,,,,43110,4.0,4,,,,,,,,
,,,,,43116,6.0,6,,,,,,,,
,,,,,43122,6.0,6,,,,,,,,
,,,,,43135,13.0,13,,,,,,,,
,,,,,43140,5.0,5,,,,,,,,
,,,,,43160,20.0,20,,,,,,,,
,,,,,43163,3.0,3,,,,,,,,
,,,,,43167,4.0,4,,,,,,,,
,,,,,43172,5.0,5,,,,,,,,
,,,,,43180,8.0,8,,,,,,,,
,,,,,43187,7.0,7,,,,,,,,
,,,,,43191,4.0,4,,,,,,,,
,,,,,43195,4.0,4,,,,,,,,
,,,,,43201,6.0,6,,,,,,,,
,,,,,43204,3.0,3,,,,,,,,
,,,,,43212,8.0,8,,,,,,,,
,,,,,43220,8.0,8,,,,,,,,
,,,,,43224,4.0,4,,,,,,,,
,,,,,43230,6.0,6,,,,,,,,
,,,,,43238,8.0,8,,,,,,,,
,,,,,43241,3.0,3,,,,,,,,
,,,,,43246,5.0,5,,,,,,,,
,,,,,43255,9.0,9,,,,,,,,
,,,,,43259,4.0,4,,,,,,,,
,,,,,43262,3.0,3,,,,,,,,
,,,,,43265,3.0,3,,,,,,,,
,,,,,43274,9.0,9,,,,,,,,
,,,,,43278,4.0,4,,,,,,,,
,,,,,43282,4.0,4,,,,,,,,
,,,,,43288,6.0,6,,,,,,,,
,,,,,43293,5.0,5,,,,,,,,
,,,,,43296,3.0,3,,,,,,,,
,,,,,43303,7.0,7,,,,,,,,
,,,,,43307,4.0,4,,,,,,,,
,,,,,43311,4.0,4,,,,,,,,
,,,,,43315,4.0,4,,,,,,,,
,,,,,43318,3.0,3,,,,,,,,
,,,,,43328,10.0,10,,,,,,,,
,,,,,43332,4.0,4,,,,,,,,
,,,,,43340,8.0,8,,,,,,,,
,,,,,43344,4.0,4,,,,,,,,
,,,,,43354,10.0,10,,,,,,,,
,,,,,43370,16.0,16,,,,,,,,
,,,,,43376,6.0,6,,,,,,,,
,,,,,43380,4.0,4,,,,,,,,
,,,,,43384,4.0,4,,,,,,,,
,,,,,43390,6.0,6,,,,,,,,
,,,,,43401,11.0,11,,,,,,,,
,,,,,43411,10.0,10,,,,,,,,
,,,,,43414,3.0,3,,,,,,,,
,,,,,43423,9.0,9,,,,,,,,
,,,,,43429,6.0,6,,,,,,,,
,,,,,43436,7.0,7,,,,,,,,
,,,,,43440,4.0,4,,,,,,,,
,,,,,43448,8.0,8,,,,,,,,
,,,,,43456,8.0,8,,,,,,,,
,,,,,43466,10.0,10,,,,,,,,
,,,,,43473,7.0,7,,,,,,,,
,,,,,43481,8.0,8,,,,,,,,
,,,,,43491,10.0,10,,,,,,,,
,,,,,43499,8.0,8,,,,,,,,
,,,,,43510,11.0,11,,,,,,,,
,,,,,43513,3.0,3,,,,,,,,
,,,,,43524,11.0,11,,,,,,,,
,,,,,43528,4.0,4,,,,,,,,
,,,,,43533,5.0,5,,,,,,,,
,,,,,43538,5.0,5,,,,,,,,
,,,,,43542,4.0,4,,,,,,,,
,,,,,43546,4.0,4,,,,,,,,
,,,,,43558,12.0,12,,,,,,,,
,,,,,43565,7.0,7,,,,,,,,
,,,,,43571,6.0,6,,,,,,,,
,,,,,43576,5.0,5,,,,,,,,
,,,,,43581,5.0,5,,,,,,,,
,,,,,43588,7.0,7,,,,,,,,
,,,,,43591,3.0,3,,,,,,,,
,,,,,43598,7.0,7,,,,,,,,
,,,,,43601,3.0,3,,,,,,,,
,,,,,43604,3.0,3,,,,,,,,
,,,,,43610,6.0,6,,,,,,,,
,,,,,43614,4.0,4,,,,,,,,
,,,,,43619,5.0,5,,,,,,,,
,,,,,43634,15.0,15,,,,,,,,
,,,,,43637,3.0,3,,,,,,,,
,,,,,43641,4.0,4,,,,,,,,
,,,,,43647,6.0,6,,,,,,,,
,,,,,43651,4.0,4,,,,,,,,
,,,,,43655,4.0,4,,,,,,,,
,,,,,43664,9.0,9,,,,,,,,
,,,,,43667,3.0,3,,,,,,,,
,,,,,43670,3.0,3,,,,,,,,
,,,,,43675,5.0,5,,,,,,,,
,,,,,43679,4.0,4,,,,,,,,
,,,,,43690,11.0,11,,,,,,,,
,,,,,43693,3.0,3,,,,,,,,
,,,,,43696,3.0,3,,,,,,,,
,,,,,43702,6.0,6,,,,,,,,
,,,,,43708,6.0,6,,,,,,,,
,,,,,43711,3.0,3,,,,,,,,
,,,,,43716,5.0,5,,,,,,,,
,,,,,43731,15.0,15,,,,,,,,
,,,,,43739,8.0,8,,,,,,,,
,,,,,43744,5.0,5,,,,,,,,
,,,,,43750,6.0,6,,,,,,,,
,,,,,43753,3.0,3,,,,,,,,
,,,,,43758,5.0,5,,,,,,,,
,,,,,43766,8.0,8,,,,,,,,
,,,,,43769,3.0,3,,,,,,,,
,,,,,43776,7.0,7,,,,,,,,
,,,,,43779,3.0,3,,,,,,,,
,,,,,43784,5.0,5,,,,,,,,
,,,,,43801,17.0,17,,,,,,,,
,,,,,43810,9.0,9,,,,,,,,
,,,,,43818,8.0,8,,,,,,,,
,,,,,43827,9.0,9,,,,,,,,
,,,,,43834,7.0,7,,,,,,,,
,,,,,43839,5.0,5,,,,,,,,
,,,,,43843,4.0,4,,,,,,,,
,,,,,43850,7.0,7,,,,,,,,
,,,,,43860,10.0,10,,,,,,,,
,,,,,43866,6.0,6,,,,,,,,
,,,,,43872,6.0,6,,,,,,,,
,,,,,43875,3.0,3,,,,,,,,
,,,,,43883,8.0,8,,,,,,,,
,,,,,43890,7.0,7,,,,,,,,
,,,,,43911,21.0,21,,,,,,,,
,,,,,43924,13.0,13,,,,,,,,
,,,,,43927,3.0,3,,,,,,,,
,,,,,43936,9.0,9,,,,,,,,
,,,,,43950,14.0,14,,,,,,,,
,,,,,43954,4.0,4,,,,,,,,
,,,,,43958,4.0,4,,,,,,,,
,,,,,43965,7.0,7,,,,,,,,
,,,,,43980,15.0,15,,,,,,,,
,,,,,43985,5.0,5,,,,,,,,
,,,,,43992,7.0,7,,,,,,,,
,,,,,44000,,,-9.033340454101562,90.33340454101562,210.66168212890625,33.75322723388672,33.24169921875,0.0003,0.0003,0.1
,,,,,44006,14.0,14,,,,,,,,
,,,,,44015,9.0,9,,,,,,,,
,,,,,44018,3.0,3,,,,,,,,
,,,,,44022,4.0,4,,,,,,,,
,,,,,44025,3.0,3,,,,,,,,
,,,,,44029,4.0,4,,,,,,,,
,,,,,44034,5.0,5,,,,,,,,
,,,,,44041,7.0,7,,,,,,,,
,,,,,44047,6.0,6,,,,,,,,
,,,,,44051,4.0,4,,,,,,,,
,,,,,44054,3.0,3,,,,,,,,
,,,,,44059,5.0,5,,,,,,,,
,,,,,44067,8.0,8,,,,,,,,
,,,,,44070,3.0,3,,,,,,,,
,,,,,44073,3.0,3,,,,,,,,
,,,,,44076,3.0,3,,,,,,,,
,,,,,44082,6.0,6,,,,,,,,
,,,,,44086,4.0,4,,,,,,,,
,,,,,44090,4.0,4,,,,,,,,
,,,,,44094,4.0,4,,,,,,,,
,,,,,44100,6.0,6,,,,,,,,
,,,,,44113,13.0,13,,,,,,,,
,,,,,44119,6.0,6,,,,,,,,
,,,,,44122,3.0,3,,,,,,,,
,,,,,44133,11.0,11,,,,,,,,
,,,,,44142,9.0,9,,,,,,,,
,,,,,44148,6.0,6,,,,,,,,
,,,,,44156,8.0,8,,,,,,,,
,,,,,44159,3.0,3,,,,,,,,
,,,,,44163,4.0,4,,,,,,,,
,,,,,44171,8.0,8,,,,,,,,
,,,,,44183,12.0,12,,,,,,,,
,,,,,44189,6.0,6,,,,,,,,
,,,,,44193,4.0,4,,,,,,,,
,,,,,44202,9.0,9,,,,,,,,
,,,,,44206,4.0,4,,,,,,,,
,,,,,44210,4.0,4,,,,,,,,
,,,,,44226,16.0,16,,,,,,,,
,,,,,44232,6.0,6,,,,,,,,
,,,,,44235,3.0,3,,,,,,,,
,,,,,44238,3.0,3,,,,,,,,
,,,,,44243,5.0,5,,,,,,,,
,,,,,44246,3.0,3,,,,,,,,
,,,,,44249,3.0,3,,,,,,,,
,,,,,44253,4.0,4,,,,,,,,
,,,,,44257,4.0,4,,,,,,,,
,,,,,44265,8.0,8,,,,,,,,
,,,,,44270,5.0,5,,,,,,,,
,,,,,44279,9.0,9,,,,,,,,
,,,,,44283,4.0,4,,,,,,,,
,,,,,44286,3.0,3,,,,,,,,
,,,,,44289,3.0,3,,,,,,,,
,,,,,44301,12.0,12,,,,,,,,
,,,,,44305,4.0,4,,,,,,,,
,,,,,44312,7.0,7,,,,,,,,
,,,,,44317,5.0,5,,,,,,,,
,,,,,44322,5.0,5,,,,,,,,
,,,,,44326,4.0,4,,,,,,,,
,,,,,44334,8.0,8,,,,,,,,
,,,,,44338,4.0,4,,,,,,,,
,,,,,44342,4.0,4,,,,,,,,
,,,,,44346,4.0,4,,,,,,,,
,,,,,44349,3.0,3,,,,,,,,
,,,,,44365,16.0,16,,,,,,,,
,,,,,44372,7.0,7,,,,,,,,
,,,,,44380,8.0,8,,,,,,,,
,,,,,44384,4.0,4,,,,,,,,
,,,,,44389,5.0,5,,,,,,,,
,,,,,44395,6.0,6,,,,,,,,
,,,,,44403,8.0,8,,,,,,,,
,,,,,44409,6.0,6,,,,,,,,
,,,,,44416,7.0,7,,,,,,,,
,,,,,44424,8.0,8,,,,,,,,
,,,,,44427,3.0,3,,,,,,,,
,,,,,44432,5.0,5,,,,,,,,
,,,,,44439,7.0,7,,,,,,,,
,,,,,44451,12.0,12,,,,,,,,
,,,,,44464,13.0,13,,,,,,,,
,,,,,44470,6.0,6,,,,,,,,
,,,,,44476,6.0,6,,,,,,,,
,,,,,44479,3.0,3,,,,,,,,
,,,,,44494,15.0,15,,,,,,,,
,,,,,44501,7.0,7,,,,,,,,
,,,,,44507,6.0,6,,,,,,,,
,,,,,44510,3.0,3,,,,,,,,
,,,,,44513,3.0,3,,,,,,,,
,,,,,44516,3.0,3,,,,,,,,
,,,,,44519,3.0,3,,,,,,,,
,,,,,44523,4.0,4,,,,,,,,
,,,,,44528,5.0,5,,,,,,,,
,,,,,44531,3.0,3,,,,,,,,
,,,,,44535,4.0,4,,,,,,,,
,,,,,44543,8.0,8,,,,,,,,
,,,,,44549,6.0,6,,,,,,,,
,,,,,44562,13.0,13,,,,,,,,
,,,,,44567,5.0,5,,,,,,,,
,,,,,44571,4.0,4,,,,,,,,
,,,,,44574,3.0,3,,,,,,,,
,,,,,44579,5.0,5,,,,,,,,
,,,,,44586,7.0,7,,,,,,,,
,,,,,44589,3.0,3,,,,,,,,
,,,,,44593,4.0,4,,,,,,,,
,,,,,44600,7.0,7,,,,,,,,
,,,,,44603,3.0,3,,,,,,,,
,,,,,44607,4.0,4,,,,,,,,
,,,,,44610,3.0,3,,,,,,,,
,,,,,44613,3.0,3,,,,,,,,
,,,,,44617,4.0,4,,,,,,,,
,,,,,44622,5.0,5,,,,,,,,
,,,,,44626,4.0,4,,,,,,,,
,,,,,44641,15.0,15,,,,,,,,
,,,,,44645,4.0,4,,,,,,,,
,,,,,44650,5.0,5,,,,,,,,
,,,,,44658,8.0,8,,,,,,,,
,,,,,44664,6.0,6,,,,,,,,
,,,,,44670,6.0,6,,,,,,,,
,,,,,44676,6.0,6,,,,,,,,
,,,,,44683,7.0,7,,,,,,,,
,,,,,44686,3.0,3,,,,,,,,
,,,,,44689,3.0,3,,,,,,,,
,,,,,44697,8.0,8,,,,,,,,
,,,,,44716,19.0,19,,,,,,,,
,,,,,44720,4.0,4,,,,,,,,
,,,,,44731,11.0,11,,,,,,,,
,,,,,44735,4.0,4,,,,,,,,
,,,,,44738,3.0,3,,,,,,,,
,,,,,44741,3.0,3,,,,,,,,
,,,,,44744,3.0,3,,,,,,,,
,,,,,44748,4.0,4,,,,,,,,
,,,,,44753,5.0,5,,,,,,,,
,,,,,44761,8.0,8,,,,,,,,
,,,,,44776,15.0,15,,,,,,,,
,,,,,44782,6.0,6,,,,,,,,
,,,,,44798,16.0,16,,,,,,,,
,,,,,44801,3.0,3,,,,,,,,
,,,,,44806,5.0,5,,,,,,,,
,,,,,44813,7.0,7,,,,,,,,
,,,,,44818,5.0,5,,,,,,,,
,,,,,44822,4.0,4,,,,,,,,
,,,,,44839,17.0,17,,,,,,,,
,,,,,44849,10.0,10,,,,,,,,
,,,,,44859,10.0,10,,,,,,,,
,,,,,44862,3.0,3,,,,,,,,
,,,,,44867,5.0,5,,,,,,,,
,,,,,44872,5.0,5,,,,,,,,
,,,,,44876,4.0,4,,,,,,,,
,,,,,44889,13.0,13,,,,,,,,
,,,,,44892,3.0,3,,,,,,,,
,,,,,44897,5.0,5,,,,,,,,
,,,,,44905,8.0,8,,,,,,,,
,,,,,44911,6.0,6,,,,,,,,
,,,,,44921,10.0,10,,,,,,,,
,,,,,44925,4.0,4,,,,,,,,
,,,,,44930,5.0,5,,,,,,,,
,,,,,44933,3.0,3,,,,,,,,
,,,,,44943,10.0,10,,,,,,,,
,,,,,44947,4.0,4,,,,,,,,
,,,,,44951,4.0,4,,,,,,,,
,,,,,44954,3.0,3,,,,,,,,
,,,,,44958,4.0,4,,,,,,,,
,,,,,44964,6.0,6,,,,,,,,
,,,,,44967,3.0,3,,,,,,,,
,,,,,44992,25.0,25,,,,,,,,
,,,,,44996,4.0,4,,,,,,,,
,,,,,44999,3.0,3,,,,,,,,
5.9,2.426932,11.0,3.0,5.9,45000,,,-8.674603462219238,86.74603271484375,153.28240966796875,33.30893325805664,33.92017364501953,0.0003,0.0003,0.1
,,,,,45014,15.0,15,,,,,,,,
,,,,,45017,3.0,3,,,,,,,,
,,,,,45022,5.0,5,,,,,,,,
,,,,,45026,4.0,4,,,,,,,,
,,,,,45029,3.0,3,,,,,,,,
,,,,,45041,12.0,12,,,,,,,,
,,,,,45044,3.0,3,,,,,,,,
,,,,,45048,4.0,4,,,,,,,,
,,,,,45053,5.0,5,,,,,,,,
,,,,,45058,5.0,5,,,,,,,,
,,,,,45067,9.0,9,,,,,,,,
,,,,,45070,3.0,3,,,,,,,,
,,,,,45076,6.0,6,,,,,,,,
,,,,,45094,18.0,18,,,,,,,,
,,,,,45099,5.0,5,,,,,,,,
,,,,,45103,4.0,4,,,,,,,,
,,,,,45111,8.0,8,,,,,,,,
,,,,,45115,4.0,4,,,,,,,,
,,,,,45120,5.0,5,,,,,,,,
,,,,,45124,4.0,4,,,,,,,,
,,,,,45127,3.0,3,,,,,,,,
,,,,,45130,3.0,3,,,,,,,,
,,,,,45134,4.0,4,,,,,,,,
,,,,,45138,4.0,4,,,,,,,,
,,,,,45141,3.0,3,,,,,,,,
,,,,,45164,23.0,23,,,,,,,,
,,,,,45167,3.0,3,,,,,,,,
,,,,,45177,10.0,10,,,,,,,,
,,,,,45183,6.0,6,,,,,,,,
,,,,,45187,4.0,4,,,,,,,,
,,,,,45192,5.0,5,,,,,,,,
,,,,,45196,4.0,4,,,,,,,,
,,,,,45203,7.0,7,,,,,,,,
,,,,,45209,6.0,6,,,,,,,,
,,,,,45214,5.0,5,,,,,,,,
,,,,,45217,3.0,3,,,,,,,,
,,,,,45224,7.0,7,,,,,,,,
,,,,,45227,3.0,3,,,,,,,,
,,,,,45235,8.0,8,,,,,,,,
,,,,,45244,9.0,9,,,,,,,,
,,,,,45248,4.0,4,,,,,,,,
,,,,,45252,4.0,4,,,,,,,,
,,,,,45257,5.0,5,,,,,,,,
,,,,,45263,6.0,6,,,,,,,,
,,,,,45272,9.0,9,,,,,,,,
,,,,,45276,4.0,4,,,,,,,,
,,,,,45279,3.0,3,,,,,,,,
,,,,,45285,6.0,6,,,,,,,,
,,,,,45288,3.0,3,,,,,,,,
,,,,,45292,4.0,4,,,,,,,,
,,,,,45296,4.0,4,,,,,,,,
,,,,,45303,7.0,7,,,,,,,,
,,,,,45312,9.0,9,,,,,,,,
,,,,,45316,4.0,4,,,,,,,,
,,,,,45324,8.0,8,,,,,,,,
,,,,,45330,6.0,6,,,,,,,,
,,,,,45336,6.0,6,,,,,,,,
,,,,,45347,11.0,11,,,,,,,,
,,,,,45357,10.0,10,,,,,,,,
,,,,,45363,6.0,6,,,,,,,,
,,,,,45368,5.0,5,,,,,,,,
,,,,,45378,10.0,10,,,,,,,,
,,,,,45381,3.0,3,,,,,,,,
,,,,,45385,4.0,4,,,,,,,,
,,,,,45393,8.0,8,,,,,,,,
,,,,,45397,4.0,4,,,,,,,,
,,,,,45402,5.0,5,,,,,,,,
,,,,,45407,5.0,5,,,,,,,,
,,,,,45415,8.0,8,,,,,,,,
,,,,,45419,4.0,4,,,,,,,,
,,,,,45423,4.0,4,,,,,,,,
,,,,,45428,5.0,5,,,,,,,,
,,,,,45431,3.0,3,,,,,,,,
,,,,,45440,9.0,9,,,,,,,,
,,,,,45445,5.0,5,,,,,,,,
,,,,,45450,5.0,5,,,,,,,,
,,,,,45461,11.0,11,,,,,,,,
,,,,,45465,4.0,4,,,,,,,,
,,,,,45478,13.0,13,,,,,,,,
,,,,,45482,4.0,4,,,,,,,,
,,,,,45486,4.0,4,,,,,,,,
,,,,,45489,3.0,3,,,,,,,,
,,,,,45492,3.0,3,,,,,,,,
,,,,,45495,3.0,3,,,,,,,,
,,,,,45498,3.0,3,,,,,,,,
,,,,,45502,4.0,4,,,,,,,,
,,,,,45507,5.0,5,,,,,,,,
,,,,,45511,4.0,4,,,,,,,,
,,,,,45514,3.0,3,,,,,,,,
,,,,,45522,8.0,8,,,,,,,,
,,,,,45525,3.0,3,,,,,,,,
,,,,,45533,8.0,8,,,,,,,,
,,,,,45537,4.0,4,,,,,,,,
,,,,,45544,7.0,7,,,,,,,,
,,,,,45554,10.0,10,,,,,,,,
,,,,,45557,3.0,3,,,,,,,,
,,,,,45561,4.0,4,,,,,,,,
,,,,,45564,3.0,3,,,,,,,,
,,,,,45567,3.0,3,,,,,,,,
,,,,,45574,7.0,7,,,,,,,,
,,,,,45577,3.0,3,,,,,,,,
,,,,,45580,3.0,3,,,,,,,,
,,,,,45585,5.0,5,,,,,,,,
,,,,,45588,3.0,3,,,,,,,,
,,,,,45593,5.0,5,,,,,,,,
,,,,,45604,11.0,11,,,,,,,,
,,,,,45608,4.0,4,,,,,,,,
,,,,,45613,5.0,5,,,,,,,,
,,,,,45622,9.0,9,,,,,,,,
,,,,,45626,4.0,4,,,,,,,,
,,,,,45631,5.0,5,,,,,,,,
,,,,,45647,16.0,16,,,,,,,,
,,,,,45655,8.0,8,,,,,,,,
,,,,,45659,4.0,4,,,,,,,,
,,,,,45662,3.0,3,,,,,,,,
,,,,,45670,8.0,8,,,,,,,,
,,,,,45675,5.0,5,,,,,,,,
,,,,,45678,3.0,3,,,,,,,,
,,,,,45681,3.0,3,,,,,,,,
,,,,,45692,11.0,11,,,,,,,,
,,,,,45696,4.0,4,,,,,,,,
,,,,,45702,6.0,6,,,,,,,,
,,,,,45708,6.0,6,,,,,,,,
,,,,,45712,4.0,4,,,,,,,,
,,,,,45720,8.0,8,,,,,,,,
,,,,,45731,11.0,11,,,,,,,,
,,,,,45736,5.0,5,,,,,,,,
,,,,,45740,4.0,4,,,,,,,,
,,,,,45750,10.0,10,,,,,,,,
,,,,,45754,4.0,4,,,,,,,,
,,,,,45765,11.0,11,,,,,,,,
,,,,,45771,6.0,6,,,,,,,,
,,,,,45776,5.0,5,,,,,,,,
,,,,,45785,9.0,9,,,,,,,,
,,,,,45791,6.0,6,,,,,,,,
,,,,,45795,4.0,4,,,,,,,,
,,,,,45798,3.0,3,,,,,,,,
,,,,,45802,4.0,4,,,,,,,,
,,,,,45823,21.0,21,,,,,,,,
,,,,,45829,6.0,6,,,,,,,,
,,,,,45832,3.0,3,,,,,,,,
,,,,,45836,4.0,4,,,,,,,,
,,,,,45840,4.0,4,,,,,,,,
,,,,,45844,4.0,4,,,,,,,,
,,,,,45847,3.0,3,,,,,,,,
,,,,,45851,4.0,4,,,,,,,,
,,,,,45856,5.0,5,,,,,,,,
,,,,,45859,3.0,3,,,,,,,,
,,,,,45863,4.0,4,,,,,,,,
,,,,,45867,4.0,4,,,,,,,,
,,,,,45876,9.0,9,,,,,,,,
,,,,,45881,5.0,5,,,,,,,,
,,,,,45890,9.0,9,,,,,,,,
,,,,,45894,4.0,4,,,,,,,,
,,,,,45901,7.0,7,,,,,,,,
,,,,,45904,3.0,3,,,,,,,,
,,,,,45908,4.0,4,,,,,,,,
,,,,,45911,3.0,3,,,,,,,,
,,,,,45915,4.0,4,,,,,,,,
,,,,,45918,3.0,3,,,,,,,,
,,,,,45924,6.0,6,,,,,,,,
,,,,,45927,3.0,3,,,,,,,,
,,,,,45932,5.0,5,,,,,,,,
,,,,,45936,4.0,4,,,,,,,,
,,,,,45941,5.0,5,,,,,,,,
,,,,,45944,3.0,3,,,,,,,,
,,,,,45948,4.0,4,,,,,,,,
,,,,,45951,3.0,3,,,,,,,,
,,,,,45958,7.0,7,,,,,,,,
,,,,,45964,6.0,6,,,,,,,,
,,,,,45968,4.0,4,,,,,,,,
,,,,,45971,3.0,3,,,,,,,,
,,,,,45976,5.0,5,,,,,,,,
,,,,,45979,3.0,3,,,,,,,,
,,,,,45988,9.0,9,,,,,,,,
,,,,,45993,5.0,5,,,,,,,,
,,,,,45996,3.0,3,,,,,,,,
,,,,,46000,,,-8.791791915893555,87.91791534423828,180.53536987304688,35.38278579711914,32.77660369873047,0.0003,0.0003,0.1
,,,,,46010,14.0,14,,,,,,,,
,,,,,46016,6.0,6,,,,,,,,
,,,,,46019,3.0,3,,,,,,,,
,,,,,46028,9.0,9,,,,,,,,
,,,,,46033,5.0,5,,,,,,,,
,,,,,46037,4.0,4,,,,,,,,
,,,,,46040,3.0,3,,,,,,,,
,,,,,46052,12.0,12,,,,,,,,
,,,,,46057,5.0,5,,,,,,,,
,,,,,46068,11.0,11,,,,,,,,
,,,,,46072,4.0,4,,,,,,,,
,,,,,46076,4.0,4,,,,,,,,
,,,,,46080,4.0,4,,,,,,,,
,,,,,46083,3.0,3,,,,,,,,
,,,,,46086,3.0,3,,,,,,,,
,,,,,46090,4.0,4,,,,,,,,
,,,,,46093,3.0,3,,,,,,,,
,,,,,46097,4.0,4,,,,,,,,
,,,,,46103,6.0,6,,,,,,,,
,,,,,46106,3.0,3,,,,,,,,
,,,,,46109,3.0,3,,,,,,,,
,,,,,46119,10.0,10,,,,,,,,
,,,,,46128,9.0,9,,,,,,,,
,,,,,46139,11.0,11,,,,,,,,
,,,,,46142,3.0,3,,,,,,,,
,,,,,46159,17.0,17,,,,,,,,
,,,,,46165,6.0,6,,,,,,,,
,,,,,46168,3.0,3,,,,,,,,
,,,,,46173,5.0,5,,,,,,,,
,,,,,46177,4.0,4,,,,,,,,
,,,,,46189,12.0,12,,,,,,,,
,,,,,46193,4.0,4,,,,,,,,
,,,,,46206,13.0,13,,,,,,,,
,,,,,46211,5.0,5,,,,,,,,
,,,,,46217,6.0,6,,,,,,,,
,,,,,46220,3.0,3,,,,,,,,
,,,,,46230,10.0,10,,,,,,,,
,,,,,46236,6.0,6,,,,,,,,
,,,,,46240,4.0,4,,,,,,,,
,,,,,46245,5.0,5,,,,,,,,
,,,,,46250,5.0,5,,,,,,,,
,,,,,46259,9.0,9,,,,,,,,
,,,,,46263,4.0,4,,,,,,,,
,,,,,46266,3.0,3,,,,,,,,
,,,,,46269,3.0,3,,,,,,,,
,,,,,46272,3.0,3,,,,,,,,
,,,,,46276,4.0,4,,,,,,,,
,,,,,46280,4.0,4,,,,,,,,
,,,,,46283,3.0,3,,,,,,,,
,,,,,46295,12.0,12,,,,,,,,
,,,,,46299,4.0,4,,,,,,,,
,,,,,46309,10.0,10,,,,,,,,
,,,,,46316,7.0,7,,,,,,,,
,,,,,46320,4.0,4,,,,,,,,
,,,,,46326,6.0,6,,,,,,,,
,,,,,46334,8.0,8,,,,,,,,
,,,,,46338,4.0,4,,,,,,,,
,,,,,46341,3.0,3,,,,,,,,
,,,,,46348,7.0,7,,,,,,,,
,,,,,46351,3.0,3,,,,,,,,
,,,,,46355,4.0,4,,,,,,,,
,,,,,46360,5.0,5,,,,,,,,
,,,,,46363,3.0,3,,,,,,,,
,,,,,46368,5.0,5,,,,,,,,
,,,,,46374,6.0,6,,,,,,,,
,,,,,46378,4.0,4,,,,,,,,
,,,,,46382,4.0,4,,,,,,,,
,,,,,46385,3.0,3,,,,,,,,
,,,,,46389,4.0,4,,,,,,,,
,,,,,46395,6.0,6,,,,,,,,
,,,,,46400,5.0,5,,,,,,,,
,,,,,46403,3.0,3,,,,,,,,
,,,,,46407,4.0,4,,,,,,,,
,,,,,46411,4.0,4,,,,,,,,
,,,,,46421,10.0,10,,,,,,,,
,,,,,46428,7.0,7,,,,,,,,
,,,,,46432,4.0,4,,,,,,,,
,,,,,46439,7.0,7,,,,,,,,
,,,,,46443,4.0,4,,,,,,,,
,,,,,46457,14.0,14,,,,,,,,
,,,,,46466,9.0,9,,,,,,,,
,,,,,46473,7.0,7,,,,,,,,
,,,,,46476,3.0,3,,,,,,,,
,,,,,46481,5.0,5,,,,,,,,
,,,,,46486,5.0,5,,,,,,,,
,,,,,46490,4.0,4,,,,,,,,
,,,,,46496,6.0,6,,,,,,,,
,,,,,46500,4.0,4,,,,,,,,
,,,,,46506,6.0,6,,,,,,,,
,,,,,46509,3.0,3,,,,,,,,
,,,,,46517,8.0,8,,,,,,,,
,,,,,46523,6.0,6,,,,,,,,
,,,,,46527,4.0,4,,,,,,,,
,,,,,46533,6.0,6,,,,,,,,
,,,,,46536,3.0,3,,,,,,,,
,,,,,46541,5.0,5,,,,,,,,
,,,,,46546,5.0,5,,,,,,,,
,,,,,46552,6.0,6,,,,,,,,
,,,,,46555,3.0,3,,,,,,,,
,,,,,46562,7.0,7,,,,,,,,
,,,,,46571,9.0,9,,,,,,,,
,,,,,46574,3.0,3,,,,,,,,
,,,,,46577,3.0,3,,,,,,,,
,,,,,46583,6.0,6,,,,,,,,
,,,,,46591,8.0,8,,,,,,,,
,,,,,46595,4.0,4,,,,,,,,
,,,,,46599,4.0,4,,,,,,,,
,,,,,46603,4.0,4,,,,,,,,
,,,,,46611,8.0,8,,,,,,,,
,,,,,46614,3.0,3,,,,,,,,
,,,,,46628,14.0,14,,,,,,,,
,,,,,46636,8.0,8,,,,,,,,
,,,,,46639,3.0,3,,,,,,,,
,,,,,46642,3.0,3,,,,,,,,
,,,,,46650,8.0,8,,,,,,,,
,,,,,46656,6.0,6,,,,,,,,
,,,,,46662,6.0,6,,,,,,,,
,,,,,46665,3.0,3,,,,,,,,
,,,,,46669,4.0,4,,,,,,,,
,,,,,46674,5.0,5,,,,,,,,
,,,,,46693,19.0,19,,,,,,,,
,,,,,46698,5.0,5,,,,,,,,
,,,,,46703,5.0,5,,,,,,,,
,,,,,46709,6.0,6,,,,,,,,
,,,,,46713,4.0,4,,,,,,,,
,,,,,46719,6.0,6,,,,,,,,
,,,,,46732,13.0,13,,,,,,,,
,,,,,46741,9.0,9,,,,,,,,
,,,,,46744,3.0,3,,,,,,,,
,,,,,46749,5.0,5,,,,,,,,
,,,,,46759,10.0,10,,,,,,,,
,,,,,46763,4.0,4,,,,,,,,
,,,,,46766,3.0,3,,,,,,,,
,,,,,46774,8.0,8,,,,,,,,
,,,,,46780,6.0,6,,,,,,,,
,,,,,46784,4.0,4,,,,,,,,
,,,,,46797,13.0,13,,,,,,,,
,,,,,46801,4.0,4,,,,,,,,
,,,,,46809,8.0,8,,,,,,,,
,,,,,46813,4.0,4,,,,,,,,
,,,,,46820,7.0,7,,,,,,,,
,,,,,46834,14.0,14,,,,,,,,
,,,,,46837,3.0,3,,,,,,,,
,,,,,46841,4.0,4,,,,,,,,
,,,,,46847,6.0,6,,,,,,,,
,,,,,46850,3.0,3,,,,,,,,
,,,,,46859,9.0,9,,,,,,,,
,,,,,46862,3.0,3,,,,,,,,
,,,,,46867,5.0,5,,,,,,,,
,,,,,46872,5.0,5,,,,,,,,
,,,,,46881,9.0,9,,,,,,,,
,,,,,46885,4.0,4,,,,,,,,
,,,,,46891,6.0,6,,,,,,,,
,,,,,46901,10.0,10,,,,,,,,
,,,,,46911,10.0,10,,,,,,,,
,,,,,46915,4.0,4,,,,,,,,
,,,,,46918,3.0,3,,,,,,,,
,,,,,46924,6.0,6,,,,,,,,
,,,,,46928,4.0,4,,,,,,,,
,,,,,46934,6.0,6,,,,,,,,
,,,,,46937,3.0,3,,,,,,,,
,,,,,46940,3.0,3,,,,,,,,
,,,,,46944,4.0,4,,,,,,,,
,,,,,46947,3.0,3,,,,,,,,
,,,,,46950,3.0,3,,,,,,,,
,,,,,46954,4.0,4,,,,,,,,
,,,,,46958,4.0,4,,,,,,,,
,,,,,46961,3.0,3,,,,,,,,
,,,,,46964,3.0,3,,,,,,,,
,,,,,46973,9.0,9,,,,,,,,
,,,,,46980,7.0,7,,,,,,,,
,,,,,46985,5.0,5,,,,,,,,
,,,,,46988,3.0,3,,,,,,,,
,,,,,46991,3.0,3,,,,,,,,
,,,,,46995,4.0,4,,,,,,,,
,,,,,47000,,,-8.616684913635254,86.1668472290039,185.3531036376953,31.832244873046875,32.7091064453125,0.0003,0.0003,0.1
,,,,,47003,8.0,8,,,,,,,,
,,,,,47007,4.0,4,,,,,,,,
,,,,,47010,3.0,3,,,,,,,,
,,,,,47027,17.0,17,,,,,,,,
,,,,,47030,3.0,3,,,,,,,,
,,,,,47034,4.0,4,,,,,,,,
,,,,,47038,4.0,4,,,,,,,,
,,,,,47049,11.0,11,,,,,,,,
,,,,,47053,4.0,4,,,,,,,,
,,,,,47062,9.0,9,,,,,,,,
,,,,,47067,5.0,5,,,,,,,,
,,,,,47070,3.0,3,,,,,,,,
,,,,,47082,12.0,12,,,,,,,,
,,,,,47088,6.0,6,,,,,,,,
,,,,,47092,4.0,4,,,,,,,,
,,,,,47108,16.0,16,,,,,,,,
,,,,,47114,6.0,6,,,,,,,,
,,,,,47118,4.0,4,,,,,,,,
,,,,,47125,7.0,7,,,,,,,,
,,,,,47132,7.0,7,,,,,,,,
,,,,,47146,14.0,14,,,,,,,,
,,,,,47152,6.0,6,,,,,,,,
,,,,,47160,8.0,8,,,,,,,,
,,,,,47164,4.0,4,,,,,,,,
,,,,,47167,3.0,3,,,,,,,,
,,,,,47172,5.0,5,,,,,,,,
,,,,,47181,9.0,9,,,,,,,,
,,,,,47188,7.0,7,,,,,,,,
,,,,,47191,3.0,3,,,,,,,,
,,,,,47196,5.0,5,,,,,,,,
,,,,,47201,5.0,5,,,,,,,,
,,,,,47206,5.0,5,,,,,,,,
,,,,,47210,4.0,4,,,,,,,,
,,,,,47219,9.0,9,,,,,,,,
,,,,,47224,5.0,5,,,,,,,,
,,,,,47240,16.0,16,,,,,,,,
,,,,,47243,3.0,3,,,,,,,,
,,,,,47246,3.0,3,,,,,,,,
,,,,,47249,3.0,3,,,,,,,,
,,,,,47255,6.0,6,,,,,,,,
,,,,,47258,3.0,3,,,,,,,,
,,,,,47261,3.0,3,,,,,,,,
,,,,,47267,6.0,6,,,,,,,,
,,,,,47273,6.0,6,,,,,,,,
,,,,,47276,3.0,3,,,,,,,,
,,,,,47279,3.0,3,,,,,,,,
,,,,,47283,4.0,4,,,,,,,,
,,,,,47292,9.0,9,,,,,,,,
,,,,,47297,5.0,5,,,,,,,,
,,,,,47303,6.0,6,,,,,,,,
,,,,,47309,6.0,6,,,,,,,,
,,,,,47319,10.0,10,,,,,,,,
,,,,,47323,4.0,4,,,,,,,,
,,,,,47326,3.0,3,,,,,,,,
,,,,,47329,3.0,3,,,,,,,,
,,,,,47334,5.0,5,,,,,,,,
,,,,,47344,10.0,10,,,,,,,,
,,,,,47354,10.0,10,,,,,,,,
,,,,,47362,8.0,8,,,,,,,,
,,,,,47371,9.0,9,,,,,,,,
,,,,,47374,3.0,3,,,,,,,,
,,,,,47377,3.0,3,,,,,,,,
,,,,,47388,11.0,11,,,,,,,,
,,,,,47397,9.0,9,,,,,,,,
,,,,,47402,5.0,5,,,,,,,,
,,,,,47409,7.0,7,,,,,,,,
,,,,,47413,4.0,4,,,,,,,,
,,,,,47417,4.0,4,,,,,,,,
,,,,,47428,11.0,11,,,,,,,,
,,,,,47431,3.0,3,,,,,,,,
,,,,,47434,3.0,3,,,,,,,,
,,,,,47443,9.0,9,,,,,,,,
,,,,,47451,8.0,8,,,,,,,,
,,,,,47456,5.0,5,,,,,,,,
,,,,,47462,6.0,6,,,,,,,,
,,,,,47465,3.0,3,,,,,,,,
,,,,,47469,4.0,4,,,,,,,,
,,,,,47474,5.0,5,,,,,,,,
,,,,,47479,5.0,5,,,,,,,,
,,,,,47485,6.0,6,,,,,,,,
,,,,,47491,6.0,6,,,,,,,,
,,,,,47504,13.0,13,,,,,,,,
,,,,,47512,8.0,8,,,,,,,,
,,,,,47515,3.0,3,,,,,,,,
,,,,,47518,3.0,3,,,,,,,,
,,,,,47523,5.0,5,,,,,,,,
,,,,,47531,8.0,8,,,,,,,,
,,,,,47537,6.0,6,,,,,,,,
,,,,,47542,5.0,5,,,,,,,,
,,,,,47547,5.0,5,,,,,,,,
,,,,,47557,10.0,10,,,,,,,,
,,,,,47562,5.0,5,,,,,,,,
,,,,,47568,6.0,6,,,,,,,,
,,,,,47576,8.0,8,,,,,,,,
,,,,,47581,5.0,5,,,,,,,,
,,,,,47587,6.0,6,,,,,,,,
,,,,,47590,3.0,3,,,,,,,,
,,,,,47594,4.0,4,,,,,,,,
,,,,,47607,13.0,13,,,,,,,,
,,,,,47616,9.0,9,,,,,,,,
,,,,,47622,6.0,6,,,,,,,,
,,,,,47633,11.0,11,,,,,,,,
,,,,,47639,6.0,6,,,,,,,,
,,,,,47642,3.0,3,,,,,,,,
,,,,,47646,4.0,4,,,,,,,,
,,,,,47650,4.0,4,,,,,,,,
,,,,,47654,4.0,4,,,,,,,,
,,,,,47660,6.0,6,,,,,,,,
,,,,,47668,8.0,8,,,,,,,,
,,,,,47671,3.0,3,,,,,,,,
,,,,,47676,5.0,5,,,,,,,,
,,,,,47682,6.0,6,,,,,,,,
,,,,,47686,4.0,4,,,,,,,,
,,,,,47689,3.0,3,,,,,,,,
,,,,,47692,3.0,3,,,,,,,,
,,,,,47702,10.0,10,,,,,,,,
,,,,,47707,5.0,5,,,,,,,,
,,,,,47710,3.0,3,,,,,,,,
,,,,,47716,6.0,6,,,,,,,,
,,,,,47722,6.0,6,,,,,,,,
,,,,,47727,5.0,5,,,,,,,,
,,,,,47741,14.0,14,,,,,,,,
,,,,,47748,7.0,7,,,,,,,,
,,,,,47753,5.0,5,,,,,,,,
,,,,,47756,3.0,3,,,,,,,,
,,,,,47762,6.0,6,,,,,,,,
,,,,,47772,10.0,10,,,,,,,,
,,,,,47779,7.0,7,,,,,,,,
,,,,,47783,4.0,4,,,,,,,,
,,,,,47789,6.0,6,,,,,,,,
,,,,,47792,3.0,3,,,,,,,,
,,,,,47797,5.0,5,,,,,,,,
,,,,,47800,3.0,3,,,,,,,,
,,,,,47813,13.0,13,,,,,,,,
,,,,,47816,3.0,3,,,,,,,,
,,,,,47822,6.0,6,,,,,,,,
,,,,,47828,6.0,6,,,,,,,,
,,,,,47831,3.0,3,,,,,,,,
,,,,,47835,4.0,4,,,,,,,,
,,,,,47844,9.0,9,,,,,,,,
,,,,,47847,3.0,3,,,,,,,,
,,,,,47858,11.0,11,,,,,,,,
,,,,,47862,4.0,4,,,,,,,,
,,,,,47866,4.0,4,,,,,,,,
,,,,,47876,10.0,10,,,,,,,,
,,,,,47879,3.0,3,,,,,,,,
,,,,,47883,4.0,4,,,,,,,,
,,,,,47886,3.0,3,,,,,,,,
,,,,,47889,3.0,3,,,,,,,,
,,,,,47901,12.0,12,,,,,,,,
,,,,,47906,5.0,5,,,,,,,,
,,,,,47913,7.0,7,,,,,,,,
,,,,,47918,5.0,5,,,,,,,,
,,,,,47928,10.0,10,,,,,,,,
,,,,,47934,6.0,6,,,,,,,,
,,,,,47937,3.0,3,,,,,,,,
,,,,,47941,4.0,4,,,,,,,,
,,,,,47947,6.0,6,,,,,,,,
,,,,,47964,17.0,17,,,,,,,,
,,,,,47968,4.0,4,,,,,,,,
,,,,,47972,4.0,4,,,,,,,,
,,,,,47980,8.0,8,,,,,,,,
,,,,,47987,7.0,7,,,,,,,,
,,,,,47990,3.0,3,,,,,,,,
,,,,,47994,4.0,4,,,,,,,,
,,,,,47998,4.0,4,,,,,,,,
,,,,,48000,,,-8.653735160827637,86.537353515625,144.92620849609375,36.598045349121094,38.73234176635742,0.0003,0.0003,0.1
,,,,,48002,4.0,4,,,,,,,,
,,,,,48005,3.0,3,,,,,,,,
,,,,,48010,5.0,5,,,,,,,,
,,,,,48014,4.0,4,,,,,,,,
,,,,,48023,9.0,9,,,,,,,,
,,,,,48026,3.0,3,,,,,,,,
,,,,,48037,11.0,11,,,,,,,,
,,,,,48040,3.0,3,,,,,,,,
,,,,,48045,5.0,5,,,,,,,,
,,,,,48049,4.0,4,,,,,,,,
,,,,,48053,4.0,4,,,,,,,,
,,,,,48056,3.0,3,,,,,,,,
,,,,,48060,4.0,4,,,,,,,,
,,,,,48070,10.0,10,,,,,,,,
,,,,,48073,3.0,3,,,,,,,,
,,,,,48076,3.0,3,,,,,,,,
,,,,,48080,4.0,4,,,,,,,,
,,,,,48084,4.0,4,,,,,,,,
,,,,,48089,5.0,5,,,,,,,,
,,,,,48094,5.0,5,,,,,,,,
,,,,,48100,6.0,6,,,,,,,,
,,,,,48104,4.0,4,,,,,,,,
,,,,,48107,3.0,3,,,,,,,,
,,,,,48111,4.0,4,,,,,,,,
,,,,,48115,4.0,4,,,,,,,,
,,,,,48118,3.0,3,,,,,,,,
,,,,,48121,3.0,3,,,,,,,,
,,,,,48124,3.0,3,,,,,,,,
,,,,,48128,4.0,4,,,,,,,,
,,,,,48132,4.0,4,,,,,,,,
,,,,,48145,13.0,13,,,,,,,,
,,,,,48156,11.0,11,,,,,,,,
,,,,,48161,5.0,5,,,,,,,,
,,,,,48164,3.0,3,,,,,,,,
,,,,,48171,7.0,7,,,,,,,,
,,,,,48176,5.0,5,,,,,,,,
,,,,,48193,17.0,17,,,,,,,,
,,,,,48199,6.0,6,,,,,,,,
,,,,,48202,3.0,3,,,,,,,,
,,,,,48209,7.0,7,,,,,,,,
,,,,,48219,10.0,10,,,,,,,,
,,,,,48225,6.0,6,,,,,,,,
,,,,,48230,5.0,5,,,,,,,,
,,,,,48234,4.0,4,,,,,,,,
,,,,,48248,14.0,14,,,,,,,,
,,,,,48252,4.0,4,,,,,,,,
,,,,,48256,4.0,4,,,,,,,,
,,,,,48260,4.0,4,,,,,,,,
,,,,,48274,14.0,14,,,,,,,,
,,,,,48277,3.0,3,,,,,,,,
,,,,,48280,3.0,3,,,,,,,,
,,,,,48283,3.0,3,,,,,,,,
,,,,,48292,9.0,9,,,,,,,,
,,,,,48295,3.0,3,,,,,,,,
,,,,,48299,4.0,4,,,,,,,,
,,,,,48304,5.0,5,,,,,,,,
,,,,,48308,4.0,4,,,,,,,,
,,,,,48313,5.0,5,,,,,,,,
,,,,,48318,5.0,5,,,,,,,,
,,,,,48321,3.0,3,,,,,,,,
,,,,,48327,6.0,6,,,,,,,,
,,,,,48331,4.0,4,,,,,,,,
,,,,,48337,6.0,6,,,,,,,,
,,,,,48343,6.0,6,,,,,,,,
,,,,,48348,5.0,5,,,,,,,,
,,,,,48351,3.0,3,,,,,,,,
,,,,,48355,4.0,4,,,,,,,,
,,,,,48359,4.0,4,,,,,,,,
,,,,,48364,5.0,5,,,,,,,,
,,,,,48367,3.0,3,,,,,,,,
,,,,,48371,4.0,4,,,,,,,,
,,,,,48375,4.0,4,,,,,,,,
,,,,,48380,5.0,5,,,,,,,,
,,,,,48388,8.0,8,,,,,,,,
,,,,,48391,3.0,3,,,,,,,,
,,,,,48398,7.0,7,,,,,,,,
,,,,,48401,3.0,3,,,,,,,,
,,,,,48406,5.0,5,,,,,,,,
,,,,,48409,3.0,3,,,,,,,,
,,,,,48417,8.0,8,,,,,,,,
,,,,,48422,5.0,5,,,,,,,,
,,,,,48425,3.0,3,,,,,,,,
,,,,,48431,6.0,6,,,,,,,,
,,,,,48436,5.0,5,,,,,,,,
,,,,,48439,3.0,3,,,,,,,,
,,,,,48444,5.0,5,,,,,,,,
,,,,,48453,9.0,9,,,,,,,,
,,,,,48456,3.0,3,,,,,,,,
,,,,,48470,14.0,14,,,,,,,,
,,,,,48474,4.0,4,,,,,,,,
,,,,,48482,8.0,8,,,,,,,,
,,,,,48492,10.0,10,,,,,,,,
,,,,,48502,10.0,10,,,,,,,,
,,,,,48507,5.0,5,,,,,,,,
,,,,,48513,6.0,6,,,,,,,,
,,,,,48516,3.0,3,,,,,,,,
,,,,,48525,9.0,9,,,,,,,,
,,,,,48530,5.0,5,,,,,,,,
,,,,,48535,5.0,5,,,,,,,,
,,,,,48544,9.0,9,,,,,,,,
,,,,,48552,8.0,8,,,,,,,,
,,,,,48558,6.0,6,,,,,,,,
,,,,,48566,8.0,8,,,,,,,,
,,,,,48570,4.0,4,,,,,,,,
,,,,,48574,4.0,4,,,,,,,,
,,,,,48580,6.0,6,,,,,,,,
,,,,,48585,5.0,5,,,,,,,,
,,,,,48592,7.0,7,,,,,,,,
,,,,,48595,3.0,3,,,,,,,,
,,,,,48605,10.0,10,,,,,,,,
,,,,,48625,20.0,20,,,,,,,,
,,,,,48631,6.0,6,,,,,,,,
,,,,,48635,4.0,4,,,,,,,,
,,,,,48653,18.0,18,,,,,,,,
,,,,,48660,7.0,7,,,,,,,,
,,,,,48668,8.0,8,,,,,,,,
,,,,,48675,7.0,7,,,,,,,,
,,,,,48679,4.0,4,,,,,,,,
,,,,,48682,3.0,3,,,,,,,,
,,,,,48688,6.0,6,,,,,,,,
,,,,,48696,8.0,8,,,,,,,,
,,,,,48699,3.0,3,,,,,,,,
,,,,,48703,4.0,4,,,,,,,,
,,,,,48711,8.0,8,,,,,,,,
,,,,,48715,4.0,4,,,,,,,,
,,,,,48726,11.0,11,,,,,,,,
,,,,,48738,12.0,12,,,,,,,,
,,,,,48743,5.0,5,,,,,,,,
,,,,,48748,5.0,5,,,,,,,,
,,,,,48752,4.0,4,,,,,,,,
,,,,,48756,4.0,4,,,,,,,,
,,,,,48759,3.0,3,,,,,,,,
,,,,,48763,4.0,4,,,,,,,,
,,,,,48769,6.0,6,,,,,,,,
,,,,,48775,6.0,6,,,,,,,,
,,,,,48780,5.0,5,,,,,,,,
,,,,,48785,5.0,5,,,,,,,,
,,,,,48789,4.0,4,,,,,,,,
,,,,,48792,3.0,3,,,,,,,,
,,,,,48796,4.0,4,,,,,,,,
,,,,,48807,11.0,11,,,,,,,,
,,,,,48812,5.0,5,,,,,,,,
,,,,,48818,6.0,6,,,,,,,,
,,,,,48827,9.0,9,,,,,,,,
,,,,,48835,8.0,8,,,,,,,,
,,,,,48839,4.0,4,,,,,,,,
,,,,,48848,9.0,9,,,,,,,,
,,,,,48852,4.0,4,,,,,,,,
,,,,,48858,6.0,6,,,,,,,,
,,,,,48862,4.0,4,,,,,,,,
,,,,,48865,3.0,3,,,,,,,,
,,,,,48873,8.0,8,,,,,,,,
,,,,,48881,8.0,8,,,,,,,,
,,,,,48887,6.0,6,,,,,,,,
,,,,,48900,13.0,13,,,,,,,,
,,,,,48903,3.0,3,,,,,,,,
,,,,,48916,13.0,13,,,,,,,,
,,,,,48919,3.0,3,,,,,,,,
,,,,,48923,4.0,4,,,,,,,,
,,,,,48928,5.0,5,,,,,,,,
,,,,,48932,4.0,4,,,,,,,,
,,,,,48944,12.0,12,,,,,,,,
,,,,,48947,3.0,3,,,,,,,,
,,,,,48951,4.0,4,,,,,,,,
,,,,,48955,4.0,4,,,,,,,,
,,,,,48967,12.0,12,,,,,,,,
,,,,,48979,12.0,12,,,,,,,,
,,,,,48985,6.0,6,,,,,,,,
,,,,,48993,8.0,8,,,,,,,,
,,,,,48998,5.0,5,,,,,,,,
,,,,,49000,,,-8.459421157836914,84.59420776367188,151.88658142089844,34.89924621582031,35.28706359863281,0.0003,0.0003,0.1
,,,,,49001,3.0,3,,,,,,,,
,,,,,49004,3.0,3,,,,,,,,
,,,,,49009,5.0,5,,,,,,,,
,,,,,49017,8.0,8,,,,,,,,
,,,,,49021,4.0,4,,,,,,,,
,,,,,49025,4.0,4,,,,,,,,
,,,,,49028,3.0,3,,,,,,,,
,,,,,49037,9.0,9,,,,,,,,
,,,,,49040,3.0,3,,,,,,,,
,,,,,49043,3.0,3,,,,,,,,
,,,,,49047,4.0,4,,,,,,,,
,,,,,49053,6.0,6,,,,,,,,
,,,,,49059,6.0,6,,,,,,,,
,,,,,49062,3.0,3,,,,,,,,
,,,,,49066,4.0,4,,,,,,,,
,,,,,49070,4.0,4,,,,,,,,
,,,,,49079,9.0,9,,,,,,,,
,,,,,49082,3.0,3,,,,,,,,
,,,,,49091,9.0,9,,,,,,,,
,,,,,49095,4.0,4,,,,,,,,
,,,,,49098,3.0,3,,,,,,,,
,,,,,49111,13.0,13,,,,,,,,
,,,,,49119,8.0,8,,,,,,,,
,,,,,49138,19.0,19,,,,,,,,
,,,,,49141,3.0,3,,,,,,,,
,,,,,49149,8.0,8,,,,,,,,
,,,,,49152,3.0,3,,,,,,,,
,,,,,49163,11.0,11,,,,,,,,
,,,,,49168,5.0,5,,,,,,,,
,,,,,49171,3.0,3,,,,,,,,
,,,,,49175,4.0,4,,,,,,,,
,,,,,49178,3.0,3,,,,,,,,
,,,,,49199,21.0,21,,,,,,,,
,,,,,49207,8.0,8,,,,,,,,
,,,,,49216,9.0,9,,,,,,,,
,,,,,49221,5.0,5,,,,,,,,
,,,,,49229,8.0,8,,,,,,,,
,,,,,49233,4.0,4,,,,,,,,
,,,,,49236,3.0,3,,,,,,,,
,,,,,49239,3.0,3,,,,,,,,
,,,,,49247,8.0,8,,,,,,,,
,,,,,49251,4.0,4,,,,,,,,
,,,,,49255,4.0,4,,,,,,,,
,,,,,49258,3.0,3,,,,,,,,
,,,,,49263,5.0,5,,,,,,,,
,,,,,49266,3.0,3,,,,,,,,
,,,,,49270,4.0,4,,,,,,,,
,,,,,49274,4.0,4,,,,,,,,
,,,,,49279,5.0,5,,,,,,,,
,,,,,49282,3.0,3,,,,,,,,
,,,,,49295,13.0,13,,,,,,,,
,,,,,49299,4.0,4,,,,,,,,
,,,,,49305,6.0,6,,,,,,,,
,,,,,49312,7.0,7,,,,,,,,
,,,,,49318,6.0,6,,,,,,,,
,,,,,49323,5.0,5,,,,,,,,
,,,,,49333,10.0,10,,,,,,,,
,,,,,49341,8.0,8,,,,,,,,
,,,,,49353,12.0,12,,,,,,,,
,,,,,49361,8.0,8,,,,,,,,
,,,,,49371,10.0,10,,,,,,,,
,,,,,49376,5.0,5,,,,,,,,
,,,,,49380,4.0,4,,,,,,,,
,,,,,49393,13.0,13,,,,,,,,
,,,,,49398,5.0,5,,,,,,,,
,,,,,49405,7.0,7,,,,,,,,
,,,,,49408,3.0,3,,,,,,,,
,,,,,49412,4.0,4,,,,,,,,
,,,,,49425,13.0,13,,,,,,,,
,,,,,49431,6.0,6,,,,,,,,
,,,,,49436,5.0,5,,,,,,,,
,,,,,49443,7.0,7,,,,,,,,
,,,,,49455,12.0,12,,,,,,,,
,,,,,49465,10.0,10,,,,,,,,
,,,,,49469,4.0,4,,,,,,,,
,,,,,49476,7.0,7,,,,,,,,
,,,,,49479,3.0,3,,,,,,,,
,,,,,49483,4.0,4,,,,,,,,
,,,,,49488,5.0,5,,,,,,,,
,,,,,49498,10.0,10,,,,,,,,
,,,,,49502,4.0,4,,,,,,,,
,,,,,49505,3.0,3,,,,,,,,
,,,,,49509,4.0,4,,,,,,,,
,,,,,49514,5.0,5,,,,,,,,
,,,,,49520,6.0,6,,,,,,,,
,,,,,49524,4.0,4,,,,,,,,
,,,,,49527,3.0,3,,,,,,,,
,,,,,49530,3.0,3,,,,,,,,
,,,,,49534,4.0,4,,,,,,,,
,,,,,49541,7.0,7,,,,,,,,
,,,,,49545,4.0,4,,,,,,,,
,,,,,49549,4.0,4,,,,,,,,
,,,,,49555,6.0,6,,,,,,,,
,,,,,49565,10.0,10,,,,,,,,
,,,,,49568,3.0,3,,,,,,,,
,,,,,49571,3.0,3,,,,,,,,
,,,,,49574,3.0,3,,,,,,,,
,,,,,49583,9.0,9,,,,,,,,
,,,,,49587,4.0,4,,,,,,,,
,,,,,49592,5.0,5,,,,,,,,
,,,,,49595,3.0,3,,,,,,,,
,,,,,49600,5.0,5,,,,,,,,
,,,,,49604,4.0,4,,,,,,,,
,,,,,49608,4.0,4,,,,,,,,
,,,,,49611,3.0,3,,,,,,,,
,,,,,49614,3.0,3,,,,,,,,
,,,,,49626,12.0,12,,,,,,,,
,,,,,49632,6.0,6,,,,,,,,
,,,,,49636,4.0,4,,,,,,,,
,,,,,49640,4.0,4,,,,,,,,
,,,,,49646,6.0,6,,,,,,,,
,,,,,49654,8.0,8,,,,,,,,
,,,,,49657,3.0,3,,,,,,,,
,,,,,49660,3.0,3,,,,,,,,
,,,,,49666,6.0,6,,,,,,,,
,,,,,49669,3.0,3,,,,,,,,
,,,,,49673,4.0,4,,,,,,,,
,,,,,49677,4.0,4,,,,,,,,
,,,,,49683,6.0,6,,,,,,,,
,,,,,49687,4.0,4,,,,,,,,
,,,,,49690,3.0,3,,,,,,,,
,,,,,49693,3.0,3,,,,,,,,
,,,,,49696,3.0,3,,,,,,,,
,,,,,49711,15.0,15,,,,,,,,
,,,,,49717,6.0,6,,,,,,,,
,,,,,49720,3.0,3,,,,,,,,
,,,,,49726,6.0,6,,,,,,,,
,,,,,49733,7.0,7,,,,,,,,
,,,,,49740,7.0,7,,,,,,,,
,,,,,49747,7.0,7,,,,,,,,
,,,,,49751,4.0,4,,,,,,,,
,,,,,49761,10.0,10,,,,,,,,
,,,,,49765,4.0,4,,,,,,,,
,,,,,49768,3.0,3,,,,,,,,
,,,,,49776,8.0,8,,,,,,,,
,,,,,49780,4.0,4,,,,,,,,
,,,,,49784,4.0,4,,,,,,,,
,,,,,49790,6.0,6,,,,,,,,
,,,,,49802,12.0,12,,,,,,,,
,,,,,49809,7.0,7,,,,,,,,
,,,,,49813,4.0,4,,,,,,,,
,,,,,49816,3.0,3,,,,,,,,
,,,,,49820,4.0,4,,,,,,,,
,,,,,49826,6.0,6,,,,,,,,
,,,,,49830,4.0,4,,,,,,,,
,,,,,49841,11.0,11,,,,,,,,
,,,,,49856,15.0,15,,,,,,,,
,,,,,49870,14.0,14,,,,,,,,
,,,,,49875,5.0,5,,,,,,,,
,,,,,49878,3.0,3,,,,,,,,
,,,,,49885,7.0,7,,,,,,,,
,,,,,49889,4.0,4,,,,,,,,
,,,,,49893,4.0,4,,,,,,,,
,,,,,49896,3.0,3,,,,,,,,
,,,,,49902,6.0,6,,,,,,,,
,,,,,49911,9.0,9,,,,,,,,
,,,,,49917,6.0,6,,,,,,,,
,,,,,49922,5.0,5,,,,,,,,
,,,,,49925,3.0,3,,,,,,,,
,,,,,49935,10.0,10,,,,,,,,
,,,,,49940,5.0,5,,,,,,,,
,,,,,49946,6.0,6,,,,,,,,
,,,,,49954,8.0,8,,,,,,,,
,,,,,49962,8.0,8,,,,,,,,
,,,,,49965,3.0,3,,,,,,,,
,,,,,49973,8.0,8,,,,,,,,
,,,,,49977,4.0,4,,,,,,,,
,,,,,49982,5.0,5,,,,,,,,
,,,,,49990,8.0,8,,,,,,,,
,,,,,49995,5.0,5,,,,,,,,
