Eval_AverageReturn,Eval_StdReturn,Eval_MaxReturn,Eval_MinReturn,Eval_AverageEpLen,step,Train_EpisodeReturn,Train_EpisodeLen,actor_loss,entropy,critic_loss,q_values,target_values,actor_lr,critic_lr,temperature
6.8,4.0199504,15.0,3.0,6.8,0,,,,,,,,,,
,,,,,3,4.0,4,,,,,,,,
,,,,,6,3.0,3,,,,,,,,
,,,,,12,6.0,6,,,,,,,,
,,,,,16,4.0,4,,,,,,,,
,,,,,24,8.0,8,,,,,,,,
,,,,,29,5.0,5,,,,,,,,
,,,,,35,6.0,6,,,,,,,,
,,,,,41,6.0,6,,,,,,,,
,,,,,45,4.0,4,,,,,,,,
,,,,,51,6.0,6,,,,,,,,
,,,,,56,5.0,5,,,,,,,,
,,,,,65,9.0,9,,,,,,,,
,,,,,68,3.0,3,,,,,,,,
,,,,,75,7.0,7,,,,,,,,
,,,,,78,3.0,3,,,,,,,,
,,,,,82,4.0,4,,,,,,,,
,,,,,86,4.0,4,,,,,,,,
,,,,,101,15.0,15,,,,,,,,
,,,,,109,8.0,8,,,,,,,,
,,,,,112,3.0,3,,,,,,,,
,,,,,115,3.0,3,,,,,,,,
,,,,,123,8.0,8,,,,,,,,
,,,,,128,5.0,5,,,,,,,,
,,,,,131,3.0,3,,,,,,,,
,,,,,146,15.0,15,,,,,,,,
,,,,,153,7.0,7,,,,,,,,
,,,,,156,3.0,3,,,,,,,,
,,,,,162,6.0,6,,,,,,,,
,,,,,165,3.0,3,,,,,,,,
,,,,,168,3.0,3,,,,,,,,
,,,,,174,6.0,6,,,,,,,,
,,,,,179,5.0,5,,,,,,,,
,,,,,188,9.0,9,,,,,,,,
,,,,,203,15.0,15,,,,,,,,
,,,,,206,3.0,3,,,,,,,,
,,,,,210,4.0,4,,,,,,,,
,,,,,213,3.0,3,,,,,,,,
,,,,,243,30.0,30,,,,,,,,
,,,,,246,3.0,3,,,,,,,,
,,,,,251,5.0,5,,,,,,,,
,,,,,254,3.0,3,,,,,,,,
,,,,,258,4.0,4,,,,,,,,
,,,,,262,4.0,4,,,,,,,,
,,,,,271,9.0,9,,,,,,,,
,,,,,274,3.0,3,,,,,,,,
,,,,,280,6.0,6,,,,,,,,
,,,,,283,3.0,3,,,,,,,,
,,,,,287,4.0,4,,,,,,,,
,,,,,291,4.0,4,,,,,,,,
,,,,,294,3.0,3,,,,,,,,
,,,,,301,7.0,7,,,,,,,,
,,,,,306,5.0,5,,,,,,,,
,,,,,311,5.0,5,,,,,,,,
,,,,,317,6.0,6,,,,,,,,
,,,,,320,3.0,3,,,,,,,,
,,,,,324,4.0,4,,,,,,,,
,,,,,332,8.0,8,,,,,,,,
,,,,,341,9.0,9,,,,,,,,
,,,,,348,7.0,7,,,,,,,,
,,,,,354,6.0,6,,,,,,,,
,,,,,357,3.0,3,,,,,,,,
,,,,,360,3.0,3,,,,,,,,
,,,,,364,4.0,4,,,,,,,,
,,,,,370,6.0,6,,,,,,,,
,,,,,378,8.0,8,,,,,,,,
,,,,,381,3.0,3,,,,,,,,
,,,,,388,7.0,7,,,,,,,,
,,,,,394,6.0,6,,,,,,,,
,,,,,401,7.0,7,,,,,,,,
,,,,,410,9.0,9,,,,,,,,
,,,,,414,4.0,4,,,,,,,,
,,,,,423,9.0,9,,,,,,,,
,,,,,428,5.0,5,,,,,,,,
,,,,,432,4.0,4,,,,,,,,
,,,,,440,8.0,8,,,,,,,,
,,,,,450,10.0,10,,,,,,,,
,,,,,454,4.0,4,,,,,,,,
,,,,,461,7.0,7,,,,,,,,
,,,,,469,8.0,8,,,,,,,,
,,,,,474,5.0,5,,,,,,,,
,,,,,479,5.0,5,,,,,,,,
,,,,,483,4.0,4,,,,,,,,
,,,,,491,8.0,8,,,,,,,,
,,,,,501,10.0,10,,,,,,,,
,,,,,506,5.0,5,,,,,,,,
,,,,,518,12.0,12,,,,,,,,
,,,,,529,11.0,11,,,,,,,,
,,,,,536,7.0,7,,,,,,,,
,,,,,540,4.0,4,,,,,,,,
,,,,,543,3.0,3,,,,,,,,
,,,,,550,7.0,7,,,,,,,,
,,,,,556,6.0,6,,,,,,,,
,,,,,562,6.0,6,,,,,,,,
,,,,,567,5.0,5,,,,,,,,
,,,,,572,5.0,5,,,,,,,,
,,,,,577,5.0,5,,,,,,,,
,,,,,582,5.0,5,,,,,,,,
,,,,,586,4.0,4,,,,,,,,
,,,,,589,3.0,3,,,,,,,,
,,,,,595,6.0,6,,,,,,,,
,,,,,603,8.0,8,,,,,,,,
,,,,,608,5.0,5,,,,,,,,
,,,,,619,11.0,11,,,,,,,,
,,,,,623,4.0,4,,,,,,,,
,,,,,627,4.0,4,,,,,,,,
,,,,,630,3.0,3,,,,,,,,
,,,,,635,5.0,5,,,,,,,,
,,,,,640,5.0,5,,,,,,,,
,,,,,644,4.0,4,,,,,,,,
,,,,,654,10.0,10,,,,,,,,
,,,,,660,6.0,6,,,,,,,,
,,,,,663,3.0,3,,,,,,,,
,,,,,669,6.0,6,,,,,,,,
,,,,,675,6.0,6,,,,,,,,
,,,,,679,4.0,4,,,,,,,,
,,,,,693,14.0,14,,,,,,,,
,,,,,696,3.0,3,,,,,,,,
,,,,,700,4.0,4,,,,,,,,
,,,,,704,4.0,4,,,,,,,,
,,,,,710,6.0,6,,,,,,,,
,,,,,717,7.0,7,,,,,,,,
,,,,,721,4.0,4,,,,,,,,
,,,,,727,6.0,6,,,,,,,,
,,,,,731,4.0,4,,,,,,,,
,,,,,738,7.0,7,,,,,,,,
,,,,,741,3.0,3,,,,,,,,
,,,,,746,5.0,5,,,,,,,,
,,,,,749,3.0,3,,,,,,,,
,,,,,756,7.0,7,,,,,,,,
,,,,,759,3.0,3,,,,,,,,
,,,,,762,3.0,3,,,,,,,,
,,,,,765,3.0,3,,,,,,,,
,,,,,769,4.0,4,,,,,,,,
,,,,,773,4.0,4,,,,,,,,
,,,,,777,4.0,4,,,,,,,,
,,,,,782,5.0,5,,,,,,,,
,,,,,786,4.0,4,,,,,,,,
,,,,,790,4.0,4,,,,,,,,
,,,,,793,3.0,3,,,,,,,,
,,,,,801,8.0,8,,,,,,,,
,,,,,804,3.0,3,,,,,,,,
,,,,,812,8.0,8,,,,,,,,
,,,,,815,3.0,3,,,,,,,,
,,,,,826,11.0,11,,,,,,,,
,,,,,838,12.0,12,,,,,,,,
,,,,,843,5.0,5,,,,,,,,
,,,,,846,3.0,3,,,,,,,,
,,,,,850,4.0,4,,,,,,,,
,,,,,854,4.0,4,,,,,,,,
,,,,,857,3.0,3,,,,,,,,
,,,,,865,8.0,8,,,,,,,,
,,,,,870,5.0,5,,,,,,,,
,,,,,875,5.0,5,,,,,,,,
,,,,,878,3.0,3,,,,,,,,
,,,,,885,7.0,7,,,,,,,,
,,,,,890,5.0,5,,,,,,,,
,,,,,896,6.0,6,,,,,,,,
,,,,,903,7.0,7,,,,,,,,
,,,,,907,4.0,4,,,,,,,,
,,,,,913,6.0,6,,,,,,,,
,,,,,916,3.0,3,,,,,,,,
,,,,,921,5.0,5,,,,,,,,
,,,,,925,4.0,4,,,,,,,,
,,,,,930,5.0,5,,,,,,,,
,,,,,936,6.0,6,,,,,,,,
,,,,,945,9.0,9,,,,,,,,
,,,,,951,6.0,6,,,,,,,,
,,,,,955,4.0,4,,,,,,,,
,,,,,959,4.0,4,,,,,,,,
,,,,,962,3.0,3,,,,,,,,
,,,,,973,11.0,11,,,,,,,,
,,,,,983,10.0,10,,,,,,,,
,,,,,987,4.0,4,,,,,,,,
,,,,,994,7.0,7,,,,,,,,
,,,,,997,3.0,3,,,,,,,,
,,,,,1005,8.0,8,,,,,,,,
,,,,,1009,4.0,4,,,,,,,,
,,,,,1013,4.0,4,,,,,,,,
,,,,,1024,11.0,11,,,,,,,,
,,,,,1030,6.0,6,,,,,,,,
,,,,,1035,5.0,5,,,,,,,,
,,,,,1038,3.0,3,,,,,,,,
,,,,,1042,4.0,4,,,,,,,,
,,,,,1045,3.0,3,,,,,,,,
,,,,,1061,16.0,16,,,,,,,,
,,,,,1076,15.0,15,,,,,,,,
,,,,,1083,7.0,7,,,,,,,,
,,,,,1087,4.0,4,,,,,,,,
,,,,,1090,3.0,3,,,,,,,,
,,,,,1093,3.0,3,,,,,,,,
,,,,,1105,12.0,12,,,,,,,,
,,,,,1120,15.0,15,,,,,,,,
,,,,,1123,3.0,3,,,,,,,,
,,,,,1130,7.0,7,,,,,,,,
,,,,,1134,4.0,4,,,,,,,,
,,,,,1138,4.0,4,,,,,,,,
,,,,,1149,11.0,11,,,,,,,,
,,,,,1152,3.0,3,,,,,,,,
,,,,,1155,3.0,3,,,,,,,,
,,,,,1158,3.0,3,,,,,,,,
,,,,,1165,7.0,7,,,,,,,,
,,,,,1168,3.0,3,,,,,,,,
,,,,,1171,3.0,3,,,,,,,,
,,,,,1175,4.0,4,,,,,,,,
,,,,,1180,5.0,5,,,,,,,,
,,,,,1183,3.0,3,,,,,,,,
,,,,,1187,4.0,4,,,,,,,,
,,,,,1190,3.0,3,,,,,,,,
,,,,,1199,9.0,9,,,,,,,,
,,,,,1208,9.0,9,,,,,,,,
,,,,,1219,11.0,11,,,,,,,,
,,,,,1229,10.0,10,,,,,,,,
,,,,,1242,13.0,13,,,,,,,,
,,,,,1251,9.0,9,,,,,,,,
,,,,,1260,9.0,9,,,,,,,,
,,,,,1265,5.0,5,,,,,,,,
,,,,,1271,6.0,6,,,,,,,,
,,,,,1274,3.0,3,,,,,,,,
,,,,,1278,4.0,4,,,,,,,,
,,,,,1283,5.0,5,,,,,,,,
,,,,,1292,9.0,9,,,,,,,,
,,,,,1298,6.0,6,,,,,,,,
,,,,,1304,6.0,6,,,,,,,,
,,,,,1307,3.0,3,,,,,,,,
,,,,,1322,15.0,15,,,,,,,,
,,,,,1335,13.0,13,,,,,,,,
,,,,,1338,3.0,3,,,,,,,,
,,,,,1343,5.0,5,,,,,,,,
,,,,,1352,9.0,9,,,,,,,,
,,,,,1357,5.0,5,,,,,,,,
,,,,,1363,6.0,6,,,,,,,,
,,,,,1366,3.0,3,,,,,,,,
,,,,,1374,8.0,8,,,,,,,,
,,,,,1377,3.0,3,,,,,,,,
,,,,,1386,9.0,9,,,,,,,,
,,,,,1400,14.0,14,,,,,,,,
,,,,,1406,6.0,6,,,,,,,,
,,,,,1418,12.0,12,,,,,,,,
,,,,,1427,9.0,9,,,,,,,,
,,,,,1430,3.0,3,,,,,,,,
,,,,,1437,7.0,7,,,,,,,,
,,,,,1452,15.0,15,,,,,,,,
,,,,,1457,5.0,5,,,,,,,,
,,,,,1462,5.0,5,,,,,,,,
,,,,,1470,8.0,8,,,,,,,,
,,,,,1480,10.0,10,,,,,,,,
,,,,,1483,3.0,3,,,,,,,,
,,,,,1487,4.0,4,,,,,,,,
,,,,,1491,4.0,4,,,,,,,,
,,,,,1494,3.0,3,,,,,,,,
,,,,,1520,26.0,26,,,,,,,,
,,,,,1525,5.0,5,,,,,,,,
,,,,,1530,5.0,5,,,,,,,,
,,,,,1542,12.0,12,,,,,,,,
,,,,,1559,17.0,17,,,,,,,,
,,,,,1563,4.0,4,,,,,,,,
,,,,,1571,8.0,8,,,,,,,,
,,,,,1579,8.0,8,,,,,,,,
,,,,,1583,4.0,4,,,,,,,,
,,,,,1588,5.0,5,,,,,,,,
,,,,,1597,9.0,9,,,,,,,,
,,,,,1601,4.0,4,,,,,,,,
,,,,,1605,4.0,4,,,,,,,,
,,,,,1608,3.0,3,,,,,,,,
,,,,,1614,6.0,6,,,,,,,,
,,,,,1619,5.0,5,,,,,,,,
,,,,,1623,4.0,4,,,,,,,,
,,,,,1637,14.0,14,,,,,,,,
,,,,,1653,16.0,16,,,,,,,,
,,,,,1658,5.0,5,,,,,,,,
,,,,,1664,6.0,6,,,,,,,,
,,,,,1667,3.0,3,,,,,,,,
,,,,,1673,6.0,6,,,,,,,,
,,,,,1684,11.0,11,,,,,,,,
,,,,,1690,6.0,6,,,,,,,,
,,,,,1699,9.0,9,,,,,,,,
,,,,,1703,4.0,4,,,,,,,,
,,,,,1708,5.0,5,,,,,,,,
,,,,,1717,9.0,9,,,,,,,,
,,,,,1722,5.0,5,,,,,,,,
,,,,,1730,8.0,8,,,,,,,,
,,,,,1742,12.0,12,,,,,,,,
,,,,,1757,15.0,15,,,,,,,,
,,,,,1762,5.0,5,,,,,,,,
,,,,,1765,3.0,3,,,,,,,,
,,,,,1770,5.0,5,,,,,,,,
,,,,,1773,3.0,3,,,,,,,,
,,,,,1780,7.0,7,,,,,,,,
,,,,,1793,13.0,13,,,,,,,,
,,,,,1799,6.0,6,,,,,,,,
,,,,,1803,4.0,4,,,,,,,,
,,,,,1807,4.0,4,,,,,,,,
,,,,,1811,4.0,4,,,,,,,,
,,,,,1819,8.0,8,,,,,,,,
,,,,,1823,4.0,4,,,,,,,,
,,,,,1826,3.0,3,,,,,,,,
,,,,,1834,8.0,8,,,,,,,,
,,,,,1852,18.0,18,,,,,,,,
,,,,,1860,8.0,8,,,,,,,,
,,,,,1864,4.0,4,,,,,,,,
,,,,,1868,4.0,4,,,,,,,,
,,,,,1882,14.0,14,,,,,,,,
,,,,,1895,13.0,13,,,,,,,,
,,,,,1907,12.0,12,,,,,,,,
,,,,,1910,3.0,3,,,,,,,,
,,,,,1914,4.0,4,,,,,,,,
,,,,,1924,10.0,10,,,,,,,,
,,,,,1932,8.0,8,,,,,,,,
,,,,,1937,5.0,5,,,,,,,,
,,,,,1940,3.0,3,,,,,,,,
,,,,,1947,7.0,7,,,,,,,,
,,,,,1957,10.0,10,,,,,,,,
,,,,,1962,5.0,5,,,,,,,,
,,,,,1973,11.0,11,,,,,,,,
,,,,,1995,22.0,22,,,,,,,,
,,,,,2003,8.0,8,,,,,,,,
,,,,,2009,6.0,6,,,,,,,,
,,,,,2013,4.0,4,,,,,,,,
,,,,,2017,4.0,4,,,,,,,,
,,,,,2026,9.0,9,,,,,,,,
,,,,,2035,9.0,9,,,,,,,,
,,,,,2040,5.0,5,,,,,,,,
,,,,,2053,13.0,13,,,,,,,,
,,,,,2059,6.0,6,,,,,,,,
,,,,,2066,7.0,7,,,,,,,,
,,,,,2089,23.0,23,,,,,,,,
,,,,,2093,4.0,4,,,,,,,,
,,,,,2100,7.0,7,,,,,,,,
,,,,,2108,8.0,8,,,,,,,,
,,,,,2113,5.0,5,,,,,,,,
,,,,,2116,3.0,3,,,,,,,,
,,,,,2121,5.0,5,,,,,,,,
,,,,,2129,8.0,8,,,,,,,,
,,,,,2136,7.0,7,,,,,,,,
,,,,,2152,16.0,16,,,,,,,,
,,,,,2156,4.0,4,,,,,,,,
,,,,,2163,7.0,7,,,,,,,,
,,,,,2172,9.0,9,,,,,,,,
,,,,,2179,7.0,7,,,,,,,,
,,,,,2185,6.0,6,,,,,,,,
,,,,,2200,15.0,15,,,,,,,,
,,,,,2209,9.0,9,,,,,,,,
,,,,,2215,6.0,6,,,,,,,,
,,,,,2222,7.0,7,,,,,,,,
,,,,,2231,9.0,9,,,,,,,,
,,,,,2234,3.0,3,,,,,,,,
,,,,,2237,3.0,3,,,,,,,,
,,,,,2242,5.0,5,,,,,,,,
,,,,,2249,7.0,7,,,,,,,,
,,,,,2253,4.0,4,,,,,,,,
,,,,,2258,5.0,5,,,,,,,,
,,,,,2274,16.0,16,,,,,,,,
,,,,,2291,17.0,17,,,,,,,,
,,,,,2298,7.0,7,,,,,,,,
,,,,,2303,5.0,5,,,,,,,,
,,,,,2308,5.0,5,,,,,,,,
,,,,,2312,4.0,4,,,,,,,,
,,,,,2322,10.0,10,,,,,,,,
,,,,,2330,8.0,8,,,,,,,,
,,,,,2341,11.0,11,,,,,,,,
,,,,,2351,10.0,10,,,,,,,,
,,,,,2362,11.0,11,,,,,,,,
,,,,,2366,4.0,4,,,,,,,,
,,,,,2370,4.0,4,,,,,,,,
,,,,,2373,3.0,3,,,,,,,,
,,,,,2377,4.0,4,,,,,,,,
,,,,,2387,10.0,10,,,,,,,,
,,,,,2394,7.0,7,,,,,,,,
,,,,,2397,3.0,3,,,,,,,,
,,,,,2400,3.0,3,,,,,,,,
,,,,,2408,8.0,8,,,,,,,,
,,,,,2418,10.0,10,,,,,,,,
,,,,,2422,4.0,4,,,,,,,,
,,,,,2431,9.0,9,,,,,,,,
,,,,,2435,4.0,4,,,,,,,,
,,,,,2440,5.0,5,,,,,,,,
,,,,,2444,4.0,4,,,,,,,,
,,,,,2457,13.0,13,,,,,,,,
,,,,,2467,10.0,10,,,,,,,,
,,,,,2470,3.0,3,,,,,,,,
,,,,,2478,8.0,8,,,,,,,,
,,,,,2482,4.0,4,,,,,,,,
,,,,,2487,5.0,5,,,,,,,,
,,,,,2491,4.0,4,,,,,,,,
,,,,,2496,5.0,5,,,,,,,,
,,,,,2500,4.0,4,,,,,,,,
,,,,,2505,5.0,5,,,,,,,,
,,,,,2512,7.0,7,,,,,,,,
,,,,,2522,10.0,10,,,,,,,,
,,,,,2530,8.0,8,,,,,,,,
,,,,,2538,8.0,8,,,,,,,,
,,,,,2549,11.0,11,,,,,,,,
,,,,,2560,11.0,11,,,,,,,,
,,,,,2563,3.0,3,,,,,,,,
,,,,,2575,12.0,12,,,,,,,,
,,,,,2583,8.0,8,,,,,,,,
,,,,,2587,4.0,4,,,,,,,,
,,,,,2592,5.0,5,,,,,,,,
,,,,,2598,6.0,6,,,,,,,,
,,,,,2602,4.0,4,,,,,,,,
,,,,,2612,10.0,10,,,,,,,,
,,,,,2616,4.0,4,,,,,,,,
,,,,,2623,7.0,7,,,,,,,,
,,,,,2629,6.0,6,,,,,,,,
,,,,,2636,7.0,7,,,,,,,,
,,,,,2642,6.0,6,,,,,,,,
,,,,,2668,26.0,26,,,,,,,,
,,,,,2676,8.0,8,,,,,,,,
,,,,,2682,6.0,6,,,,,,,,
,,,,,2685,3.0,3,,,,,,,,
,,,,,2689,4.0,4,,,,,,,,
,,,,,2695,6.0,6,,,,,,,,
,,,,,2702,7.0,7,,,,,,,,
,,,,,2707,5.0,5,,,,,,,,
,,,,,2711,4.0,4,,,,,,,,
,,,,,2715,4.0,4,,,,,,,,
,,,,,2725,10.0,10,,,,,,,,
,,,,,2732,7.0,7,,,,,,,,
,,,,,2741,9.0,9,,,,,,,,
,,,,,2749,8.0,8,,,,,,,,
,,,,,2764,15.0,15,,,,,,,,
,,,,,2770,6.0,6,,,,,,,,
,,,,,2782,12.0,12,,,,,,,,
,,,,,2786,4.0,4,,,,,,,,
,,,,,2794,8.0,8,,,,,,,,
,,,,,2801,7.0,7,,,,,,,,
,,,,,2811,10.0,10,,,,,,,,
,,,,,2822,11.0,11,,,,,,,,
,,,,,2840,18.0,18,,,,,,,,
,,,,,2848,8.0,8,,,,,,,,
,,,,,2852,4.0,4,,,,,,,,
,,,,,2866,14.0,14,,,,,,,,
,,,,,2878,12.0,12,,,,,,,,
,,,,,2886,8.0,8,,,,,,,,
,,,,,2892,6.0,6,,,,,,,,
,,,,,2895,3.0,3,,,,,,,,
,,,,,2910,15.0,15,,,,,,,,
,,,,,2925,15.0,15,,,,,,,,
,,,,,2928,3.0,3,,,,,,,,
,,,,,2932,4.0,4,,,,,,,,
,,,,,2938,6.0,6,,,,,,,,
,,,,,2956,18.0,18,,,,,,,,
,,,,,2964,8.0,8,,,,,,,,
,,,,,2976,12.0,12,,,,,,,,
,,,,,2984,8.0,8,,,,,,,,
,,,,,2988,4.0,4,,,,,,,,
,,,,,2995,7.0,7,,,,,,,,
,,,,,3001,6.0,6,,,,,,,,
,,,,,3008,7.0,7,,,,,,,,
,,,,,3016,8.0,8,,,,,,,,
,,,,,3020,4.0,4,,,,,,,,
,,,,,3041,21.0,21,,,,,,,,
,,,,,3049,8.0,8,,,,,,,,
,,,,,3057,8.0,8,,,,,,,,
,,,,,3063,6.0,6,,,,,,,,
,,,,,3075,12.0,12,,,,,,,,
,,,,,3080,5.0,5,,,,,,,,
,,,,,3089,9.0,9,,,,,,,,
,,,,,3097,8.0,8,,,,,,,,
,,,,,3103,6.0,6,,,,,,,,
,,,,,3107,4.0,4,,,,,,,,
,,,,,3110,3.0,3,,,,,,,,
,,,,,3123,13.0,13,,,,,,,,
,,,,,3126,3.0,3,,,,,,,,
,,,,,3130,4.0,4,,,,,,,,
,,,,,3133,3.0,3,,,,,,,,
,,,,,3137,4.0,4,,,,,,,,
,,,,,3140,3.0,3,,,,,,,,
,,,,,3144,4.0,4,,,,,,,,
,,,,,3148,4.0,4,,,,,,,,
,,,,,3157,9.0,9,,,,,,,,
,,,,,3161,4.0,4,,,,,,,,
,,,,,3167,6.0,6,,,,,,,,
,,,,,3171,4.0,4,,,,,,,,
,,,,,3179,8.0,8,,,,,,,,
,,,,,3184,5.0,5,,,,,,,,
,,,,,3195,11.0,11,,,,,,,,
,,,,,3198,3.0,3,,,,,,,,
,,,,,3202,4.0,4,,,,,,,,
,,,,,3207,5.0,5,,,,,,,,
,,,,,3211,4.0,4,,,,,,,,
,,,,,3214,3.0,3,,,,,,,,
,,,,,3218,4.0,4,,,,,,,,
,,,,,3227,9.0,9,,,,,,,,
,,,,,3233,6.0,6,,,,,,,,
,,,,,3239,6.0,6,,,,,,,,
,,,,,3242,3.0,3,,,,,,,,
,,,,,3247,5.0,5,,,,,,,,
,,,,,3254,7.0,7,,,,,,,,
,,,,,3265,11.0,11,,,,,,,,
,,,,,3270,5.0,5,,,,,,,,
,,,,,3279,9.0,9,,,,,,,,
,,,,,3284,5.0,5,,,,,,,,
,,,,,3309,25.0,25,,,,,,,,
,,,,,3312,3.0,3,,,,,,,,
,,,,,3315,3.0,3,,,,,,,,
,,,,,3321,6.0,6,,,,,,,,
,,,,,3325,4.0,4,,,,,,,,
,,,,,3338,13.0,13,,,,,,,,
,,,,,3347,9.0,9,,,,,,,,
,,,,,3355,8.0,8,,,,,,,,
,,,,,3365,10.0,10,,,,,,,,
,,,,,3373,8.0,8,,,,,,,,
,,,,,3380,7.0,7,,,,,,,,
,,,,,3384,4.0,4,,,,,,,,
,,,,,3389,5.0,5,,,,,,,,
,,,,,3393,4.0,4,,,,,,,,
,,,,,3397,4.0,4,,,,,,,,
,,,,,3411,14.0,14,,,,,,,,
,,,,,3424,13.0,13,,,,,,,,
,,,,,3435,11.0,11,,,,,,,,
,,,,,3441,6.0,6,,,,,,,,
,,,,,3445,4.0,4,,,,,,,,
,,,,,3451,6.0,6,,,,,,,,
,,,,,3461,10.0,10,,,,,,,,
,,,,,3470,9.0,9,,,,,,,,
,,,,,3479,9.0,9,,,,,,,,
,,,,,3484,5.0,5,,,,,,,,
,,,,,3487,3.0,3,,,,,,,,
,,,,,3493,6.0,6,,,,,,,,
,,,,,3504,11.0,11,,,,,,,,
,,,,,3511,7.0,7,,,,,,,,
,,,,,3516,5.0,5,,,,,,,,
,,,,,3531,15.0,15,,,,,,,,
,,,,,3534,3.0,3,,,,,,,,
,,,,,3544,10.0,10,,,,,,,,
,,,,,3549,5.0,5,,,,,,,,
,,,,,3553,4.0,4,,,,,,,,
,,,,,3560,7.0,7,,,,,,,,
,,,,,3564,4.0,4,,,,,,,,
,,,,,3567,3.0,3,,,,,,,,
,,,,,3570,3.0,3,,,,,,,,
,,,,,3573,3.0,3,,,,,,,,
,,,,,3595,22.0,22,,,,,,,,
,,,,,3598,3.0,3,,,,,,,,
,,,,,3605,7.0,7,,,,,,,,
,,,,,3612,7.0,7,,,,,,,,
,,,,,3620,8.0,8,,,,,,,,
,,,,,3624,4.0,4,,,,,,,,
,,,,,3630,6.0,6,,,,,,,,
,,,,,3634,4.0,4,,,,,,,,
,,,,,3640,6.0,6,,,,,,,,
,,,,,3653,13.0,13,,,,,,,,
,,,,,3660,7.0,7,,,,,,,,
,,,,,3664,4.0,4,,,,,,,,
,,,,,3670,6.0,6,,,,,,,,
,,,,,3674,4.0,4,,,,,,,,
,,,,,3679,5.0,5,,,,,,,,
,,,,,3683,4.0,4,,,,,,,,
,,,,,3689,6.0,6,,,,,,,,
,,,,,3701,12.0,12,,,,,,,,
,,,,,3711,10.0,10,,,,,,,,
,,,,,3726,15.0,15,,,,,,,,
,,,,,3736,10.0,10,,,,,,,,
,,,,,3743,7.0,7,,,,,,,,
,,,,,3762,19.0,19,,,,,,,,
,,,,,3768,6.0,6,,,,,,,,
,,,,,3771,3.0,3,,,,,,,,
,,,,,3780,9.0,9,,,,,,,,
,,,,,3786,6.0,6,,,,,,,,
,,,,,3792,6.0,6,,,,,,,,
,,,,,3795,3.0,3,,,,,,,,
,,,,,3805,10.0,10,,,,,,,,
,,,,,3824,19.0,19,,,,,,,,
,,,,,3836,12.0,12,,,,,,,,
,,,,,3841,5.0,5,,,,,,,,
,,,,,3844,3.0,3,,,,,,,,
,,,,,3850,6.0,6,,,,,,,,
,,,,,3855,5.0,5,,,,,,,,
,,,,,3858,3.0,3,,,,,,,,
,,,,,3871,13.0,13,,,,,,,,
,,,,,3876,5.0,5,,,,,,,,
,,,,,3887,11.0,11,,,,,,,,
,,,,,3890,3.0,3,,,,,,,,
,,,,,3895,5.0,5,,,,,,,,
,,,,,3899,4.0,4,,,,,,,,
,,,,,3914,15.0,15,,,,,,,,
,,,,,3923,9.0,9,,,,,,,,
,,,,,3928,5.0,5,,,,,,,,
,,,,,3937,9.0,9,,,,,,,,
,,,,,3945,8.0,8,,,,,,,,
,,,,,3955,10.0,10,,,,,,,,
,,,,,3966,11.0,11,,,,,,,,
,,,,,3969,3.0,3,,,,,,,,
,,,,,3974,5.0,5,,,,,,,,
,,,,,3979,5.0,5,,,,,,,,
,,,,,3988,9.0,9,,,,,,,,
,,,,,3994,6.0,6,,,,,,,,
,,,,,4005,11.0,11,,,,,,,,
,,,,,4010,5.0,5,,,,,,,,
,,,,,4026,16.0,16,,,,,,,,
,,,,,4034,8.0,8,,,,,,,,
,,,,,4042,8.0,8,,,,,,,,
,,,,,4045,3.0,3,,,,,,,,
,,,,,4060,15.0,15,,,,,,,,
,,,,,4066,6.0,6,,,,,,,,
,,,,,4075,9.0,9,,,,,,,,
,,,,,4080,5.0,5,,,,,,,,
,,,,,4083,3.0,3,,,,,,,,
,,,,,4094,11.0,11,,,,,,,,
,,,,,4098,4.0,4,,,,,,,,
,,,,,4111,13.0,13,,,,,,,,
,,,,,4114,3.0,3,,,,,,,,
,,,,,4121,7.0,7,,,,,,,,
,,,,,4133,12.0,12,,,,,,,,
,,,,,4143,10.0,10,,,,,,,,
,,,,,4146,3.0,3,,,,,,,,
,,,,,4150,4.0,4,,,,,,,,
,,,,,4154,4.0,4,,,,,,,,
,,,,,4158,4.0,4,,,,,,,,
,,,,,4163,5.0,5,,,,,,,,
,,,,,4167,4.0,4,,,,,,,,
,,,,,4174,7.0,7,,,,,,,,
,,,,,4178,4.0,4,,,,,,,,
,,,,,4184,6.0,6,,,,,,,,
,,,,,4188,4.0,4,,,,,,,,
,,,,,4202,14.0,14,,,,,,,,
,,,,,4208,6.0,6,,,,,,,,
,,,,,4213,5.0,5,,,,,,,,
,,,,,4216,3.0,3,,,,,,,,
,,,,,4224,8.0,8,,,,,,,,
,,,,,4227,3.0,3,,,,,,,,
,,,,,4232,5.0,5,,,,,,,,
,,,,,4243,11.0,11,,,,,,,,
,,,,,4250,7.0,7,,,,,,,,
,,,,,4258,8.0,8,,,,,,,,
,,,,,4267,9.0,9,,,,,,,,
,,,,,4281,14.0,14,,,,,,,,
,,,,,4287,6.0,6,,,,,,,,
,,,,,4293,6.0,6,,,,,,,,
,,,,,4307,14.0,14,,,,,,,,
,,,,,4315,8.0,8,,,,,,,,
,,,,,4324,9.0,9,,,,,,,,
,,,,,4331,7.0,7,,,,,,,,
,,,,,4337,6.0,6,,,,,,,,
,,,,,4341,4.0,4,,,,,,,,
,,,,,4349,8.0,8,,,,,,,,
,,,,,4360,11.0,11,,,,,,,,
,,,,,4363,3.0,3,,,,,,,,
,,,,,4366,3.0,3,,,,,,,,
,,,,,4370,4.0,4,,,,,,,,
,,,,,4374,4.0,4,,,,,,,,
,,,,,4378,4.0,4,,,,,,,,
,,,,,4387,9.0,9,,,,,,,,
,,,,,4394,7.0,7,,,,,,,,
,,,,,4398,4.0,4,,,,,,,,
,,,,,4406,8.0,8,,,,,,,,
,,,,,4410,4.0,4,,,,,,,,
,,,,,4415,5.0,5,,,,,,,,
,,,,,4419,4.0,4,,,,,,,,
,,,,,4429,10.0,10,,,,,,,,
,,,,,4436,7.0,7,,,,,,,,
,,,,,4440,4.0,4,,,,,,,,
,,,,,4445,5.0,5,,,,,,,,
,,,,,4450,5.0,5,,,,,,,,
,,,,,4454,4.0,4,,,,,,,,
,,,,,4460,6.0,6,,,,,,,,
,,,,,4466,6.0,6,,,,,,,,
,,,,,4471,5.0,5,,,,,,,,
,,,,,4475,4.0,4,,,,,,,,
,,,,,4479,4.0,4,,,,,,,,
,,,,,4490,11.0,11,,,,,,,,
,,,,,4497,7.0,7,,,,,,,,
,,,,,4503,6.0,6,,,,,,,,
,,,,,4506,3.0,3,,,,,,,,
,,,,,4511,5.0,5,,,,,,,,
,,,,,4521,10.0,10,,,,,,,,
,,,,,4524,3.0,3,,,,,,,,
,,,,,4529,5.0,5,,,,,,,,
,,,,,4538,9.0,9,,,,,,,,
,,,,,4541,3.0,3,,,,,,,,
,,,,,4544,3.0,3,,,,,,,,
,,,,,4548,4.0,4,,,,,,,,
,,,,,4553,5.0,5,,,,,,,,
,,,,,4562,9.0,9,,,,,,,,
,,,,,4566,4.0,4,,,,,,,,
,,,,,4573,7.0,7,,,,,,,,
,,,,,4579,6.0,6,,,,,,,,
,,,,,4583,4.0,4,,,,,,,,
,,,,,4587,4.0,4,,,,,,,,
,,,,,4590,3.0,3,,,,,,,,
,,,,,4597,7.0,7,,,,,,,,
,,,,,4604,7.0,7,,,,,,,,
,,,,,4607,3.0,3,,,,,,,,
,,,,,4611,4.0,4,,,,,,,,
,,,,,4615,4.0,4,,,,,,,,
,,,,,4620,5.0,5,,,,,,,,
,,,,,4624,4.0,4,,,,,,,,
,,,,,4630,6.0,6,,,,,,,,
,,,,,4647,17.0,17,,,,,,,,
,,,,,4666,19.0,19,,,,,,,,
,,,,,4670,4.0,4,,,,,,,,
,,,,,4679,9.0,9,,,,,,,,
,,,,,4684,5.0,5,,,,,,,,
,,,,,4688,4.0,4,,,,,,,,
,,,,,4693,5.0,5,,,,,,,,
,,,,,4696,3.0,3,,,,,,,,
,,,,,4700,4.0,4,,,,,,,,
,,,,,4704,4.0,4,,,,,,,,
,,,,,4713,9.0,9,,,,,,,,
,,,,,4719,6.0,6,,,,,,,,
,,,,,4724,5.0,5,,,,,,,,
,,,,,4729,5.0,5,,,,,,,,
,,,,,4733,4.0,4,,,,,,,,
,,,,,4738,5.0,5,,,,,,,,
,,,,,4746,8.0,8,,,,,,,,
,,,,,4752,6.0,6,,,,,,,,
,,,,,4758,6.0,6,,,,,,,,
,,,,,4763,5.0,5,,,,,,,,
,,,,,4779,16.0,16,,,,,,,,
,,,,,4790,11.0,11,,,,,,,,
,,,,,4799,9.0,9,,,,,,,,
,,,,,4803,4.0,4,,,,,,,,
,,,,,4812,9.0,9,,,,,,,,
,,,,,4819,7.0,7,,,,,,,,
,,,,,4822,3.0,3,,,,,,,,
,,,,,4829,7.0,7,,,,,,,,
,,,,,4834,5.0,5,,,,,,,,
,,,,,4850,16.0,16,,,,,,,,
,,,,,4854,4.0,4,,,,,,,,
,,,,,4860,6.0,6,,,,,,,,
,,,,,4872,12.0,12,,,,,,,,
,,,,,4878,6.0,6,,,,,,,,
,,,,,4886,8.0,8,,,,,,,,
,,,,,4892,6.0,6,,,,,,,,
,,,,,4899,7.0,7,,,,,,,,
,,,,,4904,5.0,5,,,,,,,,
,,,,,4913,9.0,9,,,,,,,,
,,,,,4917,4.0,4,,,,,,,,
,,,,,4924,7.0,7,,,,,,,,
,,,,,4930,6.0,6,,,,,,,,
,,,,,4933,3.0,3,,,,,,,,
,,,,,4937,4.0,4,,,,,,,,
,,,,,4942,5.0,5,,,,,,,,
,,,,,4945,3.0,3,,,,,,,,
,,,,,4952,7.0,7,,,,,,,,
,,,,,4957,5.0,5,,,,,,,,
,,,,,4960,3.0,3,,,,,,,,
,,,,,4971,11.0,11,,,,,,,,
,,,,,4985,14.0,14,,,,,,,,
,,,,,4994,9.0,9,,,,,,,,
,,,,,4998,4.0,4,,,,,,,,
5.9,2.2113345,10.0,3.0,5.9,5000,,,-0.06474363058805466,0.647436261177063,1.0921827554702759,0.05992176756262779,1.103658676147461,0.0003,0.0003,0.1
,,,,,5002,4.0,4,,,,,,,,
,,,,,5005,3.0,3,,,,,,,,
,,,,,5012,7.0,7,,,,,,,,
,,,,,5019,7.0,7,,,,,,,,
,,,,,5022,3.0,3,,,,,,,,
,,,,,5027,5.0,5,,,,,,,,
,,,,,5036,9.0,9,,,,,,,,
,,,,,5049,13.0,13,,,,,,,,
,,,,,5060,11.0,11,,,,,,,,
,,,,,5077,17.0,17,,,,,,,,
,,,,,5082,5.0,5,,,,,,,,
,,,,,5096,14.0,14,,,,,,,,
,,,,,5112,16.0,16,,,,,,,,
,,,,,5127,15.0,15,,,,,,,,
,,,,,5132,5.0,5,,,,,,,,
,,,,,5154,22.0,22,,,,,,,,
,,,,,5165,11.0,11,,,,,,,,
,,,,,5217,52.0,52,,,,,,,,
,,,,,5225,8.0,8,,,,,,,,
,,,,,5240,15.0,15,,,,,,,,
,,,,,5249,9.0,9,,,,,,,,
,,,,,5256,7.0,7,,,,,,,,
,,,,,5260,4.0,4,,,,,,,,
,,,,,5282,22.0,22,,,,,,,,
,,,,,5291,9.0,9,,,,,,,,
,,,,,5298,7.0,7,,,,,,,,
,,,,,5304,6.0,6,,,,,,,,
,,,,,5319,15.0,15,,,,,,,,
,,,,,5343,24.0,24,,,,,,,,
,,,,,5367,24.0,24,,,,,,,,
,,,,,5386,19.0,19,,,,,,,,
,,,,,5416,30.0,30,,,,,,,,
,,,,,5470,54.0,54,,,,,,,,
,,,,,5475,5.0,5,,,,,,,,
,,,,,5484,9.0,9,,,,,,,,
,,,,,5499,15.0,15,,,,,,,,
,,,,,5504,5.0,5,,,,,,,,
,,,,,5513,9.0,9,,,,,,,,
,,,,,5527,14.0,14,,,,,,,,
,,,,,5539,12.0,12,,,,,,,,
,,,,,5563,24.0,24,,,,,,,,
,,,,,5569,6.0,6,,,,,,,,
,,,,,5573,4.0,4,,,,,,,,
,,,,,5583,10.0,10,,,,,,,,
,,,,,5596,13.0,13,,,,,,,,
,,,,,5621,25.0,25,,,,,,,,
,,,,,5627,6.0,6,,,,,,,,
,,,,,5636,9.0,9,,,,,,,,
,,,,,5651,15.0,15,,,,,,,,
,,,,,5664,13.0,13,,,,,,,,
,,,,,5674,10.0,10,,,,,,,,
,,,,,5683,9.0,9,,,,,,,,
,,,,,5690,7.0,7,,,,,,,,
,,,,,5720,30.0,30,,,,,,,,
,,,,,5747,27.0,27,,,,,,,,
,,,,,5774,27.0,27,,,,,,,,
,,,,,5798,24.0,24,,,,,,,,
,,,,,5818,20.0,20,,,,,,,,
,,,,,5833,15.0,15,,,,,,,,
,,,,,5846,13.0,13,,,,,,,,
,,,,,5865,19.0,19,,,,,,,,
,,,,,5892,27.0,27,,,,,,,,
,,,,,5921,29.0,29,,,,,,,,
,,,,,5949,28.0,28,,,,,,,,
,,,,,5985,36.0,36,,,,,,,,
,,,,,6000,,,0.012324496172368526,-0.12324495613574982,0.5034968256950378,4.278653621673584,4.231584548950195,0.0003,0.0003,0.1
,,,,,6003,18.0,18,,,,,,,,
,,,,,6058,55.0,55,,,,,,,,
,,,,,6063,5.0,5,,,,,,,,
,,,,,6090,27.0,27,,,,,,,,
,,,,,6108,18.0,18,,,,,,,,
,,,,,6129,21.0,21,,,,,,,,
,,,,,6139,10.0,10,,,,,,,,
,,,,,6162,23.0,23,,,,,,,,
,,,,,6228,66.0,66,,,,,,,,
,,,,,6269,41.0,41,,,,,,,,
,,,,,6324,55.0,55,,,,,,,,
,,,,,6330,6.0,6,,,,,,,,
,,,,,6337,7.0,7,,,,,,,,
,,,,,6351,14.0,14,,,,,,,,
,,,,,6373,22.0,22,,,,,,,,
,,,,,6391,18.0,18,,,,,,,,
,,,,,6402,11.0,11,,,,,,,,
,,,,,6415,13.0,13,,,,,,,,
,,,,,6436,21.0,21,,,,,,,,
,,,,,6447,11.0,11,,,,,,,,
,,,,,6459,12.0,12,,,,,,,,
,,,,,6464,5.0,5,,,,,,,,
,,,,,6485,21.0,21,,,,,,,,
,,,,,6495,10.0,10,,,,,,,,
,,,,,6504,9.0,9,,,,,,,,
,,,,,6512,8.0,8,,,,,,,,
,,,,,6519,7.0,7,,,,,,,,
,,,,,6552,33.0,33,,,,,,,,
,,,,,6586,34.0,34,,,,,,,,
,,,,,6595,9.0,9,,,,,,,,
,,,,,6624,29.0,29,,,,,,,,
,,,,,6635,11.0,11,,,,,,,,
,,,,,6668,33.0,33,,,,,,,,
,,,,,6682,14.0,14,,,,,,,,
,,,,,6688,6.0,6,,,,,,,,
,,,,,6705,17.0,17,,,,,,,,
,,,,,6712,7.0,7,,,,,,,,
,,,,,6718,6.0,6,,,,,,,,
,,,,,6765,47.0,47,,,,,,,,
,,,,,6791,26.0,26,,,,,,,,
,,,,,6813,22.0,22,,,,,,,,
,,,,,6836,23.0,23,,,,,,,,
,,,,,6855,19.0,19,,,,,,,,
,,,,,6869,14.0,14,,,,,,,,
,,,,,6914,45.0,45,,,,,,,,
,,,,,6932,18.0,18,,,,,,,,
,,,,,6974,42.0,42,,,,,,,,
,,,,,7000,,,0.0074364542961120605,-0.0743645429611206,1.2955137491226196,7.457281112670898,7.4021148681640625,0.0003,0.0003,0.1
,,,,,7065,91.0,91,,,,,,,,
,,,,,7078,13.0,13,,,,,,,,
,,,,,7126,48.0,48,,,,,,,,
,,,,,7131,5.0,5,,,,,,,,
,,,,,7156,25.0,25,,,,,,,,
,,,,,7164,8.0,8,,,,,,,,
,,,,,7182,18.0,18,,,,,,,,
,,,,,7207,25.0,25,,,,,,,,
,,,,,7228,21.0,21,,,,,,,,
,,,,,7240,12.0,12,,,,,,,,
,,,,,7271,31.0,31,,,,,,,,
,,,,,7280,9.0,9,,,,,,,,
,,,,,7288,8.0,8,,,,,,,,
,,,,,7310,22.0,22,,,,,,,,
,,,,,7316,6.0,6,,,,,,,,
,,,,,7320,4.0,4,,,,,,,,
,,,,,7326,6.0,6,,,,,,,,
,,,,,7331,5.0,5,,,,,,,,
,,,,,7350,19.0,19,,,,,,,,
,,,,,7358,8.0,8,,,,,,,,
,,,,,7363,5.0,5,,,,,,,,
,,,,,7377,14.0,14,,,,,,,,
,,,,,7397,20.0,20,,,,,,,,
,,,,,7408,11.0,11,,,,,,,,
,,,,,7413,5.0,5,,,,,,,,
,,,,,7420,7.0,7,,,,,,,,
,,,,,7431,11.0,11,,,,,,,,
,,,,,7451,20.0,20,,,,,,,,
,,,,,7458,7.0,7,,,,,,,,
,,,,,7461,3.0,3,,,,,,,,
,,,,,7469,8.0,8,,,,,,,,
,,,,,7477,8.0,8,,,,,,,,
,,,,,7484,7.0,7,,,,,,,,
,,,,,7495,11.0,11,,,,,,,,
,,,,,7501,6.0,6,,,,,,,,
,,,,,7504,3.0,3,,,,,,,,
,,,,,7507,3.0,3,,,,,,,,
,,,,,7512,5.0,5,,,,,,,,
,,,,,7520,8.0,8,,,,,,,,
,,,,,7528,8.0,8,,,,,,,,
,,,,,7534,6.0,6,,,,,,,,
,,,,,7539,5.0,5,,,,,,,,
,,,,,7544,5.0,5,,,,,,,,
,,,,,7551,7.0,7,,,,,,,,
,,,,,7555,4.0,4,,,,,,,,
,,,,,7562,7.0,7,,,,,,,,
,,,,,7566,4.0,4,,,,,,,,
,,,,,7573,7.0,7,,,,,,,,
,,,,,7578,5.0,5,,,,,,,,
,,,,,7582,4.0,4,,,,,,,,
,,,,,7587,5.0,5,,,,,,,,
,,,,,7593,6.0,6,,,,,,,,
,,,,,7600,7.0,7,,,,,,,,
,,,,,7604,4.0,4,,,,,,,,
,,,,,7611,7.0,7,,,,,,,,
,,,,,7615,4.0,4,,,,,,,,
,,,,,7619,4.0,4,,,,,,,,
,,,,,7628,9.0,9,,,,,,,,
,,,,,7633,5.0,5,,,,,,,,
,,,,,7638,5.0,5,,,,,,,,
,,,,,7644,6.0,6,,,,,,,,
,,,,,7651,7.0,7,,,,,,,,
,,,,,7656,5.0,5,,,,,,,,
,,,,,7663,7.0,7,,,,,,,,
,,,,,7672,9.0,9,,,,,,,,
,,,,,7678,6.0,6,,,,,,,,
,,,,,7687,9.0,9,,,,,,,,
,,,,,7691,4.0,4,,,,,,,,
,,,,,7697,6.0,6,,,,,,,,
,,,,,7703,6.0,6,,,,,,,,
,,,,,7714,11.0,11,,,,,,,,
,,,,,7721,7.0,7,,,,,,,,
,,,,,7725,4.0,4,,,,,,,,
,,,,,7730,5.0,5,,,,,,,,
,,,,,7736,6.0,6,,,,,,,,
,,,,,7741,5.0,5,,,,,,,,
,,,,,7746,5.0,5,,,,,,,,
,,,,,7757,11.0,11,,,,,,,,
,,,,,7767,10.0,10,,,,,,,,
,,,,,7774,7.0,7,,,,,,,,
,,,,,7781,7.0,7,,,,,,,,
,,,,,7785,4.0,4,,,,,,,,
,,,,,7790,5.0,5,,,,,,,,
,,,,,7795,5.0,5,,,,,,,,
,,,,,7799,4.0,4,,,,,,,,
,,,,,7803,4.0,4,,,,,,,,
,,,,,7817,14.0,14,,,,,,,,
,,,,,7824,7.0,7,,,,,,,,
,,,,,7827,3.0,3,,,,,,,,
,,,,,7831,4.0,4,,,,,,,,
,,,,,7836,5.0,5,,,,,,,,
,,,,,7839,3.0,3,,,,,,,,
,,,,,7844,5.0,5,,,,,,,,
,,,,,7850,6.0,6,,,,,,,,
,,,,,7855,5.0,5,,,,,,,,
,,,,,7861,6.0,6,,,,,,,,
,,,,,7867,6.0,6,,,,,,,,
,,,,,7874,7.0,7,,,,,,,,
,,,,,7879,5.0,5,,,,,,,,
,,,,,7883,4.0,4,,,,,,,,
,,,,,7888,5.0,5,,,,,,,,
,,,,,7892,4.0,4,,,,,,,,
,,,,,7896,4.0,4,,,,,,,,
,,,,,7900,4.0,4,,,,,,,,
,,,,,7903,3.0,3,,,,,,,,
,,,,,7910,7.0,7,,,,,,,,
,,,,,7913,3.0,3,,,,,,,,
,,,,,7917,4.0,4,,,,,,,,
,,,,,7922,5.0,5,,,,,,,,
,,,,,7925,3.0,3,,,,,,,,
,,,,,7929,4.0,4,,,,,,,,
,,,,,7932,3.0,3,,,,,,,,
,,,,,7937,5.0,5,,,,,,,,
,,,,,7943,6.0,6,,,,,,,,
,,,,,7948,5.0,5,,,,,,,,
,,,,,7953,5.0,5,,,,,,,,
,,,,,7956,3.0,3,,,,,,,,
,,,,,7960,4.0,4,,,,,,,,
,,,,,7967,7.0,7,,,,,,,,
,,,,,7971,4.0,4,,,,,,,,
,,,,,7978,7.0,7,,,,,,,,
,,,,,7983,5.0,5,,,,,,,,
,,,,,7986,3.0,3,,,,,,,,
,,,,,7990,4.0,4,,,,,,,,
,,,,,7995,5.0,5,,,,,,,,
,,,,,8000,5.0,5,,,,,,,,
,,,,,8000,,,0.02965785562992096,-0.2965785562992096,3.523125171661377,7.504918098449707,7.293653964996338,0.0003,0.0003,0.1
,,,,,8004,4.0,4,,,,,,,,
,,,,,8008,4.0,4,,,,,,,,
,,,,,8013,5.0,5,,,,,,,,
,,,,,8018,5.0,5,,,,,,,,
,,,,,8023,5.0,5,,,,,,,,
,,,,,8027,4.0,4,,,,,,,,
,,,,,8034,7.0,7,,,,,,,,
,,,,,8039,5.0,5,,,,,,,,
,,,,,8043,4.0,4,,,,,,,,
,,,,,8047,4.0,4,,,,,,,,
,,,,,8058,11.0,11,,,,,,,,
,,,,,8067,9.0,9,,,,,,,,
,,,,,8076,9.0,9,,,,,,,,
,,,,,8081,5.0,5,,,,,,,,
,,,,,8092,11.0,11,,,,,,,,
,,,,,8098,6.0,6,,,,,,,,
,,,,,8106,8.0,8,,,,,,,,
,,,,,8111,5.0,5,,,,,,,,
,,,,,8126,15.0,15,,,,,,,,
,,,,,8136,10.0,10,,,,,,,,
,,,,,8142,6.0,6,,,,,,,,
,,,,,8148,6.0,6,,,,,,,,
,,,,,8153,5.0,5,,,,,,,,
,,,,,8159,6.0,6,,,,,,,,
,,,,,8166,7.0,7,,,,,,,,
,,,,,8177,11.0,11,,,,,,,,
,,,,,8187,10.0,10,,,,,,,,
,,,,,8205,18.0,18,,,,,,,,
,,,,,8210,5.0,5,,,,,,,,
,,,,,8215,5.0,5,,,,,,,,
,,,,,8220,5.0,5,,,,,,,,
,,,,,8224,4.0,4,,,,,,,,
,,,,,8229,5.0,5,,,,,,,,
,,,,,8237,8.0,8,,,,,,,,
,,,,,8242,5.0,5,,,,,,,,
,,,,,8264,22.0,22,,,,,,,,
,,,,,8279,15.0,15,,,,,,,,
,,,,,8284,5.0,5,,,,,,,,
,,,,,8290,6.0,6,,,,,,,,
,,,,,8296,6.0,6,,,,,,,,
,,,,,8304,8.0,8,,,,,,,,
,,,,,8310,6.0,6,,,,,,,,
,,,,,8316,6.0,6,,,,,,,,
,,,,,8328,12.0,12,,,,,,,,
,,,,,8339,11.0,11,,,,,,,,
,,,,,8348,9.0,9,,,,,,,,
,,,,,8352,4.0,4,,,,,,,,
,,,,,8357,5.0,5,,,,,,,,
,,,,,8365,8.0,8,,,,,,,,
,,,,,8371,6.0,6,,,,,,,,
,,,,,8378,7.0,7,,,,,,,,
,,,,,8383,5.0,5,,,,,,,,
,,,,,8389,6.0,6,,,,,,,,
,,,,,8393,4.0,4,,,,,,,,
,,,,,8400,7.0,7,,,,,,,,
,,,,,8406,6.0,6,,,,,,,,
,,,,,8411,5.0,5,,,,,,,,
,,,,,8417,6.0,6,,,,,,,,
,,,,,8421,4.0,4,,,,,,,,
,,,,,8426,5.0,5,,,,,,,,
,,,,,8436,10.0,10,,,,,,,,
,,,,,8441,5.0,5,,,,,,,,
,,,,,8450,9.0,9,,,,,,,,
,,,,,8457,7.0,7,,,,,,,,
,,,,,8461,4.0,4,,,,,,,,
,,,,,8469,8.0,8,,,,,,,,
,,,,,8477,8.0,8,,,,,,,,
,,,,,8481,4.0,4,,,,,,,,
,,,,,8487,6.0,6,,,,,,,,
,,,,,8493,6.0,6,,,,,,,,
,,,,,8504,11.0,11,,,,,,,,
,,,,,8508,4.0,4,,,,,,,,
,,,,,8514,6.0,6,,,,,,,,
,,,,,8518,4.0,4,,,,,,,,
,,,,,8524,6.0,6,,,,,,,,
,,,,,8531,7.0,7,,,,,,,,
,,,,,8536,5.0,5,,,,,,,,
,,,,,8541,5.0,5,,,,,,,,
,,,,,8552,11.0,11,,,,,,,,
,,,,,8559,7.0,7,,,,,,,,
,,,,,8567,8.0,8,,,,,,,,
,,,,,8571,4.0,4,,,,,,,,
,,,,,8575,4.0,4,,,,,,,,
,,,,,8589,14.0,14,,,,,,,,
,,,,,8596,7.0,7,,,,,,,,
,,,,,8609,13.0,13,,,,,,,,
,,,,,8615,6.0,6,,,,,,,,
,,,,,8621,6.0,6,,,,,,,,
,,,,,8627,6.0,6,,,,,,,,
,,,,,8636,9.0,9,,,,,,,,
,,,,,8640,4.0,4,,,,,,,,
,,,,,8648,8.0,8,,,,,,,,
,,,,,8668,20.0,20,,,,,,,,
,,,,,8674,6.0,6,,,,,,,,
,,,,,8689,15.0,15,,,,,,,,
,,,,,8695,6.0,6,,,,,,,,
,,,,,8700,5.0,5,,,,,,,,
,,,,,8704,4.0,4,,,,,,,,
,,,,,8730,26.0,26,,,,,,,,
,,,,,8751,21.0,21,,,,,,,,
,,,,,8766,15.0,15,,,,,,,,
,,,,,8799,33.0,33,,,,,,,,
,,,,,8814,15.0,15,,,,,,,,
,,,,,8839,25.0,25,,,,,,,,
,,,,,8858,19.0,19,,,,,,,,
,,,,,8879,21.0,21,,,,,,,,
,,,,,8893,14.0,14,,,,,,,,
,,,,,8898,5.0,5,,,,,,,,
,,,,,8903,5.0,5,,,,,,,,
,,,,,8931,28.0,28,,,,,,,,
,,,,,8941,10.0,10,,,,,,,,
,,,,,8951,10.0,10,,,,,,,,
,,,,,8959,8.0,8,,,,,,,,
,,,,,8969,10.0,10,,,,,,,,
,,,,,8978,9.0,9,,,,,,,,
,,,,,8987,9.0,9,,,,,,,,
,,,,,9000,13.0,13,,,,,,,,
,,,,,9000,,,0.02402760460972786,-0.240276038646698,1.6122920513153076,7.7461700439453125,7.807369232177734,0.0003,0.0003,0.1
,,,,,9006,6.0,6,,,,,,,,
,,,,,9017,11.0,11,,,,,,,,
,,,,,9034,17.0,17,,,,,,,,
,,,,,9042,8.0,8,,,,,,,,
,,,,,9050,8.0,8,,,,,,,,
,,,,,9058,8.0,8,,,,,,,,
,,,,,9069,11.0,11,,,,,,,,
,,,,,9079,10.0,10,,,,,,,,
,,,,,9094,15.0,15,,,,,,,,
,,,,,9099,5.0,5,,,,,,,,
,,,,,9107,8.0,8,,,,,,,,
,,,,,9135,28.0,28,,,,,,,,
,,,,,9139,4.0,4,,,,,,,,
,,,,,9144,5.0,5,,,,,,,,
,,,,,9154,10.0,10,,,,,,,,
,,,,,9164,10.0,10,,,,,,,,
,,,,,9175,11.0,11,,,,,,,,
,,,,,9183,8.0,8,,,,,,,,
,,,,,9205,22.0,22,,,,,,,,
,,,,,9218,13.0,13,,,,,,,,
,,,,,9221,3.0,3,,,,,,,,
,,,,,9225,4.0,4,,,,,,,,
,,,,,9231,6.0,6,,,,,,,,
,,,,,9248,17.0,17,,,,,,,,
,,,,,9257,9.0,9,,,,,,,,
,,,,,9269,12.0,12,,,,,,,,
,,,,,9282,13.0,13,,,,,,,,
,,,,,9311,29.0,29,,,,,,,,
,,,,,9321,10.0,10,,,,,,,,
,,,,,9328,7.0,7,,,,,,,,
,,,,,9335,7.0,7,,,,,,,,
,,,,,9352,17.0,17,,,,,,,,
,,,,,9361,9.0,9,,,,,,,,
,,,,,9375,14.0,14,,,,,,,,
,,,,,9381,6.0,6,,,,,,,,
,,,,,9398,17.0,17,,,,,,,,
,,,,,9405,7.0,7,,,,,,,,
,,,,,9419,14.0,14,,,,,,,,
,,,,,9435,16.0,16,,,,,,,,
,,,,,9454,19.0,19,,,,,,,,
,,,,,9458,4.0,4,,,,,,,,
,,,,,9475,17.0,17,,,,,,,,
,,,,,9531,56.0,56,,,,,,,,
,,,,,9572,41.0,41,,,,,,,,
,,,,,9586,14.0,14,,,,,,,,
,,,,,9602,16.0,16,,,,,,,,
,,,,,9616,14.0,14,,,,,,,,
,,,,,9623,7.0,7,,,,,,,,
,,,,,9646,23.0,23,,,,,,,,
,,,,,9653,7.0,7,,,,,,,,
,,,,,9679,26.0,26,,,,,,,,
,,,,,9690,11.0,11,,,,,,,,
,,,,,9705,15.0,15,,,,,,,,
,,,,,9716,11.0,11,,,,,,,,
,,,,,9741,25.0,25,,,,,,,,
,,,,,9747,6.0,6,,,,,,,,
,,,,,9756,9.0,9,,,,,,,,
,,,,,9773,17.0,17,,,,,,,,
,,,,,9783,10.0,10,,,,,,,,
,,,,,9806,23.0,23,,,,,,,,
,,,,,9839,33.0,33,,,,,,,,
,,,,,9849,10.0,10,,,,,,,,
,,,,,9896,47.0,47,,,,,,,,
,,,,,9903,7.0,7,,,,,,,,
,,,,,9924,21.0,21,,,,,,,,
,,,,,9967,43.0,43,,,,,,,,
,,,,,9981,14.0,14,,,,,,,,
14.9,7.9177017,31.0,5.0,14.9,10000,,,0.055917687714099884,-0.5591768622398376,3.5379576683044434,9.125597953796387,9.151101112365723,0.0003,0.0003,0.1
,,,,,10003,22.0,22,,,,,,,,
,,,,,10023,20.0,20,,,,,,,,
,,,,,10037,14.0,14,,,,,,,,
,,,,,10053,16.0,16,,,,,,,,
,,,,,10073,20.0,20,,,,,,,,
,,,,,10091,18.0,18,,,,,,,,
,,,,,10109,18.0,18,,,,,,,,
,,,,,10117,8.0,8,,,,,,,,
,,,,,10125,8.0,8,,,,,,,,
,,,,,10136,11.0,11,,,,,,,,
,,,,,10148,12.0,12,,,,,,,,
,,,,,10169,21.0,21,,,,,,,,
,,,,,10192,23.0,23,,,,,,,,
,,,,,10204,12.0,12,,,,,,,,
,,,,,10208,4.0,4,,,,,,,,
,,,,,10214,6.0,6,,,,,,,,
,,,,,10224,10.0,10,,,,,,,,
,,,,,10231,7.0,7,,,,,,,,
,,,,,10239,8.0,8,,,,,,,,
,,,,,10249,10.0,10,,,,,,,,
,,,,,10261,12.0,12,,,,,,,,
,,,,,10269,8.0,8,,,,,,,,
,,,,,10284,15.0,15,,,,,,,,
,,,,,10295,11.0,11,,,,,,,,
,,,,,10309,14.0,14,,,,,,,,
,,,,,10316,7.0,7,,,,,,,,
,,,,,10334,18.0,18,,,,,,,,
,,,,,10342,8.0,8,,,,,,,,
,,,,,10376,34.0,34,,,,,,,,
,,,,,10381,5.0,5,,,,,,,,
,,,,,10387,6.0,6,,,,,,,,
,,,,,10400,13.0,13,,,,,,,,
,,,,,10407,7.0,7,,,,,,,,
,,,,,10421,14.0,14,,,,,,,,
,,,,,10425,4.0,4,,,,,,,,
,,,,,10451,26.0,26,,,,,,,,
,,,,,10466,15.0,15,,,,,,,,
,,,,,10473,7.0,7,,,,,,,,
,,,,,10478,5.0,5,,,,,,,,
,,,,,10488,10.0,10,,,,,,,,
,,,,,10495,7.0,7,,,,,,,,
,,,,,10509,14.0,14,,,,,,,,
,,,,,10516,7.0,7,,,,,,,,
,,,,,10525,9.0,9,,,,,,,,
,,,,,10536,11.0,11,,,,,,,,
,,,,,10545,9.0,9,,,,,,,,
,,,,,10563,18.0,18,,,,,,,,
,,,,,10573,10.0,10,,,,,,,,
,,,,,10578,5.0,5,,,,,,,,
,,,,,10587,9.0,9,,,,,,,,
,,,,,10591,4.0,4,,,,,,,,
,,,,,10601,10.0,10,,,,,,,,
,,,,,10611,10.0,10,,,,,,,,
,,,,,10620,9.0,9,,,,,,,,
,,,,,10633,13.0,13,,,,,,,,
,,,,,10637,4.0,4,,,,,,,,
,,,,,10644,7.0,7,,,,,,,,
,,,,,10661,17.0,17,,,,,,,,
,,,,,10664,3.0,3,,,,,,,,
,,,,,10677,13.0,13,,,,,,,,
,,,,,10694,17.0,17,,,,,,,,
,,,,,10703,9.0,9,,,,,,,,
,,,,,10707,4.0,4,,,,,,,,
,,,,,10750,43.0,43,,,,,,,,
,,,,,10758,8.0,8,,,,,,,,
,,,,,10763,5.0,5,,,,,,,,
,,,,,10770,7.0,7,,,,,,,,
,,,,,10775,5.0,5,,,,,,,,
,,,,,10796,21.0,21,,,,,,,,
,,,,,10829,33.0,33,,,,,,,,
,,,,,10845,16.0,16,,,,,,,,
,,,,,10858,13.0,13,,,,,,,,
,,,,,10871,13.0,13,,,,,,,,
,,,,,10894,23.0,23,,,,,,,,
,,,,,10905,11.0,11,,,,,,,,
,,,,,10912,7.0,7,,,,,,,,
,,,,,10919,7.0,7,,,,,,,,
,,,,,10941,22.0,22,,,,,,,,
,,,,,10952,11.0,11,,,,,,,,
,,,,,10963,11.0,11,,,,,,,,
,,,,,10980,17.0,17,,,,,,,,
,,,,,10991,11.0,11,,,,,,,,
,,,,,11000,,,-0.010424229316413403,0.10424229502677917,3.7215211391448975,8.951614379882812,8.840828895568848,0.0003,0.0003,0.1
,,,,,11004,13.0,13,,,,,,,,
,,,,,11018,14.0,14,,,,,,,,
,,,,,11035,17.0,17,,,,,,,,
,,,,,11042,7.0,7,,,,,,,,
,,,,,11056,14.0,14,,,,,,,,
,,,,,11071,15.0,15,,,,,,,,
,,,,,11077,6.0,6,,,,,,,,
,,,,,11085,8.0,8,,,,,,,,
,,,,,11097,12.0,12,,,,,,,,
,,,,,11102,5.0,5,,,,,,,,
,,,,,11107,5.0,5,,,,,,,,
,,,,,11126,19.0,19,,,,,,,,
,,,,,11129,3.0,3,,,,,,,,
,,,,,11133,4.0,4,,,,,,,,
,,,,,11141,8.0,8,,,,,,,,
,,,,,11149,8.0,8,,,,,,,,
,,,,,11153,4.0,4,,,,,,,,
,,,,,11169,16.0,16,,,,,,,,
,,,,,11173,4.0,4,,,,,,,,
,,,,,11177,4.0,4,,,,,,,,
,,,,,11185,8.0,8,,,,,,,,
,,,,,11212,27.0,27,,,,,,,,
,,,,,11216,4.0,4,,,,,,,,
,,,,,11224,8.0,8,,,,,,,,
,,,,,11231,7.0,7,,,,,,,,
,,,,,11234,3.0,3,,,,,,,,
,,,,,11239,5.0,5,,,,,,,,
,,,,,11244,5.0,5,,,,,,,,
,,,,,11255,11.0,11,,,,,,,,
,,,,,11262,7.0,7,,,,,,,,
,,,,,11277,15.0,15,,,,,,,,
,,,,,11287,10.0,10,,,,,,,,
,,,,,11291,4.0,4,,,,,,,,
,,,,,11297,6.0,6,,,,,,,,
,,,,,11300,3.0,3,,,,,,,,
,,,,,11305,5.0,5,,,,,,,,
,,,,,11310,5.0,5,,,,,,,,
,,,,,11316,6.0,6,,,,,,,,
,,,,,11320,4.0,4,,,,,,,,
,,,,,11324,4.0,4,,,,,,,,
,,,,,11329,5.0,5,,,,,,,,
,,,,,11332,3.0,3,,,,,,,,
,,,,,11341,9.0,9,,,,,,,,
,,,,,11346,5.0,5,,,,,,,,
,,,,,11349,3.0,3,,,,,,,,
,,,,,11354,5.0,5,,,,,,,,
,,,,,11370,16.0,16,,,,,,,,
,,,,,11374,4.0,4,,,,,,,,
,,,,,11379,5.0,5,,,,,,,,
,,,,,11390,11.0,11,,,,,,,,
,,,,,11399,9.0,9,,,,,,,,
,,,,,11413,14.0,14,,,,,,,,
,,,,,11417,4.0,4,,,,,,,,
,,,,,11421,4.0,4,,,,,,,,
,,,,,11430,9.0,9,,,,,,,,
,,,,,11434,4.0,4,,,,,,,,
,,,,,11444,10.0,10,,,,,,,,
,,,,,11448,4.0,4,,,,,,,,
,,,,,11453,5.0,5,,,,,,,,
,,,,,11461,8.0,8,,,,,,,,
,,,,,11466,5.0,5,,,,,,,,
,,,,,11476,10.0,10,,,,,,,,
,,,,,11479,3.0,3,,,,,,,,
,,,,,11484,5.0,5,,,,,,,,
,,,,,11487,3.0,3,,,,,,,,
,,,,,11497,10.0,10,,,,,,,,
,,,,,11511,14.0,14,,,,,,,,
,,,,,11515,4.0,4,,,,,,,,
,,,,,11520,5.0,5,,,,,,,,
,,,,,11526,6.0,6,,,,,,,,
,,,,,11531,5.0,5,,,,,,,,
,,,,,11535,4.0,4,,,,,,,,
,,,,,11548,13.0,13,,,,,,,,
,,,,,11551,3.0,3,,,,,,,,
,,,,,11555,4.0,4,,,,,,,,
,,,,,11560,5.0,5,,,,,,,,
,,,,,11567,7.0,7,,,,,,,,
,,,,,11571,4.0,4,,,,,,,,
,,,,,11576,5.0,5,,,,,,,,
,,,,,11582,6.0,6,,,,,,,,
,,,,,11589,7.0,7,,,,,,,,
,,,,,11598,9.0,9,,,,,,,,
,,,,,11603,5.0,5,,,,,,,,
,,,,,11611,8.0,8,,,,,,,,
,,,,,11616,5.0,5,,,,,,,,
,,,,,11621,5.0,5,,,,,,,,
,,,,,11630,9.0,9,,,,,,,,
,,,,,11633,3.0,3,,,,,,,,
,,,,,11637,4.0,4,,,,,,,,
,,,,,11642,5.0,5,,,,,,,,
,,,,,11646,4.0,4,,,,,,,,
,,,,,11650,4.0,4,,,,,,,,
,,,,,11656,6.0,6,,,,,,,,
,,,,,11661,5.0,5,,,,,,,,
,,,,,11705,44.0,44,,,,,,,,
,,,,,11719,14.0,14,,,,,,,,
,,,,,11724,5.0,5,,,,,,,,
,,,,,11728,4.0,4,,,,,,,,
,,,,,11733,5.0,5,,,,,,,,
,,,,,11740,7.0,7,,,,,,,,
,,,,,11746,6.0,6,,,,,,,,
,,,,,11774,28.0,28,,,,,,,,
,,,,,11784,10.0,10,,,,,,,,
,,,,,11816,32.0,32,,,,,,,,
,,,,,11826,10.0,10,,,,,,,,
,,,,,11840,14.0,14,,,,,,,,
,,,,,11846,6.0,6,,,,,,,,
,,,,,11851,5.0,5,,,,,,,,
,,,,,11856,5.0,5,,,,,,,,
,,,,,11864,8.0,8,,,,,,,,
,,,,,11888,24.0,24,,,,,,,,
,,,,,11905,17.0,17,,,,,,,,
,,,,,11923,18.0,18,,,,,,,,
,,,,,11930,7.0,7,,,,,,,,
,,,,,11941,11.0,11,,,,,,,,
,,,,,11947,6.0,6,,,,,,,,
,,,,,11951,4.0,4,,,,,,,,
,,,,,11962,11.0,11,,,,,,,,
,,,,,11971,9.0,9,,,,,,,,
,,,,,11976,5.0,5,,,,,,,,
,,,,,11990,14.0,14,,,,,,,,
,,,,,11996,6.0,6,,,,,,,,
,,,,,12000,,,0.026471281424164772,-0.2647128105163574,4.387413024902344,8.402904510498047,8.140602111816406,0.0003,0.0003,0.1
,,,,,12002,6.0,6,,,,,,,,
,,,,,12011,9.0,9,,,,,,,,
,,,,,12017,6.0,6,,,,,,,,
,,,,,12024,7.0,7,,,,,,,,
,,,,,12034,10.0,10,,,,,,,,
,,,,,12047,13.0,13,,,,,,,,
,,,,,12057,10.0,10,,,,,,,,
,,,,,12062,5.0,5,,,,,,,,
,,,,,12074,12.0,12,,,,,,,,
,,,,,12087,13.0,13,,,,,,,,
,,,,,12099,12.0,12,,,,,,,,
,,,,,12105,6.0,6,,,,,,,,
,,,,,12115,10.0,10,,,,,,,,
,,,,,12135,20.0,20,,,,,,,,
,,,,,12143,8.0,8,,,,,,,,
,,,,,12150,7.0,7,,,,,,,,
,,,,,12157,7.0,7,,,,,,,,
,,,,,12163,6.0,6,,,,,,,,
,,,,,12170,7.0,7,,,,,,,,
,,,,,12176,6.0,6,,,,,,,,
,,,,,12186,10.0,10,,,,,,,,
,,,,,12195,9.0,9,,,,,,,,
,,,,,12201,6.0,6,,,,,,,,
,,,,,12212,11.0,11,,,,,,,,
,,,,,12227,15.0,15,,,,,,,,
,,,,,12234,7.0,7,,,,,,,,
,,,,,12244,10.0,10,,,,,,,,
,,,,,12251,7.0,7,,,,,,,,
,,,,,12264,13.0,13,,,,,,,,
,,,,,12275,11.0,11,,,,,,,,
,,,,,12283,8.0,8,,,,,,,,
,,,,,12293,10.0,10,,,,,,,,
,,,,,12311,18.0,18,,,,,,,,
,,,,,12324,13.0,13,,,,,,,,
,,,,,12327,3.0,3,,,,,,,,
,,,,,12335,8.0,8,,,,,,,,
,,,,,12339,4.0,4,,,,,,,,
,,,,,12344,5.0,5,,,,,,,,
,,,,,12352,8.0,8,,,,,,,,
,,,,,12356,4.0,4,,,,,,,,
,,,,,12370,14.0,14,,,,,,,,
,,,,,12396,26.0,26,,,,,,,,
,,,,,12413,17.0,17,,,,,,,,
,,,,,12440,27.0,27,,,,,,,,
,,,,,12446,6.0,6,,,,,,,,
,,,,,12478,32.0,32,,,,,,,,
,,,,,12511,33.0,33,,,,,,,,
,,,,,12528,17.0,17,,,,,,,,
,,,,,12536,8.0,8,,,,,,,,
,,,,,12546,10.0,10,,,,,,,,
,,,,,12576,30.0,30,,,,,,,,
,,,,,12590,14.0,14,,,,,,,,
,,,,,12607,17.0,17,,,,,,,,
,,,,,12661,54.0,54,,,,,,,,
,,,,,12683,22.0,22,,,,,,,,
,,,,,12697,14.0,14,,,,,,,,
,,,,,12713,16.0,16,,,,,,,,
,,,,,12743,30.0,30,,,,,,,,
,,,,,12763,20.0,20,,,,,,,,
,,,,,12772,9.0,9,,,,,,,,
,,,,,12776,4.0,4,,,,,,,,
,,,,,12790,14.0,14,,,,,,,,
,,,,,12801,11.0,11,,,,,,,,
,,,,,12809,8.0,8,,,,,,,,
,,,,,12838,29.0,29,,,,,,,,
,,,,,12847,9.0,9,,,,,,,,
,,,,,12855,8.0,8,,,,,,,,
,,,,,12871,16.0,16,,,,,,,,
,,,,,12876,5.0,5,,,,,,,,
,,,,,12884,8.0,8,,,,,,,,
,,,,,12893,9.0,9,,,,,,,,
,,,,,12898,5.0,5,,,,,,,,
,,,,,12903,5.0,5,,,,,,,,
,,,,,12932,29.0,29,,,,,,,,
,,,,,12963,31.0,31,,,,,,,,
,,,,,12978,15.0,15,,,,,,,,
,,,,,12994,16.0,16,,,,,,,,
,,,,,13000,,,0.004029121249914169,-0.04029121249914169,3.2141590118408203,10.115080833435059,10.273837089538574,0.0003,0.0003,0.1
,,,,,13006,12.0,12,,,,,,,,
,,,,,13014,8.0,8,,,,,,,,
,,,,,13026,12.0,12,,,,,,,,
,,,,,13041,15.0,15,,,,,,,,
,,,,,13048,7.0,7,,,,,,,,
,,,,,13068,20.0,20,,,,,,,,
,,,,,13074,6.0,6,,,,,,,,
,,,,,13098,24.0,24,,,,,,,,
,,,,,13112,14.0,14,,,,,,,,
,,,,,13123,11.0,11,,,,,,,,
,,,,,13138,15.0,15,,,,,,,,
,,,,,13160,22.0,22,,,,,,,,
,,,,,13167,7.0,7,,,,,,,,
,,,,,13220,53.0,53,,,,,,,,
,,,,,13227,7.0,7,,,,,,,,
,,,,,13242,15.0,15,,,,,,,,
,,,,,13261,19.0,19,,,,,,,,
,,,,,13289,28.0,28,,,,,,,,
,,,,,13298,9.0,9,,,,,,,,
,,,,,13328,30.0,30,,,,,,,,
,,,,,13355,27.0,27,,,,,,,,
,,,,,13376,21.0,21,,,,,,,,
,,,,,13396,20.0,20,,,,,,,,
,,,,,13412,16.0,16,,,,,,,,
,,,,,13462,50.0,50,,,,,,,,
,,,,,13467,5.0,5,,,,,,,,
,,,,,13476,9.0,9,,,,,,,,
,,,,,13483,7.0,7,,,,,,,,
,,,,,13488,5.0,5,,,,,,,,
,,,,,13493,5.0,5,,,,,,,,
,,,,,13508,15.0,15,,,,,,,,
,,,,,13518,10.0,10,,,,,,,,
,,,,,13540,22.0,22,,,,,,,,
,,,,,13550,10.0,10,,,,,,,,
,,,,,13556,6.0,6,,,,,,,,
,,,,,13570,14.0,14,,,,,,,,
,,,,,13576,6.0,6,,,,,,,,
,,,,,13587,11.0,11,,,,,,,,
,,,,,13601,14.0,14,,,,,,,,
,,,,,13614,13.0,13,,,,,,,,
,,,,,13622,8.0,8,,,,,,,,
,,,,,13634,12.0,12,,,,,,,,
,,,,,13644,10.0,10,,,,,,,,
,,,,,13650,6.0,6,,,,,,,,
,,,,,13668,18.0,18,,,,,,,,
,,,,,13676,8.0,8,,,,,,,,
,,,,,13688,12.0,12,,,,,,,,
,,,,,13725,37.0,37,,,,,,,,
,,,,,13737,12.0,12,,,,,,,,
,,,,,13772,35.0,35,,,,,,,,
,,,,,13791,19.0,19,,,,,,,,
,,,,,13808,17.0,17,,,,,,,,
,,,,,13822,14.0,14,,,,,,,,
,,,,,13838,16.0,16,,,,,,,,
,,,,,13842,4.0,4,,,,,,,,
,,,,,13850,8.0,8,,,,,,,,
,,,,,13865,15.0,15,,,,,,,,
,,,,,13874,9.0,9,,,,,,,,
,,,,,13880,6.0,6,,,,,,,,
,,,,,13915,35.0,35,,,,,,,,
,,,,,13920,5.0,5,,,,,,,,
,,,,,13937,17.0,17,,,,,,,,
,,,,,13947,10.0,10,,,,,,,,
,,,,,13951,4.0,4,,,,,,,,
,,,,,13965,14.0,14,,,,,,,,
,,,,,13972,7.0,7,,,,,,,,
,,,,,13999,27.0,27,,,,,,,,
,,,,,14000,,,-0.04188202694058418,0.41882026195526123,4.538583755493164,9.565986633300781,9.856783866882324,0.0003,0.0003,0.1
,,,,,14012,13.0,13,,,,,,,,
,,,,,14024,12.0,12,,,,,,,,
,,,,,14032,8.0,8,,,,,,,,
,,,,,14038,6.0,6,,,,,,,,
,,,,,14064,26.0,26,,,,,,,,
,,,,,14071,7.0,7,,,,,,,,
,,,,,14077,6.0,6,,,,,,,,
,,,,,14095,18.0,18,,,,,,,,
,,,,,14099,4.0,4,,,,,,,,
,,,,,14111,12.0,12,,,,,,,,
,,,,,14115,4.0,4,,,,,,,,
,,,,,14129,14.0,14,,,,,,,,
,,,,,14144,15.0,15,,,,,,,,
,,,,,14155,11.0,11,,,,,,,,
,,,,,14164,9.0,9,,,,,,,,
,,,,,14170,6.0,6,,,,,,,,
,,,,,14184,14.0,14,,,,,,,,
,,,,,14193,9.0,9,,,,,,,,
,,,,,14226,33.0,33,,,,,,,,
,,,,,14234,8.0,8,,,,,,,,
,,,,,14246,12.0,12,,,,,,,,
,,,,,14251,5.0,5,,,,,,,,
,,,,,14258,7.0,7,,,,,,,,
,,,,,14266,8.0,8,,,,,,,,
,,,,,14277,11.0,11,,,,,,,,
,,,,,14283,6.0,6,,,,,,,,
,,,,,14290,7.0,7,,,,,,,,
,,,,,14303,13.0,13,,,,,,,,
,,,,,14308,5.0,5,,,,,,,,
,,,,,14315,7.0,7,,,,,,,,
,,,,,14332,17.0,17,,,,,,,,
,,,,,14335,3.0,3,,,,,,,,
,,,,,14343,8.0,8,,,,,,,,
,,,,,14352,9.0,9,,,,,,,,
,,,,,14362,10.0,10,,,,,,,,
,,,,,14384,22.0,22,,,,,,,,
,,,,,14391,7.0,7,,,,,,,,
,,,,,14395,4.0,4,,,,,,,,
,,,,,14401,6.0,6,,,,,,,,
,,,,,14407,6.0,6,,,,,,,,
,,,,,14410,3.0,3,,,,,,,,
,,,,,14416,6.0,6,,,,,,,,
,,,,,14420,4.0,4,,,,,,,,
,,,,,14427,7.0,7,,,,,,,,
,,,,,14433,6.0,6,,,,,,,,
,,,,,14447,14.0,14,,,,,,,,
,,,,,14452,5.0,5,,,,,,,,
,,,,,14466,14.0,14,,,,,,,,
,,,,,14476,10.0,10,,,,,,,,
,,,,,14481,5.0,5,,,,,,,,
,,,,,14493,12.0,12,,,,,,,,
,,,,,14503,10.0,10,,,,,,,,
,,,,,14508,5.0,5,,,,,,,,
,,,,,14514,6.0,6,,,,,,,,
,,,,,14523,9.0,9,,,,,,,,
,,,,,14528,5.0,5,,,,,,,,
,,,,,14532,4.0,4,,,,,,,,
,,,,,14537,5.0,5,,,,,,,,
,,,,,14548,11.0,11,,,,,,,,
,,,,,14562,14.0,14,,,,,,,,
,,,,,14570,8.0,8,,,,,,,,
,,,,,14573,3.0,3,,,,,,,,
,,,,,14578,5.0,5,,,,,,,,
,,,,,14609,31.0,31,,,,,,,,
,,,,,14613,4.0,4,,,,,,,,
,,,,,14623,10.0,10,,,,,,,,
,,,,,14648,25.0,25,,,,,,,,
,,,,,14657,9.0,9,,,,,,,,
,,,,,14662,5.0,5,,,,,,,,
,,,,,14684,22.0,22,,,,,,,,
,,,,,14689,5.0,5,,,,,,,,
,,,,,14722,33.0,33,,,,,,,,
,,,,,14728,6.0,6,,,,,,,,
,,,,,14732,4.0,4,,,,,,,,
,,,,,14744,12.0,12,,,,,,,,
,,,,,14752,8.0,8,,,,,,,,
,,,,,14768,16.0,16,,,,,,,,
,,,,,14772,4.0,4,,,,,,,,
,,,,,14782,10.0,10,,,,,,,,
,,,,,14785,3.0,3,,,,,,,,
,,,,,14789,4.0,4,,,,,,,,
,,,,,14802,13.0,13,,,,,,,,
,,,,,14815,13.0,13,,,,,,,,
,,,,,14819,4.0,4,,,,,,,,
,,,,,14823,4.0,4,,,,,,,,
,,,,,14845,22.0,22,,,,,,,,
,,,,,14851,6.0,6,,,,,,,,
,,,,,14857,6.0,6,,,,,,,,
,,,,,14872,15.0,15,,,,,,,,
,,,,,14878,6.0,6,,,,,,,,
,,,,,14882,4.0,4,,,,,,,,
,,,,,14886,4.0,4,,,,,,,,
,,,,,14896,10.0,10,,,,,,,,
,,,,,14902,6.0,6,,,,,,,,
,,,,,14925,23.0,23,,,,,,,,
,,,,,14931,6.0,6,,,,,,,,
,,,,,14938,7.0,7,,,,,,,,
,,,,,14947,9.0,9,,,,,,,,
,,,,,14956,9.0,9,,,,,,,,
,,,,,14960,4.0,4,,,,,,,,
,,,,,14967,7.0,7,,,,,,,,
,,,,,14982,15.0,15,,,,,,,,
,,,,,14995,13.0,13,,,,,,,,
,,,,,15000,5.0,5,,,,,,,,
9.1,3.9102428,18.0,4.0,9.1,15000,,,-0.021249009296298027,0.21249008178710938,4.653785705566406,8.596680641174316,8.560819625854492,0.0003,0.0003,0.1
,,,,,15012,12.0,12,,,,,,,,
,,,,,15018,6.0,6,,,,,,,,
,,,,,15028,10.0,10,,,,,,,,
,,,,,15033,5.0,5,,,,,,,,
,,,,,15039,6.0,6,,,,,,,,
,,,,,15054,15.0,15,,,,,,,,
,,,,,15062,8.0,8,,,,,,,,
,,,,,15073,11.0,11,,,,,,,,
,,,,,15084,11.0,11,,,,,,,,
,,,,,15091,7.0,7,,,,,,,,
,,,,,15122,31.0,31,,,,,,,,
,,,,,15128,6.0,6,,,,,,,,
,,,,,15159,31.0,31,,,,,,,,
,,,,,15182,23.0,23,,,,,,,,
,,,,,15209,27.0,27,,,,,,,,
,,,,,15212,3.0,3,,,,,,,,
,,,,,15250,38.0,38,,,,,,,,
,,,,,15256,6.0,6,,,,,,,,
,,,,,15271,15.0,15,,,,,,,,
,,,,,15275,4.0,4,,,,,,,,
,,,,,15286,11.0,11,,,,,,,,
,,,,,15312,26.0,26,,,,,,,,
,,,,,15333,21.0,21,,,,,,,,
,,,,,15337,4.0,4,,,,,,,,
,,,,,15366,29.0,29,,,,,,,,
,,,,,15409,43.0,43,,,,,,,,
,,,,,15412,3.0,3,,,,,,,,
,,,,,15424,12.0,12,,,,,,,,
,,,,,15445,21.0,21,,,,,,,,
,,,,,15479,34.0,34,,,,,,,,
,,,,,15491,12.0,12,,,,,,,,
,,,,,15496,5.0,5,,,,,,,,
,,,,,15499,3.0,3,,,,,,,,
,,,,,15507,8.0,8,,,,,,,,
,,,,,15516,9.0,9,,,,,,,,
,,,,,15535,19.0,19,,,,,,,,
,,,,,15543,8.0,8,,,,,,,,
,,,,,15551,8.0,8,,,,,,,,
,,,,,15562,11.0,11,,,,,,,,
,,,,,15590,28.0,28,,,,,,,,
,,,,,15595,5.0,5,,,,,,,,
,,,,,15615,20.0,20,,,,,,,,
,,,,,15633,18.0,18,,,,,,,,
,,,,,15645,12.0,12,,,,,,,,
,,,,,15659,14.0,14,,,,,,,,
,,,,,15698,39.0,39,,,,,,,,
,,,,,15708,10.0,10,,,,,,,,
,,,,,15714,6.0,6,,,,,,,,
,,,,,15727,13.0,13,,,,,,,,
,,,,,15743,16.0,16,,,,,,,,
,,,,,15777,34.0,34,,,,,,,,
,,,,,15794,17.0,17,,,,,,,,
,,,,,15828,34.0,34,,,,,,,,
,,,,,15872,44.0,44,,,,,,,,
,,,,,15895,23.0,23,,,,,,,,
,,,,,15926,31.0,31,,,,,,,,
,,,,,15952,26.0,26,,,,,,,,
,,,,,15962,10.0,10,,,,,,,,
,,,,,15971,9.0,9,,,,,,,,
,,,,,15989,18.0,18,,,,,,,,
,,,,,16000,,,0.02328544668853283,-0.2328544706106186,2.466378927230835,9.529044151306152,9.667125701904297,0.0003,0.0003,0.1
,,,,,16005,16.0,16,,,,,,,,
,,,,,16064,59.0,59,,,,,,,,
,,,,,16086,22.0,22,,,,,,,,
,,,,,16103,17.0,17,,,,,,,,
,,,,,16119,16.0,16,,,,,,,,
,,,,,16128,9.0,9,,,,,,,,
,,,,,16141,13.0,13,,,,,,,,
,,,,,16151,10.0,10,,,,,,,,
,,,,,16205,54.0,54,,,,,,,,
,,,,,16214,9.0,9,,,,,,,,
,,,,,16233,19.0,19,,,,,,,,
,,,,,16246,13.0,13,,,,,,,,
,,,,,16253,7.0,7,,,,,,,,
,,,,,16260,7.0,7,,,,,,,,
,,,,,16269,9.0,9,,,,,,,,
,,,,,16281,12.0,12,,,,,,,,
,,,,,16322,41.0,41,,,,,,,,
,,,,,16334,12.0,12,,,,,,,,
,,,,,16339,5.0,5,,,,,,,,
,,,,,16357,18.0,18,,,,,,,,
,,,,,16363,6.0,6,,,,,,,,
,,,,,16369,6.0,6,,,,,,,,
,,,,,16400,31.0,31,,,,,,,,
,,,,,16409,9.0,9,,,,,,,,
,,,,,16420,11.0,11,,,,,,,,
,,,,,16438,18.0,18,,,,,,,,
,,,,,16441,3.0,3,,,,,,,,
,,,,,16462,21.0,21,,,,,,,,
,,,,,16467,5.0,5,,,,,,,,
,,,,,16493,26.0,26,,,,,,,,
,,,,,16496,3.0,3,,,,,,,,
,,,,,16507,11.0,11,,,,,,,,
,,,,,16532,25.0,25,,,,,,,,
,,,,,16550,18.0,18,,,,,,,,
,,,,,16560,10.0,10,,,,,,,,
,,,,,16594,34.0,34,,,,,,,,
,,,,,16621,27.0,27,,,,,,,,
,,,,,16628,7.0,7,,,,,,,,
,,,,,16649,21.0,21,,,,,,,,
,,,,,16690,41.0,41,,,,,,,,
,,,,,16717,27.0,27,,,,,,,,
,,,,,16743,26.0,26,,,,,,,,
,,,,,16760,17.0,17,,,,,,,,
,,,,,16781,21.0,21,,,,,,,,
,,,,,16802,21.0,21,,,,,,,,
,,,,,16811,9.0,9,,,,,,,,
,,,,,16816,5.0,5,,,,,,,,
,,,,,16831,15.0,15,,,,,,,,
,,,,,16844,13.0,13,,,,,,,,
,,,,,16851,7.0,7,,,,,,,,
,,,,,16881,30.0,30,,,,,,,,
,,,,,16888,7.0,7,,,,,,,,
,,,,,16901,13.0,13,,,,,,,,
,,,,,16913,12.0,12,,,,,,,,
,,,,,16918,5.0,5,,,,,,,,
,,,,,16934,16.0,16,,,,,,,,
,,,,,16939,5.0,5,,,,,,,,
,,,,,16948,9.0,9,,,,,,,,
,,,,,16959,11.0,11,,,,,,,,
,,,,,16985,26.0,26,,,,,,,,
,,,,,17000,,,0.020010052248835564,-0.20010051131248474,5.013541221618652,10.425254821777344,10.087813377380371,0.0003,0.0003,0.1
,,,,,17003,18.0,18,,,,,,,,
,,,,,17035,32.0,32,,,,,,,,
,,,,,17044,9.0,9,,,,,,,,
,,,,,17057,13.0,13,,,,,,,,
,,,,,17069,12.0,12,,,,,,,,
,,,,,17084,15.0,15,,,,,,,,
,,,,,17120,36.0,36,,,,,,,,
,,,,,17128,8.0,8,,,,,,,,
,,,,,17158,30.0,30,,,,,,,,
,,,,,17173,15.0,15,,,,,,,,
,,,,,17189,16.0,16,,,,,,,,
,,,,,17197,8.0,8,,,,,,,,
,,,,,17202,5.0,5,,,,,,,,
,,,,,17220,18.0,18,,,,,,,,
,,,,,17257,37.0,37,,,,,,,,
,,,,,17282,25.0,25,,,,,,,,
,,,,,17288,6.0,6,,,,,,,,
,,,,,17299,11.0,11,,,,,,,,
,,,,,17316,17.0,17,,,,,,,,
,,,,,17328,12.0,12,,,,,,,,
,,,,,17357,29.0,29,,,,,,,,
,,,,,17395,38.0,38,,,,,,,,
,,,,,17419,24.0,24,,,,,,,,
,,,,,17471,52.0,52,,,,,,,,
,,,,,17496,25.0,25,,,,,,,,
,,,,,17521,25.0,25,,,,,,,,
,,,,,17530,9.0,9,,,,,,,,
,,,,,17554,24.0,24,,,,,,,,
,,,,,17562,8.0,8,,,,,,,,
,,,,,17573,11.0,11,,,,,,,,
,,,,,17589,16.0,16,,,,,,,,
,,,,,17597,8.0,8,,,,,,,,
,,,,,17612,15.0,15,,,,,,,,
,,,,,17617,5.0,5,,,,,,,,
,,,,,17625,8.0,8,,,,,,,,
,,,,,17640,15.0,15,,,,,,,,
,,,,,17651,11.0,11,,,,,,,,
,,,,,17673,22.0,22,,,,,,,,
,,,,,17680,7.0,7,,,,,,,,
,,,,,17687,7.0,7,,,,,,,,
,,,,,17714,27.0,27,,,,,,,,
,,,,,17728,14.0,14,,,,,,,,
,,,,,17735,7.0,7,,,,,,,,
,,,,,17752,17.0,17,,,,,,,,
,,,,,17762,10.0,10,,,,,,,,
,,,,,17780,18.0,18,,,,,,,,
,,,,,17784,4.0,4,,,,,,,,
,,,,,17795,11.0,11,,,,,,,,
,,,,,17800,5.0,5,,,,,,,,
,,,,,17807,7.0,7,,,,,,,,
,,,,,17816,9.0,9,,,,,,,,
,,,,,17821,5.0,5,,,,,,,,
,,,,,17840,19.0,19,,,,,,,,
,,,,,17862,22.0,22,,,,,,,,
,,,,,17870,8.0,8,,,,,,,,
,,,,,17876,6.0,6,,,,,,,,
,,,,,17899,23.0,23,,,,,,,,
,,,,,17907,8.0,8,,,,,,,,
,,,,,17927,20.0,20,,,,,,,,
,,,,,17931,4.0,4,,,,,,,,
,,,,,17956,25.0,25,,,,,,,,
,,,,,17975,19.0,19,,,,,,,,
,,,,,17981,6.0,6,,,,,,,,
,,,,,17994,13.0,13,,,,,,,,
,,,,,18000,,,-0.04087139293551445,0.4087139368057251,8.550270080566406,10.609614372253418,10.375274658203125,0.0003,0.0003,0.1
,,,,,18010,16.0,16,,,,,,,,
,,,,,18025,15.0,15,,,,,,,,
,,,,,18028,3.0,3,,,,,,,,
,,,,,18032,4.0,4,,,,,,,,
,,,,,18043,11.0,11,,,,,,,,
,,,,,18058,15.0,15,,,,,,,,
,,,,,18080,22.0,22,,,,,,,,
,,,,,18090,10.0,10,,,,,,,,
,,,,,18109,19.0,19,,,,,,,,
,,,,,18117,8.0,8,,,,,,,,
,,,,,18128,11.0,11,,,,,,,,
,,,,,18135,7.0,7,,,,,,,,
,,,,,18143,8.0,8,,,,,,,,
,,,,,18149,6.0,6,,,,,,,,
,,,,,18152,3.0,3,,,,,,,,
,,,,,18173,21.0,21,,,,,,,,
,,,,,18203,30.0,30,,,,,,,,
,,,,,18223,20.0,20,,,,,,,,
,,,,,18234,11.0,11,,,,,,,,
,,,,,18248,14.0,14,,,,,,,,
,,,,,18258,10.0,10,,,,,,,,
,,,,,18261,3.0,3,,,,,,,,
,,,,,18269,8.0,8,,,,,,,,
,,,,,18278,9.0,9,,,,,,,,
,,,,,18292,14.0,14,,,,,,,,
,,,,,18302,10.0,10,,,,,,,,
,,,,,18308,6.0,6,,,,,,,,
,,,,,18340,32.0,32,,,,,,,,
,,,,,18348,8.0,8,,,,,,,,
,,,,,18362,14.0,14,,,,,,,,
,,,,,18366,4.0,4,,,,,,,,
,,,,,18371,5.0,5,,,,,,,,
,,,,,18381,10.0,10,,,,,,,,
,,,,,18385,4.0,4,,,,,,,,
,,,,,18388,3.0,3,,,,,,,,
,,,,,18396,8.0,8,,,,,,,,
,,,,,18419,23.0,23,,,,,,,,
,,,,,18433,14.0,14,,,,,,,,
,,,,,18441,8.0,8,,,,,,,,
,,,,,18449,8.0,8,,,,,,,,
,,,,,18455,6.0,6,,,,,,,,
,,,,,18472,17.0,17,,,,,,,,
,,,,,18477,5.0,5,,,,,,,,
,,,,,18484,7.0,7,,,,,,,,
,,,,,18491,7.0,7,,,,,,,,
,,,,,18503,12.0,12,,,,,,,,
,,,,,18514,11.0,11,,,,,,,,
,,,,,18532,18.0,18,,,,,,,,
,,,,,18538,6.0,6,,,,,,,,
,,,,,18545,7.0,7,,,,,,,,
,,,,,18559,14.0,14,,,,,,,,
,,,,,18579,20.0,20,,,,,,,,
,,,,,18591,12.0,12,,,,,,,,
,,,,,18602,11.0,11,,,,,,,,
,,,,,18611,9.0,9,,,,,,,,
,,,,,18622,11.0,11,,,,,,,,
,,,,,18645,23.0,23,,,,,,,,
,,,,,18659,14.0,14,,,,,,,,
,,,,,18663,4.0,4,,,,,,,,
,,,,,18672,9.0,9,,,,,,,,
,,,,,18675,3.0,3,,,,,,,,
,,,,,18707,32.0,32,,,,,,,,
,,,,,18712,5.0,5,,,,,,,,
,,,,,18733,21.0,21,,,,,,,,
,,,,,18755,22.0,22,,,,,,,,
,,,,,18771,16.0,16,,,,,,,,
,,,,,18786,15.0,15,,,,,,,,
,,,,,18793,7.0,7,,,,,,,,
,,,,,18796,3.0,3,,,,,,,,
,,,,,18815,19.0,19,,,,,,,,
,,,,,18828,13.0,13,,,,,,,,
,,,,,18839,11.0,11,,,,,,,,
,,,,,18844,5.0,5,,,,,,,,
,,,,,18868,24.0,24,,,,,,,,
,,,,,18891,23.0,23,,,,,,,,
,,,,,18897,6.0,6,,,,,,,,
,,,,,18902,5.0,5,,,,,,,,
,,,,,18910,8.0,8,,,,,,,,
,,,,,18916,6.0,6,,,,,,,,
,,,,,18924,8.0,8,,,,,,,,
,,,,,18941,17.0,17,,,,,,,,
,,,,,18958,17.0,17,,,,,,,,
,,,,,18976,18.0,18,,,,,,,,
,,,,,18983,7.0,7,,,,,,,,
,,,,,18998,15.0,15,,,,,,,,
,,,,,19000,,,-0.05869751051068306,0.58697509765625,7.141700267791748,9.412737846374512,9.301471710205078,0.0003,0.0003,0.1
,,,,,19004,6.0,6,,,,,,,,
,,,,,19007,3.0,3,,,,,,,,
,,,,,19014,7.0,7,,,,,,,,
,,,,,19027,13.0,13,,,,,,,,
,,,,,19033,6.0,6,,,,,,,,
,,,,,19037,4.0,4,,,,,,,,
,,,,,19040,3.0,3,,,,,,,,
,,,,,19045,5.0,5,,,,,,,,
,,,,,19086,41.0,41,,,,,,,,
,,,,,19101,15.0,15,,,,,,,,
,,,,,19117,16.0,16,,,,,,,,
,,,,,19128,11.0,11,,,,,,,,
,,,,,19138,10.0,10,,,,,,,,
,,,,,19148,10.0,10,,,,,,,,
,,,,,19166,18.0,18,,,,,,,,
,,,,,19180,14.0,14,,,,,,,,
,,,,,19188,8.0,8,,,,,,,,
,,,,,19194,6.0,6,,,,,,,,
,,,,,19201,7.0,7,,,,,,,,
,,,,,19205,4.0,4,,,,,,,,
,,,,,19211,6.0,6,,,,,,,,
,,,,,19224,13.0,13,,,,,,,,
,,,,,19241,17.0,17,,,,,,,,
,,,,,19252,11.0,11,,,,,,,,
,,,,,19265,13.0,13,,,,,,,,
,,,,,19270,5.0,5,,,,,,,,
,,,,,19275,5.0,5,,,,,,,,
,,,,,19284,9.0,9,,,,,,,,
,,,,,19300,16.0,16,,,,,,,,
,,,,,19318,18.0,18,,,,,,,,
,,,,,19330,12.0,12,,,,,,,,
,,,,,19335,5.0,5,,,,,,,,
,,,,,19340,5.0,5,,,,,,,,
,,,,,19346,6.0,6,,,,,,,,
,,,,,19358,12.0,12,,,,,,,,
,,,,,19363,5.0,5,,,,,,,,
,,,,,19368,5.0,5,,,,,,,,
,,,,,19380,12.0,12,,,,,,,,
,,,,,19387,7.0,7,,,,,,,,
,,,,,19400,13.0,13,,,,,,,,
,,,,,19414,14.0,14,,,,,,,,
,,,,,19417,3.0,3,,,,,,,,
,,,,,19423,6.0,6,,,,,,,,
,,,,,19429,6.0,6,,,,,,,,
,,,,,19433,4.0,4,,,,,,,,
,,,,,19439,6.0,6,,,,,,,,
,,,,,19446,7.0,7,,,,,,,,
,,,,,19455,9.0,9,,,,,,,,
,,,,,19458,3.0,3,,,,,,,,
,,,,,19462,4.0,4,,,,,,,,
,,,,,19466,4.0,4,,,,,,,,
,,,,,19474,8.0,8,,,,,,,,
,,,,,19480,6.0,6,,,,,,,,
,,,,,19484,4.0,4,,,,,,,,
,,,,,19488,4.0,4,,,,,,,,
,,,,,19497,9.0,9,,,,,,,,
,,,,,19501,4.0,4,,,,,,,,
,,,,,19506,5.0,5,,,,,,,,
,,,,,19524,18.0,18,,,,,,,,
,,,,,19536,12.0,12,,,,,,,,
,,,,,19543,7.0,7,,,,,,,,
,,,,,19547,4.0,4,,,,,,,,
,,,,,19558,11.0,11,,,,,,,,
,,,,,19571,13.0,13,,,,,,,,
,,,,,19578,7.0,7,,,,,,,,
,,,,,19582,4.0,4,,,,,,,,
,,,,,19585,3.0,3,,,,,,,,
,,,,,19588,3.0,3,,,,,,,,
,,,,,19593,5.0,5,,,,,,,,
,,,,,19603,10.0,10,,,,,,,,
,,,,,19607,4.0,4,,,,,,,,
,,,,,19616,9.0,9,,,,,,,,
,,,,,19620,4.0,4,,,,,,,,
,,,,,19625,5.0,5,,,,,,,,
,,,,,19649,24.0,24,,,,,,,,
,,,,,19657,8.0,8,,,,,,,,
,,,,,19661,4.0,4,,,,,,,,
,,,,,19669,8.0,8,,,,,,,,
,,,,,19674,5.0,5,,,,,,,,
,,,,,19683,9.0,9,,,,,,,,
,,,,,19690,7.0,7,,,,,,,,
,,,,,19695,5.0,5,,,,,,,,
,,,,,19702,7.0,7,,,,,,,,
,,,,,19709,7.0,7,,,,,,,,
,,,,,19725,16.0,16,,,,,,,,
,,,,,19730,5.0,5,,,,,,,,
,,,,,19734,4.0,4,,,,,,,,
,,,,,19741,7.0,7,,,,,,,,
,,,,,19759,18.0,18,,,,,,,,
,,,,,19767,8.0,8,,,,,,,,
,,,,,19781,14.0,14,,,,,,,,
,,,,,19787,6.0,6,,,,,,,,
,,,,,19792,5.0,5,,,,,,,,
,,,,,19800,8.0,8,,,,,,,,
,,,,,19823,23.0,23,,,,,,,,
,,,,,19826,3.0,3,,,,,,,,
,,,,,19834,8.0,8,,,,,,,,
,,,,,19838,4.0,4,,,,,,,,
,,,,,19850,12.0,12,,,,,,,,
,,,,,19856,6.0,6,,,,,,,,
,,,,,19860,4.0,4,,,,,,,,
,,,,,19865,5.0,5,,,,,,,,
,,,,,19868,3.0,3,,,,,,,,
,,,,,19871,3.0,3,,,,,,,,
,,,,,19877,6.0,6,,,,,,,,
,,,,,19881,4.0,4,,,,,,,,
,,,,,19885,4.0,4,,,,,,,,
,,,,,19890,5.0,5,,,,,,,,
,,,,,19903,13.0,13,,,,,,,,
,,,,,19915,12.0,12,,,,,,,,
,,,,,19918,3.0,3,,,,,,,,
,,,,,19933,15.0,15,,,,,,,,
,,,,,19936,3.0,3,,,,,,,,
,,,,,19941,5.0,5,,,,,,,,
,,,,,19946,5.0,5,,,,,,,,
,,,,,19959,13.0,13,,,,,,,,
,,,,,19965,6.0,6,,,,,,,,
,,,,,19993,28.0,28,,,,,,,,
,,,,,19996,3.0,3,,,,,,,,
9.3,4.313931,16.0,4.0,9.3,20000,,,-0.055004265159368515,0.5500426292419434,6.697813510894775,7.420719146728516,7.372990608215332,0.0003,0.0003,0.1
,,,,,20009,13.0,13,,,,,,,,
,,,,,20015,6.0,6,,,,,,,,
,,,,,20030,15.0,15,,,,,,,,
,,,,,20037,7.0,7,,,,,,,,
,,,,,20046,9.0,9,,,,,,,,
,,,,,20049,3.0,3,,,,,,,,
,,,,,20053,4.0,4,,,,,,,,
,,,,,20060,7.0,7,,,,,,,,
,,,,,20067,7.0,7,,,,,,,,
,,,,,20074,7.0,7,,,,,,,,
,,,,,20080,6.0,6,,,,,,,,
,,,,,20087,7.0,7,,,,,,,,
,,,,,20097,10.0,10,,,,,,,,
,,,,,20106,9.0,9,,,,,,,,
,,,,,20120,14.0,14,,,,,,,,
,,,,,20126,6.0,6,,,,,,,,
,,,,,20131,5.0,5,,,,,,,,
,,,,,20134,3.0,3,,,,,,,,
,,,,,20142,8.0,8,,,,,,,,
,,,,,20163,21.0,21,,,,,,,,
,,,,,20176,13.0,13,,,,,,,,
,,,,,20180,4.0,4,,,,,,,,
,,,,,20190,10.0,10,,,,,,,,
,,,,,20194,4.0,4,,,,,,,,
,,,,,20197,3.0,3,,,,,,,,
,,,,,20201,4.0,4,,,,,,,,
,,,,,20207,6.0,6,,,,,,,,
,,,,,20212,5.0,5,,,,,,,,
,,,,,20219,7.0,7,,,,,,,,
,,,,,20226,7.0,7,,,,,,,,
,,,,,20246,20.0,20,,,,,,,,
,,,,,20249,3.0,3,,,,,,,,
,,,,,20258,9.0,9,,,,,,,,
,,,,,20266,8.0,8,,,,,,,,
,,,,,20275,9.0,9,,,,,,,,
,,,,,20286,11.0,11,,,,,,,,
,,,,,20304,18.0,18,,,,,,,,
,,,,,20307,3.0,3,,,,,,,,
,,,,,20310,3.0,3,,,,,,,,
,,,,,20314,4.0,4,,,,,,,,
,,,,,20338,24.0,24,,,,,,,,
,,,,,20346,8.0,8,,,,,,,,
,,,,,20349,3.0,3,,,,,,,,
,,,,,20356,7.0,7,,,,,,,,
,,,,,20364,8.0,8,,,,,,,,
,,,,,20390,26.0,26,,,,,,,,
,,,,,20400,10.0,10,,,,,,,,
,,,,,20403,3.0,3,,,,,,,,
,,,,,20406,3.0,3,,,,,,,,
,,,,,20417,11.0,11,,,,,,,,
,,,,,20420,3.0,3,,,,,,,,
,,,,,20424,4.0,4,,,,,,,,
,,,,,20428,4.0,4,,,,,,,,
,,,,,20432,4.0,4,,,,,,,,
,,,,,20442,10.0,10,,,,,,,,
,,,,,20446,4.0,4,,,,,,,,
,,,,,20450,4.0,4,,,,,,,,
,,,,,20455,5.0,5,,,,,,,,
,,,,,20462,7.0,7,,,,,,,,
,,,,,20467,5.0,5,,,,,,,,
,,,,,20471,4.0,4,,,,,,,,
,,,,,20475,4.0,4,,,,,,,,
,,,,,20479,4.0,4,,,,,,,,
,,,,,20484,5.0,5,,,,,,,,
,,,,,20488,4.0,4,,,,,,,,
,,,,,20502,14.0,14,,,,,,,,
,,,,,20512,10.0,10,,,,,,,,
,,,,,20515,3.0,3,,,,,,,,
,,,,,20522,7.0,7,,,,,,,,
,,,,,20543,21.0,21,,,,,,,,
,,,,,20548,5.0,5,,,,,,,,
,,,,,20561,13.0,13,,,,,,,,
,,,,,20567,6.0,6,,,,,,,,
,,,,,20580,13.0,13,,,,,,,,
,,,,,20583,3.0,3,,,,,,,,
,,,,,20592,9.0,9,,,,,,,,
,,,,,20596,4.0,4,,,,,,,,
,,,,,20599,3.0,3,,,,,,,,
,,,,,20614,15.0,15,,,,,,,,
,,,,,20617,3.0,3,,,,,,,,
,,,,,20621,4.0,4,,,,,,,,
,,,,,20637,16.0,16,,,,,,,,
,,,,,20642,5.0,5,,,,,,,,
,,,,,20650,8.0,8,,,,,,,,
,,,,,20658,8.0,8,,,,,,,,
,,,,,20662,4.0,4,,,,,,,,
,,,,,20665,3.0,3,,,,,,,,
,,,,,20669,4.0,4,,,,,,,,
,,,,,20672,3.0,3,,,,,,,,
,,,,,20675,3.0,3,,,,,,,,
,,,,,20682,7.0,7,,,,,,,,
,,,,,20687,5.0,5,,,,,,,,
,,,,,20690,3.0,3,,,,,,,,
,,,,,20693,3.0,3,,,,,,,,
,,,,,20699,6.0,6,,,,,,,,
,,,,,20703,4.0,4,,,,,,,,
,,,,,20706,3.0,3,,,,,,,,
,,,,,20709,3.0,3,,,,,,,,
,,,,,20714,5.0,5,,,,,,,,
,,,,,20717,3.0,3,,,,,,,,
,,,,,20720,3.0,3,,,,,,,,
,,,,,20725,5.0,5,,,,,,,,
,,,,,20731,6.0,6,,,,,,,,
,,,,,20735,4.0,4,,,,,,,,
,,,,,20741,6.0,6,,,,,,,,
,,,,,20753,12.0,12,,,,,,,,
,,,,,20758,5.0,5,,,,,,,,
,,,,,20761,3.0,3,,,,,,,,
,,,,,20768,7.0,7,,,,,,,,
,,,,,20778,10.0,10,,,,,,,,
,,,,,20781,3.0,3,,,,,,,,
,,,,,20786,5.0,5,,,,,,,,
,,,,,20790,4.0,4,,,,,,,,
,,,,,20794,4.0,4,,,,,,,,
,,,,,20797,3.0,3,,,,,,,,
,,,,,20806,9.0,9,,,,,,,,
,,,,,20812,6.0,6,,,,,,,,
,,,,,20819,7.0,7,,,,,,,,
,,,,,20841,22.0,22,,,,,,,,
,,,,,20848,7.0,7,,,,,,,,
,,,,,20851,3.0,3,,,,,,,,
,,,,,20857,6.0,6,,,,,,,,
,,,,,20866,9.0,9,,,,,,,,
,,,,,20869,3.0,3,,,,,,,,
,,,,,20878,9.0,9,,,,,,,,
,,,,,20884,6.0,6,,,,,,,,
,,,,,20887,3.0,3,,,,,,,,
,,,,,20891,4.0,4,,,,,,,,
,,,,,20894,3.0,3,,,,,,,,
,,,,,20897,3.0,3,,,,,,,,
,,,,,20903,6.0,6,,,,,,,,
,,,,,20906,3.0,3,,,,,,,,
,,,,,20909,3.0,3,,,,,,,,
,,,,,20919,10.0,10,,,,,,,,
,,,,,20928,9.0,9,,,,,,,,
,,,,,20932,4.0,4,,,,,,,,
,,,,,20935,3.0,3,,,,,,,,
,,,,,20938,3.0,3,,,,,,,,
,,,,,20943,5.0,5,,,,,,,,
,,,,,20952,9.0,9,,,,,,,,
,,,,,20955,3.0,3,,,,,,,,
,,,,,20959,4.0,4,,,,,,,,
,,,,,20965,6.0,6,,,,,,,,
,,,,,20969,4.0,4,,,,,,,,
,,,,,20972,3.0,3,,,,,,,,
,,,,,20976,4.0,4,,,,,,,,
,,,,,20979,3.0,3,,,,,,,,
,,,,,20987,8.0,8,,,,,,,,
,,,,,20994,7.0,7,,,,,,,,
,,,,,20998,4.0,4,,,,,,,,
,,,,,21000,,,-0.06332619488239288,0.6332619190216064,4.116544723510742,5.626477241516113,5.540533542633057,0.0003,0.0003,0.1
,,,,,21004,6.0,6,,,,,,,,
,,,,,21007,3.0,3,,,,,,,,
,,,,,21015,8.0,8,,,,,,,,
,,,,,21019,4.0,4,,,,,,,,
,,,,,21028,9.0,9,,,,,,,,
,,,,,21035,7.0,7,,,,,,,,
,,,,,21040,5.0,5,,,,,,,,
,,,,,21048,8.0,8,,,,,,,,
,,,,,21053,5.0,5,,,,,,,,
,,,,,21056,3.0,3,,,,,,,,
,,,,,21060,4.0,4,,,,,,,,
,,,,,21070,10.0,10,,,,,,,,
,,,,,21075,5.0,5,,,,,,,,
,,,,,21078,3.0,3,,,,,,,,
,,,,,21081,3.0,3,,,,,,,,
,,,,,21089,8.0,8,,,,,,,,
,,,,,21094,5.0,5,,,,,,,,
,,,,,21098,4.0,4,,,,,,,,
,,,,,21106,8.0,8,,,,,,,,
,,,,,21109,3.0,3,,,,,,,,
,,,,,21120,11.0,11,,,,,,,,
,,,,,21124,4.0,4,,,,,,,,
,,,,,21128,4.0,4,,,,,,,,
,,,,,21131,3.0,3,,,,,,,,
,,,,,21135,4.0,4,,,,,,,,
,,,,,21140,5.0,5,,,,,,,,
,,,,,21150,10.0,10,,,,,,,,
,,,,,21157,7.0,7,,,,,,,,
,,,,,21161,4.0,4,,,,,,,,
,,,,,21166,5.0,5,,,,,,,,
,,,,,21170,4.0,4,,,,,,,,
,,,,,21179,9.0,9,,,,,,,,
,,,,,21185,6.0,6,,,,,,,,
,,,,,21190,5.0,5,,,,,,,,
,,,,,21199,9.0,9,,,,,,,,
,,,,,21204,5.0,5,,,,,,,,
,,,,,21207,3.0,3,,,,,,,,
,,,,,21210,3.0,3,,,,,,,,
,,,,,21213,3.0,3,,,,,,,,
,,,,,21217,4.0,4,,,,,,,,
,,,,,21221,4.0,4,,,,,,,,
,,,,,21225,4.0,4,,,,,,,,
,,,,,21235,10.0,10,,,,,,,,
,,,,,21244,9.0,9,,,,,,,,
,,,,,21248,4.0,4,,,,,,,,
,,,,,21252,4.0,4,,,,,,,,
,,,,,21262,10.0,10,,,,,,,,
,,,,,21274,12.0,12,,,,,,,,
,,,,,21283,9.0,9,,,,,,,,
,,,,,21301,18.0,18,,,,,,,,
,,,,,21304,3.0,3,,,,,,,,
,,,,,21309,5.0,5,,,,,,,,
,,,,,21315,6.0,6,,,,,,,,
,,,,,21321,6.0,6,,,,,,,,
,,,,,21329,8.0,8,,,,,,,,
,,,,,21333,4.0,4,,,,,,,,
,,,,,21336,3.0,3,,,,,,,,
,,,,,21339,3.0,3,,,,,,,,
,,,,,21347,8.0,8,,,,,,,,
,,,,,21350,3.0,3,,,,,,,,
,,,,,21354,4.0,4,,,,,,,,
,,,,,21358,4.0,4,,,,,,,,
,,,,,21365,7.0,7,,,,,,,,
,,,,,21368,3.0,3,,,,,,,,
,,,,,21372,4.0,4,,,,,,,,
,,,,,21375,3.0,3,,,,,,,,
,,,,,21378,3.0,3,,,,,,,,
,,,,,21381,3.0,3,,,,,,,,
,,,,,21389,8.0,8,,,,,,,,
,,,,,21403,14.0,14,,,,,,,,
,,,,,21406,3.0,3,,,,,,,,
,,,,,21409,3.0,3,,,,,,,,
,,,,,21414,5.0,5,,,,,,,,
,,,,,21422,8.0,8,,,,,,,,
,,,,,21428,6.0,6,,,,,,,,
,,,,,21435,7.0,7,,,,,,,,
,,,,,21439,4.0,4,,,,,,,,
,,,,,21442,3.0,3,,,,,,,,
,,,,,21447,5.0,5,,,,,,,,
,,,,,21457,10.0,10,,,,,,,,
,,,,,21461,4.0,4,,,,,,,,
,,,,,21471,10.0,10,,,,,,,,
,,,,,21476,5.0,5,,,,,,,,
,,,,,21479,3.0,3,,,,,,,,
,,,,,21482,3.0,3,,,,,,,,
,,,,,21485,3.0,3,,,,,,,,
,,,,,21491,6.0,6,,,,,,,,
,,,,,21494,3.0,3,,,,,,,,
,,,,,21503,9.0,9,,,,,,,,
,,,,,21510,7.0,7,,,,,,,,
,,,,,21514,4.0,4,,,,,,,,
,,,,,21518,4.0,4,,,,,,,,
,,,,,21522,4.0,4,,,,,,,,
,,,,,21525,3.0,3,,,,,,,,
,,,,,21532,7.0,7,,,,,,,,
,,,,,21535,3.0,3,,,,,,,,
,,,,,21539,4.0,4,,,,,,,,
,,,,,21542,3.0,3,,,,,,,,
,,,,,21546,4.0,4,,,,,,,,
,,,,,21552,6.0,6,,,,,,,,
,,,,,21556,4.0,4,,,,,,,,
,,,,,21563,7.0,7,,,,,,,,
,,,,,21567,4.0,4,,,,,,,,
,,,,,21573,6.0,6,,,,,,,,
,,,,,21576,3.0,3,,,,,,,,
,,,,,21584,8.0,8,,,,,,,,
,,,,,21588,4.0,4,,,,,,,,
,,,,,21591,3.0,3,,,,,,,,
,,,,,21595,4.0,4,,,,,,,,
,,,,,21602,7.0,7,,,,,,,,
,,,,,21611,9.0,9,,,,,,,,
,,,,,21615,4.0,4,,,,,,,,
,,,,,21620,5.0,5,,,,,,,,
,,,,,21623,3.0,3,,,,,,,,
,,,,,21628,5.0,5,,,,,,,,
,,,,,21634,6.0,6,,,,,,,,
,,,,,21660,26.0,26,,,,,,,,
,,,,,21669,9.0,9,,,,,,,,
,,,,,21672,3.0,3,,,,,,,,
,,,,,21677,5.0,5,,,,,,,,
,,,,,21685,8.0,8,,,,,,,,
,,,,,21688,3.0,3,,,,,,,,
,,,,,21692,4.0,4,,,,,,,,
,,,,,21695,3.0,3,,,,,,,,
,,,,,21698,3.0,3,,,,,,,,
,,,,,21701,3.0,3,,,,,,,,
,,,,,21705,4.0,4,,,,,,,,
,,,,,21709,4.0,4,,,,,,,,
,,,,,21716,7.0,7,,,,,,,,
,,,,,21720,4.0,4,,,,,,,,
,,,,,21723,3.0,3,,,,,,,,
,,,,,21729,6.0,6,,,,,,,,
,,,,,21732,3.0,3,,,,,,,,
,,,,,21737,5.0,5,,,,,,,,
,,,,,21742,5.0,5,,,,,,,,
,,,,,21754,12.0,12,,,,,,,,
,,,,,21761,7.0,7,,,,,,,,
,,,,,21765,4.0,4,,,,,,,,
,,,,,21768,3.0,3,,,,,,,,
,,,,,21772,4.0,4,,,,,,,,
,,,,,21777,5.0,5,,,,,,,,
,,,,,21787,10.0,10,,,,,,,,
,,,,,21793,6.0,6,,,,,,,,
,,,,,21796,3.0,3,,,,,,,,
,,,,,21808,12.0,12,,,,,,,,
,,,,,21829,21.0,21,,,,,,,,
,,,,,21834,5.0,5,,,,,,,,
,,,,,21844,10.0,10,,,,,,,,
,,,,,21849,5.0,5,,,,,,,,
,,,,,21853,4.0,4,,,,,,,,
,,,,,21858,5.0,5,,,,,,,,
,,,,,21870,12.0,12,,,,,,,,
,,,,,21879,9.0,9,,,,,,,,
,,,,,21883,4.0,4,,,,,,,,
,,,,,21890,7.0,7,,,,,,,,
,,,,,21896,6.0,6,,,,,,,,
,,,,,21899,3.0,3,,,,,,,,
,,,,,21902,3.0,3,,,,,,,,
,,,,,21914,12.0,12,,,,,,,,
,,,,,21920,6.0,6,,,,,,,,
,,,,,21926,6.0,6,,,,,,,,
,,,,,21944,18.0,18,,,,,,,,
,,,,,21949,5.0,5,,,,,,,,
,,,,,21964,15.0,15,,,,,,,,
,,,,,21967,3.0,3,,,,,,,,
,,,,,21971,4.0,4,,,,,,,,
,,,,,21983,12.0,12,,,,,,,,
,,,,,21988,5.0,5,,,,,,,,
,,,,,21996,8.0,8,,,,,,,,
,,,,,22000,,,-0.054595377296209335,0.5459537506103516,2.494659900665283,5.200812816619873,5.060698509216309,0.0003,0.0003,0.1
,,,,,22011,15.0,15,,,,,,,,
,,,,,22024,13.0,13,,,,,,,,
,,,,,22028,4.0,4,,,,,,,,
,,,,,22032,4.0,4,,,,,,,,
,,,,,22035,3.0,3,,,,,,,,
,,,,,22039,4.0,4,,,,,,,,
,,,,,22043,4.0,4,,,,,,,,
,,,,,22047,4.0,4,,,,,,,,
,,,,,22063,16.0,16,,,,,,,,
,,,,,22066,3.0,3,,,,,,,,
,,,,,22075,9.0,9,,,,,,,,
,,,,,22092,17.0,17,,,,,,,,
,,,,,22097,5.0,5,,,,,,,,
,,,,,22104,7.0,7,,,,,,,,
,,,,,22108,4.0,4,,,,,,,,
,,,,,22111,3.0,3,,,,,,,,
,,,,,22121,10.0,10,,,,,,,,
,,,,,22127,6.0,6,,,,,,,,
,,,,,22130,3.0,3,,,,,,,,
,,,,,22140,10.0,10,,,,,,,,
,,,,,22145,5.0,5,,,,,,,,
,,,,,22150,5.0,5,,,,,,,,
,,,,,22153,3.0,3,,,,,,,,
,,,,,22161,8.0,8,,,,,,,,
,,,,,22170,9.0,9,,,,,,,,
,,,,,22175,5.0,5,,,,,,,,
,,,,,22191,16.0,16,,,,,,,,
,,,,,22196,5.0,5,,,,,,,,
,,,,,22199,3.0,3,,,,,,,,
,,,,,22208,9.0,9,,,,,,,,
,,,,,22219,11.0,11,,,,,,,,
,,,,,22222,3.0,3,,,,,,,,
,,,,,22226,4.0,4,,,,,,,,
,,,,,22229,3.0,3,,,,,,,,
,,,,,22235,6.0,6,,,,,,,,
,,,,,22240,5.0,5,,,,,,,,
,,,,,22246,6.0,6,,,,,,,,
,,,,,22264,18.0,18,,,,,,,,
,,,,,22271,7.0,7,,,,,,,,
,,,,,22284,13.0,13,,,,,,,,
,,,,,22297,13.0,13,,,,,,,,
,,,,,22302,5.0,5,,,,,,,,
,,,,,22335,33.0,33,,,,,,,,
,,,,,22341,6.0,6,,,,,,,,
,,,,,22346,5.0,5,,,,,,,,
,,,,,22351,5.0,5,,,,,,,,
,,,,,22356,5.0,5,,,,,,,,
,,,,,22360,4.0,4,,,,,,,,
,,,,,22369,9.0,9,,,,,,,,
,,,,,22376,7.0,7,,,,,,,,
,,,,,22387,11.0,11,,,,,,,,
,,,,,22416,29.0,29,,,,,,,,
,,,,,22420,4.0,4,,,,,,,,
,,,,,22428,8.0,8,,,,,,,,
,,,,,22436,8.0,8,,,,,,,,
,,,,,22439,3.0,3,,,,,,,,
,,,,,22444,5.0,5,,,,,,,,
,,,,,22447,3.0,3,,,,,,,,
,,,,,22450,3.0,3,,,,,,,,
,,,,,22457,7.0,7,,,,,,,,
,,,,,22461,4.0,4,,,,,,,,
,,,,,22465,4.0,4,,,,,,,,
,,,,,22486,21.0,21,,,,,,,,
,,,,,22491,5.0,5,,,,,,,,
,,,,,22494,3.0,3,,,,,,,,
,,,,,22499,5.0,5,,,,,,,,
,,,,,22503,4.0,4,,,,,,,,
,,,,,22506,3.0,3,,,,,,,,
,,,,,22522,16.0,16,,,,,,,,
,,,,,22527,5.0,5,,,,,,,,
,,,,,22532,5.0,5,,,,,,,,
,,,,,22535,3.0,3,,,,,,,,
,,,,,22544,9.0,9,,,,,,,,
,,,,,22548,4.0,4,,,,,,,,
,,,,,22552,4.0,4,,,,,,,,
,,,,,22561,9.0,9,,,,,,,,
,,,,,22566,5.0,5,,,,,,,,
,,,,,22575,9.0,9,,,,,,,,
,,,,,22581,6.0,6,,,,,,,,
,,,,,22585,4.0,4,,,,,,,,
,,,,,22593,8.0,8,,,,,,,,
,,,,,22597,4.0,4,,,,,,,,
,,,,,22603,6.0,6,,,,,,,,
,,,,,22606,3.0,3,,,,,,,,
,,,,,22610,4.0,4,,,,,,,,
,,,,,22614,4.0,4,,,,,,,,
,,,,,22617,3.0,3,,,,,,,,
,,,,,22622,5.0,5,,,,,,,,
,,,,,22626,4.0,4,,,,,,,,
,,,,,22629,3.0,3,,,,,,,,
,,,,,22639,10.0,10,,,,,,,,
,,,,,22642,3.0,3,,,,,,,,
,,,,,22649,7.0,7,,,,,,,,
,,,,,22654,5.0,5,,,,,,,,
,,,,,22657,3.0,3,,,,,,,,
,,,,,22661,4.0,4,,,,,,,,
,,,,,22666,5.0,5,,,,,,,,
,,,,,22671,5.0,5,,,,,,,,
,,,,,22674,3.0,3,,,,,,,,
,,,,,22677,3.0,3,,,,,,,,
,,,,,22684,7.0,7,,,,,,,,
,,,,,22687,3.0,3,,,,,,,,
,,,,,22707,20.0,20,,,,,,,,
,,,,,22711,4.0,4,,,,,,,,
,,,,,22716,5.0,5,,,,,,,,
,,,,,22724,8.0,8,,,,,,,,
,,,,,22727,3.0,3,,,,,,,,
,,,,,22730,3.0,3,,,,,,,,
,,,,,22733,3.0,3,,,,,,,,
,,,,,22739,6.0,6,,,,,,,,
,,,,,22746,7.0,7,,,,,,,,
,,,,,22750,4.0,4,,,,,,,,
,,,,,22753,3.0,3,,,,,,,,
,,,,,22756,3.0,3,,,,,,,,
,,,,,22759,3.0,3,,,,,,,,
,,,,,22765,6.0,6,,,,,,,,
,,,,,22768,3.0,3,,,,,,,,
,,,,,22771,3.0,3,,,,,,,,
,,,,,22778,7.0,7,,,,,,,,
,,,,,22784,6.0,6,,,,,,,,
,,,,,22787,3.0,3,,,,,,,,
,,,,,22791,4.0,4,,,,,,,,
,,,,,22798,7.0,7,,,,,,,,
,,,,,22809,11.0,11,,,,,,,,
,,,,,22812,3.0,3,,,,,,,,
,,,,,22816,4.0,4,,,,,,,,
,,,,,22822,6.0,6,,,,,,,,
,,,,,22829,7.0,7,,,,,,,,
,,,,,22833,4.0,4,,,,,,,,
,,,,,22836,3.0,3,,,,,,,,
,,,,,22844,8.0,8,,,,,,,,
,,,,,22847,3.0,3,,,,,,,,
,,,,,22851,4.0,4,,,,,,,,
,,,,,22855,4.0,4,,,,,,,,
,,,,,22858,3.0,3,,,,,,,,
,,,,,22863,5.0,5,,,,,,,,
,,,,,22866,3.0,3,,,,,,,,
,,,,,22880,14.0,14,,,,,,,,
,,,,,22885,5.0,5,,,,,,,,
,,,,,22890,5.0,5,,,,,,,,
,,,,,22895,5.0,5,,,,,,,,
,,,,,22902,7.0,7,,,,,,,,
,,,,,22906,4.0,4,,,,,,,,
,,,,,22911,5.0,5,,,,,,,,
,,,,,22914,3.0,3,,,,,,,,
,,,,,22917,3.0,3,,,,,,,,
,,,,,22921,4.0,4,,,,,,,,
,,,,,22924,3.0,3,,,,,,,,
,,,,,22929,5.0,5,,,,,,,,
,,,,,22932,3.0,3,,,,,,,,
,,,,,22936,4.0,4,,,,,,,,
,,,,,22939,3.0,3,,,,,,,,
,,,,,22944,5.0,5,,,,,,,,
,,,,,22949,5.0,5,,,,,,,,
,,,,,22954,5.0,5,,,,,,,,
,,,,,22957,3.0,3,,,,,,,,
,,,,,22963,6.0,6,,,,,,,,
,,,,,22969,6.0,6,,,,,,,,
,,,,,22975,6.0,6,,,,,,,,
,,,,,22982,7.0,7,,,,,,,,
,,,,,22986,4.0,4,,,,,,,,
,,,,,22989,3.0,3,,,,,,,,
,,,,,22992,3.0,3,,,,,,,,
,,,,,22995,3.0,3,,,,,,,,
,,,,,22998,3.0,3,,,,,,,,
,,,,,23000,,,-0.030387163162231445,0.30387163162231445,2.342620611190796,5.0502753257751465,4.985248565673828,0.0003,0.0003,0.1
,,,,,23004,6.0,6,,,,,,,,
,,,,,23007,3.0,3,,,,,,,,
,,,,,23014,7.0,7,,,,,,,,
,,,,,23017,3.0,3,,,,,,,,
,,,,,23030,13.0,13,,,,,,,,
,,,,,23034,4.0,4,,,,,,,,
,,,,,23037,3.0,3,,,,,,,,
,,,,,23044,7.0,7,,,,,,,,
,,,,,23050,6.0,6,,,,,,,,
,,,,,23054,4.0,4,,,,,,,,
,,,,,23058,4.0,4,,,,,,,,
,,,,,23063,5.0,5,,,,,,,,
,,,,,23067,4.0,4,,,,,,,,
,,,,,23077,10.0,10,,,,,,,,
,,,,,23093,16.0,16,,,,,,,,
,,,,,23097,4.0,4,,,,,,,,
,,,,,23100,3.0,3,,,,,,,,
,,,,,23105,5.0,5,,,,,,,,
,,,,,23111,6.0,6,,,,,,,,
,,,,,23117,6.0,6,,,,,,,,
,,,,,23120,3.0,3,,,,,,,,
,,,,,23134,14.0,14,,,,,,,,
,,,,,23140,6.0,6,,,,,,,,
,,,,,23148,8.0,8,,,,,,,,
,,,,,23153,5.0,5,,,,,,,,
,,,,,23160,7.0,7,,,,,,,,
,,,,,23169,9.0,9,,,,,,,,
,,,,,23174,5.0,5,,,,,,,,
,,,,,23178,4.0,4,,,,,,,,
,,,,,23181,3.0,3,,,,,,,,
,,,,,23186,5.0,5,,,,,,,,
,,,,,23194,8.0,8,,,,,,,,
,,,,,23203,9.0,9,,,,,,,,
,,,,,23207,4.0,4,,,,,,,,
,,,,,23215,8.0,8,,,,,,,,
,,,,,23219,4.0,4,,,,,,,,
,,,,,23223,4.0,4,,,,,,,,
,,,,,23227,4.0,4,,,,,,,,
,,,,,23232,5.0,5,,,,,,,,
,,,,,23236,4.0,4,,,,,,,,
,,,,,23242,6.0,6,,,,,,,,
,,,,,23245,3.0,3,,,,,,,,
,,,,,23251,6.0,6,,,,,,,,
,,,,,23255,4.0,4,,,,,,,,
,,,,,23259,4.0,4,,,,,,,,
,,,,,23264,5.0,5,,,,,,,,
,,,,,23267,3.0,3,,,,,,,,
,,,,,23271,4.0,4,,,,,,,,
,,,,,23275,4.0,4,,,,,,,,
,,,,,23279,4.0,4,,,,,,,,
,,,,,23282,3.0,3,,,,,,,,
,,,,,23287,5.0,5,,,,,,,,
,,,,,23290,3.0,3,,,,,,,,
,,,,,23295,5.0,5,,,,,,,,
,,,,,23298,3.0,3,,,,,,,,
,,,,,23302,4.0,4,,,,,,,,
,,,,,23307,5.0,5,,,,,,,,
,,,,,23310,3.0,3,,,,,,,,
,,,,,23314,4.0,4,,,,,,,,
,,,,,23318,4.0,4,,,,,,,,
,,,,,23321,3.0,3,,,,,,,,
,,,,,23325,4.0,4,,,,,,,,
,,,,,23329,4.0,4,,,,,,,,
,,,,,23332,3.0,3,,,,,,,,
,,,,,23335,3.0,3,,,,,,,,
,,,,,23339,4.0,4,,,,,,,,
,,,,,23345,6.0,6,,,,,,,,
,,,,,23353,8.0,8,,,,,,,,
,,,,,23356,3.0,3,,,,,,,,
,,,,,23359,3.0,3,,,,,,,,
,,,,,23363,4.0,4,,,,,,,,
,,,,,23366,3.0,3,,,,,,,,
,,,,,23369,3.0,3,,,,,,,,
,,,,,23372,3.0,3,,,,,,,,
,,,,,23376,4.0,4,,,,,,,,
,,,,,23379,3.0,3,,,,,,,,
,,,,,23382,3.0,3,,,,,,,,
,,,,,23386,4.0,4,,,,,,,,
,,,,,23390,4.0,4,,,,,,,,
,,,,,23393,3.0,3,,,,,,,,
,,,,,23396,3.0,3,,,,,,,,
,,,,,23399,3.0,3,,,,,,,,
,,,,,23402,3.0,3,,,,,,,,
,,,,,23405,3.0,3,,,,,,,,
,,,,,23408,3.0,3,,,,,,,,
,,,,,23413,5.0,5,,,,,,,,
,,,,,23416,3.0,3,,,,,,,,
,,,,,23419,3.0,3,,,,,,,,
,,,,,23424,5.0,5,,,,,,,,
,,,,,23427,3.0,3,,,,,,,,
,,,,,23431,4.0,4,,,,,,,,
,,,,,23436,5.0,5,,,,,,,,
,,,,,23439,3.0,3,,,,,,,,
,,,,,23446,7.0,7,,,,,,,,
,,,,,23451,5.0,5,,,,,,,,
,,,,,23457,6.0,6,,,,,,,,
,,,,,23461,4.0,4,,,,,,,,
,,,,,23471,10.0,10,,,,,,,,
,,,,,23474,3.0,3,,,,,,,,
,,,,,23481,7.0,7,,,,,,,,
,,,,,23484,3.0,3,,,,,,,,
,,,,,23488,4.0,4,,,,,,,,
,,,,,23491,3.0,3,,,,,,,,
,,,,,23494,3.0,3,,,,,,,,
,,,,,23498,4.0,4,,,,,,,,
,,,,,23501,3.0,3,,,,,,,,
,,,,,23505,4.0,4,,,,,,,,
,,,,,23511,6.0,6,,,,,,,,
,,,,,23517,6.0,6,,,,,,,,
,,,,,23522,5.0,5,,,,,,,,
,,,,,23526,4.0,4,,,,,,,,
,,,,,23531,5.0,5,,,,,,,,
,,,,,23535,4.0,4,,,,,,,,
,,,,,23538,3.0,3,,,,,,,,
,,,,,23541,3.0,3,,,,,,,,
,,,,,23544,3.0,3,,,,,,,,
,,,,,23547,3.0,3,,,,,,,,
,,,,,23551,4.0,4,,,,,,,,
,,,,,23554,3.0,3,,,,,,,,
,,,,,23558,4.0,4,,,,,,,,
,,,,,23561,3.0,3,,,,,,,,
,,,,,23564,3.0,3,,,,,,,,
,,,,,23567,3.0,3,,,,,,,,
,,,,,23571,4.0,4,,,,,,,,
,,,,,23574,3.0,3,,,,,,,,
,,,,,23582,8.0,8,,,,,,,,
,,,,,23586,4.0,4,,,,,,,,
,,,,,23592,6.0,6,,,,,,,,
,,,,,23595,3.0,3,,,,,,,,
,,,,,23602,7.0,7,,,,,,,,
,,,,,23615,13.0,13,,,,,,,,
,,,,,23619,4.0,4,,,,,,,,
,,,,,23622,3.0,3,,,,,,,,
,,,,,23625,3.0,3,,,,,,,,
,,,,,23632,7.0,7,,,,,,,,
,,,,,23636,4.0,4,,,,,,,,
,,,,,23641,5.0,5,,,,,,,,
,,,,,23648,7.0,7,,,,,,,,
,,,,,23651,3.0,3,,,,,,,,
,,,,,23656,5.0,5,,,,,,,,
,,,,,23664,8.0,8,,,,,,,,
,,,,,23673,9.0,9,,,,,,,,
,,,,,23677,4.0,4,,,,,,,,
,,,,,23680,3.0,3,,,,,,,,
,,,,,23684,4.0,4,,,,,,,,
,,,,,23688,4.0,4,,,,,,,,
,,,,,23691,3.0,3,,,,,,,,
,,,,,23695,4.0,4,,,,,,,,
,,,,,23700,5.0,5,,,,,,,,
,,,,,23709,9.0,9,,,,,,,,
,,,,,23714,5.0,5,,,,,,,,
,,,,,23719,5.0,5,,,,,,,,
,,,,,23722,3.0,3,,,,,,,,
,,,,,23729,7.0,7,,,,,,,,
,,,,,23732,3.0,3,,,,,,,,
,,,,,23736,4.0,4,,,,,,,,
,,,,,23741,5.0,5,,,,,,,,
,,,,,23748,7.0,7,,,,,,,,
,,,,,23751,3.0,3,,,,,,,,
,,,,,23757,6.0,6,,,,,,,,
,,,,,23761,4.0,4,,,,,,,,
,,,,,23765,4.0,4,,,,,,,,
,,,,,23768,3.0,3,,,,,,,,
,,,,,23772,4.0,4,,,,,,,,
,,,,,23775,3.0,3,,,,,,,,
,,,,,23782,7.0,7,,,,,,,,
,,,,,23786,4.0,4,,,,,,,,
,,,,,23791,5.0,5,,,,,,,,
,,,,,23794,3.0,3,,,,,,,,
,,,,,23802,8.0,8,,,,,,,,
,,,,,23808,6.0,6,,,,,,,,
,,,,,23811,3.0,3,,,,,,,,
,,,,,23816,5.0,5,,,,,,,,
,,,,,23820,4.0,4,,,,,,,,
,,,,,23823,3.0,3,,,,,,,,
,,,,,23826,3.0,3,,,,,,,,
,,,,,23829,3.0,3,,,,,,,,
,,,,,23832,3.0,3,,,,,,,,
,,,,,23839,7.0,7,,,,,,,,
,,,,,23842,3.0,3,,,,,,,,
,,,,,23845,3.0,3,,,,,,,,
,,,,,23849,4.0,4,,,,,,,,
,,,,,23853,4.0,4,,,,,,,,
,,,,,23856,3.0,3,,,,,,,,
,,,,,23859,3.0,3,,,,,,,,
,,,,,23862,3.0,3,,,,,,,,
,,,,,23867,5.0,5,,,,,,,,
,,,,,23870,3.0,3,,,,,,,,
,,,,,23873,3.0,3,,,,,,,,
,,,,,23876,3.0,3,,,,,,,,
,,,,,23879,3.0,3,,,,,,,,
,,,,,23882,3.0,3,,,,,,,,
,,,,,23885,3.0,3,,,,,,,,
,,,,,23888,3.0,3,,,,,,,,
,,,,,23892,4.0,4,,,,,,,,
,,,,,23896,4.0,4,,,,,,,,
,,,,,23899,3.0,3,,,,,,,,
,,,,,23902,3.0,3,,,,,,,,
,,,,,23906,4.0,4,,,,,,,,
,,,,,23912,6.0,6,,,,,,,,
,,,,,23915,3.0,3,,,,,,,,
,,,,,23918,3.0,3,,,,,,,,
,,,,,23921,3.0,3,,,,,,,,
,,,,,23926,5.0,5,,,,,,,,
,,,,,23929,3.0,3,,,,,,,,
,,,,,23932,3.0,3,,,,,,,,
,,,,,23936,4.0,4,,,,,,,,
,,,,,23939,3.0,3,,,,,,,,
,,,,,23947,8.0,8,,,,,,,,
,,,,,23951,4.0,4,,,,,,,,
,,,,,23957,6.0,6,,,,,,,,
,,,,,23962,5.0,5,,,,,,,,
,,,,,23966,4.0,4,,,,,,,,
,,,,,23970,4.0,4,,,,,,,,
,,,,,23973,3.0,3,,,,,,,,
,,,,,23976,3.0,3,,,,,,,,
,,,,,23979,3.0,3,,,,,,,,
,,,,,23982,3.0,3,,,,,,,,
,,,,,23985,3.0,3,,,,,,,,
,,,,,23990,5.0,5,,,,,,,,
,,,,,23993,3.0,3,,,,,,,,
,,,,,23997,4.0,4,,,,,,,,
,,,,,24000,3.0,3,,,,,,,,
,,,,,24000,,,0.004578141961246729,-0.045781418681144714,1.508689045906067,4.074209690093994,4.138723373413086,0.0003,0.0003,0.1
,,,,,24003,3.0,3,,,,,,,,
,,,,,24006,3.0,3,,,,,,,,
,,,,,24010,4.0,4,,,,,,,,
,,,,,24014,4.0,4,,,,,,,,
,,,,,24017,3.0,3,,,,,,,,
,,,,,24022,5.0,5,,,,,,,,
,,,,,24025,3.0,3,,,,,,,,
,,,,,24028,3.0,3,,,,,,,,
,,,,,24032,4.0,4,,,,,,,,
,,,,,24035,3.0,3,,,,,,,,
,,,,,24038,3.0,3,,,,,,,,
,,,,,24041,3.0,3,,,,,,,,
,,,,,24044,3.0,3,,,,,,,,
,,,,,24047,3.0,3,,,,,,,,
,,,,,24051,4.0,4,,,,,,,,
,,,,,24055,4.0,4,,,,,,,,
,,,,,24058,3.0,3,,,,,,,,
,,,,,24061,3.0,3,,,,,,,,
,,,,,24064,3.0,3,,,,,,,,
,,,,,24068,4.0,4,,,,,,,,
,,,,,24071,3.0,3,,,,,,,,
,,,,,24074,3.0,3,,,,,,,,
,,,,,24079,5.0,5,,,,,,,,
,,,,,24083,4.0,4,,,,,,,,
,,,,,24087,4.0,4,,,,,,,,
,,,,,24090,3.0,3,,,,,,,,
,,,,,24093,3.0,3,,,,,,,,
,,,,,24096,3.0,3,,,,,,,,
,,,,,24103,7.0,7,,,,,,,,
,,,,,24106,3.0,3,,,,,,,,
,,,,,24109,3.0,3,,,,,,,,
,,,,,24112,3.0,3,,,,,,,,
,,,,,24115,3.0,3,,,,,,,,
,,,,,24119,4.0,4,,,,,,,,
,,,,,24123,4.0,4,,,,,,,,
,,,,,24127,4.0,4,,,,,,,,
,,,,,24134,7.0,7,,,,,,,,
,,,,,24138,4.0,4,,,,,,,,
,,,,,24141,3.0,3,,,,,,,,
,,,,,24144,3.0,3,,,,,,,,
,,,,,24148,4.0,4,,,,,,,,
,,,,,24152,4.0,4,,,,,,,,
,,,,,24155,3.0,3,,,,,,,,
,,,,,24160,5.0,5,,,,,,,,
,,,,,24163,3.0,3,,,,,,,,
,,,,,24166,3.0,3,,,,,,,,
,,,,,24169,3.0,3,,,,,,,,
,,,,,24178,9.0,9,,,,,,,,
,,,,,24184,6.0,6,,,,,,,,
,,,,,24187,3.0,3,,,,,,,,
,,,,,24190,3.0,3,,,,,,,,
,,,,,24198,8.0,8,,,,,,,,
,,,,,24201,3.0,3,,,,,,,,
,,,,,24204,3.0,3,,,,,,,,
,,,,,24207,3.0,3,,,,,,,,
,,,,,24210,3.0,3,,,,,,,,
,,,,,24214,4.0,4,,,,,,,,
,,,,,24218,4.0,4,,,,,,,,
,,,,,24221,3.0,3,,,,,,,,
,,,,,24232,11.0,11,,,,,,,,
,,,,,24235,3.0,3,,,,,,,,
,,,,,24239,4.0,4,,,,,,,,
,,,,,24242,3.0,3,,,,,,,,
,,,,,24245,3.0,3,,,,,,,,
,,,,,24250,5.0,5,,,,,,,,
,,,,,24253,3.0,3,,,,,,,,
,,,,,24256,3.0,3,,,,,,,,
,,,,,24260,4.0,4,,,,,,,,
,,,,,24265,5.0,5,,,,,,,,
,,,,,24268,3.0,3,,,,,,,,
,,,,,24271,3.0,3,,,,,,,,
,,,,,24274,3.0,3,,,,,,,,
,,,,,24277,3.0,3,,,,,,,,
,,,,,24281,4.0,4,,,,,,,,
,,,,,24284,3.0,3,,,,,,,,
,,,,,24288,4.0,4,,,,,,,,
,,,,,24293,5.0,5,,,,,,,,
,,,,,24296,3.0,3,,,,,,,,
,,,,,24299,3.0,3,,,,,,,,
,,,,,24302,3.0,3,,,,,,,,
,,,,,24307,5.0,5,,,,,,,,
,,,,,24311,4.0,4,,,,,,,,
,,,,,24318,7.0,7,,,,,,,,
,,,,,24321,3.0,3,,,,,,,,
,,,,,24324,3.0,3,,,,,,,,
,,,,,24327,3.0,3,,,,,,,,
,,,,,24330,3.0,3,,,,,,,,
,,,,,24337,7.0,7,,,,,,,,
,,,,,24341,4.0,4,,,,,,,,
,,,,,24344,3.0,3,,,,,,,,
,,,,,24347,3.0,3,,,,,,,,
,,,,,24350,3.0,3,,,,,,,,
,,,,,24359,9.0,9,,,,,,,,
,,,,,24362,3.0,3,,,,,,,,
,,,,,24365,3.0,3,,,,,,,,
,,,,,24368,3.0,3,,,,,,,,
,,,,,24372,4.0,4,,,,,,,,
,,,,,24375,3.0,3,,,,,,,,
,,,,,24379,4.0,4,,,,,,,,
,,,,,24382,3.0,3,,,,,,,,
,,,,,24385,3.0,3,,,,,,,,
,,,,,24389,4.0,4,,,,,,,,
,,,,,24393,4.0,4,,,,,,,,
,,,,,24398,5.0,5,,,,,,,,
,,,,,24401,3.0,3,,,,,,,,
,,,,,24404,3.0,3,,,,,,,,
,,,,,24408,4.0,4,,,,,,,,
,,,,,24412,4.0,4,,,,,,,,
,,,,,24415,3.0,3,,,,,,,,
,,,,,24418,3.0,3,,,,,,,,
,,,,,24421,3.0,3,,,,,,,,
,,,,,24424,3.0,3,,,,,,,,
,,,,,24429,5.0,5,,,,,,,,
,,,,,24433,4.0,4,,,,,,,,
,,,,,24439,6.0,6,,,,,,,,
,,,,,24443,4.0,4,,,,,,,,
,,,,,24446,3.0,3,,,,,,,,
,,,,,24449,3.0,3,,,,,,,,
,,,,,24453,4.0,4,,,,,,,,
,,,,,24457,4.0,4,,,,,,,,
,,,,,24460,3.0,3,,,,,,,,
,,,,,24464,4.0,4,,,,,,,,
,,,,,24467,3.0,3,,,,,,,,
,,,,,24471,4.0,4,,,,,,,,
,,,,,24474,3.0,3,,,,,,,,
,,,,,24478,4.0,4,,,,,,,,
,,,,,24484,6.0,6,,,,,,,,
,,,,,24488,4.0,4,,,,,,,,
,,,,,24491,3.0,3,,,,,,,,
,,,,,24494,3.0,3,,,,,,,,
,,,,,24499,5.0,5,,,,,,,,
,,,,,24502,3.0,3,,,,,,,,
,,,,,24509,7.0,7,,,,,,,,
,,,,,24514,5.0,5,,,,,,,,
,,,,,24517,3.0,3,,,,,,,,
,,,,,24520,3.0,3,,,,,,,,
,,,,,24525,5.0,5,,,,,,,,
,,,,,24528,3.0,3,,,,,,,,
,,,,,24535,7.0,7,,,,,,,,
,,,,,24539,4.0,4,,,,,,,,
,,,,,24542,3.0,3,,,,,,,,
,,,,,24546,4.0,4,,,,,,,,
,,,,,24551,5.0,5,,,,,,,,
,,,,,24555,4.0,4,,,,,,,,
,,,,,24558,3.0,3,,,,,,,,
,,,,,24561,3.0,3,,,,,,,,
,,,,,24564,3.0,3,,,,,,,,
,,,,,24572,8.0,8,,,,,,,,
,,,,,24577,5.0,5,,,,,,,,
,,,,,24580,3.0,3,,,,,,,,
,,,,,24585,5.0,5,,,,,,,,
,,,,,24589,4.0,4,,,,,,,,
,,,,,24592,3.0,3,,,,,,,,
,,,,,24595,3.0,3,,,,,,,,
,,,,,24598,3.0,3,,,,,,,,
,,,,,24606,8.0,8,,,,,,,,
,,,,,24611,5.0,5,,,,,,,,
,,,,,24615,4.0,4,,,,,,,,
,,,,,24619,4.0,4,,,,,,,,
,,,,,24625,6.0,6,,,,,,,,
,,,,,24628,3.0,3,,,,,,,,
,,,,,24634,6.0,6,,,,,,,,
,,,,,24641,7.0,7,,,,,,,,
,,,,,24644,3.0,3,,,,,,,,
,,,,,24651,7.0,7,,,,,,,,
,,,,,24654,3.0,3,,,,,,,,
,,,,,24658,4.0,4,,,,,,,,
,,,,,24665,7.0,7,,,,,,,,
,,,,,24668,3.0,3,,,,,,,,
,,,,,24671,3.0,3,,,,,,,,
,,,,,24678,7.0,7,,,,,,,,
,,,,,24681,3.0,3,,,,,,,,
,,,,,24684,3.0,3,,,,,,,,
,,,,,24690,6.0,6,,,,,,,,
,,,,,24693,3.0,3,,,,,,,,
,,,,,24696,3.0,3,,,,,,,,
,,,,,24699,3.0,3,,,,,,,,
,,,,,24704,5.0,5,,,,,,,,
,,,,,24707,3.0,3,,,,,,,,
,,,,,24712,5.0,5,,,,,,,,
,,,,,24715,3.0,3,,,,,,,,
,,,,,24718,3.0,3,,,,,,,,
,,,,,24724,6.0,6,,,,,,,,
,,,,,24729,5.0,5,,,,,,,,
,,,,,24733,4.0,4,,,,,,,,
,,,,,24736,3.0,3,,,,,,,,
,,,,,24739,3.0,3,,,,,,,,
,,,,,24743,4.0,4,,,,,,,,
,,,,,24746,3.0,3,,,,,,,,
,,,,,24749,3.0,3,,,,,,,,
,,,,,24754,5.0,5,,,,,,,,
,,,,,24757,3.0,3,,,,,,,,
,,,,,24760,3.0,3,,,,,,,,
,,,,,24764,4.0,4,,,,,,,,
,,,,,24767,3.0,3,,,,,,,,
,,,,,24770,3.0,3,,,,,,,,
,,,,,24773,3.0,3,,,,,,,,
,,,,,24777,4.0,4,,,,,,,,
,,,,,24784,7.0,7,,,,,,,,
,,,,,24787,3.0,3,,,,,,,,
,,,,,24790,3.0,3,,,,,,,,
,,,,,24793,3.0,3,,,,,,,,
,,,,,24796,3.0,3,,,,,,,,
,,,,,24799,3.0,3,,,,,,,,
,,,,,24803,4.0,4,,,,,,,,
,,,,,24807,4.0,4,,,,,,,,
,,,,,24810,3.0,3,,,,,,,,
,,,,,24813,3.0,3,,,,,,,,
,,,,,24817,4.0,4,,,,,,,,
,,,,,24821,4.0,4,,,,,,,,
,,,,,24824,3.0,3,,,,,,,,
,,,,,24827,3.0,3,,,,,,,,
,,,,,24830,3.0,3,,,,,,,,
,,,,,24833,3.0,3,,,,,,,,
,,,,,24836,3.0,3,,,,,,,,
,,,,,24839,3.0,3,,,,,,,,
,,,,,24842,3.0,3,,,,,,,,
,,,,,24846,4.0,4,,,,,,,,
,,,,,24849,3.0,3,,,,,,,,
,,,,,24853,4.0,4,,,,,,,,
,,,,,24856,3.0,3,,,,,,,,
,,,,,24859,3.0,3,,,,,,,,
,,,,,24862,3.0,3,,,,,,,,
,,,,,24865,3.0,3,,,,,,,,
,,,,,24868,3.0,3,,,,,,,,
,,,,,24871,3.0,3,,,,,,,,
,,,,,24874,3.0,3,,,,,,,,
,,,,,24877,3.0,3,,,,,,,,
,,,,,24881,4.0,4,,,,,,,,
,,,,,24884,3.0,3,,,,,,,,
,,,,,24887,3.0,3,,,,,,,,
,,,,,24890,3.0,3,,,,,,,,
,,,,,24894,4.0,4,,,,,,,,
,,,,,24897,3.0,3,,,,,,,,
,,,,,24900,3.0,3,,,,,,,,
,,,,,24904,4.0,4,,,,,,,,
,,,,,24907,3.0,3,,,,,,,,
,,,,,24911,4.0,4,,,,,,,,
,,,,,24914,3.0,3,,,,,,,,
,,,,,24917,3.0,3,,,,,,,,
,,,,,24920,3.0,3,,,,,,,,
,,,,,24923,3.0,3,,,,,,,,
,,,,,24926,3.0,3,,,,,,,,
,,,,,24931,5.0,5,,,,,,,,
,,,,,24934,3.0,3,,,,,,,,
,,,,,24937,3.0,3,,,,,,,,
,,,,,24944,7.0,7,,,,,,,,
,,,,,24952,8.0,8,,,,,,,,
,,,,,24955,3.0,3,,,,,,,,
,,,,,24958,3.0,3,,,,,,,,
,,,,,24961,3.0,3,,,,,,,,
,,,,,24964,3.0,3,,,,,,,,
,,,,,24967,3.0,3,,,,,,,,
,,,,,24970,3.0,3,,,,,,,,
,,,,,24973,3.0,3,,,,,,,,
,,,,,24976,3.0,3,,,,,,,,
,,,,,24981,5.0,5,,,,,,,,
,,,,,24986,5.0,5,,,,,,,,
,,,,,24989,3.0,3,,,,,,,,
,,,,,24994,5.0,5,,,,,,,,
,,,,,24997,3.0,3,,,,,,,,
,,,,,25000,3.0,3,,,,,,,,
3.7,1.2688577,7.0,3.0,3.7,25000,,,0.13497833907604218,-1.3497834205627441,0.3968716263771057,3.459681272506714,3.3750174045562744,0.0003,0.0003,0.1
,,,,,25003,3.0,3,,,,,,,,
,,,,,25006,3.0,3,,,,,,,,
,,,,,25009,3.0,3,,,,,,,,
,,,,,25013,4.0,4,,,,,,,,
,,,,,25016,3.0,3,,,,,,,,
,,,,,25019,3.0,3,,,,,,,,
,,,,,25022,3.0,3,,,,,,,,
,,,,,25025,3.0,3,,,,,,,,
,,,,,25028,3.0,3,,,,,,,,
,,,,,25031,3.0,3,,,,,,,,
,,,,,25034,3.0,3,,,,,,,,
,,,,,25037,3.0,3,,,,,,,,
,,,,,25040,3.0,3,,,,,,,,
,,,,,25043,3.0,3,,,,,,,,
,,,,,25047,4.0,4,,,,,,,,
,,,,,25050,3.0,3,,,,,,,,
,,,,,25053,3.0,3,,,,,,,,
,,,,,25056,3.0,3,,,,,,,,
,,,,,25059,3.0,3,,,,,,,,
,,,,,25062,3.0,3,,,,,,,,
,,,,,25070,8.0,8,,,,,,,,
,,,,,25073,3.0,3,,,,,,,,
,,,,,25076,3.0,3,,,,,,,,
,,,,,25079,3.0,3,,,,,,,,
,,,,,25085,6.0,6,,,,,,,,
,,,,,25089,4.0,4,,,,,,,,
,,,,,25094,5.0,5,,,,,,,,
,,,,,25097,3.0,3,,,,,,,,
,,,,,25101,4.0,4,,,,,,,,
,,,,,25105,4.0,4,,,,,,,,
,,,,,25108,3.0,3,,,,,,,,
,,,,,25115,7.0,7,,,,,,,,
,,,,,25118,3.0,3,,,,,,,,
,,,,,25121,3.0,3,,,,,,,,
,,,,,25125,4.0,4,,,,,,,,
,,,,,25128,3.0,3,,,,,,,,
,,,,,25131,3.0,3,,,,,,,,
,,,,,25136,5.0,5,,,,,,,,
,,,,,25139,3.0,3,,,,,,,,
,,,,,25142,3.0,3,,,,,,,,
,,,,,25145,3.0,3,,,,,,,,
,,,,,25148,3.0,3,,,,,,,,
,,,,,25151,3.0,3,,,,,,,,
,,,,,25154,3.0,3,,,,,,,,
,,,,,25157,3.0,3,,,,,,,,
,,,,,25162,5.0,5,,,,,,,,
,,,,,25165,3.0,3,,,,,,,,
,,,,,25168,3.0,3,,,,,,,,
,,,,,25174,6.0,6,,,,,,,,
,,,,,25177,3.0,3,,,,,,,,
,,,,,25182,5.0,5,,,,,,,,
,,,,,25185,3.0,3,,,,,,,,
,,,,,25189,4.0,4,,,,,,,,
,,,,,25192,3.0,3,,,,,,,,
,,,,,25195,3.0,3,,,,,,,,
,,,,,25198,3.0,3,,,,,,,,
,,,,,25201,3.0,3,,,,,,,,
,,,,,25204,3.0,3,,,,,,,,
,,,,,25207,3.0,3,,,,,,,,
,,,,,25210,3.0,3,,,,,,,,
,,,,,25213,3.0,3,,,,,,,,
,,,,,25216,3.0,3,,,,,,,,
,,,,,25221,5.0,5,,,,,,,,
,,,,,25224,3.0,3,,,,,,,,
,,,,,25227,3.0,3,,,,,,,,
,,,,,25233,6.0,6,,,,,,,,
,,,,,25245,12.0,12,,,,,,,,
,,,,,25248,3.0,3,,,,,,,,
,,,,,25253,5.0,5,,,,,,,,
,,,,,25259,6.0,6,,,,,,,,
,,,,,25262,3.0,3,,,,,,,,
,,,,,25266,4.0,4,,,,,,,,
,,,,,25269,3.0,3,,,,,,,,
,,,,,25272,3.0,3,,,,,,,,
,,,,,25275,3.0,3,,,,,,,,
,,,,,25278,3.0,3,,,,,,,,
,,,,,25281,3.0,3,,,,,,,,
,,,,,25284,3.0,3,,,,,,,,
,,,,,25288,4.0,4,,,,,,,,
,,,,,25294,6.0,6,,,,,,,,
,,,,,25297,3.0,3,,,,,,,,
,,,,,25302,5.0,5,,,,,,,,
,,,,,25306,4.0,4,,,,,,,,
,,,,,25310,4.0,4,,,,,,,,
,,,,,25313,3.0,3,,,,,,,,
,,,,,25316,3.0,3,,,,,,,,
,,,,,25319,3.0,3,,,,,,,,
,,,,,25323,4.0,4,,,,,,,,
,,,,,25326,3.0,3,,,,,,,,
,,,,,25330,4.0,4,,,,,,,,
,,,,,25333,3.0,3,,,,,,,,
,,,,,25336,3.0,3,,,,,,,,
,,,,,25339,3.0,3,,,,,,,,
,,,,,25342,3.0,3,,,,,,,,
,,,,,25345,3.0,3,,,,,,,,
,,,,,25348,3.0,3,,,,,,,,
,,,,,25351,3.0,3,,,,,,,,
,,,,,25354,3.0,3,,,,,,,,
,,,,,25358,4.0,4,,,,,,,,
,,,,,25361,3.0,3,,,,,,,,
,,,,,25365,4.0,4,,,,,,,,
,,,,,25368,3.0,3,,,,,,,,
,,,,,25371,3.0,3,,,,,,,,
,,,,,25376,5.0,5,,,,,,,,
,,,,,25379,3.0,3,,,,,,,,
,,,,,25382,3.0,3,,,,,,,,
,,,,,25386,4.0,4,,,,,,,,
,,,,,25389,3.0,3,,,,,,,,
,,,,,25394,5.0,5,,,,,,,,
,,,,,25397,3.0,3,,,,,,,,
,,,,,25402,5.0,5,,,,,,,,
,,,,,25405,3.0,3,,,,,,,,
,,,,,25408,3.0,3,,,,,,,,
,,,,,25414,6.0,6,,,,,,,,
,,,,,25418,4.0,4,,,,,,,,
,,,,,25421,3.0,3,,,,,,,,
,,,,,25424,3.0,3,,,,,,,,
,,,,,25427,3.0,3,,,,,,,,
,,,,,25430,3.0,3,,,,,,,,
,,,,,25433,3.0,3,,,,,,,,
,,,,,25437,4.0,4,,,,,,,,
,,,,,25440,3.0,3,,,,,,,,
,,,,,25443,3.0,3,,,,,,,,
,,,,,25451,8.0,8,,,,,,,,
,,,,,25456,5.0,5,,,,,,,,
,,,,,25461,5.0,5,,,,,,,,
,,,,,25465,4.0,4,,,,,,,,
,,,,,25468,3.0,3,,,,,,,,
,,,,,25471,3.0,3,,,,,,,,
,,,,,25474,3.0,3,,,,,,,,
,,,,,25477,3.0,3,,,,,,,,
,,,,,25481,4.0,4,,,,,,,,
,,,,,25484,3.0,3,,,,,,,,
,,,,,25487,3.0,3,,,,,,,,
,,,,,25491,4.0,4,,,,,,,,
,,,,,25495,4.0,4,,,,,,,,
,,,,,25498,3.0,3,,,,,,,,
,,,,,25501,3.0,3,,,,,,,,
,,,,,25504,3.0,3,,,,,,,,
,,,,,25508,4.0,4,,,,,,,,
,,,,,25511,3.0,3,,,,,,,,
,,,,,25514,3.0,3,,,,,,,,
,,,,,25521,7.0,7,,,,,,,,
,,,,,25525,4.0,4,,,,,,,,
,,,,,25530,5.0,5,,,,,,,,
,,,,,25533,3.0,3,,,,,,,,
,,,,,25536,3.0,3,,,,,,,,
,,,,,25539,3.0,3,,,,,,,,
,,,,,25542,3.0,3,,,,,,,,
,,,,,25545,3.0,3,,,,,,,,
,,,,,25548,3.0,3,,,,,,,,
,,,,,25553,5.0,5,,,,,,,,
,,,,,25556,3.0,3,,,,,,,,
,,,,,25559,3.0,3,,,,,,,,
,,,,,25564,5.0,5,,,,,,,,
,,,,,25568,4.0,4,,,,,,,,
,,,,,25573,5.0,5,,,,,,,,
,,,,,25576,3.0,3,,,,,,,,
,,,,,25579,3.0,3,,,,,,,,
,,,,,25583,4.0,4,,,,,,,,
,,,,,25586,3.0,3,,,,,,,,
,,,,,25589,3.0,3,,,,,,,,
,,,,,25592,3.0,3,,,,,,,,
,,,,,25595,3.0,3,,,,,,,,
,,,,,25598,3.0,3,,,,,,,,
,,,,,25601,3.0,3,,,,,,,,
,,,,,25608,7.0,7,,,,,,,,
,,,,,25611,3.0,3,,,,,,,,
,,,,,25614,3.0,3,,,,,,,,
,,,,,25618,4.0,4,,,,,,,,
,,,,,25621,3.0,3,,,,,,,,
,,,,,25625,4.0,4,,,,,,,,
,,,,,25628,3.0,3,,,,,,,,
,,,,,25631,3.0,3,,,,,,,,
,,,,,25634,3.0,3,,,,,,,,
,,,,,25638,4.0,4,,,,,,,,
,,,,,25641,3.0,3,,,,,,,,
,,,,,25644,3.0,3,,,,,,,,
,,,,,25651,7.0,7,,,,,,,,
,,,,,25656,5.0,5,,,,,,,,
,,,,,25659,3.0,3,,,,,,,,
,,,,,25662,3.0,3,,,,,,,,
,,,,,25665,3.0,3,,,,,,,,
,,,,,25668,3.0,3,,,,,,,,
,,,,,25674,6.0,6,,,,,,,,
,,,,,25677,3.0,3,,,,,,,,
,,,,,25680,3.0,3,,,,,,,,
,,,,,25683,3.0,3,,,,,,,,
,,,,,25686,3.0,3,,,,,,,,
,,,,,25691,5.0,5,,,,,,,,
,,,,,25694,3.0,3,,,,,,,,
,,,,,25700,6.0,6,,,,,,,,
,,,,,25704,4.0,4,,,,,,,,
,,,,,25710,6.0,6,,,,,,,,
,,,,,25716,6.0,6,,,,,,,,
,,,,,25719,3.0,3,,,,,,,,
,,,,,25724,5.0,5,,,,,,,,
,,,,,25727,3.0,3,,,,,,,,
,,,,,25731,4.0,4,,,,,,,,
,,,,,25739,8.0,8,,,,,,,,
,,,,,25742,3.0,3,,,,,,,,
,,,,,25745,3.0,3,,,,,,,,
,,,,,25753,8.0,8,,,,,,,,
,,,,,25756,3.0,3,,,,,,,,
,,,,,25762,6.0,6,,,,,,,,
,,,,,25765,3.0,3,,,,,,,,
,,,,,25769,4.0,4,,,,,,,,
,,,,,25772,3.0,3,,,,,,,,
,,,,,25778,6.0,6,,,,,,,,
,,,,,25782,4.0,4,,,,,,,,
,,,,,25785,3.0,3,,,,,,,,
,,,,,25789,4.0,4,,,,,,,,
,,,,,25792,3.0,3,,,,,,,,
,,,,,25795,3.0,3,,,,,,,,
,,,,,25799,4.0,4,,,,,,,,
,,,,,25803,4.0,4,,,,,,,,
,,,,,25808,5.0,5,,,,,,,,
,,,,,25811,3.0,3,,,,,,,,
,,,,,25814,3.0,3,,,,,,,,
,,,,,25823,9.0,9,,,,,,,,
,,,,,25828,5.0,5,,,,,,,,
,,,,,25831,3.0,3,,,,,,,,
,,,,,25834,3.0,3,,,,,,,,
,,,,,25837,3.0,3,,,,,,,,
,,,,,25840,3.0,3,,,,,,,,
,,,,,25843,3.0,3,,,,,,,,
,,,,,25846,3.0,3,,,,,,,,
,,,,,25849,3.0,3,,,,,,,,
,,,,,25852,3.0,3,,,,,,,,
,,,,,25857,5.0,5,,,,,,,,
,,,,,25860,3.0,3,,,,,,,,
,,,,,25863,3.0,3,,,,,,,,
,,,,,25866,3.0,3,,,,,,,,
,,,,,25869,3.0,3,,,,,,,,
,,,,,25872,3.0,3,,,,,,,,
,,,,,25876,4.0,4,,,,,,,,
,,,,,25879,3.0,3,,,,,,,,
,,,,,25882,3.0,3,,,,,,,,
,,,,,25888,6.0,6,,,,,,,,
,,,,,25893,5.0,5,,,,,,,,
,,,,,25896,3.0,3,,,,,,,,
,,,,,25901,5.0,5,,,,,,,,
,,,,,25905,4.0,4,,,,,,,,
,,,,,25910,5.0,5,,,,,,,,
,,,,,25913,3.0,3,,,,,,,,
,,,,,25916,3.0,3,,,,,,,,
,,,,,25919,3.0,3,,,,,,,,
,,,,,25922,3.0,3,,,,,,,,
,,,,,25925,3.0,3,,,,,,,,
,,,,,25930,5.0,5,,,,,,,,
,,,,,25936,6.0,6,,,,,,,,
,,,,,25939,3.0,3,,,,,,,,
,,,,,25942,3.0,3,,,,,,,,
,,,,,25945,3.0,3,,,,,,,,
,,,,,25948,3.0,3,,,,,,,,
,,,,,25955,7.0,7,,,,,,,,
,,,,,25958,3.0,3,,,,,,,,
,,,,,25962,4.0,4,,,,,,,,
,,,,,25968,6.0,6,,,,,,,,
,,,,,25971,3.0,3,,,,,,,,
,,,,,25974,3.0,3,,,,,,,,
,,,,,25977,3.0,3,,,,,,,,
,,,,,25980,3.0,3,,,,,,,,
,,,,,25984,4.0,4,,,,,,,,
,,,,,25988,4.0,4,,,,,,,,
,,,,,25991,3.0,3,,,,,,,,
,,,,,25994,3.0,3,,,,,,,,
,,,,,25997,3.0,3,,,,,,,,
,,,,,26000,3.0,3,,,,,,,,
,,,,,26000,,,0.13417522609233856,-1.341752290725708,0.3489000201225281,3.403285503387451,3.399876356124878,0.0003,0.0003,0.1
,,,,,26003,3.0,3,,,,,,,,
,,,,,26007,4.0,4,,,,,,,,
,,,,,26010,3.0,3,,,,,,,,
,,,,,26014,4.0,4,,,,,,,,
,,,,,26017,3.0,3,,,,,,,,
,,,,,26022,5.0,5,,,,,,,,
,,,,,26025,3.0,3,,,,,,,,
,,,,,26028,3.0,3,,,,,,,,
,,,,,26031,3.0,3,,,,,,,,
,,,,,26034,3.0,3,,,,,,,,
,,,,,26037,3.0,3,,,,,,,,
,,,,,26040,3.0,3,,,,,,,,
,,,,,26043,3.0,3,,,,,,,,
,,,,,26046,3.0,3,,,,,,,,
,,,,,26050,4.0,4,,,,,,,,
,,,,,26053,3.0,3,,,,,,,,
,,,,,26056,3.0,3,,,,,,,,
,,,,,26060,4.0,4,,,,,,,,
,,,,,26064,4.0,4,,,,,,,,
,,,,,26067,3.0,3,,,,,,,,
,,,,,26070,3.0,3,,,,,,,,
,,,,,26073,3.0,3,,,,,,,,
,,,,,26076,3.0,3,,,,,,,,
,,,,,26079,3.0,3,,,,,,,,
,,,,,26082,3.0,3,,,,,,,,
,,,,,26085,3.0,3,,,,,,,,
,,,,,26091,6.0,6,,,,,,,,
,,,,,26097,6.0,6,,,,,,,,
,,,,,26100,3.0,3,,,,,,,,
,,,,,26103,3.0,3,,,,,,,,
,,,,,26106,3.0,3,,,,,,,,
,,,,,26109,3.0,3,,,,,,,,
,,,,,26114,5.0,5,,,,,,,,
,,,,,26117,3.0,3,,,,,,,,
,,,,,26120,3.0,3,,,,,,,,
,,,,,26123,3.0,3,,,,,,,,
,,,,,26126,3.0,3,,,,,,,,
,,,,,26129,3.0,3,,,,,,,,
,,,,,26133,4.0,4,,,,,,,,
,,,,,26136,3.0,3,,,,,,,,
,,,,,26139,3.0,3,,,,,,,,
,,,,,26142,3.0,3,,,,,,,,
,,,,,26145,3.0,3,,,,,,,,
,,,,,26148,3.0,3,,,,,,,,
,,,,,26151,3.0,3,,,,,,,,
,,,,,26154,3.0,3,,,,,,,,
,,,,,26157,3.0,3,,,,,,,,
,,,,,26160,3.0,3,,,,,,,,
,,,,,26163,3.0,3,,,,,,,,
,,,,,26166,3.0,3,,,,,,,,
,,,,,26169,3.0,3,,,,,,,,
,,,,,26172,3.0,3,,,,,,,,
,,,,,26175,3.0,3,,,,,,,,
,,,,,26178,3.0,3,,,,,,,,
,,,,,26181,3.0,3,,,,,,,,
,,,,,26185,4.0,4,,,,,,,,
,,,,,26188,3.0,3,,,,,,,,
,,,,,26191,3.0,3,,,,,,,,
,,,,,26194,3.0,3,,,,,,,,
,,,,,26199,5.0,5,,,,,,,,
,,,,,26202,3.0,3,,,,,,,,
,,,,,26205,3.0,3,,,,,,,,
,,,,,26208,3.0,3,,,,,,,,
,,,,,26213,5.0,5,,,,,,,,
,,,,,26216,3.0,3,,,,,,,,
,,,,,26221,5.0,5,,,,,,,,
,,,,,26225,4.0,4,,,,,,,,
,,,,,26228,3.0,3,,,,,,,,
,,,,,26232,4.0,4,,,,,,,,
,,,,,26235,3.0,3,,,,,,,,
,,,,,26240,5.0,5,,,,,,,,
,,,,,26243,3.0,3,,,,,,,,
,,,,,26246,3.0,3,,,,,,,,
,,,,,26253,7.0,7,,,,,,,,
,,,,,26256,3.0,3,,,,,,,,
,,,,,26260,4.0,4,,,,,,,,
,,,,,26265,5.0,5,,,,,,,,
,,,,,26268,3.0,3,,,,,,,,
,,,,,26271,3.0,3,,,,,,,,
,,,,,26275,4.0,4,,,,,,,,
,,,,,26279,4.0,4,,,,,,,,
,,,,,26282,3.0,3,,,,,,,,
,,,,,26285,3.0,3,,,,,,,,
,,,,,26289,4.0,4,,,,,,,,
,,,,,26292,3.0,3,,,,,,,,
,,,,,26295,3.0,3,,,,,,,,
,,,,,26298,3.0,3,,,,,,,,
,,,,,26302,4.0,4,,,,,,,,
,,,,,26305,3.0,3,,,,,,,,
,,,,,26308,3.0,3,,,,,,,,
,,,,,26311,3.0,3,,,,,,,,
,,,,,26314,3.0,3,,,,,,,,
,,,,,26321,7.0,7,,,,,,,,
,,,,,26324,3.0,3,,,,,,,,
,,,,,26327,3.0,3,,,,,,,,
,,,,,26330,3.0,3,,,,,,,,
,,,,,26335,5.0,5,,,,,,,,
,,,,,26340,5.0,5,,,,,,,,
,,,,,26343,3.0,3,,,,,,,,
,,,,,26346,3.0,3,,,,,,,,
,,,,,26349,3.0,3,,,,,,,,
,,,,,26354,5.0,5,,,,,,,,
,,,,,26357,3.0,3,,,,,,,,
,,,,,26360,3.0,3,,,,,,,,
,,,,,26364,4.0,4,,,,,,,,
,,,,,26367,3.0,3,,,,,,,,
,,,,,26370,3.0,3,,,,,,,,
,,,,,26373,3.0,3,,,,,,,,
,,,,,26377,4.0,4,,,,,,,,
,,,,,26380,3.0,3,,,,,,,,
,,,,,26383,3.0,3,,,,,,,,
,,,,,26386,3.0,3,,,,,,,,
,,,,,26390,4.0,4,,,,,,,,
,,,,,26393,3.0,3,,,,,,,,
,,,,,26396,3.0,3,,,,,,,,
,,,,,26399,3.0,3,,,,,,,,
,,,,,26402,3.0,3,,,,,,,,
,,,,,26405,3.0,3,,,,,,,,
,,,,,26408,3.0,3,,,,,,,,
,,,,,26411,3.0,3,,,,,,,,
,,,,,26414,3.0,3,,,,,,,,
,,,,,26419,5.0,5,,,,,,,,
,,,,,26422,3.0,3,,,,,,,,
,,,,,26425,3.0,3,,,,,,,,
,,,,,26428,3.0,3,,,,,,,,
,,,,,26431,3.0,3,,,,,,,,
,,,,,26434,3.0,3,,,,,,,,
,,,,,26437,3.0,3,,,,,,,,
,,,,,26443,6.0,6,,,,,,,,
,,,,,26447,4.0,4,,,,,,,,
,,,,,26453,6.0,6,,,,,,,,
,,,,,26460,7.0,7,,,,,,,,
,,,,,26463,3.0,3,,,,,,,,
,,,,,26466,3.0,3,,,,,,,,
,,,,,26472,6.0,6,,,,,,,,
,,,,,26475,3.0,3,,,,,,,,
,,,,,26478,3.0,3,,,,,,,,
,,,,,26481,3.0,3,,,,,,,,
,,,,,26484,3.0,3,,,,,,,,
,,,,,26488,4.0,4,,,,,,,,
,,,,,26491,3.0,3,,,,,,,,
,,,,,26494,3.0,3,,,,,,,,
,,,,,26500,6.0,6,,,,,,,,
,,,,,26503,3.0,3,,,,,,,,
,,,,,26507,4.0,4,,,,,,,,
,,,,,26510,3.0,3,,,,,,,,
,,,,,26513,3.0,3,,,,,,,,
,,,,,26516,3.0,3,,,,,,,,
,,,,,26520,4.0,4,,,,,,,,
,,,,,26523,3.0,3,,,,,,,,
,,,,,26526,3.0,3,,,,,,,,
,,,,,26530,4.0,4,,,,,,,,
,,,,,26533,3.0,3,,,,,,,,
,,,,,26538,5.0,5,,,,,,,,
,,,,,26541,3.0,3,,,,,,,,
,,,,,26544,3.0,3,,,,,,,,
,,,,,26547,3.0,3,,,,,,,,
,,,,,26552,5.0,5,,,,,,,,
,,,,,26555,3.0,3,,,,,,,,
,,,,,26558,3.0,3,,,,,,,,
,,,,,26561,3.0,3,,,,,,,,
,,,,,26564,3.0,3,,,,,,,,
,,,,,26567,3.0,3,,,,,,,,
,,,,,26570,3.0,3,,,,,,,,
,,,,,26573,3.0,3,,,,,,,,
,,,,,26576,3.0,3,,,,,,,,
,,,,,26580,4.0,4,,,,,,,,
,,,,,26583,3.0,3,,,,,,,,
,,,,,26586,3.0,3,,,,,,,,
,,,,,26589,3.0,3,,,,,,,,
,,,,,26592,3.0,3,,,,,,,,
,,,,,26595,3.0,3,,,,,,,,
,,,,,26599,4.0,4,,,,,,,,
,,,,,26602,3.0,3,,,,,,,,
,,,,,26606,4.0,4,,,,,,,,
,,,,,26609,3.0,3,,,,,,,,
,,,,,26613,4.0,4,,,,,,,,
,,,,,26617,4.0,4,,,,,,,,
,,,,,26620,3.0,3,,,,,,,,
,,,,,26623,3.0,3,,,,,,,,
,,,,,26626,3.0,3,,,,,,,,
,,,,,26629,3.0,3,,,,,,,,
,,,,,26632,3.0,3,,,,,,,,
,,,,,26635,3.0,3,,,,,,,,
,,,,,26638,3.0,3,,,,,,,,
,,,,,26641,3.0,3,,,,,,,,
,,,,,26644,3.0,3,,,,,,,,
,,,,,26648,4.0,4,,,,,,,,
,,,,,26651,3.0,3,,,,,,,,
,,,,,26654,3.0,3,,,,,,,,
,,,,,26660,6.0,6,,,,,,,,
,,,,,26663,3.0,3,,,,,,,,
,,,,,26666,3.0,3,,,,,,,,
,,,,,26670,4.0,4,,,,,,,,
,,,,,26673,3.0,3,,,,,,,,
,,,,,26678,5.0,5,,,,,,,,
,,,,,26681,3.0,3,,,,,,,,
,,,,,26684,3.0,3,,,,,,,,
,,,,,26688,4.0,4,,,,,,,,
,,,,,26691,3.0,3,,,,,,,,
,,,,,26694,3.0,3,,,,,,,,
,,,,,26698,4.0,4,,,,,,,,
,,,,,26701,3.0,3,,,,,,,,
,,,,,26704,3.0,3,,,,,,,,
,,,,,26707,3.0,3,,,,,,,,
,,,,,26710,3.0,3,,,,,,,,
,,,,,26713,3.0,3,,,,,,,,
,,,,,26717,4.0,4,,,,,,,,
,,,,,26720,3.0,3,,,,,,,,
,,,,,26723,3.0,3,,,,,,,,
,,,,,26727,4.0,4,,,,,,,,
,,,,,26730,3.0,3,,,,,,,,
,,,,,26733,3.0,3,,,,,,,,
,,,,,26736,3.0,3,,,,,,,,
,,,,,26739,3.0,3,,,,,,,,
,,,,,26743,4.0,4,,,,,,,,
,,,,,26746,3.0,3,,,,,,,,
,,,,,26749,3.0,3,,,,,,,,
,,,,,26752,3.0,3,,,,,,,,
,,,,,26756,4.0,4,,,,,,,,
,,,,,26759,3.0,3,,,,,,,,
,,,,,26762,3.0,3,,,,,,,,
,,,,,26765,3.0,3,,,,,,,,
,,,,,26769,4.0,4,,,,,,,,
,,,,,26772,3.0,3,,,,,,,,
,,,,,26775,3.0,3,,,,,,,,
,,,,,26778,3.0,3,,,,,,,,
,,,,,26781,3.0,3,,,,,,,,
,,,,,26784,3.0,3,,,,,,,,
,,,,,26787,3.0,3,,,,,,,,
,,,,,26790,3.0,3,,,,,,,,
,,,,,26793,3.0,3,,,,,,,,
,,,,,26796,3.0,3,,,,,,,,
,,,,,26799,3.0,3,,,,,,,,
,,,,,26802,3.0,3,,,,,,,,
,,,,,26805,3.0,3,,,,,,,,
,,,,,26808,3.0,3,,,,,,,,
,,,,,26811,3.0,3,,,,,,,,
,,,,,26814,3.0,3,,,,,,,,
,,,,,26817,3.0,3,,,,,,,,
,,,,,26820,3.0,3,,,,,,,,
,,,,,26823,3.0,3,,,,,,,,
,,,,,26826,3.0,3,,,,,,,,
,,,,,26830,4.0,4,,,,,,,,
,,,,,26833,3.0,3,,,,,,,,
,,,,,26836,3.0,3,,,,,,,,
,,,,,26841,5.0,5,,,,,,,,
,,,,,26844,3.0,3,,,,,,,,
,,,,,26847,3.0,3,,,,,,,,
,,,,,26852,5.0,5,,,,,,,,
,,,,,26855,3.0,3,,,,,,,,
,,,,,26858,3.0,3,,,,,,,,
,,,,,26861,3.0,3,,,,,,,,
,,,,,26864,3.0,3,,,,,,,,
,,,,,26867,3.0,3,,,,,,,,
,,,,,26870,3.0,3,,,,,,,,
,,,,,26873,3.0,3,,,,,,,,
,,,,,26876,3.0,3,,,,,,,,
,,,,,26879,3.0,3,,,,,,,,
,,,,,26882,3.0,3,,,,,,,,
,,,,,26886,4.0,4,,,,,,,,
,,,,,26889,3.0,3,,,,,,,,
,,,,,26892,3.0,3,,,,,,,,
,,,,,26895,3.0,3,,,,,,,,
,,,,,26900,5.0,5,,,,,,,,
,,,,,26903,3.0,3,,,,,,,,
,,,,,26906,3.0,3,,,,,,,,
,,,,,26909,3.0,3,,,,,,,,
,,,,,26912,3.0,3,,,,,,,,
,,,,,26915,3.0,3,,,,,,,,
,,,,,26918,3.0,3,,,,,,,,
,,,,,26923,5.0,5,,,,,,,,
,,,,,26926,3.0,3,,,,,,,,
,,,,,26929,3.0,3,,,,,,,,
,,,,,26932,3.0,3,,,,,,,,
,,,,,26935,3.0,3,,,,,,,,
,,,,,26938,3.0,3,,,,,,,,
,,,,,26941,3.0,3,,,,,,,,
,,,,,26944,3.0,3,,,,,,,,
,,,,,26948,4.0,4,,,,,,,,
,,,,,26951,3.0,3,,,,,,,,
,,,,,26954,3.0,3,,,,,,,,
,,,,,26957,3.0,3,,,,,,,,
,,,,,26962,5.0,5,,,,,,,,
,,,,,26966,4.0,4,,,,,,,,
,,,,,26969,3.0,3,,,,,,,,
,,,,,26972,3.0,3,,,,,,,,
,,,,,26975,3.0,3,,,,,,,,
,,,,,26978,3.0,3,,,,,,,,
,,,,,26981,3.0,3,,,,,,,,
,,,,,26984,3.0,3,,,,,,,,
,,,,,26987,3.0,3,,,,,,,,
,,,,,26990,3.0,3,,,,,,,,
,,,,,26995,5.0,5,,,,,,,,
,,,,,26998,3.0,3,,,,,,,,
,,,,,27000,,,0.21972887217998505,-2.197288751602173,0.16713932156562805,2.9909472465515137,2.995906352996826,0.0003,0.0003,0.1
,,,,,27001,3.0,3,,,,,,,,
,,,,,27004,3.0,3,,,,,,,,
,,,,,27007,3.0,3,,,,,,,,
,,,,,27010,3.0,3,,,,,,,,
,,,,,27015,5.0,5,,,,,,,,
,,,,,27018,3.0,3,,,,,,,,
,,,,,27021,3.0,3,,,,,,,,
,,,,,27024,3.0,3,,,,,,,,
,,,,,27027,3.0,3,,,,,,,,
,,,,,27030,3.0,3,,,,,,,,
,,,,,27033,3.0,3,,,,,,,,
,,,,,27036,3.0,3,,,,,,,,
,,,,,27039,3.0,3,,,,,,,,
,,,,,27042,3.0,3,,,,,,,,
,,,,,27045,3.0,3,,,,,,,,
,,,,,27048,3.0,3,,,,,,,,
,,,,,27051,3.0,3,,,,,,,,
,,,,,27054,3.0,3,,,,,,,,
,,,,,27060,6.0,6,,,,,,,,
,,,,,27063,3.0,3,,,,,,,,
,,,,,27066,3.0,3,,,,,,,,
,,,,,27069,3.0,3,,,,,,,,
,,,,,27072,3.0,3,,,,,,,,
,,,,,27075,3.0,3,,,,,,,,
,,,,,27078,3.0,3,,,,,,,,
,,,,,27081,3.0,3,,,,,,,,
,,,,,27084,3.0,3,,,,,,,,
,,,,,27087,3.0,3,,,,,,,,
,,,,,27090,3.0,3,,,,,,,,
,,,,,27093,3.0,3,,,,,,,,
,,,,,27096,3.0,3,,,,,,,,
,,,,,27100,4.0,4,,,,,,,,
,,,,,27103,3.0,3,,,,,,,,
,,,,,27106,3.0,3,,,,,,,,
,,,,,27110,4.0,4,,,,,,,,
,,,,,27113,3.0,3,,,,,,,,
,,,,,27116,3.0,3,,,,,,,,
,,,,,27119,3.0,3,,,,,,,,
,,,,,27123,4.0,4,,,,,,,,
,,,,,27126,3.0,3,,,,,,,,
,,,,,27129,3.0,3,,,,,,,,
,,,,,27132,3.0,3,,,,,,,,
,,,,,27135,3.0,3,,,,,,,,
,,,,,27138,3.0,3,,,,,,,,
,,,,,27142,4.0,4,,,,,,,,
,,,,,27145,3.0,3,,,,,,,,
,,,,,27148,3.0,3,,,,,,,,
,,,,,27152,4.0,4,,,,,,,,
,,,,,27155,3.0,3,,,,,,,,
,,,,,27158,3.0,3,,,,,,,,
,,,,,27161,3.0,3,,,,,,,,
,,,,,27164,3.0,3,,,,,,,,
,,,,,27167,3.0,3,,,,,,,,
,,,,,27170,3.0,3,,,,,,,,
,,,,,27173,3.0,3,,,,,,,,
,,,,,27176,3.0,3,,,,,,,,
,,,,,27181,5.0,5,,,,,,,,
,,,,,27186,5.0,5,,,,,,,,
,,,,,27189,3.0,3,,,,,,,,
,,,,,27192,3.0,3,,,,,,,,
,,,,,27195,3.0,3,,,,,,,,
,,,,,27198,3.0,3,,,,,,,,
,,,,,27201,3.0,3,,,,,,,,
,,,,,27205,4.0,4,,,,,,,,
,,,,,27208,3.0,3,,,,,,,,
,,,,,27211,3.0,3,,,,,,,,
,,,,,27214,3.0,3,,,,,,,,
,,,,,27218,4.0,4,,,,,,,,
,,,,,27222,4.0,4,,,,,,,,
,,,,,27225,3.0,3,,,,,,,,
,,,,,27228,3.0,3,,,,,,,,
,,,,,27231,3.0,3,,,,,,,,
,,,,,27234,3.0,3,,,,,,,,
,,,,,27238,4.0,4,,,,,,,,
,,,,,27241,3.0,3,,,,,,,,
,,,,,27244,3.0,3,,,,,,,,
,,,,,27247,3.0,3,,,,,,,,
,,,,,27250,3.0,3,,,,,,,,
,,,,,27254,4.0,4,,,,,,,,
,,,,,27260,6.0,6,,,,,,,,
,,,,,27263,3.0,3,,,,,,,,
,,,,,27266,3.0,3,,,,,,,,
,,,,,27270,4.0,4,,,,,,,,
,,,,,27275,5.0,5,,,,,,,,
,,,,,27278,3.0,3,,,,,,,,
,,,,,27283,5.0,5,,,,,,,,
,,,,,27286,3.0,3,,,,,,,,
,,,,,27291,5.0,5,,,,,,,,
,,,,,27294,3.0,3,,,,,,,,
,,,,,27297,3.0,3,,,,,,,,
,,,,,27300,3.0,3,,,,,,,,
,,,,,27304,4.0,4,,,,,,,,
,,,,,27307,3.0,3,,,,,,,,
,,,,,27312,5.0,5,,,,,,,,
,,,,,27315,3.0,3,,,,,,,,
,,,,,27318,3.0,3,,,,,,,,
,,,,,27322,4.0,4,,,,,,,,
,,,,,27326,4.0,4,,,,,,,,
,,,,,27329,3.0,3,,,,,,,,
,,,,,27332,3.0,3,,,,,,,,
,,,,,27335,3.0,3,,,,,,,,
,,,,,27338,3.0,3,,,,,,,,
,,,,,27341,3.0,3,,,,,,,,
,,,,,27345,4.0,4,,,,,,,,
,,,,,27348,3.0,3,,,,,,,,
,,,,,27351,3.0,3,,,,,,,,
,,,,,27355,4.0,4,,,,,,,,
,,,,,27358,3.0,3,,,,,,,,
,,,,,27361,3.0,3,,,,,,,,
,,,,,27364,3.0,3,,,,,,,,
,,,,,27367,3.0,3,,,,,,,,
,,,,,27370,3.0,3,,,,,,,,
,,,,,27373,3.0,3,,,,,,,,
,,,,,27379,6.0,6,,,,,,,,
,,,,,27382,3.0,3,,,,,,,,
,,,,,27387,5.0,5,,,,,,,,
,,,,,27390,3.0,3,,,,,,,,
,,,,,27393,3.0,3,,,,,,,,
,,,,,27396,3.0,3,,,,,,,,
,,,,,27399,3.0,3,,,,,,,,
,,,,,27402,3.0,3,,,,,,,,
,,,,,27405,3.0,3,,,,,,,,
,,,,,27408,3.0,3,,,,,,,,
,,,,,27411,3.0,3,,,,,,,,
,,,,,27414,3.0,3,,,,,,,,
,,,,,27417,3.0,3,,,,,,,,
,,,,,27420,3.0,3,,,,,,,,
,,,,,27423,3.0,3,,,,,,,,
,,,,,27426,3.0,3,,,,,,,,
,,,,,27429,3.0,3,,,,,,,,
,,,,,27433,4.0,4,,,,,,,,
,,,,,27436,3.0,3,,,,,,,,
,,,,,27439,3.0,3,,,,,,,,
,,,,,27442,3.0,3,,,,,,,,
,,,,,27445,3.0,3,,,,,,,,
,,,,,27448,3.0,3,,,,,,,,
,,,,,27452,4.0,4,,,,,,,,
,,,,,27455,3.0,3,,,,,,,,
,,,,,27458,3.0,3,,,,,,,,
,,,,,27461,3.0,3,,,,,,,,
,,,,,27464,3.0,3,,,,,,,,
,,,,,27467,3.0,3,,,,,,,,
,,,,,27470,3.0,3,,,,,,,,
,,,,,27473,3.0,3,,,,,,,,
,,,,,27476,3.0,3,,,,,,,,
,,,,,27480,4.0,4,,,,,,,,
,,,,,27484,4.0,4,,,,,,,,
,,,,,27487,3.0,3,,,,,,,,
,,,,,27490,3.0,3,,,,,,,,
,,,,,27493,3.0,3,,,,,,,,
,,,,,27496,3.0,3,,,,,,,,
,,,,,27504,8.0,8,,,,,,,,
,,,,,27507,3.0,3,,,,,,,,
,,,,,27510,3.0,3,,,,,,,,
,,,,,27517,7.0,7,,,,,,,,
,,,,,27520,3.0,3,,,,,,,,
,,,,,27523,3.0,3,,,,,,,,
,,,,,27526,3.0,3,,,,,,,,
,,,,,27529,3.0,3,,,,,,,,
,,,,,27533,4.0,4,,,,,,,,
,,,,,27536,3.0,3,,,,,,,,
,,,,,27539,3.0,3,,,,,,,,
,,,,,27542,3.0,3,,,,,,,,
,,,,,27545,3.0,3,,,,,,,,
,,,,,27548,3.0,3,,,,,,,,
,,,,,27551,3.0,3,,,,,,,,
,,,,,27555,4.0,4,,,,,,,,
,,,,,27558,3.0,3,,,,,,,,
,,,,,27561,3.0,3,,,,,,,,
,,,,,27564,3.0,3,,,,,,,,
,,,,,27568,4.0,4,,,,,,,,
,,,,,27571,3.0,3,,,,,,,,
,,,,,27575,4.0,4,,,,,,,,
,,,,,27578,3.0,3,,,,,,,,
,,,,,27581,3.0,3,,,,,,,,
,,,,,27584,3.0,3,,,,,,,,
,,,,,27587,3.0,3,,,,,,,,
,,,,,27590,3.0,3,,,,,,,,
,,,,,27593,3.0,3,,,,,,,,
,,,,,27596,3.0,3,,,,,,,,
,,,,,27599,3.0,3,,,,,,,,
,,,,,27602,3.0,3,,,,,,,,
,,,,,27605,3.0,3,,,,,,,,
,,,,,27608,3.0,3,,,,,,,,
,,,,,27611,3.0,3,,,,,,,,
,,,,,27614,3.0,3,,,,,,,,
,,,,,27618,4.0,4,,,,,,,,
,,,,,27621,3.0,3,,,,,,,,
,,,,,27627,6.0,6,,,,,,,,
,,,,,27630,3.0,3,,,,,,,,
,,,,,27633,3.0,3,,,,,,,,
,,,,,27636,3.0,3,,,,,,,,
,,,,,27639,3.0,3,,,,,,,,
,,,,,27642,3.0,3,,,,,,,,
,,,,,27645,3.0,3,,,,,,,,
,,,,,27648,3.0,3,,,,,,,,
,,,,,27652,4.0,4,,,,,,,,
,,,,,27656,4.0,4,,,,,,,,
,,,,,27661,5.0,5,,,,,,,,
,,,,,27664,3.0,3,,,,,,,,
,,,,,27667,3.0,3,,,,,,,,
,,,,,27670,3.0,3,,,,,,,,
,,,,,27673,3.0,3,,,,,,,,
,,,,,27676,3.0,3,,,,,,,,
,,,,,27679,3.0,3,,,,,,,,
,,,,,27682,3.0,3,,,,,,,,
,,,,,27685,3.0,3,,,,,,,,
,,,,,27688,3.0,3,,,,,,,,
,,,,,27691,3.0,3,,,,,,,,
,,,,,27695,4.0,4,,,,,,,,
,,,,,27698,3.0,3,,,,,,,,
,,,,,27701,3.0,3,,,,,,,,
,,,,,27704,3.0,3,,,,,,,,
,,,,,27708,4.0,4,,,,,,,,
,,,,,27711,3.0,3,,,,,,,,
,,,,,27714,3.0,3,,,,,,,,
,,,,,27717,3.0,3,,,,,,,,
,,,,,27720,3.0,3,,,,,,,,
,,,,,27723,3.0,3,,,,,,,,
,,,,,27726,3.0,3,,,,,,,,
,,,,,27729,3.0,3,,,,,,,,
,,,,,27732,3.0,3,,,,,,,,
,,,,,27735,3.0,3,,,,,,,,
,,,,,27738,3.0,3,,,,,,,,
,,,,,27741,3.0,3,,,,,,,,
,,,,,27747,6.0,6,,,,,,,,
,,,,,27750,3.0,3,,,,,,,,
,,,,,27753,3.0,3,,,,,,,,
,,,,,27756,3.0,3,,,,,,,,
,,,,,27760,4.0,4,,,,,,,,
,,,,,27763,3.0,3,,,,,,,,
,,,,,27769,6.0,6,,,,,,,,
,,,,,27772,3.0,3,,,,,,,,
,,,,,27775,3.0,3,,,,,,,,
,,,,,27778,3.0,3,,,,,,,,
,,,,,27781,3.0,3,,,,,,,,
,,,,,27784,3.0,3,,,,,,,,
,,,,,27787,3.0,3,,,,,,,,
,,,,,27790,3.0,3,,,,,,,,
,,,,,27795,5.0,5,,,,,,,,
,,,,,27798,3.0,3,,,,,,,,
,,,,,27801,3.0,3,,,,,,,,
,,,,,27804,3.0,3,,,,,,,,
,,,,,27807,3.0,3,,,,,,,,
,,,,,27813,6.0,6,,,,,,,,
,,,,,27816,3.0,3,,,,,,,,
,,,,,27819,3.0,3,,,,,,,,
,,,,,27822,3.0,3,,,,,,,,
,,,,,27825,3.0,3,,,,,,,,
,,,,,27828,3.0,3,,,,,,,,
,,,,,27831,3.0,3,,,,,,,,
,,,,,27834,3.0,3,,,,,,,,
,,,,,27837,3.0,3,,,,,,,,
,,,,,27840,3.0,3,,,,,,,,
,,,,,27846,6.0,6,,,,,,,,
,,,,,27849,3.0,3,,,,,,,,
,,,,,27852,3.0,3,,,,,,,,
,,,,,27855,3.0,3,,,,,,,,
,,,,,27858,3.0,3,,,,,,,,
,,,,,27861,3.0,3,,,,,,,,
,,,,,27864,3.0,3,,,,,,,,
,,,,,27867,3.0,3,,,,,,,,
,,,,,27870,3.0,3,,,,,,,,
,,,,,27874,4.0,4,,,,,,,,
,,,,,27877,3.0,3,,,,,,,,
,,,,,27880,3.0,3,,,,,,,,
,,,,,27883,3.0,3,,,,,,,,
,,,,,27886,3.0,3,,,,,,,,
,,,,,27892,6.0,6,,,,,,,,
,,,,,27895,3.0,3,,,,,,,,
,,,,,27898,3.0,3,,,,,,,,
,,,,,27901,3.0,3,,,,,,,,
,,,,,27904,3.0,3,,,,,,,,
,,,,,27907,3.0,3,,,,,,,,
,,,,,27913,6.0,6,,,,,,,,
,,,,,27916,3.0,3,,,,,,,,
,,,,,27919,3.0,3,,,,,,,,
,,,,,27922,3.0,3,,,,,,,,
,,,,,27925,3.0,3,,,,,,,,
,,,,,27928,3.0,3,,,,,,,,
,,,,,27931,3.0,3,,,,,,,,
,,,,,27934,3.0,3,,,,,,,,
,,,,,27937,3.0,3,,,,,,,,
,,,,,27940,3.0,3,,,,,,,,
,,,,,27943,3.0,3,,,,,,,,
,,,,,27946,3.0,3,,,,,,,,
,,,,,27949,3.0,3,,,,,,,,
,,,,,27953,4.0,4,,,,,,,,
,,,,,27956,3.0,3,,,,,,,,
,,,,,27959,3.0,3,,,,,,,,
,,,,,27962,3.0,3,,,,,,,,
,,,,,27965,3.0,3,,,,,,,,
,,,,,27968,3.0,3,,,,,,,,
,,,,,27971,3.0,3,,,,,,,,
,,,,,27974,3.0,3,,,,,,,,
,,,,,27977,3.0,3,,,,,,,,
,,,,,27980,3.0,3,,,,,,,,
,,,,,27983,3.0,3,,,,,,,,
,,,,,27987,4.0,4,,,,,,,,
,,,,,27990,3.0,3,,,,,,,,
,,,,,27994,4.0,4,,,,,,,,
,,,,,27997,3.0,3,,,,,,,,
,,,,,28000,3.0,3,,,,,,,,
,,,,,28000,,,0.1256992518901825,-1.2569924592971802,0.16231375932693481,2.912855625152588,2.914623260498047,0.0003,0.0003,0.1
,,,,,28003,3.0,3,,,,,,,,
,,,,,28006,3.0,3,,,,,,,,
,,,,,28009,3.0,3,,,,,,,,
,,,,,28012,3.0,3,,,,,,,,
,,,,,28015,3.0,3,,,,,,,,
,,,,,28019,4.0,4,,,,,,,,
,,,,,28022,3.0,3,,,,,,,,
,,,,,28025,3.0,3,,,,,,,,
,,,,,28028,3.0,3,,,,,,,,
,,,,,28031,3.0,3,,,,,,,,
,,,,,28034,3.0,3,,,,,,,,
,,,,,28037,3.0,3,,,,,,,,
,,,,,28040,3.0,3,,,,,,,,
,,,,,28043,3.0,3,,,,,,,,
,,,,,28046,3.0,3,,,,,,,,
,,,,,28049,3.0,3,,,,,,,,
,,,,,28052,3.0,3,,,,,,,,
,,,,,28055,3.0,3,,,,,,,,
,,,,,28058,3.0,3,,,,,,,,
,,,,,28061,3.0,3,,,,,,,,
,,,,,28066,5.0,5,,,,,,,,
,,,,,28069,3.0,3,,,,,,,,
,,,,,28072,3.0,3,,,,,,,,
,,,,,28075,3.0,3,,,,,,,,
,,,,,28079,4.0,4,,,,,,,,
,,,,,28082,3.0,3,,,,,,,,
,,,,,28085,3.0,3,,,,,,,,
,,,,,28088,3.0,3,,,,,,,,
,,,,,28091,3.0,3,,,,,,,,
,,,,,28094,3.0,3,,,,,,,,
,,,,,28097,3.0,3,,,,,,,,
,,,,,28100,3.0,3,,,,,,,,
,,,,,28103,3.0,3,,,,,,,,
,,,,,28106,3.0,3,,,,,,,,
,,,,,28109,3.0,3,,,,,,,,
,,,,,28114,5.0,5,,,,,,,,
,,,,,28117,3.0,3,,,,,,,,
,,,,,28120,3.0,3,,,,,,,,
,,,,,28123,3.0,3,,,,,,,,
,,,,,28126,3.0,3,,,,,,,,
,,,,,28129,3.0,3,,,,,,,,
,,,,,28132,3.0,3,,,,,,,,
,,,,,28135,3.0,3,,,,,,,,
,,,,,28138,3.0,3,,,,,,,,
,,,,,28143,5.0,5,,,,,,,,
,,,,,28146,3.0,3,,,,,,,,
,,,,,28149,3.0,3,,,,,,,,
,,,,,28152,3.0,3,,,,,,,,
,,,,,28155,3.0,3,,,,,,,,
,,,,,28158,3.0,3,,,,,,,,
,,,,,28161,3.0,3,,,,,,,,
,,,,,28165,4.0,4,,,,,,,,
,,,,,28169,4.0,4,,,,,,,,
,,,,,28175,6.0,6,,,,,,,,
,,,,,28178,3.0,3,,,,,,,,
,,,,,28181,3.0,3,,,,,,,,
,,,,,28184,3.0,3,,,,,,,,
,,,,,28187,3.0,3,,,,,,,,
,,,,,28190,3.0,3,,,,,,,,
,,,,,28193,3.0,3,,,,,,,,
,,,,,28196,3.0,3,,,,,,,,
,,,,,28199,3.0,3,,,,,,,,
,,,,,28202,3.0,3,,,,,,,,
,,,,,28205,3.0,3,,,,,,,,
,,,,,28208,3.0,3,,,,,,,,
,,,,,28211,3.0,3,,,,,,,,
,,,,,28214,3.0,3,,,,,,,,
,,,,,28218,4.0,4,,,,,,,,
,,,,,28221,3.0,3,,,,,,,,
,,,,,28224,3.0,3,,,,,,,,
,,,,,28227,3.0,3,,,,,,,,
,,,,,28230,3.0,3,,,,,,,,
,,,,,28233,3.0,3,,,,,,,,
,,,,,28236,3.0,3,,,,,,,,
,,,,,28239,3.0,3,,,,,,,,
,,,,,28242,3.0,3,,,,,,,,
,,,,,28245,3.0,3,,,,,,,,
,,,,,28248,3.0,3,,,,,,,,
,,,,,28251,3.0,3,,,,,,,,
,,,,,28254,3.0,3,,,,,,,,
,,,,,28258,4.0,4,,,,,,,,
,,,,,28261,3.0,3,,,,,,,,
,,,,,28264,3.0,3,,,,,,,,
,,,,,28269,5.0,5,,,,,,,,
,,,,,28272,3.0,3,,,,,,,,
,,,,,28275,3.0,3,,,,,,,,
,,,,,28278,3.0,3,,,,,,,,
,,,,,28282,4.0,4,,,,,,,,
,,,,,28285,3.0,3,,,,,,,,
,,,,,28290,5.0,5,,,,,,,,
,,,,,28293,3.0,3,,,,,,,,
,,,,,28296,3.0,3,,,,,,,,
,,,,,28299,3.0,3,,,,,,,,
,,,,,28303,4.0,4,,,,,,,,
,,,,,28306,3.0,3,,,,,,,,
,,,,,28309,3.0,3,,,,,,,,
,,,,,28312,3.0,3,,,,,,,,
,,,,,28315,3.0,3,,,,,,,,
,,,,,28318,3.0,3,,,,,,,,
,,,,,28321,3.0,3,,,,,,,,
,,,,,28324,3.0,3,,,,,,,,
,,,,,28329,5.0,5,,,,,,,,
,,,,,28332,3.0,3,,,,,,,,
,,,,,28335,3.0,3,,,,,,,,
,,,,,28340,5.0,5,,,,,,,,
,,,,,28343,3.0,3,,,,,,,,
,,,,,28346,3.0,3,,,,,,,,
,,,,,28349,3.0,3,,,,,,,,
,,,,,28352,3.0,3,,,,,,,,
,,,,,28355,3.0,3,,,,,,,,
,,,,,28358,3.0,3,,,,,,,,
,,,,,28361,3.0,3,,,,,,,,
,,,,,28366,5.0,5,,,,,,,,
,,,,,28369,3.0,3,,,,,,,,
,,,,,28372,3.0,3,,,,,,,,
,,,,,28375,3.0,3,,,,,,,,
,,,,,28378,3.0,3,,,,,,,,
,,,,,28381,3.0,3,,,,,,,,
,,,,,28384,3.0,3,,,,,,,,
,,,,,28387,3.0,3,,,,,,,,
,,,,,28392,5.0,5,,,,,,,,
,,,,,28395,3.0,3,,,,,,,,
,,,,,28398,3.0,3,,,,,,,,
,,,,,28401,3.0,3,,,,,,,,
,,,,,28404,3.0,3,,,,,,,,
,,,,,28407,3.0,3,,,,,,,,
,,,,,28410,3.0,3,,,,,,,,
,,,,,28413,3.0,3,,,,,,,,
,,,,,28417,4.0,4,,,,,,,,
,,,,,28420,3.0,3,,,,,,,,
,,,,,28423,3.0,3,,,,,,,,
,,,,,28426,3.0,3,,,,,,,,
,,,,,28429,3.0,3,,,,,,,,
,,,,,28432,3.0,3,,,,,,,,
,,,,,28435,3.0,3,,,,,,,,
,,,,,28438,3.0,3,,,,,,,,
,,,,,28441,3.0,3,,,,,,,,
,,,,,28444,3.0,3,,,,,,,,
,,,,,28447,3.0,3,,,,,,,,
,,,,,28451,4.0,4,,,,,,,,
,,,,,28454,3.0,3,,,,,,,,
,,,,,28457,3.0,3,,,,,,,,
,,,,,28460,3.0,3,,,,,,,,
,,,,,28463,3.0,3,,,,,,,,
,,,,,28466,3.0,3,,,,,,,,
,,,,,28469,3.0,3,,,,,,,,
,,,,,28472,3.0,3,,,,,,,,
,,,,,28475,3.0,3,,,,,,,,
,,,,,28478,3.0,3,,,,,,,,
,,,,,28481,3.0,3,,,,,,,,
,,,,,28484,3.0,3,,,,,,,,
,,,,,28487,3.0,3,,,,,,,,
,,,,,28490,3.0,3,,,,,,,,
,,,,,28494,4.0,4,,,,,,,,
,,,,,28499,5.0,5,,,,,,,,
,,,,,28503,4.0,4,,,,,,,,
,,,,,28506,3.0,3,,,,,,,,
,,,,,28509,3.0,3,,,,,,,,
,,,,,28512,3.0,3,,,,,,,,
,,,,,28515,3.0,3,,,,,,,,
,,,,,28518,3.0,3,,,,,,,,
,,,,,28521,3.0,3,,,,,,,,
,,,,,28525,4.0,4,,,,,,,,
,,,,,28528,3.0,3,,,,,,,,
,,,,,28531,3.0,3,,,,,,,,
,,,,,28537,6.0,6,,,,,,,,
,,,,,28540,3.0,3,,,,,,,,
,,,,,28543,3.0,3,,,,,,,,
,,,,,28546,3.0,3,,,,,,,,
,,,,,28549,3.0,3,,,,,,,,
,,,,,28553,4.0,4,,,,,,,,
,,,,,28556,3.0,3,,,,,,,,
,,,,,28559,3.0,3,,,,,,,,
,,,,,28562,3.0,3,,,,,,,,
,,,,,28565,3.0,3,,,,,,,,
,,,,,28570,5.0,5,,,,,,,,
,,,,,28573,3.0,3,,,,,,,,
,,,,,28576,3.0,3,,,,,,,,
,,,,,28579,3.0,3,,,,,,,,
,,,,,28582,3.0,3,,,,,,,,
,,,,,28586,4.0,4,,,,,,,,
,,,,,28589,3.0,3,,,,,,,,
,,,,,28592,3.0,3,,,,,,,,
,,,,,28596,4.0,4,,,,,,,,
,,,,,28599,3.0,3,,,,,,,,
,,,,,28603,4.0,4,,,,,,,,
,,,,,28606,3.0,3,,,,,,,,
,,,,,28612,6.0,6,,,,,,,,
,,,,,28615,3.0,3,,,,,,,,
,,,,,28620,5.0,5,,,,,,,,
,,,,,28624,4.0,4,,,,,,,,
,,,,,28627,3.0,3,,,,,,,,
,,,,,28631,4.0,4,,,,,,,,
,,,,,28634,3.0,3,,,,,,,,
,,,,,28637,3.0,3,,,,,,,,
,,,,,28640,3.0,3,,,,,,,,
,,,,,28643,3.0,3,,,,,,,,
,,,,,28647,4.0,4,,,,,,,,
,,,,,28650,3.0,3,,,,,,,,
,,,,,28653,3.0,3,,,,,,,,
,,,,,28656,3.0,3,,,,,,,,
,,,,,28660,4.0,4,,,,,,,,
,,,,,28663,3.0,3,,,,,,,,
,,,,,28666,3.0,3,,,,,,,,
,,,,,28671,5.0,5,,,,,,,,
,,,,,28674,3.0,3,,,,,,,,
,,,,,28677,3.0,3,,,,,,,,
,,,,,28680,3.0,3,,,,,,,,
,,,,,28683,3.0,3,,,,,,,,
,,,,,28686,3.0,3,,,,,,,,
,,,,,28690,4.0,4,,,,,,,,
,,,,,28695,5.0,5,,,,,,,,
,,,,,28698,3.0,3,,,,,,,,
,,,,,28705,7.0,7,,,,,,,,
,,,,,28709,4.0,4,,,,,,,,
,,,,,28712,3.0,3,,,,,,,,
,,,,,28717,5.0,5,,,,,,,,
,,,,,28720,3.0,3,,,,,,,,
,,,,,28723,3.0,3,,,,,,,,
,,,,,28726,3.0,3,,,,,,,,
,,,,,28729,3.0,3,,,,,,,,
,,,,,28732,3.0,3,,,,,,,,
,,,,,28736,4.0,4,,,,,,,,
,,,,,28739,3.0,3,,,,,,,,
,,,,,28742,3.0,3,,,,,,,,
,,,,,28745,3.0,3,,,,,,,,
,,,,,28749,4.0,4,,,,,,,,
,,,,,28752,3.0,3,,,,,,,,
,,,,,28756,4.0,4,,,,,,,,
,,,,,28759,3.0,3,,,,,,,,
,,,,,28762,3.0,3,,,,,,,,
,,,,,28765,3.0,3,,,,,,,,
,,,,,28768,3.0,3,,,,,,,,
,,,,,28771,3.0,3,,,,,,,,
,,,,,28774,3.0,3,,,,,,,,
,,,,,28777,3.0,3,,,,,,,,
,,,,,28784,7.0,7,,,,,,,,
,,,,,28788,4.0,4,,,,,,,,
,,,,,28791,3.0,3,,,,,,,,
,,,,,28794,3.0,3,,,,,,,,
,,,,,28797,3.0,3,,,,,,,,
,,,,,28803,6.0,6,,,,,,,,
,,,,,28806,3.0,3,,,,,,,,
,,,,,28809,3.0,3,,,,,,,,
,,,,,28813,4.0,4,,,,,,,,
,,,,,28817,4.0,4,,,,,,,,
,,,,,28821,4.0,4,,,,,,,,
,,,,,28824,3.0,3,,,,,,,,
,,,,,28827,3.0,3,,,,,,,,
,,,,,28830,3.0,3,,,,,,,,
,,,,,28833,3.0,3,,,,,,,,
,,,,,28836,3.0,3,,,,,,,,
,,,,,28839,3.0,3,,,,,,,,
,,,,,28843,4.0,4,,,,,,,,
,,,,,28846,3.0,3,,,,,,,,
,,,,,28851,5.0,5,,,,,,,,
,,,,,28854,3.0,3,,,,,,,,
,,,,,28858,4.0,4,,,,,,,,
,,,,,28862,4.0,4,,,,,,,,
,,,,,28865,3.0,3,,,,,,,,
,,,,,28868,3.0,3,,,,,,,,
,,,,,28871,3.0,3,,,,,,,,
,,,,,28874,3.0,3,,,,,,,,
,,,,,28877,3.0,3,,,,,,,,
,,,,,28880,3.0,3,,,,,,,,
,,,,,28883,3.0,3,,,,,,,,
,,,,,28887,4.0,4,,,,,,,,
,,,,,28890,3.0,3,,,,,,,,
,,,,,28894,4.0,4,,,,,,,,
,,,,,28901,7.0,7,,,,,,,,
,,,,,28904,3.0,3,,,,,,,,
,,,,,28907,3.0,3,,,,,,,,
,,,,,28911,4.0,4,,,,,,,,
,,,,,28914,3.0,3,,,,,,,,
,,,,,28917,3.0,3,,,,,,,,
,,,,,28920,3.0,3,,,,,,,,
,,,,,28923,3.0,3,,,,,,,,
,,,,,28926,3.0,3,,,,,,,,
,,,,,28929,3.0,3,,,,,,,,
,,,,,28935,6.0,6,,,,,,,,
,,,,,28938,3.0,3,,,,,,,,
,,,,,28941,3.0,3,,,,,,,,
,,,,,28945,4.0,4,,,,,,,,
,,,,,28948,3.0,3,,,,,,,,
,,,,,28951,3.0,3,,,,,,,,
,,,,,28955,4.0,4,,,,,,,,
,,,,,28958,3.0,3,,,,,,,,
,,,,,28961,3.0,3,,,,,,,,
,,,,,28964,3.0,3,,,,,,,,
,,,,,28967,3.0,3,,,,,,,,
,,,,,28970,3.0,3,,,,,,,,
,,,,,28973,3.0,3,,,,,,,,
,,,,,28979,6.0,6,,,,,,,,
,,,,,28984,5.0,5,,,,,,,,
,,,,,28990,6.0,6,,,,,,,,
,,,,,28995,5.0,5,,,,,,,,
,,,,,28998,3.0,3,,,,,,,,
,,,,,29000,,,0.12106337398290634,-1.2106337547302246,0.16571302711963654,3.097280979156494,3.0883688926696777,0.0003,0.0003,0.1
,,,,,29001,3.0,3,,,,,,,,
,,,,,29007,6.0,6,,,,,,,,
,,,,,29010,3.0,3,,,,,,,,
,,,,,29014,4.0,4,,,,,,,,
,,,,,29017,3.0,3,,,,,,,,
,,,,,29021,4.0,4,,,,,,,,
,,,,,29024,3.0,3,,,,,,,,
,,,,,29031,7.0,7,,,,,,,,
,,,,,29035,4.0,4,,,,,,,,
,,,,,29039,4.0,4,,,,,,,,
,,,,,29043,4.0,4,,,,,,,,
,,,,,29046,3.0,3,,,,,,,,
,,,,,29049,3.0,3,,,,,,,,
,,,,,29053,4.0,4,,,,,,,,
,,,,,29056,3.0,3,,,,,,,,
,,,,,29059,3.0,3,,,,,,,,
,,,,,29062,3.0,3,,,,,,,,
,,,,,29066,4.0,4,,,,,,,,
,,,,,29072,6.0,6,,,,,,,,
,,,,,29079,7.0,7,,,,,,,,
,,,,,29082,3.0,3,,,,,,,,
,,,,,29086,4.0,4,,,,,,,,
,,,,,29089,3.0,3,,,,,,,,
,,,,,29092,3.0,3,,,,,,,,
,,,,,29095,3.0,3,,,,,,,,
,,,,,29104,9.0,9,,,,,,,,
,,,,,29107,3.0,3,,,,,,,,
,,,,,29111,4.0,4,,,,,,,,
,,,,,29114,3.0,3,,,,,,,,
,,,,,29118,4.0,4,,,,,,,,
,,,,,29122,4.0,4,,,,,,,,
,,,,,29125,3.0,3,,,,,,,,
,,,,,29129,4.0,4,,,,,,,,
,,,,,29132,3.0,3,,,,,,,,
,,,,,29135,3.0,3,,,,,,,,
,,,,,29138,3.0,3,,,,,,,,
,,,,,29141,3.0,3,,,,,,,,
,,,,,29144,3.0,3,,,,,,,,
,,,,,29148,4.0,4,,,,,,,,
,,,,,29153,5.0,5,,,,,,,,
,,,,,29170,17.0,17,,,,,,,,
,,,,,29175,5.0,5,,,,,,,,
,,,,,29179,4.0,4,,,,,,,,
,,,,,29182,3.0,3,,,,,,,,
,,,,,29186,4.0,4,,,,,,,,
,,,,,29189,3.0,3,,,,,,,,
,,,,,29192,3.0,3,,,,,,,,
,,,,,29195,3.0,3,,,,,,,,
,,,,,29201,6.0,6,,,,,,,,
,,,,,29204,3.0,3,,,,,,,,
,,,,,29212,8.0,8,,,,,,,,
,,,,,29217,5.0,5,,,,,,,,
,,,,,29222,5.0,5,,,,,,,,
,,,,,29227,5.0,5,,,,,,,,
,,,,,29230,3.0,3,,,,,,,,
,,,,,29237,7.0,7,,,,,,,,
,,,,,29240,3.0,3,,,,,,,,
,,,,,29243,3.0,3,,,,,,,,
,,,,,29249,6.0,6,,,,,,,,
,,,,,29252,3.0,3,,,,,,,,
,,,,,29255,3.0,3,,,,,,,,
,,,,,29259,4.0,4,,,,,,,,
,,,,,29262,3.0,3,,,,,,,,
,,,,,29265,3.0,3,,,,,,,,
,,,,,29269,4.0,4,,,,,,,,
,,,,,29273,4.0,4,,,,,,,,
,,,,,29278,5.0,5,,,,,,,,
,,,,,29286,8.0,8,,,,,,,,
,,,,,29290,4.0,4,,,,,,,,
,,,,,29297,7.0,7,,,,,,,,
,,,,,29302,5.0,5,,,,,,,,
,,,,,29310,8.0,8,,,,,,,,
,,,,,29317,7.0,7,,,,,,,,
,,,,,29320,3.0,3,,,,,,,,
,,,,,29323,3.0,3,,,,,,,,
,,,,,29326,3.0,3,,,,,,,,
,,,,,29332,6.0,6,,,,,,,,
,,,,,29338,6.0,6,,,,,,,,
,,,,,29341,3.0,3,,,,,,,,
,,,,,29346,5.0,5,,,,,,,,
,,,,,29351,5.0,5,,,,,,,,
,,,,,29355,4.0,4,,,,,,,,
,,,,,29358,3.0,3,,,,,,,,
,,,,,29362,4.0,4,,,,,,,,
,,,,,29366,4.0,4,,,,,,,,
,,,,,29369,3.0,3,,,,,,,,
,,,,,29377,8.0,8,,,,,,,,
,,,,,29381,4.0,4,,,,,,,,
,,,,,29384,3.0,3,,,,,,,,
,,,,,29387,3.0,3,,,,,,,,
,,,,,29390,3.0,3,,,,,,,,
,,,,,29395,5.0,5,,,,,,,,
,,,,,29399,4.0,4,,,,,,,,
,,,,,29403,4.0,4,,,,,,,,
,,,,,29406,3.0,3,,,,,,,,
,,,,,29410,4.0,4,,,,,,,,
,,,,,29413,3.0,3,,,,,,,,
,,,,,29418,5.0,5,,,,,,,,
,,,,,29421,3.0,3,,,,,,,,
,,,,,29424,3.0,3,,,,,,,,
,,,,,29427,3.0,3,,,,,,,,
,,,,,29434,7.0,7,,,,,,,,
,,,,,29437,3.0,3,,,,,,,,
,,,,,29442,5.0,5,,,,,,,,
,,,,,29448,6.0,6,,,,,,,,
,,,,,29452,4.0,4,,,,,,,,
,,,,,29455,3.0,3,,,,,,,,
,,,,,29458,3.0,3,,,,,,,,
,,,,,29462,4.0,4,,,,,,,,
,,,,,29470,8.0,8,,,,,,,,
,,,,,29474,4.0,4,,,,,,,,
,,,,,29482,8.0,8,,,,,,,,
,,,,,29492,10.0,10,,,,,,,,
,,,,,29495,3.0,3,,,,,,,,
,,,,,29498,3.0,3,,,,,,,,
,,,,,29503,5.0,5,,,,,,,,
,,,,,29506,3.0,3,,,,,,,,
,,,,,29509,3.0,3,,,,,,,,
,,,,,29515,6.0,6,,,,,,,,
,,,,,29523,8.0,8,,,,,,,,
,,,,,29528,5.0,5,,,,,,,,
,,,,,29531,3.0,3,,,,,,,,
,,,,,29534,3.0,3,,,,,,,,
,,,,,29539,5.0,5,,,,,,,,
,,,,,29542,3.0,3,,,,,,,,
,,,,,29545,3.0,3,,,,,,,,
,,,,,29548,3.0,3,,,,,,,,
,,,,,29551,3.0,3,,,,,,,,
,,,,,29555,4.0,4,,,,,,,,
,,,,,29560,5.0,5,,,,,,,,
,,,,,29563,3.0,3,,,,,,,,
,,,,,29571,8.0,8,,,,,,,,
,,,,,29574,3.0,3,,,,,,,,
,,,,,29578,4.0,4,,,,,,,,
,,,,,29581,3.0,3,,,,,,,,
,,,,,29584,3.0,3,,,,,,,,
,,,,,29587,3.0,3,,,,,,,,
,,,,,29590,3.0,3,,,,,,,,
,,,,,29593,3.0,3,,,,,,,,
,,,,,29598,5.0,5,,,,,,,,
,,,,,29601,3.0,3,,,,,,,,
,,,,,29604,3.0,3,,,,,,,,
,,,,,29608,4.0,4,,,,,,,,
,,,,,29612,4.0,4,,,,,,,,
,,,,,29615,3.0,3,,,,,,,,
,,,,,29619,4.0,4,,,,,,,,
,,,,,29622,3.0,3,,,,,,,,
,,,,,29627,5.0,5,,,,,,,,
,,,,,29638,11.0,11,,,,,,,,
,,,,,29641,3.0,3,,,,,,,,
,,,,,29645,4.0,4,,,,,,,,
,,,,,29651,6.0,6,,,,,,,,
,,,,,29657,6.0,6,,,,,,,,
,,,,,29660,3.0,3,,,,,,,,
,,,,,29664,4.0,4,,,,,,,,
,,,,,29669,5.0,5,,,,,,,,
,,,,,29672,3.0,3,,,,,,,,
,,,,,29676,4.0,4,,,,,,,,
,,,,,29679,3.0,3,,,,,,,,
,,,,,29683,4.0,4,,,,,,,,
,,,,,29687,4.0,4,,,,,,,,
,,,,,29690,3.0,3,,,,,,,,
,,,,,29693,3.0,3,,,,,,,,
,,,,,29698,5.0,5,,,,,,,,
,,,,,29701,3.0,3,,,,,,,,
,,,,,29704,3.0,3,,,,,,,,
,,,,,29707,3.0,3,,,,,,,,
,,,,,29711,4.0,4,,,,,,,,
,,,,,29719,8.0,8,,,,,,,,
,,,,,29722,3.0,3,,,,,,,,
,,,,,29725,3.0,3,,,,,,,,
,,,,,29729,4.0,4,,,,,,,,
,,,,,29733,4.0,4,,,,,,,,
,,,,,29736,3.0,3,,,,,,,,
,,,,,29740,4.0,4,,,,,,,,
,,,,,29743,3.0,3,,,,,,,,
,,,,,29747,4.0,4,,,,,,,,
,,,,,29752,5.0,5,,,,,,,,
,,,,,29755,3.0,3,,,,,,,,
,,,,,29758,3.0,3,,,,,,,,
,,,,,29762,4.0,4,,,,,,,,
,,,,,29767,5.0,5,,,,,,,,
,,,,,29770,3.0,3,,,,,,,,
,,,,,29773,3.0,3,,,,,,,,
,,,,,29777,4.0,4,,,,,,,,
,,,,,29780,3.0,3,,,,,,,,
,,,,,29784,4.0,4,,,,,,,,
,,,,,29791,7.0,7,,,,,,,,
,,,,,29799,8.0,8,,,,,,,,
,,,,,29815,16.0,16,,,,,,,,
,,,,,29818,3.0,3,,,,,,,,
,,,,,29821,3.0,3,,,,,,,,
,,,,,29824,3.0,3,,,,,,,,
,,,,,29829,5.0,5,,,,,,,,
,,,,,29832,3.0,3,,,,,,,,
,,,,,29839,7.0,7,,,,,,,,
,,,,,29843,4.0,4,,,,,,,,
,,,,,29846,3.0,3,,,,,,,,
,,,,,29851,5.0,5,,,,,,,,
,,,,,29857,6.0,6,,,,,,,,
,,,,,29860,3.0,3,,,,,,,,
,,,,,29864,4.0,4,,,,,,,,
,,,,,29867,3.0,3,,,,,,,,
,,,,,29870,3.0,3,,,,,,,,
,,,,,29874,4.0,4,,,,,,,,
,,,,,29877,3.0,3,,,,,,,,
,,,,,29880,3.0,3,,,,,,,,
,,,,,29888,8.0,8,,,,,,,,
,,,,,29891,3.0,3,,,,,,,,
,,,,,29895,4.0,4,,,,,,,,
,,,,,29900,5.0,5,,,,,,,,
,,,,,29904,4.0,4,,,,,,,,
,,,,,29907,3.0,3,,,,,,,,
,,,,,29910,3.0,3,,,,,,,,
,,,,,29915,5.0,5,,,,,,,,
,,,,,29918,3.0,3,,,,,,,,
,,,,,29921,3.0,3,,,,,,,,
,,,,,29924,3.0,3,,,,,,,,
,,,,,29928,4.0,4,,,,,,,,
,,,,,29933,5.0,5,,,,,,,,
,,,,,29936,3.0,3,,,,,,,,
,,,,,29939,3.0,3,,,,,,,,
,,,,,29942,3.0,3,,,,,,,,
,,,,,29949,7.0,7,,,,,,,,
,,,,,29955,6.0,6,,,,,,,,
,,,,,29961,6.0,6,,,,,,,,
,,,,,29966,5.0,5,,,,,,,,
,,,,,29970,4.0,4,,,,,,,,
,,,,,29973,3.0,3,,,,,,,,
,,,,,29978,5.0,5,,,,,,,,
,,,,,29984,6.0,6,,,,,,,,
,,,,,29988,4.0,4,,,,,,,,
,,,,,29993,5.0,5,,,,,,,,
,,,,,29999,6.0,6,,,,,,,,
3.9,0.7,5.0,3.0,3.9,30000,,,0.06619010120630264,-0.6619009971618652,0.3687545657157898,3.5506458282470703,3.548543930053711,0.0003,0.0003,0.1
,,,,,30002,3.0,3,,,,,,,,
,,,,,30006,4.0,4,,,,,,,,
,,,,,30009,3.0,3,,,,,,,,
,,,,,30012,3.0,3,,,,,,,,
,,,,,30015,3.0,3,,,,,,,,
,,,,,30018,3.0,3,,,,,,,,
,,,,,30023,5.0,5,,,,,,,,
,,,,,30027,4.0,4,,,,,,,,
,,,,,30032,5.0,5,,,,,,,,
,,,,,30041,9.0,9,,,,,,,,
,,,,,30044,3.0,3,,,,,,,,
,,,,,30048,4.0,4,,,,,,,,
,,,,,30051,3.0,3,,,,,,,,
,,,,,30055,4.0,4,,,,,,,,
,,,,,30059,4.0,4,,,,,,,,
,,,,,30062,3.0,3,,,,,,,,
,,,,,30067,5.0,5,,,,,,,,
,,,,,30071,4.0,4,,,,,,,,
,,,,,30075,4.0,4,,,,,,,,
,,,,,30078,3.0,3,,,,,,,,
,,,,,30081,3.0,3,,,,,,,,
,,,,,30084,3.0,3,,,,,,,,
,,,,,30089,5.0,5,,,,,,,,
,,,,,30092,3.0,3,,,,,,,,
,,,,,30095,3.0,3,,,,,,,,
,,,,,30098,3.0,3,,,,,,,,
,,,,,30101,3.0,3,,,,,,,,
,,,,,30106,5.0,5,,,,,,,,
,,,,,30110,4.0,4,,,,,,,,
,,,,,30115,5.0,5,,,,,,,,
,,,,,30118,3.0,3,,,,,,,,
,,,,,30121,3.0,3,,,,,,,,
,,,,,30124,3.0,3,,,,,,,,
,,,,,30127,3.0,3,,,,,,,,
,,,,,30130,3.0,3,,,,,,,,
,,,,,30133,3.0,3,,,,,,,,
,,,,,30139,6.0,6,,,,,,,,
,,,,,30142,3.0,3,,,,,,,,
,,,,,30150,8.0,8,,,,,,,,
,,,,,30155,5.0,5,,,,,,,,
,,,,,30158,3.0,3,,,,,,,,
,,,,,30161,3.0,3,,,,,,,,
,,,,,30164,3.0,3,,,,,,,,
,,,,,30170,6.0,6,,,,,,,,
,,,,,30173,3.0,3,,,,,,,,
,,,,,30176,3.0,3,,,,,,,,
,,,,,30179,3.0,3,,,,,,,,
,,,,,30182,3.0,3,,,,,,,,
,,,,,30186,4.0,4,,,,,,,,
,,,,,30192,6.0,6,,,,,,,,
,,,,,30195,3.0,3,,,,,,,,
,,,,,30198,3.0,3,,,,,,,,
,,,,,30202,4.0,4,,,,,,,,
,,,,,30206,4.0,4,,,,,,,,
,,,,,30210,4.0,4,,,,,,,,
,,,,,30214,4.0,4,,,,,,,,
,,,,,30219,5.0,5,,,,,,,,
,,,,,30222,3.0,3,,,,,,,,
,,,,,30229,7.0,7,,,,,,,,
,,,,,30232,3.0,3,,,,,,,,
,,,,,30237,5.0,5,,,,,,,,
,,,,,30241,4.0,4,,,,,,,,
,,,,,30246,5.0,5,,,,,,,,
,,,,,30249,3.0,3,,,,,,,,
,,,,,30252,3.0,3,,,,,,,,
,,,,,30255,3.0,3,,,,,,,,
,,,,,30263,8.0,8,,,,,,,,
,,,,,30266,3.0,3,,,,,,,,
,,,,,30270,4.0,4,,,,,,,,
,,,,,30273,3.0,3,,,,,,,,
,,,,,30276,3.0,3,,,,,,,,
,,,,,30279,3.0,3,,,,,,,,
,,,,,30282,3.0,3,,,,,,,,
,,,,,30285,3.0,3,,,,,,,,
,,,,,30288,3.0,3,,,,,,,,
,,,,,30291,3.0,3,,,,,,,,
,,,,,30294,3.0,3,,,,,,,,
,,,,,30297,3.0,3,,,,,,,,
,,,,,30300,3.0,3,,,,,,,,
,,,,,30304,4.0,4,,,,,,,,
,,,,,30307,3.0,3,,,,,,,,
,,,,,30310,3.0,3,,,,,,,,
,,,,,30313,3.0,3,,,,,,,,
,,,,,30316,3.0,3,,,,,,,,
,,,,,30319,3.0,3,,,,,,,,
,,,,,30323,4.0,4,,,,,,,,
,,,,,30326,3.0,3,,,,,,,,
,,,,,30329,3.0,3,,,,,,,,
,,,,,30333,4.0,4,,,,,,,,
,,,,,30337,4.0,4,,,,,,,,
,,,,,30340,3.0,3,,,,,,,,
,,,,,30348,8.0,8,,,,,,,,
,,,,,30351,3.0,3,,,,,,,,
,,,,,30354,3.0,3,,,,,,,,
,,,,,30357,3.0,3,,,,,,,,
,,,,,30360,3.0,3,,,,,,,,
,,,,,30363,3.0,3,,,,,,,,
,,,,,30367,4.0,4,,,,,,,,
,,,,,30370,3.0,3,,,,,,,,
,,,,,30373,3.0,3,,,,,,,,
,,,,,30376,3.0,3,,,,,,,,
,,,,,30379,3.0,3,,,,,,,,
,,,,,30382,3.0,3,,,,,,,,
,,,,,30386,4.0,4,,,,,,,,
,,,,,30389,3.0,3,,,,,,,,
,,,,,30393,4.0,4,,,,,,,,
,,,,,30398,5.0,5,,,,,,,,
,,,,,30401,3.0,3,,,,,,,,
,,,,,30405,4.0,4,,,,,,,,
,,,,,30410,5.0,5,,,,,,,,
,,,,,30418,8.0,8,,,,,,,,
,,,,,30423,5.0,5,,,,,,,,
,,,,,30428,5.0,5,,,,,,,,
,,,,,30431,3.0,3,,,,,,,,
,,,,,30435,4.0,4,,,,,,,,
,,,,,30438,3.0,3,,,,,,,,
,,,,,30443,5.0,5,,,,,,,,
,,,,,30446,3.0,3,,,,,,,,
,,,,,30449,3.0,3,,,,,,,,
,,,,,30452,3.0,3,,,,,,,,
,,,,,30455,3.0,3,,,,,,,,
,,,,,30459,4.0,4,,,,,,,,
,,,,,30462,3.0,3,,,,,,,,
,,,,,30467,5.0,5,,,,,,,,
,,,,,30473,6.0,6,,,,,,,,
,,,,,30476,3.0,3,,,,,,,,
,,,,,30481,5.0,5,,,,,,,,
,,,,,30490,9.0,9,,,,,,,,
,,,,,30494,4.0,4,,,,,,,,
,,,,,30497,3.0,3,,,,,,,,
,,,,,30501,4.0,4,,,,,,,,
,,,,,30506,5.0,5,,,,,,,,
,,,,,30512,6.0,6,,,,,,,,
,,,,,30515,3.0,3,,,,,,,,
,,,,,30518,3.0,3,,,,,,,,
,,,,,30522,4.0,4,,,,,,,,
,,,,,30525,3.0,3,,,,,,,,
,,,,,30529,4.0,4,,,,,,,,
,,,,,30532,3.0,3,,,,,,,,
,,,,,30535,3.0,3,,,,,,,,
,,,,,30538,3.0,3,,,,,,,,
,,,,,30546,8.0,8,,,,,,,,
,,,,,30549,3.0,3,,,,,,,,
,,,,,30552,3.0,3,,,,,,,,
,,,,,30557,5.0,5,,,,,,,,
,,,,,30560,3.0,3,,,,,,,,
,,,,,30564,4.0,4,,,,,,,,
,,,,,30568,4.0,4,,,,,,,,
,,,,,30571,3.0,3,,,,,,,,
,,,,,30575,4.0,4,,,,,,,,
,,,,,30579,4.0,4,,,,,,,,
,,,,,30582,3.0,3,,,,,,,,
,,,,,30585,3.0,3,,,,,,,,
,,,,,30588,3.0,3,,,,,,,,
,,,,,30593,5.0,5,,,,,,,,
,,,,,30599,6.0,6,,,,,,,,
,,,,,30605,6.0,6,,,,,,,,
,,,,,30610,5.0,5,,,,,,,,
,,,,,30618,8.0,8,,,,,,,,
,,,,,30622,4.0,4,,,,,,,,
,,,,,30626,4.0,4,,,,,,,,
,,,,,30629,3.0,3,,,,,,,,
,,,,,30634,5.0,5,,,,,,,,
,,,,,30637,3.0,3,,,,,,,,
,,,,,30640,3.0,3,,,,,,,,
,,,,,30645,5.0,5,,,,,,,,
,,,,,30651,6.0,6,,,,,,,,
,,,,,30654,3.0,3,,,,,,,,
,,,,,30658,4.0,4,,,,,,,,
,,,,,30663,5.0,5,,,,,,,,
,,,,,30666,3.0,3,,,,,,,,
,,,,,30670,4.0,4,,,,,,,,
,,,,,30677,7.0,7,,,,,,,,
,,,,,30680,3.0,3,,,,,,,,
,,,,,30685,5.0,5,,,,,,,,
,,,,,30688,3.0,3,,,,,,,,
,,,,,30696,8.0,8,,,,,,,,
,,,,,30700,4.0,4,,,,,,,,
,,,,,30706,6.0,6,,,,,,,,
,,,,,30712,6.0,6,,,,,,,,
,,,,,30717,5.0,5,,,,,,,,
,,,,,30722,5.0,5,,,,,,,,
,,,,,30728,6.0,6,,,,,,,,
,,,,,30734,6.0,6,,,,,,,,
,,,,,30738,4.0,4,,,,,,,,
,,,,,30742,4.0,4,,,,,,,,
,,,,,30747,5.0,5,,,,,,,,
,,,,,30752,5.0,5,,,,,,,,
,,,,,30756,4.0,4,,,,,,,,
,,,,,30759,3.0,3,,,,,,,,
,,,,,30766,7.0,7,,,,,,,,
,,,,,30773,7.0,7,,,,,,,,
,,,,,30780,7.0,7,,,,,,,,
,,,,,30786,6.0,6,,,,,,,,
,,,,,30791,5.0,5,,,,,,,,
,,,,,30795,4.0,4,,,,,,,,
,,,,,30799,4.0,4,,,,,,,,
,,,,,30802,3.0,3,,,,,,,,
,,,,,30805,3.0,3,,,,,,,,
,,,,,30808,3.0,3,,,,,,,,
,,,,,30813,5.0,5,,,,,,,,
,,,,,30820,7.0,7,,,,,,,,
,,,,,30823,3.0,3,,,,,,,,
,,,,,30827,4.0,4,,,,,,,,
,,,,,30831,4.0,4,,,,,,,,
,,,,,30834,3.0,3,,,,,,,,
,,,,,30838,4.0,4,,,,,,,,
,,,,,30842,4.0,4,,,,,,,,
,,,,,30845,3.0,3,,,,,,,,
,,,,,30850,5.0,5,,,,,,,,
,,,,,30853,3.0,3,,,,,,,,
,,,,,30858,5.0,5,,,,,,,,
,,,,,30863,5.0,5,,,,,,,,
,,,,,30866,3.0,3,,,,,,,,
,,,,,30869,3.0,3,,,,,,,,
,,,,,30873,4.0,4,,,,,,,,
,,,,,30876,3.0,3,,,,,,,,
,,,,,30879,3.0,3,,,,,,,,
,,,,,30884,5.0,5,,,,,,,,
,,,,,30889,5.0,5,,,,,,,,
,,,,,30894,5.0,5,,,,,,,,
,,,,,30897,3.0,3,,,,,,,,
,,,,,30901,4.0,4,,,,,,,,
,,,,,30907,6.0,6,,,,,,,,
,,,,,30910,3.0,3,,,,,,,,
,,,,,30913,3.0,3,,,,,,,,
,,,,,30916,3.0,3,,,,,,,,
,,,,,30921,5.0,5,,,,,,,,
,,,,,30928,7.0,7,,,,,,,,
,,,,,30933,5.0,5,,,,,,,,
,,,,,30936,3.0,3,,,,,,,,
,,,,,30943,7.0,7,,,,,,,,
,,,,,30948,5.0,5,,,,,,,,
,,,,,30952,4.0,4,,,,,,,,
,,,,,30959,7.0,7,,,,,,,,
,,,,,30963,4.0,4,,,,,,,,
,,,,,30966,3.0,3,,,,,,,,
,,,,,30974,8.0,8,,,,,,,,
,,,,,30979,5.0,5,,,,,,,,
,,,,,30984,5.0,5,,,,,,,,
,,,,,30989,5.0,5,,,,,,,,
,,,,,30992,3.0,3,,,,,,,,
,,,,,30997,5.0,5,,,,,,,,
,,,,,31000,,,0.1076282411813736,-1.0762823820114136,0.38336509466171265,3.6818222999572754,3.668302059173584,0.0003,0.0003,0.1
,,,,,31001,4.0,4,,,,,,,,
,,,,,31004,3.0,3,,,,,,,,
,,,,,31007,3.0,3,,,,,,,,
,,,,,31011,4.0,4,,,,,,,,
,,,,,31015,4.0,4,,,,,,,,
,,,,,31021,6.0,6,,,,,,,,
,,,,,31024,3.0,3,,,,,,,,
,,,,,31028,4.0,4,,,,,,,,
,,,,,31032,4.0,4,,,,,,,,
,,,,,31037,5.0,5,,,,,,,,
,,,,,31040,3.0,3,,,,,,,,
,,,,,31048,8.0,8,,,,,,,,
,,,,,31052,4.0,4,,,,,,,,
,,,,,31057,5.0,5,,,,,,,,
,,,,,31060,3.0,3,,,,,,,,
,,,,,31063,3.0,3,,,,,,,,
,,,,,31067,4.0,4,,,,,,,,
,,,,,31070,3.0,3,,,,,,,,
,,,,,31073,3.0,3,,,,,,,,
,,,,,31078,5.0,5,,,,,,,,
,,,,,31082,4.0,4,,,,,,,,
,,,,,31085,3.0,3,,,,,,,,
,,,,,31089,4.0,4,,,,,,,,
,,,,,31095,6.0,6,,,,,,,,
,,,,,31098,3.0,3,,,,,,,,
,,,,,31103,5.0,5,,,,,,,,
,,,,,31106,3.0,3,,,,,,,,
,,,,,31112,6.0,6,,,,,,,,
,,,,,31115,3.0,3,,,,,,,,
,,,,,31119,4.0,4,,,,,,,,
,,,,,31122,3.0,3,,,,,,,,
,,,,,31125,3.0,3,,,,,,,,
,,,,,31130,5.0,5,,,,,,,,
,,,,,31133,3.0,3,,,,,,,,
,,,,,31136,3.0,3,,,,,,,,
,,,,,31140,4.0,4,,,,,,,,
,,,,,31145,5.0,5,,,,,,,,
,,,,,31148,3.0,3,,,,,,,,
,,,,,31152,4.0,4,,,,,,,,
,,,,,31155,3.0,3,,,,,,,,
,,,,,31158,3.0,3,,,,,,,,
,,,,,31161,3.0,3,,,,,,,,
,,,,,31166,5.0,5,,,,,,,,
,,,,,31172,6.0,6,,,,,,,,
,,,,,31181,9.0,9,,,,,,,,
,,,,,31187,6.0,6,,,,,,,,
,,,,,31190,3.0,3,,,,,,,,
,,,,,31193,3.0,3,,,,,,,,
,,,,,31196,3.0,3,,,,,,,,
,,,,,31200,4.0,4,,,,,,,,
,,,,,31204,4.0,4,,,,,,,,
,,,,,31208,4.0,4,,,,,,,,
,,,,,31213,5.0,5,,,,,,,,
,,,,,31217,4.0,4,,,,,,,,
,,,,,31220,3.0,3,,,,,,,,
,,,,,31223,3.0,3,,,,,,,,
,,,,,31226,3.0,3,,,,,,,,
,,,,,31229,3.0,3,,,,,,,,
,,,,,31237,8.0,8,,,,,,,,
,,,,,31240,3.0,3,,,,,,,,
,,,,,31243,3.0,3,,,,,,,,
,,,,,31248,5.0,5,,,,,,,,
,,,,,31252,4.0,4,,,,,,,,
,,,,,31255,3.0,3,,,,,,,,
,,,,,31258,3.0,3,,,,,,,,
,,,,,31262,4.0,4,,,,,,,,
,,,,,31265,3.0,3,,,,,,,,
,,,,,31268,3.0,3,,,,,,,,
,,,,,31273,5.0,5,,,,,,,,
,,,,,31278,5.0,5,,,,,,,,
,,,,,31281,3.0,3,,,,,,,,
,,,,,31284,3.0,3,,,,,,,,
,,,,,31288,4.0,4,,,,,,,,
,,,,,31293,5.0,5,,,,,,,,
,,,,,31296,3.0,3,,,,,,,,
,,,,,31299,3.0,3,,,,,,,,
,,,,,31302,3.0,3,,,,,,,,
,,,,,31305,3.0,3,,,,,,,,
,,,,,31308,3.0,3,,,,,,,,
,,,,,31311,3.0,3,,,,,,,,
,,,,,31314,3.0,3,,,,,,,,
,,,,,31317,3.0,3,,,,,,,,
,,,,,31320,3.0,3,,,,,,,,
,,,,,31323,3.0,3,,,,,,,,
,,,,,31326,3.0,3,,,,,,,,
,,,,,31329,3.0,3,,,,,,,,
,,,,,31332,3.0,3,,,,,,,,
,,,,,31335,3.0,3,,,,,,,,
,,,,,31338,3.0,3,,,,,,,,
,,,,,31346,8.0,8,,,,,,,,
,,,,,31352,6.0,6,,,,,,,,
,,,,,31356,4.0,4,,,,,,,,
,,,,,31367,11.0,11,,,,,,,,
,,,,,31370,3.0,3,,,,,,,,
,,,,,31374,4.0,4,,,,,,,,
,,,,,31380,6.0,6,,,,,,,,
,,,,,31383,3.0,3,,,,,,,,
,,,,,31386,3.0,3,,,,,,,,
,,,,,31389,3.0,3,,,,,,,,
,,,,,31393,4.0,4,,,,,,,,
,,,,,31396,3.0,3,,,,,,,,
,,,,,31401,5.0,5,,,,,,,,
,,,,,31404,3.0,3,,,,,,,,
,,,,,31407,3.0,3,,,,,,,,
,,,,,31410,3.0,3,,,,,,,,
,,,,,31413,3.0,3,,,,,,,,
,,,,,31416,3.0,3,,,,,,,,
,,,,,31419,3.0,3,,,,,,,,
,,,,,31422,3.0,3,,,,,,,,
,,,,,31425,3.0,3,,,,,,,,
,,,,,31429,4.0,4,,,,,,,,
,,,,,31432,3.0,3,,,,,,,,
,,,,,31435,3.0,3,,,,,,,,
,,,,,31438,3.0,3,,,,,,,,
,,,,,31442,4.0,4,,,,,,,,
,,,,,31446,4.0,4,,,,,,,,
,,,,,31449,3.0,3,,,,,,,,
,,,,,31452,3.0,3,,,,,,,,
,,,,,31455,3.0,3,,,,,,,,
,,,,,31459,4.0,4,,,,,,,,
,,,,,31463,4.0,4,,,,,,,,
,,,,,31466,3.0,3,,,,,,,,
,,,,,31469,3.0,3,,,,,,,,
,,,,,31472,3.0,3,,,,,,,,
,,,,,31475,3.0,3,,,,,,,,
,,,,,31478,3.0,3,,,,,,,,
,,,,,31481,3.0,3,,,,,,,,
,,,,,31486,5.0,5,,,,,,,,
,,,,,31489,3.0,3,,,,,,,,
,,,,,31494,5.0,5,,,,,,,,
,,,,,31497,3.0,3,,,,,,,,
,,,,,31500,3.0,3,,,,,,,,
,,,,,31503,3.0,3,,,,,,,,
,,,,,31508,5.0,5,,,,,,,,
,,,,,31511,3.0,3,,,,,,,,
,,,,,31514,3.0,3,,,,,,,,
,,,,,31517,3.0,3,,,,,,,,
,,,,,31525,8.0,8,,,,,,,,
,,,,,31528,3.0,3,,,,,,,,
,,,,,31532,4.0,4,,,,,,,,
,,,,,31538,6.0,6,,,,,,,,
,,,,,31541,3.0,3,,,,,,,,
,,,,,31545,4.0,4,,,,,,,,
,,,,,31549,4.0,4,,,,,,,,
,,,,,31552,3.0,3,,,,,,,,
,,,,,31555,3.0,3,,,,,,,,
,,,,,31558,3.0,3,,,,,,,,
,,,,,31561,3.0,3,,,,,,,,
,,,,,31565,4.0,4,,,,,,,,
,,,,,31569,4.0,4,,,,,,,,
,,,,,31572,3.0,3,,,,,,,,
,,,,,31575,3.0,3,,,,,,,,
,,,,,31578,3.0,3,,,,,,,,
,,,,,31582,4.0,4,,,,,,,,
,,,,,31585,3.0,3,,,,,,,,
,,,,,31588,3.0,3,,,,,,,,
,,,,,31592,4.0,4,,,,,,,,
,,,,,31597,5.0,5,,,,,,,,
,,,,,31600,3.0,3,,,,,,,,
,,,,,31604,4.0,4,,,,,,,,
,,,,,31607,3.0,3,,,,,,,,
,,,,,31611,4.0,4,,,,,,,,
,,,,,31614,3.0,3,,,,,,,,
,,,,,31617,3.0,3,,,,,,,,
,,,,,31621,4.0,4,,,,,,,,
,,,,,31624,3.0,3,,,,,,,,
,,,,,31629,5.0,5,,,,,,,,
,,,,,31633,4.0,4,,,,,,,,
,,,,,31637,4.0,4,,,,,,,,
,,,,,31641,4.0,4,,,,,,,,
,,,,,31644,3.0,3,,,,,,,,
,,,,,31647,3.0,3,,,,,,,,
,,,,,31650,3.0,3,,,,,,,,
,,,,,31653,3.0,3,,,,,,,,
,,,,,31657,4.0,4,,,,,,,,
,,,,,31660,3.0,3,,,,,,,,
,,,,,31663,3.0,3,,,,,,,,
,,,,,31666,3.0,3,,,,,,,,
,,,,,31669,3.0,3,,,,,,,,
,,,,,31674,5.0,5,,,,,,,,
,,,,,31677,3.0,3,,,,,,,,
,,,,,31680,3.0,3,,,,,,,,
,,,,,31683,3.0,3,,,,,,,,
,,,,,31687,4.0,4,,,,,,,,
,,,,,31691,4.0,4,,,,,,,,
,,,,,31694,3.0,3,,,,,,,,
,,,,,31697,3.0,3,,,,,,,,
,,,,,31700,3.0,3,,,,,,,,
,,,,,31703,3.0,3,,,,,,,,
,,,,,31706,3.0,3,,,,,,,,
,,,,,31709,3.0,3,,,,,,,,
,,,,,31712,3.0,3,,,,,,,,
,,,,,31715,3.0,3,,,,,,,,
,,,,,31718,3.0,3,,,,,,,,
,,,,,31722,4.0,4,,,,,,,,
,,,,,31728,6.0,6,,,,,,,,
,,,,,31731,3.0,3,,,,,,,,
,,,,,31738,7.0,7,,,,,,,,
,,,,,31741,3.0,3,,,,,,,,
,,,,,31744,3.0,3,,,,,,,,
,,,,,31749,5.0,5,,,,,,,,
,,,,,31752,3.0,3,,,,,,,,
,,,,,31755,3.0,3,,,,,,,,
,,,,,31759,4.0,4,,,,,,,,
,,,,,31762,3.0,3,,,,,,,,
,,,,,31766,4.0,4,,,,,,,,
,,,,,31771,5.0,5,,,,,,,,
,,,,,31774,3.0,3,,,,,,,,
,,,,,31777,3.0,3,,,,,,,,
,,,,,31782,5.0,5,,,,,,,,
,,,,,31785,3.0,3,,,,,,,,
,,,,,31788,3.0,3,,,,,,,,
,,,,,31791,3.0,3,,,,,,,,
,,,,,31796,5.0,5,,,,,,,,
,,,,,31799,3.0,3,,,,,,,,
,,,,,31802,3.0,3,,,,,,,,
,,,,,31805,3.0,3,,,,,,,,
,,,,,31808,3.0,3,,,,,,,,
,,,,,31811,3.0,3,,,,,,,,
,,,,,31817,6.0,6,,,,,,,,
,,,,,31820,3.0,3,,,,,,,,
,,,,,31823,3.0,3,,,,,,,,
,,,,,31826,3.0,3,,,,,,,,
,,,,,31829,3.0,3,,,,,,,,
,,,,,31832,3.0,3,,,,,,,,
,,,,,31835,3.0,3,,,,,,,,
,,,,,31838,3.0,3,,,,,,,,
,,,,,31841,3.0,3,,,,,,,,
,,,,,31844,3.0,3,,,,,,,,
,,,,,31847,3.0,3,,,,,,,,
,,,,,31850,3.0,3,,,,,,,,
,,,,,31854,4.0,4,,,,,,,,
,,,,,31857,3.0,3,,,,,,,,
,,,,,31860,3.0,3,,,,,,,,
,,,,,31863,3.0,3,,,,,,,,
,,,,,31866,3.0,3,,,,,,,,
,,,,,31869,3.0,3,,,,,,,,
,,,,,31872,3.0,3,,,,,,,,
,,,,,31875,3.0,3,,,,,,,,
,,,,,31881,6.0,6,,,,,,,,
,,,,,31884,3.0,3,,,,,,,,
,,,,,31887,3.0,3,,,,,,,,
,,,,,31890,3.0,3,,,,,,,,
,,,,,31893,3.0,3,,,,,,,,
,,,,,31896,3.0,3,,,,,,,,
,,,,,31899,3.0,3,,,,,,,,
,,,,,31902,3.0,3,,,,,,,,
,,,,,31905,3.0,3,,,,,,,,
,,,,,31909,4.0,4,,,,,,,,
,,,,,31912,3.0,3,,,,,,,,
,,,,,31915,3.0,3,,,,,,,,
,,,,,31918,3.0,3,,,,,,,,
,,,,,31923,5.0,5,,,,,,,,
,,,,,31926,3.0,3,,,,,,,,
,,,,,31930,4.0,4,,,,,,,,
,,,,,31933,3.0,3,,,,,,,,
,,,,,31936,3.0,3,,,,,,,,
,,,,,31939,3.0,3,,,,,,,,
,,,,,31942,3.0,3,,,,,,,,
,,,,,31945,3.0,3,,,,,,,,
,,,,,31948,3.0,3,,,,,,,,
,,,,,31951,3.0,3,,,,,,,,
,,,,,31954,3.0,3,,,,,,,,
,,,,,31958,4.0,4,,,,,,,,
,,,,,31961,3.0,3,,,,,,,,
,,,,,31964,3.0,3,,,,,,,,
,,,,,31967,3.0,3,,,,,,,,
,,,,,31970,3.0,3,,,,,,,,
,,,,,31974,4.0,4,,,,,,,,
,,,,,31977,3.0,3,,,,,,,,
,,,,,31980,3.0,3,,,,,,,,
,,,,,31985,5.0,5,,,,,,,,
,,,,,31988,3.0,3,,,,,,,,
,,,,,31991,3.0,3,,,,,,,,
,,,,,31994,3.0,3,,,,,,,,
,,,,,31997,3.0,3,,,,,,,,
,,,,,32000,3.0,3,,,,,,,,
,,,,,32000,,,0.16578295826911926,-1.6578295230865479,0.17967550456523895,3.2543082237243652,3.262718915939331,0.0003,0.0003,0.1
,,,,,32003,3.0,3,,,,,,,,
,,,,,32006,3.0,3,,,,,,,,
,,,,,32010,4.0,4,,,,,,,,
,,,,,32013,3.0,3,,,,,,,,
,,,,,32016,3.0,3,,,,,,,,
,,,,,32019,3.0,3,,,,,,,,
,,,,,32023,4.0,4,,,,,,,,
,,,,,32026,3.0,3,,,,,,,,
,,,,,32029,3.0,3,,,,,,,,
,,,,,32032,3.0,3,,,,,,,,
,,,,,32036,4.0,4,,,,,,,,
,,,,,32039,3.0,3,,,,,,,,
,,,,,32042,3.0,3,,,,,,,,
,,,,,32045,3.0,3,,,,,,,,
,,,,,32049,4.0,4,,,,,,,,
,,,,,32052,3.0,3,,,,,,,,
,,,,,32057,5.0,5,,,,,,,,
,,,,,32063,6.0,6,,,,,,,,
,,,,,32066,3.0,3,,,,,,,,
,,,,,32069,3.0,3,,,,,,,,
,,,,,32072,3.0,3,,,,,,,,
,,,,,32075,3.0,3,,,,,,,,
,,,,,32079,4.0,4,,,,,,,,
,,,,,32082,3.0,3,,,,,,,,
,,,,,32086,4.0,4,,,,,,,,
,,,,,32089,3.0,3,,,,,,,,
,,,,,32093,4.0,4,,,,,,,,
,,,,,32096,3.0,3,,,,,,,,
,,,,,32100,4.0,4,,,,,,,,
,,,,,32103,3.0,3,,,,,,,,
,,,,,32106,3.0,3,,,,,,,,
,,,,,32109,3.0,3,,,,,,,,
,,,,,32112,3.0,3,,,,,,,,
,,,,,32115,3.0,3,,,,,,,,
,,,,,32118,3.0,3,,,,,,,,
,,,,,32121,3.0,3,,,,,,,,
,,,,,32124,3.0,3,,,,,,,,
,,,,,32127,3.0,3,,,,,,,,
,,,,,32130,3.0,3,,,,,,,,
,,,,,32133,3.0,3,,,,,,,,
,,,,,32136,3.0,3,,,,,,,,
,,,,,32140,4.0,4,,,,,,,,
,,,,,32144,4.0,4,,,,,,,,
,,,,,32147,3.0,3,,,,,,,,
,,,,,32150,3.0,3,,,,,,,,
,,,,,32153,3.0,3,,,,,,,,
,,,,,32156,3.0,3,,,,,,,,
,,,,,32159,3.0,3,,,,,,,,
,,,,,32163,4.0,4,,,,,,,,
,,,,,32166,3.0,3,,,,,,,,
,,,,,32172,6.0,6,,,,,,,,
,,,,,32175,3.0,3,,,,,,,,
,,,,,32178,3.0,3,,,,,,,,
,,,,,32181,3.0,3,,,,,,,,
,,,,,32184,3.0,3,,,,,,,,
,,,,,32187,3.0,3,,,,,,,,
,,,,,32190,3.0,3,,,,,,,,
,,,,,32193,3.0,3,,,,,,,,
,,,,,32196,3.0,3,,,,,,,,
,,,,,32201,5.0,5,,,,,,,,
,,,,,32204,3.0,3,,,,,,,,
,,,,,32207,3.0,3,,,,,,,,
,,,,,32210,3.0,3,,,,,,,,
,,,,,32213,3.0,3,,,,,,,,
,,,,,32217,4.0,4,,,,,,,,
,,,,,32220,3.0,3,,,,,,,,
,,,,,32223,3.0,3,,,,,,,,
,,,,,32226,3.0,3,,,,,,,,
,,,,,32229,3.0,3,,,,,,,,
,,,,,32232,3.0,3,,,,,,,,
,,,,,32235,3.0,3,,,,,,,,
,,,,,32238,3.0,3,,,,,,,,
,,,,,32241,3.0,3,,,,,,,,
,,,,,32245,4.0,4,,,,,,,,
,,,,,32248,3.0,3,,,,,,,,
,,,,,32251,3.0,3,,,,,,,,
,,,,,32256,5.0,5,,,,,,,,
,,,,,32259,3.0,3,,,,,,,,
,,,,,32262,3.0,3,,,,,,,,
,,,,,32265,3.0,3,,,,,,,,
,,,,,32268,3.0,3,,,,,,,,
,,,,,32271,3.0,3,,,,,,,,
,,,,,32274,3.0,3,,,,,,,,
,,,,,32278,4.0,4,,,,,,,,
,,,,,32281,3.0,3,,,,,,,,
,,,,,32284,3.0,3,,,,,,,,
,,,,,32287,3.0,3,,,,,,,,
,,,,,32290,3.0,3,,,,,,,,
,,,,,32293,3.0,3,,,,,,,,
,,,,,32296,3.0,3,,,,,,,,
,,,,,32299,3.0,3,,,,,,,,
,,,,,32302,3.0,3,,,,,,,,
,,,,,32305,3.0,3,,,,,,,,
,,,,,32308,3.0,3,,,,,,,,
,,,,,32312,4.0,4,,,,,,,,
,,,,,32320,8.0,8,,,,,,,,
,,,,,32324,4.0,4,,,,,,,,
,,,,,32327,3.0,3,,,,,,,,
,,,,,32330,3.0,3,,,,,,,,
,,,,,32333,3.0,3,,,,,,,,
,,,,,32336,3.0,3,,,,,,,,
,,,,,32339,3.0,3,,,,,,,,
,,,,,32342,3.0,3,,,,,,,,
,,,,,32345,3.0,3,,,,,,,,
,,,,,32348,3.0,3,,,,,,,,
,,,,,32351,3.0,3,,,,,,,,
,,,,,32355,4.0,4,,,,,,,,
,,,,,32359,4.0,4,,,,,,,,
,,,,,32362,3.0,3,,,,,,,,
,,,,,32365,3.0,3,,,,,,,,
,,,,,32374,9.0,9,,,,,,,,
,,,,,32377,3.0,3,,,,,,,,
,,,,,32381,4.0,4,,,,,,,,
,,,,,32385,4.0,4,,,,,,,,
,,,,,32389,4.0,4,,,,,,,,
,,,,,32394,5.0,5,,,,,,,,
,,,,,32397,3.0,3,,,,,,,,
,,,,,32400,3.0,3,,,,,,,,
,,,,,32405,5.0,5,,,,,,,,
,,,,,32408,3.0,3,,,,,,,,
,,,,,32411,3.0,3,,,,,,,,
,,,,,32414,3.0,3,,,,,,,,
,,,,,32417,3.0,3,,,,,,,,
,,,,,32420,3.0,3,,,,,,,,
,,,,,32426,6.0,6,,,,,,,,
,,,,,32429,3.0,3,,,,,,,,
,,,,,32432,3.0,3,,,,,,,,
,,,,,32435,3.0,3,,,,,,,,
,,,,,32439,4.0,4,,,,,,,,
,,,,,32442,3.0,3,,,,,,,,
,,,,,32445,3.0,3,,,,,,,,
,,,,,32448,3.0,3,,,,,,,,
,,,,,32452,4.0,4,,,,,,,,
,,,,,32456,4.0,4,,,,,,,,
,,,,,32459,3.0,3,,,,,,,,
,,,,,32462,3.0,3,,,,,,,,
,,,,,32465,3.0,3,,,,,,,,
,,,,,32468,3.0,3,,,,,,,,
,,,,,32471,3.0,3,,,,,,,,
,,,,,32475,4.0,4,,,,,,,,
,,,,,32478,3.0,3,,,,,,,,
,,,,,32481,3.0,3,,,,,,,,
,,,,,32486,5.0,5,,,,,,,,
,,,,,32489,3.0,3,,,,,,,,
,,,,,32492,3.0,3,,,,,,,,
,,,,,32495,3.0,3,,,,,,,,
,,,,,32498,3.0,3,,,,,,,,
,,,,,32503,5.0,5,,,,,,,,
,,,,,32506,3.0,3,,,,,,,,
,,,,,32514,8.0,8,,,,,,,,
,,,,,32517,3.0,3,,,,,,,,
,,,,,32520,3.0,3,,,,,,,,
,,,,,32525,5.0,5,,,,,,,,
,,,,,32528,3.0,3,,,,,,,,
,,,,,32531,3.0,3,,,,,,,,
,,,,,32534,3.0,3,,,,,,,,
,,,,,32537,3.0,3,,,,,,,,
,,,,,32540,3.0,3,,,,,,,,
,,,,,32543,3.0,3,,,,,,,,
,,,,,32550,7.0,7,,,,,,,,
,,,,,32553,3.0,3,,,,,,,,
,,,,,32560,7.0,7,,,,,,,,
,,,,,32567,7.0,7,,,,,,,,
,,,,,32570,3.0,3,,,,,,,,
,,,,,32573,3.0,3,,,,,,,,
,,,,,32576,3.0,3,,,,,,,,
,,,,,32579,3.0,3,,,,,,,,
,,,,,32582,3.0,3,,,,,,,,
,,,,,32585,3.0,3,,,,,,,,
,,,,,32588,3.0,3,,,,,,,,
,,,,,32591,3.0,3,,,,,,,,
,,,,,32595,4.0,4,,,,,,,,
,,,,,32598,3.0,3,,,,,,,,
,,,,,32601,3.0,3,,,,,,,,
,,,,,32604,3.0,3,,,,,,,,
,,,,,32607,3.0,3,,,,,,,,
,,,,,32610,3.0,3,,,,,,,,
,,,,,32613,3.0,3,,,,,,,,
,,,,,32616,3.0,3,,,,,,,,
,,,,,32620,4.0,4,,,,,,,,
,,,,,32623,3.0,3,,,,,,,,
,,,,,32626,3.0,3,,,,,,,,
,,,,,32629,3.0,3,,,,,,,,
,,,,,32633,4.0,4,,,,,,,,
,,,,,32636,3.0,3,,,,,,,,
,,,,,32640,4.0,4,,,,,,,,
,,,,,32643,3.0,3,,,,,,,,
,,,,,32646,3.0,3,,,,,,,,
,,,,,32649,3.0,3,,,,,,,,
,,,,,32652,3.0,3,,,,,,,,
,,,,,32655,3.0,3,,,,,,,,
,,,,,32658,3.0,3,,,,,,,,
,,,,,32661,3.0,3,,,,,,,,
,,,,,32664,3.0,3,,,,,,,,
,,,,,32668,4.0,4,,,,,,,,
,,,,,32671,3.0,3,,,,,,,,
,,,,,32674,3.0,3,,,,,,,,
,,,,,32677,3.0,3,,,,,,,,
,,,,,32682,5.0,5,,,,,,,,
,,,,,32685,3.0,3,,,,,,,,
,,,,,32688,3.0,3,,,,,,,,
,,,,,32691,3.0,3,,,,,,,,
,,,,,32694,3.0,3,,,,,,,,
,,,,,32700,6.0,6,,,,,,,,
,,,,,32703,3.0,3,,,,,,,,
,,,,,32706,3.0,3,,,,,,,,
,,,,,32714,8.0,8,,,,,,,,
,,,,,32718,4.0,4,,,,,,,,
,,,,,32721,3.0,3,,,,,,,,
,,,,,32724,3.0,3,,,,,,,,
,,,,,32727,3.0,3,,,,,,,,
,,,,,32733,6.0,6,,,,,,,,
,,,,,32736,3.0,3,,,,,,,,
,,,,,32739,3.0,3,,,,,,,,
,,,,,32742,3.0,3,,,,,,,,
,,,,,32745,3.0,3,,,,,,,,
,,,,,32754,9.0,9,,,,,,,,
,,,,,32757,3.0,3,,,,,,,,
,,,,,32760,3.0,3,,,,,,,,
,,,,,32763,3.0,3,,,,,,,,
,,,,,32766,3.0,3,,,,,,,,
,,,,,32769,3.0,3,,,,,,,,
,,,,,32773,4.0,4,,,,,,,,
,,,,,32776,3.0,3,,,,,,,,
,,,,,32780,4.0,4,,,,,,,,
,,,,,32783,3.0,3,,,,,,,,
,,,,,32786,3.0,3,,,,,,,,
,,,,,32790,4.0,4,,,,,,,,
,,,,,32793,3.0,3,,,,,,,,
,,,,,32796,3.0,3,,,,,,,,
,,,,,32800,4.0,4,,,,,,,,
,,,,,32803,3.0,3,,,,,,,,
,,,,,32806,3.0,3,,,,,,,,
,,,,,32809,3.0,3,,,,,,,,
,,,,,32812,3.0,3,,,,,,,,
,,,,,32818,6.0,6,,,,,,,,
,,,,,32821,3.0,3,,,,,,,,
,,,,,32824,3.0,3,,,,,,,,
,,,,,32827,3.0,3,,,,,,,,
,,,,,32830,3.0,3,,,,,,,,
,,,,,32837,7.0,7,,,,,,,,
,,,,,32840,3.0,3,,,,,,,,
,,,,,32843,3.0,3,,,,,,,,
,,,,,32846,3.0,3,,,,,,,,
,,,,,32849,3.0,3,,,,,,,,
,,,,,32852,3.0,3,,,,,,,,
,,,,,32856,4.0,4,,,,,,,,
,,,,,32859,3.0,3,,,,,,,,
,,,,,32862,3.0,3,,,,,,,,
,,,,,32865,3.0,3,,,,,,,,
,,,,,32868,3.0,3,,,,,,,,
,,,,,32871,3.0,3,,,,,,,,
,,,,,32874,3.0,3,,,,,,,,
,,,,,32877,3.0,3,,,,,,,,
,,,,,32880,3.0,3,,,,,,,,
,,,,,32883,3.0,3,,,,,,,,
,,,,,32886,3.0,3,,,,,,,,
,,,,,32890,4.0,4,,,,,,,,
,,,,,32897,7.0,7,,,,,,,,
,,,,,32900,3.0,3,,,,,,,,
,,,,,32903,3.0,3,,,,,,,,
,,,,,32906,3.0,3,,,,,,,,
,,,,,32912,6.0,6,,,,,,,,
,,,,,32915,3.0,3,,,,,,,,
,,,,,32918,3.0,3,,,,,,,,
,,,,,32921,3.0,3,,,,,,,,
,,,,,32924,3.0,3,,,,,,,,
,,,,,32927,3.0,3,,,,,,,,
,,,,,32930,3.0,3,,,,,,,,
,,,,,32933,3.0,3,,,,,,,,
,,,,,32936,3.0,3,,,,,,,,
,,,,,32939,3.0,3,,,,,,,,
,,,,,32942,3.0,3,,,,,,,,
,,,,,32945,3.0,3,,,,,,,,
,,,,,32948,3.0,3,,,,,,,,
,,,,,32951,3.0,3,,,,,,,,
,,,,,32960,9.0,9,,,,,,,,
,,,,,32963,3.0,3,,,,,,,,
,,,,,32966,3.0,3,,,,,,,,
,,,,,32969,3.0,3,,,,,,,,
,,,,,32972,3.0,3,,,,,,,,
,,,,,32975,3.0,3,,,,,,,,
,,,,,32978,3.0,3,,,,,,,,
,,,,,32981,3.0,3,,,,,,,,
,,,,,32987,6.0,6,,,,,,,,
,,,,,32995,8.0,8,,,,,,,,
,,,,,32998,3.0,3,,,,,,,,
,,,,,33000,,,0.1764608472585678,-1.7646085023880005,0.1274174451828003,2.8805088996887207,2.8436524868011475,0.0003,0.0003,0.1
,,,,,33004,6.0,6,,,,,,,,
,,,,,33007,3.0,3,,,,,,,,
,,,,,33010,3.0,3,,,,,,,,
,,,,,33014,4.0,4,,,,,,,,
,,,,,33017,3.0,3,,,,,,,,
,,,,,33020,3.0,3,,,,,,,,
,,,,,33023,3.0,3,,,,,,,,
,,,,,33026,3.0,3,,,,,,,,
,,,,,33029,3.0,3,,,,,,,,
,,,,,33035,6.0,6,,,,,,,,
,,,,,33038,3.0,3,,,,,,,,
,,,,,33042,4.0,4,,,,,,,,
,,,,,33047,5.0,5,,,,,,,,
,,,,,33050,3.0,3,,,,,,,,
,,,,,33053,3.0,3,,,,,,,,
,,,,,33056,3.0,3,,,,,,,,
,,,,,33063,7.0,7,,,,,,,,
,,,,,33066,3.0,3,,,,,,,,
,,,,,33069,3.0,3,,,,,,,,
,,,,,33072,3.0,3,,,,,,,,
,,,,,33075,3.0,3,,,,,,,,
,,,,,33078,3.0,3,,,,,,,,
,,,,,33081,3.0,3,,,,,,,,
,,,,,33084,3.0,3,,,,,,,,
,,,,,33089,5.0,5,,,,,,,,
,,,,,33092,3.0,3,,,,,,,,
,,,,,33096,4.0,4,,,,,,,,
,,,,,33099,3.0,3,,,,,,,,
,,,,,33102,3.0,3,,,,,,,,
,,,,,33105,3.0,3,,,,,,,,
,,,,,33108,3.0,3,,,,,,,,
,,,,,33111,3.0,3,,,,,,,,
,,,,,33115,4.0,4,,,,,,,,
,,,,,33121,6.0,6,,,,,,,,
,,,,,33124,3.0,3,,,,,,,,
,,,,,33129,5.0,5,,,,,,,,
,,,,,33133,4.0,4,,,,,,,,
,,,,,33136,3.0,3,,,,,,,,
,,,,,33140,4.0,4,,,,,,,,
,,,,,33147,7.0,7,,,,,,,,
,,,,,33151,4.0,4,,,,,,,,
,,,,,33154,3.0,3,,,,,,,,
,,,,,33158,4.0,4,,,,,,,,
,,,,,33164,6.0,6,,,,,,,,
,,,,,33167,3.0,3,,,,,,,,
,,,,,33171,4.0,4,,,,,,,,
,,,,,33179,8.0,8,,,,,,,,
,,,,,33182,3.0,3,,,,,,,,
,,,,,33185,3.0,3,,,,,,,,
,,,,,33188,3.0,3,,,,,,,,
,,,,,33191,3.0,3,,,,,,,,
,,,,,33195,4.0,4,,,,,,,,
,,,,,33201,6.0,6,,,,,,,,
,,,,,33205,4.0,4,,,,,,,,
,,,,,33208,3.0,3,,,,,,,,
,,,,,33211,3.0,3,,,,,,,,
,,,,,33214,3.0,3,,,,,,,,
,,,,,33217,3.0,3,,,,,,,,
,,,,,33221,4.0,4,,,,,,,,
,,,,,33224,3.0,3,,,,,,,,
,,,,,33228,4.0,4,,,,,,,,
,,,,,33231,3.0,3,,,,,,,,
,,,,,33238,7.0,7,,,,,,,,
,,,,,33241,3.0,3,,,,,,,,
,,,,,33244,3.0,3,,,,,,,,
,,,,,33248,4.0,4,,,,,,,,
,,,,,33256,8.0,8,,,,,,,,
,,,,,33259,3.0,3,,,,,,,,
,,,,,33262,3.0,3,,,,,,,,
,,,,,33265,3.0,3,,,,,,,,
,,,,,33268,3.0,3,,,,,,,,
,,,,,33271,3.0,3,,,,,,,,
,,,,,33274,3.0,3,,,,,,,,
,,,,,33277,3.0,3,,,,,,,,
,,,,,33288,11.0,11,,,,,,,,
,,,,,33291,3.0,3,,,,,,,,
,,,,,33294,3.0,3,,,,,,,,
,,,,,33297,3.0,3,,,,,,,,
,,,,,33300,3.0,3,,,,,,,,
,,,,,33303,3.0,3,,,,,,,,
,,,,,33306,3.0,3,,,,,,,,
,,,,,33313,7.0,7,,,,,,,,
,,,,,33316,3.0,3,,,,,,,,
,,,,,33320,4.0,4,,,,,,,,
,,,,,33323,3.0,3,,,,,,,,
,,,,,33326,3.0,3,,,,,,,,
,,,,,33330,4.0,4,,,,,,,,
,,,,,33333,3.0,3,,,,,,,,
,,,,,33339,6.0,6,,,,,,,,
,,,,,33344,5.0,5,,,,,,,,
,,,,,33347,3.0,3,,,,,,,,
,,,,,33352,5.0,5,,,,,,,,
,,,,,33355,3.0,3,,,,,,,,
,,,,,33358,3.0,3,,,,,,,,
,,,,,33363,5.0,5,,,,,,,,
,,,,,33366,3.0,3,,,,,,,,
,,,,,33369,3.0,3,,,,,,,,
,,,,,33372,3.0,3,,,,,,,,
,,,,,33376,4.0,4,,,,,,,,
,,,,,33379,3.0,3,,,,,,,,
,,,,,33385,6.0,6,,,,,,,,
,,,,,33388,3.0,3,,,,,,,,
,,,,,33391,3.0,3,,,,,,,,
,,,,,33394,3.0,3,,,,,,,,
,,,,,33398,4.0,4,,,,,,,,
,,,,,33401,3.0,3,,,,,,,,
,,,,,33404,3.0,3,,,,,,,,
,,,,,33407,3.0,3,,,,,,,,
,,,,,33410,3.0,3,,,,,,,,
,,,,,33413,3.0,3,,,,,,,,
,,,,,33416,3.0,3,,,,,,,,
,,,,,33420,4.0,4,,,,,,,,
,,,,,33424,4.0,4,,,,,,,,
,,,,,33427,3.0,3,,,,,,,,
,,,,,33430,3.0,3,,,,,,,,
,,,,,33433,3.0,3,,,,,,,,
,,,,,33437,4.0,4,,,,,,,,
,,,,,33440,3.0,3,,,,,,,,
,,,,,33446,6.0,6,,,,,,,,
,,,,,33451,5.0,5,,,,,,,,
,,,,,33454,3.0,3,,,,,,,,
,,,,,33457,3.0,3,,,,,,,,
,,,,,33460,3.0,3,,,,,,,,
,,,,,33463,3.0,3,,,,,,,,
,,,,,33466,3.0,3,,,,,,,,
,,,,,33470,4.0,4,,,,,,,,
,,,,,33473,3.0,3,,,,,,,,
,,,,,33476,3.0,3,,,,,,,,
,,,,,33479,3.0,3,,,,,,,,
,,,,,33484,5.0,5,,,,,,,,
,,,,,33487,3.0,3,,,,,,,,
,,,,,33490,3.0,3,,,,,,,,
,,,,,33493,3.0,3,,,,,,,,
,,,,,33499,6.0,6,,,,,,,,
,,,,,33503,4.0,4,,,,,,,,
,,,,,33506,3.0,3,,,,,,,,
,,,,,33509,3.0,3,,,,,,,,
,,,,,33512,3.0,3,,,,,,,,
,,,,,33515,3.0,3,,,,,,,,
,,,,,33518,3.0,3,,,,,,,,
,,,,,33521,3.0,3,,,,,,,,
,,,,,33524,3.0,3,,,,,,,,
,,,,,33527,3.0,3,,,,,,,,
,,,,,33530,3.0,3,,,,,,,,
,,,,,33533,3.0,3,,,,,,,,
,,,,,33536,3.0,3,,,,,,,,
,,,,,33540,4.0,4,,,,,,,,
,,,,,33543,3.0,3,,,,,,,,
,,,,,33546,3.0,3,,,,,,,,
,,,,,33554,8.0,8,,,,,,,,
,,,,,33558,4.0,4,,,,,,,,
,,,,,33561,3.0,3,,,,,,,,
,,,,,33565,4.0,4,,,,,,,,
,,,,,33568,3.0,3,,,,,,,,
,,,,,33571,3.0,3,,,,,,,,
,,,,,33576,5.0,5,,,,,,,,
,,,,,33579,3.0,3,,,,,,,,
,,,,,33582,3.0,3,,,,,,,,
,,,,,33585,3.0,3,,,,,,,,
,,,,,33588,3.0,3,,,,,,,,
,,,,,33594,6.0,6,,,,,,,,
,,,,,33597,3.0,3,,,,,,,,
,,,,,33600,3.0,3,,,,,,,,
,,,,,33603,3.0,3,,,,,,,,
,,,,,33606,3.0,3,,,,,,,,
,,,,,33609,3.0,3,,,,,,,,
,,,,,33614,5.0,5,,,,,,,,
,,,,,33617,3.0,3,,,,,,,,
,,,,,33622,5.0,5,,,,,,,,
,,,,,33625,3.0,3,,,,,,,,
,,,,,33628,3.0,3,,,,,,,,
,,,,,33633,5.0,5,,,,,,,,
,,,,,33636,3.0,3,,,,,,,,
,,,,,33639,3.0,3,,,,,,,,
,,,,,33643,4.0,4,,,,,,,,
,,,,,33646,3.0,3,,,,,,,,
,,,,,33649,3.0,3,,,,,,,,
,,,,,33652,3.0,3,,,,,,,,
,,,,,33655,3.0,3,,,,,,,,
,,,,,33659,4.0,4,,,,,,,,
,,,,,33662,3.0,3,,,,,,,,
,,,,,33665,3.0,3,,,,,,,,
,,,,,33671,6.0,6,,,,,,,,
,,,,,33674,3.0,3,,,,,,,,
,,,,,33677,3.0,3,,,,,,,,
,,,,,33680,3.0,3,,,,,,,,
,,,,,33683,3.0,3,,,,,,,,
,,,,,33686,3.0,3,,,,,,,,
,,,,,33689,3.0,3,,,,,,,,
,,,,,33692,3.0,3,,,,,,,,
,,,,,33695,3.0,3,,,,,,,,
,,,,,33698,3.0,3,,,,,,,,
,,,,,33701,3.0,3,,,,,,,,
,,,,,33705,4.0,4,,,,,,,,
,,,,,33708,3.0,3,,,,,,,,
,,,,,33712,4.0,4,,,,,,,,
,,,,,33717,5.0,5,,,,,,,,
,,,,,33720,3.0,3,,,,,,,,
,,,,,33724,4.0,4,,,,,,,,
,,,,,33727,3.0,3,,,,,,,,
,,,,,33731,4.0,4,,,,,,,,
,,,,,33734,3.0,3,,,,,,,,
,,,,,33745,11.0,11,,,,,,,,
,,,,,33748,3.0,3,,,,,,,,
,,,,,33754,6.0,6,,,,,,,,
,,,,,33757,3.0,3,,,,,,,,
,,,,,33760,3.0,3,,,,,,,,
,,,,,33763,3.0,3,,,,,,,,
,,,,,33769,6.0,6,,,,,,,,
,,,,,33773,4.0,4,,,,,,,,
,,,,,33776,3.0,3,,,,,,,,
,,,,,33780,4.0,4,,,,,,,,
,,,,,33788,8.0,8,,,,,,,,
,,,,,33792,4.0,4,,,,,,,,
,,,,,33797,5.0,5,,,,,,,,
,,,,,33800,3.0,3,,,,,,,,
,,,,,33803,3.0,3,,,,,,,,
,,,,,33806,3.0,3,,,,,,,,
,,,,,33810,4.0,4,,,,,,,,
,,,,,33814,4.0,4,,,,,,,,
,,,,,33818,4.0,4,,,,,,,,
,,,,,33822,4.0,4,,,,,,,,
,,,,,33826,4.0,4,,,,,,,,
,,,,,33829,3.0,3,,,,,,,,
,,,,,33832,3.0,3,,,,,,,,
,,,,,33835,3.0,3,,,,,,,,
,,,,,33840,5.0,5,,,,,,,,
,,,,,33843,3.0,3,,,,,,,,
,,,,,33846,3.0,3,,,,,,,,
,,,,,33849,3.0,3,,,,,,,,
,,,,,33852,3.0,3,,,,,,,,
,,,,,33855,3.0,3,,,,,,,,
,,,,,33859,4.0,4,,,,,,,,
,,,,,33862,3.0,3,,,,,,,,
,,,,,33866,4.0,4,,,,,,,,
,,,,,33869,3.0,3,,,,,,,,
,,,,,33872,3.0,3,,,,,,,,
,,,,,33875,3.0,3,,,,,,,,
,,,,,33878,3.0,3,,,,,,,,
,,,,,33882,4.0,4,,,,,,,,
,,,,,33885,3.0,3,,,,,,,,
,,,,,33888,3.0,3,,,,,,,,
,,,,,33892,4.0,4,,,,,,,,
,,,,,33898,6.0,6,,,,,,,,
,,,,,33901,3.0,3,,,,,,,,
,,,,,33905,4.0,4,,,,,,,,
,,,,,33908,3.0,3,,,,,,,,
,,,,,33911,3.0,3,,,,,,,,
,,,,,33914,3.0,3,,,,,,,,
,,,,,33918,4.0,4,,,,,,,,
,,,,,33924,6.0,6,,,,,,,,
,,,,,33927,3.0,3,,,,,,,,
,,,,,33932,5.0,5,,,,,,,,
,,,,,33935,3.0,3,,,,,,,,
,,,,,33939,4.0,4,,,,,,,,
,,,,,33943,4.0,4,,,,,,,,
,,,,,33946,3.0,3,,,,,,,,
,,,,,33950,4.0,4,,,,,,,,
,,,,,33953,3.0,3,,,,,,,,
,,,,,33956,3.0,3,,,,,,,,
,,,,,33959,3.0,3,,,,,,,,
,,,,,33962,3.0,3,,,,,,,,
,,,,,33965,3.0,3,,,,,,,,
,,,,,33969,4.0,4,,,,,,,,
,,,,,33972,3.0,3,,,,,,,,
,,,,,33975,3.0,3,,,,,,,,
,,,,,33979,4.0,4,,,,,,,,
,,,,,33983,4.0,4,,,,,,,,
,,,,,33986,3.0,3,,,,,,,,
,,,,,33993,7.0,7,,,,,,,,
,,,,,33996,3.0,3,,,,,,,,
,,,,,34000,4.0,4,,,,,,,,
,,,,,34000,,,0.1170782819390297,-1.1707828044891357,0.23373690247535706,3.074213981628418,3.0036869049072266,0.0003,0.0003,0.1
,,,,,34003,3.0,3,,,,,,,,
,,,,,34007,4.0,4,,,,,,,,
,,,,,34010,3.0,3,,,,,,,,
,,,,,34015,5.0,5,,,,,,,,
,,,,,34019,4.0,4,,,,,,,,
,,,,,34023,4.0,4,,,,,,,,
,,,,,34027,4.0,4,,,,,,,,
,,,,,34032,5.0,5,,,,,,,,
,,,,,34036,4.0,4,,,,,,,,
,,,,,34039,3.0,3,,,,,,,,
,,,,,34042,3.0,3,,,,,,,,
,,,,,34045,3.0,3,,,,,,,,
,,,,,34048,3.0,3,,,,,,,,
,,,,,34052,4.0,4,,,,,,,,
,,,,,34055,3.0,3,,,,,,,,
,,,,,34058,3.0,3,,,,,,,,
,,,,,34061,3.0,3,,,,,,,,
,,,,,34064,3.0,3,,,,,,,,
,,,,,34067,3.0,3,,,,,,,,
,,,,,34070,3.0,3,,,,,,,,
,,,,,34073,3.0,3,,,,,,,,
,,,,,34076,3.0,3,,,,,,,,
,,,,,34079,3.0,3,,,,,,,,
,,,,,34083,4.0,4,,,,,,,,
,,,,,34088,5.0,5,,,,,,,,
,,,,,34091,3.0,3,,,,,,,,
,,,,,34094,3.0,3,,,,,,,,
,,,,,34097,3.0,3,,,,,,,,
,,,,,34100,3.0,3,,,,,,,,
,,,,,34103,3.0,3,,,,,,,,
,,,,,34106,3.0,3,,,,,,,,
,,,,,34112,6.0,6,,,,,,,,
,,,,,34115,3.0,3,,,,,,,,
,,,,,34118,3.0,3,,,,,,,,
,,,,,34122,4.0,4,,,,,,,,
,,,,,34125,3.0,3,,,,,,,,
,,,,,34128,3.0,3,,,,,,,,
,,,,,34131,3.0,3,,,,,,,,
,,,,,34134,3.0,3,,,,,,,,
,,,,,34137,3.0,3,,,,,,,,
,,,,,34140,3.0,3,,,,,,,,
,,,,,34143,3.0,3,,,,,,,,
,,,,,34146,3.0,3,,,,,,,,
,,,,,34149,3.0,3,,,,,,,,
,,,,,34152,3.0,3,,,,,,,,
,,,,,34155,3.0,3,,,,,,,,
,,,,,34160,5.0,5,,,,,,,,
,,,,,34163,3.0,3,,,,,,,,
,,,,,34167,4.0,4,,,,,,,,
,,,,,34170,3.0,3,,,,,,,,
,,,,,34176,6.0,6,,,,,,,,
,,,,,34179,3.0,3,,,,,,,,
,,,,,34182,3.0,3,,,,,,,,
,,,,,34185,3.0,3,,,,,,,,
,,,,,34188,3.0,3,,,,,,,,
,,,,,34191,3.0,3,,,,,,,,
,,,,,34196,5.0,5,,,,,,,,
,,,,,34200,4.0,4,,,,,,,,
,,,,,34203,3.0,3,,,,,,,,
,,,,,34206,3.0,3,,,,,,,,
,,,,,34213,7.0,7,,,,,,,,
,,,,,34217,4.0,4,,,,,,,,
,,,,,34220,3.0,3,,,,,,,,
,,,,,34223,3.0,3,,,,,,,,
,,,,,34226,3.0,3,,,,,,,,
,,,,,34229,3.0,3,,,,,,,,
,,,,,34232,3.0,3,,,,,,,,
,,,,,34235,3.0,3,,,,,,,,
,,,,,34238,3.0,3,,,,,,,,
,,,,,34241,3.0,3,,,,,,,,
,,,,,34244,3.0,3,,,,,,,,
,,,,,34248,4.0,4,,,,,,,,
,,,,,34254,6.0,6,,,,,,,,
,,,,,34257,3.0,3,,,,,,,,
,,,,,34260,3.0,3,,,,,,,,
,,,,,34263,3.0,3,,,,,,,,
,,,,,34266,3.0,3,,,,,,,,
,,,,,34269,3.0,3,,,,,,,,
,,,,,34272,3.0,3,,,,,,,,
,,,,,34277,5.0,5,,,,,,,,
,,,,,34280,3.0,3,,,,,,,,
,,,,,34284,4.0,4,,,,,,,,
,,,,,34290,6.0,6,,,,,,,,
,,,,,34293,3.0,3,,,,,,,,
,,,,,34296,3.0,3,,,,,,,,
,,,,,34299,3.0,3,,,,,,,,
,,,,,34302,3.0,3,,,,,,,,
,,,,,34305,3.0,3,,,,,,,,
,,,,,34308,3.0,3,,,,,,,,
,,,,,34311,3.0,3,,,,,,,,
,,,,,34315,4.0,4,,,,,,,,
,,,,,34318,3.0,3,,,,,,,,
,,,,,34321,3.0,3,,,,,,,,
,,,,,34324,3.0,3,,,,,,,,
,,,,,34327,3.0,3,,,,,,,,
,,,,,34330,3.0,3,,,,,,,,
,,,,,34333,3.0,3,,,,,,,,
,,,,,34337,4.0,4,,,,,,,,
,,,,,34340,3.0,3,,,,,,,,
,,,,,34346,6.0,6,,,,,,,,
,,,,,34350,4.0,4,,,,,,,,
,,,,,34354,4.0,4,,,,,,,,
,,,,,34357,3.0,3,,,,,,,,
,,,,,34360,3.0,3,,,,,,,,
,,,,,34363,3.0,3,,,,,,,,
,,,,,34366,3.0,3,,,,,,,,
,,,,,34369,3.0,3,,,,,,,,
,,,,,34372,3.0,3,,,,,,,,
,,,,,34379,7.0,7,,,,,,,,
,,,,,34383,4.0,4,,,,,,,,
,,,,,34386,3.0,3,,,,,,,,
,,,,,34389,3.0,3,,,,,,,,
,,,,,34392,3.0,3,,,,,,,,
,,,,,34396,4.0,4,,,,,,,,
,,,,,34399,3.0,3,,,,,,,,
,,,,,34402,3.0,3,,,,,,,,
,,,,,34405,3.0,3,,,,,,,,
,,,,,34408,3.0,3,,,,,,,,
,,,,,34411,3.0,3,,,,,,,,
,,,,,34416,5.0,5,,,,,,,,
,,,,,34419,3.0,3,,,,,,,,
,,,,,34423,4.0,4,,,,,,,,
,,,,,34427,4.0,4,,,,,,,,
,,,,,34432,5.0,5,,,,,,,,
,,,,,34436,4.0,4,,,,,,,,
,,,,,34439,3.0,3,,,,,,,,
,,,,,34442,3.0,3,,,,,,,,
,,,,,34445,3.0,3,,,,,,,,
,,,,,34448,3.0,3,,,,,,,,
,,,,,34451,3.0,3,,,,,,,,
,,,,,34454,3.0,3,,,,,,,,
,,,,,34457,3.0,3,,,,,,,,
,,,,,34460,3.0,3,,,,,,,,
,,,,,34463,3.0,3,,,,,,,,
,,,,,34466,3.0,3,,,,,,,,
,,,,,34470,4.0,4,,,,,,,,
,,,,,34473,3.0,3,,,,,,,,
,,,,,34479,6.0,6,,,,,,,,
,,,,,34482,3.0,3,,,,,,,,
,,,,,34485,3.0,3,,,,,,,,
,,,,,34488,3.0,3,,,,,,,,
,,,,,34491,3.0,3,,,,,,,,
,,,,,34494,3.0,3,,,,,,,,
,,,,,34497,3.0,3,,,,,,,,
,,,,,34500,3.0,3,,,,,,,,
,,,,,34506,6.0,6,,,,,,,,
,,,,,34509,3.0,3,,,,,,,,
,,,,,34515,6.0,6,,,,,,,,
,,,,,34518,3.0,3,,,,,,,,
,,,,,34521,3.0,3,,,,,,,,
,,,,,34524,3.0,3,,,,,,,,
,,,,,34527,3.0,3,,,,,,,,
,,,,,34530,3.0,3,,,,,,,,
,,,,,34533,3.0,3,,,,,,,,
,,,,,34536,3.0,3,,,,,,,,
,,,,,34540,4.0,4,,,,,,,,
,,,,,34547,7.0,7,,,,,,,,
,,,,,34550,3.0,3,,,,,,,,
,,,,,34553,3.0,3,,,,,,,,
,,,,,34556,3.0,3,,,,,,,,
,,,,,34559,3.0,3,,,,,,,,
,,,,,34562,3.0,3,,,,,,,,
,,,,,34565,3.0,3,,,,,,,,
,,,,,34569,4.0,4,,,,,,,,
,,,,,34572,3.0,3,,,,,,,,
,,,,,34575,3.0,3,,,,,,,,
,,,,,34578,3.0,3,,,,,,,,
,,,,,34581,3.0,3,,,,,,,,
,,,,,34584,3.0,3,,,,,,,,
,,,,,34587,3.0,3,,,,,,,,
,,,,,34591,4.0,4,,,,,,,,
,,,,,34595,4.0,4,,,,,,,,
,,,,,34606,11.0,11,,,,,,,,
,,,,,34609,3.0,3,,,,,,,,
,,,,,34612,3.0,3,,,,,,,,
,,,,,34615,3.0,3,,,,,,,,
,,,,,34618,3.0,3,,,,,,,,
,,,,,34621,3.0,3,,,,,,,,
,,,,,34624,3.0,3,,,,,,,,
,,,,,34629,5.0,5,,,,,,,,
,,,,,34632,3.0,3,,,,,,,,
,,,,,34635,3.0,3,,,,,,,,
,,,,,34638,3.0,3,,,,,,,,
,,,,,34641,3.0,3,,,,,,,,
,,,,,34644,3.0,3,,,,,,,,
,,,,,34647,3.0,3,,,,,,,,
,,,,,34650,3.0,3,,,,,,,,
,,,,,34653,3.0,3,,,,,,,,
,,,,,34657,4.0,4,,,,,,,,
,,,,,34661,4.0,4,,,,,,,,
,,,,,34664,3.0,3,,,,,,,,
,,,,,34668,4.0,4,,,,,,,,
,,,,,34671,3.0,3,,,,,,,,
,,,,,34676,5.0,5,,,,,,,,
,,,,,34679,3.0,3,,,,,,,,
,,,,,34682,3.0,3,,,,,,,,
,,,,,34685,3.0,3,,,,,,,,
,,,,,34688,3.0,3,,,,,,,,
,,,,,34691,3.0,3,,,,,,,,
,,,,,34694,3.0,3,,,,,,,,
,,,,,34698,4.0,4,,,,,,,,
,,,,,34701,3.0,3,,,,,,,,
,,,,,34704,3.0,3,,,,,,,,
,,,,,34707,3.0,3,,,,,,,,
,,,,,34712,5.0,5,,,,,,,,
,,,,,34715,3.0,3,,,,,,,,
,,,,,34718,3.0,3,,,,,,,,
,,,,,34721,3.0,3,,,,,,,,
,,,,,34724,3.0,3,,,,,,,,
,,,,,34727,3.0,3,,,,,,,,
,,,,,34730,3.0,3,,,,,,,,
,,,,,34733,3.0,3,,,,,,,,
,,,,,34736,3.0,3,,,,,,,,
,,,,,34739,3.0,3,,,,,,,,
,,,,,34743,4.0,4,,,,,,,,
,,,,,34746,3.0,3,,,,,,,,
,,,,,34749,3.0,3,,,,,,,,
,,,,,34752,3.0,3,,,,,,,,
,,,,,34755,3.0,3,,,,,,,,
,,,,,34758,3.0,3,,,,,,,,
,,,,,34763,5.0,5,,,,,,,,
,,,,,34766,3.0,3,,,,,,,,
,,,,,34771,5.0,5,,,,,,,,
,,,,,34774,3.0,3,,,,,,,,
,,,,,34779,5.0,5,,,,,,,,
,,,,,34782,3.0,3,,,,,,,,
,,,,,34785,3.0,3,,,,,,,,
,,,,,34788,3.0,3,,,,,,,,
,,,,,34792,4.0,4,,,,,,,,
,,,,,34796,4.0,4,,,,,,,,
,,,,,34799,3.0,3,,,,,,,,
,,,,,34802,3.0,3,,,,,,,,
,,,,,34805,3.0,3,,,,,,,,
,,,,,34808,3.0,3,,,,,,,,
,,,,,34815,7.0,7,,,,,,,,
,,,,,34818,3.0,3,,,,,,,,
,,,,,34821,3.0,3,,,,,,,,
,,,,,34825,4.0,4,,,,,,,,
,,,,,34829,4.0,4,,,,,,,,
,,,,,34832,3.0,3,,,,,,,,
,,,,,34835,3.0,3,,,,,,,,
,,,,,34839,4.0,4,,,,,,,,
,,,,,34842,3.0,3,,,,,,,,
,,,,,34845,3.0,3,,,,,,,,
,,,,,34848,3.0,3,,,,,,,,
,,,,,34851,3.0,3,,,,,,,,
,,,,,34854,3.0,3,,,,,,,,
,,,,,34857,3.0,3,,,,,,,,
,,,,,34860,3.0,3,,,,,,,,
,,,,,34863,3.0,3,,,,,,,,
,,,,,34866,3.0,3,,,,,,,,
,,,,,34869,3.0,3,,,,,,,,
,,,,,34872,3.0,3,,,,,,,,
,,,,,34875,3.0,3,,,,,,,,
,,,,,34878,3.0,3,,,,,,,,
,,,,,34881,3.0,3,,,,,,,,
,,,,,34884,3.0,3,,,,,,,,
,,,,,34887,3.0,3,,,,,,,,
,,,,,34890,3.0,3,,,,,,,,
,,,,,34893,3.0,3,,,,,,,,
,,,,,34896,3.0,3,,,,,,,,
,,,,,34899,3.0,3,,,,,,,,
,,,,,34902,3.0,3,,,,,,,,
,,,,,34909,7.0,7,,,,,,,,
,,,,,34912,3.0,3,,,,,,,,
,,,,,34915,3.0,3,,,,,,,,
,,,,,34918,3.0,3,,,,,,,,
,,,,,34922,4.0,4,,,,,,,,
,,,,,34927,5.0,5,,,,,,,,
,,,,,34930,3.0,3,,,,,,,,
,,,,,34933,3.0,3,,,,,,,,
,,,,,34936,3.0,3,,,,,,,,
,,,,,34939,3.0,3,,,,,,,,
,,,,,34944,5.0,5,,,,,,,,
,,,,,34947,3.0,3,,,,,,,,
,,,,,34950,3.0,3,,,,,,,,
,,,,,34954,4.0,4,,,,,,,,
,,,,,34957,3.0,3,,,,,,,,
,,,,,34960,3.0,3,,,,,,,,
,,,,,34963,3.0,3,,,,,,,,
,,,,,34967,4.0,4,,,,,,,,
,,,,,34971,4.0,4,,,,,,,,
,,,,,34974,3.0,3,,,,,,,,
,,,,,34977,3.0,3,,,,,,,,
,,,,,34980,3.0,3,,,,,,,,
,,,,,34983,3.0,3,,,,,,,,
,,,,,34986,3.0,3,,,,,,,,
,,,,,34989,3.0,3,,,,,,,,
,,,,,34992,3.0,3,,,,,,,,
,,,,,34997,5.0,5,,,,,,,,
,,,,,35000,3.0,3,,,,,,,,
4.0,0.8944272,6.0,3.0,4.0,35000,,,0.22576211392879486,-2.2576210498809814,0.2315695732831955,2.723480701446533,2.7891483306884766,0.0003,0.0003,0.1
,,,,,35003,3.0,3,,,,,,,,
,,,,,35006,3.0,3,,,,,,,,
,,,,,35009,3.0,3,,,,,,,,
,,,,,35012,3.0,3,,,,,,,,
,,,,,35015,3.0,3,,,,,,,,
,,,,,35019,4.0,4,,,,,,,,
,,,,,35022,3.0,3,,,,,,,,
,,,,,35026,4.0,4,,,,,,,,
,,,,,35030,4.0,4,,,,,,,,
,,,,,35033,3.0,3,,,,,,,,
,,,,,35036,3.0,3,,,,,,,,
,,,,,35039,3.0,3,,,,,,,,
,,,,,35042,3.0,3,,,,,,,,
,,,,,35046,4.0,4,,,,,,,,
,,,,,35049,3.0,3,,,,,,,,
,,,,,35052,3.0,3,,,,,,,,
,,,,,35055,3.0,3,,,,,,,,
,,,,,35059,4.0,4,,,,,,,,
,,,,,35062,3.0,3,,,,,,,,
,,,,,35065,3.0,3,,,,,,,,
,,,,,35070,5.0,5,,,,,,,,
,,,,,35074,4.0,4,,,,,,,,
,,,,,35077,3.0,3,,,,,,,,
,,,,,35084,7.0,7,,,,,,,,
,,,,,35087,3.0,3,,,,,,,,
,,,,,35090,3.0,3,,,,,,,,
,,,,,35093,3.0,3,,,,,,,,
,,,,,35096,3.0,3,,,,,,,,
,,,,,35099,3.0,3,,,,,,,,
,,,,,35103,4.0,4,,,,,,,,
,,,,,35106,3.0,3,,,,,,,,
,,,,,35109,3.0,3,,,,,,,,
,,,,,35112,3.0,3,,,,,,,,
,,,,,35115,3.0,3,,,,,,,,
,,,,,35118,3.0,3,,,,,,,,
,,,,,35121,3.0,3,,,,,,,,
,,,,,35124,3.0,3,,,,,,,,
,,,,,35127,3.0,3,,,,,,,,
,,,,,35132,5.0,5,,,,,,,,
,,,,,35135,3.0,3,,,,,,,,
,,,,,35139,4.0,4,,,,,,,,
,,,,,35143,4.0,4,,,,,,,,
,,,,,35146,3.0,3,,,,,,,,
,,,,,35149,3.0,3,,,,,,,,
,,,,,35153,4.0,4,,,,,,,,
,,,,,35156,3.0,3,,,,,,,,
,,,,,35159,3.0,3,,,,,,,,
,,,,,35162,3.0,3,,,,,,,,
,,,,,35166,4.0,4,,,,,,,,
,,,,,35169,3.0,3,,,,,,,,
,,,,,35172,3.0,3,,,,,,,,
,,,,,35175,3.0,3,,,,,,,,
,,,,,35178,3.0,3,,,,,,,,
,,,,,35181,3.0,3,,,,,,,,
,,,,,35187,6.0,6,,,,,,,,
,,,,,35190,3.0,3,,,,,,,,
,,,,,35193,3.0,3,,,,,,,,
,,,,,35196,3.0,3,,,,,,,,
,,,,,35200,4.0,4,,,,,,,,
,,,,,35204,4.0,4,,,,,,,,
,,,,,35207,3.0,3,,,,,,,,
,,,,,35211,4.0,4,,,,,,,,
,,,,,35214,3.0,3,,,,,,,,
,,,,,35217,3.0,3,,,,,,,,
,,,,,35220,3.0,3,,,,,,,,
,,,,,35223,3.0,3,,,,,,,,
,,,,,35226,3.0,3,,,,,,,,
,,,,,35229,3.0,3,,,,,,,,
,,,,,35233,4.0,4,,,,,,,,
,,,,,35236,3.0,3,,,,,,,,
,,,,,35241,5.0,5,,,,,,,,
,,,,,35244,3.0,3,,,,,,,,
,,,,,35247,3.0,3,,,,,,,,
,,,,,35251,4.0,4,,,,,,,,
,,,,,35254,3.0,3,,,,,,,,
,,,,,35257,3.0,3,,,,,,,,
,,,,,35260,3.0,3,,,,,,,,
,,,,,35263,3.0,3,,,,,,,,
,,,,,35266,3.0,3,,,,,,,,
,,,,,35269,3.0,3,,,,,,,,
,,,,,35272,3.0,3,,,,,,,,
,,,,,35277,5.0,5,,,,,,,,
,,,,,35280,3.0,3,,,,,,,,
,,,,,35283,3.0,3,,,,,,,,
,,,,,35286,3.0,3,,,,,,,,
,,,,,35291,5.0,5,,,,,,,,
,,,,,35294,3.0,3,,,,,,,,
,,,,,35297,3.0,3,,,,,,,,
,,,,,35300,3.0,3,,,,,,,,
,,,,,35303,3.0,3,,,,,,,,
,,,,,35306,3.0,3,,,,,,,,
,,,,,35311,5.0,5,,,,,,,,
,,,,,35314,3.0,3,,,,,,,,
,,,,,35317,3.0,3,,,,,,,,
,,,,,35320,3.0,3,,,,,,,,
,,,,,35324,4.0,4,,,,,,,,
,,,,,35327,3.0,3,,,,,,,,
,,,,,35330,3.0,3,,,,,,,,
,,,,,35333,3.0,3,,,,,,,,
,,,,,35336,3.0,3,,,,,,,,
,,,,,35339,3.0,3,,,,,,,,
,,,,,35342,3.0,3,,,,,,,,
,,,,,35345,3.0,3,,,,,,,,
,,,,,35349,4.0,4,,,,,,,,
,,,,,35352,3.0,3,,,,,,,,
,,,,,35355,3.0,3,,,,,,,,
,,,,,35358,3.0,3,,,,,,,,
,,,,,35361,3.0,3,,,,,,,,
,,,,,35364,3.0,3,,,,,,,,
,,,,,35367,3.0,3,,,,,,,,
,,,,,35370,3.0,3,,,,,,,,
,,,,,35374,4.0,4,,,,,,,,
,,,,,35377,3.0,3,,,,,,,,
,,,,,35380,3.0,3,,,,,,,,
,,,,,35383,3.0,3,,,,,,,,
,,,,,35386,3.0,3,,,,,,,,
,,,,,35390,4.0,4,,,,,,,,
,,,,,35393,3.0,3,,,,,,,,
,,,,,35396,3.0,3,,,,,,,,
,,,,,35399,3.0,3,,,,,,,,
,,,,,35402,3.0,3,,,,,,,,
,,,,,35405,3.0,3,,,,,,,,
,,,,,35408,3.0,3,,,,,,,,
,,,,,35411,3.0,3,,,,,,,,
,,,,,35414,3.0,3,,,,,,,,
,,,,,35417,3.0,3,,,,,,,,
,,,,,35420,3.0,3,,,,,,,,
,,,,,35423,3.0,3,,,,,,,,
,,,,,35426,3.0,3,,,,,,,,
,,,,,35429,3.0,3,,,,,,,,
,,,,,35432,3.0,3,,,,,,,,
,,,,,35435,3.0,3,,,,,,,,
,,,,,35438,3.0,3,,,,,,,,
,,,,,35441,3.0,3,,,,,,,,
,,,,,35444,3.0,3,,,,,,,,
,,,,,35447,3.0,3,,,,,,,,
,,,,,35450,3.0,3,,,,,,,,
,,,,,35455,5.0,5,,,,,,,,
,,,,,35458,3.0,3,,,,,,,,
,,,,,35461,3.0,3,,,,,,,,
,,,,,35465,4.0,4,,,,,,,,
,,,,,35468,3.0,3,,,,,,,,
,,,,,35472,4.0,4,,,,,,,,
,,,,,35478,6.0,6,,,,,,,,
,,,,,35482,4.0,4,,,,,,,,
,,,,,35485,3.0,3,,,,,,,,
,,,,,35488,3.0,3,,,,,,,,
,,,,,35491,3.0,3,,,,,,,,
,,,,,35494,3.0,3,,,,,,,,
,,,,,35497,3.0,3,,,,,,,,
,,,,,35501,4.0,4,,,,,,,,
,,,,,35504,3.0,3,,,,,,,,
,,,,,35507,3.0,3,,,,,,,,
,,,,,35510,3.0,3,,,,,,,,
,,,,,35513,3.0,3,,,,,,,,
,,,,,35516,3.0,3,,,,,,,,
,,,,,35519,3.0,3,,,,,,,,
,,,,,35522,3.0,3,,,,,,,,
,,,,,35525,3.0,3,,,,,,,,
,,,,,35528,3.0,3,,,,,,,,
,,,,,35531,3.0,3,,,,,,,,
,,,,,35534,3.0,3,,,,,,,,
,,,,,35537,3.0,3,,,,,,,,
,,,,,35541,4.0,4,,,,,,,,
,,,,,35544,3.0,3,,,,,,,,
,,,,,35547,3.0,3,,,,,,,,
,,,,,35551,4.0,4,,,,,,,,
,,,,,35554,3.0,3,,,,,,,,
,,,,,35557,3.0,3,,,,,,,,
,,,,,35560,3.0,3,,,,,,,,
,,,,,35563,3.0,3,,,,,,,,
,,,,,35566,3.0,3,,,,,,,,
,,,,,35569,3.0,3,,,,,,,,
,,,,,35572,3.0,3,,,,,,,,
,,,,,35575,3.0,3,,,,,,,,
,,,,,35578,3.0,3,,,,,,,,
,,,,,35582,4.0,4,,,,,,,,
,,,,,35586,4.0,4,,,,,,,,
,,,,,35589,3.0,3,,,,,,,,
,,,,,35592,3.0,3,,,,,,,,
,,,,,35595,3.0,3,,,,,,,,
,,,,,35598,3.0,3,,,,,,,,
,,,,,35601,3.0,3,,,,,,,,
,,,,,35606,5.0,5,,,,,,,,
,,,,,35609,3.0,3,,,,,,,,
,,,,,35612,3.0,3,,,,,,,,
,,,,,35617,5.0,5,,,,,,,,
,,,,,35620,3.0,3,,,,,,,,
,,,,,35623,3.0,3,,,,,,,,
,,,,,35627,4.0,4,,,,,,,,
,,,,,35630,3.0,3,,,,,,,,
,,,,,35633,3.0,3,,,,,,,,
,,,,,35637,4.0,4,,,,,,,,
,,,,,35640,3.0,3,,,,,,,,
,,,,,35643,3.0,3,,,,,,,,
,,,,,35646,3.0,3,,,,,,,,
,,,,,35649,3.0,3,,,,,,,,
,,,,,35652,3.0,3,,,,,,,,
,,,,,35655,3.0,3,,,,,,,,
,,,,,35658,3.0,3,,,,,,,,
,,,,,35661,3.0,3,,,,,,,,
,,,,,35665,4.0,4,,,,,,,,
,,,,,35668,3.0,3,,,,,,,,
,,,,,35671,3.0,3,,,,,,,,
,,,,,35675,4.0,4,,,,,,,,
,,,,,35678,3.0,3,,,,,,,,
,,,,,35683,5.0,5,,,,,,,,
,,,,,35686,3.0,3,,,,,,,,
,,,,,35689,3.0,3,,,,,,,,
,,,,,35692,3.0,3,,,,,,,,
,,,,,35695,3.0,3,,,,,,,,
,,,,,35700,5.0,5,,,,,,,,
,,,,,35703,3.0,3,,,,,,,,
,,,,,35706,3.0,3,,,,,,,,
,,,,,35710,4.0,4,,,,,,,,
,,,,,35713,3.0,3,,,,,,,,
,,,,,35716,3.0,3,,,,,,,,
,,,,,35720,4.0,4,,,,,,,,
,,,,,35723,3.0,3,,,,,,,,
,,,,,35727,4.0,4,,,,,,,,
,,,,,35732,5.0,5,,,,,,,,
,,,,,35735,3.0,3,,,,,,,,
,,,,,35738,3.0,3,,,,,,,,
,,,,,35741,3.0,3,,,,,,,,
,,,,,35744,3.0,3,,,,,,,,
,,,,,35747,3.0,3,,,,,,,,
,,,,,35751,4.0,4,,,,,,,,
,,,,,35754,3.0,3,,,,,,,,
,,,,,35759,5.0,5,,,,,,,,
,,,,,35762,3.0,3,,,,,,,,
,,,,,35766,4.0,4,,,,,,,,
,,,,,35769,3.0,3,,,,,,,,
,,,,,35772,3.0,3,,,,,,,,
,,,,,35775,3.0,3,,,,,,,,
,,,,,35778,3.0,3,,,,,,,,
,,,,,35781,3.0,3,,,,,,,,
,,,,,35784,3.0,3,,,,,,,,
,,,,,35787,3.0,3,,,,,,,,
,,,,,35790,3.0,3,,,,,,,,
,,,,,35793,3.0,3,,,,,,,,
,,,,,35796,3.0,3,,,,,,,,
,,,,,35800,4.0,4,,,,,,,,
,,,,,35804,4.0,4,,,,,,,,
,,,,,35807,3.0,3,,,,,,,,
,,,,,35810,3.0,3,,,,,,,,
,,,,,35813,3.0,3,,,,,,,,
,,,,,35816,3.0,3,,,,,,,,
,,,,,35819,3.0,3,,,,,,,,
,,,,,35823,4.0,4,,,,,,,,
,,,,,35826,3.0,3,,,,,,,,
,,,,,35829,3.0,3,,,,,,,,
,,,,,35833,4.0,4,,,,,,,,
,,,,,35836,3.0,3,,,,,,,,
,,,,,35839,3.0,3,,,,,,,,
,,,,,35842,3.0,3,,,,,,,,
,,,,,35845,3.0,3,,,,,,,,
,,,,,35848,3.0,3,,,,,,,,
,,,,,35851,3.0,3,,,,,,,,
,,,,,35854,3.0,3,,,,,,,,
,,,,,35857,3.0,3,,,,,,,,
,,,,,35860,3.0,3,,,,,,,,
,,,,,35863,3.0,3,,,,,,,,
,,,,,35866,3.0,3,,,,,,,,
,,,,,35869,3.0,3,,,,,,,,
,,,,,35872,3.0,3,,,,,,,,
,,,,,35875,3.0,3,,,,,,,,
,,,,,35878,3.0,3,,,,,,,,
,,,,,35881,3.0,3,,,,,,,,
,,,,,35884,3.0,3,,,,,,,,
,,,,,35887,3.0,3,,,,,,,,
,,,,,35890,3.0,3,,,,,,,,
,,,,,35893,3.0,3,,,,,,,,
,,,,,35896,3.0,3,,,,,,,,
,,,,,35899,3.0,3,,,,,,,,
,,,,,35903,4.0,4,,,,,,,,
,,,,,35906,3.0,3,,,,,,,,
,,,,,35909,3.0,3,,,,,,,,
,,,,,35912,3.0,3,,,,,,,,
,,,,,35915,3.0,3,,,,,,,,
,,,,,35918,3.0,3,,,,,,,,
,,,,,35921,3.0,3,,,,,,,,
,,,,,35924,3.0,3,,,,,,,,
,,,,,35927,3.0,3,,,,,,,,
,,,,,35930,3.0,3,,,,,,,,
,,,,,35933,3.0,3,,,,,,,,
,,,,,35936,3.0,3,,,,,,,,
,,,,,35942,6.0,6,,,,,,,,
,,,,,35946,4.0,4,,,,,,,,
,,,,,35949,3.0,3,,,,,,,,
,,,,,35952,3.0,3,,,,,,,,
,,,,,35955,3.0,3,,,,,,,,
,,,,,35958,3.0,3,,,,,,,,
,,,,,35961,3.0,3,,,,,,,,
,,,,,35964,3.0,3,,,,,,,,
,,,,,35967,3.0,3,,,,,,,,
,,,,,35970,3.0,3,,,,,,,,
,,,,,35974,4.0,4,,,,,,,,
,,,,,35977,3.0,3,,,,,,,,
,,,,,35980,3.0,3,,,,,,,,
,,,,,35983,3.0,3,,,,,,,,
,,,,,35986,3.0,3,,,,,,,,
,,,,,35989,3.0,3,,,,,,,,
,,,,,35992,3.0,3,,,,,,,,
,,,,,35995,3.0,3,,,,,,,,
,,,,,35998,3.0,3,,,,,,,,
,,,,,36000,,,0.36502599716186523,-3.6502599716186523,0.0927313044667244,2.335385799407959,2.3152830600738525,0.0003,0.0003,0.1
,,,,,36001,3.0,3,,,,,,,,
,,,,,36004,3.0,3,,,,,,,,
,,,,,36007,3.0,3,,,,,,,,
,,,,,36010,3.0,3,,,,,,,,
,,,,,36013,3.0,3,,,,,,,,
,,,,,36016,3.0,3,,,,,,,,
,,,,,36020,4.0,4,,,,,,,,
,,,,,36023,3.0,3,,,,,,,,
,,,,,36026,3.0,3,,,,,,,,
,,,,,36029,3.0,3,,,,,,,,
,,,,,36032,3.0,3,,,,,,,,
,,,,,36035,3.0,3,,,,,,,,
,,,,,36038,3.0,3,,,,,,,,
,,,,,36041,3.0,3,,,,,,,,
,,,,,36044,3.0,3,,,,,,,,
,,,,,36047,3.0,3,,,,,,,,
,,,,,36050,3.0,3,,,,,,,,
,,,,,36053,3.0,3,,,,,,,,
,,,,,36056,3.0,3,,,,,,,,
,,,,,36059,3.0,3,,,,,,,,
,,,,,36062,3.0,3,,,,,,,,
,,,,,36065,3.0,3,,,,,,,,
,,,,,36068,3.0,3,,,,,,,,
,,,,,36071,3.0,3,,,,,,,,
,,,,,36074,3.0,3,,,,,,,,
,,,,,36077,3.0,3,,,,,,,,
,,,,,36080,3.0,3,,,,,,,,
,,,,,36083,3.0,3,,,,,,,,
,,,,,36086,3.0,3,,,,,,,,
,,,,,36089,3.0,3,,,,,,,,
,,,,,36094,5.0,5,,,,,,,,
,,,,,36097,3.0,3,,,,,,,,
,,,,,36100,3.0,3,,,,,,,,
,,,,,36107,7.0,7,,,,,,,,
,,,,,36111,4.0,4,,,,,,,,
,,,,,36114,3.0,3,,,,,,,,
,,,,,36117,3.0,3,,,,,,,,
,,,,,36120,3.0,3,,,,,,,,
,,,,,36125,5.0,5,,,,,,,,
,,,,,36129,4.0,4,,,,,,,,
,,,,,36133,4.0,4,,,,,,,,
,,,,,36137,4.0,4,,,,,,,,
,,,,,36140,3.0,3,,,,,,,,
,,,,,36143,3.0,3,,,,,,,,
,,,,,36146,3.0,3,,,,,,,,
,,,,,36149,3.0,3,,,,,,,,
,,,,,36153,4.0,4,,,,,,,,
,,,,,36158,5.0,5,,,,,,,,
,,,,,36161,3.0,3,,,,,,,,
,,,,,36164,3.0,3,,,,,,,,
,,,,,36167,3.0,3,,,,,,,,
,,,,,36170,3.0,3,,,,,,,,
,,,,,36173,3.0,3,,,,,,,,
,,,,,36176,3.0,3,,,,,,,,
,,,,,36179,3.0,3,,,,,,,,
,,,,,36182,3.0,3,,,,,,,,
,,,,,36186,4.0,4,,,,,,,,
,,,,,36189,3.0,3,,,,,,,,
,,,,,36192,3.0,3,,,,,,,,
,,,,,36195,3.0,3,,,,,,,,
,,,,,36199,4.0,4,,,,,,,,
,,,,,36202,3.0,3,,,,,,,,
,,,,,36207,5.0,5,,,,,,,,
,,,,,36211,4.0,4,,,,,,,,
,,,,,36214,3.0,3,,,,,,,,
,,,,,36218,4.0,4,,,,,,,,
,,,,,36221,3.0,3,,,,,,,,
,,,,,36224,3.0,3,,,,,,,,
,,,,,36227,3.0,3,,,,,,,,
,,,,,36230,3.0,3,,,,,,,,
,,,,,36233,3.0,3,,,,,,,,
,,,,,36236,3.0,3,,,,,,,,
,,,,,36239,3.0,3,,,,,,,,
,,,,,36242,3.0,3,,,,,,,,
,,,,,36245,3.0,3,,,,,,,,
,,,,,36248,3.0,3,,,,,,,,
,,,,,36251,3.0,3,,,,,,,,
,,,,,36254,3.0,3,,,,,,,,
,,,,,36257,3.0,3,,,,,,,,
,,,,,36260,3.0,3,,,,,,,,
,,,,,36263,3.0,3,,,,,,,,
,,,,,36266,3.0,3,,,,,,,,
,,,,,36270,4.0,4,,,,,,,,
,,,,,36273,3.0,3,,,,,,,,
,,,,,36276,3.0,3,,,,,,,,
,,,,,36279,3.0,3,,,,,,,,
,,,,,36282,3.0,3,,,,,,,,
,,,,,36285,3.0,3,,,,,,,,
,,,,,36288,3.0,3,,,,,,,,
,,,,,36291,3.0,3,,,,,,,,
,,,,,36294,3.0,3,,,,,,,,
,,,,,36297,3.0,3,,,,,,,,
,,,,,36303,6.0,6,,,,,,,,
,,,,,36306,3.0,3,,,,,,,,
,,,,,36309,3.0,3,,,,,,,,
,,,,,36312,3.0,3,,,,,,,,
,,,,,36317,5.0,5,,,,,,,,
,,,,,36320,3.0,3,,,,,,,,
,,,,,36323,3.0,3,,,,,,,,
,,,,,36326,3.0,3,,,,,,,,
,,,,,36329,3.0,3,,,,,,,,
,,,,,36333,4.0,4,,,,,,,,
,,,,,36336,3.0,3,,,,,,,,
,,,,,36339,3.0,3,,,,,,,,
,,,,,36342,3.0,3,,,,,,,,
,,,,,36345,3.0,3,,,,,,,,
,,,,,36348,3.0,3,,,,,,,,
,,,,,36351,3.0,3,,,,,,,,
,,,,,36356,5.0,5,,,,,,,,
,,,,,36361,5.0,5,,,,,,,,
,,,,,36364,3.0,3,,,,,,,,
,,,,,36367,3.0,3,,,,,,,,
,,,,,36370,3.0,3,,,,,,,,
,,,,,36373,3.0,3,,,,,,,,
,,,,,36378,5.0,5,,,,,,,,
,,,,,36381,3.0,3,,,,,,,,
,,,,,36384,3.0,3,,,,,,,,
,,,,,36388,4.0,4,,,,,,,,
,,,,,36391,3.0,3,,,,,,,,
,,,,,36394,3.0,3,,,,,,,,
,,,,,36398,4.0,4,,,,,,,,
,,,,,36402,4.0,4,,,,,,,,
,,,,,36405,3.0,3,,,,,,,,
,,,,,36408,3.0,3,,,,,,,,
,,,,,36411,3.0,3,,,,,,,,
,,,,,36414,3.0,3,,,,,,,,
,,,,,36417,3.0,3,,,,,,,,
,,,,,36420,3.0,3,,,,,,,,
,,,,,36423,3.0,3,,,,,,,,
,,,,,36426,3.0,3,,,,,,,,
,,,,,36429,3.0,3,,,,,,,,
,,,,,36432,3.0,3,,,,,,,,
,,,,,36436,4.0,4,,,,,,,,
,,,,,36439,3.0,3,,,,,,,,
,,,,,36442,3.0,3,,,,,,,,
,,,,,36446,4.0,4,,,,,,,,
,,,,,36449,3.0,3,,,,,,,,
,,,,,36452,3.0,3,,,,,,,,
,,,,,36455,3.0,3,,,,,,,,
,,,,,36459,4.0,4,,,,,,,,
,,,,,36462,3.0,3,,,,,,,,
,,,,,36465,3.0,3,,,,,,,,
,,,,,36468,3.0,3,,,,,,,,
,,,,,36471,3.0,3,,,,,,,,
,,,,,36474,3.0,3,,,,,,,,
,,,,,36477,3.0,3,,,,,,,,
,,,,,36480,3.0,3,,,,,,,,
,,,,,36484,4.0,4,,,,,,,,
,,,,,36487,3.0,3,,,,,,,,
,,,,,36490,3.0,3,,,,,,,,
,,,,,36493,3.0,3,,,,,,,,
,,,,,36496,3.0,3,,,,,,,,
,,,,,36499,3.0,3,,,,,,,,
,,,,,36502,3.0,3,,,,,,,,
,,,,,36505,3.0,3,,,,,,,,
,,,,,36508,3.0,3,,,,,,,,
,,,,,36514,6.0,6,,,,,,,,
,,,,,36517,3.0,3,,,,,,,,
,,,,,36520,3.0,3,,,,,,,,
,,,,,36523,3.0,3,,,,,,,,
,,,,,36526,3.0,3,,,,,,,,
,,,,,36532,6.0,6,,,,,,,,
,,,,,36536,4.0,4,,,,,,,,
,,,,,36539,3.0,3,,,,,,,,
,,,,,36544,5.0,5,,,,,,,,
,,,,,36547,3.0,3,,,,,,,,
,,,,,36550,3.0,3,,,,,,,,
,,,,,36553,3.0,3,,,,,,,,
,,,,,36557,4.0,4,,,,,,,,
,,,,,36561,4.0,4,,,,,,,,
,,,,,36564,3.0,3,,,,,,,,
,,,,,36570,6.0,6,,,,,,,,
,,,,,36573,3.0,3,,,,,,,,
,,,,,36576,3.0,3,,,,,,,,
,,,,,36579,3.0,3,,,,,,,,
,,,,,36582,3.0,3,,,,,,,,
,,,,,36585,3.0,3,,,,,,,,
,,,,,36589,4.0,4,,,,,,,,
,,,,,36592,3.0,3,,,,,,,,
,,,,,36595,3.0,3,,,,,,,,
,,,,,36598,3.0,3,,,,,,,,
,,,,,36601,3.0,3,,,,,,,,
,,,,,36604,3.0,3,,,,,,,,
,,,,,36607,3.0,3,,,,,,,,
,,,,,36610,3.0,3,,,,,,,,
,,,,,36613,3.0,3,,,,,,,,
,,,,,36618,5.0,5,,,,,,,,
,,,,,36621,3.0,3,,,,,,,,
,,,,,36624,3.0,3,,,,,,,,
,,,,,36627,3.0,3,,,,,,,,
,,,,,36630,3.0,3,,,,,,,,
,,,,,36633,3.0,3,,,,,,,,
,,,,,36636,3.0,3,,,,,,,,
,,,,,36639,3.0,3,,,,,,,,
,,,,,36642,3.0,3,,,,,,,,
,,,,,36645,3.0,3,,,,,,,,
,,,,,36649,4.0,4,,,,,,,,
,,,,,36653,4.0,4,,,,,,,,
,,,,,36657,4.0,4,,,,,,,,
,,,,,36660,3.0,3,,,,,,,,
,,,,,36668,8.0,8,,,,,,,,
,,,,,36671,3.0,3,,,,,,,,
,,,,,36674,3.0,3,,,,,,,,
,,,,,36677,3.0,3,,,,,,,,
,,,,,36680,3.0,3,,,,,,,,
,,,,,36683,3.0,3,,,,,,,,
,,,,,36686,3.0,3,,,,,,,,
,,,,,36689,3.0,3,,,,,,,,
,,,,,36692,3.0,3,,,,,,,,
,,,,,36695,3.0,3,,,,,,,,
,,,,,36698,3.0,3,,,,,,,,
,,,,,36701,3.0,3,,,,,,,,
,,,,,36704,3.0,3,,,,,,,,
,,,,,36707,3.0,3,,,,,,,,
,,,,,36710,3.0,3,,,,,,,,
,,,,,36713,3.0,3,,,,,,,,
,,,,,36716,3.0,3,,,,,,,,
,,,,,36719,3.0,3,,,,,,,,
,,,,,36722,3.0,3,,,,,,,,
,,,,,36725,3.0,3,,,,,,,,
,,,,,36730,5.0,5,,,,,,,,
,,,,,36733,3.0,3,,,,,,,,
,,,,,36736,3.0,3,,,,,,,,
,,,,,36739,3.0,3,,,,,,,,
,,,,,36742,3.0,3,,,,,,,,
,,,,,36745,3.0,3,,,,,,,,
,,,,,36748,3.0,3,,,,,,,,
,,,,,36751,3.0,3,,,,,,,,
,,,,,36754,3.0,3,,,,,,,,
,,,,,36758,4.0,4,,,,,,,,
,,,,,36761,3.0,3,,,,,,,,
,,,,,36764,3.0,3,,,,,,,,
,,,,,36767,3.0,3,,,,,,,,
,,,,,36770,3.0,3,,,,,,,,
,,,,,36773,3.0,3,,,,,,,,
,,,,,36776,3.0,3,,,,,,,,
,,,,,36781,5.0,5,,,,,,,,
,,,,,36784,3.0,3,,,,,,,,
,,,,,36788,4.0,4,,,,,,,,
,,,,,36791,3.0,3,,,,,,,,
,,,,,36794,3.0,3,,,,,,,,
,,,,,36797,3.0,3,,,,,,,,
,,,,,36800,3.0,3,,,,,,,,
,,,,,36804,4.0,4,,,,,,,,
,,,,,36808,4.0,4,,,,,,,,
,,,,,36811,3.0,3,,,,,,,,
,,,,,36816,5.0,5,,,,,,,,
,,,,,36819,3.0,3,,,,,,,,
,,,,,36822,3.0,3,,,,,,,,
,,,,,36825,3.0,3,,,,,,,,
,,,,,36828,3.0,3,,,,,,,,
,,,,,36831,3.0,3,,,,,,,,
,,,,,36834,3.0,3,,,,,,,,
,,,,,36837,3.0,3,,,,,,,,
,,,,,36840,3.0,3,,,,,,,,
,,,,,36846,6.0,6,,,,,,,,
,,,,,36850,4.0,4,,,,,,,,
,,,,,36853,3.0,3,,,,,,,,
,,,,,36856,3.0,3,,,,,,,,
,,,,,36859,3.0,3,,,,,,,,
,,,,,36863,4.0,4,,,,,,,,
,,,,,36868,5.0,5,,,,,,,,
,,,,,36871,3.0,3,,,,,,,,
,,,,,36874,3.0,3,,,,,,,,
,,,,,36877,3.0,3,,,,,,,,
,,,,,36880,3.0,3,,,,,,,,
,,,,,36883,3.0,3,,,,,,,,
,,,,,36886,3.0,3,,,,,,,,
,,,,,36889,3.0,3,,,,,,,,
,,,,,36894,5.0,5,,,,,,,,
,,,,,36897,3.0,3,,,,,,,,
,,,,,36900,3.0,3,,,,,,,,
,,,,,36903,3.0,3,,,,,,,,
,,,,,36906,3.0,3,,,,,,,,
,,,,,36909,3.0,3,,,,,,,,
,,,,,36913,4.0,4,,,,,,,,
,,,,,36916,3.0,3,,,,,,,,
,,,,,36920,4.0,4,,,,,,,,
,,,,,36923,3.0,3,,,,,,,,
,,,,,36926,3.0,3,,,,,,,,
,,,,,36929,3.0,3,,,,,,,,
,,,,,36932,3.0,3,,,,,,,,
,,,,,36935,3.0,3,,,,,,,,
,,,,,36938,3.0,3,,,,,,,,
,,,,,36941,3.0,3,,,,,,,,
,,,,,36944,3.0,3,,,,,,,,
,,,,,36947,3.0,3,,,,,,,,
,,,,,36950,3.0,3,,,,,,,,
,,,,,36954,4.0,4,,,,,,,,
,,,,,36957,3.0,3,,,,,,,,
,,,,,36960,3.0,3,,,,,,,,
,,,,,36963,3.0,3,,,,,,,,
,,,,,36966,3.0,3,,,,,,,,
,,,,,36969,3.0,3,,,,,,,,
,,,,,36972,3.0,3,,,,,,,,
,,,,,36975,3.0,3,,,,,,,,
,,,,,36979,4.0,4,,,,,,,,
,,,,,36982,3.0,3,,,,,,,,
,,,,,36985,3.0,3,,,,,,,,
,,,,,36988,3.0,3,,,,,,,,
,,,,,36992,4.0,4,,,,,,,,
,,,,,36995,3.0,3,,,,,,,,
,,,,,36999,4.0,4,,,,,,,,
,,,,,37000,,,0.43143293261528015,-4.314329147338867,0.14858967065811157,2.4355735778808594,2.4649477005004883,0.0003,0.0003,0.1
,,,,,37002,3.0,3,,,,,,,,
,,,,,37005,3.0,3,,,,,,,,
,,,,,37008,3.0,3,,,,,,,,
,,,,,37011,3.0,3,,,,,,,,
,,,,,37014,3.0,3,,,,,,,,
,,,,,37017,3.0,3,,,,,,,,
,,,,,37020,3.0,3,,,,,,,,
,,,,,37023,3.0,3,,,,,,,,
,,,,,37026,3.0,3,,,,,,,,
,,,,,37029,3.0,3,,,,,,,,
,,,,,37032,3.0,3,,,,,,,,
,,,,,37035,3.0,3,,,,,,,,
,,,,,37039,4.0,4,,,,,,,,
,,,,,37042,3.0,3,,,,,,,,
,,,,,37045,3.0,3,,,,,,,,
,,,,,37049,4.0,4,,,,,,,,
,,,,,37052,3.0,3,,,,,,,,
,,,,,37055,3.0,3,,,,,,,,
,,,,,37058,3.0,3,,,,,,,,
,,,,,37062,4.0,4,,,,,,,,
,,,,,37066,4.0,4,,,,,,,,
,,,,,37069,3.0,3,,,,,,,,
,,,,,37072,3.0,3,,,,,,,,
,,,,,37075,3.0,3,,,,,,,,
,,,,,37078,3.0,3,,,,,,,,
,,,,,37081,3.0,3,,,,,,,,
,,,,,37084,3.0,3,,,,,,,,
,,,,,37087,3.0,3,,,,,,,,
,,,,,37091,4.0,4,,,,,,,,
,,,,,37097,6.0,6,,,,,,,,
,,,,,37100,3.0,3,,,,,,,,
,,,,,37103,3.0,3,,,,,,,,
,,,,,37106,3.0,3,,,,,,,,
,,,,,37109,3.0,3,,,,,,,,
,,,,,37112,3.0,3,,,,,,,,
,,,,,37115,3.0,3,,,,,,,,
,,,,,37118,3.0,3,,,,,,,,
,,,,,37121,3.0,3,,,,,,,,
,,,,,37124,3.0,3,,,,,,,,
,,,,,37128,4.0,4,,,,,,,,
,,,,,37131,3.0,3,,,,,,,,
,,,,,37134,3.0,3,,,,,,,,
,,,,,37137,3.0,3,,,,,,,,
,,,,,37140,3.0,3,,,,,,,,
,,,,,37143,3.0,3,,,,,,,,
,,,,,37146,3.0,3,,,,,,,,
,,,,,37149,3.0,3,,,,,,,,
,,,,,37153,4.0,4,,,,,,,,
,,,,,37157,4.0,4,,,,,,,,
,,,,,37160,3.0,3,,,,,,,,
,,,,,37163,3.0,3,,,,,,,,
,,,,,37166,3.0,3,,,,,,,,
,,,,,37169,3.0,3,,,,,,,,
,,,,,37172,3.0,3,,,,,,,,
,,,,,37177,5.0,5,,,,,,,,
,,,,,37180,3.0,3,,,,,,,,
,,,,,37184,4.0,4,,,,,,,,
,,,,,37188,4.0,4,,,,,,,,
,,,,,37191,3.0,3,,,,,,,,
,,,,,37194,3.0,3,,,,,,,,
,,,,,37198,4.0,4,,,,,,,,
,,,,,37201,3.0,3,,,,,,,,
,,,,,37204,3.0,3,,,,,,,,
,,,,,37207,3.0,3,,,,,,,,
,,,,,37210,3.0,3,,,,,,,,
,,,,,37213,3.0,3,,,,,,,,
,,,,,37219,6.0,6,,,,,,,,
,,,,,37222,3.0,3,,,,,,,,
,,,,,37225,3.0,3,,,,,,,,
,,,,,37228,3.0,3,,,,,,,,
,,,,,37231,3.0,3,,,,,,,,
,,,,,37235,4.0,4,,,,,,,,
,,,,,37239,4.0,4,,,,,,,,
,,,,,37242,3.0,3,,,,,,,,
,,,,,37245,3.0,3,,,,,,,,
,,,,,37248,3.0,3,,,,,,,,
,,,,,37251,3.0,3,,,,,,,,
,,,,,37256,5.0,5,,,,,,,,
,,,,,37259,3.0,3,,,,,,,,
,,,,,37262,3.0,3,,,,,,,,
,,,,,37265,3.0,3,,,,,,,,
,,,,,37268,3.0,3,,,,,,,,
,,,,,37271,3.0,3,,,,,,,,
,,,,,37274,3.0,3,,,,,,,,
,,,,,37277,3.0,3,,,,,,,,
,,,,,37280,3.0,3,,,,,,,,
,,,,,37283,3.0,3,,,,,,,,
,,,,,37287,4.0,4,,,,,,,,
,,,,,37290,3.0,3,,,,,,,,
,,,,,37293,3.0,3,,,,,,,,
,,,,,37296,3.0,3,,,,,,,,
,,,,,37299,3.0,3,,,,,,,,
,,,,,37302,3.0,3,,,,,,,,
,,,,,37307,5.0,5,,,,,,,,
,,,,,37310,3.0,3,,,,,,,,
,,,,,37313,3.0,3,,,,,,,,
,,,,,37316,3.0,3,,,,,,,,
,,,,,37319,3.0,3,,,,,,,,
,,,,,37324,5.0,5,,,,,,,,
,,,,,37327,3.0,3,,,,,,,,
,,,,,37330,3.0,3,,,,,,,,
,,,,,37333,3.0,3,,,,,,,,
,,,,,37337,4.0,4,,,,,,,,
,,,,,37340,3.0,3,,,,,,,,
,,,,,37343,3.0,3,,,,,,,,
,,,,,37346,3.0,3,,,,,,,,
,,,,,37349,3.0,3,,,,,,,,
,,,,,37354,5.0,5,,,,,,,,
,,,,,37357,3.0,3,,,,,,,,
,,,,,37360,3.0,3,,,,,,,,
,,,,,37363,3.0,3,,,,,,,,
,,,,,37367,4.0,4,,,,,,,,
,,,,,37370,3.0,3,,,,,,,,
,,,,,37373,3.0,3,,,,,,,,
,,,,,37376,3.0,3,,,,,,,,
,,,,,37379,3.0,3,,,,,,,,
,,,,,37382,3.0,3,,,,,,,,
,,,,,37385,3.0,3,,,,,,,,
,,,,,37388,3.0,3,,,,,,,,
,,,,,37391,3.0,3,,,,,,,,
,,,,,37394,3.0,3,,,,,,,,
,,,,,37397,3.0,3,,,,,,,,
,,,,,37400,3.0,3,,,,,,,,
,,,,,37403,3.0,3,,,,,,,,
,,,,,37406,3.0,3,,,,,,,,
,,,,,37409,3.0,3,,,,,,,,
,,,,,37412,3.0,3,,,,,,,,
,,,,,37415,3.0,3,,,,,,,,
,,,,,37420,5.0,5,,,,,,,,
,,,,,37423,3.0,3,,,,,,,,
,,,,,37426,3.0,3,,,,,,,,
,,,,,37435,9.0,9,,,,,,,,
,,,,,37438,3.0,3,,,,,,,,
,,,,,37441,3.0,3,,,,,,,,
,,,,,37444,3.0,3,,,,,,,,
,,,,,37447,3.0,3,,,,,,,,
,,,,,37450,3.0,3,,,,,,,,
,,,,,37453,3.0,3,,,,,,,,
,,,,,37456,3.0,3,,,,,,,,
,,,,,37459,3.0,3,,,,,,,,
,,,,,37462,3.0,3,,,,,,,,
,,,,,37465,3.0,3,,,,,,,,
,,,,,37469,4.0,4,,,,,,,,
,,,,,37473,4.0,4,,,,,,,,
,,,,,37476,3.0,3,,,,,,,,
,,,,,37479,3.0,3,,,,,,,,
,,,,,37482,3.0,3,,,,,,,,
,,,,,37485,3.0,3,,,,,,,,
,,,,,37488,3.0,3,,,,,,,,
,,,,,37491,3.0,3,,,,,,,,
,,,,,37494,3.0,3,,,,,,,,
,,,,,37497,3.0,3,,,,,,,,
,,,,,37500,3.0,3,,,,,,,,
,,,,,37503,3.0,3,,,,,,,,
,,,,,37506,3.0,3,,,,,,,,
,,,,,37509,3.0,3,,,,,,,,
,,,,,37512,3.0,3,,,,,,,,
,,,,,37515,3.0,3,,,,,,,,
,,,,,37518,3.0,3,,,,,,,,
,,,,,37522,4.0,4,,,,,,,,
,,,,,37525,3.0,3,,,,,,,,
,,,,,37528,3.0,3,,,,,,,,
,,,,,37531,3.0,3,,,,,,,,
,,,,,37534,3.0,3,,,,,,,,
,,,,,37537,3.0,3,,,,,,,,
,,,,,37540,3.0,3,,,,,,,,
,,,,,37543,3.0,3,,,,,,,,
,,,,,37546,3.0,3,,,,,,,,
,,,,,37549,3.0,3,,,,,,,,
,,,,,37552,3.0,3,,,,,,,,
,,,,,37557,5.0,5,,,,,,,,
,,,,,37560,3.0,3,,,,,,,,
,,,,,37563,3.0,3,,,,,,,,
,,,,,37567,4.0,4,,,,,,,,
,,,,,37570,3.0,3,,,,,,,,
,,,,,37575,5.0,5,,,,,,,,
,,,,,37578,3.0,3,,,,,,,,
,,,,,37582,4.0,4,,,,,,,,
,,,,,37588,6.0,6,,,,,,,,
,,,,,37591,3.0,3,,,,,,,,
,,,,,37594,3.0,3,,,,,,,,
,,,,,37597,3.0,3,,,,,,,,
,,,,,37602,5.0,5,,,,,,,,
,,,,,37605,3.0,3,,,,,,,,
,,,,,37608,3.0,3,,,,,,,,
,,,,,37611,3.0,3,,,,,,,,
,,,,,37614,3.0,3,,,,,,,,
,,,,,37617,3.0,3,,,,,,,,
,,,,,37620,3.0,3,,,,,,,,
,,,,,37623,3.0,3,,,,,,,,
,,,,,37627,4.0,4,,,,,,,,
,,,,,37632,5.0,5,,,,,,,,
,,,,,37635,3.0,3,,,,,,,,
,,,,,37638,3.0,3,,,,,,,,
,,,,,37644,6.0,6,,,,,,,,
,,,,,37647,3.0,3,,,,,,,,
,,,,,37651,4.0,4,,,,,,,,
,,,,,37654,3.0,3,,,,,,,,
,,,,,37657,3.0,3,,,,,,,,
,,,,,37660,3.0,3,,,,,,,,
,,,,,37663,3.0,3,,,,,,,,
,,,,,37666,3.0,3,,,,,,,,
,,,,,37669,3.0,3,,,,,,,,
,,,,,37672,3.0,3,,,,,,,,
,,,,,37675,3.0,3,,,,,,,,
,,,,,37678,3.0,3,,,,,,,,
,,,,,37681,3.0,3,,,,,,,,
,,,,,37684,3.0,3,,,,,,,,
,,,,,37689,5.0,5,,,,,,,,
,,,,,37693,4.0,4,,,,,,,,
,,,,,37696,3.0,3,,,,,,,,
,,,,,37699,3.0,3,,,,,,,,
,,,,,37702,3.0,3,,,,,,,,
,,,,,37705,3.0,3,,,,,,,,
,,,,,37708,3.0,3,,,,,,,,
,,,,,37712,4.0,4,,,,,,,,
,,,,,37716,4.0,4,,,,,,,,
,,,,,37720,4.0,4,,,,,,,,
,,,,,37725,5.0,5,,,,,,,,
,,,,,37728,3.0,3,,,,,,,,
,,,,,37731,3.0,3,,,,,,,,
,,,,,37734,3.0,3,,,,,,,,
,,,,,37737,3.0,3,,,,,,,,
,,,,,37740,3.0,3,,,,,,,,
,,,,,37743,3.0,3,,,,,,,,
,,,,,37746,3.0,3,,,,,,,,
,,,,,37751,5.0,5,,,,,,,,
,,,,,37754,3.0,3,,,,,,,,
,,,,,37757,3.0,3,,,,,,,,
,,,,,37767,10.0,10,,,,,,,,
,,,,,37772,5.0,5,,,,,,,,
,,,,,37775,3.0,3,,,,,,,,
,,,,,37778,3.0,3,,,,,,,,
,,,,,37782,4.0,4,,,,,,,,
,,,,,37789,7.0,7,,,,,,,,
,,,,,37792,3.0,3,,,,,,,,
,,,,,37795,3.0,3,,,,,,,,
,,,,,37798,3.0,3,,,,,,,,
,,,,,37801,3.0,3,,,,,,,,
,,,,,37805,4.0,4,,,,,,,,
,,,,,37808,3.0,3,,,,,,,,
,,,,,37811,3.0,3,,,,,,,,
,,,,,37814,3.0,3,,,,,,,,
,,,,,37818,4.0,4,,,,,,,,
,,,,,37821,3.0,3,,,,,,,,
,,,,,37826,5.0,5,,,,,,,,
,,,,,37829,3.0,3,,,,,,,,
,,,,,37832,3.0,3,,,,,,,,
,,,,,37835,3.0,3,,,,,,,,
,,,,,37838,3.0,3,,,,,,,,
,,,,,37841,3.0,3,,,,,,,,
,,,,,37844,3.0,3,,,,,,,,
,,,,,37847,3.0,3,,,,,,,,
,,,,,37850,3.0,3,,,,,,,,
,,,,,37853,3.0,3,,,,,,,,
,,,,,37857,4.0,4,,,,,,,,
,,,,,37860,3.0,3,,,,,,,,
,,,,,37864,4.0,4,,,,,,,,
,,,,,37867,3.0,3,,,,,,,,
,,,,,37870,3.0,3,,,,,,,,
,,,,,37873,3.0,3,,,,,,,,
,,,,,37876,3.0,3,,,,,,,,
,,,,,37879,3.0,3,,,,,,,,
,,,,,37883,4.0,4,,,,,,,,
,,,,,37886,3.0,3,,,,,,,,
,,,,,37889,3.0,3,,,,,,,,
,,,,,37892,3.0,3,,,,,,,,
,,,,,37895,3.0,3,,,,,,,,
,,,,,37898,3.0,3,,,,,,,,
,,,,,37901,3.0,3,,,,,,,,
,,,,,37904,3.0,3,,,,,,,,
,,,,,37907,3.0,3,,,,,,,,
,,,,,37910,3.0,3,,,,,,,,
,,,,,37915,5.0,5,,,,,,,,
,,,,,37918,3.0,3,,,,,,,,
,,,,,37921,3.0,3,,,,,,,,
,,,,,37924,3.0,3,,,,,,,,
,,,,,37927,3.0,3,,,,,,,,
,,,,,37930,3.0,3,,,,,,,,
,,,,,37933,3.0,3,,,,,,,,
,,,,,37936,3.0,3,,,,,,,,
,,,,,37939,3.0,3,,,,,,,,
,,,,,37942,3.0,3,,,,,,,,
,,,,,37945,3.0,3,,,,,,,,
,,,,,37948,3.0,3,,,,,,,,
,,,,,37951,3.0,3,,,,,,,,
,,,,,37954,3.0,3,,,,,,,,
,,,,,37957,3.0,3,,,,,,,,
,,,,,37964,7.0,7,,,,,,,,
,,,,,37967,3.0,3,,,,,,,,
,,,,,37970,3.0,3,,,,,,,,
,,,,,37973,3.0,3,,,,,,,,
,,,,,37976,3.0,3,,,,,,,,
,,,,,37979,3.0,3,,,,,,,,
,,,,,37983,4.0,4,,,,,,,,
,,,,,37986,3.0,3,,,,,,,,
,,,,,37989,3.0,3,,,,,,,,
,,,,,37992,3.0,3,,,,,,,,
,,,,,37995,3.0,3,,,,,,,,
,,,,,37998,3.0,3,,,,,,,,
,,,,,38000,,,0.5174067616462708,-5.174067497253418,0.10587690770626068,2.0627050399780273,2.088825225830078,0.0003,0.0003,0.1
,,,,,38001,3.0,3,,,,,,,,
,,,,,38004,3.0,3,,,,,,,,
,,,,,38007,3.0,3,,,,,,,,
,,,,,38010,3.0,3,,,,,,,,
,,,,,38013,3.0,3,,,,,,,,
,,,,,38016,3.0,3,,,,,,,,
,,,,,38019,3.0,3,,,,,,,,
,,,,,38023,4.0,4,,,,,,,,
,,,,,38027,4.0,4,,,,,,,,
,,,,,38030,3.0,3,,,,,,,,
,,,,,38034,4.0,4,,,,,,,,
,,,,,38037,3.0,3,,,,,,,,
,,,,,38040,3.0,3,,,,,,,,
,,,,,38043,3.0,3,,,,,,,,
,,,,,38046,3.0,3,,,,,,,,
,,,,,38049,3.0,3,,,,,,,,
,,,,,38053,4.0,4,,,,,,,,
,,,,,38056,3.0,3,,,,,,,,
,,,,,38059,3.0,3,,,,,,,,
,,,,,38062,3.0,3,,,,,,,,
,,,,,38067,5.0,5,,,,,,,,
,,,,,38070,3.0,3,,,,,,,,
,,,,,38073,3.0,3,,,,,,,,
,,,,,38076,3.0,3,,,,,,,,
,,,,,38082,6.0,6,,,,,,,,
,,,,,38085,3.0,3,,,,,,,,
,,,,,38088,3.0,3,,,,,,,,
,,,,,38091,3.0,3,,,,,,,,
,,,,,38097,6.0,6,,,,,,,,
,,,,,38100,3.0,3,,,,,,,,
,,,,,38103,3.0,3,,,,,,,,
,,,,,38106,3.0,3,,,,,,,,
,,,,,38109,3.0,3,,,,,,,,
,,,,,38112,3.0,3,,,,,,,,
,,,,,38115,3.0,3,,,,,,,,
,,,,,38118,3.0,3,,,,,,,,
,,,,,38121,3.0,3,,,,,,,,
,,,,,38124,3.0,3,,,,,,,,
,,,,,38127,3.0,3,,,,,,,,
,,,,,38130,3.0,3,,,,,,,,
,,,,,38133,3.0,3,,,,,,,,
,,,,,38136,3.0,3,,,,,,,,
,,,,,38139,3.0,3,,,,,,,,
,,,,,38142,3.0,3,,,,,,,,
,,,,,38146,4.0,4,,,,,,,,
,,,,,38149,3.0,3,,,,,,,,
,,,,,38152,3.0,3,,,,,,,,
,,,,,38155,3.0,3,,,,,,,,
,,,,,38159,4.0,4,,,,,,,,
,,,,,38162,3.0,3,,,,,,,,
,,,,,38165,3.0,3,,,,,,,,
,,,,,38168,3.0,3,,,,,,,,
,,,,,38171,3.0,3,,,,,,,,
,,,,,38176,5.0,5,,,,,,,,
,,,,,38180,4.0,4,,,,,,,,
,,,,,38185,5.0,5,,,,,,,,
,,,,,38188,3.0,3,,,,,,,,
,,,,,38195,7.0,7,,,,,,,,
,,,,,38198,3.0,3,,,,,,,,
,,,,,38201,3.0,3,,,,,,,,
,,,,,38205,4.0,4,,,,,,,,
,,,,,38208,3.0,3,,,,,,,,
,,,,,38211,3.0,3,,,,,,,,
,,,,,38219,8.0,8,,,,,,,,
,,,,,38222,3.0,3,,,,,,,,
,,,,,38225,3.0,3,,,,,,,,
,,,,,38228,3.0,3,,,,,,,,
,,,,,38231,3.0,3,,,,,,,,
,,,,,38234,3.0,3,,,,,,,,
,,,,,38237,3.0,3,,,,,,,,
,,,,,38240,3.0,3,,,,,,,,
,,,,,38243,3.0,3,,,,,,,,
,,,,,38248,5.0,5,,,,,,,,
,,,,,38251,3.0,3,,,,,,,,
,,,,,38254,3.0,3,,,,,,,,
,,,,,38257,3.0,3,,,,,,,,
,,,,,38260,3.0,3,,,,,,,,
,,,,,38263,3.0,3,,,,,,,,
,,,,,38268,5.0,5,,,,,,,,
,,,,,38271,3.0,3,,,,,,,,
,,,,,38274,3.0,3,,,,,,,,
,,,,,38280,6.0,6,,,,,,,,
,,,,,38283,3.0,3,,,,,,,,
,,,,,38287,4.0,4,,,,,,,,
,,,,,38290,3.0,3,,,,,,,,
,,,,,38294,4.0,4,,,,,,,,
,,,,,38297,3.0,3,,,,,,,,
,,,,,38300,3.0,3,,,,,,,,
,,,,,38303,3.0,3,,,,,,,,
,,,,,38308,5.0,5,,,,,,,,
,,,,,38313,5.0,5,,,,,,,,
,,,,,38317,4.0,4,,,,,,,,
,,,,,38321,4.0,4,,,,,,,,
,,,,,38325,4.0,4,,,,,,,,
,,,,,38328,3.0,3,,,,,,,,
,,,,,38331,3.0,3,,,,,,,,
,,,,,38336,5.0,5,,,,,,,,
,,,,,38339,3.0,3,,,,,,,,
,,,,,38342,3.0,3,,,,,,,,
,,,,,38348,6.0,6,,,,,,,,
,,,,,38351,3.0,3,,,,,,,,
,,,,,38354,3.0,3,,,,,,,,
,,,,,38357,3.0,3,,,,,,,,
,,,,,38360,3.0,3,,,,,,,,
,,,,,38363,3.0,3,,,,,,,,
,,,,,38366,3.0,3,,,,,,,,
,,,,,38371,5.0,5,,,,,,,,
,,,,,38374,3.0,3,,,,,,,,
,,,,,38377,3.0,3,,,,,,,,
,,,,,38380,3.0,3,,,,,,,,
,,,,,38385,5.0,5,,,,,,,,
,,,,,38389,4.0,4,,,,,,,,
,,,,,38392,3.0,3,,,,,,,,
,,,,,38395,3.0,3,,,,,,,,
,,,,,38398,3.0,3,,,,,,,,
,,,,,38401,3.0,3,,,,,,,,
,,,,,38404,3.0,3,,,,,,,,
,,,,,38408,4.0,4,,,,,,,,
,,,,,38411,3.0,3,,,,,,,,
,,,,,38414,3.0,3,,,,,,,,
,,,,,38418,4.0,4,,,,,,,,
,,,,,38422,4.0,4,,,,,,,,
,,,,,38425,3.0,3,,,,,,,,
,,,,,38428,3.0,3,,,,,,,,
,,,,,38434,6.0,6,,,,,,,,
,,,,,38437,3.0,3,,,,,,,,
,,,,,38440,3.0,3,,,,,,,,
,,,,,38443,3.0,3,,,,,,,,
,,,,,38448,5.0,5,,,,,,,,
,,,,,38451,3.0,3,,,,,,,,
,,,,,38454,3.0,3,,,,,,,,
,,,,,38457,3.0,3,,,,,,,,
,,,,,38460,3.0,3,,,,,,,,
,,,,,38464,4.0,4,,,,,,,,
,,,,,38467,3.0,3,,,,,,,,
,,,,,38470,3.0,3,,,,,,,,
,,,,,38473,3.0,3,,,,,,,,
,,,,,38476,3.0,3,,,,,,,,
,,,,,38479,3.0,3,,,,,,,,
,,,,,38482,3.0,3,,,,,,,,
,,,,,38485,3.0,3,,,,,,,,
,,,,,38488,3.0,3,,,,,,,,
,,,,,38491,3.0,3,,,,,,,,
,,,,,38494,3.0,3,,,,,,,,
,,,,,38497,3.0,3,,,,,,,,
,,,,,38500,3.0,3,,,,,,,,
,,,,,38503,3.0,3,,,,,,,,
,,,,,38509,6.0,6,,,,,,,,
,,,,,38512,3.0,3,,,,,,,,
,,,,,38515,3.0,3,,,,,,,,
,,,,,38518,3.0,3,,,,,,,,
,,,,,38521,3.0,3,,,,,,,,
,,,,,38524,3.0,3,,,,,,,,
,,,,,38527,3.0,3,,,,,,,,
,,,,,38533,6.0,6,,,,,,,,
,,,,,38536,3.0,3,,,,,,,,
,,,,,38539,3.0,3,,,,,,,,
,,,,,38546,7.0,7,,,,,,,,
,,,,,38549,3.0,3,,,,,,,,
,,,,,38552,3.0,3,,,,,,,,
,,,,,38555,3.0,3,,,,,,,,
,,,,,38560,5.0,5,,,,,,,,
,,,,,38563,3.0,3,,,,,,,,
,,,,,38566,3.0,3,,,,,,,,
,,,,,38569,3.0,3,,,,,,,,
,,,,,38573,4.0,4,,,,,,,,
,,,,,38576,3.0,3,,,,,,,,
,,,,,38583,7.0,7,,,,,,,,
,,,,,38586,3.0,3,,,,,,,,
,,,,,38589,3.0,3,,,,,,,,
,,,,,38592,3.0,3,,,,,,,,
,,,,,38595,3.0,3,,,,,,,,
,,,,,38598,3.0,3,,,,,,,,
,,,,,38601,3.0,3,,,,,,,,
,,,,,38604,3.0,3,,,,,,,,
,,,,,38607,3.0,3,,,,,,,,
,,,,,38610,3.0,3,,,,,,,,
,,,,,38615,5.0,5,,,,,,,,
,,,,,38620,5.0,5,,,,,,,,
,,,,,38623,3.0,3,,,,,,,,
,,,,,38633,10.0,10,,,,,,,,
,,,,,38636,3.0,3,,,,,,,,
,,,,,38639,3.0,3,,,,,,,,
,,,,,38643,4.0,4,,,,,,,,
,,,,,38647,4.0,4,,,,,,,,
,,,,,38654,7.0,7,,,,,,,,
,,,,,38657,3.0,3,,,,,,,,
,,,,,38660,3.0,3,,,,,,,,
,,,,,38663,3.0,3,,,,,,,,
,,,,,38671,8.0,8,,,,,,,,
,,,,,38676,5.0,5,,,,,,,,
,,,,,38679,3.0,3,,,,,,,,
,,,,,38683,4.0,4,,,,,,,,
,,,,,38686,3.0,3,,,,,,,,
,,,,,38689,3.0,3,,,,,,,,
,,,,,38693,4.0,4,,,,,,,,
,,,,,38696,3.0,3,,,,,,,,
,,,,,38702,6.0,6,,,,,,,,
,,,,,38705,3.0,3,,,,,,,,
,,,,,38709,4.0,4,,,,,,,,
,,,,,38712,3.0,3,,,,,,,,
,,,,,38716,4.0,4,,,,,,,,
,,,,,38719,3.0,3,,,,,,,,
,,,,,38722,3.0,3,,,,,,,,
,,,,,38725,3.0,3,,,,,,,,
,,,,,38728,3.0,3,,,,,,,,
,,,,,38731,3.0,3,,,,,,,,
,,,,,38734,3.0,3,,,,,,,,
,,,,,38737,3.0,3,,,,,,,,
,,,,,38740,3.0,3,,,,,,,,
,,,,,38743,3.0,3,,,,,,,,
,,,,,38748,5.0,5,,,,,,,,
,,,,,38751,3.0,3,,,,,,,,
,,,,,38754,3.0,3,,,,,,,,
,,,,,38758,4.0,4,,,,,,,,
,,,,,38761,3.0,3,,,,,,,,
,,,,,38764,3.0,3,,,,,,,,
,,,,,38768,4.0,4,,,,,,,,
,,,,,38771,3.0,3,,,,,,,,
,,,,,38779,8.0,8,,,,,,,,
,,,,,38782,3.0,3,,,,,,,,
,,,,,38785,3.0,3,,,,,,,,
,,,,,38788,3.0,3,,,,,,,,
,,,,,38791,3.0,3,,,,,,,,
,,,,,38794,3.0,3,,,,,,,,
,,,,,38797,3.0,3,,,,,,,,
,,,,,38800,3.0,3,,,,,,,,
,,,,,38803,3.0,3,,,,,,,,
,,,,,38807,4.0,4,,,,,,,,
,,,,,38817,10.0,10,,,,,,,,
,,,,,38820,3.0,3,,,,,,,,
,,,,,38824,4.0,4,,,,,,,,
,,,,,38829,5.0,5,,,,,,,,
,,,,,38832,3.0,3,,,,,,,,
,,,,,38838,6.0,6,,,,,,,,
,,,,,38841,3.0,3,,,,,,,,
,,,,,38844,3.0,3,,,,,,,,
,,,,,38848,4.0,4,,,,,,,,
,,,,,38852,4.0,4,,,,,,,,
,,,,,38858,6.0,6,,,,,,,,
,,,,,38861,3.0,3,,,,,,,,
,,,,,38865,4.0,4,,,,,,,,
,,,,,38870,5.0,5,,,,,,,,
,,,,,38873,3.0,3,,,,,,,,
,,,,,38876,3.0,3,,,,,,,,
,,,,,38879,3.0,3,,,,,,,,
,,,,,38887,8.0,8,,,,,,,,
,,,,,38890,3.0,3,,,,,,,,
,,,,,38893,3.0,3,,,,,,,,
,,,,,38896,3.0,3,,,,,,,,
,,,,,38899,3.0,3,,,,,,,,
,,,,,38902,3.0,3,,,,,,,,
,,,,,38905,3.0,3,,,,,,,,
,,,,,38912,7.0,7,,,,,,,,
,,,,,38921,9.0,9,,,,,,,,
,,,,,38931,10.0,10,,,,,,,,
,,,,,38934,3.0,3,,,,,,,,
,,,,,38937,3.0,3,,,,,,,,
,,,,,38941,4.0,4,,,,,,,,
,,,,,38946,5.0,5,,,,,,,,
,,,,,38951,5.0,5,,,,,,,,
,,,,,38958,7.0,7,,,,,,,,
,,,,,38963,5.0,5,,,,,,,,
,,,,,38966,3.0,3,,,,,,,,
,,,,,38969,3.0,3,,,,,,,,
,,,,,38972,3.0,3,,,,,,,,
,,,,,38975,3.0,3,,,,,,,,
,,,,,38979,4.0,4,,,,,,,,
,,,,,38994,15.0,15,,,,,,,,
,,,,,38997,3.0,3,,,,,,,,
,,,,,39000,3.0,3,,,,,,,,
,,,,,39000,,,0.5019865036010742,-5.019865036010742,0.11759671568870544,2.13427472114563,2.1219043731689453,0.0003,0.0003,0.1
,,,,,39003,3.0,3,,,,,,,,
,,,,,39006,3.0,3,,,,,,,,
,,,,,39010,4.0,4,,,,,,,,
,,,,,39014,4.0,4,,,,,,,,
,,,,,39017,3.0,3,,,,,,,,
,,,,,39021,4.0,4,,,,,,,,
,,,,,39025,4.0,4,,,,,,,,
,,,,,39028,3.0,3,,,,,,,,
,,,,,39031,3.0,3,,,,,,,,
,,,,,39034,3.0,3,,,,,,,,
,,,,,39037,3.0,3,,,,,,,,
,,,,,39042,5.0,5,,,,,,,,
,,,,,39046,4.0,4,,,,,,,,
,,,,,39049,3.0,3,,,,,,,,
,,,,,39052,3.0,3,,,,,,,,
,,,,,39055,3.0,3,,,,,,,,
,,,,,39059,4.0,4,,,,,,,,
,,,,,39062,3.0,3,,,,,,,,
,,,,,39065,3.0,3,,,,,,,,
,,,,,39068,3.0,3,,,,,,,,
,,,,,39072,4.0,4,,,,,,,,
,,,,,39075,3.0,3,,,,,,,,
,,,,,39078,3.0,3,,,,,,,,
,,,,,39081,3.0,3,,,,,,,,
,,,,,39084,3.0,3,,,,,,,,
,,,,,39089,5.0,5,,,,,,,,
,,,,,39094,5.0,5,,,,,,,,
,,,,,39097,3.0,3,,,,,,,,
,,,,,39103,6.0,6,,,,,,,,
,,,,,39107,4.0,4,,,,,,,,
,,,,,39112,5.0,5,,,,,,,,
,,,,,39115,3.0,3,,,,,,,,
,,,,,39118,3.0,3,,,,,,,,
,,,,,39121,3.0,3,,,,,,,,
,,,,,39124,3.0,3,,,,,,,,
,,,,,39129,5.0,5,,,,,,,,
,,,,,39132,3.0,3,,,,,,,,
,,,,,39135,3.0,3,,,,,,,,
,,,,,39138,3.0,3,,,,,,,,
,,,,,39141,3.0,3,,,,,,,,
,,,,,39150,9.0,9,,,,,,,,
,,,,,39155,5.0,5,,,,,,,,
,,,,,39161,6.0,6,,,,,,,,
,,,,,39164,3.0,3,,,,,,,,
,,,,,39167,3.0,3,,,,,,,,
,,,,,39170,3.0,3,,,,,,,,
,,,,,39173,3.0,3,,,,,,,,
,,,,,39176,3.0,3,,,,,,,,
,,,,,39179,3.0,3,,,,,,,,
,,,,,39184,5.0,5,,,,,,,,
,,,,,39187,3.0,3,,,,,,,,
,,,,,39190,3.0,3,,,,,,,,
,,,,,39193,3.0,3,,,,,,,,
,,,,,39197,4.0,4,,,,,,,,
,,,,,39200,3.0,3,,,,,,,,
,,,,,39203,3.0,3,,,,,,,,
,,,,,39208,5.0,5,,,,,,,,
,,,,,39214,6.0,6,,,,,,,,
,,,,,39217,3.0,3,,,,,,,,
,,,,,39220,3.0,3,,,,,,,,
,,,,,39223,3.0,3,,,,,,,,
,,,,,39226,3.0,3,,,,,,,,
,,,,,39229,3.0,3,,,,,,,,
,,,,,39232,3.0,3,,,,,,,,
,,,,,39238,6.0,6,,,,,,,,
,,,,,39241,3.0,3,,,,,,,,
,,,,,39244,3.0,3,,,,,,,,
,,,,,39247,3.0,3,,,,,,,,
,,,,,39250,3.0,3,,,,,,,,
,,,,,39253,3.0,3,,,,,,,,
,,,,,39258,5.0,5,,,,,,,,
,,,,,39261,3.0,3,,,,,,,,
,,,,,39265,4.0,4,,,,,,,,
,,,,,39268,3.0,3,,,,,,,,
,,,,,39272,4.0,4,,,,,,,,
,,,,,39276,4.0,4,,,,,,,,
,,,,,39279,3.0,3,,,,,,,,
,,,,,39282,3.0,3,,,,,,,,
,,,,,39285,3.0,3,,,,,,,,
,,,,,39288,3.0,3,,,,,,,,
,,,,,39291,3.0,3,,,,,,,,
,,,,,39294,3.0,3,,,,,,,,
,,,,,39297,3.0,3,,,,,,,,
,,,,,39300,3.0,3,,,,,,,,
,,,,,39303,3.0,3,,,,,,,,
,,,,,39306,3.0,3,,,,,,,,
,,,,,39309,3.0,3,,,,,,,,
,,,,,39313,4.0,4,,,,,,,,
,,,,,39316,3.0,3,,,,,,,,
,,,,,39319,3.0,3,,,,,,,,
,,,,,39322,3.0,3,,,,,,,,
,,,,,39325,3.0,3,,,,,,,,
,,,,,39331,6.0,6,,,,,,,,
,,,,,39334,3.0,3,,,,,,,,
,,,,,39337,3.0,3,,,,,,,,
,,,,,39340,3.0,3,,,,,,,,
,,,,,39343,3.0,3,,,,,,,,
,,,,,39346,3.0,3,,,,,,,,
,,,,,39349,3.0,3,,,,,,,,
,,,,,39352,3.0,3,,,,,,,,
,,,,,39356,4.0,4,,,,,,,,
,,,,,39359,3.0,3,,,,,,,,
,,,,,39362,3.0,3,,,,,,,,
,,,,,39365,3.0,3,,,,,,,,
,,,,,39368,3.0,3,,,,,,,,
,,,,,39371,3.0,3,,,,,,,,
,,,,,39374,3.0,3,,,,,,,,
,,,,,39377,3.0,3,,,,,,,,
,,,,,39380,3.0,3,,,,,,,,
,,,,,39383,3.0,3,,,,,,,,
,,,,,39386,3.0,3,,,,,,,,
,,,,,39389,3.0,3,,,,,,,,
,,,,,39392,3.0,3,,,,,,,,
,,,,,39396,4.0,4,,,,,,,,
,,,,,39403,7.0,7,,,,,,,,
,,,,,39406,3.0,3,,,,,,,,
,,,,,39409,3.0,3,,,,,,,,
,,,,,39412,3.0,3,,,,,,,,
,,,,,39417,5.0,5,,,,,,,,
,,,,,39420,3.0,3,,,,,,,,
,,,,,39423,3.0,3,,,,,,,,
,,,,,39426,3.0,3,,,,,,,,
,,,,,39430,4.0,4,,,,,,,,
,,,,,39434,4.0,4,,,,,,,,
,,,,,39437,3.0,3,,,,,,,,
,,,,,39440,3.0,3,,,,,,,,
,,,,,39443,3.0,3,,,,,,,,
,,,,,39446,3.0,3,,,,,,,,
,,,,,39452,6.0,6,,,,,,,,
,,,,,39456,4.0,4,,,,,,,,
,,,,,39459,3.0,3,,,,,,,,
,,,,,39462,3.0,3,,,,,,,,
,,,,,39465,3.0,3,,,,,,,,
,,,,,39469,4.0,4,,,,,,,,
,,,,,39472,3.0,3,,,,,,,,
,,,,,39475,3.0,3,,,,,,,,
,,,,,39478,3.0,3,,,,,,,,
,,,,,39481,3.0,3,,,,,,,,
,,,,,39484,3.0,3,,,,,,,,
,,,,,39487,3.0,3,,,,,,,,
,,,,,39491,4.0,4,,,,,,,,
,,,,,39494,3.0,3,,,,,,,,
,,,,,39499,5.0,5,,,,,,,,
,,,,,39502,3.0,3,,,,,,,,
,,,,,39505,3.0,3,,,,,,,,
,,,,,39508,3.0,3,,,,,,,,
,,,,,39511,3.0,3,,,,,,,,
,,,,,39514,3.0,3,,,,,,,,
,,,,,39517,3.0,3,,,,,,,,
,,,,,39520,3.0,3,,,,,,,,
,,,,,39523,3.0,3,,,,,,,,
,,,,,39528,5.0,5,,,,,,,,
,,,,,39532,4.0,4,,,,,,,,
,,,,,39535,3.0,3,,,,,,,,
,,,,,39538,3.0,3,,,,,,,,
,,,,,39541,3.0,3,,,,,,,,
,,,,,39545,4.0,4,,,,,,,,
,,,,,39548,3.0,3,,,,,,,,
,,,,,39551,3.0,3,,,,,,,,
,,,,,39555,4.0,4,,,,,,,,
,,,,,39558,3.0,3,,,,,,,,
,,,,,39563,5.0,5,,,,,,,,
,,,,,39566,3.0,3,,,,,,,,
,,,,,39569,3.0,3,,,,,,,,
,,,,,39572,3.0,3,,,,,,,,
,,,,,39575,3.0,3,,,,,,,,
,,,,,39578,3.0,3,,,,,,,,
,,,,,39581,3.0,3,,,,,,,,
,,,,,39584,3.0,3,,,,,,,,
,,,,,39588,4.0,4,,,,,,,,
,,,,,39591,3.0,3,,,,,,,,
,,,,,39594,3.0,3,,,,,,,,
,,,,,39597,3.0,3,,,,,,,,
,,,,,39601,4.0,4,,,,,,,,
,,,,,39605,4.0,4,,,,,,,,
,,,,,39608,3.0,3,,,,,,,,
,,,,,39613,5.0,5,,,,,,,,
,,,,,39616,3.0,3,,,,,,,,
,,,,,39619,3.0,3,,,,,,,,
,,,,,39622,3.0,3,,,,,,,,
,,,,,39625,3.0,3,,,,,,,,
,,,,,39632,7.0,7,,,,,,,,
,,,,,39635,3.0,3,,,,,,,,
,,,,,39639,4.0,4,,,,,,,,
,,,,,39643,4.0,4,,,,,,,,
,,,,,39646,3.0,3,,,,,,,,
,,,,,39649,3.0,3,,,,,,,,
,,,,,39652,3.0,3,,,,,,,,
,,,,,39655,3.0,3,,,,,,,,
,,,,,39658,3.0,3,,,,,,,,
,,,,,39661,3.0,3,,,,,,,,
,,,,,39664,3.0,3,,,,,,,,
,,,,,39669,5.0,5,,,,,,,,
,,,,,39672,3.0,3,,,,,,,,
,,,,,39675,3.0,3,,,,,,,,
,,,,,39680,5.0,5,,,,,,,,
,,,,,39683,3.0,3,,,,,,,,
,,,,,39686,3.0,3,,,,,,,,
,,,,,39689,3.0,3,,,,,,,,
,,,,,39692,3.0,3,,,,,,,,
,,,,,39695,3.0,3,,,,,,,,
,,,,,39698,3.0,3,,,,,,,,
,,,,,39701,3.0,3,,,,,,,,
,,,,,39704,3.0,3,,,,,,,,
,,,,,39707,3.0,3,,,,,,,,
,,,,,39710,3.0,3,,,,,,,,
,,,,,39713,3.0,3,,,,,,,,
,,,,,39717,4.0,4,,,,,,,,
,,,,,39720,3.0,3,,,,,,,,
,,,,,39723,3.0,3,,,,,,,,
,,,,,39728,5.0,5,,,,,,,,
,,,,,39733,5.0,5,,,,,,,,
,,,,,39736,3.0,3,,,,,,,,
,,,,,39739,3.0,3,,,,,,,,
,,,,,39742,3.0,3,,,,,,,,
,,,,,39746,4.0,4,,,,,,,,
,,,,,39751,5.0,5,,,,,,,,
,,,,,39754,3.0,3,,,,,,,,
,,,,,39757,3.0,3,,,,,,,,
,,,,,39760,3.0,3,,,,,,,,
,,,,,39763,3.0,3,,,,,,,,
,,,,,39766,3.0,3,,,,,,,,
,,,,,39770,4.0,4,,,,,,,,
,,,,,39775,5.0,5,,,,,,,,
,,,,,39780,5.0,5,,,,,,,,
,,,,,39784,4.0,4,,,,,,,,
,,,,,39787,3.0,3,,,,,,,,
,,,,,39794,7.0,7,,,,,,,,
,,,,,39797,3.0,3,,,,,,,,
,,,,,39800,3.0,3,,,,,,,,
,,,,,39806,6.0,6,,,,,,,,
,,,,,39811,5.0,5,,,,,,,,
,,,,,39814,3.0,3,,,,,,,,
,,,,,39817,3.0,3,,,,,,,,
,,,,,39820,3.0,3,,,,,,,,
,,,,,39823,3.0,3,,,,,,,,
,,,,,39826,3.0,3,,,,,,,,
,,,,,39829,3.0,3,,,,,,,,
,,,,,39832,3.0,3,,,,,,,,
,,,,,39837,5.0,5,,,,,,,,
,,,,,39840,3.0,3,,,,,,,,
,,,,,39843,3.0,3,,,,,,,,
,,,,,39846,3.0,3,,,,,,,,
,,,,,39852,6.0,6,,,,,,,,
,,,,,39855,3.0,3,,,,,,,,
,,,,,39860,5.0,5,,,,,,,,
,,,,,39863,3.0,3,,,,,,,,
,,,,,39867,4.0,4,,,,,,,,
,,,,,39871,4.0,4,,,,,,,,
,,,,,39874,3.0,3,,,,,,,,
,,,,,39878,4.0,4,,,,,,,,
,,,,,39885,7.0,7,,,,,,,,
,,,,,39890,5.0,5,,,,,,,,
,,,,,39893,3.0,3,,,,,,,,
,,,,,39896,3.0,3,,,,,,,,
,,,,,39899,3.0,3,,,,,,,,
,,,,,39902,3.0,3,,,,,,,,
,,,,,39906,4.0,4,,,,,,,,
,,,,,39910,4.0,4,,,,,,,,
,,,,,39913,3.0,3,,,,,,,,
,,,,,39917,4.0,4,,,,,,,,
,,,,,39920,3.0,3,,,,,,,,
,,,,,39926,6.0,6,,,,,,,,
,,,,,39929,3.0,3,,,,,,,,
,,,,,39932,3.0,3,,,,,,,,
,,,,,39935,3.0,3,,,,,,,,
,,,,,39938,3.0,3,,,,,,,,
,,,,,39941,3.0,3,,,,,,,,
,,,,,39944,3.0,3,,,,,,,,
,,,,,39948,4.0,4,,,,,,,,
,,,,,39951,3.0,3,,,,,,,,
,,,,,39954,3.0,3,,,,,,,,
,,,,,39957,3.0,3,,,,,,,,
,,,,,39962,5.0,5,,,,,,,,
,,,,,39965,3.0,3,,,,,,,,
,,,,,39968,3.0,3,,,,,,,,
,,,,,39971,3.0,3,,,,,,,,
,,,,,39974,3.0,3,,,,,,,,
,,,,,39978,4.0,4,,,,,,,,
,,,,,39981,3.0,3,,,,,,,,
,,,,,39986,5.0,5,,,,,,,,
,,,,,39991,5.0,5,,,,,,,,
,,,,,39994,3.0,3,,,,,,,,
,,,,,40000,6.0,6,,,,,,,,
3.0,0.0,3.0,3.0,3.0,40000,,,0.4639280438423157,-4.639280319213867,0.1735699474811554,2.1044063568115234,2.213717460632324,0.0003,0.0003,0.1
,,,,,40003,3.0,3,,,,,,,,
,,,,,40006,3.0,3,,,,,,,,
,,,,,40011,5.0,5,,,,,,,,
,,,,,40016,5.0,5,,,,,,,,
,,,,,40021,5.0,5,,,,,,,,
,,,,,40024,3.0,3,,,,,,,,
,,,,,40027,3.0,3,,,,,,,,
,,,,,40030,3.0,3,,,,,,,,
,,,,,40033,3.0,3,,,,,,,,
,,,,,40036,3.0,3,,,,,,,,
,,,,,40039,3.0,3,,,,,,,,
,,,,,40042,3.0,3,,,,,,,,
,,,,,40046,4.0,4,,,,,,,,
,,,,,40049,3.0,3,,,,,,,,
,,,,,40053,4.0,4,,,,,,,,
,,,,,40056,3.0,3,,,,,,,,
,,,,,40061,5.0,5,,,,,,,,
,,,,,40064,3.0,3,,,,,,,,
,,,,,40067,3.0,3,,,,,,,,
,,,,,40070,3.0,3,,,,,,,,
,,,,,40074,4.0,4,,,,,,,,
,,,,,40077,3.0,3,,,,,,,,
,,,,,40080,3.0,3,,,,,,,,
,,,,,40083,3.0,3,,,,,,,,
,,,,,40086,3.0,3,,,,,,,,
,,,,,40089,3.0,3,,,,,,,,
,,,,,40092,3.0,3,,,,,,,,
,,,,,40095,3.0,3,,,,,,,,
,,,,,40098,3.0,3,,,,,,,,
,,,,,40103,5.0,5,,,,,,,,
,,,,,40106,3.0,3,,,,,,,,
,,,,,40109,3.0,3,,,,,,,,
,,,,,40115,6.0,6,,,,,,,,
,,,,,40118,3.0,3,,,,,,,,
,,,,,40121,3.0,3,,,,,,,,
,,,,,40125,4.0,4,,,,,,,,
,,,,,40128,3.0,3,,,,,,,,
,,,,,40131,3.0,3,,,,,,,,
,,,,,40134,3.0,3,,,,,,,,
,,,,,40137,3.0,3,,,,,,,,
,,,,,40140,3.0,3,,,,,,,,
,,,,,40143,3.0,3,,,,,,,,
,,,,,40146,3.0,3,,,,,,,,
,,,,,40149,3.0,3,,,,,,,,
,,,,,40152,3.0,3,,,,,,,,
,,,,,40155,3.0,3,,,,,,,,
,,,,,40158,3.0,3,,,,,,,,
,,,,,40161,3.0,3,,,,,,,,
,,,,,40164,3.0,3,,,,,,,,
,,,,,40168,4.0,4,,,,,,,,
,,,,,40174,6.0,6,,,,,,,,
,,,,,40177,3.0,3,,,,,,,,
,,,,,40181,4.0,4,,,,,,,,
,,,,,40184,3.0,3,,,,,,,,
,,,,,40187,3.0,3,,,,,,,,
,,,,,40193,6.0,6,,,,,,,,
,,,,,40196,3.0,3,,,,,,,,
,,,,,40200,4.0,4,,,,,,,,
,,,,,40205,5.0,5,,,,,,,,
,,,,,40208,3.0,3,,,,,,,,
,,,,,40211,3.0,3,,,,,,,,
,,,,,40220,9.0,9,,,,,,,,
,,,,,40223,3.0,3,,,,,,,,
,,,,,40226,3.0,3,,,,,,,,
,,,,,40229,3.0,3,,,,,,,,
,,,,,40232,3.0,3,,,,,,,,
,,,,,40235,3.0,3,,,,,,,,
,,,,,40238,3.0,3,,,,,,,,
,,,,,40242,4.0,4,,,,,,,,
,,,,,40246,4.0,4,,,,,,,,
,,,,,40249,3.0,3,,,,,,,,
,,,,,40252,3.0,3,,,,,,,,
,,,,,40256,4.0,4,,,,,,,,
,,,,,40259,3.0,3,,,,,,,,
,,,,,40264,5.0,5,,,,,,,,
,,,,,40269,5.0,5,,,,,,,,
,,,,,40272,3.0,3,,,,,,,,
,,,,,40275,3.0,3,,,,,,,,
,,,,,40278,3.0,3,,,,,,,,
,,,,,40283,5.0,5,,,,,,,,
,,,,,40289,6.0,6,,,,,,,,
,,,,,40293,4.0,4,,,,,,,,
,,,,,40296,3.0,3,,,,,,,,
,,,,,40301,5.0,5,,,,,,,,
,,,,,40304,3.0,3,,,,,,,,
,,,,,40307,3.0,3,,,,,,,,
,,,,,40311,4.0,4,,,,,,,,
,,,,,40314,3.0,3,,,,,,,,
,,,,,40317,3.0,3,,,,,,,,
,,,,,40320,3.0,3,,,,,,,,
,,,,,40328,8.0,8,,,,,,,,
,,,,,40331,3.0,3,,,,,,,,
,,,,,40334,3.0,3,,,,,,,,
,,,,,40337,3.0,3,,,,,,,,
,,,,,40340,3.0,3,,,,,,,,
,,,,,40343,3.0,3,,,,,,,,
,,,,,40346,3.0,3,,,,,,,,
,,,,,40349,3.0,3,,,,,,,,
,,,,,40352,3.0,3,,,,,,,,
,,,,,40357,5.0,5,,,,,,,,
,,,,,40360,3.0,3,,,,,,,,
,,,,,40364,4.0,4,,,,,,,,
,,,,,40369,5.0,5,,,,,,,,
,,,,,40373,4.0,4,,,,,,,,
,,,,,40376,3.0,3,,,,,,,,
,,,,,40381,5.0,5,,,,,,,,
,,,,,40387,6.0,6,,,,,,,,
,,,,,40390,3.0,3,,,,,,,,
,,,,,40398,8.0,8,,,,,,,,
,,,,,40401,3.0,3,,,,,,,,
,,,,,40404,3.0,3,,,,,,,,
,,,,,40407,3.0,3,,,,,,,,
,,,,,40410,3.0,3,,,,,,,,
,,,,,40413,3.0,3,,,,,,,,
,,,,,40416,3.0,3,,,,,,,,
,,,,,40419,3.0,3,,,,,,,,
,,,,,40425,6.0,6,,,,,,,,
,,,,,40429,4.0,4,,,,,,,,
,,,,,40433,4.0,4,,,,,,,,
,,,,,40437,4.0,4,,,,,,,,
,,,,,40446,9.0,9,,,,,,,,
,,,,,40453,7.0,7,,,,,,,,
,,,,,40456,3.0,3,,,,,,,,
,,,,,40460,4.0,4,,,,,,,,
,,,,,40464,4.0,4,,,,,,,,
,,,,,40467,3.0,3,,,,,,,,
,,,,,40475,8.0,8,,,,,,,,
,,,,,40479,4.0,4,,,,,,,,
,,,,,40482,3.0,3,,,,,,,,
,,,,,40486,4.0,4,,,,,,,,
,,,,,40491,5.0,5,,,,,,,,
,,,,,40494,3.0,3,,,,,,,,
,,,,,40498,4.0,4,,,,,,,,
,,,,,40501,3.0,3,,,,,,,,
,,,,,40504,3.0,3,,,,,,,,
,,,,,40507,3.0,3,,,,,,,,
,,,,,40510,3.0,3,,,,,,,,
,,,,,40513,3.0,3,,,,,,,,
,,,,,40516,3.0,3,,,,,,,,
,,,,,40519,3.0,3,,,,,,,,
,,,,,40522,3.0,3,,,,,,,,
,,,,,40525,3.0,3,,,,,,,,
,,,,,40529,4.0,4,,,,,,,,
,,,,,40537,8.0,8,,,,,,,,
,,,,,40543,6.0,6,,,,,,,,
,,,,,40546,3.0,3,,,,,,,,
,,,,,40551,5.0,5,,,,,,,,
,,,,,40554,3.0,3,,,,,,,,
,,,,,40558,4.0,4,,,,,,,,
,,,,,40561,3.0,3,,,,,,,,
,,,,,40564,3.0,3,,,,,,,,
,,,,,40567,3.0,3,,,,,,,,
,,,,,40570,3.0,3,,,,,,,,
,,,,,40574,4.0,4,,,,,,,,
,,,,,40582,8.0,8,,,,,,,,
,,,,,40589,7.0,7,,,,,,,,
,,,,,40593,4.0,4,,,,,,,,
,,,,,40597,4.0,4,,,,,,,,
,,,,,40607,10.0,10,,,,,,,,
,,,,,40610,3.0,3,,,,,,,,
,,,,,40613,3.0,3,,,,,,,,
,,,,,40616,3.0,3,,,,,,,,
,,,,,40625,9.0,9,,,,,,,,
,,,,,40628,3.0,3,,,,,,,,
,,,,,40633,5.0,5,,,,,,,,
,,,,,40636,3.0,3,,,,,,,,
,,,,,40639,3.0,3,,,,,,,,
,,,,,40642,3.0,3,,,,,,,,
,,,,,40645,3.0,3,,,,,,,,
,,,,,40648,3.0,3,,,,,,,,
,,,,,40653,5.0,5,,,,,,,,
,,,,,40656,3.0,3,,,,,,,,
,,,,,40663,7.0,7,,,,,,,,
,,,,,40670,7.0,7,,,,,,,,
,,,,,40674,4.0,4,,,,,,,,
,,,,,40678,4.0,4,,,,,,,,
,,,,,40681,3.0,3,,,,,,,,
,,,,,40685,4.0,4,,,,,,,,
,,,,,40688,3.0,3,,,,,,,,
,,,,,40691,3.0,3,,,,,,,,
,,,,,40694,3.0,3,,,,,,,,
,,,,,40697,3.0,3,,,,,,,,
,,,,,40704,7.0,7,,,,,,,,
,,,,,40707,3.0,3,,,,,,,,
,,,,,40710,3.0,3,,,,,,,,
,,,,,40715,5.0,5,,,,,,,,
,,,,,40718,3.0,3,,,,,,,,
,,,,,40721,3.0,3,,,,,,,,
,,,,,40724,3.0,3,,,,,,,,
,,,,,40727,3.0,3,,,,,,,,
,,,,,40730,3.0,3,,,,,,,,
,,,,,40733,3.0,3,,,,,,,,
,,,,,40737,4.0,4,,,,,,,,
,,,,,40741,4.0,4,,,,,,,,
,,,,,40745,4.0,4,,,,,,,,
,,,,,40752,7.0,7,,,,,,,,
,,,,,40755,3.0,3,,,,,,,,
,,,,,40759,4.0,4,,,,,,,,
,,,,,40763,4.0,4,,,,,,,,
,,,,,40766,3.0,3,,,,,,,,
,,,,,40769,3.0,3,,,,,,,,
,,,,,40772,3.0,3,,,,,,,,
,,,,,40775,3.0,3,,,,,,,,
,,,,,40778,3.0,3,,,,,,,,
,,,,,40781,3.0,3,,,,,,,,
,,,,,40784,3.0,3,,,,,,,,
,,,,,40787,3.0,3,,,,,,,,
,,,,,40790,3.0,3,,,,,,,,
,,,,,40794,4.0,4,,,,,,,,
,,,,,40797,3.0,3,,,,,,,,
,,,,,40800,3.0,3,,,,,,,,
,,,,,40803,3.0,3,,,,,,,,
,,,,,40806,3.0,3,,,,,,,,
,,,,,40814,8.0,8,,,,,,,,
,,,,,40819,5.0,5,,,,,,,,
,,,,,40822,3.0,3,,,,,,,,
,,,,,40827,5.0,5,,,,,,,,
,,,,,40834,7.0,7,,,,,,,,
,,,,,40839,5.0,5,,,,,,,,
,,,,,40842,3.0,3,,,,,,,,
,,,,,40847,5.0,5,,,,,,,,
,,,,,40850,3.0,3,,,,,,,,
,,,,,40853,3.0,3,,,,,,,,
,,,,,40856,3.0,3,,,,,,,,
,,,,,40859,3.0,3,,,,,,,,
,,,,,40862,3.0,3,,,,,,,,
,,,,,40868,6.0,6,,,,,,,,
,,,,,40871,3.0,3,,,,,,,,
,,,,,40877,6.0,6,,,,,,,,
,,,,,40880,3.0,3,,,,,,,,
,,,,,40883,3.0,3,,,,,,,,
,,,,,40886,3.0,3,,,,,,,,
,,,,,40889,3.0,3,,,,,,,,
,,,,,40892,3.0,3,,,,,,,,
,,,,,40895,3.0,3,,,,,,,,
,,,,,40899,4.0,4,,,,,,,,
,,,,,40902,3.0,3,,,,,,,,
,,,,,40905,3.0,3,,,,,,,,
,,,,,40910,5.0,5,,,,,,,,
,,,,,40916,6.0,6,,,,,,,,
,,,,,40919,3.0,3,,,,,,,,
,,,,,40922,3.0,3,,,,,,,,
,,,,,40925,3.0,3,,,,,,,,
,,,,,40928,3.0,3,,,,,,,,
,,,,,40931,3.0,3,,,,,,,,
,,,,,40934,3.0,3,,,,,,,,
,,,,,40943,9.0,9,,,,,,,,
,,,,,40946,3.0,3,,,,,,,,
,,,,,40949,3.0,3,,,,,,,,
,,,,,40954,5.0,5,,,,,,,,
,,,,,40959,5.0,5,,,,,,,,
,,,,,40967,8.0,8,,,,,,,,
,,,,,40970,3.0,3,,,,,,,,
,,,,,40975,5.0,5,,,,,,,,
,,,,,40978,3.0,3,,,,,,,,
,,,,,40983,5.0,5,,,,,,,,
,,,,,40986,3.0,3,,,,,,,,
,,,,,40990,4.0,4,,,,,,,,
,,,,,40993,3.0,3,,,,,,,,
,,,,,40996,3.0,3,,,,,,,,
,,,,,40999,3.0,3,,,,,,,,
,,,,,41000,,,0.4890540540218353,-4.890540599822998,0.11862547695636749,2.111067771911621,2.0763332843780518,0.0003,0.0003,0.1
,,,,,41002,3.0,3,,,,,,,,
,,,,,41005,3.0,3,,,,,,,,
,,,,,41008,3.0,3,,,,,,,,
,,,,,41011,3.0,3,,,,,,,,
,,,,,41016,5.0,5,,,,,,,,
,,,,,41020,4.0,4,,,,,,,,
,,,,,41023,3.0,3,,,,,,,,
,,,,,41026,3.0,3,,,,,,,,
,,,,,41029,3.0,3,,,,,,,,
,,,,,41032,3.0,3,,,,,,,,
,,,,,41035,3.0,3,,,,,,,,
,,,,,41038,3.0,3,,,,,,,,
,,,,,41041,3.0,3,,,,,,,,
,,,,,41048,7.0,7,,,,,,,,
,,,,,41054,6.0,6,,,,,,,,
,,,,,41057,3.0,3,,,,,,,,
,,,,,41061,4.0,4,,,,,,,,
,,,,,41064,3.0,3,,,,,,,,
,,,,,41067,3.0,3,,,,,,,,
,,,,,41070,3.0,3,,,,,,,,
,,,,,41073,3.0,3,,,,,,,,
,,,,,41076,3.0,3,,,,,,,,
,,,,,41081,5.0,5,,,,,,,,
,,,,,41085,4.0,4,,,,,,,,
,,,,,41091,6.0,6,,,,,,,,
,,,,,41094,3.0,3,,,,,,,,
,,,,,41097,3.0,3,,,,,,,,
,,,,,41100,3.0,3,,,,,,,,
,,,,,41103,3.0,3,,,,,,,,
,,,,,41106,3.0,3,,,,,,,,
,,,,,41110,4.0,4,,,,,,,,
,,,,,41113,3.0,3,,,,,,,,
,,,,,41116,3.0,3,,,,,,,,
,,,,,41119,3.0,3,,,,,,,,
,,,,,41122,3.0,3,,,,,,,,
,,,,,41127,5.0,5,,,,,,,,
,,,,,41130,3.0,3,,,,,,,,
,,,,,41135,5.0,5,,,,,,,,
,,,,,41138,3.0,3,,,,,,,,
,,,,,41142,4.0,4,,,,,,,,
,,,,,41146,4.0,4,,,,,,,,
,,,,,41149,3.0,3,,,,,,,,
,,,,,41152,3.0,3,,,,,,,,
,,,,,41155,3.0,3,,,,,,,,
,,,,,41162,7.0,7,,,,,,,,
,,,,,41165,3.0,3,,,,,,,,
,,,,,41168,3.0,3,,,,,,,,
,,,,,41171,3.0,3,,,,,,,,
,,,,,41176,5.0,5,,,,,,,,
,,,,,41180,4.0,4,,,,,,,,
,,,,,41183,3.0,3,,,,,,,,
,,,,,41186,3.0,3,,,,,,,,
,,,,,41189,3.0,3,,,,,,,,
,,,,,41192,3.0,3,,,,,,,,
,,,,,41195,3.0,3,,,,,,,,
,,,,,41198,3.0,3,,,,,,,,
,,,,,41201,3.0,3,,,,,,,,
,,,,,41204,3.0,3,,,,,,,,
,,,,,41211,7.0,7,,,,,,,,
,,,,,41214,3.0,3,,,,,,,,
,,,,,41217,3.0,3,,,,,,,,
,,,,,41220,3.0,3,,,,,,,,
,,,,,41223,3.0,3,,,,,,,,
,,,,,41226,3.0,3,,,,,,,,
,,,,,41229,3.0,3,,,,,,,,
,,,,,41232,3.0,3,,,,,,,,
,,,,,41235,3.0,3,,,,,,,,
,,,,,41238,3.0,3,,,,,,,,
,,,,,41241,3.0,3,,,,,,,,
,,,,,41244,3.0,3,,,,,,,,
,,,,,41247,3.0,3,,,,,,,,
,,,,,41250,3.0,3,,,,,,,,
,,,,,41253,3.0,3,,,,,,,,
,,,,,41256,3.0,3,,,,,,,,
,,,,,41259,3.0,3,,,,,,,,
,,,,,41262,3.0,3,,,,,,,,
,,,,,41265,3.0,3,,,,,,,,
,,,,,41268,3.0,3,,,,,,,,
,,,,,41272,4.0,4,,,,,,,,
,,,,,41275,3.0,3,,,,,,,,
,,,,,41278,3.0,3,,,,,,,,
,,,,,41281,3.0,3,,,,,,,,
,,,,,41284,3.0,3,,,,,,,,
,,,,,41287,3.0,3,,,,,,,,
,,,,,41290,3.0,3,,,,,,,,
,,,,,41293,3.0,3,,,,,,,,
,,,,,41296,3.0,3,,,,,,,,
,,,,,41299,3.0,3,,,,,,,,
,,,,,41302,3.0,3,,,,,,,,
,,,,,41305,3.0,3,,,,,,,,
,,,,,41308,3.0,3,,,,,,,,
,,,,,41313,5.0,5,,,,,,,,
,,,,,41319,6.0,6,,,,,,,,
,,,,,41323,4.0,4,,,,,,,,
,,,,,41330,7.0,7,,,,,,,,
,,,,,41333,3.0,3,,,,,,,,
,,,,,41336,3.0,3,,,,,,,,
,,,,,41341,5.0,5,,,,,,,,
,,,,,41344,3.0,3,,,,,,,,
,,,,,41347,3.0,3,,,,,,,,
,,,,,41350,3.0,3,,,,,,,,
,,,,,41353,3.0,3,,,,,,,,
,,,,,41357,4.0,4,,,,,,,,
,,,,,41364,7.0,7,,,,,,,,
,,,,,41369,5.0,5,,,,,,,,
,,,,,41375,6.0,6,,,,,,,,
,,,,,41379,4.0,4,,,,,,,,
,,,,,41382,3.0,3,,,,,,,,
,,,,,41387,5.0,5,,,,,,,,
,,,,,41390,3.0,3,,,,,,,,
,,,,,41393,3.0,3,,,,,,,,
,,,,,41396,3.0,3,,,,,,,,
,,,,,41399,3.0,3,,,,,,,,
,,,,,41402,3.0,3,,,,,,,,
,,,,,41405,3.0,3,,,,,,,,
,,,,,41408,3.0,3,,,,,,,,
,,,,,41411,3.0,3,,,,,,,,
,,,,,41414,3.0,3,,,,,,,,
,,,,,41419,5.0,5,,,,,,,,
,,,,,41423,4.0,4,,,,,,,,
,,,,,41426,3.0,3,,,,,,,,
,,,,,41430,4.0,4,,,,,,,,
,,,,,41435,5.0,5,,,,,,,,
,,,,,41438,3.0,3,,,,,,,,
,,,,,41441,3.0,3,,,,,,,,
,,,,,41444,3.0,3,,,,,,,,
,,,,,41447,3.0,3,,,,,,,,
,,,,,41450,3.0,3,,,,,,,,
,,,,,41455,5.0,5,,,,,,,,
,,,,,41458,3.0,3,,,,,,,,
,,,,,41461,3.0,3,,,,,,,,
,,,,,41464,3.0,3,,,,,,,,
,,,,,41467,3.0,3,,,,,,,,
,,,,,41473,6.0,6,,,,,,,,
,,,,,41476,3.0,3,,,,,,,,
,,,,,41479,3.0,3,,,,,,,,
,,,,,41482,3.0,3,,,,,,,,
,,,,,41485,3.0,3,,,,,,,,
,,,,,41489,4.0,4,,,,,,,,
,,,,,41492,3.0,3,,,,,,,,
,,,,,41495,3.0,3,,,,,,,,
,,,,,41499,4.0,4,,,,,,,,
,,,,,41505,6.0,6,,,,,,,,
,,,,,41508,3.0,3,,,,,,,,
,,,,,41511,3.0,3,,,,,,,,
,,,,,41514,3.0,3,,,,,,,,
,,,,,41517,3.0,3,,,,,,,,
,,,,,41520,3.0,3,,,,,,,,
,,,,,41525,5.0,5,,,,,,,,
,,,,,41528,3.0,3,,,,,,,,
,,,,,41531,3.0,3,,,,,,,,
,,,,,41535,4.0,4,,,,,,,,
,,,,,41542,7.0,7,,,,,,,,
,,,,,41545,3.0,3,,,,,,,,
,,,,,41550,5.0,5,,,,,,,,
,,,,,41556,6.0,6,,,,,,,,
,,,,,41559,3.0,3,,,,,,,,
,,,,,41562,3.0,3,,,,,,,,
,,,,,41565,3.0,3,,,,,,,,
,,,,,41568,3.0,3,,,,,,,,
,,,,,41571,3.0,3,,,,,,,,
,,,,,41577,6.0,6,,,,,,,,
,,,,,41580,3.0,3,,,,,,,,
,,,,,41583,3.0,3,,,,,,,,
,,,,,41586,3.0,3,,,,,,,,
,,,,,41589,3.0,3,,,,,,,,
,,,,,41592,3.0,3,,,,,,,,
,,,,,41596,4.0,4,,,,,,,,
,,,,,41599,3.0,3,,,,,,,,
,,,,,41602,3.0,3,,,,,,,,
,,,,,41605,3.0,3,,,,,,,,
,,,,,41608,3.0,3,,,,,,,,
,,,,,41613,5.0,5,,,,,,,,
,,,,,41616,3.0,3,,,,,,,,
,,,,,41619,3.0,3,,,,,,,,
,,,,,41622,3.0,3,,,,,,,,
,,,,,41625,3.0,3,,,,,,,,
,,,,,41628,3.0,3,,,,,,,,
,,,,,41631,3.0,3,,,,,,,,
,,,,,41634,3.0,3,,,,,,,,
,,,,,41638,4.0,4,,,,,,,,
,,,,,41641,3.0,3,,,,,,,,
,,,,,41644,3.0,3,,,,,,,,
,,,,,41647,3.0,3,,,,,,,,
,,,,,41650,3.0,3,,,,,,,,
,,,,,41658,8.0,8,,,,,,,,
,,,,,41661,3.0,3,,,,,,,,
,,,,,41665,4.0,4,,,,,,,,
,,,,,41672,7.0,7,,,,,,,,
,,,,,41675,3.0,3,,,,,,,,
,,,,,41680,5.0,5,,,,,,,,
,,,,,41683,3.0,3,,,,,,,,
,,,,,41686,3.0,3,,,,,,,,
,,,,,41692,6.0,6,,,,,,,,
,,,,,41695,3.0,3,,,,,,,,
,,,,,41698,3.0,3,,,,,,,,
,,,,,41701,3.0,3,,,,,,,,
,,,,,41704,3.0,3,,,,,,,,
,,,,,41707,3.0,3,,,,,,,,
,,,,,41710,3.0,3,,,,,,,,
,,,,,41714,4.0,4,,,,,,,,
,,,,,41717,3.0,3,,,,,,,,
,,,,,41720,3.0,3,,,,,,,,
,,,,,41723,3.0,3,,,,,,,,
,,,,,41726,3.0,3,,,,,,,,
,,,,,41729,3.0,3,,,,,,,,
,,,,,41732,3.0,3,,,,,,,,
,,,,,41735,3.0,3,,,,,,,,
,,,,,41738,3.0,3,,,,,,,,
,,,,,41747,9.0,9,,,,,,,,
,,,,,41752,5.0,5,,,,,,,,
,,,,,41756,4.0,4,,,,,,,,
,,,,,41760,4.0,4,,,,,,,,
,,,,,41763,3.0,3,,,,,,,,
,,,,,41767,4.0,4,,,,,,,,
,,,,,41770,3.0,3,,,,,,,,
,,,,,41773,3.0,3,,,,,,,,
,,,,,41776,3.0,3,,,,,,,,
,,,,,41781,5.0,5,,,,,,,,
,,,,,41784,3.0,3,,,,,,,,
,,,,,41787,3.0,3,,,,,,,,
,,,,,41790,3.0,3,,,,,,,,
,,,,,41793,3.0,3,,,,,,,,
,,,,,41798,5.0,5,,,,,,,,
,,,,,41801,3.0,3,,,,,,,,
,,,,,41804,3.0,3,,,,,,,,
,,,,,41807,3.0,3,,,,,,,,
,,,,,41812,5.0,5,,,,,,,,
,,,,,41815,3.0,3,,,,,,,,
,,,,,41818,3.0,3,,,,,,,,
,,,,,41821,3.0,3,,,,,,,,
,,,,,41824,3.0,3,,,,,,,,
,,,,,41830,6.0,6,,,,,,,,
,,,,,41833,3.0,3,,,,,,,,
,,,,,41837,4.0,4,,,,,,,,
,,,,,41840,3.0,3,,,,,,,,
,,,,,41843,3.0,3,,,,,,,,
,,,,,41846,3.0,3,,,,,,,,
,,,,,41849,3.0,3,,,,,,,,
,,,,,41852,3.0,3,,,,,,,,
,,,,,41857,5.0,5,,,,,,,,
,,,,,41860,3.0,3,,,,,,,,
,,,,,41863,3.0,3,,,,,,,,
,,,,,41866,3.0,3,,,,,,,,
,,,,,41869,3.0,3,,,,,,,,
,,,,,41872,3.0,3,,,,,,,,
,,,,,41877,5.0,5,,,,,,,,
,,,,,41881,4.0,4,,,,,,,,
,,,,,41887,6.0,6,,,,,,,,
,,,,,41890,3.0,3,,,,,,,,
,,,,,41893,3.0,3,,,,,,,,
,,,,,41896,3.0,3,,,,,,,,
,,,,,41899,3.0,3,,,,,,,,
,,,,,41902,3.0,3,,,,,,,,
,,,,,41905,3.0,3,,,,,,,,
,,,,,41908,3.0,3,,,,,,,,
,,,,,41911,3.0,3,,,,,,,,
,,,,,41914,3.0,3,,,,,,,,
,,,,,41917,3.0,3,,,,,,,,
,,,,,41920,3.0,3,,,,,,,,
,,,,,41923,3.0,3,,,,,,,,
,,,,,41926,3.0,3,,,,,,,,
,,,,,41929,3.0,3,,,,,,,,
,,,,,41932,3.0,3,,,,,,,,
,,,,,41935,3.0,3,,,,,,,,
,,,,,41938,3.0,3,,,,,,,,
,,,,,41941,3.0,3,,,,,,,,
,,,,,41944,3.0,3,,,,,,,,
,,,,,41947,3.0,3,,,,,,,,
,,,,,41951,4.0,4,,,,,,,,
,,,,,41954,3.0,3,,,,,,,,
,,,,,41957,3.0,3,,,,,,,,
,,,,,41960,3.0,3,,,,,,,,
,,,,,41963,3.0,3,,,,,,,,
,,,,,41966,3.0,3,,,,,,,,
,,,,,41969,3.0,3,,,,,,,,
,,,,,41972,3.0,3,,,,,,,,
,,,,,41975,3.0,3,,,,,,,,
,,,,,41979,4.0,4,,,,,,,,
,,,,,41982,3.0,3,,,,,,,,
,,,,,41987,5.0,5,,,,,,,,
,,,,,41990,3.0,3,,,,,,,,
,,,,,41993,3.0,3,,,,,,,,
,,,,,41996,3.0,3,,,,,,,,
,,,,,41999,3.0,3,,,,,,,,
,,,,,42000,,,0.49848708510398865,-4.984870910644531,0.11048509180545807,2.0004851818084717,2.0211806297302246,0.0003,0.0003,0.1
,,,,,42002,3.0,3,,,,,,,,
,,,,,42005,3.0,3,,,,,,,,
,,,,,42008,3.0,3,,,,,,,,
,,,,,42011,3.0,3,,,,,,,,
,,,,,42014,3.0,3,,,,,,,,
,,,,,42017,3.0,3,,,,,,,,
,,,,,42020,3.0,3,,,,,,,,
,,,,,42023,3.0,3,,,,,,,,
,,,,,42026,3.0,3,,,,,,,,
,,,,,42029,3.0,3,,,,,,,,
,,,,,42035,6.0,6,,,,,,,,
,,,,,42040,5.0,5,,,,,,,,
,,,,,42043,3.0,3,,,,,,,,
,,,,,42046,3.0,3,,,,,,,,
,,,,,42049,3.0,3,,,,,,,,
,,,,,42052,3.0,3,,,,,,,,
,,,,,42055,3.0,3,,,,,,,,
,,,,,42058,3.0,3,,,,,,,,
,,,,,42061,3.0,3,,,,,,,,
,,,,,42064,3.0,3,,,,,,,,
,,,,,42067,3.0,3,,,,,,,,
,,,,,42071,4.0,4,,,,,,,,
,,,,,42074,3.0,3,,,,,,,,
,,,,,42077,3.0,3,,,,,,,,
,,,,,42081,4.0,4,,,,,,,,
,,,,,42084,3.0,3,,,,,,,,
,,,,,42087,3.0,3,,,,,,,,
,,,,,42090,3.0,3,,,,,,,,
,,,,,42093,3.0,3,,,,,,,,
,,,,,42096,3.0,3,,,,,,,,
,,,,,42099,3.0,3,,,,,,,,
,,,,,42102,3.0,3,,,,,,,,
,,,,,42105,3.0,3,,,,,,,,
,,,,,42108,3.0,3,,,,,,,,
,,,,,42111,3.0,3,,,,,,,,
,,,,,42114,3.0,3,,,,,,,,
,,,,,42118,4.0,4,,,,,,,,
,,,,,42121,3.0,3,,,,,,,,
,,,,,42124,3.0,3,,,,,,,,
,,,,,42127,3.0,3,,,,,,,,
,,,,,42138,11.0,11,,,,,,,,
,,,,,42142,4.0,4,,,,,,,,
,,,,,42145,3.0,3,,,,,,,,
,,,,,42148,3.0,3,,,,,,,,
,,,,,42151,3.0,3,,,,,,,,
,,,,,42154,3.0,3,,,,,,,,
,,,,,42157,3.0,3,,,,,,,,
,,,,,42160,3.0,3,,,,,,,,
,,,,,42163,3.0,3,,,,,,,,
,,,,,42166,3.0,3,,,,,,,,
,,,,,42169,3.0,3,,,,,,,,
,,,,,42172,3.0,3,,,,,,,,
,,,,,42175,3.0,3,,,,,,,,
,,,,,42178,3.0,3,,,,,,,,
,,,,,42181,3.0,3,,,,,,,,
,,,,,42184,3.0,3,,,,,,,,
,,,,,42188,4.0,4,,,,,,,,
,,,,,42191,3.0,3,,,,,,,,
,,,,,42194,3.0,3,,,,,,,,
,,,,,42197,3.0,3,,,,,,,,
,,,,,42201,4.0,4,,,,,,,,
,,,,,42204,3.0,3,,,,,,,,
,,,,,42207,3.0,3,,,,,,,,
,,,,,42210,3.0,3,,,,,,,,
,,,,,42213,3.0,3,,,,,,,,
,,,,,42216,3.0,3,,,,,,,,
,,,,,42221,5.0,5,,,,,,,,
,,,,,42224,3.0,3,,,,,,,,
,,,,,42230,6.0,6,,,,,,,,
,,,,,42233,3.0,3,,,,,,,,
,,,,,42238,5.0,5,,,,,,,,
,,,,,42241,3.0,3,,,,,,,,
,,,,,42244,3.0,3,,,,,,,,
,,,,,42248,4.0,4,,,,,,,,
,,,,,42252,4.0,4,,,,,,,,
,,,,,42255,3.0,3,,,,,,,,
,,,,,42258,3.0,3,,,,,,,,
,,,,,42261,3.0,3,,,,,,,,
,,,,,42264,3.0,3,,,,,,,,
,,,,,42268,4.0,4,,,,,,,,
,,,,,42271,3.0,3,,,,,,,,
,,,,,42274,3.0,3,,,,,,,,
,,,,,42277,3.0,3,,,,,,,,
,,,,,42280,3.0,3,,,,,,,,
,,,,,42283,3.0,3,,,,,,,,
,,,,,42286,3.0,3,,,,,,,,
,,,,,42289,3.0,3,,,,,,,,
,,,,,42292,3.0,3,,,,,,,,
,,,,,42295,3.0,3,,,,,,,,
,,,,,42299,4.0,4,,,,,,,,
,,,,,42302,3.0,3,,,,,,,,
,,,,,42305,3.0,3,,,,,,,,
,,,,,42308,3.0,3,,,,,,,,
,,,,,42311,3.0,3,,,,,,,,
,,,,,42315,4.0,4,,,,,,,,
,,,,,42319,4.0,4,,,,,,,,
,,,,,42323,4.0,4,,,,,,,,
,,,,,42326,3.0,3,,,,,,,,
,,,,,42329,3.0,3,,,,,,,,
,,,,,42332,3.0,3,,,,,,,,
,,,,,42335,3.0,3,,,,,,,,
,,,,,42338,3.0,3,,,,,,,,
,,,,,42341,3.0,3,,,,,,,,
,,,,,42344,3.0,3,,,,,,,,
,,,,,42347,3.0,3,,,,,,,,
,,,,,42350,3.0,3,,,,,,,,
,,,,,42353,3.0,3,,,,,,,,
,,,,,42356,3.0,3,,,,,,,,
,,,,,42359,3.0,3,,,,,,,,
,,,,,42362,3.0,3,,,,,,,,
,,,,,42368,6.0,6,,,,,,,,
,,,,,42372,4.0,4,,,,,,,,
,,,,,42375,3.0,3,,,,,,,,
,,,,,42378,3.0,3,,,,,,,,
,,,,,42381,3.0,3,,,,,,,,
,,,,,42384,3.0,3,,,,,,,,
,,,,,42387,3.0,3,,,,,,,,
,,,,,42392,5.0,5,,,,,,,,
,,,,,42395,3.0,3,,,,,,,,
,,,,,42398,3.0,3,,,,,,,,
,,,,,42403,5.0,5,,,,,,,,
,,,,,42411,8.0,8,,,,,,,,
,,,,,42414,3.0,3,,,,,,,,
,,,,,42419,5.0,5,,,,,,,,
,,,,,42422,3.0,3,,,,,,,,
,,,,,42427,5.0,5,,,,,,,,
,,,,,42430,3.0,3,,,,,,,,
,,,,,42433,3.0,3,,,,,,,,
,,,,,42436,3.0,3,,,,,,,,
,,,,,42441,5.0,5,,,,,,,,
,,,,,42444,3.0,3,,,,,,,,
,,,,,42447,3.0,3,,,,,,,,
,,,,,42451,4.0,4,,,,,,,,
,,,,,42454,3.0,3,,,,,,,,
,,,,,42457,3.0,3,,,,,,,,
,,,,,42460,3.0,3,,,,,,,,
,,,,,42463,3.0,3,,,,,,,,
,,,,,42468,5.0,5,,,,,,,,
,,,,,42472,4.0,4,,,,,,,,
,,,,,42475,3.0,3,,,,,,,,
,,,,,42478,3.0,3,,,,,,,,
,,,,,42482,4.0,4,,,,,,,,
,,,,,42485,3.0,3,,,,,,,,
,,,,,42488,3.0,3,,,,,,,,
,,,,,42493,5.0,5,,,,,,,,
,,,,,42497,4.0,4,,,,,,,,
,,,,,42500,3.0,3,,,,,,,,
,,,,,42503,3.0,3,,,,,,,,
,,,,,42506,3.0,3,,,,,,,,
,,,,,42509,3.0,3,,,,,,,,
,,,,,42515,6.0,6,,,,,,,,
,,,,,42520,5.0,5,,,,,,,,
,,,,,42524,4.0,4,,,,,,,,
,,,,,42527,3.0,3,,,,,,,,
,,,,,42530,3.0,3,,,,,,,,
,,,,,42534,4.0,4,,,,,,,,
,,,,,42537,3.0,3,,,,,,,,
,,,,,42540,3.0,3,,,,,,,,
,,,,,42543,3.0,3,,,,,,,,
,,,,,42547,4.0,4,,,,,,,,
,,,,,42550,3.0,3,,,,,,,,
,,,,,42553,3.0,3,,,,,,,,
,,,,,42558,5.0,5,,,,,,,,
,,,,,42561,3.0,3,,,,,,,,
,,,,,42565,4.0,4,,,,,,,,
,,,,,42569,4.0,4,,,,,,,,
,,,,,42572,3.0,3,,,,,,,,
,,,,,42575,3.0,3,,,,,,,,
,,,,,42578,3.0,3,,,,,,,,
,,,,,42581,3.0,3,,,,,,,,
,,,,,42585,4.0,4,,,,,,,,
,,,,,42588,3.0,3,,,,,,,,
,,,,,42593,5.0,5,,,,,,,,
,,,,,42596,3.0,3,,,,,,,,
,,,,,42599,3.0,3,,,,,,,,
,,,,,42606,7.0,7,,,,,,,,
,,,,,42609,3.0,3,,,,,,,,
,,,,,42612,3.0,3,,,,,,,,
,,,,,42618,6.0,6,,,,,,,,
,,,,,42621,3.0,3,,,,,,,,
,,,,,42624,3.0,3,,,,,,,,
,,,,,42627,3.0,3,,,,,,,,
,,,,,42630,3.0,3,,,,,,,,
,,,,,42633,3.0,3,,,,,,,,
,,,,,42636,3.0,3,,,,,,,,
,,,,,42639,3.0,3,,,,,,,,
,,,,,42643,4.0,4,,,,,,,,
,,,,,42646,3.0,3,,,,,,,,
,,,,,42650,4.0,4,,,,,,,,
,,,,,42653,3.0,3,,,,,,,,
,,,,,42663,10.0,10,,,,,,,,
,,,,,42668,5.0,5,,,,,,,,
,,,,,42675,7.0,7,,,,,,,,
,,,,,42680,5.0,5,,,,,,,,
,,,,,42683,3.0,3,,,,,,,,
,,,,,42688,5.0,5,,,,,,,,
,,,,,42691,3.0,3,,,,,,,,
,,,,,42694,3.0,3,,,,,,,,
,,,,,42697,3.0,3,,,,,,,,
,,,,,42700,3.0,3,,,,,,,,
,,,,,42705,5.0,5,,,,,,,,
,,,,,42708,3.0,3,,,,,,,,
,,,,,42711,3.0,3,,,,,,,,
,,,,,42714,3.0,3,,,,,,,,
,,,,,42717,3.0,3,,,,,,,,
,,,,,42720,3.0,3,,,,,,,,
,,,,,42723,3.0,3,,,,,,,,
,,,,,42730,7.0,7,,,,,,,,
,,,,,42733,3.0,3,,,,,,,,
,,,,,42736,3.0,3,,,,,,,,
,,,,,42739,3.0,3,,,,,,,,
,,,,,42744,5.0,5,,,,,,,,
,,,,,42747,3.0,3,,,,,,,,
,,,,,42752,5.0,5,,,,,,,,
,,,,,42755,3.0,3,,,,,,,,
,,,,,42758,3.0,3,,,,,,,,
,,,,,42764,6.0,6,,,,,,,,
,,,,,42771,7.0,7,,,,,,,,
,,,,,42775,4.0,4,,,,,,,,
,,,,,42778,3.0,3,,,,,,,,
,,,,,42782,4.0,4,,,,,,,,
,,,,,42785,3.0,3,,,,,,,,
,,,,,42788,3.0,3,,,,,,,,
,,,,,42791,3.0,3,,,,,,,,
,,,,,42794,3.0,3,,,,,,,,
,,,,,42803,9.0,9,,,,,,,,
,,,,,42806,3.0,3,,,,,,,,
,,,,,42810,4.0,4,,,,,,,,
,,,,,42815,5.0,5,,,,,,,,
,,,,,42818,3.0,3,,,,,,,,
,,,,,42821,3.0,3,,,,,,,,
,,,,,42824,3.0,3,,,,,,,,
,,,,,42827,3.0,3,,,,,,,,
,,,,,42830,3.0,3,,,,,,,,
,,,,,42833,3.0,3,,,,,,,,
,,,,,42836,3.0,3,,,,,,,,
,,,,,42839,3.0,3,,,,,,,,
,,,,,42842,3.0,3,,,,,,,,
,,,,,42846,4.0,4,,,,,,,,
,,,,,42849,3.0,3,,,,,,,,
,,,,,42852,3.0,3,,,,,,,,
,,,,,42859,7.0,7,,,,,,,,
,,,,,42862,3.0,3,,,,,,,,
,,,,,42865,3.0,3,,,,,,,,
,,,,,42868,3.0,3,,,,,,,,
,,,,,42871,3.0,3,,,,,,,,
,,,,,42874,3.0,3,,,,,,,,
,,,,,42878,4.0,4,,,,,,,,
,,,,,42884,6.0,6,,,,,,,,
,,,,,42888,4.0,4,,,,,,,,
,,,,,42891,3.0,3,,,,,,,,
,,,,,42894,3.0,3,,,,,,,,
,,,,,42898,4.0,4,,,,,,,,
,,,,,42901,3.0,3,,,,,,,,
,,,,,42905,4.0,4,,,,,,,,
,,,,,42908,3.0,3,,,,,,,,
,,,,,42915,7.0,7,,,,,,,,
,,,,,42918,3.0,3,,,,,,,,
,,,,,42921,3.0,3,,,,,,,,
,,,,,42924,3.0,3,,,,,,,,
,,,,,42927,3.0,3,,,,,,,,
,,,,,42932,5.0,5,,,,,,,,
,,,,,42935,3.0,3,,,,,,,,
,,,,,42938,3.0,3,,,,,,,,
,,,,,42943,5.0,5,,,,,,,,
,,,,,42946,3.0,3,,,,,,,,
,,,,,42949,3.0,3,,,,,,,,
,,,,,42952,3.0,3,,,,,,,,
,,,,,42960,8.0,8,,,,,,,,
,,,,,42963,3.0,3,,,,,,,,
,,,,,42968,5.0,5,,,,,,,,
,,,,,42971,3.0,3,,,,,,,,
,,,,,42974,3.0,3,,,,,,,,
,,,,,42978,4.0,4,,,,,,,,
,,,,,42982,4.0,4,,,,,,,,
,,,,,42985,3.0,3,,,,,,,,
,,,,,42990,5.0,5,,,,,,,,
,,,,,42993,3.0,3,,,,,,,,
,,,,,42996,3.0,3,,,,,,,,
,,,,,42999,3.0,3,,,,,,,,
,,,,,43000,,,0.5313296318054199,-5.313296318054199,0.10178966075181961,1.9717772006988525,1.8426339626312256,0.0003,0.0003,0.1
,,,,,43002,3.0,3,,,,,,,,
,,,,,43005,3.0,3,,,,,,,,
,,,,,43008,3.0,3,,,,,,,,
,,,,,43011,3.0,3,,,,,,,,
,,,,,43015,4.0,4,,,,,,,,
,,,,,43018,3.0,3,,,,,,,,
,,,,,43024,6.0,6,,,,,,,,
,,,,,43027,3.0,3,,,,,,,,
,,,,,43030,3.0,3,,,,,,,,
,,,,,43033,3.0,3,,,,,,,,
,,,,,43036,3.0,3,,,,,,,,
,,,,,43039,3.0,3,,,,,,,,
,,,,,43042,3.0,3,,,,,,,,
,,,,,43045,3.0,3,,,,,,,,
,,,,,43048,3.0,3,,,,,,,,
,,,,,43051,3.0,3,,,,,,,,
,,,,,43054,3.0,3,,,,,,,,
,,,,,43057,3.0,3,,,,,,,,
,,,,,43060,3.0,3,,,,,,,,
,,,,,43065,5.0,5,,,,,,,,
,,,,,43070,5.0,5,,,,,,,,
,,,,,43073,3.0,3,,,,,,,,
,,,,,43076,3.0,3,,,,,,,,
,,,,,43081,5.0,5,,,,,,,,
,,,,,43086,5.0,5,,,,,,,,
,,,,,43097,11.0,11,,,,,,,,
,,,,,43100,3.0,3,,,,,,,,
,,,,,43103,3.0,3,,,,,,,,
,,,,,43106,3.0,3,,,,,,,,
,,,,,43109,3.0,3,,,,,,,,
,,,,,43112,3.0,3,,,,,,,,
,,,,,43116,4.0,4,,,,,,,,
,,,,,43119,3.0,3,,,,,,,,
,,,,,43122,3.0,3,,,,,,,,
,,,,,43125,3.0,3,,,,,,,,
,,,,,43129,4.0,4,,,,,,,,
,,,,,43132,3.0,3,,,,,,,,
,,,,,43135,3.0,3,,,,,,,,
,,,,,43138,3.0,3,,,,,,,,
,,,,,43141,3.0,3,,,,,,,,
,,,,,43145,4.0,4,,,,,,,,
,,,,,43148,3.0,3,,,,,,,,
,,,,,43151,3.0,3,,,,,,,,
,,,,,43160,9.0,9,,,,,,,,
,,,,,43163,3.0,3,,,,,,,,
,,,,,43166,3.0,3,,,,,,,,
,,,,,43169,3.0,3,,,,,,,,
,,,,,43173,4.0,4,,,,,,,,
,,,,,43177,4.0,4,,,,,,,,
,,,,,43180,3.0,3,,,,,,,,
,,,,,43183,3.0,3,,,,,,,,
,,,,,43186,3.0,3,,,,,,,,
,,,,,43189,3.0,3,,,,,,,,
,,,,,43192,3.0,3,,,,,,,,
,,,,,43195,3.0,3,,,,,,,,
,,,,,43198,3.0,3,,,,,,,,
,,,,,43201,3.0,3,,,,,,,,
,,,,,43204,3.0,3,,,,,,,,
,,,,,43207,3.0,3,,,,,,,,
,,,,,43210,3.0,3,,,,,,,,
,,,,,43213,3.0,3,,,,,,,,
,,,,,43216,3.0,3,,,,,,,,
,,,,,43222,6.0,6,,,,,,,,
,,,,,43225,3.0,3,,,,,,,,
,,,,,43228,3.0,3,,,,,,,,
,,,,,43232,4.0,4,,,,,,,,
,,,,,43235,3.0,3,,,,,,,,
,,,,,43243,8.0,8,,,,,,,,
,,,,,43247,4.0,4,,,,,,,,
,,,,,43250,3.0,3,,,,,,,,
,,,,,43253,3.0,3,,,,,,,,
,,,,,43257,4.0,4,,,,,,,,
,,,,,43260,3.0,3,,,,,,,,
,,,,,43263,3.0,3,,,,,,,,
,,,,,43272,9.0,9,,,,,,,,
,,,,,43276,4.0,4,,,,,,,,
,,,,,43279,3.0,3,,,,,,,,
,,,,,43282,3.0,3,,,,,,,,
,,,,,43285,3.0,3,,,,,,,,
,,,,,43288,3.0,3,,,,,,,,
,,,,,43292,4.0,4,,,,,,,,
,,,,,43298,6.0,6,,,,,,,,
,,,,,43301,3.0,3,,,,,,,,
,,,,,43304,3.0,3,,,,,,,,
,,,,,43307,3.0,3,,,,,,,,
,,,,,43310,3.0,3,,,,,,,,
,,,,,43314,4.0,4,,,,,,,,
,,,,,43317,3.0,3,,,,,,,,
,,,,,43320,3.0,3,,,,,,,,
,,,,,43323,3.0,3,,,,,,,,
,,,,,43326,3.0,3,,,,,,,,
,,,,,43329,3.0,3,,,,,,,,
,,,,,43336,7.0,7,,,,,,,,
,,,,,43345,9.0,9,,,,,,,,
,,,,,43348,3.0,3,,,,,,,,
,,,,,43351,3.0,3,,,,,,,,
,,,,,43358,7.0,7,,,,,,,,
,,,,,43361,3.0,3,,,,,,,,
,,,,,43364,3.0,3,,,,,,,,
,,,,,43369,5.0,5,,,,,,,,
,,,,,43372,3.0,3,,,,,,,,
,,,,,43375,3.0,3,,,,,,,,
,,,,,43378,3.0,3,,,,,,,,
,,,,,43381,3.0,3,,,,,,,,
,,,,,43384,3.0,3,,,,,,,,
,,,,,43387,3.0,3,,,,,,,,
,,,,,43390,3.0,3,,,,,,,,
,,,,,43393,3.0,3,,,,,,,,
,,,,,43396,3.0,3,,,,,,,,
,,,,,43404,8.0,8,,,,,,,,
,,,,,43407,3.0,3,,,,,,,,
,,,,,43410,3.0,3,,,,,,,,
,,,,,43414,4.0,4,,,,,,,,
,,,,,43417,3.0,3,,,,,,,,
,,,,,43420,3.0,3,,,,,,,,
,,,,,43423,3.0,3,,,,,,,,
,,,,,43426,3.0,3,,,,,,,,
,,,,,43433,7.0,7,,,,,,,,
,,,,,43436,3.0,3,,,,,,,,
,,,,,43439,3.0,3,,,,,,,,
,,,,,43442,3.0,3,,,,,,,,
,,,,,43445,3.0,3,,,,,,,,
,,,,,43449,4.0,4,,,,,,,,
,,,,,43452,3.0,3,,,,,,,,
,,,,,43455,3.0,3,,,,,,,,
,,,,,43458,3.0,3,,,,,,,,
,,,,,43461,3.0,3,,,,,,,,
,,,,,43466,5.0,5,,,,,,,,
,,,,,43469,3.0,3,,,,,,,,
,,,,,43472,3.0,3,,,,,,,,
,,,,,43476,4.0,4,,,,,,,,
,,,,,43481,5.0,5,,,,,,,,
,,,,,43484,3.0,3,,,,,,,,
,,,,,43488,4.0,4,,,,,,,,
,,,,,43491,3.0,3,,,,,,,,
,,,,,43498,7.0,7,,,,,,,,
,,,,,43501,3.0,3,,,,,,,,
,,,,,43504,3.0,3,,,,,,,,
,,,,,43512,8.0,8,,,,,,,,
,,,,,43515,3.0,3,,,,,,,,
,,,,,43518,3.0,3,,,,,,,,
,,,,,43521,3.0,3,,,,,,,,
,,,,,43524,3.0,3,,,,,,,,
,,,,,43527,3.0,3,,,,,,,,
,,,,,43531,4.0,4,,,,,,,,
,,,,,43544,13.0,13,,,,,,,,
,,,,,43548,4.0,4,,,,,,,,
,,,,,43551,3.0,3,,,,,,,,
,,,,,43554,3.0,3,,,,,,,,
,,,,,43560,6.0,6,,,,,,,,
,,,,,43566,6.0,6,,,,,,,,
,,,,,43569,3.0,3,,,,,,,,
,,,,,43572,3.0,3,,,,,,,,
,,,,,43575,3.0,3,,,,,,,,
,,,,,43580,5.0,5,,,,,,,,
,,,,,43583,3.0,3,,,,,,,,
,,,,,43586,3.0,3,,,,,,,,
,,,,,43589,3.0,3,,,,,,,,
,,,,,43592,3.0,3,,,,,,,,
,,,,,43597,5.0,5,,,,,,,,
,,,,,43600,3.0,3,,,,,,,,
,,,,,43603,3.0,3,,,,,,,,
,,,,,43609,6.0,6,,,,,,,,
,,,,,43614,5.0,5,,,,,,,,
,,,,,43618,4.0,4,,,,,,,,
,,,,,43621,3.0,3,,,,,,,,
,,,,,43624,3.0,3,,,,,,,,
,,,,,43628,4.0,4,,,,,,,,
,,,,,43631,3.0,3,,,,,,,,
,,,,,43634,3.0,3,,,,,,,,
,,,,,43637,3.0,3,,,,,,,,
,,,,,43641,4.0,4,,,,,,,,
,,,,,43644,3.0,3,,,,,,,,
,,,,,43647,3.0,3,,,,,,,,
,,,,,43650,3.0,3,,,,,,,,
,,,,,43653,3.0,3,,,,,,,,
,,,,,43656,3.0,3,,,,,,,,
,,,,,43659,3.0,3,,,,,,,,
,,,,,43663,4.0,4,,,,,,,,
,,,,,43666,3.0,3,,,,,,,,
,,,,,43669,3.0,3,,,,,,,,
,,,,,43672,3.0,3,,,,,,,,
,,,,,43675,3.0,3,,,,,,,,
,,,,,43678,3.0,3,,,,,,,,
,,,,,43681,3.0,3,,,,,,,,
,,,,,43684,3.0,3,,,,,,,,
,,,,,43692,8.0,8,,,,,,,,
,,,,,43695,3.0,3,,,,,,,,
,,,,,43698,3.0,3,,,,,,,,
,,,,,43703,5.0,5,,,,,,,,
,,,,,43707,4.0,4,,,,,,,,
,,,,,43713,6.0,6,,,,,,,,
,,,,,43717,4.0,4,,,,,,,,
,,,,,43720,3.0,3,,,,,,,,
,,,,,43723,3.0,3,,,,,,,,
,,,,,43726,3.0,3,,,,,,,,
,,,,,43733,7.0,7,,,,,,,,
,,,,,43737,4.0,4,,,,,,,,
,,,,,43740,3.0,3,,,,,,,,
,,,,,43746,6.0,6,,,,,,,,
,,,,,43749,3.0,3,,,,,,,,
,,,,,43752,3.0,3,,,,,,,,
,,,,,43755,3.0,3,,,,,,,,
,,,,,43758,3.0,3,,,,,,,,
,,,,,43761,3.0,3,,,,,,,,
,,,,,43764,3.0,3,,,,,,,,
,,,,,43767,3.0,3,,,,,,,,
,,,,,43772,5.0,5,,,,,,,,
,,,,,43775,3.0,3,,,,,,,,
,,,,,43778,3.0,3,,,,,,,,
,,,,,43781,3.0,3,,,,,,,,
,,,,,43786,5.0,5,,,,,,,,
,,,,,43789,3.0,3,,,,,,,,
,,,,,43792,3.0,3,,,,,,,,
,,,,,43795,3.0,3,,,,,,,,
,,,,,43798,3.0,3,,,,,,,,
,,,,,43801,3.0,3,,,,,,,,
,,,,,43805,4.0,4,,,,,,,,
,,,,,43809,4.0,4,,,,,,,,
,,,,,43812,3.0,3,,,,,,,,
,,,,,43817,5.0,5,,,,,,,,
,,,,,43821,4.0,4,,,,,,,,
,,,,,43824,3.0,3,,,,,,,,
,,,,,43827,3.0,3,,,,,,,,
,,,,,43831,4.0,4,,,,,,,,
,,,,,43837,6.0,6,,,,,,,,
,,,,,43844,7.0,7,,,,,,,,
,,,,,43847,3.0,3,,,,,,,,
,,,,,43854,7.0,7,,,,,,,,
,,,,,43858,4.0,4,,,,,,,,
,,,,,43861,3.0,3,,,,,,,,
,,,,,43864,3.0,3,,,,,,,,
,,,,,43869,5.0,5,,,,,,,,
,,,,,43876,7.0,7,,,,,,,,
,,,,,43879,3.0,3,,,,,,,,
,,,,,43888,9.0,9,,,,,,,,
,,,,,43893,5.0,5,,,,,,,,
,,,,,43896,3.0,3,,,,,,,,
,,,,,43899,3.0,3,,,,,,,,
,,,,,43905,6.0,6,,,,,,,,
,,,,,43908,3.0,3,,,,,,,,
,,,,,43911,3.0,3,,,,,,,,
,,,,,43914,3.0,3,,,,,,,,
,,,,,43923,9.0,9,,,,,,,,
,,,,,43926,3.0,3,,,,,,,,
,,,,,43929,3.0,3,,,,,,,,
,,,,,43932,3.0,3,,,,,,,,
,,,,,43935,3.0,3,,,,,,,,
,,,,,43940,5.0,5,,,,,,,,
,,,,,43943,3.0,3,,,,,,,,
,,,,,43946,3.0,3,,,,,,,,
,,,,,43949,3.0,3,,,,,,,,
,,,,,43957,8.0,8,,,,,,,,
,,,,,43961,4.0,4,,,,,,,,
,,,,,43964,3.0,3,,,,,,,,
,,,,,43969,5.0,5,,,,,,,,
,,,,,43972,3.0,3,,,,,,,,
,,,,,43975,3.0,3,,,,,,,,
,,,,,43978,3.0,3,,,,,,,,
,,,,,43981,3.0,3,,,,,,,,
,,,,,43984,3.0,3,,,,,,,,
,,,,,43987,3.0,3,,,,,,,,
,,,,,43990,3.0,3,,,,,,,,
,,,,,43993,3.0,3,,,,,,,,
,,,,,43996,3.0,3,,,,,,,,
,,,,,43999,3.0,3,,,,,,,,
,,,,,44000,,,0.40896445512771606,-4.089644432067871,0.1897558867931366,2.129674196243286,2.175180196762085,0.0003,0.0003,0.1
,,,,,44002,3.0,3,,,,,,,,
,,,,,44006,4.0,4,,,,,,,,
,,,,,44009,3.0,3,,,,,,,,
,,,,,44012,3.0,3,,,,,,,,
,,,,,44015,3.0,3,,,,,,,,
,,,,,44018,3.0,3,,,,,,,,
,,,,,44021,3.0,3,,,,,,,,
,,,,,44024,3.0,3,,,,,,,,
,,,,,44027,3.0,3,,,,,,,,
,,,,,44030,3.0,3,,,,,,,,
,,,,,44033,3.0,3,,,,,,,,
,,,,,44036,3.0,3,,,,,,,,
,,,,,44039,3.0,3,,,,,,,,
,,,,,44045,6.0,6,,,,,,,,
,,,,,44051,6.0,6,,,,,,,,
,,,,,44054,3.0,3,,,,,,,,
,,,,,44057,3.0,3,,,,,,,,
,,,,,44060,3.0,3,,,,,,,,
,,,,,44067,7.0,7,,,,,,,,
,,,,,44070,3.0,3,,,,,,,,
,,,,,44073,3.0,3,,,,,,,,
,,,,,44080,7.0,7,,,,,,,,
,,,,,44083,3.0,3,,,,,,,,
,,,,,44086,3.0,3,,,,,,,,
,,,,,44089,3.0,3,,,,,,,,
,,,,,44096,7.0,7,,,,,,,,
,,,,,44101,5.0,5,,,,,,,,
,,,,,44105,4.0,4,,,,,,,,
,,,,,44108,3.0,3,,,,,,,,
,,,,,44111,3.0,3,,,,,,,,
,,,,,44115,4.0,4,,,,,,,,
,,,,,44118,3.0,3,,,,,,,,
,,,,,44121,3.0,3,,,,,,,,
,,,,,44126,5.0,5,,,,,,,,
,,,,,44129,3.0,3,,,,,,,,
,,,,,44132,3.0,3,,,,,,,,
,,,,,44135,3.0,3,,,,,,,,
,,,,,44139,4.0,4,,,,,,,,
,,,,,44149,10.0,10,,,,,,,,
,,,,,44158,9.0,9,,,,,,,,
,,,,,44161,3.0,3,,,,,,,,
,,,,,44166,5.0,5,,,,,,,,
,,,,,44169,3.0,3,,,,,,,,
,,,,,44173,4.0,4,,,,,,,,
,,,,,44178,5.0,5,,,,,,,,
,,,,,44181,3.0,3,,,,,,,,
,,,,,44184,3.0,3,,,,,,,,
,,,,,44190,6.0,6,,,,,,,,
,,,,,44193,3.0,3,,,,,,,,
,,,,,44196,3.0,3,,,,,,,,
,,,,,44199,3.0,3,,,,,,,,
,,,,,44204,5.0,5,,,,,,,,
,,,,,44207,3.0,3,,,,,,,,
,,,,,44210,3.0,3,,,,,,,,
,,,,,44214,4.0,4,,,,,,,,
,,,,,44218,4.0,4,,,,,,,,
,,,,,44221,3.0,3,,,,,,,,
,,,,,44226,5.0,5,,,,,,,,
,,,,,44229,3.0,3,,,,,,,,
,,,,,44234,5.0,5,,,,,,,,
,,,,,44237,3.0,3,,,,,,,,
,,,,,44241,4.0,4,,,,,,,,
,,,,,44244,3.0,3,,,,,,,,
,,,,,44247,3.0,3,,,,,,,,
,,,,,44254,7.0,7,,,,,,,,
,,,,,44257,3.0,3,,,,,,,,
,,,,,44263,6.0,6,,,,,,,,
,,,,,44266,3.0,3,,,,,,,,
,,,,,44270,4.0,4,,,,,,,,
,,,,,44273,3.0,3,,,,,,,,
,,,,,44278,5.0,5,,,,,,,,
,,,,,44281,3.0,3,,,,,,,,
,,,,,44288,7.0,7,,,,,,,,
,,,,,44291,3.0,3,,,,,,,,
,,,,,44294,3.0,3,,,,,,,,
,,,,,44297,3.0,3,,,,,,,,
,,,,,44302,5.0,5,,,,,,,,
,,,,,44305,3.0,3,,,,,,,,
,,,,,44309,4.0,4,,,,,,,,
,,,,,44312,3.0,3,,,,,,,,
,,,,,44315,3.0,3,,,,,,,,
,,,,,44319,4.0,4,,,,,,,,
,,,,,44323,4.0,4,,,,,,,,
,,,,,44328,5.0,5,,,,,,,,
,,,,,44331,3.0,3,,,,,,,,
,,,,,44335,4.0,4,,,,,,,,
,,,,,44338,3.0,3,,,,,,,,
,,,,,44341,3.0,3,,,,,,,,
,,,,,44355,14.0,14,,,,,,,,
,,,,,44359,4.0,4,,,,,,,,
,,,,,44362,3.0,3,,,,,,,,
,,,,,44365,3.0,3,,,,,,,,
,,,,,44368,3.0,3,,,,,,,,
,,,,,44371,3.0,3,,,,,,,,
,,,,,44376,5.0,5,,,,,,,,
,,,,,44379,3.0,3,,,,,,,,
,,,,,44382,3.0,3,,,,,,,,
,,,,,44385,3.0,3,,,,,,,,
,,,,,44388,3.0,3,,,,,,,,
,,,,,44391,3.0,3,,,,,,,,
,,,,,44394,3.0,3,,,,,,,,
,,,,,44401,7.0,7,,,,,,,,
,,,,,44404,3.0,3,,,,,,,,
,,,,,44409,5.0,5,,,,,,,,
,,,,,44416,7.0,7,,,,,,,,
,,,,,44419,3.0,3,,,,,,,,
,,,,,44422,3.0,3,,,,,,,,
,,,,,44425,3.0,3,,,,,,,,
,,,,,44431,6.0,6,,,,,,,,
,,,,,44434,3.0,3,,,,,,,,
,,,,,44441,7.0,7,,,,,,,,
,,,,,44444,3.0,3,,,,,,,,
,,,,,44447,3.0,3,,,,,,,,
,,,,,44450,3.0,3,,,,,,,,
,,,,,44453,3.0,3,,,,,,,,
,,,,,44457,4.0,4,,,,,,,,
,,,,,44460,3.0,3,,,,,,,,
,,,,,44469,9.0,9,,,,,,,,
,,,,,44472,3.0,3,,,,,,,,
,,,,,44475,3.0,3,,,,,,,,
,,,,,44478,3.0,3,,,,,,,,
,,,,,44481,3.0,3,,,,,,,,
,,,,,44489,8.0,8,,,,,,,,
,,,,,44492,3.0,3,,,,,,,,
,,,,,44495,3.0,3,,,,,,,,
,,,,,44501,6.0,6,,,,,,,,
,,,,,44504,3.0,3,,,,,,,,
,,,,,44507,3.0,3,,,,,,,,
,,,,,44510,3.0,3,,,,,,,,
,,,,,44513,3.0,3,,,,,,,,
,,,,,44519,6.0,6,,,,,,,,
,,,,,44524,5.0,5,,,,,,,,
,,,,,44527,3.0,3,,,,,,,,
,,,,,44531,4.0,4,,,,,,,,
,,,,,44534,3.0,3,,,,,,,,
,,,,,44537,3.0,3,,,,,,,,
,,,,,44540,3.0,3,,,,,,,,
,,,,,44545,5.0,5,,,,,,,,
,,,,,44548,3.0,3,,,,,,,,
,,,,,44553,5.0,5,,,,,,,,
,,,,,44561,8.0,8,,,,,,,,
,,,,,44566,5.0,5,,,,,,,,
,,,,,44569,3.0,3,,,,,,,,
,,,,,44573,4.0,4,,,,,,,,
,,,,,44576,3.0,3,,,,,,,,
,,,,,44584,8.0,8,,,,,,,,
,,,,,44587,3.0,3,,,,,,,,
,,,,,44592,5.0,5,,,,,,,,
,,,,,44595,3.0,3,,,,,,,,
,,,,,44598,3.0,3,,,,,,,,
,,,,,44601,3.0,3,,,,,,,,
,,,,,44604,3.0,3,,,,,,,,
,,,,,44607,3.0,3,,,,,,,,
,,,,,44610,3.0,3,,,,,,,,
,,,,,44613,3.0,3,,,,,,,,
,,,,,44616,3.0,3,,,,,,,,
,,,,,44619,3.0,3,,,,,,,,
,,,,,44622,3.0,3,,,,,,,,
,,,,,44625,3.0,3,,,,,,,,
,,,,,44628,3.0,3,,,,,,,,
,,,,,44631,3.0,3,,,,,,,,
,,,,,44634,3.0,3,,,,,,,,
,,,,,44639,5.0,5,,,,,,,,
,,,,,44644,5.0,5,,,,,,,,
,,,,,44647,3.0,3,,,,,,,,
,,,,,44651,4.0,4,,,,,,,,
,,,,,44654,3.0,3,,,,,,,,
,,,,,44657,3.0,3,,,,,,,,
,,,,,44661,4.0,4,,,,,,,,
,,,,,44664,3.0,3,,,,,,,,
,,,,,44669,5.0,5,,,,,,,,
,,,,,44673,4.0,4,,,,,,,,
,,,,,44676,3.0,3,,,,,,,,
,,,,,44681,5.0,5,,,,,,,,
,,,,,44684,3.0,3,,,,,,,,
,,,,,44687,3.0,3,,,,,,,,
,,,,,44691,4.0,4,,,,,,,,
,,,,,44694,3.0,3,,,,,,,,
,,,,,44697,3.0,3,,,,,,,,
,,,,,44700,3.0,3,,,,,,,,
,,,,,44703,3.0,3,,,,,,,,
,,,,,44708,5.0,5,,,,,,,,
,,,,,44713,5.0,5,,,,,,,,
,,,,,44716,3.0,3,,,,,,,,
,,,,,44719,3.0,3,,,,,,,,
,,,,,44722,3.0,3,,,,,,,,
,,,,,44725,3.0,3,,,,,,,,
,,,,,44728,3.0,3,,,,,,,,
,,,,,44731,3.0,3,,,,,,,,
,,,,,44734,3.0,3,,,,,,,,
,,,,,44737,3.0,3,,,,,,,,
,,,,,44740,3.0,3,,,,,,,,
,,,,,44743,3.0,3,,,,,,,,
,,,,,44748,5.0,5,,,,,,,,
,,,,,44751,3.0,3,,,,,,,,
,,,,,44758,7.0,7,,,,,,,,
,,,,,44762,4.0,4,,,,,,,,
,,,,,44765,3.0,3,,,,,,,,
,,,,,44768,3.0,3,,,,,,,,
,,,,,44771,3.0,3,,,,,,,,
,,,,,44774,3.0,3,,,,,,,,
,,,,,44779,5.0,5,,,,,,,,
,,,,,44782,3.0,3,,,,,,,,
,,,,,44787,5.0,5,,,,,,,,
,,,,,44795,8.0,8,,,,,,,,
,,,,,44802,7.0,7,,,,,,,,
,,,,,44805,3.0,3,,,,,,,,
,,,,,44810,5.0,5,,,,,,,,
,,,,,44813,3.0,3,,,,,,,,
,,,,,44816,3.0,3,,,,,,,,
,,,,,44819,3.0,3,,,,,,,,
,,,,,44822,3.0,3,,,,,,,,
,,,,,44825,3.0,3,,,,,,,,
,,,,,44828,3.0,3,,,,,,,,
,,,,,44831,3.0,3,,,,,,,,
,,,,,44834,3.0,3,,,,,,,,
,,,,,44841,7.0,7,,,,,,,,
,,,,,44844,3.0,3,,,,,,,,
,,,,,44847,3.0,3,,,,,,,,
,,,,,44850,3.0,3,,,,,,,,
,,,,,44853,3.0,3,,,,,,,,
,,,,,44862,9.0,9,,,,,,,,
,,,,,44865,3.0,3,,,,,,,,
,,,,,44870,5.0,5,,,,,,,,
,,,,,44873,3.0,3,,,,,,,,
,,,,,44876,3.0,3,,,,,,,,
,,,,,44881,5.0,5,,,,,,,,
,,,,,44884,3.0,3,,,,,,,,
,,,,,44887,3.0,3,,,,,,,,
,,,,,44891,4.0,4,,,,,,,,
,,,,,44894,3.0,3,,,,,,,,
,,,,,44897,3.0,3,,,,,,,,
,,,,,44900,3.0,3,,,,,,,,
,,,,,44903,3.0,3,,,,,,,,
,,,,,44908,5.0,5,,,,,,,,
,,,,,44911,3.0,3,,,,,,,,
,,,,,44916,5.0,5,,,,,,,,
,,,,,44919,3.0,3,,,,,,,,
,,,,,44922,3.0,3,,,,,,,,
,,,,,44925,3.0,3,,,,,,,,
,,,,,44928,3.0,3,,,,,,,,
,,,,,44931,3.0,3,,,,,,,,
,,,,,44934,3.0,3,,,,,,,,
,,,,,44937,3.0,3,,,,,,,,
,,,,,44941,4.0,4,,,,,,,,
,,,,,44944,3.0,3,,,,,,,,
,,,,,44947,3.0,3,,,,,,,,
,,,,,44950,3.0,3,,,,,,,,
,,,,,44953,3.0,3,,,,,,,,
,,,,,44958,5.0,5,,,,,,,,
,,,,,44962,4.0,4,,,,,,,,
,,,,,44971,9.0,9,,,,,,,,
,,,,,44974,3.0,3,,,,,,,,
,,,,,44977,3.0,3,,,,,,,,
,,,,,44983,6.0,6,,,,,,,,
,,,,,44986,3.0,3,,,,,,,,
,,,,,44989,3.0,3,,,,,,,,
,,,,,44992,3.0,3,,,,,,,,
,,,,,44995,3.0,3,,,,,,,,
,,,,,44998,3.0,3,,,,,,,,
4.4,1.56205,7.0,3.0,4.4,45000,,,0.5999442934989929,-5.999443054199219,0.10380154848098755,1.8774548768997192,1.9092860221862793,0.0003,0.0003,0.1
,,,,,45001,3.0,3,,,,,,,,
,,,,,45004,3.0,3,,,,,,,,
,,,,,45012,8.0,8,,,,,,,,
,,,,,45015,3.0,3,,,,,,,,
,,,,,45018,3.0,3,,,,,,,,
,,,,,45024,6.0,6,,,,,,,,
,,,,,45029,5.0,5,,,,,,,,
,,,,,45032,3.0,3,,,,,,,,
,,,,,45035,3.0,3,,,,,,,,
,,,,,45038,3.0,3,,,,,,,,
,,,,,45041,3.0,3,,,,,,,,
,,,,,45044,3.0,3,,,,,,,,
,,,,,45047,3.0,3,,,,,,,,
,,,,,45050,3.0,3,,,,,,,,
,,,,,45055,5.0,5,,,,,,,,
,,,,,45059,4.0,4,,,,,,,,
,,,,,45062,3.0,3,,,,,,,,
,,,,,45067,5.0,5,,,,,,,,
,,,,,45070,3.0,3,,,,,,,,
,,,,,45075,5.0,5,,,,,,,,
,,,,,45078,3.0,3,,,,,,,,
,,,,,45081,3.0,3,,,,,,,,
,,,,,45084,3.0,3,,,,,,,,
,,,,,45090,6.0,6,,,,,,,,
,,,,,45093,3.0,3,,,,,,,,
,,,,,45096,3.0,3,,,,,,,,
,,,,,45099,3.0,3,,,,,,,,
,,,,,45103,4.0,4,,,,,,,,
,,,,,45106,3.0,3,,,,,,,,
,,,,,45113,7.0,7,,,,,,,,
,,,,,45120,7.0,7,,,,,,,,
,,,,,45123,3.0,3,,,,,,,,
,,,,,45126,3.0,3,,,,,,,,
,,,,,45129,3.0,3,,,,,,,,
,,,,,45135,6.0,6,,,,,,,,
,,,,,45138,3.0,3,,,,,,,,
,,,,,45141,3.0,3,,,,,,,,
,,,,,45144,3.0,3,,,,,,,,
,,,,,45147,3.0,3,,,,,,,,
,,,,,45152,5.0,5,,,,,,,,
,,,,,45155,3.0,3,,,,,,,,
,,,,,45158,3.0,3,,,,,,,,
,,,,,45162,4.0,4,,,,,,,,
,,,,,45165,3.0,3,,,,,,,,
,,,,,45169,4.0,4,,,,,,,,
,,,,,45176,7.0,7,,,,,,,,
,,,,,45179,3.0,3,,,,,,,,
,,,,,45182,3.0,3,,,,,,,,
,,,,,45186,4.0,4,,,,,,,,
,,,,,45189,3.0,3,,,,,,,,
,,,,,45192,3.0,3,,,,,,,,
,,,,,45196,4.0,4,,,,,,,,
,,,,,45201,5.0,5,,,,,,,,
,,,,,45204,3.0,3,,,,,,,,
,,,,,45207,3.0,3,,,,,,,,
,,,,,45210,3.0,3,,,,,,,,
,,,,,45213,3.0,3,,,,,,,,
,,,,,45216,3.0,3,,,,,,,,
,,,,,45219,3.0,3,,,,,,,,
,,,,,45222,3.0,3,,,,,,,,
,,,,,45225,3.0,3,,,,,,,,
,,,,,45228,3.0,3,,,,,,,,
,,,,,45231,3.0,3,,,,,,,,
,,,,,45237,6.0,6,,,,,,,,
,,,,,45243,6.0,6,,,,,,,,
,,,,,45246,3.0,3,,,,,,,,
,,,,,45249,3.0,3,,,,,,,,
,,,,,45260,11.0,11,,,,,,,,
,,,,,45263,3.0,3,,,,,,,,
,,,,,45266,3.0,3,,,,,,,,
,,,,,45269,3.0,3,,,,,,,,
,,,,,45272,3.0,3,,,,,,,,
,,,,,45275,3.0,3,,,,,,,,
,,,,,45280,5.0,5,,,,,,,,
,,,,,45283,3.0,3,,,,,,,,
,,,,,45286,3.0,3,,,,,,,,
,,,,,45291,5.0,5,,,,,,,,
,,,,,45295,4.0,4,,,,,,,,
,,,,,45298,3.0,3,,,,,,,,
,,,,,45302,4.0,4,,,,,,,,
,,,,,45314,12.0,12,,,,,,,,
,,,,,45317,3.0,3,,,,,,,,
,,,,,45321,4.0,4,,,,,,,,
,,,,,45324,3.0,3,,,,,,,,
,,,,,45327,3.0,3,,,,,,,,
,,,,,45331,4.0,4,,,,,,,,
,,,,,45334,3.0,3,,,,,,,,
,,,,,45340,6.0,6,,,,,,,,
,,,,,45343,3.0,3,,,,,,,,
,,,,,45346,3.0,3,,,,,,,,
,,,,,45352,6.0,6,,,,,,,,
,,,,,45356,4.0,4,,,,,,,,
,,,,,45359,3.0,3,,,,,,,,
,,,,,45362,3.0,3,,,,,,,,
,,,,,45367,5.0,5,,,,,,,,
,,,,,45370,3.0,3,,,,,,,,
,,,,,45373,3.0,3,,,,,,,,
,,,,,45376,3.0,3,,,,,,,,
,,,,,45379,3.0,3,,,,,,,,
,,,,,45388,9.0,9,,,,,,,,
,,,,,45393,5.0,5,,,,,,,,
,,,,,45396,3.0,3,,,,,,,,
,,,,,45399,3.0,3,,,,,,,,
,,,,,45402,3.0,3,,,,,,,,
,,,,,45405,3.0,3,,,,,,,,
,,,,,45409,4.0,4,,,,,,,,
,,,,,45412,3.0,3,,,,,,,,
,,,,,45415,3.0,3,,,,,,,,
,,,,,45420,5.0,5,,,,,,,,
,,,,,45423,3.0,3,,,,,,,,
,,,,,45428,5.0,5,,,,,,,,
,,,,,45431,3.0,3,,,,,,,,
,,,,,45434,3.0,3,,,,,,,,
,,,,,45437,3.0,3,,,,,,,,
,,,,,45440,3.0,3,,,,,,,,
,,,,,45447,7.0,7,,,,,,,,
,,,,,45453,6.0,6,,,,,,,,
,,,,,45456,3.0,3,,,,,,,,
,,,,,45460,4.0,4,,,,,,,,
,,,,,45465,5.0,5,,,,,,,,
,,,,,45470,5.0,5,,,,,,,,
,,,,,45473,3.0,3,,,,,,,,
,,,,,45476,3.0,3,,,,,,,,
,,,,,45479,3.0,3,,,,,,,,
,,,,,45482,3.0,3,,,,,,,,
,,,,,45485,3.0,3,,,,,,,,
,,,,,45488,3.0,3,,,,,,,,
,,,,,45491,3.0,3,,,,,,,,
,,,,,45494,3.0,3,,,,,,,,
,,,,,45501,7.0,7,,,,,,,,
,,,,,45507,6.0,6,,,,,,,,
,,,,,45511,4.0,4,,,,,,,,
,,,,,45515,4.0,4,,,,,,,,
,,,,,45518,3.0,3,,,,,,,,
,,,,,45521,3.0,3,,,,,,,,
,,,,,45524,3.0,3,,,,,,,,
,,,,,45527,3.0,3,,,,,,,,
,,,,,45530,3.0,3,,,,,,,,
,,,,,45533,3.0,3,,,,,,,,
,,,,,45538,5.0,5,,,,,,,,
,,,,,45541,3.0,3,,,,,,,,
,,,,,45544,3.0,3,,,,,,,,
,,,,,45547,3.0,3,,,,,,,,
,,,,,45552,5.0,5,,,,,,,,
,,,,,45556,4.0,4,,,,,,,,
,,,,,45559,3.0,3,,,,,,,,
,,,,,45562,3.0,3,,,,,,,,
,,,,,45566,4.0,4,,,,,,,,
,,,,,45569,3.0,3,,,,,,,,
,,,,,45572,3.0,3,,,,,,,,
,,,,,45575,3.0,3,,,,,,,,
,,,,,45578,3.0,3,,,,,,,,
,,,,,45586,8.0,8,,,,,,,,
,,,,,45590,4.0,4,,,,,,,,
,,,,,45597,7.0,7,,,,,,,,
,,,,,45600,3.0,3,,,,,,,,
,,,,,45603,3.0,3,,,,,,,,
,,,,,45606,3.0,3,,,,,,,,
,,,,,45609,3.0,3,,,,,,,,
,,,,,45612,3.0,3,,,,,,,,
,,,,,45615,3.0,3,,,,,,,,
,,,,,45618,3.0,3,,,,,,,,
,,,,,45621,3.0,3,,,,,,,,
,,,,,45625,4.0,4,,,,,,,,
,,,,,45628,3.0,3,,,,,,,,
,,,,,45631,3.0,3,,,,,,,,
,,,,,45634,3.0,3,,,,,,,,
,,,,,45637,3.0,3,,,,,,,,
,,,,,45641,4.0,4,,,,,,,,
,,,,,45644,3.0,3,,,,,,,,
,,,,,45647,3.0,3,,,,,,,,
,,,,,45650,3.0,3,,,,,,,,
,,,,,45653,3.0,3,,,,,,,,
,,,,,45658,5.0,5,,,,,,,,
,,,,,45661,3.0,3,,,,,,,,
,,,,,45664,3.0,3,,,,,,,,
,,,,,45672,8.0,8,,,,,,,,
,,,,,45676,4.0,4,,,,,,,,
,,,,,45682,6.0,6,,,,,,,,
,,,,,45685,3.0,3,,,,,,,,
,,,,,45688,3.0,3,,,,,,,,
,,,,,45692,4.0,4,,,,,,,,
,,,,,45695,3.0,3,,,,,,,,
,,,,,45699,4.0,4,,,,,,,,
,,,,,45704,5.0,5,,,,,,,,
,,,,,45712,8.0,8,,,,,,,,
,,,,,45717,5.0,5,,,,,,,,
,,,,,45720,3.0,3,,,,,,,,
,,,,,45723,3.0,3,,,,,,,,
,,,,,45726,3.0,3,,,,,,,,
,,,,,45729,3.0,3,,,,,,,,
,,,,,45732,3.0,3,,,,,,,,
,,,,,45735,3.0,3,,,,,,,,
,,,,,45739,4.0,4,,,,,,,,
,,,,,45746,7.0,7,,,,,,,,
,,,,,45749,3.0,3,,,,,,,,
,,,,,45752,3.0,3,,,,,,,,
,,,,,45760,8.0,8,,,,,,,,
,,,,,45764,4.0,4,,,,,,,,
,,,,,45767,3.0,3,,,,,,,,
,,,,,45771,4.0,4,,,,,,,,
,,,,,45774,3.0,3,,,,,,,,
,,,,,45778,4.0,4,,,,,,,,
,,,,,45781,3.0,3,,,,,,,,
,,,,,45784,3.0,3,,,,,,,,
,,,,,45787,3.0,3,,,,,,,,
,,,,,45792,5.0,5,,,,,,,,
,,,,,45797,5.0,5,,,,,,,,
,,,,,45800,3.0,3,,,,,,,,
,,,,,45803,3.0,3,,,,,,,,
,,,,,45806,3.0,3,,,,,,,,
,,,,,45809,3.0,3,,,,,,,,
,,,,,45812,3.0,3,,,,,,,,
,,,,,45815,3.0,3,,,,,,,,
,,,,,45818,3.0,3,,,,,,,,
,,,,,45821,3.0,3,,,,,,,,
,,,,,45824,3.0,3,,,,,,,,
,,,,,45827,3.0,3,,,,,,,,
,,,,,45830,3.0,3,,,,,,,,
,,,,,45838,8.0,8,,,,,,,,
,,,,,45841,3.0,3,,,,,,,,
,,,,,45848,7.0,7,,,,,,,,
,,,,,45855,7.0,7,,,,,,,,
,,,,,45858,3.0,3,,,,,,,,
,,,,,45862,4.0,4,,,,,,,,
,,,,,45865,3.0,3,,,,,,,,
,,,,,45868,3.0,3,,,,,,,,
,,,,,45871,3.0,3,,,,,,,,
,,,,,45874,3.0,3,,,,,,,,
,,,,,45877,3.0,3,,,,,,,,
,,,,,45880,3.0,3,,,,,,,,
,,,,,45883,3.0,3,,,,,,,,
,,,,,45888,5.0,5,,,,,,,,
,,,,,45891,3.0,3,,,,,,,,
,,,,,45898,7.0,7,,,,,,,,
,,,,,45901,3.0,3,,,,,,,,
,,,,,45904,3.0,3,,,,,,,,
,,,,,45907,3.0,3,,,,,,,,
,,,,,45910,3.0,3,,,,,,,,
,,,,,45913,3.0,3,,,,,,,,
,,,,,45916,3.0,3,,,,,,,,
,,,,,45919,3.0,3,,,,,,,,
,,,,,45922,3.0,3,,,,,,,,
,,,,,45925,3.0,3,,,,,,,,
,,,,,45929,4.0,4,,,,,,,,
,,,,,45932,3.0,3,,,,,,,,
,,,,,45935,3.0,3,,,,,,,,
,,,,,45938,3.0,3,,,,,,,,
,,,,,45941,3.0,3,,,,,,,,
,,,,,45945,4.0,4,,,,,,,,
,,,,,45948,3.0,3,,,,,,,,
,,,,,45952,4.0,4,,,,,,,,
,,,,,45958,6.0,6,,,,,,,,
,,,,,45962,4.0,4,,,,,,,,
,,,,,45965,3.0,3,,,,,,,,
,,,,,45968,3.0,3,,,,,,,,
,,,,,45971,3.0,3,,,,,,,,
,,,,,45974,3.0,3,,,,,,,,
,,,,,45977,3.0,3,,,,,,,,
,,,,,45980,3.0,3,,,,,,,,
,,,,,45983,3.0,3,,,,,,,,
,,,,,45987,4.0,4,,,,,,,,
,,,,,45990,3.0,3,,,,,,,,
,,,,,45993,3.0,3,,,,,,,,
,,,,,45996,3.0,3,,,,,,,,
,,,,,46000,4.0,4,,,,,,,,
,,,,,46000,,,0.5926751494407654,-5.926751136779785,0.10599759221076965,1.8593778610229492,1.8680936098098755,0.0003,0.0003,0.1
,,,,,46003,3.0,3,,,,,,,,
,,,,,46008,5.0,5,,,,,,,,
,,,,,46012,4.0,4,,,,,,,,
,,,,,46017,5.0,5,,,,,,,,
,,,,,46020,3.0,3,,,,,,,,
,,,,,46023,3.0,3,,,,,,,,
,,,,,46026,3.0,3,,,,,,,,
,,,,,46029,3.0,3,,,,,,,,
,,,,,46032,3.0,3,,,,,,,,
,,,,,46037,5.0,5,,,,,,,,
,,,,,46040,3.0,3,,,,,,,,
,,,,,46043,3.0,3,,,,,,,,
,,,,,46046,3.0,3,,,,,,,,
,,,,,46049,3.0,3,,,,,,,,
,,,,,46052,3.0,3,,,,,,,,
,,,,,46055,3.0,3,,,,,,,,
,,,,,46062,7.0,7,,,,,,,,
,,,,,46070,8.0,8,,,,,,,,
,,,,,46073,3.0,3,,,,,,,,
,,,,,46080,7.0,7,,,,,,,,
,,,,,46083,3.0,3,,,,,,,,
,,,,,46086,3.0,3,,,,,,,,
,,,,,46089,3.0,3,,,,,,,,
,,,,,46092,3.0,3,,,,,,,,
,,,,,46095,3.0,3,,,,,,,,
,,,,,46098,3.0,3,,,,,,,,
,,,,,46101,3.0,3,,,,,,,,
,,,,,46104,3.0,3,,,,,,,,
,,,,,46107,3.0,3,,,,,,,,
,,,,,46110,3.0,3,,,,,,,,
,,,,,46113,3.0,3,,,,,,,,
,,,,,46117,4.0,4,,,,,,,,
,,,,,46121,4.0,4,,,,,,,,
,,,,,46125,4.0,4,,,,,,,,
,,,,,46129,4.0,4,,,,,,,,
,,,,,46132,3.0,3,,,,,,,,
,,,,,46135,3.0,3,,,,,,,,
,,,,,46142,7.0,7,,,,,,,,
,,,,,46148,6.0,6,,,,,,,,
,,,,,46151,3.0,3,,,,,,,,
,,,,,46155,4.0,4,,,,,,,,
,,,,,46158,3.0,3,,,,,,,,
,,,,,46161,3.0,3,,,,,,,,
,,,,,46164,3.0,3,,,,,,,,
,,,,,46168,4.0,4,,,,,,,,
,,,,,46171,3.0,3,,,,,,,,
,,,,,46174,3.0,3,,,,,,,,
,,,,,46178,4.0,4,,,,,,,,
,,,,,46181,3.0,3,,,,,,,,
,,,,,46188,7.0,7,,,,,,,,
,,,,,46194,6.0,6,,,,,,,,
,,,,,46197,3.0,3,,,,,,,,
,,,,,46200,3.0,3,,,,,,,,
,,,,,46205,5.0,5,,,,,,,,
,,,,,46208,3.0,3,,,,,,,,
,,,,,46211,3.0,3,,,,,,,,
,,,,,46214,3.0,3,,,,,,,,
,,,,,46217,3.0,3,,,,,,,,
,,,,,46223,6.0,6,,,,,,,,
,,,,,46226,3.0,3,,,,,,,,
,,,,,46231,5.0,5,,,,,,,,
,,,,,46234,3.0,3,,,,,,,,
,,,,,46237,3.0,3,,,,,,,,
,,,,,46240,3.0,3,,,,,,,,
,,,,,46243,3.0,3,,,,,,,,
,,,,,46246,3.0,3,,,,,,,,
,,,,,46249,3.0,3,,,,,,,,
,,,,,46252,3.0,3,,,,,,,,
,,,,,46255,3.0,3,,,,,,,,
,,,,,46264,9.0,9,,,,,,,,
,,,,,46267,3.0,3,,,,,,,,
,,,,,46270,3.0,3,,,,,,,,
,,,,,46273,3.0,3,,,,,,,,
,,,,,46276,3.0,3,,,,,,,,
,,,,,46281,5.0,5,,,,,,,,
,,,,,46284,3.0,3,,,,,,,,
,,,,,46287,3.0,3,,,,,,,,
,,,,,46290,3.0,3,,,,,,,,
,,,,,46293,3.0,3,,,,,,,,
,,,,,46299,6.0,6,,,,,,,,
,,,,,46304,5.0,5,,,,,,,,
,,,,,46309,5.0,5,,,,,,,,
,,,,,46312,3.0,3,,,,,,,,
,,,,,46317,5.0,5,,,,,,,,
,,,,,46321,4.0,4,,,,,,,,
,,,,,46325,4.0,4,,,,,,,,
,,,,,46328,3.0,3,,,,,,,,
,,,,,46331,3.0,3,,,,,,,,
,,,,,46335,4.0,4,,,,,,,,
,,,,,46340,5.0,5,,,,,,,,
,,,,,46343,3.0,3,,,,,,,,
,,,,,46346,3.0,3,,,,,,,,
,,,,,46349,3.0,3,,,,,,,,
,,,,,46352,3.0,3,,,,,,,,
,,,,,46355,3.0,3,,,,,,,,
,,,,,46358,3.0,3,,,,,,,,
,,,,,46363,5.0,5,,,,,,,,
,,,,,46366,3.0,3,,,,,,,,
,,,,,46371,5.0,5,,,,,,,,
,,,,,46374,3.0,3,,,,,,,,
,,,,,46380,6.0,6,,,,,,,,
,,,,,46386,6.0,6,,,,,,,,
,,,,,46389,3.0,3,,,,,,,,
,,,,,46393,4.0,4,,,,,,,,
,,,,,46396,3.0,3,,,,,,,,
,,,,,46399,3.0,3,,,,,,,,
,,,,,46402,3.0,3,,,,,,,,
,,,,,46408,6.0,6,,,,,,,,
,,,,,46412,4.0,4,,,,,,,,
,,,,,46418,6.0,6,,,,,,,,
,,,,,46421,3.0,3,,,,,,,,
,,,,,46424,3.0,3,,,,,,,,
,,,,,46430,6.0,6,,,,,,,,
,,,,,46433,3.0,3,,,,,,,,
,,,,,46436,3.0,3,,,,,,,,
,,,,,46439,3.0,3,,,,,,,,
,,,,,46445,6.0,6,,,,,,,,
,,,,,46448,3.0,3,,,,,,,,
,,,,,46453,5.0,5,,,,,,,,
,,,,,46460,7.0,7,,,,,,,,
,,,,,46463,3.0,3,,,,,,,,
,,,,,46466,3.0,3,,,,,,,,
,,,,,46469,3.0,3,,,,,,,,
,,,,,46475,6.0,6,,,,,,,,
,,,,,46478,3.0,3,,,,,,,,
,,,,,46482,4.0,4,,,,,,,,
,,,,,46485,3.0,3,,,,,,,,
,,,,,46490,5.0,5,,,,,,,,
,,,,,46493,3.0,3,,,,,,,,
,,,,,46496,3.0,3,,,,,,,,
,,,,,46499,3.0,3,,,,,,,,
,,,,,46505,6.0,6,,,,,,,,
,,,,,46508,3.0,3,,,,,,,,
,,,,,46511,3.0,3,,,,,,,,
,,,,,46515,4.0,4,,,,,,,,
,,,,,46519,4.0,4,,,,,,,,
,,,,,46522,3.0,3,,,,,,,,
,,,,,46526,4.0,4,,,,,,,,
,,,,,46529,3.0,3,,,,,,,,
,,,,,46536,7.0,7,,,,,,,,
,,,,,46540,4.0,4,,,,,,,,
,,,,,46543,3.0,3,,,,,,,,
,,,,,46546,3.0,3,,,,,,,,
,,,,,46549,3.0,3,,,,,,,,
,,,,,46552,3.0,3,,,,,,,,
,,,,,46556,4.0,4,,,,,,,,
,,,,,46561,5.0,5,,,,,,,,
,,,,,46565,4.0,4,,,,,,,,
,,,,,46568,3.0,3,,,,,,,,
,,,,,46575,7.0,7,,,,,,,,
,,,,,46578,3.0,3,,,,,,,,
,,,,,46581,3.0,3,,,,,,,,
,,,,,46584,3.0,3,,,,,,,,
,,,,,46589,5.0,5,,,,,,,,
,,,,,46592,3.0,3,,,,,,,,
,,,,,46595,3.0,3,,,,,,,,
,,,,,46598,3.0,3,,,,,,,,
,,,,,46601,3.0,3,,,,,,,,
,,,,,46604,3.0,3,,,,,,,,
,,,,,46607,3.0,3,,,,,,,,
,,,,,46610,3.0,3,,,,,,,,
,,,,,46616,6.0,6,,,,,,,,
,,,,,46619,3.0,3,,,,,,,,
,,,,,46622,3.0,3,,,,,,,,
,,,,,46628,6.0,6,,,,,,,,
,,,,,46632,4.0,4,,,,,,,,
,,,,,46635,3.0,3,,,,,,,,
,,,,,46638,3.0,3,,,,,,,,
,,,,,46641,3.0,3,,,,,,,,
,,,,,46648,7.0,7,,,,,,,,
,,,,,46651,3.0,3,,,,,,,,
,,,,,46654,3.0,3,,,,,,,,
,,,,,46657,3.0,3,,,,,,,,
,,,,,46660,3.0,3,,,,,,,,
,,,,,46664,4.0,4,,,,,,,,
,,,,,46667,3.0,3,,,,,,,,
,,,,,46678,11.0,11,,,,,,,,
,,,,,46681,3.0,3,,,,,,,,
,,,,,46685,4.0,4,,,,,,,,
,,,,,46688,3.0,3,,,,,,,,
,,,,,46691,3.0,3,,,,,,,,
,,,,,46695,4.0,4,,,,,,,,
,,,,,46701,6.0,6,,,,,,,,
,,,,,46707,6.0,6,,,,,,,,
,,,,,46710,3.0,3,,,,,,,,
,,,,,46713,3.0,3,,,,,,,,
,,,,,46717,4.0,4,,,,,,,,
,,,,,46720,3.0,3,,,,,,,,
,,,,,46723,3.0,3,,,,,,,,
,,,,,46726,3.0,3,,,,,,,,
,,,,,46729,3.0,3,,,,,,,,
,,,,,46739,10.0,10,,,,,,,,
,,,,,46742,3.0,3,,,,,,,,
,,,,,46745,3.0,3,,,,,,,,
,,,,,46752,7.0,7,,,,,,,,
,,,,,46755,3.0,3,,,,,,,,
,,,,,46760,5.0,5,,,,,,,,
,,,,,46763,3.0,3,,,,,,,,
,,,,,46769,6.0,6,,,,,,,,
,,,,,46773,4.0,4,,,,,,,,
,,,,,46776,3.0,3,,,,,,,,
,,,,,46779,3.0,3,,,,,,,,
,,,,,46783,4.0,4,,,,,,,,
,,,,,46789,6.0,6,,,,,,,,
,,,,,46794,5.0,5,,,,,,,,
,,,,,46797,3.0,3,,,,,,,,
,,,,,46800,3.0,3,,,,,,,,
,,,,,46805,5.0,5,,,,,,,,
,,,,,46810,5.0,5,,,,,,,,
,,,,,46813,3.0,3,,,,,,,,
,,,,,46816,3.0,3,,,,,,,,
,,,,,46819,3.0,3,,,,,,,,
,,,,,46822,3.0,3,,,,,,,,
,,,,,46825,3.0,3,,,,,,,,
,,,,,46830,5.0,5,,,,,,,,
,,,,,46833,3.0,3,,,,,,,,
,,,,,46836,3.0,3,,,,,,,,
,,,,,46840,4.0,4,,,,,,,,
,,,,,46843,3.0,3,,,,,,,,
,,,,,46846,3.0,3,,,,,,,,
,,,,,46853,7.0,7,,,,,,,,
,,,,,46857,4.0,4,,,,,,,,
,,,,,46860,3.0,3,,,,,,,,
,,,,,46863,3.0,3,,,,,,,,
,,,,,46866,3.0,3,,,,,,,,
,,,,,46870,4.0,4,,,,,,,,
,,,,,46876,6.0,6,,,,,,,,
,,,,,46879,3.0,3,,,,,,,,
,,,,,46885,6.0,6,,,,,,,,
,,,,,46888,3.0,3,,,,,,,,
,,,,,46892,4.0,4,,,,,,,,
,,,,,46901,9.0,9,,,,,,,,
,,,,,46905,4.0,4,,,,,,,,
,,,,,46911,6.0,6,,,,,,,,
,,,,,46914,3.0,3,,,,,,,,
,,,,,46924,10.0,10,,,,,,,,
,,,,,46927,3.0,3,,,,,,,,
,,,,,46930,3.0,3,,,,,,,,
,,,,,46933,3.0,3,,,,,,,,
,,,,,46936,3.0,3,,,,,,,,
,,,,,46942,6.0,6,,,,,,,,
,,,,,46945,3.0,3,,,,,,,,
,,,,,46951,6.0,6,,,,,,,,
,,,,,46954,3.0,3,,,,,,,,
,,,,,46959,5.0,5,,,,,,,,
,,,,,46962,3.0,3,,,,,,,,
,,,,,46965,3.0,3,,,,,,,,
,,,,,46968,3.0,3,,,,,,,,
,,,,,46972,4.0,4,,,,,,,,
,,,,,46975,3.0,3,,,,,,,,
,,,,,46982,7.0,7,,,,,,,,
,,,,,46987,5.0,5,,,,,,,,
,,,,,46990,3.0,3,,,,,,,,
,,,,,46995,5.0,5,,,,,,,,
,,,,,46998,3.0,3,,,,,,,,
,,,,,47000,,,0.6107995510101318,-6.107995510101318,0.13788339495658875,1.882310152053833,1.977851152420044,0.0003,0.0003,0.1
,,,,,47002,4.0,4,,,,,,,,
,,,,,47008,6.0,6,,,,,,,,
,,,,,47011,3.0,3,,,,,,,,
,,,,,47017,6.0,6,,,,,,,,
,,,,,47020,3.0,3,,,,,,,,
,,,,,47023,3.0,3,,,,,,,,
,,,,,47027,4.0,4,,,,,,,,
,,,,,47030,3.0,3,,,,,,,,
,,,,,47041,11.0,11,,,,,,,,
,,,,,47045,4.0,4,,,,,,,,
,,,,,47051,6.0,6,,,,,,,,
,,,,,47060,9.0,9,,,,,,,,
,,,,,47063,3.0,3,,,,,,,,
,,,,,47066,3.0,3,,,,,,,,
,,,,,47069,3.0,3,,,,,,,,
,,,,,47075,6.0,6,,,,,,,,
,,,,,47078,3.0,3,,,,,,,,
,,,,,47082,4.0,4,,,,,,,,
,,,,,47085,3.0,3,,,,,,,,
,,,,,47088,3.0,3,,,,,,,,
,,,,,47091,3.0,3,,,,,,,,
,,,,,47095,4.0,4,,,,,,,,
,,,,,47098,3.0,3,,,,,,,,
,,,,,47101,3.0,3,,,,,,,,
,,,,,47104,3.0,3,,,,,,,,
,,,,,47112,8.0,8,,,,,,,,
,,,,,47117,5.0,5,,,,,,,,
,,,,,47120,3.0,3,,,,,,,,
,,,,,47125,5.0,5,,,,,,,,
,,,,,47128,3.0,3,,,,,,,,
,,,,,47131,3.0,3,,,,,,,,
,,,,,47134,3.0,3,,,,,,,,
,,,,,47139,5.0,5,,,,,,,,
,,,,,47146,7.0,7,,,,,,,,
,,,,,47149,3.0,3,,,,,,,,
,,,,,47154,5.0,5,,,,,,,,
,,,,,47158,4.0,4,,,,,,,,
,,,,,47166,8.0,8,,,,,,,,
,,,,,47169,3.0,3,,,,,,,,
,,,,,47173,4.0,4,,,,,,,,
,,,,,47176,3.0,3,,,,,,,,
,,,,,47181,5.0,5,,,,,,,,
,,,,,47184,3.0,3,,,,,,,,
,,,,,47187,3.0,3,,,,,,,,
,,,,,47190,3.0,3,,,,,,,,
,,,,,47193,3.0,3,,,,,,,,
,,,,,47197,4.0,4,,,,,,,,
,,,,,47200,3.0,3,,,,,,,,
,,,,,47204,4.0,4,,,,,,,,
,,,,,47207,3.0,3,,,,,,,,
,,,,,47218,11.0,11,,,,,,,,
,,,,,47222,4.0,4,,,,,,,,
,,,,,47226,4.0,4,,,,,,,,
,,,,,47231,5.0,5,,,,,,,,
,,,,,47234,3.0,3,,,,,,,,
,,,,,47237,3.0,3,,,,,,,,
,,,,,47242,5.0,5,,,,,,,,
,,,,,47245,3.0,3,,,,,,,,
,,,,,47248,3.0,3,,,,,,,,
,,,,,47252,4.0,4,,,,,,,,
,,,,,47257,5.0,5,,,,,,,,
,,,,,47261,4.0,4,,,,,,,,
,,,,,47265,4.0,4,,,,,,,,
,,,,,47269,4.0,4,,,,,,,,
,,,,,47272,3.0,3,,,,,,,,
,,,,,47277,5.0,5,,,,,,,,
,,,,,47280,3.0,3,,,,,,,,
,,,,,47283,3.0,3,,,,,,,,
,,,,,47287,4.0,4,,,,,,,,
,,,,,47290,3.0,3,,,,,,,,
,,,,,47298,8.0,8,,,,,,,,
,,,,,47306,8.0,8,,,,,,,,
,,,,,47309,3.0,3,,,,,,,,
,,,,,47312,3.0,3,,,,,,,,
,,,,,47315,3.0,3,,,,,,,,
,,,,,47318,3.0,3,,,,,,,,
,,,,,47321,3.0,3,,,,,,,,
,,,,,47324,3.0,3,,,,,,,,
,,,,,47327,3.0,3,,,,,,,,
,,,,,47330,3.0,3,,,,,,,,
,,,,,47333,3.0,3,,,,,,,,
,,,,,47338,5.0,5,,,,,,,,
,,,,,47341,3.0,3,,,,,,,,
,,,,,47344,3.0,3,,,,,,,,
,,,,,47348,4.0,4,,,,,,,,
,,,,,47351,3.0,3,,,,,,,,
,,,,,47354,3.0,3,,,,,,,,
,,,,,47357,3.0,3,,,,,,,,
,,,,,47366,9.0,9,,,,,,,,
,,,,,47369,3.0,3,,,,,,,,
,,,,,47373,4.0,4,,,,,,,,
,,,,,47376,3.0,3,,,,,,,,
,,,,,47379,3.0,3,,,,,,,,
,,,,,47383,4.0,4,,,,,,,,
,,,,,47388,5.0,5,,,,,,,,
,,,,,47393,5.0,5,,,,,,,,
,,,,,47401,8.0,8,,,,,,,,
,,,,,47404,3.0,3,,,,,,,,
,,,,,47407,3.0,3,,,,,,,,
,,,,,47410,3.0,3,,,,,,,,
,,,,,47413,3.0,3,,,,,,,,
,,,,,47416,3.0,3,,,,,,,,
,,,,,47419,3.0,3,,,,,,,,
,,,,,47427,8.0,8,,,,,,,,
,,,,,47430,3.0,3,,,,,,,,
,,,,,47434,4.0,4,,,,,,,,
,,,,,47437,3.0,3,,,,,,,,
,,,,,47440,3.0,3,,,,,,,,
,,,,,47444,4.0,4,,,,,,,,
,,,,,47449,5.0,5,,,,,,,,
,,,,,47453,4.0,4,,,,,,,,
,,,,,47457,4.0,4,,,,,,,,
,,,,,47460,3.0,3,,,,,,,,
,,,,,47463,3.0,3,,,,,,,,
,,,,,47466,3.0,3,,,,,,,,
,,,,,47469,3.0,3,,,,,,,,
,,,,,47472,3.0,3,,,,,,,,
,,,,,47475,3.0,3,,,,,,,,
,,,,,47478,3.0,3,,,,,,,,
,,,,,47481,3.0,3,,,,,,,,
,,,,,47486,5.0,5,,,,,,,,
,,,,,47491,5.0,5,,,,,,,,
,,,,,47494,3.0,3,,,,,,,,
,,,,,47498,4.0,4,,,,,,,,
,,,,,47502,4.0,4,,,,,,,,
,,,,,47508,6.0,6,,,,,,,,
,,,,,47512,4.0,4,,,,,,,,
,,,,,47515,3.0,3,,,,,,,,
,,,,,47518,3.0,3,,,,,,,,
,,,,,47521,3.0,3,,,,,,,,
,,,,,47524,3.0,3,,,,,,,,
,,,,,47527,3.0,3,,,,,,,,
,,,,,47530,3.0,3,,,,,,,,
,,,,,47535,5.0,5,,,,,,,,
,,,,,47538,3.0,3,,,,,,,,
,,,,,47542,4.0,4,,,,,,,,
,,,,,47545,3.0,3,,,,,,,,
,,,,,47549,4.0,4,,,,,,,,
,,,,,47552,3.0,3,,,,,,,,
,,,,,47555,3.0,3,,,,,,,,
,,,,,47559,4.0,4,,,,,,,,
,,,,,47562,3.0,3,,,,,,,,
,,,,,47565,3.0,3,,,,,,,,
,,,,,47569,4.0,4,,,,,,,,
,,,,,47572,3.0,3,,,,,,,,
,,,,,47576,4.0,4,,,,,,,,
,,,,,47581,5.0,5,,,,,,,,
,,,,,47586,5.0,5,,,,,,,,
,,,,,47592,6.0,6,,,,,,,,
,,,,,47595,3.0,3,,,,,,,,
,,,,,47598,3.0,3,,,,,,,,
,,,,,47601,3.0,3,,,,,,,,
,,,,,47605,4.0,4,,,,,,,,
,,,,,47609,4.0,4,,,,,,,,
,,,,,47614,5.0,5,,,,,,,,
,,,,,47617,3.0,3,,,,,,,,
,,,,,47620,3.0,3,,,,,,,,
,,,,,47625,5.0,5,,,,,,,,
,,,,,47628,3.0,3,,,,,,,,
,,,,,47631,3.0,3,,,,,,,,
,,,,,47634,3.0,3,,,,,,,,
,,,,,47637,3.0,3,,,,,,,,
,,,,,47640,3.0,3,,,,,,,,
,,,,,47643,3.0,3,,,,,,,,
,,,,,47646,3.0,3,,,,,,,,
,,,,,47649,3.0,3,,,,,,,,
,,,,,47652,3.0,3,,,,,,,,
,,,,,47655,3.0,3,,,,,,,,
,,,,,47658,3.0,3,,,,,,,,
,,,,,47661,3.0,3,,,,,,,,
,,,,,47664,3.0,3,,,,,,,,
,,,,,47667,3.0,3,,,,,,,,
,,,,,47670,3.0,3,,,,,,,,
,,,,,47673,3.0,3,,,,,,,,
,,,,,47677,4.0,4,,,,,,,,
,,,,,47680,3.0,3,,,,,,,,
,,,,,47683,3.0,3,,,,,,,,
,,,,,47687,4.0,4,,,,,,,,
,,,,,47690,3.0,3,,,,,,,,
,,,,,47693,3.0,3,,,,,,,,
,,,,,47696,3.0,3,,,,,,,,
,,,,,47700,4.0,4,,,,,,,,
,,,,,47703,3.0,3,,,,,,,,
,,,,,47706,3.0,3,,,,,,,,
,,,,,47709,3.0,3,,,,,,,,
,,,,,47713,4.0,4,,,,,,,,
,,,,,47716,3.0,3,,,,,,,,
,,,,,47719,3.0,3,,,,,,,,
,,,,,47722,3.0,3,,,,,,,,
,,,,,47725,3.0,3,,,,,,,,
,,,,,47728,3.0,3,,,,,,,,
,,,,,47731,3.0,3,,,,,,,,
,,,,,47734,3.0,3,,,,,,,,
,,,,,47737,3.0,3,,,,,,,,
,,,,,47740,3.0,3,,,,,,,,
,,,,,47745,5.0,5,,,,,,,,
,,,,,47748,3.0,3,,,,,,,,
,,,,,47752,4.0,4,,,,,,,,
,,,,,47755,3.0,3,,,,,,,,
,,,,,47758,3.0,3,,,,,,,,
,,,,,47761,3.0,3,,,,,,,,
,,,,,47764,3.0,3,,,,,,,,
,,,,,47767,3.0,3,,,,,,,,
,,,,,47771,4.0,4,,,,,,,,
,,,,,47776,5.0,5,,,,,,,,
,,,,,47779,3.0,3,,,,,,,,
,,,,,47784,5.0,5,,,,,,,,
,,,,,47787,3.0,3,,,,,,,,
,,,,,47790,3.0,3,,,,,,,,
,,,,,47797,7.0,7,,,,,,,,
,,,,,47801,4.0,4,,,,,,,,
,,,,,47804,3.0,3,,,,,,,,
,,,,,47807,3.0,3,,,,,,,,
,,,,,47813,6.0,6,,,,,,,,
,,,,,47816,3.0,3,,,,,,,,
,,,,,47819,3.0,3,,,,,,,,
,,,,,47822,3.0,3,,,,,,,,
,,,,,47825,3.0,3,,,,,,,,
,,,,,47828,3.0,3,,,,,,,,
,,,,,47833,5.0,5,,,,,,,,
,,,,,47837,4.0,4,,,,,,,,
,,,,,47840,3.0,3,,,,,,,,
,,,,,47843,3.0,3,,,,,,,,
,,,,,47847,4.0,4,,,,,,,,
,,,,,47850,3.0,3,,,,,,,,
,,,,,47853,3.0,3,,,,,,,,
,,,,,47857,4.0,4,,,,,,,,
,,,,,47860,3.0,3,,,,,,,,
,,,,,47863,3.0,3,,,,,,,,
,,,,,47866,3.0,3,,,,,,,,
,,,,,47869,3.0,3,,,,,,,,
,,,,,47878,9.0,9,,,,,,,,
,,,,,47881,3.0,3,,,,,,,,
,,,,,47886,5.0,5,,,,,,,,
,,,,,47891,5.0,5,,,,,,,,
,,,,,47895,4.0,4,,,,,,,,
,,,,,47898,3.0,3,,,,,,,,
,,,,,47902,4.0,4,,,,,,,,
,,,,,47909,7.0,7,,,,,,,,
,,,,,47912,3.0,3,,,,,,,,
,,,,,47915,3.0,3,,,,,,,,
,,,,,47918,3.0,3,,,,,,,,
,,,,,47921,3.0,3,,,,,,,,
,,,,,47924,3.0,3,,,,,,,,
,,,,,47927,3.0,3,,,,,,,,
,,,,,47930,3.0,3,,,,,,,,
,,,,,47933,3.0,3,,,,,,,,
,,,,,47936,3.0,3,,,,,,,,
,,,,,47939,3.0,3,,,,,,,,
,,,,,47946,7.0,7,,,,,,,,
,,,,,47949,3.0,3,,,,,,,,
,,,,,47952,3.0,3,,,,,,,,
,,,,,47958,6.0,6,,,,,,,,
,,,,,47964,6.0,6,,,,,,,,
,,,,,47967,3.0,3,,,,,,,,
,,,,,47970,3.0,3,,,,,,,,
,,,,,47973,3.0,3,,,,,,,,
,,,,,47977,4.0,4,,,,,,,,
,,,,,47980,3.0,3,,,,,,,,
,,,,,47986,6.0,6,,,,,,,,
,,,,,47991,5.0,5,,,,,,,,
,,,,,47994,3.0,3,,,,,,,,
,,,,,47997,3.0,3,,,,,,,,
,,,,,48000,3.0,3,,,,,,,,
,,,,,48000,,,0.5386856198310852,-5.3868560791015625,0.06992635875940323,1.8322699069976807,1.8140342235565186,0.0003,0.0003,0.1
,,,,,48003,3.0,3,,,,,,,,
,,,,,48008,5.0,5,,,,,,,,
,,,,,48013,5.0,5,,,,,,,,
,,,,,48016,3.0,3,,,,,,,,
,,,,,48019,3.0,3,,,,,,,,
,,,,,48022,3.0,3,,,,,,,,
,,,,,48026,4.0,4,,,,,,,,
,,,,,48029,3.0,3,,,,,,,,
,,,,,48034,5.0,5,,,,,,,,
,,,,,48037,3.0,3,,,,,,,,
,,,,,48044,7.0,7,,,,,,,,
,,,,,48048,4.0,4,,,,,,,,
,,,,,48051,3.0,3,,,,,,,,
,,,,,48054,3.0,3,,,,,,,,
,,,,,48057,3.0,3,,,,,,,,
,,,,,48060,3.0,3,,,,,,,,
,,,,,48063,3.0,3,,,,,,,,
,,,,,48067,4.0,4,,,,,,,,
,,,,,48070,3.0,3,,,,,,,,
,,,,,48073,3.0,3,,,,,,,,
,,,,,48076,3.0,3,,,,,,,,
,,,,,48079,3.0,3,,,,,,,,
,,,,,48084,5.0,5,,,,,,,,
,,,,,48090,6.0,6,,,,,,,,
,,,,,48093,3.0,3,,,,,,,,
,,,,,48096,3.0,3,,,,,,,,
,,,,,48102,6.0,6,,,,,,,,
,,,,,48105,3.0,3,,,,,,,,
,,,,,48110,5.0,5,,,,,,,,
,,,,,48113,3.0,3,,,,,,,,
,,,,,48118,5.0,5,,,,,,,,
,,,,,48122,4.0,4,,,,,,,,
,,,,,48125,3.0,3,,,,,,,,
,,,,,48128,3.0,3,,,,,,,,
,,,,,48133,5.0,5,,,,,,,,
,,,,,48136,3.0,3,,,,,,,,
,,,,,48145,9.0,9,,,,,,,,
,,,,,48151,6.0,6,,,,,,,,
,,,,,48156,5.0,5,,,,,,,,
,,,,,48159,3.0,3,,,,,,,,
,,,,,48162,3.0,3,,,,,,,,
,,,,,48167,5.0,5,,,,,,,,
,,,,,48170,3.0,3,,,,,,,,
,,,,,48173,3.0,3,,,,,,,,
,,,,,48178,5.0,5,,,,,,,,
,,,,,48181,3.0,3,,,,,,,,
,,,,,48187,6.0,6,,,,,,,,
,,,,,48192,5.0,5,,,,,,,,
,,,,,48195,3.0,3,,,,,,,,
,,,,,48198,3.0,3,,,,,,,,
,,,,,48201,3.0,3,,,,,,,,
,,,,,48205,4.0,4,,,,,,,,
,,,,,48208,3.0,3,,,,,,,,
,,,,,48211,3.0,3,,,,,,,,
,,,,,48214,3.0,3,,,,,,,,
,,,,,48217,3.0,3,,,,,,,,
,,,,,48220,3.0,3,,,,,,,,
,,,,,48223,3.0,3,,,,,,,,
,,,,,48226,3.0,3,,,,,,,,
,,,,,48231,5.0,5,,,,,,,,
,,,,,48234,3.0,3,,,,,,,,
,,,,,48237,3.0,3,,,,,,,,
,,,,,48240,3.0,3,,,,,,,,
,,,,,48243,3.0,3,,,,,,,,
,,,,,48246,3.0,3,,,,,,,,
,,,,,48249,3.0,3,,,,,,,,
,,,,,48255,6.0,6,,,,,,,,
,,,,,48262,7.0,7,,,,,,,,
,,,,,48265,3.0,3,,,,,,,,
,,,,,48268,3.0,3,,,,,,,,
,,,,,48271,3.0,3,,,,,,,,
,,,,,48275,4.0,4,,,,,,,,
,,,,,48278,3.0,3,,,,,,,,
,,,,,48281,3.0,3,,,,,,,,
,,,,,48284,3.0,3,,,,,,,,
,,,,,48289,5.0,5,,,,,,,,
,,,,,48292,3.0,3,,,,,,,,
,,,,,48295,3.0,3,,,,,,,,
,,,,,48298,3.0,3,,,,,,,,
,,,,,48301,3.0,3,,,,,,,,
,,,,,48304,3.0,3,,,,,,,,
,,,,,48315,11.0,11,,,,,,,,
,,,,,48318,3.0,3,,,,,,,,
,,,,,48324,6.0,6,,,,,,,,
,,,,,48329,5.0,5,,,,,,,,
,,,,,48332,3.0,3,,,,,,,,
,,,,,48335,3.0,3,,,,,,,,
,,,,,48338,3.0,3,,,,,,,,
,,,,,48341,3.0,3,,,,,,,,
,,,,,48344,3.0,3,,,,,,,,
,,,,,48348,4.0,4,,,,,,,,
,,,,,48351,3.0,3,,,,,,,,
,,,,,48354,3.0,3,,,,,,,,
,,,,,48357,3.0,3,,,,,,,,
,,,,,48363,6.0,6,,,,,,,,
,,,,,48366,3.0,3,,,,,,,,
,,,,,48369,3.0,3,,,,,,,,
,,,,,48372,3.0,3,,,,,,,,
,,,,,48375,3.0,3,,,,,,,,
,,,,,48378,3.0,3,,,,,,,,
,,,,,48385,7.0,7,,,,,,,,
,,,,,48391,6.0,6,,,,,,,,
,,,,,48402,11.0,11,,,,,,,,
,,,,,48405,3.0,3,,,,,,,,
,,,,,48408,3.0,3,,,,,,,,
,,,,,48411,3.0,3,,,,,,,,
,,,,,48417,6.0,6,,,,,,,,
,,,,,48420,3.0,3,,,,,,,,
,,,,,48423,3.0,3,,,,,,,,
,,,,,48429,6.0,6,,,,,,,,
,,,,,48432,3.0,3,,,,,,,,
,,,,,48435,3.0,3,,,,,,,,
,,,,,48441,6.0,6,,,,,,,,
,,,,,48444,3.0,3,,,,,,,,
,,,,,48447,3.0,3,,,,,,,,
,,,,,48450,3.0,3,,,,,,,,
,,,,,48453,3.0,3,,,,,,,,
,,,,,48456,3.0,3,,,,,,,,
,,,,,48459,3.0,3,,,,,,,,
,,,,,48462,3.0,3,,,,,,,,
,,,,,48465,3.0,3,,,,,,,,
,,,,,48468,3.0,3,,,,,,,,
,,,,,48471,3.0,3,,,,,,,,
,,,,,48475,4.0,4,,,,,,,,
,,,,,48479,4.0,4,,,,,,,,
,,,,,48482,3.0,3,,,,,,,,
,,,,,48487,5.0,5,,,,,,,,
,,,,,48490,3.0,3,,,,,,,,
,,,,,48493,3.0,3,,,,,,,,
,,,,,48497,4.0,4,,,,,,,,
,,,,,48500,3.0,3,,,,,,,,
,,,,,48505,5.0,5,,,,,,,,
,,,,,48508,3.0,3,,,,,,,,
,,,,,48511,3.0,3,,,,,,,,
,,,,,48514,3.0,3,,,,,,,,
,,,,,48519,5.0,5,,,,,,,,
,,,,,48522,3.0,3,,,,,,,,
,,,,,48526,4.0,4,,,,,,,,
,,,,,48529,3.0,3,,,,,,,,
,,,,,48533,4.0,4,,,,,,,,
,,,,,48536,3.0,3,,,,,,,,
,,,,,48539,3.0,3,,,,,,,,
,,,,,48542,3.0,3,,,,,,,,
,,,,,48545,3.0,3,,,,,,,,
,,,,,48548,3.0,3,,,,,,,,
,,,,,48552,4.0,4,,,,,,,,
,,,,,48555,3.0,3,,,,,,,,
,,,,,48558,3.0,3,,,,,,,,
,,,,,48561,3.0,3,,,,,,,,
,,,,,48564,3.0,3,,,,,,,,
,,,,,48567,3.0,3,,,,,,,,
,,,,,48570,3.0,3,,,,,,,,
,,,,,48573,3.0,3,,,,,,,,
,,,,,48576,3.0,3,,,,,,,,
,,,,,48580,4.0,4,,,,,,,,
,,,,,48587,7.0,7,,,,,,,,
,,,,,48590,3.0,3,,,,,,,,
,,,,,48593,3.0,3,,,,,,,,
,,,,,48596,3.0,3,,,,,,,,
,,,,,48599,3.0,3,,,,,,,,
,,,,,48608,9.0,9,,,,,,,,
,,,,,48613,5.0,5,,,,,,,,
,,,,,48616,3.0,3,,,,,,,,
,,,,,48619,3.0,3,,,,,,,,
,,,,,48624,5.0,5,,,,,,,,
,,,,,48629,5.0,5,,,,,,,,
,,,,,48632,3.0,3,,,,,,,,
,,,,,48636,4.0,4,,,,,,,,
,,,,,48639,3.0,3,,,,,,,,
,,,,,48642,3.0,3,,,,,,,,
,,,,,48646,4.0,4,,,,,,,,
,,,,,48649,3.0,3,,,,,,,,
,,,,,48652,3.0,3,,,,,,,,
,,,,,48659,7.0,7,,,,,,,,
,,,,,48663,4.0,4,,,,,,,,
,,,,,48666,3.0,3,,,,,,,,
,,,,,48674,8.0,8,,,,,,,,
,,,,,48677,3.0,3,,,,,,,,
,,,,,48684,7.0,7,,,,,,,,
,,,,,48687,3.0,3,,,,,,,,
,,,,,48690,3.0,3,,,,,,,,
,,,,,48693,3.0,3,,,,,,,,
,,,,,48696,3.0,3,,,,,,,,
,,,,,48699,3.0,3,,,,,,,,
,,,,,48702,3.0,3,,,,,,,,
,,,,,48705,3.0,3,,,,,,,,
,,,,,48708,3.0,3,,,,,,,,
,,,,,48711,3.0,3,,,,,,,,
,,,,,48716,5.0,5,,,,,,,,
,,,,,48719,3.0,3,,,,,,,,
,,,,,48724,5.0,5,,,,,,,,
,,,,,48728,4.0,4,,,,,,,,
,,,,,48731,3.0,3,,,,,,,,
,,,,,48735,4.0,4,,,,,,,,
,,,,,48738,3.0,3,,,,,,,,
,,,,,48742,4.0,4,,,,,,,,
,,,,,48745,3.0,3,,,,,,,,
,,,,,48748,3.0,3,,,,,,,,
,,,,,48751,3.0,3,,,,,,,,
,,,,,48759,8.0,8,,,,,,,,
,,,,,48764,5.0,5,,,,,,,,
,,,,,48768,4.0,4,,,,,,,,
,,,,,48771,3.0,3,,,,,,,,
,,,,,48774,3.0,3,,,,,,,,
,,,,,48777,3.0,3,,,,,,,,
,,,,,48784,7.0,7,,,,,,,,
,,,,,48787,3.0,3,,,,,,,,
,,,,,48791,4.0,4,,,,,,,,
,,,,,48794,3.0,3,,,,,,,,
,,,,,48797,3.0,3,,,,,,,,
,,,,,48800,3.0,3,,,,,,,,
,,,,,48803,3.0,3,,,,,,,,
,,,,,48806,3.0,3,,,,,,,,
,,,,,48809,3.0,3,,,,,,,,
,,,,,48812,3.0,3,,,,,,,,
,,,,,48815,3.0,3,,,,,,,,
,,,,,48818,3.0,3,,,,,,,,
,,,,,48821,3.0,3,,,,,,,,
,,,,,48824,3.0,3,,,,,,,,
,,,,,48827,3.0,3,,,,,,,,
,,,,,48830,3.0,3,,,,,,,,
,,,,,48838,8.0,8,,,,,,,,
,,,,,48841,3.0,3,,,,,,,,
,,,,,48846,5.0,5,,,,,,,,
,,,,,48849,3.0,3,,,,,,,,
,,,,,48853,4.0,4,,,,,,,,
,,,,,48856,3.0,3,,,,,,,,
,,,,,48860,4.0,4,,,,,,,,
,,,,,48865,5.0,5,,,,,,,,
,,,,,48870,5.0,5,,,,,,,,
,,,,,48873,3.0,3,,,,,,,,
,,,,,48876,3.0,3,,,,,,,,
,,,,,48879,3.0,3,,,,,,,,
,,,,,48883,4.0,4,,,,,,,,
,,,,,48886,3.0,3,,,,,,,,
,,,,,48891,5.0,5,,,,,,,,
,,,,,48896,5.0,5,,,,,,,,
,,,,,48899,3.0,3,,,,,,,,
,,,,,48903,4.0,4,,,,,,,,
,,,,,48906,3.0,3,,,,,,,,
,,,,,48912,6.0,6,,,,,,,,
,,,,,48915,3.0,3,,,,,,,,
,,,,,48918,3.0,3,,,,,,,,
,,,,,48922,4.0,4,,,,,,,,
,,,,,48925,3.0,3,,,,,,,,
,,,,,48930,5.0,5,,,,,,,,
,,,,,48933,3.0,3,,,,,,,,
,,,,,48936,3.0,3,,,,,,,,
,,,,,48939,3.0,3,,,,,,,,
,,,,,48942,3.0,3,,,,,,,,
,,,,,48946,4.0,4,,,,,,,,
,,,,,48949,3.0,3,,,,,,,,
,,,,,48952,3.0,3,,,,,,,,
,,,,,48955,3.0,3,,,,,,,,
,,,,,48958,3.0,3,,,,,,,,
,,,,,48962,4.0,4,,,,,,,,
,,,,,48965,3.0,3,,,,,,,,
,,,,,48968,3.0,3,,,,,,,,
,,,,,48971,3.0,3,,,,,,,,
,,,,,48975,4.0,4,,,,,,,,
,,,,,48979,4.0,4,,,,,,,,
,,,,,48983,4.0,4,,,,,,,,
,,,,,48986,3.0,3,,,,,,,,
,,,,,48989,3.0,3,,,,,,,,
,,,,,48992,3.0,3,,,,,,,,
,,,,,48995,3.0,3,,,,,,,,
,,,,,48998,3.0,3,,,,,,,,
,,,,,49000,,,0.4047206938266754,-4.047206878662109,0.18804551661014557,2.090137481689453,1.9494214057922363,0.0003,0.0003,0.1
,,,,,49001,3.0,3,,,,,,,,
,,,,,49005,4.0,4,,,,,,,,
,,,,,49009,4.0,4,,,,,,,,
,,,,,49012,3.0,3,,,,,,,,
,,,,,49019,7.0,7,,,,,,,,
,,,,,49023,4.0,4,,,,,,,,
,,,,,49026,3.0,3,,,,,,,,
,,,,,49029,3.0,3,,,,,,,,
,,,,,49032,3.0,3,,,,,,,,
,,,,,49037,5.0,5,,,,,,,,
,,,,,49042,5.0,5,,,,,,,,
,,,,,49045,3.0,3,,,,,,,,
,,,,,49048,3.0,3,,,,,,,,
,,,,,49052,4.0,4,,,,,,,,
,,,,,49055,3.0,3,,,,,,,,
,,,,,49058,3.0,3,,,,,,,,
,,,,,49064,6.0,6,,,,,,,,
,,,,,49067,3.0,3,,,,,,,,
,,,,,49073,6.0,6,,,,,,,,
,,,,,49076,3.0,3,,,,,,,,
,,,,,49079,3.0,3,,,,,,,,
,,,,,49084,5.0,5,,,,,,,,
,,,,,49088,4.0,4,,,,,,,,
,,,,,49093,5.0,5,,,,,,,,
,,,,,49101,8.0,8,,,,,,,,
,,,,,49107,6.0,6,,,,,,,,
,,,,,49112,5.0,5,,,,,,,,
,,,,,49115,3.0,3,,,,,,,,
,,,,,49118,3.0,3,,,,,,,,
,,,,,49122,4.0,4,,,,,,,,
,,,,,49128,6.0,6,,,,,,,,
,,,,,49131,3.0,3,,,,,,,,
,,,,,49134,3.0,3,,,,,,,,
,,,,,49137,3.0,3,,,,,,,,
,,,,,49141,4.0,4,,,,,,,,
,,,,,49148,7.0,7,,,,,,,,
,,,,,49151,3.0,3,,,,,,,,
,,,,,49155,4.0,4,,,,,,,,
,,,,,49159,4.0,4,,,,,,,,
,,,,,49164,5.0,5,,,,,,,,
,,,,,49167,3.0,3,,,,,,,,
,,,,,49171,4.0,4,,,,,,,,
,,,,,49174,3.0,3,,,,,,,,
,,,,,49177,3.0,3,,,,,,,,
,,,,,49180,3.0,3,,,,,,,,
,,,,,49183,3.0,3,,,,,,,,
,,,,,49187,4.0,4,,,,,,,,
,,,,,49192,5.0,5,,,,,,,,
,,,,,49195,3.0,3,,,,,,,,
,,,,,49198,3.0,3,,,,,,,,
,,,,,49201,3.0,3,,,,,,,,
,,,,,49204,3.0,3,,,,,,,,
,,,,,49207,3.0,3,,,,,,,,
,,,,,49215,8.0,8,,,,,,,,
,,,,,49221,6.0,6,,,,,,,,
,,,,,49226,5.0,5,,,,,,,,
,,,,,49230,4.0,4,,,,,,,,
,,,,,49233,3.0,3,,,,,,,,
,,,,,49236,3.0,3,,,,,,,,
,,,,,49239,3.0,3,,,,,,,,
,,,,,49243,4.0,4,,,,,,,,
,,,,,49246,3.0,3,,,,,,,,
,,,,,49251,5.0,5,,,,,,,,
,,,,,49254,3.0,3,,,,,,,,
,,,,,49257,3.0,3,,,,,,,,
,,,,,49262,5.0,5,,,,,,,,
,,,,,49269,7.0,7,,,,,,,,
,,,,,49273,4.0,4,,,,,,,,
,,,,,49276,3.0,3,,,,,,,,
,,,,,49279,3.0,3,,,,,,,,
,,,,,49282,3.0,3,,,,,,,,
,,,,,49285,3.0,3,,,,,,,,
,,,,,49293,8.0,8,,,,,,,,
,,,,,49296,3.0,3,,,,,,,,
,,,,,49299,3.0,3,,,,,,,,
,,,,,49302,3.0,3,,,,,,,,
,,,,,49309,7.0,7,,,,,,,,
,,,,,49312,3.0,3,,,,,,,,
,,,,,49317,5.0,5,,,,,,,,
,,,,,49320,3.0,3,,,,,,,,
,,,,,49323,3.0,3,,,,,,,,
,,,,,49326,3.0,3,,,,,,,,
,,,,,49331,5.0,5,,,,,,,,
,,,,,49335,4.0,4,,,,,,,,
,,,,,49338,3.0,3,,,,,,,,
,,,,,49341,3.0,3,,,,,,,,
,,,,,49344,3.0,3,,,,,,,,
,,,,,49349,5.0,5,,,,,,,,
,,,,,49354,5.0,5,,,,,,,,
,,,,,49357,3.0,3,,,,,,,,
,,,,,49360,3.0,3,,,,,,,,
,,,,,49368,8.0,8,,,,,,,,
,,,,,49373,5.0,5,,,,,,,,
,,,,,49377,4.0,4,,,,,,,,
,,,,,49380,3.0,3,,,,,,,,
,,,,,49389,9.0,9,,,,,,,,
,,,,,49392,3.0,3,,,,,,,,
,,,,,49395,3.0,3,,,,,,,,
,,,,,49398,3.0,3,,,,,,,,
,,,,,49401,3.0,3,,,,,,,,
,,,,,49408,7.0,7,,,,,,,,
,,,,,49413,5.0,5,,,,,,,,
,,,,,49416,3.0,3,,,,,,,,
,,,,,49419,3.0,3,,,,,,,,
,,,,,49422,3.0,3,,,,,,,,
,,,,,49425,3.0,3,,,,,,,,
,,,,,49428,3.0,3,,,,,,,,
,,,,,49431,3.0,3,,,,,,,,
,,,,,49439,8.0,8,,,,,,,,
,,,,,49451,12.0,12,,,,,,,,
,,,,,49454,3.0,3,,,,,,,,
,,,,,49457,3.0,3,,,,,,,,
,,,,,49460,3.0,3,,,,,,,,
,,,,,49463,3.0,3,,,,,,,,
,,,,,49466,3.0,3,,,,,,,,
,,,,,49474,8.0,8,,,,,,,,
,,,,,49477,3.0,3,,,,,,,,
,,,,,49483,6.0,6,,,,,,,,
,,,,,49486,3.0,3,,,,,,,,
,,,,,49489,3.0,3,,,,,,,,
,,,,,49492,3.0,3,,,,,,,,
,,,,,49499,7.0,7,,,,,,,,
,,,,,49504,5.0,5,,,,,,,,
,,,,,49508,4.0,4,,,,,,,,
,,,,,49511,3.0,3,,,,,,,,
,,,,,49515,4.0,4,,,,,,,,
,,,,,49518,3.0,3,,,,,,,,
,,,,,49521,3.0,3,,,,,,,,
,,,,,49524,3.0,3,,,,,,,,
,,,,,49529,5.0,5,,,,,,,,
,,,,,49532,3.0,3,,,,,,,,
,,,,,49535,3.0,3,,,,,,,,
,,,,,49542,7.0,7,,,,,,,,
,,,,,49545,3.0,3,,,,,,,,
,,,,,49548,3.0,3,,,,,,,,
,,,,,49551,3.0,3,,,,,,,,
,,,,,49554,3.0,3,,,,,,,,
,,,,,49557,3.0,3,,,,,,,,
,,,,,49562,5.0,5,,,,,,,,
,,,,,49567,5.0,5,,,,,,,,
,,,,,49570,3.0,3,,,,,,,,
,,,,,49573,3.0,3,,,,,,,,
,,,,,49576,3.0,3,,,,,,,,
,,,,,49579,3.0,3,,,,,,,,
,,,,,49582,3.0,3,,,,,,,,
,,,,,49585,3.0,3,,,,,,,,
,,,,,49590,5.0,5,,,,,,,,
,,,,,49593,3.0,3,,,,,,,,
,,,,,49596,3.0,3,,,,,,,,
,,,,,49599,3.0,3,,,,,,,,
,,,,,49602,3.0,3,,,,,,,,
,,,,,49607,5.0,5,,,,,,,,
,,,,,49610,3.0,3,,,,,,,,
,,,,,49613,3.0,3,,,,,,,,
,,,,,49624,11.0,11,,,,,,,,
,,,,,49627,3.0,3,,,,,,,,
,,,,,49630,3.0,3,,,,,,,,
,,,,,49633,3.0,3,,,,,,,,
,,,,,49637,4.0,4,,,,,,,,
,,,,,49640,3.0,3,,,,,,,,
,,,,,49643,3.0,3,,,,,,,,
,,,,,49646,3.0,3,,,,,,,,
,,,,,49650,4.0,4,,,,,,,,
,,,,,49653,3.0,3,,,,,,,,
,,,,,49656,3.0,3,,,,,,,,
,,,,,49659,3.0,3,,,,,,,,
,,,,,49662,3.0,3,,,,,,,,
,,,,,49665,3.0,3,,,,,,,,
,,,,,49668,3.0,3,,,,,,,,
,,,,,49671,3.0,3,,,,,,,,
,,,,,49674,3.0,3,,,,,,,,
,,,,,49681,7.0,7,,,,,,,,
,,,,,49684,3.0,3,,,,,,,,
,,,,,49687,3.0,3,,,,,,,,
,,,,,49690,3.0,3,,,,,,,,
,,,,,49698,8.0,8,,,,,,,,
,,,,,49701,3.0,3,,,,,,,,
,,,,,49706,5.0,5,,,,,,,,
,,,,,49711,5.0,5,,,,,,,,
,,,,,49714,3.0,3,,,,,,,,
,,,,,49717,3.0,3,,,,,,,,
,,,,,49720,3.0,3,,,,,,,,
,,,,,49724,4.0,4,,,,,,,,
,,,,,49727,3.0,3,,,,,,,,
,,,,,49730,3.0,3,,,,,,,,
,,,,,49737,7.0,7,,,,,,,,
,,,,,49740,3.0,3,,,,,,,,
,,,,,49748,8.0,8,,,,,,,,
,,,,,49753,5.0,5,,,,,,,,
,,,,,49760,7.0,7,,,,,,,,
,,,,,49765,5.0,5,,,,,,,,
,,,,,49768,3.0,3,,,,,,,,
,,,,,49771,3.0,3,,,,,,,,
,,,,,49783,12.0,12,,,,,,,,
,,,,,49786,3.0,3,,,,,,,,
,,,,,49789,3.0,3,,,,,,,,
,,,,,49792,3.0,3,,,,,,,,
,,,,,49799,7.0,7,,,,,,,,
,,,,,49807,8.0,8,,,,,,,,
,,,,,49812,5.0,5,,,,,,,,
,,,,,49817,5.0,5,,,,,,,,
,,,,,49820,3.0,3,,,,,,,,
,,,,,49823,3.0,3,,,,,,,,
,,,,,49826,3.0,3,,,,,,,,
,,,,,49831,5.0,5,,,,,,,,
,,,,,49834,3.0,3,,,,,,,,
,,,,,49837,3.0,3,,,,,,,,
,,,,,49840,3.0,3,,,,,,,,
,,,,,49843,3.0,3,,,,,,,,
,,,,,49848,5.0,5,,,,,,,,
,,,,,49851,3.0,3,,,,,,,,
,,,,,49856,5.0,5,,,,,,,,
,,,,,49859,3.0,3,,,,,,,,
,,,,,49862,3.0,3,,,,,,,,
,,,,,49865,3.0,3,,,,,,,,
,,,,,49868,3.0,3,,,,,,,,
,,,,,49872,4.0,4,,,,,,,,
,,,,,49875,3.0,3,,,,,,,,
,,,,,49878,3.0,3,,,,,,,,
,,,,,49881,3.0,3,,,,,,,,
,,,,,49888,7.0,7,,,,,,,,
,,,,,49891,3.0,3,,,,,,,,
,,,,,49894,3.0,3,,,,,,,,
,,,,,49897,3.0,3,,,,,,,,
,,,,,49900,3.0,3,,,,,,,,
,,,,,49906,6.0,6,,,,,,,,
,,,,,49909,3.0,3,,,,,,,,
,,,,,49912,3.0,3,,,,,,,,
,,,,,49921,9.0,9,,,,,,,,
,,,,,49924,3.0,3,,,,,,,,
,,,,,49927,3.0,3,,,,,,,,
,,,,,49932,5.0,5,,,,,,,,
,,,,,49935,3.0,3,,,,,,,,
,,,,,49939,4.0,4,,,,,,,,
,,,,,49945,6.0,6,,,,,,,,
,,,,,49948,3.0,3,,,,,,,,
,,,,,49959,11.0,11,,,,,,,,
,,,,,49962,3.0,3,,,,,,,,
,,,,,49965,3.0,3,,,,,,,,
,,,,,49968,3.0,3,,,,,,,,
,,,,,49971,3.0,3,,,,,,,,
,,,,,49974,3.0,3,,,,,,,,
,,,,,49978,4.0,4,,,,,,,,
,,,,,49981,3.0,3,,,,,,,,
,,,,,49986,5.0,5,,,,,,,,
,,,,,49989,3.0,3,,,,,,,,
,,,,,49993,4.0,4,,,,,,,,
,,,,,49997,4.0,4,,,,,,,,
