Eval_AverageReturn,Eval_StdReturn,Eval_MaxReturn,Eval_MinReturn,Eval_AverageEpLen,step,Train_EpisodeReturn,Train_EpisodeLen,actor_loss,entropy,critic_loss,q_values,target_values,actor_lr,critic_lr,temperature
8.1,5.3376026,18.0,3.0,8.1,0,,,,,,,,,,
,,,,,5,6.0,6,,,,,,,,
,,,,,9,4.0,4,,,,,,,,
,,,,,12,3.0,3,,,,,,,,
,,,,,18,6.0,6,,,,,,,,
,,,,,23,5.0,5,,,,,,,,
,,,,,27,4.0,4,,,,,,,,
,,,,,35,8.0,8,,,,,,,,
,,,,,39,4.0,4,,,,,,,,
,,,,,42,3.0,3,,,,,,,,
,,,,,46,4.0,4,,,,,,,,
,,,,,49,3.0,3,,,,,,,,
,,,,,52,3.0,3,,,,,,,,
,,,,,57,5.0,5,,,,,,,,
,,,,,60,3.0,3,,,,,,,,
,,,,,64,4.0,4,,,,,,,,
,,,,,76,12.0,12,,,,,,,,
,,,,,85,9.0,9,,,,,,,,
,,,,,95,10.0,10,,,,,,,,
,,,,,100,5.0,5,,,,,,,,
,,,,,107,7.0,7,,,,,,,,
,,,,,112,5.0,5,,,,,,,,
,,,,,117,5.0,5,,,,,,,,
,,,,,128,11.0,11,,,,,,,,
,,,,,132,4.0,4,,,,,,,,
,,,,,136,4.0,4,,,,,,,,
,,,,,139,3.0,3,,,,,,,,
,,,,,146,7.0,7,,,,,,,,
,,,,,149,3.0,3,,,,,,,,
,,,,,157,8.0,8,,,,,,,,
,,,,,161,4.0,4,,,,,,,,
,,,,,166,5.0,5,,,,,,,,
,,,,,170,4.0,4,,,,,,,,
,,,,,174,4.0,4,,,,,,,,
,,,,,178,4.0,4,,,,,,,,
,,,,,181,3.0,3,,,,,,,,
,,,,,184,3.0,3,,,,,,,,
,,,,,188,4.0,4,,,,,,,,
,,,,,195,7.0,7,,,,,,,,
,,,,,200,5.0,5,,,,,,,,
,,,,,203,3.0,3,,,,,,,,
,,,,,208,5.0,5,,,,,,,,
,,,,,219,11.0,11,,,,,,,,
,,,,,224,5.0,5,,,,,,,,
,,,,,230,6.0,6,,,,,,,,
,,,,,233,3.0,3,,,,,,,,
,,,,,236,3.0,3,,,,,,,,
,,,,,245,9.0,9,,,,,,,,
,,,,,249,4.0,4,,,,,,,,
,,,,,255,6.0,6,,,,,,,,
,,,,,260,5.0,5,,,,,,,,
,,,,,266,6.0,6,,,,,,,,
,,,,,271,5.0,5,,,,,,,,
,,,,,283,12.0,12,,,,,,,,
,,,,,291,8.0,8,,,,,,,,
,,,,,294,3.0,3,,,,,,,,
,,,,,300,6.0,6,,,,,,,,
,,,,,304,4.0,4,,,,,,,,
,,,,,308,4.0,4,,,,,,,,
,,,,,328,20.0,20,,,,,,,,
,,,,,331,3.0,3,,,,,,,,
,,,,,336,5.0,5,,,,,,,,
,,,,,346,10.0,10,,,,,,,,
,,,,,360,14.0,14,,,,,,,,
,,,,,367,7.0,7,,,,,,,,
,,,,,372,5.0,5,,,,,,,,
,,,,,375,3.0,3,,,,,,,,
,,,,,379,4.0,4,,,,,,,,
,,,,,386,7.0,7,,,,,,,,
,,,,,390,4.0,4,,,,,,,,
,,,,,396,6.0,6,,,,,,,,
,,,,,404,8.0,8,,,,,,,,
,,,,,407,3.0,3,,,,,,,,
,,,,,416,9.0,9,,,,,,,,
,,,,,422,6.0,6,,,,,,,,
,,,,,440,18.0,18,,,,,,,,
,,,,,447,7.0,7,,,,,,,,
,,,,,455,8.0,8,,,,,,,,
,,,,,470,15.0,15,,,,,,,,
,,,,,479,9.0,9,,,,,,,,
,,,,,486,7.0,7,,,,,,,,
,,,,,490,4.0,4,,,,,,,,
,,,,,497,7.0,7,,,,,,,,
,,,,,506,9.0,9,,,,,,,,
,,,,,510,4.0,4,,,,,,,,
,,,,,521,11.0,11,,,,,,,,
,,,,,525,4.0,4,,,,,,,,
,,,,,530,5.0,5,,,,,,,,
,,,,,533,3.0,3,,,,,,,,
,,,,,536,3.0,3,,,,,,,,
,,,,,539,3.0,3,,,,,,,,
,,,,,544,5.0,5,,,,,,,,
,,,,,549,5.0,5,,,,,,,,
,,,,,553,4.0,4,,,,,,,,
,,,,,561,8.0,8,,,,,,,,
,,,,,564,3.0,3,,,,,,,,
,,,,,575,11.0,11,,,,,,,,
,,,,,583,8.0,8,,,,,,,,
,,,,,590,7.0,7,,,,,,,,
,,,,,593,3.0,3,,,,,,,,
,,,,,598,5.0,5,,,,,,,,
,,,,,601,3.0,3,,,,,,,,
,,,,,611,10.0,10,,,,,,,,
,,,,,614,3.0,3,,,,,,,,
,,,,,618,4.0,4,,,,,,,,
,,,,,622,4.0,4,,,,,,,,
,,,,,626,4.0,4,,,,,,,,
,,,,,635,9.0,9,,,,,,,,
,,,,,644,9.0,9,,,,,,,,
,,,,,650,6.0,6,,,,,,,,
,,,,,654,4.0,4,,,,,,,,
,,,,,670,16.0,16,,,,,,,,
,,,,,696,26.0,26,,,,,,,,
,,,,,701,5.0,5,,,,,,,,
,,,,,705,4.0,4,,,,,,,,
,,,,,710,5.0,5,,,,,,,,
,,,,,716,6.0,6,,,,,,,,
,,,,,722,6.0,6,,,,,,,,
,,,,,728,6.0,6,,,,,,,,
,,,,,732,4.0,4,,,,,,,,
,,,,,735,3.0,3,,,,,,,,
,,,,,741,6.0,6,,,,,,,,
,,,,,745,4.0,4,,,,,,,,
,,,,,751,6.0,6,,,,,,,,
,,,,,754,3.0,3,,,,,,,,
,,,,,764,10.0,10,,,,,,,,
,,,,,777,13.0,13,,,,,,,,
,,,,,781,4.0,4,,,,,,,,
,,,,,799,18.0,18,,,,,,,,
,,,,,809,10.0,10,,,,,,,,
,,,,,812,3.0,3,,,,,,,,
,,,,,818,6.0,6,,,,,,,,
,,,,,827,9.0,9,,,,,,,,
,,,,,830,3.0,3,,,,,,,,
,,,,,835,5.0,5,,,,,,,,
,,,,,845,10.0,10,,,,,,,,
,,,,,850,5.0,5,,,,,,,,
,,,,,861,11.0,11,,,,,,,,
,,,,,864,3.0,3,,,,,,,,
,,,,,867,3.0,3,,,,,,,,
,,,,,872,5.0,5,,,,,,,,
,,,,,877,5.0,5,,,,,,,,
,,,,,880,3.0,3,,,,,,,,
,,,,,884,4.0,4,,,,,,,,
,,,,,887,3.0,3,,,,,,,,
,,,,,890,3.0,3,,,,,,,,
,,,,,896,6.0,6,,,,,,,,
,,,,,903,7.0,7,,,,,,,,
,,,,,906,3.0,3,,,,,,,,
,,,,,913,7.0,7,,,,,,,,
,,,,,922,9.0,9,,,,,,,,
,,,,,927,5.0,5,,,,,,,,
,,,,,931,4.0,4,,,,,,,,
,,,,,941,10.0,10,,,,,,,,
,,,,,945,4.0,4,,,,,,,,
,,,,,948,3.0,3,,,,,,,,
,,,,,958,10.0,10,,,,,,,,
,,,,,964,6.0,6,,,,,,,,
,,,,,967,3.0,3,,,,,,,,
,,,,,970,3.0,3,,,,,,,,
,,,,,977,7.0,7,,,,,,,,
,,,,,987,10.0,10,,,,,,,,
,,,,,991,4.0,4,,,,,,,,
,,,,,1000,9.0,9,,,,,,,,
,,,,,1012,12.0,12,,,,,,,,
,,,,,1017,5.0,5,,,,,,,,
,,,,,1023,6.0,6,,,,,,,,
,,,,,1031,8.0,8,,,,,,,,
,,,,,1037,6.0,6,,,,,,,,
,,,,,1048,11.0,11,,,,,,,,
,,,,,1062,14.0,14,,,,,,,,
,,,,,1066,4.0,4,,,,,,,,
,,,,,1072,6.0,6,,,,,,,,
,,,,,1075,3.0,3,,,,,,,,
,,,,,1079,4.0,4,,,,,,,,
,,,,,1094,15.0,15,,,,,,,,
,,,,,1101,7.0,7,,,,,,,,
,,,,,1104,3.0,3,,,,,,,,
,,,,,1111,7.0,7,,,,,,,,
,,,,,1118,7.0,7,,,,,,,,
,,,,,1125,7.0,7,,,,,,,,
,,,,,1136,11.0,11,,,,,,,,
,,,,,1139,3.0,3,,,,,,,,
,,,,,1142,3.0,3,,,,,,,,
,,,,,1145,3.0,3,,,,,,,,
,,,,,1152,7.0,7,,,,,,,,
,,,,,1155,3.0,3,,,,,,,,
,,,,,1158,3.0,3,,,,,,,,
,,,,,1162,4.0,4,,,,,,,,
,,,,,1167,5.0,5,,,,,,,,
,,,,,1170,3.0,3,,,,,,,,
,,,,,1174,4.0,4,,,,,,,,
,,,,,1177,3.0,3,,,,,,,,
,,,,,1186,9.0,9,,,,,,,,
,,,,,1195,9.0,9,,,,,,,,
,,,,,1205,10.0,10,,,,,,,,
,,,,,1216,11.0,11,,,,,,,,
,,,,,1229,13.0,13,,,,,,,,
,,,,,1238,9.0,9,,,,,,,,
,,,,,1247,9.0,9,,,,,,,,
,,,,,1252,5.0,5,,,,,,,,
,,,,,1268,16.0,16,,,,,,,,
,,,,,1278,10.0,10,,,,,,,,
,,,,,1282,4.0,4,,,,,,,,
,,,,,1287,5.0,5,,,,,,,,
,,,,,1292,5.0,5,,,,,,,,
,,,,,1296,4.0,4,,,,,,,,
,,,,,1304,8.0,8,,,,,,,,
,,,,,1308,4.0,4,,,,,,,,
,,,,,1317,9.0,9,,,,,,,,
,,,,,1322,5.0,5,,,,,,,,
,,,,,1325,3.0,3,,,,,,,,
,,,,,1330,5.0,5,,,,,,,,
,,,,,1338,8.0,8,,,,,,,,
,,,,,1345,7.0,7,,,,,,,,
,,,,,1356,11.0,11,,,,,,,,
,,,,,1359,3.0,3,,,,,,,,
,,,,,1364,5.0,5,,,,,,,,
,,,,,1373,9.0,9,,,,,,,,
,,,,,1391,18.0,18,,,,,,,,
,,,,,1404,13.0,13,,,,,,,,
,,,,,1411,7.0,7,,,,,,,,
,,,,,1420,9.0,9,,,,,,,,
,,,,,1426,6.0,6,,,,,,,,
,,,,,1435,9.0,9,,,,,,,,
,,,,,1440,5.0,5,,,,,,,,
,,,,,1458,18.0,18,,,,,,,,
,,,,,1465,7.0,7,,,,,,,,
,,,,,1468,3.0,3,,,,,,,,
,,,,,1471,3.0,3,,,,,,,,
,,,,,1485,14.0,14,,,,,,,,
,,,,,1489,4.0,4,,,,,,,,
,,,,,1493,4.0,4,,,,,,,,
,,,,,1498,5.0,5,,,,,,,,
,,,,,1504,6.0,6,,,,,,,,
,,,,,1517,13.0,13,,,,,,,,
,,,,,1529,12.0,12,,,,,,,,
,,,,,1546,17.0,17,,,,,,,,
,,,,,1550,4.0,4,,,,,,,,
,,,,,1558,8.0,8,,,,,,,,
,,,,,1566,8.0,8,,,,,,,,
,,,,,1570,4.0,4,,,,,,,,
,,,,,1575,5.0,5,,,,,,,,
,,,,,1584,9.0,9,,,,,,,,
,,,,,1588,4.0,4,,,,,,,,
,,,,,1592,4.0,4,,,,,,,,
,,,,,1595,3.0,3,,,,,,,,
,,,,,1601,6.0,6,,,,,,,,
,,,,,1606,5.0,5,,,,,,,,
,,,,,1610,4.0,4,,,,,,,,
,,,,,1624,14.0,14,,,,,,,,
,,,,,1640,16.0,16,,,,,,,,
,,,,,1645,5.0,5,,,,,,,,
,,,,,1650,5.0,5,,,,,,,,
,,,,,1655,5.0,5,,,,,,,,
,,,,,1660,5.0,5,,,,,,,,
,,,,,1671,11.0,11,,,,,,,,
,,,,,1677,6.0,6,,,,,,,,
,,,,,1686,9.0,9,,,,,,,,
,,,,,1690,4.0,4,,,,,,,,
,,,,,1695,5.0,5,,,,,,,,
,,,,,1714,19.0,19,,,,,,,,
,,,,,1717,3.0,3,,,,,,,,
,,,,,1729,12.0,12,,,,,,,,
,,,,,1744,15.0,15,,,,,,,,
,,,,,1749,5.0,5,,,,,,,,
,,,,,1752,3.0,3,,,,,,,,
,,,,,1757,5.0,5,,,,,,,,
,,,,,1760,3.0,3,,,,,,,,
,,,,,1767,7.0,7,,,,,,,,
,,,,,1781,14.0,14,,,,,,,,
,,,,,1791,10.0,10,,,,,,,,
,,,,,1799,8.0,8,,,,,,,,
,,,,,1803,4.0,4,,,,,,,,
,,,,,1811,8.0,8,,,,,,,,
,,,,,1818,7.0,7,,,,,,,,
,,,,,1825,7.0,7,,,,,,,,
,,,,,1834,9.0,9,,,,,,,,
,,,,,1845,11.0,11,,,,,,,,
,,,,,1848,3.0,3,,,,,,,,
,,,,,1854,6.0,6,,,,,,,,
,,,,,1862,8.0,8,,,,,,,,
,,,,,1877,15.0,15,,,,,,,,
,,,,,1882,5.0,5,,,,,,,,
,,,,,1894,12.0,12,,,,,,,,
,,,,,1897,3.0,3,,,,,,,,
,,,,,1901,4.0,4,,,,,,,,
,,,,,1912,11.0,11,,,,,,,,
,,,,,1919,7.0,7,,,,,,,,
,,,,,1924,5.0,5,,,,,,,,
,,,,,1927,3.0,3,,,,,,,,
,,,,,1935,8.0,8,,,,,,,,
,,,,,1945,10.0,10,,,,,,,,
,,,,,1953,8.0,8,,,,,,,,
,,,,,1961,8.0,8,,,,,,,,
,,,,,1970,9.0,9,,,,,,,,
,,,,,1973,3.0,3,,,,,,,,
,,,,,1980,7.0,7,,,,,,,,
,,,,,1992,12.0,12,,,,,,,,
,,,,,1996,4.0,4,,,,,,,,
,,,,,2000,4.0,4,,,,,,,,
,,,,,2004,4.0,4,,,,,,,,
,,,,,2013,9.0,9,,,,,,,,
,,,,,2022,9.0,9,,,,,,,,
,,,,,2027,5.0,5,,,,,,,,
,,,,,2041,14.0,14,,,,,,,,
,,,,,2046,5.0,5,,,,,,,,
,,,,,2053,7.0,7,,,,,,,,
,,,,,2071,18.0,18,,,,,,,,
,,,,,2079,8.0,8,,,,,,,,
,,,,,2082,3.0,3,,,,,,,,
,,,,,2085,3.0,3,,,,,,,,
,,,,,2093,8.0,8,,,,,,,,
,,,,,2099,6.0,6,,,,,,,,
,,,,,2102,3.0,3,,,,,,,,
,,,,,2116,14.0,14,,,,,,,,
,,,,,2123,7.0,7,,,,,,,,
,,,,,2139,16.0,16,,,,,,,,
,,,,,2143,4.0,4,,,,,,,,
,,,,,2150,7.0,7,,,,,,,,
,,,,,2159,9.0,9,,,,,,,,
,,,,,2166,7.0,7,,,,,,,,
,,,,,2172,6.0,6,,,,,,,,
,,,,,2186,14.0,14,,,,,,,,
,,,,,2190,4.0,4,,,,,,,,
,,,,,2195,5.0,5,,,,,,,,
,,,,,2201,6.0,6,,,,,,,,
,,,,,2207,6.0,6,,,,,,,,
,,,,,2212,5.0,5,,,,,,,,
,,,,,2223,11.0,11,,,,,,,,
,,,,,2230,7.0,7,,,,,,,,
,,,,,2243,13.0,13,,,,,,,,
,,,,,2247,4.0,4,,,,,,,,
,,,,,2263,16.0,16,,,,,,,,
,,,,,2277,14.0,14,,,,,,,,
,,,,,2282,5.0,5,,,,,,,,
,,,,,2285,3.0,3,,,,,,,,
,,,,,2291,6.0,6,,,,,,,,
,,,,,2295,4.0,4,,,,,,,,
,,,,,2299,4.0,4,,,,,,,,
,,,,,2309,10.0,10,,,,,,,,
,,,,,2317,8.0,8,,,,,,,,
,,,,,2328,11.0,11,,,,,,,,
,,,,,2338,10.0,10,,,,,,,,
,,,,,2349,11.0,11,,,,,,,,
,,,,,2353,4.0,4,,,,,,,,
,,,,,2357,4.0,4,,,,,,,,
,,,,,2361,4.0,4,,,,,,,,
,,,,,2368,7.0,7,,,,,,,,
,,,,,2376,8.0,8,,,,,,,,
,,,,,2388,12.0,12,,,,,,,,
,,,,,2395,7.0,7,,,,,,,,
,,,,,2405,10.0,10,,,,,,,,
,,,,,2409,4.0,4,,,,,,,,
,,,,,2418,9.0,9,,,,,,,,
,,,,,2422,4.0,4,,,,,,,,
,,,,,2427,5.0,5,,,,,,,,
,,,,,2431,4.0,4,,,,,,,,
,,,,,2444,13.0,13,,,,,,,,
,,,,,2454,10.0,10,,,,,,,,
,,,,,2457,3.0,3,,,,,,,,
,,,,,2465,8.0,8,,,,,,,,
,,,,,2469,4.0,4,,,,,,,,
,,,,,2474,5.0,5,,,,,,,,
,,,,,2477,3.0,3,,,,,,,,
,,,,,2493,16.0,16,,,,,,,,
,,,,,2498,5.0,5,,,,,,,,
,,,,,2508,10.0,10,,,,,,,,
,,,,,2515,7.0,7,,,,,,,,
,,,,,2528,13.0,13,,,,,,,,
,,,,,2543,15.0,15,,,,,,,,
,,,,,2548,5.0,5,,,,,,,,
,,,,,2553,5.0,5,,,,,,,,
,,,,,2559,6.0,6,,,,,,,,
,,,,,2563,4.0,4,,,,,,,,
,,,,,2570,7.0,7,,,,,,,,
,,,,,2574,4.0,4,,,,,,,,
,,,,,2579,5.0,5,,,,,,,,
,,,,,2585,6.0,6,,,,,,,,
,,,,,2589,4.0,4,,,,,,,,
,,,,,2599,10.0,10,,,,,,,,
,,,,,2603,4.0,4,,,,,,,,
,,,,,2611,8.0,8,,,,,,,,
,,,,,2616,5.0,5,,,,,,,,
,,,,,2622,6.0,6,,,,,,,,
,,,,,2630,8.0,8,,,,,,,,
,,,,,2646,16.0,16,,,,,,,,
,,,,,2651,5.0,5,,,,,,,,
,,,,,2654,3.0,3,,,,,,,,
,,,,,2658,4.0,4,,,,,,,,
,,,,,2664,6.0,6,,,,,,,,
,,,,,2668,4.0,4,,,,,,,,
,,,,,2681,13.0,13,,,,,,,,
,,,,,2689,8.0,8,,,,,,,,
,,,,,2694,5.0,5,,,,,,,,
,,,,,2698,4.0,4,,,,,,,,
,,,,,2701,3.0,3,,,,,,,,
,,,,,2705,4.0,4,,,,,,,,
,,,,,2709,4.0,4,,,,,,,,
,,,,,2714,5.0,5,,,,,,,,
,,,,,2719,5.0,5,,,,,,,,
,,,,,2729,10.0,10,,,,,,,,
,,,,,2734,5.0,5,,,,,,,,
,,,,,2742,8.0,8,,,,,,,,
,,,,,2747,5.0,5,,,,,,,,
,,,,,2751,4.0,4,,,,,,,,
,,,,,2757,6.0,6,,,,,,,,
,,,,,2770,13.0,13,,,,,,,,
,,,,,2780,10.0,10,,,,,,,,
,,,,,2798,18.0,18,,,,,,,,
,,,,,2809,11.0,11,,,,,,,,
,,,,,2826,17.0,17,,,,,,,,
,,,,,2830,4.0,4,,,,,,,,
,,,,,2834,4.0,4,,,,,,,,
,,,,,2837,3.0,3,,,,,,,,
,,,,,2840,3.0,3,,,,,,,,
,,,,,2844,4.0,4,,,,,,,,
,,,,,2853,9.0,9,,,,,,,,
,,,,,2865,12.0,12,,,,,,,,
,,,,,2873,8.0,8,,,,,,,,
,,,,,2879,6.0,6,,,,,,,,
,,,,,2882,3.0,3,,,,,,,,
,,,,,2897,15.0,15,,,,,,,,
,,,,,2913,16.0,16,,,,,,,,
,,,,,2916,3.0,3,,,,,,,,
,,,,,2923,7.0,7,,,,,,,,
,,,,,2929,6.0,6,,,,,,,,
,,,,,2938,9.0,9,,,,,,,,
,,,,,2943,5.0,5,,,,,,,,
,,,,,2951,8.0,8,,,,,,,,
,,,,,2963,12.0,12,,,,,,,,
,,,,,2971,8.0,8,,,,,,,,
,,,,,2975,4.0,4,,,,,,,,
,,,,,2982,7.0,7,,,,,,,,
,,,,,2988,6.0,6,,,,,,,,
,,,,,2995,7.0,7,,,,,,,,
,,,,,3003,8.0,8,,,,,,,,
,,,,,3007,4.0,4,,,,,,,,
,,,,,3028,21.0,21,,,,,,,,
,,,,,3036,8.0,8,,,,,,,,
,,,,,3044,8.0,8,,,,,,,,
,,,,,3049,5.0,5,,,,,,,,
,,,,,3058,9.0,9,,,,,,,,
,,,,,3062,4.0,4,,,,,,,,
,,,,,3067,5.0,5,,,,,,,,
,,,,,3076,9.0,9,,,,,,,,
,,,,,3085,9.0,9,,,,,,,,
,,,,,3088,3.0,3,,,,,,,,
,,,,,3091,3.0,3,,,,,,,,
,,,,,3097,6.0,6,,,,,,,,
,,,,,3111,14.0,14,,,,,,,,
,,,,,3114,3.0,3,,,,,,,,
,,,,,3118,4.0,4,,,,,,,,
,,,,,3121,3.0,3,,,,,,,,
,,,,,3126,5.0,5,,,,,,,,
,,,,,3139,13.0,13,,,,,,,,
,,,,,3146,7.0,7,,,,,,,,
,,,,,3155,9.0,9,,,,,,,,
,,,,,3159,4.0,4,,,,,,,,
,,,,,3177,18.0,18,,,,,,,,
,,,,,3186,9.0,9,,,,,,,,
,,,,,3190,4.0,4,,,,,,,,
,,,,,3193,3.0,3,,,,,,,,
,,,,,3197,4.0,4,,,,,,,,
,,,,,3201,4.0,4,,,,,,,,
,,,,,3205,4.0,4,,,,,,,,
,,,,,3214,9.0,9,,,,,,,,
,,,,,3220,6.0,6,,,,,,,,
,,,,,3226,6.0,6,,,,,,,,
,,,,,3229,3.0,3,,,,,,,,
,,,,,3234,5.0,5,,,,,,,,
,,,,,3241,7.0,7,,,,,,,,
,,,,,3254,13.0,13,,,,,,,,
,,,,,3261,7.0,7,,,,,,,,
,,,,,3264,3.0,3,,,,,,,,
,,,,,3268,4.0,4,,,,,,,,
,,,,,3274,6.0,6,,,,,,,,
,,,,,3280,6.0,6,,,,,,,,
,,,,,3295,15.0,15,,,,,,,,
,,,,,3299,4.0,4,,,,,,,,
,,,,,3303,4.0,4,,,,,,,,
,,,,,3310,7.0,7,,,,,,,,
,,,,,3313,3.0,3,,,,,,,,
,,,,,3322,9.0,9,,,,,,,,
,,,,,3328,6.0,6,,,,,,,,
,,,,,3332,4.0,4,,,,,,,,
,,,,,3336,4.0,4,,,,,,,,
,,,,,3341,5.0,5,,,,,,,,
,,,,,3350,9.0,9,,,,,,,,
,,,,,3353,3.0,3,,,,,,,,
,,,,,3364,11.0,11,,,,,,,,
,,,,,3378,14.0,14,,,,,,,,
,,,,,3390,12.0,12,,,,,,,,
,,,,,3396,6.0,6,,,,,,,,
,,,,,3415,19.0,19,,,,,,,,
,,,,,3418,3.0,3,,,,,,,,
,,,,,3427,9.0,9,,,,,,,,
,,,,,3435,8.0,8,,,,,,,,
,,,,,3448,13.0,13,,,,,,,,
,,,,,3457,9.0,9,,,,,,,,
,,,,,3465,8.0,8,,,,,,,,
,,,,,3469,4.0,4,,,,,,,,
,,,,,3474,5.0,5,,,,,,,,
,,,,,3480,6.0,6,,,,,,,,
,,,,,3491,11.0,11,,,,,,,,
,,,,,3498,7.0,7,,,,,,,,
,,,,,3503,5.0,5,,,,,,,,
,,,,,3518,15.0,15,,,,,,,,
,,,,,3521,3.0,3,,,,,,,,
,,,,,3531,10.0,10,,,,,,,,
,,,,,3535,4.0,4,,,,,,,,
,,,,,3542,7.0,7,,,,,,,,
,,,,,3552,10.0,10,,,,,,,,
,,,,,3556,4.0,4,,,,,,,,
,,,,,3566,10.0,10,,,,,,,,
,,,,,3582,16.0,16,,,,,,,,
,,,,,3585,3.0,3,,,,,,,,
,,,,,3592,7.0,7,,,,,,,,
,,,,,3599,7.0,7,,,,,,,,
,,,,,3607,8.0,8,,,,,,,,
,,,,,3611,4.0,4,,,,,,,,
,,,,,3618,7.0,7,,,,,,,,
,,,,,3627,9.0,9,,,,,,,,
,,,,,3658,31.0,31,,,,,,,,
,,,,,3662,4.0,4,,,,,,,,
,,,,,3667,5.0,5,,,,,,,,
,,,,,3670,3.0,3,,,,,,,,
,,,,,3677,7.0,7,,,,,,,,
,,,,,3686,9.0,9,,,,,,,,
,,,,,3694,8.0,8,,,,,,,,
,,,,,3699,5.0,5,,,,,,,,
,,,,,3704,5.0,5,,,,,,,,
,,,,,3711,7.0,7,,,,,,,,
,,,,,3714,3.0,3,,,,,,,,
,,,,,3721,7.0,7,,,,,,,,
,,,,,3725,4.0,4,,,,,,,,
,,,,,3737,12.0,12,,,,,,,,
,,,,,3742,5.0,5,,,,,,,,
,,,,,3754,12.0,12,,,,,,,,
,,,,,3772,18.0,18,,,,,,,,
,,,,,3777,5.0,5,,,,,,,,
,,,,,3794,17.0,17,,,,,,,,
,,,,,3813,19.0,19,,,,,,,,
,,,,,3820,7.0,7,,,,,,,,
,,,,,3825,5.0,5,,,,,,,,
,,,,,3829,4.0,4,,,,,,,,
,,,,,3832,3.0,3,,,,,,,,
,,,,,3839,7.0,7,,,,,,,,
,,,,,3844,5.0,5,,,,,,,,
,,,,,3847,3.0,3,,,,,,,,
,,,,,3854,7.0,7,,,,,,,,
,,,,,3860,6.0,6,,,,,,,,
,,,,,3874,14.0,14,,,,,,,,
,,,,,3877,3.0,3,,,,,,,,
,,,,,3883,6.0,6,,,,,,,,
,,,,,3887,4.0,4,,,,,,,,
,,,,,3902,15.0,15,,,,,,,,
,,,,,3907,5.0,5,,,,,,,,
,,,,,3910,3.0,3,,,,,,,,
,,,,,3915,5.0,5,,,,,,,,
,,,,,3924,9.0,9,,,,,,,,
,,,,,3932,8.0,8,,,,,,,,
,,,,,3941,9.0,9,,,,,,,,
,,,,,3946,5.0,5,,,,,,,,
,,,,,3958,12.0,12,,,,,,,,
,,,,,3973,15.0,15,,,,,,,,
,,,,,3980,7.0,7,,,,,,,,
,,,,,3983,3.0,3,,,,,,,,
,,,,,3988,5.0,5,,,,,,,,
,,,,,3994,6.0,6,,,,,,,,
,,,,,3999,5.0,5,,,,,,,,
,,,,,4003,4.0,4,,,,,,,,
,,,,,4009,6.0,6,,,,,,,,
,,,,,4020,11.0,11,,,,,,,,
,,,,,4029,9.0,9,,,,,,,,
,,,,,4032,3.0,3,,,,,,,,
,,,,,4047,15.0,15,,,,,,,,
,,,,,4052,5.0,5,,,,,,,,
,,,,,4057,5.0,5,,,,,,,,
,,,,,4061,4.0,4,,,,,,,,
,,,,,4068,7.0,7,,,,,,,,
,,,,,4072,4.0,4,,,,,,,,
,,,,,4076,4.0,4,,,,,,,,
,,,,,4082,6.0,6,,,,,,,,
,,,,,4086,4.0,4,,,,,,,,
,,,,,4100,14.0,14,,,,,,,,
,,,,,4108,8.0,8,,,,,,,,
,,,,,4119,11.0,11,,,,,,,,
,,,,,4123,4.0,4,,,,,,,,
,,,,,4134,11.0,11,,,,,,,,
,,,,,4139,5.0,5,,,,,,,,
,,,,,4148,9.0,9,,,,,,,,
,,,,,4156,8.0,8,,,,,,,,
,,,,,4162,6.0,6,,,,,,,,
,,,,,4168,6.0,6,,,,,,,,
,,,,,4171,3.0,3,,,,,,,,
,,,,,4174,3.0,3,,,,,,,,
,,,,,4193,19.0,19,,,,,,,,
,,,,,4199,6.0,6,,,,,,,,
,,,,,4203,4.0,4,,,,,,,,
,,,,,4211,8.0,8,,,,,,,,
,,,,,4214,3.0,3,,,,,,,,
,,,,,4219,5.0,5,,,,,,,,
,,,,,4230,11.0,11,,,,,,,,
,,,,,4237,7.0,7,,,,,,,,
,,,,,4245,8.0,8,,,,,,,,
,,,,,4254,9.0,9,,,,,,,,
,,,,,4268,14.0,14,,,,,,,,
,,,,,4274,6.0,6,,,,,,,,
,,,,,4280,6.0,6,,,,,,,,
,,,,,4294,14.0,14,,,,,,,,
,,,,,4302,8.0,8,,,,,,,,
,,,,,4311,9.0,9,,,,,,,,
,,,,,4318,7.0,7,,,,,,,,
,,,,,4323,5.0,5,,,,,,,,
,,,,,4326,3.0,3,,,,,,,,
,,,,,4344,18.0,18,,,,,,,,
,,,,,4348,4.0,4,,,,,,,,
,,,,,4351,3.0,3,,,,,,,,
,,,,,4355,4.0,4,,,,,,,,
,,,,,4358,3.0,3,,,,,,,,
,,,,,4361,3.0,3,,,,,,,,
,,,,,4365,4.0,4,,,,,,,,
,,,,,4374,9.0,9,,,,,,,,
,,,,,4381,7.0,7,,,,,,,,
,,,,,4385,4.0,4,,,,,,,,
,,,,,4393,8.0,8,,,,,,,,
,,,,,4397,4.0,4,,,,,,,,
,,,,,4402,5.0,5,,,,,,,,
,,,,,4406,4.0,4,,,,,,,,
,,,,,4416,10.0,10,,,,,,,,
,,,,,4423,7.0,7,,,,,,,,
,,,,,4427,4.0,4,,,,,,,,
,,,,,4432,5.0,5,,,,,,,,
,,,,,4437,5.0,5,,,,,,,,
,,,,,4441,4.0,4,,,,,,,,
,,,,,4447,6.0,6,,,,,,,,
,,,,,4453,6.0,6,,,,,,,,
,,,,,4458,5.0,5,,,,,,,,
,,,,,4462,4.0,4,,,,,,,,
,,,,,4467,5.0,5,,,,,,,,
,,,,,4499,32.0,32,,,,,,,,
,,,,,4509,10.0,10,,,,,,,,
,,,,,4514,5.0,5,,,,,,,,
,,,,,4520,6.0,6,,,,,,,,
,,,,,4528,8.0,8,,,,,,,,
,,,,,4531,3.0,3,,,,,,,,
,,,,,4535,4.0,4,,,,,,,,
,,,,,4540,5.0,5,,,,,,,,
,,,,,4549,9.0,9,,,,,,,,
,,,,,4553,4.0,4,,,,,,,,
,,,,,4560,7.0,7,,,,,,,,
,,,,,4566,6.0,6,,,,,,,,
,,,,,4570,4.0,4,,,,,,,,
,,,,,4574,4.0,4,,,,,,,,
,,,,,4578,4.0,4,,,,,,,,
,,,,,4585,7.0,7,,,,,,,,
,,,,,4598,13.0,13,,,,,,,,
,,,,,4602,4.0,4,,,,,,,,
,,,,,4607,5.0,5,,,,,,,,
,,,,,4611,4.0,4,,,,,,,,
,,,,,4617,6.0,6,,,,,,,,
,,,,,4623,6.0,6,,,,,,,,
,,,,,4627,4.0,4,,,,,,,,
,,,,,4633,6.0,6,,,,,,,,
,,,,,4638,5.0,5,,,,,,,,
,,,,,4643,5.0,5,,,,,,,,
,,,,,4652,9.0,9,,,,,,,,
,,,,,4657,5.0,5,,,,,,,,
,,,,,4666,9.0,9,,,,,,,,
,,,,,4671,5.0,5,,,,,,,,
,,,,,4675,4.0,4,,,,,,,,
,,,,,4680,5.0,5,,,,,,,,
,,,,,4683,3.0,3,,,,,,,,
,,,,,4687,4.0,4,,,,,,,,
,,,,,4691,4.0,4,,,,,,,,
,,,,,4700,9.0,9,,,,,,,,
,,,,,4705,5.0,5,,,,,,,,
,,,,,4716,11.0,11,,,,,,,,
,,,,,4720,4.0,4,,,,,,,,
,,,,,4725,5.0,5,,,,,,,,
,,,,,4733,8.0,8,,,,,,,,
,,,,,4740,7.0,7,,,,,,,,
,,,,,4747,7.0,7,,,,,,,,
,,,,,4751,4.0,4,,,,,,,,
,,,,,4772,21.0,21,,,,,,,,
,,,,,4779,7.0,7,,,,,,,,
,,,,,4785,6.0,6,,,,,,,,
,,,,,4792,7.0,7,,,,,,,,
,,,,,4802,10.0,10,,,,,,,,
,,,,,4807,5.0,5,,,,,,,,
,,,,,4813,6.0,6,,,,,,,,
,,,,,4826,13.0,13,,,,,,,,
,,,,,4831,5.0,5,,,,,,,,
,,,,,4839,8.0,8,,,,,,,,
,,,,,4843,4.0,4,,,,,,,,
,,,,,4847,4.0,4,,,,,,,,
,,,,,4860,13.0,13,,,,,,,,
,,,,,4872,12.0,12,,,,,,,,
,,,,,4879,7.0,7,,,,,,,,
,,,,,4886,7.0,7,,,,,,,,
,,,,,4891,5.0,5,,,,,,,,
,,,,,4900,9.0,9,,,,,,,,
,,,,,4904,4.0,4,,,,,,,,
,,,,,4911,7.0,7,,,,,,,,
,,,,,4917,6.0,6,,,,,,,,
,,,,,4920,3.0,3,,,,,,,,
,,,,,4924,4.0,4,,,,,,,,
,,,,,4929,5.0,5,,,,,,,,
,,,,,4932,3.0,3,,,,,,,,
,,,,,4939,7.0,7,,,,,,,,
,,,,,4944,5.0,5,,,,,,,,
,,,,,4947,3.0,3,,,,,,,,
,,,,,4958,11.0,11,,,,,,,,
,,,,,4972,14.0,14,,,,,,,,
,,,,,4981,9.0,9,,,,,,,,
,,,,,4985,4.0,4,,,,,,,,
,,,,,4989,4.0,4,,,,,,,,
,,,,,4992,3.0,3,,,,,,,,
,,,,,4997,5.0,5,,,,,,,,
,,,,,5000,3.0,3,,,,,,,,
6.1,4.7,18.0,3.0,6.1,5000,,,-0.06291794776916504,0.6291794776916504,1.0921045541763306,0.05785389244556427,1.1016628742218018,0.0003,0.0003,0.1
,,,,,5007,7.0,7,,,,,,,,
,,,,,5012,5.0,5,,,,,,,,
,,,,,5029,17.0,17,,,,,,,,
,,,,,5034,5.0,5,,,,,,,,
,,,,,5039,5.0,5,,,,,,,,
,,,,,5044,5.0,5,,,,,,,,
,,,,,5048,4.0,4,,,,,,,,
,,,,,5053,5.0,5,,,,,,,,
,,,,,5057,4.0,4,,,,,,,,
,,,,,5065,8.0,8,,,,,,,,
,,,,,5080,15.0,15,,,,,,,,
,,,,,5083,3.0,3,,,,,,,,
,,,,,5090,7.0,7,,,,,,,,
,,,,,5094,4.0,4,,,,,,,,
,,,,,5106,12.0,12,,,,,,,,
,,,,,5126,20.0,20,,,,,,,,
,,,,,5133,7.0,7,,,,,,,,
,,,,,5137,4.0,4,,,,,,,,
,,,,,5140,3.0,3,,,,,,,,
,,,,,5147,7.0,7,,,,,,,,
,,,,,5153,6.0,6,,,,,,,,
,,,,,5156,3.0,3,,,,,,,,
,,,,,5164,8.0,8,,,,,,,,
,,,,,5167,3.0,3,,,,,,,,
,,,,,5170,3.0,3,,,,,,,,
,,,,,5176,6.0,6,,,,,,,,
,,,,,5184,8.0,8,,,,,,,,
,,,,,5191,7.0,7,,,,,,,,
,,,,,5197,6.0,6,,,,,,,,
,,,,,5202,5.0,5,,,,,,,,
,,,,,5205,3.0,3,,,,,,,,
,,,,,5213,8.0,8,,,,,,,,
,,,,,5217,4.0,4,,,,,,,,
,,,,,5223,6.0,6,,,,,,,,
,,,,,5233,10.0,10,,,,,,,,
,,,,,5241,8.0,8,,,,,,,,
,,,,,5246,5.0,5,,,,,,,,
,,,,,5262,16.0,16,,,,,,,,
,,,,,5272,10.0,10,,,,,,,,
,,,,,5275,3.0,3,,,,,,,,
,,,,,5281,6.0,6,,,,,,,,
,,,,,5284,3.0,3,,,,,,,,
,,,,,5288,4.0,4,,,,,,,,
,,,,,5292,4.0,4,,,,,,,,
,,,,,5301,9.0,9,,,,,,,,
,,,,,5306,5.0,5,,,,,,,,
,,,,,5315,9.0,9,,,,,,,,
,,,,,5318,3.0,3,,,,,,,,
,,,,,5327,9.0,9,,,,,,,,
,,,,,5330,3.0,3,,,,,,,,
,,,,,5337,7.0,7,,,,,,,,
,,,,,5340,3.0,3,,,,,,,,
,,,,,5344,4.0,4,,,,,,,,
,,,,,5350,6.0,6,,,,,,,,
,,,,,5359,9.0,9,,,,,,,,
,,,,,5362,3.0,3,,,,,,,,
,,,,,5365,3.0,3,,,,,,,,
,,,,,5373,8.0,8,,,,,,,,
,,,,,5378,5.0,5,,,,,,,,
,,,,,5381,3.0,3,,,,,,,,
,,,,,5385,4.0,4,,,,,,,,
,,,,,5393,8.0,8,,,,,,,,
,,,,,5396,3.0,3,,,,,,,,
,,,,,5400,4.0,4,,,,,,,,
,,,,,5403,3.0,3,,,,,,,,
,,,,,5407,4.0,4,,,,,,,,
,,,,,5410,3.0,3,,,,,,,,
,,,,,5418,8.0,8,,,,,,,,
,,,,,5423,5.0,5,,,,,,,,
,,,,,5430,7.0,7,,,,,,,,
,,,,,5433,3.0,3,,,,,,,,
,,,,,5437,4.0,4,,,,,,,,
,,,,,5449,12.0,12,,,,,,,,
,,,,,5459,10.0,10,,,,,,,,
,,,,,5462,3.0,3,,,,,,,,
,,,,,5473,11.0,11,,,,,,,,
,,,,,5477,4.0,4,,,,,,,,
,,,,,5481,4.0,4,,,,,,,,
,,,,,5484,3.0,3,,,,,,,,
,,,,,5489,5.0,5,,,,,,,,
,,,,,5493,4.0,4,,,,,,,,
,,,,,5496,3.0,3,,,,,,,,
,,,,,5500,4.0,4,,,,,,,,
,,,,,5506,6.0,6,,,,,,,,
,,,,,5510,4.0,4,,,,,,,,
,,,,,5515,5.0,5,,,,,,,,
,,,,,5523,8.0,8,,,,,,,,
,,,,,5527,4.0,4,,,,,,,,
,,,,,5535,8.0,8,,,,,,,,
,,,,,5541,6.0,6,,,,,,,,
,,,,,5547,6.0,6,,,,,,,,
,,,,,5556,9.0,9,,,,,,,,
,,,,,5561,5.0,5,,,,,,,,
,,,,,5568,7.0,7,,,,,,,,
,,,,,5573,5.0,5,,,,,,,,
,,,,,5580,7.0,7,,,,,,,,
,,,,,5589,9.0,9,,,,,,,,
,,,,,5592,3.0,3,,,,,,,,
,,,,,5599,7.0,7,,,,,,,,
,,,,,5604,5.0,5,,,,,,,,
,,,,,5609,5.0,5,,,,,,,,
,,,,,5618,9.0,9,,,,,,,,
,,,,,5622,4.0,4,,,,,,,,
,,,,,5631,9.0,9,,,,,,,,
,,,,,5634,3.0,3,,,,,,,,
,,,,,5640,6.0,6,,,,,,,,
,,,,,5648,8.0,8,,,,,,,,
,,,,,5654,6.0,6,,,,,,,,
,,,,,5659,5.0,5,,,,,,,,
,,,,,5664,5.0,5,,,,,,,,
,,,,,5668,4.0,4,,,,,,,,
,,,,,5677,9.0,9,,,,,,,,
,,,,,5681,4.0,4,,,,,,,,
,,,,,5688,7.0,7,,,,,,,,
,,,,,5692,4.0,4,,,,,,,,
,,,,,5696,4.0,4,,,,,,,,
,,,,,5701,5.0,5,,,,,,,,
,,,,,5704,3.0,3,,,,,,,,
,,,,,5720,16.0,16,,,,,,,,
,,,,,5727,7.0,7,,,,,,,,
,,,,,5733,6.0,6,,,,,,,,
,,,,,5744,11.0,11,,,,,,,,
,,,,,5747,3.0,3,,,,,,,,
,,,,,5753,6.0,6,,,,,,,,
,,,,,5759,6.0,6,,,,,,,,
,,,,,5764,5.0,5,,,,,,,,
,,,,,5767,3.0,3,,,,,,,,
,,,,,5780,13.0,13,,,,,,,,
,,,,,5791,11.0,11,,,,,,,,
,,,,,5798,7.0,7,,,,,,,,
,,,,,5809,11.0,11,,,,,,,,
,,,,,5814,5.0,5,,,,,,,,
,,,,,5822,8.0,8,,,,,,,,
,,,,,5830,8.0,8,,,,,,,,
,,,,,5838,8.0,8,,,,,,,,
,,,,,5841,3.0,3,,,,,,,,
,,,,,5844,3.0,3,,,,,,,,
,,,,,5850,6.0,6,,,,,,,,
,,,,,5855,5.0,5,,,,,,,,
,,,,,5858,3.0,3,,,,,,,,
,,,,,5864,6.0,6,,,,,,,,
,,,,,5869,5.0,5,,,,,,,,
,,,,,5873,4.0,4,,,,,,,,
,,,,,5887,14.0,14,,,,,,,,
,,,,,5896,9.0,9,,,,,,,,
,,,,,5901,5.0,5,,,,,,,,
,,,,,5912,11.0,11,,,,,,,,
,,,,,5916,4.0,4,,,,,,,,
,,,,,5919,3.0,3,,,,,,,,
,,,,,5922,3.0,3,,,,,,,,
,,,,,5927,5.0,5,,,,,,,,
,,,,,5930,3.0,3,,,,,,,,
,,,,,5933,3.0,3,,,,,,,,
,,,,,5941,8.0,8,,,,,,,,
,,,,,5946,5.0,5,,,,,,,,
,,,,,5951,5.0,5,,,,,,,,
,,,,,5955,4.0,4,,,,,,,,
,,,,,5966,11.0,11,,,,,,,,
,,,,,5970,4.0,4,,,,,,,,
,,,,,5975,5.0,5,,,,,,,,
,,,,,5983,8.0,8,,,,,,,,
,,,,,5986,3.0,3,,,,,,,,
,,,,,5989,3.0,3,,,,,,,,
,,,,,5992,3.0,3,,,,,,,,
,,,,,6000,,,-0.06882108747959137,0.6882108449935913,0.677284836769104,3.7312285900115967,3.796692132949829,0.0003,0.0003,0.1
,,,,,6001,9.0,9,,,,,,,,
,,,,,6012,11.0,11,,,,,,,,
,,,,,6015,3.0,3,,,,,,,,
,,,,,6019,4.0,4,,,,,,,,
,,,,,6023,4.0,4,,,,,,,,
,,,,,6034,11.0,11,,,,,,,,
,,,,,6037,3.0,3,,,,,,,,
,,,,,6040,3.0,3,,,,,,,,
,,,,,6047,7.0,7,,,,,,,,
,,,,,6050,3.0,3,,,,,,,,
,,,,,6055,5.0,5,,,,,,,,
,,,,,6061,6.0,6,,,,,,,,
,,,,,6065,4.0,4,,,,,,,,
,,,,,6068,3.0,3,,,,,,,,
,,,,,6072,4.0,4,,,,,,,,
,,,,,6077,5.0,5,,,,,,,,
,,,,,6080,3.0,3,,,,,,,,
,,,,,6084,4.0,4,,,,,,,,
,,,,,6090,6.0,6,,,,,,,,
,,,,,6104,14.0,14,,,,,,,,
,,,,,6107,3.0,3,,,,,,,,
,,,,,6110,3.0,3,,,,,,,,
,,,,,6113,3.0,3,,,,,,,,
,,,,,6119,6.0,6,,,,,,,,
,,,,,6135,16.0,16,,,,,,,,
,,,,,6138,3.0,3,,,,,,,,
,,,,,6142,4.0,4,,,,,,,,
,,,,,6146,4.0,4,,,,,,,,
,,,,,6153,7.0,7,,,,,,,,
,,,,,6159,6.0,6,,,,,,,,
,,,,,6163,4.0,4,,,,,,,,
,,,,,6171,8.0,8,,,,,,,,
,,,,,6176,5.0,5,,,,,,,,
,,,,,6180,4.0,4,,,,,,,,
,,,,,6184,4.0,4,,,,,,,,
,,,,,6190,6.0,6,,,,,,,,
,,,,,6194,4.0,4,,,,,,,,
,,,,,6197,3.0,3,,,,,,,,
,,,,,6209,12.0,12,,,,,,,,
,,,,,6212,3.0,3,,,,,,,,
,,,,,6219,7.0,7,,,,,,,,
,,,,,6234,15.0,15,,,,,,,,
,,,,,6242,8.0,8,,,,,,,,
,,,,,6248,6.0,6,,,,,,,,
,,,,,6251,3.0,3,,,,,,,,
,,,,,6259,8.0,8,,,,,,,,
,,,,,6267,8.0,8,,,,,,,,
,,,,,6272,5.0,5,,,,,,,,
,,,,,6277,5.0,5,,,,,,,,
,,,,,6283,6.0,6,,,,,,,,
,,,,,6286,3.0,3,,,,,,,,
,,,,,6290,4.0,4,,,,,,,,
,,,,,6301,11.0,11,,,,,,,,
,,,,,6306,5.0,5,,,,,,,,
,,,,,6310,4.0,4,,,,,,,,
,,,,,6316,6.0,6,,,,,,,,
,,,,,6319,3.0,3,,,,,,,,
,,,,,6323,4.0,4,,,,,,,,
,,,,,6327,4.0,4,,,,,,,,
,,,,,6338,11.0,11,,,,,,,,
,,,,,6342,4.0,4,,,,,,,,
,,,,,6345,3.0,3,,,,,,,,
,,,,,6351,6.0,6,,,,,,,,
,,,,,6355,4.0,4,,,,,,,,
,,,,,6359,4.0,4,,,,,,,,
,,,,,6366,7.0,7,,,,,,,,
,,,,,6371,5.0,5,,,,,,,,
,,,,,6376,5.0,5,,,,,,,,
,,,,,6380,4.0,4,,,,,,,,
,,,,,6384,4.0,4,,,,,,,,
,,,,,6389,5.0,5,,,,,,,,
,,,,,6392,3.0,3,,,,,,,,
,,,,,6397,5.0,5,,,,,,,,
,,,,,6405,8.0,8,,,,,,,,
,,,,,6409,4.0,4,,,,,,,,
,,,,,6414,5.0,5,,,,,,,,
,,,,,6419,5.0,5,,,,,,,,
,,,,,6428,9.0,9,,,,,,,,
,,,,,6431,3.0,3,,,,,,,,
,,,,,6440,9.0,9,,,,,,,,
,,,,,6445,5.0,5,,,,,,,,
,,,,,6449,4.0,4,,,,,,,,
,,,,,6452,3.0,3,,,,,,,,
,,,,,6455,3.0,3,,,,,,,,
,,,,,6460,5.0,5,,,,,,,,
,,,,,6466,6.0,6,,,,,,,,
,,,,,6469,3.0,3,,,,,,,,
,,,,,6476,7.0,7,,,,,,,,
,,,,,6479,3.0,3,,,,,,,,
,,,,,6482,3.0,3,,,,,,,,
,,,,,6486,4.0,4,,,,,,,,
,,,,,6489,3.0,3,,,,,,,,
,,,,,6508,19.0,19,,,,,,,,
,,,,,6523,15.0,15,,,,,,,,
,,,,,6527,4.0,4,,,,,,,,
,,,,,6530,3.0,3,,,,,,,,
,,,,,6534,4.0,4,,,,,,,,
,,,,,6539,5.0,5,,,,,,,,
,,,,,6545,6.0,6,,,,,,,,
,,,,,6549,4.0,4,,,,,,,,
,,,,,6555,6.0,6,,,,,,,,
,,,,,6563,8.0,8,,,,,,,,
,,,,,6567,4.0,4,,,,,,,,
,,,,,6576,9.0,9,,,,,,,,
,,,,,6584,8.0,8,,,,,,,,
,,,,,6590,6.0,6,,,,,,,,
,,,,,6596,6.0,6,,,,,,,,
,,,,,6605,9.0,9,,,,,,,,
,,,,,6608,3.0,3,,,,,,,,
,,,,,6611,3.0,3,,,,,,,,
,,,,,6614,3.0,3,,,,,,,,
,,,,,6625,11.0,11,,,,,,,,
,,,,,6629,4.0,4,,,,,,,,
,,,,,6640,11.0,11,,,,,,,,
,,,,,6646,6.0,6,,,,,,,,
,,,,,6649,3.0,3,,,,,,,,
,,,,,6655,6.0,6,,,,,,,,
,,,,,6661,6.0,6,,,,,,,,
,,,,,6664,3.0,3,,,,,,,,
,,,,,6668,4.0,4,,,,,,,,
,,,,,6680,12.0,12,,,,,,,,
,,,,,6684,4.0,4,,,,,,,,
,,,,,6692,8.0,8,,,,,,,,
,,,,,6696,4.0,4,,,,,,,,
,,,,,6703,7.0,7,,,,,,,,
,,,,,6706,3.0,3,,,,,,,,
,,,,,6712,6.0,6,,,,,,,,
,,,,,6716,4.0,4,,,,,,,,
,,,,,6722,6.0,6,,,,,,,,
,,,,,6729,7.0,7,,,,,,,,
,,,,,6732,3.0,3,,,,,,,,
,,,,,6738,6.0,6,,,,,,,,
,,,,,6743,5.0,5,,,,,,,,
,,,,,6759,16.0,16,,,,,,,,
,,,,,6764,5.0,5,,,,,,,,
,,,,,6771,7.0,7,,,,,,,,
,,,,,6775,4.0,4,,,,,,,,
,,,,,6779,4.0,4,,,,,,,,
,,,,,6796,17.0,17,,,,,,,,
,,,,,6802,6.0,6,,,,,,,,
,,,,,6806,4.0,4,,,,,,,,
,,,,,6812,6.0,6,,,,,,,,
,,,,,6815,3.0,3,,,,,,,,
,,,,,6819,4.0,4,,,,,,,,
,,,,,6827,8.0,8,,,,,,,,
,,,,,6831,4.0,4,,,,,,,,
,,,,,6835,4.0,4,,,,,,,,
,,,,,6841,6.0,6,,,,,,,,
,,,,,6852,11.0,11,,,,,,,,
,,,,,6860,8.0,8,,,,,,,,
,,,,,6865,5.0,5,,,,,,,,
,,,,,6878,13.0,13,,,,,,,,
,,,,,6895,17.0,17,,,,,,,,
,,,,,6901,6.0,6,,,,,,,,
,,,,,6904,3.0,3,,,,,,,,
,,,,,6909,5.0,5,,,,,,,,
,,,,,6912,3.0,3,,,,,,,,
,,,,,6915,3.0,3,,,,,,,,
,,,,,6920,5.0,5,,,,,,,,
,,,,,6925,5.0,5,,,,,,,,
,,,,,6938,13.0,13,,,,,,,,
,,,,,6941,3.0,3,,,,,,,,
,,,,,6953,12.0,12,,,,,,,,
,,,,,6956,3.0,3,,,,,,,,
,,,,,6961,5.0,5,,,,,,,,
,,,,,6965,4.0,4,,,,,,,,
,,,,,6972,7.0,7,,,,,,,,
,,,,,6976,4.0,4,,,,,,,,
,,,,,6993,17.0,17,,,,,,,,
,,,,,6997,4.0,4,,,,,,,,
,,,,,7000,,,-0.06745386868715286,0.6745386719703674,1.5713036060333252,4.497979164123535,4.636998176574707,0.0003,0.0003,0.1
,,,,,7005,8.0,8,,,,,,,,
,,,,,7010,5.0,5,,,,,,,,
,,,,,7014,4.0,4,,,,,,,,
,,,,,7017,3.0,3,,,,,,,,
,,,,,7028,11.0,11,,,,,,,,
,,,,,7032,4.0,4,,,,,,,,
,,,,,7039,7.0,7,,,,,,,,
,,,,,7043,4.0,4,,,,,,,,
,,,,,7046,3.0,3,,,,,,,,
,,,,,7051,5.0,5,,,,,,,,
,,,,,7058,7.0,7,,,,,,,,
,,,,,7061,3.0,3,,,,,,,,
,,,,,7067,6.0,6,,,,,,,,
,,,,,7075,8.0,8,,,,,,,,
,,,,,7080,5.0,5,,,,,,,,
,,,,,7084,4.0,4,,,,,,,,
,,,,,7089,5.0,5,,,,,,,,
,,,,,7094,5.0,5,,,,,,,,
,,,,,7100,6.0,6,,,,,,,,
,,,,,7109,9.0,9,,,,,,,,
,,,,,7114,5.0,5,,,,,,,,
,,,,,7129,15.0,15,,,,,,,,
,,,,,7137,8.0,8,,,,,,,,
,,,,,7143,6.0,6,,,,,,,,
,,,,,7149,6.0,6,,,,,,,,
,,,,,7153,4.0,4,,,,,,,,
,,,,,7158,5.0,5,,,,,,,,
,,,,,7164,6.0,6,,,,,,,,
,,,,,7168,4.0,4,,,,,,,,
,,,,,7173,5.0,5,,,,,,,,
,,,,,7185,12.0,12,,,,,,,,
,,,,,7188,3.0,3,,,,,,,,
,,,,,7193,5.0,5,,,,,,,,
,,,,,7198,5.0,5,,,,,,,,
,,,,,7211,13.0,13,,,,,,,,
,,,,,7229,18.0,18,,,,,,,,
,,,,,7234,5.0,5,,,,,,,,
,,,,,7238,4.0,4,,,,,,,,
,,,,,7248,10.0,10,,,,,,,,
,,,,,7253,5.0,5,,,,,,,,
,,,,,7260,7.0,7,,,,,,,,
,,,,,7263,3.0,3,,,,,,,,
,,,,,7271,8.0,8,,,,,,,,
,,,,,7276,5.0,5,,,,,,,,
,,,,,7292,16.0,16,,,,,,,,
,,,,,7299,7.0,7,,,,,,,,
,,,,,7304,5.0,5,,,,,,,,
,,,,,7311,7.0,7,,,,,,,,
,,,,,7315,4.0,4,,,,,,,,
,,,,,7318,3.0,3,,,,,,,,
,,,,,7321,3.0,3,,,,,,,,
,,,,,7327,6.0,6,,,,,,,,
,,,,,7330,3.0,3,,,,,,,,
,,,,,7334,4.0,4,,,,,,,,
,,,,,7338,4.0,4,,,,,,,,
,,,,,7345,7.0,7,,,,,,,,
,,,,,7355,10.0,10,,,,,,,,
,,,,,7367,12.0,12,,,,,,,,
,,,,,7371,4.0,4,,,,,,,,
,,,,,7376,5.0,5,,,,,,,,
,,,,,7380,4.0,4,,,,,,,,
,,,,,7383,3.0,3,,,,,,,,
,,,,,7394,11.0,11,,,,,,,,
,,,,,7404,10.0,10,,,,,,,,
,,,,,7411,7.0,7,,,,,,,,
,,,,,7415,4.0,4,,,,,,,,
,,,,,7418,3.0,3,,,,,,,,
,,,,,7427,9.0,9,,,,,,,,
,,,,,7435,8.0,8,,,,,,,,
,,,,,7439,4.0,4,,,,,,,,
,,,,,7445,6.0,6,,,,,,,,
,,,,,7448,3.0,3,,,,,,,,
,,,,,7453,5.0,5,,,,,,,,
,,,,,7462,9.0,9,,,,,,,,
,,,,,7471,9.0,9,,,,,,,,
,,,,,7475,4.0,4,,,,,,,,
,,,,,7480,5.0,5,,,,,,,,
,,,,,7485,5.0,5,,,,,,,,
,,,,,7494,9.0,9,,,,,,,,
,,,,,7498,4.0,4,,,,,,,,
,,,,,7502,4.0,4,,,,,,,,
,,,,,7510,8.0,8,,,,,,,,
,,,,,7515,5.0,5,,,,,,,,
,,,,,7519,4.0,4,,,,,,,,
,,,,,7524,5.0,5,,,,,,,,
,,,,,7545,21.0,21,,,,,,,,
,,,,,7550,5.0,5,,,,,,,,
,,,,,7557,7.0,7,,,,,,,,
,,,,,7562,5.0,5,,,,,,,,
,,,,,7567,5.0,5,,,,,,,,
,,,,,7570,3.0,3,,,,,,,,
,,,,,7574,4.0,4,,,,,,,,
,,,,,7578,4.0,4,,,,,,,,
,,,,,7583,5.0,5,,,,,,,,
,,,,,7591,8.0,8,,,,,,,,
,,,,,7595,4.0,4,,,,,,,,
,,,,,7599,4.0,4,,,,,,,,
,,,,,7602,3.0,3,,,,,,,,
,,,,,7608,6.0,6,,,,,,,,
,,,,,7616,8.0,8,,,,,,,,
,,,,,7634,18.0,18,,,,,,,,
,,,,,7638,4.0,4,,,,,,,,
,,,,,7642,4.0,4,,,,,,,,
,,,,,7646,4.0,4,,,,,,,,
,,,,,7652,6.0,6,,,,,,,,
,,,,,7655,3.0,3,,,,,,,,
,,,,,7660,5.0,5,,,,,,,,
,,,,,7664,4.0,4,,,,,,,,
,,,,,7668,4.0,4,,,,,,,,
,,,,,7675,7.0,7,,,,,,,,
,,,,,7678,3.0,3,,,,,,,,
,,,,,7683,5.0,5,,,,,,,,
,,,,,7687,4.0,4,,,,,,,,
,,,,,7692,5.0,5,,,,,,,,
,,,,,7695,3.0,3,,,,,,,,
,,,,,7699,4.0,4,,,,,,,,
,,,,,7702,3.0,3,,,,,,,,
,,,,,7707,5.0,5,,,,,,,,
,,,,,7710,3.0,3,,,,,,,,
,,,,,7716,6.0,6,,,,,,,,
,,,,,7722,6.0,6,,,,,,,,
,,,,,7725,3.0,3,,,,,,,,
,,,,,7732,7.0,7,,,,,,,,
,,,,,7746,14.0,14,,,,,,,,
,,,,,7749,3.0,3,,,,,,,,
,,,,,7752,3.0,3,,,,,,,,
,,,,,7757,5.0,5,,,,,,,,
,,,,,7761,4.0,4,,,,,,,,
,,,,,7764,3.0,3,,,,,,,,
,,,,,7777,13.0,13,,,,,,,,
,,,,,7783,6.0,6,,,,,,,,
,,,,,7788,5.0,5,,,,,,,,
,,,,,7796,8.0,8,,,,,,,,
,,,,,7803,7.0,7,,,,,,,,
,,,,,7806,3.0,3,,,,,,,,
,,,,,7816,10.0,10,,,,,,,,
,,,,,7821,5.0,5,,,,,,,,
,,,,,7828,7.0,7,,,,,,,,
,,,,,7843,15.0,15,,,,,,,,
,,,,,7848,5.0,5,,,,,,,,
,,,,,7855,7.0,7,,,,,,,,
,,,,,7868,13.0,13,,,,,,,,
,,,,,7874,6.0,6,,,,,,,,
,,,,,7878,4.0,4,,,,,,,,
,,,,,7881,3.0,3,,,,,,,,
,,,,,7884,3.0,3,,,,,,,,
,,,,,7889,5.0,5,,,,,,,,
,,,,,7893,4.0,4,,,,,,,,
,,,,,7900,7.0,7,,,,,,,,
,,,,,7905,5.0,5,,,,,,,,
,,,,,7912,7.0,7,,,,,,,,
,,,,,7919,7.0,7,,,,,,,,
,,,,,7925,6.0,6,,,,,,,,
,,,,,7928,3.0,3,,,,,,,,
,,,,,7933,5.0,5,,,,,,,,
,,,,,7938,5.0,5,,,,,,,,
,,,,,7942,4.0,4,,,,,,,,
,,,,,7948,6.0,6,,,,,,,,
,,,,,7951,3.0,3,,,,,,,,
,,,,,7955,4.0,4,,,,,,,,
,,,,,7959,4.0,4,,,,,,,,
,,,,,7963,4.0,4,,,,,,,,
,,,,,7966,3.0,3,,,,,,,,
,,,,,7979,13.0,13,,,,,,,,
,,,,,7985,6.0,6,,,,,,,,
,,,,,7992,7.0,7,,,,,,,,
,,,,,7995,3.0,3,,,,,,,,
,,,,,7998,3.0,3,,,,,,,,
,,,,,8000,,,-0.06788720190525055,0.6788719892501831,1.8414005041122437,4.4629130363464355,4.410380840301514,0.0003,0.0003,0.1
,,,,,8001,3.0,3,,,,,,,,
,,,,,8009,8.0,8,,,,,,,,
,,,,,8012,3.0,3,,,,,,,,
,,,,,8018,6.0,6,,,,,,,,
,,,,,8023,5.0,5,,,,,,,,
,,,,,8026,3.0,3,,,,,,,,
,,,,,8030,4.0,4,,,,,,,,
,,,,,8037,7.0,7,,,,,,,,
,,,,,8043,6.0,6,,,,,,,,
,,,,,8052,9.0,9,,,,,,,,
,,,,,8056,4.0,4,,,,,,,,
,,,,,8071,15.0,15,,,,,,,,
,,,,,8079,8.0,8,,,,,,,,
,,,,,8082,3.0,3,,,,,,,,
,,,,,8094,12.0,12,,,,,,,,
,,,,,8101,7.0,7,,,,,,,,
,,,,,8104,3.0,3,,,,,,,,
,,,,,8108,4.0,4,,,,,,,,
,,,,,8121,13.0,13,,,,,,,,
,,,,,8130,9.0,9,,,,,,,,
,,,,,8133,3.0,3,,,,,,,,
,,,,,8137,4.0,4,,,,,,,,
,,,,,8142,5.0,5,,,,,,,,
,,,,,8147,5.0,5,,,,,,,,
,,,,,8150,3.0,3,,,,,,,,
,,,,,8160,10.0,10,,,,,,,,
,,,,,8164,4.0,4,,,,,,,,
,,,,,8169,5.0,5,,,,,,,,
,,,,,8176,7.0,7,,,,,,,,
,,,,,8181,5.0,5,,,,,,,,
,,,,,8185,4.0,4,,,,,,,,
,,,,,8192,7.0,7,,,,,,,,
,,,,,8197,5.0,5,,,,,,,,
,,,,,8205,8.0,8,,,,,,,,
,,,,,8210,5.0,5,,,,,,,,
,,,,,8217,7.0,7,,,,,,,,
,,,,,8220,3.0,3,,,,,,,,
,,,,,8223,3.0,3,,,,,,,,
,,,,,8229,6.0,6,,,,,,,,
,,,,,8232,3.0,3,,,,,,,,
,,,,,8235,3.0,3,,,,,,,,
,,,,,8238,3.0,3,,,,,,,,
,,,,,8241,3.0,3,,,,,,,,
,,,,,8246,5.0,5,,,,,,,,
,,,,,8251,5.0,5,,,,,,,,
,,,,,8256,5.0,5,,,,,,,,
,,,,,8259,3.0,3,,,,,,,,
,,,,,8266,7.0,7,,,,,,,,
,,,,,8272,6.0,6,,,,,,,,
,,,,,8276,4.0,4,,,,,,,,
,,,,,8280,4.0,4,,,,,,,,
,,,,,8290,10.0,10,,,,,,,,
,,,,,8295,5.0,5,,,,,,,,
,,,,,8298,3.0,3,,,,,,,,
,,,,,8301,3.0,3,,,,,,,,
,,,,,8312,11.0,11,,,,,,,,
,,,,,8316,4.0,4,,,,,,,,
,,,,,8324,8.0,8,,,,,,,,
,,,,,8327,3.0,3,,,,,,,,
,,,,,8330,3.0,3,,,,,,,,
,,,,,8336,6.0,6,,,,,,,,
,,,,,8342,6.0,6,,,,,,,,
,,,,,8346,4.0,4,,,,,,,,
,,,,,8349,3.0,3,,,,,,,,
,,,,,8352,3.0,3,,,,,,,,
,,,,,8363,11.0,11,,,,,,,,
,,,,,8380,17.0,17,,,,,,,,
,,,,,8384,4.0,4,,,,,,,,
,,,,,8390,6.0,6,,,,,,,,
,,,,,8402,12.0,12,,,,,,,,
,,,,,8405,3.0,3,,,,,,,,
,,,,,8419,14.0,14,,,,,,,,
,,,,,8423,4.0,4,,,,,,,,
,,,,,8434,11.0,11,,,,,,,,
,,,,,8442,8.0,8,,,,,,,,
,,,,,8445,3.0,3,,,,,,,,
,,,,,8450,5.0,5,,,,,,,,
,,,,,8454,4.0,4,,,,,,,,
,,,,,8458,4.0,4,,,,,,,,
,,,,,8463,5.0,5,,,,,,,,
,,,,,8466,3.0,3,,,,,,,,
,,,,,8474,8.0,8,,,,,,,,
,,,,,8480,6.0,6,,,,,,,,
,,,,,8483,3.0,3,,,,,,,,
,,,,,8496,13.0,13,,,,,,,,
,,,,,8499,3.0,3,,,,,,,,
,,,,,8503,4.0,4,,,,,,,,
,,,,,8509,6.0,6,,,,,,,,
,,,,,8512,3.0,3,,,,,,,,
,,,,,8531,19.0,19,,,,,,,,
,,,,,8539,8.0,8,,,,,,,,
,,,,,8543,4.0,4,,,,,,,,
,,,,,8550,7.0,7,,,,,,,,
,,,,,8553,3.0,3,,,,,,,,
,,,,,8560,7.0,7,,,,,,,,
,,,,,8564,4.0,4,,,,,,,,
,,,,,8569,5.0,5,,,,,,,,
,,,,,8572,3.0,3,,,,,,,,
,,,,,8575,3.0,3,,,,,,,,
,,,,,8581,6.0,6,,,,,,,,
,,,,,8589,8.0,8,,,,,,,,
,,,,,8593,4.0,4,,,,,,,,
,,,,,8596,3.0,3,,,,,,,,
,,,,,8599,3.0,3,,,,,,,,
,,,,,8604,5.0,5,,,,,,,,
,,,,,8613,9.0,9,,,,,,,,
,,,,,8617,4.0,4,,,,,,,,
,,,,,8626,9.0,9,,,,,,,,
,,,,,8629,3.0,3,,,,,,,,
,,,,,8632,3.0,3,,,,,,,,
,,,,,8638,6.0,6,,,,,,,,
,,,,,8642,4.0,4,,,,,,,,
,,,,,8649,7.0,7,,,,,,,,
,,,,,8662,13.0,13,,,,,,,,
,,,,,8665,3.0,3,,,,,,,,
,,,,,8673,8.0,8,,,,,,,,
,,,,,8688,15.0,15,,,,,,,,
,,,,,8692,4.0,4,,,,,,,,
,,,,,8696,4.0,4,,,,,,,,
,,,,,8702,6.0,6,,,,,,,,
,,,,,8705,3.0,3,,,,,,,,
,,,,,8709,4.0,4,,,,,,,,
,,,,,8716,7.0,7,,,,,,,,
,,,,,8720,4.0,4,,,,,,,,
,,,,,8728,8.0,8,,,,,,,,
,,,,,8739,11.0,11,,,,,,,,
,,,,,8748,9.0,9,,,,,,,,
,,,,,8766,18.0,18,,,,,,,,
,,,,,8769,3.0,3,,,,,,,,
,,,,,8774,5.0,5,,,,,,,,
,,,,,8785,11.0,11,,,,,,,,
,,,,,8790,5.0,5,,,,,,,,
,,,,,8798,8.0,8,,,,,,,,
,,,,,8801,3.0,3,,,,,,,,
,,,,,8807,6.0,6,,,,,,,,
,,,,,8810,3.0,3,,,,,,,,
,,,,,8814,4.0,4,,,,,,,,
,,,,,8817,3.0,3,,,,,,,,
,,,,,8830,13.0,13,,,,,,,,
,,,,,8837,7.0,7,,,,,,,,
,,,,,8841,4.0,4,,,,,,,,
,,,,,8844,3.0,3,,,,,,,,
,,,,,8849,5.0,5,,,,,,,,
,,,,,8856,7.0,7,,,,,,,,
,,,,,8859,3.0,3,,,,,,,,
,,,,,8864,5.0,5,,,,,,,,
,,,,,8871,7.0,7,,,,,,,,
,,,,,8876,5.0,5,,,,,,,,
,,,,,8882,6.0,6,,,,,,,,
,,,,,8885,3.0,3,,,,,,,,
,,,,,8888,3.0,3,,,,,,,,
,,,,,8898,10.0,10,,,,,,,,
,,,,,8908,10.0,10,,,,,,,,
,,,,,8912,4.0,4,,,,,,,,
,,,,,8915,3.0,3,,,,,,,,
,,,,,8920,5.0,5,,,,,,,,
,,,,,8928,8.0,8,,,,,,,,
,,,,,8931,3.0,3,,,,,,,,
,,,,,8937,6.0,6,,,,,,,,
,,,,,8940,3.0,3,,,,,,,,
,,,,,8953,13.0,13,,,,,,,,
,,,,,8956,3.0,3,,,,,,,,
,,,,,8959,3.0,3,,,,,,,,
,,,,,8965,6.0,6,,,,,,,,
,,,,,8970,5.0,5,,,,,,,,
,,,,,8976,6.0,6,,,,,,,,
,,,,,8980,4.0,4,,,,,,,,
,,,,,8985,5.0,5,,,,,,,,
,,,,,9000,,,-0.06683029979467392,0.6683030128479004,2.1983468532562256,4.911722660064697,4.80021333694458,0.0003,0.0003,0.1
,,,,,9002,17.0,17,,,,,,,,
,,,,,9006,4.0,4,,,,,,,,
,,,,,9011,5.0,5,,,,,,,,
,,,,,9019,8.0,8,,,,,,,,
,,,,,9025,6.0,6,,,,,,,,
,,,,,9040,15.0,15,,,,,,,,
,,,,,9043,3.0,3,,,,,,,,
,,,,,9047,4.0,4,,,,,,,,
,,,,,9051,4.0,4,,,,,,,,
,,,,,9059,8.0,8,,,,,,,,
,,,,,9062,3.0,3,,,,,,,,
,,,,,9072,10.0,10,,,,,,,,
,,,,,9081,9.0,9,,,,,,,,
,,,,,9086,5.0,5,,,,,,,,
,,,,,9089,3.0,3,,,,,,,,
,,,,,9092,3.0,3,,,,,,,,
,,,,,9101,9.0,9,,,,,,,,
,,,,,9104,3.0,3,,,,,,,,
,,,,,9110,6.0,6,,,,,,,,
,,,,,9113,3.0,3,,,,,,,,
,,,,,9118,5.0,5,,,,,,,,
,,,,,9121,3.0,3,,,,,,,,
,,,,,9130,9.0,9,,,,,,,,
,,,,,9138,8.0,8,,,,,,,,
,,,,,9145,7.0,7,,,,,,,,
,,,,,9154,9.0,9,,,,,,,,
,,,,,9161,7.0,7,,,,,,,,
,,,,,9176,15.0,15,,,,,,,,
,,,,,9181,5.0,5,,,,,,,,
,,,,,9184,3.0,3,,,,,,,,
,,,,,9187,3.0,3,,,,,,,,
,,,,,9199,12.0,12,,,,,,,,
,,,,,9205,6.0,6,,,,,,,,
,,,,,9210,5.0,5,,,,,,,,
,,,,,9217,7.0,7,,,,,,,,
,,,,,9221,4.0,4,,,,,,,,
,,,,,9227,6.0,6,,,,,,,,
,,,,,9231,4.0,4,,,,,,,,
,,,,,9234,3.0,3,,,,,,,,
,,,,,9241,7.0,7,,,,,,,,
,,,,,9246,5.0,5,,,,,,,,
,,,,,9249,3.0,3,,,,,,,,
,,,,,9255,6.0,6,,,,,,,,
,,,,,9266,11.0,11,,,,,,,,
,,,,,9269,3.0,3,,,,,,,,
,,,,,9276,7.0,7,,,,,,,,
,,,,,9280,4.0,4,,,,,,,,
,,,,,9283,3.0,3,,,,,,,,
,,,,,9286,3.0,3,,,,,,,,
,,,,,9289,3.0,3,,,,,,,,
,,,,,9293,4.0,4,,,,,,,,
,,,,,9300,7.0,7,,,,,,,,
,,,,,9309,9.0,9,,,,,,,,
,,,,,9316,7.0,7,,,,,,,,
,,,,,9320,4.0,4,,,,,,,,
,,,,,9323,3.0,3,,,,,,,,
,,,,,9331,8.0,8,,,,,,,,
,,,,,9334,3.0,3,,,,,,,,
,,,,,9339,5.0,5,,,,,,,,
,,,,,9343,4.0,4,,,,,,,,
,,,,,9352,9.0,9,,,,,,,,
,,,,,9356,4.0,4,,,,,,,,
,,,,,9361,5.0,5,,,,,,,,
,,,,,9368,7.0,7,,,,,,,,
,,,,,9377,9.0,9,,,,,,,,
,,,,,9380,3.0,3,,,,,,,,
,,,,,9384,4.0,4,,,,,,,,
,,,,,9391,7.0,7,,,,,,,,
,,,,,9396,5.0,5,,,,,,,,
,,,,,9401,5.0,5,,,,,,,,
,,,,,9407,6.0,6,,,,,,,,
,,,,,9414,7.0,7,,,,,,,,
,,,,,9418,4.0,4,,,,,,,,
,,,,,9424,6.0,6,,,,,,,,
,,,,,9430,6.0,6,,,,,,,,
,,,,,9437,7.0,7,,,,,,,,
,,,,,9444,7.0,7,,,,,,,,
,,,,,9450,6.0,6,,,,,,,,
,,,,,9453,3.0,3,,,,,,,,
,,,,,9457,4.0,4,,,,,,,,
,,,,,9461,4.0,4,,,,,,,,
,,,,,9468,7.0,7,,,,,,,,
,,,,,9474,6.0,6,,,,,,,,
,,,,,9482,8.0,8,,,,,,,,
,,,,,9485,3.0,3,,,,,,,,
,,,,,9488,3.0,3,,,,,,,,
,,,,,9496,8.0,8,,,,,,,,
,,,,,9501,5.0,5,,,,,,,,
,,,,,9506,5.0,5,,,,,,,,
,,,,,9511,5.0,5,,,,,,,,
,,,,,9518,7.0,7,,,,,,,,
,,,,,9527,9.0,9,,,,,,,,
,,,,,9533,6.0,6,,,,,,,,
,,,,,9538,5.0,5,,,,,,,,
,,,,,9541,3.0,3,,,,,,,,
,,,,,9546,5.0,5,,,,,,,,
,,,,,9549,3.0,3,,,,,,,,
,,,,,9553,4.0,4,,,,,,,,
,,,,,9561,8.0,8,,,,,,,,
,,,,,9566,5.0,5,,,,,,,,
,,,,,9581,15.0,15,,,,,,,,
,,,,,9586,5.0,5,,,,,,,,
,,,,,9594,8.0,8,,,,,,,,
,,,,,9611,17.0,17,,,,,,,,
,,,,,9614,3.0,3,,,,,,,,
,,,,,9623,9.0,9,,,,,,,,
,,,,,9631,8.0,8,,,,,,,,
,,,,,9637,6.0,6,,,,,,,,
,,,,,9640,3.0,3,,,,,,,,
,,,,,9644,4.0,4,,,,,,,,
,,,,,9649,5.0,5,,,,,,,,
,,,,,9653,4.0,4,,,,,,,,
,,,,,9656,3.0,3,,,,,,,,
,,,,,9661,5.0,5,,,,,,,,
,,,,,9666,5.0,5,,,,,,,,
,,,,,9672,6.0,6,,,,,,,,
,,,,,9685,13.0,13,,,,,,,,
,,,,,9691,6.0,6,,,,,,,,
,,,,,9697,6.0,6,,,,,,,,
,,,,,9702,5.0,5,,,,,,,,
,,,,,9707,5.0,5,,,,,,,,
,,,,,9713,6.0,6,,,,,,,,
,,,,,9720,7.0,7,,,,,,,,
,,,,,9733,13.0,13,,,,,,,,
,,,,,9737,4.0,4,,,,,,,,
,,,,,9742,5.0,5,,,,,,,,
,,,,,9745,3.0,3,,,,,,,,
,,,,,9750,5.0,5,,,,,,,,
,,,,,9753,3.0,3,,,,,,,,
,,,,,9757,4.0,4,,,,,,,,
,,,,,9761,4.0,4,,,,,,,,
,,,,,9764,3.0,3,,,,,,,,
,,,,,9768,4.0,4,,,,,,,,
,,,,,9772,4.0,4,,,,,,,,
,,,,,9775,3.0,3,,,,,,,,
,,,,,9780,5.0,5,,,,,,,,
,,,,,9784,4.0,4,,,,,,,,
,,,,,9788,4.0,4,,,,,,,,
,,,,,9791,3.0,3,,,,,,,,
,,,,,9795,4.0,4,,,,,,,,
,,,,,9799,4.0,4,,,,,,,,
,,,,,9803,4.0,4,,,,,,,,
,,,,,9806,3.0,3,,,,,,,,
,,,,,9819,13.0,13,,,,,,,,
,,,,,9827,8.0,8,,,,,,,,
,,,,,9832,5.0,5,,,,,,,,
,,,,,9835,3.0,3,,,,,,,,
,,,,,9844,9.0,9,,,,,,,,
,,,,,9850,6.0,6,,,,,,,,
,,,,,9856,6.0,6,,,,,,,,
,,,,,9861,5.0,5,,,,,,,,
,,,,,9866,5.0,5,,,,,,,,
,,,,,9869,3.0,3,,,,,,,,
,,,,,9874,5.0,5,,,,,,,,
,,,,,9886,12.0,12,,,,,,,,
,,,,,9889,3.0,3,,,,,,,,
,,,,,9894,5.0,5,,,,,,,,
,,,,,9897,3.0,3,,,,,,,,
,,,,,9908,11.0,11,,,,,,,,
,,,,,9912,4.0,4,,,,,,,,
,,,,,9916,4.0,4,,,,,,,,
,,,,,9919,3.0,3,,,,,,,,
,,,,,9924,5.0,5,,,,,,,,
,,,,,9927,3.0,3,,,,,,,,
,,,,,9933,6.0,6,,,,,,,,
,,,,,9936,3.0,3,,,,,,,,
,,,,,9945,9.0,9,,,,,,,,
,,,,,9953,8.0,8,,,,,,,,
,,,,,9957,4.0,4,,,,,,,,
,,,,,9966,9.0,9,,,,,,,,
,,,,,9969,3.0,3,,,,,,,,
,,,,,9973,4.0,4,,,,,,,,
,,,,,9976,3.0,3,,,,,,,,
,,,,,9982,6.0,6,,,,,,,,
,,,,,9986,4.0,4,,,,,,,,
,,,,,9990,4.0,4,,,,,,,,
,,,,,9994,4.0,4,,,,,,,,
7.2,3.994997,17.0,4.0,7.2,10000,,,-0.06877115368843079,0.6877115368843079,1.9905500411987305,4.714561462402344,4.655505180358887,0.0003,0.0003,0.1
,,,,,10001,7.0,7,,,,,,,,
,,,,,10004,3.0,3,,,,,,,,
,,,,,10007,3.0,3,,,,,,,,
,,,,,10012,5.0,5,,,,,,,,
,,,,,10017,5.0,5,,,,,,,,
,,,,,10024,7.0,7,,,,,,,,
,,,,,10028,4.0,4,,,,,,,,
,,,,,10036,8.0,8,,,,,,,,
,,,,,10044,8.0,8,,,,,,,,
,,,,,10049,5.0,5,,,,,,,,
,,,,,10055,6.0,6,,,,,,,,
,,,,,10058,3.0,3,,,,,,,,
,,,,,10061,3.0,3,,,,,,,,
,,,,,10067,6.0,6,,,,,,,,
,,,,,10072,5.0,5,,,,,,,,
,,,,,10080,8.0,8,,,,,,,,
,,,,,10086,6.0,6,,,,,,,,
,,,,,10100,14.0,14,,,,,,,,
,,,,,10107,7.0,7,,,,,,,,
,,,,,10121,14.0,14,,,,,,,,
,,,,,10126,5.0,5,,,,,,,,
,,,,,10130,4.0,4,,,,,,,,
,,,,,10133,3.0,3,,,,,,,,
,,,,,10153,20.0,20,,,,,,,,
,,,,,10161,8.0,8,,,,,,,,
,,,,,10164,3.0,3,,,,,,,,
,,,,,10169,5.0,5,,,,,,,,
,,,,,10175,6.0,6,,,,,,,,
,,,,,10178,3.0,3,,,,,,,,
,,,,,10185,7.0,7,,,,,,,,
,,,,,10188,3.0,3,,,,,,,,
,,,,,10198,10.0,10,,,,,,,,
,,,,,10204,6.0,6,,,,,,,,
,,,,,10207,3.0,3,,,,,,,,
,,,,,10210,3.0,3,,,,,,,,
,,,,,10215,5.0,5,,,,,,,,
,,,,,10228,13.0,13,,,,,,,,
,,,,,10231,3.0,3,,,,,,,,
,,,,,10235,4.0,4,,,,,,,,
,,,,,10242,7.0,7,,,,,,,,
,,,,,10245,3.0,3,,,,,,,,
,,,,,10259,14.0,14,,,,,,,,
,,,,,10262,3.0,3,,,,,,,,
,,,,,10265,3.0,3,,,,,,,,
,,,,,10270,5.0,5,,,,,,,,
,,,,,10280,10.0,10,,,,,,,,
,,,,,10286,6.0,6,,,,,,,,
,,,,,10292,6.0,6,,,,,,,,
,,,,,10295,3.0,3,,,,,,,,
,,,,,10298,3.0,3,,,,,,,,
,,,,,10301,3.0,3,,,,,,,,
,,,,,10310,9.0,9,,,,,,,,
,,,,,10317,7.0,7,,,,,,,,
,,,,,10320,3.0,3,,,,,,,,
,,,,,10325,5.0,5,,,,,,,,
,,,,,10333,8.0,8,,,,,,,,
,,,,,10339,6.0,6,,,,,,,,
,,,,,10351,12.0,12,,,,,,,,
,,,,,10356,5.0,5,,,,,,,,
,,,,,10362,6.0,6,,,,,,,,
,,,,,10365,3.0,3,,,,,,,,
,,,,,10368,3.0,3,,,,,,,,
,,,,,10376,8.0,8,,,,,,,,
,,,,,10379,3.0,3,,,,,,,,
,,,,,10385,6.0,6,,,,,,,,
,,,,,10390,5.0,5,,,,,,,,
,,,,,10415,25.0,25,,,,,,,,
,,,,,10418,3.0,3,,,,,,,,
,,,,,10432,14.0,14,,,,,,,,
,,,,,10438,6.0,6,,,,,,,,
,,,,,10445,7.0,7,,,,,,,,
,,,,,10459,14.0,14,,,,,,,,
,,,,,10462,3.0,3,,,,,,,,
,,,,,10466,4.0,4,,,,,,,,
,,,,,10470,4.0,4,,,,,,,,
,,,,,10473,3.0,3,,,,,,,,
,,,,,10476,3.0,3,,,,,,,,
,,,,,10480,4.0,4,,,,,,,,
,,,,,10484,4.0,4,,,,,,,,
,,,,,10489,5.0,5,,,,,,,,
,,,,,10496,7.0,7,,,,,,,,
,,,,,10501,5.0,5,,,,,,,,
,,,,,10508,7.0,7,,,,,,,,
,,,,,10511,3.0,3,,,,,,,,
,,,,,10516,5.0,5,,,,,,,,
,,,,,10523,7.0,7,,,,,,,,
,,,,,10528,5.0,5,,,,,,,,
,,,,,10533,5.0,5,,,,,,,,
,,,,,10536,3.0,3,,,,,,,,
,,,,,10541,5.0,5,,,,,,,,
,,,,,10545,4.0,4,,,,,,,,
,,,,,10548,3.0,3,,,,,,,,
,,,,,10552,4.0,4,,,,,,,,
,,,,,10557,5.0,5,,,,,,,,
,,,,,10561,4.0,4,,,,,,,,
,,,,,10564,3.0,3,,,,,,,,
,,,,,10567,3.0,3,,,,,,,,
,,,,,10576,9.0,9,,,,,,,,
,,,,,10581,5.0,5,,,,,,,,
,,,,,10584,3.0,3,,,,,,,,
,,,,,10587,3.0,3,,,,,,,,
,,,,,10591,4.0,4,,,,,,,,
,,,,,10598,7.0,7,,,,,,,,
,,,,,10601,3.0,3,,,,,,,,
,,,,,10605,4.0,4,,,,,,,,
,,,,,10608,3.0,3,,,,,,,,
,,,,,10613,5.0,5,,,,,,,,
,,,,,10617,4.0,4,,,,,,,,
,,,,,10621,4.0,4,,,,,,,,
,,,,,10626,5.0,5,,,,,,,,
,,,,,10630,4.0,4,,,,,,,,
,,,,,10633,3.0,3,,,,,,,,
,,,,,10637,4.0,4,,,,,,,,
,,,,,10644,7.0,7,,,,,,,,
,,,,,10652,8.0,8,,,,,,,,
,,,,,10657,5.0,5,,,,,,,,
,,,,,10662,5.0,5,,,,,,,,
,,,,,10666,4.0,4,,,,,,,,
,,,,,10674,8.0,8,,,,,,,,
,,,,,10680,6.0,6,,,,,,,,
,,,,,10691,11.0,11,,,,,,,,
,,,,,10695,4.0,4,,,,,,,,
,,,,,10699,4.0,4,,,,,,,,
,,,,,10705,6.0,6,,,,,,,,
,,,,,10708,3.0,3,,,,,,,,
,,,,,10718,10.0,10,,,,,,,,
,,,,,10722,4.0,4,,,,,,,,
,,,,,10728,6.0,6,,,,,,,,
,,,,,10731,3.0,3,,,,,,,,
,,,,,10737,6.0,6,,,,,,,,
,,,,,10746,9.0,9,,,,,,,,
,,,,,10749,3.0,3,,,,,,,,
,,,,,10752,3.0,3,,,,,,,,
,,,,,10761,9.0,9,,,,,,,,
,,,,,10771,10.0,10,,,,,,,,
,,,,,10776,5.0,5,,,,,,,,
,,,,,10782,6.0,6,,,,,,,,
,,,,,10790,8.0,8,,,,,,,,
,,,,,10793,3.0,3,,,,,,,,
,,,,,10796,3.0,3,,,,,,,,
,,,,,10799,3.0,3,,,,,,,,
,,,,,10802,3.0,3,,,,,,,,
,,,,,10807,5.0,5,,,,,,,,
,,,,,10811,4.0,4,,,,,,,,
,,,,,10817,6.0,6,,,,,,,,
,,,,,10820,3.0,3,,,,,,,,
,,,,,10825,5.0,5,,,,,,,,
,,,,,10831,6.0,6,,,,,,,,
,,,,,10834,3.0,3,,,,,,,,
,,,,,10844,10.0,10,,,,,,,,
,,,,,10850,6.0,6,,,,,,,,
,,,,,10853,3.0,3,,,,,,,,
,,,,,10861,8.0,8,,,,,,,,
,,,,,10864,3.0,3,,,,,,,,
,,,,,10867,3.0,3,,,,,,,,
,,,,,10870,3.0,3,,,,,,,,
,,,,,10877,7.0,7,,,,,,,,
,,,,,10891,14.0,14,,,,,,,,
,,,,,10894,3.0,3,,,,,,,,
,,,,,10906,12.0,12,,,,,,,,
,,,,,10912,6.0,6,,,,,,,,
,,,,,10922,10.0,10,,,,,,,,
,,,,,10929,7.0,7,,,,,,,,
,,,,,10944,15.0,15,,,,,,,,
,,,,,10947,3.0,3,,,,,,,,
,,,,,10951,4.0,4,,,,,,,,
,,,,,10960,9.0,9,,,,,,,,
,,,,,10964,4.0,4,,,,,,,,
,,,,,10970,6.0,6,,,,,,,,
,,,,,10978,8.0,8,,,,,,,,
,,,,,10998,20.0,20,,,,,,,,
,,,,,11000,,,-0.0677136778831482,0.6771367788314819,1.832398772239685,4.944863319396973,4.996232032775879,0.0003,0.0003,0.1
,,,,,11001,3.0,3,,,,,,,,
,,,,,11007,6.0,6,,,,,,,,
,,,,,11012,5.0,5,,,,,,,,
,,,,,11015,3.0,3,,,,,,,,
,,,,,11028,13.0,13,,,,,,,,
,,,,,11031,3.0,3,,,,,,,,
,,,,,11036,5.0,5,,,,,,,,
,,,,,11043,7.0,7,,,,,,,,
,,,,,11050,7.0,7,,,,,,,,
,,,,,11058,8.0,8,,,,,,,,
,,,,,11061,3.0,3,,,,,,,,
,,,,,11064,3.0,3,,,,,,,,
,,,,,11071,7.0,7,,,,,,,,
,,,,,11074,3.0,3,,,,,,,,
,,,,,11078,4.0,4,,,,,,,,
,,,,,11087,9.0,9,,,,,,,,
,,,,,11091,4.0,4,,,,,,,,
,,,,,11094,3.0,3,,,,,,,,
,,,,,11098,4.0,4,,,,,,,,
,,,,,11105,7.0,7,,,,,,,,
,,,,,11109,4.0,4,,,,,,,,
,,,,,11115,6.0,6,,,,,,,,
,,,,,11120,5.0,5,,,,,,,,
,,,,,11147,27.0,27,,,,,,,,
,,,,,11152,5.0,5,,,,,,,,
,,,,,11160,8.0,8,,,,,,,,
,,,,,11167,7.0,7,,,,,,,,
,,,,,11170,3.0,3,,,,,,,,
,,,,,11173,3.0,3,,,,,,,,
,,,,,11177,4.0,4,,,,,,,,
,,,,,11181,4.0,4,,,,,,,,
,,,,,11188,7.0,7,,,,,,,,
,,,,,11192,4.0,4,,,,,,,,
,,,,,11198,6.0,6,,,,,,,,
,,,,,11209,11.0,11,,,,,,,,
,,,,,11214,5.0,5,,,,,,,,
,,,,,11223,9.0,9,,,,,,,,
,,,,,11227,4.0,4,,,,,,,,
,,,,,11234,7.0,7,,,,,,,,
,,,,,11237,3.0,3,,,,,,,,
,,,,,11244,7.0,7,,,,,,,,
,,,,,11251,7.0,7,,,,,,,,
,,,,,11254,3.0,3,,,,,,,,
,,,,,11257,3.0,3,,,,,,,,
,,,,,11260,3.0,3,,,,,,,,
,,,,,11264,4.0,4,,,,,,,,
,,,,,11270,6.0,6,,,,,,,,
,,,,,11290,20.0,20,,,,,,,,
,,,,,11293,3.0,3,,,,,,,,
,,,,,11296,3.0,3,,,,,,,,
,,,,,11311,15.0,15,,,,,,,,
,,,,,11315,4.0,4,,,,,,,,
,,,,,11319,4.0,4,,,,,,,,
,,,,,11326,7.0,7,,,,,,,,
,,,,,11329,3.0,3,,,,,,,,
,,,,,11336,7.0,7,,,,,,,,
,,,,,11340,4.0,4,,,,,,,,
,,,,,11351,11.0,11,,,,,,,,
,,,,,11356,5.0,5,,,,,,,,
,,,,,11361,5.0,5,,,,,,,,
,,,,,11364,3.0,3,,,,,,,,
,,,,,11367,3.0,3,,,,,,,,
,,,,,11372,5.0,5,,,,,,,,
,,,,,11376,4.0,4,,,,,,,,
,,,,,11381,5.0,5,,,,,,,,
,,,,,11385,4.0,4,,,,,,,,
,,,,,11388,3.0,3,,,,,,,,
,,,,,11397,9.0,9,,,,,,,,
,,,,,11400,3.0,3,,,,,,,,
,,,,,11403,3.0,3,,,,,,,,
,,,,,11407,4.0,4,,,,,,,,
,,,,,11412,5.0,5,,,,,,,,
,,,,,11415,3.0,3,,,,,,,,
,,,,,11424,9.0,9,,,,,,,,
,,,,,11431,7.0,7,,,,,,,,
,,,,,11435,4.0,4,,,,,,,,
,,,,,11442,7.0,7,,,,,,,,
,,,,,11454,12.0,12,,,,,,,,
,,,,,11457,3.0,3,,,,,,,,
,,,,,11463,6.0,6,,,,,,,,
,,,,,11467,4.0,4,,,,,,,,
,,,,,11471,4.0,4,,,,,,,,
,,,,,11476,5.0,5,,,,,,,,
,,,,,11481,5.0,5,,,,,,,,
,,,,,11486,5.0,5,,,,,,,,
,,,,,11491,5.0,5,,,,,,,,
,,,,,11497,6.0,6,,,,,,,,
,,,,,11505,8.0,8,,,,,,,,
,,,,,11517,12.0,12,,,,,,,,
,,,,,11529,12.0,12,,,,,,,,
,,,,,11532,3.0,3,,,,,,,,
,,,,,11553,21.0,21,,,,,,,,
,,,,,11559,6.0,6,,,,,,,,
,,,,,11566,7.0,7,,,,,,,,
,,,,,11572,6.0,6,,,,,,,,
,,,,,11575,3.0,3,,,,,,,,
,,,,,11578,3.0,3,,,,,,,,
,,,,,11583,5.0,5,,,,,,,,
,,,,,11588,5.0,5,,,,,,,,
,,,,,11594,6.0,6,,,,,,,,
,,,,,11602,8.0,8,,,,,,,,
,,,,,11607,5.0,5,,,,,,,,
,,,,,11610,3.0,3,,,,,,,,
,,,,,11613,3.0,3,,,,,,,,
,,,,,11622,9.0,9,,,,,,,,
,,,,,11626,4.0,4,,,,,,,,
,,,,,11633,7.0,7,,,,,,,,
,,,,,11638,5.0,5,,,,,,,,
,,,,,11642,4.0,4,,,,,,,,
,,,,,11647,5.0,5,,,,,,,,
,,,,,11656,9.0,9,,,,,,,,
,,,,,11661,5.0,5,,,,,,,,
,,,,,11666,5.0,5,,,,,,,,
,,,,,11670,4.0,4,,,,,,,,
,,,,,11674,4.0,4,,,,,,,,
,,,,,11680,6.0,6,,,,,,,,
,,,,,11683,3.0,3,,,,,,,,
,,,,,11686,3.0,3,,,,,,,,
,,,,,11690,4.0,4,,,,,,,,
,,,,,11695,5.0,5,,,,,,,,
,,,,,11700,5.0,5,,,,,,,,
,,,,,11708,8.0,8,,,,,,,,
,,,,,11712,4.0,4,,,,,,,,
,,,,,11715,3.0,3,,,,,,,,
,,,,,11719,4.0,4,,,,,,,,
,,,,,11725,6.0,6,,,,,,,,
,,,,,11732,7.0,7,,,,,,,,
,,,,,11752,20.0,20,,,,,,,,
,,,,,11757,5.0,5,,,,,,,,
,,,,,11768,11.0,11,,,,,,,,
,,,,,11784,16.0,16,,,,,,,,
,,,,,11789,5.0,5,,,,,,,,
,,,,,11793,4.0,4,,,,,,,,
,,,,,11801,8.0,8,,,,,,,,
,,,,,11808,7.0,7,,,,,,,,
,,,,,11812,4.0,4,,,,,,,,
,,,,,11818,6.0,6,,,,,,,,
,,,,,11823,5.0,5,,,,,,,,
,,,,,11828,5.0,5,,,,,,,,
,,,,,11837,9.0,9,,,,,,,,
,,,,,11843,6.0,6,,,,,,,,
,,,,,11848,5.0,5,,,,,,,,
,,,,,11862,14.0,14,,,,,,,,
,,,,,11865,3.0,3,,,,,,,,
,,,,,11870,5.0,5,,,,,,,,
,,,,,11876,6.0,6,,,,,,,,
,,,,,11886,10.0,10,,,,,,,,
,,,,,11895,9.0,9,,,,,,,,
,,,,,11906,11.0,11,,,,,,,,
,,,,,11910,4.0,4,,,,,,,,
,,,,,11918,8.0,8,,,,,,,,
,,,,,11922,4.0,4,,,,,,,,
,,,,,11926,4.0,4,,,,,,,,
,,,,,11932,6.0,6,,,,,,,,
,,,,,11937,5.0,5,,,,,,,,
,,,,,11947,10.0,10,,,,,,,,
,,,,,11957,10.0,10,,,,,,,,
,,,,,11963,6.0,6,,,,,,,,
,,,,,11973,10.0,10,,,,,,,,
,,,,,11977,4.0,4,,,,,,,,
,,,,,11981,4.0,4,,,,,,,,
,,,,,11989,8.0,8,,,,,,,,
,,,,,11994,5.0,5,,,,,,,,
,,,,,11998,4.0,4,,,,,,,,
,,,,,12000,,,-0.06855129450559616,0.685512900352478,1.8003466129302979,4.996280670166016,5.064087390899658,0.0003,0.0003,0.1
,,,,,12012,14.0,14,,,,,,,,
,,,,,12023,11.0,11,,,,,,,,
,,,,,12028,5.0,5,,,,,,,,
,,,,,12032,4.0,4,,,,,,,,
,,,,,12035,3.0,3,,,,,,,,
,,,,,12040,5.0,5,,,,,,,,
,,,,,12044,4.0,4,,,,,,,,
,,,,,12059,15.0,15,,,,,,,,
,,,,,12064,5.0,5,,,,,,,,
,,,,,12067,3.0,3,,,,,,,,
,,,,,12074,7.0,7,,,,,,,,
,,,,,12081,7.0,7,,,,,,,,
,,,,,12085,4.0,4,,,,,,,,
,,,,,12090,5.0,5,,,,,,,,
,,,,,12094,4.0,4,,,,,,,,
,,,,,12097,3.0,3,,,,,,,,
,,,,,12100,3.0,3,,,,,,,,
,,,,,12105,5.0,5,,,,,,,,
,,,,,12118,13.0,13,,,,,,,,
,,,,,12121,3.0,3,,,,,,,,
,,,,,12125,4.0,4,,,,,,,,
,,,,,12129,4.0,4,,,,,,,,
,,,,,12136,7.0,7,,,,,,,,
,,,,,12139,3.0,3,,,,,,,,
,,,,,12144,5.0,5,,,,,,,,
,,,,,12147,3.0,3,,,,,,,,
,,,,,12152,5.0,5,,,,,,,,
,,,,,12161,9.0,9,,,,,,,,
,,,,,12164,3.0,3,,,,,,,,
,,,,,12168,4.0,4,,,,,,,,
,,,,,12173,5.0,5,,,,,,,,
,,,,,12177,4.0,4,,,,,,,,
,,,,,12181,4.0,4,,,,,,,,
,,,,,12189,8.0,8,,,,,,,,
,,,,,12205,16.0,16,,,,,,,,
,,,,,12208,3.0,3,,,,,,,,
,,,,,12235,27.0,27,,,,,,,,
,,,,,12242,7.0,7,,,,,,,,
,,,,,12251,9.0,9,,,,,,,,
,,,,,12257,6.0,6,,,,,,,,
,,,,,12270,13.0,13,,,,,,,,
,,,,,12276,6.0,6,,,,,,,,
,,,,,12280,4.0,4,,,,,,,,
,,,,,12284,4.0,4,,,,,,,,
,,,,,12289,5.0,5,,,,,,,,
,,,,,12292,3.0,3,,,,,,,,
,,,,,12297,5.0,5,,,,,,,,
,,,,,12303,6.0,6,,,,,,,,
,,,,,12306,3.0,3,,,,,,,,
,,,,,12311,5.0,5,,,,,,,,
,,,,,12317,6.0,6,,,,,,,,
,,,,,12321,4.0,4,,,,,,,,
,,,,,12331,10.0,10,,,,,,,,
,,,,,12335,4.0,4,,,,,,,,
,,,,,12339,4.0,4,,,,,,,,
,,,,,12349,10.0,10,,,,,,,,
,,,,,12352,3.0,3,,,,,,,,
,,,,,12355,3.0,3,,,,,,,,
,,,,,12360,5.0,5,,,,,,,,
,,,,,12367,7.0,7,,,,,,,,
,,,,,12371,4.0,4,,,,,,,,
,,,,,12376,5.0,5,,,,,,,,
,,,,,12381,5.0,5,,,,,,,,
,,,,,12390,9.0,9,,,,,,,,
,,,,,12396,6.0,6,,,,,,,,
,,,,,12406,10.0,10,,,,,,,,
,,,,,12409,3.0,3,,,,,,,,
,,,,,12414,5.0,5,,,,,,,,
,,,,,12418,4.0,4,,,,,,,,
,,,,,12421,3.0,3,,,,,,,,
,,,,,12430,9.0,9,,,,,,,,
,,,,,12437,7.0,7,,,,,,,,
,,,,,12440,3.0,3,,,,,,,,
,,,,,12449,9.0,9,,,,,,,,
,,,,,12452,3.0,3,,,,,,,,
,,,,,12463,11.0,11,,,,,,,,
,,,,,12466,3.0,3,,,,,,,,
,,,,,12474,8.0,8,,,,,,,,
,,,,,12479,5.0,5,,,,,,,,
,,,,,12483,4.0,4,,,,,,,,
,,,,,12487,4.0,4,,,,,,,,
,,,,,12496,9.0,9,,,,,,,,
,,,,,12505,9.0,9,,,,,,,,
,,,,,12509,4.0,4,,,,,,,,
,,,,,12515,6.0,6,,,,,,,,
,,,,,12523,8.0,8,,,,,,,,
,,,,,12533,10.0,10,,,,,,,,
,,,,,12538,5.0,5,,,,,,,,
,,,,,12544,6.0,6,,,,,,,,
,,,,,12548,4.0,4,,,,,,,,
,,,,,12551,3.0,3,,,,,,,,
,,,,,12555,4.0,4,,,,,,,,
,,,,,12558,3.0,3,,,,,,,,
,,,,,12561,3.0,3,,,,,,,,
,,,,,12573,12.0,12,,,,,,,,
,,,,,12578,5.0,5,,,,,,,,
,,,,,12582,4.0,4,,,,,,,,
,,,,,12589,7.0,7,,,,,,,,
,,,,,12593,4.0,4,,,,,,,,
,,,,,12597,4.0,4,,,,,,,,
,,,,,12601,4.0,4,,,,,,,,
,,,,,12606,5.0,5,,,,,,,,
,,,,,12610,4.0,4,,,,,,,,
,,,,,12614,4.0,4,,,,,,,,
,,,,,12628,14.0,14,,,,,,,,
,,,,,12634,6.0,6,,,,,,,,
,,,,,12642,8.0,8,,,,,,,,
,,,,,12648,6.0,6,,,,,,,,
,,,,,12662,14.0,14,,,,,,,,
,,,,,12665,3.0,3,,,,,,,,
,,,,,12679,14.0,14,,,,,,,,
,,,,,12691,12.0,12,,,,,,,,
,,,,,12696,5.0,5,,,,,,,,
,,,,,12702,6.0,6,,,,,,,,
,,,,,12705,3.0,3,,,,,,,,
,,,,,12708,3.0,3,,,,,,,,
,,,,,12712,4.0,4,,,,,,,,
,,,,,12716,4.0,4,,,,,,,,
,,,,,12720,4.0,4,,,,,,,,
,,,,,12723,3.0,3,,,,,,,,
,,,,,12730,7.0,7,,,,,,,,
,,,,,12735,5.0,5,,,,,,,,
,,,,,12740,5.0,5,,,,,,,,
,,,,,12746,6.0,6,,,,,,,,
,,,,,12749,3.0,3,,,,,,,,
,,,,,12752,3.0,3,,,,,,,,
,,,,,12756,4.0,4,,,,,,,,
,,,,,12765,9.0,9,,,,,,,,
,,,,,12775,10.0,10,,,,,,,,
,,,,,12781,6.0,6,,,,,,,,
,,,,,12791,10.0,10,,,,,,,,
,,,,,12795,4.0,4,,,,,,,,
,,,,,12803,8.0,8,,,,,,,,
,,,,,12806,3.0,3,,,,,,,,
,,,,,12811,5.0,5,,,,,,,,
,,,,,12817,6.0,6,,,,,,,,
,,,,,12824,7.0,7,,,,,,,,
,,,,,12834,10.0,10,,,,,,,,
,,,,,12837,3.0,3,,,,,,,,
,,,,,12844,7.0,7,,,,,,,,
,,,,,12856,12.0,12,,,,,,,,
,,,,,12867,11.0,11,,,,,,,,
,,,,,12877,10.0,10,,,,,,,,
,,,,,12881,4.0,4,,,,,,,,
,,,,,12884,3.0,3,,,,,,,,
,,,,,12894,10.0,10,,,,,,,,
,,,,,12897,3.0,3,,,,,,,,
,,,,,12903,6.0,6,,,,,,,,
,,,,,12911,8.0,8,,,,,,,,
,,,,,12919,8.0,8,,,,,,,,
,,,,,12924,5.0,5,,,,,,,,
,,,,,12928,4.0,4,,,,,,,,
,,,,,12931,3.0,3,,,,,,,,
,,,,,12935,4.0,4,,,,,,,,
,,,,,12941,6.0,6,,,,,,,,
,,,,,12949,8.0,8,,,,,,,,
,,,,,12953,4.0,4,,,,,,,,
,,,,,12965,12.0,12,,,,,,,,
,,,,,12971,6.0,6,,,,,,,,
,,,,,12974,3.0,3,,,,,,,,
,,,,,12978,4.0,4,,,,,,,,
,,,,,12982,4.0,4,,,,,,,,
,,,,,12985,3.0,3,,,,,,,,
,,,,,12993,8.0,8,,,,,,,,
,,,,,13000,,,-0.06909339129924774,0.690933883190155,1.8201462030410767,4.413002014160156,4.101377010345459,0.0003,0.0003,0.1
,,,,,13005,12.0,12,,,,,,,,
,,,,,13012,7.0,7,,,,,,,,
,,,,,13022,10.0,10,,,,,,,,
,,,,,13028,6.0,6,,,,,,,,
,,,,,13032,4.0,4,,,,,,,,
,,,,,13038,6.0,6,,,,,,,,
,,,,,13042,4.0,4,,,,,,,,
,,,,,13046,4.0,4,,,,,,,,
,,,,,13049,3.0,3,,,,,,,,
,,,,,13063,14.0,14,,,,,,,,
,,,,,13074,11.0,11,,,,,,,,
,,,,,13085,11.0,11,,,,,,,,
,,,,,13089,4.0,4,,,,,,,,
,,,,,13099,10.0,10,,,,,,,,
,,,,,13106,7.0,7,,,,,,,,
,,,,,13110,4.0,4,,,,,,,,
,,,,,13118,8.0,8,,,,,,,,
,,,,,13121,3.0,3,,,,,,,,
,,,,,13125,4.0,4,,,,,,,,
,,,,,13136,11.0,11,,,,,,,,
,,,,,13147,11.0,11,,,,,,,,
,,,,,13151,4.0,4,,,,,,,,
,,,,,13162,11.0,11,,,,,,,,
,,,,,13165,3.0,3,,,,,,,,
,,,,,13168,3.0,3,,,,,,,,
,,,,,13175,7.0,7,,,,,,,,
,,,,,13179,4.0,4,,,,,,,,
,,,,,13185,6.0,6,,,,,,,,
,,,,,13194,9.0,9,,,,,,,,
,,,,,13203,9.0,9,,,,,,,,
,,,,,13207,4.0,4,,,,,,,,
,,,,,13211,4.0,4,,,,,,,,
,,,,,13218,7.0,7,,,,,,,,
,,,,,13222,4.0,4,,,,,,,,
,,,,,13239,17.0,17,,,,,,,,
,,,,,13243,4.0,4,,,,,,,,
,,,,,13250,7.0,7,,,,,,,,
,,,,,13253,3.0,3,,,,,,,,
,,,,,13259,6.0,6,,,,,,,,
,,,,,13270,11.0,11,,,,,,,,
,,,,,13273,3.0,3,,,,,,,,
,,,,,13279,6.0,6,,,,,,,,
,,,,,13290,11.0,11,,,,,,,,
,,,,,13300,10.0,10,,,,,,,,
,,,,,13304,4.0,4,,,,,,,,
,,,,,13308,4.0,4,,,,,,,,
,,,,,13311,3.0,3,,,,,,,,
,,,,,13315,4.0,4,,,,,,,,
,,,,,13318,3.0,3,,,,,,,,
,,,,,13321,3.0,3,,,,,,,,
,,,,,13324,3.0,3,,,,,,,,
,,,,,13327,3.0,3,,,,,,,,
,,,,,13339,12.0,12,,,,,,,,
,,,,,13359,20.0,20,,,,,,,,
,,,,,13364,5.0,5,,,,,,,,
,,,,,13368,4.0,4,,,,,,,,
,,,,,13377,9.0,9,,,,,,,,
,,,,,13382,5.0,5,,,,,,,,
,,,,,13387,5.0,5,,,,,,,,
,,,,,13396,9.0,9,,,,,,,,
,,,,,13399,3.0,3,,,,,,,,
,,,,,13408,9.0,9,,,,,,,,
,,,,,13416,8.0,8,,,,,,,,
,,,,,13423,7.0,7,,,,,,,,
,,,,,13431,8.0,8,,,,,,,,
,,,,,13438,7.0,7,,,,,,,,
,,,,,13446,8.0,8,,,,,,,,
,,,,,13449,3.0,3,,,,,,,,
,,,,,13452,3.0,3,,,,,,,,
,,,,,13462,10.0,10,,,,,,,,
,,,,,13465,3.0,3,,,,,,,,
,,,,,13470,5.0,5,,,,,,,,
,,,,,13473,3.0,3,,,,,,,,
,,,,,13482,9.0,9,,,,,,,,
,,,,,13488,6.0,6,,,,,,,,
,,,,,13492,4.0,4,,,,,,,,
,,,,,13497,5.0,5,,,,,,,,
,,,,,13501,4.0,4,,,,,,,,
,,,,,13504,3.0,3,,,,,,,,
,,,,,13509,5.0,5,,,,,,,,
,,,,,13513,4.0,4,,,,,,,,
,,,,,13521,8.0,8,,,,,,,,
,,,,,13527,6.0,6,,,,,,,,
,,,,,13531,4.0,4,,,,,,,,
,,,,,13535,4.0,4,,,,,,,,
,,,,,13543,8.0,8,,,,,,,,
,,,,,13558,15.0,15,,,,,,,,
,,,,,13568,10.0,10,,,,,,,,
,,,,,13572,4.0,4,,,,,,,,
,,,,,13580,8.0,8,,,,,,,,
,,,,,13583,3.0,3,,,,,,,,
,,,,,13586,3.0,3,,,,,,,,
,,,,,13594,8.0,8,,,,,,,,
,,,,,13597,3.0,3,,,,,,,,
,,,,,13600,3.0,3,,,,,,,,
,,,,,13603,3.0,3,,,,,,,,
,,,,,13612,9.0,9,,,,,,,,
,,,,,13618,6.0,6,,,,,,,,
,,,,,13622,4.0,4,,,,,,,,
,,,,,13634,12.0,12,,,,,,,,
,,,,,13646,12.0,12,,,,,,,,
,,,,,13650,4.0,4,,,,,,,,
,,,,,13654,4.0,4,,,,,,,,
,,,,,13657,3.0,3,,,,,,,,
,,,,,13660,3.0,3,,,,,,,,
,,,,,13664,4.0,4,,,,,,,,
,,,,,13669,5.0,5,,,,,,,,
,,,,,13673,4.0,4,,,,,,,,
,,,,,13677,4.0,4,,,,,,,,
,,,,,13681,4.0,4,,,,,,,,
,,,,,13687,6.0,6,,,,,,,,
,,,,,13691,4.0,4,,,,,,,,
,,,,,13698,7.0,7,,,,,,,,
,,,,,13702,4.0,4,,,,,,,,
,,,,,13706,4.0,4,,,,,,,,
,,,,,13714,8.0,8,,,,,,,,
,,,,,13718,4.0,4,,,,,,,,
,,,,,13724,6.0,6,,,,,,,,
,,,,,13745,21.0,21,,,,,,,,
,,,,,13758,13.0,13,,,,,,,,
,,,,,13761,3.0,3,,,,,,,,
,,,,,13769,8.0,8,,,,,,,,
,,,,,13772,3.0,3,,,,,,,,
,,,,,13777,5.0,5,,,,,,,,
,,,,,13783,6.0,6,,,,,,,,
,,,,,13787,4.0,4,,,,,,,,
,,,,,13790,3.0,3,,,,,,,,
,,,,,13794,4.0,4,,,,,,,,
,,,,,13806,12.0,12,,,,,,,,
,,,,,13810,4.0,4,,,,,,,,
,,,,,13815,5.0,5,,,,,,,,
,,,,,13822,7.0,7,,,,,,,,
,,,,,13827,5.0,5,,,,,,,,
,,,,,13837,10.0,10,,,,,,,,
,,,,,13841,4.0,4,,,,,,,,
,,,,,13852,11.0,11,,,,,,,,
,,,,,13856,4.0,4,,,,,,,,
,,,,,13863,7.0,7,,,,,,,,
,,,,,13868,5.0,5,,,,,,,,
,,,,,13871,3.0,3,,,,,,,,
,,,,,13874,3.0,3,,,,,,,,
,,,,,13892,18.0,18,,,,,,,,
,,,,,13898,6.0,6,,,,,,,,
,,,,,13902,4.0,4,,,,,,,,
,,,,,13905,3.0,3,,,,,,,,
,,,,,13917,12.0,12,,,,,,,,
,,,,,13921,4.0,4,,,,,,,,
,,,,,13927,6.0,6,,,,,,,,
,,,,,13930,3.0,3,,,,,,,,
,,,,,13933,3.0,3,,,,,,,,
,,,,,13938,5.0,5,,,,,,,,
,,,,,13945,7.0,7,,,,,,,,
,,,,,13949,4.0,4,,,,,,,,
,,,,,13953,4.0,4,,,,,,,,
,,,,,13959,6.0,6,,,,,,,,
,,,,,13964,5.0,5,,,,,,,,
,,,,,13985,21.0,21,,,,,,,,
,,,,,13988,3.0,3,,,,,,,,
,,,,,13991,3.0,3,,,,,,,,
,,,,,13994,3.0,3,,,,,,,,
,,,,,14000,,,-0.06966924667358398,0.6966924667358398,1.8933818340301514,4.368395805358887,4.354293346405029,0.0003,0.0003,0.1
,,,,,14005,11.0,11,,,,,,,,
,,,,,14009,4.0,4,,,,,,,,
,,,,,14013,4.0,4,,,,,,,,
,,,,,14024,11.0,11,,,,,,,,
,,,,,14027,3.0,3,,,,,,,,
,,,,,14033,6.0,6,,,,,,,,
,,,,,14042,9.0,9,,,,,,,,
,,,,,14051,9.0,9,,,,,,,,
,,,,,14055,4.0,4,,,,,,,,
,,,,,14058,3.0,3,,,,,,,,
,,,,,14063,5.0,5,,,,,,,,
,,,,,14077,14.0,14,,,,,,,,
,,,,,14086,9.0,9,,,,,,,,
,,,,,14091,5.0,5,,,,,,,,
,,,,,14096,5.0,5,,,,,,,,
,,,,,14101,5.0,5,,,,,,,,
,,,,,14109,8.0,8,,,,,,,,
,,,,,14115,6.0,6,,,,,,,,
,,,,,14118,3.0,3,,,,,,,,
,,,,,14123,5.0,5,,,,,,,,
,,,,,14135,12.0,12,,,,,,,,
,,,,,14141,6.0,6,,,,,,,,
,,,,,14145,4.0,4,,,,,,,,
,,,,,14148,3.0,3,,,,,,,,
,,,,,14154,6.0,6,,,,,,,,
,,,,,14161,7.0,7,,,,,,,,
,,,,,14165,4.0,4,,,,,,,,
,,,,,14174,9.0,9,,,,,,,,
,,,,,14177,3.0,3,,,,,,,,
,,,,,14181,4.0,4,,,,,,,,
,,,,,14185,4.0,4,,,,,,,,
,,,,,14189,4.0,4,,,,,,,,
,,,,,14196,7.0,7,,,,,,,,
,,,,,14204,8.0,8,,,,,,,,
,,,,,14208,4.0,4,,,,,,,,
,,,,,14220,12.0,12,,,,,,,,
,,,,,14223,3.0,3,,,,,,,,
,,,,,14228,5.0,5,,,,,,,,
,,,,,14231,3.0,3,,,,,,,,
,,,,,14239,8.0,8,,,,,,,,
,,,,,14247,8.0,8,,,,,,,,
,,,,,14253,6.0,6,,,,,,,,
,,,,,14256,3.0,3,,,,,,,,
,,,,,14259,3.0,3,,,,,,,,
,,,,,14263,4.0,4,,,,,,,,
,,,,,14269,6.0,6,,,,,,,,
,,,,,14273,4.0,4,,,,,,,,
,,,,,14278,5.0,5,,,,,,,,
,,,,,14281,3.0,3,,,,,,,,
,,,,,14284,3.0,3,,,,,,,,
,,,,,14295,11.0,11,,,,,,,,
,,,,,14299,4.0,4,,,,,,,,
,,,,,14307,8.0,8,,,,,,,,
,,,,,14314,7.0,7,,,,,,,,
,,,,,14318,4.0,4,,,,,,,,
,,,,,14329,11.0,11,,,,,,,,
,,,,,14337,8.0,8,,,,,,,,
,,,,,14346,9.0,9,,,,,,,,
,,,,,14353,7.0,7,,,,,,,,
,,,,,14356,3.0,3,,,,,,,,
,,,,,14360,4.0,4,,,,,,,,
,,,,,14365,5.0,5,,,,,,,,
,,,,,14370,5.0,5,,,,,,,,
,,,,,14374,4.0,4,,,,,,,,
,,,,,14381,7.0,7,,,,,,,,
,,,,,14396,15.0,15,,,,,,,,
,,,,,14400,4.0,4,,,,,,,,
,,,,,14404,4.0,4,,,,,,,,
,,,,,14408,4.0,4,,,,,,,,
,,,,,14423,15.0,15,,,,,,,,
,,,,,14430,7.0,7,,,,,,,,
,,,,,14435,5.0,5,,,,,,,,
,,,,,14439,4.0,4,,,,,,,,
,,,,,14443,4.0,4,,,,,,,,
,,,,,14447,4.0,4,,,,,,,,
,,,,,14455,8.0,8,,,,,,,,
,,,,,14460,5.0,5,,,,,,,,
,,,,,14466,6.0,6,,,,,,,,
,,,,,14477,11.0,11,,,,,,,,
,,,,,14483,6.0,6,,,,,,,,
,,,,,14486,3.0,3,,,,,,,,
,,,,,14496,10.0,10,,,,,,,,
,,,,,14499,3.0,3,,,,,,,,
,,,,,14503,4.0,4,,,,,,,,
,,,,,14508,5.0,5,,,,,,,,
,,,,,14516,8.0,8,,,,,,,,
,,,,,14527,11.0,11,,,,,,,,
,,,,,14531,4.0,4,,,,,,,,
,,,,,14537,6.0,6,,,,,,,,
,,,,,14544,7.0,7,,,,,,,,
,,,,,14547,3.0,3,,,,,,,,
,,,,,14554,7.0,7,,,,,,,,
,,,,,14558,4.0,4,,,,,,,,
,,,,,14561,3.0,3,,,,,,,,
,,,,,14569,8.0,8,,,,,,,,
,,,,,14572,3.0,3,,,,,,,,
,,,,,14578,6.0,6,,,,,,,,
,,,,,14581,3.0,3,,,,,,,,
,,,,,14585,4.0,4,,,,,,,,
,,,,,14589,4.0,4,,,,,,,,
,,,,,14596,7.0,7,,,,,,,,
,,,,,14606,10.0,10,,,,,,,,
,,,,,14613,7.0,7,,,,,,,,
,,,,,14617,4.0,4,,,,,,,,
,,,,,14628,11.0,11,,,,,,,,
,,,,,14632,4.0,4,,,,,,,,
,,,,,14635,3.0,3,,,,,,,,
,,,,,14641,6.0,6,,,,,,,,
,,,,,14647,6.0,6,,,,,,,,
,,,,,14651,4.0,4,,,,,,,,
,,,,,14655,4.0,4,,,,,,,,
,,,,,14663,8.0,8,,,,,,,,
,,,,,14669,6.0,6,,,,,,,,
,,,,,14672,3.0,3,,,,,,,,
,,,,,14679,7.0,7,,,,,,,,
,,,,,14687,8.0,8,,,,,,,,
,,,,,14695,8.0,8,,,,,,,,
,,,,,14702,7.0,7,,,,,,,,
,,,,,14706,4.0,4,,,,,,,,
,,,,,14713,7.0,7,,,,,,,,
,,,,,14717,4.0,4,,,,,,,,
,,,,,14721,4.0,4,,,,,,,,
,,,,,14726,5.0,5,,,,,,,,
,,,,,14730,4.0,4,,,,,,,,
,,,,,14748,18.0,18,,,,,,,,
,,,,,14757,9.0,9,,,,,,,,
,,,,,14769,12.0,12,,,,,,,,
,,,,,14776,7.0,7,,,,,,,,
,,,,,14783,7.0,7,,,,,,,,
,,,,,14789,6.0,6,,,,,,,,
,,,,,14792,3.0,3,,,,,,,,
,,,,,14797,5.0,5,,,,,,,,
,,,,,14801,4.0,4,,,,,,,,
,,,,,14805,4.0,4,,,,,,,,
,,,,,14824,19.0,19,,,,,,,,
,,,,,14829,5.0,5,,,,,,,,
,,,,,14832,3.0,3,,,,,,,,
,,,,,14835,3.0,3,,,,,,,,
,,,,,14838,3.0,3,,,,,,,,
,,,,,14843,5.0,5,,,,,,,,
,,,,,14853,10.0,10,,,,,,,,
,,,,,14856,3.0,3,,,,,,,,
,,,,,14864,8.0,8,,,,,,,,
,,,,,14882,18.0,18,,,,,,,,
,,,,,14885,3.0,3,,,,,,,,
,,,,,14889,4.0,4,,,,,,,,
,,,,,14894,5.0,5,,,,,,,,
,,,,,14897,3.0,3,,,,,,,,
,,,,,14910,13.0,13,,,,,,,,
,,,,,14913,3.0,3,,,,,,,,
,,,,,14916,3.0,3,,,,,,,,
,,,,,14920,4.0,4,,,,,,,,
,,,,,14925,5.0,5,,,,,,,,
,,,,,14940,15.0,15,,,,,,,,
,,,,,14943,3.0,3,,,,,,,,
,,,,,14961,18.0,18,,,,,,,,
,,,,,14967,6.0,6,,,,,,,,
,,,,,14970,3.0,3,,,,,,,,
,,,,,14973,3.0,3,,,,,,,,
,,,,,14976,3.0,3,,,,,,,,
,,,,,14988,12.0,12,,,,,,,,
,,,,,14992,4.0,4,,,,,,,,
,,,,,14995,3.0,3,,,,,,,,
5.2,1.8330303,9.0,3.0,5.2,15000,,,-0.06691601127386093,0.6691601276397705,1.778232216835022,4.29151725769043,4.192655086517334,0.0003,0.0003,0.1
,,,,,15001,6.0,6,,,,,,,,
,,,,,15008,7.0,7,,,,,,,,
,,,,,15011,3.0,3,,,,,,,,
,,,,,15015,4.0,4,,,,,,,,
,,,,,15019,4.0,4,,,,,,,,
,,,,,15023,4.0,4,,,,,,,,
,,,,,15028,5.0,5,,,,,,,,
,,,,,15032,4.0,4,,,,,,,,
,,,,,15035,3.0,3,,,,,,,,
,,,,,15042,7.0,7,,,,,,,,
,,,,,15046,4.0,4,,,,,,,,
,,,,,15053,7.0,7,,,,,,,,
,,,,,15056,3.0,3,,,,,,,,
,,,,,15061,5.0,5,,,,,,,,
,,,,,15068,7.0,7,,,,,,,,
,,,,,15072,4.0,4,,,,,,,,
,,,,,15078,6.0,6,,,,,,,,
,,,,,15087,9.0,9,,,,,,,,
,,,,,15090,3.0,3,,,,,,,,
,,,,,15094,4.0,4,,,,,,,,
,,,,,15097,3.0,3,,,,,,,,
,,,,,15101,4.0,4,,,,,,,,
,,,,,15104,3.0,3,,,,,,,,
,,,,,15109,5.0,5,,,,,,,,
,,,,,15114,5.0,5,,,,,,,,
,,,,,15137,23.0,23,,,,,,,,
,,,,,15140,3.0,3,,,,,,,,
,,,,,15144,4.0,4,,,,,,,,
,,,,,15148,4.0,4,,,,,,,,
,,,,,15157,9.0,9,,,,,,,,
,,,,,15173,16.0,16,,,,,,,,
,,,,,15182,9.0,9,,,,,,,,
,,,,,15185,3.0,3,,,,,,,,
,,,,,15190,5.0,5,,,,,,,,
,,,,,15195,5.0,5,,,,,,,,
,,,,,15199,4.0,4,,,,,,,,
,,,,,15205,6.0,6,,,,,,,,
,,,,,15216,11.0,11,,,,,,,,
,,,,,15219,3.0,3,,,,,,,,
,,,,,15222,3.0,3,,,,,,,,
,,,,,15226,4.0,4,,,,,,,,
,,,,,15233,7.0,7,,,,,,,,
,,,,,15238,5.0,5,,,,,,,,
,,,,,15241,3.0,3,,,,,,,,
,,,,,15253,12.0,12,,,,,,,,
,,,,,15258,5.0,5,,,,,,,,
,,,,,15264,6.0,6,,,,,,,,
,,,,,15272,8.0,8,,,,,,,,
,,,,,15285,13.0,13,,,,,,,,
,,,,,15289,4.0,4,,,,,,,,
,,,,,15295,6.0,6,,,,,,,,
,,,,,15298,3.0,3,,,,,,,,
,,,,,15312,14.0,14,,,,,,,,
,,,,,15317,5.0,5,,,,,,,,
,,,,,15320,3.0,3,,,,,,,,
,,,,,15324,4.0,4,,,,,,,,
,,,,,15328,4.0,4,,,,,,,,
,,,,,15332,4.0,4,,,,,,,,
,,,,,15335,3.0,3,,,,,,,,
,,,,,15338,3.0,3,,,,,,,,
,,,,,15342,4.0,4,,,,,,,,
,,,,,15346,4.0,4,,,,,,,,
,,,,,15350,4.0,4,,,,,,,,
,,,,,15361,11.0,11,,,,,,,,
,,,,,15366,5.0,5,,,,,,,,
,,,,,15375,9.0,9,,,,,,,,
,,,,,15380,5.0,5,,,,,,,,
,,,,,15384,4.0,4,,,,,,,,
,,,,,15393,9.0,9,,,,,,,,
,,,,,15398,5.0,5,,,,,,,,
,,,,,15403,5.0,5,,,,,,,,
,,,,,15407,4.0,4,,,,,,,,
,,,,,15411,4.0,4,,,,,,,,
,,,,,15414,3.0,3,,,,,,,,
,,,,,15436,22.0,22,,,,,,,,
,,,,,15447,11.0,11,,,,,,,,
,,,,,15451,4.0,4,,,,,,,,
,,,,,15456,5.0,5,,,,,,,,
,,,,,15460,4.0,4,,,,,,,,
,,,,,15465,5.0,5,,,,,,,,
,,,,,15474,9.0,9,,,,,,,,
,,,,,15480,6.0,6,,,,,,,,
,,,,,15485,5.0,5,,,,,,,,
,,,,,15490,5.0,5,,,,,,,,
,,,,,15502,12.0,12,,,,,,,,
,,,,,15506,4.0,4,,,,,,,,
,,,,,15512,6.0,6,,,,,,,,
,,,,,15516,4.0,4,,,,,,,,
,,,,,15524,8.0,8,,,,,,,,
,,,,,15527,3.0,3,,,,,,,,
,,,,,15530,3.0,3,,,,,,,,
,,,,,15537,7.0,7,,,,,,,,
,,,,,15540,3.0,3,,,,,,,,
,,,,,15543,3.0,3,,,,,,,,
,,,,,15546,3.0,3,,,,,,,,
,,,,,15549,3.0,3,,,,,,,,
,,,,,15554,5.0,5,,,,,,,,
,,,,,15560,6.0,6,,,,,,,,
,,,,,15578,18.0,18,,,,,,,,
,,,,,15581,3.0,3,,,,,,,,
,,,,,15587,6.0,6,,,,,,,,
,,,,,15594,7.0,7,,,,,,,,
,,,,,15597,3.0,3,,,,,,,,
,,,,,15601,4.0,4,,,,,,,,
,,,,,15605,4.0,4,,,,,,,,
,,,,,15613,8.0,8,,,,,,,,
,,,,,15616,3.0,3,,,,,,,,
,,,,,15621,5.0,5,,,,,,,,
,,,,,15629,8.0,8,,,,,,,,
,,,,,15632,3.0,3,,,,,,,,
,,,,,15638,6.0,6,,,,,,,,
,,,,,15641,3.0,3,,,,,,,,
,,,,,15653,12.0,12,,,,,,,,
,,,,,15661,8.0,8,,,,,,,,
,,,,,15666,5.0,5,,,,,,,,
,,,,,15669,3.0,3,,,,,,,,
,,,,,15672,3.0,3,,,,,,,,
,,,,,15688,16.0,16,,,,,,,,
,,,,,15699,11.0,11,,,,,,,,
,,,,,15703,4.0,4,,,,,,,,
,,,,,15708,5.0,5,,,,,,,,
,,,,,15712,4.0,4,,,,,,,,
,,,,,15720,8.0,8,,,,,,,,
,,,,,15726,6.0,6,,,,,,,,
,,,,,15729,3.0,3,,,,,,,,
,,,,,15732,3.0,3,,,,,,,,
,,,,,15738,6.0,6,,,,,,,,
,,,,,15741,3.0,3,,,,,,,,
,,,,,15744,3.0,3,,,,,,,,
,,,,,15749,5.0,5,,,,,,,,
,,,,,15753,4.0,4,,,,,,,,
,,,,,15756,3.0,3,,,,,,,,
,,,,,15760,4.0,4,,,,,,,,
,,,,,15763,3.0,3,,,,,,,,
,,,,,15766,3.0,3,,,,,,,,
,,,,,15770,4.0,4,,,,,,,,
,,,,,15774,4.0,4,,,,,,,,
,,,,,15789,15.0,15,,,,,,,,
,,,,,15793,4.0,4,,,,,,,,
,,,,,15797,4.0,4,,,,,,,,
,,,,,15802,5.0,5,,,,,,,,
,,,,,15808,6.0,6,,,,,,,,
,,,,,15815,7.0,7,,,,,,,,
,,,,,15819,4.0,4,,,,,,,,
,,,,,15822,3.0,3,,,,,,,,
,,,,,15825,3.0,3,,,,,,,,
,,,,,15828,3.0,3,,,,,,,,
,,,,,15832,4.0,4,,,,,,,,
,,,,,15838,6.0,6,,,,,,,,
,,,,,15845,7.0,7,,,,,,,,
,,,,,15855,10.0,10,,,,,,,,
,,,,,15861,6.0,6,,,,,,,,
,,,,,15867,6.0,6,,,,,,,,
,,,,,15870,3.0,3,,,,,,,,
,,,,,15873,3.0,3,,,,,,,,
,,,,,15880,7.0,7,,,,,,,,
,,,,,15888,8.0,8,,,,,,,,
,,,,,15892,4.0,4,,,,,,,,
,,,,,15898,6.0,6,,,,,,,,
,,,,,15903,5.0,5,,,,,,,,
,,,,,15913,10.0,10,,,,,,,,
,,,,,15922,9.0,9,,,,,,,,
,,,,,15932,10.0,10,,,,,,,,
,,,,,15937,5.0,5,,,,,,,,
,,,,,15944,7.0,7,,,,,,,,
,,,,,15947,3.0,3,,,,,,,,
,,,,,15953,6.0,6,,,,,,,,
,,,,,15961,8.0,8,,,,,,,,
,,,,,15974,13.0,13,,,,,,,,
,,,,,15979,5.0,5,,,,,,,,
,,,,,15984,5.0,5,,,,,,,,
,,,,,15987,3.0,3,,,,,,,,
,,,,,15990,3.0,3,,,,,,,,
,,,,,15993,3.0,3,,,,,,,,
,,,,,16000,,,-0.06652199476957321,0.6652199029922485,2.320430278778076,4.672977447509766,4.938650131225586,0.0003,0.0003,0.1
,,,,,16003,10.0,10,,,,,,,,
,,,,,16012,9.0,9,,,,,,,,
,,,,,16017,5.0,5,,,,,,,,
,,,,,16027,10.0,10,,,,,,,,
,,,,,16030,3.0,3,,,,,,,,
,,,,,16033,3.0,3,,,,,,,,
,,,,,16037,4.0,4,,,,,,,,
,,,,,16041,4.0,4,,,,,,,,
,,,,,16044,3.0,3,,,,,,,,
,,,,,16053,9.0,9,,,,,,,,
,,,,,16059,6.0,6,,,,,,,,
,,,,,16063,4.0,4,,,,,,,,
,,,,,16068,5.0,5,,,,,,,,
,,,,,16073,5.0,5,,,,,,,,
,,,,,16084,11.0,11,,,,,,,,
,,,,,16087,3.0,3,,,,,,,,
,,,,,16090,3.0,3,,,,,,,,
,,,,,16093,3.0,3,,,,,,,,
,,,,,16096,3.0,3,,,,,,,,
,,,,,16099,3.0,3,,,,,,,,
,,,,,16102,3.0,3,,,,,,,,
,,,,,16119,17.0,17,,,,,,,,
,,,,,16128,9.0,9,,,,,,,,
,,,,,16131,3.0,3,,,,,,,,
,,,,,16137,6.0,6,,,,,,,,
,,,,,16144,7.0,7,,,,,,,,
,,,,,16151,7.0,7,,,,,,,,
,,,,,16160,9.0,9,,,,,,,,
,,,,,16164,4.0,4,,,,,,,,
,,,,,16169,5.0,5,,,,,,,,
,,,,,16172,3.0,3,,,,,,,,
,,,,,16181,9.0,9,,,,,,,,
,,,,,16184,3.0,3,,,,,,,,
,,,,,16190,6.0,6,,,,,,,,
,,,,,16197,7.0,7,,,,,,,,
,,,,,16201,4.0,4,,,,,,,,
,,,,,16209,8.0,8,,,,,,,,
,,,,,16214,5.0,5,,,,,,,,
,,,,,16217,3.0,3,,,,,,,,
,,,,,16224,7.0,7,,,,,,,,
,,,,,16229,5.0,5,,,,,,,,
,,,,,16236,7.0,7,,,,,,,,
,,,,,16243,7.0,7,,,,,,,,
,,,,,16246,3.0,3,,,,,,,,
,,,,,16249,3.0,3,,,,,,,,
,,,,,16252,3.0,3,,,,,,,,
,,,,,16258,6.0,6,,,,,,,,
,,,,,16271,13.0,13,,,,,,,,
,,,,,16277,6.0,6,,,,,,,,
,,,,,16282,5.0,5,,,,,,,,
,,,,,16285,3.0,3,,,,,,,,
,,,,,16299,14.0,14,,,,,,,,
,,,,,16304,5.0,5,,,,,,,,
,,,,,16308,4.0,4,,,,,,,,
,,,,,16311,3.0,3,,,,,,,,
,,,,,16319,8.0,8,,,,,,,,
,,,,,16330,11.0,11,,,,,,,,
,,,,,16335,5.0,5,,,,,,,,
,,,,,16343,8.0,8,,,,,,,,
,,,,,16346,3.0,3,,,,,,,,
,,,,,16351,5.0,5,,,,,,,,
,,,,,16359,8.0,8,,,,,,,,
,,,,,16364,5.0,5,,,,,,,,
,,,,,16368,4.0,4,,,,,,,,
,,,,,16371,3.0,3,,,,,,,,
,,,,,16374,3.0,3,,,,,,,,
,,,,,16380,6.0,6,,,,,,,,
,,,,,16385,5.0,5,,,,,,,,
,,,,,16389,4.0,4,,,,,,,,
,,,,,16392,3.0,3,,,,,,,,
,,,,,16396,4.0,4,,,,,,,,
,,,,,16405,9.0,9,,,,,,,,
,,,,,16408,3.0,3,,,,,,,,
,,,,,16414,6.0,6,,,,,,,,
,,,,,16418,4.0,4,,,,,,,,
,,,,,16431,13.0,13,,,,,,,,
,,,,,16437,6.0,6,,,,,,,,
,,,,,16442,5.0,5,,,,,,,,
,,,,,16446,4.0,4,,,,,,,,
,,,,,16451,5.0,5,,,,,,,,
,,,,,16455,4.0,4,,,,,,,,
,,,,,16468,13.0,13,,,,,,,,
,,,,,16475,7.0,7,,,,,,,,
,,,,,16483,8.0,8,,,,,,,,
,,,,,16490,7.0,7,,,,,,,,
,,,,,16494,4.0,4,,,,,,,,
,,,,,16498,4.0,4,,,,,,,,
,,,,,16502,4.0,4,,,,,,,,
,,,,,16505,3.0,3,,,,,,,,
,,,,,16510,5.0,5,,,,,,,,
,,,,,16516,6.0,6,,,,,,,,
,,,,,16519,3.0,3,,,,,,,,
,,,,,16526,7.0,7,,,,,,,,
,,,,,16531,5.0,5,,,,,,,,
,,,,,16538,7.0,7,,,,,,,,
,,,,,16546,8.0,8,,,,,,,,
,,,,,16551,5.0,5,,,,,,,,
,,,,,16561,10.0,10,,,,,,,,
,,,,,16564,3.0,3,,,,,,,,
,,,,,16568,4.0,4,,,,,,,,
,,,,,16571,3.0,3,,,,,,,,
,,,,,16574,3.0,3,,,,,,,,
,,,,,16577,3.0,3,,,,,,,,
,,,,,16581,4.0,4,,,,,,,,
,,,,,16591,10.0,10,,,,,,,,
,,,,,16597,6.0,6,,,,,,,,
,,,,,16605,8.0,8,,,,,,,,
,,,,,16615,10.0,10,,,,,,,,
,,,,,16621,6.0,6,,,,,,,,
,,,,,16627,6.0,6,,,,,,,,
,,,,,16633,6.0,6,,,,,,,,
,,,,,16642,9.0,9,,,,,,,,
,,,,,16645,3.0,3,,,,,,,,
,,,,,16649,4.0,4,,,,,,,,
,,,,,16653,4.0,4,,,,,,,,
,,,,,16658,5.0,5,,,,,,,,
,,,,,16662,4.0,4,,,,,,,,
,,,,,16668,6.0,6,,,,,,,,
,,,,,16681,13.0,13,,,,,,,,
,,,,,16685,4.0,4,,,,,,,,
,,,,,16691,6.0,6,,,,,,,,
,,,,,16695,4.0,4,,,,,,,,
,,,,,16699,4.0,4,,,,,,,,
,,,,,16703,4.0,4,,,,,,,,
,,,,,16707,4.0,4,,,,,,,,
,,,,,16710,3.0,3,,,,,,,,
,,,,,16714,4.0,4,,,,,,,,
,,,,,16721,7.0,7,,,,,,,,
,,,,,16725,4.0,4,,,,,,,,
,,,,,16729,4.0,4,,,,,,,,
,,,,,16735,6.0,6,,,,,,,,
,,,,,16741,6.0,6,,,,,,,,
,,,,,16754,13.0,13,,,,,,,,
,,,,,16762,8.0,8,,,,,,,,
,,,,,16765,3.0,3,,,,,,,,
,,,,,16778,13.0,13,,,,,,,,
,,,,,16786,8.0,8,,,,,,,,
,,,,,16793,7.0,7,,,,,,,,
,,,,,16797,4.0,4,,,,,,,,
,,,,,16803,6.0,6,,,,,,,,
,,,,,16808,5.0,5,,,,,,,,
,,,,,16814,6.0,6,,,,,,,,
,,,,,16818,4.0,4,,,,,,,,
,,,,,16823,5.0,5,,,,,,,,
,,,,,16827,4.0,4,,,,,,,,
,,,,,16838,11.0,11,,,,,,,,
,,,,,16841,3.0,3,,,,,,,,
,,,,,16844,3.0,3,,,,,,,,
,,,,,16851,7.0,7,,,,,,,,
,,,,,16856,5.0,5,,,,,,,,
,,,,,16860,4.0,4,,,,,,,,
,,,,,16867,7.0,7,,,,,,,,
,,,,,16870,3.0,3,,,,,,,,
,,,,,16876,6.0,6,,,,,,,,
,,,,,16881,5.0,5,,,,,,,,
,,,,,16887,6.0,6,,,,,,,,
,,,,,16899,12.0,12,,,,,,,,
,,,,,16903,4.0,4,,,,,,,,
,,,,,16908,5.0,5,,,,,,,,
,,,,,16911,3.0,3,,,,,,,,
,,,,,16917,6.0,6,,,,,,,,
,,,,,16920,3.0,3,,,,,,,,
,,,,,16925,5.0,5,,,,,,,,
,,,,,16931,6.0,6,,,,,,,,
,,,,,16934,3.0,3,,,,,,,,
,,,,,16941,7.0,7,,,,,,,,
,,,,,16945,4.0,4,,,,,,,,
,,,,,16951,6.0,6,,,,,,,,
,,,,,16957,6.0,6,,,,,,,,
,,,,,16965,8.0,8,,,,,,,,
,,,,,16969,4.0,4,,,,,,,,
,,,,,16973,4.0,4,,,,,,,,
,,,,,16978,5.0,5,,,,,,,,
,,,,,16982,4.0,4,,,,,,,,
,,,,,16989,7.0,7,,,,,,,,
,,,,,16993,4.0,4,,,,,,,,
,,,,,17000,7.0,7,,,,,,,,
,,,,,17000,,,-0.06958755105733871,0.6958754658699036,1.8761086463928223,4.581991672515869,4.695441722869873,0.0003,0.0003,0.1
,,,,,17005,5.0,5,,,,,,,,
,,,,,17008,3.0,3,,,,,,,,
,,,,,17016,8.0,8,,,,,,,,
,,,,,17019,3.0,3,,,,,,,,
,,,,,17022,3.0,3,,,,,,,,
,,,,,17026,4.0,4,,,,,,,,
,,,,,17029,3.0,3,,,,,,,,
,,,,,17032,3.0,3,,,,,,,,
,,,,,17035,3.0,3,,,,,,,,
,,,,,17039,4.0,4,,,,,,,,
,,,,,17053,14.0,14,,,,,,,,
,,,,,17057,4.0,4,,,,,,,,
,,,,,17061,4.0,4,,,,,,,,
,,,,,17065,4.0,4,,,,,,,,
,,,,,17073,8.0,8,,,,,,,,
,,,,,17077,4.0,4,,,,,,,,
,,,,,17080,3.0,3,,,,,,,,
,,,,,17091,11.0,11,,,,,,,,
,,,,,17099,8.0,8,,,,,,,,
,,,,,17103,4.0,4,,,,,,,,
,,,,,17106,3.0,3,,,,,,,,
,,,,,17117,11.0,11,,,,,,,,
,,,,,17121,4.0,4,,,,,,,,
,,,,,17125,4.0,4,,,,,,,,
,,,,,17128,3.0,3,,,,,,,,
,,,,,17131,3.0,3,,,,,,,,
,,,,,17139,8.0,8,,,,,,,,
,,,,,17144,5.0,5,,,,,,,,
,,,,,17149,5.0,5,,,,,,,,
,,,,,17152,3.0,3,,,,,,,,
,,,,,17155,3.0,3,,,,,,,,
,,,,,17159,4.0,4,,,,,,,,
,,,,,17164,5.0,5,,,,,,,,
,,,,,17170,6.0,6,,,,,,,,
,,,,,17173,3.0,3,,,,,,,,
,,,,,17178,5.0,5,,,,,,,,
,,,,,17182,4.0,4,,,,,,,,
,,,,,17193,11.0,11,,,,,,,,
,,,,,17197,4.0,4,,,,,,,,
,,,,,17220,23.0,23,,,,,,,,
,,,,,17230,10.0,10,,,,,,,,
,,,,,17234,4.0,4,,,,,,,,
,,,,,17237,3.0,3,,,,,,,,
,,,,,17245,8.0,8,,,,,,,,
,,,,,17248,3.0,3,,,,,,,,
,,,,,17251,3.0,3,,,,,,,,
,,,,,17255,4.0,4,,,,,,,,
,,,,,17258,3.0,3,,,,,,,,
,,,,,17262,4.0,4,,,,,,,,
,,,,,17265,3.0,3,,,,,,,,
,,,,,17269,4.0,4,,,,,,,,
,,,,,17274,5.0,5,,,,,,,,
,,,,,17280,6.0,6,,,,,,,,
,,,,,17287,7.0,7,,,,,,,,
,,,,,17291,4.0,4,,,,,,,,
,,,,,17296,5.0,5,,,,,,,,
,,,,,17305,9.0,9,,,,,,,,
,,,,,17311,6.0,6,,,,,,,,
,,,,,17320,9.0,9,,,,,,,,
,,,,,17331,11.0,11,,,,,,,,
,,,,,17334,3.0,3,,,,,,,,
,,,,,17338,4.0,4,,,,,,,,
,,,,,17347,9.0,9,,,,,,,,
,,,,,17351,4.0,4,,,,,,,,
,,,,,17355,4.0,4,,,,,,,,
,,,,,17359,4.0,4,,,,,,,,
,,,,,17363,4.0,4,,,,,,,,
,,,,,17369,6.0,6,,,,,,,,
,,,,,17376,7.0,7,,,,,,,,
,,,,,17386,10.0,10,,,,,,,,
,,,,,17394,8.0,8,,,,,,,,
,,,,,17397,3.0,3,,,,,,,,
,,,,,17406,9.0,9,,,,,,,,
,,,,,17416,10.0,10,,,,,,,,
,,,,,17424,8.0,8,,,,,,,,
,,,,,17430,6.0,6,,,,,,,,
,,,,,17439,9.0,9,,,,,,,,
,,,,,17447,8.0,8,,,,,,,,
,,,,,17451,4.0,4,,,,,,,,
,,,,,17455,4.0,4,,,,,,,,
,,,,,17460,5.0,5,,,,,,,,
,,,,,17465,5.0,5,,,,,,,,
,,,,,17478,13.0,13,,,,,,,,
,,,,,17483,5.0,5,,,,,,,,
,,,,,17488,5.0,5,,,,,,,,
,,,,,17492,4.0,4,,,,,,,,
,,,,,17495,3.0,3,,,,,,,,
,,,,,17498,3.0,3,,,,,,,,
,,,,,17501,3.0,3,,,,,,,,
,,,,,17508,7.0,7,,,,,,,,
,,,,,17521,13.0,13,,,,,,,,
,,,,,17526,5.0,5,,,,,,,,
,,,,,17530,4.0,4,,,,,,,,
,,,,,17535,5.0,5,,,,,,,,
,,,,,17549,14.0,14,,,,,,,,
,,,,,17553,4.0,4,,,,,,,,
,,,,,17558,5.0,5,,,,,,,,
,,,,,17570,12.0,12,,,,,,,,
,,,,,17573,3.0,3,,,,,,,,
,,,,,17583,10.0,10,,,,,,,,
,,,,,17589,6.0,6,,,,,,,,
,,,,,17595,6.0,6,,,,,,,,
,,,,,17599,4.0,4,,,,,,,,
,,,,,17602,3.0,3,,,,,,,,
,,,,,17605,3.0,3,,,,,,,,
,,,,,17609,4.0,4,,,,,,,,
,,,,,17616,7.0,7,,,,,,,,
,,,,,17621,5.0,5,,,,,,,,
,,,,,17624,3.0,3,,,,,,,,
,,,,,17635,11.0,11,,,,,,,,
,,,,,17644,9.0,9,,,,,,,,
,,,,,17649,5.0,5,,,,,,,,
,,,,,17654,5.0,5,,,,,,,,
,,,,,17659,5.0,5,,,,,,,,
,,,,,17665,6.0,6,,,,,,,,
,,,,,17671,6.0,6,,,,,,,,
,,,,,17678,7.0,7,,,,,,,,
,,,,,17683,5.0,5,,,,,,,,
,,,,,17689,6.0,6,,,,,,,,
,,,,,17699,10.0,10,,,,,,,,
,,,,,17706,7.0,7,,,,,,,,
,,,,,17710,4.0,4,,,,,,,,
,,,,,17721,11.0,11,,,,,,,,
,,,,,17729,8.0,8,,,,,,,,
,,,,,17734,5.0,5,,,,,,,,
,,,,,17749,15.0,15,,,,,,,,
,,,,,17757,8.0,8,,,,,,,,
,,,,,17762,5.0,5,,,,,,,,
,,,,,17766,4.0,4,,,,,,,,
,,,,,17773,7.0,7,,,,,,,,
,,,,,17778,5.0,5,,,,,,,,
,,,,,17785,7.0,7,,,,,,,,
,,,,,17789,4.0,4,,,,,,,,
,,,,,17793,4.0,4,,,,,,,,
,,,,,17796,3.0,3,,,,,,,,
,,,,,17814,18.0,18,,,,,,,,
,,,,,17818,4.0,4,,,,,,,,
,,,,,17822,4.0,4,,,,,,,,
,,,,,17830,8.0,8,,,,,,,,
,,,,,17839,9.0,9,,,,,,,,
,,,,,17842,3.0,3,,,,,,,,
,,,,,17847,5.0,5,,,,,,,,
,,,,,17850,3.0,3,,,,,,,,
,,,,,17854,4.0,4,,,,,,,,
,,,,,17857,3.0,3,,,,,,,,
,,,,,17860,3.0,3,,,,,,,,
,,,,,17866,6.0,6,,,,,,,,
,,,,,17870,4.0,4,,,,,,,,
,,,,,17880,10.0,10,,,,,,,,
,,,,,17885,5.0,5,,,,,,,,
,,,,,17892,7.0,7,,,,,,,,
,,,,,17895,3.0,3,,,,,,,,
,,,,,17898,3.0,3,,,,,,,,
,,,,,17901,3.0,3,,,,,,,,
,,,,,17906,5.0,5,,,,,,,,
,,,,,17915,9.0,9,,,,,,,,
,,,,,17920,5.0,5,,,,,,,,
,,,,,17923,3.0,3,,,,,,,,
,,,,,17931,8.0,8,,,,,,,,
,,,,,17936,5.0,5,,,,,,,,
,,,,,17943,7.0,7,,,,,,,,
,,,,,17950,7.0,7,,,,,,,,
,,,,,17956,6.0,6,,,,,,,,
,,,,,17962,6.0,6,,,,,,,,
,,,,,17978,16.0,16,,,,,,,,
,,,,,17988,10.0,10,,,,,,,,
,,,,,17992,4.0,4,,,,,,,,
,,,,,17998,6.0,6,,,,,,,,
,,,,,18000,,,-0.06885402649641037,0.6885402202606201,1.8838894367218018,4.677779197692871,4.693643569946289,0.0003,0.0003,0.1
,,,,,18001,3.0,3,,,,,,,,
,,,,,18004,3.0,3,,,,,,,,
,,,,,18009,5.0,5,,,,,,,,
,,,,,18014,5.0,5,,,,,,,,
,,,,,18017,3.0,3,,,,,,,,
,,,,,18025,8.0,8,,,,,,,,
,,,,,18029,4.0,4,,,,,,,,
,,,,,18032,3.0,3,,,,,,,,
,,,,,18035,3.0,3,,,,,,,,
,,,,,18039,4.0,4,,,,,,,,
,,,,,18045,6.0,6,,,,,,,,
,,,,,18051,6.0,6,,,,,,,,
,,,,,18054,3.0,3,,,,,,,,
,,,,,18061,7.0,7,,,,,,,,
,,,,,18069,8.0,8,,,,,,,,
,,,,,18078,9.0,9,,,,,,,,
,,,,,18085,7.0,7,,,,,,,,
,,,,,18093,8.0,8,,,,,,,,
,,,,,18098,5.0,5,,,,,,,,
,,,,,18109,11.0,11,,,,,,,,
,,,,,18113,4.0,4,,,,,,,,
,,,,,18121,8.0,8,,,,,,,,
,,,,,18129,8.0,8,,,,,,,,
,,,,,18133,4.0,4,,,,,,,,
,,,,,18138,5.0,5,,,,,,,,
,,,,,18142,4.0,4,,,,,,,,
,,,,,18145,3.0,3,,,,,,,,
,,,,,18151,6.0,6,,,,,,,,
,,,,,18155,4.0,4,,,,,,,,
,,,,,18162,7.0,7,,,,,,,,
,,,,,18167,5.0,5,,,,,,,,
,,,,,18174,7.0,7,,,,,,,,
,,,,,18177,3.0,3,,,,,,,,
,,,,,18182,5.0,5,,,,,,,,
,,,,,18190,8.0,8,,,,,,,,
,,,,,18193,3.0,3,,,,,,,,
,,,,,18196,3.0,3,,,,,,,,
,,,,,18200,4.0,4,,,,,,,,
,,,,,18203,3.0,3,,,,,,,,
,,,,,18207,4.0,4,,,,,,,,
,,,,,18210,3.0,3,,,,,,,,
,,,,,18215,5.0,5,,,,,,,,
,,,,,18223,8.0,8,,,,,,,,
,,,,,18233,10.0,10,,,,,,,,
,,,,,18239,6.0,6,,,,,,,,
,,,,,18246,7.0,7,,,,,,,,
,,,,,18255,9.0,9,,,,,,,,
,,,,,18258,3.0,3,,,,,,,,
,,,,,18263,5.0,5,,,,,,,,
,,,,,18266,3.0,3,,,,,,,,
,,,,,18274,8.0,8,,,,,,,,
,,,,,18301,27.0,27,,,,,,,,
,,,,,18305,4.0,4,,,,,,,,
,,,,,18309,4.0,4,,,,,,,,
,,,,,18314,5.0,5,,,,,,,,
,,,,,18318,4.0,4,,,,,,,,
,,,,,18322,4.0,4,,,,,,,,
,,,,,18326,4.0,4,,,,,,,,
,,,,,18334,8.0,8,,,,,,,,
,,,,,18339,5.0,5,,,,,,,,
,,,,,18342,3.0,3,,,,,,,,
,,,,,18350,8.0,8,,,,,,,,
,,,,,18355,5.0,5,,,,,,,,
,,,,,18368,13.0,13,,,,,,,,
,,,,,18379,11.0,11,,,,,,,,
,,,,,18382,3.0,3,,,,,,,,
,,,,,18386,4.0,4,,,,,,,,
,,,,,18389,3.0,3,,,,,,,,
,,,,,18392,3.0,3,,,,,,,,
,,,,,18399,7.0,7,,,,,,,,
,,,,,18403,4.0,4,,,,,,,,
,,,,,18407,4.0,4,,,,,,,,
,,,,,18416,9.0,9,,,,,,,,
,,,,,18426,10.0,10,,,,,,,,
,,,,,18433,7.0,7,,,,,,,,
,,,,,18441,8.0,8,,,,,,,,
,,,,,18445,4.0,4,,,,,,,,
,,,,,18450,5.0,5,,,,,,,,
,,,,,18456,6.0,6,,,,,,,,
,,,,,18459,3.0,3,,,,,,,,
,,,,,18463,4.0,4,,,,,,,,
,,,,,18475,12.0,12,,,,,,,,
,,,,,18482,7.0,7,,,,,,,,
,,,,,18487,5.0,5,,,,,,,,
,,,,,18493,6.0,6,,,,,,,,
,,,,,18498,5.0,5,,,,,,,,
,,,,,18507,9.0,9,,,,,,,,
,,,,,18510,3.0,3,,,,,,,,
,,,,,18519,9.0,9,,,,,,,,
,,,,,18525,6.0,6,,,,,,,,
,,,,,18530,5.0,5,,,,,,,,
,,,,,18534,4.0,4,,,,,,,,
,,,,,18538,4.0,4,,,,,,,,
,,,,,18543,5.0,5,,,,,,,,
,,,,,18548,5.0,5,,,,,,,,
,,,,,18552,4.0,4,,,,,,,,
,,,,,18556,4.0,4,,,,,,,,
,,,,,18561,5.0,5,,,,,,,,
,,,,,18565,4.0,4,,,,,,,,
,,,,,18577,12.0,12,,,,,,,,
,,,,,18587,10.0,10,,,,,,,,
,,,,,18590,3.0,3,,,,,,,,
,,,,,18596,6.0,6,,,,,,,,
,,,,,18603,7.0,7,,,,,,,,
,,,,,18611,8.0,8,,,,,,,,
,,,,,18626,15.0,15,,,,,,,,
,,,,,18634,8.0,8,,,,,,,,
,,,,,18641,7.0,7,,,,,,,,
,,,,,18645,4.0,4,,,,,,,,
,,,,,18648,3.0,3,,,,,,,,
,,,,,18654,6.0,6,,,,,,,,
,,,,,18662,8.0,8,,,,,,,,
,,,,,18667,5.0,5,,,,,,,,
,,,,,18676,9.0,9,,,,,,,,
,,,,,18680,4.0,4,,,,,,,,
,,,,,18685,5.0,5,,,,,,,,
,,,,,18697,12.0,12,,,,,,,,
,,,,,18702,5.0,5,,,,,,,,
,,,,,18705,3.0,3,,,,,,,,
,,,,,18712,7.0,7,,,,,,,,
,,,,,18719,7.0,7,,,,,,,,
,,,,,18723,4.0,4,,,,,,,,
,,,,,18727,4.0,4,,,,,,,,
,,,,,18732,5.0,5,,,,,,,,
,,,,,18736,4.0,4,,,,,,,,
,,,,,18742,6.0,6,,,,,,,,
,,,,,18749,7.0,7,,,,,,,,
,,,,,18761,12.0,12,,,,,,,,
,,,,,18771,10.0,10,,,,,,,,
,,,,,18778,7.0,7,,,,,,,,
,,,,,18781,3.0,3,,,,,,,,
,,,,,18793,12.0,12,,,,,,,,
,,,,,18797,4.0,4,,,,,,,,
,,,,,18809,12.0,12,,,,,,,,
,,,,,18826,17.0,17,,,,,,,,
,,,,,18839,13.0,13,,,,,,,,
,,,,,18843,4.0,4,,,,,,,,
,,,,,18846,3.0,3,,,,,,,,
,,,,,18849,3.0,3,,,,,,,,
,,,,,18875,26.0,26,,,,,,,,
,,,,,18878,3.0,3,,,,,,,,
,,,,,18882,4.0,4,,,,,,,,
,,,,,18885,3.0,3,,,,,,,,
,,,,,18890,5.0,5,,,,,,,,
,,,,,18894,4.0,4,,,,,,,,
,,,,,18905,11.0,11,,,,,,,,
,,,,,18908,3.0,3,,,,,,,,
,,,,,18915,7.0,7,,,,,,,,
,,,,,18918,3.0,3,,,,,,,,
,,,,,18922,4.0,4,,,,,,,,
,,,,,18936,14.0,14,,,,,,,,
,,,,,18939,3.0,3,,,,,,,,
,,,,,18947,8.0,8,,,,,,,,
,,,,,18951,4.0,4,,,,,,,,
,,,,,18956,5.0,5,,,,,,,,
,,,,,18966,10.0,10,,,,,,,,
,,,,,18970,4.0,4,,,,,,,,
,,,,,18980,10.0,10,,,,,,,,
,,,,,18987,7.0,7,,,,,,,,
,,,,,18992,5.0,5,,,,,,,,
,,,,,18995,3.0,3,,,,,,,,
,,,,,19000,,,-0.06908439099788666,0.6908438801765442,1.9625554084777832,4.634613990783691,4.496334075927734,0.0003,0.0003,0.1
,,,,,19002,7.0,7,,,,,,,,
,,,,,19010,8.0,8,,,,,,,,
,,,,,19013,3.0,3,,,,,,,,
,,,,,19018,5.0,5,,,,,,,,
,,,,,19024,6.0,6,,,,,,,,
,,,,,19028,4.0,4,,,,,,,,
,,,,,19035,7.0,7,,,,,,,,
,,,,,19038,3.0,3,,,,,,,,
,,,,,19065,27.0,27,,,,,,,,
,,,,,19070,5.0,5,,,,,,,,
,,,,,19075,5.0,5,,,,,,,,
,,,,,19086,11.0,11,,,,,,,,
,,,,,19091,5.0,5,,,,,,,,
,,,,,19107,16.0,16,,,,,,,,
,,,,,19110,3.0,3,,,,,,,,
,,,,,19113,3.0,3,,,,,,,,
,,,,,19117,4.0,4,,,,,,,,
,,,,,19122,5.0,5,,,,,,,,
,,,,,19132,10.0,10,,,,,,,,
,,,,,19137,5.0,5,,,,,,,,
,,,,,19140,3.0,3,,,,,,,,
,,,,,19144,4.0,4,,,,,,,,
,,,,,19148,4.0,4,,,,,,,,
,,,,,19155,7.0,7,,,,,,,,
,,,,,19159,4.0,4,,,,,,,,
,,,,,19163,4.0,4,,,,,,,,
,,,,,19166,3.0,3,,,,,,,,
,,,,,19171,5.0,5,,,,,,,,
,,,,,19177,6.0,6,,,,,,,,
,,,,,19181,4.0,4,,,,,,,,
,,,,,19184,3.0,3,,,,,,,,
,,,,,19188,4.0,4,,,,,,,,
,,,,,19197,9.0,9,,,,,,,,
,,,,,19200,3.0,3,,,,,,,,
,,,,,19209,9.0,9,,,,,,,,
,,,,,19221,12.0,12,,,,,,,,
,,,,,19224,3.0,3,,,,,,,,
,,,,,19228,4.0,4,,,,,,,,
,,,,,19236,8.0,8,,,,,,,,
,,,,,19252,16.0,16,,,,,,,,
,,,,,19256,4.0,4,,,,,,,,
,,,,,19259,3.0,3,,,,,,,,
,,,,,19264,5.0,5,,,,,,,,
,,,,,19270,6.0,6,,,,,,,,
,,,,,19277,7.0,7,,,,,,,,
,,,,,19282,5.0,5,,,,,,,,
,,,,,19299,17.0,17,,,,,,,,
,,,,,19302,3.0,3,,,,,,,,
,,,,,19305,3.0,3,,,,,,,,
,,,,,19310,5.0,5,,,,,,,,
,,,,,19313,3.0,3,,,,,,,,
,,,,,19318,5.0,5,,,,,,,,
,,,,,19321,3.0,3,,,,,,,,
,,,,,19324,3.0,3,,,,,,,,
,,,,,19331,7.0,7,,,,,,,,
,,,,,19339,8.0,8,,,,,,,,
,,,,,19343,4.0,4,,,,,,,,
,,,,,19347,4.0,4,,,,,,,,
,,,,,19362,15.0,15,,,,,,,,
,,,,,19365,3.0,3,,,,,,,,
,,,,,19369,4.0,4,,,,,,,,
,,,,,19373,4.0,4,,,,,,,,
,,,,,19381,8.0,8,,,,,,,,
,,,,,19388,7.0,7,,,,,,,,
,,,,,19395,7.0,7,,,,,,,,
,,,,,19399,4.0,4,,,,,,,,
,,,,,19412,13.0,13,,,,,,,,
,,,,,19418,6.0,6,,,,,,,,
,,,,,19422,4.0,4,,,,,,,,
,,,,,19426,4.0,4,,,,,,,,
,,,,,19435,9.0,9,,,,,,,,
,,,,,19440,5.0,5,,,,,,,,
,,,,,19443,3.0,3,,,,,,,,
,,,,,19447,4.0,4,,,,,,,,
,,,,,19453,6.0,6,,,,,,,,
,,,,,19457,4.0,4,,,,,,,,
,,,,,19463,6.0,6,,,,,,,,
,,,,,19468,5.0,5,,,,,,,,
,,,,,19472,4.0,4,,,,,,,,
,,,,,19477,5.0,5,,,,,,,,
,,,,,19486,9.0,9,,,,,,,,
,,,,,19491,5.0,5,,,,,,,,
,,,,,19502,11.0,11,,,,,,,,
,,,,,19505,3.0,3,,,,,,,,
,,,,,19508,3.0,3,,,,,,,,
,,,,,19511,3.0,3,,,,,,,,
,,,,,19523,12.0,12,,,,,,,,
,,,,,19528,5.0,5,,,,,,,,
,,,,,19533,5.0,5,,,,,,,,
,,,,,19536,3.0,3,,,,,,,,
,,,,,19540,4.0,4,,,,,,,,
,,,,,19552,12.0,12,,,,,,,,
,,,,,19558,6.0,6,,,,,,,,
,,,,,19562,4.0,4,,,,,,,,
,,,,,19567,5.0,5,,,,,,,,
,,,,,19575,8.0,8,,,,,,,,
,,,,,19581,6.0,6,,,,,,,,
,,,,,19585,4.0,4,,,,,,,,
,,,,,19588,3.0,3,,,,,,,,
,,,,,19593,5.0,5,,,,,,,,
,,,,,19596,3.0,3,,,,,,,,
,,,,,19606,10.0,10,,,,,,,,
,,,,,19612,6.0,6,,,,,,,,
,,,,,19615,3.0,3,,,,,,,,
,,,,,19618,3.0,3,,,,,,,,
,,,,,19622,4.0,4,,,,,,,,
,,,,,19625,3.0,3,,,,,,,,
,,,,,19630,5.0,5,,,,,,,,
,,,,,19634,4.0,4,,,,,,,,
,,,,,19637,3.0,3,,,,,,,,
,,,,,19643,6.0,6,,,,,,,,
,,,,,19647,4.0,4,,,,,,,,
,,,,,19650,3.0,3,,,,,,,,
,,,,,19653,3.0,3,,,,,,,,
,,,,,19658,5.0,5,,,,,,,,
,,,,,19666,8.0,8,,,,,,,,
,,,,,19672,6.0,6,,,,,,,,
,,,,,19679,7.0,7,,,,,,,,
,,,,,19687,8.0,8,,,,,,,,
,,,,,19690,3.0,3,,,,,,,,
,,,,,19694,4.0,4,,,,,,,,
,,,,,19706,12.0,12,,,,,,,,
,,,,,19723,17.0,17,,,,,,,,
,,,,,19726,3.0,3,,,,,,,,
,,,,,19731,5.0,5,,,,,,,,
,,,,,19746,15.0,15,,,,,,,,
,,,,,19752,6.0,6,,,,,,,,
,,,,,19758,6.0,6,,,,,,,,
,,,,,19762,4.0,4,,,,,,,,
,,,,,19769,7.0,7,,,,,,,,
,,,,,19772,3.0,3,,,,,,,,
,,,,,19775,3.0,3,,,,,,,,
,,,,,19782,7.0,7,,,,,,,,
,,,,,19787,5.0,5,,,,,,,,
,,,,,19795,8.0,8,,,,,,,,
,,,,,19800,5.0,5,,,,,,,,
,,,,,19804,4.0,4,,,,,,,,
,,,,,19809,5.0,5,,,,,,,,
,,,,,19812,3.0,3,,,,,,,,
,,,,,19817,5.0,5,,,,,,,,
,,,,,19822,5.0,5,,,,,,,,
,,,,,19828,6.0,6,,,,,,,,
,,,,,19833,5.0,5,,,,,,,,
,,,,,19836,3.0,3,,,,,,,,
,,,,,19839,3.0,3,,,,,,,,
,,,,,19842,3.0,3,,,,,,,,
,,,,,19848,6.0,6,,,,,,,,
,,,,,19854,6.0,6,,,,,,,,
,,,,,19859,5.0,5,,,,,,,,
,,,,,19870,11.0,11,,,,,,,,
,,,,,19874,4.0,4,,,,,,,,
,,,,,19880,6.0,6,,,,,,,,
,,,,,19884,4.0,4,,,,,,,,
,,,,,19889,5.0,5,,,,,,,,
,,,,,19894,5.0,5,,,,,,,,
,,,,,19899,5.0,5,,,,,,,,
,,,,,19903,4.0,4,,,,,,,,
,,,,,19908,5.0,5,,,,,,,,
,,,,,19912,4.0,4,,,,,,,,
,,,,,19917,5.0,5,,,,,,,,
,,,,,19920,3.0,3,,,,,,,,
,,,,,19928,8.0,8,,,,,,,,
,,,,,19932,4.0,4,,,,,,,,
,,,,,19935,3.0,3,,,,,,,,
,,,,,19942,7.0,7,,,,,,,,
,,,,,19952,10.0,10,,,,,,,,
,,,,,19955,3.0,3,,,,,,,,
,,,,,19960,5.0,5,,,,,,,,
,,,,,19965,5.0,5,,,,,,,,
,,,,,19970,5.0,5,,,,,,,,
,,,,,19976,6.0,6,,,,,,,,
,,,,,19980,4.0,4,,,,,,,,
,,,,,19985,5.0,5,,,,,,,,
,,,,,19992,7.0,7,,,,,,,,
,,,,,19997,5.0,5,,,,,,,,
5.4,2.1540658,11.0,3.0,5.4,20000,,,-0.06915402412414551,0.6915402412414551,1.7372608184814453,4.730341911315918,4.898427963256836,0.0003,0.0003,0.1
,,,,,20001,4.0,4,,,,,,,,
,,,,,20006,5.0,5,,,,,,,,
,,,,,20014,8.0,8,,,,,,,,
,,,,,20019,5.0,5,,,,,,,,
,,,,,20022,3.0,3,,,,,,,,
,,,,,20033,11.0,11,,,,,,,,
,,,,,20038,5.0,5,,,,,,,,
,,,,,20048,10.0,10,,,,,,,,
,,,,,20059,11.0,11,,,,,,,,
,,,,,20062,3.0,3,,,,,,,,
,,,,,20080,18.0,18,,,,,,,,
,,,,,20083,3.0,3,,,,,,,,
,,,,,20086,3.0,3,,,,,,,,
,,,,,20095,9.0,9,,,,,,,,
,,,,,20098,3.0,3,,,,,,,,
,,,,,20103,5.0,5,,,,,,,,
,,,,,20108,5.0,5,,,,,,,,
,,,,,20117,9.0,9,,,,,,,,
,,,,,20121,4.0,4,,,,,,,,
,,,,,20130,9.0,9,,,,,,,,
,,,,,20138,8.0,8,,,,,,,,
,,,,,20141,3.0,3,,,,,,,,
,,,,,20144,3.0,3,,,,,,,,
,,,,,20148,4.0,4,,,,,,,,
,,,,,20159,11.0,11,,,,,,,,
,,,,,20166,7.0,7,,,,,,,,
,,,,,20169,3.0,3,,,,,,,,
,,,,,20173,4.0,4,,,,,,,,
,,,,,20194,21.0,21,,,,,,,,
,,,,,20198,4.0,4,,,,,,,,
,,,,,20213,15.0,15,,,,,,,,
,,,,,20220,7.0,7,,,,,,,,
,,,,,20224,4.0,4,,,,,,,,
,,,,,20229,5.0,5,,,,,,,,
,,,,,20232,3.0,3,,,,,,,,
,,,,,20236,4.0,4,,,,,,,,
,,,,,20242,6.0,6,,,,,,,,
,,,,,20252,10.0,10,,,,,,,,
,,,,,20265,13.0,13,,,,,,,,
,,,,,20268,3.0,3,,,,,,,,
,,,,,20284,16.0,16,,,,,,,,
,,,,,20287,3.0,3,,,,,,,,
,,,,,20290,3.0,3,,,,,,,,
,,,,,20294,4.0,4,,,,,,,,
,,,,,20299,5.0,5,,,,,,,,
,,,,,20304,5.0,5,,,,,,,,
,,,,,20311,7.0,7,,,,,,,,
,,,,,20315,4.0,4,,,,,,,,
,,,,,20318,3.0,3,,,,,,,,
,,,,,20332,14.0,14,,,,,,,,
,,,,,20336,4.0,4,,,,,,,,
,,,,,20339,3.0,3,,,,,,,,
,,,,,20346,7.0,7,,,,,,,,
,,,,,20352,6.0,6,,,,,,,,
,,,,,20361,9.0,9,,,,,,,,
,,,,,20367,6.0,6,,,,,,,,
,,,,,20371,4.0,4,,,,,,,,
,,,,,20381,10.0,10,,,,,,,,
,,,,,20385,4.0,4,,,,,,,,
,,,,,20392,7.0,7,,,,,,,,
,,,,,20396,4.0,4,,,,,,,,
,,,,,20403,7.0,7,,,,,,,,
,,,,,20414,11.0,11,,,,,,,,
,,,,,20420,6.0,6,,,,,,,,
,,,,,20428,8.0,8,,,,,,,,
,,,,,20437,9.0,9,,,,,,,,
,,,,,20442,5.0,5,,,,,,,,
,,,,,20445,3.0,3,,,,,,,,
,,,,,20453,8.0,8,,,,,,,,
,,,,,20459,6.0,6,,,,,,,,
,,,,,20469,10.0,10,,,,,,,,
,,,,,20477,8.0,8,,,,,,,,
,,,,,20481,4.0,4,,,,,,,,
,,,,,20486,5.0,5,,,,,,,,
,,,,,20493,7.0,7,,,,,,,,
,,,,,20498,5.0,5,,,,,,,,
,,,,,20501,3.0,3,,,,,,,,
,,,,,20514,13.0,13,,,,,,,,
,,,,,20522,8.0,8,,,,,,,,
,,,,,20525,3.0,3,,,,,,,,
,,,,,20528,3.0,3,,,,,,,,
,,,,,20534,6.0,6,,,,,,,,
,,,,,20542,8.0,8,,,,,,,,
,,,,,20545,3.0,3,,,,,,,,
,,,,,20550,5.0,5,,,,,,,,
,,,,,20553,3.0,3,,,,,,,,
,,,,,20559,6.0,6,,,,,,,,
,,,,,20571,12.0,12,,,,,,,,
,,,,,20574,3.0,3,,,,,,,,
,,,,,20579,5.0,5,,,,,,,,
,,,,,20582,3.0,3,,,,,,,,
,,,,,20591,9.0,9,,,,,,,,
,,,,,20609,18.0,18,,,,,,,,
,,,,,20612,3.0,3,,,,,,,,
,,,,,20620,8.0,8,,,,,,,,
,,,,,20624,4.0,4,,,,,,,,
,,,,,20633,9.0,9,,,,,,,,
,,,,,20638,5.0,5,,,,,,,,
,,,,,20642,4.0,4,,,,,,,,
,,,,,20648,6.0,6,,,,,,,,
,,,,,20651,3.0,3,,,,,,,,
,,,,,20655,4.0,4,,,,,,,,
,,,,,20662,7.0,7,,,,,,,,
,,,,,20674,12.0,12,,,,,,,,
,,,,,20677,3.0,3,,,,,,,,
,,,,,20684,7.0,7,,,,,,,,
,,,,,20688,4.0,4,,,,,,,,
,,,,,20708,20.0,20,,,,,,,,
,,,,,20711,3.0,3,,,,,,,,
,,,,,20717,6.0,6,,,,,,,,
,,,,,20721,4.0,4,,,,,,,,
,,,,,20732,11.0,11,,,,,,,,
,,,,,20741,9.0,9,,,,,,,,
,,,,,20751,10.0,10,,,,,,,,
,,,,,20754,3.0,3,,,,,,,,
,,,,,20757,3.0,3,,,,,,,,
,,,,,20767,10.0,10,,,,,,,,
,,,,,20772,5.0,5,,,,,,,,
,,,,,20776,4.0,4,,,,,,,,
,,,,,20780,4.0,4,,,,,,,,
,,,,,20783,3.0,3,,,,,,,,
,,,,,20789,6.0,6,,,,,,,,
,,,,,20795,6.0,6,,,,,,,,
,,,,,20799,4.0,4,,,,,,,,
,,,,,20802,3.0,3,,,,,,,,
,,,,,20805,3.0,3,,,,,,,,
,,,,,20809,4.0,4,,,,,,,,
,,,,,20815,6.0,6,,,,,,,,
,,,,,20830,15.0,15,,,,,,,,
,,,,,20839,9.0,9,,,,,,,,
,,,,,20843,4.0,4,,,,,,,,
,,,,,20855,12.0,12,,,,,,,,
,,,,,20859,4.0,4,,,,,,,,
,,,,,20865,6.0,6,,,,,,,,
,,,,,20870,5.0,5,,,,,,,,
,,,,,20879,9.0,9,,,,,,,,
,,,,,20885,6.0,6,,,,,,,,
,,,,,20891,6.0,6,,,,,,,,
,,,,,20897,6.0,6,,,,,,,,
,,,,,20900,3.0,3,,,,,,,,
,,,,,20904,4.0,4,,,,,,,,
,,,,,20912,8.0,8,,,,,,,,
,,,,,20917,5.0,5,,,,,,,,
,,,,,20923,6.0,6,,,,,,,,
,,,,,20926,3.0,3,,,,,,,,
,,,,,20932,6.0,6,,,,,,,,
,,,,,20936,4.0,4,,,,,,,,
,,,,,20941,5.0,5,,,,,,,,
,,,,,20951,10.0,10,,,,,,,,
,,,,,20956,5.0,5,,,,,,,,
,,,,,20960,4.0,4,,,,,,,,
,,,,,20964,4.0,4,,,,,,,,
,,,,,20970,6.0,6,,,,,,,,
,,,,,20973,3.0,3,,,,,,,,
,,,,,20978,5.0,5,,,,,,,,
,,,,,20991,13.0,13,,,,,,,,
,,,,,20999,8.0,8,,,,,,,,
,,,,,21000,,,-0.06849952787160873,0.6849952936172485,1.8875343799591064,4.6623430252075195,4.573260307312012,0.0003,0.0003,0.1
,,,,,21004,5.0,5,,,,,,,,
,,,,,21007,3.0,3,,,,,,,,
,,,,,21013,6.0,6,,,,,,,,
,,,,,21018,5.0,5,,,,,,,,
,,,,,21024,6.0,6,,,,,,,,
,,,,,21028,4.0,4,,,,,,,,
,,,,,21031,3.0,3,,,,,,,,
,,,,,21035,4.0,4,,,,,,,,
,,,,,21038,3.0,3,,,,,,,,
,,,,,21043,5.0,5,,,,,,,,
,,,,,21046,3.0,3,,,,,,,,
,,,,,21059,13.0,13,,,,,,,,
,,,,,21062,3.0,3,,,,,,,,
,,,,,21072,10.0,10,,,,,,,,
,,,,,21075,3.0,3,,,,,,,,
,,,,,21082,7.0,7,,,,,,,,
,,,,,21090,8.0,8,,,,,,,,
,,,,,21095,5.0,5,,,,,,,,
,,,,,21100,5.0,5,,,,,,,,
,,,,,21103,3.0,3,,,,,,,,
,,,,,21107,4.0,4,,,,,,,,
,,,,,21110,3.0,3,,,,,,,,
,,,,,21114,4.0,4,,,,,,,,
,,,,,21121,7.0,7,,,,,,,,
,,,,,21129,8.0,8,,,,,,,,
,,,,,21134,5.0,5,,,,,,,,
,,,,,21149,15.0,15,,,,,,,,
,,,,,21153,4.0,4,,,,,,,,
,,,,,21157,4.0,4,,,,,,,,
,,,,,21160,3.0,3,,,,,,,,
,,,,,21167,7.0,7,,,,,,,,
,,,,,21171,4.0,4,,,,,,,,
,,,,,21176,5.0,5,,,,,,,,
,,,,,21185,9.0,9,,,,,,,,
,,,,,21189,4.0,4,,,,,,,,
,,,,,21192,3.0,3,,,,,,,,
,,,,,21199,7.0,7,,,,,,,,
,,,,,21202,3.0,3,,,,,,,,
,,,,,21206,4.0,4,,,,,,,,
,,,,,21212,6.0,6,,,,,,,,
,,,,,21216,4.0,4,,,,,,,,
,,,,,21224,8.0,8,,,,,,,,
,,,,,21229,5.0,5,,,,,,,,
,,,,,21233,4.0,4,,,,,,,,
,,,,,21246,13.0,13,,,,,,,,
,,,,,21249,3.0,3,,,,,,,,
,,,,,21254,5.0,5,,,,,,,,
,,,,,21258,4.0,4,,,,,,,,
,,,,,21263,5.0,5,,,,,,,,
,,,,,21266,3.0,3,,,,,,,,
,,,,,21269,3.0,3,,,,,,,,
,,,,,21278,9.0,9,,,,,,,,
,,,,,21284,6.0,6,,,,,,,,
,,,,,21289,5.0,5,,,,,,,,
,,,,,21297,8.0,8,,,,,,,,
,,,,,21306,9.0,9,,,,,,,,
,,,,,21312,6.0,6,,,,,,,,
,,,,,21315,3.0,3,,,,,,,,
,,,,,21321,6.0,6,,,,,,,,
,,,,,21324,3.0,3,,,,,,,,
,,,,,21328,4.0,4,,,,,,,,
,,,,,21331,3.0,3,,,,,,,,
,,,,,21335,4.0,4,,,,,,,,
,,,,,21341,6.0,6,,,,,,,,
,,,,,21344,3.0,3,,,,,,,,
,,,,,21348,4.0,4,,,,,,,,
,,,,,21352,4.0,4,,,,,,,,
,,,,,21358,6.0,6,,,,,,,,
,,,,,21372,14.0,14,,,,,,,,
,,,,,21387,15.0,15,,,,,,,,
,,,,,21401,14.0,14,,,,,,,,
,,,,,21405,4.0,4,,,,,,,,
,,,,,21409,4.0,4,,,,,,,,
,,,,,21412,3.0,3,,,,,,,,
,,,,,21419,7.0,7,,,,,,,,
,,,,,21435,16.0,16,,,,,,,,
,,,,,21440,5.0,5,,,,,,,,
,,,,,21443,3.0,3,,,,,,,,
,,,,,21448,5.0,5,,,,,,,,
,,,,,21456,8.0,8,,,,,,,,
,,,,,21459,3.0,3,,,,,,,,
,,,,,21464,5.0,5,,,,,,,,
,,,,,21467,3.0,3,,,,,,,,
,,,,,21473,6.0,6,,,,,,,,
,,,,,21497,24.0,24,,,,,,,,
,,,,,21502,5.0,5,,,,,,,,
,,,,,21505,3.0,3,,,,,,,,
,,,,,21508,3.0,3,,,,,,,,
,,,,,21514,6.0,6,,,,,,,,
,,,,,21518,4.0,4,,,,,,,,
,,,,,21521,3.0,3,,,,,,,,
,,,,,21524,3.0,3,,,,,,,,
,,,,,21529,5.0,5,,,,,,,,
,,,,,21535,6.0,6,,,,,,,,
,,,,,21542,7.0,7,,,,,,,,
,,,,,21545,3.0,3,,,,,,,,
,,,,,21553,8.0,8,,,,,,,,
,,,,,21559,6.0,6,,,,,,,,
,,,,,21563,4.0,4,,,,,,,,
,,,,,21567,4.0,4,,,,,,,,
,,,,,21580,13.0,13,,,,,,,,
,,,,,21589,9.0,9,,,,,,,,
,,,,,21597,8.0,8,,,,,,,,
,,,,,21601,4.0,4,,,,,,,,
,,,,,21605,4.0,4,,,,,,,,
,,,,,21611,6.0,6,,,,,,,,
,,,,,21617,6.0,6,,,,,,,,
,,,,,21620,3.0,3,,,,,,,,
,,,,,21625,5.0,5,,,,,,,,
,,,,,21630,5.0,5,,,,,,,,
,,,,,21634,4.0,4,,,,,,,,
,,,,,21639,5.0,5,,,,,,,,
,,,,,21642,3.0,3,,,,,,,,
,,,,,21645,3.0,3,,,,,,,,
,,,,,21650,5.0,5,,,,,,,,
,,,,,21660,10.0,10,,,,,,,,
,,,,,21663,3.0,3,,,,,,,,
,,,,,21667,4.0,4,,,,,,,,
,,,,,21674,7.0,7,,,,,,,,
,,,,,21678,4.0,4,,,,,,,,
,,,,,21685,7.0,7,,,,,,,,
,,,,,21700,15.0,15,,,,,,,,
,,,,,21704,4.0,4,,,,,,,,
,,,,,21715,11.0,11,,,,,,,,
,,,,,21727,12.0,12,,,,,,,,
,,,,,21733,6.0,6,,,,,,,,
,,,,,21737,4.0,4,,,,,,,,
,,,,,21746,9.0,9,,,,,,,,
,,,,,21751,5.0,5,,,,,,,,
,,,,,21762,11.0,11,,,,,,,,
,,,,,21768,6.0,6,,,,,,,,
,,,,,21777,9.0,9,,,,,,,,
,,,,,21782,5.0,5,,,,,,,,
,,,,,21787,5.0,5,,,,,,,,
,,,,,21790,3.0,3,,,,,,,,
,,,,,21805,15.0,15,,,,,,,,
,,,,,21810,5.0,5,,,,,,,,
,,,,,21820,10.0,10,,,,,,,,
,,,,,21827,7.0,7,,,,,,,,
,,,,,21841,14.0,14,,,,,,,,
,,,,,21844,3.0,3,,,,,,,,
,,,,,21850,6.0,6,,,,,,,,
,,,,,21853,3.0,3,,,,,,,,
,,,,,21859,6.0,6,,,,,,,,
,,,,,21867,8.0,8,,,,,,,,
,,,,,21870,3.0,3,,,,,,,,
,,,,,21879,9.0,9,,,,,,,,
,,,,,21885,6.0,6,,,,,,,,
,,,,,21888,3.0,3,,,,,,,,
,,,,,21895,7.0,7,,,,,,,,
,,,,,21899,4.0,4,,,,,,,,
,,,,,21905,6.0,6,,,,,,,,
,,,,,21909,4.0,4,,,,,,,,
,,,,,21917,8.0,8,,,,,,,,
,,,,,21923,6.0,6,,,,,,,,
,,,,,21926,3.0,3,,,,,,,,
,,,,,21935,9.0,9,,,,,,,,
,,,,,21940,5.0,5,,,,,,,,
,,,,,21950,10.0,10,,,,,,,,
,,,,,21959,9.0,9,,,,,,,,
,,,,,21964,5.0,5,,,,,,,,
,,,,,21971,7.0,7,,,,,,,,
,,,,,21978,7.0,7,,,,,,,,
,,,,,21990,12.0,12,,,,,,,,
,,,,,21994,4.0,4,,,,,,,,
,,,,,22000,,,-0.06608326733112335,0.6608326435089111,1.9249262809753418,4.75955867767334,4.805624008178711,0.0003,0.0003,0.1
,,,,,22001,7.0,7,,,,,,,,
,,,,,22005,4.0,4,,,,,,,,
,,,,,22009,4.0,4,,,,,,,,
,,,,,22013,4.0,4,,,,,,,,
,,,,,22016,3.0,3,,,,,,,,
,,,,,22021,5.0,5,,,,,,,,
,,,,,22024,3.0,3,,,,,,,,
,,,,,22031,7.0,7,,,,,,,,
,,,,,22035,4.0,4,,,,,,,,
,,,,,22039,4.0,4,,,,,,,,
,,,,,22042,3.0,3,,,,,,,,
,,,,,22046,4.0,4,,,,,,,,
,,,,,22049,3.0,3,,,,,,,,
,,,,,22054,5.0,5,,,,,,,,
,,,,,22060,6.0,6,,,,,,,,
,,,,,22064,4.0,4,,,,,,,,
,,,,,22078,14.0,14,,,,,,,,
,,,,,22082,4.0,4,,,,,,,,
,,,,,22085,3.0,3,,,,,,,,
,,,,,22089,4.0,4,,,,,,,,
,,,,,22103,14.0,14,,,,,,,,
,,,,,22110,7.0,7,,,,,,,,
,,,,,22113,3.0,3,,,,,,,,
,,,,,22116,3.0,3,,,,,,,,
,,,,,22126,10.0,10,,,,,,,,
,,,,,22130,4.0,4,,,,,,,,
,,,,,22133,3.0,3,,,,,,,,
,,,,,22140,7.0,7,,,,,,,,
,,,,,22144,4.0,4,,,,,,,,
,,,,,22148,4.0,4,,,,,,,,
,,,,,22152,4.0,4,,,,,,,,
,,,,,22157,5.0,5,,,,,,,,
,,,,,22165,8.0,8,,,,,,,,
,,,,,22170,5.0,5,,,,,,,,
,,,,,22173,3.0,3,,,,,,,,
,,,,,22177,4.0,4,,,,,,,,
,,,,,22182,5.0,5,,,,,,,,
,,,,,22185,3.0,3,,,,,,,,
,,,,,22194,9.0,9,,,,,,,,
,,,,,22198,4.0,4,,,,,,,,
,,,,,22210,12.0,12,,,,,,,,
,,,,,22214,4.0,4,,,,,,,,
,,,,,22218,4.0,4,,,,,,,,
,,,,,22221,3.0,3,,,,,,,,
,,,,,22225,4.0,4,,,,,,,,
,,,,,22229,4.0,4,,,,,,,,
,,,,,22232,3.0,3,,,,,,,,
,,,,,22242,10.0,10,,,,,,,,
,,,,,22247,5.0,5,,,,,,,,
,,,,,22253,6.0,6,,,,,,,,
,,,,,22260,7.0,7,,,,,,,,
,,,,,22264,4.0,4,,,,,,,,
,,,,,22267,3.0,3,,,,,,,,
,,,,,22270,3.0,3,,,,,,,,
,,,,,22273,3.0,3,,,,,,,,
,,,,,22281,8.0,8,,,,,,,,
,,,,,22284,3.0,3,,,,,,,,
,,,,,22289,5.0,5,,,,,,,,
,,,,,22294,5.0,5,,,,,,,,
,,,,,22297,3.0,3,,,,,,,,
,,,,,22309,12.0,12,,,,,,,,
,,,,,22315,6.0,6,,,,,,,,
,,,,,22322,7.0,7,,,,,,,,
,,,,,22326,4.0,4,,,,,,,,
,,,,,22330,4.0,4,,,,,,,,
,,,,,22339,9.0,9,,,,,,,,
,,,,,22346,7.0,7,,,,,,,,
,,,,,22350,4.0,4,,,,,,,,
,,,,,22358,8.0,8,,,,,,,,
,,,,,22362,4.0,4,,,,,,,,
,,,,,22365,3.0,3,,,,,,,,
,,,,,22371,6.0,6,,,,,,,,
,,,,,22376,5.0,5,,,,,,,,
,,,,,22382,6.0,6,,,,,,,,
,,,,,22388,6.0,6,,,,,,,,
,,,,,22394,6.0,6,,,,,,,,
,,,,,22399,5.0,5,,,,,,,,
,,,,,22404,5.0,5,,,,,,,,
,,,,,22416,12.0,12,,,,,,,,
,,,,,22422,6.0,6,,,,,,,,
,,,,,22426,4.0,4,,,,,,,,
,,,,,22430,4.0,4,,,,,,,,
,,,,,22438,8.0,8,,,,,,,,
,,,,,22448,10.0,10,,,,,,,,
,,,,,22451,3.0,3,,,,,,,,
,,,,,22457,6.0,6,,,,,,,,
,,,,,22460,3.0,3,,,,,,,,
,,,,,22474,14.0,14,,,,,,,,
,,,,,22477,3.0,3,,,,,,,,
,,,,,22487,10.0,10,,,,,,,,
,,,,,22497,10.0,10,,,,,,,,
,,,,,22502,5.0,5,,,,,,,,
,,,,,22509,7.0,7,,,,,,,,
,,,,,22514,5.0,5,,,,,,,,
,,,,,22517,3.0,3,,,,,,,,
,,,,,22521,4.0,4,,,,,,,,
,,,,,22525,4.0,4,,,,,,,,
,,,,,22530,5.0,5,,,,,,,,
,,,,,22546,16.0,16,,,,,,,,
,,,,,22549,3.0,3,,,,,,,,
,,,,,22553,4.0,4,,,,,,,,
,,,,,22560,7.0,7,,,,,,,,
,,,,,22564,4.0,4,,,,,,,,
,,,,,22571,7.0,7,,,,,,,,
,,,,,22575,4.0,4,,,,,,,,
,,,,,22578,3.0,3,,,,,,,,
,,,,,22583,5.0,5,,,,,,,,
,,,,,22587,4.0,4,,,,,,,,
,,,,,22591,4.0,4,,,,,,,,
,,,,,22597,6.0,6,,,,,,,,
,,,,,22604,7.0,7,,,,,,,,
,,,,,22618,14.0,14,,,,,,,,
,,,,,22622,4.0,4,,,,,,,,
,,,,,22625,3.0,3,,,,,,,,
,,,,,22639,14.0,14,,,,,,,,
,,,,,22643,4.0,4,,,,,,,,
,,,,,22646,3.0,3,,,,,,,,
,,,,,22650,4.0,4,,,,,,,,
,,,,,22655,5.0,5,,,,,,,,
,,,,,22660,5.0,5,,,,,,,,
,,,,,22666,6.0,6,,,,,,,,
,,,,,22669,3.0,3,,,,,,,,
,,,,,22672,3.0,3,,,,,,,,
,,,,,22676,4.0,4,,,,,,,,
,,,,,22682,6.0,6,,,,,,,,
,,,,,22686,4.0,4,,,,,,,,
,,,,,22703,17.0,17,,,,,,,,
,,,,,22709,6.0,6,,,,,,,,
,,,,,22714,5.0,5,,,,,,,,
,,,,,22718,4.0,4,,,,,,,,
,,,,,22721,3.0,3,,,,,,,,
,,,,,22726,5.0,5,,,,,,,,
,,,,,22737,11.0,11,,,,,,,,
,,,,,22742,5.0,5,,,,,,,,
,,,,,22761,19.0,19,,,,,,,,
,,,,,22768,7.0,7,,,,,,,,
,,,,,22772,4.0,4,,,,,,,,
,,,,,22776,4.0,4,,,,,,,,
,,,,,22787,11.0,11,,,,,,,,
,,,,,22801,14.0,14,,,,,,,,
,,,,,22806,5.0,5,,,,,,,,
,,,,,22809,3.0,3,,,,,,,,
,,,,,22813,4.0,4,,,,,,,,
,,,,,22822,9.0,9,,,,,,,,
,,,,,22828,6.0,6,,,,,,,,
,,,,,22833,5.0,5,,,,,,,,
,,,,,22850,17.0,17,,,,,,,,
,,,,,22857,7.0,7,,,,,,,,
,,,,,22868,11.0,11,,,,,,,,
,,,,,22878,10.0,10,,,,,,,,
,,,,,22883,5.0,5,,,,,,,,
,,,,,22886,3.0,3,,,,,,,,
,,,,,22895,9.0,9,,,,,,,,
,,,,,22902,7.0,7,,,,,,,,
,,,,,22909,7.0,7,,,,,,,,
,,,,,22912,3.0,3,,,,,,,,
,,,,,22918,6.0,6,,,,,,,,
,,,,,22923,5.0,5,,,,,,,,
,,,,,22928,5.0,5,,,,,,,,
,,,,,22931,3.0,3,,,,,,,,
,,,,,22941,10.0,10,,,,,,,,
,,,,,22946,5.0,5,,,,,,,,
,,,,,22949,3.0,3,,,,,,,,
,,,,,22955,6.0,6,,,,,,,,
,,,,,22960,5.0,5,,,,,,,,
,,,,,22967,7.0,7,,,,,,,,
,,,,,22991,24.0,24,,,,,,,,
,,,,,22994,3.0,3,,,,,,,,
,,,,,23000,6.0,6,,,,,,,,
,,,,,23000,,,-0.06922464817762375,0.6922464370727539,1.858632206916809,4.566307067871094,4.603891372680664,0.0003,0.0003,0.1
,,,,,23005,5.0,5,,,,,,,,
,,,,,23008,3.0,3,,,,,,,,
,,,,,23016,8.0,8,,,,,,,,
,,,,,23020,4.0,4,,,,,,,,
,,,,,23023,3.0,3,,,,,,,,
,,,,,23026,3.0,3,,,,,,,,
,,,,,23029,3.0,3,,,,,,,,
,,,,,23035,6.0,6,,,,,,,,
,,,,,23039,4.0,4,,,,,,,,
,,,,,23049,10.0,10,,,,,,,,
,,,,,23064,15.0,15,,,,,,,,
,,,,,23071,7.0,7,,,,,,,,
,,,,,23077,6.0,6,,,,,,,,
,,,,,23086,9.0,9,,,,,,,,
,,,,,23092,6.0,6,,,,,,,,
,,,,,23097,5.0,5,,,,,,,,
,,,,,23107,10.0,10,,,,,,,,
,,,,,23111,4.0,4,,,,,,,,
,,,,,23115,4.0,4,,,,,,,,
,,,,,23120,5.0,5,,,,,,,,
,,,,,23123,3.0,3,,,,,,,,
,,,,,23127,4.0,4,,,,,,,,
,,,,,23134,7.0,7,,,,,,,,
,,,,,23139,5.0,5,,,,,,,,
,,,,,23146,7.0,7,,,,,,,,
,,,,,23149,3.0,3,,,,,,,,
,,,,,23152,3.0,3,,,,,,,,
,,,,,23155,3.0,3,,,,,,,,
,,,,,23158,3.0,3,,,,,,,,
,,,,,23165,7.0,7,,,,,,,,
,,,,,23169,4.0,4,,,,,,,,
,,,,,23176,7.0,7,,,,,,,,
,,,,,23179,3.0,3,,,,,,,,
,,,,,23183,4.0,4,,,,,,,,
,,,,,23190,7.0,7,,,,,,,,
,,,,,23193,3.0,3,,,,,,,,
,,,,,23196,3.0,3,,,,,,,,
,,,,,23200,4.0,4,,,,,,,,
,,,,,23206,6.0,6,,,,,,,,
,,,,,23209,3.0,3,,,,,,,,
,,,,,23213,4.0,4,,,,,,,,
,,,,,23217,4.0,4,,,,,,,,
,,,,,23221,4.0,4,,,,,,,,
,,,,,23226,5.0,5,,,,,,,,
,,,,,23229,3.0,3,,,,,,,,
,,,,,23233,4.0,4,,,,,,,,
,,,,,23239,6.0,6,,,,,,,,
,,,,,23243,4.0,4,,,,,,,,
,,,,,23255,12.0,12,,,,,,,,
,,,,,23260,5.0,5,,,,,,,,
,,,,,23263,3.0,3,,,,,,,,
,,,,,23267,4.0,4,,,,,,,,
,,,,,23271,4.0,4,,,,,,,,
,,,,,23276,5.0,5,,,,,,,,
,,,,,23280,4.0,4,,,,,,,,
,,,,,23283,3.0,3,,,,,,,,
,,,,,23290,7.0,7,,,,,,,,
,,,,,23294,4.0,4,,,,,,,,
,,,,,23298,4.0,4,,,,,,,,
,,,,,23307,9.0,9,,,,,,,,
,,,,,23311,4.0,4,,,,,,,,
,,,,,23315,4.0,4,,,,,,,,
,,,,,23323,8.0,8,,,,,,,,
,,,,,23326,3.0,3,,,,,,,,
,,,,,23337,11.0,11,,,,,,,,
,,,,,23340,3.0,3,,,,,,,,
,,,,,23343,3.0,3,,,,,,,,
,,,,,23347,4.0,4,,,,,,,,
,,,,,23355,8.0,8,,,,,,,,
,,,,,23359,4.0,4,,,,,,,,
,,,,,23366,7.0,7,,,,,,,,
,,,,,23372,6.0,6,,,,,,,,
,,,,,23378,6.0,6,,,,,,,,
,,,,,23382,4.0,4,,,,,,,,
,,,,,23386,4.0,4,,,,,,,,
,,,,,23390,4.0,4,,,,,,,,
,,,,,23395,5.0,5,,,,,,,,
,,,,,23400,5.0,5,,,,,,,,
,,,,,23403,3.0,3,,,,,,,,
,,,,,23419,16.0,16,,,,,,,,
,,,,,23423,4.0,4,,,,,,,,
,,,,,23426,3.0,3,,,,,,,,
,,,,,23429,3.0,3,,,,,,,,
,,,,,23434,5.0,5,,,,,,,,
,,,,,23439,5.0,5,,,,,,,,
,,,,,23445,6.0,6,,,,,,,,
,,,,,23448,3.0,3,,,,,,,,
,,,,,23459,11.0,11,,,,,,,,
,,,,,23464,5.0,5,,,,,,,,
,,,,,23473,9.0,9,,,,,,,,
,,,,,23476,3.0,3,,,,,,,,
,,,,,23485,9.0,9,,,,,,,,
,,,,,23489,4.0,4,,,,,,,,
,,,,,23493,4.0,4,,,,,,,,
,,,,,23497,4.0,4,,,,,,,,
,,,,,23501,4.0,4,,,,,,,,
,,,,,23506,5.0,5,,,,,,,,
,,,,,23512,6.0,6,,,,,,,,
,,,,,23516,4.0,4,,,,,,,,
,,,,,23520,4.0,4,,,,,,,,
,,,,,23532,12.0,12,,,,,,,,
,,,,,23536,4.0,4,,,,,,,,
,,,,,23539,3.0,3,,,,,,,,
,,,,,23543,4.0,4,,,,,,,,
,,,,,23563,20.0,20,,,,,,,,
,,,,,23568,5.0,5,,,,,,,,
,,,,,23572,4.0,4,,,,,,,,
,,,,,23575,3.0,3,,,,,,,,
,,,,,23578,3.0,3,,,,,,,,
,,,,,23584,6.0,6,,,,,,,,
,,,,,23589,5.0,5,,,,,,,,
,,,,,23595,6.0,6,,,,,,,,
,,,,,23598,3.0,3,,,,,,,,
,,,,,23603,5.0,5,,,,,,,,
,,,,,23609,6.0,6,,,,,,,,
,,,,,23615,6.0,6,,,,,,,,
,,,,,23618,3.0,3,,,,,,,,
,,,,,23621,3.0,3,,,,,,,,
,,,,,23626,5.0,5,,,,,,,,
,,,,,23630,4.0,4,,,,,,,,
,,,,,23636,6.0,6,,,,,,,,
,,,,,23641,5.0,5,,,,,,,,
,,,,,23644,3.0,3,,,,,,,,
,,,,,23647,3.0,3,,,,,,,,
,,,,,23652,5.0,5,,,,,,,,
,,,,,23660,8.0,8,,,,,,,,
,,,,,23663,3.0,3,,,,,,,,
,,,,,23666,3.0,3,,,,,,,,
,,,,,23669,3.0,3,,,,,,,,
,,,,,23672,3.0,3,,,,,,,,
,,,,,23675,3.0,3,,,,,,,,
,,,,,23678,3.0,3,,,,,,,,
,,,,,23682,4.0,4,,,,,,,,
,,,,,23686,4.0,4,,,,,,,,
,,,,,23696,10.0,10,,,,,,,,
,,,,,23701,5.0,5,,,,,,,,
,,,,,23704,3.0,3,,,,,,,,
,,,,,23707,3.0,3,,,,,,,,
,,,,,23710,3.0,3,,,,,,,,
,,,,,23714,4.0,4,,,,,,,,
,,,,,23718,4.0,4,,,,,,,,
,,,,,23723,5.0,5,,,,,,,,
,,,,,23727,4.0,4,,,,,,,,
,,,,,23745,18.0,18,,,,,,,,
,,,,,23749,4.0,4,,,,,,,,
,,,,,23753,4.0,4,,,,,,,,
,,,,,23760,7.0,7,,,,,,,,
,,,,,23767,7.0,7,,,,,,,,
,,,,,23774,7.0,7,,,,,,,,
,,,,,23781,7.0,7,,,,,,,,
,,,,,23785,4.0,4,,,,,,,,
,,,,,23789,4.0,4,,,,,,,,
,,,,,23796,7.0,7,,,,,,,,
,,,,,23805,9.0,9,,,,,,,,
,,,,,23810,5.0,5,,,,,,,,
,,,,,23817,7.0,7,,,,,,,,
,,,,,23830,13.0,13,,,,,,,,
,,,,,23833,3.0,3,,,,,,,,
,,,,,23858,25.0,25,,,,,,,,
,,,,,23868,10.0,10,,,,,,,,
,,,,,23872,4.0,4,,,,,,,,
,,,,,23875,3.0,3,,,,,,,,
,,,,,23888,13.0,13,,,,,,,,
,,,,,23892,4.0,4,,,,,,,,
,,,,,23895,3.0,3,,,,,,,,
,,,,,23898,3.0,3,,,,,,,,
,,,,,23903,5.0,5,,,,,,,,
,,,,,23910,7.0,7,,,,,,,,
,,,,,23917,7.0,7,,,,,,,,
,,,,,23921,4.0,4,,,,,,,,
,,,,,23926,5.0,5,,,,,,,,
,,,,,23930,4.0,4,,,,,,,,
,,,,,23936,6.0,6,,,,,,,,
,,,,,23941,5.0,5,,,,,,,,
,,,,,23947,6.0,6,,,,,,,,
,,,,,23952,5.0,5,,,,,,,,
,,,,,23961,9.0,9,,,,,,,,
,,,,,23965,4.0,4,,,,,,,,
,,,,,23968,3.0,3,,,,,,,,
,,,,,23973,5.0,5,,,,,,,,
,,,,,23979,6.0,6,,,,,,,,
,,,,,23984,5.0,5,,,,,,,,
,,,,,23987,3.0,3,,,,,,,,
,,,,,23994,7.0,7,,,,,,,,
,,,,,23997,3.0,3,,,,,,,,
,,,,,24000,3.0,3,,,,,,,,
,,,,,24000,,,-0.069304920732975,0.6930491924285889,1.7751398086547852,4.633302211761475,4.636356830596924,0.0003,0.0003,0.1
,,,,,24003,3.0,3,,,,,,,,
,,,,,24006,3.0,3,,,,,,,,
,,,,,24030,24.0,24,,,,,,,,
,,,,,24039,9.0,9,,,,,,,,
,,,,,24056,17.0,17,,,,,,,,
,,,,,24071,15.0,15,,,,,,,,
,,,,,24076,5.0,5,,,,,,,,
,,,,,24083,7.0,7,,,,,,,,
,,,,,24086,3.0,3,,,,,,,,
,,,,,24090,4.0,4,,,,,,,,
,,,,,24097,7.0,7,,,,,,,,
,,,,,24113,16.0,16,,,,,,,,
,,,,,24117,4.0,4,,,,,,,,
,,,,,24122,5.0,5,,,,,,,,
,,,,,24133,11.0,11,,,,,,,,
,,,,,24139,6.0,6,,,,,,,,
,,,,,24152,13.0,13,,,,,,,,
,,,,,24158,6.0,6,,,,,,,,
,,,,,24162,4.0,4,,,,,,,,
,,,,,24166,4.0,4,,,,,,,,
,,,,,24175,9.0,9,,,,,,,,
,,,,,24183,8.0,8,,,,,,,,
,,,,,24186,3.0,3,,,,,,,,
,,,,,24191,5.0,5,,,,,,,,
,,,,,24194,3.0,3,,,,,,,,
,,,,,24199,5.0,5,,,,,,,,
,,,,,24205,6.0,6,,,,,,,,
,,,,,24216,11.0,11,,,,,,,,
,,,,,24221,5.0,5,,,,,,,,
,,,,,24224,3.0,3,,,,,,,,
,,,,,24230,6.0,6,,,,,,,,
,,,,,24252,22.0,22,,,,,,,,
,,,,,24255,3.0,3,,,,,,,,
,,,,,24258,3.0,3,,,,,,,,
,,,,,24263,5.0,5,,,,,,,,
,,,,,24266,3.0,3,,,,,,,,
,,,,,24270,4.0,4,,,,,,,,
,,,,,24275,5.0,5,,,,,,,,
,,,,,24280,5.0,5,,,,,,,,
,,,,,24283,3.0,3,,,,,,,,
,,,,,24286,3.0,3,,,,,,,,
,,,,,24291,5.0,5,,,,,,,,
,,,,,24294,3.0,3,,,,,,,,
,,,,,24298,4.0,4,,,,,,,,
,,,,,24305,7.0,7,,,,,,,,
,,,,,24309,4.0,4,,,,,,,,
,,,,,24312,3.0,3,,,,,,,,
,,,,,24317,5.0,5,,,,,,,,
,,,,,24327,10.0,10,,,,,,,,
,,,,,24330,3.0,3,,,,,,,,
,,,,,24334,4.0,4,,,,,,,,
,,,,,24344,10.0,10,,,,,,,,
,,,,,24347,3.0,3,,,,,,,,
,,,,,24350,3.0,3,,,,,,,,
,,,,,24357,7.0,7,,,,,,,,
,,,,,24362,5.0,5,,,,,,,,
,,,,,24369,7.0,7,,,,,,,,
,,,,,24376,7.0,7,,,,,,,,
,,,,,24389,13.0,13,,,,,,,,
,,,,,24393,4.0,4,,,,,,,,
,,,,,24403,10.0,10,,,,,,,,
,,,,,24406,3.0,3,,,,,,,,
,,,,,24409,3.0,3,,,,,,,,
,,,,,24418,9.0,9,,,,,,,,
,,,,,24421,3.0,3,,,,,,,,
,,,,,24424,3.0,3,,,,,,,,
,,,,,24434,10.0,10,,,,,,,,
,,,,,24437,3.0,3,,,,,,,,
,,,,,24444,7.0,7,,,,,,,,
,,,,,24449,5.0,5,,,,,,,,
,,,,,24457,8.0,8,,,,,,,,
,,,,,24462,5.0,5,,,,,,,,
,,,,,24465,3.0,3,,,,,,,,
,,,,,24478,13.0,13,,,,,,,,
,,,,,24488,10.0,10,,,,,,,,
,,,,,24491,3.0,3,,,,,,,,
,,,,,24498,7.0,7,,,,,,,,
,,,,,24510,12.0,12,,,,,,,,
,,,,,24513,3.0,3,,,,,,,,
,,,,,24519,6.0,6,,,,,,,,
,,,,,24525,6.0,6,,,,,,,,
,,,,,24530,5.0,5,,,,,,,,
,,,,,24533,3.0,3,,,,,,,,
,,,,,24539,6.0,6,,,,,,,,
,,,,,24549,10.0,10,,,,,,,,
,,,,,24553,4.0,4,,,,,,,,
,,,,,24557,4.0,4,,,,,,,,
,,,,,24564,7.0,7,,,,,,,,
,,,,,24569,5.0,5,,,,,,,,
,,,,,24572,3.0,3,,,,,,,,
,,,,,24575,3.0,3,,,,,,,,
,,,,,24579,4.0,4,,,,,,,,
,,,,,24587,8.0,8,,,,,,,,
,,,,,24590,3.0,3,,,,,,,,
,,,,,24593,3.0,3,,,,,,,,
,,,,,24598,5.0,5,,,,,,,,
,,,,,24603,5.0,5,,,,,,,,
,,,,,24606,3.0,3,,,,,,,,
,,,,,24609,3.0,3,,,,,,,,
,,,,,24613,4.0,4,,,,,,,,
,,,,,24617,4.0,4,,,,,,,,
,,,,,24621,4.0,4,,,,,,,,
,,,,,24630,9.0,9,,,,,,,,
,,,,,24637,7.0,7,,,,,,,,
,,,,,24641,4.0,4,,,,,,,,
,,,,,24646,5.0,5,,,,,,,,
,,,,,24654,8.0,8,,,,,,,,
,,,,,24659,5.0,5,,,,,,,,
,,,,,24672,13.0,13,,,,,,,,
,,,,,24675,3.0,3,,,,,,,,
,,,,,24686,11.0,11,,,,,,,,
,,,,,24691,5.0,5,,,,,,,,
,,,,,24699,8.0,8,,,,,,,,
,,,,,24704,5.0,5,,,,,,,,
,,,,,24707,3.0,3,,,,,,,,
,,,,,24716,9.0,9,,,,,,,,
,,,,,24721,5.0,5,,,,,,,,
,,,,,24725,4.0,4,,,,,,,,
,,,,,24731,6.0,6,,,,,,,,
,,,,,24738,7.0,7,,,,,,,,
,,,,,24743,5.0,5,,,,,,,,
,,,,,24746,3.0,3,,,,,,,,
,,,,,24755,9.0,9,,,,,,,,
,,,,,24760,5.0,5,,,,,,,,
,,,,,24763,3.0,3,,,,,,,,
,,,,,24773,10.0,10,,,,,,,,
,,,,,24777,4.0,4,,,,,,,,
,,,,,24780,3.0,3,,,,,,,,
,,,,,24796,16.0,16,,,,,,,,
,,,,,24810,14.0,14,,,,,,,,
,,,,,24814,4.0,4,,,,,,,,
,,,,,24818,4.0,4,,,,,,,,
,,,,,24826,8.0,8,,,,,,,,
,,,,,24832,6.0,6,,,,,,,,
,,,,,24844,12.0,12,,,,,,,,
,,,,,24851,7.0,7,,,,,,,,
,,,,,24854,3.0,3,,,,,,,,
,,,,,24857,3.0,3,,,,,,,,
,,,,,24868,11.0,11,,,,,,,,
,,,,,24871,3.0,3,,,,,,,,
,,,,,24874,3.0,3,,,,,,,,
,,,,,24877,3.0,3,,,,,,,,
,,,,,24884,7.0,7,,,,,,,,
,,,,,24889,5.0,5,,,,,,,,
,,,,,24894,5.0,5,,,,,,,,
,,,,,24900,6.0,6,,,,,,,,
,,,,,24904,4.0,4,,,,,,,,
,,,,,24910,6.0,6,,,,,,,,
,,,,,24913,3.0,3,,,,,,,,
,,,,,24924,11.0,11,,,,,,,,
,,,,,24929,5.0,5,,,,,,,,
,,,,,24934,5.0,5,,,,,,,,
,,,,,24938,4.0,4,,,,,,,,
,,,,,24949,11.0,11,,,,,,,,
,,,,,24956,7.0,7,,,,,,,,
,,,,,24964,8.0,8,,,,,,,,
,,,,,24969,5.0,5,,,,,,,,
,,,,,24973,4.0,4,,,,,,,,
,,,,,24976,3.0,3,,,,,,,,
,,,,,24979,3.0,3,,,,,,,,
,,,,,24989,10.0,10,,,,,,,,
,,,,,24994,5.0,5,,,,,,,,
4.8,1.6613247,8.0,3.0,4.8,25000,,,-0.06979713588953018,0.6979713439941406,1.5991296768188477,4.285605430603027,4.25022029876709,0.0003,0.0003,0.1
,,,,,25003,9.0,9,,,,,,,,
,,,,,25007,4.0,4,,,,,,,,
,,,,,25010,3.0,3,,,,,,,,
,,,,,25013,3.0,3,,,,,,,,
,,,,,25016,3.0,3,,,,,,,,
,,,,,25023,7.0,7,,,,,,,,
,,,,,25030,7.0,7,,,,,,,,
,,,,,25033,3.0,3,,,,,,,,
,,,,,25036,3.0,3,,,,,,,,
,,,,,25041,5.0,5,,,,,,,,
,,,,,25046,5.0,5,,,,,,,,
,,,,,25049,3.0,3,,,,,,,,
,,,,,25052,3.0,3,,,,,,,,
,,,,,25060,8.0,8,,,,,,,,
,,,,,25067,7.0,7,,,,,,,,
,,,,,25070,3.0,3,,,,,,,,
,,,,,25091,21.0,21,,,,,,,,
,,,,,25094,3.0,3,,,,,,,,
,,,,,25098,4.0,4,,,,,,,,
,,,,,25102,4.0,4,,,,,,,,
,,,,,25106,4.0,4,,,,,,,,
,,,,,25111,5.0,5,,,,,,,,
,,,,,25123,12.0,12,,,,,,,,
,,,,,25126,3.0,3,,,,,,,,
,,,,,25130,4.0,4,,,,,,,,
,,,,,25134,4.0,4,,,,,,,,
,,,,,25141,7.0,7,,,,,,,,
,,,,,25145,4.0,4,,,,,,,,
,,,,,25149,4.0,4,,,,,,,,
,,,,,25158,9.0,9,,,,,,,,
,,,,,25169,11.0,11,,,,,,,,
,,,,,25172,3.0,3,,,,,,,,
,,,,,25182,10.0,10,,,,,,,,
,,,,,25185,3.0,3,,,,,,,,
,,,,,25196,11.0,11,,,,,,,,
,,,,,25200,4.0,4,,,,,,,,
,,,,,25203,3.0,3,,,,,,,,
,,,,,25208,5.0,5,,,,,,,,
,,,,,25211,3.0,3,,,,,,,,
,,,,,25215,4.0,4,,,,,,,,
,,,,,25219,4.0,4,,,,,,,,
,,,,,25222,3.0,3,,,,,,,,
,,,,,25230,8.0,8,,,,,,,,
,,,,,25233,3.0,3,,,,,,,,
,,,,,25238,5.0,5,,,,,,,,
,,,,,25245,7.0,7,,,,,,,,
,,,,,25249,4.0,4,,,,,,,,
,,,,,25263,14.0,14,,,,,,,,
,,,,,25268,5.0,5,,,,,,,,
,,,,,25277,9.0,9,,,,,,,,
,,,,,25280,3.0,3,,,,,,,,
,,,,,25286,6.0,6,,,,,,,,
,,,,,25295,9.0,9,,,,,,,,
,,,,,25299,4.0,4,,,,,,,,
,,,,,25307,8.0,8,,,,,,,,
,,,,,25318,11.0,11,,,,,,,,
,,,,,25327,9.0,9,,,,,,,,
,,,,,25334,7.0,7,,,,,,,,
,,,,,25342,8.0,8,,,,,,,,
,,,,,25352,10.0,10,,,,,,,,
,,,,,25359,7.0,7,,,,,,,,
,,,,,25363,4.0,4,,,,,,,,
,,,,,25368,5.0,5,,,,,,,,
,,,,,25385,17.0,17,,,,,,,,
,,,,,25392,7.0,7,,,,,,,,
,,,,,25397,5.0,5,,,,,,,,
,,,,,25400,3.0,3,,,,,,,,
,,,,,25404,4.0,4,,,,,,,,
,,,,,25410,6.0,6,,,,,,,,
,,,,,25421,11.0,11,,,,,,,,
,,,,,25426,5.0,5,,,,,,,,
,,,,,25429,3.0,3,,,,,,,,
,,,,,25433,4.0,4,,,,,,,,
,,,,,25437,4.0,4,,,,,,,,
,,,,,25442,5.0,5,,,,,,,,
,,,,,25453,11.0,11,,,,,,,,
,,,,,25456,3.0,3,,,,,,,,
,,,,,25462,6.0,6,,,,,,,,
,,,,,25467,5.0,5,,,,,,,,
,,,,,25471,4.0,4,,,,,,,,
,,,,,25474,3.0,3,,,,,,,,
,,,,,25484,10.0,10,,,,,,,,
,,,,,25489,5.0,5,,,,,,,,
,,,,,25496,7.0,7,,,,,,,,
,,,,,25501,5.0,5,,,,,,,,
,,,,,25504,3.0,3,,,,,,,,
,,,,,25508,4.0,4,,,,,,,,
,,,,,25512,4.0,4,,,,,,,,
,,,,,25517,5.0,5,,,,,,,,
,,,,,25520,3.0,3,,,,,,,,
,,,,,25530,10.0,10,,,,,,,,
,,,,,25536,6.0,6,,,,,,,,
,,,,,25539,3.0,3,,,,,,,,
,,,,,25546,7.0,7,,,,,,,,
,,,,,25551,5.0,5,,,,,,,,
,,,,,25562,11.0,11,,,,,,,,
,,,,,25567,5.0,5,,,,,,,,
,,,,,25571,4.0,4,,,,,,,,
,,,,,25579,8.0,8,,,,,,,,
,,,,,25589,10.0,10,,,,,,,,
,,,,,25595,6.0,6,,,,,,,,
,,,,,25608,13.0,13,,,,,,,,
,,,,,25614,6.0,6,,,,,,,,
,,,,,25620,6.0,6,,,,,,,,
,,,,,25624,4.0,4,,,,,,,,
,,,,,25627,3.0,3,,,,,,,,
,,,,,25638,11.0,11,,,,,,,,
,,,,,25644,6.0,6,,,,,,,,
,,,,,25647,3.0,3,,,,,,,,
,,,,,25650,3.0,3,,,,,,,,
,,,,,25657,7.0,7,,,,,,,,
,,,,,25661,4.0,4,,,,,,,,
,,,,,25665,4.0,4,,,,,,,,
,,,,,25669,4.0,4,,,,,,,,
,,,,,25675,6.0,6,,,,,,,,
,,,,,25682,7.0,7,,,,,,,,
,,,,,25688,6.0,6,,,,,,,,
,,,,,25693,5.0,5,,,,,,,,
,,,,,25700,7.0,7,,,,,,,,
,,,,,25704,4.0,4,,,,,,,,
,,,,,25707,3.0,3,,,,,,,,
,,,,,25713,6.0,6,,,,,,,,
,,,,,25722,9.0,9,,,,,,,,
,,,,,25727,5.0,5,,,,,,,,
,,,,,25743,16.0,16,,,,,,,,
,,,,,25748,5.0,5,,,,,,,,
,,,,,25752,4.0,4,,,,,,,,
,,,,,25757,5.0,5,,,,,,,,
,,,,,25765,8.0,8,,,,,,,,
,,,,,25769,4.0,4,,,,,,,,
,,,,,25774,5.0,5,,,,,,,,
,,,,,25786,12.0,12,,,,,,,,
,,,,,25789,3.0,3,,,,,,,,
,,,,,25792,3.0,3,,,,,,,,
,,,,,25795,3.0,3,,,,,,,,
,,,,,25798,3.0,3,,,,,,,,
,,,,,25803,5.0,5,,,,,,,,
,,,,,25810,7.0,7,,,,,,,,
,,,,,25818,8.0,8,,,,,,,,
,,,,,25821,3.0,3,,,,,,,,
,,,,,25827,6.0,6,,,,,,,,
,,,,,25830,3.0,3,,,,,,,,
,,,,,25833,3.0,3,,,,,,,,
,,,,,25836,3.0,3,,,,,,,,
,,,,,25841,5.0,5,,,,,,,,
,,,,,25850,9.0,9,,,,,,,,
,,,,,25859,9.0,9,,,,,,,,
,,,,,25864,5.0,5,,,,,,,,
,,,,,25875,11.0,11,,,,,,,,
,,,,,25879,4.0,4,,,,,,,,
,,,,,25885,6.0,6,,,,,,,,
,,,,,25889,4.0,4,,,,,,,,
,,,,,25898,9.0,9,,,,,,,,
,,,,,25904,6.0,6,,,,,,,,
,,,,,25907,3.0,3,,,,,,,,
,,,,,25910,3.0,3,,,,,,,,
,,,,,25913,3.0,3,,,,,,,,
,,,,,25919,6.0,6,,,,,,,,
,,,,,25923,4.0,4,,,,,,,,
,,,,,25931,8.0,8,,,,,,,,
,,,,,25938,7.0,7,,,,,,,,
,,,,,25942,4.0,4,,,,,,,,
,,,,,25946,4.0,4,,,,,,,,
,,,,,25959,13.0,13,,,,,,,,
,,,,,25964,5.0,5,,,,,,,,
,,,,,25974,10.0,10,,,,,,,,
,,,,,25977,3.0,3,,,,,,,,
,,,,,25981,4.0,4,,,,,,,,
,,,,,25987,6.0,6,,,,,,,,
,,,,,25993,6.0,6,,,,,,,,
,,,,,26000,7.0,7,,,,,,,,
,,,,,26000,,,-0.07031585276126862,0.7031584978103638,1.9724946022033691,4.980266571044922,4.993127822875977,0.0003,0.0003,0.1
,,,,,26005,5.0,5,,,,,,,,
,,,,,26008,3.0,3,,,,,,,,
,,,,,26015,7.0,7,,,,,,,,
,,,,,26023,8.0,8,,,,,,,,
,,,,,26028,5.0,5,,,,,,,,
,,,,,26033,5.0,5,,,,,,,,
,,,,,26043,10.0,10,,,,,,,,
,,,,,26047,4.0,4,,,,,,,,
,,,,,26052,5.0,5,,,,,,,,
,,,,,26059,7.0,7,,,,,,,,
,,,,,26062,3.0,3,,,,,,,,
,,,,,26066,4.0,4,,,,,,,,
,,,,,26070,4.0,4,,,,,,,,
,,,,,26083,13.0,13,,,,,,,,
,,,,,26087,4.0,4,,,,,,,,
,,,,,26092,5.0,5,,,,,,,,
,,,,,26098,6.0,6,,,,,,,,
,,,,,26105,7.0,7,,,,,,,,
,,,,,26109,4.0,4,,,,,,,,
,,,,,26114,5.0,5,,,,,,,,
,,,,,26117,3.0,3,,,,,,,,
,,,,,26122,5.0,5,,,,,,,,
,,,,,26125,3.0,3,,,,,,,,
,,,,,26128,3.0,3,,,,,,,,
,,,,,26131,3.0,3,,,,,,,,
,,,,,26140,9.0,9,,,,,,,,
,,,,,26154,14.0,14,,,,,,,,
,,,,,26158,4.0,4,,,,,,,,
,,,,,26165,7.0,7,,,,,,,,
,,,,,26177,12.0,12,,,,,,,,
,,,,,26183,6.0,6,,,,,,,,
,,,,,26186,3.0,3,,,,,,,,
,,,,,26193,7.0,7,,,,,,,,
,,,,,26198,5.0,5,,,,,,,,
,,,,,26205,7.0,7,,,,,,,,
,,,,,26208,3.0,3,,,,,,,,
,,,,,26221,13.0,13,,,,,,,,
,,,,,26227,6.0,6,,,,,,,,
,,,,,26231,4.0,4,,,,,,,,
,,,,,26234,3.0,3,,,,,,,,
,,,,,26238,4.0,4,,,,,,,,
,,,,,26241,3.0,3,,,,,,,,
,,,,,26248,7.0,7,,,,,,,,
,,,,,26253,5.0,5,,,,,,,,
,,,,,26259,6.0,6,,,,,,,,
,,,,,26266,7.0,7,,,,,,,,
,,,,,26277,11.0,11,,,,,,,,
,,,,,26281,4.0,4,,,,,,,,
,,,,,26284,3.0,3,,,,,,,,
,,,,,26294,10.0,10,,,,,,,,
,,,,,26297,3.0,3,,,,,,,,
,,,,,26312,15.0,15,,,,,,,,
,,,,,26322,10.0,10,,,,,,,,
,,,,,26330,8.0,8,,,,,,,,
,,,,,26338,8.0,8,,,,,,,,
,,,,,26344,6.0,6,,,,,,,,
,,,,,26347,3.0,3,,,,,,,,
,,,,,26350,3.0,3,,,,,,,,
,,,,,26353,3.0,3,,,,,,,,
,,,,,26362,9.0,9,,,,,,,,
,,,,,26367,5.0,5,,,,,,,,
,,,,,26370,3.0,3,,,,,,,,
,,,,,26379,9.0,9,,,,,,,,
,,,,,26382,3.0,3,,,,,,,,
,,,,,26388,6.0,6,,,,,,,,
,,,,,26405,17.0,17,,,,,,,,
,,,,,26408,3.0,3,,,,,,,,
,,,,,26414,6.0,6,,,,,,,,
,,,,,26419,5.0,5,,,,,,,,
,,,,,26425,6.0,6,,,,,,,,
,,,,,26429,4.0,4,,,,,,,,
,,,,,26443,14.0,14,,,,,,,,
,,,,,26454,11.0,11,,,,,,,,
,,,,,26461,7.0,7,,,,,,,,
,,,,,26465,4.0,4,,,,,,,,
,,,,,26472,7.0,7,,,,,,,,
,,,,,26475,3.0,3,,,,,,,,
,,,,,26480,5.0,5,,,,,,,,
,,,,,26484,4.0,4,,,,,,,,
,,,,,26487,3.0,3,,,,,,,,
,,,,,26490,3.0,3,,,,,,,,
,,,,,26505,15.0,15,,,,,,,,
,,,,,26508,3.0,3,,,,,,,,
,,,,,26516,8.0,8,,,,,,,,
,,,,,26520,4.0,4,,,,,,,,
,,,,,26530,10.0,10,,,,,,,,
,,,,,26538,8.0,8,,,,,,,,
,,,,,26542,4.0,4,,,,,,,,
,,,,,26545,3.0,3,,,,,,,,
,,,,,26551,6.0,6,,,,,,,,
,,,,,26555,4.0,4,,,,,,,,
,,,,,26559,4.0,4,,,,,,,,
,,,,,26562,3.0,3,,,,,,,,
,,,,,26565,3.0,3,,,,,,,,
,,,,,26568,3.0,3,,,,,,,,
,,,,,26572,4.0,4,,,,,,,,
,,,,,26575,3.0,3,,,,,,,,
,,,,,26586,11.0,11,,,,,,,,
,,,,,26589,3.0,3,,,,,,,,
,,,,,26594,5.0,5,,,,,,,,
,,,,,26598,4.0,4,,,,,,,,
,,,,,26604,6.0,6,,,,,,,,
,,,,,26608,4.0,4,,,,,,,,
,,,,,26613,5.0,5,,,,,,,,
,,,,,26618,5.0,5,,,,,,,,
,,,,,26621,3.0,3,,,,,,,,
,,,,,26624,3.0,3,,,,,,,,
,,,,,26635,11.0,11,,,,,,,,
,,,,,26643,8.0,8,,,,,,,,
,,,,,26658,15.0,15,,,,,,,,
,,,,,26662,4.0,4,,,,,,,,
,,,,,26666,4.0,4,,,,,,,,
,,,,,26673,7.0,7,,,,,,,,
,,,,,26687,14.0,14,,,,,,,,
,,,,,26692,5.0,5,,,,,,,,
,,,,,26695,3.0,3,,,,,,,,
,,,,,26703,8.0,8,,,,,,,,
,,,,,26706,3.0,3,,,,,,,,
,,,,,26712,6.0,6,,,,,,,,
,,,,,26715,3.0,3,,,,,,,,
,,,,,26720,5.0,5,,,,,,,,
,,,,,26724,4.0,4,,,,,,,,
,,,,,26731,7.0,7,,,,,,,,
,,,,,26737,6.0,6,,,,,,,,
,,,,,26746,9.0,9,,,,,,,,
,,,,,26750,4.0,4,,,,,,,,
,,,,,26753,3.0,3,,,,,,,,
,,,,,26759,6.0,6,,,,,,,,
,,,,,26763,4.0,4,,,,,,,,
,,,,,26767,4.0,4,,,,,,,,
,,,,,26770,3.0,3,,,,,,,,
,,,,,26775,5.0,5,,,,,,,,
,,,,,26779,4.0,4,,,,,,,,
,,,,,26786,7.0,7,,,,,,,,
,,,,,26790,4.0,4,,,,,,,,
,,,,,26794,4.0,4,,,,,,,,
,,,,,26803,9.0,9,,,,,,,,
,,,,,26808,5.0,5,,,,,,,,
,,,,,26812,4.0,4,,,,,,,,
,,,,,26816,4.0,4,,,,,,,,
,,,,,26819,3.0,3,,,,,,,,
,,,,,26822,3.0,3,,,,,,,,
,,,,,26828,6.0,6,,,,,,,,
,,,,,26838,10.0,10,,,,,,,,
,,,,,26844,6.0,6,,,,,,,,
,,,,,26847,3.0,3,,,,,,,,
,,,,,26853,6.0,6,,,,,,,,
,,,,,26857,4.0,4,,,,,,,,
,,,,,26868,11.0,11,,,,,,,,
,,,,,26871,3.0,3,,,,,,,,
,,,,,26880,9.0,9,,,,,,,,
,,,,,26883,3.0,3,,,,,,,,
,,,,,26888,5.0,5,,,,,,,,
,,,,,26892,4.0,4,,,,,,,,
,,,,,26895,3.0,3,,,,,,,,
,,,,,26901,6.0,6,,,,,,,,
,,,,,26906,5.0,5,,,,,,,,
,,,,,26914,8.0,8,,,,,,,,
,,,,,26918,4.0,4,,,,,,,,
,,,,,26924,6.0,6,,,,,,,,
,,,,,26927,3.0,3,,,,,,,,
,,,,,26932,5.0,5,,,,,,,,
,,,,,26935,3.0,3,,,,,,,,
,,,,,26938,3.0,3,,,,,,,,
,,,,,26942,4.0,4,,,,,,,,
,,,,,26945,3.0,3,,,,,,,,
,,,,,26960,15.0,15,,,,,,,,
,,,,,26964,4.0,4,,,,,,,,
,,,,,26967,3.0,3,,,,,,,,
,,,,,26978,11.0,11,,,,,,,,
,,,,,26982,4.0,4,,,,,,,,
,,,,,26986,4.0,4,,,,,,,,
,,,,,26991,5.0,5,,,,,,,,
,,,,,27000,,,-0.06822025775909424,0.6822025775909424,1.8289227485656738,4.482254981994629,4.627686023712158,0.0003,0.0003,0.1
,,,,,27008,17.0,17,,,,,,,,
,,,,,27011,3.0,3,,,,,,,,
,,,,,27019,8.0,8,,,,,,,,
,,,,,27022,3.0,3,,,,,,,,
,,,,,27025,3.0,3,,,,,,,,
,,,,,27029,4.0,4,,,,,,,,
,,,,,27033,4.0,4,,,,,,,,
,,,,,27038,5.0,5,,,,,,,,
,,,,,27054,16.0,16,,,,,,,,
,,,,,27058,4.0,4,,,,,,,,
,,,,,27066,8.0,8,,,,,,,,
,,,,,27072,6.0,6,,,,,,,,
,,,,,27091,19.0,19,,,,,,,,
,,,,,27098,7.0,7,,,,,,,,
,,,,,27102,4.0,4,,,,,,,,
,,,,,27112,10.0,10,,,,,,,,
,,,,,27117,5.0,5,,,,,,,,
,,,,,27120,3.0,3,,,,,,,,
,,,,,27123,3.0,3,,,,,,,,
,,,,,27127,4.0,4,,,,,,,,
,,,,,27131,4.0,4,,,,,,,,
,,,,,27139,8.0,8,,,,,,,,
,,,,,27149,10.0,10,,,,,,,,
,,,,,27156,7.0,7,,,,,,,,
,,,,,27159,3.0,3,,,,,,,,
,,,,,27163,4.0,4,,,,,,,,
,,,,,27166,3.0,3,,,,,,,,
,,,,,27177,11.0,11,,,,,,,,
,,,,,27180,3.0,3,,,,,,,,
,,,,,27185,5.0,5,,,,,,,,
,,,,,27190,5.0,5,,,,,,,,
,,,,,27197,7.0,7,,,,,,,,
,,,,,27213,16.0,16,,,,,,,,
,,,,,27220,7.0,7,,,,,,,,
,,,,,27231,11.0,11,,,,,,,,
,,,,,27234,3.0,3,,,,,,,,
,,,,,27246,12.0,12,,,,,,,,
,,,,,27251,5.0,5,,,,,,,,
,,,,,27257,6.0,6,,,,,,,,
,,,,,27260,3.0,3,,,,,,,,
,,,,,27263,3.0,3,,,,,,,,
,,,,,27275,12.0,12,,,,,,,,
,,,,,27279,4.0,4,,,,,,,,
,,,,,27284,5.0,5,,,,,,,,
,,,,,27297,13.0,13,,,,,,,,
,,,,,27302,5.0,5,,,,,,,,
,,,,,27306,4.0,4,,,,,,,,
,,,,,27310,4.0,4,,,,,,,,
,,,,,27313,3.0,3,,,,,,,,
,,,,,27317,4.0,4,,,,,,,,
,,,,,27323,6.0,6,,,,,,,,
,,,,,27328,5.0,5,,,,,,,,
,,,,,27332,4.0,4,,,,,,,,
,,,,,27339,7.0,7,,,,,,,,
,,,,,27349,10.0,10,,,,,,,,
,,,,,27353,4.0,4,,,,,,,,
,,,,,27358,5.0,5,,,,,,,,
,,,,,27361,3.0,3,,,,,,,,
,,,,,27366,5.0,5,,,,,,,,
,,,,,27378,12.0,12,,,,,,,,
,,,,,27387,9.0,9,,,,,,,,
,,,,,27396,9.0,9,,,,,,,,
,,,,,27399,3.0,3,,,,,,,,
,,,,,27403,4.0,4,,,,,,,,
,,,,,27413,10.0,10,,,,,,,,
,,,,,27417,4.0,4,,,,,,,,
,,,,,27422,5.0,5,,,,,,,,
,,,,,27431,9.0,9,,,,,,,,
,,,,,27444,13.0,13,,,,,,,,
,,,,,27450,6.0,6,,,,,,,,
,,,,,27454,4.0,4,,,,,,,,
,,,,,27460,6.0,6,,,,,,,,
,,,,,27466,6.0,6,,,,,,,,
,,,,,27474,8.0,8,,,,,,,,
,,,,,27477,3.0,3,,,,,,,,
,,,,,27481,4.0,4,,,,,,,,
,,,,,27488,7.0,7,,,,,,,,
,,,,,27493,5.0,5,,,,,,,,
,,,,,27500,7.0,7,,,,,,,,
,,,,,27503,3.0,3,,,,,,,,
,,,,,27508,5.0,5,,,,,,,,
,,,,,27517,9.0,9,,,,,,,,
,,,,,27522,5.0,5,,,,,,,,
,,,,,27526,4.0,4,,,,,,,,
,,,,,27533,7.0,7,,,,,,,,
,,,,,27536,3.0,3,,,,,,,,
,,,,,27550,14.0,14,,,,,,,,
,,,,,27553,3.0,3,,,,,,,,
,,,,,27563,10.0,10,,,,,,,,
,,,,,27568,5.0,5,,,,,,,,
,,,,,27574,6.0,6,,,,,,,,
,,,,,27581,7.0,7,,,,,,,,
,,,,,27588,7.0,7,,,,,,,,
,,,,,27593,5.0,5,,,,,,,,
,,,,,27598,5.0,5,,,,,,,,
,,,,,27606,8.0,8,,,,,,,,
,,,,,27610,4.0,4,,,,,,,,
,,,,,27613,3.0,3,,,,,,,,
,,,,,27616,3.0,3,,,,,,,,
,,,,,27622,6.0,6,,,,,,,,
,,,,,27631,9.0,9,,,,,,,,
,,,,,27640,9.0,9,,,,,,,,
,,,,,27644,4.0,4,,,,,,,,
,,,,,27650,6.0,6,,,,,,,,
,,,,,27659,9.0,9,,,,,,,,
,,,,,27662,3.0,3,,,,,,,,
,,,,,27666,4.0,4,,,,,,,,
,,,,,27673,7.0,7,,,,,,,,
,,,,,27683,10.0,10,,,,,,,,
,,,,,27690,7.0,7,,,,,,,,
,,,,,27703,13.0,13,,,,,,,,
,,,,,27712,9.0,9,,,,,,,,
,,,,,27720,8.0,8,,,,,,,,
,,,,,27725,5.0,5,,,,,,,,
,,,,,27729,4.0,4,,,,,,,,
,,,,,27733,4.0,4,,,,,,,,
,,,,,27741,8.0,8,,,,,,,,
,,,,,27744,3.0,3,,,,,,,,
,,,,,27751,7.0,7,,,,,,,,
,,,,,27758,7.0,7,,,,,,,,
,,,,,27761,3.0,3,,,,,,,,
,,,,,27765,4.0,4,,,,,,,,
,,,,,27768,3.0,3,,,,,,,,
,,,,,27777,9.0,9,,,,,,,,
,,,,,27780,3.0,3,,,,,,,,
,,,,,27785,5.0,5,,,,,,,,
,,,,,27794,9.0,9,,,,,,,,
,,,,,27799,5.0,5,,,,,,,,
,,,,,27804,5.0,5,,,,,,,,
,,,,,27814,10.0,10,,,,,,,,
,,,,,27818,4.0,4,,,,,,,,
,,,,,27821,3.0,3,,,,,,,,
,,,,,27824,3.0,3,,,,,,,,
,,,,,27829,5.0,5,,,,,,,,
,,,,,27834,5.0,5,,,,,,,,
,,,,,27843,9.0,9,,,,,,,,
,,,,,27847,4.0,4,,,,,,,,
,,,,,27853,6.0,6,,,,,,,,
,,,,,27858,5.0,5,,,,,,,,
,,,,,27861,3.0,3,,,,,,,,
,,,,,27869,8.0,8,,,,,,,,
,,,,,27876,7.0,7,,,,,,,,
,,,,,27883,7.0,7,,,,,,,,
,,,,,27888,5.0,5,,,,,,,,
,,,,,27897,9.0,9,,,,,,,,
,,,,,27910,13.0,13,,,,,,,,
,,,,,27919,9.0,9,,,,,,,,
,,,,,27924,5.0,5,,,,,,,,
,,,,,27933,9.0,9,,,,,,,,
,,,,,27946,13.0,13,,,,,,,,
,,,,,27949,3.0,3,,,,,,,,
,,,,,27952,3.0,3,,,,,,,,
,,,,,27956,4.0,4,,,,,,,,
,,,,,27962,6.0,6,,,,,,,,
,,,,,27967,5.0,5,,,,,,,,
,,,,,27972,5.0,5,,,,,,,,
,,,,,27981,9.0,9,,,,,,,,
,,,,,27984,3.0,3,,,,,,,,
,,,,,27987,3.0,3,,,,,,,,
,,,,,28000,,,-0.06807943433523178,0.680794358253479,1.9132412672042847,4.557635307312012,4.533463954925537,0.0003,0.0003,0.1
,,,,,28003,16.0,16,,,,,,,,
,,,,,28006,3.0,3,,,,,,,,
,,,,,28010,4.0,4,,,,,,,,
,,,,,28014,4.0,4,,,,,,,,
,,,,,28017,3.0,3,,,,,,,,
,,,,,28028,11.0,11,,,,,,,,
,,,,,28042,14.0,14,,,,,,,,
,,,,,28051,9.0,9,,,,,,,,
,,,,,28059,8.0,8,,,,,,,,
,,,,,28071,12.0,12,,,,,,,,
,,,,,28075,4.0,4,,,,,,,,
,,,,,28078,3.0,3,,,,,,,,
,,,,,28084,6.0,6,,,,,,,,
,,,,,28090,6.0,6,,,,,,,,
,,,,,28093,3.0,3,,,,,,,,
,,,,,28098,5.0,5,,,,,,,,
,,,,,28108,10.0,10,,,,,,,,
,,,,,28117,9.0,9,,,,,,,,
,,,,,28121,4.0,4,,,,,,,,
,,,,,28127,6.0,6,,,,,,,,
,,,,,28134,7.0,7,,,,,,,,
,,,,,28137,3.0,3,,,,,,,,
,,,,,28140,3.0,3,,,,,,,,
,,,,,28144,4.0,4,,,,,,,,
,,,,,28151,7.0,7,,,,,,,,
,,,,,28161,10.0,10,,,,,,,,
,,,,,28169,8.0,8,,,,,,,,
,,,,,28175,6.0,6,,,,,,,,
,,,,,28178,3.0,3,,,,,,,,
,,,,,28185,7.0,7,,,,,,,,
,,,,,28188,3.0,3,,,,,,,,
,,,,,28191,3.0,3,,,,,,,,
,,,,,28195,4.0,4,,,,,,,,
,,,,,28202,7.0,7,,,,,,,,
,,,,,28206,4.0,4,,,,,,,,
,,,,,28211,5.0,5,,,,,,,,
,,,,,28214,3.0,3,,,,,,,,
,,,,,28218,4.0,4,,,,,,,,
,,,,,28222,4.0,4,,,,,,,,
,,,,,28227,5.0,5,,,,,,,,
,,,,,28232,5.0,5,,,,,,,,
,,,,,28242,10.0,10,,,,,,,,
,,,,,28251,9.0,9,,,,,,,,
,,,,,28255,4.0,4,,,,,,,,
,,,,,28259,4.0,4,,,,,,,,
,,,,,28264,5.0,5,,,,,,,,
,,,,,28271,7.0,7,,,,,,,,
,,,,,28281,10.0,10,,,,,,,,
,,,,,28287,6.0,6,,,,,,,,
,,,,,28294,7.0,7,,,,,,,,
,,,,,28298,4.0,4,,,,,,,,
,,,,,28307,9.0,9,,,,,,,,
,,,,,28325,18.0,18,,,,,,,,
,,,,,28340,15.0,15,,,,,,,,
,,,,,28351,11.0,11,,,,,,,,
,,,,,28354,3.0,3,,,,,,,,
,,,,,28357,3.0,3,,,,,,,,
,,,,,28362,5.0,5,,,,,,,,
,,,,,28368,6.0,6,,,,,,,,
,,,,,28372,4.0,4,,,,,,,,
,,,,,28376,4.0,4,,,,,,,,
,,,,,28380,4.0,4,,,,,,,,
,,,,,28384,4.0,4,,,,,,,,
,,,,,28393,9.0,9,,,,,,,,
,,,,,28396,3.0,3,,,,,,,,
,,,,,28399,3.0,3,,,,,,,,
,,,,,28405,6.0,6,,,,,,,,
,,,,,28408,3.0,3,,,,,,,,
,,,,,28420,12.0,12,,,,,,,,
,,,,,28429,9.0,9,,,,,,,,
,,,,,28433,4.0,4,,,,,,,,
,,,,,28439,6.0,6,,,,,,,,
,,,,,28454,15.0,15,,,,,,,,
,,,,,28457,3.0,3,,,,,,,,
,,,,,28461,4.0,4,,,,,,,,
,,,,,28478,17.0,17,,,,,,,,
,,,,,28482,4.0,4,,,,,,,,
,,,,,28485,3.0,3,,,,,,,,
,,,,,28488,3.0,3,,,,,,,,
,,,,,28500,12.0,12,,,,,,,,
,,,,,28506,6.0,6,,,,,,,,
,,,,,28510,4.0,4,,,,,,,,
,,,,,28517,7.0,7,,,,,,,,
,,,,,28521,4.0,4,,,,,,,,
,,,,,28527,6.0,6,,,,,,,,
,,,,,28531,4.0,4,,,,,,,,
,,,,,28539,8.0,8,,,,,,,,
,,,,,28543,4.0,4,,,,,,,,
,,,,,28550,7.0,7,,,,,,,,
,,,,,28553,3.0,3,,,,,,,,
,,,,,28557,4.0,4,,,,,,,,
,,,,,28561,4.0,4,,,,,,,,
,,,,,28567,6.0,6,,,,,,,,
,,,,,28574,7.0,7,,,,,,,,
,,,,,28578,4.0,4,,,,,,,,
,,,,,28582,4.0,4,,,,,,,,
,,,,,28585,3.0,3,,,,,,,,
,,,,,28588,3.0,3,,,,,,,,
,,,,,28593,5.0,5,,,,,,,,
,,,,,28598,5.0,5,,,,,,,,
,,,,,28607,9.0,9,,,,,,,,
,,,,,28612,5.0,5,,,,,,,,
,,,,,28622,10.0,10,,,,,,,,
,,,,,28629,7.0,7,,,,,,,,
,,,,,28632,3.0,3,,,,,,,,
,,,,,28640,8.0,8,,,,,,,,
,,,,,28644,4.0,4,,,,,,,,
,,,,,28647,3.0,3,,,,,,,,
,,,,,28650,3.0,3,,,,,,,,
,,,,,28653,3.0,3,,,,,,,,
,,,,,28656,3.0,3,,,,,,,,
,,,,,28667,11.0,11,,,,,,,,
,,,,,28671,4.0,4,,,,,,,,
,,,,,28674,3.0,3,,,,,,,,
,,,,,28678,4.0,4,,,,,,,,
,,,,,28682,4.0,4,,,,,,,,
,,,,,28688,6.0,6,,,,,,,,
,,,,,28693,5.0,5,,,,,,,,
,,,,,28706,13.0,13,,,,,,,,
,,,,,28711,5.0,5,,,,,,,,
,,,,,28718,7.0,7,,,,,,,,
,,,,,28729,11.0,11,,,,,,,,
,,,,,28741,12.0,12,,,,,,,,
,,,,,28746,5.0,5,,,,,,,,
,,,,,28751,5.0,5,,,,,,,,
,,,,,28754,3.0,3,,,,,,,,
,,,,,28759,5.0,5,,,,,,,,
,,,,,28767,8.0,8,,,,,,,,
,,,,,28770,3.0,3,,,,,,,,
,,,,,28776,6.0,6,,,,,,,,
,,,,,28779,3.0,3,,,,,,,,
,,,,,28787,8.0,8,,,,,,,,
,,,,,28792,5.0,5,,,,,,,,
,,,,,28796,4.0,4,,,,,,,,
,,,,,28806,10.0,10,,,,,,,,
,,,,,28810,4.0,4,,,,,,,,
,,,,,28814,4.0,4,,,,,,,,
,,,,,28822,8.0,8,,,,,,,,
,,,,,28827,5.0,5,,,,,,,,
,,,,,28831,4.0,4,,,,,,,,
,,,,,28839,8.0,8,,,,,,,,
,,,,,28842,3.0,3,,,,,,,,
,,,,,28846,4.0,4,,,,,,,,
,,,,,28859,13.0,13,,,,,,,,
,,,,,28865,6.0,6,,,,,,,,
,,,,,28868,3.0,3,,,,,,,,
,,,,,28872,4.0,4,,,,,,,,
,,,,,28877,5.0,5,,,,,,,,
,,,,,28881,4.0,4,,,,,,,,
,,,,,28884,3.0,3,,,,,,,,
,,,,,28887,3.0,3,,,,,,,,
,,,,,28898,11.0,11,,,,,,,,
,,,,,28902,4.0,4,,,,,,,,
,,,,,28905,3.0,3,,,,,,,,
,,,,,28913,8.0,8,,,,,,,,
,,,,,28917,4.0,4,,,,,,,,
,,,,,28921,4.0,4,,,,,,,,
,,,,,28925,4.0,4,,,,,,,,
,,,,,28929,4.0,4,,,,,,,,
,,,,,28932,3.0,3,,,,,,,,
,,,,,28939,7.0,7,,,,,,,,
,,,,,28946,7.0,7,,,,,,,,
,,,,,28953,7.0,7,,,,,,,,
,,,,,28958,5.0,5,,,,,,,,
,,,,,28963,5.0,5,,,,,,,,
,,,,,28966,3.0,3,,,,,,,,
,,,,,28971,5.0,5,,,,,,,,
,,,,,28975,4.0,4,,,,,,,,
,,,,,28980,5.0,5,,,,,,,,
,,,,,28985,5.0,5,,,,,,,,
,,,,,28989,4.0,4,,,,,,,,
,,,,,28992,3.0,3,,,,,,,,
,,,,,28999,7.0,7,,,,,,,,
,,,,,29000,,,-0.06699810177087784,0.6699810028076172,1.748636245727539,4.289913654327393,4.281073570251465,0.0003,0.0003,0.1
,,,,,29002,3.0,3,,,,,,,,
,,,,,29006,4.0,4,,,,,,,,
,,,,,29010,4.0,4,,,,,,,,
,,,,,29013,3.0,3,,,,,,,,
,,,,,29016,3.0,3,,,,,,,,
,,,,,29021,5.0,5,,,,,,,,
,,,,,29024,3.0,3,,,,,,,,
,,,,,29029,5.0,5,,,,,,,,
,,,,,29044,15.0,15,,,,,,,,
,,,,,29049,5.0,5,,,,,,,,
,,,,,29064,15.0,15,,,,,,,,
,,,,,29075,11.0,11,,,,,,,,
,,,,,29078,3.0,3,,,,,,,,
,,,,,29081,3.0,3,,,,,,,,
,,,,,29085,4.0,4,,,,,,,,
,,,,,29090,5.0,5,,,,,,,,
,,,,,29093,3.0,3,,,,,,,,
,,,,,29101,8.0,8,,,,,,,,
,,,,,29104,3.0,3,,,,,,,,
,,,,,29107,3.0,3,,,,,,,,
,,,,,29116,9.0,9,,,,,,,,
,,,,,29120,4.0,4,,,,,,,,
,,,,,29126,6.0,6,,,,,,,,
,,,,,29133,7.0,7,,,,,,,,
,,,,,29136,3.0,3,,,,,,,,
,,,,,29141,5.0,5,,,,,,,,
,,,,,29148,7.0,7,,,,,,,,
,,,,,29152,4.0,4,,,,,,,,
,,,,,29164,12.0,12,,,,,,,,
,,,,,29172,8.0,8,,,,,,,,
,,,,,29176,4.0,4,,,,,,,,
,,,,,29184,8.0,8,,,,,,,,
,,,,,29195,11.0,11,,,,,,,,
,,,,,29199,4.0,4,,,,,,,,
,,,,,29208,9.0,9,,,,,,,,
,,,,,29212,4.0,4,,,,,,,,
,,,,,29215,3.0,3,,,,,,,,
,,,,,29219,4.0,4,,,,,,,,
,,,,,29224,5.0,5,,,,,,,,
,,,,,29238,14.0,14,,,,,,,,
,,,,,29243,5.0,5,,,,,,,,
,,,,,29256,13.0,13,,,,,,,,
,,,,,29259,3.0,3,,,,,,,,
,,,,,29262,3.0,3,,,,,,,,
,,,,,29273,11.0,11,,,,,,,,
,,,,,29276,3.0,3,,,,,,,,
,,,,,29279,3.0,3,,,,,,,,
,,,,,29282,3.0,3,,,,,,,,
,,,,,29285,3.0,3,,,,,,,,
,,,,,29295,10.0,10,,,,,,,,
,,,,,29299,4.0,4,,,,,,,,
,,,,,29306,7.0,7,,,,,,,,
,,,,,29311,5.0,5,,,,,,,,
,,,,,29315,4.0,4,,,,,,,,
,,,,,29320,5.0,5,,,,,,,,
,,,,,29328,8.0,8,,,,,,,,
,,,,,29337,9.0,9,,,,,,,,
,,,,,29344,7.0,7,,,,,,,,
,,,,,29349,5.0,5,,,,,,,,
,,,,,29353,4.0,4,,,,,,,,
,,,,,29356,3.0,3,,,,,,,,
,,,,,29360,4.0,4,,,,,,,,
,,,,,29378,18.0,18,,,,,,,,
,,,,,29382,4.0,4,,,,,,,,
,,,,,29393,11.0,11,,,,,,,,
,,,,,29399,6.0,6,,,,,,,,
,,,,,29405,6.0,6,,,,,,,,
,,,,,29408,3.0,3,,,,,,,,
,,,,,29416,8.0,8,,,,,,,,
,,,,,29423,7.0,7,,,,,,,,
,,,,,29428,5.0,5,,,,,,,,
,,,,,29434,6.0,6,,,,,,,,
,,,,,29441,7.0,7,,,,,,,,
,,,,,29444,3.0,3,,,,,,,,
,,,,,29453,9.0,9,,,,,,,,
,,,,,29469,16.0,16,,,,,,,,
,,,,,29475,6.0,6,,,,,,,,
,,,,,29479,4.0,4,,,,,,,,
,,,,,29482,3.0,3,,,,,,,,
,,,,,29486,4.0,4,,,,,,,,
,,,,,29492,6.0,6,,,,,,,,
,,,,,29497,5.0,5,,,,,,,,
,,,,,29508,11.0,11,,,,,,,,
,,,,,29512,4.0,4,,,,,,,,
,,,,,29520,8.0,8,,,,,,,,
,,,,,29526,6.0,6,,,,,,,,
,,,,,29534,8.0,8,,,,,,,,
,,,,,29542,8.0,8,,,,,,,,
,,,,,29546,4.0,4,,,,,,,,
,,,,,29550,4.0,4,,,,,,,,
,,,,,29554,4.0,4,,,,,,,,
,,,,,29560,6.0,6,,,,,,,,
,,,,,29573,13.0,13,,,,,,,,
,,,,,29577,4.0,4,,,,,,,,
,,,,,29580,3.0,3,,,,,,,,
,,,,,29584,4.0,4,,,,,,,,
,,,,,29589,5.0,5,,,,,,,,
,,,,,29595,6.0,6,,,,,,,,
,,,,,29598,3.0,3,,,,,,,,
,,,,,29605,7.0,7,,,,,,,,
,,,,,29615,10.0,10,,,,,,,,
,,,,,29621,6.0,6,,,,,,,,
,,,,,29632,11.0,11,,,,,,,,
,,,,,29644,12.0,12,,,,,,,,
,,,,,29647,3.0,3,,,,,,,,
,,,,,29652,5.0,5,,,,,,,,
,,,,,29659,7.0,7,,,,,,,,
,,,,,29663,4.0,4,,,,,,,,
,,,,,29667,4.0,4,,,,,,,,
,,,,,29672,5.0,5,,,,,,,,
,,,,,29675,3.0,3,,,,,,,,
,,,,,29686,11.0,11,,,,,,,,
,,,,,29691,5.0,5,,,,,,,,
,,,,,29695,4.0,4,,,,,,,,
,,,,,29699,4.0,4,,,,,,,,
,,,,,29702,3.0,3,,,,,,,,
,,,,,29705,3.0,3,,,,,,,,
,,,,,29717,12.0,12,,,,,,,,
,,,,,29723,6.0,6,,,,,,,,
,,,,,29726,3.0,3,,,,,,,,
,,,,,29730,4.0,4,,,,,,,,
,,,,,29738,8.0,8,,,,,,,,
,,,,,29749,11.0,11,,,,,,,,
,,,,,29753,4.0,4,,,,,,,,
,,,,,29759,6.0,6,,,,,,,,
,,,,,29768,9.0,9,,,,,,,,
,,,,,29777,9.0,9,,,,,,,,
,,,,,29781,4.0,4,,,,,,,,
,,,,,29788,7.0,7,,,,,,,,
,,,,,29797,9.0,9,,,,,,,,
,,,,,29805,8.0,8,,,,,,,,
,,,,,29815,10.0,10,,,,,,,,
,,,,,29819,4.0,4,,,,,,,,
,,,,,29827,8.0,8,,,,,,,,
,,,,,29833,6.0,6,,,,,,,,
,,,,,29839,6.0,6,,,,,,,,
,,,,,29843,4.0,4,,,,,,,,
,,,,,29846,3.0,3,,,,,,,,
,,,,,29853,7.0,7,,,,,,,,
,,,,,29861,8.0,8,,,,,,,,
,,,,,29865,4.0,4,,,,,,,,
,,,,,29868,3.0,3,,,,,,,,
,,,,,29871,3.0,3,,,,,,,,
,,,,,29878,7.0,7,,,,,,,,
,,,,,29881,3.0,3,,,,,,,,
,,,,,29901,20.0,20,,,,,,,,
,,,,,29904,3.0,3,,,,,,,,
,,,,,29911,7.0,7,,,,,,,,
,,,,,29918,7.0,7,,,,,,,,
,,,,,29921,3.0,3,,,,,,,,
,,,,,29928,7.0,7,,,,,,,,
,,,,,29932,4.0,4,,,,,,,,
,,,,,29936,4.0,4,,,,,,,,
,,,,,29947,11.0,11,,,,,,,,
,,,,,29954,7.0,7,,,,,,,,
,,,,,29959,5.0,5,,,,,,,,
,,,,,29962,3.0,3,,,,,,,,
,,,,,29970,8.0,8,,,,,,,,
,,,,,29973,3.0,3,,,,,,,,
,,,,,29977,4.0,4,,,,,,,,
,,,,,29980,3.0,3,,,,,,,,
,,,,,29986,6.0,6,,,,,,,,
,,,,,29992,6.0,6,,,,,,,,
,,,,,29995,3.0,3,,,,,,,,
6.1,3.419064,15.0,3.0,6.1,30000,,,-0.068662129342556,0.6866213083267212,2.1419646739959717,4.681186676025391,4.940377712249756,0.0003,0.0003,0.1
,,,,,30001,6.0,6,,,,,,,,
,,,,,30014,13.0,13,,,,,,,,
,,,,,30020,6.0,6,,,,,,,,
,,,,,30024,4.0,4,,,,,,,,
,,,,,30028,4.0,4,,,,,,,,
,,,,,30034,6.0,6,,,,,,,,
,,,,,30040,6.0,6,,,,,,,,
,,,,,30046,6.0,6,,,,,,,,
,,,,,30051,5.0,5,,,,,,,,
,,,,,30061,10.0,10,,,,,,,,
,,,,,30065,4.0,4,,,,,,,,
,,,,,30068,3.0,3,,,,,,,,
,,,,,30071,3.0,3,,,,,,,,
,,,,,30086,15.0,15,,,,,,,,
,,,,,30091,5.0,5,,,,,,,,
,,,,,30094,3.0,3,,,,,,,,
,,,,,30098,4.0,4,,,,,,,,
,,,,,30101,3.0,3,,,,,,,,
,,,,,30111,10.0,10,,,,,,,,
,,,,,30117,6.0,6,,,,,,,,
,,,,,30127,10.0,10,,,,,,,,
,,,,,30131,4.0,4,,,,,,,,
,,,,,30135,4.0,4,,,,,,,,
,,,,,30140,5.0,5,,,,,,,,
,,,,,30143,3.0,3,,,,,,,,
,,,,,30148,5.0,5,,,,,,,,
,,,,,30152,4.0,4,,,,,,,,
,,,,,30156,4.0,4,,,,,,,,
,,,,,30163,7.0,7,,,,,,,,
,,,,,30169,6.0,6,,,,,,,,
,,,,,30176,7.0,7,,,,,,,,
,,,,,30180,4.0,4,,,,,,,,
,,,,,30183,3.0,3,,,,,,,,
,,,,,30190,7.0,7,,,,,,,,
,,,,,30199,9.0,9,,,,,,,,
,,,,,30206,7.0,7,,,,,,,,
,,,,,30213,7.0,7,,,,,,,,
,,,,,30217,4.0,4,,,,,,,,
,,,,,30220,3.0,3,,,,,,,,
,,,,,30228,8.0,8,,,,,,,,
,,,,,30231,3.0,3,,,,,,,,
,,,,,30234,3.0,3,,,,,,,,
,,,,,30237,3.0,3,,,,,,,,
,,,,,30241,4.0,4,,,,,,,,
,,,,,30247,6.0,6,,,,,,,,
,,,,,30256,9.0,9,,,,,,,,
,,,,,30260,4.0,4,,,,,,,,
,,,,,30264,4.0,4,,,,,,,,
,,,,,30271,7.0,7,,,,,,,,
,,,,,30274,3.0,3,,,,,,,,
,,,,,30278,4.0,4,,,,,,,,
,,,,,30297,19.0,19,,,,,,,,
,,,,,30312,15.0,15,,,,,,,,
,,,,,30316,4.0,4,,,,,,,,
,,,,,30319,3.0,3,,,,,,,,
,,,,,30325,6.0,6,,,,,,,,
,,,,,30337,12.0,12,,,,,,,,
,,,,,30346,9.0,9,,,,,,,,
,,,,,30350,4.0,4,,,,,,,,
,,,,,30353,3.0,3,,,,,,,,
,,,,,30358,5.0,5,,,,,,,,
,,,,,30362,4.0,4,,,,,,,,
,,,,,30366,4.0,4,,,,,,,,
,,,,,30370,4.0,4,,,,,,,,
,,,,,30373,3.0,3,,,,,,,,
,,,,,30379,6.0,6,,,,,,,,
,,,,,30384,5.0,5,,,,,,,,
,,,,,30388,4.0,4,,,,,,,,
,,,,,30391,3.0,3,,,,,,,,
,,,,,30396,5.0,5,,,,,,,,
,,,,,30401,5.0,5,,,,,,,,
,,,,,30406,5.0,5,,,,,,,,
,,,,,30409,3.0,3,,,,,,,,
,,,,,30413,4.0,4,,,,,,,,
,,,,,30425,12.0,12,,,,,,,,
,,,,,30431,6.0,6,,,,,,,,
,,,,,30436,5.0,5,,,,,,,,
,,,,,30443,7.0,7,,,,,,,,
,,,,,30450,7.0,7,,,,,,,,
,,,,,30453,3.0,3,,,,,,,,
,,,,,30456,3.0,3,,,,,,,,
,,,,,30460,4.0,4,,,,,,,,
,,,,,30464,4.0,4,,,,,,,,
,,,,,30467,3.0,3,,,,,,,,
,,,,,30475,8.0,8,,,,,,,,
,,,,,30478,3.0,3,,,,,,,,
,,,,,30481,3.0,3,,,,,,,,
,,,,,30485,4.0,4,,,,,,,,
,,,,,30488,3.0,3,,,,,,,,
,,,,,30492,4.0,4,,,,,,,,
,,,,,30497,5.0,5,,,,,,,,
,,,,,30501,4.0,4,,,,,,,,
,,,,,30504,3.0,3,,,,,,,,
,,,,,30508,4.0,4,,,,,,,,
,,,,,30511,3.0,3,,,,,,,,
,,,,,30517,6.0,6,,,,,,,,
,,,,,30532,15.0,15,,,,,,,,
,,,,,30543,11.0,11,,,,,,,,
,,,,,30552,9.0,9,,,,,,,,
,,,,,30555,3.0,3,,,,,,,,
,,,,,30559,4.0,4,,,,,,,,
,,,,,30562,3.0,3,,,,,,,,
,,,,,30565,3.0,3,,,,,,,,
,,,,,30573,8.0,8,,,,,,,,
,,,,,30582,9.0,9,,,,,,,,
,,,,,30585,3.0,3,,,,,,,,
,,,,,30593,8.0,8,,,,,,,,
,,,,,30596,3.0,3,,,,,,,,
,,,,,30600,4.0,4,,,,,,,,
,,,,,30605,5.0,5,,,,,,,,
,,,,,30614,9.0,9,,,,,,,,
,,,,,30620,6.0,6,,,,,,,,
,,,,,30624,4.0,4,,,,,,,,
,,,,,30630,6.0,6,,,,,,,,
,,,,,30637,7.0,7,,,,,,,,
,,,,,30641,4.0,4,,,,,,,,
,,,,,30647,6.0,6,,,,,,,,
,,,,,30653,6.0,6,,,,,,,,
,,,,,30656,3.0,3,,,,,,,,
,,,,,30664,8.0,8,,,,,,,,
,,,,,30669,5.0,5,,,,,,,,
,,,,,30676,7.0,7,,,,,,,,
,,,,,30680,4.0,4,,,,,,,,
,,,,,30683,3.0,3,,,,,,,,
,,,,,30691,8.0,8,,,,,,,,
,,,,,30694,3.0,3,,,,,,,,
,,,,,30700,6.0,6,,,,,,,,
,,,,,30703,3.0,3,,,,,,,,
,,,,,30708,5.0,5,,,,,,,,
,,,,,30713,5.0,5,,,,,,,,
,,,,,30717,4.0,4,,,,,,,,
,,,,,30720,3.0,3,,,,,,,,
,,,,,30730,10.0,10,,,,,,,,
,,,,,30740,10.0,10,,,,,,,,
,,,,,30744,4.0,4,,,,,,,,
,,,,,30752,8.0,8,,,,,,,,
,,,,,30757,5.0,5,,,,,,,,
,,,,,30760,3.0,3,,,,,,,,
,,,,,30770,10.0,10,,,,,,,,
,,,,,30773,3.0,3,,,,,,,,
,,,,,30777,4.0,4,,,,,,,,
,,,,,30781,4.0,4,,,,,,,,
,,,,,30787,6.0,6,,,,,,,,
,,,,,30801,14.0,14,,,,,,,,
,,,,,30806,5.0,5,,,,,,,,
,,,,,30810,4.0,4,,,,,,,,
,,,,,30817,7.0,7,,,,,,,,
,,,,,30822,5.0,5,,,,,,,,
,,,,,30832,10.0,10,,,,,,,,
,,,,,30835,3.0,3,,,,,,,,
,,,,,30844,9.0,9,,,,,,,,
,,,,,30850,6.0,6,,,,,,,,
,,,,,30856,6.0,6,,,,,,,,
,,,,,30860,4.0,4,,,,,,,,
,,,,,30864,4.0,4,,,,,,,,
,,,,,30867,3.0,3,,,,,,,,
,,,,,30871,4.0,4,,,,,,,,
,,,,,30877,6.0,6,,,,,,,,
,,,,,30882,5.0,5,,,,,,,,
,,,,,30886,4.0,4,,,,,,,,
,,,,,30914,28.0,28,,,,,,,,
,,,,,30921,7.0,7,,,,,,,,
,,,,,30924,3.0,3,,,,,,,,
,,,,,30928,4.0,4,,,,,,,,
,,,,,30931,3.0,3,,,,,,,,
,,,,,30935,4.0,4,,,,,,,,
,,,,,30938,3.0,3,,,,,,,,
,,,,,30948,10.0,10,,,,,,,,
,,,,,30952,4.0,4,,,,,,,,
,,,,,30957,5.0,5,,,,,,,,
,,,,,30970,13.0,13,,,,,,,,
,,,,,30975,5.0,5,,,,,,,,
,,,,,30981,6.0,6,,,,,,,,
,,,,,30986,5.0,5,,,,,,,,
,,,,,30995,9.0,9,,,,,,,,
,,,,,30999,4.0,4,,,,,,,,
,,,,,31000,,,-0.07102417200803757,0.7102416753768921,1.7685787677764893,4.773772239685059,4.629532814025879,0.0003,0.0003,0.1
,,,,,31013,14.0,14,,,,,,,,
,,,,,31017,4.0,4,,,,,,,,
,,,,,31036,19.0,19,,,,,,,,
,,,,,31045,9.0,9,,,,,,,,
,,,,,31048,3.0,3,,,,,,,,
,,,,,31059,11.0,11,,,,,,,,
,,,,,31066,7.0,7,,,,,,,,
,,,,,31071,5.0,5,,,,,,,,
,,,,,31075,4.0,4,,,,,,,,
,,,,,31078,3.0,3,,,,,,,,
,,,,,31088,10.0,10,,,,,,,,
,,,,,31094,6.0,6,,,,,,,,
,,,,,31097,3.0,3,,,,,,,,
,,,,,31103,6.0,6,,,,,,,,
,,,,,31109,6.0,6,,,,,,,,
,,,,,31117,8.0,8,,,,,,,,
,,,,,31121,4.0,4,,,,,,,,
,,,,,31129,8.0,8,,,,,,,,
,,,,,31132,3.0,3,,,,,,,,
,,,,,31142,10.0,10,,,,,,,,
,,,,,31147,5.0,5,,,,,,,,
,,,,,31153,6.0,6,,,,,,,,
,,,,,31156,3.0,3,,,,,,,,
,,,,,31160,4.0,4,,,,,,,,
,,,,,31169,9.0,9,,,,,,,,
,,,,,31180,11.0,11,,,,,,,,
,,,,,31184,4.0,4,,,,,,,,
,,,,,31188,4.0,4,,,,,,,,
,,,,,31192,4.0,4,,,,,,,,
,,,,,31199,7.0,7,,,,,,,,
,,,,,31204,5.0,5,,,,,,,,
,,,,,31208,4.0,4,,,,,,,,
,,,,,31212,4.0,4,,,,,,,,
,,,,,31220,8.0,8,,,,,,,,
,,,,,31228,8.0,8,,,,,,,,
,,,,,31231,3.0,3,,,,,,,,
,,,,,31236,5.0,5,,,,,,,,
,,,,,31242,6.0,6,,,,,,,,
,,,,,31248,6.0,6,,,,,,,,
,,,,,31251,3.0,3,,,,,,,,
,,,,,31260,9.0,9,,,,,,,,
,,,,,31269,9.0,9,,,,,,,,
,,,,,31272,3.0,3,,,,,,,,
,,,,,31277,5.0,5,,,,,,,,
,,,,,31283,6.0,6,,,,,,,,
,,,,,31288,5.0,5,,,,,,,,
,,,,,31293,5.0,5,,,,,,,,
,,,,,31297,4.0,4,,,,,,,,
,,,,,31301,4.0,4,,,,,,,,
,,,,,31304,3.0,3,,,,,,,,
,,,,,31309,5.0,5,,,,,,,,
,,,,,31312,3.0,3,,,,,,,,
,,,,,31317,5.0,5,,,,,,,,
,,,,,31320,3.0,3,,,,,,,,
,,,,,31333,13.0,13,,,,,,,,
,,,,,31338,5.0,5,,,,,,,,
,,,,,31345,7.0,7,,,,,,,,
,,,,,31348,3.0,3,,,,,,,,
,,,,,31351,3.0,3,,,,,,,,
,,,,,31355,4.0,4,,,,,,,,
,,,,,31360,5.0,5,,,,,,,,
,,,,,31364,4.0,4,,,,,,,,
,,,,,31368,4.0,4,,,,,,,,
,,,,,31371,3.0,3,,,,,,,,
,,,,,31376,5.0,5,,,,,,,,
,,,,,31379,3.0,3,,,,,,,,
,,,,,31382,3.0,3,,,,,,,,
,,,,,31389,7.0,7,,,,,,,,
,,,,,31396,7.0,7,,,,,,,,
,,,,,31399,3.0,3,,,,,,,,
,,,,,31406,7.0,7,,,,,,,,
,,,,,31410,4.0,4,,,,,,,,
,,,,,31418,8.0,8,,,,,,,,
,,,,,31425,7.0,7,,,,,,,,
,,,,,31433,8.0,8,,,,,,,,
,,,,,31443,10.0,10,,,,,,,,
,,,,,31446,3.0,3,,,,,,,,
,,,,,31449,3.0,3,,,,,,,,
,,,,,31453,4.0,4,,,,,,,,
,,,,,31457,4.0,4,,,,,,,,
,,,,,31463,6.0,6,,,,,,,,
,,,,,31468,5.0,5,,,,,,,,
,,,,,31471,3.0,3,,,,,,,,
,,,,,31475,4.0,4,,,,,,,,
,,,,,31480,5.0,5,,,,,,,,
,,,,,31483,3.0,3,,,,,,,,
,,,,,31489,6.0,6,,,,,,,,
,,,,,31493,4.0,4,,,,,,,,
,,,,,31513,20.0,20,,,,,,,,
,,,,,31516,3.0,3,,,,,,,,
,,,,,31522,6.0,6,,,,,,,,
,,,,,31525,3.0,3,,,,,,,,
,,,,,31533,8.0,8,,,,,,,,
,,,,,31538,5.0,5,,,,,,,,
,,,,,31542,4.0,4,,,,,,,,
,,,,,31548,6.0,6,,,,,,,,
,,,,,31555,7.0,7,,,,,,,,
,,,,,31560,5.0,5,,,,,,,,
,,,,,31564,4.0,4,,,,,,,,
,,,,,31567,3.0,3,,,,,,,,
,,,,,31571,4.0,4,,,,,,,,
,,,,,31576,5.0,5,,,,,,,,
,,,,,31585,9.0,9,,,,,,,,
,,,,,31590,5.0,5,,,,,,,,
,,,,,31596,6.0,6,,,,,,,,
,,,,,31602,6.0,6,,,,,,,,
,,,,,31605,3.0,3,,,,,,,,
,,,,,31609,4.0,4,,,,,,,,
,,,,,31619,10.0,10,,,,,,,,
,,,,,31626,7.0,7,,,,,,,,
,,,,,31630,4.0,4,,,,,,,,
,,,,,31635,5.0,5,,,,,,,,
,,,,,31639,4.0,4,,,,,,,,
,,,,,31645,6.0,6,,,,,,,,
,,,,,31651,6.0,6,,,,,,,,
,,,,,31654,3.0,3,,,,,,,,
,,,,,31658,4.0,4,,,,,,,,
,,,,,31661,3.0,3,,,,,,,,
,,,,,31667,6.0,6,,,,,,,,
,,,,,31673,6.0,6,,,,,,,,
,,,,,31681,8.0,8,,,,,,,,
,,,,,31688,7.0,7,,,,,,,,
,,,,,31693,5.0,5,,,,,,,,
,,,,,31697,4.0,4,,,,,,,,
,,,,,31700,3.0,3,,,,,,,,
,,,,,31705,5.0,5,,,,,,,,
,,,,,31708,3.0,3,,,,,,,,
,,,,,31712,4.0,4,,,,,,,,
,,,,,31722,10.0,10,,,,,,,,
,,,,,31726,4.0,4,,,,,,,,
,,,,,31731,5.0,5,,,,,,,,
,,,,,31737,6.0,6,,,,,,,,
,,,,,31741,4.0,4,,,,,,,,
,,,,,31748,7.0,7,,,,,,,,
,,,,,31759,11.0,11,,,,,,,,
,,,,,31764,5.0,5,,,,,,,,
,,,,,31768,4.0,4,,,,,,,,
,,,,,31778,10.0,10,,,,,,,,
,,,,,31787,9.0,9,,,,,,,,
,,,,,31791,4.0,4,,,,,,,,
,,,,,31799,8.0,8,,,,,,,,
,,,,,31805,6.0,6,,,,,,,,
,,,,,31808,3.0,3,,,,,,,,
,,,,,31815,7.0,7,,,,,,,,
,,,,,31818,3.0,3,,,,,,,,
,,,,,31826,8.0,8,,,,,,,,
,,,,,31830,4.0,4,,,,,,,,
,,,,,31833,3.0,3,,,,,,,,
,,,,,31837,4.0,4,,,,,,,,
,,,,,31840,3.0,3,,,,,,,,
,,,,,31849,9.0,9,,,,,,,,
,,,,,31857,8.0,8,,,,,,,,
,,,,,31862,5.0,5,,,,,,,,
,,,,,31866,4.0,4,,,,,,,,
,,,,,31876,10.0,10,,,,,,,,
,,,,,31879,3.0,3,,,,,,,,
,,,,,31889,10.0,10,,,,,,,,
,,,,,31893,4.0,4,,,,,,,,
,,,,,31908,15.0,15,,,,,,,,
,,,,,31919,11.0,11,,,,,,,,
,,,,,31922,3.0,3,,,,,,,,
,,,,,31927,5.0,5,,,,,,,,
,,,,,31930,3.0,3,,,,,,,,
,,,,,31935,5.0,5,,,,,,,,
,,,,,31940,5.0,5,,,,,,,,
,,,,,31943,3.0,3,,,,,,,,
,,,,,31948,5.0,5,,,,,,,,
,,,,,31951,3.0,3,,,,,,,,
,,,,,31956,5.0,5,,,,,,,,
,,,,,31970,14.0,14,,,,,,,,
,,,,,31975,5.0,5,,,,,,,,
,,,,,31980,5.0,5,,,,,,,,
,,,,,32000,,,-0.06778410822153091,0.677841067314148,1.7223522663116455,4.508214950561523,4.402839183807373,0.0003,0.0003,0.1
,,,,,32012,32.0,32,,,,,,,,
,,,,,32021,9.0,9,,,,,,,,
,,,,,32025,4.0,4,,,,,,,,
,,,,,32030,5.0,5,,,,,,,,
,,,,,32036,6.0,6,,,,,,,,
,,,,,32040,4.0,4,,,,,,,,
,,,,,32046,6.0,6,,,,,,,,
,,,,,32049,3.0,3,,,,,,,,
,,,,,32057,8.0,8,,,,,,,,
,,,,,32060,3.0,3,,,,,,,,
,,,,,32063,3.0,3,,,,,,,,
,,,,,32066,3.0,3,,,,,,,,
,,,,,32069,3.0,3,,,,,,,,
,,,,,32074,5.0,5,,,,,,,,
,,,,,32078,4.0,4,,,,,,,,
,,,,,32081,3.0,3,,,,,,,,
,,,,,32089,8.0,8,,,,,,,,
,,,,,32097,8.0,8,,,,,,,,
,,,,,32100,3.0,3,,,,,,,,
,,,,,32106,6.0,6,,,,,,,,
,,,,,32116,10.0,10,,,,,,,,
,,,,,32120,4.0,4,,,,,,,,
,,,,,32124,4.0,4,,,,,,,,
,,,,,32129,5.0,5,,,,,,,,
,,,,,32140,11.0,11,,,,,,,,
,,,,,32143,3.0,3,,,,,,,,
,,,,,32146,3.0,3,,,,,,,,
,,,,,32152,6.0,6,,,,,,,,
,,,,,32155,3.0,3,,,,,,,,
,,,,,32158,3.0,3,,,,,,,,
,,,,,32163,5.0,5,,,,,,,,
,,,,,32167,4.0,4,,,,,,,,
,,,,,32170,3.0,3,,,,,,,,
,,,,,32175,5.0,5,,,,,,,,
,,,,,32181,6.0,6,,,,,,,,
,,,,,32184,3.0,3,,,,,,,,
,,,,,32190,6.0,6,,,,,,,,
,,,,,32193,3.0,3,,,,,,,,
,,,,,32200,7.0,7,,,,,,,,
,,,,,32203,3.0,3,,,,,,,,
,,,,,32208,5.0,5,,,,,,,,
,,,,,32211,3.0,3,,,,,,,,
,,,,,32219,8.0,8,,,,,,,,
,,,,,32224,5.0,5,,,,,,,,
,,,,,32227,3.0,3,,,,,,,,
,,,,,32230,3.0,3,,,,,,,,
,,,,,32233,3.0,3,,,,,,,,
,,,,,32240,7.0,7,,,,,,,,
,,,,,32245,5.0,5,,,,,,,,
,,,,,32248,3.0,3,,,,,,,,
,,,,,32253,5.0,5,,,,,,,,
,,,,,32258,5.0,5,,,,,,,,
,,,,,32266,8.0,8,,,,,,,,
,,,,,32271,5.0,5,,,,,,,,
,,,,,32275,4.0,4,,,,,,,,
,,,,,32283,8.0,8,,,,,,,,
,,,,,32289,6.0,6,,,,,,,,
,,,,,32292,3.0,3,,,,,,,,
,,,,,32299,7.0,7,,,,,,,,
,,,,,32305,6.0,6,,,,,,,,
,,,,,32308,3.0,3,,,,,,,,
,,,,,32312,4.0,4,,,,,,,,
,,,,,32325,13.0,13,,,,,,,,
,,,,,32328,3.0,3,,,,,,,,
,,,,,32334,6.0,6,,,,,,,,
,,,,,32342,8.0,8,,,,,,,,
,,,,,32345,3.0,3,,,,,,,,
,,,,,32357,12.0,12,,,,,,,,
,,,,,32362,5.0,5,,,,,,,,
,,,,,32368,6.0,6,,,,,,,,
,,,,,32371,3.0,3,,,,,,,,
,,,,,32375,4.0,4,,,,,,,,
,,,,,32378,3.0,3,,,,,,,,
,,,,,32394,16.0,16,,,,,,,,
,,,,,32399,5.0,5,,,,,,,,
,,,,,32403,4.0,4,,,,,,,,
,,,,,32417,14.0,14,,,,,,,,
,,,,,32430,13.0,13,,,,,,,,
,,,,,32438,8.0,8,,,,,,,,
,,,,,32444,6.0,6,,,,,,,,
,,,,,32448,4.0,4,,,,,,,,
,,,,,32452,4.0,4,,,,,,,,
,,,,,32477,25.0,25,,,,,,,,
,,,,,32489,12.0,12,,,,,,,,
,,,,,32500,11.0,11,,,,,,,,
,,,,,32508,8.0,8,,,,,,,,
,,,,,32519,11.0,11,,,,,,,,
,,,,,32522,3.0,3,,,,,,,,
,,,,,32529,7.0,7,,,,,,,,
,,,,,32533,4.0,4,,,,,,,,
,,,,,32536,3.0,3,,,,,,,,
,,,,,32544,8.0,8,,,,,,,,
,,,,,32547,3.0,3,,,,,,,,
,,,,,32552,5.0,5,,,,,,,,
,,,,,32556,4.0,4,,,,,,,,
,,,,,32566,10.0,10,,,,,,,,
,,,,,32570,4.0,4,,,,,,,,
,,,,,32575,5.0,5,,,,,,,,
,,,,,32586,11.0,11,,,,,,,,
,,,,,32589,3.0,3,,,,,,,,
,,,,,32592,3.0,3,,,,,,,,
,,,,,32596,4.0,4,,,,,,,,
,,,,,32599,3.0,3,,,,,,,,
,,,,,32603,4.0,4,,,,,,,,
,,,,,32609,6.0,6,,,,,,,,
,,,,,32614,5.0,5,,,,,,,,
,,,,,32617,3.0,3,,,,,,,,
,,,,,32621,4.0,4,,,,,,,,
,,,,,32625,4.0,4,,,,,,,,
,,,,,32629,4.0,4,,,,,,,,
,,,,,32635,6.0,6,,,,,,,,
,,,,,32639,4.0,4,,,,,,,,
,,,,,32649,10.0,10,,,,,,,,
,,,,,32656,7.0,7,,,,,,,,
,,,,,32659,3.0,3,,,,,,,,
,,,,,32663,4.0,4,,,,,,,,
,,,,,32668,5.0,5,,,,,,,,
,,,,,32675,7.0,7,,,,,,,,
,,,,,32686,11.0,11,,,,,,,,
,,,,,32695,9.0,9,,,,,,,,
,,,,,32698,3.0,3,,,,,,,,
,,,,,32702,4.0,4,,,,,,,,
,,,,,32711,9.0,9,,,,,,,,
,,,,,32715,4.0,4,,,,,,,,
,,,,,32720,5.0,5,,,,,,,,
,,,,,32724,4.0,4,,,,,,,,
,,,,,32727,3.0,3,,,,,,,,
,,,,,32739,12.0,12,,,,,,,,
,,,,,32745,6.0,6,,,,,,,,
,,,,,32749,4.0,4,,,,,,,,
,,,,,32759,10.0,10,,,,,,,,
,,,,,32762,3.0,3,,,,,,,,
,,,,,32766,4.0,4,,,,,,,,
,,,,,32770,4.0,4,,,,,,,,
,,,,,32775,5.0,5,,,,,,,,
,,,,,32778,3.0,3,,,,,,,,
,,,,,32782,4.0,4,,,,,,,,
,,,,,32786,4.0,4,,,,,,,,
,,,,,32794,8.0,8,,,,,,,,
,,,,,32798,4.0,4,,,,,,,,
,,,,,32802,4.0,4,,,,,,,,
,,,,,32805,3.0,3,,,,,,,,
,,,,,32815,10.0,10,,,,,,,,
,,,,,32820,5.0,5,,,,,,,,
,,,,,32825,5.0,5,,,,,,,,
,,,,,32829,4.0,4,,,,,,,,
,,,,,32832,3.0,3,,,,,,,,
,,,,,32836,4.0,4,,,,,,,,
,,,,,32845,9.0,9,,,,,,,,
,,,,,32848,3.0,3,,,,,,,,
,,,,,32857,9.0,9,,,,,,,,
,,,,,32864,7.0,7,,,,,,,,
,,,,,32868,4.0,4,,,,,,,,
,,,,,32874,6.0,6,,,,,,,,
,,,,,32879,5.0,5,,,,,,,,
,,,,,32900,21.0,21,,,,,,,,
,,,,,32908,8.0,8,,,,,,,,
,,,,,32915,7.0,7,,,,,,,,
,,,,,32918,3.0,3,,,,,,,,
,,,,,32928,10.0,10,,,,,,,,
,,,,,32933,5.0,5,,,,,,,,
,,,,,32939,6.0,6,,,,,,,,
,,,,,32944,5.0,5,,,,,,,,
,,,,,32947,3.0,3,,,,,,,,
,,,,,32950,3.0,3,,,,,,,,
,,,,,32963,13.0,13,,,,,,,,
,,,,,32979,16.0,16,,,,,,,,
,,,,,32986,7.0,7,,,,,,,,
,,,,,32991,5.0,5,,,,,,,,
,,,,,32994,3.0,3,,,,,,,,
,,,,,32998,4.0,4,,,,,,,,
,,,,,33000,,,-0.0679926648736,0.6799266338348389,2.173952102661133,4.65777587890625,4.736258506774902,0.0003,0.0003,0.1
,,,,,33005,7.0,7,,,,,,,,
,,,,,33012,7.0,7,,,,,,,,
,,,,,33015,3.0,3,,,,,,,,
,,,,,33025,10.0,10,,,,,,,,
,,,,,33034,9.0,9,,,,,,,,
,,,,,33037,3.0,3,,,,,,,,
,,,,,33047,10.0,10,,,,,,,,
,,,,,33053,6.0,6,,,,,,,,
,,,,,33060,7.0,7,,,,,,,,
,,,,,33068,8.0,8,,,,,,,,
,,,,,33072,4.0,4,,,,,,,,
,,,,,33081,9.0,9,,,,,,,,
,,,,,33085,4.0,4,,,,,,,,
,,,,,33093,8.0,8,,,,,,,,
,,,,,33099,6.0,6,,,,,,,,
,,,,,33106,7.0,7,,,,,,,,
,,,,,33111,5.0,5,,,,,,,,
,,,,,33115,4.0,4,,,,,,,,
,,,,,33127,12.0,12,,,,,,,,
,,,,,33132,5.0,5,,,,,,,,
,,,,,33135,3.0,3,,,,,,,,
,,,,,33138,3.0,3,,,,,,,,
,,,,,33142,4.0,4,,,,,,,,
,,,,,33148,6.0,6,,,,,,,,
,,,,,33151,3.0,3,,,,,,,,
,,,,,33158,7.0,7,,,,,,,,
,,,,,33164,6.0,6,,,,,,,,
,,,,,33169,5.0,5,,,,,,,,
,,,,,33172,3.0,3,,,,,,,,
,,,,,33175,3.0,3,,,,,,,,
,,,,,33187,12.0,12,,,,,,,,
,,,,,33193,6.0,6,,,,,,,,
,,,,,33198,5.0,5,,,,,,,,
,,,,,33213,15.0,15,,,,,,,,
,,,,,33216,3.0,3,,,,,,,,
,,,,,33219,3.0,3,,,,,,,,
,,,,,33225,6.0,6,,,,,,,,
,,,,,33228,3.0,3,,,,,,,,
,,,,,33238,10.0,10,,,,,,,,
,,,,,33241,3.0,3,,,,,,,,
,,,,,33245,4.0,4,,,,,,,,
,,,,,33248,3.0,3,,,,,,,,
,,,,,33251,3.0,3,,,,,,,,
,,,,,33258,7.0,7,,,,,,,,
,,,,,33267,9.0,9,,,,,,,,
,,,,,33271,4.0,4,,,,,,,,
,,,,,33279,8.0,8,,,,,,,,
,,,,,33282,3.0,3,,,,,,,,
,,,,,33285,3.0,3,,,,,,,,
,,,,,33294,9.0,9,,,,,,,,
,,,,,33300,6.0,6,,,,,,,,
,,,,,33303,3.0,3,,,,,,,,
,,,,,33312,9.0,9,,,,,,,,
,,,,,33316,4.0,4,,,,,,,,
,,,,,33321,5.0,5,,,,,,,,
,,,,,33328,7.0,7,,,,,,,,
,,,,,33331,3.0,3,,,,,,,,
,,,,,33335,4.0,4,,,,,,,,
,,,,,33339,4.0,4,,,,,,,,
,,,,,33342,3.0,3,,,,,,,,
,,,,,33347,5.0,5,,,,,,,,
,,,,,33352,5.0,5,,,,,,,,
,,,,,33367,15.0,15,,,,,,,,
,,,,,33370,3.0,3,,,,,,,,
,,,,,33377,7.0,7,,,,,,,,
,,,,,33381,4.0,4,,,,,,,,
,,,,,33387,6.0,6,,,,,,,,
,,,,,33393,6.0,6,,,,,,,,
,,,,,33399,6.0,6,,,,,,,,
,,,,,33403,4.0,4,,,,,,,,
,,,,,33406,3.0,3,,,,,,,,
,,,,,33410,4.0,4,,,,,,,,
,,,,,33421,11.0,11,,,,,,,,
,,,,,33424,3.0,3,,,,,,,,
,,,,,33427,3.0,3,,,,,,,,
,,,,,33433,6.0,6,,,,,,,,
,,,,,33438,5.0,5,,,,,,,,
,,,,,33450,12.0,12,,,,,,,,
,,,,,33453,3.0,3,,,,,,,,
,,,,,33460,7.0,7,,,,,,,,
,,,,,33469,9.0,9,,,,,,,,
,,,,,33473,4.0,4,,,,,,,,
,,,,,33476,3.0,3,,,,,,,,
,,,,,33479,3.0,3,,,,,,,,
,,,,,33482,3.0,3,,,,,,,,
,,,,,33490,8.0,8,,,,,,,,
,,,,,33500,10.0,10,,,,,,,,
,,,,,33503,3.0,3,,,,,,,,
,,,,,33509,6.0,6,,,,,,,,
,,,,,33516,7.0,7,,,,,,,,
,,,,,33520,4.0,4,,,,,,,,
,,,,,33525,5.0,5,,,,,,,,
,,,,,33531,6.0,6,,,,,,,,
,,,,,33535,4.0,4,,,,,,,,
,,,,,33538,3.0,3,,,,,,,,
,,,,,33543,5.0,5,,,,,,,,
,,,,,33563,20.0,20,,,,,,,,
,,,,,33571,8.0,8,,,,,,,,
,,,,,33578,7.0,7,,,,,,,,
,,,,,33582,4.0,4,,,,,,,,
,,,,,33586,4.0,4,,,,,,,,
,,,,,33589,3.0,3,,,,,,,,
,,,,,33593,4.0,4,,,,,,,,
,,,,,33609,16.0,16,,,,,,,,
,,,,,33612,3.0,3,,,,,,,,
,,,,,33616,4.0,4,,,,,,,,
,,,,,33620,4.0,4,,,,,,,,
,,,,,33623,3.0,3,,,,,,,,
,,,,,33627,4.0,4,,,,,,,,
,,,,,33631,4.0,4,,,,,,,,
,,,,,33637,6.0,6,,,,,,,,
,,,,,33641,4.0,4,,,,,,,,
,,,,,33653,12.0,12,,,,,,,,
,,,,,33657,4.0,4,,,,,,,,
,,,,,33660,3.0,3,,,,,,,,
,,,,,33667,7.0,7,,,,,,,,
,,,,,33676,9.0,9,,,,,,,,
,,,,,33680,4.0,4,,,,,,,,
,,,,,33685,5.0,5,,,,,,,,
,,,,,33694,9.0,9,,,,,,,,
,,,,,33698,4.0,4,,,,,,,,
,,,,,33702,4.0,4,,,,,,,,
,,,,,33705,3.0,3,,,,,,,,
,,,,,33709,4.0,4,,,,,,,,
,,,,,33713,4.0,4,,,,,,,,
,,,,,33716,3.0,3,,,,,,,,
,,,,,33727,11.0,11,,,,,,,,
,,,,,33732,5.0,5,,,,,,,,
,,,,,33735,3.0,3,,,,,,,,
,,,,,33743,8.0,8,,,,,,,,
,,,,,33749,6.0,6,,,,,,,,
,,,,,33753,4.0,4,,,,,,,,
,,,,,33764,11.0,11,,,,,,,,
,,,,,33768,4.0,4,,,,,,,,
,,,,,33782,14.0,14,,,,,,,,
,,,,,33791,9.0,9,,,,,,,,
,,,,,33794,3.0,3,,,,,,,,
,,,,,33799,5.0,5,,,,,,,,
,,,,,33802,3.0,3,,,,,,,,
,,,,,33808,6.0,6,,,,,,,,
,,,,,33814,6.0,6,,,,,,,,
,,,,,33818,4.0,4,,,,,,,,
,,,,,33823,5.0,5,,,,,,,,
,,,,,33828,5.0,5,,,,,,,,
,,,,,33836,8.0,8,,,,,,,,
,,,,,33840,4.0,4,,,,,,,,
,,,,,33849,9.0,9,,,,,,,,
,,,,,33853,4.0,4,,,,,,,,
,,,,,33857,4.0,4,,,,,,,,
,,,,,33862,5.0,5,,,,,,,,
,,,,,33871,9.0,9,,,,,,,,
,,,,,33881,10.0,10,,,,,,,,
,,,,,33884,3.0,3,,,,,,,,
,,,,,33890,6.0,6,,,,,,,,
,,,,,33894,4.0,4,,,,,,,,
,,,,,33898,4.0,4,,,,,,,,
,,,,,33908,10.0,10,,,,,,,,
,,,,,33920,12.0,12,,,,,,,,
,,,,,33923,3.0,3,,,,,,,,
,,,,,33926,3.0,3,,,,,,,,
,,,,,33931,5.0,5,,,,,,,,
,,,,,33937,6.0,6,,,,,,,,
,,,,,33942,5.0,5,,,,,,,,
,,,,,33946,4.0,4,,,,,,,,
,,,,,33949,3.0,3,,,,,,,,
,,,,,33952,3.0,3,,,,,,,,
,,,,,33969,17.0,17,,,,,,,,
,,,,,33973,4.0,4,,,,,,,,
,,,,,33976,3.0,3,,,,,,,,
,,,,,33981,5.0,5,,,,,,,,
,,,,,33986,5.0,5,,,,,,,,
,,,,,33990,4.0,4,,,,,,,,
,,,,,33999,9.0,9,,,,,,,,
,,,,,34000,,,-0.06701990962028503,0.6701990962028503,1.864248514175415,4.780290603637695,4.9040632247924805,0.0003,0.0003,0.1
,,,,,34003,4.0,4,,,,,,,,
,,,,,34015,12.0,12,,,,,,,,
,,,,,34018,3.0,3,,,,,,,,
,,,,,34021,3.0,3,,,,,,,,
,,,,,34031,10.0,10,,,,,,,,
,,,,,34036,5.0,5,,,,,,,,
,,,,,34043,7.0,7,,,,,,,,
,,,,,34054,11.0,11,,,,,,,,
,,,,,34057,3.0,3,,,,,,,,
,,,,,34070,13.0,13,,,,,,,,
,,,,,34074,4.0,4,,,,,,,,
,,,,,34077,3.0,3,,,,,,,,
,,,,,34080,3.0,3,,,,,,,,
,,,,,34084,4.0,4,,,,,,,,
,,,,,34088,4.0,4,,,,,,,,
,,,,,34093,5.0,5,,,,,,,,
,,,,,34103,10.0,10,,,,,,,,
,,,,,34114,11.0,11,,,,,,,,
,,,,,34117,3.0,3,,,,,,,,
,,,,,34122,5.0,5,,,,,,,,
,,,,,34126,4.0,4,,,,,,,,
,,,,,34131,5.0,5,,,,,,,,
,,,,,34140,9.0,9,,,,,,,,
,,,,,34148,8.0,8,,,,,,,,
,,,,,34152,4.0,4,,,,,,,,
,,,,,34156,4.0,4,,,,,,,,
,,,,,34159,3.0,3,,,,,,,,
,,,,,34162,3.0,3,,,,,,,,
,,,,,34168,6.0,6,,,,,,,,
,,,,,34171,3.0,3,,,,,,,,
,,,,,34175,4.0,4,,,,,,,,
,,,,,34179,4.0,4,,,,,,,,
,,,,,34197,18.0,18,,,,,,,,
,,,,,34204,7.0,7,,,,,,,,
,,,,,34207,3.0,3,,,,,,,,
,,,,,34211,4.0,4,,,,,,,,
,,,,,34214,3.0,3,,,,,,,,
,,,,,34217,3.0,3,,,,,,,,
,,,,,34220,3.0,3,,,,,,,,
,,,,,34227,7.0,7,,,,,,,,
,,,,,34234,7.0,7,,,,,,,,
,,,,,34243,9.0,9,,,,,,,,
,,,,,34252,9.0,9,,,,,,,,
,,,,,34264,12.0,12,,,,,,,,
,,,,,34267,3.0,3,,,,,,,,
,,,,,34272,5.0,5,,,,,,,,
,,,,,34275,3.0,3,,,,,,,,
,,,,,34278,3.0,3,,,,,,,,
,,,,,34283,5.0,5,,,,,,,,
,,,,,34286,3.0,3,,,,,,,,
,,,,,34291,5.0,5,,,,,,,,
,,,,,34298,7.0,7,,,,,,,,
,,,,,34310,12.0,12,,,,,,,,
,,,,,34314,4.0,4,,,,,,,,
,,,,,34319,5.0,5,,,,,,,,
,,,,,34326,7.0,7,,,,,,,,
,,,,,34329,3.0,3,,,,,,,,
,,,,,34332,3.0,3,,,,,,,,
,,,,,34338,6.0,6,,,,,,,,
,,,,,34342,4.0,4,,,,,,,,
,,,,,34348,6.0,6,,,,,,,,
,,,,,34353,5.0,5,,,,,,,,
,,,,,34357,4.0,4,,,,,,,,
,,,,,34360,3.0,3,,,,,,,,
,,,,,34365,5.0,5,,,,,,,,
,,,,,34369,4.0,4,,,,,,,,
,,,,,34373,4.0,4,,,,,,,,
,,,,,34382,9.0,9,,,,,,,,
,,,,,34385,3.0,3,,,,,,,,
,,,,,34392,7.0,7,,,,,,,,
,,,,,34397,5.0,5,,,,,,,,
,,,,,34405,8.0,8,,,,,,,,
,,,,,34408,3.0,3,,,,,,,,
,,,,,34412,4.0,4,,,,,,,,
,,,,,34423,11.0,11,,,,,,,,
,,,,,34426,3.0,3,,,,,,,,
,,,,,34430,4.0,4,,,,,,,,
,,,,,34436,6.0,6,,,,,,,,
,,,,,34439,3.0,3,,,,,,,,
,,,,,34442,3.0,3,,,,,,,,
,,,,,34454,12.0,12,,,,,,,,
,,,,,34457,3.0,3,,,,,,,,
,,,,,34462,5.0,5,,,,,,,,
,,,,,34470,8.0,8,,,,,,,,
,,,,,34474,4.0,4,,,,,,,,
,,,,,34477,3.0,3,,,,,,,,
,,,,,34481,4.0,4,,,,,,,,
,,,,,34486,5.0,5,,,,,,,,
,,,,,34489,3.0,3,,,,,,,,
,,,,,34492,3.0,3,,,,,,,,
,,,,,34495,3.0,3,,,,,,,,
,,,,,34499,4.0,4,,,,,,,,
,,,,,34505,6.0,6,,,,,,,,
,,,,,34516,11.0,11,,,,,,,,
,,,,,34522,6.0,6,,,,,,,,
,,,,,34525,3.0,3,,,,,,,,
,,,,,34530,5.0,5,,,,,,,,
,,,,,34534,4.0,4,,,,,,,,
,,,,,34539,5.0,5,,,,,,,,
,,,,,34543,4.0,4,,,,,,,,
,,,,,34548,5.0,5,,,,,,,,
,,,,,34555,7.0,7,,,,,,,,
,,,,,34565,10.0,10,,,,,,,,
,,,,,34571,6.0,6,,,,,,,,
,,,,,34577,6.0,6,,,,,,,,
,,,,,34583,6.0,6,,,,,,,,
,,,,,34587,4.0,4,,,,,,,,
,,,,,34590,3.0,3,,,,,,,,
,,,,,34598,8.0,8,,,,,,,,
,,,,,34601,3.0,3,,,,,,,,
,,,,,34606,5.0,5,,,,,,,,
,,,,,34620,14.0,14,,,,,,,,
,,,,,34628,8.0,8,,,,,,,,
,,,,,34633,5.0,5,,,,,,,,
,,,,,34642,9.0,9,,,,,,,,
,,,,,34650,8.0,8,,,,,,,,
,,,,,34653,3.0,3,,,,,,,,
,,,,,34659,6.0,6,,,,,,,,
,,,,,34663,4.0,4,,,,,,,,
,,,,,34667,4.0,4,,,,,,,,
,,,,,34674,7.0,7,,,,,,,,
,,,,,34678,4.0,4,,,,,,,,
,,,,,34681,3.0,3,,,,,,,,
,,,,,34691,10.0,10,,,,,,,,
,,,,,34699,8.0,8,,,,,,,,
,,,,,34703,4.0,4,,,,,,,,
,,,,,34716,13.0,13,,,,,,,,
,,,,,34720,4.0,4,,,,,,,,
,,,,,34723,3.0,3,,,,,,,,
,,,,,34737,14.0,14,,,,,,,,
,,,,,34741,4.0,4,,,,,,,,
,,,,,34748,7.0,7,,,,,,,,
,,,,,34755,7.0,7,,,,,,,,
,,,,,34769,14.0,14,,,,,,,,
,,,,,34772,3.0,3,,,,,,,,
,,,,,34775,3.0,3,,,,,,,,
,,,,,34787,12.0,12,,,,,,,,
,,,,,34794,7.0,7,,,,,,,,
,,,,,34801,7.0,7,,,,,,,,
,,,,,34804,3.0,3,,,,,,,,
,,,,,34809,5.0,5,,,,,,,,
,,,,,34813,4.0,4,,,,,,,,
,,,,,34822,9.0,9,,,,,,,,
,,,,,34830,8.0,8,,,,,,,,
,,,,,34848,18.0,18,,,,,,,,
,,,,,34851,3.0,3,,,,,,,,
,,,,,34856,5.0,5,,,,,,,,
,,,,,34873,17.0,17,,,,,,,,
,,,,,34876,3.0,3,,,,,,,,
,,,,,34881,5.0,5,,,,,,,,
,,,,,34890,9.0,9,,,,,,,,
,,,,,34893,3.0,3,,,,,,,,
,,,,,34912,19.0,19,,,,,,,,
,,,,,34916,4.0,4,,,,,,,,
,,,,,34934,18.0,18,,,,,,,,
,,,,,34938,4.0,4,,,,,,,,
,,,,,34941,3.0,3,,,,,,,,
,,,,,34944,3.0,3,,,,,,,,
,,,,,34947,3.0,3,,,,,,,,
,,,,,34951,4.0,4,,,,,,,,
,,,,,34954,3.0,3,,,,,,,,
,,,,,34961,7.0,7,,,,,,,,
,,,,,34964,3.0,3,,,,,,,,
,,,,,34968,4.0,4,,,,,,,,
,,,,,34973,5.0,5,,,,,,,,
,,,,,34984,11.0,11,,,,,,,,
,,,,,34989,5.0,5,,,,,,,,
,,,,,34996,7.0,7,,,,,,,,
,,,,,35000,4.0,4,,,,,,,,
6.1,2.385372,11.0,3.0,6.1,35000,,,-0.07026369869709015,0.7026369571685791,1.9284772872924805,4.495565414428711,4.5289459228515625,0.0003,0.0003,0.1
,,,,,35006,6.0,6,,,,,,,,
,,,,,35022,16.0,16,,,,,,,,
,,,,,35025,3.0,3,,,,,,,,
,,,,,35028,3.0,3,,,,,,,,
,,,,,35032,4.0,4,,,,,,,,
,,,,,35035,3.0,3,,,,,,,,
,,,,,35039,4.0,4,,,,,,,,
,,,,,35051,12.0,12,,,,,,,,
,,,,,35054,3.0,3,,,,,,,,
,,,,,35059,5.0,5,,,,,,,,
,,,,,35069,10.0,10,,,,,,,,
,,,,,35073,4.0,4,,,,,,,,
,,,,,35079,6.0,6,,,,,,,,
,,,,,35087,8.0,8,,,,,,,,
,,,,,35093,6.0,6,,,,,,,,
,,,,,35101,8.0,8,,,,,,,,
,,,,,35106,5.0,5,,,,,,,,
,,,,,35111,5.0,5,,,,,,,,
,,,,,35116,5.0,5,,,,,,,,
,,,,,35124,8.0,8,,,,,,,,
,,,,,35128,4.0,4,,,,,,,,
,,,,,35131,3.0,3,,,,,,,,
,,,,,35135,4.0,4,,,,,,,,
,,,,,35138,3.0,3,,,,,,,,
,,,,,35144,6.0,6,,,,,,,,
,,,,,35152,8.0,8,,,,,,,,
,,,,,35155,3.0,3,,,,,,,,
,,,,,35163,8.0,8,,,,,,,,
,,,,,35167,4.0,4,,,,,,,,
,,,,,35170,3.0,3,,,,,,,,
,,,,,35183,13.0,13,,,,,,,,
,,,,,35186,3.0,3,,,,,,,,
,,,,,35194,8.0,8,,,,,,,,
,,,,,35199,5.0,5,,,,,,,,
,,,,,35211,12.0,12,,,,,,,,
,,,,,35214,3.0,3,,,,,,,,
,,,,,35218,4.0,4,,,,,,,,
,,,,,35221,3.0,3,,,,,,,,
,,,,,35232,11.0,11,,,,,,,,
,,,,,35236,4.0,4,,,,,,,,
,,,,,35239,3.0,3,,,,,,,,
,,,,,35263,24.0,24,,,,,,,,
,,,,,35270,7.0,7,,,,,,,,
,,,,,35283,13.0,13,,,,,,,,
,,,,,35289,6.0,6,,,,,,,,
,,,,,35298,9.0,9,,,,,,,,
,,,,,35307,9.0,9,,,,,,,,
,,,,,35310,3.0,3,,,,,,,,
,,,,,35316,6.0,6,,,,,,,,
,,,,,35320,4.0,4,,,,,,,,
,,,,,35325,5.0,5,,,,,,,,
,,,,,35332,7.0,7,,,,,,,,
,,,,,35341,9.0,9,,,,,,,,
,,,,,35349,8.0,8,,,,,,,,
,,,,,35352,3.0,3,,,,,,,,
,,,,,35358,6.0,6,,,,,,,,
,,,,,35362,4.0,4,,,,,,,,
,,,,,35371,9.0,9,,,,,,,,
,,,,,35375,4.0,4,,,,,,,,
,,,,,35379,4.0,4,,,,,,,,
,,,,,35384,5.0,5,,,,,,,,
,,,,,35388,4.0,4,,,,,,,,
,,,,,35400,12.0,12,,,,,,,,
,,,,,35403,3.0,3,,,,,,,,
,,,,,35411,8.0,8,,,,,,,,
,,,,,35417,6.0,6,,,,,,,,
,,,,,35421,4.0,4,,,,,,,,
,,,,,35426,5.0,5,,,,,,,,
,,,,,35432,6.0,6,,,,,,,,
,,,,,35435,3.0,3,,,,,,,,
,,,,,35438,3.0,3,,,,,,,,
,,,,,35442,4.0,4,,,,,,,,
,,,,,35449,7.0,7,,,,,,,,
,,,,,35465,16.0,16,,,,,,,,
,,,,,35474,9.0,9,,,,,,,,
,,,,,35479,5.0,5,,,,,,,,
,,,,,35487,8.0,8,,,,,,,,
,,,,,35490,3.0,3,,,,,,,,
,,,,,35509,19.0,19,,,,,,,,
,,,,,35513,4.0,4,,,,,,,,
,,,,,35516,3.0,3,,,,,,,,
,,,,,35527,11.0,11,,,,,,,,
,,,,,35532,5.0,5,,,,,,,,
,,,,,35538,6.0,6,,,,,,,,
,,,,,35541,3.0,3,,,,,,,,
,,,,,35546,5.0,5,,,,,,,,
,,,,,35555,9.0,9,,,,,,,,
,,,,,35558,3.0,3,,,,,,,,
,,,,,35563,5.0,5,,,,,,,,
,,,,,35568,5.0,5,,,,,,,,
,,,,,35572,4.0,4,,,,,,,,
,,,,,35578,6.0,6,,,,,,,,
,,,,,35584,6.0,6,,,,,,,,
,,,,,35587,3.0,3,,,,,,,,
,,,,,35590,3.0,3,,,,,,,,
,,,,,35595,5.0,5,,,,,,,,
,,,,,35598,3.0,3,,,,,,,,
,,,,,35603,5.0,5,,,,,,,,
,,,,,35606,3.0,3,,,,,,,,
,,,,,35610,4.0,4,,,,,,,,
,,,,,35617,7.0,7,,,,,,,,
,,,,,35620,3.0,3,,,,,,,,
,,,,,35626,6.0,6,,,,,,,,
,,,,,35630,4.0,4,,,,,,,,
,,,,,35633,3.0,3,,,,,,,,
,,,,,35639,6.0,6,,,,,,,,
,,,,,35647,8.0,8,,,,,,,,
,,,,,35650,3.0,3,,,,,,,,
,,,,,35658,8.0,8,,,,,,,,
,,,,,35661,3.0,3,,,,,,,,
,,,,,35664,3.0,3,,,,,,,,
,,,,,35668,4.0,4,,,,,,,,
,,,,,35671,3.0,3,,,,,,,,
,,,,,35682,11.0,11,,,,,,,,
,,,,,35688,6.0,6,,,,,,,,
,,,,,35693,5.0,5,,,,,,,,
,,,,,35696,3.0,3,,,,,,,,
,,,,,35699,3.0,3,,,,,,,,
,,,,,35706,7.0,7,,,,,,,,
,,,,,35712,6.0,6,,,,,,,,
,,,,,35717,5.0,5,,,,,,,,
,,,,,35726,9.0,9,,,,,,,,
,,,,,35731,5.0,5,,,,,,,,
,,,,,35735,4.0,4,,,,,,,,
,,,,,35739,4.0,4,,,,,,,,
,,,,,35745,6.0,6,,,,,,,,
,,,,,35749,4.0,4,,,,,,,,
,,,,,35754,5.0,5,,,,,,,,
,,,,,35761,7.0,7,,,,,,,,
,,,,,35767,6.0,6,,,,,,,,
,,,,,35773,6.0,6,,,,,,,,
,,,,,35776,3.0,3,,,,,,,,
,,,,,35782,6.0,6,,,,,,,,
,,,,,35798,16.0,16,,,,,,,,
,,,,,35802,4.0,4,,,,,,,,
,,,,,35808,6.0,6,,,,,,,,
,,,,,35820,12.0,12,,,,,,,,
,,,,,35823,3.0,3,,,,,,,,
,,,,,35826,3.0,3,,,,,,,,
,,,,,35830,4.0,4,,,,,,,,
,,,,,35834,4.0,4,,,,,,,,
,,,,,35846,12.0,12,,,,,,,,
,,,,,35849,3.0,3,,,,,,,,
,,,,,35853,4.0,4,,,,,,,,
,,,,,35861,8.0,8,,,,,,,,
,,,,,35866,5.0,5,,,,,,,,
,,,,,35871,5.0,5,,,,,,,,
,,,,,35876,5.0,5,,,,,,,,
,,,,,35881,5.0,5,,,,,,,,
,,,,,35884,3.0,3,,,,,,,,
,,,,,35888,4.0,4,,,,,,,,
,,,,,35892,4.0,4,,,,,,,,
,,,,,35897,5.0,5,,,,,,,,
,,,,,35901,4.0,4,,,,,,,,
,,,,,35909,8.0,8,,,,,,,,
,,,,,35914,5.0,5,,,,,,,,
,,,,,35920,6.0,6,,,,,,,,
,,,,,35929,9.0,9,,,,,,,,
,,,,,35934,5.0,5,,,,,,,,
,,,,,35943,9.0,9,,,,,,,,
,,,,,35947,4.0,4,,,,,,,,
,,,,,35950,3.0,3,,,,,,,,
,,,,,35956,6.0,6,,,,,,,,
,,,,,35960,4.0,4,,,,,,,,
,,,,,35965,5.0,5,,,,,,,,
,,,,,35969,4.0,4,,,,,,,,
,,,,,35974,5.0,5,,,,,,,,
,,,,,35982,8.0,8,,,,,,,,
,,,,,35987,5.0,5,,,,,,,,
,,,,,35994,7.0,7,,,,,,,,
,,,,,35997,3.0,3,,,,,,,,
,,,,,36000,,,-0.06814990937709808,0.6814990639686584,1.8205952644348145,4.619641304016113,4.37736701965332,0.0003,0.0003,0.1
,,,,,36013,16.0,16,,,,,,,,
,,,,,36022,9.0,9,,,,,,,,
,,,,,36025,3.0,3,,,,,,,,
,,,,,36038,13.0,13,,,,,,,,
,,,,,36044,6.0,6,,,,,,,,
,,,,,36053,9.0,9,,,,,,,,
,,,,,36056,3.0,3,,,,,,,,
,,,,,36061,5.0,5,,,,,,,,
,,,,,36064,3.0,3,,,,,,,,
,,,,,36070,6.0,6,,,,,,,,
,,,,,36075,5.0,5,,,,,,,,
,,,,,36080,5.0,5,,,,,,,,
,,,,,36089,9.0,9,,,,,,,,
,,,,,36097,8.0,8,,,,,,,,
,,,,,36102,5.0,5,,,,,,,,
,,,,,36105,3.0,3,,,,,,,,
,,,,,36108,3.0,3,,,,,,,,
,,,,,36112,4.0,4,,,,,,,,
,,,,,36117,5.0,5,,,,,,,,
,,,,,36122,5.0,5,,,,,,,,
,,,,,36125,3.0,3,,,,,,,,
,,,,,36129,4.0,4,,,,,,,,
,,,,,36138,9.0,9,,,,,,,,
,,,,,36145,7.0,7,,,,,,,,
,,,,,36152,7.0,7,,,,,,,,
,,,,,36161,9.0,9,,,,,,,,
,,,,,36165,4.0,4,,,,,,,,
,,,,,36172,7.0,7,,,,,,,,
,,,,,36175,3.0,3,,,,,,,,
,,,,,36182,7.0,7,,,,,,,,
,,,,,36185,3.0,3,,,,,,,,
,,,,,36192,7.0,7,,,,,,,,
,,,,,36195,3.0,3,,,,,,,,
,,,,,36210,15.0,15,,,,,,,,
,,,,,36214,4.0,4,,,,,,,,
,,,,,36222,8.0,8,,,,,,,,
,,,,,36225,3.0,3,,,,,,,,
,,,,,36228,3.0,3,,,,,,,,
,,,,,36235,7.0,7,,,,,,,,
,,,,,36251,16.0,16,,,,,,,,
,,,,,36259,8.0,8,,,,,,,,
,,,,,36269,10.0,10,,,,,,,,
,,,,,36273,4.0,4,,,,,,,,
,,,,,36281,8.0,8,,,,,,,,
,,,,,36289,8.0,8,,,,,,,,
,,,,,36292,3.0,3,,,,,,,,
,,,,,36299,7.0,7,,,,,,,,
,,,,,36307,8.0,8,,,,,,,,
,,,,,36311,4.0,4,,,,,,,,
,,,,,36315,4.0,4,,,,,,,,
,,,,,36318,3.0,3,,,,,,,,
,,,,,36321,3.0,3,,,,,,,,
,,,,,36332,11.0,11,,,,,,,,
,,,,,36338,6.0,6,,,,,,,,
,,,,,36343,5.0,5,,,,,,,,
,,,,,36347,4.0,4,,,,,,,,
,,,,,36350,3.0,3,,,,,,,,
,,,,,36357,7.0,7,,,,,,,,
,,,,,36364,7.0,7,,,,,,,,
,,,,,36368,4.0,4,,,,,,,,
,,,,,36385,17.0,17,,,,,,,,
,,,,,36388,3.0,3,,,,,,,,
,,,,,36393,5.0,5,,,,,,,,
,,,,,36402,9.0,9,,,,,,,,
,,,,,36409,7.0,7,,,,,,,,
,,,,,36415,6.0,6,,,,,,,,
,,,,,36418,3.0,3,,,,,,,,
,,,,,36421,3.0,3,,,,,,,,
,,,,,36427,6.0,6,,,,,,,,
,,,,,36430,3.0,3,,,,,,,,
,,,,,36434,4.0,4,,,,,,,,
,,,,,36444,10.0,10,,,,,,,,
,,,,,36447,3.0,3,,,,,,,,
,,,,,36456,9.0,9,,,,,,,,
,,,,,36463,7.0,7,,,,,,,,
,,,,,36467,4.0,4,,,,,,,,
,,,,,36471,4.0,4,,,,,,,,
,,,,,36475,4.0,4,,,,,,,,
,,,,,36480,5.0,5,,,,,,,,
,,,,,36484,4.0,4,,,,,,,,
,,,,,36487,3.0,3,,,,,,,,
,,,,,36491,4.0,4,,,,,,,,
,,,,,36496,5.0,5,,,,,,,,
,,,,,36500,4.0,4,,,,,,,,
,,,,,36503,3.0,3,,,,,,,,
,,,,,36511,8.0,8,,,,,,,,
,,,,,36528,17.0,17,,,,,,,,
,,,,,36534,6.0,6,,,,,,,,
,,,,,36538,4.0,4,,,,,,,,
,,,,,36544,6.0,6,,,,,,,,
,,,,,36553,9.0,9,,,,,,,,
,,,,,36559,6.0,6,,,,,,,,
,,,,,36568,9.0,9,,,,,,,,
,,,,,36571,3.0,3,,,,,,,,
,,,,,36575,4.0,4,,,,,,,,
,,,,,36580,5.0,5,,,,,,,,
,,,,,36584,4.0,4,,,,,,,,
,,,,,36588,4.0,4,,,,,,,,
,,,,,36594,6.0,6,,,,,,,,
,,,,,36598,4.0,4,,,,,,,,
,,,,,36603,5.0,5,,,,,,,,
,,,,,36610,7.0,7,,,,,,,,
,,,,,36616,6.0,6,,,,,,,,
,,,,,36620,4.0,4,,,,,,,,
,,,,,36629,9.0,9,,,,,,,,
,,,,,36643,14.0,14,,,,,,,,
,,,,,36646,3.0,3,,,,,,,,
,,,,,36655,9.0,9,,,,,,,,
,,,,,36665,10.0,10,,,,,,,,
,,,,,36678,13.0,13,,,,,,,,
,,,,,36686,8.0,8,,,,,,,,
,,,,,36690,4.0,4,,,,,,,,
,,,,,36702,12.0,12,,,,,,,,
,,,,,36709,7.0,7,,,,,,,,
,,,,,36712,3.0,3,,,,,,,,
,,,,,36724,12.0,12,,,,,,,,
,,,,,36728,4.0,4,,,,,,,,
,,,,,36731,3.0,3,,,,,,,,
,,,,,36739,8.0,8,,,,,,,,
,,,,,36742,3.0,3,,,,,,,,
,,,,,36745,3.0,3,,,,,,,,
,,,,,36753,8.0,8,,,,,,,,
,,,,,36757,4.0,4,,,,,,,,
,,,,,36762,5.0,5,,,,,,,,
,,,,,36767,5.0,5,,,,,,,,
,,,,,36773,6.0,6,,,,,,,,
,,,,,36776,3.0,3,,,,,,,,
,,,,,36781,5.0,5,,,,,,,,
,,,,,36785,4.0,4,,,,,,,,
,,,,,36795,10.0,10,,,,,,,,
,,,,,36798,3.0,3,,,,,,,,
,,,,,36801,3.0,3,,,,,,,,
,,,,,36805,4.0,4,,,,,,,,
,,,,,36814,9.0,9,,,,,,,,
,,,,,36817,3.0,3,,,,,,,,
,,,,,36824,7.0,7,,,,,,,,
,,,,,36828,4.0,4,,,,,,,,
,,,,,36839,11.0,11,,,,,,,,
,,,,,36846,7.0,7,,,,,,,,
,,,,,36851,5.0,5,,,,,,,,
,,,,,36855,4.0,4,,,,,,,,
,,,,,36859,4.0,4,,,,,,,,
,,,,,36862,3.0,3,,,,,,,,
,,,,,36865,3.0,3,,,,,,,,
,,,,,36869,4.0,4,,,,,,,,
,,,,,36882,13.0,13,,,,,,,,
,,,,,36886,4.0,4,,,,,,,,
,,,,,36890,4.0,4,,,,,,,,
,,,,,36896,6.0,6,,,,,,,,
,,,,,36901,5.0,5,,,,,,,,
,,,,,36906,5.0,5,,,,,,,,
,,,,,36914,8.0,8,,,,,,,,
,,,,,36920,6.0,6,,,,,,,,
,,,,,36924,4.0,4,,,,,,,,
,,,,,36932,8.0,8,,,,,,,,
,,,,,36938,6.0,6,,,,,,,,
,,,,,36946,8.0,8,,,,,,,,
,,,,,36949,3.0,3,,,,,,,,
,,,,,36953,4.0,4,,,,,,,,
,,,,,36959,6.0,6,,,,,,,,
,,,,,36969,10.0,10,,,,,,,,
,,,,,36973,4.0,4,,,,,,,,
,,,,,36982,9.0,9,,,,,,,,
,,,,,36988,6.0,6,,,,,,,,
,,,,,36995,7.0,7,,,,,,,,
,,,,,37000,,,-0.06940364092588425,0.6940363645553589,2.2060413360595703,4.631575584411621,4.763217926025391,0.0003,0.0003,0.1
,,,,,37002,7.0,7,,,,,,,,
,,,,,37005,3.0,3,,,,,,,,
,,,,,37011,6.0,6,,,,,,,,
,,,,,37015,4.0,4,,,,,,,,
,,,,,37019,4.0,4,,,,,,,,
,,,,,37022,3.0,3,,,,,,,,
,,,,,37030,8.0,8,,,,,,,,
,,,,,37039,9.0,9,,,,,,,,
,,,,,37045,6.0,6,,,,,,,,
,,,,,37048,3.0,3,,,,,,,,
,,,,,37052,4.0,4,,,,,,,,
,,,,,37056,4.0,4,,,,,,,,
,,,,,37066,10.0,10,,,,,,,,
,,,,,37073,7.0,7,,,,,,,,
,,,,,37079,6.0,6,,,,,,,,
,,,,,37082,3.0,3,,,,,,,,
,,,,,37088,6.0,6,,,,,,,,
,,,,,37102,14.0,14,,,,,,,,
,,,,,37105,3.0,3,,,,,,,,
,,,,,37110,5.0,5,,,,,,,,
,,,,,37119,9.0,9,,,,,,,,
,,,,,37128,9.0,9,,,,,,,,
,,,,,37135,7.0,7,,,,,,,,
,,,,,37139,4.0,4,,,,,,,,
,,,,,37144,5.0,5,,,,,,,,
,,,,,37155,11.0,11,,,,,,,,
,,,,,37163,8.0,8,,,,,,,,
,,,,,37166,3.0,3,,,,,,,,
,,,,,37170,4.0,4,,,,,,,,
,,,,,37182,12.0,12,,,,,,,,
,,,,,37186,4.0,4,,,,,,,,
,,,,,37192,6.0,6,,,,,,,,
,,,,,37197,5.0,5,,,,,,,,
,,,,,37201,4.0,4,,,,,,,,
,,,,,37205,4.0,4,,,,,,,,
,,,,,37209,4.0,4,,,,,,,,
,,,,,37212,3.0,3,,,,,,,,
,,,,,37219,7.0,7,,,,,,,,
,,,,,37222,3.0,3,,,,,,,,
,,,,,37231,9.0,9,,,,,,,,
,,,,,37237,6.0,6,,,,,,,,
,,,,,37242,5.0,5,,,,,,,,
,,,,,37245,3.0,3,,,,,,,,
,,,,,37248,3.0,3,,,,,,,,
,,,,,37255,7.0,7,,,,,,,,
,,,,,37260,5.0,5,,,,,,,,
,,,,,37264,4.0,4,,,,,,,,
,,,,,37272,8.0,8,,,,,,,,
,,,,,37275,3.0,3,,,,,,,,
,,,,,37279,4.0,4,,,,,,,,
,,,,,37288,9.0,9,,,,,,,,
,,,,,37291,3.0,3,,,,,,,,
,,,,,37301,10.0,10,,,,,,,,
,,,,,37305,4.0,4,,,,,,,,
,,,,,37309,4.0,4,,,,,,,,
,,,,,37313,4.0,4,,,,,,,,
,,,,,37319,6.0,6,,,,,,,,
,,,,,37330,11.0,11,,,,,,,,
,,,,,37337,7.0,7,,,,,,,,
,,,,,37340,3.0,3,,,,,,,,
,,,,,37345,5.0,5,,,,,,,,
,,,,,37352,7.0,7,,,,,,,,
,,,,,37355,3.0,3,,,,,,,,
,,,,,37363,8.0,8,,,,,,,,
,,,,,37366,3.0,3,,,,,,,,
,,,,,37370,4.0,4,,,,,,,,
,,,,,37374,4.0,4,,,,,,,,
,,,,,37378,4.0,4,,,,,,,,
,,,,,37382,4.0,4,,,,,,,,
,,,,,37387,5.0,5,,,,,,,,
,,,,,37390,3.0,3,,,,,,,,
,,,,,37399,9.0,9,,,,,,,,
,,,,,37402,3.0,3,,,,,,,,
,,,,,37411,9.0,9,,,,,,,,
,,,,,37418,7.0,7,,,,,,,,
,,,,,37423,5.0,5,,,,,,,,
,,,,,37426,3.0,3,,,,,,,,
,,,,,37429,3.0,3,,,,,,,,
,,,,,37433,4.0,4,,,,,,,,
,,,,,37437,4.0,4,,,,,,,,
,,,,,37441,4.0,4,,,,,,,,
,,,,,37449,8.0,8,,,,,,,,
,,,,,37452,3.0,3,,,,,,,,
,,,,,37464,12.0,12,,,,,,,,
,,,,,37468,4.0,4,,,,,,,,
,,,,,37476,8.0,8,,,,,,,,
,,,,,37482,6.0,6,,,,,,,,
,,,,,37488,6.0,6,,,,,,,,
,,,,,37492,4.0,4,,,,,,,,
,,,,,37499,7.0,7,,,,,,,,
,,,,,37504,5.0,5,,,,,,,,
,,,,,37512,8.0,8,,,,,,,,
,,,,,37519,7.0,7,,,,,,,,
,,,,,37522,3.0,3,,,,,,,,
,,,,,37531,9.0,9,,,,,,,,
,,,,,37544,13.0,13,,,,,,,,
,,,,,37554,10.0,10,,,,,,,,
,,,,,37557,3.0,3,,,,,,,,
,,,,,37562,5.0,5,,,,,,,,
,,,,,37568,6.0,6,,,,,,,,
,,,,,37576,8.0,8,,,,,,,,
,,,,,37579,3.0,3,,,,,,,,
,,,,,37587,8.0,8,,,,,,,,
,,,,,37598,11.0,11,,,,,,,,
,,,,,37602,4.0,4,,,,,,,,
,,,,,37610,8.0,8,,,,,,,,
,,,,,37614,4.0,4,,,,,,,,
,,,,,37619,5.0,5,,,,,,,,
,,,,,37623,4.0,4,,,,,,,,
,,,,,37627,4.0,4,,,,,,,,
,,,,,37634,7.0,7,,,,,,,,
,,,,,37638,4.0,4,,,,,,,,
,,,,,37649,11.0,11,,,,,,,,
,,,,,37659,10.0,10,,,,,,,,
,,,,,37663,4.0,4,,,,,,,,
,,,,,37666,3.0,3,,,,,,,,
,,,,,37674,8.0,8,,,,,,,,
,,,,,37686,12.0,12,,,,,,,,
,,,,,37689,3.0,3,,,,,,,,
,,,,,37696,7.0,7,,,,,,,,
,,,,,37700,4.0,4,,,,,,,,
,,,,,37714,14.0,14,,,,,,,,
,,,,,37719,5.0,5,,,,,,,,
,,,,,37723,4.0,4,,,,,,,,
,,,,,37726,3.0,3,,,,,,,,
,,,,,37730,4.0,4,,,,,,,,
,,,,,37736,6.0,6,,,,,,,,
,,,,,37741,5.0,5,,,,,,,,
,,,,,37745,4.0,4,,,,,,,,
,,,,,37748,3.0,3,,,,,,,,
,,,,,37751,3.0,3,,,,,,,,
,,,,,37768,17.0,17,,,,,,,,
,,,,,37774,6.0,6,,,,,,,,
,,,,,37777,3.0,3,,,,,,,,
,,,,,37782,5.0,5,,,,,,,,
,,,,,37787,5.0,5,,,,,,,,
,,,,,37794,7.0,7,,,,,,,,
,,,,,37810,16.0,16,,,,,,,,
,,,,,37815,5.0,5,,,,,,,,
,,,,,37820,5.0,5,,,,,,,,
,,,,,37823,3.0,3,,,,,,,,
,,,,,37827,4.0,4,,,,,,,,
,,,,,37834,7.0,7,,,,,,,,
,,,,,37837,3.0,3,,,,,,,,
,,,,,37843,6.0,6,,,,,,,,
,,,,,37851,8.0,8,,,,,,,,
,,,,,37865,14.0,14,,,,,,,,
,,,,,37869,4.0,4,,,,,,,,
,,,,,37872,3.0,3,,,,,,,,
,,,,,37880,8.0,8,,,,,,,,
,,,,,37889,9.0,9,,,,,,,,
,,,,,37896,7.0,7,,,,,,,,
,,,,,37903,7.0,7,,,,,,,,
,,,,,37907,4.0,4,,,,,,,,
,,,,,37911,4.0,4,,,,,,,,
,,,,,37921,10.0,10,,,,,,,,
,,,,,37924,3.0,3,,,,,,,,
,,,,,37927,3.0,3,,,,,,,,
,,,,,37934,7.0,7,,,,,,,,
,,,,,37939,5.0,5,,,,,,,,
,,,,,37945,6.0,6,,,,,,,,
,,,,,37958,13.0,13,,,,,,,,
,,,,,37961,3.0,3,,,,,,,,
,,,,,37971,10.0,10,,,,,,,,
,,,,,37974,3.0,3,,,,,,,,
,,,,,37977,3.0,3,,,,,,,,
,,,,,37981,4.0,4,,,,,,,,
,,,,,37984,3.0,3,,,,,,,,
,,,,,37996,12.0,12,,,,,,,,
,,,,,38000,,,-0.06911617517471313,0.6911617517471313,1.6923613548278809,4.493926048278809,4.334718704223633,0.0003,0.0003,0.1
,,,,,38001,5.0,5,,,,,,,,
,,,,,38006,5.0,5,,,,,,,,
,,,,,38016,10.0,10,,,,,,,,
,,,,,38020,4.0,4,,,,,,,,
,,,,,38023,3.0,3,,,,,,,,
,,,,,38028,5.0,5,,,,,,,,
,,,,,38031,3.0,3,,,,,,,,
,,,,,38036,5.0,5,,,,,,,,
,,,,,38040,4.0,4,,,,,,,,
,,,,,38056,16.0,16,,,,,,,,
,,,,,38061,5.0,5,,,,,,,,
,,,,,38065,4.0,4,,,,,,,,
,,,,,38069,4.0,4,,,,,,,,
,,,,,38072,3.0,3,,,,,,,,
,,,,,38082,10.0,10,,,,,,,,
,,,,,38085,3.0,3,,,,,,,,
,,,,,38088,3.0,3,,,,,,,,
,,,,,38095,7.0,7,,,,,,,,
,,,,,38102,7.0,7,,,,,,,,
,,,,,38105,3.0,3,,,,,,,,
,,,,,38108,3.0,3,,,,,,,,
,,,,,38112,4.0,4,,,,,,,,
,,,,,38127,15.0,15,,,,,,,,
,,,,,38130,3.0,3,,,,,,,,
,,,,,38137,7.0,7,,,,,,,,
,,,,,38141,4.0,4,,,,,,,,
,,,,,38144,3.0,3,,,,,,,,
,,,,,38149,5.0,5,,,,,,,,
,,,,,38152,3.0,3,,,,,,,,
,,,,,38156,4.0,4,,,,,,,,
,,,,,38161,5.0,5,,,,,,,,
,,,,,38168,7.0,7,,,,,,,,
,,,,,38173,5.0,5,,,,,,,,
,,,,,38179,6.0,6,,,,,,,,
,,,,,38183,4.0,4,,,,,,,,
,,,,,38194,11.0,11,,,,,,,,
,,,,,38199,5.0,5,,,,,,,,
,,,,,38204,5.0,5,,,,,,,,
,,,,,38207,3.0,3,,,,,,,,
,,,,,38225,18.0,18,,,,,,,,
,,,,,38228,3.0,3,,,,,,,,
,,,,,38231,3.0,3,,,,,,,,
,,,,,38236,5.0,5,,,,,,,,
,,,,,38244,8.0,8,,,,,,,,
,,,,,38252,8.0,8,,,,,,,,
,,,,,38255,3.0,3,,,,,,,,
,,,,,38260,5.0,5,,,,,,,,
,,,,,38267,7.0,7,,,,,,,,
,,,,,38271,4.0,4,,,,,,,,
,,,,,38278,7.0,7,,,,,,,,
,,,,,38285,7.0,7,,,,,,,,
,,,,,38295,10.0,10,,,,,,,,
,,,,,38299,4.0,4,,,,,,,,
,,,,,38311,12.0,12,,,,,,,,
,,,,,38317,6.0,6,,,,,,,,
,,,,,38320,3.0,3,,,,,,,,
,,,,,38324,4.0,4,,,,,,,,
,,,,,38327,3.0,3,,,,,,,,
,,,,,38331,4.0,4,,,,,,,,
,,,,,38338,7.0,7,,,,,,,,
,,,,,38341,3.0,3,,,,,,,,
,,,,,38347,6.0,6,,,,,,,,
,,,,,38352,5.0,5,,,,,,,,
,,,,,38358,6.0,6,,,,,,,,
,,,,,38371,13.0,13,,,,,,,,
,,,,,38377,6.0,6,,,,,,,,
,,,,,38383,6.0,6,,,,,,,,
,,,,,38387,4.0,4,,,,,,,,
,,,,,38401,14.0,14,,,,,,,,
,,,,,38409,8.0,8,,,,,,,,
,,,,,38412,3.0,3,,,,,,,,
,,,,,38415,3.0,3,,,,,,,,
,,,,,38422,7.0,7,,,,,,,,
,,,,,38432,10.0,10,,,,,,,,
,,,,,38440,8.0,8,,,,,,,,
,,,,,38446,6.0,6,,,,,,,,
,,,,,38449,3.0,3,,,,,,,,
,,,,,38455,6.0,6,,,,,,,,
,,,,,38460,5.0,5,,,,,,,,
,,,,,38464,4.0,4,,,,,,,,
,,,,,38467,3.0,3,,,,,,,,
,,,,,38481,14.0,14,,,,,,,,
,,,,,38489,8.0,8,,,,,,,,
,,,,,38495,6.0,6,,,,,,,,
,,,,,38500,5.0,5,,,,,,,,
,,,,,38503,3.0,3,,,,,,,,
,,,,,38507,4.0,4,,,,,,,,
,,,,,38515,8.0,8,,,,,,,,
,,,,,38522,7.0,7,,,,,,,,
,,,,,38541,19.0,19,,,,,,,,
,,,,,38544,3.0,3,,,,,,,,
,,,,,38551,7.0,7,,,,,,,,
,,,,,38554,3.0,3,,,,,,,,
,,,,,38564,10.0,10,,,,,,,,
,,,,,38567,3.0,3,,,,,,,,
,,,,,38585,18.0,18,,,,,,,,
,,,,,38590,5.0,5,,,,,,,,
,,,,,38597,7.0,7,,,,,,,,
,,,,,38610,13.0,13,,,,,,,,
,,,,,38614,4.0,4,,,,,,,,
,,,,,38617,3.0,3,,,,,,,,
,,,,,38620,3.0,3,,,,,,,,
,,,,,38626,6.0,6,,,,,,,,
,,,,,38629,3.0,3,,,,,,,,
,,,,,38636,7.0,7,,,,,,,,
,,,,,38643,7.0,7,,,,,,,,
,,,,,38651,8.0,8,,,,,,,,
,,,,,38654,3.0,3,,,,,,,,
,,,,,38658,4.0,4,,,,,,,,
,,,,,38664,6.0,6,,,,,,,,
,,,,,38678,14.0,14,,,,,,,,
,,,,,38685,7.0,7,,,,,,,,
,,,,,38690,5.0,5,,,,,,,,
,,,,,38699,9.0,9,,,,,,,,
,,,,,38703,4.0,4,,,,,,,,
,,,,,38711,8.0,8,,,,,,,,
,,,,,38714,3.0,3,,,,,,,,
,,,,,38718,4.0,4,,,,,,,,
,,,,,38722,4.0,4,,,,,,,,
,,,,,38733,11.0,11,,,,,,,,
,,,,,38741,8.0,8,,,,,,,,
,,,,,38744,3.0,3,,,,,,,,
,,,,,38748,4.0,4,,,,,,,,
,,,,,38753,5.0,5,,,,,,,,
,,,,,38762,9.0,9,,,,,,,,
,,,,,38770,8.0,8,,,,,,,,
,,,,,38782,12.0,12,,,,,,,,
,,,,,38786,4.0,4,,,,,,,,
,,,,,38795,9.0,9,,,,,,,,
,,,,,38803,8.0,8,,,,,,,,
,,,,,38808,5.0,5,,,,,,,,
,,,,,38814,6.0,6,,,,,,,,
,,,,,38818,4.0,4,,,,,,,,
,,,,,38823,5.0,5,,,,,,,,
,,,,,38827,4.0,4,,,,,,,,
,,,,,38834,7.0,7,,,,,,,,
,,,,,38840,6.0,6,,,,,,,,
,,,,,38847,7.0,7,,,,,,,,
,,,,,38852,5.0,5,,,,,,,,
,,,,,38857,5.0,5,,,,,,,,
,,,,,38867,10.0,10,,,,,,,,
,,,,,38870,3.0,3,,,,,,,,
,,,,,38880,10.0,10,,,,,,,,
,,,,,38887,7.0,7,,,,,,,,
,,,,,38890,3.0,3,,,,,,,,
,,,,,38898,8.0,8,,,,,,,,
,,,,,38902,4.0,4,,,,,,,,
,,,,,38910,8.0,8,,,,,,,,
,,,,,38917,7.0,7,,,,,,,,
,,,,,38921,4.0,4,,,,,,,,
,,,,,38932,11.0,11,,,,,,,,
,,,,,38936,4.0,4,,,,,,,,
,,,,,38941,5.0,5,,,,,,,,
,,,,,38948,7.0,7,,,,,,,,
,,,,,38951,3.0,3,,,,,,,,
,,,,,38961,10.0,10,,,,,,,,
,,,,,38966,5.0,5,,,,,,,,
,,,,,38974,8.0,8,,,,,,,,
,,,,,38980,6.0,6,,,,,,,,
,,,,,38983,3.0,3,,,,,,,,
,,,,,38987,4.0,4,,,,,,,,
,,,,,38991,4.0,4,,,,,,,,
,,,,,38995,4.0,4,,,,,,,,
,,,,,39000,,,-0.0689174085855484,0.6891740560531616,1.7643749713897705,4.329819202423096,4.380511283874512,0.0003,0.0003,0.1
,,,,,39001,6.0,6,,,,,,,,
,,,,,39004,3.0,3,,,,,,,,
,,,,,39007,3.0,3,,,,,,,,
,,,,,39019,12.0,12,,,,,,,,
,,,,,39028,9.0,9,,,,,,,,
,,,,,39037,9.0,9,,,,,,,,
,,,,,39043,6.0,6,,,,,,,,
,,,,,39049,6.0,6,,,,,,,,
,,,,,39058,9.0,9,,,,,,,,
,,,,,39063,5.0,5,,,,,,,,
,,,,,39078,15.0,15,,,,,,,,
,,,,,39082,4.0,4,,,,,,,,
,,,,,39085,3.0,3,,,,,,,,
,,,,,39093,8.0,8,,,,,,,,
,,,,,39096,3.0,3,,,,,,,,
,,,,,39104,8.0,8,,,,,,,,
,,,,,39123,19.0,19,,,,,,,,
,,,,,39126,3.0,3,,,,,,,,
,,,,,39139,13.0,13,,,,,,,,
,,,,,39143,4.0,4,,,,,,,,
,,,,,39148,5.0,5,,,,,,,,
,,,,,39157,9.0,9,,,,,,,,
,,,,,39164,7.0,7,,,,,,,,
,,,,,39168,4.0,4,,,,,,,,
,,,,,39175,7.0,7,,,,,,,,
,,,,,39179,4.0,4,,,,,,,,
,,,,,39188,9.0,9,,,,,,,,
,,,,,39193,5.0,5,,,,,,,,
,,,,,39200,7.0,7,,,,,,,,
,,,,,39204,4.0,4,,,,,,,,
,,,,,39209,5.0,5,,,,,,,,
,,,,,39212,3.0,3,,,,,,,,
,,,,,39220,8.0,8,,,,,,,,
,,,,,39229,9.0,9,,,,,,,,
,,,,,39233,4.0,4,,,,,,,,
,,,,,39236,3.0,3,,,,,,,,
,,,,,39239,3.0,3,,,,,,,,
,,,,,39245,6.0,6,,,,,,,,
,,,,,39248,3.0,3,,,,,,,,
,,,,,39253,5.0,5,,,,,,,,
,,,,,39263,10.0,10,,,,,,,,
,,,,,39272,9.0,9,,,,,,,,
,,,,,39276,4.0,4,,,,,,,,
,,,,,39283,7.0,7,,,,,,,,
,,,,,39289,6.0,6,,,,,,,,
,,,,,39292,3.0,3,,,,,,,,
,,,,,39302,10.0,10,,,,,,,,
,,,,,39310,8.0,8,,,,,,,,
,,,,,39317,7.0,7,,,,,,,,
,,,,,39320,3.0,3,,,,,,,,
,,,,,39325,5.0,5,,,,,,,,
,,,,,39330,5.0,5,,,,,,,,
,,,,,39333,3.0,3,,,,,,,,
,,,,,39336,3.0,3,,,,,,,,
,,,,,39341,5.0,5,,,,,,,,
,,,,,39350,9.0,9,,,,,,,,
,,,,,39356,6.0,6,,,,,,,,
,,,,,39360,4.0,4,,,,,,,,
,,,,,39376,16.0,16,,,,,,,,
,,,,,39384,8.0,8,,,,,,,,
,,,,,39393,9.0,9,,,,,,,,
,,,,,39401,8.0,8,,,,,,,,
,,,,,39408,7.0,7,,,,,,,,
,,,,,39411,3.0,3,,,,,,,,
,,,,,39414,3.0,3,,,,,,,,
,,,,,39429,15.0,15,,,,,,,,
,,,,,39447,18.0,18,,,,,,,,
,,,,,39457,10.0,10,,,,,,,,
,,,,,39463,6.0,6,,,,,,,,
,,,,,39474,11.0,11,,,,,,,,
,,,,,39480,6.0,6,,,,,,,,
,,,,,39495,15.0,15,,,,,,,,
,,,,,39500,5.0,5,,,,,,,,
,,,,,39503,3.0,3,,,,,,,,
,,,,,39515,12.0,12,,,,,,,,
,,,,,39522,7.0,7,,,,,,,,
,,,,,39529,7.0,7,,,,,,,,
,,,,,39532,3.0,3,,,,,,,,
,,,,,39537,5.0,5,,,,,,,,
,,,,,39546,9.0,9,,,,,,,,
,,,,,39549,3.0,3,,,,,,,,
,,,,,39554,5.0,5,,,,,,,,
,,,,,39557,3.0,3,,,,,,,,
,,,,,39562,5.0,5,,,,,,,,
,,,,,39568,6.0,6,,,,,,,,
,,,,,39575,7.0,7,,,,,,,,
,,,,,39578,3.0,3,,,,,,,,
,,,,,39590,12.0,12,,,,,,,,
,,,,,39596,6.0,6,,,,,,,,
,,,,,39605,9.0,9,,,,,,,,
,,,,,39611,6.0,6,,,,,,,,
,,,,,39614,3.0,3,,,,,,,,
,,,,,39618,4.0,4,,,,,,,,
,,,,,39621,3.0,3,,,,,,,,
,,,,,39631,10.0,10,,,,,,,,
,,,,,39634,3.0,3,,,,,,,,
,,,,,39645,11.0,11,,,,,,,,
,,,,,39651,6.0,6,,,,,,,,
,,,,,39654,3.0,3,,,,,,,,
,,,,,39657,3.0,3,,,,,,,,
,,,,,39664,7.0,7,,,,,,,,
,,,,,39668,4.0,4,,,,,,,,
,,,,,39681,13.0,13,,,,,,,,
,,,,,39690,9.0,9,,,,,,,,
,,,,,39694,4.0,4,,,,,,,,
,,,,,39697,3.0,3,,,,,,,,
,,,,,39700,3.0,3,,,,,,,,
,,,,,39703,3.0,3,,,,,,,,
,,,,,39709,6.0,6,,,,,,,,
,,,,,39715,6.0,6,,,,,,,,
,,,,,39721,6.0,6,,,,,,,,
,,,,,39724,3.0,3,,,,,,,,
,,,,,39730,6.0,6,,,,,,,,
,,,,,39734,4.0,4,,,,,,,,
,,,,,39740,6.0,6,,,,,,,,
,,,,,39746,6.0,6,,,,,,,,
,,,,,39755,9.0,9,,,,,,,,
,,,,,39762,7.0,7,,,,,,,,
,,,,,39766,4.0,4,,,,,,,,
,,,,,39771,5.0,5,,,,,,,,
,,,,,39785,14.0,14,,,,,,,,
,,,,,39791,6.0,6,,,,,,,,
,,,,,39797,6.0,6,,,,,,,,
,,,,,39800,3.0,3,,,,,,,,
,,,,,39805,5.0,5,,,,,,,,
,,,,,39808,3.0,3,,,,,,,,
,,,,,39811,3.0,3,,,,,,,,
,,,,,39815,4.0,4,,,,,,,,
,,,,,39825,10.0,10,,,,,,,,
,,,,,39829,4.0,4,,,,,,,,
,,,,,39832,3.0,3,,,,,,,,
,,,,,39838,6.0,6,,,,,,,,
,,,,,39853,15.0,15,,,,,,,,
,,,,,39858,5.0,5,,,,,,,,
,,,,,39867,9.0,9,,,,,,,,
,,,,,39870,3.0,3,,,,,,,,
,,,,,39874,4.0,4,,,,,,,,
,,,,,39879,5.0,5,,,,,,,,
,,,,,39883,4.0,4,,,,,,,,
,,,,,39888,5.0,5,,,,,,,,
,,,,,39895,7.0,7,,,,,,,,
,,,,,39902,7.0,7,,,,,,,,
,,,,,39909,7.0,7,,,,,,,,
,,,,,39920,11.0,11,,,,,,,,
,,,,,39948,28.0,28,,,,,,,,
,,,,,39956,8.0,8,,,,,,,,
,,,,,39961,5.0,5,,,,,,,,
,,,,,39965,4.0,4,,,,,,,,
,,,,,39970,5.0,5,,,,,,,,
,,,,,39973,3.0,3,,,,,,,,
,,,,,39976,3.0,3,,,,,,,,
,,,,,39984,8.0,8,,,,,,,,
,,,,,39989,5.0,5,,,,,,,,
,,,,,39994,5.0,5,,,,,,,,
,,,,,39999,5.0,5,,,,,,,,
6.8,3.4292858,14.0,3.0,6.8,40000,,,-0.06788589060306549,0.6788588762283325,1.8940094709396362,4.8916215896606445,4.8275885581970215,0.0003,0.0003,0.1
,,,,,40002,3.0,3,,,,,,,,
,,,,,40005,3.0,3,,,,,,,,
,,,,,40009,4.0,4,,,,,,,,
,,,,,40019,10.0,10,,,,,,,,
,,,,,40037,18.0,18,,,,,,,,
,,,,,40040,3.0,3,,,,,,,,
,,,,,40047,7.0,7,,,,,,,,
,,,,,40051,4.0,4,,,,,,,,
,,,,,40065,14.0,14,,,,,,,,
,,,,,40068,3.0,3,,,,,,,,
,,,,,40074,6.0,6,,,,,,,,
,,,,,40081,7.0,7,,,,,,,,
,,,,,40085,4.0,4,,,,,,,,
,,,,,40089,4.0,4,,,,,,,,
,,,,,40092,3.0,3,,,,,,,,
,,,,,40098,6.0,6,,,,,,,,
,,,,,40103,5.0,5,,,,,,,,
,,,,,40106,3.0,3,,,,,,,,
,,,,,40114,8.0,8,,,,,,,,
,,,,,40118,4.0,4,,,,,,,,
,,,,,40121,3.0,3,,,,,,,,
,,,,,40125,4.0,4,,,,,,,,
,,,,,40129,4.0,4,,,,,,,,
,,,,,40132,3.0,3,,,,,,,,
,,,,,40146,14.0,14,,,,,,,,
,,,,,40159,13.0,13,,,,,,,,
,,,,,40171,12.0,12,,,,,,,,
,,,,,40178,7.0,7,,,,,,,,
,,,,,40181,3.0,3,,,,,,,,
,,,,,40184,3.0,3,,,,,,,,
,,,,,40187,3.0,3,,,,,,,,
,,,,,40195,8.0,8,,,,,,,,
,,,,,40201,6.0,6,,,,,,,,
,,,,,40205,4.0,4,,,,,,,,
,,,,,40212,7.0,7,,,,,,,,
,,,,,40216,4.0,4,,,,,,,,
,,,,,40219,3.0,3,,,,,,,,
,,,,,40230,11.0,11,,,,,,,,
,,,,,40233,3.0,3,,,,,,,,
,,,,,40237,4.0,4,,,,,,,,
,,,,,40244,7.0,7,,,,,,,,
,,,,,40247,3.0,3,,,,,,,,
,,,,,40253,6.0,6,,,,,,,,
,,,,,40268,15.0,15,,,,,,,,
,,,,,40280,12.0,12,,,,,,,,
,,,,,40285,5.0,5,,,,,,,,
,,,,,40290,5.0,5,,,,,,,,
,,,,,40301,11.0,11,,,,,,,,
,,,,,40306,5.0,5,,,,,,,,
,,,,,40316,10.0,10,,,,,,,,
,,,,,40325,9.0,9,,,,,,,,
,,,,,40329,4.0,4,,,,,,,,
,,,,,40334,5.0,5,,,,,,,,
,,,,,40339,5.0,5,,,,,,,,
,,,,,40342,3.0,3,,,,,,,,
,,,,,40345,3.0,3,,,,,,,,
,,,,,40350,5.0,5,,,,,,,,
,,,,,40354,4.0,4,,,,,,,,
,,,,,40368,14.0,14,,,,,,,,
,,,,,40371,3.0,3,,,,,,,,
,,,,,40380,9.0,9,,,,,,,,
,,,,,40386,6.0,6,,,,,,,,
,,,,,40391,5.0,5,,,,,,,,
,,,,,40394,3.0,3,,,,,,,,
,,,,,40405,11.0,11,,,,,,,,
,,,,,40412,7.0,7,,,,,,,,
,,,,,40415,3.0,3,,,,,,,,
,,,,,40426,11.0,11,,,,,,,,
,,,,,40431,5.0,5,,,,,,,,
,,,,,40434,3.0,3,,,,,,,,
,,,,,40437,3.0,3,,,,,,,,
,,,,,40447,10.0,10,,,,,,,,
,,,,,40466,19.0,19,,,,,,,,
,,,,,40469,3.0,3,,,,,,,,
,,,,,40477,8.0,8,,,,,,,,
,,,,,40487,10.0,10,,,,,,,,
,,,,,40493,6.0,6,,,,,,,,
,,,,,40501,8.0,8,,,,,,,,
,,,,,40504,3.0,3,,,,,,,,
,,,,,40508,4.0,4,,,,,,,,
,,,,,40513,5.0,5,,,,,,,,
,,,,,40523,10.0,10,,,,,,,,
,,,,,40529,6.0,6,,,,,,,,
,,,,,40539,10.0,10,,,,,,,,
,,,,,40542,3.0,3,,,,,,,,
,,,,,40547,5.0,5,,,,,,,,
,,,,,40550,3.0,3,,,,,,,,
,,,,,40553,3.0,3,,,,,,,,
,,,,,40557,4.0,4,,,,,,,,
,,,,,40568,11.0,11,,,,,,,,
,,,,,40578,10.0,10,,,,,,,,
,,,,,40583,5.0,5,,,,,,,,
,,,,,40587,4.0,4,,,,,,,,
,,,,,40590,3.0,3,,,,,,,,
,,,,,40593,3.0,3,,,,,,,,
,,,,,40601,8.0,8,,,,,,,,
,,,,,40610,9.0,9,,,,,,,,
,,,,,40624,14.0,14,,,,,,,,
,,,,,40631,7.0,7,,,,,,,,
,,,,,40637,6.0,6,,,,,,,,
,,,,,40647,10.0,10,,,,,,,,
,,,,,40652,5.0,5,,,,,,,,
,,,,,40661,9.0,9,,,,,,,,
,,,,,40667,6.0,6,,,,,,,,
,,,,,40673,6.0,6,,,,,,,,
,,,,,40680,7.0,7,,,,,,,,
,,,,,40684,4.0,4,,,,,,,,
,,,,,40688,4.0,4,,,,,,,,
,,,,,40691,3.0,3,,,,,,,,
,,,,,40698,7.0,7,,,,,,,,
,,,,,40707,9.0,9,,,,,,,,
,,,,,40712,5.0,5,,,,,,,,
,,,,,40724,12.0,12,,,,,,,,
,,,,,40728,4.0,4,,,,,,,,
,,,,,40745,17.0,17,,,,,,,,
,,,,,40753,8.0,8,,,,,,,,
,,,,,40757,4.0,4,,,,,,,,
,,,,,40760,3.0,3,,,,,,,,
,,,,,40764,4.0,4,,,,,,,,
,,,,,40767,3.0,3,,,,,,,,
,,,,,40770,3.0,3,,,,,,,,
,,,,,40778,8.0,8,,,,,,,,
,,,,,40785,7.0,7,,,,,,,,
,,,,,40788,3.0,3,,,,,,,,
,,,,,40794,6.0,6,,,,,,,,
,,,,,40797,3.0,3,,,,,,,,
,,,,,40802,5.0,5,,,,,,,,
,,,,,40808,6.0,6,,,,,,,,
,,,,,40811,3.0,3,,,,,,,,
,,,,,40817,6.0,6,,,,,,,,
,,,,,40820,3.0,3,,,,,,,,
,,,,,40826,6.0,6,,,,,,,,
,,,,,40829,3.0,3,,,,,,,,
,,,,,40833,4.0,4,,,,,,,,
,,,,,40837,4.0,4,,,,,,,,
,,,,,40840,3.0,3,,,,,,,,
,,,,,40843,3.0,3,,,,,,,,
,,,,,40858,15.0,15,,,,,,,,
,,,,,40866,8.0,8,,,,,,,,
,,,,,40869,3.0,3,,,,,,,,
,,,,,40873,4.0,4,,,,,,,,
,,,,,40877,4.0,4,,,,,,,,
,,,,,40883,6.0,6,,,,,,,,
,,,,,40887,4.0,4,,,,,,,,
,,,,,40891,4.0,4,,,,,,,,
,,,,,40894,3.0,3,,,,,,,,
,,,,,40898,4.0,4,,,,,,,,
,,,,,40902,4.0,4,,,,,,,,
,,,,,40905,3.0,3,,,,,,,,
,,,,,40908,3.0,3,,,,,,,,
,,,,,40912,4.0,4,,,,,,,,
,,,,,40916,4.0,4,,,,,,,,
,,,,,40932,16.0,16,,,,,,,,
,,,,,40943,11.0,11,,,,,,,,
,,,,,40946,3.0,3,,,,,,,,
,,,,,40949,3.0,3,,,,,,,,
,,,,,40952,3.0,3,,,,,,,,
,,,,,40955,3.0,3,,,,,,,,
,,,,,40958,3.0,3,,,,,,,,
,,,,,40963,5.0,5,,,,,,,,
,,,,,40966,3.0,3,,,,,,,,
,,,,,40970,4.0,4,,,,,,,,
,,,,,40975,5.0,5,,,,,,,,
,,,,,40980,5.0,5,,,,,,,,
,,,,,40984,4.0,4,,,,,,,,
,,,,,40989,5.0,5,,,,,,,,
,,,,,40992,3.0,3,,,,,,,,
,,,,,40999,7.0,7,,,,,,,,
,,,,,41000,,,-0.06790833175182343,0.6790832877159119,1.6431524753570557,4.53933572769165,4.506882190704346,0.0003,0.0003,0.1
,,,,,41005,6.0,6,,,,,,,,
,,,,,41008,3.0,3,,,,,,,,
,,,,,41015,7.0,7,,,,,,,,
,,,,,41018,3.0,3,,,,,,,,
,,,,,41025,7.0,7,,,,,,,,
,,,,,41032,7.0,7,,,,,,,,
,,,,,41036,4.0,4,,,,,,,,
,,,,,41039,3.0,3,,,,,,,,
,,,,,41043,4.0,4,,,,,,,,
,,,,,41046,3.0,3,,,,,,,,
,,,,,41050,4.0,4,,,,,,,,
,,,,,41061,11.0,11,,,,,,,,
,,,,,41064,3.0,3,,,,,,,,
,,,,,41068,4.0,4,,,,,,,,
,,,,,41072,4.0,4,,,,,,,,
,,,,,41078,6.0,6,,,,,,,,
,,,,,41083,5.0,5,,,,,,,,
,,,,,41087,4.0,4,,,,,,,,
,,,,,41090,3.0,3,,,,,,,,
,,,,,41096,6.0,6,,,,,,,,
,,,,,41100,4.0,4,,,,,,,,
,,,,,41106,6.0,6,,,,,,,,
,,,,,41109,3.0,3,,,,,,,,
,,,,,41113,4.0,4,,,,,,,,
,,,,,41123,10.0,10,,,,,,,,
,,,,,41127,4.0,4,,,,,,,,
,,,,,41135,8.0,8,,,,,,,,
,,,,,41141,6.0,6,,,,,,,,
,,,,,41146,5.0,5,,,,,,,,
,,,,,41152,6.0,6,,,,,,,,
,,,,,41159,7.0,7,,,,,,,,
,,,,,41164,5.0,5,,,,,,,,
,,,,,41167,3.0,3,,,,,,,,
,,,,,41175,8.0,8,,,,,,,,
,,,,,41180,5.0,5,,,,,,,,
,,,,,41187,7.0,7,,,,,,,,
,,,,,41191,4.0,4,,,,,,,,
,,,,,41204,13.0,13,,,,,,,,
,,,,,41215,11.0,11,,,,,,,,
,,,,,41218,3.0,3,,,,,,,,
,,,,,41222,4.0,4,,,,,,,,
,,,,,41229,7.0,7,,,,,,,,
,,,,,41233,4.0,4,,,,,,,,
,,,,,41236,3.0,3,,,,,,,,
,,,,,41240,4.0,4,,,,,,,,
,,,,,41244,4.0,4,,,,,,,,
,,,,,41247,3.0,3,,,,,,,,
,,,,,41257,10.0,10,,,,,,,,
,,,,,41265,8.0,8,,,,,,,,
,,,,,41270,5.0,5,,,,,,,,
,,,,,41273,3.0,3,,,,,,,,
,,,,,41289,16.0,16,,,,,,,,
,,,,,41294,5.0,5,,,,,,,,
,,,,,41302,8.0,8,,,,,,,,
,,,,,41312,10.0,10,,,,,,,,
,,,,,41315,3.0,3,,,,,,,,
,,,,,41318,3.0,3,,,,,,,,
,,,,,41322,4.0,4,,,,,,,,
,,,,,41327,5.0,5,,,,,,,,
,,,,,41331,4.0,4,,,,,,,,
,,,,,41344,13.0,13,,,,,,,,
,,,,,41349,5.0,5,,,,,,,,
,,,,,41353,4.0,4,,,,,,,,
,,,,,41356,3.0,3,,,,,,,,
,,,,,41362,6.0,6,,,,,,,,
,,,,,41366,4.0,4,,,,,,,,
,,,,,41369,3.0,3,,,,,,,,
,,,,,41378,9.0,9,,,,,,,,
,,,,,41381,3.0,3,,,,,,,,
,,,,,41389,8.0,8,,,,,,,,
,,,,,41393,4.0,4,,,,,,,,
,,,,,41401,8.0,8,,,,,,,,
,,,,,41406,5.0,5,,,,,,,,
,,,,,41412,6.0,6,,,,,,,,
,,,,,41419,7.0,7,,,,,,,,
,,,,,41424,5.0,5,,,,,,,,
,,,,,41436,12.0,12,,,,,,,,
,,,,,41443,7.0,7,,,,,,,,
,,,,,41449,6.0,6,,,,,,,,
,,,,,41452,3.0,3,,,,,,,,
,,,,,41456,4.0,4,,,,,,,,
,,,,,41460,4.0,4,,,,,,,,
,,,,,41463,3.0,3,,,,,,,,
,,,,,41466,3.0,3,,,,,,,,
,,,,,41471,5.0,5,,,,,,,,
,,,,,41476,5.0,5,,,,,,,,
,,,,,41481,5.0,5,,,,,,,,
,,,,,41484,3.0,3,,,,,,,,
,,,,,41494,10.0,10,,,,,,,,
,,,,,41497,3.0,3,,,,,,,,
,,,,,41502,5.0,5,,,,,,,,
,,,,,41507,5.0,5,,,,,,,,
,,,,,41512,5.0,5,,,,,,,,
,,,,,41515,3.0,3,,,,,,,,
,,,,,41518,3.0,3,,,,,,,,
,,,,,41523,5.0,5,,,,,,,,
,,,,,41526,3.0,3,,,,,,,,
,,,,,41534,8.0,8,,,,,,,,
,,,,,41538,4.0,4,,,,,,,,
,,,,,41549,11.0,11,,,,,,,,
,,,,,41554,5.0,5,,,,,,,,
,,,,,41563,9.0,9,,,,,,,,
,,,,,41566,3.0,3,,,,,,,,
,,,,,41572,6.0,6,,,,,,,,
,,,,,41579,7.0,7,,,,,,,,
,,,,,41587,8.0,8,,,,,,,,
,,,,,41590,3.0,3,,,,,,,,
,,,,,41596,6.0,6,,,,,,,,
,,,,,41605,9.0,9,,,,,,,,
,,,,,41609,4.0,4,,,,,,,,
,,,,,41613,4.0,4,,,,,,,,
,,,,,41618,5.0,5,,,,,,,,
,,,,,41625,7.0,7,,,,,,,,
,,,,,41629,4.0,4,,,,,,,,
,,,,,41633,4.0,4,,,,,,,,
,,,,,41638,5.0,5,,,,,,,,
,,,,,41647,9.0,9,,,,,,,,
,,,,,41650,3.0,3,,,,,,,,
,,,,,41654,4.0,4,,,,,,,,
,,,,,41661,7.0,7,,,,,,,,
,,,,,41665,4.0,4,,,,,,,,
,,,,,41681,16.0,16,,,,,,,,
,,,,,41685,4.0,4,,,,,,,,
,,,,,41692,7.0,7,,,,,,,,
,,,,,41698,6.0,6,,,,,,,,
,,,,,41704,6.0,6,,,,,,,,
,,,,,41710,6.0,6,,,,,,,,
,,,,,41713,3.0,3,,,,,,,,
,,,,,41717,4.0,4,,,,,,,,
,,,,,41721,4.0,4,,,,,,,,
,,,,,41727,6.0,6,,,,,,,,
,,,,,41733,6.0,6,,,,,,,,
,,,,,41742,9.0,9,,,,,,,,
,,,,,41746,4.0,4,,,,,,,,
,,,,,41750,4.0,4,,,,,,,,
,,,,,41757,7.0,7,,,,,,,,
,,,,,41760,3.0,3,,,,,,,,
,,,,,41764,4.0,4,,,,,,,,
,,,,,41777,13.0,13,,,,,,,,
,,,,,41783,6.0,6,,,,,,,,
,,,,,41794,11.0,11,,,,,,,,
,,,,,41797,3.0,3,,,,,,,,
,,,,,41807,10.0,10,,,,,,,,
,,,,,41810,3.0,3,,,,,,,,
,,,,,41813,3.0,3,,,,,,,,
,,,,,41822,9.0,9,,,,,,,,
,,,,,41825,3.0,3,,,,,,,,
,,,,,41830,5.0,5,,,,,,,,
,,,,,41833,3.0,3,,,,,,,,
,,,,,41836,3.0,3,,,,,,,,
,,,,,41840,4.0,4,,,,,,,,
,,,,,41848,8.0,8,,,,,,,,
,,,,,41854,6.0,6,,,,,,,,
,,,,,41859,5.0,5,,,,,,,,
,,,,,41863,4.0,4,,,,,,,,
,,,,,41875,12.0,12,,,,,,,,
,,,,,41879,4.0,4,,,,,,,,
,,,,,41882,3.0,3,,,,,,,,
,,,,,41890,8.0,8,,,,,,,,
,,,,,41900,10.0,10,,,,,,,,
,,,,,41907,7.0,7,,,,,,,,
,,,,,41941,34.0,34,,,,,,,,
,,,,,41945,4.0,4,,,,,,,,
,,,,,41951,6.0,6,,,,,,,,
,,,,,41957,6.0,6,,,,,,,,
,,,,,41960,3.0,3,,,,,,,,
,,,,,41964,4.0,4,,,,,,,,
,,,,,41967,3.0,3,,,,,,,,
,,,,,41972,5.0,5,,,,,,,,
,,,,,41977,5.0,5,,,,,,,,
,,,,,41980,3.0,3,,,,,,,,
,,,,,41983,3.0,3,,,,,,,,
,,,,,41996,13.0,13,,,,,,,,
,,,,,42000,,,-0.06754053384065628,0.6754053235054016,1.9498167037963867,4.523800373077393,4.797435760498047,0.0003,0.0003,0.1
,,,,,42002,6.0,6,,,,,,,,
,,,,,42006,4.0,4,,,,,,,,
,,,,,42010,4.0,4,,,,,,,,
,,,,,42014,4.0,4,,,,,,,,
,,,,,42025,11.0,11,,,,,,,,
,,,,,42030,5.0,5,,,,,,,,
,,,,,42035,5.0,5,,,,,,,,
,,,,,42038,3.0,3,,,,,,,,
,,,,,42045,7.0,7,,,,,,,,
,,,,,42049,4.0,4,,,,,,,,
,,,,,42056,7.0,7,,,,,,,,
,,,,,42060,4.0,4,,,,,,,,
,,,,,42065,5.0,5,,,,,,,,
,,,,,42076,11.0,11,,,,,,,,
,,,,,42083,7.0,7,,,,,,,,
,,,,,42086,3.0,3,,,,,,,,
,,,,,42089,3.0,3,,,,,,,,
,,,,,42093,4.0,4,,,,,,,,
,,,,,42096,3.0,3,,,,,,,,
,,,,,42099,3.0,3,,,,,,,,
,,,,,42105,6.0,6,,,,,,,,
,,,,,42112,7.0,7,,,,,,,,
,,,,,42120,8.0,8,,,,,,,,
,,,,,42128,8.0,8,,,,,,,,
,,,,,42131,3.0,3,,,,,,,,
,,,,,42138,7.0,7,,,,,,,,
,,,,,42147,9.0,9,,,,,,,,
,,,,,42159,12.0,12,,,,,,,,
,,,,,42162,3.0,3,,,,,,,,
,,,,,42177,15.0,15,,,,,,,,
,,,,,42184,7.0,7,,,,,,,,
,,,,,42189,5.0,5,,,,,,,,
,,,,,42196,7.0,7,,,,,,,,
,,,,,42214,18.0,18,,,,,,,,
,,,,,42218,4.0,4,,,,,,,,
,,,,,42233,15.0,15,,,,,,,,
,,,,,42237,4.0,4,,,,,,,,
,,,,,42244,7.0,7,,,,,,,,
,,,,,42249,5.0,5,,,,,,,,
,,,,,42253,4.0,4,,,,,,,,
,,,,,42257,4.0,4,,,,,,,,
,,,,,42260,3.0,3,,,,,,,,
,,,,,42267,7.0,7,,,,,,,,
,,,,,42271,4.0,4,,,,,,,,
,,,,,42279,8.0,8,,,,,,,,
,,,,,42282,3.0,3,,,,,,,,
,,,,,42286,4.0,4,,,,,,,,
,,,,,42289,3.0,3,,,,,,,,
,,,,,42294,5.0,5,,,,,,,,
,,,,,42304,10.0,10,,,,,,,,
,,,,,42308,4.0,4,,,,,,,,
,,,,,42311,3.0,3,,,,,,,,
,,,,,42317,6.0,6,,,,,,,,
,,,,,42325,8.0,8,,,,,,,,
,,,,,42328,3.0,3,,,,,,,,
,,,,,42333,5.0,5,,,,,,,,
,,,,,42337,4.0,4,,,,,,,,
,,,,,42340,3.0,3,,,,,,,,
,,,,,42343,3.0,3,,,,,,,,
,,,,,42347,4.0,4,,,,,,,,
,,,,,42352,5.0,5,,,,,,,,
,,,,,42357,5.0,5,,,,,,,,
,,,,,42381,24.0,24,,,,,,,,
,,,,,42385,4.0,4,,,,,,,,
,,,,,42390,5.0,5,,,,,,,,
,,,,,42396,6.0,6,,,,,,,,
,,,,,42406,10.0,10,,,,,,,,
,,,,,42409,3.0,3,,,,,,,,
,,,,,42415,6.0,6,,,,,,,,
,,,,,42419,4.0,4,,,,,,,,
,,,,,42424,5.0,5,,,,,,,,
,,,,,42429,5.0,5,,,,,,,,
,,,,,42432,3.0,3,,,,,,,,
,,,,,42435,3.0,3,,,,,,,,
,,,,,42444,9.0,9,,,,,,,,
,,,,,42450,6.0,6,,,,,,,,
,,,,,42454,4.0,4,,,,,,,,
,,,,,42458,4.0,4,,,,,,,,
,,,,,42463,5.0,5,,,,,,,,
,,,,,42473,10.0,10,,,,,,,,
,,,,,42476,3.0,3,,,,,,,,
,,,,,42482,6.0,6,,,,,,,,
,,,,,42486,4.0,4,,,,,,,,
,,,,,42493,7.0,7,,,,,,,,
,,,,,42496,3.0,3,,,,,,,,
,,,,,42505,9.0,9,,,,,,,,
,,,,,42509,4.0,4,,,,,,,,
,,,,,42513,4.0,4,,,,,,,,
,,,,,42517,4.0,4,,,,,,,,
,,,,,42522,5.0,5,,,,,,,,
,,,,,42527,5.0,5,,,,,,,,
,,,,,42546,19.0,19,,,,,,,,
,,,,,42549,3.0,3,,,,,,,,
,,,,,42556,7.0,7,,,,,,,,
,,,,,42560,4.0,4,,,,,,,,
,,,,,42568,8.0,8,,,,,,,,
,,,,,42572,4.0,4,,,,,,,,
,,,,,42577,5.0,5,,,,,,,,
,,,,,42584,7.0,7,,,,,,,,
,,,,,42595,11.0,11,,,,,,,,
,,,,,42598,3.0,3,,,,,,,,
,,,,,42606,8.0,8,,,,,,,,
,,,,,42611,5.0,5,,,,,,,,
,,,,,42615,4.0,4,,,,,,,,
,,,,,42620,5.0,5,,,,,,,,
,,,,,42629,9.0,9,,,,,,,,
,,,,,42634,5.0,5,,,,,,,,
,,,,,42637,3.0,3,,,,,,,,
,,,,,42640,3.0,3,,,,,,,,
,,,,,42645,5.0,5,,,,,,,,
,,,,,42654,9.0,9,,,,,,,,
,,,,,42665,11.0,11,,,,,,,,
,,,,,42672,7.0,7,,,,,,,,
,,,,,42675,3.0,3,,,,,,,,
,,,,,42679,4.0,4,,,,,,,,
,,,,,42682,3.0,3,,,,,,,,
,,,,,42690,8.0,8,,,,,,,,
,,,,,42693,3.0,3,,,,,,,,
,,,,,42697,4.0,4,,,,,,,,
,,,,,42702,5.0,5,,,,,,,,
,,,,,42707,5.0,5,,,,,,,,
,,,,,42712,5.0,5,,,,,,,,
,,,,,42717,5.0,5,,,,,,,,
,,,,,42721,4.0,4,,,,,,,,
,,,,,42731,10.0,10,,,,,,,,
,,,,,42735,4.0,4,,,,,,,,
,,,,,42739,4.0,4,,,,,,,,
,,,,,42746,7.0,7,,,,,,,,
,,,,,42756,10.0,10,,,,,,,,
,,,,,42764,8.0,8,,,,,,,,
,,,,,42770,6.0,6,,,,,,,,
,,,,,42774,4.0,4,,,,,,,,
,,,,,42783,9.0,9,,,,,,,,
,,,,,42791,8.0,8,,,,,,,,
,,,,,42800,9.0,9,,,,,,,,
,,,,,42811,11.0,11,,,,,,,,
,,,,,42815,4.0,4,,,,,,,,
,,,,,42818,3.0,3,,,,,,,,
,,,,,42822,4.0,4,,,,,,,,
,,,,,42829,7.0,7,,,,,,,,
,,,,,42832,3.0,3,,,,,,,,
,,,,,42835,3.0,3,,,,,,,,
,,,,,42839,4.0,4,,,,,,,,
,,,,,42844,5.0,5,,,,,,,,
,,,,,42847,3.0,3,,,,,,,,
,,,,,42855,8.0,8,,,,,,,,
,,,,,42861,6.0,6,,,,,,,,
,,,,,42864,3.0,3,,,,,,,,
,,,,,42872,8.0,8,,,,,,,,
,,,,,42879,7.0,7,,,,,,,,
,,,,,42888,9.0,9,,,,,,,,
,,,,,42893,5.0,5,,,,,,,,
,,,,,42898,5.0,5,,,,,,,,
,,,,,42902,4.0,4,,,,,,,,
,,,,,42905,3.0,3,,,,,,,,
,,,,,42908,3.0,3,,,,,,,,
,,,,,42913,5.0,5,,,,,,,,
,,,,,42919,6.0,6,,,,,,,,
,,,,,42926,7.0,7,,,,,,,,
,,,,,42930,4.0,4,,,,,,,,
,,,,,42934,4.0,4,,,,,,,,
,,,,,42939,5.0,5,,,,,,,,
,,,,,42942,3.0,3,,,,,,,,
,,,,,42945,3.0,3,,,,,,,,
,,,,,42949,4.0,4,,,,,,,,
,,,,,42955,6.0,6,,,,,,,,
,,,,,42958,3.0,3,,,,,,,,
,,,,,42961,3.0,3,,,,,,,,
,,,,,42964,3.0,3,,,,,,,,
,,,,,42975,11.0,11,,,,,,,,
,,,,,42978,3.0,3,,,,,,,,
,,,,,42983,5.0,5,,,,,,,,
,,,,,42991,8.0,8,,,,,,,,
,,,,,42994,3.0,3,,,,,,,,
,,,,,42999,5.0,5,,,,,,,,
,,,,,43000,,,-0.07020833343267441,0.7020833492279053,1.5118114948272705,4.430891036987305,4.318735122680664,0.0003,0.0003,0.1
,,,,,43006,7.0,7,,,,,,,,
,,,,,43014,8.0,8,,,,,,,,
,,,,,43018,4.0,4,,,,,,,,
,,,,,43021,3.0,3,,,,,,,,
,,,,,43025,4.0,4,,,,,,,,
,,,,,43031,6.0,6,,,,,,,,
,,,,,43035,4.0,4,,,,,,,,
,,,,,43038,3.0,3,,,,,,,,
,,,,,43041,3.0,3,,,,,,,,
,,,,,43045,4.0,4,,,,,,,,
,,,,,43048,3.0,3,,,,,,,,
,,,,,43051,3.0,3,,,,,,,,
,,,,,43055,4.0,4,,,,,,,,
,,,,,43059,4.0,4,,,,,,,,
,,,,,43063,4.0,4,,,,,,,,
,,,,,43067,4.0,4,,,,,,,,
,,,,,43078,11.0,11,,,,,,,,
,,,,,43081,3.0,3,,,,,,,,
,,,,,43087,6.0,6,,,,,,,,
,,,,,43092,5.0,5,,,,,,,,
,,,,,43097,5.0,5,,,,,,,,
,,,,,43101,4.0,4,,,,,,,,
,,,,,43107,6.0,6,,,,,,,,
,,,,,43115,8.0,8,,,,,,,,
,,,,,43118,3.0,3,,,,,,,,
,,,,,43128,10.0,10,,,,,,,,
,,,,,43132,4.0,4,,,,,,,,
,,,,,43137,5.0,5,,,,,,,,
,,,,,43141,4.0,4,,,,,,,,
,,,,,43150,9.0,9,,,,,,,,
,,,,,43153,3.0,3,,,,,,,,
,,,,,43157,4.0,4,,,,,,,,
,,,,,43160,3.0,3,,,,,,,,
,,,,,43163,3.0,3,,,,,,,,
,,,,,43171,8.0,8,,,,,,,,
,,,,,43176,5.0,5,,,,,,,,
,,,,,43183,7.0,7,,,,,,,,
,,,,,43187,4.0,4,,,,,,,,
,,,,,43192,5.0,5,,,,,,,,
,,,,,43196,4.0,4,,,,,,,,
,,,,,43199,3.0,3,,,,,,,,
,,,,,43202,3.0,3,,,,,,,,
,,,,,43207,5.0,5,,,,,,,,
,,,,,43213,6.0,6,,,,,,,,
,,,,,43221,8.0,8,,,,,,,,
,,,,,43227,6.0,6,,,,,,,,
,,,,,43236,9.0,9,,,,,,,,
,,,,,43241,5.0,5,,,,,,,,
,,,,,43246,5.0,5,,,,,,,,
,,,,,43249,3.0,3,,,,,,,,
,,,,,43263,14.0,14,,,,,,,,
,,,,,43266,3.0,3,,,,,,,,
,,,,,43270,4.0,4,,,,,,,,
,,,,,43274,4.0,4,,,,,,,,
,,,,,43278,4.0,4,,,,,,,,
,,,,,43289,11.0,11,,,,,,,,
,,,,,43295,6.0,6,,,,,,,,
,,,,,43298,3.0,3,,,,,,,,
,,,,,43301,3.0,3,,,,,,,,
,,,,,43304,3.0,3,,,,,,,,
,,,,,43310,6.0,6,,,,,,,,
,,,,,43314,4.0,4,,,,,,,,
,,,,,43327,13.0,13,,,,,,,,
,,,,,43330,3.0,3,,,,,,,,
,,,,,43333,3.0,3,,,,,,,,
,,,,,43338,5.0,5,,,,,,,,
,,,,,43347,9.0,9,,,,,,,,
,,,,,43353,6.0,6,,,,,,,,
,,,,,43362,9.0,9,,,,,,,,
,,,,,43367,5.0,5,,,,,,,,
,,,,,43372,5.0,5,,,,,,,,
,,,,,43377,5.0,5,,,,,,,,
,,,,,43382,5.0,5,,,,,,,,
,,,,,43386,4.0,4,,,,,,,,
,,,,,43392,6.0,6,,,,,,,,
,,,,,43398,6.0,6,,,,,,,,
,,,,,43405,7.0,7,,,,,,,,
,,,,,43410,5.0,5,,,,,,,,
,,,,,43413,3.0,3,,,,,,,,
,,,,,43420,7.0,7,,,,,,,,
,,,,,43428,8.0,8,,,,,,,,
,,,,,43431,3.0,3,,,,,,,,
,,,,,43435,4.0,4,,,,,,,,
,,,,,43439,4.0,4,,,,,,,,
,,,,,43443,4.0,4,,,,,,,,
,,,,,43457,14.0,14,,,,,,,,
,,,,,43461,4.0,4,,,,,,,,
,,,,,43469,8.0,8,,,,,,,,
,,,,,43479,10.0,10,,,,,,,,
,,,,,43482,3.0,3,,,,,,,,
,,,,,43485,3.0,3,,,,,,,,
,,,,,43488,3.0,3,,,,,,,,
,,,,,43491,3.0,3,,,,,,,,
,,,,,43495,4.0,4,,,,,,,,
,,,,,43503,8.0,8,,,,,,,,
,,,,,43507,4.0,4,,,,,,,,
,,,,,43511,4.0,4,,,,,,,,
,,,,,43523,12.0,12,,,,,,,,
,,,,,43526,3.0,3,,,,,,,,
,,,,,43529,3.0,3,,,,,,,,
,,,,,43534,5.0,5,,,,,,,,
,,,,,43538,4.0,4,,,,,,,,
,,,,,43552,14.0,14,,,,,,,,
,,,,,43555,3.0,3,,,,,,,,
,,,,,43559,4.0,4,,,,,,,,
,,,,,43568,9.0,9,,,,,,,,
,,,,,43597,29.0,29,,,,,,,,
,,,,,43602,5.0,5,,,,,,,,
,,,,,43608,6.0,6,,,,,,,,
,,,,,43614,6.0,6,,,,,,,,
,,,,,43617,3.0,3,,,,,,,,
,,,,,43624,7.0,7,,,,,,,,
,,,,,43627,3.0,3,,,,,,,,
,,,,,43631,4.0,4,,,,,,,,
,,,,,43638,7.0,7,,,,,,,,
,,,,,43642,4.0,4,,,,,,,,
,,,,,43648,6.0,6,,,,,,,,
,,,,,43658,10.0,10,,,,,,,,
,,,,,43661,3.0,3,,,,,,,,
,,,,,43664,3.0,3,,,,,,,,
,,,,,43673,9.0,9,,,,,,,,
,,,,,43677,4.0,4,,,,,,,,
,,,,,43681,4.0,4,,,,,,,,
,,,,,43688,7.0,7,,,,,,,,
,,,,,43693,5.0,5,,,,,,,,
,,,,,43696,3.0,3,,,,,,,,
,,,,,43699,3.0,3,,,,,,,,
,,,,,43705,6.0,6,,,,,,,,
,,,,,43719,14.0,14,,,,,,,,
,,,,,43724,5.0,5,,,,,,,,
,,,,,43727,3.0,3,,,,,,,,
,,,,,43732,5.0,5,,,,,,,,
,,,,,43735,3.0,3,,,,,,,,
,,,,,43739,4.0,4,,,,,,,,
,,,,,43742,3.0,3,,,,,,,,
,,,,,43747,5.0,5,,,,,,,,
,,,,,43750,3.0,3,,,,,,,,
,,,,,43754,4.0,4,,,,,,,,
,,,,,43760,6.0,6,,,,,,,,
,,,,,43766,6.0,6,,,,,,,,
,,,,,43769,3.0,3,,,,,,,,
,,,,,43773,4.0,4,,,,,,,,
,,,,,43778,5.0,5,,,,,,,,
,,,,,43783,5.0,5,,,,,,,,
,,,,,43802,19.0,19,,,,,,,,
,,,,,43809,7.0,7,,,,,,,,
,,,,,43820,11.0,11,,,,,,,,
,,,,,43826,6.0,6,,,,,,,,
,,,,,43833,7.0,7,,,,,,,,
,,,,,43838,5.0,5,,,,,,,,
,,,,,43841,3.0,3,,,,,,,,
,,,,,43854,13.0,13,,,,,,,,
,,,,,43859,5.0,5,,,,,,,,
,,,,,43865,6.0,6,,,,,,,,
,,,,,43881,16.0,16,,,,,,,,
,,,,,43888,7.0,7,,,,,,,,
,,,,,43895,7.0,7,,,,,,,,
,,,,,43902,7.0,7,,,,,,,,
,,,,,43906,4.0,4,,,,,,,,
,,,,,43909,3.0,3,,,,,,,,
,,,,,43912,3.0,3,,,,,,,,
,,,,,43916,4.0,4,,,,,,,,
,,,,,43925,9.0,9,,,,,,,,
,,,,,43928,3.0,3,,,,,,,,
,,,,,43931,3.0,3,,,,,,,,
,,,,,43937,6.0,6,,,,,,,,
,,,,,43949,12.0,12,,,,,,,,
,,,,,43957,8.0,8,,,,,,,,
,,,,,43960,3.0,3,,,,,,,,
,,,,,43964,4.0,4,,,,,,,,
,,,,,43967,3.0,3,,,,,,,,
,,,,,43971,4.0,4,,,,,,,,
,,,,,43981,10.0,10,,,,,,,,
,,,,,43984,3.0,3,,,,,,,,
,,,,,43987,3.0,3,,,,,,,,
,,,,,43993,6.0,6,,,,,,,,
,,,,,44000,,,-0.06987812370061874,0.6987812519073486,1.9456357955932617,4.2837934494018555,4.494900703430176,0.0003,0.0003,0.1
,,,,,44003,10.0,10,,,,,,,,
,,,,,44007,4.0,4,,,,,,,,
,,,,,44013,6.0,6,,,,,,,,
,,,,,44019,6.0,6,,,,,,,,
,,,,,44024,5.0,5,,,,,,,,
,,,,,44033,9.0,9,,,,,,,,
,,,,,44042,9.0,9,,,,,,,,
,,,,,44047,5.0,5,,,,,,,,
,,,,,44053,6.0,6,,,,,,,,
,,,,,44059,6.0,6,,,,,,,,
,,,,,44062,3.0,3,,,,,,,,
,,,,,44067,5.0,5,,,,,,,,
,,,,,44072,5.0,5,,,,,,,,
,,,,,44076,4.0,4,,,,,,,,
,,,,,44081,5.0,5,,,,,,,,
,,,,,44084,3.0,3,,,,,,,,
,,,,,44088,4.0,4,,,,,,,,
,,,,,44093,5.0,5,,,,,,,,
,,,,,44098,5.0,5,,,,,,,,
,,,,,44101,3.0,3,,,,,,,,
,,,,,44110,9.0,9,,,,,,,,
,,,,,44113,3.0,3,,,,,,,,
,,,,,44118,5.0,5,,,,,,,,
,,,,,44121,3.0,3,,,,,,,,
,,,,,44124,3.0,3,,,,,,,,
,,,,,44129,5.0,5,,,,,,,,
,,,,,44134,5.0,5,,,,,,,,
,,,,,44141,7.0,7,,,,,,,,
,,,,,44145,4.0,4,,,,,,,,
,,,,,44149,4.0,4,,,,,,,,
,,,,,44152,3.0,3,,,,,,,,
,,,,,44155,3.0,3,,,,,,,,
,,,,,44161,6.0,6,,,,,,,,
,,,,,44164,3.0,3,,,,,,,,
,,,,,44169,5.0,5,,,,,,,,
,,,,,44176,7.0,7,,,,,,,,
,,,,,44182,6.0,6,,,,,,,,
,,,,,44188,6.0,6,,,,,,,,
,,,,,44191,3.0,3,,,,,,,,
,,,,,44200,9.0,9,,,,,,,,
,,,,,44205,5.0,5,,,,,,,,
,,,,,44208,3.0,3,,,,,,,,
,,,,,44213,5.0,5,,,,,,,,
,,,,,44220,7.0,7,,,,,,,,
,,,,,44225,5.0,5,,,,,,,,
,,,,,44229,4.0,4,,,,,,,,
,,,,,44234,5.0,5,,,,,,,,
,,,,,44240,6.0,6,,,,,,,,
,,,,,44251,11.0,11,,,,,,,,
,,,,,44254,3.0,3,,,,,,,,
,,,,,44257,3.0,3,,,,,,,,
,,,,,44261,4.0,4,,,,,,,,
,,,,,44271,10.0,10,,,,,,,,
,,,,,44275,4.0,4,,,,,,,,
,,,,,44278,3.0,3,,,,,,,,
,,,,,44281,3.0,3,,,,,,,,
,,,,,44284,3.0,3,,,,,,,,
,,,,,44287,3.0,3,,,,,,,,
,,,,,44290,3.0,3,,,,,,,,
,,,,,44293,3.0,3,,,,,,,,
,,,,,44296,3.0,3,,,,,,,,
,,,,,44301,5.0,5,,,,,,,,
,,,,,44306,5.0,5,,,,,,,,
,,,,,44309,3.0,3,,,,,,,,
,,,,,44313,4.0,4,,,,,,,,
,,,,,44316,3.0,3,,,,,,,,
,,,,,44319,3.0,3,,,,,,,,
,,,,,44322,3.0,3,,,,,,,,
,,,,,44331,9.0,9,,,,,,,,
,,,,,44334,3.0,3,,,,,,,,
,,,,,44337,3.0,3,,,,,,,,
,,,,,44343,6.0,6,,,,,,,,
,,,,,44347,4.0,4,,,,,,,,
,,,,,44352,5.0,5,,,,,,,,
,,,,,44368,16.0,16,,,,,,,,
,,,,,44371,3.0,3,,,,,,,,
,,,,,44377,6.0,6,,,,,,,,
,,,,,44380,3.0,3,,,,,,,,
,,,,,44384,4.0,4,,,,,,,,
,,,,,44387,3.0,3,,,,,,,,
,,,,,44391,4.0,4,,,,,,,,
,,,,,44395,4.0,4,,,,,,,,
,,,,,44401,6.0,6,,,,,,,,
,,,,,44404,3.0,3,,,,,,,,
,,,,,44408,4.0,4,,,,,,,,
,,,,,44412,4.0,4,,,,,,,,
,,,,,44415,3.0,3,,,,,,,,
,,,,,44419,4.0,4,,,,,,,,
,,,,,44422,3.0,3,,,,,,,,
,,,,,44430,8.0,8,,,,,,,,
,,,,,44433,3.0,3,,,,,,,,
,,,,,44436,3.0,3,,,,,,,,
,,,,,44439,3.0,3,,,,,,,,
,,,,,44445,6.0,6,,,,,,,,
,,,,,44449,4.0,4,,,,,,,,
,,,,,44460,11.0,11,,,,,,,,
,,,,,44463,3.0,3,,,,,,,,
,,,,,44473,10.0,10,,,,,,,,
,,,,,44479,6.0,6,,,,,,,,
,,,,,44484,5.0,5,,,,,,,,
,,,,,44490,6.0,6,,,,,,,,
,,,,,44493,3.0,3,,,,,,,,
,,,,,44501,8.0,8,,,,,,,,
,,,,,44519,18.0,18,,,,,,,,
,,,,,44526,7.0,7,,,,,,,,
,,,,,44531,5.0,5,,,,,,,,
,,,,,44538,7.0,7,,,,,,,,
,,,,,44543,5.0,5,,,,,,,,
,,,,,44552,9.0,9,,,,,,,,
,,,,,44556,4.0,4,,,,,,,,
,,,,,44560,4.0,4,,,,,,,,
,,,,,44565,5.0,5,,,,,,,,
,,,,,44568,3.0,3,,,,,,,,
,,,,,44575,7.0,7,,,,,,,,
,,,,,44580,5.0,5,,,,,,,,
,,,,,44583,3.0,3,,,,,,,,
,,,,,44599,16.0,16,,,,,,,,
,,,,,44602,3.0,3,,,,,,,,
,,,,,44606,4.0,4,,,,,,,,
,,,,,44609,3.0,3,,,,,,,,
,,,,,44616,7.0,7,,,,,,,,
,,,,,44620,4.0,4,,,,,,,,
,,,,,44631,11.0,11,,,,,,,,
,,,,,44634,3.0,3,,,,,,,,
,,,,,44637,3.0,3,,,,,,,,
,,,,,44643,6.0,6,,,,,,,,
,,,,,44646,3.0,3,,,,,,,,
,,,,,44649,3.0,3,,,,,,,,
,,,,,44653,4.0,4,,,,,,,,
,,,,,44658,5.0,5,,,,,,,,
,,,,,44662,4.0,4,,,,,,,,
,,,,,44666,4.0,4,,,,,,,,
,,,,,44669,3.0,3,,,,,,,,
,,,,,44673,4.0,4,,,,,,,,
,,,,,44683,10.0,10,,,,,,,,
,,,,,44686,3.0,3,,,,,,,,
,,,,,44689,3.0,3,,,,,,,,
,,,,,44700,11.0,11,,,,,,,,
,,,,,44708,8.0,8,,,,,,,,
,,,,,44722,14.0,14,,,,,,,,
,,,,,44726,4.0,4,,,,,,,,
,,,,,44731,5.0,5,,,,,,,,
,,,,,44737,6.0,6,,,,,,,,
,,,,,44742,5.0,5,,,,,,,,
,,,,,44754,12.0,12,,,,,,,,
,,,,,44763,9.0,9,,,,,,,,
,,,,,44769,6.0,6,,,,,,,,
,,,,,44778,9.0,9,,,,,,,,
,,,,,44781,3.0,3,,,,,,,,
,,,,,44785,4.0,4,,,,,,,,
,,,,,44789,4.0,4,,,,,,,,
,,,,,44792,3.0,3,,,,,,,,
,,,,,44799,7.0,7,,,,,,,,
,,,,,44802,3.0,3,,,,,,,,
,,,,,44807,5.0,5,,,,,,,,
,,,,,44810,3.0,3,,,,,,,,
,,,,,44813,3.0,3,,,,,,,,
,,,,,44825,12.0,12,,,,,,,,
,,,,,44831,6.0,6,,,,,,,,
,,,,,44836,5.0,5,,,,,,,,
,,,,,44841,5.0,5,,,,,,,,
,,,,,44851,10.0,10,,,,,,,,
,,,,,44869,18.0,18,,,,,,,,
,,,,,44875,6.0,6,,,,,,,,
,,,,,44887,12.0,12,,,,,,,,
,,,,,44891,4.0,4,,,,,,,,
,,,,,44895,4.0,4,,,,,,,,
,,,,,44898,3.0,3,,,,,,,,
,,,,,44901,3.0,3,,,,,,,,
,,,,,44904,3.0,3,,,,,,,,
,,,,,44911,7.0,7,,,,,,,,
,,,,,44914,3.0,3,,,,,,,,
,,,,,44917,3.0,3,,,,,,,,
,,,,,44923,6.0,6,,,,,,,,
,,,,,44926,3.0,3,,,,,,,,
,,,,,44931,5.0,5,,,,,,,,
,,,,,44938,7.0,7,,,,,,,,
,,,,,44941,3.0,3,,,,,,,,
,,,,,44945,4.0,4,,,,,,,,
,,,,,44949,4.0,4,,,,,,,,
,,,,,44957,8.0,8,,,,,,,,
,,,,,44961,4.0,4,,,,,,,,
,,,,,44966,5.0,5,,,,,,,,
,,,,,44970,4.0,4,,,,,,,,
,,,,,44973,3.0,3,,,,,,,,
,,,,,44977,4.0,4,,,,,,,,
,,,,,44991,14.0,14,,,,,,,,
,,,,,44995,4.0,4,,,,,,,,
5.6,2.8000002,12.0,3.0,5.6,45000,,,-0.06698645651340485,0.6698645353317261,1.8988521099090576,4.785758972167969,4.900191307067871,0.0003,0.0003,0.1
,,,,,45001,6.0,6,,,,,,,,
,,,,,45004,3.0,3,,,,,,,,
,,,,,45012,8.0,8,,,,,,,,
,,,,,45016,4.0,4,,,,,,,,
,,,,,45021,5.0,5,,,,,,,,
,,,,,45028,7.0,7,,,,,,,,
,,,,,45032,4.0,4,,,,,,,,
,,,,,45037,5.0,5,,,,,,,,
,,,,,45041,4.0,4,,,,,,,,
,,,,,45045,4.0,4,,,,,,,,
,,,,,45050,5.0,5,,,,,,,,
,,,,,45053,3.0,3,,,,,,,,
,,,,,45057,4.0,4,,,,,,,,
,,,,,45060,3.0,3,,,,,,,,
,,,,,45063,3.0,3,,,,,,,,
,,,,,45066,3.0,3,,,,,,,,
,,,,,45071,5.0,5,,,,,,,,
,,,,,45074,3.0,3,,,,,,,,
,,,,,45083,9.0,9,,,,,,,,
,,,,,45087,4.0,4,,,,,,,,
,,,,,45091,4.0,4,,,,,,,,
,,,,,45096,5.0,5,,,,,,,,
,,,,,45099,3.0,3,,,,,,,,
,,,,,45103,4.0,4,,,,,,,,
,,,,,45106,3.0,3,,,,,,,,
,,,,,45111,5.0,5,,,,,,,,
,,,,,45114,3.0,3,,,,,,,,
,,,,,45118,4.0,4,,,,,,,,
,,,,,45124,6.0,6,,,,,,,,
,,,,,45141,17.0,17,,,,,,,,
,,,,,45144,3.0,3,,,,,,,,
,,,,,45149,5.0,5,,,,,,,,
,,,,,45159,10.0,10,,,,,,,,
,,,,,45163,4.0,4,,,,,,,,
,,,,,45166,3.0,3,,,,,,,,
,,,,,45169,3.0,3,,,,,,,,
,,,,,45173,4.0,4,,,,,,,,
,,,,,45176,3.0,3,,,,,,,,
,,,,,45181,5.0,5,,,,,,,,
,,,,,45188,7.0,7,,,,,,,,
,,,,,45191,3.0,3,,,,,,,,
,,,,,45199,8.0,8,,,,,,,,
,,,,,45206,7.0,7,,,,,,,,
,,,,,45209,3.0,3,,,,,,,,
,,,,,45224,15.0,15,,,,,,,,
,,,,,45237,13.0,13,,,,,,,,
,,,,,45241,4.0,4,,,,,,,,
,,,,,45244,3.0,3,,,,,,,,
,,,,,45248,4.0,4,,,,,,,,
,,,,,45252,4.0,4,,,,,,,,
,,,,,45259,7.0,7,,,,,,,,
,,,,,45265,6.0,6,,,,,,,,
,,,,,45268,3.0,3,,,,,,,,
,,,,,45272,4.0,4,,,,,,,,
,,,,,45280,8.0,8,,,,,,,,
,,,,,45283,3.0,3,,,,,,,,
,,,,,45287,4.0,4,,,,,,,,
,,,,,45292,5.0,5,,,,,,,,
,,,,,45311,19.0,19,,,,,,,,
,,,,,45326,15.0,15,,,,,,,,
,,,,,45334,8.0,8,,,,,,,,
,,,,,45342,8.0,8,,,,,,,,
,,,,,45350,8.0,8,,,,,,,,
,,,,,45355,5.0,5,,,,,,,,
,,,,,45361,6.0,6,,,,,,,,
,,,,,45372,11.0,11,,,,,,,,
,,,,,45389,17.0,17,,,,,,,,
,,,,,45392,3.0,3,,,,,,,,
,,,,,45409,17.0,17,,,,,,,,
,,,,,45415,6.0,6,,,,,,,,
,,,,,45421,6.0,6,,,,,,,,
,,,,,45425,4.0,4,,,,,,,,
,,,,,45435,10.0,10,,,,,,,,
,,,,,45442,7.0,7,,,,,,,,
,,,,,45447,5.0,5,,,,,,,,
,,,,,45450,3.0,3,,,,,,,,
,,,,,45456,6.0,6,,,,,,,,
,,,,,45461,5.0,5,,,,,,,,
,,,,,45465,4.0,4,,,,,,,,
,,,,,45472,7.0,7,,,,,,,,
,,,,,45475,3.0,3,,,,,,,,
,,,,,45480,5.0,5,,,,,,,,
,,,,,45486,6.0,6,,,,,,,,
,,,,,45494,8.0,8,,,,,,,,
,,,,,45498,4.0,4,,,,,,,,
,,,,,45506,8.0,8,,,,,,,,
,,,,,45516,10.0,10,,,,,,,,
,,,,,45520,4.0,4,,,,,,,,
,,,,,45526,6.0,6,,,,,,,,
,,,,,45529,3.0,3,,,,,,,,
,,,,,45536,7.0,7,,,,,,,,
,,,,,45545,9.0,9,,,,,,,,
,,,,,45551,6.0,6,,,,,,,,
,,,,,45557,6.0,6,,,,,,,,
,,,,,45560,3.0,3,,,,,,,,
,,,,,45566,6.0,6,,,,,,,,
,,,,,45571,5.0,5,,,,,,,,
,,,,,45580,9.0,9,,,,,,,,
,,,,,45585,5.0,5,,,,,,,,
,,,,,45593,8.0,8,,,,,,,,
,,,,,45597,4.0,4,,,,,,,,
,,,,,45606,9.0,9,,,,,,,,
,,,,,45611,5.0,5,,,,,,,,
,,,,,45625,14.0,14,,,,,,,,
,,,,,45628,3.0,3,,,,,,,,
,,,,,45638,10.0,10,,,,,,,,
,,,,,45641,3.0,3,,,,,,,,
,,,,,45646,5.0,5,,,,,,,,
,,,,,45652,6.0,6,,,,,,,,
,,,,,45656,4.0,4,,,,,,,,
,,,,,45659,3.0,3,,,,,,,,
,,,,,45670,11.0,11,,,,,,,,
,,,,,45683,13.0,13,,,,,,,,
,,,,,45693,10.0,10,,,,,,,,
,,,,,45696,3.0,3,,,,,,,,
,,,,,45703,7.0,7,,,,,,,,
,,,,,45709,6.0,6,,,,,,,,
,,,,,45713,4.0,4,,,,,,,,
,,,,,45717,4.0,4,,,,,,,,
,,,,,45721,4.0,4,,,,,,,,
,,,,,45727,6.0,6,,,,,,,,
,,,,,45735,8.0,8,,,,,,,,
,,,,,45742,7.0,7,,,,,,,,
,,,,,45748,6.0,6,,,,,,,,
,,,,,45752,4.0,4,,,,,,,,
,,,,,45757,5.0,5,,,,,,,,
,,,,,45771,14.0,14,,,,,,,,
,,,,,45774,3.0,3,,,,,,,,
,,,,,45782,8.0,8,,,,,,,,
,,,,,45787,5.0,5,,,,,,,,
,,,,,45792,5.0,5,,,,,,,,
,,,,,45795,3.0,3,,,,,,,,
,,,,,45804,9.0,9,,,,,,,,
,,,,,45809,5.0,5,,,,,,,,
,,,,,45818,9.0,9,,,,,,,,
,,,,,45822,4.0,4,,,,,,,,
,,,,,45827,5.0,5,,,,,,,,
,,,,,45838,11.0,11,,,,,,,,
,,,,,45856,18.0,18,,,,,,,,
,,,,,45861,5.0,5,,,,,,,,
,,,,,45865,4.0,4,,,,,,,,
,,,,,45868,3.0,3,,,,,,,,
,,,,,45876,8.0,8,,,,,,,,
,,,,,45883,7.0,7,,,,,,,,
,,,,,45888,5.0,5,,,,,,,,
,,,,,45895,7.0,7,,,,,,,,
,,,,,45900,5.0,5,,,,,,,,
,,,,,45918,18.0,18,,,,,,,,
,,,,,45921,3.0,3,,,,,,,,
,,,,,45927,6.0,6,,,,,,,,
,,,,,45933,6.0,6,,,,,,,,
,,,,,45937,4.0,4,,,,,,,,
,,,,,45941,4.0,4,,,,,,,,
,,,,,45945,4.0,4,,,,,,,,
,,,,,45950,5.0,5,,,,,,,,
,,,,,45960,10.0,10,,,,,,,,
,,,,,45972,12.0,12,,,,,,,,
,,,,,45975,3.0,3,,,,,,,,
,,,,,45982,7.0,7,,,,,,,,
,,,,,45987,5.0,5,,,,,,,,
,,,,,45992,5.0,5,,,,,,,,
,,,,,45997,5.0,5,,,,,,,,
,,,,,46000,,,-0.06808722019195557,0.6808722019195557,1.8087149858474731,4.653241157531738,4.52856969833374,0.0003,0.0003,0.1
,,,,,46002,5.0,5,,,,,,,,
,,,,,46005,3.0,3,,,,,,,,
,,,,,46008,3.0,3,,,,,,,,
,,,,,46016,8.0,8,,,,,,,,
,,,,,46024,8.0,8,,,,,,,,
,,,,,46030,6.0,6,,,,,,,,
,,,,,46034,4.0,4,,,,,,,,
,,,,,46037,3.0,3,,,,,,,,
,,,,,46040,3.0,3,,,,,,,,
,,,,,46043,3.0,3,,,,,,,,
,,,,,46051,8.0,8,,,,,,,,
,,,,,46056,5.0,5,,,,,,,,
,,,,,46059,3.0,3,,,,,,,,
,,,,,46063,4.0,4,,,,,,,,
,,,,,46068,5.0,5,,,,,,,,
,,,,,46071,3.0,3,,,,,,,,
,,,,,46075,4.0,4,,,,,,,,
,,,,,46087,12.0,12,,,,,,,,
,,,,,46090,3.0,3,,,,,,,,
,,,,,46093,3.0,3,,,,,,,,
,,,,,46097,4.0,4,,,,,,,,
,,,,,46100,3.0,3,,,,,,,,
,,,,,46103,3.0,3,,,,,,,,
,,,,,46112,9.0,9,,,,,,,,
,,,,,46116,4.0,4,,,,,,,,
,,,,,46127,11.0,11,,,,,,,,
,,,,,46132,5.0,5,,,,,,,,
,,,,,46136,4.0,4,,,,,,,,
,,,,,46139,3.0,3,,,,,,,,
,,,,,46144,5.0,5,,,,,,,,
,,,,,46149,5.0,5,,,,,,,,
,,,,,46153,4.0,4,,,,,,,,
,,,,,46158,5.0,5,,,,,,,,
,,,,,46161,3.0,3,,,,,,,,
,,,,,46165,4.0,4,,,,,,,,
,,,,,46168,3.0,3,,,,,,,,
,,,,,46171,3.0,3,,,,,,,,
,,,,,46182,11.0,11,,,,,,,,
,,,,,46190,8.0,8,,,,,,,,
,,,,,46194,4.0,4,,,,,,,,
,,,,,46197,3.0,3,,,,,,,,
,,,,,46200,3.0,3,,,,,,,,
,,,,,46204,4.0,4,,,,,,,,
,,,,,46209,5.0,5,,,,,,,,
,,,,,46216,7.0,7,,,,,,,,
,,,,,46222,6.0,6,,,,,,,,
,,,,,46226,4.0,4,,,,,,,,
,,,,,46229,3.0,3,,,,,,,,
,,,,,46232,3.0,3,,,,,,,,
,,,,,46236,4.0,4,,,,,,,,
,,,,,46242,6.0,6,,,,,,,,
,,,,,46245,3.0,3,,,,,,,,
,,,,,46253,8.0,8,,,,,,,,
,,,,,46259,6.0,6,,,,,,,,
,,,,,46265,6.0,6,,,,,,,,
,,,,,46269,4.0,4,,,,,,,,
,,,,,46272,3.0,3,,,,,,,,
,,,,,46275,3.0,3,,,,,,,,
,,,,,46279,4.0,4,,,,,,,,
,,,,,46291,12.0,12,,,,,,,,
,,,,,46295,4.0,4,,,,,,,,
,,,,,46304,9.0,9,,,,,,,,
,,,,,46310,6.0,6,,,,,,,,
,,,,,46314,4.0,4,,,,,,,,
,,,,,46318,4.0,4,,,,,,,,
,,,,,46324,6.0,6,,,,,,,,
,,,,,46332,8.0,8,,,,,,,,
,,,,,46336,4.0,4,,,,,,,,
,,,,,46339,3.0,3,,,,,,,,
,,,,,46345,6.0,6,,,,,,,,
,,,,,46357,12.0,12,,,,,,,,
,,,,,46365,8.0,8,,,,,,,,
,,,,,46373,8.0,8,,,,,,,,
,,,,,46381,8.0,8,,,,,,,,
,,,,,46384,3.0,3,,,,,,,,
,,,,,46388,4.0,4,,,,,,,,
,,,,,46392,4.0,4,,,,,,,,
,,,,,46395,3.0,3,,,,,,,,
,,,,,46402,7.0,7,,,,,,,,
,,,,,46405,3.0,3,,,,,,,,
,,,,,46409,4.0,4,,,,,,,,
,,,,,46418,9.0,9,,,,,,,,
,,,,,46423,5.0,5,,,,,,,,
,,,,,46428,5.0,5,,,,,,,,
,,,,,46431,3.0,3,,,,,,,,
,,,,,46440,9.0,9,,,,,,,,
,,,,,46443,3.0,3,,,,,,,,
,,,,,46447,4.0,4,,,,,,,,
,,,,,46453,6.0,6,,,,,,,,
,,,,,46458,5.0,5,,,,,,,,
,,,,,46464,6.0,6,,,,,,,,
,,,,,46471,7.0,7,,,,,,,,
,,,,,46474,3.0,3,,,,,,,,
,,,,,46479,5.0,5,,,,,,,,
,,,,,46482,3.0,3,,,,,,,,
,,,,,46495,13.0,13,,,,,,,,
,,,,,46499,4.0,4,,,,,,,,
,,,,,46502,3.0,3,,,,,,,,
,,,,,46505,3.0,3,,,,,,,,
,,,,,46508,3.0,3,,,,,,,,
,,,,,46512,4.0,4,,,,,,,,
,,,,,46515,3.0,3,,,,,,,,
,,,,,46522,7.0,7,,,,,,,,
,,,,,46525,3.0,3,,,,,,,,
,,,,,46531,6.0,6,,,,,,,,
,,,,,46537,6.0,6,,,,,,,,
,,,,,46541,4.0,4,,,,,,,,
,,,,,46546,5.0,5,,,,,,,,
,,,,,46549,3.0,3,,,,,,,,
,,,,,46553,4.0,4,,,,,,,,
,,,,,46563,10.0,10,,,,,,,,
,,,,,46567,4.0,4,,,,,,,,
,,,,,46575,8.0,8,,,,,,,,
,,,,,46578,3.0,3,,,,,,,,
,,,,,46586,8.0,8,,,,,,,,
,,,,,46589,3.0,3,,,,,,,,
,,,,,46596,7.0,7,,,,,,,,
,,,,,46606,10.0,10,,,,,,,,
,,,,,46611,5.0,5,,,,,,,,
,,,,,46614,3.0,3,,,,,,,,
,,,,,46619,5.0,5,,,,,,,,
,,,,,46624,5.0,5,,,,,,,,
,,,,,46634,10.0,10,,,,,,,,
,,,,,46638,4.0,4,,,,,,,,
,,,,,46646,8.0,8,,,,,,,,
,,,,,46649,3.0,3,,,,,,,,
,,,,,46659,10.0,10,,,,,,,,
,,,,,46662,3.0,3,,,,,,,,
,,,,,46666,4.0,4,,,,,,,,
,,,,,46671,5.0,5,,,,,,,,
,,,,,46675,4.0,4,,,,,,,,
,,,,,46683,8.0,8,,,,,,,,
,,,,,46688,5.0,5,,,,,,,,
,,,,,46695,7.0,7,,,,,,,,
,,,,,46699,4.0,4,,,,,,,,
,,,,,46703,4.0,4,,,,,,,,
,,,,,46707,4.0,4,,,,,,,,
,,,,,46716,9.0,9,,,,,,,,
,,,,,46726,10.0,10,,,,,,,,
,,,,,46730,4.0,4,,,,,,,,
,,,,,46734,4.0,4,,,,,,,,
,,,,,46738,4.0,4,,,,,,,,
,,,,,46742,4.0,4,,,,,,,,
,,,,,46746,4.0,4,,,,,,,,
,,,,,46755,9.0,9,,,,,,,,
,,,,,46761,6.0,6,,,,,,,,
,,,,,46764,3.0,3,,,,,,,,
,,,,,46768,4.0,4,,,,,,,,
,,,,,46772,4.0,4,,,,,,,,
,,,,,46776,4.0,4,,,,,,,,
,,,,,46780,4.0,4,,,,,,,,
,,,,,46783,3.0,3,,,,,,,,
,,,,,46800,17.0,17,,,,,,,,
,,,,,46808,8.0,8,,,,,,,,
,,,,,46815,7.0,7,,,,,,,,
,,,,,46819,4.0,4,,,,,,,,
,,,,,46824,5.0,5,,,,,,,,
,,,,,46836,12.0,12,,,,,,,,
,,,,,46841,5.0,5,,,,,,,,
,,,,,46851,10.0,10,,,,,,,,
,,,,,46859,8.0,8,,,,,,,,
,,,,,46862,3.0,3,,,,,,,,
,,,,,46866,4.0,4,,,,,,,,
,,,,,46872,6.0,6,,,,,,,,
,,,,,46878,6.0,6,,,,,,,,
,,,,,46889,11.0,11,,,,,,,,
,,,,,46895,6.0,6,,,,,,,,
,,,,,46899,4.0,4,,,,,,,,
,,,,,46903,4.0,4,,,,,,,,
,,,,,46912,9.0,9,,,,,,,,
,,,,,46916,4.0,4,,,,,,,,
,,,,,46921,5.0,5,,,,,,,,
,,,,,46926,5.0,5,,,,,,,,
,,,,,46929,3.0,3,,,,,,,,
,,,,,46939,10.0,10,,,,,,,,
,,,,,46945,6.0,6,,,,,,,,
,,,,,46953,8.0,8,,,,,,,,
,,,,,46960,7.0,7,,,,,,,,
,,,,,46965,5.0,5,,,,,,,,
,,,,,46968,3.0,3,,,,,,,,
,,,,,46973,5.0,5,,,,,,,,
,,,,,46980,7.0,7,,,,,,,,
,,,,,46991,11.0,11,,,,,,,,
,,,,,46998,7.0,7,,,,,,,,
,,,,,47000,,,-0.06986071914434433,0.6986072063446045,1.7798900604248047,4.479923725128174,4.515620708465576,0.0003,0.0003,0.1
,,,,,47004,6.0,6,,,,,,,,
,,,,,47009,5.0,5,,,,,,,,
,,,,,47012,3.0,3,,,,,,,,
,,,,,47015,3.0,3,,,,,,,,
,,,,,47020,5.0,5,,,,,,,,
,,,,,47030,10.0,10,,,,,,,,
,,,,,47037,7.0,7,,,,,,,,
,,,,,47042,5.0,5,,,,,,,,
,,,,,47047,5.0,5,,,,,,,,
,,,,,47050,3.0,3,,,,,,,,
,,,,,47053,3.0,3,,,,,,,,
,,,,,47057,4.0,4,,,,,,,,
,,,,,47060,3.0,3,,,,,,,,
,,,,,47065,5.0,5,,,,,,,,
,,,,,47069,4.0,4,,,,,,,,
,,,,,47072,3.0,3,,,,,,,,
,,,,,47076,4.0,4,,,,,,,,
,,,,,47085,9.0,9,,,,,,,,
,,,,,47089,4.0,4,,,,,,,,
,,,,,47099,10.0,10,,,,,,,,
,,,,,47106,7.0,7,,,,,,,,
,,,,,47111,5.0,5,,,,,,,,
,,,,,47116,5.0,5,,,,,,,,
,,,,,47121,5.0,5,,,,,,,,
,,,,,47127,6.0,6,,,,,,,,
,,,,,47132,5.0,5,,,,,,,,
,,,,,47143,11.0,11,,,,,,,,
,,,,,47147,4.0,4,,,,,,,,
,,,,,47151,4.0,4,,,,,,,,
,,,,,47163,12.0,12,,,,,,,,
,,,,,47168,5.0,5,,,,,,,,
,,,,,47171,3.0,3,,,,,,,,
,,,,,47174,3.0,3,,,,,,,,
,,,,,47177,3.0,3,,,,,,,,
,,,,,47183,6.0,6,,,,,,,,
,,,,,47187,4.0,4,,,,,,,,
,,,,,47190,3.0,3,,,,,,,,
,,,,,47205,15.0,15,,,,,,,,
,,,,,47210,5.0,5,,,,,,,,
,,,,,47216,6.0,6,,,,,,,,
,,,,,47223,7.0,7,,,,,,,,
,,,,,47231,8.0,8,,,,,,,,
,,,,,47237,6.0,6,,,,,,,,
,,,,,47246,9.0,9,,,,,,,,
,,,,,47254,8.0,8,,,,,,,,
,,,,,47260,6.0,6,,,,,,,,
,,,,,47268,8.0,8,,,,,,,,
,,,,,47279,11.0,11,,,,,,,,
,,,,,47282,3.0,3,,,,,,,,
,,,,,47288,6.0,6,,,,,,,,
,,,,,47297,9.0,9,,,,,,,,
,,,,,47309,12.0,12,,,,,,,,
,,,,,47313,4.0,4,,,,,,,,
,,,,,47316,3.0,3,,,,,,,,
,,,,,47319,3.0,3,,,,,,,,
,,,,,47323,4.0,4,,,,,,,,
,,,,,47327,4.0,4,,,,,,,,
,,,,,47335,8.0,8,,,,,,,,
,,,,,47342,7.0,7,,,,,,,,
,,,,,47348,6.0,6,,,,,,,,
,,,,,47351,3.0,3,,,,,,,,
,,,,,47361,10.0,10,,,,,,,,
,,,,,47364,3.0,3,,,,,,,,
,,,,,47371,7.0,7,,,,,,,,
,,,,,47383,12.0,12,,,,,,,,
,,,,,47386,3.0,3,,,,,,,,
,,,,,47389,3.0,3,,,,,,,,
,,,,,47392,3.0,3,,,,,,,,
,,,,,47396,4.0,4,,,,,,,,
,,,,,47406,10.0,10,,,,,,,,
,,,,,47409,3.0,3,,,,,,,,
,,,,,47416,7.0,7,,,,,,,,
,,,,,47419,3.0,3,,,,,,,,
,,,,,47427,8.0,8,,,,,,,,
,,,,,47439,12.0,12,,,,,,,,
,,,,,47443,4.0,4,,,,,,,,
,,,,,47446,3.0,3,,,,,,,,
,,,,,47452,6.0,6,,,,,,,,
,,,,,47456,4.0,4,,,,,,,,
,,,,,47475,19.0,19,,,,,,,,
,,,,,47478,3.0,3,,,,,,,,
,,,,,47485,7.0,7,,,,,,,,
,,,,,47498,13.0,13,,,,,,,,
,,,,,47513,15.0,15,,,,,,,,
,,,,,47527,14.0,14,,,,,,,,
,,,,,47533,6.0,6,,,,,,,,
,,,,,47542,9.0,9,,,,,,,,
,,,,,47550,8.0,8,,,,,,,,
,,,,,47554,4.0,4,,,,,,,,
,,,,,47568,14.0,14,,,,,,,,
,,,,,47577,9.0,9,,,,,,,,
,,,,,47582,5.0,5,,,,,,,,
,,,,,47587,5.0,5,,,,,,,,
,,,,,47590,3.0,3,,,,,,,,
,,,,,47602,12.0,12,,,,,,,,
,,,,,47606,4.0,4,,,,,,,,
,,,,,47615,9.0,9,,,,,,,,
,,,,,47619,4.0,4,,,,,,,,
,,,,,47624,5.0,5,,,,,,,,
,,,,,47637,13.0,13,,,,,,,,
,,,,,47642,5.0,5,,,,,,,,
,,,,,47646,4.0,4,,,,,,,,
,,,,,47649,3.0,3,,,,,,,,
,,,,,47655,6.0,6,,,,,,,,
,,,,,47659,4.0,4,,,,,,,,
,,,,,47665,6.0,6,,,,,,,,
,,,,,47669,4.0,4,,,,,,,,
,,,,,47672,3.0,3,,,,,,,,
,,,,,47677,5.0,5,,,,,,,,
,,,,,47687,10.0,10,,,,,,,,
,,,,,47691,4.0,4,,,,,,,,
,,,,,47698,7.0,7,,,,,,,,
,,,,,47704,6.0,6,,,,,,,,
,,,,,47708,4.0,4,,,,,,,,
,,,,,47716,8.0,8,,,,,,,,
,,,,,47723,7.0,7,,,,,,,,
,,,,,47727,4.0,4,,,,,,,,
,,,,,47731,4.0,4,,,,,,,,
,,,,,47736,5.0,5,,,,,,,,
,,,,,47740,4.0,4,,,,,,,,
,,,,,47744,4.0,4,,,,,,,,
,,,,,47749,5.0,5,,,,,,,,
,,,,,47763,14.0,14,,,,,,,,
,,,,,47771,8.0,8,,,,,,,,
,,,,,47775,4.0,4,,,,,,,,
,,,,,47778,3.0,3,,,,,,,,
,,,,,47781,3.0,3,,,,,,,,
,,,,,47784,3.0,3,,,,,,,,
,,,,,47794,10.0,10,,,,,,,,
,,,,,47799,5.0,5,,,,,,,,
,,,,,47805,6.0,6,,,,,,,,
,,,,,47809,4.0,4,,,,,,,,
,,,,,47813,4.0,4,,,,,,,,
,,,,,47819,6.0,6,,,,,,,,
,,,,,47822,3.0,3,,,,,,,,
,,,,,47827,5.0,5,,,,,,,,
,,,,,47834,7.0,7,,,,,,,,
,,,,,47837,3.0,3,,,,,,,,
,,,,,47847,10.0,10,,,,,,,,
,,,,,47851,4.0,4,,,,,,,,
,,,,,47856,5.0,5,,,,,,,,
,,,,,47861,5.0,5,,,,,,,,
,,,,,47867,6.0,6,,,,,,,,
,,,,,47875,8.0,8,,,,,,,,
,,,,,47879,4.0,4,,,,,,,,
,,,,,47883,4.0,4,,,,,,,,
,,,,,47890,7.0,7,,,,,,,,
,,,,,47894,4.0,4,,,,,,,,
,,,,,47911,17.0,17,,,,,,,,
,,,,,47916,5.0,5,,,,,,,,
,,,,,47924,8.0,8,,,,,,,,
,,,,,47930,6.0,6,,,,,,,,
,,,,,47933,3.0,3,,,,,,,,
,,,,,47936,3.0,3,,,,,,,,
,,,,,47942,6.0,6,,,,,,,,
,,,,,47946,4.0,4,,,,,,,,
,,,,,47949,3.0,3,,,,,,,,
,,,,,47955,6.0,6,,,,,,,,
,,,,,47962,7.0,7,,,,,,,,
,,,,,47966,4.0,4,,,,,,,,
,,,,,47969,3.0,3,,,,,,,,
,,,,,47974,5.0,5,,,,,,,,
,,,,,47977,3.0,3,,,,,,,,
,,,,,47988,11.0,11,,,,,,,,
,,,,,47994,6.0,6,,,,,,,,
,,,,,48000,,,-0.06777534633874893,0.6777534484863281,1.5872970819473267,4.611917495727539,4.669512748718262,0.0003,0.0003,0.1
,,,,,48002,8.0,8,,,,,,,,
,,,,,48006,4.0,4,,,,,,,,
,,,,,48011,5.0,5,,,,,,,,
,,,,,48014,3.0,3,,,,,,,,
,,,,,48019,5.0,5,,,,,,,,
,,,,,48022,3.0,3,,,,,,,,
,,,,,48032,10.0,10,,,,,,,,
,,,,,48036,4.0,4,,,,,,,,
,,,,,48043,7.0,7,,,,,,,,
,,,,,48046,3.0,3,,,,,,,,
,,,,,48053,7.0,7,,,,,,,,
,,,,,48062,9.0,9,,,,,,,,
,,,,,48066,4.0,4,,,,,,,,
,,,,,48074,8.0,8,,,,,,,,
,,,,,48078,4.0,4,,,,,,,,
,,,,,48085,7.0,7,,,,,,,,
,,,,,48090,5.0,5,,,,,,,,
,,,,,48094,4.0,4,,,,,,,,
,,,,,48101,7.0,7,,,,,,,,
,,,,,48113,12.0,12,,,,,,,,
,,,,,48123,10.0,10,,,,,,,,
,,,,,48126,3.0,3,,,,,,,,
,,,,,48129,3.0,3,,,,,,,,
,,,,,48134,5.0,5,,,,,,,,
,,,,,48139,5.0,5,,,,,,,,
,,,,,48142,3.0,3,,,,,,,,
,,,,,48152,10.0,10,,,,,,,,
,,,,,48163,11.0,11,,,,,,,,
,,,,,48166,3.0,3,,,,,,,,
,,,,,48174,8.0,8,,,,,,,,
,,,,,48177,3.0,3,,,,,,,,
,,,,,48182,5.0,5,,,,,,,,
,,,,,48187,5.0,5,,,,,,,,
,,,,,48190,3.0,3,,,,,,,,
,,,,,48201,11.0,11,,,,,,,,
,,,,,48205,4.0,4,,,,,,,,
,,,,,48209,4.0,4,,,,,,,,
,,,,,48216,7.0,7,,,,,,,,
,,,,,48227,11.0,11,,,,,,,,
,,,,,48236,9.0,9,,,,,,,,
,,,,,48239,3.0,3,,,,,,,,
,,,,,48243,4.0,4,,,,,,,,
,,,,,48248,5.0,5,,,,,,,,
,,,,,48253,5.0,5,,,,,,,,
,,,,,48256,3.0,3,,,,,,,,
,,,,,48259,3.0,3,,,,,,,,
,,,,,48266,7.0,7,,,,,,,,
,,,,,48269,3.0,3,,,,,,,,
,,,,,48272,3.0,3,,,,,,,,
,,,,,48275,3.0,3,,,,,,,,
,,,,,48278,3.0,3,,,,,,,,
,,,,,48283,5.0,5,,,,,,,,
,,,,,48287,4.0,4,,,,,,,,
,,,,,48295,8.0,8,,,,,,,,
,,,,,48299,4.0,4,,,,,,,,
,,,,,48303,4.0,4,,,,,,,,
,,,,,48306,3.0,3,,,,,,,,
,,,,,48312,6.0,6,,,,,,,,
,,,,,48321,9.0,9,,,,,,,,
,,,,,48324,3.0,3,,,,,,,,
,,,,,48335,11.0,11,,,,,,,,
,,,,,48340,5.0,5,,,,,,,,
,,,,,48348,8.0,8,,,,,,,,
,,,,,48352,4.0,4,,,,,,,,
,,,,,48356,4.0,4,,,,,,,,
,,,,,48364,8.0,8,,,,,,,,
,,,,,48371,7.0,7,,,,,,,,
,,,,,48376,5.0,5,,,,,,,,
,,,,,48381,5.0,5,,,,,,,,
,,,,,48385,4.0,4,,,,,,,,
,,,,,48395,10.0,10,,,,,,,,
,,,,,48398,3.0,3,,,,,,,,
,,,,,48402,4.0,4,,,,,,,,
,,,,,48405,3.0,3,,,,,,,,
,,,,,48420,15.0,15,,,,,,,,
,,,,,48431,11.0,11,,,,,,,,
,,,,,48438,7.0,7,,,,,,,,
,,,,,48454,16.0,16,,,,,,,,
,,,,,48459,5.0,5,,,,,,,,
,,,,,48467,8.0,8,,,,,,,,
,,,,,48470,3.0,3,,,,,,,,
,,,,,48478,8.0,8,,,,,,,,
,,,,,48482,4.0,4,,,,,,,,
,,,,,48488,6.0,6,,,,,,,,
,,,,,48501,13.0,13,,,,,,,,
,,,,,48504,3.0,3,,,,,,,,
,,,,,48509,5.0,5,,,,,,,,
,,,,,48512,3.0,3,,,,,,,,
,,,,,48515,3.0,3,,,,,,,,
,,,,,48519,4.0,4,,,,,,,,
,,,,,48529,10.0,10,,,,,,,,
,,,,,48534,5.0,5,,,,,,,,
,,,,,48538,4.0,4,,,,,,,,
,,,,,48541,3.0,3,,,,,,,,
,,,,,48546,5.0,5,,,,,,,,
,,,,,48555,9.0,9,,,,,,,,
,,,,,48559,4.0,4,,,,,,,,
,,,,,48562,3.0,3,,,,,,,,
,,,,,48565,3.0,3,,,,,,,,
,,,,,48585,20.0,20,,,,,,,,
,,,,,48588,3.0,3,,,,,,,,
,,,,,48591,3.0,3,,,,,,,,
,,,,,48594,3.0,3,,,,,,,,
,,,,,48599,5.0,5,,,,,,,,
,,,,,48609,10.0,10,,,,,,,,
,,,,,48612,3.0,3,,,,,,,,
,,,,,48615,3.0,3,,,,,,,,
,,,,,48620,5.0,5,,,,,,,,
,,,,,48624,4.0,4,,,,,,,,
,,,,,48628,4.0,4,,,,,,,,
,,,,,48634,6.0,6,,,,,,,,
,,,,,48638,4.0,4,,,,,,,,
,,,,,48658,20.0,20,,,,,,,,
,,,,,48662,4.0,4,,,,,,,,
,,,,,48666,4.0,4,,,,,,,,
,,,,,48670,4.0,4,,,,,,,,
,,,,,48678,8.0,8,,,,,,,,
,,,,,48689,11.0,11,,,,,,,,
,,,,,48705,16.0,16,,,,,,,,
,,,,,48709,4.0,4,,,,,,,,
,,,,,48719,10.0,10,,,,,,,,
,,,,,48723,4.0,4,,,,,,,,
,,,,,48727,4.0,4,,,,,,,,
,,,,,48730,3.0,3,,,,,,,,
,,,,,48733,3.0,3,,,,,,,,
,,,,,48736,3.0,3,,,,,,,,
,,,,,48743,7.0,7,,,,,,,,
,,,,,48754,11.0,11,,,,,,,,
,,,,,48760,6.0,6,,,,,,,,
,,,,,48771,11.0,11,,,,,,,,
,,,,,48776,5.0,5,,,,,,,,
,,,,,48786,10.0,10,,,,,,,,
,,,,,48795,9.0,9,,,,,,,,
,,,,,48804,9.0,9,,,,,,,,
,,,,,48807,3.0,3,,,,,,,,
,,,,,48813,6.0,6,,,,,,,,
,,,,,48820,7.0,7,,,,,,,,
,,,,,48825,5.0,5,,,,,,,,
,,,,,48828,3.0,3,,,,,,,,
,,,,,48832,4.0,4,,,,,,,,
,,,,,48836,4.0,4,,,,,,,,
,,,,,48845,9.0,9,,,,,,,,
,,,,,48854,9.0,9,,,,,,,,
,,,,,48858,4.0,4,,,,,,,,
,,,,,48862,4.0,4,,,,,,,,
,,,,,48866,4.0,4,,,,,,,,
,,,,,48870,4.0,4,,,,,,,,
,,,,,48873,3.0,3,,,,,,,,
,,,,,48885,12.0,12,,,,,,,,
,,,,,48890,5.0,5,,,,,,,,
,,,,,48897,7.0,7,,,,,,,,
,,,,,48907,10.0,10,,,,,,,,
,,,,,48910,3.0,3,,,,,,,,
,,,,,48915,5.0,5,,,,,,,,
,,,,,48925,10.0,10,,,,,,,,
,,,,,48931,6.0,6,,,,,,,,
,,,,,48937,6.0,6,,,,,,,,
,,,,,48946,9.0,9,,,,,,,,
,,,,,48957,11.0,11,,,,,,,,
,,,,,48965,8.0,8,,,,,,,,
,,,,,48968,3.0,3,,,,,,,,
,,,,,48971,3.0,3,,,,,,,,
,,,,,48974,3.0,3,,,,,,,,
,,,,,48977,3.0,3,,,,,,,,
,,,,,48980,3.0,3,,,,,,,,
,,,,,48983,3.0,3,,,,,,,,
,,,,,49000,17.0,17,,,,,,,,
,,,,,49000,,,-0.06900189071893692,0.690018892288208,1.8133366107940674,4.725203990936279,4.567418098449707,0.0003,0.0003,0.1
,,,,,49007,7.0,7,,,,,,,,
,,,,,49011,4.0,4,,,,,,,,
,,,,,49033,22.0,22,,,,,,,,
,,,,,49046,13.0,13,,,,,,,,
,,,,,49051,5.0,5,,,,,,,,
,,,,,49055,4.0,4,,,,,,,,
,,,,,49058,3.0,3,,,,,,,,
,,,,,49064,6.0,6,,,,,,,,
,,,,,49072,8.0,8,,,,,,,,
,,,,,49080,8.0,8,,,,,,,,
,,,,,49083,3.0,3,,,,,,,,
,,,,,49086,3.0,3,,,,,,,,
,,,,,49089,3.0,3,,,,,,,,
,,,,,49092,3.0,3,,,,,,,,
,,,,,49098,6.0,6,,,,,,,,
,,,,,49102,4.0,4,,,,,,,,
,,,,,49105,3.0,3,,,,,,,,
,,,,,49111,6.0,6,,,,,,,,
,,,,,49114,3.0,3,,,,,,,,
,,,,,49117,3.0,3,,,,,,,,
,,,,,49129,12.0,12,,,,,,,,
,,,,,49139,10.0,10,,,,,,,,
,,,,,49142,3.0,3,,,,,,,,
,,,,,49146,4.0,4,,,,,,,,
,,,,,49150,4.0,4,,,,,,,,
,,,,,49156,6.0,6,,,,,,,,
,,,,,49159,3.0,3,,,,,,,,
,,,,,49173,14.0,14,,,,,,,,
,,,,,49183,10.0,10,,,,,,,,
,,,,,49197,14.0,14,,,,,,,,
,,,,,49201,4.0,4,,,,,,,,
,,,,,49207,6.0,6,,,,,,,,
,,,,,49210,3.0,3,,,,,,,,
,,,,,49213,3.0,3,,,,,,,,
,,,,,49216,3.0,3,,,,,,,,
,,,,,49220,4.0,4,,,,,,,,
,,,,,49223,3.0,3,,,,,,,,
,,,,,49228,5.0,5,,,,,,,,
,,,,,49236,8.0,8,,,,,,,,
,,,,,49239,3.0,3,,,,,,,,
,,,,,49246,7.0,7,,,,,,,,
,,,,,49250,4.0,4,,,,,,,,
,,,,,49253,3.0,3,,,,,,,,
,,,,,49256,3.0,3,,,,,,,,
,,,,,49261,5.0,5,,,,,,,,
,,,,,49265,4.0,4,,,,,,,,
,,,,,49271,6.0,6,,,,,,,,
,,,,,49275,4.0,4,,,,,,,,
,,,,,49279,4.0,4,,,,,,,,
,,,,,49292,13.0,13,,,,,,,,
,,,,,49295,3.0,3,,,,,,,,
,,,,,49300,5.0,5,,,,,,,,
,,,,,49308,8.0,8,,,,,,,,
,,,,,49312,4.0,4,,,,,,,,
,,,,,49315,3.0,3,,,,,,,,
,,,,,49323,8.0,8,,,,,,,,
,,,,,49328,5.0,5,,,,,,,,
,,,,,49342,14.0,14,,,,,,,,
,,,,,49346,4.0,4,,,,,,,,
,,,,,49350,4.0,4,,,,,,,,
,,,,,49353,3.0,3,,,,,,,,
,,,,,49359,6.0,6,,,,,,,,
,,,,,49363,4.0,4,,,,,,,,
,,,,,49370,7.0,7,,,,,,,,
,,,,,49374,4.0,4,,,,,,,,
,,,,,49377,3.0,3,,,,,,,,
,,,,,49383,6.0,6,,,,,,,,
,,,,,49387,4.0,4,,,,,,,,
,,,,,49391,4.0,4,,,,,,,,
,,,,,49396,5.0,5,,,,,,,,
,,,,,49400,4.0,4,,,,,,,,
,,,,,49404,4.0,4,,,,,,,,
,,,,,49424,20.0,20,,,,,,,,
,,,,,49428,4.0,4,,,,,,,,
,,,,,49432,4.0,4,,,,,,,,
,,,,,49435,3.0,3,,,,,,,,
,,,,,49441,6.0,6,,,,,,,,
,,,,,49457,16.0,16,,,,,,,,
,,,,,49461,4.0,4,,,,,,,,
,,,,,49468,7.0,7,,,,,,,,
,,,,,49473,5.0,5,,,,,,,,
,,,,,49479,6.0,6,,,,,,,,
,,,,,49483,4.0,4,,,,,,,,
,,,,,49495,12.0,12,,,,,,,,
,,,,,49500,5.0,5,,,,,,,,
,,,,,49507,7.0,7,,,,,,,,
,,,,,49510,3.0,3,,,,,,,,
,,,,,49514,4.0,4,,,,,,,,
,,,,,49518,4.0,4,,,,,,,,
,,,,,49522,4.0,4,,,,,,,,
,,,,,49532,10.0,10,,,,,,,,
,,,,,49542,10.0,10,,,,,,,,
,,,,,49549,7.0,7,,,,,,,,
,,,,,49553,4.0,4,,,,,,,,
,,,,,49556,3.0,3,,,,,,,,
,,,,,49564,8.0,8,,,,,,,,
,,,,,49571,7.0,7,,,,,,,,
,,,,,49578,7.0,7,,,,,,,,
,,,,,49590,12.0,12,,,,,,,,
,,,,,49596,6.0,6,,,,,,,,
,,,,,49601,5.0,5,,,,,,,,
,,,,,49608,7.0,7,,,,,,,,
,,,,,49612,4.0,4,,,,,,,,
,,,,,49615,3.0,3,,,,,,,,
,,,,,49622,7.0,7,,,,,,,,
,,,,,49627,5.0,5,,,,,,,,
,,,,,49636,9.0,9,,,,,,,,
,,,,,49643,7.0,7,,,,,,,,
,,,,,49646,3.0,3,,,,,,,,
,,,,,49649,3.0,3,,,,,,,,
,,,,,49652,3.0,3,,,,,,,,
,,,,,49656,4.0,4,,,,,,,,
,,,,,49663,7.0,7,,,,,,,,
,,,,,49671,8.0,8,,,,,,,,
,,,,,49679,8.0,8,,,,,,,,
,,,,,49689,10.0,10,,,,,,,,
,,,,,49695,6.0,6,,,,,,,,
,,,,,49712,17.0,17,,,,,,,,
,,,,,49716,4.0,4,,,,,,,,
,,,,,49721,5.0,5,,,,,,,,
,,,,,49726,5.0,5,,,,,,,,
,,,,,49734,8.0,8,,,,,,,,
,,,,,49737,3.0,3,,,,,,,,
,,,,,49742,5.0,5,,,,,,,,
,,,,,49746,4.0,4,,,,,,,,
,,,,,49762,16.0,16,,,,,,,,
,,,,,49765,3.0,3,,,,,,,,
,,,,,49768,3.0,3,,,,,,,,
,,,,,49787,19.0,19,,,,,,,,
,,,,,49796,9.0,9,,,,,,,,
,,,,,49799,3.0,3,,,,,,,,
,,,,,49805,6.0,6,,,,,,,,
,,,,,49808,3.0,3,,,,,,,,
,,,,,49812,4.0,4,,,,,,,,
,,,,,49818,6.0,6,,,,,,,,
,,,,,49821,3.0,3,,,,,,,,
,,,,,49826,5.0,5,,,,,,,,
,,,,,49833,7.0,7,,,,,,,,
,,,,,49837,4.0,4,,,,,,,,
,,,,,49843,6.0,6,,,,,,,,
,,,,,49847,4.0,4,,,,,,,,
,,,,,49850,3.0,3,,,,,,,,
,,,,,49856,6.0,6,,,,,,,,
,,,,,49861,5.0,5,,,,,,,,
,,,,,49864,3.0,3,,,,,,,,
,,,,,49872,8.0,8,,,,,,,,
,,,,,49883,11.0,11,,,,,,,,
,,,,,49888,5.0,5,,,,,,,,
,,,,,49895,7.0,7,,,,,,,,
,,,,,49906,11.0,11,,,,,,,,
,,,,,49911,5.0,5,,,,,,,,
,,,,,49921,10.0,10,,,,,,,,
,,,,,49930,9.0,9,,,,,,,,
,,,,,49934,4.0,4,,,,,,,,
,,,,,49938,4.0,4,,,,,,,,
,,,,,49951,13.0,13,,,,,,,,
,,,,,49957,6.0,6,,,,,,,,
,,,,,49960,3.0,3,,,,,,,,
,,,,,49967,7.0,7,,,,,,,,
,,,,,49973,6.0,6,,,,,,,,
,,,,,49977,4.0,4,,,,,,,,
,,,,,49980,3.0,3,,,,,,,,
,,,,,49991,11.0,11,,,,,,,,
,,,,,49997,6.0,6,,,,,,,,
