Eval_AverageReturn,Eval_StdReturn,Eval_MaxReturn,Eval_MinReturn,Eval_AverageEpLen,step,Train_EpisodeReturn,Train_EpisodeLen,actor_loss,entropy,critic_loss,q_values,target_values,actor_lr,critic_lr,temperature
6.0,3.34664,13.0,3.0,6.0,0,,,,,,,,,,
,,,,,3,4.0,4,,,,,,,,
,,,,,7,4.0,4,,,,,,,,
,,,,,10,3.0,3,,,,,,,,
,,,,,17,7.0,7,,,,,,,,
,,,,,38,21.0,21,,,,,,,,
,,,,,42,4.0,4,,,,,,,,
,,,,,45,3.0,3,,,,,,,,
,,,,,51,6.0,6,,,,,,,,
,,,,,54,3.0,3,,,,,,,,
,,,,,61,7.0,7,,,,,,,,
,,,,,66,5.0,5,,,,,,,,
,,,,,69,3.0,3,,,,,,,,
,,,,,72,3.0,3,,,,,,,,
,,,,,80,8.0,8,,,,,,,,
,,,,,83,3.0,3,,,,,,,,
,,,,,87,4.0,4,,,,,,,,
,,,,,93,6.0,6,,,,,,,,
,,,,,106,13.0,13,,,,,,,,
,,,,,114,8.0,8,,,,,,,,
,,,,,118,4.0,4,,,,,,,,
,,,,,123,5.0,5,,,,,,,,
,,,,,126,3.0,3,,,,,,,,
,,,,,139,13.0,13,,,,,,,,
,,,,,144,5.0,5,,,,,,,,
,,,,,147,3.0,3,,,,,,,,
,,,,,150,3.0,3,,,,,,,,
,,,,,157,7.0,7,,,,,,,,
,,,,,161,4.0,4,,,,,,,,
,,,,,172,11.0,11,,,,,,,,
,,,,,182,10.0,10,,,,,,,,
,,,,,187,5.0,5,,,,,,,,
,,,,,195,8.0,8,,,,,,,,
,,,,,198,3.0,3,,,,,,,,
,,,,,202,4.0,4,,,,,,,,
,,,,,206,4.0,4,,,,,,,,
,,,,,215,9.0,9,,,,,,,,
,,,,,231,16.0,16,,,,,,,,
,,,,,234,3.0,3,,,,,,,,
,,,,,238,4.0,4,,,,,,,,
,,,,,243,5.0,5,,,,,,,,
,,,,,247,4.0,4,,,,,,,,
,,,,,256,9.0,9,,,,,,,,
,,,,,259,3.0,3,,,,,,,,
,,,,,266,7.0,7,,,,,,,,
,,,,,280,14.0,14,,,,,,,,
,,,,,294,14.0,14,,,,,,,,
,,,,,304,10.0,10,,,,,,,,
,,,,,313,9.0,9,,,,,,,,
,,,,,317,4.0,4,,,,,,,,
,,,,,320,3.0,3,,,,,,,,
,,,,,324,4.0,4,,,,,,,,
,,,,,328,4.0,4,,,,,,,,
,,,,,332,4.0,4,,,,,,,,
,,,,,342,10.0,10,,,,,,,,
,,,,,358,16.0,16,,,,,,,,
,,,,,367,9.0,9,,,,,,,,
,,,,,370,3.0,3,,,,,,,,
,,,,,373,3.0,3,,,,,,,,
,,,,,381,8.0,8,,,,,,,,
,,,,,385,4.0,4,,,,,,,,
,,,,,389,4.0,4,,,,,,,,
,,,,,396,7.0,7,,,,,,,,
,,,,,400,4.0,4,,,,,,,,
,,,,,403,3.0,3,,,,,,,,
,,,,,409,6.0,6,,,,,,,,
,,,,,413,4.0,4,,,,,,,,
,,,,,416,3.0,3,,,,,,,,
,,,,,424,8.0,8,,,,,,,,
,,,,,430,6.0,6,,,,,,,,
,,,,,445,15.0,15,,,,,,,,
,,,,,456,11.0,11,,,,,,,,
,,,,,461,5.0,5,,,,,,,,
,,,,,469,8.0,8,,,,,,,,
,,,,,477,8.0,8,,,,,,,,
,,,,,489,12.0,12,,,,,,,,
,,,,,494,5.0,5,,,,,,,,
,,,,,498,4.0,4,,,,,,,,
,,,,,501,3.0,3,,,,,,,,
,,,,,504,3.0,3,,,,,,,,
,,,,,510,6.0,6,,,,,,,,
,,,,,516,6.0,6,,,,,,,,
,,,,,529,13.0,13,,,,,,,,
,,,,,541,12.0,12,,,,,,,,
,,,,,558,17.0,17,,,,,,,,
,,,,,565,7.0,7,,,,,,,,
,,,,,572,7.0,7,,,,,,,,
,,,,,579,7.0,7,,,,,,,,
,,,,,583,4.0,4,,,,,,,,
,,,,,587,4.0,4,,,,,,,,
,,,,,590,3.0,3,,,,,,,,
,,,,,593,3.0,3,,,,,,,,
,,,,,599,6.0,6,,,,,,,,
,,,,,603,4.0,4,,,,,,,,
,,,,,617,14.0,14,,,,,,,,
,,,,,624,7.0,7,,,,,,,,
,,,,,634,10.0,10,,,,,,,,
,,,,,646,12.0,12,,,,,,,,
,,,,,649,3.0,3,,,,,,,,
,,,,,654,5.0,5,,,,,,,,
,,,,,657,3.0,3,,,,,,,,
,,,,,681,24.0,24,,,,,,,,
,,,,,689,8.0,8,,,,,,,,
,,,,,695,6.0,6,,,,,,,,
,,,,,701,6.0,6,,,,,,,,
,,,,,707,6.0,6,,,,,,,,
,,,,,710,3.0,3,,,,,,,,
,,,,,716,6.0,6,,,,,,,,
,,,,,719,3.0,3,,,,,,,,
,,,,,726,7.0,7,,,,,,,,
,,,,,731,5.0,5,,,,,,,,
,,,,,735,4.0,4,,,,,,,,
,,,,,739,4.0,4,,,,,,,,
,,,,,749,10.0,10,,,,,,,,
,,,,,753,4.0,4,,,,,,,,
,,,,,758,5.0,5,,,,,,,,
,,,,,761,3.0,3,,,,,,,,
,,,,,766,5.0,5,,,,,,,,
,,,,,770,4.0,4,,,,,,,,
,,,,,779,9.0,9,,,,,,,,
,,,,,786,7.0,7,,,,,,,,
,,,,,790,4.0,4,,,,,,,,
,,,,,796,6.0,6,,,,,,,,
,,,,,801,5.0,5,,,,,,,,
,,,,,805,4.0,4,,,,,,,,
,,,,,817,12.0,12,,,,,,,,
,,,,,821,4.0,4,,,,,,,,
,,,,,830,9.0,9,,,,,,,,
,,,,,840,10.0,10,,,,,,,,
,,,,,851,11.0,11,,,,,,,,
,,,,,856,5.0,5,,,,,,,,
,,,,,860,4.0,4,,,,,,,,
,,,,,880,20.0,20,,,,,,,,
,,,,,887,7.0,7,,,,,,,,
,,,,,897,10.0,10,,,,,,,,
,,,,,901,4.0,4,,,,,,,,
,,,,,904,3.0,3,,,,,,,,
,,,,,908,4.0,4,,,,,,,,
,,,,,914,6.0,6,,,,,,,,
,,,,,922,8.0,8,,,,,,,,
,,,,,930,8.0,8,,,,,,,,
,,,,,933,3.0,3,,,,,,,,
,,,,,945,12.0,12,,,,,,,,
,,,,,949,4.0,4,,,,,,,,
,,,,,954,5.0,5,,,,,,,,
,,,,,965,11.0,11,,,,,,,,
,,,,,971,6.0,6,,,,,,,,
,,,,,978,7.0,7,,,,,,,,
,,,,,982,4.0,4,,,,,,,,
,,,,,987,5.0,5,,,,,,,,
,,,,,992,5.0,5,,,,,,,,
,,,,,997,5.0,5,,,,,,,,
,,,,,1000,3.0,3,,,,,,,,
,,,,,1005,5.0,5,,,,,,,,
,,,,,1019,14.0,14,,,,,,,,
,,,,,1025,6.0,6,,,,,,,,
,,,,,1029,4.0,4,,,,,,,,
,,,,,1034,5.0,5,,,,,,,,
,,,,,1037,3.0,3,,,,,,,,
,,,,,1045,8.0,8,,,,,,,,
,,,,,1049,4.0,4,,,,,,,,
,,,,,1053,4.0,4,,,,,,,,
,,,,,1070,17.0,17,,,,,,,,
,,,,,1074,4.0,4,,,,,,,,
,,,,,1077,3.0,3,,,,,,,,
,,,,,1081,4.0,4,,,,,,,,
,,,,,1085,4.0,4,,,,,,,,
,,,,,1091,6.0,6,,,,,,,,
,,,,,1095,4.0,4,,,,,,,,
,,,,,1098,3.0,3,,,,,,,,
,,,,,1101,3.0,3,,,,,,,,
,,,,,1113,12.0,12,,,,,,,,
,,,,,1129,16.0,16,,,,,,,,
,,,,,1133,4.0,4,,,,,,,,
,,,,,1141,8.0,8,,,,,,,,
,,,,,1145,4.0,4,,,,,,,,
,,,,,1152,7.0,7,,,,,,,,
,,,,,1158,6.0,6,,,,,,,,
,,,,,1163,5.0,5,,,,,,,,
,,,,,1166,3.0,3,,,,,,,,
,,,,,1173,7.0,7,,,,,,,,
,,,,,1176,3.0,3,,,,,,,,
,,,,,1179,3.0,3,,,,,,,,
,,,,,1183,4.0,4,,,,,,,,
,,,,,1188,5.0,5,,,,,,,,
,,,,,1191,3.0,3,,,,,,,,
,,,,,1194,3.0,3,,,,,,,,
,,,,,1198,4.0,4,,,,,,,,
,,,,,1206,8.0,8,,,,,,,,
,,,,,1210,4.0,4,,,,,,,,
,,,,,1213,3.0,3,,,,,,,,
,,,,,1216,3.0,3,,,,,,,,
,,,,,1226,10.0,10,,,,,,,,
,,,,,1237,11.0,11,,,,,,,,
,,,,,1250,13.0,13,,,,,,,,
,,,,,1254,4.0,4,,,,,,,,
,,,,,1272,18.0,18,,,,,,,,
,,,,,1278,6.0,6,,,,,,,,
,,,,,1282,4.0,4,,,,,,,,
,,,,,1287,5.0,5,,,,,,,,
,,,,,1300,13.0,13,,,,,,,,
,,,,,1305,5.0,5,,,,,,,,
,,,,,1322,17.0,17,,,,,,,,
,,,,,1335,13.0,13,,,,,,,,
,,,,,1344,9.0,9,,,,,,,,
,,,,,1348,4.0,4,,,,,,,,
,,,,,1356,8.0,8,,,,,,,,
,,,,,1362,6.0,6,,,,,,,,
,,,,,1366,4.0,4,,,,,,,,
,,,,,1377,11.0,11,,,,,,,,
,,,,,1380,3.0,3,,,,,,,,
,,,,,1385,5.0,5,,,,,,,,
,,,,,1394,9.0,9,,,,,,,,
,,,,,1408,14.0,14,,,,,,,,
,,,,,1414,6.0,6,,,,,,,,
,,,,,1426,12.0,12,,,,,,,,
,,,,,1434,8.0,8,,,,,,,,
,,,,,1437,3.0,3,,,,,,,,
,,,,,1441,4.0,4,,,,,,,,
,,,,,1448,7.0,7,,,,,,,,
,,,,,1452,4.0,4,,,,,,,,
,,,,,1459,7.0,7,,,,,,,,
,,,,,1464,5.0,5,,,,,,,,
,,,,,1469,5.0,5,,,,,,,,
,,,,,1479,10.0,10,,,,,,,,
,,,,,1486,7.0,7,,,,,,,,
,,,,,1489,3.0,3,,,,,,,,
,,,,,1492,3.0,3,,,,,,,,
,,,,,1504,12.0,12,,,,,,,,
,,,,,1515,11.0,11,,,,,,,,
,,,,,1519,4.0,4,,,,,,,,
,,,,,1525,6.0,6,,,,,,,,
,,,,,1538,13.0,13,,,,,,,,
,,,,,1550,12.0,12,,,,,,,,
,,,,,1566,16.0,16,,,,,,,,
,,,,,1569,3.0,3,,,,,,,,
,,,,,1576,7.0,7,,,,,,,,
,,,,,1579,3.0,3,,,,,,,,
,,,,,1586,7.0,7,,,,,,,,
,,,,,1591,5.0,5,,,,,,,,
,,,,,1596,5.0,5,,,,,,,,
,,,,,1605,9.0,9,,,,,,,,
,,,,,1609,4.0,4,,,,,,,,
,,,,,1613,4.0,4,,,,,,,,
,,,,,1616,3.0,3,,,,,,,,
,,,,,1622,6.0,6,,,,,,,,
,,,,,1627,5.0,5,,,,,,,,
,,,,,1631,4.0,4,,,,,,,,
,,,,,1645,14.0,14,,,,,,,,
,,,,,1661,16.0,16,,,,,,,,
,,,,,1666,5.0,5,,,,,,,,
,,,,,1672,6.0,6,,,,,,,,
,,,,,1675,3.0,3,,,,,,,,
,,,,,1681,6.0,6,,,,,,,,
,,,,,1692,11.0,11,,,,,,,,
,,,,,1698,6.0,6,,,,,,,,
,,,,,1706,8.0,8,,,,,,,,
,,,,,1711,5.0,5,,,,,,,,
,,,,,1716,5.0,5,,,,,,,,
,,,,,1725,9.0,9,,,,,,,,
,,,,,1730,5.0,5,,,,,,,,
,,,,,1738,8.0,8,,,,,,,,
,,,,,1750,12.0,12,,,,,,,,
,,,,,1765,15.0,15,,,,,,,,
,,,,,1770,5.0,5,,,,,,,,
,,,,,1774,4.0,4,,,,,,,,
,,,,,1779,5.0,5,,,,,,,,
,,,,,1782,3.0,3,,,,,,,,
,,,,,1787,5.0,5,,,,,,,,
,,,,,1807,20.0,20,,,,,,,,
,,,,,1811,4.0,4,,,,,,,,
,,,,,1815,4.0,4,,,,,,,,
,,,,,1819,4.0,4,,,,,,,,
,,,,,1826,7.0,7,,,,,,,,
,,,,,1831,5.0,5,,,,,,,,
,,,,,1834,3.0,3,,,,,,,,
,,,,,1842,8.0,8,,,,,,,,
,,,,,1864,22.0,22,,,,,,,,
,,,,,1867,3.0,3,,,,,,,,
,,,,,1871,4.0,4,,,,,,,,
,,,,,1875,4.0,4,,,,,,,,
,,,,,1883,8.0,8,,,,,,,,
,,,,,1898,15.0,15,,,,,,,,
,,,,,1903,5.0,5,,,,,,,,
,,,,,1915,12.0,12,,,,,,,,
,,,,,1918,3.0,3,,,,,,,,
,,,,,1923,5.0,5,,,,,,,,
,,,,,1935,12.0,12,,,,,,,,
,,,,,1947,12.0,12,,,,,,,,
,,,,,1958,11.0,11,,,,,,,,
,,,,,1963,5.0,5,,,,,,,,
,,,,,1966,3.0,3,,,,,,,,
,,,,,1973,7.0,7,,,,,,,,
,,,,,1977,4.0,4,,,,,,,,
,,,,,1980,3.0,3,,,,,,,,
,,,,,2000,20.0,20,,,,,,,,
,,,,,2003,3.0,3,,,,,,,,
,,,,,2012,9.0,9,,,,,,,,
,,,,,2020,8.0,8,,,,,,,,
,,,,,2027,7.0,7,,,,,,,,
,,,,,2034,7.0,7,,,,,,,,
,,,,,2042,8.0,8,,,,,,,,
,,,,,2045,3.0,3,,,,,,,,
,,,,,2049,4.0,4,,,,,,,,
,,,,,2059,10.0,10,,,,,,,,
,,,,,2084,25.0,25,,,,,,,,
,,,,,2089,5.0,5,,,,,,,,
,,,,,2093,4.0,4,,,,,,,,
,,,,,2108,15.0,15,,,,,,,,
,,,,,2116,8.0,8,,,,,,,,
,,,,,2122,6.0,6,,,,,,,,
,,,,,2128,6.0,6,,,,,,,,
,,,,,2137,9.0,9,,,,,,,,
,,,,,2144,7.0,7,,,,,,,,
,,,,,2161,17.0,17,,,,,,,,
,,,,,2165,4.0,4,,,,,,,,
,,,,,2169,4.0,4,,,,,,,,
,,,,,2181,12.0,12,,,,,,,,
,,,,,2189,8.0,8,,,,,,,,
,,,,,2192,3.0,3,,,,,,,,
,,,,,2201,9.0,9,,,,,,,,
,,,,,2210,9.0,9,,,,,,,,
,,,,,2218,8.0,8,,,,,,,,
,,,,,2230,12.0,12,,,,,,,,
,,,,,2239,9.0,9,,,,,,,,
,,,,,2242,3.0,3,,,,,,,,
,,,,,2245,3.0,3,,,,,,,,
,,,,,2250,5.0,5,,,,,,,,
,,,,,2257,7.0,7,,,,,,,,
,,,,,2261,4.0,4,,,,,,,,
,,,,,2266,5.0,5,,,,,,,,
,,,,,2283,17.0,17,,,,,,,,
,,,,,2294,11.0,11,,,,,,,,
,,,,,2297,3.0,3,,,,,,,,
,,,,,2302,5.0,5,,,,,,,,
,,,,,2315,13.0,13,,,,,,,,
,,,,,2320,5.0,5,,,,,,,,
,,,,,2330,10.0,10,,,,,,,,
,,,,,2338,8.0,8,,,,,,,,
,,,,,2349,11.0,11,,,,,,,,
,,,,,2360,11.0,11,,,,,,,,
,,,,,2366,6.0,6,,,,,,,,
,,,,,2371,5.0,5,,,,,,,,
,,,,,2375,4.0,4,,,,,,,,
,,,,,2388,13.0,13,,,,,,,,
,,,,,2396,8.0,8,,,,,,,,
,,,,,2416,20.0,20,,,,,,,,
,,,,,2427,11.0,11,,,,,,,,
,,,,,2430,3.0,3,,,,,,,,
,,,,,2439,9.0,9,,,,,,,,
,,,,,2443,4.0,4,,,,,,,,
,,,,,2448,5.0,5,,,,,,,,
,,,,,2452,4.0,4,,,,,,,,
,,,,,2465,13.0,13,,,,,,,,
,,,,,2475,10.0,10,,,,,,,,
,,,,,2478,3.0,3,,,,,,,,
,,,,,2486,8.0,8,,,,,,,,
,,,,,2490,4.0,4,,,,,,,,
,,,,,2495,5.0,5,,,,,,,,
,,,,,2499,4.0,4,,,,,,,,
,,,,,2504,5.0,5,,,,,,,,
,,,,,2508,4.0,4,,,,,,,,
,,,,,2513,5.0,5,,,,,,,,
,,,,,2520,7.0,7,,,,,,,,
,,,,,2530,10.0,10,,,,,,,,
,,,,,2538,8.0,8,,,,,,,,
,,,,,2546,8.0,8,,,,,,,,
,,,,,2557,11.0,11,,,,,,,,
,,,,,2568,11.0,11,,,,,,,,
,,,,,2571,3.0,3,,,,,,,,
,,,,,2583,12.0,12,,,,,,,,
,,,,,2590,7.0,7,,,,,,,,
,,,,,2594,4.0,4,,,,,,,,
,,,,,2601,7.0,7,,,,,,,,
,,,,,2604,3.0,3,,,,,,,,
,,,,,2620,16.0,16,,,,,,,,
,,,,,2625,5.0,5,,,,,,,,
,,,,,2633,8.0,8,,,,,,,,
,,,,,2648,15.0,15,,,,,,,,
,,,,,2660,12.0,12,,,,,,,,
,,,,,2673,13.0,13,,,,,,,,
,,,,,2676,3.0,3,,,,,,,,
,,,,,2684,8.0,8,,,,,,,,
,,,,,2690,6.0,6,,,,,,,,
,,,,,2693,3.0,3,,,,,,,,
,,,,,2697,4.0,4,,,,,,,,
,,,,,2703,6.0,6,,,,,,,,
,,,,,2709,6.0,6,,,,,,,,
,,,,,2713,4.0,4,,,,,,,,
,,,,,2717,4.0,4,,,,,,,,
,,,,,2720,3.0,3,,,,,,,,
,,,,,2727,7.0,7,,,,,,,,
,,,,,2730,3.0,3,,,,,,,,
,,,,,2735,5.0,5,,,,,,,,
,,,,,2741,6.0,6,,,,,,,,
,,,,,2746,5.0,5,,,,,,,,
,,,,,2749,3.0,3,,,,,,,,
,,,,,2757,8.0,8,,,,,,,,
,,,,,2773,16.0,16,,,,,,,,
,,,,,2782,9.0,9,,,,,,,,
,,,,,2789,7.0,7,,,,,,,,
,,,,,2793,4.0,4,,,,,,,,
,,,,,2800,7.0,7,,,,,,,,
,,,,,2804,4.0,4,,,,,,,,
,,,,,2810,6.0,6,,,,,,,,
,,,,,2815,5.0,5,,,,,,,,
,,,,,2840,25.0,25,,,,,,,,
,,,,,2845,5.0,5,,,,,,,,
,,,,,2849,4.0,4,,,,,,,,
,,,,,2853,4.0,4,,,,,,,,
,,,,,2860,7.0,7,,,,,,,,
,,,,,2874,14.0,14,,,,,,,,
,,,,,2885,11.0,11,,,,,,,,
,,,,,2890,5.0,5,,,,,,,,
,,,,,2895,5.0,5,,,,,,,,
,,,,,2903,8.0,8,,,,,,,,
,,,,,2918,15.0,15,,,,,,,,
,,,,,2934,16.0,16,,,,,,,,
,,,,,2937,3.0,3,,,,,,,,
,,,,,2944,7.0,7,,,,,,,,
,,,,,2950,6.0,6,,,,,,,,
,,,,,2959,9.0,9,,,,,,,,
,,,,,2963,4.0,4,,,,,,,,
,,,,,2966,3.0,3,,,,,,,,
,,,,,2972,6.0,6,,,,,,,,
,,,,,2984,12.0,12,,,,,,,,
,,,,,2992,8.0,8,,,,,,,,
,,,,,2996,4.0,4,,,,,,,,
,,,,,3003,7.0,7,,,,,,,,
,,,,,3009,6.0,6,,,,,,,,
,,,,,3016,7.0,7,,,,,,,,
,,,,,3024,8.0,8,,,,,,,,
,,,,,3028,4.0,4,,,,,,,,
,,,,,3050,22.0,22,,,,,,,,
,,,,,3054,4.0,4,,,,,,,,
,,,,,3058,4.0,4,,,,,,,,
,,,,,3063,5.0,5,,,,,,,,
,,,,,3071,8.0,8,,,,,,,,
,,,,,3083,12.0,12,,,,,,,,
,,,,,3088,5.0,5,,,,,,,,
,,,,,3097,9.0,9,,,,,,,,
,,,,,3105,8.0,8,,,,,,,,
,,,,,3111,6.0,6,,,,,,,,
,,,,,3115,4.0,4,,,,,,,,
,,,,,3118,3.0,3,,,,,,,,
,,,,,3132,14.0,14,,,,,,,,
,,,,,3135,3.0,3,,,,,,,,
,,,,,3139,4.0,4,,,,,,,,
,,,,,3142,3.0,3,,,,,,,,
,,,,,3147,5.0,5,,,,,,,,
,,,,,3160,13.0,13,,,,,,,,
,,,,,3167,7.0,7,,,,,,,,
,,,,,3176,9.0,9,,,,,,,,
,,,,,3180,4.0,4,,,,,,,,
,,,,,3197,17.0,17,,,,,,,,
,,,,,3201,4.0,4,,,,,,,,
,,,,,3205,4.0,4,,,,,,,,
,,,,,3210,5.0,5,,,,,,,,
,,,,,3215,5.0,5,,,,,,,,
,,,,,3219,4.0,4,,,,,,,,
,,,,,3223,4.0,4,,,,,,,,
,,,,,3233,10.0,10,,,,,,,,
,,,,,3243,10.0,10,,,,,,,,
,,,,,3249,6.0,6,,,,,,,,
,,,,,3256,7.0,7,,,,,,,,
,,,,,3262,6.0,6,,,,,,,,
,,,,,3275,13.0,13,,,,,,,,
,,,,,3282,7.0,7,,,,,,,,
,,,,,3285,3.0,3,,,,,,,,
,,,,,3290,5.0,5,,,,,,,,
,,,,,3300,10.0,10,,,,,,,,
,,,,,3308,8.0,8,,,,,,,,
,,,,,3317,9.0,9,,,,,,,,
,,,,,3320,3.0,3,,,,,,,,
,,,,,3323,3.0,3,,,,,,,,
,,,,,3329,6.0,6,,,,,,,,
,,,,,3333,4.0,4,,,,,,,,
,,,,,3346,13.0,13,,,,,,,,
,,,,,3354,8.0,8,,,,,,,,
,,,,,3361,7.0,7,,,,,,,,
,,,,,3364,3.0,3,,,,,,,,
,,,,,3368,4.0,4,,,,,,,,
,,,,,3372,4.0,4,,,,,,,,
,,,,,3376,4.0,4,,,,,,,,
,,,,,3381,5.0,5,,,,,,,,
,,,,,3388,7.0,7,,,,,,,,
,,,,,3392,4.0,4,,,,,,,,
,,,,,3396,4.0,4,,,,,,,,
,,,,,3399,3.0,3,,,,,,,,
,,,,,3411,12.0,12,,,,,,,,
,,,,,3417,6.0,6,,,,,,,,
,,,,,3434,17.0,17,,,,,,,,
,,,,,3448,14.0,14,,,,,,,,
,,,,,3456,8.0,8,,,,,,,,
,,,,,3469,13.0,13,,,,,,,,
,,,,,3479,10.0,10,,,,,,,,
,,,,,3485,6.0,6,,,,,,,,
,,,,,3489,4.0,4,,,,,,,,
,,,,,3494,5.0,5,,,,,,,,
,,,,,3511,17.0,17,,,,,,,,
,,,,,3516,5.0,5,,,,,,,,
,,,,,3522,6.0,6,,,,,,,,
,,,,,3530,8.0,8,,,,,,,,
,,,,,3537,7.0,7,,,,,,,,
,,,,,3542,5.0,5,,,,,,,,
,,,,,3552,10.0,10,,,,,,,,
,,,,,3556,4.0,4,,,,,,,,
,,,,,3563,7.0,7,,,,,,,,
,,,,,3573,10.0,10,,,,,,,,
,,,,,3577,4.0,4,,,,,,,,
,,,,,3587,10.0,10,,,,,,,,
,,,,,3603,16.0,16,,,,,,,,
,,,,,3606,3.0,3,,,,,,,,
,,,,,3613,7.0,7,,,,,,,,
,,,,,3620,7.0,7,,,,,,,,
,,,,,3628,8.0,8,,,,,,,,
,,,,,3632,4.0,4,,,,,,,,
,,,,,3639,7.0,7,,,,,,,,
,,,,,3649,10.0,10,,,,,,,,
,,,,,3656,7.0,7,,,,,,,,
,,,,,3664,8.0,8,,,,,,,,
,,,,,3669,5.0,5,,,,,,,,
,,,,,3684,15.0,15,,,,,,,,
,,,,,3690,6.0,6,,,,,,,,
,,,,,3699,9.0,9,,,,,,,,
,,,,,3706,7.0,7,,,,,,,,
,,,,,3710,4.0,4,,,,,,,,
,,,,,3715,5.0,5,,,,,,,,
,,,,,3722,7.0,7,,,,,,,,
,,,,,3733,11.0,11,,,,,,,,
,,,,,3737,4.0,4,,,,,,,,
,,,,,3745,8.0,8,,,,,,,,
,,,,,3752,7.0,7,,,,,,,,
,,,,,3769,17.0,17,,,,,,,,
,,,,,3783,14.0,14,,,,,,,,
,,,,,3789,6.0,6,,,,,,,,
,,,,,3793,4.0,4,,,,,,,,
,,,,,3798,5.0,5,,,,,,,,
,,,,,3814,16.0,16,,,,,,,,
,,,,,3827,13.0,13,,,,,,,,
,,,,,3834,7.0,7,,,,,,,,
,,,,,3841,7.0,7,,,,,,,,
,,,,,3846,5.0,5,,,,,,,,
,,,,,3850,4.0,4,,,,,,,,
,,,,,3853,3.0,3,,,,,,,,
,,,,,3860,7.0,7,,,,,,,,
,,,,,3865,5.0,5,,,,,,,,
,,,,,3868,3.0,3,,,,,,,,
,,,,,3876,8.0,8,,,,,,,,
,,,,,3886,10.0,10,,,,,,,,
,,,,,3897,11.0,11,,,,,,,,
,,,,,3908,11.0,11,,,,,,,,
,,,,,3923,15.0,15,,,,,,,,
,,,,,3928,5.0,5,,,,,,,,
,,,,,3931,3.0,3,,,,,,,,
,,,,,3936,5.0,5,,,,,,,,
,,,,,3945,9.0,9,,,,,,,,
,,,,,3953,8.0,8,,,,,,,,
,,,,,3963,10.0,10,,,,,,,,
,,,,,3974,11.0,11,,,,,,,,
,,,,,3977,3.0,3,,,,,,,,
,,,,,3981,4.0,4,,,,,,,,
,,,,,3987,6.0,6,,,,,,,,
,,,,,3995,8.0,8,,,,,,,,
,,,,,4004,9.0,9,,,,,,,,
,,,,,4009,5.0,5,,,,,,,,
,,,,,4015,6.0,6,,,,,,,,
,,,,,4020,5.0,5,,,,,,,,
,,,,,4024,4.0,4,,,,,,,,
,,,,,4030,6.0,6,,,,,,,,
,,,,,4041,11.0,11,,,,,,,,
,,,,,4049,8.0,8,,,,,,,,
,,,,,4053,4.0,4,,,,,,,,
,,,,,4069,16.0,16,,,,,,,,
,,,,,4080,11.0,11,,,,,,,,
,,,,,4086,6.0,6,,,,,,,,
,,,,,4100,14.0,14,,,,,,,,
,,,,,4105,5.0,5,,,,,,,,
,,,,,4113,8.0,8,,,,,,,,
,,,,,4119,6.0,6,,,,,,,,
,,,,,4123,4.0,4,,,,,,,,
,,,,,4131,8.0,8,,,,,,,,
,,,,,4135,4.0,4,,,,,,,,
,,,,,4141,6.0,6,,,,,,,,
,,,,,4152,11.0,11,,,,,,,,
,,,,,4155,3.0,3,,,,,,,,
,,,,,4160,5.0,5,,,,,,,,
,,,,,4169,9.0,9,,,,,,,,
,,,,,4178,9.0,9,,,,,,,,
,,,,,4183,5.0,5,,,,,,,,
,,,,,4189,6.0,6,,,,,,,,
,,,,,4192,3.0,3,,,,,,,,
,,,,,4195,3.0,3,,,,,,,,
,,,,,4208,13.0,13,,,,,,,,
,,,,,4224,16.0,16,,,,,,,,
,,,,,4232,8.0,8,,,,,,,,
,,,,,4235,3.0,3,,,,,,,,
,,,,,4240,5.0,5,,,,,,,,
,,,,,4251,11.0,11,,,,,,,,
,,,,,4258,7.0,7,,,,,,,,
,,,,,4266,8.0,8,,,,,,,,
,,,,,4275,9.0,9,,,,,,,,
,,,,,4289,14.0,14,,,,,,,,
,,,,,4295,6.0,6,,,,,,,,
,,,,,4301,6.0,6,,,,,,,,
,,,,,4315,14.0,14,,,,,,,,
,,,,,4323,8.0,8,,,,,,,,
,,,,,4332,9.0,9,,,,,,,,
,,,,,4339,7.0,7,,,,,,,,
,,,,,4344,5.0,5,,,,,,,,
,,,,,4347,3.0,3,,,,,,,,
,,,,,4365,18.0,18,,,,,,,,
,,,,,4368,3.0,3,,,,,,,,
,,,,,4371,3.0,3,,,,,,,,
,,,,,4374,3.0,3,,,,,,,,
,,,,,4378,4.0,4,,,,,,,,
,,,,,4382,4.0,4,,,,,,,,
,,,,,4386,4.0,4,,,,,,,,
,,,,,4395,9.0,9,,,,,,,,
,,,,,4402,7.0,7,,,,,,,,
,,,,,4406,4.0,4,,,,,,,,
,,,,,4414,8.0,8,,,,,,,,
,,,,,4418,4.0,4,,,,,,,,
,,,,,4423,5.0,5,,,,,,,,
,,,,,4427,4.0,4,,,,,,,,
,,,,,4437,10.0,10,,,,,,,,
,,,,,4444,7.0,7,,,,,,,,
,,,,,4448,4.0,4,,,,,,,,
,,,,,4453,5.0,5,,,,,,,,
,,,,,4458,5.0,5,,,,,,,,
,,,,,4462,4.0,4,,,,,,,,
,,,,,4468,6.0,6,,,,,,,,
,,,,,4474,6.0,6,,,,,,,,
,,,,,4479,5.0,5,,,,,,,,
,,,,,4483,4.0,4,,,,,,,,
,,,,,4488,5.0,5,,,,,,,,
,,,,,4498,10.0,10,,,,,,,,
,,,,,4504,6.0,6,,,,,,,,
,,,,,4509,5.0,5,,,,,,,,
,,,,,4529,20.0,20,,,,,,,,
,,,,,4532,3.0,3,,,,,,,,
,,,,,4537,5.0,5,,,,,,,,
,,,,,4545,8.0,8,,,,,,,,
,,,,,4548,3.0,3,,,,,,,,
,,,,,4552,4.0,4,,,,,,,,
,,,,,4556,4.0,4,,,,,,,,
,,,,,4561,5.0,5,,,,,,,,
,,,,,4571,10.0,10,,,,,,,,
,,,,,4576,5.0,5,,,,,,,,
,,,,,4580,4.0,4,,,,,,,,
,,,,,4593,13.0,13,,,,,,,,
,,,,,4599,6.0,6,,,,,,,,
,,,,,4607,8.0,8,,,,,,,,
,,,,,4611,4.0,4,,,,,,,,
,,,,,4616,5.0,5,,,,,,,,
,,,,,4621,5.0,5,,,,,,,,
,,,,,4626,5.0,5,,,,,,,,
,,,,,4630,4.0,4,,,,,,,,
,,,,,4636,6.0,6,,,,,,,,
,,,,,4640,4.0,4,,,,,,,,
,,,,,4648,8.0,8,,,,,,,,
,,,,,4654,6.0,6,,,,,,,,
,,,,,4659,5.0,5,,,,,,,,
,,,,,4664,5.0,5,,,,,,,,
,,,,,4673,9.0,9,,,,,,,,
,,,,,4678,5.0,5,,,,,,,,
,,,,,4687,9.0,9,,,,,,,,
,,,,,4692,5.0,5,,,,,,,,
,,,,,4696,4.0,4,,,,,,,,
,,,,,4701,5.0,5,,,,,,,,
,,,,,4704,3.0,3,,,,,,,,
,,,,,4708,4.0,4,,,,,,,,
,,,,,4712,4.0,4,,,,,,,,
,,,,,4721,9.0,9,,,,,,,,
,,,,,4726,5.0,5,,,,,,,,
,,,,,4737,11.0,11,,,,,,,,
,,,,,4741,4.0,4,,,,,,,,
,,,,,4746,5.0,5,,,,,,,,
,,,,,4754,8.0,8,,,,,,,,
,,,,,4761,7.0,7,,,,,,,,
,,,,,4768,7.0,7,,,,,,,,
,,,,,4772,4.0,4,,,,,,,,
,,,,,4808,36.0,36,,,,,,,,
,,,,,4813,5.0,5,,,,,,,,
,,,,,4823,10.0,10,,,,,,,,
,,,,,4828,5.0,5,,,,,,,,
,,,,,4834,6.0,6,,,,,,,,
,,,,,4847,13.0,13,,,,,,,,
,,,,,4851,4.0,4,,,,,,,,
,,,,,4864,13.0,13,,,,,,,,
,,,,,4868,4.0,4,,,,,,,,
,,,,,4881,13.0,13,,,,,,,,
,,,,,4894,13.0,13,,,,,,,,
,,,,,4900,6.0,6,,,,,,,,
,,,,,4907,7.0,7,,,,,,,,
,,,,,4912,5.0,5,,,,,,,,
,,,,,4921,9.0,9,,,,,,,,
,,,,,4925,4.0,4,,,,,,,,
,,,,,4932,7.0,7,,,,,,,,
,,,,,4937,5.0,5,,,,,,,,
,,,,,4940,3.0,3,,,,,,,,
,,,,,4943,3.0,3,,,,,,,,
,,,,,4949,6.0,6,,,,,,,,
,,,,,4952,3.0,3,,,,,,,,
,,,,,4963,11.0,11,,,,,,,,
,,,,,4967,4.0,4,,,,,,,,
,,,,,4970,3.0,3,,,,,,,,
,,,,,4974,4.0,4,,,,,,,,
,,,,,4978,4.0,4,,,,,,,,
,,,,,4983,5.0,5,,,,,,,,
,,,,,4989,6.0,6,,,,,,,,
,,,,,4995,6.0,6,,,,,,,,
9.1,3.8845851,17.0,3.0,9.1,5000,,,0.06484081596136093,0.6484081149101257,1.091127634048462,0.054560329765081406,1.0974392890930176,0.0003,0.0003,0.1
,,,,,5002,7.0,7,,,,,,,,
,,,,,5007,5.0,5,,,,,,,,
,,,,,5011,4.0,4,,,,,,,,
,,,,,5020,9.0,9,,,,,,,,
,,,,,5034,14.0,14,,,,,,,,
,,,,,5055,21.0,21,,,,,,,,
,,,,,5061,6.0,6,,,,,,,,
,,,,,5064,3.0,3,,,,,,,,
,,,,,5069,5.0,5,,,,,,,,
,,,,,5076,7.0,7,,,,,,,,
,,,,,5081,5.0,5,,,,,,,,
,,,,,5087,6.0,6,,,,,,,,
,,,,,5091,4.0,4,,,,,,,,
,,,,,5100,9.0,9,,,,,,,,
,,,,,5103,3.0,3,,,,,,,,
,,,,,5106,3.0,3,,,,,,,,
,,,,,5111,5.0,5,,,,,,,,
,,,,,5115,4.0,4,,,,,,,,
,,,,,5119,4.0,4,,,,,,,,
,,,,,5122,3.0,3,,,,,,,,
,,,,,5138,16.0,16,,,,,,,,
,,,,,5152,14.0,14,,,,,,,,
,,,,,5163,11.0,11,,,,,,,,
,,,,,5166,3.0,3,,,,,,,,
,,,,,5181,15.0,15,,,,,,,,
,,,,,5192,11.0,11,,,,,,,,
,,,,,5197,5.0,5,,,,,,,,
,,,,,5203,6.0,6,,,,,,,,
,,,,,5207,4.0,4,,,,,,,,
,,,,,5216,9.0,9,,,,,,,,
,,,,,5220,4.0,4,,,,,,,,
,,,,,5225,5.0,5,,,,,,,,
,,,,,5232,7.0,7,,,,,,,,
,,,,,5238,6.0,6,,,,,,,,
,,,,,5243,5.0,5,,,,,,,,
,,,,,5249,6.0,6,,,,,,,,
,,,,,5253,4.0,4,,,,,,,,
,,,,,5263,10.0,10,,,,,,,,
,,,,,5267,4.0,4,,,,,,,,
,,,,,5271,4.0,4,,,,,,,,
,,,,,5277,6.0,6,,,,,,,,
,,,,,5280,3.0,3,,,,,,,,
,,,,,5285,5.0,5,,,,,,,,
,,,,,5289,4.0,4,,,,,,,,
,,,,,5292,3.0,3,,,,,,,,
,,,,,5295,3.0,3,,,,,,,,
,,,,,5299,4.0,4,,,,,,,,
,,,,,5302,3.0,3,,,,,,,,
,,,,,5306,4.0,4,,,,,,,,
,,,,,5309,3.0,3,,,,,,,,
,,,,,5317,8.0,8,,,,,,,,
,,,,,5320,3.0,3,,,,,,,,
,,,,,5331,11.0,11,,,,,,,,
,,,,,5335,4.0,4,,,,,,,,
,,,,,5340,5.0,5,,,,,,,,
,,,,,5344,4.0,4,,,,,,,,
,,,,,5347,3.0,3,,,,,,,,
,,,,,5353,6.0,6,,,,,,,,
,,,,,5359,6.0,6,,,,,,,,
,,,,,5362,3.0,3,,,,,,,,
,,,,,5368,6.0,6,,,,,,,,
,,,,,5371,3.0,3,,,,,,,,
,,,,,5374,3.0,3,,,,,,,,
,,,,,5377,3.0,3,,,,,,,,
,,,,,5385,8.0,8,,,,,,,,
,,,,,5389,4.0,4,,,,,,,,
,,,,,5392,3.0,3,,,,,,,,
,,,,,5397,5.0,5,,,,,,,,
,,,,,5401,4.0,4,,,,,,,,
,,,,,5406,5.0,5,,,,,,,,
,,,,,5410,4.0,4,,,,,,,,
,,,,,5415,5.0,5,,,,,,,,
,,,,,5418,3.0,3,,,,,,,,
,,,,,5422,4.0,4,,,,,,,,
,,,,,5426,4.0,4,,,,,,,,
,,,,,5429,3.0,3,,,,,,,,
,,,,,5432,3.0,3,,,,,,,,
,,,,,5436,4.0,4,,,,,,,,
,,,,,5440,4.0,4,,,,,,,,
,,,,,5445,5.0,5,,,,,,,,
,,,,,5448,3.0,3,,,,,,,,
,,,,,5451,3.0,3,,,,,,,,
,,,,,5454,3.0,3,,,,,,,,
,,,,,5457,3.0,3,,,,,,,,
,,,,,5465,8.0,8,,,,,,,,
,,,,,5469,4.0,4,,,,,,,,
,,,,,5475,6.0,6,,,,,,,,
,,,,,5478,3.0,3,,,,,,,,
,,,,,5481,3.0,3,,,,,,,,
,,,,,5484,3.0,3,,,,,,,,
,,,,,5487,3.0,3,,,,,,,,
,,,,,5493,6.0,6,,,,,,,,
,,,,,5497,4.0,4,,,,,,,,
,,,,,5501,4.0,4,,,,,,,,
,,,,,5505,4.0,4,,,,,,,,
,,,,,5508,3.0,3,,,,,,,,
,,,,,5511,3.0,3,,,,,,,,
,,,,,5514,3.0,3,,,,,,,,
,,,,,5517,3.0,3,,,,,,,,
,,,,,5521,4.0,4,,,,,,,,
,,,,,5524,3.0,3,,,,,,,,
,,,,,5527,3.0,3,,,,,,,,
,,,,,5531,4.0,4,,,,,,,,
,,,,,5534,3.0,3,,,,,,,,
,,,,,5537,3.0,3,,,,,,,,
,,,,,5541,4.0,4,,,,,,,,
,,,,,5544,3.0,3,,,,,,,,
,,,,,5548,4.0,4,,,,,,,,
,,,,,5552,4.0,4,,,,,,,,
,,,,,5555,3.0,3,,,,,,,,
,,,,,5560,5.0,5,,,,,,,,
,,,,,5566,6.0,6,,,,,,,,
,,,,,5569,3.0,3,,,,,,,,
,,,,,5572,3.0,3,,,,,,,,
,,,,,5575,3.0,3,,,,,,,,
,,,,,5578,3.0,3,,,,,,,,
,,,,,5581,3.0,3,,,,,,,,
,,,,,5585,4.0,4,,,,,,,,
,,,,,5588,3.0,3,,,,,,,,
,,,,,5591,3.0,3,,,,,,,,
,,,,,5595,4.0,4,,,,,,,,
,,,,,5599,4.0,4,,,,,,,,
,,,,,5604,5.0,5,,,,,,,,
,,,,,5608,4.0,4,,,,,,,,
,,,,,5612,4.0,4,,,,,,,,
,,,,,5615,3.0,3,,,,,,,,
,,,,,5619,4.0,4,,,,,,,,
,,,,,5623,4.0,4,,,,,,,,
,,,,,5626,3.0,3,,,,,,,,
,,,,,5630,4.0,4,,,,,,,,
,,,,,5638,8.0,8,,,,,,,,
,,,,,5641,3.0,3,,,,,,,,
,,,,,5644,3.0,3,,,,,,,,
,,,,,5647,3.0,3,,,,,,,,
,,,,,5650,3.0,3,,,,,,,,
,,,,,5654,4.0,4,,,,,,,,
,,,,,5657,3.0,3,,,,,,,,
,,,,,5661,4.0,4,,,,,,,,
,,,,,5665,4.0,4,,,,,,,,
,,,,,5668,3.0,3,,,,,,,,
,,,,,5672,4.0,4,,,,,,,,
,,,,,5676,4.0,4,,,,,,,,
,,,,,5680,4.0,4,,,,,,,,
,,,,,5684,4.0,4,,,,,,,,
,,,,,5687,3.0,3,,,,,,,,
,,,,,5690,3.0,3,,,,,,,,
,,,,,5693,3.0,3,,,,,,,,
,,,,,5696,3.0,3,,,,,,,,
,,,,,5699,3.0,3,,,,,,,,
,,,,,5703,4.0,4,,,,,,,,
,,,,,5706,3.0,3,,,,,,,,
,,,,,5709,3.0,3,,,,,,,,
,,,,,5713,4.0,4,,,,,,,,
,,,,,5716,3.0,3,,,,,,,,
,,,,,5719,3.0,3,,,,,,,,
,,,,,5723,4.0,4,,,,,,,,
,,,,,5726,3.0,3,,,,,,,,
,,,,,5731,5.0,5,,,,,,,,
,,,,,5735,4.0,4,,,,,,,,
,,,,,5741,6.0,6,,,,,,,,
,,,,,5745,4.0,4,,,,,,,,
,,,,,5751,6.0,6,,,,,,,,
,,,,,5754,3.0,3,,,,,,,,
,,,,,5758,4.0,4,,,,,,,,
,,,,,5762,4.0,4,,,,,,,,
,,,,,5765,3.0,3,,,,,,,,
,,,,,5768,3.0,3,,,,,,,,
,,,,,5773,5.0,5,,,,,,,,
,,,,,5777,4.0,4,,,,,,,,
,,,,,5780,3.0,3,,,,,,,,
,,,,,5786,6.0,6,,,,,,,,
,,,,,5790,4.0,4,,,,,,,,
,,,,,5793,3.0,3,,,,,,,,
,,,,,5797,4.0,4,,,,,,,,
,,,,,5800,3.0,3,,,,,,,,
,,,,,5803,3.0,3,,,,,,,,
,,,,,5808,5.0,5,,,,,,,,
,,,,,5812,4.0,4,,,,,,,,
,,,,,5815,3.0,3,,,,,,,,
,,,,,5818,3.0,3,,,,,,,,
,,,,,5821,3.0,3,,,,,,,,
,,,,,5824,3.0,3,,,,,,,,
,,,,,5827,3.0,3,,,,,,,,
,,,,,5832,5.0,5,,,,,,,,
,,,,,5836,4.0,4,,,,,,,,
,,,,,5839,3.0,3,,,,,,,,
,,,,,5842,3.0,3,,,,,,,,
,,,,,5845,3.0,3,,,,,,,,
,,,,,5848,3.0,3,,,,,,,,
,,,,,5851,3.0,3,,,,,,,,
,,,,,5854,3.0,3,,,,,,,,
,,,,,5857,3.0,3,,,,,,,,
,,,,,5867,10.0,10,,,,,,,,
,,,,,5873,6.0,6,,,,,,,,
,,,,,5876,3.0,3,,,,,,,,
,,,,,5885,9.0,9,,,,,,,,
,,,,,5889,4.0,4,,,,,,,,
,,,,,5892,3.0,3,,,,,,,,
,,,,,5896,4.0,4,,,,,,,,
,,,,,5900,4.0,4,,,,,,,,
,,,,,5903,3.0,3,,,,,,,,
,,,,,5907,4.0,4,,,,,,,,
,,,,,5910,3.0,3,,,,,,,,
,,,,,5913,3.0,3,,,,,,,,
,,,,,5918,5.0,5,,,,,,,,
,,,,,5922,4.0,4,,,,,,,,
,,,,,5926,4.0,4,,,,,,,,
,,,,,5929,3.0,3,,,,,,,,
,,,,,5932,3.0,3,,,,,,,,
,,,,,5935,3.0,3,,,,,,,,
,,,,,5943,8.0,8,,,,,,,,
,,,,,5949,6.0,6,,,,,,,,
,,,,,5952,3.0,3,,,,,,,,
,,,,,5956,4.0,4,,,,,,,,
,,,,,5960,4.0,4,,,,,,,,
,,,,,5963,3.0,3,,,,,,,,
,,,,,5967,4.0,4,,,,,,,,
,,,,,5971,4.0,4,,,,,,,,
,,,,,5975,4.0,4,,,,,,,,
,,,,,5978,3.0,3,,,,,,,,
,,,,,5986,8.0,8,,,,,,,,
,,,,,5994,8.0,8,,,,,,,,
,,,,,5999,5.0,5,,,,,,,,
,,,,,6000,,,0.05966758728027344,0.5966758728027344,0.4566108286380768,3.2088468074798584,3.219900608062744,0.0003,0.0003,0.1
,,,,,6003,4.0,4,,,,,,,,
,,,,,6008,5.0,5,,,,,,,,
,,,,,6011,3.0,3,,,,,,,,
,,,,,6014,3.0,3,,,,,,,,
,,,,,6019,5.0,5,,,,,,,,
,,,,,6024,5.0,5,,,,,,,,
,,,,,6028,4.0,4,,,,,,,,
,,,,,6037,9.0,9,,,,,,,,
,,,,,6040,3.0,3,,,,,,,,
,,,,,6043,3.0,3,,,,,,,,
,,,,,6047,4.0,4,,,,,,,,
,,,,,6050,3.0,3,,,,,,,,
,,,,,6058,8.0,8,,,,,,,,
,,,,,6061,3.0,3,,,,,,,,
,,,,,6065,4.0,4,,,,,,,,
,,,,,6069,4.0,4,,,,,,,,
,,,,,6072,3.0,3,,,,,,,,
,,,,,6075,3.0,3,,,,,,,,
,,,,,6079,4.0,4,,,,,,,,
,,,,,6083,4.0,4,,,,,,,,
,,,,,6088,5.0,5,,,,,,,,
,,,,,6093,5.0,5,,,,,,,,
,,,,,6096,3.0,3,,,,,,,,
,,,,,6099,3.0,3,,,,,,,,
,,,,,6102,3.0,3,,,,,,,,
,,,,,6106,4.0,4,,,,,,,,
,,,,,6109,3.0,3,,,,,,,,
,,,,,6113,4.0,4,,,,,,,,
,,,,,6120,7.0,7,,,,,,,,
,,,,,6124,4.0,4,,,,,,,,
,,,,,6128,4.0,4,,,,,,,,
,,,,,6131,3.0,3,,,,,,,,
,,,,,6138,7.0,7,,,,,,,,
,,,,,6141,3.0,3,,,,,,,,
,,,,,6144,3.0,3,,,,,,,,
,,,,,6149,5.0,5,,,,,,,,
,,,,,6155,6.0,6,,,,,,,,
,,,,,6159,4.0,4,,,,,,,,
,,,,,6162,3.0,3,,,,,,,,
,,,,,6167,5.0,5,,,,,,,,
,,,,,6170,3.0,3,,,,,,,,
,,,,,6175,5.0,5,,,,,,,,
,,,,,6180,5.0,5,,,,,,,,
,,,,,6184,4.0,4,,,,,,,,
,,,,,6190,6.0,6,,,,,,,,
,,,,,6196,6.0,6,,,,,,,,
,,,,,6201,5.0,5,,,,,,,,
,,,,,6206,5.0,5,,,,,,,,
,,,,,6210,4.0,4,,,,,,,,
,,,,,6213,3.0,3,,,,,,,,
,,,,,6216,3.0,3,,,,,,,,
,,,,,6220,4.0,4,,,,,,,,
,,,,,6224,4.0,4,,,,,,,,
,,,,,6231,7.0,7,,,,,,,,
,,,,,6234,3.0,3,,,,,,,,
,,,,,6237,3.0,3,,,,,,,,
,,,,,6240,3.0,3,,,,,,,,
,,,,,6243,3.0,3,,,,,,,,
,,,,,6249,6.0,6,,,,,,,,
,,,,,6252,3.0,3,,,,,,,,
,,,,,6258,6.0,6,,,,,,,,
,,,,,6261,3.0,3,,,,,,,,
,,,,,6264,3.0,3,,,,,,,,
,,,,,6268,4.0,4,,,,,,,,
,,,,,6273,5.0,5,,,,,,,,
,,,,,6276,3.0,3,,,,,,,,
,,,,,6280,4.0,4,,,,,,,,
,,,,,6284,4.0,4,,,,,,,,
,,,,,6290,6.0,6,,,,,,,,
,,,,,6295,5.0,5,,,,,,,,
,,,,,6301,6.0,6,,,,,,,,
,,,,,6304,3.0,3,,,,,,,,
,,,,,6307,3.0,3,,,,,,,,
,,,,,6311,4.0,4,,,,,,,,
,,,,,6315,4.0,4,,,,,,,,
,,,,,6320,5.0,5,,,,,,,,
,,,,,6323,3.0,3,,,,,,,,
,,,,,6326,3.0,3,,,,,,,,
,,,,,6332,6.0,6,,,,,,,,
,,,,,6335,3.0,3,,,,,,,,
,,,,,6339,4.0,4,,,,,,,,
,,,,,6343,4.0,4,,,,,,,,
,,,,,6347,4.0,4,,,,,,,,
,,,,,6352,5.0,5,,,,,,,,
,,,,,6356,4.0,4,,,,,,,,
,,,,,6362,6.0,6,,,,,,,,
,,,,,6366,4.0,4,,,,,,,,
,,,,,6369,3.0,3,,,,,,,,
,,,,,6372,3.0,3,,,,,,,,
,,,,,6375,3.0,3,,,,,,,,
,,,,,6379,4.0,4,,,,,,,,
,,,,,6382,3.0,3,,,,,,,,
,,,,,6385,3.0,3,,,,,,,,
,,,,,6388,3.0,3,,,,,,,,
,,,,,6394,6.0,6,,,,,,,,
,,,,,6401,7.0,7,,,,,,,,
,,,,,6405,4.0,4,,,,,,,,
,,,,,6409,4.0,4,,,,,,,,
,,,,,6412,3.0,3,,,,,,,,
,,,,,6416,4.0,4,,,,,,,,
,,,,,6419,3.0,3,,,,,,,,
,,,,,6423,4.0,4,,,,,,,,
,,,,,6427,4.0,4,,,,,,,,
,,,,,6430,3.0,3,,,,,,,,
,,,,,6437,7.0,7,,,,,,,,
,,,,,6444,7.0,7,,,,,,,,
,,,,,6448,4.0,4,,,,,,,,
,,,,,6452,4.0,4,,,,,,,,
,,,,,6457,5.0,5,,,,,,,,
,,,,,6460,3.0,3,,,,,,,,
,,,,,6463,3.0,3,,,,,,,,
,,,,,6466,3.0,3,,,,,,,,
,,,,,6470,4.0,4,,,,,,,,
,,,,,6475,5.0,5,,,,,,,,
,,,,,6479,4.0,4,,,,,,,,
,,,,,6485,6.0,6,,,,,,,,
,,,,,6488,3.0,3,,,,,,,,
,,,,,6494,6.0,6,,,,,,,,
,,,,,6497,3.0,3,,,,,,,,
,,,,,6500,3.0,3,,,,,,,,
,,,,,6503,3.0,3,,,,,,,,
,,,,,6506,3.0,3,,,,,,,,
,,,,,6509,3.0,3,,,,,,,,
,,,,,6512,3.0,3,,,,,,,,
,,,,,6516,4.0,4,,,,,,,,
,,,,,6519,3.0,3,,,,,,,,
,,,,,6523,4.0,4,,,,,,,,
,,,,,6528,5.0,5,,,,,,,,
,,,,,6532,4.0,4,,,,,,,,
,,,,,6535,3.0,3,,,,,,,,
,,,,,6538,3.0,3,,,,,,,,
,,,,,6544,6.0,6,,,,,,,,
,,,,,6550,6.0,6,,,,,,,,
,,,,,6553,3.0,3,,,,,,,,
,,,,,6557,4.0,4,,,,,,,,
,,,,,6561,4.0,4,,,,,,,,
,,,,,6565,4.0,4,,,,,,,,
,,,,,6571,6.0,6,,,,,,,,
,,,,,6574,3.0,3,,,,,,,,
,,,,,6579,5.0,5,,,,,,,,
,,,,,6583,4.0,4,,,,,,,,
,,,,,6587,4.0,4,,,,,,,,
,,,,,6590,3.0,3,,,,,,,,
,,,,,6593,3.0,3,,,,,,,,
,,,,,6597,4.0,4,,,,,,,,
,,,,,6603,6.0,6,,,,,,,,
,,,,,6607,4.0,4,,,,,,,,
,,,,,6610,3.0,3,,,,,,,,
,,,,,6613,3.0,3,,,,,,,,
,,,,,6616,3.0,3,,,,,,,,
,,,,,6619,3.0,3,,,,,,,,
,,,,,6622,3.0,3,,,,,,,,
,,,,,6630,8.0,8,,,,,,,,
,,,,,6633,3.0,3,,,,,,,,
,,,,,6637,4.0,4,,,,,,,,
,,,,,6640,3.0,3,,,,,,,,
,,,,,6643,3.0,3,,,,,,,,
,,,,,6646,3.0,3,,,,,,,,
,,,,,6651,5.0,5,,,,,,,,
,,,,,6659,8.0,8,,,,,,,,
,,,,,6662,3.0,3,,,,,,,,
,,,,,6666,4.0,4,,,,,,,,
,,,,,6670,4.0,4,,,,,,,,
,,,,,6673,3.0,3,,,,,,,,
,,,,,6676,3.0,3,,,,,,,,
,,,,,6680,4.0,4,,,,,,,,
,,,,,6683,3.0,3,,,,,,,,
,,,,,6686,3.0,3,,,,,,,,
,,,,,6689,3.0,3,,,,,,,,
,,,,,6693,4.0,4,,,,,,,,
,,,,,6696,3.0,3,,,,,,,,
,,,,,6699,3.0,3,,,,,,,,
,,,,,6702,3.0,3,,,,,,,,
,,,,,6706,4.0,4,,,,,,,,
,,,,,6710,4.0,4,,,,,,,,
,,,,,6713,3.0,3,,,,,,,,
,,,,,6716,3.0,3,,,,,,,,
,,,,,6719,3.0,3,,,,,,,,
,,,,,6724,5.0,5,,,,,,,,
,,,,,6727,3.0,3,,,,,,,,
,,,,,6730,3.0,3,,,,,,,,
,,,,,6733,3.0,3,,,,,,,,
,,,,,6736,3.0,3,,,,,,,,
,,,,,6742,6.0,6,,,,,,,,
,,,,,6751,9.0,9,,,,,,,,
,,,,,6758,7.0,7,,,,,,,,
,,,,,6761,3.0,3,,,,,,,,
,,,,,6764,3.0,3,,,,,,,,
,,,,,6768,4.0,4,,,,,,,,
,,,,,6771,3.0,3,,,,,,,,
,,,,,6775,4.0,4,,,,,,,,
,,,,,6778,3.0,3,,,,,,,,
,,,,,6781,3.0,3,,,,,,,,
,,,,,6785,4.0,4,,,,,,,,
,,,,,6789,4.0,4,,,,,,,,
,,,,,6794,5.0,5,,,,,,,,
,,,,,6797,3.0,3,,,,,,,,
,,,,,6800,3.0,3,,,,,,,,
,,,,,6803,3.0,3,,,,,,,,
,,,,,6806,3.0,3,,,,,,,,
,,,,,6809,3.0,3,,,,,,,,
,,,,,6815,6.0,6,,,,,,,,
,,,,,6820,5.0,5,,,,,,,,
,,,,,6823,3.0,3,,,,,,,,
,,,,,6831,8.0,8,,,,,,,,
,,,,,6834,3.0,3,,,,,,,,
,,,,,6837,3.0,3,,,,,,,,
,,,,,6840,3.0,3,,,,,,,,
,,,,,6843,3.0,3,,,,,,,,
,,,,,6846,3.0,3,,,,,,,,
,,,,,6849,3.0,3,,,,,,,,
,,,,,6853,4.0,4,,,,,,,,
,,,,,6856,3.0,3,,,,,,,,
,,,,,6859,3.0,3,,,,,,,,
,,,,,6862,3.0,3,,,,,,,,
,,,,,6865,3.0,3,,,,,,,,
,,,,,6868,3.0,3,,,,,,,,
,,,,,6871,3.0,3,,,,,,,,
,,,,,6874,3.0,3,,,,,,,,
,,,,,6878,4.0,4,,,,,,,,
,,,,,6881,3.0,3,,,,,,,,
,,,,,6884,3.0,3,,,,,,,,
,,,,,6888,4.0,4,,,,,,,,
,,,,,6893,5.0,5,,,,,,,,
,,,,,6898,5.0,5,,,,,,,,
,,,,,6904,6.0,6,,,,,,,,
,,,,,6907,3.0,3,,,,,,,,
,,,,,6911,4.0,4,,,,,,,,
,,,,,6916,5.0,5,,,,,,,,
,,,,,6919,3.0,3,,,,,,,,
,,,,,6924,5.0,5,,,,,,,,
,,,,,6927,3.0,3,,,,,,,,
,,,,,6930,3.0,3,,,,,,,,
,,,,,6933,3.0,3,,,,,,,,
,,,,,6937,4.0,4,,,,,,,,
,,,,,6940,3.0,3,,,,,,,,
,,,,,6943,3.0,3,,,,,,,,
,,,,,6948,5.0,5,,,,,,,,
,,,,,6951,3.0,3,,,,,,,,
,,,,,6954,3.0,3,,,,,,,,
,,,,,6957,3.0,3,,,,,,,,
,,,,,6960,3.0,3,,,,,,,,
,,,,,6963,3.0,3,,,,,,,,
,,,,,6968,5.0,5,,,,,,,,
,,,,,6971,3.0,3,,,,,,,,
,,,,,6974,3.0,3,,,,,,,,
,,,,,6977,3.0,3,,,,,,,,
,,,,,6980,3.0,3,,,,,,,,
,,,,,6983,3.0,3,,,,,,,,
,,,,,6987,4.0,4,,,,,,,,
,,,,,6990,3.0,3,,,,,,,,
,,,,,6996,6.0,6,,,,,,,,
,,,,,6999,3.0,3,,,,,,,,
,,,,,7000,,,-0.0047316597774624825,-0.047316595911979675,0.3994711637496948,2.6699764728546143,2.6682958602905273,0.0003,0.0003,0.1
,,,,,7002,3.0,3,,,,,,,,
,,,,,7007,5.0,5,,,,,,,,
,,,,,7011,4.0,4,,,,,,,,
,,,,,7014,3.0,3,,,,,,,,
,,,,,7017,3.0,3,,,,,,,,
,,,,,7022,5.0,5,,,,,,,,
,,,,,7025,3.0,3,,,,,,,,
,,,,,7028,3.0,3,,,,,,,,
,,,,,7031,3.0,3,,,,,,,,
,,,,,7034,3.0,3,,,,,,,,
,,,,,7037,3.0,3,,,,,,,,
,,,,,7040,3.0,3,,,,,,,,
,,,,,7043,3.0,3,,,,,,,,
,,,,,7046,3.0,3,,,,,,,,
,,,,,7052,6.0,6,,,,,,,,
,,,,,7055,3.0,3,,,,,,,,
,,,,,7059,4.0,4,,,,,,,,
,,,,,7062,3.0,3,,,,,,,,
,,,,,7065,3.0,3,,,,,,,,
,,,,,7068,3.0,3,,,,,,,,
,,,,,7071,3.0,3,,,,,,,,
,,,,,7075,4.0,4,,,,,,,,
,,,,,7078,3.0,3,,,,,,,,
,,,,,7081,3.0,3,,,,,,,,
,,,,,7084,3.0,3,,,,,,,,
,,,,,7087,3.0,3,,,,,,,,
,,,,,7091,4.0,4,,,,,,,,
,,,,,7094,3.0,3,,,,,,,,
,,,,,7098,4.0,4,,,,,,,,
,,,,,7101,3.0,3,,,,,,,,
,,,,,7106,5.0,5,,,,,,,,
,,,,,7109,3.0,3,,,,,,,,
,,,,,7113,4.0,4,,,,,,,,
,,,,,7116,3.0,3,,,,,,,,
,,,,,7119,3.0,3,,,,,,,,
,,,,,7122,3.0,3,,,,,,,,
,,,,,7125,3.0,3,,,,,,,,
,,,,,7128,3.0,3,,,,,,,,
,,,,,7131,3.0,3,,,,,,,,
,,,,,7136,5.0,5,,,,,,,,
,,,,,7139,3.0,3,,,,,,,,
,,,,,7142,3.0,3,,,,,,,,
,,,,,7145,3.0,3,,,,,,,,
,,,,,7149,4.0,4,,,,,,,,
,,,,,7152,3.0,3,,,,,,,,
,,,,,7155,3.0,3,,,,,,,,
,,,,,7159,4.0,4,,,,,,,,
,,,,,7163,4.0,4,,,,,,,,
,,,,,7166,3.0,3,,,,,,,,
,,,,,7169,3.0,3,,,,,,,,
,,,,,7172,3.0,3,,,,,,,,
,,,,,7176,4.0,4,,,,,,,,
,,,,,7179,3.0,3,,,,,,,,
,,,,,7182,3.0,3,,,,,,,,
,,,,,7185,3.0,3,,,,,,,,
,,,,,7189,4.0,4,,,,,,,,
,,,,,7192,3.0,3,,,,,,,,
,,,,,7195,3.0,3,,,,,,,,
,,,,,7198,3.0,3,,,,,,,,
,,,,,7203,5.0,5,,,,,,,,
,,,,,7206,3.0,3,,,,,,,,
,,,,,7209,3.0,3,,,,,,,,
,,,,,7213,4.0,4,,,,,,,,
,,,,,7216,3.0,3,,,,,,,,
,,,,,7219,3.0,3,,,,,,,,
,,,,,7222,3.0,3,,,,,,,,
,,,,,7225,3.0,3,,,,,,,,
,,,,,7228,3.0,3,,,,,,,,
,,,,,7231,3.0,3,,,,,,,,
,,,,,7234,3.0,3,,,,,,,,
,,,,,7237,3.0,3,,,,,,,,
,,,,,7240,3.0,3,,,,,,,,
,,,,,7243,3.0,3,,,,,,,,
,,,,,7248,5.0,5,,,,,,,,
,,,,,7251,3.0,3,,,,,,,,
,,,,,7254,3.0,3,,,,,,,,
,,,,,7257,3.0,3,,,,,,,,
,,,,,7261,4.0,4,,,,,,,,
,,,,,7266,5.0,5,,,,,,,,
,,,,,7269,3.0,3,,,,,,,,
,,,,,7272,3.0,3,,,,,,,,
,,,,,7275,3.0,3,,,,,,,,
,,,,,7279,4.0,4,,,,,,,,
,,,,,7285,6.0,6,,,,,,,,
,,,,,7288,3.0,3,,,,,,,,
,,,,,7291,3.0,3,,,,,,,,
,,,,,7294,3.0,3,,,,,,,,
,,,,,7298,4.0,4,,,,,,,,
,,,,,7301,3.0,3,,,,,,,,
,,,,,7304,3.0,3,,,,,,,,
,,,,,7308,4.0,4,,,,,,,,
,,,,,7312,4.0,4,,,,,,,,
,,,,,7315,3.0,3,,,,,,,,
,,,,,7318,3.0,3,,,,,,,,
,,,,,7321,3.0,3,,,,,,,,
,,,,,7324,3.0,3,,,,,,,,
,,,,,7328,4.0,4,,,,,,,,
,,,,,7331,3.0,3,,,,,,,,
,,,,,7335,4.0,4,,,,,,,,
,,,,,7338,3.0,3,,,,,,,,
,,,,,7341,3.0,3,,,,,,,,
,,,,,7344,3.0,3,,,,,,,,
,,,,,7347,3.0,3,,,,,,,,
,,,,,7350,3.0,3,,,,,,,,
,,,,,7353,3.0,3,,,,,,,,
,,,,,7356,3.0,3,,,,,,,,
,,,,,7359,3.0,3,,,,,,,,
,,,,,7362,3.0,3,,,,,,,,
,,,,,7365,3.0,3,,,,,,,,
,,,,,7370,5.0,5,,,,,,,,
,,,,,7373,3.0,3,,,,,,,,
,,,,,7377,4.0,4,,,,,,,,
,,,,,7380,3.0,3,,,,,,,,
,,,,,7383,3.0,3,,,,,,,,
,,,,,7386,3.0,3,,,,,,,,
,,,,,7389,3.0,3,,,,,,,,
,,,,,7393,4.0,4,,,,,,,,
,,,,,7396,3.0,3,,,,,,,,
,,,,,7400,4.0,4,,,,,,,,
,,,,,7403,3.0,3,,,,,,,,
,,,,,7406,3.0,3,,,,,,,,
,,,,,7409,3.0,3,,,,,,,,
,,,,,7412,3.0,3,,,,,,,,
,,,,,7415,3.0,3,,,,,,,,
,,,,,7418,3.0,3,,,,,,,,
,,,,,7421,3.0,3,,,,,,,,
,,,,,7424,3.0,3,,,,,,,,
,,,,,7427,3.0,3,,,,,,,,
,,,,,7430,3.0,3,,,,,,,,
,,,,,7433,3.0,3,,,,,,,,
,,,,,7436,3.0,3,,,,,,,,
,,,,,7440,4.0,4,,,,,,,,
,,,,,7443,3.0,3,,,,,,,,
,,,,,7446,3.0,3,,,,,,,,
,,,,,7449,3.0,3,,,,,,,,
,,,,,7453,4.0,4,,,,,,,,
,,,,,7456,3.0,3,,,,,,,,
,,,,,7459,3.0,3,,,,,,,,
,,,,,7462,3.0,3,,,,,,,,
,,,,,7465,3.0,3,,,,,,,,
,,,,,7468,3.0,3,,,,,,,,
,,,,,7472,4.0,4,,,,,,,,
,,,,,7476,4.0,4,,,,,,,,
,,,,,7480,4.0,4,,,,,,,,
,,,,,7483,3.0,3,,,,,,,,
,,,,,7486,3.0,3,,,,,,,,
,,,,,7490,4.0,4,,,,,,,,
,,,,,7493,3.0,3,,,,,,,,
,,,,,7497,4.0,4,,,,,,,,
,,,,,7500,3.0,3,,,,,,,,
,,,,,7503,3.0,3,,,,,,,,
,,,,,7506,3.0,3,,,,,,,,
,,,,,7509,3.0,3,,,,,,,,
,,,,,7513,4.0,4,,,,,,,,
,,,,,7516,3.0,3,,,,,,,,
,,,,,7519,3.0,3,,,,,,,,
,,,,,7522,3.0,3,,,,,,,,
,,,,,7526,4.0,4,,,,,,,,
,,,,,7530,4.0,4,,,,,,,,
,,,,,7533,3.0,3,,,,,,,,
,,,,,7537,4.0,4,,,,,,,,
,,,,,7540,3.0,3,,,,,,,,
,,,,,7543,3.0,3,,,,,,,,
,,,,,7546,3.0,3,,,,,,,,
,,,,,7549,3.0,3,,,,,,,,
,,,,,7552,3.0,3,,,,,,,,
,,,,,7556,4.0,4,,,,,,,,
,,,,,7559,3.0,3,,,,,,,,
,,,,,7562,3.0,3,,,,,,,,
,,,,,7565,3.0,3,,,,,,,,
,,,,,7569,4.0,4,,,,,,,,
,,,,,7572,3.0,3,,,,,,,,
,,,,,7575,3.0,3,,,,,,,,
,,,,,7578,3.0,3,,,,,,,,
,,,,,7581,3.0,3,,,,,,,,
,,,,,7584,3.0,3,,,,,,,,
,,,,,7587,3.0,3,,,,,,,,
,,,,,7591,4.0,4,,,,,,,,
,,,,,7594,3.0,3,,,,,,,,
,,,,,7597,3.0,3,,,,,,,,
,,,,,7600,3.0,3,,,,,,,,
,,,,,7603,3.0,3,,,,,,,,
,,,,,7606,3.0,3,,,,,,,,
,,,,,7609,3.0,3,,,,,,,,
,,,,,7612,3.0,3,,,,,,,,
,,,,,7615,3.0,3,,,,,,,,
,,,,,7620,5.0,5,,,,,,,,
,,,,,7623,3.0,3,,,,,,,,
,,,,,7626,3.0,3,,,,,,,,
,,,,,7629,3.0,3,,,,,,,,
,,,,,7632,3.0,3,,,,,,,,
,,,,,7635,3.0,3,,,,,,,,
,,,,,7638,3.0,3,,,,,,,,
,,,,,7642,4.0,4,,,,,,,,
,,,,,7645,3.0,3,,,,,,,,
,,,,,7648,3.0,3,,,,,,,,
,,,,,7653,5.0,5,,,,,,,,
,,,,,7657,4.0,4,,,,,,,,
,,,,,7660,3.0,3,,,,,,,,
,,,,,7663,3.0,3,,,,,,,,
,,,,,7666,3.0,3,,,,,,,,
,,,,,7669,3.0,3,,,,,,,,
,,,,,7673,4.0,4,,,,,,,,
,,,,,7676,3.0,3,,,,,,,,
,,,,,7679,3.0,3,,,,,,,,
,,,,,7682,3.0,3,,,,,,,,
,,,,,7685,3.0,3,,,,,,,,
,,,,,7688,3.0,3,,,,,,,,
,,,,,7691,3.0,3,,,,,,,,
,,,,,7694,3.0,3,,,,,,,,
,,,,,7697,3.0,3,,,,,,,,
,,,,,7700,3.0,3,,,,,,,,
,,,,,7703,3.0,3,,,,,,,,
,,,,,7706,3.0,3,,,,,,,,
,,,,,7709,3.0,3,,,,,,,,
,,,,,7712,3.0,3,,,,,,,,
,,,,,7715,3.0,3,,,,,,,,
,,,,,7718,3.0,3,,,,,,,,
,,,,,7721,3.0,3,,,,,,,,
,,,,,7724,3.0,3,,,,,,,,
,,,,,7728,4.0,4,,,,,,,,
,,,,,7731,3.0,3,,,,,,,,
,,,,,7734,3.0,3,,,,,,,,
,,,,,7737,3.0,3,,,,,,,,
,,,,,7740,3.0,3,,,,,,,,
,,,,,7743,3.0,3,,,,,,,,
,,,,,7746,3.0,3,,,,,,,,
,,,,,7750,4.0,4,,,,,,,,
,,,,,7753,3.0,3,,,,,,,,
,,,,,7756,3.0,3,,,,,,,,
,,,,,7759,3.0,3,,,,,,,,
,,,,,7762,3.0,3,,,,,,,,
,,,,,7765,3.0,3,,,,,,,,
,,,,,7768,3.0,3,,,,,,,,
,,,,,7771,3.0,3,,,,,,,,
,,,,,7774,3.0,3,,,,,,,,
,,,,,7777,3.0,3,,,,,,,,
,,,,,7780,3.0,3,,,,,,,,
,,,,,7783,3.0,3,,,,,,,,
,,,,,7786,3.0,3,,,,,,,,
,,,,,7789,3.0,3,,,,,,,,
,,,,,7792,3.0,3,,,,,,,,
,,,,,7795,3.0,3,,,,,,,,
,,,,,7798,3.0,3,,,,,,,,
,,,,,7801,3.0,3,,,,,,,,
,,,,,7805,4.0,4,,,,,,,,
,,,,,7808,3.0,3,,,,,,,,
,,,,,7811,3.0,3,,,,,,,,
,,,,,7814,3.0,3,,,,,,,,
,,,,,7817,3.0,3,,,,,,,,
,,,,,7820,3.0,3,,,,,,,,
,,,,,7823,3.0,3,,,,,,,,
,,,,,7826,3.0,3,,,,,,,,
,,,,,7829,3.0,3,,,,,,,,
,,,,,7832,3.0,3,,,,,,,,
,,,,,7835,3.0,3,,,,,,,,
,,,,,7838,3.0,3,,,,,,,,
,,,,,7841,3.0,3,,,,,,,,
,,,,,7844,3.0,3,,,,,,,,
,,,,,7847,3.0,3,,,,,,,,
,,,,,7850,3.0,3,,,,,,,,
,,,,,7854,4.0,4,,,,,,,,
,,,,,7857,3.0,3,,,,,,,,
,,,,,7860,3.0,3,,,,,,,,
,,,,,7863,3.0,3,,,,,,,,
,,,,,7866,3.0,3,,,,,,,,
,,,,,7869,3.0,3,,,,,,,,
,,,,,7872,3.0,3,,,,,,,,
,,,,,7875,3.0,3,,,,,,,,
,,,,,7878,3.0,3,,,,,,,,
,,,,,7881,3.0,3,,,,,,,,
,,,,,7884,3.0,3,,,,,,,,
,,,,,7887,3.0,3,,,,,,,,
,,,,,7890,3.0,3,,,,,,,,
,,,,,7893,3.0,3,,,,,,,,
,,,,,7896,3.0,3,,,,,,,,
,,,,,7899,3.0,3,,,,,,,,
,,,,,7902,3.0,3,,,,,,,,
,,,,,7905,3.0,3,,,,,,,,
,,,,,7908,3.0,3,,,,,,,,
,,,,,7911,3.0,3,,,,,,,,
,,,,,7914,3.0,3,,,,,,,,
,,,,,7917,3.0,3,,,,,,,,
,,,,,7920,3.0,3,,,,,,,,
,,,,,7923,3.0,3,,,,,,,,
,,,,,7926,3.0,3,,,,,,,,
,,,,,7929,3.0,3,,,,,,,,
,,,,,7932,3.0,3,,,,,,,,
,,,,,7935,3.0,3,,,,,,,,
,,,,,7938,3.0,3,,,,,,,,
,,,,,7941,3.0,3,,,,,,,,
,,,,,7944,3.0,3,,,,,,,,
,,,,,7947,3.0,3,,,,,,,,
,,,,,7950,3.0,3,,,,,,,,
,,,,,7953,3.0,3,,,,,,,,
,,,,,7956,3.0,3,,,,,,,,
,,,,,7959,3.0,3,,,,,,,,
,,,,,7962,3.0,3,,,,,,,,
,,,,,7965,3.0,3,,,,,,,,
,,,,,7968,3.0,3,,,,,,,,
,,,,,7971,3.0,3,,,,,,,,
,,,,,7974,3.0,3,,,,,,,,
,,,,,7977,3.0,3,,,,,,,,
,,,,,7980,3.0,3,,,,,,,,
,,,,,7983,3.0,3,,,,,,,,
,,,,,7986,3.0,3,,,,,,,,
,,,,,7989,3.0,3,,,,,,,,
,,,,,7992,3.0,3,,,,,,,,
,,,,,7995,3.0,3,,,,,,,,
,,,,,7998,3.0,3,,,,,,,,
,,,,,8000,,,-0.22535525262355804,-2.2535524368286133,0.13401831686496735,2.0296006202697754,2.0714473724365234,0.0003,0.0003,0.1
,,,,,8001,3.0,3,,,,,,,,
,,,,,8004,3.0,3,,,,,,,,
,,,,,8007,3.0,3,,,,,,,,
,,,,,8010,3.0,3,,,,,,,,
,,,,,8013,3.0,3,,,,,,,,
,,,,,8016,3.0,3,,,,,,,,
,,,,,8019,3.0,3,,,,,,,,
,,,,,8022,3.0,3,,,,,,,,
,,,,,8025,3.0,3,,,,,,,,
,,,,,8028,3.0,3,,,,,,,,
,,,,,8031,3.0,3,,,,,,,,
,,,,,8034,3.0,3,,,,,,,,
,,,,,8037,3.0,3,,,,,,,,
,,,,,8040,3.0,3,,,,,,,,
,,,,,8043,3.0,3,,,,,,,,
,,,,,8046,3.0,3,,,,,,,,
,,,,,8049,3.0,3,,,,,,,,
,,,,,8052,3.0,3,,,,,,,,
,,,,,8055,3.0,3,,,,,,,,
,,,,,8058,3.0,3,,,,,,,,
,,,,,8061,3.0,3,,,,,,,,
,,,,,8064,3.0,3,,,,,,,,
,,,,,8067,3.0,3,,,,,,,,
,,,,,8070,3.0,3,,,,,,,,
,,,,,8073,3.0,3,,,,,,,,
,,,,,8076,3.0,3,,,,,,,,
,,,,,8079,3.0,3,,,,,,,,
,,,,,8082,3.0,3,,,,,,,,
,,,,,8085,3.0,3,,,,,,,,
,,,,,8088,3.0,3,,,,,,,,
,,,,,8091,3.0,3,,,,,,,,
,,,,,8095,4.0,4,,,,,,,,
,,,,,8098,3.0,3,,,,,,,,
,,,,,8101,3.0,3,,,,,,,,
,,,,,8104,3.0,3,,,,,,,,
,,,,,8107,3.0,3,,,,,,,,
,,,,,8110,3.0,3,,,,,,,,
,,,,,8113,3.0,3,,,,,,,,
,,,,,8116,3.0,3,,,,,,,,
,,,,,8119,3.0,3,,,,,,,,
,,,,,8122,3.0,3,,,,,,,,
,,,,,8125,3.0,3,,,,,,,,
,,,,,8128,3.0,3,,,,,,,,
,,,,,8131,3.0,3,,,,,,,,
,,,,,8134,3.0,3,,,,,,,,
,,,,,8137,3.0,3,,,,,,,,
,,,,,8140,3.0,3,,,,,,,,
,,,,,8143,3.0,3,,,,,,,,
,,,,,8146,3.0,3,,,,,,,,
,,,,,8149,3.0,3,,,,,,,,
,,,,,8152,3.0,3,,,,,,,,
,,,,,8155,3.0,3,,,,,,,,
,,,,,8158,3.0,3,,,,,,,,
,,,,,8161,3.0,3,,,,,,,,
,,,,,8164,3.0,3,,,,,,,,
,,,,,8167,3.0,3,,,,,,,,
,,,,,8170,3.0,3,,,,,,,,
,,,,,8173,3.0,3,,,,,,,,
,,,,,8176,3.0,3,,,,,,,,
,,,,,8179,3.0,3,,,,,,,,
,,,,,8182,3.0,3,,,,,,,,
,,,,,8185,3.0,3,,,,,,,,
,,,,,8188,3.0,3,,,,,,,,
,,,,,8191,3.0,3,,,,,,,,
,,,,,8194,3.0,3,,,,,,,,
,,,,,8197,3.0,3,,,,,,,,
,,,,,8200,3.0,3,,,,,,,,
,,,,,8203,3.0,3,,,,,,,,
,,,,,8206,3.0,3,,,,,,,,
,,,,,8209,3.0,3,,,,,,,,
,,,,,8212,3.0,3,,,,,,,,
,,,,,8215,3.0,3,,,,,,,,
,,,,,8218,3.0,3,,,,,,,,
,,,,,8221,3.0,3,,,,,,,,
,,,,,8224,3.0,3,,,,,,,,
,,,,,8227,3.0,3,,,,,,,,
,,,,,8230,3.0,3,,,,,,,,
,,,,,8233,3.0,3,,,,,,,,
,,,,,8236,3.0,3,,,,,,,,
,,,,,8239,3.0,3,,,,,,,,
,,,,,8242,3.0,3,,,,,,,,
,,,,,8245,3.0,3,,,,,,,,
,,,,,8248,3.0,3,,,,,,,,
,,,,,8251,3.0,3,,,,,,,,
,,,,,8254,3.0,3,,,,,,,,
,,,,,8257,3.0,3,,,,,,,,
,,,,,8260,3.0,3,,,,,,,,
,,,,,8263,3.0,3,,,,,,,,
,,,,,8267,4.0,4,,,,,,,,
,,,,,8270,3.0,3,,,,,,,,
,,,,,8273,3.0,3,,,,,,,,
,,,,,8276,3.0,3,,,,,,,,
,,,,,8279,3.0,3,,,,,,,,
,,,,,8282,3.0,3,,,,,,,,
,,,,,8285,3.0,3,,,,,,,,
,,,,,8288,3.0,3,,,,,,,,
,,,,,8291,3.0,3,,,,,,,,
,,,,,8294,3.0,3,,,,,,,,
,,,,,8297,3.0,3,,,,,,,,
,,,,,8300,3.0,3,,,,,,,,
,,,,,8303,3.0,3,,,,,,,,
,,,,,8306,3.0,3,,,,,,,,
,,,,,8309,3.0,3,,,,,,,,
,,,,,8312,3.0,3,,,,,,,,
,,,,,8315,3.0,3,,,,,,,,
,,,,,8318,3.0,3,,,,,,,,
,,,,,8321,3.0,3,,,,,,,,
,,,,,8324,3.0,3,,,,,,,,
,,,,,8327,3.0,3,,,,,,,,
,,,,,8330,3.0,3,,,,,,,,
,,,,,8333,3.0,3,,,,,,,,
,,,,,8336,3.0,3,,,,,,,,
,,,,,8339,3.0,3,,,,,,,,
,,,,,8342,3.0,3,,,,,,,,
,,,,,8345,3.0,3,,,,,,,,
,,,,,8348,3.0,3,,,,,,,,
,,,,,8351,3.0,3,,,,,,,,
,,,,,8354,3.0,3,,,,,,,,
,,,,,8357,3.0,3,,,,,,,,
,,,,,8360,3.0,3,,,,,,,,
,,,,,8363,3.0,3,,,,,,,,
,,,,,8366,3.0,3,,,,,,,,
,,,,,8369,3.0,3,,,,,,,,
,,,,,8372,3.0,3,,,,,,,,
,,,,,8375,3.0,3,,,,,,,,
,,,,,8378,3.0,3,,,,,,,,
,,,,,8381,3.0,3,,,,,,,,
,,,,,8384,3.0,3,,,,,,,,
,,,,,8387,3.0,3,,,,,,,,
,,,,,8390,3.0,3,,,,,,,,
,,,,,8394,4.0,4,,,,,,,,
,,,,,8397,3.0,3,,,,,,,,
,,,,,8400,3.0,3,,,,,,,,
,,,,,8403,3.0,3,,,,,,,,
,,,,,8406,3.0,3,,,,,,,,
,,,,,8409,3.0,3,,,,,,,,
,,,,,8412,3.0,3,,,,,,,,
,,,,,8415,3.0,3,,,,,,,,
,,,,,8418,3.0,3,,,,,,,,
,,,,,8421,3.0,3,,,,,,,,
,,,,,8424,3.0,3,,,,,,,,
,,,,,8427,3.0,3,,,,,,,,
,,,,,8430,3.0,3,,,,,,,,
,,,,,8433,3.0,3,,,,,,,,
,,,,,8437,4.0,4,,,,,,,,
,,,,,8440,3.0,3,,,,,,,,
,,,,,8443,3.0,3,,,,,,,,
,,,,,8446,3.0,3,,,,,,,,
,,,,,8449,3.0,3,,,,,,,,
,,,,,8452,3.0,3,,,,,,,,
,,,,,8455,3.0,3,,,,,,,,
,,,,,8458,3.0,3,,,,,,,,
,,,,,8461,3.0,3,,,,,,,,
,,,,,8464,3.0,3,,,,,,,,
,,,,,8467,3.0,3,,,,,,,,
,,,,,8470,3.0,3,,,,,,,,
,,,,,8473,3.0,3,,,,,,,,
,,,,,8476,3.0,3,,,,,,,,
,,,,,8479,3.0,3,,,,,,,,
,,,,,8482,3.0,3,,,,,,,,
,,,,,8485,3.0,3,,,,,,,,
,,,,,8488,3.0,3,,,,,,,,
,,,,,8491,3.0,3,,,,,,,,
,,,,,8494,3.0,3,,,,,,,,
,,,,,8497,3.0,3,,,,,,,,
,,,,,8500,3.0,3,,,,,,,,
,,,,,8503,3.0,3,,,,,,,,
,,,,,8506,3.0,3,,,,,,,,
,,,,,8509,3.0,3,,,,,,,,
,,,,,8512,3.0,3,,,,,,,,
,,,,,8515,3.0,3,,,,,,,,
,,,,,8518,3.0,3,,,,,,,,
,,,,,8521,3.0,3,,,,,,,,
,,,,,8524,3.0,3,,,,,,,,
,,,,,8527,3.0,3,,,,,,,,
,,,,,8530,3.0,3,,,,,,,,
,,,,,8533,3.0,3,,,,,,,,
,,,,,8536,3.0,3,,,,,,,,
,,,,,8539,3.0,3,,,,,,,,
,,,,,8542,3.0,3,,,,,,,,
,,,,,8545,3.0,3,,,,,,,,
,,,,,8548,3.0,3,,,,,,,,
,,,,,8551,3.0,3,,,,,,,,
,,,,,8554,3.0,3,,,,,,,,
,,,,,8557,3.0,3,,,,,,,,
,,,,,8560,3.0,3,,,,,,,,
,,,,,8563,3.0,3,,,,,,,,
,,,,,8566,3.0,3,,,,,,,,
,,,,,8569,3.0,3,,,,,,,,
,,,,,8572,3.0,3,,,,,,,,
,,,,,8575,3.0,3,,,,,,,,
,,,,,8578,3.0,3,,,,,,,,
,,,,,8581,3.0,3,,,,,,,,
,,,,,8584,3.0,3,,,,,,,,
,,,,,8587,3.0,3,,,,,,,,
,,,,,8590,3.0,3,,,,,,,,
,,,,,8593,3.0,3,,,,,,,,
,,,,,8596,3.0,3,,,,,,,,
,,,,,8599,3.0,3,,,,,,,,
,,,,,8602,3.0,3,,,,,,,,
,,,,,8605,3.0,3,,,,,,,,
,,,,,8608,3.0,3,,,,,,,,
,,,,,8611,3.0,3,,,,,,,,
,,,,,8614,3.0,3,,,,,,,,
,,,,,8617,3.0,3,,,,,,,,
,,,,,8620,3.0,3,,,,,,,,
,,,,,8623,3.0,3,,,,,,,,
,,,,,8626,3.0,3,,,,,,,,
,,,,,8629,3.0,3,,,,,,,,
,,,,,8632,3.0,3,,,,,,,,
,,,,,8635,3.0,3,,,,,,,,
,,,,,8638,3.0,3,,,,,,,,
,,,,,8641,3.0,3,,,,,,,,
,,,,,8644,3.0,3,,,,,,,,
,,,,,8647,3.0,3,,,,,,,,
,,,,,8650,3.0,3,,,,,,,,
,,,,,8653,3.0,3,,,,,,,,
,,,,,8656,3.0,3,,,,,,,,
,,,,,8659,3.0,3,,,,,,,,
,,,,,8662,3.0,3,,,,,,,,
,,,,,8665,3.0,3,,,,,,,,
,,,,,8668,3.0,3,,,,,,,,
,,,,,8671,3.0,3,,,,,,,,
,,,,,8674,3.0,3,,,,,,,,
,,,,,8677,3.0,3,,,,,,,,
,,,,,8680,3.0,3,,,,,,,,
,,,,,8683,3.0,3,,,,,,,,
,,,,,8686,3.0,3,,,,,,,,
,,,,,8689,3.0,3,,,,,,,,
,,,,,8692,3.0,3,,,,,,,,
,,,,,8695,3.0,3,,,,,,,,
,,,,,8698,3.0,3,,,,,,,,
,,,,,8701,3.0,3,,,,,,,,
,,,,,8704,3.0,3,,,,,,,,
,,,,,8707,3.0,3,,,,,,,,
,,,,,8710,3.0,3,,,,,,,,
,,,,,8713,3.0,3,,,,,,,,
,,,,,8716,3.0,3,,,,,,,,
,,,,,8719,3.0,3,,,,,,,,
,,,,,8722,3.0,3,,,,,,,,
,,,,,8725,3.0,3,,,,,,,,
,,,,,8728,3.0,3,,,,,,,,
,,,,,8731,3.0,3,,,,,,,,
,,,,,8734,3.0,3,,,,,,,,
,,,,,8737,3.0,3,,,,,,,,
,,,,,8740,3.0,3,,,,,,,,
,,,,,8743,3.0,3,,,,,,,,
,,,,,8746,3.0,3,,,,,,,,
,,,,,8749,3.0,3,,,,,,,,
,,,,,8752,3.0,3,,,,,,,,
,,,,,8755,3.0,3,,,,,,,,
,,,,,8758,3.0,3,,,,,,,,
,,,,,8761,3.0,3,,,,,,,,
,,,,,8764,3.0,3,,,,,,,,
,,,,,8767,3.0,3,,,,,,,,
,,,,,8770,3.0,3,,,,,,,,
,,,,,8773,3.0,3,,,,,,,,
,,,,,8776,3.0,3,,,,,,,,
,,,,,8779,3.0,3,,,,,,,,
,,,,,8782,3.0,3,,,,,,,,
,,,,,8785,3.0,3,,,,,,,,
,,,,,8788,3.0,3,,,,,,,,
,,,,,8791,3.0,3,,,,,,,,
,,,,,8794,3.0,3,,,,,,,,
,,,,,8797,3.0,3,,,,,,,,
,,,,,8800,3.0,3,,,,,,,,
,,,,,8803,3.0,3,,,,,,,,
,,,,,8806,3.0,3,,,,,,,,
,,,,,8809,3.0,3,,,,,,,,
,,,,,8812,3.0,3,,,,,,,,
,,,,,8815,3.0,3,,,,,,,,
,,,,,8818,3.0,3,,,,,,,,
,,,,,8821,3.0,3,,,,,,,,
,,,,,8824,3.0,3,,,,,,,,
,,,,,8827,3.0,3,,,,,,,,
,,,,,8830,3.0,3,,,,,,,,
,,,,,8833,3.0,3,,,,,,,,
,,,,,8836,3.0,3,,,,,,,,
,,,,,8839,3.0,3,,,,,,,,
,,,,,8842,3.0,3,,,,,,,,
,,,,,8845,3.0,3,,,,,,,,
,,,,,8848,3.0,3,,,,,,,,
,,,,,8851,3.0,3,,,,,,,,
,,,,,8854,3.0,3,,,,,,,,
,,,,,8857,3.0,3,,,,,,,,
,,,,,8860,3.0,3,,,,,,,,
,,,,,8863,3.0,3,,,,,,,,
,,,,,8866,3.0,3,,,,,,,,
,,,,,8869,3.0,3,,,,,,,,
,,,,,8872,3.0,3,,,,,,,,
,,,,,8875,3.0,3,,,,,,,,
,,,,,8878,3.0,3,,,,,,,,
,,,,,8881,3.0,3,,,,,,,,
,,,,,8884,3.0,3,,,,,,,,
,,,,,8887,3.0,3,,,,,,,,
,,,,,8890,3.0,3,,,,,,,,
,,,,,8893,3.0,3,,,,,,,,
,,,,,8896,3.0,3,,,,,,,,
,,,,,8899,3.0,3,,,,,,,,
,,,,,8902,3.0,3,,,,,,,,
,,,,,8905,3.0,3,,,,,,,,
,,,,,8908,3.0,3,,,,,,,,
,,,,,8911,3.0,3,,,,,,,,
,,,,,8914,3.0,3,,,,,,,,
,,,,,8917,3.0,3,,,,,,,,
,,,,,8920,3.0,3,,,,,,,,
,,,,,8923,3.0,3,,,,,,,,
,,,,,8926,3.0,3,,,,,,,,
,,,,,8929,3.0,3,,,,,,,,
,,,,,8932,3.0,3,,,,,,,,
,,,,,8935,3.0,3,,,,,,,,
,,,,,8938,3.0,3,,,,,,,,
,,,,,8941,3.0,3,,,,,,,,
,,,,,8944,3.0,3,,,,,,,,
,,,,,8947,3.0,3,,,,,,,,
,,,,,8950,3.0,3,,,,,,,,
,,,,,8954,4.0,4,,,,,,,,
,,,,,8957,3.0,3,,,,,,,,
,,,,,8960,3.0,3,,,,,,,,
,,,,,8963,3.0,3,,,,,,,,
,,,,,8966,3.0,3,,,,,,,,
,,,,,8969,3.0,3,,,,,,,,
,,,,,8972,3.0,3,,,,,,,,
,,,,,8975,3.0,3,,,,,,,,
,,,,,8978,3.0,3,,,,,,,,
,,,,,8981,3.0,3,,,,,,,,
,,,,,8984,3.0,3,,,,,,,,
,,,,,8987,3.0,3,,,,,,,,
,,,,,8990,3.0,3,,,,,,,,
,,,,,8993,3.0,3,,,,,,,,
,,,,,8996,3.0,3,,,,,,,,
,,,,,8999,3.0,3,,,,,,,,
,,,,,9000,,,-0.25745445489883423,-2.5745444297790527,0.0975937619805336,2.0479676723480225,1.9938268661499023,0.0003,0.0003,0.1
,,,,,9002,3.0,3,,,,,,,,
,,,,,9005,3.0,3,,,,,,,,
,,,,,9008,3.0,3,,,,,,,,
,,,,,9011,3.0,3,,,,,,,,
,,,,,9014,3.0,3,,,,,,,,
,,,,,9017,3.0,3,,,,,,,,
,,,,,9020,3.0,3,,,,,,,,
,,,,,9023,3.0,3,,,,,,,,
,,,,,9026,3.0,3,,,,,,,,
,,,,,9029,3.0,3,,,,,,,,
,,,,,9032,3.0,3,,,,,,,,
,,,,,9035,3.0,3,,,,,,,,
,,,,,9038,3.0,3,,,,,,,,
,,,,,9041,3.0,3,,,,,,,,
,,,,,9044,3.0,3,,,,,,,,
,,,,,9047,3.0,3,,,,,,,,
,,,,,9050,3.0,3,,,,,,,,
,,,,,9053,3.0,3,,,,,,,,
,,,,,9056,3.0,3,,,,,,,,
,,,,,9059,3.0,3,,,,,,,,
,,,,,9062,3.0,3,,,,,,,,
,,,,,9065,3.0,3,,,,,,,,
,,,,,9068,3.0,3,,,,,,,,
,,,,,9071,3.0,3,,,,,,,,
,,,,,9074,3.0,3,,,,,,,,
,,,,,9077,3.0,3,,,,,,,,
,,,,,9080,3.0,3,,,,,,,,
,,,,,9083,3.0,3,,,,,,,,
,,,,,9086,3.0,3,,,,,,,,
,,,,,9089,3.0,3,,,,,,,,
,,,,,9092,3.0,3,,,,,,,,
,,,,,9095,3.0,3,,,,,,,,
,,,,,9098,3.0,3,,,,,,,,
,,,,,9101,3.0,3,,,,,,,,
,,,,,9104,3.0,3,,,,,,,,
,,,,,9107,3.0,3,,,,,,,,
,,,,,9110,3.0,3,,,,,,,,
,,,,,9113,3.0,3,,,,,,,,
,,,,,9116,3.0,3,,,,,,,,
,,,,,9119,3.0,3,,,,,,,,
,,,,,9122,3.0,3,,,,,,,,
,,,,,9125,3.0,3,,,,,,,,
,,,,,9128,3.0,3,,,,,,,,
,,,,,9131,3.0,3,,,,,,,,
,,,,,9134,3.0,3,,,,,,,,
,,,,,9137,3.0,3,,,,,,,,
,,,,,9140,3.0,3,,,,,,,,
,,,,,9143,3.0,3,,,,,,,,
,,,,,9146,3.0,3,,,,,,,,
,,,,,9149,3.0,3,,,,,,,,
,,,,,9152,3.0,3,,,,,,,,
,,,,,9155,3.0,3,,,,,,,,
,,,,,9158,3.0,3,,,,,,,,
,,,,,9161,3.0,3,,,,,,,,
,,,,,9164,3.0,3,,,,,,,,
,,,,,9167,3.0,3,,,,,,,,
,,,,,9170,3.0,3,,,,,,,,
,,,,,9173,3.0,3,,,,,,,,
,,,,,9176,3.0,3,,,,,,,,
,,,,,9179,3.0,3,,,,,,,,
,,,,,9182,3.0,3,,,,,,,,
,,,,,9185,3.0,3,,,,,,,,
,,,,,9188,3.0,3,,,,,,,,
,,,,,9191,3.0,3,,,,,,,,
,,,,,9194,3.0,3,,,,,,,,
,,,,,9197,3.0,3,,,,,,,,
,,,,,9200,3.0,3,,,,,,,,
,,,,,9203,3.0,3,,,,,,,,
,,,,,9206,3.0,3,,,,,,,,
,,,,,9209,3.0,3,,,,,,,,
,,,,,9212,3.0,3,,,,,,,,
,,,,,9215,3.0,3,,,,,,,,
,,,,,9218,3.0,3,,,,,,,,
,,,,,9221,3.0,3,,,,,,,,
,,,,,9224,3.0,3,,,,,,,,
,,,,,9227,3.0,3,,,,,,,,
,,,,,9230,3.0,3,,,,,,,,
,,,,,9233,3.0,3,,,,,,,,
,,,,,9236,3.0,3,,,,,,,,
,,,,,9239,3.0,3,,,,,,,,
,,,,,9242,3.0,3,,,,,,,,
,,,,,9245,3.0,3,,,,,,,,
,,,,,9248,3.0,3,,,,,,,,
,,,,,9251,3.0,3,,,,,,,,
,,,,,9254,3.0,3,,,,,,,,
,,,,,9257,3.0,3,,,,,,,,
,,,,,9260,3.0,3,,,,,,,,
,,,,,9263,3.0,3,,,,,,,,
,,,,,9266,3.0,3,,,,,,,,
,,,,,9270,4.0,4,,,,,,,,
,,,,,9273,3.0,3,,,,,,,,
,,,,,9276,3.0,3,,,,,,,,
,,,,,9279,3.0,3,,,,,,,,
,,,,,9282,3.0,3,,,,,,,,
,,,,,9285,3.0,3,,,,,,,,
,,,,,9288,3.0,3,,,,,,,,
,,,,,9291,3.0,3,,,,,,,,
,,,,,9294,3.0,3,,,,,,,,
,,,,,9297,3.0,3,,,,,,,,
,,,,,9300,3.0,3,,,,,,,,
,,,,,9303,3.0,3,,,,,,,,
,,,,,9306,3.0,3,,,,,,,,
,,,,,9309,3.0,3,,,,,,,,
,,,,,9312,3.0,3,,,,,,,,
,,,,,9315,3.0,3,,,,,,,,
,,,,,9318,3.0,3,,,,,,,,
,,,,,9321,3.0,3,,,,,,,,
,,,,,9324,3.0,3,,,,,,,,
,,,,,9327,3.0,3,,,,,,,,
,,,,,9330,3.0,3,,,,,,,,
,,,,,9333,3.0,3,,,,,,,,
,,,,,9336,3.0,3,,,,,,,,
,,,,,9339,3.0,3,,,,,,,,
,,,,,9342,3.0,3,,,,,,,,
,,,,,9345,3.0,3,,,,,,,,
,,,,,9348,3.0,3,,,,,,,,
,,,,,9351,3.0,3,,,,,,,,
,,,,,9354,3.0,3,,,,,,,,
,,,,,9357,3.0,3,,,,,,,,
,,,,,9360,3.0,3,,,,,,,,
,,,,,9363,3.0,3,,,,,,,,
,,,,,9366,3.0,3,,,,,,,,
,,,,,9369,3.0,3,,,,,,,,
,,,,,9372,3.0,3,,,,,,,,
,,,,,9375,3.0,3,,,,,,,,
,,,,,9378,3.0,3,,,,,,,,
,,,,,9381,3.0,3,,,,,,,,
,,,,,9384,3.0,3,,,,,,,,
,,,,,9387,3.0,3,,,,,,,,
,,,,,9390,3.0,3,,,,,,,,
,,,,,9393,3.0,3,,,,,,,,
,,,,,9396,3.0,3,,,,,,,,
,,,,,9399,3.0,3,,,,,,,,
,,,,,9402,3.0,3,,,,,,,,
,,,,,9405,3.0,3,,,,,,,,
,,,,,9408,3.0,3,,,,,,,,
,,,,,9411,3.0,3,,,,,,,,
,,,,,9414,3.0,3,,,,,,,,
,,,,,9417,3.0,3,,,,,,,,
,,,,,9420,3.0,3,,,,,,,,
,,,,,9423,3.0,3,,,,,,,,
,,,,,9426,3.0,3,,,,,,,,
,,,,,9429,3.0,3,,,,,,,,
,,,,,9432,3.0,3,,,,,,,,
,,,,,9435,3.0,3,,,,,,,,
,,,,,9438,3.0,3,,,,,,,,
,,,,,9441,3.0,3,,,,,,,,
,,,,,9444,3.0,3,,,,,,,,
,,,,,9447,3.0,3,,,,,,,,
,,,,,9450,3.0,3,,,,,,,,
,,,,,9453,3.0,3,,,,,,,,
,,,,,9456,3.0,3,,,,,,,,
,,,,,9459,3.0,3,,,,,,,,
,,,,,9462,3.0,3,,,,,,,,
,,,,,9465,3.0,3,,,,,,,,
,,,,,9468,3.0,3,,,,,,,,
,,,,,9471,3.0,3,,,,,,,,
,,,,,9474,3.0,3,,,,,,,,
,,,,,9477,3.0,3,,,,,,,,
,,,,,9480,3.0,3,,,,,,,,
,,,,,9483,3.0,3,,,,,,,,
,,,,,9486,3.0,3,,,,,,,,
,,,,,9489,3.0,3,,,,,,,,
,,,,,9492,3.0,3,,,,,,,,
,,,,,9495,3.0,3,,,,,,,,
,,,,,9498,3.0,3,,,,,,,,
,,,,,9501,3.0,3,,,,,,,,
,,,,,9504,3.0,3,,,,,,,,
,,,,,9507,3.0,3,,,,,,,,
,,,,,9510,3.0,3,,,,,,,,
,,,,,9513,3.0,3,,,,,,,,
,,,,,9516,3.0,3,,,,,,,,
,,,,,9519,3.0,3,,,,,,,,
,,,,,9522,3.0,3,,,,,,,,
,,,,,9525,3.0,3,,,,,,,,
,,,,,9528,3.0,3,,,,,,,,
,,,,,9531,3.0,3,,,,,,,,
,,,,,9534,3.0,3,,,,,,,,
,,,,,9537,3.0,3,,,,,,,,
,,,,,9540,3.0,3,,,,,,,,
,,,,,9543,3.0,3,,,,,,,,
,,,,,9546,3.0,3,,,,,,,,
,,,,,9549,3.0,3,,,,,,,,
,,,,,9552,3.0,3,,,,,,,,
,,,,,9555,3.0,3,,,,,,,,
,,,,,9558,3.0,3,,,,,,,,
,,,,,9561,3.0,3,,,,,,,,
,,,,,9564,3.0,3,,,,,,,,
,,,,,9567,3.0,3,,,,,,,,
,,,,,9570,3.0,3,,,,,,,,
,,,,,9573,3.0,3,,,,,,,,
,,,,,9576,3.0,3,,,,,,,,
,,,,,9579,3.0,3,,,,,,,,
,,,,,9582,3.0,3,,,,,,,,
,,,,,9585,3.0,3,,,,,,,,
,,,,,9588,3.0,3,,,,,,,,
,,,,,9591,3.0,3,,,,,,,,
,,,,,9594,3.0,3,,,,,,,,
,,,,,9597,3.0,3,,,,,,,,
,,,,,9600,3.0,3,,,,,,,,
,,,,,9603,3.0,3,,,,,,,,
,,,,,9606,3.0,3,,,,,,,,
,,,,,9609,3.0,3,,,,,,,,
,,,,,9612,3.0,3,,,,,,,,
,,,,,9615,3.0,3,,,,,,,,
,,,,,9618,3.0,3,,,,,,,,
,,,,,9621,3.0,3,,,,,,,,
,,,,,9624,3.0,3,,,,,,,,
,,,,,9627,3.0,3,,,,,,,,
,,,,,9630,3.0,3,,,,,,,,
,,,,,9633,3.0,3,,,,,,,,
,,,,,9636,3.0,3,,,,,,,,
,,,,,9639,3.0,3,,,,,,,,
,,,,,9642,3.0,3,,,,,,,,
,,,,,9645,3.0,3,,,,,,,,
,,,,,9648,3.0,3,,,,,,,,
,,,,,9651,3.0,3,,,,,,,,
,,,,,9654,3.0,3,,,,,,,,
,,,,,9657,3.0,3,,,,,,,,
,,,,,9660,3.0,3,,,,,,,,
,,,,,9663,3.0,3,,,,,,,,
,,,,,9666,3.0,3,,,,,,,,
,,,,,9669,3.0,3,,,,,,,,
,,,,,9672,3.0,3,,,,,,,,
,,,,,9675,3.0,3,,,,,,,,
,,,,,9678,3.0,3,,,,,,,,
,,,,,9681,3.0,3,,,,,,,,
,,,,,9684,3.0,3,,,,,,,,
,,,,,9687,3.0,3,,,,,,,,
,,,,,9690,3.0,3,,,,,,,,
,,,,,9693,3.0,3,,,,,,,,
,,,,,9696,3.0,3,,,,,,,,
,,,,,9699,3.0,3,,,,,,,,
,,,,,9703,4.0,4,,,,,,,,
,,,,,9706,3.0,3,,,,,,,,
,,,,,9709,3.0,3,,,,,,,,
,,,,,9712,3.0,3,,,,,,,,
,,,,,9715,3.0,3,,,,,,,,
,,,,,9718,3.0,3,,,,,,,,
,,,,,9721,3.0,3,,,,,,,,
,,,,,9724,3.0,3,,,,,,,,
,,,,,9727,3.0,3,,,,,,,,
,,,,,9730,3.0,3,,,,,,,,
,,,,,9733,3.0,3,,,,,,,,
,,,,,9736,3.0,3,,,,,,,,
,,,,,9739,3.0,3,,,,,,,,
,,,,,9742,3.0,3,,,,,,,,
,,,,,9745,3.0,3,,,,,,,,
,,,,,9748,3.0,3,,,,,,,,
,,,,,9751,3.0,3,,,,,,,,
,,,,,9754,3.0,3,,,,,,,,
,,,,,9757,3.0,3,,,,,,,,
,,,,,9760,3.0,3,,,,,,,,
,,,,,9763,3.0,3,,,,,,,,
,,,,,9766,3.0,3,,,,,,,,
,,,,,9769,3.0,3,,,,,,,,
,,,,,9772,3.0,3,,,,,,,,
,,,,,9775,3.0,3,,,,,,,,
,,,,,9778,3.0,3,,,,,,,,
,,,,,9781,3.0,3,,,,,,,,
,,,,,9784,3.0,3,,,,,,,,
,,,,,9787,3.0,3,,,,,,,,
,,,,,9790,3.0,3,,,,,,,,
,,,,,9793,3.0,3,,,,,,,,
,,,,,9796,3.0,3,,,,,,,,
,,,,,9799,3.0,3,,,,,,,,
,,,,,9802,3.0,3,,,,,,,,
,,,,,9805,3.0,3,,,,,,,,
,,,,,9808,3.0,3,,,,,,,,
,,,,,9811,3.0,3,,,,,,,,
,,,,,9814,3.0,3,,,,,,,,
,,,,,9817,3.0,3,,,,,,,,
,,,,,9820,3.0,3,,,,,,,,
,,,,,9823,3.0,3,,,,,,,,
,,,,,9826,3.0,3,,,,,,,,
,,,,,9830,4.0,4,,,,,,,,
,,,,,9833,3.0,3,,,,,,,,
,,,,,9836,3.0,3,,,,,,,,
,,,,,9839,3.0,3,,,,,,,,
,,,,,9842,3.0,3,,,,,,,,
,,,,,9845,3.0,3,,,,,,,,
,,,,,9848,3.0,3,,,,,,,,
,,,,,9851,3.0,3,,,,,,,,
,,,,,9854,3.0,3,,,,,,,,
,,,,,9858,4.0,4,,,,,,,,
,,,,,9861,3.0,3,,,,,,,,
,,,,,9864,3.0,3,,,,,,,,
,,,,,9867,3.0,3,,,,,,,,
,,,,,9870,3.0,3,,,,,,,,
,,,,,9873,3.0,3,,,,,,,,
,,,,,9876,3.0,3,,,,,,,,
,,,,,9879,3.0,3,,,,,,,,
,,,,,9882,3.0,3,,,,,,,,
,,,,,9885,3.0,3,,,,,,,,
,,,,,9888,3.0,3,,,,,,,,
,,,,,9891,3.0,3,,,,,,,,
,,,,,9894,3.0,3,,,,,,,,
,,,,,9897,3.0,3,,,,,,,,
,,,,,9900,3.0,3,,,,,,,,
,,,,,9903,3.0,3,,,,,,,,
,,,,,9906,3.0,3,,,,,,,,
,,,,,9910,4.0,4,,,,,,,,
,,,,,9913,3.0,3,,,,,,,,
,,,,,9916,3.0,3,,,,,,,,
,,,,,9919,3.0,3,,,,,,,,
,,,,,9922,3.0,3,,,,,,,,
,,,,,9925,3.0,3,,,,,,,,
,,,,,9928,3.0,3,,,,,,,,
,,,,,9931,3.0,3,,,,,,,,
,,,,,9934,3.0,3,,,,,,,,
,,,,,9937,3.0,3,,,,,,,,
,,,,,9940,3.0,3,,,,,,,,
,,,,,9943,3.0,3,,,,,,,,
,,,,,9946,3.0,3,,,,,,,,
,,,,,9949,3.0,3,,,,,,,,
,,,,,9952,3.0,3,,,,,,,,
,,,,,9955,3.0,3,,,,,,,,
,,,,,9958,3.0,3,,,,,,,,
,,,,,9961,3.0,3,,,,,,,,
,,,,,9964,3.0,3,,,,,,,,
,,,,,9967,3.0,3,,,,,,,,
,,,,,9970,3.0,3,,,,,,,,
,,,,,9973,3.0,3,,,,,,,,
,,,,,9976,3.0,3,,,,,,,,
,,,,,9979,3.0,3,,,,,,,,
,,,,,9982,3.0,3,,,,,,,,
,,,,,9985,3.0,3,,,,,,,,
,,,,,9988,3.0,3,,,,,,,,
,,,,,9991,3.0,3,,,,,,,,
,,,,,9994,3.0,3,,,,,,,,
,,,,,9997,3.0,3,,,,,,,,
,,,,,10000,3.0,3,,,,,,,,
3.1,0.3,4.0,3.0,3.1,10000,,,-0.3543650209903717,-3.5436501502990723,0.06986616551876068,1.7524733543395996,1.7676353454589844,0.0003,0.0003,0.1
,,,,,10003,3.0,3,,,,,,,,
,,,,,10006,3.0,3,,,,,,,,
,,,,,10009,3.0,3,,,,,,,,
,,,,,10012,3.0,3,,,,,,,,
,,,,,10015,3.0,3,,,,,,,,
,,,,,10018,3.0,3,,,,,,,,
,,,,,10021,3.0,3,,,,,,,,
,,,,,10024,3.0,3,,,,,,,,
,,,,,10027,3.0,3,,,,,,,,
,,,,,10030,3.0,3,,,,,,,,
,,,,,10033,3.0,3,,,,,,,,
,,,,,10036,3.0,3,,,,,,,,
,,,,,10039,3.0,3,,,,,,,,
,,,,,10042,3.0,3,,,,,,,,
,,,,,10045,3.0,3,,,,,,,,
,,,,,10048,3.0,3,,,,,,,,
,,,,,10051,3.0,3,,,,,,,,
,,,,,10054,3.0,3,,,,,,,,
,,,,,10057,3.0,3,,,,,,,,
,,,,,10060,3.0,3,,,,,,,,
,,,,,10064,4.0,4,,,,,,,,
,,,,,10067,3.0,3,,,,,,,,
,,,,,10070,3.0,3,,,,,,,,
,,,,,10073,3.0,3,,,,,,,,
,,,,,10076,3.0,3,,,,,,,,
,,,,,10080,4.0,4,,,,,,,,
,,,,,10083,3.0,3,,,,,,,,
,,,,,10087,4.0,4,,,,,,,,
,,,,,10090,3.0,3,,,,,,,,
,,,,,10093,3.0,3,,,,,,,,
,,,,,10098,5.0,5,,,,,,,,
,,,,,10101,3.0,3,,,,,,,,
,,,,,10104,3.0,3,,,,,,,,
,,,,,10107,3.0,3,,,,,,,,
,,,,,10110,3.0,3,,,,,,,,
,,,,,10113,3.0,3,,,,,,,,
,,,,,10116,3.0,3,,,,,,,,
,,,,,10119,3.0,3,,,,,,,,
,,,,,10122,3.0,3,,,,,,,,
,,,,,10125,3.0,3,,,,,,,,
,,,,,10128,3.0,3,,,,,,,,
,,,,,10131,3.0,3,,,,,,,,
,,,,,10134,3.0,3,,,,,,,,
,,,,,10138,4.0,4,,,,,,,,
,,,,,10142,4.0,4,,,,,,,,
,,,,,10146,4.0,4,,,,,,,,
,,,,,10149,3.0,3,,,,,,,,
,,,,,10152,3.0,3,,,,,,,,
,,,,,10155,3.0,3,,,,,,,,
,,,,,10158,3.0,3,,,,,,,,
,,,,,10161,3.0,3,,,,,,,,
,,,,,10164,3.0,3,,,,,,,,
,,,,,10167,3.0,3,,,,,,,,
,,,,,10170,3.0,3,,,,,,,,
,,,,,10174,4.0,4,,,,,,,,
,,,,,10177,3.0,3,,,,,,,,
,,,,,10180,3.0,3,,,,,,,,
,,,,,10183,3.0,3,,,,,,,,
,,,,,10186,3.0,3,,,,,,,,
,,,,,10190,4.0,4,,,,,,,,
,,,,,10193,3.0,3,,,,,,,,
,,,,,10197,4.0,4,,,,,,,,
,,,,,10201,4.0,4,,,,,,,,
,,,,,10204,3.0,3,,,,,,,,
,,,,,10208,4.0,4,,,,,,,,
,,,,,10211,3.0,3,,,,,,,,
,,,,,10214,3.0,3,,,,,,,,
,,,,,10217,3.0,3,,,,,,,,
,,,,,10220,3.0,3,,,,,,,,
,,,,,10223,3.0,3,,,,,,,,
,,,,,10227,4.0,4,,,,,,,,
,,,,,10230,3.0,3,,,,,,,,
,,,,,10233,3.0,3,,,,,,,,
,,,,,10236,3.0,3,,,,,,,,
,,,,,10239,3.0,3,,,,,,,,
,,,,,10243,4.0,4,,,,,,,,
,,,,,10246,3.0,3,,,,,,,,
,,,,,10249,3.0,3,,,,,,,,
,,,,,10253,4.0,4,,,,,,,,
,,,,,10256,3.0,3,,,,,,,,
,,,,,10259,3.0,3,,,,,,,,
,,,,,10262,3.0,3,,,,,,,,
,,,,,10265,3.0,3,,,,,,,,
,,,,,10268,3.0,3,,,,,,,,
,,,,,10271,3.0,3,,,,,,,,
,,,,,10274,3.0,3,,,,,,,,
,,,,,10277,3.0,3,,,,,,,,
,,,,,10280,3.0,3,,,,,,,,
,,,,,10283,3.0,3,,,,,,,,
,,,,,10286,3.0,3,,,,,,,,
,,,,,10289,3.0,3,,,,,,,,
,,,,,10292,3.0,3,,,,,,,,
,,,,,10295,3.0,3,,,,,,,,
,,,,,10298,3.0,3,,,,,,,,
,,,,,10301,3.0,3,,,,,,,,
,,,,,10304,3.0,3,,,,,,,,
,,,,,10307,3.0,3,,,,,,,,
,,,,,10310,3.0,3,,,,,,,,
,,,,,10313,3.0,3,,,,,,,,
,,,,,10316,3.0,3,,,,,,,,
,,,,,10320,4.0,4,,,,,,,,
,,,,,10324,4.0,4,,,,,,,,
,,,,,10327,3.0,3,,,,,,,,
,,,,,10330,3.0,3,,,,,,,,
,,,,,10334,4.0,4,,,,,,,,
,,,,,10337,3.0,3,,,,,,,,
,,,,,10340,3.0,3,,,,,,,,
,,,,,10343,3.0,3,,,,,,,,
,,,,,10346,3.0,3,,,,,,,,
,,,,,10349,3.0,3,,,,,,,,
,,,,,10353,4.0,4,,,,,,,,
,,,,,10356,3.0,3,,,,,,,,
,,,,,10359,3.0,3,,,,,,,,
,,,,,10362,3.0,3,,,,,,,,
,,,,,10366,4.0,4,,,,,,,,
,,,,,10369,3.0,3,,,,,,,,
,,,,,10372,3.0,3,,,,,,,,
,,,,,10375,3.0,3,,,,,,,,
,,,,,10379,4.0,4,,,,,,,,
,,,,,10382,3.0,3,,,,,,,,
,,,,,10386,4.0,4,,,,,,,,
,,,,,10389,3.0,3,,,,,,,,
,,,,,10393,4.0,4,,,,,,,,
,,,,,10396,3.0,3,,,,,,,,
,,,,,10401,5.0,5,,,,,,,,
,,,,,10404,3.0,3,,,,,,,,
,,,,,10407,3.0,3,,,,,,,,
,,,,,10411,4.0,4,,,,,,,,
,,,,,10414,3.0,3,,,,,,,,
,,,,,10418,4.0,4,,,,,,,,
,,,,,10421,3.0,3,,,,,,,,
,,,,,10424,3.0,3,,,,,,,,
,,,,,10427,3.0,3,,,,,,,,
,,,,,10430,3.0,3,,,,,,,,
,,,,,10434,4.0,4,,,,,,,,
,,,,,10438,4.0,4,,,,,,,,
,,,,,10442,4.0,4,,,,,,,,
,,,,,10445,3.0,3,,,,,,,,
,,,,,10449,4.0,4,,,,,,,,
,,,,,10452,3.0,3,,,,,,,,
,,,,,10455,3.0,3,,,,,,,,
,,,,,10458,3.0,3,,,,,,,,
,,,,,10461,3.0,3,,,,,,,,
,,,,,10464,3.0,3,,,,,,,,
,,,,,10467,3.0,3,,,,,,,,
,,,,,10470,3.0,3,,,,,,,,
,,,,,10473,3.0,3,,,,,,,,
,,,,,10476,3.0,3,,,,,,,,
,,,,,10479,3.0,3,,,,,,,,
,,,,,10482,3.0,3,,,,,,,,
,,,,,10485,3.0,3,,,,,,,,
,,,,,10489,4.0,4,,,,,,,,
,,,,,10492,3.0,3,,,,,,,,
,,,,,10495,3.0,3,,,,,,,,
,,,,,10498,3.0,3,,,,,,,,
,,,,,10501,3.0,3,,,,,,,,
,,,,,10504,3.0,3,,,,,,,,
,,,,,10507,3.0,3,,,,,,,,
,,,,,10510,3.0,3,,,,,,,,
,,,,,10513,3.0,3,,,,,,,,
,,,,,10518,5.0,5,,,,,,,,
,,,,,10521,3.0,3,,,,,,,,
,,,,,10524,3.0,3,,,,,,,,
,,,,,10527,3.0,3,,,,,,,,
,,,,,10530,3.0,3,,,,,,,,
,,,,,10533,3.0,3,,,,,,,,
,,,,,10536,3.0,3,,,,,,,,
,,,,,10539,3.0,3,,,,,,,,
,,,,,10542,3.0,3,,,,,,,,
,,,,,10545,3.0,3,,,,,,,,
,,,,,10549,4.0,4,,,,,,,,
,,,,,10552,3.0,3,,,,,,,,
,,,,,10555,3.0,3,,,,,,,,
,,,,,10558,3.0,3,,,,,,,,
,,,,,10561,3.0,3,,,,,,,,
,,,,,10565,4.0,4,,,,,,,,
,,,,,10568,3.0,3,,,,,,,,
,,,,,10571,3.0,3,,,,,,,,
,,,,,10574,3.0,3,,,,,,,,
,,,,,10577,3.0,3,,,,,,,,
,,,,,10580,3.0,3,,,,,,,,
,,,,,10583,3.0,3,,,,,,,,
,,,,,10586,3.0,3,,,,,,,,
,,,,,10591,5.0,5,,,,,,,,
,,,,,10594,3.0,3,,,,,,,,
,,,,,10598,4.0,4,,,,,,,,
,,,,,10602,4.0,4,,,,,,,,
,,,,,10607,5.0,5,,,,,,,,
,,,,,10610,3.0,3,,,,,,,,
,,,,,10613,3.0,3,,,,,,,,
,,,,,10616,3.0,3,,,,,,,,
,,,,,10620,4.0,4,,,,,,,,
,,,,,10623,3.0,3,,,,,,,,
,,,,,10626,3.0,3,,,,,,,,
,,,,,10629,3.0,3,,,,,,,,
,,,,,10632,3.0,3,,,,,,,,
,,,,,10635,3.0,3,,,,,,,,
,,,,,10638,3.0,3,,,,,,,,
,,,,,10641,3.0,3,,,,,,,,
,,,,,10644,3.0,3,,,,,,,,
,,,,,10647,3.0,3,,,,,,,,
,,,,,10651,4.0,4,,,,,,,,
,,,,,10654,3.0,3,,,,,,,,
,,,,,10657,3.0,3,,,,,,,,
,,,,,10660,3.0,3,,,,,,,,
,,,,,10664,4.0,4,,,,,,,,
,,,,,10667,3.0,3,,,,,,,,
,,,,,10670,3.0,3,,,,,,,,
,,,,,10673,3.0,3,,,,,,,,
,,,,,10676,3.0,3,,,,,,,,
,,,,,10679,3.0,3,,,,,,,,
,,,,,10682,3.0,3,,,,,,,,
,,,,,10685,3.0,3,,,,,,,,
,,,,,10688,3.0,3,,,,,,,,
,,,,,10691,3.0,3,,,,,,,,
,,,,,10695,4.0,4,,,,,,,,
,,,,,10698,3.0,3,,,,,,,,
,,,,,10701,3.0,3,,,,,,,,
,,,,,10704,3.0,3,,,,,,,,
,,,,,10707,3.0,3,,,,,,,,
,,,,,10710,3.0,3,,,,,,,,
,,,,,10713,3.0,3,,,,,,,,
,,,,,10716,3.0,3,,,,,,,,
,,,,,10719,3.0,3,,,,,,,,
,,,,,10722,3.0,3,,,,,,,,
,,,,,10725,3.0,3,,,,,,,,
,,,,,10728,3.0,3,,,,,,,,
,,,,,10731,3.0,3,,,,,,,,
,,,,,10734,3.0,3,,,,,,,,
,,,,,10739,5.0,5,,,,,,,,
,,,,,10742,3.0,3,,,,,,,,
,,,,,10745,3.0,3,,,,,,,,
,,,,,10748,3.0,3,,,,,,,,
,,,,,10752,4.0,4,,,,,,,,
,,,,,10755,3.0,3,,,,,,,,
,,,,,10758,3.0,3,,,,,,,,
,,,,,10761,3.0,3,,,,,,,,
,,,,,10764,3.0,3,,,,,,,,
,,,,,10767,3.0,3,,,,,,,,
,,,,,10770,3.0,3,,,,,,,,
,,,,,10773,3.0,3,,,,,,,,
,,,,,10776,3.0,3,,,,,,,,
,,,,,10779,3.0,3,,,,,,,,
,,,,,10782,3.0,3,,,,,,,,
,,,,,10785,3.0,3,,,,,,,,
,,,,,10789,4.0,4,,,,,,,,
,,,,,10792,3.0,3,,,,,,,,
,,,,,10796,4.0,4,,,,,,,,
,,,,,10799,3.0,3,,,,,,,,
,,,,,10802,3.0,3,,,,,,,,
,,,,,10805,3.0,3,,,,,,,,
,,,,,10809,4.0,4,,,,,,,,
,,,,,10812,3.0,3,,,,,,,,
,,,,,10815,3.0,3,,,,,,,,
,,,,,10818,3.0,3,,,,,,,,
,,,,,10821,3.0,3,,,,,,,,
,,,,,10824,3.0,3,,,,,,,,
,,,,,10827,3.0,3,,,,,,,,
,,,,,10830,3.0,3,,,,,,,,
,,,,,10833,3.0,3,,,,,,,,
,,,,,10836,3.0,3,,,,,,,,
,,,,,10839,3.0,3,,,,,,,,
,,,,,10842,3.0,3,,,,,,,,
,,,,,10845,3.0,3,,,,,,,,
,,,,,10848,3.0,3,,,,,,,,
,,,,,10852,4.0,4,,,,,,,,
,,,,,10855,3.0,3,,,,,,,,
,,,,,10858,3.0,3,,,,,,,,
,,,,,10861,3.0,3,,,,,,,,
,,,,,10864,3.0,3,,,,,,,,
,,,,,10867,3.0,3,,,,,,,,
,,,,,10870,3.0,3,,,,,,,,
,,,,,10874,4.0,4,,,,,,,,
,,,,,10877,3.0,3,,,,,,,,
,,,,,10880,3.0,3,,,,,,,,
,,,,,10883,3.0,3,,,,,,,,
,,,,,10886,3.0,3,,,,,,,,
,,,,,10889,3.0,3,,,,,,,,
,,,,,10892,3.0,3,,,,,,,,
,,,,,10895,3.0,3,,,,,,,,
,,,,,10898,3.0,3,,,,,,,,
,,,,,10902,4.0,4,,,,,,,,
,,,,,10905,3.0,3,,,,,,,,
,,,,,10908,3.0,3,,,,,,,,
,,,,,10911,3.0,3,,,,,,,,
,,,,,10914,3.0,3,,,,,,,,
,,,,,10917,3.0,3,,,,,,,,
,,,,,10920,3.0,3,,,,,,,,
,,,,,10923,3.0,3,,,,,,,,
,,,,,10926,3.0,3,,,,,,,,
,,,,,10929,3.0,3,,,,,,,,
,,,,,10932,3.0,3,,,,,,,,
,,,,,10935,3.0,3,,,,,,,,
,,,,,10939,4.0,4,,,,,,,,
,,,,,10942,3.0,3,,,,,,,,
,,,,,10945,3.0,3,,,,,,,,
,,,,,10948,3.0,3,,,,,,,,
,,,,,10951,3.0,3,,,,,,,,
,,,,,10954,3.0,3,,,,,,,,
,,,,,10957,3.0,3,,,,,,,,
,,,,,10960,3.0,3,,,,,,,,
,,,,,10963,3.0,3,,,,,,,,
,,,,,10966,3.0,3,,,,,,,,
,,,,,10969,3.0,3,,,,,,,,
,,,,,10972,3.0,3,,,,,,,,
,,,,,10975,3.0,3,,,,,,,,
,,,,,10978,3.0,3,,,,,,,,
,,,,,10981,3.0,3,,,,,,,,
,,,,,10984,3.0,3,,,,,,,,
,,,,,10987,3.0,3,,,,,,,,
,,,,,10990,3.0,3,,,,,,,,
,,,,,10993,3.0,3,,,,,,,,
,,,,,10996,3.0,3,,,,,,,,
,,,,,10999,3.0,3,,,,,,,,
,,,,,11000,,,-0.4544508159160614,-4.54450798034668,0.03059133142232895,1.3806289434432983,1.377184510231018,0.0003,0.0003,0.1
,,,,,11002,3.0,3,,,,,,,,
,,,,,11006,4.0,4,,,,,,,,
,,,,,11009,3.0,3,,,,,,,,
,,,,,11013,4.0,4,,,,,,,,
,,,,,11016,3.0,3,,,,,,,,
,,,,,11019,3.0,3,,,,,,,,
,,,,,11022,3.0,3,,,,,,,,
,,,,,11025,3.0,3,,,,,,,,
,,,,,11028,3.0,3,,,,,,,,
,,,,,11031,3.0,3,,,,,,,,
,,,,,11034,3.0,3,,,,,,,,
,,,,,11037,3.0,3,,,,,,,,
,,,,,11040,3.0,3,,,,,,,,
,,,,,11045,5.0,5,,,,,,,,
,,,,,11048,3.0,3,,,,,,,,
,,,,,11051,3.0,3,,,,,,,,
,,,,,11054,3.0,3,,,,,,,,
,,,,,11057,3.0,3,,,,,,,,
,,,,,11060,3.0,3,,,,,,,,
,,,,,11063,3.0,3,,,,,,,,
,,,,,11066,3.0,3,,,,,,,,
,,,,,11069,3.0,3,,,,,,,,
,,,,,11072,3.0,3,,,,,,,,
,,,,,11075,3.0,3,,,,,,,,
,,,,,11078,3.0,3,,,,,,,,
,,,,,11081,3.0,3,,,,,,,,
,,,,,11084,3.0,3,,,,,,,,
,,,,,11087,3.0,3,,,,,,,,
,,,,,11090,3.0,3,,,,,,,,
,,,,,11093,3.0,3,,,,,,,,
,,,,,11096,3.0,3,,,,,,,,
,,,,,11099,3.0,3,,,,,,,,
,,,,,11102,3.0,3,,,,,,,,
,,,,,11105,3.0,3,,,,,,,,
,,,,,11108,3.0,3,,,,,,,,
,,,,,11111,3.0,3,,,,,,,,
,,,,,11114,3.0,3,,,,,,,,
,,,,,11117,3.0,3,,,,,,,,
,,,,,11120,3.0,3,,,,,,,,
,,,,,11123,3.0,3,,,,,,,,
,,,,,11126,3.0,3,,,,,,,,
,,,,,11129,3.0,3,,,,,,,,
,,,,,11132,3.0,3,,,,,,,,
,,,,,11135,3.0,3,,,,,,,,
,,,,,11139,4.0,4,,,,,,,,
,,,,,11142,3.0,3,,,,,,,,
,,,,,11146,4.0,4,,,,,,,,
,,,,,11149,3.0,3,,,,,,,,
,,,,,11152,3.0,3,,,,,,,,
,,,,,11155,3.0,3,,,,,,,,
,,,,,11158,3.0,3,,,,,,,,
,,,,,11162,4.0,4,,,,,,,,
,,,,,11165,3.0,3,,,,,,,,
,,,,,11168,3.0,3,,,,,,,,
,,,,,11171,3.0,3,,,,,,,,
,,,,,11174,3.0,3,,,,,,,,
,,,,,11177,3.0,3,,,,,,,,
,,,,,11180,3.0,3,,,,,,,,
,,,,,11184,4.0,4,,,,,,,,
,,,,,11187,3.0,3,,,,,,,,
,,,,,11190,3.0,3,,,,,,,,
,,,,,11193,3.0,3,,,,,,,,
,,,,,11197,4.0,4,,,,,,,,
,,,,,11200,3.0,3,,,,,,,,
,,,,,11203,3.0,3,,,,,,,,
,,,,,11206,3.0,3,,,,,,,,
,,,,,11210,4.0,4,,,,,,,,
,,,,,11213,3.0,3,,,,,,,,
,,,,,11216,3.0,3,,,,,,,,
,,,,,11219,3.0,3,,,,,,,,
,,,,,11222,3.0,3,,,,,,,,
,,,,,11225,3.0,3,,,,,,,,
,,,,,11228,3.0,3,,,,,,,,
,,,,,11231,3.0,3,,,,,,,,
,,,,,11235,4.0,4,,,,,,,,
,,,,,11238,3.0,3,,,,,,,,
,,,,,11242,4.0,4,,,,,,,,
,,,,,11245,3.0,3,,,,,,,,
,,,,,11248,3.0,3,,,,,,,,
,,,,,11251,3.0,3,,,,,,,,
,,,,,11255,4.0,4,,,,,,,,
,,,,,11258,3.0,3,,,,,,,,
,,,,,11261,3.0,3,,,,,,,,
,,,,,11264,3.0,3,,,,,,,,
,,,,,11267,3.0,3,,,,,,,,
,,,,,11270,3.0,3,,,,,,,,
,,,,,11273,3.0,3,,,,,,,,
,,,,,11276,3.0,3,,,,,,,,
,,,,,11279,3.0,3,,,,,,,,
,,,,,11282,3.0,3,,,,,,,,
,,,,,11285,3.0,3,,,,,,,,
,,,,,11288,3.0,3,,,,,,,,
,,,,,11292,4.0,4,,,,,,,,
,,,,,11295,3.0,3,,,,,,,,
,,,,,11298,3.0,3,,,,,,,,
,,,,,11301,3.0,3,,,,,,,,
,,,,,11304,3.0,3,,,,,,,,
,,,,,11307,3.0,3,,,,,,,,
,,,,,11310,3.0,3,,,,,,,,
,,,,,11313,3.0,3,,,,,,,,
,,,,,11316,3.0,3,,,,,,,,
,,,,,11319,3.0,3,,,,,,,,
,,,,,11322,3.0,3,,,,,,,,
,,,,,11325,3.0,3,,,,,,,,
,,,,,11328,3.0,3,,,,,,,,
,,,,,11331,3.0,3,,,,,,,,
,,,,,11334,3.0,3,,,,,,,,
,,,,,11337,3.0,3,,,,,,,,
,,,,,11340,3.0,3,,,,,,,,
,,,,,11343,3.0,3,,,,,,,,
,,,,,11346,3.0,3,,,,,,,,
,,,,,11349,3.0,3,,,,,,,,
,,,,,11353,4.0,4,,,,,,,,
,,,,,11356,3.0,3,,,,,,,,
,,,,,11359,3.0,3,,,,,,,,
,,,,,11364,5.0,5,,,,,,,,
,,,,,11367,3.0,3,,,,,,,,
,,,,,11370,3.0,3,,,,,,,,
,,,,,11373,3.0,3,,,,,,,,
,,,,,11376,3.0,3,,,,,,,,
,,,,,11379,3.0,3,,,,,,,,
,,,,,11383,4.0,4,,,,,,,,
,,,,,11386,3.0,3,,,,,,,,
,,,,,11390,4.0,4,,,,,,,,
,,,,,11393,3.0,3,,,,,,,,
,,,,,11396,3.0,3,,,,,,,,
,,,,,11400,4.0,4,,,,,,,,
,,,,,11403,3.0,3,,,,,,,,
,,,,,11406,3.0,3,,,,,,,,
,,,,,11409,3.0,3,,,,,,,,
,,,,,11412,3.0,3,,,,,,,,
,,,,,11415,3.0,3,,,,,,,,
,,,,,11418,3.0,3,,,,,,,,
,,,,,11421,3.0,3,,,,,,,,
,,,,,11424,3.0,3,,,,,,,,
,,,,,11427,3.0,3,,,,,,,,
,,,,,11430,3.0,3,,,,,,,,
,,,,,11433,3.0,3,,,,,,,,
,,,,,11436,3.0,3,,,,,,,,
,,,,,11439,3.0,3,,,,,,,,
,,,,,11442,3.0,3,,,,,,,,
,,,,,11445,3.0,3,,,,,,,,
,,,,,11448,3.0,3,,,,,,,,
,,,,,11451,3.0,3,,,,,,,,
,,,,,11455,4.0,4,,,,,,,,
,,,,,11460,5.0,5,,,,,,,,
,,,,,11463,3.0,3,,,,,,,,
,,,,,11467,4.0,4,,,,,,,,
,,,,,11470,3.0,3,,,,,,,,
,,,,,11473,3.0,3,,,,,,,,
,,,,,11476,3.0,3,,,,,,,,
,,,,,11479,3.0,3,,,,,,,,
,,,,,11482,3.0,3,,,,,,,,
,,,,,11485,3.0,3,,,,,,,,
,,,,,11488,3.0,3,,,,,,,,
,,,,,11492,4.0,4,,,,,,,,
,,,,,11495,3.0,3,,,,,,,,
,,,,,11498,3.0,3,,,,,,,,
,,,,,11501,3.0,3,,,,,,,,
,,,,,11504,3.0,3,,,,,,,,
,,,,,11507,3.0,3,,,,,,,,
,,,,,11510,3.0,3,,,,,,,,
,,,,,11513,3.0,3,,,,,,,,
,,,,,11516,3.0,3,,,,,,,,
,,,,,11520,4.0,4,,,,,,,,
,,,,,11523,3.0,3,,,,,,,,
,,,,,11526,3.0,3,,,,,,,,
,,,,,11529,3.0,3,,,,,,,,
,,,,,11532,3.0,3,,,,,,,,
,,,,,11535,3.0,3,,,,,,,,
,,,,,11539,4.0,4,,,,,,,,
,,,,,11542,3.0,3,,,,,,,,
,,,,,11545,3.0,3,,,,,,,,
,,,,,11548,3.0,3,,,,,,,,
,,,,,11551,3.0,3,,,,,,,,
,,,,,11554,3.0,3,,,,,,,,
,,,,,11557,3.0,3,,,,,,,,
,,,,,11560,3.0,3,,,,,,,,
,,,,,11564,4.0,4,,,,,,,,
,,,,,11567,3.0,3,,,,,,,,
,,,,,11570,3.0,3,,,,,,,,
,,,,,11573,3.0,3,,,,,,,,
,,,,,11576,3.0,3,,,,,,,,
,,,,,11579,3.0,3,,,,,,,,
,,,,,11582,3.0,3,,,,,,,,
,,,,,11585,3.0,3,,,,,,,,
,,,,,11588,3.0,3,,,,,,,,
,,,,,11591,3.0,3,,,,,,,,
,,,,,11595,4.0,4,,,,,,,,
,,,,,11598,3.0,3,,,,,,,,
,,,,,11601,3.0,3,,,,,,,,
,,,,,11604,3.0,3,,,,,,,,
,,,,,11607,3.0,3,,,,,,,,
,,,,,11610,3.0,3,,,,,,,,
,,,,,11614,4.0,4,,,,,,,,
,,,,,11617,3.0,3,,,,,,,,
,,,,,11620,3.0,3,,,,,,,,
,,,,,11623,3.0,3,,,,,,,,
,,,,,11626,3.0,3,,,,,,,,
,,,,,11629,3.0,3,,,,,,,,
,,,,,11632,3.0,3,,,,,,,,
,,,,,11635,3.0,3,,,,,,,,
,,,,,11638,3.0,3,,,,,,,,
,,,,,11641,3.0,3,,,,,,,,
,,,,,11644,3.0,3,,,,,,,,
,,,,,11647,3.0,3,,,,,,,,
,,,,,11650,3.0,3,,,,,,,,
,,,,,11653,3.0,3,,,,,,,,
,,,,,11656,3.0,3,,,,,,,,
,,,,,11659,3.0,3,,,,,,,,
,,,,,11662,3.0,3,,,,,,,,
,,,,,11665,3.0,3,,,,,,,,
,,,,,11668,3.0,3,,,,,,,,
,,,,,11671,3.0,3,,,,,,,,
,,,,,11674,3.0,3,,,,,,,,
,,,,,11677,3.0,3,,,,,,,,
,,,,,11681,4.0,4,,,,,,,,
,,,,,11684,3.0,3,,,,,,,,
,,,,,11687,3.0,3,,,,,,,,
,,,,,11690,3.0,3,,,,,,,,
,,,,,11693,3.0,3,,,,,,,,
,,,,,11696,3.0,3,,,,,,,,
,,,,,11699,3.0,3,,,,,,,,
,,,,,11702,3.0,3,,,,,,,,
,,,,,11706,4.0,4,,,,,,,,
,,,,,11709,3.0,3,,,,,,,,
,,,,,11713,4.0,4,,,,,,,,
,,,,,11716,3.0,3,,,,,,,,
,,,,,11719,3.0,3,,,,,,,,
,,,,,11722,3.0,3,,,,,,,,
,,,,,11725,3.0,3,,,,,,,,
,,,,,11728,3.0,3,,,,,,,,
,,,,,11731,3.0,3,,,,,,,,
,,,,,11734,3.0,3,,,,,,,,
,,,,,11737,3.0,3,,,,,,,,
,,,,,11740,3.0,3,,,,,,,,
,,,,,11743,3.0,3,,,,,,,,
,,,,,11746,3.0,3,,,,,,,,
,,,,,11749,3.0,3,,,,,,,,
,,,,,11752,3.0,3,,,,,,,,
,,,,,11755,3.0,3,,,,,,,,
,,,,,11758,3.0,3,,,,,,,,
,,,,,11763,5.0,5,,,,,,,,
,,,,,11766,3.0,3,,,,,,,,
,,,,,11769,3.0,3,,,,,,,,
,,,,,11772,3.0,3,,,,,,,,
,,,,,11775,3.0,3,,,,,,,,
,,,,,11778,3.0,3,,,,,,,,
,,,,,11781,3.0,3,,,,,,,,
,,,,,11784,3.0,3,,,,,,,,
,,,,,11787,3.0,3,,,,,,,,
,,,,,11790,3.0,3,,,,,,,,
,,,,,11793,3.0,3,,,,,,,,
,,,,,11796,3.0,3,,,,,,,,
,,,,,11799,3.0,3,,,,,,,,
,,,,,11802,3.0,3,,,,,,,,
,,,,,11805,3.0,3,,,,,,,,
,,,,,11808,3.0,3,,,,,,,,
,,,,,11811,3.0,3,,,,,,,,
,,,,,11814,3.0,3,,,,,,,,
,,,,,11817,3.0,3,,,,,,,,
,,,,,11820,3.0,3,,,,,,,,
,,,,,11823,3.0,3,,,,,,,,
,,,,,11826,3.0,3,,,,,,,,
,,,,,11829,3.0,3,,,,,,,,
,,,,,11832,3.0,3,,,,,,,,
,,,,,11835,3.0,3,,,,,,,,
,,,,,11838,3.0,3,,,,,,,,
,,,,,11841,3.0,3,,,,,,,,
,,,,,11844,3.0,3,,,,,,,,
,,,,,11847,3.0,3,,,,,,,,
,,,,,11850,3.0,3,,,,,,,,
,,,,,11853,3.0,3,,,,,,,,
,,,,,11856,3.0,3,,,,,,,,
,,,,,11859,3.0,3,,,,,,,,
,,,,,11862,3.0,3,,,,,,,,
,,,,,11865,3.0,3,,,,,,,,
,,,,,11868,3.0,3,,,,,,,,
,,,,,11871,3.0,3,,,,,,,,
,,,,,11874,3.0,3,,,,,,,,
,,,,,11877,3.0,3,,,,,,,,
,,,,,11880,3.0,3,,,,,,,,
,,,,,11883,3.0,3,,,,,,,,
,,,,,11886,3.0,3,,,,,,,,
,,,,,11889,3.0,3,,,,,,,,
,,,,,11892,3.0,3,,,,,,,,
,,,,,11895,3.0,3,,,,,,,,
,,,,,11898,3.0,3,,,,,,,,
,,,,,11901,3.0,3,,,,,,,,
,,,,,11904,3.0,3,,,,,,,,
,,,,,11907,3.0,3,,,,,,,,
,,,,,11910,3.0,3,,,,,,,,
,,,,,11913,3.0,3,,,,,,,,
,,,,,11916,3.0,3,,,,,,,,
,,,,,11919,3.0,3,,,,,,,,
,,,,,11922,3.0,3,,,,,,,,
,,,,,11925,3.0,3,,,,,,,,
,,,,,11928,3.0,3,,,,,,,,
,,,,,11931,3.0,3,,,,,,,,
,,,,,11934,3.0,3,,,,,,,,
,,,,,11937,3.0,3,,,,,,,,
,,,,,11940,3.0,3,,,,,,,,
,,,,,11943,3.0,3,,,,,,,,
,,,,,11946,3.0,3,,,,,,,,
,,,,,11949,3.0,3,,,,,,,,
,,,,,11952,3.0,3,,,,,,,,
,,,,,11955,3.0,3,,,,,,,,
,,,,,11958,3.0,3,,,,,,,,
,,,,,11961,3.0,3,,,,,,,,
,,,,,11964,3.0,3,,,,,,,,
,,,,,11967,3.0,3,,,,,,,,
,,,,,11970,3.0,3,,,,,,,,
,,,,,11973,3.0,3,,,,,,,,
,,,,,11976,3.0,3,,,,,,,,
,,,,,11979,3.0,3,,,,,,,,
,,,,,11982,3.0,3,,,,,,,,
,,,,,11985,3.0,3,,,,,,,,
,,,,,11988,3.0,3,,,,,,,,
,,,,,11991,3.0,3,,,,,,,,
,,,,,11994,3.0,3,,,,,,,,
,,,,,11997,3.0,3,,,,,,,,
,,,,,12000,3.0,3,,,,,,,,
,,,,,12000,,,-0.3753344416618347,-3.7533442974090576,0.06773357838392258,1.6412720680236816,1.6650731563568115,0.0003,0.0003,0.1
,,,,,12003,3.0,3,,,,,,,,
,,,,,12006,3.0,3,,,,,,,,
,,,,,12009,3.0,3,,,,,,,,
,,,,,12012,3.0,3,,,,,,,,
,,,,,12015,3.0,3,,,,,,,,
,,,,,12018,3.0,3,,,,,,,,
,,,,,12021,3.0,3,,,,,,,,
,,,,,12024,3.0,3,,,,,,,,
,,,,,12027,3.0,3,,,,,,,,
,,,,,12030,3.0,3,,,,,,,,
,,,,,12033,3.0,3,,,,,,,,
,,,,,12036,3.0,3,,,,,,,,
,,,,,12039,3.0,3,,,,,,,,
,,,,,12042,3.0,3,,,,,,,,
,,,,,12045,3.0,3,,,,,,,,
,,,,,12048,3.0,3,,,,,,,,
,,,,,12051,3.0,3,,,,,,,,
,,,,,12054,3.0,3,,,,,,,,
,,,,,12057,3.0,3,,,,,,,,
,,,,,12060,3.0,3,,,,,,,,
,,,,,12063,3.0,3,,,,,,,,
,,,,,12066,3.0,3,,,,,,,,
,,,,,12069,3.0,3,,,,,,,,
,,,,,12072,3.0,3,,,,,,,,
,,,,,12075,3.0,3,,,,,,,,
,,,,,12078,3.0,3,,,,,,,,
,,,,,12081,3.0,3,,,,,,,,
,,,,,12084,3.0,3,,,,,,,,
,,,,,12087,3.0,3,,,,,,,,
,,,,,12090,3.0,3,,,,,,,,
,,,,,12093,3.0,3,,,,,,,,
,,,,,12096,3.0,3,,,,,,,,
,,,,,12099,3.0,3,,,,,,,,
,,,,,12102,3.0,3,,,,,,,,
,,,,,12105,3.0,3,,,,,,,,
,,,,,12108,3.0,3,,,,,,,,
,,,,,12111,3.0,3,,,,,,,,
,,,,,12114,3.0,3,,,,,,,,
,,,,,12117,3.0,3,,,,,,,,
,,,,,12120,3.0,3,,,,,,,,
,,,,,12123,3.0,3,,,,,,,,
,,,,,12126,3.0,3,,,,,,,,
,,,,,12129,3.0,3,,,,,,,,
,,,,,12132,3.0,3,,,,,,,,
,,,,,12135,3.0,3,,,,,,,,
,,,,,12138,3.0,3,,,,,,,,
,,,,,12141,3.0,3,,,,,,,,
,,,,,12144,3.0,3,,,,,,,,
,,,,,12147,3.0,3,,,,,,,,
,,,,,12150,3.0,3,,,,,,,,
,,,,,12153,3.0,3,,,,,,,,
,,,,,12156,3.0,3,,,,,,,,
,,,,,12159,3.0,3,,,,,,,,
,,,,,12162,3.0,3,,,,,,,,
,,,,,12165,3.0,3,,,,,,,,
,,,,,12168,3.0,3,,,,,,,,
,,,,,12171,3.0,3,,,,,,,,
,,,,,12174,3.0,3,,,,,,,,
,,,,,12177,3.0,3,,,,,,,,
,,,,,12180,3.0,3,,,,,,,,
,,,,,12183,3.0,3,,,,,,,,
,,,,,12186,3.0,3,,,,,,,,
,,,,,12189,3.0,3,,,,,,,,
,,,,,12192,3.0,3,,,,,,,,
,,,,,12195,3.0,3,,,,,,,,
,,,,,12198,3.0,3,,,,,,,,
,,,,,12201,3.0,3,,,,,,,,
,,,,,12204,3.0,3,,,,,,,,
,,,,,12207,3.0,3,,,,,,,,
,,,,,12210,3.0,3,,,,,,,,
,,,,,12213,3.0,3,,,,,,,,
,,,,,12216,3.0,3,,,,,,,,
,,,,,12219,3.0,3,,,,,,,,
,,,,,12222,3.0,3,,,,,,,,
,,,,,12225,3.0,3,,,,,,,,
,,,,,12228,3.0,3,,,,,,,,
,,,,,12231,3.0,3,,,,,,,,
,,,,,12234,3.0,3,,,,,,,,
,,,,,12237,3.0,3,,,,,,,,
,,,,,12240,3.0,3,,,,,,,,
,,,,,12243,3.0,3,,,,,,,,
,,,,,12246,3.0,3,,,,,,,,
,,,,,12249,3.0,3,,,,,,,,
,,,,,12252,3.0,3,,,,,,,,
,,,,,12255,3.0,3,,,,,,,,
,,,,,12258,3.0,3,,,,,,,,
,,,,,12261,3.0,3,,,,,,,,
,,,,,12264,3.0,3,,,,,,,,
,,,,,12267,3.0,3,,,,,,,,
,,,,,12270,3.0,3,,,,,,,,
,,,,,12273,3.0,3,,,,,,,,
,,,,,12276,3.0,3,,,,,,,,
,,,,,12279,3.0,3,,,,,,,,
,,,,,12282,3.0,3,,,,,,,,
,,,,,12285,3.0,3,,,,,,,,
,,,,,12288,3.0,3,,,,,,,,
,,,,,12291,3.0,3,,,,,,,,
,,,,,12294,3.0,3,,,,,,,,
,,,,,12297,3.0,3,,,,,,,,
,,,,,12300,3.0,3,,,,,,,,
,,,,,12303,3.0,3,,,,,,,,
,,,,,12306,3.0,3,,,,,,,,
,,,,,12309,3.0,3,,,,,,,,
,,,,,12312,3.0,3,,,,,,,,
,,,,,12315,3.0,3,,,,,,,,
,,,,,12318,3.0,3,,,,,,,,
,,,,,12321,3.0,3,,,,,,,,
,,,,,12324,3.0,3,,,,,,,,
,,,,,12327,3.0,3,,,,,,,,
,,,,,12330,3.0,3,,,,,,,,
,,,,,12333,3.0,3,,,,,,,,
,,,,,12336,3.0,3,,,,,,,,
,,,,,12339,3.0,3,,,,,,,,
,,,,,12342,3.0,3,,,,,,,,
,,,,,12345,3.0,3,,,,,,,,
,,,,,12348,3.0,3,,,,,,,,
,,,,,12351,3.0,3,,,,,,,,
,,,,,12354,3.0,3,,,,,,,,
,,,,,12357,3.0,3,,,,,,,,
,,,,,12360,3.0,3,,,,,,,,
,,,,,12363,3.0,3,,,,,,,,
,,,,,12366,3.0,3,,,,,,,,
,,,,,12369,3.0,3,,,,,,,,
,,,,,12372,3.0,3,,,,,,,,
,,,,,12375,3.0,3,,,,,,,,
,,,,,12378,3.0,3,,,,,,,,
,,,,,12381,3.0,3,,,,,,,,
,,,,,12384,3.0,3,,,,,,,,
,,,,,12387,3.0,3,,,,,,,,
,,,,,12390,3.0,3,,,,,,,,
,,,,,12393,3.0,3,,,,,,,,
,,,,,12396,3.0,3,,,,,,,,
,,,,,12399,3.0,3,,,,,,,,
,,,,,12402,3.0,3,,,,,,,,
,,,,,12405,3.0,3,,,,,,,,
,,,,,12408,3.0,3,,,,,,,,
,,,,,12411,3.0,3,,,,,,,,
,,,,,12414,3.0,3,,,,,,,,
,,,,,12417,3.0,3,,,,,,,,
,,,,,12420,3.0,3,,,,,,,,
,,,,,12423,3.0,3,,,,,,,,
,,,,,12426,3.0,3,,,,,,,,
,,,,,12429,3.0,3,,,,,,,,
,,,,,12432,3.0,3,,,,,,,,
,,,,,12435,3.0,3,,,,,,,,
,,,,,12438,3.0,3,,,,,,,,
,,,,,12441,3.0,3,,,,,,,,
,,,,,12444,3.0,3,,,,,,,,
,,,,,12447,3.0,3,,,,,,,,
,,,,,12450,3.0,3,,,,,,,,
,,,,,12453,3.0,3,,,,,,,,
,,,,,12456,3.0,3,,,,,,,,
,,,,,12459,3.0,3,,,,,,,,
,,,,,12462,3.0,3,,,,,,,,
,,,,,12465,3.0,3,,,,,,,,
,,,,,12468,3.0,3,,,,,,,,
,,,,,12471,3.0,3,,,,,,,,
,,,,,12474,3.0,3,,,,,,,,
,,,,,12477,3.0,3,,,,,,,,
,,,,,12480,3.0,3,,,,,,,,
,,,,,12483,3.0,3,,,,,,,,
,,,,,12486,3.0,3,,,,,,,,
,,,,,12489,3.0,3,,,,,,,,
,,,,,12492,3.0,3,,,,,,,,
,,,,,12495,3.0,3,,,,,,,,
,,,,,12498,3.0,3,,,,,,,,
,,,,,12501,3.0,3,,,,,,,,
,,,,,12505,4.0,4,,,,,,,,
,,,,,12508,3.0,3,,,,,,,,
,,,,,12511,3.0,3,,,,,,,,
,,,,,12514,3.0,3,,,,,,,,
,,,,,12517,3.0,3,,,,,,,,
,,,,,12520,3.0,3,,,,,,,,
,,,,,12523,3.0,3,,,,,,,,
,,,,,12526,3.0,3,,,,,,,,
,,,,,12529,3.0,3,,,,,,,,
,,,,,12532,3.0,3,,,,,,,,
,,,,,12535,3.0,3,,,,,,,,
,,,,,12538,3.0,3,,,,,,,,
,,,,,12541,3.0,3,,,,,,,,
,,,,,12544,3.0,3,,,,,,,,
,,,,,12547,3.0,3,,,,,,,,
,,,,,12550,3.0,3,,,,,,,,
,,,,,12553,3.0,3,,,,,,,,
,,,,,12556,3.0,3,,,,,,,,
,,,,,12559,3.0,3,,,,,,,,
,,,,,12562,3.0,3,,,,,,,,
,,,,,12565,3.0,3,,,,,,,,
,,,,,12568,3.0,3,,,,,,,,
,,,,,12571,3.0,3,,,,,,,,
,,,,,12574,3.0,3,,,,,,,,
,,,,,12577,3.0,3,,,,,,,,
,,,,,12581,4.0,4,,,,,,,,
,,,,,12584,3.0,3,,,,,,,,
,,,,,12587,3.0,3,,,,,,,,
,,,,,12590,3.0,3,,,,,,,,
,,,,,12593,3.0,3,,,,,,,,
,,,,,12596,3.0,3,,,,,,,,
,,,,,12599,3.0,3,,,,,,,,
,,,,,12602,3.0,3,,,,,,,,
,,,,,12605,3.0,3,,,,,,,,
,,,,,12608,3.0,3,,,,,,,,
,,,,,12611,3.0,3,,,,,,,,
,,,,,12614,3.0,3,,,,,,,,
,,,,,12617,3.0,3,,,,,,,,
,,,,,12620,3.0,3,,,,,,,,
,,,,,12623,3.0,3,,,,,,,,
,,,,,12627,4.0,4,,,,,,,,
,,,,,12630,3.0,3,,,,,,,,
,,,,,12633,3.0,3,,,,,,,,
,,,,,12636,3.0,3,,,,,,,,
,,,,,12639,3.0,3,,,,,,,,
,,,,,12643,4.0,4,,,,,,,,
,,,,,12646,3.0,3,,,,,,,,
,,,,,12650,4.0,4,,,,,,,,
,,,,,12653,3.0,3,,,,,,,,
,,,,,12657,4.0,4,,,,,,,,
,,,,,12660,3.0,3,,,,,,,,
,,,,,12663,3.0,3,,,,,,,,
,,,,,12666,3.0,3,,,,,,,,
,,,,,12669,3.0,3,,,,,,,,
,,,,,12672,3.0,3,,,,,,,,
,,,,,12675,3.0,3,,,,,,,,
,,,,,12678,3.0,3,,,,,,,,
,,,,,12682,4.0,4,,,,,,,,
,,,,,12685,3.0,3,,,,,,,,
,,,,,12688,3.0,3,,,,,,,,
,,,,,12692,4.0,4,,,,,,,,
,,,,,12695,3.0,3,,,,,,,,
,,,,,12698,3.0,3,,,,,,,,
,,,,,12701,3.0,3,,,,,,,,
,,,,,12704,3.0,3,,,,,,,,
,,,,,12707,3.0,3,,,,,,,,
,,,,,12710,3.0,3,,,,,,,,
,,,,,12713,3.0,3,,,,,,,,
,,,,,12716,3.0,3,,,,,,,,
,,,,,12719,3.0,3,,,,,,,,
,,,,,12722,3.0,3,,,,,,,,
,,,,,12725,3.0,3,,,,,,,,
,,,,,12728,3.0,3,,,,,,,,
,,,,,12731,3.0,3,,,,,,,,
,,,,,12734,3.0,3,,,,,,,,
,,,,,12737,3.0,3,,,,,,,,
,,,,,12740,3.0,3,,,,,,,,
,,,,,12743,3.0,3,,,,,,,,
,,,,,12746,3.0,3,,,,,,,,
,,,,,12749,3.0,3,,,,,,,,
,,,,,12752,3.0,3,,,,,,,,
,,,,,12756,4.0,4,,,,,,,,
,,,,,12759,3.0,3,,,,,,,,
,,,,,12762,3.0,3,,,,,,,,
,,,,,12765,3.0,3,,,,,,,,
,,,,,12768,3.0,3,,,,,,,,
,,,,,12771,3.0,3,,,,,,,,
,,,,,12774,3.0,3,,,,,,,,
,,,,,12777,3.0,3,,,,,,,,
,,,,,12780,3.0,3,,,,,,,,
,,,,,12783,3.0,3,,,,,,,,
,,,,,12786,3.0,3,,,,,,,,
,,,,,12789,3.0,3,,,,,,,,
,,,,,12792,3.0,3,,,,,,,,
,,,,,12795,3.0,3,,,,,,,,
,,,,,12798,3.0,3,,,,,,,,
,,,,,12801,3.0,3,,,,,,,,
,,,,,12804,3.0,3,,,,,,,,
,,,,,12807,3.0,3,,,,,,,,
,,,,,12810,3.0,3,,,,,,,,
,,,,,12813,3.0,3,,,,,,,,
,,,,,12816,3.0,3,,,,,,,,
,,,,,12819,3.0,3,,,,,,,,
,,,,,12822,3.0,3,,,,,,,,
,,,,,12825,3.0,3,,,,,,,,
,,,,,12828,3.0,3,,,,,,,,
,,,,,12832,4.0,4,,,,,,,,
,,,,,12835,3.0,3,,,,,,,,
,,,,,12838,3.0,3,,,,,,,,
,,,,,12841,3.0,3,,,,,,,,
,,,,,12844,3.0,3,,,,,,,,
,,,,,12847,3.0,3,,,,,,,,
,,,,,12850,3.0,3,,,,,,,,
,,,,,12854,4.0,4,,,,,,,,
,,,,,12857,3.0,3,,,,,,,,
,,,,,12860,3.0,3,,,,,,,,
,,,,,12863,3.0,3,,,,,,,,
,,,,,12866,3.0,3,,,,,,,,
,,,,,12869,3.0,3,,,,,,,,
,,,,,12873,4.0,4,,,,,,,,
,,,,,12876,3.0,3,,,,,,,,
,,,,,12879,3.0,3,,,,,,,,
,,,,,12882,3.0,3,,,,,,,,
,,,,,12885,3.0,3,,,,,,,,
,,,,,12888,3.0,3,,,,,,,,
,,,,,12891,3.0,3,,,,,,,,
,,,,,12894,3.0,3,,,,,,,,
,,,,,12897,3.0,3,,,,,,,,
,,,,,12900,3.0,3,,,,,,,,
,,,,,12903,3.0,3,,,,,,,,
,,,,,12906,3.0,3,,,,,,,,
,,,,,12909,3.0,3,,,,,,,,
,,,,,12912,3.0,3,,,,,,,,
,,,,,12916,4.0,4,,,,,,,,
,,,,,12919,3.0,3,,,,,,,,
,,,,,12922,3.0,3,,,,,,,,
,,,,,12925,3.0,3,,,,,,,,
,,,,,12928,3.0,3,,,,,,,,
,,,,,12931,3.0,3,,,,,,,,
,,,,,12934,3.0,3,,,,,,,,
,,,,,12937,3.0,3,,,,,,,,
,,,,,12940,3.0,3,,,,,,,,
,,,,,12944,4.0,4,,,,,,,,
,,,,,12947,3.0,3,,,,,,,,
,,,,,12950,3.0,3,,,,,,,,
,,,,,12954,4.0,4,,,,,,,,
,,,,,12957,3.0,3,,,,,,,,
,,,,,12960,3.0,3,,,,,,,,
,,,,,12963,3.0,3,,,,,,,,
,,,,,12966,3.0,3,,,,,,,,
,,,,,12969,3.0,3,,,,,,,,
,,,,,12972,3.0,3,,,,,,,,
,,,,,12975,3.0,3,,,,,,,,
,,,,,12978,3.0,3,,,,,,,,
,,,,,12981,3.0,3,,,,,,,,
,,,,,12984,3.0,3,,,,,,,,
,,,,,12987,3.0,3,,,,,,,,
,,,,,12990,3.0,3,,,,,,,,
,,,,,12993,3.0,3,,,,,,,,
,,,,,12996,3.0,3,,,,,,,,
,,,,,12999,3.0,3,,,,,,,,
,,,,,13000,,,-0.4531339704990387,-4.531339645385742,0.03104100003838539,1.5671361684799194,1.560875654220581,0.0003,0.0003,0.1
,,,,,13002,3.0,3,,,,,,,,
,,,,,13005,3.0,3,,,,,,,,
,,,,,13008,3.0,3,,,,,,,,
,,,,,13011,3.0,3,,,,,,,,
,,,,,13014,3.0,3,,,,,,,,
,,,,,13017,3.0,3,,,,,,,,
,,,,,13020,3.0,3,,,,,,,,
,,,,,13023,3.0,3,,,,,,,,
,,,,,13026,3.0,3,,,,,,,,
,,,,,13029,3.0,3,,,,,,,,
,,,,,13032,3.0,3,,,,,,,,
,,,,,13035,3.0,3,,,,,,,,
,,,,,13038,3.0,3,,,,,,,,
,,,,,13042,4.0,4,,,,,,,,
,,,,,13045,3.0,3,,,,,,,,
,,,,,13048,3.0,3,,,,,,,,
,,,,,13051,3.0,3,,,,,,,,
,,,,,13054,3.0,3,,,,,,,,
,,,,,13057,3.0,3,,,,,,,,
,,,,,13060,3.0,3,,,,,,,,
,,,,,13063,3.0,3,,,,,,,,
,,,,,13066,3.0,3,,,,,,,,
,,,,,13069,3.0,3,,,,,,,,
,,,,,13072,3.0,3,,,,,,,,
,,,,,13075,3.0,3,,,,,,,,
,,,,,13078,3.0,3,,,,,,,,
,,,,,13081,3.0,3,,,,,,,,
,,,,,13084,3.0,3,,,,,,,,
,,,,,13087,3.0,3,,,,,,,,
,,,,,13090,3.0,3,,,,,,,,
,,,,,13093,3.0,3,,,,,,,,
,,,,,13096,3.0,3,,,,,,,,
,,,,,13099,3.0,3,,,,,,,,
,,,,,13102,3.0,3,,,,,,,,
,,,,,13105,3.0,3,,,,,,,,
,,,,,13108,3.0,3,,,,,,,,
,,,,,13111,3.0,3,,,,,,,,
,,,,,13114,3.0,3,,,,,,,,
,,,,,13117,3.0,3,,,,,,,,
,,,,,13120,3.0,3,,,,,,,,
,,,,,13123,3.0,3,,,,,,,,
,,,,,13126,3.0,3,,,,,,,,
,,,,,13129,3.0,3,,,,,,,,
,,,,,13132,3.0,3,,,,,,,,
,,,,,13135,3.0,3,,,,,,,,
,,,,,13139,4.0,4,,,,,,,,
,,,,,13142,3.0,3,,,,,,,,
,,,,,13145,3.0,3,,,,,,,,
,,,,,13148,3.0,3,,,,,,,,
,,,,,13151,3.0,3,,,,,,,,
,,,,,13154,3.0,3,,,,,,,,
,,,,,13157,3.0,3,,,,,,,,
,,,,,13160,3.0,3,,,,,,,,
,,,,,13163,3.0,3,,,,,,,,
,,,,,13166,3.0,3,,,,,,,,
,,,,,13169,3.0,3,,,,,,,,
,,,,,13172,3.0,3,,,,,,,,
,,,,,13175,3.0,3,,,,,,,,
,,,,,13178,3.0,3,,,,,,,,
,,,,,13181,3.0,3,,,,,,,,
,,,,,13184,3.0,3,,,,,,,,
,,,,,13187,3.0,3,,,,,,,,
,,,,,13190,3.0,3,,,,,,,,
,,,,,13193,3.0,3,,,,,,,,
,,,,,13196,3.0,3,,,,,,,,
,,,,,13200,4.0,4,,,,,,,,
,,,,,13203,3.0,3,,,,,,,,
,,,,,13206,3.0,3,,,,,,,,
,,,,,13209,3.0,3,,,,,,,,
,,,,,13212,3.0,3,,,,,,,,
,,,,,13215,3.0,3,,,,,,,,
,,,,,13218,3.0,3,,,,,,,,
,,,,,13221,3.0,3,,,,,,,,
,,,,,13224,3.0,3,,,,,,,,
,,,,,13227,3.0,3,,,,,,,,
,,,,,13230,3.0,3,,,,,,,,
,,,,,13233,3.0,3,,,,,,,,
,,,,,13236,3.0,3,,,,,,,,
,,,,,13239,3.0,3,,,,,,,,
,,,,,13242,3.0,3,,,,,,,,
,,,,,13245,3.0,3,,,,,,,,
,,,,,13248,3.0,3,,,,,,,,
,,,,,13251,3.0,3,,,,,,,,
,,,,,13254,3.0,3,,,,,,,,
,,,,,13257,3.0,3,,,,,,,,
,,,,,13260,3.0,3,,,,,,,,
,,,,,13263,3.0,3,,,,,,,,
,,,,,13266,3.0,3,,,,,,,,
,,,,,13269,3.0,3,,,,,,,,
,,,,,13272,3.0,3,,,,,,,,
,,,,,13275,3.0,3,,,,,,,,
,,,,,13278,3.0,3,,,,,,,,
,,,,,13281,3.0,3,,,,,,,,
,,,,,13284,3.0,3,,,,,,,,
,,,,,13287,3.0,3,,,,,,,,
,,,,,13290,3.0,3,,,,,,,,
,,,,,13293,3.0,3,,,,,,,,
,,,,,13296,3.0,3,,,,,,,,
,,,,,13299,3.0,3,,,,,,,,
,,,,,13302,3.0,3,,,,,,,,
,,,,,13305,3.0,3,,,,,,,,
,,,,,13308,3.0,3,,,,,,,,
,,,,,13311,3.0,3,,,,,,,,
,,,,,13314,3.0,3,,,,,,,,
,,,,,13317,3.0,3,,,,,,,,
,,,,,13320,3.0,3,,,,,,,,
,,,,,13323,3.0,3,,,,,,,,
,,,,,13326,3.0,3,,,,,,,,
,,,,,13329,3.0,3,,,,,,,,
,,,,,13332,3.0,3,,,,,,,,
,,,,,13335,3.0,3,,,,,,,,
,,,,,13338,3.0,3,,,,,,,,
,,,,,13341,3.0,3,,,,,,,,
,,,,,13344,3.0,3,,,,,,,,
,,,,,13347,3.0,3,,,,,,,,
,,,,,13350,3.0,3,,,,,,,,
,,,,,13353,3.0,3,,,,,,,,
,,,,,13356,3.0,3,,,,,,,,
,,,,,13359,3.0,3,,,,,,,,
,,,,,13362,3.0,3,,,,,,,,
,,,,,13365,3.0,3,,,,,,,,
,,,,,13368,3.0,3,,,,,,,,
,,,,,13371,3.0,3,,,,,,,,
,,,,,13374,3.0,3,,,,,,,,
,,,,,13377,3.0,3,,,,,,,,
,,,,,13380,3.0,3,,,,,,,,
,,,,,13383,3.0,3,,,,,,,,
,,,,,13386,3.0,3,,,,,,,,
,,,,,13389,3.0,3,,,,,,,,
,,,,,13392,3.0,3,,,,,,,,
,,,,,13395,3.0,3,,,,,,,,
,,,,,13398,3.0,3,,,,,,,,
,,,,,13401,3.0,3,,,,,,,,
,,,,,13404,3.0,3,,,,,,,,
,,,,,13407,3.0,3,,,,,,,,
,,,,,13410,3.0,3,,,,,,,,
,,,,,13413,3.0,3,,,,,,,,
,,,,,13416,3.0,3,,,,,,,,
,,,,,13419,3.0,3,,,,,,,,
,,,,,13422,3.0,3,,,,,,,,
,,,,,13425,3.0,3,,,,,,,,
,,,,,13428,3.0,3,,,,,,,,
,,,,,13431,3.0,3,,,,,,,,
,,,,,13434,3.0,3,,,,,,,,
,,,,,13437,3.0,3,,,,,,,,
,,,,,13440,3.0,3,,,,,,,,
,,,,,13444,4.0,4,,,,,,,,
,,,,,13447,3.0,3,,,,,,,,
,,,,,13450,3.0,3,,,,,,,,
,,,,,13453,3.0,3,,,,,,,,
,,,,,13456,3.0,3,,,,,,,,
,,,,,13459,3.0,3,,,,,,,,
,,,,,13462,3.0,3,,,,,,,,
,,,,,13465,3.0,3,,,,,,,,
,,,,,13468,3.0,3,,,,,,,,
,,,,,13471,3.0,3,,,,,,,,
,,,,,13474,3.0,3,,,,,,,,
,,,,,13477,3.0,3,,,,,,,,
,,,,,13480,3.0,3,,,,,,,,
,,,,,13483,3.0,3,,,,,,,,
,,,,,13486,3.0,3,,,,,,,,
,,,,,13489,3.0,3,,,,,,,,
,,,,,13492,3.0,3,,,,,,,,
,,,,,13495,3.0,3,,,,,,,,
,,,,,13498,3.0,3,,,,,,,,
,,,,,13501,3.0,3,,,,,,,,
,,,,,13504,3.0,3,,,,,,,,
,,,,,13507,3.0,3,,,,,,,,
,,,,,13510,3.0,3,,,,,,,,
,,,,,13513,3.0,3,,,,,,,,
,,,,,13516,3.0,3,,,,,,,,
,,,,,13519,3.0,3,,,,,,,,
,,,,,13522,3.0,3,,,,,,,,
,,,,,13525,3.0,3,,,,,,,,
,,,,,13528,3.0,3,,,,,,,,
,,,,,13531,3.0,3,,,,,,,,
,,,,,13534,3.0,3,,,,,,,,
,,,,,13537,3.0,3,,,,,,,,
,,,,,13540,3.0,3,,,,,,,,
,,,,,13543,3.0,3,,,,,,,,
,,,,,13546,3.0,3,,,,,,,,
,,,,,13549,3.0,3,,,,,,,,
,,,,,13552,3.0,3,,,,,,,,
,,,,,13555,3.0,3,,,,,,,,
,,,,,13558,3.0,3,,,,,,,,
,,,,,13561,3.0,3,,,,,,,,
,,,,,13564,3.0,3,,,,,,,,
,,,,,13567,3.0,3,,,,,,,,
,,,,,13570,3.0,3,,,,,,,,
,,,,,13573,3.0,3,,,,,,,,
,,,,,13576,3.0,3,,,,,,,,
,,,,,13579,3.0,3,,,,,,,,
,,,,,13582,3.0,3,,,,,,,,
,,,,,13585,3.0,3,,,,,,,,
,,,,,13588,3.0,3,,,,,,,,
,,,,,13591,3.0,3,,,,,,,,
,,,,,13594,3.0,3,,,,,,,,
,,,,,13598,4.0,4,,,,,,,,
,,,,,13601,3.0,3,,,,,,,,
,,,,,13604,3.0,3,,,,,,,,
,,,,,13607,3.0,3,,,,,,,,
,,,,,13610,3.0,3,,,,,,,,
,,,,,13613,3.0,3,,,,,,,,
,,,,,13616,3.0,3,,,,,,,,
,,,,,13619,3.0,3,,,,,,,,
,,,,,13622,3.0,3,,,,,,,,
,,,,,13625,3.0,3,,,,,,,,
,,,,,13628,3.0,3,,,,,,,,
,,,,,13631,3.0,3,,,,,,,,
,,,,,13634,3.0,3,,,,,,,,
,,,,,13637,3.0,3,,,,,,,,
,,,,,13640,3.0,3,,,,,,,,
,,,,,13643,3.0,3,,,,,,,,
,,,,,13646,3.0,3,,,,,,,,
,,,,,13649,3.0,3,,,,,,,,
,,,,,13652,3.0,3,,,,,,,,
,,,,,13655,3.0,3,,,,,,,,
,,,,,13658,3.0,3,,,,,,,,
,,,,,13661,3.0,3,,,,,,,,
,,,,,13664,3.0,3,,,,,,,,
,,,,,13667,3.0,3,,,,,,,,
,,,,,13670,3.0,3,,,,,,,,
,,,,,13673,3.0,3,,,,,,,,
,,,,,13676,3.0,3,,,,,,,,
,,,,,13679,3.0,3,,,,,,,,
,,,,,13682,3.0,3,,,,,,,,
,,,,,13685,3.0,3,,,,,,,,
,,,,,13688,3.0,3,,,,,,,,
,,,,,13691,3.0,3,,,,,,,,
,,,,,13694,3.0,3,,,,,,,,
,,,,,13697,3.0,3,,,,,,,,
,,,,,13700,3.0,3,,,,,,,,
,,,,,13703,3.0,3,,,,,,,,
,,,,,13706,3.0,3,,,,,,,,
,,,,,13709,3.0,3,,,,,,,,
,,,,,13712,3.0,3,,,,,,,,
,,,,,13715,3.0,3,,,,,,,,
,,,,,13718,3.0,3,,,,,,,,
,,,,,13721,3.0,3,,,,,,,,
,,,,,13724,3.0,3,,,,,,,,
,,,,,13727,3.0,3,,,,,,,,
,,,,,13730,3.0,3,,,,,,,,
,,,,,13733,3.0,3,,,,,,,,
,,,,,13736,3.0,3,,,,,,,,
,,,,,13741,5.0,5,,,,,,,,
,,,,,13744,3.0,3,,,,,,,,
,,,,,13747,3.0,3,,,,,,,,
,,,,,13750,3.0,3,,,,,,,,
,,,,,13753,3.0,3,,,,,,,,
,,,,,13756,3.0,3,,,,,,,,
,,,,,13759,3.0,3,,,,,,,,
,,,,,13762,3.0,3,,,,,,,,
,,,,,13765,3.0,3,,,,,,,,
,,,,,13768,3.0,3,,,,,,,,
,,,,,13771,3.0,3,,,,,,,,
,,,,,13774,3.0,3,,,,,,,,
,,,,,13777,3.0,3,,,,,,,,
,,,,,13780,3.0,3,,,,,,,,
,,,,,13783,3.0,3,,,,,,,,
,,,,,13786,3.0,3,,,,,,,,
,,,,,13790,4.0,4,,,,,,,,
,,,,,13793,3.0,3,,,,,,,,
,,,,,13796,3.0,3,,,,,,,,
,,,,,13799,3.0,3,,,,,,,,
,,,,,13802,3.0,3,,,,,,,,
,,,,,13805,3.0,3,,,,,,,,
,,,,,13808,3.0,3,,,,,,,,
,,,,,13811,3.0,3,,,,,,,,
,,,,,13814,3.0,3,,,,,,,,
,,,,,13817,3.0,3,,,,,,,,
,,,,,13820,3.0,3,,,,,,,,
,,,,,13823,3.0,3,,,,,,,,
,,,,,13826,3.0,3,,,,,,,,
,,,,,13829,3.0,3,,,,,,,,
,,,,,13832,3.0,3,,,,,,,,
,,,,,13835,3.0,3,,,,,,,,
,,,,,13838,3.0,3,,,,,,,,
,,,,,13841,3.0,3,,,,,,,,
,,,,,13844,3.0,3,,,,,,,,
,,,,,13847,3.0,3,,,,,,,,
,,,,,13850,3.0,3,,,,,,,,
,,,,,13853,3.0,3,,,,,,,,
,,,,,13856,3.0,3,,,,,,,,
,,,,,13859,3.0,3,,,,,,,,
,,,,,13862,3.0,3,,,,,,,,
,,,,,13865,3.0,3,,,,,,,,
,,,,,13868,3.0,3,,,,,,,,
,,,,,13871,3.0,3,,,,,,,,
,,,,,13874,3.0,3,,,,,,,,
,,,,,13877,3.0,3,,,,,,,,
,,,,,13880,3.0,3,,,,,,,,
,,,,,13883,3.0,3,,,,,,,,
,,,,,13886,3.0,3,,,,,,,,
,,,,,13889,3.0,3,,,,,,,,
,,,,,13892,3.0,3,,,,,,,,
,,,,,13895,3.0,3,,,,,,,,
,,,,,13898,3.0,3,,,,,,,,
,,,,,13901,3.0,3,,,,,,,,
,,,,,13904,3.0,3,,,,,,,,
,,,,,13907,3.0,3,,,,,,,,
,,,,,13910,3.0,3,,,,,,,,
,,,,,13913,3.0,3,,,,,,,,
,,,,,13916,3.0,3,,,,,,,,
,,,,,13919,3.0,3,,,,,,,,
,,,,,13922,3.0,3,,,,,,,,
,,,,,13925,3.0,3,,,,,,,,
,,,,,13928,3.0,3,,,,,,,,
,,,,,13931,3.0,3,,,,,,,,
,,,,,13934,3.0,3,,,,,,,,
,,,,,13937,3.0,3,,,,,,,,
,,,,,13940,3.0,3,,,,,,,,
,,,,,13943,3.0,3,,,,,,,,
,,,,,13946,3.0,3,,,,,,,,
,,,,,13949,3.0,3,,,,,,,,
,,,,,13952,3.0,3,,,,,,,,
,,,,,13958,6.0,6,,,,,,,,
,,,,,13961,3.0,3,,,,,,,,
,,,,,13965,4.0,4,,,,,,,,
,,,,,13968,3.0,3,,,,,,,,
,,,,,13971,3.0,3,,,,,,,,
,,,,,13974,3.0,3,,,,,,,,
,,,,,13977,3.0,3,,,,,,,,
,,,,,13980,3.0,3,,,,,,,,
,,,,,13983,3.0,3,,,,,,,,
,,,,,13986,3.0,3,,,,,,,,
,,,,,13989,3.0,3,,,,,,,,
,,,,,13992,3.0,3,,,,,,,,
,,,,,13995,3.0,3,,,,,,,,
,,,,,13998,3.0,3,,,,,,,,
,,,,,14000,,,-0.15472948551177979,-1.5472948551177979,0.09370145201683044,2.166269302368164,2.1759092807769775,0.0003,0.0003,0.1
,,,,,14001,3.0,3,,,,,,,,
,,,,,14004,3.0,3,,,,,,,,
,,,,,14007,3.0,3,,,,,,,,
,,,,,14010,3.0,3,,,,,,,,
,,,,,14013,3.0,3,,,,,,,,
,,,,,14016,3.0,3,,,,,,,,
,,,,,14019,3.0,3,,,,,,,,
,,,,,14022,3.0,3,,,,,,,,
,,,,,14025,3.0,3,,,,,,,,
,,,,,14028,3.0,3,,,,,,,,
,,,,,14032,4.0,4,,,,,,,,
,,,,,14035,3.0,3,,,,,,,,
,,,,,14038,3.0,3,,,,,,,,
,,,,,14041,3.0,3,,,,,,,,
,,,,,14044,3.0,3,,,,,,,,
,,,,,14047,3.0,3,,,,,,,,
,,,,,14050,3.0,3,,,,,,,,
,,,,,14053,3.0,3,,,,,,,,
,,,,,14056,3.0,3,,,,,,,,
,,,,,14060,4.0,4,,,,,,,,
,,,,,14063,3.0,3,,,,,,,,
,,,,,14066,3.0,3,,,,,,,,
,,,,,14069,3.0,3,,,,,,,,
,,,,,14074,5.0,5,,,,,,,,
,,,,,14077,3.0,3,,,,,,,,
,,,,,14080,3.0,3,,,,,,,,
,,,,,14083,3.0,3,,,,,,,,
,,,,,14086,3.0,3,,,,,,,,
,,,,,14089,3.0,3,,,,,,,,
,,,,,14092,3.0,3,,,,,,,,
,,,,,14095,3.0,3,,,,,,,,
,,,,,14098,3.0,3,,,,,,,,
,,,,,14101,3.0,3,,,,,,,,
,,,,,14104,3.0,3,,,,,,,,
,,,,,14107,3.0,3,,,,,,,,
,,,,,14110,3.0,3,,,,,,,,
,,,,,14113,3.0,3,,,,,,,,
,,,,,14116,3.0,3,,,,,,,,
,,,,,14119,3.0,3,,,,,,,,
,,,,,14122,3.0,3,,,,,,,,
,,,,,14125,3.0,3,,,,,,,,
,,,,,14128,3.0,3,,,,,,,,
,,,,,14131,3.0,3,,,,,,,,
,,,,,14134,3.0,3,,,,,,,,
,,,,,14137,3.0,3,,,,,,,,
,,,,,14140,3.0,3,,,,,,,,
,,,,,14143,3.0,3,,,,,,,,
,,,,,14146,3.0,3,,,,,,,,
,,,,,14149,3.0,3,,,,,,,,
,,,,,14152,3.0,3,,,,,,,,
,,,,,14155,3.0,3,,,,,,,,
,,,,,14158,3.0,3,,,,,,,,
,,,,,14162,4.0,4,,,,,,,,
,,,,,14165,3.0,3,,,,,,,,
,,,,,14168,3.0,3,,,,,,,,
,,,,,14172,4.0,4,,,,,,,,
,,,,,14175,3.0,3,,,,,,,,
,,,,,14178,3.0,3,,,,,,,,
,,,,,14181,3.0,3,,,,,,,,
,,,,,14184,3.0,3,,,,,,,,
,,,,,14187,3.0,3,,,,,,,,
,,,,,14190,3.0,3,,,,,,,,
,,,,,14193,3.0,3,,,,,,,,
,,,,,14196,3.0,3,,,,,,,,
,,,,,14199,3.0,3,,,,,,,,
,,,,,14202,3.0,3,,,,,,,,
,,,,,14205,3.0,3,,,,,,,,
,,,,,14208,3.0,3,,,,,,,,
,,,,,14211,3.0,3,,,,,,,,
,,,,,14214,3.0,3,,,,,,,,
,,,,,14217,3.0,3,,,,,,,,
,,,,,14220,3.0,3,,,,,,,,
,,,,,14223,3.0,3,,,,,,,,
,,,,,14226,3.0,3,,,,,,,,
,,,,,14229,3.0,3,,,,,,,,
,,,,,14232,3.0,3,,,,,,,,
,,,,,14235,3.0,3,,,,,,,,
,,,,,14238,3.0,3,,,,,,,,
,,,,,14241,3.0,3,,,,,,,,
,,,,,14244,3.0,3,,,,,,,,
,,,,,14247,3.0,3,,,,,,,,
,,,,,14250,3.0,3,,,,,,,,
,,,,,14253,3.0,3,,,,,,,,
,,,,,14257,4.0,4,,,,,,,,
,,,,,14260,3.0,3,,,,,,,,
,,,,,14263,3.0,3,,,,,,,,
,,,,,14266,3.0,3,,,,,,,,
,,,,,14269,3.0,3,,,,,,,,
,,,,,14272,3.0,3,,,,,,,,
,,,,,14276,4.0,4,,,,,,,,
,,,,,14279,3.0,3,,,,,,,,
,,,,,14283,4.0,4,,,,,,,,
,,,,,14286,3.0,3,,,,,,,,
,,,,,14289,3.0,3,,,,,,,,
,,,,,14292,3.0,3,,,,,,,,
,,,,,14296,4.0,4,,,,,,,,
,,,,,14299,3.0,3,,,,,,,,
,,,,,14304,5.0,5,,,,,,,,
,,,,,14307,3.0,3,,,,,,,,
,,,,,14310,3.0,3,,,,,,,,
,,,,,14313,3.0,3,,,,,,,,
,,,,,14316,3.0,3,,,,,,,,
,,,,,14319,3.0,3,,,,,,,,
,,,,,14322,3.0,3,,,,,,,,
,,,,,14325,3.0,3,,,,,,,,
,,,,,14328,3.0,3,,,,,,,,
,,,,,14331,3.0,3,,,,,,,,
,,,,,14334,3.0,3,,,,,,,,
,,,,,14340,6.0,6,,,,,,,,
,,,,,14343,3.0,3,,,,,,,,
,,,,,14346,3.0,3,,,,,,,,
,,,,,14349,3.0,3,,,,,,,,
,,,,,14352,3.0,3,,,,,,,,
,,,,,14355,3.0,3,,,,,,,,
,,,,,14358,3.0,3,,,,,,,,
,,,,,14361,3.0,3,,,,,,,,
,,,,,14364,3.0,3,,,,,,,,
,,,,,14368,4.0,4,,,,,,,,
,,,,,14371,3.0,3,,,,,,,,
,,,,,14374,3.0,3,,,,,,,,
,,,,,14377,3.0,3,,,,,,,,
,,,,,14380,3.0,3,,,,,,,,
,,,,,14383,3.0,3,,,,,,,,
,,,,,14386,3.0,3,,,,,,,,
,,,,,14389,3.0,3,,,,,,,,
,,,,,14392,3.0,3,,,,,,,,
,,,,,14395,3.0,3,,,,,,,,
,,,,,14398,3.0,3,,,,,,,,
,,,,,14401,3.0,3,,,,,,,,
,,,,,14404,3.0,3,,,,,,,,
,,,,,14407,3.0,3,,,,,,,,
,,,,,14410,3.0,3,,,,,,,,
,,,,,14413,3.0,3,,,,,,,,
,,,,,14416,3.0,3,,,,,,,,
,,,,,14419,3.0,3,,,,,,,,
,,,,,14422,3.0,3,,,,,,,,
,,,,,14425,3.0,3,,,,,,,,
,,,,,14428,3.0,3,,,,,,,,
,,,,,14431,3.0,3,,,,,,,,
,,,,,14434,3.0,3,,,,,,,,
,,,,,14437,3.0,3,,,,,,,,
,,,,,14440,3.0,3,,,,,,,,
,,,,,14443,3.0,3,,,,,,,,
,,,,,14446,3.0,3,,,,,,,,
,,,,,14449,3.0,3,,,,,,,,
,,,,,14452,3.0,3,,,,,,,,
,,,,,14455,3.0,3,,,,,,,,
,,,,,14458,3.0,3,,,,,,,,
,,,,,14463,5.0,5,,,,,,,,
,,,,,14466,3.0,3,,,,,,,,
,,,,,14469,3.0,3,,,,,,,,
,,,,,14473,4.0,4,,,,,,,,
,,,,,14476,3.0,3,,,,,,,,
,,,,,14479,3.0,3,,,,,,,,
,,,,,14482,3.0,3,,,,,,,,
,,,,,14485,3.0,3,,,,,,,,
,,,,,14488,3.0,3,,,,,,,,
,,,,,14491,3.0,3,,,,,,,,
,,,,,14494,3.0,3,,,,,,,,
,,,,,14497,3.0,3,,,,,,,,
,,,,,14500,3.0,3,,,,,,,,
,,,,,14503,3.0,3,,,,,,,,
,,,,,14506,3.0,3,,,,,,,,
,,,,,14509,3.0,3,,,,,,,,
,,,,,14512,3.0,3,,,,,,,,
,,,,,14515,3.0,3,,,,,,,,
,,,,,14518,3.0,3,,,,,,,,
,,,,,14521,3.0,3,,,,,,,,
,,,,,14524,3.0,3,,,,,,,,
,,,,,14528,4.0,4,,,,,,,,
,,,,,14531,3.0,3,,,,,,,,
,,,,,14534,3.0,3,,,,,,,,
,,,,,14537,3.0,3,,,,,,,,
,,,,,14541,4.0,4,,,,,,,,
,,,,,14544,3.0,3,,,,,,,,
,,,,,14548,4.0,4,,,,,,,,
,,,,,14551,3.0,3,,,,,,,,
,,,,,14554,3.0,3,,,,,,,,
,,,,,14557,3.0,3,,,,,,,,
,,,,,14562,5.0,5,,,,,,,,
,,,,,14565,3.0,3,,,,,,,,
,,,,,14568,3.0,3,,,,,,,,
,,,,,14571,3.0,3,,,,,,,,
,,,,,14574,3.0,3,,,,,,,,
,,,,,14577,3.0,3,,,,,,,,
,,,,,14580,3.0,3,,,,,,,,
,,,,,14584,4.0,4,,,,,,,,
,,,,,14588,4.0,4,,,,,,,,
,,,,,14591,3.0,3,,,,,,,,
,,,,,14594,3.0,3,,,,,,,,
,,,,,14597,3.0,3,,,,,,,,
,,,,,14600,3.0,3,,,,,,,,
,,,,,14603,3.0,3,,,,,,,,
,,,,,14606,3.0,3,,,,,,,,
,,,,,14609,3.0,3,,,,,,,,
,,,,,14613,4.0,4,,,,,,,,
,,,,,14616,3.0,3,,,,,,,,
,,,,,14620,4.0,4,,,,,,,,
,,,,,14623,3.0,3,,,,,,,,
,,,,,14626,3.0,3,,,,,,,,
,,,,,14629,3.0,3,,,,,,,,
,,,,,14632,3.0,3,,,,,,,,
,,,,,14636,4.0,4,,,,,,,,
,,,,,14639,3.0,3,,,,,,,,
,,,,,14642,3.0,3,,,,,,,,
,,,,,14647,5.0,5,,,,,,,,
,,,,,14650,3.0,3,,,,,,,,
,,,,,14653,3.0,3,,,,,,,,
,,,,,14657,4.0,4,,,,,,,,
,,,,,14660,3.0,3,,,,,,,,
,,,,,14663,3.0,3,,,,,,,,
,,,,,14666,3.0,3,,,,,,,,
,,,,,14669,3.0,3,,,,,,,,
,,,,,14672,3.0,3,,,,,,,,
,,,,,14675,3.0,3,,,,,,,,
,,,,,14678,3.0,3,,,,,,,,
,,,,,14682,4.0,4,,,,,,,,
,,,,,14685,3.0,3,,,,,,,,
,,,,,14689,4.0,4,,,,,,,,
,,,,,14692,3.0,3,,,,,,,,
,,,,,14695,3.0,3,,,,,,,,
,,,,,14698,3.0,3,,,,,,,,
,,,,,14701,3.0,3,,,,,,,,
,,,,,14704,3.0,3,,,,,,,,
,,,,,14707,3.0,3,,,,,,,,
,,,,,14711,4.0,4,,,,,,,,
,,,,,14714,3.0,3,,,,,,,,
,,,,,14717,3.0,3,,,,,,,,
,,,,,14720,3.0,3,,,,,,,,
,,,,,14723,3.0,3,,,,,,,,
,,,,,14726,3.0,3,,,,,,,,
,,,,,14729,3.0,3,,,,,,,,
,,,,,14732,3.0,3,,,,,,,,
,,,,,14735,3.0,3,,,,,,,,
,,,,,14738,3.0,3,,,,,,,,
,,,,,14741,3.0,3,,,,,,,,
,,,,,14744,3.0,3,,,,,,,,
,,,,,14747,3.0,3,,,,,,,,
,,,,,14750,3.0,3,,,,,,,,
,,,,,14753,3.0,3,,,,,,,,
,,,,,14756,3.0,3,,,,,,,,
,,,,,14761,5.0,5,,,,,,,,
,,,,,14765,4.0,4,,,,,,,,
,,,,,14768,3.0,3,,,,,,,,
,,,,,14771,3.0,3,,,,,,,,
,,,,,14774,3.0,3,,,,,,,,
,,,,,14779,5.0,5,,,,,,,,
,,,,,14783,4.0,4,,,,,,,,
,,,,,14786,3.0,3,,,,,,,,
,,,,,14789,3.0,3,,,,,,,,
,,,,,14792,3.0,3,,,,,,,,
,,,,,14795,3.0,3,,,,,,,,
,,,,,14798,3.0,3,,,,,,,,
,,,,,14801,3.0,3,,,,,,,,
,,,,,14804,3.0,3,,,,,,,,
,,,,,14807,3.0,3,,,,,,,,
,,,,,14811,4.0,4,,,,,,,,
,,,,,14814,3.0,3,,,,,,,,
,,,,,14817,3.0,3,,,,,,,,
,,,,,14821,4.0,4,,,,,,,,
,,,,,14824,3.0,3,,,,,,,,
,,,,,14827,3.0,3,,,,,,,,
,,,,,14831,4.0,4,,,,,,,,
,,,,,14834,3.0,3,,,,,,,,
,,,,,14837,3.0,3,,,,,,,,
,,,,,14840,3.0,3,,,,,,,,
,,,,,14844,4.0,4,,,,,,,,
,,,,,14847,3.0,3,,,,,,,,
,,,,,14850,3.0,3,,,,,,,,
,,,,,14853,3.0,3,,,,,,,,
,,,,,14856,3.0,3,,,,,,,,
,,,,,14859,3.0,3,,,,,,,,
,,,,,14862,3.0,3,,,,,,,,
,,,,,14865,3.0,3,,,,,,,,
,,,,,14868,3.0,3,,,,,,,,
,,,,,14872,4.0,4,,,,,,,,
,,,,,14875,3.0,3,,,,,,,,
,,,,,14878,3.0,3,,,,,,,,
,,,,,14881,3.0,3,,,,,,,,
,,,,,14884,3.0,3,,,,,,,,
,,,,,14887,3.0,3,,,,,,,,
,,,,,14890,3.0,3,,,,,,,,
,,,,,14893,3.0,3,,,,,,,,
,,,,,14896,3.0,3,,,,,,,,
,,,,,14899,3.0,3,,,,,,,,
,,,,,14902,3.0,3,,,,,,,,
,,,,,14905,3.0,3,,,,,,,,
,,,,,14909,4.0,4,,,,,,,,
,,,,,14913,4.0,4,,,,,,,,
,,,,,14916,3.0,3,,,,,,,,
,,,,,14919,3.0,3,,,,,,,,
,,,,,14922,3.0,3,,,,,,,,
,,,,,14925,3.0,3,,,,,,,,
,,,,,14928,3.0,3,,,,,,,,
,,,,,14931,3.0,3,,,,,,,,
,,,,,14937,6.0,6,,,,,,,,
,,,,,14940,3.0,3,,,,,,,,
,,,,,14943,3.0,3,,,,,,,,
,,,,,14946,3.0,3,,,,,,,,
,,,,,14949,3.0,3,,,,,,,,
,,,,,14952,3.0,3,,,,,,,,
,,,,,14955,3.0,3,,,,,,,,
,,,,,14958,3.0,3,,,,,,,,
,,,,,14961,3.0,3,,,,,,,,
,,,,,14964,3.0,3,,,,,,,,
,,,,,14967,3.0,3,,,,,,,,
,,,,,14970,3.0,3,,,,,,,,
,,,,,14973,3.0,3,,,,,,,,
,,,,,14976,3.0,3,,,,,,,,
,,,,,14981,5.0,5,,,,,,,,
,,,,,14985,4.0,4,,,,,,,,
,,,,,14988,3.0,3,,,,,,,,
,,,,,14991,3.0,3,,,,,,,,
,,,,,14994,3.0,3,,,,,,,,
,,,,,14997,3.0,3,,,,,,,,
,,,,,15000,3.0,3,,,,,,,,
3.5,1.2041595,7.0,3.0,3.5,15000,,,-0.0889163538813591,-0.8891635537147522,0.16199150681495667,2.538022041320801,2.6141324043273926,0.0003,0.0003,0.1
,,,,,15003,3.0,3,,,,,,,,
,,,,,15008,5.0,5,,,,,,,,
,,,,,15011,3.0,3,,,,,,,,
,,,,,15015,4.0,4,,,,,,,,
,,,,,15018,3.0,3,,,,,,,,
,,,,,15021,3.0,3,,,,,,,,
,,,,,15024,3.0,3,,,,,,,,
,,,,,15027,3.0,3,,,,,,,,
,,,,,15032,5.0,5,,,,,,,,
,,,,,15035,3.0,3,,,,,,,,
,,,,,15038,3.0,3,,,,,,,,
,,,,,15041,3.0,3,,,,,,,,
,,,,,15044,3.0,3,,,,,,,,
,,,,,15047,3.0,3,,,,,,,,
,,,,,15050,3.0,3,,,,,,,,
,,,,,15053,3.0,3,,,,,,,,
,,,,,15056,3.0,3,,,,,,,,
,,,,,15061,5.0,5,,,,,,,,
,,,,,15064,3.0,3,,,,,,,,
,,,,,15067,3.0,3,,,,,,,,
,,,,,15070,3.0,3,,,,,,,,
,,,,,15073,3.0,3,,,,,,,,
,,,,,15076,3.0,3,,,,,,,,
,,,,,15079,3.0,3,,,,,,,,
,,,,,15082,3.0,3,,,,,,,,
,,,,,15086,4.0,4,,,,,,,,
,,,,,15090,4.0,4,,,,,,,,
,,,,,15093,3.0,3,,,,,,,,
,,,,,15096,3.0,3,,,,,,,,
,,,,,15101,5.0,5,,,,,,,,
,,,,,15105,4.0,4,,,,,,,,
,,,,,15108,3.0,3,,,,,,,,
,,,,,15111,3.0,3,,,,,,,,
,,,,,15114,3.0,3,,,,,,,,
,,,,,15117,3.0,3,,,,,,,,
,,,,,15121,4.0,4,,,,,,,,
,,,,,15124,3.0,3,,,,,,,,
,,,,,15127,3.0,3,,,,,,,,
,,,,,15130,3.0,3,,,,,,,,
,,,,,15133,3.0,3,,,,,,,,
,,,,,15136,3.0,3,,,,,,,,
,,,,,15139,3.0,3,,,,,,,,
,,,,,15142,3.0,3,,,,,,,,
,,,,,15147,5.0,5,,,,,,,,
,,,,,15150,3.0,3,,,,,,,,
,,,,,15153,3.0,3,,,,,,,,
,,,,,15157,4.0,4,,,,,,,,
,,,,,15160,3.0,3,,,,,,,,
,,,,,15163,3.0,3,,,,,,,,
,,,,,15166,3.0,3,,,,,,,,
,,,,,15169,3.0,3,,,,,,,,
,,,,,15172,3.0,3,,,,,,,,
,,,,,15176,4.0,4,,,,,,,,
,,,,,15179,3.0,3,,,,,,,,
,,,,,15182,3.0,3,,,,,,,,
,,,,,15185,3.0,3,,,,,,,,
,,,,,15191,6.0,6,,,,,,,,
,,,,,15194,3.0,3,,,,,,,,
,,,,,15197,3.0,3,,,,,,,,
,,,,,15202,5.0,5,,,,,,,,
,,,,,15205,3.0,3,,,,,,,,
,,,,,15208,3.0,3,,,,,,,,
,,,,,15211,3.0,3,,,,,,,,
,,,,,15215,4.0,4,,,,,,,,
,,,,,15220,5.0,5,,,,,,,,
,,,,,15223,3.0,3,,,,,,,,
,,,,,15226,3.0,3,,,,,,,,
,,,,,15229,3.0,3,,,,,,,,
,,,,,15232,3.0,3,,,,,,,,
,,,,,15235,3.0,3,,,,,,,,
,,,,,15241,6.0,6,,,,,,,,
,,,,,15244,3.0,3,,,,,,,,
,,,,,15249,5.0,5,,,,,,,,
,,,,,15252,3.0,3,,,,,,,,
,,,,,15255,3.0,3,,,,,,,,
,,,,,15258,3.0,3,,,,,,,,
,,,,,15261,3.0,3,,,,,,,,
,,,,,15264,3.0,3,,,,,,,,
,,,,,15267,3.0,3,,,,,,,,
,,,,,15270,3.0,3,,,,,,,,
,,,,,15273,3.0,3,,,,,,,,
,,,,,15276,3.0,3,,,,,,,,
,,,,,15279,3.0,3,,,,,,,,
,,,,,15282,3.0,3,,,,,,,,
,,,,,15285,3.0,3,,,,,,,,
,,,,,15288,3.0,3,,,,,,,,
,,,,,15292,4.0,4,,,,,,,,
,,,,,15296,4.0,4,,,,,,,,
,,,,,15300,4.0,4,,,,,,,,
,,,,,15304,4.0,4,,,,,,,,
,,,,,15307,3.0,3,,,,,,,,
,,,,,15310,3.0,3,,,,,,,,
,,,,,15313,3.0,3,,,,,,,,
,,,,,15316,3.0,3,,,,,,,,
,,,,,15319,3.0,3,,,,,,,,
,,,,,15322,3.0,3,,,,,,,,
,,,,,15325,3.0,3,,,,,,,,
,,,,,15328,3.0,3,,,,,,,,
,,,,,15334,6.0,6,,,,,,,,
,,,,,15337,3.0,3,,,,,,,,
,,,,,15340,3.0,3,,,,,,,,
,,,,,15344,4.0,4,,,,,,,,
,,,,,15348,4.0,4,,,,,,,,
,,,,,15351,3.0,3,,,,,,,,
,,,,,15354,3.0,3,,,,,,,,
,,,,,15357,3.0,3,,,,,,,,
,,,,,15362,5.0,5,,,,,,,,
,,,,,15365,3.0,3,,,,,,,,
,,,,,15368,3.0,3,,,,,,,,
,,,,,15371,3.0,3,,,,,,,,
,,,,,15374,3.0,3,,,,,,,,
,,,,,15377,3.0,3,,,,,,,,
,,,,,15381,4.0,4,,,,,,,,
,,,,,15384,3.0,3,,,,,,,,
,,,,,15387,3.0,3,,,,,,,,
,,,,,15391,4.0,4,,,,,,,,
,,,,,15394,3.0,3,,,,,,,,
,,,,,15397,3.0,3,,,,,,,,
,,,,,15403,6.0,6,,,,,,,,
,,,,,15406,3.0,3,,,,,,,,
,,,,,15409,3.0,3,,,,,,,,
,,,,,15412,3.0,3,,,,,,,,
,,,,,15415,3.0,3,,,,,,,,
,,,,,15420,5.0,5,,,,,,,,
,,,,,15423,3.0,3,,,,,,,,
,,,,,15427,4.0,4,,,,,,,,
,,,,,15430,3.0,3,,,,,,,,
,,,,,15433,3.0,3,,,,,,,,
,,,,,15436,3.0,3,,,,,,,,
,,,,,15439,3.0,3,,,,,,,,
,,,,,15442,3.0,3,,,,,,,,
,,,,,15445,3.0,3,,,,,,,,
,,,,,15448,3.0,3,,,,,,,,
,,,,,15456,8.0,8,,,,,,,,
,,,,,15460,4.0,4,,,,,,,,
,,,,,15463,3.0,3,,,,,,,,
,,,,,15467,4.0,4,,,,,,,,
,,,,,15471,4.0,4,,,,,,,,
,,,,,15474,3.0,3,,,,,,,,
,,,,,15477,3.0,3,,,,,,,,
,,,,,15480,3.0,3,,,,,,,,
,,,,,15484,4.0,4,,,,,,,,
,,,,,15487,3.0,3,,,,,,,,
,,,,,15490,3.0,3,,,,,,,,
,,,,,15493,3.0,3,,,,,,,,
,,,,,15496,3.0,3,,,,,,,,
,,,,,15499,3.0,3,,,,,,,,
,,,,,15504,5.0,5,,,,,,,,
,,,,,15507,3.0,3,,,,,,,,
,,,,,15510,3.0,3,,,,,,,,
,,,,,15513,3.0,3,,,,,,,,
,,,,,15516,3.0,3,,,,,,,,
,,,,,15519,3.0,3,,,,,,,,
,,,,,15522,3.0,3,,,,,,,,
,,,,,15525,3.0,3,,,,,,,,
,,,,,15528,3.0,3,,,,,,,,
,,,,,15531,3.0,3,,,,,,,,
,,,,,15534,3.0,3,,,,,,,,
,,,,,15537,3.0,3,,,,,,,,
,,,,,15540,3.0,3,,,,,,,,
,,,,,15543,3.0,3,,,,,,,,
,,,,,15548,5.0,5,,,,,,,,
,,,,,15551,3.0,3,,,,,,,,
,,,,,15554,3.0,3,,,,,,,,
,,,,,15557,3.0,3,,,,,,,,
,,,,,15560,3.0,3,,,,,,,,
,,,,,15563,3.0,3,,,,,,,,
,,,,,15566,3.0,3,,,,,,,,
,,,,,15569,3.0,3,,,,,,,,
,,,,,15572,3.0,3,,,,,,,,
,,,,,15575,3.0,3,,,,,,,,
,,,,,15578,3.0,3,,,,,,,,
,,,,,15581,3.0,3,,,,,,,,
,,,,,15585,4.0,4,,,,,,,,
,,,,,15589,4.0,4,,,,,,,,
,,,,,15593,4.0,4,,,,,,,,
,,,,,15597,4.0,4,,,,,,,,
,,,,,15602,5.0,5,,,,,,,,
,,,,,15606,4.0,4,,,,,,,,
,,,,,15609,3.0,3,,,,,,,,
,,,,,15612,3.0,3,,,,,,,,
,,,,,15615,3.0,3,,,,,,,,
,,,,,15618,3.0,3,,,,,,,,
,,,,,15621,3.0,3,,,,,,,,
,,,,,15625,4.0,4,,,,,,,,
,,,,,15629,4.0,4,,,,,,,,
,,,,,15632,3.0,3,,,,,,,,
,,,,,15635,3.0,3,,,,,,,,
,,,,,15639,4.0,4,,,,,,,,
,,,,,15642,3.0,3,,,,,,,,
,,,,,15645,3.0,3,,,,,,,,
,,,,,15648,3.0,3,,,,,,,,
,,,,,15652,4.0,4,,,,,,,,
,,,,,15655,3.0,3,,,,,,,,
,,,,,15658,3.0,3,,,,,,,,
,,,,,15662,4.0,4,,,,,,,,
,,,,,15665,3.0,3,,,,,,,,
,,,,,15668,3.0,3,,,,,,,,
,,,,,15671,3.0,3,,,,,,,,
,,,,,15674,3.0,3,,,,,,,,
,,,,,15677,3.0,3,,,,,,,,
,,,,,15680,3.0,3,,,,,,,,
,,,,,15683,3.0,3,,,,,,,,
,,,,,15688,5.0,5,,,,,,,,
,,,,,15691,3.0,3,,,,,,,,
,,,,,15695,4.0,4,,,,,,,,
,,,,,15698,3.0,3,,,,,,,,
,,,,,15703,5.0,5,,,,,,,,
,,,,,15709,6.0,6,,,,,,,,
,,,,,15713,4.0,4,,,,,,,,
,,,,,15716,3.0,3,,,,,,,,
,,,,,15719,3.0,3,,,,,,,,
,,,,,15722,3.0,3,,,,,,,,
,,,,,15725,3.0,3,,,,,,,,
,,,,,15728,3.0,3,,,,,,,,
,,,,,15731,3.0,3,,,,,,,,
,,,,,15734,3.0,3,,,,,,,,
,,,,,15738,4.0,4,,,,,,,,
,,,,,15742,4.0,4,,,,,,,,
,,,,,15745,3.0,3,,,,,,,,
,,,,,15748,3.0,3,,,,,,,,
,,,,,15751,3.0,3,,,,,,,,
,,,,,15756,5.0,5,,,,,,,,
,,,,,15759,3.0,3,,,,,,,,
,,,,,15762,3.0,3,,,,,,,,
,,,,,15767,5.0,5,,,,,,,,
,,,,,15770,3.0,3,,,,,,,,
,,,,,15774,4.0,4,,,,,,,,
,,,,,15777,3.0,3,,,,,,,,
,,,,,15781,4.0,4,,,,,,,,
,,,,,15784,3.0,3,,,,,,,,
,,,,,15787,3.0,3,,,,,,,,
,,,,,15791,4.0,4,,,,,,,,
,,,,,15794,3.0,3,,,,,,,,
,,,,,15797,3.0,3,,,,,,,,
,,,,,15800,3.0,3,,,,,,,,
,,,,,15803,3.0,3,,,,,,,,
,,,,,15806,3.0,3,,,,,,,,
,,,,,15811,5.0,5,,,,,,,,
,,,,,15815,4.0,4,,,,,,,,
,,,,,15818,3.0,3,,,,,,,,
,,,,,15821,3.0,3,,,,,,,,
,,,,,15825,4.0,4,,,,,,,,
,,,,,15828,3.0,3,,,,,,,,
,,,,,15833,5.0,5,,,,,,,,
,,,,,15836,3.0,3,,,,,,,,
,,,,,15839,3.0,3,,,,,,,,
,,,,,15844,5.0,5,,,,,,,,
,,,,,15847,3.0,3,,,,,,,,
,,,,,15850,3.0,3,,,,,,,,
,,,,,15853,3.0,3,,,,,,,,
,,,,,15856,3.0,3,,,,,,,,
,,,,,15860,4.0,4,,,,,,,,
,,,,,15867,7.0,7,,,,,,,,
,,,,,15870,3.0,3,,,,,,,,
,,,,,15873,3.0,3,,,,,,,,
,,,,,15878,5.0,5,,,,,,,,
,,,,,15881,3.0,3,,,,,,,,
,,,,,15886,5.0,5,,,,,,,,
,,,,,15889,3.0,3,,,,,,,,
,,,,,15892,3.0,3,,,,,,,,
,,,,,15896,4.0,4,,,,,,,,
,,,,,15899,3.0,3,,,,,,,,
,,,,,15902,3.0,3,,,,,,,,
,,,,,15905,3.0,3,,,,,,,,
,,,,,15908,3.0,3,,,,,,,,
,,,,,15911,3.0,3,,,,,,,,
,,,,,15916,5.0,5,,,,,,,,
,,,,,15920,4.0,4,,,,,,,,
,,,,,15923,3.0,3,,,,,,,,
,,,,,15927,4.0,4,,,,,,,,
,,,,,15930,3.0,3,,,,,,,,
,,,,,15933,3.0,3,,,,,,,,
,,,,,15936,3.0,3,,,,,,,,
,,,,,15939,3.0,3,,,,,,,,
,,,,,15942,3.0,3,,,,,,,,
,,,,,15945,3.0,3,,,,,,,,
,,,,,15948,3.0,3,,,,,,,,
,,,,,15951,3.0,3,,,,,,,,
,,,,,15954,3.0,3,,,,,,,,
,,,,,15957,3.0,3,,,,,,,,
,,,,,15960,3.0,3,,,,,,,,
,,,,,15963,3.0,3,,,,,,,,
,,,,,15966,3.0,3,,,,,,,,
,,,,,15969,3.0,3,,,,,,,,
,,,,,15972,3.0,3,,,,,,,,
,,,,,15975,3.0,3,,,,,,,,
,,,,,15978,3.0,3,,,,,,,,
,,,,,15981,3.0,3,,,,,,,,
,,,,,15984,3.0,3,,,,,,,,
,,,,,15987,3.0,3,,,,,,,,
,,,,,15990,3.0,3,,,,,,,,
,,,,,15993,3.0,3,,,,,,,,
,,,,,15996,3.0,3,,,,,,,,
,,,,,16000,,,-0.09239151328802109,-0.9239151477813721,0.202327698469162,2.928344488143921,2.8785386085510254,0.0003,0.0003,0.1
,,,,,16001,5.0,5,,,,,,,,
,,,,,16004,3.0,3,,,,,,,,
,,,,,16007,3.0,3,,,,,,,,
,,,,,16010,3.0,3,,,,,,,,
,,,,,16013,3.0,3,,,,,,,,
,,,,,16016,3.0,3,,,,,,,,
,,,,,16019,3.0,3,,,,,,,,
,,,,,16022,3.0,3,,,,,,,,
,,,,,16025,3.0,3,,,,,,,,
,,,,,16028,3.0,3,,,,,,,,
,,,,,16031,3.0,3,,,,,,,,
,,,,,16034,3.0,3,,,,,,,,
,,,,,16040,6.0,6,,,,,,,,
,,,,,16043,3.0,3,,,,,,,,
,,,,,16046,3.0,3,,,,,,,,
,,,,,16049,3.0,3,,,,,,,,
,,,,,16054,5.0,5,,,,,,,,
,,,,,16057,3.0,3,,,,,,,,
,,,,,16060,3.0,3,,,,,,,,
,,,,,16064,4.0,4,,,,,,,,
,,,,,16067,3.0,3,,,,,,,,
,,,,,16070,3.0,3,,,,,,,,
,,,,,16073,3.0,3,,,,,,,,
,,,,,16076,3.0,3,,,,,,,,
,,,,,16079,3.0,3,,,,,,,,
,,,,,16082,3.0,3,,,,,,,,
,,,,,16085,3.0,3,,,,,,,,
,,,,,16088,3.0,3,,,,,,,,
,,,,,16091,3.0,3,,,,,,,,
,,,,,16094,3.0,3,,,,,,,,
,,,,,16098,4.0,4,,,,,,,,
,,,,,16101,3.0,3,,,,,,,,
,,,,,16104,3.0,3,,,,,,,,
,,,,,16107,3.0,3,,,,,,,,
,,,,,16111,4.0,4,,,,,,,,
,,,,,16114,3.0,3,,,,,,,,
,,,,,16117,3.0,3,,,,,,,,
,,,,,16120,3.0,3,,,,,,,,
,,,,,16123,3.0,3,,,,,,,,
,,,,,16126,3.0,3,,,,,,,,
,,,,,16129,3.0,3,,,,,,,,
,,,,,16132,3.0,3,,,,,,,,
,,,,,16135,3.0,3,,,,,,,,
,,,,,16138,3.0,3,,,,,,,,
,,,,,16141,3.0,3,,,,,,,,
,,,,,16145,4.0,4,,,,,,,,
,,,,,16148,3.0,3,,,,,,,,
,,,,,16151,3.0,3,,,,,,,,
,,,,,16154,3.0,3,,,,,,,,
,,,,,16157,3.0,3,,,,,,,,
,,,,,16160,3.0,3,,,,,,,,
,,,,,16163,3.0,3,,,,,,,,
,,,,,16166,3.0,3,,,,,,,,
,,,,,16169,3.0,3,,,,,,,,
,,,,,16172,3.0,3,,,,,,,,
,,,,,16175,3.0,3,,,,,,,,
,,,,,16178,3.0,3,,,,,,,,
,,,,,16181,3.0,3,,,,,,,,
,,,,,16185,4.0,4,,,,,,,,
,,,,,16191,6.0,6,,,,,,,,
,,,,,16194,3.0,3,,,,,,,,
,,,,,16197,3.0,3,,,,,,,,
,,,,,16200,3.0,3,,,,,,,,
,,,,,16204,4.0,4,,,,,,,,
,,,,,16207,3.0,3,,,,,,,,
,,,,,16210,3.0,3,,,,,,,,
,,,,,16213,3.0,3,,,,,,,,
,,,,,16216,3.0,3,,,,,,,,
,,,,,16219,3.0,3,,,,,,,,
,,,,,16222,3.0,3,,,,,,,,
,,,,,16226,4.0,4,,,,,,,,
,,,,,16229,3.0,3,,,,,,,,
,,,,,16232,3.0,3,,,,,,,,
,,,,,16235,3.0,3,,,,,,,,
,,,,,16238,3.0,3,,,,,,,,
,,,,,16241,3.0,3,,,,,,,,
,,,,,16244,3.0,3,,,,,,,,
,,,,,16247,3.0,3,,,,,,,,
,,,,,16250,3.0,3,,,,,,,,
,,,,,16253,3.0,3,,,,,,,,
,,,,,16256,3.0,3,,,,,,,,
,,,,,16259,3.0,3,,,,,,,,
,,,,,16262,3.0,3,,,,,,,,
,,,,,16265,3.0,3,,,,,,,,
,,,,,16268,3.0,3,,,,,,,,
,,,,,16271,3.0,3,,,,,,,,
,,,,,16275,4.0,4,,,,,,,,
,,,,,16278,3.0,3,,,,,,,,
,,,,,16281,3.0,3,,,,,,,,
,,,,,16286,5.0,5,,,,,,,,
,,,,,16290,4.0,4,,,,,,,,
,,,,,16293,3.0,3,,,,,,,,
,,,,,16296,3.0,3,,,,,,,,
,,,,,16299,3.0,3,,,,,,,,
,,,,,16302,3.0,3,,,,,,,,
,,,,,16305,3.0,3,,,,,,,,
,,,,,16308,3.0,3,,,,,,,,
,,,,,16312,4.0,4,,,,,,,,
,,,,,16318,6.0,6,,,,,,,,
,,,,,16321,3.0,3,,,,,,,,
,,,,,16324,3.0,3,,,,,,,,
,,,,,16329,5.0,5,,,,,,,,
,,,,,16332,3.0,3,,,,,,,,
,,,,,16338,6.0,6,,,,,,,,
,,,,,16341,3.0,3,,,,,,,,
,,,,,16344,3.0,3,,,,,,,,
,,,,,16350,6.0,6,,,,,,,,
,,,,,16353,3.0,3,,,,,,,,
,,,,,16356,3.0,3,,,,,,,,
,,,,,16359,3.0,3,,,,,,,,
,,,,,16362,3.0,3,,,,,,,,
,,,,,16365,3.0,3,,,,,,,,
,,,,,16368,3.0,3,,,,,,,,
,,,,,16372,4.0,4,,,,,,,,
,,,,,16375,3.0,3,,,,,,,,
,,,,,16378,3.0,3,,,,,,,,
,,,,,16382,4.0,4,,,,,,,,
,,,,,16385,3.0,3,,,,,,,,
,,,,,16388,3.0,3,,,,,,,,
,,,,,16391,3.0,3,,,,,,,,
,,,,,16394,3.0,3,,,,,,,,
,,,,,16397,3.0,3,,,,,,,,
,,,,,16400,3.0,3,,,,,,,,
,,,,,16403,3.0,3,,,,,,,,
,,,,,16406,3.0,3,,,,,,,,
,,,,,16409,3.0,3,,,,,,,,
,,,,,16412,3.0,3,,,,,,,,
,,,,,16415,3.0,3,,,,,,,,
,,,,,16418,3.0,3,,,,,,,,
,,,,,16421,3.0,3,,,,,,,,
,,,,,16424,3.0,3,,,,,,,,
,,,,,16428,4.0,4,,,,,,,,
,,,,,16431,3.0,3,,,,,,,,
,,,,,16434,3.0,3,,,,,,,,
,,,,,16438,4.0,4,,,,,,,,
,,,,,16441,3.0,3,,,,,,,,
,,,,,16445,4.0,4,,,,,,,,
,,,,,16448,3.0,3,,,,,,,,
,,,,,16451,3.0,3,,,,,,,,
,,,,,16454,3.0,3,,,,,,,,
,,,,,16457,3.0,3,,,,,,,,
,,,,,16460,3.0,3,,,,,,,,
,,,,,16463,3.0,3,,,,,,,,
,,,,,16466,3.0,3,,,,,,,,
,,,,,16469,3.0,3,,,,,,,,
,,,,,16472,3.0,3,,,,,,,,
,,,,,16476,4.0,4,,,,,,,,
,,,,,16479,3.0,3,,,,,,,,
,,,,,16482,3.0,3,,,,,,,,
,,,,,16485,3.0,3,,,,,,,,
,,,,,16489,4.0,4,,,,,,,,
,,,,,16493,4.0,4,,,,,,,,
,,,,,16496,3.0,3,,,,,,,,
,,,,,16501,5.0,5,,,,,,,,
,,,,,16504,3.0,3,,,,,,,,
,,,,,16507,3.0,3,,,,,,,,
,,,,,16510,3.0,3,,,,,,,,
,,,,,16513,3.0,3,,,,,,,,
,,,,,16516,3.0,3,,,,,,,,
,,,,,16520,4.0,4,,,,,,,,
,,,,,16524,4.0,4,,,,,,,,
,,,,,16530,6.0,6,,,,,,,,
,,,,,16534,4.0,4,,,,,,,,
,,,,,16539,5.0,5,,,,,,,,
,,,,,16542,3.0,3,,,,,,,,
,,,,,16547,5.0,5,,,,,,,,
,,,,,16552,5.0,5,,,,,,,,
,,,,,16555,3.0,3,,,,,,,,
,,,,,16558,3.0,3,,,,,,,,
,,,,,16561,3.0,3,,,,,,,,
,,,,,16565,4.0,4,,,,,,,,
,,,,,16569,4.0,4,,,,,,,,
,,,,,16572,3.0,3,,,,,,,,
,,,,,16575,3.0,3,,,,,,,,
,,,,,16579,4.0,4,,,,,,,,
,,,,,16582,3.0,3,,,,,,,,
,,,,,16585,3.0,3,,,,,,,,
,,,,,16588,3.0,3,,,,,,,,
,,,,,16591,3.0,3,,,,,,,,
,,,,,16594,3.0,3,,,,,,,,
,,,,,16597,3.0,3,,,,,,,,
,,,,,16600,3.0,3,,,,,,,,
,,,,,16603,3.0,3,,,,,,,,
,,,,,16606,3.0,3,,,,,,,,
,,,,,16609,3.0,3,,,,,,,,
,,,,,16613,4.0,4,,,,,,,,
,,,,,16616,3.0,3,,,,,,,,
,,,,,16620,4.0,4,,,,,,,,
,,,,,16623,3.0,3,,,,,,,,
,,,,,16626,3.0,3,,,,,,,,
,,,,,16629,3.0,3,,,,,,,,
,,,,,16633,4.0,4,,,,,,,,
,,,,,16636,3.0,3,,,,,,,,
,,,,,16639,3.0,3,,,,,,,,
,,,,,16642,3.0,3,,,,,,,,
,,,,,16645,3.0,3,,,,,,,,
,,,,,16648,3.0,3,,,,,,,,
,,,,,16652,4.0,4,,,,,,,,
,,,,,16655,3.0,3,,,,,,,,
,,,,,16658,3.0,3,,,,,,,,
,,,,,16661,3.0,3,,,,,,,,
,,,,,16665,4.0,4,,,,,,,,
,,,,,16668,3.0,3,,,,,,,,
,,,,,16671,3.0,3,,,,,,,,
,,,,,16674,3.0,3,,,,,,,,
,,,,,16677,3.0,3,,,,,,,,
,,,,,16680,3.0,3,,,,,,,,
,,,,,16683,3.0,3,,,,,,,,
,,,,,16686,3.0,3,,,,,,,,
,,,,,16689,3.0,3,,,,,,,,
,,,,,16692,3.0,3,,,,,,,,
,,,,,16696,4.0,4,,,,,,,,
,,,,,16700,4.0,4,,,,,,,,
,,,,,16703,3.0,3,,,,,,,,
,,,,,16706,3.0,3,,,,,,,,
,,,,,16709,3.0,3,,,,,,,,
,,,,,16712,3.0,3,,,,,,,,
,,,,,16715,3.0,3,,,,,,,,
,,,,,16718,3.0,3,,,,,,,,
,,,,,16721,3.0,3,,,,,,,,
,,,,,16724,3.0,3,,,,,,,,
,,,,,16727,3.0,3,,,,,,,,
,,,,,16730,3.0,3,,,,,,,,
,,,,,16733,3.0,3,,,,,,,,
,,,,,16736,3.0,3,,,,,,,,
,,,,,16739,3.0,3,,,,,,,,
,,,,,16742,3.0,3,,,,,,,,
,,,,,16745,3.0,3,,,,,,,,
,,,,,16748,3.0,3,,,,,,,,
,,,,,16751,3.0,3,,,,,,,,
,,,,,16755,4.0,4,,,,,,,,
,,,,,16758,3.0,3,,,,,,,,
,,,,,16761,3.0,3,,,,,,,,
,,,,,16764,3.0,3,,,,,,,,
,,,,,16768,4.0,4,,,,,,,,
,,,,,16771,3.0,3,,,,,,,,
,,,,,16776,5.0,5,,,,,,,,
,,,,,16779,3.0,3,,,,,,,,
,,,,,16784,5.0,5,,,,,,,,
,,,,,16787,3.0,3,,,,,,,,
,,,,,16790,3.0,3,,,,,,,,
,,,,,16793,3.0,3,,,,,,,,
,,,,,16796,3.0,3,,,,,,,,
,,,,,16800,4.0,4,,,,,,,,
,,,,,16803,3.0,3,,,,,,,,
,,,,,16806,3.0,3,,,,,,,,
,,,,,16809,3.0,3,,,,,,,,
,,,,,16812,3.0,3,,,,,,,,
,,,,,16815,3.0,3,,,,,,,,
,,,,,16818,3.0,3,,,,,,,,
,,,,,16821,3.0,3,,,,,,,,
,,,,,16825,4.0,4,,,,,,,,
,,,,,16828,3.0,3,,,,,,,,
,,,,,16832,4.0,4,,,,,,,,
,,,,,16835,3.0,3,,,,,,,,
,,,,,16838,3.0,3,,,,,,,,
,,,,,16841,3.0,3,,,,,,,,
,,,,,16844,3.0,3,,,,,,,,
,,,,,16848,4.0,4,,,,,,,,
,,,,,16851,3.0,3,,,,,,,,
,,,,,16854,3.0,3,,,,,,,,
,,,,,16858,4.0,4,,,,,,,,
,,,,,16861,3.0,3,,,,,,,,
,,,,,16864,3.0,3,,,,,,,,
,,,,,16867,3.0,3,,,,,,,,
,,,,,16870,3.0,3,,,,,,,,
,,,,,16873,3.0,3,,,,,,,,
,,,,,16876,3.0,3,,,,,,,,
,,,,,16880,4.0,4,,,,,,,,
,,,,,16884,4.0,4,,,,,,,,
,,,,,16887,3.0,3,,,,,,,,
,,,,,16890,3.0,3,,,,,,,,
,,,,,16893,3.0,3,,,,,,,,
,,,,,16896,3.0,3,,,,,,,,
,,,,,16899,3.0,3,,,,,,,,
,,,,,16902,3.0,3,,,,,,,,
,,,,,16905,3.0,3,,,,,,,,
,,,,,16908,3.0,3,,,,,,,,
,,,,,16911,3.0,3,,,,,,,,
,,,,,16914,3.0,3,,,,,,,,
,,,,,16917,3.0,3,,,,,,,,
,,,,,16920,3.0,3,,,,,,,,
,,,,,16923,3.0,3,,,,,,,,
,,,,,16926,3.0,3,,,,,,,,
,,,,,16929,3.0,3,,,,,,,,
,,,,,16932,3.0,3,,,,,,,,
,,,,,16935,3.0,3,,,,,,,,
,,,,,16938,3.0,3,,,,,,,,
,,,,,16941,3.0,3,,,,,,,,
,,,,,16945,4.0,4,,,,,,,,
,,,,,16948,3.0,3,,,,,,,,
,,,,,16951,3.0,3,,,,,,,,
,,,,,16954,3.0,3,,,,,,,,
,,,,,16957,3.0,3,,,,,,,,
,,,,,16960,3.0,3,,,,,,,,
,,,,,16963,3.0,3,,,,,,,,
,,,,,16966,3.0,3,,,,,,,,
,,,,,16969,3.0,3,,,,,,,,
,,,,,16972,3.0,3,,,,,,,,
,,,,,16975,3.0,3,,,,,,,,
,,,,,16978,3.0,3,,,,,,,,
,,,,,16981,3.0,3,,,,,,,,
,,,,,16984,3.0,3,,,,,,,,
,,,,,16987,3.0,3,,,,,,,,
,,,,,16991,4.0,4,,,,,,,,
,,,,,16994,3.0,3,,,,,,,,
,,,,,16998,4.0,4,,,,,,,,
,,,,,17000,,,-0.1171584352850914,-1.1715843677520752,0.06741765886545181,2.6331372261047363,2.6324105262756348,0.0003,0.0003,0.1
,,,,,17001,3.0,3,,,,,,,,
,,,,,17004,3.0,3,,,,,,,,
,,,,,17007,3.0,3,,,,,,,,
,,,,,17010,3.0,3,,,,,,,,
,,,,,17014,4.0,4,,,,,,,,
,,,,,17017,3.0,3,,,,,,,,
,,,,,17020,3.0,3,,,,,,,,
,,,,,17023,3.0,3,,,,,,,,
,,,,,17026,3.0,3,,,,,,,,
,,,,,17030,4.0,4,,,,,,,,
,,,,,17033,3.0,3,,,,,,,,
,,,,,17036,3.0,3,,,,,,,,
,,,,,17039,3.0,3,,,,,,,,
,,,,,17042,3.0,3,,,,,,,,
,,,,,17045,3.0,3,,,,,,,,
,,,,,17048,3.0,3,,,,,,,,
,,,,,17051,3.0,3,,,,,,,,
,,,,,17054,3.0,3,,,,,,,,
,,,,,17057,3.0,3,,,,,,,,
,,,,,17060,3.0,3,,,,,,,,
,,,,,17063,3.0,3,,,,,,,,
,,,,,17066,3.0,3,,,,,,,,
,,,,,17070,4.0,4,,,,,,,,
,,,,,17073,3.0,3,,,,,,,,
,,,,,17076,3.0,3,,,,,,,,
,,,,,17079,3.0,3,,,,,,,,
,,,,,17082,3.0,3,,,,,,,,
,,,,,17085,3.0,3,,,,,,,,
,,,,,17088,3.0,3,,,,,,,,
,,,,,17091,3.0,3,,,,,,,,
,,,,,17094,3.0,3,,,,,,,,
,,,,,17097,3.0,3,,,,,,,,
,,,,,17100,3.0,3,,,,,,,,
,,,,,17103,3.0,3,,,,,,,,
,,,,,17106,3.0,3,,,,,,,,
,,,,,17109,3.0,3,,,,,,,,
,,,,,17112,3.0,3,,,,,,,,
,,,,,17115,3.0,3,,,,,,,,
,,,,,17118,3.0,3,,,,,,,,
,,,,,17121,3.0,3,,,,,,,,
,,,,,17124,3.0,3,,,,,,,,
,,,,,17127,3.0,3,,,,,,,,
,,,,,17130,3.0,3,,,,,,,,
,,,,,17133,3.0,3,,,,,,,,
,,,,,17136,3.0,3,,,,,,,,
,,,,,17139,3.0,3,,,,,,,,
,,,,,17142,3.0,3,,,,,,,,
,,,,,17145,3.0,3,,,,,,,,
,,,,,17148,3.0,3,,,,,,,,
,,,,,17151,3.0,3,,,,,,,,
,,,,,17154,3.0,3,,,,,,,,
,,,,,17157,3.0,3,,,,,,,,
,,,,,17160,3.0,3,,,,,,,,
,,,,,17163,3.0,3,,,,,,,,
,,,,,17166,3.0,3,,,,,,,,
,,,,,17169,3.0,3,,,,,,,,
,,,,,17172,3.0,3,,,,,,,,
,,,,,17175,3.0,3,,,,,,,,
,,,,,17178,3.0,3,,,,,,,,
,,,,,17181,3.0,3,,,,,,,,
,,,,,17184,3.0,3,,,,,,,,
,,,,,17187,3.0,3,,,,,,,,
,,,,,17190,3.0,3,,,,,,,,
,,,,,17193,3.0,3,,,,,,,,
,,,,,17196,3.0,3,,,,,,,,
,,,,,17199,3.0,3,,,,,,,,
,,,,,17202,3.0,3,,,,,,,,
,,,,,17205,3.0,3,,,,,,,,
,,,,,17208,3.0,3,,,,,,,,
,,,,,17211,3.0,3,,,,,,,,
,,,,,17214,3.0,3,,,,,,,,
,,,,,17217,3.0,3,,,,,,,,
,,,,,17221,4.0,4,,,,,,,,
,,,,,17224,3.0,3,,,,,,,,
,,,,,17227,3.0,3,,,,,,,,
,,,,,17230,3.0,3,,,,,,,,
,,,,,17233,3.0,3,,,,,,,,
,,,,,17236,3.0,3,,,,,,,,
,,,,,17239,3.0,3,,,,,,,,
,,,,,17242,3.0,3,,,,,,,,
,,,,,17245,3.0,3,,,,,,,,
,,,,,17248,3.0,3,,,,,,,,
,,,,,17251,3.0,3,,,,,,,,
,,,,,17255,4.0,4,,,,,,,,
,,,,,17258,3.0,3,,,,,,,,
,,,,,17261,3.0,3,,,,,,,,
,,,,,17264,3.0,3,,,,,,,,
,,,,,17267,3.0,3,,,,,,,,
,,,,,17270,3.0,3,,,,,,,,
,,,,,17273,3.0,3,,,,,,,,
,,,,,17276,3.0,3,,,,,,,,
,,,,,17279,3.0,3,,,,,,,,
,,,,,17282,3.0,3,,,,,,,,
,,,,,17285,3.0,3,,,,,,,,
,,,,,17288,3.0,3,,,,,,,,
,,,,,17291,3.0,3,,,,,,,,
,,,,,17294,3.0,3,,,,,,,,
,,,,,17297,3.0,3,,,,,,,,
,,,,,17300,3.0,3,,,,,,,,
,,,,,17303,3.0,3,,,,,,,,
,,,,,17306,3.0,3,,,,,,,,
,,,,,17310,4.0,4,,,,,,,,
,,,,,17313,3.0,3,,,,,,,,
,,,,,17316,3.0,3,,,,,,,,
,,,,,17319,3.0,3,,,,,,,,
,,,,,17322,3.0,3,,,,,,,,
,,,,,17325,3.0,3,,,,,,,,
,,,,,17328,3.0,3,,,,,,,,
,,,,,17331,3.0,3,,,,,,,,
,,,,,17334,3.0,3,,,,,,,,
,,,,,17337,3.0,3,,,,,,,,
,,,,,17340,3.0,3,,,,,,,,
,,,,,17343,3.0,3,,,,,,,,
,,,,,17346,3.0,3,,,,,,,,
,,,,,17349,3.0,3,,,,,,,,
,,,,,17352,3.0,3,,,,,,,,
,,,,,17355,3.0,3,,,,,,,,
,,,,,17358,3.0,3,,,,,,,,
,,,,,17361,3.0,3,,,,,,,,
,,,,,17364,3.0,3,,,,,,,,
,,,,,17367,3.0,3,,,,,,,,
,,,,,17370,3.0,3,,,,,,,,
,,,,,17373,3.0,3,,,,,,,,
,,,,,17376,3.0,3,,,,,,,,
,,,,,17379,3.0,3,,,,,,,,
,,,,,17382,3.0,3,,,,,,,,
,,,,,17385,3.0,3,,,,,,,,
,,,,,17388,3.0,3,,,,,,,,
,,,,,17391,3.0,3,,,,,,,,
,,,,,17394,3.0,3,,,,,,,,
,,,,,17397,3.0,3,,,,,,,,
,,,,,17400,3.0,3,,,,,,,,
,,,,,17403,3.0,3,,,,,,,,
,,,,,17406,3.0,3,,,,,,,,
,,,,,17409,3.0,3,,,,,,,,
,,,,,17412,3.0,3,,,,,,,,
,,,,,17415,3.0,3,,,,,,,,
,,,,,17418,3.0,3,,,,,,,,
,,,,,17421,3.0,3,,,,,,,,
,,,,,17424,3.0,3,,,,,,,,
,,,,,17427,3.0,3,,,,,,,,
,,,,,17430,3.0,3,,,,,,,,
,,,,,17433,3.0,3,,,,,,,,
,,,,,17436,3.0,3,,,,,,,,
,,,,,17439,3.0,3,,,,,,,,
,,,,,17442,3.0,3,,,,,,,,
,,,,,17445,3.0,3,,,,,,,,
,,,,,17448,3.0,3,,,,,,,,
,,,,,17451,3.0,3,,,,,,,,
,,,,,17454,3.0,3,,,,,,,,
,,,,,17457,3.0,3,,,,,,,,
,,,,,17460,3.0,3,,,,,,,,
,,,,,17463,3.0,3,,,,,,,,
,,,,,17466,3.0,3,,,,,,,,
,,,,,17469,3.0,3,,,,,,,,
,,,,,17472,3.0,3,,,,,,,,
,,,,,17475,3.0,3,,,,,,,,
,,,,,17478,3.0,3,,,,,,,,
,,,,,17481,3.0,3,,,,,,,,
,,,,,17484,3.0,3,,,,,,,,
,,,,,17487,3.0,3,,,,,,,,
,,,,,17490,3.0,3,,,,,,,,
,,,,,17493,3.0,3,,,,,,,,
,,,,,17496,3.0,3,,,,,,,,
,,,,,17499,3.0,3,,,,,,,,
,,,,,17502,3.0,3,,,,,,,,
,,,,,17505,3.0,3,,,,,,,,
,,,,,17508,3.0,3,,,,,,,,
,,,,,17511,3.0,3,,,,,,,,
,,,,,17514,3.0,3,,,,,,,,
,,,,,17517,3.0,3,,,,,,,,
,,,,,17520,3.0,3,,,,,,,,
,,,,,17523,3.0,3,,,,,,,,
,,,,,17526,3.0,3,,,,,,,,
,,,,,17529,3.0,3,,,,,,,,
,,,,,17532,3.0,3,,,,,,,,
,,,,,17535,3.0,3,,,,,,,,
,,,,,17538,3.0,3,,,,,,,,
,,,,,17541,3.0,3,,,,,,,,
,,,,,17544,3.0,3,,,,,,,,
,,,,,17547,3.0,3,,,,,,,,
,,,,,17550,3.0,3,,,,,,,,
,,,,,17553,3.0,3,,,,,,,,
,,,,,17556,3.0,3,,,,,,,,
,,,,,17559,3.0,3,,,,,,,,
,,,,,17562,3.0,3,,,,,,,,
,,,,,17565,3.0,3,,,,,,,,
,,,,,17568,3.0,3,,,,,,,,
,,,,,17571,3.0,3,,,,,,,,
,,,,,17574,3.0,3,,,,,,,,
,,,,,17577,3.0,3,,,,,,,,
,,,,,17580,3.0,3,,,,,,,,
,,,,,17583,3.0,3,,,,,,,,
,,,,,17586,3.0,3,,,,,,,,
,,,,,17589,3.0,3,,,,,,,,
,,,,,17592,3.0,3,,,,,,,,
,,,,,17595,3.0,3,,,,,,,,
,,,,,17598,3.0,3,,,,,,,,
,,,,,17601,3.0,3,,,,,,,,
,,,,,17604,3.0,3,,,,,,,,
,,,,,17607,3.0,3,,,,,,,,
,,,,,17610,3.0,3,,,,,,,,
,,,,,17613,3.0,3,,,,,,,,
,,,,,17616,3.0,3,,,,,,,,
,,,,,17619,3.0,3,,,,,,,,
,,,,,17622,3.0,3,,,,,,,,
,,,,,17625,3.0,3,,,,,,,,
,,,,,17628,3.0,3,,,,,,,,
,,,,,17631,3.0,3,,,,,,,,
,,,,,17634,3.0,3,,,,,,,,
,,,,,17637,3.0,3,,,,,,,,
,,,,,17640,3.0,3,,,,,,,,
,,,,,17643,3.0,3,,,,,,,,
,,,,,17646,3.0,3,,,,,,,,
,,,,,17649,3.0,3,,,,,,,,
,,,,,17652,3.0,3,,,,,,,,
,,,,,17655,3.0,3,,,,,,,,
,,,,,17658,3.0,3,,,,,,,,
,,,,,17661,3.0,3,,,,,,,,
,,,,,17664,3.0,3,,,,,,,,
,,,,,17667,3.0,3,,,,,,,,
,,,,,17670,3.0,3,,,,,,,,
,,,,,17673,3.0,3,,,,,,,,
,,,,,17676,3.0,3,,,,,,,,
,,,,,17679,3.0,3,,,,,,,,
,,,,,17682,3.0,3,,,,,,,,
,,,,,17685,3.0,3,,,,,,,,
,,,,,17688,3.0,3,,,,,,,,
,,,,,17691,3.0,3,,,,,,,,
,,,,,17694,3.0,3,,,,,,,,
,,,,,17697,3.0,3,,,,,,,,
,,,,,17700,3.0,3,,,,,,,,
,,,,,17703,3.0,3,,,,,,,,
,,,,,17706,3.0,3,,,,,,,,
,,,,,17709,3.0,3,,,,,,,,
,,,,,17712,3.0,3,,,,,,,,
,,,,,17715,3.0,3,,,,,,,,
,,,,,17718,3.0,3,,,,,,,,
,,,,,17721,3.0,3,,,,,,,,
,,,,,17724,3.0,3,,,,,,,,
,,,,,17727,3.0,3,,,,,,,,
,,,,,17730,3.0,3,,,,,,,,
,,,,,17733,3.0,3,,,,,,,,
,,,,,17736,3.0,3,,,,,,,,
,,,,,17739,3.0,3,,,,,,,,
,,,,,17742,3.0,3,,,,,,,,
,,,,,17745,3.0,3,,,,,,,,
,,,,,17748,3.0,3,,,,,,,,
,,,,,17751,3.0,3,,,,,,,,
,,,,,17754,3.0,3,,,,,,,,
,,,,,17757,3.0,3,,,,,,,,
,,,,,17760,3.0,3,,,,,,,,
,,,,,17763,3.0,3,,,,,,,,
,,,,,17766,3.0,3,,,,,,,,
,,,,,17769,3.0,3,,,,,,,,
,,,,,17772,3.0,3,,,,,,,,
,,,,,17775,3.0,3,,,,,,,,
,,,,,17778,3.0,3,,,,,,,,
,,,,,17782,4.0,4,,,,,,,,
,,,,,17785,3.0,3,,,,,,,,
,,,,,17788,3.0,3,,,,,,,,
,,,,,17791,3.0,3,,,,,,,,
,,,,,17794,3.0,3,,,,,,,,
,,,,,17797,3.0,3,,,,,,,,
,,,,,17800,3.0,3,,,,,,,,
,,,,,17803,3.0,3,,,,,,,,
,,,,,17806,3.0,3,,,,,,,,
,,,,,17809,3.0,3,,,,,,,,
,,,,,17812,3.0,3,,,,,,,,
,,,,,17815,3.0,3,,,,,,,,
,,,,,17818,3.0,3,,,,,,,,
,,,,,17821,3.0,3,,,,,,,,
,,,,,17824,3.0,3,,,,,,,,
,,,,,17827,3.0,3,,,,,,,,
,,,,,17830,3.0,3,,,,,,,,
,,,,,17836,6.0,6,,,,,,,,
,,,,,17839,3.0,3,,,,,,,,
,,,,,17842,3.0,3,,,,,,,,
,,,,,17845,3.0,3,,,,,,,,
,,,,,17849,4.0,4,,,,,,,,
,,,,,17852,3.0,3,,,,,,,,
,,,,,17855,3.0,3,,,,,,,,
,,,,,17858,3.0,3,,,,,,,,
,,,,,17861,3.0,3,,,,,,,,
,,,,,17864,3.0,3,,,,,,,,
,,,,,17868,4.0,4,,,,,,,,
,,,,,17871,3.0,3,,,,,,,,
,,,,,17875,4.0,4,,,,,,,,
,,,,,17878,3.0,3,,,,,,,,
,,,,,17882,4.0,4,,,,,,,,
,,,,,17885,3.0,3,,,,,,,,
,,,,,17889,4.0,4,,,,,,,,
,,,,,17892,3.0,3,,,,,,,,
,,,,,17896,4.0,4,,,,,,,,
,,,,,17899,3.0,3,,,,,,,,
,,,,,17902,3.0,3,,,,,,,,
,,,,,17905,3.0,3,,,,,,,,
,,,,,17908,3.0,3,,,,,,,,
,,,,,17911,3.0,3,,,,,,,,
,,,,,17914,3.0,3,,,,,,,,
,,,,,17918,4.0,4,,,,,,,,
,,,,,17921,3.0,3,,,,,,,,
,,,,,17925,4.0,4,,,,,,,,
,,,,,17928,3.0,3,,,,,,,,
,,,,,17931,3.0,3,,,,,,,,
,,,,,17935,4.0,4,,,,,,,,
,,,,,17938,3.0,3,,,,,,,,
,,,,,17941,3.0,3,,,,,,,,
,,,,,17945,4.0,4,,,,,,,,
,,,,,17948,3.0,3,,,,,,,,
,,,,,17951,3.0,3,,,,,,,,
,,,,,17954,3.0,3,,,,,,,,
,,,,,17957,3.0,3,,,,,,,,
,,,,,17961,4.0,4,,,,,,,,
,,,,,17964,3.0,3,,,,,,,,
,,,,,17967,3.0,3,,,,,,,,
,,,,,17970,3.0,3,,,,,,,,
,,,,,17973,3.0,3,,,,,,,,
,,,,,17976,3.0,3,,,,,,,,
,,,,,17979,3.0,3,,,,,,,,
,,,,,17982,3.0,3,,,,,,,,
,,,,,17985,3.0,3,,,,,,,,
,,,,,17988,3.0,3,,,,,,,,
,,,,,17991,3.0,3,,,,,,,,
,,,,,17994,3.0,3,,,,,,,,
,,,,,17997,3.0,3,,,,,,,,
,,,,,18000,3.0,3,,,,,,,,
,,,,,18000,,,-0.1674705594778061,-1.6747055053710938,0.08344046771526337,2.3818681240081787,2.407163619995117,0.0003,0.0003,0.1
,,,,,18003,3.0,3,,,,,,,,
,,,,,18006,3.0,3,,,,,,,,
,,,,,18009,3.0,3,,,,,,,,
,,,,,18012,3.0,3,,,,,,,,
,,,,,18015,3.0,3,,,,,,,,
,,,,,18018,3.0,3,,,,,,,,
,,,,,18021,3.0,3,,,,,,,,
,,,,,18024,3.0,3,,,,,,,,
,,,,,18027,3.0,3,,,,,,,,
,,,,,18030,3.0,3,,,,,,,,
,,,,,18033,3.0,3,,,,,,,,
,,,,,18036,3.0,3,,,,,,,,
,,,,,18039,3.0,3,,,,,,,,
,,,,,18042,3.0,3,,,,,,,,
,,,,,18045,3.0,3,,,,,,,,
,,,,,18048,3.0,3,,,,,,,,
,,,,,18051,3.0,3,,,,,,,,
,,,,,18054,3.0,3,,,,,,,,
,,,,,18058,4.0,4,,,,,,,,
,,,,,18062,4.0,4,,,,,,,,
,,,,,18065,3.0,3,,,,,,,,
,,,,,18068,3.0,3,,,,,,,,
,,,,,18071,3.0,3,,,,,,,,
,,,,,18074,3.0,3,,,,,,,,
,,,,,18077,3.0,3,,,,,,,,
,,,,,18080,3.0,3,,,,,,,,
,,,,,18083,3.0,3,,,,,,,,
,,,,,18086,3.0,3,,,,,,,,
,,,,,18089,3.0,3,,,,,,,,
,,,,,18092,3.0,3,,,,,,,,
,,,,,18095,3.0,3,,,,,,,,
,,,,,18098,3.0,3,,,,,,,,
,,,,,18101,3.0,3,,,,,,,,
,,,,,18104,3.0,3,,,,,,,,
,,,,,18107,3.0,3,,,,,,,,
,,,,,18110,3.0,3,,,,,,,,
,,,,,18113,3.0,3,,,,,,,,
,,,,,18117,4.0,4,,,,,,,,
,,,,,18120,3.0,3,,,,,,,,
,,,,,18123,3.0,3,,,,,,,,
,,,,,18127,4.0,4,,,,,,,,
,,,,,18131,4.0,4,,,,,,,,
,,,,,18134,3.0,3,,,,,,,,
,,,,,18138,4.0,4,,,,,,,,
,,,,,18142,4.0,4,,,,,,,,
,,,,,18146,4.0,4,,,,,,,,
,,,,,18149,3.0,3,,,,,,,,
,,,,,18153,4.0,4,,,,,,,,
,,,,,18158,5.0,5,,,,,,,,
,,,,,18162,4.0,4,,,,,,,,
,,,,,18165,3.0,3,,,,,,,,
,,,,,18169,4.0,4,,,,,,,,
,,,,,18172,3.0,3,,,,,,,,
,,,,,18175,3.0,3,,,,,,,,
,,,,,18179,4.0,4,,,,,,,,
,,,,,18186,7.0,7,,,,,,,,
,,,,,18189,3.0,3,,,,,,,,
,,,,,18192,3.0,3,,,,,,,,
,,,,,18196,4.0,4,,,,,,,,
,,,,,18199,3.0,3,,,,,,,,
,,,,,18202,3.0,3,,,,,,,,
,,,,,18205,3.0,3,,,,,,,,
,,,,,18208,3.0,3,,,,,,,,
,,,,,18212,4.0,4,,,,,,,,
,,,,,18216,4.0,4,,,,,,,,
,,,,,18219,3.0,3,,,,,,,,
,,,,,18223,4.0,4,,,,,,,,
,,,,,18227,4.0,4,,,,,,,,
,,,,,18230,3.0,3,,,,,,,,
,,,,,18233,3.0,3,,,,,,,,
,,,,,18236,3.0,3,,,,,,,,
,,,,,18241,5.0,5,,,,,,,,
,,,,,18244,3.0,3,,,,,,,,
,,,,,18247,3.0,3,,,,,,,,
,,,,,18250,3.0,3,,,,,,,,
,,,,,18253,3.0,3,,,,,,,,
,,,,,18256,3.0,3,,,,,,,,
,,,,,18259,3.0,3,,,,,,,,
,,,,,18262,3.0,3,,,,,,,,
,,,,,18265,3.0,3,,,,,,,,
,,,,,18268,3.0,3,,,,,,,,
,,,,,18271,3.0,3,,,,,,,,
,,,,,18275,4.0,4,,,,,,,,
,,,,,18278,3.0,3,,,,,,,,
,,,,,18282,4.0,4,,,,,,,,
,,,,,18286,4.0,4,,,,,,,,
,,,,,18289,3.0,3,,,,,,,,
,,,,,18292,3.0,3,,,,,,,,
,,,,,18295,3.0,3,,,,,,,,
,,,,,18300,5.0,5,,,,,,,,
,,,,,18303,3.0,3,,,,,,,,
,,,,,18306,3.0,3,,,,,,,,
,,,,,18309,3.0,3,,,,,,,,
,,,,,18312,3.0,3,,,,,,,,
,,,,,18315,3.0,3,,,,,,,,
,,,,,18318,3.0,3,,,,,,,,
,,,,,18321,3.0,3,,,,,,,,
,,,,,18324,3.0,3,,,,,,,,
,,,,,18327,3.0,3,,,,,,,,
,,,,,18331,4.0,4,,,,,,,,
,,,,,18334,3.0,3,,,,,,,,
,,,,,18338,4.0,4,,,,,,,,
,,,,,18341,3.0,3,,,,,,,,
,,,,,18344,3.0,3,,,,,,,,
,,,,,18347,3.0,3,,,,,,,,
,,,,,18351,4.0,4,,,,,,,,
,,,,,18356,5.0,5,,,,,,,,
,,,,,18359,3.0,3,,,,,,,,
,,,,,18362,3.0,3,,,,,,,,
,,,,,18365,3.0,3,,,,,,,,
,,,,,18368,3.0,3,,,,,,,,
,,,,,18371,3.0,3,,,,,,,,
,,,,,18374,3.0,3,,,,,,,,
,,,,,18378,4.0,4,,,,,,,,
,,,,,18381,3.0,3,,,,,,,,
,,,,,18385,4.0,4,,,,,,,,
,,,,,18389,4.0,4,,,,,,,,
,,,,,18392,3.0,3,,,,,,,,
,,,,,18395,3.0,3,,,,,,,,
,,,,,18398,3.0,3,,,,,,,,
,,,,,18401,3.0,3,,,,,,,,
,,,,,18404,3.0,3,,,,,,,,
,,,,,18407,3.0,3,,,,,,,,
,,,,,18410,3.0,3,,,,,,,,
,,,,,18413,3.0,3,,,,,,,,
,,,,,18416,3.0,3,,,,,,,,
,,,,,18419,3.0,3,,,,,,,,
,,,,,18423,4.0,4,,,,,,,,
,,,,,18427,4.0,4,,,,,,,,
,,,,,18430,3.0,3,,,,,,,,
,,,,,18433,3.0,3,,,,,,,,
,,,,,18436,3.0,3,,,,,,,,
,,,,,18439,3.0,3,,,,,,,,
,,,,,18442,3.0,3,,,,,,,,
,,,,,18445,3.0,3,,,,,,,,
,,,,,18448,3.0,3,,,,,,,,
,,,,,18452,4.0,4,,,,,,,,
,,,,,18456,4.0,4,,,,,,,,
,,,,,18459,3.0,3,,,,,,,,
,,,,,18462,3.0,3,,,,,,,,
,,,,,18466,4.0,4,,,,,,,,
,,,,,18469,3.0,3,,,,,,,,
,,,,,18472,3.0,3,,,,,,,,
,,,,,18475,3.0,3,,,,,,,,
,,,,,18478,3.0,3,,,,,,,,
,,,,,18481,3.0,3,,,,,,,,
,,,,,18484,3.0,3,,,,,,,,
,,,,,18488,4.0,4,,,,,,,,
,,,,,18491,3.0,3,,,,,,,,
,,,,,18494,3.0,3,,,,,,,,
,,,,,18497,3.0,3,,,,,,,,
,,,,,18500,3.0,3,,,,,,,,
,,,,,18503,3.0,3,,,,,,,,
,,,,,18506,3.0,3,,,,,,,,
,,,,,18509,3.0,3,,,,,,,,
,,,,,18512,3.0,3,,,,,,,,
,,,,,18515,3.0,3,,,,,,,,
,,,,,18518,3.0,3,,,,,,,,
,,,,,18521,3.0,3,,,,,,,,
,,,,,18524,3.0,3,,,,,,,,
,,,,,18527,3.0,3,,,,,,,,
,,,,,18530,3.0,3,,,,,,,,
,,,,,18533,3.0,3,,,,,,,,
,,,,,18536,3.0,3,,,,,,,,
,,,,,18539,3.0,3,,,,,,,,
,,,,,18542,3.0,3,,,,,,,,
,,,,,18546,4.0,4,,,,,,,,
,,,,,18550,4.0,4,,,,,,,,
,,,,,18554,4.0,4,,,,,,,,
,,,,,18557,3.0,3,,,,,,,,
,,,,,18560,3.0,3,,,,,,,,
,,,,,18563,3.0,3,,,,,,,,
,,,,,18566,3.0,3,,,,,,,,
,,,,,18570,4.0,4,,,,,,,,
,,,,,18573,3.0,3,,,,,,,,
,,,,,18576,3.0,3,,,,,,,,
,,,,,18579,3.0,3,,,,,,,,
,,,,,18582,3.0,3,,,,,,,,
,,,,,18585,3.0,3,,,,,,,,
,,,,,18589,4.0,4,,,,,,,,
,,,,,18592,3.0,3,,,,,,,,
,,,,,18595,3.0,3,,,,,,,,
,,,,,18598,3.0,3,,,,,,,,
,,,,,18602,4.0,4,,,,,,,,
,,,,,18605,3.0,3,,,,,,,,
,,,,,18611,6.0,6,,,,,,,,
,,,,,18615,4.0,4,,,,,,,,
,,,,,18622,7.0,7,,,,,,,,
,,,,,18626,4.0,4,,,,,,,,
,,,,,18631,5.0,5,,,,,,,,
,,,,,18634,3.0,3,,,,,,,,
,,,,,18637,3.0,3,,,,,,,,
,,,,,18640,3.0,3,,,,,,,,
,,,,,18643,3.0,3,,,,,,,,
,,,,,18646,3.0,3,,,,,,,,
,,,,,18650,4.0,4,,,,,,,,
,,,,,18653,3.0,3,,,,,,,,
,,,,,18658,5.0,5,,,,,,,,
,,,,,18661,3.0,3,,,,,,,,
,,,,,18664,3.0,3,,,,,,,,
,,,,,18667,3.0,3,,,,,,,,
,,,,,18671,4.0,4,,,,,,,,
,,,,,18674,3.0,3,,,,,,,,
,,,,,18677,3.0,3,,,,,,,,
,,,,,18680,3.0,3,,,,,,,,
,,,,,18684,4.0,4,,,,,,,,
,,,,,18687,3.0,3,,,,,,,,
,,,,,18690,3.0,3,,,,,,,,
,,,,,18693,3.0,3,,,,,,,,
,,,,,18696,3.0,3,,,,,,,,
,,,,,18699,3.0,3,,,,,,,,
,,,,,18703,4.0,4,,,,,,,,
,,,,,18706,3.0,3,,,,,,,,
,,,,,18709,3.0,3,,,,,,,,
,,,,,18712,3.0,3,,,,,,,,
,,,,,18715,3.0,3,,,,,,,,
,,,,,18718,3.0,3,,,,,,,,
,,,,,18721,3.0,3,,,,,,,,
,,,,,18724,3.0,3,,,,,,,,
,,,,,18727,3.0,3,,,,,,,,
,,,,,18730,3.0,3,,,,,,,,
,,,,,18733,3.0,3,,,,,,,,
,,,,,18736,3.0,3,,,,,,,,
,,,,,18739,3.0,3,,,,,,,,
,,,,,18742,3.0,3,,,,,,,,
,,,,,18745,3.0,3,,,,,,,,
,,,,,18748,3.0,3,,,,,,,,
,,,,,18753,5.0,5,,,,,,,,
,,,,,18756,3.0,3,,,,,,,,
,,,,,18759,3.0,3,,,,,,,,
,,,,,18762,3.0,3,,,,,,,,
,,,,,18765,3.0,3,,,,,,,,
,,,,,18770,5.0,5,,,,,,,,
,,,,,18775,5.0,5,,,,,,,,
,,,,,18778,3.0,3,,,,,,,,
,,,,,18781,3.0,3,,,,,,,,
,,,,,18784,3.0,3,,,,,,,,
,,,,,18787,3.0,3,,,,,,,,
,,,,,18790,3.0,3,,,,,,,,
,,,,,18793,3.0,3,,,,,,,,
,,,,,18796,3.0,3,,,,,,,,
,,,,,18800,4.0,4,,,,,,,,
,,,,,18804,4.0,4,,,,,,,,
,,,,,18808,4.0,4,,,,,,,,
,,,,,18813,5.0,5,,,,,,,,
,,,,,18816,3.0,3,,,,,,,,
,,,,,18820,4.0,4,,,,,,,,
,,,,,18823,3.0,3,,,,,,,,
,,,,,18826,3.0,3,,,,,,,,
,,,,,18830,4.0,4,,,,,,,,
,,,,,18834,4.0,4,,,,,,,,
,,,,,18837,3.0,3,,,,,,,,
,,,,,18840,3.0,3,,,,,,,,
,,,,,18843,3.0,3,,,,,,,,
,,,,,18848,5.0,5,,,,,,,,
,,,,,18851,3.0,3,,,,,,,,
,,,,,18855,4.0,4,,,,,,,,
,,,,,18858,3.0,3,,,,,,,,
,,,,,18861,3.0,3,,,,,,,,
,,,,,18864,3.0,3,,,,,,,,
,,,,,18868,4.0,4,,,,,,,,
,,,,,18871,3.0,3,,,,,,,,
,,,,,18874,3.0,3,,,,,,,,
,,,,,18879,5.0,5,,,,,,,,
,,,,,18882,3.0,3,,,,,,,,
,,,,,18887,5.0,5,,,,,,,,
,,,,,18891,4.0,4,,,,,,,,
,,,,,18894,3.0,3,,,,,,,,
,,,,,18897,3.0,3,,,,,,,,
,,,,,18901,4.0,4,,,,,,,,
,,,,,18906,5.0,5,,,,,,,,
,,,,,18909,3.0,3,,,,,,,,
,,,,,18912,3.0,3,,,,,,,,
,,,,,18916,4.0,4,,,,,,,,
,,,,,18919,3.0,3,,,,,,,,
,,,,,18922,3.0,3,,,,,,,,
,,,,,18927,5.0,5,,,,,,,,
,,,,,18930,3.0,3,,,,,,,,
,,,,,18933,3.0,3,,,,,,,,
,,,,,18936,3.0,3,,,,,,,,
,,,,,18940,4.0,4,,,,,,,,
,,,,,18945,5.0,5,,,,,,,,
,,,,,18948,3.0,3,,,,,,,,
,,,,,18951,3.0,3,,,,,,,,
,,,,,18954,3.0,3,,,,,,,,
,,,,,18957,3.0,3,,,,,,,,
,,,,,18960,3.0,3,,,,,,,,
,,,,,18964,4.0,4,,,,,,,,
,,,,,18967,3.0,3,,,,,,,,
,,,,,18971,4.0,4,,,,,,,,
,,,,,18975,4.0,4,,,,,,,,
,,,,,18980,5.0,5,,,,,,,,
,,,,,18983,3.0,3,,,,,,,,
,,,,,18988,5.0,5,,,,,,,,
,,,,,18991,3.0,3,,,,,,,,
,,,,,18994,3.0,3,,,,,,,,
,,,,,18999,5.0,5,,,,,,,,
,,,,,19000,,,-0.19670243561267853,-1.967024326324463,0.12641218304634094,2.734621286392212,2.682779312133789,0.0003,0.0003,0.1
,,,,,19002,3.0,3,,,,,,,,
,,,,,19005,3.0,3,,,,,,,,
,,,,,19008,3.0,3,,,,,,,,
,,,,,19011,3.0,3,,,,,,,,
,,,,,19014,3.0,3,,,,,,,,
,,,,,19018,4.0,4,,,,,,,,
,,,,,19022,4.0,4,,,,,,,,
,,,,,19025,3.0,3,,,,,,,,
,,,,,19029,4.0,4,,,,,,,,
,,,,,19032,3.0,3,,,,,,,,
,,,,,19036,4.0,4,,,,,,,,
,,,,,19039,3.0,3,,,,,,,,
,,,,,19043,4.0,4,,,,,,,,
,,,,,19046,3.0,3,,,,,,,,
,,,,,19050,4.0,4,,,,,,,,
,,,,,19053,3.0,3,,,,,,,,
,,,,,19056,3.0,3,,,,,,,,
,,,,,19059,3.0,3,,,,,,,,
,,,,,19062,3.0,3,,,,,,,,
,,,,,19066,4.0,4,,,,,,,,
,,,,,19069,3.0,3,,,,,,,,
,,,,,19074,5.0,5,,,,,,,,
,,,,,19078,4.0,4,,,,,,,,
,,,,,19081,3.0,3,,,,,,,,
,,,,,19084,3.0,3,,,,,,,,
,,,,,19087,3.0,3,,,,,,,,
,,,,,19092,5.0,5,,,,,,,,
,,,,,19095,3.0,3,,,,,,,,
,,,,,19099,4.0,4,,,,,,,,
,,,,,19103,4.0,4,,,,,,,,
,,,,,19106,3.0,3,,,,,,,,
,,,,,19110,4.0,4,,,,,,,,
,,,,,19115,5.0,5,,,,,,,,
,,,,,19119,4.0,4,,,,,,,,
,,,,,19123,4.0,4,,,,,,,,
,,,,,19128,5.0,5,,,,,,,,
,,,,,19132,4.0,4,,,,,,,,
,,,,,19139,7.0,7,,,,,,,,
,,,,,19142,3.0,3,,,,,,,,
,,,,,19145,3.0,3,,,,,,,,
,,,,,19148,3.0,3,,,,,,,,
,,,,,19153,5.0,5,,,,,,,,
,,,,,19156,3.0,3,,,,,,,,
,,,,,19160,4.0,4,,,,,,,,
,,,,,19164,4.0,4,,,,,,,,
,,,,,19168,4.0,4,,,,,,,,
,,,,,19171,3.0,3,,,,,,,,
,,,,,19175,4.0,4,,,,,,,,
,,,,,19179,4.0,4,,,,,,,,
,,,,,19183,4.0,4,,,,,,,,
,,,,,19187,4.0,4,,,,,,,,
,,,,,19190,3.0,3,,,,,,,,
,,,,,19194,4.0,4,,,,,,,,
,,,,,19197,3.0,3,,,,,,,,
,,,,,19200,3.0,3,,,,,,,,
,,,,,19203,3.0,3,,,,,,,,
,,,,,19208,5.0,5,,,,,,,,
,,,,,19211,3.0,3,,,,,,,,
,,,,,19214,3.0,3,,,,,,,,
,,,,,19220,6.0,6,,,,,,,,
,,,,,19224,4.0,4,,,,,,,,
,,,,,19227,3.0,3,,,,,,,,
,,,,,19230,3.0,3,,,,,,,,
,,,,,19233,3.0,3,,,,,,,,
,,,,,19236,3.0,3,,,,,,,,
,,,,,19241,5.0,5,,,,,,,,
,,,,,19244,3.0,3,,,,,,,,
,,,,,19248,4.0,4,,,,,,,,
,,,,,19251,3.0,3,,,,,,,,
,,,,,19254,3.0,3,,,,,,,,
,,,,,19257,3.0,3,,,,,,,,
,,,,,19262,5.0,5,,,,,,,,
,,,,,19265,3.0,3,,,,,,,,
,,,,,19268,3.0,3,,,,,,,,
,,,,,19272,4.0,4,,,,,,,,
,,,,,19275,3.0,3,,,,,,,,
,,,,,19278,3.0,3,,,,,,,,
,,,,,19282,4.0,4,,,,,,,,
,,,,,19285,3.0,3,,,,,,,,
,,,,,19290,5.0,5,,,,,,,,
,,,,,19294,4.0,4,,,,,,,,
,,,,,19297,3.0,3,,,,,,,,
,,,,,19304,7.0,7,,,,,,,,
,,,,,19307,3.0,3,,,,,,,,
,,,,,19310,3.0,3,,,,,,,,
,,,,,19314,4.0,4,,,,,,,,
,,,,,19319,5.0,5,,,,,,,,
,,,,,19323,4.0,4,,,,,,,,
,,,,,19326,3.0,3,,,,,,,,
,,,,,19329,3.0,3,,,,,,,,
,,,,,19333,4.0,4,,,,,,,,
,,,,,19337,4.0,4,,,,,,,,
,,,,,19341,4.0,4,,,,,,,,
,,,,,19344,3.0,3,,,,,,,,
,,,,,19348,4.0,4,,,,,,,,
,,,,,19351,3.0,3,,,,,,,,
,,,,,19355,4.0,4,,,,,,,,
,,,,,19360,5.0,5,,,,,,,,
,,,,,19364,4.0,4,,,,,,,,
,,,,,19367,3.0,3,,,,,,,,
,,,,,19370,3.0,3,,,,,,,,
,,,,,19373,3.0,3,,,,,,,,
,,,,,19377,4.0,4,,,,,,,,
,,,,,19380,3.0,3,,,,,,,,
,,,,,19385,5.0,5,,,,,,,,
,,,,,19388,3.0,3,,,,,,,,
,,,,,19393,5.0,5,,,,,,,,
,,,,,19397,4.0,4,,,,,,,,
,,,,,19400,3.0,3,,,,,,,,
,,,,,19404,4.0,4,,,,,,,,
,,,,,19408,4.0,4,,,,,,,,
,,,,,19413,5.0,5,,,,,,,,
,,,,,19416,3.0,3,,,,,,,,
,,,,,19420,4.0,4,,,,,,,,
,,,,,19426,6.0,6,,,,,,,,
,,,,,19429,3.0,3,,,,,,,,
,,,,,19433,4.0,4,,,,,,,,
,,,,,19436,3.0,3,,,,,,,,
,,,,,19439,3.0,3,,,,,,,,
,,,,,19442,3.0,3,,,,,,,,
,,,,,19445,3.0,3,,,,,,,,
,,,,,19448,3.0,3,,,,,,,,
,,,,,19452,4.0,4,,,,,,,,
,,,,,19456,4.0,4,,,,,,,,
,,,,,19461,5.0,5,,,,,,,,
,,,,,19464,3.0,3,,,,,,,,
,,,,,19469,5.0,5,,,,,,,,
,,,,,19472,3.0,3,,,,,,,,
,,,,,19475,3.0,3,,,,,,,,
,,,,,19479,4.0,4,,,,,,,,
,,,,,19484,5.0,5,,,,,,,,
,,,,,19488,4.0,4,,,,,,,,
,,,,,19491,3.0,3,,,,,,,,
,,,,,19494,3.0,3,,,,,,,,
,,,,,19499,5.0,5,,,,,,,,
,,,,,19507,8.0,8,,,,,,,,
,,,,,19513,6.0,6,,,,,,,,
,,,,,19516,3.0,3,,,,,,,,
,,,,,19520,4.0,4,,,,,,,,
,,,,,19523,3.0,3,,,,,,,,
,,,,,19526,3.0,3,,,,,,,,
,,,,,19529,3.0,3,,,,,,,,
,,,,,19534,5.0,5,,,,,,,,
,,,,,19538,4.0,4,,,,,,,,
,,,,,19541,3.0,3,,,,,,,,
,,,,,19544,3.0,3,,,,,,,,
,,,,,19547,3.0,3,,,,,,,,
,,,,,19551,4.0,4,,,,,,,,
,,,,,19554,3.0,3,,,,,,,,
,,,,,19558,4.0,4,,,,,,,,
,,,,,19564,6.0,6,,,,,,,,
,,,,,19568,4.0,4,,,,,,,,
,,,,,19571,3.0,3,,,,,,,,
,,,,,19575,4.0,4,,,,,,,,
,,,,,19579,4.0,4,,,,,,,,
,,,,,19582,3.0,3,,,,,,,,
,,,,,19585,3.0,3,,,,,,,,
,,,,,19590,5.0,5,,,,,,,,
,,,,,19594,4.0,4,,,,,,,,
,,,,,19598,4.0,4,,,,,,,,
,,,,,19602,4.0,4,,,,,,,,
,,,,,19606,4.0,4,,,,,,,,
,,,,,19609,3.0,3,,,,,,,,
,,,,,19613,4.0,4,,,,,,,,
,,,,,19617,4.0,4,,,,,,,,
,,,,,19620,3.0,3,,,,,,,,
,,,,,19623,3.0,3,,,,,,,,
,,,,,19626,3.0,3,,,,,,,,
,,,,,19629,3.0,3,,,,,,,,
,,,,,19632,3.0,3,,,,,,,,
,,,,,19637,5.0,5,,,,,,,,
,,,,,19641,4.0,4,,,,,,,,
,,,,,19647,6.0,6,,,,,,,,
,,,,,19650,3.0,3,,,,,,,,
,,,,,19653,3.0,3,,,,,,,,
,,,,,19657,4.0,4,,,,,,,,
,,,,,19663,6.0,6,,,,,,,,
,,,,,19666,3.0,3,,,,,,,,
,,,,,19669,3.0,3,,,,,,,,
,,,,,19672,3.0,3,,,,,,,,
,,,,,19677,5.0,5,,,,,,,,
,,,,,19680,3.0,3,,,,,,,,
,,,,,19683,3.0,3,,,,,,,,
,,,,,19686,3.0,3,,,,,,,,
,,,,,19689,3.0,3,,,,,,,,
,,,,,19692,3.0,3,,,,,,,,
,,,,,19695,3.0,3,,,,,,,,
,,,,,19699,4.0,4,,,,,,,,
,,,,,19702,3.0,3,,,,,,,,
,,,,,19706,4.0,4,,,,,,,,
,,,,,19710,4.0,4,,,,,,,,
,,,,,19716,6.0,6,,,,,,,,
,,,,,19719,3.0,3,,,,,,,,
,,,,,19722,3.0,3,,,,,,,,
,,,,,19727,5.0,5,,,,,,,,
,,,,,19730,3.0,3,,,,,,,,
,,,,,19735,5.0,5,,,,,,,,
,,,,,19738,3.0,3,,,,,,,,
,,,,,19742,4.0,4,,,,,,,,
,,,,,19745,3.0,3,,,,,,,,
,,,,,19748,3.0,3,,,,,,,,
,,,,,19753,5.0,5,,,,,,,,
,,,,,19757,4.0,4,,,,,,,,
,,,,,19761,4.0,4,,,,,,,,
,,,,,19765,4.0,4,,,,,,,,
,,,,,19769,4.0,4,,,,,,,,
,,,,,19774,5.0,5,,,,,,,,
,,,,,19778,4.0,4,,,,,,,,
,,,,,19783,5.0,5,,,,,,,,
,,,,,19788,5.0,5,,,,,,,,
,,,,,19793,5.0,5,,,,,,,,
,,,,,19797,4.0,4,,,,,,,,
,,,,,19801,4.0,4,,,,,,,,
,,,,,19806,5.0,5,,,,,,,,
,,,,,19810,4.0,4,,,,,,,,
,,,,,19813,3.0,3,,,,,,,,
,,,,,19818,5.0,5,,,,,,,,
,,,,,19824,6.0,6,,,,,,,,
,,,,,19828,4.0,4,,,,,,,,
,,,,,19831,3.0,3,,,,,,,,
,,,,,19834,3.0,3,,,,,,,,
,,,,,19839,5.0,5,,,,,,,,
,,,,,19842,3.0,3,,,,,,,,
,,,,,19845,3.0,3,,,,,,,,
,,,,,19848,3.0,3,,,,,,,,
,,,,,19852,4.0,4,,,,,,,,
,,,,,19857,5.0,5,,,,,,,,
,,,,,19860,3.0,3,,,,,,,,
,,,,,19865,5.0,5,,,,,,,,
,,,,,19868,3.0,3,,,,,,,,
,,,,,19871,3.0,3,,,,,,,,
,,,,,19874,3.0,3,,,,,,,,
,,,,,19877,3.0,3,,,,,,,,
,,,,,19880,3.0,3,,,,,,,,
,,,,,19884,4.0,4,,,,,,,,
,,,,,19887,3.0,3,,,,,,,,
,,,,,19890,3.0,3,,,,,,,,
,,,,,19893,3.0,3,,,,,,,,
,,,,,19898,5.0,5,,,,,,,,
,,,,,19901,3.0,3,,,,,,,,
,,,,,19904,3.0,3,,,,,,,,
,,,,,19907,3.0,3,,,,,,,,
,,,,,19910,3.0,3,,,,,,,,
,,,,,19913,3.0,3,,,,,,,,
,,,,,19916,3.0,3,,,,,,,,
,,,,,19919,3.0,3,,,,,,,,
,,,,,19924,5.0,5,,,,,,,,
,,,,,19927,3.0,3,,,,,,,,
,,,,,19930,3.0,3,,,,,,,,
,,,,,19933,3.0,3,,,,,,,,
,,,,,19937,4.0,4,,,,,,,,
,,,,,19941,4.0,4,,,,,,,,
,,,,,19944,3.0,3,,,,,,,,
,,,,,19948,4.0,4,,,,,,,,
,,,,,19954,6.0,6,,,,,,,,
,,,,,19958,4.0,4,,,,,,,,
,,,,,19961,3.0,3,,,,,,,,
,,,,,19964,3.0,3,,,,,,,,
,,,,,19967,3.0,3,,,,,,,,
,,,,,19971,4.0,4,,,,,,,,
,,,,,19974,3.0,3,,,,,,,,
,,,,,19978,4.0,4,,,,,,,,
,,,,,19981,3.0,3,,,,,,,,
,,,,,19984,3.0,3,,,,,,,,
,,,,,19987,3.0,3,,,,,,,,
,,,,,19991,4.0,4,,,,,,,,
,,,,,19994,3.0,3,,,,,,,,
,,,,,19997,3.0,3,,,,,,,,
3.6,0.8,5.0,3.0,3.6,20000,,,-0.22313837707042694,-2.231383800506592,0.13115490972995758,2.934011459350586,2.925576686859131,0.0003,0.0003,0.1
,,,,,20001,4.0,4,,,,,,,,
,,,,,20005,4.0,4,,,,,,,,
,,,,,20009,4.0,4,,,,,,,,
,,,,,20012,3.0,3,,,,,,,,
,,,,,20016,4.0,4,,,,,,,,
,,,,,20019,3.0,3,,,,,,,,
,,,,,20022,3.0,3,,,,,,,,
,,,,,20025,3.0,3,,,,,,,,
,,,,,20028,3.0,3,,,,,,,,
,,,,,20033,5.0,5,,,,,,,,
,,,,,20036,3.0,3,,,,,,,,
,,,,,20039,3.0,3,,,,,,,,
,,,,,20042,3.0,3,,,,,,,,
,,,,,20045,3.0,3,,,,,,,,
,,,,,20048,3.0,3,,,,,,,,
,,,,,20051,3.0,3,,,,,,,,
,,,,,20054,3.0,3,,,,,,,,
,,,,,20057,3.0,3,,,,,,,,
,,,,,20060,3.0,3,,,,,,,,
,,,,,20065,5.0,5,,,,,,,,
,,,,,20068,3.0,3,,,,,,,,
,,,,,20073,5.0,5,,,,,,,,
,,,,,20076,3.0,3,,,,,,,,
,,,,,20081,5.0,5,,,,,,,,
,,,,,20084,3.0,3,,,,,,,,
,,,,,20089,5.0,5,,,,,,,,
,,,,,20093,4.0,4,,,,,,,,
,,,,,20097,4.0,4,,,,,,,,
,,,,,20101,4.0,4,,,,,,,,
,,,,,20106,5.0,5,,,,,,,,
,,,,,20111,5.0,5,,,,,,,,
,,,,,20116,5.0,5,,,,,,,,
,,,,,20119,3.0,3,,,,,,,,
,,,,,20122,3.0,3,,,,,,,,
,,,,,20126,4.0,4,,,,,,,,
,,,,,20130,4.0,4,,,,,,,,
,,,,,20133,3.0,3,,,,,,,,
,,,,,20136,3.0,3,,,,,,,,
,,,,,20139,3.0,3,,,,,,,,
,,,,,20143,4.0,4,,,,,,,,
,,,,,20149,6.0,6,,,,,,,,
,,,,,20153,4.0,4,,,,,,,,
,,,,,20157,4.0,4,,,,,,,,
,,,,,20160,3.0,3,,,,,,,,
,,,,,20164,4.0,4,,,,,,,,
,,,,,20168,4.0,4,,,,,,,,
,,,,,20172,4.0,4,,,,,,,,
,,,,,20176,4.0,4,,,,,,,,
,,,,,20181,5.0,5,,,,,,,,
,,,,,20185,4.0,4,,,,,,,,
,,,,,20188,3.0,3,,,,,,,,
,,,,,20192,4.0,4,,,,,,,,
,,,,,20195,3.0,3,,,,,,,,
,,,,,20198,3.0,3,,,,,,,,
,,,,,20203,5.0,5,,,,,,,,
,,,,,20208,5.0,5,,,,,,,,
,,,,,20211,3.0,3,,,,,,,,
,,,,,20215,4.0,4,,,,,,,,
,,,,,20218,3.0,3,,,,,,,,
,,,,,20222,4.0,4,,,,,,,,
,,,,,20226,4.0,4,,,,,,,,
,,,,,20230,4.0,4,,,,,,,,
,,,,,20233,3.0,3,,,,,,,,
,,,,,20236,3.0,3,,,,,,,,
,,,,,20239,3.0,3,,,,,,,,
,,,,,20245,6.0,6,,,,,,,,
,,,,,20248,3.0,3,,,,,,,,
,,,,,20251,3.0,3,,,,,,,,
,,,,,20254,3.0,3,,,,,,,,
,,,,,20258,4.0,4,,,,,,,,
,,,,,20261,3.0,3,,,,,,,,
,,,,,20265,4.0,4,,,,,,,,
,,,,,20270,5.0,5,,,,,,,,
,,,,,20273,3.0,3,,,,,,,,
,,,,,20278,5.0,5,,,,,,,,
,,,,,20282,4.0,4,,,,,,,,
,,,,,20285,3.0,3,,,,,,,,
,,,,,20289,4.0,4,,,,,,,,
,,,,,20294,5.0,5,,,,,,,,
,,,,,20298,4.0,4,,,,,,,,
,,,,,20301,3.0,3,,,,,,,,
,,,,,20305,4.0,4,,,,,,,,
,,,,,20309,4.0,4,,,,,,,,
,,,,,20313,4.0,4,,,,,,,,
,,,,,20316,3.0,3,,,,,,,,
,,,,,20319,3.0,3,,,,,,,,
,,,,,20323,4.0,4,,,,,,,,
,,,,,20327,4.0,4,,,,,,,,
,,,,,20330,3.0,3,,,,,,,,
,,,,,20333,3.0,3,,,,,,,,
,,,,,20337,4.0,4,,,,,,,,
,,,,,20340,3.0,3,,,,,,,,
,,,,,20345,5.0,5,,,,,,,,
,,,,,20348,3.0,3,,,,,,,,
,,,,,20351,3.0,3,,,,,,,,
,,,,,20355,4.0,4,,,,,,,,
,,,,,20359,4.0,4,,,,,,,,
,,,,,20363,4.0,4,,,,,,,,
,,,,,20367,4.0,4,,,,,,,,
,,,,,20371,4.0,4,,,,,,,,
,,,,,20374,3.0,3,,,,,,,,
,,,,,20378,4.0,4,,,,,,,,
,,,,,20381,3.0,3,,,,,,,,
,,,,,20384,3.0,3,,,,,,,,
,,,,,20388,4.0,4,,,,,,,,
,,,,,20392,4.0,4,,,,,,,,
,,,,,20396,4.0,4,,,,,,,,
,,,,,20399,3.0,3,,,,,,,,
,,,,,20402,3.0,3,,,,,,,,
,,,,,20407,5.0,5,,,,,,,,
,,,,,20411,4.0,4,,,,,,,,
,,,,,20415,4.0,4,,,,,,,,
,,,,,20418,3.0,3,,,,,,,,
,,,,,20421,3.0,3,,,,,,,,
,,,,,20425,4.0,4,,,,,,,,
,,,,,20429,4.0,4,,,,,,,,
,,,,,20432,3.0,3,,,,,,,,
,,,,,20435,3.0,3,,,,,,,,
,,,,,20440,5.0,5,,,,,,,,
,,,,,20444,4.0,4,,,,,,,,
,,,,,20448,4.0,4,,,,,,,,
,,,,,20452,4.0,4,,,,,,,,
,,,,,20456,4.0,4,,,,,,,,
,,,,,20460,4.0,4,,,,,,,,
,,,,,20465,5.0,5,,,,,,,,
,,,,,20468,3.0,3,,,,,,,,
,,,,,20472,4.0,4,,,,,,,,
,,,,,20477,5.0,5,,,,,,,,
,,,,,20480,3.0,3,,,,,,,,
,,,,,20486,6.0,6,,,,,,,,
,,,,,20490,4.0,4,,,,,,,,
,,,,,20493,3.0,3,,,,,,,,
,,,,,20497,4.0,4,,,,,,,,
,,,,,20502,5.0,5,,,,,,,,
,,,,,20505,3.0,3,,,,,,,,
,,,,,20508,3.0,3,,,,,,,,
,,,,,20512,4.0,4,,,,,,,,
,,,,,20516,4.0,4,,,,,,,,
,,,,,20519,3.0,3,,,,,,,,
,,,,,20522,3.0,3,,,,,,,,
,,,,,20525,3.0,3,,,,,,,,
,,,,,20530,5.0,5,,,,,,,,
,,,,,20533,3.0,3,,,,,,,,
,,,,,20536,3.0,3,,,,,,,,
,,,,,20540,4.0,4,,,,,,,,
,,,,,20545,5.0,5,,,,,,,,
,,,,,20548,3.0,3,,,,,,,,
,,,,,20551,3.0,3,,,,,,,,
,,,,,20554,3.0,3,,,,,,,,
,,,,,20557,3.0,3,,,,,,,,
,,,,,20561,4.0,4,,,,,,,,
,,,,,20564,3.0,3,,,,,,,,
,,,,,20569,5.0,5,,,,,,,,
,,,,,20572,3.0,3,,,,,,,,
,,,,,20576,4.0,4,,,,,,,,
,,,,,20579,3.0,3,,,,,,,,
,,,,,20583,4.0,4,,,,,,,,
,,,,,20587,4.0,4,,,,,,,,
,,,,,20590,3.0,3,,,,,,,,
,,,,,20594,4.0,4,,,,,,,,
,,,,,20598,4.0,4,,,,,,,,
,,,,,20602,4.0,4,,,,,,,,
,,,,,20605,3.0,3,,,,,,,,
,,,,,20608,3.0,3,,,,,,,,
,,,,,20613,5.0,5,,,,,,,,
,,,,,20617,4.0,4,,,,,,,,
,,,,,20621,4.0,4,,,,,,,,
,,,,,20624,3.0,3,,,,,,,,
,,,,,20628,4.0,4,,,,,,,,
,,,,,20632,4.0,4,,,,,,,,
,,,,,20635,3.0,3,,,,,,,,
,,,,,20638,3.0,3,,,,,,,,
,,,,,20642,4.0,4,,,,,,,,
,,,,,20645,3.0,3,,,,,,,,
,,,,,20648,3.0,3,,,,,,,,
,,,,,20651,3.0,3,,,,,,,,
,,,,,20654,3.0,3,,,,,,,,
,,,,,20657,3.0,3,,,,,,,,
,,,,,20662,5.0,5,,,,,,,,
,,,,,20666,4.0,4,,,,,,,,
,,,,,20671,5.0,5,,,,,,,,
,,,,,20675,4.0,4,,,,,,,,
,,,,,20680,5.0,5,,,,,,,,
,,,,,20684,4.0,4,,,,,,,,
,,,,,20689,5.0,5,,,,,,,,
,,,,,20694,5.0,5,,,,,,,,
,,,,,20698,4.0,4,,,,,,,,
,,,,,20701,3.0,3,,,,,,,,
,,,,,20705,4.0,4,,,,,,,,
,,,,,20708,3.0,3,,,,,,,,
,,,,,20711,3.0,3,,,,,,,,
,,,,,20715,4.0,4,,,,,,,,
,,,,,20719,4.0,4,,,,,,,,
,,,,,20722,3.0,3,,,,,,,,
,,,,,20727,5.0,5,,,,,,,,
,,,,,20731,4.0,4,,,,,,,,
,,,,,20735,4.0,4,,,,,,,,
,,,,,20739,4.0,4,,,,,,,,
,,,,,20743,4.0,4,,,,,,,,
,,,,,20748,5.0,5,,,,,,,,
,,,,,20752,4.0,4,,,,,,,,
,,,,,20755,3.0,3,,,,,,,,
,,,,,20758,3.0,3,,,,,,,,
,,,,,20762,4.0,4,,,,,,,,
,,,,,20765,3.0,3,,,,,,,,
,,,,,20768,3.0,3,,,,,,,,
,,,,,20773,5.0,5,,,,,,,,
,,,,,20778,5.0,5,,,,,,,,
,,,,,20781,3.0,3,,,,,,,,
,,,,,20785,4.0,4,,,,,,,,
,,,,,20789,4.0,4,,,,,,,,
,,,,,20792,3.0,3,,,,,,,,
,,,,,20795,3.0,3,,,,,,,,
,,,,,20799,4.0,4,,,,,,,,
,,,,,20803,4.0,4,,,,,,,,
,,,,,20807,4.0,4,,,,,,,,
,,,,,20810,3.0,3,,,,,,,,
,,,,,20815,5.0,5,,,,,,,,
,,,,,20819,4.0,4,,,,,,,,
,,,,,20823,4.0,4,,,,,,,,
,,,,,20828,5.0,5,,,,,,,,
,,,,,20833,5.0,5,,,,,,,,
,,,,,20838,5.0,5,,,,,,,,
,,,,,20842,4.0,4,,,,,,,,
,,,,,20845,3.0,3,,,,,,,,
,,,,,20850,5.0,5,,,,,,,,
,,,,,20853,3.0,3,,,,,,,,
,,,,,20856,3.0,3,,,,,,,,
,,,,,20860,4.0,4,,,,,,,,
,,,,,20863,3.0,3,,,,,,,,
,,,,,20866,3.0,3,,,,,,,,
,,,,,20870,4.0,4,,,,,,,,
,,,,,20873,3.0,3,,,,,,,,
,,,,,20877,4.0,4,,,,,,,,
,,,,,20881,4.0,4,,,,,,,,
,,,,,20886,5.0,5,,,,,,,,
,,,,,20889,3.0,3,,,,,,,,
,,,,,20894,5.0,5,,,,,,,,
,,,,,20899,5.0,5,,,,,,,,
,,,,,20903,4.0,4,,,,,,,,
,,,,,20908,5.0,5,,,,,,,,
,,,,,20912,4.0,4,,,,,,,,
,,,,,20916,4.0,4,,,,,,,,
,,,,,20921,5.0,5,,,,,,,,
,,,,,20924,3.0,3,,,,,,,,
,,,,,20928,4.0,4,,,,,,,,
,,,,,20934,6.0,6,,,,,,,,
,,,,,20937,3.0,3,,,,,,,,
,,,,,20941,4.0,4,,,,,,,,
,,,,,20944,3.0,3,,,,,,,,
,,,,,20947,3.0,3,,,,,,,,
,,,,,20950,3.0,3,,,,,,,,
,,,,,20953,3.0,3,,,,,,,,
,,,,,20958,5.0,5,,,,,,,,
,,,,,20962,4.0,4,,,,,,,,
,,,,,20965,3.0,3,,,,,,,,
,,,,,20969,4.0,4,,,,,,,,
,,,,,20972,3.0,3,,,,,,,,
,,,,,20976,4.0,4,,,,,,,,
,,,,,20981,5.0,5,,,,,,,,
,,,,,20984,3.0,3,,,,,,,,
,,,,,20987,3.0,3,,,,,,,,
,,,,,20992,5.0,5,,,,,,,,
,,,,,20995,3.0,3,,,,,,,,
,,,,,20998,3.0,3,,,,,,,,
,,,,,21000,,,-0.2040347307920456,-2.0403473377227783,0.13120858371257782,2.789961338043213,2.831080198287964,0.0003,0.0003,0.1
,,,,,21002,4.0,4,,,,,,,,
,,,,,21005,3.0,3,,,,,,,,
,,,,,21008,3.0,3,,,,,,,,
,,,,,21012,4.0,4,,,,,,,,
,,,,,21016,4.0,4,,,,,,,,
,,,,,21019,3.0,3,,,,,,,,
,,,,,21022,3.0,3,,,,,,,,
,,,,,21025,3.0,3,,,,,,,,
,,,,,21029,4.0,4,,,,,,,,
,,,,,21033,4.0,4,,,,,,,,
,,,,,21038,5.0,5,,,,,,,,
,,,,,21042,4.0,4,,,,,,,,
,,,,,21045,3.0,3,,,,,,,,
,,,,,21049,4.0,4,,,,,,,,
,,,,,21053,4.0,4,,,,,,,,
,,,,,21056,3.0,3,,,,,,,,
,,,,,21060,4.0,4,,,,,,,,
,,,,,21063,3.0,3,,,,,,,,
,,,,,21066,3.0,3,,,,,,,,
,,,,,21072,6.0,6,,,,,,,,
,,,,,21077,5.0,5,,,,,,,,
,,,,,21080,3.0,3,,,,,,,,
,,,,,21085,5.0,5,,,,,,,,
,,,,,21088,3.0,3,,,,,,,,
,,,,,21092,4.0,4,,,,,,,,
,,,,,21095,3.0,3,,,,,,,,
,,,,,21099,4.0,4,,,,,,,,
,,,,,21102,3.0,3,,,,,,,,
,,,,,21105,3.0,3,,,,,,,,
,,,,,21109,4.0,4,,,,,,,,
,,,,,21112,3.0,3,,,,,,,,
,,,,,21115,3.0,3,,,,,,,,
,,,,,21118,3.0,3,,,,,,,,
,,,,,21123,5.0,5,,,,,,,,
,,,,,21128,5.0,5,,,,,,,,
,,,,,21131,3.0,3,,,,,,,,
,,,,,21134,3.0,3,,,,,,,,
,,,,,21137,3.0,3,,,,,,,,
,,,,,21141,4.0,4,,,,,,,,
,,,,,21145,4.0,4,,,,,,,,
,,,,,21148,3.0,3,,,,,,,,
,,,,,21153,5.0,5,,,,,,,,
,,,,,21157,4.0,4,,,,,,,,
,,,,,21160,3.0,3,,,,,,,,
,,,,,21164,4.0,4,,,,,,,,
,,,,,21169,5.0,5,,,,,,,,
,,,,,21172,3.0,3,,,,,,,,
,,,,,21177,5.0,5,,,,,,,,
,,,,,21181,4.0,4,,,,,,,,
,,,,,21185,4.0,4,,,,,,,,
,,,,,21188,3.0,3,,,,,,,,
,,,,,21192,4.0,4,,,,,,,,
,,,,,21195,3.0,3,,,,,,,,
,,,,,21198,3.0,3,,,,,,,,
,,,,,21201,3.0,3,,,,,,,,
,,,,,21205,4.0,4,,,,,,,,
,,,,,21208,3.0,3,,,,,,,,
,,,,,21212,4.0,4,,,,,,,,
,,,,,21215,3.0,3,,,,,,,,
,,,,,21218,3.0,3,,,,,,,,
,,,,,21222,4.0,4,,,,,,,,
,,,,,21225,3.0,3,,,,,,,,
,,,,,21230,5.0,5,,,,,,,,
,,,,,21233,3.0,3,,,,,,,,
,,,,,21238,5.0,5,,,,,,,,
,,,,,21242,4.0,4,,,,,,,,
,,,,,21246,4.0,4,,,,,,,,
,,,,,21250,4.0,4,,,,,,,,
,,,,,21253,3.0,3,,,,,,,,
,,,,,21256,3.0,3,,,,,,,,
,,,,,21261,5.0,5,,,,,,,,
,,,,,21264,3.0,3,,,,,,,,
,,,,,21269,5.0,5,,,,,,,,
,,,,,21273,4.0,4,,,,,,,,
,,,,,21276,3.0,3,,,,,,,,
,,,,,21280,4.0,4,,,,,,,,
,,,,,21284,4.0,4,,,,,,,,
,,,,,21288,4.0,4,,,,,,,,
,,,,,21291,3.0,3,,,,,,,,
,,,,,21294,3.0,3,,,,,,,,
,,,,,21297,3.0,3,,,,,,,,
,,,,,21300,3.0,3,,,,,,,,
,,,,,21304,4.0,4,,,,,,,,
,,,,,21308,4.0,4,,,,,,,,
,,,,,21312,4.0,4,,,,,,,,
,,,,,21315,3.0,3,,,,,,,,
,,,,,21318,3.0,3,,,,,,,,
,,,,,21322,4.0,4,,,,,,,,
,,,,,21325,3.0,3,,,,,,,,
,,,,,21329,4.0,4,,,,,,,,
,,,,,21332,3.0,3,,,,,,,,
,,,,,21335,3.0,3,,,,,,,,
,,,,,21338,3.0,3,,,,,,,,
,,,,,21342,4.0,4,,,,,,,,
,,,,,21346,4.0,4,,,,,,,,
,,,,,21349,3.0,3,,,,,,,,
,,,,,21355,6.0,6,,,,,,,,
,,,,,21358,3.0,3,,,,,,,,
,,,,,21361,3.0,3,,,,,,,,
,,,,,21364,3.0,3,,,,,,,,
,,,,,21368,4.0,4,,,,,,,,
,,,,,21372,4.0,4,,,,,,,,
,,,,,21375,3.0,3,,,,,,,,
,,,,,21380,5.0,5,,,,,,,,
,,,,,21383,3.0,3,,,,,,,,
,,,,,21386,3.0,3,,,,,,,,
,,,,,21390,4.0,4,,,,,,,,
,,,,,21393,3.0,3,,,,,,,,
,,,,,21396,3.0,3,,,,,,,,
,,,,,21399,3.0,3,,,,,,,,
,,,,,21402,3.0,3,,,,,,,,
,,,,,21405,3.0,3,,,,,,,,
,,,,,21408,3.0,3,,,,,,,,
,,,,,21411,3.0,3,,,,,,,,
,,,,,21414,3.0,3,,,,,,,,
,,,,,21417,3.0,3,,,,,,,,
,,,,,21420,3.0,3,,,,,,,,
,,,,,21423,3.0,3,,,,,,,,
,,,,,21426,3.0,3,,,,,,,,
,,,,,21429,3.0,3,,,,,,,,
,,,,,21432,3.0,3,,,,,,,,
,,,,,21435,3.0,3,,,,,,,,
,,,,,21438,3.0,3,,,,,,,,
,,,,,21441,3.0,3,,,,,,,,
,,,,,21444,3.0,3,,,,,,,,
,,,,,21447,3.0,3,,,,,,,,
,,,,,21450,3.0,3,,,,,,,,
,,,,,21453,3.0,3,,,,,,,,
,,,,,21458,5.0,5,,,,,,,,
,,,,,21462,4.0,4,,,,,,,,
,,,,,21465,3.0,3,,,,,,,,
,,,,,21469,4.0,4,,,,,,,,
,,,,,21472,3.0,3,,,,,,,,
,,,,,21476,4.0,4,,,,,,,,
,,,,,21479,3.0,3,,,,,,,,
,,,,,21483,4.0,4,,,,,,,,
,,,,,21487,4.0,4,,,,,,,,
,,,,,21490,3.0,3,,,,,,,,
,,,,,21493,3.0,3,,,,,,,,
,,,,,21497,4.0,4,,,,,,,,
,,,,,21500,3.0,3,,,,,,,,
,,,,,21504,4.0,4,,,,,,,,
,,,,,21508,4.0,4,,,,,,,,
,,,,,21511,3.0,3,,,,,,,,
,,,,,21514,3.0,3,,,,,,,,
,,,,,21517,3.0,3,,,,,,,,
,,,,,21520,3.0,3,,,,,,,,
,,,,,21523,3.0,3,,,,,,,,
,,,,,21526,3.0,3,,,,,,,,
,,,,,21530,4.0,4,,,,,,,,
,,,,,21533,3.0,3,,,,,,,,
,,,,,21537,4.0,4,,,,,,,,
,,,,,21540,3.0,3,,,,,,,,
,,,,,21543,3.0,3,,,,,,,,
,,,,,21546,3.0,3,,,,,,,,
,,,,,21549,3.0,3,,,,,,,,
,,,,,21553,4.0,4,,,,,,,,
,,,,,21556,3.0,3,,,,,,,,
,,,,,21560,4.0,4,,,,,,,,
,,,,,21563,3.0,3,,,,,,,,
,,,,,21566,3.0,3,,,,,,,,
,,,,,21569,3.0,3,,,,,,,,
,,,,,21572,3.0,3,,,,,,,,
,,,,,21576,4.0,4,,,,,,,,
,,,,,21579,3.0,3,,,,,,,,
,,,,,21582,3.0,3,,,,,,,,
,,,,,21585,3.0,3,,,,,,,,
,,,,,21588,3.0,3,,,,,,,,
,,,,,21592,4.0,4,,,,,,,,
,,,,,21595,3.0,3,,,,,,,,
,,,,,21599,4.0,4,,,,,,,,
,,,,,21602,3.0,3,,,,,,,,
,,,,,21605,3.0,3,,,,,,,,
,,,,,21608,3.0,3,,,,,,,,
,,,,,21611,3.0,3,,,,,,,,
,,,,,21614,3.0,3,,,,,,,,
,,,,,21617,3.0,3,,,,,,,,
,,,,,21621,4.0,4,,,,,,,,
,,,,,21624,3.0,3,,,,,,,,
,,,,,21627,3.0,3,,,,,,,,
,,,,,21631,4.0,4,,,,,,,,
,,,,,21634,3.0,3,,,,,,,,
,,,,,21637,3.0,3,,,,,,,,
,,,,,21640,3.0,3,,,,,,,,
,,,,,21644,4.0,4,,,,,,,,
,,,,,21648,4.0,4,,,,,,,,
,,,,,21651,3.0,3,,,,,,,,
,,,,,21654,3.0,3,,,,,,,,
,,,,,21657,3.0,3,,,,,,,,
,,,,,21660,3.0,3,,,,,,,,
,,,,,21664,4.0,4,,,,,,,,
,,,,,21667,3.0,3,,,,,,,,
,,,,,21671,4.0,4,,,,,,,,
,,,,,21674,3.0,3,,,,,,,,
,,,,,21677,3.0,3,,,,,,,,
,,,,,21680,3.0,3,,,,,,,,
,,,,,21684,4.0,4,,,,,,,,
,,,,,21687,3.0,3,,,,,,,,
,,,,,21690,3.0,3,,,,,,,,
,,,,,21693,3.0,3,,,,,,,,
,,,,,21696,3.0,3,,,,,,,,
,,,,,21699,3.0,3,,,,,,,,
,,,,,21702,3.0,3,,,,,,,,
,,,,,21707,5.0,5,,,,,,,,
,,,,,21710,3.0,3,,,,,,,,
,,,,,21713,3.0,3,,,,,,,,
,,,,,21716,3.0,3,,,,,,,,
,,,,,21719,3.0,3,,,,,,,,
,,,,,21722,3.0,3,,,,,,,,
,,,,,21725,3.0,3,,,,,,,,
,,,,,21728,3.0,3,,,,,,,,
,,,,,21731,3.0,3,,,,,,,,
,,,,,21734,3.0,3,,,,,,,,
,,,,,21737,3.0,3,,,,,,,,
,,,,,21741,4.0,4,,,,,,,,
,,,,,21745,4.0,4,,,,,,,,
,,,,,21748,3.0,3,,,,,,,,
,,,,,21751,3.0,3,,,,,,,,
,,,,,21754,3.0,3,,,,,,,,
,,,,,21757,3.0,3,,,,,,,,
,,,,,21760,3.0,3,,,,,,,,
,,,,,21763,3.0,3,,,,,,,,
,,,,,21767,4.0,4,,,,,,,,
,,,,,21770,3.0,3,,,,,,,,
,,,,,21774,4.0,4,,,,,,,,
,,,,,21777,3.0,3,,,,,,,,
,,,,,21780,3.0,3,,,,,,,,
,,,,,21783,3.0,3,,,,,,,,
,,,,,21786,3.0,3,,,,,,,,
,,,,,21790,4.0,4,,,,,,,,
,,,,,21793,3.0,3,,,,,,,,
,,,,,21796,3.0,3,,,,,,,,
,,,,,21799,3.0,3,,,,,,,,
,,,,,21802,3.0,3,,,,,,,,
,,,,,21805,3.0,3,,,,,,,,
,,,,,21808,3.0,3,,,,,,,,
,,,,,21811,3.0,3,,,,,,,,
,,,,,21814,3.0,3,,,,,,,,
,,,,,21817,3.0,3,,,,,,,,
,,,,,21820,3.0,3,,,,,,,,
,,,,,21823,3.0,3,,,,,,,,
,,,,,21826,3.0,3,,,,,,,,
,,,,,21829,3.0,3,,,,,,,,
,,,,,21832,3.0,3,,,,,,,,
,,,,,21835,3.0,3,,,,,,,,
,,,,,21838,3.0,3,,,,,,,,
,,,,,21841,3.0,3,,,,,,,,
,,,,,21844,3.0,3,,,,,,,,
,,,,,21847,3.0,3,,,,,,,,
,,,,,21850,3.0,3,,,,,,,,
,,,,,21853,3.0,3,,,,,,,,
,,,,,21856,3.0,3,,,,,,,,
,,,,,21859,3.0,3,,,,,,,,
,,,,,21863,4.0,4,,,,,,,,
,,,,,21867,4.0,4,,,,,,,,
,,,,,21872,5.0,5,,,,,,,,
,,,,,21875,3.0,3,,,,,,,,
,,,,,21880,5.0,5,,,,,,,,
,,,,,21883,3.0,3,,,,,,,,
,,,,,21886,3.0,3,,,,,,,,
,,,,,21889,3.0,3,,,,,,,,
,,,,,21892,3.0,3,,,,,,,,
,,,,,21897,5.0,5,,,,,,,,
,,,,,21900,3.0,3,,,,,,,,
,,,,,21903,3.0,3,,,,,,,,
,,,,,21906,3.0,3,,,,,,,,
,,,,,21909,3.0,3,,,,,,,,
,,,,,21912,3.0,3,,,,,,,,
,,,,,21916,4.0,4,,,,,,,,
,,,,,21919,3.0,3,,,,,,,,
,,,,,21922,3.0,3,,,,,,,,
,,,,,21925,3.0,3,,,,,,,,
,,,,,21928,3.0,3,,,,,,,,
,,,,,21931,3.0,3,,,,,,,,
,,,,,21935,4.0,4,,,,,,,,
,,,,,21939,4.0,4,,,,,,,,
,,,,,21944,5.0,5,,,,,,,,
,,,,,21948,4.0,4,,,,,,,,
,,,,,21951,3.0,3,,,,,,,,
,,,,,21954,3.0,3,,,,,,,,
,,,,,21957,3.0,3,,,,,,,,
,,,,,21960,3.0,3,,,,,,,,
,,,,,21963,3.0,3,,,,,,,,
,,,,,21966,3.0,3,,,,,,,,
,,,,,21969,3.0,3,,,,,,,,
,,,,,21972,3.0,3,,,,,,,,
,,,,,21975,3.0,3,,,,,,,,
,,,,,21979,4.0,4,,,,,,,,
,,,,,21982,3.0,3,,,,,,,,
,,,,,21985,3.0,3,,,,,,,,
,,,,,21988,3.0,3,,,,,,,,
,,,,,21991,3.0,3,,,,,,,,
,,,,,21994,3.0,3,,,,,,,,
,,,,,21999,5.0,5,,,,,,,,
,,,,,22000,,,-0.15508238971233368,-1.5508239269256592,0.12560860812664032,2.723069667816162,2.7235605716705322,0.0003,0.0003,0.1
,,,,,22002,3.0,3,,,,,,,,
,,,,,22005,3.0,3,,,,,,,,
,,,,,22008,3.0,3,,,,,,,,
,,,,,22011,3.0,3,,,,,,,,
,,,,,22015,4.0,4,,,,,,,,
,,,,,22019,4.0,4,,,,,,,,
,,,,,22023,4.0,4,,,,,,,,
,,,,,22027,4.0,4,,,,,,,,
,,,,,22030,3.0,3,,,,,,,,
,,,,,22033,3.0,3,,,,,,,,
,,,,,22037,4.0,4,,,,,,,,
,,,,,22040,3.0,3,,,,,,,,
,,,,,22043,3.0,3,,,,,,,,
,,,,,22046,3.0,3,,,,,,,,
,,,,,22049,3.0,3,,,,,,,,
,,,,,22052,3.0,3,,,,,,,,
,,,,,22056,4.0,4,,,,,,,,
,,,,,22059,3.0,3,,,,,,,,
,,,,,22062,3.0,3,,,,,,,,
,,,,,22065,3.0,3,,,,,,,,
,,,,,22068,3.0,3,,,,,,,,
,,,,,22071,3.0,3,,,,,,,,
,,,,,22075,4.0,4,,,,,,,,
,,,,,22078,3.0,3,,,,,,,,
,,,,,22081,3.0,3,,,,,,,,
,,,,,22085,4.0,4,,,,,,,,
,,,,,22088,3.0,3,,,,,,,,
,,,,,22092,4.0,4,,,,,,,,
,,,,,22095,3.0,3,,,,,,,,
,,,,,22099,4.0,4,,,,,,,,
,,,,,22102,3.0,3,,,,,,,,
,,,,,22105,3.0,3,,,,,,,,
,,,,,22108,3.0,3,,,,,,,,
,,,,,22112,4.0,4,,,,,,,,
,,,,,22115,3.0,3,,,,,,,,
,,,,,22118,3.0,3,,,,,,,,
,,,,,22121,3.0,3,,,,,,,,
,,,,,22124,3.0,3,,,,,,,,
,,,,,22128,4.0,4,,,,,,,,
,,,,,22132,4.0,4,,,,,,,,
,,,,,22135,3.0,3,,,,,,,,
,,,,,22138,3.0,3,,,,,,,,
,,,,,22141,3.0,3,,,,,,,,
,,,,,22145,4.0,4,,,,,,,,
,,,,,22148,3.0,3,,,,,,,,
,,,,,22151,3.0,3,,,,,,,,
,,,,,22154,3.0,3,,,,,,,,
,,,,,22157,3.0,3,,,,,,,,
,,,,,22160,3.0,3,,,,,,,,
,,,,,22163,3.0,3,,,,,,,,
,,,,,22167,4.0,4,,,,,,,,
,,,,,22170,3.0,3,,,,,,,,
,,,,,22173,3.0,3,,,,,,,,
,,,,,22176,3.0,3,,,,,,,,
,,,,,22179,3.0,3,,,,,,,,
,,,,,22182,3.0,3,,,,,,,,
,,,,,22186,4.0,4,,,,,,,,
,,,,,22189,3.0,3,,,,,,,,
,,,,,22192,3.0,3,,,,,,,,
,,,,,22196,4.0,4,,,,,,,,
,,,,,22199,3.0,3,,,,,,,,
,,,,,22202,3.0,3,,,,,,,,
,,,,,22205,3.0,3,,,,,,,,
,,,,,22208,3.0,3,,,,,,,,
,,,,,22211,3.0,3,,,,,,,,
,,,,,22214,3.0,3,,,,,,,,
,,,,,22217,3.0,3,,,,,,,,
,,,,,22220,3.0,3,,,,,,,,
,,,,,22223,3.0,3,,,,,,,,
,,,,,22226,3.0,3,,,,,,,,
,,,,,22229,3.0,3,,,,,,,,
,,,,,22232,3.0,3,,,,,,,,
,,,,,22235,3.0,3,,,,,,,,
,,,,,22238,3.0,3,,,,,,,,
,,,,,22241,3.0,3,,,,,,,,
,,,,,22245,4.0,4,,,,,,,,
,,,,,22248,3.0,3,,,,,,,,
,,,,,22251,3.0,3,,,,,,,,
,,,,,22255,4.0,4,,,,,,,,
,,,,,22259,4.0,4,,,,,,,,
,,,,,22262,3.0,3,,,,,,,,
,,,,,22265,3.0,3,,,,,,,,
,,,,,22269,4.0,4,,,,,,,,
,,,,,22272,3.0,3,,,,,,,,
,,,,,22275,3.0,3,,,,,,,,
,,,,,22278,3.0,3,,,,,,,,
,,,,,22281,3.0,3,,,,,,,,
,,,,,22284,3.0,3,,,,,,,,
,,,,,22287,3.0,3,,,,,,,,
,,,,,22290,3.0,3,,,,,,,,
,,,,,22293,3.0,3,,,,,,,,
,,,,,22297,4.0,4,,,,,,,,
,,,,,22300,3.0,3,,,,,,,,
,,,,,22303,3.0,3,,,,,,,,
,,,,,22306,3.0,3,,,,,,,,
,,,,,22309,3.0,3,,,,,,,,
,,,,,22312,3.0,3,,,,,,,,
,,,,,22315,3.0,3,,,,,,,,
,,,,,22318,3.0,3,,,,,,,,
,,,,,22321,3.0,3,,,,,,,,
,,,,,22324,3.0,3,,,,,,,,
,,,,,22327,3.0,3,,,,,,,,
,,,,,22331,4.0,4,,,,,,,,
,,,,,22334,3.0,3,,,,,,,,
,,,,,22338,4.0,4,,,,,,,,
,,,,,22341,3.0,3,,,,,,,,
,,,,,22344,3.0,3,,,,,,,,
,,,,,22347,3.0,3,,,,,,,,
,,,,,22350,3.0,3,,,,,,,,
,,,,,22353,3.0,3,,,,,,,,
,,,,,22358,5.0,5,,,,,,,,
,,,,,22361,3.0,3,,,,,,,,
,,,,,22364,3.0,3,,,,,,,,
,,,,,22367,3.0,3,,,,,,,,
,,,,,22371,4.0,4,,,,,,,,
,,,,,22374,3.0,3,,,,,,,,
,,,,,22377,3.0,3,,,,,,,,
,,,,,22380,3.0,3,,,,,,,,
,,,,,22383,3.0,3,,,,,,,,
,,,,,22386,3.0,3,,,,,,,,
,,,,,22389,3.0,3,,,,,,,,
,,,,,22393,4.0,4,,,,,,,,
,,,,,22396,3.0,3,,,,,,,,
,,,,,22399,3.0,3,,,,,,,,
,,,,,22402,3.0,3,,,,,,,,
,,,,,22405,3.0,3,,,,,,,,
,,,,,22408,3.0,3,,,,,,,,
,,,,,22411,3.0,3,,,,,,,,
,,,,,22415,4.0,4,,,,,,,,
,,,,,22418,3.0,3,,,,,,,,
,,,,,22421,3.0,3,,,,,,,,
,,,,,22424,3.0,3,,,,,,,,
,,,,,22428,4.0,4,,,,,,,,
,,,,,22433,5.0,5,,,,,,,,
,,,,,22436,3.0,3,,,,,,,,
,,,,,22439,3.0,3,,,,,,,,
,,,,,22442,3.0,3,,,,,,,,
,,,,,22445,3.0,3,,,,,,,,
,,,,,22448,3.0,3,,,,,,,,
,,,,,22452,4.0,4,,,,,,,,
,,,,,22455,3.0,3,,,,,,,,
,,,,,22458,3.0,3,,,,,,,,
,,,,,22461,3.0,3,,,,,,,,
,,,,,22464,3.0,3,,,,,,,,
,,,,,22469,5.0,5,,,,,,,,
,,,,,22472,3.0,3,,,,,,,,
,,,,,22475,3.0,3,,,,,,,,
,,,,,22479,4.0,4,,,,,,,,
,,,,,22482,3.0,3,,,,,,,,
,,,,,22485,3.0,3,,,,,,,,
,,,,,22488,3.0,3,,,,,,,,
,,,,,22493,5.0,5,,,,,,,,
,,,,,22497,4.0,4,,,,,,,,
,,,,,22500,3.0,3,,,,,,,,
,,,,,22503,3.0,3,,,,,,,,
,,,,,22506,3.0,3,,,,,,,,
,,,,,22509,3.0,3,,,,,,,,
,,,,,22512,3.0,3,,,,,,,,
,,,,,22516,4.0,4,,,,,,,,
,,,,,22519,3.0,3,,,,,,,,
,,,,,22522,3.0,3,,,,,,,,
,,,,,22525,3.0,3,,,,,,,,
,,,,,22528,3.0,3,,,,,,,,
,,,,,22531,3.0,3,,,,,,,,
,,,,,22534,3.0,3,,,,,,,,
,,,,,22537,3.0,3,,,,,,,,
,,,,,22540,3.0,3,,,,,,,,
,,,,,22543,3.0,3,,,,,,,,
,,,,,22546,3.0,3,,,,,,,,
,,,,,22549,3.0,3,,,,,,,,
,,,,,22552,3.0,3,,,,,,,,
,,,,,22557,5.0,5,,,,,,,,
,,,,,22561,4.0,4,,,,,,,,
,,,,,22564,3.0,3,,,,,,,,
,,,,,22567,3.0,3,,,,,,,,
,,,,,22571,4.0,4,,,,,,,,
,,,,,22574,3.0,3,,,,,,,,
,,,,,22577,3.0,3,,,,,,,,
,,,,,22580,3.0,3,,,,,,,,
,,,,,22583,3.0,3,,,,,,,,
,,,,,22586,3.0,3,,,,,,,,
,,,,,22589,3.0,3,,,,,,,,
,,,,,22592,3.0,3,,,,,,,,
,,,,,22596,4.0,4,,,,,,,,
,,,,,22599,3.0,3,,,,,,,,
,,,,,22602,3.0,3,,,,,,,,
,,,,,22607,5.0,5,,,,,,,,
,,,,,22611,4.0,4,,,,,,,,
,,,,,22615,4.0,4,,,,,,,,
,,,,,22618,3.0,3,,,,,,,,
,,,,,22622,4.0,4,,,,,,,,
,,,,,22625,3.0,3,,,,,,,,
,,,,,22629,4.0,4,,,,,,,,
,,,,,22632,3.0,3,,,,,,,,
,,,,,22635,3.0,3,,,,,,,,
,,,,,22638,3.0,3,,,,,,,,
,,,,,22641,3.0,3,,,,,,,,
,,,,,22644,3.0,3,,,,,,,,
,,,,,22647,3.0,3,,,,,,,,
,,,,,22651,4.0,4,,,,,,,,
,,,,,22656,5.0,5,,,,,,,,
,,,,,22661,5.0,5,,,,,,,,
,,,,,22664,3.0,3,,,,,,,,
,,,,,22667,3.0,3,,,,,,,,
,,,,,22671,4.0,4,,,,,,,,
,,,,,22674,3.0,3,,,,,,,,
,,,,,22677,3.0,3,,,,,,,,
,,,,,22680,3.0,3,,,,,,,,
,,,,,22685,5.0,5,,,,,,,,
,,,,,22688,3.0,3,,,,,,,,
,,,,,22692,4.0,4,,,,,,,,
,,,,,22697,5.0,5,,,,,,,,
,,,,,22701,4.0,4,,,,,,,,
,,,,,22704,3.0,3,,,,,,,,
,,,,,22707,3.0,3,,,,,,,,
,,,,,22710,3.0,3,,,,,,,,
,,,,,22713,3.0,3,,,,,,,,
,,,,,22716,3.0,3,,,,,,,,
,,,,,22721,5.0,5,,,,,,,,
,,,,,22724,3.0,3,,,,,,,,
,,,,,22729,5.0,5,,,,,,,,
,,,,,22732,3.0,3,,,,,,,,
,,,,,22735,3.0,3,,,,,,,,
,,,,,22738,3.0,3,,,,,,,,
,,,,,22741,3.0,3,,,,,,,,
,,,,,22746,5.0,5,,,,,,,,
,,,,,22749,3.0,3,,,,,,,,
,,,,,22752,3.0,3,,,,,,,,
,,,,,22757,5.0,5,,,,,,,,
,,,,,22761,4.0,4,,,,,,,,
,,,,,22765,4.0,4,,,,,,,,
,,,,,22768,3.0,3,,,,,,,,
,,,,,22771,3.0,3,,,,,,,,
,,,,,22774,3.0,3,,,,,,,,
,,,,,22777,3.0,3,,,,,,,,
,,,,,22781,4.0,4,,,,,,,,
,,,,,22784,3.0,3,,,,,,,,
,,,,,22787,3.0,3,,,,,,,,
,,,,,22790,3.0,3,,,,,,,,
,,,,,22794,4.0,4,,,,,,,,
,,,,,22798,4.0,4,,,,,,,,
,,,,,22802,4.0,4,,,,,,,,
,,,,,22805,3.0,3,,,,,,,,
,,,,,22808,3.0,3,,,,,,,,
,,,,,22811,3.0,3,,,,,,,,
,,,,,22814,3.0,3,,,,,,,,
,,,,,22817,3.0,3,,,,,,,,
,,,,,22821,4.0,4,,,,,,,,
,,,,,22824,3.0,3,,,,,,,,
,,,,,22828,4.0,4,,,,,,,,
,,,,,22832,4.0,4,,,,,,,,
,,,,,22835,3.0,3,,,,,,,,
,,,,,22838,3.0,3,,,,,,,,
,,,,,22842,4.0,4,,,,,,,,
,,,,,22845,3.0,3,,,,,,,,
,,,,,22850,5.0,5,,,,,,,,
,,,,,22853,3.0,3,,,,,,,,
,,,,,22856,3.0,3,,,,,,,,
,,,,,22859,3.0,3,,,,,,,,
,,,,,22862,3.0,3,,,,,,,,
,,,,,22866,4.0,4,,,,,,,,
,,,,,22869,3.0,3,,,,,,,,
,,,,,22873,4.0,4,,,,,,,,
,,,,,22876,3.0,3,,,,,,,,
,,,,,22879,3.0,3,,,,,,,,
,,,,,22882,3.0,3,,,,,,,,
,,,,,22886,4.0,4,,,,,,,,
,,,,,22890,4.0,4,,,,,,,,
,,,,,22893,3.0,3,,,,,,,,
,,,,,22896,3.0,3,,,,,,,,
,,,,,22899,3.0,3,,,,,,,,
,,,,,22903,4.0,4,,,,,,,,
,,,,,22906,3.0,3,,,,,,,,
,,,,,22911,5.0,5,,,,,,,,
,,,,,22915,4.0,4,,,,,,,,
,,,,,22919,4.0,4,,,,,,,,
,,,,,22923,4.0,4,,,,,,,,
,,,,,22926,3.0,3,,,,,,,,
,,,,,22929,3.0,3,,,,,,,,
,,,,,22932,3.0,3,,,,,,,,
,,,,,22936,4.0,4,,,,,,,,
,,,,,22939,3.0,3,,,,,,,,
,,,,,22942,3.0,3,,,,,,,,
,,,,,22946,4.0,4,,,,,,,,
,,,,,22949,3.0,3,,,,,,,,
,,,,,22953,4.0,4,,,,,,,,
,,,,,22956,3.0,3,,,,,,,,
,,,,,22960,4.0,4,,,,,,,,
,,,,,22963,3.0,3,,,,,,,,
,,,,,22967,4.0,4,,,,,,,,
,,,,,22971,4.0,4,,,,,,,,
,,,,,22974,3.0,3,,,,,,,,
,,,,,22977,3.0,3,,,,,,,,
,,,,,22982,5.0,5,,,,,,,,
,,,,,22985,3.0,3,,,,,,,,
,,,,,22989,4.0,4,,,,,,,,
,,,,,22993,4.0,4,,,,,,,,
,,,,,22996,3.0,3,,,,,,,,
,,,,,23000,,,-0.12054099887609482,-1.2054100036621094,0.11132387071847916,2.9429080486297607,2.937716245651245,0.0003,0.0003,0.1
,,,,,23001,5.0,5,,,,,,,,
,,,,,23006,5.0,5,,,,,,,,
,,,,,23011,5.0,5,,,,,,,,
,,,,,23014,3.0,3,,,,,,,,
,,,,,23017,3.0,3,,,,,,,,
,,,,,23020,3.0,3,,,,,,,,
,,,,,23023,3.0,3,,,,,,,,
,,,,,23026,3.0,3,,,,,,,,
,,,,,23029,3.0,3,,,,,,,,
,,,,,23032,3.0,3,,,,,,,,
,,,,,23038,6.0,6,,,,,,,,
,,,,,23041,3.0,3,,,,,,,,
,,,,,23044,3.0,3,,,,,,,,
,,,,,23047,3.0,3,,,,,,,,
,,,,,23050,3.0,3,,,,,,,,
,,,,,23053,3.0,3,,,,,,,,
,,,,,23056,3.0,3,,,,,,,,
,,,,,23059,3.0,3,,,,,,,,
,,,,,23062,3.0,3,,,,,,,,
,,,,,23065,3.0,3,,,,,,,,
,,,,,23068,3.0,3,,,,,,,,
,,,,,23072,4.0,4,,,,,,,,
,,,,,23075,3.0,3,,,,,,,,
,,,,,23079,4.0,4,,,,,,,,
,,,,,23082,3.0,3,,,,,,,,
,,,,,23087,5.0,5,,,,,,,,
,,,,,23091,4.0,4,,,,,,,,
,,,,,23094,3.0,3,,,,,,,,
,,,,,23099,5.0,5,,,,,,,,
,,,,,23102,3.0,3,,,,,,,,
,,,,,23106,4.0,4,,,,,,,,
,,,,,23110,4.0,4,,,,,,,,
,,,,,23113,3.0,3,,,,,,,,
,,,,,23116,3.0,3,,,,,,,,
,,,,,23119,3.0,3,,,,,,,,
,,,,,23122,3.0,3,,,,,,,,
,,,,,23126,4.0,4,,,,,,,,
,,,,,23129,3.0,3,,,,,,,,
,,,,,23132,3.0,3,,,,,,,,
,,,,,23135,3.0,3,,,,,,,,
,,,,,23139,4.0,4,,,,,,,,
,,,,,23142,3.0,3,,,,,,,,
,,,,,23146,4.0,4,,,,,,,,
,,,,,23150,4.0,4,,,,,,,,
,,,,,23153,3.0,3,,,,,,,,
,,,,,23156,3.0,3,,,,,,,,
,,,,,23160,4.0,4,,,,,,,,
,,,,,23163,3.0,3,,,,,,,,
,,,,,23166,3.0,3,,,,,,,,
,,,,,23169,3.0,3,,,,,,,,
,,,,,23172,3.0,3,,,,,,,,
,,,,,23176,4.0,4,,,,,,,,
,,,,,23179,3.0,3,,,,,,,,
,,,,,23182,3.0,3,,,,,,,,
,,,,,23187,5.0,5,,,,,,,,
,,,,,23191,4.0,4,,,,,,,,
,,,,,23194,3.0,3,,,,,,,,
,,,,,23197,3.0,3,,,,,,,,
,,,,,23201,4.0,4,,,,,,,,
,,,,,23204,3.0,3,,,,,,,,
,,,,,23208,4.0,4,,,,,,,,
,,,,,23211,3.0,3,,,,,,,,
,,,,,23214,3.0,3,,,,,,,,
,,,,,23218,4.0,4,,,,,,,,
,,,,,23222,4.0,4,,,,,,,,
,,,,,23225,3.0,3,,,,,,,,
,,,,,23231,6.0,6,,,,,,,,
,,,,,23234,3.0,3,,,,,,,,
,,,,,23237,3.0,3,,,,,,,,
,,,,,23240,3.0,3,,,,,,,,
,,,,,23243,3.0,3,,,,,,,,
,,,,,23246,3.0,3,,,,,,,,
,,,,,23249,3.0,3,,,,,,,,
,,,,,23252,3.0,3,,,,,,,,
,,,,,23256,4.0,4,,,,,,,,
,,,,,23259,3.0,3,,,,,,,,
,,,,,23262,3.0,3,,,,,,,,
,,,,,23265,3.0,3,,,,,,,,
,,,,,23268,3.0,3,,,,,,,,
,,,,,23271,3.0,3,,,,,,,,
,,,,,23275,4.0,4,,,,,,,,
,,,,,23278,3.0,3,,,,,,,,
,,,,,23281,3.0,3,,,,,,,,
,,,,,23284,3.0,3,,,,,,,,
,,,,,23287,3.0,3,,,,,,,,
,,,,,23290,3.0,3,,,,,,,,
,,,,,23293,3.0,3,,,,,,,,
,,,,,23297,4.0,4,,,,,,,,
,,,,,23300,3.0,3,,,,,,,,
,,,,,23305,5.0,5,,,,,,,,
,,,,,23308,3.0,3,,,,,,,,
,,,,,23312,4.0,4,,,,,,,,
,,,,,23315,3.0,3,,,,,,,,
,,,,,23318,3.0,3,,,,,,,,
,,,,,23321,3.0,3,,,,,,,,
,,,,,23324,3.0,3,,,,,,,,
,,,,,23328,4.0,4,,,,,,,,
,,,,,23331,3.0,3,,,,,,,,
,,,,,23335,4.0,4,,,,,,,,
,,,,,23338,3.0,3,,,,,,,,
,,,,,23341,3.0,3,,,,,,,,
,,,,,23344,3.0,3,,,,,,,,
,,,,,23347,3.0,3,,,,,,,,
,,,,,23350,3.0,3,,,,,,,,
,,,,,23354,4.0,4,,,,,,,,
,,,,,23358,4.0,4,,,,,,,,
,,,,,23361,3.0,3,,,,,,,,
,,,,,23364,3.0,3,,,,,,,,
,,,,,23367,3.0,3,,,,,,,,
,,,,,23370,3.0,3,,,,,,,,
,,,,,23373,3.0,3,,,,,,,,
,,,,,23376,3.0,3,,,,,,,,
,,,,,23379,3.0,3,,,,,,,,
,,,,,23382,3.0,3,,,,,,,,
,,,,,23385,3.0,3,,,,,,,,
,,,,,23389,4.0,4,,,,,,,,
,,,,,23392,3.0,3,,,,,,,,
,,,,,23396,4.0,4,,,,,,,,
,,,,,23399,3.0,3,,,,,,,,
,,,,,23402,3.0,3,,,,,,,,
,,,,,23405,3.0,3,,,,,,,,
,,,,,23408,3.0,3,,,,,,,,
,,,,,23411,3.0,3,,,,,,,,
,,,,,23414,3.0,3,,,,,,,,
,,,,,23417,3.0,3,,,,,,,,
,,,,,23420,3.0,3,,,,,,,,
,,,,,23423,3.0,3,,,,,,,,
,,,,,23426,3.0,3,,,,,,,,
,,,,,23429,3.0,3,,,,,,,,
,,,,,23432,3.0,3,,,,,,,,
,,,,,23435,3.0,3,,,,,,,,
,,,,,23438,3.0,3,,,,,,,,
,,,,,23441,3.0,3,,,,,,,,
,,,,,23444,3.0,3,,,,,,,,
,,,,,23447,3.0,3,,,,,,,,
,,,,,23450,3.0,3,,,,,,,,
,,,,,23453,3.0,3,,,,,,,,
,,,,,23456,3.0,3,,,,,,,,
,,,,,23460,4.0,4,,,,,,,,
,,,,,23463,3.0,3,,,,,,,,
,,,,,23466,3.0,3,,,,,,,,
,,,,,23469,3.0,3,,,,,,,,
,,,,,23473,4.0,4,,,,,,,,
,,,,,23477,4.0,4,,,,,,,,
,,,,,23480,3.0,3,,,,,,,,
,,,,,23484,4.0,4,,,,,,,,
,,,,,23487,3.0,3,,,,,,,,
,,,,,23490,3.0,3,,,,,,,,
,,,,,23494,4.0,4,,,,,,,,
,,,,,23497,3.0,3,,,,,,,,
,,,,,23500,3.0,3,,,,,,,,
,,,,,23503,3.0,3,,,,,,,,
,,,,,23506,3.0,3,,,,,,,,
,,,,,23509,3.0,3,,,,,,,,
,,,,,23512,3.0,3,,,,,,,,
,,,,,23515,3.0,3,,,,,,,,
,,,,,23518,3.0,3,,,,,,,,
,,,,,23523,5.0,5,,,,,,,,
,,,,,23527,4.0,4,,,,,,,,
,,,,,23530,3.0,3,,,,,,,,
,,,,,23535,5.0,5,,,,,,,,
,,,,,23538,3.0,3,,,,,,,,
,,,,,23542,4.0,4,,,,,,,,
,,,,,23545,3.0,3,,,,,,,,
,,,,,23549,4.0,4,,,,,,,,
,,,,,23552,3.0,3,,,,,,,,
,,,,,23556,4.0,4,,,,,,,,
,,,,,23560,4.0,4,,,,,,,,
,,,,,23563,3.0,3,,,,,,,,
,,,,,23566,3.0,3,,,,,,,,
,,,,,23571,5.0,5,,,,,,,,
,,,,,23574,3.0,3,,,,,,,,
,,,,,23578,4.0,4,,,,,,,,
,,,,,23581,3.0,3,,,,,,,,
,,,,,23585,4.0,4,,,,,,,,
,,,,,23588,3.0,3,,,,,,,,
,,,,,23593,5.0,5,,,,,,,,
,,,,,23596,3.0,3,,,,,,,,
,,,,,23599,3.0,3,,,,,,,,
,,,,,23604,5.0,5,,,,,,,,
,,,,,23608,4.0,4,,,,,,,,
,,,,,23612,4.0,4,,,,,,,,
,,,,,23617,5.0,5,,,,,,,,
,,,,,23620,3.0,3,,,,,,,,
,,,,,23623,3.0,3,,,,,,,,
,,,,,23627,4.0,4,,,,,,,,
,,,,,23631,4.0,4,,,,,,,,
,,,,,23634,3.0,3,,,,,,,,
,,,,,23638,4.0,4,,,,,,,,
,,,,,23642,4.0,4,,,,,,,,
,,,,,23646,4.0,4,,,,,,,,
,,,,,23649,3.0,3,,,,,,,,
,,,,,23652,3.0,3,,,,,,,,
,,,,,23655,3.0,3,,,,,,,,
,,,,,23660,5.0,5,,,,,,,,
,,,,,23663,3.0,3,,,,,,,,
,,,,,23667,4.0,4,,,,,,,,
,,,,,23670,3.0,3,,,,,,,,
,,,,,23675,5.0,5,,,,,,,,
,,,,,23678,3.0,3,,,,,,,,
,,,,,23683,5.0,5,,,,,,,,
,,,,,23686,3.0,3,,,,,,,,
,,,,,23690,4.0,4,,,,,,,,
,,,,,23693,3.0,3,,,,,,,,
,,,,,23696,3.0,3,,,,,,,,
,,,,,23699,3.0,3,,,,,,,,
,,,,,23704,5.0,5,,,,,,,,
,,,,,23708,4.0,4,,,,,,,,
,,,,,23711,3.0,3,,,,,,,,
,,,,,23714,3.0,3,,,,,,,,
,,,,,23717,3.0,3,,,,,,,,
,,,,,23720,3.0,3,,,,,,,,
,,,,,23723,3.0,3,,,,,,,,
,,,,,23726,3.0,3,,,,,,,,
,,,,,23730,4.0,4,,,,,,,,
,,,,,23733,3.0,3,,,,,,,,
,,,,,23736,3.0,3,,,,,,,,
,,,,,23741,5.0,5,,,,,,,,
,,,,,23745,4.0,4,,,,,,,,
,,,,,23749,4.0,4,,,,,,,,
,,,,,23752,3.0,3,,,,,,,,
,,,,,23756,4.0,4,,,,,,,,
,,,,,23760,4.0,4,,,,,,,,
,,,,,23763,3.0,3,,,,,,,,
,,,,,23767,4.0,4,,,,,,,,
,,,,,23770,3.0,3,,,,,,,,
,,,,,23773,3.0,3,,,,,,,,
,,,,,23776,3.0,3,,,,,,,,
,,,,,23779,3.0,3,,,,,,,,
,,,,,23782,3.0,3,,,,,,,,
,,,,,23786,4.0,4,,,,,,,,
,,,,,23789,3.0,3,,,,,,,,
,,,,,23792,3.0,3,,,,,,,,
,,,,,23795,3.0,3,,,,,,,,
,,,,,23798,3.0,3,,,,,,,,
,,,,,23801,3.0,3,,,,,,,,
,,,,,23804,3.0,3,,,,,,,,
,,,,,23807,3.0,3,,,,,,,,
,,,,,23810,3.0,3,,,,,,,,
,,,,,23813,3.0,3,,,,,,,,
,,,,,23816,3.0,3,,,,,,,,
,,,,,23819,3.0,3,,,,,,,,
,,,,,23822,3.0,3,,,,,,,,
,,,,,23825,3.0,3,,,,,,,,
,,,,,23828,3.0,3,,,,,,,,
,,,,,23831,3.0,3,,,,,,,,
,,,,,23834,3.0,3,,,,,,,,
,,,,,23838,4.0,4,,,,,,,,
,,,,,23841,3.0,3,,,,,,,,
,,,,,23844,3.0,3,,,,,,,,
,,,,,23847,3.0,3,,,,,,,,
,,,,,23850,3.0,3,,,,,,,,
,,,,,23853,3.0,3,,,,,,,,
,,,,,23856,3.0,3,,,,,,,,
,,,,,23859,3.0,3,,,,,,,,
,,,,,23862,3.0,3,,,,,,,,
,,,,,23865,3.0,3,,,,,,,,
,,,,,23868,3.0,3,,,,,,,,
,,,,,23871,3.0,3,,,,,,,,
,,,,,23874,3.0,3,,,,,,,,
,,,,,23879,5.0,5,,,,,,,,
,,,,,23882,3.0,3,,,,,,,,
,,,,,23886,4.0,4,,,,,,,,
,,,,,23891,5.0,5,,,,,,,,
,,,,,23894,3.0,3,,,,,,,,
,,,,,23897,3.0,3,,,,,,,,
,,,,,23901,4.0,4,,,,,,,,
,,,,,23904,3.0,3,,,,,,,,
,,,,,23907,3.0,3,,,,,,,,
,,,,,23912,5.0,5,,,,,,,,
,,,,,23915,3.0,3,,,,,,,,
,,,,,23918,3.0,3,,,,,,,,
,,,,,23921,3.0,3,,,,,,,,
,,,,,23926,5.0,5,,,,,,,,
,,,,,23929,3.0,3,,,,,,,,
,,,,,23932,3.0,3,,,,,,,,
,,,,,23936,4.0,4,,,,,,,,
,,,,,23940,4.0,4,,,,,,,,
,,,,,23944,4.0,4,,,,,,,,
,,,,,23947,3.0,3,,,,,,,,
,,,,,23951,4.0,4,,,,,,,,
,,,,,23954,3.0,3,,,,,,,,
,,,,,23957,3.0,3,,,,,,,,
,,,,,23960,3.0,3,,,,,,,,
,,,,,23964,4.0,4,,,,,,,,
,,,,,23968,4.0,4,,,,,,,,
,,,,,23971,3.0,3,,,,,,,,
,,,,,23974,3.0,3,,,,,,,,
,,,,,23977,3.0,3,,,,,,,,
,,,,,23980,3.0,3,,,,,,,,
,,,,,23983,3.0,3,,,,,,,,
,,,,,23986,3.0,3,,,,,,,,
,,,,,23990,4.0,4,,,,,,,,
,,,,,23993,3.0,3,,,,,,,,
,,,,,23999,6.0,6,,,,,,,,
,,,,,24000,,,-0.060742538422346115,-0.6074253916740417,0.11869529634714127,2.8180882930755615,2.8593618869781494,0.0003,0.0003,0.1
,,,,,24002,3.0,3,,,,,,,,
,,,,,24005,3.0,3,,,,,,,,
,,,,,24008,3.0,3,,,,,,,,
,,,,,24011,3.0,3,,,,,,,,
,,,,,24014,3.0,3,,,,,,,,
,,,,,24017,3.0,3,,,,,,,,
,,,,,24021,4.0,4,,,,,,,,
,,,,,24026,5.0,5,,,,,,,,
,,,,,24029,3.0,3,,,,,,,,
,,,,,24032,3.0,3,,,,,,,,
,,,,,24035,3.0,3,,,,,,,,
,,,,,24039,4.0,4,,,,,,,,
,,,,,24042,3.0,3,,,,,,,,
,,,,,24045,3.0,3,,,,,,,,
,,,,,24048,3.0,3,,,,,,,,
,,,,,24051,3.0,3,,,,,,,,
,,,,,24054,3.0,3,,,,,,,,
,,,,,24057,3.0,3,,,,,,,,
,,,,,24060,3.0,3,,,,,,,,
,,,,,24064,4.0,4,,,,,,,,
,,,,,24068,4.0,4,,,,,,,,
,,,,,24071,3.0,3,,,,,,,,
,,,,,24075,4.0,4,,,,,,,,
,,,,,24078,3.0,3,,,,,,,,
,,,,,24083,5.0,5,,,,,,,,
,,,,,24086,3.0,3,,,,,,,,
,,,,,24089,3.0,3,,,,,,,,
,,,,,24095,6.0,6,,,,,,,,
,,,,,24098,3.0,3,,,,,,,,
,,,,,24102,4.0,4,,,,,,,,
,,,,,24106,4.0,4,,,,,,,,
,,,,,24109,3.0,3,,,,,,,,
,,,,,24114,5.0,5,,,,,,,,
,,,,,24118,4.0,4,,,,,,,,
,,,,,24121,3.0,3,,,,,,,,
,,,,,24125,4.0,4,,,,,,,,
,,,,,24129,4.0,4,,,,,,,,
,,,,,24132,3.0,3,,,,,,,,
,,,,,24137,5.0,5,,,,,,,,
,,,,,24140,3.0,3,,,,,,,,
,,,,,24143,3.0,3,,,,,,,,
,,,,,24149,6.0,6,,,,,,,,
,,,,,24153,4.0,4,,,,,,,,
,,,,,24156,3.0,3,,,,,,,,
,,,,,24159,3.0,3,,,,,,,,
,,,,,24162,3.0,3,,,,,,,,
,,,,,24166,4.0,4,,,,,,,,
,,,,,24171,5.0,5,,,,,,,,
,,,,,24175,4.0,4,,,,,,,,
,,,,,24180,5.0,5,,,,,,,,
,,,,,24184,4.0,4,,,,,,,,
,,,,,24190,6.0,6,,,,,,,,
,,,,,24193,3.0,3,,,,,,,,
,,,,,24196,3.0,3,,,,,,,,
,,,,,24199,3.0,3,,,,,,,,
,,,,,24203,4.0,4,,,,,,,,
,,,,,24206,3.0,3,,,,,,,,
,,,,,24210,4.0,4,,,,,,,,
,,,,,24214,4.0,4,,,,,,,,
,,,,,24218,4.0,4,,,,,,,,
,,,,,24223,5.0,5,,,,,,,,
,,,,,24226,3.0,3,,,,,,,,
,,,,,24231,5.0,5,,,,,,,,
,,,,,24235,4.0,4,,,,,,,,
,,,,,24238,3.0,3,,,,,,,,
,,,,,24241,3.0,3,,,,,,,,
,,,,,24245,4.0,4,,,,,,,,
,,,,,24252,7.0,7,,,,,,,,
,,,,,24258,6.0,6,,,,,,,,
,,,,,24262,4.0,4,,,,,,,,
,,,,,24265,3.0,3,,,,,,,,
,,,,,24269,4.0,4,,,,,,,,
,,,,,24272,3.0,3,,,,,,,,
,,,,,24275,3.0,3,,,,,,,,
,,,,,24278,3.0,3,,,,,,,,
,,,,,24284,6.0,6,,,,,,,,
,,,,,24287,3.0,3,,,,,,,,
,,,,,24290,3.0,3,,,,,,,,
,,,,,24296,6.0,6,,,,,,,,
,,,,,24301,5.0,5,,,,,,,,
,,,,,24305,4.0,4,,,,,,,,
,,,,,24310,5.0,5,,,,,,,,
,,,,,24314,4.0,4,,,,,,,,
,,,,,24319,5.0,5,,,,,,,,
,,,,,24323,4.0,4,,,,,,,,
,,,,,24326,3.0,3,,,,,,,,
,,,,,24329,3.0,3,,,,,,,,
,,,,,24333,4.0,4,,,,,,,,
,,,,,24337,4.0,4,,,,,,,,
,,,,,24341,4.0,4,,,,,,,,
,,,,,24346,5.0,5,,,,,,,,
,,,,,24351,5.0,5,,,,,,,,
,,,,,24354,3.0,3,,,,,,,,
,,,,,24358,4.0,4,,,,,,,,
,,,,,24361,3.0,3,,,,,,,,
,,,,,24366,5.0,5,,,,,,,,
,,,,,24369,3.0,3,,,,,,,,
,,,,,24372,3.0,3,,,,,,,,
,,,,,24375,3.0,3,,,,,,,,
,,,,,24378,3.0,3,,,,,,,,
,,,,,24383,5.0,5,,,,,,,,
,,,,,24388,5.0,5,,,,,,,,
,,,,,24392,4.0,4,,,,,,,,
,,,,,24395,3.0,3,,,,,,,,
,,,,,24398,3.0,3,,,,,,,,
,,,,,24401,3.0,3,,,,,,,,
,,,,,24404,3.0,3,,,,,,,,
,,,,,24408,4.0,4,,,,,,,,
,,,,,24411,3.0,3,,,,,,,,
,,,,,24414,3.0,3,,,,,,,,
,,,,,24417,3.0,3,,,,,,,,
,,,,,24421,4.0,4,,,,,,,,
,,,,,24425,4.0,4,,,,,,,,
,,,,,24430,5.0,5,,,,,,,,
,,,,,24435,5.0,5,,,,,,,,
,,,,,24438,3.0,3,,,,,,,,
,,,,,24443,5.0,5,,,,,,,,
,,,,,24446,3.0,3,,,,,,,,
,,,,,24449,3.0,3,,,,,,,,
,,,,,24452,3.0,3,,,,,,,,
,,,,,24455,3.0,3,,,,,,,,
,,,,,24458,3.0,3,,,,,,,,
,,,,,24463,5.0,5,,,,,,,,
,,,,,24467,4.0,4,,,,,,,,
,,,,,24470,3.0,3,,,,,,,,
,,,,,24474,4.0,4,,,,,,,,
,,,,,24477,3.0,3,,,,,,,,
,,,,,24480,3.0,3,,,,,,,,
,,,,,24484,4.0,4,,,,,,,,
,,,,,24487,3.0,3,,,,,,,,
,,,,,24490,3.0,3,,,,,,,,
,,,,,24494,4.0,4,,,,,,,,
,,,,,24498,4.0,4,,,,,,,,
,,,,,24502,4.0,4,,,,,,,,
,,,,,24506,4.0,4,,,,,,,,
,,,,,24509,3.0,3,,,,,,,,
,,,,,24513,4.0,4,,,,,,,,
,,,,,24517,4.0,4,,,,,,,,
,,,,,24522,5.0,5,,,,,,,,
,,,,,24528,6.0,6,,,,,,,,
,,,,,24532,4.0,4,,,,,,,,
,,,,,24538,6.0,6,,,,,,,,
,,,,,24542,4.0,4,,,,,,,,
,,,,,24545,3.0,3,,,,,,,,
,,,,,24551,6.0,6,,,,,,,,
,,,,,24554,3.0,3,,,,,,,,
,,,,,24557,3.0,3,,,,,,,,
,,,,,24562,5.0,5,,,,,,,,
,,,,,24565,3.0,3,,,,,,,,
,,,,,24568,3.0,3,,,,,,,,
,,,,,24573,5.0,5,,,,,,,,
,,,,,24577,4.0,4,,,,,,,,
,,,,,24581,4.0,4,,,,,,,,
,,,,,24585,4.0,4,,,,,,,,
,,,,,24588,3.0,3,,,,,,,,
,,,,,24592,4.0,4,,,,,,,,
,,,,,24597,5.0,5,,,,,,,,
,,,,,24601,4.0,4,,,,,,,,
,,,,,24605,4.0,4,,,,,,,,
,,,,,24608,3.0,3,,,,,,,,
,,,,,24613,5.0,5,,,,,,,,
,,,,,24616,3.0,3,,,,,,,,
,,,,,24619,3.0,3,,,,,,,,
,,,,,24623,4.0,4,,,,,,,,
,,,,,24627,4.0,4,,,,,,,,
,,,,,24630,3.0,3,,,,,,,,
,,,,,24633,3.0,3,,,,,,,,
,,,,,24637,4.0,4,,,,,,,,
,,,,,24642,5.0,5,,,,,,,,
,,,,,24645,3.0,3,,,,,,,,
,,,,,24648,3.0,3,,,,,,,,
,,,,,24652,4.0,4,,,,,,,,
,,,,,24655,3.0,3,,,,,,,,
,,,,,24658,3.0,3,,,,,,,,
,,,,,24662,4.0,4,,,,,,,,
,,,,,24666,4.0,4,,,,,,,,
,,,,,24671,5.0,5,,,,,,,,
,,,,,24676,5.0,5,,,,,,,,
,,,,,24683,7.0,7,,,,,,,,
,,,,,24687,4.0,4,,,,,,,,
,,,,,24692,5.0,5,,,,,,,,
,,,,,24696,4.0,4,,,,,,,,
,,,,,24700,4.0,4,,,,,,,,
,,,,,24706,6.0,6,,,,,,,,
,,,,,24712,6.0,6,,,,,,,,
,,,,,24715,3.0,3,,,,,,,,
,,,,,24719,4.0,4,,,,,,,,
,,,,,24723,4.0,4,,,,,,,,
,,,,,24728,5.0,5,,,,,,,,
,,,,,24734,6.0,6,,,,,,,,
,,,,,24738,4.0,4,,,,,,,,
,,,,,24744,6.0,6,,,,,,,,
,,,,,24749,5.0,5,,,,,,,,
,,,,,24752,3.0,3,,,,,,,,
,,,,,24757,5.0,5,,,,,,,,
,,,,,24760,3.0,3,,,,,,,,
,,,,,24764,4.0,4,,,,,,,,
,,,,,24769,5.0,5,,,,,,,,
,,,,,24774,5.0,5,,,,,,,,
,,,,,24780,6.0,6,,,,,,,,
,,,,,24786,6.0,6,,,,,,,,
,,,,,24789,3.0,3,,,,,,,,
,,,,,24793,4.0,4,,,,,,,,
,,,,,24798,5.0,5,,,,,,,,
,,,,,24802,4.0,4,,,,,,,,
,,,,,24807,5.0,5,,,,,,,,
,,,,,24810,3.0,3,,,,,,,,
,,,,,24815,5.0,5,,,,,,,,
,,,,,24820,5.0,5,,,,,,,,
,,,,,24824,4.0,4,,,,,,,,
,,,,,24828,4.0,4,,,,,,,,
,,,,,24832,4.0,4,,,,,,,,
,,,,,24835,3.0,3,,,,,,,,
,,,,,24838,3.0,3,,,,,,,,
,,,,,24844,6.0,6,,,,,,,,
,,,,,24849,5.0,5,,,,,,,,
,,,,,24854,5.0,5,,,,,,,,
,,,,,24858,4.0,4,,,,,,,,
,,,,,24866,8.0,8,,,,,,,,
,,,,,24870,4.0,4,,,,,,,,
,,,,,24873,3.0,3,,,,,,,,
,,,,,24879,6.0,6,,,,,,,,
,,,,,24884,5.0,5,,,,,,,,
,,,,,24889,5.0,5,,,,,,,,
,,,,,24893,4.0,4,,,,,,,,
,,,,,24896,3.0,3,,,,,,,,
,,,,,24899,3.0,3,,,,,,,,
,,,,,24906,7.0,7,,,,,,,,
,,,,,24910,4.0,4,,,,,,,,
,,,,,24913,3.0,3,,,,,,,,
,,,,,24919,6.0,6,,,,,,,,
,,,,,24922,3.0,3,,,,,,,,
,,,,,24925,3.0,3,,,,,,,,
,,,,,24930,5.0,5,,,,,,,,
,,,,,24937,7.0,7,,,,,,,,
,,,,,24945,8.0,8,,,,,,,,
,,,,,24950,5.0,5,,,,,,,,
,,,,,24953,3.0,3,,,,,,,,
,,,,,24959,6.0,6,,,,,,,,
,,,,,24962,3.0,3,,,,,,,,
,,,,,24965,3.0,3,,,,,,,,
,,,,,24970,5.0,5,,,,,,,,
,,,,,24974,4.0,4,,,,,,,,
,,,,,24979,5.0,5,,,,,,,,
,,,,,24983,4.0,4,,,,,,,,
,,,,,24986,3.0,3,,,,,,,,
,,,,,24989,3.0,3,,,,,,,,
,,,,,24992,3.0,3,,,,,,,,
,,,,,24997,5.0,5,,,,,,,,
,,,,,25000,3.0,3,,,,,,,,
4.2,1.1661904,6.0,3.0,4.2,25000,,,-0.04675082117319107,-0.4675081968307495,0.17010338604450226,2.924180030822754,2.9784798622131348,0.0003,0.0003,0.1
,,,,,25003,3.0,3,,,,,,,,
,,,,,25006,3.0,3,,,,,,,,
,,,,,25011,5.0,5,,,,,,,,
,,,,,25014,3.0,3,,,,,,,,
,,,,,25017,3.0,3,,,,,,,,
,,,,,25020,3.0,3,,,,,,,,
,,,,,25023,3.0,3,,,,,,,,
,,,,,25027,4.0,4,,,,,,,,
,,,,,25030,3.0,3,,,,,,,,
,,,,,25033,3.0,3,,,,,,,,
,,,,,25038,5.0,5,,,,,,,,
,,,,,25041,3.0,3,,,,,,,,
,,,,,25044,3.0,3,,,,,,,,
,,,,,25047,3.0,3,,,,,,,,
,,,,,25050,3.0,3,,,,,,,,
,,,,,25053,3.0,3,,,,,,,,
,,,,,25058,5.0,5,,,,,,,,
,,,,,25063,5.0,5,,,,,,,,
,,,,,25067,4.0,4,,,,,,,,
,,,,,25073,6.0,6,,,,,,,,
,,,,,25077,4.0,4,,,,,,,,
,,,,,25080,3.0,3,,,,,,,,
,,,,,25085,5.0,5,,,,,,,,
,,,,,25088,3.0,3,,,,,,,,
,,,,,25091,3.0,3,,,,,,,,
,,,,,25094,3.0,3,,,,,,,,
,,,,,25099,5.0,5,,,,,,,,
,,,,,25103,4.0,4,,,,,,,,
,,,,,25107,4.0,4,,,,,,,,
,,,,,25110,3.0,3,,,,,,,,
,,,,,25115,5.0,5,,,,,,,,
,,,,,25118,3.0,3,,,,,,,,
,,,,,25121,3.0,3,,,,,,,,
,,,,,25124,3.0,3,,,,,,,,
,,,,,25130,6.0,6,,,,,,,,
,,,,,25133,3.0,3,,,,,,,,
,,,,,25138,5.0,5,,,,,,,,
,,,,,25144,6.0,6,,,,,,,,
,,,,,25147,3.0,3,,,,,,,,
,,,,,25151,4.0,4,,,,,,,,
,,,,,25155,4.0,4,,,,,,,,
,,,,,25159,4.0,4,,,,,,,,
,,,,,25163,4.0,4,,,,,,,,
,,,,,25169,6.0,6,,,,,,,,
,,,,,25173,4.0,4,,,,,,,,
,,,,,25177,4.0,4,,,,,,,,
,,,,,25180,3.0,3,,,,,,,,
,,,,,25183,3.0,3,,,,,,,,
,,,,,25187,4.0,4,,,,,,,,
,,,,,25190,3.0,3,,,,,,,,
,,,,,25193,3.0,3,,,,,,,,
,,,,,25199,6.0,6,,,,,,,,
,,,,,25202,3.0,3,,,,,,,,
,,,,,25205,3.0,3,,,,,,,,
,,,,,25209,4.0,4,,,,,,,,
,,,,,25213,4.0,4,,,,,,,,
,,,,,25216,3.0,3,,,,,,,,
,,,,,25219,3.0,3,,,,,,,,
,,,,,25222,3.0,3,,,,,,,,
,,,,,25225,3.0,3,,,,,,,,
,,,,,25229,4.0,4,,,,,,,,
,,,,,25232,3.0,3,,,,,,,,
,,,,,25235,3.0,3,,,,,,,,
,,,,,25240,5.0,5,,,,,,,,
,,,,,25244,4.0,4,,,,,,,,
,,,,,25248,4.0,4,,,,,,,,
,,,,,25253,5.0,5,,,,,,,,
,,,,,25259,6.0,6,,,,,,,,
,,,,,25263,4.0,4,,,,,,,,
,,,,,25266,3.0,3,,,,,,,,
,,,,,25270,4.0,4,,,,,,,,
,,,,,25274,4.0,4,,,,,,,,
,,,,,25277,3.0,3,,,,,,,,
,,,,,25281,4.0,4,,,,,,,,
,,,,,25284,3.0,3,,,,,,,,
,,,,,25291,7.0,7,,,,,,,,
,,,,,25294,3.0,3,,,,,,,,
,,,,,25297,3.0,3,,,,,,,,
,,,,,25301,4.0,4,,,,,,,,
,,,,,25307,6.0,6,,,,,,,,
,,,,,25311,4.0,4,,,,,,,,
,,,,,25316,5.0,5,,,,,,,,
,,,,,25320,4.0,4,,,,,,,,
,,,,,25323,3.0,3,,,,,,,,
,,,,,25327,4.0,4,,,,,,,,
,,,,,25330,3.0,3,,,,,,,,
,,,,,25333,3.0,3,,,,,,,,
,,,,,25336,3.0,3,,,,,,,,
,,,,,25339,3.0,3,,,,,,,,
,,,,,25343,4.0,4,,,,,,,,
,,,,,25348,5.0,5,,,,,,,,
,,,,,25351,3.0,3,,,,,,,,
,,,,,25358,7.0,7,,,,,,,,
,,,,,25361,3.0,3,,,,,,,,
,,,,,25364,3.0,3,,,,,,,,
,,,,,25369,5.0,5,,,,,,,,
,,,,,25372,3.0,3,,,,,,,,
,,,,,25377,5.0,5,,,,,,,,
,,,,,25383,6.0,6,,,,,,,,
,,,,,25386,3.0,3,,,,,,,,
,,,,,25389,3.0,3,,,,,,,,
,,,,,25392,3.0,3,,,,,,,,
,,,,,25396,4.0,4,,,,,,,,
,,,,,25399,3.0,3,,,,,,,,
,,,,,25403,4.0,4,,,,,,,,
,,,,,25407,4.0,4,,,,,,,,
,,,,,25410,3.0,3,,,,,,,,
,,,,,25413,3.0,3,,,,,,,,
,,,,,25417,4.0,4,,,,,,,,
,,,,,25421,4.0,4,,,,,,,,
,,,,,25424,3.0,3,,,,,,,,
,,,,,25429,5.0,5,,,,,,,,
,,,,,25432,3.0,3,,,,,,,,
,,,,,25437,5.0,5,,,,,,,,
,,,,,25440,3.0,3,,,,,,,,
,,,,,25445,5.0,5,,,,,,,,
,,,,,25449,4.0,4,,,,,,,,
,,,,,25453,4.0,4,,,,,,,,
,,,,,25459,6.0,6,,,,,,,,
,,,,,25463,4.0,4,,,,,,,,
,,,,,25467,4.0,4,,,,,,,,
,,,,,25470,3.0,3,,,,,,,,
,,,,,25476,6.0,6,,,,,,,,
,,,,,25480,4.0,4,,,,,,,,
,,,,,25483,3.0,3,,,,,,,,
,,,,,25486,3.0,3,,,,,,,,
,,,,,25489,3.0,3,,,,,,,,
,,,,,25492,3.0,3,,,,,,,,
,,,,,25495,3.0,3,,,,,,,,
,,,,,25498,3.0,3,,,,,,,,
,,,,,25501,3.0,3,,,,,,,,
,,,,,25504,3.0,3,,,,,,,,
,,,,,25508,4.0,4,,,,,,,,
,,,,,25514,6.0,6,,,,,,,,
,,,,,25518,4.0,4,,,,,,,,
,,,,,25522,4.0,4,,,,,,,,
,,,,,25527,5.0,5,,,,,,,,
,,,,,25531,4.0,4,,,,,,,,
,,,,,25537,6.0,6,,,,,,,,
,,,,,25540,3.0,3,,,,,,,,
,,,,,25543,3.0,3,,,,,,,,
,,,,,25547,4.0,4,,,,,,,,
,,,,,25552,5.0,5,,,,,,,,
,,,,,25557,5.0,5,,,,,,,,
,,,,,25560,3.0,3,,,,,,,,
,,,,,25563,3.0,3,,,,,,,,
,,,,,25567,4.0,4,,,,,,,,
,,,,,25571,4.0,4,,,,,,,,
,,,,,25575,4.0,4,,,,,,,,
,,,,,25579,4.0,4,,,,,,,,
,,,,,25583,4.0,4,,,,,,,,
,,,,,25588,5.0,5,,,,,,,,
,,,,,25594,6.0,6,,,,,,,,
,,,,,25599,5.0,5,,,,,,,,
,,,,,25603,4.0,4,,,,,,,,
,,,,,25607,4.0,4,,,,,,,,
,,,,,25610,3.0,3,,,,,,,,
,,,,,25615,5.0,5,,,,,,,,
,,,,,25619,4.0,4,,,,,,,,
,,,,,25622,3.0,3,,,,,,,,
,,,,,25625,3.0,3,,,,,,,,
,,,,,25628,3.0,3,,,,,,,,
,,,,,25633,5.0,5,,,,,,,,
,,,,,25639,6.0,6,,,,,,,,
,,,,,25642,3.0,3,,,,,,,,
,,,,,25647,5.0,5,,,,,,,,
,,,,,25652,5.0,5,,,,,,,,
,,,,,25656,4.0,4,,,,,,,,
,,,,,25664,8.0,8,,,,,,,,
,,,,,25669,5.0,5,,,,,,,,
,,,,,25673,4.0,4,,,,,,,,
,,,,,25678,5.0,5,,,,,,,,
,,,,,25683,5.0,5,,,,,,,,
,,,,,25688,5.0,5,,,,,,,,
,,,,,25691,3.0,3,,,,,,,,
,,,,,25695,4.0,4,,,,,,,,
,,,,,25700,5.0,5,,,,,,,,
,,,,,25705,5.0,5,,,,,,,,
,,,,,25708,3.0,3,,,,,,,,
,,,,,25712,4.0,4,,,,,,,,
,,,,,25715,3.0,3,,,,,,,,
,,,,,25722,7.0,7,,,,,,,,
,,,,,25725,3.0,3,,,,,,,,
,,,,,25728,3.0,3,,,,,,,,
,,,,,25732,4.0,4,,,,,,,,
,,,,,25737,5.0,5,,,,,,,,
,,,,,25740,3.0,3,,,,,,,,
,,,,,25744,4.0,4,,,,,,,,
,,,,,25748,4.0,4,,,,,,,,
,,,,,25751,3.0,3,,,,,,,,
,,,,,25754,3.0,3,,,,,,,,
,,,,,25757,3.0,3,,,,,,,,
,,,,,25761,4.0,4,,,,,,,,
,,,,,25766,5.0,5,,,,,,,,
,,,,,25771,5.0,5,,,,,,,,
,,,,,25775,4.0,4,,,,,,,,
,,,,,25780,5.0,5,,,,,,,,
,,,,,25783,3.0,3,,,,,,,,
,,,,,25797,14.0,14,,,,,,,,
,,,,,25800,3.0,3,,,,,,,,
,,,,,25803,3.0,3,,,,,,,,
,,,,,25807,4.0,4,,,,,,,,
,,,,,25812,5.0,5,,,,,,,,
,,,,,25816,4.0,4,,,,,,,,
,,,,,25821,5.0,5,,,,,,,,
,,,,,25827,6.0,6,,,,,,,,
,,,,,25830,3.0,3,,,,,,,,
,,,,,25835,5.0,5,,,,,,,,
,,,,,25840,5.0,5,,,,,,,,
,,,,,25844,4.0,4,,,,,,,,
,,,,,25853,9.0,9,,,,,,,,
,,,,,25860,7.0,7,,,,,,,,
,,,,,25865,5.0,5,,,,,,,,
,,,,,25869,4.0,4,,,,,,,,
,,,,,25872,3.0,3,,,,,,,,
,,,,,25877,5.0,5,,,,,,,,
,,,,,25882,5.0,5,,,,,,,,
,,,,,25885,3.0,3,,,,,,,,
,,,,,25888,3.0,3,,,,,,,,
,,,,,25891,3.0,3,,,,,,,,
,,,,,25895,4.0,4,,,,,,,,
,,,,,25898,3.0,3,,,,,,,,
,,,,,25902,4.0,4,,,,,,,,
,,,,,25906,4.0,4,,,,,,,,
,,,,,25910,4.0,4,,,,,,,,
,,,,,25914,4.0,4,,,,,,,,
,,,,,25917,3.0,3,,,,,,,,
,,,,,25920,3.0,3,,,,,,,,
,,,,,25924,4.0,4,,,,,,,,
,,,,,25929,5.0,5,,,,,,,,
,,,,,25933,4.0,4,,,,,,,,
,,,,,25939,6.0,6,,,,,,,,
,,,,,25942,3.0,3,,,,,,,,
,,,,,25945,3.0,3,,,,,,,,
,,,,,25949,4.0,4,,,,,,,,
,,,,,25954,5.0,5,,,,,,,,
,,,,,25957,3.0,3,,,,,,,,
,,,,,25960,3.0,3,,,,,,,,
,,,,,25965,5.0,5,,,,,,,,
,,,,,25968,3.0,3,,,,,,,,
,,,,,25971,3.0,3,,,,,,,,
,,,,,25974,3.0,3,,,,,,,,
,,,,,25979,5.0,5,,,,,,,,
,,,,,25988,9.0,9,,,,,,,,
,,,,,25992,4.0,4,,,,,,,,
,,,,,25999,7.0,7,,,,,,,,
,,,,,26000,,,-0.02609250508248806,-0.2609250545501709,0.23414254188537598,3.3719322681427,3.4616947174072266,0.0003,0.0003,0.1
,,,,,26004,5.0,5,,,,,,,,
,,,,,26007,3.0,3,,,,,,,,
,,,,,26011,4.0,4,,,,,,,,
,,,,,26017,6.0,6,,,,,,,,
,,,,,26021,4.0,4,,,,,,,,
,,,,,26024,3.0,3,,,,,,,,
,,,,,26027,3.0,3,,,,,,,,
,,,,,26033,6.0,6,,,,,,,,
,,,,,26043,10.0,10,,,,,,,,
,,,,,26048,5.0,5,,,,,,,,
,,,,,26053,5.0,5,,,,,,,,
,,,,,26057,4.0,4,,,,,,,,
,,,,,26063,6.0,6,,,,,,,,
,,,,,26069,6.0,6,,,,,,,,
,,,,,26075,6.0,6,,,,,,,,
,,,,,26079,4.0,4,,,,,,,,
,,,,,26084,5.0,5,,,,,,,,
,,,,,26090,6.0,6,,,,,,,,
,,,,,26093,3.0,3,,,,,,,,
,,,,,26096,3.0,3,,,,,,,,
,,,,,26100,4.0,4,,,,,,,,
,,,,,26108,8.0,8,,,,,,,,
,,,,,26111,3.0,3,,,,,,,,
,,,,,26114,3.0,3,,,,,,,,
,,,,,26117,3.0,3,,,,,,,,
,,,,,26121,4.0,4,,,,,,,,
,,,,,26124,3.0,3,,,,,,,,
,,,,,26127,3.0,3,,,,,,,,
,,,,,26132,5.0,5,,,,,,,,
,,,,,26138,6.0,6,,,,,,,,
,,,,,26142,4.0,4,,,,,,,,
,,,,,26147,5.0,5,,,,,,,,
,,,,,26150,3.0,3,,,,,,,,
,,,,,26155,5.0,5,,,,,,,,
,,,,,26161,6.0,6,,,,,,,,
,,,,,26164,3.0,3,,,,,,,,
,,,,,26169,5.0,5,,,,,,,,
,,,,,26177,8.0,8,,,,,,,,
,,,,,26181,4.0,4,,,,,,,,
,,,,,26187,6.0,6,,,,,,,,
,,,,,26193,6.0,6,,,,,,,,
,,,,,26196,3.0,3,,,,,,,,
,,,,,26199,3.0,3,,,,,,,,
,,,,,26202,3.0,3,,,,,,,,
,,,,,26209,7.0,7,,,,,,,,
,,,,,26215,6.0,6,,,,,,,,
,,,,,26221,6.0,6,,,,,,,,
,,,,,26224,3.0,3,,,,,,,,
,,,,,26232,8.0,8,,,,,,,,
,,,,,26235,3.0,3,,,,,,,,
,,,,,26240,5.0,5,,,,,,,,
,,,,,26246,6.0,6,,,,,,,,
,,,,,26249,3.0,3,,,,,,,,
,,,,,26254,5.0,5,,,,,,,,
,,,,,26260,6.0,6,,,,,,,,
,,,,,26263,3.0,3,,,,,,,,
,,,,,26270,7.0,7,,,,,,,,
,,,,,26275,5.0,5,,,,,,,,
,,,,,26280,5.0,5,,,,,,,,
,,,,,26285,5.0,5,,,,,,,,
,,,,,26289,4.0,4,,,,,,,,
,,,,,26297,8.0,8,,,,,,,,
,,,,,26302,5.0,5,,,,,,,,
,,,,,26305,3.0,3,,,,,,,,
,,,,,26310,5.0,5,,,,,,,,
,,,,,26314,4.0,4,,,,,,,,
,,,,,26319,5.0,5,,,,,,,,
,,,,,26322,3.0,3,,,,,,,,
,,,,,26325,3.0,3,,,,,,,,
,,,,,26330,5.0,5,,,,,,,,
,,,,,26337,7.0,7,,,,,,,,
,,,,,26341,4.0,4,,,,,,,,
,,,,,26345,4.0,4,,,,,,,,
,,,,,26351,6.0,6,,,,,,,,
,,,,,26354,3.0,3,,,,,,,,
,,,,,26358,4.0,4,,,,,,,,
,,,,,26363,5.0,5,,,,,,,,
,,,,,26369,6.0,6,,,,,,,,
,,,,,26372,3.0,3,,,,,,,,
,,,,,26380,8.0,8,,,,,,,,
,,,,,26384,4.0,4,,,,,,,,
,,,,,26388,4.0,4,,,,,,,,
,,,,,26393,5.0,5,,,,,,,,
,,,,,26399,6.0,6,,,,,,,,
,,,,,26402,3.0,3,,,,,,,,
,,,,,26408,6.0,6,,,,,,,,
,,,,,26411,3.0,3,,,,,,,,
,,,,,26416,5.0,5,,,,,,,,
,,,,,26421,5.0,5,,,,,,,,
,,,,,26427,6.0,6,,,,,,,,
,,,,,26432,5.0,5,,,,,,,,
,,,,,26438,6.0,6,,,,,,,,
,,,,,26442,4.0,4,,,,,,,,
,,,,,26447,5.0,5,,,,,,,,
,,,,,26450,3.0,3,,,,,,,,
,,,,,26455,5.0,5,,,,,,,,
,,,,,26458,3.0,3,,,,,,,,
,,,,,26463,5.0,5,,,,,,,,
,,,,,26467,4.0,4,,,,,,,,
,,,,,26471,4.0,4,,,,,,,,
,,,,,26477,6.0,6,,,,,,,,
,,,,,26483,6.0,6,,,,,,,,
,,,,,26491,8.0,8,,,,,,,,
,,,,,26498,7.0,7,,,,,,,,
,,,,,26502,4.0,4,,,,,,,,
,,,,,26507,5.0,5,,,,,,,,
,,,,,26512,5.0,5,,,,,,,,
,,,,,26519,7.0,7,,,,,,,,
,,,,,26524,5.0,5,,,,,,,,
,,,,,26528,4.0,4,,,,,,,,
,,,,,26534,6.0,6,,,,,,,,
,,,,,26538,4.0,4,,,,,,,,
,,,,,26545,7.0,7,,,,,,,,
,,,,,26549,4.0,4,,,,,,,,
,,,,,26553,4.0,4,,,,,,,,
,,,,,26557,4.0,4,,,,,,,,
,,,,,26561,4.0,4,,,,,,,,
,,,,,26565,4.0,4,,,,,,,,
,,,,,26570,5.0,5,,,,,,,,
,,,,,26575,5.0,5,,,,,,,,
,,,,,26579,4.0,4,,,,,,,,
,,,,,26582,3.0,3,,,,,,,,
,,,,,26586,4.0,4,,,,,,,,
,,,,,26591,5.0,5,,,,,,,,
,,,,,26597,6.0,6,,,,,,,,
,,,,,26602,5.0,5,,,,,,,,
,,,,,26606,4.0,4,,,,,,,,
,,,,,26611,5.0,5,,,,,,,,
,,,,,26616,5.0,5,,,,,,,,
,,,,,26621,5.0,5,,,,,,,,
,,,,,26627,6.0,6,,,,,,,,
,,,,,26632,5.0,5,,,,,,,,
,,,,,26638,6.0,6,,,,,,,,
,,,,,26643,5.0,5,,,,,,,,
,,,,,26649,6.0,6,,,,,,,,
,,,,,26653,4.0,4,,,,,,,,
,,,,,26656,3.0,3,,,,,,,,
,,,,,26661,5.0,5,,,,,,,,
,,,,,26667,6.0,6,,,,,,,,
,,,,,26672,5.0,5,,,,,,,,
,,,,,26679,7.0,7,,,,,,,,
,,,,,26682,3.0,3,,,,,,,,
,,,,,26688,6.0,6,,,,,,,,
,,,,,26692,4.0,4,,,,,,,,
,,,,,26695,3.0,3,,,,,,,,
,,,,,26702,7.0,7,,,,,,,,
,,,,,26708,6.0,6,,,,,,,,
,,,,,26717,9.0,9,,,,,,,,
,,,,,26723,6.0,6,,,,,,,,
,,,,,26731,8.0,8,,,,,,,,
,,,,,26737,6.0,6,,,,,,,,
,,,,,26743,6.0,6,,,,,,,,
,,,,,26751,8.0,8,,,,,,,,
,,,,,26761,10.0,10,,,,,,,,
,,,,,26765,4.0,4,,,,,,,,
,,,,,26768,3.0,3,,,,,,,,
,,,,,26775,7.0,7,,,,,,,,
,,,,,26780,5.0,5,,,,,,,,
,,,,,26792,12.0,12,,,,,,,,
,,,,,26797,5.0,5,,,,,,,,
,,,,,26802,5.0,5,,,,,,,,
,,,,,26811,9.0,9,,,,,,,,
,,,,,26820,9.0,9,,,,,,,,
,,,,,26826,6.0,6,,,,,,,,
,,,,,26831,5.0,5,,,,,,,,
,,,,,26838,7.0,7,,,,,,,,
,,,,,26844,6.0,6,,,,,,,,
,,,,,26850,6.0,6,,,,,,,,
,,,,,26860,10.0,10,,,,,,,,
,,,,,26867,7.0,7,,,,,,,,
,,,,,26880,13.0,13,,,,,,,,
,,,,,26890,10.0,10,,,,,,,,
,,,,,26896,6.0,6,,,,,,,,
,,,,,26905,9.0,9,,,,,,,,
,,,,,26921,16.0,16,,,,,,,,
,,,,,26933,12.0,12,,,,,,,,
,,,,,26940,7.0,7,,,,,,,,
,,,,,26946,6.0,6,,,,,,,,
,,,,,26950,4.0,4,,,,,,,,
,,,,,26958,8.0,8,,,,,,,,
,,,,,26967,9.0,9,,,,,,,,
,,,,,26977,10.0,10,,,,,,,,
,,,,,26983,6.0,6,,,,,,,,
,,,,,26993,10.0,10,,,,,,,,
,,,,,27000,,,-0.04506636783480644,-0.45066365599632263,0.25632134079933167,3.5023436546325684,3.4406962394714355,0.0003,0.0003,0.1
,,,,,27002,9.0,9,,,,,,,,
,,,,,27013,11.0,11,,,,,,,,
,,,,,27026,13.0,13,,,,,,,,
,,,,,27034,8.0,8,,,,,,,,
,,,,,27042,8.0,8,,,,,,,,
,,,,,27049,7.0,7,,,,,,,,
,,,,,27061,12.0,12,,,,,,,,
,,,,,27070,9.0,9,,,,,,,,
,,,,,27078,8.0,8,,,,,,,,
,,,,,27083,5.0,5,,,,,,,,
,,,,,27090,7.0,7,,,,,,,,
,,,,,27101,11.0,11,,,,,,,,
,,,,,27104,3.0,3,,,,,,,,
,,,,,27109,5.0,5,,,,,,,,
,,,,,27112,3.0,3,,,,,,,,
,,,,,27132,20.0,20,,,,,,,,
,,,,,27138,6.0,6,,,,,,,,
,,,,,27144,6.0,6,,,,,,,,
,,,,,27150,6.0,6,,,,,,,,
,,,,,27155,5.0,5,,,,,,,,
,,,,,27160,5.0,5,,,,,,,,
,,,,,27172,12.0,12,,,,,,,,
,,,,,27175,3.0,3,,,,,,,,
,,,,,27183,8.0,8,,,,,,,,
,,,,,27188,5.0,5,,,,,,,,
,,,,,27200,12.0,12,,,,,,,,
,,,,,27205,5.0,5,,,,,,,,
,,,,,27213,8.0,8,,,,,,,,
,,,,,27224,11.0,11,,,,,,,,
,,,,,27230,6.0,6,,,,,,,,
,,,,,27239,9.0,9,,,,,,,,
,,,,,27244,5.0,5,,,,,,,,
,,,,,27253,9.0,9,,,,,,,,
,,,,,27260,7.0,7,,,,,,,,
,,,,,27267,7.0,7,,,,,,,,
,,,,,27272,5.0,5,,,,,,,,
,,,,,27277,5.0,5,,,,,,,,
,,,,,27280,3.0,3,,,,,,,,
,,,,,27289,9.0,9,,,,,,,,
,,,,,27294,5.0,5,,,,,,,,
,,,,,27298,4.0,4,,,,,,,,
,,,,,27302,4.0,4,,,,,,,,
,,,,,27309,7.0,7,,,,,,,,
,,,,,27315,6.0,6,,,,,,,,
,,,,,27321,6.0,6,,,,,,,,
,,,,,27327,6.0,6,,,,,,,,
,,,,,27332,5.0,5,,,,,,,,
,,,,,27337,5.0,5,,,,,,,,
,,,,,27345,8.0,8,,,,,,,,
,,,,,27351,6.0,6,,,,,,,,
,,,,,27359,8.0,8,,,,,,,,
,,,,,27369,10.0,10,,,,,,,,
,,,,,27377,8.0,8,,,,,,,,
,,,,,27381,4.0,4,,,,,,,,
,,,,,27389,8.0,8,,,,,,,,
,,,,,27394,5.0,5,,,,,,,,
,,,,,27402,8.0,8,,,,,,,,
,,,,,27408,6.0,6,,,,,,,,
,,,,,27411,3.0,3,,,,,,,,
,,,,,27414,3.0,3,,,,,,,,
,,,,,27420,6.0,6,,,,,,,,
,,,,,27425,5.0,5,,,,,,,,
,,,,,27430,5.0,5,,,,,,,,
,,,,,27433,3.0,3,,,,,,,,
,,,,,27438,5.0,5,,,,,,,,
,,,,,27445,7.0,7,,,,,,,,
,,,,,27451,6.0,6,,,,,,,,
,,,,,27457,6.0,6,,,,,,,,
,,,,,27464,7.0,7,,,,,,,,
,,,,,27473,9.0,9,,,,,,,,
,,,,,27479,6.0,6,,,,,,,,
,,,,,27485,6.0,6,,,,,,,,
,,,,,27490,5.0,5,,,,,,,,
,,,,,27493,3.0,3,,,,,,,,
,,,,,27499,6.0,6,,,,,,,,
,,,,,27504,5.0,5,,,,,,,,
,,,,,27512,8.0,8,,,,,,,,
,,,,,27517,5.0,5,,,,,,,,
,,,,,27523,6.0,6,,,,,,,,
,,,,,27532,9.0,9,,,,,,,,
,,,,,27537,5.0,5,,,,,,,,
,,,,,27543,6.0,6,,,,,,,,
,,,,,27546,3.0,3,,,,,,,,
,,,,,27552,6.0,6,,,,,,,,
,,,,,27556,4.0,4,,,,,,,,
,,,,,27559,3.0,3,,,,,,,,
,,,,,27564,5.0,5,,,,,,,,
,,,,,27569,5.0,5,,,,,,,,
,,,,,27572,3.0,3,,,,,,,,
,,,,,27579,7.0,7,,,,,,,,
,,,,,27584,5.0,5,,,,,,,,
,,,,,27588,4.0,4,,,,,,,,
,,,,,27592,4.0,4,,,,,,,,
,,,,,27600,8.0,8,,,,,,,,
,,,,,27603,3.0,3,,,,,,,,
,,,,,27608,5.0,5,,,,,,,,
,,,,,27614,6.0,6,,,,,,,,
,,,,,27620,6.0,6,,,,,,,,
,,,,,27626,6.0,6,,,,,,,,
,,,,,27631,5.0,5,,,,,,,,
,,,,,27639,8.0,8,,,,,,,,
,,,,,27642,3.0,3,,,,,,,,
,,,,,27647,5.0,5,,,,,,,,
,,,,,27651,4.0,4,,,,,,,,
,,,,,27655,4.0,4,,,,,,,,
,,,,,27661,6.0,6,,,,,,,,
,,,,,27664,3.0,3,,,,,,,,
,,,,,27669,5.0,5,,,,,,,,
,,,,,27673,4.0,4,,,,,,,,
,,,,,27678,5.0,5,,,,,,,,
,,,,,27682,4.0,4,,,,,,,,
,,,,,27688,6.0,6,,,,,,,,
,,,,,27694,6.0,6,,,,,,,,
,,,,,27697,3.0,3,,,,,,,,
,,,,,27704,7.0,7,,,,,,,,
,,,,,27710,6.0,6,,,,,,,,
,,,,,27718,8.0,8,,,,,,,,
,,,,,27723,5.0,5,,,,,,,,
,,,,,27726,3.0,3,,,,,,,,
,,,,,27732,6.0,6,,,,,,,,
,,,,,27740,8.0,8,,,,,,,,
,,,,,27745,5.0,5,,,,,,,,
,,,,,27748,3.0,3,,,,,,,,
,,,,,27755,7.0,7,,,,,,,,
,,,,,27760,5.0,5,,,,,,,,
,,,,,27764,4.0,4,,,,,,,,
,,,,,27767,3.0,3,,,,,,,,
,,,,,27770,3.0,3,,,,,,,,
,,,,,27774,4.0,4,,,,,,,,
,,,,,27782,8.0,8,,,,,,,,
,,,,,27788,6.0,6,,,,,,,,
,,,,,27791,3.0,3,,,,,,,,
,,,,,27796,5.0,5,,,,,,,,
,,,,,27803,7.0,7,,,,,,,,
,,,,,27807,4.0,4,,,,,,,,
,,,,,27813,6.0,6,,,,,,,,
,,,,,27818,5.0,5,,,,,,,,
,,,,,27823,5.0,5,,,,,,,,
,,,,,27827,4.0,4,,,,,,,,
,,,,,27834,7.0,7,,,,,,,,
,,,,,27837,3.0,3,,,,,,,,
,,,,,27845,8.0,8,,,,,,,,
,,,,,27848,3.0,3,,,,,,,,
,,,,,27856,8.0,8,,,,,,,,
,,,,,27867,11.0,11,,,,,,,,
,,,,,27872,5.0,5,,,,,,,,
,,,,,27878,6.0,6,,,,,,,,
,,,,,27884,6.0,6,,,,,,,,
,,,,,27890,6.0,6,,,,,,,,
,,,,,27895,5.0,5,,,,,,,,
,,,,,27902,7.0,7,,,,,,,,
,,,,,27908,6.0,6,,,,,,,,
,,,,,27913,5.0,5,,,,,,,,
,,,,,27920,7.0,7,,,,,,,,
,,,,,27927,7.0,7,,,,,,,,
,,,,,27937,10.0,10,,,,,,,,
,,,,,27941,4.0,4,,,,,,,,
,,,,,27947,6.0,6,,,,,,,,
,,,,,27952,5.0,5,,,,,,,,
,,,,,27956,4.0,4,,,,,,,,
,,,,,27965,9.0,9,,,,,,,,
,,,,,27969,4.0,4,,,,,,,,
,,,,,27978,9.0,9,,,,,,,,
,,,,,27990,12.0,12,,,,,,,,
,,,,,27996,6.0,6,,,,,,,,
,,,,,28000,,,-0.025780022144317627,-0.25780022144317627,0.7182469964027405,3.6336379051208496,3.571744918823242,0.0003,0.0003,0.1
,,,,,28002,6.0,6,,,,,,,,
,,,,,28009,7.0,7,,,,,,,,
,,,,,28013,4.0,4,,,,,,,,
,,,,,28016,3.0,3,,,,,,,,
,,,,,28020,4.0,4,,,,,,,,
,,,,,28026,6.0,6,,,,,,,,
,,,,,28032,6.0,6,,,,,,,,
,,,,,28036,4.0,4,,,,,,,,
,,,,,28039,3.0,3,,,,,,,,
,,,,,28048,9.0,9,,,,,,,,
,,,,,28054,6.0,6,,,,,,,,
,,,,,28060,6.0,6,,,,,,,,
,,,,,28069,9.0,9,,,,,,,,
,,,,,28073,4.0,4,,,,,,,,
,,,,,28080,7.0,7,,,,,,,,
,,,,,28083,3.0,3,,,,,,,,
,,,,,28092,9.0,9,,,,,,,,
,,,,,28100,8.0,8,,,,,,,,
,,,,,28105,5.0,5,,,,,,,,
,,,,,28111,6.0,6,,,,,,,,
,,,,,28122,11.0,11,,,,,,,,
,,,,,28129,7.0,7,,,,,,,,
,,,,,28136,7.0,7,,,,,,,,
,,,,,28142,6.0,6,,,,,,,,
,,,,,28152,10.0,10,,,,,,,,
,,,,,28158,6.0,6,,,,,,,,
,,,,,28161,3.0,3,,,,,,,,
,,,,,28168,7.0,7,,,,,,,,
,,,,,28172,4.0,4,,,,,,,,
,,,,,28183,11.0,11,,,,,,,,
,,,,,28190,7.0,7,,,,,,,,
,,,,,28196,6.0,6,,,,,,,,
,,,,,28201,5.0,5,,,,,,,,
,,,,,28209,8.0,8,,,,,,,,
,,,,,28219,10.0,10,,,,,,,,
,,,,,28231,12.0,12,,,,,,,,
,,,,,28242,11.0,11,,,,,,,,
,,,,,28247,5.0,5,,,,,,,,
,,,,,28251,4.0,4,,,,,,,,
,,,,,28258,7.0,7,,,,,,,,
,,,,,28268,10.0,10,,,,,,,,
,,,,,28286,18.0,18,,,,,,,,
,,,,,28293,7.0,7,,,,,,,,
,,,,,28299,6.0,6,,,,,,,,
,,,,,28302,3.0,3,,,,,,,,
,,,,,28308,6.0,6,,,,,,,,
,,,,,28314,6.0,6,,,,,,,,
,,,,,28320,6.0,6,,,,,,,,
,,,,,28327,7.0,7,,,,,,,,
,,,,,28333,6.0,6,,,,,,,,
,,,,,28342,9.0,9,,,,,,,,
,,,,,28347,5.0,5,,,,,,,,
,,,,,28352,5.0,5,,,,,,,,
,,,,,28367,15.0,15,,,,,,,,
,,,,,28370,3.0,3,,,,,,,,
,,,,,28383,13.0,13,,,,,,,,
,,,,,28393,10.0,10,,,,,,,,
,,,,,28403,10.0,10,,,,,,,,
,,,,,28411,8.0,8,,,,,,,,
,,,,,28414,3.0,3,,,,,,,,
,,,,,28422,8.0,8,,,,,,,,
,,,,,28428,6.0,6,,,,,,,,
,,,,,28437,9.0,9,,,,,,,,
,,,,,28450,13.0,13,,,,,,,,
,,,,,28455,5.0,5,,,,,,,,
,,,,,28460,5.0,5,,,,,,,,
,,,,,28465,5.0,5,,,,,,,,
,,,,,28474,9.0,9,,,,,,,,
,,,,,28481,7.0,7,,,,,,,,
,,,,,28491,10.0,10,,,,,,,,
,,,,,28498,7.0,7,,,,,,,,
,,,,,28501,3.0,3,,,,,,,,
,,,,,28504,3.0,3,,,,,,,,
,,,,,28510,6.0,6,,,,,,,,
,,,,,28519,9.0,9,,,,,,,,
,,,,,28529,10.0,10,,,,,,,,
,,,,,28538,9.0,9,,,,,,,,
,,,,,28543,5.0,5,,,,,,,,
,,,,,28548,5.0,5,,,,,,,,
,,,,,28557,9.0,9,,,,,,,,
,,,,,28563,6.0,6,,,,,,,,
,,,,,28569,6.0,6,,,,,,,,
,,,,,28575,6.0,6,,,,,,,,
,,,,,28586,11.0,11,,,,,,,,
,,,,,28593,7.0,7,,,,,,,,
,,,,,28598,5.0,5,,,,,,,,
,,,,,28612,14.0,14,,,,,,,,
,,,,,28620,8.0,8,,,,,,,,
,,,,,28627,7.0,7,,,,,,,,
,,,,,28632,5.0,5,,,,,,,,
,,,,,28640,8.0,8,,,,,,,,
,,,,,28645,5.0,5,,,,,,,,
,,,,,28653,8.0,8,,,,,,,,
,,,,,28667,14.0,14,,,,,,,,
,,,,,28672,5.0,5,,,,,,,,
,,,,,28679,7.0,7,,,,,,,,
,,,,,28682,3.0,3,,,,,,,,
,,,,,28691,9.0,9,,,,,,,,
,,,,,28700,9.0,9,,,,,,,,
,,,,,28703,3.0,3,,,,,,,,
,,,,,28713,10.0,10,,,,,,,,
,,,,,28719,6.0,6,,,,,,,,
,,,,,28724,5.0,5,,,,,,,,
,,,,,28732,8.0,8,,,,,,,,
,,,,,28747,15.0,15,,,,,,,,
,,,,,28750,3.0,3,,,,,,,,
,,,,,28762,12.0,12,,,,,,,,
,,,,,28771,9.0,9,,,,,,,,
,,,,,28776,5.0,5,,,,,,,,
,,,,,28785,9.0,9,,,,,,,,
,,,,,28792,7.0,7,,,,,,,,
,,,,,28800,8.0,8,,,,,,,,
,,,,,28807,7.0,7,,,,,,,,
,,,,,28824,17.0,17,,,,,,,,
,,,,,28827,3.0,3,,,,,,,,
,,,,,28831,4.0,4,,,,,,,,
,,,,,28834,3.0,3,,,,,,,,
,,,,,28841,7.0,7,,,,,,,,
,,,,,28845,4.0,4,,,,,,,,
,,,,,28850,5.0,5,,,,,,,,
,,,,,28853,3.0,3,,,,,,,,
,,,,,28856,3.0,3,,,,,,,,
,,,,,28860,4.0,4,,,,,,,,
,,,,,28867,7.0,7,,,,,,,,
,,,,,28871,4.0,4,,,,,,,,
,,,,,28874,3.0,3,,,,,,,,
,,,,,28884,10.0,10,,,,,,,,
,,,,,28889,5.0,5,,,,,,,,
,,,,,28896,7.0,7,,,,,,,,
,,,,,28900,4.0,4,,,,,,,,
,,,,,28904,4.0,4,,,,,,,,
,,,,,28908,4.0,4,,,,,,,,
,,,,,28914,6.0,6,,,,,,,,
,,,,,28919,5.0,5,,,,,,,,
,,,,,28924,5.0,5,,,,,,,,
,,,,,28939,15.0,15,,,,,,,,
,,,,,28947,8.0,8,,,,,,,,
,,,,,28955,8.0,8,,,,,,,,
,,,,,28959,4.0,4,,,,,,,,
,,,,,28965,6.0,6,,,,,,,,
,,,,,28974,9.0,9,,,,,,,,
,,,,,28977,3.0,3,,,,,,,,
,,,,,28985,8.0,8,,,,,,,,
,,,,,28992,7.0,7,,,,,,,,
,,,,,28995,3.0,3,,,,,,,,
,,,,,29000,,,-0.09550774097442627,-0.9550774097442627,0.6170002222061157,4.429073333740234,4.484153747558594,0.0003,0.0003,0.1
,,,,,29003,8.0,8,,,,,,,,
,,,,,29007,4.0,4,,,,,,,,
,,,,,29012,5.0,5,,,,,,,,
,,,,,29020,8.0,8,,,,,,,,
,,,,,29023,3.0,3,,,,,,,,
,,,,,29033,10.0,10,,,,,,,,
,,,,,29049,16.0,16,,,,,,,,
,,,,,29054,5.0,5,,,,,,,,
,,,,,29060,6.0,6,,,,,,,,
,,,,,29069,9.0,9,,,,,,,,
,,,,,29077,8.0,8,,,,,,,,
,,,,,29090,13.0,13,,,,,,,,
,,,,,29097,7.0,7,,,,,,,,
,,,,,29101,4.0,4,,,,,,,,
,,,,,29113,12.0,12,,,,,,,,
,,,,,29132,19.0,19,,,,,,,,
,,,,,29138,6.0,6,,,,,,,,
,,,,,29144,6.0,6,,,,,,,,
,,,,,29152,8.0,8,,,,,,,,
,,,,,29157,5.0,5,,,,,,,,
,,,,,29164,7.0,7,,,,,,,,
,,,,,29170,6.0,6,,,,,,,,
,,,,,29179,9.0,9,,,,,,,,
,,,,,29185,6.0,6,,,,,,,,
,,,,,29189,4.0,4,,,,,,,,
,,,,,29201,12.0,12,,,,,,,,
,,,,,29207,6.0,6,,,,,,,,
,,,,,29218,11.0,11,,,,,,,,
,,,,,29226,8.0,8,,,,,,,,
,,,,,29232,6.0,6,,,,,,,,
,,,,,29239,7.0,7,,,,,,,,
,,,,,29244,5.0,5,,,,,,,,
,,,,,29250,6.0,6,,,,,,,,
,,,,,29255,5.0,5,,,,,,,,
,,,,,29262,7.0,7,,,,,,,,
,,,,,29269,7.0,7,,,,,,,,
,,,,,29277,8.0,8,,,,,,,,
,,,,,29288,11.0,11,,,,,,,,
,,,,,29295,7.0,7,,,,,,,,
,,,,,29300,5.0,5,,,,,,,,
,,,,,29308,8.0,8,,,,,,,,
,,,,,29314,6.0,6,,,,,,,,
,,,,,29318,4.0,4,,,,,,,,
,,,,,29323,5.0,5,,,,,,,,
,,,,,29329,6.0,6,,,,,,,,
,,,,,29334,5.0,5,,,,,,,,
,,,,,29340,6.0,6,,,,,,,,
,,,,,29344,4.0,4,,,,,,,,
,,,,,29347,3.0,3,,,,,,,,
,,,,,29350,3.0,3,,,,,,,,
,,,,,29355,5.0,5,,,,,,,,
,,,,,29361,6.0,6,,,,,,,,
,,,,,29371,10.0,10,,,,,,,,
,,,,,29376,5.0,5,,,,,,,,
,,,,,29387,11.0,11,,,,,,,,
,,,,,29392,5.0,5,,,,,,,,
,,,,,29397,5.0,5,,,,,,,,
,,,,,29400,3.0,3,,,,,,,,
,,,,,29407,7.0,7,,,,,,,,
,,,,,29410,3.0,3,,,,,,,,
,,,,,29416,6.0,6,,,,,,,,
,,,,,29419,3.0,3,,,,,,,,
,,,,,29427,8.0,8,,,,,,,,
,,,,,29433,6.0,6,,,,,,,,
,,,,,29440,7.0,7,,,,,,,,
,,,,,29446,6.0,6,,,,,,,,
,,,,,29451,5.0,5,,,,,,,,
,,,,,29456,5.0,5,,,,,,,,
,,,,,29466,10.0,10,,,,,,,,
,,,,,29473,7.0,7,,,,,,,,
,,,,,29480,7.0,7,,,,,,,,
,,,,,29484,4.0,4,,,,,,,,
,,,,,29492,8.0,8,,,,,,,,
,,,,,29496,4.0,4,,,,,,,,
,,,,,29500,4.0,4,,,,,,,,
,,,,,29504,4.0,4,,,,,,,,
,,,,,29510,6.0,6,,,,,,,,
,,,,,29514,4.0,4,,,,,,,,
,,,,,29521,7.0,7,,,,,,,,
,,,,,29528,7.0,7,,,,,,,,
,,,,,29536,8.0,8,,,,,,,,
,,,,,29541,5.0,5,,,,,,,,
,,,,,29547,6.0,6,,,,,,,,
,,,,,29552,5.0,5,,,,,,,,
,,,,,29559,7.0,7,,,,,,,,
,,,,,29563,4.0,4,,,,,,,,
,,,,,29567,4.0,4,,,,,,,,
,,,,,29570,3.0,3,,,,,,,,
,,,,,29578,8.0,8,,,,,,,,
,,,,,29582,4.0,4,,,,,,,,
,,,,,29585,3.0,3,,,,,,,,
,,,,,29592,7.0,7,,,,,,,,
,,,,,29595,3.0,3,,,,,,,,
,,,,,29600,5.0,5,,,,,,,,
,,,,,29603,3.0,3,,,,,,,,
,,,,,29609,6.0,6,,,,,,,,
,,,,,29612,3.0,3,,,,,,,,
,,,,,29615,3.0,3,,,,,,,,
,,,,,29624,9.0,9,,,,,,,,
,,,,,29631,7.0,7,,,,,,,,
,,,,,29635,4.0,4,,,,,,,,
,,,,,29639,4.0,4,,,,,,,,
,,,,,29645,6.0,6,,,,,,,,
,,,,,29648,3.0,3,,,,,,,,
,,,,,29656,8.0,8,,,,,,,,
,,,,,29663,7.0,7,,,,,,,,
,,,,,29669,6.0,6,,,,,,,,
,,,,,29674,5.0,5,,,,,,,,
,,,,,29677,3.0,3,,,,,,,,
,,,,,29680,3.0,3,,,,,,,,
,,,,,29686,6.0,6,,,,,,,,
,,,,,29690,4.0,4,,,,,,,,
,,,,,29696,6.0,6,,,,,,,,
,,,,,29700,4.0,4,,,,,,,,
,,,,,29703,3.0,3,,,,,,,,
,,,,,29711,8.0,8,,,,,,,,
,,,,,29714,3.0,3,,,,,,,,
,,,,,29717,3.0,3,,,,,,,,
,,,,,29724,7.0,7,,,,,,,,
,,,,,29730,6.0,6,,,,,,,,
,,,,,29733,3.0,3,,,,,,,,
,,,,,29736,3.0,3,,,,,,,,
,,,,,29742,6.0,6,,,,,,,,
,,,,,29748,6.0,6,,,,,,,,
,,,,,29754,6.0,6,,,,,,,,
,,,,,29758,4.0,4,,,,,,,,
,,,,,29763,5.0,5,,,,,,,,
,,,,,29766,3.0,3,,,,,,,,
,,,,,29769,3.0,3,,,,,,,,
,,,,,29774,5.0,5,,,,,,,,
,,,,,29780,6.0,6,,,,,,,,
,,,,,29783,3.0,3,,,,,,,,
,,,,,29788,5.0,5,,,,,,,,
,,,,,29792,4.0,4,,,,,,,,
,,,,,29795,3.0,3,,,,,,,,
,,,,,29798,3.0,3,,,,,,,,
,,,,,29801,3.0,3,,,,,,,,
,,,,,29804,3.0,3,,,,,,,,
,,,,,29808,4.0,4,,,,,,,,
,,,,,29815,7.0,7,,,,,,,,
,,,,,29821,6.0,6,,,,,,,,
,,,,,29824,3.0,3,,,,,,,,
,,,,,29830,6.0,6,,,,,,,,
,,,,,29834,4.0,4,,,,,,,,
,,,,,29839,5.0,5,,,,,,,,
,,,,,29844,5.0,5,,,,,,,,
,,,,,29847,3.0,3,,,,,,,,
,,,,,29852,5.0,5,,,,,,,,
,,,,,29858,6.0,6,,,,,,,,
,,,,,29861,3.0,3,,,,,,,,
,,,,,29864,3.0,3,,,,,,,,
,,,,,29871,7.0,7,,,,,,,,
,,,,,29876,5.0,5,,,,,,,,
,,,,,29880,4.0,4,,,,,,,,
,,,,,29884,4.0,4,,,,,,,,
,,,,,29890,6.0,6,,,,,,,,
,,,,,29894,4.0,4,,,,,,,,
,,,,,29898,4.0,4,,,,,,,,
,,,,,29901,3.0,3,,,,,,,,
,,,,,29904,3.0,3,,,,,,,,
,,,,,29907,3.0,3,,,,,,,,
,,,,,29910,3.0,3,,,,,,,,
,,,,,29913,3.0,3,,,,,,,,
,,,,,29918,5.0,5,,,,,,,,
,,,,,29921,3.0,3,,,,,,,,
,,,,,29924,3.0,3,,,,,,,,
,,,,,29927,3.0,3,,,,,,,,
,,,,,29931,4.0,4,,,,,,,,
,,,,,29934,3.0,3,,,,,,,,
,,,,,29937,3.0,3,,,,,,,,
,,,,,29942,5.0,5,,,,,,,,
,,,,,29949,7.0,7,,,,,,,,
,,,,,29957,8.0,8,,,,,,,,
,,,,,29961,4.0,4,,,,,,,,
,,,,,29967,6.0,6,,,,,,,,
,,,,,29974,7.0,7,,,,,,,,
,,,,,29978,4.0,4,,,,,,,,
,,,,,29981,3.0,3,,,,,,,,
,,,,,29985,4.0,4,,,,,,,,
,,,,,29990,5.0,5,,,,,,,,
,,,,,29994,4.0,4,,,,,,,,
,,,,,29997,3.0,3,,,,,,,,
,,,,,30000,3.0,3,,,,,,,,
4.2,0.8717798,6.0,3.0,4.2,30000,,,-0.014644237235188484,-0.14644236862659454,0.720416247844696,3.466096878051758,3.404850482940674,0.0003,0.0003,0.1
,,,,,30003,3.0,3,,,,,,,,
,,,,,30006,3.0,3,,,,,,,,
,,,,,30009,3.0,3,,,,,,,,
,,,,,30014,5.0,5,,,,,,,,
,,,,,30019,5.0,5,,,,,,,,
,,,,,30026,7.0,7,,,,,,,,
,,,,,30032,6.0,6,,,,,,,,
,,,,,30036,4.0,4,,,,,,,,
,,,,,30039,3.0,3,,,,,,,,
,,,,,30044,5.0,5,,,,,,,,
,,,,,30047,3.0,3,,,,,,,,
,,,,,30053,6.0,6,,,,,,,,
,,,,,30057,4.0,4,,,,,,,,
,,,,,30061,4.0,4,,,,,,,,
,,,,,30065,4.0,4,,,,,,,,
,,,,,30072,7.0,7,,,,,,,,
,,,,,30077,5.0,5,,,,,,,,
,,,,,30082,5.0,5,,,,,,,,
,,,,,30086,4.0,4,,,,,,,,
,,,,,30091,5.0,5,,,,,,,,
,,,,,30095,4.0,4,,,,,,,,
,,,,,30099,4.0,4,,,,,,,,
,,,,,30104,5.0,5,,,,,,,,
,,,,,30109,5.0,5,,,,,,,,
,,,,,30112,3.0,3,,,,,,,,
,,,,,30117,5.0,5,,,,,,,,
,,,,,30123,6.0,6,,,,,,,,
,,,,,30128,5.0,5,,,,,,,,
,,,,,30134,6.0,6,,,,,,,,
,,,,,30138,4.0,4,,,,,,,,
,,,,,30146,8.0,8,,,,,,,,
,,,,,30155,9.0,9,,,,,,,,
,,,,,30158,3.0,3,,,,,,,,
,,,,,30161,3.0,3,,,,,,,,
,,,,,30164,3.0,3,,,,,,,,
,,,,,30167,3.0,3,,,,,,,,
,,,,,30170,3.0,3,,,,,,,,
,,,,,30173,3.0,3,,,,,,,,
,,,,,30179,6.0,6,,,,,,,,
,,,,,30184,5.0,5,,,,,,,,
,,,,,30187,3.0,3,,,,,,,,
,,,,,30191,4.0,4,,,,,,,,
,,,,,30194,3.0,3,,,,,,,,
,,,,,30197,3.0,3,,,,,,,,
,,,,,30204,7.0,7,,,,,,,,
,,,,,30208,4.0,4,,,,,,,,
,,,,,30212,4.0,4,,,,,,,,
,,,,,30216,4.0,4,,,,,,,,
,,,,,30223,7.0,7,,,,,,,,
,,,,,30228,5.0,5,,,,,,,,
,,,,,30231,3.0,3,,,,,,,,
,,,,,30235,4.0,4,,,,,,,,
,,,,,30239,4.0,4,,,,,,,,
,,,,,30242,3.0,3,,,,,,,,
,,,,,30245,3.0,3,,,,,,,,
,,,,,30248,3.0,3,,,,,,,,
,,,,,30255,7.0,7,,,,,,,,
,,,,,30260,5.0,5,,,,,,,,
,,,,,30264,4.0,4,,,,,,,,
,,,,,30270,6.0,6,,,,,,,,
,,,,,30279,9.0,9,,,,,,,,
,,,,,30283,4.0,4,,,,,,,,
,,,,,30290,7.0,7,,,,,,,,
,,,,,30298,8.0,8,,,,,,,,
,,,,,30303,5.0,5,,,,,,,,
,,,,,30308,5.0,5,,,,,,,,
,,,,,30313,5.0,5,,,,,,,,
,,,,,30316,3.0,3,,,,,,,,
,,,,,30319,3.0,3,,,,,,,,
,,,,,30323,4.0,4,,,,,,,,
,,,,,30327,4.0,4,,,,,,,,
,,,,,30333,6.0,6,,,,,,,,
,,,,,30340,7.0,7,,,,,,,,
,,,,,30346,6.0,6,,,,,,,,
,,,,,30349,3.0,3,,,,,,,,
,,,,,30354,5.0,5,,,,,,,,
,,,,,30358,4.0,4,,,,,,,,
,,,,,30361,3.0,3,,,,,,,,
,,,,,30368,7.0,7,,,,,,,,
,,,,,30371,3.0,3,,,,,,,,
,,,,,30379,8.0,8,,,,,,,,
,,,,,30384,5.0,5,,,,,,,,
,,,,,30394,10.0,10,,,,,,,,
,,,,,30398,4.0,4,,,,,,,,
,,,,,30405,7.0,7,,,,,,,,
,,,,,30408,3.0,3,,,,,,,,
,,,,,30417,9.0,9,,,,,,,,
,,,,,30421,4.0,4,,,,,,,,
,,,,,30428,7.0,7,,,,,,,,
,,,,,30435,7.0,7,,,,,,,,
,,,,,30440,5.0,5,,,,,,,,
,,,,,30443,3.0,3,,,,,,,,
,,,,,30450,7.0,7,,,,,,,,
,,,,,30454,4.0,4,,,,,,,,
,,,,,30463,9.0,9,,,,,,,,
,,,,,30471,8.0,8,,,,,,,,
,,,,,30474,3.0,3,,,,,,,,
,,,,,30479,5.0,5,,,,,,,,
,,,,,30482,3.0,3,,,,,,,,
,,,,,30485,3.0,3,,,,,,,,
,,,,,30488,3.0,3,,,,,,,,
,,,,,30492,4.0,4,,,,,,,,
,,,,,30495,3.0,3,,,,,,,,
,,,,,30502,7.0,7,,,,,,,,
,,,,,30506,4.0,4,,,,,,,,
,,,,,30511,5.0,5,,,,,,,,
,,,,,30515,4.0,4,,,,,,,,
,,,,,30520,5.0,5,,,,,,,,
,,,,,30526,6.0,6,,,,,,,,
,,,,,30531,5.0,5,,,,,,,,
,,,,,30534,3.0,3,,,,,,,,
,,,,,30542,8.0,8,,,,,,,,
,,,,,30551,9.0,9,,,,,,,,
,,,,,30556,5.0,5,,,,,,,,
,,,,,30559,3.0,3,,,,,,,,
,,,,,30567,8.0,8,,,,,,,,
,,,,,30574,7.0,7,,,,,,,,
,,,,,30581,7.0,7,,,,,,,,
,,,,,30588,7.0,7,,,,,,,,
,,,,,30591,3.0,3,,,,,,,,
,,,,,30597,6.0,6,,,,,,,,
,,,,,30600,3.0,3,,,,,,,,
,,,,,30604,4.0,4,,,,,,,,
,,,,,30610,6.0,6,,,,,,,,
,,,,,30616,6.0,6,,,,,,,,
,,,,,30621,5.0,5,,,,,,,,
,,,,,30625,4.0,4,,,,,,,,
,,,,,30631,6.0,6,,,,,,,,
,,,,,30635,4.0,4,,,,,,,,
,,,,,30640,5.0,5,,,,,,,,
,,,,,30646,6.0,6,,,,,,,,
,,,,,30651,5.0,5,,,,,,,,
,,,,,30655,4.0,4,,,,,,,,
,,,,,30660,5.0,5,,,,,,,,
,,,,,30666,6.0,6,,,,,,,,
,,,,,30669,3.0,3,,,,,,,,
,,,,,30672,3.0,3,,,,,,,,
,,,,,30675,3.0,3,,,,,,,,
,,,,,30679,4.0,4,,,,,,,,
,,,,,30682,3.0,3,,,,,,,,
,,,,,30687,5.0,5,,,,,,,,
,,,,,30690,3.0,3,,,,,,,,
,,,,,30695,5.0,5,,,,,,,,
,,,,,30701,6.0,6,,,,,,,,
,,,,,30708,7.0,7,,,,,,,,
,,,,,30712,4.0,4,,,,,,,,
,,,,,30719,7.0,7,,,,,,,,
,,,,,30723,4.0,4,,,,,,,,
,,,,,30731,8.0,8,,,,,,,,
,,,,,30737,6.0,6,,,,,,,,
,,,,,30742,5.0,5,,,,,,,,
,,,,,30745,3.0,3,,,,,,,,
,,,,,30753,8.0,8,,,,,,,,
,,,,,30756,3.0,3,,,,,,,,
,,,,,30761,5.0,5,,,,,,,,
,,,,,30764,3.0,3,,,,,,,,
,,,,,30769,5.0,5,,,,,,,,
,,,,,30773,4.0,4,,,,,,,,
,,,,,30777,4.0,4,,,,,,,,
,,,,,30784,7.0,7,,,,,,,,
,,,,,30787,3.0,3,,,,,,,,
,,,,,30790,3.0,3,,,,,,,,
,,,,,30793,3.0,3,,,,,,,,
,,,,,30798,5.0,5,,,,,,,,
,,,,,30801,3.0,3,,,,,,,,
,,,,,30806,5.0,5,,,,,,,,
,,,,,30809,3.0,3,,,,,,,,
,,,,,30822,13.0,13,,,,,,,,
,,,,,30825,3.0,3,,,,,,,,
,,,,,30829,4.0,4,,,,,,,,
,,,,,30832,3.0,3,,,,,,,,
,,,,,30835,3.0,3,,,,,,,,
,,,,,30840,5.0,5,,,,,,,,
,,,,,30844,4.0,4,,,,,,,,
,,,,,30849,5.0,5,,,,,,,,
,,,,,30856,7.0,7,,,,,,,,
,,,,,30863,7.0,7,,,,,,,,
,,,,,30866,3.0,3,,,,,,,,
,,,,,30869,3.0,3,,,,,,,,
,,,,,30875,6.0,6,,,,,,,,
,,,,,30880,5.0,5,,,,,,,,
,,,,,30883,3.0,3,,,,,,,,
,,,,,30886,3.0,3,,,,,,,,
,,,,,30895,9.0,9,,,,,,,,
,,,,,30900,5.0,5,,,,,,,,
,,,,,30904,4.0,4,,,,,,,,
,,,,,30908,4.0,4,,,,,,,,
,,,,,30911,3.0,3,,,,,,,,
,,,,,30920,9.0,9,,,,,,,,
,,,,,30926,6.0,6,,,,,,,,
,,,,,30929,3.0,3,,,,,,,,
,,,,,30932,3.0,3,,,,,,,,
,,,,,30935,3.0,3,,,,,,,,
,,,,,30939,4.0,4,,,,,,,,
,,,,,30943,4.0,4,,,,,,,,
,,,,,30947,4.0,4,,,,,,,,
,,,,,30950,3.0,3,,,,,,,,
,,,,,30956,6.0,6,,,,,,,,
,,,,,30959,3.0,3,,,,,,,,
,,,,,30965,6.0,6,,,,,,,,
,,,,,30968,3.0,3,,,,,,,,
,,,,,30972,4.0,4,,,,,,,,
,,,,,30978,6.0,6,,,,,,,,
,,,,,30981,3.0,3,,,,,,,,
,,,,,30997,16.0,16,,,,,,,,
,,,,,31000,,,-0.06771418452262878,-0.6771418452262878,0.30298614501953125,2.992198944091797,2.9996871948242188,0.0003,0.0003,0.1
,,,,,31001,4.0,4,,,,,,,,
,,,,,31008,7.0,7,,,,,,,,
,,,,,31012,4.0,4,,,,,,,,
,,,,,31016,4.0,4,,,,,,,,
,,,,,31019,3.0,3,,,,,,,,
,,,,,31024,5.0,5,,,,,,,,
,,,,,31027,3.0,3,,,,,,,,
,,,,,31030,3.0,3,,,,,,,,
,,,,,31035,5.0,5,,,,,,,,
,,,,,31038,3.0,3,,,,,,,,
,,,,,31041,3.0,3,,,,,,,,
,,,,,31045,4.0,4,,,,,,,,
,,,,,31048,3.0,3,,,,,,,,
,,,,,31051,3.0,3,,,,,,,,
,,,,,31061,10.0,10,,,,,,,,
,,,,,31066,5.0,5,,,,,,,,
,,,,,31069,3.0,3,,,,,,,,
,,,,,31073,4.0,4,,,,,,,,
,,,,,31076,3.0,3,,,,,,,,
,,,,,31079,3.0,3,,,,,,,,
,,,,,31083,4.0,4,,,,,,,,
,,,,,31086,3.0,3,,,,,,,,
,,,,,31089,3.0,3,,,,,,,,
,,,,,31093,4.0,4,,,,,,,,
,,,,,31099,6.0,6,,,,,,,,
,,,,,31104,5.0,5,,,,,,,,
,,,,,31109,5.0,5,,,,,,,,
,,,,,31112,3.0,3,,,,,,,,
,,,,,31118,6.0,6,,,,,,,,
,,,,,31122,4.0,4,,,,,,,,
,,,,,31126,4.0,4,,,,,,,,
,,,,,31129,3.0,3,,,,,,,,
,,,,,31133,4.0,4,,,,,,,,
,,,,,31140,7.0,7,,,,,,,,
,,,,,31146,6.0,6,,,,,,,,
,,,,,31149,3.0,3,,,,,,,,
,,,,,31153,4.0,4,,,,,,,,
,,,,,31159,6.0,6,,,,,,,,
,,,,,31162,3.0,3,,,,,,,,
,,,,,31168,6.0,6,,,,,,,,
,,,,,31171,3.0,3,,,,,,,,
,,,,,31174,3.0,3,,,,,,,,
,,,,,31179,5.0,5,,,,,,,,
,,,,,31182,3.0,3,,,,,,,,
,,,,,31185,3.0,3,,,,,,,,
,,,,,31189,4.0,4,,,,,,,,
,,,,,31193,4.0,4,,,,,,,,
,,,,,31196,3.0,3,,,,,,,,
,,,,,31201,5.0,5,,,,,,,,
,,,,,31206,5.0,5,,,,,,,,
,,,,,31210,4.0,4,,,,,,,,
,,,,,31213,3.0,3,,,,,,,,
,,,,,31225,12.0,12,,,,,,,,
,,,,,31233,8.0,8,,,,,,,,
,,,,,31238,5.0,5,,,,,,,,
,,,,,31241,3.0,3,,,,,,,,
,,,,,31252,11.0,11,,,,,,,,
,,,,,31259,7.0,7,,,,,,,,
,,,,,31262,3.0,3,,,,,,,,
,,,,,31265,3.0,3,,,,,,,,
,,,,,31268,3.0,3,,,,,,,,
,,,,,31273,5.0,5,,,,,,,,
,,,,,31276,3.0,3,,,,,,,,
,,,,,31290,14.0,14,,,,,,,,
,,,,,31293,3.0,3,,,,,,,,
,,,,,31296,3.0,3,,,,,,,,
,,,,,31302,6.0,6,,,,,,,,
,,,,,31307,5.0,5,,,,,,,,
,,,,,31310,3.0,3,,,,,,,,
,,,,,31313,3.0,3,,,,,,,,
,,,,,31316,3.0,3,,,,,,,,
,,,,,31321,5.0,5,,,,,,,,
,,,,,31325,4.0,4,,,,,,,,
,,,,,31331,6.0,6,,,,,,,,
,,,,,31336,5.0,5,,,,,,,,
,,,,,31340,4.0,4,,,,,,,,
,,,,,31345,5.0,5,,,,,,,,
,,,,,31349,4.0,4,,,,,,,,
,,,,,31352,3.0,3,,,,,,,,
,,,,,31359,7.0,7,,,,,,,,
,,,,,31364,5.0,5,,,,,,,,
,,,,,31371,7.0,7,,,,,,,,
,,,,,31376,5.0,5,,,,,,,,
,,,,,31379,3.0,3,,,,,,,,
,,,,,31382,3.0,3,,,,,,,,
,,,,,31385,3.0,3,,,,,,,,
,,,,,31391,6.0,6,,,,,,,,
,,,,,31397,6.0,6,,,,,,,,
,,,,,31400,3.0,3,,,,,,,,
,,,,,31412,12.0,12,,,,,,,,
,,,,,31417,5.0,5,,,,,,,,
,,,,,31424,7.0,7,,,,,,,,
,,,,,31428,4.0,4,,,,,,,,
,,,,,31434,6.0,6,,,,,,,,
,,,,,31439,5.0,5,,,,,,,,
,,,,,31447,8.0,8,,,,,,,,
,,,,,31451,4.0,4,,,,,,,,
,,,,,31454,3.0,3,,,,,,,,
,,,,,31457,3.0,3,,,,,,,,
,,,,,31460,3.0,3,,,,,,,,
,,,,,31463,3.0,3,,,,,,,,
,,,,,31466,3.0,3,,,,,,,,
,,,,,31475,9.0,9,,,,,,,,
,,,,,31478,3.0,3,,,,,,,,
,,,,,31483,5.0,5,,,,,,,,
,,,,,31486,3.0,3,,,,,,,,
,,,,,31490,4.0,4,,,,,,,,
,,,,,31501,11.0,11,,,,,,,,
,,,,,31507,6.0,6,,,,,,,,
,,,,,31510,3.0,3,,,,,,,,
,,,,,31514,4.0,4,,,,,,,,
,,,,,31519,5.0,5,,,,,,,,
,,,,,31524,5.0,5,,,,,,,,
,,,,,31527,3.0,3,,,,,,,,
,,,,,31534,7.0,7,,,,,,,,
,,,,,31538,4.0,4,,,,,,,,
,,,,,31542,4.0,4,,,,,,,,
,,,,,31545,3.0,3,,,,,,,,
,,,,,31552,7.0,7,,,,,,,,
,,,,,31556,4.0,4,,,,,,,,
,,,,,31563,7.0,7,,,,,,,,
,,,,,31568,5.0,5,,,,,,,,
,,,,,31572,4.0,4,,,,,,,,
,,,,,31584,12.0,12,,,,,,,,
,,,,,31589,5.0,5,,,,,,,,
,,,,,31603,14.0,14,,,,,,,,
,,,,,31606,3.0,3,,,,,,,,
,,,,,31611,5.0,5,,,,,,,,
,,,,,31615,4.0,4,,,,,,,,
,,,,,31619,4.0,4,,,,,,,,
,,,,,31624,5.0,5,,,,,,,,
,,,,,31630,6.0,6,,,,,,,,
,,,,,31635,5.0,5,,,,,,,,
,,,,,31643,8.0,8,,,,,,,,
,,,,,31649,6.0,6,,,,,,,,
,,,,,31653,4.0,4,,,,,,,,
,,,,,31659,6.0,6,,,,,,,,
,,,,,31666,7.0,7,,,,,,,,
,,,,,31669,3.0,3,,,,,,,,
,,,,,31674,5.0,5,,,,,,,,
,,,,,31680,6.0,6,,,,,,,,
,,,,,31694,14.0,14,,,,,,,,
,,,,,31697,3.0,3,,,,,,,,
,,,,,31703,6.0,6,,,,,,,,
,,,,,31710,7.0,7,,,,,,,,
,,,,,31714,4.0,4,,,,,,,,
,,,,,31717,3.0,3,,,,,,,,
,,,,,31720,3.0,3,,,,,,,,
,,,,,31726,6.0,6,,,,,,,,
,,,,,31735,9.0,9,,,,,,,,
,,,,,31745,10.0,10,,,,,,,,
,,,,,31751,6.0,6,,,,,,,,
,,,,,31755,4.0,4,,,,,,,,
,,,,,31762,7.0,7,,,,,,,,
,,,,,31767,5.0,5,,,,,,,,
,,,,,31785,18.0,18,,,,,,,,
,,,,,31791,6.0,6,,,,,,,,
,,,,,31794,3.0,3,,,,,,,,
,,,,,31797,3.0,3,,,,,,,,
,,,,,31800,3.0,3,,,,,,,,
,,,,,31803,3.0,3,,,,,,,,
,,,,,31806,3.0,3,,,,,,,,
,,,,,31816,10.0,10,,,,,,,,
,,,,,31820,4.0,4,,,,,,,,
,,,,,31827,7.0,7,,,,,,,,
,,,,,31832,5.0,5,,,,,,,,
,,,,,31836,4.0,4,,,,,,,,
,,,,,31842,6.0,6,,,,,,,,
,,,,,31850,8.0,8,,,,,,,,
,,,,,31855,5.0,5,,,,,,,,
,,,,,31871,16.0,16,,,,,,,,
,,,,,31881,10.0,10,,,,,,,,
,,,,,31884,3.0,3,,,,,,,,
,,,,,31899,15.0,15,,,,,,,,
,,,,,31908,9.0,9,,,,,,,,
,,,,,31923,15.0,15,,,,,,,,
,,,,,31929,6.0,6,,,,,,,,
,,,,,31933,4.0,4,,,,,,,,
,,,,,31938,5.0,5,,,,,,,,
,,,,,31945,7.0,7,,,,,,,,
,,,,,31948,3.0,3,,,,,,,,
,,,,,31956,8.0,8,,,,,,,,
,,,,,31962,6.0,6,,,,,,,,
,,,,,31965,3.0,3,,,,,,,,
,,,,,31971,6.0,6,,,,,,,,
,,,,,31976,5.0,5,,,,,,,,
,,,,,31985,9.0,9,,,,,,,,
,,,,,31993,8.0,8,,,,,,,,
,,,,,31996,3.0,3,,,,,,,,
,,,,,32000,4.0,4,,,,,,,,
,,,,,32000,,,-0.03187812864780426,-0.3187812864780426,0.5355080366134644,3.40153169631958,3.3977465629577637,0.0003,0.0003,0.1
,,,,,32005,5.0,5,,,,,,,,
,,,,,32010,5.0,5,,,,,,,,
,,,,,32013,3.0,3,,,,,,,,
,,,,,32023,10.0,10,,,,,,,,
,,,,,32027,4.0,4,,,,,,,,
,,,,,32032,5.0,5,,,,,,,,
,,,,,32043,11.0,11,,,,,,,,
,,,,,32050,7.0,7,,,,,,,,
,,,,,32057,7.0,7,,,,,,,,
,,,,,32064,7.0,7,,,,,,,,
,,,,,32068,4.0,4,,,,,,,,
,,,,,32074,6.0,6,,,,,,,,
,,,,,32078,4.0,4,,,,,,,,
,,,,,32081,3.0,3,,,,,,,,
,,,,,32093,12.0,12,,,,,,,,
,,,,,32103,10.0,10,,,,,,,,
,,,,,32107,4.0,4,,,,,,,,
,,,,,32111,4.0,4,,,,,,,,
,,,,,32114,3.0,3,,,,,,,,
,,,,,32117,3.0,3,,,,,,,,
,,,,,32122,5.0,5,,,,,,,,
,,,,,32126,4.0,4,,,,,,,,
,,,,,32132,6.0,6,,,,,,,,
,,,,,32139,7.0,7,,,,,,,,
,,,,,32143,4.0,4,,,,,,,,
,,,,,32149,6.0,6,,,,,,,,
,,,,,32152,3.0,3,,,,,,,,
,,,,,32156,4.0,4,,,,,,,,
,,,,,32164,8.0,8,,,,,,,,
,,,,,32167,3.0,3,,,,,,,,
,,,,,32173,6.0,6,,,,,,,,
,,,,,32180,7.0,7,,,,,,,,
,,,,,32186,6.0,6,,,,,,,,
,,,,,32191,5.0,5,,,,,,,,
,,,,,32195,4.0,4,,,,,,,,
,,,,,32201,6.0,6,,,,,,,,
,,,,,32204,3.0,3,,,,,,,,
,,,,,32210,6.0,6,,,,,,,,
,,,,,32215,5.0,5,,,,,,,,
,,,,,32219,4.0,4,,,,,,,,
,,,,,32225,6.0,6,,,,,,,,
,,,,,32233,8.0,8,,,,,,,,
,,,,,32241,8.0,8,,,,,,,,
,,,,,32246,5.0,5,,,,,,,,
,,,,,32257,11.0,11,,,,,,,,
,,,,,32261,4.0,4,,,,,,,,
,,,,,32267,6.0,6,,,,,,,,
,,,,,32271,4.0,4,,,,,,,,
,,,,,32276,5.0,5,,,,,,,,
,,,,,32279,3.0,3,,,,,,,,
,,,,,32286,7.0,7,,,,,,,,
,,,,,32295,9.0,9,,,,,,,,
,,,,,32298,3.0,3,,,,,,,,
,,,,,32301,3.0,3,,,,,,,,
,,,,,32311,10.0,10,,,,,,,,
,,,,,32316,5.0,5,,,,,,,,
,,,,,32323,7.0,7,,,,,,,,
,,,,,32333,10.0,10,,,,,,,,
,,,,,32336,3.0,3,,,,,,,,
,,,,,32348,12.0,12,,,,,,,,
,,,,,32357,9.0,9,,,,,,,,
,,,,,32363,6.0,6,,,,,,,,
,,,,,32373,10.0,10,,,,,,,,
,,,,,32379,6.0,6,,,,,,,,
,,,,,32395,16.0,16,,,,,,,,
,,,,,32400,5.0,5,,,,,,,,
,,,,,32406,6.0,6,,,,,,,,
,,,,,32413,7.0,7,,,,,,,,
,,,,,32419,6.0,6,,,,,,,,
,,,,,32428,9.0,9,,,,,,,,
,,,,,32433,5.0,5,,,,,,,,
,,,,,32440,7.0,7,,,,,,,,
,,,,,32444,4.0,4,,,,,,,,
,,,,,32449,5.0,5,,,,,,,,
,,,,,32457,8.0,8,,,,,,,,
,,,,,32467,10.0,10,,,,,,,,
,,,,,32473,6.0,6,,,,,,,,
,,,,,32480,7.0,7,,,,,,,,
,,,,,32490,10.0,10,,,,,,,,
,,,,,32495,5.0,5,,,,,,,,
,,,,,32502,7.0,7,,,,,,,,
,,,,,32507,5.0,5,,,,,,,,
,,,,,32515,8.0,8,,,,,,,,
,,,,,32521,6.0,6,,,,,,,,
,,,,,32526,5.0,5,,,,,,,,
,,,,,32533,7.0,7,,,,,,,,
,,,,,32541,8.0,8,,,,,,,,
,,,,,32550,9.0,9,,,,,,,,
,,,,,32559,9.0,9,,,,,,,,
,,,,,32575,16.0,16,,,,,,,,
,,,,,32582,7.0,7,,,,,,,,
,,,,,32590,8.0,8,,,,,,,,
,,,,,32593,3.0,3,,,,,,,,
,,,,,32603,10.0,10,,,,,,,,
,,,,,32610,7.0,7,,,,,,,,
,,,,,32623,13.0,13,,,,,,,,
,,,,,32628,5.0,5,,,,,,,,
,,,,,32631,3.0,3,,,,,,,,
,,,,,32638,7.0,7,,,,,,,,
,,,,,32643,5.0,5,,,,,,,,
,,,,,32646,3.0,3,,,,,,,,
,,,,,32649,3.0,3,,,,,,,,
,,,,,32653,4.0,4,,,,,,,,
,,,,,32663,10.0,10,,,,,,,,
,,,,,32673,10.0,10,,,,,,,,
,,,,,32680,7.0,7,,,,,,,,
,,,,,32685,5.0,5,,,,,,,,
,,,,,32689,4.0,4,,,,,,,,
,,,,,32695,6.0,6,,,,,,,,
,,,,,32710,15.0,15,,,,,,,,
,,,,,32717,7.0,7,,,,,,,,
,,,,,32720,3.0,3,,,,,,,,
,,,,,32741,21.0,21,,,,,,,,
,,,,,32749,8.0,8,,,,,,,,
,,,,,32758,9.0,9,,,,,,,,
,,,,,32764,6.0,6,,,,,,,,
,,,,,32775,11.0,11,,,,,,,,
,,,,,32778,3.0,3,,,,,,,,
,,,,,32781,3.0,3,,,,,,,,
,,,,,32789,8.0,8,,,,,,,,
,,,,,32799,10.0,10,,,,,,,,
,,,,,32809,10.0,10,,,,,,,,
,,,,,32823,14.0,14,,,,,,,,
,,,,,32826,3.0,3,,,,,,,,
,,,,,32832,6.0,6,,,,,,,,
,,,,,32842,10.0,10,,,,,,,,
,,,,,32849,7.0,7,,,,,,,,
,,,,,32856,7.0,7,,,,,,,,
,,,,,32863,7.0,7,,,,,,,,
,,,,,32872,9.0,9,,,,,,,,
,,,,,32879,7.0,7,,,,,,,,
,,,,,32883,4.0,4,,,,,,,,
,,,,,32891,8.0,8,,,,,,,,
,,,,,32894,3.0,3,,,,,,,,
,,,,,32900,6.0,6,,,,,,,,
,,,,,32909,9.0,9,,,,,,,,
,,,,,32915,6.0,6,,,,,,,,
,,,,,32918,3.0,3,,,,,,,,
,,,,,32921,3.0,3,,,,,,,,
,,,,,32928,7.0,7,,,,,,,,
,,,,,32933,5.0,5,,,,,,,,
,,,,,32946,13.0,13,,,,,,,,
,,,,,32950,4.0,4,,,,,,,,
,,,,,32956,6.0,6,,,,,,,,
,,,,,32968,12.0,12,,,,,,,,
,,,,,32973,5.0,5,,,,,,,,
,,,,,32979,6.0,6,,,,,,,,
,,,,,32983,4.0,4,,,,,,,,
,,,,,32986,3.0,3,,,,,,,,
,,,,,33000,,,-0.05284568667411804,-0.5284568667411804,0.4933820962905884,3.620992660522461,3.736524820327759,0.0003,0.0003,0.1
,,,,,33001,15.0,15,,,,,,,,
,,,,,33008,7.0,7,,,,,,,,
,,,,,33011,3.0,3,,,,,,,,
,,,,,33022,11.0,11,,,,,,,,
,,,,,33025,3.0,3,,,,,,,,
,,,,,33032,7.0,7,,,,,,,,
,,,,,33037,5.0,5,,,,,,,,
,,,,,33043,6.0,6,,,,,,,,
,,,,,33056,13.0,13,,,,,,,,
,,,,,33059,3.0,3,,,,,,,,
,,,,,33063,4.0,4,,,,,,,,
,,,,,33068,5.0,5,,,,,,,,
,,,,,33074,6.0,6,,,,,,,,
,,,,,33081,7.0,7,,,,,,,,
,,,,,33096,15.0,15,,,,,,,,
,,,,,33103,7.0,7,,,,,,,,
,,,,,33110,7.0,7,,,,,,,,
,,,,,33116,6.0,6,,,,,,,,
,,,,,33123,7.0,7,,,,,,,,
,,,,,33130,7.0,7,,,,,,,,
,,,,,33133,3.0,3,,,,,,,,
,,,,,33140,7.0,7,,,,,,,,
,,,,,33144,4.0,4,,,,,,,,
,,,,,33151,7.0,7,,,,,,,,
,,,,,33155,4.0,4,,,,,,,,
,,,,,33161,6.0,6,,,,,,,,
,,,,,33170,9.0,9,,,,,,,,
,,,,,33175,5.0,5,,,,,,,,
,,,,,33182,7.0,7,,,,,,,,
,,,,,33187,5.0,5,,,,,,,,
,,,,,33195,8.0,8,,,,,,,,
,,,,,33207,12.0,12,,,,,,,,
,,,,,33212,5.0,5,,,,,,,,
,,,,,33218,6.0,6,,,,,,,,
,,,,,33224,6.0,6,,,,,,,,
,,,,,33230,6.0,6,,,,,,,,
,,,,,33239,9.0,9,,,,,,,,
,,,,,33247,8.0,8,,,,,,,,
,,,,,33258,11.0,11,,,,,,,,
,,,,,33264,6.0,6,,,,,,,,
,,,,,33272,8.0,8,,,,,,,,
,,,,,33281,9.0,9,,,,,,,,
,,,,,33287,6.0,6,,,,,,,,
,,,,,33294,7.0,7,,,,,,,,
,,,,,33304,10.0,10,,,,,,,,
,,,,,33309,5.0,5,,,,,,,,
,,,,,33313,4.0,4,,,,,,,,
,,,,,33319,6.0,6,,,,,,,,
,,,,,33325,6.0,6,,,,,,,,
,,,,,33332,7.0,7,,,,,,,,
,,,,,33338,6.0,6,,,,,,,,
,,,,,33344,6.0,6,,,,,,,,
,,,,,33353,9.0,9,,,,,,,,
,,,,,33361,8.0,8,,,,,,,,
,,,,,33366,5.0,5,,,,,,,,
,,,,,33369,3.0,3,,,,,,,,
,,,,,33375,6.0,6,,,,,,,,
,,,,,33382,7.0,7,,,,,,,,
,,,,,33389,7.0,7,,,,,,,,
,,,,,33400,11.0,11,,,,,,,,
,,,,,33407,7.0,7,,,,,,,,
,,,,,33416,9.0,9,,,,,,,,
,,,,,33421,5.0,5,,,,,,,,
,,,,,33427,6.0,6,,,,,,,,
,,,,,33431,4.0,4,,,,,,,,
,,,,,33435,4.0,4,,,,,,,,
,,,,,33438,3.0,3,,,,,,,,
,,,,,33441,3.0,3,,,,,,,,
,,,,,33446,5.0,5,,,,,,,,
,,,,,33453,7.0,7,,,,,,,,
,,,,,33458,5.0,5,,,,,,,,
,,,,,33461,3.0,3,,,,,,,,
,,,,,33473,12.0,12,,,,,,,,
,,,,,33480,7.0,7,,,,,,,,
,,,,,33483,3.0,3,,,,,,,,
,,,,,33490,7.0,7,,,,,,,,
,,,,,33493,3.0,3,,,,,,,,
,,,,,33500,7.0,7,,,,,,,,
,,,,,33503,3.0,3,,,,,,,,
,,,,,33507,4.0,4,,,,,,,,
,,,,,33510,3.0,3,,,,,,,,
,,,,,33513,3.0,3,,,,,,,,
,,,,,33518,5.0,5,,,,,,,,
,,,,,33525,7.0,7,,,,,,,,
,,,,,33529,4.0,4,,,,,,,,
,,,,,33537,8.0,8,,,,,,,,
,,,,,33542,5.0,5,,,,,,,,
,,,,,33545,3.0,3,,,,,,,,
,,,,,33549,4.0,4,,,,,,,,
,,,,,33555,6.0,6,,,,,,,,
,,,,,33559,4.0,4,,,,,,,,
,,,,,33563,4.0,4,,,,,,,,
,,,,,33566,3.0,3,,,,,,,,
,,,,,33572,6.0,6,,,,,,,,
,,,,,33576,4.0,4,,,,,,,,
,,,,,33583,7.0,7,,,,,,,,
,,,,,33586,3.0,3,,,,,,,,
,,,,,33593,7.0,7,,,,,,,,
,,,,,33604,11.0,11,,,,,,,,
,,,,,33611,7.0,7,,,,,,,,
,,,,,33617,6.0,6,,,,,,,,
,,,,,33625,8.0,8,,,,,,,,
,,,,,33634,9.0,9,,,,,,,,
,,,,,33639,5.0,5,,,,,,,,
,,,,,33647,8.0,8,,,,,,,,
,,,,,33656,9.0,9,,,,,,,,
,,,,,33660,4.0,4,,,,,,,,
,,,,,33669,9.0,9,,,,,,,,
,,,,,33676,7.0,7,,,,,,,,
,,,,,33679,3.0,3,,,,,,,,
,,,,,33685,6.0,6,,,,,,,,
,,,,,33691,6.0,6,,,,,,,,
,,,,,33699,8.0,8,,,,,,,,
,,,,,33717,18.0,18,,,,,,,,
,,,,,33724,7.0,7,,,,,,,,
,,,,,33730,6.0,6,,,,,,,,
,,,,,33741,11.0,11,,,,,,,,
,,,,,33749,8.0,8,,,,,,,,
,,,,,33763,14.0,14,,,,,,,,
,,,,,33770,7.0,7,,,,,,,,
,,,,,33774,4.0,4,,,,,,,,
,,,,,33784,10.0,10,,,,,,,,
,,,,,33790,6.0,6,,,,,,,,
,,,,,33794,4.0,4,,,,,,,,
,,,,,33806,12.0,12,,,,,,,,
,,,,,33816,10.0,10,,,,,,,,
,,,,,33823,7.0,7,,,,,,,,
,,,,,33831,8.0,8,,,,,,,,
,,,,,33840,9.0,9,,,,,,,,
,,,,,33856,16.0,16,,,,,,,,
,,,,,33862,6.0,6,,,,,,,,
,,,,,33878,16.0,16,,,,,,,,
,,,,,33890,12.0,12,,,,,,,,
,,,,,33898,8.0,8,,,,,,,,
,,,,,33910,12.0,12,,,,,,,,
,,,,,33919,9.0,9,,,,,,,,
,,,,,33928,9.0,9,,,,,,,,
,,,,,33941,13.0,13,,,,,,,,
,,,,,33953,12.0,12,,,,,,,,
,,,,,33961,8.0,8,,,,,,,,
,,,,,33971,10.0,10,,,,,,,,
,,,,,33982,11.0,11,,,,,,,,
,,,,,33989,7.0,7,,,,,,,,
,,,,,33996,7.0,7,,,,,,,,
,,,,,34000,4.0,4,,,,,,,,
,,,,,34000,,,-0.09010910242795944,-0.9010909795761108,0.477867066860199,4.333134651184082,4.309562683105469,0.0003,0.0003,0.1
,,,,,34006,6.0,6,,,,,,,,
,,,,,34011,5.0,5,,,,,,,,
,,,,,34022,11.0,11,,,,,,,,
,,,,,34031,9.0,9,,,,,,,,
,,,,,34039,8.0,8,,,,,,,,
,,,,,34054,15.0,15,,,,,,,,
,,,,,34061,7.0,7,,,,,,,,
,,,,,34068,7.0,7,,,,,,,,
,,,,,34077,9.0,9,,,,,,,,
,,,,,34084,7.0,7,,,,,,,,
,,,,,34090,6.0,6,,,,,,,,
,,,,,34098,8.0,8,,,,,,,,
,,,,,34106,8.0,8,,,,,,,,
,,,,,34124,18.0,18,,,,,,,,
,,,,,34131,7.0,7,,,,,,,,
,,,,,34140,9.0,9,,,,,,,,
,,,,,34146,6.0,6,,,,,,,,
,,,,,34154,8.0,8,,,,,,,,
,,,,,34163,9.0,9,,,,,,,,
,,,,,34174,11.0,11,,,,,,,,
,,,,,34186,12.0,12,,,,,,,,
,,,,,34195,9.0,9,,,,,,,,
,,,,,34202,7.0,7,,,,,,,,
,,,,,34211,9.0,9,,,,,,,,
,,,,,34219,8.0,8,,,,,,,,
,,,,,34224,5.0,5,,,,,,,,
,,,,,34238,14.0,14,,,,,,,,
,,,,,34246,8.0,8,,,,,,,,
,,,,,34249,3.0,3,,,,,,,,
,,,,,34256,7.0,7,,,,,,,,
,,,,,34266,10.0,10,,,,,,,,
,,,,,34272,6.0,6,,,,,,,,
,,,,,34278,6.0,6,,,,,,,,
,,,,,34284,6.0,6,,,,,,,,
,,,,,34290,6.0,6,,,,,,,,
,,,,,34296,6.0,6,,,,,,,,
,,,,,34308,12.0,12,,,,,,,,
,,,,,34318,10.0,10,,,,,,,,
,,,,,34325,7.0,7,,,,,,,,
,,,,,34332,7.0,7,,,,,,,,
,,,,,34337,5.0,5,,,,,,,,
,,,,,34342,5.0,5,,,,,,,,
,,,,,34350,8.0,8,,,,,,,,
,,,,,34357,7.0,7,,,,,,,,
,,,,,34365,8.0,8,,,,,,,,
,,,,,34371,6.0,6,,,,,,,,
,,,,,34376,5.0,5,,,,,,,,
,,,,,34384,8.0,8,,,,,,,,
,,,,,34392,8.0,8,,,,,,,,
,,,,,34399,7.0,7,,,,,,,,
,,,,,34405,6.0,6,,,,,,,,
,,,,,34411,6.0,6,,,,,,,,
,,,,,34414,3.0,3,,,,,,,,
,,,,,34422,8.0,8,,,,,,,,
,,,,,34428,6.0,6,,,,,,,,
,,,,,34435,7.0,7,,,,,,,,
,,,,,34446,11.0,11,,,,,,,,
,,,,,34455,9.0,9,,,,,,,,
,,,,,34473,18.0,18,,,,,,,,
,,,,,34485,12.0,12,,,,,,,,
,,,,,34494,9.0,9,,,,,,,,
,,,,,34502,8.0,8,,,,,,,,
,,,,,34508,6.0,6,,,,,,,,
,,,,,34514,6.0,6,,,,,,,,
,,,,,34519,5.0,5,,,,,,,,
,,,,,34529,10.0,10,,,,,,,,
,,,,,34535,6.0,6,,,,,,,,
,,,,,34544,9.0,9,,,,,,,,
,,,,,34550,6.0,6,,,,,,,,
,,,,,34557,7.0,7,,,,,,,,
,,,,,34563,6.0,6,,,,,,,,
,,,,,34575,12.0,12,,,,,,,,
,,,,,34581,6.0,6,,,,,,,,
,,,,,34589,8.0,8,,,,,,,,
,,,,,34598,9.0,9,,,,,,,,
,,,,,34603,5.0,5,,,,,,,,
,,,,,34616,13.0,13,,,,,,,,
,,,,,34623,7.0,7,,,,,,,,
,,,,,34630,7.0,7,,,,,,,,
,,,,,34636,6.0,6,,,,,,,,
,,,,,34642,6.0,6,,,,,,,,
,,,,,34656,14.0,14,,,,,,,,
,,,,,34664,8.0,8,,,,,,,,
,,,,,34671,7.0,7,,,,,,,,
,,,,,34677,6.0,6,,,,,,,,
,,,,,34680,3.0,3,,,,,,,,
,,,,,34694,14.0,14,,,,,,,,
,,,,,34701,7.0,7,,,,,,,,
,,,,,34711,10.0,10,,,,,,,,
,,,,,34720,9.0,9,,,,,,,,
,,,,,34731,11.0,11,,,,,,,,
,,,,,34742,11.0,11,,,,,,,,
,,,,,34749,7.0,7,,,,,,,,
,,,,,34757,8.0,8,,,,,,,,
,,,,,34763,6.0,6,,,,,,,,
,,,,,34770,7.0,7,,,,,,,,
,,,,,34784,14.0,14,,,,,,,,
,,,,,34800,16.0,16,,,,,,,,
,,,,,34821,21.0,21,,,,,,,,
,,,,,34836,15.0,15,,,,,,,,
,,,,,34843,7.0,7,,,,,,,,
,,,,,34853,10.0,10,,,,,,,,
,,,,,34859,6.0,6,,,,,,,,
,,,,,34871,12.0,12,,,,,,,,
,,,,,34891,20.0,20,,,,,,,,
,,,,,34898,7.0,7,,,,,,,,
,,,,,34905,7.0,7,,,,,,,,
,,,,,34913,8.0,8,,,,,,,,
,,,,,34921,8.0,8,,,,,,,,
,,,,,34933,12.0,12,,,,,,,,
,,,,,34944,11.0,11,,,,,,,,
,,,,,34949,5.0,5,,,,,,,,
,,,,,34956,7.0,7,,,,,,,,
,,,,,34970,14.0,14,,,,,,,,
,,,,,34981,11.0,11,,,,,,,,
,,,,,34988,7.0,7,,,,,,,,
13.4,5.043808,22.0,6.0,13.4,35000,,,-0.2811894118785858,-2.811894178390503,0.30045273900032043,4.438726425170898,4.320296287536621,0.0003,0.0003,0.1
,,,,,35014,26.0,26,,,,,,,,
,,,,,35021,7.0,7,,,,,,,,
,,,,,35027,6.0,6,,,,,,,,
,,,,,35044,17.0,17,,,,,,,,
,,,,,35054,10.0,10,,,,,,,,
,,,,,35071,17.0,17,,,,,,,,
,,,,,35087,16.0,16,,,,,,,,
,,,,,35094,7.0,7,,,,,,,,
,,,,,35100,6.0,6,,,,,,,,
,,,,,35114,14.0,14,,,,,,,,
,,,,,35123,9.0,9,,,,,,,,
,,,,,35138,15.0,15,,,,,,,,
,,,,,35155,17.0,17,,,,,,,,
,,,,,35164,9.0,9,,,,,,,,
,,,,,35170,6.0,6,,,,,,,,
,,,,,35179,9.0,9,,,,,,,,
,,,,,35187,8.0,8,,,,,,,,
,,,,,35195,8.0,8,,,,,,,,
,,,,,35202,7.0,7,,,,,,,,
,,,,,35219,17.0,17,,,,,,,,
,,,,,35227,8.0,8,,,,,,,,
,,,,,35233,6.0,6,,,,,,,,
,,,,,35240,7.0,7,,,,,,,,
,,,,,35248,8.0,8,,,,,,,,
,,,,,35258,10.0,10,,,,,,,,
,,,,,35265,7.0,7,,,,,,,,
,,,,,35270,5.0,5,,,,,,,,
,,,,,35276,6.0,6,,,,,,,,
,,,,,35285,9.0,9,,,,,,,,
,,,,,35298,13.0,13,,,,,,,,
,,,,,35306,8.0,8,,,,,,,,
,,,,,35316,10.0,10,,,,,,,,
,,,,,35329,13.0,13,,,,,,,,
,,,,,35361,32.0,32,,,,,,,,
,,,,,35371,10.0,10,,,,,,,,
,,,,,35414,43.0,43,,,,,,,,
,,,,,35420,6.0,6,,,,,,,,
,,,,,35435,15.0,15,,,,,,,,
,,,,,35445,10.0,10,,,,,,,,
,,,,,35454,9.0,9,,,,,,,,
,,,,,35464,10.0,10,,,,,,,,
,,,,,35473,9.0,9,,,,,,,,
,,,,,35479,6.0,6,,,,,,,,
,,,,,35489,10.0,10,,,,,,,,
,,,,,35496,7.0,7,,,,,,,,
,,,,,35502,6.0,6,,,,,,,,
,,,,,35510,8.0,8,,,,,,,,
,,,,,35518,8.0,8,,,,,,,,
,,,,,35526,8.0,8,,,,,,,,
,,,,,35532,6.0,6,,,,,,,,
,,,,,35543,11.0,11,,,,,,,,
,,,,,35556,13.0,13,,,,,,,,
,,,,,35561,5.0,5,,,,,,,,
,,,,,35576,15.0,15,,,,,,,,
,,,,,35582,6.0,6,,,,,,,,
,,,,,35601,19.0,19,,,,,,,,
,,,,,35609,8.0,8,,,,,,,,
,,,,,35632,23.0,23,,,,,,,,
,,,,,35642,10.0,10,,,,,,,,
,,,,,35648,6.0,6,,,,,,,,
,,,,,35658,10.0,10,,,,,,,,
,,,,,35670,12.0,12,,,,,,,,
,,,,,35696,26.0,26,,,,,,,,
,,,,,35703,7.0,7,,,,,,,,
,,,,,35737,34.0,34,,,,,,,,
,,,,,35747,10.0,10,,,,,,,,
,,,,,35759,12.0,12,,,,,,,,
,,,,,35764,5.0,5,,,,,,,,
,,,,,35789,25.0,25,,,,,,,,
,,,,,35799,10.0,10,,,,,,,,
,,,,,35812,13.0,13,,,,,,,,
,,,,,35824,12.0,12,,,,,,,,
,,,,,35848,24.0,24,,,,,,,,
,,,,,35861,13.0,13,,,,,,,,
,,,,,35873,12.0,12,,,,,,,,
,,,,,35882,9.0,9,,,,,,,,
,,,,,35899,17.0,17,,,,,,,,
,,,,,35909,10.0,10,,,,,,,,
,,,,,35918,9.0,9,,,,,,,,
,,,,,35926,8.0,8,,,,,,,,
,,,,,35941,15.0,15,,,,,,,,
,,,,,35951,10.0,10,,,,,,,,
,,,,,35978,27.0,27,,,,,,,,
,,,,,36000,,,-0.11342302709817886,-1.1342302560806274,0.3135530948638916,5.660627365112305,5.629920959472656,0.0003,0.0003,0.1
,,,,,36012,34.0,34,,,,,,,,
,,,,,36050,38.0,38,,,,,,,,
,,,,,36065,15.0,15,,,,,,,,
,,,,,36083,18.0,18,,,,,,,,
,,,,,36101,18.0,18,,,,,,,,
,,,,,36115,14.0,14,,,,,,,,
,,,,,36126,11.0,11,,,,,,,,
,,,,,36140,14.0,14,,,,,,,,
,,,,,36148,8.0,8,,,,,,,,
,,,,,36162,14.0,14,,,,,,,,
,,,,,36173,11.0,11,,,,,,,,
,,,,,36187,14.0,14,,,,,,,,
,,,,,36197,10.0,10,,,,,,,,
,,,,,36205,8.0,8,,,,,,,,
,,,,,36215,10.0,10,,,,,,,,
,,,,,36230,15.0,15,,,,,,,,
,,,,,36239,9.0,9,,,,,,,,
,,,,,36251,12.0,12,,,,,,,,
,,,,,36264,13.0,13,,,,,,,,
,,,,,36281,17.0,17,,,,,,,,
,,,,,36288,7.0,7,,,,,,,,
,,,,,36295,7.0,7,,,,,,,,
,,,,,36300,5.0,5,,,,,,,,
,,,,,36320,20.0,20,,,,,,,,
,,,,,36330,10.0,10,,,,,,,,
,,,,,36353,23.0,23,,,,,,,,
,,,,,36364,11.0,11,,,,,,,,
,,,,,36382,18.0,18,,,,,,,,
,,,,,36401,19.0,19,,,,,,,,
,,,,,36414,13.0,13,,,,,,,,
,,,,,36424,10.0,10,,,,,,,,
,,,,,36436,12.0,12,,,,,,,,
,,,,,36448,12.0,12,,,,,,,,
,,,,,36460,12.0,12,,,,,,,,
,,,,,36503,43.0,43,,,,,,,,
,,,,,36526,23.0,23,,,,,,,,
,,,,,36551,25.0,25,,,,,,,,
,,,,,36558,7.0,7,,,,,,,,
,,,,,36580,22.0,22,,,,,,,,
,,,,,36593,13.0,13,,,,,,,,
,,,,,36603,10.0,10,,,,,,,,
,,,,,36623,20.0,20,,,,,,,,
,,,,,36637,14.0,14,,,,,,,,
,,,,,36646,9.0,9,,,,,,,,
,,,,,36657,11.0,11,,,,,,,,
,,,,,36695,38.0,38,,,,,,,,
,,,,,36709,14.0,14,,,,,,,,
,,,,,36718,9.0,9,,,,,,,,
,,,,,36728,10.0,10,,,,,,,,
,,,,,36754,26.0,26,,,,,,,,
,,,,,36767,13.0,13,,,,,,,,
,,,,,36804,37.0,37,,,,,,,,
,,,,,36812,8.0,8,,,,,,,,
,,,,,36819,7.0,7,,,,,,,,
,,,,,36836,17.0,17,,,,,,,,
,,,,,36847,11.0,11,,,,,,,,
,,,,,36861,14.0,14,,,,,,,,
,,,,,36891,30.0,30,,,,,,,,
,,,,,36917,26.0,26,,,,,,,,
,,,,,36922,5.0,5,,,,,,,,
,,,,,36933,11.0,11,,,,,,,,
,,,,,36947,14.0,14,,,,,,,,
,,,,,36954,7.0,7,,,,,,,,
,,,,,36958,4.0,4,,,,,,,,
,,,,,36964,6.0,6,,,,,,,,
,,,,,36973,9.0,9,,,,,,,,
,,,,,36978,5.0,5,,,,,,,,
,,,,,36986,8.0,8,,,,,,,,
,,,,,36996,10.0,10,,,,,,,,
,,,,,37000,,,0.013614040799438953,0.13614040613174438,1.0306543111801147,6.293979644775391,6.24947452545166,0.0003,0.0003,0.1
,,,,,37022,26.0,26,,,,,,,,
,,,,,37056,34.0,34,,,,,,,,
,,,,,37081,25.0,25,,,,,,,,
,,,,,37094,13.0,13,,,,,,,,
,,,,,37106,12.0,12,,,,,,,,
,,,,,37114,8.0,8,,,,,,,,
,,,,,37127,13.0,13,,,,,,,,
,,,,,37138,11.0,11,,,,,,,,
,,,,,37149,11.0,11,,,,,,,,
,,,,,37159,10.0,10,,,,,,,,
,,,,,37172,13.0,13,,,,,,,,
,,,,,37203,31.0,31,,,,,,,,
,,,,,37217,14.0,14,,,,,,,,
,,,,,37220,3.0,3,,,,,,,,
,,,,,37231,11.0,11,,,,,,,,
,,,,,37242,11.0,11,,,,,,,,
,,,,,37249,7.0,7,,,,,,,,
,,,,,37260,11.0,11,,,,,,,,
,,,,,37276,16.0,16,,,,,,,,
,,,,,37288,12.0,12,,,,,,,,
,,,,,37297,9.0,9,,,,,,,,
,,,,,37329,32.0,32,,,,,,,,
,,,,,37339,10.0,10,,,,,,,,
,,,,,37359,20.0,20,,,,,,,,
,,,,,37372,13.0,13,,,,,,,,
,,,,,37385,13.0,13,,,,,,,,
,,,,,37389,4.0,4,,,,,,,,
,,,,,37416,27.0,27,,,,,,,,
,,,,,37428,12.0,12,,,,,,,,
,,,,,37433,5.0,5,,,,,,,,
,,,,,37436,3.0,3,,,,,,,,
,,,,,37440,4.0,4,,,,,,,,
,,,,,37447,7.0,7,,,,,,,,
,,,,,37457,10.0,10,,,,,,,,
,,,,,37479,22.0,22,,,,,,,,
,,,,,37489,10.0,10,,,,,,,,
,,,,,37513,24.0,24,,,,,,,,
,,,,,37536,23.0,23,,,,,,,,
,,,,,37546,10.0,10,,,,,,,,
,,,,,37551,5.0,5,,,,,,,,
,,,,,37560,9.0,9,,,,,,,,
,,,,,37564,4.0,4,,,,,,,,
,,,,,37570,6.0,6,,,,,,,,
,,,,,37581,11.0,11,,,,,,,,
,,,,,37585,4.0,4,,,,,,,,
,,,,,37613,28.0,28,,,,,,,,
,,,,,37620,7.0,7,,,,,,,,
,,,,,37649,29.0,29,,,,,,,,
,,,,,37659,10.0,10,,,,,,,,
,,,,,37669,10.0,10,,,,,,,,
,,,,,37679,10.0,10,,,,,,,,
,,,,,37694,15.0,15,,,,,,,,
,,,,,37714,20.0,20,,,,,,,,
,,,,,37725,11.0,11,,,,,,,,
,,,,,37733,8.0,8,,,,,,,,
,,,,,37751,18.0,18,,,,,,,,
,,,,,37758,7.0,7,,,,,,,,
,,,,,37768,10.0,10,,,,,,,,
,,,,,37777,9.0,9,,,,,,,,
,,,,,37789,12.0,12,,,,,,,,
,,,,,37798,9.0,9,,,,,,,,
,,,,,37801,3.0,3,,,,,,,,
,,,,,37828,27.0,27,,,,,,,,
,,,,,37842,14.0,14,,,,,,,,
,,,,,37849,7.0,7,,,,,,,,
,,,,,37860,11.0,11,,,,,,,,
,,,,,37865,5.0,5,,,,,,,,
,,,,,37876,11.0,11,,,,,,,,
,,,,,37885,9.0,9,,,,,,,,
,,,,,37893,8.0,8,,,,,,,,
,,,,,37926,33.0,33,,,,,,,,
,,,,,37934,8.0,8,,,,,,,,
,,,,,37950,16.0,16,,,,,,,,
,,,,,37969,19.0,19,,,,,,,,
,,,,,37976,7.0,7,,,,,,,,
,,,,,37994,18.0,18,,,,,,,,
,,,,,38000,6.0,6,,,,,,,,
,,,,,38000,,,0.02351962961256504,0.2351962924003601,1.4103951454162598,6.078949451446533,6.348023891448975,0.0003,0.0003,0.1
,,,,,38014,14.0,14,,,,,,,,
,,,,,38034,20.0,20,,,,,,,,
,,,,,38047,13.0,13,,,,,,,,
,,,,,38056,9.0,9,,,,,,,,
,,,,,38060,4.0,4,,,,,,,,
,,,,,38068,8.0,8,,,,,,,,
,,,,,38075,7.0,7,,,,,,,,
,,,,,38080,5.0,5,,,,,,,,
,,,,,38092,12.0,12,,,,,,,,
,,,,,38122,30.0,30,,,,,,,,
,,,,,38133,11.0,11,,,,,,,,
,,,,,38147,14.0,14,,,,,,,,
,,,,,38152,5.0,5,,,,,,,,
,,,,,38157,5.0,5,,,,,,,,
,,,,,38163,6.0,6,,,,,,,,
,,,,,38196,33.0,33,,,,,,,,
,,,,,38203,7.0,7,,,,,,,,
,,,,,38227,24.0,24,,,,,,,,
,,,,,38243,16.0,16,,,,,,,,
,,,,,38254,11.0,11,,,,,,,,
,,,,,38261,7.0,7,,,,,,,,
,,,,,38281,20.0,20,,,,,,,,
,,,,,38304,23.0,23,,,,,,,,
,,,,,38317,13.0,13,,,,,,,,
,,,,,38323,6.0,6,,,,,,,,
,,,,,38339,16.0,16,,,,,,,,
,,,,,38354,15.0,15,,,,,,,,
,,,,,38383,29.0,29,,,,,,,,
,,,,,38389,6.0,6,,,,,,,,
,,,,,38401,12.0,12,,,,,,,,
,,,,,38417,16.0,16,,,,,,,,
,,,,,38430,13.0,13,,,,,,,,
,,,,,38441,11.0,11,,,,,,,,
,,,,,38451,10.0,10,,,,,,,,
,,,,,38456,5.0,5,,,,,,,,
,,,,,38462,6.0,6,,,,,,,,
,,,,,38469,7.0,7,,,,,,,,
,,,,,38472,3.0,3,,,,,,,,
,,,,,38481,9.0,9,,,,,,,,
,,,,,38485,4.0,4,,,,,,,,
,,,,,38490,5.0,5,,,,,,,,
,,,,,38496,6.0,6,,,,,,,,
,,,,,38508,12.0,12,,,,,,,,
,,,,,38511,3.0,3,,,,,,,,
,,,,,38515,4.0,4,,,,,,,,
,,,,,38524,9.0,9,,,,,,,,
,,,,,38540,16.0,16,,,,,,,,
,,,,,38544,4.0,4,,,,,,,,
,,,,,38561,17.0,17,,,,,,,,
,,,,,38569,8.0,8,,,,,,,,
,,,,,38572,3.0,3,,,,,,,,
,,,,,38610,38.0,38,,,,,,,,
,,,,,38615,5.0,5,,,,,,,,
,,,,,38620,5.0,5,,,,,,,,
,,,,,38638,18.0,18,,,,,,,,
,,,,,38642,4.0,4,,,,,,,,
,,,,,38656,14.0,14,,,,,,,,
,,,,,38662,6.0,6,,,,,,,,
,,,,,38671,9.0,9,,,,,,,,
,,,,,38675,4.0,4,,,,,,,,
,,,,,38679,4.0,4,,,,,,,,
,,,,,38685,6.0,6,,,,,,,,
,,,,,38688,3.0,3,,,,,,,,
,,,,,38694,6.0,6,,,,,,,,
,,,,,38697,3.0,3,,,,,,,,
,,,,,38714,17.0,17,,,,,,,,
,,,,,38724,10.0,10,,,,,,,,
,,,,,38734,10.0,10,,,,,,,,
,,,,,38741,7.0,7,,,,,,,,
,,,,,38752,11.0,11,,,,,,,,
,,,,,38768,16.0,16,,,,,,,,
,,,,,38775,7.0,7,,,,,,,,
,,,,,38780,5.0,5,,,,,,,,
,,,,,38788,8.0,8,,,,,,,,
,,,,,38796,8.0,8,,,,,,,,
,,,,,38799,3.0,3,,,,,,,,
,,,,,38803,4.0,4,,,,,,,,
,,,,,38806,3.0,3,,,,,,,,
,,,,,38813,7.0,7,,,,,,,,
,,,,,38826,13.0,13,,,,,,,,
,,,,,38838,12.0,12,,,,,,,,
,,,,,38844,6.0,6,,,,,,,,
,,,,,38869,25.0,25,,,,,,,,
,,,,,38875,6.0,6,,,,,,,,
,,,,,38879,4.0,4,,,,,,,,
,,,,,38882,3.0,3,,,,,,,,
,,,,,38885,3.0,3,,,,,,,,
,,,,,38893,8.0,8,,,,,,,,
,,,,,38902,9.0,9,,,,,,,,
,,,,,38908,6.0,6,,,,,,,,
,,,,,38917,9.0,9,,,,,,,,
,,,,,38925,8.0,8,,,,,,,,
,,,,,38929,4.0,4,,,,,,,,
,,,,,38933,4.0,4,,,,,,,,
,,,,,38939,6.0,6,,,,,,,,
,,,,,38943,4.0,4,,,,,,,,
,,,,,38947,4.0,4,,,,,,,,
,,,,,38950,3.0,3,,,,,,,,
,,,,,38953,3.0,3,,,,,,,,
,,,,,38957,4.0,4,,,,,,,,
,,,,,38961,4.0,4,,,,,,,,
,,,,,38966,5.0,5,,,,,,,,
,,,,,38973,7.0,7,,,,,,,,
,,,,,38980,7.0,7,,,,,,,,
,,,,,38993,13.0,13,,,,,,,,
,,,,,38997,4.0,4,,,,,,,,
,,,,,39000,,,0.06046520546078682,0.6046520471572876,5.382765293121338,4.79852294921875,5.190932273864746,0.0003,0.0003,0.1
,,,,,39002,5.0,5,,,,,,,,
,,,,,39008,6.0,6,,,,,,,,
,,,,,39011,3.0,3,,,,,,,,
,,,,,39015,4.0,4,,,,,,,,
,,,,,39019,4.0,4,,,,,,,,
,,,,,39025,6.0,6,,,,,,,,
,,,,,39032,7.0,7,,,,,,,,
,,,,,39036,4.0,4,,,,,,,,
,,,,,39039,3.0,3,,,,,,,,
,,,,,39044,5.0,5,,,,,,,,
,,,,,39047,3.0,3,,,,,,,,
,,,,,39050,3.0,3,,,,,,,,
,,,,,39057,7.0,7,,,,,,,,
,,,,,39065,8.0,8,,,,,,,,
,,,,,39069,4.0,4,,,,,,,,
,,,,,39072,3.0,3,,,,,,,,
,,,,,39075,3.0,3,,,,,,,,
,,,,,39081,6.0,6,,,,,,,,
,,,,,39084,3.0,3,,,,,,,,
,,,,,39088,4.0,4,,,,,,,,
,,,,,39094,6.0,6,,,,,,,,
,,,,,39102,8.0,8,,,,,,,,
,,,,,39107,5.0,5,,,,,,,,
,,,,,39110,3.0,3,,,,,,,,
,,,,,39117,7.0,7,,,,,,,,
,,,,,39120,3.0,3,,,,,,,,
,,,,,39124,4.0,4,,,,,,,,
,,,,,39128,4.0,4,,,,,,,,
,,,,,39133,5.0,5,,,,,,,,
,,,,,39137,4.0,4,,,,,,,,
,,,,,39145,8.0,8,,,,,,,,
,,,,,39151,6.0,6,,,,,,,,
,,,,,39157,6.0,6,,,,,,,,
,,,,,39161,4.0,4,,,,,,,,
,,,,,39165,4.0,4,,,,,,,,
,,,,,39168,3.0,3,,,,,,,,
,,,,,39174,6.0,6,,,,,,,,
,,,,,39180,6.0,6,,,,,,,,
,,,,,39186,6.0,6,,,,,,,,
,,,,,39191,5.0,5,,,,,,,,
,,,,,39196,5.0,5,,,,,,,,
,,,,,39199,3.0,3,,,,,,,,
,,,,,39203,4.0,4,,,,,,,,
,,,,,39210,7.0,7,,,,,,,,
,,,,,39215,5.0,5,,,,,,,,
,,,,,39219,4.0,4,,,,,,,,
,,,,,39223,4.0,4,,,,,,,,
,,,,,39229,6.0,6,,,,,,,,
,,,,,39238,9.0,9,,,,,,,,
,,,,,39242,4.0,4,,,,,,,,
,,,,,39253,11.0,11,,,,,,,,
,,,,,39259,6.0,6,,,,,,,,
,,,,,39262,3.0,3,,,,,,,,
,,,,,39266,4.0,4,,,,,,,,
,,,,,39273,7.0,7,,,,,,,,
,,,,,39278,5.0,5,,,,,,,,
,,,,,39284,6.0,6,,,,,,,,
,,,,,39293,9.0,9,,,,,,,,
,,,,,39297,4.0,4,,,,,,,,
,,,,,39303,6.0,6,,,,,,,,
,,,,,39308,5.0,5,,,,,,,,
,,,,,39313,5.0,5,,,,,,,,
,,,,,39320,7.0,7,,,,,,,,
,,,,,39328,8.0,8,,,,,,,,
,,,,,39333,5.0,5,,,,,,,,
,,,,,39336,3.0,3,,,,,,,,
,,,,,39340,4.0,4,,,,,,,,
,,,,,39343,3.0,3,,,,,,,,
,,,,,39347,4.0,4,,,,,,,,
,,,,,39350,3.0,3,,,,,,,,
,,,,,39353,3.0,3,,,,,,,,
,,,,,39356,3.0,3,,,,,,,,
,,,,,39359,3.0,3,,,,,,,,
,,,,,39362,3.0,3,,,,,,,,
,,,,,39369,7.0,7,,,,,,,,
,,,,,39375,6.0,6,,,,,,,,
,,,,,39379,4.0,4,,,,,,,,
,,,,,39382,3.0,3,,,,,,,,
,,,,,39391,9.0,9,,,,,,,,
,,,,,39395,4.0,4,,,,,,,,
,,,,,39399,4.0,4,,,,,,,,
,,,,,39403,4.0,4,,,,,,,,
,,,,,39408,5.0,5,,,,,,,,
,,,,,39411,3.0,3,,,,,,,,
,,,,,39414,3.0,3,,,,,,,,
,,,,,39417,3.0,3,,,,,,,,
,,,,,39430,13.0,13,,,,,,,,
,,,,,39433,3.0,3,,,,,,,,
,,,,,39438,5.0,5,,,,,,,,
,,,,,39441,3.0,3,,,,,,,,
,,,,,39446,5.0,5,,,,,,,,
,,,,,39457,11.0,11,,,,,,,,
,,,,,39460,3.0,3,,,,,,,,
,,,,,39463,3.0,3,,,,,,,,
,,,,,39474,11.0,11,,,,,,,,
,,,,,39477,3.0,3,,,,,,,,
,,,,,39481,4.0,4,,,,,,,,
,,,,,39487,6.0,6,,,,,,,,
,,,,,39490,3.0,3,,,,,,,,
,,,,,39495,5.0,5,,,,,,,,
,,,,,39498,3.0,3,,,,,,,,
,,,,,39503,5.0,5,,,,,,,,
,,,,,39510,7.0,7,,,,,,,,
,,,,,39518,8.0,8,,,,,,,,
,,,,,39521,3.0,3,,,,,,,,
,,,,,39525,4.0,4,,,,,,,,
,,,,,39529,4.0,4,,,,,,,,
,,,,,39534,5.0,5,,,,,,,,
,,,,,39546,12.0,12,,,,,,,,
,,,,,39553,7.0,7,,,,,,,,
,,,,,39558,5.0,5,,,,,,,,
,,,,,39561,3.0,3,,,,,,,,
,,,,,39564,3.0,3,,,,,,,,
,,,,,39574,10.0,10,,,,,,,,
,,,,,39583,9.0,9,,,,,,,,
,,,,,39591,8.0,8,,,,,,,,
,,,,,39594,3.0,3,,,,,,,,
,,,,,39597,3.0,3,,,,,,,,
,,,,,39604,7.0,7,,,,,,,,
,,,,,39608,4.0,4,,,,,,,,
,,,,,39611,3.0,3,,,,,,,,
,,,,,39623,12.0,12,,,,,,,,
,,,,,39626,3.0,3,,,,,,,,
,,,,,39631,5.0,5,,,,,,,,
,,,,,39637,6.0,6,,,,,,,,
,,,,,39647,10.0,10,,,,,,,,
,,,,,39655,8.0,8,,,,,,,,
,,,,,39660,5.0,5,,,,,,,,
,,,,,39664,4.0,4,,,,,,,,
,,,,,39671,7.0,7,,,,,,,,
,,,,,39674,3.0,3,,,,,,,,
,,,,,39679,5.0,5,,,,,,,,
,,,,,39696,17.0,17,,,,,,,,
,,,,,39702,6.0,6,,,,,,,,
,,,,,39709,7.0,7,,,,,,,,
,,,,,39715,6.0,6,,,,,,,,
,,,,,39718,3.0,3,,,,,,,,
,,,,,39721,3.0,3,,,,,,,,
,,,,,39726,5.0,5,,,,,,,,
,,,,,39731,5.0,5,,,,,,,,
,,,,,39738,7.0,7,,,,,,,,
,,,,,39745,7.0,7,,,,,,,,
,,,,,39748,3.0,3,,,,,,,,
,,,,,39757,9.0,9,,,,,,,,
,,,,,39760,3.0,3,,,,,,,,
,,,,,39764,4.0,4,,,,,,,,
,,,,,39767,3.0,3,,,,,,,,
,,,,,39771,4.0,4,,,,,,,,
,,,,,39783,12.0,12,,,,,,,,
,,,,,39787,4.0,4,,,,,,,,
,,,,,39792,5.0,5,,,,,,,,
,,,,,39798,6.0,6,,,,,,,,
,,,,,39807,9.0,9,,,,,,,,
,,,,,39810,3.0,3,,,,,,,,
,,,,,39813,3.0,3,,,,,,,,
,,,,,39818,5.0,5,,,,,,,,
,,,,,39824,6.0,6,,,,,,,,
,,,,,39828,4.0,4,,,,,,,,
,,,,,39832,4.0,4,,,,,,,,
,,,,,39842,10.0,10,,,,,,,,
,,,,,39848,6.0,6,,,,,,,,
,,,,,39851,3.0,3,,,,,,,,
,,,,,39856,5.0,5,,,,,,,,
,,,,,39865,9.0,9,,,,,,,,
,,,,,39871,6.0,6,,,,,,,,
,,,,,39875,4.0,4,,,,,,,,
,,,,,39890,15.0,15,,,,,,,,
,,,,,39893,3.0,3,,,,,,,,
,,,,,39899,6.0,6,,,,,,,,
,,,,,39902,3.0,3,,,,,,,,
,,,,,39913,11.0,11,,,,,,,,
,,,,,39916,3.0,3,,,,,,,,
,,,,,39935,19.0,19,,,,,,,,
,,,,,39938,3.0,3,,,,,,,,
,,,,,39944,6.0,6,,,,,,,,
,,,,,39950,6.0,6,,,,,,,,
,,,,,39957,7.0,7,,,,,,,,
,,,,,39962,5.0,5,,,,,,,,
,,,,,39972,10.0,10,,,,,,,,
,,,,,39975,3.0,3,,,,,,,,
,,,,,39982,7.0,7,,,,,,,,
,,,,,39987,5.0,5,,,,,,,,
,,,,,39994,7.0,7,,,,,,,,
4.7,1.4866068,7.0,3.0,4.7,40000,,,0.0539933405816555,0.5399333834648132,3.5180869102478027,4.521144866943359,4.436023712158203,0.0003,0.0003,0.1
,,,,,40004,10.0,10,,,,,,,,
,,,,,40013,9.0,9,,,,,,,,
,,,,,40020,7.0,7,,,,,,,,
,,,,,40023,3.0,3,,,,,,,,
,,,,,40029,6.0,6,,,,,,,,
,,,,,40032,3.0,3,,,,,,,,
,,,,,40039,7.0,7,,,,,,,,
,,,,,40045,6.0,6,,,,,,,,
,,,,,40049,4.0,4,,,,,,,,
,,,,,40060,11.0,11,,,,,,,,
,,,,,40063,3.0,3,,,,,,,,
,,,,,40068,5.0,5,,,,,,,,
,,,,,40075,7.0,7,,,,,,,,
,,,,,40079,4.0,4,,,,,,,,
,,,,,40083,4.0,4,,,,,,,,
,,,,,40086,3.0,3,,,,,,,,
,,,,,40089,3.0,3,,,,,,,,
,,,,,40097,8.0,8,,,,,,,,
,,,,,40101,4.0,4,,,,,,,,
,,,,,40113,12.0,12,,,,,,,,
,,,,,40120,7.0,7,,,,,,,,
,,,,,40130,10.0,10,,,,,,,,
,,,,,40135,5.0,5,,,,,,,,
,,,,,40139,4.0,4,,,,,,,,
,,,,,40150,11.0,11,,,,,,,,
,,,,,40155,5.0,5,,,,,,,,
,,,,,40165,10.0,10,,,,,,,,
,,,,,40171,6.0,6,,,,,,,,
,,,,,40175,4.0,4,,,,,,,,
,,,,,40179,4.0,4,,,,,,,,
,,,,,40182,3.0,3,,,,,,,,
,,,,,40192,10.0,10,,,,,,,,
,,,,,40197,5.0,5,,,,,,,,
,,,,,40202,5.0,5,,,,,,,,
,,,,,40208,6.0,6,,,,,,,,
,,,,,40213,5.0,5,,,,,,,,
,,,,,40218,5.0,5,,,,,,,,
,,,,,40222,4.0,4,,,,,,,,
,,,,,40226,4.0,4,,,,,,,,
,,,,,40229,3.0,3,,,,,,,,
,,,,,40240,11.0,11,,,,,,,,
,,,,,40245,5.0,5,,,,,,,,
,,,,,40248,3.0,3,,,,,,,,
,,,,,40252,4.0,4,,,,,,,,
,,,,,40260,8.0,8,,,,,,,,
,,,,,40272,12.0,12,,,,,,,,
,,,,,40275,3.0,3,,,,,,,,
,,,,,40278,3.0,3,,,,,,,,
,,,,,40282,4.0,4,,,,,,,,
,,,,,40286,4.0,4,,,,,,,,
,,,,,40291,5.0,5,,,,,,,,
,,,,,40295,4.0,4,,,,,,,,
,,,,,40300,5.0,5,,,,,,,,
,,,,,40303,3.0,3,,,,,,,,
,,,,,40307,4.0,4,,,,,,,,
,,,,,40310,3.0,3,,,,,,,,
,,,,,40316,6.0,6,,,,,,,,
,,,,,40321,5.0,5,,,,,,,,
,,,,,40329,8.0,8,,,,,,,,
,,,,,40333,4.0,4,,,,,,,,
,,,,,40338,5.0,5,,,,,,,,
,,,,,40343,5.0,5,,,,,,,,
,,,,,40347,4.0,4,,,,,,,,
,,,,,40351,4.0,4,,,,,,,,
,,,,,40354,3.0,3,,,,,,,,
,,,,,40359,5.0,5,,,,,,,,
,,,,,40366,7.0,7,,,,,,,,
,,,,,40374,8.0,8,,,,,,,,
,,,,,40385,11.0,11,,,,,,,,
,,,,,40389,4.0,4,,,,,,,,
,,,,,40399,10.0,10,,,,,,,,
,,,,,40402,3.0,3,,,,,,,,
,,,,,40410,8.0,8,,,,,,,,
,,,,,40413,3.0,3,,,,,,,,
,,,,,40422,9.0,9,,,,,,,,
,,,,,40425,3.0,3,,,,,,,,
,,,,,40428,3.0,3,,,,,,,,
,,,,,40435,7.0,7,,,,,,,,
,,,,,40440,5.0,5,,,,,,,,
,,,,,40453,13.0,13,,,,,,,,
,,,,,40456,3.0,3,,,,,,,,
,,,,,40460,4.0,4,,,,,,,,
,,,,,40463,3.0,3,,,,,,,,
,,,,,40467,4.0,4,,,,,,,,
,,,,,40470,3.0,3,,,,,,,,
,,,,,40473,3.0,3,,,,,,,,
,,,,,40478,5.0,5,,,,,,,,
,,,,,40481,3.0,3,,,,,,,,
,,,,,40484,3.0,3,,,,,,,,
,,,,,40487,3.0,3,,,,,,,,
,,,,,40490,3.0,3,,,,,,,,
,,,,,40493,3.0,3,,,,,,,,
,,,,,40496,3.0,3,,,,,,,,
,,,,,40499,3.0,3,,,,,,,,
,,,,,40504,5.0,5,,,,,,,,
,,,,,40507,3.0,3,,,,,,,,
,,,,,40510,3.0,3,,,,,,,,
,,,,,40514,4.0,4,,,,,,,,
,,,,,40518,4.0,4,,,,,,,,
,,,,,40521,3.0,3,,,,,,,,
,,,,,40524,3.0,3,,,,,,,,
,,,,,40530,6.0,6,,,,,,,,
,,,,,40537,7.0,7,,,,,,,,
,,,,,40540,3.0,3,,,,,,,,
,,,,,40543,3.0,3,,,,,,,,
,,,,,40547,4.0,4,,,,,,,,
,,,,,40551,4.0,4,,,,,,,,
,,,,,40555,4.0,4,,,,,,,,
,,,,,40558,3.0,3,,,,,,,,
,,,,,40562,4.0,4,,,,,,,,
,,,,,40568,6.0,6,,,,,,,,
,,,,,40574,6.0,6,,,,,,,,
,,,,,40578,4.0,4,,,,,,,,
,,,,,40582,4.0,4,,,,,,,,
,,,,,40587,5.0,5,,,,,,,,
,,,,,40590,3.0,3,,,,,,,,
,,,,,40603,13.0,13,,,,,,,,
,,,,,40606,3.0,3,,,,,,,,
,,,,,40613,7.0,7,,,,,,,,
,,,,,40617,4.0,4,,,,,,,,
,,,,,40622,5.0,5,,,,,,,,
,,,,,40628,6.0,6,,,,,,,,
,,,,,40631,3.0,3,,,,,,,,
,,,,,40634,3.0,3,,,,,,,,
,,,,,40639,5.0,5,,,,,,,,
,,,,,40644,5.0,5,,,,,,,,
,,,,,40647,3.0,3,,,,,,,,
,,,,,40650,3.0,3,,,,,,,,
,,,,,40653,3.0,3,,,,,,,,
,,,,,40657,4.0,4,,,,,,,,
,,,,,40661,4.0,4,,,,,,,,
,,,,,40664,3.0,3,,,,,,,,
,,,,,40667,3.0,3,,,,,,,,
,,,,,40677,10.0,10,,,,,,,,
,,,,,40683,6.0,6,,,,,,,,
,,,,,40686,3.0,3,,,,,,,,
,,,,,40694,8.0,8,,,,,,,,
,,,,,40699,5.0,5,,,,,,,,
,,,,,40702,3.0,3,,,,,,,,
,,,,,40705,3.0,3,,,,,,,,
,,,,,40708,3.0,3,,,,,,,,
,,,,,40711,3.0,3,,,,,,,,
,,,,,40714,3.0,3,,,,,,,,
,,,,,40717,3.0,3,,,,,,,,
,,,,,40721,4.0,4,,,,,,,,
,,,,,40724,3.0,3,,,,,,,,
,,,,,40728,4.0,4,,,,,,,,
,,,,,40732,4.0,4,,,,,,,,
,,,,,40735,3.0,3,,,,,,,,
,,,,,40739,4.0,4,,,,,,,,
,,,,,40742,3.0,3,,,,,,,,
,,,,,40745,3.0,3,,,,,,,,
,,,,,40748,3.0,3,,,,,,,,
,,,,,40752,4.0,4,,,,,,,,
,,,,,40755,3.0,3,,,,,,,,
,,,,,40758,3.0,3,,,,,,,,
,,,,,40761,3.0,3,,,,,,,,
,,,,,40767,6.0,6,,,,,,,,
,,,,,40776,9.0,9,,,,,,,,
,,,,,40779,3.0,3,,,,,,,,
,,,,,40782,3.0,3,,,,,,,,
,,,,,40785,3.0,3,,,,,,,,
,,,,,40788,3.0,3,,,,,,,,
,,,,,40791,3.0,3,,,,,,,,
,,,,,40794,3.0,3,,,,,,,,
,,,,,40797,3.0,3,,,,,,,,
,,,,,40802,5.0,5,,,,,,,,
,,,,,40805,3.0,3,,,,,,,,
,,,,,40816,11.0,11,,,,,,,,
,,,,,40819,3.0,3,,,,,,,,
,,,,,40822,3.0,3,,,,,,,,
,,,,,40825,3.0,3,,,,,,,,
,,,,,40828,3.0,3,,,,,,,,
,,,,,40831,3.0,3,,,,,,,,
,,,,,40839,8.0,8,,,,,,,,
,,,,,40842,3.0,3,,,,,,,,
,,,,,40845,3.0,3,,,,,,,,
,,,,,40848,3.0,3,,,,,,,,
,,,,,40851,3.0,3,,,,,,,,
,,,,,40854,3.0,3,,,,,,,,
,,,,,40857,3.0,3,,,,,,,,
,,,,,40861,4.0,4,,,,,,,,
,,,,,40864,3.0,3,,,,,,,,
,,,,,40867,3.0,3,,,,,,,,
,,,,,40870,3.0,3,,,,,,,,
,,,,,40873,3.0,3,,,,,,,,
,,,,,40876,3.0,3,,,,,,,,
,,,,,40879,3.0,3,,,,,,,,
,,,,,40882,3.0,3,,,,,,,,
,,,,,40885,3.0,3,,,,,,,,
,,,,,40888,3.0,3,,,,,,,,
,,,,,40891,3.0,3,,,,,,,,
,,,,,40894,3.0,3,,,,,,,,
,,,,,40900,6.0,6,,,,,,,,
,,,,,40903,3.0,3,,,,,,,,
,,,,,40906,3.0,3,,,,,,,,
,,,,,40911,5.0,5,,,,,,,,
,,,,,40914,3.0,3,,,,,,,,
,,,,,40917,3.0,3,,,,,,,,
,,,,,40920,3.0,3,,,,,,,,
,,,,,40924,4.0,4,,,,,,,,
,,,,,40927,3.0,3,,,,,,,,
,,,,,40930,3.0,3,,,,,,,,
,,,,,40933,3.0,3,,,,,,,,
,,,,,40936,3.0,3,,,,,,,,
,,,,,40939,3.0,3,,,,,,,,
,,,,,40942,3.0,3,,,,,,,,
,,,,,40946,4.0,4,,,,,,,,
,,,,,40950,4.0,4,,,,,,,,
,,,,,40955,5.0,5,,,,,,,,
,,,,,40958,3.0,3,,,,,,,,
,,,,,40963,5.0,5,,,,,,,,
,,,,,40966,3.0,3,,,,,,,,
,,,,,40969,3.0,3,,,,,,,,
,,,,,40974,5.0,5,,,,,,,,
,,,,,40977,3.0,3,,,,,,,,
,,,,,40981,4.0,4,,,,,,,,
,,,,,40987,6.0,6,,,,,,,,
,,,,,40990,3.0,3,,,,,,,,
,,,,,40993,3.0,3,,,,,,,,
,,,,,40998,5.0,5,,,,,,,,
,,,,,41000,,,0.03406832367181778,0.3406832218170166,1.4926689863204956,3.6829721927642822,3.637652635574341,0.0003,0.0003,0.1
,,,,,41002,4.0,4,,,,,,,,
,,,,,41006,4.0,4,,,,,,,,
,,,,,41009,3.0,3,,,,,,,,
,,,,,41012,3.0,3,,,,,,,,
,,,,,41016,4.0,4,,,,,,,,
,,,,,41020,4.0,4,,,,,,,,
,,,,,41023,3.0,3,,,,,,,,
,,,,,41026,3.0,3,,,,,,,,
,,,,,41029,3.0,3,,,,,,,,
,,,,,41032,3.0,3,,,,,,,,
,,,,,41035,3.0,3,,,,,,,,
,,,,,41038,3.0,3,,,,,,,,
,,,,,41041,3.0,3,,,,,,,,
,,,,,41045,4.0,4,,,,,,,,
,,,,,41048,3.0,3,,,,,,,,
,,,,,41051,3.0,3,,,,,,,,
,,,,,41055,4.0,4,,,,,,,,
,,,,,41058,3.0,3,,,,,,,,
,,,,,41061,3.0,3,,,,,,,,
,,,,,41064,3.0,3,,,,,,,,
,,,,,41068,4.0,4,,,,,,,,
,,,,,41071,3.0,3,,,,,,,,
,,,,,41074,3.0,3,,,,,,,,
,,,,,41077,3.0,3,,,,,,,,
,,,,,41080,3.0,3,,,,,,,,
,,,,,41083,3.0,3,,,,,,,,
,,,,,41086,3.0,3,,,,,,,,
,,,,,41091,5.0,5,,,,,,,,
,,,,,41094,3.0,3,,,,,,,,
,,,,,41097,3.0,3,,,,,,,,
,,,,,41100,3.0,3,,,,,,,,
,,,,,41104,4.0,4,,,,,,,,
,,,,,41107,3.0,3,,,,,,,,
,,,,,41110,3.0,3,,,,,,,,
,,,,,41115,5.0,5,,,,,,,,
,,,,,41123,8.0,8,,,,,,,,
,,,,,41126,3.0,3,,,,,,,,
,,,,,41129,3.0,3,,,,,,,,
,,,,,41132,3.0,3,,,,,,,,
,,,,,41135,3.0,3,,,,,,,,
,,,,,41138,3.0,3,,,,,,,,
,,,,,41141,3.0,3,,,,,,,,
,,,,,41145,4.0,4,,,,,,,,
,,,,,41148,3.0,3,,,,,,,,
,,,,,41151,3.0,3,,,,,,,,
,,,,,41154,3.0,3,,,,,,,,
,,,,,41157,3.0,3,,,,,,,,
,,,,,41160,3.0,3,,,,,,,,
,,,,,41163,3.0,3,,,,,,,,
,,,,,41167,4.0,4,,,,,,,,
,,,,,41172,5.0,5,,,,,,,,
,,,,,41175,3.0,3,,,,,,,,
,,,,,41178,3.0,3,,,,,,,,
,,,,,41181,3.0,3,,,,,,,,
,,,,,41184,3.0,3,,,,,,,,
,,,,,41187,3.0,3,,,,,,,,
,,,,,41192,5.0,5,,,,,,,,
,,,,,41195,3.0,3,,,,,,,,
,,,,,41198,3.0,3,,,,,,,,
,,,,,41204,6.0,6,,,,,,,,
,,,,,41207,3.0,3,,,,,,,,
,,,,,41212,5.0,5,,,,,,,,
,,,,,41215,3.0,3,,,,,,,,
,,,,,41218,3.0,3,,,,,,,,
,,,,,41221,3.0,3,,,,,,,,
,,,,,41225,4.0,4,,,,,,,,
,,,,,41228,3.0,3,,,,,,,,
,,,,,41231,3.0,3,,,,,,,,
,,,,,41234,3.0,3,,,,,,,,
,,,,,41237,3.0,3,,,,,,,,
,,,,,41240,3.0,3,,,,,,,,
,,,,,41243,3.0,3,,,,,,,,
,,,,,41246,3.0,3,,,,,,,,
,,,,,41249,3.0,3,,,,,,,,
,,,,,41252,3.0,3,,,,,,,,
,,,,,41255,3.0,3,,,,,,,,
,,,,,41258,3.0,3,,,,,,,,
,,,,,41261,3.0,3,,,,,,,,
,,,,,41265,4.0,4,,,,,,,,
,,,,,41268,3.0,3,,,,,,,,
,,,,,41271,3.0,3,,,,,,,,
,,,,,41277,6.0,6,,,,,,,,
,,,,,41282,5.0,5,,,,,,,,
,,,,,41285,3.0,3,,,,,,,,
,,,,,41288,3.0,3,,,,,,,,
,,,,,41291,3.0,3,,,,,,,,
,,,,,41294,3.0,3,,,,,,,,
,,,,,41297,3.0,3,,,,,,,,
,,,,,41300,3.0,3,,,,,,,,
,,,,,41303,3.0,3,,,,,,,,
,,,,,41306,3.0,3,,,,,,,,
,,,,,41310,4.0,4,,,,,,,,
,,,,,41314,4.0,4,,,,,,,,
,,,,,41317,3.0,3,,,,,,,,
,,,,,41320,3.0,3,,,,,,,,
,,,,,41323,3.0,3,,,,,,,,
,,,,,41326,3.0,3,,,,,,,,
,,,,,41329,3.0,3,,,,,,,,
,,,,,41336,7.0,7,,,,,,,,
,,,,,41339,3.0,3,,,,,,,,
,,,,,41342,3.0,3,,,,,,,,
,,,,,41345,3.0,3,,,,,,,,
,,,,,41350,5.0,5,,,,,,,,
,,,,,41353,3.0,3,,,,,,,,
,,,,,41356,3.0,3,,,,,,,,
,,,,,41359,3.0,3,,,,,,,,
,,,,,41362,3.0,3,,,,,,,,
,,,,,41365,3.0,3,,,,,,,,
,,,,,41370,5.0,5,,,,,,,,
,,,,,41373,3.0,3,,,,,,,,
,,,,,41377,4.0,4,,,,,,,,
,,,,,41381,4.0,4,,,,,,,,
,,,,,41384,3.0,3,,,,,,,,
,,,,,41387,3.0,3,,,,,,,,
,,,,,41390,3.0,3,,,,,,,,
,,,,,41393,3.0,3,,,,,,,,
,,,,,41396,3.0,3,,,,,,,,
,,,,,41402,6.0,6,,,,,,,,
,,,,,41405,3.0,3,,,,,,,,
,,,,,41408,3.0,3,,,,,,,,
,,,,,41411,3.0,3,,,,,,,,
,,,,,41414,3.0,3,,,,,,,,
,,,,,41420,6.0,6,,,,,,,,
,,,,,41425,5.0,5,,,,,,,,
,,,,,41428,3.0,3,,,,,,,,
,,,,,41431,3.0,3,,,,,,,,
,,,,,41434,3.0,3,,,,,,,,
,,,,,41437,3.0,3,,,,,,,,
,,,,,41440,3.0,3,,,,,,,,
,,,,,41445,5.0,5,,,,,,,,
,,,,,41450,5.0,5,,,,,,,,
,,,,,41453,3.0,3,,,,,,,,
,,,,,41459,6.0,6,,,,,,,,
,,,,,41462,3.0,3,,,,,,,,
,,,,,41465,3.0,3,,,,,,,,
,,,,,41468,3.0,3,,,,,,,,
,,,,,41471,3.0,3,,,,,,,,
,,,,,41474,3.0,3,,,,,,,,
,,,,,41479,5.0,5,,,,,,,,
,,,,,41485,6.0,6,,,,,,,,
,,,,,41488,3.0,3,,,,,,,,
,,,,,41491,3.0,3,,,,,,,,
,,,,,41494,3.0,3,,,,,,,,
,,,,,41497,3.0,3,,,,,,,,
,,,,,41500,3.0,3,,,,,,,,
,,,,,41503,3.0,3,,,,,,,,
,,,,,41506,3.0,3,,,,,,,,
,,,,,41509,3.0,3,,,,,,,,
,,,,,41513,4.0,4,,,,,,,,
,,,,,41517,4.0,4,,,,,,,,
,,,,,41520,3.0,3,,,,,,,,
,,,,,41523,3.0,3,,,,,,,,
,,,,,41529,6.0,6,,,,,,,,
,,,,,41532,3.0,3,,,,,,,,
,,,,,41535,3.0,3,,,,,,,,
,,,,,41538,3.0,3,,,,,,,,
,,,,,41541,3.0,3,,,,,,,,
,,,,,41544,3.0,3,,,,,,,,
,,,,,41547,3.0,3,,,,,,,,
,,,,,41551,4.0,4,,,,,,,,
,,,,,41554,3.0,3,,,,,,,,
,,,,,41559,5.0,5,,,,,,,,
,,,,,41562,3.0,3,,,,,,,,
,,,,,41565,3.0,3,,,,,,,,
,,,,,41570,5.0,5,,,,,,,,
,,,,,41574,4.0,4,,,,,,,,
,,,,,41577,3.0,3,,,,,,,,
,,,,,41580,3.0,3,,,,,,,,
,,,,,41585,5.0,5,,,,,,,,
,,,,,41588,3.0,3,,,,,,,,
,,,,,41591,3.0,3,,,,,,,,
,,,,,41594,3.0,3,,,,,,,,
,,,,,41597,3.0,3,,,,,,,,
,,,,,41600,3.0,3,,,,,,,,
,,,,,41603,3.0,3,,,,,,,,
,,,,,41606,3.0,3,,,,,,,,
,,,,,41609,3.0,3,,,,,,,,
,,,,,41612,3.0,3,,,,,,,,
,,,,,41615,3.0,3,,,,,,,,
,,,,,41618,3.0,3,,,,,,,,
,,,,,41623,5.0,5,,,,,,,,
,,,,,41626,3.0,3,,,,,,,,
,,,,,41632,6.0,6,,,,,,,,
,,,,,41635,3.0,3,,,,,,,,
,,,,,41638,3.0,3,,,,,,,,
,,,,,41641,3.0,3,,,,,,,,
,,,,,41644,3.0,3,,,,,,,,
,,,,,41647,3.0,3,,,,,,,,
,,,,,41650,3.0,3,,,,,,,,
,,,,,41653,3.0,3,,,,,,,,
,,,,,41657,4.0,4,,,,,,,,
,,,,,41660,3.0,3,,,,,,,,
,,,,,41663,3.0,3,,,,,,,,
,,,,,41666,3.0,3,,,,,,,,
,,,,,41669,3.0,3,,,,,,,,
,,,,,41672,3.0,3,,,,,,,,
,,,,,41675,3.0,3,,,,,,,,
,,,,,41678,3.0,3,,,,,,,,
,,,,,41681,3.0,3,,,,,,,,
,,,,,41684,3.0,3,,,,,,,,
,,,,,41689,5.0,5,,,,,,,,
,,,,,41692,3.0,3,,,,,,,,
,,,,,41695,3.0,3,,,,,,,,
,,,,,41699,4.0,4,,,,,,,,
,,,,,41703,4.0,4,,,,,,,,
,,,,,41706,3.0,3,,,,,,,,
,,,,,41711,5.0,5,,,,,,,,
,,,,,41714,3.0,3,,,,,,,,
,,,,,41717,3.0,3,,,,,,,,
,,,,,41720,3.0,3,,,,,,,,
,,,,,41724,4.0,4,,,,,,,,
,,,,,41727,3.0,3,,,,,,,,
,,,,,41734,7.0,7,,,,,,,,
,,,,,41737,3.0,3,,,,,,,,
,,,,,41740,3.0,3,,,,,,,,
,,,,,41743,3.0,3,,,,,,,,
,,,,,41746,3.0,3,,,,,,,,
,,,,,41749,3.0,3,,,,,,,,
,,,,,41752,3.0,3,,,,,,,,
,,,,,41755,3.0,3,,,,,,,,
,,,,,41758,3.0,3,,,,,,,,
,,,,,41761,3.0,3,,,,,,,,
,,,,,41764,3.0,3,,,,,,,,
,,,,,41767,3.0,3,,,,,,,,
,,,,,41770,3.0,3,,,,,,,,
,,,,,41773,3.0,3,,,,,,,,
,,,,,41776,3.0,3,,,,,,,,
,,,,,41779,3.0,3,,,,,,,,
,,,,,41784,5.0,5,,,,,,,,
,,,,,41787,3.0,3,,,,,,,,
,,,,,41791,4.0,4,,,,,,,,
,,,,,41794,3.0,3,,,,,,,,
,,,,,41799,5.0,5,,,,,,,,
,,,,,41802,3.0,3,,,,,,,,
,,,,,41805,3.0,3,,,,,,,,
,,,,,41808,3.0,3,,,,,,,,
,,,,,41811,3.0,3,,,,,,,,
,,,,,41814,3.0,3,,,,,,,,
,,,,,41817,3.0,3,,,,,,,,
,,,,,41820,3.0,3,,,,,,,,
,,,,,41825,5.0,5,,,,,,,,
,,,,,41828,3.0,3,,,,,,,,
,,,,,41831,3.0,3,,,,,,,,
,,,,,41835,4.0,4,,,,,,,,
,,,,,41838,3.0,3,,,,,,,,
,,,,,41841,3.0,3,,,,,,,,
,,,,,41844,3.0,3,,,,,,,,
,,,,,41847,3.0,3,,,,,,,,
,,,,,41850,3.0,3,,,,,,,,
,,,,,41853,3.0,3,,,,,,,,
,,,,,41856,3.0,3,,,,,,,,
,,,,,41859,3.0,3,,,,,,,,
,,,,,41862,3.0,3,,,,,,,,
,,,,,41865,3.0,3,,,,,,,,
,,,,,41868,3.0,3,,,,,,,,
,,,,,41871,3.0,3,,,,,,,,
,,,,,41874,3.0,3,,,,,,,,
,,,,,41877,3.0,3,,,,,,,,
,,,,,41880,3.0,3,,,,,,,,
,,,,,41883,3.0,3,,,,,,,,
,,,,,41886,3.0,3,,,,,,,,
,,,,,41889,3.0,3,,,,,,,,
,,,,,41893,4.0,4,,,,,,,,
,,,,,41897,4.0,4,,,,,,,,
,,,,,41900,3.0,3,,,,,,,,
,,,,,41904,4.0,4,,,,,,,,
,,,,,41907,3.0,3,,,,,,,,
,,,,,41910,3.0,3,,,,,,,,
,,,,,41913,3.0,3,,,,,,,,
,,,,,41917,4.0,4,,,,,,,,
,,,,,41920,3.0,3,,,,,,,,
,,,,,41923,3.0,3,,,,,,,,
,,,,,41926,3.0,3,,,,,,,,
,,,,,41929,3.0,3,,,,,,,,
,,,,,41932,3.0,3,,,,,,,,
,,,,,41937,5.0,5,,,,,,,,
,,,,,41940,3.0,3,,,,,,,,
,,,,,41947,7.0,7,,,,,,,,
,,,,,41950,3.0,3,,,,,,,,
,,,,,41953,3.0,3,,,,,,,,
,,,,,41957,4.0,4,,,,,,,,
,,,,,41960,3.0,3,,,,,,,,
,,,,,41963,3.0,3,,,,,,,,
,,,,,41966,3.0,3,,,,,,,,
,,,,,41969,3.0,3,,,,,,,,
,,,,,41972,3.0,3,,,,,,,,
,,,,,41979,7.0,7,,,,,,,,
,,,,,41982,3.0,3,,,,,,,,
,,,,,41985,3.0,3,,,,,,,,
,,,,,41988,3.0,3,,,,,,,,
,,,,,41991,3.0,3,,,,,,,,
,,,,,41999,8.0,8,,,,,,,,
,,,,,42000,,,-0.0029558129608631134,-0.029558129608631134,0.6862478852272034,2.994615077972412,3.0587265491485596,0.0003,0.0003,0.1
,,,,,42003,4.0,4,,,,,,,,
,,,,,42006,3.0,3,,,,,,,,
,,,,,42009,3.0,3,,,,,,,,
,,,,,42013,4.0,4,,,,,,,,
,,,,,42016,3.0,3,,,,,,,,
,,,,,42019,3.0,3,,,,,,,,
,,,,,42022,3.0,3,,,,,,,,
,,,,,42025,3.0,3,,,,,,,,
,,,,,42028,3.0,3,,,,,,,,
,,,,,42031,3.0,3,,,,,,,,
,,,,,42034,3.0,3,,,,,,,,
,,,,,42037,3.0,3,,,,,,,,
,,,,,42040,3.0,3,,,,,,,,
,,,,,42044,4.0,4,,,,,,,,
,,,,,42048,4.0,4,,,,,,,,
,,,,,42051,3.0,3,,,,,,,,
,,,,,42054,3.0,3,,,,,,,,
,,,,,42057,3.0,3,,,,,,,,
,,,,,42061,4.0,4,,,,,,,,
,,,,,42064,3.0,3,,,,,,,,
,,,,,42067,3.0,3,,,,,,,,
,,,,,42074,7.0,7,,,,,,,,
,,,,,42077,3.0,3,,,,,,,,
,,,,,42080,3.0,3,,,,,,,,
,,,,,42083,3.0,3,,,,,,,,
,,,,,42086,3.0,3,,,,,,,,
,,,,,42092,6.0,6,,,,,,,,
,,,,,42095,3.0,3,,,,,,,,
,,,,,42098,3.0,3,,,,,,,,
,,,,,42101,3.0,3,,,,,,,,
,,,,,42104,3.0,3,,,,,,,,
,,,,,42108,4.0,4,,,,,,,,
,,,,,42111,3.0,3,,,,,,,,
,,,,,42114,3.0,3,,,,,,,,
,,,,,42119,5.0,5,,,,,,,,
,,,,,42122,3.0,3,,,,,,,,
,,,,,42125,3.0,3,,,,,,,,
,,,,,42128,3.0,3,,,,,,,,
,,,,,42132,4.0,4,,,,,,,,
,,,,,42135,3.0,3,,,,,,,,
,,,,,42138,3.0,3,,,,,,,,
,,,,,42142,4.0,4,,,,,,,,
,,,,,42146,4.0,4,,,,,,,,
,,,,,42150,4.0,4,,,,,,,,
,,,,,42153,3.0,3,,,,,,,,
,,,,,42156,3.0,3,,,,,,,,
,,,,,42159,3.0,3,,,,,,,,
,,,,,42162,3.0,3,,,,,,,,
,,,,,42165,3.0,3,,,,,,,,
,,,,,42169,4.0,4,,,,,,,,
,,,,,42173,4.0,4,,,,,,,,
,,,,,42176,3.0,3,,,,,,,,
,,,,,42179,3.0,3,,,,,,,,
,,,,,42182,3.0,3,,,,,,,,
,,,,,42186,4.0,4,,,,,,,,
,,,,,42189,3.0,3,,,,,,,,
,,,,,42192,3.0,3,,,,,,,,
,,,,,42195,3.0,3,,,,,,,,
,,,,,42198,3.0,3,,,,,,,,
,,,,,42201,3.0,3,,,,,,,,
,,,,,42205,4.0,4,,,,,,,,
,,,,,42208,3.0,3,,,,,,,,
,,,,,42211,3.0,3,,,,,,,,
,,,,,42214,3.0,3,,,,,,,,
,,,,,42217,3.0,3,,,,,,,,
,,,,,42221,4.0,4,,,,,,,,
,,,,,42224,3.0,3,,,,,,,,
,,,,,42227,3.0,3,,,,,,,,
,,,,,42230,3.0,3,,,,,,,,
,,,,,42233,3.0,3,,,,,,,,
,,,,,42236,3.0,3,,,,,,,,
,,,,,42239,3.0,3,,,,,,,,
,,,,,42245,6.0,6,,,,,,,,
,,,,,42248,3.0,3,,,,,,,,
,,,,,42252,4.0,4,,,,,,,,
,,,,,42255,3.0,3,,,,,,,,
,,,,,42258,3.0,3,,,,,,,,
,,,,,42261,3.0,3,,,,,,,,
,,,,,42264,3.0,3,,,,,,,,
,,,,,42268,4.0,4,,,,,,,,
,,,,,42271,3.0,3,,,,,,,,
,,,,,42275,4.0,4,,,,,,,,
,,,,,42278,3.0,3,,,,,,,,
,,,,,42281,3.0,3,,,,,,,,
,,,,,42284,3.0,3,,,,,,,,
,,,,,42287,3.0,3,,,,,,,,
,,,,,42290,3.0,3,,,,,,,,
,,,,,42293,3.0,3,,,,,,,,
,,,,,42296,3.0,3,,,,,,,,
,,,,,42299,3.0,3,,,,,,,,
,,,,,42302,3.0,3,,,,,,,,
,,,,,42305,3.0,3,,,,,,,,
,,,,,42308,3.0,3,,,,,,,,
,,,,,42311,3.0,3,,,,,,,,
,,,,,42315,4.0,4,,,,,,,,
,,,,,42318,3.0,3,,,,,,,,
,,,,,42321,3.0,3,,,,,,,,
,,,,,42324,3.0,3,,,,,,,,
,,,,,42327,3.0,3,,,,,,,,
,,,,,42331,4.0,4,,,,,,,,
,,,,,42334,3.0,3,,,,,,,,
,,,,,42337,3.0,3,,,,,,,,
,,,,,42341,4.0,4,,,,,,,,
,,,,,42344,3.0,3,,,,,,,,
,,,,,42347,3.0,3,,,,,,,,
,,,,,42350,3.0,3,,,,,,,,
,,,,,42353,3.0,3,,,,,,,,
,,,,,42356,3.0,3,,,,,,,,
,,,,,42359,3.0,3,,,,,,,,
,,,,,42362,3.0,3,,,,,,,,
,,,,,42365,3.0,3,,,,,,,,
,,,,,42368,3.0,3,,,,,,,,
,,,,,42371,3.0,3,,,,,,,,
,,,,,42374,3.0,3,,,,,,,,
,,,,,42377,3.0,3,,,,,,,,
,,,,,42381,4.0,4,,,,,,,,
,,,,,42384,3.0,3,,,,,,,,
,,,,,42387,3.0,3,,,,,,,,
,,,,,42390,3.0,3,,,,,,,,
,,,,,42393,3.0,3,,,,,,,,
,,,,,42396,3.0,3,,,,,,,,
,,,,,42399,3.0,3,,,,,,,,
,,,,,42402,3.0,3,,,,,,,,
,,,,,42405,3.0,3,,,,,,,,
,,,,,42408,3.0,3,,,,,,,,
,,,,,42412,4.0,4,,,,,,,,
,,,,,42416,4.0,4,,,,,,,,
,,,,,42419,3.0,3,,,,,,,,
,,,,,42422,3.0,3,,,,,,,,
,,,,,42425,3.0,3,,,,,,,,
,,,,,42428,3.0,3,,,,,,,,
,,,,,42432,4.0,4,,,,,,,,
,,,,,42435,3.0,3,,,,,,,,
,,,,,42438,3.0,3,,,,,,,,
,,,,,42441,3.0,3,,,,,,,,
,,,,,42444,3.0,3,,,,,,,,
,,,,,42447,3.0,3,,,,,,,,
,,,,,42451,4.0,4,,,,,,,,
,,,,,42454,3.0,3,,,,,,,,
,,,,,42457,3.0,3,,,,,,,,
,,,,,42460,3.0,3,,,,,,,,
,,,,,42463,3.0,3,,,,,,,,
,,,,,42466,3.0,3,,,,,,,,
,,,,,42470,4.0,4,,,,,,,,
,,,,,42473,3.0,3,,,,,,,,
,,,,,42476,3.0,3,,,,,,,,
,,,,,42479,3.0,3,,,,,,,,
,,,,,42482,3.0,3,,,,,,,,
,,,,,42486,4.0,4,,,,,,,,
,,,,,42489,3.0,3,,,,,,,,
,,,,,42493,4.0,4,,,,,,,,
,,,,,42496,3.0,3,,,,,,,,
,,,,,42499,3.0,3,,,,,,,,
,,,,,42502,3.0,3,,,,,,,,
,,,,,42505,3.0,3,,,,,,,,
,,,,,42508,3.0,3,,,,,,,,
,,,,,42511,3.0,3,,,,,,,,
,,,,,42514,3.0,3,,,,,,,,
,,,,,42517,3.0,3,,,,,,,,
,,,,,42521,4.0,4,,,,,,,,
,,,,,42524,3.0,3,,,,,,,,
,,,,,42527,3.0,3,,,,,,,,
,,,,,42530,3.0,3,,,,,,,,
,,,,,42533,3.0,3,,,,,,,,
,,,,,42537,4.0,4,,,,,,,,
,,,,,42540,3.0,3,,,,,,,,
,,,,,42543,3.0,3,,,,,,,,
,,,,,42548,5.0,5,,,,,,,,
,,,,,42551,3.0,3,,,,,,,,
,,,,,42554,3.0,3,,,,,,,,
,,,,,42557,3.0,3,,,,,,,,
,,,,,42560,3.0,3,,,,,,,,
,,,,,42563,3.0,3,,,,,,,,
,,,,,42566,3.0,3,,,,,,,,
,,,,,42570,4.0,4,,,,,,,,
,,,,,42573,3.0,3,,,,,,,,
,,,,,42576,3.0,3,,,,,,,,
,,,,,42579,3.0,3,,,,,,,,
,,,,,42582,3.0,3,,,,,,,,
,,,,,42585,3.0,3,,,,,,,,
,,,,,42588,3.0,3,,,,,,,,
,,,,,42591,3.0,3,,,,,,,,
,,,,,42594,3.0,3,,,,,,,,
,,,,,42599,5.0,5,,,,,,,,
,,,,,42602,3.0,3,,,,,,,,
,,,,,42605,3.0,3,,,,,,,,
,,,,,42608,3.0,3,,,,,,,,
,,,,,42611,3.0,3,,,,,,,,
,,,,,42614,3.0,3,,,,,,,,
,,,,,42617,3.0,3,,,,,,,,
,,,,,42620,3.0,3,,,,,,,,
,,,,,42623,3.0,3,,,,,,,,
,,,,,42626,3.0,3,,,,,,,,
,,,,,42629,3.0,3,,,,,,,,
,,,,,42632,3.0,3,,,,,,,,
,,,,,42635,3.0,3,,,,,,,,
,,,,,42638,3.0,3,,,,,,,,
,,,,,42641,3.0,3,,,,,,,,
,,,,,42644,3.0,3,,,,,,,,
,,,,,42647,3.0,3,,,,,,,,
,,,,,42650,3.0,3,,,,,,,,
,,,,,42653,3.0,3,,,,,,,,
,,,,,42656,3.0,3,,,,,,,,
,,,,,42659,3.0,3,,,,,,,,
,,,,,42662,3.0,3,,,,,,,,
,,,,,42665,3.0,3,,,,,,,,
,,,,,42668,3.0,3,,,,,,,,
,,,,,42671,3.0,3,,,,,,,,
,,,,,42674,3.0,3,,,,,,,,
,,,,,42677,3.0,3,,,,,,,,
,,,,,42680,3.0,3,,,,,,,,
,,,,,42683,3.0,3,,,,,,,,
,,,,,42687,4.0,4,,,,,,,,
,,,,,42690,3.0,3,,,,,,,,
,,,,,42693,3.0,3,,,,,,,,
,,,,,42696,3.0,3,,,,,,,,
,,,,,42699,3.0,3,,,,,,,,
,,,,,42702,3.0,3,,,,,,,,
,,,,,42705,3.0,3,,,,,,,,
,,,,,42708,3.0,3,,,,,,,,
,,,,,42711,3.0,3,,,,,,,,
,,,,,42714,3.0,3,,,,,,,,
,,,,,42717,3.0,3,,,,,,,,
,,,,,42721,4.0,4,,,,,,,,
,,,,,42724,3.0,3,,,,,,,,
,,,,,42727,3.0,3,,,,,,,,
,,,,,42730,3.0,3,,,,,,,,
,,,,,42733,3.0,3,,,,,,,,
,,,,,42736,3.0,3,,,,,,,,
,,,,,42739,3.0,3,,,,,,,,
,,,,,42742,3.0,3,,,,,,,,
,,,,,42745,3.0,3,,,,,,,,
,,,,,42749,4.0,4,,,,,,,,
,,,,,42752,3.0,3,,,,,,,,
,,,,,42755,3.0,3,,,,,,,,
,,,,,42759,4.0,4,,,,,,,,
,,,,,42762,3.0,3,,,,,,,,
,,,,,42765,3.0,3,,,,,,,,
,,,,,42769,4.0,4,,,,,,,,
,,,,,42772,3.0,3,,,,,,,,
,,,,,42775,3.0,3,,,,,,,,
,,,,,42778,3.0,3,,,,,,,,
,,,,,42781,3.0,3,,,,,,,,
,,,,,42784,3.0,3,,,,,,,,
,,,,,42787,3.0,3,,,,,,,,
,,,,,42790,3.0,3,,,,,,,,
,,,,,42793,3.0,3,,,,,,,,
,,,,,42796,3.0,3,,,,,,,,
,,,,,42800,4.0,4,,,,,,,,
,,,,,42803,3.0,3,,,,,,,,
,,,,,42806,3.0,3,,,,,,,,
,,,,,42809,3.0,3,,,,,,,,
,,,,,42812,3.0,3,,,,,,,,
,,,,,42815,3.0,3,,,,,,,,
,,,,,42818,3.0,3,,,,,,,,
,,,,,42821,3.0,3,,,,,,,,
,,,,,42824,3.0,3,,,,,,,,
,,,,,42827,3.0,3,,,,,,,,
,,,,,42830,3.0,3,,,,,,,,
,,,,,42833,3.0,3,,,,,,,,
,,,,,42836,3.0,3,,,,,,,,
,,,,,42839,3.0,3,,,,,,,,
,,,,,42842,3.0,3,,,,,,,,
,,,,,42845,3.0,3,,,,,,,,
,,,,,42848,3.0,3,,,,,,,,
,,,,,42851,3.0,3,,,,,,,,
,,,,,42854,3.0,3,,,,,,,,
,,,,,42859,5.0,5,,,,,,,,
,,,,,42863,4.0,4,,,,,,,,
,,,,,42866,3.0,3,,,,,,,,
,,,,,42870,4.0,4,,,,,,,,
,,,,,42874,4.0,4,,,,,,,,
,,,,,42877,3.0,3,,,,,,,,
,,,,,42881,4.0,4,,,,,,,,
,,,,,42884,3.0,3,,,,,,,,
,,,,,42888,4.0,4,,,,,,,,
,,,,,42891,3.0,3,,,,,,,,
,,,,,42894,3.0,3,,,,,,,,
,,,,,42897,3.0,3,,,,,,,,
,,,,,42900,3.0,3,,,,,,,,
,,,,,42903,3.0,3,,,,,,,,
,,,,,42906,3.0,3,,,,,,,,
,,,,,42909,3.0,3,,,,,,,,
,,,,,42912,3.0,3,,,,,,,,
,,,,,42915,3.0,3,,,,,,,,
,,,,,42918,3.0,3,,,,,,,,
,,,,,42921,3.0,3,,,,,,,,
,,,,,42924,3.0,3,,,,,,,,
,,,,,42927,3.0,3,,,,,,,,
,,,,,42930,3.0,3,,,,,,,,
,,,,,42935,5.0,5,,,,,,,,
,,,,,42938,3.0,3,,,,,,,,
,,,,,42941,3.0,3,,,,,,,,
,,,,,42944,3.0,3,,,,,,,,
,,,,,42947,3.0,3,,,,,,,,
,,,,,42950,3.0,3,,,,,,,,
,,,,,42953,3.0,3,,,,,,,,
,,,,,42956,3.0,3,,,,,,,,
,,,,,42959,3.0,3,,,,,,,,
,,,,,42962,3.0,3,,,,,,,,
,,,,,42965,3.0,3,,,,,,,,
,,,,,42968,3.0,3,,,,,,,,
,,,,,42971,3.0,3,,,,,,,,
,,,,,42974,3.0,3,,,,,,,,
,,,,,42977,3.0,3,,,,,,,,
,,,,,42980,3.0,3,,,,,,,,
,,,,,42983,3.0,3,,,,,,,,
,,,,,42986,3.0,3,,,,,,,,
,,,,,42989,3.0,3,,,,,,,,
,,,,,42992,3.0,3,,,,,,,,
,,,,,42995,3.0,3,,,,,,,,
,,,,,42998,3.0,3,,,,,,,,
,,,,,43000,,,-0.09514584392309189,-0.9514584541320801,0.3428434133529663,2.4677696228027344,2.390158176422119,0.0003,0.0003,0.1
,,,,,43001,3.0,3,,,,,,,,
,,,,,43004,3.0,3,,,,,,,,
,,,,,43007,3.0,3,,,,,,,,
,,,,,43010,3.0,3,,,,,,,,
,,,,,43013,3.0,3,,,,,,,,
,,,,,43017,4.0,4,,,,,,,,
,,,,,43020,3.0,3,,,,,,,,
,,,,,43023,3.0,3,,,,,,,,
,,,,,43026,3.0,3,,,,,,,,
,,,,,43029,3.0,3,,,,,,,,
,,,,,43032,3.0,3,,,,,,,,
,,,,,43035,3.0,3,,,,,,,,
,,,,,43038,3.0,3,,,,,,,,
,,,,,43041,3.0,3,,,,,,,,
,,,,,43044,3.0,3,,,,,,,,
,,,,,43047,3.0,3,,,,,,,,
,,,,,43050,3.0,3,,,,,,,,
,,,,,43053,3.0,3,,,,,,,,
,,,,,43056,3.0,3,,,,,,,,
,,,,,43059,3.0,3,,,,,,,,
,,,,,43062,3.0,3,,,,,,,,
,,,,,43065,3.0,3,,,,,,,,
,,,,,43068,3.0,3,,,,,,,,
,,,,,43071,3.0,3,,,,,,,,
,,,,,43074,3.0,3,,,,,,,,
,,,,,43077,3.0,3,,,,,,,,
,,,,,43081,4.0,4,,,,,,,,
,,,,,43084,3.0,3,,,,,,,,
,,,,,43087,3.0,3,,,,,,,,
,,,,,43090,3.0,3,,,,,,,,
,,,,,43093,3.0,3,,,,,,,,
,,,,,43096,3.0,3,,,,,,,,
,,,,,43099,3.0,3,,,,,,,,
,,,,,43102,3.0,3,,,,,,,,
,,,,,43105,3.0,3,,,,,,,,
,,,,,43108,3.0,3,,,,,,,,
,,,,,43111,3.0,3,,,,,,,,
,,,,,43114,3.0,3,,,,,,,,
,,,,,43117,3.0,3,,,,,,,,
,,,,,43120,3.0,3,,,,,,,,
,,,,,43123,3.0,3,,,,,,,,
,,,,,43126,3.0,3,,,,,,,,
,,,,,43129,3.0,3,,,,,,,,
,,,,,43132,3.0,3,,,,,,,,
,,,,,43135,3.0,3,,,,,,,,
,,,,,43138,3.0,3,,,,,,,,
,,,,,43141,3.0,3,,,,,,,,
,,,,,43144,3.0,3,,,,,,,,
,,,,,43147,3.0,3,,,,,,,,
,,,,,43150,3.0,3,,,,,,,,
,,,,,43153,3.0,3,,,,,,,,
,,,,,43156,3.0,3,,,,,,,,
,,,,,43159,3.0,3,,,,,,,,
,,,,,43162,3.0,3,,,,,,,,
,,,,,43165,3.0,3,,,,,,,,
,,,,,43168,3.0,3,,,,,,,,
,,,,,43171,3.0,3,,,,,,,,
,,,,,43175,4.0,4,,,,,,,,
,,,,,43178,3.0,3,,,,,,,,
,,,,,43181,3.0,3,,,,,,,,
,,,,,43184,3.0,3,,,,,,,,
,,,,,43187,3.0,3,,,,,,,,
,,,,,43190,3.0,3,,,,,,,,
,,,,,43193,3.0,3,,,,,,,,
,,,,,43196,3.0,3,,,,,,,,
,,,,,43199,3.0,3,,,,,,,,
,,,,,43202,3.0,3,,,,,,,,
,,,,,43205,3.0,3,,,,,,,,
,,,,,43208,3.0,3,,,,,,,,
,,,,,43211,3.0,3,,,,,,,,
,,,,,43214,3.0,3,,,,,,,,
,,,,,43217,3.0,3,,,,,,,,
,,,,,43220,3.0,3,,,,,,,,
,,,,,43223,3.0,3,,,,,,,,
,,,,,43226,3.0,3,,,,,,,,
,,,,,43229,3.0,3,,,,,,,,
,,,,,43233,4.0,4,,,,,,,,
,,,,,43236,3.0,3,,,,,,,,
,,,,,43239,3.0,3,,,,,,,,
,,,,,43243,4.0,4,,,,,,,,
,,,,,43246,3.0,3,,,,,,,,
,,,,,43249,3.0,3,,,,,,,,
,,,,,43252,3.0,3,,,,,,,,
,,,,,43255,3.0,3,,,,,,,,
,,,,,43258,3.0,3,,,,,,,,
,,,,,43261,3.0,3,,,,,,,,
,,,,,43264,3.0,3,,,,,,,,
,,,,,43267,3.0,3,,,,,,,,
,,,,,43270,3.0,3,,,,,,,,
,,,,,43274,4.0,4,,,,,,,,
,,,,,43278,4.0,4,,,,,,,,
,,,,,43281,3.0,3,,,,,,,,
,,,,,43284,3.0,3,,,,,,,,
,,,,,43287,3.0,3,,,,,,,,
,,,,,43290,3.0,3,,,,,,,,
,,,,,43293,3.0,3,,,,,,,,
,,,,,43296,3.0,3,,,,,,,,
,,,,,43299,3.0,3,,,,,,,,
,,,,,43302,3.0,3,,,,,,,,
,,,,,43305,3.0,3,,,,,,,,
,,,,,43308,3.0,3,,,,,,,,
,,,,,43311,3.0,3,,,,,,,,
,,,,,43314,3.0,3,,,,,,,,
,,,,,43317,3.0,3,,,,,,,,
,,,,,43320,3.0,3,,,,,,,,
,,,,,43323,3.0,3,,,,,,,,
,,,,,43326,3.0,3,,,,,,,,
,,,,,43329,3.0,3,,,,,,,,
,,,,,43332,3.0,3,,,,,,,,
,,,,,43335,3.0,3,,,,,,,,
,,,,,43339,4.0,4,,,,,,,,
,,,,,43342,3.0,3,,,,,,,,
,,,,,43345,3.0,3,,,,,,,,
,,,,,43348,3.0,3,,,,,,,,
,,,,,43351,3.0,3,,,,,,,,
,,,,,43354,3.0,3,,,,,,,,
,,,,,43357,3.0,3,,,,,,,,
,,,,,43360,3.0,3,,,,,,,,
,,,,,43364,4.0,4,,,,,,,,
,,,,,43367,3.0,3,,,,,,,,
,,,,,43370,3.0,3,,,,,,,,
,,,,,43373,3.0,3,,,,,,,,
,,,,,43376,3.0,3,,,,,,,,
,,,,,43379,3.0,3,,,,,,,,
,,,,,43382,3.0,3,,,,,,,,
,,,,,43386,4.0,4,,,,,,,,
,,,,,43389,3.0,3,,,,,,,,
,,,,,43392,3.0,3,,,,,,,,
,,,,,43395,3.0,3,,,,,,,,
,,,,,43398,3.0,3,,,,,,,,
,,,,,43401,3.0,3,,,,,,,,
,,,,,43404,3.0,3,,,,,,,,
,,,,,43407,3.0,3,,,,,,,,
,,,,,43410,3.0,3,,,,,,,,
,,,,,43414,4.0,4,,,,,,,,
,,,,,43417,3.0,3,,,,,,,,
,,,,,43420,3.0,3,,,,,,,,
,,,,,43423,3.0,3,,,,,,,,
,,,,,43426,3.0,3,,,,,,,,
,,,,,43429,3.0,3,,,,,,,,
,,,,,43432,3.0,3,,,,,,,,
,,,,,43435,3.0,3,,,,,,,,
,,,,,43438,3.0,3,,,,,,,,
,,,,,43441,3.0,3,,,,,,,,
,,,,,43444,3.0,3,,,,,,,,
,,,,,43447,3.0,3,,,,,,,,
,,,,,43450,3.0,3,,,,,,,,
,,,,,43453,3.0,3,,,,,,,,
,,,,,43456,3.0,3,,,,,,,,
,,,,,43459,3.0,3,,,,,,,,
,,,,,43463,4.0,4,,,,,,,,
,,,,,43466,3.0,3,,,,,,,,
,,,,,43469,3.0,3,,,,,,,,
,,,,,43472,3.0,3,,,,,,,,
,,,,,43475,3.0,3,,,,,,,,
,,,,,43478,3.0,3,,,,,,,,
,,,,,43481,3.0,3,,,,,,,,
,,,,,43484,3.0,3,,,,,,,,
,,,,,43488,4.0,4,,,,,,,,
,,,,,43493,5.0,5,,,,,,,,
,,,,,43496,3.0,3,,,,,,,,
,,,,,43499,3.0,3,,,,,,,,
,,,,,43502,3.0,3,,,,,,,,
,,,,,43505,3.0,3,,,,,,,,
,,,,,43508,3.0,3,,,,,,,,
,,,,,43511,3.0,3,,,,,,,,
,,,,,43514,3.0,3,,,,,,,,
,,,,,43517,3.0,3,,,,,,,,
,,,,,43520,3.0,3,,,,,,,,
,,,,,43523,3.0,3,,,,,,,,
,,,,,43526,3.0,3,,,,,,,,
,,,,,43529,3.0,3,,,,,,,,
,,,,,43532,3.0,3,,,,,,,,
,,,,,43535,3.0,3,,,,,,,,
,,,,,43538,3.0,3,,,,,,,,
,,,,,43541,3.0,3,,,,,,,,
,,,,,43544,3.0,3,,,,,,,,
,,,,,43547,3.0,3,,,,,,,,
,,,,,43552,5.0,5,,,,,,,,
,,,,,43555,3.0,3,,,,,,,,
,,,,,43558,3.0,3,,,,,,,,
,,,,,43561,3.0,3,,,,,,,,
,,,,,43564,3.0,3,,,,,,,,
,,,,,43567,3.0,3,,,,,,,,
,,,,,43570,3.0,3,,,,,,,,
,,,,,43573,3.0,3,,,,,,,,
,,,,,43576,3.0,3,,,,,,,,
,,,,,43579,3.0,3,,,,,,,,
,,,,,43583,4.0,4,,,,,,,,
,,,,,43586,3.0,3,,,,,,,,
,,,,,43589,3.0,3,,,,,,,,
,,,,,43594,5.0,5,,,,,,,,
,,,,,43597,3.0,3,,,,,,,,
,,,,,43600,3.0,3,,,,,,,,
,,,,,43603,3.0,3,,,,,,,,
,,,,,43606,3.0,3,,,,,,,,
,,,,,43609,3.0,3,,,,,,,,
,,,,,43612,3.0,3,,,,,,,,
,,,,,43615,3.0,3,,,,,,,,
,,,,,43618,3.0,3,,,,,,,,
,,,,,43621,3.0,3,,,,,,,,
,,,,,43624,3.0,3,,,,,,,,
,,,,,43627,3.0,3,,,,,,,,
,,,,,43630,3.0,3,,,,,,,,
,,,,,43634,4.0,4,,,,,,,,
,,,,,43638,4.0,4,,,,,,,,
,,,,,43641,3.0,3,,,,,,,,
,,,,,43644,3.0,3,,,,,,,,
,,,,,43647,3.0,3,,,,,,,,
,,,,,43650,3.0,3,,,,,,,,
,,,,,43653,3.0,3,,,,,,,,
,,,,,43656,3.0,3,,,,,,,,
,,,,,43659,3.0,3,,,,,,,,
,,,,,43662,3.0,3,,,,,,,,
,,,,,43665,3.0,3,,,,,,,,
,,,,,43668,3.0,3,,,,,,,,
,,,,,43671,3.0,3,,,,,,,,
,,,,,43674,3.0,3,,,,,,,,
,,,,,43677,3.0,3,,,,,,,,
,,,,,43680,3.0,3,,,,,,,,
,,,,,43683,3.0,3,,,,,,,,
,,,,,43687,4.0,4,,,,,,,,
,,,,,43690,3.0,3,,,,,,,,
,,,,,43693,3.0,3,,,,,,,,
,,,,,43696,3.0,3,,,,,,,,
,,,,,43699,3.0,3,,,,,,,,
,,,,,43703,4.0,4,,,,,,,,
,,,,,43706,3.0,3,,,,,,,,
,,,,,43710,4.0,4,,,,,,,,
,,,,,43713,3.0,3,,,,,,,,
,,,,,43716,3.0,3,,,,,,,,
,,,,,43719,3.0,3,,,,,,,,
,,,,,43723,4.0,4,,,,,,,,
,,,,,43726,3.0,3,,,,,,,,
,,,,,43729,3.0,3,,,,,,,,
,,,,,43732,3.0,3,,,,,,,,
,,,,,43736,4.0,4,,,,,,,,
,,,,,43739,3.0,3,,,,,,,,
,,,,,43742,3.0,3,,,,,,,,
,,,,,43745,3.0,3,,,,,,,,
,,,,,43748,3.0,3,,,,,,,,
,,,,,43751,3.0,3,,,,,,,,
,,,,,43754,3.0,3,,,,,,,,
,,,,,43757,3.0,3,,,,,,,,
,,,,,43760,3.0,3,,,,,,,,
,,,,,43763,3.0,3,,,,,,,,
,,,,,43766,3.0,3,,,,,,,,
,,,,,43772,6.0,6,,,,,,,,
,,,,,43775,3.0,3,,,,,,,,
,,,,,43779,4.0,4,,,,,,,,
,,,,,43782,3.0,3,,,,,,,,
,,,,,43785,3.0,3,,,,,,,,
,,,,,43788,3.0,3,,,,,,,,
,,,,,43791,3.0,3,,,,,,,,
,,,,,43794,3.0,3,,,,,,,,
,,,,,43797,3.0,3,,,,,,,,
,,,,,43800,3.0,3,,,,,,,,
,,,,,43803,3.0,3,,,,,,,,
,,,,,43806,3.0,3,,,,,,,,
,,,,,43809,3.0,3,,,,,,,,
,,,,,43812,3.0,3,,,,,,,,
,,,,,43815,3.0,3,,,,,,,,
,,,,,43818,3.0,3,,,,,,,,
,,,,,43821,3.0,3,,,,,,,,
,,,,,43824,3.0,3,,,,,,,,
,,,,,43827,3.0,3,,,,,,,,
,,,,,43830,3.0,3,,,,,,,,
,,,,,43833,3.0,3,,,,,,,,
,,,,,43836,3.0,3,,,,,,,,
,,,,,43841,5.0,5,,,,,,,,
,,,,,43844,3.0,3,,,,,,,,
,,,,,43847,3.0,3,,,,,,,,
,,,,,43851,4.0,4,,,,,,,,
,,,,,43854,3.0,3,,,,,,,,
,,,,,43857,3.0,3,,,,,,,,
,,,,,43860,3.0,3,,,,,,,,
,,,,,43863,3.0,3,,,,,,,,
,,,,,43866,3.0,3,,,,,,,,
,,,,,43869,3.0,3,,,,,,,,
,,,,,43872,3.0,3,,,,,,,,
,,,,,43875,3.0,3,,,,,,,,
,,,,,43878,3.0,3,,,,,,,,
,,,,,43881,3.0,3,,,,,,,,
,,,,,43884,3.0,3,,,,,,,,
,,,,,43887,3.0,3,,,,,,,,
,,,,,43890,3.0,3,,,,,,,,
,,,,,43893,3.0,3,,,,,,,,
,,,,,43896,3.0,3,,,,,,,,
,,,,,43899,3.0,3,,,,,,,,
,,,,,43902,3.0,3,,,,,,,,
,,,,,43905,3.0,3,,,,,,,,
,,,,,43908,3.0,3,,,,,,,,
,,,,,43911,3.0,3,,,,,,,,
,,,,,43914,3.0,3,,,,,,,,
,,,,,43917,3.0,3,,,,,,,,
,,,,,43920,3.0,3,,,,,,,,
,,,,,43923,3.0,3,,,,,,,,
,,,,,43926,3.0,3,,,,,,,,
,,,,,43929,3.0,3,,,,,,,,
,,,,,43932,3.0,3,,,,,,,,
,,,,,43935,3.0,3,,,,,,,,
,,,,,43939,4.0,4,,,,,,,,
,,,,,43942,3.0,3,,,,,,,,
,,,,,43945,3.0,3,,,,,,,,
,,,,,43948,3.0,3,,,,,,,,
,,,,,43951,3.0,3,,,,,,,,
,,,,,43954,3.0,3,,,,,,,,
,,,,,43957,3.0,3,,,,,,,,
,,,,,43960,3.0,3,,,,,,,,
,,,,,43963,3.0,3,,,,,,,,
,,,,,43967,4.0,4,,,,,,,,
,,,,,43970,3.0,3,,,,,,,,
,,,,,43973,3.0,3,,,,,,,,
,,,,,43976,3.0,3,,,,,,,,
,,,,,43979,3.0,3,,,,,,,,
,,,,,43983,4.0,4,,,,,,,,
,,,,,43987,4.0,4,,,,,,,,
,,,,,43990,3.0,3,,,,,,,,
,,,,,43994,4.0,4,,,,,,,,
,,,,,43997,3.0,3,,,,,,,,
,,,,,44000,3.0,3,,,,,,,,
,,,,,44000,,,-0.11109254509210587,-1.1109254360198975,0.1783948689699173,2.223210573196411,2.240072250366211,0.0003,0.0003,0.1
,,,,,44003,3.0,3,,,,,,,,
,,,,,44006,3.0,3,,,,,,,,
,,,,,44010,4.0,4,,,,,,,,
,,,,,44013,3.0,3,,,,,,,,
,,,,,44016,3.0,3,,,,,,,,
,,,,,44020,4.0,4,,,,,,,,
,,,,,44023,3.0,3,,,,,,,,
,,,,,44026,3.0,3,,,,,,,,
,,,,,44029,3.0,3,,,,,,,,
,,,,,44032,3.0,3,,,,,,,,
,,,,,44035,3.0,3,,,,,,,,
,,,,,44038,3.0,3,,,,,,,,
,,,,,44043,5.0,5,,,,,,,,
,,,,,44046,3.0,3,,,,,,,,
,,,,,44049,3.0,3,,,,,,,,
,,,,,44052,3.0,3,,,,,,,,
,,,,,44055,3.0,3,,,,,,,,
,,,,,44058,3.0,3,,,,,,,,
,,,,,44061,3.0,3,,,,,,,,
,,,,,44064,3.0,3,,,,,,,,
,,,,,44067,3.0,3,,,,,,,,
,,,,,44071,4.0,4,,,,,,,,
,,,,,44076,5.0,5,,,,,,,,
,,,,,44079,3.0,3,,,,,,,,
,,,,,44082,3.0,3,,,,,,,,
,,,,,44085,3.0,3,,,,,,,,
,,,,,44088,3.0,3,,,,,,,,
,,,,,44091,3.0,3,,,,,,,,
,,,,,44094,3.0,3,,,,,,,,
,,,,,44097,3.0,3,,,,,,,,
,,,,,44100,3.0,3,,,,,,,,
,,,,,44103,3.0,3,,,,,,,,
,,,,,44106,3.0,3,,,,,,,,
,,,,,44109,3.0,3,,,,,,,,
,,,,,44112,3.0,3,,,,,,,,
,,,,,44115,3.0,3,,,,,,,,
,,,,,44118,3.0,3,,,,,,,,
,,,,,44121,3.0,3,,,,,,,,
,,,,,44124,3.0,3,,,,,,,,
,,,,,44127,3.0,3,,,,,,,,
,,,,,44130,3.0,3,,,,,,,,
,,,,,44134,4.0,4,,,,,,,,
,,,,,44138,4.0,4,,,,,,,,
,,,,,44144,6.0,6,,,,,,,,
,,,,,44147,3.0,3,,,,,,,,
,,,,,44150,3.0,3,,,,,,,,
,,,,,44153,3.0,3,,,,,,,,
,,,,,44156,3.0,3,,,,,,,,
,,,,,44159,3.0,3,,,,,,,,
,,,,,44162,3.0,3,,,,,,,,
,,,,,44165,3.0,3,,,,,,,,
,,,,,44168,3.0,3,,,,,,,,
,,,,,44172,4.0,4,,,,,,,,
,,,,,44175,3.0,3,,,,,,,,
,,,,,44178,3.0,3,,,,,,,,
,,,,,44181,3.0,3,,,,,,,,
,,,,,44185,4.0,4,,,,,,,,
,,,,,44188,3.0,3,,,,,,,,
,,,,,44191,3.0,3,,,,,,,,
,,,,,44194,3.0,3,,,,,,,,
,,,,,44198,4.0,4,,,,,,,,
,,,,,44201,3.0,3,,,,,,,,
,,,,,44204,3.0,3,,,,,,,,
,,,,,44207,3.0,3,,,,,,,,
,,,,,44210,3.0,3,,,,,,,,
,,,,,44214,4.0,4,,,,,,,,
,,,,,44217,3.0,3,,,,,,,,
,,,,,44220,3.0,3,,,,,,,,
,,,,,44223,3.0,3,,,,,,,,
,,,,,44227,4.0,4,,,,,,,,
,,,,,44230,3.0,3,,,,,,,,
,,,,,44233,3.0,3,,,,,,,,
,,,,,44236,3.0,3,,,,,,,,
,,,,,44239,3.0,3,,,,,,,,
,,,,,44242,3.0,3,,,,,,,,
,,,,,44245,3.0,3,,,,,,,,
,,,,,44248,3.0,3,,,,,,,,
,,,,,44251,3.0,3,,,,,,,,
,,,,,44255,4.0,4,,,,,,,,
,,,,,44258,3.0,3,,,,,,,,
,,,,,44261,3.0,3,,,,,,,,
,,,,,44264,3.0,3,,,,,,,,
,,,,,44267,3.0,3,,,,,,,,
,,,,,44270,3.0,3,,,,,,,,
,,,,,44274,4.0,4,,,,,,,,
,,,,,44277,3.0,3,,,,,,,,
,,,,,44280,3.0,3,,,,,,,,
,,,,,44283,3.0,3,,,,,,,,
,,,,,44287,4.0,4,,,,,,,,
,,,,,44290,3.0,3,,,,,,,,
,,,,,44293,3.0,3,,,,,,,,
,,,,,44296,3.0,3,,,,,,,,
,,,,,44299,3.0,3,,,,,,,,
,,,,,44302,3.0,3,,,,,,,,
,,,,,44305,3.0,3,,,,,,,,
,,,,,44308,3.0,3,,,,,,,,
,,,,,44312,4.0,4,,,,,,,,
,,,,,44315,3.0,3,,,,,,,,
,,,,,44318,3.0,3,,,,,,,,
,,,,,44322,4.0,4,,,,,,,,
,,,,,44326,4.0,4,,,,,,,,
,,,,,44329,3.0,3,,,,,,,,
,,,,,44333,4.0,4,,,,,,,,
,,,,,44339,6.0,6,,,,,,,,
,,,,,44342,3.0,3,,,,,,,,
,,,,,44347,5.0,5,,,,,,,,
,,,,,44350,3.0,3,,,,,,,,
,,,,,44354,4.0,4,,,,,,,,
,,,,,44358,4.0,4,,,,,,,,
,,,,,44362,4.0,4,,,,,,,,
,,,,,44365,3.0,3,,,,,,,,
,,,,,44368,3.0,3,,,,,,,,
,,,,,44371,3.0,3,,,,,,,,
,,,,,44375,4.0,4,,,,,,,,
,,,,,44379,4.0,4,,,,,,,,
,,,,,44383,4.0,4,,,,,,,,
,,,,,44390,7.0,7,,,,,,,,
,,,,,44394,4.0,4,,,,,,,,
,,,,,44397,3.0,3,,,,,,,,
,,,,,44400,3.0,3,,,,,,,,
,,,,,44405,5.0,5,,,,,,,,
,,,,,44408,3.0,3,,,,,,,,
,,,,,44411,3.0,3,,,,,,,,
,,,,,44415,4.0,4,,,,,,,,
,,,,,44418,3.0,3,,,,,,,,
,,,,,44421,3.0,3,,,,,,,,
,,,,,44425,4.0,4,,,,,,,,
,,,,,44428,3.0,3,,,,,,,,
,,,,,44431,3.0,3,,,,,,,,
,,,,,44434,3.0,3,,,,,,,,
,,,,,44437,3.0,3,,,,,,,,
,,,,,44441,4.0,4,,,,,,,,
,,,,,44444,3.0,3,,,,,,,,
,,,,,44447,3.0,3,,,,,,,,
,,,,,44450,3.0,3,,,,,,,,
,,,,,44453,3.0,3,,,,,,,,
,,,,,44456,3.0,3,,,,,,,,
,,,,,44459,3.0,3,,,,,,,,
,,,,,44462,3.0,3,,,,,,,,
,,,,,44467,5.0,5,,,,,,,,
,,,,,44471,4.0,4,,,,,,,,
,,,,,44474,3.0,3,,,,,,,,
,,,,,44477,3.0,3,,,,,,,,
,,,,,44482,5.0,5,,,,,,,,
,,,,,44485,3.0,3,,,,,,,,
,,,,,44488,3.0,3,,,,,,,,
,,,,,44491,3.0,3,,,,,,,,
,,,,,44495,4.0,4,,,,,,,,
,,,,,44501,6.0,6,,,,,,,,
,,,,,44504,3.0,3,,,,,,,,
,,,,,44508,4.0,4,,,,,,,,
,,,,,44512,4.0,4,,,,,,,,
,,,,,44515,3.0,3,,,,,,,,
,,,,,44518,3.0,3,,,,,,,,
,,,,,44522,4.0,4,,,,,,,,
,,,,,44525,3.0,3,,,,,,,,
,,,,,44529,4.0,4,,,,,,,,
,,,,,44532,3.0,3,,,,,,,,
,,,,,44535,3.0,3,,,,,,,,
,,,,,44538,3.0,3,,,,,,,,
,,,,,44541,3.0,3,,,,,,,,
,,,,,44544,3.0,3,,,,,,,,
,,,,,44547,3.0,3,,,,,,,,
,,,,,44550,3.0,3,,,,,,,,
,,,,,44553,3.0,3,,,,,,,,
,,,,,44556,3.0,3,,,,,,,,
,,,,,44560,4.0,4,,,,,,,,
,,,,,44564,4.0,4,,,,,,,,
,,,,,44567,3.0,3,,,,,,,,
,,,,,44571,4.0,4,,,,,,,,
,,,,,44574,3.0,3,,,,,,,,
,,,,,44577,3.0,3,,,,,,,,
,,,,,44580,3.0,3,,,,,,,,
,,,,,44586,6.0,6,,,,,,,,
,,,,,44589,3.0,3,,,,,,,,
,,,,,44592,3.0,3,,,,,,,,
,,,,,44595,3.0,3,,,,,,,,
,,,,,44598,3.0,3,,,,,,,,
,,,,,44601,3.0,3,,,,,,,,
,,,,,44604,3.0,3,,,,,,,,
,,,,,44607,3.0,3,,,,,,,,
,,,,,44610,3.0,3,,,,,,,,
,,,,,44613,3.0,3,,,,,,,,
,,,,,44616,3.0,3,,,,,,,,
,,,,,44619,3.0,3,,,,,,,,
,,,,,44622,3.0,3,,,,,,,,
,,,,,44627,5.0,5,,,,,,,,
,,,,,44630,3.0,3,,,,,,,,
,,,,,44633,3.0,3,,,,,,,,
,,,,,44636,3.0,3,,,,,,,,
,,,,,44641,5.0,5,,,,,,,,
,,,,,44645,4.0,4,,,,,,,,
,,,,,44648,3.0,3,,,,,,,,
,,,,,44651,3.0,3,,,,,,,,
,,,,,44654,3.0,3,,,,,,,,
,,,,,44658,4.0,4,,,,,,,,
,,,,,44662,4.0,4,,,,,,,,
,,,,,44667,5.0,5,,,,,,,,
,,,,,44670,3.0,3,,,,,,,,
,,,,,44673,3.0,3,,,,,,,,
,,,,,44676,3.0,3,,,,,,,,
,,,,,44681,5.0,5,,,,,,,,
,,,,,44689,8.0,8,,,,,,,,
,,,,,44695,6.0,6,,,,,,,,
,,,,,44699,4.0,4,,,,,,,,
,,,,,44704,5.0,5,,,,,,,,
,,,,,44708,4.0,4,,,,,,,,
,,,,,44711,3.0,3,,,,,,,,
,,,,,44714,3.0,3,,,,,,,,
,,,,,44718,4.0,4,,,,,,,,
,,,,,44725,7.0,7,,,,,,,,
,,,,,44728,3.0,3,,,,,,,,
,,,,,44731,3.0,3,,,,,,,,
,,,,,44734,3.0,3,,,,,,,,
,,,,,44737,3.0,3,,,,,,,,
,,,,,44741,4.0,4,,,,,,,,
,,,,,44744,3.0,3,,,,,,,,
,,,,,44748,4.0,4,,,,,,,,
,,,,,44751,3.0,3,,,,,,,,
,,,,,44754,3.0,3,,,,,,,,
,,,,,44758,4.0,4,,,,,,,,
,,,,,44761,3.0,3,,,,,,,,
,,,,,44764,3.0,3,,,,,,,,
,,,,,44767,3.0,3,,,,,,,,
,,,,,44770,3.0,3,,,,,,,,
,,,,,44773,3.0,3,,,,,,,,
,,,,,44777,4.0,4,,,,,,,,
,,,,,44780,3.0,3,,,,,,,,
,,,,,44783,3.0,3,,,,,,,,
,,,,,44788,5.0,5,,,,,,,,
,,,,,44791,3.0,3,,,,,,,,
,,,,,44795,4.0,4,,,,,,,,
,,,,,44798,3.0,3,,,,,,,,
,,,,,44801,3.0,3,,,,,,,,
,,,,,44805,4.0,4,,,,,,,,
,,,,,44808,3.0,3,,,,,,,,
,,,,,44814,6.0,6,,,,,,,,
,,,,,44820,6.0,6,,,,,,,,
,,,,,44824,4.0,4,,,,,,,,
,,,,,44827,3.0,3,,,,,,,,
,,,,,44831,4.0,4,,,,,,,,
,,,,,44834,3.0,3,,,,,,,,
,,,,,44837,3.0,3,,,,,,,,
,,,,,44840,3.0,3,,,,,,,,
,,,,,44843,3.0,3,,,,,,,,
,,,,,44849,6.0,6,,,,,,,,
,,,,,44852,3.0,3,,,,,,,,
,,,,,44855,3.0,3,,,,,,,,
,,,,,44858,3.0,3,,,,,,,,
,,,,,44861,3.0,3,,,,,,,,
,,,,,44864,3.0,3,,,,,,,,
,,,,,44869,5.0,5,,,,,,,,
,,,,,44872,3.0,3,,,,,,,,
,,,,,44875,3.0,3,,,,,,,,
,,,,,44879,4.0,4,,,,,,,,
,,,,,44882,3.0,3,,,,,,,,
,,,,,44886,4.0,4,,,,,,,,
,,,,,44889,3.0,3,,,,,,,,
,,,,,44892,3.0,3,,,,,,,,
,,,,,44896,4.0,4,,,,,,,,
,,,,,44901,5.0,5,,,,,,,,
,,,,,44904,3.0,3,,,,,,,,
,,,,,44907,3.0,3,,,,,,,,
,,,,,44910,3.0,3,,,,,,,,
,,,,,44914,4.0,4,,,,,,,,
,,,,,44917,3.0,3,,,,,,,,
,,,,,44920,3.0,3,,,,,,,,
,,,,,44923,3.0,3,,,,,,,,
,,,,,44926,3.0,3,,,,,,,,
,,,,,44929,3.0,3,,,,,,,,
,,,,,44932,3.0,3,,,,,,,,
,,,,,44935,3.0,3,,,,,,,,
,,,,,44938,3.0,3,,,,,,,,
,,,,,44941,3.0,3,,,,,,,,
,,,,,44944,3.0,3,,,,,,,,
,,,,,44949,5.0,5,,,,,,,,
,,,,,44952,3.0,3,,,,,,,,
,,,,,44956,4.0,4,,,,,,,,
,,,,,44959,3.0,3,,,,,,,,
,,,,,44962,3.0,3,,,,,,,,
,,,,,44965,3.0,3,,,,,,,,
,,,,,44969,4.0,4,,,,,,,,
,,,,,44972,3.0,3,,,,,,,,
,,,,,44975,3.0,3,,,,,,,,
,,,,,44978,3.0,3,,,,,,,,
,,,,,44981,3.0,3,,,,,,,,
,,,,,44986,5.0,5,,,,,,,,
,,,,,44989,3.0,3,,,,,,,,
,,,,,44993,4.0,4,,,,,,,,
,,,,,44996,3.0,3,,,,,,,,
,,,,,44999,3.0,3,,,,,,,,
3.3,0.64031243,5.0,3.0,3.3,45000,,,-0.06176181510090828,-0.6176181435585022,0.3648717999458313,2.528223752975464,2.5620133876800537,0.0003,0.0003,0.1
,,,,,45002,3.0,3,,,,,,,,
,,,,,45005,3.0,3,,,,,,,,
,,,,,45008,3.0,3,,,,,,,,
,,,,,45011,3.0,3,,,,,,,,
,,,,,45015,4.0,4,,,,,,,,
,,,,,45020,5.0,5,,,,,,,,
,,,,,45023,3.0,3,,,,,,,,
,,,,,45026,3.0,3,,,,,,,,
,,,,,45029,3.0,3,,,,,,,,
,,,,,45032,3.0,3,,,,,,,,
,,,,,45035,3.0,3,,,,,,,,
,,,,,45038,3.0,3,,,,,,,,
,,,,,45042,4.0,4,,,,,,,,
,,,,,45045,3.0,3,,,,,,,,
,,,,,45049,4.0,4,,,,,,,,
,,,,,45052,3.0,3,,,,,,,,
,,,,,45056,4.0,4,,,,,,,,
,,,,,45059,3.0,3,,,,,,,,
,,,,,45062,3.0,3,,,,,,,,
,,,,,45065,3.0,3,,,,,,,,
,,,,,45068,3.0,3,,,,,,,,
,,,,,45071,3.0,3,,,,,,,,
,,,,,45074,3.0,3,,,,,,,,
,,,,,45077,3.0,3,,,,,,,,
,,,,,45080,3.0,3,,,,,,,,
,,,,,45083,3.0,3,,,,,,,,
,,,,,45086,3.0,3,,,,,,,,
,,,,,45089,3.0,3,,,,,,,,
,,,,,45093,4.0,4,,,,,,,,
,,,,,45096,3.0,3,,,,,,,,
,,,,,45099,3.0,3,,,,,,,,
,,,,,45102,3.0,3,,,,,,,,
,,,,,45105,3.0,3,,,,,,,,
,,,,,45109,4.0,4,,,,,,,,
,,,,,45112,3.0,3,,,,,,,,
,,,,,45115,3.0,3,,,,,,,,
,,,,,45118,3.0,3,,,,,,,,
,,,,,45121,3.0,3,,,,,,,,
,,,,,45124,3.0,3,,,,,,,,
,,,,,45127,3.0,3,,,,,,,,
,,,,,45130,3.0,3,,,,,,,,
,,,,,45133,3.0,3,,,,,,,,
,,,,,45137,4.0,4,,,,,,,,
,,,,,45140,3.0,3,,,,,,,,
,,,,,45143,3.0,3,,,,,,,,
,,,,,45150,7.0,7,,,,,,,,
,,,,,45154,4.0,4,,,,,,,,
,,,,,45157,3.0,3,,,,,,,,
,,,,,45160,3.0,3,,,,,,,,
,,,,,45163,3.0,3,,,,,,,,
,,,,,45166,3.0,3,,,,,,,,
,,,,,45170,4.0,4,,,,,,,,
,,,,,45173,3.0,3,,,,,,,,
,,,,,45176,3.0,3,,,,,,,,
,,,,,45180,4.0,4,,,,,,,,
,,,,,45183,3.0,3,,,,,,,,
,,,,,45186,3.0,3,,,,,,,,
,,,,,45189,3.0,3,,,,,,,,
,,,,,45192,3.0,3,,,,,,,,
,,,,,45195,3.0,3,,,,,,,,
,,,,,45198,3.0,3,,,,,,,,
,,,,,45201,3.0,3,,,,,,,,
,,,,,45206,5.0,5,,,,,,,,
,,,,,45209,3.0,3,,,,,,,,
,,,,,45213,4.0,4,,,,,,,,
,,,,,45216,3.0,3,,,,,,,,
,,,,,45219,3.0,3,,,,,,,,
,,,,,45223,4.0,4,,,,,,,,
,,,,,45228,5.0,5,,,,,,,,
,,,,,45231,3.0,3,,,,,,,,
,,,,,45234,3.0,3,,,,,,,,
,,,,,45239,5.0,5,,,,,,,,
,,,,,45242,3.0,3,,,,,,,,
,,,,,45246,4.0,4,,,,,,,,
,,,,,45249,3.0,3,,,,,,,,
,,,,,45253,4.0,4,,,,,,,,
,,,,,45257,4.0,4,,,,,,,,
,,,,,45260,3.0,3,,,,,,,,
,,,,,45263,3.0,3,,,,,,,,
,,,,,45266,3.0,3,,,,,,,,
,,,,,45269,3.0,3,,,,,,,,
,,,,,45272,3.0,3,,,,,,,,
,,,,,45275,3.0,3,,,,,,,,
,,,,,45278,3.0,3,,,,,,,,
,,,,,45281,3.0,3,,,,,,,,
,,,,,45285,4.0,4,,,,,,,,
,,,,,45288,3.0,3,,,,,,,,
,,,,,45291,3.0,3,,,,,,,,
,,,,,45294,3.0,3,,,,,,,,
,,,,,45297,3.0,3,,,,,,,,
,,,,,45300,3.0,3,,,,,,,,
,,,,,45303,3.0,3,,,,,,,,
,,,,,45306,3.0,3,,,,,,,,
,,,,,45310,4.0,4,,,,,,,,
,,,,,45314,4.0,4,,,,,,,,
,,,,,45318,4.0,4,,,,,,,,
,,,,,45321,3.0,3,,,,,,,,
,,,,,45324,3.0,3,,,,,,,,
,,,,,45327,3.0,3,,,,,,,,
,,,,,45330,3.0,3,,,,,,,,
,,,,,45333,3.0,3,,,,,,,,
,,,,,45336,3.0,3,,,,,,,,
,,,,,45339,3.0,3,,,,,,,,
,,,,,45342,3.0,3,,,,,,,,
,,,,,45345,3.0,3,,,,,,,,
,,,,,45348,3.0,3,,,,,,,,
,,,,,45351,3.0,3,,,,,,,,
,,,,,45355,4.0,4,,,,,,,,
,,,,,45359,4.0,4,,,,,,,,
,,,,,45362,3.0,3,,,,,,,,
,,,,,45366,4.0,4,,,,,,,,
,,,,,45369,3.0,3,,,,,,,,
,,,,,45372,3.0,3,,,,,,,,
,,,,,45375,3.0,3,,,,,,,,
,,,,,45378,3.0,3,,,,,,,,
,,,,,45382,4.0,4,,,,,,,,
,,,,,45385,3.0,3,,,,,,,,
,,,,,45388,3.0,3,,,,,,,,
,,,,,45393,5.0,5,,,,,,,,
,,,,,45396,3.0,3,,,,,,,,
,,,,,45399,3.0,3,,,,,,,,
,,,,,45402,3.0,3,,,,,,,,
,,,,,45405,3.0,3,,,,,,,,
,,,,,45408,3.0,3,,,,,,,,
,,,,,45411,3.0,3,,,,,,,,
,,,,,45414,3.0,3,,,,,,,,
,,,,,45417,3.0,3,,,,,,,,
,,,,,45420,3.0,3,,,,,,,,
,,,,,45423,3.0,3,,,,,,,,
,,,,,45427,4.0,4,,,,,,,,
,,,,,45431,4.0,4,,,,,,,,
,,,,,45435,4.0,4,,,,,,,,
,,,,,45438,3.0,3,,,,,,,,
,,,,,45441,3.0,3,,,,,,,,
,,,,,45444,3.0,3,,,,,,,,
,,,,,45449,5.0,5,,,,,,,,
,,,,,45452,3.0,3,,,,,,,,
,,,,,45455,3.0,3,,,,,,,,
,,,,,45458,3.0,3,,,,,,,,
,,,,,45461,3.0,3,,,,,,,,
,,,,,45464,3.0,3,,,,,,,,
,,,,,45468,4.0,4,,,,,,,,
,,,,,45472,4.0,4,,,,,,,,
,,,,,45476,4.0,4,,,,,,,,
,,,,,45479,3.0,3,,,,,,,,
,,,,,45482,3.0,3,,,,,,,,
,,,,,45485,3.0,3,,,,,,,,
,,,,,45488,3.0,3,,,,,,,,
,,,,,45492,4.0,4,,,,,,,,
,,,,,45497,5.0,5,,,,,,,,
,,,,,45500,3.0,3,,,,,,,,
,,,,,45503,3.0,3,,,,,,,,
,,,,,45506,3.0,3,,,,,,,,
,,,,,45509,3.0,3,,,,,,,,
,,,,,45515,6.0,6,,,,,,,,
,,,,,45519,4.0,4,,,,,,,,
,,,,,45522,3.0,3,,,,,,,,
,,,,,45525,3.0,3,,,,,,,,
,,,,,45528,3.0,3,,,,,,,,
,,,,,45531,3.0,3,,,,,,,,
,,,,,45534,3.0,3,,,,,,,,
,,,,,45537,3.0,3,,,,,,,,
,,,,,45541,4.0,4,,,,,,,,
,,,,,45544,3.0,3,,,,,,,,
,,,,,45547,3.0,3,,,,,,,,
,,,,,45550,3.0,3,,,,,,,,
,,,,,45554,4.0,4,,,,,,,,
,,,,,45557,3.0,3,,,,,,,,
,,,,,45560,3.0,3,,,,,,,,
,,,,,45565,5.0,5,,,,,,,,
,,,,,45568,3.0,3,,,,,,,,
,,,,,45571,3.0,3,,,,,,,,
,,,,,45575,4.0,4,,,,,,,,
,,,,,45579,4.0,4,,,,,,,,
,,,,,45582,3.0,3,,,,,,,,
,,,,,45585,3.0,3,,,,,,,,
,,,,,45588,3.0,3,,,,,,,,
,,,,,45591,3.0,3,,,,,,,,
,,,,,45594,3.0,3,,,,,,,,
,,,,,45597,3.0,3,,,,,,,,
,,,,,45600,3.0,3,,,,,,,,
,,,,,45603,3.0,3,,,,,,,,
,,,,,45606,3.0,3,,,,,,,,
,,,,,45609,3.0,3,,,,,,,,
,,,,,45613,4.0,4,,,,,,,,
,,,,,45616,3.0,3,,,,,,,,
,,,,,45623,7.0,7,,,,,,,,
,,,,,45626,3.0,3,,,,,,,,
,,,,,45629,3.0,3,,,,,,,,
,,,,,45632,3.0,3,,,,,,,,
,,,,,45635,3.0,3,,,,,,,,
,,,,,45638,3.0,3,,,,,,,,
,,,,,45642,4.0,4,,,,,,,,
,,,,,45647,5.0,5,,,,,,,,
,,,,,45651,4.0,4,,,,,,,,
,,,,,45656,5.0,5,,,,,,,,
,,,,,45659,3.0,3,,,,,,,,
,,,,,45665,6.0,6,,,,,,,,
,,,,,45669,4.0,4,,,,,,,,
,,,,,45672,3.0,3,,,,,,,,
,,,,,45675,3.0,3,,,,,,,,
,,,,,45678,3.0,3,,,,,,,,
,,,,,45682,4.0,4,,,,,,,,
,,,,,45687,5.0,5,,,,,,,,
,,,,,45691,4.0,4,,,,,,,,
,,,,,45695,4.0,4,,,,,,,,
,,,,,45700,5.0,5,,,,,,,,
,,,,,45703,3.0,3,,,,,,,,
,,,,,45706,3.0,3,,,,,,,,
,,,,,45709,3.0,3,,,,,,,,
,,,,,45713,4.0,4,,,,,,,,
,,,,,45716,3.0,3,,,,,,,,
,,,,,45719,3.0,3,,,,,,,,
,,,,,45722,3.0,3,,,,,,,,
,,,,,45725,3.0,3,,,,,,,,
,,,,,45729,4.0,4,,,,,,,,
,,,,,45736,7.0,7,,,,,,,,
,,,,,45740,4.0,4,,,,,,,,
,,,,,45743,3.0,3,,,,,,,,
,,,,,45746,3.0,3,,,,,,,,
,,,,,45749,3.0,3,,,,,,,,
,,,,,45752,3.0,3,,,,,,,,
,,,,,45755,3.0,3,,,,,,,,
,,,,,45761,6.0,6,,,,,,,,
,,,,,45764,3.0,3,,,,,,,,
,,,,,45767,3.0,3,,,,,,,,
,,,,,45770,3.0,3,,,,,,,,
,,,,,45773,3.0,3,,,,,,,,
,,,,,45778,5.0,5,,,,,,,,
,,,,,45782,4.0,4,,,,,,,,
,,,,,45785,3.0,3,,,,,,,,
,,,,,45788,3.0,3,,,,,,,,
,,,,,45793,5.0,5,,,,,,,,
,,,,,45797,4.0,4,,,,,,,,
,,,,,45801,4.0,4,,,,,,,,
,,,,,45804,3.0,3,,,,,,,,
,,,,,45808,4.0,4,,,,,,,,
,,,,,45811,3.0,3,,,,,,,,
,,,,,45816,5.0,5,,,,,,,,
,,,,,45819,3.0,3,,,,,,,,
,,,,,45823,4.0,4,,,,,,,,
,,,,,45826,3.0,3,,,,,,,,
,,,,,45829,3.0,3,,,,,,,,
,,,,,45834,5.0,5,,,,,,,,
,,,,,45837,3.0,3,,,,,,,,
,,,,,45840,3.0,3,,,,,,,,
,,,,,45843,3.0,3,,,,,,,,
,,,,,45846,3.0,3,,,,,,,,
,,,,,45849,3.0,3,,,,,,,,
,,,,,45852,3.0,3,,,,,,,,
,,,,,45855,3.0,3,,,,,,,,
,,,,,45858,3.0,3,,,,,,,,
,,,,,45861,3.0,3,,,,,,,,
,,,,,45864,3.0,3,,,,,,,,
,,,,,45868,4.0,4,,,,,,,,
,,,,,45871,3.0,3,,,,,,,,
,,,,,45874,3.0,3,,,,,,,,
,,,,,45877,3.0,3,,,,,,,,
,,,,,45882,5.0,5,,,,,,,,
,,,,,45885,3.0,3,,,,,,,,
,,,,,45889,4.0,4,,,,,,,,
,,,,,45892,3.0,3,,,,,,,,
,,,,,45897,5.0,5,,,,,,,,
,,,,,45905,8.0,8,,,,,,,,
,,,,,45908,3.0,3,,,,,,,,
,,,,,45911,3.0,3,,,,,,,,
,,,,,45914,3.0,3,,,,,,,,
,,,,,45918,4.0,4,,,,,,,,
,,,,,45923,5.0,5,,,,,,,,
,,,,,45926,3.0,3,,,,,,,,
,,,,,45930,4.0,4,,,,,,,,
,,,,,45933,3.0,3,,,,,,,,
,,,,,45936,3.0,3,,,,,,,,
,,,,,45940,4.0,4,,,,,,,,
,,,,,45944,4.0,4,,,,,,,,
,,,,,45949,5.0,5,,,,,,,,
,,,,,45952,3.0,3,,,,,,,,
,,,,,45955,3.0,3,,,,,,,,
,,,,,45958,3.0,3,,,,,,,,
,,,,,45961,3.0,3,,,,,,,,
,,,,,45964,3.0,3,,,,,,,,
,,,,,45967,3.0,3,,,,,,,,
,,,,,45971,4.0,4,,,,,,,,
,,,,,45974,3.0,3,,,,,,,,
,,,,,45977,3.0,3,,,,,,,,
,,,,,45980,3.0,3,,,,,,,,
,,,,,45983,3.0,3,,,,,,,,
,,,,,45988,5.0,5,,,,,,,,
,,,,,45991,3.0,3,,,,,,,,
,,,,,45994,3.0,3,,,,,,,,
,,,,,45997,3.0,3,,,,,,,,
,,,,,46000,3.0,3,,,,,,,,
,,,,,46000,,,-0.15039582550525665,-1.5039582252502441,0.30196613073349,2.4084081649780273,2.405658483505249,0.0003,0.0003,0.1
,,,,,46003,3.0,3,,,,,,,,
,,,,,46006,3.0,3,,,,,,,,
,,,,,46009,3.0,3,,,,,,,,
,,,,,46015,6.0,6,,,,,,,,
,,,,,46020,5.0,5,,,,,,,,
,,,,,46023,3.0,3,,,,,,,,
,,,,,46027,4.0,4,,,,,,,,
,,,,,46030,3.0,3,,,,,,,,
,,,,,46033,3.0,3,,,,,,,,
,,,,,46036,3.0,3,,,,,,,,
,,,,,46039,3.0,3,,,,,,,,
,,,,,46042,3.0,3,,,,,,,,
,,,,,46045,3.0,3,,,,,,,,
,,,,,46048,3.0,3,,,,,,,,
,,,,,46051,3.0,3,,,,,,,,
,,,,,46054,3.0,3,,,,,,,,
,,,,,46057,3.0,3,,,,,,,,
,,,,,46060,3.0,3,,,,,,,,
,,,,,46063,3.0,3,,,,,,,,
,,,,,46066,3.0,3,,,,,,,,
,,,,,46071,5.0,5,,,,,,,,
,,,,,46074,3.0,3,,,,,,,,
,,,,,46078,4.0,4,,,,,,,,
,,,,,46081,3.0,3,,,,,,,,
,,,,,46085,4.0,4,,,,,,,,
,,,,,46088,3.0,3,,,,,,,,
,,,,,46091,3.0,3,,,,,,,,
,,,,,46094,3.0,3,,,,,,,,
,,,,,46097,3.0,3,,,,,,,,
,,,,,46102,5.0,5,,,,,,,,
,,,,,46106,4.0,4,,,,,,,,
,,,,,46109,3.0,3,,,,,,,,
,,,,,46112,3.0,3,,,,,,,,
,,,,,46115,3.0,3,,,,,,,,
,,,,,46118,3.0,3,,,,,,,,
,,,,,46121,3.0,3,,,,,,,,
,,,,,46124,3.0,3,,,,,,,,
,,,,,46127,3.0,3,,,,,,,,
,,,,,46130,3.0,3,,,,,,,,
,,,,,46133,3.0,3,,,,,,,,
,,,,,46136,3.0,3,,,,,,,,
,,,,,46139,3.0,3,,,,,,,,
,,,,,46142,3.0,3,,,,,,,,
,,,,,46145,3.0,3,,,,,,,,
,,,,,46148,3.0,3,,,,,,,,
,,,,,46151,3.0,3,,,,,,,,
,,,,,46154,3.0,3,,,,,,,,
,,,,,46159,5.0,5,,,,,,,,
,,,,,46162,3.0,3,,,,,,,,
,,,,,46165,3.0,3,,,,,,,,
,,,,,46169,4.0,4,,,,,,,,
,,,,,46173,4.0,4,,,,,,,,
,,,,,46176,3.0,3,,,,,,,,
,,,,,46179,3.0,3,,,,,,,,
,,,,,46182,3.0,3,,,,,,,,
,,,,,46185,3.0,3,,,,,,,,
,,,,,46188,3.0,3,,,,,,,,
,,,,,46191,3.0,3,,,,,,,,
,,,,,46195,4.0,4,,,,,,,,
,,,,,46199,4.0,4,,,,,,,,
,,,,,46202,3.0,3,,,,,,,,
,,,,,46206,4.0,4,,,,,,,,
,,,,,46211,5.0,5,,,,,,,,
,,,,,46214,3.0,3,,,,,,,,
,,,,,46217,3.0,3,,,,,,,,
,,,,,46222,5.0,5,,,,,,,,
,,,,,46228,6.0,6,,,,,,,,
,,,,,46231,3.0,3,,,,,,,,
,,,,,46235,4.0,4,,,,,,,,
,,,,,46239,4.0,4,,,,,,,,
,,,,,46242,3.0,3,,,,,,,,
,,,,,46245,3.0,3,,,,,,,,
,,,,,46248,3.0,3,,,,,,,,
,,,,,46251,3.0,3,,,,,,,,
,,,,,46254,3.0,3,,,,,,,,
,,,,,46257,3.0,3,,,,,,,,
,,,,,46262,5.0,5,,,,,,,,
,,,,,46265,3.0,3,,,,,,,,
,,,,,46268,3.0,3,,,,,,,,
,,,,,46271,3.0,3,,,,,,,,
,,,,,46274,3.0,3,,,,,,,,
,,,,,46277,3.0,3,,,,,,,,
,,,,,46282,5.0,5,,,,,,,,
,,,,,46285,3.0,3,,,,,,,,
,,,,,46288,3.0,3,,,,,,,,
,,,,,46294,6.0,6,,,,,,,,
,,,,,46297,3.0,3,,,,,,,,
,,,,,46300,3.0,3,,,,,,,,
,,,,,46303,3.0,3,,,,,,,,
,,,,,46306,3.0,3,,,,,,,,
,,,,,46310,4.0,4,,,,,,,,
,,,,,46313,3.0,3,,,,,,,,
,,,,,46317,4.0,4,,,,,,,,
,,,,,46320,3.0,3,,,,,,,,
,,,,,46323,3.0,3,,,,,,,,
,,,,,46326,3.0,3,,,,,,,,
,,,,,46330,4.0,4,,,,,,,,
,,,,,46333,3.0,3,,,,,,,,
,,,,,46336,3.0,3,,,,,,,,
,,,,,46339,3.0,3,,,,,,,,
,,,,,46342,3.0,3,,,,,,,,
,,,,,46346,4.0,4,,,,,,,,
,,,,,46349,3.0,3,,,,,,,,
,,,,,46352,3.0,3,,,,,,,,
,,,,,46356,4.0,4,,,,,,,,
,,,,,46359,3.0,3,,,,,,,,
,,,,,46362,3.0,3,,,,,,,,
,,,,,46365,3.0,3,,,,,,,,
,,,,,46368,3.0,3,,,,,,,,
,,,,,46371,3.0,3,,,,,,,,
,,,,,46374,3.0,3,,,,,,,,
,,,,,46377,3.0,3,,,,,,,,
,,,,,46380,3.0,3,,,,,,,,
,,,,,46384,4.0,4,,,,,,,,
,,,,,46387,3.0,3,,,,,,,,
,,,,,46391,4.0,4,,,,,,,,
,,,,,46395,4.0,4,,,,,,,,
,,,,,46398,3.0,3,,,,,,,,
,,,,,46401,3.0,3,,,,,,,,
,,,,,46404,3.0,3,,,,,,,,
,,,,,46409,5.0,5,,,,,,,,
,,,,,46413,4.0,4,,,,,,,,
,,,,,46416,3.0,3,,,,,,,,
,,,,,46420,4.0,4,,,,,,,,
,,,,,46423,3.0,3,,,,,,,,
,,,,,46426,3.0,3,,,,,,,,
,,,,,46429,3.0,3,,,,,,,,
,,,,,46432,3.0,3,,,,,,,,
,,,,,46435,3.0,3,,,,,,,,
,,,,,46438,3.0,3,,,,,,,,
,,,,,46446,8.0,8,,,,,,,,
,,,,,46449,3.0,3,,,,,,,,
,,,,,46452,3.0,3,,,,,,,,
,,,,,46457,5.0,5,,,,,,,,
,,,,,46461,4.0,4,,,,,,,,
,,,,,46465,4.0,4,,,,,,,,
,,,,,46468,3.0,3,,,,,,,,
,,,,,46471,3.0,3,,,,,,,,
,,,,,46475,4.0,4,,,,,,,,
,,,,,46479,4.0,4,,,,,,,,
,,,,,46483,4.0,4,,,,,,,,
,,,,,46486,3.0,3,,,,,,,,
,,,,,46489,3.0,3,,,,,,,,
,,,,,46492,3.0,3,,,,,,,,
,,,,,46496,4.0,4,,,,,,,,
,,,,,46499,3.0,3,,,,,,,,
,,,,,46502,3.0,3,,,,,,,,
,,,,,46505,3.0,3,,,,,,,,
,,,,,46509,4.0,4,,,,,,,,
,,,,,46512,3.0,3,,,,,,,,
,,,,,46516,4.0,4,,,,,,,,
,,,,,46519,3.0,3,,,,,,,,
,,,,,46522,3.0,3,,,,,,,,
,,,,,46525,3.0,3,,,,,,,,
,,,,,46528,3.0,3,,,,,,,,
,,,,,46531,3.0,3,,,,,,,,
,,,,,46534,3.0,3,,,,,,,,
,,,,,46537,3.0,3,,,,,,,,
,,,,,46541,4.0,4,,,,,,,,
,,,,,46544,3.0,3,,,,,,,,
,,,,,46548,4.0,4,,,,,,,,
,,,,,46553,5.0,5,,,,,,,,
,,,,,46556,3.0,3,,,,,,,,
,,,,,46560,4.0,4,,,,,,,,
,,,,,46563,3.0,3,,,,,,,,
,,,,,46567,4.0,4,,,,,,,,
,,,,,46570,3.0,3,,,,,,,,
,,,,,46573,3.0,3,,,,,,,,
,,,,,46576,3.0,3,,,,,,,,
,,,,,46579,3.0,3,,,,,,,,
,,,,,46582,3.0,3,,,,,,,,
,,,,,46586,4.0,4,,,,,,,,
,,,,,46589,3.0,3,,,,,,,,
,,,,,46592,3.0,3,,,,,,,,
,,,,,46596,4.0,4,,,,,,,,
,,,,,46600,4.0,4,,,,,,,,
,,,,,46603,3.0,3,,,,,,,,
,,,,,46606,3.0,3,,,,,,,,
,,,,,46609,3.0,3,,,,,,,,
,,,,,46612,3.0,3,,,,,,,,
,,,,,46616,4.0,4,,,,,,,,
,,,,,46620,4.0,4,,,,,,,,
,,,,,46623,3.0,3,,,,,,,,
,,,,,46628,5.0,5,,,,,,,,
,,,,,46631,3.0,3,,,,,,,,
,,,,,46634,3.0,3,,,,,,,,
,,,,,46637,3.0,3,,,,,,,,
,,,,,46641,4.0,4,,,,,,,,
,,,,,46644,3.0,3,,,,,,,,
,,,,,46647,3.0,3,,,,,,,,
,,,,,46652,5.0,5,,,,,,,,
,,,,,46658,6.0,6,,,,,,,,
,,,,,46661,3.0,3,,,,,,,,
,,,,,46666,5.0,5,,,,,,,,
,,,,,46669,3.0,3,,,,,,,,
,,,,,46672,3.0,3,,,,,,,,
,,,,,46675,3.0,3,,,,,,,,
,,,,,46678,3.0,3,,,,,,,,
,,,,,46681,3.0,3,,,,,,,,
,,,,,46685,4.0,4,,,,,,,,
,,,,,46690,5.0,5,,,,,,,,
,,,,,46693,3.0,3,,,,,,,,
,,,,,46697,4.0,4,,,,,,,,
,,,,,46700,3.0,3,,,,,,,,
,,,,,46704,4.0,4,,,,,,,,
,,,,,46707,3.0,3,,,,,,,,
,,,,,46710,3.0,3,,,,,,,,
,,,,,46713,3.0,3,,,,,,,,
,,,,,46717,4.0,4,,,,,,,,
,,,,,46720,3.0,3,,,,,,,,
,,,,,46724,4.0,4,,,,,,,,
,,,,,46728,4.0,4,,,,,,,,
,,,,,46731,3.0,3,,,,,,,,
,,,,,46734,3.0,3,,,,,,,,
,,,,,46739,5.0,5,,,,,,,,
,,,,,46742,3.0,3,,,,,,,,
,,,,,46747,5.0,5,,,,,,,,
,,,,,46754,7.0,7,,,,,,,,
,,,,,46757,3.0,3,,,,,,,,
,,,,,46760,3.0,3,,,,,,,,
,,,,,46763,3.0,3,,,,,,,,
,,,,,46767,4.0,4,,,,,,,,
,,,,,46770,3.0,3,,,,,,,,
,,,,,46775,5.0,5,,,,,,,,
,,,,,46782,7.0,7,,,,,,,,
,,,,,46785,3.0,3,,,,,,,,
,,,,,46789,4.0,4,,,,,,,,
,,,,,46792,3.0,3,,,,,,,,
,,,,,46796,4.0,4,,,,,,,,
,,,,,46800,4.0,4,,,,,,,,
,,,,,46804,4.0,4,,,,,,,,
,,,,,46807,3.0,3,,,,,,,,
,,,,,46811,4.0,4,,,,,,,,
,,,,,46815,4.0,4,,,,,,,,
,,,,,46822,7.0,7,,,,,,,,
,,,,,46827,5.0,5,,,,,,,,
,,,,,46832,5.0,5,,,,,,,,
,,,,,46835,3.0,3,,,,,,,,
,,,,,46838,3.0,3,,,,,,,,
,,,,,46842,4.0,4,,,,,,,,
,,,,,46851,9.0,9,,,,,,,,
,,,,,46854,3.0,3,,,,,,,,
,,,,,46861,7.0,7,,,,,,,,
,,,,,46870,9.0,9,,,,,,,,
,,,,,46874,4.0,4,,,,,,,,
,,,,,46881,7.0,7,,,,,,,,
,,,,,46884,3.0,3,,,,,,,,
,,,,,46888,4.0,4,,,,,,,,
,,,,,46893,5.0,5,,,,,,,,
,,,,,46905,12.0,12,,,,,,,,
,,,,,46918,13.0,13,,,,,,,,
,,,,,46938,20.0,20,,,,,,,,
,,,,,46952,14.0,14,,,,,,,,
,,,,,46963,11.0,11,,,,,,,,
,,,,,46972,9.0,9,,,,,,,,
,,,,,46975,3.0,3,,,,,,,,
,,,,,46982,7.0,7,,,,,,,,
,,,,,46987,5.0,5,,,,,,,,
,,,,,46994,7.0,7,,,,,,,,
,,,,,47000,,,-0.06204474717378616,-0.6204474568367004,0.5474768877029419,3.3811569213867188,3.342777967453003,0.0003,0.0003,0.1
,,,,,47004,10.0,10,,,,,,,,
,,,,,47019,15.0,15,,,,,,,,
,,,,,47024,5.0,5,,,,,,,,
,,,,,47032,8.0,8,,,,,,,,
,,,,,47046,14.0,14,,,,,,,,
,,,,,47079,33.0,33,,,,,,,,
,,,,,47085,6.0,6,,,,,,,,
,,,,,47092,7.0,7,,,,,,,,
,,,,,47099,7.0,7,,,,,,,,
,,,,,47108,9.0,9,,,,,,,,
,,,,,47123,15.0,15,,,,,,,,
,,,,,47134,11.0,11,,,,,,,,
,,,,,47143,9.0,9,,,,,,,,
,,,,,47151,8.0,8,,,,,,,,
,,,,,47156,5.0,5,,,,,,,,
,,,,,47159,3.0,3,,,,,,,,
,,,,,47169,10.0,10,,,,,,,,
,,,,,47172,3.0,3,,,,,,,,
,,,,,47178,6.0,6,,,,,,,,
,,,,,47181,3.0,3,,,,,,,,
,,,,,47187,6.0,6,,,,,,,,
,,,,,47204,17.0,17,,,,,,,,
,,,,,47212,8.0,8,,,,,,,,
,,,,,47216,4.0,4,,,,,,,,
,,,,,47223,7.0,7,,,,,,,,
,,,,,47237,14.0,14,,,,,,,,
,,,,,47243,6.0,6,,,,,,,,
,,,,,47261,18.0,18,,,,,,,,
,,,,,47269,8.0,8,,,,,,,,
,,,,,47281,12.0,12,,,,,,,,
,,,,,47290,9.0,9,,,,,,,,
,,,,,47295,5.0,5,,,,,,,,
,,,,,47301,6.0,6,,,,,,,,
,,,,,47304,3.0,3,,,,,,,,
,,,,,47312,8.0,8,,,,,,,,
,,,,,47324,12.0,12,,,,,,,,
,,,,,47329,5.0,5,,,,,,,,
,,,,,47354,25.0,25,,,,,,,,
,,,,,47360,6.0,6,,,,,,,,
,,,,,47383,23.0,23,,,,,,,,
,,,,,47396,13.0,13,,,,,,,,
,,,,,47407,11.0,11,,,,,,,,
,,,,,47415,8.0,8,,,,,,,,
,,,,,47422,7.0,7,,,,,,,,
,,,,,47437,15.0,15,,,,,,,,
,,,,,47444,7.0,7,,,,,,,,
,,,,,47449,5.0,5,,,,,,,,
,,,,,47456,7.0,7,,,,,,,,
,,,,,47461,5.0,5,,,,,,,,
,,,,,47469,8.0,8,,,,,,,,
,,,,,47477,8.0,8,,,,,,,,
,,,,,47481,4.0,4,,,,,,,,
,,,,,47487,6.0,6,,,,,,,,
,,,,,47492,5.0,5,,,,,,,,
,,,,,47498,6.0,6,,,,,,,,
,,,,,47505,7.0,7,,,,,,,,
,,,,,47509,4.0,4,,,,,,,,
,,,,,47512,3.0,3,,,,,,,,
,,,,,47517,5.0,5,,,,,,,,
,,,,,47521,4.0,4,,,,,,,,
,,,,,47525,4.0,4,,,,,,,,
,,,,,47532,7.0,7,,,,,,,,
,,,,,47538,6.0,6,,,,,,,,
,,,,,47544,6.0,6,,,,,,,,
,,,,,47549,5.0,5,,,,,,,,
,,,,,47553,4.0,4,,,,,,,,
,,,,,47556,3.0,3,,,,,,,,
,,,,,47561,5.0,5,,,,,,,,
,,,,,47565,4.0,4,,,,,,,,
,,,,,47568,3.0,3,,,,,,,,
,,,,,47574,6.0,6,,,,,,,,
,,,,,47580,6.0,6,,,,,,,,
,,,,,47584,4.0,4,,,,,,,,
,,,,,47590,6.0,6,,,,,,,,
,,,,,47593,3.0,3,,,,,,,,
,,,,,47599,6.0,6,,,,,,,,
,,,,,47602,3.0,3,,,,,,,,
,,,,,47606,4.0,4,,,,,,,,
,,,,,47610,4.0,4,,,,,,,,
,,,,,47614,4.0,4,,,,,,,,
,,,,,47619,5.0,5,,,,,,,,
,,,,,47624,5.0,5,,,,,,,,
,,,,,47629,5.0,5,,,,,,,,
,,,,,47636,7.0,7,,,,,,,,
,,,,,47639,3.0,3,,,,,,,,
,,,,,47643,4.0,4,,,,,,,,
,,,,,47646,3.0,3,,,,,,,,
,,,,,47650,4.0,4,,,,,,,,
,,,,,47654,4.0,4,,,,,,,,
,,,,,47658,4.0,4,,,,,,,,
,,,,,47661,3.0,3,,,,,,,,
,,,,,47666,5.0,5,,,,,,,,
,,,,,47675,9.0,9,,,,,,,,
,,,,,47679,4.0,4,,,,,,,,
,,,,,47684,5.0,5,,,,,,,,
,,,,,47688,4.0,4,,,,,,,,
,,,,,47692,4.0,4,,,,,,,,
,,,,,47697,5.0,5,,,,,,,,
,,,,,47700,3.0,3,,,,,,,,
,,,,,47704,4.0,4,,,,,,,,
,,,,,47708,4.0,4,,,,,,,,
,,,,,47716,8.0,8,,,,,,,,
,,,,,47719,3.0,3,,,,,,,,
,,,,,47723,4.0,4,,,,,,,,
,,,,,47731,8.0,8,,,,,,,,
,,,,,47734,3.0,3,,,,,,,,
,,,,,47738,4.0,4,,,,,,,,
,,,,,47742,4.0,4,,,,,,,,
,,,,,47748,6.0,6,,,,,,,,
,,,,,47755,7.0,7,,,,,,,,
,,,,,47765,10.0,10,,,,,,,,
,,,,,47768,3.0,3,,,,,,,,
,,,,,47779,11.0,11,,,,,,,,
,,,,,47789,10.0,10,,,,,,,,
,,,,,47796,7.0,7,,,,,,,,
,,,,,47800,4.0,4,,,,,,,,
,,,,,47804,4.0,4,,,,,,,,
,,,,,47808,4.0,4,,,,,,,,
,,,,,47813,5.0,5,,,,,,,,
,,,,,47834,21.0,21,,,,,,,,
,,,,,47848,14.0,14,,,,,,,,
,,,,,47851,3.0,3,,,,,,,,
,,,,,47854,3.0,3,,,,,,,,
,,,,,47857,3.0,3,,,,,,,,
,,,,,47862,5.0,5,,,,,,,,
,,,,,47870,8.0,8,,,,,,,,
,,,,,47879,9.0,9,,,,,,,,
,,,,,47882,3.0,3,,,,,,,,
,,,,,47885,3.0,3,,,,,,,,
,,,,,47888,3.0,3,,,,,,,,
,,,,,47894,6.0,6,,,,,,,,
,,,,,47908,14.0,14,,,,,,,,
,,,,,47912,4.0,4,,,,,,,,
,,,,,47921,9.0,9,,,,,,,,
,,,,,47925,4.0,4,,,,,,,,
,,,,,47930,5.0,5,,,,,,,,
,,,,,47934,4.0,4,,,,,,,,
,,,,,47937,3.0,3,,,,,,,,
,,,,,47942,5.0,5,,,,,,,,
,,,,,47945,3.0,3,,,,,,,,
,,,,,47949,4.0,4,,,,,,,,
,,,,,47956,7.0,7,,,,,,,,
,,,,,47987,31.0,31,,,,,,,,
,,,,,47992,5.0,5,,,,,,,,
,,,,,47998,6.0,6,,,,,,,,
,,,,,48000,,,-0.07102344185113907,-0.7102344036102295,1.8508635759353638,3.784219741821289,3.6716456413269043,0.0003,0.0003,0.1
,,,,,48002,4.0,4,,,,,,,,
,,,,,48016,14.0,14,,,,,,,,
,,,,,48030,14.0,14,,,,,,,,
,,,,,48040,10.0,10,,,,,,,,
,,,,,48048,8.0,8,,,,,,,,
,,,,,48051,3.0,3,,,,,,,,
,,,,,48077,26.0,26,,,,,,,,
,,,,,48084,7.0,7,,,,,,,,
,,,,,48089,5.0,5,,,,,,,,
,,,,,48115,26.0,26,,,,,,,,
,,,,,48135,20.0,20,,,,,,,,
,,,,,48145,10.0,10,,,,,,,,
,,,,,48155,10.0,10,,,,,,,,
,,,,,48158,3.0,3,,,,,,,,
,,,,,48161,3.0,3,,,,,,,,
,,,,,48171,10.0,10,,,,,,,,
,,,,,48176,5.0,5,,,,,,,,
,,,,,48186,10.0,10,,,,,,,,
,,,,,48191,5.0,5,,,,,,,,
,,,,,48202,11.0,11,,,,,,,,
,,,,,48211,9.0,9,,,,,,,,
,,,,,48225,14.0,14,,,,,,,,
,,,,,48235,10.0,10,,,,,,,,
,,,,,48238,3.0,3,,,,,,,,
,,,,,48242,4.0,4,,,,,,,,
,,,,,48247,5.0,5,,,,,,,,
,,,,,48265,18.0,18,,,,,,,,
,,,,,48271,6.0,6,,,,,,,,
,,,,,48283,12.0,12,,,,,,,,
,,,,,48304,21.0,21,,,,,,,,
,,,,,48307,3.0,3,,,,,,,,
,,,,,48312,5.0,5,,,,,,,,
,,,,,48319,7.0,7,,,,,,,,
,,,,,48338,19.0,19,,,,,,,,
,,,,,48341,3.0,3,,,,,,,,
,,,,,48344,3.0,3,,,,,,,,
,,,,,48372,28.0,28,,,,,,,,
,,,,,48379,7.0,7,,,,,,,,
,,,,,48385,6.0,6,,,,,,,,
,,,,,48394,9.0,9,,,,,,,,
,,,,,48400,6.0,6,,,,,,,,
,,,,,48405,5.0,5,,,,,,,,
,,,,,48421,16.0,16,,,,,,,,
,,,,,48424,3.0,3,,,,,,,,
,,,,,48435,11.0,11,,,,,,,,
,,,,,48453,18.0,18,,,,,,,,
,,,,,48461,8.0,8,,,,,,,,
,,,,,48464,3.0,3,,,,,,,,
,,,,,48490,26.0,26,,,,,,,,
,,,,,48497,7.0,7,,,,,,,,
,,,,,48501,4.0,4,,,,,,,,
,,,,,48504,3.0,3,,,,,,,,
,,,,,48519,15.0,15,,,,,,,,
,,,,,48536,17.0,17,,,,,,,,
,,,,,48539,3.0,3,,,,,,,,
,,,,,48550,11.0,11,,,,,,,,
,,,,,48560,10.0,10,,,,,,,,
,,,,,48563,3.0,3,,,,,,,,
,,,,,48568,5.0,5,,,,,,,,
,,,,,48577,9.0,9,,,,,,,,
,,,,,48589,12.0,12,,,,,,,,
,,,,,48604,15.0,15,,,,,,,,
,,,,,48617,13.0,13,,,,,,,,
,,,,,48622,5.0,5,,,,,,,,
,,,,,48628,6.0,6,,,,,,,,
,,,,,48631,3.0,3,,,,,,,,
,,,,,48639,8.0,8,,,,,,,,
,,,,,48642,3.0,3,,,,,,,,
,,,,,48647,5.0,5,,,,,,,,
,,,,,48652,5.0,5,,,,,,,,
,,,,,48656,4.0,4,,,,,,,,
,,,,,48659,3.0,3,,,,,,,,
,,,,,48669,10.0,10,,,,,,,,
,,,,,48679,10.0,10,,,,,,,,
,,,,,48703,24.0,24,,,,,,,,
,,,,,48715,12.0,12,,,,,,,,
,,,,,48725,10.0,10,,,,,,,,
,,,,,48730,5.0,5,,,,,,,,
,,,,,48748,18.0,18,,,,,,,,
,,,,,48752,4.0,4,,,,,,,,
,,,,,48756,4.0,4,,,,,,,,
,,,,,48760,4.0,4,,,,,,,,
,,,,,48764,4.0,4,,,,,,,,
,,,,,48806,42.0,42,,,,,,,,
,,,,,48824,18.0,18,,,,,,,,
,,,,,48833,9.0,9,,,,,,,,
,,,,,48838,5.0,5,,,,,,,,
,,,,,48847,9.0,9,,,,,,,,
,,,,,48852,5.0,5,,,,,,,,
,,,,,48863,11.0,11,,,,,,,,
,,,,,48867,4.0,4,,,,,,,,
,,,,,48870,3.0,3,,,,,,,,
,,,,,48875,5.0,5,,,,,,,,
,,,,,48891,16.0,16,,,,,,,,
,,,,,48894,3.0,3,,,,,,,,
,,,,,48900,6.0,6,,,,,,,,
,,,,,48905,5.0,5,,,,,,,,
,,,,,48910,5.0,5,,,,,,,,
,,,,,48917,7.0,7,,,,,,,,
,,,,,48927,10.0,10,,,,,,,,
,,,,,48934,7.0,7,,,,,,,,
,,,,,48940,6.0,6,,,,,,,,
,,,,,48945,5.0,5,,,,,,,,
,,,,,48955,10.0,10,,,,,,,,
,,,,,48959,4.0,4,,,,,,,,
,,,,,48975,16.0,16,,,,,,,,
,,,,,48982,7.0,7,,,,,,,,
,,,,,48987,5.0,5,,,,,,,,
,,,,,48991,4.0,4,,,,,,,,
,,,,,48996,5.0,5,,,,,,,,
,,,,,48999,3.0,3,,,,,,,,
,,,,,49000,,,-0.14756155014038086,-1.4756155014038086,1.2153704166412354,4.17018985748291,4.268784523010254,0.0003,0.0003,0.1
,,,,,49007,8.0,8,,,,,,,,
,,,,,49017,10.0,10,,,,,,,,
,,,,,49028,11.0,11,,,,,,,,
,,,,,49032,4.0,4,,,,,,,,
,,,,,49038,6.0,6,,,,,,,,
,,,,,49051,13.0,13,,,,,,,,
,,,,,49056,5.0,5,,,,,,,,
,,,,,49059,3.0,3,,,,,,,,
,,,,,49063,4.0,4,,,,,,,,
,,,,,49067,4.0,4,,,,,,,,
,,,,,49074,7.0,7,,,,,,,,
,,,,,49086,12.0,12,,,,,,,,
,,,,,49091,5.0,5,,,,,,,,
,,,,,49097,6.0,6,,,,,,,,
,,,,,49103,6.0,6,,,,,,,,
,,,,,49110,7.0,7,,,,,,,,
,,,,,49117,7.0,7,,,,,,,,
,,,,,49122,5.0,5,,,,,,,,
,,,,,49126,4.0,4,,,,,,,,
,,,,,49136,10.0,10,,,,,,,,
,,,,,49148,12.0,12,,,,,,,,
,,,,,49152,4.0,4,,,,,,,,
,,,,,49157,5.0,5,,,,,,,,
,,,,,49188,31.0,31,,,,,,,,
,,,,,49199,11.0,11,,,,,,,,
,,,,,49205,6.0,6,,,,,,,,
,,,,,49209,4.0,4,,,,,,,,
,,,,,49223,14.0,14,,,,,,,,
,,,,,49226,3.0,3,,,,,,,,
,,,,,49234,8.0,8,,,,,,,,
,,,,,49245,11.0,11,,,,,,,,
,,,,,49255,10.0,10,,,,,,,,
,,,,,49267,12.0,12,,,,,,,,
,,,,,49276,9.0,9,,,,,,,,
,,,,,49285,9.0,9,,,,,,,,
,,,,,49290,5.0,5,,,,,,,,
,,,,,49297,7.0,7,,,,,,,,
,,,,,49300,3.0,3,,,,,,,,
,,,,,49304,4.0,4,,,,,,,,
,,,,,49313,9.0,9,,,,,,,,
,,,,,49316,3.0,3,,,,,,,,
,,,,,49326,10.0,10,,,,,,,,
,,,,,49329,3.0,3,,,,,,,,
,,,,,49338,9.0,9,,,,,,,,
,,,,,49342,4.0,4,,,,,,,,
,,,,,49350,8.0,8,,,,,,,,
,,,,,49355,5.0,5,,,,,,,,
,,,,,49372,17.0,17,,,,,,,,
,,,,,49381,9.0,9,,,,,,,,
,,,,,49394,13.0,13,,,,,,,,
,,,,,49397,3.0,3,,,,,,,,
,,,,,49402,5.0,5,,,,,,,,
,,,,,49413,11.0,11,,,,,,,,
,,,,,49416,3.0,3,,,,,,,,
,,,,,49428,12.0,12,,,,,,,,
,,,,,49431,3.0,3,,,,,,,,
,,,,,49436,5.0,5,,,,,,,,
,,,,,49449,13.0,13,,,,,,,,
,,,,,49457,8.0,8,,,,,,,,
,,,,,49462,5.0,5,,,,,,,,
,,,,,49466,4.0,4,,,,,,,,
,,,,,49469,3.0,3,,,,,,,,
,,,,,49477,8.0,8,,,,,,,,
,,,,,49487,10.0,10,,,,,,,,
,,,,,49503,16.0,16,,,,,,,,
,,,,,49512,9.0,9,,,,,,,,
,,,,,49517,5.0,5,,,,,,,,
,,,,,49523,6.0,6,,,,,,,,
,,,,,49530,7.0,7,,,,,,,,
,,,,,49535,5.0,5,,,,,,,,
,,,,,49540,5.0,5,,,,,,,,
,,,,,49544,4.0,4,,,,,,,,
,,,,,49549,5.0,5,,,,,,,,
,,,,,49557,8.0,8,,,,,,,,
,,,,,49560,3.0,3,,,,,,,,
,,,,,49563,3.0,3,,,,,,,,
,,,,,49574,11.0,11,,,,,,,,
,,,,,49588,14.0,14,,,,,,,,
,,,,,49595,7.0,7,,,,,,,,
,,,,,49605,10.0,10,,,,,,,,
,,,,,49611,6.0,6,,,,,,,,
,,,,,49622,11.0,11,,,,,,,,
,,,,,49633,11.0,11,,,,,,,,
,,,,,49636,3.0,3,,,,,,,,
,,,,,49639,3.0,3,,,,,,,,
,,,,,49643,4.0,4,,,,,,,,
,,,,,49652,9.0,9,,,,,,,,
,,,,,49663,11.0,11,,,,,,,,
,,,,,49674,11.0,11,,,,,,,,
,,,,,49680,6.0,6,,,,,,,,
,,,,,49687,7.0,7,,,,,,,,
,,,,,49693,6.0,6,,,,,,,,
,,,,,49696,3.0,3,,,,,,,,
,,,,,49705,9.0,9,,,,,,,,
,,,,,49713,8.0,8,,,,,,,,
,,,,,49730,17.0,17,,,,,,,,
,,,,,49733,3.0,3,,,,,,,,
,,,,,49746,13.0,13,,,,,,,,
,,,,,49749,3.0,3,,,,,,,,
,,,,,49756,7.0,7,,,,,,,,
,,,,,49760,4.0,4,,,,,,,,
,,,,,49765,5.0,5,,,,,,,,
,,,,,49770,5.0,5,,,,,,,,
,,,,,49775,5.0,5,,,,,,,,
,,,,,49778,3.0,3,,,,,,,,
,,,,,49785,7.0,7,,,,,,,,
,,,,,49804,19.0,19,,,,,,,,
,,,,,49807,3.0,3,,,,,,,,
,,,,,49810,3.0,3,,,,,,,,
,,,,,49817,7.0,7,,,,,,,,
,,,,,49825,8.0,8,,,,,,,,
,,,,,49828,3.0,3,,,,,,,,
,,,,,49832,4.0,4,,,,,,,,
,,,,,49846,14.0,14,,,,,,,,
,,,,,49852,6.0,6,,,,,,,,
,,,,,49858,6.0,6,,,,,,,,
,,,,,49861,3.0,3,,,,,,,,
,,,,,49866,5.0,5,,,,,,,,
,,,,,49877,11.0,11,,,,,,,,
,,,,,49889,12.0,12,,,,,,,,
,,,,,49896,7.0,7,,,,,,,,
,,,,,49903,7.0,7,,,,,,,,
,,,,,49906,3.0,3,,,,,,,,
,,,,,49909,3.0,3,,,,,,,,
,,,,,49920,11.0,11,,,,,,,,
,,,,,49923,3.0,3,,,,,,,,
,,,,,49926,3.0,3,,,,,,,,
,,,,,49933,7.0,7,,,,,,,,
,,,,,49943,10.0,10,,,,,,,,
,,,,,49948,5.0,5,,,,,,,,
,,,,,49951,3.0,3,,,,,,,,
,,,,,49959,8.0,8,,,,,,,,
,,,,,49964,5.0,5,,,,,,,,
,,,,,49977,13.0,13,,,,,,,,
,,,,,49982,5.0,5,,,,,,,,
,,,,,49986,4.0,4,,,,,,,,
,,,,,49991,5.0,5,,,,,,,,
,,,,,49999,8.0,8,,,,,,,,
